Frequency														
2000														
														
Frame	Sub-Frame	Fx	Fy	Fz	Mx	My	Mz	Cx	Cy	Cz	RF	BF	TA	LG
		N	N	N	N.mm	N.mm	N.mm	mm	mm	mm	V	V	V	V
1	0	0	0	0	0	0	0	232	254	0	-2.21E-05	3.75E-06	-1.37E-05	-1.69E-05
1	1	0	0	0	0	0	0	232	254	0	-2.09E-05	2.63E-06	-9.85E-06	-1.09E-05
1	2	0	0	0	0	0	0	232	254	0	-2.09E-05	2.63E-06	-9.85E-06	-1.09E-05
1	3	0	0	0	0	0	0	232	254	0	-2.03E-05	6.55E-08	-7.04E-06	-2.85E-06
1	4	0	0	0	0	0	0	232	254	0	-1.95E-05	8.53E-07	-6.05E-06	-1.03E-05
1	5	0	0	0	0	0	0	232	254	0	-1.95E-05	8.53E-07	-6.05E-06	-1.03E-05
1	6	0	0	0	0	0	0	232	254	0	-2.07E-05	3.15E-06	-7.00E-06	-1.49E-05
1	7	0	0	0	0	0	0	232	254	0	-2.07E-05	3.15E-06	-7.00E-06	-1.49E-05
1	8	0	0	0	0	0	0	232	254	0	-2.02E-05	2.64E-06	-5.45E-06	-1.10E-05
1	9	0	0	0	0	0	0	232	254	0	-2.02E-05	2.64E-06	-5.45E-06	-1.10E-05
1	10	0	0	0	0	0	0	232	254	0	-1.95E-05	1.13E-06	-5.15E-06	-8.52E-06
1	11	0	0	0	0	0	0	232	254	0	-1.95E-05	1.13E-06	-5.15E-06	-8.52E-06
1	12	0	0	0	0	0	0	232	254	0	-1.87E-05	1.23E-06	-7.31E-06	-8.31E-06
1	13	0	0	0	0	0	0	232	254	0	-1.89E-05	4.08E-06	-8.74E-06	-9.38E-06
1	14	0	0	0	0	0	0	232	254	0	-1.89E-05	4.08E-06	-8.74E-06	-9.38E-06
1	15	0	0	0	0	0	0	232	254	0	-1.83E-05	6.00E-06	-6.24E-06	-1.27E-05
1	16	0	0	0	0	0	0	232	254	0	-1.83E-05	6.00E-06	-6.24E-06	-1.27E-05
1	17	0	0	0	0	0	0	232	254	0	-1.86E-05	8.76E-06	-4.41E-06	-1.30E-05
1	18	0	0	0	0	0	0	232	254	0	-1.86E-05	8.76E-06	-4.41E-06	-1.30E-05
1	19	0	0	0	0	0	0	232	254	0	-1.99E-05	6.34E-06	-6.09E-06	-1.18E-05
2	0	0	0	0	0	0	0	232	254	0	-1.99E-05	6.34E-06	-6.09E-06	-1.18E-05
2	1	0	0	0	0	0	0	232	254	0	-2.06E-05	3.86E-06	-7.64E-06	-1.29E-05
2	2	0	0	0	0	0	0	232	254	0	-2.01E-05	3.95E-06	-8.31E-06	-1.21E-05
2	3	0	0	0	0	0	0	232	254	0	-2.01E-05	3.95E-06	-8.31E-06	-1.21E-05
2	4	0	0	0	0	0	0	232	254	0	-2.07E-05	4.44E-06	-8.94E-06	-1.05E-05
2	5	0	0	0	0	0	0	232	254	0	-2.07E-05	4.44E-06	-8.94E-06	-1.05E-05
2	6	0	0	0	0	0	0	232	254	0	-2.11E-05	3.82E-06	-9.28E-06	-1.25E-05
2	7	0	0	0	0	0	0	232	254	0	-2.11E-05	3.82E-06	-9.28E-06	-1.25E-05
2	8	0	0	0	0	0	0	232	254	0	-2.21E-05	3.61E-06	-9.48E-06	-1.32E-05
2	9	0	0	0	0	0	0	232	254	0	-2.21E-05	3.61E-06	-9.48E-06	-1.32E-05
2	10	0	0	0	0	0	0	232	254	0	-2.30E-05	4.15E-06	-8.72E-06	-1.25E-05
2	11	0	0	0	0	0	0	232	254	0	-2.31E-05	3.95E-06	-7.68E-06	-1.18E-05
2	12	0	0	0	0	0	0	232	254	0	-2.31E-05	3.95E-06	-7.68E-06	-1.18E-05
2	13	0	0	0	0	0	0	232	254	0	-2.15E-05	4.66E-06	-8.82E-06	-1.09E-05
2	14	0	0	0	0	0	0	232	254	0	-2.15E-05	4.66E-06	-8.82E-06	-1.09E-05
2	15	0	0	0	0	0	0	232	254	0	-2.29E-05	5.41E-06	-1.11E-05	-1.11E-05
2	16	0	0	0	0	0	0	232	254	0	-2.29E-05	5.41E-06	-1.11E-05	-1.11E-05
2	17	0	0	0	0	0	0	232	254	0	-2.22E-05	4.44E-06	-1.39E-05	-1.24E-05
2	18	0	0	0	0	0	0	232	254	0	-2.22E-05	4.44E-06	-1.39E-05	-1.24E-05
2	19	0	0	0	0	0	0	232	254	0	-2.12E-05	3.99E-06	-9.88E-06	-1.30E-05
3	0	0	0	0	0	0	0	232	254	0	-2.04E-05	5.09E-06	-5.42E-06	-1.13E-05
3	1	0	0	0	0	0	0	232	254	0	-2.04E-05	5.09E-06	-5.42E-06	-1.13E-05
3	2	0	0	0	0	0	0	232	254	0	-2.14E-05	6.46E-06	-6.88E-06	-9.74E-06
3	3	0	0	0	0	0	0	232	254	0	-2.14E-05	6.46E-06	-6.88E-06	-9.74E-06
3	4	0	0	0	0	0	0	232	254	0	-2.13E-05	5.87E-06	-6.86E-06	-1.13E-05
3	5	0	0	0	0	0	0	232	254	0	-2.13E-05	5.87E-06	-6.86E-06	-1.13E-05
3	6	0	0	0	0	0	0	232	254	0	-1.91E-05	5.96E-06	-6.91E-06	-1.33E-05
3	7	0	0	0	0	0	0	232	254	0	-1.91E-05	5.96E-06	-6.91E-06	-1.33E-05
3	8	0	0	0	0	0	0	232	254	0	-1.93E-05	6.46E-06	-8.31E-06	-1.12E-05
3	9	0	0	0	0	0	0	232	254	0	-2.05E-05	5.87E-06	-9.09E-06	-1.09E-05
3	10	0	0	0	0	0	0	232	254	0	-2.05E-05	5.87E-06	-9.09E-06	-1.09E-05
3	11	0	0	0	0	0	0	232	254	0	-2.18E-05	5.66E-06	-1.03E-05	-1.09E-05
3	12	0	0	0	0	0	0	232	254	0	-2.18E-05	5.66E-06	-1.03E-05	-1.09E-05
3	13	0	0	0	0	0	0	232	254	0	-2.11E-05	4.04E-06	-9.06E-06	-1.07E-05
3	14	0	0	0	0	0	0	232	254	0	-2.11E-05	4.04E-06	-9.06E-06	-1.07E-05
3	15	0	0	0	0	0	0	232	254	0	-1.96E-05	3.00E-06	-8.02E-06	-1.21E-05
3	16	0	0	0	0	0	0	232	254	0	-1.96E-05	3.00E-06	-8.02E-06	-1.21E-05
3	17	0	0	0	0	0	0	232	254	0	-1.91E-05	2.81E-06	-8.81E-06	-1.33E-05
3	18	0	0	0	0	0	0	232	254	0	-1.97E-05	2.69E-06	-8.25E-06	-1.39E-05
3	19	0	0	0	0	0	0	232	254	0	-1.97E-05	2.69E-06	-8.25E-06	-1.39E-05
4	0	0	0	0	0	0	0	232	254	0	-1.99E-05	3.95E-06	-9.49E-06	-1.60E-05
4	1	0	0	0	0	0	0	232	254	0	-1.99E-05	3.95E-06	-9.49E-06	-1.60E-05
4	2	0	0	0	0	0	0	232	254	0	-1.93E-05	4.62E-06	-1.68E-05	-1.49E-05
4	3	0	0	0	0	0	0	232	254	0	-1.93E-05	4.62E-06	-1.68E-05	-1.49E-05
4	4	0	0	0	0	0	0	232	254	0	-1.90E-05	4.90E-06	-1.64E-05	-1.38E-05
4	5	0	0	0	0	0	0	232	254	0	-1.90E-05	4.90E-06	-1.64E-05	-1.38E-05
4	6	0	0	0	0	0	0	232	254	0	-1.82E-05	2.55E-06	-1.23E-05	-1.52E-05
4	7	0	0	0	0	0	0	232	254	0	-2.03E-05	6.57E-07	-8.62E-06	-1.43E-05
4	8	0	0	0	0	0	0	232	254	0	-2.03E-05	6.57E-07	-8.62E-06	-1.43E-05
4	9	0	0	0	0	0	0	232	254	0	-2.26E-05	1.94E-06	-1.16E-05	-1.22E-05
4	10	0	0	0	0	0	0	232	254	0	-2.26E-05	1.94E-06	-1.16E-05	-1.22E-05
4	11	0	0	0	0	0	0	232	254	0	-2.22E-05	3.63E-06	-1.35E-05	-1.27E-05
4	12	0	0	0	0	0	0	232	254	0	-2.22E-05	3.63E-06	-1.35E-05	-1.27E-05
4	13	0	0	0	0	0	0	232	254	0	-2.13E-05	3.08E-06	-1.10E-05	-1.21E-05
4	14	0	0	0	0	0	0	232	254	0	-2.13E-05	3.08E-06	-1.10E-05	-1.21E-05
4	15	0	0	0	0	0	0	232	254	0	-2.11E-05	1.93E-06	-4.66E-06	-1.13E-05
4	16	0	0	0	0	0	0	232	254	0	-2.16E-05	-6.64E-07	-4.84E-06	-1.39E-05
4	17	0	0	0	0	0	0	232	254	0	-2.16E-05	-6.64E-07	-4.84E-06	-1.39E-05
4	18	0	0	0	0	0	0	232	254	0	-2.13E-05	9.41E-07	1.06E-06	-1.42E-05
4	19	0	0	0	0	0	0	232	254	0	-2.13E-05	9.41E-07	1.06E-06	-1.42E-05
5	0	0	0	0	0	0	0	232	254	0	-2.15E-05	3.95E-06	8.40E-06	-1.23E-05
5	1	0	0	0	0	0	0	232	254	0	-2.15E-05	3.95E-06	8.40E-06	-1.23E-05
5	2	0	0	0	0	0	0	232	254	0	-2.18E-05	4.44E-06	1.93E-06	-1.26E-05
5	3	0	0	0	0	0	0	232	254	0	-2.18E-05	4.44E-06	1.93E-06	-1.26E-05
5	4	0	0	0	0	0	0	232	254	0	-2.29E-05	4.04E-06	-4.24E-06	-1.24E-05
5	5	0	0	0	0	0	0	232	254	0	-2.19E-05	5.51E-06	-4.31E-06	-1.22E-05
5	6	0	0	0	0	0	0	232	254	0	-2.19E-05	5.51E-06	-4.31E-06	-1.22E-05
5	7	0	0	0	0	0	0	232	254	0	-2.15E-05	7.58E-06	-2.53E-06	-1.32E-05
5	8	0	0	0	0	0	0	232	254	0	-2.15E-05	7.58E-06	-2.53E-06	-1.32E-05
5	9	0	0	0	0	0	0	232	254	0	-2.02E-05	7.55E-06	-1.21E-06	-1.51E-05
5	10	0	0	0	0	0	0	232	254	0	-2.02E-05	7.55E-06	-1.21E-06	-1.51E-05
5	11	0	0	0	0	0	0	232	254	0	-1.95E-05	6.38E-06	-8.06E-06	-1.47E-05
5	12	0	0	0	0	0	0	232	254	0	-1.95E-05	6.38E-06	-8.06E-06	-1.47E-05
5	13	0	0	0	0	0	0	232	254	0	-2.11E-05	6.44E-06	-1.45E-05	-1.32E-05
5	14	0	0	0	0	0	0	232	254	0	-2.18E-05	6.93E-06	-1.29E-05	-1.42E-05
5	15	0	0	0	0	0	0	232	254	0	-2.18E-05	6.93E-06	-1.29E-05	-1.42E-05
5	16	0	0	0	0	0	0	232	254	0	-2.27E-05	7.35E-06	-1.17E-05	-1.35E-05
5	17	0	0	0	0	0	0	232	254	0	-2.27E-05	7.35E-06	-1.17E-05	-1.35E-05
5	18	0	0	0	0	0	0	232	254	0	-2.33E-05	8.05E-06	-2.26E-06	-1.32E-05
5	19	0	0	0	0	0	0	232	254	0	-2.33E-05	8.05E-06	-2.26E-06	-1.32E-05
6	0	0	0	0	0	0	0	232	254	0	-2.32E-05	6.77E-06	8.85E-06	-1.39E-05
6	1	0	0	0	0	0	0	232	254	0	-2.32E-05	6.77E-06	8.85E-06	-1.39E-05
6	2	0	0	0	0	0	0	232	254	0	-2.38E-05	5.93E-06	9.90E-06	-1.38E-05
6	3	0	0	0	0	0	0	232	254	0	-2.40E-05	5.09E-06	-4.68E-06	-1.50E-05
6	4	0	0	0	0	0	0	232	254	0	-2.40E-05	5.09E-06	-4.68E-06	-1.50E-05
6	5	0	0	0	0	0	0	232	254	0	-2.15E-05	4.56E-06	-1.20E-05	-1.58E-05
6	6	0	0	0	0	0	0	232	254	0	-2.15E-05	4.56E-06	-1.20E-05	-1.58E-05
6	7	0	0	0	0	0	0	232	254	0	-2.07E-05	5.66E-06	-1.07E-05	-1.70E-05
6	8	0	0	0	0	0	0	232	254	0	-2.07E-05	5.66E-06	-1.07E-05	-1.70E-05
6	9	0	0	0	0	0	0	232	254	0	-2.08E-05	3.98E-06	-1.96E-05	-1.74E-05
6	10	0	0	0	0	0	0	232	254	0	-2.08E-05	3.98E-06	-1.96E-05	-1.74E-05
6	11	0	0	0	0	0	0	232	254	0	-2.06E-05	2.47E-06	-3.26E-05	-1.55E-05
6	12	0	0	0	0	0	0	232	254	0	-2.04E-05	2.12E-06	-4.53E-05	-1.35E-05
6	13	0	0	0	0	0	0	232	254	0	-2.04E-05	2.12E-06	-4.53E-05	-1.35E-05
6	14	0	0	0	0	0	0	232	254	0	-2.08E-05	1.74E-06	-2.99E-05	-1.27E-05
6	15	0	0	0	0	0	0	232	254	0	-2.08E-05	1.74E-06	-2.99E-05	-1.27E-05
6	16	0	0	0	0	0	0	232	254	0	-2.16E-05	2.05E-06	-1.07E-05	-1.04E-05
6	17	0	0	0	0	0	0	232	254	0	-2.16E-05	2.05E-06	-1.07E-05	-1.04E-05
6	18	0	0	0	0	0	0	232	254	0	-2.10E-05	1.22E-06	-1.74E-05	-6.68E-06
6	19	0	0	0	0	0	0	232	254	0	-2.10E-05	1.22E-06	-1.74E-05	-6.68E-06
7	0	0	0	0	0	0	0	232	254	0	-2.11E-05	1.93E-06	-8.64E-06	-4.57E-06
7	1	0	0	0	0	0	0	232	254	0	-2.19E-05	5.12E-06	7.79E-06	-7.77E-06
7	2	0	0	0	0	0	0	232	254	0	-2.19E-05	5.12E-06	7.79E-06	-7.77E-06
7	3	0	0	0	0	0	0	232	254	0	-2.11E-05	7.89E-06	-7.45E-07	-1.31E-05
7	4	0	0	0	0	0	0	232	254	0	-2.11E-05	7.89E-06	-7.45E-07	-1.31E-05
7	5	0	0	0	0	0	0	232	254	0	-1.92E-05	7.67E-06	-1.48E-05	-1.62E-05
7	6	0	0	0	0	0	0	232	254	0	-1.92E-05	7.67E-06	-1.48E-05	-1.62E-05
7	7	0	0	0	0	0	0	232	254	0	-1.89E-05	6.25E-06	-6.23E-06	-1.56E-05
7	8	0	0	0	0	0	0	232	254	0	-1.89E-05	6.25E-06	-6.23E-06	-1.56E-05
7	9	0	0	0	0	0	0	232	254	0	-2.09E-05	6.55E-06	7.25E-06	-1.27E-05
7	10	0	0	0	0	0	0	232	254	0	-2.03E-05	6.55E-06	9.83E-06	-1.14E-05
7	11	0	0	0	0	0	0	232	254	0	-2.03E-05	6.55E-06	9.83E-06	-1.14E-05
7	12	0	0	0	0	0	0	232	254	0	-2.04E-05	6.15E-06	1.75E-05	-1.03E-05
7	13	0	0	0	0	0	0	232	254	0	-2.04E-05	6.15E-06	1.75E-05	-1.03E-05
7	14	0	0	0	0	0	0	232	254	0	-2.06E-05	3.35E-06	9.89E-06	-8.93E-06
7	15	0	0	0	0	0	0	232	254	0	-2.06E-05	3.35E-06	9.89E-06	-8.93E-06
7	16	0	0	0	0	0	0	232	254	0	-2.06E-05	2.25E-06	-6.44E-06	-6.93E-06
7	17	0	0	0	0	0	0	232	254	0	-2.06E-05	2.25E-06	-6.44E-06	-6.93E-06
7	18	0	0	0	0	0	0	232	254	0	-2.02E-05	2.73E-06	-7.81E-06	-7.39E-06
7	19	0	0	0	0	0	0	232	254	0	-2.19E-05	3.11E-06	8.24E-06	-8.63E-06
8	0	0	0	0	0	0	0	232	254	0	-2.19E-05	3.11E-06	8.24E-06	-8.63E-06
8	1	0	0	0	0	0	0	232	254	0	-2.16E-05	3.71E-06	4.50E-06	-9.26E-06
8	2	0	0	0	0	0	0	232	254	0	-2.16E-05	3.71E-06	4.50E-06	-9.26E-06
8	3	0	0	0	0	0	0	232	254	0	-2.21E-05	4.04E-06	-1.74E-05	-1.10E-05
8	4	0	0	0	0	0	0	232	254	0	-2.21E-05	4.04E-06	-1.74E-05	-1.10E-05
8	5	0	0	0	0	0	0	232	254	0	-2.27E-05	5.12E-06	-4.36E-05	-1.36E-05
8	6	0	0	0	0	0	0	232	254	0	-2.27E-05	5.12E-06	-4.36E-05	-1.36E-05
8	7	0	0	0	0	0	0	232	254	0	-2.33E-05	4.27E-06	-4.46E-05	-1.41E-05
8	8	0	0	0	0	0	0	232	254	0	-2.31E-05	2.47E-06	-2.84E-05	-1.65E-05
8	9	0	0	0	0	0	0	232	254	0	-2.31E-05	2.47E-06	-2.84E-05	-1.65E-05
8	10	0	0	0	0	0	0	232	254	0	-2.17E-05	2.23E-06	-2.11E-05	-1.69E-05
8	11	0	0	0	0	0	0	232	254	0	-2.17E-05	2.23E-06	-2.11E-05	-1.69E-05
8	12	0	0	0	0	0	0	232	254	0	-2.19E-05	2.61E-06	-1.48E-05	-1.61E-05
8	13	0	0	0	0	0	0	232	254	0	-2.19E-05	2.61E-06	-1.48E-05	-1.61E-05
8	14	0	0	0	0	0	0	232	254	0	-2.04E-05	3.47E-06	-1.14E-05	-1.36E-05
8	15	0	0	0	0	0	0	232	254	0	-2.04E-05	3.47E-06	-1.14E-05	-1.36E-05
8	16	0	0	0	0	0	0	232	254	0	-2.08E-05	5.31E-06	-8.87E-06	-1.25E-05
8	17	0	0	0	0	0	0	232	254	0	-2.14E-05	4.82E-06	-7.25E-06	-1.40E-05
8	18	0	0	0	0	0	0	232	254	0	-2.14E-05	4.82E-06	-7.25E-06	-1.40E-05
8	19	0	0	0	0	0	0	232	254	0	-2.06E-05	4.40E-06	-5.33E-06	-1.44E-05
9	0	0	0	0	0	0	0	232	254	0	-2.06E-05	4.40E-06	-5.33E-06	-1.44E-05
9	1	0	0	0	0	0	0	232	254	0	-2.04E-05	3.39E-06	-8.31E-06	-1.49E-05
9	2	0	0	0	0	0	0	232	254	0	-2.04E-05	3.39E-06	-8.31E-06	-1.49E-05
9	3	0	0	0	0	0	0	232	254	0	-2.06E-05	2.69E-06	-2.25E-05	-1.38E-05
9	4	0	0	0	0	0	0	232	254	0	-2.06E-05	2.69E-06	-2.25E-05	-1.38E-05
9	5	0	0	0	0	0	0	232	254	0	-2.06E-05	3.77E-06	-2.19E-05	-1.41E-05
9	6	0	0	0	0	0	0	232	254	0	-2.04E-05	3.19E-06	-1.15E-05	-1.31E-05
9	7	0	0	0	0	0	0	232	254	0	-2.04E-05	3.19E-06	-1.15E-05	-1.31E-05
9	8	0	0	0	0	0	0	232	254	0	-2.05E-05	3.50E-06	-1.35E-05	-1.26E-05
9	9	0	0	0	0	0	0	232	254	0	-2.05E-05	3.50E-06	-1.35E-05	-1.26E-05
9	10	0	0	0	0	0	0	232	254	0	-1.93E-05	5.32E-06	-1.30E-05	-1.43E-05
9	11	0	0	0	0	0	0	232	254	0	-1.93E-05	5.32E-06	-1.30E-05	-1.43E-05
9	12	0	0	0	0	0	0	232	254	0	-1.90E-05	3.64E-06	-8.05E-06	-1.23E-05
9	13	0	0	0	0	0	0	232	254	0	-1.90E-05	3.64E-06	-8.05E-06	-1.23E-05
9	14	0	0	0	0	0	0	232	254	0	-1.92E-05	2.31E-06	-6.88E-06	-1.25E-05
9	15	0	0	0	0	0	0	232	254	0	-2.08E-05	2.79E-06	-7.10E-06	-1.38E-05
9	16	0	0	0	0	0	0	232	254	0	-2.08E-05	2.79E-06	-7.10E-06	-1.38E-05
9	17	0	0	0	0	0	0	232	254	0	-1.99E-05	1.24E-07	-9.22E-06	-1.27E-05
9	18	0	0	0	0	0	0	232	254	0	-1.99E-05	1.24E-07	-9.22E-06	-1.27E-05
9	19	0	0	0	0	0	0	232	254	0	-1.98E-05	-3.64E-08	-1.37E-05	-1.22E-05
10	0	0	0	0	0	0	0	232	254	0	-1.98E-05	-3.64E-08	-1.37E-05	-1.22E-05
10	1	0	0	0	0	0	0	232	254	0	-2.11E-05	9.49E-07	-1.43E-05	-1.17E-05
10	2	0	0	0	0	0	0	232	254	0	-2.11E-05	9.49E-07	-1.43E-05	-1.17E-05
10	3	0	0	0	0	0	0	232	254	0	-2.15E-05	1.83E-06	-1.19E-05	-1.06E-05
10	4	0	0	0	0	0	0	232	254	0	-2.06E-05	2.85E-06	-9.60E-06	-1.14E-05
10	5	0	0	0	0	0	0	232	254	0	-2.06E-05	2.85E-06	-9.60E-06	-1.14E-05
10	6	0	0	0	0	0	0	232	254	0	-2.00E-05	2.77E-06	-7.14E-06	-1.03E-05
10	7	0	0	0	0	0	0	232	254	0	-2.00E-05	2.77E-06	-7.14E-06	-1.03E-05
10	8	0	0	0	0	0	0	232	254	0	-1.99E-05	2.31E-06	-4.12E-06	-1.06E-05
10	9	0	0	0	0	0	0	232	254	0	-1.99E-05	2.31E-06	-4.12E-06	-1.06E-05
10	10	0	0	0	0	0	0	232	254	0	-1.96E-05	3.10E-06	-2.19E-06	-1.20E-05
10	11	0	0	0	0	0	0	232	254	0	-1.96E-05	3.10E-06	-2.19E-06	-1.20E-05
10	12	0	0	0	0	0	0	232	254	0	-1.99E-05	2.56E-06	-1.10E-07	-1.29E-05
10	13	0	0	0	0	0	0	232	254	0	-2.15E-05	3.12E-06	-1.30E-06	-1.25E-05
10	14	0	0	0	0	0	0	232	254	0	-2.15E-05	3.12E-06	-1.30E-06	-1.25E-05
10	15	0	0	0	0	0	0	232	254	0	-2.17E-05	5.22E-06	-4.39E-06	-1.14E-05
10	16	0	0	0	0	0	0	232	254	0	-2.17E-05	5.22E-06	-4.39E-06	-1.14E-05
10	17	0	0	0	0	0	0	232	254	0	-2.21E-05	7.75E-06	-4.71E-06	-1.04E-05
10	18	0	0	0	0	0	0	232	254	0	-2.21E-05	7.75E-06	-4.71E-06	-1.04E-05
10	19	0	0	0	0	0	0	232	254	0	-2.18E-05	8.65E-06	-6.40E-06	-1.16E-05
11	0	0	0	0	0	0	0	232	254	0	-2.18E-05	8.65E-06	-6.40E-06	-1.16E-05
11	1	0	0	0	0	0	0	232	254	0	-2.06E-05	5.94E-06	-1.02E-05	-1.37E-05
11	2	0	0	0	0	0	0	232	254	0	-2.08E-05	6.47E-06	-1.13E-05	-1.34E-05
11	3	0	0	0	0	0	0	232	254	0	-2.08E-05	6.47E-06	-1.13E-05	-1.34E-05
11	4	0	0	0	0	0	0	232	254	0	-2.19E-05	7.05E-06	-4.50E-06	-1.18E-05
11	5	0	0	0	0	0	0	232	254	0	-2.19E-05	7.05E-06	-4.50E-06	-1.18E-05
11	6	0	0	0	0	0	0	232	254	0	-2.15E-05	6.98E-06	-5.78E-07	-1.19E-05
11	7	0	0	0	0	0	0	232	254	0	-2.15E-05	6.98E-06	-5.78E-07	-1.19E-05
11	8	0	0	0	0	0	0	232	254	0	-2.19E-05	6.55E-06	-5.85E-06	-1.13E-05
11	9	0	0	0	0	0	0	232	254	0	-2.19E-05	6.55E-06	-5.85E-06	-1.13E-05
11	10	0	0	0	0	0	0	232	254	0	-2.24E-05	6.41E-06	-7.78E-06	-1.10E-05
11	11	0	0	0	0	0	0	232	254	0	-2.28E-05	5.47E-06	-7.14E-06	-1.15E-05
11	12	0	0	0	0	0	0	232	254	0	-2.28E-05	5.47E-06	-7.14E-06	-1.15E-05
11	13	0	0	0	0	0	0	232	254	0	-2.35E-05	5.45E-06	-7.79E-06	-1.27E-05
11	14	0	0	0	0	0	0	232	254	0	-2.35E-05	5.45E-06	-7.79E-06	-1.27E-05
11	15	0	0	0	0	0	0	232	254	0	-2.23E-05	8.44E-06	-8.22E-06	-1.13E-05
11	16	0	0	0	0	0	0	232	254	0	-2.23E-05	8.44E-06	-8.22E-06	-1.13E-05
11	17	0	0	0	0	0	0	232	254	0	-2.18E-05	9.82E-06	-8.36E-06	-9.87E-06
11	18	0	0	0	0	0	0	232	254	0	-2.18E-05	9.82E-06	-8.36E-06	-9.87E-06
11	19	0	0	0	0	0	0	232	254	0	-2.04E-05	8.99E-06	-9.89E-06	-1.19E-05
12	0	0	0	0	0	0	0	232	254	0	-2.07E-05	7.45E-06	-1.46E-05	-1.21E-05
12	1	0	0	0	0	0	0	232	254	0	-2.07E-05	7.45E-06	-1.46E-05	-1.21E-05
12	2	0	0	0	0	0	0	232	254	0	-2.13E-05	7.89E-06	-1.63E-05	-1.37E-05
12	3	0	0	0	0	0	0	232	254	0	-2.13E-05	7.89E-06	-1.63E-05	-1.37E-05
12	4	0	0	0	0	0	0	232	254	0	-2.11E-05	7.49E-06	-1.18E-05	-1.46E-05
12	5	0	0	0	0	0	0	232	254	0	-2.11E-05	7.49E-06	-1.18E-05	-1.46E-05
12	6	0	0	0	0	0	0	232	254	0	-2.16E-05	4.82E-06	-9.82E-06	-1.42E-05
12	7	0	0	0	0	0	0	232	254	0	-2.16E-05	4.82E-06	-9.82E-06	-1.42E-05
12	8	0	0	0	0	0	0	232	254	0	-2.08E-05	4.69E-06	-8.84E-06	-1.36E-05
12	9	0	0	0	0	0	0	232	254	0	-1.98E-05	5.88E-06	-5.95E-06	-1.15E-05
12	10	0	0	0	0	0	0	232	254	0	-1.98E-05	5.88E-06	-5.95E-06	-1.15E-05
12	11	0	0	0	0	0	0	232	254	0	-1.91E-05	7.03E-06	-3.93E-06	-1.08E-05
12	12	0	0	0	0	0	0	232	254	0	-1.91E-05	7.03E-06	-3.93E-06	-1.08E-05
12	13	0	0	0	0	0	0	232	254	0	-2.01E-05	6.46E-06	-2.29E-06	-1.09E-05
12	14	0	0	0	0	0	0	232	254	0	-2.01E-05	6.46E-06	-2.29E-06	-1.09E-05
12	15	0	0	0	0	0	0	232	254	0	-2.08E-05	3.45E-06	-3.70E-06	-1.12E-05
12	16	0	0	0	0	0	0	232	254	0	-2.08E-05	3.45E-06	-3.70E-06	-1.12E-05
12	17	0	0	0	0	0	0	232	254	0	-2.01E-05	1.71E-06	-9.06E-06	-1.33E-05
12	18	0	0	0	0	0	0	232	254	0	-2.06E-05	9.93E-07	-1.48E-05	-1.38E-05
12	19	0	0	0	0	0	0	232	254	0	-2.06E-05	9.93E-07	-1.48E-05	-1.38E-05
13	0	0	0	0	0	0	0	232	254	0	-2.03E-05	1.97E-06	-1.63E-05	-1.51E-05
13	1	0	0	0	0	0	0	232	254	0	-2.03E-05	1.97E-06	-1.63E-05	-1.51E-05
13	2	0	0	0	0	0	0	232	254	0	-2.13E-05	1.77E-06	-1.69E-05	-1.56E-05
13	3	0	0	0	0	0	0	232	254	0	-2.13E-05	1.77E-06	-1.69E-05	-1.56E-05
13	4	0	0	0	0	0	0	232	254	0	-2.21E-05	2.55E-06	-1.99E-05	-1.35E-05
13	5	0	0	0	0	0	0	232	254	0	-2.21E-05	2.55E-06	-1.99E-05	-1.35E-05
13	6	0	0	0	0	0	0	232	254	0	-2.12E-05	3.99E-06	-1.84E-05	-1.29E-05
13	7	0	0	0	0	0	0	232	254	0	-2.24E-05	5.09E-06	-1.24E-05	-1.27E-05
13	8	0	0	0	0	0	0	232	254	0	-2.24E-05	5.09E-06	-1.24E-05	-1.27E-05
13	9	0	0	0	0	0	0	232	254	0	-2.30E-05	6.46E-06	-1.05E-05	-1.30E-05
13	10	0	0	0	0	0	0	232	254	0	-2.30E-05	6.46E-06	-1.05E-05	-1.30E-05
13	11	0	0	0	0	0	0	232	254	0	-2.18E-05	5.46E-06	-1.20E-05	-1.26E-05
13	12	0	0	0	0	0	0	232	254	0	-2.18E-05	5.46E-06	-1.20E-05	-1.26E-05
13	13	0	0	0	0	0	0	232	254	0	-2.25E-05	2.58E-06	-1.20E-05	-1.20E-05
13	14	0	0	0	0	0	0	232	254	0	-2.25E-05	2.58E-06	-1.20E-05	-1.20E-05
13	15	0	0	0	0	0	0	232	254	0	-2.23E-05	1.93E-06	-9.84E-06	-1.31E-05
13	16	0	0	0	0	0	0	232	254	0	-2.23E-05	2.87E-06	-6.74E-06	-1.40E-05
13	17	0	0	0	0	0	0	232	254	0	-2.23E-05	2.87E-06	-6.74E-06	-1.40E-05
13	18	0	0	0	0	0	0	232	254	0	-2.23E-05	4.85E-06	-3.17E-06	-1.21E-05
13	19	0	0	0	0	0	0	232	254	0	-2.23E-05	4.85E-06	-3.17E-06	-1.21E-05
14	0	0	0	0	0	0	0	232	254	0	-2.09E-05	2.56E-06	-4.00E-07	-1.15E-05
14	1	0	0	0	0	0	0	232	254	0	-2.09E-05	2.56E-06	-4.00E-07	-1.15E-05
14	2	0	0	0	0	0	0	232	254	0	-2.04E-05	2.99E-06	1.71E-06	-1.20E-05
14	3	0	0	0	0	0	0	232	254	0	-2.04E-05	2.99E-06	1.71E-06	-1.20E-05
14	4	0	0	0	0	0	0	232	254	0	-2.01E-05	4.21E-06	-4.66E-06	-1.27E-05
14	5	0	0	0	0	0	0	232	254	0	-2.12E-05	6.52E-06	-1.08E-05	-1.32E-05
14	6	0	0	0	0	0	0	232	254	0	-2.12E-05	6.52E-06	-1.08E-05	-1.32E-05
14	7	0	0	0	0	0	0	232	254	0	-2.25E-05	6.05E-06	-8.63E-06	-1.28E-05
14	8	0	0	0	0	0	0	232	254	0	-2.25E-05	6.05E-06	-8.63E-06	-1.28E-05
14	9	0	0	0	0	0	0	232	254	0	-2.37E-05	3.75E-06	-6.64E-06	-1.30E-05
14	10	0	0	0	0	0	0	232	254	0	-2.37E-05	3.75E-06	-6.64E-06	-1.30E-05
14	11	0	0	0	0	0	0	232	254	0	-2.15E-05	2.82E-06	-4.51E-06	-1.30E-05
14	12	0	0	0	0	0	0	232	254	0	-2.15E-05	2.82E-06	-4.51E-06	-1.30E-05
14	13	0	0	0	0	0	0	232	254	0	-2.06E-05	1.73E-06	-1.51E-07	-1.10E-05
14	14	0	0	0	0	0	0	232	254	0	-2.07E-05	3.54E-06	4.97E-06	-1.16E-05
14	15	0	0	0	0	0	0	232	254	0	-2.07E-05	3.54E-06	4.97E-06	-1.16E-05
14	16	0	0	0	0	0	0	232	254	0	-2.09E-05	5.77E-06	-6.68E-07	-1.41E-05
14	17	0	0	0	0	0	0	232	254	0	-2.09E-05	5.77E-06	-6.68E-07	-1.41E-05
14	18	0	0	0	0	0	0	232	254	0	-2.04E-05	5.06E-06	-1.42E-05	-1.54E-05
14	19	0	0	0	0	0	0	232	254	0	-2.04E-05	5.06E-06	-1.42E-05	-1.54E-05
15	0	0	0	0	0	0	0	232	254	0	-2.07E-05	5.38E-06	-2.27E-05	-1.64E-05
15	1	0	0	0	0	0	0	232	254	0	-2.07E-05	5.38E-06	-2.27E-05	-1.64E-05
15	2	0	0	0	0	0	0	232	254	0	-2.09E-05	6.37E-06	-2.04E-05	-1.70E-05
15	3	0	0	0	0	0	0	232	254	0	-2.15E-05	4.94E-06	-1.67E-05	-1.67E-05
15	4	0	0	0	0	0	0	232	254	0	-2.15E-05	4.94E-06	-1.67E-05	-1.67E-05
15	5	0	0	0	0	0	0	232	254	0	-2.05E-05	2.86E-06	-1.75E-05	-1.39E-05
15	6	0	0	0	0	0	0	232	254	0	-2.05E-05	2.86E-06	-1.75E-05	-1.39E-05
15	7	0	0	0	0	0	0	232	254	0	-2.02E-05	7.81E-07	-2.02E-05	-1.24E-05
15	8	0	0	0	0	0	0	232	254	0	-2.02E-05	7.81E-07	-2.02E-05	-1.24E-05
15	9	0	0	0	0	0	0	232	254	0	-1.96E-05	1.53E-06	-2.36E-05	-1.09E-05
15	10	0	0	0	0	0	0	232	254	0	-1.96E-05	1.53E-06	-2.36E-05	-1.09E-05
15	11	0	0	0	0	0	0	232	254	0	-1.92E-05	1.48E-06	-2.14E-05	-9.73E-06
15	12	0	0	0	0	0	0	232	254	0	-2.06E-05	4.53E-07	-5.54E-06	-8.60E-06
15	13	0	0	0	0	0	0	232	254	0	-2.06E-05	4.53E-07	-5.54E-06	-8.60E-06
15	14	0	0	0	0	0	0	232	254	0	-2.06E-05	2.42E-06	1.65E-05	-8.81E-06
15	15	0	0	0	0	0	0	232	254	0	-2.06E-05	2.42E-06	1.65E-05	-8.81E-06
15	16	0	0	0	0	0	0	232	254	0	-2.02E-05	2.90E-06	1.29E-05	-8.36E-06
15	17	0	0	0	0	0	0	232	254	0	-2.02E-05	2.90E-06	1.29E-05	-8.36E-06
15	18	0	0	0	0	0	0	232	254	0	-1.98E-05	3.28E-06	-6.98E-07	-9.54E-06
15	19	0	0	0	0	0	0	232	254	0	-1.98E-05	3.28E-06	-6.98E-07	-9.54E-06
16	0	0	0	0	0	0	0	232	254	0	-2.06E-05	3.95E-06	-1.09E-05	-1.14E-05
16	1	0	0	0	0	0	0	232	254	0	-2.08E-05	4.66E-06	-1.04E-05	-9.97E-06
16	2	0	0	0	0	0	0	232	254	0	-2.08E-05	4.66E-06	-1.04E-05	-9.97E-06
16	3	0	0	0	0	0	0	232	254	0	-2.15E-05	5.71E-06	-6.79E-06	-1.07E-05
16	4	0	0	0	0	0	0	232	254	0	-2.15E-05	5.71E-06	-6.79E-06	-1.07E-05
16	5	0	0	0	0	0	0	232	254	0	-2.07E-05	6.66E-06	-6.39E-06	-1.22E-05
16	6	0	0	0	0	0	0	232	254	0	-2.07E-05	6.66E-06	-6.39E-06	-1.22E-05
16	7	0	0	0	0	0	0	232	254	0	-2.21E-05	5.03E-06	-8.04E-06	-1.06E-05
16	8	0	0	0	0	0	0	232	254	0	-2.21E-05	5.03E-06	-8.04E-06	-1.06E-05
16	9	0	0	0	0	0	0	232	254	0	-2.24E-05	3.82E-06	-1.12E-05	-1.11E-05
16	10	0	0	0	0	0	0	232	254	0	-2.18E-05	3.22E-06	-1.04E-05	-1.22E-05
16	11	0	0	0	0	0	0	232	254	0	-2.18E-05	3.22E-06	-1.04E-05	-1.22E-05
16	12	0	0	0	0	0	0	232	254	0	-2.19E-05	1.28E-06	-6.27E-06	-1.17E-05
16	13	0	0	0	0	0	0	232	254	0	-2.19E-05	1.28E-06	-6.27E-06	-1.17E-05
16	14	0	0	0	0	0	0	232	254	0	-2.11E-05	2.17E-06	-9.29E-06	-1.14E-05
16	15	0	0	0	0	0	0	232	254	0	-2.11E-05	2.17E-06	-9.29E-06	-1.14E-05
16	16	0	0	0	0	0	0	232	254	0	-2.06E-05	3.28E-06	-1.08E-05	-1.38E-05
16	17	0	0	0	0	0	0	232	254	0	-2.06E-05	3.28E-06	-1.08E-05	-1.38E-05
16	18	0	0	0	0	0	0	232	254	0	-2.02E-05	3.95E-06	-2.34E-06	-1.51E-05
16	19	0	0	0	0	0	0	232	254	0	-2.03E-05	4.36E-06	1.57E-06	-1.28E-05
17	0	0	0	0	0	0	0	232	254	0	-2.03E-05	4.36E-06	1.57E-06	-1.28E-05
17	1	0	0	0	0	0	0	232	254	0	-1.99E-05	3.01E-06	-3.66E-06	-1.25E-05
17	2	0	0	0	0	0	0	232	254	0	-1.99E-05	3.01E-06	-3.66E-06	-1.25E-05
17	3	0	0	0	0	0	0	232	254	0	-1.99E-05	1.93E-06	-1.26E-05	-1.39E-05
17	4	0	0	0	0	0	0	232	254	0	-1.99E-05	1.93E-06	-1.26E-05	-1.39E-05
17	5	0	0	0	0	0	0	232	254	0	-2.14E-05	2.43E-06	-2.22E-05	-1.34E-05
17	6	0	0	0	0	0	0	232	254	0	-2.14E-05	2.43E-06	-2.22E-05	-1.34E-05
17	7	0	0	0	0	0	0	232	254	0	-2.18E-05	1.76E-06	-2.32E-05	-1.23E-05
17	8	0	0	0	0	0	0	232	254	0	-2.20E-05	1.22E-06	-1.04E-05	-1.23E-05
17	9	0	0	0	0	0	0	232	254	0	-2.20E-05	1.22E-06	-1.04E-05	-1.23E-05
17	10	0	0	0	0	0	0	232	254	0	-2.19E-05	1.62E-06	-7.61E-06	-1.31E-05
17	11	0	0	0	0	0	0	232	254	0	-2.19E-05	1.62E-06	-7.61E-06	-1.31E-05
17	12	0	0	0	0	0	0	232	254	0	-2.15E-05	2.24E-06	-1.02E-05	-1.42E-05
17	13	0	0	0	0	0	0	232	254	0	-2.15E-05	2.24E-06	-1.02E-05	-1.42E-05
17	14	0	0	0	0	0	0	232	254	0	-2.08E-05	1.40E-06	-8.63E-06	-1.33E-05
17	15	0	0	0	0	0	0	232	254	0	-2.08E-05	1.40E-06	-8.63E-06	-1.33E-05
17	16	0	0	0	0	0	0	232	254	0	-2.19E-05	6.49E-07	-9.58E-07	-1.14E-05
17	17	0	0	0	0	0	0	232	254	0	-2.16E-05	5.91E-07	-6.56E-06	-1.06E-05
17	18	0	0	0	0	0	0	232	254	0	-2.16E-05	5.91E-07	-6.56E-06	-1.06E-05
17	19	0	0	0	0	0	0	232	254	0	-2.14E-05	1.55E-06	-9.62E-06	-1.19E-05
18	0	0	0	0	0	0	0	232	254	0	-2.14E-05	1.55E-06	-9.62E-06	-1.19E-05
18	1	0	0	0	0	0	0	232	254	0	-2.06E-05	4.42E-06	-1.47E-05	-1.44E-05
18	2	0	0	0	0	0	0	232	254	0	-2.06E-05	4.42E-06	-1.47E-05	-1.44E-05
18	3	0	0	0	0	0	0	232	254	0	-2.06E-05	6.90E-06	-1.56E-05	-1.46E-05
18	4	0	0	0	0	0	0	232	254	0	-2.06E-05	6.90E-06	-1.56E-05	-1.46E-05
18	5	0	0	0	0	0	0	232	254	0	-2.12E-05	5.74E-06	-8.21E-06	-1.25E-05
18	6	0	0	0	0	0	0	232	254	0	-2.15E-05	4.89E-06	-5.50E-06	-1.16E-05
18	7	0	0	0	0	0	0	232	254	0	-2.15E-05	4.89E-06	-5.50E-06	-1.16E-05
18	8	0	0	0	0	0	0	232	254	0	-2.04E-05	5.23E-06	-3.79E-06	-1.09E-05
18	9	0	0	0	0	0	0	232	254	0	-2.04E-05	5.23E-06	-3.79E-06	-1.09E-05
18	10	0	0	0	0	0	0	232	254	0	-1.86E-05	6.70E-06	-9.23E-06	-1.08E-05
18	11	0	0	0	0	0	0	232	254	0	-1.86E-05	6.70E-06	-9.23E-06	-1.08E-05
18	12	0	0	0	0	0	0	232	254	0	-1.84E-05	7.79E-06	-1.15E-05	-1.23E-05
18	13	0	0	0	0	0	0	232	254	0	-1.84E-05	7.79E-06	-1.15E-05	-1.23E-05
18	14	0	0	0	0	0	0	232	254	0	-2.04E-05	8.20E-06	-1.31E-05	-1.46E-05
18	15	0	0	0	0	0	0	232	254	0	-2.06E-05	8.30E-06	-1.65E-05	-1.42E-05
18	16	0	0	0	0	0	0	232	254	0	-2.06E-05	8.30E-06	-1.65E-05	-1.42E-05
18	17	0	0	0	0	0	0	232	254	0	-2.06E-05	9.79E-06	-1.14E-05	-1.36E-05
18	18	0	0	0	0	0	0	232	254	0	-2.06E-05	9.79E-06	-1.14E-05	-1.36E-05
18	19	0	0	0	0	0	0	232	254	0	-2.23E-05	8.91E-06	-1.10E-05	-1.40E-05
19	0	0	0	0	0	0	0	232	254	0	-2.23E-05	8.91E-06	-1.10E-05	-1.40E-05
19	1	0	0	0	0	0	0	232	254	0	-2.23E-05	8.02E-06	-1.81E-06	-1.54E-05
19	2	0	0	0	0	0	0	232	254	0	-2.23E-05	8.02E-06	-1.81E-06	-1.54E-05
19	3	0	0	0	0	0	0	232	254	0	-2.13E-05	8.57E-06	2.06E-06	-1.58E-05
19	4	0	0	0	0	0	0	232	254	0	-2.14E-05	5.87E-06	-2.71E-06	-1.43E-05
19	5	0	0	0	0	0	0	232	254	0	-2.14E-05	5.87E-06	-2.71E-06	-1.43E-05
19	6	0	0	0	0	0	0	232	254	0	-2.21E-05	2.34E-06	2.22E-06	-1.21E-05
19	7	0	0	0	0	0	0	232	254	0	-2.21E-05	2.34E-06	2.22E-06	-1.21E-05
19	8	0	0	0	0	0	0	232	254	0	-2.05E-05	1.53E-06	1.25E-05	-1.11E-05
19	9	0	0	0	0	0	0	232	254	0	-2.05E-05	1.53E-06	1.25E-05	-1.11E-05
19	10	0	0	0	0	0	0	232	254	0	-1.98E-05	3.86E-06	-2.66E-07	-1.03E-05
19	11	0	0	0	0	0	0	232	254	0	-1.98E-05	3.86E-06	-2.66E-07	-1.03E-05
19	12	0	0	0	0	0	0	232	254	0	-2.06E-05	3.73E-06	-3.59E-05	-9.61E-06
19	13	0	0	0	0	0	0	232	254	0	-2.06E-05	2.94E-06	-3.96E-05	-9.95E-06
19	14	0	0	0	0	0	0	232	254	0	-2.06E-05	2.94E-06	-3.96E-05	-9.95E-06
19	15	0	0	0	0	0	0	232	254	0	-2.09E-05	3.48E-06	-3.84E-05	-1.03E-05
19	16	0	0	0	0	0	0	232	254	0	-2.09E-05	3.48E-06	-3.84E-05	-1.03E-05
19	17	0	0	0	0	0	0	232	254	0	-2.24E-05	3.19E-06	-2.23E-05	-1.09E-05
19	18	0	0	0	0	0	0	232	254	0	-2.24E-05	3.19E-06	-2.23E-05	-1.09E-05
19	19	0	0	0	0	0	0	232	254	0	-2.19E-05	3.32E-06	-7.05E-06	-1.31E-05
20	0	0	0	0	0	0	0	232	254	0	-2.19E-05	3.32E-06	-7.05E-06	-1.31E-05
20	1	0	0	0	0	0	0	232	254	0	-2.04E-05	4.20E-06	-1.20E-05	-1.21E-05
20	2	0	0	0	0	0	0	232	254	0	-2.11E-05	4.04E-06	-8.92E-06	-1.13E-05
20	3	0	0	0	0	0	0	232	254	0	-2.11E-05	4.04E-06	-8.92E-06	-1.13E-05
20	4	0	0	0	0	0	0	232	254	0	-2.19E-05	3.31E-06	-1.21E-05	-1.30E-05
20	5	0	0	0	0	0	0	232	254	0	-2.19E-05	3.31E-06	-1.21E-05	-1.30E-05
20	6	0	0	0	0	0	0	232	254	0	-2.15E-05	5.34E-06	-9.25E-06	-1.33E-05
20	7	0	0	0	0	0	0	232	254	0	-2.15E-05	5.34E-06	-9.25E-06	-1.33E-05
20	8	0	0	0	0	0	0	232	254	0	-2.03E-05	6.10E-06	-5.98E-06	-1.36E-05
20	9	0	0	0	0	0	0	232	254	0	-2.03E-05	6.10E-06	-5.98E-06	-1.36E-05
20	10	0	0	0	0	0	0	232	254	0	-2.01E-05	5.22E-06	-4.86E-06	-1.36E-05
20	11	0	0	0	0	0	0	232	254	0	-2.12E-05	4.33E-06	-2.26E-07	-1.34E-05
20	12	0	0	0	0	0	0	232	254	0	-2.12E-05	4.33E-06	-2.26E-07	-1.34E-05
20	13	0	0	0	0	0	0	232	254	0	-2.15E-05	5.14E-06	2.83E-07	-1.43E-05
20	14	0	0	0	0	0	0	232	254	0	-2.15E-05	5.14E-06	2.83E-07	-1.43E-05
20	15	0	0	0	0	0	0	232	254	0	-2.08E-05	4.63E-06	-1.39E-06	-1.43E-05
20	16	0	0	0	0	0	0	232	254	0	-2.08E-05	4.63E-06	-1.39E-06	-1.43E-05
20	17	0	0	0	0	0	0	232	254	0	-2.05E-05	4.46E-06	-3.93E-06	-1.43E-05
20	18	0	0	0	0	0	0	232	254	0	-2.05E-05	4.46E-06	-3.93E-06	-1.43E-05
20	19	0	0	0	0	0	0	232	254	0	-1.94E-05	6.43E-06	-1.37E-05	-1.42E-05
21	0	0	0	0	0	0	0	232	254	0	-1.98E-05	8.22E-06	-3.01E-05	-1.36E-05
21	1	0	0	0	0	0	0	232	254	0	-1.98E-05	8.22E-06	-3.01E-05	-1.36E-05
21	2	0	0	0	0	0	0	232	254	0	-1.83E-05	1.03E-05	-2.09E-05	-1.23E-05
21	3	0	0	0	0	0	0	232	254	0	-1.83E-05	1.03E-05	-2.09E-05	-1.23E-05
21	4	0	0	0	0	0	0	232	254	0	-1.84E-05	8.88E-06	-9.90E-06	-1.16E-05
21	5	0	0	0	0	0	0	232	254	0	-1.84E-05	8.88E-06	-9.90E-06	-1.16E-05
21	6	0	0	0	0	0	0	232	254	0	-2.13E-05	6.52E-06	-5.40E-06	-1.35E-05
21	7	0	0	0	0	0	0	232	254	0	-2.13E-05	6.52E-06	-5.40E-06	-1.35E-05
21	8	0	0	0	0	0	0	232	254	0	-2.23E-05	6.27E-06	1.83E-06	-1.29E-05
21	9	0	0	0	0	0	0	232	254	0	-2.24E-05	5.21E-06	-1.56E-06	-1.15E-05
21	10	0	0	0	0	0	0	232	254	0	-2.24E-05	5.21E-06	-1.56E-06	-1.15E-05
21	11	0	0	0	0	0	0	232	254	0	-2.27E-05	2.96E-06	-8.25E-06	-1.10E-05
21	12	0	0	0	0	0	0	232	254	0	-2.27E-05	2.96E-06	-8.25E-06	-1.10E-05
21	13	0	0	0	0	0	0	232	254	0	-2.21E-05	2.65E-06	-5.29E-06	-1.19E-05
21	14	0	0	0	0	0	0	232	254	0	-2.21E-05	2.65E-06	-5.29E-06	-1.19E-05
21	15	0	0	0	0	0	0	232	254	0	-2.15E-05	3.39E-06	4.87E-07	-1.38E-05
21	16	0	0	0	0	0	0	232	254	0	-2.15E-05	3.39E-06	4.87E-07	-1.38E-05
21	17	0	0	0	0	0	0	232	254	0	-2.07E-05	2.43E-06	-2.90E-06	-1.42E-05
21	18	0	0	0	0	0	0	232	254	0	-2.21E-05	1.82E-06	-1.07E-05	-1.37E-05
21	19	0	0	0	0	0	0	232	254	0	-2.21E-05	1.82E-06	-1.07E-05	-1.37E-05
22	0	0	0	0	0	0	0	232	254	0	-2.01E-05	2.10E-06	-1.51E-05	-1.33E-05
22	1	0	0	0	0	0	0	232	254	0	-2.01E-05	2.10E-06	-1.51E-05	-1.33E-05
22	2	0	0	0	0	0	0	232	254	0	-1.89E-05	5.13E-06	-8.70E-06	-1.15E-05
22	3	0	0	0	0	0	0	232	254	0	-1.89E-05	5.13E-06	-8.70E-06	-1.15E-05
22	4	0	0	0	0	0	0	232	254	0	-1.86E-05	6.88E-06	-5.53E-06	-1.14E-05
22	5	0	0	0	0	0	0	232	254	0	-1.86E-05	6.88E-06	-5.53E-06	-1.14E-05
22	6	0	0	0	0	0	0	232	254	0	-1.86E-05	6.71E-06	-6.99E-06	-1.21E-05
22	7	0	0	0	0	0	0	232	254	0	-1.97E-05	5.47E-06	-1.08E-06	-1.11E-05
22	8	0	0	0	0	0	0	232	254	0	-1.97E-05	5.47E-06	-1.08E-06	-1.11E-05
22	9	0	0	0	0	0	0	232	254	0	-2.00E-05	4.79E-06	5.20E-06	-1.27E-05
22	10	0	0	0	0	0	0	232	254	0	-2.00E-05	4.79E-06	5.20E-06	-1.27E-05
22	11	0	0	0	0	0	0	232	254	0	-2.04E-05	3.10E-06	-2.92E-06	-1.34E-05
22	12	0	0	0	0	0	0	232	254	0	-2.04E-05	3.10E-06	-2.92E-06	-1.34E-05
22	13	0	0	0	0	0	0	232	254	0	-2.06E-05	2.61E-06	-1.27E-05	-1.21E-05
22	14	0	0	0	0	0	0	232	254	0	-2.06E-05	2.61E-06	-1.27E-05	-1.21E-05
22	15	0	0	0	0	0	0	232	254	0	-2.04E-05	3.37E-06	-1.31E-05	-1.14E-05
22	16	0	0	0	0	0	0	232	254	0	-2.10E-05	4.71E-06	4.04E-06	-1.24E-05
22	17	0	0	0	0	0	0	232	254	0	-2.10E-05	4.71E-06	4.04E-06	-1.24E-05
22	18	0	0	0	0	0	0	232	254	0	-2.08E-05	5.61E-06	3.95E-06	-1.31E-05
22	19	0	0	0	0	0	0	232	254	0	-2.08E-05	5.61E-06	3.95E-06	-1.31E-05
23	0	0	0	0	0	0	0	232	254	0	-1.99E-05	3.71E-06	-5.29E-06	-1.16E-05
23	1	0	0	0	0	0	0	232	254	0	-1.99E-05	3.71E-06	-5.29E-06	-1.16E-05
23	2	0	0	0	0	0	0	232	254	0	-2.03E-05	2.31E-06	-1.20E-05	-9.55E-06
23	3	0	0	0	0	0	0	232	254	0	-2.03E-05	2.31E-06	-1.20E-05	-9.55E-06
23	4	0	0	0	0	0	0	232	254	0	-1.99E-05	-1.39E-08	-1.58E-05	-9.47E-06
23	5	0	0	0	0	0	0	232	254	0	-1.96E-05	1.21E-06	-1.59E-05	-9.86E-06
23	6	0	0	0	0	0	0	232	254	0	-1.96E-05	1.21E-06	-1.59E-05	-9.86E-06
23	7	0	0	0	0	0	0	232	254	0	-1.99E-05	2.39E-06	-1.76E-05	-9.59E-06
23	8	0	0	0	0	0	0	232	254	0	-1.99E-05	2.39E-06	-1.76E-05	-9.59E-06
23	9	0	0	0	0	0	0	232	254	0	-2.15E-05	1.47E-06	-1.75E-05	-9.89E-06
23	10	0	0	0	0	0	0	232	254	0	-2.15E-05	1.47E-06	-1.75E-05	-9.89E-06
23	11	0	0	0	0	0	0	232	254	0	-2.28E-05	1.44E-06	-1.67E-05	-1.10E-05
23	12	0	0	0	0	0	0	232	254	0	-2.28E-05	1.44E-06	-1.67E-05	-1.10E-05
23	13	0	0	0	0	0	0	232	254	0	-2.35E-05	2.92E-06	-1.79E-05	-1.17E-05
23	14	0	0	0	0	0	0	232	254	0	-2.35E-05	1.13E-06	-2.01E-05	-9.90E-06
23	15	0	0	0	0	0	0	232	254	0	-2.35E-05	1.13E-06	-2.01E-05	-9.90E-06
23	16	0	0	0	0	0	0	232	254	0	-2.21E-05	8.61E-07	-2.07E-05	-1.02E-05
23	17	0	0	0	0	0	0	232	254	0	-2.21E-05	8.61E-07	-2.07E-05	-1.02E-05
23	18	0	0	0	0	0	0	232	254	0	-2.08E-05	1.36E-06	-1.86E-05	-1.21E-05
23	19	0	0	0	0	0	0	232	254	0	-2.08E-05	1.36E-06	-1.86E-05	-1.21E-05
24	0	0	0	0	0	0	0	232	254	0	-2.08E-05	3.63E-06	-1.56E-05	-1.15E-05
24	1	0	0	0	0	0	0	232	254	0	-2.08E-05	3.63E-06	-1.56E-05	-1.15E-05
24	2	0	0	0	0	0	0	232	254	0	-2.08E-05	2.79E-06	-9.95E-06	-1.20E-05
24	3	0	0	0	0	0	0	232	254	0	-2.22E-05	3.00E-07	-2.34E-06	-1.06E-05
24	4	0	0	0	0	0	0	232	254	0	-2.22E-05	3.00E-07	-2.34E-06	-1.06E-05
24	5	0	0	0	0	0	0	232	254	0	-2.43E-05	1.31E-06	-1.88E-06	-1.11E-05
24	6	0	0	0	0	0	0	232	254	0	-2.43E-05	1.31E-06	-1.88E-06	-1.11E-05
24	7	0	0	0	0	0	0	232	254	0	-2.43E-05	2.23E-06	-7.65E-06	-1.23E-05
24	8	0	0	0	0	0	0	232	254	0	-2.43E-05	2.23E-06	-7.65E-06	-1.23E-05
24	9	0	0	0	0	0	0	232	254	0	-2.35E-05	2.50E-06	-1.47E-05	-1.29E-05
24	10	0	0	0	0	0	0	232	254	0	-2.35E-05	2.50E-06	-1.47E-05	-1.29E-05
24	11	0	0	0	0	0	0	232	254	0	-2.22E-05	2.42E-06	-1.23E-05	-1.30E-05
24	12	0	0	0	0	0	0	232	254	0	-2.11E-05	3.03E-06	-7.71E-06	-1.36E-05
24	13	0	0	0	0	0	0	232	254	0	-2.11E-05	3.03E-06	-7.71E-06	-1.36E-05
24	14	0	0	0	0	0	0	232	254	0	-2.10E-05	4.28E-06	-2.70E-06	-1.32E-05
24	15	0	0	0	0	0	0	232	254	0	-2.10E-05	4.28E-06	-2.70E-06	-1.32E-05
24	16	0	0	0	0	0	0	232	254	0	-2.04E-05	5.00E-06	7.02E-07	-1.32E-05
24	17	0	0	0	0	0	0	232	254	0	-2.04E-05	5.00E-06	7.02E-07	-1.32E-05
24	18	0	0	0	0	0	0	232	254	0	-2.11E-05	6.03E-06	1.62E-06	-1.39E-05
24	19	0	0	0	0	0	0	232	254	0	-2.11E-05	6.03E-06	1.62E-06	-1.39E-05
25	0	0	0	0	0	0	0	232	254	0	-2.12E-05	6.90E-06	-1.43E-06	-1.25E-05
25	1	0	0	0	0	0	0	232	254	0	-2.16E-05	6.05E-06	-4.11E-06	-1.33E-05
25	2	0	0	0	0	0	0	232	254	0	-2.16E-05	6.05E-06	-4.11E-06	-1.33E-05
25	3	0	0	0	0	0	0	232	254	0	-2.10E-05	7.39E-06	-4.19E-06	-1.33E-05
25	4	0	0	0	0	0	0	232	254	0	-2.10E-05	7.39E-06	-4.19E-06	-1.33E-05
25	5	0	0	0	0	0	0	232	254	0	-2.12E-05	8.56E-06	-8.58E-06	-1.37E-05
25	6	0	0	0	0	0	0	232	254	0	-2.12E-05	8.56E-06	-8.58E-06	-1.37E-05
25	7	0	0	0	0	0	0	232	254	0	-2.04E-05	8.52E-06	-8.29E-06	-1.36E-05
25	8	0	0	0	0	0	0	232	254	0	-2.04E-05	8.52E-06	-8.29E-06	-1.36E-05
25	9	0	0	0	0	0	0	232	254	0	-2.13E-05	8.18E-06	-5.57E-06	-1.39E-05
25	10	0	0	0	0	0	0	232	254	0	-2.19E-05	7.65E-06	-7.59E-06	-1.48E-05
25	11	0	0	0	0	0	0	232	254	0	-2.19E-05	7.65E-06	-7.59E-06	-1.48E-05
25	12	0	0	0	0	0	0	232	254	0	-2.16E-05	6.11E-06	-1.21E-05	-1.39E-05
25	13	0	0	0	0	0	0	232	254	0	-2.16E-05	6.11E-06	-1.21E-05	-1.39E-05
25	14	0	0	0	0	0	0	232	254	0	-2.11E-05	6.61E-06	-1.08E-05	-1.26E-05
25	15	0	0	0	0	0	0	232	254	0	-2.11E-05	6.61E-06	-1.08E-05	-1.26E-05
25	16	0	0	0	0	0	0	232	254	0	-2.19E-05	6.59E-06	-6.68E-06	-1.08E-05
25	17	0	0	0	0	0	0	232	254	0	-2.19E-05	6.59E-06	-6.68E-06	-1.08E-05
25	18	0	0	0	0	0	0	232	254	0	-2.34E-05	3.52E-06	-4.24E-06	-1.24E-05
25	19	0	0	0	0	0	0	232	254	0	-2.20E-05	3.28E-06	-4.75E-06	-1.40E-05
26	0	0	0	0	0	0	0	232	254	0	-2.20E-05	3.28E-06	-4.75E-06	-1.40E-05
26	1	0	0	0	0	0	0	232	254	0	-2.18E-05	1.61E-06	-6.21E-06	-1.27E-05
26	2	0	0	0	0	0	0	232	254	0	-2.18E-05	1.61E-06	-6.21E-06	-1.27E-05
26	3	0	0	0	0	0	0	232	254	0	-2.16E-05	1.13E-06	-6.74E-06	-1.33E-05
26	4	0	0	0	0	0	0	232	254	0	-2.16E-05	1.13E-06	-6.74E-06	-1.33E-05
26	5	0	0	0	0	0	0	232	254	0	-2.09E-05	8.39E-07	-1.04E-05	-1.38E-05
26	6	0	0	0	0	0	0	232	254	0	-2.09E-05	8.39E-07	-1.04E-05	-1.38E-05
26	7	0	0	0	0	0	0	232	254	0	-2.05E-05	1.10E-06	-1.14E-05	-1.52E-05
26	8	0	0	0	0	0	0	232	254	0	-1.94E-05	3.07E-06	-9.99E-06	-1.53E-05
26	9	0	0	0	0	0	0	232	254	0	-1.94E-05	3.07E-06	-9.99E-06	-1.53E-05
26	10	0	0	0	0	0	0	232	254	0	-1.82E-05	4.33E-06	-1.06E-05	-1.18E-05
26	11	0	0	0	0	0	0	232	254	0	-1.82E-05	4.33E-06	-1.06E-05	-1.18E-05
26	12	0	0	0	0	0	0	232	254	0	-2.00E-05	3.00E-06	-1.06E-05	-1.01E-05
26	13	0	0	0	0	0	0	232	254	0	-2.00E-05	3.00E-06	-1.06E-05	-1.01E-05
26	14	0	0	0	0	0	0	232	254	0	-2.17E-05	3.12E-06	-1.20E-05	-9.17E-06
26	15	0	0	0	0	0	0	232	254	0	-2.17E-05	3.12E-06	-1.20E-05	-9.17E-06
26	16	0	0	0	0	0	0	232	254	0	-2.21E-05	4.89E-06	-1.22E-05	-1.02E-05
26	17	0	0	0	0	0	0	232	254	0	-2.24E-05	4.84E-06	-1.15E-05	-1.23E-05
26	18	0	0	0	0	0	0	232	254	0	-2.24E-05	4.84E-06	-1.15E-05	-1.23E-05
26	19	0	0	0	0	0	0	232	254	0	-2.05E-05	3.50E-06	-1.14E-05	-1.26E-05
27	0	0	0	0	0	0	0	232	254	0	-2.05E-05	3.50E-06	-1.14E-05	-1.26E-05
27	1	0	0	0	0	0	0	232	254	0	-1.96E-05	3.20E-06	-1.49E-05	-1.27E-05
27	2	0	0	0	0	0	0	232	254	0	-1.96E-05	3.20E-06	-1.49E-05	-1.27E-05
27	3	0	0	0	0	0	0	232	254	0	-1.95E-05	2.14E-06	-1.81E-05	-1.44E-05
27	4	0	0	0	0	0	0	232	254	0	-1.95E-05	2.14E-06	-1.81E-05	-1.44E-05
27	5	0	0	0	0	0	0	232	254	0	-1.97E-05	1.85E-06	-1.63E-05	-1.40E-05
27	6	0	0	0	0	0	0	232	254	0	-1.98E-05	2.00E-06	-1.07E-05	-1.45E-05
27	7	0	0	0	0	0	0	232	254	0	-1.98E-05	2.00E-06	-1.07E-05	-1.45E-05
27	8	0	0	0	0	0	0	232	254	0	-1.90E-05	3.09E-06	-8.59E-06	-1.32E-05
27	9	0	0	0	0	0	0	232	254	0	-1.90E-05	3.09E-06	-8.59E-06	-1.32E-05
27	10	0	0	0	0	0	0	232	254	0	-1.95E-05	3.28E-06	-4.08E-06	-1.08E-05
27	11	0	0	0	0	0	0	232	254	0	-1.95E-05	3.28E-06	-4.08E-06	-1.08E-05
27	12	0	0	0	0	0	0	232	254	0	-2.10E-05	1.97E-06	-3.06E-06	-1.02E-05
27	13	0	0	0	0	0	0	232	254	0	-2.10E-05	1.97E-06	-3.06E-06	-1.02E-05
27	14	0	0	0	0	0	0	232	254	0	-2.13E-05	3.95E-06	-9.16E-06	-1.11E-05
27	15	0	0	0	0	0	0	232	254	0	-2.21E-05	4.44E-06	-1.04E-05	-1.21E-05
27	16	0	0	0	0	0	0	232	254	0	-2.21E-05	4.44E-06	-1.04E-05	-1.21E-05
27	17	0	0	0	0	0	0	232	254	0	-2.04E-05	3.68E-06	-8.06E-06	-1.09E-05
27	18	0	0	0	0	0	0	232	254	0	-2.04E-05	3.68E-06	-8.06E-06	-1.09E-05
27	19	0	0	0	0	0	0	232	254	0	-2.12E-05	2.72E-06	-1.40E-05	-1.08E-05
28	0	0	0	0	0	0	0	232	254	0	-2.12E-05	2.72E-06	-1.40E-05	-1.08E-05
28	1	0	0	0	0	0	0	232	254	0	-2.17E-05	4.18E-06	-1.63E-05	-1.27E-05
28	2	0	0	0	0	0	0	232	254	0	-2.17E-05	4.18E-06	-1.63E-05	-1.27E-05
28	3	0	0	0	0	0	0	232	254	0	-2.20E-05	5.09E-06	-1.36E-05	-1.31E-05
28	4	0	0	0	0	0	0	232	254	0	-2.23E-05	4.36E-06	-1.80E-05	-1.27E-05
28	5	0	0	0	0	0	0	232	254	0	-2.23E-05	4.36E-06	-1.80E-05	-1.27E-05
28	6	0	0	0	0	0	0	232	254	0	-2.30E-05	4.52E-06	-1.50E-05	-1.15E-05
28	7	0	0	0	0	0	0	232	254	0	-2.30E-05	4.52E-06	-1.50E-05	-1.15E-05
28	8	0	0	0	0	0	0	232	254	0	-2.24E-05	5.67E-06	-3.72E-06	-1.10E-05
28	9	0	0	0	0	0	0	232	254	0	-2.24E-05	5.67E-06	-3.72E-06	-1.10E-05
28	10	0	0	0	0	0	0	232	254	0	-2.09E-05	6.35E-06	-5.39E-06	-1.20E-05
28	11	0	0	0	0	0	0	232	254	0	-2.09E-05	6.35E-06	-5.39E-06	-1.20E-05
28	12	0	0	0	0	0	0	232	254	0	-2.03E-05	4.75E-06	-7.37E-06	-1.26E-05
28	13	0	0	0	0	0	0	232	254	0	-2.05E-05	2.90E-06	-4.93E-06	-1.26E-05
28	14	0	0	0	0	0	0	232	254	0	-2.05E-05	2.90E-06	-4.93E-06	-1.26E-05
28	15	0	0	0	0	0	0	232	254	0	-2.18E-05	3.23E-06	-4.59E-06	-1.28E-05
28	16	0	0	0	0	0	0	232	254	0	-2.18E-05	3.23E-06	-4.59E-06	-1.28E-05
28	17	0	0	0	0	0	0	232	254	0	-2.15E-05	3.48E-06	-7.17E-06	-1.35E-05
28	18	0	0	0	0	0	0	232	254	0	-2.15E-05	3.48E-06	-7.17E-06	-1.35E-05
28	19	0	0	0	0	0	0	232	254	0	-2.08E-05	3.17E-06	-7.70E-06	-1.50E-05
29	0	0	0	0	0	0	0	232	254	0	-2.08E-05	3.17E-06	-7.70E-06	-1.50E-05
29	1	0	0	0	0	0	0	232	254	0	-2.17E-05	3.40E-06	-1.33E-05	-1.54E-05
29	2	0	0	0	0	0	0	232	254	0	-2.21E-05	5.61E-06	-1.45E-05	-1.25E-05
29	3	0	0	0	0	0	0	232	254	0	-2.21E-05	5.61E-06	-1.45E-05	-1.25E-05
29	4	0	0	0	0	0	0	232	254	0	-2.07E-05	3.90E-06	-1.10E-05	-1.12E-05
29	5	0	0	0	0	0	0	232	254	0	-2.07E-05	3.90E-06	-1.10E-05	-1.12E-05
29	6	0	0	0	0	0	0	232	254	0	-2.11E-05	4.37E-06	-8.75E-06	-8.12E-06
29	7	0	0	0	0	0	0	232	254	0	-2.11E-05	4.37E-06	-8.75E-06	-8.12E-06
29	8	0	0	0	0	0	0	232	254	0	-1.93E-05	5.67E-06	-4.26E-06	-5.36E-06
29	9	0	0	0	0	0	0	232	254	0	-1.93E-05	5.67E-06	-4.26E-06	-5.36E-06
29	10	0	0	0	0	0	0	232	254	0	-1.93E-05	6.35E-06	4.95E-06	-6.16E-06
29	11	0	0	0	0	0	0	232	254	0	-1.93E-05	4.62E-06	8.14E-06	-4.88E-06
29	12	0	0	0	0	0	0	232	254	0	-1.93E-05	4.62E-06	8.14E-06	-4.88E-06
29	13	0	0	0	0	0	0	232	254	0	-1.90E-05	2.16E-06	-5.56E-06	-6.68E-06
29	14	0	0	0	0	0	0	232	254	0	-1.90E-05	2.16E-06	-5.56E-06	-6.68E-06
29	15	0	0	0	0	0	0	232	254	0	-1.91E-05	4.51E-06	-1.82E-05	-1.11E-05
29	16	0	0	0	0	0	0	232	254	0	-1.91E-05	4.51E-06	-1.82E-05	-1.11E-05
29	17	0	0	0	0	0	0	232	254	0	-1.96E-05	6.97E-06	-1.30E-05	-1.25E-05
29	18	0	0	0	0	0	0	232	254	0	-1.96E-05	6.97E-06	-1.30E-05	-1.25E-05
29	19	0	0	0	0	0	0	232	254	0	-1.91E-05	9.89E-06	-1.17E-05	-1.32E-05
30	0	0	0	0	0	0	0	232	254	0	-1.99E-05	1.08E-05	-1.65E-05	-1.48E-05
30	1	0	0	0	0	0	0	232	254	0	-1.99E-05	1.08E-05	-1.65E-05	-1.48E-05
30	2	0	0	0	0	0	0	232	254	0	-2.16E-05	1.01E-05	-1.17E-05	-1.38E-05
30	3	0	0	0	0	0	0	232	254	0	-2.16E-05	1.01E-05	-1.17E-05	-1.38E-05
30	4	0	0	0	0	0	0	232	254	0	-2.32E-05	8.27E-06	3.50E-07	-1.29E-05
30	5	0	0	0	0	0	0	232	254	0	-2.32E-05	8.27E-06	3.50E-07	-1.29E-05
30	6	0	0	0	0	0	0	232	254	0	-2.21E-05	8.52E-06	3.63E-06	-1.49E-05
30	7	0	0	0	0	0	0	232	254	0	-2.21E-05	8.52E-06	3.63E-06	-1.49E-05
30	8	0	0	0	0	0	0	232	254	0	-2.31E-05	7.89E-06	-5.50E-06	-1.72E-05
30	9	0	0	0	0	0	0	232	254	0	-2.38E-05	5.38E-06	-1.20E-05	-1.78E-05
30	10	0	0	0	0	0	0	232	254	0	-2.38E-05	5.38E-06	-1.20E-05	-1.78E-05
30	11	0	0	0	0	0	0	232	254	0	-2.44E-05	2.70E-06	-1.21E-05	-1.62E-05
30	12	0	0	0	0	0	0	232	254	0	-2.44E-05	2.70E-06	-1.21E-05	-1.62E-05
30	13	0	0	0	0	0	0	232	254	0	-2.45E-05	-1.28E-07	-1.03E-05	-1.32E-05
30	14	0	0	0	0	0	0	232	254	0	-2.45E-05	-1.28E-07	-1.03E-05	-1.32E-05
30	15	0	0	0	0	0	0	232	254	0	-2.29E-05	2.68E-06	-6.31E-06	-1.29E-05
30	16	0	0	0	0	0	0	232	254	0	-2.29E-05	2.68E-06	-6.31E-06	-1.29E-05
30	17	0	0	0	0	0	0	232	254	0	-2.19E-05	5.18E-06	-5.92E-06	-1.30E-05
30	18	0	0	0	0	0	0	232	254	0	-2.11E-05	7.13E-06	-5.53E-06	-1.33E-05
30	19	0	0	0	0	0	0	232	254	0	-2.11E-05	7.13E-06	-5.53E-06	-1.33E-05
31	0	0	0	0	0	0	0	232	254	0	-2.10E-05	6.19E-06	-5.87E-07	-1.35E-05
31	1	0	0	0	0	0	0	232	254	0	-2.10E-05	6.19E-06	-5.87E-07	-1.35E-05
31	2	0	0	0	0	0	0	232	254	0	-2.03E-05	3.90E-06	7.02E-07	-1.25E-05
31	3	0	0	0	0	0	0	232	254	0	-2.03E-05	3.90E-06	7.02E-07	-1.25E-05
31	4	0	0	0	0	0	0	232	254	0	-2.04E-05	4.28E-06	-1.09E-05	-1.20E-05
31	5	0	0	0	0	0	0	232	254	0	-2.04E-05	4.28E-06	-1.09E-05	-1.20E-05
31	6	0	0	0	0	0	0	232	254	0	-2.11E-05	4.82E-06	-2.24E-05	-1.26E-05
31	7	0	0	0	0	0	0	232	254	0	-2.15E-05	4.80E-06	-1.78E-05	-1.25E-05
31	8	0	0	0	0	0	0	232	254	0	-2.15E-05	4.80E-06	-1.78E-05	-1.25E-05
31	9	0	0	0	0	0	0	232	254	0	-2.07E-05	6.52E-06	-1.29E-05	-1.27E-05
31	10	0	0	0	0	0	0	232	254	0	-2.07E-05	6.52E-06	-1.29E-05	-1.27E-05
31	11	0	0	0	0	0	0	232	254	0	-1.99E-05	6.40E-06	-1.73E-05	-1.13E-05
31	12	0	0	0	0	0	0	232	254	0	-1.99E-05	6.40E-06	-1.73E-05	-1.13E-05
31	13	0	0	0	0	0	0	232	254	0	-2.04E-05	6.52E-06	-2.39E-05	-1.05E-05
31	14	0	0	0	0	0	0	232	254	0	-2.04E-05	6.52E-06	-2.39E-05	-1.05E-05
31	15	0	0	0	0	0	0	232	254	0	-2.05E-05	6.36E-06	-9.63E-06	-1.24E-05
31	16	0	0	0	0	0	0	232	254	0	-1.94E-05	6.41E-06	1.60E-06	-1.35E-05
31	17	0	0	0	0	0	0	232	254	0	-1.94E-05	6.41E-06	1.60E-06	-1.35E-05
31	18	0	0	0	0	0	0	232	254	0	-1.91E-05	7.48E-06	4.59E-06	-1.55E-05
31	19	0	0	0	0	0	0	232	254	0	-1.91E-05	7.48E-06	4.59E-06	-1.55E-05
32	0	0	0	0	0	0	0	232	254	0	-1.90E-05	5.72E-06	-1.81E-06	-1.65E-05
32	1	0	0	0	0	0	0	232	254	0	-1.90E-05	5.72E-06	-1.81E-06	-1.65E-05
32	2	0	0	0	0	0	0	232	254	0	-1.92E-05	4.77E-06	-4.28E-06	-1.56E-05
32	3	0	0	0	0	0	0	232	254	0	-1.92E-05	4.77E-06	-4.28E-06	-1.56E-05
32	4	0	0	0	0	0	0	232	254	0	-1.86E-05	4.87E-06	-1.67E-05	-1.49E-05
32	5	0	0	0	0	0	0	232	254	0	-1.95E-05	2.40E-06	-2.82E-05	-1.25E-05
32	6	0	0	0	0	0	0	232	254	0	-1.95E-05	2.40E-06	-2.82E-05	-1.25E-05
32	7	0	0	0	0	0	0	232	254	0	-1.86E-05	3.71E-07	-2.04E-05	-1.21E-05
32	8	0	0	0	0	0	0	232	254	0	-1.86E-05	3.71E-07	-2.04E-05	-1.21E-05
32	9	0	0	0	0	0	0	232	254	0	-1.83E-05	-5.48E-07	-1.08E-05	-1.31E-05
32	10	0	0	0	0	0	0	232	254	0	-1.83E-05	-5.48E-07	-1.08E-05	-1.31E-05
32	11	0	0	0	0	0	0	232	254	0	-1.91E-05	-8.83E-07	-7.82E-06	-1.21E-05
32	12	0	0	0	0	0	0	232	254	0	-1.91E-05	-8.83E-07	-7.82E-06	-1.21E-05
32	13	0	0	0	0	0	0	232	254	0	-1.83E-05	-1.11E-06	-1.00E-05	-1.12E-05
32	14	0	0	0	0	0	0	232	254	0	-1.96E-05	-5.17E-07	-1.33E-05	-1.36E-05
32	15	0	0	0	0	0	0	232	254	0	-1.96E-05	-5.17E-07	-1.33E-05	-1.36E-05
32	16	0	0	0	0	0	0	232	254	0	-2.14E-05	5.48E-07	-1.54E-05	-1.54E-05
32	17	0	0	0	0	0	0	232	254	0	-2.14E-05	5.48E-07	-1.54E-05	-1.54E-05
32	18	0	0	0	0	0	0	232	254	0	-2.18E-05	1.06E-06	-1.40E-05	-1.38E-05
32	19	0	0	0	0	0	0	232	254	0	-2.18E-05	1.06E-06	-1.40E-05	-1.38E-05
33	0	0	0	0	0	0	0	232	254	0	-2.04E-05	2.34E-06	-1.26E-05	-1.29E-05
33	1	0	0	0	0	0	0	232	254	0	-2.04E-05	2.34E-06	-1.26E-05	-1.29E-05
33	2	0	0	0	0	0	0	232	254	0	-2.07E-05	1.60E-06	-1.28E-05	-1.29E-05
33	3	0	0	0	0	0	0	232	254	0	-2.13E-05	4.34E-06	-1.16E-05	-1.12E-05
33	4	0	0	0	0	0	0	232	254	0	-2.13E-05	4.34E-06	-1.16E-05	-1.12E-05
33	5	0	0	0	0	0	0	232	254	0	-2.13E-05	3.82E-06	-8.31E-06	-1.04E-05
33	6	0	0	0	0	0	0	232	254	0	-2.13E-05	3.82E-06	-8.31E-06	-1.04E-05
33	7	0	0	0	0	0	0	232	254	0	-2.09E-05	1.19E-06	-8.67E-06	-1.41E-05
33	8	0	0	0	0	0	0	232	254	0	-2.09E-05	1.19E-06	-8.67E-06	-1.41E-05
33	9	0	0	0	0	0	0	232	254	0	-1.82E-05	1.02E-07	-6.62E-06	-1.77E-05
33	10	0	0	0	0	0	0	232	254	0	-1.82E-05	1.02E-07	-6.62E-06	-1.77E-05
33	11	0	0	0	0	0	0	232	254	0	-1.79E-05	-9.25E-08	-3.06E-06	-1.79E-05
33	12	0	0	0	0	0	0	232	254	0	-1.86E-05	1.64E-06	-5.25E-06	-1.64E-05
33	13	0	0	0	0	0	0	232	254	0	-1.86E-05	1.64E-06	-5.25E-06	-1.64E-05
33	14	0	0	0	0	0	0	232	254	0	-2.13E-05	2.69E-06	-3.38E-06	-1.44E-05
33	15	0	0	0	0	0	0	232	254	0	-2.13E-05	2.69E-06	-3.38E-06	-1.44E-05
33	16	0	0	0	0	0	0	232	254	0	-2.38E-05	3.73E-06	-4.14E-06	-7.70E-06
33	17	0	0	0	0	0	0	232	254	0	-2.38E-05	3.73E-06	-4.14E-06	-7.70E-06
33	18	0	0	0	0	0	0	232	254	0	-2.42E-05	2.90E-06	-8.38E-06	5.66E-07
33	19	0	0	0	0	0	0	232	254	0	-2.42E-05	2.90E-06	-8.38E-06	5.66E-07
34	0	0	0	0	0	0	0	232	254	0	-2.21E-05	3.37E-06	-9.44E-06	2.39E-06
34	1	0	0	0	0	0	0	232	254	0	-2.31E-05	4.44E-06	-9.54E-06	-3.47E-06
34	2	0	0	0	0	0	0	232	254	0	-2.31E-05	4.44E-06	-9.54E-06	-3.47E-06
34	3	0	0	0	0	0	0	232	254	0	-2.39E-05	3.73E-06	-8.45E-06	-7.73E-06
34	4	0	0	0	0	0	0	232	254	0	-2.39E-05	3.73E-06	-8.45E-06	-7.73E-06
34	5	0	0	0	0	0	0	232	254	0	-2.44E-05	2.90E-06	-9.95E-06	-9.03E-06
34	6	0	0	0	0	0	0	232	254	0	-2.44E-05	2.90E-06	-9.95E-06	-9.03E-06
34	7	0	0	0	0	0	0	232	254	0	-2.46E-05	2.92E-06	-1.02E-05	-1.02E-05
34	8	0	0	0	0	0	0	232	254	0	-2.46E-05	2.92E-06	-1.02E-05	-1.02E-05
34	9	0	0	0	0	0	0	232	254	0	-2.37E-05	1.26E-06	-9.13E-06	-1.25E-05
34	10	0	0	0	0	0	0	232	254	0	-2.30E-05	1.87E-06	-6.03E-06	-1.41E-05
34	11	0	0	0	0	0	0	232	254	0	-2.30E-05	1.87E-06	-6.03E-06	-1.41E-05
34	12	0	0	0	0	0	0	232	254	0	-2.31E-05	2.17E-06	-5.53E-06	-1.34E-05
34	13	0	0	0	0	0	0	232	254	0	-2.31E-05	2.17E-06	-5.53E-06	-1.34E-05
34	14	0	0	0	0	0	0	232	254	0	-2.27E-05	3.72E-06	-9.88E-06	-1.66E-05
34	15	0	0	0	0	0	0	232	254	0	-2.27E-05	3.72E-06	-9.88E-06	-1.66E-05
34	16	0	0	0	0	0	0	232	254	0	-2.28E-05	7.17E-06	-8.92E-06	-1.89E-05
34	17	0	0	0	0	0	0	232	254	0	-2.28E-05	7.17E-06	-8.92E-06	-1.89E-05
34	18	0	0	0	0	0	0	232	254	0	-2.12E-05	6.84E-06	-3.50E-06	-1.86E-05
34	19	0	0	0	0	0	0	232	254	0	-1.87E-05	6.72E-06	-4.35E-06	-1.79E-05
35	0	0	0	0	0	0	0	232	254	0	-1.87E-05	6.72E-06	-4.35E-06	-1.79E-05
35	1	0	0	0	0	0	0	232	254	0	-1.65E-05	7.71E-06	-1.08E-05	-1.61E-05
35	2	0	0	0	0	0	0	232	254	0	-1.65E-05	7.71E-06	-1.08E-05	-1.61E-05
35	3	0	0	0	0	0	0	232	254	0	-1.63E-05	6.72E-06	-9.80E-06	-1.52E-05
35	4	0	0	0	0	0	0	232	254	0	-1.63E-05	6.72E-06	-9.80E-06	-1.52E-05
35	5	0	0	0	0	0	0	232	254	0	-1.91E-05	8.07E-06	-9.98E-06	-1.47E-05
35	6	0	0	0	0	0	0	232	254	0	-1.91E-05	8.07E-06	-9.98E-06	-1.47E-05
35	7	0	0	0	0	0	0	232	254	0	-1.97E-05	8.99E-06	-2.89E-05	-1.25E-05
35	8	0	0	0	0	0	0	232	254	0	-2.03E-05	7.05E-06	-1.33E-05	-8.40E-06
35	9	0	0	0	0	0	0	232	254	0	-2.03E-05	7.05E-06	-1.33E-05	-8.40E-06
35	10	0	0	0	0	0	0	232	254	0	-2.05E-05	5.22E-06	2.40E-05	-6.12E-06
35	11	0	0	0	0	0	0	232	254	0	-2.05E-05	5.22E-06	2.40E-05	-6.12E-06
35	12	0	0	0	0	0	0	232	254	0	-2.04E-05	8.00E-06	2.24E-05	-5.67E-06
35	13	0	0	0	0	0	0	232	254	0	-2.04E-05	8.00E-06	2.24E-05	-5.67E-06
35	14	0	0	0	0	0	0	232	254	0	-1.91E-05	1.06E-05	2.90E-06	-7.12E-06
35	15	0	0	0	0	0	0	232	254	0	-1.91E-05	1.06E-05	2.90E-06	-7.12E-06
35	16	0	0	0	0	0	0	232	254	0	-1.98E-05	8.12E-06	-1.24E-05	-1.15E-05
35	17	0	0	0	0	0	0	232	254	0	-2.56E-05	5.65E-06	-2.94E-05	-1.57E-05
35	18	0	0	0	0	0	0	232	254	0	-2.56E-05	5.65E-06	-2.94E-05	-1.57E-05
35	19	0	0	0	0	0	0	232	254	0	-2.93E-05	8.43E-06	-3.70E-05	-1.63E-05
36	0	0	0	0	0	0	0	232	254	0	-2.93E-05	8.43E-06	-3.70E-05	-1.63E-05
36	1	0	0	0	0	0	0	232	254	0	-2.97E-05	7.29E-06	-1.71E-05	-1.64E-05
36	2	0	0	0	0	0	0	232	254	0	-2.97E-05	7.29E-06	-1.71E-05	-1.64E-05
36	3	0	0	0	0	0	0	232	254	0	-2.93E-05	5.32E-06	6.30E-07	-1.73E-05
36	4	0	0	0	0	0	0	232	254	0	-2.93E-05	5.32E-06	6.30E-07	-1.73E-05
36	5	0	0	0	0	0	0	232	254	0	-2.83E-05	3.64E-06	-8.07E-06	-1.80E-05
36	6	0	0	0	0	0	0	232	254	0	-2.63E-05	2.31E-06	-1.33E-05	-1.58E-05
36	7	0	0	0	0	0	0	232	254	0	-2.63E-05	2.31E-06	-1.33E-05	-1.58E-05
36	8	0	0	0	0	0	0	232	254	0	-2.31E-05	3.21E-06	-1.74E-05	-1.27E-05
36	9	0	0	0	0	0	0	232	254	0	-2.31E-05	3.21E-06	-1.74E-05	-1.27E-05
36	10	0	0	0	0	0	0	232	254	0	-2.00E-05	3.64E-06	-1.02E-05	-1.09E-05
36	11	0	0	0	0	0	0	232	254	0	-2.00E-05	3.64E-06	-1.02E-05	-1.09E-05
36	12	0	0	0	0	0	0	232	254	0	-1.81E-05	5.27E-06	-2.05E-06	-8.78E-06
36	13	0	0	0	0	0	0	232	254	0	-1.81E-05	5.27E-06	-2.05E-06	-8.78E-06
36	14	0	0	0	0	0	0	232	254	0	-1.71E-05	2.99E-06	-8.21E-06	-1.05E-05
36	15	0	0	0	0	0	0	232	254	0	-1.83E-05	-4.59E-07	-3.71E-06	-1.21E-05
36	16	0	0	0	0	0	0	232	254	0	-1.83E-05	-4.59E-07	-3.71E-06	-1.21E-05
36	17	0	0	0	0	0	0	232	254	0	-1.92E-05	9.80E-08	-4.97E-06	-1.13E-05
36	18	0	0	0	0	0	0	232	254	0	-1.92E-05	9.80E-08	-4.97E-06	-1.13E-05
36	19	0	0	0	0	0	0	232	254	0	-2.01E-05	1.91E-06	-1.20E-05	-1.17E-05
37	0	0	0	0	0	0	0	232	254	0	-2.01E-05	1.91E-06	-1.20E-05	-1.17E-05
37	1	0	0	0	0	0	0	232	254	0	-2.19E-05	2.37E-06	-1.03E-05	-1.31E-05
37	2	0	0	0	0	0	0	232	254	0	-2.19E-05	2.37E-06	-1.03E-05	-1.31E-05
37	3	0	0	0	0	0	0	232	254	0	-2.09E-05	2.58E-06	-8.95E-06	-1.19E-05
37	4	0	0	0	0	0	0	232	254	0	-1.88E-05	2.87E-06	-4.42E-06	-1.22E-05
37	5	0	0	0	0	0	0	232	254	0	-1.88E-05	2.87E-06	-4.42E-06	-1.22E-05
37	6	0	0	0	0	0	0	232	254	0	-1.77E-05	1.98E-06	-2.44E-06	-1.41E-05
37	7	0	0	0	0	0	0	232	254	0	-1.77E-05	1.98E-06	-2.44E-06	-1.41E-05
37	8	0	0	0	0	0	0	232	254	0	-1.75E-05	2.94E-06	-9.14E-06	-1.50E-05
37	9	0	0	0	0	0	0	232	254	0	-1.75E-05	2.94E-06	-9.14E-06	-1.50E-05
37	10	0	0	0	0	0	0	232	254	0	-1.88E-05	3.44E-06	-1.28E-05	-1.57E-05
37	11	0	0	0	0	0	0	232	254	0	-1.88E-05	3.44E-06	-1.28E-05	-1.57E-05
37	12	0	0	0	0	0	0	232	254	0	-1.77E-05	2.83E-06	-1.16E-05	-1.61E-05
37	13	0	0	0	0	0	0	232	254	0	-1.80E-05	2.35E-06	-1.04E-05	-1.49E-05
37	14	0	0	0	0	0	0	232	254	0	-1.80E-05	2.35E-06	-1.04E-05	-1.49E-05
37	15	0	0	0	0	0	0	232	254	0	-1.87E-05	-7.57E-08	-1.13E-05	-1.41E-05
37	16	0	0	0	0	0	0	232	254	0	-1.87E-05	-7.57E-08	-1.13E-05	-1.41E-05
37	17	0	0	0	0	0	0	232	254	0	-1.90E-05	-1.50E-06	-1.02E-05	-1.30E-05
37	18	0	0	0	0	0	0	232	254	0	-1.90E-05	-1.50E-06	-1.02E-05	-1.30E-05
37	19	0	0	0	0	0	0	232	254	0	-1.80E-05	-2.69E-07	-9.53E-06	-1.08E-05
38	0	0	0	0	0	0	0	232	254	0	-1.80E-05	-2.69E-07	-9.53E-06	-1.08E-05
38	1	0	0	0	0	0	0	232	254	0	-1.83E-05	5.22E-07	-7.07E-06	-9.97E-06
38	2	0	0	0	0	0	0	232	254	0	-1.76E-05	2.76E-06	-6.73E-06	-7.91E-06
38	3	0	0	0	0	0	0	232	254	0	-1.76E-05	2.76E-06	-6.73E-06	-7.91E-06
38	4	0	0	0	0	0	0	232	254	0	-1.85E-05	2.09E-06	-3.26E-06	-6.01E-06
38	5	0	0	0	0	0	0	232	254	0	-1.85E-05	2.09E-06	-3.26E-06	-6.01E-06
38	6	0	0	0	0	0	0	232	254	0	-1.94E-05	1.91E-06	-1.82E-06	-7.24E-06
38	7	0	0	0	0	0	0	232	254	0	-1.94E-05	1.91E-06	-1.82E-06	-7.24E-06
38	8	0	0	0	0	0	0	232	254	0	-1.79E-05	4.35E-06	-6.26E-06	-9.61E-06
38	9	0	0	0	0	0	0	232	254	0	-1.79E-05	4.35E-06	-6.26E-06	-9.61E-06
38	10	0	0	0	0	0	0	232	254	0	-1.80E-05	3.28E-06	-2.42E-05	-9.95E-06
38	11	0	0	0	0	0	0	232	254	0	-2.02E-05	3.99E-06	-3.52E-05	-1.04E-05
38	12	0	0	0	0	0	0	232	254	0	-2.02E-05	3.99E-06	-3.52E-05	-1.04E-05
38	13	0	0	0	0	0	0	232	254	0	-1.94E-05	4.82E-06	-1.23E-05	-1.14E-05
38	14	0	0	0	0	0	0	232	254	0	-1.94E-05	4.82E-06	-1.23E-05	-1.14E-05
38	15	0	0	0	0	0	0	232	254	0	-1.80E-05	4.62E-06	-7.86E-06	-1.05E-05
38	16	0	0	0	0	0	0	232	254	0	-1.80E-05	4.62E-06	-7.86E-06	-1.05E-05
38	17	0	0	0	0	0	0	232	254	0	-1.85E-05	5.34E-06	-1.35E-05	-1.22E-05
38	18	0	0	0	0	0	0	232	254	0	-1.85E-05	5.34E-06	-1.35E-05	-1.22E-05
38	19	0	0	0	0	0	0	232	254	0	-1.98E-05	6.34E-06	-7.82E-06	-1.30E-05
39	0	0	0	0	0	0	0	232	254	0	-1.89E-05	7.24E-06	-2.00E-06	-1.33E-05
39	1	0	0	0	0	0	0	232	254	0	-1.89E-05	7.24E-06	-2.00E-06	-1.33E-05
39	2	0	0	0	0	0	0	232	254	0	-1.82E-05	7.32E-06	-3.86E-06	-1.40E-05
39	3	0	0	0	0	0	0	232	254	0	-1.82E-05	7.32E-06	-3.86E-06	-1.40E-05
39	4	0	0	0	0	0	0	232	254	0	-1.89E-05	7.13E-06	-9.02E-06	-1.40E-05
39	5	0	0	0	0	0	0	232	254	0	-1.89E-05	7.13E-06	-9.02E-06	-1.40E-05
39	6	0	0	0	0	0	0	232	254	0	-1.85E-05	9.02E-06	-6.28E-06	-1.11E-05
39	7	0	0	0	0	0	0	232	254	0	-1.85E-05	9.02E-06	-6.28E-06	-1.11E-05
39	8	0	0	0	0	0	0	232	254	0	-1.96E-05	1.07E-05	-4.53E-06	-1.00E-05
39	9	0	0	0	0	0	0	232	254	0	-1.95E-05	9.10E-06	-4.53E-06	-1.09E-05
39	10	0	0	0	0	0	0	232	254	0	-1.95E-05	9.10E-06	-4.53E-06	-1.09E-05
39	11	0	0	0	0	0	0	232	254	0	-2.02E-05	7.91E-06	-4.80E-06	-1.09E-05
39	12	0	0	0	0	0	0	232	254	0	-2.02E-05	7.91E-06	-4.80E-06	-1.09E-05
39	13	0	0	0	0	0	0	232	254	0	-2.20E-05	5.79E-06	-6.72E-06	-9.59E-06
39	14	0	0	0	0	0	0	232	254	0	-2.20E-05	5.79E-06	-6.72E-06	-9.59E-06
39	15	0	0	0	0	0	0	232	254	0	-2.37E-05	5.54E-06	-8.42E-06	-9.74E-06
39	16	0	0	0	0	0	0	232	254	0	-2.37E-05	5.54E-06	-8.42E-06	-9.74E-06
39	17	0	0	0	0	0	0	232	254	0	-2.61E-05	8.10E-06	-1.22E-05	-9.87E-06
39	18	0	0	0	0	0	0	232	254	0	-2.61E-05	1.06E-05	-1.39E-05	-1.10E-05
39	19	0	0	0	0	0	0	232	254	0	-2.61E-05	1.06E-05	-1.39E-05	-1.10E-05
40	0	0	0	0	0	0	0	232	254	0	-2.46E-05	1.06E-05	-1.40E-05	-1.26E-05
40	1	0	0	0	0	0	0	232	254	0	-2.46E-05	1.06E-05	-1.40E-05	-1.26E-05
40	2	0	0	0	0	0	0	232	254	0	-2.40E-05	8.24E-06	-1.70E-05	-1.14E-05
40	3	0	0	0	0	0	0	232	254	0	-2.40E-05	8.24E-06	-1.70E-05	-1.14E-05
40	4	0	0	0	0	0	0	232	254	0	-2.47E-05	7.04E-06	-2.05E-05	-1.27E-05
40	5	0	0	0	0	0	0	232	254	0	-2.47E-05	7.04E-06	-2.05E-05	-1.27E-05
40	6	0	0	0	0	0	0	232	254	0	-2.73E-05	5.74E-06	-1.20E-05	-1.40E-05
40	7	0	0	0	0	0	0	232	254	0	-2.69E-05	4.91E-06	-4.75E-06	-1.27E-05
40	8	0	0	0	0	0	0	232	254	0	-2.69E-05	4.91E-06	-4.75E-06	-1.27E-05
40	9	0	0	0	0	0	0	232	254	0	-2.58E-05	4.94E-06	-6.45E-06	-1.33E-05
40	10	0	0	0	0	0	0	232	254	0	-2.58E-05	4.94E-06	-6.45E-06	-1.33E-05
40	11	0	0	0	0	0	0	232	254	0	-2.52E-05	3.06E-06	-8.35E-06	-1.40E-05
40	12	0	0	0	0	0	0	232	254	0	-2.52E-05	3.06E-06	-8.35E-06	-1.40E-05
40	13	0	0	0	0	0	0	232	254	0	-2.35E-05	2.23E-06	-1.06E-05	-1.43E-05
40	14	0	0	0	0	0	0	232	254	0	-2.35E-05	2.23E-06	-1.06E-05	-1.43E-05
40	15	0	0	0	0	0	0	232	254	0	-2.45E-05	2.16E-06	-1.28E-05	-1.42E-05
40	16	0	0	0	0	0	0	232	254	0	-2.28E-05	-5.45E-07	-1.24E-05	-1.38E-05
40	17	0	0	0	0	0	0	232	254	0	-2.28E-05	-5.45E-07	-1.24E-05	-1.38E-05
40	18	0	0	0	0	0	0	232	254	0	-2.17E-05	-2.78E-06	-1.38E-05	-1.42E-05
40	19	0	0	0	0	0	0	232	254	0	-2.17E-05	-2.78E-06	-1.38E-05	-1.42E-05
41	0	0	0	0	0	0	0	232	254	0	-2.14E-05	-8.20E-07	-1.74E-05	-1.48E-05
41	1	0	0	0	0	0	0	232	254	0	-2.14E-05	-8.20E-07	-1.74E-05	-1.48E-05
41	2	0	0	0	0	0	0	232	254	0	-1.98E-05	1.64E-06	-7.06E-06	-1.36E-05
41	3	0	0	0	0	0	0	232	254	0	-1.98E-05	1.64E-06	-7.06E-06	-1.36E-05
41	4	0	0	0	0	0	0	232	254	0	-1.98E-05	2.78E-06	6.04E-06	-1.39E-05
41	5	0	0	0	0	0	0	232	254	0	-1.95E-05	4.71E-06	-2.77E-06	-1.40E-05
41	6	0	0	0	0	0	0	232	254	0	-1.95E-05	4.71E-06	-2.77E-06	-1.40E-05
41	7	0	0	0	0	0	0	232	254	0	-1.91E-05	5.59E-06	-9.77E-06	-1.44E-05
41	8	0	0	0	0	0	0	232	254	0	-1.91E-05	5.59E-06	-9.77E-06	-1.44E-05
41	9	0	0	0	0	0	0	232	254	0	-1.99E-05	3.16E-06	-8.47E-06	-1.39E-05
41	10	0	0	0	0	0	0	232	254	0	-1.99E-05	3.16E-06	-8.47E-06	-1.39E-05
41	11	0	0	0	0	0	0	232	254	0	-2.17E-05	-4.91E-07	-5.51E-06	-1.38E-05
41	12	0	0	0	0	0	0	232	254	0	-2.17E-05	-4.91E-07	-5.51E-06	-1.38E-05
41	13	0	0	0	0	0	0	232	254	0	-2.16E-05	-1.33E-06	-4.44E-06	-1.27E-05
41	14	0	0	0	0	0	0	232	254	0	-2.13E-05	-2.12E-07	-5.44E-06	-1.12E-05
41	15	0	0	0	0	0	0	232	254	0	-2.13E-05	-2.12E-07	-5.44E-06	-1.12E-05
41	16	0	0	0	0	0	0	232	254	0	-2.11E-05	-7.70E-07	-2.02E-06	-1.16E-05
41	17	0	0	0	0	0	0	232	254	0	-2.11E-05	-7.70E-07	-2.02E-06	-1.16E-05
41	18	0	0	0	0	0	0	232	254	0	-1.94E-05	-2.32E-06	-8.28E-06	-9.23E-06
41	19	0	0	0	0	0	0	232	254	0	-1.94E-05	-2.32E-06	-8.28E-06	-9.23E-06
42	0	0	0	0	0	0	0	232	254	0	-1.78E-05	-4.08E-07	-2.85E-05	-9.56E-06
42	1	0	0	0	0	0	0	232	254	0	-1.78E-05	-4.08E-07	-2.85E-05	-9.56E-06
42	2	0	0	0	0	0	0	232	254	0	-1.91E-05	4.10E-06	-3.45E-05	-1.23E-05
42	3	0	0	0	0	0	0	232	254	0	-1.97E-05	7.53E-06	-2.22E-05	-1.55E-05
42	4	0	0	0	0	0	0	232	254	0	-1.97E-05	7.53E-06	-2.22E-05	-1.55E-05
42	5	0	0	0	0	0	0	232	254	0	-1.80E-05	5.16E-06	-1.39E-05	-1.43E-05
42	6	0	0	0	0	0	0	232	254	0	-1.80E-05	5.16E-06	-1.39E-05	-1.43E-05
42	7	0	0	0	0	0	0	232	254	0	-1.89E-05	5.05E-06	-7.53E-06	-1.24E-05
42	8	0	0	0	0	0	0	232	254	0	-1.89E-05	5.05E-06	-7.53E-06	-1.24E-05
42	9	0	0	0	0	0	0	232	254	0	-2.26E-05	6.12E-06	-1.01E-05	-1.34E-05
42	10	0	0	0	0	0	0	232	254	0	-2.26E-05	6.12E-06	-1.01E-05	-1.34E-05
42	11	0	0	0	0	0	0	232	254	0	-2.35E-05	5.25E-06	-1.28E-05	-1.45E-05
42	12	0	0	0	0	0	0	232	254	0	-2.39E-05	3.33E-06	-1.08E-05	-1.38E-05
42	13	0	0	0	0	0	0	232	254	0	-2.39E-05	3.33E-06	-1.08E-05	-1.38E-05
42	14	0	0	0	0	0	0	232	254	0	-2.05E-05	3.23E-06	-1.57E-05	-1.49E-05
42	15	0	0	0	0	0	0	232	254	0	-2.05E-05	3.23E-06	-1.57E-05	-1.49E-05
42	16	0	0	0	0	0	0	232	254	0	-1.54E-05	3.81E-06	-1.60E-05	-1.49E-05
42	17	0	0	0	0	0	0	232	254	0	-1.54E-05	3.81E-06	-1.60E-05	-1.49E-05
42	18	0	0	0	0	0	0	232	254	0	-1.66E-05	5.95E-06	-1.16E-05	-1.44E-05
42	19	0	0	0	0	0	0	232	254	0	-1.66E-05	5.95E-06	-1.16E-05	-1.44E-05
43	0	0	0	0	0	0	0	232	254	0	-1.77E-05	7.24E-06	-1.07E-05	-1.42E-05
43	1	0	0	0	0	0	0	232	254	0	-1.85E-05	5.34E-06	-6.94E-06	-1.34E-05
43	2	0	0	0	0	0	0	232	254	0	-1.85E-05	5.34E-06	-6.94E-06	-1.34E-05
43	3	0	0	0	0	0	0	232	254	0	-2.16E-05	6.48E-06	8.97E-06	-1.24E-05
43	4	0	0	0	0	0	0	232	254	0	-2.16E-05	6.48E-06	8.97E-06	-1.24E-05
43	5	0	0	0	0	0	0	232	254	0	-2.40E-05	8.05E-06	6.60E-06	-1.28E-05
43	6	0	0	0	0	0	0	232	254	0	-2.40E-05	8.05E-06	6.60E-06	-1.28E-05
43	7	0	0	0	0	0	0	232	254	0	-2.63E-05	6.95E-06	3.41E-06	-1.42E-05
43	8	0	0	0	0	0	0	232	254	0	-2.63E-05	6.95E-06	3.41E-06	-1.42E-05
43	9	0	0	0	0	0	0	232	254	0	-2.79E-05	7.98E-06	8.03E-06	-1.28E-05
43	10	0	0	0	0	0	0	232	254	0	-2.80E-05	1.15E-05	-1.56E-06	-1.29E-05
43	11	0	0	0	0	0	0	232	254	0	-2.80E-05	1.15E-05	-1.56E-06	-1.29E-05
43	12	0	0	0	0	0	0	232	254	0	-2.53E-05	8.00E-06	-1.28E-05	-1.10E-05
43	13	0	0	0	0	0	0	232	254	0	-2.53E-05	8.00E-06	-1.28E-05	-1.10E-05
43	14	0	0	0	0	0	0	232	254	0	-2.20E-05	4.12E-06	-9.38E-06	-7.58E-06
43	15	0	0	0	0	0	0	232	254	0	-2.20E-05	4.12E-06	-9.38E-06	-7.58E-06
43	16	0	0	0	0	0	0	232	254	0	-1.77E-05	2.10E-06	6.44E-06	-8.10E-06
43	17	0	0	0	0	0	0	232	254	0	-1.77E-05	2.10E-06	6.44E-06	-8.10E-06
43	18	0	0	0	0	0	0	232	254	0	-1.74E-05	-5.16E-07	3.88E-07	-1.06E-05
43	19	0	0	0	0	0	0	232	254	0	-1.81E-05	6.81E-07	-5.56E-06	-1.06E-05
44	0	0	0	0	0	0	0	232	254	0	-1.81E-05	6.81E-07	-5.56E-06	-1.06E-05
44	1	0	0	0	0	0	0	232	254	0	-1.73E-05	1.91E-06	-3.08E-06	-1.05E-05
44	2	0	0	0	0	0	0	232	254	0	-1.73E-05	1.91E-06	-3.08E-06	-1.05E-05
44	3	0	0	0	0	0	0	232	254	0	-1.99E-05	3.02E-06	9.87E-08	-1.16E-05
44	4	0	0	0	0	0	0	232	254	0	-1.99E-05	3.02E-06	9.87E-08	-1.16E-05
44	5	0	0	0	0	0	0	232	254	0	-2.19E-05	7.34E-06	1.65E-06	-1.33E-05
44	6	0	0	0	0	0	0	232	254	0	-2.19E-05	7.34E-06	1.65E-06	-1.33E-05
44	7	0	0	0	0	0	0	232	254	0	-2.13E-05	6.94E-06	-5.53E-07	-1.61E-05
44	8	0	0	0	0	0	0	232	254	0	-1.90E-05	6.88E-06	-6.76E-06	-1.83E-05
44	9	0	0	0	0	0	0	232	254	0	-1.90E-05	6.88E-06	-6.76E-06	-1.83E-05
44	10	0	0	0	0	0	0	232	254	0	-1.95E-05	1.14E-05	-9.10E-06	-1.84E-05
44	11	0	0	0	0	0	0	232	254	0	-1.95E-05	1.14E-05	-9.10E-06	-1.84E-05
44	12	0	0	0	0	0	0	232	254	0	-2.06E-05	1.18E-05	-8.05E-06	-1.62E-05
44	13	0	0	0	0	0	0	232	254	0	-2.06E-05	1.18E-05	-8.05E-06	-1.62E-05
44	14	0	0	0	0	0	0	232	254	0	-1.83E-05	7.80E-06	-7.53E-06	-1.15E-05
44	15	0	0	0	0	0	0	232	254	0	-1.83E-05	7.80E-06	-7.53E-06	-1.15E-05
44	16	0	0	0	0	0	0	232	254	0	-1.81E-05	7.13E-06	-1.19E-05	-6.08E-06
44	17	0	0	0	0	0	0	232	254	0	-1.90E-05	6.59E-06	-1.25E-05	-7.50E-07
44	18	0	0	0	0	0	0	232	254	0	-1.90E-05	6.59E-06	-1.25E-05	-7.50E-07
44	19	0	0	0	0	0	0	232	254	0	-1.84E-05	6.77E-06	-1.04E-05	-8.79E-07
45	0	0	0	0	0	0	0	232	254	0	-1.84E-05	6.77E-06	-1.04E-05	-8.79E-07
45	1	0	0	0	0	0	0	232	254	0	-1.83E-05	6.15E-06	-1.37E-05	-6.01E-06
45	2	0	0	0	0	0	0	232	254	0	-1.83E-05	6.15E-06	-1.37E-05	-6.01E-06
45	3	0	0	0	0	0	0	232	254	0	-2.08E-05	6.84E-06	-1.29E-05	-9.31E-06
45	4	0	0	0	0	0	0	232	254	0	-2.08E-05	6.84E-06	-1.29E-05	-9.31E-06
45	5	0	0	0	0	0	0	232	254	0	-2.18E-05	6.28E-06	-7.82E-06	-1.11E-05
45	6	0	0	0	0	0	0	232	254	0	-2.04E-05	4.27E-06	-5.29E-06	-1.28E-05
45	7	0	0	0	0	0	0	232	254	0	-2.04E-05	4.27E-06	-5.29E-06	-1.28E-05
45	8	0	0	0	0	0	0	232	254	0	-2.14E-05	2.47E-06	-6.72E-06	-1.39E-05
45	9	0	0	0	0	0	0	232	254	0	-2.14E-05	2.47E-06	-6.72E-06	-1.39E-05
45	10	0	0	0	0	0	0	232	254	0	-2.22E-05	2.25E-06	-1.28E-05	-1.35E-05
45	11	0	0	0	0	0	0	232	254	0	-2.22E-05	2.25E-06	-1.28E-05	-1.35E-05
45	12	0	0	0	0	0	0	232	254	0	-2.27E-05	2.75E-06	-1.60E-05	-1.27E-05
45	13	0	0	0	0	0	0	232	254	0	-2.27E-05	2.75E-06	-1.60E-05	-1.27E-05
45	14	0	0	0	0	0	0	232	254	0	-2.34E-05	3.59E-06	-1.33E-05	-1.33E-05
45	15	0	0	0	0	0	0	232	254	0	-2.32E-05	6.25E-06	-9.00E-06	-1.46E-05
45	16	0	0	0	0	0	0	232	254	0	-2.32E-05	6.25E-06	-9.00E-06	-1.46E-05
45	17	0	0	0	0	0	0	232	254	0	-1.98E-05	6.37E-06	-9.14E-06	-1.56E-05
45	18	0	0	0	0	0	0	232	254	0	-1.98E-05	6.37E-06	-9.14E-06	-1.56E-05
45	19	0	0	0	0	0	0	232	254	0	-1.66E-05	5.11E-06	-1.35E-05	-1.43E-05
46	0	0	0	0	0	0	0	232	254	0	-1.66E-05	5.11E-06	-1.35E-05	-1.43E-05
46	1	0	0	0	0	0	0	232	254	0	-1.81E-05	4.38E-06	-1.74E-05	-1.37E-05
46	2	0	0	0	0	0	0	232	254	0	-1.81E-05	4.38E-06	-1.74E-05	-1.37E-05
46	3	0	0	0	0	0	0	232	254	0	-2.11E-05	3.20E-06	-1.77E-05	-1.43E-05
46	4	0	0	0	0	0	0	232	254	0	-2.22E-05	1.85E-06	-1.36E-05	-1.50E-05
46	5	0	0	0	0	0	0	232	254	0	-2.22E-05	1.85E-06	-1.36E-05	-1.50E-05
46	6	0	0	0	0	0	0	232	254	0	-2.42E-05	-4.25E-07	-1.24E-05	-1.64E-05
46	7	0	0	0	0	0	0	232	254	0	-2.42E-05	-4.25E-07	-1.24E-05	-1.64E-05
46	8	0	0	0	0	0	0	232	254	0	-2.67E-05	-7.18E-07	-1.15E-05	-1.61E-05
46	9	0	0	0	0	0	0	232	254	0	-2.67E-05	-7.18E-07	-1.15E-05	-1.61E-05
46	10	0	0	0	0	0	0	232	254	0	-2.67E-05	1.35E-06	-8.73E-06	-1.48E-05
46	11	0	0	0	0	0	0	232	254	0	-2.67E-05	1.35E-06	-8.73E-06	-1.48E-05
46	12	0	0	0	0	0	0	232	254	0	-2.43E-05	2.56E-06	-1.10E-05	-1.36E-05
46	13	0	0	0	0	0	0	232	254	0	-2.37E-05	2.79E-06	-1.14E-05	-1.33E-05
46	14	0	0	0	0	0	0	232	254	0	-2.37E-05	2.79E-06	-1.14E-05	-1.33E-05
46	15	0	0	0	0	0	0	232	254	0	-2.30E-05	2.13E-06	-1.26E-05	-1.12E-05
46	16	0	0	0	0	0	0	232	254	0	-2.30E-05	2.13E-06	-1.26E-05	-1.12E-05
46	17	0	0	0	0	0	0	232	254	0	-2.29E-05	7.38E-07	-1.40E-05	-1.13E-05
46	18	0	0	0	0	0	0	232	254	0	-2.29E-05	7.38E-07	-1.40E-05	-1.13E-05
46	19	0	0	0	0	0	0	232	254	0	-2.22E-05	1.26E-06	-9.18E-06	-1.29E-05
47	0	0	0	0	0	0	0	232	254	0	-2.22E-05	1.26E-06	-9.18E-06	-1.29E-05
47	1	0	0	0	0	0	0	232	254	0	-2.16E-05	2.02E-06	-3.49E-06	-1.25E-05
47	2	0	0	0	0	0	0	232	254	0	-2.11E-05	3.10E-06	-5.05E-06	-1.22E-05
47	3	0	0	0	0	0	0	232	254	0	-2.11E-05	3.10E-06	-5.05E-06	-1.22E-05
47	4	0	0	0	0	0	0	232	254	0	-2.01E-05	2.34E-06	-1.00E-05	-1.19E-05
47	5	0	0	0	0	0	0	232	254	0	-2.01E-05	2.34E-06	-1.00E-05	-1.19E-05
47	6	0	0	0	0	0	0	232	254	0	-2.08E-05	1.42E-06	-1.34E-05	-1.44E-05
47	7	0	0	0	0	0	0	232	254	0	-2.08E-05	1.42E-06	-1.34E-05	-1.44E-05
47	8	0	0	0	0	0	0	232	254	0	-2.18E-05	3.22E-06	-1.52E-05	-1.55E-05
47	9	0	0	0	0	0	0	232	254	0	-2.18E-05	3.22E-06	-1.52E-05	-1.55E-05
47	10	0	0	0	0	0	0	232	254	0	-2.12E-05	4.62E-06	-1.49E-05	-1.48E-05
47	11	0	0	0	0	0	0	232	254	0	-2.05E-05	5.25E-06	-1.86E-05	-1.36E-05
47	12	0	0	0	0	0	0	232	254	0	-2.05E-05	5.25E-06	-1.86E-05	-1.36E-05
47	13	0	0	0	0	0	0	232	254	0	-2.16E-05	5.36E-06	-2.03E-05	-9.86E-06
47	14	0	0	0	0	0	0	232	254	0	-2.16E-05	5.36E-06	-2.03E-05	-9.86E-06
47	15	0	0	0	0	0	0	232	254	0	-2.02E-05	4.33E-06	-1.70E-05	-7.32E-06
47	16	0	0	0	0	0	0	232	254	0	-2.02E-05	4.33E-06	-1.70E-05	-7.32E-06
47	17	0	0	0	0	0	0	232	254	0	-2.01E-05	5.47E-06	-1.08E-05	-6.82E-06
47	18	0	0	0	0	0	0	232	254	0	-2.01E-05	5.47E-06	-1.08E-05	-6.82E-06
47	19	0	0	0	0	0	0	232	254	0	-2.17E-05	7.04E-06	-5.17E-06	-6.31E-06
48	0	0	0	0	0	0	0	232	254	0	-2.19E-05	5.70E-06	1.48E-06	-6.01E-06
48	1	0	0	0	0	0	0	232	254	0	-2.19E-05	5.70E-06	1.48E-06	-6.01E-06
48	2	0	0	0	0	0	0	232	254	0	-2.34E-05	4.71E-06	6.98E-06	-7.04E-06
48	3	0	0	0	0	0	0	232	254	0	-2.34E-05	4.71E-06	6.98E-06	-7.04E-06
48	4	0	0	0	0	0	0	232	254	0	-2.32E-05	5.79E-06	-2.17E-07	-8.12E-06
48	5	0	0	0	0	0	0	232	254	0	-2.32E-05	5.79E-06	-2.17E-07	-8.12E-06
48	6	0	0	0	0	0	0	232	254	0	-2.08E-05	5.20E-06	-8.76E-06	-9.05E-06
48	7	0	0	0	0	0	0	232	254	0	-2.08E-05	5.20E-06	-8.76E-06	-9.05E-06
48	8	0	0	0	0	0	0	232	254	0	-1.93E-05	5.47E-06	-1.40E-05	-1.24E-05
48	9	0	0	0	0	0	0	232	254	0	-1.91E-05	6.95E-06	-2.87E-05	-1.35E-05
48	10	0	0	0	0	0	0	232	254	0	-1.91E-05	6.95E-06	-2.87E-05	-1.35E-05
48	11	0	0	0	0	0	0	232	254	0	-1.79E-05	4.94E-06	-4.74E-05	-1.32E-05
48	12	0	0	0	0	0	0	232	254	0	-1.79E-05	4.94E-06	-4.74E-05	-1.32E-05
48	13	0	0	0	0	0	0	232	254	0	-1.73E-05	2.97E-06	-1.68E-05	-1.54E-05
48	14	0	0	0	0	0	0	232	254	0	-1.73E-05	2.97E-06	-1.68E-05	-1.54E-05
48	15	0	0	0	0	0	0	232	254	0	-1.75E-05	1.33E-06	5.61E-06	-1.68E-05
48	16	0	0	0	0	0	0	232	254	0	-1.75E-05	1.33E-06	5.61E-06	-1.68E-05
48	17	0	0	0	0	0	0	232	254	0	-1.67E-05	1.68E-07	1.66E-06	-1.38E-05
48	18	0	0	0	0	0	0	232	254	0	-1.58E-05	3.01E-07	-1.45E-05	-1.26E-05
48	19	0	0	0	0	0	0	232	254	0	-1.58E-05	3.01E-07	-1.45E-05	-1.26E-05
49	0	0	0	0	0	0	0	232	254	0	-1.64E-05	1.09E-06	-2.26E-05	-1.32E-05
49	1	0	0	0	0	0	0	232	254	0	-1.64E-05	1.09E-06	-2.26E-05	-1.32E-05
49	2	0	0	0	0	0	0	232	254	0	-1.72E-05	2.81E-07	4.48E-07	-1.50E-05
49	3	0	0	0	0	0	0	232	254	0	-1.72E-05	2.81E-07	4.48E-07	-1.50E-05
49	4	0	0	0	0	0	0	232	254	0	-1.65E-05	-9.75E-07	1.19E-05	-1.41E-05
49	5	0	0	0	0	0	0	232	254	0	-1.65E-05	-9.75E-07	1.19E-05	-1.41E-05
49	6	0	0	0	0	0	0	232	254	0	-1.80E-05	4.47E-07	2.72E-06	-1.39E-05
49	7	0	0	0	0	0	0	232	254	0	-2.04E-05	1.09E-06	2.83E-06	-1.38E-05
49	8	0	0	0	0	0	0	232	254	0	-2.04E-05	1.09E-06	2.83E-06	-1.38E-05
49	9	0	0	0	0	0	0	232	254	0	-2.16E-05	3.26E-07	7.99E-06	-1.30E-05
49	10	0	0	0	0	0	0	232	254	0	-2.16E-05	3.26E-07	7.99E-06	-1.30E-05
49	11	0	0	0	0	0	0	232	254	0	-2.32E-05	-7.06E-07	-1.28E-06	-1.37E-05
49	12	0	0	0	0	0	0	232	254	0	-2.32E-05	-7.06E-07	-1.28E-06	-1.37E-05
49	13	0	0	0	0	0	0	232	254	0	-2.21E-05	3.01E-07	-9.29E-06	-1.40E-05
49	14	0	0	0	0	0	0	232	254	0	-2.21E-05	3.01E-07	-9.29E-06	-1.40E-05
49	15	0	0	0	0	0	0	232	254	0	-2.28E-05	1.15E-06	-1.43E-05	-1.25E-05
49	16	0	0	0	0	0	0	232	254	0	-2.13E-05	1.34E-06	-1.45E-05	-1.17E-05
49	17	0	0	0	0	0	0	232	254	0	-2.13E-05	1.34E-06	-1.45E-05	-1.17E-05
49	18	0	0	0	0	0	0	232	254	0	-2.15E-05	3.73E-06	-8.95E-06	-1.28E-05
49	19	0	0	0	0	0	0	232	254	0	-2.15E-05	3.73E-06	-8.95E-06	-1.28E-05
50	0	0	0	0	0	0	0	232	254	0	-2.24E-05	5.26E-06	-8.85E-06	-1.32E-05
50	1	0	0	0	0	0	0	232	254	0	-2.24E-05	5.26E-06	-8.85E-06	-1.32E-05
50	2	0	0	0	0	0	0	232	254	0	-2.08E-05	6.83E-06	-1.33E-05	-1.38E-05
50	3	0	0	0	0	0	0	232	254	0	-2.08E-05	6.83E-06	-1.33E-05	-1.38E-05
50	4	0	0	0	0	0	0	232	254	0	-1.99E-05	7.73E-06	-1.50E-05	-1.32E-05
50	5	0	0	0	0	0	0	232	254	0	-2.16E-05	8.76E-06	-1.08E-05	-1.26E-05
50	6	0	0	0	0	0	0	232	254	0	-2.16E-05	8.76E-06	-1.08E-05	-1.26E-05
50	7	0	0	0	0	0	0	232	254	0	-2.35E-05	7.51E-06	-8.14E-06	-1.07E-05
50	8	0	0	0	0	0	0	232	254	0	-2.35E-05	7.51E-06	-8.14E-06	-1.07E-05
50	9	0	0	0	0	0	0	232	254	0	-2.25E-05	4.92E-06	-6.13E-06	-1.12E-05
50	10	0	0	0	0	0	0	232	254	0	-2.25E-05	4.92E-06	-6.13E-06	-1.12E-05
50	11	0	0	0	0	0	0	232	254	0	-2.18E-05	4.42E-06	4.12E-06	-1.10E-05
50	12	0	0	0	0	0	0	232	254	0	-2.18E-05	4.42E-06	4.12E-06	-1.10E-05
50	13	0	0	0	0	0	0	232	254	0	-2.24E-05	6.03E-06	9.28E-06	-9.30E-06
50	14	0	0	0	0	0	0	232	254	0	-2.05E-05	6.92E-06	1.11E-06	-9.71E-06
50	15	0	0	0	0	0	0	232	254	0	-2.05E-05	6.92E-06	1.11E-06	-9.71E-06
50	16	0	0	0	0	0	0	232	254	0	-2.03E-05	5.93E-06	-1.28E-05	-9.48E-06
50	17	0	0	0	0	0	0	232	254	0	-2.03E-05	5.93E-06	-1.28E-05	-9.48E-06
50	18	0	0	0	0	0	0	232	254	0	-2.05E-05	5.63E-06	-2.43E-05	-9.16E-06
50	19	0	0	0	0	0	0	232	254	0	-2.05E-05	5.63E-06	-2.43E-05	-9.16E-06
51	0	0	0	0	0	0	0	232	254	0	-2.06E-05	8.10E-06	-3.77E-05	-1.10E-05
51	1	0	0	0	0	0	0	232	254	0	-2.06E-05	8.10E-06	-3.77E-05	-1.10E-05
51	2	0	0	0	0	0	0	232	254	0	-2.16E-05	6.05E-06	-1.68E-05	-1.17E-05
51	3	0	0	0	0	0	0	232	254	0	-2.08E-05	5.28E-06	1.92E-06	-1.28E-05
51	4	0	0	0	0	0	0	232	254	0	-2.08E-05	5.28E-06	1.92E-06	-1.28E-05
51	5	0	0	0	0	0	0	232	254	0	-1.94E-05	7.15E-06	-1.19E-05	-1.52E-05
51	6	0	0	0	0	0	0	232	254	0	-1.94E-05	7.15E-06	-1.19E-05	-1.52E-05
51	7	0	0	0	0	0	0	232	254	0	-2.05E-05	9.21E-06	-1.86E-05	-1.45E-05
51	8	0	0	0	0	0	0	232	254	0	-2.05E-05	9.21E-06	-1.86E-05	-1.45E-05
51	9	0	0	0	0	0	0	232	254	0	-2.19E-05	1.11E-05	-9.73E-06	-1.41E-05
51	10	0	0	0	0	0	0	232	254	0	-2.19E-05	1.11E-05	-9.73E-06	-1.41E-05
51	11	0	0	0	0	0	0	232	254	0	-2.35E-05	9.95E-06	-4.15E-06	-1.74E-05
51	12	0	0	0	0	0	0	232	254	0	-2.23E-05	7.97E-06	-4.28E-06	-1.78E-05
51	13	0	0	0	0	0	0	232	254	0	-2.23E-05	7.97E-06	-4.28E-06	-1.78E-05
51	14	0	0	0	0	0	0	232	254	0	-2.19E-05	7.45E-06	-7.18E-06	-1.78E-05
51	15	0	0	0	0	0	0	232	254	0	-2.19E-05	7.45E-06	-7.18E-06	-1.78E-05
51	16	0	0	0	0	0	0	232	254	0	-2.09E-05	7.98E-06	-8.10E-06	-1.59E-05
51	17	0	0	0	0	0	0	232	254	0	-2.09E-05	7.98E-06	-8.10E-06	-1.59E-05
51	18	0	0	0	0	0	0	232	254	0	-2.05E-05	8.47E-06	-8.77E-06	-1.14E-05
51	19	0	0	0	0	0	0	232	254	0	-2.05E-05	8.47E-06	-8.77E-06	-1.14E-05
52	0	0	0	0	0	0	0	232	254	0	-2.08E-05	7.44E-06	-1.11E-05	-9.91E-06
52	1	0	0	0	0	0	0	232	254	0	-2.18E-05	4.58E-06	-1.01E-05	-8.74E-06
52	2	0	0	0	0	0	0	232	254	0	-2.18E-05	4.58E-06	-1.01E-05	-8.74E-06
52	3	0	0	0	0	0	0	232	254	0	-2.26E-05	4.69E-06	-9.34E-06	-7.65E-06
52	4	0	0	0	0	0	0	232	254	0	-2.26E-05	4.69E-06	-9.34E-06	-7.65E-06
52	5	0	0	0	0	0	0	232	254	0	-2.19E-05	3.35E-06	-1.25E-05	-7.71E-06
52	6	0	0	0	0	0	0	232	254	0	-2.19E-05	3.35E-06	-1.25E-05	-7.71E-06
52	7	0	0	0	0	0	0	232	254	0	-2.06E-05	2.23E-06	-1.37E-05	-1.10E-05
52	8	0	0	0	0	0	0	232	254	0	-2.06E-05	2.23E-06	-1.37E-05	-1.10E-05
52	9	0	0	0	0	0	0	232	254	0	-1.79E-05	2.83E-06	-1.13E-05	-1.21E-05
52	10	0	0	0	0	0	0	232	254	0	-1.55E-05	4.98E-06	-1.21E-05	-1.32E-05
52	11	0	0	0	0	0	0	232	254	0	-1.55E-05	4.98E-06	-1.21E-05	-1.32E-05
52	12	0	0	0	0	0	0	232	254	0	-1.74E-05	5.60E-06	-1.64E-05	-1.41E-05
52	13	0	0	0	0	0	0	232	254	0	-1.74E-05	5.60E-06	-1.64E-05	-1.41E-05
52	14	0	0	0	0	0	0	232	254	0	-2.02E-05	4.82E-06	-1.62E-05	-1.42E-05
52	15	0	0	0	0	0	0	232	254	0	-2.02E-05	4.82E-06	-1.62E-05	-1.42E-05
52	16	0	0	0	0	0	0	232	254	0	-1.97E-05	3.91E-06	-1.06E-05	-1.37E-05
52	17	0	0	0	0	0	0	232	254	0	-1.97E-05	3.91E-06	-1.06E-05	-1.37E-05
52	18	0	0	0	0	0	0	232	254	0	-2.07E-05	-3.91E-07	-6.49E-06	-1.20E-05
52	19	0	0	0	0	0	0	232	254	0	-2.24E-05	-1.80E-06	-7.48E-06	-1.07E-05
53	0	0	0	0	0	0	0	232	254	0	-2.24E-05	-1.80E-06	-7.48E-06	-1.07E-05
53	1	0	0	0	0	0	0	232	254	0	-2.22E-05	-1.29E-06	-9.39E-06	-1.18E-05
53	2	0	0	0	0	0	0	232	254	0	-2.22E-05	-1.29E-06	-9.39E-06	-1.18E-05
53	3	0	0	0	0	0	0	232	254	0	-2.22E-05	7.47E-07	-1.06E-05	-1.19E-05
53	4	0	0	0	0	0	0	232	254	0	-2.22E-05	7.47E-07	-1.06E-05	-1.19E-05
53	5	0	0	0	0	0	0	232	254	0	-2.25E-05	4.62E-06	-1.16E-05	-1.16E-05
53	6	0	0	0	0	0	0	232	254	0	-2.25E-05	4.62E-06	-1.16E-05	-1.16E-05
53	7	0	0	0	0	0	0	232	254	0	-2.24E-05	5.34E-06	-9.57E-06	-1.17E-05
53	8	0	0	0	0	0	0	232	254	0	-2.30E-05	6.25E-06	-8.99E-06	-1.37E-05
53	9	0	0	0	0	0	0	232	254	0	-2.30E-05	6.25E-06	-8.99E-06	-1.37E-05
53	10	0	0	0	0	0	0	232	254	0	-2.31E-05	6.37E-06	-4.98E-06	-1.30E-05
53	11	0	0	0	0	0	0	232	254	0	-2.31E-05	6.37E-06	-4.98E-06	-1.30E-05
53	12	0	0	0	0	0	0	232	254	0	-2.28E-05	4.91E-06	-3.93E-06	-1.34E-05
53	13	0	0	0	0	0	0	232	254	0	-2.28E-05	4.91E-06	-3.93E-06	-1.34E-05
53	14	0	0	0	0	0	0	232	254	0	-2.15E-05	3.13E-06	-6.43E-06	-1.43E-05
53	15	0	0	0	0	0	0	232	254	0	-2.15E-05	3.13E-06	-6.43E-06	-1.43E-05
53	16	0	0	0	0	0	0	232	254	0	-2.16E-05	3.88E-06	-5.37E-06	-1.55E-05
53	17	0	0	0	0	0	0	232	254	0	-2.33E-05	4.01E-06	-3.06E-06	-1.55E-05
53	18	0	0	0	0	0	0	232	254	0	-2.33E-05	4.01E-06	-3.06E-06	-1.55E-05
53	19	0	0	0	0	0	0	232	254	0	-2.28E-05	4.31E-06	-2.49E-06	-1.44E-05
54	0	0	0	0	0	0	0	232	254	0	-2.28E-05	4.31E-06	-2.49E-06	-1.44E-05
54	1	0	0	0	0	0	0	232	254	0	-2.15E-05	6.73E-06	-4.89E-06	-1.27E-05
54	2	0	0	0	0	0	0	232	254	0	-2.15E-05	6.73E-06	-4.89E-06	-1.27E-05
54	3	0	0	0	0	0	0	232	254	0	-2.24E-05	3.35E-06	-7.82E-06	-1.16E-05
54	4	0	0	0	0	0	0	232	254	0	-2.24E-05	3.35E-06	-7.82E-06	-1.16E-05
54	5	0	0	0	0	0	0	232	254	0	-2.17E-05	2.40E-06	-1.23E-05	-1.15E-05
54	6	0	0	0	0	0	0	232	254	0	-2.18E-05	3.84E-06	-1.54E-05	-8.69E-06
54	7	0	0	0	0	0	0	232	254	0	-2.18E-05	3.84E-06	-1.54E-05	-8.69E-06
54	8	0	0	0	0	0	0	232	254	0	-2.24E-05	3.69E-06	-1.27E-05	-6.26E-06
54	9	0	0	0	0	0	0	232	254	0	-2.24E-05	3.69E-06	-1.27E-05	-6.26E-06
54	10	0	0	0	0	0	0	232	254	0	-2.08E-05	3.60E-06	-2.01E-06	-6.81E-06
54	11	0	0	0	0	0	0	232	254	0	-2.08E-05	3.60E-06	-2.01E-06	-6.81E-06
54	12	0	0	0	0	0	0	232	254	0	-1.98E-05	2.95E-06	6.28E-06	-8.89E-06
54	13	0	0	0	0	0	0	232	254	0	-1.98E-05	2.95E-06	6.28E-06	-8.89E-06
54	14	0	0	0	0	0	0	232	254	0	-2.00E-05	2.27E-06	-5.76E-06	-1.11E-05
54	15	0	0	0	0	0	0	232	254	0	-2.19E-05	3.81E-07	-1.61E-05	-1.10E-05
54	16	0	0	0	0	0	0	232	254	0	-2.19E-05	3.81E-07	-1.61E-05	-1.10E-05
54	17	0	0	0	0	0	0	232	254	0	-2.12E-05	-1.51E-06	-1.56E-05	-1.14E-05
54	18	0	0	0	0	0	0	232	254	0	-2.12E-05	-1.51E-06	-1.56E-05	-1.14E-05
54	19	0	0	0	0	0	0	232	254	0	-2.02E-05	-1.29E-06	-6.03E-06	-9.90E-06
55	0	0	0	0	0	0	0	232	254	0	-2.02E-05	-1.29E-06	-6.03E-06	-9.90E-06
55	1	0	0	0	0	0	0	232	254	0	-1.93E-05	5.25E-07	-1.57E-06	-7.92E-06
55	2	0	0	0	0	0	0	232	254	0	-1.93E-05	5.25E-07	-1.57E-06	-7.92E-06
55	3	0	0	0	0	0	0	232	254	0	-2.04E-05	3.25E-06	-8.69E-06	-9.63E-06
55	4	0	0	0	0	0	0	232	254	0	-2.14E-05	6.10E-06	-9.03E-06	-1.25E-05
55	5	0	0	0	0	0	0	232	254	0	-2.14E-05	6.10E-06	-9.03E-06	-1.25E-05
55	6	0	0	0	0	0	0	232	254	0	-2.18E-05	7.35E-06	-5.45E-06	-1.46E-05
55	7	0	0	0	0	0	0	232	254	0	-2.18E-05	7.35E-06	-5.45E-06	-1.46E-05
55	8	0	0	0	0	0	0	232	254	0	-2.13E-05	5.89E-06	-5.00E-06	-1.68E-05
55	9	0	0	0	0	0	0	232	254	0	-2.13E-05	5.89E-06	-5.00E-06	-1.68E-05
55	10	0	0	0	0	0	0	232	254	0	-2.08E-05	5.00E-06	-5.92E-06	-1.59E-05
55	11	0	0	0	0	0	0	232	254	0	-2.08E-05	5.00E-06	-5.92E-06	-1.59E-05
55	12	0	0	0	0	0	0	232	254	0	-1.98E-05	5.74E-06	-6.34E-06	-1.56E-05
55	13	0	0	0	0	0	0	232	254	0	-2.03E-05	4.56E-06	-7.13E-06	-1.57E-05
55	14	0	0	0	0	0	0	232	254	0	-2.03E-05	4.56E-06	-7.13E-06	-1.57E-05
55	15	0	0	0	0	0	0	232	254	0	-2.48E-05	2.41E-06	-6.64E-06	-1.61E-05
55	16	0	0	0	0	0	0	232	254	0	-2.48E-05	2.41E-06	-6.64E-06	-1.61E-05
55	17	0	0	0	0	0	0	232	254	0	-2.54E-05	1.75E-06	-7.40E-06	-1.59E-05
55	18	0	0	0	0	0	0	232	254	0	-2.54E-05	1.75E-06	-7.40E-06	-1.59E-05
55	19	0	0	0	0	0	0	232	254	0	-2.24E-05	2.12E-06	-8.87E-06	-1.35E-05
56	0	0	0	0	0	0	0	232	254	0	-2.24E-05	2.12E-06	-8.87E-06	-1.35E-05
56	1	0	0	0	0	0	0	232	254	0	-2.02E-05	1.61E-06	-1.11E-05	-1.29E-05
56	2	0	0	0	0	0	0	232	254	0	-1.72E-05	1.17E-06	-1.24E-05	-1.29E-05
56	3	0	0	0	0	0	0	232	254	0	-1.72E-05	1.17E-06	-1.24E-05	-1.29E-05
56	4	0	0	0	0	0	0	232	254	0	-1.45E-05	1.29E-06	-1.06E-05	-1.30E-05
56	5	0	0	0	0	0	0	232	254	0	-1.45E-05	1.29E-06	-1.06E-05	-1.30E-05
56	6	0	0	0	0	0	0	232	254	0	-1.66E-05	1.90E-06	-9.11E-06	-1.36E-05
56	7	0	0	0	0	0	0	232	254	0	-1.66E-05	1.90E-06	-9.11E-06	-1.36E-05
56	8	0	0	0	0	0	0	232	254	0	-1.86E-05	1.67E-06	-1.18E-05	-1.37E-05
56	9	0	0	0	0	0	0	232	254	0	-1.86E-05	1.67E-06	-1.18E-05	-1.37E-05
56	10	0	0	0	0	0	0	232	254	0	-1.86E-05	5.27E-06	-1.31E-05	-1.47E-05
56	11	0	0	0	0	0	0	232	254	0	-1.93E-05	7.53E-06	-1.07E-05	-1.53E-05
56	12	0	0	0	0	0	0	232	254	0	-1.93E-05	7.53E-06	-1.07E-05	-1.53E-05
56	13	0	0	0	0	0	0	232	254	0	-1.77E-05	4.71E-06	-2.82E-06	-1.50E-05
56	14	0	0	0	0	0	0	232	254	0	-1.77E-05	4.71E-06	-2.82E-06	-1.50E-05
56	15	0	0	0	0	0	0	232	254	0	-1.63E-05	1.82E-06	-3.61E-06	-1.25E-05
56	16	0	0	0	0	0	0	232	254	0	-1.63E-05	1.82E-06	-3.61E-06	-1.25E-05
56	17	0	0	0	0	0	0	232	254	0	-1.84E-05	4.57E-06	-1.72E-05	-9.83E-06
56	18	0	0	0	0	0	0	232	254	0	-1.84E-05	4.57E-06	-1.72E-05	-9.83E-06
56	19	0	0	0	0	0	0	232	254	0	-1.91E-05	9.03E-06	-1.59E-05	-7.91E-06
57	0	0	0	0	0	0	0	232	254	0	-1.93E-05	7.45E-06	-1.18E-05	-6.10E-06
57	1	0	0	0	0	0	0	232	254	0	-1.93E-05	7.45E-06	-1.18E-05	-6.10E-06
57	2	0	0	0	0	0	0	232	254	0	-2.15E-05	5.37E-06	-1.54E-05	-7.82E-06
57	3	0	0	0	0	0	0	232	254	0	-2.15E-05	5.37E-06	-1.54E-05	-7.82E-06
57	4	0	0	0	0	0	0	232	254	0	-2.28E-05	2.92E-06	-2.75E-05	-9.75E-06
57	5	0	0	0	0	0	0	232	254	0	-2.28E-05	2.92E-06	-2.75E-05	-9.75E-06
57	6	0	0	0	0	0	0	232	254	0	-2.41E-05	1.60E-06	-2.49E-05	-1.10E-05
57	7	0	0	0	0	0	0	232	254	0	-2.41E-05	1.60E-06	-2.49E-05	-1.10E-05
57	8	0	0	0	0	0	0	232	254	0	-2.45E-05	4.81E-06	8.29E-08	-1.15E-05
57	9	0	0	0	0	0	0	232	254	0	-2.30E-05	7.90E-06	1.50E-05	-1.33E-05
57	10	0	0	0	0	0	0	232	254	0	-2.30E-05	7.90E-06	1.50E-05	-1.33E-05
57	11	0	0	0	0	0	0	232	254	0	-2.30E-05	8.71E-06	6.55E-06	-1.34E-05
57	12	0	0	0	0	0	0	232	254	0	-2.30E-05	8.71E-06	6.55E-06	-1.34E-05
57	13	0	0	0	0	0	0	232	254	0	-2.32E-05	6.29E-06	-9.38E-06	-9.90E-06
57	14	0	0	0	0	0	0	232	254	0	-2.32E-05	6.29E-06	-9.38E-06	-9.90E-06
57	15	0	0	0	0	0	0	232	254	0	-2.28E-05	5.82E-06	-1.21E-05	-9.95E-06
57	16	0	0	0	0	0	0	232	254	0	-2.28E-05	5.82E-06	-1.21E-05	-9.95E-06
57	17	0	0	0	0	0	0	232	254	0	-2.36E-05	6.55E-06	-2.64E-06	-1.05E-05
57	18	0	0	0	0	0	0	232	254	0	-2.24E-05	6.81E-06	-5.63E-06	-1.22E-05
57	19	0	0	0	0	0	0	232	254	0	-2.24E-05	6.81E-06	-5.63E-06	-1.22E-05
58	0	0	0	0	0	0	0	232	254	0	-1.78E-05	8.54E-06	-1.28E-05	-1.44E-05
58	1	0	0	0	0	0	0	232	254	0	-1.78E-05	8.54E-06	-1.28E-05	-1.44E-05
58	2	0	0	0	0	0	0	232	254	0	-1.46E-05	8.37E-06	-1.25E-05	-1.49E-05
58	3	0	0	0	0	0	0	232	254	0	-1.46E-05	8.37E-06	-1.25E-05	-1.49E-05
58	4	0	0	0	0	0	0	232	254	0	-1.32E-05	8.18E-06	-9.90E-06	-1.44E-05
58	5	0	0	0	0	0	0	232	254	0	-1.32E-05	8.18E-06	-9.90E-06	-1.44E-05
58	6	0	0	0	0	0	0	232	254	0	-1.77E-05	7.96E-06	-1.05E-05	-1.33E-05
58	7	0	0	0	0	0	0	232	254	0	-2.06E-05	8.21E-06	-1.43E-05	-1.51E-05
58	8	0	0	0	0	0	0	232	254	0	-2.06E-05	8.21E-06	-1.43E-05	-1.51E-05
58	9	0	0	0	0	0	0	232	254	0	-2.29E-05	7.12E-06	-1.36E-05	-1.58E-05
58	10	0	0	0	0	0	0	232	254	0	-2.29E-05	7.12E-06	-1.36E-05	-1.58E-05
58	11	0	0	0	0	0	0	232	254	0	-2.56E-05	7.78E-06	-8.09E-06	-1.41E-05
58	12	0	0	0	0	0	0	232	254	0	-2.56E-05	7.78E-06	-8.09E-06	-1.41E-05
58	13	0	0	0	0	0	0	232	254	0	-2.68E-05	9.10E-06	-2.90E-06	-1.05E-05
58	14	0	0	0	0	0	0	232	254	0	-2.68E-05	9.10E-06	-2.90E-06	-1.05E-05
58	15	0	0	0	0	0	0	232	254	0	-2.99E-05	7.78E-06	-4.53E-06	-9.80E-06
58	16	0	0	0	0	0	0	232	254	0	-3.09E-05	4.91E-06	-1.39E-05	-1.06E-05
58	17	0	0	0	0	0	0	232	254	0	-3.09E-05	4.91E-06	-1.39E-05	-1.06E-05
58	18	0	0	0	0	0	0	232	254	0	-2.96E-05	4.89E-06	-1.83E-05	-1.29E-05
58	19	0	0	0	0	0	0	232	254	0	-2.96E-05	4.89E-06	-1.83E-05	-1.29E-05
59	0	0	0	0	0	0	0	232	254	0	-2.66E-05	2.63E-06	-1.77E-05	-1.46E-05
59	1	0	0	0	0	0	0	232	254	0	-2.66E-05	2.63E-06	-1.77E-05	-1.46E-05
59	2	0	0	0	0	0	0	232	254	0	-2.33E-05	1.22E-06	-1.49E-05	-1.40E-05
59	3	0	0	0	0	0	0	232	254	0	-2.33E-05	1.22E-06	-1.49E-05	-1.40E-05
59	4	0	0	0	0	0	0	232	254	0	-2.10E-05	1.94E-06	-1.17E-05	-1.24E-05
59	5	0	0	0	0	0	0	232	254	0	-2.15E-05	4.99E-06	-7.72E-06	-1.16E-05
59	6	0	0	0	0	0	0	232	254	0	-2.15E-05	4.99E-06	-7.72E-06	-1.16E-05
59	7	0	0	0	0	0	0	232	254	0	-2.29E-05	6.68E-06	-5.99E-06	-1.44E-05
59	8	0	0	0	0	0	0	232	254	0	-2.29E-05	6.68E-06	-5.99E-06	-1.44E-05
59	9	0	0	0	0	0	0	232	254	0	-2.21E-05	5.66E-06	-9.07E-06	-1.74E-05
59	10	0	0	0	0	0	0	232	254	0	-2.21E-05	5.66E-06	-9.07E-06	-1.74E-05
59	11	0	0	0	0	0	0	232	254	0	-2.08E-05	7.51E-06	-1.06E-05	-1.43E-05
59	12	0	0	0	0	0	0	232	254	0	-2.08E-05	7.51E-06	-1.06E-05	-1.43E-05
59	13	0	0	0	0	0	0	232	254	0	-1.93E-05	6.86E-06	-1.39E-05	-1.26E-05
59	14	0	0	0	0	0	0	232	254	0	-1.91E-05	4.29E-06	-2.32E-05	-1.41E-05
59	15	0	0	0	0	0	0	232	254	0	-1.91E-05	4.29E-06	-2.32E-05	-1.41E-05
59	16	0	0	0	0	0	0	232	254	0	-2.02E-05	2.93E-06	-2.49E-05	-1.53E-05
59	17	0	0	0	0	0	0	232	254	0	-2.02E-05	2.93E-06	-2.49E-05	-1.53E-05
59	18	0	0	0	0	0	0	232	254	0	-2.18E-05	4.40E-06	2.33E-06	-1.50E-05
59	19	0	0	0	0	0	0	232	254	0	-2.18E-05	4.40E-06	2.33E-06	-1.50E-05
60	0	0	0	0	0	0	0	232	254	0	-2.05E-05	3.55E-06	4.98E-06	-1.32E-05
60	1	0	0	0	0	0	0	232	254	0	-2.05E-05	3.55E-06	4.98E-06	-1.32E-05
60	2	0	0	0	0	0	0	232	254	0	-1.94E-05	3.85E-06	-5.16E-06	-1.12E-05
60	3	0	0	0	0	0	0	232	254	0	-2.08E-05	4.55E-06	-3.91E-06	-8.85E-06
60	4	0	0	0	0	0	0	232	254	0	-2.08E-05	4.55E-06	-3.91E-06	-8.85E-06
60	5	0	0	0	0	0	0	232	254	0	-2.47E-05	1.85E-06	2.62E-06	-8.87E-06
60	6	0	0	0	0	0	0	232	254	0	-2.47E-05	1.85E-06	2.62E-06	-8.87E-06
60	7	0	0	0	0	0	0	232	254	0	-2.64E-05	-2.29E-06	2.64E-06	-1.08E-05
60	8	0	0	0	0	0	0	232	254	0	-2.64E-05	-2.29E-06	2.64E-06	-1.08E-05
60	9	0	0	0	0	0	0	232	254	0	-2.41E-05	9.94E-09	-8.25E-06	-1.01E-05
60	10	0	0	0	0	0	0	232	254	0	-2.41E-05	9.94E-09	-8.25E-06	-1.01E-05
60	11	0	0	0	0	0	0	232	254	0	-2.08E-05	5.67E-06	-4.69E-06	-9.37E-06
60	12	0	0	0	0	0	0	232	254	0	-1.72E-05	6.72E-06	3.04E-06	-1.05E-05
60	13	0	0	0	0	0	0	232	254	0	-1.72E-05	6.72E-06	3.04E-06	-1.05E-05
60	14	0	0	0	0	0	0	232	254	0	-1.67E-05	8.07E-06	-1.34E-05	-1.24E-05
60	15	0	0	0	0	0	0	232	254	0	-1.67E-05	8.07E-06	-1.34E-05	-1.24E-05
60	16	0	0	0	0	0	0	232	254	0	-1.58E-05	8.78E-06	-2.88E-05	-1.21E-05
60	17	0	0	0	0	0	0	232	254	0	-1.58E-05	8.78E-06	-2.88E-05	-1.21E-05
60	18	0	0	0	0	0	0	232	254	0	-1.45E-05	5.79E-06	-2.76E-05	-1.11E-05
60	19	0	0	0	0	0	0	232	254	0	-1.45E-05	5.79E-06	-2.76E-05	-1.11E-05
61	0	0	0	0	0	0	0	232	254	0	-1.12E-05	4.80E-06	-2.07E-05	-1.15E-05
61	1	0	0	0	0	0	0	232	254	0	-9.92E-06	1.56E-06	-9.99E-06	-1.26E-05
61	2	0	0	0	0	0	0	232	254	0	-9.92E-06	1.56E-06	-9.99E-06	-1.26E-05
61	3	0	0	0	0	0	0	232	254	0	-1.29E-05	-2.32E-06	-9.00E-06	-1.43E-05
61	4	0	0	0	0	0	0	232	254	0	-1.29E-05	-2.32E-06	-9.00E-06	-1.43E-05
61	5	0	0	0	0	0	0	232	254	0	-1.71E-05	-5.82E-07	-1.27E-05	-1.69E-05
61	6	0	0	0	0	0	0	232	254	0	-1.71E-05	-5.82E-07	-1.27E-05	-1.69E-05
61	7	0	0	0	0	0	0	232	254	0	-1.78E-05	1.60E-06	-1.12E-05	-1.57E-05
61	8	0	0	0	0	0	0	232	254	0	-1.78E-05	1.60E-06	-1.12E-05	-1.57E-05
61	9	0	0	0	0	0	0	232	254	0	-1.80E-05	-2.45E-06	-1.28E-05	-1.18E-05
61	10	0	0	0	0	0	0	232	254	0	-2.06E-05	-3.21E-06	-1.11E-05	-1.07E-05
61	11	0	0	0	0	0	0	232	254	0	-2.06E-05	-3.21E-06	-1.11E-05	-1.07E-05
61	12	0	0	0	0	0	0	232	254	0	-2.07E-05	3.68E-06	-6.46E-06	-9.39E-06
61	13	0	0	0	0	0	0	232	254	0	-2.07E-05	3.68E-06	-6.46E-06	-9.39E-06
61	14	0	0	0	0	0	0	232	254	0	-2.30E-05	6.48E-06	-1.14E-05	-8.81E-06
61	15	0	0	0	0	0	0	232	254	0	-2.30E-05	6.48E-06	-1.14E-05	-8.81E-06
61	16	0	0	0	0	0	0	232	254	0	-2.27E-05	3.26E-06	-1.96E-05	-1.30E-05
61	17	0	0	0	0	0	0	232	254	0	-2.27E-05	3.26E-06	-1.96E-05	-1.30E-05
61	18	0	0	0	0	0	0	232	254	0	-1.99E-05	-9.62E-07	-2.76E-05	-1.58E-05
61	19	0	0	0	0	0	0	232	254	0	-1.91E-05	-3.35E-06	-3.71E-05	-1.47E-05
62	0	0	0	0	0	0	0	232	254	0	-1.91E-05	-3.35E-06	-3.71E-05	-1.47E-05
62	1	0	0	0	0	0	0	232	254	0	-1.81E-05	-6.68E-06	-2.93E-05	-1.37E-05
62	2	0	0	0	0	0	0	232	254	0	-1.81E-05	-6.68E-06	-2.93E-05	-1.37E-05
62	3	0	0	0	0	0	0	232	254	0	-1.86E-05	-6.75E-06	-1.08E-05	-1.15E-05
62	4	0	0	0	0	0	0	232	254	0	-1.86E-05	-6.75E-06	-1.08E-05	-1.15E-05
62	5	0	0	0	0	0	0	232	254	0	-2.35E-05	-1.24E-06	1.52E-05	-9.10E-06
62	6	0	0	0	0	0	0	232	254	0	-2.35E-05	-1.24E-06	1.52E-05	-9.10E-06
62	7	0	0	0	0	0	0	232	254	0	-3.06E-05	1.17E-06	3.03E-05	-1.04E-05
62	8	0	0	0	0	0	0	232	254	0	-3.09E-05	5.67E-06	1.54E-05	-1.00E-05
62	9	0	0	0	0	0	0	232	254	0	-3.09E-05	5.67E-06	1.54E-05	-1.00E-05
62	10	0	0	0	0	0	0	232	254	0	-2.30E-05	6.64E-06	4.98E-06	-7.79E-06
62	11	0	0	0	0	0	0	232	254	0	-2.30E-05	6.64E-06	4.98E-06	-7.79E-06
62	12	0	0	0	0	0	0	232	254	0	-1.89E-05	7.60E-06	6.41E-06	-8.52E-06
62	13	0	0	0	0	0	0	232	254	0	-1.89E-05	7.60E-06	6.41E-06	-8.52E-06
62	14	0	0	0	0	0	0	232	254	0	-1.84E-05	1.01E-05	2.38E-05	-1.07E-05
62	15	0	0	0	0	0	0	232	254	0	-1.84E-05	1.01E-05	2.38E-05	-1.07E-05
62	16	0	0	0	0	0	0	232	254	0	-1.74E-05	1.04E-05	1.30E-05	-1.27E-05
62	17	0	0	0	0	0	0	232	254	0	-1.61E-05	9.28E-06	2.01E-06	-1.61E-05
62	18	0	0	0	0	0	0	232	254	0	-1.61E-05	9.28E-06	2.01E-06	-1.61E-05
62	19	0	0	0	0	0	0	232	254	0	-1.48E-05	7.36E-06	1.28E-05	-1.71E-05
63	0	0	0	0	0	0	0	232	254	0	-1.48E-05	7.36E-06	1.28E-05	-1.71E-05
63	1	0	0	0	0	0	0	232	254	0	-1.37E-05	7.31E-06	8.81E-06	-1.55E-05
63	2	0	0	0	0	0	0	232	254	0	-1.37E-05	7.31E-06	8.81E-06	-1.55E-05
63	3	0	0	0	0	0	0	232	254	0	-1.50E-05	8.05E-06	-1.46E-05	-1.21E-05
63	4	0	0	0	0	0	0	232	254	0	-1.50E-05	8.05E-06	-1.46E-05	-1.21E-05
63	5	0	0	0	0	0	0	232	254	0	-1.86E-05	8.95E-06	-2.19E-05	-1.12E-05
63	6	0	0	0	0	0	0	232	254	0	-2.39E-05	7.78E-06	-2.79E-05	-1.15E-05
63	7	0	0	0	0	0	0	232	254	0	-2.39E-05	7.78E-06	-2.79E-05	-1.15E-05
63	8	0	0	0	0	0	0	232	254	0	-2.55E-05	4.64E-06	-2.77E-05	-1.30E-05
63	9	0	0	0	0	0	0	232	254	0	-2.55E-05	4.64E-06	-2.77E-05	-1.30E-05
63	10	0	0	0	0	0	0	232	254	0	-2.46E-05	3.79E-06	-1.67E-05	-1.30E-05
63	11	0	0	0	0	0	0	232	254	0	-2.46E-05	3.79E-06	-1.67E-05	-1.30E-05
63	12	0	0	0	0	0	0	232	254	0	-2.41E-05	7.81E-06	-1.83E-05	-8.92E-06
63	13	0	0	0	0	0	0	232	254	0	-2.41E-05	7.81E-06	-1.83E-05	-8.92E-06
63	14	0	0	0	0	0	0	232	254	0	-2.28E-05	8.33E-06	-2.28E-05	-7.42E-06
63	15	0	0	0	0	0	0	232	254	0	-2.43E-05	7.93E-06	7.00E-06	-1.12E-05
63	16	0	0	0	0	0	0	232	254	0	-2.43E-05	7.93E-06	7.00E-06	-1.12E-05
63	17	0	0	0	0	0	0	232	254	0	-2.62E-05	8.18E-06	1.94E-05	-1.30E-05
63	18	0	0	0	0	0	0	232	254	0	-2.62E-05	8.18E-06	1.94E-05	-1.30E-05
63	19	0	0	0	0	0	0	232	254	0	-2.66E-05	7.75E-06	-1.15E-06	-1.24E-05
64	0	0	0	0	0	0	0	232	254	0	-2.66E-05	7.75E-06	-1.15E-06	-1.24E-05
64	1	0	0	0	0	0	0	232	254	0	-2.34E-05	6.57E-06	-2.64E-05	-1.19E-05
64	2	0	0	0	0	0	0	232	254	0	-2.34E-05	6.57E-06	-2.64E-05	-1.19E-05
64	3	0	0	0	0	0	0	232	254	0	-2.06E-05	4.13E-06	-3.23E-05	-1.19E-05
64	4	0	0	0	0	0	0	232	254	0	-1.59E-05	1.64E-06	-1.14E-05	-1.16E-05
64	5	0	0	0	0	0	0	232	254	0	-1.59E-05	1.64E-06	-1.14E-05	-1.16E-05
64	6	0	0	0	0	0	0	232	254	0	-1.36E-05	2.50E-06	5.93E-07	-9.66E-06
64	7	0	0	0	0	0	0	232	254	0	-1.36E-05	2.50E-06	5.93E-07	-9.66E-06
64	8	0	0	0	0	0	0	232	254	0	-1.50E-05	2.46E-06	3.13E-07	-1.06E-05
64	9	0	0	0	0	0	0	232	254	0	-1.50E-05	2.46E-06	3.13E-07	-1.06E-05
64	10	0	0	0	0	0	0	232	254	0	-1.89E-05	3.19E-06	8.92E-06	-1.35E-05
64	11	0	0	0	0	0	0	232	254	0	-1.89E-05	3.19E-06	8.92E-06	-1.35E-05
64	12	0	0	0	0	0	0	232	254	0	-2.20E-05	2.92E-06	7.72E-06	-1.58E-05
64	13	0	0	0	0	0	0	232	254	0	-2.26E-05	1.17E-06	-3.42E-06	-1.92E-05
64	14	0	0	0	0	0	0	232	254	0	-2.26E-05	1.17E-06	-3.42E-06	-1.92E-05
64	15	0	0	0	0	0	0	232	254	0	-1.97E-05	1.40E-06	-2.17E-05	-2.02E-05
64	16	0	0	0	0	0	0	232	254	0	-1.97E-05	1.40E-06	-2.17E-05	-2.02E-05
64	17	0	0	0	0	0	0	232	254	0	-1.89E-05	2.72E-06	-3.86E-05	-1.65E-05
64	18	0	0	0	0	0	0	232	254	0	-1.89E-05	2.72E-06	-3.86E-05	-1.65E-05
64	19	0	0	0	0	0	0	232	254	0	-1.86E-05	1.80E-06	-3.66E-05	-1.39E-05
65	0	0	0	0	0	0	0	232	254	0	-1.86E-05	1.80E-06	-3.66E-05	-1.39E-05
65	1	0	0	0	0	0	0	232	254	0	-2.01E-05	1.47E-06	-1.77E-05	-1.48E-05
65	2	0	0	0	0	0	0	232	254	0	-2.20E-05	1.35E-06	-1.39E-05	-1.60E-05
65	3	0	0	0	0	0	0	232	254	0	-2.20E-05	1.35E-06	-1.39E-05	-1.60E-05
65	4	0	0	0	0	0	0	232	254	0	-2.34E-05	2.85E-06	-1.40E-05	-1.42E-05
65	5	0	0	0	0	0	0	232	254	0	-2.34E-05	2.85E-06	-1.40E-05	-1.42E-05
65	6	0	0	0	0	0	0	232	254	0	-2.58E-05	4.97E-06	-1.62E-05	-1.31E-05
65	7	0	0	0	0	0	0	232	254	0	-2.58E-05	4.97E-06	-1.62E-05	-1.31E-05
65	8	0	0	0	0	0	0	232	254	0	-2.61E-05	4.53E-06	-1.44E-05	-1.40E-05
65	9	0	0	0	0	0	0	232	254	0	-2.61E-05	4.53E-06	-1.44E-05	-1.40E-05
65	10	0	0	0	0	0	0	232	254	0	-2.43E-05	4.17E-06	-1.13E-05	-1.45E-05
65	11	0	0	0	0	0	0	232	254	0	-2.25E-05	1.71E-06	-1.18E-05	-1.40E-05
65	12	0	0	0	0	0	0	232	254	0	-2.25E-05	1.71E-06	-1.18E-05	-1.40E-05
65	13	0	0	0	0	0	0	232	254	0	-1.96E-05	1.04E-06	-1.16E-05	-1.42E-05
65	14	0	0	0	0	0	0	232	254	0	-1.96E-05	1.04E-06	-1.16E-05	-1.42E-05
65	15	0	0	0	0	0	0	232	254	0	-1.94E-05	2.55E-06	-1.38E-05	-1.23E-05
65	16	0	0	0	0	0	0	232	254	0	-1.94E-05	2.55E-06	-1.38E-05	-1.23E-05
65	17	0	0	0	0	0	0	232	254	0	-2.15E-05	4.11E-06	-1.38E-05	-1.12E-05
65	18	0	0	0	0	0	0	232	254	0	-2.15E-05	4.11E-06	-1.38E-05	-1.12E-05
65	19	0	0	0	0	0	0	232	254	0	-2.31E-05	5.82E-06	-1.06E-05	-1.38E-05
66	0	0	0	0	0	0	0	232	254	0	-2.44E-05	6.55E-06	-1.15E-05	-1.24E-05
66	1	0	0	0	0	0	0	232	254	0	-2.44E-05	6.55E-06	-1.15E-05	-1.24E-05
66	2	0	0	0	0	0	0	232	254	0	-2.71E-05	6.93E-06	-1.41E-05	-9.28E-06
66	3	0	0	0	0	0	0	232	254	0	-2.71E-05	6.93E-06	-1.41E-05	-9.28E-06
66	4	0	0	0	0	0	0	232	254	0	-2.69E-05	9.35E-06	-1.23E-05	-9.79E-06
66	5	0	0	0	0	0	0	232	254	0	-2.69E-05	9.35E-06	-1.23E-05	-9.79E-06
66	6	0	0	0	0	0	0	232	254	0	-2.33E-05	8.17E-06	-1.26E-05	-1.09E-05
66	7	0	0	0	0	0	0	232	254	0	-2.33E-05	8.17E-06	-1.26E-05	-1.09E-05
66	8	0	0	0	0	0	0	232	254	0	-2.09E-05	2.19E-06	-1.17E-05	-8.99E-06
66	9	0	0	0	0	0	0	232	254	0	-2.08E-05	1.62E-06	-5.94E-06	-1.00E-05
66	10	0	0	0	0	0	0	232	254	0	-2.08E-05	1.62E-06	-5.94E-06	-1.00E-05
66	11	0	0	0	0	0	0	232	254	0	-2.18E-05	5.29E-06	2.35E-07	-1.31E-05
66	12	0	0	0	0	0	0	232	254	0	-2.18E-05	5.29E-06	2.35E-07	-1.31E-05
66	13	0	0	0	0	0	0	232	254	0	-2.33E-05	9.72E-06	4.70E-07	-1.24E-05
66	14	0	0	0	0	0	0	232	254	0	-2.33E-05	9.72E-06	4.70E-07	-1.24E-05
66	15	0	0	0	0	0	0	232	254	0	-2.52E-05	6.62E-06	-9.97E-08	-8.81E-06
66	16	0	0	0	0	0	0	232	254	0	-2.52E-05	6.62E-06	-9.97E-08	-8.81E-06
66	17	0	0	0	0	0	0	232	254	0	-2.48E-05	8.25E-06	6.34E-06	-8.47E-06
66	18	0	0	0	0	0	0	232	254	0	-2.30E-05	8.50E-06	1.50E-05	-1.02E-05
66	19	0	0	0	0	0	0	232	254	0	-2.30E-05	8.50E-06	1.50E-05	-1.02E-05
67	0	0	0	0	0	0	0	232	254	0	-2.04E-05	9.23E-06	-3.39E-07	-1.11E-05
67	1	0	0	0	0	0	0	232	254	0	-2.04E-05	9.23E-06	-3.39E-07	-1.11E-05
67	2	0	0	0	0	0	0	232	254	0	-1.61E-05	8.60E-06	-1.61E-05	-1.19E-05
67	3	0	0	0	0	0	0	232	254	0	-1.61E-05	8.60E-06	-1.61E-05	-1.19E-05
67	4	0	0	0	0	0	0	232	254	0	-1.07E-05	3.68E-06	-2.01E-05	-1.34E-05
67	5	0	0	0	0	0	0	232	254	0	-1.07E-05	3.68E-06	-2.01E-05	-1.34E-05
67	6	0	0	0	0	0	0	232	254	0	-5.86E-06	-1.62E-06	-2.66E-05	-1.15E-05
67	7	0	0	0	0	0	0	232	254	0	-1.19E-05	-7.82E-08	-2.73E-05	-8.34E-06
67	8	0	0	0	0	0	0	232	254	0	-1.19E-05	-7.82E-08	-2.73E-05	-8.34E-06
67	9	0	0	0	0	0	0	232	254	0	-1.60E-05	7.72E-07	-2.33E-05	-6.77E-06
67	10	0	0	0	0	0	0	232	254	0	-1.60E-05	7.72E-07	-2.33E-05	-6.77E-06
67	11	0	0	0	0	0	0	232	254	0	-1.63E-05	3.35E-06	-1.78E-05	-5.91E-06
67	12	0	0	0	0	0	0	232	254	0	-1.63E-05	3.35E-06	-1.78E-05	-5.91E-06
67	13	0	0	0	0	0	0	232	254	0	-1.60E-05	8.97E-06	2.41E-06	-5.42E-06
67	14	0	0	0	0	0	0	232	254	0	-1.60E-05	8.97E-06	2.41E-06	-5.42E-06
67	15	0	0	0	0	0	0	232	254	0	-1.47E-05	1.00E-05	9.56E-06	-8.29E-06
67	16	0	0	0	0	0	0	232	254	0	-1.16E-05	6.10E-06	-1.40E-05	-1.18E-05
67	17	0	0	0	0	0	0	232	254	0	-1.16E-05	6.10E-06	-1.40E-05	-1.18E-05
67	18	0	0	0	0	0	0	232	254	0	-9.66E-06	3.46E-06	-3.93E-05	-1.80E-05
67	19	0	0	0	0	0	0	232	254	0	-9.66E-06	3.46E-06	-3.93E-05	-1.80E-05
68	0	0	0	0	0	0	0	232	254	0	-1.07E-05	5.34E-06	-3.60E-05	-2.01E-05
68	1	0	0	0	0	0	0	232	254	0	-1.07E-05	5.34E-06	-3.60E-05	-2.01E-05
68	2	0	0	0	0	0	0	232	254	0	-1.32E-05	5.78E-06	-1.88E-05	-1.87E-05
68	3	0	0	0	0	0	0	232	254	0	-1.32E-05	5.78E-06	-1.88E-05	-1.87E-05
68	4	0	0	0	0	0	0	232	254	0	-1.04E-05	2.82E-06	-5.93E-06	-1.71E-05
68	5	0	0	0	0	0	0	232	254	0	-9.42E-06	1.53E-06	1.05E-05	-1.66E-05
68	6	0	0	0	0	0	0	232	254	0	-9.42E-06	1.53E-06	1.05E-05	-1.66E-05
68	7	0	0	0	0	0	0	232	254	0	-1.23E-05	1.50E-06	-3.17E-06	-1.50E-05
68	8	0	0	0	0	0	0	232	254	0	-1.23E-05	1.50E-06	-3.17E-06	-1.50E-05
68	9	0	0	0	0	0	0	232	254	0	-1.64E-05	4.43E-08	-1.96E-05	-1.46E-05
68	10	0	0	0	0	0	0	232	254	0	-1.64E-05	4.43E-08	-1.96E-05	-1.46E-05
68	11	0	0	0	0	0	0	232	254	0	-2.07E-05	-1.67E-06	-1.29E-05	-1.46E-05
68	12	0	0	0	0	0	0	232	254	0	-2.07E-05	-1.67E-06	-1.29E-05	-1.46E-05
68	13	0	0	0	0	0	0	232	254	0	-2.32E-05	5.05E-07	-7.91E-06	-1.69E-05
68	14	0	0	0	0	0	0	232	254	0	-2.42E-05	6.94E-06	-3.31E-06	-1.78E-05
68	15	0	0	0	0	0	0	232	254	0	-2.42E-05	6.94E-06	-3.31E-06	-1.78E-05
68	16	0	0	0	0	0	0	232	254	0	-2.21E-05	5.54E-06	-1.65E-06	-1.66E-05
68	17	0	0	0	0	0	0	232	254	0	-2.21E-05	5.54E-06	-1.65E-06	-1.66E-05
68	18	0	0	0	0	0	0	232	254	0	-1.40E-05	1.89E-06	-7.24E-06	-1.43E-05
68	19	0	0	0	0	0	0	232	254	0	-1.40E-05	1.89E-06	-7.24E-06	-1.43E-05
69	0	0	0	0	0	0	0	232	254	0	-1.59E-05	6.88E-06	-8.54E-06	-1.37E-05
69	1	0	0	0	0	0	0	232	254	0	-1.59E-05	6.88E-06	-8.54E-06	-1.37E-05
69	2	0	0	0	0	0	0	232	254	0	-2.39E-05	8.19E-06	-1.26E-06	-1.44E-05
69	3	0	0	0	0	0	0	232	254	0	-3.08E-05	2.16E-06	2.79E-06	-1.30E-05
69	4	0	0	0	0	0	0	232	254	0	-3.08E-05	2.16E-06	2.79E-06	-1.30E-05
69	5	0	0	0	0	0	0	232	254	0	-3.81E-05	-5.72E-07	3.88E-06	-1.41E-05
69	6	0	0	0	0	0	0	232	254	0	-3.81E-05	-5.72E-07	3.88E-06	-1.41E-05
69	7	0	0	0	0	0	0	232	254	0	-3.68E-05	-3.44E-06	-1.79E-07	-1.64E-05
69	8	0	0	0	0	0	0	232	254	0	-3.68E-05	-3.44E-06	-1.79E-07	-1.64E-05
69	9	0	0	0	0	0	0	232	254	0	-2.67E-05	-5.17E-06	7.05E-07	-1.73E-05
69	10	0	0	0	0	0	0	232	254	0	-2.67E-05	-5.17E-06	7.05E-07	-1.73E-05
69	11	0	0	0	0	0	0	232	254	0	-2.36E-05	-5.35E-06	-4.52E-06	-1.71E-05
69	12	0	0	0	0	0	0	232	254	0	-3.29E-05	-5.03E-07	-3.52E-05	-1.66E-05
69	13	0	0	0	0	0	0	232	254	0	-3.29E-05	-5.03E-07	-3.52E-05	-1.66E-05
69	14	0	0	0	0	0	0	232	254	0	-3.94E-05	1.70E-06	-5.05E-05	-1.31E-05
69	15	0	0	0	0	0	0	232	254	0	-3.94E-05	1.70E-06	-5.05E-05	-1.31E-05
69	16	0	0	0	0	0	0	232	254	0	-4.02E-05	3.87E-06	-4.61E-05	-9.39E-06
69	17	0	0	0	0	0	0	232	254	0	-4.02E-05	3.87E-06	-4.61E-05	-9.39E-06
69	18	0	0	0	0	0	0	232	254	0	-3.33E-05	1.71E-05	-4.08E-05	-8.27E-06
69	19	0	0	0	0	0	0	232	254	0	-3.33E-05	1.71E-05	-4.08E-05	-8.27E-06
70	0	0	0	0	0	0	0	232	254	0	-2.95E-05	1.67E-05	-2.48E-06	-8.52E-06
70	1	0	0	0	0	0	0	232	254	0	-2.79E-05	6.16E-06	4.07E-05	-8.31E-06
70	2	0	0	0	0	0	0	232	254	0	-2.79E-05	6.16E-06	4.07E-05	-8.31E-06
70	3	0	0	0	0	0	0	232	254	0	-2.41E-05	4.16E-06	9.66E-05	-8.40E-06
70	4	0	0	0	0	0	0	232	254	0	-2.41E-05	4.16E-06	9.66E-05	-8.40E-06
70	5	0	0	0	0	0	0	232	254	0	-2.13E-05	7.53E-06	0.000107166	-5.27E-06
70	6	0	0	0	0	0	0	232	254	0	-2.13E-05	7.53E-06	0.000107166	-5.27E-06
70	7	0	0	0	0	0	0	232	254	0	-2.10E-05	9.57E-06	3.05E-05	-6.54E-06
70	8	0	0	0	0	0	0	232	254	0	-2.10E-05	9.57E-06	3.05E-05	-6.54E-06
70	9	0	0	0	0	0	0	232	254	0	-1.81E-05	9.81E-06	-5.67E-05	-1.22E-05
70	10	0	0	0	0	0	0	232	254	0	-1.10E-05	1.16E-05	-7.05E-05	-1.42E-05
70	11	0	0	0	0	0	0	232	254	0	-1.10E-05	1.16E-05	-7.05E-05	-1.42E-05
70	12	0	0	0	0	0	0	232	254	0	-7.69E-06	1.28E-05	-2.66E-05	-1.59E-05
70	13	0	0	0	0	0	0	232	254	0	-7.69E-06	1.28E-05	-2.66E-05	-1.59E-05
70	14	0	0	0	0	0	0	232	254	0	-9.41E-06	1.03E-05	-2.08E-05	-1.69E-05
70	15	0	0	0	0	0	0	232	254	0	-9.41E-06	1.03E-05	-2.08E-05	-1.69E-05
70	16	0	0	0	0	0	0	232	254	0	-1.59E-05	-1.36E-08	-3.54E-05	-1.60E-05
70	17	0	0	0	0	0	0	232	254	0	-1.59E-05	-1.36E-08	-3.54E-05	-1.60E-05
70	18	0	0	0	0	0	0	232	254	0	-2.31E-05	-5.09E-06	-3.75E-05	-1.43E-05
70	19	0	0	0	0	0	0	232	254	0	-2.90E-05	-2.47E-06	-3.49E-05	-1.55E-05
71	0	0	0	0	0	0	0	232	254	0	-2.90E-05	-2.47E-06	-3.49E-05	-1.55E-05
71	1	0	0	0	0	0	0	232	254	0	-3.29E-05	-4.93E-06	-2.60E-05	-1.43E-05
71	2	0	0	0	0	0	0	232	254	0	-3.29E-05	-4.93E-06	-2.60E-05	-1.43E-05
71	3	0	0	0	0	0	0	232	254	0	-2.94E-05	-8.43E-06	-1.67E-05	-9.16E-06
71	4	0	0	0	0	0	0	232	254	0	-2.94E-05	-8.43E-06	-1.67E-05	-9.16E-06
71	5	0	0	0	0	0	0	232	254	0	-2.80E-05	-7.33E-06	-2.55E-06	-4.21E-06
71	6	0	0	0	0	0	0	232	254	0	-2.80E-05	-7.33E-06	-2.55E-06	-4.21E-06
71	7	0	0	0	0	0	0	232	254	0	-2.99E-05	-5.29E-06	9.86E-06	-3.88E-06
71	8	0	0	0	0	0	0	232	254	0	-2.87E-05	-1.11E-06	1.29E-05	-9.18E-06
71	9	0	0	0	0	0	0	232	254	0	-2.87E-05	-1.11E-06	1.29E-05	-9.18E-06
71	10	0	0	0	0	0	0	232	254	0	-2.96E-05	1.89E-06	3.18E-06	-1.39E-05
71	11	0	0	0	0	0	0	232	254	0	-2.96E-05	1.89E-06	3.18E-06	-1.39E-05
71	12	0	0	0	0	0	0	232	254	0	-3.64E-05	5.33E-06	-1.51E-05	-1.19E-05
71	13	0	0	0	0	0	0	232	254	0	-3.64E-05	5.33E-06	-1.51E-05	-1.19E-05
71	14	0	0	0	0	0	0	232	254	0	-3.58E-05	1.10E-05	-1.87E-05	-1.36E-05
71	15	0	0	0	0	0	0	232	254	0	-3.58E-05	1.10E-05	-1.87E-05	-1.36E-05
71	16	0	0	0	0	0	0	232	254	0	-2.64E-05	7.24E-06	-8.36E-06	-1.42E-05
71	17	0	0	0	0	0	0	232	254	0	-1.78E-05	6.15E-06	-1.04E-05	-1.57E-05
71	18	0	0	0	0	0	0	232	254	0	-1.78E-05	6.15E-06	-1.04E-05	-1.57E-05
71	19	0	0	0	0	0	0	232	254	0	-1.43E-05	1.19E-05	-1.57E-05	-1.61E-05
72	0	0	0	0	0	0	0	232	254	0	-1.43E-05	1.19E-05	-1.57E-05	-1.61E-05
72	1	0	0	0	0	0	0	232	254	0	-1.22E-05	9.03E-06	2.74E-06	-1.55E-05
72	2	0	0	0	0	0	0	232	254	0	-1.22E-05	9.03E-06	2.74E-06	-1.55E-05
72	3	0	0	0	0	0	0	232	254	0	-8.92E-06	6.15E-06	2.62E-05	-1.64E-05
72	4	0	0	0	0	0	0	232	254	0	-8.92E-06	6.15E-06	2.62E-05	-1.64E-05
72	5	0	0	0	0	0	0	232	254	0	-1.66E-06	1.09E-05	1.91E-05	-1.35E-05
72	6	0	0	0	0	0	0	232	254	0	2.96E-06	1.56E-05	6.37E-06	-1.04E-05
72	7	0	0	0	0	0	0	232	254	0	2.96E-06	1.56E-05	6.37E-06	-1.04E-05
72	8	0	0	0	0	0	0	232	254	0	-3.93E-06	1.14E-05	2.26E-06	-6.97E-06
72	9	0	0	0	0	0	0	232	254	0	-3.93E-06	1.14E-05	2.26E-06	-6.97E-06
72	10	0	0	0	0	0	0	232	254	0	-1.06E-05	5.17E-06	-3.16E-06	-6.92E-06
72	11	0	0	0	0	0	0	232	254	0	-1.06E-05	5.17E-06	-3.16E-06	-6.92E-06
72	12	0	0	0	0	0	0	232	254	0	-8.40E-06	2.10E-06	-6.43E-06	-2.81E-06
72	13	0	0	0	0	0	0	232	254	0	-8.40E-06	2.10E-06	-6.43E-06	-2.81E-06
72	14	0	0	0	0	0	0	232	254	0	-1.04E-05	5.52E-06	-9.01E-06	-3.73E-06
72	15	0	0	0	0	0	0	232	254	0	-1.62E-05	9.94E-06	-1.66E-05	-1.26E-05
72	16	0	0	0	0	0	0	232	254	0	-1.62E-05	9.94E-06	-1.66E-05	-1.26E-05
72	17	0	0	0	0	0	0	232	254	0	-2.15E-05	1.07E-05	-1.79E-05	-1.87E-05
72	18	0	0	0	0	0	0	232	254	0	-2.15E-05	1.07E-05	-1.79E-05	-1.87E-05
72	19	0	0	0	0	0	0	232	254	0	-2.27E-05	6.33E-06	-1.35E-05	-1.70E-05
73	0	0	0	0	0	0	0	232	254	0	-2.27E-05	6.33E-06	-1.35E-05	-1.70E-05
73	1	0	0	0	0	0	0	232	254	0	-2.33E-05	1.07E-06	-1.76E-05	-1.52E-05
73	2	0	0	0	0	0	0	232	254	0	-2.33E-05	1.07E-06	-1.76E-05	-1.52E-05
73	3	0	0	0	0	0	0	232	254	0	-2.54E-05	-2.79E-06	-2.24E-05	-1.46E-05
73	4	0	0	0	0	0	0	232	254	0	-2.82E-05	-2.06E-06	-2.40E-05	-1.24E-05
73	5	0	0	0	0	0	0	232	254	0	-2.82E-05	-2.06E-06	-2.40E-05	-1.24E-05
73	6	0	0	0	0	0	0	232	254	0	-3.05E-05	3.72E-07	-1.71E-05	-1.09E-05
73	7	0	0	0	0	0	0	232	254	0	-3.05E-05	3.72E-07	-1.71E-05	-1.09E-05
73	8	0	0	0	0	0	0	232	254	0	-3.93E-05	4.74E-06	-2.13E-05	-1.01E-05
73	9	0	0	0	0	0	0	232	254	0	-3.93E-05	4.74E-06	-2.13E-05	-1.01E-05
73	10	0	0	0	0	0	0	232	254	0	-4.61E-05	1.14E-05	-1.07E-05	-1.37E-05
73	11	0	0	0	0	0	0	232	254	0	-4.61E-05	1.14E-05	-1.07E-05	-1.37E-05
73	12	0	0	0	0	0	0	232	254	0	-3.76E-05	1.73E-05	-1.74E-06	-1.40E-05
73	13	0	0	0	0	0	0	232	254	0	-2.73E-05	1.53E-05	-5.85E-06	-1.23E-05
73	14	0	0	0	0	0	0	232	254	0	-2.73E-05	1.53E-05	-5.85E-06	-1.23E-05
73	15	0	0	0	0	0	0	232	254	0	-2.30E-05	1.61E-05	4.46E-06	-1.24E-05
73	16	0	0	0	0	0	0	232	254	0	-2.30E-05	1.61E-05	4.46E-06	-1.24E-05
73	17	0	0	0	0	0	0	232	254	0	-1.71E-05	1.14E-05	-2.34E-06	-1.33E-05
73	18	0	0	0	0	0	0	232	254	0	-1.71E-05	1.14E-05	-2.34E-06	-1.33E-05
73	19	0	0	0	0	0	0	232	254	0	-4.42E-06	2.90E-06	-1.38E-05	-1.18E-05
74	0	0	0	0	0	0	0	232	254	0	-4.42E-06	2.90E-06	-1.38E-05	-1.18E-05
74	1	0	0	0	0	0	0	232	254	0	4.47E-07	-1.69E-06	-3.42E-06	-1.40E-05
74	2	0	0	0	0	0	0	232	254	0	-1.41E-06	-5.15E-06	-1.11E-06	-1.20E-05
74	3	0	0	0	0	0	0	232	254	0	-1.41E-06	-5.15E-06	-1.11E-06	-1.20E-05
74	4	0	0	0	0	0	0	232	254	0	-4.99E-06	-5.78E-06	-1.23E-05	-7.98E-06
74	5	0	0	0	0	0	0	232	254	0	-4.99E-06	-5.78E-06	-1.23E-05	-7.98E-06
74	6	0	0	0	0	0	0	232	254	0	-1.25E-05	-4.66E-06	-1.69E-05	-7.16E-06
74	7	0	0	0	0	0	0	232	254	0	-1.25E-05	-4.66E-06	-1.69E-05	-7.16E-06
74	8	0	0	0	0	0	0	232	254	0	-2.08E-05	-5.23E-07	-1.56E-05	-1.27E-05
74	9	0	0	0	0	0	0	232	254	0	-2.08E-05	-5.23E-07	-1.56E-05	-1.27E-05
74	10	0	0	0	0	0	0	232	254	0	-2.25E-05	3.58E-06	-9.52E-06	-1.58E-05
74	11	0	0	0	0	0	0	232	254	0	-1.90E-05	3.21E-06	-1.04E-06	-1.49E-05
74	12	0	0	0	0	0	0	232	254	0	-1.90E-05	3.21E-06	-1.04E-06	-1.49E-05
74	13	0	0	0	0	0	0	232	254	0	-1.99E-05	5.92E-06	-4.76E-06	-1.44E-05
74	14	0	0	0	0	0	0	232	254	0	-1.99E-05	5.92E-06	-4.76E-06	-1.44E-05
74	15	0	0	0	0	0	0	232	254	0	-2.62E-05	8.41E-06	-5.85E-06	-9.27E-06
74	16	0	0	0	0	0	0	232	254	0	-2.62E-05	8.41E-06	-5.85E-06	-9.27E-06
74	17	0	0	0	0	0	0	232	254	0	-2.73E-05	7.44E-06	-3.52E-06	-9.29E-07
74	18	0	0	0	0	0	0	232	254	0	-2.73E-05	7.44E-06	-3.52E-06	-9.29E-07
74	19	0	0	0	0	0	0	232	254	0	-2.65E-05	3.93E-07	-4.81E-06	-3.11E-06
75	0	0	0	0	0	0	0	232	254	0	-2.40E-05	1.76E-06	-1.41E-05	-1.38E-05
75	1	0	0	0	0	0	0	232	254	0	-2.40E-05	1.76E-06	-1.41E-05	-1.38E-05
75	2	0	0	0	0	0	0	232	254	0	-2.10E-05	1.04E-06	-2.02E-05	-1.68E-05
75	3	0	0	0	0	0	0	232	254	0	-2.10E-05	1.04E-06	-2.02E-05	-1.68E-05
75	4	0	0	0	0	0	0	232	254	0	-2.33E-05	2.13E-07	-1.87E-05	-2.34E-05
75	5	0	0	0	0	0	0	232	254	0	-2.33E-05	2.13E-07	-1.87E-05	-2.34E-05
75	6	0	0	0	0	0	0	232	254	0	-2.28E-05	7.73E-07	-1.49E-05	-3.07E-05
75	7	0	0	0	0	0	0	232	254	0	-2.28E-05	7.73E-07	-1.49E-05	-3.07E-05
75	8	0	0	0	0	0	0	232	254	0	-1.97E-05	2.94E-06	-1.10E-05	-2.34E-05
75	9	0	0	0	0	0	0	232	254	0	-2.13E-05	5.82E-06	-1.41E-05	-4.19E-06
75	10	0	0	0	0	0	0	232	254	0	-2.13E-05	5.82E-06	-1.41E-05	-4.19E-06
75	11	0	0	0	0	0	0	232	254	0	-2.21E-05	6.55E-06	-1.44E-05	3.99E-06
75	12	0	0	0	0	0	0	232	254	0	-2.21E-05	6.55E-06	-1.44E-05	3.99E-06
75	13	0	0	0	0	0	0	232	254	0	-2.12E-05	7.27E-06	-1.09E-05	-3.28E-07
75	14	0	0	0	0	0	0	232	254	0	-2.12E-05	7.27E-06	-1.09E-05	-3.28E-07
75	15	0	0	0	0	0	0	232	254	0	-2.25E-05	1.19E-05	-1.01E-05	-6.31E-06
75	16	0	0	0	0	0	0	232	254	0	-2.25E-05	1.19E-05	-1.01E-05	-6.31E-06
75	17	0	0	0	0	0	0	232	254	0	-2.29E-05	1.05E-05	-1.72E-05	-1.02E-05
75	18	0	0	0	0	0	0	232	254	0	-1.81E-05	4.09E-06	6.86E-07	-1.05E-05
75	19	0	0	0	0	0	0	232	254	0	-1.81E-05	4.09E-06	6.86E-07	-1.05E-05
76	0	0	0	0	0	0	0	232	254	0	-1.18E-05	4.95E-06	4.77E-06	-1.25E-05
76	1	0	0	0	0	0	0	232	254	0	-1.18E-05	4.95E-06	4.77E-06	-1.25E-05
76	2	0	0	0	0	0	0	232	254	0	-5.47E-06	9.50E-07	-5.79E-06	-1.42E-05
76	3	0	0	0	0	0	0	232	254	0	-5.47E-06	9.50E-07	-5.79E-06	-1.42E-05
76	4	0	0	0	0	0	0	232	254	0	-6.11E-06	-5.39E-08	-1.57E-05	-1.38E-05
76	5	0	0	0	0	0	0	232	254	0	-6.11E-06	-5.39E-08	-1.57E-05	-1.38E-05
76	6	0	0	0	0	0	0	232	254	0	-1.42E-05	2.63E-06	-2.54E-05	-1.15E-05
76	7	0	0	0	0	0	0	232	254	0	-2.20E-05	9.05E-07	-1.53E-05	-1.11E-05
76	8	0	0	0	0	0	0	232	254	0	-2.20E-05	9.05E-07	-1.53E-05	-1.11E-05
76	9	0	0	0	0	0	0	232	254	0	-2.85E-05	-4.12E-07	-3.20E-05	-1.29E-05
76	10	0	0	0	0	0	0	232	254	0	-2.85E-05	-4.12E-07	-3.20E-05	-1.29E-05
76	11	0	0	0	0	0	0	232	254	0	-3.40E-05	2.60E-06	-4.32E-05	-1.47E-05
76	12	0	0	0	0	0	0	232	254	0	-3.40E-05	2.60E-06	-4.32E-05	-1.47E-05
76	13	0	0	0	0	0	0	232	254	0	-3.60E-05	3.21E-06	-2.05E-05	-1.53E-05
76	14	0	0	0	0	0	0	232	254	0	-3.60E-05	3.21E-06	-2.05E-05	-1.53E-05
76	15	0	0	0	0	0	0	232	254	0	-3.74E-05	-3.55E-06	-8.15E-06	-1.63E-05
76	16	0	0	0	0	0	0	232	254	0	-3.34E-05	-4.75E-06	3.28E-06	-1.59E-05
76	17	0	0	0	0	0	0	232	254	0	-3.34E-05	-4.75E-06	3.28E-06	-1.59E-05
76	18	0	0	0	0	0	0	232	254	0	-2.30E-05	2.61E-06	1.89E-05	-1.29E-05
76	19	0	0	0	0	0	0	232	254	0	-2.30E-05	2.61E-06	1.89E-05	-1.29E-05
77	0	0	0	0	0	0	0	232	254	0	-1.40E-05	3.12E-06	2.30E-05	-7.97E-06
77	1	0	0	0	0	0	0	232	254	0	-1.40E-05	3.12E-06	2.30E-05	-7.97E-06
77	2	0	0	0	0	0	0	232	254	0	-1.25E-05	2.93E-06	8.80E-06	-7.90E-06
77	3	0	0	0	0	0	0	232	254	0	-1.25E-05	2.93E-06	8.80E-06	-7.90E-06
77	4	0	0	0	0	0	0	232	254	0	-1.10E-05	3.88E-06	-5.04E-07	-1.15E-05
77	5	0	0	0	0	0	0	232	254	0	-7.60E-06	-7.18E-07	-3.69E-07	-1.33E-05
77	6	0	0	0	0	0	0	232	254	0	-7.60E-06	-7.18E-07	-3.69E-07	-1.33E-05
77	7	0	0	0	0	0	0	232	254	0	-8.54E-06	-2.65E-06	-2.11E-06	-1.64E-05
77	8	0	0	0	0	0	0	232	254	0	-8.54E-06	-2.65E-06	-2.11E-06	-1.64E-05
77	9	0	0	0	0	0	0	232	254	0	-1.36E-05	1.63E-06	-2.16E-05	-1.84E-05
77	10	0	0	0	0	0	0	232	254	0	-1.36E-05	1.63E-06	-2.16E-05	-1.84E-05
77	11	0	0	0	0	0	0	232	254	0	-2.02E-05	7.14E-06	-3.81E-05	-1.51E-05
77	12	0	0	0	0	0	0	232	254	0	-2.02E-05	7.14E-06	-3.81E-05	-1.51E-05
77	13	0	0	0	0	0	0	232	254	0	-2.63E-05	9.88E-06	-3.40E-05	-1.74E-05
77	14	0	0	0	0	0	0	232	254	0	-3.01E-05	1.02E-05	-3.37E-05	-2.44E-05
77	15	0	0	0	0	0	0	232	254	0	-3.01E-05	1.02E-05	-3.37E-05	-2.44E-05
77	16	0	0	0	0	0	0	232	254	0	-2.84E-05	1.34E-05	-2.33E-05	-2.41E-05
77	17	0	0	0	0	0	0	232	254	0	-2.84E-05	1.34E-05	-2.33E-05	-2.41E-05
77	18	0	0	0	0	0	0	232	254	0	-2.76E-05	1.34E-05	-1.17E-06	-2.18E-05
77	19	0	0	0	0	0	0	232	254	0	-2.76E-05	1.34E-05	-1.17E-06	-2.18E-05
78	0	0	0	0	0	0	0	232	254	0	-2.23E-05	9.27E-06	-2.21E-06	-2.58E-05
78	1	0	0	0	0	0	0	232	254	0	-2.23E-05	9.27E-06	-2.21E-06	-2.58E-05
78	2	0	0	0	0	0	0	232	254	0	-1.81E-05	4.66E-06	-9.03E-06	-2.45E-05
78	3	0	0	0	0	0	0	232	254	0	-1.79E-05	1.40E-06	-9.79E-06	-1.60E-05
78	4	0	0	0	0	0	0	232	254	0	-1.79E-05	1.40E-06	-9.79E-06	-1.60E-05
78	5	0	0	0	0	0	0	232	254	0	-1.79E-05	3.15E-06	-8.59E-06	-9.11E-06
78	6	0	0	0	0	0	0	232	254	0	-1.79E-05	3.15E-06	-8.59E-06	-9.11E-06
78	7	0	0	0	0	0	0	232	254	0	-2.06E-05	4.83E-06	-5.49E-06	-3.28E-06
78	8	0	0	0	0	0	0	232	254	0	-2.06E-05	4.83E-06	-5.49E-06	-3.28E-06
78	9	0	0	0	0	0	0	232	254	0	-2.42E-05	3.61E-06	-4.66E-06	9.00E-06
78	10	0	0	0	0	0	0	232	254	0	-2.42E-05	3.61E-06	-4.66E-06	9.00E-06
78	11	0	0	0	0	0	0	232	254	0	-2.26E-05	4.24E-06	-1.22E-06	1.47E-05
78	12	0	0	0	0	0	0	232	254	0	-1.97E-05	4.40E-06	-2.16E-06	1.06E-05
78	13	0	0	0	0	0	0	232	254	0	-1.97E-05	4.40E-06	-2.16E-06	1.06E-05
78	14	0	0	0	0	0	0	232	254	0	-1.73E-05	3.52E-06	-5.70E-06	2.05E-06
78	15	0	0	0	0	0	0	232	254	0	-1.73E-05	3.52E-06	-5.70E-06	2.05E-06
78	16	0	0	0	0	0	0	232	254	0	-1.23E-05	4.00E-06	-1.37E-06	-4.69E-06
78	17	0	0	0	0	0	0	232	254	0	-1.23E-05	4.00E-06	-1.37E-06	-4.69E-06
78	18	0	0	0	0	0	0	232	254	0	-9.61E-06	6.80E-06	-1.96E-06	-7.53E-06
78	19	0	0	0	0	0	0	232	254	0	-9.61E-06	6.80E-06	-1.96E-06	-7.53E-06
79	0	0	0	0	0	0	0	232	254	0	-1.07E-05	4.66E-06	-5.27E-06	-5.79E-06
79	1	0	0	0	0	0	0	232	254	0	-1.59E-05	9.05E-07	-7.87E-06	-1.15E-05
79	2	0	0	0	0	0	0	232	254	0	-1.59E-05	9.05E-07	-7.87E-06	-1.15E-05
79	3	0	0	0	0	0	0	232	254	0	-1.76E-05	-6.59E-07	-8.55E-06	-2.39E-05
79	4	0	0	0	0	0	0	232	254	0	-1.76E-05	-6.59E-07	-8.55E-06	-2.39E-05
79	5	0	0	0	0	0	0	232	254	0	-1.72E-05	8.64E-07	-1.55E-05	-2.25E-05
79	6	0	0	0	0	0	0	232	254	0	-1.72E-05	8.64E-07	-1.55E-05	-2.25E-05
79	7	0	0	0	0	0	0	232	254	0	-2.33E-05	3.71E-06	-2.62E-05	-1.90E-05
79	8	0	0	0	0	0	0	232	254	0	-2.33E-05	3.71E-06	-2.62E-05	-1.90E-05
79	9	0	0	0	0	0	0	232	254	0	-3.90E-05	8.20E-06	-2.89E-05	-1.67E-05
79	10	0	0	0	0	0	0	232	254	0	-4.33E-05	1.55E-05	-2.54E-05	-1.40E-05
79	11	0	0	0	0	0	0	232	254	0	-4.33E-05	1.55E-05	-2.54E-05	-1.40E-05
79	12	0	0	0	0	0	0	232	254	0	-3.02E-05	1.34E-05	-1.56E-05	-1.33E-05
79	13	0	0	0	0	0	0	232	254	0	-3.02E-05	1.34E-05	-1.56E-05	-1.33E-05
79	14	0	0	0	0	0	0	232	254	0	-2.39E-05	5.00E-06	-2.52E-05	-1.35E-05
79	15	0	0	0	0	0	0	232	254	0	-2.39E-05	5.00E-06	-2.52E-05	-1.35E-05
79	16	0	0	0	0	0	0	232	254	0	-2.09E-05	1.98E-06	-9.11E-06	-1.37E-05
79	17	0	0	0	0	0	0	232	254	0	-2.09E-05	1.98E-06	-9.11E-06	-1.37E-05
79	18	0	0	0	0	0	0	232	254	0	-1.87E-05	5.01E-06	3.22E-05	-1.26E-05
79	19	0	0	0	0	0	0	232	254	0	-1.65E-05	4.73E-06	3.77E-05	-1.40E-05
80	0	0	0	0	0	0	0	232	254	0	-1.65E-05	4.73E-06	3.77E-05	-1.40E-05
80	1	0	0	0	0	0	0	232	254	0	-2.07E-05	4.36E-06	9.83E-06	-1.72E-05
80	2	0	0	0	0	0	0	232	254	0	-2.07E-05	4.36E-06	9.83E-06	-1.72E-05
80	3	0	0	0	0	0	0	232	254	0	-2.66E-05	7.42E-06	-1.12E-05	-1.87E-05
80	4	0	0	0	0	0	0	232	254	0	-2.66E-05	7.42E-06	-1.12E-05	-1.87E-05
80	5	0	0	0	0	0	0	232	254	0	-2.62E-05	5.42E-06	-1.08E-05	-1.96E-05
80	6	0	0	0	0	0	0	232	254	0	-2.62E-05	5.42E-06	-1.08E-05	-1.96E-05
80	7	0	0	0	0	0	0	232	254	0	-1.83E-05	-2.07E-06	-1.14E-05	-2.07E-05
80	8	0	0	0	0	0	0	232	254	0	-1.82E-05	-2.89E-06	-2.94E-06	-2.09E-05
80	9	0	0	0	0	0	0	232	254	0	-1.82E-05	-2.89E-06	-2.94E-06	-2.09E-05
80	10	0	0	0	0	0	0	232	254	0	-2.29E-05	1.45E-06	6.59E-07	-1.79E-05
80	11	0	0	0	0	0	0	232	254	0	-2.29E-05	1.45E-06	6.59E-07	-1.79E-05
80	12	0	0	0	0	0	0	232	254	0	-1.97E-05	2.96E-06	-2.46E-06	-8.72E-06
80	13	0	0	0	0	0	0	232	254	0	-1.97E-05	2.96E-06	-2.46E-06	-8.72E-06
80	14	0	0	0	0	0	0	232	254	0	-1.82E-05	1.06E-06	-1.43E-05	-1.91E-06
80	15	0	0	0	0	0	0	232	254	0	-1.82E-05	1.06E-06	-1.43E-05	-1.91E-06
80	16	0	0	0	0	0	0	232	254	0	-1.92E-05	-1.67E-06	-5.75E-06	-4.38E-07
80	17	0	0	0	0	0	0	232	254	0	-2.07E-05	5.93E-08	1.03E-05	-2.95E-06
80	18	0	0	0	0	0	0	232	254	0	-2.07E-05	5.93E-08	1.03E-05	-2.95E-06
80	19	0	0	0	0	0	0	232	254	0	-2.03E-05	3.63E-06	-2.74E-05	-7.78E-06
81	0	0	0	0	0	0	0	232	254	0	-2.03E-05	3.63E-06	-2.74E-05	-7.78E-06
81	1	0	0	0	0	0	0	232	254	0	-2.05E-05	3.19E-06	-4.77E-05	-6.22E-06
81	2	0	0	0	0	0	0	232	254	0	-2.05E-05	3.19E-06	-4.77E-05	-6.22E-06
81	3	0	0	0	0	0	0	232	254	0	-2.07E-05	3.39E-06	-1.69E-05	-1.56E-06
81	4	0	0	0	0	0	0	232	254	0	-2.07E-05	3.39E-06	-1.69E-05	-1.56E-06
81	5	0	0	0	0	0	0	232	254	0	-1.97E-05	4.59E-06	5.69E-06	-7.94E-06
81	6	0	0	0	0	0	0	232	254	0	-1.90E-05	4.11E-06	-8.02E-07	-2.13E-05
81	7	0	0	0	0	0	0	232	254	0	-1.90E-05	4.11E-06	-8.02E-07	-2.13E-05
81	8	0	0	0	0	0	0	232	254	0	-1.97E-05	5.59E-06	-2.24E-05	-3.59E-05
81	9	0	0	0	0	0	0	232	254	0	-1.97E-05	5.59E-06	-2.24E-05	-3.59E-05
81	10	0	0	0	0	0	0	232	254	0	-2.09E-05	4.64E-06	-3.00E-05	-4.03E-05
81	11	0	0	0	0	0	0	232	254	0	-2.09E-05	4.64E-06	-3.00E-05	-4.03E-05
81	12	0	0	0	0	0	0	232	254	0	-2.04E-05	3.69E-06	-2.50E-05	-3.42E-05
81	13	0	0	0	0	0	0	232	254	0	-2.04E-05	3.69E-06	-2.50E-05	-3.42E-05
81	14	0	0	0	0	0	0	232	254	0	-1.97E-05	7.74E-06	-2.00E-05	-2.19E-05
81	15	0	0	0	0	0	0	232	254	0	-2.00E-05	1.32E-05	-1.48E-05	-6.44E-06
81	16	0	0	0	0	0	0	232	254	0	-2.00E-05	1.32E-05	-1.48E-05	-6.44E-06
81	17	0	0	0	0	0	0	232	254	0	-2.00E-05	1.24E-05	-6.96E-06	8.14E-06
81	18	0	0	0	0	0	0	232	254	0	-2.00E-05	1.24E-05	-6.96E-06	8.14E-06
81	19	0	0	0	0	0	0	232	254	0	-1.81E-05	1.01E-05	1.52E-05	1.29E-05
82	0	0	0	0	0	0	0	232	254	0	-1.81E-05	1.01E-05	1.52E-05	1.29E-05
82	1	0	0	0	0	0	0	232	254	0	-1.68E-05	1.02E-05	4.21E-05	3.56E-06
82	2	0	0	0	0	0	0	232	254	0	-1.68E-05	1.02E-05	4.21E-05	3.56E-06
82	3	0	0	0	0	0	0	232	254	0	-1.80E-05	7.34E-06	2.88E-05	-6.04E-06
82	4	0	0	0	0	0	0	232	254	0	-2.04E-05	5.43E-06	-2.02E-05	-1.42E-05
82	5	0	0	0	0	0	0	232	254	0	-2.04E-05	5.43E-06	-2.02E-05	-1.42E-05
82	6	0	0	0	0	0	0	232	254	0	-2.13E-05	9.42E-06	-7.26E-05	-1.80E-05
82	7	0	0	0	0	0	0	232	254	0	-2.13E-05	9.42E-06	-7.26E-05	-1.80E-05
82	8	0	0	0	0	0	0	232	254	0	-2.14E-05	1.19E-05	-4.43E-05	-1.57E-05
82	9	0	0	0	0	0	0	232	254	0	-2.14E-05	1.19E-05	-4.43E-05	-1.57E-05
82	10	0	0	0	0	0	0	232	254	0	-2.18E-05	1.26E-05	-3.66E-06	-1.41E-05
82	11	0	0	0	0	0	0	232	254	0	-2.18E-05	1.26E-05	-3.66E-06	-1.41E-05
82	12	0	0	0	0	0	0	232	254	0	-1.97E-05	1.01E-05	-2.58E-07	-1.31E-05
82	13	0	0	0	0	0	0	232	254	0	-2.00E-05	7.74E-06	1.46E-06	-1.44E-05
82	14	0	0	0	0	0	0	232	254	0	-2.00E-05	7.74E-06	1.46E-06	-1.44E-05
82	15	0	0	0	0	0	0	232	254	0	-1.95E-05	3.16E-06	1.86E-05	-1.30E-05
82	16	0	0	0	0	0	0	232	254	0	-1.95E-05	3.16E-06	1.86E-05	-1.30E-05
82	17	0	0	0	0	0	0	232	254	0	-1.76E-05	-1.75E-08	3.43E-05	-1.10E-05
82	18	0	0	0	0	0	0	232	254	0	-1.76E-05	-1.75E-08	3.43E-05	-1.10E-05
82	19	0	0	0	0	0	0	232	254	0	-1.77E-05	-6.37E-06	3.69E-05	-9.51E-06
83	0	0	0	0	0	0	0	232	254	0	-1.77E-05	-6.37E-06	3.69E-05	-9.51E-06
83	1	0	0	0	0	0	0	232	254	0	-1.98E-05	-1.07E-05	7.91E-06	-1.02E-05
83	2	0	0	0	0	0	0	232	254	0	-2.08E-05	-3.26E-06	-3.61E-05	-1.02E-05
83	3	0	0	0	0	0	0	232	254	0	-2.08E-05	-3.26E-06	-3.61E-05	-1.02E-05
83	4	0	0	0	0	0	0	232	254	0	-2.20E-05	-4.58E-07	-5.44E-05	-1.28E-05
83	5	0	0	0	0	0	0	232	254	0	-2.20E-05	-4.58E-07	-5.44E-05	-1.28E-05
83	6	0	0	0	0	0	0	232	254	0	-2.28E-05	1.93E-07	-4.30E-05	-1.64E-05
83	7	0	0	0	0	0	0	232	254	0	-2.28E-05	1.93E-07	-4.30E-05	-1.64E-05
83	8	0	0	0	0	0	0	232	254	0	-2.60E-05	2.50E-06	-2.96E-05	-2.11E-05
83	9	0	0	0	0	0	0	232	254	0	-2.60E-05	2.50E-06	-2.96E-05	-2.11E-05
83	10	0	0	0	0	0	0	232	254	0	-2.83E-05	2.73E-06	-1.83E-05	-1.63E-05
83	11	0	0	0	0	0	0	232	254	0	-3.02E-05	5.25E-06	-1.68E-05	-6.42E-06
83	12	0	0	0	0	0	0	232	254	0	-3.02E-05	5.25E-06	-1.68E-05	-6.42E-06
83	13	0	0	0	0	0	0	232	254	0	-3.08E-05	5.45E-06	-7.79E-06	-1.27E-06
83	14	0	0	0	0	0	0	232	254	0	-3.08E-05	5.45E-06	-7.79E-06	-1.27E-06
83	15	0	0	0	0	0	0	232	254	0	-2.62E-05	4.69E-06	3.35E-06	5.05E-06
83	16	0	0	0	0	0	0	232	254	0	-2.62E-05	4.69E-06	3.35E-06	5.05E-06
83	17	0	0	0	0	0	0	232	254	0	-2.17E-05	3.73E-06	6.34E-07	-1.89E-06
83	18	0	0	0	0	0	0	232	254	0	-2.17E-05	3.73E-06	6.34E-07	-1.89E-06
83	19	0	0	0	0	0	0	232	254	0	-2.10E-05	5.15E-06	-3.06E-06	-2.00E-05
84	0	0	0	0	0	0	0	232	254	0	-2.09E-05	6.08E-06	-4.97E-06	-2.29E-05
84	1	0	0	0	0	0	0	232	254	0	-2.09E-05	6.08E-06	-4.97E-06	-2.29E-05
84	2	0	0	0	0	0	0	232	254	0	-2.02E-05	7.68E-06	-8.94E-06	-2.04E-05
84	3	0	0	0	0	0	0	232	254	0	-2.02E-05	7.68E-06	-8.94E-06	-2.04E-05
84	4	0	0	0	0	0	0	232	254	0	-1.97E-05	9.27E-06	-9.28E-06	-3.12E-05
84	5	0	0	0	0	0	0	232	254	0	-1.97E-05	9.27E-06	-9.28E-06	-3.12E-05
84	6	0	0	0	0	0	0	232	254	0	-2.03E-05	7.43E-06	-9.57E-06	-4.05E-05
84	7	0	0	0	0	0	0	232	254	0	-2.03E-05	7.43E-06	-9.57E-06	-4.05E-05
84	8	0	0	0	0	0	0	232	254	0	-2.02E-05	7.56E-06	-9.16E-06	-3.13E-05
84	9	0	0	0	0	0	0	232	254	0	-2.15E-05	6.19E-06	-6.55E-06	-1.90E-05
84	10	0	0	0	0	0	0	232	254	0	-2.15E-05	6.19E-06	-6.55E-06	-1.90E-05
84	11	0	0	0	0	0	0	232	254	0	-2.04E-05	3.84E-06	-6.66E-06	-1.38E-05
84	12	0	0	0	0	0	0	232	254	0	-2.04E-05	3.84E-06	-6.66E-06	-1.38E-05
84	13	0	0	0	0	0	0	232	254	0	-1.90E-05	3.85E-06	-7.50E-06	-5.31E-06
84	14	0	0	0	0	0	0	232	254	0	-1.90E-05	3.85E-06	-7.50E-06	-5.31E-06
84	15	0	0	0	0	0	0	232	254	0	-1.92E-05	5.16E-06	-8.27E-06	1.11E-06
84	16	0	0	0	0	0	0	232	254	0	-1.92E-05	5.16E-06	-8.27E-06	1.11E-06
84	17	0	0	0	0	0	0	232	254	0	-2.05E-05	7.07E-06	-8.15E-06	4.74E-06
84	18	0	0	0	0	0	0	232	254	0	-2.09E-05	7.15E-06	-5.47E-06	2.90E-06
84	19	0	0	0	0	0	0	232	254	0	-2.09E-05	7.15E-06	-5.47E-06	2.90E-06
85	0	0	0	0	0	0	0	232	254	0	-2.14E-05	6.76E-06	-5.33E-06	3.89E-06
85	1	0	0	0	0	0	0	232	254	0	-2.14E-05	6.76E-06	-5.33E-06	3.89E-06
85	2	0	0	0	0	0	0	232	254	0	-2.11E-05	6.98E-06	-7.31E-06	8.10E-06
85	3	0	0	0	0	0	0	232	254	0	-2.11E-05	6.98E-06	-7.31E-06	8.10E-06
85	4	0	0	0	0	0	0	232	254	0	-2.07E-05	6.68E-06	-7.80E-06	4.81E-06
85	5	0	0	0	0	0	0	232	254	0	-2.07E-05	6.68E-06	-7.80E-06	4.81E-06
85	6	0	0	0	0	0	0	232	254	0	-1.99E-05	7.40E-06	-6.92E-06	-4.83E-06
85	7	0	0	0	0	0	0	232	254	0	-1.97E-05	6.04E-06	-5.19E-06	-9.28E-06
85	8	0	0	0	0	0	0	232	254	0	-1.97E-05	6.04E-06	-5.19E-06	-9.28E-06
85	9	0	0	0	0	0	0	232	254	0	-2.00E-05	3.34E-06	-6.84E-06	-1.24E-05
85	10	0	0	0	0	0	0	232	254	0	-2.00E-05	3.34E-06	-6.84E-06	-1.24E-05
85	11	0	0	0	0	0	0	232	254	0	-2.00E-05	-4.06E-07	-1.15E-05	-1.65E-05
85	12	0	0	0	0	0	0	232	254	0	-2.00E-05	-4.06E-07	-1.15E-05	-1.65E-05
85	13	0	0	0	0	0	0	232	254	0	-1.99E-05	-3.07E-06	-1.43E-05	-1.58E-05
85	14	0	0	0	0	0	0	232	254	0	-1.99E-05	-3.07E-06	-1.43E-05	-1.58E-05
85	15	0	0	0	0	0	0	232	254	0	-2.03E-05	-3.00E-06	-9.07E-06	-1.56E-05
85	16	0	0	0	0	0	0	232	254	0	-2.15E-05	-3.55E-07	-4.35E-06	-1.33E-05
85	17	0	0	0	0	0	0	232	254	0	-2.15E-05	-3.55E-07	-4.35E-06	-1.33E-05
85	18	0	0	0	0	0	0	232	254	0	-2.03E-05	1.97E-06	-1.04E-05	-1.53E-05
85	19	0	0	0	0	0	0	232	254	0	-2.03E-05	1.97E-06	-1.04E-05	-1.53E-05
86	0	0	0	0	0	0	0	232	254	0	-2.03E-05	4.36E-06	-2.10E-05	-1.81E-05
86	1	0	0	0	0	0	0	232	254	0	-2.03E-05	4.36E-06	-2.10E-05	-1.81E-05
86	2	0	0	0	0	0	0	232	254	0	-2.01E-05	7.55E-06	-1.05E-05	-2.45E-05
86	3	0	0	0	0	0	0	232	254	0	-2.01E-05	7.55E-06	-1.05E-05	-2.45E-05
86	4	0	0	0	0	0	0	232	254	0	-2.07E-05	7.51E-06	6.87E-07	-2.92E-05
86	5	0	0	0	0	0	0	232	254	0	-2.09E-05	7.06E-06	-1.55E-05	-2.52E-05
86	6	0	0	0	0	0	0	232	254	0	-2.09E-05	7.06E-06	-1.55E-05	-2.52E-05
86	7	0	0	0	0	0	0	232	254	0	-2.04E-05	5.57E-06	-2.75E-05	-2.20E-05
86	8	0	0	0	0	0	0	232	254	0	-2.04E-05	5.57E-06	-2.75E-05	-2.20E-05
86	9	0	0	0	0	0	0	232	254	0	-2.11E-05	2.74E-06	-1.26E-05	-1.92E-05
86	10	0	0	0	0	0	0	232	254	0	-2.11E-05	2.74E-06	-1.26E-05	-1.92E-05
86	11	0	0	0	0	0	0	232	254	0	-2.18E-05	4.60E-06	-8.96E-06	-1.35E-05
86	12	0	0	0	0	0	0	232	254	0	-2.18E-05	4.60E-06	-8.96E-06	-1.35E-05
86	13	0	0	0	0	0	0	232	254	0	-2.01E-05	6.77E-06	-2.72E-05	-8.33E-06
86	14	0	0	0	0	0	0	232	254	0	-1.88E-05	3.14E-06	-2.82E-05	-6.63E-06
86	15	0	0	0	0	0	0	232	254	0	-1.88E-05	3.14E-06	-2.82E-05	-6.63E-06
86	16	0	0	0	0	0	0	232	254	0	-1.77E-05	-1.51E-06	-1.25E-05	-4.47E-06
86	17	0	0	0	0	0	0	232	254	0	-1.77E-05	-1.51E-06	-1.25E-05	-4.47E-06
86	18	0	0	0	0	0	0	232	254	0	-1.70E-05	-1.06E-06	6.40E-08	-9.30E-07
86	19	0	0	0	0	0	0	232	254	0	-1.70E-05	-1.06E-06	6.40E-08	-9.30E-07
87	0	0	0	0	0	0	0	232	254	0	-1.76E-05	1.67E-06	5.02E-06	-2.08E-06
87	1	0	0	0	0	0	0	232	254	0	-1.76E-05	1.67E-06	5.02E-06	-2.08E-06
87	2	0	0	0	0	0	0	232	254	0	-2.26E-05	5.49E-07	-2.81E-06	-7.02E-06
87	3	0	0	0	0	0	0	232	254	0	-2.62E-05	7.49E-07	-1.83E-05	-1.61E-05
87	4	0	0	0	0	0	0	232	254	0	-2.62E-05	7.49E-07	-1.83E-05	-1.61E-05
87	5	0	0	0	0	0	0	232	254	0	-2.37E-05	3.94E-07	-2.03E-05	-1.99E-05
87	6	0	0	0	0	0	0	232	254	0	-2.37E-05	3.94E-07	-2.03E-05	-1.99E-05
87	7	0	0	0	0	0	0	232	254	0	-2.22E-05	1.76E-06	-2.85E-06	-1.64E-05
87	8	0	0	0	0	0	0	232	254	0	-2.22E-05	1.76E-06	-2.85E-06	-1.64E-05
87	9	0	0	0	0	0	0	232	254	0	-2.39E-05	1.27E-06	-4.30E-06	-1.18E-05
87	10	0	0	0	0	0	0	232	254	0	-2.39E-05	1.27E-06	-4.30E-06	-1.18E-05
87	11	0	0	0	0	0	0	232	254	0	-2.43E-05	2.03E-06	-1.37E-05	-1.29E-05
87	12	0	0	0	0	0	0	232	254	0	-2.42E-05	3.23E-06	-1.65E-05	-1.31E-05
87	13	0	0	0	0	0	0	232	254	0	-2.42E-05	3.23E-06	-1.65E-05	-1.31E-05
87	14	0	0	0	0	0	0	232	254	0	-2.32E-05	3.84E-06	-3.45E-05	-1.42E-05
87	15	0	0	0	0	0	0	232	254	0	-2.32E-05	3.84E-06	-3.45E-05	-1.42E-05
87	16	0	0	0	0	0	0	232	254	0	-2.26E-05	6.24E-06	-5.90E-05	-1.44E-05
87	17	0	0	0	0	0	0	232	254	0	-2.26E-05	6.24E-06	-5.90E-05	-1.44E-05
87	18	0	0	0	0	0	0	232	254	0	-2.19E-05	8.38E-06	-2.29E-05	-1.83E-05
87	19	0	0	0	0	0	0	232	254	0	-2.19E-05	8.38E-06	-2.29E-05	-1.83E-05
88	0	0	0	0	0	0	0	232	254	0	-2.00E-05	6.95E-06	4.52E-05	-2.50E-05
88	1	0	0	0	0	0	0	232	254	0	-1.76E-05	5.32E-06	2.87E-05	-2.62E-05
88	2	0	0	0	0	0	0	232	254	0	-1.76E-05	5.32E-06	2.87E-05	-2.62E-05
88	3	0	0	0	0	0	0	232	254	0	-1.96E-05	6.61E-06	1.43E-06	-1.97E-05
88	4	0	0	0	0	0	0	232	254	0	-1.96E-05	6.61E-06	1.43E-06	-1.97E-05
88	5	0	0	0	0	0	0	232	254	0	-2.23E-05	1.04E-05	-5.95E-06	-1.08E-05
88	6	0	0	0	0	0	0	232	254	0	-2.23E-05	1.04E-05	-5.95E-06	-1.08E-05
88	7	0	0	0	0	0	0	232	254	0	-2.64E-05	1.14E-05	-8.33E-06	-4.82E-06
88	8	0	0	0	0	0	0	232	254	0	-2.64E-05	1.14E-05	-8.33E-06	-4.82E-06
88	9	0	0	0	0	0	0	232	254	0	-2.66E-05	1.10E-05	-6.29E-06	5.80E-08
88	10	0	0	0	0	0	0	232	254	0	-2.29E-05	7.80E-06	-2.07E-06	7.43E-07
88	11	0	0	0	0	0	0	232	254	0	-2.29E-05	7.80E-06	-2.07E-06	7.43E-07
88	12	0	0	0	0	0	0	232	254	0	-1.60E-05	5.22E-06	1.61E-06	-4.74E-06
88	13	0	0	0	0	0	0	232	254	0	-1.60E-05	5.22E-06	1.61E-06	-4.74E-06
88	14	0	0	0	0	0	0	232	254	0	-9.25E-06	6.47E-06	7.02E-06	-8.31E-06
88	15	0	0	0	0	0	0	232	254	0	-9.25E-06	6.47E-06	7.02E-06	-8.31E-06
88	16	0	0	0	0	0	0	232	254	0	-7.22E-06	5.85E-06	9.96E-06	-1.11E-05
88	17	0	0	0	0	0	0	232	254	0	-7.22E-06	5.85E-06	9.96E-06	-1.11E-05
88	18	0	0	0	0	0	0	232	254	0	-7.49E-06	-2.16E-06	8.28E-06	-2.65E-05
88	19	0	0	0	0	0	0	232	254	0	-9.93E-06	-3.47E-06	2.68E-06	-3.46E-05
89	0	0	0	0	0	0	0	232	254	0	-9.93E-06	-3.47E-06	2.68E-06	-3.46E-05
89	1	0	0	0	0	0	0	232	254	0	-1.48E-05	7.68E-07	3.26E-06	-2.58E-05
89	2	0	0	0	0	0	0	232	254	0	-1.48E-05	7.68E-07	3.26E-06	-2.58E-05
89	3	0	0	0	0	0	0	232	254	0	-1.74E-05	-1.71E-06	-1.48E-05	-1.69E-05
89	4	0	0	0	0	0	0	232	254	0	-1.74E-05	-1.71E-06	-1.48E-05	-1.69E-05
89	5	0	0	0	0	0	0	232	254	0	-2.19E-05	-1.84E-07	-2.12E-05	-5.70E-06
89	6	0	0	0	0	0	0	232	254	0	-2.19E-05	-1.84E-07	-2.12E-05	-5.70E-06
89	7	0	0	0	0	0	0	232	254	0	-3.00E-05	3.92E-06	-1.32E-05	6.50E-06
89	8	0	0	0	0	0	0	232	254	0	-3.23E-05	2.96E-06	-1.37E-05	6.97E-06
89	9	0	0	0	0	0	0	232	254	0	-3.23E-05	2.96E-06	-1.37E-05	6.97E-06
89	10	0	0	0	0	0	0	232	254	0	-3.36E-05	1.94E-06	-7.46E-06	-3.40E-06
89	11	0	0	0	0	0	0	232	254	0	-3.36E-05	1.94E-06	-7.46E-06	-3.40E-06
89	12	0	0	0	0	0	0	232	254	0	-3.18E-05	3.77E-06	-2.06E-05	-1.16E-05
89	13	0	0	0	0	0	0	232	254	0	-3.18E-05	3.77E-06	-2.06E-05	-1.16E-05
89	14	0	0	0	0	0	0	232	254	0	-2.77E-05	-2.43E-06	-2.54E-05	-1.36E-05
89	15	0	0	0	0	0	0	232	254	0	-2.77E-05	-2.43E-06	-2.54E-05	-1.36E-05
89	16	0	0	0	0	0	0	232	254	0	-2.59E-05	-3.55E-06	-2.42E-05	-1.37E-05
89	17	0	0	0	0	0	0	232	254	0	-2.70E-05	6.17E-08	-2.48E-05	-1.45E-05
89	18	0	0	0	0	0	0	232	254	0	-2.70E-05	6.17E-08	-2.48E-05	-1.45E-05
89	19	0	0	0	0	0	0	232	254	0	-2.66E-05	3.67E-06	-1.43E-05	-1.31E-05
90	0	0	0	0	0	0	0	232	254	0	-2.66E-05	3.67E-06	-1.43E-05	-1.31E-05
90	1	0	0	0	0	0	0	232	254	0	-2.37E-05	3.57E-06	-1.15E-05	-7.75E-06
90	2	0	0	0	0	0	0	232	254	0	-2.37E-05	3.57E-06	-1.15E-05	-7.75E-06
90	3	0	0	0	0	0	0	232	254	0	-2.24E-05	4.22E-06	-1.10E-05	-7.04E-06
90	4	0	0	0	0	0	0	232	254	0	-2.24E-05	4.22E-06	-1.10E-05	-7.04E-06
90	5	0	0	0	0	0	0	232	254	0	-2.17E-05	6.82E-06	-1.29E-05	-8.44E-06
90	6	0	0	0	0	0	0	232	254	0	-1.94E-05	8.38E-06	-2.01E-05	-1.13E-05
90	7	0	0	0	0	0	0	232	254	0	-1.94E-05	8.38E-06	-2.01E-05	-1.13E-05
90	8	0	0	0	0	0	0	232	254	0	-1.69E-05	6.97E-06	-2.78E-05	-1.35E-05
90	9	0	0	0	0	0	0	232	254	0	-1.69E-05	6.97E-06	-2.78E-05	-1.35E-05
90	10	0	0	0	0	0	0	232	254	0	-1.68E-05	5.44E-06	-2.76E-05	-1.31E-05
90	11	0	0	0	0	0	0	232	254	0	-1.68E-05	5.44E-06	-2.76E-05	-1.31E-05
90	12	0	0	0	0	0	0	232	254	0	-1.84E-05	6.15E-06	-2.23E-05	-1.55E-05
90	13	0	0	0	0	0	0	232	254	0	-1.84E-05	6.15E-06	-2.23E-05	-1.55E-05
90	14	0	0	0	0	0	0	232	254	0	-1.86E-05	8.18E-06	-1.76E-05	-1.70E-05
90	15	0	0	0	0	0	0	232	254	0	-1.76E-05	9.66E-06	2.77E-06	-1.67E-05
90	16	0	0	0	0	0	0	232	254	0	-1.76E-05	9.66E-06	2.77E-06	-1.67E-05
90	17	0	0	0	0	0	0	232	254	0	-2.06E-05	6.76E-06	2.13E-05	-1.61E-05
90	18	0	0	0	0	0	0	232	254	0	-2.06E-05	6.76E-06	2.13E-05	-1.61E-05
90	19	0	0	0	0	0	0	232	254	0	-2.22E-05	4.53E-06	6.16E-07	-2.13E-05
91	0	0	0	0	0	0	0	232	254	0	-2.22E-05	4.53E-06	6.16E-07	-2.13E-05
91	1	0	0	0	0	0	0	232	254	0	-2.09E-05	2.51E-06	-2.54E-05	-2.56E-05
91	2	0	0	0	0	0	0	232	254	0	-2.09E-05	2.51E-06	-2.54E-05	-2.56E-05
91	3	0	0	0	0	0	0	232	254	0	-1.80E-05	3.57E-06	-1.51E-05	-2.41E-05
91	4	0	0	0	0	0	0	232	254	0	-1.67E-05	4.04E-06	-9.18E-07	-1.68E-05
91	5	0	0	0	0	0	0	232	254	0	-1.67E-05	4.04E-06	-9.18E-07	-1.68E-05
91	6	0	0	0	0	0	0	232	254	0	-1.84E-05	5.47E-06	1.49E-05	-5.91E-06
91	7	0	0	0	0	0	0	232	254	0	-1.84E-05	5.47E-06	1.49E-05	-5.91E-06
91	8	0	0	0	0	0	0	232	254	0	-2.06E-05	7.17E-06	2.92E-05	-2.31E-06
91	9	0	0	0	0	0	0	232	254	0	-2.06E-05	7.17E-06	2.92E-05	-2.31E-06
91	10	0	0	0	0	0	0	232	254	0	-2.22E-05	6.84E-06	2.39E-05	-2.46E-05
91	11	0	0	0	0	0	0	232	254	0	-2.22E-05	6.84E-06	2.39E-05	-2.46E-05
91	12	0	0	0	0	0	0	232	254	0	-2.14E-05	6.59E-06	6.52E-06	-6.09E-05
91	13	0	0	0	0	0	0	232	254	0	-2.01E-05	6.59E-06	-1.38E-05	-7.54E-05
91	14	0	0	0	0	0	0	232	254	0	-2.01E-05	6.59E-06	-1.38E-05	-7.54E-05
91	15	0	0	0	0	0	0	232	254	0	-2.10E-05	4.29E-06	-1.75E-05	-6.96E-05
91	16	0	0	0	0	0	0	232	254	0	-2.10E-05	4.29E-06	-1.75E-05	-6.96E-05
91	17	0	0	0	0	0	0	232	254	0	-2.25E-05	1.75E-06	-9.42E-06	-3.94E-05
91	18	0	0	0	0	0	0	232	254	0	-2.25E-05	1.75E-06	-9.42E-06	-3.94E-05
91	19	0	0	0	0	0	0	232	254	0	-1.93E-05	2.05E-06	-5.43E-06	5.10E-06
92	0	0	0	0	0	0	0	232	254	0	-1.93E-05	2.05E-06	-5.43E-06	5.10E-06
92	1	0	0	0	0	0	0	232	254	0	-1.99E-05	9.71E-07	-6.52E-06	5.54E-05
92	2	0	0	0	0	0	0	232	254	0	-2.55E-05	-6.44E-08	-3.92E-06	7.65E-05
92	3	0	0	0	0	0	0	232	254	0	-2.55E-05	-6.44E-08	-3.92E-06	7.65E-05
92	4	0	0	0	0	0	0	232	254	0	-2.86E-05	1.97E-06	-2.75E-06	6.04E-05
92	5	0	0	0	0	0	0	232	254	0	-2.86E-05	1.97E-06	-2.75E-06	6.04E-05
92	6	0	0	0	0	0	0	232	254	0	-2.96E-05	3.95E-06	-6.81E-06	3.23E-05
92	7	0	0	0	0	0	0	232	254	0	-2.96E-05	3.95E-06	-6.81E-06	3.23E-05
92	8	0	0	0	0	0	0	232	254	0	-2.38E-05	4.62E-06	-1.02E-05	9.54E-06
92	9	0	0	0	0	0	0	232	254	0	-2.38E-05	4.62E-06	-1.02E-05	9.54E-06
92	10	0	0	0	0	0	0	232	254	0	-1.78E-05	5.38E-06	-1.41E-05	-1.06E-05
92	11	0	0	0	0	0	0	232	254	0	-1.53E-05	6.32E-06	-1.50E-05	-2.85E-05
92	12	0	0	0	0	0	0	232	254	0	-1.53E-05	6.32E-06	-1.50E-05	-2.85E-05
92	13	0	0	0	0	0	0	232	254	0	-1.24E-05	4.44E-06	-1.41E-05	-3.01E-05
92	14	0	0	0	0	0	0	232	254	0	-1.24E-05	4.44E-06	-1.41E-05	-3.01E-05
92	15	0	0	0	0	0	0	232	254	0	-1.15E-05	2.02E-06	-8.09E-06	-2.12E-05
92	16	0	0	0	0	0	0	232	254	0	-1.15E-05	2.02E-06	-8.09E-06	-2.12E-05
92	17	0	0	0	0	0	0	232	254	0	-1.49E-05	4.76E-06	-1.16E-05	-7.83E-06
92	18	0	0	0	0	0	0	232	254	0	-1.49E-05	4.76E-06	-1.16E-05	-7.83E-06
92	19	0	0	0	0	0	0	232	254	0	-1.42E-05	7.96E-06	-2.56E-05	5.54E-06
93	0	0	0	0	0	0	0	232	254	0	-1.15E-05	5.72E-06	-2.24E-05	1.23E-05
93	1	0	0	0	0	0	0	232	254	0	-1.15E-05	5.72E-06	-2.24E-05	1.23E-05
93	2	0	0	0	0	0	0	232	254	0	-1.30E-05	9.79E-06	-9.10E-06	5.67E-06
93	3	0	0	0	0	0	0	232	254	0	-1.30E-05	9.79E-06	-9.10E-06	5.67E-06
93	4	0	0	0	0	0	0	232	254	0	-1.86E-05	1.40E-05	4.95E-06	-7.71E-06
93	5	0	0	0	0	0	0	232	254	0	-1.86E-05	1.40E-05	4.95E-06	-7.71E-06
93	6	0	0	0	0	0	0	232	254	0	-2.50E-05	1.05E-05	5.66E-06	-1.66E-05
93	7	0	0	0	0	0	0	232	254	0	-2.50E-05	1.05E-05	5.66E-06	-1.66E-05
93	8	0	0	0	0	0	0	232	254	0	-2.68E-05	5.99E-06	-1.34E-06	-1.82E-05
93	9	0	0	0	0	0	0	232	254	0	-2.24E-05	7.28E-06	-1.15E-05	-1.77E-05
93	10	0	0	0	0	0	0	232	254	0	-2.24E-05	7.28E-06	-1.15E-05	-1.77E-05
93	11	0	0	0	0	0	0	232	254	0	-1.70E-05	1.01E-05	-2.27E-05	-1.83E-05
93	12	0	0	0	0	0	0	232	254	0	-1.70E-05	1.01E-05	-2.27E-05	-1.83E-05
93	13	0	0	0	0	0	0	232	254	0	-2.03E-05	4.49E-06	-2.88E-05	-1.76E-05
93	14	0	0	0	0	0	0	232	254	0	-2.03E-05	4.49E-06	-2.88E-05	-1.76E-05
93	15	0	0	0	0	0	0	232	254	0	-2.31E-05	4.20E-06	-3.10E-05	-1.48E-05
93	16	0	0	0	0	0	0	232	254	0	-2.31E-05	4.20E-06	-3.10E-05	-1.48E-05
93	17	0	0	0	0	0	0	232	254	0	-2.28E-05	3.70E-06	-9.43E-06	-1.37E-05
93	18	0	0	0	0	0	0	232	254	0	-2.34E-05	-1.75E-07	1.48E-05	-1.49E-05
93	19	0	0	0	0	0	0	232	254	0	-2.34E-05	-1.75E-07	1.48E-05	-1.49E-05
94	0	0	0	0	0	0	0	232	254	0	-2.18E-05	-4.87E-06	-5.63E-06	-1.75E-05
94	1	0	0	0	0	0	0	232	254	0	-2.18E-05	-4.87E-06	-5.63E-06	-1.75E-05
94	2	0	0	0	0	0	0	232	254	0	-2.03E-05	-5.69E-06	-3.20E-05	-2.22E-05
94	3	0	0	0	0	0	0	232	254	0	-2.03E-05	-5.69E-06	-3.20E-05	-2.22E-05
94	4	0	0	0	0	0	0	232	254	0	-2.01E-05	3.81E-06	-2.90E-05	-2.97E-05
94	5	0	0	0	0	0	0	232	254	0	-2.01E-05	3.81E-06	-2.90E-05	-2.97E-05
94	6	0	0	0	0	0	0	232	254	0	-1.96E-05	9.19E-06	-1.39E-05	-3.33E-05
94	7	0	0	0	0	0	0	232	254	0	-1.95E-05	1.11E-05	-1.41E-05	-2.79E-05
94	8	0	0	0	0	0	0	232	254	0	-1.95E-05	1.11E-05	-1.41E-05	-2.79E-05
94	9	0	0	0	0	0	0	232	254	0	-2.26E-05	1.15E-05	-1.47E-05	-2.30E-05
94	10	0	0	0	0	0	0	232	254	0	-2.26E-05	1.15E-05	-1.47E-05	-2.30E-05
94	11	0	0	0	0	0	0	232	254	0	-2.93E-05	1.14E-05	-1.13E-05	-1.65E-05
94	12	0	0	0	0	0	0	232	254	0	-2.93E-05	1.14E-05	-1.13E-05	-1.65E-05
94	13	0	0	0	0	0	0	232	254	0	-3.02E-05	8.04E-06	-7.92E-06	-1.65E-05
94	14	0	0	0	0	0	0	232	254	0	-3.02E-05	8.04E-06	-7.92E-06	-1.65E-05
94	15	0	0	0	0	0	0	232	254	0	-2.43E-05	1.93E-06	-1.26E-05	-1.98E-05
94	16	0	0	0	0	0	0	232	254	0	-2.12E-05	-1.89E-06	-1.33E-05	-1.95E-05
94	17	0	0	0	0	0	0	232	254	0	-2.12E-05	-1.89E-06	-1.33E-05	-1.95E-05
94	18	0	0	0	0	0	0	232	254	0	-1.81E-05	-2.27E-06	-1.14E-05	-2.42E-05
94	19	0	0	0	0	0	0	232	254	0	-1.81E-05	-2.27E-06	-1.14E-05	-2.42E-05
95	0	0	0	0	0	0	0	232	254	0	-1.70E-05	-2.76E-06	-1.32E-05	-2.69E-05
95	1	0	0	0	0	0	0	232	254	0	-1.70E-05	-2.76E-06	-1.32E-05	-2.69E-05
95	2	0	0	0	0	0	0	232	254	0	-1.72E-05	-1.77E-06	-1.90E-05	-2.22E-05
95	3	0	0	0	0	0	0	232	254	0	-1.72E-05	-1.77E-06	-1.90E-05	-2.22E-05
95	4	0	0	0	0	0	0	232	254	0	-1.90E-05	1.18E-06	-1.60E-05	-2.56E-05
95	5	0	0	0	0	0	0	232	254	0	-1.92E-05	3.13E-06	-7.65E-06	-2.12E-05
95	6	0	0	0	0	0	0	232	254	0	-1.92E-05	3.13E-06	-7.65E-06	-2.12E-05
95	7	0	0	0	0	0	0	232	254	0	-2.03E-05	1.59E-06	-5.04E-06	-9.63E-06
95	8	0	0	0	0	0	0	232	254	0	-2.03E-05	1.59E-06	-5.04E-06	-9.63E-06
95	9	0	0	0	0	0	0	232	254	0	-2.60E-05	9.84E-07	-2.88E-06	-8.48E-06
95	10	0	0	0	0	0	0	232	254	0	-2.60E-05	9.84E-07	-2.88E-06	-8.48E-06
95	11	0	0	0	0	0	0	232	254	0	-2.78E-05	1.31E-06	1.52E-05	-1.17E-05
95	12	0	0	0	0	0	0	232	254	0	-2.78E-05	1.31E-06	1.52E-05	-1.17E-05
95	13	0	0	0	0	0	0	232	254	0	-2.56E-05	5.00E-06	4.09E-05	-7.35E-06
95	14	0	0	0	0	0	0	232	254	0	-2.19E-05	9.22E-06	2.45E-05	-2.54E-06
95	15	0	0	0	0	0	0	232	254	0	-2.19E-05	9.22E-06	2.45E-05	-2.54E-06
95	16	0	0	0	0	0	0	232	254	0	-2.15E-05	9.97E-06	-1.05E-05	-1.41E-07
95	17	0	0	0	0	0	0	232	254	0	-2.15E-05	9.97E-06	-1.05E-05	-1.41E-07
95	18	0	0	0	0	0	0	232	254	0	-2.01E-05	7.86E-06	-1.85E-05	1.50E-06
95	19	0	0	0	0	0	0	232	254	0	-2.01E-05	7.86E-06	-1.85E-05	1.50E-06
96	0	0	0	0	0	0	0	232	254	0	-1.74E-05	5.00E-06	-7.43E-06	-3.67E-06
96	1	0	0	0	0	0	0	232	254	0	-1.74E-05	5.00E-06	-7.43E-06	-3.67E-06
96	2	0	0	0	0	0	0	232	254	0	-1.63E-05	1.60E-06	7.85E-06	-9.48E-06
96	3	0	0	0	0	0	0	232	254	0	-1.81E-05	2.05E-06	1.89E-06	-1.38E-05
96	4	0	0	0	0	0	0	232	254	0	-1.81E-05	2.05E-06	1.89E-06	-1.38E-05
96	5	0	0	0	0	0	0	232	254	0	-2.13E-05	1.06E-06	-1.57E-05	-1.70E-05
96	6	0	0	0	0	0	0	232	254	0	-2.13E-05	1.06E-06	-1.57E-05	-1.70E-05
96	7	0	0	0	0	0	0	232	254	0	-2.28E-05	3.13E-07	-2.69E-05	-1.70E-05
96	8	0	0	0	0	0	0	232	254	0	-2.28E-05	3.13E-07	-2.69E-05	-1.70E-05
96	9	0	0	0	0	0	0	232	254	0	-2.17E-05	3.49E-07	-2.59E-05	-1.70E-05
96	10	0	0	0	0	0	0	232	254	0	-2.17E-05	3.49E-07	-2.59E-05	-1.70E-05
96	11	0	0	0	0	0	0	232	254	0	-2.34E-05	1.78E-06	-2.47E-05	-1.49E-05
96	12	0	0	0	0	0	0	232	254	0	-2.61E-05	3.66E-06	-2.05E-05	-1.33E-05
96	13	0	0	0	0	0	0	232	254	0	-2.61E-05	3.66E-06	-2.05E-05	-1.33E-05
96	14	0	0	0	0	0	0	232	254	0	-2.43E-05	5.05E-06	-1.33E-05	-1.14E-05
96	15	0	0	0	0	0	0	232	254	0	-2.43E-05	5.05E-06	-1.33E-05	-1.14E-05
96	16	0	0	0	0	0	0	232	254	0	-2.22E-05	8.78E-06	-1.26E-05	-1.22E-05
96	17	0	0	0	0	0	0	232	254	0	-2.22E-05	8.78E-06	-1.26E-05	-1.22E-05
96	18	0	0	0	0	0	0	232	254	0	-2.21E-05	1.07E-05	-1.31E-05	-1.29E-05
96	19	0	0	0	0	0	0	232	254	0	-2.21E-05	1.07E-05	-1.31E-05	-1.29E-05
97	0	0	0	0	0	0	0	232	254	0	-2.07E-05	6.92E-06	-9.75E-06	-1.20E-05
97	1	0	0	0	0	0	0	232	254	0	-2.12E-05	4.76E-06	-1.12E-05	-1.19E-05
97	2	0	0	0	0	0	0	232	254	0	-2.12E-05	4.76E-06	-1.12E-05	-1.19E-05
97	3	0	0	0	0	0	0	232	254	0	-2.09E-05	2.59E-06	-1.25E-05	-9.99E-06
97	4	0	0	0	0	0	0	232	254	0	-2.09E-05	2.59E-06	-1.25E-05	-9.99E-06
97	5	0	0	0	0	0	0	232	254	0	-2.20E-05	-1.68E-07	-1.05E-05	-1.07E-05
97	6	0	0	0	0	0	0	232	254	0	-2.20E-05	-1.68E-07	-1.05E-05	-1.07E-05
97	7	0	0	0	0	0	0	232	254	0	-2.41E-05	5.89E-08	-7.37E-06	-1.15E-05
97	8	0	0	0	0	0	0	232	254	0	-2.41E-05	5.89E-08	-7.37E-06	-1.15E-05
97	9	0	0	0	0	0	0	232	254	0	-2.22E-05	1.40E-06	-6.53E-06	-1.47E-05
97	10	0	0	0	0	0	0	232	254	0	-2.07E-05	7.85E-07	-8.51E-06	-2.72E-05
97	11	0	0	0	0	0	0	232	254	0	-2.07E-05	7.85E-07	-8.51E-06	-2.72E-05
97	12	0	0	0	0	0	0	232	254	0	-2.26E-05	2.19E-06	-7.86E-06	-4.12E-05
97	13	0	0	0	0	0	0	232	254	0	-2.26E-05	2.19E-06	-7.86E-06	-4.12E-05
97	14	0	0	0	0	0	0	232	254	0	-1.98E-05	6.36E-06	-5.95E-06	-3.83E-05
97	15	0	0	0	0	0	0	232	254	0	-1.98E-05	6.36E-06	-5.95E-06	-3.83E-05
97	16	0	0	0	0	0	0	232	254	0	-1.83E-05	5.79E-06	-8.74E-06	-2.86E-05
97	17	0	0	0	0	0	0	232	254	0	-1.83E-05	5.79E-06	-8.74E-06	-2.86E-05
97	18	0	0	0	0	0	0	232	254	0	-1.71E-05	9.50E-06	-1.02E-05	-1.66E-05
97	19	0	0	0	0	0	0	232	254	0	-1.70E-05	8.50E-06	-1.24E-05	-6.01E-06
98	0	0	0	0	0	0	0	232	254	0	-1.70E-05	8.50E-06	-1.24E-05	-6.01E-06
98	1	0	0	0	0	0	0	232	254	0	-1.74E-05	4.73E-06	-1.19E-05	4.50E-06
98	2	0	0	0	0	0	0	232	254	0	-1.74E-05	4.73E-06	-1.19E-05	4.50E-06
98	3	0	0	0	0	0	0	232	254	0	-1.62E-05	4.04E-06	-8.30E-06	8.38E-06
98	4	0	0	0	0	0	0	232	254	0	-1.62E-05	4.04E-06	-8.30E-06	8.38E-06
98	5	0	0	0	0	0	0	232	254	0	-1.68E-05	5.29E-06	-4.40E-06	8.33E-06
98	6	0	0	0	0	0	0	232	254	0	-1.68E-05	5.29E-06	-4.40E-06	8.33E-06
98	7	0	0	0	0	0	0	232	254	0	-1.90E-05	5.60E-06	2.01E-06	1.51E-05
98	8	0	0	0	0	0	0	232	254	0	-1.99E-05	3.41E-06	-4.74E-06	1.23E-05
98	9	0	0	0	0	0	0	232	254	0	-1.99E-05	3.41E-06	-4.74E-06	1.23E-05
98	10	0	0	0	0	0	0	232	254	0	-2.30E-05	-2.68E-07	-1.37E-05	5.94E-06
98	11	0	0	0	0	0	0	232	254	0	-2.30E-05	-2.68E-07	-1.37E-05	5.94E-06
98	12	0	0	0	0	0	0	232	254	0	-2.70E-05	-4.89E-06	-1.65E-05	6.15E-06
98	13	0	0	0	0	0	0	232	254	0	-2.70E-05	-4.89E-06	-1.65E-05	6.15E-06
98	14	0	0	0	0	0	0	232	254	0	-2.46E-05	-1.72E-06	-2.83E-05	3.95E-06
98	15	0	0	0	0	0	0	232	254	0	-2.46E-05	-1.72E-06	-2.83E-05	3.95E-06
98	16	0	0	0	0	0	0	232	254	0	-2.17E-05	5.95E-06	-2.56E-05	-1.59E-06
98	17	0	0	0	0	0	0	232	254	0	-2.17E-05	8.06E-06	-1.10E-05	-7.17E-06
98	18	0	0	0	0	0	0	232	254	0	-2.17E-05	8.06E-06	-1.10E-05	-7.17E-06
98	19	0	0	0	0	0	0	232	254	0	-1.98E-05	4.64E-06	-5.31E-06	-1.30E-05
99	0	0	0	0	0	0	0	232	254	0	-1.98E-05	4.64E-06	-5.31E-06	-1.30E-05
99	1	0	0	0	0	0	0	232	254	0	-1.88E-05	3.64E-06	-7.21E-06	-1.90E-05
99	2	0	0	0	0	0	0	232	254	0	-1.88E-05	3.64E-06	-7.21E-06	-1.90E-05
99	3	0	0	0	0	0	0	232	254	0	-1.79E-05	6.77E-06	-8.36E-06	-2.69E-05
99	4	0	0	0	0	0	0	232	254	0	-1.79E-05	6.77E-06	-8.36E-06	-2.69E-05
99	5	0	0	0	0	0	0	232	254	0	-1.80E-05	8.86E-06	-9.25E-06	-3.28E-05
99	6	0	0	0	0	0	0	232	254	0	-2.30E-05	1.31E-05	-8.49E-06	-3.34E-05
99	7	0	0	0	0	0	0	232	254	0	-2.30E-05	1.31E-05	-8.49E-06	-3.34E-05
99	8	0	0	0	0	0	0	232	254	0	-2.56E-05	1.33E-05	-1.73E-06	-2.02E-05
99	9	0	0	0	0	0	0	232	254	0	-2.56E-05	1.33E-05	-1.73E-06	-2.02E-05
99	10	0	0	0	0	0	0	232	254	0	-2.29E-05	9.20E-06	4.05E-06	-4.51E-06
99	11	0	0	0	0	0	0	232	254	0	-2.29E-05	9.20E-06	4.05E-06	-4.51E-06
99	12	0	0	0	0	0	0	232	254	0	-2.19E-05	7.93E-06	1.58E-06	-6.50E-06
99	13	0	0	0	0	0	0	232	254	0	-2.19E-05	7.93E-06	1.58E-06	-6.50E-06
99	14	0	0	0	0	0	0	232	254	0	-2.12E-05	8.00E-06	-1.95E-06	-5.96E-06
99	15	0	0	0	0	0	0	232	254	0	-2.06E-05	6.55E-06	-6.75E-06	-5.54E-06
99	16	0	0	0	0	0	0	232	254	0	-2.06E-05	6.55E-06	-6.75E-06	-5.54E-06
99	17	0	0	0	0	0	0	232	254	0	-2.01E-05	6.48E-06	-5.58E-06	-1.40E-05
99	18	0	0	0	0	0	0	232	254	0	-2.01E-05	6.48E-06	-5.58E-06	-1.40E-05
99	19	0	0	0	0	0	0	232	254	0	-1.62E-05	5.93E-06	-3.90E-06	-1.99E-05
100	0	0	0	0	0	0	0	232	254	0	-1.62E-05	5.93E-06	-3.90E-06	-1.99E-05
100	1	0	0	0	0	0	0	232	254	0	-1.56E-05	5.20E-06	-5.57E-06	-2.06E-05
100	2	0	0	0	0	0	0	232	254	0	-1.56E-05	5.20E-06	-5.57E-06	-2.06E-05
100	3	0	0	0	0	0	0	232	254	0	-1.59E-05	5.29E-06	-7.96E-06	-3.20E-05
100	4	0	0	0	0	0	0	232	254	0	-1.88E-05	5.87E-06	-8.46E-06	-5.05E-05
100	5	0	0	0	0	0	0	232	254	0	-1.88E-05	5.87E-06	-8.46E-06	-5.05E-05
100	6	0	0	0	0	0	0	232	254	0	-2.54E-05	5.83E-06	-8.85E-06	-5.36E-05
100	7	0	0	0	0	0	0	232	254	0	-2.54E-05	5.83E-06	-8.85E-06	-5.36E-05
100	8	0	0	0	0	0	0	232	254	0	-2.57E-05	5.58E-06	-8.54E-06	-3.25E-05
100	9	0	0	0	0	0	0	232	254	0	-2.57E-05	5.58E-06	-8.54E-06	-3.25E-05
100	10	0	0	0	0	0	0	232	254	0	-2.27E-05	6.24E-06	-8.91E-06	-1.50E-05
100	11	0	0	0	0	0	0	232	254	0	-2.27E-05	6.24E-06	-8.91E-06	-1.50E-05
100	12	0	0	0	0	0	0	232	254	0	-1.85E-05	9.01E-06	-1.32E-05	3.24E-06
100	13	0	0	0	0	0	0	232	254	0	-1.59E-05	1.18E-05	-1.87E-05	2.41E-05
100	14	0	0	0	0	0	0	232	254	0	-1.59E-05	1.18E-05	-1.87E-05	2.41E-05
100	15	0	0	0	0	0	0	232	254	0	-1.80E-05	1.07E-05	-1.41E-05	1.69E-05
100	16	0	0	0	0	0	0	232	254	0	-1.80E-05	1.07E-05	-1.41E-05	1.69E-05
100	17	0	0	0	0	0	0	232	254	0	-2.08E-05	6.58E-06	-3.79E-06	6.56E-06
100	18	0	0	0	0	0	0	232	254	0	-2.08E-05	6.58E-06	-3.79E-06	6.56E-06
100	19	0	0	0	0	0	0	232	254	0	-2.15E-05	2.29E-06	-2.49E-06	1.83E-06
101	0	0	0	0	0	0	0	232	254	0	-2.15E-05	2.29E-06	-2.49E-06	1.83E-06
101	1	0	0	0	0	0	0	232	254	0	-2.06E-05	1.02E-06	-1.12E-05	-1.47E-06
101	2	0	0	0	0	0	0	232	254	0	-2.28E-05	1.95E-06	-1.26E-05	-1.72E-06
101	3	0	0	0	0	0	0	232	254	0	-2.28E-05	1.95E-06	-1.26E-05	-1.72E-06
101	4	0	0	0	0	0	0	232	254	0	-2.42E-05	4.58E-07	-1.04E-05	-5.70E-06
101	5	0	0	0	0	0	0	232	254	0	-2.42E-05	4.58E-07	-1.04E-05	-5.70E-06
101	6	0	0	0	0	0	0	232	254	0	-2.57E-05	4.63E-07	-9.20E-06	-9.67E-06
101	7	0	0	0	0	0	0	232	254	0	-2.57E-05	4.63E-07	-9.20E-06	-9.67E-06
101	8	0	0	0	0	0	0	232	254	0	-2.56E-05	1.80E-06	-6.75E-06	-1.59E-05
101	9	0	0	0	0	0	0	232	254	0	-2.56E-05	1.80E-06	-6.75E-06	-1.59E-05
101	10	0	0	0	0	0	0	232	254	0	-2.48E-05	-2.13E-06	-6.19E-06	-2.40E-05
101	11	0	0	0	0	0	0	232	254	0	-2.36E-05	-4.56E-06	-7.88E-06	-2.32E-05
101	12	0	0	0	0	0	0	232	254	0	-2.36E-05	-4.56E-06	-7.88E-06	-2.32E-05
101	13	0	0	0	0	0	0	232	254	0	-2.28E-05	-1.01E-06	-5.78E-06	-1.99E-05
101	14	0	0	0	0	0	0	232	254	0	-2.28E-05	-1.01E-06	-5.78E-06	-1.99E-05
101	15	0	0	0	0	0	0	232	254	0	-2.14E-05	2.32E-06	-6.60E-06	-1.93E-05
101	16	0	0	0	0	0	0	232	254	0	-2.14E-05	2.32E-06	-6.60E-06	-1.93E-05
101	17	0	0	0	0	0	0	232	254	0	-2.22E-05	2.96E-06	-9.22E-06	-1.88E-05
101	18	0	0	0	0	0	0	232	254	0	-2.22E-05	2.96E-06	-9.22E-06	-1.88E-05
101	19	0	0	0	0	0	0	232	254	0	-2.29E-05	1.65E-06	-1.04E-05	-1.76E-05
102	0	0	0	0	0	0	0	232	254	0	-2.29E-05	2.79E-06	-1.13E-05	-1.48E-05
102	1	0	0	0	0	0	0	232	254	0	-2.29E-05	2.79E-06	-1.13E-05	-1.48E-05
102	2	0	0	0	0	0	0	232	254	0	-2.22E-05	4.94E-06	-9.48E-06	-1.17E-05
102	3	0	0	0	0	0	0	232	254	0	-2.22E-05	4.94E-06	-9.48E-06	-1.17E-05
102	4	0	0	0	0	0	0	232	254	0	-2.01E-05	7.78E-06	-8.85E-06	-1.17E-05
102	5	0	0	0	0	0	0	232	254	0	-2.01E-05	7.78E-06	-8.85E-06	-1.17E-05
102	6	0	0	0	0	0	0	232	254	0	-1.94E-05	9.25E-06	-8.36E-06	-1.22E-05
102	7	0	0	0	0	0	0	232	254	0	-1.94E-05	9.25E-06	-8.36E-06	-1.22E-05
102	8	0	0	0	0	0	0	232	254	0	-2.34E-05	9.47E-06	-7.44E-06	-1.64E-05
102	9	0	0	0	0	0	0	232	254	0	-2.45E-05	9.68E-06	-9.93E-06	-1.76E-05
102	10	0	0	0	0	0	0	232	254	0	-2.45E-05	9.68E-06	-9.93E-06	-1.76E-05
102	11	0	0	0	0	0	0	232	254	0	-2.29E-05	7.77E-06	-1.00E-05	-1.52E-05
102	12	0	0	0	0	0	0	232	254	0	-2.29E-05	7.77E-06	-1.00E-05	-1.52E-05
102	13	0	0	0	0	0	0	232	254	0	-1.93E-05	4.91E-06	-9.71E-06	-1.45E-05
102	14	0	0	0	0	0	0	232	254	0	-1.93E-05	4.91E-06	-9.71E-06	-1.45E-05
102	15	0	0	0	0	0	0	232	254	0	-1.51E-05	5.34E-06	-9.84E-06	-1.45E-05
102	16	0	0	0	0	0	0	232	254	0	-1.51E-05	5.34E-06	-9.84E-06	-1.45E-05
102	17	0	0	0	0	0	0	232	254	0	-1.45E-05	6.35E-06	-1.18E-05	-1.39E-05
102	18	0	0	0	0	0	0	232	254	0	-1.84E-05	6.99E-06	-1.33E-05	-1.50E-05
102	19	0	0	0	0	0	0	232	254	0	-1.84E-05	6.99E-06	-1.33E-05	-1.50E-05
103	0	0	0	0	0	0	0	232	254	0	-2.12E-05	4.86E-06	-1.32E-05	-1.50E-05
103	1	0	0	0	0	0	0	232	254	0	-2.12E-05	4.86E-06	-1.32E-05	-1.50E-05
103	2	0	0	0	0	0	0	232	254	0	-1.30E-05	-2.69E-07	-1.29E-05	-1.20E-05
103	3	0	0	0	0	0	0	232	254	0	-1.30E-05	-2.69E-07	-1.29E-05	-1.20E-05
103	4	0	0	0	0	0	0	232	254	0	-5.50E-06	-4.98E-06	-1.15E-05	-9.37E-06
103	5	0	0	0	0	0	0	232	254	0	-5.50E-06	-4.98E-06	-1.15E-05	-9.37E-06
103	6	0	0	0	0	0	0	232	254	0	-1.18E-05	-3.02E-06	-8.71E-06	-1.06E-05
103	7	0	0	0	0	0	0	232	254	0	-2.05E-05	3.95E-07	-8.76E-06	-1.31E-05
103	8	0	0	0	0	0	0	232	254	0	-2.05E-05	3.95E-07	-8.76E-06	-1.31E-05
103	9	0	0	0	0	0	0	232	254	0	-2.36E-05	1.85E-06	-9.66E-06	-1.17E-05
103	10	0	0	0	0	0	0	232	254	0	-2.36E-05	1.85E-06	-9.66E-06	-1.17E-05
103	11	0	0	0	0	0	0	232	254	0	-2.32E-05	2.21E-06	-6.85E-06	-1.10E-05
103	12	0	0	0	0	0	0	232	254	0	-2.32E-05	2.21E-06	-6.85E-06	-1.10E-05
103	13	0	0	0	0	0	0	232	254	0	-2.24E-05	4.80E-06	-5.88E-06	-1.73E-05
103	14	0	0	0	0	0	0	232	254	0	-2.24E-05	4.80E-06	-5.88E-06	-1.73E-05
103	15	0	0	0	0	0	0	232	254	0	-2.27E-05	6.27E-06	-8.51E-06	-2.16E-05
103	16	0	0	0	0	0	0	232	254	0	-2.29E-05	4.17E-06	-1.13E-05	-2.18E-05
103	17	0	0	0	0	0	0	232	254	0	-2.29E-05	4.17E-06	-1.13E-05	-2.18E-05
103	18	0	0	0	0	0	0	232	254	0	-2.19E-05	1.71E-06	-1.01E-05	-2.06E-05
103	19	0	0	0	0	0	0	232	254	0	-2.19E-05	1.71E-06	-1.01E-05	-2.06E-05
104	0	0	0	0	0	0	0	232	254	0	-2.11E-05	7.48E-07	-9.28E-06	-2.29E-05
104	1	0	0	0	0	0	0	232	254	0	-2.11E-05	7.48E-07	-9.28E-06	-2.29E-05
104	2	0	0	0	0	0	0	232	254	0	-2.14E-05	4.63E-07	-9.23E-06	-2.45E-05
104	3	0	0	0	0	0	0	232	254	0	-2.14E-05	4.63E-07	-9.23E-06	-2.45E-05
104	4	0	0	0	0	0	0	232	254	0	-1.99E-05	2.42E-06	-7.21E-06	-1.85E-05
104	5	0	0	0	0	0	0	232	254	0	-1.93E-05	2.51E-06	-8.16E-06	-8.26E-06
104	6	0	0	0	0	0	0	232	254	0	-1.93E-05	2.51E-06	-8.16E-06	-8.26E-06
104	7	0	0	0	0	0	0	232	254	0	-1.98E-05	2.45E-07	-7.97E-06	-3.81E-06
104	8	0	0	0	0	0	0	232	254	0	-1.98E-05	2.45E-07	-7.97E-06	-3.81E-06
104	9	0	0	0	0	0	0	232	254	0	-2.07E-05	-1.31E-07	-9.93E-06	-7.29E-07
104	10	0	0	0	0	0	0	232	254	0	-2.07E-05	-1.31E-07	-9.93E-06	-7.29E-07
104	11	0	0	0	0	0	0	232	254	0	-2.11E-05	1.45E-06	-1.22E-05	3.10E-06
104	12	0	0	0	0	0	0	232	254	0	-2.11E-05	1.45E-06	-1.22E-05	3.10E-06
104	13	0	0	0	0	0	0	232	254	0	-1.98E-05	3.14E-06	-1.18E-05	2.52E-06
104	14	0	0	0	0	0	0	232	254	0	-2.01E-05	2.88E-06	-1.30E-05	3.29E-06
104	15	0	0	0	0	0	0	232	254	0	-2.01E-05	2.88E-06	-1.30E-05	3.29E-06
104	16	0	0	0	0	0	0	232	254	0	-2.20E-05	2.86E-06	-1.14E-05	6.45E-06
104	17	0	0	0	0	0	0	232	254	0	-2.20E-05	2.86E-06	-1.14E-05	6.45E-06
104	18	0	0	0	0	0	0	232	254	0	-1.92E-05	2.07E-06	-1.04E-05	-7.37E-06
104	19	0	0	0	0	0	0	232	254	0	-1.92E-05	2.07E-06	-1.04E-05	-7.37E-06
105	0	0	0	0	0	0	0	232	254	0	-1.46E-05	3.66E-06	-1.10E-05	-2.27E-05
105	1	0	0	0	0	0	0	232	254	0	-1.46E-05	3.66E-06	-1.10E-05	-2.27E-05
105	2	0	0	0	0	0	0	232	254	0	-1.57E-05	4.99E-06	-6.90E-06	-1.66E-05
105	3	0	0	0	0	0	0	232	254	0	-2.05E-05	8.34E-06	-5.14E-06	-2.40E-06
105	4	0	0	0	0	0	0	232	254	0	-2.05E-05	8.34E-06	-5.14E-06	-2.40E-06
105	5	0	0	0	0	0	0	232	254	0	-1.99E-05	1.14E-05	-7.09E-06	-3.44E-06
105	6	0	0	0	0	0	0	232	254	0	-1.99E-05	1.14E-05	-7.09E-06	-3.44E-06
105	7	0	0	0	0	0	0	232	254	0	-1.82E-05	1.22E-05	-8.32E-06	-7.77E-06
105	8	0	0	0	0	0	0	232	254	0	-1.82E-05	1.22E-05	-8.32E-06	-7.77E-06
105	9	0	0	0	0	0	0	232	254	0	-2.47E-05	9.65E-06	-7.62E-06	-4.64E-06
105	10	0	0	0	0	0	0	232	254	0	-2.47E-05	9.65E-06	-7.62E-06	-4.64E-06
105	11	0	0	0	0	0	0	232	254	0	-3.13E-05	1.18E-05	-5.87E-06	-4.10E-06
105	12	0	0	0	0	0	0	232	254	0	-3.26E-05	1.45E-05	-6.28E-06	-1.11E-05
105	13	0	0	0	0	0	0	232	254	0	-3.26E-05	1.45E-05	-6.28E-06	-1.11E-05
105	14	0	0	0	0	0	0	232	254	0	-2.80E-05	9.36E-06	-8.92E-06	-1.94E-05
105	15	0	0	0	0	0	0	232	254	0	-2.80E-05	9.36E-06	-8.92E-06	-1.94E-05
105	16	0	0	0	0	0	0	232	254	0	-2.55E-05	6.19E-06	-8.77E-06	-2.14E-05
105	17	0	0	0	0	0	0	232	254	0	-2.55E-05	6.19E-06	-8.77E-06	-2.14E-05
105	18	0	0	0	0	0	0	232	254	0	-2.91E-05	7.63E-06	-7.25E-06	-1.59E-05
105	19	0	0	0	0	0	0	232	254	0	-2.91E-05	7.63E-06	-7.25E-06	-1.59E-05
106	0	0	0	0	0	0	0	232	254	0	-2.50E-05	3.50E-06	-9.68E-06	-1.67E-05
106	1	0	0	0	0	0	0	232	254	0	-2.29E-05	1.40E-06	-1.02E-05	-1.30E-05
106	2	0	0	0	0	0	0	232	254	0	-2.29E-05	1.40E-06	-1.02E-05	-1.30E-05
106	3	0	0	0	0	0	0	232	254	0	-2.25E-05	3.58E-06	-9.44E-06	1.08E-06
106	4	0	0	0	0	0	0	232	254	0	-2.25E-05	3.58E-06	-9.44E-06	1.08E-06
106	5	0	0	0	0	0	0	232	254	0	-1.98E-05	8.86E-06	-1.36E-05	-2.14E-06
106	6	0	0	0	0	0	0	232	254	0	-1.98E-05	8.86E-06	-1.36E-05	-2.14E-06
106	7	0	0	0	0	0	0	232	254	0	-2.19E-05	1.25E-05	-1.73E-05	-1.84E-05
106	8	0	0	0	0	0	0	232	254	0	-2.19E-05	1.25E-05	-1.73E-05	-1.84E-05
106	9	0	0	0	0	0	0	232	254	0	-2.34E-05	9.04E-06	-1.46E-05	-1.38E-05
106	10	0	0	0	0	0	0	232	254	0	-2.27E-05	3.25E-06	-1.00E-05	-1.00E-05
106	11	0	0	0	0	0	0	232	254	0	-2.27E-05	3.25E-06	-1.00E-05	-1.00E-05
106	12	0	0	0	0	0	0	232	254	0	-2.09E-05	1.21E-06	-8.26E-06	-1.26E-05
106	13	0	0	0	0	0	0	232	254	0	-2.09E-05	1.21E-06	-8.26E-06	-1.26E-05
106	14	0	0	0	0	0	0	232	254	0	-2.08E-05	-6.71E-07	-5.31E-06	-1.22E-05
106	15	0	0	0	0	0	0	232	254	0	-2.08E-05	-6.71E-07	-5.31E-06	-1.22E-05
106	16	0	0	0	0	0	0	232	254	0	-2.40E-05	-7.17E-07	1.19E-06	-2.44E-05
106	17	0	0	0	0	0	0	232	254	0	-2.40E-05	-7.17E-07	1.19E-06	-2.44E-05
106	18	0	0	0	0	0	0	232	254	0	-2.27E-05	-8.93E-07	-1.66E-06	-3.76E-05
106	19	0	0	0	0	0	0	232	254	0	-1.95E-05	1.73E-07	-7.29E-06	-3.77E-05
107	0	0	0	0	0	0	0	232	254	0	-1.95E-05	1.73E-07	-7.29E-06	-3.77E-05
107	1	0	0	0	0	0	0	232	254	0	-1.62E-05	2.42E-06	-1.02E-05	-2.96E-05
107	2	0	0	0	0	0	0	232	254	0	-1.62E-05	2.42E-06	-1.02E-05	-2.96E-05
107	3	0	0	0	0	0	0	232	254	0	-1.36E-05	2.90E-06	-1.20E-05	-1.89E-05
107	4	0	0	0	0	0	0	232	254	0	-1.36E-05	2.90E-06	-1.20E-05	-1.89E-05
107	5	0	0	0	0	0	0	232	254	0	-1.41E-05	3.08E-06	-1.25E-05	-9.52E-06
107	6	0	0	0	0	0	0	232	254	0	-1.41E-05	3.08E-06	-1.25E-05	-9.52E-06
107	7	0	0	0	0	0	0	232	254	0	-1.54E-05	2.10E-06	-1.16E-05	-6.12E-06
107	8	0	0	0	0	0	0	232	254	0	-1.63E-05	3.90E-07	-1.02E-05	-4.41E-07
107	9	0	0	0	0	0	0	232	254	0	-1.63E-05	3.90E-07	-1.02E-05	-4.41E-07
107	10	0	0	0	0	0	0	232	254	0	-1.89E-05	-1.76E-07	-9.50E-06	-5.91E-06
107	11	0	0	0	0	0	0	232	254	0	-1.89E-05	-1.76E-07	-9.50E-06	-5.91E-06
107	12	0	0	0	0	0	0	232	254	0	-2.14E-05	1.52E-06	-1.24E-05	-3.15E-05
107	13	0	0	0	0	0	0	232	254	0	-2.14E-05	1.52E-06	-1.24E-05	-3.15E-05
107	14	0	0	0	0	0	0	232	254	0	-2.22E-05	6.15E-06	-1.31E-05	-4.08E-05
107	15	0	0	0	0	0	0	232	254	0	-2.22E-05	6.15E-06	-1.31E-05	-4.08E-05
107	16	0	0	0	0	0	0	232	254	0	-2.28E-05	7.93E-06	-1.22E-05	-2.32E-05
107	17	0	0	0	0	0	0	232	254	0	-2.42E-05	8.09E-06	-1.14E-05	-3.17E-06
107	18	0	0	0	0	0	0	232	254	0	-2.42E-05	8.09E-06	-1.14E-05	-3.17E-06
107	19	0	0	0	0	0	0	232	254	0	-2.56E-05	6.49E-06	-8.87E-06	1.46E-05
108	0	0	0	0	0	0	0	232	254	0	-2.56E-05	6.49E-06	-8.87E-06	1.46E-05
108	1	0	0	0	0	0	0	232	254	0	-2.48E-05	1.57E-06	-8.84E-06	3.27E-05
108	2	0	0	0	0	0	0	232	254	0	-2.48E-05	1.57E-06	-8.84E-06	3.27E-05
108	3	0	0	0	0	0	0	232	254	0	-2.34E-05	-1.22E-07	-9.04E-06	3.38E-05
108	4	0	0	0	0	0	0	232	254	0	-2.34E-05	-1.22E-07	-9.04E-06	3.38E-05
108	5	0	0	0	0	0	0	232	254	0	-2.15E-05	5.77E-07	-5.09E-06	1.09E-05
108	6	0	0	0	0	0	0	232	254	0	-2.01E-05	3.87E-06	-1.40E-06	1.86E-06
108	7	0	0	0	0	0	0	232	254	0	-2.01E-05	3.87E-06	-1.40E-06	1.86E-06
108	8	0	0	0	0	0	0	232	254	0	-1.87E-05	8.36E-06	-3.76E-06	4.87E-06
108	9	0	0	0	0	0	0	232	254	0	-1.87E-05	8.36E-06	-3.76E-06	4.87E-06
108	10	0	0	0	0	0	0	232	254	0	-1.71E-05	9.46E-06	-1.00E-05	-5.04E-06
108	11	0	0	0	0	0	0	232	254	0	-1.71E-05	9.46E-06	-1.00E-05	-5.04E-06
108	12	0	0	0	0	0	0	232	254	0	-1.82E-05	1.13E-05	-1.27E-05	-1.47E-05
108	13	0	0	0	0	0	0	232	254	0	-1.82E-05	1.13E-05	-1.27E-05	-1.47E-05
108	14	0	0	0	0	0	0	232	254	0	-2.13E-05	1.41E-05	-1.06E-05	-2.22E-05
108	15	0	0	0	0	0	0	232	254	0	-2.42E-05	1.51E-05	-8.85E-06	-2.42E-05
108	16	0	0	0	0	0	0	232	254	0	-2.42E-05	1.51E-05	-8.85E-06	-2.42E-05
108	17	0	0	0	0	0	0	232	254	0	-2.24E-05	8.99E-06	-8.56E-06	-2.38E-05
108	18	0	0	0	0	0	0	232	254	0	-2.24E-05	8.99E-06	-8.56E-06	-2.38E-05
108	19	0	0	0	0	0	0	232	254	0	-1.76E-05	2.53E-06	-8.51E-06	-2.67E-05
109	0	0	0	0	0	0	0	232	254	0	-1.76E-05	2.53E-06	-8.51E-06	-2.67E-05
109	1	0	0	0	0	0	0	232	254	0	-1.72E-05	-1.70E-06	-8.27E-06	-2.29E-05
109	2	0	0	0	0	0	0	232	254	0	-1.72E-05	-1.70E-06	-8.27E-06	-2.29E-05
109	3	0	0	0	0	0	0	232	254	0	-1.75E-05	-1.39E-06	-8.95E-06	-1.35E-05
109	4	0	0	0	0	0	0	232	254	0	-1.71E-05	1.65E-06	-1.11E-05	-1.33E-05
109	5	0	0	0	0	0	0	232	254	0	-1.71E-05	1.65E-06	-1.11E-05	-1.33E-05
109	6	0	0	0	0	0	0	232	254	0	-1.85E-05	2.52E-06	-9.32E-06	-1.64E-05
109	7	0	0	0	0	0	0	232	254	0	-1.85E-05	2.52E-06	-9.32E-06	-1.64E-05
109	8	0	0	0	0	0	0	232	254	0	-2.18E-05	2.88E-06	-1.04E-05	-7.17E-06
109	9	0	0	0	0	0	0	232	254	0	-2.18E-05	2.88E-06	-1.04E-05	-7.17E-06
109	10	0	0	0	0	0	0	232	254	0	-2.27E-05	5.48E-06	-1.33E-05	2.22E-06
109	11	0	0	0	0	0	0	232	254	0	-2.27E-05	5.48E-06	-1.33E-05	2.22E-06
109	12	0	0	0	0	0	0	232	254	0	-2.43E-05	7.13E-06	-1.13E-05	-1.18E-05
109	13	0	0	0	0	0	0	232	254	0	-2.38E-05	6.27E-06	-5.28E-06	-3.59E-05
109	14	0	0	0	0	0	0	232	254	0	-2.38E-05	6.27E-06	-5.28E-06	-3.59E-05
109	15	0	0	0	0	0	0	232	254	0	-2.22E-05	3.89E-06	-8.78E-06	-4.17E-05
109	16	0	0	0	0	0	0	232	254	0	-2.22E-05	3.89E-06	-8.78E-06	-4.17E-05
109	17	0	0	0	0	0	0	232	254	0	-2.08E-05	-3.11E-08	-1.51E-05	-3.11E-05
109	18	0	0	0	0	0	0	232	254	0	-2.08E-05	-3.11E-08	-1.51E-05	-3.11E-05
109	19	0	0	0	0	0	0	232	254	0	-1.74E-05	1.07E-06	-1.87E-05	-2.16E-05
110	0	0	0	0	0	0	0	232	254	0	-1.74E-05	1.07E-06	-1.87E-05	-2.16E-05
110	1	0	0	0	0	0	0	232	254	0	-1.63E-05	2.47E-06	-1.14E-05	-1.45E-05
110	2	0	0	0	0	0	0	232	254	0	-1.74E-05	2.11E-06	-2.88E-06	-1.18E-05
110	3	0	0	0	0	0	0	232	254	0	-1.74E-05	2.11E-06	-2.88E-06	-1.18E-05
110	4	0	0	0	0	0	0	232	254	0	-1.86E-05	1.91E-06	-5.48E-06	-1.37E-05
110	5	0	0	0	0	0	0	232	254	0	-1.86E-05	1.91E-06	-5.48E-06	-1.37E-05
110	6	0	0	0	0	0	0	232	254	0	-2.05E-05	3.38E-06	-7.24E-06	-1.71E-05
110	7	0	0	0	0	0	0	232	254	0	-2.05E-05	3.38E-06	-7.24E-06	-1.71E-05
110	8	0	0	0	0	0	0	232	254	0	-2.10E-05	3.46E-06	-7.54E-06	-1.60E-05
110	9	0	0	0	0	0	0	232	254	0	-2.10E-05	3.46E-06	-7.54E-06	-1.60E-05
110	10	0	0	0	0	0	0	232	254	0	-2.08E-05	3.14E-06	-8.70E-06	-1.83E-05
110	11	0	0	0	0	0	0	232	254	0	-2.00E-05	3.68E-06	-9.52E-06	-1.84E-05
110	12	0	0	0	0	0	0	232	254	0	-2.00E-05	3.68E-06	-9.52E-06	-1.84E-05
110	13	0	0	0	0	0	0	232	254	0	-2.04E-05	2.65E-06	-9.19E-06	-1.71E-05
110	14	0	0	0	0	0	0	232	254	0	-2.04E-05	2.65E-06	-9.19E-06	-1.71E-05
110	15	0	0	0	0	0	0	232	254	0	-2.07E-05	3.59E-06	-8.94E-06	-1.83E-05
110	16	0	0	0	0	0	0	232	254	0	-2.07E-05	3.59E-06	-8.94E-06	-1.83E-05
110	17	0	0	0	0	0	0	232	254	0	-2.14E-05	4.07E-06	-9.28E-06	-1.78E-05
110	18	0	0	0	0	0	0	232	254	0	-2.14E-05	4.07E-06	-9.28E-06	-1.78E-05
110	19	0	0	0	0	0	0	232	254	0	-2.20E-05	4.11E-06	-9.07E-06	-1.41E-05
111	0	0	0	0	0	0	0	232	254	0	-2.43E-05	2.34E-06	-5.51E-06	-8.01E-06
111	1	0	0	0	0	0	0	232	254	0	-2.43E-05	2.34E-06	-5.51E-06	-8.01E-06
111	2	0	0	0	0	0	0	232	254	0	-2.60E-05	1.45E-06	-3.33E-06	-3.10E-06
111	3	0	0	0	0	0	0	232	254	0	-2.60E-05	1.45E-06	-3.33E-06	-3.10E-06
111	4	0	0	0	0	0	0	232	254	0	-2.52E-05	3.37E-06	-4.97E-06	-8.48E-06
111	5	0	0	0	0	0	0	232	254	0	-2.52E-05	3.37E-06	-4.97E-06	-8.48E-06
111	6	0	0	0	0	0	0	232	254	0	-2.22E-05	4.51E-06	-9.97E-06	-1.18E-05
111	7	0	0	0	0	0	0	232	254	0	-2.22E-05	4.51E-06	-9.97E-06	-1.18E-05
111	8	0	0	0	0	0	0	232	254	0	-2.09E-05	4.57E-06	-1.02E-05	-8.83E-06
111	9	0	0	0	0	0	0	232	254	0	-2.34E-05	6.01E-06	-9.10E-06	-1.04E-05
111	10	0	0	0	0	0	0	232	254	0	-2.34E-05	6.01E-06	-9.10E-06	-1.04E-05
111	11	0	0	0	0	0	0	232	254	0	-2.13E-05	6.47E-06	-1.02E-05	-8.66E-06
111	12	0	0	0	0	0	0	232	254	0	-2.13E-05	6.47E-06	-1.02E-05	-8.66E-06
111	13	0	0	0	0	0	0	232	254	0	-1.91E-05	3.54E-06	-8.62E-06	-3.04E-06
111	14	0	0	0	0	0	0	232	254	0	-1.91E-05	3.54E-06	-8.62E-06	-3.04E-06
111	15	0	0	0	0	0	0	232	254	0	-2.03E-05	1.65E-06	-6.97E-06	-6.34E-06
111	16	0	0	0	0	0	0	232	254	0	-2.03E-05	1.65E-06	-6.97E-06	-6.34E-06
111	17	0	0	0	0	0	0	232	254	0	-2.00E-05	2.56E-06	-7.69E-06	-2.14E-05
111	18	0	0	0	0	0	0	232	254	0	-2.00E-05	2.94E-06	-9.38E-06	-3.23E-05
111	19	0	0	0	0	0	0	232	254	0	-2.00E-05	2.94E-06	-9.38E-06	-3.23E-05
112	0	0	0	0	0	0	0	232	254	0	-2.13E-05	3.32E-06	-1.55E-05	-4.22E-05
112	1	0	0	0	0	0	0	232	254	0	-2.13E-05	3.32E-06	-1.55E-05	-4.22E-05
112	2	0	0	0	0	0	0	232	254	0	-2.13E-05	2.22E-06	-2.10E-05	-3.93E-05
112	3	0	0	0	0	0	0	232	254	0	-2.13E-05	2.22E-06	-2.10E-05	-3.93E-05
112	4	0	0	0	0	0	0	232	254	0	-2.11E-05	3.64E-06	-1.74E-05	-1.34E-05
112	5	0	0	0	0	0	0	232	254	0	-2.11E-05	3.64E-06	-1.74E-05	-1.34E-05
112	6	0	0	0	0	0	0	232	254	0	-2.10E-05	4.50E-06	1.14E-06	1.65E-05
112	7	0	0	0	0	0	0	232	254	0	-1.98E-05	5.42E-06	1.21E-05	3.33E-06
112	8	0	0	0	0	0	0	232	254	0	-1.98E-05	5.42E-06	1.21E-05	3.33E-06
112	9	0	0	0	0	0	0	232	254	0	-1.97E-05	5.71E-06	-9.54E-07	-1.88E-05
112	10	0	0	0	0	0	0	232	254	0	-1.97E-05	5.71E-06	-9.54E-07	-1.88E-05
112	11	0	0	0	0	0	0	232	254	0	-2.03E-05	5.94E-06	-1.71E-05	-1.32E-05
112	12	0	0	0	0	0	0	232	254	0	-2.03E-05	5.94E-06	-1.71E-05	-1.32E-05
112	13	0	0	0	0	0	0	232	254	0	-1.99E-05	7.13E-06	-1.97E-05	4.22E-06
112	14	0	0	0	0	0	0	232	254	0	-1.99E-05	7.13E-06	-1.97E-05	4.22E-06
112	15	0	0	0	0	0	0	232	254	0	-1.98E-05	5.27E-06	-1.41E-05	1.40E-05
112	16	0	0	0	0	0	0	232	254	0	-2.05E-05	3.66E-06	-8.33E-06	2.15E-05
112	17	0	0	0	0	0	0	232	254	0	-2.05E-05	3.66E-06	-8.33E-06	2.15E-05
112	18	0	0	0	0	0	0	232	254	0	-1.98E-05	4.37E-06	-3.60E-06	2.59E-05
112	19	0	0	0	0	0	0	232	254	0	-1.98E-05	4.37E-06	-3.60E-06	2.59E-05
113	0	0	0	0	0	0	0	232	254	0	-2.08E-05	2.90E-06	-3.11E-06	1.90E-05
113	1	0	0	0	0	0	0	232	254	0	-2.08E-05	2.90E-06	-3.11E-06	1.90E-05
113	2	0	0	0	0	0	0	232	254	0	-2.08E-05	2.97E-07	-3.81E-06	5.55E-06
113	3	0	0	0	0	0	0	232	254	0	-2.08E-05	2.97E-07	-3.81E-06	5.55E-06
113	4	0	0	0	0	0	0	232	254	0	-1.96E-05	2.50E-06	-4.99E-06	-1.74E-05
113	5	0	0	0	0	0	0	232	254	0	-1.96E-05	4.26E-06	-8.30E-06	-4.41E-05
113	6	0	0	0	0	0	0	232	254	0	-1.96E-05	4.26E-06	-8.30E-06	-4.41E-05
113	7	0	0	0	0	0	0	232	254	0	-2.16E-05	2.75E-06	-1.12E-05	-5.56E-05
113	8	0	0	0	0	0	0	232	254	0	-2.16E-05	2.75E-06	-1.12E-05	-5.56E-05
113	9	0	0	0	0	0	0	232	254	0	-2.32E-05	4.42E-06	-1.27E-05	-3.09E-05
113	10	0	0	0	0	0	0	232	254	0	-2.32E-05	4.42E-06	-1.27E-05	-3.09E-05
113	11	0	0	0	0	0	0	232	254	0	-2.09E-05	5.65E-06	-1.10E-05	-9.77E-06
113	12	0	0	0	0	0	0	232	254	0	-2.09E-05	5.65E-06	-1.10E-05	-9.77E-06
113	13	0	0	0	0	0	0	232	254	0	-1.99E-05	3.95E-06	-9.46E-06	-9.17E-06
113	14	0	0	0	0	0	0	232	254	0	-1.72E-05	2.28E-06	-1.13E-05	-1.11E-05
113	15	0	0	0	0	0	0	232	254	0	-1.72E-05	2.28E-06	-1.13E-05	-1.11E-05
113	16	0	0	0	0	0	0	232	254	0	-1.45E-05	1.76E-06	-1.38E-05	-1.07E-05
113	17	0	0	0	0	0	0	232	254	0	-1.45E-05	1.76E-06	-1.38E-05	-1.07E-05
113	18	0	0	0	0	0	0	232	254	0	-1.63E-05	9.92E-07	-1.41E-05	1.12E-06
113	19	0	0	0	0	0	0	232	254	0	-1.63E-05	9.92E-07	-1.41E-05	1.12E-06
114	0	0	0	0	0	0	0	232	254	0	-1.96E-05	1.06E-07	-8.50E-06	9.49E-06
114	1	0	0	0	0	0	0	232	254	0	-1.96E-05	1.06E-07	-8.50E-06	9.49E-06
114	2	0	0	0	0	0	0	232	254	0	-2.15E-05	2.01E-06	-7.41E-06	-1.85E-05
114	3	0	0	0	0	0	0	232	254	0	-2.09E-05	3.41E-06	-9.53E-06	-2.76E-05
114	4	0	0	0	0	0	0	232	254	0	-2.09E-05	3.41E-06	-9.53E-06	-2.76E-05
114	5	0	0	0	0	0	0	232	254	0	-2.22E-05	5.69E-06	-8.34E-06	-1.11E-05
114	6	0	0	0	0	0	0	232	254	0	-2.22E-05	5.69E-06	-8.34E-06	-1.11E-05
114	7	0	0	0	0	0	0	232	254	0	-2.25E-05	4.40E-06	-9.52E-06	-1.09E-05
114	8	0	0	0	0	0	0	232	254	0	-2.25E-05	4.40E-06	-9.52E-06	-1.09E-05
114	9	0	0	0	0	0	0	232	254	0	-2.39E-05	3.52E-06	-1.27E-05	-1.55E-05
114	10	0	0	0	0	0	0	232	254	0	-2.39E-05	3.52E-06	-1.27E-05	-1.55E-05
114	11	0	0	0	0	0	0	232	254	0	-2.57E-05	3.30E-06	-1.45E-05	-4.54E-06
114	12	0	0	0	0	0	0	232	254	0	-2.61E-05	1.39E-06	-1.38E-05	-1.17E-06
114	13	0	0	0	0	0	0	232	254	0	-2.61E-05	1.39E-06	-1.38E-05	-1.17E-06
114	14	0	0	0	0	0	0	232	254	0	-2.61E-05	-3.70E-07	-1.18E-05	-2.31E-05
114	15	0	0	0	0	0	0	232	254	0	-2.61E-05	-3.70E-07	-1.18E-05	-2.31E-05
114	16	0	0	0	0	0	0	232	254	0	-2.40E-05	8.00E-06	-4.96E-06	-3.83E-05
114	17	0	0	0	0	0	0	232	254	0	-2.40E-05	8.00E-06	-4.96E-06	-3.83E-05
114	18	0	0	0	0	0	0	232	254	0	-2.14E-05	1.47E-05	5.65E-07	-1.82E-05
114	19	0	0	0	0	0	0	232	254	0	-2.14E-05	1.47E-05	5.65E-07	-1.82E-05
115	0	0	0	0	0	0	0	232	254	0	-1.94E-05	1.18E-05	-9.70E-07	2.55E-06
115	1	0	0	0	0	0	0	232	254	0	-1.93E-05	8.96E-06	2.67E-07	6.23E-06
115	2	0	0	0	0	0	0	232	254	0	-1.93E-05	8.96E-06	2.67E-07	6.23E-06
115	3	0	0	0	0	0	0	232	254	0	-1.94E-05	7.22E-06	-1.58E-06	-1.37E-06
115	4	0	0	0	0	0	0	232	254	0	-1.94E-05	7.22E-06	-1.58E-06	-1.37E-06
115	5	0	0	0	0	0	0	232	254	0	-2.04E-05	7.03E-06	-1.09E-05	-1.73E-05
115	6	0	0	0	0	0	0	232	254	0	-2.04E-05	7.03E-06	-1.09E-05	-1.73E-05
115	7	0	0	0	0	0	0	232	254	0	-2.35E-05	5.67E-06	-1.28E-05	-2.29E-05
115	8	0	0	0	0	0	0	232	254	0	-2.35E-05	5.67E-06	-1.28E-05	-2.29E-05
115	9	0	0	0	0	0	0	232	254	0	-2.39E-05	4.39E-06	-1.04E-05	-2.14E-05
115	10	0	0	0	0	0	0	232	254	0	-2.06E-05	4.49E-06	-1.14E-05	-1.60E-05
115	11	0	0	0	0	0	0	232	254	0	-2.06E-05	4.49E-06	-1.14E-05	-1.60E-05
115	12	0	0	0	0	0	0	232	254	0	-1.77E-05	4.10E-06	-1.10E-05	-1.80E-05
115	13	0	0	0	0	0	0	232	254	0	-1.77E-05	4.10E-06	-1.10E-05	-1.80E-05
115	14	0	0	0	0	0	0	232	254	0	-1.62E-05	3.55E-06	-1.03E-05	-1.58E-05
115	15	0	0	0	0	0	0	232	254	0	-1.62E-05	3.55E-06	-1.03E-05	-1.58E-05
115	16	0	0	0	0	0	0	232	254	0	-1.78E-05	3.65E-06	-1.05E-05	-1.39E-05
115	17	0	0	0	0	0	0	232	254	0	-1.78E-05	3.65E-06	-1.05E-05	-1.39E-05
115	18	0	0	0	0	0	0	232	254	0	-1.80E-05	3.52E-06	-9.85E-06	-2.15E-05
115	19	0	0	0	0	0	0	232	254	0	-1.84E-05	4.58E-06	-1.09E-05	-2.85E-05
116	0	0	0	0	0	0	0	232	254	0	-1.84E-05	4.58E-06	-1.09E-05	-2.85E-05
116	1	0	0	0	0	0	0	232	254	0	-1.95E-05	4.94E-06	-1.27E-05	-2.30E-05
116	2	0	0	0	0	0	0	232	254	0	-1.95E-05	4.94E-06	-1.27E-05	-2.30E-05
116	3	0	0	0	0	0	0	232	254	0	-2.18E-05	5.76E-06	-1.12E-05	-9.59E-06
116	4	0	0	0	0	0	0	232	254	0	-2.18E-05	5.76E-06	-1.12E-05	-9.59E-06
116	5	0	0	0	0	0	0	232	254	0	-2.31E-05	7.79E-06	-9.04E-06	2.45E-06
116	6	0	0	0	0	0	0	232	254	0	-2.31E-05	7.79E-06	-9.04E-06	2.45E-06
116	7	0	0	0	0	0	0	232	254	0	-2.37E-05	5.06E-06	-8.94E-06	4.56E-06
116	8	0	0	0	0	0	0	232	254	0	-2.37E-05	5.64E-06	-9.32E-06	-1.44E-06
116	9	0	0	0	0	0	0	232	254	0	-2.37E-05	5.64E-06	-9.32E-06	-1.44E-06
116	10	0	0	0	0	0	0	232	254	0	-2.74E-05	8.37E-06	-9.99E-06	-1.51E-05
116	11	0	0	0	0	0	0	232	254	0	-2.74E-05	8.37E-06	-9.99E-06	-1.51E-05
116	12	0	0	0	0	0	0	232	254	0	-2.77E-05	7.95E-06	-1.05E-05	-2.33E-05
116	13	0	0	0	0	0	0	232	254	0	-2.77E-05	7.95E-06	-1.05E-05	-2.33E-05
116	14	0	0	0	0	0	0	232	254	0	-2.66E-05	6.23E-06	-9.26E-06	-1.97E-05
116	15	0	0	0	0	0	0	232	254	0	-2.66E-05	6.23E-06	-9.26E-06	-1.97E-05
116	16	0	0	0	0	0	0	232	254	0	-2.56E-05	6.86E-06	-5.89E-06	-1.05E-05
116	17	0	0	0	0	0	0	232	254	0	-2.24E-05	1.00E-05	-3.91E-06	-5.55E-06
116	18	0	0	0	0	0	0	232	254	0	-2.24E-05	1.00E-05	-3.91E-06	-5.55E-06
116	19	0	0	0	0	0	0	232	254	0	-2.08E-05	1.09E-05	-4.65E-06	-3.48E-06
117	0	0	0	0	0	0	0	232	254	0	-2.08E-05	1.09E-05	-4.65E-06	-3.48E-06
117	1	0	0	0	0	0	0	232	254	0	-1.95E-05	1.04E-05	-7.96E-06	-4.51E-06
117	2	0	0	0	0	0	0	232	254	0	-1.95E-05	1.04E-05	-7.96E-06	-4.51E-06
117	3	0	0	0	0	0	0	232	254	0	-1.61E-05	9.16E-06	-1.07E-05	-1.30E-05
117	4	0	0	0	0	0	0	232	254	0	-1.61E-05	9.16E-06	-1.07E-05	-1.30E-05
117	5	0	0	0	0	0	0	232	254	0	-1.50E-05	6.64E-06	-1.15E-05	-1.31E-05
117	6	0	0	0	0	0	0	232	254	0	-1.80E-05	7.26E-06	-1.04E-05	-1.07E-05
117	7	0	0	0	0	0	0	232	254	0	-1.80E-05	7.26E-06	-1.04E-05	-1.07E-05
117	8	0	0	0	0	0	0	232	254	0	-2.05E-05	7.19E-06	-9.02E-06	-1.65E-05
117	9	0	0	0	0	0	0	232	254	0	-2.05E-05	7.19E-06	-9.02E-06	-1.65E-05
117	10	0	0	0	0	0	0	232	254	0	-1.96E-05	4.68E-06	-1.18E-05	-2.12E-05
117	11	0	0	0	0	0	0	232	254	0	-1.96E-05	4.68E-06	-1.18E-05	-2.12E-05
117	12	0	0	0	0	0	0	232	254	0	-1.95E-05	3.36E-06	-1.06E-05	-2.17E-05
117	13	0	0	0	0	0	0	232	254	0	-1.95E-05	3.36E-06	-1.06E-05	-2.17E-05
117	14	0	0	0	0	0	0	232	254	0	-1.82E-05	1.96E-06	-9.98E-06	-3.03E-05
117	15	0	0	0	0	0	0	232	254	0	-1.79E-05	-3.67E-07	-1.24E-05	-2.83E-05
117	16	0	0	0	0	0	0	232	254	0	-1.79E-05	-3.67E-07	-1.24E-05	-2.83E-05
117	17	0	0	0	0	0	0	232	254	0	-1.75E-05	6.41E-07	-1.13E-05	-1.65E-05
117	18	0	0	0	0	0	0	232	254	0	-1.75E-05	6.41E-07	-1.13E-05	-1.65E-05
117	19	0	0	0	0	0	0	232	254	0	-1.70E-05	1.67E-06	-1.09E-05	-1.26E-05
118	0	0	0	0	0	0	0	232	254	0	-1.70E-05	1.67E-06	-1.09E-05	-1.26E-05
118	1	0	0	0	0	0	0	232	254	0	-1.77E-05	2.94E-06	-1.07E-05	-1.41E-05
118	2	0	0	0	0	0	0	232	254	0	-1.77E-05	2.94E-06	-1.07E-05	-1.41E-05
118	3	0	0	0	0	0	0	232	254	0	-2.06E-05	4.62E-06	-8.81E-06	-2.36E-05
118	4	0	0	0	0	0	0	232	254	0	-2.41E-05	5.36E-06	-7.31E-06	-2.03E-05
118	5	0	0	0	0	0	0	232	254	0	-2.41E-05	5.36E-06	-7.31E-06	-2.03E-05
118	6	0	0	0	0	0	0	232	254	0	-2.19E-05	6.33E-06	-8.30E-06	-1.21E-06
118	7	0	0	0	0	0	0	232	254	0	-2.19E-05	6.33E-06	-8.30E-06	-1.21E-06
118	8	0	0	0	0	0	0	232	254	0	-1.84E-05	5.86E-06	-1.11E-05	1.01E-05
118	9	0	0	0	0	0	0	232	254	0	-1.84E-05	5.86E-06	-1.11E-05	1.01E-05
118	10	0	0	0	0	0	0	232	254	0	-1.84E-05	4.54E-06	-1.24E-05	1.77E-05
118	11	0	0	0	0	0	0	232	254	0	-1.84E-05	4.54E-06	-1.24E-05	1.77E-05
118	12	0	0	0	0	0	0	232	254	0	-1.91E-05	3.20E-06	-1.08E-05	2.69E-05
118	13	0	0	0	0	0	0	232	254	0	-1.91E-05	1.40E-06	-1.01E-05	1.02E-05
118	14	0	0	0	0	0	0	232	254	0	-1.91E-05	1.40E-06	-1.01E-05	1.02E-05
118	15	0	0	0	0	0	0	232	254	0	-1.97E-05	2.62E-06	-9.87E-06	-1.96E-05
118	16	0	0	0	0	0	0	232	254	0	-1.97E-05	2.62E-06	-9.87E-06	-1.96E-05
118	17	0	0	0	0	0	0	232	254	0	-1.99E-05	9.01E-07	-7.46E-06	-3.43E-05
118	18	0	0	0	0	0	0	232	254	0	-1.99E-05	9.01E-07	-7.46E-06	-3.43E-05
118	19	0	0	0	0	0	0	232	254	0	-1.76E-05	-7.94E-07	-7.98E-06	-3.94E-05
119	0	0	0	0	0	0	0	232	254	0	-1.76E-05	-7.94E-07	-7.98E-06	-3.94E-05
119	1	0	0	0	0	0	0	232	254	0	-1.79E-05	-5.04E-07	-1.52E-05	-3.17E-05
119	2	0	0	0	0	0	0	232	254	0	-1.97E-05	-4.58E-07	-1.59E-05	4.46E-06
119	3	0	0	0	0	0	0	232	254	0	-1.97E-05	-4.58E-07	-1.59E-05	4.46E-06
119	4	0	0	0	0	0	0	232	254	0	-2.12E-05	-3.06E-08	-1.09E-05	2.77E-05
119	5	0	0	0	0	0	0	232	254	0	-2.12E-05	-3.06E-08	-1.09E-05	2.77E-05
119	6	0	0	0	0	0	0	232	254	0	-2.03E-05	1.07E-06	-9.70E-06	-3.41E-06
119	7	0	0	0	0	0	0	232	254	0	-2.03E-05	1.07E-06	-9.70E-06	-3.41E-06
119	8	0	0	0	0	0	0	232	254	0	-2.05E-05	2.15E-06	-1.07E-05	-3.74E-05
119	9	0	0	0	0	0	0	232	254	0	-2.05E-05	2.15E-06	-1.07E-05	-3.74E-05
119	10	0	0	0	0	0	0	232	254	0	-2.05E-05	-1.91E-07	-1.17E-05	-3.28E-05
119	11	0	0	0	0	0	0	232	254	0	-2.10E-05	3.73E-07	-1.23E-05	-1.85E-05
119	12	0	0	0	0	0	0	232	254	0	-2.10E-05	3.73E-07	-1.23E-05	-1.85E-05
119	13	0	0	0	0	0	0	232	254	0	-2.15E-05	4.98E-06	-1.07E-05	-1.45E-05
119	14	0	0	0	0	0	0	232	254	0	-2.15E-05	4.98E-06	-1.07E-05	-1.45E-05
119	15	0	0	0	0	0	0	232	254	0	-2.29E-05	5.75E-06	-4.38E-06	1.45E-05
119	16	0	0	0	0	0	0	232	254	0	-2.29E-05	5.75E-06	-4.38E-06	1.45E-05
119	17	0	0	0	0	0	0	232	254	0	-2.20E-05	6.02E-06	2.90E-07	1.51E-05
119	18	0	0	0	0	0	0	232	254	0	-2.20E-05	6.02E-06	2.90E-07	1.51E-05
119	19	0	0	0	0	0	0	232	254	0	-2.00E-05	5.65E-06	-4.33E-06	-1.82E-05
120	0	0	0	0	0	0	0	232	254	0	-2.13E-05	4.29E-06	-1.19E-05	-3.10E-05
120	1	0	0	0	0	0	0	232	254	0	-2.13E-05	4.29E-06	-1.19E-05	-3.10E-05
120	2	0	0	0	0	0	0	232	254	0	-2.08E-05	4.96E-06	-1.30E-05	-2.91E-05
120	3	0	0	0	0	0	0	232	254	0	-2.08E-05	4.96E-06	-1.30E-05	-2.91E-05
120	4	0	0	0	0	0	0	232	254	0	-1.97E-05	5.72E-06	-9.61E-06	-2.59E-05
120	5	0	0	0	0	0	0	232	254	0	-1.97E-05	5.72E-06	-9.61E-06	-2.59E-05
120	6	0	0	0	0	0	0	232	254	0	-2.04E-05	6.81E-06	-1.13E-05	-1.43E-05
120	7	0	0	0	0	0	0	232	254	0	-2.04E-05	6.81E-06	-1.13E-05	-1.43E-05
120	8	0	0	0	0	0	0	232	254	0	-2.10E-05	6.58E-06	-1.34E-05	1.27E-05
120	9	0	0	0	0	0	0	232	254	0	-2.27E-05	7.66E-06	-9.08E-06	8.49E-06
120	10	0	0	0	0	0	0	232	254	0	-2.27E-05	7.66E-06	-9.08E-06	8.49E-06
120	11	0	0	0	0	0	0	232	254	0	-2.48E-05	5.94E-06	-4.00E-06	-1.52E-05
120	12	0	0	0	0	0	0	232	254	0	-2.48E-05	5.94E-06	-4.00E-06	-1.52E-05
120	13	0	0	0	0	0	0	232	254	0	-2.37E-05	4.20E-06	-4.68E-06	-4.54E-05
120	14	0	0	0	0	0	0	232	254	0	-2.37E-05	4.20E-06	-4.68E-06	-4.54E-05
120	15	0	0	0	0	0	0	232	254	0	-2.26E-05	4.47E-06	-3.36E-06	-6.80E-05
120	16	0	0	0	0	0	0	232	254	0	-2.26E-05	4.47E-06	-3.36E-06	-6.80E-05
120	17	0	0	0	0	0	0	232	254	0	-2.27E-05	6.03E-06	-2.56E-06	-5.50E-05
120	18	0	0	0	0	0	0	232	254	0	-2.41E-05	4.98E-06	-4.55E-06	-3.12E-05
120	19	0	0	0	0	0	0	232	254	0	-2.41E-05	4.98E-06	-4.55E-06	-3.12E-05
121	0	0	0	0	0	0	0	232	254	0	-2.23E-05	5.64E-06	-9.26E-06	-1.99E-05
121	1	0	0	0	0	0	0	232	254	0	-2.23E-05	5.64E-06	-9.26E-06	-1.99E-05
121	2	0	0	0	0	0	0	232	254	0	-2.08E-05	5.39E-06	-1.14E-05	3.11E-07
121	3	0	0	0	0	0	0	232	254	0	-2.08E-05	5.39E-06	-1.14E-05	3.11E-07
121	4	0	0	0	0	0	0	232	254	0	-1.98E-05	6.71E-06	-9.61E-06	2.21E-05
121	5	0	0	0	0	0	0	232	254	0	-1.98E-05	6.71E-06	-9.61E-06	2.21E-05
121	6	0	0	0	0	0	0	232	254	0	-2.01E-05	7.52E-06	-7.56E-06	1.89E-05
121	7	0	0	0	0	0	0	232	254	0	-2.05E-05	6.55E-06	-6.18E-06	1.26E-05
121	8	0	0	0	0	0	0	232	254	0	-2.05E-05	6.55E-06	-6.18E-06	1.26E-05
121	9	0	0	0	0	0	0	232	254	0	-1.94E-05	8.96E-06	-4.14E-06	6.82E-06
121	10	0	0	0	0	0	0	232	254	0	-1.94E-05	8.96E-06	-4.14E-06	6.82E-06
121	11	0	0	0	0	0	0	232	254	0	-1.99E-05	1.02E-05	-6.10E-06	-5.52E-06
121	12	0	0	0	0	0	0	232	254	0	-1.99E-05	1.02E-05	-6.10E-06	-5.52E-06
121	13	0	0	0	0	0	0	232	254	0	-2.03E-05	8.87E-06	-7.28E-06	-1.53E-05
121	14	0	0	0	0	0	0	232	254	0	-2.03E-05	8.87E-06	-7.28E-06	-1.53E-05
121	15	0	0	0	0	0	0	232	254	0	-2.04E-05	6.29E-06	-4.99E-06	-2.35E-05
121	16	0	0	0	0	0	0	232	254	0	-2.11E-05	4.31E-06	-1.63E-06	-2.04E-05
121	17	0	0	0	0	0	0	232	254	0	-2.11E-05	4.31E-06	-1.63E-06	-2.04E-05
121	18	0	0	0	0	0	0	232	254	0	-2.27E-05	1.94E-06	-2.69E-06	-2.00E-05
121	19	0	0	0	0	0	0	232	254	0	-2.27E-05	1.94E-06	-2.69E-06	-2.00E-05
122	0	0	0	0	0	0	0	232	254	0	-2.27E-05	2.61E-06	-5.23E-06	-1.43E-05
122	1	0	0	0	0	0	0	232	254	0	-2.27E-05	2.61E-06	-5.23E-06	-1.43E-05
122	2	0	0	0	0	0	0	232	254	0	-2.31E-05	3.12E-06	-7.64E-06	-5.71E-06
122	3	0	0	0	0	0	0	232	254	0	-2.31E-05	3.12E-06	-7.64E-06	-5.71E-06
122	4	0	0	0	0	0	0	232	254	0	-2.38E-05	2.66E-06	-8.11E-06	-3.11E-06
122	5	0	0	0	0	0	0	232	254	0	-2.35E-05	2.52E-06	-7.59E-06	-7.25E-06
122	6	0	0	0	0	0	0	232	254	0	-2.35E-05	2.52E-06	-7.59E-06	-7.25E-06
122	7	0	0	0	0	0	0	232	254	0	-2.13E-05	2.54E-06	-9.38E-06	-9.59E-06
122	8	0	0	0	0	0	0	232	254	0	-2.13E-05	2.54E-06	-9.38E-06	-9.59E-06
122	9	0	0	0	0	0	0	232	254	0	-1.99E-05	2.71E-06	-1.25E-05	-8.98E-06
122	10	0	0	0	0	0	0	232	254	0	-1.99E-05	2.71E-06	-1.25E-05	-8.98E-06
122	11	0	0	0	0	0	0	232	254	0	-2.06E-05	2.72E-06	-1.27E-05	-4.38E-06
122	12	0	0	0	0	0	0	232	254	0	-2.06E-05	2.72E-06	-1.27E-05	-4.38E-06
122	13	0	0	0	0	0	0	232	254	0	-1.91E-05	1.85E-06	-1.17E-05	-7.42E-06
122	14	0	0	0	0	0	0	232	254	0	-2.01E-05	1.75E-06	-1.22E-05	-2.11E-05
122	15	0	0	0	0	0	0	232	254	0	-2.01E-05	1.75E-06	-1.22E-05	-2.11E-05
122	16	0	0	0	0	0	0	232	254	0	-2.18E-05	9.92E-07	-1.16E-05	-3.25E-05
122	17	0	0	0	0	0	0	232	254	0	-2.18E-05	9.92E-07	-1.16E-05	-3.25E-05
122	18	0	0	0	0	0	0	232	254	0	-2.29E-05	-1.22E-07	-1.01E-05	-3.30E-05
122	19	0	0	0	0	0	0	232	254	0	-2.29E-05	-1.22E-07	-1.01E-05	-3.30E-05
123	0	0	0	0	0	0	0	232	254	0	-2.24E-05	-1.98E-07	-1.38E-05	-3.13E-05
123	1	0	0	0	0	0	0	232	254	0	-2.24E-05	-1.98E-07	-1.38E-05	-3.13E-05
123	2	0	0	0	0	0	0	232	254	0	-2.25E-05	-2.65E-06	-1.66E-05	-2.31E-05
123	3	0	0	0	0	0	0	232	254	0	-2.12E-05	-3.25E-06	-1.42E-05	-1.35E-05
123	4	0	0	0	0	0	0	232	254	0	-2.12E-05	-3.25E-06	-1.42E-05	-1.35E-05
123	5	0	0	0	0	0	0	232	254	0	-2.09E-05	-1.24E-06	-1.33E-05	-6.64E-06
123	6	0	0	0	0	0	0	232	254	0	-2.09E-05	-1.24E-06	-1.33E-05	-6.64E-06
123	7	0	0	0	0	0	0	232	254	0	-2.26E-05	5.04E-07	-1.14E-05	5.86E-06
123	8	0	0	0	0	0	0	232	254	0	-2.26E-05	5.04E-07	-1.14E-05	5.86E-06
123	9	0	0	0	0	0	0	232	254	0	-2.19E-05	5.72E-07	-1.00E-05	3.74E-06
123	10	0	0	0	0	0	0	232	254	0	-2.19E-05	5.72E-07	-1.00E-05	3.74E-06
123	11	0	0	0	0	0	0	232	254	0	-2.09E-05	1.72E-06	-1.12E-05	-2.59E-05
123	12	0	0	0	0	0	0	232	254	0	-2.04E-05	6.21E-06	-1.25E-05	-4.59E-05
123	13	0	0	0	0	0	0	232	254	0	-2.04E-05	6.21E-06	-1.25E-05	-4.59E-05
123	14	0	0	0	0	0	0	232	254	0	-2.14E-05	5.89E-06	-9.58E-06	-3.81E-05
123	15	0	0	0	0	0	0	232	254	0	-2.14E-05	5.89E-06	-9.58E-06	-3.81E-05
123	16	0	0	0	0	0	0	232	254	0	-2.19E-05	3.63E-06	-7.37E-06	-3.63E-05
123	17	0	0	0	0	0	0	232	254	0	-2.19E-05	3.63E-06	-7.37E-06	-3.63E-05
123	18	0	0	0	0	0	0	232	254	0	-2.11E-05	2.04E-06	-5.94E-06	-1.76E-05
123	19	0	0	0	0	0	0	232	254	0	-2.11E-05	2.04E-06	-5.94E-06	-1.76E-05
124	0	0	0	0	0	0	0	232	254	0	-1.99E-05	1.31E-06	-4.43E-06	1.77E-05
124	1	0	0	0	0	0	0	232	254	0	-2.19E-05	2.23E-06	-6.24E-06	2.68E-05
124	2	0	0	0	0	0	0	232	254	0	-2.19E-05	2.23E-06	-6.24E-06	2.68E-05
124	3	0	0	0	0	0	0	232	254	0	-2.33E-05	2.86E-06	-8.74E-06	2.39E-05
124	4	0	0	0	0	0	0	232	254	0	-2.33E-05	2.86E-06	-8.74E-06	2.39E-05
124	5	0	0	0	0	0	0	232	254	0	-2.29E-05	5.70E-06	-9.99E-06	9.42E-06
124	6	0	0	0	0	0	0	232	254	0	-2.29E-05	5.70E-06	-9.99E-06	9.42E-06
124	7	0	0	0	0	0	0	232	254	0	-1.97E-05	9.77E-06	-1.05E-05	-1.23E-05
124	8	0	0	0	0	0	0	232	254	0	-1.97E-05	9.77E-06	-1.05E-05	-1.23E-05
124	9	0	0	0	0	0	0	232	254	0	-1.80E-05	8.69E-06	-1.08E-05	-2.98E-05
124	10	0	0	0	0	0	0	232	254	0	-1.93E-05	7.73E-06	-1.43E-05	-3.09E-05
124	11	0	0	0	0	0	0	232	254	0	-1.93E-05	7.73E-06	-1.43E-05	-3.09E-05
124	12	0	0	0	0	0	0	232	254	0	-1.97E-05	9.42E-06	-1.34E-05	-2.11E-05
124	13	0	0	0	0	0	0	232	254	0	-1.97E-05	9.42E-06	-1.34E-05	-2.11E-05
124	14	0	0	0	0	0	0	232	254	0	-2.01E-05	5.78E-06	-7.10E-06	-1.77E-05
124	15	0	0	0	0	0	0	232	254	0	-2.01E-05	5.78E-06	-7.10E-06	-1.77E-05
124	16	0	0	0	0	0	0	232	254	0	-2.06E-05	2.50E-06	-6.93E-06	-2.00E-05
124	17	0	0	0	0	0	0	232	254	0	-2.06E-05	2.50E-06	-6.93E-06	-2.00E-05
124	18	0	0	0	0	0	0	232	254	0	-2.03E-05	5.81E-06	-1.09E-05	-1.96E-05
124	19	0	0	0	0	0	0	232	254	0	-2.02E-05	7.32E-06	-1.36E-05	-1.31E-05
125	0	0	0	0	0	0	0	232	254	0	-2.02E-05	7.32E-06	-1.36E-05	-1.31E-05
125	1	0	0	0	0	0	0	232	254	0	-1.96E-05	5.71E-06	-1.16E-05	-1.28E-06
125	2	0	0	0	0	0	0	232	254	0	-1.96E-05	5.71E-06	-1.16E-05	-1.28E-06
125	3	0	0	0	0	0	0	232	254	0	-1.95E-05	4.81E-06	-4.56E-06	2.53E-05
125	4	0	0	0	0	0	0	232	254	0	-1.95E-05	4.81E-06	-4.56E-06	2.53E-05
125	5	0	0	0	0	0	0	232	254	0	-1.82E-05	5.36E-06	-7.94E-06	2.01E-05
125	6	0	0	0	0	0	0	232	254	0	-1.82E-05	5.36E-06	-7.94E-06	2.01E-05
125	7	0	0	0	0	0	0	232	254	0	-1.78E-05	4.38E-06	-1.44E-05	1.20E-06
125	8	0	0	0	0	0	0	232	254	0	-1.89E-05	5.75E-06	-1.26E-05	-4.11E-06
125	9	0	0	0	0	0	0	232	254	0	-1.89E-05	5.75E-06	-1.26E-05	-4.11E-06
125	10	0	0	0	0	0	0	232	254	0	-1.86E-05	7.07E-06	-8.50E-06	-1.19E-05
125	11	0	0	0	0	0	0	232	254	0	-1.86E-05	7.07E-06	-8.50E-06	-1.19E-05
125	12	0	0	0	0	0	0	232	254	0	-1.87E-05	7.22E-06	-9.69E-06	-8.90E-06
125	13	0	0	0	0	0	0	232	254	0	-1.87E-05	7.22E-06	-9.69E-06	-8.90E-06
125	14	0	0	0	0	0	0	232	254	0	-1.89E-05	7.19E-06	-6.07E-06	3.95E-06
125	15	0	0	0	0	0	0	232	254	0	-1.89E-05	7.19E-06	-6.07E-06	3.95E-06
125	16	0	0	0	0	0	0	232	254	0	-1.88E-05	6.87E-06	-5.73E-06	-4.23E-06
125	17	0	0	0	0	0	0	232	254	0	-1.95E-05	5.59E-06	-9.36E-06	-1.80E-05
125	18	0	0	0	0	0	0	232	254	0	-1.95E-05	5.59E-06	-9.36E-06	-1.80E-05
125	19	0	0	0	0	0	0	232	254	0	-1.80E-05	4.52E-06	-1.14E-05	-7.25E-06
126	0	0	0	0	0	0	0	232	254	0	-1.80E-05	4.52E-06	-1.14E-05	-7.25E-06
126	1	0	0	0	0	0	0	232	254	0	-1.97E-05	2.07E-06	-1.21E-05	6.72E-06
126	2	0	0	0	0	0	0	232	254	0	-1.97E-05	2.07E-06	-1.21E-05	6.72E-06
126	3	0	0	0	0	0	0	232	254	0	-2.24E-05	6.34E-07	-1.12E-05	-5.53E-07
126	4	0	0	0	0	0	0	232	254	0	-2.24E-05	6.34E-07	-1.12E-05	-5.53E-07
126	5	0	0	0	0	0	0	232	254	0	-2.19E-05	2.52E-06	-1.25E-05	-2.08E-05
126	6	0	0	0	0	0	0	232	254	0	-1.98E-05	2.33E-06	-1.32E-05	-2.56E-05
126	7	0	0	0	0	0	0	232	254	0	-1.98E-05	2.33E-06	-1.32E-05	-2.56E-05
126	8	0	0	0	0	0	0	232	254	0	-1.83E-05	1.13E-06	-9.10E-06	-2.82E-05
126	9	0	0	0	0	0	0	232	254	0	-1.83E-05	1.13E-06	-9.10E-06	-2.82E-05
126	10	0	0	0	0	0	0	232	254	0	-1.78E-05	8.85E-07	-1.08E-05	-4.97E-05
126	11	0	0	0	0	0	0	232	254	0	-1.78E-05	8.85E-07	-1.08E-05	-4.97E-05
126	12	0	0	0	0	0	0	232	254	0	-1.89E-05	1.17E-06	-1.37E-05	-6.02E-05
126	13	0	0	0	0	0	0	232	254	0	-1.89E-05	1.17E-06	-1.37E-05	-6.02E-05
126	14	0	0	0	0	0	0	232	254	0	-1.87E-05	1.54E-06	-1.52E-05	-3.89E-05
126	15	0	0	0	0	0	0	232	254	0	-1.91E-05	4.04E-06	-1.46E-05	-2.76E-05
126	16	0	0	0	0	0	0	232	254	0	-1.91E-05	4.04E-06	-1.46E-05	-2.76E-05
126	17	0	0	0	0	0	0	232	254	0	-2.02E-05	4.84E-06	-1.22E-05	-2.53E-05
126	18	0	0	0	0	0	0	232	254	0	-2.02E-05	4.84E-06	-1.22E-05	-2.53E-05
126	19	0	0	0	0	0	0	232	254	0	-2.16E-05	2.43E-06	-5.13E-06	-1.08E-05
127	0	0	0	0	0	0	0	232	254	0	-2.16E-05	2.43E-06	-5.13E-06	-1.08E-05
127	1	0	0	0	0	0	0	232	254	0	-2.12E-05	1.89E-06	-3.21E-06	-4.11E-07
127	2	0	0	0	0	0	0	232	254	0	-2.12E-05	1.89E-06	-3.21E-06	-4.11E-07
127	3	0	0	0	0	0	0	232	254	0	-2.05E-05	1.98E-06	-7.83E-06	5.40E-06
127	4	0	0	0	0	0	0	232	254	0	-2.10E-05	8.78E-07	-9.11E-06	-1.94E-06
127	5	0	0	0	0	0	0	232	254	0	-2.10E-05	8.78E-07	-9.11E-06	-1.94E-06
127	6	0	0	0	0	0	0	232	254	0	-2.14E-05	2.18E-06	-6.60E-06	-4.12E-06
127	7	0	0	0	0	0	0	232	254	0	-2.14E-05	2.18E-06	-6.60E-06	-4.12E-06
127	8	0	0	0	0	0	0	232	254	0	-2.18E-05	2.46E-06	-9.41E-06	-1.73E-05
127	9	0	0	0	0	0	0	232	254	0	-2.18E-05	2.46E-06	-9.41E-06	-1.73E-05
127	10	0	0	0	0	0	0	232	254	0	-2.17E-05	4.06E-06	-1.12E-05	-3.55E-05
127	11	0	0	0	0	0	0	232	254	0	-2.17E-05	4.06E-06	-1.12E-05	-3.55E-05
127	12	0	0	0	0	0	0	232	254	0	-2.33E-05	2.96E-06	-8.44E-06	-2.77E-05
127	13	0	0	0	0	0	0	232	254	0	-2.42E-05	1.37E-06	-5.42E-06	-1.56E-05
127	14	0	0	0	0	0	0	232	254	0	-2.42E-05	1.37E-06	-5.42E-06	-1.56E-05
127	15	0	0	0	0	0	0	232	254	0	-2.29E-05	5.95E-07	-5.23E-06	-1.83E-05
127	16	0	0	0	0	0	0	232	254	0	-2.29E-05	5.95E-07	-5.23E-06	-1.83E-05
127	17	0	0	0	0	0	0	232	254	0	-2.17E-05	1.50E-06	-8.22E-06	-1.04E-05
127	18	0	0	0	0	0	0	232	254	0	-2.17E-05	1.50E-06	-8.22E-06	-1.04E-05
127	19	0	0	0	0	0	0	232	254	0	-1.99E-05	3.80E-06	-5.52E-06	1.20E-05
128	0	0	0	0	0	0	0	232	254	0	-1.99E-05	3.80E-06	-5.52E-06	1.20E-05
128	1	0	0	0	0	0	0	232	254	0	-2.03E-05	5.63E-06	-2.46E-06	7.78E-06
128	2	0	0	0	0	0	0	232	254	0	-2.02E-05	6.14E-06	-4.65E-06	-7.42E-06
128	3	0	0	0	0	0	0	232	254	0	-2.02E-05	6.14E-06	-4.65E-06	-7.42E-06
128	4	0	0	0	0	0	0	232	254	0	-1.93E-05	5.96E-06	-7.51E-06	-5.54E-06
128	5	0	0	0	0	0	0	232	254	0	-1.93E-05	5.96E-06	-7.51E-06	-5.54E-06
128	6	0	0	0	0	0	0	232	254	0	-1.92E-05	7.78E-06	-6.83E-06	-6.64E-06
128	7	0	0	0	0	0	0	232	254	0	-1.92E-05	7.78E-06	-6.83E-06	-6.64E-06
128	8	0	0	0	0	0	0	232	254	0	-2.05E-05	9.23E-06	-4.66E-06	-1.40E-05
128	9	0	0	0	0	0	0	232	254	0	-2.05E-05	9.23E-06	-4.66E-06	-1.40E-05
128	10	0	0	0	0	0	0	232	254	0	-2.17E-05	9.44E-06	-6.43E-06	-1.59E-05
128	11	0	0	0	0	0	0	232	254	0	-2.28E-05	1.10E-05	-5.55E-06	-1.15E-05
128	12	0	0	0	0	0	0	232	254	0	-2.28E-05	1.10E-05	-5.55E-06	-1.15E-05
128	13	0	0	0	0	0	0	232	254	0	-2.64E-05	1.27E-05	-4.81E-06	3.87E-06
128	14	0	0	0	0	0	0	232	254	0	-2.64E-05	1.27E-05	-4.81E-06	3.87E-06
128	15	0	0	0	0	0	0	232	254	0	-3.10E-05	1.14E-05	-7.03E-06	1.52E-05
128	16	0	0	0	0	0	0	232	254	0	-3.10E-05	1.14E-05	-7.03E-06	1.52E-05
128	17	0	0	0	0	0	0	232	254	0	-3.26E-05	5.46E-06	-9.68E-06	5.79E-06
128	18	0	0	0	0	0	0	232	254	0	-3.26E-05	5.46E-06	-9.68E-06	5.79E-06
128	19	0	0	0	0	0	0	232	254	0	-2.99E-05	3.08E-06	-7.06E-06	2.34E-06
129	0	0	0	0	0	0	0	232	254	0	-3.06E-05	4.30E-06	-6.36E-06	7.97E-06
129	1	0	0	0	0	0	0	232	254	0	-3.06E-05	4.30E-06	-6.36E-06	7.97E-06
129	2	0	0	0	0	0	0	232	254	0	-2.74E-05	2.44E-06	-8.46E-06	-1.52E-05
129	3	0	0	0	0	0	0	232	254	0	-2.74E-05	2.44E-06	-8.46E-06	-1.52E-05
129	4	0	0	0	0	0	0	232	254	0	-2.49E-05	-3.02E-08	-9.17E-06	-5.06E-05
129	5	0	0	0	0	0	0	232	254	0	-2.49E-05	-3.02E-08	-9.17E-06	-5.06E-05
129	6	0	0	0	0	0	0	232	254	0	-2.11E-05	9.77E-07	-1.07E-05	-4.90E-05
129	7	0	0	0	0	0	0	232	254	0	-2.11E-05	9.77E-07	-1.07E-05	-4.90E-05
129	8	0	0	0	0	0	0	232	254	0	-1.46E-05	1.94E-06	-9.61E-06	-3.34E-05
129	9	0	0	0	0	0	0	232	254	0	-1.48E-05	2.79E-06	-1.04E-05	-2.13E-05
129	10	0	0	0	0	0	0	232	254	0	-1.48E-05	2.79E-06	-1.04E-05	-2.13E-05
129	11	0	0	0	0	0	0	232	254	0	-1.80E-05	4.44E-06	-1.35E-05	-1.10E-05
129	12	0	0	0	0	0	0	232	254	0	-1.80E-05	4.44E-06	-1.35E-05	-1.10E-05
129	13	0	0	0	0	0	0	232	254	0	-1.63E-05	3.56E-06	-1.45E-05	-3.49E-06
129	14	0	0	0	0	0	0	232	254	0	-1.63E-05	3.56E-06	-1.45E-05	-3.49E-06
129	15	0	0	0	0	0	0	232	254	0	-1.89E-05	1.72E-06	-1.18E-05	7.91E-06
129	16	0	0	0	0	0	0	232	254	0	-1.89E-05	1.72E-06	-1.18E-05	7.91E-06
129	17	0	0	0	0	0	0	232	254	0	-2.10E-05	1.90E-06	-5.96E-06	2.44E-05
129	18	0	0	0	0	0	0	232	254	0	-2.28E-05	1.08E-06	-5.81E-07	1.31E-05
129	19	0	0	0	0	0	0	232	254	0	-2.28E-05	1.08E-06	-5.81E-07	1.31E-05
130	0	0	0	0	0	0	0	232	254	0	-2.08E-05	8.71E-07	-4.34E-06	-3.86E-05
130	1	0	0	0	0	0	0	232	254	0	-2.08E-05	8.71E-07	-4.34E-06	-3.86E-05
130	2	0	0	0	0	0	0	232	254	0	-1.55E-05	3.51E-06	-1.18E-05	-7.80E-05
130	3	0	0	0	0	0	0	232	254	0	-1.55E-05	3.51E-06	-1.18E-05	-7.80E-05
130	4	0	0	0	0	0	0	232	254	0	-1.35E-05	5.58E-06	-1.26E-05	-7.31E-05
130	5	0	0	0	0	0	0	232	254	0	-1.35E-05	5.58E-06	-1.26E-05	-7.31E-05
130	6	0	0	0	0	0	0	232	254	0	-1.33E-05	6.24E-06	-8.08E-06	-3.50E-05
130	7	0	0	0	0	0	0	232	254	0	-1.64E-05	8.88E-06	-6.79E-07	8.98E-06
130	8	0	0	0	0	0	0	232	254	0	-1.64E-05	8.88E-06	-6.79E-07	8.98E-06
130	9	0	0	0	0	0	0	232	254	0	-2.01E-05	1.09E-05	-1.32E-06	2.55E-05
130	10	0	0	0	0	0	0	232	254	0	-2.01E-05	1.09E-05	-1.32E-06	2.55E-05
130	11	0	0	0	0	0	0	232	254	0	-1.97E-05	1.07E-05	-1.21E-05	3.24E-05
130	12	0	0	0	0	0	0	232	254	0	-1.97E-05	1.07E-05	-1.21E-05	3.24E-05
130	13	0	0	0	0	0	0	232	254	0	-2.04E-05	9.57E-06	-1.40E-05	2.28E-05
130	14	0	0	0	0	0	0	232	254	0	-2.04E-05	9.57E-06	-1.40E-05	2.28E-05
130	15	0	0	0	0	0	0	232	254	0	-2.08E-05	8.86E-06	-1.40E-05	-1.50E-05
130	16	0	0	0	0	0	0	232	254	0	-2.18E-05	4.23E-06	-1.63E-05	-4.62E-05
130	17	0	0	0	0	0	0	232	254	0	-2.18E-05	4.23E-06	-1.63E-05	-4.62E-05
130	18	0	0	0	0	0	0	232	254	0	-2.07E-05	3.52E-06	-1.27E-05	-5.61E-05
130	19	0	0	0	0	0	0	232	254	0	-2.07E-05	3.52E-06	-1.27E-05	-5.61E-05
131	0	0	0	0	0	0	0	232	254	0	-1.97E-05	4.53E-06	-9.60E-06	-7.07E-05
131	1	0	0	0	0	0	0	232	254	0	-1.97E-05	4.53E-06	-9.60E-06	-7.07E-05
131	2	0	0	0	0	0	0	232	254	0	-2.03E-05	4.53E-06	-1.24E-05	-6.36E-05
131	3	0	0	0	0	0	0	232	254	0	-2.03E-05	4.53E-06	-1.24E-05	-6.36E-05
131	4	0	0	0	0	0	0	232	254	0	-2.01E-05	4.35E-06	-1.49E-05	2.03E-06
131	5	0	0	0	0	0	0	232	254	0	-1.93E-05	3.19E-06	-1.18E-05	5.86E-05
131	6	0	0	0	0	0	0	232	254	0	-1.93E-05	3.19E-06	-1.18E-05	5.86E-05
131	7	0	0	0	0	0	0	232	254	0	-2.04E-05	3.19E-06	-8.03E-06	7.02E-05
131	8	0	0	0	0	0	0	232	254	0	-2.04E-05	3.19E-06	-8.03E-06	7.02E-05
131	9	0	0	0	0	0	0	232	254	0	-2.15E-05	3.19E-06	-9.29E-06	4.37E-05
131	10	0	0	0	0	0	0	232	254	0	-2.15E-05	3.19E-06	-9.29E-06	4.37E-05
131	11	0	0	0	0	0	0	232	254	0	-2.21E-05	3.26E-06	-1.15E-05	-3.79E-06
131	12	0	0	0	0	0	0	232	254	0	-2.21E-05	3.26E-06	-1.15E-05	-3.79E-06
131	13	0	0	0	0	0	0	232	254	0	-2.10E-05	3.62E-06	-9.38E-06	-3.21E-05
131	14	0	0	0	0	0	0	232	254	0	-2.11E-05	3.53E-06	-8.13E-06	-1.90E-05
131	15	0	0	0	0	0	0	232	254	0	-2.11E-05	3.53E-06	-8.13E-06	-1.90E-05
131	16	0	0	0	0	0	0	232	254	0	-2.05E-05	5.73E-06	-7.85E-06	-1.90E-05
131	17	0	0	0	0	0	0	232	254	0	-2.05E-05	5.73E-06	-7.85E-06	-1.90E-05
131	18	0	0	0	0	0	0	232	254	0	-1.96E-05	5.94E-06	-9.57E-06	-3.63E-05
131	19	0	0	0	0	0	0	232	254	0	-1.96E-05	5.94E-06	-9.57E-06	-3.63E-05
132	0	0	0	0	0	0	0	232	254	0	-1.92E-05	6.54E-06	-7.14E-06	-3.40E-05
132	1	0	0	0	0	0	0	232	254	0	-1.92E-05	6.54E-06	-7.14E-06	-3.40E-05
132	2	0	0	0	0	0	0	232	254	0	-1.84E-05	7.39E-06	3.02E-06	-2.39E-05
132	3	0	0	0	0	0	0	232	254	0	-1.91E-05	6.10E-06	9.42E-06	-1.62E-05
132	4	0	0	0	0	0	0	232	254	0	-1.91E-05	6.10E-06	9.42E-06	-1.62E-05
132	5	0	0	0	0	0	0	232	254	0	-1.99E-05	4.11E-06	1.58E-06	-2.41E-05
132	6	0	0	0	0	0	0	232	254	0	-1.99E-05	4.11E-06	1.58E-06	-2.41E-05
132	7	0	0	0	0	0	0	232	254	0	-2.05E-05	2.77E-06	-8.88E-06	-1.91E-05
132	8	0	0	0	0	0	0	232	254	0	-2.05E-05	2.77E-06	-8.88E-06	-1.91E-05
132	9	0	0	0	0	0	0	232	254	0	-2.08E-05	4.78E-06	-1.04E-05	8.99E-07
132	10	0	0	0	0	0	0	232	254	0	-2.08E-05	4.78E-06	-1.04E-05	8.99E-07
132	11	0	0	0	0	0	0	232	254	0	-2.13E-05	7.73E-06	-7.35E-06	-2.42E-06
132	12	0	0	0	0	0	0	232	254	0	-2.04E-05	9.90E-06	-9.65E-06	-9.37E-06
132	13	0	0	0	0	0	0	232	254	0	-2.04E-05	9.90E-06	-9.65E-06	-9.37E-06
132	14	0	0	0	0	0	0	232	254	0	-2.11E-05	1.00E-05	-1.18E-05	1.16E-05
132	15	0	0	0	0	0	0	232	254	0	-2.11E-05	1.00E-05	-1.18E-05	1.16E-05
132	16	0	0	0	0	0	0	232	254	0	-2.18E-05	1.05E-05	-9.03E-06	2.13E-05
132	17	0	0	0	0	0	0	232	254	0	-2.18E-05	1.05E-05	-9.03E-06	2.13E-05
132	18	0	0	0	0	0	0	232	254	0	-2.05E-05	9.67E-06	-1.10E-05	1.76E-05
132	19	0	0	0	0	0	0	232	254	0	-2.05E-05	9.67E-06	-1.10E-05	1.76E-05
133	0	0	0	0	0	0	0	232	254	0	-2.05E-05	8.22E-06	-1.09E-05	1.76E-05
133	1	0	0	0	0	0	0	232	254	0	-2.17E-05	8.27E-06	-7.59E-06	2.73E-06
133	2	0	0	0	0	0	0	232	254	0	-2.17E-05	8.27E-06	-7.59E-06	2.73E-06
133	3	0	0	0	0	0	0	232	254	0	-2.16E-05	8.31E-06	-5.94E-06	-2.24E-05
133	4	0	0	0	0	0	0	232	254	0	-2.16E-05	8.31E-06	-5.94E-06	-2.24E-05
133	5	0	0	0	0	0	0	232	254	0	-2.10E-05	6.19E-06	-7.78E-06	-2.60E-05
133	6	0	0	0	0	0	0	232	254	0	-2.10E-05	6.19E-06	-7.78E-06	-2.60E-05
133	7	0	0	0	0	0	0	232	254	0	-1.93E-05	2.95E-06	-1.00E-05	-6.93E-06
133	8	0	0	0	0	0	0	232	254	0	-1.93E-05	2.95E-06	-1.00E-05	-6.93E-06
133	9	0	0	0	0	0	0	232	254	0	-1.92E-05	3.82E-06	-8.33E-06	-1.15E-05
133	10	0	0	0	0	0	0	232	254	0	-2.00E-05	5.64E-06	-7.43E-06	-4.00E-05
133	11	0	0	0	0	0	0	232	254	0	-2.00E-05	5.64E-06	-7.43E-06	-4.00E-05
133	12	0	0	0	0	0	0	232	254	0	-2.05E-05	4.63E-06	-1.10E-05	-4.73E-05
133	13	0	0	0	0	0	0	232	254	0	-2.05E-05	4.63E-06	-1.10E-05	-4.73E-05
133	14	0	0	0	0	0	0	232	254	0	-2.19E-05	1.08E-06	-1.14E-05	-4.34E-05
133	15	0	0	0	0	0	0	232	254	0	-2.19E-05	1.08E-06	-1.14E-05	-4.34E-05
133	16	0	0	0	0	0	0	232	254	0	-2.11E-05	1.74E-06	-1.08E-05	-4.03E-05
133	17	0	0	0	0	0	0	232	254	0	-2.11E-05	1.74E-06	-1.08E-05	-4.03E-05
133	18	0	0	0	0	0	0	232	254	0	-2.12E-05	3.12E-06	-1.30E-05	-2.62E-05
133	19	0	0	0	0	0	0	232	254	0	-2.24E-05	2.66E-06	-1.07E-05	-9.83E-06
134	0	0	0	0	0	0	0	232	254	0	-2.24E-05	2.66E-06	-1.07E-05	-9.83E-06
134	1	0	0	0	0	0	0	232	254	0	-2.29E-05	2.43E-06	-7.40E-06	-8.30E-06
134	2	0	0	0	0	0	0	232	254	0	-2.29E-05	2.43E-06	-7.40E-06	-8.30E-06
134	3	0	0	0	0	0	0	232	254	0	-2.24E-05	1.62E-06	-8.97E-06	-1.40E-05
134	4	0	0	0	0	0	0	232	254	0	-2.24E-05	1.62E-06	-8.97E-06	-1.40E-05
134	5	0	0	0	0	0	0	232	254	0	-2.21E-05	-1.31E-07	-1.23E-05	-7.17E-06
134	6	0	0	0	0	0	0	232	254	0	-2.21E-05	-1.31E-07	-1.23E-05	-7.17E-06
134	7	0	0	0	0	0	0	232	254	0	-2.22E-05	-1.85E-06	-1.71E-05	-1.04E-05
134	8	0	0	0	0	0	0	232	254	0	-2.04E-05	-6.55E-07	-1.77E-05	-3.47E-05
134	9	0	0	0	0	0	0	232	254	0	-2.04E-05	-6.55E-07	-1.77E-05	-3.47E-05
134	10	0	0	0	0	0	0	232	254	0	-2.00E-05	2.10E-08	-1.34E-05	-4.86E-05
134	11	0	0	0	0	0	0	232	254	0	-2.00E-05	2.10E-08	-1.34E-05	-4.86E-05
134	12	0	0	0	0	0	0	232	254	0	-2.10E-05	-2.70E-06	-1.03E-05	-4.31E-05
134	13	0	0	0	0	0	0	232	254	0	-2.10E-05	-2.70E-06	-1.03E-05	-4.31E-05
134	14	0	0	0	0	0	0	232	254	0	-2.11E-05	8.68E-08	-1.03E-05	-3.01E-05
134	15	0	0	0	0	0	0	232	254	0	-2.11E-05	8.68E-08	-1.03E-05	-3.01E-05
134	16	0	0	0	0	0	0	232	254	0	-1.95E-05	4.68E-06	-1.40E-05	-8.53E-06
134	17	0	0	0	0	0	0	232	254	0	-1.92E-05	3.66E-06	-1.63E-05	2.82E-06
134	18	0	0	0	0	0	0	232	254	0	-1.92E-05	3.66E-06	-1.63E-05	2.82E-06
134	19	0	0	0	0	0	0	232	254	0	-2.03E-05	4.49E-06	-1.24E-05	-6.33E-06
135	0	0	0	0	0	0	0	232	254	0	-2.03E-05	4.49E-06	-1.24E-05	-6.33E-06
135	1	0	0	0	0	0	0	232	254	0	-1.98E-05	4.29E-06	-8.99E-06	-2.37E-06
135	2	0	0	0	0	0	0	232	254	0	-1.98E-05	4.29E-06	-8.99E-06	-2.37E-06
135	3	0	0	0	0	0	0	232	254	0	-1.89E-05	4.84E-06	-9.57E-06	1.80E-06
135	4	0	0	0	0	0	0	232	254	0	-1.89E-05	4.84E-06	-9.57E-06	1.80E-06
135	5	0	0	0	0	0	0	232	254	0	-1.87E-05	5.00E-06	-8.81E-06	8.23E-06
135	6	0	0	0	0	0	0	232	254	0	-1.94E-05	7.00E-06	-3.80E-06	1.06E-06
135	7	0	0	0	0	0	0	232	254	0	-1.94E-05	7.00E-06	-3.80E-06	1.06E-06
135	8	0	0	0	0	0	0	232	254	0	-1.93E-05	7.54E-06	-2.79E-06	-1.63E-05
135	9	0	0	0	0	0	0	232	254	0	-1.93E-05	7.54E-06	-2.79E-06	-1.63E-05
135	10	0	0	0	0	0	0	232	254	0	-2.15E-05	5.90E-06	-5.95E-06	-6.18E-06
135	11	0	0	0	0	0	0	232	254	0	-2.15E-05	5.90E-06	-5.95E-06	-6.18E-06
135	12	0	0	0	0	0	0	232	254	0	-2.32E-05	2.95E-06	-8.79E-06	3.39E-06
135	13	0	0	0	0	0	0	232	254	0	-2.32E-05	2.95E-06	-8.79E-06	3.39E-06
135	14	0	0	0	0	0	0	232	254	0	-2.53E-05	4.10E-06	-1.06E-05	2.03E-06
135	15	0	0	0	0	0	0	232	254	0	-2.55E-05	8.02E-06	-1.22E-05	-1.56E-07
135	16	0	0	0	0	0	0	232	254	0	-2.55E-05	8.02E-06	-1.22E-05	-1.56E-07
135	17	0	0	0	0	0	0	232	254	0	-2.63E-05	9.44E-06	-1.02E-05	5.71E-06
135	18	0	0	0	0	0	0	232	254	0	-2.63E-05	9.44E-06	-1.02E-05	5.71E-06
135	19	0	0	0	0	0	0	232	254	0	-2.64E-05	6.36E-06	-1.30E-05	6.64E-06
136	0	0	0	0	0	0	0	232	254	0	-2.64E-05	6.36E-06	-1.30E-05	6.64E-06
136	1	0	0	0	0	0	0	232	254	0	-2.49E-05	5.18E-06	-1.92E-05	-9.85E-06
136	2	0	0	0	0	0	0	232	254	0	-2.49E-05	5.18E-06	-1.92E-05	-9.85E-06
136	3	0	0	0	0	0	0	232	254	0	-2.50E-05	4.87E-06	-2.19E-05	-2.60E-05
136	4	0	0	0	0	0	0	232	254	0	-2.22E-05	3.93E-06	-1.62E-05	-3.73E-05
136	5	0	0	0	0	0	0	232	254	0	-2.22E-05	3.93E-06	-1.62E-05	-3.73E-05
136	6	0	0	0	0	0	0	232	254	0	-2.03E-05	4.78E-06	-3.63E-06	-3.92E-05
136	7	0	0	0	0	0	0	232	254	0	-2.03E-05	4.78E-06	-3.63E-06	-3.92E-05
136	8	0	0	0	0	0	0	232	254	0	-1.91E-05	7.45E-06	3.60E-06	-1.06E-05
136	9	0	0	0	0	0	0	232	254	0	-1.91E-05	7.45E-06	3.60E-06	-1.06E-05
136	10	0	0	0	0	0	0	232	254	0	-2.00E-05	7.98E-06	-1.25E-06	1.68E-05
136	11	0	0	0	0	0	0	232	254	0	-2.00E-05	7.98E-06	-1.25E-06	1.68E-05
136	12	0	0	0	0	0	0	232	254	0	-2.11E-05	8.56E-06	-8.63E-06	2.82E-05
136	13	0	0	0	0	0	0	232	254	0	-2.21E-05	8.33E-06	-1.24E-05	9.17E-06
136	14	0	0	0	0	0	0	232	254	0	-2.21E-05	8.33E-06	-1.24E-05	9.17E-06
136	15	0	0	0	0	0	0	232	254	0	-2.30E-05	7.18E-06	-1.31E-05	-2.00E-05
136	16	0	0	0	0	0	0	232	254	0	-2.30E-05	7.18E-06	-1.31E-05	-2.00E-05
136	17	0	0	0	0	0	0	232	254	0	-2.20E-05	9.02E-06	-1.24E-05	-4.23E-05
136	18	0	0	0	0	0	0	232	254	0	-2.20E-05	9.02E-06	-1.24E-05	-4.23E-05
136	19	0	0	0	0	0	0	232	254	0	-2.23E-05	8.06E-06	-9.85E-06	-4.98E-05
137	0	0	0	0	0	0	0	232	254	0	-2.23E-05	8.06E-06	-9.85E-06	-4.98E-05
137	1	0	0	0	0	0	0	232	254	0	-2.22E-05	3.86E-06	-1.43E-05	-3.84E-05
137	2	0	0	0	0	0	0	232	254	0	-2.04E-05	3.63E-06	-1.62E-05	-1.39E-05
137	3	0	0	0	0	0	0	232	254	0	-2.04E-05	3.63E-06	-1.62E-05	-1.39E-05
137	4	0	0	0	0	0	0	232	254	0	-2.00E-05	1.88E-06	-5.64E-06	-8.20E-06
137	5	0	0	0	0	0	0	232	254	0	-2.00E-05	1.88E-06	-5.64E-06	-8.20E-06
137	6	0	0	0	0	0	0	232	254	0	-2.02E-05	-2.30E-08	1.75E-06	-1.40E-05
137	7	0	0	0	0	0	0	232	254	0	-2.02E-05	-2.30E-08	1.75E-06	-1.40E-05
137	8	0	0	0	0	0	0	232	254	0	-1.96E-05	-1.91E-07	-2.94E-06	-2.57E-05
137	9	0	0	0	0	0	0	232	254	0	-1.96E-05	-1.91E-07	-2.94E-06	-2.57E-05
137	10	0	0	0	0	0	0	232	254	0	-1.92E-05	-4.05E-07	-1.57E-05	-3.02E-05
137	11	0	0	0	0	0	0	232	254	0	-2.01E-05	-9.08E-07	-1.95E-05	-3.33E-05
137	12	0	0	0	0	0	0	232	254	0	-2.01E-05	-9.08E-07	-1.95E-05	-3.33E-05
137	13	0	0	0	0	0	0	232	254	0	-2.11E-05	-9.98E-07	-1.75E-05	-4.86E-05
137	14	0	0	0	0	0	0	232	254	0	-2.11E-05	-9.98E-07	-1.75E-05	-4.86E-05
137	15	0	0	0	0	0	0	232	254	0	-2.19E-05	1.47E-06	-7.51E-06	-5.17E-05
137	16	0	0	0	0	0	0	232	254	0	-2.19E-05	1.47E-06	-7.51E-06	-5.17E-05
137	17	0	0	0	0	0	0	232	254	0	-2.27E-05	3.31E-06	-3.14E-06	-2.69E-05
137	18	0	0	0	0	0	0	232	254	0	-2.27E-05	3.31E-06	-3.14E-06	-2.69E-05
137	19	0	0	0	0	0	0	232	254	0	-2.40E-05	2.68E-06	-3.56E-06	-7.57E-06
138	0	0	0	0	0	0	0	232	254	0	-2.19E-05	5.04E-07	-1.29E-06	8.19E-06
138	1	0	0	0	0	0	0	232	254	0	-2.19E-05	5.04E-07	-1.29E-06	8.19E-06
138	2	0	0	0	0	0	0	232	254	0	-2.09E-05	5.50E-07	6.23E-07	2.89E-05
138	3	0	0	0	0	0	0	232	254	0	-2.09E-05	5.50E-07	6.23E-07	2.89E-05
138	4	0	0	0	0	0	0	232	254	0	-2.01E-05	8.85E-07	-2.49E-06	3.36E-05
138	5	0	0	0	0	0	0	232	254	0	-2.01E-05	8.85E-07	-2.49E-06	3.36E-05
138	6	0	0	0	0	0	0	232	254	0	-1.90E-05	1.04E-06	2.92E-07	2.58E-05
138	7	0	0	0	0	0	0	232	254	0	-1.90E-05	1.04E-06	2.92E-07	2.58E-05
138	8	0	0	0	0	0	0	232	254	0	-1.88E-05	9.88E-08	1.95E-06	1.21E-06
138	9	0	0	0	0	0	0	232	254	0	-1.75E-05	-1.29E-07	-5.64E-06	-1.04E-05
138	10	0	0	0	0	0	0	232	254	0	-1.75E-05	-1.29E-07	-5.64E-06	-1.04E-05
138	11	0	0	0	0	0	0	232	254	0	-1.66E-05	1.08E-06	-4.52E-06	-3.54E-06
138	12	0	0	0	0	0	0	232	254	0	-1.66E-05	1.08E-06	-4.52E-06	-3.54E-06
138	13	0	0	0	0	0	0	232	254	0	-1.67E-05	1.35E-07	-6.87E-06	6.98E-06
138	14	0	0	0	0	0	0	232	254	0	-1.67E-05	1.35E-07	-6.87E-06	6.98E-06
138	15	0	0	0	0	0	0	232	254	0	-1.73E-05	-2.09E-06	-8.71E-06	1.25E-05
138	16	0	0	0	0	0	0	232	254	0	-1.73E-05	-2.09E-06	-8.71E-06	1.25E-05
138	17	0	0	0	0	0	0	232	254	0	-1.76E-05	-1.10E-06	-7.76E-06	-4.46E-07
138	18	0	0	0	0	0	0	232	254	0	-1.78E-05	1.83E-06	-9.43E-06	-2.73E-05
138	19	0	0	0	0	0	0	232	254	0	-1.78E-05	1.83E-06	-9.43E-06	-2.73E-05
139	0	0	0	0	0	0	0	232	254	0	-1.89E-05	4.32E-06	-1.21E-05	-5.16E-05
139	1	0	0	0	0	0	0	232	254	0	-1.89E-05	4.32E-06	-1.21E-05	-5.16E-05
139	2	0	0	0	0	0	0	232	254	0	-1.84E-05	7.31E-06	-1.41E-05	-4.36E-05
139	3	0	0	0	0	0	0	232	254	0	-1.84E-05	7.31E-06	-1.41E-05	-4.36E-05
139	4	0	0	0	0	0	0	232	254	0	-1.92E-05	8.14E-06	-1.39E-05	-1.73E-05
139	5	0	0	0	0	0	0	232	254	0	-1.92E-05	8.14E-06	-1.39E-05	-1.73E-05
139	6	0	0	0	0	0	0	232	254	0	-1.93E-05	9.80E-06	-1.17E-05	-3.54E-06
139	7	0	0	0	0	0	0	232	254	0	-1.94E-05	9.82E-06	-1.23E-05	1.33E-05
139	8	0	0	0	0	0	0	232	254	0	-1.94E-05	9.82E-06	-1.23E-05	1.33E-05
139	9	0	0	0	0	0	0	232	254	0	-1.97E-05	6.27E-06	-1.17E-05	3.38E-05
139	10	0	0	0	0	0	0	232	254	0	-1.97E-05	6.27E-06	-1.17E-05	3.38E-05
139	11	0	0	0	0	0	0	232	254	0	-1.90E-05	3.63E-08	-3.68E-06	3.26E-05
139	12	0	0	0	0	0	0	232	254	0	-1.90E-05	3.63E-08	-3.68E-06	3.26E-05
139	13	0	0	0	0	0	0	232	254	0	-1.92E-05	-1.71E-06	-3.67E-06	1.30E-05
139	14	0	0	0	0	0	0	232	254	0	-1.92E-05	-1.71E-06	-3.67E-06	1.30E-05
139	15	0	0	0	0	0	0	232	254	0	-1.85E-05	-5.17E-07	-1.09E-05	-1.67E-05
139	16	0	0	0	0	0	0	232	254	0	-1.98E-05	2.11E-06	-1.06E-05	-3.47E-05
139	17	0	0	0	0	0	0	232	254	0	-1.98E-05	2.11E-06	-1.06E-05	-3.47E-05
139	18	0	0	0	0	0	0	232	254	0	-2.13E-05	5.83E-06	-7.83E-06	-5.41E-05
139	19	0	0	0	0	0	0	232	254	0	-2.13E-05	5.83E-06	-7.83E-06	-5.41E-05
140	0	0	0	0	0	0	0	232	254	0	-2.31E-05	5.82E-06	-1.02E-05	-5.61E-05
140	1	0	0	0	0	0	0	232	254	0	-2.31E-05	5.82E-06	-1.02E-05	-5.61E-05
140	2	0	0	0	0	0	0	232	254	0	-2.38E-05	7.76E-06	-1.35E-05	-3.11E-05
140	3	0	0	0	0	0	0	232	254	0	-2.38E-05	7.76E-06	-1.35E-05	-3.11E-05
140	4	0	0	0	0	0	0	232	254	0	-2.31E-05	8.83E-06	-1.06E-05	-1.34E-05
140	5	0	0	0	0	0	0	232	254	0	-2.16E-05	7.43E-06	-9.08E-06	-1.86E-05
140	6	0	0	0	0	0	0	232	254	0	-2.16E-05	7.43E-06	-9.08E-06	-1.86E-05
140	7	0	0	0	0	0	0	232	254	0	-2.14E-05	7.51E-06	-1.06E-05	-2.00E-05
140	8	0	0	0	0	0	0	232	254	0	-2.14E-05	7.51E-06	-1.06E-05	-2.00E-05
140	9	0	0	0	0	0	0	232	254	0	-2.05E-05	6.30E-06	-1.30E-05	-1.86E-05
140	10	0	0	0	0	0	0	232	254	0	-2.05E-05	6.30E-06	-1.30E-05	-1.86E-05
140	11	0	0	0	0	0	0	232	254	0	-1.95E-05	6.97E-06	-1.36E-05	-2.07E-05
140	12	0	0	0	0	0	0	232	254	0	-1.95E-05	6.97E-06	-1.36E-05	-2.07E-05
140	13	0	0	0	0	0	0	232	254	0	-2.10E-05	7.83E-06	-1.33E-05	-1.26E-05
140	14	0	0	0	0	0	0	232	254	0	-2.11E-05	9.61E-06	-1.17E-05	1.49E-05
140	15	0	0	0	0	0	0	232	254	0	-2.11E-05	9.61E-06	-1.17E-05	1.49E-05
140	16	0	0	0	0	0	0	232	254	0	-2.23E-05	9.72E-06	-1.47E-05	1.02E-05
140	17	0	0	0	0	0	0	232	254	0	-2.23E-05	9.72E-06	-1.47E-05	1.02E-05
140	18	0	0	0	0	0	0	232	254	0	-2.28E-05	8.56E-06	-1.51E-05	-8.66E-06
140	19	0	0	0	0	0	0	232	254	0	-2.28E-05	8.56E-06	-1.51E-05	-8.66E-06
141	0	0	0	0	0	0	0	232	254	0	-2.16E-05	8.40E-06	-5.86E-06	-5.38E-06
141	1	0	0	0	0	0	0	232	254	0	-2.16E-05	8.40E-06	-5.86E-06	-5.38E-06
141	2	0	0	0	0	0	0	232	254	0	-2.12E-05	7.22E-06	-1.72E-06	-7.83E-06
141	3	0	0	0	0	0	0	232	254	0	-2.02E-05	6.16E-06	-3.09E-06	-1.04E-05
141	4	0	0	0	0	0	0	232	254	0	-2.02E-05	6.16E-06	-3.09E-06	-1.04E-05
141	5	0	0	0	0	0	0	232	254	0	-1.94E-05	5.78E-06	-3.73E-06	-1.58E-05
141	6	0	0	0	0	0	0	232	254	0	-1.94E-05	5.78E-06	-3.73E-06	-1.58E-05
141	7	0	0	0	0	0	0	232	254	0	-2.05E-05	5.25E-06	-5.47E-06	-1.59E-05
141	8	0	0	0	0	0	0	232	254	0	-2.05E-05	5.25E-06	-5.47E-06	-1.59E-05
141	9	0	0	0	0	0	0	232	254	0	-2.18E-05	5.52E-06	-7.97E-06	-8.88E-06
141	10	0	0	0	0	0	0	232	254	0	-2.18E-05	5.52E-06	-7.97E-06	-8.88E-06
141	11	0	0	0	0	0	0	232	254	0	-2.17E-05	5.28E-06	-6.75E-06	-8.08E-06
141	12	0	0	0	0	0	0	232	254	0	-2.18E-05	4.47E-06	-9.41E-06	-3.10E-05
141	13	0	0	0	0	0	0	232	254	0	-2.18E-05	4.47E-06	-9.41E-06	-3.10E-05
141	14	0	0	0	0	0	0	232	254	0	-2.30E-05	3.23E-06	-1.23E-05	-3.21E-05
141	15	0	0	0	0	0	0	232	254	0	-2.30E-05	3.23E-06	-1.23E-05	-3.21E-05
141	16	0	0	0	0	0	0	232	254	0	-2.31E-05	4.62E-06	-1.65E-05	-1.55E-05
141	17	0	0	0	0	0	0	232	254	0	-2.31E-05	4.62E-06	-1.65E-05	-1.55E-05
141	18	0	0	0	0	0	0	232	254	0	-2.24E-05	5.18E-06	-1.24E-05	-1.54E-05
141	19	0	0	0	0	0	0	232	254	0	-2.24E-05	5.18E-06	-1.24E-05	-1.54E-05
142	0	0	0	0	0	0	0	232	254	0	-2.17E-05	5.15E-06	-5.07E-06	-1.57E-05
142	1	0	0	0	0	0	0	232	254	0	-2.00E-05	5.92E-06	-4.98E-06	1.61E-07
142	2	0	0	0	0	0	0	232	254	0	-2.00E-05	5.92E-06	-4.98E-06	1.61E-07
142	3	0	0	0	0	0	0	232	254	0	-2.28E-05	6.12E-06	-1.00E-05	8.42E-06
142	4	0	0	0	0	0	0	232	254	0	-2.28E-05	6.12E-06	-1.00E-05	8.42E-06
142	5	0	0	0	0	0	0	232	254	0	-2.57E-05	5.26E-06	-1.08E-05	7.97E-06
142	6	0	0	0	0	0	0	232	254	0	-2.57E-05	5.26E-06	-1.08E-05	7.97E-06
142	7	0	0	0	0	0	0	232	254	0	-2.43E-05	3.57E-06	-1.01E-05	1.02E-05
142	8	0	0	0	0	0	0	232	254	0	-2.43E-05	3.57E-06	-1.01E-05	1.02E-05
142	9	0	0	0	0	0	0	232	254	0	-2.17E-05	4.18E-06	-1.14E-05	5.51E-06
142	10	0	0	0	0	0	0	232	254	0	-2.14E-05	6.30E-06	-1.08E-05	-1.16E-05
142	11	0	0	0	0	0	0	232	254	0	-2.14E-05	6.30E-06	-1.08E-05	-1.16E-05
142	12	0	0	0	0	0	0	232	254	0	-2.36E-05	6.81E-06	-7.51E-06	-3.14E-05
142	13	0	0	0	0	0	0	232	254	0	-2.36E-05	6.81E-06	-7.51E-06	-3.14E-05
142	14	0	0	0	0	0	0	232	254	0	-2.04E-05	6.49E-06	-3.14E-06	-3.12E-05
142	15	0	0	0	0	0	0	232	254	0	-2.04E-05	6.49E-06	-3.14E-06	-3.12E-05
142	16	0	0	0	0	0	0	232	254	0	-9.36E-06	6.96E-06	-3.35E-06	-2.94E-05
142	17	0	0	0	0	0	0	232	254	0	-9.36E-06	6.96E-06	-3.35E-06	-2.94E-05
142	18	0	0	0	0	0	0	232	254	0	-4.23E-06	5.35E-06	-2.95E-08	-3.44E-05
142	19	0	0	0	0	0	0	232	254	0	-7.10E-06	5.09E-06	-4.06E-07	-3.62E-05
143	0	0	0	0	0	0	0	232	254	0	-7.10E-06	5.09E-06	-4.06E-07	-3.62E-05
143	1	0	0	0	0	0	0	232	254	0	-1.16E-05	4.20E-06	-8.85E-06	-2.51E-05
143	2	0	0	0	0	0	0	232	254	0	-1.16E-05	4.20E-06	-8.85E-06	-2.51E-05
143	3	0	0	0	0	0	0	232	254	0	-1.86E-05	2.82E-06	-1.29E-05	-2.03E-05
143	4	0	0	0	0	0	0	232	254	0	-1.86E-05	2.82E-06	-1.29E-05	-2.03E-05
143	5	0	0	0	0	0	0	232	254	0	-2.21E-05	2.27E-07	-1.31E-05	-2.41E-05
143	6	0	0	0	0	0	0	232	254	0	-2.21E-05	2.27E-07	-1.31E-05	-2.41E-05
143	7	0	0	0	0	0	0	232	254	0	-2.53E-05	-1.16E-06	-7.61E-06	-2.15E-05
143	8	0	0	0	0	0	0	232	254	0	-2.73E-05	1.17E-06	-7.62E-06	-1.59E-05
143	9	0	0	0	0	0	0	232	254	0	-2.73E-05	1.17E-06	-7.62E-06	-1.59E-05
143	10	0	0	0	0	0	0	232	254	0	-2.66E-05	2.50E-06	-1.25E-05	-1.07E-05
143	11	0	0	0	0	0	0	232	254	0	-2.66E-05	2.50E-06	-1.25E-05	-1.07E-05
143	12	0	0	0	0	0	0	232	254	0	-2.63E-05	4.21E-06	-1.34E-05	-7.84E-06
143	13	0	0	0	0	0	0	232	254	0	-2.63E-05	4.21E-06	-1.34E-05	-7.84E-06
143	14	0	0	0	0	0	0	232	254	0	-2.57E-05	1.65E-06	-8.46E-06	-1.22E-05
143	15	0	0	0	0	0	0	232	254	0	-2.57E-05	1.65E-06	-8.46E-06	-1.22E-05
143	16	0	0	0	0	0	0	232	254	0	-2.56E-05	-1.38E-06	-5.55E-06	-1.51E-05
143	17	0	0	0	0	0	0	232	254	0	-2.23E-05	9.65E-07	-1.13E-05	-1.63E-05
143	18	0	0	0	0	0	0	232	254	0	-2.23E-05	9.65E-07	-1.13E-05	-1.63E-05
143	19	0	0	0	0	0	0	232	254	0	-2.04E-05	4.05E-06	-1.38E-05	-1.75E-05
144	0	0	0	0	0	0	0	232	254	0	-2.04E-05	4.05E-06	-1.38E-05	-1.75E-05
144	1	0	0	0	0	0	0	232	254	0	-2.13E-05	5.48E-06	-1.41E-05	-2.60E-06
144	2	0	0	0	0	0	0	232	254	0	-2.13E-05	5.48E-06	-1.41E-05	-2.60E-06
144	3	0	0	0	0	0	0	232	254	0	-2.10E-05	6.94E-06	-1.23E-05	1.65E-05
144	4	0	0	0	0	0	0	232	254	0	-2.10E-05	6.94E-06	-1.23E-05	1.65E-05
144	5	0	0	0	0	0	0	232	254	0	-2.07E-05	4.79E-06	-8.04E-06	4.69E-06
144	6	0	0	0	0	0	0	232	254	0	-2.02E-05	2.21E-06	-5.73E-06	-1.27E-05
144	7	0	0	0	0	0	0	232	254	0	-2.02E-05	2.21E-06	-5.73E-06	-1.27E-05
144	8	0	0	0	0	0	0	232	254	0	-2.15E-05	2.37E-06	1.51E-06	-1.60E-05
144	9	0	0	0	0	0	0	232	254	0	-2.15E-05	2.37E-06	1.51E-06	-1.60E-05
144	10	0	0	0	0	0	0	232	254	0	-2.30E-05	2.15E-06	-8.41E-07	-1.70E-05
144	11	0	0	0	0	0	0	232	254	0	-2.30E-05	2.15E-06	-8.41E-07	-1.70E-05
144	12	0	0	0	0	0	0	232	254	0	-2.28E-05	-6.46E-09	-1.72E-05	-1.39E-05
144	13	0	0	0	0	0	0	232	254	0	-2.28E-05	-6.46E-09	-1.72E-05	-1.39E-05
144	14	0	0	0	0	0	0	232	254	0	-2.17E-05	1.03E-06	-2.68E-05	-1.16E-05
144	15	0	0	0	0	0	0	232	254	0	-2.11E-05	1.17E-06	-2.14E-05	-9.53E-06
144	16	0	0	0	0	0	0	232	254	0	-2.11E-05	1.17E-06	-2.14E-05	-9.53E-06
144	17	0	0	0	0	0	0	232	254	0	-2.19E-05	1.17E-06	-1.05E-05	-7.17E-06
144	18	0	0	0	0	0	0	232	254	0	-2.19E-05	1.17E-06	-1.05E-05	-7.17E-06
144	19	0	0	0	0	0	0	232	254	0	-2.24E-05	1.50E-06	-6.66E-06	-6.70E-06
145	0	0	0	0	0	0	0	232	254	0	-2.24E-05	1.50E-06	-6.66E-06	-6.70E-06
145	1	0	0	0	0	0	0	232	254	0	-2.26E-05	3.62E-06	-1.16E-05	-5.68E-06
145	2	0	0	0	0	0	0	232	254	0	-2.26E-05	3.62E-06	-1.16E-05	-5.68E-06
145	3	0	0	0	0	0	0	232	254	0	-2.14E-05	4.01E-06	-1.15E-05	-6.89E-06
145	4	0	0	0	0	0	0	232	254	0	-2.19E-05	2.97E-06	-9.14E-06	-9.50E-06
145	5	0	0	0	0	0	0	232	254	0	-2.19E-05	2.97E-06	-9.14E-06	-9.50E-06
145	6	0	0	0	0	0	0	232	254	0	-2.12E-05	3.88E-06	-7.98E-06	-1.20E-05
145	7	0	0	0	0	0	0	232	254	0	-2.12E-05	3.88E-06	-7.98E-06	-1.20E-05
145	8	0	0	0	0	0	0	232	254	0	-2.08E-05	4.74E-06	-4.71E-06	-1.09E-05
145	9	0	0	0	0	0	0	232	254	0	-2.08E-05	4.74E-06	-4.71E-06	-1.09E-05
145	10	0	0	0	0	0	0	232	254	0	-2.17E-05	2.90E-06	-7.69E-06	-1.53E-05
145	11	0	0	0	0	0	0	232	254	0	-2.17E-05	2.90E-06	-7.69E-06	-1.53E-05
145	12	0	0	0	0	0	0	232	254	0	-2.04E-05	3.28E-06	-1.32E-05	-1.75E-05
145	13	0	0	0	0	0	0	232	254	0	-1.93E-05	4.00E-06	-1.53E-05	-1.01E-05
145	14	0	0	0	0	0	0	232	254	0	-1.93E-05	4.00E-06	-1.53E-05	-1.01E-05
145	15	0	0	0	0	0	0	232	254	0	-2.12E-05	5.14E-06	-1.01E-05	-6.24E-06
145	16	0	0	0	0	0	0	232	254	0	-2.12E-05	5.14E-06	-1.01E-05	-6.24E-06
145	17	0	0	0	0	0	0	232	254	0	-2.04E-05	7.00E-06	-5.08E-06	-2.60E-06
145	18	0	0	0	0	0	0	232	254	0	-2.04E-05	7.00E-06	-5.08E-06	-2.60E-06
145	19	0	0	0	0	0	0	232	254	0	-2.12E-05	7.65E-06	-6.63E-06	-6.17E-06
146	0	0	0	0	0	0	0	232	254	0	-2.12E-05	7.65E-06	-6.63E-06	-6.17E-06
146	1	0	0	0	0	0	0	232	254	0	-2.23E-05	6.76E-06	-8.13E-06	-1.26E-05
146	2	0	0	0	0	0	0	232	254	0	-2.22E-05	3.72E-06	-7.92E-06	-1.61E-05
146	3	0	0	0	0	0	0	232	254	0	-2.22E-05	3.72E-06	-7.92E-06	-1.61E-05
146	4	0	0	0	0	0	0	232	254	0	-2.11E-05	3.08E-06	-1.03E-05	-2.52E-05
146	5	0	0	0	0	0	0	232	254	0	-2.11E-05	3.08E-06	-1.03E-05	-2.52E-05
146	6	0	0	0	0	0	0	232	254	0	-1.99E-05	4.25E-06	-1.01E-05	-2.46E-05
146	7	0	0	0	0	0	0	232	254	0	-1.99E-05	4.25E-06	-1.01E-05	-2.46E-05
146	8	0	0	0	0	0	0	232	254	0	-2.02E-05	2.43E-06	-6.95E-06	-1.89E-05
146	9	0	0	0	0	0	0	232	254	0	-2.02E-05	2.43E-06	-6.95E-06	-1.89E-05
146	10	0	0	0	0	0	0	232	254	0	-2.05E-05	2.03E-06	-4.06E-06	-5.39E-06
146	11	0	0	0	0	0	0	232	254	0	-1.96E-05	3.28E-06	-2.50E-06	4.04E-06
146	12	0	0	0	0	0	0	232	254	0	-1.96E-05	3.28E-06	-2.50E-06	4.04E-06
146	13	0	0	0	0	0	0	232	254	0	-1.93E-05	4.37E-06	1.29E-06	-4.21E-06
146	14	0	0	0	0	0	0	232	254	0	-1.93E-05	4.37E-06	1.29E-06	-4.21E-06
146	15	0	0	0	0	0	0	232	254	0	-2.03E-05	7.78E-06	-3.38E-06	-1.85E-05
146	16	0	0	0	0	0	0	232	254	0	-2.03E-05	7.78E-06	-3.38E-06	-1.85E-05
146	17	0	0	0	0	0	0	232	254	0	-2.01E-05	9.09E-06	-1.09E-05	-2.77E-05
146	18	0	0	0	0	0	0	232	254	0	-2.01E-05	9.09E-06	-1.09E-05	-2.77E-05
146	19	0	0	0	0	0	0	232	254	0	-2.08E-05	8.25E-06	-1.11E-05	-2.63E-05
147	0	0	0	0	0	0	0	232	254	0	-2.18E-05	8.32E-06	-1.13E-05	-2.18E-05
147	1	0	0	0	0	0	0	232	254	0	-2.18E-05	8.32E-06	-1.13E-05	-2.18E-05
147	2	0	0	0	0	0	0	232	254	0	-2.08E-05	7.80E-06	-9.62E-06	-1.95E-05
147	3	0	0	0	0	0	0	232	254	0	-2.08E-05	7.80E-06	-9.62E-06	-1.95E-05
147	4	0	0	0	0	0	0	232	254	0	-2.14E-05	6.80E-06	-5.41E-06	-9.71E-06
147	5	0	0	0	0	0	0	232	254	0	-2.14E-05	6.80E-06	-5.41E-06	-9.71E-06
147	6	0	0	0	0	0	0	232	254	0	-1.95E-05	4.47E-06	-3.89E-06	-7.56E-06
147	7	0	0	0	0	0	0	232	254	0	-1.95E-05	4.47E-06	-3.89E-06	-7.56E-06
147	8	0	0	0	0	0	0	232	254	0	-1.89E-05	6.46E-06	-6.40E-06	-1.39E-05
147	9	0	0	0	0	0	0	232	254	0	-1.87E-05	8.08E-06	-7.69E-06	-6.72E-06
147	10	0	0	0	0	0	0	232	254	0	-1.87E-05	8.08E-06	-7.69E-06	-6.72E-06
147	11	0	0	0	0	0	0	232	254	0	-1.93E-05	8.39E-06	-8.42E-06	-2.77E-06
147	12	0	0	0	0	0	0	232	254	0	-1.93E-05	8.39E-06	-8.42E-06	-2.77E-06
147	13	0	0	0	0	0	0	232	254	0	-2.07E-05	9.61E-06	-7.83E-06	-5.50E-06
147	14	0	0	0	0	0	0	232	254	0	-2.07E-05	9.61E-06	-7.83E-06	-5.50E-06
147	15	0	0	0	0	0	0	232	254	0	-2.10E-05	1.05E-05	-1.01E-05	-1.27E-05
147	16	0	0	0	0	0	0	232	254	0	-2.10E-05	1.05E-05	-1.01E-05	-1.27E-05
147	17	0	0	0	0	0	0	232	254	0	-2.14E-05	8.09E-06	-1.38E-05	-1.30E-05
147	18	0	0	0	0	0	0	232	254	0	-2.17E-05	7.08E-06	-1.59E-05	-9.43E-06
147	19	0	0	0	0	0	0	232	254	0	-2.17E-05	7.08E-06	-1.59E-05	-9.43E-06
148	0	0	0	0	0	0	0	232	254	0	-2.22E-05	5.79E-06	-1.37E-05	-8.88E-06
148	1	0	0	0	0	0	0	232	254	0	-2.22E-05	5.79E-06	-1.37E-05	-8.88E-06
148	2	0	0	0	0	0	0	232	254	0	-2.17E-05	2.96E-06	-1.28E-05	-1.10E-05
148	3	0	0	0	0	0	0	232	254	0	-2.17E-05	2.96E-06	-1.28E-05	-1.10E-05
148	4	0	0	0	0	0	0	232	254	0	-2.18E-05	1.44E-06	-1.09E-05	-1.24E-05
148	5	0	0	0	0	0	0	232	254	0	-2.18E-05	1.44E-06	-1.09E-05	-1.24E-05
148	6	0	0	0	0	0	0	232	254	0	-2.26E-05	1.03E-06	-9.66E-06	-1.59E-05
148	7	0	0	0	0	0	0	232	254	0	-2.18E-05	1.17E-06	-1.49E-05	-1.89E-05
148	8	0	0	0	0	0	0	232	254	0	-2.18E-05	1.17E-06	-1.49E-05	-1.89E-05
148	9	0	0	0	0	0	0	232	254	0	-2.10E-05	1.52E-06	-1.75E-05	-1.49E-05
148	10	0	0	0	0	0	0	232	254	0	-2.10E-05	1.52E-06	-1.75E-05	-1.49E-05
148	11	0	0	0	0	0	0	232	254	0	-2.11E-05	3.58E-06	-1.45E-05	-1.04E-05
148	12	0	0	0	0	0	0	232	254	0	-2.11E-05	3.58E-06	-1.45E-05	-1.04E-05
148	13	0	0	0	0	0	0	232	254	0	-2.08E-05	2.69E-06	-1.20E-05	-1.01E-05
148	14	0	0	0	0	0	0	232	254	0	-2.08E-05	2.69E-06	-1.20E-05	-1.01E-05
148	15	0	0	0	0	0	0	232	254	0	-2.10E-05	1.70E-06	-1.23E-05	-9.19E-06
148	16	0	0	0	0	0	0	232	254	0	-2.18E-05	1.98E-06	-1.22E-05	-1.56E-05
148	17	0	0	0	0	0	0	232	254	0	-2.18E-05	1.98E-06	-1.22E-05	-1.56E-05
148	18	0	0	0	0	0	0	232	254	0	-2.17E-05	3.02E-06	-9.94E-06	-1.74E-05
148	19	0	0	0	0	0	0	232	254	0	-2.17E-05	3.02E-06	-9.94E-06	-1.74E-05
149	0	0	0	0	0	0	0	232	254	0	-2.23E-05	3.96E-06	-1.18E-05	-1.54E-05
149	1	0	0	0	0	0	0	232	254	0	-2.23E-05	3.96E-06	-1.18E-05	-1.54E-05
149	2	0	0	0	0	0	0	232	254	0	-2.18E-05	3.64E-06	-8.43E-06	-9.66E-06
149	3	0	0	0	0	0	0	232	254	0	-2.18E-05	3.64E-06	-8.43E-06	-9.66E-06
149	4	0	0	0	0	0	0	232	254	0	-2.06E-05	4.43E-06	-5.22E-06	-6.32E-06
149	5	0	0	0	0	0	0	232	254	0	-2.02E-05	4.82E-06	-3.28E-06	-8.01E-06
149	6	0	0	0	0	0	0	232	254	0	-2.02E-05	4.82E-06	-3.28E-06	-8.01E-06
149	7	0	0	0	0	0	0	232	254	0	-1.95E-05	4.53E-06	-3.01E-06	-7.79E-06
149	8	0	0	0	0	0	0	232	254	0	-1.95E-05	4.53E-06	-3.01E-06	-7.79E-06
149	9	0	0	0	0	0	0	232	254	0	-2.07E-05	4.58E-06	2.86E-06	-8.87E-06
149	10	0	0	0	0	0	0	232	254	0	-2.07E-05	4.58E-06	2.86E-06	-8.87E-06
149	11	0	0	0	0	0	0	232	254	0	-2.09E-05	4.54E-06	4.54E-06	-1.38E-05
149	12	0	0	0	0	0	0	232	254	0	-2.09E-05	4.54E-06	4.54E-06	-1.38E-05
149	13	0	0	0	0	0	0	232	254	0	-2.09E-05	2.29E-06	-5.47E-06	-1.91E-05
149	14	0	0	0	0	0	0	232	254	0	-2.23E-05	9.32E-07	-9.42E-06	-1.76E-05
149	15	0	0	0	0	0	0	232	254	0	-2.23E-05	9.32E-07	-9.42E-06	-1.76E-05
149	16	0	0	0	0	0	0	232	254	0	-2.19E-05	1.74E-06	-1.06E-05	-1.70E-05
149	17	0	0	0	0	0	0	232	254	0	-2.19E-05	1.74E-06	-1.06E-05	-1.70E-05
149	18	0	0	0	0	0	0	232	254	0	-2.17E-05	2.96E-06	-1.08E-05	-1.90E-05
149	19	0	0	0	0	0	0	232	254	0	-2.17E-05	2.96E-06	-1.08E-05	-1.90E-05
150	0	0	0	0	0	0	0	232	254	0	-2.16E-05	1.42E-06	-9.30E-06	-1.58E-05
150	1	0	0	0	0	0	0	232	254	0	-2.16E-05	1.42E-06	-9.30E-06	-1.58E-05
150	2	0	0	0	0	0	0	232	254	0	-2.09E-05	1.44E-06	-5.17E-06	-7.97E-06
150	3	0	0	0	0	0	0	232	254	0	-2.07E-05	5.41E-06	-3.52E-06	-2.64E-06
150	4	0	0	0	0	0	0	232	254	0	-2.07E-05	5.41E-06	-3.52E-06	-2.64E-06
150	5	0	0	0	0	0	0	232	254	0	-2.08E-05	6.92E-06	-7.88E-06	-6.26E-06
150	6	0	0	0	0	0	0	232	254	0	-2.08E-05	6.92E-06	-7.88E-06	-6.26E-06
150	7	0	0	0	0	0	0	232	254	0	-1.95E-05	8.34E-06	-9.36E-06	-1.22E-05
150	8	0	0	0	0	0	0	232	254	0	-1.95E-05	8.34E-06	-9.36E-06	-1.22E-05
150	9	0	0	0	0	0	0	232	254	0	-1.91E-05	8.72E-06	-1.26E-05	-2.17E-05
150	10	0	0	0	0	0	0	232	254	0	-1.91E-05	8.72E-06	-1.26E-05	-2.17E-05
150	11	0	0	0	0	0	0	232	254	0	-2.01E-05	6.36E-06	-1.46E-05	-2.10E-05
150	12	0	0	0	0	0	0	232	254	0	-2.07E-05	5.30E-06	-1.28E-05	-1.27E-05
150	13	0	0	0	0	0	0	232	254	0	-2.07E-05	5.30E-06	-1.28E-05	-1.27E-05
150	14	0	0	0	0	0	0	232	254	0	-2.12E-05	5.85E-06	-9.38E-06	-1.21E-05
150	15	0	0	0	0	0	0	232	254	0	-2.12E-05	5.85E-06	-9.38E-06	-1.21E-05
150	16	0	0	0	0	0	0	232	254	0	-2.12E-05	5.55E-06	-8.59E-06	-1.55E-05
150	17	0	0	0	0	0	0	232	254	0	-2.12E-05	5.55E-06	-8.59E-06	-1.55E-05
150	18	0	0	0	0	0	0	232	254	0	-2.04E-05	4.49E-06	-1.10E-05	-1.01E-05
150	19	0	0	0	0	0	0	232	254	0	-2.04E-05	4.49E-06	-1.10E-05	-1.01E-05
151	0	0	0	0	0	0	0	232	254	0	-1.98E-05	4.31E-06	-1.14E-05	-4.78E-06
151	1	0	0	0	0	0	0	232	254	0	-2.07E-05	4.97E-06	-1.09E-05	-4.43E-06
151	2	0	0	0	0	0	0	232	254	0	-2.07E-05	4.97E-06	-1.09E-05	-4.43E-06
151	3	0	0	0	0	0	0	232	254	0	-2.13E-05	4.39E-06	-1.32E-05	-6.29E-06
151	4	0	0	0	0	0	0	232	254	0	-2.13E-05	4.39E-06	-1.32E-05	-6.29E-06
151	5	0	0	0	0	0	0	232	254	0	-2.19E-05	3.34E-06	-1.25E-05	-9.17E-06
151	6	0	0	0	0	0	0	232	254	0	-2.19E-05	3.34E-06	-1.25E-05	-9.17E-06
151	7	0	0	0	0	0	0	232	254	0	-2.14E-05	2.32E-06	-8.58E-06	-1.17E-05
151	8	0	0	0	0	0	0	232	254	0	-2.14E-05	2.32E-06	-8.58E-06	-1.17E-05
151	9	0	0	0	0	0	0	232	254	0	-2.01E-05	3.42E-06	-5.22E-06	-1.74E-05
151	10	0	0	0	0	0	0	232	254	0	-2.12E-05	5.24E-06	-3.56E-06	-2.08E-05
151	11	0	0	0	0	0	0	232	254	0	-2.12E-05	5.24E-06	-3.56E-06	-2.08E-05
151	12	0	0	0	0	0	0	232	254	0	-2.24E-05	7.60E-06	-6.27E-06	-2.53E-05
151	13	0	0	0	0	0	0	232	254	0	-2.24E-05	7.60E-06	-6.27E-06	-2.53E-05
151	14	0	0	0	0	0	0	232	254	0	-2.18E-05	7.84E-06	-8.75E-06	-1.86E-05
151	15	0	0	0	0	0	0	232	254	0	-2.18E-05	7.84E-06	-8.75E-06	-1.86E-05
151	16	0	0	0	0	0	0	232	254	0	-2.25E-05	7.51E-06	-9.03E-06	-5.32E-06
151	17	0	0	0	0	0	0	232	254	0	-2.25E-05	7.51E-06	-9.03E-06	-5.32E-06
151	18	0	0	0	0	0	0	232	254	0	-2.21E-05	7.13E-06	-9.23E-06	-2.12E-06
151	19	0	0	0	0	0	0	232	254	0	-2.08E-05	6.50E-06	-4.83E-06	-5.36E-06
152	0	0	0	0	0	0	0	232	254	0	-2.08E-05	6.50E-06	-4.83E-06	-5.36E-06
152	1	0	0	0	0	0	0	232	254	0	-1.96E-05	6.21E-06	-4.38E-06	-1.51E-05
152	2	0	0	0	0	0	0	232	254	0	-1.96E-05	6.21E-06	-4.38E-06	-1.51E-05
152	3	0	0	0	0	0	0	232	254	0	-1.97E-05	5.98E-06	-1.03E-05	-1.58E-05
152	4	0	0	0	0	0	0	232	254	0	-1.97E-05	5.98E-06	-1.03E-05	-1.58E-05
152	5	0	0	0	0	0	0	232	254	0	-2.03E-05	4.51E-06	-1.32E-05	-8.59E-06
152	6	0	0	0	0	0	0	232	254	0	-2.03E-05	4.51E-06	-1.32E-05	-8.59E-06
152	7	0	0	0	0	0	0	232	254	0	-2.03E-05	4.53E-06	-1.15E-05	-1.17E-05
152	8	0	0	0	0	0	0	232	254	0	-1.93E-05	5.86E-06	-1.38E-05	-1.57E-05
152	9	0	0	0	0	0	0	232	254	0	-1.93E-05	5.86E-06	-1.38E-05	-1.57E-05
152	10	0	0	0	0	0	0	232	254	0	-1.90E-05	8.05E-06	-1.21E-05	-9.02E-06
152	11	0	0	0	0	0	0	232	254	0	-1.90E-05	8.05E-06	-1.21E-05	-9.02E-06
152	12	0	0	0	0	0	0	232	254	0	-1.93E-05	8.95E-06	-5.10E-06	-4.38E-06
152	13	0	0	0	0	0	0	232	254	0	-1.93E-05	8.95E-06	-5.10E-06	-4.38E-06
152	14	0	0	0	0	0	0	232	254	0	-1.95E-05	8.41E-06	-6.42E-06	-1.11E-05
152	15	0	0	0	0	0	0	232	254	0	-1.95E-05	8.41E-06	-6.42E-06	-1.11E-05
152	16	0	0	0	0	0	0	232	254	0	-1.88E-05	9.06E-06	-1.23E-05	-2.02E-05
152	17	0	0	0	0	0	0	232	254	0	-1.77E-05	5.87E-06	-1.51E-05	-2.28E-05
152	18	0	0	0	0	0	0	232	254	0	-1.77E-05	5.87E-06	-1.51E-05	-2.28E-05
152	19	0	0	0	0	0	0	232	254	0	-1.71E-05	5.76E-06	-1.58E-05	-1.65E-05
153	0	0	0	0	0	0	0	232	254	0	-1.71E-05	5.76E-06	-1.58E-05	-1.65E-05
153	1	0	0	0	0	0	0	232	254	0	-1.81E-05	4.87E-06	-1.23E-05	-1.08E-05
153	2	0	0	0	0	0	0	232	254	0	-1.81E-05	4.87E-06	-1.23E-05	-1.08E-05
153	3	0	0	0	0	0	0	232	254	0	-1.93E-05	3.93E-06	-1.06E-05	-7.47E-06
153	4	0	0	0	0	0	0	232	254	0	-1.93E-05	3.93E-06	-1.06E-05	-7.47E-06
153	5	0	0	0	0	0	0	232	254	0	-1.91E-05	4.39E-06	-1.29E-05	-4.73E-06
153	6	0	0	0	0	0	0	232	254	0	-1.96E-05	4.86E-06	-1.26E-05	-4.28E-06
153	7	0	0	0	0	0	0	232	254	0	-1.96E-05	4.86E-06	-1.26E-05	-4.28E-06
153	8	0	0	0	0	0	0	232	254	0	-1.96E-05	6.63E-06	-1.11E-05	-7.95E-06
153	9	0	0	0	0	0	0	232	254	0	-1.96E-05	6.63E-06	-1.11E-05	-7.95E-06
153	10	0	0	0	0	0	0	232	254	0	-1.94E-05	4.83E-06	-8.03E-06	-1.59E-05
153	11	0	0	0	0	0	0	232	254	0	-1.94E-05	4.83E-06	-8.03E-06	-1.59E-05
153	12	0	0	0	0	0	0	232	254	0	-2.03E-05	3.76E-06	-8.40E-06	-2.43E-05
153	13	0	0	0	0	0	0	232	254	0	-2.03E-05	3.76E-06	-8.40E-06	-2.43E-05
153	14	0	0	0	0	0	0	232	254	0	-2.01E-05	5.62E-06	-1.14E-05	-2.53E-05
153	15	0	0	0	0	0	0	232	254	0	-2.13E-05	8.50E-06	-9.97E-06	-1.83E-05
153	16	0	0	0	0	0	0	232	254	0	-2.13E-05	8.50E-06	-9.97E-06	-1.83E-05
153	17	0	0	0	0	0	0	232	254	0	-2.30E-05	1.00E-05	-7.59E-06	-1.37E-05
153	18	0	0	0	0	0	0	232	254	0	-2.30E-05	1.00E-05	-7.59E-06	-1.37E-05
153	19	0	0	0	0	0	0	232	254	0	-2.29E-05	8.26E-06	-9.95E-06	-1.17E-05
154	0	0	0	0	0	0	0	232	254	0	-2.29E-05	8.26E-06	-9.95E-06	-1.17E-05
154	1	0	0	0	0	0	0	232	254	0	-2.19E-05	6.08E-06	-1.00E-05	-1.02E-05
154	2	0	0	0	0	0	0	232	254	0	-2.19E-05	6.08E-06	-1.00E-05	-1.02E-05
154	3	0	0	0	0	0	0	232	254	0	-2.12E-05	4.01E-06	-8.38E-06	-8.42E-06
154	4	0	0	0	0	0	0	232	254	0	-2.09E-05	2.67E-06	-7.36E-06	-7.88E-06
154	5	0	0	0	0	0	0	232	254	0	-2.09E-05	2.67E-06	-7.36E-06	-7.88E-06
154	6	0	0	0	0	0	0	232	254	0	-2.23E-05	1.28E-06	-8.18E-06	-9.95E-06
154	7	0	0	0	0	0	0	232	254	0	-2.23E-05	1.28E-06	-8.18E-06	-9.95E-06
154	8	0	0	0	0	0	0	232	254	0	-2.24E-05	-2.89E-08	-7.82E-06	-1.02E-05
154	9	0	0	0	0	0	0	232	254	0	-2.24E-05	-2.89E-08	-7.82E-06	-1.02E-05
154	10	0	0	0	0	0	0	232	254	0	-2.18E-05	9.55E-07	-7.78E-06	-1.01E-05
154	11	0	0	0	0	0	0	232	254	0	-2.18E-05	9.55E-07	-7.78E-06	-1.01E-05
154	12	0	0	0	0	0	0	232	254	0	-2.27E-05	1.75E-06	-1.01E-05	-1.24E-05
154	13	0	0	0	0	0	0	232	254	0	-2.17E-05	1.81E-06	-9.52E-06	-1.35E-05
154	14	0	0	0	0	0	0	232	254	0	-2.17E-05	1.81E-06	-9.52E-06	-1.35E-05
154	15	0	0	0	0	0	0	232	254	0	-2.23E-05	-5.96E-07	-9.19E-06	-1.34E-05
154	16	0	0	0	0	0	0	232	254	0	-2.23E-05	-5.96E-07	-9.19E-06	-1.34E-05
154	17	0	0	0	0	0	0	232	254	0	-2.31E-05	-1.22E-06	-8.66E-06	-1.23E-05
154	18	0	0	0	0	0	0	232	254	0	-2.31E-05	-1.22E-06	-8.66E-06	-1.23E-05
154	19	0	0	0	0	0	0	232	254	0	-2.37E-05	-1.83E-06	-7.45E-06	-1.13E-05
155	0	0	0	0	0	0	0	232	254	0	-2.37E-05	-1.83E-06	-7.45E-06	-1.13E-05
155	1	0	0	0	0	0	0	232	254	0	-2.33E-05	-3.72E-06	-8.90E-06	-9.00E-06
155	2	0	0	0	0	0	0	232	254	0	-2.10E-05	-2.85E-06	-8.80E-06	-7.85E-06
155	3	0	0	0	0	0	0	232	254	0	-2.10E-05	-2.85E-06	-8.80E-06	-7.85E-06
155	4	0	0	0	0	0	0	232	254	0	-2.14E-05	-3.08E-06	-8.41E-06	-9.80E-06
155	5	0	0	0	0	0	0	232	254	0	-2.14E-05	-3.08E-06	-8.41E-06	-9.80E-06
155	6	0	0	0	0	0	0	232	254	0	-2.26E-05	-4.49E-06	-9.57E-06	-1.02E-05
155	7	0	0	0	0	0	0	232	254	0	-2.26E-05	-4.49E-06	-9.57E-06	-1.02E-05
155	8	0	0	0	0	0	0	232	254	0	-2.00E-05	-4.15E-06	-9.52E-06	-9.80E-06
155	9	0	0	0	0	0	0	232	254	0	-2.00E-05	-4.15E-06	-9.52E-06	-9.80E-06
155	10	0	0	0	0	0	0	232	254	0	-1.98E-05	-3.74E-06	-9.16E-06	-9.87E-06
155	11	0	0	0	0	0	0	232	254	0	-2.18E-05	-2.74E-06	-8.52E-06	-7.69E-06
155	12	0	0	0	0	0	0	232	254	0	-2.18E-05	-2.74E-06	-8.52E-06	-7.69E-06
155	13	0	0	0	0	0	0	232	254	0	-2.05E-05	-7.06E-07	-7.12E-06	-8.98E-06
155	14	0	0	0	0	0	0	232	254	0	-2.05E-05	-7.06E-07	-7.12E-06	-8.98E-06
155	15	0	0	0	0	0	0	232	254	0	-2.09E-05	1.24E-06	-6.66E-06	-1.15E-05
155	16	0	0	0	0	0	0	232	254	0	-2.09E-05	1.24E-06	-6.66E-06	-1.15E-05
155	17	0	0	0	0	0	0	232	254	0	-2.36E-05	1.56E-06	-7.45E-06	-1.04E-05
155	18	0	0	0	0	0	0	232	254	0	-2.36E-05	1.56E-06	-7.45E-06	-1.04E-05
155	19	0	0	0	0	0	0	232	254	0	-2.34E-05	1.05E-06	-7.94E-06	-9.02E-06
156	0	0	0	0	0	0	0	232	254	0	-2.38E-05	2.56E-06	-8.69E-06	-1.21E-05
156	1	0	0	0	0	0	0	232	254	0	-2.38E-05	2.56E-06	-8.69E-06	-1.21E-05
156	2	0	0	0	0	0	0	232	254	0	-2.35E-05	4.12E-06	-1.15E-05	-1.30E-05
156	3	0	0	0	0	0	0	232	254	0	-2.35E-05	4.12E-06	-1.15E-05	-1.30E-05
156	4	0	0	0	0	0	0	232	254	0	-2.25E-05	6.01E-06	-1.06E-05	-1.36E-05
156	5	0	0	0	0	0	0	232	254	0	-2.25E-05	6.01E-06	-1.06E-05	-1.36E-05
156	6	0	0	0	0	0	0	232	254	0	-2.18E-05	7.70E-06	-8.28E-06	-1.48E-05
156	7	0	0	0	0	0	0	232	254	0	-2.18E-05	7.70E-06	-8.28E-06	-1.48E-05
156	8	0	0	0	0	0	0	232	254	0	-2.15E-05	6.25E-06	-6.66E-06	-1.40E-05
156	9	0	0	0	0	0	0	232	254	0	-2.27E-05	4.53E-06	-7.39E-06	-1.20E-05
156	10	0	0	0	0	0	0	232	254	0	-2.27E-05	4.53E-06	-7.39E-06	-1.20E-05
156	11	0	0	0	0	0	0	232	254	0	-2.15E-05	5.49E-06	-7.22E-06	-1.19E-05
156	12	0	0	0	0	0	0	232	254	0	-2.15E-05	5.49E-06	-7.22E-06	-1.19E-05
156	13	0	0	0	0	0	0	232	254	0	-2.05E-05	5.39E-06	-5.89E-06	-1.32E-05
156	14	0	0	0	0	0	0	232	254	0	-2.05E-05	5.39E-06	-5.89E-06	-1.32E-05
156	15	0	0	0	0	0	0	232	254	0	-1.96E-05	6.78E-06	-4.00E-06	-1.45E-05
156	16	0	0	0	0	0	0	232	254	0	-1.96E-05	6.78E-06	-4.00E-06	-1.45E-05
156	17	0	0	0	0	0	0	232	254	0	-1.93E-05	8.16E-06	-5.33E-06	-1.35E-05
156	18	0	0	0	0	0	0	232	254	0	-1.98E-05	7.37E-06	-8.64E-06	-1.27E-05
156	19	0	0	0	0	0	0	232	254	0	-1.98E-05	7.37E-06	-8.64E-06	-1.27E-05
157	0	0	0	0	0	0	0	232	254	0	-2.07E-05	5.11E-06	-1.12E-05	-1.36E-05
157	1	0	0	0	0	0	0	232	254	0	-2.07E-05	5.11E-06	-1.12E-05	-1.36E-05
157	2	0	0	0	0	0	0	232	254	0	-2.09E-05	4.69E-06	-1.06E-05	-1.37E-05
157	3	0	0	0	0	0	0	232	254	0	-2.09E-05	4.69E-06	-1.06E-05	-1.37E-05
157	4	0	0	0	0	0	0	232	254	0	-2.14E-05	5.92E-06	-1.05E-05	-1.44E-05
157	5	0	0	0	0	0	0	232	254	0	-2.14E-05	5.92E-06	-1.05E-05	-1.44E-05
157	6	0	0	0	0	0	0	232	254	0	-2.06E-05	7.40E-06	-1.01E-05	-1.53E-05
157	7	0	0	0	0	0	0	232	254	0	-2.07E-05	8.44E-06	-8.80E-06	-1.55E-05
157	8	0	0	0	0	0	0	232	254	0	-2.07E-05	8.44E-06	-8.80E-06	-1.55E-05
157	9	0	0	0	0	0	0	232	254	0	-2.16E-05	7.51E-06	-8.22E-06	-1.48E-05
157	10	0	0	0	0	0	0	232	254	0	-2.16E-05	7.51E-06	-8.22E-06	-1.48E-05
157	11	0	0	0	0	0	0	232	254	0	-2.02E-05	6.26E-06	-8.46E-06	-1.40E-05
157	12	0	0	0	0	0	0	232	254	0	-2.02E-05	6.26E-06	-8.46E-06	-1.40E-05
157	13	0	0	0	0	0	0	232	254	0	-2.01E-05	6.92E-06	-1.02E-05	-1.25E-05
157	14	0	0	0	0	0	0	232	254	0	-2.01E-05	6.92E-06	-1.02E-05	-1.25E-05
157	15	0	0	0	0	0	0	232	254	0	-2.16E-05	9.56E-06	-1.15E-05	-1.29E-05
157	16	0	0	0	0	0	0	232	254	0	-2.12E-05	1.14E-05	-9.34E-06	-1.30E-05
157	17	0	0	0	0	0	0	232	254	0	-2.12E-05	1.14E-05	-9.34E-06	-1.30E-05
157	18	0	0	0	0	0	0	232	254	0	-2.04E-05	9.81E-06	-1.10E-05	-1.25E-05
157	19	0	0	0	0	0	0	232	254	0	-2.04E-05	9.81E-06	-1.10E-05	-1.25E-05
158	0	0	0	0	0	0	0	232	254	0	-1.99E-05	9.30E-06	-1.03E-05	-1.17E-05
158	1	0	0	0	0	0	0	232	254	0	-1.99E-05	9.30E-06	-1.03E-05	-1.17E-05
158	2	0	0	0	0	0	0	232	254	0	-2.03E-05	9.23E-06	-9.00E-06	-1.15E-05
158	3	0	0	0	0	0	0	232	254	0	-2.03E-05	9.23E-06	-9.00E-06	-1.15E-05
158	4	0	0	0	0	0	0	232	254	0	-2.11E-05	5.93E-06	-1.16E-05	-1.23E-05
158	5	0	0	0	0	0	0	232	254	0	-1.94E-05	4.76E-06	-1.03E-05	-1.30E-05
158	6	0	0	0	0	0	0	232	254	0	-1.94E-05	4.76E-06	-1.03E-05	-1.30E-05
158	7	0	0	0	0	0	0	232	254	0	-1.76E-05	1.71E-06	-8.80E-06	-1.38E-05
158	8	0	0	0	0	0	0	232	254	0	-1.76E-05	1.71E-06	-8.80E-06	-1.38E-05
158	9	0	0	0	0	0	0	232	254	0	-1.79E-05	-1.91E-07	-8.55E-06	-1.36E-05
158	10	0	0	0	0	0	0	232	254	0	-1.79E-05	-1.91E-07	-8.55E-06	-1.36E-05
158	11	0	0	0	0	0	0	232	254	0	-1.93E-05	-1.73E-07	-1.07E-05	-1.14E-05
158	12	0	0	0	0	0	0	232	254	0	-1.93E-05	-1.73E-07	-1.07E-05	-1.14E-05
158	13	0	0	0	0	0	0	232	254	0	-1.88E-05	5.61E-07	-1.11E-05	-1.22E-05
158	14	0	0	0	0	0	0	232	254	0	-1.78E-05	-1.08E-06	-8.37E-06	-1.15E-05
158	15	0	0	0	0	0	0	232	254	0	-1.78E-05	-1.08E-06	-8.37E-06	-1.15E-05
158	16	0	0	0	0	0	0	232	254	0	-1.79E-05	-7.12E-07	-8.43E-06	-1.15E-05
158	17	0	0	0	0	0	0	232	254	0	-1.79E-05	-7.12E-07	-8.43E-06	-1.15E-05
158	18	0	0	0	0	0	0	232	254	0	-1.93E-05	-1.94E-06	-9.85E-06	-1.51E-05
158	19	0	0	0	0	0	0	232	254	0	-1.93E-05	-1.94E-06	-9.85E-06	-1.51E-05
159	0	0	0	0	0	0	0	232	254	0	-1.90E-05	-9.77E-07	-9.93E-06	-1.52E-05
159	1	0	0	0	0	0	0	232	254	0	-1.90E-05	-9.77E-07	-9.93E-06	-1.52E-05
159	2	0	0	0	0	0	0	232	254	0	-1.95E-05	2.33E-06	-5.39E-06	-1.46E-05
159	3	0	0	0	0	0	0	232	254	0	-1.96E-05	2.04E-06	-2.51E-06	-1.48E-05
159	4	0	0	0	0	0	0	232	254	0	-1.96E-05	2.04E-06	-2.51E-06	-1.48E-05
159	5	0	0	0	0	0	0	232	254	0	-2.02E-05	1.11E-06	-4.10E-06	-1.40E-05
159	6	0	0	0	0	0	0	232	254	0	-2.02E-05	1.11E-06	-4.10E-06	-1.40E-05
159	7	0	0	0	0	0	0	232	254	0	-2.04E-05	9.26E-07	-8.35E-06	-1.42E-05
159	8	0	0	0	0	0	0	232	254	0	-2.04E-05	9.26E-07	-8.35E-06	-1.42E-05
159	9	0	0	0	0	0	0	232	254	0	-2.10E-05	2.70E-06	-1.18E-05	-1.43E-05
159	10	0	0	0	0	0	0	232	254	0	-2.10E-05	2.70E-06	-1.18E-05	-1.43E-05
159	11	0	0	0	0	0	0	232	254	0	-2.11E-05	3.86E-06	-8.77E-06	-1.63E-05
159	12	0	0	0	0	0	0	232	254	0	-1.99E-05	4.05E-06	-5.94E-06	-1.65E-05
159	13	0	0	0	0	0	0	232	254	0	-1.99E-05	4.05E-06	-5.94E-06	-1.65E-05
159	14	0	0	0	0	0	0	232	254	0	-1.93E-05	5.11E-06	-6.49E-06	-1.52E-05
159	15	0	0	0	0	0	0	232	254	0	-1.93E-05	5.11E-06	-6.49E-06	-1.52E-05
159	16	0	0	0	0	0	0	232	254	0	-1.98E-05	4.76E-06	-7.40E-06	-1.30E-05
159	17	0	0	0	0	0	0	232	254	0	-1.98E-05	4.76E-06	-7.40E-06	-1.30E-05
159	18	0	0	0	0	0	0	232	254	0	-1.89E-05	6.40E-06	-8.91E-06	-1.37E-05
159	19	0	0	0	0	0	0	232	254	0	-1.89E-05	6.40E-06	-8.91E-06	-1.37E-05
160	0	0	0	0	0	0	0	232	254	0	-1.95E-05	8.04E-06	-1.11E-05	-1.42E-05
160	1	0	0	0	0	0	0	232	254	0	-1.97E-05	1.13E-05	-1.04E-05	-1.36E-05
160	2	0	0	0	0	0	0	232	254	0	-1.97E-05	1.13E-05	-1.04E-05	-1.36E-05
160	3	0	0	0	0	0	0	232	254	0	-2.02E-05	1.28E-05	-6.79E-06	-1.39E-05
160	4	0	0	0	0	0	0	232	254	0	-2.02E-05	1.28E-05	-6.79E-06	-1.39E-05
160	5	0	0	0	0	0	0	232	254	0	-2.00E-05	1.39E-05	-6.30E-06	-1.43E-05
160	6	0	0	0	0	0	0	232	254	0	-2.00E-05	1.39E-05	-6.30E-06	-1.43E-05
160	7	0	0	0	0	0	0	232	254	0	-2.19E-05	1.35E-05	-7.21E-06	-1.30E-05
160	8	0	0	0	0	0	0	232	254	0	-2.19E-05	1.35E-05	-7.21E-06	-1.30E-05
160	9	0	0	0	0	0	0	232	254	0	-2.15E-05	1.06E-05	-8.91E-06	-1.11E-05
160	10	0	0	0	0	0	0	232	254	0	-2.24E-05	8.92E-06	-7.00E-06	-1.07E-05
160	11	0	0	0	0	0	0	232	254	0	-2.24E-05	8.92E-06	-7.00E-06	-1.07E-05
160	12	0	0	0	0	0	0	232	254	0	-2.29E-05	8.72E-06	-7.88E-06	-9.75E-06
160	13	0	0	0	0	0	0	232	254	0	-2.29E-05	8.72E-06	-7.88E-06	-9.75E-06
160	14	0	0	0	0	0	0	232	254	0	-2.27E-05	6.64E-06	-8.55E-06	-1.09E-05
160	15	0	0	0	0	0	0	232	254	0	-2.27E-05	6.64E-06	-8.55E-06	-1.09E-05
160	16	0	0	0	0	0	0	232	254	0	-2.30E-05	7.45E-06	-6.42E-06	-1.09E-05
160	17	0	0	0	0	0	0	232	254	0	-2.30E-05	7.45E-06	-6.42E-06	-1.09E-05
160	18	0	0	0	0	0	0	232	254	0	-2.19E-05	8.76E-06	-7.08E-06	-1.07E-05
160	19	0	0	0	0	0	0	232	254	0	-2.27E-05	7.70E-06	-9.68E-06	-1.12E-05
161	0	0	0	0	0	0	0	232	254	0	-2.27E-05	7.70E-06	-9.68E-06	-1.12E-05
161	1	0	0	0	0	0	0	232	254	0	-2.29E-05	6.22E-06	-1.16E-05	-1.12E-05
161	2	0	0	0	0	0	0	232	254	0	-2.29E-05	6.22E-06	-1.16E-05	-1.12E-05
161	3	0	0	0	0	0	0	232	254	0	-2.23E-05	3.78E-06	-1.26E-05	-1.06E-05
161	4	0	0	0	0	0	0	232	254	0	-2.23E-05	3.78E-06	-1.26E-05	-1.06E-05
161	5	0	0	0	0	0	0	232	254	0	-2.23E-05	1.45E-06	-1.26E-05	-9.06E-06
161	6	0	0	0	0	0	0	232	254	0	-2.23E-05	1.45E-06	-1.26E-05	-9.06E-06
161	7	0	0	0	0	0	0	232	254	0	-2.24E-05	3.26E-06	-1.27E-05	-1.03E-05
161	8	0	0	0	0	0	0	232	254	0	-2.17E-05	3.95E-06	-1.14E-05	-1.17E-05
161	9	0	0	0	0	0	0	232	254	0	-2.17E-05	3.95E-06	-1.14E-05	-1.17E-05
161	10	0	0	0	0	0	0	232	254	0	-2.00E-05	5.52E-06	-1.15E-05	-1.12E-05
161	11	0	0	0	0	0	0	232	254	0	-2.00E-05	5.52E-06	-1.15E-05	-1.12E-05
161	12	0	0	0	0	0	0	232	254	0	-2.03E-05	5.00E-06	-1.27E-05	-9.61E-06
161	13	0	0	0	0	0	0	232	254	0	-2.03E-05	5.00E-06	-1.27E-05	-9.61E-06
161	14	0	0	0	0	0	0	232	254	0	-2.05E-05	2.43E-06	-1.11E-05	-1.02E-05
161	15	0	0	0	0	0	0	232	254	0	-2.05E-05	2.43E-06	-1.11E-05	-1.02E-05
161	16	0	0	0	0	0	0	232	254	0	-2.15E-05	1.07E-06	-8.46E-06	-1.19E-05
161	17	0	0	0	0	0	0	232	254	0	-2.08E-05	2.47E-06	-1.01E-05	-1.24E-05
161	18	0	0	0	0	0	0	232	254	0	-2.08E-05	2.47E-06	-1.01E-05	-1.24E-05
161	19	0	0	0	0	0	0	232	254	0	-2.05E-05	2.04E-06	-1.07E-05	-1.46E-05
162	0	0	0	0	0	0	0	232	254	0	-2.05E-05	2.04E-06	-1.07E-05	-1.46E-05
162	1	0	0	0	0	0	0	232	254	0	-2.07E-05	1.27E-06	-8.28E-06	-1.56E-05
162	2	0	0	0	0	0	0	232	254	0	-2.07E-05	1.27E-06	-8.28E-06	-1.56E-05
162	3	0	0	0	0	0	0	232	254	0	-2.11E-05	1.94E-06	-7.32E-06	-1.47E-05
162	4	0	0	0	0	0	0	232	254	0	-2.11E-05	1.94E-06	-7.32E-06	-1.47E-05
162	5	0	0	0	0	0	0	232	254	0	-2.17E-05	2.33E-06	-5.83E-06	-1.42E-05
162	6	0	0	0	0	0	0	232	254	0	-2.23E-05	1.36E-06	-6.00E-06	-1.36E-05
162	7	0	0	0	0	0	0	232	254	0	-2.23E-05	1.36E-06	-6.00E-06	-1.36E-05
162	8	0	0	0	0	0	0	232	254	0	-2.18E-05	2.56E-06	-9.38E-06	-1.24E-05
162	9	0	0	0	0	0	0	232	254	0	-2.18E-05	2.56E-06	-9.38E-06	-1.24E-05
162	10	0	0	0	0	0	0	232	254	0	-2.21E-05	3.04E-06	-1.30E-05	-1.13E-05
162	11	0	0	0	0	0	0	232	254	0	-2.21E-05	3.04E-06	-1.30E-05	-1.13E-05
162	12	0	0	0	0	0	0	232	254	0	-2.27E-05	4.34E-06	-1.69E-05	-1.15E-05
162	13	0	0	0	0	0	0	232	254	0	-2.27E-05	4.34E-06	-1.69E-05	-1.15E-05
162	14	0	0	0	0	0	0	232	254	0	-2.31E-05	4.88E-06	-2.07E-05	-1.08E-05
162	15	0	0	0	0	0	0	232	254	0	-2.23E-05	2.62E-06	-2.03E-05	-1.03E-05
162	16	0	0	0	0	0	0	232	254	0	-2.23E-05	2.62E-06	-2.03E-05	-1.03E-05
162	17	0	0	0	0	0	0	232	254	0	-2.04E-05	1.59E-06	-1.59E-05	-1.03E-05
162	18	0	0	0	0	0	0	232	254	0	-2.04E-05	1.59E-06	-1.59E-05	-1.03E-05
162	19	0	0	0	0	0	0	232	254	0	-2.07E-05	4.47E-06	-1.63E-05	-9.40E-06
163	0	0	0	0	0	0	0	232	254	0	-2.07E-05	4.47E-06	-1.63E-05	-9.40E-06
163	1	0	0	0	0	0	0	232	254	0	-1.93E-05	6.21E-06	-1.01E-05	-8.28E-06
163	2	0	0	0	0	0	0	232	254	0	-1.93E-05	6.21E-06	-1.01E-05	-8.28E-06
163	3	0	0	0	0	0	0	232	254	0	-1.96E-05	6.26E-06	1.69E-06	-7.34E-06
163	4	0	0	0	0	0	0	232	254	0	-2.13E-05	6.29E-06	5.72E-06	-6.65E-06
163	5	0	0	0	0	0	0	232	254	0	-2.13E-05	6.29E-06	5.72E-06	-6.65E-06
163	6	0	0	0	0	0	0	232	254	0	-2.14E-05	4.58E-06	1.69E-05	-1.11E-05
163	7	0	0	0	0	0	0	232	254	0	-2.14E-05	4.58E-06	1.69E-05	-1.11E-05
163	8	0	0	0	0	0	0	232	254	0	-2.12E-05	3.86E-06	1.20E-05	-1.56E-05
163	9	0	0	0	0	0	0	232	254	0	-2.12E-05	3.86E-06	1.20E-05	-1.56E-05
163	10	0	0	0	0	0	0	232	254	0	-2.17E-05	3.63E-06	-4.93E-06	-1.59E-05
163	11	0	0	0	0	0	0	232	254	0	-2.17E-05	3.63E-06	-4.93E-06	-1.59E-05
163	12	0	0	0	0	0	0	232	254	0	-2.12E-05	2.21E-06	-1.14E-05	-1.34E-05
163	13	0	0	0	0	0	0	232	254	0	-2.15E-05	2.44E-06	-1.02E-05	-1.25E-05
163	14	0	0	0	0	0	0	232	254	0	-2.15E-05	2.44E-06	-1.02E-05	-1.25E-05
163	15	0	0	0	0	0	0	232	254	0	-2.24E-05	3.28E-06	-1.00E-05	-1.41E-05
163	16	0	0	0	0	0	0	232	254	0	-2.24E-05	3.28E-06	-1.00E-05	-1.41E-05
163	17	0	0	0	0	0	0	232	254	0	-2.15E-05	4.80E-06	-1.06E-05	-1.53E-05
163	18	0	0	0	0	0	0	232	254	0	-2.15E-05	4.80E-06	-1.06E-05	-1.53E-05
163	19	0	0	0	0	0	0	232	254	0	-2.04E-05	4.57E-06	-8.75E-06	-1.62E-05
164	0	0	0	0	0	0	0	232	254	0	-2.04E-05	4.57E-06	-8.75E-06	-1.62E-05
164	1	0	0	0	0	0	0	232	254	0	-1.98E-05	5.85E-06	-1.02E-05	-1.55E-05
164	2	0	0	0	0	0	0	232	254	0	-1.97E-05	5.57E-06	-1.21E-05	-1.46E-05
164	3	0	0	0	0	0	0	232	254	0	-1.97E-05	5.57E-06	-1.21E-05	-1.46E-05
164	4	0	0	0	0	0	0	232	254	0	-1.99E-05	4.68E-06	-1.31E-05	-1.42E-05
164	5	0	0	0	0	0	0	232	254	0	-1.99E-05	4.68E-06	-1.31E-05	-1.42E-05
164	6	0	0	0	0	0	0	232	254	0	-2.06E-05	4.21E-06	-1.21E-05	-1.34E-05
164	7	0	0	0	0	0	0	232	254	0	-2.06E-05	4.21E-06	-1.21E-05	-1.34E-05
164	8	0	0	0	0	0	0	232	254	0	-2.10E-05	2.23E-06	-1.38E-05	-1.20E-05
164	9	0	0	0	0	0	0	232	254	0	-2.10E-05	2.23E-06	-1.38E-05	-1.20E-05
164	10	0	0	0	0	0	0	232	254	0	-1.91E-05	2.63E-06	-1.27E-05	-1.26E-05
164	11	0	0	0	0	0	0	232	254	0	-1.92E-05	3.15E-06	-1.01E-05	-1.23E-05
164	12	0	0	0	0	0	0	232	254	0	-1.92E-05	3.15E-06	-1.01E-05	-1.23E-05
164	13	0	0	0	0	0	0	232	254	0	-2.10E-05	2.03E-06	-1.20E-05	-1.16E-05
164	14	0	0	0	0	0	0	232	254	0	-2.10E-05	2.03E-06	-1.20E-05	-1.16E-05
164	15	0	0	0	0	0	0	232	254	0	-2.09E-05	2.96E-06	-1.41E-05	-1.17E-05
164	16	0	0	0	0	0	0	232	254	0	-2.09E-05	2.96E-06	-1.41E-05	-1.17E-05
164	17	0	0	0	0	0	0	232	254	0	-2.02E-05	1.35E-06	-9.58E-06	-1.16E-05
164	18	0	0	0	0	0	0	232	254	0	-2.02E-05	1.35E-06	-9.58E-06	-1.16E-05
164	19	0	0	0	0	0	0	232	254	0	-1.95E-05	6.14E-07	-7.32E-06	-1.05E-05
165	0	0	0	0	0	0	0	232	254	0	-1.88E-05	2.44E-06	-5.74E-06	-1.01E-05
165	1	0	0	0	0	0	0	232	254	0	-1.88E-05	2.44E-06	-5.74E-06	-1.01E-05
165	2	0	0	0	0	0	0	232	254	0	-1.80E-05	3.32E-06	-5.33E-06	-1.05E-05
165	3	0	0	0	0	0	0	232	254	0	-1.80E-05	3.32E-06	-5.33E-06	-1.05E-05
165	4	0	0	0	0	0	0	232	254	0	-1.93E-05	5.06E-06	-8.83E-06	-9.90E-06
165	5	0	0	0	0	0	0	232	254	0	-1.93E-05	5.06E-06	-8.83E-06	-9.90E-06
165	6	0	0	0	0	0	0	232	254	0	-2.08E-05	4.10E-06	-1.24E-05	-1.01E-05
165	7	0	0	0	0	0	0	232	254	0	-2.08E-05	4.10E-06	-1.24E-05	-1.01E-05
165	8	0	0	0	0	0	0	232	254	0	-2.16E-05	3.85E-06	-1.10E-05	-1.16E-05
165	9	0	0	0	0	0	0	232	254	0	-2.15E-05	6.06E-06	-6.93E-06	-1.16E-05
165	10	0	0	0	0	0	0	232	254	0	-2.15E-05	6.06E-06	-6.93E-06	-1.16E-05
165	11	0	0	0	0	0	0	232	254	0	-2.12E-05	6.68E-06	-6.77E-06	-1.33E-05
165	12	0	0	0	0	0	0	232	254	0	-2.12E-05	6.68E-06	-6.77E-06	-1.33E-05
165	13	0	0	0	0	0	0	232	254	0	-2.06E-05	3.24E-06	-1.05E-05	-1.54E-05
165	14	0	0	0	0	0	0	232	254	0	-2.06E-05	3.24E-06	-1.05E-05	-1.54E-05
165	15	0	0	0	0	0	0	232	254	0	-2.02E-05	2.75E-06	-1.16E-05	-1.45E-05
165	16	0	0	0	0	0	0	232	254	0	-2.02E-05	2.75E-06	-1.16E-05	-1.45E-05
165	17	0	0	0	0	0	0	232	254	0	-1.94E-05	4.15E-06	-7.09E-06	-1.51E-05
165	18	0	0	0	0	0	0	232	254	0	-1.92E-05	3.95E-06	-1.52E-06	-1.59E-05
165	19	0	0	0	0	0	0	232	254	0	-1.92E-05	3.95E-06	-1.52E-06	-1.59E-05
166	0	0	0	0	0	0	0	232	254	0	-2.05E-05	4.53E-06	9.64E-06	-1.34E-05
166	1	0	0	0	0	0	0	232	254	0	-2.05E-05	4.53E-06	9.64E-06	-1.34E-05
166	2	0	0	0	0	0	0	232	254	0	-2.17E-05	4.39E-06	1.25E-05	-1.30E-05
166	3	0	0	0	0	0	0	232	254	0	-2.17E-05	4.39E-06	1.25E-05	-1.30E-05
166	4	0	0	0	0	0	0	232	254	0	-2.17E-05	3.66E-06	4.07E-07	-1.68E-05
166	5	0	0	0	0	0	0	232	254	0	-2.17E-05	3.66E-06	4.07E-07	-1.68E-05
166	6	0	0	0	0	0	0	232	254	0	-2.09E-05	4.37E-06	-9.26E-06	-1.73E-05
166	7	0	0	0	0	0	0	232	254	0	-2.27E-05	3.66E-06	-1.55E-05	-1.46E-05
166	8	0	0	0	0	0	0	232	254	0	-2.27E-05	3.66E-06	-1.55E-05	-1.46E-05
166	9	0	0	0	0	0	0	232	254	0	-2.24E-05	5.42E-06	-2.70E-05	-1.14E-05
166	10	0	0	0	0	0	0	232	254	0	-2.24E-05	5.42E-06	-2.70E-05	-1.14E-05
166	11	0	0	0	0	0	0	232	254	0	-2.08E-05	4.28E-06	-2.60E-05	-9.38E-06
166	12	0	0	0	0	0	0	232	254	0	-2.08E-05	4.28E-06	-2.60E-05	-9.38E-06
166	13	0	0	0	0	0	0	232	254	0	-2.09E-05	1.49E-06	-2.11E-05	-8.09E-06
166	14	0	0	0	0	0	0	232	254	0	-2.09E-05	1.49E-06	-2.11E-05	-8.09E-06
166	15	0	0	0	0	0	0	232	254	0	-2.04E-05	3.12E-07	-1.61E-05	-7.08E-06
166	16	0	0	0	0	0	0	232	254	0	-2.13E-05	2.38E-07	2.01E-06	-6.26E-06
166	17	0	0	0	0	0	0	232	254	0	-2.13E-05	2.38E-07	2.01E-06	-6.26E-06
166	18	0	0	0	0	0	0	232	254	0	-2.31E-05	6.48E-07	2.00E-06	-7.06E-06
166	19	0	0	0	0	0	0	232	254	0	-2.31E-05	6.48E-07	2.00E-06	-7.06E-06
167	0	0	0	0	0	0	0	232	254	0	-2.39E-05	9.69E-07	-4.97E-06	-1.04E-05
167	1	0	0	0	0	0	0	232	254	0	-2.39E-05	9.69E-07	-4.97E-06	-1.04E-05
167	2	0	0	0	0	0	0	232	254	0	-2.48E-05	4.05E-06	-6.57E-06	-1.13E-05
167	3	0	0	0	0	0	0	232	254	0	-2.48E-05	4.05E-06	-6.57E-06	-1.13E-05
167	4	0	0	0	0	0	0	232	254	0	-2.34E-05	5.09E-06	8.74E-06	-1.24E-05
167	5	0	0	0	0	0	0	232	254	0	-2.16E-05	4.11E-06	1.71E-05	-1.59E-05
167	6	0	0	0	0	0	0	232	254	0	-2.16E-05	4.11E-06	1.71E-05	-1.59E-05
167	7	0	0	0	0	0	0	232	254	0	-2.12E-05	2.70E-06	-5.46E-06	-1.77E-05
167	8	0	0	0	0	0	0	232	254	0	-2.12E-05	2.70E-06	-5.46E-06	-1.77E-05
167	9	0	0	0	0	0	0	232	254	0	-2.15E-05	3.91E-06	-2.31E-05	-1.92E-05
167	10	0	0	0	0	0	0	232	254	0	-2.15E-05	3.91E-06	-2.31E-05	-1.92E-05
167	11	0	0	0	0	0	0	232	254	0	-2.05E-05	4.57E-06	-3.31E-05	-1.99E-05
167	12	0	0	0	0	0	0	232	254	0	-2.05E-05	4.57E-06	-3.31E-05	-1.99E-05
167	13	0	0	0	0	0	0	232	254	0	-2.18E-05	6.88E-06	-3.88E-05	-1.69E-05
167	14	0	0	0	0	0	0	232	254	0	-2.29E-05	6.65E-06	-4.77E-05	-1.18E-05
167	15	0	0	0	0	0	0	232	254	0	-2.29E-05	6.65E-06	-4.77E-05	-1.18E-05
167	16	0	0	0	0	0	0	232	254	0	-2.23E-05	5.34E-06	-3.78E-05	-7.33E-06
167	17	0	0	0	0	0	0	232	254	0	-2.23E-05	5.34E-06	-3.78E-05	-7.33E-06
167	18	0	0	0	0	0	0	232	254	0	-2.10E-05	6.21E-06	-8.04E-06	-4.82E-06
167	19	0	0	0	0	0	0	232	254	0	-2.10E-05	6.21E-06	-8.04E-06	-4.82E-06
168	0	0	0	0	0	0	0	232	254	0	-2.09E-05	5.88E-06	-3.45E-06	-4.88E-06
168	1	0	0	0	0	0	0	232	254	0	-2.09E-05	5.88E-06	-3.45E-06	-4.88E-06
168	2	0	0	0	0	0	0	232	254	0	-2.02E-05	3.79E-06	-9.67E-06	-7.21E-06
168	3	0	0	0	0	0	0	232	254	0	-1.98E-05	3.10E-06	-1.92E-05	-8.46E-06
168	4	0	0	0	0	0	0	232	254	0	-1.98E-05	3.10E-06	-1.92E-05	-8.46E-06
168	5	0	0	0	0	0	0	232	254	0	-2.09E-05	1.51E-06	-2.30E-05	-1.00E-05
168	6	0	0	0	0	0	0	232	254	0	-2.09E-05	1.51E-06	-2.30E-05	-1.00E-05
168	7	0	0	0	0	0	0	232	254	0	-2.16E-05	2.02E-06	-2.64E-05	-1.09E-05
168	8	0	0	0	0	0	0	232	254	0	-2.16E-05	2.02E-06	-2.64E-05	-1.09E-05
168	9	0	0	0	0	0	0	232	254	0	-2.13E-05	5.16E-06	-2.43E-05	-1.29E-05
168	10	0	0	0	0	0	0	232	254	0	-2.13E-05	5.16E-06	-2.43E-05	-1.29E-05
168	11	0	0	0	0	0	0	232	254	0	-2.20E-05	5.08E-06	-7.90E-06	-1.33E-05
168	12	0	0	0	0	0	0	232	254	0	-2.17E-05	6.19E-06	6.55E-06	-1.09E-05
168	13	0	0	0	0	0	0	232	254	0	-2.17E-05	6.19E-06	6.55E-06	-1.09E-05
168	14	0	0	0	0	0	0	232	254	0	-2.10E-05	4.94E-06	2.96E-05	-8.69E-06
168	15	0	0	0	0	0	0	232	254	0	-2.10E-05	4.94E-06	2.96E-05	-8.69E-06
168	16	0	0	0	0	0	0	232	254	0	-2.14E-05	4.48E-06	5.43E-05	-1.11E-05
168	17	0	0	0	0	0	0	232	254	0	-2.14E-05	4.48E-06	5.43E-05	-1.11E-05
168	18	0	0	0	0	0	0	232	254	0	-2.18E-05	5.16E-06	3.69E-05	-1.46E-05
168	19	0	0	0	0	0	0	232	254	0	-2.18E-05	5.16E-06	3.69E-05	-1.46E-05
169	0	0	0	0	0	0	0	232	254	0	-2.23E-05	4.91E-06	7.80E-06	-1.60E-05
169	1	0	0	0	0	0	0	232	254	0	-2.11E-05	5.20E-06	-4.11E-07	-1.85E-05
169	2	0	0	0	0	0	0	232	254	0	-2.11E-05	5.20E-06	-4.11E-07	-1.85E-05
169	3	0	0	0	0	0	0	232	254	0	-2.07E-05	5.58E-06	-1.08E-05	-1.98E-05
169	4	0	0	0	0	0	0	232	254	0	-2.07E-05	5.58E-06	-1.08E-05	-1.98E-05
169	5	0	0	0	0	0	0	232	254	0	-2.09E-05	7.80E-06	-1.96E-05	-1.96E-05
169	6	0	0	0	0	0	0	232	254	0	-2.09E-05	7.80E-06	-1.96E-05	-1.96E-05
169	7	0	0	0	0	0	0	232	254	0	-1.95E-05	7.19E-06	-1.20E-05	-1.68E-05
169	8	0	0	0	0	0	0	232	254	0	-1.95E-05	7.19E-06	-1.20E-05	-1.68E-05
169	9	0	0	0	0	0	0	232	254	0	-1.91E-05	6.79E-06	-1.20E-05	-1.54E-05
169	10	0	0	0	0	0	0	232	254	0	-2.01E-05	5.25E-06	-9.29E-06	-1.37E-05
169	11	0	0	0	0	0	0	232	254	0	-2.01E-05	5.25E-06	-9.29E-06	-1.37E-05
169	12	0	0	0	0	0	0	232	254	0	-2.10E-05	5.21E-06	-8.30E-06	-1.27E-05
169	13	0	0	0	0	0	0	232	254	0	-2.10E-05	5.21E-06	-8.30E-06	-1.27E-05
169	14	0	0	0	0	0	0	232	254	0	-2.09E-05	3.21E-06	-1.32E-05	-1.36E-05
169	15	0	0	0	0	0	0	232	254	0	-2.09E-05	3.21E-06	-1.32E-05	-1.36E-05
169	16	0	0	0	0	0	0	232	254	0	-2.06E-05	3.57E-06	-1.55E-05	-1.37E-05
169	17	0	0	0	0	0	0	232	254	0	-2.06E-05	3.57E-06	-1.55E-05	-1.37E-05
169	18	0	0	0	0	0	0	232	254	0	-2.04E-05	4.82E-06	-1.94E-05	-1.33E-05
169	19	0	0	0	0	0	0	232	254	0	-2.08E-05	4.72E-06	-2.32E-05	-1.12E-05
170	0	0	0	0	0	0	0	232	254	0	-2.08E-05	4.72E-06	-2.32E-05	-1.12E-05
170	1	0	0	0	0	0	0	232	254	0	-2.15E-05	6.01E-06	-2.91E-05	-9.67E-06
170	2	0	0	0	0	0	0	232	254	0	-2.15E-05	6.01E-06	-2.91E-05	-9.67E-06
170	3	0	0	0	0	0	0	232	254	0	-2.02E-05	7.04E-06	-2.19E-05	-8.32E-06
170	4	0	0	0	0	0	0	232	254	0	-2.02E-05	7.04E-06	-2.19E-05	-8.32E-06
170	5	0	0	0	0	0	0	232	254	0	-1.96E-05	7.92E-06	4.34E-07	-9.36E-06
170	6	0	0	0	0	0	0	232	254	0	-1.96E-05	7.92E-06	4.34E-07	-9.36E-06
170	7	0	0	0	0	0	0	232	254	0	-1.85E-05	7.03E-06	1.28E-05	-1.20E-05
170	8	0	0	0	0	0	0	232	254	0	-2.03E-05	6.51E-06	-1.14E-06	-1.05E-05
170	9	0	0	0	0	0	0	232	254	0	-2.03E-05	6.51E-06	-1.14E-06	-1.05E-05
170	10	0	0	0	0	0	0	232	254	0	-2.19E-05	3.87E-06	-1.92E-05	-1.05E-05
170	11	0	0	0	0	0	0	232	254	0	-2.19E-05	3.87E-06	-1.92E-05	-1.05E-05
170	12	0	0	0	0	0	0	232	254	0	-2.12E-05	1.85E-06	-2.89E-05	-1.22E-05
170	13	0	0	0	0	0	0	232	254	0	-2.12E-05	1.85E-06	-2.89E-05	-1.22E-05
170	14	0	0	0	0	0	0	232	254	0	-2.19E-05	1.66E-06	-2.68E-05	-1.38E-05
170	15	0	0	0	0	0	0	232	254	0	-2.19E-05	1.66E-06	-2.68E-05	-1.38E-05
170	16	0	0	0	0	0	0	232	254	0	-2.36E-05	5.04E-07	-1.87E-05	-1.26E-05
170	17	0	0	0	0	0	0	232	254	0	-2.31E-05	8.76E-07	-2.40E-05	-1.10E-05
170	18	0	0	0	0	0	0	232	254	0	-2.31E-05	8.76E-07	-2.40E-05	-1.10E-05
170	19	0	0	0	0	0	0	232	254	0	-2.14E-05	3.28E-06	-2.04E-05	-1.12E-05
171	0	0	0	0	0	0	0	232	254	0	-2.14E-05	3.28E-06	-2.04E-05	-1.12E-05
171	1	0	0	0	0	0	0	232	254	0	-2.12E-05	4.12E-06	-1.16E-05	-1.08E-05
171	2	0	0	0	0	0	0	232	254	0	-2.12E-05	4.12E-06	-1.16E-05	-1.08E-05
171	3	0	0	0	0	0	0	232	254	0	-2.24E-05	5.99E-06	-6.31E-06	-9.69E-06
171	4	0	0	0	0	0	0	232	254	0	-2.24E-05	5.99E-06	-6.31E-06	-9.69E-06
171	5	0	0	0	0	0	0	232	254	0	-2.24E-05	7.84E-06	-4.82E-06	-8.58E-06
171	6	0	0	0	0	0	0	232	254	0	-2.08E-05	8.58E-06	-4.53E-06	-9.85E-06
171	7	0	0	0	0	0	0	232	254	0	-2.08E-05	8.58E-06	-4.53E-06	-9.85E-06
171	8	0	0	0	0	0	0	232	254	0	-2.00E-05	8.77E-06	-4.14E-06	-1.04E-05
171	9	0	0	0	0	0	0	232	254	0	-2.00E-05	8.77E-06	-4.14E-06	-1.04E-05
171	10	0	0	0	0	0	0	232	254	0	-1.98E-05	9.06E-06	-1.33E-06	-9.85E-06
171	11	0	0	0	0	0	0	232	254	0	-1.98E-05	9.06E-06	-1.33E-06	-9.85E-06
171	12	0	0	0	0	0	0	232	254	0	-1.96E-05	8.74E-06	2.57E-07	-1.19E-05
171	13	0	0	0	0	0	0	232	254	0	-1.96E-05	8.74E-06	2.57E-07	-1.19E-05
171	14	0	0	0	0	0	0	232	254	0	-1.97E-05	6.48E-06	-3.54E-06	-1.40E-05
171	15	0	0	0	0	0	0	232	254	0	-2.03E-05	4.66E-06	-4.26E-06	-1.30E-05
171	16	0	0	0	0	0	0	232	254	0	-2.03E-05	4.66E-06	-4.26E-06	-1.30E-05
171	17	0	0	0	0	0	0	232	254	0	-2.00E-05	2.23E-06	-1.74E-06	-1.28E-05
171	18	0	0	0	0	0	0	232	254	0	-2.00E-05	2.23E-06	-1.74E-06	-1.28E-05
171	19	0	0	0	0	0	0	232	254	0	-2.01E-05	1.49E-06	-4.63E-06	-1.43E-05
172	0	0	0	0	0	0	0	232	254	0	-2.01E-05	1.49E-06	-4.63E-06	-1.43E-05
172	1	0	0	0	0	0	0	232	254	0	-2.08E-05	1.23E-06	-1.42E-05	-1.37E-05
172	2	0	0	0	0	0	0	232	254	0	-2.08E-05	1.23E-06	-1.42E-05	-1.37E-05
172	3	0	0	0	0	0	0	232	254	0	-1.98E-05	2.71E-07	-1.57E-05	-1.43E-05
172	4	0	0	0	0	0	0	232	254	0	-2.04E-05	-9.89E-07	-3.68E-06	-1.42E-05
172	5	0	0	0	0	0	0	232	254	0	-2.04E-05	-9.89E-07	-3.68E-06	-1.42E-05
172	6	0	0	0	0	0	0	232	254	0	-2.30E-05	5.87E-07	-3.86E-06	-1.33E-05
172	7	0	0	0	0	0	0	232	254	0	-2.30E-05	5.87E-07	-3.86E-06	-1.33E-05
172	8	0	0	0	0	0	0	232	254	0	-2.26E-05	3.65E-06	-1.92E-05	-1.20E-05
172	9	0	0	0	0	0	0	232	254	0	-2.26E-05	3.65E-06	-1.92E-05	-1.20E-05
172	10	0	0	0	0	0	0	232	254	0	-2.03E-05	6.43E-06	-2.36E-05	-9.81E-06
172	11	0	0	0	0	0	0	232	254	0	-2.03E-05	6.43E-06	-2.36E-05	-9.81E-06
172	12	0	0	0	0	0	0	232	254	0	-1.93E-05	5.59E-06	-1.81E-05	-1.01E-05
172	13	0	0	0	0	0	0	232	254	0	-2.16E-05	4.98E-06	1.63E-06	-9.59E-06
172	14	0	0	0	0	0	0	232	254	0	-2.16E-05	4.98E-06	1.63E-06	-9.59E-06
172	15	0	0	0	0	0	0	232	254	0	-2.10E-05	6.01E-06	8.66E-06	-9.92E-06
172	16	0	0	0	0	0	0	232	254	0	-2.10E-05	6.01E-06	8.66E-06	-9.92E-06
172	17	0	0	0	0	0	0	232	254	0	-1.99E-05	8.08E-06	2.02E-05	-1.13E-05
172	18	0	0	0	0	0	0	232	254	0	-1.99E-05	8.08E-06	2.02E-05	-1.13E-05
172	19	0	0	0	0	0	0	232	254	0	-2.03E-05	8.84E-06	9.68E-06	-1.19E-05
173	0	0	0	0	0	0	0	232	254	0	-2.03E-05	8.84E-06	9.68E-06	-1.19E-05
173	1	0	0	0	0	0	0	232	254	0	-2.05E-05	6.26E-06	6.41E-06	-8.40E-06
173	2	0	0	0	0	0	0	232	254	0	-2.04E-05	5.59E-06	1.03E-05	-6.59E-06
173	3	0	0	0	0	0	0	232	254	0	-2.04E-05	5.59E-06	1.03E-05	-6.59E-06
173	4	0	0	0	0	0	0	232	254	0	-1.92E-05	5.41E-06	-1.64E-05	-8.22E-06
173	5	0	0	0	0	0	0	232	254	0	-1.92E-05	5.41E-06	-1.64E-05	-8.22E-06
173	6	0	0	0	0	0	0	232	254	0	-1.99E-05	2.52E-06	-4.09E-05	-1.06E-05
173	7	0	0	0	0	0	0	232	254	0	-1.99E-05	2.52E-06	-4.09E-05	-1.06E-05
173	8	0	0	0	0	0	0	232	254	0	-2.05E-05	2.66E-06	-3.87E-05	-1.28E-05
173	9	0	0	0	0	0	0	232	254	0	-2.05E-05	2.66E-06	-3.87E-05	-1.28E-05
173	10	0	0	0	0	0	0	232	254	0	-2.17E-05	3.83E-06	-3.34E-05	-1.49E-05
173	11	0	0	0	0	0	0	232	254	0	-2.16E-05	5.82E-06	-2.74E-05	-1.77E-05
173	12	0	0	0	0	0	0	232	254	0	-2.16E-05	5.82E-06	-2.74E-05	-1.77E-05
173	13	0	0	0	0	0	0	232	254	0	-2.10E-05	6.41E-06	-2.73E-05	-1.77E-05
173	14	0	0	0	0	0	0	232	254	0	-2.10E-05	6.41E-06	-2.73E-05	-1.77E-05
173	15	0	0	0	0	0	0	232	254	0	-2.11E-05	5.40E-06	-1.88E-05	-1.58E-05
173	16	0	0	0	0	0	0	232	254	0	-2.11E-05	5.40E-06	-1.88E-05	-1.58E-05
173	17	0	0	0	0	0	0	232	254	0	-2.16E-05	4.44E-06	-6.70E-06	-1.58E-05
173	18	0	0	0	0	0	0	232	254	0	-2.16E-05	4.44E-06	-6.70E-06	-1.58E-05
173	19	0	0	0	0	0	0	232	254	0	-2.11E-05	3.56E-06	-4.97E-06	-1.67E-05
174	0	0	0	0	0	0	0	232	254	0	-2.01E-05	1.56E-06	-8.84E-06	-1.54E-05
174	1	0	0	0	0	0	0	232	254	0	-2.01E-05	1.56E-06	-8.84E-06	-1.54E-05
174	2	0	0	0	0	0	0	232	254	0	-2.07E-05	7.46E-07	-1.73E-05	-1.51E-05
174	3	0	0	0	0	0	0	232	254	0	-2.07E-05	7.46E-07	-1.73E-05	-1.51E-05
174	4	0	0	0	0	0	0	232	254	0	-2.11E-05	5.13E-08	-2.50E-05	-1.63E-05
174	5	0	0	0	0	0	0	232	254	0	-2.11E-05	5.13E-08	-2.50E-05	-1.63E-05
174	6	0	0	0	0	0	0	232	254	0	-2.27E-05	-6.48E-07	-1.24E-05	-1.65E-05
174	7	0	0	0	0	0	0	232	254	0	-2.27E-05	-6.48E-07	-1.24E-05	-1.65E-05
174	8	0	0	0	0	0	0	232	254	0	-2.24E-05	-4.57E-07	-5.60E-07	-1.66E-05
174	9	0	0	0	0	0	0	232	254	0	-2.07E-05	1.85E-08	8.95E-07	-1.66E-05
174	10	0	0	0	0	0	0	232	254	0	-2.07E-05	1.85E-08	8.95E-07	-1.66E-05
174	11	0	0	0	0	0	0	232	254	0	-2.09E-05	1.62E-06	-1.31E-06	-1.62E-05
174	12	0	0	0	0	0	0	232	254	0	-2.09E-05	1.62E-06	-1.31E-06	-1.62E-05
174	13	0	0	0	0	0	0	232	254	0	-2.01E-05	4.57E-06	-4.43E-06	-1.55E-05
174	14	0	0	0	0	0	0	232	254	0	-2.01E-05	4.57E-06	-4.43E-06	-1.55E-05
174	15	0	0	0	0	0	0	232	254	0	-1.91E-05	5.92E-06	-5.48E-06	-1.54E-05
174	16	0	0	0	0	0	0	232	254	0	-1.91E-05	5.92E-06	-5.48E-06	-1.54E-05
174	17	0	0	0	0	0	0	232	254	0	-1.96E-05	6.30E-06	-3.00E-06	-1.41E-05
174	18	0	0	0	0	0	0	232	254	0	-1.97E-05	6.93E-06	-2.71E-06	-1.19E-05
174	19	0	0	0	0	0	0	232	254	0	-1.97E-05	6.93E-06	-2.71E-06	-1.19E-05
175	0	0	0	0	0	0	0	232	254	0	-1.98E-05	7.10E-06	-2.38E-06	-1.08E-05
175	1	0	0	0	0	0	0	232	254	0	-1.98E-05	7.10E-06	-2.38E-06	-1.08E-05
175	2	0	0	0	0	0	0	232	254	0	-1.96E-05	6.68E-06	-6.62E-06	-1.00E-05
175	3	0	0	0	0	0	0	232	254	0	-1.96E-05	6.68E-06	-6.62E-06	-1.00E-05
175	4	0	0	0	0	0	0	232	254	0	-1.96E-05	8.35E-06	-1.18E-05	-1.07E-05
175	5	0	0	0	0	0	0	232	254	0	-1.96E-05	8.35E-06	-1.18E-05	-1.07E-05
175	6	0	0	0	0	0	0	232	254	0	-1.97E-05	6.79E-06	-1.06E-05	-1.16E-05
175	7	0	0	0	0	0	0	232	254	0	-2.02E-05	4.90E-06	-1.90E-05	-1.17E-05
175	8	0	0	0	0	0	0	232	254	0	-2.02E-05	4.90E-06	-1.90E-05	-1.17E-05
175	9	0	0	0	0	0	0	232	254	0	-2.08E-05	3.32E-06	-1.73E-05	-1.23E-05
175	10	0	0	0	0	0	0	232	254	0	-2.08E-05	3.32E-06	-1.73E-05	-1.23E-05
175	11	0	0	0	0	0	0	232	254	0	-2.17E-05	5.58E-06	-4.43E-06	-1.27E-05
175	12	0	0	0	0	0	0	232	254	0	-2.17E-05	5.58E-06	-4.43E-06	-1.27E-05
175	13	0	0	0	0	0	0	232	254	0	-2.23E-05	7.75E-06	6.49E-06	-1.51E-05
175	14	0	0	0	0	0	0	232	254	0	-2.23E-05	7.75E-06	6.49E-06	-1.51E-05
175	15	0	0	0	0	0	0	232	254	0	-2.29E-05	6.70E-06	1.79E-05	-1.36E-05
175	16	0	0	0	0	0	0	232	254	0	-2.18E-05	5.26E-06	1.02E-05	-1.28E-05
175	17	0	0	0	0	0	0	232	254	0	-2.18E-05	5.26E-06	1.02E-05	-1.28E-05
175	18	0	0	0	0	0	0	232	254	0	-2.01E-05	3.80E-06	-1.36E-05	-1.30E-05
175	19	0	0	0	0	0	0	232	254	0	-2.01E-05	3.80E-06	-1.36E-05	-1.30E-05
176	0	0	0	0	0	0	0	232	254	0	-1.93E-05	5.87E-06	-3.16E-05	-1.26E-05
176	1	0	0	0	0	0	0	232	254	0	-1.93E-05	5.87E-06	-3.16E-05	-1.26E-05
176	2	0	0	0	0	0	0	232	254	0	-2.03E-05	8.08E-06	-3.20E-05	-1.28E-05
176	3	0	0	0	0	0	0	232	254	0	-2.03E-05	8.08E-06	-3.20E-05	-1.28E-05
176	4	0	0	0	0	0	0	232	254	0	-2.03E-05	8.95E-06	-2.62E-05	-1.41E-05
176	5	0	0	0	0	0	0	232	254	0	-2.01E-05	7.15E-06	-1.80E-05	-1.39E-05
176	6	0	0	0	0	0	0	232	254	0	-2.01E-05	7.15E-06	-1.80E-05	-1.39E-05
176	7	0	0	0	0	0	0	232	254	0	-1.93E-05	6.76E-06	-7.79E-06	-1.16E-05
176	8	0	0	0	0	0	0	232	254	0	-1.93E-05	6.76E-06	-7.79E-06	-1.16E-05
176	9	0	0	0	0	0	0	232	254	0	-2.02E-05	6.89E-06	1.80E-05	-9.20E-06
176	10	0	0	0	0	0	0	232	254	0	-2.02E-05	6.89E-06	1.80E-05	-9.20E-06
176	11	0	0	0	0	0	0	232	254	0	-1.95E-05	5.87E-06	4.27E-05	-4.40E-06
176	12	0	0	0	0	0	0	232	254	0	-1.95E-05	5.87E-06	4.27E-05	-4.40E-06
176	13	0	0	0	0	0	0	232	254	0	-1.86E-05	5.80E-06	2.74E-05	-1.88E-06
176	14	0	0	0	0	0	0	232	254	0	-2.04E-05	5.37E-06	2.24E-05	-4.87E-06
176	15	0	0	0	0	0	0	232	254	0	-2.04E-05	5.37E-06	2.24E-05	-4.87E-06
176	16	0	0	0	0	0	0	232	254	0	-1.95E-05	5.44E-06	5.10E-08	-9.27E-06
176	17	0	0	0	0	0	0	232	254	0	-1.95E-05	5.44E-06	5.10E-08	-9.27E-06
176	18	0	0	0	0	0	0	232	254	0	-1.93E-05	5.90E-06	-8.37E-06	-1.03E-05
176	19	0	0	0	0	0	0	232	254	0	-1.93E-05	5.90E-06	-8.37E-06	-1.03E-05
177	0	0	0	0	0	0	0	232	254	0	-2.13E-05	6.07E-06	7.90E-06	-8.92E-06
177	1	0	0	0	0	0	0	232	254	0	-2.13E-05	6.07E-06	7.90E-06	-8.92E-06
177	2	0	0	0	0	0	0	232	254	0	-2.11E-05	5.98E-06	3.00E-06	-9.16E-06
177	3	0	0	0	0	0	0	232	254	0	-2.20E-05	4.56E-06	-1.08E-05	-9.67E-06
177	4	0	0	0	0	0	0	232	254	0	-2.20E-05	4.56E-06	-1.08E-05	-9.67E-06
177	5	0	0	0	0	0	0	232	254	0	-2.14E-05	4.77E-06	-2.55E-05	-9.56E-06
177	6	0	0	0	0	0	0	232	254	0	-2.14E-05	4.77E-06	-2.55E-05	-9.56E-06
177	7	0	0	0	0	0	0	232	254	0	-1.91E-05	5.02E-06	-2.77E-05	-1.17E-05
177	8	0	0	0	0	0	0	232	254	0	-1.91E-05	5.02E-06	-2.77E-05	-1.17E-05
177	9	0	0	0	0	0	0	232	254	0	-1.98E-05	3.77E-06	-2.17E-05	-1.26E-05
177	10	0	0	0	0	0	0	232	254	0	-1.98E-05	3.77E-06	-2.17E-05	-1.26E-05
177	11	0	0	0	0	0	0	232	254	0	-2.08E-05	3.14E-06	-1.62E-05	-1.49E-05
177	12	0	0	0	0	0	0	232	254	0	-2.16E-05	3.04E-06	-1.34E-05	-1.59E-05
177	13	0	0	0	0	0	0	232	254	0	-2.16E-05	3.04E-06	-1.34E-05	-1.59E-05
177	14	0	0	0	0	0	0	232	254	0	-2.09E-05	4.29E-06	-9.92E-06	-1.58E-05
177	15	0	0	0	0	0	0	232	254	0	-2.09E-05	4.29E-06	-9.92E-06	-1.58E-05
177	16	0	0	0	0	0	0	232	254	0	-2.07E-05	4.87E-06	-6.41E-06	-1.60E-05
177	17	0	0	0	0	0	0	232	254	0	-2.07E-05	4.87E-06	-6.41E-06	-1.60E-05
177	18	0	0	0	0	0	0	232	254	0	-2.14E-05	4.70E-06	-6.14E-06	-1.35E-05
177	19	0	0	0	0	0	0	232	254	0	-2.14E-05	4.70E-06	-6.14E-06	-1.35E-05
178	0	0	0	0	0	0	0	232	254	0	-2.17E-05	3.16E-06	-2.36E-05	-1.09E-05
178	1	0	0	0	0	0	0	232	254	0	-2.18E-05	-6.58E-07	-3.13E-05	-1.08E-05
178	2	0	0	0	0	0	0	232	254	0	-2.18E-05	-6.58E-07	-3.13E-05	-1.08E-05
178	3	0	0	0	0	0	0	232	254	0	-2.29E-05	-3.95E-06	-3.13E-05	-9.77E-06
178	4	0	0	0	0	0	0	232	254	0	-2.29E-05	-3.95E-06	-3.13E-05	-9.77E-06
178	5	0	0	0	0	0	0	232	254	0	-2.26E-05	-5.61E-06	-2.90E-05	-6.65E-06
178	6	0	0	0	0	0	0	232	254	0	-2.26E-05	-5.61E-06	-2.90E-05	-6.65E-06
178	7	0	0	0	0	0	0	232	254	0	-2.36E-05	-5.93E-06	-3.13E-05	-5.81E-06
178	8	0	0	0	0	0	0	232	254	0	-2.36E-05	-5.93E-06	-3.13E-05	-5.81E-06
178	9	0	0	0	0	0	0	232	254	0	-2.50E-05	-4.64E-06	-2.87E-05	-9.96E-06
178	10	0	0	0	0	0	0	232	254	0	-2.51E-05	-8.95E-07	5.90E-07	-1.21E-05
178	11	0	0	0	0	0	0	232	254	0	-2.51E-05	-8.95E-07	5.90E-07	-1.21E-05
178	12	0	0	0	0	0	0	232	254	0	-2.58E-05	1.03E-06	1.34E-05	-1.03E-05
178	13	0	0	0	0	0	0	232	254	0	-2.58E-05	1.03E-06	1.34E-05	-1.03E-05
178	14	0	0	0	0	0	0	232	254	0	-2.53E-05	2.51E-06	1.31E-05	-1.04E-05
178	15	0	0	0	0	0	0	232	254	0	-2.53E-05	2.51E-06	1.31E-05	-1.04E-05
178	16	0	0	0	0	0	0	232	254	0	-2.49E-05	4.58E-06	1.42E-05	-1.39E-05
178	17	0	0	0	0	0	0	232	254	0	-2.49E-05	4.58E-06	1.42E-05	-1.39E-05
178	18	0	0	0	0	0	0	232	254	0	-2.42E-05	5.01E-06	-1.19E-05	-1.72E-05
178	19	0	0	0	0	0	0	232	254	0	-2.36E-05	5.94E-06	-1.84E-05	-1.42E-05
179	0	0	0	0	0	0	0	232	254	0	-2.36E-05	5.94E-06	-1.84E-05	-1.42E-05
179	1	0	0	0	0	0	0	232	254	0	-2.33E-05	6.75E-06	-6.54E-07	-1.44E-05
179	2	0	0	0	0	0	0	232	254	0	-2.33E-05	6.75E-06	-6.54E-07	-1.44E-05
179	3	0	0	0	0	0	0	232	254	0	-2.22E-05	9.62E-06	-5.80E-06	-1.75E-05
179	4	0	0	0	0	0	0	232	254	0	-2.22E-05	9.62E-06	-5.80E-06	-1.75E-05
179	5	0	0	0	0	0	0	232	254	0	-2.23E-05	1.35E-05	-1.19E-05	-1.84E-05
179	6	0	0	0	0	0	0	232	254	0	-2.23E-05	1.35E-05	-1.19E-05	-1.84E-05
179	7	0	0	0	0	0	0	232	254	0	-2.09E-05	1.56E-05	-7.84E-06	-1.66E-05
179	8	0	0	0	0	0	0	232	254	0	-2.04E-05	1.28E-05	-8.49E-06	-1.31E-05
179	9	0	0	0	0	0	0	232	254	0	-2.04E-05	1.28E-05	-8.49E-06	-1.31E-05
179	10	0	0	0	0	0	0	232	254	0	-2.07E-05	9.34E-06	-1.59E-05	-1.20E-05
179	11	0	0	0	0	0	0	232	254	0	-2.07E-05	9.34E-06	-1.59E-05	-1.20E-05
179	12	0	0	0	0	0	0	232	254	0	-1.93E-05	5.73E-06	-2.63E-05	-1.28E-05
179	13	0	0	0	0	0	0	232	254	0	-1.93E-05	5.73E-06	-2.63E-05	-1.28E-05
179	14	0	0	0	0	0	0	232	254	0	-1.94E-05	4.33E-06	-2.45E-05	-1.33E-05
179	15	0	0	0	0	0	0	232	254	0	-1.94E-05	4.33E-06	-2.45E-05	-1.33E-05
179	16	0	0	0	0	0	0	232	254	0	-2.03E-05	6.34E-07	-1.36E-05	-1.36E-05
179	17	0	0	0	0	0	0	232	254	0	-2.01E-05	-1.66E-06	-5.01E-06	-1.39E-05
179	18	0	0	0	0	0	0	232	254	0	-2.01E-05	-1.66E-06	-5.01E-06	-1.39E-05
179	19	0	0	0	0	0	0	232	254	0	-2.12E-05	-1.51E-06	-5.71E-06	-1.55E-05
180	0	0	0	0	0	0	0	232	254	0	-2.12E-05	-1.51E-06	-5.71E-06	-1.55E-05
180	1	0	0	0	0	0	0	232	254	0	-2.10E-05	-1.37E-06	-1.12E-05	-1.48E-05
180	2	0	0	0	0	0	0	232	254	0	-2.10E-05	-1.37E-06	-1.12E-05	-1.48E-05
180	3	0	0	0	0	0	0	232	254	0	-1.91E-05	-6.44E-07	-1.34E-05	-1.42E-05
180	4	0	0	0	0	0	0	232	254	0	-1.91E-05	-6.44E-07	-1.34E-05	-1.42E-05
180	5	0	0	0	0	0	0	232	254	0	-2.00E-05	-1.25E-06	-1.56E-05	-1.38E-05
180	6	0	0	0	0	0	0	232	254	0	-2.08E-05	9.20E-07	-1.75E-05	-1.41E-05
180	7	0	0	0	0	0	0	232	254	0	-2.08E-05	9.20E-07	-1.75E-05	-1.41E-05
180	8	0	0	0	0	0	0	232	254	0	-1.99E-05	4.32E-06	-1.65E-05	-1.28E-05
180	9	0	0	0	0	0	0	232	254	0	-1.99E-05	4.32E-06	-1.65E-05	-1.28E-05
180	10	0	0	0	0	0	0	232	254	0	-2.04E-05	3.02E-06	-2.01E-06	-1.21E-05
180	11	0	0	0	0	0	0	232	254	0	-2.04E-05	3.02E-06	-2.01E-06	-1.21E-05
180	12	0	0	0	0	0	0	232	254	0	-2.07E-05	3.28E-06	6.66E-06	-1.46E-05
180	13	0	0	0	0	0	0	232	254	0	-2.07E-05	3.28E-06	6.66E-06	-1.46E-05
180	14	0	0	0	0	0	0	232	254	0	-2.08E-05	4.77E-06	1.25E-06	-1.44E-05
180	15	0	0	0	0	0	0	232	254	0	-2.00E-05	3.78E-06	-5.28E-06	-1.38E-05
180	16	0	0	0	0	0	0	232	254	0	-2.00E-05	3.78E-06	-5.28E-06	-1.38E-05
180	17	0	0	0	0	0	0	232	254	0	-2.03E-05	1.34E-06	-1.05E-05	-1.29E-05
180	18	0	0	0	0	0	0	232	254	0	-2.03E-05	1.34E-06	-1.05E-05	-1.29E-05
180	19	0	0	0	0	0	0	232	254	0	-2.05E-05	2.42E-06	-1.40E-05	-1.24E-05
181	0	0	0	0	0	0	0	232	254	0	-2.05E-05	2.42E-06	-1.40E-05	-1.24E-05
181	1	0	0	0	0	0	0	232	254	0	-2.16E-05	2.57E-06	-1.17E-05	-1.12E-05
181	2	0	0	0	0	0	0	232	254	0	-2.16E-05	2.57E-06	-1.17E-05	-1.12E-05
181	3	0	0	0	0	0	0	232	254	0	-2.15E-05	1.17E-06	-9.39E-06	-1.04E-05
181	4	0	0	0	0	0	0	232	254	0	-2.24E-05	3.07E-06	-1.82E-05	-9.16E-06
181	5	0	0	0	0	0	0	232	254	0	-2.24E-05	3.07E-06	-1.82E-05	-9.16E-06
181	6	0	0	0	0	0	0	232	254	0	-2.18E-05	2.44E-06	-2.62E-05	-9.22E-06
181	7	0	0	0	0	0	0	232	254	0	-2.18E-05	2.44E-06	-2.62E-05	-9.22E-06
181	8	0	0	0	0	0	0	232	254	0	-2.09E-05	3.09E-06	-1.58E-05	-1.23E-05
181	9	0	0	0	0	0	0	232	254	0	-2.09E-05	3.09E-06	-1.58E-05	-1.23E-05
181	10	0	0	0	0	0	0	232	254	0	-2.20E-05	3.43E-06	-8.30E-06	-1.23E-05
181	11	0	0	0	0	0	0	232	254	0	-2.20E-05	3.43E-06	-8.30E-06	-1.23E-05
181	12	0	0	0	0	0	0	232	254	0	-2.36E-05	2.67E-06	-1.45E-05	-1.03E-05
181	13	0	0	0	0	0	0	232	254	0	-2.25E-05	1.93E-06	-2.45E-05	-1.09E-05
181	14	0	0	0	0	0	0	232	254	0	-2.25E-05	1.93E-06	-2.45E-05	-1.09E-05
181	15	0	0	0	0	0	0	232	254	0	-2.30E-05	4.70E-06	-2.60E-05	-1.26E-05
181	16	0	0	0	0	0	0	232	254	0	-2.30E-05	4.70E-06	-2.60E-05	-1.26E-05
181	17	0	0	0	0	0	0	232	254	0	-2.07E-05	5.80E-06	-2.31E-05	-1.29E-05
181	18	0	0	0	0	0	0	232	254	0	-2.07E-05	5.80E-06	-2.31E-05	-1.29E-05
181	19	0	0	0	0	0	0	232	254	0	-1.96E-05	6.45E-06	-1.42E-05	-1.26E-05
182	0	0	0	0	0	0	0	232	254	0	-1.96E-05	6.45E-06	-1.42E-05	-1.26E-05
182	1	0	0	0	0	0	0	232	254	0	-2.16E-05	7.21E-06	3.61E-06	-1.23E-05
182	2	0	0	0	0	0	0	232	254	0	-2.12E-05	9.33E-06	2.92E-05	-1.12E-05
182	3	0	0	0	0	0	0	232	254	0	-2.12E-05	9.33E-06	2.92E-05	-1.12E-05
182	4	0	0	0	0	0	0	232	254	0	-2.07E-05	9.72E-06	3.56E-05	-1.09E-05
182	5	0	0	0	0	0	0	232	254	0	-2.07E-05	9.72E-06	3.56E-05	-1.09E-05
182	6	0	0	0	0	0	0	232	254	0	-2.12E-05	8.44E-06	2.69E-05	-1.09E-05
182	7	0	0	0	0	0	0	232	254	0	-2.12E-05	8.44E-06	2.69E-05	-1.09E-05
182	8	0	0	0	0	0	0	232	254	0	-2.05E-05	7.79E-06	1.28E-05	-1.11E-05
182	9	0	0	0	0	0	0	232	254	0	-2.05E-05	7.79E-06	1.28E-05	-1.11E-05
182	10	0	0	0	0	0	0	232	254	0	-2.01E-05	8.18E-06	-6.60E-06	-1.22E-05
182	11	0	0	0	0	0	0	232	254	0	-1.92E-05	7.87E-06	-5.52E-06	-1.19E-05
182	12	0	0	0	0	0	0	232	254	0	-1.92E-05	7.87E-06	-5.52E-06	-1.19E-05
182	13	0	0	0	0	0	0	232	254	0	-1.94E-05	7.65E-06	-1.13E-05	-1.03E-05
182	14	0	0	0	0	0	0	232	254	0	-1.94E-05	7.65E-06	-1.13E-05	-1.03E-05
182	15	0	0	0	0	0	0	232	254	0	-1.81E-05	6.84E-06	-2.25E-05	-8.51E-06
182	16	0	0	0	0	0	0	232	254	0	-1.81E-05	6.84E-06	-2.25E-05	-8.51E-06
182	17	0	0	0	0	0	0	232	254	0	-1.88E-05	4.58E-06	-2.77E-05	-8.34E-06
182	18	0	0	0	0	0	0	232	254	0	-1.88E-05	4.58E-06	-2.77E-05	-8.34E-06
182	19	0	0	0	0	0	0	232	254	0	-1.99E-05	4.73E-06	-2.43E-05	-9.60E-06
183	0	0	0	0	0	0	0	232	254	0	-2.05E-05	4.00E-06	-7.20E-06	-1.30E-05
183	1	0	0	0	0	0	0	232	254	0	-2.05E-05	4.00E-06	-7.20E-06	-1.30E-05
183	2	0	0	0	0	0	0	232	254	0	-1.95E-05	4.63E-06	-2.76E-06	-1.37E-05
183	3	0	0	0	0	0	0	232	254	0	-1.95E-05	4.63E-06	-2.76E-06	-1.37E-05
183	4	0	0	0	0	0	0	232	254	0	-2.10E-05	3.28E-06	-1.56E-05	-1.49E-05
183	5	0	0	0	0	0	0	232	254	0	-2.10E-05	3.28E-06	-1.56E-05	-1.49E-05
183	6	0	0	0	0	0	0	232	254	0	-2.10E-05	4.23E-06	-1.97E-05	-1.83E-05
183	7	0	0	0	0	0	0	232	254	0	-2.10E-05	4.23E-06	-1.97E-05	-1.83E-05
183	8	0	0	0	0	0	0	232	254	0	-2.00E-05	6.57E-06	-7.19E-06	-1.71E-05
183	9	0	0	0	0	0	0	232	254	0	-2.06E-05	6.76E-06	-3.88E-06	-1.37E-05
183	10	0	0	0	0	0	0	232	254	0	-2.06E-05	6.76E-06	-3.88E-06	-1.37E-05
183	11	0	0	0	0	0	0	232	254	0	-2.17E-05	7.12E-06	-8.72E-06	-1.22E-05
183	12	0	0	0	0	0	0	232	254	0	-2.17E-05	7.12E-06	-8.72E-06	-1.22E-05
183	13	0	0	0	0	0	0	232	254	0	-2.41E-05	7.37E-06	1.75E-06	-9.61E-06
183	14	0	0	0	0	0	0	232	254	0	-2.41E-05	7.37E-06	1.75E-06	-9.61E-06
183	15	0	0	0	0	0	0	232	254	0	-2.32E-05	5.98E-06	6.92E-06	-1.04E-05
183	16	0	0	0	0	0	0	232	254	0	-2.32E-05	5.98E-06	6.92E-06	-1.04E-05
183	17	0	0	0	0	0	0	232	254	0	-2.24E-05	4.49E-06	-1.81E-06	-1.31E-05
183	18	0	0	0	0	0	0	232	254	0	-2.29E-05	4.15E-06	1.27E-08	-1.24E-05
183	19	0	0	0	0	0	0	232	254	0	-2.29E-05	4.15E-06	1.27E-08	-1.24E-05
184	0	0	0	0	0	0	0	232	254	0	-2.24E-05	3.72E-06	-6.27E-06	-1.38E-05
184	1	0	0	0	0	0	0	232	254	0	-2.24E-05	3.72E-06	-6.27E-06	-1.38E-05
184	2	0	0	0	0	0	0	232	254	0	-2.06E-05	2.74E-06	-2.76E-05	-1.55E-05
184	3	0	0	0	0	0	0	232	254	0	-2.06E-05	2.74E-06	-2.76E-05	-1.55E-05
184	4	0	0	0	0	0	0	232	254	0	-2.05E-05	1.97E-06	-3.30E-05	-1.68E-05
184	5	0	0	0	0	0	0	232	254	0	-2.05E-05	1.97E-06	-3.30E-05	-1.68E-05
184	6	0	0	0	0	0	0	232	254	0	-2.14E-05	1.89E-06	-1.91E-05	-1.44E-05
184	7	0	0	0	0	0	0	232	254	0	-2.15E-05	3.38E-06	-1.42E-05	-1.15E-05
184	8	0	0	0	0	0	0	232	254	0	-2.15E-05	3.38E-06	-1.42E-05	-1.15E-05
184	9	0	0	0	0	0	0	232	254	0	-2.06E-05	4.65E-06	-1.96E-05	-1.34E-05
184	10	0	0	0	0	0	0	232	254	0	-2.06E-05	4.65E-06	-1.96E-05	-1.34E-05
184	11	0	0	0	0	0	0	232	254	0	-2.04E-05	5.39E-06	-3.02E-05	-1.45E-05
184	12	0	0	0	0	0	0	232	254	0	-2.04E-05	5.39E-06	-3.02E-05	-1.45E-05
184	13	0	0	0	0	0	0	232	254	0	-2.11E-05	5.38E-06	-3.26E-05	-1.36E-05
184	14	0	0	0	0	0	0	232	254	0	-2.11E-05	5.38E-06	-3.26E-05	-1.36E-05
184	15	0	0	0	0	0	0	232	254	0	-2.15E-05	4.29E-06	-2.48E-05	-1.02E-05
184	16	0	0	0	0	0	0	232	254	0	-2.14E-05	4.14E-06	-9.88E-06	-1.08E-05
184	17	0	0	0	0	0	0	232	254	0	-2.14E-05	4.14E-06	-9.88E-06	-1.08E-05
184	18	0	0	0	0	0	0	232	254	0	-2.02E-05	5.92E-06	1.10E-05	-1.38E-05
184	19	0	0	0	0	0	0	232	254	0	-2.02E-05	5.92E-06	1.10E-05	-1.38E-05
185	0	0	0	0	0	0	0	232	254	0	-1.79E-05	6.30E-06	2.31E-05	-1.31E-05
185	1	0	0	0	0	0	0	232	254	0	-1.79E-05	6.30E-06	2.31E-05	-1.31E-05
185	2	0	0	0	0	0	0	232	254	0	-1.83E-05	6.88E-06	1.46E-05	-1.23E-05
185	3	0	0	0	0	0	0	232	254	0	-1.83E-05	6.88E-06	1.46E-05	-1.23E-05
185	4	0	0	0	0	0	0	232	254	0	-1.82E-05	6.98E-06	-4.73E-06	-1.47E-05
185	5	0	0	0	0	0	0	232	254	0	-1.78E-05	7.60E-06	-1.06E-05	-1.62E-05
185	6	0	0	0	0	0	0	232	254	0	-1.78E-05	7.60E-06	-1.06E-05	-1.62E-05
185	7	0	0	0	0	0	0	232	254	0	-1.81E-05	7.51E-06	-1.47E-05	-1.54E-05
185	8	0	0	0	0	0	0	232	254	0	-1.81E-05	7.51E-06	-1.47E-05	-1.54E-05
185	9	0	0	0	0	0	0	232	254	0	-2.00E-05	5.02E-06	-1.86E-05	-1.36E-05
185	10	0	0	0	0	0	0	232	254	0	-2.00E-05	5.02E-06	-1.86E-05	-1.36E-05
185	11	0	0	0	0	0	0	232	254	0	-2.03E-05	3.67E-06	-1.32E-05	-1.18E-05
185	12	0	0	0	0	0	0	232	254	0	-2.03E-05	3.67E-06	-1.32E-05	-1.18E-05
185	13	0	0	0	0	0	0	232	254	0	-1.92E-05	2.26E-06	-6.03E-06	-9.02E-06
185	14	0	0	0	0	0	0	232	254	0	-1.92E-05	7.42E-07	-2.95E-06	-7.60E-06
185	15	0	0	0	0	0	0	232	254	0	-1.92E-05	7.42E-07	-2.95E-06	-7.60E-06
185	16	0	0	0	0	0	0	232	254	0	-1.87E-05	1.13E-06	-4.46E-06	-7.26E-06
185	17	0	0	0	0	0	0	232	254	0	-1.87E-05	1.13E-06	-4.46E-06	-7.26E-06
185	18	0	0	0	0	0	0	232	254	0	-1.94E-05	7.46E-07	-9.96E-06	-9.85E-06
185	19	0	0	0	0	0	0	232	254	0	-1.94E-05	7.46E-07	-9.96E-06	-9.85E-06
186	0	0	0	0	0	0	0	232	254	0	-2.04E-05	3.55E-07	-9.42E-06	-1.18E-05
186	1	0	0	0	0	0	0	232	254	0	-2.04E-05	3.55E-07	-9.42E-06	-1.18E-05
186	2	0	0	0	0	0	0	232	254	0	-2.07E-05	1.46E-06	-1.79E-05	-1.37E-05
186	3	0	0	0	0	0	0	232	254	0	-2.11E-05	1.03E-06	-2.61E-05	-1.60E-05
186	4	0	0	0	0	0	0	232	254	0	-2.11E-05	1.03E-06	-2.61E-05	-1.60E-05
186	5	0	0	0	0	0	0	232	254	0	-2.18E-05	4.96E-07	-3.13E-05	-1.38E-05
186	6	0	0	0	0	0	0	232	254	0	-2.18E-05	4.96E-07	-3.13E-05	-1.38E-05
186	7	0	0	0	0	0	0	232	254	0	-2.28E-05	2.47E-06	-8.48E-06	-1.06E-05
186	8	0	0	0	0	0	0	232	254	0	-2.28E-05	2.47E-06	-8.48E-06	-1.06E-05
186	9	0	0	0	0	0	0	232	254	0	-2.36E-05	2.04E-06	2.36E-05	-1.10E-05
186	10	0	0	0	0	0	0	232	254	0	-2.36E-05	2.04E-06	2.36E-05	-1.10E-05
186	11	0	0	0	0	0	0	232	254	0	-2.42E-05	1.55E-06	9.63E-06	-1.14E-05
186	12	0	0	0	0	0	0	232	254	0	-2.35E-05	4.09E-06	-1.89E-05	-1.25E-05
186	13	0	0	0	0	0	0	232	254	0	-2.35E-05	4.09E-06	-1.89E-05	-1.25E-05
186	14	0	0	0	0	0	0	232	254	0	-2.27E-05	5.77E-06	-2.32E-05	-1.33E-05
186	15	0	0	0	0	0	0	232	254	0	-2.27E-05	5.77E-06	-2.32E-05	-1.33E-05
186	16	0	0	0	0	0	0	232	254	0	-2.28E-05	7.40E-06	-1.45E-05	-1.49E-05
186	17	0	0	0	0	0	0	232	254	0	-2.28E-05	7.40E-06	-1.45E-05	-1.49E-05
186	18	0	0	0	0	0	0	232	254	0	-2.26E-05	8.37E-06	-1.08E-05	-1.66E-05
186	19	0	0	0	0	0	0	232	254	0	-2.26E-05	8.37E-06	-1.08E-05	-1.66E-05
187	0	0	0	0	0	0	0	232	254	0	-2.26E-05	7.26E-06	-1.44E-05	-1.51E-05
187	1	0	0	0	0	0	0	232	254	0	-2.01E-05	7.76E-06	-2.01E-05	-1.39E-05
187	2	0	0	0	0	0	0	232	254	0	-2.01E-05	7.76E-06	-2.01E-05	-1.39E-05
187	3	0	0	0	0	0	0	232	254	0	-1.88E-05	8.97E-06	-8.04E-06	-1.25E-05
187	4	0	0	0	0	0	0	232	254	0	-1.88E-05	8.97E-06	-8.04E-06	-1.25E-05
187	5	0	0	0	0	0	0	232	254	0	-2.00E-05	8.35E-06	1.83E-05	-1.22E-05
187	6	0	0	0	0	0	0	232	254	0	-2.00E-05	8.35E-06	1.83E-05	-1.22E-05
187	7	0	0	0	0	0	0	232	254	0	-2.25E-05	7.73E-06	1.83E-05	-1.36E-05
187	8	0	0	0	0	0	0	232	254	0	-2.25E-05	7.73E-06	1.83E-05	-1.36E-05
187	9	0	0	0	0	0	0	232	254	0	-2.33E-05	5.64E-06	3.23E-06	-1.36E-05
187	10	0	0	0	0	0	0	232	254	0	-2.30E-05	5.34E-06	-8.12E-06	-1.36E-05
187	11	0	0	0	0	0	0	232	254	0	-2.30E-05	5.34E-06	-8.12E-06	-1.36E-05
187	12	0	0	0	0	0	0	232	254	0	-2.28E-05	6.14E-06	-1.58E-05	-1.27E-05
187	13	0	0	0	0	0	0	232	254	0	-2.28E-05	6.14E-06	-1.58E-05	-1.27E-05
187	14	0	0	0	0	0	0	232	254	0	-2.16E-05	5.68E-06	-1.57E-05	-1.10E-05
187	15	0	0	0	0	0	0	232	254	0	-2.16E-05	5.68E-06	-1.57E-05	-1.10E-05
187	16	0	0	0	0	0	0	232	254	0	-2.12E-05	5.54E-06	-1.17E-05	-9.28E-06
187	17	0	0	0	0	0	0	232	254	0	-2.12E-05	5.54E-06	-1.17E-05	-9.28E-06
187	18	0	0	0	0	0	0	232	254	0	-2.14E-05	5.68E-06	-7.48E-06	-9.50E-06
187	19	0	0	0	0	0	0	232	254	0	-2.13E-05	6.41E-06	-2.76E-06	-9.09E-06
188	0	0	0	0	0	0	0	232	254	0	-2.13E-05	6.41E-06	-2.76E-06	-9.09E-06
188	1	0	0	0	0	0	0	232	254	0	-1.90E-05	5.30E-06	-2.65E-06	-9.37E-06
188	2	0	0	0	0	0	0	232	254	0	-1.90E-05	5.30E-06	-2.65E-06	-9.37E-06
188	3	0	0	0	0	0	0	232	254	0	-1.93E-05	3.46E-06	-5.68E-06	-1.05E-05
188	4	0	0	0	0	0	0	232	254	0	-1.93E-05	3.46E-06	-5.68E-06	-1.05E-05
188	5	0	0	0	0	0	0	232	254	0	-2.17E-05	7.96E-07	-6.50E-06	-1.21E-05
188	6	0	0	0	0	0	0	232	254	0	-2.17E-05	7.96E-07	-6.50E-06	-1.21E-05
188	7	0	0	0	0	0	0	232	254	0	-2.19E-05	-5.97E-07	-6.80E-06	-1.31E-05
188	8	0	0	0	0	0	0	232	254	0	-2.16E-05	-9.64E-07	-1.08E-05	-1.39E-05
188	9	0	0	0	0	0	0	232	254	0	-2.16E-05	-9.64E-07	-1.08E-05	-1.39E-05
188	10	0	0	0	0	0	0	232	254	0	-2.09E-05	3.36E-07	-1.31E-05	-1.23E-05
188	11	0	0	0	0	0	0	232	254	0	-2.09E-05	3.36E-07	-1.31E-05	-1.23E-05
188	12	0	0	0	0	0	0	232	254	0	-2.05E-05	3.36E-07	-1.44E-05	-1.04E-05
188	13	0	0	0	0	0	0	232	254	0	-2.05E-05	3.36E-07	-1.44E-05	-1.04E-05
188	14	0	0	0	0	0	0	232	254	0	-1.96E-05	4.06E-07	-1.43E-05	-1.19E-05
188	15	0	0	0	0	0	0	232	254	0	-1.96E-05	4.06E-07	-1.43E-05	-1.19E-05
188	16	0	0	0	0	0	0	232	254	0	-1.97E-05	1.05E-06	-1.06E-05	-1.35E-05
188	17	0	0	0	0	0	0	232	254	0	-1.99E-05	2.51E-06	-1.29E-05	-1.23E-05
188	18	0	0	0	0	0	0	232	254	0	-1.99E-05	2.51E-06	-1.29E-05	-1.23E-05
188	19	0	0	0	0	0	0	232	254	0	-1.94E-05	3.67E-06	-1.46E-05	-1.07E-05
189	0	0	0	0	0	0	0	232	254	0	-1.94E-05	3.67E-06	-1.46E-05	-1.07E-05
189	1	0	0	0	0	0	0	232	254	0	-1.95E-05	4.72E-06	-1.31E-05	-1.15E-05
189	2	0	0	0	0	0	0	232	254	0	-1.95E-05	4.72E-06	-1.31E-05	-1.15E-05
189	3	0	0	0	0	0	0	232	254	0	-2.07E-05	6.06E-06	-1.79E-05	-1.15E-05
189	4	0	0	0	0	0	0	232	254	0	-2.07E-05	6.06E-06	-1.79E-05	-1.15E-05
189	5	0	0	0	0	0	0	232	254	0	-2.11E-05	7.26E-06	-2.09E-05	-1.24E-05
189	6	0	0	0	0	0	0	232	254	0	-2.17E-05	7.65E-06	-1.03E-05	-1.01E-05
189	7	0	0	0	0	0	0	232	254	0	-2.17E-05	7.65E-06	-1.03E-05	-1.01E-05
189	8	0	0	0	0	0	0	232	254	0	-2.10E-05	8.44E-06	1.42E-05	-9.70E-06
189	9	0	0	0	0	0	0	232	254	0	-2.10E-05	8.44E-06	1.42E-05	-9.70E-06
189	10	0	0	0	0	0	0	232	254	0	-2.13E-05	9.90E-06	1.24E-05	-1.38E-05
189	11	0	0	0	0	0	0	232	254	0	-2.13E-05	9.90E-06	1.24E-05	-1.38E-05
189	12	0	0	0	0	0	0	232	254	0	-2.11E-05	1.09E-05	-8.11E-06	-1.48E-05
189	13	0	0	0	0	0	0	232	254	0	-2.11E-05	1.09E-05	-8.11E-06	-1.48E-05
189	14	0	0	0	0	0	0	232	254	0	-2.06E-05	1.07E-05	-1.28E-05	-1.37E-05
189	15	0	0	0	0	0	0	232	254	0	-2.01E-05	8.19E-06	-7.76E-06	-1.42E-05
189	16	0	0	0	0	0	0	232	254	0	-2.01E-05	8.19E-06	-7.76E-06	-1.42E-05
189	17	0	0	0	0	0	0	232	254	0	-2.07E-05	5.59E-06	-1.02E-05	-1.41E-05
189	18	0	0	0	0	0	0	232	254	0	-2.07E-05	5.59E-06	-1.02E-05	-1.41E-05
189	19	0	0	0	0	0	0	232	254	0	-2.12E-05	3.63E-06	-1.36E-05	-1.51E-05
190	0	0	0	0	0	0	0	232	254	0	-2.12E-05	3.63E-06	-1.36E-05	-1.51E-05
190	1	0	0	0	0	0	0	232	254	0	-2.02E-05	2.56E-06	1.07E-05	-1.38E-05
190	2	0	0	0	0	0	0	232	254	0	-2.02E-05	2.56E-06	1.07E-05	-1.38E-05
190	3	0	0	0	0	0	0	232	254	0	-1.97E-05	4.91E-06	3.02E-05	-1.10E-05
190	4	0	0	0	0	0	0	232	254	0	-2.05E-05	4.83E-06	-6.82E-07	-1.05E-05
190	5	0	0	0	0	0	0	232	254	0	-2.05E-05	4.83E-06	-6.82E-07	-1.05E-05
190	6	0	0	0	0	0	0	232	254	0	-2.13E-05	2.10E-06	-4.70E-05	-1.02E-05
190	7	0	0	0	0	0	0	232	254	0	-2.13E-05	2.10E-06	-4.70E-05	-1.02E-05
190	8	0	0	0	0	0	0	232	254	0	-2.09E-05	-5.74E-07	-6.63E-05	-1.01E-05
190	9	0	0	0	0	0	0	232	254	0	-2.09E-05	-5.74E-07	-6.63E-05	-1.01E-05
190	10	0	0	0	0	0	0	232	254	0	-2.02E-05	-8.90E-07	-3.26E-05	-1.05E-05
190	11	0	0	0	0	0	0	232	254	0	-2.02E-05	-8.90E-07	-3.26E-05	-1.05E-05
190	12	0	0	0	0	0	0	232	254	0	-1.97E-05	-3.77E-09	7.12E-06	-1.24E-05
190	13	0	0	0	0	0	0	232	254	0	-2.01E-05	1.26E-06	7.34E-06	-1.35E-05
190	14	0	0	0	0	0	0	232	254	0	-2.01E-05	1.26E-06	7.34E-06	-1.35E-05
190	15	0	0	0	0	0	0	232	254	0	-2.12E-05	2.97E-06	1.19E-05	-1.25E-05
190	16	0	0	0	0	0	0	232	254	0	-2.12E-05	2.97E-06	1.19E-05	-1.25E-05
190	17	0	0	0	0	0	0	232	254	0	-2.14E-05	3.76E-06	6.81E-06	-1.25E-05
190	18	0	0	0	0	0	0	232	254	0	-2.14E-05	3.76E-06	6.81E-06	-1.25E-05
190	19	0	0	0	0	0	0	232	254	0	-2.09E-05	4.22E-06	-1.30E-05	-1.39E-05
191	0	0	0	0	0	0	0	232	254	0	-2.09E-05	4.22E-06	-1.30E-05	-1.39E-05
191	1	0	0	0	0	0	0	232	254	0	-2.03E-05	4.48E-06	-1.74E-05	-1.48E-05
191	2	0	0	0	0	0	0	232	254	0	-2.04E-05	5.18E-06	-1.48E-05	-1.38E-05
191	3	0	0	0	0	0	0	232	254	0	-2.04E-05	5.18E-06	-1.48E-05	-1.38E-05
191	4	0	0	0	0	0	0	232	254	0	-2.11E-05	5.01E-06	-4.65E-06	-1.42E-05
191	5	0	0	0	0	0	0	232	254	0	-2.11E-05	5.01E-06	-4.65E-06	-1.42E-05
191	6	0	0	0	0	0	0	232	254	0	-2.13E-05	5.20E-06	1.83E-07	-1.36E-05
191	7	0	0	0	0	0	0	232	254	0	-2.13E-05	5.20E-06	1.83E-07	-1.36E-05
191	8	0	0	0	0	0	0	232	254	0	-2.22E-05	7.59E-06	-5.74E-06	-1.23E-05
191	9	0	0	0	0	0	0	232	254	0	-2.22E-05	7.59E-06	-5.74E-06	-1.23E-05
191	10	0	0	0	0	0	0	232	254	0	-2.26E-05	1.00E-05	-1.81E-05	-1.18E-05
191	11	0	0	0	0	0	0	232	254	0	-2.39E-05	1.06E-05	-2.33E-05	-1.42E-05
191	12	0	0	0	0	0	0	232	254	0	-2.39E-05	1.06E-05	-2.33E-05	-1.42E-05
191	13	0	0	0	0	0	0	232	254	0	-2.32E-05	7.95E-06	-2.47E-05	-1.35E-05
191	14	0	0	0	0	0	0	232	254	0	-2.32E-05	7.95E-06	-2.47E-05	-1.35E-05
191	15	0	0	0	0	0	0	232	254	0	-2.32E-05	5.02E-06	-1.93E-05	-1.27E-05
191	16	0	0	0	0	0	0	232	254	0	-2.32E-05	5.02E-06	-1.93E-05	-1.27E-05
191	17	0	0	0	0	0	0	232	254	0	-2.26E-05	3.91E-06	-6.09E-06	-1.37E-05
191	18	0	0	0	0	0	0	232	254	0	-2.26E-05	3.91E-06	-6.09E-06	-1.37E-05
191	19	0	0	0	0	0	0	232	254	0	-2.23E-05	4.15E-06	1.26E-05	-1.43E-05
192	0	0	0	0	0	0	0	232	254	0	-2.22E-05	3.79E-06	1.23E-05	-1.23E-05
192	1	0	0	0	0	0	0	232	254	0	-2.22E-05	3.79E-06	1.23E-05	-1.23E-05
192	2	0	0	0	0	0	0	232	254	0	-2.13E-05	3.47E-06	-3.12E-06	-1.05E-05
192	3	0	0	0	0	0	0	232	254	0	-2.13E-05	3.47E-06	-3.12E-06	-1.05E-05
192	4	0	0	0	0	0	0	232	254	0	-1.90E-05	4.48E-06	-1.78E-05	-9.76E-06
192	5	0	0	0	0	0	0	232	254	0	-1.90E-05	4.48E-06	-1.78E-05	-9.76E-06
192	6	0	0	0	0	0	0	232	254	0	-1.91E-05	6.30E-06	-1.94E-05	-9.95E-06
192	7	0	0	0	0	0	0	232	254	0	-1.91E-05	6.30E-06	-1.94E-05	-9.95E-06
192	8	0	0	0	0	0	0	232	254	0	-2.00E-05	6.93E-06	-1.86E-06	-1.01E-05
192	9	0	0	0	0	0	0	232	254	0	-2.03E-05	7.17E-06	-1.38E-06	-9.76E-06
192	10	0	0	0	0	0	0	232	254	0	-2.03E-05	7.17E-06	-1.38E-06	-9.76E-06
192	11	0	0	0	0	0	0	232	254	0	-2.04E-05	6.81E-06	-1.81E-05	-1.13E-05
192	12	0	0	0	0	0	0	232	254	0	-2.04E-05	6.81E-06	-1.81E-05	-1.13E-05
192	13	0	0	0	0	0	0	232	254	0	-2.11E-05	6.24E-06	-2.25E-05	-1.41E-05
192	14	0	0	0	0	0	0	232	254	0	-2.11E-05	6.24E-06	-2.25E-05	-1.41E-05
192	15	0	0	0	0	0	0	232	254	0	-2.15E-05	5.25E-06	-1.02E-05	-1.68E-05
192	16	0	0	0	0	0	0	232	254	0	-2.15E-05	5.25E-06	-1.02E-05	-1.68E-05
192	17	0	0	0	0	0	0	232	254	0	-2.07E-05	4.41E-06	5.64E-06	-1.57E-05
192	18	0	0	0	0	0	0	232	254	0	-2.02E-05	3.69E-06	-9.30E-06	-1.40E-05
192	19	0	0	0	0	0	0	232	254	0	-2.02E-05	3.69E-06	-9.30E-06	-1.40E-05
193	0	0	0	0	0	0	0	232	254	0	-1.97E-05	3.43E-06	-1.59E-05	-1.25E-05
193	1	0	0	0	0	0	0	232	254	0	-1.97E-05	3.43E-06	-1.59E-05	-1.25E-05
193	2	0	0	0	0	0	0	232	254	0	-1.89E-05	1.85E-06	-1.39E-05	-1.32E-05
193	3	0	0	0	0	0	0	232	254	0	-1.89E-05	1.85E-06	-1.39E-05	-1.32E-05
193	4	0	0	0	0	0	0	232	254	0	-1.86E-05	2.27E-06	-4.32E-06	-1.52E-05
193	5	0	0	0	0	0	0	232	254	0	-1.86E-05	2.27E-06	-4.32E-06	-1.52E-05
193	6	0	0	0	0	0	0	232	254	0	-1.85E-05	4.91E-06	-4.03E-06	-1.70E-05
193	7	0	0	0	0	0	0	232	254	0	-1.97E-05	5.02E-06	-1.03E-05	-1.77E-05
193	8	0	0	0	0	0	0	232	254	0	-1.97E-05	5.02E-06	-1.03E-05	-1.77E-05
193	9	0	0	0	0	0	0	232	254	0	-2.01E-05	3.93E-06	-1.16E-05	-1.81E-05
193	10	0	0	0	0	0	0	232	254	0	-2.01E-05	3.93E-06	-1.16E-05	-1.81E-05
193	11	0	0	0	0	0	0	232	254	0	-2.07E-05	4.48E-06	-1.54E-05	-1.54E-05
193	12	0	0	0	0	0	0	232	254	0	-2.07E-05	4.48E-06	-1.54E-05	-1.54E-05
193	13	0	0	0	0	0	0	232	254	0	-2.05E-05	5.02E-06	-1.44E-05	-1.06E-05
193	14	0	0	0	0	0	0	232	254	0	-2.05E-05	5.02E-06	-1.44E-05	-1.06E-05
193	15	0	0	0	0	0	0	232	254	0	-2.15E-05	3.86E-06	-1.37E-05	-8.18E-06
193	16	0	0	0	0	0	0	232	254	0	-2.04E-05	3.91E-06	-1.16E-05	-7.28E-06
193	17	0	0	0	0	0	0	232	254	0	-2.04E-05	3.91E-06	-1.16E-05	-7.28E-06
193	18	0	0	0	0	0	0	232	254	0	-2.01E-05	3.73E-06	-5.59E-06	-1.06E-05
193	19	0	0	0	0	0	0	232	254	0	-2.01E-05	3.73E-06	-5.59E-06	-1.06E-05
194	0	0	0	0	0	0	0	232	254	0	-2.06E-05	6.98E-07	-6.09E-06	-1.57E-05
194	1	0	0	0	0	0	0	232	254	0	-2.06E-05	6.98E-07	-6.09E-06	-1.57E-05
194	2	0	0	0	0	0	0	232	254	0	-1.97E-05	-7.39E-08	-6.66E-06	-1.59E-05
194	3	0	0	0	0	0	0	232	254	0	-1.97E-05	-7.39E-08	-6.66E-06	-1.59E-05
194	4	0	0	0	0	0	0	232	254	0	-2.06E-05	5.97E-07	-2.82E-06	-1.56E-05
194	5	0	0	0	0	0	0	232	254	0	-2.24E-05	1.22E-06	-6.55E-06	-1.38E-05
194	6	0	0	0	0	0	0	232	254	0	-2.24E-05	1.22E-06	-6.55E-06	-1.38E-05
194	7	0	0	0	0	0	0	232	254	0	-2.23E-05	1.75E-06	-4.81E-06	-1.10E-05
194	8	0	0	0	0	0	0	232	254	0	-2.23E-05	1.75E-06	-4.81E-06	-1.10E-05
194	9	0	0	0	0	0	0	232	254	0	-2.42E-05	3.45E-06	-1.53E-06	-1.22E-05
194	10	0	0	0	0	0	0	232	254	0	-2.42E-05	3.45E-06	-1.53E-06	-1.22E-05
194	11	0	0	0	0	0	0	232	254	0	-2.33E-05	5.11E-06	-9.44E-06	-1.49E-05
194	12	0	0	0	0	0	0	232	254	0	-2.33E-05	5.11E-06	-9.44E-06	-1.49E-05
194	13	0	0	0	0	0	0	232	254	0	-2.23E-05	5.35E-06	-1.27E-05	-1.19E-05
194	14	0	0	0	0	0	0	232	254	0	-2.24E-05	4.10E-06	-1.21E-05	-9.72E-06
194	15	0	0	0	0	0	0	232	254	0	-2.24E-05	4.10E-06	-1.21E-05	-9.72E-06
194	16	0	0	0	0	0	0	232	254	0	-2.25E-05	3.52E-06	-1.02E-05	-8.42E-06
194	17	0	0	0	0	0	0	232	254	0	-2.25E-05	3.52E-06	-1.02E-05	-8.42E-06
194	18	0	0	0	0	0	0	232	254	0	-2.04E-05	3.62E-06	-5.45E-06	-7.74E-06
194	19	0	0	0	0	0	0	232	254	0	-2.04E-05	3.62E-06	-5.45E-06	-7.74E-06
195	0	0	0	0	0	0	0	232	254	0	-1.95E-05	4.41E-06	-2.67E-06	-9.37E-06
195	1	0	0	0	0	0	0	232	254	0	-1.95E-05	4.41E-06	-2.67E-06	-9.37E-06
195	2	0	0	0	0	0	0	232	254	0	-1.87E-05	5.73E-06	-2.10E-06	-1.26E-05
195	3	0	0	0	0	0	0	232	254	0	-2.02E-05	5.85E-06	-6.34E-06	-1.41E-05
195	4	0	0	0	0	0	0	232	254	0	-2.02E-05	5.85E-06	-6.34E-06	-1.41E-05
195	5	0	0	0	0	0	0	232	254	0	-2.12E-05	5.64E-06	-1.12E-05	-1.15E-05
195	6	0	0	0	0	0	0	232	254	0	-2.12E-05	5.64E-06	-1.12E-05	-1.15E-05
195	7	0	0	0	0	0	0	232	254	0	-2.02E-05	5.30E-06	-1.76E-05	-8.70E-06
195	8	0	0	0	0	0	0	232	254	0	-2.02E-05	5.30E-06	-1.76E-05	-8.70E-06
195	9	0	0	0	0	0	0	232	254	0	-1.98E-05	5.73E-06	-2.21E-05	-8.61E-06
195	10	0	0	0	0	0	0	232	254	0	-1.98E-05	5.73E-06	-2.21E-05	-8.61E-06
195	11	0	0	0	0	0	0	232	254	0	-2.10E-05	4.66E-06	-2.39E-05	-9.20E-06
195	12	0	0	0	0	0	0	232	254	0	-2.29E-05	3.36E-06	-1.42E-05	-1.12E-05
195	13	0	0	0	0	0	0	232	254	0	-2.29E-05	3.36E-06	-1.42E-05	-1.12E-05
195	14	0	0	0	0	0	0	232	254	0	-2.24E-05	2.93E-06	-4.52E-06	-1.23E-05
195	15	0	0	0	0	0	0	232	254	0	-2.24E-05	2.93E-06	-4.52E-06	-1.23E-05
195	16	0	0	0	0	0	0	232	254	0	-2.11E-05	1.71E-07	-8.24E-06	-1.25E-05
195	17	0	0	0	0	0	0	232	254	0	-2.11E-05	1.71E-07	-8.24E-06	-1.25E-05
195	18	0	0	0	0	0	0	232	254	0	-2.08E-05	-5.58E-07	-1.89E-05	-1.23E-05
195	19	0	0	0	0	0	0	232	254	0	-2.08E-05	-5.58E-07	-1.89E-05	-1.23E-05
196	0	0	0	0	0	0	0	232	254	0	-1.84E-05	1.46E-06	-1.92E-05	-1.28E-05
196	1	0	0	0	0	0	0	232	254	0	-1.82E-05	3.05E-06	-1.16E-05	-1.50E-05
196	2	0	0	0	0	0	0	232	254	0	-1.82E-05	3.05E-06	-1.16E-05	-1.50E-05
196	3	0	0	0	0	0	0	232	254	0	-1.99E-05	2.28E-06	-7.14E-06	-1.39E-05
196	4	0	0	0	0	0	0	232	254	0	-1.99E-05	2.28E-06	-7.14E-06	-1.39E-05
196	5	0	0	0	0	0	0	232	254	0	-2.11E-05	3.14E-06	-2.07E-06	-1.15E-05
196	6	0	0	0	0	0	0	232	254	0	-2.11E-05	3.14E-06	-2.07E-06	-1.15E-05
196	7	0	0	0	0	0	0	232	254	0	-1.99E-05	4.91E-06	1.30E-07	-1.12E-05
196	8	0	0	0	0	0	0	232	254	0	-1.99E-05	4.91E-06	1.30E-07	-1.12E-05
196	9	0	0	0	0	0	0	232	254	0	-1.97E-05	5.20E-06	-4.01E-06	-1.31E-05
196	10	0	0	0	0	0	0	232	254	0	-2.03E-05	5.30E-06	-9.23E-06	-1.31E-05
196	11	0	0	0	0	0	0	232	254	0	-2.03E-05	5.30E-06	-9.23E-06	-1.31E-05
196	12	0	0	0	0	0	0	232	254	0	-2.04E-05	5.90E-06	-1.05E-05	-1.33E-05
196	13	0	0	0	0	0	0	232	254	0	-2.04E-05	5.90E-06	-1.05E-05	-1.33E-05
196	14	0	0	0	0	0	0	232	254	0	-2.01E-05	6.21E-06	-1.22E-05	-1.56E-05
196	15	0	0	0	0	0	0	232	254	0	-2.01E-05	6.21E-06	-1.22E-05	-1.56E-05
196	16	0	0	0	0	0	0	232	254	0	-2.06E-05	7.29E-06	-1.52E-05	-1.54E-05
196	17	0	0	0	0	0	0	232	254	0	-2.06E-05	7.29E-06	-1.52E-05	-1.54E-05
196	18	0	0	0	0	0	0	232	254	0	-2.04E-05	7.58E-06	-1.65E-05	-1.41E-05
196	19	0	0	0	0	0	0	232	254	0	-2.05E-05	6.69E-06	-1.42E-05	-1.29E-05
197	0	0	0	0	0	0	0	232	254	0	-2.05E-05	6.69E-06	-1.42E-05	-1.29E-05
197	1	0	0	0	0	0	0	232	254	0	-1.96E-05	6.55E-06	-1.14E-05	-1.13E-05
197	2	0	0	0	0	0	0	232	254	0	-1.96E-05	6.55E-06	-1.14E-05	-1.13E-05
197	3	0	0	0	0	0	0	232	254	0	-1.94E-05	6.59E-06	-1.01E-05	-1.01E-05
197	4	0	0	0	0	0	0	232	254	0	-1.94E-05	6.59E-06	-1.01E-05	-1.01E-05
197	5	0	0	0	0	0	0	232	254	0	-1.92E-05	6.91E-06	-8.03E-06	-1.25E-05
197	6	0	0	0	0	0	0	232	254	0	-1.92E-05	6.91E-06	-8.03E-06	-1.25E-05
197	7	0	0	0	0	0	0	232	254	0	-2.07E-05	6.89E-06	-9.70E-06	-1.44E-05
197	8	0	0	0	0	0	0	232	254	0	-2.31E-05	6.16E-06	-1.49E-05	-1.53E-05
197	9	0	0	0	0	0	0	232	254	0	-2.31E-05	6.16E-06	-1.49E-05	-1.53E-05
197	10	0	0	0	0	0	0	232	254	0	-2.25E-05	7.96E-06	-1.60E-05	-1.55E-05
197	11	0	0	0	0	0	0	232	254	0	-2.25E-05	7.96E-06	-1.60E-05	-1.55E-05
197	12	0	0	0	0	0	0	232	254	0	-2.25E-05	8.11E-06	-1.28E-05	-1.34E-05
197	13	0	0	0	0	0	0	232	254	0	-2.25E-05	8.11E-06	-1.28E-05	-1.34E-05
197	14	0	0	0	0	0	0	232	254	0	-2.27E-05	5.84E-06	-9.10E-06	-1.20E-05
197	15	0	0	0	0	0	0	232	254	0	-2.27E-05	5.84E-06	-9.10E-06	-1.20E-05
197	16	0	0	0	0	0	0	232	254	0	-2.38E-05	2.52E-06	-4.17E-06	-1.06E-05
197	17	0	0	0	0	0	0	232	254	0	-2.42E-05	2.71E-06	2.51E-06	-1.15E-05
197	18	0	0	0	0	0	0	232	254	0	-2.42E-05	2.71E-06	2.51E-06	-1.15E-05
197	19	0	0	0	0	0	0	232	254	0	-2.34E-05	3.58E-06	3.69E-06	-1.01E-05
198	0	0	0	0	0	0	0	232	254	0	-2.34E-05	3.58E-06	3.69E-06	-1.01E-05
198	1	0	0	0	0	0	0	232	254	0	-2.30E-05	1.66E-06	-2.64E-06	-1.03E-05
198	2	0	0	0	0	0	0	232	254	0	-2.30E-05	1.66E-06	-2.64E-06	-1.03E-05
198	3	0	0	0	0	0	0	232	254	0	-2.30E-05	4.57E-07	-1.02E-05	-1.16E-05
198	4	0	0	0	0	0	0	232	254	0	-2.30E-05	4.57E-07	-1.02E-05	-1.16E-05
198	5	0	0	0	0	0	0	232	254	0	-2.25E-05	7.38E-08	-1.36E-05	-1.15E-05
198	6	0	0	0	0	0	0	232	254	0	-2.34E-05	-3.39E-07	-1.10E-05	-1.09E-05
198	7	0	0	0	0	0	0	232	254	0	-2.34E-05	-3.39E-07	-1.10E-05	-1.09E-05
198	8	0	0	0	0	0	0	232	254	0	-2.39E-05	7.89E-07	-9.43E-06	-1.11E-05
198	9	0	0	0	0	0	0	232	254	0	-2.39E-05	7.89E-07	-9.43E-06	-1.11E-05
198	10	0	0	0	0	0	0	232	254	0	-2.34E-05	1.37E-06	-8.23E-06	-1.23E-05
198	11	0	0	0	0	0	0	232	254	0	-2.34E-05	1.37E-06	-8.23E-06	-1.23E-05
198	12	0	0	0	0	0	0	232	254	0	-2.36E-05	7.39E-07	-6.26E-06	-1.29E-05
198	13	0	0	0	0	0	0	232	254	0	-2.36E-05	7.39E-07	-6.26E-06	-1.29E-05
198	14	0	0	0	0	0	0	232	254	0	-2.30E-05	2.09E-06	-6.33E-06	-1.30E-05
198	15	0	0	0	0	0	0	232	254	0	-2.34E-05	1.35E-06	-4.94E-06	-1.39E-05
198	16	0	0	0	0	0	0	232	254	0	-2.34E-05	1.35E-06	-4.94E-06	-1.39E-05
198	17	0	0	0	0	0	0	232	254	0	-2.35E-05	3.36E-07	-4.39E-06	-1.46E-05
198	18	0	0	0	0	0	0	232	254	0	-2.35E-05	3.36E-07	-4.39E-06	-1.46E-05
198	19	0	0	0	0	0	0	232	254	0	-2.22E-05	3.12E-07	-4.53E-06	-1.20E-05
199	0	0	0	0	0	0	0	232	254	0	-2.22E-05	3.12E-07	-4.53E-06	-1.20E-05
199	1	0	0	0	0	0	0	232	254	0	-2.14E-05	3.09E-07	-5.17E-06	-1.10E-05
199	2	0	0	0	0	0	0	232	254	0	-2.14E-05	3.09E-07	-5.17E-06	-1.10E-05
199	3	0	0	0	0	0	0	232	254	0	-2.25E-05	1.69E-06	-9.82E-06	-1.30E-05
199	4	0	0	0	0	0	0	232	254	0	-2.41E-05	5.10E-06	-1.44E-05	-1.34E-05
199	5	0	0	0	0	0	0	232	254	0	-2.41E-05	5.10E-06	-1.44E-05	-1.34E-05
199	6	0	0	0	0	0	0	232	254	0	-2.25E-05	6.48E-06	-1.48E-05	-1.41E-05
199	7	0	0	0	0	0	0	232	254	0	-2.25E-05	6.48E-06	-1.48E-05	-1.41E-05
199	8	0	0	0	0	0	0	232	254	0	-2.12E-05	6.11E-06	-1.68E-05	-1.30E-05
199	9	0	0	0	0	0	0	232	254	0	-2.12E-05	6.11E-06	-1.68E-05	-1.30E-05
199	10	0	0	0	0	0	0	232	254	0	-2.05E-05	6.52E-06	-1.54E-05	-1.17E-05
199	11	0	0	0	0	0	0	232	254	0	-2.05E-05	6.52E-06	-1.54E-05	-1.17E-05
199	12	0	0	0	0	0	0	232	254	0	-2.13E-05	6.59E-06	-1.17E-05	-1.47E-05
199	13	0	0	0	0	0	0	232	254	0	-2.00E-05	8.12E-06	-9.63E-06	-1.50E-05
199	14	0	0	0	0	0	0	232	254	0	-2.00E-05	8.12E-06	-9.63E-06	-1.50E-05
199	15	0	0	0	0	0	0	232	254	0	-1.75E-05	9.66E-06	-6.06E-06	-1.08E-05
199	16	0	0	0	0	0	0	232	254	0	-1.75E-05	9.66E-06	-6.06E-06	-1.08E-05
199	17	0	0	0	0	0	0	232	254	0	-1.45E-05	1.04E-05	-8.02E-06	-1.00E-05
199	18	0	0	0	0	0	0	232	254	0	-1.45E-05	1.04E-05	-8.02E-06	-1.00E-05
199	19	0	0	0	0	0	0	232	254	0	-1.21E-05	1.11E-05	-1.31E-05	-1.08E-05
200	0	0	0	0	0	0	0	232	254	0	-1.21E-05	1.11E-05	-1.31E-05	-1.08E-05
200	1	0	0	0	0	0	0	232	254	0	-1.34E-05	1.08E-05	-1.38E-05	-1.24E-05
200	2	0	0	0	0	0	0	232	254	0	-1.48E-05	9.91E-06	-1.29E-05	-1.17E-05
200	3	0	0	0	0	0	0	232	254	0	-1.48E-05	9.91E-06	-1.29E-05	-1.17E-05
200	4	0	0	0	0	0	0	232	254	0	-1.82E-05	7.56E-06	-1.26E-05	-1.01E-05
200	5	0	0	0	0	0	0	232	254	0	-1.82E-05	7.56E-06	-1.26E-05	-1.01E-05
200	6	0	0	0	0	0	0	232	254	0	-1.96E-05	5.40E-06	-1.29E-05	-9.76E-06
200	7	0	0	0	0	0	0	232	254	0	-1.96E-05	5.40E-06	-1.29E-05	-9.76E-06
200	8	0	0	0	0	0	0	232	254	0	-1.95E-05	4.44E-06	-6.84E-06	-1.11E-05
200	9	0	0	0	0	0	0	232	254	0	-1.95E-05	4.44E-06	-6.84E-06	-1.11E-05
200	10	0	0	0	0	0	0	232	254	0	-2.20E-05	3.81E-06	5.22E-06	-1.20E-05
200	11	0	0	0	0	0	0	232	254	0	-2.41E-05	3.57E-06	1.44E-05	-1.05E-05
200	12	0	0	0	0	0	0	232	254	0	-2.41E-05	3.57E-06	1.44E-05	-1.05E-05
200	13	0	0	0	0	0	0	232	254	0	-2.46E-05	3.79E-06	1.23E-05	-1.12E-05
200	14	0	0	0	0	0	0	232	254	0	-2.46E-05	3.79E-06	1.23E-05	-1.12E-05
200	15	0	0	0	0	0	0	232	254	0	-2.38E-05	3.10E-06	6.96E-06	-1.26E-05
200	16	0	0	0	0	0	0	232	254	0	-2.38E-05	3.10E-06	6.96E-06	-1.26E-05
200	17	0	0	0	0	0	0	232	254	0	-2.12E-05	1.37E-06	-3.79E-06	-1.51E-05
200	18	0	0	0	0	0	0	232	254	0	-2.12E-05	1.37E-06	-3.79E-06	-1.51E-05
200	19	0	0	0	0	0	0	232	254	0	-1.77E-05	7.86E-07	-9.47E-06	-1.60E-05
201	0	0	0	0	0	0	0	232	254	0	-1.83E-05	2.80E-06	-9.08E-06	-1.40E-05
201	1	0	0	0	0	0	0	232	254	0	-1.83E-05	2.80E-06	-9.08E-06	-1.40E-05
201	2	0	0	0	0	0	0	232	254	0	-1.88E-05	4.60E-06	-1.01E-05	-1.36E-05
201	3	0	0	0	0	0	0	232	254	0	-1.88E-05	4.60E-06	-1.01E-05	-1.36E-05
201	4	0	0	0	0	0	0	232	254	0	-2.04E-05	4.94E-06	-9.47E-06	-1.39E-05
201	5	0	0	0	0	0	0	232	254	0	-2.04E-05	4.94E-06	-9.47E-06	-1.39E-05
201	6	0	0	0	0	0	0	232	254	0	-2.19E-05	4.01E-06	-8.87E-06	-1.39E-05
201	7	0	0	0	0	0	0	232	254	0	-2.19E-05	4.01E-06	-8.87E-06	-1.39E-05
201	8	0	0	0	0	0	0	232	254	0	-2.33E-05	1.94E-06	-9.13E-06	-1.43E-05
201	9	0	0	0	0	0	0	232	254	0	-2.32E-05	2.52E-06	-1.08E-05	-1.70E-05
201	10	0	0	0	0	0	0	232	254	0	-2.32E-05	2.52E-06	-1.08E-05	-1.70E-05
201	11	0	0	0	0	0	0	232	254	0	-2.22E-05	2.71E-06	-5.57E-06	-1.89E-05
201	12	0	0	0	0	0	0	232	254	0	-2.22E-05	2.71E-06	-5.57E-06	-1.89E-05
201	13	0	0	0	0	0	0	232	254	0	-2.16E-05	3.95E-06	-5.05E-06	-1.76E-05
201	14	0	0	0	0	0	0	232	254	0	-2.16E-05	3.95E-06	-5.05E-06	-1.76E-05
201	15	0	0	0	0	0	0	232	254	0	-2.07E-05	4.72E-06	-7.19E-06	-1.75E-05
201	16	0	0	0	0	0	0	232	254	0	-2.07E-05	4.72E-06	-7.19E-06	-1.75E-05
201	17	0	0	0	0	0	0	232	254	0	-1.94E-05	6.02E-06	-8.11E-06	-1.67E-05
201	18	0	0	0	0	0	0	232	254	0	-2.07E-05	7.09E-06	-1.52E-05	-1.44E-05
201	19	0	0	0	0	0	0	232	254	0	-2.07E-05	7.09E-06	-1.52E-05	-1.44E-05
202	0	0	0	0	0	0	0	232	254	0	-2.35E-05	8.49E-06	-1.86E-05	-9.64E-06
202	1	0	0	0	0	0	0	232	254	0	-2.35E-05	8.49E-06	-1.86E-05	-9.64E-06
202	2	0	0	0	0	0	0	232	254	0	-2.56E-05	8.90E-06	-1.39E-05	-3.92E-07
202	3	0	0	0	0	0	0	232	254	0	-2.56E-05	8.90E-06	-1.39E-05	-3.92E-07
202	4	0	0	0	0	0	0	232	254	0	-2.58E-05	7.61E-06	2.29E-06	1.71E-06
202	5	0	0	0	0	0	0	232	254	0	-2.58E-05	7.61E-06	2.29E-06	1.71E-06
202	6	0	0	0	0	0	0	232	254	0	-2.43E-05	5.66E-06	2.89E-06	-3.05E-06
202	7	0	0	0	0	0	0	232	254	0	-2.21E-05	4.29E-06	-1.39E-05	-9.62E-06
202	8	0	0	0	0	0	0	232	254	0	-2.21E-05	4.29E-06	-1.39E-05	-9.62E-06
202	9	0	0	0	0	0	0	232	254	0	-2.11E-05	3.79E-06	-3.73E-05	-1.71E-05
202	10	0	0	0	0	0	0	232	254	0	-2.11E-05	3.79E-06	-3.73E-05	-1.71E-05
202	11	0	0	0	0	0	0	232	254	0	-2.22E-05	3.19E-06	-4.23E-05	-1.60E-05
202	12	0	0	0	0	0	0	232	254	0	-2.22E-05	3.19E-06	-4.23E-05	-1.60E-05
202	13	0	0	0	0	0	0	232	254	0	-2.28E-05	2.28E-06	-2.67E-05	-1.25E-05
202	14	0	0	0	0	0	0	232	254	0	-2.28E-05	2.28E-06	-2.67E-05	-1.25E-05
202	15	0	0	0	0	0	0	232	254	0	-2.32E-05	3.23E-06	-1.40E-05	-1.40E-05
202	16	0	0	0	0	0	0	232	254	0	-2.24E-05	5.75E-06	-8.21E-06	-1.43E-05
202	17	0	0	0	0	0	0	232	254	0	-2.24E-05	5.75E-06	-8.21E-06	-1.43E-05
202	18	0	0	0	0	0	0	232	254	0	-2.12E-05	6.79E-06	4.15E-06	-1.40E-05
202	19	0	0	0	0	0	0	232	254	0	-2.12E-05	6.79E-06	4.15E-06	-1.40E-05
203	0	0	0	0	0	0	0	232	254	0	-2.19E-05	4.90E-06	3.48E-06	-1.25E-05
203	1	0	0	0	0	0	0	232	254	0	-2.19E-05	4.90E-06	3.48E-06	-1.25E-05
203	2	0	0	0	0	0	0	232	254	0	-2.22E-05	3.00E-06	7.98E-07	-1.29E-05
203	3	0	0	0	0	0	0	232	254	0	-2.22E-05	3.00E-06	7.98E-07	-1.29E-05
203	4	0	0	0	0	0	0	232	254	0	-1.89E-05	2.43E-06	-8.04E-07	-1.30E-05
203	5	0	0	0	0	0	0	232	254	0	-1.60E-05	-2.15E-07	3.20E-06	-1.38E-05
203	6	0	0	0	0	0	0	232	254	0	-1.60E-05	-2.15E-07	3.20E-06	-1.38E-05
203	7	0	0	0	0	0	0	232	254	0	-1.52E-05	-1.74E-07	1.85E-07	-1.50E-05
203	8	0	0	0	0	0	0	232	254	0	-1.52E-05	-1.74E-07	1.85E-07	-1.50E-05
203	9	0	0	0	0	0	0	232	254	0	-1.57E-05	1.94E-06	-6.16E-06	-1.46E-05
203	10	0	0	0	0	0	0	232	254	0	-1.57E-05	1.94E-06	-6.16E-06	-1.46E-05
203	11	0	0	0	0	0	0	232	254	0	-1.64E-05	2.28E-06	-8.27E-06	-1.58E-05
203	12	0	0	0	0	0	0	232	254	0	-1.64E-05	2.28E-06	-8.27E-06	-1.58E-05
203	13	0	0	0	0	0	0	232	254	0	-1.61E-05	7.45E-07	-1.11E-05	-1.46E-05
203	14	0	0	0	0	0	0	232	254	0	-1.54E-05	5.68E-07	-1.47E-05	-1.21E-05
203	15	0	0	0	0	0	0	232	254	0	-1.54E-05	5.68E-07	-1.47E-05	-1.21E-05
203	16	0	0	0	0	0	0	232	254	0	-1.68E-05	3.42E-06	-1.52E-05	-1.14E-05
203	17	0	0	0	0	0	0	232	254	0	-1.68E-05	3.42E-06	-1.52E-05	-1.14E-05
203	18	0	0	0	0	0	0	232	254	0	-1.90E-05	5.87E-06	-1.21E-05	-1.33E-05
203	19	0	0	0	0	0	0	232	254	0	-1.90E-05	5.87E-06	-1.21E-05	-1.33E-05
204	0	0	0	0	0	0	0	232	254	0	-1.98E-05	5.69E-06	-8.54E-06	-1.45E-05
204	1	0	0	0	0	0	0	232	254	0	-1.98E-05	5.69E-06	-8.54E-06	-1.45E-05
204	2	0	0	0	0	0	0	232	254	0	-2.24E-05	4.51E-06	-7.01E-06	-1.51E-05
204	3	0	0	0	0	0	0	232	254	0	-2.53E-05	4.55E-06	-1.11E-05	-1.62E-05
204	4	0	0	0	0	0	0	232	254	0	-2.53E-05	4.55E-06	-1.11E-05	-1.62E-05
204	5	0	0	0	0	0	0	232	254	0	-2.70E-05	5.73E-06	-1.16E-05	-1.53E-05
204	6	0	0	0	0	0	0	232	254	0	-2.70E-05	5.73E-06	-1.16E-05	-1.53E-05
204	7	0	0	0	0	0	0	232	254	0	-2.49E-05	5.69E-06	-7.27E-06	-1.26E-05
204	8	0	0	0	0	0	0	232	254	0	-2.49E-05	5.69E-06	-7.27E-06	-1.26E-05
204	9	0	0	0	0	0	0	232	254	0	-2.40E-05	4.91E-06	-5.23E-06	-9.40E-06
204	10	0	0	0	0	0	0	232	254	0	-2.40E-05	4.91E-06	-5.23E-06	-9.40E-06
204	11	0	0	0	0	0	0	232	254	0	-2.45E-05	7.64E-06	-2.89E-06	-8.42E-06
204	12	0	0	0	0	0	0	232	254	0	-2.57E-05	1.01E-05	-1.41E-07	-8.35E-06
204	13	0	0	0	0	0	0	232	254	0	-2.57E-05	1.01E-05	-1.41E-07	-8.35E-06
204	14	0	0	0	0	0	0	232	254	0	-2.57E-05	9.04E-06	-1.55E-06	-6.79E-06
204	15	0	0	0	0	0	0	232	254	0	-2.57E-05	9.04E-06	-1.55E-06	-6.79E-06
204	16	0	0	0	0	0	0	232	254	0	-2.57E-05	7.87E-06	-4.80E-06	-5.32E-06
204	17	0	0	0	0	0	0	232	254	0	-2.57E-05	7.87E-06	-4.80E-06	-5.32E-06
204	18	0	0	0	0	0	0	232	254	0	-2.55E-05	7.79E-06	-5.38E-06	-6.40E-06
204	19	0	0	0	0	0	0	232	254	0	-2.55E-05	7.79E-06	-5.38E-06	-6.40E-06
205	0	0	0	0	0	0	0	232	254	0	-2.30E-05	8.22E-06	-1.55E-05	-8.65E-06
205	1	0	0	0	0	0	0	232	254	0	-2.11E-05	7.75E-06	-3.84E-05	-9.49E-06
205	2	0	0	0	0	0	0	232	254	0	-2.11E-05	7.75E-06	-3.84E-05	-9.49E-06
205	3	0	0	0	0	0	0	232	254	0	-1.99E-05	5.15E-06	-2.65E-05	-1.15E-05
205	4	0	0	0	0	0	0	232	254	0	-1.99E-05	5.15E-06	-2.65E-05	-1.15E-05
205	5	0	0	0	0	0	0	232	254	0	-1.93E-05	7.21E-06	-5.08E-06	-1.44E-05
205	6	0	0	0	0	0	0	232	254	0	-1.93E-05	7.21E-06	-5.08E-06	-1.44E-05
205	7	0	0	0	0	0	0	232	254	0	-1.71E-05	9.14E-06	-7.77E-06	-1.50E-05
205	8	0	0	0	0	0	0	232	254	0	-1.71E-05	9.14E-06	-7.77E-06	-1.50E-05
205	9	0	0	0	0	0	0	232	254	0	-1.60E-05	8.51E-06	-1.70E-05	-1.45E-05
205	10	0	0	0	0	0	0	232	254	0	-1.72E-05	7.61E-06	-2.15E-05	-1.38E-05
205	11	0	0	0	0	0	0	232	254	0	-1.72E-05	7.61E-06	-2.15E-05	-1.38E-05
205	12	0	0	0	0	0	0	232	254	0	-1.76E-05	3.60E-06	-1.89E-05	-1.30E-05
205	13	0	0	0	0	0	0	232	254	0	-1.76E-05	3.60E-06	-1.89E-05	-1.30E-05
205	14	0	0	0	0	0	0	232	254	0	-1.65E-05	2.75E-06	-7.95E-06	-1.34E-05
205	15	0	0	0	0	0	0	232	254	0	-1.65E-05	2.75E-06	-7.95E-06	-1.34E-05
205	16	0	0	0	0	0	0	232	254	0	-1.73E-05	7.41E-06	-2.65E-06	-1.23E-05
205	17	0	0	0	0	0	0	232	254	0	-1.73E-05	7.41E-06	-2.65E-06	-1.23E-05
205	18	0	0	0	0	0	0	232	254	0	-1.87E-05	8.56E-06	-5.54E-06	-1.30E-05
205	19	0	0	0	0	0	0	232	254	0	-2.15E-05	8.75E-06	-5.73E-06	-1.49E-05
206	0	0	0	0	0	0	0	232	254	0	-2.15E-05	8.75E-06	-5.73E-06	-1.49E-05
206	1	0	0	0	0	0	0	232	254	0	-2.19E-05	9.69E-06	-7.35E-06	-1.65E-05
206	2	0	0	0	0	0	0	232	254	0	-2.19E-05	9.69E-06	-7.35E-06	-1.65E-05
206	3	0	0	0	0	0	0	232	254	0	-1.99E-05	8.23E-06	-1.05E-05	-1.59E-05
206	4	0	0	0	0	0	0	232	254	0	-1.99E-05	8.23E-06	-1.05E-05	-1.59E-05
206	5	0	0	0	0	0	0	232	254	0	-2.17E-05	6.93E-06	-1.16E-05	-1.57E-05
206	6	0	0	0	0	0	0	232	254	0	-2.17E-05	6.93E-06	-1.16E-05	-1.57E-05
206	7	0	0	0	0	0	0	232	254	0	-2.13E-05	4.83E-06	-1.03E-05	-1.71E-05
206	8	0	0	0	0	0	0	232	254	0	-1.90E-05	1.83E-06	-6.26E-06	-1.80E-05
206	9	0	0	0	0	0	0	232	254	0	-1.90E-05	1.83E-06	-6.26E-06	-1.80E-05
206	10	0	0	0	0	0	0	232	254	0	-1.78E-05	-3.01E-06	-5.82E-06	-1.60E-05
206	11	0	0	0	0	0	0	232	254	0	-1.78E-05	-3.01E-06	-5.82E-06	-1.60E-05
206	12	0	0	0	0	0	0	232	254	0	-1.77E-05	-7.07E-06	-7.22E-06	-1.44E-05
206	13	0	0	0	0	0	0	232	254	0	-1.77E-05	-7.07E-06	-7.22E-06	-1.44E-05
206	14	0	0	0	0	0	0	232	254	0	-2.19E-05	-6.35E-06	-4.50E-06	-1.40E-05
206	15	0	0	0	0	0	0	232	254	0	-2.19E-05	-6.35E-06	-4.50E-06	-1.40E-05
206	16	0	0	0	0	0	0	232	254	0	-2.54E-05	-6.40E-08	-1.06E-06	-1.18E-05
206	17	0	0	0	0	0	0	232	254	0	-2.60E-05	5.66E-06	-7.11E-06	-1.31E-05
206	18	0	0	0	0	0	0	232	254	0	-2.60E-05	5.66E-06	-7.11E-06	-1.31E-05
206	19	0	0	0	0	0	0	232	254	0	-2.68E-05	5.04E-06	-1.04E-05	-1.37E-05
207	0	0	0	0	0	0	0	232	254	0	-2.68E-05	5.04E-06	-1.04E-05	-1.37E-05
207	1	0	0	0	0	0	0	232	254	0	-2.41E-05	2.81E-06	-9.28E-06	-1.05E-05
207	2	0	0	0	0	0	0	232	254	0	-2.41E-05	2.81E-06	-9.28E-06	-1.05E-05
207	3	0	0	0	0	0	0	232	254	0	-2.28E-05	1.46E-06	-9.47E-06	-9.71E-06
207	4	0	0	0	0	0	0	232	254	0	-2.28E-05	1.46E-06	-9.47E-06	-9.71E-06
207	5	0	0	0	0	0	0	232	254	0	-2.17E-05	1.17E-06	-8.90E-06	-9.47E-06
207	6	0	0	0	0	0	0	232	254	0	-2.19E-05	1.27E-06	-8.85E-06	-9.25E-06
207	7	0	0	0	0	0	0	232	254	0	-2.19E-05	1.27E-06	-8.85E-06	-9.25E-06
207	8	0	0	0	0	0	0	232	254	0	-2.35E-05	1.52E-06	-8.82E-06	-1.16E-05
207	9	0	0	0	0	0	0	232	254	0	-2.35E-05	1.52E-06	-8.82E-06	-1.16E-05
207	10	0	0	0	0	0	0	232	254	0	-2.24E-05	-9.28E-07	-1.12E-05	-1.32E-05
207	11	0	0	0	0	0	0	232	254	0	-2.24E-05	-9.28E-07	-1.12E-05	-1.32E-05
207	12	0	0	0	0	0	0	232	254	0	-2.14E-05	-3.78E-06	-1.67E-05	-1.38E-05
207	13	0	0	0	0	0	0	232	254	0	-2.14E-05	-3.78E-06	-1.67E-05	-1.38E-05
207	14	0	0	0	0	0	0	232	254	0	-1.90E-05	-5.11E-06	-2.02E-05	-1.50E-05
207	15	0	0	0	0	0	0	232	254	0	-1.94E-05	-3.50E-06	-1.52E-05	-1.54E-05
207	16	0	0	0	0	0	0	232	254	0	-1.94E-05	-3.50E-06	-1.52E-05	-1.54E-05
207	17	0	0	0	0	0	0	232	254	0	-2.01E-05	-3.47E-06	-1.30E-05	-1.37E-05
207	18	0	0	0	0	0	0	232	254	0	-2.01E-05	-3.47E-06	-1.30E-05	-1.37E-05
207	19	0	0	0	0	0	0	232	254	0	-1.93E-05	-3.82E-06	-1.35E-05	-1.16E-05
208	0	0	0	0	0	0	0	232	254	0	-1.93E-05	-3.82E-06	-1.35E-05	-1.16E-05
208	1	0	0	0	0	0	0	232	254	0	-2.06E-05	-1.13E-06	-6.49E-06	-1.18E-05
208	2	0	0	0	0	0	0	232	254	0	-2.06E-05	-1.13E-06	-6.49E-06	-1.18E-05
208	3	0	0	0	0	0	0	232	254	0	-2.12E-05	1.22E-06	9.80E-06	-1.29E-05
208	4	0	0	0	0	0	0	232	254	0	-2.00E-05	1.56E-06	1.69E-05	-1.21E-05
208	5	0	0	0	0	0	0	232	254	0	-2.00E-05	1.56E-06	1.69E-05	-1.21E-05
208	6	0	0	0	0	0	0	232	254	0	-1.90E-05	2.22E-06	-8.09E-07	-6.96E-06
208	7	0	0	0	0	0	0	232	254	0	-1.90E-05	2.22E-06	-8.09E-07	-6.96E-06
208	8	0	0	0	0	0	0	232	254	0	-1.93E-05	4.77E-06	-1.41E-05	-6.10E-06
208	9	0	0	0	0	0	0	232	254	0	-1.93E-05	4.77E-06	-1.41E-05	-6.10E-06
208	10	0	0	0	0	0	0	232	254	0	-2.08E-05	6.40E-06	-2.25E-05	-1.06E-05
208	11	0	0	0	0	0	0	232	254	0	-2.08E-05	6.40E-06	-2.25E-05	-1.06E-05
208	12	0	0	0	0	0	0	232	254	0	-1.97E-05	7.69E-06	-2.92E-05	-1.04E-05
208	13	0	0	0	0	0	0	232	254	0	-2.05E-05	8.42E-06	-1.77E-05	-8.80E-06
208	14	0	0	0	0	0	0	232	254	0	-2.05E-05	8.42E-06	-1.77E-05	-8.80E-06
208	15	0	0	0	0	0	0	232	254	0	-2.18E-05	7.32E-06	-5.92E-06	-1.08E-05
208	16	0	0	0	0	0	0	232	254	0	-2.18E-05	7.32E-06	-5.92E-06	-1.08E-05
208	17	0	0	0	0	0	0	232	254	0	-2.09E-05	5.97E-06	-8.79E-06	-1.44E-05
208	18	0	0	0	0	0	0	232	254	0	-2.09E-05	5.97E-06	-8.79E-06	-1.44E-05
208	19	0	0	0	0	0	0	232	254	0	-2.02E-05	6.69E-06	-1.20E-05	-1.54E-05
209	0	0	0	0	0	0	0	232	254	0	-2.02E-05	6.69E-06	-1.20E-05	-1.54E-05
209	1	0	0	0	0	0	0	232	254	0	-2.01E-05	7.41E-06	-9.87E-06	-1.67E-05
209	2	0	0	0	0	0	0	232	254	0	-1.84E-05	6.69E-06	-5.40E-06	-1.88E-05
209	3	0	0	0	0	0	0	232	254	0	-1.84E-05	6.69E-06	-5.40E-06	-1.88E-05
209	4	0	0	0	0	0	0	232	254	0	-1.75E-05	7.74E-06	-4.67E-06	-1.77E-05
209	5	0	0	0	0	0	0	232	254	0	-1.75E-05	7.74E-06	-4.67E-06	-1.77E-05
209	6	0	0	0	0	0	0	232	254	0	-1.87E-05	8.85E-06	-5.59E-06	-1.57E-05
209	7	0	0	0	0	0	0	232	254	0	-1.87E-05	8.85E-06	-5.59E-06	-1.57E-05
209	8	0	0	0	0	0	0	232	254	0	-1.86E-05	8.04E-06	-5.73E-06	-1.47E-05
209	9	0	0	0	0	0	0	232	254	0	-1.86E-05	8.04E-06	-5.73E-06	-1.47E-05
209	10	0	0	0	0	0	0	232	254	0	-1.59E-05	4.84E-06	-4.82E-06	-1.36E-05
209	11	0	0	0	0	0	0	232	254	0	-1.38E-05	4.58E-06	-4.30E-06	-1.46E-05
209	12	0	0	0	0	0	0	232	254	0	-1.38E-05	4.58E-06	-4.30E-06	-1.46E-05
209	13	0	0	0	0	0	0	232	254	0	-1.42E-05	3.96E-06	-3.33E-06	-1.45E-05
209	14	0	0	0	0	0	0	232	254	0	-1.42E-05	3.96E-06	-3.33E-06	-1.45E-05
209	15	0	0	0	0	0	0	232	254	0	-1.62E-05	4.51E-06	-6.92E-06	-1.37E-05
209	16	0	0	0	0	0	0	232	254	0	-1.62E-05	4.51E-06	-6.92E-06	-1.37E-05
209	17	0	0	0	0	0	0	232	254	0	-1.80E-05	4.29E-06	-1.14E-05	-1.45E-05
209	18	0	0	0	0	0	0	232	254	0	-1.80E-05	4.29E-06	-1.14E-05	-1.45E-05
209	19	0	0	0	0	0	0	232	254	0	-2.01E-05	3.88E-06	-1.24E-05	-1.63E-05
210	0	0	0	0	0	0	0	232	254	0	-2.16E-05	3.89E-06	-1.26E-05	-1.75E-05
210	1	0	0	0	0	0	0	232	254	0	-2.16E-05	3.89E-06	-1.26E-05	-1.75E-05
210	2	0	0	0	0	0	0	232	254	0	-2.44E-05	2.83E-06	-7.99E-06	-1.22E-05
210	3	0	0	0	0	0	0	232	254	0	-2.44E-05	2.83E-06	-7.99E-06	-1.22E-05
210	4	0	0	0	0	0	0	232	254	0	-2.74E-05	1.51E-06	-7.16E-06	-7.84E-06
210	5	0	0	0	0	0	0	232	254	0	-2.74E-05	1.51E-06	-7.16E-06	-7.84E-06
210	6	0	0	0	0	0	0	232	254	0	-2.99E-05	5.98E-07	-1.11E-05	-9.71E-06
210	7	0	0	0	0	0	0	232	254	0	-2.99E-05	5.98E-07	-1.11E-05	-9.71E-06
210	8	0	0	0	0	0	0	232	254	0	-3.07E-05	1.08E-06	-1.22E-05	-1.07E-05
210	9	0	0	0	0	0	0	232	254	0	-3.05E-05	6.69E-07	-1.11E-05	-1.17E-05
210	10	0	0	0	0	0	0	232	254	0	-3.05E-05	6.69E-07	-1.11E-05	-1.17E-05
210	11	0	0	0	0	0	0	232	254	0	-2.92E-05	2.13E-06	-1.28E-05	-1.32E-05
210	12	0	0	0	0	0	0	232	254	0	-2.92E-05	2.13E-06	-1.28E-05	-1.32E-05
210	13	0	0	0	0	0	0	232	254	0	-3.09E-05	4.87E-06	-1.34E-05	-1.24E-05
210	14	0	0	0	0	0	0	232	254	0	-3.09E-05	4.87E-06	-1.34E-05	-1.24E-05
210	15	0	0	0	0	0	0	232	254	0	-3.38E-05	4.73E-06	-9.44E-06	-1.12E-05
210	16	0	0	0	0	0	0	232	254	0	-3.38E-05	4.73E-06	-9.44E-06	-1.12E-05
210	17	0	0	0	0	0	0	232	254	0	-3.00E-05	4.05E-06	-4.11E-06	-9.06E-06
210	18	0	0	0	0	0	0	232	254	0	-2.31E-05	5.58E-06	-1.20E-06	-9.42E-06
210	19	0	0	0	0	0	0	232	254	0	-2.31E-05	5.58E-06	-1.20E-06	-9.42E-06
211	0	0	0	0	0	0	0	232	254	0	-1.87E-05	8.36E-06	1.52E-07	-1.14E-05
211	1	0	0	0	0	0	0	232	254	0	-1.87E-05	8.36E-06	1.52E-07	-1.14E-05
211	2	0	0	0	0	0	0	232	254	0	-1.69E-05	1.14E-05	-3.75E-06	-1.05E-05
211	3	0	0	0	0	0	0	232	254	0	-1.69E-05	1.14E-05	-3.75E-06	-1.05E-05
211	4	0	0	0	0	0	0	232	254	0	-1.42E-05	1.27E-05	-8.22E-06	-1.08E-05
211	5	0	0	0	0	0	0	232	254	0	-1.42E-05	1.27E-05	-8.22E-06	-1.08E-05
211	6	0	0	0	0	0	0	232	254	0	-1.36E-05	1.29E-05	-8.27E-06	-1.02E-05
211	7	0	0	0	0	0	0	232	254	0	-1.23E-05	1.06E-05	-8.80E-06	-9.88E-06
211	8	0	0	0	0	0	0	232	254	0	-1.23E-05	1.06E-05	-8.80E-06	-9.88E-06
211	9	0	0	0	0	0	0	232	254	0	-1.17E-05	8.75E-06	-1.19E-05	-9.83E-06
211	10	0	0	0	0	0	0	232	254	0	-1.17E-05	8.75E-06	-1.19E-05	-9.83E-06
211	11	0	0	0	0	0	0	232	254	0	-1.27E-05	7.91E-06	-2.22E-05	-1.04E-05
211	12	0	0	0	0	0	0	232	254	0	-1.27E-05	7.91E-06	-2.22E-05	-1.04E-05
211	13	0	0	0	0	0	0	232	254	0	-1.43E-05	7.66E-06	-2.45E-05	-9.81E-06
211	14	0	0	0	0	0	0	232	254	0	-1.43E-05	7.66E-06	-2.45E-05	-9.81E-06
211	15	0	0	0	0	0	0	232	254	0	-1.96E-05	5.11E-06	-2.97E-05	-8.13E-06
211	16	0	0	0	0	0	0	232	254	0	-2.67E-05	4.86E-06	-2.91E-05	-7.79E-06
211	17	0	0	0	0	0	0	232	254	0	-2.67E-05	4.86E-06	-2.91E-05	-7.79E-06
211	18	0	0	0	0	0	0	232	254	0	-2.76E-05	6.62E-06	-1.07E-05	-9.47E-06
211	19	0	0	0	0	0	0	232	254	0	-2.76E-05	6.62E-06	-1.07E-05	-9.47E-06
212	0	0	0	0	0	0	0	232	254	0	-2.54E-05	4.92E-06	3.90E-06	-1.09E-05
212	1	0	0	0	0	0	0	232	254	0	-2.54E-05	4.92E-06	3.90E-06	-1.09E-05
212	2	0	0	0	0	0	0	232	254	0	-2.41E-05	4.36E-06	9.31E-06	-1.10E-05
212	3	0	0	0	0	0	0	232	254	0	-2.41E-05	4.36E-06	9.31E-06	-1.10E-05
212	4	0	0	0	0	0	0	232	254	0	-2.43E-05	5.39E-06	1.40E-05	-1.20E-05
212	5	0	0	0	0	0	0	232	254	0	-2.30E-05	5.59E-06	3.16E-07	-1.44E-05
212	6	0	0	0	0	0	0	232	254	0	-2.30E-05	5.59E-06	3.16E-07	-1.44E-05
212	7	0	0	0	0	0	0	232	254	0	-2.08E-05	6.06E-06	-1.10E-05	-1.85E-05
212	8	0	0	0	0	0	0	232	254	0	-2.08E-05	6.06E-06	-1.10E-05	-1.85E-05
212	9	0	0	0	0	0	0	232	254	0	-2.11E-05	6.96E-06	-9.25E-06	-1.87E-05
212	10	0	0	0	0	0	0	232	254	0	-2.11E-05	6.96E-06	-9.25E-06	-1.87E-05
212	11	0	0	0	0	0	0	232	254	0	-2.16E-05	5.28E-06	-1.24E-06	-1.66E-05
212	12	0	0	0	0	0	0	232	254	0	-2.16E-05	5.28E-06	-1.24E-06	-1.66E-05
212	13	0	0	0	0	0	0	232	254	0	-2.09E-05	4.30E-06	4.25E-06	-1.44E-05
212	14	0	0	0	0	0	0	232	254	0	-1.92E-05	1.44E-06	1.57E-06	-1.47E-05
212	15	0	0	0	0	0	0	232	254	0	-1.92E-05	1.44E-06	1.57E-06	-1.47E-05
212	16	0	0	0	0	0	0	232	254	0	-1.82E-05	-1.08E-06	-4.62E-06	-1.70E-05
212	17	0	0	0	0	0	0	232	254	0	-1.82E-05	-1.08E-06	-4.62E-06	-1.70E-05
212	18	0	0	0	0	0	0	232	254	0	-1.75E-05	-1.37E-06	-7.36E-06	-1.28E-05
212	19	0	0	0	0	0	0	232	254	0	-1.75E-05	-1.37E-06	-7.36E-06	-1.28E-05
213	0	0	0	0	0	0	0	232	254	0	-1.60E-05	-5.98E-07	-8.93E-06	-1.19E-05
213	1	0	0	0	0	0	0	232	254	0	-1.60E-05	-5.98E-07	-8.93E-06	-1.19E-05
213	2	0	0	0	0	0	0	232	254	0	-1.62E-05	-1.13E-06	-1.44E-05	-1.57E-05
213	3	0	0	0	0	0	0	232	254	0	-1.59E-05	-7.45E-07	-2.18E-05	-1.62E-05
213	4	0	0	0	0	0	0	232	254	0	-1.59E-05	-7.45E-07	-2.18E-05	-1.62E-05
213	5	0	0	0	0	0	0	232	254	0	-1.57E-05	4.49E-08	-2.36E-05	-1.53E-05
213	6	0	0	0	0	0	0	232	254	0	-1.57E-05	4.49E-08	-2.36E-05	-1.53E-05
213	7	0	0	0	0	0	0	232	254	0	-1.52E-05	1.60E-06	-1.57E-05	-1.21E-05
213	8	0	0	0	0	0	0	232	254	0	-1.52E-05	1.60E-06	-1.57E-05	-1.21E-05
213	9	0	0	0	0	0	0	232	254	0	-1.49E-05	3.31E-06	-8.16E-06	-1.13E-05
213	10	0	0	0	0	0	0	232	254	0	-1.49E-05	3.31E-06	-8.16E-06	-1.13E-05
213	11	0	0	0	0	0	0	232	254	0	-1.48E-05	4.08E-06	-1.51E-05	-1.37E-05
213	12	0	0	0	0	0	0	232	254	0	-1.66E-05	4.36E-06	-2.33E-05	-1.19E-05
213	13	0	0	0	0	0	0	232	254	0	-1.66E-05	4.36E-06	-2.33E-05	-1.19E-05
213	14	0	0	0	0	0	0	232	254	0	-1.93E-05	4.15E-06	-2.40E-05	-7.77E-06
213	15	0	0	0	0	0	0	232	254	0	-1.93E-05	4.15E-06	-2.40E-05	-7.77E-06
213	16	0	0	0	0	0	0	232	254	0	-2.38E-05	2.85E-06	6.83E-06	-8.48E-06
213	17	0	0	0	0	0	0	232	254	0	-2.38E-05	2.85E-06	6.83E-06	-8.48E-06
213	18	0	0	0	0	0	0	232	254	0	-2.39E-05	3.33E-06	2.32E-05	-1.14E-05
213	19	0	0	0	0	0	0	232	254	0	-2.39E-05	3.33E-06	2.32E-05	-1.14E-05
214	0	0	0	0	0	0	0	232	254	0	-2.13E-05	6.38E-06	-8.67E-06	-1.35E-05
214	1	0	0	0	0	0	0	232	254	0	-2.14E-05	7.27E-06	-2.32E-05	-1.64E-05
214	2	0	0	0	0	0	0	232	254	0	-2.14E-05	7.27E-06	-2.32E-05	-1.64E-05
214	3	0	0	0	0	0	0	232	254	0	-2.18E-05	6.36E-06	-1.38E-05	-1.75E-05
214	4	0	0	0	0	0	0	232	254	0	-2.18E-05	6.36E-06	-1.38E-05	-1.75E-05
214	5	0	0	0	0	0	0	232	254	0	-2.26E-05	5.27E-06	-1.38E-05	-1.83E-05
214	6	0	0	0	0	0	0	232	254	0	-2.26E-05	5.27E-06	-1.38E-05	-1.83E-05
214	7	0	0	0	0	0	0	232	254	0	-2.20E-05	5.61E-06	-2.19E-05	-1.69E-05
214	8	0	0	0	0	0	0	232	254	0	-2.20E-05	5.61E-06	-2.19E-05	-1.69E-05
214	9	0	0	0	0	0	0	232	254	0	-2.04E-05	4.59E-06	-3.85E-05	-1.60E-05
214	10	0	0	0	0	0	0	232	254	0	-2.10E-05	1.82E-06	-3.61E-05	-1.37E-05
214	11	0	0	0	0	0	0	232	254	0	-2.10E-05	1.82E-06	-3.61E-05	-1.37E-05
214	12	0	0	0	0	0	0	232	254	0	-2.11E-05	1.58E-06	3.39E-06	-7.75E-06
214	13	0	0	0	0	0	0	232	254	0	-2.11E-05	1.58E-06	3.39E-06	-7.75E-06
214	14	0	0	0	0	0	0	232	254	0	-1.98E-05	1.08E-06	1.58E-05	-5.01E-06
214	15	0	0	0	0	0	0	232	254	0	-1.98E-05	1.08E-06	1.58E-05	-5.01E-06
214	16	0	0	0	0	0	0	232	254	0	-1.96E-05	1.56E-06	-6.13E-06	-5.78E-06
214	17	0	0	0	0	0	0	232	254	0	-1.96E-05	1.56E-06	-6.13E-06	-5.78E-06
214	18	0	0	0	0	0	0	232	254	0	-2.37E-05	1.94E-06	-1.95E-05	-5.30E-06
214	19	0	0	0	0	0	0	232	254	0	-2.66E-05	3.04E-06	-1.35E-05	-6.37E-06
215	0	0	0	0	0	0	0	232	254	0	-2.66E-05	3.04E-06	-1.35E-05	-6.37E-06
215	1	0	0	0	0	0	0	232	254	0	-2.59E-05	6.33E-06	3.80E-06	-1.04E-05
215	2	0	0	0	0	0	0	232	254	0	-2.59E-05	6.33E-06	3.80E-06	-1.04E-05
215	3	0	0	0	0	0	0	232	254	0	-2.37E-05	6.93E-06	6.02E-06	-1.66E-05
215	4	0	0	0	0	0	0	232	254	0	-2.37E-05	6.93E-06	6.02E-06	-1.66E-05
215	5	0	0	0	0	0	0	232	254	0	-2.30E-05	6.45E-06	-4.16E-06	-1.82E-05
215	6	0	0	0	0	0	0	232	254	0	-2.30E-05	6.45E-06	-4.16E-06	-1.82E-05
215	7	0	0	0	0	0	0	232	254	0	-2.30E-05	8.36E-06	-7.86E-06	-1.71E-05
215	8	0	0	0	0	0	0	232	254	0	-2.31E-05	1.12E-05	3.48E-07	-1.63E-05
215	9	0.823647	0.208969	3.98487	-884.705	-156.238	-157.28	192.792	476.016	0	-2.31E-05	1.12E-05	3.48E-07	-1.63E-05
215	10	1.64729	0.417938	7.96974	-1769.41	-312.475	-314.56	192.792	476.016	0	-2.26E-05	1.11E-05	4.55E-06	-1.68E-05
215	11	3.2472	0.934971	16.6259	-3539.04	-677.879	-616.014	191.228	466.863	0	-2.26E-05	1.11E-05	4.55E-06	-1.68E-05
215	12	4.84711	1.452	25.2821	-5308.68	-1043.28	-917.469	190.734	463.977	0	-2.33E-05	9.88E-06	-1.89E-06	-1.72E-05
215	13	5.00588	1.82982	29.1141	-5695.57	-1256.67	-937.376	188.837	449.629	0	-2.33E-05	9.88E-06	-1.89E-06	-1.72E-05
215	14	5.16466	2.20763	32.9461	-6082.47	-1470.05	-957.282	187.38	438.618	0	-2.30E-05	9.59E-06	-3.96E-06	-1.40E-05
215	15	5.33895	2.55303	37.5057	-6551.59	-1695.4	-974.93	186.796	428.682	0	-2.30E-05	9.59E-06	-3.96E-06	-1.40E-05
215	16	5.51323	2.89844	42.0654	-7020.72	-1920.76	-992.578	186.339	420.9	0	-2.34E-05	8.42E-06	-2.90E-06	-1.13E-05
215	17	5.8	3.2277	47.7507	-7602.73	-2199.5	-1014.12	185.938	413.217	0	-2.41E-05	6.92E-06	-5.63E-06	-9.85E-06
215	18	6.08676	3.55695	53.4361	-8184.74	-2478.23	-1035.66	185.623	407.169	0	-2.41E-05	6.92E-06	-5.63E-06	-9.85E-06
215	19	6.35416	3.9433	60.6875	-8901.7	-2850.69	-1043.19	185.027	400.681	0	-2.46E-05	9.33E-06	-8.74E-06	-1.17E-05
216	0	6.62155	4.32966	67.9389	-9618.65	-3223.15	-1050.71	184.558	395.578	0	-2.46E-05	9.33E-06	-8.74E-06	-1.17E-05
216	1	7.10127	4.61038	76.6598	-10516.1	-3701.23	-1100.45	183.719	391.179	0	-2.14E-05	9.76E-06	-1.22E-05	-1.25E-05
216	2	7.58098	4.8911	85.3807	-11413.5	-4179.31	-1150.19	183.051	387.678	0	-2.14E-05	9.76E-06	-1.22E-05	-1.25E-05
216	3	8.07171	5.20553	95.6234	-12455.2	-4692.61	-1184.61	182.926	384.253	0	-1.69E-05	8.75E-06	-1.43E-05	-1.34E-05
216	4	8.56244	5.51995	105.866	-13496.9	-5205.92	-1219.03	182.825	381.491	0	-1.69E-05	8.75E-06	-1.43E-05	-1.34E-05
216	5	9.09991	5.77001	117.96	-14684.6	-5759.68	-1249.2	183.172	378.489	0	-1.58E-05	8.17E-06	-1.60E-05	-1.49E-05
216	6	9.63738	6.02007	130.053	-15872.3	-6313.45	-1279.36	183.455	376.045	0	-1.73E-05	9.71E-06	-1.35E-05	-1.44E-05
216	7	10.1493	6.07661	142.687	-17020.4	-6899.18	-1356.36	183.648	373.285	0	-1.73E-05	9.71E-06	-1.35E-05	-1.44E-05
216	8	10.6611	6.13316	155.322	-18168.6	-7484.91	-1433.35	183.81	370.974	0	-1.96E-05	8.28E-06	-1.24E-05	-1.46E-05
216	9	11.3969	5.75571	167.145	-19312	-8034.48	-1484.62	183.931	369.54	0	-1.96E-05	8.28E-06	-1.24E-05	-1.46E-05
216	10	12.1326	5.37826	178.968	-20455.3	-8584.06	-1535.88	184.036	368.296	0	-2.20E-05	6.45E-06	-8.40E-06	-1.50E-05
216	11	13.1552	4.98687	189.538	-21447.8	-8984.92	-1595.73	184.596	367.158	0	-2.20E-05	6.45E-06	-8.40E-06	-1.50E-05
216	12	14.1778	4.59548	200.108	-22440.3	-9385.78	-1655.59	185.096	366.141	0	-2.44E-05	5.97E-06	-4.67E-06	-1.25E-05
216	13	15.3946	4.39411	208.134	-23123.7	-9707.44	-1733.79	185.36	365.1	0	-2.44E-05	5.97E-06	-4.67E-06	-1.25E-05
216	14	16.6115	4.19274	216.16	-23807.2	-10029.1	-1811.99	185.603	364.137	0	-2.49E-05	6.45E-06	-7.21E-06	-6.91E-06
216	15	17.6664	4.33937	220.687	-24155.1	-10222.3	-1923.51	185.68	363.454	0	-2.43E-05	5.73E-06	-1.13E-05	-2.38E-06
216	16	18.7213	4.48601	225.215	-24503.1	-10415.6	-2035.03	185.753	362.799	0	-2.43E-05	5.73E-06	-1.13E-05	-2.38E-06
216	17	19.6028	5.24694	226.381	-24602	-10487.6	-2122.3	185.673	362.675	0	-2.46E-05	4.58E-06	-1.08E-05	1.56E-06
216	18	20.4843	6.00787	227.548	-24700.9	-10559.6	-2209.58	185.594	362.552	0	-2.46E-05	4.58E-06	-1.08E-05	1.56E-06
216	19	21.1527	6.87005	226.8	-24635.1	-10533.3	-2311.84	185.557	362.62	0	-2.62E-05	2.90E-06	-4.26E-06	1.33E-06
217	0	21.8211	7.73224	226.053	-24569.3	-10507	-2414.1	185.52	362.688	0	-2.62E-05	2.90E-06	-4.26E-06	1.33E-06
217	1	22.494	8.21447	224.803	-24451.4	-10434.2	-2507.94	185.585	362.768	0	-2.49E-05	3.26E-06	1.04E-06	-2.65E-06
217	2	23.1669	8.6967	223.553	-24333.5	-10361.3	-2601.77	185.652	362.849	0	-2.49E-05	3.26E-06	1.04E-06	-2.65E-06
217	3	23.8077	8.75827	221.479	-24166.2	-10323.7	-2637.98	185.387	363.113	0	-2.31E-05	3.53E-06	-2.84E-06	-9.35E-06
217	4	24.4485	8.81985	219.405	-23998.8	-10286.1	-2674.18	185.118	363.382	0	-2.13E-05	2.23E-06	-9.09E-06	-2.10E-05
217	5	24.948	8.72451	217.645	-23850.1	-10224.3	-2685.72	185.023	363.582	0	-2.13E-05	2.23E-06	-9.09E-06	-2.10E-05
217	6	25.4475	8.62918	215.886	-23701.4	-10162.4	-2697.25	184.927	363.787	0	-1.89E-05	2.67E-07	-1.08E-05	-2.43E-05
217	7	25.7108	8.8686	214.398	-23563.7	-10102.1	-2697.56	184.882	363.906	0	-1.89E-05	2.67E-07	-1.08E-05	-2.43E-05
217	8	25.974	9.10802	212.911	-23425.9	-10041.8	-2697.87	184.836	364.027	0	-1.83E-05	-1.17E-06	-1.40E-05	-1.75E-05
217	9	26.1017	9.57828	210.676	-23230.1	-9979.06	-2677.02	184.633	364.264	0	-1.83E-05	-1.17E-06	-1.40E-05	-1.75E-05
217	10	26.2293	10.0485	208.442	-23034.3	-9916.34	-2656.17	184.426	364.507	0	-1.82E-05	-1.10E-06	-1.40E-05	-1.47E-05
217	11	26.3308	11.0597	206.259	-22873.7	-9824.44	-2656.48	184.368	364.898	0	-1.82E-05	-1.10E-06	-1.40E-05	-1.47E-05
217	12	26.4322	12.0709	204.076	-22713.1	-9732.55	-2656.79	184.309	365.297	0	-1.91E-05	-8.13E-07	-9.38E-06	-1.29E-05
217	13	26.7944	13.2288	203.045	-22594.4	-9670.53	-2664.48	184.372	365.278	0	-2.02E-05	-1.99E-06	-5.46E-06	-1.10E-05
217	14	27.1565	14.3868	202.013	-22475.7	-9608.5	-2672.16	184.436	365.259	0	-2.02E-05	-1.99E-06	-5.46E-06	-1.10E-05
217	15	27.6063	15.4335	202.307	-22399.5	-9597.75	-2655.13	184.558	364.721	0	-2.16E-05	-3.91E-06	-6.60E-06	-1.14E-05
217	16	28.0561	16.4803	202.6	-22323.3	-9586.99	-2638.1	184.68	364.184	0	-2.16E-05	-3.91E-06	-6.60E-06	-1.14E-05
217	17	28.4388	17.2003	203.69	-22262	-9605.6	-2607.77	184.842	363.294	0	-2.32E-05	-3.89E-06	-5.90E-06	-1.25E-05
217	18	28.8215	17.9203	204.779	-22200.7	-9624.21	-2577.44	185.002	362.413	0	-2.32E-05	-3.89E-06	-5.90E-06	-1.25E-05
217	19	28.9168	18.4443	206.076	-22226.7	-9651.17	-2505.7	185.167	361.857	0	-2.10E-05	-1.66E-06	-2.20E-05	-1.25E-05
218	0	29.0121	18.9682	207.373	-22252.7	-9678.12	-2433.96	185.33	361.308	0	-2.10E-05	-1.66E-06	-2.20E-05	-1.25E-05
218	1	28.808	19.6121	208.724	-22357.4	-9705.42	-2383.51	185.501	361.114	0	-1.91E-05	5.51E-07	-4.00E-05	-1.38E-05
218	2	28.6039	20.2561	210.076	-22462	-9732.72	-2333.05	185.67	360.923	0	-2.01E-05	8.87E-07	-9.85E-06	-1.42E-05
218	3	28.3746	21.1372	211.203	-22560.7	-9787.42	-2309.34	185.659	360.82	0	-2.01E-05	8.87E-07	-9.85E-06	-1.42E-05
218	4	28.1454	22.0183	212.331	-22659.5	-9842.13	-2285.62	185.647	360.718	0	-2.13E-05	9.85E-07	7.19E-06	-1.38E-05
218	5	28.1277	23.0438	213.021	-22759.4	-9928.9	-2235.39	185.39	360.841	0	-2.13E-05	9.85E-07	7.19E-06	-1.38E-05
218	6	28.1099	24.0694	213.711	-22859.3	-10015.7	-2185.16	185.134	360.964	0	-2.33E-05	-2.15E-07	-3.17E-06	-1.58E-05
218	7	27.9266	24.9043	214.561	-22994.7	-10089.8	-2130.18	184.975	361.171	0	-2.33E-05	-2.15E-07	-3.17E-06	-1.58E-05
218	8	27.7433	25.7393	215.412	-23130.1	-10164	-2075.2	184.816	361.376	0	-2.16E-05	-1.25E-07	-1.77E-06	-2.18E-05
218	9	27.5068	26.3494	216.768	-23282.1	-10246.9	-1998.88	184.729	361.405	0	-2.16E-05	-1.25E-07	-1.77E-06	-2.18E-05
218	10	27.2703	26.9595	218.125	-23434.1	-10329.7	-1922.57	184.643	361.435	0	-2.01E-05	2.42E-06	4.76E-06	-2.56E-05
218	11	26.9064	27.5033	219.496	-23558.7	-10400.9	-1835.55	184.615	361.331	0	-1.96E-05	3.29E-06	-3.93E-06	-2.32E-05
218	12	26.5425	28.047	220.867	-23683.2	-10472.1	-1748.54	184.586	361.229	0	-1.96E-05	3.29E-06	-3.93E-06	-2.32E-05
218	13	26.0229	28.6552	222.072	-23792.8	-10507	-1683.77	184.687	361.14	0	-1.71E-05	1.16E-07	-1.58E-05	-1.86E-05
218	14	25.5032	29.2633	223.278	-23902.4	-10541.9	-1618.99	184.786	361.052	0	-1.71E-05	1.16E-07	-1.58E-05	-1.86E-05
218	15	25.2928	30.1353	224.786	-23945.4	-10567.3	-1553.23	184.99	360.526	0	-1.38E-05	2.32E-06	-1.75E-05	-1.36E-05
218	16	25.0825	31.0073	226.293	-23988.5	-10592.6	-1487.46	185.191	360.006	0	-1.38E-05	2.32E-06	-1.75E-05	-1.36E-05
218	17	25.0422	32.1553	227.416	-23932.6	-10646.2	-1431.14	185.186	359.237	0	-1.51E-05	5.25E-06	-1.97E-05	-8.38E-06
218	18	25.0019	33.3034	228.539	-23876.7	-10699.7	-1374.82	185.182	358.475	0	-1.51E-05	5.25E-06	-1.97E-05	-8.38E-06
218	19	24.9182	34.5022	228.717	-23865.5	-10727	-1322.23	185.099	358.345	0	-1.51E-05	5.44E-06	-2.48E-05	-2.86E-06
219	0	24.8346	35.701	228.896	-23854.4	-10754.3	-1269.64	185.016	358.215	0	-1.66E-05	5.15E-06	-3.12E-05	-1.72E-06
219	1	24.6545	36.6763	229.166	-23838.8	-10751.1	-1190.24	185.086	358.024	0	-1.66E-05	5.15E-06	-3.12E-05	-1.72E-06
219	2	24.4745	37.6516	229.437	-23823.2	-10747.9	-1110.84	185.155	357.833	0	-1.85E-05	7.26E-06	-3.36E-05	-8.07E-06
219	3	24.1077	38.2788	229.666	-23779.8	-10744.5	-1026.81	185.217	357.54	0	-1.85E-05	7.26E-06	-3.36E-05	-8.07E-06
219	4	23.7408	38.9059	229.896	-23736.3	-10741.1	-942.776	185.279	357.248	0	-1.82E-05	9.28E-06	-2.70E-05	-1.47E-05
219	5	23.3041	39.2965	229.805	-23738	-10728.8	-881.089	185.313	357.296	0	-1.82E-05	9.28E-06	-2.70E-05	-1.47E-05
219	6	22.8675	39.6871	229.713	-23739.6	-10716.5	-819.403	185.348	357.345	0	-1.66E-05	7.22E-06	-1.82E-05	-1.68E-05
219	7	22.4225	40.0462	229.454	-23764.3	-10742.9	-746.411	185.181	357.569	0	-1.66E-05	7.22E-06	-1.82E-05	-1.68E-05
219	8	21.9775	40.4052	229.194	-23789	-10769.3	-673.42	185.013	357.794	0	-1.78E-05	5.01E-06	-1.49E-05	-1.37E-05
219	9	21.6086	40.7677	228.384	-23794.5	-10809.2	-620.855	184.671	358.187	0	-1.90E-05	3.91E-06	-8.62E-06	-1.26E-05
219	10	21.2398	41.1301	227.574	-23800.1	-10849.2	-568.29	184.327	358.582	0	-1.90E-05	3.91E-06	-8.62E-06	-1.26E-05
219	11	20.7874	41.5943	226.906	-23757.5	-10851.5	-515.052	184.176	358.702	0	-1.91E-05	4.65E-06	-2.31E-06	-1.33E-05
219	12	20.3349	42.0584	226.238	-23714.8	-10853.8	-461.814	184.025	358.822	0	-1.91E-05	4.65E-06	-2.31E-06	-1.33E-05
219	13	19.9873	42.5245	225.512	-23627.6	-10835.1	-420.729	183.953	358.773	0	-2.02E-05	7.91E-06	8.17E-07	-1.23E-05
219	14	19.6397	42.9905	224.785	-23540.3	-10816.4	-379.644	183.881	358.723	0	-2.02E-05	7.91E-06	8.17E-07	-1.23E-05
219	15	19.2156	43.398	224.28	-23440.2	-10769.3	-339.952	183.983	358.513	0	-2.16E-05	1.11E-05	-5.96E-07	-9.62E-06
219	16	18.7915	43.8055	223.774	-23340.2	-10722.2	-300.259	184.085	358.303	0	-2.16E-05	1.11E-05	-5.96E-07	-9.62E-06
219	17	18.5566	43.9486	223.651	-23280.2	-10719.8	-248.244	184.069	358.091	0	-2.16E-05	1.14E-05	-2.70E-06	-6.54E-06
219	18	18.3217	44.0917	223.529	-23220.2	-10717.3	-196.228	184.054	357.88	0	-2.29E-05	1.04E-05	-3.65E-06	-1.11E-05
219	19	18.1687	44.2073	223.378	-23157.2	-10683.7	-143.257	184.172	357.668	0	-2.29E-05	1.04E-05	-3.65E-06	-1.11E-05
220	0	18.0156	44.323	223.227	-23094.2	-10650	-90.2857	184.29	357.456	0	-2.27E-05	8.92E-06	1.00E-05	-1.45E-05
220	1	18.0194	44.5968	223.198	-23000	-10601.3	-57.0634	184.503	357.047	0	-2.27E-05	8.92E-06	1.00E-05	-1.45E-05
220	2	18.0231	44.8707	223.169	-22905.7	-10552.6	-23.841	184.715	356.638	0	-2.51E-05	6.60E-06	9.20E-06	-1.36E-05
220	3	17.8208	45.1868	223.101	-22848.3	-10542.5	-7.66237	184.746	356.413	0	-2.51E-05	6.60E-06	9.20E-06	-1.36E-05
220	4	17.6185	45.5029	223.032	-22791	-10532.3	8.5163	184.777	356.187	0	-2.78E-05	2.91E-06	-1.74E-06	-1.35E-05
220	5	17.4546	45.6075	222.481	-22713.3	-10505.4	14.7664	184.781	356.091	0	-2.78E-05	2.91E-06	-1.74E-06	-1.35E-05
220	6	17.2907	45.7121	221.93	-22635.6	-10478.5	21.0165	184.785	355.995	0	-2.66E-05	-2.90E-06	-5.20E-06	-1.26E-05
220	7	17.1296	45.6465	221.144	-22573.2	-10469.1	24.5826	184.659	356.074	0	-2.57E-05	-2.83E-06	-4.63E-06	-1.07E-05
220	8	16.9685	45.581	220.359	-22510.7	-10459.7	28.1488	184.533	356.155	0	-2.57E-05	-2.83E-06	-4.63E-06	-1.07E-05
220	9	16.6344	45.2467	219.878	-22492	-10454.5	60.1154	184.453	356.293	0	-2.27E-05	-6.24E-07	-1.89E-06	-1.07E-05
220	10	16.3002	44.9125	219.397	-22473.3	-10449.3	92.082	184.373	356.432	0	-2.27E-05	-6.24E-07	-1.89E-06	-1.07E-05
220	11	15.9457	44.4445	218.785	-22478.9	-10445.6	89.4339	184.256	356.744	0	-2.32E-05	-4.07E-07	-6.80E-06	-1.13E-05
220	12	15.5911	43.9765	218.174	-22484.5	-10441.9	86.7857	184.14	357.058	0	-2.32E-05	-4.07E-07	-6.80E-06	-1.13E-05
220	13	15.3097	43.4293	217.339	-22489.9	-10456.3	94.2599	183.889	357.479	0	-2.26E-05	-3.65E-07	-9.53E-06	-1.17E-05
220	14	15.0283	42.882	216.504	-22495.4	-10470.8	101.734	183.637	357.903	0	-2.26E-05	-3.65E-07	-9.53E-06	-1.17E-05
220	15	14.6942	42.3399	216.233	-22463.7	-10485.4	106.133	183.509	357.887	0	-1.89E-05	3.32E-06	-4.31E-06	-1.23E-05
220	16	14.36	41.7977	215.961	-22432.1	-10500	110.532	183.38	357.871	0	-1.66E-05	8.30E-06	-7.24E-06	-1.31E-05
220	17	14.1111	41.4729	215.746	-22354.7	-10485.9	103.656	183.397	357.616	0	-1.66E-05	8.30E-06	-7.24E-06	-1.31E-05
220	18	13.8621	41.1482	215.531	-22277.3	-10471.8	96.7799	183.414	357.36	0	-1.62E-05	8.78E-06	-2.38E-05	-1.64E-05
220	19	13.7868	40.96	215.172	-22210.3	-10465.6	72.7401	183.362	357.221	0	-1.62E-05	8.78E-06	-2.38E-05	-1.64E-05
221	0	13.7116	40.7718	214.813	-22143.3	-10459.3	48.7003	183.31	357.081	0	-1.61E-05	9.25E-06	-4.29E-05	-1.58E-05
221	1	13.7177	40.5935	214.696	-22129.1	-10446.1	41.5785	183.345	357.072	0	-1.61E-05	9.25E-06	-4.29E-05	-1.58E-05
221	2	13.7239	40.4152	214.578	-22114.9	-10432.8	34.4567	183.38	357.062	0	-1.81E-05	1.03E-05	-3.82E-05	-1.63E-05
221	3	13.7434	40.0343	214.704	-22063.8	-10403.4	38.1381	183.545	356.764	0	-1.81E-05	1.03E-05	-3.82E-05	-1.63E-05
221	4	13.7629	39.6534	214.829	-22012.7	-10374	41.8195	183.711	356.466	0	-2.30E-05	9.62E-06	-1.36E-05	-1.54E-05
221	5	13.7436	39.1854	215.223	-22002.3	-10386.5	31.3532	183.741	356.23	0	-2.30E-05	8.85E-06	5.00E-06	-1.07E-05
221	6	13.7243	38.7175	215.617	-21991.8	-10399	20.8869	183.771	355.995	0	-2.30E-05	8.85E-06	5.00E-06	-1.07E-05
221	7	13.6223	38.1834	215.975	-22009.7	-10392.7	-5.14962	183.88	355.909	0	-2.15E-05	8.94E-06	1.26E-05	-9.21E-06
221	8	13.5203	37.6494	216.332	-22027.6	-10386.5	-31.1862	183.988	355.823	0	-2.15E-05	8.94E-06	1.26E-05	-9.21E-06
221	9	13.3971	37.2756	216.48	-22039.1	-10387.4	-70.3575	184.017	355.807	0	-2.43E-05	1.15E-05	1.82E-05	-9.13E-06
221	10	13.2739	36.9017	216.627	-22050.5	-10388.3	-109.529	184.045	355.79	0	-2.43E-05	1.15E-05	1.82E-05	-9.13E-06
221	11	13.0814	36.4397	216.718	-22030.3	-10439.7	-105.215	183.828	355.654	0	-2.37E-05	1.27E-05	2.56E-05	-9.85E-06
221	12	12.8889	35.9777	216.809	-22010.1	-10491.1	-100.901	183.611	355.518	0	-2.37E-05	1.27E-05	2.56E-05	-9.85E-06
221	13	12.649	35.6001	216.742	-22073.4	-10542.7	-118.364	183.358	355.842	0	-2.20E-05	8.90E-06	2.08E-05	-1.14E-05
221	14	12.4091	35.2225	216.674	-22136.7	-10594.3	-135.828	183.105	356.166	0	-2.03E-05	7.10E-06	-1.94E-06	-1.00E-05
221	15	12.1867	34.793	216.499	-22185.5	-10635.4	-148.348	182.875	356.474	0	-2.03E-05	7.10E-06	-1.94E-06	-1.00E-05
221	16	11.9644	34.3635	216.324	-22234.3	-10676.5	-160.868	182.646	356.782	0	-1.60E-05	8.18E-06	-3.03E-05	-9.13E-06
221	17	11.6473	33.9155	216.876	-22277.2	-10716.3	-162.379	182.588	356.719	0	-1.60E-05	8.18E-06	-3.03E-05	-9.13E-06
221	18	11.3302	33.4675	217.427	-22320.1	-10756	-163.89	182.531	356.656	0	-1.47E-05	6.50E-06	-4.78E-05	-1.16E-05
221	19	11.1847	32.9538	218.473	-22359.2	-10772.4	-171.843	182.692	356.343	0	-1.47E-05	6.50E-06	-4.78E-05	-1.16E-05
222	0	11.0393	32.4402	219.519	-22398.2	-10788.8	-179.796	182.853	356.033	0	-1.54E-05	3.84E-06	-2.88E-05	-1.19E-05
222	1	10.9541	32.1487	220.181	-22425.8	-10797	-156.176	182.963	355.852	0	-1.54E-05	3.84E-06	-2.88E-05	-1.19E-05
222	2	10.8688	31.8572	220.842	-22453.4	-10805.2	-132.556	183.073	355.672	0	-1.90E-05	1.58E-06	-1.24E-06	-1.23E-05
222	3	10.7706	31.8368	221.377	-22479.1	-10824.9	-135.371	183.102	355.542	0	-2.33E-05	1.53E-06	3.63E-06	-1.52E-05
222	4	10.6723	31.8163	221.913	-22504.7	-10844.5	-138.187	183.132	355.412	0	-2.33E-05	1.53E-06	3.63E-06	-1.52E-05
222	5	10.6126	31.8453	222.094	-22499.6	-10848.5	-145.54	183.153	355.307	0	-2.55E-05	4.91E-06	-1.45E-05	-1.61E-05
222	6	10.5529	31.8743	222.275	-22494.4	-10852.6	-152.892	183.175	355.201	0	-2.55E-05	4.91E-06	-1.45E-05	-1.61E-05
222	7	10.4602	31.853	222.862	-22484.7	-10873.3	-146.664	183.211	354.891	0	-2.61E-05	5.93E-06	-1.15E-05	-1.32E-05
222	8	10.3676	31.8316	223.449	-22475	-10894	-140.436	183.246	354.582	0	-2.61E-05	5.93E-06	-1.15E-05	-1.32E-05
222	9	10.1936	31.8553	224.461	-22486.6	-10929.4	-114.917	183.308	354.18	0	-2.41E-05	3.82E-06	2.21E-05	-9.18E-06
222	10	10.0195	31.8791	225.474	-22498.2	-10964.7	-89.3975	183.37	353.782	0	-2.41E-05	3.82E-06	2.21E-05	-9.18E-06
222	11	9.80048	31.8728	225.77	-22564.9	-11009.7	-69.4843	183.235	353.946	0	-2.23E-05	1.49E-06	2.90E-05	-1.06E-05
222	12	9.58142	31.8664	226.066	-22631.6	-11054.7	-49.5711	183.1	354.11	0	-2.18E-05	1.89E-06	4.64E-06	-1.53E-05
222	13	9.24239	31.7069	226.212	-22670.8	-11098.1	-35.7234	182.939	354.219	0	-2.18E-05	1.89E-06	4.64E-06	-1.53E-05
222	14	8.90336	31.5474	226.359	-22710.1	-11141.5	-21.8756	182.779	354.328	0	-2.16E-05	5.46E-06	-9.44E-09	-1.75E-05
222	15	8.54751	31.3497	226.603	-22790.6	-11162.1	-4.79326	182.742	354.575	0	-2.16E-05	5.46E-06	-9.44E-09	-1.75E-05
222	16	8.19167	31.1519	226.847	-22871.1	-11182.7	12.2891	182.704	354.822	0	-2.09E-05	6.79E-06	4.37E-06	-1.53E-05
222	17	7.85563	31.2316	227.355	-22954.7	-11213.7	38.379	182.678	354.964	0	-2.09E-05	6.79E-06	4.37E-06	-1.53E-05
222	18	7.5196	31.3112	227.864	-23038.3	-11244.6	64.469	182.652	355.106	0	-2.03E-05	4.97E-06	-2.72E-06	-1.39E-05
222	19	7.26523	31.4115	228.344	-23034.3	-11332.3	90.0227	182.372	354.875	0	-2.03E-05	4.97E-06	-2.72E-06	-1.39E-05
223	0	7.01087	31.5119	228.824	-23030.3	-11420	115.576	182.093	354.646	0	-2.02E-05	4.07E-06	-2.32E-05	-1.29E-05
223	1	6.75502	31.6359	229.145	-23053	-11407.9	127.58	182.215	354.604	0	-2.22E-05	7.03E-06	-3.30E-05	-1.40E-05
223	2	6.49917	31.76	229.467	-23075.7	-11395.9	139.584	182.337	354.562	0	-2.22E-05	7.03E-06	-3.30E-05	-1.40E-05
223	3	6.29733	31.9145	229.561	-23104.3	-11427.3	159.687	182.221	354.646	0	-2.51E-05	4.54E-06	-2.34E-05	-1.47E-05
223	4	6.09549	32.0689	229.655	-23133	-11458.6	179.79	182.105	354.729	0	-2.51E-05	4.54E-06	-2.34E-05	-1.47E-05
223	5	5.97005	32.3081	230.448	-23190.8	-11512.2	219.015	182.044	354.634	0	-2.76E-05	2.57E-06	-1.73E-05	-1.48E-05
223	6	5.84462	32.5473	231.24	-23248.7	-11565.8	258.24	181.983	354.539	0	-2.76E-05	2.57E-06	-1.73E-05	-1.48E-05
223	7	5.73169	32.8737	232.372	-23255.1	-11621.3	282.018	181.989	354.077	0	-2.59E-05	2.76E-06	-1.42E-05	-1.23E-05
223	8	5.61877	33.2	233.503	-23261.5	-11676.7	305.796	181.994	353.62	0	-2.59E-05	2.76E-06	-1.42E-05	-1.23E-05
223	9	5.4079	33.521	234.042	-23257.4	-11643	325.585	182.253	353.373	0	-2.06E-05	1.92E-06	-7.22E-06	-1.02E-05
223	10	5.19703	33.842	234.581	-23253.4	-11609.3	345.373	182.511	353.127	0	-1.92E-05	5.97E-07	-5.63E-06	-1.07E-05
223	11	4.97283	34.1847	235.306	-23303.7	-11622.2	391.603	182.608	353.036	0	-1.92E-05	5.97E-07	-5.63E-06	-1.07E-05
223	12	4.74864	34.5273	236.032	-23354.1	-11635.1	437.833	182.705	352.945	0	-2.08E-05	2.59E-06	-1.04E-05	-1.32E-05
223	13	4.50066	34.778	236.927	-23395.4	-11660	471.369	182.787	352.745	0	-2.08E-05	2.59E-06	-1.04E-05	-1.32E-05
223	14	4.25268	35.0286	237.823	-23436.8	-11684.8	504.905	182.868	352.547	0	-2.09E-05	4.96E-06	-2.62E-05	-1.24E-05
223	15	3.95339	35.1608	238.393	-23527.1	-11763.9	551.879	182.653	352.69	0	-2.09E-05	4.96E-06	-2.62E-05	-1.24E-05
223	16	3.6541	35.293	238.963	-23617.4	-11843	598.852	182.44	352.833	0	-2.24E-05	4.29E-06	-4.01E-05	-1.07E-05
223	17	3.30847	35.427	239.499	-23677.8	-11928.8	635.537	182.193	352.864	0	-2.24E-05	4.29E-06	-4.01E-05	-1.07E-05
223	18	2.96284	35.5609	240.036	-23738.2	-12014.6	672.222	181.947	352.894	0	-2.28E-05	2.90E-06	-3.71E-05	-9.21E-06
223	19	2.56527	35.8074	240.426	-23782.1	-12055.7	709.648	181.857	352.916	0	-2.16E-05	3.07E-06	-3.51E-05	-7.41E-06
224	0	2.16769	36.0539	240.816	-23825.9	-12096.7	747.075	181.768	352.939	0	-2.16E-05	3.07E-06	-3.51E-05	-7.41E-06
224	1	1.85457	36.2458	241.636	-23894.5	-12127.9	765.332	181.809	352.886	0	-2.01E-05	2.16E-06	-2.60E-05	-1.00E-05
224	2	1.54144	36.4377	242.456	-23963	-12159.1	783.588	181.85	352.835	0	-2.01E-05	2.16E-06	-2.60E-05	-1.00E-05
224	3	1.33924	36.5924	243.675	-24045	-12244.4	802.448	181.751	352.677	0	-1.91E-05	1.32E-06	8.98E-07	-1.28E-05
224	4	1.13703	36.7472	244.894	-24127	-12329.6	821.308	181.653	352.52	0	-1.91E-05	1.32E-06	8.98E-07	-1.28E-05
224	5	0.898555	37.0331	245.675	-24213.2	-12380.7	863.865	181.605	352.558	0	-2.02E-05	3.90E-06	8.56E-06	-1.30E-05
224	6	0.660079	37.319	246.455	-24299.3	-12431.8	906.423	181.557	352.595	0	-2.02E-05	3.90E-06	8.56E-06	-1.30E-05
224	7	0.442779	37.6612	247.601	-24317.5	-12469.3	951.376	181.64	352.212	0	-2.17E-05	8.06E-06	8.43E-06	-1.31E-05
224	8	0.225479	38.0033	248.747	-24335.7	-12506.7	996.329	181.721	351.833	0	-2.17E-05	6.65E-06	2.05E-07	-1.52E-05
224	9	-0.00727986	38.2873	249.884	-24393.3	-12562.4	1020.78	181.727	351.618	0	-2.17E-05	6.65E-06	2.05E-07	-1.52E-05
224	10	-0.240039	38.5713	251.021	-24450.9	-12618.1	1045.24	181.733	351.406	0	-1.96E-05	4.20E-06	-6.34E-06	-1.62E-05
224	11	-0.492743	38.9227	252.23	-24541	-12698.1	1073.1	181.657	351.296	0	-1.96E-05	4.20E-06	-6.34E-06	-1.62E-05
224	12	-0.745447	39.2741	253.438	-24631	-12778	1100.97	181.581	351.187	0	-1.71E-05	4.46E-06	2.70E-06	-1.36E-05
224	13	-0.956245	39.5942	254.965	-24711.2	-12823.2	1141.78	181.706	350.92	0	-1.71E-05	4.46E-06	2.70E-06	-1.36E-05
224	14	-1.16704	39.9143	256.492	-24791.5	-12868.3	1182.6	181.83	350.656	0	-1.38E-05	5.59E-06	6.19E-06	-9.37E-06
224	15	-1.41971	40.1217	257.636	-24880.7	-13006.2	1214.98	181.517	350.573	0	-1.38E-05	5.59E-06	6.19E-06	-9.37E-06
224	16	-1.67238	40.3291	258.781	-24970	-13144	1247.37	181.208	350.491	0	-1.14E-05	2.90E-06	1.47E-06	-1.48E-05
224	17	-1.92764	40.4441	260.344	-25087.1	-13241.4	1278.3	181.139	350.362	0	-1.29E-05	3.85E-06	-1.99E-06	-1.82E-05
224	18	-2.1829	40.5591	261.907	-25204.3	-13338.8	1309.23	181.071	350.234	0	-1.29E-05	3.85E-06	-1.99E-06	-1.82E-05
224	19	-2.57711	40.5707	263.556	-25332.6	-13395.2	1344.8	181.175	350.118	0	-1.54E-05	7.79E-06	-2.73E-06	-1.78E-05
225	0	-2.97132	40.5824	265.206	-25460.9	-13451.6	1380.37	181.279	350.004	0	-1.54E-05	7.79E-06	-2.73E-06	-1.78E-05
225	1	-3.3967	40.6192	266.496	-25587.3	-13549	1412.26	181.159	350.014	0	-1.90E-05	7.19E-06	-2.39E-06	-1.66E-05
225	2	-3.82208	40.6561	267.786	-25713.7	-13646.4	1444.14	181.04	350.023	0	-1.90E-05	7.19E-06	-2.39E-06	-1.66E-05
225	3	-4.03063	40.8428	269.051	-25860.8	-13748.8	1463.94	180.899	350.119	0	-2.45E-05	7.36E-06	-5.34E-06	-1.28E-05
225	4	-4.23918	41.0295	270.316	-26007.9	-13851.2	1483.74	180.759	350.213	0	-2.45E-05	7.36E-06	-5.34E-06	-1.28E-05
225	5	-4.48661	41.2204	271.852	-26124.7	-13938.3	1533.73	180.729	350.099	0	-3.18E-05	9.21E-06	-9.28E-06	-7.18E-06
225	6	-4.73404	41.4112	273.388	-26241.5	-14025.4	1583.73	180.698	349.986	0	-3.33E-05	9.16E-06	-1.00E-05	-9.82E-07
225	7	-4.96529	41.4436	275.099	-26342.4	-14139.1	1604.04	180.604	349.756	0	-3.33E-05	9.16E-06	-1.00E-05	-9.82E-07
225	8	-5.19654	41.4761	276.81	-26443.4	-14252.9	1624.34	180.51	349.529	0	-3.25E-05	8.95E-06	-1.29E-05	-2.70E-06
225	9	-5.30821	41.6016	278.585	-26539.3	-14362.6	1635.63	180.444	349.265	0	-3.25E-05	8.95E-06	-1.29E-05	-2.70E-06
225	10	-5.41988	41.7272	280.359	-26635.1	-14472.4	1646.92	180.379	349.004	0	-3.18E-05	4.20E-06	-1.20E-05	-8.17E-06
225	11	-5.5779	41.9325	282.223	-26740.6	-14562.3	1657.06	180.401	348.75	0	-3.18E-05	4.20E-06	-1.20E-05	-8.17E-06
225	12	-5.73592	42.1379	284.087	-26846	-14652.2	1667.2	180.423	348.499	0	-3.01E-05	4.39E-06	-9.08E-06	-1.03E-05
225	13	-5.96179	42.2318	286.102	-26944.8	-14712.5	1684.5	180.576	348.179	0	-3.01E-05	4.39E-06	-9.08E-06	-1.03E-05
225	14	-6.18765	42.3258	288.117	-27043.6	-14772.7	1701.81	180.727	347.863	0	-2.75E-05	4.21E-06	-1.47E-05	-1.28E-05
225	15	-6.32892	42.4501	290.184	-27200.7	-14866.8	1724.09	180.768	347.736	0	-2.19E-05	-4.53E-06	-1.85E-05	-1.47E-05
225	16	-6.47019	42.5744	292.251	-27357.8	-14960.9	1746.37	180.808	347.611	0	-2.19E-05	-4.53E-06	-1.85E-05	-1.47E-05
225	17	-6.57474	42.5905	293.943	-27508.7	-15124.5	1769.78	180.546	347.585	0	-1.78E-05	-7.97E-06	-2.83E-05	-1.36E-05
225	18	-6.67928	42.6066	295.636	-27659.5	-15288.2	1793.2	180.287	347.559	0	-1.78E-05	-7.97E-06	-2.83E-05	-1.36E-05
225	19	-6.89015	42.5198	297.708	-27802.8	-15413.2	1794.47	180.227	347.39	0	-1.22E-05	-3.58E-06	-4.28E-05	-1.59E-05
226	0	-7.10103	42.4331	299.779	-27946	-15538.2	1795.74	180.168	347.222	0	-1.22E-05	-3.58E-06	-4.28E-05	-1.59E-05
226	1	-7.37879	42.4385	301.587	-28148.8	-15625.5	1806.24	180.189	347.335	0	-6.97E-06	1.01E-06	-4.70E-05	-1.84E-05
226	2	-7.65655	42.444	303.395	-28351.5	-15712.8	1816.75	180.21	347.447	0	-6.97E-06	1.01E-06	-4.70E-05	-1.84E-05
226	3	-7.94337	42.3917	305.552	-28464.7	-15836	1836.11	180.172	347.158	0	-1.13E-05	2.37E-08	-4.57E-05	-2.06E-05
226	4	-8.2302	42.3394	307.71	-28578	-15959.2	1855.48	180.135	346.873	0	-2.35E-05	1.68E-07	-2.80E-05	-1.51E-05
226	5	-8.43925	42.2221	309.663	-28721.3	-16094.6	1883.5	180.026	346.75	0	-2.35E-05	1.68E-07	-2.80E-05	-1.51E-05
226	6	-8.64829	42.1048	311.617	-28864.6	-16229.9	1911.51	179.917	346.628	0	-3.28E-05	1.24E-06	-1.34E-05	-8.71E-06
226	7	-8.77511	42.1081	313.843	-29022.1	-16386.4	1921.94	179.788	346.473	0	-3.28E-05	1.24E-06	-1.34E-05	-8.71E-06
226	8	-8.90193	42.1114	316.069	-29179.6	-16543	1932.37	179.66	346.32	0	-3.49E-05	8.55E-06	-7.41E-06	-7.16E-06
226	9	-9.10498	42.1592	318.235	-29320.4	-16668.8	1938.2	179.621	346.134	0	-3.49E-05	8.55E-06	-7.41E-06	-7.16E-06
226	10	-9.30802	42.2071	320.402	-29461.3	-16794.7	1944.04	179.582	345.951	0	-3.30E-05	1.24E-05	2.17E-05	-1.19E-05
226	11	-9.48082	42.2416	322.632	-29565.8	-16914.8	1957.48	179.572	345.639	0	-3.30E-05	1.24E-05	2.17E-05	-1.19E-05
226	12	-9.65362	42.2761	324.862	-29670.2	-17035	1970.92	179.562	345.332	0	-2.63E-05	4.49E-06	3.22E-05	-1.80E-05
226	13	-9.7184	42.3719	327.301	-29799.7	-17218.8	2000.21	179.392	345.047	0	-1.20E-05	-2.21E-08	3.63E-05	-1.81E-05
226	14	-9.78318	42.4677	329.741	-29929.1	-17402.6	2029.49	179.223	344.766	0	-1.20E-05	-2.21E-08	3.63E-05	-1.81E-05
226	15	-9.79791	42.4719	332.363	-30054.7	-17535.8	2026.1	179.239	344.427	0	-1.73E-06	-1.74E-06	4.98E-05	-1.17E-05
226	16	-9.81264	42.4762	334.985	-30180.3	-17669	2022.7	179.254	344.094	0	-1.73E-06	-1.74E-06	4.98E-05	-1.17E-05
226	17	-9.92589	42.5905	337.538	-30309.1	-17824	2019.55	179.194	343.795	0	3.00E-06	-5.49E-06	1.27E-05	-3.79E-06
226	18	-10.0391	42.7048	340.091	-30437.8	-17979.1	2016.4	179.134	343.499	0	3.00E-06	-5.49E-06	1.27E-05	-3.79E-06
226	19	-10.1503	42.6983	342.738	-30564.1	-18178.8	2030.2	178.96	343.176	0	1.48E-06	-6.22E-06	-2.45E-05	3.53E-07
227	0	-10.2615	42.6918	345.386	-30690.4	-18378.5	2044.01	178.788	342.858	0	1.48E-06	-6.22E-06	-2.45E-05	3.53E-07
227	1	-10.3753	42.6862	348.549	-30829.2	-18616.7	2082.84	178.588	342.45	0	-8.16E-06	6.39E-07	-1.90E-05	3.39E-06
227	2	-10.489	42.6806	351.712	-30967.9	-18854.9	2121.67	178.391	342.049	0	-1.74E-05	5.61E-06	-8.11E-06	-5.66E-06
227	3	-10.6962	42.8274	354.774	-31094.9	-19074.5	2141.16	178.235	341.647	0	-1.74E-05	5.61E-06	-8.11E-06	-5.66E-06
227	4	-10.9034	42.9741	357.836	-31221.9	-19294.1	2160.66	178.081	341.252	0	-2.80E-05	5.97E-06	-1.75E-05	-1.86E-05
227	5	-11.0235	43.1496	360.444	-31359.2	-19481.5	2187.92	177.951	341.002	0	-2.80E-05	5.97E-06	-1.75E-05	-1.86E-05
227	6	-11.1437	43.3251	363.052	-31496.5	-19668.9	2215.18	177.824	340.755	0	-3.73E-05	5.87E-06	3.03E-06	-1.81E-05
227	7	-11.4974	43.4732	366.276	-31643.8	-19928.5	2270.63	177.592	340.393	0	-3.73E-05	5.87E-06	3.03E-06	-1.81E-05
227	8	-11.8511	43.6212	369.501	-31791.2	-20188.1	2326.09	177.364	340.038	0	-3.36E-05	8.08E-06	1.06E-05	-1.70E-05
227	9	-12.3524	43.9546	373.257	-31913.7	-20459.9	2375.72	177.186	339.501	0	-3.36E-05	8.08E-06	1.06E-05	-1.70E-05
227	10	-12.8537	44.2879	377.014	-32036.2	-20731.7	2425.35	177.011	338.974	0	-2.81E-05	9.23E-06	4.51E-06	-1.74E-05
227	11	-13.2557	44.7987	380.441	-32205.2	-20944.8	2476.14	176.946	338.652	0	-3.12E-05	8.80E-06	-1.04E-05	-1.80E-05
227	12	-13.6578	45.3096	383.868	-32374.1	-21158	2526.94	176.882	338.337	0	-3.12E-05	8.80E-06	-1.04E-05	-1.80E-05
227	13	-13.8743	45.7012	387.804	-32505.9	-21391	2578.31	176.841	337.82	0	-2.96E-05	5.83E-06	-1.70E-05	-1.94E-05
227	14	-14.0907	46.0928	391.741	-32637.7	-21624.1	2629.68	176.8	337.314	0	-2.96E-05	5.83E-06	-1.70E-05	-1.94E-05
227	15	-14.2412	46.5479	395.711	-32763.6	-21916	2695.84	176.616	336.797	0	-2.40E-05	3.57E-06	-4.41E-05	-2.09E-05
227	16	-14.3916	47.003	399.681	-32889.5	-22207.9	2762	176.436	336.289	0	-2.40E-05	3.57E-06	-4.41E-05	-2.09E-05
227	17	-14.5999	47.6051	403.556	-33025.2	-22459.9	2817.63	176.345	335.835	0	-1.71E-05	4.34E-06	-8.06E-05	-2.01E-05
227	18	-14.8082	48.2072	407.431	-33160.8	-22711.8	2873.25	176.256	335.39	0	-1.71E-05	4.34E-06	-8.06E-05	-2.01E-05
227	19	-14.9943	48.8541	410.823	-33316.6	-22945.3	2915.26	176.148	335.097	0	-1.41E-05	7.27E-06	-6.02E-05	-1.74E-05
228	0	-15.1805	49.501	414.215	-33472.5	-23178.8	2957.27	176.042	334.809	0	-1.25E-05	7.17E-06	-1.34E-05	-1.37E-05
228	1	-15.3653	50.1327	417.669	-33614	-23368.5	3003.65	176.05	334.48	0	-1.25E-05	7.17E-06	-1.34E-05	-1.37E-05
228	2	-15.5502	50.7645	421.123	-33755.6	-23558.2	3050.04	176.059	334.156	0	-7.82E-06	5.06E-06	7.10E-07	-1.17E-05
228	3	-15.6501	51.3477	424.464	-33886	-23831.8	3112.83	175.855	333.832	0	-7.82E-06	5.06E-06	7.10E-07	-1.17E-05
228	4	-15.75	51.9309	427.805	-34016.4	-24105.3	3175.63	175.654	333.514	0	5.97E-06	6.33E-06	-8.51E-06	-1.46E-05
228	5	-15.6922	52.4184	431.119	-34162.7	-24327.7	3214.8	175.571	333.242	0	5.97E-06	6.33E-06	-8.51E-06	-1.46E-05
228	6	-15.6345	52.906	434.434	-34309	-24550.1	3253.97	175.489	332.974	0	5.22E-06	6.48E-06	-8.96E-06	-1.69E-05
228	7	-15.4881	53.4368	437.713	-34456.5	-24755.2	3283.88	175.444	332.719	0	5.22E-06	6.48E-06	-8.96E-06	-1.69E-05
228	8	-15.3416	53.9676	440.991	-34603.9	-24960.2	3313.79	175.4	332.468	0	-4.47E-06	2.64E-06	-2.48E-06	-1.84E-05
228	9	-15.195	54.4237	444.091	-34673.8	-25189.8	3335.98	175.278	332.078	0	-1.61E-05	2.70E-08	-1.10E-05	-1.90E-05
228	10	-15.0484	54.8798	447.191	-34743.7	-25419.4	3358.17	175.158	331.693	0	-1.61E-05	2.70E-08	-1.10E-05	-1.90E-05
228	11	-14.8025	55.4257	450.083	-34870.8	-25610.3	3379.25	175.099	331.476	0	-2.77E-05	-2.30E-06	-1.46E-05	-1.88E-05
228	12	-14.5566	55.9715	452.976	-34997.9	-25801.1	3400.33	175.041	331.262	0	-2.77E-05	-2.30E-06	-1.46E-05	-1.88E-05
228	13	-14.2078	56.486	456.079	-35104.4	-25941.1	3424.09	175.122	330.97	0	-3.14E-05	-4.49E-06	-1.20E-05	-1.77E-05
228	14	-13.8589	57.0004	459.183	-35210.8	-26081.1	3447.85	175.201	330.681	0	-3.14E-05	-4.49E-06	-1.20E-05	-1.77E-05
228	15	-13.4394	57.4839	461.988	-35301.4	-26303.6	3475.75	175.064	330.412	0	-2.95E-05	-1.15E-06	-9.81E-06	-1.57E-05
228	16	-13.0198	57.9674	464.793	-35391.9	-26526	3503.64	174.929	330.146	0	-2.95E-05	-1.15E-06	-9.81E-06	-1.57E-05
228	17	-12.5956	58.4729	467.795	-35482.2	-26704.2	3526.73	174.915	329.85	0	-3.06E-05	-8.41E-07	-6.65E-06	-1.36E-05
228	18	-12.1715	58.9785	470.797	-35572.5	-26882.3	3549.82	174.9	329.558	0	-3.37E-05	6.91E-07	-3.14E-06	-1.08E-05
228	19	-11.7548	59.342	473.18	-35727.9	-27026.4	3549.86	174.883	329.506	0	-3.37E-05	6.91E-07	-3.14E-06	-1.08E-05
229	0	-11.3382	59.7055	475.564	-35883.2	-27170.5	3549.9	174.867	329.454	0	-3.11E-05	3.81E-06	-2.31E-06	-6.47E-06
229	1	-10.9603	59.9792	478.331	-36025.1	-27285.5	3572.35	174.957	329.314	0	-3.11E-05	3.81E-06	-2.31E-06	-6.47E-06
229	2	-10.5825	60.253	481.098	-36167	-27400.4	3594.79	175.046	329.176	0	-2.75E-05	3.62E-06	6.03E-07	-8.05E-06
229	3	-10.2922	60.5855	483.241	-36262	-27563.5	3636.15	174.961	329.039	0	-2.75E-05	3.62E-06	6.03E-07	-8.05E-06
229	4	-10.0019	60.9181	485.384	-36357	-27726.5	3677.51	174.877	328.904	0	-2.91E-05	3.96E-06	-3.75E-06	-1.46E-05
229	5	-9.67744	61.1528	487.641	-36453.8	-27875	3678.39	174.837	328.755	0	-2.91E-05	3.96E-06	-3.75E-06	-1.46E-05
229	6	-9.35297	61.3876	489.899	-36550.5	-28023.4	3679.28	174.798	328.608	0	-2.85E-05	3.47E-06	-1.66E-05	-1.71E-05
229	7	-9.02729	61.5603	492.106	-36651	-28172.6	3671.82	174.751	328.478	0	-2.47E-05	9.33E-06	-2.51E-05	-1.54E-05
229	8	-8.70161	61.7331	494.313	-36751.5	-28321.7	3664.37	174.705	328.349	0	-2.47E-05	9.33E-06	-2.51E-05	-1.54E-05
229	9	-8.49758	61.8985	496.804	-36820.6	-28480.6	3686.17	174.672	328.115	0	-2.72E-05	1.01E-05	-2.77E-05	-9.40E-06
229	10	-8.29356	62.064	499.294	-36889.6	-28639.4	3707.97	174.64	327.884	0	-2.72E-05	1.01E-05	-2.77E-05	-9.40E-06
229	11	-8.16256	62.1869	501.343	-36970.7	-28771.9	3714.67	174.61	327.743	0	-3.05E-05	1.24E-05	-2.03E-05	-6.12E-06
229	12	-8.03157	62.3097	503.392	-37051.9	-28904.4	3721.37	174.581	327.604	0	-3.05E-05	1.24E-05	-2.03E-05	-6.12E-06
229	13	-7.72928	62.415	505.654	-37185.6	-29082.7	3724.44	174.485	327.54	0	-2.93E-05	1.59E-05	-9.28E-06	-4.48E-06
229	14	-7.427	62.5204	507.915	-37319.4	-29261.1	3727.51	174.39	327.476	0	-2.93E-05	1.59E-05	-9.28E-06	-4.48E-06
229	15	-7.33885	62.5197	510.173	-37382.2	-29411.4	3741.91	174.35	327.274	0	-2.12E-05	7.42E-06	9.08E-06	-4.86E-06
229	16	-7.2507	62.5191	512.43	-37445	-29561.7	3756.32	174.311	327.073	0	-1.53E-05	2.80E-06	1.66E-05	-9.04E-06
229	17	-7.27985	62.5634	514.865	-37537.6	-29666.4	3783.92	174.38	326.908	0	-1.53E-05	2.80E-06	1.66E-05	-9.04E-06
229	18	-7.309	62.6076	517.3	-37630.2	-29771	3811.53	174.449	326.743	0	-8.28E-06	4.72E-06	9.26E-06	-9.90E-06
229	19	-7.10565	62.6066	519.494	-37712.4	-29908.8	3815.18	174.427	326.594	0	-8.28E-06	4.72E-06	9.26E-06	-9.90E-06
230	0	-6.90231	62.6056	521.688	-37794.5	-30046.6	3818.82	174.405	326.447	0	-3.83E-06	5.35E-06	-9.68E-06	-1.02E-05
230	1	-6.81797	62.6974	524.136	-37876.9	-30198.1	3803.27	174.385	326.266	0	-3.83E-06	5.35E-06	-9.68E-06	-1.02E-05
230	2	-6.73364	62.7892	526.583	-37959.3	-30349.5	3787.72	174.365	326.086	0	-6.30E-06	1.33E-06	-1.49E-05	-1.21E-05
230	3	-6.65796	62.8108	528.957	-38046.5	-30490.6	3806.84	174.357	325.927	0	-6.30E-06	1.33E-06	-1.49E-05	-1.21E-05
230	4	-6.58228	62.8324	531.331	-38133.7	-30631.7	3825.95	174.349	325.77	0	-1.12E-05	-2.58E-06	-1.68E-05	-1.30E-05
230	5	-6.50595	62.7191	533.734	-38258.7	-30802.8	3849.51	174.288	325.681	0	-2.01E-05	6.23E-06	-1.15E-05	-1.23E-05
230	6	-6.42962	62.6058	536.137	-38383.6	-30973.9	3873.07	174.228	325.593	0	-2.01E-05	6.23E-06	-1.15E-05	-1.23E-05
230	7	-6.33436	62.484	538.539	-38441.7	-31139.8	3860.49	174.177	325.381	0	-2.73E-05	1.16E-05	-9.30E-06	-9.95E-06
230	8	-6.23909	62.3622	540.942	-38499.7	-31305.7	3847.91	174.127	325.172	0	-2.73E-05	1.16E-05	-9.30E-06	-9.95E-06
230	9	-6.30823	62.2261	542.965	-38611.5	-31402.6	3867.06	174.165	325.112	0	-2.75E-05	6.14E-06	5.18E-06	-8.46E-06
230	10	-6.37737	62.0901	544.988	-38723.3	-31499.6	3886.22	174.201	325.053	0	-2.75E-05	6.14E-06	5.18E-06	-8.46E-06
230	11	-6.31731	62.0373	547.336	-38800.1	-31669.9	3912.32	174.138	324.889	0	-2.33E-05	2.08E-06	2.14E-05	-9.78E-06
230	12	-6.25725	61.9846	549.683	-38876.9	-31840.1	3938.42	174.075	324.726	0	-2.33E-05	2.08E-06	2.14E-05	-9.78E-06
230	13	-6.25725	61.9909	551.981	-38965.6	-31976	3922.85	174.071	324.592	0	-1.66E-05	4.37E-06	1.98E-05	-9.04E-06
230	14	-6.25725	61.9971	554.279	-39054.2	-32111.9	3907.27	174.066	324.459	0	-1.52E-05	2.74E-06	5.70E-06	-9.11E-06
230	15	-6.2065	61.8122	556.484	-39158.3	-32267.4	3900.95	174.016	324.367	0	-1.52E-05	2.74E-06	5.70E-06	-9.11E-06
230	16	-6.15574	61.6273	558.688	-39262.4	-32423	3894.62	173.966	324.276	0	-1.99E-05	-9.12E-07	-5.92E-06	-1.05E-05
230	17	-6.15442	61.5613	560.646	-39353.2	-32551.6	3913.57	173.939	324.193	0	-1.99E-05	-9.12E-07	-5.92E-06	-1.05E-05
230	18	-6.1531	61.4953	562.603	-39444	-32680.3	3932.53	173.912	324.11	0	-1.46E-05	2.59E-07	-7.96E-06	-1.09E-05
230	19	-6.07865	61.5416	565.126	-39521.7	-32794.2	3949.93	173.97	323.934	0	-1.46E-05	2.59E-07	-7.96E-06	-1.09E-05
231	0	-6.00419	61.5879	567.649	-39599.4	-32908.1	3967.34	174.027	323.76	0	-1.03E-05	3.65E-06	-6.35E-06	-1.10E-05
231	1	-5.89045	61.6392	569.818	-39658.9	-33075.3	3990.4	173.955	323.599	0	-1.03E-05	3.65E-06	-6.35E-06	-1.10E-05
231	2	-5.77671	61.6905	571.986	-39718.5	-33242.5	4013.46	173.882	323.44	0	-1.13E-05	2.04E-06	-6.42E-06	-1.17E-05
231	3	-5.7008	61.8494	574.422	-39789	-33372.9	4021.92	173.902	323.268	0	-1.71E-05	2.63E-07	-7.74E-06	-1.16E-05
231	4	-5.62489	62.0083	576.859	-39859.5	-33503.3	4030.37	173.921	323.097	0	-1.71E-05	2.63E-07	-7.74E-06	-1.16E-05
231	5	-5.55065	62.1293	578.898	-39937.6	-33606.5	4055.09	173.947	322.989	0	-2.81E-05	8.87E-07	-7.96E-06	-1.17E-05
231	6	-5.47642	62.2503	580.938	-40015.8	-33709.8	4079.81	173.974	322.881	0	-2.81E-05	8.87E-07	-7.96E-06	-1.17E-05
231	7	-5.36932	62.3485	582.473	-40062.2	-33835.1	4102.54	173.911	322.78	0	-3.91E-05	2.65E-06	-8.65E-06	-1.26E-05
231	8	-5.26221	62.4466	584.009	-40108.7	-33960.5	4125.27	173.849	322.678	0	-3.91E-05	2.65E-06	-8.65E-06	-1.26E-05
231	9	-5.1639	62.6372	585.547	-40175.8	-34079.2	4124.69	173.799	322.612	0	-4.14E-05	1.23E-05	-1.06E-05	-1.20E-05
231	10	-5.06559	62.8278	587.085	-40242.9	-34197.8	4124.12	173.75	322.547	0	-4.14E-05	1.23E-05	-1.06E-05	-1.20E-05
231	11	-5.23788	62.9728	588.828	-40264.2	-34276.2	4153.18	173.789	322.38	0	-3.70E-05	1.66E-05	-1.34E-05	-1.25E-05
231	12	-5.41016	63.1179	590.571	-40285.5	-34354.6	4182.24	173.828	322.214	0	-3.57E-05	1.52E-05	-1.72E-05	-1.40E-05
231	13	-5.46813	63.2377	591.93	-40338.5	-34452.2	4205.59	173.797	322.148	0	-3.57E-05	1.52E-05	-1.72E-05	-1.40E-05
231	14	-5.5261	63.3576	593.288	-40391.6	-34549.8	4228.94	173.766	322.081	0	-3.31E-05	1.42E-05	-2.46E-05	-1.40E-05
231	15	-5.30658	63.4637	594.759	-40452.8	-34689.9	4269.88	173.674	322.016	0	-3.31E-05	1.42E-05	-2.46E-05	-1.40E-05
231	16	-5.08706	63.5699	596.23	-40514	-34830	4310.82	173.583	321.95	0	-3.16E-05	1.12E-05	-2.21E-05	-1.23E-05
231	17	-4.99001	63.6841	598.056	-40564	-34915.5	4324.85	173.618	321.826	0	-3.16E-05	1.12E-05	-2.21E-05	-1.23E-05
231	18	-4.89296	63.7982	599.882	-40614	-35001	4338.88	173.654	321.703	0	-3.46E-05	7.51E-06	-2.26E-05	-1.31E-05
231	19	-4.99125	64.0554	601.121	-40641.1	-35064.2	4373.69	173.669	321.609	0	-3.46E-05	7.51E-06	-2.26E-05	-1.31E-05
232	0	-5.08954	64.3126	602.359	-40668.2	-35127.3	4408.5	173.684	321.515	0	-3.22E-05	1.62E-06	-3.22E-05	-1.62E-05
232	1	-5.10113	64.5939	603.506	-40706.6	-35218.6	4437.58	173.643	321.45	0	-2.16E-05	-7.65E-06	-3.05E-05	-1.46E-05
232	2	-5.11271	64.8752	604.653	-40745	-35309.9	4466.66	173.603	321.386	0	-2.16E-05	-7.65E-06	-3.05E-05	-1.46E-05
232	3	-5.08027	65.0947	606.033	-40756.5	-35436.5	4485.27	173.527	321.251	0	-1.39E-05	-5.50E-06	-9.73E-06	-1.23E-05
232	4	-5.04782	65.3141	607.412	-40768	-35563.1	4503.88	173.452	321.118	0	-1.39E-05	-5.50E-06	-9.73E-06	-1.23E-05
232	5	-5.11714	65.3891	608.709	-40753.2	-35659.9	4541.38	173.417	320.95	0	-1.29E-05	-1.06E-06	2.42E-05	-1.28E-05
232	6	-5.18646	65.464	610.006	-40738.5	-35756.8	4578.88	173.383	320.784	0	-1.29E-05	-1.06E-06	2.42E-05	-1.28E-05
232	7	-5.16231	65.6161	611.303	-40784.7	-35821.3	4604.66	173.402	320.718	0	-1.49E-05	4.48E-08	3.70E-05	-1.43E-05
232	8	-5.13816	65.7681	612.599	-40831	-35885.7	4630.43	173.421	320.652	0	-1.49E-05	4.48E-08	3.70E-05	-1.43E-05
232	9	-5.01581	65.9944	614.017	-40867.3	-35972.8	4656.27	173.414	320.557	0	-1.77E-05	2.75E-06	2.42E-05	-1.50E-05
232	10	-4.89345	66.2206	615.435	-40903.6	-36059.8	4682.1	173.408	320.463	0	-1.72E-05	5.20E-06	3.63E-06	-1.75E-05
232	11	-4.87847	66.2722	616.823	-40899.4	-36160.5	4700.16	173.376	320.307	0	-1.72E-05	5.20E-06	3.63E-06	-1.75E-05
232	12	-4.86348	66.3237	618.21	-40895.2	-36261.3	4718.21	173.345	320.151	0	-1.08E-05	5.20E-06	-5.64E-06	-2.02E-05
232	13	-5.03002	66.3159	619.02	-40882.7	-36324.5	4754.31	173.319	320.044	0	-1.08E-05	5.20E-06	-5.64E-06	-2.02E-05
232	14	-5.19656	66.3081	619.83	-40870.3	-36387.7	4790.41	173.294	319.938	0	-9.20E-06	5.49E-06	-4.20E-06	-2.20E-05
232	15	-5.22767	66.4928	621.386	-40872.5	-36456.3	4833.85	173.331	319.776	0	-9.20E-06	5.49E-06	-4.20E-06	-2.20E-05
232	16	-5.25878	66.6776	622.942	-40874.6	-36524.9	4877.28	173.367	319.615	0	-1.61E-05	6.88E-06	-5.08E-06	-1.89E-05
232	17	-5.25695	66.7292	624.087	-40934.5	-36597.6	4889.72	173.358	319.591	0	-1.61E-05	6.88E-06	-5.08E-06	-1.89E-05
232	18	-5.25512	66.7808	625.232	-40994.4	-36670.4	4902.15	173.349	319.567	0	-2.28E-05	4.68E-06	-1.36E-05	-1.31E-05
232	19	-5.22393	66.68	626.196	-41029.7	-36764.3	4899.5	173.29	319.522	0	-2.70E-05	3.64E-06	-3.13E-05	-1.18E-05
233	0	-5.19275	66.5792	627.16	-41065.1	-36858.2	4896.84	173.23	319.478	0	-2.70E-05	3.64E-06	-3.13E-05	-1.18E-05
233	1	-5.14243	66.5789	628.274	-41056.3	-36905.1	4918.22	173.26	319.348	0	-2.12E-05	3.60E-06	-2.45E-05	-1.62E-05
233	2	-5.09211	66.5785	629.389	-41047.5	-36952.1	4939.59	173.289	319.218	0	-2.12E-05	3.60E-06	-2.45E-05	-1.62E-05
233	3	-5.06823	66.7068	630.754	-41058	-37056	4972.94	173.251	319.094	0	-1.15E-05	-1.53E-06	-3.57E-05	-1.02E-05
233	4	-5.04434	66.835	632.12	-41068.5	-37159.9	5006.29	173.214	318.969	0	-1.15E-05	-1.53E-06	-3.57E-05	-1.02E-05
233	5	-5.0362	66.9495	633.556	-41106.5	-37270.1	5012.75	173.173	318.882	0	-6.12E-06	-4.58E-06	-1.48E-05	1.23E-07
233	6	-5.02806	67.0641	634.992	-41144.6	-37380.3	5019.21	173.133	318.796	0	-6.12E-06	-4.58E-06	-1.48E-05	1.23E-07
233	7	-5.13351	67.1924	635.971	-41158.9	-37415.5	5027.13	173.168	318.718	0	8.78E-07	-3.53E-06	4.30E-05	-2.99E-06
233	8	-5.23895	67.3207	636.951	-41173.1	-37450.6	5035.05	173.203	318.641	0	1.00E-05	-1.22E-06	-2.47E-06	-8.34E-06
233	9	-5.11269	67.3495	638.196	-41149.7	-37528.2	5059.02	173.196	318.478	0	1.00E-05	-1.22E-06	-2.47E-06	-8.34E-06
233	10	-4.98642	67.3784	639.441	-41126.2	-37605.8	5082.99	173.19	318.316	0	1.38E-05	2.50E-06	-8.99E-05	-1.14E-05
233	11	-4.84377	67.2799	640.617	-41122.7	-37710.8	5098.17	173.134	318.192	0	1.38E-05	2.50E-06	-8.99E-05	-1.14E-05
233	12	-4.70112	67.1813	641.793	-41119.2	-37815.9	5113.35	173.078	318.069	0	3.79E-06	1.53E-05	-9.98E-05	-1.30E-05
233	13	-4.71548	67.2794	642.846	-41157	-37869.6	5116.84	173.091	318.023	0	3.79E-06	1.53E-05	-9.98E-05	-1.30E-05
233	14	-4.72983	67.3776	643.899	-41194.7	-37923.3	5120.33	173.104	317.977	0	-1.92E-05	1.81E-05	-6.57E-05	-1.16E-05
233	15	-4.81359	67.39	645.581	-41200.8	-37995.9	5140	173.145	317.82	0	-1.92E-05	1.81E-05	-6.57E-05	-1.16E-05
233	16	-4.89734	67.4025	647.264	-41207	-38068.5	5159.68	173.186	317.663	0	-4.67E-05	9.81E-06	-3.92E-05	-6.45E-06
233	17	-4.89044	67.4232	648.648	-41193	-38159.3	5172.1	173.171	317.506	0	-5.95E-05	5.47E-06	9.09E-06	-7.36E-06
233	18	-4.88354	67.4438	650.032	-41179.1	-38250.2	5184.53	173.156	317.349	0	-5.95E-05	5.47E-06	9.09E-06	-7.36E-06
233	19	-4.8213	67.3684	650.459	-41199.9	-38351.7	5202.66	173.039	317.34	0	-6.14E-05	7.41E-06	4.47E-05	-1.06E-05
234	0	-4.75906	67.293	650.887	-41220.7	-38453.2	5220.79	172.922	317.33	0	-6.14E-05	7.41E-06	4.47E-05	-1.06E-05
234	1	-4.88023	67.3758	652.028	-41224.6	-38515.4	5233.22	172.93	317.225	0	-6.17E-05	9.42E-06	2.56E-05	-1.27E-05
234	2	-5.00141	67.4586	653.169	-41228.5	-38577.5	5245.65	172.938	317.121	0	-6.17E-05	9.42E-06	2.56E-05	-1.27E-05
234	3	-5.078	67.6245	654.637	-41218.4	-38630	5260.75	172.99	316.964	0	-5.60E-05	8.32E-06	-6.22E-06	-1.13E-05
234	4	-5.15459	67.7904	656.105	-41208.4	-38682.4	5275.85	173.042	316.808	0	-5.60E-05	8.32E-06	-6.22E-06	-1.13E-05
234	5	-5.1546	67.7532	656.98	-41220.7	-38757.6	5266.89	173.006	316.743	0	-4.08E-05	6.45E-06	2.50E-05	-1.25E-05
234	6	-5.15461	67.716	657.854	-41233.1	-38832.7	5257.92	172.971	316.678	0	-3.28E-05	4.03E-06	3.20E-05	-1.87E-05
234	7	-5.10234	67.6249	658.36	-41238.6	-38882.6	5288.25	172.94	316.638	0	-3.28E-05	4.03E-06	3.20E-05	-1.87E-05
234	8	-5.05008	67.5338	658.866	-41244.2	-38932.4	5318.57	172.91	316.599	0	-2.94E-05	5.73E-06	6.15E-06	-2.11E-05
234	9	-5.03484	67.5189	660.054	-41232.1	-38999.4	5341.49	172.915	316.468	0	-2.94E-05	5.73E-06	6.15E-06	-2.11E-05
234	10	-5.01959	67.504	661.241	-41220	-39066.5	5364.42	172.919	316.337	0	-1.50E-05	9.69E-06	2.24E-06	-2.09E-05
234	11	-4.98876	67.5926	662.496	-41198.9	-39146.6	5364.75	172.91	316.187	0	-1.50E-05	9.69E-06	2.24E-06	-2.09E-05
234	12	-4.95793	67.6812	663.751	-41177.8	-39226.6	5365.08	172.902	316.038	0	-1.95E-06	8.25E-06	1.74E-05	-2.04E-05
234	13	-5.09465	67.8335	664.74	-41227.3	-39296.6	5380.1	172.884	316.02	0	-1.95E-06	8.25E-06	1.74E-05	-2.04E-05
234	14	-5.23137	67.9857	665.73	-41276.7	-39366.6	5395.12	172.867	316.002	0	4.15E-07	6.36E-06	1.39E-05	-1.80E-05
234	15	-5.4083	68.0606	666.954	-41299.8	-39456.8	5415.86	172.84	315.923	0	-7.69E-06	2.49E-08	5.59E-06	-1.36E-05
234	16	-5.58524	68.1354	668.177	-41322.9	-39546.9	5436.61	172.814	315.844	0	-7.69E-06	2.49E-08	5.59E-06	-1.36E-05
234	17	-5.60812	68.0592	668.907	-41289.7	-39606.5	5451.79	172.789	315.727	0	-1.66E-05	-5.53E-07	-6.92E-07	-7.80E-06
234	18	-5.631	67.983	669.636	-41256.5	-39666	5466.97	172.765	315.61	0	-1.66E-05	-5.53E-07	-6.92E-07	-7.80E-06
234	19	-5.59423	67.8079	670.755	-41252	-39721	5482.14	172.782	315.501	0	-1.68E-05	2.18E-06	-4.48E-06	-6.01E-06
235	0	-5.55746	67.6328	671.875	-41247.4	-39776.1	5497.31	172.798	315.391	0	-1.68E-05	2.18E-06	-4.48E-06	-6.01E-06
235	1	-5.60933	67.7454	673.01	-41256.2	-39840.8	5491.9	172.802	315.301	0	-1.73E-05	8.25E-06	-1.01E-05	-1.12E-05
235	2	-5.66121	67.8581	674.146	-41265	-39905.6	5486.49	172.806	315.211	0	-1.73E-05	8.25E-06	-1.01E-05	-1.12E-05
235	3	-5.76618	67.9277	675.005	-41304.4	-39976.9	5491.25	172.775	315.191	0	-1.06E-05	7.99E-06	-2.25E-05	-1.30E-05
235	4	-5.87115	67.9974	675.864	-41343.8	-40048.2	5496.01	172.745	315.172	0	7.41E-06	5.68E-06	-2.74E-05	-1.35E-05
235	5	-5.93944	67.9213	676.442	-41303.4	-40117.5	5506.14	172.693	315.06	0	7.41E-06	5.68E-06	-2.74E-05	-1.35E-05
235	6	-6.00772	67.8451	677.02	-41263.1	-40186.8	5516.27	172.642	314.948	0	5.94E-06	6.93E-06	-2.42E-05	-1.44E-05
235	7	-6.07002	67.7142	678.02	-41237	-40276	5526.85	172.598	314.82	0	5.94E-06	6.93E-06	-2.42E-05	-1.44E-05
235	8	-6.13232	67.5833	679.02	-41210.9	-40365.2	5537.42	172.554	314.692	0	-1.15E-05	9.40E-06	-1.34E-05	-1.30E-05
235	9	-6.22412	67.569	680.098	-41259.4	-40403.6	5548.54	172.592	314.667	0	-1.15E-05	9.40E-06	-1.34E-05	-1.30E-05
235	10	-6.31592	67.5547	681.177	-41308	-40442	5559.66	172.629	314.642	0	-2.16E-05	9.71E-06	-9.76E-06	-1.25E-05
235	11	-6.32075	67.5384	681.994	-41297.9	-40541.9	5558.38	172.554	314.555	0	-2.16E-05	9.71E-06	-9.76E-06	-1.25E-05
235	12	-6.32558	67.5222	682.811	-41287.8	-40641.8	5557.11	172.479	314.467	0	-2.39E-05	5.49E-06	-8.61E-06	-1.29E-05
235	13	-6.39499	67.4292	683.988	-41296.5	-40725.5	5570.71	172.459	314.376	0	-2.34E-05	5.11E-06	-8.34E-06	-1.34E-05
235	14	-6.4644	67.3362	685.166	-41305.3	-40809.2	5584.32	172.439	314.285	0	-2.34E-05	5.11E-06	-8.34E-06	-1.34E-05
235	15	-6.5807	67.2442	686.009	-41284.6	-40843.4	5593.56	172.462	314.181	0	-2.63E-05	4.48E-06	-1.66E-05	-1.90E-05
235	16	-6.69699	67.1522	686.853	-41263.8	-40877.5	5602.81	172.486	314.077	0	-2.63E-05	4.48E-06	-1.66E-05	-1.90E-05
235	17	-6.75684	67.1888	687.873	-41232.1	-40939.7	5635.78	172.484	313.941	0	-3.01E-05	4.63E-06	-1.42E-05	-2.16E-05
235	18	-6.81668	67.2254	688.894	-41200.4	-41001.9	5668.74	172.482	313.807	0	-3.01E-05	4.63E-06	-1.42E-05	-2.16E-05
235	19	-6.92989	67.1888	689.967	-41233.4	-41063.1	5678.14	172.486	313.761	0	-2.93E-05	7.41E-06	-2.02E-05	-1.67E-05
236	0	-7.0431	67.1523	691.04	-41266.4	-41124.2	5687.55	172.489	313.716	0	-2.93E-05	7.41E-06	-2.02E-05	-1.67E-05
236	1	-7.05866	67.092	691.879	-41242.5	-41200.4	5678.59	172.451	313.609	0	-2.69E-05	8.80E-06	-3.48E-05	-1.19E-05
236	2	-7.07422	67.0317	692.717	-41218.6	-41276.5	5669.63	172.414	313.503	0	-2.54E-05	1.01E-05	-2.63E-05	-9.02E-06
236	3	-7.07481	66.8629	693.769	-41251.9	-41351.1	5689.38	172.396	313.461	0	-2.54E-05	1.01E-05	-2.63E-05	-9.02E-06
236	4	-7.07539	66.6941	694.821	-41285.2	-41425.7	5709.14	172.379	313.418	0	-1.96E-05	9.04E-06	-1.35E-05	-7.77E-06
236	5	-7.24156	66.6245	695.758	-41285.1	-41482	5703.19	172.379	313.338	0	-1.96E-05	9.04E-06	-1.35E-05	-7.77E-06
236	6	-7.40773	66.5549	696.696	-41285.1	-41538.3	5697.25	172.378	313.258	0	-1.78E-05	7.87E-06	1.03E-06	-2.04E-06
236	7	-7.51545	66.4203	697.633	-41292.3	-41600.1	5681.1	172.37	313.189	0	-1.78E-05	7.87E-06	1.03E-06	-2.04E-06
236	8	-7.62317	66.2856	698.57	-41299.5	-41661.9	5664.95	172.361	313.12	0	-2.24E-05	7.34E-06	-5.52E-06	-3.40E-06
236	9	-7.73185	66.1494	699.664	-41281.9	-41712.1	5678.62	172.383	313.003	0	-2.24E-05	7.34E-06	-5.52E-06	-3.40E-06
236	10	-7.84054	66.0131	700.758	-41264.3	-41762.3	5692.3	172.404	312.885	0	-2.53E-05	4.96E-06	-2.16E-05	-1.11E-05
236	11	-7.97689	65.9598	701.654	-41243.9	-41805.2	5717.92	172.419	312.781	0	-2.64E-05	5.15E-06	1.57E-05	-1.32E-05
236	12	-8.11325	65.9064	702.55	-41223.5	-41848	5743.53	172.434	312.677	0	-2.64E-05	5.15E-06	1.57E-05	-1.32E-05
236	13	-8.09822	65.8595	703.471	-41191.1	-41936	5739.1	172.387	312.554	0	-2.66E-05	8.32E-06	1.24E-05	-1.08E-05
236	14	-8.0832	65.8125	704.393	-41158.8	-42024	5734.66	172.34	312.432	0	-2.66E-05	8.32E-06	1.24E-05	-1.08E-05
236	15	-8.12844	65.7976	705.222	-41182.9	-42070.8	5717.18	172.344	312.397	0	-2.54E-05	4.10E-06	-3.70E-05	-1.04E-05
236	16	-8.17368	65.7827	706.051	-41206.9	-42117.7	5699.7	172.348	312.363	0	-2.54E-05	4.10E-06	-3.70E-05	-1.04E-05
236	17	-8.25649	65.7514	706.737	-41227.5	-42197.9	5719.31	172.292	312.335	0	-2.71E-05	-3.60E-07	-4.30E-05	-1.39E-05
236	18	-8.3393	65.7201	707.423	-41248.1	-42278.2	5738.92	172.236	312.308	0	-2.71E-05	-3.60E-07	-4.30E-05	-1.39E-05
236	19	-8.51287	65.6579	708.496	-41236.7	-42387	5755.33	172.173	312.203	0	-2.33E-05	4.08E-07	-2.67E-05	-1.58E-05
237	0	-8.68643	65.5957	709.57	-41225.3	-42495.9	5771.74	172.11	312.099	0	-2.02E-05	-4.54E-07	-1.41E-05	-1.47E-05
237	1	-8.83113	65.3914	710.559	-41211	-42551.2	5791.6	172.116	311.998	0	-2.02E-05	-4.54E-07	-1.41E-05	-1.47E-05
237	2	-8.97582	65.1872	711.548	-41196.7	-42606.5	5811.45	172.121	311.897	0	-2.29E-05	-2.28E-06	1.52E-05	-1.49E-05
237	3	-9.04415	65.0329	712.507	-41194.3	-42676.5	5797.93	172.104	311.816	0	-2.29E-05	-2.28E-06	1.52E-05	-1.49E-05
237	4	-9.11248	64.8787	713.466	-41192	-42746.5	5784.41	172.086	311.735	0	-2.58E-05	-3.43E-06	1.45E-05	-1.25E-05
237	5	-9.29436	64.9101	714.257	-41188.9	-42804.8	5798.02	172.071	311.667	0	-2.58E-05	-3.43E-06	1.45E-05	-1.25E-05
237	6	-9.47624	64.9414	715.047	-41185.7	-42863.1	5811.64	172.056	311.599	0	-2.31E-05	-6.50E-06	-6.47E-07	-1.10E-05
237	7	-9.62156	64.9026	716.002	-41154.1	-42935.2	5826.8	172.035	311.478	0	-2.31E-05	-6.50E-06	-6.47E-07	-1.10E-05
237	8	-9.76688	64.8638	716.957	-41122.5	-43007.2	5841.96	172.014	311.357	0	-2.12E-05	-3.24E-06	-2.08E-06	-1.23E-05
237	9	-9.80365	64.7182	717.59	-41103.6	-43088	5833.07	171.955	311.28	0	-2.12E-05	2.64E-06	-6.11E-06	-1.25E-05
237	10	-9.84041	64.5725	718.224	-41084.7	-43168.7	5824.18	171.895	311.203	0	-2.12E-05	2.64E-06	-6.11E-06	-1.25E-05
237	11	-9.98742	64.4295	719.313	-41061	-43195.1	5843.56	171.95	311.084	0	-1.24E-05	3.33E-06	-9.38E-06	-1.49E-05
237	12	-10.1344	64.2866	720.402	-41037.4	-43221.5	5862.94	172.004	310.965	0	-1.24E-05	3.33E-06	-9.38E-06	-1.49E-05
237	13	-10.2028	64.234	721.448	-41017.3	-43297.3	5888.51	171.986	310.854	0	-9.84E-07	3.67E-06	-8.15E-06	-1.90E-05
237	14	-10.2711	64.1815	722.494	-40997.2	-43373.1	5914.08	171.968	310.744	0	-9.84E-07	3.67E-06	-8.15E-06	-1.90E-05
237	15	-10.3092	64.0359	723.491	-41004.6	-43404.4	5902.5	172.007	310.676	0	2.87E-07	6.36E-06	-7.89E-06	-2.10E-05
237	16	-10.3472	63.8903	724.488	-41012.1	-43435.7	5890.92	172.046	310.608	0	2.87E-07	6.36E-06	-7.89E-06	-2.10E-05
237	17	-10.491	63.8196	724.816	-40945.3	-43518.8	5881.39	171.959	310.491	0	6.49E-07	5.04E-06	-8.90E-06	-1.92E-05
237	18	-10.6347	63.749	725.144	-40878.4	-43601.9	5871.85	171.871	310.373	0	-2.92E-06	4.74E-06	-8.92E-06	-1.47E-05
237	19	-10.7398	63.8323	725.803	-40830.7	-43664.4	5895.88	171.84	310.256	0	-2.92E-06	4.74E-06	-8.92E-06	-1.47E-05
238	0	-10.8449	63.9156	726.463	-40782.9	-43726.9	5919.91	171.809	310.139	0	-1.23E-05	9.23E-06	-9.18E-06	-7.99E-06
238	1	-10.973	63.8371	727.391	-40733.9	-43800.1	5943.95	171.785	310	0	-1.23E-05	9.23E-06	-9.18E-06	-7.99E-06
238	2	-11.1011	63.7586	728.32	-40684.9	-43873.3	5967.99	171.761	309.861	0	-1.91E-05	9.62E-06	-9.81E-06	-3.89E-07
238	3	-11.2752	63.7064	729.037	-40669.1	-43957.5	5981.72	171.705	309.785	0	-1.91E-05	9.62E-06	-9.81E-06	-3.89E-07
238	4	-11.4492	63.6543	729.755	-40653.2	-44041.8	5995.46	171.648	309.708	0	-2.76E-05	5.73E-06	-9.11E-06	5.71E-06
238	5	-11.5788	63.386	730.543	-40628.3	-44106.5	5981.79	171.625	309.614	0	-2.76E-05	5.73E-06	-9.11E-06	5.71E-06
238	6	-11.7084	63.1178	731.33	-40603.5	-44171.1	5968.13	171.602	309.52	0	-3.75E-05	4.34E-06	-8.51E-06	-2.54E-07
238	7	-11.846	63.0191	732.058	-40576.4	-44200.6	5992.2	171.621	309.428	0	-4.03E-05	1.63E-06	-9.40E-06	-1.22E-05
238	8	-11.9836	62.9204	732.785	-40549.4	-44230.2	6016.28	171.641	309.336	0	-4.03E-05	1.63E-06	-9.40E-06	-1.22E-05
238	9	-12.1072	62.8345	733.719	-40470.5	-44282.6	6034.14	171.646	309.158	0	-4.30E-05	5.03E-06	-1.09E-05	-1.39E-05
238	10	-12.2308	62.7487	734.653	-40391.6	-44334.9	6052	171.652	308.981	0	-4.30E-05	5.03E-06	-1.09E-05	-1.39E-05
238	11	-12.345	62.6816	735.179	-40353.1	-44397.7	6057.72	171.61	308.889	0	-4.01E-05	9.04E-06	-1.40E-05	-1.62E-05
238	12	-12.4591	62.6144	735.706	-40314.6	-44460.5	6063.44	171.568	308.797	0	-4.01E-05	9.04E-06	-1.40E-05	-1.62E-05
238	13	-12.4813	62.6285	736.272	-40290.9	-44537.9	6077.2	171.509	308.723	0	-2.78E-05	8.94E-06	-1.41E-05	-1.75E-05
238	14	-12.5035	62.6426	736.837	-40267.2	-44615.3	6090.95	171.45	308.649	0	-2.78E-05	8.94E-06	-1.41E-05	-1.75E-05
238	15	-12.6172	62.543	737.77	-40212.3	-44692.2	6095.59	171.423	308.505	0	-2.18E-05	9.04E-06	-1.45E-05	-1.55E-05
238	16	-12.731	62.4434	738.703	-40157.5	-44769.1	6100.23	171.395	308.362	0	-1.97E-05	7.51E-06	-1.56E-05	-1.42E-05
238	17	-12.8152	62.2603	739.433	-40084.1	-44822.9	6116.26	171.382	308.209	0	-1.97E-05	7.51E-06	-1.56E-05	-1.42E-05
238	18	-12.8994	62.0772	740.163	-40010.7	-44876.7	6132.29	171.369	308.057	0	-2.00E-05	5.25E-06	-1.30E-05	-1.72E-05
238	19	-12.9729	62.0467	740.725	-39982.6	-44957.6	6152.28	171.306	307.978	0	-2.00E-05	5.25E-06	-1.30E-05	-1.72E-05
239	0	-13.0464	62.0163	741.287	-39954.5	-45038.6	6172.28	171.243	307.899	0	-1.92E-05	5.54E-06	-1.14E-05	-1.78E-05
239	1	-13.152	61.8993	741.825	-39914.4	-45135.3	6163.51	171.156	307.806	0	-1.92E-05	5.54E-06	-1.14E-05	-1.78E-05
239	2	-13.2576	61.7824	742.362	-39874.3	-45231.9	6154.74	171.07	307.713	0	-2.13E-05	5.47E-06	-1.06E-05	-1.69E-05
239	3	-13.3647	61.7456	742.958	-39806.7	-45233.9	6174.21	171.116	307.579	0	-2.13E-05	5.47E-06	-1.06E-05	-1.69E-05
239	4	-13.4717	61.7088	743.555	-39739.1	-45235.9	6193.69	171.163	307.445	0	-2.62E-05	4.61E-06	-1.09E-05	-1.83E-05
239	5	-13.7898	61.6173	744.401	-39712.4	-45280.7	6205.76	171.172	307.348	0	-2.50E-05	1.85E-06	-1.09E-05	-1.82E-05
239	6	-14.1079	61.5257	745.247	-39685.8	-45325.4	6217.84	171.181	307.252	0	-2.50E-05	1.85E-06	-1.09E-05	-1.82E-05
239	7	-14.2213	61.5169	745.73	-39628.4	-45363.3	6211.78	171.169	307.14	0	-1.74E-05	6.48E-07	-1.13E-05	-1.59E-05
239	8	-14.3346	61.508	746.214	-39571.1	-45401.2	6205.73	171.158	307.029	0	-1.74E-05	6.48E-07	-1.13E-05	-1.59E-05
239	9	-14.418	61.388	746.87	-39500.4	-45475.3	6218.8	171.112	306.888	0	-9.43E-06	-6.71E-07	-1.33E-05	-1.60E-05
239	10	-14.5014	61.268	747.527	-39429.7	-45549.5	6231.87	171.066	306.747	0	-9.43E-06	-6.71E-07	-1.33E-05	-1.60E-05
239	11	-14.6302	61.1457	748.136	-39407.1	-45645.7	6268.13	170.987	306.674	0	-6.45E-06	-1.65E-06	-1.11E-05	-1.19E-05
239	12	-14.759	61.0235	748.745	-39384.6	-45741.9	6304.39	170.909	306.601	0	-6.45E-06	-1.65E-06	-1.11E-05	-1.19E-05
239	13	-14.8953	60.96	749.365	-39322.5	-45825.4	6324.06	170.848	306.474	0	-6.04E-06	-8.90E-07	-1.03E-05	-7.98E-06
239	14	-15.0317	60.8965	749.986	-39260.4	-45908.8	6343.72	170.787	306.348	0	-8.08E-06	3.38E-06	-1.28E-05	-1.04E-05
239	15	-15.1534	60.8743	750.496	-39196.1	-45913.4	6346.3	170.823	306.227	0	-8.08E-06	3.38E-06	-1.28E-05	-1.04E-05
239	16	-15.2752	60.8521	751.005	-39131.9	-45918	6348.88	170.858	306.106	0	-1.49E-05	6.12E-06	-1.20E-05	-1.61E-05
239	17	-15.4743	60.7982	751.574	-39068.3	-45936.3	6350.16	170.88	305.982	0	-1.49E-05	6.12E-06	-1.20E-05	-1.61E-05
239	18	-15.6734	60.7444	752.142	-39004.7	-45954.6	6351.44	170.902	305.858	0	-1.93E-05	4.00E-06	-1.04E-05	-2.03E-05
239	19	-15.7793	60.6968	752.569	-38921.5	-46026.3	6361.95	170.841	305.718	0	-1.93E-05	4.00E-06	-1.04E-05	-2.03E-05
240	0	-15.8851	60.6492	752.997	-38838.3	-46098.1	6372.45	170.781	305.578	0	-2.22E-05	7.48E-06	-9.47E-06	-1.52E-05
240	1	-15.8734	60.551	753.367	-38794.3	-46182.9	6387.32	170.698	305.495	0	-2.22E-05	7.48E-06	-9.47E-06	-1.52E-05
240	2	-15.8617	60.4528	753.736	-38750.3	-46267.8	6402.19	170.615	305.411	0	-2.76E-05	1.03E-05	-8.80E-06	-1.07E-05
240	3	-16.0528	60.3983	754.363	-38706.5	-46318.2	6401.98	170.6	305.31	0	-3.06E-05	4.97E-06	-7.70E-06	-1.17E-05
240	4	-16.2438	60.3438	754.99	-38662.7	-46368.6	6401.77	170.584	305.21	0	-3.06E-05	4.97E-06	-7.70E-06	-1.17E-05
240	5	-16.3657	60.3129	755.689	-38596.6	-46421.4	6406.55	170.571	305.075	0	-3.27E-05	-7.18E-07	-4.77E-06	-1.22E-05
240	6	-16.4875	60.282	756.388	-38530.5	-46474.3	6411.34	170.558	304.94	0	-3.27E-05	-7.18E-07	-4.77E-06	-1.22E-05
240	7	-16.7058	60.0776	756.564	-38468.3	-46498.5	6420.27	170.54	304.846	0	-4.03E-05	-2.42E-06	-6.35E-06	-1.30E-05
240	8	-16.9242	59.8732	756.74	-38406.2	-46522.8	6429.2	170.522	304.752	0	-4.03E-05	-2.42E-06	-6.35E-06	-1.30E-05
240	9	-17.0941	59.7362	757.541	-38322.8	-46561.6	6427.8	170.536	304.589	0	-5.13E-05	-4.72E-06	-7.03E-06	-1.35E-05
240	10	-17.2641	59.5992	758.341	-38239.5	-46600.5	6426.39	170.549	304.425	0	-5.13E-05	-4.72E-06	-7.03E-06	-1.35E-05
240	11	-17.4	59.4891	758.678	-38120.2	-46692.3	6426.29	170.456	304.246	0	-4.63E-05	-4.62E-06	-6.07E-06	-1.32E-05
240	12	-17.5359	59.379	759.016	-38000.9	-46784.1	6426.19	170.362	304.066	0	-3.25E-05	-9.90E-06	-7.46E-06	-1.46E-05
240	13	-17.7405	59.2781	759.444	-37919.7	-46830	6434.85	170.337	303.931	0	-3.25E-05	-9.90E-06	-7.46E-06	-1.46E-05
240	14	-17.945	59.1773	759.873	-37838.4	-46875.9	6443.51	170.311	303.796	0	-1.44E-05	-1.28E-05	-8.70E-06	-1.43E-05
240	15	-18.0814	59.1032	760.112	-37792.7	-46929.4	6458.44	170.26	303.72	0	-1.44E-05	-1.28E-05	-8.70E-06	-1.43E-05
240	16	-18.2178	59.0292	760.351	-37747	-46983	6473.37	170.209	303.644	0	-4.82E-07	-5.28E-06	-7.46E-06	-1.22E-05
240	17	-18.3462	58.861	760.556	-37695.3	-47030.2	6489.88	170.163	303.563	0	-4.82E-07	-5.28E-06	-7.46E-06	-1.22E-05
240	18	-18.4745	58.6928	760.761	-37643.7	-47077.5	6506.39	170.118	303.482	0	3.67E-06	2.52E-08	-6.60E-06	-9.69E-06
240	19	-18.6492	58.5984	760.883	-37543.6	-47092.5	6503.28	170.108	303.342	0	3.67E-06	2.52E-08	-6.60E-06	-9.69E-06
241	0	-18.824	58.5039	761.005	-37443.6	-47107.6	6500.17	170.098	303.203	0	3.62E-06	-1.68E-06	-5.15E-06	-1.08E-05
241	1	-18.9595	58.4744	761.541	-37359.3	-47148.3	6498.44	170.088	303.057	0	5.18E-06	-2.65E-08	-7.43E-06	-1.31E-05
241	2	-19.0951	58.445	762.078	-37274.9	-47189	6496.71	170.078	302.912	0	5.18E-06	-2.65E-08	-7.43E-06	-1.31E-05
241	3	-19.225	58.3458	762.389	-37199.1	-47216.6	6493.56	170.068	302.793	0	1.01E-05	3.93E-06	-1.03E-05	-1.40E-05
241	4	-19.3549	58.2467	762.7	-37123.2	-47244.1	6490.41	170.057	302.673	0	1.01E-05	3.93E-06	-1.03E-05	-1.40E-05
241	5	-19.371	58.0703	762.733	-37040.6	-47262.7	6491.39	170.035	302.563	0	2.31E-06	4.15E-06	-7.79E-06	-1.22E-05
241	6	-19.387	57.8939	762.766	-36958.1	-47281.4	6492.38	170.013	302.453	0	2.31E-06	4.15E-06	-7.79E-06	-1.22E-05
241	7	-19.5439	57.7183	763.096	-36872.6	-47323.8	6489.7	169.985	302.32	0	-7.69E-06	3.62E-06	-7.84E-06	-1.21E-05
241	8	-19.7008	57.5428	763.426	-36787.2	-47366.1	6487.02	169.956	302.187	0	-7.69E-06	3.62E-06	-7.84E-06	-1.21E-05
241	9	-20.028	57.4772	763.422	-36727.8	-47390.4	6476.11	169.924	302.109	0	-1.33E-05	8.87E-06	-1.12E-05	-1.42E-05
241	10	-20.3552	57.4115	763.419	-36668.4	-47414.7	6465.21	169.892	302.032	0	-2.49E-05	1.18E-05	-8.70E-06	-1.43E-05
241	11	-20.4164	57.1563	763.359	-36598.3	-47441.9	6469.11	169.851	301.944	0	-2.49E-05	1.18E-05	-8.70E-06	-1.43E-05
241	12	-20.4776	56.9012	763.3	-36528.2	-47469	6473.01	169.811	301.856	0	-3.34E-05	6.07E-06	-7.79E-06	-1.55E-05
241	13	-20.636	56.774	763.446	-36419.8	-47527.5	6483.52	169.746	301.704	0	-3.34E-05	6.07E-06	-7.79E-06	-1.55E-05
241	14	-20.7945	56.6468	763.593	-36311.3	-47585.9	6494.04	169.682	301.553	0	-3.21E-05	5.44E-06	-8.83E-06	-1.38E-05
241	15	-20.9324	56.4774	763.773	-36244.3	-47609.6	6498.76	169.665	301.454	0	-3.21E-05	5.44E-06	-8.83E-06	-1.38E-05
241	16	-21.0703	56.308	763.954	-36177.3	-47633.3	6503.47	169.649	301.355	0	-2.61E-05	6.74E-06	-6.28E-06	-8.73E-06
241	17	-21.078	56.268	764.134	-36115.3	-47678.3	6487.75	169.605	301.263	0	-2.61E-05	6.74E-06	-6.28E-06	-8.73E-06
241	18	-21.0857	56.2279	764.315	-36053.2	-47723.4	6472.04	169.56	301.171	0	-2.65E-05	5.92E-06	-5.30E-06	-7.89E-06
241	19	-21.1033	56.069	764.25	-35990.2	-47719.4	6478.15	169.56	301.092	0	-2.53E-05	6.81E-06	-2.78E-06	-9.18E-06
242	0	-21.121	55.91	764.185	-35927.1	-47715.4	6484.27	169.56	301.014	0	-2.53E-05	6.81E-06	-2.78E-06	-9.18E-06
242	1	-21.1401	55.7025	764.362	-35820	-47735.7	6464.77	169.548	300.863	0	-2.23E-05	1.04E-05	-2.76E-06	-1.13E-05
242	2	-21.1593	55.495	764.54	-35712.9	-47756	6445.28	169.536	300.712	0	-2.23E-05	1.04E-05	-2.76E-06	-1.13E-05
242	3	-21.2425	55.3487	764.793	-35604.9	-47782	6426.8	169.523	300.555	0	-1.87E-05	9.86E-06	-5.25E-06	-1.35E-05
242	4	-21.3258	55.2025	765.046	-35496.9	-47808	6408.31	169.51	300.398	0	-1.87E-05	9.86E-06	-5.25E-06	-1.35E-05
242	5	-21.4481	54.9907	765.407	-35422.2	-47814.6	6397.97	169.531	300.279	0	-2.46E-05	7.19E-06	-5.40E-06	-1.27E-05
242	6	-21.5704	54.7789	765.769	-35347.6	-47821.2	6387.62	169.551	300.16	0	-2.46E-05	7.19E-06	-5.40E-06	-1.27E-05
242	7	-21.5949	54.5275	765.772	-35301.7	-47853.1	6370.92	169.51	300.1	0	-3.07E-05	4.84E-06	-4.48E-06	-9.14E-06
242	8	-21.6194	54.276	765.775	-35255.9	-47885.1	6354.22	169.469	300.04	0	-1.77E-05	3.72E-06	-4.39E-06	-9.75E-06
242	9	-21.6354	54.0365	765.626	-35121.7	-47916.9	6344.51	169.415	299.873	0	-1.77E-05	3.72E-06	-4.39E-06	-9.75E-06
242	10	-21.6515	53.797	765.476	-34987.4	-47948.7	6334.81	169.361	299.707	0	-8.44E-06	3.76E-06	-5.73E-06	-1.72E-05
242	11	-21.7503	53.6391	765.619	-34903.4	-47962.9	6333.73	169.354	299.589	0	-8.44E-06	3.76E-06	-5.73E-06	-1.72E-05
242	12	-21.8491	53.4811	765.761	-34819.4	-47977.1	6332.64	169.347	299.47	0	-1.83E-05	3.21E-06	-6.93E-06	-1.83E-05
242	13	-21.9188	53.2889	765.734	-34739.3	-47967.4	6299.26	169.358	299.367	0	-1.83E-05	3.21E-06	-6.93E-06	-1.83E-05
242	14	-21.9886	53.0967	765.707	-34659.2	-47957.6	6265.87	169.368	299.264	0	-2.93E-05	3.81E-06	-6.36E-06	-1.50E-05
242	15	-21.9816	52.988	765.556	-34576	-47997.6	6254.69	169.304	299.165	0	-2.93E-05	3.81E-06	-6.36E-06	-1.50E-05
242	16	-21.9746	52.8794	765.404	-34492.9	-48037.6	6243.51	169.239	299.065	0	-4.28E-05	6.55E-06	-2.61E-06	-2.07E-05
242	17	-21.9985	52.6812	764.983	-34377	-48046.8	6250.77	169.192	298.938	0	-4.59E-05	6.64E-06	-1.49E-05	-2.99E-05
242	18	-22.0225	52.483	764.563	-34261.2	-48055.9	6258.04	169.146	298.812	0	-4.59E-05	6.64E-06	-1.49E-05	-2.99E-05
242	19	-22.0759	52.2372	764.624	-34145.5	-48077.4	6256.56	169.123	298.657	0	-3.98E-05	7.12E-06	-3.75E-05	-2.72E-05
243	0	-22.1293	51.9914	764.685	-34029.8	-48098.9	6255.09	169.1	298.502	0	-3.98E-05	7.12E-06	-3.75E-05	-2.72E-05
243	1	-22.1624	51.7703	764.811	-33964.3	-48140.1	6227.56	169.056	298.409	0	-3.46E-05	6.33E-06	-3.67E-05	-1.46E-05
243	2	-22.1956	51.5491	764.938	-33898.9	-48181.3	6200.04	169.013	298.316	0	-3.46E-05	6.33E-06	-3.67E-05	-1.46E-05
243	3	-22.1438	51.397	764.851	-33792.7	-48192	6182.06	168.992	298.182	0	-3.52E-05	4.82E-06	-1.55E-05	-2.36E-06
243	4	-22.0921	51.2449	764.764	-33686.6	-48202.7	6164.08	168.971	298.048	0	-3.52E-05	4.82E-06	-1.55E-05	-2.36E-06
243	5	-22.1577	51.0287	764.524	-33593.9	-48178.8	6145.69	168.982	297.941	0	-3.49E-05	3.48E-06	-5.32E-06	1.14E-05
243	6	-22.2233	50.8125	764.284	-33501.3	-48154.9	6127.3	168.993	297.834	0	-2.95E-05	3.45E-06	-6.95E-06	9.14E-06
243	7	-22.2531	50.6213	764.035	-33358.6	-48133.3	6110.38	169.001	297.661	0	-2.95E-05	3.45E-06	-6.95E-06	9.14E-06
243	8	-22.2828	50.4301	763.787	-33215.9	-48111.7	6093.46	169.009	297.489	0	-1.94E-05	5.42E-06	-6.19E-06	9.33E-06
243	9	-22.325	50.2072	763.509	-33061.5	-48139.8	6085.48	168.949	297.302	0	-1.94E-05	5.42E-06	-6.19E-06	9.33E-06
243	10	-22.3673	49.9842	763.23	-32907	-48167.9	6077.5	168.889	297.115	0	-1.40E-05	8.13E-06	-5.30E-06	1.33E-05
243	11	-22.2524	49.7616	763.239	-32780.8	-48182.7	6069.71	168.871	296.95	0	-1.40E-05	8.13E-06	-5.30E-06	1.33E-05
243	12	-22.1376	49.5389	763.247	-32654.6	-48197.4	6061.91	168.852	296.784	0	-1.44E-05	1.05E-05	-7.17E-06	8.97E-06
243	13	-22.2008	49.3622	763.277	-32548.5	-48187	6031.82	168.868	296.643	0	-1.44E-05	1.05E-05	-7.17E-06	8.97E-06
243	14	-22.2641	49.1854	763.307	-32442.4	-48176.5	6001.72	168.884	296.503	0	-1.45E-05	9.83E-06	-8.80E-06	5.45E-06
243	15	-22.203	49.0608	762.872	-32331.5	-48222.9	5978.51	168.788	296.381	0	-1.19E-05	8.23E-06	-8.13E-06	-7.17E-06
243	16	-22.1418	48.9361	762.438	-32220.5	-48269.2	5955.29	168.691	296.26	0	-1.19E-05	8.23E-06	-8.13E-06	-7.17E-06
243	17	-22.1592	48.8692	761.984	-32103.7	-48262.4	5947.14	168.662	296.132	0	-1.22E-05	7.19E-06	-7.51E-06	-1.26E-05
243	18	-22.1765	48.8022	761.53	-31986.9	-48255.5	5938.99	168.633	296.004	0	-1.22E-05	7.19E-06	-7.51E-06	-1.26E-05
243	19	-22.1173	48.5698	761.501	-31856.4	-48272.9	5938.6	168.608	295.834	0	-1.33E-05	6.86E-06	-6.91E-06	-1.12E-05
244	0	-22.0581	48.3373	761.473	-31725.9	-48290.3	5938.21	168.583	295.664	0	-1.33E-05	6.86E-06	-6.91E-06	-1.12E-05
244	1	-22.0934	48.2004	761.227	-31590.4	-48288.2	5930.61	168.565	295.499	0	-1.49E-05	5.35E-06	-5.11E-06	-1.62E-05
244	2	-22.1287	48.0635	760.982	-31454.8	-48286.1	5923	168.548	295.335	0	-1.49E-05	5.35E-06	-5.11E-06	-1.62E-05
244	3	-22.047	47.8397	760.718	-31325.1	-48270.4	5912.25	168.546	295.178	0	-1.79E-05	3.48E-06	-5.35E-06	-1.56E-05
244	4	-21.9652	47.6159	760.455	-31195.4	-48254.8	5901.49	168.545	295.022	0	-2.03E-05	5.54E-06	-4.48E-06	-1.38E-05
244	5	-21.9276	47.4607	759.91	-31035.3	-48248.1	5881.2	168.508	294.841	0	-2.03E-05	5.54E-06	-4.48E-06	-1.38E-05
244	6	-21.8899	47.3055	759.366	-30875.2	-48241.4	5860.9	168.471	294.659	0	-2.47E-05	7.41E-06	-6.43E-06	-1.56E-05
244	7	-21.8689	47.2344	758.815	-30736.9	-48248.3	5844.01	168.416	294.507	0	-2.47E-05	7.41E-06	-6.43E-06	-1.56E-05
244	8	-21.8478	47.1633	758.263	-30598.6	-48255.1	5827.12	168.361	294.354	0	-2.58E-05	6.64E-06	-7.70E-06	-1.74E-05
244	9	-21.7576	47.0398	758.122	-30437.9	-48268.3	5805.27	168.332	294.149	0	-2.58E-05	6.64E-06	-7.70E-06	-1.74E-05
244	10	-21.6674	46.9164	757.98	-30277.1	-48281.4	5783.43	168.303	293.944	0	-2.33E-05	7.00E-06	-7.55E-06	-1.78E-05
244	11	-21.639	46.8065	757.78	-30106	-48286.9	5772.13	168.279	293.729	0	-2.33E-05	7.00E-06	-7.55E-06	-1.78E-05
244	12	-21.6106	46.6967	757.58	-29934.9	-48292.4	5760.83	168.254	293.514	0	-2.08E-05	5.87E-06	-7.84E-06	-1.84E-05
244	13	-21.6066	46.6423	757.01	-29823.9	-48261.8	5765.11	168.247	293.397	0	-1.96E-05	7.26E-06	-9.90E-06	-2.00E-05
244	14	-21.6026	46.5878	756.441	-29712.8	-48231.1	5769.38	168.239	293.28	0	-1.96E-05	7.26E-06	-9.90E-06	-2.00E-05
244	15	-21.5877	46.4781	755.857	-29560.5	-48246.4	5767.62	168.17	293.109	0	-1.95E-05	9.21E-06	-1.14E-05	-1.95E-05
244	16	-21.5729	46.3684	755.273	-29408.3	-48261.6	5765.87	168.1	292.937	0	-1.95E-05	9.21E-06	-1.14E-05	-1.95E-05
244	17	-21.5369	46.2564	754.996	-29240.7	-48290.4	5757.49	168.039	292.73	0	-1.83E-05	7.00E-06	-8.42E-06	-1.65E-05
244	18	-21.501	46.1444	754.719	-29073.1	-48319.1	5749.12	167.977	292.522	0	-1.83E-05	7.00E-06	-8.42E-06	-1.65E-05
244	19	-21.4397	46.1288	754.18	-28931.6	-48321.8	5750.05	167.928	292.362	0	-1.62E-05	6.69E-06	-7.70E-06	-1.59E-05
245	0	-21.3784	46.1131	753.642	-28790.2	-48324.6	5750.99	167.879	292.201	0	-1.62E-05	6.69E-06	-7.70E-06	-1.59E-05
245	1	-21.3949	45.9953	753.161	-28586.5	-48322.8	5744.15	167.84	291.955	0	-1.60E-05	6.35E-06	-8.32E-06	-1.44E-05
245	2	-21.4113	45.8775	752.68	-28382.8	-48321.1	5737.32	167.801	291.709	0	-1.91E-05	4.77E-06	-5.95E-06	-1.21E-05
245	3	-21.374	45.7857	752.219	-28210.1	-48291.7	5730.48	167.801	291.503	0	-1.91E-05	4.77E-06	-5.95E-06	-1.21E-05
245	4	-21.3366	45.6939	751.758	-28037.5	-48262.4	5723.63	167.801	291.296	0	-2.23E-05	2.28E-06	-2.16E-07	-7.55E-06
245	5	-21.322	45.6271	751.472	-27878.6	-48269	5726.17	167.767	291.099	0	-2.23E-05	2.28E-06	-2.16E-07	-7.55E-06
245	6	-21.3073	45.5603	751.186	-27719.7	-48275.7	5728.7	167.734	290.901	0	-2.59E-05	2.90E-06	-5.97E-07	-1.06E-05
245	7	-21.3087	45.5671	750.381	-27547.8	-48282.9	5732.28	167.656	290.712	0	-2.59E-05	2.90E-06	-5.97E-07	-1.06E-05
245	8	-21.3101	45.5739	749.576	-27375.9	-48290	5735.85	167.577	290.522	0	-2.30E-05	2.97E-06	-7.55E-06	-1.76E-05
245	9	-21.3503	45.4717	749.313	-27191.9	-48277.8	5726.41	167.571	290.289	0	-2.30E-05	2.97E-06	-7.55E-06	-1.76E-05
245	10	-21.3905	45.3695	749.05	-27007.9	-48265.7	5716.97	167.564	290.056	0	-2.03E-05	1.80E-06	-9.85E-06	-2.04E-05
245	11	-21.4375	45.3671	748.455	-26825.1	-48276.7	5707.41	167.498	289.841	0	-2.04E-05	2.80E-06	-1.18E-05	-2.11E-05
245	12	-21.4844	45.3648	747.86	-26642.3	-48287.7	5697.84	167.432	289.625	0	-2.04E-05	2.80E-06	-1.18E-05	-2.11E-05
245	13	-21.4162	45.3103	747.137	-26529.5	-48291.6	5710.54	167.364	289.508	0	-1.95E-05	4.58E-06	-1.26E-05	-2.97E-05
245	14	-21.3481	45.2559	746.413	-26416.7	-48295.6	5723.23	167.296	289.391	0	-1.95E-05	4.58E-06	-1.26E-05	-2.97E-05
245	15	-21.3259	45.1909	746.008	-26203.6	-48251.2	5718.62	167.321	289.125	0	-1.88E-05	5.15E-06	-1.02E-05	-2.92E-05
245	16	-21.3038	45.1259	745.603	-25990.4	-48206.8	5714	167.345	288.858	0	-1.88E-05	5.15E-06	-1.02E-05	-2.92E-05
245	17	-21.2888	45.0613	745.083	-25764.4	-48226.1	5683.78	167.274	288.579	0	-1.84E-05	6.83E-06	-8.42E-06	-2.46E-05
245	18	-21.2738	44.9966	744.564	-25538.3	-48245.4	5653.56	167.203	288.3	0	-1.84E-05	6.83E-06	-8.42E-06	-2.46E-05
245	19	-21.2975	44.9392	744.025	-25378.9	-48262.6	5668.3	167.133	288.11	0	-2.04E-05	6.35E-06	-9.57E-06	-1.93E-05
246	0	-21.3212	44.8817	743.486	-25219.5	-48279.7	5683.05	167.063	287.921	0	-2.02E-05	5.13E-06	-9.90E-06	-1.29E-05
246	1	-21.3555	44.8735	743.066	-25051.2	-48275	5677.66	167.033	287.713	0	-2.02E-05	5.13E-06	-9.90E-06	-1.29E-05
246	2	-21.3899	44.8653	742.646	-24882.8	-48270.3	5672.28	167.002	287.506	0	-1.72E-05	4.58E-06	-1.18E-05	-1.08E-05
246	3	-21.3742	44.8237	742.069	-24687.3	-48289.1	5685.22	166.926	287.268	0	-1.72E-05	4.58E-06	-1.18E-05	-1.08E-05
246	4	-21.3585	44.7821	741.492	-24491.7	-48308	5698.17	166.85	287.03	0	-1.46E-05	3.67E-06	-1.02E-05	-9.38E-06
246	5	-21.3679	44.7073	741.003	-24338.2	-48302.6	5686.03	166.815	286.845	0	-1.46E-05	3.67E-06	-1.02E-05	-9.38E-06
246	6	-21.3773	44.6324	740.514	-24184.7	-48297.2	5673.89	166.779	286.659	0	-1.19E-05	1.90E-06	-5.44E-06	-4.32E-06
246	7	-21.3396	44.4798	740.135	-24001.3	-48296.1	5660.47	166.747	286.428	0	-1.19E-05	1.90E-06	-5.44E-06	-4.32E-06
246	8	-21.302	44.3272	739.756	-23817.9	-48295	5647.05	166.715	286.197	0	-1.00E-05	-1.70E-06	-3.60E-06	6.00E-06
246	9	-21.3315	44.365	738.883	-23622.6	-48286.4	5659.7	166.649	285.971	0	-1.29E-05	-3.13E-07	-8.49E-06	-2.61E-06
246	10	-21.361	44.4027	738.01	-23427.4	-48277.7	5672.36	166.584	285.744	0	-1.29E-05	-3.13E-07	-8.49E-06	-2.61E-06
246	11	-21.3935	44.3462	737.363	-23250.8	-48224.4	5664.79	166.599	285.532	0	-1.49E-05	2.76E-06	-1.12E-05	-1.72E-05
246	12	-21.426	44.2897	736.717	-23074.3	-48171	5657.23	166.614	285.32	0	-1.49E-05	2.76E-06	-1.12E-05	-1.72E-05
246	13	-21.4284	44.3169	736.518	-22891.6	-48184.9	5640.94	166.577	285.081	0	-1.76E-05	2.21E-06	-1.19E-05	-2.21E-05
246	14	-21.4307	44.3441	736.319	-22709	-48198.8	5624.66	166.541	284.841	0	-1.76E-05	2.21E-06	-1.19E-05	-2.21E-05
246	15	-21.4456	44.2732	735.415	-22527.9	-48214.6	5627.19	166.439	284.633	0	-2.29E-05	3.14E-06	-9.52E-06	-1.70E-05
246	16	-21.4606	44.2022	734.512	-22346.7	-48230.4	5629.72	166.337	284.424	0	-2.29E-05	3.14E-06	-9.52E-06	-1.70E-05
246	17	-21.4775	44.1239	733.625	-22189.4	-48226.8	5606.47	166.262	284.246	0	-3.14E-05	7.43E-06	-9.47E-06	-2.03E-05
246	18	-21.4944	44.0457	732.739	-22032.2	-48223.1	5583.23	166.188	284.068	0	-4.22E-05	3.81E-06	-1.10E-05	-2.23E-05
246	19	-21.4859	44.0263	732.376	-21865.8	-48208.9	5571.94	166.175	283.856	0	-4.22E-05	3.81E-06	-1.10E-05	-2.23E-05
247	0	-21.4774	44.0069	732.014	-21699.3	-48194.6	5560.65	166.162	283.643	0	-4.62E-05	-1.41E-06	-1.14E-05	-8.71E-06
247	1	-21.5601	43.9442	731.661	-21512.8	-48188.4	5555.61	166.138	283.403	0	-4.62E-05	-1.41E-06	-1.14E-05	-8.71E-06
247	2	-21.6428	43.8815	731.307	-21326.3	-48182.3	5550.57	166.115	283.162	0	-4.40E-05	-9.35E-07	-1.27E-05	-9.32E-07
247	3	-21.7343	43.8118	730.578	-21155	-48167.8	5546.69	166.069	282.956	0	-4.40E-05	-9.35E-07	-1.27E-05	-9.32E-07
247	4	-21.8259	43.7421	729.849	-20983.6	-48153.3	5542.81	166.023	282.751	0	-3.58E-05	-1.32E-06	-1.53E-05	-1.08E-05
247	5	-21.8582	43.6707	729.276	-20809.8	-48150	5533.75	165.976	282.535	0	-3.58E-05	-1.32E-06	-1.53E-05	-1.08E-05
247	6	-21.8905	43.5992	728.704	-20636	-48146.8	5524.68	165.928	282.319	0	-2.68E-05	2.36E-08	-1.57E-05	-1.96E-05
247	7	-21.8874	43.4944	728.201	-20453.8	-48161.4	5508.43	165.863	282.088	0	-2.06E-05	1.29E-06	-1.17E-05	-2.64E-05
247	8	-21.8843	43.3896	727.699	-20271.5	-48176	5492.19	165.797	281.857	0	-2.06E-05	1.29E-06	-1.17E-05	-2.64E-05
247	9	-21.8854	43.3722	726.875	-20108.3	-48264.3	5488.62	165.6	281.664	0	-1.61E-05	2.37E-06	-8.94E-06	-2.27E-05
247	10	-21.8866	43.3549	726.052	-19945.1	-48352.6	5485.04	165.403	281.471	0	-1.61E-05	2.37E-06	-8.94E-06	-2.27E-05
247	11	-21.9427	43.2379	725.573	-19770.9	-48330	5467.87	165.391	281.249	0	-1.26E-05	5.39E-06	-8.20E-06	-1.34E-05
247	12	-21.9988	43.1208	725.095	-19596.8	-48307.3	5450.69	165.378	281.026	0	-1.26E-05	5.39E-06	-8.20E-06	-1.34E-05
247	13	-21.9948	42.9731	724.559	-19443.4	-48280.8	5445.53	165.365	280.835	0	-9.66E-06	1.02E-05	-8.75E-06	-2.40E-05
247	14	-21.9908	42.8254	724.023	-19290	-48254.4	5440.38	165.352	280.643	0	-9.66E-06	1.02E-05	-8.75E-06	-2.40E-05
247	15	-21.9132	42.6958	723.325	-19116.5	-48253.7	5421.55	165.289	280.429	0	-9.37E-06	7.58E-06	-1.29E-05	-2.77E-05
247	16	-21.8355	42.5662	722.627	-18943.1	-48253	5402.72	165.226	280.214	0	-1.68E-05	4.29E-06	-1.22E-05	-1.05E-05
247	17	-21.9199	42.3949	721.823	-18754.2	-48280.2	5397.33	165.114	279.982	0	-1.68E-05	4.29E-06	-1.22E-05	-1.05E-05
247	18	-22.0043	42.2236	721.019	-18565.3	-48307.3	5391.93	165.001	279.749	0	-1.97E-05	1.87E-06	-1.08E-05	-4.63E-06
247	19	-22.0653	42.1415	720.543	-18406	-48291.2	5381.24	164.979	279.545	0	-1.97E-05	1.87E-06	-1.08E-05	-4.63E-06
248	0	-22.1263	42.0594	720.068	-18246.8	-48275.1	5370.55	164.958	279.34	0	-1.77E-05	3.07E-06	-1.02E-05	-6.60E-06
248	1	-22.1569	42.0779	719.405	-18087.4	-48232.1	5341.26	164.956	279.142	0	-1.77E-05	3.07E-06	-1.02E-05	-6.60E-06
248	2	-22.1875	42.0965	718.742	-17928	-48189	5311.97	164.954	278.944	0	-1.61E-05	9.35E-06	-1.01E-05	-3.72E-06
248	3	-22.2032	41.9169	717.994	-17791.4	-48181.1	5303.77	164.895	278.779	0	-1.61E-05	9.35E-06	-1.01E-05	-3.72E-06
248	4	-22.219	41.7373	717.246	-17654.7	-48173.2	5295.58	164.836	278.615	0	-1.69E-05	8.23E-06	-9.57E-06	-9.85E-06
248	5	-22.2358	41.6237	716.421	-17493.2	-48201.8	5284.32	164.719	278.418	0	-1.75E-05	3.19E-06	-9.50E-06	-1.62E-05
248	6	-22.2527	41.5101	715.596	-17331.8	-48230.4	5273.07	164.601	278.22	0	-1.75E-05	3.19E-06	-9.50E-06	-1.62E-05
248	7	-22.2166	41.3815	715.362	-17167	-48208.2	5265.12	164.61	277.998	0	-1.76E-05	3.55E-06	-9.06E-06	-2.19E-05
248	8	-22.1805	41.2529	715.127	-17002.3	-48186	5257.16	164.619	277.775	0	-1.76E-05	3.55E-06	-9.06E-06	-2.19E-05
248	9	-22.2044	41.2588	714.676	-16834.1	-48158	5243.17	164.616	277.555	0	-1.87E-05	6.07E-06	-9.52E-06	-3.27E-05
248	10	-22.2284	41.2646	714.225	-16665.9	-48130.1	5229.18	164.612	277.334	0	-1.87E-05	6.07E-06	-9.52E-06	-3.27E-05
248	11	-22.313	41.1875	713.658	-16479	-48093.5	5216.27	164.61	277.091	0	-1.92E-05	8.18E-06	-1.23E-05	-2.47E-05
248	12	-22.3976	41.1104	713.091	-16292.2	-48056.9	5203.37	164.608	276.847	0	-1.92E-05	8.18E-06	-1.23E-05	-2.47E-05
248	13	-22.3918	40.9858	712.034	-16141.9	-48066	5187.63	164.495	276.67	0	-1.88E-05	7.79E-06	-1.21E-05	-8.89E-07
248	14	-22.386	40.8612	710.978	-15991.7	-48075.1	5171.88	164.382	276.492	0	-1.90E-05	7.36E-06	-8.61E-06	2.90E-06
248	15	-22.3844	40.7573	710.311	-15851.8	-48088	5142.97	164.3	276.317	0	-1.90E-05	7.36E-06	-8.61E-06	2.90E-06
248	16	-22.3828	40.6533	709.644	-15711.9	-48101	5114.05	164.218	276.141	0	-1.92E-05	8.03E-06	-6.59E-06	-6.79E-06
248	17	-22.4894	40.6545	709.194	-15561.1	-48049	5089.2	164.248	275.942	0	-1.92E-05	8.03E-06	-6.59E-06	-6.79E-06
248	18	-22.5959	40.6557	708.745	-15410.2	-47997	5064.35	164.279	275.743	0	-1.97E-05	6.71E-06	-4.46E-06	8.53E-06
248	19	-22.6421	40.4947	708.164	-15276.5	-47967.4	5052.02	164.265	275.572	0	-1.97E-05	6.71E-06	-4.46E-06	8.53E-06
249	0	-22.6883	40.3337	707.584	-15142.8	-47937.8	5039.68	164.251	275.401	0	-2.04E-05	5.83E-06	-1.94E-06	2.32E-05
249	1	-22.7349	40.1425	706.985	-15012.9	-47946.8	5023.86	164.181	275.235	0	-2.04E-05	5.83E-06	-1.94E-06	2.32E-05
249	2	-22.7814	39.9513	706.387	-14882.9	-47955.7	5008.05	164.111	275.069	0	-2.08E-05	6.55E-06	-1.99E-06	1.48E-05
249	3	-22.8345	39.8095	705.596	-14693.1	-47987.8	4994.1	163.99	274.824	0	-1.96E-05	5.71E-06	-5.16E-06	1.11E-05
249	4	-22.8876	39.6677	704.805	-14503.3	-48019.8	4980.15	163.868	274.578	0	-1.96E-05	5.71E-06	-5.16E-06	1.11E-05
249	5	-22.921	39.5886	704.318	-14354.9	-47998.4	4951.35	163.851	274.381	0	-2.00E-05	6.00E-07	-6.91E-06	1.59E-05
249	6	-22.9545	39.5096	703.832	-14206.5	-47977	4922.55	163.835	274.185	0	-2.00E-05	6.00E-07	-6.91E-06	1.59E-05
249	7	-22.9489	39.4333	703.327	-14081	-47938.4	4894.72	163.841	274.021	0	-2.20E-05	3.83E-07	-6.67E-06	1.80E-06
249	8	-22.9433	39.357	702.822	-13955.4	-47899.9	4866.89	163.846	273.856	0	-2.20E-05	3.83E-07	-6.67E-06	1.80E-06
249	9	-23.0265	39.2105	702.04	-13776.5	-47879.9	4864.5	163.799	273.624	0	-2.21E-05	1.73E-06	-4.24E-06	-1.95E-05
249	10	-23.1097	39.0639	701.258	-13597.6	-47859.9	4862.1	163.751	273.39	0	-2.21E-05	1.73E-06	-4.24E-06	-1.95E-05
249	11	-23.2024	38.911	700.564	-13436	-47860.1	4849.78	163.684	273.179	0	-2.21E-05	2.16E-06	-4.39E-06	-2.53E-05
249	12	-23.2951	38.7581	699.87	-13274.4	-47860.2	4837.46	163.616	272.967	0	-2.41E-05	3.19E-06	-1.03E-05	-3.00E-05
249	13	-23.3262	38.6545	699.38	-13097.7	-47845.8	4809.55	163.588	272.728	0	-2.41E-05	3.19E-06	-1.03E-05	-3.00E-05
249	14	-23.3574	38.5508	698.89	-12921	-47831.5	4781.63	163.561	272.488	0	-2.00E-05	4.32E-06	-1.43E-05	-2.60E-05
249	15	-23.3505	38.4869	698.513	-12774.9	-47830.1	4759.91	163.526	272.289	0	-2.00E-05	4.32E-06	-1.43E-05	-2.60E-05
249	16	-23.3437	38.4229	698.136	-12628.8	-47828.6	4738.19	163.491	272.089	0	-1.39E-05	5.30E-06	-1.20E-05	-1.39E-05
249	17	-23.3438	38.276	697.408	-12452.9	-47866.2	4722.94	163.366	271.856	0	-1.39E-05	5.30E-06	-1.20E-05	-1.39E-05
249	18	-23.3439	38.1291	696.681	-12277.1	-47903.7	4707.68	163.24	271.622	0	-1.41E-05	6.93E-06	-7.00E-06	-3.61E-07
249	19	-23.4404	37.9988	696.044	-12139.8	-47888.6	4691.45	163.199	271.441	0	-1.41E-05	6.93E-06	-7.00E-06	-3.61E-07
250	0	-23.537	37.8684	695.407	-12002.5	-47873.6	4675.23	163.157	271.26	0	-1.70E-05	6.45E-06	-5.11E-06	7.10E-06
250	1	-23.6627	37.7746	694.789	-11826.8	-47846.8	4670.8	163.135	271.022	0	-2.17E-05	1.27E-06	-1.51E-06	1.00E-05
250	2	-23.7885	37.6808	694.171	-11651.2	-47820	4666.38	163.112	270.784	0	-2.17E-05	1.27E-06	-1.51E-06	1.00E-05
250	3	-23.7902	37.5555	693.854	-11478.3	-47824.2	4634.11	163.075	270.543	0	-2.58E-05	-1.97E-06	-2.57E-06	4.29E-06
250	4	-23.7918	37.4301	693.537	-11305.5	-47828.4	4601.85	163.037	270.301	0	-2.58E-05	-1.97E-06	-2.57E-06	4.29E-06
250	5	-23.8905	37.2943	692.992	-11118.7	-47821.7	4579.78	162.992	270.044	0	-2.66E-05	-2.16E-07	-9.52E-06	-1.69E-05
250	6	-23.9891	37.1585	692.448	-10931.8	-47815	4557.71	162.948	269.787	0	-2.66E-05	-2.16E-07	-9.52E-06	-1.69E-05
250	7	-24.0959	36.9855	691.987	-10777.4	-47828	4544.34	162.883	269.575	0	-2.64E-05	2.47E-06	-1.29E-05	-2.64E-05
250	8	-24.2027	36.8125	691.527	-10623	-47840.9	4530.96	162.818	269.362	0	-2.64E-05	2.47E-06	-1.29E-05	-2.64E-05
250	9	-24.2719	36.7646	690.947	-10467.3	-47860	4495.37	162.733	269.149	0	-2.67E-05	2.42E-06	-1.03E-05	-2.81E-05
250	10	-24.3412	36.7167	690.366	-10311.6	-47879.1	4459.78	162.647	268.936	0	-2.46E-05	3.96E-06	-6.91E-06	-3.81E-05
250	11	-24.3352	36.6914	690.033	-10159.8	-47873.8	4448.09	162.621	268.724	0	-2.46E-05	3.96E-06	-6.91E-06	-3.81E-05
250	12	-24.3293	36.6662	689.7	-10008	-47868.4	4436.4	162.595	268.511	0	-2.15E-05	4.68E-06	-7.55E-06	-4.81E-05
250	13	-24.2975	36.6485	689.357	-9845.28	-47877.9	4432.35	162.547	268.282	0	-2.15E-05	4.68E-06	-7.55E-06	-4.81E-05
250	14	-24.2657	36.6308	689.014	-9682.59	-47887.3	4428.29	162.499	268.053	0	-1.78E-05	5.52E-06	-1.07E-05	-4.60E-05
250	15	-24.3408	36.5071	688.223	-9479.04	-47906.2	4392.61	162.391	267.773	0	-1.78E-05	5.52E-06	-1.07E-05	-4.60E-05
250	16	-24.4158	36.3833	687.432	-9275.5	-47925	4356.92	162.284	267.493	0	-1.47E-05	5.80E-06	-1.15E-05	-3.42E-05
250	17	-24.5234	36.2789	686.89	-9092.87	-47931.1	4342.35	162.22	267.238	0	-1.47E-05	5.80E-06	-1.15E-05	-3.42E-05
250	18	-24.6309	36.1745	686.348	-8910.24	-47937.3	4327.77	162.156	266.982	0	-1.56E-05	8.32E-06	-1.13E-05	-2.77E-05
250	19	-24.6771	36.1905	685.927	-8746.56	-47934.2	4317.41	162.118	266.751	0	-1.90E-05	7.79E-06	-1.28E-05	-1.69E-05
251	0	-24.7232	36.2064	685.505	-8582.87	-47931.1	4307.05	162.079	266.521	0	-1.90E-05	7.79E-06	-1.28E-05	-1.69E-05
251	1	-24.7573	36.1039	685.288	-8384.75	-47920.3	4276.02	162.073	266.235	0	-2.33E-05	7.48E-06	-1.22E-05	-6.14E-06
251	2	-24.7913	36.0013	685.07	-8186.62	-47909.4	4244.98	162.066	265.95	0	-2.33E-05	7.48E-06	-1.22E-05	-6.14E-06
251	3	-24.8065	35.8985	684.679	-8044.29	-47927.1	4236.78	162.001	265.749	0	-2.52E-05	9.14E-06	-1.20E-05	-4.77E-06
251	4	-24.8216	35.7957	684.288	-7901.97	-47944.7	4228.57	161.935	265.548	0	-2.52E-05	9.14E-06	-1.20E-05	-4.77E-06
251	5	-24.911	35.7175	683.659	-7741.86	-47944.7	4216.33	161.87	265.324	0	-2.66E-05	9.04E-06	-1.28E-05	-1.26E-05
251	6	-25.0004	35.6393	683.029	-7581.75	-47944.6	4204.08	161.806	265.1	0	-2.66E-05	9.04E-06	-1.28E-05	-1.26E-05
251	7	-25.1311	35.5765	682.418	-7417.5	-47949.1	4172.12	161.737	264.869	0	-2.84E-05	5.25E-06	-1.63E-05	-2.04E-05
251	8	-25.2617	35.5138	681.807	-7253.24	-47953.5	4140.15	161.667	264.638	0	-2.83E-05	1.77E-06	-1.69E-05	-1.74E-05
251	9	-25.3074	35.503	681.345	-7059.89	-47970.7	4113.69	161.594	264.362	0	-2.83E-05	1.77E-06	-1.69E-05	-1.74E-05
251	10	-25.3531	35.4923	680.883	-6866.55	-47988	4087.22	161.521	264.085	0	-2.54E-05	3.62E-06	-1.41E-05	7.67E-07
251	11	-25.4177	35.4289	680.637	-6697.89	-48004.7	4083.67	161.471	263.841	0	-2.54E-05	3.62E-06	-1.41E-05	7.67E-07
251	12	-25.4824	35.3654	680.39	-6529.23	-48021.4	4080.13	161.421	263.596	0	-2.34E-05	5.32E-06	-1.28E-05	1.06E-05
251	13	-25.5052	35.2397	680.184	-6362.92	-47996.9	4061.42	161.435	263.355	0	-2.34E-05	5.32E-06	-1.28E-05	1.06E-05
251	14	-25.528	35.1141	679.977	-6196.61	-47972.4	4042.7	161.45	263.113	0	-2.25E-05	5.35E-06	-1.15E-05	-1.37E-06
251	15	-25.5744	35.072	679.561	-5995.43	-47973.3	4021.22	161.405	262.823	0	-2.25E-05	5.35E-06	-1.15E-05	-1.37E-06
251	16	-25.6208	35.0299	679.146	-5794.24	-47974.2	3999.74	161.361	262.532	0	-2.14E-05	4.56E-07	-9.86E-06	-8.99E-06
251	17	-25.6709	35.0534	678.572	-5644.06	-48033.8	3973.77	161.213	262.318	0	-1.98E-05	-3.52E-06	-9.47E-06	-1.17E-05
251	18	-25.7209	35.077	677.998	-5493.88	-48093.4	3947.79	161.066	262.103	0	-1.98E-05	-3.52E-06	-9.47E-06	-1.17E-05
251	19	-25.8508	34.9758	677.567	-5343.3	-48115.1	3924.67	160.988	261.886	0	-2.14E-05	-2.88E-07	-8.87E-06	-1.30E-05
252	0	-25.9807	34.8746	677.136	-5192.73	-48136.8	3901.55	160.911	261.669	0	-2.14E-05	-2.88E-07	-8.87E-06	-1.30E-05
252	1	-26.0217	34.8129	676.586	-4994.78	-48146.1	3890.14	160.84	261.382	0	-2.71E-05	8.08E-06	-9.09E-06	-1.48E-05
252	2	-26.0628	34.7512	676.037	-4796.83	-48155.5	3878.73	160.768	261.096	0	-2.71E-05	8.08E-06	-9.09E-06	-1.48E-05
252	3	-26.0569	34.8064	675.824	-4617.32	-48127.2	3874.29	160.787	260.832	0	-2.84E-05	1.41E-05	-1.13E-05	-1.83E-05
252	4	-26.0511	34.8615	675.612	-4437.81	-48098.9	3869.85	160.807	260.569	0	-2.84E-05	1.41E-05	-1.13E-05	-1.83E-05
252	5	-26.0815	34.7592	675.292	-4292.86	-48135.1	3834.53	160.72	260.357	0	-2.19E-05	1.19E-05	-1.17E-05	-2.05E-05
252	6	-26.1119	34.657	674.971	-4147.92	-48171.3	3799.22	160.632	260.145	0	-1.97E-05	5.59E-06	-1.24E-05	-1.62E-05
252	7	-26.1646	34.6401	674.609	-3961.41	-48188.9	3773.57	160.568	259.872	0	-1.97E-05	5.59E-06	-1.24E-05	-1.62E-05
252	8	-26.2173	34.6233	674.246	-3774.9	-48206.5	3747.92	160.503	259.599	0	-2.01E-05	5.06E-06	-1.11E-05	-1.55E-05
252	9	-26.2641	34.5286	673.884	-3594.6	-48235.3	3725.64	160.422	259.334	0	-2.01E-05	5.06E-06	-1.11E-05	-1.55E-05
252	10	-26.3109	34.4339	673.521	-3414.29	-48264	3703.36	160.341	259.069	0	-2.09E-05	5.87E-06	-9.38E-06	-1.58E-05
252	11	-26.2832	34.427	673.097	-3294.84	-48284.1	3692.48	160.266	258.895	0	-2.09E-05	5.87E-06	-9.38E-06	-1.58E-05
252	12	-26.2556	34.4202	672.672	-3175.39	-48304.3	3681.61	160.19	258.721	0	-1.94E-05	3.48E-06	-1.03E-05	-1.64E-05
252	13	-26.2104	34.4634	672.466	-2987.93	-48272.8	3649.62	160.215	258.443	0	-1.94E-05	3.48E-06	-1.03E-05	-1.64E-05
252	14	-26.1652	34.5065	672.26	-2800.47	-48241.3	3617.64	160.24	258.166	0	-1.71E-05	1.15E-06	-1.07E-05	-1.50E-05
252	15	-26.2403	34.3175	671.568	-2596.57	-48251	3591.49	160.152	257.866	0	-1.44E-05	1.61E-06	-8.97E-06	-1.38E-05
252	16	-26.3154	34.1285	670.875	-2392.67	-48260.6	3565.34	160.063	257.566	0	-1.44E-05	1.61E-06	-8.97E-06	-1.38E-05
252	17	-26.3941	34.1007	670.82	-2231.64	-48293.9	3546.86	160.008	257.327	0	-1.55E-05	5.11E-06	-7.46E-06	-1.91E-05
252	18	-26.4728	34.073	670.766	-2070.62	-48327.1	3528.37	159.952	257.087	0	-1.55E-05	5.11E-06	-7.46E-06	-1.91E-05
252	19	-26.4274	34.0559	670.505	-1922.92	-48367.5	3502.06	159.864	256.868	0	-1.77E-05	4.39E-06	-7.86E-06	-2.52E-05
253	0	-26.3819	34.0388	670.243	-1775.23	-48408	3475.75	159.776	256.649	0	-1.77E-05	4.39E-06	-7.86E-06	-2.52E-05
253	1	-26.366	33.9437	669.85	-1591.2	-48393	3451.31	159.755	256.375	0	-1.60E-05	3.72E-06	-7.89E-06	-2.12E-05
253	2	-26.3501	33.8487	669.456	-1407.18	-48378.1	3426.88	159.735	256.102	0	-1.60E-05	3.72E-06	-7.89E-06	-2.12E-05
253	3	-26.3754	33.7772	669.275	-1254.42	-48393.6	3393.95	159.693	255.874	0	-1.63E-05	4.80E-06	-8.73E-06	-1.70E-05
253	4	-26.4006	33.7058	669.094	-1101.67	-48409.1	3361.03	159.65	255.646	0	-1.61E-05	3.96E-06	-7.75E-06	-2.20E-05
253	5	-26.4301	33.6815	669.034	-1012.62	-48427.6	3328.5	159.616	255.514	0	-1.61E-05	3.96E-06	-7.75E-06	-2.20E-05
253	6	-26.4596	33.6571	668.975	-923.566	-48446.2	3295.97	159.581	255.381	0	-1.65E-05	1.77E-06	-7.98E-06	-2.60E-05
253	7	-26.5222	33.6236	668.822	-733.14	-48490.4	3283.99	159.499	255.096	0	-1.65E-05	1.77E-06	-7.98E-06	-2.60E-05
253	8	-26.5848	33.5901	668.669	-542.713	-48534.6	3272.01	159.416	254.812	0	-1.80E-05	3.88E-06	-8.27E-06	-1.81E-05
253	9	-26.5261	33.5063	668.358	-363.076	-48533.8	3244.24	159.384	254.543	0	-1.80E-05	3.88E-06	-8.27E-06	-1.81E-05
253	10	-26.4674	33.4225	668.047	-183.439	-48533	3216.48	159.351	254.275	0	-2.05E-05	7.03E-06	-6.57E-06	-4.87E-06
253	11	-26.4732	33.276	667.274	-33.6595	-48560.3	3187.42	159.226	254.05	0	-2.05E-05	7.03E-06	-6.57E-06	-4.87E-06
253	12	-26.479	33.1295	666.501	116.12	-48587.6	3158.35	159.1	253.826	0	-2.31E-05	6.55E-06	-6.40E-06	5.30E-06
253	13	-26.454	33.0478	666.091	292.432	-48589.5	3125.38	159.053	253.561	0	-2.38E-05	4.75E-06	-4.48E-06	5.54E-06
253	14	-26.4291	32.9662	665.681	468.744	-48591.4	3092.41	159.005	253.296	0	-2.38E-05	4.75E-06	-4.48E-06	5.54E-06
253	15	-26.4043	32.9649	665.874	582.933	-48626.1	3057.01	158.974	253.125	0	-2.45E-05	6.52E-06	-4.32E-06	1.94E-06
253	16	-26.3794	32.9636	666.066	697.122	-48660.9	3021.62	158.943	252.953	0	-2.45E-05	6.52E-06	-4.32E-06	1.94E-06
253	17	-26.4687	32.9391	665.972	893.06	-48701.4	2990.72	158.872	252.659	0	-2.38E-05	9.57E-06	-5.25E-06	-9.30E-06
253	18	-26.5581	32.9145	665.878	1089	-48742	2959.81	158.8	252.365	0	-2.38E-05	9.57E-06	-5.25E-06	-9.30E-06
253	19	-26.5147	32.7995	665.317	1241.57	-48769.6	2937.13	158.697	252.134	0	-2.01E-05	1.11E-05	-6.71E-06	-1.84E-05
254	0	-26.4712	32.6845	664.756	1394.14	-48797.3	2914.45	158.594	251.903	0	-2.01E-05	1.11E-05	-6.71E-06	-1.84E-05
254	1	-26.4662	32.5227	664.717	1513.79	-48799.2	2895.98	158.587	251.723	0	-1.83E-05	1.43E-05	-7.89E-06	-9.06E-06
254	2	-26.4612	32.361	664.678	1633.45	-48801	2877.5	158.579	251.543	0	-2.04E-05	1.27E-05	-9.28E-06	-4.84E-06
254	3	-26.4296	32.2914	664.583	1787.39	-48824.6	2849.95	158.534	251.311	0	-2.04E-05	1.27E-05	-9.28E-06	-4.84E-06
254	4	-26.3979	32.2218	664.488	1941.33	-48848.1	2822.4	158.488	251.078	0	-2.05E-05	6.88E-06	-1.15E-05	-1.18E-05
254	5	-26.4289	32.1653	663.978	2092.9	-48861.4	2790.69	158.411	250.848	0	-2.05E-05	6.88E-06	-1.15E-05	-1.18E-05
254	6	-26.46	32.1088	663.468	2244.46	-48874.7	2758.99	158.334	250.617	0	-1.99E-05	4.12E-06	-1.08E-05	-2.37E-05
254	7	-26.4246	32.0417	663.643	2411.49	-48902.4	2713.8	158.312	250.366	0	-1.99E-05	4.12E-06	-1.08E-05	-2.37E-05
254	8	-26.3892	31.9746	663.819	2578.52	-48930	2668.6	158.29	250.116	0	-1.94E-05	5.78E-06	-1.07E-05	-2.12E-05
254	9	-26.363	31.8546	663.518	2705.1	-48959	2628.58	158.213	249.923	0	-1.94E-05	5.78E-06	-1.07E-05	-2.12E-05
254	10	-26.3368	31.7346	663.216	2831.69	-48987.9	2588.55	158.136	249.73	0	-2.01E-05	6.07E-06	-1.24E-05	-1.17E-05
254	11	-26.4587	31.6522	662.788	3010.17	-49028.1	2572.97	158.028	249.458	0	-2.15E-05	5.11E-06	-1.10E-05	-1.12E-05
254	12	-26.5806	31.5698	662.36	3188.65	-49068.2	2557.38	157.919	249.186	0	-2.15E-05	5.11E-06	-1.10E-05	-1.12E-05
254	13	-26.5596	31.4152	662.154	3313.74	-49114.9	2521.33	157.826	248.996	0	-2.31E-05	4.24E-06	-1.07E-05	-5.71E-06
254	14	-26.5386	31.2607	661.947	3438.84	-49161.6	2485.29	157.732	248.805	0	-2.31E-05	4.24E-06	-1.07E-05	-5.71E-06
254	15	-26.4964	31.1703	661.898	3537.18	-49177.8	2439.71	157.702	248.656	0	-2.19E-05	2.47E-06	-1.22E-05	-1.47E-05
254	16	-26.4541	31.08	661.849	3635.52	-49194	2394.13	157.672	248.507	0	-2.19E-05	2.47E-06	-1.22E-05	-1.47E-05
254	17	-26.5525	30.9531	661.991	3780.06	-49220.3	2361.08	157.648	248.29	0	-2.28E-05	1.89E-06	-1.58E-05	-3.89E-05
254	18	-26.651	30.8262	662.133	3924.6	-49246.6	2328.02	157.624	248.073	0	-2.28E-05	1.89E-06	-1.58E-05	-3.89E-05
254	19	-26.5499	30.7745	661.824	4045.55	-49279.9	2295.49	157.539	247.887	0	-2.34E-05	-9.61E-08	-1.45E-05	-4.12E-05
255	0	-26.4489	30.7228	661.515	4166.5	-49313.2	2262.96	157.454	247.702	0	-2.14E-05	-1.65E-06	-1.39E-05	-2.14E-05
255	1	-26.4368	30.6037	661.573	4331.76	-49327.4	2239.55	157.439	247.452	0	-2.14E-05	-1.65E-06	-1.39E-05	-2.14E-05
255	2	-26.4248	30.4845	661.632	4497.02	-49341.5	2216.14	157.425	247.203	0	-2.03E-05	-1.13E-06	-1.31E-05	6.88E-06
255	3	-26.4325	30.3885	661.563	4626.75	-49361.7	2167.25	157.386	247.006	0	-2.03E-05	-1.13E-06	-1.31E-05	6.88E-06
255	4	-26.4402	30.2924	661.493	4756.48	-49381.9	2118.37	157.348	246.809	0	-2.23E-05	1.37E-06	-9.47E-06	1.10E-05
255	5	-26.5001	30.0527	661.444	4913.49	-49416	2089.98	157.291	246.572	0	-2.23E-05	1.37E-06	-9.47E-06	1.10E-05
255	6	-26.56	29.813	661.395	5070.5	-49450.1	2061.59	157.234	246.334	0	-2.09E-05	2.71E-06	-5.66E-06	-1.20E-05
255	7	-26.6096	29.6489	660.956	5222.06	-49484.9	2026.22	157.131	246.099	0	-2.09E-05	2.71E-06	-5.66E-06	-1.20E-05
255	8	-26.6592	29.4848	660.516	5373.62	-49519.7	1990.85	157.029	245.865	0	-2.08E-05	3.96E-06	1.99E-06	-9.76E-06
255	9	-26.5856	29.4163	660.428	5494.25	-49578.3	1966.24	156.93	245.681	0	-2.15E-05	4.08E-06	3.09E-06	-1.66E-05
255	10	-26.5119	29.3478	660.34	5614.88	-49636.8	1941.64	156.831	245.497	0	-2.15E-05	4.08E-06	3.09E-06	-1.66E-05
255	11	-26.5801	29.3001	660.35	5735.97	-49640.1	1886.43	156.828	245.314	0	-1.99E-05	1.05E-06	-2.47E-06	-1.07E-05
255	12	-26.6483	29.2524	660.36	5857.07	-49643.3	1831.23	156.824	245.131	0	-1.99E-05	1.05E-06	-2.47E-06	-1.07E-05
255	13	-26.7095	29.1563	660.322	6006.34	-49670.7	1800.99	156.778	244.904	0	-1.77E-05	-4.55E-07	-8.08E-06	1.06E-05
255	14	-26.7708	29.0601	660.283	6155.61	-49698.1	1770.75	156.732	244.677	0	-1.77E-05	-4.55E-07	-8.08E-06	1.06E-05
255	15	-26.779	28.8364	660.227	6269.02	-49739.6	1743.32	156.663	244.505	0	-1.85E-05	1.01E-06	-6.83E-06	1.19E-05
255	16	-26.7872	28.6127	660.172	6382.42	-49781.1	1715.89	156.594	244.332	0	-1.85E-05	1.01E-06	-6.83E-06	1.19E-05
255	17	-26.75	28.5317	659.758	6491.41	-49798	1699.46	156.521	244.161	0	-1.96E-05	2.04E-06	-4.39E-06	1.71E-05
255	18	-26.7128	28.4507	659.345	6600.4	-49814.9	1683.02	156.448	243.989	0	-1.98E-05	2.21E-06	-3.81E-06	1.59E-05
255	19	-26.7735	28.3213	659.462	6734.75	-49835.5	1654.02	156.43	243.788	0	-1.98E-05	2.21E-06	-3.81E-06	1.59E-05
256	0	-26.8342	28.1918	659.579	6869.11	-49856.2	1625.03	156.412	243.586	0	-2.11E-05	2.61E-06	-5.64E-06	2.95E-06
256	1	-26.926	28.0152	659.461	7014.2	-49898.1	1591.04	156.335	243.364	0	-2.11E-05	2.61E-06	-5.64E-06	2.95E-06
256	2	-27.0178	27.8386	659.344	7159.29	-49939.9	1557.05	156.258	243.142	0	-2.17E-05	4.39E-06	-6.31E-06	6.43E-06
256	3	-27.0951	27.6538	659.255	7319.55	-49965.8	1513.81	156.209	242.897	0	-2.17E-05	4.39E-06	-6.31E-06	6.43E-06
256	4	-27.1725	27.469	659.167	7479.8	-49991.6	1470.57	156.159	242.653	0	-2.10E-05	5.37E-06	-7.41E-06	3.14E-06
256	5	-27.183	27.3224	658.92	7634.63	-50026.4	1448.57	156.078	242.413	0	-2.10E-05	5.37E-06	-7.41E-06	3.14E-06
256	6	-27.1935	27.1758	658.673	7789.45	-50061.1	1426.57	155.997	242.174	0	-2.14E-05	4.17E-06	-1.09E-05	-1.35E-05
256	7	-27.2335	27.0796	658.531	7898.44	-50086.9	1388.07	155.941	242.006	0	-2.17E-05	3.12E-06	-1.31E-05	-2.19E-05
256	8	-27.2734	26.9835	658.388	8007.43	-50112.7	1349.56	155.886	241.838	0	-2.17E-05	3.12E-06	-1.31E-05	-2.19E-05
256	9	-27.4602	26.8758	658.3	8120.35	-50119.7	1318.96	155.865	241.665	0	-2.24E-05	3.60E-06	-1.32E-05	-2.55E-05
256	10	-27.647	26.7682	658.212	8233.28	-50126.7	1288.37	155.844	241.491	0	-2.24E-05	3.60E-06	-1.32E-05	-2.55E-05
256	11	-27.6486	26.4841	658.137	8334.95	-50155.1	1233.36	155.792	241.336	0	-2.26E-05	2.90E-06	-1.30E-05	-2.77E-05
256	12	-27.6501	26.1999	658.063	8436.61	-50183.5	1178.36	155.741	241.18	0	-2.26E-05	2.90E-06	-1.30E-05	-2.77E-05
256	13	-27.6716	26.1568	657.974	8548.49	-50222.1	1154.07	155.672	241.008	0	-2.18E-05	2.04E-06	-1.36E-05	-2.68E-05
256	14	-27.693	26.1137	657.886	8660.37	-50260.8	1129.77	155.603	240.836	0	-2.18E-05	2.04E-06	-1.36E-05	-2.68E-05
256	15	-27.7478	25.9494	657.614	8806.23	-50315.1	1105.65	155.488	240.609	0	-1.97E-05	1.05E-06	-1.24E-05	-2.02E-05
256	16	-27.8025	25.7852	657.343	8952.09	-50369.3	1081.52	155.374	240.381	0	-1.83E-05	2.16E-07	-1.16E-05	-1.24E-05
256	17	-27.8757	25.7097	657.25	9066.21	-50421.8	1045.44	155.284	240.206	0	-1.83E-05	2.16E-07	-1.16E-05	-1.24E-05
256	18	-27.9488	25.6342	657.157	9180.33	-50474.3	1009.36	155.193	240.03	0	-1.86E-05	-6.48E-07	-1.15E-05	-3.60E-07
256	19	-28.0884	25.4577	657.186	9321.79	-50467	975.922	155.207	239.816	0	-1.86E-05	-6.48E-07	-1.15E-05	-3.60E-07
257	0	-28.2281	25.2813	657.215	9463.25	-50459.7	942.488	155.222	239.601	0	-1.83E-05	-1.51E-06	-1.05E-05	-3.72E-06
257	1	-28.2384	25.1408	656.904	9634.87	-50481.7	912.49	155.152	239.333	0	-1.83E-05	-1.51E-06	-1.05E-05	-3.72E-06
257	2	-28.2487	25.0002	656.594	9806.49	-50503.7	882.492	155.082	239.065	0	-1.87E-05	-1.70E-06	-8.54E-06	-1.78E-05
257	3	-28.2385	24.879	656.535	9944.66	-50553.3	849.002	155	238.853	0	-1.87E-05	-1.70E-06	-8.54E-06	-1.78E-05
257	4	-28.2283	24.7578	656.476	10082.8	-50603	815.511	154.917	238.641	0	-2.09E-05	-3.05E-06	-1.04E-05	-2.49E-05
257	5	-28.3567	24.6373	656.377	10180.7	-50612.6	789.813	154.891	238.49	0	-1.99E-05	-4.03E-06	-1.04E-05	-3.60E-05
257	6	-28.4851	24.5167	656.278	10278.6	-50622.2	764.115	154.865	238.338	0	-1.99E-05	-4.03E-06	-1.04E-05	-3.60E-05
257	7	-28.5867	24.4886	656.254	10390.2	-50660.6	730.044	154.803	238.167	0	-1.76E-05	-2.76E-06	-9.14E-06	-3.13E-05
257	8	-28.6884	24.4606	656.23	10501.9	-50699.1	695.972	154.742	237.997	0	-1.76E-05	-2.76E-06	-9.14E-06	-3.13E-05
257	9	-28.7306	24.2925	656.037	10649.4	-50724.5	657.192	154.68	237.767	0	-1.80E-05	-4.55E-07	-6.04E-06	-3.16E-06
257	10	-28.7728	24.1245	655.844	10797	-50750	618.412	154.619	237.537	0	-1.80E-05	-4.55E-07	-6.04E-06	-3.16E-06
257	11	-28.8912	23.9453	655.844	10954.9	-50767.2	603.97	154.593	237.297	0	-1.91E-05	4.34E-06	-3.00E-06	4.44E-06
257	12	-29.0097	23.7662	655.844	11112.7	-50784.3	589.528	154.566	237.056	0	-1.91E-05	4.34E-06	-3.00E-06	4.44E-06
257	13	-29.0076	23.7166	655.79	11244.7	-50844.2	542.388	154.469	236.853	0	-1.92E-05	6.83E-06	-3.14E-06	-1.69E-07
257	14	-29.0055	23.667	655.736	11376.8	-50904.1	495.247	154.371	236.65	0	-2.04E-05	4.63E-06	-5.01E-06	-7.29E-06
257	15	-29.0637	23.6374	655.5	11485.8	-50936.8	463.661	154.293	236.478	0	-2.04E-05	4.63E-06	-5.01E-06	-7.29E-06
257	16	-29.1219	23.6079	655.265	11594.9	-50969.5	432.074	154.215	236.305	0	-2.12E-05	5.49E-06	-6.40E-06	-1.41E-05
257	17	-29.2085	23.5074	655.061	11748	-50956	404.465	154.212	236.066	0	-2.12E-05	5.49E-06	-6.40E-06	-1.41E-05
257	18	-29.2951	23.4069	654.858	11901.1	-50942.5	376.856	154.208	235.826	0	-2.20E-05	7.15E-06	-9.71E-06	-1.60E-05
257	19	-29.3496	23.2914	655.059	12075.7	-50998.7	350.415	154.146	235.565	0	-2.20E-05	7.15E-06	-9.71E-06	-1.60E-05
258	0	-29.404	23.176	655.26	12250.4	-51055	323.973	154.084	235.305	0	-2.39E-05	6.83E-06	-1.07E-05	-1.86E-05
258	1	-29.4201	23.0662	655.33	12359.9	-51092.3	292.843	154.036	235.139	0	-2.39E-05	6.83E-06	-1.07E-05	-1.86E-05
258	2	-29.4362	22.9565	655.4	12469.5	-51129.6	261.714	153.987	234.974	0	-2.38E-05	7.60E-06	-1.19E-05	-2.62E-05
258	3	-29.4653	22.8785	654.982	12591.5	-51172	252.968	153.873	234.776	0	-2.04E-05	7.79E-06	-1.23E-05	-3.72E-05
258	4	-29.4944	22.8005	654.564	12713.5	-51214.4	244.222	153.758	234.577	0	-2.04E-05	7.79E-06	-1.23E-05	-3.72E-05
258	5	-29.5357	22.731	654.418	12862.1	-51226.3	211.31	153.722	234.346	0	-1.89E-05	6.98E-06	-1.02E-05	-4.00E-05
258	6	-29.5769	22.6615	654.272	13010.6	-51238.3	178.399	153.687	234.114	0	-1.89E-05	6.98E-06	-1.02E-05	-4.00E-05
258	7	-29.5804	22.5829	654.635	13116.2	-51271.5	139.214	153.679	233.964	0	-2.08E-05	5.39E-06	-8.90E-06	-2.60E-05
258	8	-29.5838	22.5042	654.997	13221.8	-51304.6	100.029	153.672	233.814	0	-2.08E-05	5.39E-06	-8.90E-06	-2.60E-05
258	9	-29.6578	22.4316	654.828	13348.8	-51302	69.715	153.656	233.615	0	-2.17E-05	4.48E-06	-7.50E-06	-1.77E-05
258	10	-29.7317	22.3591	654.659	13475.8	-51299.4	39.4014	153.639	233.416	0	-2.17E-05	4.48E-06	-7.50E-06	-1.77E-05
258	11	-29.7046	22.1994	654.828	13638.6	-51315.6	6.06439	153.635	233.172	0	-2.18E-05	4.03E-06	-5.35E-06	-1.87E-06
258	12	-29.6775	22.0397	654.998	13801.5	-51331.9	-27.2726	153.63	232.929	0	-2.21E-05	3.05E-06	-6.50E-06	9.54E-06
258	13	-29.7584	21.9892	654.681	13906.1	-51413.4	-54.1676	153.468	232.759	0	-2.21E-05	3.05E-06	-6.50E-06	9.54E-06
258	14	-29.8393	21.9387	654.365	14010.7	-51494.9	-81.0626	153.306	232.589	0	-2.26E-05	3.45E-06	-8.66E-06	-9.86E-07
258	15	-29.8058	21.8405	654.467	14192.8	-51540.3	-105.234	153.249	232.314	0	-2.26E-05	3.45E-06	-8.66E-06	-9.86E-07
258	16	-29.7723	21.7423	654.569	14375	-51585.6	-129.406	153.192	232.039	0	-2.20E-05	4.82E-06	-1.12E-05	-9.42E-06
258	17	-29.8205	21.7367	654.674	14505.8	-51590.6	-164.435	153.197	231.843	0	-2.20E-05	4.82E-06	-1.12E-05	-9.42E-06
258	18	-29.8687	21.7311	654.779	14636.7	-51595.6	-199.465	153.202	231.646	0	-2.20E-05	3.43E-06	-1.11E-05	-1.21E-05
258	19	-29.8736	21.6276	654.468	14745.3	-51653.4	-255.844	153.076	231.47	0	-2.20E-05	3.43E-06	-1.11E-05	-1.21E-05
259	0	-29.8784	21.5242	654.156	14853.9	-51711.2	-312.223	152.95	231.293	0	-2.07E-05	2.95E-06	-9.78E-06	-9.47E-06
259	1	-29.978	21.4174	654.127	15011	-51726.6	-328.222	152.923	231.052	0	-1.92E-05	3.96E-06	-7.89E-06	-1.36E-05
259	2	-30.0775	21.3107	654.098	15168.1	-51741.9	-344.22	152.896	230.811	0	-1.92E-05	3.96E-06	-7.89E-06	-1.36E-05
259	3	-30.111	21.1851	654.146	15321.2	-51731.1	-361.387	152.918	230.578	0	-1.86E-05	6.93E-06	-7.15E-06	-1.79E-05
259	4	-30.1445	21.0596	654.193	15474.3	-51720.3	-378.553	152.94	230.346	0	-1.86E-05	6.93E-06	-7.15E-06	-1.79E-05
259	5	-30.1346	21.037	654.357	15599.2	-51777.8	-425.088	152.872	230.161	0	-2.03E-05	9.28E-06	-8.78E-06	-1.88E-05
259	6	-30.1247	21.0144	654.522	15724.1	-51835.3	-471.623	152.804	229.976	0	-2.03E-05	9.28E-06	-8.78E-06	-1.88E-05
259	7	-30.1649	20.9574	654.476	15842.2	-51895	-486.342	152.708	229.794	0	-2.02E-05	9.38E-06	-9.33E-06	-1.52E-05
259	8	-30.205	20.9004	654.429	15960.3	-51954.7	-501.06	152.611	229.612	0	-2.02E-05	9.38E-06	-9.33E-06	-1.52E-05
259	9	-30.1902	20.8262	654.643	16105.6	-51992.7	-495.822	152.579	229.398	0	-1.96E-05	8.32E-06	-1.09E-05	-1.29E-05
259	10	-30.1754	20.752	654.856	16250.9	-52030.6	-490.584	152.546	229.184	0	-1.93E-05	9.18E-06	-1.07E-05	-1.33E-05
259	11	-30.1904	20.5884	654.804	16391.7	-52028.8	-519.234	152.543	228.967	0	-1.93E-05	9.18E-06	-1.07E-05	-1.33E-05
259	12	-30.2054	20.4248	654.752	16532.5	-52026.9	-547.884	152.54	228.75	0	-1.93E-05	1.10E-05	-8.27E-06	-1.50E-05
259	13	-30.244	20.3594	654.898	16706.2	-52046.4	-580.333	152.527	228.49	0	-1.93E-05	1.10E-05	-8.27E-06	-1.50E-05
259	14	-30.2826	20.2941	655.044	16879.8	-52066	-612.782	152.515	228.231	0	-2.11E-05	1.16E-05	-9.57E-06	-2.00E-05
259	15	-30.277	20.2874	654.844	17023	-52121.4	-659.585	152.406	228.005	0	-2.11E-05	1.16E-05	-9.57E-06	-2.00E-05
259	16	-30.2715	20.2807	654.644	17166.2	-52176.9	-706.388	152.297	227.778	0	-2.17E-05	1.19E-05	-1.64E-05	-2.83E-05
259	17	-30.2534	20.2075	654.985	17273	-52218.1	-730.992	152.276	227.628	0	-2.17E-05	1.19E-05	-1.64E-05	-2.83E-05
259	18	-30.2353	20.1342	655.326	17379.8	-52259.3	-755.596	152.255	227.479	0	-2.19E-05	1.15E-05	-1.97E-05	-2.50E-05
259	19	-30.2946	20.1299	655.185	17529.9	-52341	-767.518	152.113	227.244	0	-2.26E-05	1.06E-05	-1.01E-05	-8.13E-06
260	0	-30.354	20.1255	655.043	17679.9	-52422.7	-779.44	151.971	227.01	0	-2.26E-05	1.06E-05	-1.01E-05	-8.13E-06
260	1	-30.3755	20.0293	654.908	17810.8	-52472.7	-801.91	151.878	226.804	0	-2.32E-05	8.85E-06	-4.01E-06	-6.88E-06
260	2	-30.397	19.9331	654.773	17941.7	-52522.6	-824.38	151.785	226.599	0	-2.32E-05	8.85E-06	-4.01E-06	-6.88E-06
260	3	-30.4672	19.8072	655.009	18054	-52522.3	-857.113	151.814	226.437	0	-2.20E-05	8.08E-06	-7.07E-06	-1.56E-05
260	4	-30.5374	19.6813	655.245	18166.2	-52522	-889.846	151.844	226.276	0	-2.20E-05	8.08E-06	-7.07E-06	-1.56E-05
260	5	-30.5245	19.6871	655.399	18313.2	-52529.4	-918.968	151.851	226.058	0	-1.99E-05	4.96E-06	-8.30E-06	-1.90E-05
260	6	-30.5115	19.6928	655.553	18460.1	-52536.9	-948.091	151.859	225.84	0	-1.99E-05	4.96E-06	-8.30E-06	-1.90E-05
260	7	-30.4842	19.6766	655.254	18622.5	-52589.4	-957.555	151.742	225.58	0	-1.80E-05	3.33E-06	-8.87E-06	-1.48E-05
260	8	-30.4569	19.6604	654.954	18784.8	-52642	-967.02	151.625	225.319	0	-1.91E-05	2.13E-06	-1.01E-05	-1.16E-05
260	9	-30.5284	19.616	654.837	18950.4	-52679.9	-985.705	151.553	225.061	0	-1.91E-05	2.13E-06	-1.01E-05	-1.16E-05
260	10	-30.6	19.5715	654.72	19116	-52717.8	-1004.39	151.48	224.803	0	-1.93E-05	1.56E-06	-1.23E-05	-9.59E-06
260	11	-30.5211	19.5401	655.207	19254.8	-52739.5	-1054.31	151.507	224.613	0	-1.93E-05	1.56E-06	-1.23E-05	-9.59E-06
260	12	-30.4423	19.5086	655.694	19393.7	-52761.1	-1104.23	151.534	224.423	0	-2.13E-05	-4.56E-07	-1.20E-05	-3.19E-06
260	13	-30.3308	19.3697	656.076	19556	-52845.9	-1135.47	151.452	224.192	0	-2.13E-05	-4.56E-07	-1.20E-05	-3.19E-06
260	14	-30.2193	19.2308	656.459	19718.4	-52930.7	-1166.71	151.369	223.962	0	-2.29E-05	-2.66E-06	-6.04E-06	-9.37E-07
260	15	-30.2815	19.2995	656.56	19859.4	-52991.3	-1189.98	151.289	223.752	0	-2.29E-05	-2.66E-06	-6.04E-06	-9.37E-07
260	16	-30.3438	19.3682	656.661	20000.3	-53051.9	-1213.25	151.21	223.542	0	-2.29E-05	-5.73E-06	-5.20E-06	-7.22E-06
260	17	-30.2877	19.3085	656.768	20138.7	-53065.6	-1234.45	151.202	223.337	0	-2.48E-05	-6.02E-06	-6.35E-06	-1.91E-05
260	18	-30.2317	19.2488	656.875	20277	-53079.2	-1255.66	151.194	223.131	0	-2.48E-05	-6.02E-06	-6.35E-06	-1.91E-05
260	19	-30.179	19.1664	656.645	20414.6	-53077.1	-1300.44	151.169	222.911	0	-2.59E-05	-5.99E-07	-7.70E-06	-2.98E-05
261	0	-30.1263	19.0839	656.415	20552.3	-53075	-1345.21	151.144	222.69	0	-2.59E-05	-5.99E-07	-7.70E-06	-2.98E-05
261	1	-30.2557	19.0717	656.482	20701.6	-53089.3	-1358.99	151.131	222.466	0	-2.63E-05	1.18E-06	-1.08E-05	-2.76E-05
261	2	-30.3851	19.0594	656.548	20851	-53103.6	-1372.76	151.117	222.242	0	-2.63E-05	1.18E-06	-1.08E-05	-2.76E-05
261	3	-30.3076	18.9696	656.43	20968.3	-53160	-1390.46	151.017	222.057	0	-2.53E-05	3.43E-06	-1.23E-05	-2.29E-05
261	4	-30.2301	18.8799	656.313	21085.6	-53216.5	-1408.16	150.916	221.873	0	-2.53E-05	3.43E-06	-1.23E-05	-2.29E-05
261	5	-30.1802	18.908	656.625	21239.6	-53229.3	-1426.93	150.935	221.653	0	-2.32E-05	5.11E-06	-1.23E-05	-1.28E-05
261	6	-30.1304	18.9362	656.938	21393.5	-53242.2	-1445.7	150.954	221.435	0	-2.41E-05	6.45E-06	-1.41E-05	-2.83E-06
261	7	-30.0975	18.9579	657.141	21551	-53294.9	-1462.38	150.899	221.205	0	-2.41E-05	6.45E-06	-1.41E-05	-2.83E-06
261	8	-30.0646	18.9796	657.345	21708.5	-53347.6	-1479.05	150.844	220.975	0	-2.30E-05	5.68E-06	-1.14E-05	2.76E-06
261	9	-30.0822	18.9481	657.657	21835	-53384	-1516.21	150.827	220.799	0	-2.30E-05	5.68E-06	-1.14E-05	2.76E-06
261	10	-30.0997	18.9167	657.969	21961.5	-53420.3	-1553.36	150.81	220.622	0	-2.09E-05	4.68E-06	-7.74E-06	4.75E-06
261	11	-30.0477	18.847	657.85	22132.3	-53445.6	-1559.06	150.757	220.357	0	-2.09E-05	4.68E-06	-7.74E-06	4.75E-06
261	12	-29.9956	18.7774	657.732	22303	-53470.9	-1564.75	150.704	220.091	0	-1.86E-05	5.76E-06	-1.17E-06	1.75E-06
261	13	-29.9425	18.6759	658.1	22470.5	-53511.4	-1585.64	150.688	219.856	0	-1.86E-05	5.76E-06	-1.17E-06	1.75E-06
261	14	-29.8894	18.5743	658.468	22637.9	-53551.9	-1606.54	150.672	219.62	0	-1.91E-05	6.98E-06	9.69E-06	-4.09E-07
261	15	-29.923	18.5599	658.269	22748.1	-53593	-1637.39	150.585	219.443	0	-2.21E-05	6.40E-06	1.21E-05	-2.32E-06
261	16	-29.9565	18.5455	658.071	22858.2	-53634	-1668.25	150.498	219.265	0	-2.21E-05	6.40E-06	1.21E-05	-2.32E-06
261	17	-30.0236	18.609	658.029	22961.3	-53661.9	-1696.06	150.451	219.106	0	-2.37E-05	6.07E-06	-3.62E-06	7.27E-06
261	18	-30.0906	18.6725	657.987	23064.4	-53689.7	-1723.87	150.403	218.947	0	-2.37E-05	6.07E-06	-3.62E-06	7.27E-06
261	19	-29.9479	18.617	658.234	23222	-53715.2	-1733.86	150.395	218.721	0	-2.34E-05	9.42E-06	-1.40E-05	6.54E-06
262	0	-29.8052	18.5615	658.482	23379.7	-53740.7	-1743.85	150.387	218.495	0	-2.34E-05	9.42E-06	-1.40E-05	6.54E-06
262	1	-29.7171	18.5126	658.634	23511.5	-53767.8	-1772.4	150.365	218.303	0	-2.03E-05	1.01E-05	-1.21E-05	-1.25E-05
262	2	-29.629	18.4637	658.787	23643.4	-53794.8	-1800.95	150.343	218.111	0	-2.03E-05	1.01E-05	-1.21E-05	-1.25E-05
262	3	-29.6689	18.4542	658.886	23825.4	-53819.8	-1825.15	150.317	217.84	0	-1.79E-05	7.72E-06	-1.10E-05	-1.83E-05
262	4	-29.7087	18.4448	658.986	24007.4	-53844.8	-1849.34	150.291	217.569	0	-1.78E-05	8.61E-06	-1.14E-05	-1.96E-05
262	5	-29.6654	18.3934	659.069	24131.7	-53897.1	-1870.88	150.222	217.385	0	-1.78E-05	8.61E-06	-1.14E-05	-1.96E-05
262	6	-29.6221	18.342	659.152	24255.9	-53949.3	-1892.43	150.153	217.201	0	-1.73E-05	7.55E-06	-1.13E-05	-1.90E-05
262	7	-29.5812	18.2546	659.265	24384	-53997	-1900.03	150.095	217.013	0	-1.73E-05	7.55E-06	-1.13E-05	-1.90E-05
262	8	-29.5404	18.1673	659.378	24512.1	-54044.6	-1907.64	150.037	216.825	0	-1.46E-05	5.06E-06	-1.22E-05	-1.82E-05
262	9	-29.5385	18.1337	659.457	24707	-54061.7	-1935.84	150.021	216.534	0	-1.46E-05	5.06E-06	-1.22E-05	-1.82E-05
262	10	-29.5365	18.1	659.536	24902	-54078.7	-1964.03	150.005	216.243	0	-1.09E-05	2.04E-06	-1.36E-05	-2.83E-05
262	11	-29.4427	18.0161	659.558	25006	-54095.3	-2016.78	149.982	216.087	0	-1.09E-05	2.04E-06	-1.36E-05	-2.83E-05
262	12	-29.3488	17.9321	659.58	25110	-54111.9	-2069.53	149.96	215.93	0	-9.33E-06	1.25E-06	-1.36E-05	-4.75E-05
262	13	-29.3839	17.8214	659.886	25253	-54101.2	-2073.56	150.014	215.731	0	-1.45E-05	1.58E-06	-1.23E-05	-5.37E-05
262	14	-29.4189	17.7106	660.191	25396	-54090.5	-2077.58	150.068	215.532	0	-1.45E-05	1.58E-06	-1.23E-05	-5.37E-05
262	15	-29.412	17.681	660.381	25520.4	-54147.9	-2103.59	150.005	215.355	0	-1.83E-05	1.01E-06	-1.06E-05	-3.46E-05
262	16	-29.4051	17.6514	660.572	25644.8	-54205.3	-2129.6	149.942	215.178	0	-1.83E-05	1.01E-06	-1.06E-05	-3.46E-05
262	17	-29.3966	17.5858	660.582	25790.4	-54257.3	-2143.1	149.864	214.958	0	-1.95E-05	1.30E-06	-1.27E-05	-7.01E-06
262	18	-29.3882	17.5202	660.593	25936	-54309.3	-2156.6	149.787	214.738	0	-1.95E-05	1.30E-06	-1.27E-05	-7.01E-06
262	19	-29.3694	17.4695	660.766	26100.3	-54328.7	-2179.9	149.779	214.5	0	-1.97E-05	3.24E-06	-1.06E-05	1.77E-05
263	0	-29.3505	17.4187	660.939	26264.6	-54348.1	-2203.19	149.771	214.262	0	-1.97E-05	3.24E-06	-1.06E-05	1.77E-05
263	1	-29.266	17.3058	660.824	26375.7	-54356.9	-2229.97	149.744	214.087	0	-2.06E-05	4.68E-06	-5.06E-06	2.42E-05
263	2	-29.1814	17.1928	660.708	26486.9	-54365.6	-2256.74	149.716	213.911	0	-2.24E-05	5.68E-06	-5.64E-06	9.47E-06
263	3	-29.0958	17.198	661.151	26648.9	-54406.8	-2262.84	149.709	213.693	0	-2.24E-05	5.68E-06	-5.64E-06	9.47E-06
263	4	-29.0101	17.2032	661.594	26810.8	-54448.1	-2268.94	149.702	213.475	0	-2.29E-05	6.35E-06	-8.30E-06	-9.34E-07
263	5	-28.9022	17.2163	661.618	26942.1	-54505.7	-2307	149.618	213.278	0	-2.29E-05	6.35E-06	-8.30E-06	-9.34E-07
263	6	-28.7943	17.2295	661.642	27073.4	-54563.2	-2345.06	149.534	213.082	0	-2.44E-05	4.99E-06	-8.99E-06	5.04E-07
263	7	-28.8761	17.2223	661.783	27164.8	-54565.5	-2365.65	149.548	212.952	0	-2.44E-05	4.99E-06	-8.99E-06	5.04E-07
263	8	-28.9579	17.215	661.924	27256.1	-54567.7	-2386.24	149.562	212.823	0	-2.35E-05	3.45E-06	-1.07E-05	-2.18E-07
263	9	-28.9098	17.1553	662.171	27394.8	-54593.9	-2417.78	149.553	212.629	0	-2.35E-05	3.45E-06	-1.07E-05	-2.18E-07
263	10	-28.8616	17.0955	662.419	27533.6	-54620	-2449.31	149.545	212.435	0	-2.23E-05	1.89E-06	-1.12E-05	-5.18E-06
263	11	-28.8601	16.9698	662.648	27657.4	-54637.8	-2476.04	149.546	212.262	0	-2.09E-05	1.17E-06	-9.81E-06	-9.64E-06
263	12	-28.8586	16.844	662.878	27781.2	-54655.5	-2502.77	149.548	212.09	0	-2.09E-05	1.17E-06	-9.81E-06	-9.64E-06
263	13	-28.7694	16.7667	663.18	27935.7	-54706.1	-2532.89	149.509	211.876	0	-2.17E-05	1.46E-06	-9.52E-06	-1.35E-05
263	14	-28.6803	16.6895	663.481	28090.3	-54756.6	-2563.01	149.471	211.662	0	-2.17E-05	1.46E-06	-9.52E-06	-1.35E-05
263	15	-28.6491	16.6847	663.576	28225.8	-54775.2	-2574.32	149.454	211.464	0	-2.37E-05	3.29E-06	-1.15E-05	-1.62E-05
263	16	-28.6179	16.6799	663.671	28361.3	-54793.8	-2585.64	149.438	211.266	0	-2.37E-05	3.29E-06	-1.15E-05	-1.62E-05
263	17	-28.6317	16.691	663.698	28489.4	-54832.3	-2601.61	149.384	211.075	0	-2.37E-05	3.72E-06	-1.25E-05	-1.68E-05
263	18	-28.6455	16.702	663.726	28617.5	-54870.9	-2617.57	149.329	210.884	0	-2.37E-05	3.72E-06	-1.25E-05	-1.68E-05
263	19	-28.6286	16.5688	663.992	28722.3	-54913.9	-2662.12	149.297	210.743	0	-2.39E-05	2.71E-06	-9.85E-06	-1.87E-05
264	0	-28.6118	16.4356	664.258	28827	-54956.9	-2706.66	149.266	210.603	0	-2.42E-05	1.65E-06	-7.75E-06	-1.85E-05
264	1	-28.5028	16.3641	664.528	28964.2	-54976.3	-2719.65	149.27	210.414	0	-2.42E-05	1.65E-06	-7.75E-06	-1.85E-05
264	2	-28.3939	16.2925	664.798	29101.3	-54995.6	-2732.65	149.275	210.225	0	-2.31E-05	7.92E-07	-8.99E-06	-1.35E-05
264	3	-28.3804	16.2297	664.959	29207.1	-54997.9	-2757.02	149.291	210.077	0	-2.31E-05	7.92E-07	-8.99E-06	-1.35E-05
264	4	-28.3669	16.1669	665.12	29312.8	-55000.2	-2781.39	149.308	209.929	0	-2.12E-05	2.90E-06	-9.52E-06	-1.46E-05
264	5	-28.3588	16.1116	665.242	29458	-55069.5	-2794.65	149.219	209.718	0	-2.12E-05	2.90E-06	-9.52E-06	-1.46E-05
264	6	-28.3507	16.0564	665.363	29603.3	-55138.9	-2807.92	149.13	209.508	0	-1.87E-05	5.30E-06	-9.16E-06	-2.28E-05
264	7	-28.3728	15.9456	665.691	29704.8	-55182.3	-2834.14	149.105	209.378	0	-1.87E-05	5.30E-06	-9.16E-06	-2.28E-05
264	8	-28.3949	15.8347	666.019	29806.4	-55225.7	-2860.37	149.081	209.247	0	-1.90E-05	5.35E-06	-8.75E-06	-2.36E-05
264	9	-28.3738	15.642	665.909	29964.2	-55226	-2886.46	149.067	209.003	0	-1.90E-05	2.28E-06	-9.04E-06	-1.14E-05
264	10	-28.3528	15.4493	665.798	30122	-55226.4	-2912.55	149.052	208.758	0	-1.90E-05	2.28E-06	-9.04E-06	-1.14E-05
264	11	-28.4119	15.3629	666.186	30257.7	-55252.7	-2925.47	149.061	208.581	0	-1.92E-05	3.14E-06	-1.00E-05	6.51E-07
264	12	-28.4711	15.2765	666.575	30393.3	-55279	-2938.39	149.07	208.404	0	-1.92E-05	3.14E-06	-1.00E-05	6.51E-07
264	13	-28.389	15.3082	666.915	30449.8	-55329.9	-2970.97	149.036	208.342	0	-1.95E-05	4.80E-06	-1.07E-05	6.02E-06
264	14	-28.307	15.3399	667.255	30506.3	-55380.9	-3003.55	149.002	208.281	0	-1.95E-05	4.80E-06	-1.07E-05	6.02E-06
264	15	-28.3277	15.2833	667.699	30654.7	-55362.1	-3030.07	149.085	208.089	0	-2.01E-05	4.36E-06	-9.95E-06	-2.13E-06
264	16	-28.3483	15.2267	668.144	30803.1	-55343.3	-3056.59	149.169	207.898	0	-2.01E-05	4.36E-06	-9.95E-06	-2.13E-06
264	17	-28.3106	15.1643	668.049	30956.1	-55423	-3075	149.038	207.662	0	-2.04E-05	4.58E-06	-8.61E-06	-3.42E-05
264	18	-28.2729	15.1019	667.954	31109.1	-55502.7	-3093.41	148.906	207.426	0	-1.92E-05	6.12E-06	-1.06E-05	-4.71E-05
264	19	-28.2721	14.904	668.124	31186.3	-55517.6	-3125.87	148.905	207.323	0	-1.92E-05	6.12E-06	-1.06E-05	-4.71E-05
265	0	-28.2714	14.7061	668.293	31263.5	-55532.6	-3158.32	148.904	207.219	0	-2.04E-05	7.75E-06	-7.93E-06	-3.93E-05
265	1	-28.3036	14.6022	668.49	31351.4	-55565.7	-3160.57	148.879	207.101	0	-2.04E-05	7.75E-06	-7.93E-06	-3.93E-05
265	2	-28.3359	14.4983	668.688	31439.3	-55598.8	-3162.82	148.854	206.984	0	-2.12E-05	8.94E-06	-4.49E-06	-2.98E-05
265	3	-28.3439	14.3637	668.6	31559.2	-55635	-3186.13	148.789	206.798	0	-2.12E-05	8.94E-06	-4.49E-06	-2.98E-05
265	4	-28.352	14.2291	668.512	31679.1	-55671.3	-3209.45	148.724	206.612	0	-2.24E-05	8.85E-06	-6.11E-06	-2.34E-05
265	5	-28.3402	14.1754	668.66	31838.7	-55682.6	-3242.62	148.725	206.384	0	-2.24E-05	8.85E-06	-6.11E-06	-2.34E-05
265	6	-28.3283	14.1217	668.808	31998.3	-55693.9	-3275.79	148.727	206.156	0	-2.29E-05	7.00E-06	-5.73E-06	-2.67E-06
265	7	-28.2659	14.0214	668.959	32112.1	-55740.2	-3295.46	148.676	205.997	0	-2.15E-05	1.00E-05	-7.65E-06	1.43E-05
265	8	-28.2034	13.9211	669.11	32225.9	-55786.4	-3315.12	148.626	205.838	0	-2.15E-05	1.00E-05	-7.65E-06	1.43E-05
265	9	-28.2525	13.8652	669.329	32322.3	-55833.6	-3330.54	148.583	205.709	0	-2.06E-05	1.17E-05	-1.21E-05	1.21E-05
265	10	-28.3015	13.8092	669.548	32418.8	-55880.8	-3345.95	148.539	205.581	0	-2.06E-05	1.17E-05	-1.21E-05	1.21E-05
265	11	-28.3979	13.7555	669.66	32534.2	-55886.9	-3382.25	148.544	205.417	0	-2.07E-05	9.85E-06	-1.07E-05	1.60E-06
265	12	-28.4942	13.7019	669.771	32649.7	-55893.1	-3418.55	148.549	205.252	0	-2.07E-05	9.85E-06	-1.07E-05	1.60E-06
265	13	-28.408	13.6014	670.069	32737.8	-55895.3	-3435.76	148.583	205.143	0	-2.32E-05	7.26E-06	-8.18E-06	-5.25E-06
265	14	-28.3218	13.5009	670.367	32826	-55897.6	-3452.97	148.616	205.033	0	-2.32E-05	7.26E-06	-8.18E-06	-5.25E-06
265	15	-28.1969	13.4168	670.66	32987	-55929.8	-3462.42	148.605	204.814	0	-2.43E-05	5.06E-06	-6.12E-06	-1.15E-06
265	16	-28.0719	13.3326	670.953	33148	-55961.9	-3471.86	148.593	204.596	0	-2.37E-05	2.13E-06	-8.32E-06	-1.48E-07
265	17	-28.1002	13.251	670.81	33277	-55996.2	-3506.5	148.525	204.393	0	-2.37E-05	2.13E-06	-8.32E-06	-1.48E-07
265	18	-28.1286	13.1693	670.668	33405.9	-56030.5	-3541.14	148.456	204.19	0	-2.15E-05	1.85E-06	-1.29E-05	-8.66E-06
265	19	-28.1847	13.105	670.73	33524.5	-56043.3	-3569.13	148.444	204.018	0	-2.15E-05	1.85E-06	-1.29E-05	-8.66E-06
266	0	-28.2407	13.0407	670.791	33643.1	-56056.2	-3597.13	148.433	203.846	0	-1.97E-05	1.85E-06	-1.28E-05	-1.82E-05
266	1	-28.255	12.8815	670.8	33748.3	-56063.8	-3627.72	148.423	203.689	0	-1.97E-05	1.85E-06	-1.28E-05	-1.82E-05
266	2	-28.2693	12.7222	670.809	33853.6	-56071.4	-3658.31	148.412	203.533	0	-1.98E-05	1.89E-06	-1.23E-05	-1.84E-05
266	3	-28.3075	12.6972	671.152	33943.7	-56092.7	-3672.77	148.423	203.425	0	-1.98E-05	1.89E-06	-1.23E-05	-1.84E-05
266	4	-28.3458	12.6721	671.495	34033.7	-56114	-3687.22	148.434	203.316	0	-1.99E-05	2.62E-06	-1.26E-05	-2.47E-05
266	5	-28.2484	12.6377	671.531	34103.4	-56155.9	-3713.58	148.376	203.215	0	-1.91E-05	5.28E-06	-1.36E-05	-3.30E-05
266	6	-28.151	12.6033	671.568	34173.2	-56197.7	-3739.94	148.319	203.114	0	-1.91E-05	5.28E-06	-1.36E-05	-3.30E-05
266	7	-28.073	12.4896	671.56	34325.9	-56217.2	-3768.16	148.289	202.886	0	-1.92E-05	5.63E-06	-1.31E-05	-2.15E-05
266	8	-27.9951	12.3758	671.552	34478.6	-56236.6	-3796.38	148.259	202.658	0	-1.92E-05	5.63E-06	-1.31E-05	-2.15E-05
266	9	-28.0301	12.3196	671.85	34593.5	-56269.5	-3815.25	148.247	202.51	0	-2.09E-05	5.35E-06	-1.02E-05	-1.83E-05
266	10	-28.0651	12.2634	672.147	34708.3	-56302.3	-3834.11	148.235	202.362	0	-2.09E-05	5.35E-06	-1.02E-05	-1.83E-05
266	11	-28.1237	12.1074	672.388	34814.3	-56300.7	-3840.56	148.268	202.223	0	-2.35E-05	6.11E-06	-1.04E-05	-3.12E-05
266	12	-28.1824	11.9513	672.629	34920.2	-56299	-3847.01	148.3	202.084	0	-2.35E-05	6.11E-06	-1.04E-05	-3.12E-05
266	13	-28.1152	11.8715	672.396	35019.4	-56322	-3883.07	148.237	201.918	0	-2.39E-05	5.49E-06	-1.10E-05	-3.34E-05
266	14	-28.0479	11.7916	672.163	35118.7	-56344.9	-3919.13	148.174	201.753	0	-2.07E-05	5.54E-06	-9.50E-06	-2.40E-05
266	15	-27.9878	11.7246	672.404	35222.4	-56363	-3947.36	148.177	201.617	0	-2.07E-05	5.54E-06	-9.50E-06	-2.40E-05
266	16	-27.9276	11.6577	672.646	35326.1	-56381.1	-3975.59	148.18	201.482	0	-1.83E-05	7.60E-06	-9.18E-06	-1.17E-05
266	17	-27.9176	11.5281	672.857	35452.2	-56412.2	-4002.67	148.16	201.311	0	-1.83E-05	7.60E-06	-9.18E-06	-1.17E-05
266	18	-27.9076	11.3986	673.069	35578.3	-56443.3	-4029.75	148.14	201.14	0	-2.02E-05	7.79E-06	-9.76E-06	3.90E-06
266	19	-27.9491	11.2357	673.253	35676.2	-56444.4	-4042.43	148.162	201.009	0	-2.02E-05	7.79E-06	-9.76E-06	3.90E-06
267	0	-27.9905	11.0728	673.438	35774.1	-56445.5	-4055.1	148.183	200.878	0	-1.97E-05	7.36E-06	-8.94E-06	1.82E-05
267	1	-27.9961	10.9481	673.409	35843.4	-56488.3	-4064.49	148.116	200.773	0	-1.97E-05	7.36E-06	-8.94E-06	1.82E-05
267	2	-28.0017	10.8233	673.38	35912.8	-56531	-4073.88	148.049	200.668	0	-1.99E-05	8.44E-06	-9.33E-06	1.77E-05
267	3	-28.0368	10.7497	673.473	36018.1	-56541.9	-4109.09	148.044	200.519	0	-2.37E-05	9.47E-06	-1.01E-05	8.82E-06
267	4	-28.0719	10.6761	673.565	36123.5	-56552.7	-4144.31	148.04	200.37	0	-2.37E-05	9.47E-06	-1.01E-05	8.82E-06
267	5	-28.0162	10.5584	673.847	36246.1	-56548	-4183.55	148.082	200.21	0	-2.36E-05	7.02E-06	-1.18E-05	-1.32E-06
267	6	-27.9605	10.4407	674.129	36368.7	-56543.2	-4222.79	148.124	200.051	0	-2.36E-05	7.02E-06	-1.18E-05	-1.32E-06
267	7	-27.9326	10.3695	674.065	36478.9	-56545.5	-4242.81	148.113	199.882	0	-2.19E-05	1.24E-06	-1.29E-05	-6.07E-06
267	8	-27.9047	10.2983	674.001	36589.1	-56547.7	-4262.82	148.101	199.714	0	-2.19E-05	1.24E-06	-1.29E-05	-6.07E-06
267	9	-27.943	10.1878	674.25	36706.7	-56594.6	-4274.64	148.063	199.559	0	-2.08E-05	-1.77E-06	-1.22E-05	-1.24E-05
267	10	-27.9812	10.0773	674.5	36824.4	-56641.4	-4286.46	148.025	199.405	0	-2.08E-05	-1.77E-06	-1.22E-05	-1.24E-05
267	11	-27.9153	9.92647	674.5	36912.1	-56682.2	-4313.58	147.964	199.275	0	-1.79E-05	2.43E-06	-9.28E-06	-1.86E-05
267	12	-27.8493	9.77561	674.5	36999.9	-56722.9	-4340.7	147.904	199.145	0	-1.75E-05	7.03E-06	-7.41E-06	-1.51E-05
267	13	-27.8921	9.70238	674.581	37076.3	-56706.2	-4367.53	147.939	199.038	0	-1.75E-05	7.03E-06	-7.41E-06	-1.51E-05
267	14	-27.9348	9.62914	674.662	37152.8	-56689.5	-4394.36	147.973	198.931	0	-1.80E-05	7.84E-06	-6.52E-06	-6.50E-06
267	15	-27.8884	9.48258	674.904	37251.8	-56670.7	-4413.59	148.031	198.804	0	-1.80E-05	7.84E-06	-6.52E-06	-6.50E-06
267	16	-27.8421	9.33602	675.146	37350.8	-56651.9	-4432.82	148.089	198.677	0	-1.91E-05	7.51E-06	-6.57E-06	-7.41E-06
267	17	-27.8154	9.22964	675.381	37511.9	-56704.1	-4441.62	148.041	198.458	0	-1.91E-05	7.51E-06	-6.57E-06	-7.41E-06
267	18	-27.7886	9.12326	675.616	37672.9	-56756.3	-4450.43	147.993	198.239	0	-1.96E-05	7.12E-06	-7.79E-06	-8.75E-06
267	19	-27.7671	8.96129	675.769	37781.2	-56755.9	-4488.47	148.013	198.092	0	-1.96E-05	7.12E-06	-7.79E-06	-8.75E-06
268	0	-27.7457	8.79932	675.922	37889.5	-56755.4	-4526.52	148.033	197.944	0	-2.02E-05	6.35E-06	-8.42E-06	-1.13E-05
268	1	-27.8114	8.6991	675.893	38000.4	-56829.2	-4570.37	147.92	197.777	0	-2.35E-05	5.44E-06	-9.40E-06	-2.20E-05
268	2	-27.877	8.59888	675.864	38111.4	-56903	-4614.22	147.807	197.611	0	-2.35E-05	5.44E-06	-9.40E-06	-2.20E-05
268	3	-27.8241	8.51468	676.245	38221.3	-56886.7	-4620.15	147.879	197.48	0	-2.24E-05	6.93E-06	-8.46E-06	-3.80E-05
268	4	-27.7711	8.43048	676.625	38331.2	-56870.3	-4626.09	147.95	197.349	0	-2.24E-05	6.93E-06	-8.46E-06	-3.80E-05
268	5	-27.7668	8.35513	676.711	38434.2	-56899.5	-4653.53	147.918	197.204	0	-2.29E-05	7.51E-06	-8.41E-06	-4.96E-05
268	6	-27.7624	8.27979	676.796	38537.2	-56928.7	-4680.98	147.885	197.059	0	-2.29E-05	7.51E-06	-8.41E-06	-4.96E-05
268	7	-27.7638	8.23977	677.044	38627.3	-56957.1	-4724.99	147.874	196.947	0	-2.39E-05	9.23E-06	-5.49E-06	-3.79E-05
268	8	-27.7651	8.19974	677.292	38717.4	-56985.6	-4769	147.863	196.835	0	-2.39E-05	9.23E-06	-5.49E-06	-3.79E-05
268	9	-27.8487	8.05173	677.412	38812.8	-56984.6	-4800.65	147.879	196.704	0	-2.38E-05	8.65E-06	-5.54E-06	-2.44E-05
268	10	-27.9323	7.90372	677.531	38908.2	-56983.5	-4832.3	147.895	196.574	0	-2.65E-05	4.53E-06	-7.51E-06	-1.23E-05
268	11	-27.8619	7.8004	677.693	39041.9	-57006.3	-4862.48	147.882	196.39	0	-2.65E-05	4.53E-06	-7.51E-06	-1.23E-05
268	12	-27.7915	7.69708	677.854	39175.7	-57029.1	-4892.65	147.868	196.206	0	-2.74E-05	2.63E-07	-7.12E-06	2.24E-06
268	13	-27.7811	7.5487	678.172	39243.3	-57090.1	-4909.8	147.818	196.134	0	-2.74E-05	2.63E-07	-7.12E-06	2.24E-06
268	14	-27.7708	7.40033	678.489	39310.9	-57151.1	-4926.94	147.767	196.061	0	-2.48E-05	-1.03E-06	-6.59E-06	7.43E-06
268	15	-27.7869	7.33769	678.365	39382.6	-57150.9	-4932.4	147.752	195.945	0	-2.48E-05	-1.03E-06	-6.59E-06	7.43E-06
268	16	-27.803	7.27505	678.24	39454.3	-57150.8	-4937.87	147.737	195.828	0	-2.10E-05	-2.64E-07	-7.20E-06	2.62E-07
268	17	-27.7967	7.18496	678.282	39605.2	-57174.2	-4969.86	147.707	195.61	0	-2.10E-05	-2.64E-07	-7.20E-06	2.62E-07
268	18	-27.7904	7.09487	678.323	39756.1	-57197.6	-5001.85	147.678	195.391	0	-1.89E-05	-1.61E-06	-8.99E-06	-2.18E-06
268	19	-27.782	6.96054	678.443	39896.5	-57214.2	-5035.61	147.668	195.194	0	-1.84E-05	-6.40E-06	-8.08E-06	-3.77E-06
269	0	-27.7737	6.82622	678.563	40036.8	-57230.8	-5069.38	147.659	194.998	0	-1.84E-05	-6.40E-06	-8.08E-06	-3.77E-06
269	1	-27.7763	6.74676	678.563	40131.1	-57259.5	-5085.04	147.616	194.859	0	-1.83E-05	-6.52E-06	-4.87E-06	-1.45E-05
269	2	-27.779	6.6673	678.563	40225.3	-57288.3	-5100.7	147.574	194.72	0	-1.83E-05	-6.52E-06	-4.87E-06	-1.45E-05
269	3	-27.7567	6.51548	678.809	40323.9	-57313.5	-5116.51	147.568	194.596	0	-1.42E-05	-4.08E-07	-2.81E-06	-2.11E-05
269	4	-27.7344	6.36365	679.056	40422.4	-57338.7	-5132.33	147.561	194.473	0	-1.42E-05	-4.08E-07	-2.81E-06	-2.11E-05
269	5	-27.7659	6.33457	679.735	40515.3	-57327.7	-5165.21	147.662	194.396	0	-1.23E-05	-6.70E-07	-2.95E-06	-1.77E-05
269	6	-27.7974	6.30549	680.415	40608.1	-57316.7	-5198.1	147.762	194.319	0	-1.23E-05	-6.70E-07	-2.95E-06	-1.77E-05
269	7	-27.8401	6.22226	680.539	40687.2	-57359.8	-5223.63	147.714	194.213	0	-1.60E-05	5.53E-07	-5.59E-06	-1.65E-05
269	8	-27.8829	6.13903	680.663	40766.2	-57403	-5249.15	147.666	194.108	0	-2.05E-05	1.34E-06	-5.73E-06	-1.74E-05
269	9	-27.8811	6.02787	680.536	40868.6	-57405.8	-5261.68	147.646	193.946	0	-2.05E-05	1.34E-06	-5.73E-06	-1.74E-05
269	10	-27.8792	5.91672	680.41	40971	-57408.6	-5274.21	147.627	193.785	0	-2.09E-05	-2.14E-06	-5.54E-06	-1.73E-05
269	11	-27.8219	5.90216	680.955	41101.7	-57441.7	-5302.28	147.645	193.641	0	-2.09E-05	-2.14E-06	-5.54E-06	-1.73E-05
269	12	-27.7645	5.88761	681.499	41232.4	-57474.8	-5330.35	147.664	193.497	0	-2.13E-05	-4.39E-06	-9.66E-06	-2.25E-05
269	13	-27.8072	5.80706	681.745	41339.1	-57485.6	-5344.53	147.679	193.363	0	-2.13E-05	-4.39E-06	-9.66E-06	-2.25E-05
269	14	-27.8498	5.72651	681.991	41445.8	-57496.3	-5358.71	147.693	193.228	0	-2.07E-05	-1.03E-06	-9.95E-06	-1.40E-05
269	15	-27.8185	5.62197	681.98	41513.6	-57556.3	-5395.37	147.604	193.128	0	-2.07E-05	-1.03E-06	-9.95E-06	-1.40E-05
269	16	-27.7872	5.51743	681.969	41581.3	-57616.3	-5432.02	147.515	193.028	0	-1.94E-05	2.18E-06	-8.47E-06	-6.69E-06
269	17	-27.7904	5.4903	682.158	41646.9	-57616.2	-5446.01	147.538	192.948	0	-1.95E-05	4.10E-06	-1.04E-05	-9.37E-06
269	18	-27.7936	5.46318	682.348	41712.4	-57616.1	-5459.99	147.562	192.869	0	-1.95E-05	4.10E-06	-1.04E-05	-9.37E-06
269	19	-27.9087	5.32986	682.759	41840.7	-57622.4	-5475.97	147.604	192.718	0	-1.84E-05	3.19E-06	-1.42E-05	-8.61E-06
270	0	-28.0237	5.19655	683.171	41968.9	-57628.7	-5491.94	147.645	192.568	0	-1.84E-05	3.19E-06	-1.42E-05	-8.61E-06
270	1	-28.0776	5.10317	683.169	42093.4	-57616	-5528.71	147.664	192.385	0	-1.48E-05	1.37E-06	-1.81E-05	-1.08E-05
270	2	-28.1314	5.0098	683.167	42217.9	-57603.2	-5565.48	147.682	192.203	0	-1.48E-05	1.37E-06	-1.81E-05	-1.08E-05
270	3	-28.0658	4.93615	683.424	42293.1	-57694	-5586.37	147.581	192.116	0	-1.32E-05	2.57E-06	-1.88E-05	-1.02E-05
270	4	-28.0003	4.8625	683.681	42368.4	-57784.7	-5607.25	147.48	192.029	0	-1.32E-05	2.57E-06	-1.88E-05	-1.02E-05
270	5	-27.9873	4.72505	684.053	42490.3	-57794.4	-5626.18	147.512	191.884	0	-1.52E-05	3.26E-06	-1.75E-05	-1.40E-05
270	6	-27.9744	4.5876	684.426	42612.3	-57804	-5645.11	147.544	191.74	0	-1.70E-05	6.07E-06	-1.61E-05	-2.70E-05
270	7	-27.9917	4.4849	684.632	42700.6	-57806	-5676.48	147.566	191.63	0	-1.70E-05	6.07E-06	-1.61E-05	-2.70E-05
270	8	-28.0091	4.38221	684.839	42788.8	-57808	-5707.84	147.589	191.52	0	-1.74E-05	8.56E-06	-1.25E-05	-4.30E-05
270	9	-28.1273	4.26134	684.961	42896.7	-57842.5	-5726.47	147.554	191.374	0	-1.74E-05	8.56E-06	-1.25E-05	-4.30E-05
270	10	-28.2455	4.14047	685.084	43004.6	-57877	-5745.09	147.518	191.227	0	-2.01E-05	1.05E-05	-9.54E-06	-3.96E-05
270	11	-28.2697	3.9059	684.992	43093.8	-57908.3	-5782.57	147.461	191.089	0	-2.01E-05	1.05E-05	-9.54E-06	-3.96E-05
270	12	-28.2939	3.67132	684.9	43182.9	-57939.7	-5820.05	147.404	190.95	0	-2.23E-05	1.02E-05	-7.91E-06	-2.04E-05
270	13	-28.3163	3.68008	685.103	43255.8	-57955.7	-5851.87	147.406	190.862	0	-2.23E-05	1.02E-05	-7.91E-06	-2.04E-05
270	14	-28.3388	3.68883	685.305	43328.7	-57971.7	-5883.69	147.408	190.775	0	-2.45E-05	1.20E-05	-5.40E-06	-3.65E-06
270	15	-28.3686	3.61734	685.588	43437.3	-58007.9	-5908.53	147.39	190.642	0	-2.57E-05	1.20E-05	-8.04E-06	1.74E-05
270	16	-28.3984	3.54584	685.871	43545.9	-58044.1	-5933.36	147.372	190.51	0	-2.57E-05	1.20E-05	-8.04E-06	1.74E-05
270	17	-28.4245	3.39646	685.875	43641	-58081.2	-5959.86	147.318	190.372	0	-2.62E-05	9.30E-06	-1.09E-05	2.70E-05
270	18	-28.4506	3.24707	685.879	43736	-58118.4	-5986.36	147.264	190.234	0	-2.62E-05	9.30E-06	-1.09E-05	2.70E-05
270	19	-28.4491	3.16279	686.173	43825	-58145.2	-6027.88	147.262	190.131	0	-2.71E-05	9.54E-06	-1.07E-05	1.81E-05
271	0	-28.4476	3.07851	686.467	43914	-58172	-6069.39	147.259	190.029	0	-2.71E-05	9.54E-06	-1.07E-05	1.81E-05
271	1	-28.4801	2.93115	686.746	43997.9	-58171.1	-6065.29	147.295	189.933	0	-2.74E-05	8.22E-06	-8.22E-06	1.21E-06
271	2	-28.5126	2.7838	687.025	44081.8	-58170.2	-6061.19	147.33	189.837	0	-2.74E-05	8.22E-06	-8.22E-06	1.21E-06
271	3	-28.548	2.61451	687.199	44219.4	-58189.8	-6081.83	147.323	189.653	0	-2.50E-05	6.90E-06	-6.60E-06	-8.89E-06
271	4	-28.5834	2.44522	687.373	44357	-58209.4	-6102.46	147.316	189.469	0	-2.29E-05	4.77E-06	-8.85E-06	-5.88E-06
271	5	-28.6903	2.39428	687.846	44414.5	-58230.1	-6124.76	147.344	189.43	0	-2.29E-05	4.77E-06	-8.85E-06	-5.88E-06
271	6	-28.7973	2.34334	688.318	44472.1	-58250.8	-6147.06	147.372	189.39	0	-2.23E-05	3.19E-06	-8.75E-06	-1.34E-05
271	7	-28.8409	2.22855	688.798	44572.8	-58281.8	-6186.59	147.386	189.289	0	-2.23E-05	3.19E-06	-8.75E-06	-1.34E-05
271	8	-28.8844	2.11376	689.278	44673.6	-58312.8	-6226.13	147.4	189.188	0	-2.22E-05	3.24E-06	-9.76E-06	-2.43E-05
271	9	-28.8582	2.02019	689.314	44760.8	-58309.7	-6237.47	147.409	189.065	0	-2.22E-05	3.24E-06	-9.76E-06	-2.43E-05
271	10	-28.832	1.92662	689.351	44848.1	-58306.7	-6248.81	147.418	188.942	0	-2.13E-05	3.28E-06	-8.87E-06	-3.74E-05
271	11	-28.9138	1.8531	689.613	44922.6	-58354.7	-6302.1	147.381	188.858	0	-2.13E-05	3.28E-06	-8.87E-06	-3.74E-05
271	12	-28.9957	1.77958	689.875	44997.2	-58402.7	-6355.4	147.343	188.775	0	-2.11E-05	1.61E-06	-8.90E-06	-3.68E-05
271	13	-29.103	1.65507	689.983	45105.5	-58413.1	-6370.28	147.341	188.628	0	-2.18E-05	5.06E-07	-1.00E-05	-2.10E-05
271	14	-29.2103	1.53055	690.092	45213.9	-58423.4	-6385.17	147.34	188.481	0	-2.18E-05	5.06E-07	-1.00E-05	-2.10E-05
271	15	-29.2678	1.39475	690.395	45335.1	-58460	-6398.53	147.324	188.335	0	-2.29E-05	2.61E-06	-1.08E-05	-2.18E-05
271	16	-29.3252	1.25894	690.697	45456.3	-58496.7	-6411.89	147.308	188.188	0	-2.29E-05	2.61E-06	-1.08E-05	-2.18E-05
271	17	-29.3379	1.09218	690.978	45544.6	-58508.9	-6461.35	147.324	188.087	0	-2.21E-05	3.00E-06	-9.80E-06	-2.43E-05
271	18	-29.3506	0.925426	691.258	45632.9	-58521.1	-6510.8	147.341	187.986	0	-2.21E-05	3.00E-06	-9.80E-06	-2.43E-05
271	19	-29.4144	0.860886	691.605	45710.5	-58542.1	-6546.11	147.353	187.907	0	-2.07E-05	1.65E-06	-7.15E-06	-1.41E-05
272	0	-29.4781	0.796346	691.953	45788.2	-58563	-6581.43	147.366	187.828	0	-2.07E-05	1.65E-06	-7.15E-06	-1.41E-05
272	1	-29.5269	0.629635	692.002	45845.8	-58583.5	-6594.37	147.342	187.749	0	-2.12E-05	5.76E-07	-6.93E-06	-5.53E-06
272	2	-29.5757	0.462925	692.051	45903.4	-58604.1	-6607.31	147.318	187.67	0	-2.20E-05	1.37E-06	-8.10E-06	3.65E-06
272	3	-29.674	0.286611	692.479	46015.8	-58622.9	-6616.2	147.343	187.549	0	-2.20E-05	1.37E-06	-8.10E-06	3.65E-06
272	4	-29.7724	0.110297	692.908	46128.3	-58641.8	-6625.1	147.369	187.428	0	-2.02E-05	3.48E-06	-7.41E-06	8.93E-06
272	5	-29.7418	-0.0157181	693.321	46206.4	-58688.6	-6670.18	147.351	187.355	0	-2.02E-05	3.48E-06	-7.41E-06	8.93E-06
272	6	-29.7112	-0.141733	693.734	46284.6	-58735.5	-6715.25	147.334	187.282	0	-1.96E-05	3.00E-06	-7.46E-06	-4.13E-06
272	7	-29.7461	-0.243385	693.623	46392.9	-58729.8	-6750.23	147.329	187.115	0	-1.96E-05	3.00E-06	-7.46E-06	-4.13E-06
272	8	-29.781	-0.345036	693.512	46501.1	-58724.1	-6785.21	147.324	186.948	0	-1.97E-05	1.61E-06	-7.24E-06	-3.31E-05
272	9	-29.875	-0.541809	693.517	46590.3	-58764.5	-6807.55	147.266	186.82	0	-1.97E-05	1.61E-06	-7.24E-06	-3.31E-05
272	10	-29.969	-0.738583	693.523	46679.4	-58804.9	-6829.88	147.208	186.692	0	-2.16E-05	-1.94E-07	-9.35E-06	-5.35E-05
272	11	-29.9876	-0.825808	693.919	46787.1	-58786.8	-6843.66	147.283	186.576	0	-2.31E-05	-2.66E-06	-9.18E-06	-5.33E-05
272	12	-30.0062	-0.913034	694.316	46894.7	-58768.7	-6857.43	147.357	186.459	0	-2.31E-05	-2.66E-06	-9.18E-06	-5.33E-05
272	13	-30.0228	-0.984282	694.61	46993.1	-58775.6	-6886.18	147.383	186.346	0	-2.12E-05	-4.39E-06	-1.01E-05	-4.34E-05
272	14	-30.0393	-1.05553	694.904	47091.5	-58782.5	-6914.93	147.409	186.233	0	-2.12E-05	-4.39E-06	-1.01E-05	-4.34E-05
272	15	-30.1584	-1.27271	695.131	47160.2	-58823.8	-6921.12	147.377	186.156	0	-1.86E-05	-3.09E-06	-1.04E-05	-2.21E-05
272	16	-30.2774	-1.4899	695.359	47229	-58865.1	-6927.31	147.346	186.08	0	-1.86E-05	-3.09E-06	-1.04E-05	-2.21E-05
272	17	-30.3288	-1.73182	695.384	47306.5	-58915.3	-6964.58	147.277	185.971	0	-1.83E-05	-6.92E-08	-5.23E-06	1.47E-05
272	18	-30.3802	-1.97374	695.41	47384	-58965.5	-7001.86	147.208	185.862	0	-1.83E-05	-6.92E-08	-5.23E-06	1.47E-05
272	19	-30.4331	-2.09512	695.703	47433.9	-59003.4	-7038.48	147.189	185.819	0	-1.85E-05	2.78E-06	-4.15E-06	2.92E-05
273	0	-30.4861	-2.2165	695.997	47483.9	-59041.4	-7075.1	147.17	185.776	0	-1.78E-05	4.63E-06	-8.99E-06	2.68E-05
273	1	-30.4508	-2.3471	696.328	47603.9	-59037.3	-7117.91	147.216	185.636	0	-1.78E-05	4.63E-06	-8.99E-06	2.68E-05
273	2	-30.4155	-2.47769	696.659	47723.9	-59033.2	-7160.71	147.262	185.496	0	-1.70E-05	6.40E-06	-9.18E-06	1.27E-05
273	3	-30.5207	-2.61383	696.845	47844	-59065.8	-7184.05	147.238	185.342	0	-1.70E-05	6.40E-06	-9.18E-06	1.27E-05
273	4	-30.626	-2.74997	697.031	47964.1	-59098.4	-7207.4	147.214	185.188	0	-1.74E-05	7.50E-06	-6.88E-06	-1.97E-05
273	5	-30.7221	-2.9492	697.111	48050.2	-59075.5	-7218.54	147.257	185.072	0	-1.74E-05	7.50E-06	-6.88E-06	-1.97E-05
273	6	-30.8183	-3.14842	697.191	48136.3	-59052.5	-7229.69	147.299	184.957	0	-1.80E-05	6.95E-06	-7.03E-06	-3.14E-05
273	7	-30.8262	-3.31529	697.353	48188.4	-59084.6	-7251.62	147.273	184.898	0	-1.80E-05	6.95E-06	-7.03E-06	-3.14E-05
273	8	-30.8341	-3.48216	697.516	48240.4	-59116.6	-7273.55	147.247	184.84	0	-1.86E-05	5.15E-06	-8.03E-06	-1.34E-05
273	9	-30.8642	-3.5463	697.672	48304.5	-59137.7	-7324.26	147.236	184.763	0	-2.06E-05	3.81E-06	-8.73E-06	1.58E-05
273	10	-30.8943	-3.61044	697.828	48368.5	-59158.8	-7374.97	147.224	184.687	0	-2.06E-05	3.81E-06	-8.73E-06	1.58E-05
273	11	-30.9547	-3.78464	698.376	48467.1	-59206.2	-7398.81	147.223	184.6	0	-2.05E-05	3.72E-06	-7.67E-06	3.23E-05
273	12	-31.015	-3.95884	698.925	48565.6	-59253.7	-7422.64	147.222	184.514	0	-2.05E-05	3.72E-06	-7.67E-06	3.23E-05
273	13	-31.154	-4.13048	699.267	48663.2	-59287.8	-7456.38	147.214	184.408	0	-1.99E-05	4.96E-06	-7.26E-06	6.62E-06
273	14	-31.2931	-4.30213	699.609	48760.8	-59321.9	-7490.13	147.207	184.303	0	-1.99E-05	4.96E-06	-7.26E-06	6.62E-06
273	15	-31.3798	-4.40081	699.966	48862.1	-59344.5	-7525.55	147.218	184.194	0	-1.93E-05	5.83E-06	-6.74E-06	-1.04E-05
273	16	-31.4665	-4.49948	700.322	48963.3	-59367.2	-7560.98	147.229	184.085	0	-1.93E-05	5.83E-06	-6.74E-06	-1.04E-05
273	17	-31.3084	-4.61348	700.169	49001.2	-59392.5	-7573.6	147.174	184.015	0	-1.77E-05	7.79E-06	-8.15E-06	-8.91E-06
273	18	-31.1503	-4.72748	700.015	49039.2	-59417.8	-7586.22	147.119	183.946	0	-1.81E-05	9.04E-06	-9.71E-06	-1.61E-05
273	19	-31.3181	-4.86971	700.613	49121.9	-59408.3	-7611.1	147.205	183.887	0	-1.81E-05	9.04E-06	-9.71E-06	-1.61E-05
274	0	-31.486	-5.01194	701.212	49204.6	-59398.8	-7635.98	147.291	183.829	0	-1.89E-05	8.28E-06	-9.42E-06	-9.03E-06
274	1	-31.6094	-5.20444	701.827	49277.4	-59411.6	-7654.2	147.347	183.787	0	-1.89E-05	8.28E-06	-9.42E-06	-9.03E-06
274	2	-31.7329	-5.39695	702.443	49350.2	-59424.3	-7672.42	147.403	183.745	0	-2.05E-05	1.03E-05	-8.42E-06	2.42E-06
274	3	-31.7218	-5.53089	702.622	49459	-59490.8	-7706.41	147.33	183.608	0	-2.05E-05	1.03E-05	-8.42E-06	2.42E-06
274	4	-31.7107	-5.66482	702.8	49567.8	-59557.4	-7740.4	147.257	183.471	0	-2.08E-05	8.25E-06	-7.65E-06	-2.62E-06
274	5	-31.7403	-5.743	702.762	49658.9	-59593	-7766.36	147.202	183.338	0	-2.08E-05	8.25E-06	-7.65E-06	-2.62E-06
274	6	-31.7699	-5.82118	702.724	49750.1	-59628.7	-7792.33	147.146	183.204	0	-2.34E-05	6.64E-06	-8.32E-06	-7.09E-06
274	7	-31.7959	-5.93363	703.209	49844.1	-59648.6	-7829.45	147.177	183.119	0	-2.28E-05	8.37E-06	-9.21E-06	-2.22E-05
274	8	-31.8218	-6.04609	703.693	49938.1	-59668.6	-7866.57	147.207	183.034	0	-2.28E-05	8.37E-06	-9.21E-06	-2.22E-05
274	9	-31.8207	-6.26097	704.031	50052.7	-59674.4	-7878.26	147.239	182.905	0	-2.17E-05	8.43E-06	-1.09E-05	-4.51E-05
274	10	-31.8196	-6.47585	704.368	50167.4	-59680.2	-7889.95	147.271	182.777	0	-2.17E-05	8.43E-06	-1.09E-05	-4.51E-05
274	11	-31.86	-6.71641	704.712	50265.7	-59724	-7909.64	147.25	182.672	0	-2.17E-05	3.14E-06	-9.59E-06	-3.95E-05
274	12	-31.9004	-6.95698	705.055	50364.1	-59767.9	-7929.33	147.23	182.567	0	-2.17E-05	3.14E-06	-9.59E-06	-3.95E-05
274	13	-31.9235	-6.99157	705.417	50442.2	-59809.8	-7993.53	147.214	182.493	0	-2.13E-05	2.19E-07	-7.67E-06	-2.12E-05
274	14	-31.9466	-7.02616	705.778	50520.3	-59851.7	-8057.73	147.198	182.419	0	-2.13E-05	2.19E-07	-7.67E-06	-2.12E-05
274	15	-31.9496	-7.1267	705.786	50618.8	-59866.9	-8084.38	147.177	182.28	0	-2.33E-05	2.54E-06	-7.65E-06	-1.41E-05
274	16	-31.9526	-7.22725	705.793	50717.4	-59882	-8111.02	147.156	182.141	0	-2.49E-05	2.40E-06	-9.26E-06	-3.08E-06
274	17	-31.9417	-7.3509	706.205	50777.4	-59903.1	-8126.07	147.176	182.098	0	-2.49E-05	2.40E-06	-9.26E-06	-3.08E-06
274	18	-31.9308	-7.47455	706.617	50837.4	-59924.1	-8141.11	147.196	182.055	0	-2.44E-05	6.47E-07	-9.38E-06	6.97E-06
274	19	-32.0001	-7.72642	707.228	50907.4	-59953.1	-8179.97	147.228	182.018	0	-2.44E-05	6.47E-07	-9.38E-06	6.97E-06
275	0	-32.0693	-7.97829	707.84	50977.4	-59982	-8218.84	147.26	181.982	0	-2.41E-05	8.90E-07	-9.28E-06	-4.31E-06
275	1	-32.0917	-8.16954	708.059	51103.4	-59998.8	-8251.11	147.263	181.826	0	-2.41E-05	8.90E-07	-9.28E-06	-4.31E-06
275	2	-32.114	-8.36079	708.278	51229.3	-60015.6	-8283.38	147.266	181.671	0	-2.14E-05	3.26E-06	-9.69E-06	-1.65E-05
275	3	-32.0712	-8.43674	708.314	51319.9	-60070.9	-8304.89	147.192	181.546	0	-2.14E-05	3.26E-06	-9.69E-06	-1.65E-05
275	4	-32.0284	-8.51269	708.349	51410.5	-60126.1	-8326.41	147.118	181.422	0	-1.96E-05	3.57E-06	-1.07E-05	-2.50E-05
275	5	-32.0918	-8.67766	708.933	51465.4	-60150.3	-8354.62	147.154	181.405	0	-1.93E-05	2.97E-06	-1.22E-05	-1.73E-05
275	6	-32.1553	-8.84262	709.518	51520.3	-60174.6	-8382.83	147.19	181.387	0	-1.93E-05	2.97E-06	-1.22E-05	-1.73E-05
275	7	-32.1831	-9.01068	710.275	51632.6	-60201.6	-8419.01	147.242	181.306	0	-1.83E-05	3.79E-06	-1.11E-05	-9.15E-06
275	8	-32.2108	-9.17873	711.031	51744.9	-60228.6	-8455.19	147.294	181.226	0	-1.83E-05	3.79E-06	-1.11E-05	-9.15E-06
275	9	-32.2142	-9.24287	711.325	51822.2	-60267.1	-8465.77	147.275	181.147	0	-2.00E-05	4.36E-06	-7.68E-06	-2.26E-05
275	10	-32.2175	-9.307	711.618	51899.5	-60305.6	-8476.34	147.256	181.068	0	-2.00E-05	4.36E-06	-7.68E-06	-2.26E-05
275	11	-32.2424	-9.48835	712.444	51981.7	-60299	-8520.94	147.363	181.037	0	-2.45E-05	4.39E-06	-1.10E-05	-2.92E-05
275	12	-32.2673	-9.66969	713.27	52064	-60292.3	-8565.54	147.471	181.007	0	-2.45E-05	4.39E-06	-1.10E-05	-2.92E-05
275	13	-32.2256	-9.89176	713.639	52149.2	-60352.2	-8602.19	147.43	180.925	0	-2.56E-05	4.58E-06	-1.38E-05	-3.51E-05
275	14	-32.1839	-10.1138	714.009	52234.5	-60412.2	-8638.84	147.39	180.843	0	-2.47E-05	4.72E-06	-1.07E-05	-2.56E-05
275	15	-32.2663	-10.2585	714.264	52344.2	-60431.9	-8653	147.393	180.716	0	-2.47E-05	4.72E-06	-1.07E-05	-2.56E-05
275	16	-32.3487	-10.4031	714.52	52453.9	-60451.6	-8667.17	147.396	180.589	0	-2.37E-05	4.30E-06	-9.74E-06	-1.89E-06
275	17	-32.3817	-10.4717	714.973	52546.7	-60479.6	-8683.7	147.41	180.505	0	-2.37E-05	4.30E-06	-9.74E-06	-1.89E-06
275	18	-32.4148	-10.5402	715.426	52639.4	-60507.6	-8700.24	147.424	180.422	0	-2.40E-05	7.78E-06	-1.09E-05	2.80E-06
275	19	-32.3173	-10.7433	715.879	52732.6	-60586.2	-8746.5	147.368	180.339	0	-2.40E-05	7.78E-06	-1.09E-05	2.80E-06
276	0	-32.2197	-10.9463	716.332	52825.8	-60664.8	-8792.76	147.312	180.255	0	-2.43E-05	1.31E-05	-1.21E-05	-6.18E-06
276	1	-32.264	-11.1275	716.758	52924.6	-60704.4	-8829.88	147.307	180.161	0	-2.43E-05	1.31E-05	-1.21E-05	-6.18E-06
276	2	-32.3082	-11.3088	717.183	53023.4	-60744	-8867	147.302	180.067	0	-1.82E-05	1.27E-05	-1.17E-05	-2.38E-05
276	3	-32.3163	-11.5286	717.519	53149.6	-60750.4	-8881.61	147.333	179.926	0	-1.14E-05	1.19E-05	-1.02E-05	-3.15E-05
276	4	-32.3245	-11.7485	717.855	53275.8	-60756.8	-8896.21	147.363	179.785	0	-1.14E-05	1.19E-05	-1.02E-05	-3.15E-05
276	5	-32.2518	-11.8743	718.131	53334.5	-60807.1	-8928.12	147.326	179.732	0	-1.19E-05	1.36E-05	-1.05E-05	-8.90E-06
276	6	-32.1792	-12.0001	718.408	53393.3	-60857.5	-8960.04	147.288	179.678	0	-1.19E-05	1.36E-05	-1.05E-05	-8.90E-06
276	7	-32.2133	-12.1585	718.702	53432.6	-60884.4	-9002.07	147.286	179.654	0	-1.74E-05	1.34E-05	-1.18E-05	2.40E-05
276	8	-32.2474	-12.3169	718.995	53472	-60911.4	-9044.1	147.283	179.63	0	-1.74E-05	1.34E-05	-1.18E-05	2.40E-05
276	9	-32.3422	-12.4243	719.568	53571.2	-60921.7	-9077.5	147.336	179.551	0	-2.02E-05	1.01E-05	-8.65E-06	2.65E-05
276	10	-32.4371	-12.5318	720.141	53670.5	-60932	-9110.9	147.389	179.472	0	-2.02E-05	1.01E-05	-8.65E-06	2.65E-05
276	11	-32.418	-12.7907	720.792	53778.9	-60926.8	-9131.02	147.472	179.389	0	-1.94E-05	6.93E-06	-5.37E-06	4.66E-06
276	12	-32.3989	-13.0496	721.443	53887.2	-60921.6	-9151.14	147.556	179.306	0	-1.82E-05	6.21E-06	-6.31E-06	-6.26E-06
276	13	-32.4307	-13.2961	721.325	53966.8	-60979	-9169.43	147.463	179.184	0	-1.82E-05	6.21E-06	-6.31E-06	-6.26E-06
276	14	-32.4626	-13.5426	721.207	54046.3	-61036.4	-9187.71	147.369	179.061	0	-1.82E-05	5.97E-06	-5.78E-06	-4.85E-06
276	15	-32.3569	-13.7124	721.716	54128.3	-61092.3	-9234	147.351	179.001	0	-1.82E-05	5.97E-06	-5.78E-06	-4.85E-06
276	16	-32.2513	-13.8822	722.224	54210.3	-61148.1	-9280.28	147.334	178.94	0	-1.95E-05	4.17E-06	-5.37E-06	-1.04E-05
276	17	-32.2224	-14.0405	722.832	54301.2	-61179.7	-9309.9	147.361	178.877	0	-1.95E-05	4.17E-06	-5.37E-06	-1.04E-05
276	18	-32.1934	-14.1987	723.441	54392.1	-61211.3	-9339.53	147.389	178.815	0	-2.11E-05	1.99E-06	-6.45E-06	-3.63E-05
276	19	-32.2747	-14.405	724	54449.6	-61218.2	-9361.17	147.444	178.793	0	-2.11E-05	1.99E-06	-6.45E-06	-3.63E-05
277	0	-32.356	-14.6113	724.559	54507.2	-61225.2	-9382.81	147.5	178.772	0	-2.26E-05	1.70E-06	-6.88E-06	-6.01E-05
277	1	-32.384	-14.8174	725.109	54583.7	-61298.7	-9432.05	147.463	178.724	0	-2.22E-05	8.88E-07	-7.10E-06	-6.21E-05
277	2	-32.4119	-15.0235	725.66	54660.2	-61372.2	-9481.28	147.426	178.675	0	-2.22E-05	8.88E-07	-7.10E-06	-6.21E-05
277	3	-32.4501	-15.2374	725.942	54760.6	-61392	-9503.3	147.431	178.566	0	-2.10E-05	1.17E-06	-8.39E-06	-5.05E-05
277	4	-32.4883	-15.4512	726.225	54861.1	-61411.9	-9525.33	147.437	178.457	0	-2.10E-05	1.17E-06	-8.39E-06	-5.05E-05
277	5	-32.3925	-15.6556	726.324	54974.5	-61429.5	-9559.84	147.424	178.311	0	-2.00E-05	1.05E-06	-8.17E-06	-2.03E-05
277	6	-32.2967	-15.8601	726.424	55087.9	-61447.1	-9594.35	147.411	178.166	0	-2.00E-05	1.05E-06	-8.17E-06	-2.03E-05
277	7	-32.3054	-15.9974	726.792	55166.2	-61442.6	-9625.47	147.461	178.096	0	-2.14E-05	3.60E-07	-7.22E-06	4.27E-06
277	8	-32.3141	-16.1347	727.16	55244.4	-61438	-9656.58	147.51	178.027	0	-2.14E-05	3.60E-07	-7.22E-06	4.27E-06
277	9	-32.469	-16.3064	727.804	55328.1	-61486.2	-9674.78	147.518	177.979	0	-2.19E-05	8.42E-07	-9.52E-06	3.52E-06
277	10	-32.6239	-16.4782	728.448	55411.8	-61534.3	-9692.97	147.527	177.932	0	-2.05E-05	2.90E-06	-1.14E-05	2.76E-06
277	11	-32.5048	-16.7165	728.914	55509.9	-61561.1	-9731.98	147.544	177.846	0	-2.05E-05	2.90E-06	-1.14E-05	2.76E-06
277	12	-32.3856	-16.9547	729.381	55607.9	-61587.8	-9770.98	147.562	177.76	0	-1.98E-05	3.26E-06	-1.23E-05	9.55E-07
277	13	-32.3961	-17.1545	730.046	55692.3	-61639.6	-9813.04	147.568	177.714	0	-1.98E-05	3.26E-06	-1.23E-05	9.55E-07
277	14	-32.4066	-17.3543	730.712	55776.6	-61691.4	-9855.08	147.574	177.668	0	-2.06E-05	3.62E-06	-1.29E-05	-2.04E-05
277	15	-32.4252	-17.571	730.963	55848.8	-61719.2	-9894.79	147.564	177.596	0	-2.06E-05	3.62E-06	-1.29E-05	-2.04E-05
277	16	-32.4438	-17.7878	731.214	55920.9	-61747	-9934.5	147.555	177.523	0	-1.93E-05	3.16E-06	-1.29E-05	-3.24E-05
277	17	-32.5123	-18.0111	731.811	55997.4	-61783.2	-9941.35	147.575	177.481	0	-1.93E-05	3.16E-06	-1.29E-05	-3.24E-05
277	18	-32.5808	-18.2345	732.408	56074	-61819.4	-9948.19	147.594	177.439	0	-1.96E-05	3.12E-06	-1.35E-05	-2.75E-05
277	19	-32.5498	-18.3686	732.81	56152.2	-61868.1	-9989.84	147.574	177.374	0	-2.11E-05	3.62E-06	-1.20E-05	-2.09E-05
278	0	-32.5187	-18.5027	733.212	56230.5	-61916.8	-10031.5	147.554	177.309	0	-2.11E-05	3.62E-06	-1.20E-05	-2.09E-05
278	1	-32.4938	-18.805	733.356	56303.6	-61962.1	-10091.6	147.509	177.225	0	-2.08E-05	3.09E-06	-8.41E-06	-8.80E-06
278	2	-32.4689	-19.1073	733.501	56376.7	-62007.4	-10151.7	147.464	177.14	0	-2.08E-05	3.09E-06	-8.41E-06	-8.80E-06
278	3	-32.4739	-19.3471	733.877	56456.1	-62032.1	-10183.5	147.474	177.072	0	-2.09E-05	2.69E-06	-6.98E-06	6.10E-06
278	4	-32.4789	-19.5869	734.254	56535.5	-62056.8	-10215.3	147.483	177.003	0	-2.09E-05	2.69E-06	-6.98E-06	6.10E-06
278	5	-32.6067	-19.8529	734.728	56607.6	-62059.6	-10223.1	147.534	176.954	0	-2.04E-05	3.72E-06	-9.95E-06	-5.97E-06
278	6	-32.7344	-20.1189	735.202	56679.7	-62062.4	-10230.9	147.585	176.906	0	-2.04E-05	3.72E-06	-9.95E-06	-5.97E-06
278	7	-32.6423	-20.2831	735.498	56768.6	-62068.5	-10264.1	147.61	176.816	0	-1.99E-05	4.05E-06	-1.21E-05	-1.97E-05
278	8	-32.5502	-20.4472	735.793	56857.6	-62074.7	-10297.4	147.636	176.726	0	-2.15E-05	5.25E-06	-1.12E-05	-1.60E-05
278	9	-32.5198	-20.6899	736.476	56967.4	-62106	-10337.7	147.671	176.649	0	-2.15E-05	5.25E-06	-1.12E-05	-1.60E-05
278	10	-32.4894	-20.9327	737.159	57077.1	-62137.3	-10378	147.707	176.572	0	-2.37E-05	5.49E-06	-1.09E-05	-2.41E-05
278	11	-32.511	-21.1814	737.474	57129	-62161.8	-10409.1	147.71	176.534	0	-2.37E-05	5.49E-06	-1.09E-05	-2.41E-05
278	12	-32.5326	-21.4301	737.789	57180.9	-62186.3	-10440.2	147.713	176.497	0	-2.28E-05	5.35E-06	-1.05E-05	-4.46E-05
278	13	-32.5816	-21.6633	737.91	57239.2	-62239.2	-10494.2	147.655	176.431	0	-2.28E-05	5.35E-06	-1.05E-05	-4.46E-05
278	14	-32.6306	-21.8965	738.031	57297.6	-62292	-10548.2	147.597	176.364	0	-2.05E-05	6.33E-06	-1.02E-05	-3.83E-05
278	15	-32.6131	-22.219	738.322	57371.7	-62349.1	-10580.4	147.553	176.294	0	-2.05E-05	6.33E-06	-1.02E-05	-3.83E-05
278	16	-32.5956	-22.5415	738.612	57445.8	-62406.3	-10612.5	147.509	176.225	0	-2.00E-05	6.93E-06	-1.02E-05	-2.42E-05
278	17	-32.5496	-22.8232	739.306	57554.1	-62416.6	-10634	147.574	176.151	0	-2.02E-05	6.02E-06	-9.37E-06	-1.33E-05
278	18	-32.5037	-23.1049	740	57662.3	-62427	-10655.5	147.639	176.078	0	-2.02E-05	6.02E-06	-9.37E-06	-1.33E-05
278	19	-32.4925	-23.3549	740.189	57731.4	-62452.4	-10683	147.626	176.005	0	-2.18E-05	4.36E-06	-6.93E-06	1.49E-05
279	0	-32.4813	-23.605	740.378	57800.4	-62477.7	-10710.6	147.614	175.931	0	-2.18E-05	4.36E-06	-6.93E-06	1.49E-05
279	1	-32.4848	-23.7766	740.94	57896.4	-62471.6	-10763.7	147.686	175.861	0	-2.29E-05	1.22E-06	-4.91E-06	5.02E-05
279	2	-32.4882	-23.9481	741.502	57992.4	-62465.5	-10816.8	147.758	175.791	0	-2.29E-05	1.22E-06	-4.91E-06	5.02E-05
279	3	-32.5982	-24.1928	741.79	58082.3	-62475.8	-10857.1	147.777	175.7	0	-2.26E-05	8.66E-07	-2.71E-06	5.34E-05
279	4	-32.7081	-24.4375	742.077	58172.1	-62486.1	-10897.4	147.796	175.609	0	-2.26E-05	8.66E-07	-2.71E-06	5.34E-05
279	5	-32.7372	-24.7063	742.183	58248.1	-62554.8	-10897	147.715	175.518	0	-2.25E-05	2.95E-06	2.27E-08	2.10E-05
279	6	-32.7664	-24.9751	742.289	58324.2	-62623.4	-10896.7	147.635	175.427	0	-2.23E-05	2.23E-06	-1.18E-06	-3.31E-08
279	7	-32.7218	-25.3068	742.544	58351.9	-62648.3	-10935.6	147.63	175.416	0	-2.23E-05	2.23E-06	-1.18E-06	-3.31E-08
279	8	-32.6773	-25.6385	742.798	58379.6	-62673.2	-10974.5	147.626	175.406	0	-2.19E-05	1.65E-07	-3.53E-06	-9.65E-06
279	9	-32.7724	-25.8574	743.09	58423.2	-62730.6	-11024.7	147.581	175.378	0	-2.19E-05	1.65E-07	-3.53E-06	-9.65E-06
279	10	-32.8675	-26.0763	743.382	58466.7	-62787.9	-11074.9	147.538	175.35	0	-2.16E-05	-1.70E-06	-5.88E-06	-3.72E-05
279	11	-32.8677	-26.2623	743.422	58598	-62791.4	-11105	147.537	175.178	0	-2.16E-05	-1.70E-06	-5.88E-06	-3.72E-05
279	12	-32.868	-26.4482	743.462	58729.2	-62794.8	-11135.2	147.537	175.006	0	-2.12E-05	-5.49E-07	-7.96E-06	-8.08E-05
279	13	-32.7699	-26.7172	743.872	58784.1	-62794.4	-11164.5	147.584	174.976	0	-2.12E-05	-5.49E-07	-7.96E-06	-8.08E-05
279	14	-32.6718	-26.9862	744.282	58838.9	-62793.9	-11193.9	147.632	174.945	0	-2.24E-05	1.03E-06	-7.88E-06	-8.25E-05
279	15	-32.6784	-27.1804	744.684	58900	-62830.5	-11227.6	147.628	174.906	0	-2.26E-05	4.10E-07	-4.67E-06	-4.10E-05
279	16	-32.6851	-27.3746	745.086	58961.2	-62867.1	-11261.3	147.624	174.867	0	-2.26E-05	4.10E-07	-4.67E-06	-4.10E-05
279	17	-32.8072	-27.5651	745.286	58980.9	-62865.4	-11289.2	147.649	174.861	0	-2.23E-05	2.04E-06	-4.06E-06	1.70E-05
279	18	-32.9293	-27.7555	745.485	59000.7	-62863.7	-11317.2	147.674	174.856	0	-2.23E-05	2.04E-06	-4.06E-06	1.70E-05
279	19	-32.9154	-28.0311	745.672	59074.6	-62894.6	-11352.3	147.654	174.777	0	-2.24E-05	3.09E-06	-7.12E-06	7.93E-05
280	0	-32.9015	-28.3067	745.858	59148.6	-62925.4	-11387.5	147.634	174.697	0	-2.24E-05	3.09E-06	-7.12E-06	7.93E-05
280	1	-32.9101	-28.5902	745.805	59241.9	-62969.5	-11428.2	147.568	174.567	0	-2.28E-05	2.23E-06	-6.38E-06	7.09E-05
280	2	-32.9187	-28.8737	745.752	59335.2	-63013.6	-11468.9	147.503	174.436	0	-2.28E-05	2.23E-06	-6.38E-06	7.09E-05
280	3	-32.9296	-29.1515	746.442	59429.4	-62994.5	-11495.2	147.607	174.383	0	-2.34E-05	6.00E-07	-5.44E-06	3.38E-06
280	4	-32.9405	-29.4293	747.132	59523.7	-62975.4	-11521.6	147.711	174.33	0	-2.36E-05	1.61E-06	-6.04E-06	-2.65E-05
280	5	-32.9873	-29.6915	747.387	59525.1	-62991.7	-11541.5	147.717	174.356	0	-2.36E-05	1.61E-06	-6.04E-06	-2.65E-05
280	6	-33.0341	-29.9537	747.641	59526.5	-63008.1	-11561.5	147.724	174.381	0	-2.34E-05	4.54E-06	-7.44E-06	-1.91E-05
280	7	-33.1624	-30.2765	748.016	59592.6	-63007.5	-11601.1	147.767	174.332	0	-2.34E-05	4.54E-06	-7.44E-06	-1.91E-05
280	8	-33.2907	-30.5994	748.391	59658.7	-63006.9	-11640.8	147.81	174.284	0	-2.41E-05	6.23E-06	-9.66E-06	-2.81E-06
280	9	-33.2695	-30.8669	748.652	59730	-63042	-11686.1	147.793	174.217	0	-2.41E-05	6.23E-06	-9.66E-06	-2.81E-06
280	10	-33.2482	-31.1343	748.913	59801.4	-63077.2	-11731.4	147.775	174.149	0	-2.42E-05	3.81E-06	-9.23E-06	2.39E-05
280	11	-33.3423	-31.3925	749.195	59821.3	-63098.1	-11769.5	147.779	174.153	0	-2.42E-05	3.81E-06	-9.23E-06	2.39E-05
280	12	-33.4364	-31.6508	749.476	59841.2	-63119	-11807.7	147.783	174.156	0	-2.38E-05	7.94E-07	-9.47E-06	2.97E-05
280	13	-33.499	-31.9314	749.438	59920.6	-63159.7	-11843.1	147.724	174.046	0	-2.46E-05	2.86E-06	-1.12E-05	3.47E-06
280	14	-33.5617	-32.2119	749.399	60000.1	-63200.3	-11878.6	147.665	173.936	0	-2.46E-05	2.86E-06	-1.12E-05	3.47E-06
280	15	-33.5783	-32.5026	749.57	60096.2	-63215.7	-11904.4	147.664	173.826	0	-2.39E-05	4.77E-06	-1.32E-05	-1.54E-05
280	16	-33.5948	-32.7933	749.742	60192.3	-63231.1	-11930.2	147.663	173.716	0	-2.39E-05	4.77E-06	-1.32E-05	-1.54E-05
280	17	-33.6311	-33.1544	750.157	60246.1	-63232.1	-11975.6	147.708	173.689	0	-2.28E-05	4.20E-06	-1.25E-05	-2.75E-05
280	18	-33.6674	-33.5155	750.571	60299.9	-63233.1	-12021	147.753	173.661	0	-2.28E-05	4.20E-06	-1.25E-05	-2.75E-05
280	19	-33.6535	-33.9399	750.985	60371.4	-63293	-12054.3	147.72	173.61	0	-2.17E-05	4.34E-06	-1.23E-05	-4.20E-05
281	0	-33.6397	-34.3643	751.399	60442.9	-63352.8	-12087.7	147.687	173.559	0	-2.17E-05	4.34E-06	-1.23E-05	-4.20E-05
281	1	-33.6165	-34.5	751.593	60528.9	-63353.9	-12130.6	147.707	173.466	0	-2.06E-05	5.47E-06	-1.57E-05	-5.08E-05
281	2	-33.5934	-34.6356	751.788	60614.8	-63354.9	-12173.6	147.728	173.373	0	-1.95E-05	7.24E-06	-1.63E-05	-4.83E-05
281	3	-33.5883	-34.96	752.152	60639.5	-63342.5	-12205.8	147.785	173.379	0	-1.95E-05	7.24E-06	-1.63E-05	-4.83E-05
281	4	-33.5832	-35.2845	752.516	60664.3	-63330.1	-12238	147.842	173.385	0	-1.91E-05	8.42E-06	-1.61E-05	-3.60E-05
281	5	-33.5812	-35.6271	752.543	60745.4	-63332.4	-12274.9	147.842	173.28	0	-1.91E-05	8.42E-06	-1.61E-05	-3.60E-05
281	6	-33.5792	-35.9696	752.571	60826.6	-63334.7	-12311.8	147.842	173.175	0	-1.98E-05	8.97E-06	-1.47E-05	-4.24E-05
281	7	-33.7436	-36.2471	752.399	60902.3	-63349.3	-12336.7	147.804	173.056	0	-1.98E-05	8.97E-06	-1.47E-05	-4.24E-05
281	8	-33.908	-36.5246	752.227	60977.9	-63364	-12361.6	147.765	172.937	0	-1.86E-05	1.16E-05	-1.47E-05	-5.00E-05
281	9	-33.9293	-36.9066	752.504	60981.3	-63395	-12412.9	147.755	172.962	0	-1.86E-05	1.16E-05	-1.47E-05	-5.00E-05
281	10	-33.9505	-37.2887	752.781	60984.6	-63425.9	-12464.2	147.744	172.988	0	-1.97E-05	1.28E-05	-1.46E-05	-5.51E-05
281	11	-33.89	-37.608	753.096	61030.5	-63453.1	-12519.5	147.744	172.961	0	-1.98E-05	1.39E-05	-1.17E-05	-5.57E-05
281	12	-33.8296	-37.9273	753.412	61076.5	-63480.2	-12574.7	147.743	172.933	0	-1.98E-05	1.39E-05	-1.17E-05	-5.57E-05
281	13	-33.8529	-38.1793	753.617	61179.7	-63500.6	-12588.9	147.739	172.819	0	-1.89E-05	1.12E-05	-1.11E-05	-3.21E-05
281	14	-33.8762	-38.4314	753.821	61282.8	-63521	-12603	147.735	172.704	0	-1.89E-05	1.12E-05	-1.11E-05	-3.21E-05
281	15	-33.9362	-38.7489	753.649	61325.3	-63539.1	-12656	147.691	172.629	0	-1.82E-05	7.94E-06	-7.57E-06	9.17E-06
281	16	-33.9962	-39.0664	753.477	61367.7	-63557.3	-12709	147.648	172.554	0	-1.82E-05	7.94E-06	-7.57E-06	9.17E-06
281	17	-34.0116	-39.3331	753.891	61421.8	-63570.5	-12733.7	147.677	172.527	0	-1.78E-05	8.37E-06	-4.32E-06	3.10E-05
281	18	-34.0271	-39.5998	754.305	61476	-63583.8	-12758.3	147.705	172.5	0	-1.78E-05	8.37E-06	-4.32E-06	3.10E-05
281	19	-33.9917	-40.0175	754.714	61576.9	-63605	-12769	147.723	172.41	0	-1.89E-05	9.18E-06	-8.42E-06	3.23E-05
282	0	-33.9563	-40.4352	755.125	61677.7	-63626.2	-12779.7	147.741	172.321	0	-1.84E-05	8.94E-06	-1.04E-05	2.99E-05
282	1	-34.0142	-40.7757	755.069	61700	-63638.2	-12837.2	147.719	172.286	0	-1.84E-05	8.94E-06	-1.04E-05	2.99E-05
282	2	-34.0721	-41.1162	755.014	61722.3	-63650.1	-12894.7	147.697	172.25	0	-1.90E-05	9.04E-06	-8.99E-06	1.65E-05
282	3	-34.1763	-41.3178	755.678	61781.3	-63681.3	-12931.4	147.73	172.244	0	-1.90E-05	9.04E-06	-8.99E-06	1.65E-05
282	4	-34.2805	-41.5195	756.342	61840.4	-63712.5	-12968.1	147.762	172.238	0	-1.90E-05	7.36E-06	-5.49E-06	5.98E-07
282	5	-34.3039	-41.9201	756.672	61893.6	-63766.7	-13007	147.727	172.203	0	-1.90E-05	7.36E-06	-5.49E-06	5.98E-07
282	6	-34.3272	-42.3207	757.002	61946.8	-63820.8	-13046	147.693	172.168	0	-1.90E-05	3.95E-06	-5.91E-06	-1.75E-05
282	7	-34.3427	-42.6435	756.915	62030.3	-63834.7	-13078.2	147.665	172.049	0	-1.90E-05	3.95E-06	-5.91E-06	-1.75E-05
282	8	-34.3581	-42.9663	756.827	62113.7	-63848.7	-13110.4	147.636	171.929	0	-1.90E-05	2.52E-06	-1.05E-05	-3.37E-05
282	9	-34.3579	-43.2188	756.987	62096.9	-63816.6	-13135.9	147.697	171.968	0	-1.91E-05	2.42E-06	-1.29E-05	-3.18E-05
282	10	-34.3577	-43.4712	757.147	62080.2	-63784.5	-13161.4	147.757	172.008	0	-1.91E-05	2.42E-06	-1.29E-05	-3.18E-05
282	11	-34.3821	-43.8088	757.32	62155.6	-63827.2	-13192.3	147.72	171.927	0	-1.99E-05	1.82E-06	-1.26E-05	-2.80E-05
282	12	-34.4065	-44.1464	757.492	62231	-63870	-13223.2	147.682	171.846	0	-1.99E-05	1.82E-06	-1.26E-05	-2.80E-05
282	13	-34.4866	-44.4044	757.343	62312.9	-63935.9	-13250.3	147.579	171.722	0	-2.03E-05	1.85E-06	-1.06E-05	-2.32E-05
282	14	-34.5667	-44.6625	757.194	62394.8	-64001.8	-13277.4	147.475	171.597	0	-2.03E-05	1.85E-06	-1.06E-05	-2.32E-05
282	15	-34.5369	-45.0083	757.557	62451.4	-63993.7	-13324.7	147.526	171.562	0	-2.05E-05	3.10E-06	-8.46E-06	-1.19E-05
282	16	-34.507	-45.3541	757.921	62507.9	-63985.7	-13372	147.577	171.527	0	-2.05E-05	3.10E-06	-8.46E-06	-1.19E-05
282	17	-34.5699	-45.6726	758.53	62541.6	-64028.3	-13404.1	147.589	171.549	0	-2.13E-05	4.39E-06	-6.31E-06	-8.83E-06
282	18	-34.6329	-45.991	759.139	62575.3	-64070.8	-13436.3	147.601	171.571	0	-2.12E-05	3.57E-06	-9.21E-06	-1.52E-05
282	19	-34.7418	-46.3509	759.122	62614.4	-64085.4	-13454.6	147.579	171.517	0	-2.12E-05	3.57E-06	-9.21E-06	-1.52E-05
283	0	-34.8507	-46.7109	759.104	62653.6	-64100.1	-13473	147.558	171.464	0	-2.17E-05	3.76E-06	-1.07E-05	-1.95E-05
283	1	-34.7596	-46.9886	759.059	62696.3	-64140.1	-13504.2	147.501	171.403	0	-2.17E-05	3.76E-06	-1.07E-05	-1.95E-05
283	2	-34.6685	-47.2664	759.014	62739.1	-64180	-13535.4	147.443	171.341	0	-2.18E-05	3.21E-06	-8.37E-06	-1.73E-05
283	3	-34.7206	-47.4212	759.303	62806.6	-64154.2	-13563.7	147.509	171.284	0	-2.18E-05	3.21E-06	-8.37E-06	-1.73E-05
283	4	-34.7726	-47.576	759.592	62874.1	-64128.4	-13592	147.575	171.227	0	-2.16E-05	3.41E-06	-8.18E-06	-9.51E-06
283	5	-34.8633	-47.8804	759.647	62935.8	-64119.9	-13618.7	147.593	171.151	0	-2.16E-05	3.41E-06	-8.18E-06	-9.51E-06
283	6	-34.9539	-48.1849	759.702	62997.5	-64111.3	-13645.4	147.61	171.076	0	-2.10E-05	3.84E-06	-7.84E-06	-5.47E-06
283	7	-34.9564	-48.5591	759.973	63054	-64174.2	-13686.4	147.557	171.031	0	-2.13E-05	4.63E-06	-7.55E-06	-7.51E-06
283	8	-34.9588	-48.9333	760.244	63110.4	-64237.1	-13727.4	147.505	170.987	0	-2.13E-05	4.63E-06	-7.55E-06	-7.51E-06
283	9	-34.9677	-49.1549	760.172	63166.7	-64257	-13773.4	147.47	170.905	0	-2.07E-05	4.39E-06	-6.92E-06	-1.11E-05
283	10	-34.9767	-49.3764	760.1	63223	-64276.9	-13819.3	147.436	170.823	0	-2.07E-05	4.39E-06	-6.92E-06	-1.11E-05
283	11	-35.0828	-49.6426	760.195	63279.1	-64238.7	-13841.5	147.497	170.759	0	-1.90E-05	5.30E-06	-3.62E-06	-1.72E-05
283	12	-35.1889	-49.9087	760.289	63335.2	-64200.6	-13863.7	147.558	170.696	0	-1.90E-05	5.30E-06	-3.62E-06	-1.72E-05
283	13	-35.2088	-50.2793	760.355	63413.3	-64196.6	-13877.7	147.57	170.6	0	-1.94E-05	3.79E-06	-6.89E-06	-2.29E-05
283	14	-35.2288	-50.6499	760.42	63491.4	-64192.6	-13891.8	147.583	170.505	0	-1.94E-05	3.79E-06	-6.89E-06	-2.29E-05
283	15	-35.2352	-50.9243	760.719	63511.5	-64225.6	-13923.6	147.572	170.511	0	-2.05E-05	3.11E-06	-1.07E-05	-2.13E-05
283	16	-35.2417	-51.1987	761.017	63531.6	-64258.5	-13955.5	147.562	170.517	0	-1.79E-05	1.70E-06	-9.76E-06	-1.54E-05
283	17	-35.2815	-51.4865	761.012	63591.3	-64245	-13992.6	147.579	170.439	0	-1.79E-05	1.70E-06	-9.76E-06	-1.54E-05
283	18	-35.3213	-51.7742	761.006	63650.9	-64231.5	-14029.8	147.597	170.36	0	-1.79E-05	2.28E-06	-1.07E-05	-5.99E-06
283	19	-35.3949	-52.0874	761.101	63691.1	-64267.9	-14046.1	147.559	170.317	0	-1.79E-05	2.28E-06	-1.07E-05	-5.99E-06
284	0	-35.4686	-52.4006	761.195	63731.3	-64304.2	-14062.4	147.522	170.275	0	-2.02E-05	5.11E-06	-9.42E-06	-5.03E-06
284	1	-35.5303	-52.6837	761.233	63764.9	-64305.5	-14086.3	147.525	170.235	0	-2.02E-05	5.11E-06	-9.42E-06	-5.03E-06
284	2	-35.5919	-52.9668	761.271	63798.6	-64306.8	-14110.2	147.527	170.195	0	-2.31E-05	6.64E-06	-7.58E-06	-1.46E-05
284	3	-35.5858	-53.2519	761.604	63861	-64310.1	-14154.7	147.56	170.149	0	-2.31E-05	6.64E-06	-7.58E-06	-1.46E-05
284	4	-35.5797	-53.5371	761.936	63923.3	-64313.4	-14199.3	147.592	170.104	0	-2.74E-05	7.29E-06	-8.50E-06	-2.57E-05
284	5	-35.6137	-53.863	762.101	63970.7	-64342.3	-14226.7	147.573	170.06	0	-2.94E-05	7.79E-06	-1.31E-05	-3.38E-05
284	6	-35.6477	-54.1888	762.267	64018	-64371.2	-14254	147.553	170.016	0	-2.94E-05	7.79E-06	-1.31E-05	-3.38E-05
284	7	-35.7046	-54.4643	762.157	64040.7	-64383.2	-14276.9	147.525	169.974	0	-2.91E-05	8.18E-06	-1.28E-05	-3.36E-05
284	8	-35.7614	-54.7397	762.047	64063.4	-64395.2	-14299.9	147.497	169.933	0	-2.91E-05	8.18E-06	-1.28E-05	-3.36E-05
284	9	-35.775	-55.077	762.046	64107	-64389.9	-14338.1	147.504	169.875	0	-2.77E-05	7.74E-06	-1.03E-05	-2.79E-05
284	10	-35.7886	-55.4142	762.044	64150.7	-64384.7	-14376.3	147.511	169.818	0	-2.77E-05	7.74E-06	-1.03E-05	-2.79E-05
284	11	-35.8294	-55.6388	762.42	64230.5	-64366.3	-14409.7	147.576	169.755	0	-2.78E-05	6.98E-06	-9.96E-06	-2.16E-05
284	12	-35.8702	-55.8633	762.796	64310.2	-64347.9	-14443	147.642	169.691	0	-2.78E-05	6.98E-06	-9.96E-06	-2.16E-05
284	13	-36	-56.1542	762.875	64384.3	-64369.6	-14450	147.622	169.603	0	-2.49E-05	7.09E-06	-1.25E-05	-1.87E-05
284	14	-36.1297	-56.4451	762.954	64458.4	-64391.3	-14457	147.603	169.515	0	-1.57E-05	3.61E-06	-1.41E-05	-7.36E-06
284	15	-36.1431	-56.7511	762.898	64445.3	-64398.5	-14476.9	147.587	169.526	0	-1.57E-05	3.61E-06	-1.41E-05	-7.36E-06
284	16	-36.1564	-57.057	762.842	64432.2	-64405.7	-14496.8	147.571	169.537	0	-1.27E-05	-7.67E-07	-1.31E-05	3.85E-06
284	17	-36.1981	-57.3109	763.112	64474.8	-64433.1	-14531	147.565	169.511	0	-1.27E-05	-7.67E-07	-1.31E-05	3.85E-06
284	18	-36.2398	-57.5648	763.382	64517.3	-64460.5	-14565.3	147.559	169.485	0	-1.36E-05	-4.49E-08	-1.40E-05	-2.87E-06
284	19	-36.2413	-57.7904	763.477	64580.8	-64496.4	-14594	147.523	169.412	0	-1.36E-05	-4.49E-08	-1.40E-05	-2.87E-06
285	0	-36.2427	-58.0159	763.573	64644.4	-64532.3	-14622.7	147.486	169.34	0	-1.62E-05	1.85E-06	-1.41E-05	-1.28E-05
285	1	-36.2008	-58.2961	763.372	64694.1	-64481	-14649.3	147.531	169.252	0	-1.62E-05	1.85E-06	-1.41E-05	-1.28E-05
285	2	-36.159	-58.5763	763.171	64743.8	-64429.7	-14675.9	147.576	169.165	0	-2.01E-05	3.00E-06	-1.05E-05	-1.09E-05
285	3	-36.1898	-58.88	763.25	64787.9	-64431.9	-14705.3	147.582	169.116	0	-2.31E-05	3.91E-06	-5.68E-06	-5.40E-06
285	4	-36.2206	-59.1836	763.329	64832.1	-64434.2	-14734.8	147.588	169.067	0	-2.31E-05	3.91E-06	-5.68E-06	-5.40E-06
285	5	-36.332	-59.5234	763.318	64862.2	-64460.1	-14748.6	147.553	169.026	0	-2.36E-05	4.12E-06	-4.20E-06	-7.41E-06
285	6	-36.4433	-59.8632	763.307	64892.3	-64486	-14762.5	147.518	168.985	0	-2.36E-05	4.12E-06	-4.20E-06	-7.41E-06
285	7	-36.3775	-60.1649	763.584	64959.2	-64529.2	-14779.7	147.492	168.929	0	-2.29E-05	3.67E-06	-8.66E-06	-6.40E-06
285	8	-36.3117	-60.4666	763.861	65026.1	-64572.4	-14796.9	147.466	168.872	0	-2.29E-05	3.67E-06	-8.66E-06	-6.40E-06
285	9	-36.3712	-60.6174	763.828	65088.1	-64555.2	-14824	147.485	168.787	0	-2.22E-05	3.48E-06	-1.12E-05	-8.40E-06
285	10	-36.4307	-60.7681	763.795	65150.1	-64537.9	-14851	147.504	168.702	0	-2.22E-05	3.48E-06	-1.12E-05	-8.40E-06
285	11	-36.5039	-61.0787	763.778	65202.9	-64527.5	-14876.6	147.515	168.631	0	-2.17E-05	3.36E-06	-1.07E-05	-2.90E-05
285	12	-36.5772	-61.3893	763.761	65255.7	-64517.1	-14902.2	147.527	168.56	0	-2.23E-05	4.19E-06	-9.95E-06	-5.20E-05
285	13	-36.5958	-61.726	763.606	65279.5	-64509.6	-14915.4	147.52	168.512	0	-2.23E-05	4.19E-06	-9.95E-06	-5.20E-05
285	14	-36.6144	-62.0627	763.451	65303.5	-64502	-14928.7	147.513	168.463	0	-2.20E-05	3.38E-06	-8.30E-06	-5.58E-05
285	15	-36.6107	-62.3382	763.715	65352.4	-64530.8	-14937.7	147.504	168.428	0	-2.20E-05	3.38E-06	-8.30E-06	-5.58E-05
285	16	-36.607	-62.6138	763.978	65401.4	-64559.5	-14946.7	147.496	168.394	0	-2.18E-05	4.24E-06	-8.17E-06	-3.20E-05
285	17	-36.5875	-62.8316	764.331	65426.2	-64562.4	-14986.2	147.531	168.401	0	-2.18E-05	4.24E-06	-8.17E-06	-3.20E-05
285	18	-36.5679	-63.0494	764.684	65451.1	-64565.2	-15025.7	147.566	168.408	0	-2.19E-05	2.32E-06	-4.33E-06	1.25E-05
285	19	-36.5918	-63.3898	764.426	65481.3	-64601.9	-15045.6	147.49	168.339	0	-2.19E-05	2.32E-06	-4.33E-06	1.25E-05
286	0	-36.6156	-63.7301	764.168	65511.5	-64638.6	-15065.4	147.413	168.271	0	-2.14E-05	1.15E-06	-9.81E-07	4.31E-05
286	1	-36.7162	-64.0086	764.418	65556.1	-64602	-15103.6	147.489	168.241	0	-2.18E-05	6.19E-07	-7.47E-08	3.84E-05
286	2	-36.8167	-64.2871	764.668	65600.7	-64565.3	-15141.8	147.564	168.21	0	-2.18E-05	6.19E-07	-7.47E-08	3.84E-05
286	3	-36.8154	-64.5868	764.459	65643.1	-64579.7	-15145.2	147.522	168.131	0	-2.27E-05	-1.82E-06	-1.92E-06	1.88E-05
286	4	-36.8142	-64.8864	764.249	65685.6	-64594.1	-15148.6	147.48	168.052	0	-2.27E-05	-1.82E-06	-1.92E-06	1.88E-05
286	5	-36.8233	-65.2233	764.357	65726.8	-64626.2	-15184	147.45	168.01	0	-2.09E-05	-2.54E-06	-4.63E-06	-3.94E-06
286	6	-36.8325	-65.5602	764.464	65768	-64658.3	-15219.3	147.42	167.968	0	-2.09E-05	-2.54E-06	-4.63E-06	-3.94E-06
286	7	-36.878	-65.9754	764.838	65797.4	-64628.1	-15246	147.501	167.972	0	-2.02E-05	-1.61E-06	-6.45E-06	-2.07E-05
286	8	-36.9236	-66.3906	765.213	65826.8	-64597.9	-15272.6	147.582	167.976	0	-2.02E-05	-1.61E-06	-6.45E-06	-2.07E-05
286	9	-36.9792	-66.7231	765.013	65882.6	-64574.7	-15316.8	147.59	167.88	0	-1.97E-05	-1.17E-06	-7.74E-06	-2.02E-05
286	10	-37.0349	-67.0556	764.813	65938.3	-64551.5	-15361	147.598	167.785	0	-2.04E-05	-8.35E-07	-7.08E-06	-1.48E-06
286	11	-37.0341	-67.3267	764.813	65984.4	-64574.3	-15377.5	147.568	167.725	0	-2.04E-05	-8.35E-07	-7.08E-06	-1.48E-06
286	12	-37.0333	-67.5978	764.813	66030.4	-64597.1	-15394	147.539	167.665	0	-2.11E-05	1.27E-06	-8.73E-06	1.47E-05
286	13	-37.0896	-67.8964	764.763	66061	-64603.3	-15425.5	147.525	167.619	0	-2.11E-05	1.27E-06	-8.73E-06	1.47E-05
286	14	-37.146	-68.195	764.713	66091.6	-64609.6	-15457	147.511	167.573	0	-2.04E-05	1.65E-06	-1.19E-05	2.53E-05
286	15	-37.0769	-68.485	764.51	66116.5	-64625.8	-15476.7	147.468	167.518	0	-2.04E-05	1.65E-06	-1.19E-05	2.53E-05
286	16	-37.0077	-68.7749	764.307	66141.5	-64642.1	-15496.4	147.424	167.462	0	-1.98E-05	4.06E-07	-1.24E-05	9.73E-06
286	17	-37.0199	-69.1241	764.133	66206.8	-64618.6	-15518.1	147.436	167.357	0	-1.98E-05	4.06E-07	-1.24E-05	9.73E-06
286	18	-37.032	-69.4734	763.96	66272.1	-64595	-15539.8	147.447	167.252	0	-1.98E-05	1.48E-07	-1.14E-05	-2.01E-05
286	19	-37.0792	-69.7444	764.158	66325.3	-64627.1	-15568.5	147.427	167.205	0	-2.06E-05	2.23E-06	-9.70E-06	-3.86E-05
287	0	-37.1264	-70.0155	764.355	66378.4	-64659.2	-15597.2	147.407	167.158	0	-2.06E-05	2.23E-06	-9.70E-06	-3.86E-05
287	1	-37.0936	-70.3738	764.628	66395.5	-64672.4	-15606.3	147.42	167.166	0	-2.09E-05	4.01E-06	-6.45E-06	-4.28E-05
287	2	-37.0608	-70.7321	764.901	66412.6	-64685.6	-15615.5	147.433	167.175	0	-2.09E-05	4.01E-06	-6.45E-06	-4.28E-05
287	3	-37.1019	-71.1497	764.801	66460.9	-64651.1	-15646.9	147.467	167.1	0	-2.06E-05	7.12E-06	-6.41E-06	-2.06E-05
287	4	-37.143	-71.5674	764.701	66509.2	-64616.7	-15678.4	147.501	167.026	0	-2.06E-05	7.12E-06	-6.41E-06	-2.06E-05
287	5	-37.1491	-71.868	764.811	66542.2	-64619.1	-15711.9	147.51	166.995	0	-1.99E-05	8.46E-06	-1.00E-05	8.04E-06
287	6	-37.1552	-72.1686	764.921	66575.2	-64621.6	-15745.4	147.518	166.965	0	-1.99E-05	8.46E-06	-1.00E-05	8.04E-06
287	7	-37.101	-72.4475	764.901	66587.5	-64636.6	-15771.7	147.497	166.946	0	-1.78E-05	7.36E-06	-1.14E-05	2.22E-05
287	8	-37.0467	-72.7264	764.882	66599.8	-64651.5	-15798.1	147.475	166.928	0	-1.82E-05	4.24E-06	-3.76E-06	2.18E-05
287	9	-37.0353	-73.0569	764.733	66678.3	-64670.1	-15801.4	147.434	166.808	0	-1.82E-05	4.24E-06	-3.76E-06	2.18E-05
287	10	-37.0239	-73.3874	764.584	66756.7	-64688.8	-15804.8	147.393	166.689	0	-1.95E-05	4.68E-06	-1.78E-06	-1.69E-06
287	11	-37.1693	-73.65	765.075	66769	-64638	-15834.9	147.514	166.729	0	-1.95E-05	4.68E-06	-1.78E-06	-1.69E-06
287	12	-37.3146	-73.9126	765.566	66781.3	-64587.3	-15865.1	147.635	166.769	0	-1.96E-05	5.25E-06	-5.93E-06	-5.10E-05
287	13	-37.307	-74.1709	765.323	66815.8	-64619.4	-15892.1	147.566	166.696	0	-1.96E-05	5.25E-06	-5.93E-06	-5.10E-05
287	14	-37.2995	-74.4291	765.08	66850.2	-64651.6	-15919	147.497	166.623	0	-1.95E-05	3.67E-06	-9.96E-06	-7.74E-05
287	15	-37.1814	-74.8037	765.027	66927.2	-64628.9	-15944.8	147.521	166.517	0	-1.95E-05	3.67E-06	-9.96E-06	-7.74E-05
287	16	-37.0633	-75.1783	764.974	67004.1	-64606.3	-15970.6	147.544	166.41	0	-1.87E-05	4.77E-06	-1.45E-05	-7.64E-05
287	17	-37.0116	-75.4528	765.148	67049.3	-64641.5	-15992.6	147.518	166.371	0	-1.72E-05	6.36E-06	-1.51E-05	-6.91E-05
287	18	-36.96	-75.7273	765.321	67094.4	-64676.7	-16014.6	147.491	166.332	0	-1.72E-05	6.36E-06	-1.51E-05	-6.91E-05
287	19	-36.9965	-76.0627	765.151	67119.8	-64645.6	-16045.7	147.513	166.279	0	-1.88E-05	7.07E-06	-1.15E-05	-3.55E-05
288	0	-37.0329	-76.398	764.981	67145.2	-64614.6	-16076.8	147.534	166.226	0	-1.88E-05	7.07E-06	-1.15E-05	-3.55E-05
288	1	-37.031	-76.6415	764.725	67184.8	-64643.7	-16119.1	147.468	166.145	0	-1.98E-05	6.40E-06	-6.59E-06	1.68E-05
288	2	-37.029	-76.885	764.469	67224.5	-64672.9	-16161.5	147.402	166.064	0	-1.98E-05	6.40E-06	-6.59E-06	1.68E-05
288	3	-37.0185	-77.2281	764.437	67270.2	-64650.1	-16177.9	147.428	166	0	-2.09E-05	7.84E-06	-5.01E-06	2.87E-05
288	4	-37.008	-77.5713	764.406	67315.9	-64627.3	-16194.3	147.454	165.937	0	-2.09E-05	7.84E-06	-5.01E-06	2.87E-05
288	5	-36.9708	-77.9002	764.306	67343	-64642.1	-16215.1	147.424	165.89	0	-2.06E-05	9.32E-06	-6.46E-06	2.01E-05
288	6	-36.9335	-78.229	764.205	67370	-64656.8	-16236	147.393	165.843	0	-2.07E-05	8.08E-06	-1.00E-05	6.69E-07
288	7	-36.8999	-78.513	764.253	67391.8	-64670.8	-16253.9	147.38	165.82	0	-2.07E-05	8.08E-06	-1.00E-05	6.69E-07
288	8	-36.8662	-78.7969	764.3	67413.6	-64684.8	-16271.8	147.367	165.797	0	-2.12E-05	8.89E-06	-1.09E-05	-1.14E-05
288	9	-36.8583	-79.055	764.426	67453.2	-64693.9	-16292.2	147.369	165.76	0	-2.12E-05	8.89E-06	-1.09E-05	-1.14E-05
288	10	-36.8505	-79.3131	764.553	67492.8	-64703	-16312.6	147.371	165.722	0	-2.06E-05	6.69E-06	-1.04E-05	-8.20E-06
288	11	-36.9375	-79.6067	764.386	67524.9	-64668.2	-16338.5	147.399	165.661	0	-2.06E-05	6.69E-06	-1.04E-05	-8.20E-06
288	12	-37.0245	-79.9003	764.22	67557.1	-64633.3	-16364.4	147.426	165.6	0	-2.09E-05	5.59E-06	-8.47E-06	-1.99E-05
288	13	-37.0092	-80.23	764.502	67617.9	-64621.7	-16379.2	147.472	165.553	0	-2.09E-05	5.59E-06	-8.47E-06	-1.99E-05
288	14	-36.9939	-80.5597	764.785	67678.7	-64609.9	-16394	147.519	165.506	0	-2.24E-05	5.97E-06	-9.41E-06	-3.10E-05
288	15	-37.0063	-80.8295	764.598	67720.5	-64621.1	-16403.7	147.484	165.43	0	-2.10E-05	6.21E-06	-1.30E-05	-3.07E-05
288	16	-37.0186	-81.0992	764.411	67762.2	-64632.3	-16413.5	147.448	165.354	0	-2.10E-05	6.21E-06	-1.30E-05	-3.07E-05
288	17	-36.9519	-81.3118	764.558	67756.1	-64641.2	-16450.4	147.453	165.379	0	-2.01E-05	3.83E-06	-1.67E-05	-3.11E-05
288	18	-36.8852	-81.5244	764.705	67750.1	-64650.1	-16487.3	147.457	165.404	0	-2.01E-05	3.83E-06	-1.67E-05	-3.11E-05
288	19	-36.8251	-81.8114	764.544	67788.6	-64637.5	-16503.6	147.456	165.335	0	-2.01E-05	1.51E-06	-1.84E-05	-2.01E-05
289	0	-36.765	-82.0983	764.384	67827.1	-64625	-16519.8	147.455	165.266	0	-2.01E-05	1.51E-06	-1.84E-05	-2.01E-05
289	1	-36.7692	-82.4815	764.397	67890.2	-64604.9	-16535.3	147.483	165.185	0	-2.13E-05	6.01E-07	-1.49E-05	3.43E-06
289	2	-36.7733	-82.8647	764.411	67953.2	-64584.7	-16550.7	147.51	165.104	0	-2.13E-05	6.01E-07	-1.49E-05	3.43E-06
289	3	-36.8253	-83.134	764.558	68004	-64559.7	-16566.4	147.559	165.055	0	-2.34E-05	1.37E-06	-1.25E-05	1.38E-05
289	4	-36.8774	-83.4033	764.705	68054.7	-64534.7	-16582.2	147.608	165.005	0	-2.38E-05	2.69E-06	-9.42E-06	-7.40E-06
289	5	-36.7761	-83.7445	764.442	68080.7	-64576.2	-16605.1	147.525	164.941	0	-2.38E-05	2.69E-06	-9.42E-06	-7.40E-06
289	6	-36.6749	-84.0857	764.178	68106.6	-64617.7	-16628	147.442	164.876	0	-2.31E-05	3.62E-06	-7.50E-06	-2.96E-05
289	7	-36.6487	-84.4029	763.958	68104.4	-64566.4	-16665.7	147.484	164.853	0	-2.31E-05	3.62E-06	-7.50E-06	-2.96E-05
289	8	-36.6225	-84.72	763.737	68102.1	-64515.1	-16703.4	147.527	164.83	0	-2.17E-05	3.38E-06	-7.58E-06	-3.65E-05
289	9	-36.675	-84.9033	763.971	68129.2	-64529.3	-16705.4	147.534	164.822	0	-2.17E-05	3.38E-06	-7.58E-06	-3.65E-05
289	10	-36.7274	-85.0867	764.205	68156.3	-64543.5	-16707.5	147.542	164.814	0	-2.18E-05	4.53E-06	-9.71E-06	-2.92E-05
289	11	-36.7263	-85.3883	764.047	68194.5	-64565.3	-16744.9	147.496	164.746	0	-2.18E-05	4.53E-06	-9.71E-06	-2.92E-05
289	12	-36.7252	-85.6898	763.888	68232.7	-64587.1	-16782.2	147.45	164.677	0	-2.06E-05	4.29E-06	-9.47E-06	-3.10E-06
289	13	-36.694	-86.0283	763.556	68251.7	-64577	-16810.6	147.426	164.613	0	-2.04E-05	2.88E-06	-8.92E-06	1.58E-05
289	14	-36.6629	-86.3667	763.223	68270.7	-64567	-16839	147.402	164.55	0	-2.04E-05	2.88E-06	-8.92E-06	1.58E-05
289	15	-36.5723	-86.7224	763.109	68273.4	-64545.5	-16863	147.418	164.533	0	-1.96E-05	3.12E-06	-9.09E-06	5.76E-06
289	16	-36.4816	-87.0781	762.996	68276.2	-64524	-16887	147.433	164.516	0	-1.96E-05	3.12E-06	-9.09E-06	5.76E-06
289	17	-36.4662	-87.3911	763.132	68311.4	-64492.5	-16906.9	147.49	164.485	0	-1.74E-05	4.01E-06	-8.89E-06	-7.29E-07
289	18	-36.4509	-87.7041	763.268	68346.5	-64460.9	-16926.8	147.546	164.455	0	-1.74E-05	4.01E-06	-8.89E-06	-7.29E-07
289	19	-36.458	-88.0443	763.134	68371.4	-64478.5	-16936.9	147.508	164.407	0	-1.83E-05	6.14E-06	-6.69E-06	5.36E-06
290	0	-36.4652	-88.3844	763	68396.2	-64496.1	-16947.1	147.47	164.359	0	-1.83E-05	6.14E-06	-6.69E-06	5.36E-06
290	1	-36.3975	-88.6154	762.848	68441.9	-64472.9	-16979.1	147.484	164.281	0	-2.04E-05	7.82E-06	-5.54E-06	4.80E-07
290	2	-36.3298	-88.8463	762.697	68487.7	-64449.8	-17011.1	147.498	164.203	0	-2.07E-05	8.51E-06	-5.73E-06	-1.12E-05
290	3	-36.3079	-89.2361	762.366	68539.6	-64447.8	-17036.3	147.463	164.096	0	-2.07E-05	8.51E-06	-5.73E-06	-1.12E-05
290	4	-36.286	-89.6258	762.036	68591.6	-64445.9	-17061.5	147.429	163.989	0	-2.13E-05	9.38E-06	-7.51E-06	-1.71E-05
290	5	-36.2495	-89.9361	762.083	68575.6	-64399.9	-17090	147.495	164.016	0	-2.13E-05	9.38E-06	-7.51E-06	-1.71E-05
290	6	-36.213	-90.2465	762.13	68559.6	-64353.8	-17118.6	147.561	164.042	0	-2.21E-05	1.01E-05	-1.11E-05	-3.12E-05
290	7	-36.1745	-90.487	761.891	68620	-64356.3	-17136.1	147.531	163.935	0	-2.21E-05	1.01E-05	-1.11E-05	-3.12E-05
290	8	-36.1361	-90.7275	761.652	68680.3	-64358.8	-17153.6	147.501	163.827	0	-2.31E-05	9.62E-06	-1.04E-05	-3.95E-05
290	9	-36.1995	-91.0279	761.529	68636.2	-64374.2	-17164	147.467	163.871	0	-2.31E-05	9.62E-06	-1.04E-05	-3.95E-05
290	10	-36.2628	-91.3284	761.406	68592	-64389.5	-17174.5	147.433	163.914	0	-2.32E-05	9.98E-06	-1.06E-05	-1.55E-05
290	11	-36.2325	-91.6532	761.277	68673.8	-64356.9	-17197.7	147.462	163.791	0	-2.09E-05	1.06E-05	-1.16E-05	-2.15E-06
290	12	-36.2021	-91.978	761.148	68755.5	-64324.3	-17221	147.49	163.669	0	-2.09E-05	1.06E-05	-1.16E-05	-2.15E-06
290	13	-36.0969	-92.2338	760.721	68790.4	-64285.5	-17242.6	147.494	163.572	0	-1.76E-05	1.11E-05	-1.11E-05	-2.51E-05
290	14	-35.9917	-92.4895	760.295	68825.3	-64246.7	-17264.3	147.498	163.476	0	-1.76E-05	1.11E-05	-1.11E-05	-2.51E-05
290	15	-35.9153	-92.8059	760.118	68831.8	-64238.5	-17295.7	147.489	163.446	0	-1.74E-05	8.37E-06	-7.27E-06	-4.52E-05
290	16	-35.8388	-93.1223	759.942	68838.3	-64230.4	-17327	147.48	163.416	0	-1.74E-05	8.37E-06	-7.27E-06	-4.52E-05
290	17	-35.8284	-93.4837	759.987	68825.9	-64262.8	-17348.2	147.442	163.438	0	-1.93E-05	7.12E-06	-7.97E-06	-4.27E-05
290	18	-35.818	-93.8451	760.032	68813.5	-64295.2	-17369.5	147.405	163.46	0	-1.93E-05	7.12E-06	-7.97E-06	-4.27E-05
290	19	-35.8837	-94.2639	759.637	68851.8	-64257.3	-17414.3	147.41	163.362	0	-2.06E-05	6.16E-06	-1.03E-05	-1.06E-05
291	0	-35.9494	-94.6827	759.241	68890.2	-64219.5	-17459.1	147.416	163.264	0	-2.22E-05	3.62E-06	-9.13E-06	2.53E-05
291	1	-35.96	-94.9385	759.159	68841.9	-64181.9	-17471.5	147.457	163.318	0	-2.22E-05	3.62E-06	-9.13E-06	2.53E-05
291	2	-35.9706	-95.1943	759.076	68793.5	-64144.4	-17484	147.497	163.372	0	-2.34E-05	2.42E-06	-4.58E-06	4.33E-05
291	3	-35.872	-95.5756	758.822	68831.1	-64171.9	-17489.2	147.432	163.292	0	-2.34E-05	2.42E-06	-4.58E-06	4.33E-05
291	4	-35.7734	-95.9569	758.568	68868.7	-64199.3	-17494.4	147.368	163.212	0	-2.35E-05	3.86E-06	-4.96E-06	3.61E-05
291	5	-35.7127	-96.1164	758.453	68910.7	-64164.4	-17533.9	147.401	163.143	0	-2.35E-05	3.86E-06	-4.96E-06	3.61E-05
291	6	-35.6519	-96.2758	758.339	68952.7	-64129.5	-17573.4	147.434	163.074	0	-2.39E-05	3.67E-06	-5.73E-06	1.48E-05
291	7	-35.6712	-96.6445	758.453	68916.1	-64113.9	-17580.8	147.468	163.136	0	-2.39E-05	3.67E-06	-5.73E-06	1.48E-05
291	8	-35.6906	-97.0131	758.568	68879.5	-64098.2	-17588.3	147.501	163.198	0	-2.53E-05	2.57E-06	-6.88E-06	-7.94E-06
291	9	-35.6323	-97.3448	758.426	68895.3	-64086.8	-17593	147.5	163.16	0	-2.50E-05	2.76E-06	-6.78E-06	-2.06E-05
291	10	-35.574	-97.6764	758.285	68911.1	-64075.4	-17597.6	147.5	163.122	0	-2.50E-05	2.76E-06	-6.78E-06	-2.06E-05
291	11	-35.6015	-98.0538	758.044	68963.6	-64053.3	-17619.8	147.502	163.024	0	-2.45E-05	2.30E-06	-5.75E-06	-1.51E-05
291	12	-35.6289	-98.4312	757.803	69016.2	-64031.3	-17642	147.504	162.926	0	-2.45E-05	2.30E-06	-5.75E-06	-1.51E-05
291	13	-35.5434	-98.7884	756.708	69031.7	-64011	-17662.6	147.409	162.774	0	-2.31E-05	2.75E-06	-3.07E-06	-3.62E-07
291	14	-35.4578	-99.1455	755.614	69047.3	-63990.6	-17683.3	147.313	162.621	0	-2.31E-05	2.75E-06	-3.07E-06	-3.62E-07
291	15	-35.404	-99.4128	755.166	69061.4	-63967.7	-17726.2	147.293	162.548	0	-2.26E-05	1.08E-06	-3.21E-06	-1.17E-06
291	16	-35.3502	-99.6801	754.719	69075.5	-63944.7	-17769.2	147.273	162.475	0	-2.26E-05	1.08E-06	-3.21E-06	-1.17E-06
291	17	-35.3368	-100.045	754.772	69067.5	-63939.7	-17787.1	147.286	162.492	0	-2.21E-05	3.58E-07	-2.81E-06	-9.58E-07
291	18	-35.3234	-100.411	754.825	69059.5	-63934.6	-17805.1	147.299	162.509	0	-2.08E-05	-4.55E-07	-6.34E-06	-1.39E-05
291	19	-35.266	-100.73	754.751	69091	-63898.1	-17804.5	147.339	162.459	0	-2.08E-05	-4.55E-07	-6.34E-06	-1.39E-05
292	0	-35.2086	-101.049	754.677	69122.5	-63861.6	-17803.8	147.379	162.408	0	-1.97E-05	1.24E-07	-1.14E-05	-2.76E-05
292	1	-35.1385	-101.305	754.151	69076.6	-63850.9	-17814	147.334	162.405	0	-1.97E-05	1.24E-07	-1.14E-05	-2.76E-05
292	2	-35.0684	-101.56	753.625	69030.7	-63840.2	-17824.2	147.289	162.402	0	-1.95E-05	1.99E-06	-1.32E-05	-2.58E-05
292	3	-35.2017	-101.931	753.448	69034.3	-63821.1	-17842.7	147.295	162.375	0	-1.95E-05	1.99E-06	-1.32E-05	-2.58E-05
292	4	-35.3349	-102.301	753.27	69038	-63801.9	-17861.2	147.3	162.349	0	-2.07E-05	2.90E-06	-1.08E-05	-2.00E-05
292	5	-35.1813	-102.584	752.823	69046.5	-63782.1	-17887.3	147.276	162.283	0	-2.07E-05	2.90E-06	-1.08E-05	-2.00E-05
292	6	-35.0278	-102.866	752.375	69055.1	-63762.4	-17913.3	147.252	162.217	0	-2.08E-05	3.14E-06	-1.02E-05	-3.21E-05
292	7	-35.068	-103.059	752.326	69073.1	-63693	-17928.4	147.339	162.187	0	-1.95E-05	3.19E-06	-1.18E-05	-4.50E-05
292	8	-35.1082	-103.251	752.278	69091.1	-63623.7	-17943.6	147.425	162.157	0	-1.95E-05	3.19E-06	-1.18E-05	-4.50E-05
292	9	-35.1193	-103.506	752.053	69069	-63623.7	-17959.9	147.4	162.159	0	-1.81E-05	5.45E-06	-9.93E-06	-4.75E-05
292	10	-35.1304	-103.762	751.828	69046.9	-63623.7	-17976.2	147.375	162.161	0	-1.81E-05	5.45E-06	-9.93E-06	-4.75E-05
292	11	-35.0125	-104.129	751.49	69047.7	-63626.4	-17989.5	147.333	162.119	0	-2.16E-05	6.93E-06	-1.04E-05	-4.66E-05
292	12	-34.8946	-104.497	751.153	69048.4	-63629	-18002.9	147.292	162.077	0	-2.16E-05	6.93E-06	-1.04E-05	-4.66E-05
292	13	-34.8673	-104.896	750.748	69082.2	-63565	-18025.4	147.331	161.982	0	-2.50E-05	6.88E-06	-1.21E-05	-5.15E-05
292	14	-34.8401	-105.296	750.343	69116	-63501.1	-18047.9	147.371	161.888	0	-2.50E-05	6.88E-06	-1.21E-05	-5.15E-05
292	15	-34.8455	-105.54	749.828	69135.8	-63469.4	-18081.5	147.355	161.798	0	-2.47E-05	3.80E-06	-1.00E-05	-5.20E-05
292	16	-34.851	-105.784	749.313	69155.7	-63437.8	-18115.1	147.339	161.708	0	-2.28E-05	-2.20E-06	-1.13E-05	-5.34E-05
292	17	-34.7589	-106.127	749.109	69162.1	-63421.6	-18119.8	147.337	161.674	0	-2.28E-05	-2.20E-06	-1.13E-05	-5.34E-05
292	18	-34.6668	-106.47	748.906	69168.5	-63405.4	-18124.6	147.336	161.641	0	-2.20E-05	-6.84E-08	-1.56E-05	-6.18E-05
292	19	-34.6741	-106.804	748.443	69159.2	-63360.9	-18131.6	147.343	161.596	0	-2.20E-05	-6.84E-08	-1.56E-05	-6.18E-05
293	0	-34.6814	-107.138	747.981	69149.9	-63316.3	-18138.6	147.35	161.551	0	-2.37E-05	1.61E-06	-1.47E-05	-4.01E-05
293	1	-34.5649	-107.451	747.939	69105.4	-63294.2	-18154.6	147.375	161.606	0	-2.37E-05	1.61E-06	-1.47E-05	-4.01E-05
293	2	-34.4485	-107.764	747.896	69061	-63272	-18170.6	147.4	161.66	0	-1.83E-05	2.38E-06	-7.93E-06	5.27E-06
293	3	-34.4496	-107.995	747.32	69047.5	-63256.4	-18190.5	147.356	161.607	0	-1.83E-05	2.38E-06	-7.93E-06	5.27E-06
293	4	-34.4508	-108.226	746.744	69034	-63240.9	-18210.4	147.311	161.553	0	-1.01E-05	3.52E-06	-4.05E-06	4.07E-05
293	5	-34.5017	-108.392	746.467	69031.9	-63186.6	-18224.4	147.353	161.522	0	-9.69E-06	3.09E-06	-3.82E-06	6.12E-05
293	6	-34.5527	-108.557	746.191	69029.8	-63132.3	-18238.3	147.394	161.49	0	-9.69E-06	3.09E-06	-3.82E-06	6.12E-05
293	7	-34.5123	-108.962	746.036	69010.9	-63092.7	-18255	147.429	161.497	0	-1.12E-05	4.79E-07	-7.94E-06	6.34E-05
293	8	-34.472	-109.367	745.881	68992	-63053.2	-18271.6	147.465	161.503	0	-1.12E-05	4.79E-07	-7.94E-06	6.34E-05
293	9	-34.3574	-109.702	744.998	69008.3	-63025.9	-18290.3	147.401	161.371	0	-1.64E-05	8.47E-07	-9.87E-06	3.97E-05
293	10	-34.2427	-110.037	744.116	69024.6	-62998.6	-18309	147.338	161.239	0	-1.64E-05	8.47E-07	-9.87E-06	3.97E-05
293	11	-34.2197	-110.28	743.689	69017.3	-62960.1	-18303.5	147.341	161.196	0	-2.06E-05	4.25E-06	-8.09E-06	1.09E-05
293	12	-34.1967	-110.522	743.263	69010	-62921.6	-18298	147.344	161.153	0	-2.06E-05	4.25E-06	-8.09E-06	1.09E-05
293	13	-34.1295	-110.852	743.169	69001.2	-62890.9	-18305.9	147.375	161.153	0	-2.18E-05	6.52E-06	-1.09E-05	-5.35E-06
293	14	-34.0624	-111.182	743.075	68992.5	-62860.2	-18313.7	147.405	161.153	0	-2.07E-05	6.33E-06	-1.40E-05	-5.14E-06
293	15	-34.0258	-111.464	742.588	68963	-62847.5	-18350.3	147.367	161.131	0	-2.07E-05	6.33E-06	-1.40E-05	-5.14E-06
293	16	-33.9893	-111.747	742.101	68933.6	-62834.8	-18386.8	147.328	161.11	0	-1.96E-05	5.92E-06	-1.01E-05	3.72E-07
293	17	-33.9748	-112.029	741.704	68943.5	-62785.1	-18403.2	147.35	161.047	0	-1.96E-05	5.92E-06	-1.01E-05	3.72E-07
293	18	-33.9604	-112.312	741.307	68953.4	-62735.4	-18419.6	147.372	160.984	0	-2.18E-05	5.13E-06	-7.36E-06	-6.38E-06
293	19	-34.0141	-112.657	740.757	68967.1	-62675.6	-18440.5	147.39	160.896	0	-2.18E-05	5.13E-06	-7.36E-06	-6.38E-06
294	0	-34.0678	-113.002	740.207	68980.8	-62615.7	-18461.4	147.408	160.809	0	-2.24E-05	4.58E-06	-7.61E-06	-1.87E-05
294	1	-33.9663	-113.31	739.485	68939.8	-62591.4	-18442.1	147.358	160.773	0	-2.24E-05	4.58E-06	-7.61E-06	-1.87E-05
294	2	-33.8649	-113.619	738.763	68898.7	-62567.2	-18422.9	147.308	160.738	0	-2.08E-05	3.96E-06	-1.02E-05	-2.28E-05
294	3	-33.7933	-113.909	738.302	68870.4	-62524.3	-18451.5	147.313	160.718	0	-1.94E-05	5.16E-06	-1.18E-05	-3.47E-05
294	4	-33.7216	-114.2	737.841	68842	-62481.4	-18480.2	147.319	160.698	0	-1.94E-05	5.16E-06	-1.18E-05	-3.47E-05
294	5	-33.6738	-114.418	737.538	68844.9	-62412.1	-18498.4	147.378	160.656	0	-1.88E-05	9.33E-06	-1.07E-05	-3.90E-05
294	6	-33.626	-114.636	737.235	68847.7	-62342.9	-18516.7	147.437	160.614	0	-1.88E-05	9.33E-06	-1.07E-05	-3.90E-05
294	7	-33.6338	-115.001	736.748	68847.7	-62314.1	-18533.2	147.42	160.552	0	-1.84E-05	1.15E-05	-9.52E-06	-1.56E-05
294	8	-33.6416	-115.367	736.261	68847.7	-62285.4	-18549.7	147.403	160.49	0	-1.84E-05	1.15E-05	-9.52E-06	-1.56E-05
294	9	-33.5441	-115.714	735.554	68825.1	-62249.5	-18579.2	147.371	160.431	0	-2.01E-05	8.85E-06	-8.94E-06	-3.05E-06
294	10	-33.4465	-116.061	734.847	68802.6	-62213.6	-18608.7	147.338	160.372	0	-2.01E-05	8.85E-06	-8.94E-06	-3.05E-06
294	11	-33.3664	-116.35	734.278	68745.6	-62155.2	-18607.9	147.352	160.377	0	-2.08E-05	8.71E-06	-7.10E-06	-6.36E-06
294	12	-33.2863	-116.638	733.708	68688.6	-62096.8	-18607.2	147.366	160.382	0	-2.17E-05	9.42E-06	-6.60E-06	-6.71E-06
294	13	-33.3022	-116.931	732.952	68681.2	-62032.4	-18592.1	147.366	160.295	0	-2.17E-05	9.42E-06	-6.60E-06	-6.71E-06
294	14	-33.3182	-117.224	732.195	68673.8	-61968	-18577	147.367	160.208	0	-2.25E-05	8.44E-06	-7.77E-06	-5.76E-06
294	15	-33.3241	-117.54	731.701	68631.6	-61892.9	-18602.9	147.412	160.203	0	-2.25E-05	8.44E-06	-7.77E-06	-5.76E-06
294	16	-33.3299	-117.856	731.208	68589.3	-61817.9	-18628.9	147.458	160.197	0	-2.34E-05	7.45E-06	-6.83E-06	-1.99E-05
294	17	-33.2554	-118.105	730.455	68559.1	-61761.9	-18638	147.447	160.142	0	-2.34E-05	7.45E-06	-6.83E-06	-1.99E-05
294	18	-33.1809	-118.354	729.702	68528.9	-61705.9	-18647	147.437	160.086	0	-2.33E-05	5.63E-06	-5.73E-06	-3.08E-05
294	19	-33.184	-118.623	729.083	68557.3	-61678.7	-18681.3	147.402	159.968	0	-2.33E-05	5.63E-06	-5.73E-06	-3.08E-05
295	0	-33.187	-118.891	728.465	68585.6	-61651.5	-18715.6	147.368	159.849	0	-2.17E-05	3.93E-06	-7.22E-06	-2.63E-05
295	1	-33.1342	-119.224	727.911	68496.7	-61578.7	-18736.6	147.404	159.9	0	-2.03E-05	2.23E-06	-9.47E-06	-1.98E-05
295	2	-33.0814	-119.557	727.357	68407.7	-61505.8	-18757.6	147.439	159.95	0	-2.03E-05	2.23E-06	-9.47E-06	-1.98E-05
295	3	-32.9933	-119.883	726.879	68337.5	-61468.8	-18748.7	147.435	159.985	0	-2.05E-05	1.66E-06	-1.12E-05	-1.62E-05
295	4	-32.9051	-120.209	726.4	68267.2	-61431.7	-18739.8	147.43	160.02	0	-2.05E-05	1.66E-06	-1.12E-05	-1.62E-05
295	5	-32.7967	-120.436	725.916	68268.7	-61368.4	-18762.9	147.461	159.955	0	-2.14E-05	2.71E-06	-1.26E-05	-1.03E-05
295	6	-32.6884	-120.663	725.432	68270.3	-61305.1	-18786.1	147.492	159.89	0	-2.14E-05	2.71E-06	-1.26E-05	-1.03E-05
295	7	-32.5741	-120.902	724.628	68243.6	-61268	-18786.2	147.449	159.823	0	-2.18E-05	3.52E-06	-1.07E-05	-2.56E-06
295	8	-32.4598	-121.142	723.824	68216.9	-61230.8	-18786.3	147.406	159.755	0	-2.18E-05	3.52E-06	-1.07E-05	-2.56E-06
295	9	-32.4206	-121.435	723.037	68179.2	-61196.9	-18802.8	147.361	159.704	0	-2.24E-05	1.10E-06	-1.19E-05	-9.51E-06
295	10	-32.3813	-121.727	722.251	68141.4	-61163	-18819.3	147.316	159.654	0	-2.17E-05	-1.17E-06	-1.26E-05	-1.19E-05
295	11	-32.266	-122.068	721.33	68116.9	-61081.3	-18814.4	147.321	159.568	0	-2.17E-05	-1.17E-06	-1.26E-05	-1.19E-05
295	12	-32.1507	-122.41	720.409	68092.4	-60999.6	-18809.5	147.326	159.481	0	-2.20E-05	-2.65E-07	-6.59E-06	-4.99E-07
295	13	-32.085	-122.724	719.69	68037.8	-60942.2	-18801.8	147.322	159.462	0	-2.20E-05	-2.65E-07	-6.59E-06	-4.99E-07
295	14	-32.0194	-123.039	718.971	67983.1	-60884.8	-18794.1	147.317	159.444	0	-2.23E-05	-7.18E-07	-4.82E-06	-1.04E-05
295	15	-31.9911	-123.283	718.305	67919.2	-60800.1	-18803.4	147.356	159.445	0	-2.23E-05	-7.18E-07	-4.82E-06	-1.04E-05
295	16	-31.9627	-123.527	717.639	67855.2	-60715.4	-18812.8	147.396	159.447	0	-2.17E-05	2.43E-08	-4.70E-06	-2.43E-05
295	17	-31.981	-123.729	717.025	67848.6	-60639.6	-18803.9	147.429	159.375	0	-2.17E-05	2.43E-08	-4.70E-06	-2.43E-05
295	18	-31.9992	-123.931	716.41	67841.9	-60563.8	-18795.1	147.462	159.303	0	-2.01E-05	3.14E-07	-6.44E-06	-3.50E-05
295	19	-31.8551	-124.111	715.49	67760.2	-60499.4	-18803.1	147.443	159.295	0	-1.90E-05	1.61E-06	-1.10E-05	-2.54E-05
296	0	-31.7109	-124.29	714.57	67678.5	-60435	-18811	147.425	159.288	0	-1.90E-05	1.61E-06	-1.10E-05	-2.54E-05
296	1	-31.5247	-124.611	713.563	67625.6	-60372.1	-18819.5	147.393	159.228	0	-1.90E-05	4.15E-06	-1.21E-05	-7.27E-06
296	2	-31.3384	-124.932	712.556	67572.6	-60309.2	-18827.8	147.362	159.169	0	-1.90E-05	4.15E-06	-1.21E-05	-7.27E-06
296	3	-31.2498	-125.242	711.751	67520	-60238	-18797.2	147.367	159.135	0	-1.93E-05	3.76E-06	-9.95E-06	-2.90E-06
296	4	-31.1613	-125.553	710.947	67467.5	-60166.9	-18766.5	147.371	159.102	0	-1.93E-05	3.76E-06	-9.95E-06	-2.90E-06
296	5	-31.0585	-125.712	709.883	67446.2	-60106	-18779.2	147.33	158.99	0	-2.13E-05	3.29E-06	-7.93E-06	-1.12E-05
296	6	-30.9557	-125.872	708.819	67425	-60045.1	-18791.9	147.289	158.877	0	-2.13E-05	3.29E-06	-7.93E-06	-1.12E-05
296	7	-30.8731	-126.131	708.197	67403.5	-59948.3	-18776.8	147.351	158.824	0	-2.31E-05	3.62E-06	-6.38E-06	-1.78E-05
296	8	-30.7904	-126.39	707.576	67382	-59851.5	-18761.7	147.413	158.771	0	-2.15E-05	1.82E-06	-7.80E-06	-1.97E-05
296	9	-30.8011	-126.622	706.514	67275.9	-59742.1	-18761.9	147.441	158.778	0	-2.15E-05	1.82E-06	-7.80E-06	-1.97E-05
296	10	-30.8118	-126.853	705.453	67169.7	-59632.6	-18762	147.469	158.785	0	-1.96E-05	-6.28E-07	-1.08E-05	-2.25E-05
296	11	-30.7266	-127.086	704.025	67111.5	-59542.1	-18759.9	147.426	158.675	0	-1.96E-05	-6.28E-07	-1.08E-05	-2.25E-05
296	12	-30.6415	-127.319	702.598	67053.3	-59451.5	-18757.8	147.383	158.564	0	-1.94E-05	-1.94E-06	-1.35E-05	-1.05E-05
296	13	-30.5386	-127.556	701.577	66980.5	-59345.1	-18742.8	147.412	158.529	0	-1.94E-05	-1.94E-06	-1.35E-05	-1.05E-05
296	14	-30.4357	-127.792	700.557	66907.7	-59238.7	-18727.9	147.441	158.494	0	-1.90E-05	4.06E-07	-1.14E-05	-4.32E-06
296	15	-30.2624	-128.101	699.11	66825.8	-59162.3	-18693.5	147.375	158.413	0	-1.90E-05	4.06E-07	-1.14E-05	-4.32E-06
296	16	-30.0891	-128.409	697.663	66744	-59086	-18659	147.309	158.332	0	-1.91E-05	-2.65E-07	-9.23E-06	-6.67E-06
296	17	-30.0193	-128.557	696.994	66658.2	-58965	-18632.3	147.401	158.363	0	-2.02E-05	-4.50E-07	-9.61E-06	-1.84E-05
296	18	-29.9494	-128.705	696.324	66572.5	-58844.1	-18605.5	147.493	158.394	0	-2.02E-05	-4.50E-07	-9.61E-06	-1.84E-05
296	19	-29.8727	-128.887	695.336	66501.4	-58740.6	-18602.1	147.522	158.361	0	-2.13E-05	1.70E-06	-5.63E-06	-2.97E-05
297	0	-29.7959	-129.068	694.347	66430.3	-58637.2	-18598.6	147.551	158.327	0	-2.13E-05	1.70E-06	-5.63E-06	-2.97E-05
297	1	-29.5857	-129.147	693.098	66303.1	-58561.4	-18555.9	147.508	158.338	0	-2.10E-05	6.69E-07	-4.44E-06	-2.44E-05
297	2	-29.3754	-129.225	691.849	66175.9	-58485.7	-18513.2	147.465	158.349	0	-2.10E-05	6.69E-07	-4.44E-06	-2.44E-05
297	3	-29.2556	-129.38	690.291	66088.6	-58382.9	-18495.3	147.423	158.26	0	-2.15E-05	-3.60E-07	-6.12E-06	-2.05E-05
297	4	-29.1357	-129.536	688.732	66001.3	-58280	-18477.4	147.381	158.17	0	-2.15E-05	-3.60E-07	-6.12E-06	-2.05E-05
297	5	-29.0778	-129.796	687.82	65931	-58164.5	-18442.1	147.436	158.145	0	-2.23E-05	-4.06E-07	-8.23E-06	-1.42E-05
297	6	-29.0198	-130.056	686.907	65860.6	-58049	-18406.8	147.492	158.12	0	-2.19E-05	4.11E-07	-1.27E-05	-1.67E-05
297	7	-28.9148	-130.257	685.306	65769.8	-57910.2	-18410.3	147.497	158.029	0	-2.19E-05	4.11E-07	-1.27E-05	-1.67E-05
297	8	-28.8097	-130.457	683.704	65679	-57771.4	-18413.8	147.502	157.937	0	-2.14E-05	2.26E-06	-1.47E-05	-2.14E-05
297	9	-28.7797	-130.591	682.026	65581.3	-57656.6	-18392	147.463	157.843	0	-2.14E-05	2.26E-06	-1.47E-05	-2.14E-05
297	10	-28.7496	-130.725	680.347	65483.6	-57541.8	-18370.2	147.423	157.75	0	-1.97E-05	4.82E-06	-1.10E-05	-1.08E-05
297	11	-28.6043	-130.893	679.251	65352	-57443	-18331.4	147.432	157.788	0	-1.97E-05	4.82E-06	-1.10E-05	-1.08E-05
297	12	-28.4591	-131.061	678.156	65220.5	-57344.1	-18292.7	147.441	157.827	0	-2.05E-05	5.37E-06	-8.23E-06	-1.96E-06
297	13	-28.3407	-131.297	676.531	65125	-57229.4	-18267.4	147.408	157.737	0	-2.05E-05	5.37E-06	-8.23E-06	-1.96E-06
297	14	-28.2224	-131.533	674.906	65029.5	-57114.7	-18242.1	147.374	157.647	0	-2.15E-05	4.39E-06	-1.06E-05	1.16E-05
297	15	-28.1072	-131.702	673.307	64917	-56922.8	-18209.5	147.458	157.585	0	-2.05E-05	4.58E-06	-1.22E-05	1.29E-05
297	16	-27.9919	-131.87	671.709	64804.5	-56730.8	-18177	147.543	157.523	0	-2.05E-05	4.58E-06	-1.22E-05	1.29E-05
297	17	-27.9072	-131.966	670.256	64689.8	-56577.8	-18151.9	147.588	157.485	0	-1.98E-05	5.06E-06	-9.23E-06	5.55E-06
297	18	-27.8225	-132.061	668.803	64575	-56424.9	-18126.9	147.633	157.447	0	-1.98E-05	5.06E-06	-9.23E-06	5.55E-06
297	19	-27.6958	-132.203	667.471	64458.2	-56339.3	-18103.4	147.593	157.429	0	-2.11E-05	6.62E-06	-7.31E-06	-3.12E-06
298	0	-27.5691	-132.345	666.138	64341.3	-56253.8	-18079.9	147.552	157.411	0	-2.11E-05	6.62E-06	-7.31E-06	-3.12E-06
298	1	-27.439	-132.577	664.57	64251.6	-56030.7	-18051.8	147.689	157.318	0	-2.20E-05	9.28E-06	-8.01E-06	-1.65E-05
298	2	-27.3089	-132.809	663.001	64162	-55807.7	-18023.8	147.826	157.225	0	-2.20E-05	9.28E-06	-8.01E-06	-1.65E-05
298	3	-27.1273	-133.013	661.254	64025.2	-55685.4	-17989.3	147.788	157.176	0	-2.16E-05	1.10E-05	-8.66E-06	-3.44E-05
298	4	-26.9456	-133.216	659.508	63888.5	-55563.1	-17954.8	147.751	157.127	0	-2.07E-05	1.30E-05	-8.71E-06	-3.80E-05
298	5	-26.8084	-133.301	657.619	63790.2	-55405.7	-17925.5	147.748	156.998	0	-2.07E-05	1.30E-05	-8.71E-06	-3.80E-05
298	6	-26.6712	-133.386	655.731	63691.9	-55248.3	-17896.2	147.745	156.869	0	-2.11E-05	1.09E-05	-1.19E-05	-3.53E-05
298	7	-26.4557	-133.508	654.289	63523.3	-55098.5	-17879.4	147.789	156.912	0	-2.11E-05	1.09E-05	-1.19E-05	-3.53E-05
298	8	-26.2402	-133.629	652.847	63354.7	-54948.8	-17862.6	147.832	156.956	0	-2.21E-05	7.41E-06	-1.38E-05	-3.81E-05
298	9	-26.1987	-133.85	651.146	63239.7	-54819.6	-17854.6	147.811	156.879	0	-2.21E-05	7.41E-06	-1.38E-05	-3.81E-05
298	10	-26.1572	-134.071	649.445	63124.7	-54690.4	-17846.6	147.789	156.802	0	-2.26E-05	8.71E-06	-1.56E-05	-3.19E-05
298	11	-25.9169	-134.177	647.206	63002	-54508.2	-17795	147.779	156.655	0	-2.26E-05	8.71E-06	-1.56E-05	-3.19E-05
298	12	-25.6766	-134.282	644.967	62879.3	-54326	-17743.3	147.769	156.508	0	-2.18E-05	9.20E-06	-1.86E-05	-4.19E-06
298	13	-25.5056	-134.4	643.09	62726.2	-54194.1	-17699.5	147.729	156.461	0	-2.07E-05	7.03E-06	-1.78E-05	1.94E-05
298	14	-25.3347	-134.519	641.212	62573	-54062.2	-17655.7	147.688	156.414	0	-2.07E-05	7.03E-06	-1.78E-05	1.94E-05
298	15	-25.1498	-134.571	639.68	62426.9	-53944.4	-17625	147.67	156.409	0	-1.90E-05	6.83E-06	-1.18E-05	2.99E-05
298	16	-24.9648	-134.623	638.149	62280.8	-53826.6	-17594.2	147.652	156.404	0	-1.90E-05	6.83E-06	-1.18E-05	2.99E-05
298	17	-24.8483	-134.728	636.847	62123.7	-53678	-17560.7	147.713	156.451	0	-1.74E-05	6.69E-06	-4.13E-06	2.88E-05
298	18	-24.7318	-134.833	635.545	61966.5	-53529.4	-17527.3	147.774	156.499	0	-1.74E-05	6.69E-06	-4.13E-06	2.88E-05
298	19	-24.601	-134.886	633.877	61818.8	-53337.5	-17492.2	147.855	156.475	0	-1.97E-05	7.46E-06	4.93E-07	6.87E-06
299	0	-24.4702	-134.939	632.21	61671.1	-53145.6	-17457.1	147.937	156.452	0	-1.97E-05	7.46E-06	4.93E-07	6.87E-06
299	1	-24.2262	-135.063	630.001	61550.4	-52925.3	-17427.3	147.992	156.301	0	-2.31E-05	6.88E-06	-3.72E-06	-1.80E-05
299	2	-23.9823	-135.188	627.792	61429.8	-52705.1	-17397.5	148.047	156.149	0	-2.36E-05	7.13E-06	-4.48E-06	-2.75E-05
299	3	-23.882	-135.269	625.829	61275	-52553.9	-17343.2	148.025	156.09	0	-2.36E-05	7.13E-06	-4.48E-06	-2.75E-05
299	4	-23.7816	-135.349	623.867	61120.3	-52402.8	-17289	148.003	156.03	0	-2.34E-05	8.41E-06	-2.47E-06	-4.66E-05
299	5	-23.6634	-135.358	622.034	60978.7	-52261.6	-17240	147.983	155.969	0	-2.34E-05	8.41E-06	-2.47E-06	-4.66E-05
299	6	-23.5451	-135.368	620.2	60837.2	-52120.4	-17191	147.962	155.907	0	-2.39E-05	7.41E-06	-4.20E-06	-3.43E-05
299	7	-23.2892	-135.404	618.111	60743	-51962.5	-17155.3	147.933	155.728	0	-2.39E-05	7.41E-06	-4.20E-06	-3.43E-05
299	8	-23.0334	-135.441	616.022	60648.8	-51804.6	-17119.6	147.905	155.548	0	-2.35E-05	6.55E-06	-4.20E-06	-1.88E-06
299	9	-22.8054	-135.485	614.29	60453.6	-51648.7	-17070.8	147.921	155.588	0	-2.35E-05	6.55E-06	-4.20E-06	-1.88E-06
299	10	-22.5773	-135.529	612.558	60258.5	-51492.8	-17022	147.938	155.628	0	-2.49E-05	6.59E-06	-4.93E-06	5.37E-06
299	11	-22.4079	-135.601	610.978	60058.9	-51291.8	-17005	148.05	155.7	0	-2.59E-05	6.91E-06	-9.40E-06	1.48E-05
299	12	-22.2385	-135.672	609.398	59859.2	-51090.8	-16988	148.162	155.773	0	-2.59E-05	6.91E-06	-9.40E-06	1.48E-05
299	13	-21.9647	-135.684	607.289	59684.8	-50877.8	-16953.9	148.222	155.719	0	-2.47E-05	7.32E-06	-1.00E-05	1.61E-05
299	14	-21.6909	-135.696	605.181	59510.3	-50664.8	-16919.7	148.282	155.665	0	-2.47E-05	7.32E-06	-1.00E-05	1.61E-05
299	15	-21.495	-135.757	603.119	59331.3	-50526.8	-16871.5	148.224	155.626	0	-2.30E-05	9.33E-06	-7.45E-06	3.11E-06
299	16	-21.2992	-135.818	601.057	59152.4	-50388.8	-16823.3	148.166	155.586	0	-2.30E-05	9.33E-06	-7.45E-06	3.11E-06
299	17	-21.0414	-135.745	598.921	58984.3	-50236.3	-16783.3	148.122	155.516	0	-2.28E-05	1.20E-05	-5.92E-06	-9.47E-06
299	18	-20.7836	-135.672	596.786	58816.3	-50083.9	-16743.2	148.077	155.445	0	-2.28E-05	1.20E-05	-5.92E-06	-9.47E-06
299	19	-20.6129	-135.645	594.885	58680.2	-49867.3	-16696.7	148.173	155.359	0	-2.16E-05	1.22E-05	-6.21E-06	-1.83E-05
300	0	-20.4421	-135.618	592.984	58544.2	-49650.7	-16650.2	148.27	155.272	0	-2.10E-05	9.95E-06	-6.16E-06	-2.75E-05
300	1	-20.2338	-135.674	590.744	58389.1	-49429.6	-16613.5	148.327	155.16	0	-2.10E-05	9.95E-06	-6.16E-06	-2.75E-05
300	2	-20.0254	-135.729	588.503	58234	-49208.5	-16576.7	148.384	155.047	0	-1.99E-05	9.33E-06	-6.51E-06	-2.80E-05
300	3	-19.758	-135.736	586.302	58036.6	-49069.7	-16521.9	148.306	155.012	0	-1.99E-05	9.33E-06	-6.51E-06	-2.80E-05
300	4	-19.4906	-135.743	584.1	57839.2	-48931	-16467.1	148.228	154.977	0	-1.84E-05	9.78E-06	-1.08E-05	-2.53E-05
300	5	-19.1215	-135.809	582.156	57671.4	-48747	-16415.7	148.265	154.935	0	-1.84E-05	9.78E-06	-1.08E-05	-2.53E-05
300	6	-18.7524	-135.876	580.211	57503.6	-48563	-16364.3	148.301	154.892	0	-1.89E-05	8.97E-06	-1.34E-05	-2.26E-05
300	7	-18.442	-135.893	577.573	57295.1	-48331	-16317.2	148.32	154.8	0	-1.89E-05	8.97E-06	-1.34E-05	-2.26E-05
300	8	-18.1317	-135.909	574.934	57086.6	-48099	-16270	148.34	154.708	0	-1.89E-05	8.12E-06	-1.11E-05	-1.83E-05
300	9	-17.9805	-135.891	572.729	56893.7	-47886.7	-16205.4	148.389	154.662	0	-1.95E-05	6.20E-06	-8.83E-06	-5.43E-06
300	10	-17.8293	-135.873	570.524	56700.7	-47674.4	-16140.9	148.438	154.616	0	-1.95E-05	6.20E-06	-8.83E-06	-5.43E-06
300	11	-17.5916	-135.775	568.443	56504.5	-47510.2	-16108.6	148.421	154.598	0	-1.86E-05	4.00E-06	-1.30E-05	6.07E-07
300	12	-17.354	-135.677	566.362	56308.3	-47345.9	-16076.3	148.403	154.579	0	-1.86E-05	4.00E-06	-1.30E-05	6.07E-07
300	13	-17.1307	-135.617	564.164	56129.3	-47128	-16025	148.464	154.509	0	-1.82E-05	2.66E-06	-1.60E-05	2.51E-06
300	14	-16.9075	-135.558	561.967	55950.3	-46910	-15973.7	148.525	154.438	0	-1.82E-05	2.66E-06	-1.60E-05	2.51E-06
300	15	-16.6157	-135.495	559.533	55762	-46735.3	-15911.8	148.475	154.342	0	-1.83E-05	1.27E-06	-1.42E-05	-4.12E-06
300	16	-16.3239	-135.433	557.099	55573.7	-46560.5	-15849.9	148.423	154.244	0	-1.83E-05	1.27E-06	-1.42E-05	-4.12E-06
300	17	-16.0086	-135.414	554.57	55350.9	-46367.9	-15806.7	148.389	154.191	0	-1.82E-05	-3.63E-07	-1.36E-05	-1.89E-05
300	18	-15.6934	-135.396	552.04	55128.1	-46175.3	-15763.4	148.355	154.137	0	-1.82E-05	-1.12E-06	-1.23E-05	-1.41E-05
300	19	-15.4367	-135.271	550.247	54906.9	-45958.5	-15711.3	148.477	154.214	0	-1.82E-05	-1.12E-06	-1.23E-05	-1.41E-05
301	0	-15.1801	-135.147	548.454	54685.7	-45741.6	-15659.2	148.599	154.291	0	-1.96E-05	1.15E-06	-1.04E-05	-4.29E-06
301	1	-14.8571	-135.049	546.185	54492.7	-45509.5	-15598.4	148.678	154.23	0	-1.96E-05	1.15E-06	-1.04E-05	-4.29E-06
301	2	-14.534	-134.95	543.917	54299.7	-45277.3	-15537.5	148.757	154.169	0	-1.95E-05	7.15E-07	-7.61E-06	-5.87E-06
301	3	-14.1367	-134.94	541.493	54150.5	-45086.6	-15462.9	148.736	153.998	0	-1.95E-05	7.15E-07	-7.61E-06	-5.87E-06
301	4	-13.7394	-134.931	539.069	54001.4	-44896	-15388.3	148.716	153.825	0	-1.88E-05	-1.03E-06	-1.05E-05	-1.14E-05
301	5	-13.4702	-134.808	536.545	53772.5	-44708.1	-15347.2	148.674	153.78	0	-1.88E-05	-1.03E-06	-1.05E-05	-1.14E-05
301	6	-13.201	-134.686	534.02	53543.7	-44520.3	-15306.2	148.632	153.735	0	-1.97E-05	-9.56E-07	-1.39E-05	-1.01E-05
301	7	-12.8758	-134.511	531.474	53314.9	-44300.5	-15236.3	148.646	153.685	0	-2.07E-05	2.63E-07	-1.14E-05	-1.76E-05
301	8	-12.5506	-134.337	528.928	53086	-44080.8	-15166.4	148.66	153.635	0	-2.07E-05	2.63E-07	-1.14E-05	-1.76E-05
301	9	-12.2405	-134.188	526.057	52822	-43867.9	-15113.4	148.61	153.589	0	-2.33E-05	-2.17E-07	-7.93E-06	-3.18E-05
301	10	-11.9305	-134.04	523.186	52557.9	-43655	-15060.3	148.559	153.543	0	-2.33E-05	-2.17E-07	-7.93E-06	-3.18E-05
301	11	-11.665	-133.893	520.801	52355.6	-43396.7	-14982.2	148.673	153.471	0	-2.48E-05	-4.06E-07	-6.63E-06	-2.84E-05
301	12	-11.3996	-133.745	518.417	52153.4	-43138.4	-14904	148.788	153.399	0	-2.48E-05	-4.06E-07	-6.63E-06	-2.84E-05
301	13	-11.0481	-133.606	515.766	51917.8	-42936.1	-14824.5	148.753	153.338	0	-2.33E-05	3.14E-07	-9.28E-06	-1.85E-05
301	14	-10.6966	-133.467	513.114	51682.2	-42733.8	-14745.1	148.717	153.277	0	-2.33E-05	3.14E-07	-9.28E-06	-1.85E-05
301	15	-10.3656	-133.224	510.369	51469.4	-42508.1	-14684	148.711	153.153	0	-2.04E-05	1.57E-06	-1.02E-05	-1.76E-05
301	16	-10.0347	-132.98	507.625	51256.6	-42282.3	-14622.9	148.706	153.027	0	-2.01E-05	4.35E-06	-7.50E-06	-1.60E-05
301	17	-9.66631	-132.791	505.417	51024.8	-42053.2	-14564.1	148.795	153.044	0	-2.01E-05	4.35E-06	-7.50E-06	-1.60E-05
301	18	-9.29792	-132.602	503.209	50793.1	-41824.2	-14505.4	148.885	153.062	0	-2.23E-05	7.36E-06	-5.69E-06	-1.83E-05
301	19	-8.8923	-132.405	500.694	50540.5	-41600.3	-14427.4	148.915	153.059	0	-2.23E-05	7.36E-06	-5.69E-06	-1.83E-05
302	0	-8.48667	-132.207	498.178	50287.9	-41376.4	-14349.4	148.945	153.056	0	-1.73E-05	7.59E-06	-8.51E-06	-1.75E-05
302	1	-8.04334	-131.902	495.309	50024.4	-41104.9	-14284	149.012	153.004	0	-1.73E-05	7.59E-06	-8.51E-06	-1.75E-05
302	2	-7.6	-131.598	492.439	49760.8	-40833.3	-14218.6	149.079	152.95	0	-1.14E-05	3.54E-06	-8.35E-06	-1.28E-05
302	3	-7.2079	-131.352	489.783	49513.5	-40604.4	-14145.4	149.097	152.907	0	-1.14E-05	3.54E-06	-8.35E-06	-1.28E-05
302	4	-6.8158	-131.105	487.126	49266.2	-40375.6	-14072.2	149.115	152.864	0	-1.24E-05	1.70E-06	-9.14E-06	-1.07E-05
302	5	-6.46488	-130.771	484.44	49056	-40169.2	-14002	149.081	152.737	0	-1.41E-05	1.94E-06	-9.08E-06	-1.07E-05
302	6	-6.11397	-130.436	481.753	48845.7	-39962.8	-13931.8	149.047	152.609	0	-1.41E-05	1.94E-06	-9.08E-06	-1.07E-05
302	7	-5.76842	-130.236	479.217	48609.6	-39700.2	-13847.3	149.156	152.565	0	-1.77E-05	2.52E-06	-6.26E-06	-2.13E-05
302	8	-5.42288	-130.035	476.681	48373.5	-39437.7	-13762.9	149.266	152.52	0	-1.77E-05	2.52E-06	-6.26E-06	-2.13E-05
302	9	-5.13852	-129.77	473.786	48088.9	-39183.3	-13670.4	149.297	152.501	0	-2.12E-05	2.42E-06	-5.74E-06	-3.33E-05
302	10	-4.85416	-129.504	470.891	47804.4	-38929	-13577.8	149.329	152.481	0	-2.12E-05	2.42E-06	-5.74E-06	-3.33E-05
302	11	-4.55867	-129.181	467.687	47582.8	-38664	-13495.6	149.329	152.259	0	-2.23E-05	1.65E-06	-1.03E-06	-3.26E-05
302	12	-4.26318	-128.858	464.484	47361.2	-38399	-13413.5	149.33	152.035	0	-2.23E-05	1.65E-06	-1.03E-06	-3.26E-05
302	13	-3.80921	-128.564	461.302	47108.9	-38137.9	-13323.2	149.326	151.878	0	-2.14E-05	6.99E-07	-2.64E-06	-2.32E-05
302	14	-3.35525	-128.27	458.12	46856.7	-37876.9	-13233	149.321	151.72	0	-2.14E-05	2.43E-06	-1.13E-05	-5.94E-06
302	15	-2.86016	-127.861	455.324	46629.3	-37655.6	-13138.6	149.299	151.591	0	-2.14E-05	2.43E-06	-1.13E-05	-5.94E-06
302	16	-2.36507	-127.451	452.527	46401.9	-37434.4	-13044.2	149.277	151.461	0	-2.05E-05	6.17E-06	-1.14E-05	1.33E-06
302	17	-2.06176	-127.028	449.763	46099.4	-37192	-12951.6	149.308	151.503	0	-2.05E-05	6.17E-06	-1.14E-05	1.33E-06
302	18	-1.75846	-126.605	446.998	45797	-36949.5	-12859	149.339	151.545	0	-2.24E-05	7.99E-06	-9.47E-06	-1.30E-05
302	19	-1.39579	-126.21	444.038	45489.4	-36659.1	-12782.7	149.441	151.555	0	-2.24E-05	7.99E-06	-9.47E-06	-1.30E-05
303	0	-1.03312	-125.814	441.078	45181.8	-36368.8	-12706.5	149.546	151.565	0	-2.33E-05	8.32E-06	-9.85E-06	-2.10E-05
303	1	-0.59554	-125.295	437.675	44933.9	-36098.5	-12627.1	149.522	151.335	0	-2.33E-05	8.32E-06	-9.85E-06	-2.10E-05
303	2	-0.157961	-124.776	434.272	44686.1	-35828.3	-12547.8	149.498	151.101	0	-2.49E-05	6.71E-06	-9.10E-06	-1.85E-05
303	3	0.204682	-124.398	431.39	44394.2	-35581.1	-12444.4	149.52	151.09	0	-2.39E-05	5.68E-06	-6.45E-06	-1.35E-05
303	4	0.567325	-124.02	428.508	44102.3	-35333.9	-12341	149.542	151.079	0	-2.39E-05	5.68E-06	-6.45E-06	-1.35E-05
303	5	1.01101	-123.616	425.031	43838.3	-35070.3	-12251.4	149.488	150.859	0	-2.16E-05	5.49E-06	-7.27E-06	2.34E-07
303	6	1.4547	-123.211	421.555	43574.3	-34806.7	-12161.8	149.432	150.634	0	-2.16E-05	5.49E-06	-7.27E-06	2.34E-07
303	7	1.81085	-122.702	418.528	43296.4	-34509.5	-12053.4	149.546	150.551	0	-2.21E-05	4.96E-06	-9.86E-06	5.33E-06
303	8	2.167	-122.192	415.502	43018.4	-34212.2	-11945	149.661	150.466	0	-2.21E-05	4.96E-06	-9.86E-06	5.33E-06
303	9	2.56295	-121.584	412.75	42706.5	-33968.7	-11850.6	149.702	150.532	0	-2.16E-05	3.33E-06	-1.19E-05	-3.07E-06
303	10	2.9589	-120.976	409.998	42394.5	-33725.2	-11756.2	149.743	150.598	0	-2.16E-05	3.33E-06	-1.19E-05	-3.07E-06
303	11	3.36419	-120.509	406.895	42121.8	-33449.7	-11643	149.793	150.48	0	-2.13E-05	2.62E-06	-1.41E-05	-8.97E-06
303	12	3.76947	-120.041	403.792	41849	-33174.1	-11529.8	149.844	150.36	0	-2.10E-05	4.98E-06	-1.53E-05	-1.41E-06
303	13	4.15308	-119.437	400.079	41567.9	-32881.7	-11410.3	149.812	150.101	0	-2.10E-05	4.98E-06	-1.53E-05	-1.41E-06
303	14	4.53668	-118.832	396.367	41286.8	-32589.3	-11290.8	149.78	149.837	0	-2.14E-05	3.52E-06	-1.53E-05	-1.42E-06
303	15	4.87222	-118.304	392.855	40981.2	-32336.6	-11198.3	149.688	149.684	0	-2.14E-05	3.52E-06	-1.53E-05	-1.42E-06
303	16	5.20777	-117.777	389.344	40675.6	-32084	-11105.8	149.595	149.528	0	-2.31E-05	2.52E-06	-1.24E-05	-5.36E-06
303	17	5.49963	-117.025	386.425	40394.2	-31804.9	-11008.5	149.695	149.467	0	-2.31E-05	2.52E-06	-1.24E-05	-5.36E-06
303	18	5.79149	-116.273	383.507	40112.8	-31525.9	-10911.2	149.796	149.405	0	-2.38E-05	2.57E-06	-7.29E-06	-9.59E-06
303	19	6.15174	-115.537	380.263	39840.4	-31230.2	-10784.8	149.872	149.229	0	-2.38E-05	2.57E-06	-7.29E-06	-9.59E-06
304	0	6.512	-114.801	377.019	39568.1	-30934.6	-10658.3	149.95	149.05	0	-2.42E-05	3.07E-06	-7.84E-06	-1.97E-05
304	1	6.82824	-114.029	373.724	39282.7	-30677.6	-10519.2	149.914	148.888	0	-2.30E-05	4.73E-06	-9.27E-06	-3.23E-05
304	2	7.14449	-113.257	370.43	38997.3	-30420.5	-10380.1	149.878	148.724	0	-2.30E-05	4.73E-06	-9.27E-06	-3.23E-05
304	3	7.54008	-112.378	367.086	38646.1	-30159.7	-10250.5	149.84	148.722	0	-2.25E-05	6.54E-06	-1.40E-05	-3.37E-05
304	4	7.93567	-111.498	363.743	38294.9	-29898.9	-10120.8	149.802	148.72	0	-2.25E-05	6.54E-06	-1.40E-05	-3.37E-05
304	5	8.2575	-110.558	360.562	37998.4	-29627.4	-9994.26	149.83	148.613	0	-2.34E-05	4.43E-06	-1.70E-05	-2.09E-05
304	6	8.57933	-109.618	357.38	37701.9	-29356	-9867.73	149.858	148.505	0	-2.34E-05	4.43E-06	-1.70E-05	-2.09E-05
304	7	8.8232	-108.549	354.207	37419	-29097.8	-9740.64	149.851	148.358	0	-2.37E-05	4.25E-06	-1.45E-05	-1.10E-05
304	8	9.06708	-107.48	351.034	37136.1	-28839.6	-9613.55	149.844	148.209	0	-2.37E-05	4.25E-06	-1.45E-05	-1.10E-05
304	9	9.3146	-106.329	347.968	36831.9	-28542.5	-9467.73	149.974	148.151	0	-2.36E-05	6.35E-06	-9.12E-06	-9.56E-08
304	10	9.56211	-105.178	344.901	36527.7	-28245.5	-9321.9	150.106	148.092	0	-2.15E-05	5.35E-06	-3.80E-06	8.08E-06
304	11	9.96074	-103.857	341.524	36202.9	-27964.8	-9163.37	150.118	147.996	0	-2.15E-05	5.35E-06	-3.80E-06	8.08E-06
304	12	10.3594	-102.536	338.147	35878.2	-27684.2	-9004.83	150.13	147.898	0	-1.88E-05	6.16E-06	3.57E-07	6.19E-06
304	13	10.7996	-101.129	334.791	35558.9	-27388.5	-8825.13	150.192	147.788	0	-1.88E-05	6.16E-06	3.57E-07	6.19E-06
304	14	11.2399	-99.7226	331.435	35239.6	-27092.9	-8645.42	150.256	147.676	0	-2.10E-05	5.58E-06	-1.11E-06	-1.27E-06
304	15	11.4918	-98.3213	328.207	34955.4	-26814.9	-8497.94	150.299	147.496	0	-2.10E-05	5.58E-06	-1.11E-06	-1.27E-06
304	16	11.7437	-96.9201	324.979	34671.1	-26537	-8350.45	150.343	147.313	0	-2.12E-05	3.76E-06	-4.92E-06	-1.01E-05
304	17	12.1012	-95.5596	321.315	34384.5	-26272.3	-8171.96	150.235	146.988	0	-2.12E-05	3.76E-06	-4.92E-06	-1.01E-05
304	18	12.4587	-94.1992	317.65	34097.8	-26007.7	-7993.47	150.125	146.656	0	-2.13E-05	3.38E-06	-6.21E-06	-1.19E-05
304	19	12.7758	-93.2635	314.529	33801.5	-25721	-7903.97	150.224	146.533	0	-2.14E-05	4.53E-06	-6.50E-06	-1.32E-05
305	0	13.093	-92.3279	311.407	33505.2	-25434.4	-7814.46	150.324	146.407	0	-2.14E-05	4.53E-06	-6.50E-06	-1.32E-05
305	1	13.5549	-91.5961	307.547	33129.7	-25073.7	-7743.8	150.472	146.278	0	-2.20E-05	4.26E-06	-8.81E-06	-2.05E-05
305	2	14.0168	-90.8642	303.688	32754.2	-24713	-7673.15	150.624	146.145	0	-2.20E-05	4.26E-06	-8.81E-06	-2.05E-05
305	3	14.3936	-90.1745	299.773	32384.1	-24409.5	-7577.21	150.573	145.971	0	-2.20E-05	2.83E-06	-1.23E-05	-1.70E-05
305	4	14.7704	-89.4847	295.858	32014.1	-24106.1	-7481.28	150.522	145.793	0	-2.20E-05	2.83E-06	-1.23E-05	-1.70E-05
305	5	15.022	-88.774	292.206	31619.4	-23767.7	-7345.38	150.661	145.791	0	-1.99E-05	3.62E-06	-1.26E-05	-1.10E-05
305	6	15.2736	-88.0632	288.553	31224.6	-23429.3	-7209.48	150.804	145.789	0	-1.99E-05	3.62E-06	-1.26E-05	-1.10E-05
305	7	15.4626	-87.194	284.42	30817	-23101.3	-7084.93	150.778	145.65	0	-1.79E-05	3.16E-06	-1.10E-05	-9.74E-06
305	8	15.6517	-86.3248	280.288	30409.4	-22773.2	-6960.38	150.751	145.507	0	-1.96E-05	3.00E-06	-7.99E-06	-1.09E-05
305	9	15.8332	-85.6265	276.066	29991.9	-22465.3	-6853.88	150.623	145.36	0	-1.96E-05	3.00E-06	-7.99E-06	-1.09E-05
305	10	16.0147	-84.9281	271.844	29574.5	-22157.4	-6747.38	150.492	145.208	0	-2.09E-05	3.00E-06	-9.84E-06	-1.20E-05
305	11	16.2035	-84.1504	267.737	29193.2	-21833.8	-6647.71	150.45	144.963	0	-2.09E-05	3.00E-06	-9.84E-06	-1.20E-05
305	12	16.3923	-83.3728	263.63	28812	-21510.2	-6548.05	150.407	144.71	0	-1.98E-05	3.86E-06	-1.13E-05	-1.26E-05
305	13	16.6042	-82.5338	259.373	28411.4	-21171.4	-6429.73	150.375	144.461	0	-1.98E-05	3.86E-06	-1.13E-05	-1.26E-05
305	14	16.8161	-81.6948	255.117	28010.8	-20832.6	-6311.4	150.341	144.204	0	-2.07E-05	3.67E-06	-1.05E-05	-1.39E-05
305	15	16.9142	-80.6998	251.29	27607.2	-20534.5	-6194.94	150.284	144.138	0	-2.07E-05	3.67E-06	-1.05E-05	-1.39E-05
305	16	17.0124	-79.7049	247.463	27203.5	-20236.4	-6078.48	150.225	144.07	0	-2.10E-05	2.66E-06	-7.94E-06	-1.39E-05
305	17	17.1468	-78.8871	243.312	26808.4	-19903.7	-5983.77	150.197	143.819	0	-1.93E-05	3.55E-06	-8.32E-06	-1.36E-05
305	18	17.2813	-78.0693	239.161	26413.2	-19571	-5889.06	150.168	143.559	0	-1.93E-05	3.55E-06	-8.32E-06	-1.36E-05
305	19	17.5138	-77.1983	235.592	26036	-19261.1	-5788.79	150.244	143.487	0	-2.04E-05	3.67E-06	-8.07E-06	-1.43E-05
306	0	17.7462	-76.3272	232.022	25658.7	-18951.3	-5688.52	150.321	143.412	0	-2.04E-05	3.67E-06	-8.07E-06	-1.43E-05
306	1	17.9491	-75.2316	228.306	25293.7	-18646.3	-5577.82	150.328	143.211	0	-2.09E-05	3.65E-06	-3.09E-06	-1.67E-05
306	2	18.1519	-74.136	224.59	24928.7	-18341.3	-5467.12	150.334	143.004	0	-2.09E-05	3.65E-06	-3.09E-06	-1.67E-05
306	3	18.2841	-73.0433	221.23	24605.7	-18018.1	-5357	150.555	142.777	0	-2.06E-05	4.44E-06	-3.27E-06	-1.71E-05
306	4	18.4163	-71.9506	217.869	24282.7	-17694.9	-5246.88	150.782	142.544	0	-2.06E-05	4.44E-06	-3.27E-06	-1.71E-05
306	5	18.5634	-70.8799	213.874	23913	-17369.9	-5160.35	150.784	142.191	0	-2.10E-05	4.82E-06	-8.09E-06	-1.70E-05
306	6	18.7104	-69.8092	209.879	23543.2	-17044.9	-5073.81	150.787	141.825	0	-2.31E-05	4.82E-06	-1.03E-05	-1.33E-05
306	7	18.8315	-68.8892	206.299	23167.9	-16712.2	-4981.52	150.99	141.698	0	-2.31E-05	4.82E-06	-1.03E-05	-1.33E-05
306	8	18.9527	-67.9692	202.72	22792.6	-16379.6	-4889.23	151.201	141.566	0	-2.35E-05	6.69E-06	-1.10E-05	-1.11E-05
306	9	19.0915	-67.068	199.138	22408.9	-16127.5	-4791.6	151.013	141.47	0	-2.35E-05	6.69E-06	-1.10E-05	-1.11E-05
306	10	19.2303	-66.1667	195.555	22025.2	-15875.4	-4693.97	150.819	141.371	0	-2.35E-05	7.41E-06	-1.14E-05	-8.74E-06
306	11	19.1758	-65.2535	191.819	21658.6	-15592.4	-4583.78	150.713	141.088	0	-2.35E-05	7.41E-06	-1.14E-05	-8.74E-06
306	12	19.1213	-64.3403	188.083	21292	-15309.5	-4473.58	150.603	140.794	0	-2.44E-05	6.45E-06	-1.13E-05	-1.24E-05
306	13	18.9749	-63.3916	184.602	20925.2	-15021.5	-4397.54	150.627	140.647	0	-2.44E-05	6.45E-06	-1.13E-05	-1.24E-05
306	14	18.8285	-62.4429	181.12	20558.4	-14733.6	-4321.5	150.653	140.493	0	-2.47E-05	5.53E-06	-1.15E-05	-1.61E-05
306	15	18.8601	-61.8004	177.677	20183.4	-14498	-4249.69	150.402	140.404	0	-2.24E-05	3.48E-06	-1.28E-05	-1.41E-05
306	16	18.8917	-61.1578	174.233	19808.4	-14262.5	-4177.88	150.141	140.311	0	-2.24E-05	3.48E-06	-1.28E-05	-1.41E-05
306	17	18.8507	-60.3545	170.459	19467.5	-13983.4	-4061.72	149.966	139.794	0	-2.05E-05	3.31E-06	-1.59E-05	-1.30E-05
306	18	18.8097	-59.5513	166.685	19126.7	-13704.4	-3945.57	149.783	139.253	0	-2.05E-05	3.31E-06	-1.59E-05	-1.30E-05
306	19	18.7514	-58.6024	164.038	18803.9	-13474.7	-3844.45	149.857	139.369	0	-1.95E-05	3.91E-06	-1.53E-05	-1.29E-05
307	0	18.6931	-57.6536	161.391	18481.1	-13244.9	-3743.34	149.933	139.489	0	-1.95E-05	3.91E-06	-1.53E-05	-1.29E-05
307	1	18.7368	-56.714	158.495	18160.1	-13029	-3674.16	149.796	139.421	0	-1.87E-05	3.29E-06	-1.11E-05	-1.49E-05
307	2	18.7805	-55.7745	155.598	17839.2	-12813	-3604.98	149.654	139.351	0	-1.87E-05	3.29E-06	-1.11E-05	-1.49E-05
307	3	18.7153	-55.0164	152.945	17500	-12525.5	-3559.85	150.105	139.58	0	-1.94E-05	3.67E-06	-8.41E-06	-1.66E-05
307	4	18.6501	-54.2584	150.292	17160.8	-12237.9	-3514.73	150.572	139.817	0	-2.04E-05	2.49E-06	-7.68E-06	-1.54E-05
307	5	18.5509	-53.2744	147.674	16854	-11983.1	-3418.68	150.855	139.871	0	-2.04E-05	2.49E-06	-7.68E-06	-1.54E-05
307	6	18.4518	-52.2905	145.057	16547.2	-11728.2	-3322.64	151.147	139.926	0	-2.09E-05	2.30E-06	-8.07E-06	-1.24E-05
307	7	18.4362	-51.2572	142.272	16278.2	-11500.4	-3234.94	151.166	139.584	0	-2.09E-05	2.30E-06	-8.07E-06	-1.24E-05
307	8	18.4207	-50.2239	139.486	16009.2	-11272.5	-3147.23	151.186	139.228	0	-2.05E-05	1.89E-06	-5.82E-06	-7.55E-06
307	9	18.3423	-49.3746	137.109	15720.9	-11095.8	-3095.57	151.073	139.34	0	-2.05E-05	1.89E-06	-5.82E-06	-7.55E-06
307	10	18.2639	-48.5254	134.731	15432.6	-10919	-3043.9	150.957	139.457	0	-1.93E-05	1.57E-06	-4.23E-06	-8.82E-06
307	11	18.0625	-47.6523	132.7	15196.5	-10715	-2981.08	151.254	139.482	0	-1.93E-05	1.57E-06	-4.23E-06	-8.82E-06
307	12	17.8611	-46.7792	130.669	14960.5	-10511	-2918.26	151.56	139.509	0	-1.94E-05	3.96E-06	-8.25E-06	-1.63E-05
307	13	17.7281	-45.8765	128.289	14675.9	-10333.3	-2847.08	151.453	139.604	0	-2.01E-05	4.73E-06	-7.51E-06	-1.57E-05
307	14	17.5952	-44.9738	125.91	14391.3	-10155.6	-2775.9	151.342	139.702	0	-2.01E-05	4.73E-06	-7.51E-06	-1.57E-05
307	15	17.3835	-44.2443	123.031	14109.2	-9969.25	-2716.91	150.969	139.32	0	-2.08E-05	5.87E-06	-8.30E-06	-1.25E-05
307	16	17.1718	-43.5148	120.152	13827.1	-9782.91	-2657.93	150.579	138.92	0	-2.08E-05	5.87E-06	-8.30E-06	-1.25E-05
307	17	16.9982	-42.9302	117.66	13534.1	-9602.25	-2610.86	150.39	138.973	0	-2.15E-05	5.36E-06	-8.36E-06	-1.38E-05
307	18	16.8246	-42.3455	115.169	13241	-9421.59	-2563.79	150.193	139.029	0	-2.15E-05	5.36E-06	-8.36E-06	-1.38E-05
307	19	16.4273	-41.5929	112.904	13008	-9248.03	-2537.68	150.09	138.787	0	-2.05E-05	2.42E-06	-6.45E-06	-1.05E-05
308	0	16.03	-40.8403	110.64	12775	-9074.47	-2511.58	149.982	138.535	0	-2.05E-05	2.42E-06	-6.45E-06	-1.05E-05
308	1	15.8257	-40.0571	108.505	12500.2	-8941.71	-2433.75	149.592	138.796	0	-1.97E-05	2.80E-06	-7.89E-06	-8.84E-06
308	2	15.6213	-39.2739	106.371	12225.5	-8808.96	-2355.91	149.186	139.067	0	-1.90E-05	2.54E-06	-7.84E-06	-1.23E-05
308	3	15.4235	-38.5651	104.756	11961.2	-8626.2	-2306.97	149.655	139.819	0	-1.90E-05	2.54E-06	-7.84E-06	-1.23E-05
308	4	15.2257	-37.8563	103.142	11696.8	-8443.44	-2258.02	150.137	140.595	0	-1.92E-05	3.15E-06	-7.68E-06	-1.23E-05
308	5	15.0645	-37.1518	100.562	11498.2	-8290.33	-2239.71	149.56	139.661	0	-1.92E-05	3.15E-06	-7.68E-06	-1.23E-05
308	6	14.9034	-36.4474	97.9832	11299.6	-8137.22	-2221.39	148.953	138.679	0	-2.05E-05	5.78E-06	-8.61E-06	-1.51E-05
308	7	14.7074	-35.582	96.6005	11069.9	-7923.49	-2205.85	149.977	139.405	0	-2.05E-05	5.78E-06	-8.61E-06	-1.51E-05
308	8	14.5114	-34.7166	95.2177	10840.3	-7709.77	-2190.31	151.03	140.153	0	-2.01E-05	5.35E-06	-1.01E-05	-1.69E-05
308	9	14.3749	-33.8996	93.4338	10613.6	-7541.28	-2154.05	151.287	140.405	0	-2.01E-05	5.35E-06	-1.01E-05	-1.69E-05
308	10	14.2384	-33.0825	91.6498	10387	-7372.8	-2117.78	151.555	140.667	0	-1.89E-05	6.36E-06	-1.14E-05	-1.64E-05
308	11	13.9274	-32.3855	89.6186	10180.7	-7204.41	-2076.04	151.61	140.4	0	-1.84E-05	7.10E-06	-9.78E-06	-1.59E-05
308	12	13.6163	-31.6884	87.5874	9974.39	-7036.02	-2034.29	151.669	140.121	0	-1.84E-05	7.10E-06	-9.78E-06	-1.59E-05
308	13	13.408	-31.0737	85.7151	9727.1	-6889.45	-2012.65	151.624	140.518	0	-1.95E-05	6.43E-06	-8.37E-06	-1.22E-05
308	14	13.1997	-30.459	83.8428	9479.82	-6742.88	-1991	151.577	140.933	0	-1.95E-05	6.43E-06	-8.37E-06	-1.22E-05
308	15	13.0412	-29.7509	82.3963	9278.5	-6561.75	-1959.69	152.364	141.392	0	-2.06E-05	6.81E-06	-1.04E-05	-8.33E-06
308	16	12.8828	-29.0428	80.9499	9077.18	-6380.62	-1928.38	153.178	141.867	0	-2.06E-05	6.81E-06	-1.04E-05	-8.33E-06
308	17	12.5998	-28.3038	78.7091	8860.2	-6248	-1873.66	152.619	141.431	0	-2.16E-05	7.48E-06	-1.15E-05	-1.11E-05
308	18	12.3168	-27.5648	76.4683	8643.22	-6115.37	-1818.94	152.027	140.97	0	-2.16E-05	7.48E-06	-1.15E-05	-1.11E-05
308	19	12.0424	-27.0412	74.7067	8456.14	-5974.36	-1796.6	152.029	140.809	0	-2.11E-05	7.91E-06	-1.32E-05	-1.15E-05
309	0	11.7681	-26.5176	72.9451	8269.05	-5833.36	-1774.25	152.031	140.64	0	-2.06E-05	6.90E-06	-1.40E-05	-7.51E-06
309	1	11.4896	-25.9873	71.0513	8043.04	-5698.23	-1751.71	151.801	140.8	0	-2.06E-05	6.90E-06	-1.40E-05	-7.51E-06
309	2	11.2111	-25.4569	69.1575	7817.03	-5563.11	-1729.17	151.559	140.968	0	-2.05E-05	6.02E-06	-1.39E-05	-9.38E-06
309	3	10.9589	-24.9634	67.4106	7586.97	-5421.51	-1701.66	151.575	141.451	0	-2.05E-05	6.02E-06	-1.39E-05	-9.38E-06
309	4	10.7068	-24.47	65.6637	7356.92	-5279.92	-1674.16	151.592	141.961	0	-2.18E-05	5.90E-06	-1.14E-05	-9.95E-06
309	5	10.4514	-23.8157	64.2873	7164.09	-5167.25	-1640.82	151.623	142.561	0	-2.18E-05	5.90E-06	-1.14E-05	-9.95E-06
309	6	10.1959	-23.1614	62.9109	6971.26	-5054.58	-1607.48	151.655	143.188	0	-2.21E-05	5.90E-06	-9.51E-06	-8.13E-06
309	7	9.97879	-22.663	61.3946	6827.34	-4926.58	-1590.65	151.755	142.796	0	-2.21E-05	5.90E-06	-9.51E-06	-8.13E-06
309	8	9.76164	-22.1645	59.8782	6683.43	-4798.58	-1573.81	151.861	142.383	0	-2.08E-05	4.96E-06	-6.33E-06	-8.38E-06
309	9	9.57338	-21.6273	58.2625	6483.66	-4675.41	-1547.95	151.753	142.716	0	-2.01E-05	4.41E-06	-7.25E-06	-1.44E-05
309	10	9.38512	-21.0901	56.6468	6283.89	-4552.24	-1522.08	151.638	143.069	0	-2.01E-05	4.41E-06	-7.25E-06	-1.44E-05
309	11	9.25525	-20.4214	55.2708	6119.32	-4441.13	-1492.51	151.648	143.285	0	-2.30E-05	3.86E-06	-8.86E-06	-2.08E-05
309	12	9.12539	-19.7527	53.8948	5954.76	-4330.01	-1462.94	151.658	143.511	0	-2.30E-05	3.86E-06	-8.86E-06	-2.08E-05
309	13	9.0361	-19.1758	52.4525	5804.47	-4173.92	-1418.88	152.425	143.339	0	-2.27E-05	4.60E-06	-1.13E-05	-1.78E-05
309	14	8.94682	-18.5989	51.0103	5654.18	-4017.82	-1374.81	153.235	143.156	0	-2.27E-05	4.60E-06	-1.13E-05	-1.78E-05
309	15	8.77885	-18.1212	49.5922	5481.22	-3875.37	-1357.74	153.855	143.474	0	-2.11E-05	2.56E-06	-9.32E-06	-1.65E-05
309	16	8.61088	-17.6436	48.174	5308.25	-3732.91	-1340.67	154.512	143.811	0	-2.11E-05	2.56E-06	-9.32E-06	-1.65E-05
309	17	8.3983	-17.1409	46.894	5150.76	-3632.66	-1343.55	154.535	144.162	0	-2.19E-05	-2.17E-07	-7.10E-06	-1.56E-05
309	18	8.18572	-16.6383	45.6139	4993.27	-3532.42	-1346.44	154.558	144.532	0	-2.35E-05	-4.06E-07	-8.61E-06	-1.35E-05
309	19	8.024	-16.19	44.4841	4846.04	-3420.31	-1308.04	155.112	145.061	0	-2.35E-05	-4.06E-07	-8.61E-06	-1.35E-05
310	0	7.86228	-15.7418	43.3543	4698.82	-3308.2	-1269.65	155.694	145.618	0	-2.24E-05	6.08E-07	-9.95E-06	-1.32E-05
310	1	7.84882	-15.3104	42.2396	4480.58	-3197.08	-1257.62	156.311	147.925	0	-2.24E-05	6.08E-07	-9.95E-06	-1.32E-05
310	2	7.83536	-14.879	41.125	4262.34	-3085.97	-1245.6	156.961	150.356	0	-2.17E-05	3.34E-06	-9.55E-06	-1.23E-05
310	3	7.65054	-14.6145	40.0639	4128.47	-2997.39	-1226.41	157.185	150.953	0	-2.17E-05	3.34E-06	-9.55E-06	-1.23E-05
310	4	7.46573	-14.35	39.0029	3994.6	-2908.81	-1207.22	157.421	151.582	0	-2.20E-05	4.29E-06	-4.85E-06	-1.03E-05
310	5	7.3819	-14.0741	37.2393	3844.68	-2798.29	-1179.12	156.857	150.757	0	-2.20E-05	4.29E-06	-4.85E-06	-1.03E-05
310	6	7.29806	-13.7982	35.4757	3694.77	-2687.77	-1151.02	156.236	149.851	0	-2.09E-05	4.60E-06	-1.13E-06	-8.92E-06
310	7	7.08822	-13.3372	34.3022	3576.8	-2597.83	-1117.26	156.266	149.727	0	-2.05E-05	2.95E-06	-3.20E-06	-1.01E-05
310	8	6.87838	-12.8761	33.1287	3458.84	-2507.88	-1083.5	156.299	149.594	0	-2.05E-05	2.95E-06	-3.20E-06	-1.01E-05
310	9	6.78037	-12.5135	31.982	3286.63	-2451.66	-1079.69	155.343	151.235	0	-1.95E-05	2.62E-06	-5.50E-06	-1.03E-05
310	10	6.68235	-12.1509	30.8354	3114.42	-2395.43	-1075.89	154.316	152.999	0	-1.95E-05	2.62E-06	-5.50E-06	-1.03E-05
310	11	6.61662	-11.7626	29.8506	2981.22	-2301.43	-1066.13	154.902	154.129	0	-1.86E-05	3.21E-06	-7.22E-06	-1.05E-05
310	12	6.55088	-11.3742	28.8658	2848.03	-2207.43	-1056.37	155.528	155.336	0	-1.86E-05	3.21E-06	-7.22E-06	-1.05E-05
310	13	6.49121	-11.0222	28.122	2725.92	-2133.7	-1028.81	156.127	157.068	0	-1.97E-05	3.58E-06	-7.17E-06	-1.13E-05
310	14	6.43154	-10.6702	27.3781	2603.81	-2059.97	-1001.26	156.758	158.894	0	-1.97E-05	3.58E-06	-7.17E-06	-1.13E-05
310	15	6.39489	-10.2652	26.5187	2498.88	-1987.12	-994.252	157.067	159.769	0	-2.06E-05	5.11E-06	-7.15E-06	-1.17E-05
310	16	6.35823	-9.8603	25.6593	2393.96	-1914.27	-987.248	157.397	160.702	0	-1.89E-05	6.91E-06	-8.61E-06	-1.25E-05
310	17	6.3133	-9.59403	24.6444	2269.82	-1842.84	-978.41	157.223	161.897	0	-1.89E-05	6.91E-06	-8.61E-06	-1.25E-05
310	18	6.26836	-9.32775	23.6295	2145.68	-1771.4	-969.572	157.034	163.195	0	-2.06E-05	8.99E-06	-7.84E-06	-1.37E-05
310	19	6.16846	-9.14396	22.6688	2013.82	-1698.65	-967.729	157.066	165.163	0	-2.06E-05	8.99E-06	-7.84E-06	-1.37E-05
311	0	6.06856	-8.96017	21.7081	1881.95	-1625.91	-965.885	157.101	167.306	0	-2.20E-05	8.58E-06	-7.26E-06	-1.32E-05
311	1	5.22195	-7.56387	18.4688	1558.87	-1362.46	-827.06	158.229	169.595	0	-2.20E-05	8.58E-06	-7.26E-06	-1.32E-05
311	2	4.37533	-6.16758	15.2295	1235.78	-1099.02	-688.236	159.836	172.856	0	-2.18E-05	8.85E-06	-5.64E-06	-1.25E-05
311	3	2.18767	-3.08379	7.61475	617.889	-549.511	-344.118	159.836	172.856	0	-2.18E-05	8.85E-06	-5.64E-06	-1.25E-05
311	4	0	0	0	0	0	0	232	254	0	-2.08E-05	9.67E-06	-6.01E-06	-1.22E-05
311	5	0	0	0	0	0	0	232	254	0	-1.96E-05	9.77E-06	-4.89E-06	-1.20E-05
311	6	0	0	0	0	0	0	232	254	0	-1.96E-05	9.77E-06	-4.89E-06	-1.20E-05
311	7	0	0	0	0	0	0	232	254	0	-1.97E-05	6.61E-06	-5.11E-06	-1.34E-05
311	8	0	0	0	0	0	0	232	254	0	-1.97E-05	6.61E-06	-5.11E-06	-1.34E-05
311	9	0	0	0	0	0	0	232	254	0	-2.00E-05	3.47E-06	-5.83E-06	-1.43E-05
311	10	0	0	0	0	0	0	232	254	0	-2.00E-05	3.47E-06	-5.83E-06	-1.43E-05
311	11	0	0	0	0	0	0	232	254	0	-2.01E-05	-1.99E-07	-7.58E-06	-1.45E-05
311	12	0	0	0	0	0	0	232	254	0	-2.01E-05	-1.99E-07	-7.58E-06	-1.45E-05
311	13	0	0	0	0	0	0	232	254	0	-1.91E-05	-2.72E-06	-7.70E-06	-1.36E-05
311	14	0	0	0	0	0	0	232	254	0	-1.93E-05	-4.87E-06	-7.90E-06	-1.20E-05
311	15	0	0	0	0	0	0	232	254	0	-1.93E-05	-4.87E-06	-7.90E-06	-1.20E-05
311	16	0	0	0	0	0	0	232	254	0	-2.04E-05	-4.57E-06	-1.02E-05	-1.26E-05
311	17	0	0	0	0	0	0	232	254	0	-2.04E-05	-4.57E-06	-1.02E-05	-1.26E-05
311	18	0	0	0	0	0	0	232	254	0	-2.06E-05	-2.46E-06	-1.16E-05	-1.46E-05
311	19	0	0	0	0	0	0	232	254	0	-2.06E-05	-2.46E-06	-1.16E-05	-1.46E-05
312	0	0	0	0	0	0	0	232	254	0	-2.04E-05	-2.17E-07	-1.08E-05	-1.45E-05
312	1	0	0	0	0	0	0	232	254	0	-2.04E-05	-2.17E-07	-1.08E-05	-1.45E-05
312	2	0	0	0	0	0	0	232	254	0	-2.05E-05	-5.28E-07	-1.05E-05	-1.34E-05
312	3	0	0	0	0	0	0	232	254	0	-1.98E-05	-2.56E-07	-1.23E-05	-1.28E-05
312	4	0	0	0	0	0	0	232	254	0	-1.98E-05	-2.56E-07	-1.23E-05	-1.28E-05
312	5	0	0	0	0	0	0	232	254	0	-2.07E-05	2.57E-06	-1.31E-05	-1.41E-05
312	6	0	0	0	0	0	0	232	254	0	-2.07E-05	2.57E-06	-1.31E-05	-1.41E-05
312	7	0	0	0	0	0	0	232	254	0	-2.09E-05	4.97E-06	-1.59E-05	-1.64E-05
312	8	0	0	0	0	0	0	232	254	0	-2.09E-05	4.97E-06	-1.59E-05	-1.64E-05
312	9	0	0	0	0	0	0	232	254	0	-2.06E-05	6.05E-06	-1.66E-05	-1.65E-05
312	10	0	0	0	0	0	0	232	254	0	-2.06E-05	6.05E-06	-1.66E-05	-1.65E-05
312	11	0	0	0	0	0	0	232	254	0	-2.06E-05	9.58E-06	-1.36E-05	-1.29E-05
312	12	0	0	0	0	0	0	232	254	0	-2.11E-05	1.30E-05	-8.41E-06	-9.28E-06
312	13	0	0	0	0	0	0	232	254	0	-2.11E-05	1.30E-05	-8.41E-06	-9.28E-06
312	14	0	0	0	0	0	0	232	254	0	-1.97E-05	1.50E-05	-5.44E-06	-1.09E-05
312	15	0	0	0	0	0	0	232	254	0	-1.97E-05	1.50E-05	-5.44E-06	-1.09E-05
312	16	0	0	0	0	0	0	232	254	0	-2.03E-05	1.29E-05	-5.01E-06	-1.31E-05
312	17	0	0	0	0	0	0	232	254	0	-2.03E-05	1.29E-05	-5.01E-06	-1.31E-05
312	18	0	0	0	0	0	0	232	254	0	-2.00E-05	1.24E-05	-6.44E-06	-1.30E-05
312	19	0	0	0	0	0	0	232	254	0	-2.00E-05	1.24E-05	-6.44E-06	-1.30E-05
313	0	0	0	0	0	0	0	232	254	0	-2.03E-05	1.62E-05	-1.01E-05	-1.10E-05
313	1	0	0	0	0	0	0	232	254	0	-2.01E-05	1.61E-05	-1.22E-05	-9.62E-06
313	2	0	0	0	0	0	0	232	254	0	-2.01E-05	1.61E-05	-1.22E-05	-9.62E-06
313	3	0	0	0	0	0	0	232	254	0	-2.11E-05	1.44E-05	-1.10E-05	-1.19E-05
313	4	0	0	0	0	0	0	232	254	0	-2.11E-05	1.44E-05	-1.10E-05	-1.19E-05
313	5	0	0	0	0	0	0	232	254	0	-2.14E-05	1.45E-05	-8.09E-06	-1.17E-05
313	6	0	0	0	0	0	0	232	254	0	-2.14E-05	1.45E-05	-8.09E-06	-1.17E-05
313	7	0	0	0	0	0	0	232	254	0	-1.96E-05	1.15E-05	-1.07E-05	-1.13E-05
313	8	0	0	0	0	0	0	232	254	0	-1.96E-05	1.15E-05	-1.07E-05	-1.13E-05
313	9	0	0	0	0	0	0	232	254	0	-1.92E-05	8.62E-06	-1.30E-05	-1.16E-05
313	10	0	0	0	0	0	0	232	254	0	-1.92E-05	5.72E-06	-1.26E-05	-1.16E-05
313	11	0	0	0	0	0	0	232	254	0	-1.92E-05	5.72E-06	-1.26E-05	-1.16E-05
313	12	0	0	0	0	0	0	232	254	0	-1.83E-05	3.79E-06	-1.16E-05	-1.29E-05
313	13	0	0	0	0	0	0	232	254	0	-1.83E-05	3.79E-06	-1.16E-05	-1.29E-05
313	14	0	0	0	0	0	0	232	254	0	-1.84E-05	3.50E-06	-9.46E-06	-1.29E-05
313	15	0	0	0	0	0	0	232	254	0	-1.84E-05	3.50E-06	-9.46E-06	-1.29E-05
313	16	0	0	0	0	0	0	232	254	0	-1.95E-05	4.27E-06	-6.83E-06	-1.16E-05
313	17	0	0	0	0	0	0	232	254	0	-1.95E-05	4.27E-06	-6.83E-06	-1.16E-05
313	18	0	0	0	0	0	0	232	254	0	-2.10E-05	3.86E-06	-6.45E-06	-1.16E-05
313	19	0	0	0	0	0	0	232	254	0	-2.12E-05	5.31E-06	-6.02E-06	-1.15E-05
314	0	0	0	0	0	0	0	232	254	0	-2.12E-05	5.31E-06	-6.02E-06	-1.15E-05
314	1	0	0	0	0	0	0	232	254	0	-2.05E-05	7.96E-06	-7.18E-06	-1.10E-05
314	2	0	0	0	0	0	0	232	254	0	-2.05E-05	7.96E-06	-7.18E-06	-1.10E-05
314	3	0	0	0	0	0	0	232	254	0	-2.08E-05	8.12E-06	-8.72E-06	-1.18E-05
314	4	0	0	0	0	0	0	232	254	0	-2.08E-05	8.12E-06	-8.72E-06	-1.18E-05
314	5	0	0	0	0	0	0	232	254	0	-2.18E-05	6.23E-06	-7.99E-06	-1.33E-05
314	6	0	0	0	0	0	0	232	254	0	-2.18E-05	6.23E-06	-7.99E-06	-1.33E-05
314	7	0	0	0	0	0	0	232	254	0	-2.27E-05	3.95E-06	-1.00E-05	-1.45E-05
314	8	0	0	0	0	0	0	232	254	0	-2.12E-05	1.39E-06	-1.19E-05	-1.55E-05
314	9	0	0	0	0	0	0	232	254	0	-2.12E-05	1.39E-06	-1.19E-05	-1.55E-05
314	10	0	0	0	0	0	0	232	254	0	-2.15E-05	5.98E-07	-7.50E-06	-1.47E-05
314	11	0	0	0	0	0	0	232	254	0	-2.15E-05	5.98E-07	-7.50E-06	-1.47E-05
314	12	0	0	0	0	0	0	232	254	0	-2.28E-05	7.00E-08	-6.21E-06	-1.31E-05
314	13	0	0	0	0	0	0	232	254	0	-2.28E-05	7.00E-08	-6.21E-06	-1.31E-05
314	14	0	0	0	0	0	0	232	254	0	-2.33E-05	-6.75E-07	-6.21E-06	-1.31E-05
314	15	0	0	0	0	0	0	232	254	0	-2.33E-05	-6.75E-07	-6.21E-06	-1.31E-05
314	16	0	0	0	0	0	0	232	254	0	-2.24E-05	-1.65E-06	-6.31E-06	-1.41E-05
314	17	0	0	0	0	0	0	232	254	0	-2.31E-05	-1.31E-06	-7.47E-06	-1.34E-05
314	18	0	0	0	0	0	0	232	254	0	-2.31E-05	-1.31E-06	-7.47E-06	-1.34E-05
314	19	0	0	0	0	0	0	232	254	0	-2.38E-05	-3.15E-07	-1.11E-05	-1.51E-05
315	0	0	0	0	0	0	0	232	254	0	-2.38E-05	-3.15E-07	-1.11E-05	-1.51E-05
315	1	0	0	0	0	0	0	232	254	0	-2.26E-05	-1.13E-06	-1.22E-05	-1.38E-05
315	2	0	0	0	0	0	0	232	254	0	-2.26E-05	-1.13E-06	-1.22E-05	-1.38E-05
315	3	0	0	0	0	0	0	232	254	0	-2.30E-05	-7.41E-07	-1.12E-05	-1.22E-05
315	4	0	0	0	0	0	0	232	254	0	-2.30E-05	-7.41E-07	-1.12E-05	-1.22E-05
315	5	0	0	0	0	0	0	232	254	0	-2.29E-05	-5.84E-07	-1.25E-05	-1.15E-05
315	6	0	0	0	0	0	0	232	254	0	-2.14E-05	-2.95E-06	-1.39E-05	-1.11E-05
315	7	0	0	0	0	0	0	232	254	0	-2.14E-05	-2.95E-06	-1.39E-05	-1.11E-05
315	8	0	0	0	0	0	0	232	254	0	-1.99E-05	-2.37E-06	-1.18E-05	-1.06E-05
315	9	0	0	0	0	0	0	232	254	0	-1.99E-05	-2.37E-06	-1.18E-05	-1.06E-05
315	10	0	0	0	0	0	0	232	254	0	-2.12E-05	-1.36E-06	-1.33E-05	-1.07E-05
315	11	0	0	0	0	0	0	232	254	0	-2.12E-05	-1.36E-06	-1.33E-05	-1.07E-05
315	12	0	0	0	0	0	0	232	254	0	-2.15E-05	1.33E-07	-1.34E-05	-1.16E-05
315	13	0	0	0	0	0	0	232	254	0	-2.15E-05	1.33E-07	-1.34E-05	-1.16E-05
315	14	0	0	0	0	0	0	232	254	0	-2.03E-05	3.76E-06	-1.18E-05	-1.19E-05
315	15	0	0	0	0	0	0	232	254	0	-2.02E-05	3.09E-06	-1.04E-05	-1.19E-05
315	16	0	0	0	0	0	0	232	254	0	-2.02E-05	3.09E-06	-1.04E-05	-1.19E-05
315	17	0	0	0	0	0	0	232	254	0	-2.18E-05	2.76E-06	-7.13E-06	-1.17E-05
315	18	0	0	0	0	0	0	232	254	0	-2.18E-05	2.76E-06	-7.13E-06	-1.17E-05
315	19	0	0	0	0	0	0	232	254	0	-2.16E-05	4.20E-06	-4.26E-06	-1.28E-05
316	0	0	0	0	0	0	0	232	254	0	-2.16E-05	4.20E-06	-4.26E-06	-1.28E-05
316	1	0	0	0	0	0	0	232	254	0	-1.99E-05	3.80E-06	-7.85E-06	-1.37E-05
316	2	0	0	0	0	0	0	232	254	0	-1.99E-05	3.80E-06	-7.85E-06	-1.37E-05
316	3	0	0	0	0	0	0	232	254	0	-1.99E-05	1.56E-06	-9.32E-06	-1.25E-05
316	4	0	0	0	0	0	0	232	254	0	-2.13E-05	1.94E-06	-8.50E-06	-1.31E-05
316	5	0	0	0	0	0	0	232	254	0	-2.13E-05	1.94E-06	-8.50E-06	-1.31E-05
316	6	0	0	0	0	0	0	232	254	0	-2.22E-05	2.62E-06	-1.24E-05	-1.45E-05
316	7	0	0	0	0	0	0	232	254	0	-2.22E-05	2.62E-06	-1.24E-05	-1.45E-05
316	8	0	0	0	0	0	0	232	254	0	-2.13E-05	3.34E-06	-1.35E-05	-1.59E-05
316	9	0	0	0	0	0	0	232	254	0	-2.13E-05	3.34E-06	-1.35E-05	-1.59E-05
316	10	0	0	0	0	0	0	232	254	0	-2.12E-05	4.15E-06	-1.02E-05	-1.52E-05
316	11	0	0	0	0	0	0	232	254	0	-2.12E-05	4.15E-06	-1.02E-05	-1.52E-05
316	12	0	0	0	0	0	0	232	254	0	-2.24E-05	3.86E-06	-5.92E-06	-1.28E-05
316	13	0	0	0	0	0	0	232	254	0	-2.16E-05	3.86E-06	-4.39E-06	-1.40E-05
316	14	0	0	0	0	0	0	232	254	0	-2.16E-05	3.86E-06	-4.39E-06	-1.40E-05
316	15	0	0	0	0	0	0	232	254	0	-2.11E-05	4.01E-06	-6.32E-06	-1.40E-05
316	16	0	0	0	0	0	0	232	254	0	-2.11E-05	4.01E-06	-6.32E-06	-1.40E-05
316	17	0	0	0	0	0	0	232	254	0	-2.17E-05	4.60E-06	-1.13E-05	-1.22E-05
316	18	0	0	0	0	0	0	232	254	0	-2.17E-05	4.60E-06	-1.13E-05	-1.22E-05
316	19	0	0	0	0	0	0	232	254	0	-2.19E-05	2.85E-06	-1.38E-05	-1.06E-05
317	0	0	0	0	0	0	0	232	254	0	-2.19E-05	2.85E-06	-1.38E-05	-1.06E-05
317	1	0	0	0	0	0	0	232	254	0	-2.12E-05	2.04E-06	-1.34E-05	-8.56E-06
317	2	0	0	0	0	0	0	232	254	0	-2.02E-05	3.21E-06	-3.38E-06	-7.65E-06
317	3	0	0	0	0	0	0	232	254	0	-2.02E-05	3.21E-06	-3.38E-06	-7.65E-06
317	4	0	0	0	0	0	0	232	254	0	-1.99E-05	3.23E-06	2.06E-06	-8.42E-06
317	5	0	0	0	0	0	0	232	254	0	-1.99E-05	3.23E-06	2.06E-06	-8.42E-06
317	6	0	0	0	0	0	0	232	254	0	-2.13E-05	2.71E-06	-6.45E-06	-9.86E-06
317	7	0	0	0	0	0	0	232	254	0	-2.13E-05	2.71E-06	-6.45E-06	-9.86E-06
317	8	0	0	0	0	0	0	232	254	0	-2.20E-05	3.84E-06	-1.26E-05	-1.18E-05
317	9	0	0	0	0	0	0	232	254	0	-2.20E-05	3.84E-06	-1.26E-05	-1.18E-05
317	10	0	0	0	0	0	0	232	254	0	-2.00E-05	3.72E-06	-1.72E-05	-1.31E-05
317	11	0	0	0	0	0	0	232	254	0	-2.05E-05	3.76E-06	-1.70E-05	-1.48E-05
317	12	0	0	0	0	0	0	232	254	0	-2.05E-05	3.76E-06	-1.70E-05	-1.48E-05
317	13	0	0	0	0	0	0	232	254	0	-2.15E-05	2.94E-06	-1.75E-05	-1.35E-05
317	14	0	0	0	0	0	0	232	254	0	-2.15E-05	2.94E-06	-1.75E-05	-1.35E-05
317	15	0	0	0	0	0	0	232	254	0	-2.06E-05	1.44E-06	-1.82E-05	-1.22E-05
317	16	0	0	0	0	0	0	232	254	0	-2.06E-05	1.44E-06	-1.82E-05	-1.22E-05
317	17	0	0	0	0	0	0	232	254	0	-2.16E-05	9.34E-07	-1.53E-05	-1.15E-05
317	18	0	0	0	0	0	0	232	254	0	-2.16E-05	9.34E-07	-1.53E-05	-1.15E-05
317	19	0	0	0	0	0	0	232	254	0	-2.22E-05	6.51E-07	-1.16E-05	-1.13E-05
318	0	0	0	0	0	0	0	232	254	0	-2.17E-05	1.63E-06	-1.18E-05	-1.31E-05
318	1	0	0	0	0	0	0	232	254	0	-2.17E-05	1.63E-06	-1.18E-05	-1.31E-05
318	2	0	0	0	0	0	0	232	254	0	-2.21E-05	2.37E-06	-1.23E-05	-1.41E-05
318	3	0	0	0	0	0	0	232	254	0	-2.21E-05	2.37E-06	-1.23E-05	-1.41E-05
318	4	0	0	0	0	0	0	232	254	0	-2.28E-05	2.79E-06	-7.80E-06	-1.32E-05
318	5	0	0	0	0	0	0	232	254	0	-2.28E-05	2.79E-06	-7.80E-06	-1.32E-05
318	6	0	0	0	0	0	0	232	254	0	-2.15E-05	4.54E-06	-3.41E-06	-1.29E-05
318	7	0	0	0	0	0	0	232	254	0	-2.15E-05	4.54E-06	-3.41E-06	-1.29E-05
318	8	0	0	0	0	0	0	232	254	0	-1.97E-05	5.49E-06	-3.42E-06	-1.51E-05
318	9	0	0	0	0	0	0	232	254	0	-2.06E-05	5.15E-06	-3.17E-06	-1.64E-05
318	10	0	0	0	0	0	0	232	254	0	-2.06E-05	5.15E-06	-3.17E-06	-1.64E-05
318	11	0	0	0	0	0	0	232	254	0	-2.17E-05	4.92E-06	-1.24E-05	-1.68E-05
318	12	0	0	0	0	0	0	232	254	0	-2.17E-05	4.92E-06	-1.24E-05	-1.68E-05
318	13	0	0	0	0	0	0	232	254	0	-2.00E-05	5.28E-06	-1.93E-05	-1.68E-05
318	14	0	0	0	0	0	0	232	254	0	-2.00E-05	5.28E-06	-1.93E-05	-1.68E-05
318	15	0	0	0	0	0	0	232	254	0	-1.86E-05	5.73E-06	-8.47E-06	-1.54E-05
318	16	0	0	0	0	0	0	232	254	0	-1.86E-05	5.73E-06	-8.47E-06	-1.54E-05
318	17	0	0	0	0	0	0	232	254	0	-1.92E-05	5.95E-06	1.55E-06	-1.38E-05
318	18	0	0	0	0	0	0	232	254	0	-1.99E-05	6.45E-06	-5.11E-07	-1.16E-05
318	19	0	0	0	0	0	0	232	254	0	-1.99E-05	6.45E-06	-5.11E-07	-1.16E-05
319	0	0	0	0	0	0	0	232	254	0	-2.13E-05	7.13E-06	-5.32E-07	-9.57E-06
319	1	0	0	0	0	0	0	232	254	0	-2.13E-05	7.13E-06	-5.32E-07	-9.57E-06
319	2	0	0	0	0	0	0	232	254	0	-2.10E-05	8.36E-06	1.08E-05	-9.37E-06
319	3	0	0	0	0	0	0	232	254	0	-2.10E-05	8.36E-06	1.08E-05	-9.37E-06
319	4	0	0	0	0	0	0	232	254	0	-2.12E-05	6.92E-06	8.89E-06	-8.03E-06
319	5	0	0	0	0	0	0	232	254	0	-2.12E-05	6.92E-06	8.89E-06	-8.03E-06
319	6	0	0	0	0	0	0	232	254	0	-2.24E-05	4.86E-06	9.68E-06	-7.08E-06
319	7	0	0	0	0	0	0	232	254	0	-2.29E-05	2.71E-06	2.50E-05	-8.84E-06
319	8	0	0	0	0	0	0	232	254	0	-2.29E-05	2.71E-06	2.50E-05	-8.84E-06
319	9	0	0	0	0	0	0	232	254	0	-2.29E-05	1.99E-06	1.55E-05	-1.28E-05
319	10	0	0	0	0	0	0	232	254	0	-2.29E-05	1.99E-06	1.55E-05	-1.28E-05
319	11	0	0	0	0	0	0	232	254	0	-2.25E-05	3.56E-06	-7.79E-06	-1.51E-05
319	12	0	0	0	0	0	0	232	254	0	-2.25E-05	3.56E-06	-7.79E-06	-1.51E-05
319	13	0	0	0	0	0	0	232	254	0	-2.23E-05	7.82E-06	-1.96E-05	-1.65E-05
319	14	0	0	0	0	0	0	232	254	0	-2.23E-05	7.82E-06	-1.96E-05	-1.65E-05
319	15	0	0	0	0	0	0	232	254	0	-2.21E-05	8.32E-06	-2.29E-05	-1.79E-05
319	16	0	0	0	0	0	0	232	254	0	-2.06E-05	7.96E-06	-1.92E-05	-1.74E-05
319	17	0	0	0	0	0	0	232	254	0	-2.06E-05	7.96E-06	-1.92E-05	-1.74E-05
319	18	0	0	0	0	0	0	232	254	0	-2.05E-05	8.07E-06	-1.26E-05	-1.60E-05
319	19	0	0	0	0	0	0	232	254	0	-2.05E-05	8.07E-06	-1.26E-05	-1.60E-05
320	0	0	0	0	0	0	0	232	254	0	-2.02E-05	6.21E-06	-1.12E-05	-1.59E-05
320	1	0	0	0	0	0	0	232	254	0	-2.02E-05	6.21E-06	-1.12E-05	-1.59E-05
320	2	0	0	0	0	0	0	232	254	0	-2.18E-05	6.26E-06	-1.36E-05	-1.36E-05
320	3	0	0	0	0	0	0	232	254	0	-2.18E-05	6.26E-06	-1.36E-05	-1.36E-05
320	4	0	0	0	0	0	0	232	254	0	-2.28E-05	6.35E-06	-1.89E-05	-1.41E-05
320	5	0	0	0	0	0	0	232	254	0	-2.33E-05	5.25E-06	-1.70E-05	-1.46E-05
320	6	0	0	0	0	0	0	232	254	0	-2.33E-05	5.25E-06	-1.70E-05	-1.46E-05
320	7	0	0	0	0	0	0	232	254	0	-2.31E-05	5.39E-06	5.05E-07	-1.28E-05
320	8	0	0	0	0	0	0	232	254	0	-2.31E-05	5.39E-06	5.05E-07	-1.28E-05
320	9	0	0	0	0	0	0	232	254	0	-2.20E-05	4.51E-06	-1.34E-05	-1.20E-05
320	10	0	0	0	0	0	0	232	254	0	-2.20E-05	4.51E-06	-1.34E-05	-1.20E-05
320	11	0	0	0	0	0	0	232	254	0	-2.20E-05	4.56E-06	-2.51E-05	-1.13E-05
320	12	0	0	0	0	0	0	232	254	0	-2.20E-05	4.56E-06	-2.51E-05	-1.13E-05
320	13	0	0	0	0	0	0	232	254	0	-2.20E-05	5.81E-06	-1.92E-05	-1.14E-05
320	14	0	0	0	0	0	0	232	254	0	-2.21E-05	6.18E-06	-1.72E-05	-8.99E-06
320	15	0	0	0	0	0	0	232	254	0	-2.21E-05	6.18E-06	-1.72E-05	-8.99E-06
320	16	0	0	0	0	0	0	232	254	0	-2.08E-05	5.06E-06	-2.50E-05	-7.65E-06
320	17	0	0	0	0	0	0	232	254	0	-2.08E-05	5.06E-06	-2.50E-05	-7.65E-06
320	18	0	0	0	0	0	0	232	254	0	-1.98E-05	5.11E-06	-1.14E-05	-8.13E-06
320	19	0	0	0	0	0	0	232	254	0	-1.98E-05	5.11E-06	-1.14E-05	-8.13E-06
321	0	0	0	0	0	0	0	232	254	0	-2.09E-05	4.53E-06	7.62E-06	-8.09E-06
321	1	0	0	0	0	0	0	232	254	0	-2.09E-05	4.53E-06	7.62E-06	-8.09E-06
321	2	0	0	0	0	0	0	232	254	0	-2.01E-05	4.63E-06	-2.56E-06	-1.19E-05
321	3	0	0	0	0	0	0	232	254	0	-1.93E-05	5.40E-06	-1.30E-05	-1.54E-05
321	4	0	0	0	0	0	0	232	254	0	-1.93E-05	5.40E-06	-1.30E-05	-1.54E-05
321	5	0	0	0	0	0	0	232	254	0	-2.13E-05	6.47E-06	-1.49E-05	-1.41E-05
321	6	0	0	0	0	0	0	232	254	0	-2.13E-05	6.47E-06	-1.49E-05	-1.41E-05
321	7	0	0	0	0	0	0	232	254	0	-2.12E-05	6.02E-06	-1.10E-05	-1.30E-05
321	8	0	0	0	0	0	0	232	254	0	-2.12E-05	6.02E-06	-1.10E-05	-1.30E-05
321	9	0	0	0	0	0	0	232	254	0	-2.07E-05	5.85E-06	-9.25E-06	-1.34E-05
321	10	0	0	0	0	0	0	232	254	0	-2.07E-05	5.85E-06	-9.25E-06	-1.34E-05
321	11	0	0	0	0	0	0	232	254	0	-2.04E-05	5.78E-06	3.90E-06	-1.17E-05
321	12	0	0	0	0	0	0	232	254	0	-2.08E-05	6.21E-06	-2.80E-06	-1.09E-05
321	13	0	0	0	0	0	0	232	254	0	-2.08E-05	6.21E-06	-2.80E-06	-1.09E-05
321	14	0	0	0	0	0	0	232	254	0	-2.15E-05	6.16E-06	-2.54E-05	-1.34E-05
321	15	0	0	0	0	0	0	232	254	0	-2.15E-05	6.16E-06	-2.54E-05	-1.34E-05
321	16	0	0	0	0	0	0	232	254	0	-2.16E-05	5.26E-06	-2.31E-05	-1.72E-05
321	17	0	0	0	0	0	0	232	254	0	-2.16E-05	5.26E-06	-2.31E-05	-1.72E-05
321	18	0	0	0	0	0	0	232	254	0	-2.12E-05	1.65E-06	-3.13E-05	-1.82E-05
321	19	0	0	0	0	0	0	232	254	0	-2.12E-05	1.65E-06	-3.13E-05	-1.82E-05
322	0	0	0	0	0	0	0	232	254	0	-2.20E-05	1.90E-06	-4.23E-05	-1.55E-05
322	1	0	0	0	0	0	0	232	254	0	-2.04E-05	4.34E-06	-4.10E-05	-1.50E-05
322	2	0	0	0	0	0	0	232	254	0	-2.04E-05	4.34E-06	-4.10E-05	-1.50E-05
322	3	0	0	0	0	0	0	232	254	0	-2.05E-05	5.01E-06	-5.08E-05	-1.57E-05
322	4	0	0	0	0	0	0	232	254	0	-2.05E-05	5.01E-06	-5.08E-05	-1.57E-05
322	5	0	0	0	0	0	0	232	254	0	-1.96E-05	3.64E-06	-5.25E-05	-1.56E-05
322	6	0	0	0	0	0	0	232	254	0	-1.96E-05	3.64E-06	-5.25E-05	-1.56E-05
322	7	0	0	0	0	0	0	232	254	0	-1.95E-05	2.18E-06	-2.63E-05	-1.35E-05
322	8	0	0	0	0	0	0	232	254	0	-1.95E-05	2.18E-06	-2.63E-05	-1.35E-05
322	9	0	0	0	0	0	0	232	254	0	-1.85E-05	1.13E-06	4.43E-06	-1.24E-05
322	10	0	0	0	0	0	0	232	254	0	-1.76E-05	7.90E-07	2.07E-05	-9.11E-06
322	11	0	0	0	0	0	0	232	254	0	-1.76E-05	7.90E-07	2.07E-05	-9.11E-06
322	12	0	0	0	0	0	0	232	254	0	-1.86E-05	6.75E-07	1.93E-05	-8.17E-06
322	13	0	0	0	0	0	0	232	254	0	-1.86E-05	6.75E-07	1.93E-05	-8.17E-06
322	14	0	0	0	0	0	0	232	254	0	-1.96E-05	2.05E-06	2.56E-06	-7.00E-06
322	15	0	0	0	0	0	0	232	254	0	-1.96E-05	2.05E-06	2.56E-06	-7.00E-06
322	16	0	0	0	0	0	0	232	254	0	-1.92E-05	4.32E-06	-3.74E-06	-7.92E-06
322	17	0	0	0	0	0	0	232	254	0	-1.92E-05	4.32E-06	-3.74E-06	-7.92E-06
322	18	0	0	0	0	0	0	232	254	0	-1.97E-05	5.35E-06	6.80E-06	-9.38E-06
322	19	0	0	0	0	0	0	232	254	0	-2.01E-05	7.51E-06	2.36E-05	-1.18E-05
323	0	0	0	0	0	0	0	232	254	0	-2.01E-05	7.51E-06	2.36E-05	-1.18E-05
323	1	0	0	0	0	0	0	232	254	0	-1.93E-05	9.04E-06	1.90E-05	-1.52E-05
323	2	0	0	0	0	0	0	232	254	0	-1.93E-05	9.04E-06	1.90E-05	-1.52E-05
323	3	0	0	0	0	0	0	232	254	0	-2.10E-05	7.62E-06	4.43E-06	-1.69E-05
323	4	0	0	0	0	0	0	232	254	0	-2.10E-05	7.62E-06	4.43E-06	-1.69E-05
323	5	0	0	0	0	0	0	232	254	0	-2.10E-05	6.02E-06	-3.61E-06	-1.61E-05
323	6	0	0	0	0	0	0	232	254	0	-2.10E-05	6.02E-06	-3.61E-06	-1.61E-05
323	7	0	0	0	0	0	0	232	254	0	-2.16E-05	5.83E-06	-6.63E-06	-1.38E-05
323	8	0	0	0	0	0	0	232	254	0	-2.32E-05	5.49E-06	-2.33E-06	-1.14E-05
323	9	0	0	0	0	0	0	232	254	0	-2.32E-05	5.49E-06	-2.33E-06	-1.14E-05
323	10	0	0	0	0	0	0	232	254	0	-2.42E-05	5.20E-06	1.18E-05	-1.41E-05
323	11	0	0	0	0	0	0	232	254	0	-2.42E-05	5.20E-06	1.18E-05	-1.41E-05
323	12	0	0	0	0	0	0	232	254	0	-2.33E-05	5.20E-06	2.98E-05	-1.35E-05
323	13	0	0	0	0	0	0	232	254	0	-2.33E-05	5.20E-06	2.98E-05	-1.35E-05
323	14	0	0	0	0	0	0	232	254	0	-2.09E-05	5.30E-06	2.11E-05	-1.01E-05
323	15	0	0	0	0	0	0	232	254	0	-2.09E-05	5.30E-06	2.11E-05	-1.01E-05
323	16	0	0	0	0	0	0	232	254	0	-2.06E-05	5.97E-06	5.87E-06	-6.50E-06
323	17	0	0	0	0	0	0	232	254	0	-2.19E-05	6.25E-06	-1.07E-05	-8.67E-06
323	18	0	0	0	0	0	0	232	254	0	-2.19E-05	6.25E-06	-1.07E-05	-8.67E-06
323	19	0	0	0	0	0	0	232	254	0	-2.17E-05	4.34E-06	-2.49E-05	-1.16E-05
324	0	0	0	0	0	0	0	232	254	0	-2.17E-05	4.34E-06	-2.49E-05	-1.16E-05
324	1	0	0	0	0	0	0	232	254	0	-2.18E-05	3.19E-06	-1.23E-05	-1.42E-05
324	2	0	0	0	0	0	0	232	254	0	-2.18E-05	3.19E-06	-1.23E-05	-1.42E-05
324	3	0	0	0	0	0	0	232	254	0	-2.25E-05	3.04E-06	-1.18E-05	-1.70E-05
324	4	0	0	0	0	0	0	232	254	0	-2.25E-05	3.04E-06	-1.18E-05	-1.70E-05
324	5	0	0	0	0	0	0	232	254	0	-1.98E-05	2.38E-06	-1.07E-05	-1.71E-05
324	6	0	0	0	0	0	0	232	254	0	-2.09E-05	3.38E-06	-2.42E-05	-1.55E-05
324	7	0	0	0	0	0	0	232	254	0	-2.09E-05	3.38E-06	-2.42E-05	-1.55E-05
324	8	0	0	0	0	0	0	232	254	0	-2.03E-05	2.32E-06	-3.96E-05	-1.37E-05
324	9	0	0	0	0	0	0	232	254	0	-2.03E-05	2.32E-06	-3.96E-05	-1.37E-05
324	10	0	0	0	0	0	0	232	254	0	-2.03E-05	1.25E-06	-3.51E-05	-1.22E-05
324	11	0	0	0	0	0	0	232	254	0	-2.03E-05	1.25E-06	-3.51E-05	-1.22E-05
324	12	0	0	0	0	0	0	232	254	0	-2.11E-05	2.00E-06	-1.14E-05	-1.01E-05
324	13	0	0	0	0	0	0	232	254	0	-2.11E-05	2.00E-06	-1.14E-05	-1.01E-05
324	14	0	0	0	0	0	0	232	254	0	-2.18E-05	3.96E-06	1.36E-06	-1.22E-05
324	15	0	0	0	0	0	0	232	254	0	-2.21E-05	4.48E-06	-8.97E-07	-1.14E-05
324	16	0	0	0	0	0	0	232	254	0	-2.21E-05	4.48E-06	-8.97E-07	-1.14E-05
324	17	0	0	0	0	0	0	232	254	0	-2.08E-05	3.90E-06	-4.61E-06	-1.06E-05
324	18	0	0	0	0	0	0	232	254	0	-2.08E-05	3.90E-06	-4.61E-06	-1.06E-05
324	19	0	0	0	0	0	0	232	254	0	-2.18E-05	2.13E-06	-1.49E-05	-1.20E-05
325	0	0	0	0	0	0	0	232	254	0	-2.18E-05	2.13E-06	-1.49E-05	-1.20E-05
325	1	0	0	0	0	0	0	232	254	0	-2.30E-05	1.94E-06	-2.77E-05	-1.28E-05
325	2	0	0	0	0	0	0	232	254	0	-2.30E-05	1.94E-06	-2.77E-05	-1.28E-05
325	3	0	0	0	0	0	0	232	254	0	-2.33E-05	2.42E-06	-3.07E-05	-1.32E-05
325	4	0	0	0	0	0	0	232	254	0	-2.28E-05	1.75E-06	5.04E-07	-1.36E-05
325	5	0	0	0	0	0	0	232	254	0	-2.28E-05	1.75E-06	5.04E-07	-1.36E-05
325	6	0	0	0	0	0	0	232	254	0	-2.17E-05	1.42E-06	2.31E-05	-1.35E-05
325	7	0	0	0	0	0	0	232	254	0	-2.17E-05	1.42E-06	2.31E-05	-1.35E-05
325	8	0	0	0	0	0	0	232	254	0	-2.10E-05	3.25E-06	1.52E-05	-1.29E-05
325	9	0	0	0	0	0	0	232	254	0	-2.10E-05	3.25E-06	1.52E-05	-1.29E-05
325	10	0	0	0	0	0	0	232	254	0	-2.09E-05	5.59E-06	-2.70E-06	-1.24E-05
325	11	0	0	0	0	0	0	232	254	0	-2.09E-05	5.59E-06	-2.70E-06	-1.24E-05
325	12	0	0	0	0	0	0	232	254	0	-2.02E-05	5.97E-06	-1.10E-05	-1.14E-05
325	13	0	0	0	0	0	0	232	254	0	-1.93E-05	6.89E-06	-5.05E-06	-1.16E-05
325	14	0	0	0	0	0	0	232	254	0	-1.93E-05	6.89E-06	-5.05E-06	-1.16E-05
325	15	0	0	0	0	0	0	232	254	0	-1.89E-05	8.90E-06	7.75E-06	-1.23E-05
325	16	0	0	0	0	0	0	232	254	0	-1.89E-05	8.90E-06	7.75E-06	-1.23E-05
325	17	0	0	0	0	0	0	232	254	0	-1.85E-05	8.72E-06	-3.10E-06	-1.09E-05
325	18	0	0	0	0	0	0	232	254	0	-1.85E-05	8.72E-06	-3.10E-06	-1.09E-05
325	19	0	0	0	0	0	0	232	254	0	-1.92E-05	7.21E-06	-4.58E-06	-1.14E-05
326	0	0	0	0	0	0	0	232	254	0	-1.92E-05	7.21E-06	-4.58E-06	-1.14E-05
326	1	0	0	0	0	0	0	232	254	0	-2.03E-05	3.73E-06	-7.64E-06	-1.36E-05
326	2	0	0	0	0	0	0	232	254	0	-2.00E-05	9.58E-07	-2.75E-05	-1.37E-05
326	3	0	0	0	0	0	0	232	254	0	-2.00E-05	9.58E-07	-2.75E-05	-1.37E-05
326	4	0	0	0	0	0	0	232	254	0	-2.04E-05	6.22E-07	-4.59E-05	-1.21E-05
326	5	0	0	0	0	0	0	232	254	0	-2.04E-05	6.22E-07	-4.59E-05	-1.21E-05
326	6	0	0	0	0	0	0	232	254	0	-2.05E-05	4.34E-07	-2.50E-05	-1.13E-05
326	7	0	0	0	0	0	0	232	254	0	-2.05E-05	4.34E-07	-2.50E-05	-1.13E-05
326	8	0	0	0	0	0	0	232	254	0	-1.96E-05	1.13E-06	-1.44E-05	-1.36E-05
326	9	0	0	0	0	0	0	232	254	0	-1.96E-05	1.13E-06	-1.44E-05	-1.36E-05
326	10	0	0	0	0	0	0	232	254	0	-1.94E-05	1.87E-06	-1.59E-05	-1.35E-05
326	11	0	0	0	0	0	0	232	254	0	-1.97E-05	1.94E-06	-2.60E-05	-1.12E-05
326	12	0	0	0	0	0	0	232	254	0	-1.97E-05	1.94E-06	-2.60E-05	-1.12E-05
326	13	0	0	0	0	0	0	232	254	0	-2.02E-05	1.56E-06	-2.79E-05	-1.13E-05
326	14	0	0	0	0	0	0	232	254	0	-2.02E-05	1.56E-06	-2.79E-05	-1.13E-05
326	15	0	0	0	0	0	0	232	254	0	-2.05E-05	1.85E-06	-1.00E-05	-1.16E-05
326	16	0	0	0	0	0	0	232	254	0	-2.05E-05	1.85E-06	-1.00E-05	-1.16E-05
326	17	0	0	0	0	0	0	232	254	0	-2.13E-05	2.14E-06	3.89E-06	-1.20E-05
326	18	0	0	0	0	0	0	232	254	0	-2.13E-05	2.14E-06	3.89E-06	-1.20E-05
326	19	0	0	0	0	0	0	232	254	0	-2.11E-05	4.11E-06	2.90E-06	-1.33E-05
327	0	0	0	0	0	0	0	232	254	0	-2.08E-05	5.59E-06	-5.29E-06	-1.33E-05
327	1	0	0	0	0	0	0	232	254	0	-2.08E-05	5.59E-06	-5.29E-06	-1.33E-05
327	2	0	0	0	0	0	0	232	254	0	-2.09E-05	6.07E-06	-1.45E-05	-1.35E-05
327	3	0	0	0	0	0	0	232	254	0	-2.09E-05	6.07E-06	-1.45E-05	-1.35E-05
327	4	0	0	0	0	0	0	232	254	0	-2.07E-05	7.22E-06	-1.41E-05	-1.29E-05
327	5	0	0	0	0	0	0	232	254	0	-2.07E-05	7.22E-06	-1.41E-05	-1.29E-05
327	6	0	0	0	0	0	0	232	254	0	-2.09E-05	7.41E-06	-1.86E-05	-1.06E-05
327	7	0	0	0	0	0	0	232	254	0	-2.09E-05	7.41E-06	-1.86E-05	-1.06E-05
327	8	0	0	0	0	0	0	232	254	0	-2.08E-05	8.51E-06	-2.88E-05	-8.61E-06
327	9	0	0	0	0	0	0	232	254	0	-2.16E-05	7.95E-06	-3.24E-05	-8.90E-06
327	10	0	0	0	0	0	0	232	254	0	-2.16E-05	7.95E-06	-3.24E-05	-8.90E-06
327	11	0	0	0	0	0	0	232	254	0	-2.14E-05	6.06E-06	-2.26E-05	-9.09E-06
327	12	0	0	0	0	0	0	232	254	0	-2.14E-05	6.06E-06	-2.26E-05	-9.09E-06
327	13	0	0	0	0	0	0	232	254	0	-2.18E-05	4.15E-06	-2.59E-05	-1.02E-05
327	14	0	0	0	0	0	0	232	254	0	-2.18E-05	4.15E-06	-2.59E-05	-1.02E-05
327	15	0	0	0	0	0	0	232	254	0	-2.24E-05	3.96E-06	-2.89E-05	-1.01E-05
327	16	0	0	0	0	0	0	232	254	0	-2.24E-05	3.96E-06	-2.89E-05	-1.01E-05
327	17	0	0	0	0	0	0	232	254	0	-2.05E-05	4.46E-06	2.62E-06	-1.12E-05
327	18	0	0	0	0	0	0	232	254	0	-1.94E-05	4.40E-06	1.63E-05	-1.22E-05
327	19	0	0	0	0	0	0	232	254	0	-1.94E-05	4.40E-06	1.63E-05	-1.22E-05
328	0	0	0	0	0	0	0	232	254	0	-1.93E-05	6.94E-06	2.14E-05	-1.41E-05
328	1	0	0	0	0	0	0	232	254	0	-1.93E-05	6.94E-06	2.14E-05	-1.41E-05
328	2	0	0	0	0	0	0	232	254	0	-1.91E-05	9.35E-06	4.66E-06	-1.50E-05
328	3	0	0	0	0	0	0	232	254	0	-1.91E-05	9.35E-06	4.66E-06	-1.50E-05
328	4	0	0	0	0	0	0	232	254	0	-1.97E-05	9.85E-06	-3.95E-06	-1.57E-05
328	5	0	0	0	0	0	0	232	254	0	-1.97E-05	9.85E-06	-3.95E-06	-1.57E-05
328	6	0	0	0	0	0	0	232	254	0	-1.90E-05	8.54E-06	-1.36E-06	-1.59E-05
328	7	0	0	0	0	0	0	232	254	0	-1.92E-05	8.02E-06	-1.86E-06	-1.57E-05
328	8	0	0	0	0	0	0	232	254	0	-1.92E-05	8.02E-06	-1.86E-06	-1.57E-05
328	9	0	0	0	0	0	0	232	254	0	-2.04E-05	5.92E-06	-9.51E-06	-1.56E-05
328	10	0	0	0	0	0	0	232	254	0	-2.04E-05	5.92E-06	-9.51E-06	-1.56E-05
328	11	0	0	0	0	0	0	232	254	0	-2.09E-05	6.46E-06	-7.19E-06	-1.33E-05
328	12	0	0	0	0	0	0	232	254	0	-2.09E-05	6.46E-06	-7.19E-06	-1.33E-05
328	13	0	0	0	0	0	0	232	254	0	-2.15E-05	7.52E-06	-1.13E-06	-1.32E-05
328	14	0	0	0	0	0	0	232	254	0	-2.15E-05	7.52E-06	-1.13E-06	-1.32E-05
328	15	0	0	0	0	0	0	232	254	0	-2.04E-05	5.05E-06	-1.43E-06	-1.29E-05
328	16	0	0	0	0	0	0	232	254	0	-2.09E-05	3.58E-06	-6.49E-06	-1.31E-05
328	17	0	0	0	0	0	0	232	254	0	-2.09E-05	3.58E-06	-6.49E-06	-1.31E-05
328	18	0	0	0	0	0	0	232	254	0	-2.19E-05	6.02E-06	-1.40E-05	-1.41E-05
328	19	0	0	0	0	0	0	232	254	0	-2.19E-05	6.02E-06	-1.40E-05	-1.41E-05
329	0	0	0	0	0	0	0	232	254	0	-2.01E-05	6.78E-06	-1.48E-06	-1.50E-05
329	1	0	0	0	0	0	0	232	254	0	-2.01E-05	6.78E-06	-1.48E-06	-1.50E-05
329	2	0	0	0	0	0	0	232	254	0	-1.93E-05	6.11E-06	3.72E-06	-1.52E-05
329	3	0	0	0	0	0	0	232	254	0	-1.93E-05	6.11E-06	3.72E-06	-1.52E-05
329	4	0	0	0	0	0	0	232	254	0	-1.97E-05	5.15E-06	-7.61E-07	-1.28E-05
329	5	0	0	0	0	0	0	232	254	0	-1.82E-05	2.41E-06	1.19E-06	-1.40E-05
329	6	0	0	0	0	0	0	232	254	0	-1.82E-05	2.41E-06	1.19E-06	-1.40E-05
329	7	0	0	0	0	0	0	232	254	0	-1.75E-05	-1.68E-07	4.15E-06	-1.33E-05
329	8	0	0	0	0	0	0	232	254	0	-1.75E-05	-1.68E-07	4.15E-06	-1.33E-05
329	9	0	0	0	0	0	0	232	254	0	-1.75E-05	-9.41E-08	2.53E-06	-1.08E-05
329	10	0	0	0	0	0	0	232	254	0	-1.75E-05	-9.41E-08	2.53E-06	-1.08E-05
329	11	0	0	0	0	0	0	232	254	0	-1.69E-05	1.64E-07	-8.40E-06	-7.66E-06
329	12	0	0	0	0	0	0	232	254	0	-1.69E-05	1.64E-07	-8.40E-06	-7.66E-06
329	13	0	0	0	0	0	0	232	254	0	-1.71E-05	-6.42E-07	-2.21E-05	-4.14E-06
329	14	0	0	0	0	0	0	232	254	0	-1.92E-05	6.02E-07	1.12E-05	-3.25E-06
329	15	0	0	0	0	0	0	232	254	0	-1.92E-05	6.02E-07	1.12E-05	-3.25E-06
329	16	0	0	0	0	0	0	232	254	0	-2.05E-05	1.13E-06	3.31E-05	-6.18E-06
329	17	0	0	0	0	0	0	232	254	0	-2.05E-05	1.13E-06	3.31E-05	-6.18E-06
329	18	0	0	0	0	0	0	232	254	0	-2.13E-05	6.18E-07	3.36E-06	-1.02E-05
329	19	0	0	0	0	0	0	232	254	0	-2.13E-05	6.18E-07	3.36E-06	-1.02E-05
330	0	0	0	0	0	0	0	232	254	0	-2.08E-05	-5.24E-07	-2.54E-05	-1.23E-05
330	1	0	0	0	0	0	0	232	254	0	-2.08E-05	-5.24E-07	-2.54E-05	-1.23E-05
330	2	0	0	0	0	0	0	232	254	0	-1.97E-05	6.06E-07	-3.94E-05	-1.46E-05
330	3	0	0	0	0	0	0	232	254	0	-2.04E-05	2.23E-06	-3.79E-05	-1.66E-05
330	4	0	0	0	0	0	0	232	254	0	-2.04E-05	2.23E-06	-3.79E-05	-1.66E-05
330	5	0	0	0	0	0	0	232	254	0	-2.17E-05	2.62E-06	-2.61E-05	-1.57E-05
330	6	0	0	0	0	0	0	232	254	0	-2.17E-05	2.62E-06	-2.61E-05	-1.57E-05
330	7	0	0	0	0	0	0	232	254	0	-2.16E-05	3.48E-06	-1.10E-05	-1.60E-05
330	8	0	0	0	0	0	0	232	254	0	-2.16E-05	3.48E-06	-1.10E-05	-1.60E-05
330	9	0	0	0	0	0	0	232	254	0	-2.11E-05	5.70E-06	-1.34E-05	-1.47E-05
330	10	0	0	0	0	0	0	232	254	0	-2.11E-05	5.70E-06	-1.34E-05	-1.47E-05
330	11	0	0	0	0	0	0	232	254	0	-2.12E-05	8.31E-06	-2.19E-05	-1.57E-05
330	12	0	0	0	0	0	0	232	254	0	-2.20E-05	6.59E-06	-1.03E-05	-1.66E-05
330	13	0	0	0	0	0	0	232	254	0	-2.20E-05	6.59E-06	-1.03E-05	-1.66E-05
330	14	0	0	0	0	0	0	232	254	0	-2.28E-05	4.92E-06	-1.42E-05	-1.45E-05
330	15	0	0	0	0	0	0	232	254	0	-2.28E-05	4.92E-06	-1.42E-05	-1.45E-05
330	16	0	0	0	0	0	0	232	254	0	-2.21E-05	4.71E-06	-1.80E-05	-1.50E-05
330	17	0	0	0	0	0	0	232	254	0	-2.21E-05	4.71E-06	-1.80E-05	-1.50E-05
330	18	0	0	0	0	0	0	232	254	0	-2.29E-05	1.35E-06	-7.83E-06	-1.50E-05
330	19	0	0	0	0	0	0	232	254	0	-2.29E-05	1.35E-06	-7.83E-06	-1.50E-05
331	0	0	0	0	0	0	0	232	254	0	-2.47E-05	-1.22E-06	-6.67E-06	-1.34E-05
331	1	0	0	0	0	0	0	232	254	0	-2.27E-05	7.25E-07	-1.24E-05	-1.26E-05
331	2	0	0	0	0	0	0	232	254	0	-2.27E-05	7.25E-07	-1.24E-05	-1.26E-05
331	3	0	0	0	0	0	0	232	254	0	-2.30E-05	1.89E-06	-2.10E-06	-1.33E-05
331	4	0	0	0	0	0	0	232	254	0	-2.30E-05	1.89E-06	-2.10E-06	-1.33E-05
331	5	0	0	0	0	0	0	232	254	0	-2.31E-05	9.04E-07	2.76E-05	-1.12E-05
331	6	0	0	0	0	0	0	232	254	0	-2.31E-05	9.04E-07	2.76E-05	-1.12E-05
331	7	0	0	0	0	0	0	232	254	0	-2.38E-05	-5.48E-07	5.03E-06	-1.07E-05
331	8	0	0	0	0	0	0	232	254	0	-2.38E-05	-5.48E-07	5.03E-06	-1.07E-05
331	9	0	0	0	0	0	0	232	254	0	-2.41E-05	6.11E-07	-2.62E-05	-9.32E-06
331	10	0	0	0	0	0	0	232	254	0	-2.29E-05	3.29E-06	-2.11E-05	-7.99E-06
331	11	0	0	0	0	0	0	232	254	0	-2.29E-05	3.29E-06	-2.11E-05	-7.99E-06
331	12	0	0	0	0	0	0	232	254	0	-2.23E-05	4.33E-06	-2.54E-05	-8.73E-06
331	13	0	0	0	0	0	0	232	254	0	-2.23E-05	4.33E-06	-2.54E-05	-8.73E-06
331	14	0	0	0	0	0	0	232	254	0	-2.30E-05	7.47E-06	-2.32E-05	-9.34E-06
331	15	0	0	0	0	0	0	232	254	0	-2.30E-05	7.47E-06	-2.32E-05	-9.34E-06
331	16	0	0	0	0	0	0	232	254	0	-2.39E-05	9.80E-06	-1.55E-05	-6.75E-06
331	17	0	0	0	0	0	0	232	254	0	-2.39E-05	9.80E-06	-1.55E-05	-6.75E-06
331	18	0	0	0	0	0	0	232	254	0	-2.29E-05	9.01E-06	7.09E-06	-5.82E-06
331	19	0	0	0	0	0	0	232	254	0	-2.25E-05	7.62E-06	6.79E-06	-1.13E-05
332	0	0	0	0	0	0	0	232	254	0	-2.25E-05	7.62E-06	6.79E-06	-1.13E-05
332	1	0	0	0	0	0	0	232	254	0	-2.17E-05	6.78E-06	-1.94E-05	-1.64E-05
332	2	0	0	0	0	0	0	232	254	0	-2.17E-05	6.78E-06	-1.94E-05	-1.64E-05
332	3	0	0	0	0	0	0	232	254	0	-2.18E-05	5.08E-06	-1.97E-05	-1.70E-05
332	4	0	0	0	0	0	0	232	254	0	-2.18E-05	5.08E-06	-1.97E-05	-1.70E-05
332	5	0	0	0	0	0	0	232	254	0	-2.24E-05	4.46E-06	-1.32E-05	-1.70E-05
332	6	0	0	0	0	0	0	232	254	0	-2.24E-05	4.46E-06	-1.32E-05	-1.70E-05
332	7	0	0	0	0	0	0	232	254	0	-2.17E-05	5.06E-06	-1.28E-05	-1.53E-05
332	8	0	0	0	0	0	0	232	254	0	-2.16E-05	5.38E-06	-1.48E-05	-1.55E-05
332	9	0	0	0	0	0	0	232	254	0	-2.16E-05	5.38E-06	-1.48E-05	-1.55E-05
332	10	0	0	0	0	0	0	232	254	0	-2.10E-05	6.48E-06	-1.87E-05	-1.49E-05
332	11	0	0	0	0	0	0	232	254	0	-2.10E-05	6.48E-06	-1.87E-05	-1.49E-05
332	12	0	0	0	0	0	0	232	254	0	-2.02E-05	6.90E-06	-2.64E-05	-1.49E-05
332	13	0	0	0	0	0	0	232	254	0	-2.02E-05	6.90E-06	-2.64E-05	-1.49E-05
332	14	0	0	0	0	0	0	232	254	0	-1.94E-05	5.72E-06	-3.50E-05	-1.71E-05
332	15	0	0	0	0	0	0	232	254	0	-1.94E-05	5.72E-06	-3.50E-05	-1.71E-05
332	16	0	0	0	0	0	0	232	254	0	-1.98E-05	3.76E-06	-3.72E-05	-1.70E-05
332	17	0	0	0	0	0	0	232	254	0	-1.90E-05	3.46E-06	-3.22E-05	-1.31E-05
332	18	0	0	0	0	0	0	232	254	0	-1.90E-05	3.46E-06	-3.22E-05	-1.31E-05
332	19	0	0	0	0	0	0	232	254	0	-1.95E-05	5.11E-06	-3.19E-05	-1.18E-05
333	0	0	0	0	0	0	0	232	254	0	-1.95E-05	5.11E-06	-3.19E-05	-1.18E-05
333	1	0	0	0	0	0	0	232	254	0	-2.05E-05	5.69E-06	-2.28E-05	-9.38E-06
333	2	0	0	0	0	0	0	232	254	0	-2.05E-05	5.69E-06	-2.28E-05	-9.38E-06
333	3	0	0	0	0	0	0	232	254	0	-1.98E-05	6.50E-06	-8.44E-06	-1.05E-05
333	4	0	0	0	0	0	0	232	254	0	-1.98E-05	6.50E-06	-8.44E-06	-1.05E-05
333	5	0	0	0	0	0	0	232	254	0	-1.96E-05	5.82E-06	2.54E-05	-1.19E-05
333	6	0	0	0	0	0	0	232	254	0	-1.98E-05	3.70E-06	3.16E-05	-1.16E-05
333	7	0	0	0	0	0	0	232	254	0	-1.98E-05	3.70E-06	3.16E-05	-1.16E-05
333	8	0	0	0	0	0	0	232	254	0	-2.05E-05	4.68E-06	1.23E-06	-1.22E-05
333	9	0	0	0	0	0	0	232	254	0	-2.05E-05	4.68E-06	1.23E-06	-1.22E-05
333	10	0	0	0	0	0	0	232	254	0	-1.93E-05	4.48E-06	-1.81E-05	-1.58E-05
333	11	0	0	0	0	0	0	232	254	0	-1.93E-05	4.48E-06	-1.81E-05	-1.58E-05
333	12	0	0	0	0	0	0	232	254	0	-1.78E-05	4.12E-06	-1.44E-05	-1.68E-05
333	13	0	0	0	0	0	0	232	254	0	-1.78E-05	4.12E-06	-1.44E-05	-1.68E-05
333	14	0	0	0	0	0	0	232	254	0	-1.88E-05	3.87E-06	1.27E-05	-1.57E-05
333	15	0	0	0	0	0	0	232	254	0	-1.96E-05	4.87E-06	2.58E-05	-1.51E-05
333	16	0	0	0	0	0	0	232	254	0	-1.96E-05	4.87E-06	2.58E-05	-1.51E-05
333	17	0	0	0	0	0	0	232	254	0	-1.95E-05	5.11E-06	1.55E-05	-1.49E-05
333	18	0	0	0	0	0	0	232	254	0	-1.95E-05	5.11E-06	1.55E-05	-1.49E-05
333	19	0	0	0	0	0	0	232	254	0	-1.86E-05	6.67E-06	2.35E-06	-1.28E-05
334	0	0	0	0	0	0	0	232	254	0	-1.86E-05	6.67E-06	2.35E-06	-1.28E-05
334	1	0	0	0	0	0	0	232	254	0	-1.80E-05	7.07E-06	-2.99E-06	-1.22E-05
334	2	0	0	0	0	0	0	232	254	0	-1.80E-05	7.07E-06	-2.99E-06	-1.22E-05
334	3	0	0	0	0	0	0	232	254	0	-2.04E-05	5.18E-06	-5.66E-06	-1.34E-05
334	4	0	0	0	0	0	0	232	254	0	-2.09E-05	4.81E-06	-5.42E-06	-1.21E-05
334	5	0	0	0	0	0	0	232	254	0	-2.09E-05	4.81E-06	-5.42E-06	-1.21E-05
334	6	0	0	0	0	0	0	232	254	0	-1.99E-05	3.67E-06	-5.04E-06	-1.14E-05
334	7	0	0	0	0	0	0	232	254	0	-1.99E-05	3.67E-06	-5.04E-06	-1.14E-05
334	8	0	0	0	0	0	0	232	254	0	-1.89E-05	5.02E-06	-7.81E-07	-1.14E-05
334	9	0	0	0	0	0	0	232	254	0	-1.89E-05	5.02E-06	-7.81E-07	-1.14E-05
334	10	0	0	0	0	0	0	232	254	0	-2.05E-05	7.89E-06	1.22E-06	-1.26E-05
334	11	0	0	0	0	0	0	232	254	0	-2.05E-05	7.89E-06	1.22E-06	-1.26E-05
334	12	0	0	0	0	0	0	232	254	0	-2.05E-05	7.77E-06	-2.33E-06	-1.42E-05
334	13	0	0	0	0	0	0	232	254	0	-2.16E-05	6.78E-06	-1.37E-05	-1.31E-05
334	14	0	0	0	0	0	0	232	254	0	-2.16E-05	6.78E-06	-1.37E-05	-1.31E-05
334	15	0	0	0	0	0	0	232	254	0	-2.09E-05	5.30E-06	-1.75E-05	-1.41E-05
334	16	0	0	0	0	0	0	232	254	0	-2.09E-05	5.30E-06	-1.75E-05	-1.41E-05
334	17	0	0	0	0	0	0	232	254	0	-2.00E-05	6.07E-06	-1.39E-05	-1.51E-05
334	18	0	0	0	0	0	0	232	254	0	-2.00E-05	6.07E-06	-1.39E-05	-1.51E-05
334	19	0	0	0	0	0	0	232	254	0	-2.24E-05	6.63E-06	-1.35E-05	-1.44E-05
335	0	0	0	0	0	0	0	232	254	0	-2.24E-05	6.63E-06	-1.35E-05	-1.44E-05
335	1	0	0	0	0	0	0	232	254	0	-2.35E-05	3.09E-06	-1.27E-05	-1.50E-05
335	2	0	0	0	0	0	0	232	254	0	-2.23E-05	2.67E-06	-4.42E-06	-1.51E-05
335	3	0	0	0	0	0	0	232	254	0	-2.23E-05	2.67E-06	-4.42E-06	-1.51E-05
335	4	0	0	0	0	0	0	232	254	0	-2.18E-05	3.48E-06	1.68E-07	-1.35E-05
335	5	0	0	0	0	0	0	232	254	0	-2.18E-05	3.48E-06	1.68E-07	-1.35E-05
335	6	0	0	0	0	0	0	232	254	0	-2.05E-05	3.16E-06	1.65E-06	-1.22E-05
335	7	0	0	0	0	0	0	232	254	0	-2.05E-05	3.16E-06	1.65E-06	-1.22E-05
335	8	0	0	0	0	0	0	232	254	0	-2.00E-05	3.05E-06	1.11E-05	-1.22E-05
335	9	0	0	0	0	0	0	232	254	0	-2.00E-05	3.05E-06	1.11E-05	-1.22E-05
335	10	0	0	0	0	0	0	232	254	0	-2.05E-05	2.99E-06	1.38E-05	-9.99E-06
335	11	0	0	0	0	0	0	232	254	0	-2.14E-05	2.09E-06	-4.69E-06	-8.71E-06
335	12	0	0	0	0	0	0	232	254	0	-2.14E-05	2.09E-06	-4.69E-06	-8.71E-06
335	13	0	0	0	0	0	0	232	254	0	-2.18E-05	3.94E-06	-3.11E-05	-9.57E-06
335	14	0	0	0	0	0	0	232	254	0	-2.18E-05	3.94E-06	-3.11E-05	-9.57E-06
335	15	0	0	0	0	0	0	232	254	0	-2.22E-05	6.40E-06	-5.19E-05	-9.42E-06
335	16	0	0	0	0	0	0	232	254	0	-2.22E-05	6.40E-06	-5.19E-05	-9.42E-06
335	17	0	0	0	0	0	0	232	254	0	-2.17E-05	6.62E-06	-3.39E-05	-8.81E-06
335	18	0	0	0	0	0	0	232	254	0	-2.17E-05	6.62E-06	-3.39E-05	-8.81E-06
335	19	0	0	0	0	0	0	232	254	0	-2.15E-05	6.53E-06	-1.56E-05	-1.07E-05
336	0	0	0	0	0	0	0	232	254	0	-1.97E-05	3.25E-06	-4.85E-06	-1.38E-05
336	1	0	0	0	0	0	0	232	254	0	-1.97E-05	3.25E-06	-4.85E-06	-1.38E-05
336	2	0	0	0	0	0	0	232	254	0	-2.03E-05	2.20E-06	-2.52E-06	-1.49E-05
336	3	0	0	0	0	0	0	232	254	0	-2.03E-05	2.20E-06	-2.52E-06	-1.49E-05
336	4	0	0	0	0	0	0	232	254	0	-2.21E-05	5.10E-06	-1.24E-05	-1.44E-05
336	5	0	0	0	0	0	0	232	254	0	-2.21E-05	5.10E-06	-1.24E-05	-1.44E-05
336	6	0	0	0	0	0	0	232	254	0	-2.26E-05	4.41E-06	-1.25E-05	-1.30E-05
336	7	0	0	0	0	0	0	232	254	0	-2.26E-05	4.41E-06	-1.25E-05	-1.30E-05
336	8	0	0	0	0	0	0	232	254	0	-2.29E-05	3.91E-06	-9.90E-06	-1.18E-05
336	9	0	0	0	0	0	0	232	254	0	-2.23E-05	5.20E-06	-1.36E-05	-1.29E-05
336	10	0	0	0	0	0	0	232	254	0	-2.23E-05	5.20E-06	-1.36E-05	-1.29E-05
336	11	0	0	0	0	0	0	232	254	0	-2.09E-05	5.45E-06	-1.25E-05	-1.24E-05
336	12	0	0	0	0	0	0	232	254	0	-2.09E-05	5.45E-06	-1.25E-05	-1.24E-05
336	13	0	0	0	0	0	0	232	254	0	-2.09E-05	6.64E-06	-1.28E-05	-1.16E-05
336	14	0	0	0	0	0	0	232	254	0	-2.09E-05	6.64E-06	-1.28E-05	-1.16E-05
336	15	0	0	0	0	0	0	232	254	0	-2.24E-05	4.81E-06	-1.56E-05	-1.15E-05
336	16	0	0	0	0	0	0	232	254	0	-2.24E-05	4.81E-06	-1.56E-05	-1.15E-05
336	17	0	0	0	0	0	0	232	254	0	-2.09E-05	2.76E-06	-1.22E-05	-1.06E-05
336	18	0	0	0	0	0	0	232	254	0	-2.06E-05	4.54E-06	-8.77E-06	-9.47E-06
336	19	0	0	0	0	0	0	232	254	0	-2.06E-05	4.54E-06	-8.77E-06	-9.47E-06
337	0	0	0	0	0	0	0	232	254	0	-2.01E-05	5.93E-06	-1.13E-05	-9.14E-06
337	1	0	0	0	0	0	0	232	254	0	-2.01E-05	5.93E-06	-1.13E-05	-9.14E-06
337	2	0	0	0	0	0	0	232	254	0	-1.92E-05	2.15E-06	-7.87E-06	-1.09E-05
337	3	0	0	0	0	0	0	232	254	0	-1.92E-05	2.15E-06	-7.87E-06	-1.09E-05
337	4	0	0	0	0	0	0	232	254	0	-1.92E-05	1.33E-06	-8.68E-06	-1.25E-05
337	5	0	0	0	0	0	0	232	254	0	-1.92E-05	1.33E-06	-8.68E-06	-1.25E-05
337	6	0	0	0	0	0	0	232	254	0	-1.86E-05	3.29E-06	-8.71E-06	-1.20E-05
337	7	0	0	0	0	0	0	232	254	0	-1.86E-05	4.08E-06	-1.03E-05	-1.39E-05
337	8	0	0	0	0	0	0	232	254	0	-1.86E-05	4.08E-06	-1.03E-05	-1.39E-05
337	9	0	0	0	0	0	0	232	254	0	-1.82E-05	5.30E-06	-8.85E-06	-1.48E-05
337	10	0	0	0	0	0	0	232	254	0	-1.82E-05	5.30E-06	-8.85E-06	-1.48E-05
337	11	0	0	0	0	0	0	232	254	0	-1.76E-05	4.89E-06	-8.78E-06	-1.40E-05
337	12	0	0	0	0	0	0	232	254	0	-1.76E-05	4.89E-06	-8.78E-06	-1.40E-05
337	13	0	0	0	0	0	0	232	254	0	-1.77E-05	5.06E-06	-9.31E-06	-1.43E-05
337	14	0	0	0	0	0	0	232	254	0	-1.77E-05	5.06E-06	-9.31E-06	-1.43E-05
337	15	0	0	0	0	0	0	232	254	0	-1.79E-05	5.10E-06	-3.12E-06	-1.42E-05
337	16	0	0	0	0	0	0	232	254	0	-1.80E-05	4.33E-06	6.24E-06	-1.27E-05
337	17	0	0	0	0	0	0	232	254	0	-1.80E-05	4.33E-06	6.24E-06	-1.27E-05
337	18	0	0	0	0	0	0	232	254	0	-2.02E-05	2.99E-06	5.66E-09	-1.15E-05
337	19	0	0	0	0	0	0	232	254	0	-2.02E-05	2.99E-06	5.66E-09	-1.15E-05
338	0	0	0	0	0	0	0	232	254	0	-2.15E-05	1.80E-06	-9.74E-06	-1.34E-05
338	1	0	0	0	0	0	0	232	254	0	-2.15E-05	1.80E-06	-9.74E-06	-1.34E-05
338	2	0	0	0	0	0	0	232	254	0	-2.24E-05	1.58E-06	-1.42E-05	-1.39E-05
338	3	0	0	0	0	0	0	232	254	0	-2.24E-05	1.58E-06	-1.42E-05	-1.39E-05
338	4	0	0	0	0	0	0	232	254	0	-2.31E-05	2.29E-06	-6.65E-06	-1.18E-05
338	5	0	0	0	0	0	0	232	254	0	-2.33E-05	3.47E-06	-1.19E-05	-1.09E-05
338	6	0	0	0	0	0	0	232	254	0	-2.33E-05	3.47E-06	-1.19E-05	-1.09E-05
338	7	0	0	0	0	0	0	232	254	0	-2.22E-05	1.03E-06	-2.55E-05	-1.10E-05
338	8	0	0	0	0	0	0	232	254	0	-2.22E-05	1.03E-06	-2.55E-05	-1.10E-05
338	9	0	0	0	0	0	0	232	254	0	-2.17E-05	6.92E-08	-1.23E-05	-1.17E-05
338	10	0	0	0	0	0	0	232	254	0	-2.17E-05	6.92E-08	-1.23E-05	-1.17E-05
338	11	0	0	0	0	0	0	232	254	0	-2.17E-05	-5.04E-07	1.00E-05	-1.23E-05
338	12	0	0	0	0	0	0	232	254	0	-2.17E-05	-5.04E-07	1.00E-05	-1.23E-05
338	13	0	0	0	0	0	0	232	254	0	-2.07E-05	-2.57E-07	2.02E-05	-1.23E-05
338	14	0	0	0	0	0	0	232	254	0	-2.06E-05	1.25E-06	2.98E-06	-1.22E-05
338	15	0	0	0	0	0	0	232	254	0	-2.06E-05	1.25E-06	2.98E-06	-1.22E-05
338	16	0	0	0	0	0	0	232	254	0	-2.21E-05	1.85E-06	-2.11E-05	-1.18E-05
338	17	0	0	0	0	0	0	232	254	0	-2.21E-05	1.85E-06	-2.11E-05	-1.18E-05
338	18	0	0	0	0	0	0	232	254	0	-2.24E-05	3.15E-06	-3.00E-05	-1.30E-05
338	19	0	0	0	0	0	0	232	254	0	-2.24E-05	3.15E-06	-3.00E-05	-1.30E-05
339	0	0	0	0	0	0	0	232	254	0	-2.07E-05	4.77E-06	-3.09E-05	-1.34E-05
339	1	0	0	0	0	0	0	232	254	0	-2.07E-05	4.77E-06	-3.09E-05	-1.34E-05
339	2	0	0	0	0	0	0	232	254	0	-2.17E-05	4.02E-06	-2.51E-05	-1.21E-05
339	3	0	0	0	0	0	0	232	254	0	-2.39E-05	3.05E-06	-1.83E-05	-1.12E-05
339	4	0	0	0	0	0	0	232	254	0	-2.39E-05	3.05E-06	-1.83E-05	-1.12E-05
339	5	0	0	0	0	0	0	232	254	0	-2.22E-05	3.49E-06	-2.20E-05	-1.30E-05
339	6	0	0	0	0	0	0	232	254	0	-2.22E-05	3.49E-06	-2.20E-05	-1.30E-05
339	7	0	0	0	0	0	0	232	254	0	-2.05E-05	5.40E-06	-2.04E-05	-1.46E-05
339	8	0	0	0	0	0	0	232	254	0	-2.05E-05	5.40E-06	-2.04E-05	-1.46E-05
339	9	0	0	0	0	0	0	232	254	0	-2.02E-05	6.60E-06	-8.88E-06	-1.48E-05
339	10	0	0	0	0	0	0	232	254	0	-2.02E-05	6.60E-06	-8.88E-06	-1.48E-05
339	11	0	0	0	0	0	0	232	254	0	-1.97E-05	7.33E-06	1.41E-06	-1.46E-05
339	12	0	0	0	0	0	0	232	254	0	-2.03E-05	9.78E-06	-2.15E-05	-1.25E-05
339	13	0	0	0	0	0	0	232	254	0	-2.03E-05	9.78E-06	-2.15E-05	-1.25E-05
339	14	0	0	0	0	0	0	232	254	0	-2.03E-05	8.55E-06	-3.45E-05	-1.13E-05
339	15	0	0	0	0	0	0	232	254	0	-2.03E-05	8.55E-06	-3.45E-05	-1.13E-05
339	16	0	0	0	0	0	0	232	254	0	-2.03E-05	5.29E-06	-1.21E-05	-1.32E-05
339	17	0	0	0	0	0	0	232	254	0	-2.03E-05	5.29E-06	-1.21E-05	-1.32E-05
339	18	0	0	0	0	0	0	232	254	0	-2.03E-05	3.86E-06	1.17E-06	-1.67E-05
339	19	0	0	0	0	0	0	232	254	0	-2.03E-05	3.86E-06	1.17E-06	-1.67E-05
340	0	0	0	0	0	0	0	232	254	0	-2.05E-05	3.96E-06	7.80E-07	-1.48E-05
340	1	0	0	0	0	0	0	232	254	0	-2.16E-05	4.70E-06	-2.40E-06	-1.16E-05
340	2	0	0	0	0	0	0	232	254	0	-2.16E-05	4.70E-06	-2.40E-06	-1.16E-05
340	3	0	0	0	0	0	0	232	254	0	-2.12E-05	5.85E-06	-7.85E-06	-1.06E-05
340	4	0	0	0	0	0	0	232	254	0	-2.12E-05	5.85E-06	-7.85E-06	-1.06E-05
340	5	0	0	0	0	0	0	232	254	0	-2.28E-05	6.84E-06	-7.62E-06	-1.11E-05
340	6	0	0	0	0	0	0	232	254	0	-2.28E-05	6.84E-06	-7.62E-06	-1.11E-05
340	7	0	0	0	0	0	0	232	254	0	-2.48E-05	7.18E-06	5.77E-06	-1.16E-05
340	8	0	0	0	0	0	0	232	254	0	-2.48E-05	7.18E-06	5.77E-06	-1.16E-05
340	9	0	0	0	0	0	0	232	254	0	-2.43E-05	4.96E-06	1.58E-05	-1.36E-05
340	10	0	0	0	0	0	0	232	254	0	-2.41E-05	4.33E-06	1.54E-06	-1.36E-05
340	11	0	0	0	0	0	0	232	254	0	-2.41E-05	4.33E-06	1.54E-06	-1.36E-05
340	12	0	0	0	0	0	0	232	254	0	-2.25E-05	3.36E-06	-1.14E-05	-1.14E-05
340	13	0	0	0	0	0	0	232	254	0	-2.25E-05	3.36E-06	-1.14E-05	-1.14E-05
340	14	0	0	0	0	0	0	232	254	0	-2.15E-05	4.69E-06	-2.61E-06	-9.67E-06
340	15	0	0	0	0	0	0	232	254	0	-2.15E-05	4.69E-06	-2.61E-06	-9.67E-06
340	16	0	0	0	0	0	0	232	254	0	-2.05E-05	6.74E-06	-2.41E-06	-1.02E-05
340	17	0	0	0	0	0	0	232	254	0	-2.05E-05	6.74E-06	-2.41E-06	-1.02E-05
340	18	0	0	0	0	0	0	232	254	0	-2.04E-05	8.14E-06	-1.09E-05	-1.01E-05
340	19	0	0	0	0	0	0	232	254	0	-2.05E-05	9.72E-06	-1.80E-05	-1.01E-05
341	0	0	0	0	0	0	0	232	254	0	-2.05E-05	9.72E-06	-1.80E-05	-1.01E-05
341	1	0	0	0	0	0	0	232	254	0	-1.95E-05	1.05E-05	-1.43E-05	-9.24E-06
341	2	0	0	0	0	0	0	232	254	0	-1.95E-05	1.05E-05	-1.43E-05	-9.24E-06
341	3	0	0	0	0	0	0	232	254	0	-1.99E-05	9.66E-06	-1.40E-05	-1.01E-05
341	4	0	0	0	0	0	0	232	254	0	-1.99E-05	9.66E-06	-1.40E-05	-1.01E-05
341	5	0	0	0	0	0	0	232	254	0	-1.90E-05	8.18E-06	-1.10E-05	-9.23E-06
341	6	0	0	0	0	0	0	232	254	0	-1.90E-05	8.18E-06	-1.10E-05	-9.23E-06
341	7	0	0	0	0	0	0	232	254	0	-1.83E-05	7.40E-06	-1.61E-06	-9.23E-06
341	8	0	0	0	0	0	0	232	254	0	-1.86E-05	4.31E-06	-2.43E-06	-9.26E-06
341	9	0	0	0	0	0	0	232	254	0	-1.86E-05	4.31E-06	-2.43E-06	-9.26E-06
341	10	0	0	0	0	0	0	232	254	0	-2.03E-05	3.44E-06	-4.80E-06	-9.45E-06
341	11	0	0	0	0	0	0	232	254	0	-2.03E-05	3.44E-06	-4.80E-06	-9.45E-06
341	12	0	0	0	0	0	0	232	254	0	-2.05E-05	6.37E-06	-1.06E-05	-9.96E-06
341	13	0	0	0	0	0	0	232	254	0	-2.05E-05	6.37E-06	-1.06E-05	-9.96E-06
341	14	0	0	0	0	0	0	232	254	0	-2.02E-05	9.23E-06	-1.21E-05	-1.14E-05
341	15	0	0	0	0	0	0	232	254	0	-2.02E-05	9.23E-06	-1.21E-05	-1.14E-05
341	16	0	0	0	0	0	0	232	254	0	-1.97E-05	8.98E-06	-8.88E-06	-1.22E-05
341	17	0	0	0	0	0	0	232	254	0	-1.92E-05	7.60E-06	-1.10E-05	-1.11E-05
341	18	0	0	0	0	0	0	232	254	0	-1.92E-05	7.60E-06	-1.10E-05	-1.11E-05
341	19	0	0	0	0	0	0	232	254	0	-1.96E-05	7.79E-06	-1.13E-05	-1.25E-05
342	0	0	0	0	0	0	0	232	254	0	-1.96E-05	7.79E-06	-1.13E-05	-1.25E-05
342	1	0	0	0	0	0	0	232	254	0	-2.12E-05	6.92E-06	-5.41E-06	-1.29E-05
342	2	0	0	0	0	0	0	232	254	0	-2.12E-05	6.92E-06	-5.41E-06	-1.29E-05
342	3	0	0	0	0	0	0	232	254	0	-2.03E-05	4.81E-06	-3.90E-06	-1.32E-05
342	4	0	0	0	0	0	0	232	254	0	-2.03E-05	4.81E-06	-3.90E-06	-1.32E-05
342	5	0	0	0	0	0	0	232	254	0	-2.01E-05	2.72E-06	-1.09E-05	-1.50E-05
342	6	0	0	0	0	0	0	232	254	0	-1.90E-05	3.96E-06	-1.04E-05	-1.51E-05
342	7	0	0	0	0	0	0	232	254	0	-1.90E-05	3.96E-06	-1.04E-05	-1.51E-05
342	8	0	0	0	0	0	0	232	254	0	-1.94E-05	4.04E-06	-7.45E-06	-1.50E-05
342	9	0	0	0	0	0	0	232	254	0	-1.94E-05	4.04E-06	-7.45E-06	-1.50E-05
342	10	0	0	0	0	0	0	232	254	0	-2.20E-05	7.80E-07	-6.04E-06	-1.51E-05
342	11	0	0	0	0	0	0	232	254	0	-2.20E-05	7.80E-07	-6.04E-06	-1.51E-05
342	12	0	0	0	0	0	0	232	254	0	-2.22E-05	-1.46E-06	-7.55E-07	-1.38E-05
342	13	0	0	0	0	0	0	232	254	0	-2.22E-05	-1.46E-06	-7.55E-07	-1.38E-05
342	14	0	0	0	0	0	0	232	254	0	-2.13E-05	-1.27E-06	1.51E-06	-1.44E-05
342	15	0	0	0	0	0	0	232	254	0	-2.11E-05	-1.87E-06	1.24E-06	-1.46E-05
342	16	0	0	0	0	0	0	232	254	0	-2.11E-05	-1.87E-06	1.24E-06	-1.46E-05
342	17	0	0	0	0	0	0	232	254	0	-2.17E-05	-1.96E-06	5.79E-06	-1.26E-05
342	18	0	0	0	0	0	0	232	254	0	-2.17E-05	-1.96E-06	5.79E-06	-1.26E-05
342	19	0	0	0	0	0	0	232	254	0	-2.17E-05	-1.60E-06	3.17E-06	-1.11E-05
343	0	0	0	0	0	0	0	232	254	0	-2.17E-05	-1.60E-06	3.17E-06	-1.11E-05
343	1	0	0	0	0	0	0	232	254	0	-2.11E-05	-1.15E-06	-2.34E-05	-1.24E-05
343	2	0	0	0	0	0	0	232	254	0	-2.11E-05	-1.15E-06	-2.34E-05	-1.24E-05
343	3	0	0	0	0	0	0	232	254	0	-1.96E-05	-7.35E-07	-3.90E-05	-1.29E-05
343	4	0	0	0	0	0	0	232	254	0	-1.96E-05	1.18E-06	-2.31E-05	-1.18E-05
343	5	0	0	0	0	0	0	232	254	0	-1.96E-05	1.18E-06	-2.31E-05	-1.18E-05
343	6	0	0	0	0	0	0	232	254	0	-2.11E-05	2.89E-06	-7.53E-06	-1.25E-05
343	7	0	0	0	0	0	0	232	254	0	-2.11E-05	2.89E-06	-7.53E-06	-1.25E-05
343	8	0	0	0	0	0	0	232	254	0	-2.11E-05	1.13E-06	-5.26E-06	-1.40E-05
343	9	0	0	0	0	0	0	232	254	0	-2.11E-05	1.13E-06	-5.26E-06	-1.40E-05
343	10	0	0	0	0	0	0	232	254	0	-2.11E-05	1.09E-06	-1.47E-05	-1.41E-05
343	11	0	0	0	0	0	0	232	254	0	-2.11E-05	1.09E-06	-1.47E-05	-1.41E-05
343	12	0	0	0	0	0	0	232	254	0	-2.16E-05	3.11E-06	-1.03E-05	-1.42E-05
343	13	0	0	0	0	0	0	232	254	0	-2.13E-05	7.02E-06	-7.34E-06	-1.58E-05
343	14	0	0	0	0	0	0	232	254	0	-2.13E-05	7.02E-06	-7.34E-06	-1.58E-05
343	15	0	0	0	0	0	0	232	254	0	-2.21E-05	9.78E-06	-2.21E-05	-1.54E-05
343	16	0	0	0	0	0	0	232	254	0	-2.21E-05	9.78E-06	-2.21E-05	-1.54E-05
343	17	0	0	0	0	0	0	232	254	0	-2.15E-05	1.00E-05	-2.28E-05	-1.44E-05
343	18	0	0	0	0	0	0	232	254	0	-2.15E-05	1.00E-05	-2.28E-05	-1.44E-05
343	19	0	0	0	0	0	0	232	254	0	-2.05E-05	9.54E-06	-1.07E-05	-1.50E-05
344	0	0	0	0	0	0	0	232	254	0	-2.05E-05	9.54E-06	-1.07E-05	-1.50E-05
344	1	0	0	0	0	0	0	232	254	0	-2.07E-05	8.12E-06	-4.61E-06	-1.49E-05
344	2	0	0	0	0	0	0	232	254	0	-2.17E-05	6.35E-06	-2.22E-05	-1.34E-05
344	3	0	0	0	0	0	0	232	254	0	-2.17E-05	6.35E-06	-2.22E-05	-1.34E-05
344	4	0	0	0	0	0	0	232	254	0	-2.18E-05	5.20E-06	-3.66E-05	-1.26E-05
344	5	0	0	0	0	0	0	232	254	0	-2.18E-05	5.20E-06	-3.66E-05	-1.26E-05
344	6	0	0	0	0	0	0	232	254	0	-2.17E-05	5.10E-06	-3.14E-05	-1.31E-05
344	7	0	0	0	0	0	0	232	254	0	-2.17E-05	5.10E-06	-3.14E-05	-1.31E-05
344	8	0	0	0	0	0	0	232	254	0	-2.04E-05	4.58E-06	-2.24E-05	-1.43E-05
344	9	0	0	0	0	0	0	232	254	0	-2.04E-05	4.58E-06	-2.24E-05	-1.43E-05
344	10	0	0	0	0	0	0	232	254	0	-2.05E-05	4.97E-06	-1.41E-05	-1.43E-05
344	11	0	0	0	0	0	0	232	254	0	-1.95E-05	5.29E-06	-3.71E-06	-1.42E-05
344	12	0	0	0	0	0	0	232	254	0	-1.95E-05	5.29E-06	-3.71E-06	-1.42E-05
344	13	0	0	0	0	0	0	232	254	0	-1.90E-05	3.76E-06	1.85E-05	-1.38E-05
344	14	0	0	0	0	0	0	232	254	0	-1.90E-05	3.76E-06	1.85E-05	-1.38E-05
344	15	0	0	0	0	0	0	232	254	0	-1.94E-05	2.97E-06	2.70E-05	-1.24E-05
344	16	0	0	0	0	0	0	232	254	0	-1.94E-05	2.97E-06	2.70E-05	-1.24E-05
344	17	0	0	0	0	0	0	232	254	0	-2.12E-05	1.58E-06	1.09E-05	-1.07E-05
344	18	0	0	0	0	0	0	232	254	0	-2.12E-05	1.58E-06	1.09E-05	-1.07E-05
344	19	0	0	0	0	0	0	232	254	0	-2.13E-05	9.33E-07	-1.16E-06	-1.17E-05
345	0	0	0	0	0	0	0	232	254	0	-2.14E-05	4.54E-07	-1.69E-06	-1.31E-05
345	1	0	0	0	0	0	0	232	254	0	-2.14E-05	4.54E-07	-1.69E-06	-1.31E-05
345	2	0	0	0	0	0	0	232	254	0	-2.17E-05	-7.94E-08	-3.51E-07	-1.23E-05
345	3	0	0	0	0	0	0	232	254	0	-2.17E-05	-7.94E-08	-3.51E-07	-1.23E-05
345	4	0	0	0	0	0	0	232	254	0	-2.19E-05	-1.73E-06	-3.78E-06	-1.23E-05
345	5	0	0	0	0	0	0	232	254	0	-2.19E-05	-1.73E-06	-3.78E-06	-1.23E-05
345	6	0	0	0	0	0	0	232	254	0	-2.22E-05	-2.80E-06	-6.75E-06	-1.24E-05
345	7	0	0	0	0	0	0	232	254	0	-2.22E-05	-2.80E-06	-6.75E-06	-1.24E-05
345	8	0	0	0	0	0	0	232	254	0	-2.14E-05	-1.46E-06	-1.04E-05	-1.26E-05
345	9	0	0	0	0	0	0	232	254	0	-1.98E-05	-1.08E-06	-1.30E-05	-1.27E-05
345	10	0	0	0	0	0	0	232	254	0	-1.98E-05	-1.08E-06	-1.30E-05	-1.27E-05
345	11	0	0	0	0	0	0	232	254	0	-1.86E-05	-1.82E-07	-1.12E-05	-1.34E-05
345	12	0	0	0	0	0	0	232	254	0	-1.86E-05	-1.82E-07	-1.12E-05	-1.34E-05
345	13	0	0	0	0	0	0	232	254	0	-1.87E-05	1.80E-06	-9.58E-06	-1.20E-05
345	14	0	0	0	0	0	0	232	254	0	-1.87E-05	1.80E-06	-9.58E-06	-1.20E-05
345	15	0	0	0	0	0	0	232	254	0	-1.96E-05	2.57E-06	-7.87E-06	-1.05E-05
345	16	0	0	0	0	0	0	232	254	0	-1.96E-05	2.57E-06	-7.87E-06	-1.05E-05
345	17	0	0	0	0	0	0	232	254	0	-2.30E-05	3.20E-06	-9.20E-06	-1.21E-05
345	18	0	0	0	0	0	0	232	254	0	-2.30E-05	5.67E-06	-1.22E-05	-1.07E-05
345	19	0	0	0	0	0	0	232	254	0	-2.30E-05	5.67E-06	-1.22E-05	-1.07E-05
346	0	0	0	0	0	0	0	232	254	0	-2.30E-05	8.39E-06	-1.36E-05	-9.86E-06
346	1	0	0	0	0	0	0	232	254	0	-2.30E-05	8.39E-06	-1.36E-05	-9.86E-06
346	2	0	0	0	0	0	0	232	254	0	-2.31E-05	8.47E-06	-1.35E-05	-1.21E-05
346	3	0	0	0	0	0	0	232	254	0	-2.31E-05	8.47E-06	-1.35E-05	-1.21E-05
346	4	0	0	0	0	0	0	232	254	0	-2.30E-05	8.55E-06	-1.24E-05	-1.52E-05
346	5	0	0	0	0	0	0	232	254	0	-2.30E-05	8.55E-06	-1.24E-05	-1.52E-05
346	6	0	0	0	0	0	0	232	254	0	-2.27E-05	6.55E-06	-9.37E-06	-1.56E-05
346	7	0	0	0	0	0	0	232	254	0	-2.13E-05	6.69E-06	-7.58E-06	-1.43E-05
346	8	0	0	0	0	0	0	232	254	0	-2.13E-05	6.69E-06	-7.58E-06	-1.43E-05
346	9	0	0	0	0	0	0	232	254	0	-2.13E-05	7.01E-06	-4.31E-06	-1.37E-05
346	10	0	0	0	0	0	0	232	254	0	-2.13E-05	7.01E-06	-4.31E-06	-1.37E-05
346	11	0	0	0	0	0	0	232	254	0	-2.27E-05	3.51E-06	-7.67E-06	-1.45E-05
346	12	0	0	0	0	0	0	232	254	0	-2.27E-05	3.51E-06	-7.67E-06	-1.45E-05
346	13	0	0	0	0	0	0	232	254	0	-2.10E-05	1.46E-06	-1.27E-05	-1.48E-05
346	14	0	0	0	0	0	0	232	254	0	-2.10E-05	1.46E-06	-1.27E-05	-1.48E-05
346	15	0	0	0	0	0	0	232	254	0	-2.05E-05	1.20E-06	-1.54E-05	-1.43E-05
346	16	0	0	0	0	0	0	232	254	0	-2.14E-05	1.59E-06	-1.36E-05	-1.42E-05
346	17	0	0	0	0	0	0	232	254	0	-2.14E-05	1.59E-06	-1.36E-05	-1.42E-05
346	18	0	0	0	0	0	0	232	254	0	-2.17E-05	3.24E-06	-1.15E-05	-1.35E-05
346	19	0	0	0	0	0	0	232	254	0	-2.17E-05	3.24E-06	-1.15E-05	-1.35E-05
347	0	0	0	0	0	0	0	232	254	0	-2.16E-05	4.61E-06	-9.36E-06	-1.32E-05
347	1	0	0	0	0	0	0	232	254	0	-2.16E-05	4.61E-06	-9.36E-06	-1.32E-05
347	2	0	0	0	0	0	0	232	254	0	-2.14E-05	4.79E-06	-9.33E-06	-1.34E-05
347	3	0	0	0	0	0	0	232	254	0	-2.14E-05	4.79E-06	-9.33E-06	-1.34E-05
347	4	0	0	0	0	0	0	232	254	0	-2.14E-05	3.28E-06	-4.27E-06	-1.25E-05
347	5	0	0	0	0	0	0	232	254	0	-1.97E-05	3.40E-06	4.15E-07	-1.17E-05
347	6	0	0	0	0	0	0	232	254	0	-1.97E-05	3.40E-06	4.15E-07	-1.17E-05
347	7	0	0	0	0	0	0	232	254	0	-2.05E-05	7.04E-06	1.95E-06	-1.14E-05
347	8	0	0	0	0	0	0	232	254	0	-2.05E-05	7.04E-06	1.95E-06	-1.14E-05
347	9	0	0	0	0	0	0	232	254	0	-2.11E-05	9.71E-06	2.42E-06	-1.10E-05
347	10	0	0	0	0	0	0	232	254	0	-2.11E-05	9.71E-06	2.42E-06	-1.10E-05
347	11	0	0	0	0	0	0	232	254	0	-1.97E-05	8.61E-06	7.57E-07	-9.42E-06
347	12	0	0	0	0	0	0	232	254	0	-1.97E-05	8.61E-06	7.57E-07	-9.42E-06
347	13	0	0	0	0	0	0	232	254	0	-1.99E-05	9.07E-06	-8.41E-06	-9.03E-06
347	14	0	0	0	0	0	0	232	254	0	-2.04E-05	1.01E-05	-2.76E-05	-1.17E-05
347	15	0	0	0	0	0	0	232	254	0	-2.04E-05	1.01E-05	-2.76E-05	-1.17E-05
347	16	0	0	0	0	0	0	232	254	0	-2.10E-05	9.87E-06	-3.98E-05	-1.12E-05
347	17	0	0	0	0	0	0	232	254	0	-2.10E-05	9.87E-06	-3.98E-05	-1.12E-05
347	18	0	0	0	0	0	0	232	254	0	-2.13E-05	7.50E-06	-1.96E-05	-1.09E-05
347	19	0	0	0	0	0	0	232	254	0	-2.13E-05	7.50E-06	-1.96E-05	-1.09E-05
348	0	0	0	0	0	0	0	232	254	0	-2.25E-05	6.16E-06	-5.08E-06	-1.11E-05
348	1	0	0	0	0	0	0	232	254	0	-2.25E-05	6.16E-06	-5.08E-06	-1.11E-05
348	2	0	0	0	0	0	0	232	254	0	-2.19E-05	5.70E-06	-2.26E-05	-1.27E-05
348	3	0	0	0	0	0	0	232	254	0	-1.92E-05	4.58E-06	-1.77E-05	-1.44E-05
348	4	0	0	0	0	0	0	232	254	0	-1.92E-05	4.58E-06	-1.77E-05	-1.44E-05
348	5	0	0	0	0	0	0	232	254	0	-1.69E-05	3.66E-06	2.30E-06	-1.44E-05
348	6	0	0	0	0	0	0	232	254	0	-1.69E-05	3.66E-06	2.30E-06	-1.44E-05
348	7	0	0	0	0	0	0	232	254	0	-1.84E-05	2.62E-06	-4.31E-06	-1.47E-05
348	8	0	0	0	0	0	0	232	254	0	-1.84E-05	2.62E-06	-4.31E-06	-1.47E-05
348	9	0	0	0	0	0	0	232	254	0	-1.90E-05	3.29E-06	-1.27E-05	-1.68E-05
348	10	0	0	0	0	0	0	232	254	0	-1.90E-05	3.29E-06	-1.27E-05	-1.68E-05
348	11	0	0	0	0	0	0	232	254	0	-1.97E-05	3.89E-06	-1.08E-05	-1.53E-05
348	12	0	0	0	0	0	0	232	254	0	-2.23E-05	4.15E-06	-7.53E-08	-1.33E-05
348	13	0	0	0	0	0	0	232	254	0	-2.23E-05	4.15E-06	-7.53E-08	-1.33E-05
348	14	0	0	0	0	0	0	232	254	0	-2.43E-05	4.79E-06	8.52E-06	-1.14E-05
348	15	0	0	0	0	0	0	232	254	0	-2.43E-05	4.79E-06	8.52E-06	-1.14E-05
348	16	0	0	0	0	0	0	232	254	0	-2.41E-05	4.39E-06	9.40E-06	-1.06E-05
348	17	0	0	0	0	0	0	232	254	0	-2.41E-05	4.39E-06	9.40E-06	-1.06E-05
348	18	0	0	0	0	0	0	232	254	0	-2.26E-05	4.58E-06	3.10E-06	-1.08E-05
348	19	0	0	0	0	0	0	232	254	0	-2.26E-05	4.58E-06	3.10E-06	-1.08E-05
349	0	0	0	0	0	0	0	232	254	0	-2.05E-05	4.79E-06	-6.84E-06	-1.03E-05
349	1	0	0	0	0	0	0	232	254	0	-2.03E-05	4.36E-06	-1.57E-05	-1.11E-05
349	2	0	0	0	0	0	0	232	254	0	-2.03E-05	4.36E-06	-1.57E-05	-1.11E-05
349	3	0	0	0	0	0	0	232	254	0	-2.01E-05	4.29E-06	-1.11E-05	-1.22E-05
349	4	0	0	0	0	0	0	232	254	0	-2.01E-05	4.29E-06	-1.11E-05	-1.22E-05
349	5	0	0	0	0	0	0	232	254	0	-1.91E-05	3.32E-06	-7.53E-06	-1.09E-05
349	6	0	0	0	0	0	0	232	254	0	-1.91E-05	3.32E-06	-7.53E-06	-1.09E-05
349	7	0	0	0	0	0	0	232	254	0	-1.96E-05	-7.97E-08	-2.90E-05	-6.83E-06
349	8	0	0	0	0	0	0	232	254	0	-1.96E-05	-7.97E-08	-2.90E-05	-6.83E-06
349	9	0	0	0	0	0	0	232	254	0	-1.98E-05	-1.09E-06	-2.13E-05	-7.19E-06
349	10	0	0	0	0	0	0	232	254	0	-2.17E-05	1.42E-06	-3.47E-06	-1.13E-05
349	11	0	0	0	0	0	0	232	254	0	-2.17E-05	1.42E-06	-3.47E-06	-1.13E-05
349	12	0	0	0	0	0	0	232	254	0	-2.32E-05	1.85E-06	-2.17E-05	-1.35E-05
349	13	0	0	0	0	0	0	232	254	0	-2.32E-05	1.85E-06	-2.17E-05	-1.35E-05
349	14	0	0	0	0	0	0	232	254	0	-2.44E-05	1.97E-06	-3.28E-05	-1.35E-05
349	15	0	0	0	0	0	0	232	254	0	-2.44E-05	1.97E-06	-3.28E-05	-1.35E-05
349	16	0	0	0	0	0	0	232	254	0	-2.49E-05	2.88E-06	-2.75E-05	-1.26E-05
349	17	0	0	0	0	0	0	232	254	0	-2.49E-05	2.88E-06	-2.75E-05	-1.26E-05
349	18	0	0	0	0	0	0	232	254	0	-2.37E-05	4.08E-06	-1.66E-05	-1.13E-05
349	19	0	0	0	0	0	0	232	254	0	-2.14E-05	4.39E-06	-6.93E-06	-1.38E-05
350	0	0	0	0	0	0	0	232	254	0	-2.14E-05	4.39E-06	-6.93E-06	-1.38E-05
350	1	0	0	0	0	0	0	232	254	0	-1.97E-05	4.33E-06	-7.59E-06	-1.50E-05
350	2	0	0	0	0	0	0	232	254	0	-1.97E-05	4.33E-06	-7.59E-06	-1.50E-05
350	3	0	0	0	0	0	0	232	254	0	-2.02E-05	3.63E-06	-9.81E-06	-1.52E-05
350	4	0	0	0	0	0	0	232	254	0	-2.02E-05	3.63E-06	-9.81E-06	-1.52E-05
350	5	0	0	0	0	0	0	232	254	0	-2.15E-05	6.31E-06	-1.00E-05	-1.48E-05
350	6	0	0	0	0	0	0	232	254	0	-2.15E-05	6.31E-06	-1.00E-05	-1.48E-05
350	7	0	0	0	0	0	0	232	254	0	-2.12E-05	7.23E-06	-8.60E-06	-1.37E-05
350	8	0	0	0	0	0	0	232	254	0	-2.03E-05	9.38E-06	-7.53E-06	-1.36E-05
350	9	0	0	0	0	0	0	232	254	0	-2.03E-05	9.38E-06	-7.53E-06	-1.36E-05
350	10	0	0	0	0	0	0	232	254	0	-1.93E-05	1.02E-05	-1.08E-05	-1.36E-05
350	11	0	0	0	0	0	0	232	254	0	-1.93E-05	1.02E-05	-1.08E-05	-1.36E-05
350	12	0	0	0	0	0	0	232	254	0	-1.88E-05	1.04E-05	-7.93E-06	-1.25E-05
350	13	0	0	0	0	0	0	232	254	0	-1.88E-05	1.04E-05	-7.93E-06	-1.25E-05
350	14	0	0	0	0	0	0	232	254	0	-1.76E-05	1.13E-05	-6.04E-06	-1.27E-05
350	15	0	0	0	0	0	0	232	254	0	-1.76E-05	1.13E-05	-6.04E-06	-1.27E-05
350	16	0	0	0	0	0	0	232	254	0	-1.79E-05	1.13E-05	-4.05E-06	-1.15E-05
350	17	0	0	0	0	0	0	232	254	0	-2.00E-05	7.42E-06	2.72E-06	-1.05E-05
350	18	0	0	0	0	0	0	232	254	0	-2.00E-05	7.42E-06	2.72E-06	-1.05E-05
350	19	0	0	0	0	0	0	232	254	0	-2.24E-05	4.45E-06	6.08E-06	-8.69E-06
351	0	0	0	0	0	0	0	232	254	0	-2.24E-05	4.45E-06	6.08E-06	-8.69E-06
351	1	0	0	0	0	0	0	232	254	0	-2.26E-05	3.10E-06	-8.84E-06	-1.16E-05
351	2	0	0	0	0	0	0	232	254	0	-2.26E-05	3.10E-06	-8.84E-06	-1.16E-05
351	3	0	0	0	0	0	0	232	254	0	-2.30E-05	3.90E-06	-4.91E-06	-1.24E-05
351	4	0	0	0	0	0	0	232	254	0	-2.30E-05	3.90E-06	-4.91E-06	-1.24E-05
351	5	0	0	0	0	0	0	232	254	0	-2.62E-05	6.02E-06	3.47E-06	-1.23E-05
351	6	0	0	0	0	0	0	232	254	0	-2.64E-05	5.23E-06	-2.96E-06	-1.27E-05
351	7	0	0	0	0	0	0	232	254	0	-2.64E-05	5.23E-06	-2.96E-06	-1.27E-05
351	8	0	0	0	0	0	0	232	254	0	-2.27E-05	1.16E-06	-5.47E-06	-1.41E-05
351	9	0	0	0	0	0	0	232	254	0	-2.27E-05	1.16E-06	-5.47E-06	-1.41E-05
351	10	0	0	0	0	0	0	232	254	0	-2.20E-05	-1.09E-06	-1.03E-05	-1.29E-05
351	11	0	0	0	0	0	0	232	254	0	-2.20E-05	-1.09E-06	-1.03E-05	-1.29E-05
351	12	0	0	0	0	0	0	232	254	0	-2.14E-05	-2.39E-06	-5.71E-06	-1.27E-05
351	13	0	0	0	0	0	0	232	254	0	-2.14E-05	-2.39E-06	-5.71E-06	-1.27E-05
351	14	0	0	0	0	0	0	232	254	0	-1.82E-05	-1.16E-06	2.44E-06	-1.14E-05
351	15	0	0	0	0	0	0	232	254	0	-1.78E-05	1.90E-06	3.63E-06	-1.25E-05
351	16	0	0	0	0	0	0	232	254	0	-1.78E-05	1.90E-06	3.63E-06	-1.25E-05
351	17	0	0	0	0	0	0	232	254	0	-1.64E-05	2.43E-06	-5.66E-06	-1.33E-05
351	18	0	0	0	0	0	0	232	254	0	-1.64E-05	2.43E-06	-5.66E-06	-1.33E-05
351	19	0	0	0	0	0	0	232	254	0	-1.34E-05	4.16E-06	-1.86E-05	-1.16E-05
352	0	0	0	0	0	0	0	232	254	0	-1.34E-05	4.16E-06	-1.86E-05	-1.16E-05
352	1	0	0	0	0	0	0	232	254	0	-1.44E-05	6.27E-06	-2.06E-05	-1.22E-05
352	2	0	0	0	0	0	0	232	254	0	-1.44E-05	6.27E-06	-2.06E-05	-1.22E-05
352	3	0	0	0	0	0	0	232	254	0	-1.54E-05	8.71E-06	-8.99E-06	-1.39E-05
352	4	0	0	0	0	0	0	232	254	0	-1.50E-05	9.07E-06	-1.46E-06	-1.38E-05
352	5	0	0	0	0	0	0	232	254	0	-1.50E-05	9.07E-06	-1.46E-06	-1.38E-05
352	6	0	0	0	0	0	0	232	254	0	-1.58E-05	5.96E-06	-5.31E-06	-1.41E-05
352	7	0	0	0	0	0	0	232	254	0	-1.58E-05	5.96E-06	-5.31E-06	-1.41E-05
352	8	0	0	0	0	0	0	232	254	0	-1.69E-05	4.14E-06	-7.67E-06	-1.30E-05
352	9	0	0	0	0	0	0	232	254	0	-1.69E-05	4.14E-06	-7.67E-06	-1.30E-05
352	10	0	0	0	0	0	0	232	254	0	-1.81E-05	2.19E-06	-1.29E-05	-1.17E-05
352	11	0	0	0	0	0	0	232	254	0	-1.81E-05	2.19E-06	-1.29E-05	-1.17E-05
352	12	0	0	0	0	0	0	232	254	0	-2.11E-05	4.30E-06	-1.55E-05	-1.19E-05
352	13	0	0	0	0	0	0	232	254	0	-2.07E-05	4.77E-06	-8.04E-06	-1.37E-05
352	14	0	0	0	0	0	0	232	254	0	-2.07E-05	4.77E-06	-8.04E-06	-1.37E-05
352	15	0	0	0	0	0	0	232	254	0	-2.05E-05	4.49E-06	-8.85E-06	-1.46E-05
352	16	0	0	0	0	0	0	232	254	0	-2.05E-05	4.49E-06	-8.85E-06	-1.46E-05
352	17	0	0	0	0	0	0	232	254	0	-1.80E-05	6.36E-06	-8.46E-06	-1.46E-05
352	18	0	0	0	0	0	0	232	254	0	-1.80E-05	6.36E-06	-8.46E-06	-1.46E-05
352	19	0	0	0	0	0	0	232	254	0	-1.93E-05	7.27E-06	-7.94E-06	-1.55E-05
353	0	0	0	0	0	0	0	232	254	0	-1.93E-05	7.27E-06	-7.94E-06	-1.55E-05
353	1	0	0	0	0	0	0	232	254	0	-1.92E-05	7.50E-06	-8.37E-06	-1.47E-05
353	2	0	0	0	0	0	0	232	254	0	-1.99E-05	7.37E-06	-9.53E-06	-1.31E-05
353	3	0	0	0	0	0	0	232	254	0	-1.99E-05	7.37E-06	-9.53E-06	-1.31E-05
353	4	0	0	0	0	0	0	232	254	0	-2.09E-05	8.18E-06	-1.06E-05	-1.23E-05
353	5	0	0	0	0	0	0	232	254	0	-2.09E-05	8.18E-06	-1.06E-05	-1.23E-05
353	6	0	0	0	0	0	0	232	254	0	-2.28E-05	8.19E-06	-6.29E-06	-1.28E-05
353	7	0	0	0	0	0	0	232	254	0	-2.28E-05	8.19E-06	-6.29E-06	-1.28E-05
353	8	0	0	0	0	0	0	232	254	0	-2.36E-05	9.90E-06	-3.45E-06	-1.33E-05
353	9	0	0	0	0	0	0	232	254	0	-2.36E-05	9.90E-06	-3.45E-06	-1.33E-05
353	10	0	0	0	0	0	0	232	254	0	-2.54E-05	9.78E-06	-7.35E-06	-1.35E-05
353	11	0	0	0	0	0	0	232	254	0	-2.79E-05	8.94E-06	-1.04E-05	-1.33E-05
353	12	0	0	0	0	0	0	232	254	0	-2.79E-05	8.94E-06	-1.04E-05	-1.33E-05
353	13	0	0	0	0	0	0	232	254	0	-2.80E-05	7.95E-06	-1.22E-05	-1.20E-05
353	14	0	0	0	0	0	0	232	254	0	-2.80E-05	7.95E-06	-1.22E-05	-1.20E-05
353	15	0	0	0	0	0	0	232	254	0	-2.59E-05	6.73E-06	-1.17E-05	-1.23E-05
353	16	0	0	0	0	0	0	232	254	0	-2.59E-05	6.73E-06	-1.17E-05	-1.23E-05
353	17	0	0	0	0	0	0	232	254	0	-2.39E-05	9.10E-06	-1.23E-05	-1.23E-05
353	18	0	0	0	0	0	0	232	254	0	-2.39E-05	9.10E-06	-1.23E-05	-1.23E-05
353	19	0	0	0	0	0	0	232	254	0	-2.32E-05	1.07E-05	-1.23E-05	-1.15E-05
354	0	0	0	0	0	0	0	232	254	0	-2.23E-05	7.06E-06	-9.74E-06	-1.13E-05
354	1	0	0	0	0	0	0	232	254	0	-2.23E-05	7.06E-06	-9.74E-06	-1.13E-05
354	2	0	0	0	0	0	0	232	254	0	-2.22E-05	4.25E-06	-5.78E-06	-1.15E-05
354	3	0	0	0	0	0	0	232	254	0	-2.22E-05	4.25E-06	-5.78E-06	-1.15E-05
354	4	0	0	0	0	0	0	232	254	0	-2.24E-05	4.06E-06	-5.75E-06	-1.13E-05
354	5	0	0	0	0	0	0	232	254	0	-2.24E-05	4.06E-06	-5.75E-06	-1.13E-05
354	6	0	0	0	0	0	0	232	254	0	-2.18E-05	1.19E-06	-8.45E-06	-1.25E-05
354	7	0	0	0	0	0	0	232	254	0	-2.18E-05	1.19E-06	-8.45E-06	-1.25E-05
354	8	0	0	0	0	0	0	232	254	0	-2.19E-05	3.61E-07	-5.63E-06	-1.40E-05
354	9	0	0	0	0	0	0	232	254	0	-2.28E-05	3.55E-07	-4.92E-06	-1.44E-05
354	10	0	0	0	0	0	0	232	254	0	-2.28E-05	3.55E-07	-4.92E-06	-1.44E-05
354	11	0	0	0	0	0	0	232	254	0	-2.22E-05	-6.77E-07	-9.93E-06	-1.33E-05
354	12	0	0	0	0	0	0	232	254	0	-2.22E-05	-6.77E-07	-9.93E-06	-1.33E-05
354	13	0	0	0	0	0	0	232	254	0	-2.38E-05	-1.60E-06	-1.85E-05	-1.37E-05
354	14	0	0	0	0	0	0	232	254	0	-2.38E-05	-1.60E-06	-1.85E-05	-1.37E-05
354	15	0	0	0	0	0	0	232	254	0	-2.39E-05	-7.28E-07	-3.89E-05	-1.42E-05
354	16	0	0	0	0	0	0	232	254	0	-2.39E-05	-7.28E-07	-3.89E-05	-1.42E-05
354	17	0	0	0	0	0	0	232	254	0	-2.17E-05	1.57E-06	-3.55E-05	-1.41E-05
354	18	0	0	0	0	0	0	232	254	0	-2.18E-05	-7.44E-08	-2.02E-05	-1.45E-05
354	19	0	0	0	0	0	0	232	254	0	-2.18E-05	-7.44E-08	-2.02E-05	-1.45E-05
355	0	0	0	0	0	0	0	232	254	0	-2.16E-05	-3.80E-07	-1.11E-05	-1.44E-05
355	1	0	0	0	0	0	0	232	254	0	-2.16E-05	-3.80E-07	-1.11E-05	-1.44E-05
355	2	0	0	0	0	0	0	232	254	0	-2.10E-05	3.85E-07	6.73E-06	-1.09E-05
355	3	0	0	0	0	0	0	232	254	0	-2.10E-05	3.85E-07	6.73E-06	-1.09E-05
355	4	0	0	0	0	0	0	232	254	0	-2.06E-05	7.46E-07	1.28E-05	-9.68E-06
355	5	0	0	0	0	0	0	232	254	0	-2.06E-05	7.46E-07	1.28E-05	-9.68E-06
355	6	0	0	0	0	0	0	232	254	0	-1.87E-05	1.37E-06	7.48E-06	-1.23E-05
355	7	0	0	0	0	0	0	232	254	0	-1.98E-05	3.14E-06	1.28E-06	-1.19E-05
355	8	0	0	0	0	0	0	232	254	0	-1.98E-05	3.14E-06	1.28E-06	-1.19E-05
355	9	0	0	0	0	0	0	232	254	0	-2.25E-05	6.99E-06	-8.32E-06	-1.00E-05
355	10	0	0	0	0	0	0	232	254	0	-2.25E-05	6.99E-06	-8.32E-06	-1.00E-05
355	11	0	0	0	0	0	0	232	254	0	-2.16E-05	7.92E-06	-1.11E-06	-1.09E-05
355	12	0	0	0	0	0	0	232	254	0	-2.16E-05	7.92E-06	-1.11E-06	-1.09E-05
355	13	0	0	0	0	0	0	232	254	0	-2.00E-05	4.02E-06	-8.38E-06	-1.28E-05
355	14	0	0	0	0	0	0	232	254	0	-2.00E-05	4.02E-06	-8.38E-06	-1.28E-05
355	15	0	0	0	0	0	0	232	254	0	-1.82E-05	3.52E-06	-1.83E-05	-1.32E-05
355	16	0	0	0	0	0	0	232	254	0	-1.85E-05	7.00E-06	-1.41E-05	-1.48E-05
355	17	0	0	0	0	0	0	232	254	0	-1.85E-05	7.00E-06	-1.41E-05	-1.48E-05
355	18	0	0	0	0	0	0	232	254	0	-1.80E-05	1.05E-05	-1.08E-05	-1.52E-05
355	19	0	0	0	0	0	0	232	254	0	-1.80E-05	1.05E-05	-1.08E-05	-1.52E-05
356	0	0	0	0	0	0	0	232	254	0	-1.84E-05	9.57E-06	-1.00E-05	-1.65E-05
356	1	0	0	0	0	0	0	232	254	0	-1.84E-05	9.57E-06	-1.00E-05	-1.65E-05
356	2	0	0	0	0	0	0	232	254	0	-2.04E-05	5.33E-06	-7.59E-06	-1.33E-05
356	3	0	0	0	0	0	0	232	254	0	-2.04E-05	5.33E-06	-7.59E-06	-1.33E-05
356	4	0	0	0	0	0	0	232	254	0	-1.81E-05	2.79E-06	-5.53E-06	-1.09E-05
356	5	0	0	0	0	0	0	232	254	0	-1.75E-05	5.53E-07	-3.92E-06	-1.36E-05
356	6	0	0	0	0	0	0	232	254	0	-1.75E-05	5.53E-07	-3.92E-06	-1.36E-05
356	7	0	0	0	0	0	0	232	254	0	-1.80E-05	5.42E-07	-6.61E-06	-1.36E-05
356	8	0	0	0	0	0	0	232	254	0	-1.80E-05	5.42E-07	-6.61E-06	-1.36E-05
356	9	0	0	0	0	0	0	232	254	0	-1.16E-05	-1.45E-06	-9.22E-06	-1.24E-05
356	10	0	0	0	0	0	0	232	254	0	-1.16E-05	-1.45E-06	-9.22E-06	-1.24E-05
356	11	0	0	0	0	0	0	232	254	0	-5.78E-06	-2.35E-06	-1.12E-05	-1.05E-05
356	12	0	0	0	0	0	0	232	254	0	-5.78E-06	-2.35E-06	-1.12E-05	-1.05E-05
356	13	0	0	0	0	0	0	232	254	0	-6.51E-06	1.54E-06	-1.13E-05	-6.21E-06
356	14	0	0	0	0	0	0	232	254	0	-8.97E-06	1.65E-06	-9.42E-06	-6.61E-06
356	15	0	0	0	0	0	0	232	254	0	-8.97E-06	1.65E-06	-9.42E-06	-6.61E-06
356	16	0	0	0	0	0	0	232	254	0	-1.46E-05	1.44E-06	-8.83E-06	-9.14E-06
356	17	0	0	0	0	0	0	232	254	0	-1.46E-05	1.44E-06	-8.83E-06	-9.14E-06
356	18	0	0	0	0	0	0	232	254	0	-2.27E-05	8.83E-07	-1.04E-05	-1.08E-05
356	19	0	0	0	0	0	0	232	254	0	-2.27E-05	8.83E-07	-1.04E-05	-1.08E-05
357	0	0	0	0	0	0	0	232	254	0	-2.59E-05	-1.05E-07	-1.00E-05	-1.27E-05
357	1	0	0	0	0	0	0	232	254	0	-2.59E-05	-1.05E-07	-1.00E-05	-1.27E-05
357	2	0	0	0	0	0	0	232	254	0	-2.73E-05	-1.78E-06	-8.82E-06	-1.40E-05
357	3	0	0	0	0	0	0	232	254	0	-2.96E-05	-1.73E-06	-8.86E-06	-1.35E-05
357	4	0	0	0	0	0	0	232	254	0	-2.96E-05	-1.73E-06	-8.86E-06	-1.35E-05
357	5	0	0	0	0	0	0	232	254	0	-3.13E-05	2.47E-06	-1.16E-05	-1.32E-05
357	6	0	0	0	0	0	0	232	254	0	-3.13E-05	2.47E-06	-1.16E-05	-1.32E-05
357	7	0	0	0	0	0	0	232	254	0	-2.85E-05	6.41E-06	-1.11E-05	-1.23E-05
357	8	0	0	0	0	0	0	232	254	0	-2.85E-05	6.41E-06	-1.11E-05	-1.23E-05
357	9	0	0	0	0	0	0	232	254	0	-2.77E-05	8.66E-06	-8.67E-06	-1.08E-05
357	10	0	0	0	0	0	0	232	254	0	-2.77E-05	8.66E-06	-8.67E-06	-1.08E-05
357	11	0	0	0	0	0	0	232	254	0	-2.78E-05	9.03E-06	-1.67E-05	-1.11E-05
357	12	0	0	0	0	0	0	232	254	0	-2.41E-05	7.34E-06	-2.43E-05	-1.25E-05
357	13	0	0	0	0	0	0	232	254	0	-2.41E-05	7.34E-06	-2.43E-05	-1.25E-05
357	14	0	0	0	0	0	0	232	254	0	-2.12E-05	3.85E-06	-1.19E-05	-1.35E-05
357	15	0	0	0	0	0	0	232	254	0	-2.12E-05	3.85E-06	-1.19E-05	-1.35E-05
357	16	0	0	0	0	0	0	232	254	0	-2.28E-05	1.75E-06	7.15E-07	-1.26E-05
357	17	0	0	0	0	0	0	232	254	0	-2.28E-05	1.75E-06	7.15E-07	-1.26E-05
357	18	0	0	0	0	0	0	232	254	0	-2.37E-05	1.37E-06	-5.21E-07	-1.10E-05
357	19	0	0	0	0	0	0	232	254	0	-2.37E-05	1.37E-06	-5.21E-07	-1.10E-05
358	0	0	0	0	0	0	0	232	254	0	-2.29E-05	2.47E-06	-3.77E-06	-1.16E-05
358	1	0	0	0	0	0	0	232	254	0	-2.17E-05	2.08E-06	-5.58E-06	-1.08E-05
358	2	0	0	0	0	0	0	232	254	0	-2.17E-05	2.08E-06	-5.58E-06	-1.08E-05
358	3	0	0	0	0	0	0	232	254	0	-2.18E-05	1.44E-06	-8.71E-06	-1.07E-05
358	4	0	0	0	0	0	0	232	254	0	-2.18E-05	1.44E-06	-8.71E-06	-1.07E-05
358	5	0	0	0	0	0	0	232	254	0	-2.26E-05	9.33E-07	-1.51E-05	-1.42E-05
358	6	0	0	0	0	0	0	232	254	0	-2.26E-05	9.33E-07	-1.51E-05	-1.42E-05
358	7	0	0	0	0	0	0	232	254	0	-2.37E-05	5.53E-07	-1.90E-05	-1.49E-05
358	8	0	0	0	0	0	0	232	254	0	-2.37E-05	5.53E-07	-1.90E-05	-1.49E-05
358	9	0	0	0	0	0	0	232	254	0	-2.15E-05	7.40E-07	-1.74E-05	-1.36E-05
358	10	0	0	0	0	0	0	232	254	0	-2.03E-05	4.41E-07	-1.44E-05	-1.15E-05
358	11	0	0	0	0	0	0	232	254	0	-2.03E-05	4.41E-07	-1.44E-05	-1.15E-05
358	12	0	0	0	0	0	0	232	254	0	-2.06E-05	2.51E-06	-1.29E-05	-9.44E-06
358	13	0	0	0	0	0	0	232	254	0	-2.06E-05	2.51E-06	-1.29E-05	-9.44E-06
358	14	0	0	0	0	0	0	232	254	0	-2.13E-05	5.32E-06	-6.52E-06	-1.18E-05
358	15	0	0	0	0	0	0	232	254	0	-2.13E-05	5.32E-06	-6.52E-06	-1.18E-05
358	16	0	0	0	0	0	0	232	254	0	-2.29E-05	5.11E-06	-2.62E-06	-1.31E-05
358	17	0	0	0	0	0	0	232	254	0	-2.29E-05	5.11E-06	-2.62E-06	-1.31E-05
358	18	0	0	0	0	0	0	232	254	0	-2.05E-05	5.84E-06	-4.01E-06	-1.28E-05
358	19	0	0	0	0	0	0	232	254	0	-1.95E-05	7.60E-06	-9.60E-06	-1.54E-05
359	0	0	0	0	0	0	0	232	254	0	-1.95E-05	7.60E-06	-9.60E-06	-1.54E-05
359	1	0	0	0	0	0	0	232	254	0	-1.74E-05	7.86E-06	-1.46E-05	-1.61E-05
359	2	0	0	0	0	0	0	232	254	0	-1.74E-05	7.86E-06	-1.46E-05	-1.61E-05
359	3	0	0	0	0	0	0	232	254	0	-1.03E-05	7.65E-06	-1.41E-05	-1.47E-05
359	4	0	0	0	0	0	0	232	254	0	-1.03E-05	7.65E-06	-1.41E-05	-1.47E-05
359	5	0	0	0	0	0	0	232	254	0	-3.44E-06	7.32E-06	-1.29E-05	-1.30E-05
359	6	0	0	0	0	0	0	232	254	0	-3.44E-06	7.32E-06	-1.29E-05	-1.30E-05
359	7	0	0	0	0	0	0	232	254	0	-5.07E-06	8.21E-06	-1.16E-05	-1.27E-05
359	8	0	0	0	0	0	0	232	254	0	-7.13E-06	9.85E-06	-4.82E-06	-1.32E-05
359	9	0	0	0	0	0	0	232	254	0	-7.13E-06	9.85E-06	-4.82E-06	-1.32E-05
359	10	0	0	0	0	0	0	232	254	0	-1.32E-05	8.26E-06	3.88E-06	-1.35E-05
359	11	0	0	0	0	0	0	232	254	0	-1.32E-05	8.26E-06	3.88E-06	-1.35E-05
359	12	0	0	0	0	0	0	232	254	0	-1.87E-05	6.50E-06	6.30E-06	-1.30E-05
359	13	0	0	0	0	0	0	232	254	0	-1.87E-05	6.50E-06	6.30E-06	-1.30E-05
359	14	0	0	0	0	0	0	232	254	0	-2.37E-05	6.96E-06	-4.09E-06	-1.38E-05
359	15	0	0	0	0	0	0	232	254	0	-2.37E-05	6.96E-06	-4.09E-06	-1.38E-05
359	16	0	0	0	0	0	0	232	254	0	-3.00E-05	1.15E-05	-1.09E-05	-1.53E-05
359	17	0	0	0	0	0	0	232	254	0	-3.12E-05	1.33E-05	-7.86E-06	-1.55E-05
359	18	0	0	0	0	0	0	232	254	0	-3.12E-05	1.33E-05	-7.86E-06	-1.55E-05
359	19	0	0	0	0	0	0	232	254	0	-2.88E-05	1.30E-05	-3.15E-06	-1.46E-05
360	0	0	0	0	0	0	0	232	254	0	-2.88E-05	1.30E-05	-3.15E-06	-1.46E-05
360	1	0	0	0	0	0	0	232	254	0	-3.09E-05	1.14E-05	-6.16E-06	-1.37E-05
360	2	0	0	0	0	0	0	232	254	0	-3.09E-05	1.14E-05	-6.16E-06	-1.37E-05
360	3	0	0	0	0	0	0	232	254	0	-2.91E-05	1.03E-05	-1.42E-05	-1.02E-05
360	4	0	0	0	0	0	0	232	254	0	-2.91E-05	1.03E-05	-1.42E-05	-1.02E-05
360	5	0	0	0	0	0	0	232	254	0	-2.77E-05	8.46E-06	-1.77E-05	-7.94E-06
360	6	0	0	0	0	0	0	232	254	0	-3.00E-05	7.96E-06	-1.84E-05	-7.73E-06
360	7	0	0	0	0	0	0	232	254	0	-3.00E-05	7.96E-06	-1.84E-05	-7.73E-06
360	8	0	0	0	0	0	0	232	254	0	-3.03E-05	8.32E-06	-2.08E-05	-5.09E-06
360	9	0	0	0	0	0	0	232	254	0	-3.03E-05	8.32E-06	-2.08E-05	-5.09E-06
360	10	0	0	0	0	0	0	232	254	0	-3.04E-05	6.95E-06	-1.26E-05	-6.65E-06
360	11	0	0	0	0	0	0	232	254	0	-3.04E-05	6.95E-06	-1.26E-05	-6.65E-06
360	12	0	0	0	0	0	0	232	254	0	-3.39E-05	8.65E-07	2.53E-05	-8.62E-06
360	13	0	0	0	0	0	0	232	254	0	-3.39E-05	8.65E-07	2.53E-05	-8.62E-06
360	14	0	0	0	0	0	0	232	254	0	-3.09E-05	-2.61E-06	2.27E-05	-1.29E-05
360	15	0	0	0	0	0	0	232	254	0	-2.59E-05	-1.17E-06	-4.72E-05	-2.48E-05
360	16	0	0	0	0	0	0	232	254	0	-2.59E-05	-1.17E-06	-4.72E-05	-2.48E-05
360	17	0	0	0	0	0	0	232	254	0	-2.42E-05	-1.05E-06	-7.34E-05	-2.56E-05
360	18	0	0	0	0	0	0	232	254	0	-2.42E-05	-1.05E-06	-7.34E-05	-2.56E-05
360	19	0	0	0	0	0	0	232	254	0	-2.30E-05	-2.11E-07	-4.16E-05	-1.48E-05
361	0	0	0	0	0	0	0	232	254	0	-2.30E-05	-2.11E-07	-4.16E-05	-1.48E-05
361	1	0	0	0	0	0	0	232	254	0	-1.82E-05	5.78E-07	-1.18E-05	-1.25E-05
361	2	0	0	0	0	0	0	232	254	0	-1.82E-05	5.78E-07	-1.18E-05	-1.25E-05
361	3	0	0	0	0	0	0	232	254	0	-1.26E-05	8.33E-07	-5.94E-06	-1.58E-05
361	4	0	0	0	0	0	0	232	254	0	-1.14E-05	-4.41E-07	1.22E-05	-1.43E-05
361	5	0	0	0	0	0	0	232	254	0	-1.14E-05	-4.41E-07	1.22E-05	-1.43E-05
361	6	0	0	0	0	0	0	232	254	0	-1.55E-05	-9.95E-07	2.36E-05	-9.07E-06
361	7	0	0	0	0	0	0	232	254	0	-1.55E-05	-9.95E-07	2.36E-05	-9.07E-06
361	8	0	0	0	0	0	0	232	254	0	-2.26E-05	5.32E-06	4.62E-05	-7.60E-06
361	9	0	0	0	0	0	0	232	254	0	-2.26E-05	5.32E-06	4.62E-05	-7.60E-06
361	10	0	0	0	0	0	0	232	254	0	-2.14E-05	7.34E-06	1.69E-05	-1.64E-05
361	11	0	0	0	0	0	0	232	254	0	-2.14E-05	7.34E-06	1.69E-05	-1.64E-05
361	12	0	0	0	0	0	0	232	254	0	-1.62E-05	3.48E-06	-1.45E-05	-1.99E-05
361	13	0	0	0	0	0	0	232	254	0	-1.67E-05	-4.23E-07	-1.32E-05	-1.23E-05
361	14	0	0	0	0	0	0	232	254	0	-1.67E-05	-4.23E-07	-1.32E-05	-1.23E-05
361	15	0	0	0	0	0	0	232	254	0	-2.32E-05	1.53E-06	3.20E-06	-4.30E-06
361	16	0	0	0	0	0	0	232	254	0	-2.32E-05	1.53E-06	3.20E-06	-4.30E-06
361	17	0	0	0	0	0	0	232	254	0	-3.69E-05	4.98E-06	1.40E-05	-1.58E-06
361	18	0	0	0	0	0	0	232	254	0	-3.69E-05	4.98E-06	1.40E-05	-1.58E-06
361	19	0	0	0	0	0	0	232	254	0	-4.00E-05	7.88E-06	-3.82E-06	-5.36E-06
362	0	0	0	0	0	0	0	232	254	0	-4.00E-05	7.88E-06	-3.82E-06	-5.36E-06
362	1	0	0	0	0	0	0	232	254	0	-2.10E-05	9.66E-06	-1.39E-05	-8.82E-06
362	2	0	0	0	0	0	0	232	254	0	3.32E-06	9.63E-06	-1.84E-05	-1.25E-05
362	3	0	0	0	0	0	0	232	254	0	3.32E-06	9.63E-06	-1.84E-05	-1.25E-05
362	4	0	0	0	0	0	0	232	254	0	1.72E-05	1.12E-05	-2.46E-05	-1.42E-05
362	5	0	0	0	0	0	0	232	254	0	1.72E-05	1.12E-05	-2.46E-05	-1.42E-05
362	6	0	0	0	0	0	0	232	254	0	1.20E-05	6.35E-06	-3.35E-05	-1.56E-05
362	7	0	0	0	0	0	0	232	254	0	1.20E-05	6.35E-06	-3.35E-05	-1.56E-05
362	8	0	0	0	0	0	0	232	254	0	-5.14E-06	1.32E-06	-3.03E-05	-1.53E-05
362	9	0	0	0	0	0	0	232	254	0	-5.14E-06	1.32E-06	-3.03E-05	-1.53E-05
362	10	0	0	0	0	0	0	232	254	0	-1.95E-05	1.62E-06	-1.29E-05	-1.19E-05
362	11	0	0	0	0	0	0	232	254	0	-2.63E-05	4.05E-06	1.63E-05	-9.05E-06
362	12	0	0	0	0	0	0	232	254	0	-2.63E-05	4.05E-06	1.63E-05	-9.05E-06
362	13	0	0	0	0	0	0	232	254	0	-2.47E-05	2.59E-06	-1.03E-06	-1.12E-05
362	14	0	0	0	0	0	0	232	254	0	-2.47E-05	2.59E-06	-1.03E-06	-1.12E-05
362	15	0	0	0	0	0	0	232	254	0	-1.96E-05	-1.06E-06	-2.89E-05	-1.35E-05
362	16	0	0	0	0	0	0	232	254	0	-1.96E-05	-1.06E-06	-2.89E-05	-1.35E-05
362	17	0	0	0	0	0	0	232	254	0	-2.36E-05	-2.25E-06	-3.02E-05	-1.70E-05
362	18	0	0	0	0	0	0	232	254	0	-2.36E-05	-2.25E-06	-3.02E-05	-1.70E-05
362	19	0	0	0	0	0	0	232	254	0	-2.54E-05	-9.58E-07	-1.36E-05	-1.82E-05
363	0	0	0	0	0	0	0	232	254	0	-2.50E-05	3.61E-06	-6.53E-06	-1.76E-05
363	1	0	0	0	0	0	0	232	254	0	-2.50E-05	3.61E-06	-6.53E-06	-1.76E-05
363	2	0	0	0	0	0	0	232	254	0	-1.79E-05	6.94E-06	-1.15E-05	-1.72E-05
363	3	0	0	0	0	0	0	232	254	0	-1.79E-05	6.94E-06	-1.15E-05	-1.72E-05
363	4	0	0	0	0	0	0	232	254	0	-1.09E-05	1.21E-05	-1.24E-05	-1.68E-05
363	5	0	0	0	0	0	0	232	254	0	-1.09E-05	1.21E-05	-1.24E-05	-1.68E-05
363	6	0	0	0	0	0	0	232	254	0	-1.34E-05	1.15E-05	-9.27E-06	-1.55E-05
363	7	0	0	0	0	0	0	232	254	0	-1.34E-05	1.15E-05	-9.27E-06	-1.55E-05
363	8	0	0	0	0	0	0	232	254	0	-1.67E-05	7.46E-06	-7.65E-06	-1.46E-05
363	9	0	0	0	0	0	0	232	254	0	-1.93E-05	7.29E-06	-8.13E-06	-1.39E-05
363	10	0	0	0	0	0	0	232	254	0	-1.93E-05	7.29E-06	-8.13E-06	-1.39E-05
363	11	0	0	0	0	0	0	232	254	0	-2.16E-05	3.66E-06	-6.86E-06	-1.19E-05
363	12	0	0	0	0	0	0	232	254	0	-2.16E-05	3.66E-06	-6.86E-06	-1.19E-05
363	13	0	0	0	0	0	0	232	254	0	-2.49E-05	2.14E-06	-2.46E-06	-1.21E-05
363	14	0	0	0	0	0	0	232	254	0	-2.49E-05	2.14E-06	-2.46E-06	-1.21E-05
363	15	0	0	0	0	0	0	232	254	0	-2.43E-05	-9.71E-07	-8.15E-07	-1.33E-05
363	16	0	0	0	0	0	0	232	254	0	-2.43E-05	-9.71E-07	-8.15E-07	-1.33E-05
363	17	0	0	0	0	0	0	232	254	0	-2.47E-05	-6.00E-06	-4.08E-06	-1.36E-05
363	18	0	0	0	0	0	0	232	254	0	-2.60E-05	-2.21E-06	-1.71E-06	-1.35E-05
363	19	0	0	0	0	0	0	232	254	0	-2.60E-05	-2.21E-06	-1.71E-06	-1.35E-05
364	0	0	0	0	0	0	0	232	254	0	-2.21E-05	2.41E-06	-3.40E-06	-1.22E-05
364	1	0	0	0	0	0	0	232	254	0	-2.21E-05	2.41E-06	-3.40E-06	-1.22E-05
364	2	0	0	0	0	0	0	232	254	0	-2.17E-05	8.45E-06	-6.94E-06	-9.19E-06
364	3	0	0	0	0	0	0	232	254	0	-2.17E-05	8.45E-06	-6.94E-06	-9.19E-06
364	4	0	0	0	0	0	0	232	254	0	-2.16E-05	1.35E-05	-9.08E-06	-1.01E-05
364	5	0	0	0	0	0	0	232	254	0	-2.16E-05	1.35E-05	-9.08E-06	-1.01E-05
364	6	0	0	0	0	0	0	232	254	0	-2.36E-05	1.25E-05	-8.57E-06	-1.13E-05
364	7	0	0	0	0	0	0	232	254	0	-2.61E-05	9.76E-06	-1.14E-05	-1.19E-05
364	8	0	0	0	0	0	0	232	254	0	-2.61E-05	9.76E-06	-1.14E-05	-1.19E-05
364	9	0	0	0	0	0	0	232	254	0	-2.76E-05	9.60E-06	-1.58E-05	-1.40E-05
364	10	0	0	0	0	0	0	232	254	0	-2.76E-05	9.60E-06	-1.58E-05	-1.40E-05
364	11	0	0	0	0	0	0	232	254	0	-2.73E-05	7.54E-06	-1.50E-05	-1.61E-05
364	12	0	0	0	0	0	0	232	254	0	-2.73E-05	7.54E-06	-1.50E-05	-1.61E-05
364	13	0	0	0	0	0	0	232	254	0	-2.85E-05	5.17E-06	-1.54E-05	-1.61E-05
364	14	0	0	0	0	0	0	232	254	0	-2.85E-05	5.17E-06	-1.54E-05	-1.61E-05
364	15	0	0	0	0	0	0	232	254	0	-2.34E-05	3.05E-06	-2.08E-05	-1.72E-05
364	16	0	0	0	0	0	0	232	254	0	-1.29E-05	3.49E-06	-2.04E-05	-1.61E-05
364	17	0	0	0	0	0	0	232	254	0	-1.29E-05	3.49E-06	-2.04E-05	-1.61E-05
364	18	0	0	0	0	0	0	232	254	0	-1.70E-05	5.20E-06	-1.24E-05	-1.19E-05
364	19	0	0	0	0	0	0	232	254	0	-1.70E-05	5.20E-06	-1.24E-05	-1.19E-05
365	0	0	0	0	0	0	0	232	254	0	-1.69E-05	4.68E-06	-6.36E-06	-5.55E-06
365	1	0	0	0	0	0	0	232	254	0	-1.69E-05	4.68E-06	-6.36E-06	-5.55E-06
365	2	0	0	0	0	0	0	232	254	0	-1.40E-05	1.11E-06	1.70E-06	-3.32E-06
365	3	0	0	0	0	0	0	232	254	0	-1.40E-05	1.11E-06	1.70E-06	-3.32E-06
365	4	0	0	0	0	0	0	232	254	0	-8.83E-06	-2.66E-06	8.06E-06	-6.27E-07
365	5	0	0	0	0	0	0	232	254	0	-6.19E-06	-5.45E-06	3.76E-06	1.52E-06
365	6	0	0	0	0	0	0	232	254	0	-6.19E-06	-5.45E-06	3.76E-06	1.52E-06
365	7	0	0	0	0	0	0	232	254	0	-1.04E-05	-6.32E-06	-5.93E-06	-5.22E-06
365	8	0	0	0	0	0	0	232	254	0	-1.04E-05	-6.32E-06	-5.93E-06	-5.22E-06
365	9	0	0	0	0	0	0	232	254	0	-1.50E-05	-8.62E-06	-1.39E-05	-1.15E-05
365	10	0	0	0	0	0	0	232	254	0	-1.50E-05	-8.62E-06	-1.39E-05	-1.15E-05
365	11	0	0	0	0	0	0	232	254	0	-2.71E-05	-6.83E-06	-1.33E-05	-1.32E-05
365	12	0	0	0	0	0	0	232	254	0	-2.71E-05	-6.83E-06	-1.33E-05	-1.32E-05
365	13	0	0	0	0	0	0	232	254	0	-3.63E-05	-5.54E-06	-1.18E-05	-9.13E-06
365	14	0	0	0	0	0	0	232	254	0	-4.08E-05	-4.12E-06	-1.31E-05	-9.06E-06
365	15	0	0	0	0	0	0	232	254	0	-4.08E-05	-4.12E-06	-1.31E-05	-9.06E-06
365	16	0	0	0	0	0	0	232	254	0	-3.86E-05	4.85E-06	-1.25E-05	-1.15E-05
365	17	0	0	0	0	0	0	232	254	0	-3.86E-05	4.85E-06	-1.25E-05	-1.15E-05
365	18	0	0	0	0	0	0	232	254	0	-3.68E-05	9.52E-06	-1.51E-05	-9.53E-06
365	19	0	0	0	0	0	0	232	254	0	-3.68E-05	9.52E-06	-1.51E-05	-9.53E-06
366	0	0	0	0	0	0	0	232	254	0	-4.19E-05	1.02E-05	-1.12E-05	-1.21E-05
366	1	0	0	0	0	0	0	232	254	0	-4.19E-05	1.02E-05	-1.12E-05	-1.21E-05
366	2	0	0	0	0	0	0	232	254	0	-4.30E-05	1.59E-05	-7.47E-06	-1.76E-05
366	3	0	0	0	0	0	0	232	254	0	-4.51E-05	1.69E-05	-9.32E-06	-1.95E-05
366	4	0	0	0	0	0	0	232	254	0	-4.51E-05	1.69E-05	-9.32E-06	-1.95E-05
366	5	0	0	0	0	0	0	232	254	0	-4.53E-05	1.27E-05	-1.17E-05	-1.85E-05
366	6	0	0	0	0	0	0	232	254	0	-4.53E-05	1.27E-05	-1.17E-05	-1.85E-05
366	7	0	0	0	0	0	0	232	254	0	-3.98E-05	1.11E-05	-1.08E-05	-1.54E-05
366	8	0	0	0	0	0	0	232	254	0	-3.98E-05	1.11E-05	-1.08E-05	-1.54E-05
366	9	0	0	0	0	0	0	232	254	0	-3.11E-05	7.99E-06	-7.85E-06	-1.37E-05
366	10	0	0	0	0	0	0	232	254	0	-3.11E-05	7.99E-06	-7.85E-06	-1.37E-05
366	11	0	0	0	0	0	0	232	254	0	-2.33E-05	4.77E-06	-6.40E-06	-1.23E-05
366	12	0	0	0	0	0	0	232	254	0	-1.61E-05	5.78E-06	-1.01E-05	-1.13E-05
366	13	0	0	0	0	0	0	232	254	0	-1.61E-05	5.78E-06	-1.01E-05	-1.13E-05
366	14	0	0	0	0	0	0	232	254	0	-6.11E-06	9.41E-06	-7.38E-06	-1.32E-05
366	15	0	0	0	0	0	0	232	254	0	-6.11E-06	9.41E-06	-7.38E-06	-1.32E-05
366	16	0	0	0	0	0	0	232	254	0	1.43E-06	1.08E-05	-3.59E-06	-1.31E-05
366	17	0	0	0	0	0	0	232	254	0	1.43E-06	1.08E-05	-3.59E-06	-1.31E-05
366	18	0	0	0	0	0	0	232	254	0	-2.36E-06	7.30E-06	-1.06E-05	-1.43E-05
366	19	0	0	0	0	0	0	232	254	0	-2.36E-06	7.30E-06	-1.06E-05	-1.43E-05
367	0	0	0	0	0	0	0	232	254	0	1.40E-06	6.05E-06	-1.41E-05	-1.56E-05
367	1	0	0	0	0	0	0	232	254	0	5.40E-06	6.65E-06	-6.92E-06	-1.56E-05
367	2	0	0	0	0	0	0	232	254	0	5.40E-06	6.65E-06	-6.92E-06	-1.56E-05
367	3	0	0	0	0	0	0	232	254	0	-2.72E-06	3.69E-06	-6.30E-06	-1.42E-05
367	4	0	0	0	0	0	0	232	254	0	-2.72E-06	3.69E-06	-6.30E-06	-1.42E-05
367	5	0	0	0	0	0	0	232	254	0	-1.32E-05	-1.68E-07	-1.31E-05	-1.34E-05
367	6	0	0	0	0	0	0	232	254	0	-1.32E-05	-1.68E-07	-1.31E-05	-1.34E-05
367	7	0	0	0	0	0	0	232	254	0	-2.29E-05	2.06E-07	-1.76E-05	-1.24E-05
367	8	0	0	0	0	0	0	232	254	0	-2.29E-05	2.06E-07	-1.76E-05	-1.24E-05
367	9	0	0	0	0	0	0	232	254	0	-2.55E-05	2.20E-06	-2.75E-05	-1.38E-05
367	10	0	0	0	0	0	0	232	254	0	-2.85E-05	2.02E-06	-2.11E-05	-1.76E-05
367	11	0	0	0	0	0	0	232	254	0	-2.85E-05	2.02E-06	-2.11E-05	-1.76E-05
367	12	0	0	0	0	0	0	232	254	0	-3.51E-05	7.25E-06	4.65E-06	-1.70E-05
367	13	0	0	0	0	0	0	232	254	0	-3.51E-05	7.25E-06	4.65E-06	-1.70E-05
367	14	0	0	0	0	0	0	232	254	0	-3.40E-05	1.45E-05	-1.53E-06	-1.19E-05
367	15	0	0	0	0	0	0	232	254	0	-3.40E-05	1.45E-05	-1.53E-06	-1.19E-05
367	16	0	0	0	0	0	0	232	254	0	-2.62E-05	1.02E-05	-1.86E-05	-7.70E-06
367	17	0	0	0	0	0	0	232	254	0	-2.62E-05	1.02E-05	-1.86E-05	-7.70E-06
367	18	0	0	0	0	0	0	232	254	0	-2.12E-05	5.17E-06	-1.46E-05	-5.07E-06
367	19	0	0	0	0	0	0	232	254	0	-2.13E-05	-3.31E-07	-6.65E-06	-7.82E-06
368	0	0	0	0	0	0	0	232	254	0	-2.13E-05	-3.31E-07	-6.65E-06	-7.82E-06
368	1	0	0	0	0	0	0	232	254	0	-2.16E-05	-3.64E-06	-1.60E-05	-1.08E-05
368	2	0	0	0	0	0	0	232	254	0	-2.16E-05	-3.64E-06	-1.60E-05	-1.08E-05
368	3	0	0	0	0	0	0	232	254	0	-2.34E-05	-6.71E-06	-2.07E-05	-8.25E-06
368	4	0	0	0	0	0	0	232	254	0	-2.34E-05	-6.71E-06	-2.07E-05	-8.25E-06
368	5	0	0	0	0	0	0	232	254	0	-2.52E-05	-9.02E-06	-1.21E-05	-8.49E-06
368	6	0	0	0	0	0	0	232	254	0	-2.52E-05	-9.02E-06	-1.21E-05	-8.49E-06
368	7	0	0	0	0	0	0	232	254	0	-2.11E-05	-4.16E-06	2.46E-06	-9.34E-06
368	8	0	0	0	0	0	0	232	254	0	-1.33E-05	5.83E-06	1.55E-05	-1.14E-05
368	9	0	0	0	0	0	0	232	254	0	-1.33E-05	5.83E-06	1.55E-05	-1.14E-05
368	10	0	0	0	0	0	0	232	254	0	-7.24E-06	6.70E-06	1.21E-05	-1.46E-05
368	11	0	0	0	0	0	0	232	254	0	-7.24E-06	6.70E-06	1.21E-05	-1.46E-05
368	12	0	0	0	0	0	0	232	254	0	-3.72E-06	7.73E-06	-2.19E-06	-1.70E-05
368	13	0	0	0	0	0	0	232	254	0	-3.72E-06	7.73E-06	-2.19E-06	-1.70E-05
368	14	0	0	0	0	0	0	232	254	0	-5.37E-06	8.88E-06	-5.60E-07	-2.06E-05
368	15	0	0	0	0	0	0	232	254	0	-5.37E-06	8.88E-06	-5.60E-07	-2.06E-05
368	16	0	0	0	0	0	0	232	254	0	-6.13E-06	9.74E-06	-5.24E-06	-1.53E-05
368	17	0	0	0	0	0	0	232	254	0	7.37E-06	9.83E-06	-2.34E-05	-1.03E-05
368	18	0	0	0	0	0	0	232	254	0	7.37E-06	9.83E-06	-2.34E-05	-1.03E-05
368	19	0	0	0	0	0	0	232	254	0	1.31E-05	1.03E-05	-1.56E-05	-1.45E-05
369	0	0	0	0	0	0	0	232	254	0	1.31E-05	1.03E-05	-1.56E-05	-1.45E-05
369	1	0	0	0	0	0	0	232	254	0	-6.08E-06	9.44E-06	-1.33E-05	-1.88E-05
369	2	0	0	0	0	0	0	232	254	0	-6.08E-06	9.44E-06	-1.33E-05	-1.88E-05
369	3	0	0	0	0	0	0	232	254	0	-2.42E-05	6.95E-06	-2.24E-05	-1.10E-05
369	4	0	0	0	0	0	0	232	254	0	-2.42E-05	6.95E-06	-2.24E-05	-1.10E-05
369	5	0	0	0	0	0	0	232	254	0	-3.40E-05	2.52E-06	-2.44E-05	-3.95E-06
369	6	0	0	0	0	0	0	232	254	0	-3.81E-05	2.72E-06	1.21E-05	-6.65E-06
369	7	0	0	0	0	0	0	232	254	0	-3.81E-05	2.72E-06	1.21E-05	-6.65E-06
369	8	0	0	0	0	0	0	232	254	0	-2.82E-05	3.79E-06	4.45E-05	-7.78E-06
369	9	0	0	0	0	0	0	232	254	0	-2.82E-05	3.79E-06	4.45E-05	-7.78E-06
369	10	0	0	0	0	0	0	232	254	0	-1.58E-05	3.98E-06	2.18E-05	-5.75E-06
369	11	0	0	0	0	0	0	232	254	0	-1.58E-05	3.98E-06	2.18E-05	-5.75E-06
369	12	0	0	0	0	0	0	232	254	0	-1.92E-05	7.58E-06	-1.70E-05	-9.20E-06
369	13	0	0	0	0	0	0	232	254	0	-1.92E-05	7.58E-06	-1.70E-05	-9.20E-06
369	14	0	0	0	0	0	0	232	254	0	-2.88E-05	6.30E-06	-6.37E-05	-1.03E-05
369	15	0	0	0	0	0	0	232	254	0	-3.15E-05	-2.34E-06	-6.46E-05	-8.03E-06
369	16	0	0	0	0	0	0	232	254	0	-3.15E-05	-2.34E-06	-6.46E-05	-8.03E-06
369	17	0	0	0	0	0	0	232	254	0	-3.24E-05	-5.00E-06	-3.37E-05	-1.56E-05
369	18	0	0	0	0	0	0	232	254	0	-3.24E-05	-5.00E-06	-3.37E-05	-1.56E-05
369	19	0	0	0	0	0	0	232	254	0	-3.39E-05	-3.91E-06	-2.15E-05	-2.13E-05
370	0	0	0	0	0	0	0	232	254	0	-3.39E-05	-3.91E-06	-2.15E-05	-2.13E-05
370	1	0	0	0	0	0	0	232	254	0	-4.16E-05	-4.22E-06	-1.92E-05	-2.04E-05
370	2	0	0	0	0	0	0	232	254	0	-4.16E-05	-4.22E-06	-1.92E-05	-2.04E-05
370	3	0	0	0	0	0	0	232	254	0	-5.07E-05	-2.74E-06	-1.20E-05	-1.64E-05
370	4	0	0	0	0	0	0	232	254	0	-6.30E-05	6.80E-06	3.09E-06	-1.27E-05
370	5	0	0	0	0	0	0	232	254	0	-6.30E-05	6.80E-06	3.09E-06	-1.27E-05
370	6	0	0	0	0	0	0	232	254	0	-5.82E-05	7.88E-06	1.12E-05	-1.05E-05
370	7	0	0	0	0	0	0	232	254	0	-5.82E-05	7.88E-06	1.12E-05	-1.05E-05
370	8	0	0	0	0	0	0	232	254	0	-3.69E-05	6.92E-06	1.65E-05	-6.73E-06
370	9	0	0	0	0	0	0	232	254	0	-3.69E-05	6.92E-06	1.65E-05	-6.73E-06
370	10	0	0	0	0	0	0	232	254	0	-1.07E-05	1.21E-05	9.14E-06	-6.22E-06
370	11	0	0	0	0	0	0	232	254	0	-1.07E-05	1.21E-05	9.14E-06	-6.22E-06
370	12	0	0	0	0	0	0	232	254	0	4.96E-06	6.01E-06	-1.93E-05	-8.67E-06
370	13	0	0	0	0	0	0	232	254	0	-2.33E-06	-2.55E-06	-2.51E-05	-1.19E-05
370	14	0	0	0	0	0	0	232	254	0	-2.33E-06	-2.55E-06	-2.51E-05	-1.19E-05
370	15	0	0	0	0	0	0	232	254	0	-2.79E-06	-3.40E-07	-2.49E-05	-1.67E-05
370	16	0	0	0	0	0	0	232	254	0	-2.79E-06	-3.40E-07	-2.49E-05	-1.67E-05
370	17	0	0	0	0	0	0	232	254	0	-1.35E-06	2.47E-06	-2.21E-05	-2.31E-05
370	18	0	0	0	0	0	0	232	254	0	-1.35E-06	2.47E-06	-2.21E-05	-2.31E-05
370	19	0	0	0	0	0	0	232	254	0	-6.01E-06	2.53E-06	-3.34E-05	-2.45E-05
371	0	0	0	0	0	0	0	232	254	0	-6.01E-06	2.53E-06	-3.34E-05	-2.45E-05
371	1	0	0	0	0	0	0	232	254	0	-5.12E-06	4.68E-06	-3.49E-05	-1.62E-05
371	2	0	0	0	0	0	0	232	254	0	-7.27E-06	5.89E-06	-9.59E-06	-1.36E-05
371	3	0	0	0	0	0	0	232	254	0	-7.27E-06	5.89E-06	-9.59E-06	-1.36E-05
371	4	0	0	0	0	0	0	232	254	0	-1.10E-05	7.59E-06	-1.36E-05	-1.34E-05
371	5	0	0	0	0	0	0	232	254	0	-1.10E-05	7.59E-06	-1.36E-05	-1.34E-05
371	6	0	0	0	0	0	0	232	254	0	-7.37E-06	5.33E-06	-8.36E-06	-1.02E-05
371	7	0	0	0	0	0	0	232	254	0	-7.37E-06	5.33E-06	-8.36E-06	-1.02E-05
371	8	0	0	0	0	0	0	232	254	0	1.17E-06	1.98E-06	2.00E-05	-8.86E-06
371	9	0	0	0	0	0	0	232	254	0	1.17E-06	1.98E-06	2.00E-05	-8.86E-06
371	10	0	0	0	0	0	0	232	254	0	-2.43E-06	5.90E-07	5.98E-06	-2.01E-06
371	11	0	0	0	0	0	0	232	254	0	-1.80E-05	-7.39E-07	-1.92E-05	4.59E-07
371	12	0	0	0	0	0	0	232	254	0	-1.80E-05	-7.39E-07	-1.92E-05	4.59E-07
371	13	0	0	0	0	0	0	232	254	0	-2.28E-05	-1.18E-07	-3.57E-06	-1.47E-05
371	14	0	0	0	0	0	0	232	254	0	-2.28E-05	-1.18E-07	-3.57E-06	-1.47E-05
371	15	0	0	0	0	0	0	232	254	0	-2.64E-05	9.30E-08	2.05E-05	-2.17E-05
371	16	0	0	0	0	0	0	232	254	0	-2.64E-05	9.30E-08	2.05E-05	-2.17E-05
371	17	0	0	0	0	0	0	232	254	0	-3.24E-05	5.88E-07	2.99E-05	-1.33E-05
371	18	0	0	0	0	0	0	232	254	0	-3.24E-05	5.88E-07	2.99E-05	-1.33E-05
371	19	0	0	0	0	0	0	232	254	0	-4.46E-05	5.92E-06	7.88E-06	-1.00E-05
372	0	0	0	0	0	0	0	232	254	0	-6.00E-05	6.31E-06	2.80E-06	-1.89E-05
372	1	0	0	0	0	0	0	232	254	0	-6.00E-05	6.31E-06	2.80E-06	-1.89E-05
372	2	0	0	0	0	0	0	232	254	0	-5.27E-05	6.88E-06	3.85E-05	-2.14E-05
372	3	0	0	0	0	0	0	232	254	0	-5.27E-05	6.88E-06	3.85E-05	-2.14E-05
372	4	0	0	0	0	0	0	232	254	0	-4.14E-05	6.83E-06	2.49E-05	-1.35E-05
372	5	0	0	0	0	0	0	232	254	0	-4.14E-05	6.83E-06	2.49E-05	-1.35E-05
372	6	0	0	0	0	0	0	232	254	0	-3.59E-05	7.62E-06	-3.88E-06	-9.62E-06
372	7	0	0	0	0	0	0	232	254	0	-3.59E-05	7.62E-06	-3.88E-06	-9.62E-06
372	8	0	0	0	0	0	0	232	254	0	-2.52E-05	1.39E-05	-1.25E-05	-1.17E-05
372	9	0	0	0	0	0	0	232	254	0	-1.03E-05	1.53E-05	-3.72E-05	-1.67E-05
372	10	0	0	0	0	0	0	232	254	0	-1.03E-05	1.53E-05	-3.72E-05	-1.67E-05
372	11	0	0	0	0	0	0	232	254	0	6.97E-06	1.66E-05	1.63E-05	-2.24E-05
372	12	0	0	0	0	0	0	232	254	0	6.97E-06	1.66E-05	1.63E-05	-2.24E-05
372	13	0	0	0	0	0	0	232	254	0	1.31E-05	1.27E-05	6.76E-05	-2.99E-05
372	14	0	0	0	0	0	0	232	254	0	1.31E-05	1.27E-05	6.76E-05	-2.99E-05
372	15	0	0	0	0	0	0	232	254	0	1.03E-05	5.63E-06	3.31E-05	-3.66E-05
372	16	0	0	0	0	0	0	232	254	0	1.03E-05	5.63E-06	3.31E-05	-3.66E-05
372	17	0	0	0	0	0	0	232	254	0	-2.99E-06	5.65E-06	5.48E-06	-2.32E-05
372	18	0	0	0	0	0	0	232	254	0	-1.76E-05	7.98E-06	-1.52E-05	-3.57E-06
372	19	0	0	0	0	0	0	232	254	0	-1.76E-05	7.98E-06	-1.52E-05	-3.57E-06
373	0	0	0	0	0	0	0	232	254	0	-2.63E-05	6.20E-06	-4.71E-05	4.83E-06
373	1	0	0	0	0	0	0	232	254	0	-2.63E-05	6.20E-06	-4.71E-05	4.83E-06
373	2	0	0	0	0	0	0	232	254	0	-3.51E-05	3.60E-06	-6.59E-05	1.03E-05
373	3	0	0	0	0	0	0	232	254	0	-3.51E-05	3.60E-06	-6.59E-05	1.03E-05
373	4	0	0	0	0	0	0	232	254	0	-4.35E-05	6.42E-07	-4.86E-05	6.10E-06
373	5	0	0	0	0	0	0	232	254	0	-4.35E-05	6.42E-07	-4.86E-05	6.10E-06
373	6	0	0	0	0	0	0	232	254	0	-4.72E-05	3.63E-06	-1.50E-05	-1.38E-05
373	7	0	0	0	0	0	0	232	254	0	-4.02E-05	4.75E-06	-3.04E-05	-1.63E-05
373	8	0	0	0	0	0	0	232	254	0	-4.02E-05	4.75E-06	-3.04E-05	-1.63E-05
373	9	0	0	0	0	0	0	232	254	0	-3.05E-05	1.71E-06	-4.99E-05	2.45E-06
373	10	0	0	0	0	0	0	232	254	0	-3.05E-05	1.71E-06	-4.99E-05	2.45E-06
373	11	0	0	0	0	0	0	232	254	0	-2.60E-05	-9.32E-07	-5.56E-05	5.55E-06
373	12	0	0	0	0	0	0	232	254	0	-2.60E-05	-9.32E-07	-5.56E-05	5.55E-06
373	13	0	0	0	0	0	0	232	254	0	-2.29E-05	-5.29E-07	-4.69E-05	4.72E-06
373	14	0	0	0	0	0	0	232	254	0	-2.29E-05	-5.29E-07	-4.69E-05	4.72E-06
373	15	0	0	0	0	0	0	232	254	0	-1.70E-05	-5.47E-07	-1.69E-05	9.98E-06
373	16	0	0	0	0	0	0	232	254	0	-6.89E-06	1.32E-06	-1.21E-05	5.55E-06
373	17	0	0	0	0	0	0	232	254	0	-6.89E-06	1.32E-06	-1.21E-05	5.55E-06
373	18	0	0	0	0	0	0	232	254	0	-1.20E-06	7.09E-06	2.48E-05	-9.66E-07
373	19	0	0	0	0	0	0	232	254	0	-1.20E-06	7.09E-06	2.48E-05	-9.66E-07
374	0	0	0	0	0	0	0	232	254	0	-1.27E-06	2.44E-06	4.73E-05	-6.34E-06
374	1	0	0	0	0	0	0	232	254	0	-1.27E-06	2.44E-06	4.73E-05	-6.34E-06
374	2	0	0	0	0	0	0	232	254	0	-1.29E-06	3.29E-06	-2.96E-06	-1.20E-05
374	3	0	0	0	0	0	0	232	254	0	-1.29E-06	3.29E-06	-2.96E-06	-1.20E-05
374	4	0	0	0	0	0	0	232	254	0	-4.86E-06	1.04E-05	-1.70E-05	-1.88E-05
374	5	0	0	0	0	0	0	232	254	0	-1.22E-05	8.72E-06	-5.97E-06	-2.20E-05
374	6	0	0	0	0	0	0	232	254	0	-1.22E-05	8.72E-06	-5.97E-06	-2.20E-05
374	7	0	0	0	0	0	0	232	254	0	-2.23E-05	3.51E-06	-6.60E-06	-2.96E-05
374	8	0	0	0	0	0	0	232	254	0	-2.23E-05	3.51E-06	-6.60E-06	-2.96E-05
374	9	0	0	0	0	0	0	232	254	0	-2.52E-05	1.81E-06	-6.83E-06	-4.05E-05
374	10	0	0	0	0	0	0	232	254	0	-2.52E-05	1.81E-06	-6.83E-06	-4.05E-05
374	11	0	0	0	0	0	0	232	254	0	-1.87E-05	3.38E-06	-7.62E-06	-3.91E-05
374	12	0	0	0	0	0	0	232	254	0	-1.87E-05	3.38E-06	-7.62E-06	-3.91E-05
374	13	0	0	0	0	0	0	232	254	0	-8.72E-06	3.22E-06	-1.51E-05	-2.36E-05
374	14	0	0	0	0	0	0	232	254	0	-4.83E-06	7.39E-06	-2.29E-05	-1.10E-05
374	15	0	0	0	0	0	0	232	254	0	-4.83E-06	7.39E-06	-2.29E-05	-1.10E-05
374	16	0	0	0	0	0	0	232	254	0	-1.22E-05	8.07E-06	-2.34E-05	-7.58E-06
374	17	0	0	0	0	0	0	232	254	0	-1.22E-05	8.07E-06	-2.34E-05	-7.58E-06
374	18	0	0	0	0	0	0	232	254	0	-2.36E-05	6.56E-06	-1.72E-05	-1.22E-05
374	19	0	0	0	0	0	0	232	254	0	-2.36E-05	6.56E-06	-1.72E-05	-1.22E-05
375	0	0	0	0	0	0	0	232	254	0	-3.09E-05	8.46E-06	-1.16E-05	-1.59E-05
375	1	0	0	0	0	0	0	232	254	0	-3.09E-05	8.46E-06	-1.16E-05	-1.59E-05
375	2	0	0	0	0	0	0	232	254	0	-3.31E-05	6.89E-06	-6.11E-06	-1.56E-05
375	3	0	0	0	0	0	0	232	254	0	-4.20E-05	6.76E-07	-5.74E-06	-1.44E-05
375	4	0	0	0	0	0	0	232	254	0	-4.20E-05	6.76E-07	-5.74E-06	-1.44E-05
375	5	0	0	0	0	0	0	232	254	0	-4.77E-05	-3.28E-06	-7.73E-06	-1.64E-05
375	6	0	0	0	0	0	0	232	254	0	-4.77E-05	-3.28E-06	-7.73E-06	-1.64E-05
375	7	0	0	0	0	0	0	232	254	0	-4.58E-05	-8.82E-06	-1.23E-05	-2.47E-05
375	8	0	0	0	0	0	0	232	254	0	-4.58E-05	-8.82E-06	-1.23E-05	-2.47E-05
375	9	0	0	0	0	0	0	232	254	0	-3.16E-05	-2.59E-06	-1.02E-05	-3.26E-05
375	10	0	0	0	0	0	0	232	254	0	-3.16E-05	-2.59E-06	-1.02E-05	-3.26E-05
375	11	0	0	0	0	0	0	232	254	0	-1.51E-05	8.59E-06	-6.50E-06	-1.91E-05
375	12	0	0	0	0	0	0	232	254	0	-1.36E-05	6.58E-06	-6.87E-06	-2.72E-07
375	13	0	0	0	0	0	0	232	254	0	-1.36E-05	6.58E-06	-6.87E-06	-2.72E-07
375	14	0	0	0	0	0	0	232	254	0	-2.22E-05	-4.48E-06	-5.47E-06	5.89E-07
375	15	0	0	0	0	0	0	232	254	0	-2.22E-05	-4.48E-06	-5.47E-06	5.89E-07
375	16	0	0	0	0	0	0	232	254	0	-2.92E-05	5.42E-06	-9.05E-06	-8.10E-06
375	17	0	0	0	0	0	0	232	254	0	-2.92E-05	5.42E-06	-9.05E-06	-8.10E-06
375	18	0	0	0	0	0	0	232	254	0	-2.93E-05	2.05E-05	-9.55E-06	-1.10E-05
375	19	0	0	0	0	0	0	232	254	0	-2.93E-05	2.05E-05	-9.55E-06	-1.10E-05
376	0	0	0	0	0	0	0	232	254	0	-2.00E-05	1.15E-05	-7.55E-06	-1.00E-05
376	1	0	0	0	0	0	0	232	254	0	-2.70E-05	8.79E-06	-7.40E-06	-1.09E-05
376	2	0	0	0	0	0	0	232	254	0	-2.70E-05	8.79E-06	-7.40E-06	-1.09E-05
376	3	0	0	0	0	0	0	232	254	0	-3.38E-05	1.05E-05	-6.65E-06	-1.30E-05
376	4	0	0	0	0	0	0	232	254	0	-3.38E-05	1.05E-05	-6.65E-06	-1.30E-05
376	5	0	0	0	0	0	0	232	254	0	-3.55E-05	6.51E-06	-7.92E-06	-1.54E-05
376	6	0	0	0	0	0	0	232	254	0	-3.55E-05	6.51E-06	-7.92E-06	-1.54E-05
376	7	0	0	0	0	0	0	232	254	0	-3.28E-05	4.39E-06	-1.20E-05	-1.62E-05
376	8	0	0	0	0	0	0	232	254	0	-3.28E-05	4.39E-06	-1.20E-05	-1.62E-05
376	9	0	0	0	0	0	0	232	254	0	-2.45E-05	4.63E-06	-1.25E-05	-1.56E-05
376	10	0	0	0	0	0	0	232	254	0	-1.75E-05	4.95E-06	-1.24E-05	-1.53E-05
376	11	0	0	0	0	0	0	232	254	0	-1.75E-05	4.95E-06	-1.24E-05	-1.53E-05
376	12	0	0	0	0	0	0	232	254	0	-1.47E-05	2.88E-06	-1.62E-05	-1.34E-05
376	13	0	0	0	0	0	0	232	254	0	-1.47E-05	2.88E-06	-1.62E-05	-1.34E-05
376	14	0	0	0	0	0	0	232	254	0	-1.30E-05	-1.14E-06	-1.46E-05	-1.47E-05
376	15	0	0	0	0	0	0	232	254	0	-1.30E-05	-1.14E-06	-1.46E-05	-1.47E-05
376	16	0	0	0	0	0	0	232	254	0	-9.12E-06	-2.60E-06	-8.87E-06	-1.50E-05
376	17	0	0	0	0	0	0	232	254	0	-9.12E-06	-2.60E-06	-8.87E-06	-1.50E-05
376	18	0	0	0	0	0	0	232	254	0	-6.80E-06	-7.50E-07	-9.00E-06	-9.30E-06
376	19	0	0	0	0	0	0	232	254	0	-8.77E-06	1.95E-06	-1.04E-05	-1.92E-05
377	0	0	0	0	0	0	0	232	254	0	-8.77E-06	1.95E-06	-1.04E-05	-1.92E-05
377	1	0	0	0	0	0	0	232	254	0	-1.20E-05	3.87E-06	-9.33E-06	-1.72E-05
377	2	0	0	0	0	0	0	232	254	0	-1.20E-05	3.87E-06	-9.33E-06	-1.72E-05
377	3	0	0	0	0	0	0	232	254	0	-1.24E-05	5.82E-06	-9.40E-06	-1.14E-05
377	4	0	0	0	0	0	0	232	254	0	-1.24E-05	5.82E-06	-9.40E-06	-1.14E-05
377	5	0	0	0	0	0	0	232	254	0	-1.19E-05	6.09E-06	-5.92E-06	-1.24E-05
377	6	0	0	0	0	0	0	232	254	0	-1.19E-05	6.09E-06	-5.92E-06	-1.24E-05
377	7	0	0	0	0	0	0	232	254	0	-6.12E-06	9.38E-06	-2.42E-06	-1.37E-05
377	8	0	0	0	0	0	0	232	254	0	-9.05E-06	9.44E-06	-3.30E-06	-1.90E-05
377	9	0	0	0	0	0	0	232	254	0	-9.05E-06	9.44E-06	-3.30E-06	-1.90E-05
377	10	0	0	0	0	0	0	232	254	0	-1.76E-05	4.39E-06	-6.67E-06	-2.30E-05
377	11	0	0	0	0	0	0	232	254	0	-1.76E-05	4.39E-06	-6.67E-06	-2.30E-05
377	12	0	0	0	0	0	0	232	254	0	-1.79E-05	2.10E-06	-1.11E-05	-1.76E-05
377	13	0	0	0	0	0	0	232	254	0	-1.79E-05	2.10E-06	-1.11E-05	-1.76E-05
377	14	0	0	0	0	0	0	232	254	0	-1.87E-05	5.13E-06	-1.02E-05	-8.95E-06
377	15	0	0	0	0	0	0	232	254	0	-1.87E-05	5.13E-06	-1.02E-05	-8.95E-06
377	16	0	0	0	0	0	0	232	254	0	-1.88E-05	8.66E-06	-8.09E-06	-1.92E-06
377	17	0	0	0	0	0	0	232	254	0	-1.73E-05	8.93E-06	-9.08E-06	1.44E-06
377	18	0	0	0	0	0	0	232	254	0	-1.73E-05	8.93E-06	-9.08E-06	1.44E-06
377	19	0	0	0	0	0	0	232	254	0	-1.26E-05	6.89E-06	-8.02E-06	1.23E-06
378	0	0	0	0	0	0	0	232	254	0	-1.26E-05	6.89E-06	-8.02E-06	1.23E-06
378	1	0	0	0	0	0	0	232	254	0	-3.18E-06	4.91E-06	-6.91E-06	2.22E-06
378	2	0	0	0	0	0	0	232	254	0	-3.18E-06	4.91E-06	-6.91E-06	2.22E-06
378	3	0	0	0	0	0	0	232	254	0	-3.08E-06	2.95E-06	-7.37E-06	9.53E-07
378	4	0	0	0	0	0	0	232	254	0	-3.08E-06	2.95E-06	-7.37E-06	9.53E-07
378	5	0	0	0	0	0	0	232	254	0	-9.87E-06	-4.25E-06	-9.61E-06	-2.39E-08
378	6	0	0	0	0	0	0	232	254	0	-2.14E-05	-3.21E-06	-1.19E-05	-2.50E-05
378	7	0	0	0	0	0	0	232	254	0	-2.14E-05	-3.21E-06	-1.19E-05	-2.50E-05
378	8	0	0	0	0	0	0	232	254	0	-3.36E-05	4.11E-06	-1.31E-05	-5.33E-05
378	9	0	0	0	0	0	0	232	254	0	-3.36E-05	4.11E-06	-1.31E-05	-5.33E-05
378	10	0	0	0	0	0	0	232	254	0	-3.39E-05	2.56E-06	-1.35E-05	-5.72E-05
378	11	0	0	0	0	0	0	232	254	0	-3.39E-05	2.56E-06	-1.35E-05	-5.72E-05
378	12	0	0	0	0	0	0	232	254	0	-3.25E-05	2.55E-06	-1.07E-05	-3.49E-05
378	13	0	0	0	0	0	0	232	254	0	-3.25E-05	2.55E-06	-1.07E-05	-3.49E-05
378	14	0	0	0	0	0	0	232	254	0	-4.12E-05	7.40E-06	-9.42E-06	-1.40E-05
378	15	0	0	0	0	0	0	232	254	0	-5.14E-05	1.28E-05	-7.66E-06	4.04E-06
378	16	0	0	0	0	0	0	232	254	0	-5.14E-05	1.28E-05	-7.66E-06	4.04E-06
378	17	0	0	0	0	0	0	232	254	0	-6.09E-05	1.53E-05	-2.42E-06	5.97E-06
378	18	0	0	0	0	0	0	232	254	0	-6.09E-05	1.53E-05	-2.42E-06	5.97E-06
378	19	0	0	0	0	0	0	232	254	0	-5.29E-05	1.32E-05	-2.85E-06	-1.04E-05
379	0	0	0	0	0	0	0	232	254	0	-5.29E-05	1.32E-05	-2.85E-06	-1.04E-05
379	1	0	0	0	0	0	0	232	254	0	-3.90E-05	1.02E-05	-8.91E-06	-8.58E-06
379	2	0	0	0	0	0	0	232	254	0	-3.90E-05	1.02E-05	-8.91E-06	-8.58E-06
379	3	0	0	0	0	0	0	232	254	0	-2.41E-05	4.86E-06	-1.10E-05	-7.20E-06
379	4	0	0	0	0	0	0	232	254	0	-1.60E-05	-2.55E-06	-1.12E-05	-1.79E-06
379	5	0	0	0	0	0	0	232	254	0	-1.60E-05	-2.55E-06	-1.12E-05	-1.79E-06
379	6	0	0	0	0	0	0	232	254	0	-2.09E-05	2.11E-07	-1.06E-05	8.52E-06
379	7	0	0	0	0	0	0	232	254	0	-2.09E-05	2.11E-07	-1.06E-05	8.52E-06
379	8	0	0	0	0	0	0	232	254	0	-1.16E-05	6.24E-06	-1.29E-05	-1.17E-05
379	9	0	0	0	0	0	0	232	254	0	-1.16E-05	6.24E-06	-1.29E-05	-1.17E-05
379	10	0	0	0	0	0	0	232	254	0	-3.67E-06	5.60E-06	-1.56E-05	-1.69E-05
379	11	0	0	0	0	0	0	232	254	0	-3.67E-06	5.60E-06	-1.56E-05	-1.69E-05
379	12	0	0	0	0	0	0	232	254	0	-1.96E-07	1.30E-06	-1.38E-05	-1.97E-05
379	13	0	0	0	0	0	0	232	254	0	1.69E-06	2.69E-06	-1.08E-05	-2.00E-05
379	14	0	0	0	0	0	0	232	254	0	1.69E-06	2.69E-06	-1.08E-05	-2.00E-05
379	15	0	0	0	0	0	0	232	254	0	-4.60E-06	6.95E-06	-9.85E-06	-1.04E-05
379	16	0	0	0	0	0	0	232	254	0	-4.60E-06	6.95E-06	-9.85E-06	-1.04E-05
379	17	0	0	0	0	0	0	232	254	0	-1.45E-05	9.08E-06	-9.79E-06	5.28E-06
379	18	0	0	0	0	0	0	232	254	0	-1.45E-05	9.08E-06	-9.79E-06	5.28E-06
379	19	0	0	0	0	0	0	232	254	0	-2.04E-05	8.27E-06	-1.08E-05	2.08E-05
380	0	0	0	0	0	0	0	232	254	0	-2.04E-05	8.27E-06	-1.08E-05	2.08E-05
380	1	0	0	0	0	0	0	232	254	0	-2.39E-05	8.16E-06	-8.24E-06	2.87E-05
380	2	0	0	0	0	0	0	232	254	0	-1.57E-05	6.38E-06	-4.40E-06	1.78E-05
380	3	0	0	0	0	0	0	232	254	0	-1.57E-05	6.38E-06	-4.40E-06	1.78E-05
380	4	0	0	0	0	0	0	232	254	0	-4.21E-06	8.93E-06	-9.27E-06	-1.48E-06
380	5	0	0	0	0	0	0	232	254	0	-4.21E-06	8.93E-06	-9.27E-06	-1.48E-06
380	6	0	0	0	0	0	0	232	254	0	-8.04E-06	6.49E-06	-8.29E-06	1.97E-06
380	7	0	0	0	0	0	0	232	254	0	-8.04E-06	6.49E-06	-8.29E-06	1.97E-06
380	8	0	0	0	0	0	0	232	254	0	-1.94E-05	1.52E-06	-7.04E-06	-2.93E-06
380	9	0	0	0	0	0	0	232	254	0	-1.94E-05	1.52E-06	-7.04E-06	-2.93E-06
380	10	0	0	0	0	0	0	232	254	0	-2.50E-05	-3.94E-06	-8.42E-06	-1.28E-05
380	11	0	0	0	0	0	0	232	254	0	-2.72E-05	-7.42E-06	-5.11E-06	-1.08E-05
380	12	0	0	0	0	0	0	232	254	0	-2.72E-05	-7.42E-06	-5.11E-06	-1.08E-05
380	13	0	0	0	0	0	0	232	254	0	-3.07E-05	-1.75E-06	-2.65E-06	-3.77E-06
380	14	0	0	0	0	0	0	232	254	0	-3.07E-05	-1.75E-06	-2.65E-06	-3.77E-06
380	15	0	0	0	0	0	0	232	254	0	-3.16E-05	5.11E-06	-8.22E-06	-2.77E-06
380	16	0	0	0	0	0	0	232	254	0	-3.16E-05	5.11E-06	-8.22E-06	-2.77E-06
380	17	0	0	0	0	0	0	232	254	0	-2.61E-05	8.17E-06	-7.82E-06	-1.16E-05
380	18	0	0	0	0	0	0	232	254	0	-2.61E-05	8.17E-06	-7.82E-06	-1.16E-05
380	19	0	0	0	0	0	0	232	254	0	-2.11E-05	6.33E-06	-5.99E-06	-1.55E-05
381	0	0	0	0	0	0	0	232	254	0	-2.17E-05	2.96E-06	-8.91E-06	-1.79E-05
381	1	0	0	0	0	0	0	232	254	0	-2.17E-05	2.96E-06	-8.91E-06	-1.79E-05
381	2	0	0	0	0	0	0	232	254	0	-2.19E-05	2.51E-06	-1.09E-05	-2.30E-05
381	3	0	0	0	0	0	0	232	254	0	-2.19E-05	2.51E-06	-1.09E-05	-2.30E-05
381	4	0	0	0	0	0	0	232	254	0	-2.65E-05	8.60E-06	-1.07E-05	-2.31E-05
381	5	0	0	0	0	0	0	232	254	0	-2.65E-05	8.60E-06	-1.07E-05	-2.31E-05
381	6	0	0	0	0	0	0	232	254	0	-3.37E-05	1.54E-05	-1.15E-05	-2.32E-05
381	7	0	0	0	0	0	0	232	254	0	-3.37E-05	1.54E-05	-1.15E-05	-2.32E-05
381	8	0	0	0	0	0	0	232	254	0	-3.65E-05	8.61E-06	-1.05E-05	-2.48E-05
381	9	0	0	0	0	0	0	232	254	0	-3.53E-05	1.81E-06	-7.54E-06	-2.54E-05
381	10	0	0	0	0	0	0	232	254	0	-3.53E-05	1.81E-06	-7.54E-06	-2.54E-05
381	11	0	0	0	0	0	0	232	254	0	-3.22E-05	1.65E-07	-5.21E-06	-2.61E-05
381	12	0	0	0	0	0	0	232	254	0	-3.22E-05	1.65E-07	-5.21E-06	-2.61E-05
381	13	0	0	0	0	0	0	232	254	0	-3.02E-05	3.80E-06	-3.38E-06	-2.65E-05
381	14	0	0	0	0	0	0	232	254	0	-3.02E-05	3.80E-06	-3.38E-06	-2.65E-05
381	15	0	0	0	0	0	0	232	254	0	-2.94E-05	8.53E-06	-4.08E-06	-2.67E-05
381	16	0	0	0	0	0	0	232	254	0	-2.94E-05	8.53E-06	-4.08E-06	-2.67E-05
381	17	0	0	0	0	0	0	232	254	0	-2.98E-05	8.66E-06	-7.44E-06	-2.28E-05
381	18	0	0	0	0	0	0	232	254	0	-2.07E-05	-4.61E-07	-8.18E-06	-1.72E-05
381	19	0	0	0	0	0	0	232	254	0	-2.07E-05	-4.61E-07	-8.18E-06	-1.72E-05
382	0	0	0	0	0	0	0	232	254	0	-1.58E-05	-3.73E-07	-4.94E-06	-1.51E-05
382	1	0	0	0	0	0	0	232	254	0	-1.58E-05	-3.73E-07	-4.94E-06	-1.51E-05
382	2	0	0	0	0	0	0	232	254	0	-1.79E-05	4.55E-06	-4.94E-06	-1.68E-05
382	3	0	0	0	0	0	0	232	254	0	-1.79E-05	4.55E-06	-4.94E-06	-1.68E-05
382	4	0	0	0	0	0	0	232	254	0	-1.97E-05	6.15E-06	-8.27E-06	-2.37E-05
382	5	0	0	0	0	0	0	232	254	0	-1.97E-05	6.15E-06	-8.27E-06	-2.37E-05
382	6	0	0	0	0	0	0	232	254	0	-1.98E-05	4.14E-06	-8.51E-06	-3.14E-05
382	7	0	0	0	0	0	0	232	254	0	-2.25E-05	6.38E-06	-8.70E-06	-2.90E-05
382	8	0	0	0	0	0	0	232	254	0	-2.25E-05	6.38E-06	-8.70E-06	-2.90E-05
382	9	0	0	0	0	0	0	232	254	0	-2.34E-05	9.76E-06	-1.17E-05	-2.38E-05
382	10	0	0	0	0	0	0	232	254	0	-2.34E-05	9.76E-06	-1.17E-05	-2.38E-05
382	11	0	0	0	0	0	0	232	254	0	-1.99E-05	6.62E-06	-1.31E-05	-1.43E-05
382	12	0	0	0	0	0	0	232	254	0	-1.99E-05	6.62E-06	-1.31E-05	-1.43E-05
382	13	0	0	0	0	0	0	232	254	0	-1.55E-05	4.30E-06	-1.20E-05	-4.65E-06
382	14	0	0	0	0	0	0	232	254	0	-1.55E-05	4.30E-06	-1.20E-05	-4.65E-06
382	15	0	0	0	0	0	0	232	254	0	-1.40E-05	4.92E-06	-1.04E-05	-2.39E-06
382	16	0	0	0	0	0	0	232	254	0	-1.55E-05	4.98E-06	-1.08E-05	-7.91E-06
382	17	0	0	0	0	0	0	232	254	0	-1.55E-05	4.98E-06	-1.08E-05	-7.91E-06
382	18	0	0	0	0	0	0	232	254	0	-1.78E-05	3.82E-06	-8.94E-06	-1.12E-05
382	19	0	0	0	0	0	0	232	254	0	-1.78E-05	3.82E-06	-8.94E-06	-1.12E-05
383	0	0	0	0	0	0	0	232	254	0	-2.23E-05	4.83E-06	-8.75E-06	-1.29E-05
383	1	0	0	0	0	0	0	232	254	0	-2.23E-05	4.83E-06	-8.75E-06	-1.29E-05
383	2	0	0	0	0	0	0	232	254	0	-2.22E-05	6.70E-06	-1.22E-05	-1.51E-05
383	3	0	0	0	0	0	0	232	254	0	-2.22E-05	6.70E-06	-1.22E-05	-1.51E-05
383	4	0	0	0	0	0	0	232	254	0	-2.18E-05	6.95E-06	-1.52E-05	-1.65E-05
383	5	0	0	0	0	0	0	232	254	0	-2.13E-05	2.67E-06	-1.64E-05	-1.75E-05
383	6	0	0	0	0	0	0	232	254	0	-2.13E-05	2.67E-06	-1.64E-05	-1.75E-05
383	7	0	0	0	0	0	0	232	254	0	-1.92E-05	-1.68E-06	-1.48E-05	-1.40E-05
383	8	0	0	0	0	0	0	232	254	0	-1.92E-05	-1.68E-06	-1.48E-05	-1.40E-05
383	9	0	0	0	0	0	0	232	254	0	-2.14E-05	1.68E-06	-1.41E-05	-1.07E-05
383	10	0	0	0	0	0	0	232	254	0	-2.14E-05	1.68E-06	-1.41E-05	-1.07E-05
383	11	0	0	0	0	0	0	232	254	0	-2.39E-05	4.43E-06	-1.37E-05	-1.08E-05
383	12	0	0	0	0	0	0	232	254	0	-2.39E-05	4.43E-06	-1.37E-05	-1.08E-05
383	13	0	0	0	0	0	0	232	254	0	-1.90E-05	2.73E-06	-8.73E-06	-6.78E-06
383	14	0	0	0	0	0	0	232	254	0	-1.45E-05	-3.52E-06	-6.88E-06	-1.03E-05
383	15	0	0	0	0	0	0	232	254	0	-1.45E-05	-3.52E-06	-6.88E-06	-1.03E-05
383	16	0	0	0	0	0	0	232	254	0	-1.38E-05	-1.21E-06	-1.40E-05	-1.73E-05
383	17	0	0	0	0	0	0	232	254	0	-1.38E-05	-1.21E-06	-1.40E-05	-1.73E-05
383	18	0	0	0	0	0	0	232	254	0	-1.31E-05	5.51E-06	-2.08E-05	-1.71E-05
383	19	0	0	0	0	0	0	232	254	0	-1.31E-05	5.51E-06	-2.08E-05	-1.71E-05
384	0	0	0	0	0	0	0	232	254	0	-1.28E-05	8.09E-07	-1.35E-05	-1.59E-05
384	1	0	0	0	0	0	0	232	254	0	-1.28E-05	8.09E-07	-1.35E-05	-1.59E-05
384	2	0	0	0	0	0	0	232	254	0	-1.72E-05	-2.64E-06	-5.75E-06	-1.45E-05
384	3	0	0	0	0	0	0	232	254	0	-2.57E-05	8.04E-07	-9.50E-06	-1.75E-05
384	4	0	0	0	0	0	0	232	254	0	-2.57E-05	8.04E-07	-9.50E-06	-1.75E-05
384	5	0	0	0	0	0	0	232	254	0	-3.40E-05	1.92E-06	-1.36E-05	-1.81E-05
384	6	0	0	0	0	0	0	232	254	0	-3.40E-05	1.92E-06	-1.36E-05	-1.81E-05
384	7	0	0	0	0	0	0	232	254	0	-3.33E-05	-1.21E-06	-1.75E-05	-2.05E-05
384	8	0	0	0	0	0	0	232	254	0	-3.33E-05	-1.21E-06	-1.75E-05	-2.05E-05
384	9	0	0	0	0	0	0	232	254	0	-1.97E-05	9.04E-07	-1.41E-05	-2.64E-05
384	10	0	0	0	0	0	0	232	254	0	-1.97E-05	9.04E-07	-1.41E-05	-2.64E-05
384	11	0	0	0	0	0	0	232	254	0	-1.61E-05	2.74E-06	2.92E-06	-2.89E-05
384	12	0	0	0	0	0	0	232	254	0	-1.68E-05	-5.34E-07	1.59E-05	-1.86E-05
384	13	0	0	0	0	0	0	232	254	0	-1.68E-05	-5.34E-07	1.59E-05	-1.86E-05
384	14	0	0	0	0	0	0	232	254	0	-1.46E-05	-4.08E-06	-8.50E-07	-7.54E-06
384	15	0	0	0	0	0	0	232	254	0	-1.46E-05	-4.08E-06	-8.50E-07	-7.54E-06
384	16	0	0	0	0	0	0	232	254	0	-1.19E-05	-1.46E-06	-7.76E-06	2.65E-06
384	17	0	0	0	0	0	0	232	254	0	-1.19E-05	-1.46E-06	-7.76E-06	2.65E-06
384	18	0	0	0	0	0	0	232	254	0	-6.71E-06	-1.02E-06	-3.49E-06	1.09E-05
384	19	0	0	0	0	0	0	232	254	0	-6.71E-06	-1.02E-06	-3.49E-06	1.09E-05
385	0	0	0	0	0	0	0	232	254	0	-5.93E-06	3.58E-07	-5.98E-06	8.46E-06
385	1	0	0	0	0	0	0	232	254	0	-7.62E-06	3.23E-06	-1.04E-05	8.74E-07
385	2	0	0	0	0	0	0	232	254	0	-7.62E-06	3.23E-06	-1.04E-05	8.74E-07
385	3	0	0	0	0	0	0	232	254	0	-1.12E-05	2.52E-06	-1.06E-05	-2.55E-06
385	4	0	0	0	0	0	0	232	254	0	-1.12E-05	2.52E-06	-1.06E-05	-2.55E-06
385	5	0	0	0	0	0	0	232	254	0	-2.04E-05	3.02E-06	-1.28E-05	-1.49E-05
385	6	0	0	0	0	0	0	232	254	0	-2.04E-05	3.02E-06	-1.28E-05	-1.49E-05
385	7	0	0	0	0	0	0	232	254	0	-3.20E-05	5.82E-06	-1.16E-05	-3.09E-05
385	8	0	0	0	0	0	0	232	254	0	-3.20E-05	5.82E-06	-1.16E-05	-3.09E-05
385	9	0	0	0	0	0	0	232	254	0	-4.19E-05	5.81E-06	-9.17E-06	-3.41E-05
385	10	0	0	0	0	0	0	232	254	0	-4.57E-05	7.11E-06	-6.63E-06	-2.27E-05
385	11	0	0	0	0	0	0	232	254	0	-4.57E-05	7.11E-06	-6.63E-06	-2.27E-05
385	12	0	0	0	0	0	0	232	254	0	-3.97E-05	5.26E-06	-5.35E-06	-1.78E-06
385	13	0	0	0	0	0	0	232	254	0	-3.97E-05	5.26E-06	-5.35E-06	-1.78E-06
385	14	0	0	0	0	0	0	232	254	0	-3.18E-05	4.37E-06	-5.78E-06	2.17E-05
385	15	0	0	0	0	0	0	232	254	0	-3.18E-05	4.37E-06	-5.78E-06	2.17E-05
385	16	0	0	0	0	0	0	232	254	0	-2.39E-05	8.27E-06	-4.59E-06	3.20E-05
385	17	0	0	0	0	0	0	232	254	0	-2.39E-05	8.27E-06	-4.59E-06	3.20E-05
385	18	0	0	0	0	0	0	232	254	0	-9.44E-06	8.26E-06	-1.20E-05	2.06E-05
385	19	0	0	0	0	0	0	232	254	0	-5.17E-06	6.45E-06	-1.38E-05	-4.48E-06
386	0	0	0	0	0	0	0	232	254	0	-5.17E-06	6.45E-06	-1.38E-05	-4.48E-06
386	1	0	0	0	0	0	0	232	254	0	-6.56E-06	5.52E-06	-8.88E-06	-2.80E-05
386	2	0	0	0	0	0	0	232	254	0	-6.56E-06	5.52E-06	-8.88E-06	-2.80E-05
386	3	0	0	0	0	0	0	232	254	0	-5.18E-06	3.27E-06	-8.94E-06	-3.90E-05
386	4	0	0	0	0	0	0	232	254	0	-5.18E-06	3.27E-06	-8.94E-06	-3.90E-05
386	5	0	0	0	0	0	0	232	254	0	-7.89E-06	1.67E-06	-2.35E-05	-4.02E-05
386	6	0	0	0	0	0	0	232	254	0	-7.89E-06	1.67E-06	-2.35E-05	-4.02E-05
386	7	0	0	0	0	0	0	232	254	0	-8.24E-06	1.94E-08	-3.79E-05	-2.66E-05
386	8	0	0	0	0	0	0	232	254	0	-1.19E-05	-1.96E-06	-2.51E-05	-9.38E-06
386	9	0	0	0	0	0	0	232	254	0	-1.19E-05	-1.96E-06	-2.51E-05	-9.38E-06
386	10	0	0	0	0	0	0	232	254	0	-2.22E-05	9.34E-06	-1.55E-05	1.31E-06
386	11	0	0	0	0	0	0	232	254	0	-2.22E-05	9.34E-06	-1.55E-05	1.31E-06
386	12	0	0	0	0	0	0	232	254	0	-2.70E-05	1.71E-05	-2.39E-05	1.26E-05
386	13	0	0	0	0	0	0	232	254	0	-2.70E-05	1.71E-05	-2.39E-05	1.26E-05
386	14	0	0	0	0	0	0	232	254	0	-2.60E-05	1.36E-05	-1.80E-05	1.19E-05
386	15	0	0	0	0	0	0	232	254	0	-2.60E-05	1.36E-05	-1.80E-05	1.19E-05
386	16	0	0	0	0	0	0	232	254	0	-2.61E-05	1.18E-05	-1.01E-05	7.43E-06
386	17	0	0	0	0	0	0	232	254	0	-2.87E-05	1.42E-05	-1.02E-05	-7.52E-06
386	18	0	0	0	0	0	0	232	254	0	-2.87E-05	1.42E-05	-1.02E-05	-7.52E-06
386	19	0	0	0	0	0	0	232	254	0	-2.83E-05	1.52E-05	-5.71E-06	-3.66E-05
387	0	0	0	0	0	0	0	232	254	0	-2.83E-05	1.52E-05	-5.71E-06	-3.66E-05
387	1	0	0	0	0	0	0	232	254	0	-2.53E-05	1.17E-05	-3.08E-06	-4.79E-05
387	2	0	0	0	0	0	0	232	254	0	-2.53E-05	1.17E-05	-3.08E-06	-4.79E-05
387	3	0	0	0	0	0	0	232	254	0	-2.26E-05	9.79E-06	-4.39E-06	-2.31E-05
387	4	0	0	0	0	0	0	232	254	0	-2.26E-05	9.79E-06	-4.39E-06	-2.31E-05
387	5	0	0	0	0	0	0	232	254	0	-2.34E-05	7.39E-06	-4.03E-06	1.34E-05
387	6	0	0	0	0	0	0	232	254	0	-2.37E-05	8.47E-06	-1.53E-06	2.49E-05
387	7	0	0	0	0	0	0	232	254	0	-2.37E-05	8.47E-06	-1.53E-06	2.49E-05
387	8	0	0	0	0	0	0	232	254	0	-2.38E-05	8.47E-06	-3.98E-06	5.39E-06
387	9	0	0	0	0	0	0	232	254	0	-2.38E-05	8.47E-06	-3.98E-06	5.39E-06
387	10	0	0	0	0	0	0	232	254	0	-2.46E-05	5.82E-06	-6.22E-06	-2.25E-05
387	11	0	0	0	0	0	0	232	254	0	-2.46E-05	5.82E-06	-6.22E-06	-2.25E-05
387	12	0	0	0	0	0	0	232	254	0	-2.41E-05	4.13E-06	-4.29E-06	-5.85E-05
387	13	0	0	0	0	0	0	232	254	0	-2.41E-05	4.13E-06	-4.29E-06	-5.85E-05
387	14	0	0	0	0	0	0	232	254	0	-2.23E-05	1.85E-06	-4.06E-06	-6.12E-05
387	15	0	0	0	0	0	0	232	254	0	-2.07E-05	2.05E-06	-5.45E-06	-2.98E-05
387	16	0	0	0	0	0	0	232	254	0	-2.07E-05	2.05E-06	-5.45E-06	-2.98E-05
387	17	0	0	0	0	0	0	232	254	0	-2.17E-05	2.94E-06	-6.93E-06	-2.15E-06
387	18	0	0	0	0	0	0	232	254	0	-2.17E-05	2.94E-06	-6.93E-06	-2.15E-06
387	19	0	0	0	0	0	0	232	254	0	-2.20E-05	1.41E-06	-6.77E-06	8.76E-06
388	0	0	0	0	0	0	0	232	254	0	-2.20E-05	1.41E-06	-6.77E-06	8.76E-06
388	1	0	0	0	0	0	0	232	254	0	-2.07E-05	1.04E-06	-4.05E-06	1.29E-05
388	2	0	0	0	0	0	0	232	254	0	-2.07E-05	1.04E-06	-4.05E-06	1.29E-05
388	3	0	0	0	0	0	0	232	254	0	-1.89E-05	3.34E-06	-3.64E-06	-7.79E-06
388	4	0	0	0	0	0	0	232	254	0	-1.76E-05	9.60E-06	-6.31E-06	-3.91E-05
388	5	0	0	0	0	0	0	232	254	0	-1.76E-05	9.60E-06	-6.31E-06	-3.91E-05
388	6	0	0	0	0	0	0	232	254	0	-1.68E-05	7.24E-06	-6.73E-06	-4.40E-05
388	7	0	0	0	0	0	0	232	254	0	-1.68E-05	7.24E-06	-6.73E-06	-4.40E-05
388	8	0	0	0	0	0	0	232	254	0	-1.83E-05	3.68E-06	-5.77E-06	-2.67E-05
388	9	0	0	0	0	0	0	232	254	0	-1.83E-05	3.68E-06	-5.77E-06	-2.67E-05
388	10	0	0	0	0	0	0	232	254	0	-2.11E-05	4.78E-06	-4.65E-06	-1.14E-05
388	11	0	0	0	0	0	0	232	254	0	-2.11E-05	4.78E-06	-4.65E-06	-1.14E-05
388	12	0	0	0	0	0	0	232	254	0	-2.17E-05	6.46E-06	-2.01E-06	1.25E-05
388	13	0	0	0	0	0	0	232	254	0	-2.13E-05	7.86E-06	-5.62E-06	1.04E-05
388	14	0	0	0	0	0	0	232	254	0	-2.13E-05	7.86E-06	-5.62E-06	1.04E-05
388	15	0	0	0	0	0	0	232	254	0	-2.42E-05	7.29E-06	-9.75E-06	-7.25E-06
388	16	0	0	0	0	0	0	232	254	0	-2.42E-05	7.29E-06	-9.75E-06	-7.25E-06
388	17	0	0	0	0	0	0	232	254	0	-2.39E-05	4.82E-06	-8.39E-06	-2.02E-05
388	18	0	0	0	0	0	0	232	254	0	-2.39E-05	4.82E-06	-8.39E-06	-2.02E-05
388	19	0	0	0	0	0	0	232	254	0	-2.05E-05	4.23E-06	-5.54E-06	-1.36E-05
389	0	0	0	0	0	0	0	232	254	0	-2.05E-05	4.23E-06	-5.54E-06	-1.36E-05
389	1	0	0	0	0	0	0	232	254	0	-1.96E-05	3.27E-06	-5.39E-06	8.19E-06
389	2	0	0	0	0	0	0	232	254	0	-2.08E-05	7.58E-06	-4.68E-06	2.28E-05
389	3	0	0	0	0	0	0	232	254	0	-2.08E-05	7.58E-06	-4.68E-06	2.28E-05
389	4	0	0	0	0	0	0	232	254	0	-2.19E-05	6.14E-06	-6.34E-06	2.12E-05
389	5	0	0	0	0	0	0	232	254	0	-2.19E-05	6.14E-06	-6.34E-06	2.12E-05
389	6	0	0	0	0	0	0	232	254	0	-2.10E-05	-3.46E-06	-1.15E-05	-9.25E-06
389	7	0	0	0	0	0	0	232	254	0	-2.10E-05	-3.46E-06	-1.15E-05	-9.25E-06
389	8	0	0	0	0	0	0	232	254	0	-1.92E-05	-6.48E-06	-1.43E-05	-3.52E-05
389	9	0	0	0	0	0	0	232	254	0	-1.92E-05	-6.48E-06	-1.43E-05	-3.52E-05
389	10	0	0	0	0	0	0	232	254	0	-1.64E-05	-4.00E-06	-1.11E-05	-2.99E-05
389	11	0	0	0	0	0	0	232	254	0	-2.87E-06	-2.95E-06	-9.28E-06	-2.86E-05
389	12	0	0	0	0	0	0	232	254	0	-2.87E-06	-2.95E-06	-9.28E-06	-2.86E-05
389	13	0	0	0	0	0	0	232	254	0	5.94E-06	-3.22E-06	-9.97E-06	-2.79E-05
389	14	0	0	0	0	0	0	232	254	0	5.94E-06	-3.22E-06	-9.97E-06	-2.79E-05
389	15	0	0	0	0	0	0	232	254	0	1.06E-06	-2.05E-07	-1.31E-05	-3.20E-05
389	16	0	0	0	0	0	0	232	254	0	1.06E-06	-2.05E-07	-1.31E-05	-3.20E-05
389	17	0	0	0	0	0	0	232	254	0	-9.13E-06	7.02E-06	-1.75E-05	-2.79E-05
389	18	0	0	0	0	0	0	232	254	0	-9.13E-06	7.02E-06	-1.75E-05	-2.79E-05
389	19	0	0	0	0	0	0	232	254	0	-2.11E-05	5.87E-06	-1.46E-05	-2.80E-05
390	0	0	0	0	0	0	0	232	254	0	-2.83E-05	6.13E-06	-8.19E-06	-3.55E-05
390	1	0	0	0	0	0	0	232	254	0	-2.83E-05	6.13E-06	-8.19E-06	-3.55E-05
390	2	0	0	0	0	0	0	232	254	0	-3.44E-05	8.36E-06	-4.60E-06	-4.60E-05
390	3	0	0	0	0	0	0	232	254	0	-3.44E-05	8.36E-06	-4.60E-06	-4.60E-05
390	4	0	0	0	0	0	0	232	254	0	-4.10E-05	1.30E-05	-7.13E-06	-3.10E-05
390	5	0	0	0	0	0	0	232	254	0	-4.10E-05	1.30E-05	-7.13E-06	-3.10E-05
390	6	0	0	0	0	0	0	232	254	0	-4.77E-05	1.19E-05	-8.01E-06	-3.78E-07
390	7	0	0	0	0	0	0	232	254	0	-4.77E-05	1.19E-05	-8.01E-06	-3.78E-07
390	8	0	0	0	0	0	0	232	254	0	-5.17E-05	3.51E-06	-4.72E-06	1.21E-06
390	9	0	0	0	0	0	0	232	254	0	-4.53E-05	2.06E-06	-4.21E-06	8.67E-06
390	10	0	0	0	0	0	0	232	254	0	-4.53E-05	2.06E-06	-4.21E-06	8.67E-06
390	11	0	0	0	0	0	0	232	254	0	-3.50E-05	5.56E-06	-6.86E-06	2.08E-05
390	12	0	0	0	0	0	0	232	254	0	-3.50E-05	5.56E-06	-6.86E-06	2.08E-05
390	13	0	0	0	0	0	0	232	254	0	-2.60E-05	7.13E-06	-1.15E-05	6.13E-06
390	14	0	0	0	0	0	0	232	254	0	-2.60E-05	7.13E-06	-1.15E-05	6.13E-06
390	15	0	0	0	0	0	0	232	254	0	-1.99E-05	4.57E-06	-1.65E-05	-1.50E-05
390	16	0	0	0	0	0	0	232	254	0	-1.99E-05	4.57E-06	-1.65E-05	-1.50E-05
390	17	0	0	0	0	0	0	232	254	0	-1.89E-05	4.26E-06	-1.27E-05	-1.22E-05
390	18	0	0	0	0	0	0	232	254	0	-1.60E-05	6.24E-06	-7.50E-06	-4.05E-06
390	19	0	0	0	0	0	0	232	254	0	-1.60E-05	6.24E-06	-7.50E-06	-4.05E-06
391	0	0	0	0	0	0	0	232	254	0	-1.51E-05	4.00E-06	-7.90E-06	-3.14E-06
391	1	0	0	0	0	0	0	232	254	0	-1.51E-05	4.00E-06	-7.90E-06	-3.14E-06
391	2	0	0	0	0	0	0	232	254	0	-1.81E-05	8.31E-07	-1.13E-05	-2.25E-06
391	3	0	0	0	0	0	0	232	254	0	-1.81E-05	8.31E-07	-1.13E-05	-2.25E-06
391	4	0	0	0	0	0	0	232	254	0	-1.88E-05	-6.70E-07	-8.90E-06	5.47E-07
391	5	0	0	0	0	0	0	232	254	0	-1.88E-05	-6.70E-07	-8.90E-06	5.47E-07
391	6	0	0	0	0	0	0	232	254	0	-2.00E-05	-3.42E-06	-9.00E-06	-5.08E-06
391	7	0	0	0	0	0	0	232	254	0	-2.78E-05	-1.70E-06	-9.52E-06	-1.90E-05
391	8	0	0	0	0	0	0	232	254	0	-2.78E-05	-1.70E-06	-9.52E-06	-1.90E-05
391	9	0	0	0	0	0	0	232	254	0	-2.78E-05	6.02E-06	-8.91E-06	-3.13E-05
391	10	0	0	0	0	0	0	232	254	0	-2.78E-05	6.02E-06	-8.91E-06	-3.13E-05
391	11	0	0	0	0	0	0	232	254	0	-2.43E-05	1.38E-05	-7.13E-06	-2.67E-05
391	12	0	0	0	0	0	0	232	254	0	-2.43E-05	1.38E-05	-7.13E-06	-2.67E-05
391	13	0	0	0	0	0	0	232	254	0	-2.18E-05	2.06E-05	-7.90E-06	-1.40E-05
391	14	0	0	0	0	0	0	232	254	0	-2.18E-05	2.06E-05	-7.90E-06	-1.40E-05
391	15	0	0	0	0	0	0	232	254	0	-1.86E-05	1.94E-05	-9.95E-06	-5.07E-06
391	16	0	0	0	0	0	0	232	254	0	-1.61E-05	1.50E-05	-9.96E-06	-7.42E-06
391	17	0	0	0	0	0	0	232	254	0	-1.61E-05	1.50E-05	-9.96E-06	-7.42E-06
391	18	0	0	0	0	0	0	232	254	0	-1.46E-05	1.33E-05	-8.32E-06	-1.44E-05
391	19	0	0	0	0	0	0	232	254	0	-1.46E-05	1.33E-05	-8.32E-06	-1.44E-05
392	0	0	0	0	0	0	0	232	254	0	-1.29E-05	4.49E-06	-8.34E-06	-1.49E-05
392	1	0	0	0	0	0	0	232	254	0	-1.29E-05	4.49E-06	-8.34E-06	-1.49E-05
392	2	0	0	0	0	0	0	232	254	0	-8.98E-06	-6.61E-06	-1.03E-05	-1.19E-05
392	3	0	0	0	0	0	0	232	254	0	-8.98E-06	-6.61E-06	-1.03E-05	-1.19E-05
392	4	0	0	0	0	0	0	232	254	0	-8.51E-06	-2.64E-06	-7.07E-06	4.01E-07
392	5	0	0	0	0	0	0	232	254	0	-1.46E-05	5.04E-07	-8.02E-06	4.13E-06
392	6	0	0	0	0	0	0	232	254	0	-1.46E-05	5.04E-07	-8.02E-06	4.13E-06
392	7	0	0	0	0	0	0	232	254	0	-1.89E-05	8.30E-07	-1.31E-05	-5.09E-06
392	8	0	0	0	0	0	0	232	254	0	-1.89E-05	8.30E-07	-1.31E-05	-5.09E-06
392	9	0	0	0	0	0	0	232	254	0	-2.09E-05	2.96E-06	-1.65E-05	-1.28E-05
392	10	0	0	0	0	0	0	232	254	0	-2.09E-05	2.96E-06	-1.65E-05	-1.28E-05
392	11	0	0	0	0	0	0	232	254	0	-1.90E-05	4.41E-06	-2.10E-05	-1.58E-05
392	12	0	0	0	0	0	0	232	254	0	-1.90E-05	4.41E-06	-2.10E-05	-1.58E-05
392	13	0	0	0	0	0	0	232	254	0	-1.79E-05	3.67E-06	-2.48E-05	-1.08E-05
392	14	0	0	0	0	0	0	232	254	0	-2.28E-05	3.22E-06	-2.23E-05	-1.45E-05
392	15	0	0	0	0	0	0	232	254	0	-2.28E-05	3.22E-06	-2.23E-05	-1.45E-05
392	16	0	0	0	0	0	0	232	254	0	-2.40E-05	1.36E-06	-8.06E-06	-1.74E-05
392	17	0	0	0	0	0	0	232	254	0	-2.40E-05	1.36E-06	-8.06E-06	-1.74E-05
392	18	0	0	0	0	0	0	232	254	0	-1.97E-05	1.21E-06	7.06E-06	-1.50E-05
392	19	0	0	0	0	0	0	232	254	0	-1.97E-05	1.21E-06	7.06E-06	-1.50E-05
393	0	0	0	0	0	0	0	232	254	0	-1.59E-05	5.58E-06	1.15E-05	-1.39E-05
393	1	0	0	0	0	0	0	232	254	0	-1.59E-05	5.58E-06	1.15E-05	-1.39E-05
393	2	0	0	0	0	0	0	232	254	0	-1.35E-05	6.99E-06	9.31E-06	-1.56E-05
393	3	0	0	0	0	0	0	232	254	0	-1.38E-05	2.50E-06	7.55E-06	-1.59E-05
393	4	0	0	0	0	0	0	232	254	0	-1.38E-05	2.50E-06	7.55E-06	-1.59E-05
393	5	0	0	0	0	0	0	232	254	0	-1.74E-05	5.04E-07	-7.91E-06	-1.74E-05
393	6	0	0	0	0	0	0	232	254	0	-1.74E-05	5.04E-07	-7.91E-06	-1.74E-05
393	7	0	0	0	0	0	0	232	254	0	-1.99E-05	5.29E-07	-2.82E-05	-1.79E-05
393	8	0	0	0	0	0	0	232	254	0	-1.99E-05	5.29E-07	-2.82E-05	-1.79E-05
393	9	0	0	0	0	0	0	232	254	0	-2.20E-05	4.45E-07	-4.09E-05	-1.82E-05
393	10	0	0	0	0	0	0	232	254	0	-2.20E-05	4.45E-07	-4.09E-05	-1.82E-05
393	11	0	0	0	0	0	0	232	254	0	-2.34E-05	-7.89E-07	-1.24E-05	-1.73E-05
393	12	0	0	0	0	0	0	232	254	0	-2.25E-05	-4.53E-07	4.72E-07	-1.55E-05
393	13	0	0	0	0	0	0	232	254	0	-2.25E-05	-4.53E-07	4.72E-07	-1.55E-05
393	14	0	0	0	0	0	0	232	254	0	-2.45E-05	-2.68E-07	-9.71E-06	-1.49E-05
393	15	0	0	0	0	0	0	232	254	0	-2.45E-05	-2.68E-07	-9.71E-06	-1.49E-05
393	16	0	0	0	0	0	0	232	254	0	-2.50E-05	-5.37E-07	-1.22E-05	-1.62E-05
393	17	0	0	0	0	0	0	232	254	0	-2.50E-05	-5.37E-07	-1.22E-05	-1.62E-05
393	18	0	0	0	0	0	0	232	254	0	-2.34E-05	1.12E-06	-1.12E-05	-1.58E-05
393	19	0	0	0	0	0	0	232	254	0	-2.34E-05	1.12E-06	-1.12E-05	-1.58E-05
394	0	0	0	0	0	0	0	232	254	0	-2.34E-05	8.64E-07	-1.12E-05	-1.34E-05
394	1	0	0	0	0	0	0	232	254	0	-2.21E-05	1.03E-06	-1.24E-05	-4.44E-06
394	2	0	0	0	0	0	0	232	254	0	-2.21E-05	1.03E-06	-1.24E-05	-4.44E-06
394	3	0	0	0	0	0	0	232	254	0	-1.94E-05	1.25E-06	-1.15E-05	-6.35E-06
394	4	0	0	0	0	0	0	232	254	0	-1.94E-05	1.25E-06	-1.15E-05	-6.35E-06
394	5	0	0	0	0	0	0	232	254	0	-2.17E-05	1.60E-06	-1.07E-05	-1.62E-05
394	6	0	0	0	0	0	0	232	254	0	-2.17E-05	1.60E-06	-1.07E-05	-1.62E-05
394	7	0	0	0	0	0	0	232	254	0	-2.59E-05	1.05E-06	-9.53E-06	-2.51E-05
394	8	0	0	0	0	0	0	232	254	0	-2.59E-05	1.05E-06	-9.53E-06	-2.51E-05
394	9	0	0	0	0	0	0	232	254	0	-2.67E-05	2.10E-07	-1.02E-05	-2.73E-05
394	10	0	0	0	0	0	0	232	254	0	-2.58E-05	-5.04E-07	-9.85E-06	-1.97E-05
394	11	0	0	0	0	0	0	232	254	0	-2.58E-05	-5.04E-07	-9.85E-06	-1.97E-05
394	12	0	0	0	0	0	0	232	254	0	-2.67E-05	1.25E-07	-9.27E-06	-2.45E-05
394	13	0	0	0	0	0	0	232	254	0	-2.67E-05	1.25E-07	-9.27E-06	-2.45E-05
394	14	0	0	0	0	0	0	232	254	0	-2.76E-05	3.99E-06	-7.88E-06	-3.87E-05
394	15	0	0	0	0	0	0	232	254	0	-2.76E-05	3.99E-06	-7.88E-06	-3.87E-05
394	16	0	0	0	0	0	0	232	254	0	-2.26E-05	5.83E-06	-9.81E-06	-3.54E-05
394	17	0	0	0	0	0	0	232	254	0	-2.26E-05	5.83E-06	-9.81E-06	-3.54E-05
394	18	0	0	0	0	0	0	232	254	0	-1.94E-05	6.85E-06	-9.84E-06	-1.67E-05
394	19	0	0	0	0	0	0	232	254	0	-1.76E-05	8.46E-06	-7.20E-06	5.82E-06
395	0	0	0	0	0	0	0	232	254	0	-1.76E-05	8.46E-06	-7.20E-06	5.82E-06
395	1	0	0	0	0	0	0	232	254	0	-1.40E-05	7.61E-06	-5.05E-06	1.57E-05
395	2	0	0	0	0	0	0	232	254	0	-1.40E-05	7.61E-06	-5.05E-06	1.57E-05
395	3	0	0	0	0	0	0	232	254	0	-1.07E-05	6.12E-06	-4.47E-06	7.19E-06
395	4	0	0	0	0	0	0	232	254	0	-1.07E-05	6.12E-06	-4.47E-06	7.19E-06
395	5	0	0	0	0	0	0	232	254	0	-7.05E-06	6.29E-06	-5.69E-06	-2.72E-06
395	6	0	0	0	0	0	0	232	254	0	-7.05E-06	6.29E-06	-5.69E-06	-2.72E-06
395	7	0	0	0	0	0	0	232	254	0	-4.65E-06	4.97E-06	-3.72E-06	-4.41E-06
395	8	0	0	0	0	0	0	232	254	0	-8.63E-06	6.17E-06	-4.92E-06	-8.26E-06
395	9	0	0	0	0	0	0	232	254	0	-8.63E-06	6.17E-06	-4.92E-06	-8.26E-06
395	10	0	0	0	0	0	0	232	254	0	-1.74E-05	9.46E-06	-1.18E-05	-1.21E-05
395	11	0	0	0	0	0	0	232	254	0	-1.74E-05	9.46E-06	-1.18E-05	-1.21E-05
395	12	0	0	0	0	0	0	232	254	0	-2.21E-05	7.29E-06	-1.71E-05	-1.12E-05
395	13	0	0	0	0	0	0	232	254	0	-2.21E-05	7.29E-06	-1.71E-05	-1.12E-05
395	14	0	0	0	0	0	0	232	254	0	-2.35E-05	3.94E-06	-1.76E-05	-1.38E-05
395	15	0	0	0	0	0	0	232	254	0	-2.35E-05	3.94E-06	-1.76E-05	-1.38E-05
395	16	0	0	0	0	0	0	232	254	0	-2.74E-05	4.19E-06	-1.68E-05	-1.91E-05
395	17	0	0	0	0	0	0	232	254	0	-3.20E-05	3.19E-06	-2.01E-05	-2.08E-05
395	18	0	0	0	0	0	0	232	254	0	-3.20E-05	3.19E-06	-2.01E-05	-2.08E-05
395	19	0	0	0	0	0	0	232	254	0	-3.53E-05	3.77E-06	-1.77E-05	-1.52E-05
396	0	0	0	0	0	0	0	232	254	0	-3.53E-05	3.77E-06	-1.77E-05	-1.52E-05
396	1	0	0	0	0	0	0	232	254	0	-3.51E-05	7.15E-06	2.20E-06	-1.91E-05
396	2	0	0	0	0	0	0	232	254	0	-3.51E-05	7.15E-06	2.20E-06	-1.91E-05
396	3	0	0	0	0	0	0	232	254	0	-3.07E-05	7.80E-06	7.79E-06	-4.26E-05
396	4	0	0	0	0	0	0	232	254	0	-3.07E-05	7.80E-06	7.79E-06	-4.26E-05
396	5	0	0	0	0	0	0	232	254	0	-2.45E-05	7.82E-06	-5.83E-06	-6.58E-05
396	6	0	0	0	0	0	0	232	254	0	-2.34E-05	5.64E-06	-1.46E-05	-6.98E-05
396	7	0	0	0	0	0	0	232	254	0	-2.34E-05	5.64E-06	-1.46E-05	-6.98E-05
396	8	0	0	0	0	0	0	232	254	0	-2.31E-05	5.98E-06	-1.11E-05	-3.26E-05
396	9	0	0	0	0	0	0	232	254	0	-2.31E-05	5.98E-06	-1.11E-05	-3.26E-05
396	10	0	0	0	0	0	0	232	254	0	-2.07E-05	4.85E-06	-6.11E-06	2.50E-05
396	11	0	0	0	0	0	0	232	254	0	-2.07E-05	4.85E-06	-6.11E-06	2.50E-05
396	12	0	0	0	0	0	0	232	254	0	-1.87E-05	5.86E-06	-5.64E-06	5.01E-05
396	13	0	0	0	0	0	0	232	254	0	-1.87E-05	5.86E-06	-5.64E-06	5.01E-05
396	14	0	0	0	0	0	0	232	254	0	-1.71E-05	6.56E-06	-6.06E-06	4.29E-05
396	15	0	0	0	0	0	0	232	254	0	-1.60E-05	5.43E-06	-5.15E-06	2.54E-05
396	16	0	0	0	0	0	0	232	254	0	-1.60E-05	5.43E-06	-5.15E-06	2.54E-05
396	17	0	0	0	0	0	0	232	254	0	-1.62E-05	3.81E-06	-4.82E-06	2.38E-05
396	18	0	0	0	0	0	0	232	254	0	-1.62E-05	3.81E-06	-4.82E-06	2.38E-05
396	19	0	0	0	0	0	0	232	254	0	-1.54E-05	3.93E-06	-5.09E-06	1.11E-05
397	0	0	0	0	0	0	0	232	254	0	-1.54E-05	3.93E-06	-5.09E-06	1.11E-05
397	1	0	0	0	0	0	0	232	254	0	-1.24E-05	6.26E-06	-8.33E-06	-2.24E-06
397	2	0	0	0	0	0	0	232	254	0	-1.24E-05	6.26E-06	-8.33E-06	-2.24E-06
397	3	0	0	0	0	0	0	232	254	0	-1.29E-05	6.72E-06	-8.85E-06	-1.05E-05
397	4	0	0	0	0	0	0	232	254	0	-1.65E-05	7.62E-06	-8.74E-06	-1.80E-05
397	5	0	0	0	0	0	0	232	254	0	-1.65E-05	7.62E-06	-8.74E-06	-1.80E-05
397	6	0	0	0	0	0	0	232	254	0	-1.82E-05	6.57E-06	-9.61E-06	-1.96E-05
397	7	0	0	0	0	0	0	232	254	0	-1.82E-05	6.57E-06	-9.61E-06	-1.96E-05
397	8	0	0	0	0	0	0	232	254	0	-2.10E-05	4.24E-06	-8.92E-06	-1.36E-05
397	9	0	0	0	0	0	0	232	254	0	-2.10E-05	4.24E-06	-8.92E-06	-1.36E-05
397	10	0	0	0	0	0	0	232	254	0	-2.26E-05	6.10E-06	-8.99E-06	-3.44E-06
397	11	0	0	0	0	0	0	232	254	0	-2.26E-05	6.10E-06	-8.99E-06	-3.44E-06
397	12	0	0	0	0	0	0	232	254	0	-2.39E-05	4.13E-06	-9.01E-06	6.63E-07
397	13	0	0	0	0	0	0	232	254	0	-2.34E-05	2.22E-06	-1.17E-05	-1.24E-06
397	14	0	0	0	0	0	0	232	254	0	-2.34E-05	2.22E-06	-1.17E-05	-1.24E-06
397	15	0	0	0	0	0	0	232	254	0	-2.44E-05	4.77E-06	-1.19E-05	-7.81E-06
397	16	0	0	0	0	0	0	232	254	0	-2.44E-05	4.77E-06	-1.19E-05	-7.81E-06
397	17	0	0	0	0	0	0	232	254	0	-2.70E-05	7.07E-06	-7.44E-06	-1.69E-05
397	18	0	0	0	0	0	0	232	254	0	-2.70E-05	7.07E-06	-7.44E-06	-1.69E-05
397	19	0	0	0	0	0	0	232	254	0	-2.73E-05	6.99E-06	-4.97E-06	-2.16E-05
398	0	0	0	0	0	0	0	232	254	0	-2.73E-05	6.99E-06	-4.97E-06	-2.16E-05
398	1	0	0	0	0	0	0	232	254	0	-2.43E-05	5.68E-06	-5.74E-06	-1.88E-05
398	2	0	0	0	0	0	0	232	254	0	-2.15E-05	5.09E-06	-6.96E-06	-1.66E-05
398	3	0	0	0	0	0	0	232	254	0	-2.15E-05	5.09E-06	-6.96E-06	-1.66E-05
398	4	0	0	0	0	0	0	232	254	0	-2.23E-05	2.52E-06	-8.12E-06	-1.58E-05
398	5	0	0	0	0	0	0	232	254	0	-2.23E-05	2.52E-06	-8.12E-06	-1.58E-05
398	6	0	0	0	0	0	0	232	254	0	-2.08E-05	2.90E-06	-1.22E-05	-1.84E-05
398	7	0	0	0	0	0	0	232	254	0	-2.08E-05	2.90E-06	-1.22E-05	-1.84E-05
398	8	0	0	0	0	0	0	232	254	0	-1.97E-05	5.21E-06	-1.17E-05	-1.50E-05
398	9	0	0	0	0	0	0	232	254	0	-1.97E-05	5.21E-06	-1.17E-05	-1.50E-05
398	10	0	0	0	0	0	0	232	254	0	-2.03E-05	6.41E-06	-1.12E-05	-1.47E-05
398	11	0	0	0	0	0	0	232	254	0	-2.12E-05	7.38E-06	-1.44E-05	-1.24E-05
398	12	0	0	0	0	0	0	232	254	0	-2.12E-05	7.38E-06	-1.44E-05	-1.24E-05
398	13	0	0	0	0	0	0	232	254	0	-2.07E-05	6.58E-06	-1.45E-05	-2.62E-05
398	14	0	0	0	0	0	0	232	254	0	-2.07E-05	6.58E-06	-1.45E-05	-2.62E-05
398	15	0	0	0	0	0	0	232	254	0	-2.06E-05	7.49E-06	-1.58E-05	-4.60E-05
398	16	0	0	0	0	0	0	232	254	0	-2.06E-05	7.49E-06	-1.58E-05	-4.60E-05
398	17	0	0	0	0	0	0	232	254	0	-2.21E-05	6.06E-06	-1.63E-05	-3.71E-05
398	18	0	0	0	0	0	0	232	254	0	-2.21E-05	6.06E-06	-1.63E-05	-3.71E-05
398	19	0	0	0	0	0	0	232	254	0	-2.31E-05	5.20E-06	-1.36E-05	-2.52E-05
399	0	0	0	0	0	0	0	232	254	0	-2.33E-05	5.20E-06	-1.32E-05	-2.62E-05
399	1	0	0	0	0	0	0	232	254	0	-2.33E-05	5.20E-06	-1.32E-05	-2.62E-05
399	2	0	0	0	0	0	0	232	254	0	-2.14E-05	5.10E-06	-8.14E-06	-1.31E-05
399	3	0	0	0	0	0	0	232	254	0	-2.14E-05	5.10E-06	-8.14E-06	-1.31E-05
399	4	0	0	0	0	0	0	232	254	0	-2.04E-05	4.43E-06	-3.81E-06	-6.21E-06
399	5	0	0	0	0	0	0	232	254	0	-2.04E-05	4.43E-06	-3.81E-06	-6.21E-06
399	6	0	0	0	0	0	0	232	254	0	-1.90E-05	3.76E-06	-3.98E-06	2.25E-06
399	7	0	0	0	0	0	0	232	254	0	-1.90E-05	3.76E-06	-3.98E-06	2.25E-06
399	8	0	0	0	0	0	0	232	254	0	-1.89E-05	3.19E-06	-6.45E-06	-7.39E-07
399	9	0	0	0	0	0	0	232	254	0	-1.81E-05	3.09E-06	-5.07E-06	-1.48E-05
399	10	0	0	0	0	0	0	232	254	0	-1.81E-05	3.09E-06	-5.07E-06	-1.48E-05
399	11	0	0	0	0	0	0	232	254	0	-1.75E-05	2.37E-06	-6.80E-07	-1.54E-05
399	12	0	0	0	0	0	0	232	254	0	-1.75E-05	2.37E-06	-6.80E-07	-1.54E-05
399	13	0	0	0	0	0	0	232	254	0	-1.89E-05	1.66E-06	-2.43E-06	-6.10E-06
399	14	0	0	0	0	0	0	232	254	0	-1.89E-05	1.66E-06	-2.43E-06	-6.10E-06
399	15	0	0	0	0	0	0	232	254	0	-2.01E-05	2.49E-06	-6.89E-06	-2.46E-06
399	16	0	0	0	0	0	0	232	254	0	-2.01E-05	2.49E-06	-6.89E-06	-2.46E-06
399	17	0	0	0	0	0	0	232	254	0	-1.88E-05	2.17E-06	-7.84E-06	-7.34E-06
399	18	0	0	0	0	0	0	232	254	0	-1.80E-05	1.07E-06	-8.16E-06	-1.03E-05
399	19	0	0	0	0	0	0	232	254	0	-1.80E-05	1.07E-06	-8.16E-06	-1.03E-05
400	0	0	0	0	0	0	0	232	254	0	-1.69E-05	6.04E-07	-1.20E-05	-1.19E-05
400	1	0	0	0	0	0	0	232	254	0	-1.69E-05	6.04E-07	-1.20E-05	-1.19E-05
400	2	0	0	0	0	0	0	232	254	0	-1.64E-05	1.45E-06	-1.42E-05	-6.94E-06
400	3	0	0	0	0	0	0	232	254	0	-1.64E-05	1.45E-06	-1.42E-05	-6.94E-06
400	4	0	0	0	0	0	0	232	254	0	-1.69E-05	2.95E-06	-1.31E-05	-4.08E-06
400	5	0	0	0	0	0	0	232	254	0	-1.69E-05	2.95E-06	-1.31E-05	-4.08E-06
400	6	0	0	0	0	0	0	232	254	0	-1.65E-05	2.44E-06	-8.02E-06	-1.39E-05
400	7	0	0	0	0	0	0	232	254	0	-1.81E-05	2.64E-06	-6.98E-06	-2.06E-05
400	8	0	0	0	0	0	0	232	254	0	-1.81E-05	2.64E-06	-6.98E-06	-2.06E-05
400	9	0	0	0	0	0	0	232	254	0	-2.13E-05	5.56E-06	-6.92E-06	-2.67E-05
400	10	0	0	0	0	0	0	232	254	0	-2.13E-05	5.56E-06	-6.92E-06	-2.67E-05
400	11	0	0	0	0	0	0	232	254	0	-2.29E-05	1.64E-06	-4.04E-06	-2.92E-05
400	12	0	0	0	0	0	0	232	254	0	-2.29E-05	1.64E-06	-4.04E-06	-2.92E-05
400	13	0	0	0	0	0	0	232	254	0	-2.21E-05	9.82E-07	-7.94E-06	-1.98E-05
400	14	0	0	0	0	0	0	232	254	0	-2.21E-05	9.82E-07	-7.94E-06	-1.98E-05
400	15	0	0	0	0	0	0	232	254	0	-2.21E-05	3.57E-06	-8.02E-06	-1.47E-05
400	16	0	0	0	0	0	0	232	254	0	-2.32E-05	2.65E-06	-7.36E-06	-1.34E-05
400	17	0	0	0	0	0	0	232	254	0	-2.32E-05	2.65E-06	-7.36E-06	-1.34E-05
400	18	0	0	0	0	0	0	232	254	0	-2.43E-05	1.81E-06	-1.13E-05	-1.42E-05
400	19	0	0	0	0	0	0	232	254	0	-2.43E-05	1.81E-06	-1.13E-05	-1.42E-05
401	0	0	0	0	0	0	0	232	254	0	-2.36E-05	3.88E-06	-1.79E-05	-1.52E-05
401	1	0	0	0	0	0	0	232	254	0	-2.36E-05	3.88E-06	-1.79E-05	-1.52E-05
401	2	0	0	0	0	0	0	232	254	0	-2.14E-05	6.03E-06	-1.63E-05	-1.26E-05
401	3	0	0	0	0	0	0	232	254	0	-2.14E-05	6.03E-06	-1.63E-05	-1.26E-05
401	4	0	0	0	0	0	0	232	254	0	-2.03E-05	6.93E-06	-1.05E-05	-1.02E-05
401	5	0	0	0	0	0	0	232	254	0	-2.18E-05	6.99E-06	-7.42E-06	-7.62E-06
401	6	0	0	0	0	0	0	232	254	0	-2.18E-05	6.99E-06	-7.42E-06	-7.62E-06
401	7	0	0	0	0	0	0	232	254	0	-1.88E-05	5.43E-06	-2.55E-06	-4.25E-06
401	8	0	0	0	0	0	0	232	254	0	-1.88E-05	5.43E-06	-2.55E-06	-4.25E-06
401	9	0	0	0	0	0	0	232	254	0	-1.72E-05	3.58E-06	-2.20E-06	-6.22E-06
401	10	0	0	0	0	0	0	232	254	0	-1.72E-05	3.58E-06	-2.20E-06	-6.22E-06
401	11	0	0	0	0	0	0	232	254	0	-1.79E-05	1.99E-06	-1.05E-05	-1.74E-05
401	12	0	0	0	0	0	0	232	254	0	-1.79E-05	1.99E-06	-1.05E-05	-1.74E-05
401	13	0	0	0	0	0	0	232	254	0	-1.89E-05	1.82E-06	-1.43E-05	-2.66E-05
401	14	0	0	0	0	0	0	232	254	0	-2.04E-05	1.70E-06	-1.60E-05	-2.55E-05
401	15	0	0	0	0	0	0	232	254	0	-2.04E-05	1.70E-06	-1.60E-05	-2.55E-05
401	16	0	0	0	0	0	0	232	254	0	-2.14E-05	2.22E-06	-1.49E-05	-2.05E-05
401	17	0	0	0	0	0	0	232	254	0	-2.14E-05	2.22E-06	-1.49E-05	-2.05E-05
401	18	0	0	0	0	0	0	232	254	0	-2.26E-05	4.49E-06	-1.33E-05	-1.67E-05
401	19	0	0	0	0	0	0	232	254	0	-2.26E-05	4.49E-06	-1.33E-05	-1.67E-05
402	0	0	0	0	0	0	0	232	254	0	-2.18E-05	5.41E-06	-1.21E-05	-4.23E-06
402	1	0	0	0	0	0	0	232	254	0	-2.18E-05	5.41E-06	-1.21E-05	-4.23E-06
402	2	0	0	0	0	0	0	232	254	0	-2.07E-05	6.80E-06	-1.10E-05	1.00E-05
402	3	0	0	0	0	0	0	232	254	0	-2.11E-05	8.25E-06	-1.49E-05	-2.16E-06
402	4	0	0	0	0	0	0	232	254	0	-2.11E-05	8.25E-06	-1.49E-05	-2.16E-06
402	5	0	0	0	0	0	0	232	254	0	-2.17E-05	7.96E-06	-1.32E-05	-1.56E-05
402	6	0	0	0	0	0	0	232	254	0	-2.17E-05	7.96E-06	-1.32E-05	-1.56E-05
402	7	0	0	0	0	0	0	232	254	0	-2.00E-05	5.09E-06	-9.65E-06	-1.14E-05
402	8	0	0	0	0	0	0	232	254	0	-2.00E-05	5.09E-06	-9.65E-06	-1.14E-05
402	9	0	0	0	0	0	0	232	254	0	-2.02E-05	3.00E-06	-8.22E-06	-1.20E-05
402	10	0	0	0	0	0	0	232	254	0	-2.02E-05	3.00E-06	-8.22E-06	-1.20E-05
402	11	0	0	0	0	0	0	232	254	0	-1.99E-05	5.78E-06	-7.87E-06	-2.16E-05
402	12	0	0	0	0	0	0	232	254	0	-2.18E-05	5.93E-06	-4.26E-06	-2.05E-05
402	13	0	0	0	0	0	0	232	254	0	-2.18E-05	5.93E-06	-4.26E-06	-2.05E-05
402	14	0	0	0	0	0	0	232	254	0	-2.20E-05	4.69E-06	5.02E-06	-1.72E-05
402	15	0	0	0	0	0	0	232	254	0	-2.20E-05	4.69E-06	5.02E-06	-1.72E-05
402	16	0	0	0	0	0	0	232	254	0	-2.07E-05	6.24E-06	3.63E-06	-1.92E-05
402	17	0	0	0	0	0	0	232	254	0	-2.07E-05	6.24E-06	3.63E-06	-1.92E-05
402	18	0	0	0	0	0	0	232	254	0	-2.21E-05	4.33E-06	-1.05E-05	-2.42E-05
402	19	0	0	0	0	0	0	232	254	0	-2.21E-05	4.33E-06	-1.05E-05	-2.42E-05
403	0	0	0	0	0	0	0	232	254	0	-2.29E-05	3.34E-06	-1.80E-05	-3.44E-05
403	1	0	0	0	0	0	0	232	254	0	-2.20E-05	4.30E-06	-1.37E-05	-3.66E-05
403	2	0	0	0	0	0	0	232	254	0	-2.20E-05	4.30E-06	-1.37E-05	-3.66E-05
403	3	0	0	0	0	0	0	232	254	0	-2.05E-05	4.77E-06	1.32E-06	-2.52E-05
403	4	0	0	0	0	0	0	232	254	0	-2.05E-05	4.77E-06	1.32E-06	-2.52E-05
403	5	0	0	0	0	0	0	232	254	0	-2.15E-05	3.54E-06	-3.12E-06	-6.10E-06
403	6	0	0	0	0	0	0	232	254	0	-2.15E-05	3.54E-06	-3.12E-06	-6.10E-06
403	7	0	0	0	0	0	0	232	254	0	-2.06E-05	-3.95E-07	-1.04E-05	1.27E-05
403	8	0	0	0	0	0	0	232	254	0	-2.06E-05	-3.95E-07	-1.04E-05	1.27E-05
403	9	0	0	0	0	0	0	232	254	0	-1.98E-05	-1.70E-06	-3.81E-06	1.66E-05
403	10	0	0	0	0	0	0	232	254	0	-2.06E-05	-2.12E-06	8.95E-06	-2.32E-07
403	11	0	0	0	0	0	0	232	254	0	-2.06E-05	-2.12E-06	8.95E-06	-2.32E-07
403	12	0	0	0	0	0	0	232	254	0	-2.11E-05	-3.04E-06	1.21E-05	-1.87E-05
403	13	0	0	0	0	0	0	232	254	0	-2.11E-05	-3.04E-06	1.21E-05	-1.87E-05
403	14	0	0	0	0	0	0	232	254	0	-2.18E-05	2.03E-06	-5.27E-06	-1.63E-05
403	15	0	0	0	0	0	0	232	254	0	-2.18E-05	2.03E-06	-5.27E-06	-1.63E-05
403	16	0	0	0	0	0	0	232	254	0	-2.23E-05	9.51E-06	-1.32E-05	8.44E-08
403	17	0	0	0	0	0	0	232	254	0	-2.23E-05	9.51E-06	-1.32E-05	8.44E-08
403	18	0	0	0	0	0	0	232	254	0	-2.24E-05	7.37E-06	-1.29E-05	1.56E-06
403	19	0	0	0	0	0	0	232	254	0	-2.18E-05	2.74E-06	-1.47E-05	2.80E-06
404	0	0	0	0	0	0	0	232	254	0	-2.18E-05	2.74E-06	-1.47E-05	2.80E-06
404	1	0	0	0	0	0	0	232	254	0	-2.17E-05	4.28E-06	-2.11E-05	7.32E-06
404	2	0	0	0	0	0	0	232	254	0	-2.17E-05	4.28E-06	-2.11E-05	7.32E-06
404	3	0	0	0	0	0	0	232	254	0	-2.22E-05	5.63E-06	-2.54E-05	8.94E-07
404	4	0	0	0	0	0	0	232	254	0	-2.22E-05	5.63E-06	-2.54E-05	8.94E-07
404	5	0	0	0	0	0	0	232	254	0	-2.36E-05	5.30E-06	-4.67E-05	-6.56E-06
404	6	0	0	0	0	0	0	232	254	0	-2.36E-05	5.30E-06	-4.67E-05	-6.56E-06
404	7	0	0	0	0	0	0	232	254	0	-2.33E-05	6.13E-06	-5.51E-05	-8.29E-06
404	8	0	0	0	0	0	0	232	254	0	-2.43E-05	7.40E-06	-4.30E-05	-1.22E-05
404	9	0	0	0	0	0	0	232	254	0	-2.43E-05	7.40E-06	-4.30E-05	-1.22E-05
404	10	0	0	0	0	0	0	232	254	0	-2.40E-05	6.27E-06	-1.83E-06	-1.11E-05
404	11	0	0	0	0	0	0	232	254	0	-2.40E-05	6.27E-06	-1.83E-06	-1.11E-05
404	12	0	0	0	0	0	0	232	254	0	-2.23E-05	5.03E-06	2.26E-05	-1.24E-05
404	13	0	0	0	0	0	0	232	254	0	-2.23E-05	5.03E-06	2.26E-05	-1.24E-05
404	14	0	0	0	0	0	0	232	254	0	-2.44E-05	7.08E-06	-2.21E-06	-1.41E-05
404	15	0	0	0	0	0	0	232	254	0	-2.44E-05	7.08E-06	-2.21E-06	-1.41E-05
404	16	0	0	0	0	0	0	232	254	0	-2.52E-05	8.38E-06	-1.20E-05	-1.92E-05
404	17	0	0	0	0	0	0	232	254	0	-2.35E-05	9.08E-06	-1.62E-06	-2.22E-05
404	18	0	0	0	0	0	0	232	254	0	-2.35E-05	9.08E-06	-1.62E-06	-2.22E-05
404	19	0	0	0	0	0	0	232	254	0	-2.20E-05	8.02E-06	-7.65E-07	-2.50E-05
405	0	0	0	0	0	0	0	232	254	0	-2.20E-05	8.02E-06	-7.65E-07	-2.50E-05
405	1	0	0	0	0	0	0	232	254	0	-1.82E-05	7.36E-06	-3.79E-06	-4.62E-05
405	2	0	0	0	0	0	0	232	254	0	-1.82E-05	7.36E-06	-3.79E-06	-4.62E-05
405	3	0	0	0	0	0	0	232	254	0	-1.77E-05	9.94E-06	-7.44E-06	-5.91E-05
405	4	0	0	0	0	0	0	232	254	0	-1.77E-05	9.94E-06	-7.44E-06	-5.91E-05
405	5	0	0	0	0	0	0	232	254	0	-1.81E-05	8.90E-06	-9.06E-06	-5.11E-05
405	6	0	0	0	0	0	0	232	254	0	-1.69E-05	7.23E-06	-1.14E-05	-2.83E-05
405	7	0	0	0	0	0	0	232	254	0	-1.69E-05	7.23E-06	-1.14E-05	-2.83E-05
405	8	0	0	0	0	0	0	232	254	0	-1.68E-05	8.17E-06	-1.35E-05	7.26E-06
405	9	0	0	0	0	0	0	232	254	0	-1.68E-05	8.17E-06	-1.35E-05	7.26E-06
405	10	0	0	0	0	0	0	232	254	0	-1.66E-05	7.59E-06	-8.34E-06	4.76E-05
405	11	0	0	0	0	0	0	232	254	0	-1.66E-05	7.59E-06	-8.34E-06	4.76E-05
405	12	0	0	0	0	0	0	232	254	0	-1.46E-05	5.87E-06	-5.25E-06	5.95E-05
405	13	0	0	0	0	0	0	232	254	0	-1.46E-05	5.87E-06	-5.25E-06	5.95E-05
405	14	0	0	0	0	0	0	232	254	0	-1.52E-05	5.62E-06	-5.82E-06	2.43E-05
405	15	0	0	0	0	0	0	232	254	0	-1.90E-05	3.59E-06	-7.66E-06	-3.17E-06
405	16	0	0	0	0	0	0	232	254	0	-1.90E-05	3.59E-06	-7.66E-06	-3.17E-06
405	17	0	0	0	0	0	0	232	254	0	-2.13E-05	1.63E-08	-9.13E-06	-2.98E-05
405	18	0	0	0	0	0	0	232	254	0	-2.13E-05	1.63E-08	-9.13E-06	-2.98E-05
405	19	0	0	0	0	0	0	232	254	0	-2.19E-05	-7.38E-07	-8.46E-06	-3.70E-05
406	0	0	0	0	0	0	0	232	254	0	-2.19E-05	-7.38E-07	-8.46E-06	-3.70E-05
406	1	0	0	0	0	0	0	232	254	0	-2.11E-05	-9.21E-08	-7.74E-06	-1.06E-05
406	2	0	0	0	0	0	0	232	254	0	-2.11E-05	-9.21E-08	-7.74E-06	-1.06E-05
406	3	0	0	0	0	0	0	232	254	0	-2.06E-05	3.86E-07	-6.43E-06	-1.47E-06
406	4	0	0	0	0	0	0	232	254	0	-2.06E-05	6.46E-07	-3.81E-06	7.67E-06
406	5	0	0	0	0	0	0	232	254	0	-2.06E-05	6.46E-07	-3.81E-06	7.67E-06
406	6	0	0	0	0	0	0	232	254	0	-2.04E-05	4.03E-07	-4.23E-06	2.21E-06
406	7	0	0	0	0	0	0	232	254	0	-2.04E-05	4.03E-07	-4.23E-06	2.21E-06
406	8	0	0	0	0	0	0	232	254	0	-2.05E-05	-4.20E-07	-8.22E-06	-1.18E-05
406	9	0	0	0	0	0	0	232	254	0	-2.05E-05	-4.20E-07	-8.22E-06	-1.18E-05
406	10	0	0	0	0	0	0	232	254	0	-1.99E-05	-2.10E-06	-7.57E-06	-1.79E-05
406	11	0	0	0	0	0	0	232	254	0	-1.99E-05	-2.10E-06	-7.57E-06	-1.79E-05
406	12	0	0	0	0	0	0	232	254	0	-2.03E-05	-3.83E-06	-3.66E-06	-2.41E-05
406	13	0	0	0	0	0	0	232	254	0	-2.07E-05	-5.29E-06	-2.82E-06	-3.14E-05
406	14	0	0	0	0	0	0	232	254	0	-2.07E-05	-5.29E-06	-2.82E-06	-3.14E-05
406	15	0	0	0	0	0	0	232	254	0	-2.16E-05	-3.25E-06	-4.36E-06	-3.50E-05
406	16	0	0	0	0	0	0	232	254	0	-2.16E-05	-3.25E-06	-4.36E-06	-3.50E-05
406	17	0	0	0	0	0	0	232	254	0	-2.11E-05	5.97E-07	-3.18E-06	-1.77E-05
406	18	0	0	0	0	0	0	232	254	0	-2.11E-05	5.97E-07	-3.18E-06	-1.77E-05
406	19	0	0	0	0	0	0	232	254	0	-2.12E-05	3.53E-06	-2.49E-06	-2.76E-05
407	0	0	0	0	0	0	0	232	254	0	-2.12E-05	3.53E-06	-2.49E-06	-2.76E-05
407	1	0	0	0	0	0	0	232	254	0	-2.48E-05	6.96E-06	-4.75E-06	-4.94E-05
407	2	0	0	0	0	0	0	232	254	0	-2.85E-05	1.00E-05	-7.99E-06	-5.89E-05
407	3	0	0	0	0	0	0	232	254	0	-2.85E-05	1.00E-05	-7.99E-06	-5.89E-05
407	4	0	0	0	0	0	0	232	254	0	-2.51E-05	8.90E-06	-8.26E-06	-6.17E-05
407	5	0	0	0	0	0	0	232	254	0	-2.51E-05	8.90E-06	-8.26E-06	-6.17E-05
407	6	0	0	0	0	0	0	232	254	0	-2.32E-05	1.02E-05	-6.32E-06	-3.03E-05
407	7	0	0	0	0	0	0	232	254	0	-2.32E-05	1.02E-05	-6.32E-06	-3.03E-05
407	8	0	0	0	0	0	0	232	254	0	-2.02E-05	1.19E-05	-5.39E-06	5.90E-06
407	9	0	0	0	0	0	0	232	254	0	-2.02E-05	1.19E-05	-5.39E-06	5.90E-06
407	10	0	0	0	0	0	0	232	254	0	-1.94E-05	1.14E-05	-7.61E-06	1.55E-05
407	11	0	0	0	0	0	0	232	254	0	-1.86E-05	8.17E-06	-9.10E-06	2.07E-05
407	12	0	0	0	0	0	0	232	254	0	-1.86E-05	8.17E-06	-9.10E-06	2.07E-05
407	13	0	0	0	0	0	0	232	254	0	-1.43E-05	6.68E-06	-1.06E-05	2.05E-05
407	14	0	0	0	0	0	0	232	254	0	-1.43E-05	6.68E-06	-1.06E-05	2.05E-05
407	15	0	0	0	0	0	0	232	254	0	-1.13E-05	5.08E-06	-1.24E-05	1.42E-05
407	16	0	0	0	0	0	0	232	254	0	-1.13E-05	5.08E-06	-1.24E-05	1.42E-05
407	17	0	0	0	0	0	0	232	254	0	-1.44E-05	2.57E-06	-1.16E-05	3.32E-06
407	18	0	0	0	0	0	0	232	254	0	-1.44E-05	2.57E-06	-1.16E-05	3.32E-06
407	19	0	0	0	0	0	0	232	254	0	-1.91E-05	2.90E-06	-1.22E-05	-4.03E-06
408	0	0	0	0	0	0	0	232	254	0	-2.00E-05	2.96E-06	-1.38E-05	-7.24E-06
408	1	0	0	0	0	0	0	232	254	0	-2.00E-05	2.96E-06	-1.38E-05	-7.24E-06
408	2	0	0	0	0	0	0	232	254	0	-2.11E-05	1.75E-06	-1.27E-05	-1.02E-05
408	3	0	0	0	0	0	0	232	254	0	-2.11E-05	1.75E-06	-1.27E-05	-1.02E-05
408	4	0	0	0	0	0	0	232	254	0	-2.19E-05	1.98E-06	-1.52E-05	-1.54E-05
408	5	0	0	0	0	0	0	232	254	0	-2.19E-05	1.98E-06	-1.52E-05	-1.54E-05
408	6	0	0	0	0	0	0	232	254	0	-2.47E-05	1.02E-06	-1.58E-05	-1.69E-05
408	7	0	0	0	0	0	0	232	254	0	-2.47E-05	1.02E-06	-1.58E-05	-1.69E-05
408	8	0	0	0	0	0	0	232	254	0	-2.65E-05	2.19E-06	-1.07E-05	-2.71E-05
408	9	0	0	0	0	0	0	232	254	0	-2.55E-05	2.96E-06	-8.08E-06	-3.44E-05
408	10	0	0	0	0	0	0	232	254	0	-2.55E-05	2.96E-06	-8.08E-06	-3.44E-05
408	11	0	0	0	0	0	0	232	254	0	-2.42E-05	1.70E-06	-1.17E-05	-1.82E-05
408	12	0	0	0	0	0	0	232	254	0	-2.42E-05	1.70E-06	-1.17E-05	-1.82E-05
408	13	0	0	0	0	0	0	232	254	0	-2.33E-05	2.00E-06	-1.47E-05	-9.03E-06
408	14	0	0	0	0	0	0	232	254	0	-2.33E-05	2.00E-06	-1.47E-05	-9.03E-06
408	15	0	0	0	0	0	0	232	254	0	-2.30E-05	3.18E-06	-1.34E-05	-9.00E-06
408	16	0	0	0	0	0	0	232	254	0	-2.30E-05	3.18E-06	-1.34E-05	-9.00E-06
408	17	0	0	0	0	0	0	232	254	0	-2.31E-05	5.14E-06	-1.40E-05	-1.64E-05
408	18	0	0	0	0	0	0	232	254	0	-2.17E-05	5.83E-06	-1.18E-05	-2.02E-05
408	19	0	0	0	0	0	0	232	254	0	-2.17E-05	5.83E-06	-1.18E-05	-2.02E-05
409	0	0	0	0	0	0	0	232	254	0	-1.98E-05	6.50E-06	-9.33E-06	-8.56E-06
409	1	0	0	0	0	0	0	232	254	0	-1.98E-05	6.50E-06	-9.33E-06	-8.56E-06
409	2	0	0	0	0	0	0	232	254	0	-1.93E-05	6.06E-06	-9.95E-06	-1.62E-05
409	3	0	0	0	0	0	0	232	254	0	-1.93E-05	6.06E-06	-9.95E-06	-1.62E-05
409	4	0	0	0	0	0	0	232	254	0	-2.10E-05	5.10E-06	-9.68E-06	-2.71E-05
409	5	0	0	0	0	0	0	232	254	0	-2.10E-05	5.10E-06	-9.68E-06	-2.71E-05
409	6	0	0	0	0	0	0	232	254	0	-2.00E-05	4.28E-06	-6.62E-06	-2.37E-05
409	7	0	0	0	0	0	0	232	254	0	-1.81E-05	2.40E-06	-7.63E-06	-5.21E-06
409	8	0	0	0	0	0	0	232	254	0	-1.81E-05	2.40E-06	-7.63E-06	-5.21E-06
409	9	0	0	0	0	0	0	232	254	0	-1.75E-05	2.37E-07	-1.09E-05	6.09E-06
409	10	0	0	0	0	0	0	232	254	0	-1.75E-05	2.37E-07	-1.09E-05	6.09E-06
409	11	0	0	0	0	0	0	232	254	0	-1.92E-05	2.59E-06	-1.06E-05	1.17E-05
409	12	0	0	0	0	0	0	232	254	0	-1.92E-05	2.59E-06	-1.06E-05	1.17E-05
409	13	0	0	0	0	0	0	232	254	0	-2.08E-05	2.89E-06	-8.74E-06	1.41E-05
409	14	0	0	0	0	0	0	232	254	0	-2.08E-05	2.89E-06	-8.74E-06	1.41E-05
409	15	0	0	0	0	0	0	232	254	0	-2.06E-05	2.23E-06	-7.69E-06	4.67E-06
409	16	0	0	0	0	0	0	232	254	0	-2.10E-05	2.67E-06	-6.24E-06	-1.57E-05
409	17	0	0	0	0	0	0	232	254	0	-2.10E-05	2.67E-06	-6.24E-06	-1.57E-05
409	18	0	0	0	0	0	0	232	254	0	-2.13E-05	3.73E-06	-5.62E-06	-4.06E-05
409	19	0	0	0	0	0	0	232	254	0	-2.13E-05	3.73E-06	-5.62E-06	-4.06E-05
410	0	0	0	0	0	0	0	232	254	0	-2.25E-05	5.42E-06	-1.28E-05	-4.89E-05
410	1	0	0	0	0	0	0	232	254	0	-2.25E-05	5.42E-06	-1.28E-05	-4.89E-05
410	2	0	0	0	0	0	0	232	254	0	-2.33E-05	8.66E-06	-1.94E-05	-3.75E-05
410	3	0	0	0	0	0	0	232	254	0	-2.33E-05	8.66E-06	-1.94E-05	-3.75E-05
410	4	0	0	0	0	0	0	232	254	0	-2.36E-05	9.11E-06	-2.30E-05	-2.96E-05
410	5	0	0	0	0	0	0	232	254	0	-2.22E-05	8.75E-06	-1.78E-05	-2.29E-05
410	6	0	0	0	0	0	0	232	254	0	-2.22E-05	8.75E-06	-1.78E-05	-2.29E-05
410	7	0	0	0	0	0	0	232	254	0	-2.15E-05	1.07E-05	-1.05E-05	-1.03E-05
410	8	0	0	0	0	0	0	232	254	0	-2.15E-05	1.07E-05	-1.05E-05	-1.03E-05
410	9	0	0	0	0	0	0	232	254	0	-2.02E-05	1.05E-05	-4.17E-06	-1.86E-05
410	10	0	0	0	0	0	0	232	254	0	-2.02E-05	1.05E-05	-4.17E-06	-1.86E-05
410	11	0	0	0	0	0	0	232	254	0	-1.97E-05	1.05E-05	9.54E-06	-2.14E-05
410	12	0	0	0	0	0	0	232	254	0	-1.97E-05	1.05E-05	9.54E-06	-2.14E-05
410	13	0	0	0	0	0	0	232	254	0	-2.02E-05	1.13E-05	1.31E-05	-1.55E-05
410	14	0	0	0	0	0	0	232	254	0	-1.95E-05	7.38E-06	2.36E-05	-1.11E-05
410	15	0	0	0	0	0	0	232	254	0	-1.95E-05	7.38E-06	2.36E-05	-1.11E-05
410	16	0	0	0	0	0	0	232	254	0	-1.91E-05	6.66E-06	1.96E-05	-1.50E-06
410	17	0	0	0	0	0	0	232	254	0	-1.91E-05	6.66E-06	1.96E-05	-1.50E-06
410	18	0	0	0	0	0	0	232	254	0	-1.99E-05	8.12E-06	-2.11E-06	-6.87E-06
410	19	0	0	0	0	0	0	232	254	0	-1.99E-05	8.12E-06	-2.11E-06	-6.87E-06
411	0	0	0	0	0	0	0	232	254	0	-1.95E-05	7.55E-06	-1.66E-05	-1.84E-05
411	1	0	0	0	0	0	0	232	254	0	-1.95E-05	7.55E-06	-1.66E-05	-1.84E-05
411	2	0	0	0	0	0	0	232	254	0	-1.79E-05	7.15E-06	-2.44E-05	-3.10E-05
411	3	0	0	0	0	0	0	232	254	0	-1.85E-05	4.51E-06	-1.57E-05	-2.98E-05
411	4	0	0	0	0	0	0	232	254	0	-1.85E-05	4.51E-06	-1.57E-05	-2.98E-05
411	5	0	0	0	0	0	0	232	254	0	-1.90E-05	2.42E-06	-7.11E-06	1.28E-06
411	6	0	0	0	0	0	0	232	254	0	-1.90E-05	2.42E-06	-7.11E-06	1.28E-06
411	7	0	0	0	0	0	0	232	254	0	-1.96E-05	1.62E-06	-9.68E-06	2.21E-05
411	8	0	0	0	0	0	0	232	254	0	-1.96E-05	1.62E-06	-9.68E-06	2.21E-05
411	9	0	0	0	0	0	0	232	254	0	-2.10E-05	3.61E-07	-1.64E-05	3.02E-05
411	10	0	0	0	0	0	0	232	254	0	-2.10E-05	3.61E-07	-1.64E-05	3.02E-05
411	11	0	0	0	0	0	0	232	254	0	-2.10E-05	6.55E-07	-1.33E-05	3.33E-05
411	12	0	0	0	0	0	0	232	254	0	-2.15E-05	1.46E-06	-1.37E-05	2.21E-05
411	13	0	0	0	0	0	0	232	254	0	-2.15E-05	1.46E-06	-1.37E-05	2.21E-05
411	14	0	0	0	0	0	0	232	254	0	-2.50E-05	1.88E-06	-1.40E-05	3.81E-06
411	15	0	0	0	0	0	0	232	254	0	-2.50E-05	1.88E-06	-1.40E-05	3.81E-06
411	16	0	0	0	0	0	0	232	254	0	-2.65E-05	6.38E-06	-1.25E-05	-2.81E-06
411	17	0	0	0	0	0	0	232	254	0	-2.65E-05	6.38E-06	-1.25E-05	-2.81E-06
411	18	0	0	0	0	0	0	232	254	0	-2.52E-05	8.83E-06	-1.31E-05	-7.47E-06
411	19	0	0	0	0	0	0	232	254	0	-2.52E-05	8.83E-06	-1.31E-05	-7.47E-06
412	0	0	0	0	0	0	0	232	254	0	-2.40E-05	6.27E-06	-1.03E-05	-1.58E-05
412	1	0	0	0	0	0	0	232	254	0	-2.17E-05	4.83E-06	-1.10E-05	-3.01E-05
412	2	0	0	0	0	0	0	232	254	0	-2.17E-05	4.83E-06	-1.10E-05	-3.01E-05
412	3	0	0	0	0	0	0	232	254	0	-1.80E-05	5.69E-06	-1.36E-05	-3.88E-05
412	4	0	0	0	0	0	0	232	254	0	-1.80E-05	5.69E-06	-1.36E-05	-3.88E-05
412	5	0	0	0	0	0	0	232	254	0	-1.67E-05	6.39E-06	-1.30E-05	-2.25E-05
412	6	0	0	0	0	0	0	232	254	0	-1.67E-05	6.39E-06	-1.30E-05	-2.25E-05
412	7	0	0	0	0	0	0	232	254	0	-1.71E-05	5.39E-06	-1.05E-05	-1.44E-05
412	8	0	0	0	0	0	0	232	254	0	-1.71E-05	5.39E-06	-1.05E-05	-1.44E-05
412	9	0	0	0	0	0	0	232	254	0	-1.73E-05	4.08E-06	-8.02E-06	-1.74E-05
412	10	0	0	0	0	0	0	232	254	0	-1.78E-05	1.28E-06	-7.24E-06	-1.29E-05
412	11	0	0	0	0	0	0	232	254	0	-1.78E-05	1.28E-06	-7.24E-06	-1.29E-05
412	12	0	0	0	0	0	0	232	254	0	-1.86E-05	2.53E-07	-9.64E-06	-7.27E-06
412	13	0	0	0	0	0	0	232	254	0	-1.86E-05	2.53E-07	-9.64E-06	-7.27E-06
412	14	0	0	0	0	0	0	232	254	0	-1.99E-05	2.01E-06	-1.18E-05	-7.96E-06
412	15	0	0	0	0	0	0	232	254	0	-1.99E-05	2.01E-06	-1.18E-05	-7.96E-06
412	16	0	0	0	0	0	0	232	254	0	-2.13E-05	3.84E-06	-1.13E-05	-1.18E-05
412	17	0	0	0	0	0	0	232	254	0	-2.13E-05	3.84E-06	-1.13E-05	-1.18E-05
412	18	0	0	0	0	0	0	232	254	0	-2.24E-05	3.87E-06	-1.33E-05	-2.15E-05
412	19	0	0	0	0	0	0	232	254	0	-2.45E-05	5.37E-06	-1.36E-05	-2.82E-05
413	0	0	0	0	0	0	0	232	254	0	-2.45E-05	5.37E-06	-1.36E-05	-2.82E-05
413	1	0	0	0	0	0	0	232	254	0	-2.48E-05	8.65E-06	-1.40E-05	-2.66E-05
413	2	0	0	0	0	0	0	232	254	0	-2.48E-05	8.65E-06	-1.40E-05	-2.66E-05
413	3	0	0	0	0	0	0	232	254	0	-2.78E-05	1.12E-05	-1.61E-05	-2.30E-05
413	4	0	0	0	0	0	0	232	254	0	-2.78E-05	1.12E-05	-1.61E-05	-2.30E-05
413	5	0	0	0	0	0	0	232	254	0	-2.76E-05	1.12E-05	-1.64E-05	-1.52E-05
413	6	0	0	0	0	0	0	232	254	0	-2.76E-05	1.12E-05	-1.64E-05	-1.52E-05
413	7	0	0	0	0	0	0	232	254	0	-2.31E-05	8.47E-06	-1.19E-05	-1.43E-05
413	8	0	0	0	0	0	0	232	254	0	-2.17E-05	3.54E-06	-1.01E-05	-1.12E-05
413	9	0	0	0	0	0	0	232	254	0	-2.17E-05	3.54E-06	-1.01E-05	-1.12E-05
413	10	0	0	0	0	0	0	232	254	0	-2.17E-05	-3.70E-07	-9.67E-06	-3.69E-06
413	11	0	0	0	0	0	0	232	254	0	-2.17E-05	-3.70E-07	-9.67E-06	-3.69E-06
413	12	0	0	0	0	0	0	232	254	0	-2.05E-05	-1.41E-06	-1.04E-05	-5.64E-06
413	13	0	0	0	0	0	0	232	254	0	-2.05E-05	-1.41E-06	-1.04E-05	-5.64E-06
413	14	0	0	0	0	0	0	232	254	0	-1.76E-05	-3.33E-07	-1.13E-05	-7.15E-06
413	15	0	0	0	0	0	0	232	254	0	-1.76E-05	-3.33E-07	-1.13E-05	-7.15E-06
413	16	0	0	0	0	0	0	232	254	0	-1.78E-05	2.62E-06	-9.57E-06	-1.21E-05
413	17	0	0	0	0	0	0	232	254	0	-1.78E-05	3.11E-06	-7.54E-06	-1.06E-05
413	18	0	0	0	0	0	0	232	254	0	-1.78E-05	3.11E-06	-7.54E-06	-1.06E-05
413	19	0	0	0	0	0	0	232	254	0	-1.84E-05	2.71E-06	-6.47E-06	-1.15E-05
414	0	0	0	0	0	0	0	232	254	0	-1.84E-05	2.71E-06	-6.47E-06	-1.15E-05
414	1	0	0	0	0	0	0	232	254	0	-1.72E-05	2.95E-06	-6.02E-06	-4.88E-06
414	2	0	0	0	0	0	0	232	254	0	-1.72E-05	2.95E-06	-6.02E-06	-4.88E-06
414	3	0	0	0	0	0	0	232	254	0	-1.82E-05	3.78E-06	-5.77E-06	-4.47E-06
414	4	0	0	0	0	0	0	232	254	0	-1.82E-05	3.78E-06	-5.77E-06	-4.47E-06
414	5	0	0	0	0	0	0	232	254	0	-1.73E-05	5.18E-06	-4.90E-06	-2.46E-05
414	6	0	0	0	0	0	0	232	254	0	-1.51E-05	4.81E-06	-3.54E-06	-3.40E-05
414	7	0	0	0	0	0	0	232	254	0	-1.51E-05	4.81E-06	-3.54E-06	-3.40E-05
414	8	0	0	0	0	0	0	232	254	0	-1.33E-05	3.73E-06	-4.93E-06	-3.36E-05
414	9	0	0	0	0	0	0	232	254	0	-1.33E-05	3.73E-06	-4.93E-06	-3.36E-05
414	10	0	0	0	0	0	0	232	254	0	-1.39E-05	5.02E-06	-6.50E-07	-2.16E-05
414	11	0	0	0	0	0	0	232	254	0	-1.39E-05	5.02E-06	-6.50E-07	-2.16E-05
414	12	0	0	0	0	0	0	232	254	0	-1.59E-05	5.47E-06	4.15E-06	-1.01E-05
414	13	0	0	0	0	0	0	232	254	0	-1.59E-05	5.47E-06	4.15E-06	-1.01E-05
414	14	0	0	0	0	0	0	232	254	0	-1.85E-05	3.24E-06	3.03E-06	9.02E-07
414	15	0	0	0	0	0	0	232	254	0	-1.98E-05	3.55E-06	-2.16E-06	2.93E-06
414	16	0	0	0	0	0	0	232	254	0	-1.98E-05	3.55E-06	-2.16E-06	2.93E-06
414	17	0	0	0	0	0	0	232	254	0	-2.12E-05	3.57E-06	-5.93E-06	-1.14E-05
414	18	0	0	0	0	0	0	232	254	0	-2.12E-05	3.57E-06	-5.93E-06	-1.14E-05
414	19	0	0	0	0	0	0	232	254	0	-2.27E-05	3.01E-06	-1.03E-05	-2.55E-05
415	0	0	0	0	0	0	0	232	254	0	-2.27E-05	3.01E-06	-1.03E-05	-2.55E-05
415	1	0	0	0	0	0	0	232	254	0	-2.46E-05	4.16E-06	-4.96E-06	-2.43E-05
415	2	0	0	0	0	0	0	232	254	0	-2.46E-05	4.16E-06	-4.96E-06	-2.43E-05
415	3	0	0	0	0	0	0	232	254	0	-2.46E-05	6.03E-06	-2.75E-05	-8.63E-06
415	4	0	0	0	0	0	0	232	254	0	-2.51E-05	6.53E-06	-4.46E-05	4.35E-06
415	5	0	0	0	0	0	0	232	254	0	-2.51E-05	6.53E-06	-4.46E-05	4.35E-06
415	6	0	0	0	0	0	0	232	254	0	-2.57E-05	4.51E-06	-3.76E-05	6.22E-06
415	7	0	0	0	0	0	0	232	254	0	-2.57E-05	4.51E-06	-3.76E-05	6.22E-06
415	8	0	0	0	0	0	0	232	254	0	-2.57E-05	4.29E-06	-1.30E-05	8.95E-06
415	9	0	0	0	0	0	0	232	254	0	-2.57E-05	4.29E-06	-1.30E-05	8.95E-06
415	10	0	0	0	0	0	0	232	254	0	-2.56E-05	3.84E-06	-8.65E-06	-1.08E-05
415	11	0	0	0	0	0	0	232	254	0	-2.56E-05	3.84E-06	-8.65E-06	-1.08E-05
415	12	0	0	0	0	0	0	232	254	0	-2.53E-05	3.49E-06	-1.86E-05	-2.71E-05
415	13	0	0	0	0	0	0	232	254	0	-2.46E-05	2.32E-06	-1.79E-05	-1.96E-05
415	14	0	0	0	0	0	0	232	254	0	-2.46E-05	2.32E-06	-1.79E-05	-1.96E-05
415	15	0	0	0	0	0	0	232	254	0	-2.16E-05	2.13E-06	-1.34E-05	-1.32E-05
415	16	0	0	0	0	0	0	232	254	0	-2.16E-05	2.13E-06	-1.34E-05	-1.32E-05
415	17	0	0	0	0	0	0	232	254	0	-1.97E-05	1.75E-06	-1.07E-05	-1.16E-05
415	18	0	0	0	0	0	0	232	254	0	-1.97E-05	1.75E-06	-1.07E-05	-1.16E-05
415	19	0	0	0	0	0	0	232	254	0	-2.02E-05	1.33E-06	-1.15E-05	-1.42E-05
416	0	0	0	0	0	0	0	232	254	0	-2.02E-05	1.33E-06	-1.15E-05	-1.42E-05
416	1	0	0	0	0	0	0	232	254	0	-1.93E-05	2.31E-06	-1.26E-05	-1.76E-05
416	2	0	0	0	0	0	0	232	254	0	-1.79E-05	3.15E-06	-3.70E-06	-1.58E-05
416	3	0	0	0	0	0	0	232	254	0	-1.79E-05	3.15E-06	-3.70E-06	-1.58E-05
416	4	0	0	0	0	0	0	232	254	0	-2.00E-05	3.94E-06	7.22E-06	-1.28E-05
416	5	0	0	0	0	0	0	232	254	0	-2.00E-05	3.94E-06	7.22E-06	-1.28E-05
416	6	0	0	0	0	0	0	232	254	0	-2.30E-05	4.74E-06	-2.74E-06	-2.28E-05
416	7	0	0	0	0	0	0	232	254	0	-2.30E-05	4.74E-06	-2.74E-06	-2.28E-05
416	8	0	0	0	0	0	0	232	254	0	-2.29E-05	6.93E-06	-1.63E-05	-2.88E-05
416	9	0	0	0	0	0	0	232	254	0	-2.29E-05	6.93E-06	-1.63E-05	-2.88E-05
416	10	0	0	0	0	0	0	232	254	0	-2.21E-05	7.29E-06	-1.36E-05	-2.54E-05
416	11	0	0	0	0	0	0	232	254	0	-2.08E-05	8.03E-06	2.72E-06	-1.88E-05
416	12	0	0	0	0	0	0	232	254	0	-2.08E-05	8.03E-06	2.72E-06	-1.88E-05
416	13	0	0	0	0	0	0	232	254	0	-2.16E-05	9.74E-06	2.75E-06	-1.01E-05
416	14	0	0	0	0	0	0	232	254	0	-2.16E-05	9.74E-06	2.75E-06	-1.01E-05
416	15	0	0	0	0	0	0	232	254	0	-2.00E-05	9.46E-06	-3.68E-06	-1.02E-05
416	16	0	0	0	0	0	0	232	254	0	-2.00E-05	9.46E-06	-3.68E-06	-1.02E-05
416	17	0	0	0	0	0	0	232	254	0	-1.42E-05	8.24E-06	-4.71E-06	-2.08E-05
416	18	0	0	0	0	0	0	232	254	0	-1.42E-05	8.24E-06	-4.71E-06	-2.08E-05
416	19	0	0	0	0	0	0	232	254	0	-1.22E-05	9.83E-06	-6.69E-06	-1.71E-05
417	0	0	0	0	0	0	0	232	254	0	-1.21E-05	6.89E-06	-1.07E-05	-9.44E-06
417	1	0	0	0	0	0	0	232	254	0	-1.21E-05	6.89E-06	-1.07E-05	-9.44E-06
417	2	0	0	0	0	0	0	232	254	0	-1.54E-05	2.89E-06	-1.60E-06	-1.65E-05
417	3	0	0	0	0	0	0	232	254	0	-1.54E-05	2.89E-06	-1.60E-06	-1.65E-05
417	4	0	0	0	0	0	0	232	254	0	-1.87E-05	1.66E-06	-2.95E-06	-1.78E-05
417	5	0	0	0	0	0	0	232	254	0	-1.87E-05	1.66E-06	-2.95E-06	-1.78E-05
417	6	0	0	0	0	0	0	232	254	0	-2.06E-05	4.26E-06	-1.32E-05	-1.80E-05
417	7	0	0	0	0	0	0	232	254	0	-2.06E-05	4.26E-06	-1.32E-05	-1.80E-05
417	8	0	0	0	0	0	0	232	254	0	-2.04E-05	3.26E-06	-1.42E-05	-1.66E-05
417	9	0	0	0	0	0	0	232	254	0	-1.90E-05	5.35E-07	-9.78E-06	-2.65E-05
417	10	0	0	0	0	0	0	232	254	0	-1.90E-05	5.35E-07	-9.78E-06	-2.65E-05
417	11	0	0	0	0	0	0	232	254	0	-1.91E-05	-1.56E-06	-4.30E-06	-3.82E-05
417	12	0	0	0	0	0	0	232	254	0	-1.91E-05	-1.56E-06	-4.30E-06	-3.82E-05
417	13	0	0	0	0	0	0	232	254	0	-1.81E-05	-3.62E-06	2.26E-05	-3.23E-05
417	14	0	0	0	0	0	0	232	254	0	-1.81E-05	-3.62E-06	2.26E-05	-3.23E-05
417	15	0	0	0	0	0	0	232	254	0	-1.95E-05	-2.81E-06	1.85E-05	-1.48E-06
417	16	0	0	0	0	0	0	232	254	0	-1.95E-05	-2.81E-06	1.85E-05	-1.48E-06
417	17	0	0	0	0	0	0	232	254	0	-2.27E-05	-2.40E-07	-9.61E-06	1.77E-05
417	18	0	0	0	0	0	0	232	254	0	-2.30E-05	2.21E-06	-1.24E-05	-6.18E-06
417	19	0	0	0	0	0	0	232	254	0	-2.30E-05	2.21E-06	-1.24E-05	-6.18E-06
418	0	0	0	0	0	0	0	232	254	0	-2.37E-05	2.15E-06	-6.55E-06	-2.19E-05
418	1	0	0	0	0	0	0	232	254	0	-2.37E-05	2.15E-06	-6.55E-06	-2.19E-05
418	2	0	0	0	0	0	0	232	254	0	-2.55E-05	8.80E-07	-1.50E-05	-2.19E-06
418	3	0	0	0	0	0	0	232	254	0	-2.55E-05	8.80E-07	-1.50E-05	-2.19E-06
418	4	0	0	0	0	0	0	232	254	0	-2.46E-05	5.23E-07	-2.91E-05	1.37E-05
418	5	0	0	0	0	0	0	232	254	0	-2.46E-05	5.23E-07	-2.91E-05	1.37E-05
418	6	0	0	0	0	0	0	232	254	0	-2.44E-05	2.77E-06	-1.83E-05	-4.55E-06
418	7	0	0	0	0	0	0	232	254	0	-2.39E-05	4.55E-06	-2.67E-07	-1.44E-05
418	8	0	0	0	0	0	0	232	254	0	-2.39E-05	4.55E-06	-2.67E-07	-1.44E-05
418	9	0	0	0	0	0	0	232	254	0	-2.49E-05	6.60E-06	-6.27E-06	-4.91E-06
418	10	0	0	0	0	0	0	232	254	0	-2.49E-05	6.60E-06	-6.27E-06	-4.91E-06
418	11	0	0	0	0	0	0	232	254	0	-2.29E-05	6.73E-06	-9.62E-06	2.81E-06
418	12	0	0	0	0	0	0	232	254	0	-2.29E-05	6.73E-06	-9.62E-06	2.81E-06
418	13	0	0	0	0	0	0	232	254	0	-2.05E-05	5.77E-06	-4.39E-06	2.00E-05
418	14	0	0	0	0	0	0	232	254	0	-2.05E-05	5.77E-06	-4.39E-06	2.00E-05
418	15	0	0	0	0	0	0	232	254	0	-2.03E-05	5.13E-06	-9.73E-07	4.34E-05
418	16	0	0	0	0	0	0	232	254	0	-2.24E-05	4.57E-06	-8.12E-06	3.67E-05
418	17	0	0	0	0	0	0	232	254	0	-2.24E-05	4.57E-06	-8.12E-06	3.67E-05
418	18	0	0	0	0	0	0	232	254	0	-2.27E-05	3.71E-06	-1.21E-05	8.96E-06
418	19	0	0	0	0	0	0	232	254	0	-2.27E-05	3.71E-06	-1.21E-05	8.96E-06
419	0	0	0	0	0	0	0	232	254	0	-2.29E-05	3.01E-06	-1.15E-05	-2.13E-05
419	1	0	0	0	0	0	0	232	254	0	-2.29E-05	3.01E-06	-1.15E-05	-2.13E-05
419	2	0	0	0	0	0	0	232	254	0	-2.25E-05	4.04E-06	-1.39E-05	-3.55E-05
419	3	0	0	0	0	0	0	232	254	0	-2.25E-05	4.04E-06	-1.39E-05	-3.55E-05
419	4	0	0	0	0	0	0	232	254	0	-2.17E-05	4.66E-06	-1.49E-05	-3.93E-05
419	5	0	0	0	0	0	0	232	254	0	-2.17E-05	2.09E-06	-1.16E-05	-2.11E-05
419	6	0	0	0	0	0	0	232	254	0	-2.17E-05	2.09E-06	-1.16E-05	-2.11E-05
419	7	0	0	0	0	0	0	232	254	0	-2.20E-05	-5.67E-08	-9.11E-06	7.35E-06
419	8	0	0	0	0	0	0	232	254	0	-2.20E-05	-5.67E-08	-9.11E-06	7.35E-06
419	9	0	0	0	0	0	0	232	254	0	-2.07E-05	1.81E-06	-6.50E-06	1.17E-05
419	10	0	0	0	0	0	0	232	254	0	-2.07E-05	1.81E-06	-6.50E-06	1.17E-05
419	11	0	0	0	0	0	0	232	254	0	-1.96E-05	3.68E-06	-6.77E-06	-1.97E-06
419	12	0	0	0	0	0	0	232	254	0	-1.96E-05	3.68E-06	-6.77E-06	-1.97E-06
419	13	0	0	0	0	0	0	232	254	0	-2.20E-05	4.99E-06	-1.00E-05	-1.59E-05
419	14	0	0	0	0	0	0	232	254	0	-2.15E-05	7.76E-06	-1.07E-05	-2.15E-05
419	15	0	0	0	0	0	0	232	254	0	-2.15E-05	7.76E-06	-1.07E-05	-2.15E-05
419	16	0	0	0	0	0	0	232	254	0	-1.98E-05	9.00E-06	-1.08E-05	-2.20E-05
419	17	0	0	0	0	0	0	232	254	0	-1.98E-05	9.00E-06	-1.08E-05	-2.20E-05
419	18	0	0	0	0	0	0	232	254	0	-2.06E-05	9.26E-06	-8.98E-06	-2.01E-05
419	19	0	0	0	0	0	0	232	254	0	-2.06E-05	9.26E-06	-8.98E-06	-2.01E-05
420	0	0	0	0	0	0	0	232	254	0	-1.98E-05	7.25E-06	-1.34E-05	-2.00E-05
420	1	0	0	0	0	0	0	232	254	0	-1.98E-05	7.25E-06	-1.34E-05	-2.00E-05
420	2	0	0	0	0	0	0	232	254	0	-1.75E-05	5.34E-06	-1.92E-05	-2.61E-05
420	3	0	0	0	0	0	0	232	254	0	-1.74E-05	4.30E-06	-1.39E-05	-2.61E-05
420	4	0	0	0	0	0	0	232	254	0	-1.74E-05	4.30E-06	-1.39E-05	-2.61E-05
420	5	0	0	0	0	0	0	232	254	0	-1.95E-05	4.97E-06	-1.29E-05	-2.42E-05
420	6	0	0	0	0	0	0	232	254	0	-1.95E-05	4.97E-06	-1.29E-05	-2.42E-05
420	7	0	0	0	0	0	0	232	254	0	-1.81E-05	5.29E-06	-1.40E-05	-2.55E-05
420	8	0	0	0	0	0	0	232	254	0	-1.81E-05	5.29E-06	-1.40E-05	-2.55E-05
420	9	0	0	0	0	0	0	232	254	0	-1.63E-05	3.89E-06	-1.06E-05	-2.73E-05
420	10	0	0	0	0	0	0	232	254	0	-1.63E-05	3.89E-06	-1.06E-05	-2.73E-05
420	11	0	0	0	0	0	0	232	254	0	-1.65E-05	4.21E-06	-9.35E-06	-2.53E-05
420	12	0	0	0	0	0	0	232	254	0	-1.63E-05	5.10E-06	-1.32E-05	-1.84E-05
420	13	0	0	0	0	0	0	232	254	0	-1.63E-05	5.10E-06	-1.32E-05	-1.84E-05
420	14	0	0	0	0	0	0	232	254	0	-1.83E-05	4.79E-06	-2.13E-05	-2.26E-05
420	15	0	0	0	0	0	0	232	254	0	-1.83E-05	4.79E-06	-2.13E-05	-2.26E-05
420	16	0	0	0	0	0	0	232	254	0	-2.02E-05	6.57E-06	-2.39E-05	-2.13E-05
420	17	0	0	0	0	0	0	232	254	0	-2.02E-05	6.57E-06	-2.39E-05	-2.13E-05
420	18	0	0	0	0	0	0	232	254	0	-2.21E-05	8.97E-06	-1.85E-05	-1.60E-05
420	19	0	0	0	0	0	0	232	254	0	-2.21E-05	8.97E-06	-1.85E-05	-1.60E-05
421	0	0	0	0	0	0	0	232	254	0	-2.45E-05	1.15E-05	-1.35E-05	-2.19E-05
421	1	0	0	0	0	0	0	232	254	0	-2.50E-05	1.31E-05	-1.03E-05	-2.18E-05
421	2	0	0	0	0	0	0	232	254	0	-2.50E-05	1.31E-05	-1.03E-05	-2.18E-05
421	3	0	0	0	0	0	0	232	254	0	-2.41E-05	1.27E-05	-6.83E-06	-1.29E-05
421	4	0	0	0	0	0	0	232	254	0	-2.41E-05	1.27E-05	-6.83E-06	-1.29E-05
421	5	0	0	0	0	0	0	232	254	0	-2.54E-05	1.12E-05	-8.42E-06	-1.36E-05
421	6	0	0	0	0	0	0	232	254	0	-2.54E-05	1.12E-05	-8.42E-06	-1.36E-05
421	7	0	0	0	0	0	0	232	254	0	-2.54E-05	1.05E-05	-8.15E-06	-1.75E-05
421	8	0	0	0	0	0	0	232	254	0	-2.54E-05	1.05E-05	-8.15E-06	-1.75E-05
421	9	0	0	0	0	0	0	232	254	0	-2.34E-05	7.96E-06	-6.23E-06	-1.65E-05
421	10	0	0	0	0	0	0	232	254	0	-2.18E-05	5.54E-06	-8.78E-06	-1.39E-05
421	11	0	0	0	0	0	0	232	254	0	-2.18E-05	5.54E-06	-8.78E-06	-1.39E-05
421	12	0	0	0	0	0	0	232	254	0	-2.09E-05	5.54E-06	-1.13E-05	-1.32E-05
421	13	0	0	0	0	0	0	232	254	0	-2.09E-05	5.54E-06	-1.13E-05	-1.32E-05
421	14	0	0	0	0	0	0	232	254	0	-2.12E-05	5.34E-06	-7.29E-06	-1.07E-05
421	15	0	0	0	0	0	0	232	254	0	-2.12E-05	5.34E-06	-7.29E-06	-1.07E-05
421	16	0	0	0	0	0	0	232	254	0	-1.82E-05	3.76E-06	-5.12E-06	-8.80E-06
421	17	0	0	0	0	0	0	232	254	0	-1.82E-05	3.76E-06	-5.12E-06	-8.80E-06
421	18	0	0	0	0	0	0	232	254	0	-1.69E-05	1.42E-06	-6.93E-06	-4.54E-06
421	19	0	0	0	0	0	0	232	254	0	-1.84E-05	1.92E-06	-9.06E-06	-1.06E-05
422	0	0	0	0	0	0	0	232	254	0	-1.84E-05	1.92E-06	-9.06E-06	-1.06E-05
422	1	0	0	0	0	0	0	232	254	0	-1.93E-05	2.48E-06	-8.99E-06	-1.52E-05
422	2	0	0	0	0	0	0	232	254	0	-1.93E-05	2.48E-06	-8.99E-06	-1.52E-05
422	3	0	0	0	0	0	0	232	254	0	-1.93E-05	3.09E-06	-8.92E-06	-2.92E-05
422	4	0	0	0	0	0	0	232	254	0	-1.93E-05	3.09E-06	-8.92E-06	-2.92E-05
422	5	0	0	0	0	0	0	232	254	0	-1.92E-05	2.82E-06	-1.07E-05	-3.54E-05
422	6	0	0	0	0	0	0	232	254	0	-1.92E-05	2.82E-06	-1.07E-05	-3.54E-05
422	7	0	0	0	0	0	0	232	254	0	-2.05E-05	5.24E-06	-9.29E-06	-3.28E-05
422	8	0	0	0	0	0	0	232	254	0	-2.18E-05	8.93E-06	-8.08E-06	-2.69E-05
422	9	0	0	0	0	0	0	232	254	0	-2.18E-05	8.93E-06	-8.08E-06	-2.69E-05
422	10	0	0	0	0	0	0	232	254	0	-2.48E-05	6.61E-06	-9.82E-06	-1.12E-05
422	11	0	0	0	0	0	0	232	254	0	-2.48E-05	6.61E-06	-9.82E-06	-1.12E-05
422	12	0	0	0	0	0	0	232	254	0	-2.60E-05	3.29E-06	-7.76E-06	-8.00E-07
422	13	0	0	0	0	0	0	232	254	0	-2.60E-05	3.29E-06	-7.76E-06	-8.00E-07
422	14	0	0	0	0	0	0	232	254	0	-2.43E-05	4.06E-06	-4.20E-06	4.46E-06
422	15	0	0	0	0	0	0	232	254	0	-2.43E-05	4.06E-06	-4.20E-06	4.46E-06
422	16	0	0	0	0	0	0	232	254	0	-2.44E-05	4.59E-06	-4.70E-06	8.64E-06
422	17	0	0	0	0	0	0	232	254	0	-2.67E-05	1.05E-06	-7.25E-06	-8.65E-06
422	18	0	0	0	0	0	0	232	254	0	-2.67E-05	1.05E-06	-7.25E-06	-8.65E-06
422	19	0	0	0	0	0	0	232	254	0	-2.55E-05	4.63E-07	-5.95E-06	-1.11E-05
423	0	0	0	0	0	0	0	232	254	0	-2.55E-05	4.63E-07	-5.95E-06	-1.11E-05
423	1	0	0	0	0	0	0	232	254	0	-1.61E-05	1.02E-06	-8.43E-06	-2.81E-07
423	2	0	0	0	0	0	0	232	254	0	-1.61E-05	1.02E-06	-8.43E-06	-2.81E-07
423	3	0	0	0	0	0	0	232	254	0	-1.13E-05	1.55E-08	-9.52E-06	2.73E-06
423	4	0	0	0	0	0	0	232	254	0	-1.13E-05	1.55E-08	-9.52E-06	2.73E-06
423	5	0	0	0	0	0	0	232	254	0	-9.52E-06	-9.41E-07	-9.28E-06	-1.95E-07
423	6	0	0	0	0	0	0	232	254	0	-1.03E-05	-1.10E-06	-9.52E-06	-1.34E-05
423	7	0	0	0	0	0	0	232	254	0	-1.03E-05	-1.10E-06	-9.52E-06	-1.34E-05
423	8	0	0	0	0	0	0	232	254	0	-1.69E-05	1.38E-06	-9.43E-06	-1.84E-05
423	9	0	0	0	0	0	0	232	254	0	-1.69E-05	1.38E-06	-9.43E-06	-1.84E-05
423	10	0	0	0	0	0	0	232	254	0	-2.02E-05	2.72E-06	-1.01E-05	-2.10E-05
423	11	0	0	0	0	0	0	232	254	0	-2.02E-05	2.72E-06	-1.01E-05	-2.10E-05
423	12	0	0	0	0	0	0	232	254	0	-2.01E-05	4.14E-06	-6.58E-06	-2.71E-05
423	13	0	0	0	0	0	0	232	254	0	-2.01E-05	4.14E-06	-6.58E-06	-2.71E-05
423	14	0	0	0	0	0	0	232	254	0	-2.19E-05	5.40E-06	-3.58E-06	-1.46E-05
423	15	0	0	0	0	0	0	232	254	0	-2.21E-05	3.31E-06	-6.94E-06	3.68E-06
423	16	0	0	0	0	0	0	232	254	0	-2.21E-05	3.31E-06	-6.94E-06	3.68E-06
423	17	0	0	0	0	0	0	232	254	0	-2.10E-05	9.21E-07	-8.30E-06	-7.00E-06
423	18	0	0	0	0	0	0	232	254	0	-2.10E-05	9.21E-07	-8.30E-06	-7.00E-06
423	19	0	0	0	0	0	0	232	254	0	-2.09E-05	-4.78E-07	-8.80E-06	-2.05E-05
424	0	0	0	0	0	0	0	232	254	0	-2.09E-05	-4.78E-07	-8.80E-06	-2.05E-05
424	1	0	0	0	0	0	0	232	254	0	-1.99E-05	5.53E-07	-9.66E-06	-2.84E-05
424	2	0	0	0	0	0	0	232	254	0	-1.99E-05	5.53E-07	-9.66E-06	-2.84E-05
424	3	0	0	0	0	0	0	232	254	0	-2.05E-05	5.44E-06	-1.18E-05	-2.02E-05
424	4	0	0	0	0	0	0	232	254	0	-2.14E-05	4.56E-06	-9.68E-06	5.56E-06
424	5	0	0	0	0	0	0	232	254	0	-2.14E-05	4.56E-06	-9.68E-06	5.56E-06
424	6	0	0	0	0	0	0	232	254	0	-1.99E-05	3.06E-06	-5.40E-06	1.63E-05
424	7	0	0	0	0	0	0	232	254	0	-1.99E-05	3.06E-06	-5.40E-06	1.63E-05
424	8	0	0	0	0	0	0	232	254	0	-1.96E-05	4.45E-06	1.92E-06	2.32E-05
424	9	0	0	0	0	0	0	232	254	0	-1.96E-05	4.45E-06	1.92E-06	2.32E-05
424	10	0	0	0	0	0	0	232	254	0	-2.12E-05	6.03E-06	9.41E-06	2.12E-05
424	11	0	0	0	0	0	0	232	254	0	-2.12E-05	6.03E-06	9.41E-06	2.12E-05
424	12	0	0	0	0	0	0	232	254	0	-2.01E-05	7.03E-06	2.28E-05	6.72E-06
424	13	0	0	0	0	0	0	232	254	0	-1.90E-05	7.89E-06	2.04E-05	-1.29E-05
424	14	0	0	0	0	0	0	232	254	0	-1.90E-05	7.89E-06	2.04E-05	-1.29E-05
424	15	0	0	0	0	0	0	232	254	0	-1.91E-05	7.76E-06	2.31E-06	-4.55E-05
424	16	0	0	0	0	0	0	232	254	0	-1.91E-05	7.76E-06	2.31E-06	-4.55E-05
424	17	0	0	0	0	0	0	232	254	0	-2.00E-05	6.67E-06	-9.43E-06	-5.09E-05
424	18	0	0	0	0	0	0	232	254	0	-2.00E-05	6.67E-06	-9.43E-06	-5.09E-05
424	19	0	0	0	0	0	0	232	254	0	-2.24E-05	4.07E-06	-2.73E-05	-2.87E-05
425	0	0	0	0	0	0	0	232	254	0	-2.24E-05	4.07E-06	-2.73E-05	-2.87E-05
425	1	0	0	0	0	0	0	232	254	0	-2.47E-05	1.76E-06	-3.11E-05	-5.12E-06
425	2	0	0	0	0	0	0	232	254	0	-2.51E-05	3.60E-06	-2.94E-05	1.14E-05
425	3	0	0	0	0	0	0	232	254	0	-2.51E-05	3.60E-06	-2.94E-05	1.14E-05
425	4	0	0	0	0	0	0	232	254	0	-2.55E-05	5.93E-06	-3.63E-05	1.59E-05
425	5	0	0	0	0	0	0	232	254	0	-2.55E-05	5.93E-06	-3.63E-05	1.59E-05
425	6	0	0	0	0	0	0	232	254	0	-2.45E-05	6.06E-06	-2.32E-05	4.96E-06
425	7	0	0	0	0	0	0	232	254	0	-2.45E-05	6.06E-06	-2.32E-05	4.96E-06
425	8	0	0	0	0	0	0	232	254	0	-2.36E-05	4.97E-06	4.44E-06	-1.79E-05
425	9	0	0	0	0	0	0	232	254	0	-2.36E-05	4.97E-06	4.44E-06	-1.79E-05
425	10	0	0	0	0	0	0	232	254	0	-2.50E-05	3.92E-06	5.84E-06	-4.13E-05
425	11	0	0	0	0	0	0	232	254	0	-2.43E-05	5.41E-06	-7.16E-06	-5.91E-05
425	12	0	0	0	0	0	0	232	254	0	-2.43E-05	5.41E-06	-7.16E-06	-5.91E-05
425	13	0	0	0	0	0	0	232	254	0	-2.22E-05	6.24E-06	-2.14E-05	-6.58E-05
425	14	0	0	0	0	0	0	232	254	0	-2.22E-05	6.24E-06	-2.14E-05	-6.58E-05
425	15	0	0	0	0	0	0	232	254	0	-2.18E-05	4.43E-06	-2.26E-05	-3.84E-05
425	16	0	0	0	0	0	0	232	254	0	-2.18E-05	4.43E-06	-2.26E-05	-3.84E-05
425	17	0	0	0	0	0	0	232	254	0	-2.26E-05	3.99E-06	-1.61E-05	-3.72E-06
425	18	0	0	0	0	0	0	232	254	0	-2.26E-05	3.99E-06	-1.61E-05	-3.72E-06
425	19	0	0	0	0	0	0	232	254	0	-2.33E-05	4.95E-06	-1.09E-05	8.84E-06
426	0	0	0	0	0	0	0	232	254	0	-2.25E-05	6.78E-06	-8.30E-06	-3.87E-06
426	1	0	0	0	0	0	0	232	254	0	-2.25E-05	6.78E-06	-8.30E-06	-3.87E-06
426	2	0	0	0	0	0	0	232	254	0	-1.94E-05	8.99E-06	-1.09E-05	-3.21E-05
426	3	0	0	0	0	0	0	232	254	0	-1.94E-05	8.99E-06	-1.09E-05	-3.21E-05
426	4	0	0	0	0	0	0	232	254	0	-1.58E-05	8.20E-06	-1.16E-05	-3.22E-05
426	5	0	0	0	0	0	0	232	254	0	-1.58E-05	8.20E-06	-1.16E-05	-3.22E-05
426	6	0	0	0	0	0	0	232	254	0	-1.56E-05	5.85E-06	-6.58E-06	-9.09E-07
426	7	0	0	0	0	0	0	232	254	0	-1.56E-05	5.85E-06	-6.58E-06	-9.09E-07
426	8	0	0	0	0	0	0	232	254	0	-1.75E-05	3.58E-06	-3.10E-06	3.29E-05
426	9	0	0	0	0	0	0	232	254	0	-1.85E-05	2.45E-06	-4.06E-06	3.34E-05
426	10	0	0	0	0	0	0	232	254	0	-1.85E-05	2.45E-06	-4.06E-06	3.34E-05
426	11	0	0	0	0	0	0	232	254	0	-1.90E-05	4.92E-06	-6.67E-06	2.58E-05
426	12	0	0	0	0	0	0	232	254	0	-1.90E-05	4.92E-06	-6.67E-06	2.58E-05
426	13	0	0	0	0	0	0	232	254	0	-2.15E-05	4.72E-06	-4.23E-06	3.46E-05
426	14	0	0	0	0	0	0	232	254	0	-2.15E-05	4.72E-06	-4.23E-06	3.46E-05
426	15	0	0	0	0	0	0	232	254	0	-2.25E-05	1.73E-06	-3.43E-06	2.37E-05
426	16	0	0	0	0	0	0	232	254	0	-2.25E-05	1.73E-06	-3.43E-06	2.37E-05
426	17	0	0	0	0	0	0	232	254	0	-2.14E-05	1.17E-07	-8.64E-06	1.41E-06
426	18	0	0	0	0	0	0	232	254	0	-1.94E-05	-1.93E-07	-8.89E-06	-7.04E-06
426	19	0	0	0	0	0	0	232	254	0	-1.94E-05	-1.93E-07	-8.89E-06	-7.04E-06
427	0	0	0	0	0	0	0	232	254	0	-2.01E-05	-1.07E-07	-7.99E-06	-2.69E-05
427	1	0	0	0	0	0	0	232	254	0	-2.01E-05	-1.07E-07	-7.99E-06	-2.69E-05
427	2	0	0	0	0	0	0	232	254	0	-2.07E-05	1.53E-06	-8.99E-06	-3.98E-05
427	3	0	0	0	0	0	0	232	254	0	-2.07E-05	1.53E-06	-8.99E-06	-3.98E-05
427	4	0	0	0	0	0	0	232	254	0	-2.09E-05	3.63E-06	-1.13E-05	-4.70E-05
427	5	0	0	0	0	0	0	232	254	0	-2.09E-05	3.63E-06	-1.13E-05	-4.70E-05
427	6	0	0	0	0	0	0	232	254	0	-2.10E-05	4.17E-06	-1.05E-05	-4.68E-05
427	7	0	0	0	0	0	0	232	254	0	-1.93E-05	3.98E-06	-1.01E-05	-2.64E-05
427	8	0	0	0	0	0	0	232	254	0	-1.93E-05	3.98E-06	-1.01E-05	-2.64E-05
427	9	0	0	0	0	0	0	232	254	0	-1.94E-05	3.59E-06	-1.05E-05	-1.10E-05
427	10	0	0	0	0	0	0	232	254	0	-1.94E-05	3.59E-06	-1.05E-05	-1.10E-05
427	11	0	0	0	0	0	0	232	254	0	-2.15E-05	3.35E-06	-1.22E-05	-8.73E-06
427	12	0	0	0	0	0	0	232	254	0	-2.15E-05	3.35E-06	-1.22E-05	-8.73E-06
427	13	0	0	0	0	0	0	232	254	0	-2.07E-05	5.31E-06	-1.33E-05	-2.13E-05
427	14	0	0	0	0	0	0	232	254	0	-2.07E-05	5.31E-06	-1.33E-05	-2.13E-05
427	15	0	0	0	0	0	0	232	254	0	-2.11E-05	5.98E-06	-1.16E-05	-2.11E-05
427	16	0	0	0	0	0	0	232	254	0	-2.17E-05	6.55E-06	-1.14E-05	-8.41E-06
427	17	0	0	0	0	0	0	232	254	0	-2.17E-05	6.55E-06	-1.14E-05	-8.41E-06
427	18	0	0	0	0	0	0	232	254	0	-2.17E-05	6.60E-06	-1.09E-05	2.63E-06
427	19	0	0	0	0	0	0	232	254	0	-2.17E-05	6.60E-06	-1.09E-05	2.63E-06
428	0	0	0	0	0	0	0	232	254	0	-2.11E-05	6.98E-06	-9.28E-06	6.64E-06
428	1	0	0	0	0	0	0	232	254	0	-2.11E-05	6.98E-06	-9.28E-06	6.64E-06
428	2	0	0	0	0	0	0	232	254	0	-2.11E-05	7.35E-06	-9.77E-06	-8.21E-07
428	3	0	0	0	0	0	0	232	254	0	-2.11E-05	7.35E-06	-9.77E-06	-8.21E-07
428	4	0	0	0	0	0	0	232	254	0	-2.16E-05	5.91E-06	-1.08E-05	-3.26E-05
428	5	0	0	0	0	0	0	232	254	0	-2.14E-05	3.76E-06	-9.32E-06	-4.14E-05
428	6	0	0	0	0	0	0	232	254	0	-2.14E-05	3.76E-06	-9.32E-06	-4.14E-05
428	7	0	0	0	0	0	0	232	254	0	-2.06E-05	1.16E-06	-6.17E-06	2.32E-06
428	8	0	0	0	0	0	0	232	254	0	-2.06E-05	1.16E-06	-6.17E-06	2.32E-06
428	9	0	0	0	0	0	0	232	254	0	-2.05E-05	2.70E-07	-7.19E-06	3.43E-05
428	10	0	0	0	0	0	0	232	254	0	-2.05E-05	2.70E-07	-7.19E-06	3.43E-05
428	11	0	0	0	0	0	0	232	254	0	-2.15E-05	1.25E-06	-9.05E-06	4.56E-07
428	12	0	0	0	0	0	0	232	254	0	-2.15E-05	1.25E-06	-9.05E-06	4.56E-07
428	13	0	0	0	0	0	0	232	254	0	-2.07E-05	3.88E-06	-1.01E-05	-5.27E-05
428	14	0	0	0	0	0	0	232	254	0	-2.15E-05	5.87E-06	-1.10E-05	-6.29E-05
428	15	0	0	0	0	0	0	232	254	0	-2.15E-05	5.87E-06	-1.10E-05	-6.29E-05
428	16	0	0	0	0	0	0	232	254	0	-2.35E-05	5.87E-06	-1.08E-05	-5.04E-05
428	17	0	0	0	0	0	0	232	254	0	-2.35E-05	5.87E-06	-1.08E-05	-5.04E-05
428	18	0	0	0	0	0	0	232	254	0	-2.21E-05	5.95E-06	-1.20E-05	-3.09E-05
428	19	0	0	0	0	0	0	232	254	0	-2.21E-05	5.95E-06	-1.20E-05	-3.09E-05
429	0	0	0	0	0	0	0	232	254	0	-2.10E-05	6.40E-06	-1.31E-05	-2.14E-05
429	1	0	0	0	0	0	0	232	254	0	-2.10E-05	6.40E-06	-1.31E-05	-2.14E-05
429	2	0	0	0	0	0	0	232	254	0	-1.98E-05	6.19E-06	-1.45E-05	-2.76E-05
429	3	0	0	0	0	0	0	232	254	0	-1.92E-05	4.17E-06	-1.20E-05	-3.10E-05
429	4	0	0	0	0	0	0	232	254	0	-1.92E-05	4.17E-06	-1.20E-05	-3.10E-05
429	5	0	0	0	0	0	0	232	254	0	-1.94E-05	4.13E-06	-1.06E-05	-7.46E-06
429	6	0	0	0	0	0	0	232	254	0	-1.94E-05	4.13E-06	-1.06E-05	-7.46E-06
429	7	0	0	0	0	0	0	232	254	0	-1.79E-05	4.78E-06	-1.07E-05	4.96E-06
429	8	0	0	0	0	0	0	232	254	0	-1.79E-05	4.78E-06	-1.07E-05	4.96E-06
429	9	0	0	0	0	0	0	232	254	0	-1.86E-05	5.31E-06	-9.54E-06	-2.34E-06
429	10	0	0	0	0	0	0	232	254	0	-1.86E-05	5.31E-06	-9.54E-06	-2.34E-06
429	11	0	0	0	0	0	0	232	254	0	-1.85E-05	6.15E-06	-1.14E-05	-4.60E-06
429	12	0	0	0	0	0	0	232	254	0	-1.94E-05	8.15E-06	-1.20E-05	-7.11E-06
429	13	0	0	0	0	0	0	232	254	0	-1.94E-05	8.15E-06	-1.20E-05	-7.11E-06
429	14	0	0	0	0	0	0	232	254	0	-2.16E-05	1.03E-05	-9.71E-06	-7.65E-06
429	15	0	0	0	0	0	0	232	254	0	-2.16E-05	1.03E-05	-9.71E-06	-7.65E-06
429	16	0	0	0	0	0	0	232	254	0	-2.11E-05	8.48E-06	-4.79E-06	-3.14E-06
429	17	0	0	0	0	0	0	232	254	0	-2.11E-05	8.48E-06	-4.79E-06	-3.14E-06
429	18	0	0	0	0	0	0	232	254	0	-2.20E-05	4.85E-06	-4.82E-06	-8.80E-07
429	19	0	0	0	0	0	0	232	254	0	-2.20E-05	4.85E-06	-4.82E-06	-8.80E-07
430	0	0	0	0	0	0	0	232	254	0	-2.24E-05	2.85E-06	-7.51E-06	2.14E-07
430	1	0	0	0	0	0	0	232	254	0	-2.30E-05	2.90E-06	-7.84E-06	7.46E-07
430	2	0	0	0	0	0	0	232	254	0	-2.30E-05	2.90E-06	-7.84E-06	7.46E-07
430	3	0	0	0	0	0	0	232	254	0	-2.32E-05	2.99E-06	-5.71E-06	-1.01E-05
430	4	0	0	0	0	0	0	232	254	0	-2.32E-05	2.99E-06	-5.71E-06	-1.01E-05
430	5	0	0	0	0	0	0	232	254	0	-2.25E-05	1.74E-06	-6.14E-06	-2.26E-05
430	6	0	0	0	0	0	0	232	254	0	-2.25E-05	1.74E-06	-6.14E-06	-2.26E-05
430	7	0	0	0	0	0	0	232	254	0	-2.13E-05	9.46E-07	-8.61E-06	-3.33E-05
430	8	0	0	0	0	0	0	232	254	0	-2.13E-05	9.46E-07	-8.61E-06	-3.33E-05
430	9	0	0	0	0	0	0	232	254	0	-2.10E-05	-3.10E-07	-8.69E-06	-2.99E-05
430	10	0	0	0	0	0	0	232	254	0	-2.11E-05	-1.68E-07	-7.55E-06	-1.48E-05
430	11	0	0	0	0	0	0	232	254	0	-2.11E-05	-1.68E-07	-7.55E-06	-1.48E-05
430	12	0	0	0	0	0	0	232	254	0	-2.07E-05	6.12E-08	-7.71E-06	-1.39E-05
430	13	0	0	0	0	0	0	232	254	0	-2.07E-05	6.12E-08	-7.71E-06	-1.39E-05
430	14	0	0	0	0	0	0	232	254	0	-2.11E-05	1.29E-06	-8.74E-06	-1.65E-05
430	15	0	0	0	0	0	0	232	254	0	-2.11E-05	1.29E-06	-8.74E-06	-1.65E-05
430	16	0	0	0	0	0	0	232	254	0	-2.24E-05	9.82E-07	-9.86E-06	-2.65E-05
430	17	0	0	0	0	0	0	232	254	0	-2.24E-05	9.82E-07	-9.86E-06	-2.65E-05
430	18	0	0	0	0	0	0	232	254	0	-2.54E-05	8.90E-07	-1.09E-05	-3.35E-05
430	19	0	0	0	0	0	0	232	254	0	-2.84E-05	1.45E-06	-1.32E-05	-2.40E-05
431	0	0	0	0	0	0	0	232	254	0	-2.84E-05	1.45E-06	-1.32E-05	-2.40E-05
431	1	0	0	0	0	0	0	232	254	0	-2.74E-05	3.45E-06	-1.47E-05	-5.74E-06
431	2	0	0	0	0	0	0	232	254	0	-2.74E-05	3.45E-06	-1.47E-05	-5.74E-06
431	3	0	0	0	0	0	0	232	254	0	-2.51E-05	6.10E-06	-1.32E-05	1.48E-05
431	4	0	0	0	0	0	0	232	254	0	-2.51E-05	6.10E-06	-1.32E-05	1.48E-05
431	5	0	0	0	0	0	0	232	254	0	-2.57E-05	7.41E-06	-1.13E-05	1.81E-05
431	6	0	0	0	0	0	0	232	254	0	-2.57E-05	7.41E-06	-1.13E-05	1.81E-05
431	7	0	0	0	0	0	0	232	254	0	-2.53E-05	7.76E-06	-1.31E-05	7.55E-07
431	8	0	0	0	0	0	0	232	254	0	-1.74E-05	8.92E-06	-1.17E-05	-1.73E-05
431	9	0	0	0	0	0	0	232	254	0	-1.74E-05	8.92E-06	-1.17E-05	-1.73E-05
431	10	0	0	0	0	0	0	232	254	0	-1.24E-05	8.89E-06	-8.91E-06	-1.97E-05
431	11	0	0	0	0	0	0	232	254	0	-1.24E-05	8.89E-06	-8.91E-06	-1.97E-05
431	12	0	0	0	0	0	0	232	254	0	-1.29E-05	7.63E-06	-9.65E-06	-1.40E-05
431	13	0	0	0	0	0	0	232	254	0	-1.29E-05	7.63E-06	-9.65E-06	-1.40E-05
431	14	0	0	0	0	0	0	232	254	0	-1.33E-05	6.11E-06	-8.02E-06	-1.76E-05
431	15	0	0	0	0	0	0	232	254	0	-1.33E-05	6.11E-06	-8.02E-06	-1.76E-05
431	16	0	0	0	0	0	0	232	254	0	-1.62E-05	5.21E-06	-7.39E-06	-1.67E-05
431	17	0	0	0	0	0	0	232	254	0	-1.97E-05	3.69E-06	-1.04E-05	-2.24E-05
431	18	0	0	0	0	0	0	232	254	0	-1.97E-05	3.69E-06	-1.04E-05	-2.24E-05
431	19	0	0	0	0	0	0	232	254	0	-2.00E-05	5.54E-06	-1.10E-05	-1.70E-05
432	0	0	0	0	0	0	0	232	254	0	-2.00E-05	5.54E-06	-1.10E-05	-1.70E-05
432	1	0	0	0	0	0	0	232	254	0	-2.05E-05	5.44E-06	-9.39E-06	-3.97E-06
432	2	0	0	0	0	0	0	232	254	0	-2.05E-05	5.44E-06	-9.39E-06	-3.97E-06
432	3	0	0	0	0	0	0	232	254	0	-2.24E-05	4.87E-06	-6.32E-06	1.07E-05
432	4	0	0	0	0	0	0	232	254	0	-2.24E-05	4.87E-06	-6.32E-06	1.07E-05
432	5	0	0	0	0	0	0	232	254	0	-2.11E-05	5.22E-06	-5.06E-06	2.32E-05
432	6	0	0	0	0	0	0	232	254	0	-2.10E-05	6.89E-06	-5.56E-06	2.20E-05
432	7	0	0	0	0	0	0	232	254	0	-2.10E-05	6.89E-06	-5.56E-06	2.20E-05
432	8	0	0	0	0	0	0	232	254	0	-2.17E-05	4.65E-06	-7.73E-06	4.01E-06
432	9	0	0	0	0	0	0	232	254	0	-2.17E-05	4.65E-06	-7.73E-06	4.01E-06
432	10	0	0	0	0	0	0	232	254	0	-2.04E-05	2.82E-06	-8.60E-06	-1.56E-05
432	11	0	0	0	0	0	0	232	254	0	-2.04E-05	2.82E-06	-8.60E-06	-1.56E-05
432	12	0	0	0	0	0	0	232	254	0	-2.12E-05	4.23E-06	-8.35E-06	-2.61E-05
432	13	0	0	0	0	0	0	232	254	0	-2.12E-05	4.23E-06	-8.35E-06	-2.61E-05
432	14	0	0	0	0	0	0	232	254	0	-2.23E-05	2.70E-06	-1.09E-05	-3.15E-05
432	15	0	0	0	0	0	0	232	254	0	-1.97E-05	3.62E-06	-9.63E-06	-2.81E-05
432	16	0	0	0	0	0	0	232	254	0	-1.97E-05	3.62E-06	-9.63E-06	-2.81E-05
432	17	0	0	0	0	0	0	232	254	0	-1.82E-05	3.24E-06	-4.39E-06	-2.48E-05
432	18	0	0	0	0	0	0	232	254	0	-1.82E-05	3.24E-06	-4.39E-06	-2.48E-05
432	19	0	0	0	0	0	0	232	254	0	-1.95E-05	3.63E-06	-5.14E-06	-2.48E-05
433	0	0	0	0	0	0	0	232	254	0	-1.95E-05	3.63E-06	-5.14E-06	-2.48E-05
433	1	0	0	0	0	0	0	232	254	0	-2.04E-05	4.35E-06	-8.71E-06	-3.17E-05
433	2	0	0	0	0	0	0	232	254	0	-2.04E-05	4.35E-06	-8.71E-06	-3.17E-05
433	3	0	0	0	0	0	0	232	254	0	-2.04E-05	5.05E-06	-9.87E-06	-3.17E-05
433	4	0	0	0	0	0	0	232	254	0	-1.91E-05	3.89E-06	-1.17E-05	-2.17E-05
433	5	0	0	0	0	0	0	232	254	0	-1.91E-05	3.89E-06	-1.17E-05	-2.17E-05
433	6	0	0	0	0	0	0	232	254	0	-1.86E-05	1.67E-06	-1.20E-05	-2.37E-05
433	7	0	0	0	0	0	0	232	254	0	-1.86E-05	1.67E-06	-1.20E-05	-2.37E-05
433	8	0	0	0	0	0	0	232	254	0	-1.85E-05	-9.71E-07	-1.11E-05	-1.91E-05
433	9	0	0	0	0	0	0	232	254	0	-1.85E-05	-9.71E-07	-1.11E-05	-1.91E-05
433	10	0	0	0	0	0	0	232	254	0	-2.02E-05	7.79E-07	-7.81E-06	-8.13E-06
433	11	0	0	0	0	0	0	232	254	0	-2.02E-05	7.79E-07	-7.81E-06	-8.13E-06
433	12	0	0	0	0	0	0	232	254	0	-2.21E-05	4.25E-06	-4.63E-06	7.75E-07
433	13	0	0	0	0	0	0	232	254	0	-2.06E-05	4.63E-06	-4.90E-06	3.06E-05
433	14	0	0	0	0	0	0	232	254	0	-2.06E-05	4.63E-06	-4.90E-06	3.06E-05
433	15	0	0	0	0	0	0	232	254	0	-2.04E-05	5.56E-06	-3.62E-06	5.08E-05
433	16	0	0	0	0	0	0	232	254	0	-2.04E-05	5.56E-06	-3.62E-06	5.08E-05
433	17	0	0	0	0	0	0	232	254	0	-2.08E-05	7.20E-06	-6.40E-06	3.86E-05
433	18	0	0	0	0	0	0	232	254	0	-2.08E-05	7.20E-06	-6.40E-06	3.86E-05
433	19	0	0	0	0	0	0	232	254	0	-2.09E-05	4.77E-06	-8.21E-06	1.90E-05
434	0	0	0	0	0	0	0	232	254	0	-2.09E-05	4.77E-06	-8.21E-06	1.90E-05
434	1	0	0	0	0	0	0	232	254	0	-2.23E-05	1.87E-06	-7.17E-06	-1.08E-05
434	2	0	0	0	0	0	0	232	254	0	-2.20E-05	-9.41E-07	-6.75E-06	-3.23E-05
434	3	0	0	0	0	0	0	232	254	0	-2.20E-05	-9.41E-07	-6.75E-06	-3.23E-05
434	4	0	0	0	0	0	0	232	254	0	-2.19E-05	-1.20E-06	-6.22E-06	-2.93E-05
434	5	0	0	0	0	0	0	232	254	0	-2.19E-05	-1.20E-06	-6.22E-06	-2.93E-05
434	6	0	0	0	0	0	0	232	254	0	-2.21E-05	8.09E-07	-7.19E-06	-2.35E-05
434	7	0	0	0	0	0	0	232	254	0	-2.21E-05	8.09E-07	-7.19E-06	-2.35E-05
434	8	0	0	0	0	0	0	232	254	0	-2.19E-05	2.52E-06	-6.77E-06	-3.57E-06
434	9	0	0	0	0	0	0	232	254	0	-2.19E-05	2.52E-06	-6.77E-06	-3.57E-06
434	10	0	0	0	0	0	0	232	254	0	-2.33E-05	2.42E-06	-5.61E-06	6.71E-06
434	11	0	0	0	0	0	0	232	254	0	-2.31E-05	2.36E-06	-8.55E-06	-5.97E-06
434	12	0	0	0	0	0	0	232	254	0	-2.31E-05	2.36E-06	-8.55E-06	-5.97E-06
434	13	0	0	0	0	0	0	232	254	0	-2.16E-05	5.51E-06	-1.25E-05	-2.60E-05
434	14	0	0	0	0	0	0	232	254	0	-2.16E-05	5.51E-06	-1.25E-05	-2.60E-05
434	15	0	0	0	0	0	0	232	254	0	-2.11E-05	7.19E-06	-1.36E-05	-3.32E-05
434	16	0	0	0	0	0	0	232	254	0	-2.11E-05	7.19E-06	-1.36E-05	-3.32E-05
434	17	0	0	0	0	0	0	232	254	0	-2.14E-05	6.62E-06	-1.35E-05	-2.10E-05
434	18	0	0	0	0	0	0	232	254	0	-2.14E-05	6.62E-06	-1.35E-05	-2.10E-05
434	19	0	0	0	0	0	0	232	254	0	-2.04E-05	4.04E-06	-1.31E-05	-8.65E-06
435	0	0	0	0	0	0	0	232	254	0	-2.11E-05	3.14E-06	-1.22E-05	-4.03E-06
435	1	0	0	0	0	0	0	232	254	0	-2.11E-05	3.14E-06	-1.22E-05	-4.03E-06
435	2	0	0	0	0	0	0	232	254	0	-2.15E-05	2.90E-06	-1.16E-05	-1.05E-05
435	3	0	0	0	0	0	0	232	254	0	-2.15E-05	2.90E-06	-1.16E-05	-1.05E-05
435	4	0	0	0	0	0	0	232	254	0	-1.97E-05	3.14E-06	-1.19E-05	-3.25E-05
435	5	0	0	0	0	0	0	232	254	0	-1.97E-05	3.14E-06	-1.19E-05	-3.25E-05
435	6	0	0	0	0	0	0	232	254	0	-2.02E-05	3.21E-06	-1.34E-05	-4.23E-05
435	7	0	0	0	0	0	0	232	254	0	-2.02E-05	3.21E-06	-1.34E-05	-4.23E-05
435	8	0	0	0	0	0	0	232	254	0	-1.93E-05	5.38E-06	-9.94E-06	-3.72E-05
435	9	0	0	0	0	0	0	232	254	0	-1.92E-05	6.48E-06	-7.07E-06	-3.19E-05
435	10	0	0	0	0	0	0	232	254	0	-1.92E-05	6.48E-06	-7.07E-06	-3.19E-05
435	11	0	0	0	0	0	0	232	254	0	-2.05E-05	6.97E-06	-1.15E-05	-1.83E-05
435	12	0	0	0	0	0	0	232	254	0	-2.05E-05	6.97E-06	-1.15E-05	-1.83E-05
435	13	0	0	0	0	0	0	232	254	0	-2.06E-05	6.70E-06	-1.49E-05	-8.48E-06
435	14	0	0	0	0	0	0	232	254	0	-2.06E-05	6.70E-06	-1.49E-05	-8.48E-06
435	15	0	0	0	0	0	0	232	254	0	-2.06E-05	7.91E-06	-1.46E-05	-3.32E-06
435	16	0	0	0	0	0	0	232	254	0	-2.06E-05	7.91E-06	-1.46E-05	-3.32E-06
435	17	0	0	0	0	0	0	232	254	0	-2.00E-05	9.95E-06	-1.23E-05	5.38E-06
435	18	0	0	0	0	0	0	232	254	0	-1.87E-05	1.00E-05	-7.34E-06	-6.86E-06
435	19	0	0	0	0	0	0	232	254	0	-1.87E-05	1.00E-05	-7.34E-06	-6.86E-06
436	0	0	0	0	0	0	0	232	254	0	-2.00E-05	9.05E-06	-6.82E-07	-2.01E-05
436	1	0	0	0	0	0	0	232	254	0	-2.00E-05	9.05E-06	-6.82E-07	-2.01E-05
436	2	0	0	0	0	0	0	232	254	0	-2.10E-05	1.03E-05	-2.52E-06	-3.41E-05
436	3	0	0	0	0	0	0	232	254	0	-2.10E-05	1.03E-05	-2.52E-06	-3.41E-05
436	4	0	0	0	0	0	0	232	254	0	-2.06E-05	1.20E-05	-7.55E-06	-4.46E-05
436	5	0	0	0	0	0	0	232	254	0	-2.06E-05	1.20E-05	-7.55E-06	-4.46E-05
436	6	0	0	0	0	0	0	232	254	0	-1.80E-05	8.51E-06	-9.58E-06	-2.82E-05
436	7	0	0	0	0	0	0	232	254	0	-1.64E-05	6.20E-06	-1.09E-05	-2.06E-05
436	8	0	0	0	0	0	0	232	254	0	-1.64E-05	6.20E-06	-1.09E-05	-2.06E-05
436	9	0	0	0	0	0	0	232	254	0	-1.70E-05	5.10E-06	-1.28E-05	-1.87E-05
436	10	0	0	0	0	0	0	232	254	0	-1.70E-05	5.10E-06	-1.28E-05	-1.87E-05
436	11	0	0	0	0	0	0	232	254	0	-1.72E-05	4.79E-06	-1.20E-05	-7.89E-06
436	12	0	0	0	0	0	0	232	254	0	-1.72E-05	4.79E-06	-1.20E-05	-7.89E-06
436	13	0	0	0	0	0	0	232	254	0	-1.86E-05	6.13E-06	-1.26E-05	-2.01E-05
436	14	0	0	0	0	0	0	232	254	0	-1.86E-05	6.13E-06	-1.26E-05	-2.01E-05
436	15	0	0	0	0	0	0	232	254	0	-2.08E-05	5.68E-06	-1.36E-05	-2.32E-05
436	16	0	0	0	0	0	0	232	254	0	-2.25E-05	5.74E-06	-9.55E-06	-1.20E-05
436	17	0	0	0	0	0	0	232	254	0	-2.25E-05	5.74E-06	-9.55E-06	-1.20E-05
436	18	0	0	0	0	0	0	232	254	0	-2.37E-05	6.73E-06	-7.66E-06	-8.33E-06
436	19	0	0	0	0	0	0	232	254	0	-2.37E-05	6.73E-06	-7.66E-06	-8.33E-06
437	0	0	0	0	0	0	0	232	254	0	-2.40E-05	5.77E-06	-8.38E-06	3.41E-06
437	1	0	0	0	0	0	0	232	254	0	-2.40E-05	5.77E-06	-8.38E-06	3.41E-06
437	2	0	0	0	0	0	0	232	254	0	-2.37E-05	5.05E-06	-9.33E-06	-2.10E-06
437	3	0	0	0	0	0	0	232	254	0	-2.37E-05	5.05E-06	-9.33E-06	-2.10E-06
437	4	0	0	0	0	0	0	232	254	0	-2.36E-05	3.74E-06	-9.72E-06	-9.78E-06
437	5	0	0	0	0	0	0	232	254	0	-2.58E-05	1.23E-06	-8.70E-06	-1.72E-05
437	6	0	0	0	0	0	0	232	254	0	-2.58E-05	1.23E-06	-8.70E-06	-1.72E-05
437	7	0	0	0	0	0	0	232	254	0	-2.51E-05	1.87E-06	-9.12E-06	-9.00E-06
437	8	0	0	0	0	0	0	232	254	0	-2.51E-05	1.87E-06	-9.12E-06	-9.00E-06
437	9	0	0	0	0	0	0	232	254	0	-2.27E-05	4.12E-06	-1.21E-05	-7.16E-07
437	10	0	0	0	0	0	0	232	254	0	-2.27E-05	4.12E-06	-1.21E-05	-7.16E-07
437	11	0	0	0	0	0	0	232	254	0	-2.07E-05	5.36E-06	-1.12E-05	3.67E-07
437	12	0	0	0	0	0	0	232	254	0	-2.07E-05	5.36E-06	-1.12E-05	3.67E-07
437	13	0	0	0	0	0	0	232	254	0	-2.04E-05	4.44E-06	-1.22E-05	-1.01E-05
437	14	0	0	0	0	0	0	232	254	0	-2.08E-05	4.89E-06	-1.46E-05	-2.69E-05
437	15	0	0	0	0	0	0	232	254	0	-2.08E-05	4.89E-06	-1.46E-05	-2.69E-05
437	16	0	0	0	0	0	0	232	254	0	-2.10E-05	5.11E-06	-1.44E-05	-5.38E-05
437	17	0	0	0	0	0	0	232	254	0	-2.10E-05	5.11E-06	-1.44E-05	-5.38E-05
437	18	0	0	0	0	0	0	232	254	0	-2.09E-05	5.39E-06	-1.48E-05	-6.86E-05
437	19	0	0	0	0	0	0	232	254	0	-2.09E-05	5.39E-06	-1.48E-05	-6.86E-05
438	0	0	0	0	0	0	0	232	254	0	-2.19E-05	4.53E-06	-1.20E-05	-4.19E-05
438	1	0	0	0	0	0	0	232	254	0	-2.19E-05	4.53E-06	-1.20E-05	-4.19E-05
438	2	0	0	0	0	0	0	232	254	0	-2.35E-05	4.84E-06	-6.50E-06	6.79E-06
438	3	0	0	0	0	0	0	232	254	0	-2.60E-05	6.39E-06	-4.29E-06	4.68E-05
438	4	0	0	0	0	0	0	232	254	0	-2.60E-05	6.39E-06	-4.29E-06	4.68E-05
438	5	0	0	0	0	0	0	232	254	0	-2.57E-05	5.56E-06	-3.17E-06	6.68E-05
438	6	0	0	0	0	0	0	232	254	0	-2.57E-05	5.56E-06	-3.17E-06	6.68E-05
438	7	0	0	0	0	0	0	232	254	0	-2.50E-05	5.73E-06	1.10E-07	4.98E-05
438	8	0	0	0	0	0	0	232	254	0	-2.50E-05	5.73E-06	1.10E-07	4.98E-05
438	9	0	0	0	0	0	0	232	254	0	-2.38E-05	5.77E-06	-3.61E-06	2.97E-05
438	10	0	0	0	0	0	0	232	254	0	-2.38E-05	5.77E-06	-3.61E-06	2.97E-05
438	11	0	0	0	0	0	0	232	254	0	-2.04E-05	5.15E-06	-7.06E-06	9.94E-06
438	12	0	0	0	0	0	0	232	254	0	-1.60E-05	4.92E-06	-8.49E-06	-2.14E-05
438	13	0	0	0	0	0	0	232	254	0	-1.60E-05	4.92E-06	-8.49E-06	-2.14E-05
438	14	0	0	0	0	0	0	232	254	0	-1.03E-05	5.08E-06	-1.16E-05	-3.95E-05
438	15	0	0	0	0	0	0	232	254	0	-1.03E-05	5.08E-06	-1.16E-05	-3.95E-05
438	16	0	0	0	0	0	0	232	254	0	-9.10E-06	4.13E-06	-1.56E-05	-3.11E-05
438	17	0	0	0	0	0	0	232	254	0	-9.10E-06	4.13E-06	-1.56E-05	-3.11E-05
438	18	0	0	0	0	0	0	232	254	0	-1.09E-05	3.01E-06	-1.48E-05	-1.17E-05
438	19	0	0	0	0	0	0	232	254	0	-1.09E-05	3.01E-06	-1.48E-05	-1.17E-05
439	0	0	0	0	0	0	0	232	254	0	-1.52E-05	3.61E-06	-1.03E-05	-6.24E-06
439	1	0	0	0	0	0	0	232	254	0	-2.05E-05	2.34E-06	-6.99E-06	-1.12E-05
439	2	0	0	0	0	0	0	232	254	0	-2.05E-05	2.34E-06	-6.99E-06	-1.12E-05
439	3	0	0	0	0	0	0	232	254	0	-2.52E-05	3.09E-06	-9.07E-06	-2.36E-05
439	4	0	0	0	0	0	0	232	254	0	-2.52E-05	3.09E-06	-9.07E-06	-2.36E-05
439	5	0	0	0	0	0	0	232	254	0	-2.60E-05	2.39E-06	-1.20E-05	-3.39E-05
439	6	0	0	0	0	0	0	232	254	0	-2.60E-05	2.39E-06	-1.20E-05	-3.39E-05
439	7	0	0	0	0	0	0	232	254	0	-2.55E-05	1.40E-06	-1.14E-05	-4.11E-05
439	8	0	0	0	0	0	0	232	254	0	-2.55E-05	1.40E-06	-1.14E-05	-4.11E-05
439	9	0	0	0	0	0	0	232	254	0	-2.32E-05	-6.57E-08	-7.19E-06	-5.18E-05
439	10	0	0	0	0	0	0	232	254	0	-2.01E-05	9.89E-07	-9.05E-06	-5.57E-05
439	11	0	0	0	0	0	0	232	254	0	-2.01E-05	9.89E-07	-9.05E-06	-5.57E-05
439	12	0	0	0	0	0	0	232	254	0	-1.86E-05	3.51E-06	-9.03E-06	-3.65E-05
439	13	0	0	0	0	0	0	232	254	0	-1.86E-05	3.51E-06	-9.03E-06	-3.65E-05
439	14	0	0	0	0	0	0	232	254	0	-1.82E-05	2.62E-06	-3.79E-06	-2.20E-05
439	15	0	0	0	0	0	0	232	254	0	-1.82E-05	2.62E-06	-3.79E-06	-2.20E-05
439	16	0	0	0	0	0	0	232	254	0	-1.79E-05	3.29E-06	-1.56E-06	-1.70E-06
439	17	0	0	0	0	0	0	232	254	0	-1.79E-05	3.29E-06	-1.56E-06	-1.70E-06
439	18	0	0	0	0	0	0	232	254	0	-1.89E-05	3.86E-06	-1.69E-06	3.08E-05
439	19	0	0	0	0	0	0	232	254	0	-2.02E-05	4.63E-06	-7.88E-07	3.91E-05
440	0	0	0	0	0	0	0	232	254	0	-2.02E-05	4.63E-06	-7.88E-07	3.91E-05
440	1	0	0	0	0	0	0	232	254	0	-2.06E-05	9.00E-06	-6.82E-07	2.68E-05
440	2	0	0	0	0	0	0	232	254	0	-2.06E-05	9.00E-06	-6.82E-07	2.68E-05
440	3	0	0	0	0	0	0	232	254	0	-2.06E-05	8.90E-06	-1.91E-06	7.37E-06
440	4	0	0	0	0	0	0	232	254	0	-2.06E-05	8.90E-06	-1.91E-06	7.37E-06
440	5	0	0	0	0	0	0	232	254	0	-2.26E-05	5.41E-06	-3.96E-06	-1.26E-05
440	6	0	0	0	0	0	0	232	254	0	-2.26E-05	5.41E-06	-3.96E-06	-1.26E-05
440	7	0	0	0	0	0	0	232	254	0	-2.39E-05	6.65E-06	-8.43E-06	-3.01E-05
440	8	0	0	0	0	0	0	232	254	0	-2.37E-05	7.22E-06	-9.41E-06	-3.15E-05
440	9	0	0	0	0	0	0	232	254	0	-2.37E-05	7.22E-06	-9.41E-06	-3.15E-05
440	10	0	0	0	0	0	0	232	254	0	-2.48E-05	7.06E-06	-8.38E-06	-1.47E-05
440	11	0	0	0	0	0	0	232	254	0	-2.48E-05	7.06E-06	-8.38E-06	-1.47E-05
440	12	0	0	0	0	0	0	232	254	0	-2.34E-05	6.01E-06	-7.49E-06	-4.19E-06
440	13	0	0	0	0	0	0	232	254	0	-2.34E-05	6.01E-06	-7.49E-06	-4.19E-06
440	14	0	0	0	0	0	0	232	254	0	-2.18E-05	4.56E-06	-8.49E-06	5.59E-06
440	15	0	0	0	0	0	0	232	254	0	-2.18E-05	4.56E-06	-8.49E-06	5.59E-06
440	16	0	0	0	0	0	0	232	254	0	-2.20E-05	2.83E-06	-1.10E-05	2.74E-06
440	17	0	0	0	0	0	0	232	254	0	-2.30E-05	3.02E-06	-1.18E-05	-2.90E-05
440	18	0	0	0	0	0	0	232	254	0	-2.30E-05	3.02E-06	-1.18E-05	-2.90E-05
440	19	0	0	0	0	0	0	232	254	0	-2.28E-05	4.66E-06	-1.32E-05	-5.09E-05
441	0	0	0	0	0	0	0	232	254	0	-2.28E-05	4.66E-06	-1.32E-05	-5.09E-05
441	1	0	0	0	0	0	0	232	254	0	-2.19E-05	3.50E-06	-1.29E-05	-4.22E-05
441	2	0	0	0	0	0	0	232	254	0	-2.19E-05	3.50E-06	-1.29E-05	-4.22E-05
441	3	0	0	0	0	0	0	232	254	0	-2.15E-05	3.38E-06	-1.51E-05	-1.01E-05
441	4	0	0	0	0	0	0	232	254	0	-2.15E-05	3.38E-06	-1.51E-05	-1.01E-05
441	5	0	0	0	0	0	0	232	254	0	-2.07E-05	3.12E-06	-1.49E-05	1.67E-05
441	6	0	0	0	0	0	0	232	254	0	-2.16E-05	3.80E-07	-7.22E-06	2.20E-05
441	7	0	0	0	0	0	0	232	254	0	-2.16E-05	3.80E-07	-7.22E-06	2.20E-05
441	8	0	0	0	0	0	0	232	254	0	-2.11E-05	-2.18E-06	-7.63E-06	3.13E-06
441	9	0	0	0	0	0	0	232	254	0	-2.11E-05	-2.18E-06	-7.63E-06	3.13E-06
441	10	0	0	0	0	0	0	232	254	0	-1.97E-05	-1.77E-06	-9.85E-06	-2.59E-05
441	11	0	0	0	0	0	0	232	254	0	-1.97E-05	-1.77E-06	-9.85E-06	-2.59E-05
441	12	0	0	0	0	0	0	232	254	0	-2.05E-05	4.52E-07	-9.47E-06	-3.51E-05
441	13	0	0	0	0	0	0	232	254	0	-2.05E-05	4.52E-07	-9.47E-06	-3.51E-05
441	14	0	0	0	0	0	0	232	254	0	-2.15E-05	5.25E-07	-8.95E-06	-3.88E-05
441	15	0	0	0	0	0	0	232	254	0	-2.01E-05	3.18E-06	-9.95E-06	-4.68E-05
441	16	0	0	0	0	0	0	232	254	0	-2.01E-05	3.18E-06	-9.95E-06	-4.68E-05
441	17	0	0	0	0	0	0	232	254	0	-2.08E-05	6.47E-06	-1.44E-05	-3.83E-05
441	18	0	0	0	0	0	0	232	254	0	-2.08E-05	6.47E-06	-1.44E-05	-3.83E-05
441	19	0	0	0	0	0	0	232	254	0	-1.95E-05	4.02E-06	-1.64E-05	-6.12E-06
442	0	0	0	0	0	0	0	232	254	0	-1.95E-05	4.02E-06	-1.64E-05	-6.12E-06
442	1	0	0	0	0	0	0	232	254	0	-1.85E-05	2.79E-06	-1.36E-05	3.29E-05
442	2	0	0	0	0	0	0	232	254	0	-1.85E-05	2.79E-06	-1.36E-05	3.29E-05
442	3	0	0	0	0	0	0	232	254	0	-1.77E-05	1.05E-06	-1.55E-05	2.86E-05
442	4	0	0	0	0	0	0	232	254	0	-1.73E-05	-1.69E-06	-1.48E-05	-7.82E-06
442	5	0	0	0	0	0	0	232	254	0	-1.73E-05	-1.69E-06	-1.48E-05	-7.82E-06
442	6	0	0	0	0	0	0	232	254	0	-1.76E-05	-2.33E-06	-9.79E-06	-4.56E-05
442	7	0	0	0	0	0	0	232	254	0	-1.76E-05	-2.33E-06	-9.79E-06	-4.56E-05
442	8	0	0	0	0	0	0	232	254	0	-1.77E-05	-2.92E-08	-8.48E-06	-7.10E-05
442	9	0	0	0	0	0	0	232	254	0	-1.77E-05	-2.92E-08	-8.48E-06	-7.10E-05
442	10	0	0	0	0	0	0	232	254	0	-1.87E-05	1.93E-06	-1.00E-05	-7.14E-05
442	11	0	0	0	0	0	0	232	254	0	-1.87E-05	1.93E-06	-1.00E-05	-7.14E-05
442	12	0	0	0	0	0	0	232	254	0	-2.11E-05	3.59E-06	-1.02E-05	-4.95E-05
442	13	0	0	0	0	0	0	232	254	0	-2.37E-05	4.82E-06	-8.56E-06	-2.60E-05
442	14	0	0	0	0	0	0	232	254	0	-2.37E-05	4.82E-06	-8.56E-06	-2.60E-05
442	15	0	0	0	0	0	0	232	254	0	-2.40E-05	4.28E-06	-1.06E-05	-9.43E-06
442	16	0	0	0	0	0	0	232	254	0	-2.40E-05	4.28E-06	-1.06E-05	-9.43E-06
442	17	0	0	0	0	0	0	232	254	0	-2.38E-05	3.06E-06	-1.13E-05	6.13E-06
442	18	0	0	0	0	0	0	232	254	0	-2.38E-05	3.06E-06	-1.13E-05	6.13E-06
442	19	0	0	0	0	0	0	232	254	0	-2.25E-05	4.22E-06	-1.04E-05	1.93E-05
443	0	0	0	0	0	0	0	232	254	0	-2.25E-05	4.22E-06	-1.04E-05	1.93E-05
443	1	0	0	0	0	0	0	232	254	0	-2.18E-05	3.93E-06	-9.79E-06	8.78E-06
443	2	0	0	0	0	0	0	232	254	0	-2.24E-05	1.46E-06	-6.05E-06	-7.73E-06
443	3	0	0	0	0	0	0	232	254	0	-2.24E-05	1.46E-06	-6.05E-06	-7.73E-06
443	4	0	0	0	0	0	0	232	254	0	-2.31E-05	1.58E-06	-4.40E-06	-3.92E-07
443	5	0	0	0	0	0	0	232	254	0	-2.31E-05	1.58E-06	-4.40E-06	-3.92E-07
443	6	0	0	0	0	0	0	232	254	0	-2.40E-05	4.14E-06	-6.05E-06	7.47E-06
443	7	0	0	0	0	0	0	232	254	0	-2.40E-05	4.14E-06	-6.05E-06	7.47E-06
443	8	0	0	0	0	0	0	232	254	0	-2.50E-05	5.94E-06	-9.05E-06	-4.48E-06
443	9	0	0	0	0	0	0	232	254	0	-2.50E-05	5.94E-06	-9.05E-06	-4.48E-06
443	10	0	0	0	0	0	0	232	254	0	-2.50E-05	7.14E-06	-1.02E-05	-3.84E-06
443	11	0	0	0	0	0	0	232	254	0	-2.53E-05	6.20E-06	-1.20E-05	1.01E-05
443	12	0	0	0	0	0	0	232	254	0	-2.53E-05	6.20E-06	-1.20E-05	1.01E-05
443	13	0	0	0	0	0	0	232	254	0	-2.68E-05	3.23E-06	-1.22E-05	2.09E-05
443	14	0	0	0	0	0	0	232	254	0	-2.68E-05	3.23E-06	-1.22E-05	2.09E-05
443	15	0	0	0	0	0	0	232	254	0	-2.51E-05	2.95E-06	-1.02E-05	2.64E-05
443	16	0	0	0	0	0	0	232	254	0	-2.51E-05	2.95E-06	-1.02E-05	2.64E-05
443	17	0	0	0	0	0	0	232	254	0	-2.31E-05	5.88E-06	-9.81E-06	2.53E-06
443	18	0	0	0	0	0	0	232	254	0	-2.31E-05	5.88E-06	-9.81E-06	2.53E-06
443	19	0	0	0	0	0	0	232	254	0	-2.13E-05	8.86E-06	-1.05E-05	-3.04E-05
444	0	0	0	0	0	0	0	232	254	0	-2.30E-05	9.67E-06	-1.20E-05	-5.12E-05
444	1	0	0	0	0	0	0	232	254	0	-2.30E-05	9.67E-06	-1.20E-05	-5.12E-05
444	2	0	0	0	0	0	0	232	254	0	-1.70E-05	9.52E-06	-1.27E-05	-3.70E-05
444	3	0	0	0	0	0	0	232	254	0	-1.70E-05	9.52E-06	-1.27E-05	-3.70E-05
444	4	0	0	0	0	0	0	232	254	0	-8.79E-06	5.23E-06	-1.30E-05	-7.65E-06
444	5	0	0	0	0	0	0	232	254	0	-8.79E-06	5.23E-06	-1.30E-05	-7.65E-06
444	6	0	0	0	0	0	0	232	254	0	-8.25E-06	3.83E-06	-1.06E-05	4.65E-06
444	7	0	0	0	0	0	0	232	254	0	-8.25E-06	3.83E-06	-1.06E-05	4.65E-06
444	8	0	0	0	0	0	0	232	254	0	-9.06E-06	5.74E-06	-4.66E-06	2.42E-05
444	9	0	0	0	0	0	0	232	254	0	-1.38E-05	7.09E-06	-3.12E-06	1.92E-05
444	10	0	0	0	0	0	0	232	254	0	-1.38E-05	7.09E-06	-3.12E-06	1.92E-05
444	11	0	0	0	0	0	0	232	254	0	-2.05E-05	8.17E-06	-5.83E-07	-1.64E-05
444	12	0	0	0	0	0	0	232	254	0	-2.05E-05	8.17E-06	-5.83E-07	-1.64E-05
444	13	0	0	0	0	0	0	232	254	0	-2.54E-05	7.97E-06	-3.03E-08	-3.36E-05
444	14	0	0	0	0	0	0	232	254	0	-2.54E-05	7.97E-06	-3.03E-08	-3.36E-05
444	15	0	0	0	0	0	0	232	254	0	-2.78E-05	8.52E-06	-5.38E-06	-2.68E-05
444	16	0	0	0	0	0	0	232	254	0	-2.78E-05	8.52E-06	-5.38E-06	-2.68E-05
444	17	0	0	0	0	0	0	232	254	0	-2.85E-05	8.90E-06	-8.74E-06	-2.28E-05
444	18	0	0	0	0	0	0	232	254	0	-2.65E-05	6.67E-06	-1.17E-05	-1.35E-05
444	19	0	0	0	0	0	0	232	254	0	-2.65E-05	6.67E-06	-1.17E-05	-1.35E-05
445	0	0	0	0	0	0	0	232	254	0	-2.08E-05	4.12E-06	-1.26E-05	7.64E-06
445	1	0	0	0	0	0	0	232	254	0	-2.08E-05	4.12E-06	-1.26E-05	7.64E-06
445	2	0	0	0	0	0	0	232	254	0	-1.65E-05	1.95E-06	-1.24E-05	2.58E-05
445	3	0	0	0	0	0	0	232	254	0	-1.65E-05	1.95E-06	-1.24E-05	2.58E-05
445	4	0	0	0	0	0	0	232	254	0	-1.73E-05	2.57E-06	-1.13E-05	3.09E-05
445	5	0	0	0	0	0	0	232	254	0	-1.73E-05	2.57E-06	-1.13E-05	3.09E-05
445	6	0	0	0	0	0	0	232	254	0	-1.53E-05	2.55E-06	-1.28E-05	-3.09E-06
445	7	0	0	0	0	0	0	232	254	0	-1.39E-05	1.61E-06	-1.48E-05	-4.34E-05
445	8	0	0	0	0	0	0	232	254	0	-1.39E-05	1.61E-06	-1.48E-05	-4.34E-05
445	9	0	0	0	0	0	0	232	254	0	-1.49E-05	6.13E-06	-1.44E-05	-5.19E-05
445	10	0	0	0	0	0	0	232	254	0	-1.49E-05	6.13E-06	-1.44E-05	-5.19E-05
445	11	0	0	0	0	0	0	232	254	0	-1.55E-05	7.20E-06	-1.09E-05	-4.41E-05
445	12	0	0	0	0	0	0	232	254	0	-1.55E-05	7.20E-06	-1.09E-05	-4.41E-05
445	13	0	0	0	0	0	0	232	254	0	-1.44E-05	5.20E-06	-8.99E-06	-1.78E-05
445	14	0	0	0	0	0	0	232	254	0	-1.44E-05	5.20E-06	-8.99E-06	-1.78E-05
445	15	0	0	0	0	0	0	232	254	0	-1.57E-05	5.33E-06	-8.30E-06	-1.10E-05
445	16	0	0	0	0	0	0	232	254	0	-1.90E-05	5.71E-06	-6.68E-06	-3.02E-05
445	17	0	0	0	0	0	0	232	254	0	-1.90E-05	5.71E-06	-6.68E-06	-3.02E-05
445	18	0	0	0	0	0	0	232	254	0	-2.53E-05	3.66E-06	-5.90E-06	-4.23E-05
445	19	0	0	0	0	0	0	232	254	0	-2.53E-05	3.66E-06	-5.90E-06	-4.23E-05
446	0	0	0	0	0	0	0	232	254	0	-2.70E-05	2.47E-06	-7.43E-06	-5.81E-05
446	1	0	0	0	0	0	0	232	254	0	-2.70E-05	2.47E-06	-7.43E-06	-5.81E-05
446	2	0	0	0	0	0	0	232	254	0	-2.73E-05	2.00E-06	-5.23E-06	-6.64E-05
446	3	0	0	0	0	0	0	232	254	0	-2.73E-05	2.00E-06	-5.23E-06	-6.64E-05
446	4	0	0	0	0	0	0	232	254	0	-2.84E-05	1.16E-06	-7.17E-06	-4.76E-05
446	5	0	0	0	0	0	0	232	254	0	-2.75E-05	2.40E-06	-6.88E-06	-1.24E-05
446	6	0	0	0	0	0	0	232	254	0	-2.75E-05	2.40E-06	-6.88E-06	-1.24E-05
446	7	0	0	0	0	0	0	232	254	0	-2.62E-05	4.63E-06	-6.83E-06	1.18E-05
446	8	0	0	0	0	0	0	232	254	0	-2.62E-05	4.63E-06	-6.83E-06	1.18E-05
446	9	0	0	0	0	0	0	232	254	0	-2.51E-05	5.46E-06	-6.49E-06	2.50E-05
446	10	0	0	0	0	0	0	232	254	0	-2.51E-05	5.46E-06	-6.49E-06	2.50E-05
446	11	0	0	0	0	0	0	232	254	0	-2.35E-05	6.52E-06	-6.62E-06	2.24E-05
446	12	0	0	0	0	0	0	232	254	0	-2.35E-05	6.52E-06	-6.62E-06	2.24E-05
446	13	0	0	0	0	0	0	232	254	0	-2.26E-05	4.28E-06	-9.15E-06	5.28E-06
446	14	0	0	0	0	0	0	232	254	0	-2.30E-05	2.88E-06	-1.06E-05	-9.90E-06
446	15	0	0	0	0	0	0	232	254	0	-2.30E-05	2.88E-06	-1.06E-05	-9.90E-06
446	16	0	0	0	0	0	0	232	254	0	-2.16E-05	3.20E-06	-1.03E-05	-1.30E-05
446	17	0	0	0	0	0	0	232	254	0	-2.16E-05	3.20E-06	-1.03E-05	-1.30E-05
446	18	0	0	0	0	0	0	232	254	0	-2.04E-05	4.43E-06	-8.61E-06	-8.34E-06
446	19	0	0	0	0	0	0	232	254	0	-2.04E-05	4.43E-06	-8.61E-06	-8.34E-06
447	0	0	0	0	0	0	0	232	254	0	-2.14E-05	5.83E-06	-7.08E-06	-2.83E-07
447	1	0	0	0	0	0	0	232	254	0	-2.14E-05	5.83E-06	-7.08E-06	-2.83E-07
447	2	0	0	0	0	0	0	232	254	0	-2.01E-05	6.83E-06	-7.06E-06	6.80E-06
447	3	0	0	0	0	0	0	232	254	0	-1.87E-05	8.37E-06	-6.36E-06	5.90E-06
447	4	0	0	0	0	0	0	232	254	0	-1.87E-05	8.37E-06	-6.36E-06	5.90E-06
447	5	0	0	0	0	0	0	232	254	0	-1.93E-05	8.17E-06	-7.17E-06	-8.15E-06
447	6	0	0	0	0	0	0	232	254	0	-1.93E-05	8.17E-06	-7.17E-06	-8.15E-06
447	7	0	0	0	0	0	0	232	254	0	-1.94E-05	7.38E-06	-7.14E-06	-1.50E-05
447	8	0	0	0	0	0	0	232	254	0	-1.94E-05	7.38E-06	-7.14E-06	-1.50E-05
447	9	0	0	0	0	0	0	232	254	0	-2.10E-05	4.02E-06	-8.46E-06	-1.97E-05
447	10	0	0	0	0	0	0	232	254	0	-2.10E-05	4.02E-06	-8.46E-06	-1.97E-05
447	11	0	0	0	0	0	0	232	254	0	-2.07E-05	1.23E-06	-8.07E-06	-2.34E-05
447	12	0	0	0	0	0	0	232	254	0	-1.84E-05	1.51E-06	-9.35E-06	-2.53E-05
447	13	0	0	0	0	0	0	232	254	0	-1.84E-05	1.51E-06	-9.35E-06	-2.53E-05
447	14	0	0	0	0	0	0	232	254	0	-1.87E-05	1.77E-06	-1.14E-05	-2.77E-05
447	15	0	0	0	0	0	0	232	254	0	-1.87E-05	1.77E-06	-1.14E-05	-2.77E-05
447	16	0	0	0	0	0	0	232	254	0	-2.10E-05	3.09E-06	-1.38E-05	-2.28E-05
447	17	0	0	0	0	0	0	232	254	0	-2.10E-05	3.09E-06	-1.38E-05	-2.28E-05
447	18	0	0	0	0	0	0	232	254	0	-2.29E-05	2.49E-06	-1.08E-05	-2.05E-05
447	19	0	0	0	0	0	0	232	254	0	-2.29E-05	2.49E-06	-1.08E-05	-2.05E-05
448	0	0	0	0	0	0	0	232	254	0	-2.13E-05	2.43E-06	-8.69E-06	-1.52E-05
448	1	0	0	0	0	0	0	232	254	0	-1.96E-05	3.01E-06	-9.19E-06	1.17E-05
448	2	0	0	0	0	0	0	232	254	0	-1.96E-05	3.01E-06	-9.19E-06	1.17E-05
448	3	0	0	0	0	0	0	232	254	0	-1.97E-05	3.71E-06	-8.65E-06	1.56E-05
448	4	0	0	0	0	0	0	232	254	0	-1.97E-05	3.71E-06	-8.65E-06	1.56E-05
448	5	0	0	0	0	0	0	232	254	0	-2.01E-05	2.39E-06	-1.27E-05	2.14E-06
448	6	0	0	0	0	0	0	232	254	0	-2.01E-05	2.39E-06	-1.27E-05	2.14E-06
448	7	0	0	0	0	0	0	232	254	0	-1.95E-05	-2.70E-07	-1.74E-05	-7.25E-06
448	8	0	0	0	0	0	0	232	254	0	-1.95E-05	-2.70E-07	-1.74E-05	-7.25E-06
448	9	0	0	0	0	0	0	232	254	0	-2.16E-05	-4.55E-07	-1.91E-05	-2.84E-05
448	10	0	0	0	0	0	0	232	254	0	-2.28E-05	2.11E-06	-1.41E-05	-3.49E-05
448	11	0	0	0	0	0	0	232	254	0	-2.28E-05	2.11E-06	-1.41E-05	-3.49E-05
448	12	0	0	0	0	0	0	232	254	0	-2.17E-05	4.84E-06	-6.63E-06	-3.13E-05
448	13	0	0	0	0	0	0	232	254	0	-2.17E-05	4.84E-06	-6.63E-06	-3.13E-05
448	14	0	0	0	0	0	0	232	254	0	-2.16E-05	6.75E-06	-5.25E-06	-3.55E-05
448	15	0	0	0	0	0	0	232	254	0	-2.16E-05	6.75E-06	-5.25E-06	-3.55E-05
448	16	0	0	0	0	0	0	232	254	0	-2.17E-05	7.89E-06	-5.85E-06	-1.66E-05
448	17	0	0	0	0	0	0	232	254	0	-2.17E-05	7.89E-06	-5.85E-06	-1.66E-05
448	18	0	0	0	0	0	0	232	254	0	-2.47E-05	7.79E-06	-7.25E-06	8.96E-06
448	19	0	0	0	0	0	0	232	254	0	-2.57E-05	7.32E-06	-5.56E-06	4.57E-06
449	0	0	0	0	0	0	0	232	254	0	-2.57E-05	7.32E-06	-5.56E-06	4.57E-06
449	1	0	0	0	0	0	0	232	254	0	-2.60E-05	7.97E-06	-5.81E-06	-7.79E-06
449	2	0	0	0	0	0	0	232	254	0	-2.60E-05	7.97E-06	-5.81E-06	-7.79E-06
449	3	0	0	0	0	0	0	232	254	0	-2.56E-05	8.09E-06	-6.61E-06	-1.59E-05
449	4	0	0	0	0	0	0	232	254	0	-2.56E-05	8.09E-06	-6.61E-06	-1.59E-05
449	5	0	0	0	0	0	0	232	254	0	-2.53E-05	5.84E-06	-7.94E-06	-2.08E-05
449	6	0	0	0	0	0	0	232	254	0	-2.53E-05	5.84E-06	-7.94E-06	-2.08E-05
449	7	0	0	0	0	0	0	232	254	0	-2.55E-05	2.65E-06	-8.51E-06	-4.00E-05
449	8	0	0	0	0	0	0	232	254	0	-2.34E-05	1.66E-06	-1.01E-05	-5.25E-05
449	9	0	0	0	0	0	0	232	254	0	-2.34E-05	1.66E-06	-1.01E-05	-5.25E-05
449	10	0	0	0	0	0	0	232	254	0	-1.78E-05	2.77E-06	-9.96E-06	-3.63E-05
449	11	0	0	0	0	0	0	232	254	0	-1.78E-05	2.77E-06	-9.96E-06	-3.63E-05
449	12	0	0	0	0	0	0	232	254	0	-1.51E-05	4.32E-06	-6.24E-06	-1.87E-05
449	13	0	0	0	0	0	0	232	254	0	-1.51E-05	4.32E-06	-6.24E-06	-1.87E-05
449	14	0	0	0	0	0	0	232	254	0	-1.67E-05	5.45E-06	-4.20E-06	-1.62E-06
449	15	0	0	0	0	0	0	232	254	0	-1.67E-05	5.45E-06	-4.20E-06	-1.62E-06
449	16	0	0	0	0	0	0	232	254	0	-1.94E-05	7.29E-06	-2.73E-06	2.82E-07
449	17	0	0	0	0	0	0	232	254	0	-2.20E-05	4.71E-06	-5.58E-06	-5.14E-06
449	18	0	0	0	0	0	0	232	254	0	-2.20E-05	4.71E-06	-5.58E-06	-5.14E-06
449	19	0	0	0	0	0	0	232	254	0	-2.17E-05	3.96E-06	-9.26E-06	3.89E-06
450	0	0	0	0	0	0	0	232	254	0	-2.17E-05	3.96E-06	-9.26E-06	3.89E-06
450	1	0	0	0	0	0	0	232	254	0	-1.81E-05	4.38E-06	-6.89E-06	1.29E-05
450	2	0	0	0	0	0	0	232	254	0	-1.81E-05	4.38E-06	-6.89E-06	1.29E-05
450	3	0	0	0	0	0	0	232	254	0	-1.64E-05	3.83E-06	-3.65E-06	2.52E-05
450	4	0	0	0	0	0	0	232	254	0	-1.64E-05	3.83E-06	-3.65E-06	2.52E-05
450	5	0	0	0	0	0	0	232	254	0	-1.72E-05	5.87E-06	-6.95E-06	1.96E-05
450	6	0	0	0	0	0	0	232	254	0	-1.83E-05	7.67E-06	-1.13E-05	1.18E-05
450	7	0	0	0	0	0	0	232	254	0	-1.83E-05	7.67E-06	-1.13E-05	1.18E-05
450	8	0	0	0	0	0	0	232	254	0	-1.90E-05	7.46E-06	-1.24E-05	3.53E-06
450	9	0	0	0	0	0	0	232	254	0	-1.90E-05	7.46E-06	-1.24E-05	3.53E-06
450	10	0	0	0	0	0	0	232	254	0	-2.16E-05	7.68E-06	-1.14E-05	-9.38E-06
450	11	0	0	0	0	0	0	232	254	0	-2.16E-05	7.68E-06	-1.14E-05	-9.38E-06
450	12	0	0	0	0	0	0	232	254	0	-2.38E-05	6.49E-06	-1.17E-05	-1.31E-05
450	13	0	0	0	0	0	0	232	254	0	-2.38E-05	6.49E-06	-1.17E-05	-1.31E-05
450	14	0	0	0	0	0	0	232	254	0	-2.16E-05	6.11E-06	-1.23E-05	-6.69E-06
450	15	0	0	0	0	0	0	232	254	0	-2.14E-05	6.05E-06	-1.08E-05	-9.70E-07
450	16	0	0	0	0	0	0	232	254	0	-2.14E-05	6.05E-06	-1.08E-05	-9.70E-07
450	17	0	0	0	0	0	0	232	254	0	-2.39E-05	8.82E-06	-9.85E-06	-2.36E-05
450	18	0	0	0	0	0	0	232	254	0	-2.39E-05	8.82E-06	-9.85E-06	-2.36E-05
450	19	0	0	0	0	0	0	232	254	0	-2.49E-05	8.26E-06	-9.80E-06	-6.41E-05
451	0	0	0	0	0	0	0	232	254	0	-2.49E-05	8.26E-06	-9.80E-06	-6.41E-05
451	1	0	0	0	0	0	0	232	254	0	-2.40E-05	7.40E-06	-1.13E-05	-6.65E-05
451	2	0	0	0	0	0	0	232	254	0	-2.40E-05	7.40E-06	-1.13E-05	-6.65E-05
451	3	0	0	0	0	0	0	232	254	0	-2.43E-05	6.29E-06	-1.22E-05	-2.73E-05
451	4	0	0	0	0	0	0	232	254	0	-2.59E-05	5.12E-06	-1.16E-05	4.35E-06
451	5	0	0	0	0	0	0	232	254	0	-2.59E-05	5.12E-06	-1.16E-05	4.35E-06
451	6	0	0	0	0	0	0	232	254	0	-2.42E-05	6.85E-06	-1.16E-05	2.13E-05
451	7	0	0	0	0	0	0	232	254	0	-2.42E-05	6.85E-06	-1.16E-05	2.13E-05
451	8	0	0	0	0	0	0	232	254	0	-1.95E-05	8.23E-06	-1.18E-05	1.46E-05
451	9	0	0	0	0	0	0	232	254	0	-1.95E-05	8.23E-06	-1.18E-05	1.46E-05
451	10	0	0	0	0	0	0	232	254	0	-1.69E-05	6.30E-06	-1.07E-05	-2.89E-06
451	11	0	0	0	0	0	0	232	254	0	-1.69E-05	6.30E-06	-1.07E-05	-2.89E-06
451	12	0	0	0	0	0	0	232	254	0	-1.63E-05	5.62E-06	-9.44E-06	-7.80E-06
451	13	0	0	0	0	0	0	232	254	0	-1.69E-05	4.04E-06	-1.06E-05	-6.28E-06
451	14	0	0	0	0	0	0	232	254	0	-1.69E-05	4.04E-06	-1.06E-05	-6.28E-06
451	15	0	0	0	0	0	0	232	254	0	-1.82E-05	3.14E-06	-1.05E-05	4.10E-06
451	16	0	0	0	0	0	0	232	254	0	-1.82E-05	3.14E-06	-1.05E-05	4.10E-06
451	17	0	0	0	0	0	0	232	254	0	-1.78E-05	3.11E-06	-7.53E-06	-3.88E-08
451	18	0	0	0	0	0	0	232	254	0	-1.78E-05	3.11E-06	-7.53E-06	-3.88E-08
451	19	0	0	0	0	0	0	232	254	0	-1.92E-05	4.43E-06	-3.62E-06	-9.64E-06
452	0	0	0	0	0	0	0	232	254	0	-1.92E-05	4.43E-06	-3.62E-06	-9.64E-06
452	1	0	0	0	0	0	0	232	254	0	-2.04E-05	3.30E-06	-3.75E-06	-1.05E-05
452	2	0	0	0	0	0	0	232	254	0	-2.03E-05	9.10E-08	-7.27E-06	-1.49E-05
452	3	0	0	0	0	0	0	232	254	0	-2.03E-05	9.10E-08	-7.27E-06	-1.49E-05
452	4	0	0	0	0	0	0	232	254	0	-1.83E-05	-1.56E-07	-9.27E-06	-2.53E-05
452	5	0	0	0	0	0	0	232	254	0	-1.83E-05	-1.56E-07	-9.27E-06	-2.53E-05
452	6	0	0	0	0	0	0	232	254	0	-1.87E-05	7.37E-07	-8.53E-06	-2.68E-05
452	7	0	0	0	0	0	0	232	254	0	-1.87E-05	7.37E-07	-8.53E-06	-2.68E-05
452	8	0	0	0	0	0	0	232	254	0	-1.92E-05	-2.93E-07	-8.57E-06	-2.57E-05
452	9	0	0	0	0	0	0	232	254	0	-1.92E-05	-2.93E-07	-8.57E-06	-2.57E-05
452	10	0	0	0	0	0	0	232	254	0	-1.91E-05	-2.44E-06	-9.93E-06	-2.60E-05
452	11	0	0	0	0	0	0	232	254	0	-2.20E-05	-3.22E-07	-1.21E-05	-2.28E-05
452	12	0	0	0	0	0	0	232	254	0	-2.20E-05	-3.22E-07	-1.21E-05	-2.28E-05
452	13	0	0	0	0	0	0	232	254	0	-2.38E-05	-1.33E-06	-1.30E-05	-2.20E-05
452	14	0	0	0	0	0	0	232	254	0	-2.38E-05	-1.33E-06	-1.30E-05	-2.20E-05
452	15	0	0	0	0	0	0	232	254	0	-2.37E-05	-2.23E-06	-1.22E-05	-2.26E-05
452	16	0	0	0	0	0	0	232	254	0	-2.37E-05	-2.23E-06	-1.22E-05	-2.26E-05
452	17	0	0	0	0	0	0	232	254	0	-2.33E-05	-2.57E-06	-1.00E-05	-2.58E-05
452	18	0	0	0	0	0	0	232	254	0	-2.33E-05	-2.57E-06	-1.00E-05	-2.58E-05
452	19	0	0	0	0	0	0	232	254	0	-2.08E-05	-2.55E-06	-8.61E-06	-2.45E-05
453	0	0	0	0	0	0	0	232	254	0	-1.87E-05	-5.32E-07	-6.36E-06	-2.36E-05
453	1	0	0	0	0	0	0	232	254	0	-1.87E-05	-5.32E-07	-6.36E-06	-2.36E-05
453	2	0	0	0	0	0	0	232	254	0	-1.70E-05	1.76E-06	-3.03E-06	-2.10E-05
453	3	0	0	0	0	0	0	232	254	0	-1.70E-05	1.76E-06	-3.03E-06	-2.10E-05
453	4	0	0	0	0	0	0	232	254	0	-1.65E-05	5.16E-06	-6.87E-06	-9.29E-06
453	5	0	0	0	0	0	0	232	254	0	-1.65E-05	5.16E-06	-6.87E-06	-9.29E-06
453	6	0	0	0	0	0	0	232	254	0	-1.79E-05	5.72E-06	-1.32E-05	-7.41E-06
453	7	0	0	0	0	0	0	232	254	0	-1.79E-05	5.72E-06	-1.32E-05	-7.41E-06
453	8	0	0	0	0	0	0	232	254	0	-1.98E-05	4.97E-06	-1.75E-05	-1.69E-05
453	9	0	0	0	0	0	0	232	254	0	-2.14E-05	6.15E-06	-1.67E-05	-2.20E-05
453	10	0	0	0	0	0	0	232	254	0	-2.14E-05	6.15E-06	-1.67E-05	-2.20E-05
453	11	0	0	0	0	0	0	232	254	0	-1.98E-05	9.46E-06	-1.54E-05	-1.98E-05
453	12	0	0	0	0	0	0	232	254	0	-1.98E-05	9.46E-06	-1.54E-05	-1.98E-05
453	13	0	0	0	0	0	0	232	254	0	-1.92E-05	8.64E-06	-1.51E-05	-1.64E-05
453	14	0	0	0	0	0	0	232	254	0	-1.92E-05	8.64E-06	-1.51E-05	-1.64E-05
453	15	0	0	0	0	0	0	232	254	0	-2.07E-05	7.60E-06	-1.23E-05	-1.33E-05
453	16	0	0	0	0	0	0	232	254	0	-2.07E-05	7.60E-06	-1.23E-05	-1.33E-05
453	17	0	0	0	0	0	0	232	254	0	-2.29E-05	1.05E-05	-6.65E-06	-1.41E-05
453	18	0	0	0	0	0	0	232	254	0	-2.20E-05	1.49E-05	-3.73E-06	-1.57E-05
453	19	0	0	0	0	0	0	232	254	0	-2.20E-05	1.49E-05	-3.73E-06	-1.57E-05
454	0	0	0	0	0	0	0	232	254	0	-2.11E-05	1.44E-05	-5.38E-06	-1.29E-05
454	1	0	0	0	0	0	0	232	254	0	-2.11E-05	1.44E-05	-5.38E-06	-1.29E-05
454	2	0	0	0	0	0	0	232	254	0	-2.74E-05	1.11E-05	-8.87E-06	-1.39E-05
454	3	0	0	0	0	0	0	232	254	0	-2.74E-05	1.11E-05	-8.87E-06	-1.39E-05
454	4	0	0	0	0	0	0	232	254	0	-3.29E-05	8.61E-06	-1.25E-05	-8.98E-06
454	5	0	0	0	0	0	0	232	254	0	-3.29E-05	8.61E-06	-1.25E-05	-8.98E-06
454	6	0	0	0	0	0	0	232	254	0	-3.12E-05	8.64E-06	-1.30E-05	-6.04E-06
454	7	0	0	0	0	0	0	232	254	0	-2.81E-05	7.14E-06	-1.11E-05	-2.05E-05
454	8	0	0	0	0	0	0	232	254	0	-2.81E-05	7.14E-06	-1.11E-05	-2.05E-05
454	9	0	0	0	0	0	0	232	254	0	-2.54E-05	6.43E-06	-1.03E-05	-3.42E-05
454	10	0	0	0	0	0	0	232	254	0	-2.54E-05	6.43E-06	-1.03E-05	-3.42E-05
454	11	0	0	0	0	0	0	232	254	0	-2.14E-05	4.35E-06	-1.01E-05	-3.37E-05
454	12	0	0	0	0	0	0	232	254	0	-2.14E-05	4.35E-06	-1.01E-05	-3.37E-05
454	13	0	0	0	0	0	0	232	254	0	-1.94E-05	1.61E-06	-7.87E-06	-1.41E-05
454	14	0	0	0	0	0	0	232	254	0	-1.94E-05	1.61E-06	-7.87E-06	-1.41E-05
454	15	0	0	0	0	0	0	232	254	0	-1.61E-05	2.34E-06	-5.87E-06	1.58E-06
454	16	0	0	0	0	0	0	232	254	0	-1.01E-05	3.16E-06	-6.08E-06	1.15E-05
454	17	0	0	0	0	0	0	232	254	0	-1.01E-05	3.16E-06	-6.08E-06	1.15E-05
454	18	0	0	0	0	0	0	232	254	0	-7.53E-06	3.33E-06	-7.37E-06	1.11E-05
454	19	0	0	0	0	0	0	232	254	0	-7.53E-06	3.33E-06	-7.37E-06	1.11E-05
455	0	0	0	0	0	0	0	232	254	0	-9.51E-06	4.91E-06	-8.63E-06	7.18E-07
455	1	0	0	0	0	0	0	232	254	0	-9.51E-06	4.91E-06	-8.63E-06	7.18E-07
455	2	0	0	0	0	0	0	232	254	0	-1.15E-05	4.09E-06	-1.09E-05	-4.80E-06
455	3	0	0	0	0	0	0	232	254	0	-1.15E-05	4.09E-06	-1.09E-05	-4.80E-06
455	4	0	0	0	0	0	0	232	254	0	-1.40E-05	3.50E-06	-1.04E-05	-8.18E-08
455	5	0	0	0	0	0	0	232	254	0	-1.60E-05	3.00E-06	-8.95E-06	2.27E-06
455	6	0	0	0	0	0	0	232	254	0	-1.60E-05	3.00E-06	-8.95E-06	2.27E-06
455	7	0	0	0	0	0	0	232	254	0	-1.89E-05	1.01E-06	-5.18E-06	-3.88E-06
455	8	0	0	0	0	0	0	232	254	0	-1.89E-05	1.01E-06	-5.18E-06	-3.88E-06
455	9	0	0	0	0	0	0	232	254	0	-2.26E-05	1.34E-06	-3.04E-06	-9.52E-06
455	10	0	0	0	0	0	0	232	254	0	-2.26E-05	1.34E-06	-3.04E-06	-9.52E-06
455	11	0	0	0	0	0	0	232	254	0	-2.26E-05	3.29E-06	-2.49E-06	-9.62E-06
455	12	0	0	0	0	0	0	232	254	0	-2.26E-05	3.29E-06	-2.49E-06	-9.62E-06
455	13	0	0	0	0	0	0	232	254	0	-2.04E-05	3.66E-06	-4.58E-06	-1.19E-05
455	14	0	0	0	0	0	0	232	254	0	-2.07E-05	2.62E-06	-7.36E-06	-1.24E-05
455	15	0	0	0	0	0	0	232	254	0	-2.07E-05	2.62E-06	-7.36E-06	-1.24E-05
455	16	0	0	0	0	0	0	232	254	0	-2.11E-05	3.39E-06	-1.08E-05	-1.25E-05
455	17	0	0	0	0	0	0	232	254	0	-2.11E-05	3.39E-06	-1.08E-05	-1.25E-05
455	18	0	0	0	0	0	0	232	254	0	-1.98E-05	4.22E-06	-9.38E-06	-1.31E-05
455	19	0	0	0	0	0	0	232	254	0	-1.98E-05	4.22E-06	-9.38E-06	-1.31E-05
456	0	0	0	0	0	0	0	232	254	0	-1.97E-05	2.57E-06	-5.33E-06	-1.31E-05
456	1	0	0	0	0	0	0	232	254	0	-1.97E-05	2.57E-06	-5.33E-06	-1.31E-05
456	2	0	0	0	0	0	0	232	254	0	-2.02E-05	3.01E-06	-4.76E-06	-1.24E-05
456	3	0	0	0	0	0	0	232	254	0	-2.18E-05	4.07E-06	-8.04E-06	-1.37E-05
456	4	0	0	0	0	0	0	232	254	0	-2.18E-05	4.07E-06	-8.04E-06	-1.37E-05
456	5	0	0	0	0	0	0	232	254	0	-2.51E-05	5.15E-06	-9.10E-06	-1.92E-05
456	6	0	0	0	0	0	0	232	254	0	-2.51E-05	5.15E-06	-9.10E-06	-1.92E-05
456	7	0	0	0	0	0	0	232	254	0	-2.77E-05	4.46E-06	-1.05E-05	-2.37E-05
456	8	0	0	0	0	0	0	232	254	0	-2.77E-05	4.46E-06	-1.05E-05	-2.37E-05
456	9	0	0	0	0	0	0	232	254	0	-2.88E-05	1.93E-06	-1.19E-05	-1.98E-05
456	10	0	0	0	0	0	0	232	254	0	-2.88E-05	1.93E-06	-1.19E-05	-1.98E-05
456	11	0	0	0	0	0	0	232	254	0	-2.58E-05	2.98E-07	-1.18E-05	-1.62E-05
456	12	0	0	0	0	0	0	232	254	0	-2.61E-05	-7.88E-07	-1.12E-05	-1.02E-05
456	13	0	0	0	0	0	0	232	254	0	-2.61E-05	-7.88E-07	-1.12E-05	-1.02E-05
456	14	0	0	0	0	0	0	232	254	0	-2.82E-05	-4.15E-08	-1.13E-05	-3.37E-06
456	15	0	0	0	0	0	0	232	254	0	-2.82E-05	-4.15E-08	-1.13E-05	-3.37E-06
456	16	0	0	0	0	0	0	232	254	0	-2.58E-05	3.31E-06	-8.61E-06	-2.47E-06
456	17	0	0	0	0	0	0	232	254	0	-2.58E-05	3.31E-06	-8.61E-06	-2.47E-06
456	18	0	0	0	0	0	0	232	254	0	-1.62E-05	7.59E-06	-7.13E-06	-3.90E-06
456	19	0	0	0	0	0	0	232	254	0	-1.62E-05	7.59E-06	-7.13E-06	-3.90E-06
457	0	0	0	0	0	0	0	232	254	0	-1.18E-05	6.39E-06	-7.96E-06	-1.41E-05
457	1	0	0	0	0	0	0	232	254	0	-1.15E-05	3.62E-06	-1.04E-05	-1.69E-05
457	2	0	0	0	0	0	0	232	254	0	-1.15E-05	3.62E-06	-1.04E-05	-1.69E-05
457	3	0	0	0	0	0	0	232	254	0	-1.57E-05	3.57E-06	-1.12E-05	-1.15E-05
457	4	0	0	0	0	0	0	232	254	0	-1.57E-05	3.57E-06	-1.12E-05	-1.15E-05
457	5	0	0	0	0	0	0	232	254	0	-2.03E-05	6.04E-06	-9.05E-06	-1.36E-05
457	6	0	0	0	0	0	0	232	254	0	-2.03E-05	6.04E-06	-9.05E-06	-1.36E-05
457	7	0	0	0	0	0	0	232	254	0	-2.23E-05	7.89E-06	-9.90E-06	-1.73E-05
457	8	0	0	0	0	0	0	232	254	0	-2.23E-05	7.89E-06	-9.90E-06	-1.73E-05
457	9	0	0	0	0	0	0	232	254	0	-2.44E-05	7.89E-06	-9.85E-06	-1.45E-05
457	10	0	0	0	0	0	0	232	254	0	-2.66E-05	7.68E-06	-9.70E-06	-9.85E-06
457	11	0	0	0	0	0	0	232	254	0	-2.66E-05	7.68E-06	-9.70E-06	-9.85E-06
457	12	0	0	0	0	0	0	232	254	0	-2.78E-05	6.19E-06	-1.02E-05	-7.95E-06
457	13	0	0	0	0	0	0	232	254	0	-2.78E-05	6.19E-06	-1.02E-05	-7.95E-06
457	14	0	0	0	0	0	0	232	254	0	-2.77E-05	4.30E-06	-9.10E-06	-1.00E-05
457	15	0	0	0	0	0	0	232	254	0	-2.77E-05	4.30E-06	-9.10E-06	-1.00E-05
457	16	0	0	0	0	0	0	232	254	0	-2.73E-05	5.02E-06	-1.04E-05	-1.50E-05
457	17	0	0	0	0	0	0	232	254	0	-2.73E-05	5.02E-06	-1.04E-05	-1.50E-05
457	18	0	0	0	0	0	0	232	254	0	-2.47E-05	5.72E-06	-1.07E-05	-1.78E-05
457	19	0	0	0	0	0	0	232	254	0	-2.25E-05	4.84E-06	-7.71E-06	-1.60E-05
458	0	0	0	0	0	0	0	232	254	0	-2.25E-05	4.84E-06	-7.71E-06	-1.60E-05
458	1	0	0	0	0	0	0	232	254	0	-2.17E-05	4.67E-06	-6.95E-06	-1.46E-05
458	2	0	0	0	0	0	0	232	254	0	-2.17E-05	4.67E-06	-6.95E-06	-1.46E-05
458	3	0	0	0	0	0	0	232	254	0	-2.17E-05	4.38E-06	-8.22E-06	-1.64E-05
458	4	0	0	0	0	0	0	232	254	0	-2.17E-05	4.38E-06	-8.22E-06	-1.64E-05
458	5	0	0	0	0	0	0	232	254	0	-2.17E-05	3.50E-06	-8.43E-06	-1.57E-05
458	6	0	0	0	0	0	0	232	254	0	-2.17E-05	3.50E-06	-8.43E-06	-1.57E-05
458	7	0	0	0	0	0	0	232	254	0	-2.19E-05	3.64E-06	-9.67E-06	-1.45E-05
458	8	0	0	0	0	0	0	232	254	0	-2.28E-05	5.25E-06	-1.03E-05	-1.54E-05
458	9	0	0	0	0	0	0	232	254	0	-2.28E-05	5.25E-06	-1.03E-05	-1.54E-05
458	10	0	0	0	0	0	0	232	254	0	-2.14E-05	5.39E-06	-1.12E-05	-1.41E-05
458	11	0	0	0	0	0	0	232	254	0	-2.14E-05	5.39E-06	-1.12E-05	-1.41E-05
458	12	0	0	0	0	0	0	232	254	0	-1.97E-05	4.74E-06	-1.23E-05	-1.26E-05
458	13	0	0	0	0	0	0	232	254	0	-1.97E-05	4.74E-06	-1.23E-05	-1.26E-05
458	14	0	0	0	0	0	0	232	254	0	-1.89E-05	5.82E-06	-1.05E-05	-1.70E-05
458	15	0	0	0	0	0	0	232	254	0	-1.89E-05	5.82E-06	-1.05E-05	-1.70E-05
458	16	0	0	0	0	0	0	232	254	0	-1.88E-05	5.41E-06	-1.10E-05	-1.80E-05
458	17	0	0	0	0	0	0	232	254	0	-2.02E-05	4.73E-06	-1.09E-05	-1.23E-05
458	18	0	0	0	0	0	0	232	254	0	-2.02E-05	4.73E-06	-1.09E-05	-1.23E-05
458	19	0	0	0	0	0	0	232	254	0	-2.10E-05	5.02E-06	-9.20E-06	-1.11E-05
459	0	0	0	0	0	0	0	232	254	0	-2.10E-05	5.02E-06	-9.20E-06	-1.11E-05
459	1	0	0	0	0	0	0	232	254	0	-2.00E-05	5.72E-06	-1.11E-05	-1.16E-05
459	2	0	0	0	0	0	0	232	254	0	-2.00E-05	5.72E-06	-1.11E-05	-1.16E-05
459	3	0	0	0	0	0	0	232	254	0	-2.04E-05	4.48E-06	-1.27E-05	-9.71E-06
459	4	0	0	0	0	0	0	232	254	0	-2.04E-05	4.48E-06	-1.27E-05	-9.71E-06
459	5	0	0	0	0	0	0	232	254	0	-2.06E-05	1.96E-06	-1.43E-05	-9.36E-06
459	6	0	0	0	0	0	0	232	254	0	-2.02E-05	-2.71E-07	-1.54E-05	-7.87E-06
459	7	0	0	0	0	0	0	232	254	0	-2.02E-05	-2.71E-07	-1.54E-05	-7.87E-06
459	8	0	0	0	0	0	0	232	254	0	-1.89E-05	-6.85E-07	-1.27E-05	-6.72E-06
459	9	0	0	0	0	0	0	232	254	0	-1.89E-05	-6.85E-07	-1.27E-05	-6.72E-06
459	10	0	0	0	0	0	0	232	254	0	-1.89E-05	1.94E-07	-6.36E-06	-1.27E-05
459	11	0	0	0	0	0	0	232	254	0	-1.89E-05	1.94E-07	-6.36E-06	-1.27E-05
459	12	0	0	0	0	0	0	232	254	0	-2.04E-05	3.61E-07	-7.78E-06	-1.95E-05
459	13	0	0	0	0	0	0	232	254	0	-2.04E-05	3.61E-07	-7.78E-06	-1.95E-05
459	14	0	0	0	0	0	0	232	254	0	-2.04E-05	4.78E-07	-1.14E-05	-1.55E-05
459	15	0	0	0	0	0	0	232	254	0	-1.81E-05	6.44E-07	-1.38E-05	-8.98E-06
459	16	0	0	0	0	0	0	232	254	0	-1.81E-05	6.44E-07	-1.38E-05	-8.98E-06
459	17	0	0	0	0	0	0	232	254	0	-1.78E-05	2.79E-06	-1.18E-05	-5.73E-06
459	18	0	0	0	0	0	0	232	254	0	-1.78E-05	2.79E-06	-1.18E-05	-5.73E-06
459	19	0	0	0	0	0	0	232	254	0	-2.02E-05	5.36E-06	-9.90E-06	-5.52E-06
460	0	0	0	0	0	0	0	232	254	0	-2.02E-05	5.36E-06	-9.90E-06	-5.52E-06
460	1	0	0	0	0	0	0	232	254	0	-1.98E-05	6.26E-06	-1.16E-05	-3.47E-06
460	2	0	0	0	0	0	0	232	254	0	-1.98E-05	6.26E-06	-1.16E-05	-3.47E-06
460	3	0	0	0	0	0	0	232	254	0	-2.09E-05	6.75E-06	-1.04E-05	-4.58E-06
460	4	0	0	0	0	0	0	232	254	0	-1.99E-05	7.84E-06	-7.94E-06	-1.37E-05
460	5	0	0	0	0	0	0	232	254	0	-1.99E-05	7.84E-06	-7.94E-06	-1.37E-05
460	6	0	0	0	0	0	0	232	254	0	-1.84E-05	7.24E-06	-9.99E-06	-2.29E-05
460	7	0	0	0	0	0	0	232	254	0	-1.84E-05	7.24E-06	-9.99E-06	-2.29E-05
460	8	0	0	0	0	0	0	232	254	0	-1.93E-05	5.69E-06	-9.11E-06	-2.69E-05
460	9	0	0	0	0	0	0	232	254	0	-1.93E-05	5.69E-06	-9.11E-06	-2.69E-05
460	10	0	0	0	0	0	0	232	254	0	-2.10E-05	6.96E-06	-6.98E-06	-2.17E-05
460	11	0	0	0	0	0	0	232	254	0	-2.10E-05	6.96E-06	-6.98E-06	-2.17E-05
460	12	0	0	0	0	0	0	232	254	0	-2.13E-05	9.18E-06	-9.78E-06	-1.83E-05
460	13	0	0	0	0	0	0	232	254	0	-2.14E-05	8.72E-06	-1.09E-05	-1.80E-05
460	14	0	0	0	0	0	0	232	254	0	-2.14E-05	8.72E-06	-1.09E-05	-1.80E-05
460	15	0	0	0	0	0	0	232	254	0	-2.17E-05	7.34E-06	-5.04E-06	-1.96E-05
460	16	0	0	0	0	0	0	232	254	0	-2.17E-05	7.34E-06	-5.04E-06	-1.96E-05
460	17	0	0	0	0	0	0	232	254	0	-2.12E-05	5.15E-06	-3.75E-06	-1.42E-05
460	18	0	0	0	0	0	0	232	254	0	-2.12E-05	5.15E-06	-3.75E-06	-1.42E-05
460	19	0	0	0	0	0	0	232	254	0	-2.05E-05	5.02E-06	-6.83E-06	-5.75E-06
461	0	0	0	0	0	0	0	232	254	0	-2.05E-05	5.02E-06	-6.83E-06	-5.75E-06
461	1	0	0	0	0	0	0	232	254	0	-2.05E-05	5.98E-06	-6.39E-06	-3.96E-06
461	2	0	0	0	0	0	0	232	254	0	-1.92E-05	6.24E-06	-5.98E-06	-7.92E-06
461	3	0	0	0	0	0	0	232	254	0	-1.92E-05	6.24E-06	-5.98E-06	-7.92E-06
461	4	0	0	0	0	0	0	232	254	0	-2.07E-05	4.12E-06	-8.57E-06	-6.16E-06
461	5	0	0	0	0	0	0	232	254	0	-2.07E-05	4.12E-06	-8.57E-06	-6.16E-06
461	6	0	0	0	0	0	0	232	254	0	-2.12E-05	1.82E-06	-9.41E-06	-5.87E-06
461	7	0	0	0	0	0	0	232	254	0	-2.12E-05	1.82E-06	-9.41E-06	-5.87E-06
461	8	0	0	0	0	0	0	232	254	0	-2.02E-05	1.50E-06	-8.41E-06	-6.26E-06
461	9	0	0	0	0	0	0	232	254	0	-2.02E-05	1.50E-06	-8.41E-06	-6.26E-06
461	10	0	0	0	0	0	0	232	254	0	-1.98E-05	9.24E-08	-7.50E-06	-8.98E-06
461	11	0	0	0	0	0	0	232	254	0	-2.05E-05	-1.80E-06	-7.63E-06	-1.33E-05
461	12	0	0	0	0	0	0	232	254	0	-2.05E-05	-1.80E-06	-7.63E-06	-1.33E-05
461	13	0	0	0	0	0	0	232	254	0	-1.97E-05	3.10E-07	-1.05E-05	-2.01E-05
461	14	0	0	0	0	0	0	232	254	0	-1.97E-05	3.10E-07	-1.05E-05	-2.01E-05
461	15	0	0	0	0	0	0	232	254	0	-1.89E-05	7.07E-07	-1.34E-05	-2.41E-05
461	16	0	0	0	0	0	0	232	254	0	-1.89E-05	7.07E-07	-1.34E-05	-2.41E-05
461	17	0	0	0	0	0	0	232	254	0	-1.80E-05	4.08E-06	-1.24E-05	-1.98E-05
461	18	0	0	0	0	0	0	232	254	0	-1.80E-05	4.08E-06	-1.24E-05	-1.98E-05
461	19	0	0	0	0	0	0	232	254	0	-2.05E-05	5.85E-06	-1.25E-05	-1.44E-05
462	0	0	0	0	0	0	0	232	254	0	-2.17E-05	3.45E-06	-7.95E-06	-1.13E-05
462	1	0	0	0	0	0	0	232	254	0	-2.17E-05	3.45E-06	-7.95E-06	-1.13E-05
462	2	0	0	0	0	0	0	232	254	0	-2.22E-05	1.17E-06	-9.42E-07	-8.02E-06
462	3	0	0	0	0	0	0	232	254	0	-2.22E-05	1.17E-06	-9.42E-07	-8.02E-06
462	4	0	0	0	0	0	0	232	254	0	-2.26E-05	1.10E-06	-2.26E-06	2.46E-07
462	5	0	0	0	0	0	0	232	254	0	-2.26E-05	1.10E-06	-2.26E-06	2.46E-07
462	6	0	0	0	0	0	0	232	254	0	-2.25E-05	6.46E-07	-7.28E-06	-2.36E-06
462	7	0	0	0	0	0	0	232	254	0	-2.25E-05	6.46E-07	-7.28E-06	-2.36E-06
462	8	0	0	0	0	0	0	232	254	0	-2.25E-05	5.55E-07	-1.23E-05	-8.90E-06
462	9	0	0	0	0	0	0	232	254	0	-2.16E-05	9.42E-07	-1.17E-05	-6.53E-06
462	10	0	0	0	0	0	0	232	254	0	-2.16E-05	9.42E-07	-1.17E-05	-6.53E-06
462	11	0	0	0	0	0	0	232	254	0	-2.05E-05	1.95E-06	-5.62E-06	3.69E-06
462	12	0	0	0	0	0	0	232	254	0	-2.05E-05	1.95E-06	-5.62E-06	3.69E-06
462	13	0	0	0	0	0	0	232	254	0	-2.06E-05	4.47E-06	-6.12E-06	-1.61E-05
462	14	0	0	0	0	0	0	232	254	0	-2.06E-05	4.47E-06	-6.12E-06	-1.61E-05
462	15	0	0	0	0	0	0	232	254	0	-2.02E-05	5.01E-06	-6.80E-06	-3.72E-05
462	16	0	0	0	0	0	0	232	254	0	-2.02E-05	5.01E-06	-6.80E-06	-3.72E-05
462	17	0	0	0	0	0	0	232	254	0	-1.94E-05	4.58E-06	-8.48E-06	-2.93E-05
462	18	0	0	0	0	0	0	232	254	0	-2.18E-05	3.10E-06	-9.23E-06	-1.09E-05
462	19	0	0	0	0	0	0	232	254	0	-2.18E-05	3.10E-06	-9.23E-06	-1.09E-05
463	0	0	0	0	0	0	0	232	254	0	-2.23E-05	3.83E-06	-5.67E-06	-4.55E-06
463	1	0	0	0	0	0	0	232	254	0	-2.23E-05	3.83E-06	-5.67E-06	-4.55E-06
463	2	0	0	0	0	0	0	232	254	0	-2.21E-05	5.49E-06	-6.61E-06	-9.83E-06
463	3	0	0	0	0	0	0	232	254	0	-2.21E-05	5.49E-06	-6.61E-06	-9.83E-06
463	4	0	0	0	0	0	0	232	254	0	-2.09E-05	5.10E-06	-8.15E-06	-6.81E-06
463	5	0	0	0	0	0	0	232	254	0	-2.09E-05	5.10E-06	-8.15E-06	-6.81E-06
463	6	0	0	0	0	0	0	232	254	0	-2.01E-05	4.38E-06	-9.98E-06	-3.43E-06
463	7	0	0	0	0	0	0	232	254	0	-1.90E-05	3.83E-06	-1.23E-05	-8.27E-06
463	8	0	0	0	0	0	0	232	254	0	-1.90E-05	3.83E-06	-1.23E-05	-8.27E-06
463	9	0	0	0	0	0	0	232	254	0	-1.90E-05	6.00E-06	-1.21E-05	-1.25E-05
463	10	0	0	0	0	0	0	232	254	0	-1.90E-05	6.00E-06	-1.21E-05	-1.25E-05
463	11	0	0	0	0	0	0	232	254	0	-1.95E-05	8.66E-06	-9.49E-06	-1.33E-05
463	12	0	0	0	0	0	0	232	254	0	-1.95E-05	8.66E-06	-9.49E-06	-1.33E-05
463	13	0	0	0	0	0	0	232	254	0	-2.09E-05	9.21E-06	-9.42E-06	-1.14E-05
463	14	0	0	0	0	0	0	232	254	0	-2.09E-05	9.21E-06	-9.42E-06	-1.14E-05
463	15	0	0	0	0	0	0	232	254	0	-2.21E-05	8.94E-06	-1.13E-05	-1.08E-05
463	16	0	0	0	0	0	0	232	254	0	-2.27E-05	8.28E-06	-1.08E-05	-1.39E-05
463	17	0	0	0	0	0	0	232	254	0	-2.27E-05	8.28E-06	-1.08E-05	-1.39E-05
463	18	0	0	0	0	0	0	232	254	0	-2.29E-05	8.74E-06	-9.98E-06	-1.56E-05
463	19	0	0	0	0	0	0	232	254	0	-2.29E-05	8.74E-06	-9.98E-06	-1.56E-05
464	0	0	0	0	0	0	0	232	254	0	-2.22E-05	9.50E-06	-9.97E-06	-1.45E-05
464	1	0	0	0	0	0	0	232	254	0	-2.22E-05	9.50E-06	-9.97E-06	-1.45E-05
464	2	0	0	0	0	0	0	232	254	0	-2.25E-05	8.22E-06	-7.48E-06	-1.51E-05
464	3	0	0	0	0	0	0	232	254	0	-2.25E-05	8.22E-06	-7.48E-06	-1.51E-05
464	4	0	0	0	0	0	0	232	254	0	-2.31E-05	8.28E-06	-7.54E-06	-1.56E-05
464	5	0	0	0	0	0	0	232	254	0	-2.23E-05	8.46E-06	-1.04E-05	-1.45E-05
464	6	0	0	0	0	0	0	232	254	0	-2.23E-05	8.46E-06	-1.04E-05	-1.45E-05
464	7	0	0	0	0	0	0	232	254	0	-2.11E-05	7.68E-06	-1.13E-05	-1.24E-05
464	8	0	0	0	0	0	0	232	254	0	-2.11E-05	7.68E-06	-1.13E-05	-1.24E-05
464	9	0	0	0	0	0	0	232	254	0	-2.09E-05	6.60E-06	-9.71E-06	-1.48E-05
464	10	0	0	0	0	0	0	232	254	0	-2.09E-05	6.60E-06	-9.71E-06	-1.48E-05
464	11	0	0	0	0	0	0	232	254	0	-2.01E-05	6.98E-06	-9.49E-06	-1.67E-05
464	12	0	0	0	0	0	0	232	254	0	-2.01E-05	6.98E-06	-9.49E-06	-1.67E-05
464	13	0	0	0	0	0	0	232	254	0	-2.15E-05	7.35E-06	-9.14E-06	-1.60E-05
464	14	0	0	0	0	0	0	232	254	0	-2.10E-05	5.85E-06	-9.77E-06	-1.52E-05
464	15	0	0	0	0	0	0	232	254	0	-2.10E-05	5.85E-06	-9.77E-06	-1.52E-05
464	16	0	0	0	0	0	0	232	254	0	-2.11E-05	3.86E-06	-1.07E-05	-1.47E-05
464	17	0	0	0	0	0	0	232	254	0	-2.11E-05	3.86E-06	-1.07E-05	-1.47E-05
464	18	0	0	0	0	0	0	232	254	0	-2.18E-05	4.12E-06	-9.64E-06	-1.33E-05
464	19	0	0	0	0	0	0	232	254	0	-2.18E-05	4.12E-06	-9.64E-06	-1.33E-05
465	0	0	0	0	0	0	0	232	254	0	-2.11E-05	5.38E-06	-9.68E-06	-1.37E-05
465	1	0	0	0	0	0	0	232	254	0	-2.11E-05	5.38E-06	-9.68E-06	-1.37E-05
465	2	0	0	0	0	0	0	232	254	0	-2.19E-05	4.30E-06	-7.32E-06	-1.41E-05
465	3	0	0	0	0	0	0	232	254	0	-2.20E-05	2.64E-06	-6.09E-06	-1.27E-05
465	4	0	0	0	0	0	0	232	254	0	-2.20E-05	2.64E-06	-6.09E-06	-1.27E-05
465	5	0	0	0	0	0	0	232	254	0	-2.01E-05	2.98E-07	-6.30E-06	-1.13E-05
465	6	0	0	0	0	0	0	232	254	0	-2.01E-05	2.98E-07	-6.30E-06	-1.13E-05
465	7	0	0	0	0	0	0	232	254	0	-1.90E-05	-3.76E-07	-6.13E-06	-1.21E-05
465	8	0	0	0	0	0	0	232	254	0	-1.90E-05	-3.76E-07	-6.13E-06	-1.21E-05
465	9	0	0	0	0	0	0	232	254	0	-1.88E-05	2.54E-06	-7.45E-06	-1.30E-05
465	10	0	0	0	0	0	0	232	254	0	-1.88E-05	2.54E-06	-7.45E-06	-1.30E-05
465	11	0	0	0	0	0	0	232	254	0	-1.77E-05	4.43E-06	-6.88E-06	-1.31E-05
465	12	0	0	0	0	0	0	232	254	0	-1.72E-05	3.81E-06	-6.60E-06	-1.30E-05
465	13	0	0	0	0	0	0	232	254	0	-1.72E-05	3.81E-06	-6.60E-06	-1.30E-05
465	14	0	0	0	0	0	0	232	254	0	-1.84E-05	3.32E-06	-5.01E-06	-1.38E-05
465	15	0	0	0	0	0	0	232	254	0	-1.84E-05	3.32E-06	-5.01E-06	-1.38E-05
465	16	0	0	0	0	0	0	232	254	0	-1.89E-05	1.87E-06	-5.15E-06	-1.46E-05
465	17	0	0	0	0	0	0	232	254	0	-1.89E-05	1.87E-06	-5.15E-06	-1.46E-05
465	18	0	0	0	0	0	0	232	254	0	-1.86E-05	6.50E-08	-6.95E-06	-1.48E-05
465	19	0	0	0	0	0	0	232	254	0	-1.86E-05	6.50E-08	-6.95E-06	-1.48E-05
466	0	0	0	0	0	0	0	232	254	0	-2.06E-05	-1.43E-07	-8.12E-06	-1.55E-05
466	1	0	0	0	0	0	0	232	254	0	-2.07E-05	2.16E-06	-7.86E-06	-1.37E-05
466	2	0	0	0	0	0	0	232	254	0	-2.07E-05	2.16E-06	-7.86E-06	-1.37E-05
466	3	0	0	0	0	0	0	232	254	0	-1.93E-05	3.96E-06	-9.49E-06	-1.24E-05
466	4	0	0	0	0	0	0	232	254	0	-1.93E-05	3.96E-06	-9.49E-06	-1.24E-05
466	5	0	0	0	0	0	0	232	254	0	-1.91E-05	4.84E-06	-9.35E-06	-1.09E-05
466	6	0	0	0	0	0	0	232	254	0	-1.91E-05	4.84E-06	-9.35E-06	-1.09E-05
466	7	0	0	0	0	0	0	232	254	0	-1.99E-05	6.60E-06	-1.12E-05	-9.35E-06
466	8	0	0	0	0	0	0	232	254	0	-1.99E-05	6.60E-06	-1.12E-05	-9.35E-06
466	9	0	0	0	0	0	0	232	254	0	-2.13E-05	6.73E-06	-1.30E-05	-1.13E-05
466	10	0	0	0	0	0	0	232	254	0	-1.97E-05	5.72E-06	-1.34E-05	-1.33E-05
466	11	0	0	0	0	0	0	232	254	0	-1.97E-05	5.72E-06	-1.34E-05	-1.33E-05
466	12	0	0	0	0	0	0	232	254	0	-1.99E-05	4.92E-06	-1.37E-05	-1.32E-05
466	13	0	0	0	0	0	0	232	254	0	-1.99E-05	4.92E-06	-1.37E-05	-1.32E-05
466	14	0	0	0	0	0	0	232	254	0	-2.01E-05	5.10E-06	-1.24E-05	-1.11E-05
466	15	0	0	0	0	0	0	232	254	0	-2.01E-05	5.10E-06	-1.24E-05	-1.11E-05
466	16	0	0	0	0	0	0	232	254	0	-1.88E-05	4.53E-06	-1.11E-05	-1.11E-05
466	17	0	0	0	0	0	0	232	254	0	-1.88E-05	4.53E-06	-1.11E-05	-1.11E-05
466	18	0	0	0	0	0	0	232	254	0	-2.01E-05	4.53E-06	-8.22E-06	-1.24E-05
466	19	0	0	0	0	0	0	232	254	0	-2.15E-05	4.33E-06	-8.35E-06	-1.23E-05
467	0	0	0	0	0	0	0	232	254	0	-2.15E-05	4.33E-06	-8.35E-06	-1.23E-05
467	1	0	0	0	0	0	0	232	254	0	-2.11E-05	3.29E-06	-8.94E-06	-1.20E-05
467	2	0	0	0	0	0	0	232	254	0	-2.11E-05	3.29E-06	-8.94E-06	-1.20E-05
467	3	0	0	0	0	0	0	232	254	0	-2.20E-05	4.07E-06	-8.53E-06	-1.22E-05
467	4	0	0	0	0	0	0	232	254	0	-2.20E-05	4.07E-06	-8.53E-06	-1.22E-05
467	5	0	0	0	0	0	0	232	254	0	-2.41E-05	5.07E-06	-1.04E-05	-1.16E-05
467	6	0	0	0	0	0	0	232	254	0	-2.41E-05	5.07E-06	-1.04E-05	-1.16E-05
467	7	0	0	0	0	0	0	232	254	0	-2.43E-05	4.39E-06	-1.10E-05	-1.19E-05
467	8	0	0	0	0	0	0	232	254	0	-2.23E-05	4.58E-06	-9.71E-06	-1.38E-05
467	9	0	0	0	0	0	0	232	254	0	-2.23E-05	4.58E-06	-9.71E-06	-1.38E-05
467	10	0	0	0	0	0	0	232	254	0	-2.23E-05	5.23E-06	-9.57E-06	-1.51E-05
467	11	0	0	0	0	0	0	232	254	0	-2.23E-05	5.23E-06	-9.57E-06	-1.51E-05
467	12	0	0	0	0	0	0	232	254	0	-2.24E-05	7.32E-06	-9.83E-06	-1.47E-05
467	13	0	0	0	0	0	0	232	254	0	-2.24E-05	7.32E-06	-9.83E-06	-1.47E-05
467	14	0	0	0	0	0	0	232	254	0	-2.28E-05	7.97E-06	-1.14E-05	-1.31E-05
467	15	0	0	0	0	0	0	232	254	0	-2.28E-05	7.97E-06	-1.14E-05	-1.31E-05
467	16	0	0	0	0	0	0	232	254	0	-2.16E-05	8.03E-06	-1.26E-05	-1.02E-05
467	17	0	0	0	0	0	0	232	254	0	-2.07E-05	5.91E-06	-1.34E-05	-9.59E-06
467	18	0	0	0	0	0	0	232	254	0	-2.07E-05	5.91E-06	-1.34E-05	-9.59E-06
467	19	0	0	0	0	0	0	232	254	0	-2.15E-05	5.10E-06	-1.24E-05	-1.17E-05
468	0	0	0	0	0	0	0	232	254	0	-2.15E-05	5.10E-06	-1.24E-05	-1.17E-05
468	1	0	0	0	0	0	0	232	254	0	-2.24E-05	4.33E-06	-1.27E-05	-1.19E-05
468	2	0	0	0	0	0	0	232	254	0	-2.24E-05	4.33E-06	-1.27E-05	-1.19E-05
468	3	0	0	0	0	0	0	232	254	0	-2.30E-05	3.09E-06	-1.11E-05	-9.70E-06
468	4	0	0	0	0	0	0	232	254	0	-2.30E-05	3.09E-06	-1.11E-05	-9.70E-06
468	5	0	0	0	0	0	0	232	254	0	-2.31E-05	2.52E-06	-1.06E-05	-8.56E-06
468	6	0	0	0	0	0	0	232	254	0	-2.35E-05	2.52E-06	-1.15E-05	-8.82E-06
468	7	0	0	0	0	0	0	232	254	0	-2.35E-05	2.52E-06	-1.15E-05	-8.82E-06
468	8	0	0	0	0	0	0	232	254	0	-2.24E-05	2.57E-06	-1.03E-05	-1.03E-05
468	9	0	0	0	0	0	0	232	254	0	-2.24E-05	2.57E-06	-1.03E-05	-1.03E-05
468	10	0	0	0	0	0	0	232	254	0	-2.09E-05	2.70E-06	-9.61E-06	-1.10E-05
468	11	0	0	0	0	0	0	232	254	0	-2.09E-05	2.70E-06	-9.61E-06	-1.10E-05
468	12	0	0	0	0	0	0	232	254	0	-2.04E-05	2.16E-06	-8.79E-06	-1.13E-05
468	13	0	0	0	0	0	0	232	254	0	-2.04E-05	2.16E-06	-8.79E-06	-1.13E-05
468	14	0	0	0	0	0	0	232	254	0	-2.11E-05	3.86E-06	-8.22E-06	-1.14E-05
468	15	0	0	0	0	0	0	232	254	0	-2.10E-05	3.63E-06	-8.59E-06	-1.04E-05
468	16	0	0	0	0	0	0	232	254	0	-2.10E-05	3.63E-06	-8.59E-06	-1.04E-05
468	17	0	0	0	0	0	0	232	254	0	-2.04E-05	2.45E-06	-1.06E-05	-9.39E-06
468	18	0	0	0	0	0	0	232	254	0	-2.04E-05	2.45E-06	-1.06E-05	-9.39E-06
468	19	0	0	0	0	0	0	232	254	0	-2.03E-05	3.30E-06	-1.07E-05	-1.06E-05
469	0	0	0	0	0	0	0	232	254	0	-2.03E-05	3.30E-06	-1.07E-05	-1.06E-05
469	1	0	0	0	0	0	0	232	254	0	-2.09E-05	4.92E-06	-1.13E-05	-1.30E-05
469	2	0	0	0	0	0	0	232	254	0	-2.09E-05	4.92E-06	-1.13E-05	-1.30E-05
469	3	0	0	0	0	0	0	232	254	0	-2.03E-05	5.36E-06	-1.06E-05	-1.39E-05
469	4	0	0	0	0	0	0	232	254	0	-2.04E-05	5.95E-06	-8.74E-06	-1.19E-05
469	5	0	0	0	0	0	0	232	254	0	-2.04E-05	5.95E-06	-8.74E-06	-1.19E-05
469	6	0	0	0	0	0	0	232	254	0	-2.05E-05	4.48E-06	-7.55E-06	-1.22E-05
469	7	0	0	0	0	0	0	232	254	0	-2.05E-05	4.48E-06	-7.55E-06	-1.22E-05
469	8	0	0	0	0	0	0	232	254	0	-1.99E-05	4.07E-06	-5.50E-06	-1.41E-05
469	9	0	0	0	0	0	0	232	254	0	-1.99E-05	4.07E-06	-5.50E-06	-1.41E-05
469	10	0	0	0	0	0	0	232	254	0	-1.99E-05	3.36E-06	-4.34E-06	-1.50E-05
469	11	0	0	0	0	0	0	232	254	0	-1.99E-05	3.36E-06	-4.34E-06	-1.50E-05
469	12	0	0	0	0	0	0	232	254	0	-2.07E-05	3.59E-06	-4.63E-06	-1.36E-05
469	13	0	0	0	0	0	0	232	254	0	-2.13E-05	4.87E-06	-6.97E-06	-1.38E-05
469	14	0	0	0	0	0	0	232	254	0	-2.13E-05	4.87E-06	-6.97E-06	-1.38E-05
469	15	0	0	0	0	0	0	232	254	0	-2.08E-05	4.92E-06	-6.60E-06	-1.49E-05
469	16	0	0	0	0	0	0	232	254	0	-2.08E-05	4.92E-06	-6.60E-06	-1.49E-05
469	17	0	0	0	0	0	0	232	254	0	-2.01E-05	5.41E-06	-6.96E-06	-1.48E-05
469	18	0	0	0	0	0	0	232	254	0	-2.01E-05	5.41E-06	-6.96E-06	-1.48E-05
469	19	0	0	0	0	0	0	232	254	0	-2.03E-05	6.19E-06	-7.80E-06	-1.37E-05
470	0	0	0	0	0	0	0	232	254	0	-2.03E-05	6.19E-06	-7.80E-06	-1.37E-05
470	1	0	0	0	0	0	0	232	254	0	-1.94E-05	4.09E-06	-1.04E-05	-1.24E-05
470	2	0	0	0	0	0	0	232	254	0	-1.80E-05	4.04E-06	-1.19E-05	-1.22E-05
470	3	0	0	0	0	0	0	232	254	0	-1.80E-05	4.04E-06	-1.19E-05	-1.22E-05
470	4	0	0	0	0	0	0	232	254	0	-1.83E-05	7.04E-06	-9.13E-06	-1.11E-05
470	5	0	0	0	0	0	0	232	254	0	-1.83E-05	7.04E-06	-9.13E-06	-1.11E-05
470	6	0	0	0	0	0	0	232	254	0	-1.83E-05	7.76E-06	-8.82E-06	-1.11E-05
470	7	0	0	0	0	0	0	232	254	0	-1.83E-05	7.76E-06	-8.82E-06	-1.11E-05
470	8	0	0	0	0	0	0	232	254	0	-1.87E-05	6.97E-06	-1.03E-05	-1.26E-05
470	9	0	0	0	0	0	0	232	254	0	-1.87E-05	6.97E-06	-1.03E-05	-1.26E-05
470	10	0	0	0	0	0	0	232	254	0	-2.07E-05	6.29E-06	-1.02E-05	-1.44E-05
470	11	0	0	0	0	0	0	232	254	0	-2.08E-05	4.64E-06	-8.88E-06	-1.51E-05
470	12	0	0	0	0	0	0	232	254	0	-2.08E-05	4.64E-06	-8.88E-06	-1.51E-05
470	13	0	0	0	0	0	0	232	254	0	-1.98E-05	3.31E-06	-7.97E-06	-1.62E-05
470	14	0	0	0	0	0	0	232	254	0	-1.98E-05	3.31E-06	-7.97E-06	-1.62E-05
470	15	0	0	0	0	0	0	232	254	0	-2.10E-05	2.94E-06	-8.06E-06	-1.59E-05
470	16	0	0	0	0	0	0	232	254	0	-2.10E-05	2.94E-06	-8.06E-06	-1.59E-05
470	17	0	0	0	0	0	0	232	254	0	-2.15E-05	2.36E-06	-5.85E-06	-1.55E-05
470	18	0	0	0	0	0	0	232	254	0	-2.15E-05	2.36E-06	-5.85E-06	-1.55E-05
470	19	0	0	0	0	0	0	232	254	0	-2.22E-05	1.79E-06	-4.25E-06	-1.43E-05
471	0	0	0	0	0	0	0	232	254	0	-2.17E-05	3.74E-06	-6.71E-06	-1.20E-05
471	1	0	0	0	0	0	0	232	254	0	-2.17E-05	3.74E-06	-6.71E-06	-1.20E-05
471	2	0	0	0	0	0	0	232	254	0	-2.20E-05	5.82E-06	-8.87E-06	-1.31E-05
471	3	0	0	0	0	0	0	232	254	0	-2.20E-05	5.82E-06	-8.87E-06	-1.31E-05
471	4	0	0	0	0	0	0	232	254	0	-2.22E-05	5.49E-06	-1.03E-05	-1.32E-05
471	5	0	0	0	0	0	0	232	254	0	-2.22E-05	5.49E-06	-1.03E-05	-1.32E-05
471	6	0	0	0	0	0	0	232	254	0	-2.16E-05	5.46E-06	-8.55E-06	-1.28E-05
471	7	0	0	0	0	0	0	232	254	0	-2.16E-05	5.46E-06	-8.55E-06	-1.28E-05
471	8	0	0	0	0	0	0	232	254	0	-2.08E-05	6.91E-06	-8.28E-06	-1.20E-05
471	9	0	0	0	0	0	0	232	254	0	-2.19E-05	7.02E-06	-1.25E-05	-1.26E-05
471	10	0	0	0	0	0	0	232	254	0	-2.19E-05	7.02E-06	-1.25E-05	-1.26E-05
471	11	0	0	0	0	0	0	232	254	0	-2.27E-05	6.91E-06	-1.33E-05	-1.41E-05
471	12	0	0	0	0	0	0	232	254	0	-2.27E-05	6.91E-06	-1.33E-05	-1.41E-05
471	13	0	0	0	0	0	0	232	254	0	-2.13E-05	7.28E-06	-1.16E-05	-1.55E-05
471	14	0	0	0	0	0	0	232	254	0	-2.13E-05	7.28E-06	-1.16E-05	-1.55E-05
471	15	0	0	0	0	0	0	232	254	0	-2.12E-05	8.28E-06	-1.17E-05	-1.35E-05
471	16	0	0	0	0	0	0	232	254	0	-2.12E-05	8.28E-06	-1.17E-05	-1.35E-05
471	17	0	0	0	0	0	0	232	254	0	-2.05E-05	6.38E-06	-1.21E-05	-1.03E-05
471	18	0	0	0	0	0	0	232	254	0	-2.18E-05	4.17E-06	-1.08E-05	-9.98E-06
471	19	0	0	0	0	0	0	232	254	0	-2.18E-05	4.17E-06	-1.08E-05	-9.98E-06
472	0	0	0	0	0	0	0	232	254	0	-2.25E-05	2.03E-06	-7.32E-06	-1.05E-05
472	1	0	0	0	0	0	0	232	254	0	-2.25E-05	2.03E-06	-7.32E-06	-1.05E-05
472	2	0	0	0	0	0	0	232	254	0	-2.19E-05	9.69E-07	-7.84E-06	-1.12E-05
472	3	0	0	0	0	0	0	232	254	0	-2.19E-05	9.69E-07	-7.84E-06	-1.12E-05
472	4	0	0	0	0	0	0	232	254	0	-2.29E-05	1.27E-08	-7.76E-06	-1.07E-05
472	5	0	0	0	0	0	0	232	254	0	-2.29E-05	1.27E-08	-7.76E-06	-1.07E-05
472	6	0	0	0	0	0	0	232	254	0	-2.22E-05	1.29E-06	-8.92E-06	-1.04E-05
472	7	0	0	0	0	0	0	232	254	0	-2.28E-05	2.98E-06	-8.55E-06	-9.52E-06
472	8	0	0	0	0	0	0	232	254	0	-2.28E-05	2.98E-06	-8.55E-06	-9.52E-06
472	9	0	0	0	0	0	0	232	254	0	-2.39E-05	4.13E-06	-5.58E-06	-9.28E-06
472	10	0	0	0	0	0	0	232	254	0	-2.39E-05	4.13E-06	-5.58E-06	-9.28E-06
472	11	0	0	0	0	0	0	232	254	0	-2.16E-05	6.31E-06	-5.43E-06	-9.70E-06
472	12	0	0	0	0	0	0	232	254	0	-2.16E-05	6.31E-06	-5.43E-06	-9.70E-06
472	13	0	0	0	0	0	0	232	254	0	-2.17E-05	5.01E-06	-8.84E-06	-1.06E-05
472	14	0	0	0	0	0	0	232	254	0	-2.17E-05	5.01E-06	-8.84E-06	-1.06E-05
472	15	0	0	0	0	0	0	232	254	0	-2.37E-05	4.87E-06	-9.94E-06	-1.18E-05
472	16	0	0	0	0	0	0	232	254	0	-2.28E-05	4.97E-06	-7.10E-06	-1.30E-05
472	17	0	0	0	0	0	0	232	254	0	-2.28E-05	4.97E-06	-7.10E-06	-1.30E-05
472	18	0	0	0	0	0	0	232	254	0	-2.18E-05	5.13E-06	-5.56E-06	-1.36E-05
472	19	0	0	0	0	0	0	232	254	0	-2.18E-05	5.13E-06	-5.56E-06	-1.36E-05
473	0	0	0	0	0	0	0	232	254	0	-2.24E-05	2.91E-06	-6.15E-06	-1.38E-05
473	1	0	0	0	0	0	0	232	254	0	-2.24E-05	2.91E-06	-6.15E-06	-1.38E-05
473	2	0	0	0	0	0	0	232	254	0	-2.09E-05	3.16E-06	-8.95E-06	-1.41E-05
473	3	0	0	0	0	0	0	232	254	0	-2.09E-05	3.16E-06	-8.95E-06	-1.41E-05
473	4	0	0	0	0	0	0	232	254	0	-1.97E-05	3.18E-06	-1.13E-05	-1.48E-05
473	5	0	0	0	0	0	0	232	254	0	-2.09E-05	4.00E-06	-1.26E-05	-1.41E-05
473	6	0	0	0	0	0	0	232	254	0	-2.09E-05	4.00E-06	-1.26E-05	-1.41E-05
473	7	0	0	0	0	0	0	232	254	0	-2.04E-05	3.63E-06	-1.26E-05	-1.47E-05
473	8	0	0	0	0	0	0	232	254	0	-2.04E-05	3.63E-06	-1.26E-05	-1.47E-05
473	9	0	0	0	0	0	0	232	254	0	-2.10E-05	2.58E-06	-1.39E-05	-1.34E-05
473	10	0	0	0	0	0	0	232	254	0	-2.10E-05	2.58E-06	-1.39E-05	-1.34E-05
473	11	0	0	0	0	0	0	232	254	0	-2.03E-05	4.07E-06	-1.56E-05	-1.23E-05
473	12	0	0	0	0	0	0	232	254	0	-2.03E-05	4.07E-06	-1.56E-05	-1.23E-05
473	13	0	0	0	0	0	0	232	254	0	-2.05E-05	5.20E-06	-1.60E-05	-1.24E-05
473	14	0	0	0	0	0	0	232	254	0	-2.18E-05	4.79E-06	-1.70E-05	-1.35E-05
473	15	0	0	0	0	0	0	232	254	0	-2.18E-05	4.79E-06	-1.70E-05	-1.35E-05
473	16	0	0	0	0	0	0	232	254	0	-2.27E-05	2.31E-06	-1.74E-05	-1.47E-05
473	17	0	0	0	0	0	0	232	254	0	-2.27E-05	2.31E-06	-1.74E-05	-1.47E-05
473	18	0	0	0	0	0	0	232	254	0	-2.25E-05	1.59E-06	-1.82E-05	-1.47E-05
473	19	0	0	0	0	0	0	232	254	0	-2.25E-05	1.59E-06	-1.82E-05	-1.47E-05
474	0	0	0	0	0	0	0	232	254	0	-2.09E-05	4.22E-06	-1.95E-05	-1.37E-05
474	1	0	0	0	0	0	0	232	254	0	-2.09E-05	4.22E-06	-1.95E-05	-1.37E-05
474	2	0	0	0	0	0	0	232	254	0	-2.07E-05	6.06E-06	-1.87E-05	-1.42E-05
474	3	0	0	0	0	0	0	232	254	0	-2.17E-05	5.10E-06	-1.74E-05	-1.22E-05
474	4	0	0	0	0	0	0	232	254	0	-2.17E-05	5.10E-06	-1.74E-05	-1.22E-05
474	5	0	0	0	0	0	0	232	254	0	-2.08E-05	4.20E-06	-4.89E-06	-9.95E-06
474	6	0	0	0	0	0	0	232	254	0	-2.08E-05	4.20E-06	-4.89E-06	-9.95E-06
474	7	0	0	0	0	0	0	232	254	0	-1.97E-05	2.69E-06	1.21E-05	-1.04E-05
474	8	0	0	0	0	0	0	232	254	0	-1.97E-05	2.69E-06	1.21E-05	-1.04E-05
474	9	0	0	0	0	0	0	232	254	0	-1.94E-05	4.58E-06	1.55E-05	-1.19E-05
474	10	0	0	0	0	0	0	232	254	0	-1.94E-05	4.58E-06	1.55E-05	-1.19E-05
474	11	0	0	0	0	0	0	232	254	0	-1.99E-05	4.61E-06	1.55E-05	-1.41E-05
474	12	0	0	0	0	0	0	232	254	0	-1.98E-05	2.88E-06	7.57E-06	-1.48E-05
474	13	0	0	0	0	0	0	232	254	0	-1.98E-05	2.88E-06	7.57E-06	-1.48E-05
474	14	0	0	0	0	0	0	232	254	0	-1.98E-05	9.17E-07	-7.29E-06	-1.39E-05
474	15	0	0	0	0	0	0	232	254	0	-1.98E-05	9.17E-07	-7.29E-06	-1.39E-05
474	16	0	0	0	0	0	0	232	254	0	-2.00E-05	-3.49E-07	-1.34E-05	-1.38E-05
474	17	0	0	0	0	0	0	232	254	0	-2.00E-05	-3.49E-07	-1.34E-05	-1.38E-05
474	18	0	0	0	0	0	0	232	254	0	-2.01E-05	9.42E-07	-1.48E-05	-1.40E-05
474	19	0	0	0	0	0	0	232	254	0	-2.01E-05	9.42E-07	-1.48E-05	-1.40E-05
475	0	0	0	0	0	0	0	232	254	0	-2.06E-05	3.59E-06	-1.75E-05	-1.39E-05
475	1	0	0	0	0	0	0	232	254	0	-2.10E-05	5.13E-06	-1.74E-05	-1.60E-05
475	2	0	0	0	0	0	0	232	254	0	-2.10E-05	5.13E-06	-1.74E-05	-1.60E-05
475	3	0	0	0	0	0	0	232	254	0	-2.28E-05	6.91E-06	-1.73E-05	-1.74E-05
475	4	0	0	0	0	0	0	232	254	0	-2.28E-05	6.91E-06	-1.73E-05	-1.74E-05
475	5	0	0	0	0	0	0	232	254	0	-2.06E-05	8.87E-06	-1.68E-05	-1.41E-05
475	6	0	0	0	0	0	0	232	254	0	-2.06E-05	8.87E-06	-1.68E-05	-1.41E-05
475	7	0	0	0	0	0	0	232	254	0	-1.96E-05	8.26E-06	-1.11E-05	-1.21E-05
475	8	0	0	0	0	0	0	232	254	0	-1.96E-05	8.26E-06	-1.11E-05	-1.21E-05
475	9	0	0	0	0	0	0	232	254	0	-1.95E-05	5.32E-06	-2.65E-06	-1.10E-05
475	10	0	0	0	0	0	0	232	254	0	-2.07E-05	2.98E-06	-2.26E-06	-9.49E-06
475	11	0	0	0	0	0	0	232	254	0	-2.07E-05	2.98E-06	-2.26E-06	-9.49E-06
475	12	0	0	0	0	0	0	232	254	0	-2.14E-05	1.79E-06	-5.73E-06	-6.65E-06
475	13	0	0	0	0	0	0	232	254	0	-2.14E-05	1.79E-06	-5.73E-06	-6.65E-06
475	14	0	0	0	0	0	0	232	254	0	-2.18E-05	1.41E-06	-2.97E-07	-3.63E-06
475	15	0	0	0	0	0	0	232	254	0	-2.18E-05	1.41E-06	-2.97E-07	-3.63E-06
475	16	0	0	0	0	0	0	232	254	0	-2.14E-05	1.20E-06	8.50E-06	-4.40E-06
475	17	0	0	0	0	0	0	232	254	0	-2.14E-05	1.20E-06	8.50E-06	-4.40E-06
475	18	0	0	0	0	0	0	232	254	0	-2.02E-05	3.09E-06	-3.42E-06	-5.85E-06
475	19	0	0	0	0	0	0	232	254	0	-1.93E-05	2.47E-06	-1.79E-05	-7.68E-06
476	0	0	0	0	0	0	0	232	254	0	-1.93E-05	2.47E-06	-1.79E-05	-7.68E-06
476	1	0	0	0	0	0	0	232	254	0	-1.92E-05	2.10E-06	4.20E-06	-8.88E-06
476	2	0	0	0	0	0	0	232	254	0	-1.92E-05	2.10E-06	4.20E-06	-8.88E-06
476	3	0	0	0	0	0	0	232	254	0	-2.03E-05	1.73E-06	1.93E-05	-1.20E-05
476	4	0	0	0	0	0	0	232	254	0	-2.03E-05	1.73E-06	1.93E-05	-1.20E-05
476	5	0	0	0	0	0	0	232	254	0	-2.02E-05	1.83E-06	-2.14E-06	-1.44E-05
476	6	0	0	0	0	0	0	232	254	0	-2.02E-05	1.83E-06	-2.14E-06	-1.44E-05
476	7	0	0	0	0	0	0	232	254	0	-1.99E-05	8.91E-07	-1.77E-05	-1.56E-05
476	8	0	0	0	0	0	0	232	254	0	-2.09E-05	1.43E-06	-1.83E-05	-1.70E-05
476	9	0	0	0	0	0	0	232	254	0	-2.09E-05	1.43E-06	-1.83E-05	-1.70E-05
476	10	0	0	0	0	0	0	232	254	0	-2.01E-05	3.42E-06	-1.90E-05	-1.78E-05
476	11	0	0	0	0	0	0	232	254	0	-2.01E-05	3.42E-06	-1.90E-05	-1.78E-05
476	12	0	0	0	0	0	0	232	254	0	-2.17E-05	6.80E-06	-1.80E-05	-1.66E-05
476	13	0	0	0	0	0	0	232	254	0	-2.17E-05	6.80E-06	-1.80E-05	-1.66E-05
476	14	0	0	0	0	0	0	232	254	0	-2.18E-05	8.17E-06	-1.77E-05	-1.63E-05
476	15	0	0	0	0	0	0	232	254	0	-2.18E-05	8.17E-06	-1.77E-05	-1.63E-05
476	16	0	0	0	0	0	0	232	254	0	-2.00E-05	8.15E-06	-1.60E-05	-1.57E-05
476	17	0	0	0	0	0	0	232	254	0	-2.04E-05	9.75E-06	-1.43E-05	-1.65E-05
476	18	0	0	0	0	0	0	232	254	0	-2.04E-05	9.75E-06	-1.43E-05	-1.65E-05
476	19	0	0	0	0	0	0	232	254	0	-2.11E-05	1.05E-05	-1.57E-05	-1.73E-05
477	0	0	0	0	0	0	0	232	254	0	-2.11E-05	1.05E-05	-1.57E-05	-1.73E-05
477	1	0	0	0	0	0	0	232	254	0	-2.20E-05	8.91E-06	-2.66E-05	-1.52E-05
477	2	0	0	0	0	0	0	232	254	0	-2.20E-05	8.91E-06	-2.66E-05	-1.52E-05
477	3	0	0	0	0	0	0	232	254	0	-2.21E-05	5.69E-06	-1.53E-05	-1.42E-05
477	4	0	0	0	0	0	0	232	254	0	-2.21E-05	5.69E-06	-1.53E-05	-1.42E-05
477	5	0	0	0	0	0	0	232	254	0	-2.06E-05	2.91E-06	2.36E-05	-1.55E-05
477	6	0	0	0	0	0	0	232	254	0	-2.04E-05	3.60E-06	1.74E-05	-1.52E-05
477	7	0	0	0	0	0	0	232	254	0	-2.04E-05	3.60E-06	1.74E-05	-1.52E-05
477	8	0	0	0	0	0	0	232	254	0	-2.08E-05	5.82E-06	-4.54E-06	-1.68E-05
477	9	0	0	0	0	0	0	232	254	0	-2.08E-05	5.82E-06	-4.54E-06	-1.68E-05
477	10	0	0	0	0	0	0	232	254	0	-2.01E-05	5.51E-06	-4.61E-06	-1.58E-05
477	11	0	0	0	0	0	0	232	254	0	-2.01E-05	5.51E-06	-4.61E-06	-1.58E-05
477	12	0	0	0	0	0	0	232	254	0	-2.10E-05	5.40E-06	-1.72E-06	-1.29E-05
477	13	0	0	0	0	0	0	232	254	0	-2.10E-05	5.40E-06	-1.72E-06	-1.29E-05
477	14	0	0	0	0	0	0	232	254	0	-2.30E-05	5.90E-06	-1.54E-05	-1.15E-05
477	15	0	0	0	0	0	0	232	254	0	-2.30E-05	8.15E-06	-2.27E-05	-1.10E-05
477	16	0	0	0	0	0	0	232	254	0	-2.30E-05	8.15E-06	-2.27E-05	-1.10E-05
477	17	0	0	0	0	0	0	232	254	0	-2.23E-05	9.64E-06	-1.90E-05	-9.90E-06
477	18	0	0	0	0	0	0	232	254	0	-2.23E-05	9.64E-06	-1.90E-05	-9.90E-06
477	19	0	0	0	0	0	0	232	254	0	-2.23E-05	9.99E-06	-1.54E-05	-9.80E-06
478	0	0	0	0	0	0	0	232	254	0	-2.23E-05	9.99E-06	-1.54E-05	-9.80E-06
478	1	0	0	0	0	0	0	232	254	0	-2.23E-05	9.10E-06	-2.52E-05	-9.90E-06
478	2	0	0	0	0	0	0	232	254	0	-2.23E-05	9.10E-06	-2.52E-05	-9.90E-06
478	3	0	0	0	0	0	0	232	254	0	-2.32E-05	6.55E-06	-3.47E-05	-1.42E-05
478	4	0	0	0	0	0	0	232	254	0	-2.22E-05	6.55E-06	-2.79E-05	-1.79E-05
478	5	0	0	0	0	0	0	232	254	0	-2.22E-05	6.55E-06	-2.79E-05	-1.79E-05
478	6	0	0	0	0	0	0	232	254	0	-2.18E-05	6.24E-06	-2.43E-05	-1.91E-05
478	7	0	0	0	0	0	0	232	254	0	-2.18E-05	6.24E-06	-2.43E-05	-1.91E-05
478	8	0	0	0	0	0	0	232	254	0	-2.15E-05	4.22E-06	-2.78E-05	-1.82E-05
478	9	0	0	0	0	0	0	232	254	0	-2.15E-05	4.22E-06	-2.78E-05	-1.82E-05
478	10	0	0	0	0	0	0	232	254	0	-2.12E-05	2.36E-06	-2.77E-05	-1.50E-05
478	11	0	0	0	0	0	0	232	254	0	-2.12E-05	2.36E-06	-2.77E-05	-1.50E-05
478	12	0	0	0	0	0	0	232	254	0	-2.04E-05	1.41E-06	-2.33E-05	-1.20E-05
478	13	0	0	0	0	0	0	232	254	0	-1.93E-05	8.39E-07	-1.91E-05	-1.22E-05
478	14	0	0	0	0	0	0	232	254	0	-1.93E-05	8.39E-07	-1.91E-05	-1.22E-05
478	15	0	0	0	0	0	0	232	254	0	-1.94E-05	1.20E-06	-2.48E-05	-1.09E-05
478	16	0	0	0	0	0	0	232	254	0	-1.94E-05	1.20E-06	-2.48E-05	-1.09E-05
478	17	0	0	0	0	0	0	232	254	0	-2.05E-05	3.14E-06	-1.42E-05	-9.21E-06
478	18	0	0	0	0	0	0	232	254	0	-2.05E-05	3.14E-06	-1.42E-05	-9.21E-06
478	19	0	0	0	0	0	0	232	254	0	-1.98E-05	2.39E-06	-1.97E-06	-9.09E-06
479	0	0	0	0	0	0	0	232	254	0	-1.98E-05	2.39E-06	-1.97E-06	-9.09E-06
479	1	0	0	0	0	0	0	232	254	0	-2.00E-05	6.48E-08	3.32E-06	-9.23E-06
479	2	0	0	0	0	0	0	232	254	0	-2.04E-05	1.68E-06	4.38E-06	-9.70E-06
479	3	0	0	0	0	0	0	232	254	0	-2.04E-05	1.68E-06	4.38E-06	-9.70E-06
479	4	0	0	0	0	0	0	232	254	0	-2.08E-05	3.37E-06	-3.01E-06	-1.23E-05
479	5	0	0	0	0	0	0	232	254	0	-2.08E-05	3.37E-06	-3.01E-06	-1.23E-05
479	6	0	0	0	0	0	0	232	254	0	-2.10E-05	2.49E-06	2.56E-06	-1.21E-05
479	7	0	0	0	0	0	0	232	254	0	-2.10E-05	2.49E-06	2.56E-06	-1.21E-05
479	8	0	0	0	0	0	0	232	254	0	-2.09E-05	2.30E-06	5.55E-06	-1.10E-05
479	9	0	0	0	0	0	0	232	254	0	-2.09E-05	2.30E-06	5.55E-06	-1.10E-05
479	10	0	0	0	0	0	0	232	254	0	-2.05E-05	1.52E-06	-7.25E-06	-1.08E-05
479	11	0	0	0	0	0	0	232	254	0	-1.97E-05	-8.65E-07	-2.27E-05	-1.15E-05
479	12	0	0	0	0	0	0	232	254	0	-1.97E-05	-8.65E-07	-2.27E-05	-1.15E-05
479	13	0	0	0	0	0	0	232	254	0	-2.04E-05	8.65E-07	-2.56E-05	-1.32E-05
479	14	0	0	0	0	0	0	232	254	0	-2.04E-05	8.65E-07	-2.56E-05	-1.32E-05
479	15	0	0	0	0	0	0	232	254	0	-2.06E-05	8.26E-07	-2.33E-05	-1.45E-05
479	16	0	0	0	0	0	0	232	254	0	-2.06E-05	8.26E-07	-2.33E-05	-1.45E-05
479	17	0	0	0	0	0	0	232	254	0	-2.06E-05	-3.75E-07	-1.60E-05	-1.22E-05
479	18	0	0	0	0	0	0	232	254	0	-2.06E-05	-3.75E-07	-1.60E-05	-1.22E-05
479	19	0	0	0	0	0	0	232	254	0	-2.03E-05	-1.41E-06	2.23E-06	-1.16E-05
480	0	0	0	0	0	0	0	232	254	0	-1.99E-05	-3.22E-07	3.55E-06	-1.09E-05
480	1	0	0	0	0	0	0	232	254	0	-1.99E-05	-3.22E-07	3.55E-06	-1.09E-05
480	2	0	0	0	0	0	0	232	254	0	-2.00E-05	2.88E-06	9.13E-06	-1.04E-05
480	3	0	0	0	0	0	0	232	254	0	-2.00E-05	2.88E-06	9.13E-06	-1.04E-05
480	4	0	0	0	0	0	0	232	254	0	-2.24E-05	4.71E-06	7.42E-06	-9.49E-06
480	5	0	0	0	0	0	0	232	254	0	-2.24E-05	4.71E-06	7.42E-06	-9.49E-06
480	6	0	0	0	0	0	0	232	254	0	-2.45E-05	3.40E-06	9.16E-07	-9.30E-06
480	7	0	0	0	0	0	0	232	254	0	-2.45E-05	3.40E-06	9.16E-07	-9.30E-06
480	8	0	0	0	0	0	0	232	254	0	-2.37E-05	1.10E-06	1.05E-06	-1.05E-05
480	9	0	0	0	0	0	0	232	254	0	-2.38E-05	2.62E-06	9.70E-06	-1.01E-05
480	10	0	0	0	0	0	0	232	254	0	-2.38E-05	2.62E-06	9.70E-06	-1.01E-05
480	11	0	0	0	0	0	0	232	254	0	-2.45E-05	3.34E-06	9.92E-06	-1.15E-05
480	12	0	0	0	0	0	0	232	254	0	-2.45E-05	3.34E-06	9.92E-06	-1.15E-05
480	13	0	0	0	0	0	0	232	254	0	-2.35E-05	4.56E-06	8.82E-06	-1.35E-05
480	14	0	0	0	0	0	0	232	254	0	-2.35E-05	4.56E-06	8.82E-06	-1.35E-05
480	15	0	0	0	0	0	0	232	254	0	-2.24E-05	6.75E-06	1.96E-05	-1.31E-05
480	16	0	0	0	0	0	0	232	254	0	-2.24E-05	6.75E-06	1.96E-05	-1.31E-05
480	17	0	0	0	0	0	0	232	254	0	-2.13E-05	8.30E-06	3.07E-05	-1.20E-05
480	18	0	0	0	0	0	0	232	254	0	-1.90E-05	1.03E-05	2.50E-05	-1.27E-05
480	19	0	0	0	0	0	0	232	254	0	-1.90E-05	1.03E-05	2.50E-05	-1.27E-05
481	0	0	0	0	0	0	0	232	254	0	-1.87E-05	8.79E-06	-1.10E-05	-1.33E-05
481	1	0	0	0	0	0	0	232	254	0	-1.87E-05	8.79E-06	-1.10E-05	-1.33E-05
481	2	0	0	0	0	0	0	232	254	0	-2.06E-05	8.35E-06	-3.42E-05	-1.35E-05
481	3	0	0	0	0	0	0	232	254	0	-2.06E-05	8.35E-06	-3.42E-05	-1.35E-05
481	4	0	0	0	0	0	0	232	254	0	-2.02E-05	8.88E-06	-2.40E-05	-1.30E-05
481	5	0	0	0	0	0	0	232	254	0	-2.02E-05	8.88E-06	-2.40E-05	-1.30E-05
481	6	0	0	0	0	0	0	232	254	0	-1.98E-05	7.91E-06	-1.19E-05	-1.34E-05
481	7	0	0	0	0	0	0	232	254	0	-2.08E-05	7.98E-06	-2.87E-06	-1.43E-05
481	8	0	0	0	0	0	0	232	254	0	-2.08E-05	7.98E-06	-2.87E-06	-1.43E-05
481	9	0	0	0	0	0	0	232	254	0	-2.14E-05	7.19E-06	-6.92E-06	-1.47E-05
481	10	0	0	0	0	0	0	232	254	0	-2.14E-05	7.19E-06	-6.92E-06	-1.47E-05
481	11	0	0	0	0	0	0	232	254	0	-2.03E-05	4.89E-06	-1.55E-05	-1.46E-05
481	12	0	0	0	0	0	0	232	254	0	-2.03E-05	4.89E-06	-1.55E-05	-1.46E-05
481	13	0	0	0	0	0	0	232	254	0	-1.99E-05	2.96E-06	-2.44E-05	-1.25E-05
481	14	0	0	0	0	0	0	232	254	0	-1.99E-05	2.96E-06	-2.44E-05	-1.25E-05
481	15	0	0	0	0	0	0	232	254	0	-1.94E-05	1.60E-06	-1.22E-05	-1.19E-05
481	16	0	0	0	0	0	0	232	254	0	-1.97E-05	9.42E-07	1.45E-05	-1.02E-05
481	17	0	0	0	0	0	0	232	254	0	-1.97E-05	9.42E-07	1.45E-05	-1.02E-05
481	18	0	0	0	0	0	0	232	254	0	-2.04E-05	-4.65E-07	1.04E-05	-1.02E-05
481	19	0	0	0	0	0	0	232	254	0	-2.04E-05	-4.65E-07	1.04E-05	-1.02E-05
482	0	0	0	0	0	0	0	232	254	0	-2.10E-05	-9.94E-07	-1.03E-05	-1.01E-05
482	1	0	0	0	0	0	0	232	254	0	-2.10E-05	-9.94E-07	-1.03E-05	-1.01E-05
482	2	0	0	0	0	0	0	232	254	0	-2.14E-05	2.33E-07	-2.37E-05	-1.06E-05
482	3	0	0	0	0	0	0	232	254	0	-2.14E-05	2.33E-07	-2.37E-05	-1.06E-05
482	4	0	0	0	0	0	0	232	254	0	-2.20E-05	1.67E-06	-2.39E-05	-1.27E-05
482	5	0	0	0	0	0	0	232	254	0	-2.22E-05	2.85E-06	-1.41E-05	-1.33E-05
482	6	0	0	0	0	0	0	232	254	0	-2.22E-05	2.85E-06	-1.41E-05	-1.33E-05
482	7	0	0	0	0	0	0	232	254	0	-2.10E-05	4.52E-06	-2.48E-05	-1.44E-05
482	8	0	0	0	0	0	0	232	254	0	-2.10E-05	4.52E-06	-2.48E-05	-1.44E-05
482	9	0	0	0	0	0	0	232	254	0	-1.95E-05	3.58E-06	-3.46E-05	-1.48E-05
482	10	0	0	0	0	0	0	232	254	0	-1.95E-05	3.58E-06	-3.46E-05	-1.48E-05
482	11	0	0	0	0	0	0	232	254	0	-2.05E-05	4.27E-06	-4.27E-05	-1.19E-05
482	12	0	0	0	0	0	0	232	254	0	-2.05E-05	4.27E-06	-4.27E-05	-1.19E-05
482	13	0	0	0	0	0	0	232	254	0	-2.15E-05	6.34E-06	-3.67E-05	-1.09E-05
482	14	0	0	0	0	0	0	232	254	0	-2.08E-05	5.26E-06	-1.12E-05	-1.26E-05
482	15	0	0	0	0	0	0	232	254	0	-2.08E-05	5.26E-06	-1.12E-05	-1.26E-05
482	16	0	0	0	0	0	0	232	254	0	-1.96E-05	5.80E-06	-3.29E-06	-1.27E-05
482	17	0	0	0	0	0	0	232	254	0	-1.96E-05	5.80E-06	-3.29E-06	-1.27E-05
482	18	0	0	0	0	0	0	232	254	0	-1.98E-05	7.01E-06	3.15E-06	-1.41E-05
482	19	0	0	0	0	0	0	232	254	0	-1.98E-05	7.01E-06	3.15E-06	-1.41E-05
483	0	0	0	0	0	0	0	232	254	0	-2.10E-05	5.69E-06	1.11E-05	-1.74E-05
483	1	0	0	0	0	0	0	232	254	0	-2.10E-05	5.69E-06	1.11E-05	-1.74E-05
483	2	0	0	0	0	0	0	232	254	0	-2.13E-05	5.24E-06	6.47E-06	-2.04E-05
483	3	0	0	0	0	0	0	232	254	0	-2.20E-05	8.12E-06	-1.56E-05	-1.90E-05
483	4	0	0	0	0	0	0	232	254	0	-2.20E-05	8.12E-06	-1.56E-05	-1.90E-05
483	5	0	0	0	0	0	0	232	254	0	-2.18E-05	7.24E-06	-1.72E-05	-1.78E-05
483	6	0	0	0	0	0	0	232	254	0	-2.18E-05	7.24E-06	-1.72E-05	-1.78E-05
483	7	0	0	0	0	0	0	232	254	0	-2.09E-05	5.62E-06	-1.08E-05	-1.82E-05
483	8	0	0	0	0	0	0	232	254	0	-2.09E-05	5.62E-06	-1.08E-05	-1.82E-05
483	9	0	0	0	0	0	0	232	254	0	-2.06E-05	6.09E-06	-1.01E-05	-1.54E-05
483	10	0	0	0	0	0	0	232	254	0	-2.06E-05	6.09E-06	-1.01E-05	-1.54E-05
483	11	0	0	0	0	0	0	232	254	0	-2.05E-05	6.35E-06	-1.29E-05	-1.24E-05
483	12	0	0	0	0	0	0	232	254	0	-2.18E-05	5.85E-06	-3.31E-05	-1.09E-05
483	13	0	0	0	0	0	0	232	254	0	-2.18E-05	5.85E-06	-3.31E-05	-1.09E-05
483	14	0	0	0	0	0	0	232	254	0	-2.17E-05	3.65E-06	-3.08E-05	-7.84E-06
483	15	0	0	0	0	0	0	232	254	0	-2.17E-05	3.65E-06	-3.08E-05	-7.84E-06
483	16	0	0	0	0	0	0	232	254	0	-2.20E-05	2.57E-06	-1.67E-05	-5.37E-06
483	17	0	0	0	0	0	0	232	254	0	-2.20E-05	2.57E-06	-1.67E-05	-5.37E-06
483	18	0	0	0	0	0	0	232	254	0	-2.20E-05	2.70E-06	-1.67E-05	-3.32E-06
483	19	0	0	0	0	0	0	232	254	0	-2.20E-05	2.70E-06	-1.67E-05	-3.32E-06
484	0	0	0	0	0	0	0	232	254	0	-2.14E-05	1.85E-06	-1.71E-06	-2.86E-06
484	1	0	0	0	0	0	0	232	254	0	-2.18E-05	1.95E-06	6.92E-06	-7.63E-06
484	2	0	0	0	0	0	0	232	254	0	-2.18E-05	1.95E-06	6.92E-06	-7.63E-06
484	3	0	0	0	0	0	0	232	254	0	-2.13E-05	2.31E-06	7.78E-06	-1.42E-05
484	4	0	0	0	0	0	0	232	254	0	-2.13E-05	2.31E-06	7.78E-06	-1.42E-05
484	5	0	0	0	0	0	0	232	254	0	-1.93E-05	1.46E-06	-7.43E-06	-1.76E-05
484	6	0	0	0	0	0	0	232	254	0	-1.93E-05	1.46E-06	-7.43E-06	-1.76E-05
484	7	0	0	0	0	0	0	232	254	0	-1.89E-05	3.62E-06	-2.77E-05	-1.74E-05
484	8	0	0	0	0	0	0	232	254	0	-1.89E-05	3.62E-06	-2.77E-05	-1.74E-05
484	9	0	0	0	0	0	0	232	254	0	-1.83E-05	7.04E-06	-2.98E-05	-1.80E-05
484	10	0	0	0	0	0	0	232	254	0	-1.69E-05	7.97E-06	-1.85E-05	-1.82E-05
484	11	0	0	0	0	0	0	232	254	0	-1.69E-05	7.97E-06	-1.85E-05	-1.82E-05
484	12	0	0	0	0	0	0	232	254	0	-1.59E-05	8.52E-06	-1.54E-05	-1.70E-05
484	13	0	0	0	0	0	0	232	254	0	-1.59E-05	8.52E-06	-1.54E-05	-1.70E-05
484	14	0	0	0	0	0	0	232	254	0	-1.63E-05	8.92E-06	-8.73E-06	-1.04E-05
484	15	0	0	0	0	0	0	232	254	0	-1.63E-05	8.92E-06	-8.73E-06	-1.04E-05
484	16	0	0	0	0	0	0	232	254	0	-1.87E-05	6.98E-06	9.18E-06	-3.68E-06
484	17	0	0	0	0	0	0	232	254	0	-1.87E-05	6.98E-06	9.18E-06	-3.68E-06
484	18	0	0	0	0	0	0	232	254	0	-2.05E-05	5.50E-06	4.76E-07	-1.49E-06
484	19	0	0	0	0	0	0	232	254	0	-2.01E-05	4.13E-06	-2.82E-06	-5.89E-06
485	0	0	0	0	0	0	0	232	254	0	-2.01E-05	4.13E-06	-2.82E-06	-5.89E-06
485	1	0	0	0	0	0	0	232	254	0	-2.09E-05	2.54E-06	7.31E-06	-1.09E-05
485	2	0	0	0	0	0	0	232	254	0	-2.09E-05	2.54E-06	7.31E-06	-1.09E-05
485	3	0	0	0	0	0	0	232	254	0	-2.21E-05	8.91E-07	-1.05E-05	-1.25E-05
485	4	0	0	0	0	0	0	232	254	0	-2.21E-05	8.91E-07	-1.05E-05	-1.25E-05
485	5	0	0	0	0	0	0	232	254	0	-2.28E-05	1.43E-06	-2.22E-05	-1.26E-05
485	6	0	0	0	0	0	0	232	254	0	-2.28E-05	1.43E-06	-2.22E-05	-1.26E-05
485	7	0	0	0	0	0	0	232	254	0	-2.16E-05	2.80E-06	-3.30E-05	-1.44E-05
485	8	0	0	0	0	0	0	232	254	0	-2.11E-05	2.21E-06	-3.49E-05	-1.41E-05
485	9	0	0	0	0	0	0	232	254	0	-2.11E-05	2.21E-06	-3.49E-05	-1.41E-05
485	10	0	0	0	0	0	0	232	254	0	-2.10E-05	1.67E-07	-3.56E-05	-1.20E-05
485	11	0	0	0	0	0	0	232	254	0	-2.10E-05	1.67E-07	-3.56E-05	-1.20E-05
485	12	0	0	0	0	0	0	232	254	0	-2.10E-05	-1.19E-06	-2.47E-05	-1.08E-05
485	13	0	0	0	0	0	0	232	254	0	-2.10E-05	-1.19E-06	-2.47E-05	-1.08E-05
485	14	0	0	0	0	0	0	232	254	0	-2.11E-05	1.85E-06	-1.84E-05	-1.02E-05
485	15	0	0	0	0	0	0	232	254	0	-2.11E-05	1.85E-06	-1.84E-05	-1.02E-05
485	16	0	0	0	0	0	0	232	254	0	-2.09E-05	3.87E-06	-5.60E-06	-9.95E-06
485	17	0	0	0	0	0	0	232	254	0	-2.04E-05	5.23E-06	3.78E-05	-1.05E-05
485	18	0	0	0	0	0	0	232	254	0	-2.04E-05	5.23E-06	3.78E-05	-1.05E-05
485	19	0	0	0	0	0	0	232	254	0	-2.18E-05	7.24E-06	3.00E-05	-1.27E-05
486	0	0	0	0	0	0	0	232	254	0	-2.18E-05	7.24E-06	3.00E-05	-1.27E-05
486	1	0	0	0	0	0	0	232	254	0	-2.23E-05	8.03E-06	-2.11E-06	-1.55E-05
486	2	0	0	0	0	0	0	232	254	0	-2.23E-05	8.03E-06	-2.11E-06	-1.55E-05
486	3	0	0	0	0	0	0	232	254	0	-2.23E-05	1.18E-05	-1.58E-05	-1.62E-05
486	4	0	0	0	0	0	0	232	254	0	-2.23E-05	1.18E-05	-1.58E-05	-1.62E-05
486	5	0	0	0	0	0	0	232	254	0	-2.20E-05	1.35E-05	-2.36E-05	-1.81E-05
486	6	0	0	0	0	0	0	232	254	0	-2.19E-05	1.49E-05	-2.78E-05	-1.99E-05
486	7	0	0	0	0	0	0	232	254	0	-2.19E-05	1.49E-05	-2.78E-05	-1.99E-05
486	8	0	0	0	0	0	0	232	254	0	-2.26E-05	1.60E-05	-1.14E-05	-2.03E-05
486	9	0	0	0	0	0	0	232	254	0	-2.26E-05	1.60E-05	-1.14E-05	-2.03E-05
486	10	0	0	0	0	0	0	232	254	0	-2.19E-05	1.39E-05	6.05E-06	-1.85E-05
486	11	0	0	0	0	0	0	232	254	0	-2.19E-05	1.39E-05	6.05E-06	-1.85E-05
486	12	0	0	0	0	0	0	232	254	0	-2.04E-05	1.12E-05	2.51E-05	-1.68E-05
486	13	0	0	0	0	0	0	232	254	0	-2.04E-05	1.12E-05	2.51E-05	-1.68E-05
486	14	0	0	0	0	0	0	232	254	0	-1.95E-05	1.10E-05	2.11E-05	-1.15E-05
486	15	0	0	0	0	0	0	232	254	0	-2.02E-05	9.42E-06	-1.31E-05	-6.00E-06
486	16	0	0	0	0	0	0	232	254	0	-2.02E-05	9.42E-06	-1.31E-05	-6.00E-06
486	17	0	0	0	0	0	0	232	254	0	-1.97E-05	7.70E-06	1.32E-05	-4.61E-06
486	18	0	0	0	0	0	0	232	254	0	-1.97E-05	7.70E-06	1.32E-05	-4.61E-06
486	19	0	0	0	0	0	0	232	254	0	-2.04E-05	7.24E-06	3.80E-05	-3.40E-06
487	0	0	0	0	0	0	0	232	254	0	-2.04E-05	7.24E-06	3.80E-05	-3.40E-06
487	1	0	0	0	0	0	0	232	254	0	-2.09E-05	5.28E-06	5.66E-06	-4.92E-06
487	2	0	0	0	0	0	0	232	254	0	-2.09E-05	5.28E-06	5.66E-06	-4.92E-06
487	3	0	0	0	0	0	0	232	254	0	-2.06E-05	3.55E-06	-3.96E-06	-7.80E-06
487	4	0	0	0	0	0	0	232	254	0	-2.03E-05	1.64E-06	7.13E-06	-1.22E-05
487	5	0	0	0	0	0	0	232	254	0	-2.03E-05	1.64E-06	7.13E-06	-1.22E-05
487	6	0	0	0	0	0	0	232	254	0	-2.05E-05	4.00E-07	-1.17E-05	-1.38E-05
487	7	0	0	0	0	0	0	232	254	0	-2.05E-05	4.00E-07	-1.17E-05	-1.38E-05
487	8	0	0	0	0	0	0	232	254	0	-2.14E-05	-3.75E-07	-2.10E-05	-1.49E-05
487	9	0	0	0	0	0	0	232	254	0	-2.14E-05	-3.75E-07	-2.10E-05	-1.49E-05
487	10	0	0	0	0	0	0	232	254	0	-2.17E-05	-1.51E-06	-1.72E-05	-1.32E-05
487	11	0	0	0	0	0	0	232	254	0	-2.17E-05	-1.51E-06	-1.72E-05	-1.32E-05
487	12	0	0	0	0	0	0	232	254	0	-2.17E-05	-1.61E-06	-7.61E-06	-1.14E-05
487	13	0	0	0	0	0	0	232	254	0	-2.20E-05	-2.34E-06	-9.44E-06	-1.26E-05
487	14	0	0	0	0	0	0	232	254	0	-2.20E-05	-2.34E-06	-9.44E-06	-1.26E-05
487	15	0	0	0	0	0	0	232	254	0	-2.26E-05	-2.93E-06	-1.83E-05	-1.32E-05
487	16	0	0	0	0	0	0	232	254	0	-2.26E-05	-2.93E-06	-1.83E-05	-1.32E-05
487	17	0	0	0	0	0	0	232	254	0	-2.09E-05	-9.40E-07	-2.05E-05	-1.28E-05
487	18	0	0	0	0	0	0	232	254	0	-2.09E-05	-9.40E-07	-2.05E-05	-1.28E-05
487	19	0	0	0	0	0	0	232	254	0	-2.32E-05	2.23E-06	-2.37E-05	-1.22E-05
488	0	0	0	0	0	0	0	232	254	0	-2.32E-05	2.23E-06	-2.37E-05	-1.22E-05
488	1	0	0	0	0	0	0	232	254	0	-2.37E-05	2.36E-06	-2.13E-05	-1.18E-05
488	2	0	0	0	0	0	0	232	254	0	-2.38E-05	1.59E-06	-6.15E-06	-1.25E-05
488	3	0	0	0	0	0	0	232	254	0	-2.38E-05	1.59E-06	-6.15E-06	-1.25E-05
488	4	0	0	0	0	0	0	232	254	0	-2.30E-05	2.01E-06	5.36E-06	-1.55E-05
488	5	0	0	0	0	0	0	232	254	0	-2.30E-05	2.01E-06	5.36E-06	-1.55E-05
488	6	0	0	0	0	0	0	232	254	0	-2.28E-05	2.25E-06	3.05E-06	-1.49E-05
488	7	0	0	0	0	0	0	232	254	0	-2.28E-05	2.25E-06	3.05E-06	-1.49E-05
488	8	0	0	0	0	0	0	232	254	0	-2.18E-05	3.29E-06	-2.32E-05	-1.51E-05
488	9	0	0	0	0	0	0	232	254	0	-2.18E-05	3.29E-06	-2.32E-05	-1.51E-05
488	10	0	0	0	0	0	0	232	254	0	-2.10E-05	1.78E-06	-7.42E-05	-1.78E-05
488	11	0	0	0	0	0	0	232	254	0	-2.13E-05	3.22E-07	-7.76E-05	-1.86E-05
488	12	0	0	0	0	0	0	232	254	0	-2.13E-05	3.22E-07	-7.76E-05	-1.86E-05
488	13	0	0	0	0	0	0	232	254	0	-2.38E-05	-7.49E-07	-3.81E-05	-1.56E-05
488	14	0	0	0	0	0	0	232	254	0	-2.38E-05	-7.49E-07	-3.81E-05	-1.56E-05
488	15	0	0	0	0	0	0	232	254	0	-2.43E-05	-9.68E-07	-2.56E-05	-1.15E-05
488	16	0	0	0	0	0	0	232	254	0	-2.43E-05	-9.68E-07	-2.56E-05	-1.15E-05
488	17	0	0	0	0	0	0	232	254	0	-2.24E-05	2.20E-07	-2.68E-05	-8.89E-06
488	18	0	0	0	0	0	0	232	254	0	-2.24E-05	2.20E-07	-2.68E-05	-8.89E-06
488	19	0	0	0	0	0	0	232	254	0	-2.14E-05	4.52E-07	-2.04E-05	-7.46E-06
489	0	0	0	0	0	0	0	232	254	0	-2.02E-05	1.42E-07	2.40E-05	-1.01E-05
489	1	0	0	0	0	0	0	232	254	0	-2.02E-05	1.42E-07	2.40E-05	-1.01E-05
489	2	0	0	0	0	0	0	232	254	0	-1.94E-05	1.30E-07	4.53E-05	-1.24E-05
489	3	0	0	0	0	0	0	232	254	0	-1.94E-05	1.30E-07	4.53E-05	-1.24E-05
489	4	0	0	0	0	0	0	232	254	0	-1.98E-05	1.23E-06	1.97E-05	-1.29E-05
489	5	0	0	0	0	0	0	232	254	0	-1.98E-05	1.23E-06	1.97E-05	-1.29E-05
489	6	0	0	0	0	0	0	232	254	0	-2.07E-05	3.75E-06	7.48E-06	-1.25E-05
489	7	0	0	0	0	0	0	232	254	0	-2.07E-05	3.75E-06	7.48E-06	-1.25E-05
489	8	0	0	0	0	0	0	232	254	0	-2.17E-05	6.08E-06	9.73E-06	-1.25E-05
489	9	0	0	0	0	0	0	232	254	0	-2.10E-05	7.61E-06	1.78E-05	-1.35E-05
489	10	0	0	0	0	0	0	232	254	0	-2.10E-05	7.61E-06	1.78E-05	-1.35E-05
489	11	0	0	0	0	0	0	232	254	0	-2.03E-05	1.02E-05	3.54E-05	-1.10E-05
489	12	0	0	0	0	0	0	232	254	0	-2.03E-05	1.02E-05	3.54E-05	-1.10E-05
489	13	0	0	0	0	0	0	232	254	0	-2.02E-05	1.29E-05	1.99E-05	-7.35E-06
489	14	0	0	0	0	0	0	232	254	0	-2.02E-05	1.29E-05	1.99E-05	-7.35E-06
489	15	0	0	0	0	0	0	232	254	0	-1.98E-05	1.28E-05	-7.31E-06	-1.06E-05
489	16	0	0	0	0	0	0	232	254	0	-1.98E-05	1.28E-05	-7.31E-06	-1.06E-05
489	17	0	0	0	0	0	0	232	254	0	-1.95E-05	1.32E-05	-2.53E-05	-1.42E-05
489	18	0	0	0	0	0	0	232	254	0	-1.96E-05	1.36E-05	-2.65E-05	-1.36E-05
489	19	0	0	0	0	0	0	232	254	0	-1.96E-05	1.36E-05	-2.65E-05	-1.36E-05
490	0	0	0	0	0	0	0	232	254	0	-1.81E-05	1.29E-05	-6.78E-06	-1.41E-05
490	1	0	0	0	0	0	0	232	254	0	-1.81E-05	1.29E-05	-6.78E-06	-1.41E-05
490	2	0	0	0	0	0	0	232	254	0	-2.02E-05	9.95E-06	-1.56E-05	-1.50E-05
490	3	0	0	0	0	0	0	232	254	0	-2.02E-05	9.95E-06	-1.56E-05	-1.50E-05
490	4	0	0	0	0	0	0	232	254	0	-2.09E-05	1.03E-05	-2.64E-05	-1.55E-05
490	5	0	0	0	0	0	0	232	254	0	-2.09E-05	1.03E-05	-2.64E-05	-1.55E-05
490	6	0	0	0	0	0	0	232	254	0	-1.87E-05	1.04E-05	-2.64E-05	-1.49E-05
490	7	0	0	0	0	0	0	232	254	0	-1.92E-05	9.26E-06	-2.43E-05	-1.37E-05
490	8	0	0	0	0	0	0	232	254	0	-1.92E-05	9.26E-06	-2.43E-05	-1.37E-05
490	9	0	0	0	0	0	0	232	254	0	-1.98E-05	9.22E-06	-2.05E-05	-1.34E-05
490	10	0	0	0	0	0	0	232	254	0	-1.98E-05	9.22E-06	-2.05E-05	-1.34E-05
490	11	0	0	0	0	0	0	232	254	0	-2.02E-05	7.84E-06	-1.02E-05	-1.27E-05
490	12	0	0	0	0	0	0	232	254	0	-2.02E-05	7.84E-06	-1.02E-05	-1.27E-05
490	13	0	0	0	0	0	0	232	254	0	-2.10E-05	5.58E-06	2.87E-06	-1.40E-05
490	14	0	0	0	0	0	0	232	254	0	-2.10E-05	5.58E-06	2.87E-06	-1.40E-05
490	15	0	0	0	0	0	0	232	254	0	-2.04E-05	4.61E-06	3.13E-06	-1.65E-05
490	16	0	0	0	0	0	0	232	254	0	-2.12E-05	3.16E-06	-1.62E-06	-1.77E-05
490	17	0	0	0	0	0	0	232	254	0	-2.12E-05	3.16E-06	-1.62E-06	-1.77E-05
490	18	0	0	0	0	0	0	232	254	0	-2.22E-05	2.61E-06	-6.76E-06	-1.78E-05
490	19	0	0	0	0	0	0	232	254	0	-2.22E-05	2.61E-06	-6.76E-06	-1.78E-05
491	0	0	0	0	0	0	0	232	254	0	-2.13E-05	5.03E-08	-1.25E-05	-1.61E-05
491	1	0	0	0	0	0	0	232	254	0	-2.13E-05	5.03E-08	-1.25E-05	-1.61E-05
491	2	0	0	0	0	0	0	232	254	0	-2.10E-05	-1.67E-06	-1.84E-05	-1.24E-05
491	3	0	0	0	0	0	0	232	254	0	-2.10E-05	-1.67E-06	-1.84E-05	-1.24E-05
491	4	0	0	0	0	0	0	232	254	0	-2.08E-05	-2.39E-06	-2.18E-05	-1.15E-05
491	5	0	0	0	0	0	0	232	254	0	-2.10E-05	-1.81E-06	-1.45E-05	-1.13E-05
491	6	0	0	0	0	0	0	232	254	0	-2.10E-05	-1.81E-06	-1.45E-05	-1.13E-05
491	7	0	0	0	0	0	0	232	254	0	-2.09E-05	-2.41E-06	-5.97E-06	-1.39E-05
491	8	0	0	0	0	0	0	232	254	0	-2.09E-05	-2.41E-06	-5.97E-06	-1.39E-05
491	9	0	0	0	0	0	0	232	254	0	-2.19E-05	-1.79E-06	-2.03E-07	-1.57E-05
491	10	0	0	0	0	0	0	232	254	0	-2.19E-05	-1.79E-06	-2.03E-07	-1.57E-05
491	11	0	0	0	0	0	0	232	254	0	-2.27E-05	-1.33E-06	3.11E-06	-1.61E-05
491	12	0	0	0	0	0	0	232	254	0	-2.27E-05	-1.33E-06	3.11E-06	-1.61E-05
491	13	0	0	0	0	0	0	232	254	0	-1.99E-05	-2.06E-07	-3.74E-06	-1.47E-05
491	14	0	0	0	0	0	0	232	254	0	-1.97E-05	1.92E-07	-7.21E-06	-1.38E-05
491	15	0	0	0	0	0	0	232	254	0	-1.97E-05	1.92E-07	-7.21E-06	-1.38E-05
491	16	0	0	0	0	0	0	232	254	0	-1.99E-05	-1.07E-06	5.31E-07	-1.47E-05
491	17	0	0	0	0	0	0	232	254	0	-1.99E-05	-1.07E-06	5.31E-07	-1.47E-05
491	18	0	0	0	0	0	0	232	254	0	-2.04E-05	1.89E-06	8.57E-07	-1.50E-05
491	19	0	0	0	0	0	0	232	254	0	-2.04E-05	1.89E-06	8.57E-07	-1.50E-05
492	0	0	0	0	0	0	0	232	254	0	-2.11E-05	5.02E-06	-1.00E-05	-1.48E-05
492	1	0	0	0	0	0	0	232	254	0	-2.11E-05	5.02E-06	-1.00E-05	-1.48E-05
492	2	0	0	0	0	0	0	232	254	0	-2.20E-05	5.41E-06	-1.97E-05	-1.57E-05
492	3	0	0	0	0	0	0	232	254	0	-2.31E-05	2.91E-06	-2.13E-05	-1.31E-05
492	4	0	0	0	0	0	0	232	254	0	-2.31E-05	2.91E-06	-2.13E-05	-1.31E-05
492	5	0	0	0	0	0	0	232	254	0	-2.39E-05	3.24E-06	-3.59E-05	-7.55E-06
492	6	0	0	0	0	0	0	232	254	0	-2.39E-05	3.24E-06	-3.59E-05	-7.55E-06
492	7	0	0	0	0	0	0	232	254	0	-2.39E-05	3.37E-06	-4.28E-05	-7.24E-06
492	8	0	0	0	0	0	0	232	254	0	-2.39E-05	3.37E-06	-4.28E-05	-7.24E-06
492	9	0	0	0	0	0	0	232	254	0	-2.32E-05	2.57E-06	-2.84E-05	-5.28E-06
492	10	0	0	0	0	0	0	232	254	0	-2.32E-05	2.57E-06	-2.84E-05	-5.28E-06
492	11	0	0	0	0	0	0	232	254	0	-2.22E-05	2.83E-06	-1.83E-05	-4.28E-06
492	12	0	0	0	0	0	0	232	254	0	-2.15E-05	2.63E-06	-5.08E-06	-7.58E-06
492	13	0	0	0	0	0	0	232	254	0	-2.15E-05	2.63E-06	-5.08E-06	-7.58E-06
492	14	0	0	0	0	0	0	232	254	0	-2.07E-05	2.84E-06	-1.80E-05	-1.35E-05
492	15	0	0	0	0	0	0	232	254	0	-2.07E-05	2.84E-06	-1.80E-05	-1.35E-05
492	16	0	0	0	0	0	0	232	254	0	-1.91E-05	5.38E-06	-3.81E-05	-1.51E-05
492	17	0	0	0	0	0	0	232	254	0	-1.91E-05	5.38E-06	-3.81E-05	-1.51E-05
492	18	0	0	0	0	0	0	232	254	0	-1.99E-05	4.06E-06	-1.41E-05	-1.61E-05
492	19	0	0	0	0	0	0	232	254	0	-1.99E-05	4.06E-06	-1.41E-05	-1.61E-05
493	0	0	0	0	0	0	0	232	254	0	-2.14E-05	1.15E-06	3.98E-06	-1.50E-05
493	1	0	0	0	0	0	0	232	254	0	-2.20E-05	-4.24E-07	-3.18E-06	-1.38E-05
493	2	0	0	0	0	0	0	232	254	0	-2.20E-05	-4.24E-07	-3.18E-06	-1.38E-05
493	3	0	0	0	0	0	0	232	254	0	-2.10E-05	2.21E-06	-5.72E-06	-1.20E-05
493	4	0	0	0	0	0	0	232	254	0	-2.10E-05	2.21E-06	-5.72E-06	-1.20E-05
493	5	0	0	0	0	0	0	232	254	0	-2.03E-05	4.64E-06	-5.36E-06	-1.06E-05
493	6	0	0	0	0	0	0	232	254	0	-2.03E-05	4.64E-06	-5.36E-06	-1.06E-05
493	7	0	0	0	0	0	0	232	254	0	-2.04E-05	6.87E-06	-9.38E-06	-1.05E-05
493	8	0	0	0	0	0	0	232	254	0	-2.04E-05	6.87E-06	-9.38E-06	-1.05E-05
493	9	0	0	0	0	0	0	232	254	0	-2.10E-05	5.72E-06	-1.43E-05	-9.96E-06
493	10	0	0	0	0	0	0	232	254	0	-2.10E-05	5.02E-06	-6.66E-07	-1.01E-05
493	11	0	0	0	0	0	0	232	254	0	-2.10E-05	5.02E-06	-6.66E-07	-1.01E-05
493	12	0	0	0	0	0	0	232	254	0	-2.10E-05	5.98E-06	2.22E-06	-9.08E-06
493	13	0	0	0	0	0	0	232	254	0	-2.10E-05	5.98E-06	2.22E-06	-9.08E-06
493	14	0	0	0	0	0	0	232	254	0	-2.13E-05	6.39E-06	-1.24E-05	-8.59E-06
493	15	0	0	0	0	0	0	232	254	0	-2.13E-05	6.39E-06	-1.24E-05	-8.59E-06
493	16	0	0	0	0	0	0	232	254	0	-2.09E-05	5.85E-06	-1.01E-05	-1.10E-05
493	17	0	0	0	0	0	0	232	254	0	-2.09E-05	5.85E-06	-1.01E-05	-1.10E-05
493	18	0	0	0	0	0	0	232	254	0	-2.05E-05	7.81E-06	7.80E-06	-1.37E-05
493	19	0	0	0	0	0	0	232	254	0	-2.19E-05	8.84E-06	2.10E-05	-1.42E-05
494	0	0	0	0	0	0	0	232	254	0	-2.19E-05	8.84E-06	2.10E-05	-1.42E-05
494	1	0	0	0	0	0	0	232	254	0	-2.31E-05	6.77E-06	1.36E-05	-1.34E-05
494	2	0	0	0	0	0	0	232	254	0	-2.31E-05	6.77E-06	1.36E-05	-1.34E-05
494	3	0	0	0	0	0	0	232	254	0	-2.17E-05	6.76E-06	8.28E-07	-1.24E-05
494	4	0	0	0	0	0	0	232	254	0	-2.17E-05	6.76E-06	8.28E-07	-1.24E-05
494	5	0	0	0	0	0	0	232	254	0	-2.12E-05	5.31E-06	-1.13E-05	-1.20E-05
494	6	0	0	0	0	0	0	232	254	0	-2.12E-05	5.31E-06	-1.13E-05	-1.20E-05
494	7	0	0	0	0	0	0	232	254	0	-2.19E-05	5.87E-06	-1.25E-05	-1.14E-05
494	8	0	0	0	0	0	0	232	254	0	-2.08E-05	6.08E-06	1.37E-05	-1.45E-05
494	9	0	0	0	0	0	0	232	254	0	-2.08E-05	6.08E-06	1.37E-05	-1.45E-05
494	10	0	0	0	0	0	0	232	254	0	-2.16E-05	7.37E-06	1.80E-05	-1.86E-05
494	11	0	0	0	0	0	0	232	254	0	-2.16E-05	7.37E-06	1.80E-05	-1.86E-05
494	12	0	0	0	0	0	0	232	254	0	-2.12E-05	8.22E-06	4.59E-06	-1.81E-05
494	13	0	0	0	0	0	0	232	254	0	-2.12E-05	8.22E-06	4.59E-06	-1.81E-05
494	14	0	0	0	0	0	0	232	254	0	-2.17E-05	8.30E-06	-1.45E-05	-1.57E-05
494	15	0	0	0	0	0	0	232	254	0	-2.17E-05	8.30E-06	-1.45E-05	-1.57E-05
494	16	0	0	0	0	0	0	232	254	0	-2.17E-05	8.60E-06	-3.56E-05	-1.21E-05
494	17	0	0	0	0	0	0	232	254	0	-2.20E-05	7.37E-06	-4.53E-06	-1.15E-05
494	18	0	0	0	0	0	0	232	254	0	-2.20E-05	7.37E-06	-4.53E-06	-1.15E-05
494	19	0	0	0	0	0	0	232	254	0	-2.30E-05	4.43E-06	1.45E-05	-1.40E-05
495	0	0	0	0	0	0	0	232	254	0	-2.30E-05	4.43E-06	1.45E-05	-1.40E-05
495	1	0	0	0	0	0	0	232	254	0	-2.22E-05	3.57E-06	-1.48E-05	-1.53E-05
495	2	0	0	0	0	0	0	232	254	0	-2.22E-05	3.57E-06	-1.48E-05	-1.53E-05
495	3	0	0	0	0	0	0	232	254	0	-2.13E-05	1.42E-06	-3.20E-05	-1.34E-05
495	4	0	0	0	0	0	0	232	254	0	-2.13E-05	1.42E-06	-3.20E-05	-1.34E-05
495	5	0	0	0	0	0	0	232	254	0	-2.13E-05	-2.34E-06	-3.17E-05	-1.20E-05
495	6	0	0	0	0	0	0	232	254	0	-2.09E-05	-4.85E-06	-3.96E-05	-1.05E-05
495	7	0	0	0	0	0	0	232	254	0	-2.09E-05	-4.85E-06	-3.96E-05	-1.05E-05
495	8	0	0	0	0	0	0	232	254	0	-2.05E-05	-3.60E-06	-2.66E-05	-1.06E-05
495	9	0	0	0	0	0	0	232	254	0	-2.05E-05	-3.60E-06	-2.66E-05	-1.06E-05
495	10	0	0	0	0	0	0	232	254	0	-2.01E-05	-1.97E-06	1.07E-05	-1.20E-05
495	11	0	0	0	0	0	0	232	254	0	-2.01E-05	-1.97E-06	1.07E-05	-1.20E-05
495	12	0	0	0	0	0	0	232	254	0	-2.07E-05	-7.35E-07	1.92E-05	-1.04E-05
495	13	0	0	0	0	0	0	232	254	0	-2.07E-05	-7.35E-07	1.92E-05	-1.04E-05
495	14	0	0	0	0	0	0	232	254	0	-2.04E-05	1.18E-07	1.29E-05	-7.79E-06
495	15	0	0	0	0	0	0	232	254	0	-2.11E-05	1.76E-06	1.82E-05	-7.71E-06
495	16	0	0	0	0	0	0	232	254	0	-2.11E-05	1.76E-06	1.82E-05	-7.71E-06
495	17	0	0	0	0	0	0	232	254	0	-2.15E-05	2.39E-06	1.28E-05	-1.08E-05
495	18	0	0	0	0	0	0	232	254	0	-2.15E-05	2.39E-06	1.28E-05	-1.08E-05
495	19	0	0	0	0	0	0	232	254	0	-2.10E-05	3.78E-06	-1.16E-05	-1.34E-05
496	0	0	0	0	0	0	0	232	254	0	-2.10E-05	3.78E-06	-1.16E-05	-1.34E-05
496	1	0	0	0	0	0	0	232	254	0	-2.09E-05	5.52E-06	-2.10E-05	-1.41E-05
496	2	0	0	0	0	0	0	232	254	0	-2.09E-05	5.52E-06	-2.10E-05	-1.41E-05
496	3	0	0	0	0	0	0	232	254	0	-2.02E-05	7.94E-06	-2.96E-05	-1.33E-05
496	4	0	0	0	0	0	0	232	254	0	-1.79E-05	1.25E-05	-3.44E-05	-1.28E-05
496	5	0	0	0	0	0	0	232	254	0	-1.79E-05	1.25E-05	-3.44E-05	-1.28E-05
496	6	0	0	0	0	0	0	232	254	0	-1.77E-05	1.52E-05	-2.75E-05	-1.41E-05
496	7	0	0	0	0	0	0	232	254	0	-1.77E-05	1.52E-05	-2.75E-05	-1.41E-05
496	8	0	0	0	0	0	0	232	254	0	-1.82E-05	1.25E-05	-2.06E-05	-1.27E-05
496	9	0	0	0	0	0	0	232	254	0	-1.82E-05	1.25E-05	-2.06E-05	-1.27E-05
496	10	0	0	0	0	0	0	232	254	0	-1.82E-05	9.59E-06	-1.40E-05	-1.17E-05
496	11	0	0	0	0	0	0	232	254	0	-1.82E-05	9.59E-06	-1.40E-05	-1.17E-05
496	12	0	0	0	0	0	0	232	254	0	-1.95E-05	8.15E-06	-8.58E-06	-1.13E-05
496	13	0	0	0	0	0	0	232	254	0	-1.93E-05	9.59E-06	-6.57E-06	-1.19E-05
496	14	0	0	0	0	0	0	232	254	0	-1.93E-05	9.59E-06	-6.57E-06	-1.19E-05
496	15	0	0	0	0	0	0	232	254	0	-1.78E-05	9.35E-06	-4.66E-06	-1.30E-05
496	16	0	0	0	0	0	0	232	254	0	-1.78E-05	9.35E-06	-4.66E-06	-1.30E-05
496	17	0	0	0	0	0	0	232	254	0	-1.88E-05	7.32E-06	-3.89E-06	-1.31E-05
496	18	0	0	0	0	0	0	232	254	0	-1.88E-05	7.32E-06	-3.89E-06	-1.31E-05
496	19	0	0	0	0	0	0	232	254	0	-1.97E-05	7.53E-06	-6.21E-06	-1.19E-05
497	0	0	0	0	0	0	0	232	254	0	-1.97E-05	7.53E-06	-6.21E-06	-1.19E-05
497	1	0	0	0	0	0	0	232	254	0	-2.05E-05	5.80E-06	-8.68E-06	-9.79E-06
497	2	0	0	0	0	0	0	232	254	0	-2.12E-05	7.06E-06	-1.41E-05	-9.89E-06
497	3	0	0	0	0	0	0	232	254	0	-2.12E-05	7.06E-06	-1.41E-05	-9.89E-06
497	4	0	0	0	0	0	0	232	254	0	-2.06E-05	5.90E-06	-2.46E-05	-9.13E-06
497	5	0	0	0	0	0	0	232	254	0	-2.06E-05	5.90E-06	-2.46E-05	-9.13E-06
497	6	0	0	0	0	0	0	232	254	0	-2.09E-05	3.83E-06	-2.16E-05	-1.06E-05
497	7	0	0	0	0	0	0	232	254	0	-2.09E-05	3.83E-06	-2.16E-05	-1.06E-05
497	8	0	0	0	0	0	0	232	254	0	-2.24E-05	1.69E-06	-1.25E-05	-1.23E-05
497	9	0	0	0	0	0	0	232	254	0	-2.24E-05	1.69E-06	-1.25E-05	-1.23E-05
497	10	0	0	0	0	0	0	232	254	0	-2.30E-05	8.91E-07	-9.64E-06	-1.43E-05
497	11	0	0	0	0	0	0	232	254	0	-2.30E-05	1.38E-06	-7.99E-06	-1.55E-05
497	12	0	0	0	0	0	0	232	254	0	-2.30E-05	1.38E-06	-7.99E-06	-1.55E-05
497	13	0	0	0	0	0	0	232	254	0	-2.31E-05	2.78E-06	-6.69E-06	-1.45E-05
497	14	0	0	0	0	0	0	232	254	0	-2.31E-05	2.78E-06	-6.69E-06	-1.45E-05
497	15	0	0	0	0	0	0	232	254	0	-2.29E-05	4.56E-06	-5.90E-06	-1.40E-05
497	16	0	0	0	0	0	0	232	254	0	-2.29E-05	4.56E-06	-5.90E-06	-1.40E-05
497	17	0	0	0	0	0	0	232	254	0	-2.20E-05	6.23E-06	-2.56E-06	-1.40E-05
497	18	0	0	0	0	0	0	232	254	0	-2.20E-05	6.23E-06	-2.56E-06	-1.40E-05
497	19	0	0	0	0	0	0	232	254	0	-2.05E-05	4.43E-06	-3.90E-06	-1.14E-05
498	0	0	0	0	0	0	0	232	254	0	-2.14E-05	3.91E-06	-5.17E-06	-9.13E-06
498	1	0	0	0	0	0	0	232	254	0	-2.14E-05	3.91E-06	-5.17E-06	-9.13E-06
498	2	0	0	0	0	0	0	232	254	0	-2.15E-05	4.22E-06	-6.91E-06	-1.06E-05
498	3	0	0	0	0	0	0	232	254	0	-2.15E-05	4.22E-06	-6.91E-06	-1.06E-05
498	4	0	0	0	0	0	0	232	254	0	-2.09E-05	4.75E-06	-1.33E-05	-1.19E-05
498	5	0	0	0	0	0	0	232	254	0	-2.09E-05	4.75E-06	-1.33E-05	-1.19E-05
498	6	0	0	0	0	0	0	232	254	0	-2.05E-05	6.78E-06	-1.69E-05	-1.37E-05
498	7	0	0	0	0	0	0	232	254	0	-2.05E-05	6.78E-06	-1.69E-05	-1.37E-05
498	8	0	0	0	0	0	0	232	254	0	-2.14E-05	5.90E-06	-1.34E-05	-1.44E-05
498	9	0	0	0	0	0	0	232	254	0	-2.06E-05	4.07E-06	-6.19E-06	-1.40E-05
498	10	0	0	0	0	0	0	232	254	0	-2.06E-05	4.07E-06	-6.19E-06	-1.40E-05
498	11	0	0	0	0	0	0	232	254	0	-2.02E-05	3.46E-06	-1.46E-06	-1.40E-05
498	12	0	0	0	0	0	0	232	254	0	-2.02E-05	3.46E-06	-1.46E-06	-1.40E-05
498	13	0	0	0	0	0	0	232	254	0	-1.95E-05	4.00E-06	-8.11E-07	-1.20E-05
498	14	0	0	0	0	0	0	232	254	0	-1.95E-05	4.00E-06	-8.11E-07	-1.20E-05
498	15	0	0	0	0	0	0	232	254	0	-1.88E-05	3.81E-06	-1.32E-06	-1.03E-05
498	16	0	0	0	0	0	0	232	254	0	-1.88E-05	3.81E-06	-1.32E-06	-1.03E-05
498	17	0	0	0	0	0	0	232	254	0	-2.00E-05	3.52E-06	-1.72E-05	-1.01E-05
498	18	0	0	0	0	0	0	232	254	0	-2.16E-05	3.55E-06	-2.75E-05	-1.11E-05
498	19	0	0	0	0	0	0	232	254	0	-2.16E-05	3.55E-06	-2.75E-05	-1.11E-05
499	0	0	0	0	0	0	0	232	254	0	-2.29E-05	3.64E-06	-1.39E-05	-1.26E-05
499	1	0	0	0	0	0	0	232	254	0	-2.29E-05	3.64E-06	-1.39E-05	-1.26E-05
499	2	0	0	0	0	0	0	232	254	0	-2.24E-05	3.49E-06	-6.90E-06	-1.44E-05
499	3	0	0	0	0	0	0	232	254	0	-2.24E-05	3.49E-06	-6.90E-06	-1.44E-05
499	4	0	0	0	0	0	0	232	254	0	-2.30E-05	4.27E-06	-9.03E-06	-1.51E-05
499	5	0	0	0	0	0	0	232	254	0	-2.30E-05	4.27E-06	-9.03E-06	-1.51E-05
499	6	0	0	0	0	0	0	232	254	0	-2.28E-05	4.47E-06	-4.48E-06	-1.62E-05
499	7	0	0	0	0	0	0	232	254	0	-2.21E-05	3.16E-06	-6.60E-07	-1.54E-05
499	8	0	0	0	0	0	0	232	254	0	-2.21E-05	3.16E-06	-6.60E-07	-1.54E-05
499	9	0	0	0	0	0	0	232	254	0	-2.25E-05	3.02E-06	-1.61E-06	-1.39E-05
499	10	0	0	0	0	0	0	232	254	0	-2.25E-05	3.02E-06	-1.61E-06	-1.39E-05
499	11	0	0	0	0	0	0	232	254	0	-2.12E-05	2.89E-06	-2.60E-06	-1.30E-05
499	12	0	0	0	0	0	0	232	254	0	-2.12E-05	2.89E-06	-2.60E-06	-1.30E-05
499	13	0	0	0	0	0	0	232	254	0	-2.05E-05	1.97E-06	-6.53E-06	-1.39E-05
499	14	0	0	0	0	0	0	232	254	0	-2.05E-05	1.97E-06	-6.53E-06	-1.39E-05
499	15	0	0	0	0	0	0	232	254	0	-2.18E-05	8.13E-07	-1.73E-05	-1.18E-05
499	16	0	0	0	0	0	0	232	254	0	-2.19E-05	6.45E-07	-2.37E-05	-1.13E-05
499	17	0	0	0	0	0	0	232	254	0	-2.19E-05	6.45E-07	-2.37E-05	-1.13E-05
499	18	0	0	0	0	0	0	232	254	0	-2.08E-05	2.69E-07	-6.75E-06	-1.36E-05
499	19	0	0	0	0	0	0	232	254	0	-2.08E-05	2.69E-07	-6.75E-06	-1.36E-05
500	0	0	0	0	0	0	0	232	254	0	-1.85E-05	-7.73E-07	6.71E-06	-1.32E-05
500	1	0	0	0	0	0	0	232	254	0	-1.85E-05	-7.73E-07	6.71E-06	-1.32E-05
500	2	0	0	0	0	0	0	232	254	0	-1.98E-05	6.60E-07	1.00E-05	-1.07E-05
500	3	0	0	0	0	0	0	232	254	0	-1.98E-05	6.60E-07	1.00E-05	-1.07E-05
500	4	0	0	0	0	0	0	232	254	0	-1.98E-05	1.51E-06	3.54E-06	-9.39E-06
500	5	0	0	0	0	0	0	232	254	0	-1.98E-05	1.87E-06	2.19E-06	-1.06E-05
500	6	0	0	0	0	0	0	232	254	0	-1.98E-05	1.87E-06	2.19E-06	-1.06E-05
500	7	0	0	0	0	0	0	232	254	0	-1.88E-05	3.91E-06	-1.40E-05	-1.26E-05
500	8	0	0	0	0	0	0	232	254	0	-1.88E-05	3.91E-06	-1.40E-05	-1.26E-05
500	9	0	0	0	0	0	0	232	254	0	-1.99E-05	4.12E-06	-3.27E-05	-1.43E-05
500	10	0	0	0	0	0	0	232	254	0	-1.99E-05	4.12E-06	-3.27E-05	-1.43E-05
500	11	0	0	0	0	0	0	232	254	0	-1.95E-05	3.90E-06	-2.97E-05	-1.42E-05
500	12	0	0	0	0	0	0	232	254	0	-1.95E-05	3.90E-06	-2.97E-05	-1.42E-05
500	13	0	0	0	0	0	0	232	254	0	-1.83E-05	5.04E-06	-1.39E-05	-1.32E-05
500	14	0	0	0	0	0	0	232	254	0	-1.98E-05	5.27E-06	-8.71E-06	-1.47E-05
500	15	0	0	0	0	0	0	232	254	0	-1.98E-05	5.27E-06	-8.71E-06	-1.47E-05
500	16	0	0	0	0	0	0	232	254	0	-2.11E-05	6.60E-06	-1.23E-05	-1.63E-05
500	17	0	0	0	0	0	0	232	254	0	-2.11E-05	6.60E-06	-1.23E-05	-1.63E-05
500	18	0	0	0	0	0	0	232	254	0	-1.98E-05	6.93E-06	-1.31E-05	-1.61E-05
500	19	0	0	0	0	0	0	232	254	0	-1.98E-05	6.93E-06	-1.31E-05	-1.61E-05
501	0	0	0	0	0	0	0	232	254	0	-2.10E-05	7.40E-06	-1.55E-05	-1.45E-05
501	1	0	0	0	0	0	0	232	254	0	-2.10E-05	7.40E-06	-1.55E-05	-1.45E-05
501	2	0	0	0	0	0	0	232	254	0	-2.12E-05	8.26E-06	-1.44E-05	-1.21E-05
501	3	0	0	0	0	0	0	232	254	0	-2.07E-05	7.14E-06	-1.44E-05	-1.17E-05
501	4	0	0	0	0	0	0	232	254	0	-2.07E-05	7.14E-06	-1.44E-05	-1.17E-05
501	5	0	0	0	0	0	0	232	254	0	-2.17E-05	4.71E-06	-1.08E-05	-1.27E-05
501	6	0	0	0	0	0	0	232	254	0	-2.17E-05	4.71E-06	-1.08E-05	-1.27E-05
501	7	0	0	0	0	0	0	232	254	0	-2.15E-05	3.73E-06	-6.71E-06	-1.31E-05
501	8	0	0	0	0	0	0	232	254	0	-2.15E-05	3.73E-06	-6.71E-06	-1.31E-05
501	9	0	0	0	0	0	0	232	254	0	-2.10E-05	3.10E-06	-1.09E-05	-1.19E-05
501	10	0	0	0	0	0	0	232	254	0	-2.10E-05	3.10E-06	-1.09E-05	-1.19E-05
501	11	0	0	0	0	0	0	232	254	0	-2.29E-05	3.89E-06	-7.52E-06	-1.02E-05
501	12	0	0	0	0	0	0	232	254	0	-2.24E-05	6.06E-06	1.82E-07	-1.18E-05
501	13	0	0	0	0	0	0	232	254	0	-2.24E-05	6.06E-06	1.82E-07	-1.18E-05
501	14	0	0	0	0	0	0	232	254	0	-2.20E-05	6.97E-06	2.71E-06	-1.29E-05
501	15	0	0	0	0	0	0	232	254	0	-2.20E-05	6.97E-06	2.71E-06	-1.29E-05
501	16	0	0	0	0	0	0	232	254	0	-2.16E-05	6.55E-06	1.29E-05	-1.13E-05
501	17	0	0	0	0	0	0	232	254	0	-2.16E-05	6.55E-06	1.29E-05	-1.13E-05
501	18	0	0	0	0	0	0	232	254	0	-1.99E-05	6.55E-06	2.17E-05	-1.25E-05
501	19	0	0	0	0	0	0	232	254	0	-1.99E-05	6.55E-06	2.17E-05	-1.25E-05
502	0	0	0	0	0	0	0	232	254	0	-1.86E-05	6.78E-06	1.07E-05	-1.24E-05
502	1	0	0	0	0	0	0	232	254	0	-2.23E-05	8.19E-06	-1.35E-05	-9.34E-06
502	2	0	0	0	0	0	0	232	254	0	-2.23E-05	8.19E-06	-1.35E-05	-9.34E-06
502	3	0	0	0	0	0	0	232	254	0	-2.36E-05	8.19E-06	-3.48E-05	-1.01E-05
502	4	0	0	0	0	0	0	232	254	0	-2.36E-05	8.19E-06	-3.48E-05	-1.01E-05
502	5	0	0	0	0	0	0	232	254	0	-2.14E-05	3.87E-06	-3.13E-05	-1.12E-05
502	6	0	0	0	0	0	0	232	254	0	-2.14E-05	3.87E-06	-3.13E-05	-1.12E-05
502	7	0	0	0	0	0	0	232	254	0	-2.28E-05	1.46E-06	-2.23E-05	-1.32E-05
502	8	0	0	0	0	0	0	232	254	0	-2.28E-05	1.46E-06	-2.23E-05	-1.32E-05
502	9	0	0	0	0	0	0	232	254	0	-2.31E-05	3.57E-06	-2.53E-05	-1.49E-05
502	10	0	0	0	0	0	0	232	254	0	-2.21E-05	6.52E-06	-2.20E-05	-1.47E-05
502	11	0	0	0	0	0	0	232	254	0	-2.21E-05	6.52E-06	-2.20E-05	-1.47E-05
502	12	0	0	0	0	0	0	232	254	0	-2.24E-05	6.14E-06	-1.73E-05	-1.39E-05
502	13	0	0	0	0	0	0	232	254	0	-2.24E-05	6.14E-06	-1.73E-05	-1.39E-05
502	14	0	0	0	0	0	0	232	254	0	-2.08E-05	5.34E-06	-2.05E-05	-1.20E-05
502	15	0	0	0	0	0	0	232	254	0	-2.08E-05	5.34E-06	-2.05E-05	-1.20E-05
502	16	0	0	0	0	0	0	232	254	0	-1.93E-05	7.99E-06	-1.29E-05	-1.29E-05
502	17	0	0	0	0	0	0	232	254	0	-1.93E-05	7.99E-06	-1.29E-05	-1.29E-05
502	18	0	0	0	0	0	0	232	254	0	-1.64E-05	8.04E-06	5.75E-06	-1.46E-05
502	19	0	0	0	0	0	0	232	254	0	-1.48E-05	5.15E-06	6.15E-06	-1.47E-05
503	0	0	0	0	0	0	0	232	254	0	-1.48E-05	5.15E-06	6.15E-06	-1.47E-05
503	1	0	0	0	0	0	0	232	254	0	-1.40E-05	4.92E-06	-8.77E-06	-1.49E-05
503	2	0	0	0	0	0	0	232	254	0	-1.40E-05	4.92E-06	-8.77E-06	-1.49E-05
503	3	0	0	0	0	0	0	232	254	0	-1.46E-05	5.26E-06	-1.31E-05	-1.47E-05
503	4	0	0	0	0	0	0	232	254	0	-1.46E-05	5.26E-06	-1.31E-05	-1.47E-05
503	5	0	0	0	0	0	0	232	254	0	-1.60E-05	4.97E-06	-9.98E-06	-1.35E-05
503	6	0	0	0	0	0	0	232	254	0	-1.60E-05	4.97E-06	-9.98E-06	-1.35E-05
503	7	0	0	0	0	0	0	232	254	0	-1.97E-05	1.64E-06	-8.51E-06	-1.27E-05
503	8	0	0	0	0	0	0	232	254	0	-1.97E-05	5.04E-07	-7.52E-06	-1.28E-05
503	9	0	0	0	0	0	0	232	254	0	-1.97E-05	5.04E-07	-7.52E-06	-1.28E-05
503	10	0	0	0	0	0	0	232	254	0	-1.87E-05	4.51E-07	-3.61E-06	-1.49E-05
503	11	0	0	0	0	0	0	232	254	0	-1.87E-05	4.51E-07	-3.61E-06	-1.49E-05
503	12	0	0	0	0	0	0	232	254	0	-2.12E-05	4.80E-07	-2.88E-06	-1.49E-05
503	13	0	0	0	0	0	0	232	254	0	-2.12E-05	4.80E-07	-2.88E-06	-1.49E-05
503	14	0	0	0	0	0	0	232	254	0	-2.27E-05	2.18E-06	-9.15E-07	-1.45E-05
503	15	0	0	0	0	0	0	232	254	0	-2.27E-05	2.18E-06	-9.15E-07	-1.45E-05
503	16	0	0	0	0	0	0	232	254	0	-2.34E-05	2.55E-06	1.91E-07	-1.40E-05
503	17	0	0	0	0	0	0	232	254	0	-2.53E-05	4.51E-06	-1.67E-06	-1.36E-05
503	18	0	0	0	0	0	0	232	254	0	-2.53E-05	4.51E-06	-1.67E-06	-1.36E-05
503	19	0	0	0	0	0	0	232	254	0	-2.55E-05	3.95E-06	-2.47E-06	-1.07E-05
504	0	0	0	0	0	0	0	232	254	0	-2.55E-05	3.95E-06	-2.47E-06	-1.07E-05
504	1	0	0	0	0	0	0	232	254	0	-2.64E-05	1.42E-06	-2.81E-06	-9.67E-06
504	2	0	0	0	0	0	0	232	254	0	-2.64E-05	1.42E-06	-2.81E-06	-9.67E-06
504	3	0	0	0	0	0	0	232	254	0	-2.61E-05	1.30E-07	-6.65E-06	-1.02E-05
504	4	0	0	0	0	0	0	232	254	0	-2.61E-05	1.30E-07	-6.65E-06	-1.02E-05
504	5	0	0	0	0	0	0	232	254	0	-2.50E-05	1.26E-06	-9.27E-06	-1.06E-05
504	6	0	0	0	0	0	0	232	254	0	-2.45E-05	3.68E-06	-1.07E-05	-1.24E-05
504	7	0	0	0	0	0	0	232	254	0	-2.45E-05	3.68E-06	-1.07E-05	-1.24E-05
504	8	0	0	0	0	0	0	232	254	0	-2.36E-05	4.53E-06	-1.22E-05	-1.25E-05
504	9	0	0	0	0	0	0	232	254	0	-2.36E-05	4.53E-06	-1.22E-05	-1.25E-05
504	10	0	0	0	0	0	0	232	254	0	-2.33E-05	4.74E-06	-9.92E-06	-1.02E-05
504	11	0	0	0	0	0	0	232	254	0	-2.33E-05	4.74E-06	-9.92E-06	-1.02E-05
504	12	0	0	0	0	0	0	232	254	0	-2.32E-05	6.08E-06	-4.22E-06	-1.05E-05
504	13	0	0	0	0	0	0	232	254	0	-2.32E-05	6.08E-06	-4.22E-06	-1.05E-05
504	14	0	0	0	0	0	0	232	254	0	-2.38E-05	6.85E-06	-3.64E-06	-1.18E-05
504	15	0	0	0	0	0	0	232	254	0	-2.27E-05	4.76E-06	-1.06E-05	-1.13E-05
504	16	0	0	0	0	0	0	232	254	0	-2.27E-05	4.76E-06	-1.06E-05	-1.13E-05
504	17	0	0	0	0	0	0	232	254	0	-2.09E-05	4.77E-06	-1.52E-05	-1.36E-05
504	18	0	0	0	0	0	0	232	254	0	-2.09E-05	4.77E-06	-1.52E-05	-1.36E-05
504	19	0	0	0	0	0	0	232	254	0	-1.94E-05	8.15E-06	-1.22E-05	-1.33E-05
505	0	0	0	0	0	0	0	232	254	0	-1.94E-05	8.15E-06	-1.22E-05	-1.33E-05
505	1	0	0	0	0	0	0	232	254	0	-2.00E-05	9.10E-06	-8.54E-06	-1.17E-05
505	2	0	0	0	0	0	0	232	254	0	-2.00E-05	9.10E-06	-8.54E-06	-1.17E-05
505	3	0	0	0	0	0	0	232	254	0	-2.14E-05	6.81E-06	-1.07E-05	-1.28E-05
505	4	0	0	0	0	0	0	232	254	0	-2.04E-05	8.77E-06	-1.28E-05	-1.39E-05
505	5	0	0	0	0	0	0	232	254	0	-2.04E-05	8.77E-06	-1.28E-05	-1.39E-05
505	6	0	0	0	0	0	0	232	254	0	-2.08E-05	1.17E-05	-9.95E-06	-1.40E-05
505	7	0	0	0	0	0	0	232	254	0	-2.08E-05	1.17E-05	-9.95E-06	-1.40E-05
505	8	0	0	0	0	0	0	232	254	0	-1.95E-05	1.13E-05	-6.91E-06	-1.41E-05
505	9	0	0	0	0	0	0	232	254	0	-1.95E-05	1.13E-05	-6.91E-06	-1.41E-05
505	10	0	0	0	0	0	0	232	254	0	-1.90E-05	1.00E-05	-9.44E-06	-1.41E-05
505	11	0	0	0	0	0	0	232	254	0	-1.90E-05	1.00E-05	-9.44E-06	-1.41E-05
505	12	0	0	0	0	0	0	232	254	0	-1.89E-05	1.04E-05	-1.24E-05	-1.36E-05
505	13	0	0	0	0	0	0	232	254	0	-1.83E-05	9.32E-06	-1.21E-05	-1.45E-05
505	14	0	0	0	0	0	0	232	254	0	-1.83E-05	9.32E-06	-1.21E-05	-1.45E-05
505	15	0	0	0	0	0	0	232	254	0	-1.73E-05	6.42E-06	-1.10E-05	-1.37E-05
505	16	0	0	0	0	0	0	232	254	0	-1.73E-05	6.42E-06	-1.10E-05	-1.37E-05
505	17	0	0	0	0	0	0	232	254	0	-1.73E-05	2.63E-06	-9.98E-06	-1.22E-05
505	18	0	0	0	0	0	0	232	254	0	-1.73E-05	2.63E-06	-9.98E-06	-1.22E-05
505	19	0	0	0	0	0	0	232	254	0	-1.77E-05	5.30E-07	-1.01E-05	-1.19E-05
506	0	0	0	0	0	0	0	232	254	0	-1.77E-05	5.30E-07	-1.01E-05	-1.19E-05
506	1	0	0	0	0	0	0	232	254	0	-1.82E-05	3.32E-07	-7.86E-06	-1.25E-05
506	2	0	0	0	0	0	0	232	254	0	-1.80E-05	-1.72E-06	-6.08E-06	-1.23E-05
506	3	0	0	0	0	0	0	232	254	0	-1.80E-05	-1.72E-06	-6.08E-06	-1.23E-05
506	4	0	0	0	0	0	0	232	254	0	-1.98E-05	-2.96E-06	-7.27E-06	-1.25E-05
506	5	0	0	0	0	0	0	232	254	0	-1.98E-05	-2.96E-06	-7.27E-06	-1.25E-05
506	6	0	0	0	0	0	0	232	254	0	-2.04E-05	-3.21E-06	-7.16E-06	-1.33E-05
506	7	0	0	0	0	0	0	232	254	0	-2.04E-05	-3.21E-06	-7.16E-06	-1.33E-05
506	8	0	0	0	0	0	0	232	254	0	-2.40E-05	-1.41E-06	-5.37E-06	-1.19E-05
506	9	0	0	0	0	0	0	232	254	0	-2.40E-05	-1.41E-06	-5.37E-06	-1.19E-05
506	10	0	0	0	0	0	0	232	254	0	-2.70E-05	-1.05E-06	-7.43E-06	-1.17E-05
506	11	0	0	0	0	0	0	232	254	0	-2.66E-05	-1.79E-06	-8.30E-06	-1.24E-05
506	12	0	0	0	0	0	0	232	254	0	-2.66E-05	-1.79E-06	-8.30E-06	-1.24E-05
506	13	0	0	0	0	0	0	232	254	0	-2.57E-05	4.14E-07	-8.19E-06	-1.33E-05
506	14	0	0	0	0	0	0	232	254	0	-2.57E-05	4.14E-07	-8.19E-06	-1.33E-05
506	15	0	0	0	0	0	0	232	254	0	-2.34E-05	7.87E-07	-1.66E-05	-1.57E-05
506	16	0	0	0	0	0	0	232	254	0	-2.34E-05	7.87E-07	-1.66E-05	-1.57E-05
506	17	0	0	0	0	0	0	232	254	0	-2.08E-05	5.56E-07	-2.35E-05	-1.61E-05
506	18	0	0	0	0	0	0	232	254	0	-2.08E-05	5.56E-07	-2.35E-05	-1.61E-05
506	19	0	0	0	0	0	0	232	254	0	-1.95E-05	1.20E-06	-2.03E-05	-1.50E-05
507	0	0	0	0	0	0	0	232	254	0	-1.91E-05	3.40E-06	-1.71E-05	-1.57E-05
507	1	0	0	0	0	0	0	232	254	0	-1.91E-05	3.40E-06	-1.71E-05	-1.57E-05
507	2	0	0	0	0	0	0	232	254	0	-1.98E-05	4.69E-06	-1.96E-05	-1.63E-05
507	3	0	0	0	0	0	0	232	254	0	-1.98E-05	4.69E-06	-1.96E-05	-1.63E-05
507	4	0	0	0	0	0	0	232	254	0	-2.08E-05	5.70E-06	-1.02E-05	-1.52E-05
507	5	0	0	0	0	0	0	232	254	0	-2.08E-05	5.70E-06	-1.02E-05	-1.52E-05
507	6	0	0	0	0	0	0	232	254	0	-2.20E-05	6.86E-06	1.58E-05	-1.31E-05
507	7	0	0	0	0	0	0	232	254	0	-2.20E-05	6.86E-06	1.58E-05	-1.31E-05
507	8	0	0	0	0	0	0	232	254	0	-2.26E-05	8.87E-06	1.50E-05	-1.30E-05
507	9	0	0	0	0	0	0	232	254	0	-2.18E-05	1.04E-05	-5.91E-06	-1.23E-05
507	10	0	0	0	0	0	0	232	254	0	-2.18E-05	1.04E-05	-5.91E-06	-1.23E-05
507	11	0	0	0	0	0	0	232	254	0	-2.06E-05	9.08E-06	-1.16E-05	-7.08E-06
507	12	0	0	0	0	0	0	232	254	0	-2.06E-05	9.08E-06	-1.16E-05	-7.08E-06
507	13	0	0	0	0	0	0	232	254	0	-2.09E-05	8.20E-06	-1.19E-05	-5.26E-07
507	14	0	0	0	0	0	0	232	254	0	-2.09E-05	8.20E-06	-1.19E-05	-5.26E-07
507	15	0	0	0	0	0	0	232	254	0	-2.24E-05	8.13E-06	-1.30E-05	2.89E-07
507	16	0	0	0	0	0	0	232	254	0	-2.24E-05	8.13E-06	-1.30E-05	2.89E-07
507	17	0	0	0	0	0	0	232	254	0	-2.35E-05	8.72E-06	-6.18E-06	-5.16E-06
507	18	0	0	0	0	0	0	232	254	0	-2.29E-05	9.78E-06	1.92E-06	-8.48E-06
507	19	0	0	0	0	0	0	232	254	0	-2.29E-05	9.78E-06	1.92E-06	-8.48E-06
508	0	0	0	0	0	0	0	232	254	0	-2.03E-05	1.08E-05	-5.92E-07	-8.37E-06
508	1	0	0	0	0	0	0	232	254	0	-2.03E-05	1.08E-05	-5.92E-07	-8.37E-06
508	2	0	0	0	0	0	0	232	254	0	-1.86E-05	9.54E-06	-6.23E-06	-1.05E-05
508	3	0	0	0	0	0	0	232	254	0	-1.86E-05	9.54E-06	-6.23E-06	-1.05E-05
508	4	0	0	0	0	0	0	232	254	0	-2.03E-05	6.82E-06	-3.96E-06	-1.28E-05
508	5	0	0	0	0	0	0	232	254	0	-2.03E-05	6.82E-06	-3.96E-06	-1.28E-05
508	6	0	0	0	0	0	0	232	254	0	-2.11E-05	2.33E-06	-2.14E-06	-1.23E-05
508	7	0	0	0	0	0	0	232	254	0	-2.09E-05	-6.60E-07	-1.09E-05	-1.44E-05
508	8	0	0	0	0	0	0	232	254	0	-2.09E-05	-6.60E-07	-1.09E-05	-1.44E-05
508	9	0	0	0	0	0	0	232	254	0	-2.12E-05	-1.25E-06	-1.90E-05	-1.47E-05
508	10	0	0	0	0	0	0	232	254	0	-2.12E-05	-1.25E-06	-1.90E-05	-1.47E-05
508	11	0	0	0	0	0	0	232	254	0	-2.14E-05	2.20E-07	-1.24E-05	-1.29E-05
508	12	0	0	0	0	0	0	232	254	0	-2.14E-05	2.20E-07	-1.24E-05	-1.29E-05
508	13	0	0	0	0	0	0	232	254	0	-2.00E-05	3.99E-07	-4.98E-06	-1.19E-05
508	14	0	0	0	0	0	0	232	254	0	-2.00E-05	3.99E-07	-4.98E-06	-1.19E-05
508	15	0	0	0	0	0	0	232	254	0	-1.92E-05	-4.29E-07	-9.57E-06	-1.26E-05
508	16	0	0	0	0	0	0	232	254	0	-2.03E-05	-1.46E-06	-1.15E-05	-1.37E-05
508	17	0	0	0	0	0	0	232	254	0	-2.03E-05	-1.46E-06	-1.15E-05	-1.37E-05
508	18	0	0	0	0	0	0	232	254	0	-1.97E-05	1.06E-06	-1.21E-05	-1.33E-05
508	19	0	0	0	0	0	0	232	254	0	-1.97E-05	1.06E-06	-1.21E-05	-1.33E-05
509	0	0	0	0	0	0	0	232	254	0	-1.63E-05	3.50E-06	-1.32E-05	-1.37E-05
509	1	0	0	0	0	0	0	232	254	0	-1.63E-05	3.50E-06	-1.32E-05	-1.37E-05
509	2	0	0	0	0	0	0	232	254	0	-1.57E-05	5.46E-06	-1.35E-05	-1.37E-05
509	3	0	0	0	0	0	0	232	254	0	-1.57E-05	5.46E-06	-1.35E-05	-1.37E-05
509	4	0	0	0	0	0	0	232	254	0	-1.70E-05	6.67E-06	-1.30E-05	-1.44E-05
509	5	0	0	0	0	0	0	232	254	0	-1.68E-05	5.33E-06	-1.27E-05	-1.48E-05
509	6	0	0	0	0	0	0	232	254	0	-1.68E-05	5.33E-06	-1.27E-05	-1.48E-05
509	7	0	0	0	0	0	0	232	254	0	-1.79E-05	4.01E-06	-1.25E-05	-1.85E-05
509	8	0	0	0	0	0	0	232	254	0	-1.79E-05	4.01E-06	-1.25E-05	-1.85E-05
509	9	0	0	0	0	0	0	232	254	0	-1.96E-05	3.41E-06	-1.36E-05	-2.27E-05
509	10	0	0	0	0	0	0	232	254	0	-1.96E-05	3.41E-06	-1.36E-05	-2.27E-05
509	11	0	0	0	0	0	0	232	254	0	-2.23E-05	5.38E-06	-1.41E-05	-1.90E-05
509	12	0	0	0	0	0	0	232	254	0	-2.23E-05	5.38E-06	-1.41E-05	-1.90E-05
509	13	0	0	0	0	0	0	232	254	0	-2.76E-05	3.75E-06	-1.51E-05	-1.28E-05
509	14	0	0	0	0	0	0	232	254	0	-2.87E-05	-3.73E-07	-1.40E-05	-7.86E-06
509	15	0	0	0	0	0	0	232	254	0	-2.87E-05	-3.73E-07	-1.40E-05	-7.86E-06
509	16	0	0	0	0	0	0	232	254	0	-2.87E-05	1.30E-06	-1.21E-05	-3.61E-06
509	17	0	0	0	0	0	0	232	254	0	-2.87E-05	1.30E-06	-1.21E-05	-3.61E-06
509	18	0	0	0	0	0	0	232	254	0	-2.87E-05	6.60E-06	-1.06E-05	-1.60E-06
509	19	0	0	0	0	0	0	232	254	0	-2.87E-05	6.60E-06	-1.06E-05	-1.60E-06
510	0	0	0	0	0	0	0	232	254	0	-2.83E-05	6.75E-06	-8.67E-06	-3.47E-06
510	1	0	0	0	0	0	0	232	254	0	-2.83E-05	6.75E-06	-8.67E-06	-3.47E-06
510	2	0	0	0	0	0	0	232	254	0	-2.58E-05	6.02E-06	-1.09E-05	-6.24E-06
510	3	0	0	0	0	0	0	232	254	0	-2.23E-05	5.72E-06	-9.47E-06	-8.49E-06
510	4	0	0	0	0	0	0	232	254	0	-2.23E-05	5.72E-06	-9.47E-06	-8.49E-06
510	5	0	0	0	0	0	0	232	254	0	-1.83E-05	4.92E-06	-8.92E-06	-9.90E-06
510	6	0	0	0	0	0	0	232	254	0	-1.83E-05	4.92E-06	-8.92E-06	-9.90E-06
510	7	0	0	0	0	0	0	232	254	0	-1.66E-05	5.28E-06	-1.34E-05	-9.85E-06
510	8	0	0	0	0	0	0	232	254	0	-1.66E-05	5.28E-06	-1.34E-05	-9.85E-06
510	9	0	0	0	0	0	0	232	254	0	-1.65E-05	6.15E-06	-1.14E-05	-1.00E-05
510	10	0	0	0	0	0	0	232	254	0	-1.65E-05	6.15E-06	-1.14E-05	-1.00E-05
510	11	0	0	0	0	0	0	232	254	0	-1.80E-05	8.14E-06	-5.08E-06	-1.27E-05
510	12	0	0	0	0	0	0	232	254	0	-2.06E-05	5.56E-06	-1.10E-05	-1.30E-05
510	13	0	0	0	0	0	0	232	254	0	-2.06E-05	5.56E-06	-1.10E-05	-1.30E-05
510	14	0	0	0	0	0	0	232	254	0	-2.39E-05	4.12E-06	-3.53E-05	-1.24E-05
510	15	0	0	0	0	0	0	232	254	0	-2.39E-05	4.12E-06	-3.53E-05	-1.24E-05
510	16	0	0	0	0	0	0	232	254	0	-2.40E-05	5.38E-06	-2.33E-05	-1.23E-05
510	17	0	0	0	0	0	0	232	254	0	-2.40E-05	5.38E-06	-2.33E-05	-1.23E-05
510	18	0	0	0	0	0	0	232	254	0	-2.34E-05	4.69E-06	-2.29E-06	-1.33E-05
510	19	0	0	0	0	0	0	232	254	0	-2.34E-05	4.69E-06	-2.29E-06	-1.33E-05
511	0	0	0	0	0	0	0	232	254	0	-2.24E-05	6.51E-06	-6.42E-06	-1.70E-05
511	1	0	0	0	0	0	0	232	254	0	-2.45E-05	1.18E-05	-4.69E-06	-1.67E-05
511	2	0	0	0	0	0	0	232	254	0	-2.45E-05	1.18E-05	-4.69E-06	-1.67E-05
511	3	0	0	0	0	0	0	232	254	0	-2.56E-05	1.09E-05	3.17E-07	-1.57E-05
511	4	0	0	0	0	0	0	232	254	0	-2.56E-05	1.09E-05	3.17E-07	-1.57E-05
511	5	0	0	0	0	0	0	232	254	0	-2.47E-05	4.99E-06	-2.94E-06	-1.65E-05
511	6	0	0	0	0	0	0	232	254	0	-2.47E-05	4.99E-06	-2.94E-06	-1.65E-05
511	7	0	0	0	0	0	0	232	254	0	-2.25E-05	4.12E-06	-5.36E-06	-1.68E-05
511	8	0	0	0	0	0	0	232	254	0	-2.25E-05	4.12E-06	-5.36E-06	-1.68E-05
511	9	0	0	0	0	0	0	232	254	0	-1.81E-05	5.85E-06	-6.52E-06	-1.53E-05
511	10	0	0	0	0	0	0	232	254	0	-1.72E-05	7.24E-06	-9.82E-06	-1.14E-05
511	11	0	0	0	0	0	0	232	254	0	-1.72E-05	7.24E-06	-9.82E-06	-1.14E-05
511	12	0	0	0	0	0	0	232	254	0	-1.64E-05	5.04E-06	-1.75E-05	-8.90E-06
511	13	0	0	0	0	0	0	232	254	0	-1.64E-05	5.04E-06	-1.75E-05	-8.90E-06
511	14	0	0	0	0	0	0	232	254	0	-1.55E-05	1.96E-06	-8.91E-06	-9.08E-06
511	15	0	0	0	0	0	0	232	254	0	-1.55E-05	1.96E-06	-8.91E-06	-9.08E-06
511	16	0	0	0	0	0	0	232	254	0	-1.51E-05	-4.55E-07	1.31E-05	-1.00E-05
511	17	0	0	0	0	0	0	232	254	0	-1.51E-05	-4.55E-07	1.31E-05	-1.00E-05
511	18	0	0	0	0	0	0	232	254	0	-1.16E-05	-1.88E-06	2.41E-05	-1.06E-05
511	19	0	0	0	0	0	0	232	254	0	-7.75E-06	-9.40E-07	1.91E-05	-1.73E-05
512	0	0	0	0	0	0	0	232	254	0	-7.75E-06	-9.40E-07	1.91E-05	-1.73E-05
512	1	0	0	0	0	0	0	232	254	0	-5.93E-06	5.45E-07	-7.17E-06	-2.89E-05
512	2	0	0	0	0	0	0	232	254	0	-5.93E-06	5.45E-07	-7.17E-06	-2.89E-05
512	3	0	0	0	0	0	0	232	254	0	-1.13E-05	1.73E-06	-4.63E-05	-3.29E-05
512	4	0	0	0	0	0	0	232	254	0	-1.13E-05	1.73E-06	-4.63E-05	-3.29E-05
512	5	0	0	0	0	0	0	232	254	0	-1.95E-05	2.30E-06	-4.96E-05	-2.75E-05
512	6	0	0	0	0	0	0	232	254	0	-1.95E-05	2.30E-06	-4.96E-05	-2.75E-05
512	7	0	0	0	0	0	0	232	254	0	-2.31E-05	4.28E-06	-3.18E-05	-2.14E-05
512	8	0	0	0	0	0	0	232	254	0	-2.56E-05	6.28E-06	-1.94E-05	-1.45E-05
512	9	0	0	0	0	0	0	232	254	0	-2.56E-05	6.28E-06	-1.94E-05	-1.45E-05
512	10	0	0	0	0	0	0	232	254	0	-2.52E-05	4.50E-06	-7.74E-06	-7.67E-06
512	11	0	0	0	0	0	0	232	254	0	-2.52E-05	4.50E-06	-7.74E-06	-7.67E-06
512	12	0	0	0	0	0	0	232	254	0	-2.47E-05	2.31E-06	5.97E-07	-2.17E-06
512	13	0	0	0	0	0	0	232	254	0	-2.47E-05	2.31E-06	5.97E-07	-2.17E-06
512	14	0	0	0	0	0	0	232	254	0	-2.66E-05	1.15E-06	2.41E-06	9.88E-07
512	15	0	0	0	0	0	0	232	254	0	-2.66E-05	1.15E-06	2.41E-06	9.88E-07
512	16	0	0	0	0	0	0	232	254	0	-2.77E-05	9.29E-07	4.43E-06	-2.47E-06
512	17	0	0	0	0	0	0	232	254	0	-2.66E-05	6.08E-07	3.02E-06	-6.34E-06
512	18	0	0	0	0	0	0	232	254	0	-2.66E-05	6.08E-07	3.02E-06	-6.34E-06
512	19	0	0	0	0	0	0	232	254	0	-2.59E-05	1.57E-06	-2.76E-06	-9.03E-06
513	0	0	0	0	0	0	0	232	254	0	-2.59E-05	1.57E-06	-2.76E-06	-9.03E-06
513	1	0	0	0	0	0	0	232	254	0	-2.35E-05	3.61E-06	-1.28E-05	-1.01E-05
513	2	0	0	0	0	0	0	232	254	0	-2.35E-05	3.61E-06	-1.28E-05	-1.01E-05
513	3	0	0	0	0	0	0	232	254	0	-2.25E-05	2.77E-06	-3.41E-05	-1.29E-05
513	4	0	0	0	0	0	0	232	254	0	-2.25E-05	2.77E-06	-3.41E-05	-1.29E-05
513	5	0	0	0	0	0	0	232	254	0	-2.22E-05	7.65E-07	-5.14E-05	-1.61E-05
513	6	0	0	0	0	0	0	232	254	0	-2.15E-05	2.00E-06	-2.05E-05	-1.54E-05
513	7	0	0	0	0	0	0	232	254	0	-2.15E-05	2.00E-06	-2.05E-05	-1.54E-05
513	8	0	0	0	0	0	0	232	254	0	-2.08E-05	7.98E-07	1.70E-05	-1.78E-05
513	9	0	0	0	0	0	0	232	254	0	-2.08E-05	7.98E-07	1.70E-05	-1.78E-05
513	10	0	0	0	0	0	0	232	254	0	-1.93E-05	1.09E-07	2.94E-05	-1.88E-05
513	11	0	0	0	0	0	0	232	254	0	-1.93E-05	1.09E-07	2.94E-05	-1.88E-05
513	12	0	0	0	0	0	0	232	254	0	-1.70E-05	2.73E-06	2.25E-05	-1.96E-05
513	13	0	0	0	0	0	0	232	254	0	-1.70E-05	2.73E-06	2.25E-05	-1.96E-05
513	14	0	0	0	0	0	0	232	254	0	-1.54E-05	3.60E-06	3.63E-06	-1.88E-05
513	15	0	0	0	0	0	0	232	254	0	-1.44E-05	1.95E-06	5.45E-06	-1.38E-05
513	16	0	0	0	0	0	0	232	254	0	-1.44E-05	1.95E-06	5.45E-06	-1.38E-05
513	17	0	0	0	0	0	0	232	254	0	-1.59E-05	6.98E-07	1.18E-05	-1.14E-05
513	18	0	0	0	0	0	0	232	254	0	-1.59E-05	6.98E-07	1.18E-05	-1.14E-05
513	19	0	0	0	0	0	0	232	254	0	-1.95E-05	9.96E-07	8.29E-06	-9.04E-06
514	0	0	0	0	0	0	0	232	254	0	-1.95E-05	9.96E-07	8.29E-06	-9.04E-06
514	1	0	0	0	0	0	0	232	254	0	-2.09E-05	2.16E-06	-1.04E-07	-1.89E-06
514	2	0	0	0	0	0	0	232	254	0	-2.09E-05	2.16E-06	-1.04E-07	-1.89E-06
514	3	0	0	0	0	0	0	232	254	0	-2.50E-05	4.38E-06	-2.04E-05	1.30E-06
514	4	0	0	0	0	0	0	232	254	0	-2.86E-05	7.69E-06	-3.21E-05	-3.55E-07
514	5	0	0	0	0	0	0	232	254	0	-2.86E-05	7.69E-06	-3.21E-05	-3.55E-07
514	6	0	0	0	0	0	0	232	254	0	-2.88E-05	9.85E-06	-2.07E-05	-3.74E-06
514	7	0	0	0	0	0	0	232	254	0	-2.88E-05	9.85E-06	-2.07E-05	-3.74E-06
514	8	0	0	0	0	0	0	232	254	0	-2.70E-05	7.33E-06	-3.15E-06	-7.08E-06
514	9	0	0	0	0	0	0	232	254	0	-2.70E-05	7.33E-06	-3.15E-06	-7.08E-06
514	10	0	0	0	0	0	0	232	254	0	-2.47E-05	4.68E-06	-5.77E-06	-9.25E-06
514	11	0	0	0	0	0	0	232	254	0	-2.47E-05	4.68E-06	-5.77E-06	-9.25E-06
514	12	0	0	0	0	0	0	232	254	0	-2.32E-05	2.11E-06	-1.61E-05	-1.06E-05
514	13	0	0	0	0	0	0	232	254	0	-2.25E-05	4.20E-06	-1.55E-05	-1.28E-05
514	14	0	0	0	0	0	0	232	254	0	-2.25E-05	4.20E-06	-1.55E-05	-1.28E-05
514	15	0	0	0	0	0	0	232	254	0	-2.38E-05	7.84E-06	-1.27E-05	-1.34E-05
514	16	0	0	0	0	0	0	232	254	0	-2.38E-05	7.84E-06	-1.27E-05	-1.34E-05
514	17	0	0	0	0	0	0	232	254	0	-2.50E-05	7.92E-06	-1.10E-05	-1.62E-05
514	18	0	0	0	0	0	0	232	254	0	-2.50E-05	7.92E-06	-1.10E-05	-1.62E-05
514	19	0	0	0	0	0	0	232	254	0	-2.26E-05	9.80E-06	-1.64E-05	-1.80E-05
515	0	0	0	0	0	0	0	232	254	0	-2.26E-05	9.80E-06	-1.64E-05	-1.80E-05
515	1	0	0	0	0	0	0	232	254	0	-2.04E-05	8.92E-06	-3.09E-05	-2.20E-05
515	2	0	0	0	0	0	0	232	254	0	-2.04E-05	7.11E-06	-2.43E-05	-2.35E-05
515	3	0	0	0	0	0	0	232	254	0	-2.04E-05	7.11E-06	-2.43E-05	-2.35E-05
515	4	0	0	0	0	0	0	232	254	0	-1.71E-05	6.65E-06	-1.97E-06	-2.06E-05
515	5	0	0	0	0	0	0	232	254	0	-1.71E-05	6.65E-06	-1.97E-06	-2.06E-05
515	6	0	0	0	0	0	0	232	254	0	-1.44E-05	7.17E-06	-1.73E-06	-1.53E-05
515	7	0	0	0	0	0	0	232	254	0	-1.44E-05	7.17E-06	-1.73E-06	-1.53E-05
515	8	0	0	0	0	0	0	232	254	0	-1.11E-05	6.75E-06	-7.33E-06	-1.05E-05
515	9	0	0	0	0	0	0	232	254	0	-1.11E-05	6.75E-06	-7.33E-06	-1.05E-05
515	10	0	0	0	0	0	0	232	254	0	-8.22E-06	5.99E-06	-1.13E-05	-2.63E-06
515	11	0	0	0	0	0	0	232	254	0	-9.58E-06	5.21E-06	-8.90E-06	-4.02E-06
515	12	0	0	0	0	0	0	232	254	0	-9.58E-06	5.21E-06	-8.90E-06	-4.02E-06
515	13	0	0	0	0	0	0	232	254	0	-1.81E-05	2.60E-06	-4.13E-06	-1.31E-05
515	14	0	0	0	0	0	0	232	254	0	-1.81E-05	2.60E-06	-4.13E-06	-1.31E-05
515	15	0	0	0	0	0	0	232	254	0	-2.38E-05	4.20E-06	-2.64E-06	-1.21E-05
515	16	0	0	0	0	0	0	232	254	0	-2.38E-05	4.20E-06	-2.64E-06	-1.21E-05
515	17	0	0	0	0	0	0	232	254	0	-2.27E-05	1.10E-05	-1.22E-06	-7.71E-06
515	18	0	0	0	0	0	0	232	254	0	-2.27E-05	1.10E-05	-1.22E-06	-7.71E-06
515	19	0	0	0	0	0	0	232	254	0	-2.36E-05	1.31E-05	5.97E-07	-9.24E-06
516	0	0	0	0	0	0	0	232	254	0	-2.70E-05	1.00E-05	1.39E-06	-1.27E-05
516	1	0	0	0	0	0	0	232	254	0	-2.70E-05	1.00E-05	1.39E-06	-1.27E-05
516	2	0	0	0	0	0	0	232	254	0	-2.54E-05	7.08E-06	-2.51E-06	-1.17E-05
516	3	0	0	0	0	0	0	232	254	0	-2.54E-05	7.08E-06	-2.51E-06	-1.17E-05
516	4	0	0	0	0	0	0	232	254	0	-2.28E-05	6.88E-06	-5.18E-06	-1.32E-05
516	5	0	0	0	0	0	0	232	254	0	-2.28E-05	6.88E-06	-5.18E-06	-1.32E-05
516	6	0	0	0	0	0	0	232	254	0	-2.61E-05	5.04E-06	-5.90E-06	-1.66E-05
516	7	0	0	0	0	0	0	232	254	0	-2.61E-05	5.04E-06	-5.90E-06	-1.66E-05
516	8	0	0	0	0	0	0	232	254	0	-3.05E-05	4.85E-06	-1.17E-05	-1.92E-05
516	9	0	0	0	0	0	0	232	254	0	-3.08E-05	3.86E-06	-1.70E-05	-2.23E-05
516	10	0	0	0	0	0	0	232	254	0	-3.08E-05	3.86E-06	-1.70E-05	-2.23E-05
516	11	0	0	0	0	0	0	232	254	0	-2.68E-05	3.97E-06	-1.35E-05	-2.07E-05
516	12	0	0	0	0	0	0	232	254	0	-2.68E-05	3.97E-06	-1.35E-05	-2.07E-05
516	13	0	0	0	0	0	0	232	254	0	-2.10E-05	4.27E-06	-1.21E-05	-1.31E-05
516	14	0	0	0	0	0	0	232	254	0	-2.10E-05	4.27E-06	-1.21E-05	-1.31E-05
516	15	0	0	0	0	0	0	232	254	0	-1.97E-05	2.75E-06	-1.23E-05	-1.12E-05
516	16	0	0	0	0	0	0	232	254	0	-1.97E-05	2.75E-06	-1.23E-05	-1.12E-05
516	17	0	0	0	0	0	0	232	254	0	-2.11E-05	2.65E-06	-8.62E-06	-1.44E-05
516	18	0	0	0	0	0	0	232	254	0	-2.10E-05	5.28E-06	-5.84E-06	-1.44E-05
516	19	0	0	0	0	0	0	232	254	0	-2.10E-05	5.28E-06	-5.84E-06	-1.44E-05
517	0	0	0	0	0	0	0	232	254	0	-2.01E-05	5.94E-06	-3.49E-06	-1.40E-05
517	1	0	0	0	0	0	0	232	254	0	-2.01E-05	5.94E-06	-3.49E-06	-1.40E-05
517	2	0	0	0	0	0	0	232	254	0	-2.05E-05	7.51E-06	-9.87E-07	-1.22E-05
517	3	0	0	0	0	0	0	232	254	0	-2.05E-05	7.51E-06	-9.87E-07	-1.22E-05
517	4	0	0	0	0	0	0	232	254	0	-2.04E-05	9.14E-06	-5.06E-06	-1.22E-05
517	5	0	0	0	0	0	0	232	254	0	-2.04E-05	9.14E-06	-5.06E-06	-1.22E-05
517	6	0	0	0	0	0	0	232	254	0	-1.89E-05	8.47E-06	-4.72E-05	-1.50E-05
517	7	0	0	0	0	0	0	232	254	0	-1.67E-05	9.22E-07	-7.38E-05	-1.66E-05
517	8	0	0	0	0	0	0	232	254	0	-1.67E-05	9.22E-07	-7.38E-05	-1.66E-05
517	9	0	0	0	0	0	0	232	254	0	-1.49E-05	-7.04E-06	-7.57E-05	-1.35E-05
517	10	0	0	0	0	0	0	232	254	0	-1.49E-05	-7.04E-06	-7.57E-05	-1.35E-05
517	11	0	0	0	0	0	0	232	254	0	-1.35E-05	-1.81E-06	-5.24E-05	-6.73E-06
517	12	0	0	0	0	0	0	232	254	0	-1.35E-05	-1.81E-06	-5.24E-05	-6.73E-06
517	13	0	0	0	0	0	0	232	254	0	-1.34E-05	7.28E-06	-3.69E-05	-3.35E-06
517	14	0	0	0	0	0	0	232	254	0	-1.34E-05	7.28E-06	-3.69E-05	-3.35E-06
517	15	0	0	0	0	0	0	232	254	0	-1.56E-05	1.14E-05	3.16E-06	-4.12E-06
517	16	0	0	0	0	0	0	232	254	0	-1.99E-05	1.21E-05	0.000106584	-4.09E-06
517	17	0	0	0	0	0	0	232	254	0	-1.99E-05	1.21E-05	0.000106584	-4.09E-06
517	18	0	0	0	0	0	0	232	254	0	-2.49E-05	1.03E-05	9.53E-05	-7.62E-06
517	19	0	0	0	0	0	0	232	254	0	-2.49E-05	1.03E-05	9.53E-05	-7.62E-06
518	0	0	0	0	0	0	0	232	254	0	-2.58E-05	5.56E-06	2.87E-05	-1.61E-05
518	1	0	0	0	0	0	0	232	254	0	-2.58E-05	5.56E-06	2.87E-05	-1.61E-05
518	2	0	0	0	0	0	0	232	254	0	-2.57E-05	2.62E-06	-3.04E-06	-2.06E-05
518	3	0	0	0	0	0	0	232	254	0	-2.57E-05	2.62E-06	-3.04E-06	-2.06E-05
518	4	0	0	0	0	0	0	232	254	0	-3.08E-05	6.16E-06	-1.61E-05	-2.16E-05
518	5	0	0	0	0	0	0	232	254	0	-3.38E-05	7.25E-06	-1.31E-05	-1.70E-05
518	6	0	0	0	0	0	0	232	254	0	-3.38E-05	7.25E-06	-1.31E-05	-1.70E-05
518	7	0	0	0	0	0	0	232	254	0	-3.20E-05	4.60E-06	-1.47E-05	-1.21E-05
518	8	0	0	0	0	0	0	232	254	0	-3.20E-05	4.60E-06	-1.47E-05	-1.21E-05
518	9	0	0	0	0	0	0	232	254	0	-2.91E-05	3.90E-06	-9.43E-06	-1.35E-05
518	10	0	0	0	0	0	0	232	254	0	-2.91E-05	3.90E-06	-9.43E-06	-1.35E-05
518	11	0	0	0	0	0	0	232	254	0	-2.48E-05	3.14E-06	-7.67E-06	-1.62E-05
518	12	0	0	0	0	0	0	232	254	0	-2.48E-05	3.14E-06	-7.67E-06	-1.62E-05
518	13	0	0	0	0	0	0	232	254	0	-1.91E-05	3.01E-06	-1.35E-05	-1.47E-05
518	14	0	0	0	0	0	0	232	254	0	-1.37E-05	3.34E-06	-2.29E-05	-2.05E-05
518	15	0	0	0	0	0	0	232	254	0	-1.37E-05	3.34E-06	-2.29E-05	-2.05E-05
518	16	0	0	0	0	0	0	232	254	0	-1.07E-05	5.30E-07	-2.39E-05	-3.05E-05
518	17	0	0	0	0	0	0	232	254	0	-1.07E-05	5.30E-07	-2.39E-05	-3.05E-05
518	18	0	0	0	0	0	0	232	254	0	-9.99E-06	1.38E-06	-1.15E-05	-2.90E-05
518	19	0	0	0	0	0	0	232	254	0	-9.99E-06	1.38E-06	-1.15E-05	-2.90E-05
519	0	0	0	0	0	0	0	232	254	0	-1.27E-05	5.05E-06	-6.89E-06	-2.25E-05
519	1	0	0	0	0	0	0	232	254	0	-1.27E-05	5.05E-06	-6.89E-06	-2.25E-05
519	2	0	0	0	0	0	0	232	254	0	-1.47E-05	3.70E-06	-1.01E-05	-1.64E-05
519	3	0	0	0	0	0	0	232	254	0	-1.22E-05	7.72E-07	-6.40E-06	-6.62E-06
519	4	0	0	0	0	0	0	232	254	0	-1.22E-05	7.72E-07	-6.40E-06	-6.62E-06
519	5	0	0	0	0	0	0	232	254	0	-6.87E-06	-5.82E-07	-3.47E-06	4.12E-06
519	6	0	0	0	0	0	0	232	254	0	-6.87E-06	-5.82E-07	-3.47E-06	4.12E-06
519	7	0	0	0	0	0	0	232	254	0	-8.43E-06	-1.14E-06	-2.17E-05	4.81E-06
519	8	0	0	0	0	0	0	232	254	0	-8.43E-06	-1.14E-06	-2.17E-05	4.81E-06
519	9	0	0	0	0	0	0	232	254	0	-1.28E-05	-1.58E-06	-2.03E-05	1.21E-06
519	10	0	0	0	0	0	0	232	254	0	-1.28E-05	-1.58E-06	-2.03E-05	1.21E-06
519	11	0	0	0	0	0	0	232	254	0	-1.70E-05	-2.20E-07	-2.97E-06	3.19E-06
519	12	0	0	0	0	0	0	232	254	0	-2.39E-05	-5.86E-08	-1.10E-05	1.72E-06
519	13	0	0	0	0	0	0	232	254	0	-2.39E-05	-5.86E-08	-1.10E-05	1.72E-06
519	14	0	0	0	0	0	0	232	254	0	-3.00E-05	3.11E-06	-3.12E-05	-7.78E-06
519	15	0	0	0	0	0	0	232	254	0	-3.00E-05	3.11E-06	-3.12E-05	-7.78E-06
519	16	0	0	0	0	0	0	232	254	0	-3.55E-05	7.37E-06	-2.72E-05	-1.72E-05
519	17	0	0	0	0	0	0	232	254	0	-3.55E-05	7.37E-06	-2.72E-05	-1.72E-05
519	18	0	0	0	0	0	0	232	254	0	-3.56E-05	7.94E-06	-1.66E-05	-2.37E-05
519	19	0	0	0	0	0	0	232	254	0	-3.56E-05	7.94E-06	-1.66E-05	-2.37E-05
520	0	0	0	0	0	0	0	232	254	0	-3.23E-05	6.14E-06	-1.70E-05	-3.01E-05
520	1	0	0	0	0	0	0	232	254	0	-2.87E-05	4.92E-06	-5.26E-06	-2.33E-05
520	2	0	0	0	0	0	0	232	254	0	-2.87E-05	4.92E-06	-5.26E-06	-2.33E-05
520	3	0	0	0	0	0	0	232	254	0	-2.20E-05	5.52E-06	1.19E-05	-1.48E-05
520	4	0	0	0	0	0	0	232	254	0	-2.20E-05	5.52E-06	1.19E-05	-1.48E-05
520	5	0	0	0	0	0	0	232	254	0	-1.66E-05	7.85E-06	-1.85E-07	-1.82E-05
520	6	0	0	0	0	0	0	232	254	0	-1.66E-05	7.85E-06	-1.85E-07	-1.82E-05
520	7	0	0	0	0	0	0	232	254	0	-1.73E-05	1.16E-05	1.04E-05	-8.64E-06
520	8	0	0	0	0	0	0	232	254	0	-1.73E-05	1.16E-05	1.04E-05	-8.64E-06
520	9	0	0	0	0	0	0	232	254	0	-2.25E-05	1.34E-05	1.96E-05	1.21E-05
520	10	0	0	0	0	0	0	232	254	0	-2.75E-05	1.08E-05	-5.71E-06	1.65E-05
520	11	0	0	0	0	0	0	232	254	0	-2.75E-05	1.08E-05	-5.71E-06	1.65E-05
520	12	0	0	0	0	0	0	232	254	0	-3.02E-05	5.89E-06	-2.51E-05	3.28E-06
520	13	0	0	0	0	0	0	232	254	0	-3.02E-05	5.89E-06	-2.51E-05	3.28E-06
520	14	0	0	0	0	0	0	232	254	0	-3.15E-05	1.12E-06	-3.91E-05	-6.42E-06
520	15	0	0	0	0	0	0	232	254	0	-3.15E-05	1.12E-06	-3.91E-05	-6.42E-06
520	16	0	0	0	0	0	0	232	254	0	-2.98E-05	-5.75E-06	-5.24E-05	-7.24E-06
520	17	0	0	0	0	0	0	232	254	0	-2.98E-05	-5.75E-06	-5.24E-05	-7.24E-06
520	18	0	0	0	0	0	0	232	254	0	-2.96E-05	-6.62E-06	-4.11E-05	-5.15E-06
520	19	0	0	0	0	0	0	232	254	0	-3.46E-05	-4.78E-06	-7.62E-06	-3.57E-06
521	0	0	0	0	0	0	0	232	254	0	-3.46E-05	-4.78E-06	-7.62E-06	-3.57E-06
521	1	0	0	0	0	0	0	232	254	0	-3.49E-05	-2.15E-06	6.81E-06	-7.41E-06
521	2	0	0	0	0	0	0	232	254	0	-3.49E-05	-2.15E-06	6.81E-06	-7.41E-06
521	3	0	0	0	0	0	0	232	254	0	-2.85E-05	1.99E-07	8.04E-06	-1.30E-05
521	4	0	0	0	0	0	0	232	254	0	-2.85E-05	1.99E-07	8.04E-06	-1.30E-05
521	5	0	0	0	0	0	0	232	254	0	-1.82E-05	3.07E-06	6.11E-06	-1.84E-05
521	6	0	0	0	0	0	0	232	254	0	-1.82E-05	3.07E-06	6.11E-06	-1.84E-05
521	7	0	0	0	0	0	0	232	254	0	-1.52E-05	9.04E-06	1.85E-06	-2.02E-05
521	8	0	0	0	0	0	0	232	254	0	-2.13E-05	1.51E-05	5.99E-06	-1.84E-05
521	9	0	0	0	0	0	0	232	254	0	-2.13E-05	1.51E-05	5.99E-06	-1.84E-05
521	10	0	0	0	0	0	0	232	254	0	-2.01E-05	1.37E-05	2.60E-06	-1.72E-05
521	11	0	0	0	0	0	0	232	254	0	-2.01E-05	1.37E-05	2.60E-06	-1.72E-05
521	12	0	0	0	0	0	0	232	254	0	-1.42E-05	9.75E-06	-2.47E-06	-1.55E-05
521	13	0	0	0	0	0	0	232	254	0	-1.42E-05	9.75E-06	-2.47E-06	-1.55E-05
521	14	0	0	0	0	0	0	232	254	0	-7.42E-06	9.00E-06	6.20E-06	-1.30E-05
521	15	0	0	0	0	0	0	232	254	0	-7.42E-06	9.00E-06	6.20E-06	-1.30E-05
521	16	0	0	0	0	0	0	232	254	0	-2.29E-06	7.03E-06	-2.93E-06	-1.38E-05
521	17	0	0	0	0	0	0	232	254	0	-3.53E-06	-7.32E-06	-3.44E-05	-1.65E-05
521	18	0	0	0	0	0	0	232	254	0	-3.53E-06	-7.32E-06	-3.44E-05	-1.65E-05
521	19	0	0	0	0	0	0	232	254	0	-7.95E-06	-9.58E-06	-4.61E-05	-1.93E-05
522	0	0	0	0	0	0	0	232	254	0	-7.95E-06	-9.58E-06	-4.61E-05	-1.93E-05
522	1	0	0	0	0	0	0	232	254	0	-1.24E-05	-4.12E-06	-4.92E-05	-1.87E-05
522	2	0	0	0	0	0	0	232	254	0	-1.24E-05	-4.12E-06	-4.92E-05	-1.87E-05
522	3	0	0	0	0	0	0	232	254	0	-1.56E-05	-2.96E-06	-4.30E-05	-1.70E-05
522	4	0	0	0	0	0	0	232	254	0	-1.56E-05	-2.96E-06	-4.30E-05	-1.70E-05
522	5	0	0	0	0	0	0	232	254	0	-1.88E-05	1.92E-06	-2.02E-05	-1.92E-05
522	6	0	0	0	0	0	0	232	254	0	-1.72E-05	6.99E-06	-1.87E-07	-1.89E-05
522	7	0	0	0	0	0	0	232	254	0	-1.72E-05	6.99E-06	-1.87E-07	-1.89E-05
522	8	0	0	0	0	0	0	232	254	0	-1.51E-05	7.92E-06	1.72E-05	-1.67E-05
522	9	0	0	0	0	0	0	232	254	0	-1.51E-05	7.92E-06	1.72E-05	-1.67E-05
522	10	0	0	0	0	0	0	232	254	0	-1.65E-05	9.69E-06	1.18E-05	-1.54E-05
522	11	0	0	0	0	0	0	232	254	0	-1.65E-05	9.69E-06	1.18E-05	-1.54E-05
522	12	0	0	0	0	0	0	232	254	0	-1.74E-05	7.88E-06	-2.69E-05	-1.63E-05
522	13	0	0	0	0	0	0	232	254	0	-1.74E-05	7.88E-06	-2.69E-05	-1.63E-05
522	14	0	0	0	0	0	0	232	254	0	-1.73E-05	3.04E-06	-2.91E-05	-1.60E-05
522	15	0	0	0	0	0	0	232	254	0	-1.95E-05	-3.79E-06	-7.82E-06	-1.42E-05
522	16	0	0	0	0	0	0	232	254	0	-1.95E-05	-3.79E-06	-7.82E-06	-1.42E-05
522	17	0	0	0	0	0	0	232	254	0	-2.14E-05	-6.32E-06	7.86E-06	-1.40E-05
522	18	0	0	0	0	0	0	232	254	0	-2.14E-05	-6.32E-06	7.86E-06	-1.40E-05
522	19	0	0	0	0	0	0	232	254	0	-2.03E-05	-1.33E-06	1.13E-05	-1.62E-05
523	0	0	0	0	0	0	0	232	254	0	-2.03E-05	-1.33E-06	1.13E-05	-1.62E-05
523	1	0	0	0	0	0	0	232	254	0	-2.24E-05	4.48E-06	4.98E-06	-1.70E-05
523	2	0	0	0	0	0	0	232	254	0	-2.24E-05	4.48E-06	4.98E-06	-1.70E-05
523	3	0	0	0	0	0	0	232	254	0	-2.41E-05	5.54E-06	-3.56E-07	-1.53E-05
523	4	0	0	0	0	0	0	232	254	0	-2.13E-05	2.51E-06	-5.68E-07	-1.53E-05
523	5	0	0	0	0	0	0	232	254	0	-2.13E-05	2.51E-06	-5.68E-07	-1.53E-05
523	6	0	0	0	0	0	0	232	254	0	-2.17E-05	7.50E-07	1.33E-05	-1.52E-05
523	7	0	0	0	0	0	0	232	254	0	-2.17E-05	7.50E-07	1.33E-05	-1.52E-05
523	8	0	0	0	0	0	0	232	254	0	-2.47E-05	1.59E-06	8.82E-06	-1.24E-05
523	9	0	0	0	0	0	0	232	254	0	-2.47E-05	1.59E-06	8.82E-06	-1.24E-05
523	10	0	0	0	0	0	0	232	254	0	-2.56E-05	4.44E-06	-6.67E-06	-8.68E-06
523	11	0	0	0	0	0	0	232	254	0	-2.56E-05	4.44E-06	-6.67E-06	-8.68E-06
523	12	0	0	0	0	0	0	232	254	0	-2.35E-05	8.23E-06	-1.47E-05	-1.37E-05
523	13	0	0	0	0	0	0	232	254	0	-2.19E-05	1.14E-05	-1.49E-05	-1.85E-05
523	14	0	0	0	0	0	0	232	254	0	-2.19E-05	1.14E-05	-1.49E-05	-1.85E-05
523	15	0	0	0	0	0	0	232	254	0	-1.83E-05	7.59E-06	-1.27E-05	-2.01E-05
523	16	0	0	0	0	0	0	232	254	0	-1.83E-05	7.59E-06	-1.27E-05	-2.01E-05
523	17	0	0	0	0	0	0	232	254	0	-1.76E-05	2.27E-06	-5.35E-06	-1.83E-05
523	18	0	0	0	0	0	0	232	254	0	-1.76E-05	2.27E-06	-5.35E-06	-1.83E-05
523	19	0	0	0	0	0	0	232	254	0	-1.92E-05	2.06E-06	8.54E-06	-2.06E-05
524	0	0	0	0	0	0	0	232	254	0	-1.92E-05	2.06E-06	8.54E-06	-2.06E-05
524	1	0	0	0	0	0	0	232	254	0	-1.89E-05	3.37E-06	1.91E-05	-2.88E-05
524	2	0	0	0	0	0	0	232	254	0	-2.13E-05	4.70E-06	1.83E-05	-3.35E-05
524	3	0	0	0	0	0	0	232	254	0	-2.13E-05	4.70E-06	1.83E-05	-3.35E-05
524	4	0	0	0	0	0	0	232	254	0	-2.33E-05	6.91E-06	1.54E-05	-2.48E-05
524	5	0	0	0	0	0	0	232	254	0	-2.33E-05	6.91E-06	1.54E-05	-2.48E-05
524	6	0	0	0	0	0	0	232	254	0	-2.31E-05	8.27E-06	-2.77E-06	-8.18E-06
524	7	0	0	0	0	0	0	232	254	0	-2.31E-05	8.27E-06	-2.77E-06	-8.18E-06
524	8	0	0	0	0	0	0	232	254	0	-2.46E-05	4.92E-06	-2.08E-05	1.70E-05
524	9	0	0	0	0	0	0	232	254	0	-2.46E-05	4.92E-06	-2.08E-05	1.70E-05
524	10	0	0	0	0	0	0	232	254	0	-3.08E-05	5.52E-06	-1.69E-05	2.41E-05
524	11	0	0	0	0	0	0	232	254	0	-3.65E-05	6.61E-06	-1.64E-05	2.03E-05
524	12	0	0	0	0	0	0	232	254	0	-3.65E-05	6.61E-06	-1.64E-05	2.03E-05
524	13	0	0	0	0	0	0	232	254	0	-3.38E-05	2.91E-06	-4.35E-05	8.66E-06
524	14	0	0	0	0	0	0	232	254	0	-3.38E-05	2.91E-06	-4.35E-05	8.66E-06
524	15	0	0	0	0	0	0	232	254	0	-2.53E-05	5.82E-07	-6.45E-05	-5.60E-06
524	16	0	0	0	0	0	0	232	254	0	-2.53E-05	5.82E-07	-6.45E-05	-5.60E-06
524	17	0	0	0	0	0	0	232	254	0	-2.20E-05	1.77E-06	-3.95E-05	-1.14E-05
524	18	0	0	0	0	0	0	232	254	0	-2.20E-05	1.77E-06	-3.95E-05	-1.14E-05
524	19	0	0	0	0	0	0	232	254	0	-2.13E-05	6.37E-06	-1.28E-05	-8.09E-06
525	0	0	0	0	0	0	0	232	254	0	-2.22E-05	9.67E-06	-8.65E-07	-1.50E-05
525	1	0	0	0	0	0	0	232	254	0	-2.22E-05	9.67E-06	-8.65E-07	-1.50E-05
525	2	0	0	0	0	0	0	232	254	0	-2.09E-05	1.37E-05	1.21E-05	-1.48E-05
525	3	0	0	0	0	0	0	232	254	0	-2.09E-05	1.37E-05	1.21E-05	-1.48E-05
525	4	0	0	0	0	0	0	232	254	0	-1.45E-05	1.71E-05	6.82E-06	-2.91E-06
525	5	0	0	0	0	0	0	232	254	0	-1.45E-05	1.71E-05	6.82E-06	-2.91E-06
525	6	0	0	0	0	0	0	232	254	0	-8.55E-06	1.28E-05	-8.05E-06	-8.05E-06
525	7	0	0	0	0	0	0	232	254	0	-8.55E-06	1.28E-05	-8.05E-06	-8.05E-06
525	8	0	0	0	0	0	0	232	254	0	-1.54E-05	3.45E-06	-2.03E-05	-2.46E-05
525	9	0	0	0	0	0	0	232	254	0	-2.41E-05	-3.72E-06	-3.28E-05	-2.42E-05
525	10	0	0	0	0	0	0	232	254	0	-2.41E-05	-3.72E-06	-3.28E-05	-2.42E-05
525	11	0	0	0	0	0	0	232	254	0	-2.83E-05	-2.83E-07	-3.10E-05	-1.33E-05
525	12	0	0	0	0	0	0	232	254	0	-2.83E-05	-2.83E-07	-3.10E-05	-1.33E-05
525	13	0	0	0	0	0	0	232	254	0	-2.39E-05	4.37E-06	-2.01E-05	-6.33E-06
525	14	0	0	0	0	0	0	232	254	0	-2.39E-05	4.37E-06	-2.01E-05	-6.33E-06
525	15	0	0	0	0	0	0	232	254	0	-2.39E-05	2.63E-06	-4.86E-06	-7.25E-06
525	16	0	0	0	0	0	0	232	254	0	-2.39E-05	2.63E-06	-4.86E-06	-7.25E-06
525	17	0	0	0	0	0	0	232	254	0	-2.70E-05	-1.34E-06	-1.93E-06	-1.49E-05
525	18	0	0	0	0	0	0	232	254	0	-2.72E-05	4.08E-06	-1.97E-05	-2.31E-05
525	19	0	0	0	0	0	0	232	254	0	-2.72E-05	4.08E-06	-1.97E-05	-2.31E-05
526	0	0	0	0	0	0	0	232	254	0	-2.79E-05	8.21E-06	-1.29E-05	-3.51E-05
526	1	0	0	0	0	0	0	232	254	0	-2.79E-05	8.21E-06	-1.29E-05	-3.51E-05
526	2	0	0	0	0	0	0	232	254	0	-2.50E-05	3.95E-06	-3.77E-06	-4.53E-05
526	3	0	0	0	0	0	0	232	254	0	-2.50E-05	3.95E-06	-3.77E-06	-4.53E-05
526	4	0	0	0	0	0	0	232	254	0	-2.29E-05	1.29E-06	-2.26E-05	-2.85E-05
526	5	0	0	0	0	0	0	232	254	0	-2.29E-05	1.29E-06	-2.26E-05	-2.85E-05
526	6	0	0	0	0	0	0	232	254	0	-2.02E-05	4.03E-06	-1.32E-06	-9.58E-06
526	7	0	0	0	0	0	0	232	254	0	-1.80E-05	5.01E-06	3.89E-05	4.83E-07
526	8	0	0	0	0	0	0	232	254	0	-1.80E-05	5.01E-06	3.89E-05	4.83E-07
526	9	0	0	0	0	0	0	232	254	0	-1.44E-05	-5.78E-08	1.73E-05	1.28E-05
526	10	0	0	0	0	0	0	232	254	0	-1.44E-05	-5.78E-08	1.73E-05	1.28E-05
526	11	0	0	0	0	0	0	232	254	0	-1.39E-05	-1.60E-06	-7.92E-07	2.11E-05
526	12	0	0	0	0	0	0	232	254	0	-1.39E-05	-1.60E-06	-7.92E-07	2.11E-05
526	13	0	0	0	0	0	0	232	254	0	-1.38E-05	1.77E-06	-5.10E-06	1.75E-05
526	14	0	0	0	0	0	0	232	254	0	-1.38E-05	1.77E-06	-5.10E-06	1.75E-05
526	15	0	0	0	0	0	0	232	254	0	-1.64E-05	3.29E-06	-1.85E-05	3.72E-06
526	16	0	0	0	0	0	0	232	254	0	-2.45E-05	4.86E-06	-5.93E-06	-8.62E-06
526	17	0	0	0	0	0	0	232	254	0	-2.45E-05	4.86E-06	-5.93E-06	-8.62E-06
526	18	0	0	0	0	0	0	232	254	0	-2.16E-05	1.04E-05	1.64E-05	-1.37E-05
526	19	0	0	0	0	0	0	232	254	0	-2.16E-05	1.04E-05	1.64E-05	-1.37E-05
527	0	0	0	0	0	0	0	232	254	0	-5.99E-06	1.08E-05	-3.06E-06	-2.12E-05
527	1	0	0	0	0	0	0	232	254	0	-5.99E-06	1.08E-05	-3.06E-06	-2.12E-05
527	2	0	0	0	0	0	0	232	254	0	-3.57E-06	8.56E-06	-3.03E-05	-2.90E-05
527	3	0	0	0	0	0	0	232	254	0	-3.57E-06	8.56E-06	-3.03E-05	-2.90E-05
527	4	0	0	0	0	0	0	232	254	0	-7.36E-06	8.17E-06	-4.21E-05	-3.66E-05
527	5	0	0	0	0	0	0	232	254	0	-1.26E-05	6.02E-06	-2.83E-05	-3.74E-05
527	6	0	0	0	0	0	0	232	254	0	-1.26E-05	6.02E-06	-2.83E-05	-3.74E-05
527	7	0	0	0	0	0	0	232	254	0	-1.85E-05	5.98E-06	-2.34E-05	-2.56E-05
527	8	0	0	0	0	0	0	232	254	0	-1.85E-05	5.98E-06	-2.34E-05	-2.56E-05
527	9	0	0	0	0	0	0	232	254	0	-2.62E-05	5.60E-06	-1.16E-05	-9.43E-06
527	10	0	0	0	0	0	0	232	254	0	-2.62E-05	5.60E-06	-1.16E-05	-9.43E-06
527	11	0	0	0	0	0	0	232	254	0	-3.25E-05	7.92E-07	2.69E-05	9.21E-06
527	12	0	0	0	0	0	0	232	254	0	-3.25E-05	7.92E-07	2.69E-05	9.21E-06
527	13	0	0	0	0	0	0	232	254	0	-3.32E-05	3.50E-06	3.08E-05	2.19E-05
527	14	0	0	0	0	0	0	232	254	0	-3.90E-05	1.02E-05	4.04E-05	1.46E-05
527	15	0	0	0	0	0	0	232	254	0	-3.90E-05	1.02E-05	4.04E-05	1.46E-05
527	16	0	0	0	0	0	0	232	254	0	-4.49E-05	1.20E-05	4.15E-05	-5.22E-06
527	17	0	0	0	0	0	0	232	254	0	-4.49E-05	1.20E-05	4.15E-05	-5.22E-06
527	18	0	0	0	0	0	0	232	254	0	-3.91E-05	9.01E-06	3.93E-06	-2.57E-05
527	19	0	0	0	0	0	0	232	254	0	-3.91E-05	9.01E-06	3.93E-06	-2.57E-05
528	0	0	0	0	0	0	0	232	254	0	-2.35E-05	4.14E-06	-2.54E-05	-3.30E-05
528	1	0	0	0	0	0	0	232	254	0	-2.35E-05	4.14E-06	-2.54E-05	-3.30E-05
528	2	0	0	0	0	0	0	232	254	0	-1.73E-05	3.55E-06	-2.81E-05	-3.23E-05
528	3	0	0	0	0	0	0	232	254	0	-1.94E-05	1.90E-06	-2.21E-05	-3.03E-05
528	4	0	0	0	0	0	0	232	254	0	-1.94E-05	1.90E-06	-2.21E-05	-3.03E-05
528	5	0	0	0	0	0	0	232	254	0	-1.92E-05	2.87E-06	-1.74E-05	-2.15E-05
528	6	0	0	0	0	0	0	232	254	0	-1.92E-05	2.87E-06	-1.74E-05	-2.15E-05
528	7	0	0	0	0	0	0	232	254	0	-1.48E-05	6.91E-06	-1.82E-05	-7.34E-06
528	8	0	0	0	0	0	0	232	254	0	-1.48E-05	6.91E-06	-1.82E-05	-7.34E-06
528	9	0	0	0	0	0	0	232	254	0	-1.33E-05	8.87E-06	-1.99E-05	5.38E-06
528	10	0	0	0	0	0	0	232	254	0	-1.33E-05	8.87E-06	-1.99E-05	5.38E-06
528	11	0	0	0	0	0	0	232	254	0	-1.04E-05	8.89E-06	-2.15E-05	4.06E-06
528	12	0	0	0	0	0	0	232	254	0	-9.88E-06	8.76E-06	-2.13E-05	1.35E-06
528	13	0	0	0	0	0	0	232	254	0	-9.88E-06	8.76E-06	-2.13E-05	1.35E-06
528	14	0	0	0	0	0	0	232	254	0	-1.17E-05	2.40E-06	-1.95E-05	-3.37E-07
528	15	0	0	0	0	0	0	232	254	0	-1.17E-05	2.40E-06	-1.95E-05	-3.37E-07
528	16	0	0	0	0	0	0	232	254	0	-1.24E-05	-3.67E-06	-1.88E-05	-5.87E-06
528	17	0	0	0	0	0	0	232	254	0	-1.24E-05	-3.67E-06	-1.88E-05	-5.87E-06
528	18	0	0	0	0	0	0	232	254	0	-1.30E-05	-2.74E-06	-1.77E-05	-1.21E-05
528	19	0	0	0	0	0	0	232	254	0	-1.30E-05	-2.74E-06	-1.77E-05	-1.21E-05
529	0	0	0	0	0	0	0	232	254	0	-1.65E-05	1.85E-06	-1.72E-05	-1.78E-05
529	1	0	0	0	0	0	0	232	254	0	-1.98E-05	4.32E-06	-1.55E-05	-2.24E-05
529	2	0	0	0	0	0	0	232	254	0	-1.98E-05	4.32E-06	-1.55E-05	-2.24E-05
529	3	0	0	0	0	0	0	232	254	0	-2.09E-05	8.54E-06	-1.50E-05	-2.38E-05
529	4	0	0	0	0	0	0	232	254	0	-2.09E-05	8.54E-06	-1.50E-05	-2.38E-05
529	5	0	0	0	0	0	0	232	254	0	-2.16E-05	1.26E-05	-1.56E-05	-2.25E-05
529	6	0	0	0	0	0	0	232	254	0	-2.16E-05	1.26E-05	-1.56E-05	-2.25E-05
529	7	0	0	0	0	0	0	232	254	0	-1.80E-05	9.39E-06	-1.54E-05	-1.91E-05
529	8	0	0	0	0	0	0	232	254	0	-1.80E-05	9.39E-06	-1.54E-05	-1.91E-05
529	9	0	0	0	0	0	0	232	254	0	-1.67E-05	1.21E-06	-1.42E-05	-1.63E-05
529	10	0	0	0	0	0	0	232	254	0	-1.71E-05	-8.40E-06	-1.35E-05	-1.76E-05
529	11	0	0	0	0	0	0	232	254	0	-1.71E-05	-8.40E-06	-1.35E-05	-1.76E-05
529	12	0	0	0	0	0	0	232	254	0	-1.71E-05	-6.61E-06	-1.31E-05	-2.61E-05
529	13	0	0	0	0	0	0	232	254	0	-1.71E-05	-6.61E-06	-1.31E-05	-2.61E-05
529	14	0	0	0	0	0	0	232	254	0	-1.74E-05	-5.65E-07	-1.42E-05	-3.19E-05
529	15	0	0	0	0	0	0	232	254	0	-1.74E-05	-5.65E-07	-1.42E-05	-3.19E-05
529	16	0	0	0	0	0	0	232	254	0	-1.97E-05	4.77E-06	-1.38E-05	-2.58E-05
529	17	0	0	0	0	0	0	232	254	0	-1.97E-05	4.77E-06	-1.38E-05	-2.58E-05
529	18	0	0	0	0	0	0	232	254	0	-1.84E-05	6.12E-06	-1.49E-05	-1.68E-05
529	19	0	0	0	0	0	0	232	254	0	-1.59E-05	6.44E-06	-1.49E-05	-1.36E-05
530	0	0	0	0	0	0	0	232	254	0	-1.59E-05	6.44E-06	-1.49E-05	-1.36E-05
530	1	0	0	0	0	0	0	232	254	0	-1.81E-05	5.72E-06	-1.48E-05	-1.12E-05
530	2	0	0	0	0	0	0	232	254	0	-1.81E-05	5.72E-06	-1.48E-05	-1.12E-05
530	3	0	0	0	0	0	0	232	254	0	-2.35E-05	4.71E-06	-1.45E-05	-9.82E-06
530	4	0	0	0	0	0	0	232	254	0	-2.35E-05	4.71E-06	-1.45E-05	-9.82E-06
530	5	0	0	0	0	0	0	232	254	0	-3.02E-05	3.44E-06	-1.18E-05	-1.17E-05
530	6	0	0	0	0	0	0	232	254	0	-3.02E-05	3.44E-06	-1.18E-05	-1.17E-05
530	7	0	0	0	0	0	0	232	254	0	-3.10E-05	5.45E-07	-1.08E-05	-9.80E-06
530	8	0	0	0	0	0	0	232	254	0	-2.65E-05	-2.80E-06	-1.20E-05	-9.18E-06
530	9	0	0	0	0	0	0	232	254	0	-2.65E-05	-2.80E-06	-1.20E-05	-9.18E-06
530	10	0	0	0	0	0	0	232	254	0	-2.24E-05	-2.26E-06	-1.06E-05	-8.53E-06
530	11	0	0	0	0	0	0	232	254	0	-2.24E-05	-2.26E-06	-1.06E-05	-8.53E-06
530	12	0	0	0	0	0	0	232	254	0	-1.88E-05	-4.72E-07	-8.77E-06	-8.23E-06
530	13	0	0	0	0	0	0	232	254	0	-1.88E-05	-4.72E-07	-8.77E-06	-8.23E-06
530	14	0	0	0	0	0	0	232	254	0	-1.71E-05	1.04E-06	-7.40E-06	-1.79E-05
530	15	0	0	0	0	0	0	232	254	0	-1.71E-05	1.04E-06	-7.40E-06	-1.79E-05
530	16	0	0	0	0	0	0	232	254	0	-1.26E-05	-1.67E-06	-8.31E-06	-2.23E-05
530	17	0	0	0	0	0	0	232	254	0	-2.21E-06	-9.94E-07	-7.28E-06	-2.94E-05
530	18	0	0	0	0	0	0	232	254	0	-2.21E-06	-9.94E-07	-7.28E-06	-2.94E-05
530	19	0	0	0	0	0	0	232	254	0	-4.79E-07	7.11E-06	-4.40E-06	-3.32E-05
531	0	0	0	0	0	0	0	232	254	0	-4.79E-07	7.11E-06	-4.40E-06	-3.32E-05
531	1	0	0	0	0	0	0	232	254	0	-6.58E-06	6.44E-06	-6.14E-06	-2.03E-05
531	2	0	0	0	0	0	0	232	254	0	-6.58E-06	6.44E-06	-6.14E-06	-2.03E-05
531	3	0	0	0	0	0	0	232	254	0	-1.68E-05	5.59E-06	-4.32E-06	-8.65E-06
531	4	0	0	0	0	0	0	232	254	0	-1.68E-05	5.59E-06	-4.32E-06	-8.65E-06
531	5	0	0	0	0	0	0	232	254	0	-2.35E-05	4.21E-06	-1.58E-06	-4.59E-06
531	6	0	0	0	0	0	0	232	254	0	-3.07E-05	5.28E-06	-3.22E-06	-1.11E-05
531	7	0	0	0	0	0	0	232	254	0	-3.07E-05	5.28E-06	-3.22E-06	-1.11E-05
531	8	0	0	0	0	0	0	232	254	0	-3.66E-05	5.84E-06	-5.47E-06	-2.16E-05
531	9	0	0	0	0	0	0	232	254	0	-3.66E-05	5.84E-06	-5.47E-06	-2.16E-05
531	10	0	0	0	0	0	0	232	254	0	-3.93E-05	7.44E-06	-7.28E-06	-2.51E-05
531	11	0	0	0	0	0	0	232	254	0	-3.93E-05	7.44E-06	-7.28E-06	-2.51E-05
531	12	0	0	0	0	0	0	232	254	0	-3.78E-05	1.16E-05	-9.29E-06	-1.00E-05
531	13	0	0	0	0	0	0	232	254	0	-3.78E-05	1.16E-05	-9.29E-06	-1.00E-05
531	14	0	0	0	0	0	0	232	254	0	-3.13E-05	7.47E-06	-7.97E-06	8.41E-06
531	15	0	0	0	0	0	0	232	254	0	-2.57E-05	5.18E-06	-4.28E-06	2.26E-05
531	16	0	0	0	0	0	0	232	254	0	-2.57E-05	5.18E-06	-4.28E-06	2.26E-05
531	17	0	0	0	0	0	0	232	254	0	-2.83E-05	5.04E-06	-6.60E-06	1.75E-05
531	18	0	0	0	0	0	0	232	254	0	-2.83E-05	5.04E-06	-6.60E-06	1.75E-05
531	19	0	0	0	0	0	0	232	254	0	-4.41E-05	4.72E-06	-7.51E-06	-1.82E-07
532	0	0	0	0	0	0	0	232	254	0	-4.41E-05	4.72E-06	-7.51E-06	-1.82E-07
532	1	0	0	0	0	0	0	232	254	0	-5.06E-05	2.94E-06	-1.22E-05	-1.51E-05
532	2	0	0	0	0	0	0	232	254	0	-5.06E-05	2.94E-06	-1.22E-05	-1.51E-05
532	3	0	0	0	0	0	0	232	254	0	-3.54E-05	3.49E-06	-1.79E-05	-2.86E-05
532	4	0	0	0	0	0	0	232	254	0	-2.33E-05	8.81E-06	-9.66E-06	-3.95E-05
532	5	0	0	0	0	0	0	232	254	0	-2.33E-05	8.81E-06	-9.66E-06	-3.95E-05
532	6	0	0	0	0	0	0	232	254	0	-1.71E-05	8.44E-06	-6.34E-06	-3.41E-05
532	7	0	0	0	0	0	0	232	254	0	-1.71E-05	8.44E-06	-6.34E-06	-3.41E-05
532	8	0	0	0	0	0	0	232	254	0	-1.29E-05	3.38E-06	-3.99E-06	-1.79E-05
532	9	0	0	0	0	0	0	232	254	0	-1.29E-05	3.38E-06	-3.99E-06	-1.79E-05
532	10	0	0	0	0	0	0	232	254	0	-1.12E-05	-2.14E-06	2.62E-06	-1.87E-05
532	11	0	0	0	0	0	0	232	254	0	-1.12E-05	-2.14E-06	2.62E-06	-1.87E-05
532	12	0	0	0	0	0	0	232	254	0	-7.03E-06	-7.28E-06	1.87E-06	-2.75E-05
532	13	0	0	0	0	0	0	232	254	0	-5.14E-06	-1.24E-06	-7.36E-06	-3.11E-05
532	14	0	0	0	0	0	0	232	254	0	-5.14E-06	-1.24E-06	-7.36E-06	-3.11E-05
532	15	0	0	0	0	0	0	232	254	0	-1.14E-05	3.65E-06	-1.95E-05	-1.67E-05
532	16	0	0	0	0	0	0	232	254	0	-1.14E-05	3.65E-06	-1.95E-05	-1.67E-05
532	17	0	0	0	0	0	0	232	254	0	-1.81E-05	2.89E-06	-2.02E-05	2.08E-05
532	18	0	0	0	0	0	0	232	254	0	-1.81E-05	2.89E-06	-2.02E-05	2.08E-05
532	19	0	0	0	0	0	0	232	254	0	-2.09E-05	5.58E-06	-6.67E-06	5.85E-05
533	0	0	0	0	0	0	0	232	254	0	-2.09E-05	5.58E-06	-6.67E-06	5.85E-05
533	1	0	0	0	0	0	0	232	254	0	-2.24E-05	9.06E-06	3.92E-06	5.09E-05
533	2	0	0	0	0	0	0	232	254	0	-2.10E-05	6.80E-06	4.12E-06	1.82E-05
533	3	0	0	0	0	0	0	232	254	0	-2.10E-05	6.80E-06	4.12E-06	1.82E-05
533	4	0	0	0	0	0	0	232	254	0	-1.74E-05	5.48E-06	-7.16E-06	-9.02E-06
533	5	0	0	0	0	0	0	232	254	0	-1.74E-05	5.48E-06	-7.16E-06	-9.02E-06
533	6	0	0	0	0	0	0	232	254	0	-1.63E-05	1.03E-05	-1.28E-05	-3.25E-05
533	7	0	0	0	0	0	0	232	254	0	-1.63E-05	1.03E-05	-1.28E-05	-3.25E-05
533	8	0	0	0	0	0	0	232	254	0	-1.77E-05	8.19E-06	-1.57E-05	-3.43E-05
533	9	0	0	0	0	0	0	232	254	0	-1.77E-05	8.19E-06	-1.57E-05	-3.43E-05
533	10	0	0	0	0	0	0	232	254	0	-2.08E-05	6.97E-06	-1.41E-05	-8.20E-06
533	11	0	0	0	0	0	0	232	254	0	-2.10E-05	1.08E-05	-1.08E-05	1.37E-05
533	12	0	0	0	0	0	0	232	254	0	-2.10E-05	1.08E-05	-1.08E-05	1.37E-05
533	13	0	0	0	0	0	0	232	254	0	-1.95E-05	9.15E-06	-8.77E-06	1.26E-05
533	14	0	0	0	0	0	0	232	254	0	-1.95E-05	9.15E-06	-8.77E-06	1.26E-05
533	15	0	0	0	0	0	0	232	254	0	-2.06E-05	6.83E-06	-1.01E-05	2.65E-06
533	16	0	0	0	0	0	0	232	254	0	-2.06E-05	6.83E-06	-1.01E-05	2.65E-06
533	17	0	0	0	0	0	0	232	254	0	-2.16E-05	6.68E-06	-1.16E-05	-9.79E-06
533	18	0	0	0	0	0	0	232	254	0	-2.16E-05	6.68E-06	-1.16E-05	-9.79E-06
533	19	0	0	0	0	0	0	232	254	0	-2.34E-05	6.83E-06	-1.55E-05	-1.76E-05
534	0	0	0	0	0	0	0	232	254	0	-2.59E-05	3.73E-06	-1.41E-05	-1.91E-05
534	1	0	0	0	0	0	0	232	254	0	-2.59E-05	3.73E-06	-1.41E-05	-1.91E-05
534	2	0	0	0	0	0	0	232	254	0	-2.60E-05	3.10E-06	-1.01E-05	-2.02E-05
534	3	0	0	0	0	0	0	232	254	0	-2.60E-05	3.10E-06	-1.01E-05	-2.02E-05
534	4	0	0	0	0	0	0	232	254	0	-2.35E-05	3.58E-06	-1.07E-05	-2.37E-05
534	5	0	0	0	0	0	0	232	254	0	-2.35E-05	3.58E-06	-1.07E-05	-2.37E-05
534	6	0	0	0	0	0	0	232	254	0	-2.05E-05	4.28E-06	-8.48E-06	-2.70E-05
534	7	0	0	0	0	0	0	232	254	0	-2.05E-05	4.28E-06	-8.48E-06	-2.70E-05
534	8	0	0	0	0	0	0	232	254	0	-2.00E-05	6.97E-06	-3.47E-06	-2.38E-05
534	9	0	0	0	0	0	0	232	254	0	-2.11E-05	9.28E-06	-3.45E-06	-2.65E-05
534	10	0	0	0	0	0	0	232	254	0	-2.11E-05	9.28E-06	-3.45E-06	-2.65E-05
534	11	0	0	0	0	0	0	232	254	0	-2.58E-05	9.20E-06	-4.24E-06	-2.38E-05
534	12	0	0	0	0	0	0	232	254	0	-2.58E-05	9.20E-06	-4.24E-06	-2.38E-05
534	13	0	0	0	0	0	0	232	254	0	-2.92E-05	7.11E-06	-1.03E-07	-1.03E-06
534	14	0	0	0	0	0	0	232	254	0	-2.92E-05	7.11E-06	-1.03E-07	-1.03E-06
534	15	0	0	0	0	0	0	232	254	0	-2.87E-05	6.13E-06	3.36E-06	9.82E-06
534	16	0	0	0	0	0	0	232	254	0	-2.87E-05	6.13E-06	3.36E-06	9.82E-06
534	17	0	0	0	0	0	0	232	254	0	-2.46E-05	3.02E-06	7.50E-07	-7.17E-06
534	18	0	0	0	0	0	0	232	254	0	-2.11E-05	-1.41E-06	9.12E-07	-2.61E-05
534	19	0	0	0	0	0	0	232	254	0	-2.11E-05	-1.41E-06	9.12E-07	-2.61E-05
535	0	0	0	0	0	0	0	232	254	0	-1.94E-05	-2.08E-07	-1.21E-06	-4.10E-05
535	1	0	0	0	0	0	0	232	254	0	-1.94E-05	-2.08E-07	-1.21E-06	-4.10E-05
535	2	0	0	0	0	0	0	232	254	0	-1.72E-05	3.50E-06	-5.40E-06	-3.29E-05
535	3	0	0	0	0	0	0	232	254	0	-1.72E-05	3.50E-06	-5.40E-06	-3.29E-05
535	4	0	0	0	0	0	0	232	254	0	-1.18E-05	5.60E-06	-7.62E-06	-1.67E-05
535	5	0	0	0	0	0	0	232	254	0	-1.18E-05	5.60E-06	-7.62E-06	-1.67E-05
535	6	0	0	0	0	0	0	232	254	0	-3.17E-06	7.85E-06	-1.01E-05	-1.07E-05
535	7	0	0	0	0	0	0	232	254	0	-4.39E-06	8.46E-06	-1.91E-05	-1.41E-05
535	8	0	0	0	0	0	0	232	254	0	-4.39E-06	8.46E-06	-1.91E-05	-1.41E-05
535	9	0	0	0	0	0	0	232	254	0	-1.74E-05	7.26E-06	-3.62E-05	-2.88E-05
535	10	0	0	0	0	0	0	232	254	0	-1.74E-05	7.26E-06	-3.62E-05	-2.88E-05
535	11	0	0	0	0	0	0	232	254	0	-2.37E-05	3.41E-06	-4.45E-05	-2.89E-05
535	12	0	0	0	0	0	0	232	254	0	-2.37E-05	3.41E-06	-4.45E-05	-2.89E-05
535	13	0	0	0	0	0	0	232	254	0	-2.41E-05	1.35E-06	-3.73E-05	-1.72E-05
535	14	0	0	0	0	0	0	232	254	0	-2.41E-05	1.35E-06	-3.73E-05	-1.72E-05
535	15	0	0	0	0	0	0	232	254	0	-2.50E-05	3.56E-06	-1.30E-05	-2.53E-05
535	16	0	0	0	0	0	0	232	254	0	-2.62E-05	5.22E-06	6.73E-06	-3.47E-05
535	17	0	0	0	0	0	0	232	254	0	-2.62E-05	5.22E-06	6.73E-06	-3.47E-05
535	18	0	0	0	0	0	0	232	254	0	-2.47E-05	2.95E-06	2.61E-06	-2.71E-05
535	19	0	0	0	0	0	0	232	254	0	-2.47E-05	2.95E-06	2.61E-06	-2.71E-05
536	0	0	0	0	0	0	0	232	254	0	-2.50E-05	-1.15E-07	-8.28E-08	-1.15E-05
536	1	0	0	0	0	0	0	232	254	0	-2.50E-05	-1.15E-07	-8.28E-08	-1.15E-05
536	2	0	0	0	0	0	0	232	254	0	-2.47E-05	5.36E-07	1.89E-06	-1.74E-06
536	3	0	0	0	0	0	0	232	254	0	-2.47E-05	5.36E-07	1.89E-06	-1.74E-06
536	4	0	0	0	0	0	0	232	254	0	-2.34E-05	2.89E-06	-2.64E-06	7.81E-06
536	5	0	0	0	0	0	0	232	254	0	-2.47E-05	5.24E-06	-1.81E-05	5.41E-06
536	6	0	0	0	0	0	0	232	254	0	-2.47E-05	5.24E-06	-1.81E-05	5.41E-06
536	7	0	0	0	0	0	0	232	254	0	-2.47E-05	7.59E-06	-1.26E-05	-5.89E-06
536	8	0	0	0	0	0	0	232	254	0	-2.47E-05	7.59E-06	-1.26E-05	-5.89E-06
536	9	0	0	0	0	0	0	232	254	0	-2.28E-05	9.28E-06	2.24E-07	-9.62E-06
536	10	0	0	0	0	0	0	232	254	0	-2.28E-05	9.28E-06	2.24E-07	-9.62E-06
536	11	0	0	0	0	0	0	232	254	0	-2.03E-05	7.85E-06	-2.66E-06	-9.75E-06
536	12	0	0	0	0	0	0	232	254	0	-2.03E-05	7.85E-06	-2.66E-06	-9.75E-06
536	13	0	0	0	0	0	0	232	254	0	-1.70E-05	8.19E-06	-7.80E-07	-9.63E-06
536	14	0	0	0	0	0	0	232	254	0	-1.50E-05	6.05E-06	2.39E-05	-1.41E-05
536	15	0	0	0	0	0	0	232	254	0	-1.50E-05	6.05E-06	2.39E-05	-1.41E-05
536	16	0	0	0	0	0	0	232	254	0	-1.39E-05	4.89E-06	2.13E-05	-1.46E-05
536	17	0	0	0	0	0	0	232	254	0	-1.39E-05	4.89E-06	2.13E-05	-1.46E-05
536	18	0	0	0	0	0	0	232	254	0	-1.80E-05	3.19E-06	-2.10E-05	-1.36E-06
536	19	0	0	0	0	0	0	232	254	0	-1.80E-05	3.19E-06	-2.10E-05	-1.36E-06
537	0	0	0	0	0	0	0	232	254	0	-2.18E-05	3.72E-06	-3.40E-05	-2.69E-06
537	1	0	0	0	0	0	0	232	254	0	-2.18E-05	3.72E-06	-3.40E-05	-2.69E-06
537	2	0	0	0	0	0	0	232	254	0	-2.26E-05	6.52E-06	-2.51E-05	-1.99E-05
537	3	0	0	0	0	0	0	232	254	0	-2.34E-05	6.54E-06	-2.86E-05	-2.60E-05
537	4	0	0	0	0	0	0	232	254	0	-2.34E-05	6.54E-06	-2.86E-05	-2.60E-05
537	5	0	0	0	0	0	0	232	254	0	-2.31E-05	7.33E-06	-2.38E-05	-2.97E-05
537	6	0	0	0	0	0	0	232	254	0	-2.31E-05	7.33E-06	-2.38E-05	-2.97E-05
537	7	0	0	0	0	0	0	232	254	0	-2.37E-05	6.76E-06	-9.96E-06	-1.75E-05
537	8	0	0	0	0	0	0	232	254	0	-2.37E-05	6.76E-06	-9.96E-06	-1.75E-05
537	9	0	0	0	0	0	0	232	254	0	-2.46E-05	4.99E-06	-1.06E-05	-4.56E-06
537	10	0	0	0	0	0	0	232	254	0	-2.46E-05	4.99E-06	-1.06E-05	-4.56E-06
537	11	0	0	0	0	0	0	232	254	0	-2.77E-05	4.20E-06	-1.19E-05	-8.23E-06
537	12	0	0	0	0	0	0	232	254	0	-2.51E-05	5.65E-06	-9.80E-06	-1.99E-05
537	13	0	0	0	0	0	0	232	254	0	-2.51E-05	5.65E-06	-9.80E-06	-1.99E-05
537	14	0	0	0	0	0	0	232	254	0	-2.18E-05	2.16E-06	-9.02E-06	-3.49E-05
537	15	0	0	0	0	0	0	232	254	0	-2.18E-05	2.16E-06	-9.02E-06	-3.49E-05
537	16	0	0	0	0	0	0	232	254	0	-2.39E-05	-5.26E-06	-7.31E-06	-3.77E-05
537	17	0	0	0	0	0	0	232	254	0	-2.39E-05	-5.26E-06	-7.31E-06	-3.77E-05
537	18	0	0	0	0	0	0	232	254	0	-2.06E-05	-5.14E-06	-4.41E-06	-2.58E-05
537	19	0	0	0	0	0	0	232	254	0	-2.06E-05	-5.14E-06	-4.41E-06	-2.58E-05
538	0	0	0	0	0	0	0	232	254	0	-1.57E-05	-2.78E-06	-7.62E-06	-1.78E-06
538	1	0	0	0	0	0	0	232	254	0	-8.95E-06	-1.09E-06	-1.99E-05	3.31E-06
538	2	0	0	0	0	0	0	232	254	0	-8.95E-06	-1.09E-06	-1.99E-05	3.31E-06
538	3	0	0	0	0	0	0	232	254	0	-9.94E-06	7.54E-07	-2.58E-05	-5.11E-06
538	4	0	0	0	0	0	0	232	254	0	-9.94E-06	7.54E-07	-2.58E-05	-5.11E-06
538	5	0	0	0	0	0	0	232	254	0	-1.41E-05	-1.93E-06	-2.58E-05	-5.17E-06
538	6	0	0	0	0	0	0	232	254	0	-1.41E-05	-1.93E-06	-2.58E-05	-5.17E-06
538	7	0	0	0	0	0	0	232	254	0	-1.60E-05	-2.85E-06	-1.86E-05	-4.93E-06
538	8	0	0	0	0	0	0	232	254	0	-1.60E-05	-2.85E-06	-1.86E-05	-4.93E-06
538	9	0	0	0	0	0	0	232	254	0	-1.80E-05	5.13E-06	-5.89E-07	-1.53E-05
538	10	0	0	0	0	0	0	232	254	0	-1.82E-05	8.60E-06	2.69E-05	-1.89E-05
538	11	0	0	0	0	0	0	232	254	0	-1.82E-05	8.60E-06	2.69E-05	-1.89E-05
538	12	0	0	0	0	0	0	232	254	0	-2.08E-05	5.36E-06	3.01E-05	-5.23E-06
538	13	0	0	0	0	0	0	232	254	0	-2.08E-05	5.36E-06	3.01E-05	-5.23E-06
538	14	0	0	0	0	0	0	232	254	0	-3.00E-05	6.47E-06	1.82E-05	4.72E-06
538	15	0	0	0	0	0	0	232	254	0	-3.00E-05	6.47E-06	1.82E-05	4.72E-06
538	16	0	0	0	0	0	0	232	254	0	-3.51E-05	7.20E-06	4.97E-07	3.94E-06
538	17	0	0	0	0	0	0	232	254	0	-3.51E-05	7.20E-06	4.97E-07	3.94E-06
538	18	0	0	0	0	0	0	232	254	0	-3.38E-05	3.26E-06	-7.03E-06	-8.75E-06
538	19	0	0	0	0	0	0	232	254	0	-2.62E-05	2.16E-06	3.85E-07	-2.81E-05
539	0	0	0	0	0	0	0	232	254	0	-2.62E-05	2.16E-06	3.85E-07	-2.81E-05
539	1	0	0	0	0	0	0	232	254	0	-2.26E-05	4.07E-06	-4.44E-06	-3.61E-05
539	2	0	0	0	0	0	0	232	254	0	-2.26E-05	4.07E-06	-4.44E-06	-3.61E-05
539	3	0	0	0	0	0	0	232	254	0	-2.32E-05	5.62E-06	-7.29E-06	-1.71E-05
539	4	0	0	0	0	0	0	232	254	0	-2.32E-05	5.62E-06	-7.29E-06	-1.71E-05
539	5	0	0	0	0	0	0	232	254	0	-2.40E-05	8.39E-06	-6.38E-06	-1.39E-05
539	6	0	0	0	0	0	0	232	254	0	-2.40E-05	8.39E-06	-6.38E-06	-1.39E-05
539	7	0	0	0	0	0	0	232	254	0	-2.54E-05	1.11E-05	-9.46E-06	-2.03E-05
539	8	0	0	0	0	0	0	232	254	0	-2.38E-05	1.10E-05	-1.16E-05	-2.07E-06
539	9	0	0	0	0	0	0	232	254	0	-2.38E-05	1.10E-05	-1.16E-05	-2.07E-06
539	10	0	0	0	0	0	0	232	254	0	-1.87E-05	9.59E-06	-1.15E-05	2.44E-05
539	11	0	0	0	0	0	0	232	254	0	-1.87E-05	9.59E-06	-1.15E-05	2.44E-05
539	12	0	0	0	0	0	0	232	254	0	-1.52E-05	7.73E-06	-1.14E-05	3.59E-05
539	13	0	0	0	0	0	0	232	254	0	-1.52E-05	7.73E-06	-1.14E-05	3.59E-05
539	14	0	0	0	0	0	0	232	254	0	-1.53E-05	6.72E-06	-1.37E-05	2.33E-05
539	15	0	0	0	0	0	0	232	254	0	-1.53E-05	6.72E-06	-1.37E-05	2.33E-05
539	16	0	0	0	0	0	0	232	254	0	-1.76E-05	5.87E-06	-1.27E-05	-2.37E-06
539	17	0	0	0	0	0	0	232	254	0	-1.88E-05	5.85E-06	-1.25E-05	-1.20E-05
539	18	0	0	0	0	0	0	232	254	0	-1.88E-05	5.85E-06	-1.25E-05	-1.20E-05
539	19	0	0	0	0	0	0	232	254	0	-1.80E-05	5.63E-06	-1.29E-05	-9.36E-06
540	0	0	0	0	0	0	0	232	254	0	-1.80E-05	5.63E-06	-1.29E-05	-9.36E-06
540	1	0	0	0	0	0	0	232	254	0	-1.84E-05	5.36E-06	-8.84E-06	-7.83E-06
540	2	0	0	0	0	0	0	232	254	0	-1.84E-05	5.36E-06	-8.84E-06	-7.83E-06
540	3	0	0	0	0	0	0	232	254	0	-1.80E-05	5.95E-06	-9.51E-06	-8.55E-06
540	4	0	0	0	0	0	0	232	254	0	-1.80E-05	5.95E-06	-9.51E-06	-8.55E-06
540	5	0	0	0	0	0	0	232	254	0	-1.86E-05	4.80E-06	-1.49E-05	-2.55E-05
540	6	0	0	0	0	0	0	232	254	0	-2.03E-05	6.29E-06	-1.58E-05	-3.22E-05
540	7	0	0	0	0	0	0	232	254	0	-2.03E-05	6.29E-06	-1.58E-05	-3.22E-05
540	8	0	0	0	0	0	0	232	254	0	-2.03E-05	6.53E-06	-1.31E-05	-2.02E-05
540	9	0	0	0	0	0	0	232	254	0	-2.03E-05	6.53E-06	-1.31E-05	-2.02E-05
540	10	0	0	0	0	0	0	232	254	0	-2.01E-05	5.91E-06	-1.38E-05	-1.76E-05
540	11	0	0	0	0	0	0	232	254	0	-2.01E-05	5.91E-06	-1.38E-05	-1.76E-05
540	12	0	0	0	0	0	0	232	254	0	-2.10E-05	7.99E-06	-1.12E-05	-1.62E-05
540	13	0	0	0	0	0	0	232	254	0	-2.10E-05	7.99E-06	-1.12E-05	-1.62E-05
540	14	0	0	0	0	0	0	232	254	0	-2.13E-05	8.32E-06	-9.72E-06	-1.03E-05
540	15	0	0	0	0	0	0	232	254	0	-2.18E-05	6.65E-06	-1.15E-05	-9.91E-06
540	16	0	0	0	0	0	0	232	254	0	-2.18E-05	6.65E-06	-1.15E-05	-9.91E-06
540	17	0	0	0	0	0	0	232	254	0	-2.12E-05	4.74E-06	-1.18E-05	-4.16E-06
540	18	0	0	0	0	0	0	232	254	0	-2.12E-05	4.74E-06	-1.18E-05	-4.16E-06
540	19	0	0	0	0	0	0	232	254	0	-1.84E-05	5.29E-06	-1.13E-05	-4.40E-06
541	0	0	0	0	0	0	0	232	254	0	-1.84E-05	5.29E-06	-1.13E-05	-4.40E-06
541	1	0	0	0	0	0	0	232	254	0	-1.52E-05	1.58E-06	-1.33E-05	-1.81E-05
541	2	0	0	0	0	0	0	232	254	0	-1.52E-05	1.58E-06	-1.33E-05	-1.81E-05
541	3	0	0	0	0	0	0	232	254	0	-1.45E-05	-5.45E-07	-1.34E-05	-2.86E-05
541	4	0	0	0	0	0	0	232	254	0	-1.39E-05	5.57E-06	-1.21E-05	-2.93E-05
541	5	0	0	0	0	0	0	232	254	0	-1.39E-05	5.57E-06	-1.21E-05	-2.93E-05
541	6	0	0	0	0	0	0	232	254	0	-1.42E-05	4.89E-06	-9.74E-06	-1.64E-05
541	7	0	0	0	0	0	0	232	254	0	-1.42E-05	4.89E-06	-9.74E-06	-1.64E-05
541	8	0	0	0	0	0	0	232	254	0	-1.79E-05	8.20E-07	-7.44E-06	-1.01E-05
541	9	0	0	0	0	0	0	232	254	0	-1.79E-05	8.20E-07	-7.44E-06	-1.01E-05
541	10	0	0	0	0	0	0	232	254	0	-2.14E-05	2.47E-06	-9.96E-06	-2.29E-05
541	11	0	0	0	0	0	0	232	254	0	-2.14E-05	2.47E-06	-9.96E-06	-2.29E-05
541	12	0	0	0	0	0	0	232	254	0	-2.17E-05	2.10E-06	-1.19E-05	-3.66E-05
541	13	0	0	0	0	0	0	232	254	0	-2.16E-05	1.55E-06	-1.11E-05	-3.18E-05
541	14	0	0	0	0	0	0	232	254	0	-2.16E-05	1.55E-06	-1.11E-05	-3.18E-05
541	15	0	0	0	0	0	0	232	254	0	-2.14E-05	8.92E-07	-1.19E-05	-1.88E-05
541	16	0	0	0	0	0	0	232	254	0	-2.14E-05	8.92E-07	-1.19E-05	-1.88E-05
541	17	0	0	0	0	0	0	232	254	0	-2.15E-05	1.28E-06	-1.13E-05	-1.27E-05
541	18	0	0	0	0	0	0	232	254	0	-2.15E-05	1.28E-06	-1.13E-05	-1.27E-05
541	19	0	0	0	0	0	0	232	254	0	-2.02E-05	2.06E-06	-9.25E-06	-5.81E-06
542	0	0	0	0	0	0	0	232	254	0	-2.02E-05	2.06E-06	-9.25E-06	-5.81E-06
542	1	0	0	0	0	0	0	232	254	0	-1.90E-05	2.93E-06	-7.98E-06	-1.12E-05
542	2	0	0	0	0	0	0	232	254	0	-1.90E-05	2.09E-06	-1.00E-05	-2.23E-05
542	3	0	0	0	0	0	0	232	254	0	-1.90E-05	2.09E-06	-1.00E-05	-2.23E-05
542	4	0	0	0	0	0	0	232	254	0	-1.95E-05	5.92E-06	-8.87E-06	-2.06E-05
542	5	0	0	0	0	0	0	232	254	0	-1.95E-05	5.92E-06	-8.87E-06	-2.06E-05
542	6	0	0	0	0	0	0	232	254	0	-2.25E-05	9.23E-06	-8.49E-06	-2.13E-05
542	7	0	0	0	0	0	0	232	254	0	-2.25E-05	9.23E-06	-8.49E-06	-2.13E-05
542	8	0	0	0	0	0	0	232	254	0	-2.23E-05	6.02E-06	-7.32E-06	-2.23E-05
542	9	0	0	0	0	0	0	232	254	0	-2.23E-05	6.02E-06	-7.32E-06	-2.23E-05
542	10	0	0	0	0	0	0	232	254	0	-2.28E-05	2.95E-06	-8.10E-06	-7.44E-06
542	11	0	0	0	0	0	0	232	254	0	-2.66E-05	1.34E-06	-5.30E-06	-4.38E-06
542	12	0	0	0	0	0	0	232	254	0	-2.66E-05	1.34E-06	-5.30E-06	-4.38E-06
542	13	0	0	0	0	0	0	232	254	0	-2.77E-05	-3.45E-07	1.53E-05	6.10E-07
542	14	0	0	0	0	0	0	232	254	0	-2.77E-05	-3.45E-07	1.53E-05	6.10E-07
542	15	0	0	0	0	0	0	232	254	0	-2.43E-05	2.40E-07	7.50E-06	7.44E-06
542	16	0	0	0	0	0	0	232	254	0	-2.43E-05	2.40E-07	7.50E-06	7.44E-06
542	17	0	0	0	0	0	0	232	254	0	-1.97E-05	-7.27E-07	-2.06E-05	6.89E-07
542	18	0	0	0	0	0	0	232	254	0	-1.97E-05	-7.27E-07	-2.06E-05	6.89E-07
542	19	0	0	0	0	0	0	232	254	0	-1.68E-05	1.81E-06	-2.21E-05	-8.86E-06
543	0	0	0	0	0	0	0	232	254	0	-2.01E-05	1.73E-06	-6.73E-06	-1.24E-05
543	1	0	0	0	0	0	0	232	254	0	-2.01E-05	1.73E-06	-6.73E-06	-1.24E-05
543	2	0	0	0	0	0	0	232	254	0	-2.41E-05	-2.44E-06	-6.64E-06	-1.27E-05
543	3	0	0	0	0	0	0	232	254	0	-2.41E-05	-2.44E-06	-6.64E-06	-1.27E-05
543	4	0	0	0	0	0	0	232	254	0	-2.10E-05	-1.57E-06	-2.95E-06	-1.23E-05
543	5	0	0	0	0	0	0	232	254	0	-2.10E-05	-1.57E-06	-2.95E-06	-1.23E-05
543	6	0	0	0	0	0	0	232	254	0	-1.69E-05	1.39E-06	-1.47E-05	-1.70E-05
543	7	0	0	0	0	0	0	232	254	0	-1.69E-05	1.39E-06	-1.47E-05	-1.70E-05
543	8	0	0	0	0	0	0	232	254	0	-1.97E-05	4.60E-06	-1.61E-05	-2.04E-05
543	9	0	0	0	0	0	0	232	254	0	-2.52E-05	5.24E-06	-1.04E-05	-1.17E-05
543	10	0	0	0	0	0	0	232	254	0	-2.52E-05	5.24E-06	-1.04E-05	-1.17E-05
543	11	0	0	0	0	0	0	232	254	0	-2.40E-05	1.48E-06	-4.02E-06	-1.21E-05
543	12	0	0	0	0	0	0	232	254	0	-2.40E-05	1.48E-06	-4.02E-06	-1.21E-05
543	13	0	0	0	0	0	0	232	254	0	-2.22E-05	-3.72E-07	-1.08E-06	-2.39E-05
543	14	0	0	0	0	0	0	232	254	0	-2.22E-05	-3.72E-07	-1.08E-06	-2.39E-05
543	15	0	0	0	0	0	0	232	254	0	-2.32E-05	-7.29E-09	-1.00E-05	-2.30E-05
543	16	0	0	0	0	0	0	232	254	0	-2.32E-05	-7.29E-09	-1.00E-05	-2.30E-05
543	17	0	0	0	0	0	0	232	254	0	-2.25E-05	-1.79E-06	-1.33E-05	-1.81E-05
543	18	0	0	0	0	0	0	232	254	0	-2.24E-05	-1.09E-06	-1.73E-05	-1.42E-05
543	19	0	0	0	0	0	0	232	254	0	-2.24E-05	-1.09E-06	-1.73E-05	-1.42E-05
544	0	0	0	0	0	0	0	232	254	0	-2.13E-05	1.39E-06	-1.78E-05	-2.82E-05
544	1	0	0	0	0	0	0	232	254	0	-2.13E-05	1.39E-06	-1.78E-05	-2.82E-05
544	2	0	0	0	0	0	0	232	254	0	-1.92E-05	2.20E-06	-1.44E-05	-4.72E-05
544	3	0	0	0	0	0	0	232	254	0	-1.92E-05	2.20E-06	-1.44E-05	-4.72E-05
544	4	0	0	0	0	0	0	232	254	0	-1.92E-05	6.09E-07	-1.01E-05	-4.20E-05
544	5	0	0	0	0	0	0	232	254	0	-1.92E-05	6.09E-07	-1.01E-05	-4.20E-05
544	6	0	0	0	0	0	0	232	254	0	-2.04E-05	1.78E-06	-4.34E-06	-6.06E-06
544	7	0	0	0	0	0	0	232	254	0	-2.04E-05	5.01E-06	-7.15E-06	3.36E-05
544	8	0	0	0	0	0	0	232	254	0	-2.04E-05	5.01E-06	-7.15E-06	3.36E-05
544	9	0	0	0	0	0	0	232	254	0	-2.00E-05	4.63E-06	-8.72E-06	3.53E-05
544	10	0	0	0	0	0	0	232	254	0	-2.00E-05	4.63E-06	-8.72E-06	3.53E-05
544	11	0	0	0	0	0	0	232	254	0	-2.43E-05	3.54E-06	-9.91E-06	1.18E-05
544	12	0	0	0	0	0	0	232	254	0	-2.43E-05	3.54E-06	-9.91E-06	1.18E-05
544	13	0	0	0	0	0	0	232	254	0	-2.46E-05	4.64E-06	-1.23E-05	-9.24E-06
544	14	0	0	0	0	0	0	232	254	0	-2.46E-05	4.64E-06	-1.23E-05	-9.24E-06
544	15	0	0	0	0	0	0	232	254	0	-1.88E-05	5.31E-06	-1.53E-05	-2.93E-05
544	16	0	0	0	0	0	0	232	254	0	-1.81E-05	5.66E-06	-1.43E-05	-4.67E-05
544	17	0	0	0	0	0	0	232	254	0	-1.81E-05	5.66E-06	-1.43E-05	-4.67E-05
544	18	0	0	0	0	0	0	232	254	0	-1.80E-05	4.51E-06	-1.21E-05	-5.50E-05
544	19	0	0	0	0	0	0	232	254	0	-1.80E-05	4.51E-06	-1.21E-05	-5.50E-05
545	0	0	0	0	0	0	0	232	254	0	-1.86E-05	4.52E-06	-1.03E-05	-4.05E-05
545	1	0	0	0	0	0	0	232	254	0	-1.86E-05	4.52E-06	-1.03E-05	-4.05E-05
545	2	0	0	0	0	0	0	232	254	0	-2.05E-05	5.11E-06	-1.06E-05	-2.47E-06
545	3	0	0	0	0	0	0	232	254	0	-2.05E-05	5.11E-06	-1.06E-05	-2.47E-06
545	4	0	0	0	0	0	0	232	254	0	-2.21E-05	3.98E-06	-8.85E-06	3.19E-05
545	5	0	0	0	0	0	0	232	254	0	-2.45E-05	5.57E-06	-7.80E-06	4.94E-05
545	6	0	0	0	0	0	0	232	254	0	-2.45E-05	5.57E-06	-7.80E-06	4.94E-05
545	7	0	0	0	0	0	0	232	254	0	-2.55E-05	5.84E-06	-8.54E-06	3.64E-05
545	8	0	0	0	0	0	0	232	254	0	-2.55E-05	5.84E-06	-8.54E-06	3.64E-05
545	9	0	0	0	0	0	0	232	254	0	-2.63E-05	7.02E-06	-1.02E-05	7.32E-06
545	10	0	0	0	0	0	0	232	254	0	-2.63E-05	7.02E-06	-1.02E-05	7.32E-06
545	11	0	0	0	0	0	0	232	254	0	-2.56E-05	9.25E-06	-1.01E-05	-9.86E-06
545	12	0	0	0	0	0	0	232	254	0	-2.56E-05	9.25E-06	-1.01E-05	-9.86E-06
545	13	0	0	0	0	0	0	232	254	0	-2.29E-05	7.34E-06	-1.14E-05	-1.41E-05
545	14	0	0	0	0	0	0	232	254	0	-2.03E-05	6.03E-06	-1.24E-05	-2.11E-05
545	15	0	0	0	0	0	0	232	254	0	-2.03E-05	6.03E-06	-1.24E-05	-2.11E-05
545	16	0	0	0	0	0	0	232	254	0	-2.06E-05	5.06E-06	-1.26E-05	-3.66E-05
545	17	0	0	0	0	0	0	232	254	0	-2.06E-05	5.06E-06	-1.26E-05	-3.66E-05
545	18	0	0	0	0	0	0	232	254	0	-2.09E-05	5.26E-06	-1.09E-05	-5.15E-05
545	19	0	0	0	0	0	0	232	254	0	-2.09E-05	5.26E-06	-1.09E-05	-5.15E-05
546	0	0	0	0	0	0	0	232	254	0	-1.99E-05	5.33E-06	-1.09E-05	-5.83E-05
546	1	0	0	0	0	0	0	232	254	0	-1.99E-05	5.33E-06	-1.09E-05	-5.83E-05
546	2	0	0	0	0	0	0	232	254	0	-1.81E-05	4.46E-06	-1.04E-05	-4.27E-05
546	3	0	0	0	0	0	0	232	254	0	-1.87E-05	6.06E-06	-8.99E-06	-3.41E-06
546	4	0	0	0	0	0	0	232	254	0	-1.87E-05	6.06E-06	-8.99E-06	-3.41E-06
546	5	0	0	0	0	0	0	232	254	0	-1.87E-05	7.13E-06	-5.19E-06	2.87E-05
546	6	0	0	0	0	0	0	232	254	0	-1.87E-05	7.13E-06	-5.19E-06	2.87E-05
546	7	0	0	0	0	0	0	232	254	0	-1.73E-05	8.16E-06	-1.64E-06	4.11E-05
546	8	0	0	0	0	0	0	232	254	0	-1.73E-05	8.16E-06	-1.64E-06	4.11E-05
546	9	0	0	0	0	0	0	232	254	0	-1.88E-05	1.18E-05	-2.75E-06	2.79E-05
546	10	0	0	0	0	0	0	232	254	0	-1.88E-05	1.18E-05	-2.75E-06	2.79E-05
546	11	0	0	0	0	0	0	232	254	0	-1.78E-05	1.36E-05	-4.97E-06	2.15E-06
546	12	0	0	0	0	0	0	232	254	0	-1.82E-05	1.13E-05	-5.38E-06	-3.02E-05
546	13	0	0	0	0	0	0	232	254	0	-1.82E-05	1.13E-05	-5.38E-06	-3.02E-05
546	14	0	0	0	0	0	0	232	254	0	-1.91E-05	9.12E-06	-4.80E-06	-4.01E-05
546	15	0	0	0	0	0	0	232	254	0	-1.91E-05	9.12E-06	-4.80E-06	-4.01E-05
546	16	0	0	0	0	0	0	232	254	0	-1.76E-05	6.56E-06	-6.24E-06	-2.09E-05
546	17	0	0	0	0	0	0	232	254	0	-1.76E-05	6.56E-06	-6.24E-06	-2.09E-05
546	18	0	0	0	0	0	0	232	254	0	-1.71E-05	5.89E-06	-6.27E-06	-1.71E-05
546	19	0	0	0	0	0	0	232	254	0	-1.71E-05	5.89E-06	-6.27E-06	-1.71E-05
547	0	0	0	0	0	0	0	232	254	0	-1.97E-05	6.72E-06	-5.97E-06	-2.35E-05
547	1	0	0	0	0	0	0	232	254	0	-2.00E-05	5.72E-06	-7.68E-06	-2.55E-05
547	2	0	0	0	0	0	0	232	254	0	-2.00E-05	5.72E-06	-7.68E-06	-2.55E-05
547	3	0	0	0	0	0	0	232	254	0	-2.10E-05	4.71E-06	-9.10E-06	-1.87E-05
547	4	0	0	0	0	0	0	232	254	0	-2.10E-05	4.71E-06	-9.10E-06	-1.87E-05
547	5	0	0	0	0	0	0	232	254	0	-2.03E-05	3.75E-06	-8.37E-06	-6.95E-06
547	6	0	0	0	0	0	0	232	254	0	-2.03E-05	3.75E-06	-8.37E-06	-6.95E-06
547	7	0	0	0	0	0	0	232	254	0	-1.97E-05	3.08E-06	-8.38E-06	-6.60E-06
547	8	0	0	0	0	0	0	232	254	0	-1.97E-05	3.08E-06	-8.38E-06	-6.60E-06
547	9	0	0	0	0	0	0	232	254	0	-2.08E-05	2.78E-06	-8.65E-06	-1.20E-05
547	10	0	0	0	0	0	0	232	254	0	-2.31E-05	4.51E-06	-5.49E-06	-1.06E-05
547	11	0	0	0	0	0	0	232	254	0	-2.31E-05	4.51E-06	-5.49E-06	-1.06E-05
547	12	0	0	0	0	0	0	232	254	0	-2.14E-05	6.16E-06	-5.68E-06	-7.57E-06
547	13	0	0	0	0	0	0	232	254	0	-2.14E-05	6.16E-06	-5.68E-06	-7.57E-06
547	14	0	0	0	0	0	0	232	254	0	-2.02E-05	5.45E-06	-8.36E-06	-2.27E-06
547	15	0	0	0	0	0	0	232	254	0	-2.02E-05	5.45E-06	-8.36E-06	-2.27E-06
547	16	0	0	0	0	0	0	232	254	0	-2.20E-05	3.29E-06	-9.09E-06	-9.09E-06
547	17	0	0	0	0	0	0	232	254	0	-2.20E-05	3.29E-06	-9.09E-06	-9.09E-06
547	18	0	0	0	0	0	0	232	254	0	-2.36E-05	4.49E-06	-9.05E-06	-1.93E-05
547	19	0	0	0	0	0	0	232	254	0	-2.27E-05	7.84E-06	-8.19E-06	-2.02E-05
548	0	0	0	0	0	0	0	232	254	0	-2.27E-05	7.84E-06	-8.19E-06	-2.02E-05
548	1	0	0	0	0	0	0	232	254	0	-2.13E-05	7.39E-06	-8.61E-06	-1.85E-05
548	2	0	0	0	0	0	0	232	254	0	-2.13E-05	7.39E-06	-8.61E-06	-1.85E-05
548	3	0	0	0	0	0	0	232	254	0	-2.14E-05	6.68E-06	-6.44E-06	-1.25E-05
548	4	0	0	0	0	0	0	232	254	0	-2.14E-05	6.68E-06	-6.44E-06	-1.25E-05
548	5	0	0	0	0	0	0	232	254	0	-2.20E-05	7.04E-06	-3.77E-06	-1.47E-05
548	6	0	0	0	0	0	0	232	254	0	-2.20E-05	7.04E-06	-3.77E-06	-1.47E-05
548	7	0	0	0	0	0	0	232	254	0	-2.10E-05	4.36E-06	-6.64E-06	-2.04E-05
548	8	0	0	0	0	0	0	232	254	0	-1.99E-05	-1.68E-07	-5.40E-06	-1.96E-05
548	9	0	0	0	0	0	0	232	254	0	-1.99E-05	-1.68E-07	-5.40E-06	-1.96E-05
548	10	0	0	0	0	0	0	232	254	0	-1.78E-05	3.08E-07	-5.75E-06	-1.45E-05
548	11	0	0	0	0	0	0	232	254	0	-1.78E-05	3.08E-07	-5.75E-06	-1.45E-05
548	12	0	0	0	0	0	0	232	254	0	-1.44E-05	2.27E-06	-6.78E-06	-1.51E-05
548	13	0	0	0	0	0	0	232	254	0	-1.44E-05	2.27E-06	-6.78E-06	-1.51E-05
548	14	0	0	0	0	0	0	232	254	0	-1.20E-05	-6.28E-07	-6.69E-06	-1.18E-05
548	15	0	0	0	0	0	0	232	254	0	-1.20E-05	-6.28E-07	-6.69E-06	-1.18E-05
548	16	0	0	0	0	0	0	232	254	0	-1.49E-05	1.06E-06	-9.42E-06	-8.13E-06
548	17	0	0	0	0	0	0	232	254	0	-2.20E-05	3.87E-06	-1.04E-05	-1.07E-05
548	18	0	0	0	0	0	0	232	254	0	-2.20E-05	3.87E-06	-1.04E-05	-1.07E-05
548	19	0	0	0	0	0	0	232	254	0	-2.36E-05	2.81E-06	-1.12E-05	-1.41E-05
549	0	0	0	0	0	0	0	232	254	0	-2.36E-05	2.81E-06	-1.12E-05	-1.41E-05
549	1	0	0	0	0	0	0	232	254	0	-2.27E-05	2.10E-06	-1.49E-05	-5.63E-05
549	2	0	0	0	0	0	0	232	254	0	-2.27E-05	2.10E-06	-1.49E-05	-5.63E-05
549	3	0	0	0	0	0	0	232	254	0	-2.12E-05	4.71E-06	-1.71E-05	-9.26E-05
549	4	0	0	0	0	0	0	232	254	0	-2.12E-05	4.71E-06	-1.71E-05	-9.26E-05
549	5	0	0	0	0	0	0	232	254	0	-2.38E-05	6.28E-06	-1.43E-05	-6.74E-05
549	6	0	0	0	0	0	0	232	254	0	-2.65E-05	4.55E-06	-1.45E-05	-4.91E-06
549	7	0	0	0	0	0	0	232	254	0	-2.65E-05	4.55E-06	-1.45E-05	-4.91E-06
549	8	0	0	0	0	0	0	232	254	0	-2.65E-05	3.22E-06	-9.44E-06	5.10E-05
549	9	0	0	0	0	0	0	232	254	0	-2.65E-05	3.22E-06	-9.44E-06	5.10E-05
549	10	0	0	0	0	0	0	232	254	0	-2.56E-05	5.36E-06	-1.07E-05	5.36E-05
549	11	0	0	0	0	0	0	232	254	0	-2.56E-05	5.36E-06	-1.07E-05	5.36E-05
549	12	0	0	0	0	0	0	232	254	0	-2.51E-05	6.32E-06	-1.09E-05	2.52E-05
549	13	0	0	0	0	0	0	232	254	0	-2.51E-05	6.32E-06	-1.09E-05	2.52E-05
549	14	0	0	0	0	0	0	232	254	0	-2.46E-05	6.67E-06	-1.01E-05	3.64E-06
549	15	0	0	0	0	0	0	232	254	0	-2.44E-05	5.20E-06	-1.06E-05	-1.20E-05
549	16	0	0	0	0	0	0	232	254	0	-2.44E-05	5.20E-06	-1.06E-05	-1.20E-05
549	17	0	0	0	0	0	0	232	254	0	-2.32E-05	3.65E-06	-9.28E-06	-1.12E-05
549	18	0	0	0	0	0	0	232	254	0	-2.32E-05	3.65E-06	-9.28E-06	-1.12E-05
549	19	0	0	0	0	0	0	232	254	0	-2.09E-05	5.44E-06	-9.25E-06	-4.36E-06
550	0	0	0	0	0	0	0	232	254	0	-2.09E-05	5.44E-06	-9.25E-06	-4.36E-06
550	1	0	0	0	0	0	0	232	254	0	-1.99E-05	6.13E-06	-7.90E-06	2.56E-06
550	2	0	0	0	0	0	0	232	254	0	-1.99E-05	6.13E-06	-7.90E-06	2.56E-06
550	3	0	0	0	0	0	0	232	254	0	-1.71E-05	2.65E-06	-9.76E-06	-1.64E-06
550	4	0	0	0	0	0	0	232	254	0	-1.49E-05	6.19E-07	-9.85E-06	-1.72E-05
550	5	0	0	0	0	0	0	232	254	0	-1.49E-05	6.19E-07	-9.85E-06	-1.72E-05
550	6	0	0	0	0	0	0	232	254	0	-1.63E-05	-1.66E-07	-9.59E-06	-2.61E-05
550	7	0	0	0	0	0	0	232	254	0	-1.63E-05	-1.66E-07	-9.59E-06	-2.61E-05
550	8	0	0	0	0	0	0	232	254	0	-1.45E-05	-3.01E-06	-9.44E-06	-3.00E-05
550	9	0	0	0	0	0	0	232	254	0	-1.45E-05	-3.01E-06	-9.44E-06	-3.00E-05
550	10	0	0	0	0	0	0	232	254	0	-1.40E-05	-3.31E-06	-7.25E-06	-1.94E-05
550	11	0	0	0	0	0	0	232	254	0	-1.40E-05	-3.31E-06	-7.25E-06	-1.94E-05
550	12	0	0	0	0	0	0	232	254	0	-1.60E-05	5.10E-07	-3.83E-06	-1.31E-05
550	13	0	0	0	0	0	0	232	254	0	-2.02E-05	5.38E-06	-3.98E-06	-1.26E-05
550	14	0	0	0	0	0	0	232	254	0	-2.02E-05	5.38E-06	-3.98E-06	-1.26E-05
550	15	0	0	0	0	0	0	232	254	0	-2.32E-05	7.19E-06	-5.75E-06	-2.84E-06
550	16	0	0	0	0	0	0	232	254	0	-2.32E-05	7.19E-06	-5.75E-06	-2.84E-06
550	17	0	0	0	0	0	0	232	254	0	-2.25E-05	6.76E-06	-7.01E-06	-1.27E-06
550	18	0	0	0	0	0	0	232	254	0	-2.25E-05	6.76E-06	-7.01E-06	-1.27E-06
550	19	0	0	0	0	0	0	232	254	0	-2.33E-05	5.39E-06	-7.80E-06	-1.64E-05
551	0	0	0	0	0	0	0	232	254	0	-2.33E-05	5.39E-06	-7.80E-06	-1.64E-05
551	1	0	0	0	0	0	0	232	254	0	-2.42E-05	6.46E-06	-8.25E-06	-4.31E-05
551	2	0	0	0	0	0	0	232	254	0	-2.32E-05	6.93E-06	-8.58E-06	-7.59E-05
551	3	0	0	0	0	0	0	232	254	0	-2.32E-05	6.93E-06	-8.58E-06	-7.59E-05
551	4	0	0	0	0	0	0	232	254	0	-2.38E-05	7.51E-06	-9.78E-06	-6.68E-05
551	5	0	0	0	0	0	0	232	254	0	-2.38E-05	7.51E-06	-9.78E-06	-6.68E-05
551	6	0	0	0	0	0	0	232	254	0	-2.47E-05	9.06E-06	-1.07E-05	-2.57E-05
551	7	0	0	0	0	0	0	232	254	0	-2.47E-05	9.06E-06	-1.07E-05	-2.57E-05
551	8	0	0	0	0	0	0	232	254	0	-2.47E-05	8.83E-06	-9.83E-06	1.10E-05
551	9	0	0	0	0	0	0	232	254	0	-2.47E-05	8.83E-06	-9.83E-06	1.10E-05
551	10	0	0	0	0	0	0	232	254	0	-2.53E-05	7.61E-06	-1.13E-05	3.03E-05
551	11	0	0	0	0	0	0	232	254	0	-2.79E-05	7.41E-06	-1.08E-05	2.24E-05
551	12	0	0	0	0	0	0	232	254	0	-2.79E-05	7.41E-06	-1.08E-05	2.24E-05
551	13	0	0	0	0	0	0	232	254	0	-2.84E-05	4.23E-06	-7.66E-06	9.16E-06
551	14	0	0	0	0	0	0	232	254	0	-2.84E-05	4.23E-06	-7.66E-06	9.16E-06
551	15	0	0	0	0	0	0	232	254	0	-2.54E-05	1.05E-06	-8.46E-06	-1.75E-06
551	16	0	0	0	0	0	0	232	254	0	-2.54E-05	1.05E-06	-8.46E-06	-1.75E-06
551	17	0	0	0	0	0	0	232	254	0	-2.33E-05	2.34E-06	-9.66E-06	-1.01E-05
551	18	0	0	0	0	0	0	232	254	0	-2.33E-05	2.34E-06	-9.66E-06	-1.01E-05
551	19	0	0	0	0	0	0	232	254	0	-2.10E-05	3.40E-06	-9.18E-06	-1.01E-05
552	0	0	0	0	0	0	0	232	254	0	-1.93E-05	4.37E-06	-8.82E-06	-1.63E-05
552	1	0	0	0	0	0	0	232	254	0	-1.93E-05	4.37E-06	-8.82E-06	-1.63E-05
552	2	0	0	0	0	0	0	232	254	0	-1.91E-05	3.31E-06	-8.39E-06	-2.18E-05
552	3	0	0	0	0	0	0	232	254	0	-1.91E-05	3.31E-06	-8.39E-06	-2.18E-05
552	4	0	0	0	0	0	0	232	254	0	-1.86E-05	2.50E-06	-9.05E-06	-3.26E-05
552	5	0	0	0	0	0	0	232	254	0	-1.86E-05	2.50E-06	-9.05E-06	-3.26E-05
552	6	0	0	0	0	0	0	232	254	0	-1.70E-05	4.30E-06	-1.31E-05	-3.01E-05
552	7	0	0	0	0	0	0	232	254	0	-1.70E-05	4.30E-06	-1.31E-05	-3.01E-05
552	8	0	0	0	0	0	0	232	254	0	-1.76E-05	4.92E-06	-1.54E-05	-6.55E-06
552	9	0	0	0	0	0	0	232	254	0	-1.85E-05	5.18E-06	-1.28E-05	1.76E-05
552	10	0	0	0	0	0	0	232	254	0	-1.85E-05	5.18E-06	-1.28E-05	1.76E-05
552	11	0	0	0	0	0	0	232	254	0	-1.92E-05	4.74E-06	-1.15E-05	2.99E-05
552	12	0	0	0	0	0	0	232	254	0	-1.92E-05	4.74E-06	-1.15E-05	2.99E-05
552	13	0	0	0	0	0	0	232	254	0	-2.06E-05	3.19E-06	-1.29E-05	1.53E-05
552	14	0	0	0	0	0	0	232	254	0	-2.06E-05	3.19E-06	-1.29E-05	1.53E-05
552	15	0	0	0	0	0	0	232	254	0	-1.99E-05	2.85E-06	-1.43E-05	-1.16E-06
552	16	0	0	0	0	0	0	232	254	0	-1.99E-05	2.85E-06	-1.43E-05	-1.16E-06
552	17	0	0	0	0	0	0	232	254	0	-1.80E-05	9.81E-07	-1.16E-05	-1.44E-06
552	18	0	0	0	0	0	0	232	254	0	-1.82E-05	1.39E-06	-6.12E-06	-9.60E-06
552	19	0	0	0	0	0	0	232	254	0	-1.82E-05	1.39E-06	-6.12E-06	-9.60E-06
553	0	0	0	0	0	0	0	232	254	0	-1.86E-05	4.50E-06	-4.18E-06	-1.73E-05
553	1	0	0	0	0	0	0	232	254	0	-1.86E-05	4.50E-06	-4.18E-06	-1.73E-05
553	2	0	0	0	0	0	0	232	254	0	-1.81E-05	4.83E-06	-5.98E-06	-1.93E-05
553	3	0	0	0	0	0	0	232	254	0	-1.81E-05	4.83E-06	-5.98E-06	-1.93E-05
553	4	0	0	0	0	0	0	232	254	0	-1.68E-05	2.67E-06	-6.70E-06	-2.11E-05
553	5	0	0	0	0	0	0	232	254	0	-1.68E-05	2.67E-06	-6.70E-06	-2.11E-05
553	6	0	0	0	0	0	0	232	254	0	-1.63E-05	1.63E-06	-7.69E-06	-1.98E-05
553	7	0	0	0	0	0	0	232	254	0	-1.69E-05	1.21E-06	-8.05E-06	-1.97E-05
553	8	0	0	0	0	0	0	232	254	0	-1.69E-05	1.21E-06	-8.05E-06	-1.97E-05
553	9	0	0	0	0	0	0	232	254	0	-1.79E-05	3.45E-07	-6.32E-06	-1.97E-05
553	10	0	0	0	0	0	0	232	254	0	-1.79E-05	3.45E-07	-6.32E-06	-1.97E-05
553	11	0	0	0	0	0	0	232	254	0	-1.69E-05	-6.09E-07	-6.83E-06	-1.83E-05
553	12	0	0	0	0	0	0	232	254	0	-1.69E-05	-6.09E-07	-6.83E-06	-1.83E-05
553	13	0	0	0	0	0	0	232	254	0	-1.74E-05	-1.12E-06	-6.47E-06	-1.92E-05
553	14	0	0	0	0	0	0	232	254	0	-1.74E-05	-1.12E-06	-6.47E-06	-1.92E-05
553	15	0	0	0	0	0	0	232	254	0	-1.81E-05	-6.01E-07	-6.07E-06	-2.22E-05
553	16	0	0	0	0	0	0	232	254	0	-1.89E-05	9.62E-07	-6.13E-06	-2.12E-05
553	17	0	0	0	0	0	0	232	254	0	-1.89E-05	9.62E-07	-6.13E-06	-2.12E-05
553	18	0	0	0	0	0	0	232	254	0	-2.07E-05	3.13E-06	-6.02E-06	-1.89E-05
553	19	0	0	0	0	0	0	232	254	0	-2.07E-05	3.13E-06	-6.02E-06	-1.89E-05
554	0	0	0	0	0	0	0	232	254	0	-2.14E-05	6.78E-06	-8.96E-06	-1.91E-05
554	1	0	0	0	0	0	0	232	254	0	-2.14E-05	6.78E-06	-8.96E-06	-1.91E-05
554	2	0	0	0	0	0	0	232	254	0	-2.29E-05	8.74E-06	-1.59E-05	-1.90E-05
554	3	0	0	0	0	0	0	232	254	0	-2.29E-05	8.74E-06	-1.59E-05	-1.90E-05
554	4	0	0	0	0	0	0	232	254	0	-2.27E-05	7.36E-06	-1.83E-05	-2.15E-05
554	5	0	0	0	0	0	0	232	254	0	-2.27E-05	4.64E-06	-2.30E-05	-3.50E-05
554	6	0	0	0	0	0	0	232	254	0	-2.27E-05	4.64E-06	-2.30E-05	-3.50E-05
554	7	0	0	0	0	0	0	232	254	0	-2.23E-05	5.20E-06	-2.90E-05	-3.78E-05
554	8	0	0	0	0	0	0	232	254	0	-2.23E-05	5.20E-06	-2.90E-05	-3.78E-05
554	9	0	0	0	0	0	0	232	254	0	-2.01E-05	5.10E-06	-2.93E-05	-3.19E-05
554	10	0	0	0	0	0	0	232	254	0	-2.01E-05	5.10E-06	-2.93E-05	-3.19E-05
554	11	0	0	0	0	0	0	232	254	0	-1.95E-05	4.58E-06	-1.75E-05	-8.60E-06
554	12	0	0	0	0	0	0	232	254	0	-1.95E-05	4.58E-06	-1.75E-05	-8.60E-06
554	13	0	0	0	0	0	0	232	254	0	-2.15E-05	4.50E-06	1.09E-05	1.60E-05
554	14	0	0	0	0	0	0	232	254	0	-2.09E-05	2.31E-06	2.55E-05	1.24E-05
554	15	0	0	0	0	0	0	232	254	0	-2.09E-05	2.31E-06	2.55E-05	1.24E-05
554	16	0	0	0	0	0	0	232	254	0	-2.07E-05	1.49E-06	3.40E-05	-4.13E-07
554	17	0	0	0	0	0	0	232	254	0	-2.07E-05	1.49E-06	3.40E-05	-4.13E-07
554	18	0	0	0	0	0	0	232	254	0	-2.14E-05	3.77E-06	3.43E-05	-6.53E-06
554	19	0	0	0	0	0	0	232	254	0	-2.14E-05	3.77E-06	3.43E-05	-6.53E-06
555	0	0	0	0	0	0	0	232	254	0	-1.94E-05	7.20E-06	1.54E-05	-9.76E-06
555	1	0	0	0	0	0	0	232	254	0	-1.94E-05	7.20E-06	1.54E-05	-9.76E-06
555	2	0	0	0	0	0	0	232	254	0	-1.99E-05	8.53E-06	-8.34E-06	-1.80E-05
555	3	0	0	0	0	0	0	232	254	0	-2.16E-05	6.31E-06	-2.60E-05	-1.70E-05
555	4	0	0	0	0	0	0	232	254	0	-2.16E-05	6.31E-06	-2.60E-05	-1.70E-05
555	5	0	0	0	0	0	0	232	254	0	-2.35E-05	5.54E-06	-3.80E-05	-1.02E-05
555	6	0	0	0	0	0	0	232	254	0	-2.35E-05	5.54E-06	-3.80E-05	-1.02E-05
555	7	0	0	0	0	0	0	232	254	0	-2.46E-05	8.60E-06	-2.22E-05	-9.67E-06
555	8	0	0	0	0	0	0	232	254	0	-2.46E-05	8.60E-06	-2.22E-05	-9.67E-06
555	9	0	0	0	0	0	0	232	254	0	-2.61E-05	1.04E-05	1.22E-06	-6.76E-06
555	10	0	0	0	0	0	0	232	254	0	-2.61E-05	1.04E-05	1.22E-06	-6.76E-06
555	11	0	0	0	0	0	0	232	254	0	-2.60E-05	9.67E-06	-1.58E-06	-2.73E-06
555	12	0	0	0	0	0	0	232	254	0	-2.39E-05	1.01E-05	-9.89E-06	-3.94E-06
555	13	0	0	0	0	0	0	232	254	0	-2.39E-05	1.01E-05	-9.89E-06	-3.94E-06
555	14	0	0	0	0	0	0	232	254	0	-2.46E-05	9.30E-06	-1.89E-05	-5.71E-06
555	15	0	0	0	0	0	0	232	254	0	-2.46E-05	9.30E-06	-1.89E-05	-5.71E-06
555	16	0	0	0	0	0	0	232	254	0	-2.47E-05	7.36E-06	-1.93E-05	-1.41E-05
555	17	0	0	0	0	0	0	232	254	0	-2.47E-05	7.36E-06	-1.93E-05	-1.41E-05
555	18	0	0	0	0	0	0	232	254	0	-2.33E-05	4.19E-06	-1.84E-05	-1.95E-05
555	19	0	0	0	0	0	0	232	254	0	-2.33E-05	4.19E-06	-1.84E-05	-1.95E-05
556	0	0	0	0	0	0	0	232	254	0	-2.29E-05	2.51E-06	-1.73E-05	-1.50E-05
556	1	0	0	0	0	0	0	232	254	0	-2.25E-05	3.70E-06	-1.34E-05	-1.30E-05
556	2	0	0	0	0	0	0	232	254	0	-2.25E-05	3.70E-06	-1.34E-05	-1.30E-05
556	3	0	0	0	0	0	0	232	254	0	-2.20E-05	5.70E-06	-1.27E-05	-1.18E-05
556	4	0	0	0	0	0	0	232	254	0	-2.20E-05	5.70E-06	-1.27E-05	-1.18E-05
556	5	0	0	0	0	0	0	232	254	0	-1.87E-05	6.12E-06	-1.33E-05	-2.28E-05
556	6	0	0	0	0	0	0	232	254	0	-1.87E-05	6.12E-06	-1.33E-05	-2.28E-05
556	7	0	0	0	0	0	0	232	254	0	-1.35E-05	3.70E-06	-1.48E-05	-2.95E-05
556	8	0	0	0	0	0	0	232	254	0	-1.35E-05	3.70E-06	-1.48E-05	-2.95E-05
556	9	0	0	0	0	0	0	232	254	0	-1.39E-05	2.96E-06	-1.58E-05	-1.20E-05
556	10	0	0	0	0	0	0	232	254	0	-1.72E-05	4.05E-06	-1.55E-05	-1.43E-06
556	11	0	0	0	0	0	0	232	254	0	-1.72E-05	4.05E-06	-1.55E-05	-1.43E-06
556	12	0	0	0	0	0	0	232	254	0	-1.79E-05	6.93E-06	-1.37E-05	-6.74E-06
556	13	0	0	0	0	0	0	232	254	0	-1.79E-05	6.93E-06	-1.37E-05	-6.74E-06
556	14	0	0	0	0	0	0	232	254	0	-2.00E-05	7.22E-06	-1.21E-05	-2.39E-05
556	15	0	0	0	0	0	0	232	254	0	-2.00E-05	7.22E-06	-1.21E-05	-2.39E-05
556	16	0	0	0	0	0	0	232	254	0	-2.19E-05	7.48E-06	-9.36E-06	-2.87E-05
556	17	0	0	0	0	0	0	232	254	0	-2.19E-05	7.48E-06	-9.36E-06	-2.87E-05
556	18	0	0	0	0	0	0	232	254	0	-2.32E-05	9.11E-06	-8.75E-06	-2.44E-05
556	19	0	0	0	0	0	0	232	254	0	-2.44E-05	1.06E-05	-1.15E-05	-8.37E-06
557	0	0	0	0	0	0	0	232	254	0	-2.44E-05	1.06E-05	-1.15E-05	-8.37E-06
557	1	0	0	0	0	0	0	232	254	0	-2.40E-05	1.18E-05	-1.03E-05	9.89E-06
557	2	0	0	0	0	0	0	232	254	0	-2.40E-05	1.18E-05	-1.03E-05	9.89E-06
557	3	0	0	0	0	0	0	232	254	0	-2.41E-05	7.02E-06	-7.14E-06	3.19E-06
557	4	0	0	0	0	0	0	232	254	0	-2.41E-05	7.02E-06	-7.14E-06	3.19E-06
557	5	0	0	0	0	0	0	232	254	0	-2.47E-05	4.73E-06	-6.63E-06	-1.27E-05
557	6	0	0	0	0	0	0	232	254	0	-2.47E-05	4.73E-06	-6.63E-06	-1.27E-05
557	7	0	0	0	0	0	0	232	254	0	-2.59E-05	7.71E-06	-6.63E-06	-1.16E-05
557	8	0	0	0	0	0	0	232	254	0	-2.57E-05	8.43E-06	-9.00E-06	-1.11E-05
557	9	0	0	0	0	0	0	232	254	0	-2.57E-05	8.43E-06	-9.00E-06	-1.11E-05
557	10	0	0	0	0	0	0	232	254	0	-2.27E-05	7.75E-06	-9.41E-06	-1.23E-05
557	11	0	0	0	0	0	0	232	254	0	-2.27E-05	7.75E-06	-9.41E-06	-1.23E-05
557	12	0	0	0	0	0	0	232	254	0	-2.11E-05	7.41E-06	-8.67E-06	-1.20E-05
557	13	0	0	0	0	0	0	232	254	0	-2.11E-05	7.41E-06	-8.67E-06	-1.20E-05
557	14	0	0	0	0	0	0	232	254	0	-2.00E-05	4.39E-06	-9.07E-06	-1.04E-05
557	15	0	0	0	0	0	0	232	254	0	-2.00E-05	4.39E-06	-9.07E-06	-1.04E-05
557	16	0	0	0	0	0	0	232	254	0	-1.97E-05	1.53E-06	-8.22E-06	-7.98E-06
557	17	0	0	0	0	0	0	232	254	0	-1.81E-05	9.70E-08	-8.33E-06	-1.17E-05
557	18	0	0	0	0	0	0	232	254	0	-1.81E-05	9.70E-08	-8.33E-06	-1.17E-05
557	19	0	0	0	0	0	0	232	254	0	-1.94E-05	1.86E-06	-9.05E-06	-2.07E-05
558	0	0	0	0	0	0	0	232	254	0	-1.94E-05	1.86E-06	-9.05E-06	-2.07E-05
558	1	0	0	0	0	0	0	232	254	0	-2.16E-05	3.75E-06	-9.96E-06	-2.54E-05
558	2	0	0	0	0	0	0	232	254	0	-2.16E-05	3.75E-06	-9.96E-06	-2.54E-05
558	3	0	0	0	0	0	0	232	254	0	-1.96E-05	3.74E-06	-1.03E-05	-2.60E-05
558	4	0	0	0	0	0	0	232	254	0	-1.96E-05	3.74E-06	-1.03E-05	-2.60E-05
558	5	0	0	0	0	0	0	232	254	0	-2.13E-05	1.92E-06	-1.13E-05	-2.36E-05
558	6	0	0	0	0	0	0	232	254	0	-2.28E-05	3.71E-07	-1.36E-05	-2.48E-05
558	7	0	0	0	0	0	0	232	254	0	-2.28E-05	3.71E-07	-1.36E-05	-2.48E-05
558	8	0	0	0	0	0	0	232	254	0	-2.16E-05	-2.56E-07	-1.38E-05	-1.99E-05
558	9	0	0	0	0	0	0	232	254	0	-2.16E-05	-2.56E-07	-1.38E-05	-1.99E-05
558	10	0	0	0	0	0	0	232	254	0	-1.95E-05	8.90E-09	-1.37E-05	-2.24E-05
558	11	0	0	0	0	0	0	232	254	0	-1.95E-05	8.90E-09	-1.37E-05	-2.24E-05
558	12	0	0	0	0	0	0	232	254	0	-1.87E-05	-7.07E-07	-1.18E-05	-3.65E-05
558	13	0	0	0	0	0	0	232	254	0	-1.87E-05	-7.07E-07	-1.18E-05	-3.65E-05
558	14	0	0	0	0	0	0	232	254	0	-1.99E-05	1.32E-07	-8.17E-06	-2.06E-05
558	15	0	0	0	0	0	0	232	254	0	-2.05E-05	9.98E-07	-5.26E-06	-6.17E-06
558	16	0	0	0	0	0	0	232	254	0	-2.05E-05	9.98E-07	-5.26E-06	-6.17E-06
558	17	0	0	0	0	0	0	232	254	0	-1.94E-05	2.16E-06	-5.14E-06	9.69E-06
558	18	0	0	0	0	0	0	232	254	0	-1.94E-05	2.16E-06	-5.14E-06	9.69E-06
558	19	0	0	0	0	0	0	232	254	0	-1.88E-05	3.78E-06	-2.65E-06	1.27E-05
559	0	0	0	0	0	0	0	232	254	0	-1.88E-05	3.78E-06	-2.65E-06	1.27E-05
559	1	0	0	0	0	0	0	232	254	0	-1.75E-05	3.01E-06	-1.39E-06	-1.23E-05
559	2	0	0	0	0	0	0	232	254	0	-1.75E-05	3.01E-06	-1.39E-06	-1.23E-05
559	3	0	0	0	0	0	0	232	254	0	-1.73E-05	1.02E-06	-5.42E-06	-3.37E-05
559	4	0	0	0	0	0	0	232	254	0	-1.82E-05	8.91E-09	-6.25E-06	-2.46E-05
559	5	0	0	0	0	0	0	232	254	0	-1.82E-05	8.91E-09	-6.25E-06	-2.46E-05
559	6	0	0	0	0	0	0	232	254	0	-1.79E-05	-9.98E-07	-4.41E-06	1.67E-05
559	7	0	0	0	0	0	0	232	254	0	-1.79E-05	-9.98E-07	-4.41E-06	1.67E-05
559	8	0	0	0	0	0	0	232	254	0	-1.95E-05	-1.50E-06	-2.91E-06	3.57E-05
559	9	0	0	0	0	0	0	232	254	0	-1.95E-05	-1.50E-06	-2.91E-06	3.57E-05
559	10	0	0	0	0	0	0	232	254	0	-2.19E-05	4.68E-07	-3.40E-06	3.96E-05
559	11	0	0	0	0	0	0	232	254	0	-2.19E-05	4.68E-07	-3.40E-06	3.96E-05
559	12	0	0	0	0	0	0	232	254	0	-2.44E-05	1.49E-06	-4.90E-06	2.88E-05
559	13	0	0	0	0	0	0	232	254	0	-2.46E-05	3.51E-06	-7.44E-06	8.73E-07
559	14	0	0	0	0	0	0	232	254	0	-2.46E-05	3.51E-06	-7.44E-06	8.73E-07
559	15	0	0	0	0	0	0	232	254	0	-2.21E-05	5.10E-06	-9.96E-06	-1.94E-05
559	16	0	0	0	0	0	0	232	254	0	-2.21E-05	5.10E-06	-9.96E-06	-1.94E-05
559	17	0	0	0	0	0	0	232	254	0	-2.03E-05	4.40E-06	-7.18E-06	-2.17E-05
559	18	0	0	0	0	0	0	232	254	0	-2.03E-05	4.40E-06	-7.18E-06	-2.17E-05
559	19	0	0	0	0	0	0	232	254	0	-2.01E-05	3.98E-06	-5.20E-06	-1.25E-05
560	0	0	0	0	0	0	0	232	254	0	-2.01E-05	3.98E-06	-5.20E-06	-1.25E-05
560	1	0	0	0	0	0	0	232	254	0	-1.97E-05	5.67E-06	-5.36E-06	-1.17E-05
560	2	0	0	0	0	0	0	232	254	0	-1.99E-05	6.46E-06	-6.63E-06	-1.66E-05
560	3	0	0	0	0	0	0	232	254	0	-1.99E-05	6.46E-06	-6.63E-06	-1.66E-05
560	4	0	0	0	0	0	0	232	254	0	-2.06E-05	7.15E-06	-8.90E-06	-2.01E-05
560	5	0	0	0	0	0	0	232	254	0	-2.06E-05	7.15E-06	-8.90E-06	-2.01E-05
560	6	0	0	0	0	0	0	232	254	0	-2.16E-05	8.45E-06	-8.68E-06	-2.10E-05
560	7	0	0	0	0	0	0	232	254	0	-2.16E-05	8.45E-06	-8.68E-06	-2.10E-05
560	8	0	0	0	0	0	0	232	254	0	-2.21E-05	7.73E-06	-7.47E-06	-2.11E-05
560	9	0	0	0	0	0	0	232	254	0	-2.21E-05	7.73E-06	-7.47E-06	-2.11E-05
560	10	0	0	0	0	0	0	232	254	0	-2.13E-05	7.20E-06	-7.02E-06	-2.20E-05
560	11	0	0	0	0	0	0	232	254	0	-2.25E-05	8.95E-06	-7.20E-06	-2.40E-05
560	12	0	0	0	0	0	0	232	254	0	-2.25E-05	8.95E-06	-7.20E-06	-2.40E-05
560	13	0	0	0	0	0	0	232	254	0	-2.29E-05	8.67E-06	-9.32E-06	-2.60E-05
560	14	0	0	0	0	0	0	232	254	0	-2.29E-05	8.67E-06	-9.32E-06	-2.60E-05
560	15	0	0	0	0	0	0	232	254	0	-2.02E-05	5.42E-06	-1.22E-05	-2.62E-05
560	16	0	0	0	0	0	0	232	254	0	-2.02E-05	5.42E-06	-1.22E-05	-2.62E-05
560	17	0	0	0	0	0	0	232	254	0	-1.99E-05	3.22E-06	-1.56E-05	-2.63E-05
560	18	0	0	0	0	0	0	232	254	0	-1.99E-05	3.22E-06	-1.56E-05	-2.63E-05
560	19	0	0	0	0	0	0	232	254	0	-2.14E-05	-3.27E-07	-1.49E-05	-2.18E-05
561	0	0	0	0	0	0	0	232	254	0	-2.26E-05	-8.30E-07	-1.23E-05	-1.62E-05
561	1	0	0	0	0	0	0	232	254	0	-2.26E-05	-8.30E-07	-1.23E-05	-1.62E-05
561	2	0	0	0	0	0	0	232	254	0	-2.05E-05	1.62E-06	-1.01E-05	-1.19E-05
561	3	0	0	0	0	0	0	232	254	0	-2.05E-05	1.62E-06	-1.01E-05	-1.19E-05
561	4	0	0	0	0	0	0	232	254	0	-2.02E-05	5.19E-06	-1.20E-05	-1.11E-05
561	5	0	0	0	0	0	0	232	254	0	-2.02E-05	5.19E-06	-1.20E-05	-1.11E-05
561	6	0	0	0	0	0	0	232	254	0	-2.19E-05	6.70E-06	-1.73E-05	-1.66E-05
561	7	0	0	0	0	0	0	232	254	0	-2.19E-05	6.70E-06	-1.73E-05	-1.66E-05
561	8	0	0	0	0	0	0	232	254	0	-2.33E-05	5.84E-06	-1.87E-05	-2.19E-05
561	9	0	0	0	0	0	0	232	254	0	-2.28E-05	6.44E-06	-1.68E-05	-2.63E-05
561	10	0	0	0	0	0	0	232	254	0	-2.28E-05	6.44E-06	-1.68E-05	-2.63E-05
561	11	0	0	0	0	0	0	232	254	0	-2.26E-05	5.77E-06	-1.45E-05	-2.18E-05
561	12	0	0	0	0	0	0	232	254	0	-2.26E-05	5.77E-06	-1.45E-05	-2.18E-05
561	13	0	0	0	0	0	0	232	254	0	-2.25E-05	5.20E-06	-1.06E-05	-1.88E-05
561	14	0	0	0	0	0	0	232	254	0	-2.25E-05	5.20E-06	-1.06E-05	-1.88E-05
561	15	0	0	0	0	0	0	232	254	0	-2.23E-05	5.10E-06	-7.59E-06	-1.71E-05
561	16	0	0	0	0	0	0	232	254	0	-2.23E-05	5.10E-06	-7.59E-06	-1.71E-05
561	17	0	0	0	0	0	0	232	254	0	-2.23E-05	4.85E-06	-9.36E-06	-1.27E-05
561	18	0	0	0	0	0	0	232	254	0	-2.19E-05	6.44E-06	-7.91E-06	-1.26E-05
561	19	0	0	0	0	0	0	232	254	0	-2.19E-05	6.44E-06	-7.91E-06	-1.26E-05
562	0	0	0	0	0	0	0	232	254	0	-2.16E-05	5.72E-06	-6.29E-06	-2.96E-05
562	1	0	0	0	0	0	0	232	254	0	-2.16E-05	5.72E-06	-6.29E-06	-2.96E-05
562	2	0	0	0	0	0	0	232	254	0	-2.10E-05	5.24E-06	-6.69E-06	-3.34E-05
562	3	0	0	0	0	0	0	232	254	0	-2.10E-05	5.24E-06	-6.69E-06	-3.34E-05
562	4	0	0	0	0	0	0	232	254	0	-2.03E-05	7.22E-06	-6.81E-06	-3.61E-05
562	5	0	0	0	0	0	0	232	254	0	-2.03E-05	7.22E-06	-6.81E-06	-3.61E-05
562	6	0	0	0	0	0	0	232	254	0	-2.02E-05	6.77E-06	-8.28E-06	-2.24E-05
562	7	0	0	0	0	0	0	232	254	0	-2.14E-05	4.07E-06	-7.92E-06	1.95E-05
562	8	0	0	0	0	0	0	232	254	0	-2.14E-05	4.07E-06	-7.92E-06	1.95E-05
562	9	0	0	0	0	0	0	232	254	0	-2.04E-05	2.62E-06	-4.69E-06	3.26E-05
562	10	0	0	0	0	0	0	232	254	0	-2.04E-05	2.62E-06	-4.69E-06	3.26E-05
562	11	0	0	0	0	0	0	232	254	0	-2.04E-05	3.08E-06	-5.78E-06	2.23E-05
562	12	0	0	0	0	0	0	232	254	0	-2.04E-05	3.08E-06	-5.78E-06	2.23E-05
562	13	0	0	0	0	0	0	232	254	0	-1.90E-05	2.49E-06	-6.70E-06	4.22E-06
562	14	0	0	0	0	0	0	232	254	0	-1.90E-05	2.49E-06	-6.70E-06	4.22E-06
562	15	0	0	0	0	0	0	232	254	0	-1.96E-05	2.48E-06	-4.44E-06	-6.38E-06
562	16	0	0	0	0	0	0	232	254	0	-2.09E-05	3.40E-06	-2.82E-06	-6.99E-06
562	17	0	0	0	0	0	0	232	254	0	-2.09E-05	3.40E-06	-2.82E-06	-6.99E-06
562	18	0	0	0	0	0	0	232	254	0	-1.97E-05	4.43E-06	-6.61E-06	-1.09E-05
562	19	0	0	0	0	0	0	232	254	0	-1.97E-05	4.43E-06	-6.61E-06	-1.09E-05
563	0	0	0	0	0	0	0	232	254	0	-2.01E-05	3.83E-06	-8.91E-06	-1.53E-05
563	1	0	0	0	0	0	0	232	254	0	-2.01E-05	3.83E-06	-8.91E-06	-1.53E-05
563	2	0	0	0	0	0	0	232	254	0	-1.86E-05	3.59E-06	-9.66E-06	-2.19E-05
563	3	0	0	0	0	0	0	232	254	0	-1.86E-05	3.59E-06	-9.66E-06	-2.19E-05
563	4	0	0	0	0	0	0	232	254	0	-1.56E-05	2.92E-06	-8.34E-06	-2.60E-05
563	5	0	0	0	0	0	0	232	254	0	-1.37E-05	2.56E-06	-8.08E-06	-2.01E-05
563	6	0	0	0	0	0	0	232	254	0	-1.37E-05	2.56E-06	-8.08E-06	-2.01E-05
563	7	0	0	0	0	0	0	232	254	0	-1.47E-05	3.83E-06	-8.22E-06	-5.21E-06
563	8	0	0	0	0	0	0	232	254	0	-1.47E-05	3.83E-06	-8.22E-06	-5.21E-06
563	9	0	0	0	0	0	0	232	254	0	-1.68E-05	4.53E-06	-8.36E-06	1.31E-05
563	10	0	0	0	0	0	0	232	254	0	-1.68E-05	4.53E-06	-8.36E-06	1.31E-05
563	11	0	0	0	0	0	0	232	254	0	-1.60E-05	4.21E-06	-9.06E-06	1.26E-05
563	12	0	0	0	0	0	0	232	254	0	-1.60E-05	4.21E-06	-9.06E-06	1.26E-05
563	13	0	0	0	0	0	0	232	254	0	-1.52E-05	2.41E-06	-9.52E-06	-6.96E-06
563	14	0	0	0	0	0	0	232	254	0	-1.92E-05	2.16E-06	-1.18E-05	-2.38E-05
563	15	0	0	0	0	0	0	232	254	0	-1.92E-05	2.16E-06	-1.18E-05	-2.38E-05
563	16	0	0	0	0	0	0	232	254	0	-2.32E-05	3.83E-06	-1.15E-05	-3.43E-05
563	17	0	0	0	0	0	0	232	254	0	-2.32E-05	3.83E-06	-1.15E-05	-3.43E-05
563	18	0	0	0	0	0	0	232	254	0	-2.36E-05	3.51E-06	-1.35E-05	-2.70E-05
563	19	0	0	0	0	0	0	232	254	0	-2.36E-05	3.51E-06	-1.35E-05	-2.70E-05
564	0	0	0	0	0	0	0	232	254	0	-2.29E-05	2.46E-06	-1.22E-05	-1.91E-05
564	1	0	0	0	0	0	0	232	254	0	-2.29E-05	2.46E-06	-1.22E-05	-1.91E-05
564	2	0	0	0	0	0	0	232	254	0	-2.28E-05	2.02E-06	-1.14E-05	-1.49E-05
564	3	0	0	0	0	0	0	232	254	0	-2.43E-05	1.81E-06	-9.30E-06	-5.53E-06
564	4	0	0	0	0	0	0	232	254	0	-2.43E-05	1.81E-06	-9.30E-06	-5.53E-06
564	5	0	0	0	0	0	0	232	254	0	-2.41E-05	5.52E-06	-7.89E-06	7.50E-07
564	6	0	0	0	0	0	0	232	254	0	-2.41E-05	5.52E-06	-7.89E-06	7.50E-07
564	7	0	0	0	0	0	0	232	254	0	-2.30E-05	7.43E-06	-8.76E-06	-5.31E-06
564	8	0	0	0	0	0	0	232	254	0	-2.30E-05	7.43E-06	-8.76E-06	-5.31E-06
564	9	0	0	0	0	0	0	232	254	0	-2.31E-05	8.40E-06	-1.36E-05	-1.18E-05
564	10	0	0	0	0	0	0	232	254	0	-2.31E-05	8.40E-06	-1.36E-05	-1.18E-05
564	11	0	0	0	0	0	0	232	254	0	-2.35E-05	7.08E-06	-1.44E-05	-1.62E-05
564	12	0	0	0	0	0	0	232	254	0	-2.35E-05	4.51E-06	-1.47E-05	-2.36E-05
564	13	0	0	0	0	0	0	232	254	0	-2.35E-05	4.51E-06	-1.47E-05	-2.36E-05
564	14	0	0	0	0	0	0	232	254	0	-2.43E-05	4.47E-06	-1.32E-05	-2.59E-05
564	15	0	0	0	0	0	0	232	254	0	-2.43E-05	4.47E-06	-1.32E-05	-2.59E-05
564	16	0	0	0	0	0	0	232	254	0	-2.44E-05	4.53E-06	-1.07E-05	-1.83E-05
564	17	0	0	0	0	0	0	232	254	0	-2.44E-05	4.53E-06	-1.07E-05	-1.83E-05
564	18	0	0	0	0	0	0	232	254	0	-2.44E-05	1.53E-06	-9.04E-06	-7.34E-06
564	19	0	0	0	0	0	0	232	254	0	-2.44E-05	1.53E-06	-9.04E-06	-7.34E-06
565	0	0	0	0	0	0	0	232	254	0	-2.13E-05	-1.68E-07	-4.72E-06	4.64E-06
565	1	0	0	0	0	0	0	232	254	0	-2.22E-05	4.46E-08	4.04E-06	3.24E-06
565	2	0	0	0	0	0	0	232	254	0	-2.22E-05	4.46E-08	4.04E-06	3.24E-06
565	3	0	0	0	0	0	0	232	254	0	-2.16E-05	1.02E-06	8.24E-06	-8.97E-06
565	4	0	0	0	0	0	0	232	254	0	-2.16E-05	1.02E-06	8.24E-06	-8.97E-06
565	5	0	0	0	0	0	0	232	254	0	-1.99E-05	-9.77E-08	4.79E-06	-1.87E-05
565	6	0	0	0	0	0	0	232	254	0	-1.99E-05	-9.77E-08	4.79E-06	-1.87E-05
565	7	0	0	0	0	0	0	232	254	0	-1.81E-05	-1.43E-06	-5.17E-06	-2.17E-05
565	8	0	0	0	0	0	0	232	254	0	-1.81E-05	-1.43E-06	-5.17E-06	-2.17E-05
565	9	0	0	0	0	0	0	232	254	0	-1.94E-05	-5.03E-07	-8.61E-06	-2.59E-05
565	10	0	0	0	0	0	0	232	254	0	-1.81E-05	2.45E-06	-8.82E-06	-1.91E-05
565	11	0	0	0	0	0	0	232	254	0	-1.81E-05	2.45E-06	-8.82E-06	-1.91E-05
565	12	0	0	0	0	0	0	232	254	0	-1.93E-05	3.86E-06	-8.10E-06	-1.59E-05
565	13	0	0	0	0	0	0	232	254	0	-1.93E-05	3.86E-06	-8.10E-06	-1.59E-05
565	14	0	0	0	0	0	0	232	254	0	-2.16E-05	3.86E-06	-6.79E-06	-2.22E-05
565	15	0	0	0	0	0	0	232	254	0	-2.16E-05	3.86E-06	-6.79E-06	-2.22E-05
565	16	0	0	0	0	0	0	232	254	0	-2.16E-05	4.02E-06	-8.72E-06	-8.47E-06
565	17	0	0	0	0	0	0	232	254	0	-2.16E-05	4.02E-06	-8.72E-06	-8.47E-06
565	18	0	0	0	0	0	0	232	254	0	-2.22E-05	4.92E-06	-1.25E-05	3.50E-06
565	19	0	0	0	0	0	0	232	254	0	-2.31E-05	5.39E-06	-1.39E-05	-3.90E-06
566	0	0	0	0	0	0	0	232	254	0	-2.31E-05	5.39E-06	-1.39E-05	-3.90E-06
566	1	0	0	0	0	0	0	232	254	0	-2.27E-05	6.30E-06	-1.31E-05	-1.71E-05
566	2	0	0	0	0	0	0	232	254	0	-2.27E-05	6.30E-06	-1.31E-05	-1.71E-05
566	3	0	0	0	0	0	0	232	254	0	-2.14E-05	5.77E-06	-9.87E-06	-3.23E-05
566	4	0	0	0	0	0	0	232	254	0	-2.14E-05	5.77E-06	-9.87E-06	-3.23E-05
566	5	0	0	0	0	0	0	232	254	0	-2.20E-05	5.10E-06	-7.94E-06	-2.11E-05
566	6	0	0	0	0	0	0	232	254	0	-2.20E-05	5.10E-06	-7.94E-06	-2.11E-05
566	7	0	0	0	0	0	0	232	254	0	-2.23E-05	4.29E-06	-8.28E-06	-3.40E-06
566	8	0	0	0	0	0	0	232	254	0	-2.23E-05	3.02E-06	-8.14E-06	-1.09E-05
566	9	0	0	0	0	0	0	232	254	0	-2.23E-05	3.02E-06	-8.14E-06	-1.09E-05
566	10	0	0	0	0	0	0	232	254	0	-2.25E-05	2.78E-06	-6.35E-06	-1.76E-05
566	11	0	0	0	0	0	0	232	254	0	-2.25E-05	2.78E-06	-6.35E-06	-1.76E-05
566	12	0	0	0	0	0	0	232	254	0	-2.32E-05	1.70E-06	-9.37E-06	-2.57E-05
566	13	0	0	0	0	0	0	232	254	0	-2.32E-05	1.70E-06	-9.37E-06	-2.57E-05
566	14	0	0	0	0	0	0	232	254	0	-2.21E-05	3.56E-06	-1.23E-05	-3.04E-05
566	15	0	0	0	0	0	0	232	254	0	-2.21E-05	3.56E-06	-1.23E-05	-3.04E-05
566	16	0	0	0	0	0	0	232	254	0	-2.04E-05	7.69E-06	-1.46E-05	-1.92E-05
566	17	0	0	0	0	0	0	232	254	0	-1.87E-05	4.60E-06	-1.42E-05	-5.78E-06
566	18	0	0	0	0	0	0	232	254	0	-1.87E-05	4.60E-06	-1.42E-05	-5.78E-06
566	19	0	0	0	0	0	0	232	254	0	-1.70E-05	3.99E-06	-1.19E-05	1.31E-07
567	0	0	0	0	0	0	0	232	254	0	-1.70E-05	3.99E-06	-1.19E-05	1.31E-07
567	1	0	0	0	0	0	0	232	254	0	-1.58E-05	8.28E-06	-1.02E-05	-5.49E-06
567	2	0	0	0	0	0	0	232	254	0	-1.58E-05	8.28E-06	-1.02E-05	-5.49E-06
567	3	0	0	0	0	0	0	232	254	0	-1.74E-05	8.19E-06	-1.15E-05	-1.21E-05
567	4	0	0	0	0	0	0	232	254	0	-1.74E-05	8.19E-06	-1.15E-05	-1.21E-05
567	5	0	0	0	0	0	0	232	254	0	-1.94E-05	6.21E-06	-1.51E-05	-2.37E-05
567	6	0	0	0	0	0	0	232	254	0	-1.83E-05	6.05E-06	-1.82E-05	-4.25E-05
567	7	0	0	0	0	0	0	232	254	0	-1.83E-05	6.05E-06	-1.82E-05	-4.25E-05
567	8	0	0	0	0	0	0	232	254	0	-1.86E-05	5.52E-06	-1.94E-05	-4.27E-05
567	9	0	0	0	0	0	0	232	254	0	-1.86E-05	5.52E-06	-1.94E-05	-4.27E-05
567	10	0	0	0	0	0	0	232	254	0	-1.97E-05	7.27E-06	-1.26E-05	-1.64E-05
567	11	0	0	0	0	0	0	232	254	0	-1.97E-05	7.27E-06	-1.26E-05	-1.64E-05
567	12	0	0	0	0	0	0	232	254	0	-2.03E-05	7.66E-06	-3.31E-06	1.90E-05
567	13	0	0	0	0	0	0	232	254	0	-2.03E-05	7.66E-06	-3.31E-06	1.90E-05
567	14	0	0	0	0	0	0	232	254	0	-2.13E-05	8.04E-06	-3.09E-06	3.72E-05
567	15	0	0	0	0	0	0	232	254	0	-2.36E-05	6.89E-06	-9.54E-06	2.65E-05
567	16	0	0	0	0	0	0	232	254	0	-2.36E-05	6.89E-06	-9.54E-06	2.65E-05
567	17	0	0	0	0	0	0	232	254	0	-2.72E-05	6.23E-06	-1.72E-05	5.62E-06
567	18	0	0	0	0	0	0	232	254	0	-2.72E-05	6.23E-06	-1.72E-05	5.62E-06
567	19	0	0	0	0	0	0	232	254	0	-2.83E-05	8.01E-06	-1.01E-05	-1.66E-05
568	0	0	0	0	0	0	0	232	254	0	-2.83E-05	8.01E-06	-1.01E-05	-1.66E-05
568	1	0	0	0	0	0	0	232	254	0	-2.75E-05	1.20E-05	-3.72E-06	-3.16E-05
568	2	0	0	0	0	0	0	232	254	0	-2.75E-05	1.20E-05	-3.72E-06	-3.16E-05
568	3	0	0	0	0	0	0	232	254	0	-2.55E-05	1.04E-05	-3.91E-06	-2.52E-05
568	4	0	0	0	0	0	0	232	254	0	-2.48E-05	7.39E-06	-4.51E-06	-1.36E-05
568	5	0	0	0	0	0	0	232	254	0	-2.48E-05	7.39E-06	-4.51E-06	-1.36E-05
568	6	0	0	0	0	0	0	232	254	0	-2.51E-05	7.12E-06	-5.79E-06	-1.22E-05
568	7	0	0	0	0	0	0	232	254	0	-2.51E-05	7.12E-06	-5.79E-06	-1.22E-05
568	8	0	0	0	0	0	0	232	254	0	-2.22E-05	5.63E-06	-3.50E-06	-3.24E-06
568	9	0	0	0	0	0	0	232	254	0	-2.22E-05	5.63E-06	-3.50E-06	-3.24E-06
568	10	0	0	0	0	0	0	232	254	0	-2.16E-05	5.26E-06	-4.18E-06	-4.75E-06
568	11	0	0	0	0	0	0	232	254	0	-2.16E-05	5.26E-06	-4.18E-06	-4.75E-06
568	12	0	0	0	0	0	0	232	254	0	-2.12E-05	5.54E-06	-8.93E-06	-1.10E-05
568	13	0	0	0	0	0	0	232	254	0	-2.04E-05	5.70E-06	-1.08E-05	-9.30E-06
568	14	0	0	0	0	0	0	232	254	0	-2.04E-05	5.70E-06	-1.08E-05	-9.30E-06
568	15	0	0	0	0	0	0	232	254	0	-1.88E-05	6.97E-06	-1.06E-05	-7.68E-06
568	16	0	0	0	0	0	0	232	254	0	-1.88E-05	6.97E-06	-1.06E-05	-7.68E-06
568	17	0	0	0	0	0	0	232	254	0	-1.82E-05	9.02E-06	-1.26E-05	-5.48E-06
568	18	0	0	0	0	0	0	232	254	0	-1.82E-05	9.02E-06	-1.26E-05	-5.48E-06
568	19	0	0	0	0	0	0	232	254	0	-1.98E-05	7.54E-06	-1.22E-05	1.15E-07
569	0	0	0	0	0	0	0	232	254	0	-1.98E-05	7.54E-06	-1.22E-05	1.15E-07
569	1	0	0	0	0	0	0	232	254	0	-2.04E-05	4.99E-06	-1.02E-05	-2.69E-06
569	2	0	0	0	0	0	0	232	254	0	-1.83E-05	9.62E-07	-9.97E-06	-1.89E-05
569	3	0	0	0	0	0	0	232	254	0	-1.83E-05	9.62E-07	-9.97E-06	-1.89E-05
569	4	0	0	0	0	0	0	232	254	0	-1.58E-05	1.25E-07	-1.10E-05	-3.30E-05
569	5	0	0	0	0	0	0	232	254	0	-1.58E-05	1.25E-07	-1.10E-05	-3.30E-05
569	6	0	0	0	0	0	0	232	254	0	-1.71E-05	1.76E-06	-9.69E-06	-2.73E-05
569	7	0	0	0	0	0	0	232	254	0	-1.71E-05	1.76E-06	-9.69E-06	-2.73E-05
569	8	0	0	0	0	0	0	232	254	0	-1.99E-05	2.10E-06	-8.72E-06	-1.60E-05
569	9	0	0	0	0	0	0	232	254	0	-1.99E-05	2.10E-06	-8.72E-06	-1.60E-05
569	10	0	0	0	0	0	0	232	254	0	-1.94E-05	1.81E-06	-9.89E-06	-1.44E-05
569	11	0	0	0	0	0	0	232	254	0	-1.85E-05	2.78E-06	-1.15E-05	-1.40E-05
569	12	0	0	0	0	0	0	232	254	0	-1.85E-05	2.78E-06	-1.15E-05	-1.40E-05
569	13	0	0	0	0	0	0	232	254	0	-1.96E-05	4.14E-06	-1.05E-05	-1.10E-05
569	14	0	0	0	0	0	0	232	254	0	-1.96E-05	4.14E-06	-1.05E-05	-1.10E-05
569	15	0	0	0	0	0	0	232	254	0	-2.13E-05	3.65E-06	-8.72E-06	-6.67E-06
569	16	0	0	0	0	0	0	232	254	0	-2.13E-05	3.65E-06	-8.72E-06	-6.67E-06
569	17	0	0	0	0	0	0	232	254	0	-2.12E-05	2.31E-06	-9.62E-06	-1.16E-05
569	18	0	0	0	0	0	0	232	254	0	-2.12E-05	2.31E-06	-9.62E-06	-1.16E-05
569	19	0	0	0	0	0	0	232	254	0	-2.08E-05	1.55E-06	-9.69E-06	-1.55E-05
570	0	0	0	0	0	0	0	232	254	0	-2.25E-05	3.37E-06	-7.98E-06	-1.67E-05
570	1	0	0	0	0	0	0	232	254	0	-2.25E-05	3.37E-06	-7.98E-06	-1.67E-05
570	2	0	0	0	0	0	0	232	254	0	-2.25E-05	2.28E-06	-5.00E-06	-1.47E-05
570	3	0	0	0	0	0	0	232	254	0	-2.25E-05	2.28E-06	-5.00E-06	-1.47E-05
570	4	0	0	0	0	0	0	232	254	0	-2.26E-05	1.22E-06	-5.84E-06	-1.16E-05
570	5	0	0	0	0	0	0	232	254	0	-2.26E-05	1.22E-06	-5.84E-06	-1.16E-05
570	6	0	0	0	0	0	0	232	254	0	-2.24E-05	2.38E-06	-6.52E-06	-1.19E-05
570	7	0	0	0	0	0	0	232	254	0	-2.24E-05	2.38E-06	-6.52E-06	-1.19E-05
570	8	0	0	0	0	0	0	232	254	0	-2.28E-05	2.30E-06	-6.96E-06	-2.09E-05
570	9	0	0	0	0	0	0	232	254	0	-2.33E-05	1.36E-06	-1.04E-05	-3.38E-05
570	10	0	0	0	0	0	0	232	254	0	-2.33E-05	1.36E-06	-1.04E-05	-3.38E-05
570	11	0	0	0	0	0	0	232	254	0	-2.28E-05	2.16E-06	-1.21E-05	-3.48E-05
570	12	0	0	0	0	0	0	232	254	0	-2.28E-05	2.16E-06	-1.21E-05	-3.48E-05
570	13	0	0	0	0	0	0	232	254	0	-2.15E-05	9.62E-07	-1.16E-05	-1.85E-05
570	14	0	0	0	0	0	0	232	254	0	-2.15E-05	9.62E-07	-1.16E-05	-1.85E-05
570	15	0	0	0	0	0	0	232	254	0	-2.12E-05	-1.15E-07	-1.10E-05	-5.12E-06
570	16	0	0	0	0	0	0	232	254	0	-2.12E-05	-1.15E-07	-1.10E-05	-5.12E-06
570	17	0	0	0	0	0	0	232	254	0	-2.22E-05	4.34E-07	-7.28E-06	-4.41E-06
570	18	0	0	0	0	0	0	232	254	0	-2.09E-05	1.95E-06	-2.78E-06	-2.16E-06
570	19	0	0	0	0	0	0	232	254	0	-2.09E-05	1.95E-06	-2.78E-06	-2.16E-06
571	0	0	0	0	0	0	0	232	254	0	-1.89E-05	2.36E-06	4.05E-06	7.13E-07
571	1	0	0	0	0	0	0	232	254	0	-1.89E-05	2.36E-06	4.05E-06	7.13E-07
571	2	0	0	0	0	0	0	232	254	0	-1.97E-05	1.40E-06	4.80E-06	-4.14E-06
571	3	0	0	0	0	0	0	232	254	0	-1.97E-05	1.40E-06	4.80E-06	-4.14E-06
571	4	0	0	0	0	0	0	232	254	0	-2.01E-05	1.32E-06	2.28E-06	-6.51E-06
571	5	0	0	0	0	0	0	232	254	0	-2.01E-05	1.32E-06	2.28E-06	-6.51E-06
571	6	0	0	0	0	0	0	232	254	0	-2.05E-05	4.02E-06	-5.29E-06	-3.31E-07
571	7	0	0	0	0	0	0	232	254	0	-1.98E-05	4.97E-06	-1.05E-05	6.13E-06
571	8	0	0	0	0	0	0	232	254	0	-1.98E-05	4.97E-06	-1.05E-05	6.13E-06
571	9	0	0	0	0	0	0	232	254	0	-1.88E-05	6.12E-06	-1.23E-05	-5.52E-06
571	10	0	0	0	0	0	0	232	254	0	-1.88E-05	6.12E-06	-1.23E-05	-5.52E-06
571	11	0	0	0	0	0	0	232	254	0	-1.78E-05	9.34E-06	-1.55E-05	-2.31E-05
571	12	0	0	0	0	0	0	232	254	0	-1.78E-05	9.34E-06	-1.55E-05	-2.31E-05
571	13	0	0	0	0	0	0	232	254	0	-1.82E-05	9.96E-06	-1.29E-05	-2.55E-05
571	14	0	0	0	0	0	0	232	254	0	-1.82E-05	9.96E-06	-1.29E-05	-2.55E-05
571	15	0	0	0	0	0	0	232	254	0	-1.85E-05	1.02E-05	-1.11E-05	-1.84E-05
571	16	0	0	0	0	0	0	232	254	0	-1.90E-05	1.02E-05	-1.08E-05	-3.01E-05
571	17	0	0	0	0	0	0	232	254	0	-1.90E-05	1.02E-05	-1.08E-05	-3.01E-05
571	18	0	0	0	0	0	0	232	254	0	-2.09E-05	9.80E-06	-1.24E-05	-3.25E-05
571	19	0	0	0	0	0	0	232	254	0	-2.09E-05	9.80E-06	-1.24E-05	-3.25E-05
572	0	0	0	0	0	0	0	232	254	0	-2.21E-05	9.13E-06	-1.49E-05	-2.53E-05
572	1	0	0	0	0	0	0	232	254	0	-2.21E-05	9.13E-06	-1.49E-05	-2.53E-05
572	2	0	0	0	0	0	0	232	254	0	-2.20E-05	8.35E-06	-1.42E-05	-3.06E-05
572	3	0	0	0	0	0	0	232	254	0	-2.20E-05	8.35E-06	-1.42E-05	-3.06E-05
572	4	0	0	0	0	0	0	232	254	0	-2.27E-05	6.82E-06	-1.18E-05	-1.96E-05
572	5	0	0	0	0	0	0	232	254	0	-2.14E-05	4.41E-06	-1.05E-05	4.16E-07
572	6	0	0	0	0	0	0	232	254	0	-2.14E-05	4.41E-06	-1.05E-05	4.16E-07
572	7	0	0	0	0	0	0	232	254	0	-2.19E-05	2.48E-06	-8.51E-06	1.29E-05
572	8	0	0	0	0	0	0	232	254	0	-2.19E-05	2.48E-06	-8.51E-06	1.29E-05
572	9	0	0	0	0	0	0	232	254	0	-2.28E-05	-2.86E-08	-8.22E-06	1.34E-05
572	10	0	0	0	0	0	0	232	254	0	-2.28E-05	-2.86E-08	-8.22E-06	1.34E-05
572	11	0	0	0	0	0	0	232	254	0	-2.02E-05	-3.17E-06	-8.33E-06	1.59E-06
572	12	0	0	0	0	0	0	232	254	0	-2.02E-05	-3.17E-06	-8.33E-06	1.59E-06
572	13	0	0	0	0	0	0	232	254	0	-1.78E-05	-4.63E-06	-8.74E-06	-7.47E-06
572	14	0	0	0	0	0	0	232	254	0	-1.69E-05	-2.96E-06	-7.76E-06	-1.19E-05
572	15	0	0	0	0	0	0	232	254	0	-1.69E-05	-2.96E-06	-7.76E-06	-1.19E-05
572	16	0	0	0	0	0	0	232	254	0	-1.58E-05	6.60E-08	-7.18E-06	-2.02E-05
572	17	0	0	0	0	0	0	232	254	0	-1.58E-05	6.60E-08	-7.18E-06	-2.02E-05
572	18	0	0	0	0	0	0	232	254	0	-1.76E-05	5.37E-06	-8.02E-06	-2.76E-05
572	19	0	0	0	0	0	0	232	254	0	-1.76E-05	5.37E-06	-8.02E-06	-2.76E-05
573	0	0	0	0	0	0	0	232	254	0	-2.05E-05	7.68E-06	-8.75E-06	-2.31E-05
573	1	0	0	0	0	0	0	232	254	0	-2.05E-05	7.68E-06	-8.75E-06	-2.31E-05
573	2	0	0	0	0	0	0	232	254	0	-2.17E-05	5.81E-06	-9.00E-06	-1.79E-05
573	3	0	0	0	0	0	0	232	254	0	-2.17E-05	6.88E-06	-9.78E-06	-6.80E-06
573	4	0	0	0	0	0	0	232	254	0	-2.17E-05	6.88E-06	-9.78E-06	-6.80E-06
573	5	0	0	0	0	0	0	232	254	0	-2.10E-05	9.41E-06	-1.04E-05	7.60E-06
573	6	0	0	0	0	0	0	232	254	0	-2.10E-05	9.41E-06	-1.04E-05	7.60E-06
573	7	0	0	0	0	0	0	232	254	0	-2.17E-05	8.45E-06	-6.81E-06	4.21E-06
573	8	0	0	0	0	0	0	232	254	0	-2.17E-05	8.45E-06	-6.81E-06	4.21E-06
573	9	0	0	0	0	0	0	232	254	0	-2.41E-05	7.89E-06	-3.23E-06	-6.39E-06
573	10	0	0	0	0	0	0	232	254	0	-2.41E-05	7.89E-06	-3.23E-06	-6.39E-06
573	11	0	0	0	0	0	0	232	254	0	-2.55E-05	7.62E-06	-5.95E-06	-1.08E-05
573	12	0	0	0	0	0	0	232	254	0	-2.47E-05	6.24E-06	-1.03E-05	-1.01E-05
573	13	0	0	0	0	0	0	232	254	0	-2.47E-05	6.24E-06	-1.03E-05	-1.01E-05
573	14	0	0	0	0	0	0	232	254	0	-2.35E-05	6.40E-06	-1.26E-05	-9.53E-06
573	15	0	0	0	0	0	0	232	254	0	-2.35E-05	6.40E-06	-1.26E-05	-9.53E-06
573	16	0	0	0	0	0	0	232	254	0	-2.24E-05	6.17E-06	-1.27E-05	-1.93E-05
573	17	0	0	0	0	0	0	232	254	0	-2.24E-05	6.17E-06	-1.27E-05	-1.93E-05
573	18	0	0	0	0	0	0	232	254	0	-2.15E-05	3.66E-06	-1.14E-05	-3.46E-05
573	19	0	0	0	0	0	0	232	254	0	-2.15E-05	3.66E-06	-1.14E-05	-3.46E-05
574	0	0	0	0	0	0	0	232	254	0	-2.30E-05	8.66E-07	-1.19E-05	-3.40E-05
574	1	0	0	0	0	0	0	232	254	0	-2.19E-05	9.80E-07	-1.23E-05	-2.35E-05
574	2	0	0	0	0	0	0	232	254	0	-2.19E-05	9.80E-07	-1.23E-05	-2.35E-05
574	3	0	0	0	0	0	0	232	254	0	-2.14E-05	9.46E-07	-1.43E-05	-3.68E-06
574	4	0	0	0	0	0	0	232	254	0	-2.14E-05	9.46E-07	-1.43E-05	-3.68E-06
574	5	0	0	0	0	0	0	232	254	0	-2.08E-05	1.35E-06	-1.37E-05	2.05E-05
574	6	0	0	0	0	0	0	232	254	0	-2.08E-05	1.35E-06	-1.37E-05	2.05E-05
574	7	0	0	0	0	0	0	232	254	0	-1.90E-05	5.83E-07	-1.14E-05	1.25E-05
574	8	0	0	0	0	0	0	232	254	0	-1.90E-05	5.83E-07	-1.14E-05	1.25E-05
574	9	0	0	0	0	0	0	232	254	0	-1.90E-05	8.74E-07	-1.36E-05	-8.80E-06
574	10	0	0	0	0	0	0	232	254	0	-1.95E-05	1.07E-06	-1.22E-05	-1.72E-05
574	11	0	0	0	0	0	0	232	254	0	-1.95E-05	1.07E-06	-1.22E-05	-1.72E-05
574	12	0	0	0	0	0	0	232	254	0	-1.97E-05	7.26E-06	-1.59E-05	-2.55E-05
574	13	0	0	0	0	0	0	232	254	0	-1.97E-05	7.26E-06	-1.59E-05	-2.55E-05
574	14	0	0	0	0	0	0	232	254	0	-2.03E-05	1.40E-05	-1.70E-05	-4.32E-05
574	15	0	0	0	0	0	0	232	254	0	-2.03E-05	1.40E-05	-1.70E-05	-4.32E-05
574	16	0	0	0	0	0	0	232	254	0	-2.10E-05	1.09E-05	-1.39E-05	-4.55E-05
574	17	0	0	0	0	0	0	232	254	0	-2.10E-05	1.09E-05	-1.39E-05	-4.55E-05
574	18	0	0	0	0	0	0	232	254	0	-1.93E-05	1.05E-05	-1.38E-05	-3.10E-05
574	19	0	0	0	0	0	0	232	254	0	-2.09E-05	1.02E-05	-9.60E-06	-9.51E-07
575	0	0	0	0	0	0	0	232	254	0	-2.09E-05	1.02E-05	-9.60E-06	-9.51E-07
575	1	0	0	0	0	0	0	232	254	0	-2.44E-05	1.09E-05	-6.37E-06	-3.55E-06
575	2	0	0	0	0	0	0	232	254	0	-2.44E-05	1.09E-05	-6.37E-06	-3.55E-06
575	3	0	0	0	0	0	0	232	254	0	-2.65E-05	1.24E-05	-7.11E-06	-3.38E-05
575	4	0	0	0	0	0	0	232	254	0	-2.65E-05	1.24E-05	-7.11E-06	-3.38E-05
575	5	0	0	0	0	0	0	232	254	0	-2.62E-05	1.07E-05	-6.31E-06	-3.48E-05
575	6	0	0	0	0	0	0	232	254	0	-2.62E-05	1.07E-05	-6.31E-06	-3.48E-05
575	7	0	0	0	0	0	0	232	254	0	-2.34E-05	6.83E-06	-4.69E-06	-1.57E-05
575	8	0	0	0	0	0	0	232	254	0	-2.08E-05	2.89E-06	-2.53E-06	5.66E-06
575	9	0	0	0	0	0	0	232	254	0	-2.08E-05	2.89E-06	-2.53E-06	5.66E-06
575	10	0	0	0	0	0	0	232	254	0	-1.95E-05	2.34E-06	-9.46E-07	2.11E-05
575	11	0	0	0	0	0	0	232	254	0	-1.95E-05	2.34E-06	-9.46E-07	2.11E-05
575	12	0	0	0	0	0	0	232	254	0	-1.87E-05	3.38E-06	-1.67E-06	9.29E-06
575	13	0	0	0	0	0	0	232	254	0	-1.87E-05	3.38E-06	-1.67E-06	9.29E-06
575	14	0	0	0	0	0	0	232	254	0	-1.93E-05	4.07E-06	-3.26E-06	-2.06E-05
575	15	0	0	0	0	0	0	232	254	0	-1.93E-05	4.07E-06	-3.26E-06	-2.06E-05
575	16	0	0	0	0	0	0	232	254	0	-2.12E-05	2.28E-06	-7.38E-06	-3.34E-05
575	17	0	0	0	0	0	0	232	254	0	-2.23E-05	1.14E-06	-8.01E-06	-2.69E-05
575	18	0	0	0	0	0	0	232	254	0	-2.23E-05	1.14E-06	-8.01E-06	-2.69E-05
575	19	0	0	0	0	0	0	232	254	0	-2.03E-05	1.85E-06	-7.10E-06	-1.65E-05
576	0	0	0	0	0	0	0	232	254	0	-2.03E-05	1.85E-06	-7.10E-06	-1.65E-05
576	1	0	0	0	0	0	0	232	254	0	-1.87E-05	1.69E-06	-8.17E-06	5.52E-07
576	2	0	0	0	0	0	0	232	254	0	-1.87E-05	1.69E-06	-8.17E-06	5.52E-07
576	3	0	0	0	0	0	0	232	254	0	-1.92E-05	7.86E-07	-7.57E-06	1.36E-05
576	4	0	0	0	0	0	0	232	254	0	-1.92E-05	7.86E-07	-7.57E-06	1.36E-05
576	5	0	0	0	0	0	0	232	254	0	-2.06E-05	6.10E-07	-6.14E-06	1.41E-05
576	6	0	0	0	0	0	0	232	254	0	-2.03E-05	1.25E-06	-7.29E-06	6.96E-06
576	7	0	0	0	0	0	0	232	254	0	-2.03E-05	1.25E-06	-7.29E-06	6.96E-06
576	8	0	0	0	0	0	0	232	254	0	-1.97E-05	1.92E-06	-5.71E-06	1.16E-06
576	9	0	0	0	0	0	0	232	254	0	-1.97E-05	1.92E-06	-5.71E-06	1.16E-06
576	10	0	0	0	0	0	0	232	254	0	-2.05E-05	3.08E-06	-5.29E-06	-4.34E-06
576	11	0	0	0	0	0	0	232	254	0	-2.05E-05	3.08E-06	-5.29E-06	-4.34E-06
576	12	0	0	0	0	0	0	232	254	0	-2.13E-05	2.52E-06	-7.39E-06	-1.05E-05
576	13	0	0	0	0	0	0	232	254	0	-2.13E-05	2.52E-06	-7.39E-06	-1.05E-05
576	14	0	0	0	0	0	0	232	254	0	-2.13E-05	2.52E-06	-6.28E-06	-1.66E-05
576	15	0	0	0	0	0	0	232	254	0	-2.11E-05	2.57E-06	-4.92E-06	-2.21E-05
576	16	0	0	0	0	0	0	232	254	0	-2.11E-05	2.57E-06	-4.92E-06	-2.21E-05
576	17	0	0	0	0	0	0	232	254	0	-2.00E-05	2.91E-06	-5.36E-06	-2.59E-05
576	18	0	0	0	0	0	0	232	254	0	-2.00E-05	2.91E-06	-5.36E-06	-2.59E-05
576	19	0	0	0	0	0	0	232	254	0	-1.91E-05	3.03E-06	-6.64E-06	-3.46E-05
577	0	0	0	0	0	0	0	232	254	0	-1.91E-05	3.03E-06	-6.64E-06	-3.46E-05
577	1	0	0	0	0	0	0	232	254	0	-1.96E-05	2.29E-06	-9.24E-06	-4.48E-05
577	2	0	0	0	0	0	0	232	254	0	-1.96E-05	2.29E-06	-9.24E-06	-4.48E-05
577	3	0	0	0	0	0	0	232	254	0	-1.95E-05	2.91E-06	-1.06E-05	-3.92E-05
577	4	0	0	0	0	0	0	232	254	0	-1.98E-05	3.14E-06	-7.53E-06	-2.71E-05
577	5	0	0	0	0	0	0	232	254	0	-1.98E-05	3.14E-06	-7.53E-06	-2.71E-05
577	6	0	0	0	0	0	0	232	254	0	-2.08E-05	2.75E-06	-4.05E-06	-1.99E-05
577	7	0	0	0	0	0	0	232	254	0	-2.08E-05	2.75E-06	-4.05E-06	-1.99E-05
577	8	0	0	0	0	0	0	232	254	0	-2.12E-05	2.24E-06	-5.28E-06	-1.71E-05
577	9	0	0	0	0	0	0	232	254	0	-2.12E-05	2.24E-06	-5.28E-06	-1.71E-05
577	10	0	0	0	0	0	0	232	254	0	-2.04E-05	3.21E-06	-6.60E-06	-9.59E-06
577	11	0	0	0	0	0	0	232	254	0	-2.04E-05	3.21E-06	-6.60E-06	-9.59E-06
577	12	0	0	0	0	0	0	232	254	0	-1.91E-05	7.25E-06	-7.52E-06	6.34E-06
577	13	0	0	0	0	0	0	232	254	0	-1.96E-05	8.65E-06	-1.13E-05	1.53E-05
577	14	0	0	0	0	0	0	232	254	0	-1.96E-05	8.65E-06	-1.13E-05	1.53E-05
577	15	0	0	0	0	0	0	232	254	0	-1.87E-05	4.90E-06	-1.32E-05	1.02E-05
577	16	0	0	0	0	0	0	232	254	0	-1.87E-05	4.90E-06	-1.32E-05	1.02E-05
577	17	0	0	0	0	0	0	232	254	0	-1.91E-05	1.56E-06	-1.05E-05	1.93E-06
577	18	0	0	0	0	0	0	232	254	0	-1.91E-05	1.56E-06	-1.05E-05	1.93E-06
577	19	0	0	0	0	0	0	232	254	0	-1.88E-05	1.47E-06	-8.65E-06	-4.34E-06
578	0	0	0	0	0	0	0	232	254	0	-1.88E-05	1.47E-06	-8.65E-06	-4.34E-06
578	1	0	0	0	0	0	0	232	254	0	-1.75E-05	-4.77E-07	-1.10E-05	-6.62E-06
578	2	0	0	0	0	0	0	232	254	0	-1.73E-05	3.84E-07	-1.12E-05	-5.52E-06
578	3	0	0	0	0	0	0	232	254	0	-1.73E-05	3.84E-07	-1.12E-05	-5.52E-06
578	4	0	0	0	0	0	0	232	254	0	-1.92E-05	4.14E-06	-1.16E-05	-7.86E-06
578	5	0	0	0	0	0	0	232	254	0	-1.92E-05	4.14E-06	-1.16E-05	-7.86E-06
578	6	0	0	0	0	0	0	232	254	0	-2.07E-05	4.13E-06	-1.42E-05	-1.10E-05
578	7	0	0	0	0	0	0	232	254	0	-2.07E-05	4.13E-06	-1.42E-05	-1.10E-05
578	8	0	0	0	0	0	0	232	254	0	-2.33E-05	6.10E-06	-1.64E-05	-9.50E-06
578	9	0	0	0	0	0	0	232	254	0	-2.33E-05	6.10E-06	-1.64E-05	-9.50E-06
578	10	0	0	0	0	0	0	232	254	0	-2.52E-05	8.56E-06	-1.49E-05	-9.99E-06
578	11	0	0	0	0	0	0	232	254	0	-2.72E-05	5.85E-06	-1.22E-05	-1.99E-05
578	12	0	0	0	0	0	0	232	254	0	-2.72E-05	5.85E-06	-1.22E-05	-1.99E-05
578	13	0	0	0	0	0	0	232	254	0	-2.80E-05	5.68E-06	-9.38E-06	-2.13E-05
578	14	0	0	0	0	0	0	232	254	0	-2.80E-05	5.68E-06	-9.38E-06	-2.13E-05
578	15	0	0	0	0	0	0	232	254	0	-2.85E-05	5.86E-06	-8.31E-06	-9.89E-06
578	16	0	0	0	0	0	0	232	254	0	-2.85E-05	5.86E-06	-8.31E-06	-9.89E-06
578	17	0	0	0	0	0	0	232	254	0	-2.71E-05	7.61E-06	-7.57E-06	-1.63E-06
578	18	0	0	0	0	0	0	232	254	0	-2.71E-05	7.61E-06	-7.57E-06	-1.63E-06
578	19	0	0	0	0	0	0	232	254	0	-2.57E-05	7.65E-06	-6.25E-06	-1.30E-06
579	0	0	0	0	0	0	0	232	254	0	-2.44E-05	6.38E-06	-8.92E-06	-7.54E-06
579	1	0	0	0	0	0	0	232	254	0	-2.44E-05	6.38E-06	-8.92E-06	-7.54E-06
579	2	0	0	0	0	0	0	232	254	0	-2.09E-05	6.08E-06	-1.30E-05	-1.89E-05
579	3	0	0	0	0	0	0	232	254	0	-2.09E-05	6.08E-06	-1.30E-05	-1.89E-05
579	4	0	0	0	0	0	0	232	254	0	-1.97E-05	4.43E-06	-1.49E-05	-2.39E-05
579	5	0	0	0	0	0	0	232	254	0	-1.97E-05	4.43E-06	-1.49E-05	-2.39E-05
579	6	0	0	0	0	0	0	232	254	0	-2.17E-05	3.46E-06	-1.44E-05	-2.72E-05
579	7	0	0	0	0	0	0	232	254	0	-2.17E-05	3.46E-06	-1.44E-05	-2.72E-05
579	8	0	0	0	0	0	0	232	254	0	-2.12E-05	1.05E-06	-1.31E-05	-2.52E-05
579	9	0	0	0	0	0	0	232	254	0	-1.88E-05	-2.37E-07	-1.08E-05	-3.13E-05
579	10	0	0	0	0	0	0	232	254	0	-1.88E-05	-2.37E-07	-1.08E-05	-3.13E-05
579	11	0	0	0	0	0	0	232	254	0	-1.79E-05	1.50E-06	-1.08E-05	-3.83E-05
579	12	0	0	0	0	0	0	232	254	0	-1.79E-05	1.50E-06	-1.08E-05	-3.83E-05
579	13	0	0	0	0	0	0	232	254	0	-1.73E-05	3.48E-06	-1.03E-05	-2.90E-05
579	14	0	0	0	0	0	0	232	254	0	-1.73E-05	3.48E-06	-1.03E-05	-2.90E-05
579	15	0	0	0	0	0	0	232	254	0	-1.56E-05	4.96E-06	-9.46E-06	-9.93E-06
579	16	0	0	0	0	0	0	232	254	0	-1.56E-05	4.96E-06	-9.46E-06	-9.93E-06
579	17	0	0	0	0	0	0	232	254	0	-1.57E-05	4.27E-06	-8.52E-06	-5.01E-06
579	18	0	0	0	0	0	0	232	254	0	-1.62E-05	2.80E-06	-6.63E-06	-1.11E-05
579	19	0	0	0	0	0	0	232	254	0	-1.62E-05	2.80E-06	-6.63E-06	-1.11E-05
580	0	0	0	0	0	0	0	232	254	0	-1.56E-05	2.68E-06	-7.45E-06	-1.08E-05
580	1	0	0	0	0	0	0	232	254	0	-1.56E-05	2.68E-06	-7.45E-06	-1.08E-05
580	2	0	0	0	0	0	0	232	254	0	-1.56E-05	3.55E-06	-9.35E-06	-1.13E-05
580	3	0	0	0	0	0	0	232	254	0	-1.56E-05	3.55E-06	-9.35E-06	-1.13E-05
580	4	0	0	0	0	0	0	232	254	0	-1.57E-05	3.93E-06	-7.88E-06	-1.78E-05
580	5	0	0	0	0	0	0	232	254	0	-1.57E-05	3.93E-06	-7.88E-06	-1.78E-05
580	6	0	0	0	0	0	0	232	254	0	-1.66E-05	5.31E-06	-6.04E-06	-1.25E-05
580	7	0	0	0	0	0	0	232	254	0	-1.88E-05	6.27E-06	-5.83E-06	-9.19E-06
580	8	0	0	0	0	0	0	232	254	0	-1.88E-05	6.27E-06	-5.83E-06	-9.19E-06
580	9	0	0	0	0	0	0	232	254	0	-2.20E-05	8.95E-06	-4.99E-06	-6.42E-06
580	10	0	0	0	0	0	0	232	254	0	-2.20E-05	8.95E-06	-4.99E-06	-6.42E-06
580	11	0	0	0	0	0	0	232	254	0	-2.42E-05	1.19E-05	-6.92E-06	-1.92E-06
580	12	0	0	0	0	0	0	232	254	0	-2.42E-05	1.19E-05	-6.92E-06	-1.92E-06
580	13	0	0	0	0	0	0	232	254	0	-2.59E-05	1.10E-05	-8.74E-06	-1.46E-06
580	14	0	0	0	0	0	0	232	254	0	-2.59E-05	1.10E-05	-8.74E-06	-1.46E-06
580	15	0	0	0	0	0	0	232	254	0	-2.73E-05	7.72E-06	-8.21E-06	-7.99E-06
580	16	0	0	0	0	0	0	232	254	0	-2.51E-05	4.85E-06	-9.53E-06	-1.67E-05
580	17	0	0	0	0	0	0	232	254	0	-2.51E-05	4.85E-06	-9.53E-06	-1.67E-05
580	18	0	0	0	0	0	0	232	254	0	-2.36E-05	3.73E-06	-7.34E-06	-2.17E-05
580	19	0	0	0	0	0	0	232	254	0	-2.36E-05	3.73E-06	-7.34E-06	-2.17E-05
581	0	0	0	0	0	0	0	232	254	0	-2.23E-05	3.21E-06	-6.48E-06	-1.76E-05
581	1	0	0	0	0	0	0	232	254	0	-2.23E-05	3.21E-06	-6.48E-06	-1.76E-05
581	2	0	0	0	0	0	0	232	254	0	-2.00E-05	4.28E-06	-7.84E-06	-1.33E-05
581	3	0	0	0	0	0	0	232	254	0	-2.00E-05	4.28E-06	-7.84E-06	-1.33E-05
581	4	0	0	0	0	0	0	232	254	0	-1.85E-05	4.89E-06	-7.66E-06	-1.99E-05
581	5	0	0	0	0	0	0	232	254	0	-1.75E-05	6.22E-06	-8.54E-06	-2.50E-05
581	6	0	0	0	0	0	0	232	254	0	-1.75E-05	6.22E-06	-8.54E-06	-2.50E-05
581	7	0	0	0	0	0	0	232	254	0	-1.74E-05	7.82E-06	-1.01E-05	-2.71E-05
581	8	0	0	0	0	0	0	232	254	0	-1.74E-05	7.82E-06	-1.01E-05	-2.71E-05
581	9	0	0	0	0	0	0	232	254	0	-2.02E-05	6.33E-06	-9.68E-06	-2.69E-05
581	10	0	0	0	0	0	0	232	254	0	-2.02E-05	6.33E-06	-9.68E-06	-2.69E-05
581	11	0	0	0	0	0	0	232	254	0	-2.21E-05	5.04E-06	-1.32E-05	-1.12E-05
581	12	0	0	0	0	0	0	232	254	0	-2.21E-05	5.04E-06	-1.32E-05	-1.12E-05
581	13	0	0	0	0	0	0	232	254	0	-2.10E-05	3.93E-06	-1.43E-05	1.30E-05
581	14	0	0	0	0	0	0	232	254	0	-2.09E-05	2.38E-06	-1.24E-05	2.11E-05
581	15	0	0	0	0	0	0	232	254	0	-2.09E-05	2.38E-06	-1.24E-05	2.11E-05
581	16	0	0	0	0	0	0	232	254	0	-2.19E-05	1.57E-06	-1.13E-05	1.38E-05
581	17	0	0	0	0	0	0	232	254	0	-2.19E-05	1.57E-06	-1.13E-05	1.38E-05
581	18	0	0	0	0	0	0	232	254	0	-2.36E-05	1.03E-06	-1.13E-05	6.19E-06
581	19	0	0	0	0	0	0	232	254	0	-2.36E-05	1.03E-06	-1.13E-05	6.19E-06
582	0	0	0	0	0	0	0	232	254	0	-2.48E-05	1.17E-06	-1.07E-05	-7.95E-06
582	1	0	0	0	0	0	0	232	254	0	-2.48E-05	1.17E-06	-1.07E-05	-7.95E-06
582	2	0	0	0	0	0	0	232	254	0	-2.30E-05	1.25E-06	-1.11E-05	-1.47E-05
582	3	0	0	0	0	0	0	232	254	0	-2.28E-05	1.76E-06	-9.65E-06	-6.16E-06
582	4	0	0	0	0	0	0	232	254	0	-2.28E-05	1.76E-06	-9.65E-06	-6.16E-06
582	5	0	0	0	0	0	0	232	254	0	-2.19E-05	2.02E-06	-6.20E-06	-8.71E-06
582	6	0	0	0	0	0	0	232	254	0	-2.19E-05	2.02E-06	-6.20E-06	-8.71E-06
582	7	0	0	0	0	0	0	232	254	0	-2.09E-05	1.44E-06	-4.79E-06	-2.42E-05
582	8	0	0	0	0	0	0	232	254	0	-2.09E-05	1.44E-06	-4.79E-06	-2.42E-05
582	9	0	0	0	0	0	0	232	254	0	-1.91E-05	3.28E-06	-6.97E-06	-2.56E-05
582	10	0	0	0	0	0	0	232	254	0	-1.91E-05	3.28E-06	-6.97E-06	-2.56E-05
582	11	0	0	0	0	0	0	232	254	0	-2.01E-05	5.57E-06	-6.60E-06	-1.73E-05
582	12	0	0	0	0	0	0	232	254	0	-2.07E-05	5.63E-06	-7.26E-06	-1.19E-05
582	13	0	0	0	0	0	0	232	254	0	-2.07E-05	5.63E-06	-7.26E-06	-1.19E-05
582	14	0	0	0	0	0	0	232	254	0	-2.10E-05	5.10E-06	-9.39E-06	-1.36E-05
582	15	0	0	0	0	0	0	232	254	0	-2.10E-05	5.10E-06	-9.39E-06	-1.36E-05
582	16	0	0	0	0	0	0	232	254	0	-2.12E-05	4.37E-06	-1.02E-05	-1.91E-05
582	17	0	0	0	0	0	0	232	254	0	-2.12E-05	4.37E-06	-1.02E-05	-1.91E-05
582	18	0	0	0	0	0	0	232	254	0	-2.27E-05	3.71E-06	-1.00E-05	-1.81E-05
582	19	0	0	0	0	0	0	232	254	0	-2.27E-05	3.71E-06	-1.00E-05	-1.81E-05
583	0	0	0	0	0	0	0	232	254	0	-2.23E-05	5.02E-06	-9.64E-06	-1.52E-05
583	1	0	0	0	0	0	0	232	254	0	-2.05E-05	6.63E-06	-8.12E-06	-1.29E-05
583	2	0	0	0	0	0	0	232	254	0	-2.05E-05	6.63E-06	-8.12E-06	-1.29E-05
583	3	0	0	0	0	0	0	232	254	0	-2.12E-05	6.16E-06	-7.90E-06	-1.04E-05
583	4	0	0	0	0	0	0	232	254	0	-2.12E-05	6.16E-06	-7.90E-06	-1.04E-05
583	5	0	0	0	0	0	0	232	254	0	-2.03E-05	5.61E-06	-9.44E-06	-3.00E-05
583	6	0	0	0	0	0	0	232	254	0	-2.03E-05	5.61E-06	-9.44E-06	-3.00E-05
583	7	0	0	0	0	0	0	232	254	0	-1.99E-05	4.36E-06	-7.94E-06	-4.92E-05
583	8	0	0	0	0	0	0	232	254	0	-1.99E-05	4.36E-06	-7.94E-06	-4.92E-05
583	9	0	0	0	0	0	0	232	254	0	-2.12E-05	5.74E-06	-8.60E-06	-4.96E-05
583	10	0	0	0	0	0	0	232	254	0	-2.06E-05	8.53E-06	-1.01E-05	-4.78E-05
583	11	0	0	0	0	0	0	232	254	0	-2.06E-05	8.53E-06	-1.01E-05	-4.78E-05
583	12	0	0	0	0	0	0	232	254	0	-2.08E-05	8.07E-06	-7.73E-06	-2.91E-05
583	13	0	0	0	0	0	0	232	254	0	-2.08E-05	8.07E-06	-7.73E-06	-2.91E-05
583	14	0	0	0	0	0	0	232	254	0	-2.20E-05	6.16E-06	-6.67E-06	6.83E-06
583	15	0	0	0	0	0	0	232	254	0	-2.20E-05	6.16E-06	-6.67E-06	6.83E-06
583	16	0	0	0	0	0	0	232	254	0	-2.01E-05	5.01E-06	-5.99E-06	1.96E-05
583	17	0	0	0	0	0	0	232	254	0	-2.01E-05	5.01E-06	-5.99E-06	1.96E-05
583	18	0	0	0	0	0	0	232	254	0	-1.95E-05	4.79E-06	-8.42E-06	2.43E-05
583	19	0	0	0	0	0	0	232	254	0	-2.03E-05	4.47E-06	-7.81E-06	3.20E-05
584	0	0	0	0	0	0	0	232	254	0	-2.03E-05	4.47E-06	-7.81E-06	3.20E-05
584	1	0	0	0	0	0	0	232	254	0	-2.03E-05	4.96E-06	-4.29E-06	3.33E-05
584	2	0	0	0	0	0	0	232	254	0	-2.03E-05	4.96E-06	-4.29E-06	3.33E-05
584	3	0	0	0	0	0	0	232	254	0	-2.06E-05	4.32E-06	-6.87E-06	1.87E-05
584	4	0	0	0	0	0	0	232	254	0	-2.06E-05	4.32E-06	-6.87E-06	1.87E-05
584	5	0	0	0	0	0	0	232	254	0	-2.09E-05	3.06E-06	-8.35E-06	-1.89E-06
584	6	0	0	0	0	0	0	232	254	0	-2.09E-05	3.06E-06	-8.35E-06	-1.89E-06
584	7	0	0	0	0	0	0	232	254	0	-1.88E-05	2.75E-06	-7.27E-06	-1.13E-05
584	8	0	0	0	0	0	0	232	254	0	-2.01E-05	5.08E-06	-7.66E-06	-2.26E-05
584	9	0	0	0	0	0	0	232	254	0	-2.01E-05	5.08E-06	-7.66E-06	-2.26E-05
584	10	0	0	0	0	0	0	232	254	0	-2.07E-05	6.16E-06	-8.44E-06	-2.36E-05
584	11	0	0	0	0	0	0	232	254	0	-2.07E-05	6.16E-06	-8.44E-06	-2.36E-05
584	12	0	0	0	0	0	0	232	254	0	-2.02E-05	5.93E-06	-9.81E-06	-1.69E-05
584	13	0	0	0	0	0	0	232	254	0	-2.02E-05	5.93E-06	-9.81E-06	-1.69E-05
584	14	0	0	0	0	0	0	232	254	0	-2.19E-05	6.02E-06	-1.13E-05	-1.14E-05
584	15	0	0	0	0	0	0	232	254	0	-2.19E-05	6.02E-06	-1.13E-05	-1.14E-05
584	16	0	0	0	0	0	0	232	254	0	-2.28E-05	4.74E-06	-1.23E-05	-1.26E-05
584	17	0	0	0	0	0	0	232	254	0	-2.11E-05	3.16E-06	-1.08E-05	-1.71E-05
584	18	0	0	0	0	0	0	232	254	0	-2.11E-05	3.16E-06	-1.08E-05	-1.71E-05
584	19	0	0	0	0	0	0	232	254	0	-1.79E-05	2.62E-06	-1.04E-05	-2.29E-05
585	0	0	0	0	0	0	0	232	254	0	-1.79E-05	2.62E-06	-1.04E-05	-2.29E-05
585	1	0	0	0	0	0	0	232	254	0	-1.62E-05	3.97E-07	-1.15E-05	-2.16E-05
585	2	0	0	0	0	0	0	232	254	0	-1.62E-05	3.97E-07	-1.15E-05	-2.16E-05
585	3	0	0	0	0	0	0	232	254	0	-1.83E-05	2.60E-07	-1.25E-05	-1.75E-05
585	4	0	0	0	0	0	0	232	254	0	-1.83E-05	2.60E-07	-1.25E-05	-1.75E-05
585	5	0	0	0	0	0	0	232	254	0	-1.64E-05	2.41E-06	-1.34E-05	-1.61E-05
585	6	0	0	0	0	0	0	232	254	0	-1.77E-05	2.25E-06	-1.19E-05	-1.30E-05
585	7	0	0	0	0	0	0	232	254	0	-1.77E-05	2.25E-06	-1.19E-05	-1.30E-05
585	8	0	0	0	0	0	0	232	254	0	-1.99E-05	4.87E-06	-9.66E-06	-1.25E-05
585	9	0	0	0	0	0	0	232	254	0	-1.99E-05	4.87E-06	-9.66E-06	-1.25E-05
585	10	0	0	0	0	0	0	232	254	0	-2.03E-05	8.14E-06	-8.86E-06	-1.59E-05
585	11	0	0	0	0	0	0	232	254	0	-2.03E-05	8.14E-06	-8.86E-06	-1.59E-05
585	12	0	0	0	0	0	0	232	254	0	-2.04E-05	1.09E-05	-7.10E-06	-1.28E-05
585	13	0	0	0	0	0	0	232	254	0	-2.04E-05	1.09E-05	-7.10E-06	-1.28E-05
585	14	0	0	0	0	0	0	232	254	0	-2.15E-05	9.10E-06	-8.76E-06	-7.74E-06
585	15	0	0	0	0	0	0	232	254	0	-2.32E-05	8.37E-06	-1.17E-05	-1.29E-05
585	16	0	0	0	0	0	0	232	254	0	-2.32E-05	8.37E-06	-1.17E-05	-1.29E-05
585	17	0	0	0	0	0	0	232	254	0	-2.40E-05	7.90E-06	-1.23E-05	-1.63E-05
585	18	0	0	0	0	0	0	232	254	0	-2.40E-05	7.90E-06	-1.23E-05	-1.63E-05
585	19	0	0	0	0	0	0	232	254	0	-2.64E-05	6.21E-06	-1.16E-05	-1.63E-05
586	0	0	0	0	0	0	0	232	254	0	-2.64E-05	6.21E-06	-1.16E-05	-1.63E-05
586	1	0	0	0	0	0	0	232	254	0	-2.84E-05	6.42E-06	-1.00E-05	-1.60E-05
586	2	0	0	0	0	0	0	232	254	0	-2.84E-05	6.42E-06	-1.00E-05	-1.60E-05
586	3	0	0	0	0	0	0	232	254	0	-2.71E-05	7.50E-06	-1.16E-05	-1.83E-05
586	4	0	0	0	0	0	0	232	254	0	-2.38E-05	6.90E-06	-1.17E-05	-1.84E-05
586	5	0	0	0	0	0	0	232	254	0	-2.38E-05	6.90E-06	-1.17E-05	-1.84E-05
586	6	0	0	0	0	0	0	232	254	0	-2.26E-05	5.10E-06	-1.05E-05	-1.92E-05
586	7	0	0	0	0	0	0	232	254	0	-2.26E-05	5.10E-06	-1.05E-05	-1.92E-05
586	8	0	0	0	0	0	0	232	254	0	-2.03E-05	4.32E-06	-1.02E-05	-3.22E-05
586	9	0	0	0	0	0	0	232	254	0	-2.03E-05	4.32E-06	-1.02E-05	-3.22E-05
586	10	0	0	0	0	0	0	232	254	0	-1.91E-05	2.76E-06	-8.90E-06	-3.62E-05
586	11	0	0	0	0	0	0	232	254	0	-1.91E-05	2.76E-06	-8.90E-06	-3.62E-05
586	12	0	0	0	0	0	0	232	254	0	-1.87E-05	4.77E-07	-8.41E-06	-2.13E-05
586	13	0	0	0	0	0	0	232	254	0	-1.90E-05	3.09E-07	-5.61E-06	-4.18E-06
586	14	0	0	0	0	0	0	232	254	0	-1.90E-05	3.09E-07	-5.61E-06	-4.18E-06
586	15	0	0	0	0	0	0	232	254	0	-1.84E-05	7.39E-09	-4.20E-06	1.71E-06
586	16	0	0	0	0	0	0	232	254	0	-1.84E-05	7.39E-09	-4.20E-06	1.71E-06
586	17	0	0	0	0	0	0	232	254	0	-1.82E-05	-8.66E-07	-4.70E-06	-6.17E-06
586	18	0	0	0	0	0	0	232	254	0	-1.82E-05	-8.66E-07	-4.70E-06	-6.17E-06
586	19	0	0	0	0	0	0	232	254	0	-1.96E-05	-1.06E-06	-7.68E-06	-1.15E-05
587	0	0	0	0	0	0	0	232	254	0	-1.96E-05	-1.06E-06	-7.68E-06	-1.15E-05
587	1	0	0	0	0	0	0	232	254	0	-2.10E-05	-1.05E-06	-8.86E-06	-1.29E-05
587	2	0	0	0	0	0	0	232	254	0	-2.11E-05	7.17E-07	-6.56E-06	-1.50E-05
587	3	0	0	0	0	0	0	232	254	0	-2.11E-05	7.17E-07	-6.56E-06	-1.50E-05
587	4	0	0	0	0	0	0	232	254	0	-2.07E-05	2.06E-06	-4.92E-06	-2.31E-05
587	5	0	0	0	0	0	0	232	254	0	-2.07E-05	2.06E-06	-4.92E-06	-2.31E-05
587	6	0	0	0	0	0	0	232	254	0	-1.99E-05	3.35E-06	-5.85E-06	-2.64E-05
587	7	0	0	0	0	0	0	232	254	0	-1.99E-05	3.35E-06	-5.85E-06	-2.64E-05
587	8	0	0	0	0	0	0	232	254	0	-2.31E-05	4.04E-06	-9.95E-06	-1.98E-05
587	9	0	0	0	0	0	0	232	254	0	-2.31E-05	4.04E-06	-9.95E-06	-1.98E-05
587	10	0	0	0	0	0	0	232	254	0	-2.30E-05	3.08E-06	-1.35E-05	-6.39E-06
587	11	0	0	0	0	0	0	232	254	0	-2.08E-05	2.73E-06	-1.22E-05	3.78E-06
587	12	0	0	0	0	0	0	232	254	0	-2.08E-05	2.73E-06	-1.22E-05	3.78E-06
587	13	0	0	0	0	0	0	232	254	0	-2.18E-05	4.13E-06	-1.25E-05	-4.30E-06
587	14	0	0	0	0	0	0	232	254	0	-2.18E-05	4.13E-06	-1.25E-05	-4.30E-06
587	15	0	0	0	0	0	0	232	254	0	-2.24E-05	5.49E-06	-1.50E-05	-1.16E-05
587	16	0	0	0	0	0	0	232	254	0	-2.24E-05	5.49E-06	-1.50E-05	-1.16E-05
587	17	0	0	0	0	0	0	232	254	0	-2.29E-05	4.86E-06	-1.33E-05	-1.00E-05
587	18	0	0	0	0	0	0	232	254	0	-2.29E-05	4.86E-06	-1.33E-05	-1.00E-05
587	19	0	0	0	0	0	0	232	254	0	-2.21E-05	2.78E-06	-1.06E-05	-9.21E-06
588	0	0	0	0	0	0	0	232	254	0	-2.08E-05	1.56E-06	-8.90E-06	-4.90E-06
588	1	0	0	0	0	0	0	232	254	0	-2.08E-05	1.56E-06	-8.90E-06	-4.90E-06
588	2	0	0	0	0	0	0	232	254	0	-1.96E-05	1.90E-06	-9.11E-06	-2.15E-06
588	3	0	0	0	0	0	0	232	254	0	-1.96E-05	1.90E-06	-9.11E-06	-2.15E-06
588	4	0	0	0	0	0	0	232	254	0	-1.96E-05	1.97E-06	-1.02E-05	-5.67E-06
588	5	0	0	0	0	0	0	232	254	0	-1.96E-05	1.97E-06	-1.02E-05	-5.67E-06
588	6	0	0	0	0	0	0	232	254	0	-1.95E-05	8.12E-07	-9.66E-06	-7.23E-06
588	7	0	0	0	0	0	0	232	254	0	-1.95E-05	8.12E-07	-9.66E-06	-7.23E-06
588	8	0	0	0	0	0	0	232	254	0	-1.84E-05	8.59E-07	-8.31E-06	-1.22E-05
588	9	0	0	0	0	0	0	232	254	0	-1.81E-05	1.95E-06	-8.21E-06	-1.56E-05
588	10	0	0	0	0	0	0	232	254	0	-1.81E-05	1.95E-06	-8.21E-06	-1.56E-05
588	11	0	0	0	0	0	0	232	254	0	-1.73E-05	3.24E-06	-9.96E-06	-2.23E-05
588	12	0	0	0	0	0	0	232	254	0	-1.73E-05	3.24E-06	-9.96E-06	-2.23E-05
588	13	0	0	0	0	0	0	232	254	0	-1.96E-05	6.94E-06	-1.01E-05	-1.87E-05
588	14	0	0	0	0	0	0	232	254	0	-1.96E-05	6.94E-06	-1.01E-05	-1.87E-05
588	15	0	0	0	0	0	0	232	254	0	-2.19E-05	6.03E-06	-9.15E-06	-6.24E-06
588	16	0	0	0	0	0	0	232	254	0	-2.19E-05	6.03E-06	-9.15E-06	-6.24E-06
588	17	0	0	0	0	0	0	232	254	0	-2.19E-05	3.93E-06	-8.33E-06	-3.17E-06
588	18	0	0	0	0	0	0	232	254	0	-2.32E-05	2.49E-06	-5.89E-06	-3.00E-06
588	19	0	0	0	0	0	0	232	254	0	-2.32E-05	2.49E-06	-5.89E-06	-3.00E-06
589	0	0	0	0	0	0	0	232	254	0	-2.35E-05	2.48E-06	-4.30E-06	6.40E-06
589	1	0	0	0	0	0	0	232	254	0	-2.35E-05	2.48E-06	-4.30E-06	6.40E-06
589	2	0	0	0	0	0	0	232	254	0	-2.22E-05	3.94E-06	-5.14E-06	9.17E-07
589	3	0	0	0	0	0	0	232	254	0	-2.22E-05	3.94E-06	-5.14E-06	9.17E-07
589	4	0	0	0	0	0	0	232	254	0	-2.12E-05	8.21E-06	-6.55E-06	-1.46E-05
589	5	0	0	0	0	0	0	232	254	0	-2.12E-05	8.21E-06	-6.55E-06	-1.46E-05
589	6	0	0	0	0	0	0	232	254	0	-2.01E-05	9.64E-06	-6.95E-06	-1.39E-05
589	7	0	0	0	0	0	0	232	254	0	-1.91E-05	8.01E-06	-9.01E-06	-1.61E-05
589	8	0	0	0	0	0	0	232	254	0	-1.91E-05	8.01E-06	-9.01E-06	-1.61E-05
589	9	0	0	0	0	0	0	232	254	0	-1.95E-05	6.67E-06	-9.02E-06	-4.50E-05
589	10	0	0	0	0	0	0	232	254	0	-1.95E-05	6.67E-06	-9.02E-06	-4.50E-05
589	11	0	0	0	0	0	0	232	254	0	-2.17E-05	5.35E-06	-1.06E-05	-5.55E-05
589	12	0	0	0	0	0	0	232	254	0	-2.17E-05	5.35E-06	-1.06E-05	-5.55E-05
589	13	0	0	0	0	0	0	232	254	0	-2.18E-05	4.34E-06	-1.04E-05	-3.76E-05
589	14	0	0	0	0	0	0	232	254	0	-2.18E-05	4.34E-06	-1.04E-05	-3.76E-05
589	15	0	0	0	0	0	0	232	254	0	-2.20E-05	4.14E-06	-7.94E-06	-2.77E-05
589	16	0	0	0	0	0	0	232	254	0	-1.95E-05	3.91E-06	-9.25E-06	-1.65E-05
589	17	0	0	0	0	0	0	232	254	0	-1.95E-05	3.91E-06	-9.25E-06	-1.65E-05
589	18	0	0	0	0	0	0	232	254	0	-1.85E-05	4.01E-06	-1.04E-05	-2.09E-06
589	19	0	0	0	0	0	0	232	254	0	-1.85E-05	4.01E-06	-1.04E-05	-2.09E-06
590	0	0	0	0	0	0	0	232	254	0	-1.76E-05	2.86E-06	-1.15E-05	6.30E-06
590	1	0	0	0	0	0	0	232	254	0	-1.76E-05	2.86E-06	-1.15E-05	6.30E-06
590	2	0	0	0	0	0	0	232	254	0	-1.79E-05	1.61E-06	-1.26E-05	4.91E-06
590	3	0	0	0	0	0	0	232	254	0	-1.79E-05	1.61E-06	-1.26E-05	4.91E-06
590	4	0	0	0	0	0	0	232	254	0	-1.99E-05	-3.43E-07	-1.02E-05	-1.05E-06
590	5	0	0	0	0	0	0	232	254	0	-2.13E-05	7.71E-07	-6.60E-06	-7.18E-06
590	6	0	0	0	0	0	0	232	254	0	-2.13E-05	7.71E-07	-6.60E-06	-7.18E-06
590	7	0	0	0	0	0	0	232	254	0	-2.30E-05	2.45E-06	-7.31E-06	-1.64E-05
590	8	0	0	0	0	0	0	232	254	0	-2.30E-05	2.45E-06	-7.31E-06	-1.64E-05
590	9	0	0	0	0	0	0	232	254	0	-2.21E-05	3.86E-06	-9.38E-06	-2.30E-05
590	10	0	0	0	0	0	0	232	254	0	-2.21E-05	3.86E-06	-9.38E-06	-2.30E-05
590	11	0	0	0	0	0	0	232	254	0	-2.07E-05	4.21E-06	-8.15E-06	-1.67E-05
590	12	0	0	0	0	0	0	232	254	0	-2.07E-05	4.21E-06	-8.15E-06	-1.67E-05
590	13	0	0	0	0	0	0	232	254	0	-2.13E-05	6.02E-06	-6.99E-06	-6.63E-06
590	14	0	0	0	0	0	0	232	254	0	-2.29E-05	6.09E-06	-7.69E-06	4.33E-06
590	15	0	0	0	0	0	0	232	254	0	-2.29E-05	6.09E-06	-7.69E-06	4.33E-06
590	16	0	0	0	0	0	0	232	254	0	-2.22E-05	7.43E-06	-8.04E-06	6.69E-06
590	17	0	0	0	0	0	0	232	254	0	-2.22E-05	7.43E-06	-8.04E-06	6.69E-06
590	18	0	0	0	0	0	0	232	254	0	-1.98E-05	8.72E-06	-6.45E-06	-4.15E-06
590	19	0	0	0	0	0	0	232	254	0	-1.98E-05	8.72E-06	-6.45E-06	-4.15E-06
591	0	0	0	0	0	0	0	232	254	0	-1.92E-05	9.65E-06	-8.23E-06	-9.18E-06
591	1	0	0	0	0	0	0	232	254	0	-1.92E-05	9.65E-06	-8.23E-06	-9.18E-06
591	2	0	0	0	0	0	0	232	254	0	-2.01E-05	1.00E-05	-1.11E-05	-9.22E-06
591	3	0	0	0	0	0	0	232	254	0	-2.01E-05	9.80E-06	-1.18E-05	-1.16E-05
591	4	0	0	0	0	0	0	232	254	0	-2.01E-05	9.80E-06	-1.18E-05	-1.16E-05
591	5	0	0	0	0	0	0	232	254	0	-2.11E-05	9.23E-06	-1.11E-05	-1.64E-05
591	6	0	0	0	0	0	0	232	254	0	-2.11E-05	9.23E-06	-1.11E-05	-1.64E-05
591	7	0	0	0	0	0	0	232	254	0	-2.32E-05	9.18E-06	-9.86E-06	-2.50E-05
591	8	0	0	0	0	0	0	232	254	0	-2.32E-05	9.18E-06	-9.86E-06	-2.50E-05
591	9	0	0	0	0	0	0	232	254	0	-2.24E-05	8.47E-06	-7.57E-06	-2.69E-05
591	10	0	0	0	0	0	0	232	254	0	-2.24E-05	8.47E-06	-7.57E-06	-2.69E-05
591	11	0	0	0	0	0	0	232	254	0	-2.13E-05	5.89E-06	-5.82E-06	-1.54E-05
591	12	0	0	0	0	0	0	232	254	0	-2.28E-05	3.98E-06	-5.59E-06	-3.48E-06
591	13	0	0	0	0	0	0	232	254	0	-2.28E-05	3.98E-06	-5.59E-06	-3.48E-06
591	14	0	0	0	0	0	0	232	254	0	-2.17E-05	2.69E-06	-6.25E-06	7.80E-06
591	15	0	0	0	0	0	0	232	254	0	-2.17E-05	2.69E-06	-6.25E-06	7.80E-06
591	16	0	0	0	0	0	0	232	254	0	-2.02E-05	1.77E-06	-8.33E-06	3.66E-06
591	17	0	0	0	0	0	0	232	254	0	-2.02E-05	1.77E-06	-8.33E-06	3.66E-06
591	18	0	0	0	0	0	0	232	254	0	-2.13E-05	1.53E-06	-8.79E-06	-7.55E-06
591	19	0	0	0	0	0	0	232	254	0	-2.13E-05	1.53E-06	-8.79E-06	-7.55E-06
592	0	0	0	0	0	0	0	232	254	0	-2.13E-05	2.68E-06	-8.52E-06	-1.55E-05
592	1	0	0	0	0	0	0	232	254	0	-2.09E-05	3.47E-06	-1.00E-05	-1.93E-05
592	2	0	0	0	0	0	0	232	254	0	-2.09E-05	3.47E-06	-1.00E-05	-1.93E-05
592	3	0	0	0	0	0	0	232	254	0	-2.05E-05	3.08E-06	-9.69E-06	-1.25E-05
592	4	0	0	0	0	0	0	232	254	0	-2.05E-05	3.08E-06	-9.69E-06	-1.25E-05
592	5	0	0	0	0	0	0	232	254	0	-2.10E-05	2.52E-06	-8.08E-06	-6.10E-06
592	6	0	0	0	0	0	0	232	254	0	-2.10E-05	2.52E-06	-8.08E-06	-6.10E-06
592	7	0	0	0	0	0	0	232	254	0	-2.00E-05	2.57E-06	-5.97E-06	-1.37E-05
592	8	0	0	0	0	0	0	232	254	0	-2.00E-05	2.57E-06	-5.97E-06	-1.37E-05
592	9	0	0	0	0	0	0	232	254	0	-2.15E-05	2.53E-06	-8.89E-06	-2.06E-05
592	10	0	0	0	0	0	0	232	254	0	-2.08E-05	5.98E-07	-1.22E-05	-2.55E-05
592	11	0	0	0	0	0	0	232	254	0	-2.08E-05	5.98E-07	-1.22E-05	-2.55E-05
592	12	0	0	0	0	0	0	232	254	0	-2.02E-05	-4.30E-07	-1.04E-05	-2.78E-05
592	13	0	0	0	0	0	0	232	254	0	-2.02E-05	-4.30E-07	-1.04E-05	-2.78E-05
592	14	0	0	0	0	0	0	232	254	0	-2.07E-05	9.46E-07	-7.46E-06	-1.64E-05
592	15	0	0	0	0	0	0	232	254	0	-2.07E-05	9.46E-07	-7.46E-06	-1.64E-05
592	16	0	0	0	0	0	0	232	254	0	-1.83E-05	1.11E-06	-5.36E-06	-8.79E-06
592	17	0	0	0	0	0	0	232	254	0	-1.83E-05	1.11E-06	-5.36E-06	-8.79E-06
592	18	0	0	0	0	0	0	232	254	0	-1.93E-05	-1.17E-06	-6.37E-06	-1.45E-05
592	19	0	0	0	0	0	0	232	254	0	-2.13E-05	-2.36E-06	-7.40E-06	-3.08E-05
593	0	0	0	0	0	0	0	232	254	0	-2.13E-05	-2.36E-06	-7.40E-06	-3.08E-05
593	1	0	0	0	0	0	0	232	254	0	-2.21E-05	-4.14E-06	-8.79E-06	-3.92E-05
593	2	0	0	0	0	0	0	232	254	0	-2.21E-05	-4.14E-06	-8.79E-06	-3.92E-05
593	3	0	0	0	0	0	0	232	254	0	-2.06E-05	-3.22E-06	-1.09E-05	-2.08E-05
593	4	0	0	0	0	0	0	232	254	0	-2.06E-05	-3.22E-06	-1.09E-05	-2.08E-05
593	5	0	0	0	0	0	0	232	254	0	-1.77E-05	7.30E-07	-1.05E-05	-3.99E-06
593	6	0	0	0	0	0	0	232	254	0	-1.77E-05	7.30E-07	-1.05E-05	-3.99E-06
593	7	0	0	0	0	0	0	232	254	0	-1.83E-05	4.12E-06	-8.14E-06	-2.57E-07
593	8	0	0	0	0	0	0	232	254	0	-1.91E-05	6.99E-06	-7.91E-06	-1.03E-05
593	9	0	0	0	0	0	0	232	254	0	-1.91E-05	6.99E-06	-7.91E-06	-1.03E-05
593	10	0	0	0	0	0	0	232	254	0	-1.89E-05	1.04E-05	-8.60E-06	-1.41E-05
593	11	0	0	0	0	0	0	232	254	0	-1.89E-05	1.04E-05	-8.60E-06	-1.41E-05
593	12	0	0	0	0	0	0	232	254	0	-1.82E-05	1.10E-05	-7.08E-06	-1.14E-05
593	13	0	0	0	0	0	0	232	254	0	-1.82E-05	1.10E-05	-7.08E-06	-1.14E-05
593	14	0	0	0	0	0	0	232	254	0	-1.77E-05	9.49E-06	-7.22E-06	-2.02E-06
593	15	0	0	0	0	0	0	232	254	0	-1.77E-05	9.49E-06	-7.22E-06	-2.02E-06
593	16	0	0	0	0	0	0	232	254	0	-1.86E-05	8.17E-06	-7.49E-06	4.88E-06
593	17	0	0	0	0	0	0	232	254	0	-2.08E-05	8.40E-06	-9.22E-06	-1.54E-06
593	18	0	0	0	0	0	0	232	254	0	-2.08E-05	8.40E-06	-9.22E-06	-1.54E-06
593	19	0	0	0	0	0	0	232	254	0	-2.27E-05	1.11E-05	-1.09E-05	-7.70E-06
594	0	0	0	0	0	0	0	232	254	0	-2.27E-05	1.11E-05	-1.09E-05	-7.70E-06
594	1	0	0	0	0	0	0	232	254	0	-2.49E-05	1.11E-05	-1.08E-05	-6.42E-06
594	2	0	0	0	0	0	0	232	254	0	-2.49E-05	1.11E-05	-1.08E-05	-6.42E-06
594	3	0	0	0	0	0	0	232	254	0	-2.74E-05	1.03E-05	-1.03E-05	-4.73E-06
594	4	0	0	0	0	0	0	232	254	0	-2.74E-05	1.03E-05	-1.03E-05	-4.73E-06
594	5	0	0	0	0	0	0	232	254	0	-2.82E-05	8.34E-06	-1.07E-05	-4.64E-06
594	6	0	0	0	0	0	0	232	254	0	-2.78E-05	4.32E-06	-1.17E-05	-1.01E-05
594	7	0	0	0	0	0	0	232	254	0	-2.78E-05	4.32E-06	-1.17E-05	-1.01E-05
594	8	0	0	0	0	0	0	232	254	0	-2.50E-05	2.97E-06	-1.19E-05	-2.35E-05
594	9	0	0	0	0	0	0	232	254	0	-2.50E-05	2.97E-06	-1.19E-05	-2.35E-05
594	10	0	0	0	0	0	0	232	254	0	-2.60E-05	1.52E-06	-1.02E-05	-3.05E-05
594	11	0	0	0	0	0	0	232	254	0	-2.60E-05	1.52E-06	-1.02E-05	-3.05E-05
594	12	0	0	0	0	0	0	232	254	0	-2.62E-05	1.81E-07	-1.14E-05	-1.87E-05
594	13	0	0	0	0	0	0	232	254	0	-2.62E-05	1.81E-07	-1.14E-05	-1.87E-05
594	14	0	0	0	0	0	0	232	254	0	-2.31E-05	2.47E-06	-1.06E-05	-8.63E-06
594	15	0	0	0	0	0	0	232	254	0	-2.20E-05	5.03E-06	-1.11E-05	-1.11E-05
594	16	0	0	0	0	0	0	232	254	0	-2.20E-05	5.03E-06	-1.11E-05	-1.11E-05
594	17	0	0	0	0	0	0	232	254	0	-2.16E-05	5.61E-06	-1.33E-05	-1.90E-05
594	18	0	0	0	0	0	0	232	254	0	-2.16E-05	5.61E-06	-1.33E-05	-1.90E-05
594	19	0	0	0	0	0	0	232	254	0	-2.24E-05	4.33E-06	-1.15E-05	-2.71E-05
595	0	0	0	0	0	0	0	232	254	0	-2.24E-05	4.33E-06	-1.15E-05	-2.71E-05
595	1	0	0	0	0	0	0	232	254	0	-2.17E-05	4.93E-06	-9.20E-06	-2.67E-05
595	2	0	0	0	0	0	0	232	254	0	-2.17E-05	4.93E-06	-9.20E-06	-2.67E-05
595	3	0	0	0	0	0	0	232	254	0	-2.04E-05	3.91E-06	-1.01E-05	-1.98E-05
595	4	0	0	0	0	0	0	232	254	0	-1.97E-05	1.62E-06	-1.08E-05	-7.80E-06
595	5	0	0	0	0	0	0	232	254	0	-1.97E-05	1.62E-06	-1.08E-05	-7.80E-06
595	6	0	0	0	0	0	0	232	254	0	-1.71E-05	2.07E-06	-1.02E-05	3.19E-06
595	7	0	0	0	0	0	0	232	254	0	-1.71E-05	2.07E-06	-1.02E-05	3.19E-06
595	8	0	0	0	0	0	0	232	254	0	-1.63E-05	1.24E-06	-1.05E-05	-1.02E-05
595	9	0	0	0	0	0	0	232	254	0	-1.63E-05	1.24E-06	-1.05E-05	-1.02E-05
595	10	0	0	0	0	0	0	232	254	0	-1.81E-05	7.34E-08	-1.11E-05	-2.88E-05
595	11	0	0	0	0	0	0	232	254	0	-1.81E-05	7.34E-08	-1.11E-05	-2.88E-05
595	12	0	0	0	0	0	0	232	254	0	-1.86E-05	1.50E-06	-8.59E-06	-2.31E-05
595	13	0	0	0	0	0	0	232	254	0	-1.72E-05	2.27E-06	-8.16E-06	-1.54E-05
595	14	0	0	0	0	0	0	232	254	0	-1.72E-05	2.27E-06	-8.16E-06	-1.54E-05
595	15	0	0	0	0	0	0	232	254	0	-1.85E-05	2.38E-06	-8.98E-06	2.96E-06
595	16	0	0	0	0	0	0	232	254	0	-1.85E-05	2.38E-06	-8.98E-06	2.96E-06
595	17	0	0	0	0	0	0	232	254	0	-1.99E-05	5.58E-06	-5.39E-06	1.80E-05
595	18	0	0	0	0	0	0	232	254	0	-1.99E-05	5.58E-06	-5.39E-06	1.80E-05
595	19	0	0	0	0	0	0	232	254	0	-2.08E-05	7.98E-06	-2.75E-06	1.80E-06
596	0	0	0	0	0	0	0	232	254	0	-2.08E-05	7.98E-06	-2.75E-06	1.80E-06
596	1	0	0	0	0	0	0	232	254	0	-1.96E-05	1.03E-05	-2.64E-06	-2.12E-05
596	2	0	0	0	0	0	0	232	254	0	-1.95E-05	1.04E-05	-5.60E-06	-2.79E-05
596	3	0	0	0	0	0	0	232	254	0	-1.95E-05	1.04E-05	-5.60E-06	-2.79E-05
596	4	0	0	0	0	0	0	232	254	0	-1.89E-05	9.60E-06	-8.72E-06	-2.07E-05
596	5	0	0	0	0	0	0	232	254	0	-1.89E-05	9.60E-06	-8.72E-06	-2.07E-05
596	6	0	0	0	0	0	0	232	254	0	-1.86E-05	8.74E-06	-9.27E-06	-1.89E-05
596	7	0	0	0	0	0	0	232	254	0	-1.86E-05	8.74E-06	-9.27E-06	-1.89E-05
596	8	0	0	0	0	0	0	232	254	0	-1.86E-05	7.78E-06	-7.96E-06	-1.83E-05
596	9	0	0	0	0	0	0	232	254	0	-1.86E-05	7.78E-06	-7.96E-06	-1.83E-05
596	10	0	0	0	0	0	0	232	254	0	-2.06E-05	7.11E-06	-8.96E-06	-1.71E-05
596	11	0	0	0	0	0	0	232	254	0	-2.12E-05	6.71E-06	-7.04E-06	-1.06E-05
596	12	0	0	0	0	0	0	232	254	0	-2.12E-05	6.71E-06	-7.04E-06	-1.06E-05
596	13	0	0	0	0	0	0	232	254	0	-2.11E-05	7.58E-06	-4.93E-06	-1.02E-05
596	14	0	0	0	0	0	0	232	254	0	-2.11E-05	7.58E-06	-4.93E-06	-1.02E-05
596	15	0	0	0	0	0	0	232	254	0	-1.98E-05	7.59E-06	-8.05E-06	-1.53E-05
596	16	0	0	0	0	0	0	232	254	0	-1.98E-05	7.59E-06	-8.05E-06	-1.53E-05
596	17	0	0	0	0	0	0	232	254	0	-1.89E-05	6.61E-06	-9.11E-06	-1.53E-05
596	18	0	0	0	0	0	0	232	254	0	-1.89E-05	6.61E-06	-9.11E-06	-1.53E-05
596	19	0	0	0	0	0	0	232	254	0	-2.08E-05	5.47E-06	-1.03E-05	-1.33E-05
597	0	0	0	0	0	0	0	232	254	0	-2.40E-05	6.51E-06	-1.05E-05	-1.16E-05
597	1	0	0	0	0	0	0	232	254	0	-2.40E-05	6.51E-06	-1.05E-05	-1.16E-05
597	2	0	0	0	0	0	0	232	254	0	-2.56E-05	4.61E-06	-1.05E-05	-1.23E-05
597	3	0	0	0	0	0	0	232	254	0	-2.56E-05	4.61E-06	-1.05E-05	-1.23E-05
597	4	0	0	0	0	0	0	232	254	0	-2.59E-05	4.77E-06	-1.16E-05	-1.65E-05
597	5	0	0	0	0	0	0	232	254	0	-2.59E-05	4.77E-06	-1.16E-05	-1.65E-05
597	6	0	0	0	0	0	0	232	254	0	-2.51E-05	3.17E-06	-9.82E-06	-1.86E-05
597	7	0	0	0	0	0	0	232	254	0	-2.51E-05	3.17E-06	-9.82E-06	-1.86E-05
597	8	0	0	0	0	0	0	232	254	0	-2.34E-05	2.24E-06	-1.00E-05	-1.54E-05
597	9	0	0	0	0	0	0	232	254	0	-2.20E-05	2.63E-06	-9.00E-06	-1.22E-05
597	10	0	0	0	0	0	0	232	254	0	-2.20E-05	2.63E-06	-9.00E-06	-1.22E-05
597	11	0	0	0	0	0	0	232	254	0	-2.22E-05	3.03E-06	-9.67E-06	-9.31E-06
597	12	0	0	0	0	0	0	232	254	0	-2.22E-05	3.03E-06	-9.67E-06	-9.31E-06
597	13	0	0	0	0	0	0	232	254	0	-2.12E-05	1.81E-06	-1.04E-05	8.93E-07
597	14	0	0	0	0	0	0	232	254	0	-2.12E-05	1.81E-06	-1.04E-05	8.93E-07
597	15	0	0	0	0	0	0	232	254	0	-2.03E-05	-1.14E-07	-1.12E-05	-2.20E-07
597	16	0	0	0	0	0	0	232	254	0	-2.03E-05	-1.14E-07	-1.12E-05	-2.20E-07
597	17	0	0	0	0	0	0	232	254	0	-2.01E-05	4.90E-07	-1.13E-05	-8.38E-06
597	18	0	0	0	0	0	0	232	254	0	-2.05E-05	2.29E-06	-1.20E-05	-1.36E-05
597	19	0	0	0	0	0	0	232	254	0	-2.05E-05	2.29E-06	-1.20E-05	-1.36E-05
598	0	0	0	0	0	0	0	232	254	0	-2.00E-05	3.12E-06	-1.28E-05	-1.90E-05
598	1	0	0	0	0	0	0	232	254	0	-2.00E-05	3.12E-06	-1.28E-05	-1.90E-05
598	2	0	0	0	0	0	0	232	254	0	-1.98E-05	4.72E-06	-1.12E-05	-2.36E-05
598	3	0	0	0	0	0	0	232	254	0	-1.98E-05	4.72E-06	-1.12E-05	-2.36E-05
598	4	0	0	0	0	0	0	232	254	0	-1.88E-05	5.79E-06	-1.06E-05	-1.78E-05
598	5	0	0	0	0	0	0	232	254	0	-1.88E-05	5.79E-06	-1.06E-05	-1.78E-05
598	6	0	0	0	0	0	0	232	254	0	-1.84E-05	6.05E-06	-9.08E-06	-7.96E-06
598	7	0	0	0	0	0	0	232	254	0	-2.10E-05	5.20E-06	-1.14E-05	-7.40E-06
598	8	0	0	0	0	0	0	232	254	0	-2.10E-05	5.20E-06	-1.14E-05	-7.40E-06
598	9	0	0	0	0	0	0	232	254	0	-2.09E-05	4.77E-06	-1.38E-05	-1.41E-05
598	10	0	0	0	0	0	0	232	254	0	-2.09E-05	4.77E-06	-1.38E-05	-1.41E-05
598	11	0	0	0	0	0	0	232	254	0	-1.97E-05	2.52E-06	-1.28E-05	-2.62E-05
598	12	0	0	0	0	0	0	232	254	0	-1.97E-05	2.52E-06	-1.28E-05	-2.62E-05
598	13	0	0	0	0	0	0	232	254	0	-2.11E-05	2.73E-06	-1.15E-05	-2.84E-05
598	14	0	0	0	0	0	0	232	254	0	-2.11E-05	2.73E-06	-1.15E-05	-2.84E-05
598	15	0	0	0	0	0	0	232	254	0	-2.13E-05	3.91E-06	-6.96E-06	-2.37E-05
598	16	0	0	0	0	0	0	232	254	0	-2.02E-05	3.93E-06	-3.83E-06	-4.11E-07
598	17	0	0	0	0	0	0	232	254	0	-2.02E-05	3.93E-06	-3.83E-06	-4.11E-07
598	18	0	0	0	0	0	0	232	254	0	-1.96E-05	2.46E-06	-4.12E-06	2.95E-05
598	19	0	0	0	0	0	0	232	254	0	-1.96E-05	2.46E-06	-4.12E-06	2.95E-05
599	0	0	0	0	0	0	0	232	254	0	-2.01E-05	2.32E-06	-6.51E-06	2.14E-05
599	1	0	0	0	0	0	0	232	254	0	-2.01E-05	2.32E-06	-6.51E-06	2.14E-05
599	2	0	0	0	0	0	0	232	254	0	-2.06E-05	3.24E-06	-7.00E-06	-9.97E-06
599	3	0	0	0	0	0	0	232	254	0	-2.06E-05	3.24E-06	-7.00E-06	-9.97E-06
599	4	0	0	0	0	0	0	232	254	0	-2.06E-05	4.12E-06	-6.20E-06	-3.11E-05
599	5	0	0	0	0	0	0	232	254	0	-2.04E-05	2.88E-06	-7.97E-06	-3.70E-05
599	6	0	0	0	0	0	0	232	254	0	-2.04E-05	2.88E-06	-7.97E-06	-3.70E-05
599	7	0	0	0	0	0	0	232	254	0	-2.12E-05	3.24E-06	-8.31E-06	-2.63E-05
599	8	0	0	0	0	0	0	232	254	0	-2.12E-05	3.24E-06	-8.31E-06	-2.63E-05
599	9	0	0	0	0	0	0	232	254	0	-2.25E-05	4.58E-06	-7.94E-06	-5.12E-06
599	10	0	0	0	0	0	0	232	254	0	-2.25E-05	4.58E-06	-7.94E-06	-5.12E-06
599	11	0	0	0	0	0	0	232	254	0	-2.18E-05	5.63E-06	-8.76E-06	1.48E-05
599	12	0	0	0	0	0	0	232	254	0	-2.18E-05	5.63E-06	-8.76E-06	1.48E-05
599	13	0	0	0	0	0	0	232	254	0	-2.16E-05	5.15E-06	-1.16E-05	2.21E-05
599	14	0	0	0	0	0	0	232	254	0	-2.01E-05	4.81E-06	-1.12E-05	5.20E-06
599	15	0	0	0	0	0	0	232	254	0	-2.01E-05	4.81E-06	-1.12E-05	5.20E-06
599	16	0	0	0	0	0	0	232	254	0	-1.91E-05	4.51E-06	-8.61E-06	-1.18E-05
599	17	0	0	0	0	0	0	232	254	0	-1.91E-05	4.51E-06	-8.61E-06	-1.18E-05
599	18	0	0	0	0	0	0	232	254	0	-1.98E-05	4.44E-06	-6.34E-06	-1.17E-05
599	19	0	0	0	0	0	0	232	254	0	-1.98E-05	4.44E-06	-6.34E-06	-1.17E-05
600	0	0	0	0	0	0	0	232	254	0	-2.07E-05	4.71E-06	-7.24E-06	-5.18E-06
600	1	0	0	0	0	0	0	232	254	0	-2.07E-05	4.71E-06	-7.24E-06	-5.18E-06
600	2	0	0	0	0	0	0	232	254	0	-2.11E-05	3.48E-06	-8.06E-06	-9.71E-06
600	3	0	0	0	0	0	0	232	254	0	-2.17E-05	1.73E-06	-7.11E-06	-1.69E-05
600	4	0	0	0	0	0	0	232	254	0	-2.17E-05	1.73E-06	-7.11E-06	-1.69E-05
600	5	0	0	0	0	0	0	232	254	0	-2.17E-05	3.18E-06	-6.76E-06	-2.21E-05
600	6	0	0	0	0	0	0	232	254	0	-2.17E-05	3.18E-06	-6.76E-06	-2.21E-05
600	7	0	0	0	0	0	0	232	254	0	-2.04E-05	4.98E-06	-8.18E-06	-1.91E-05
600	8	0	0	0	0	0	0	232	254	0	-2.04E-05	4.98E-06	-8.18E-06	-1.91E-05
600	9	0	0	0	0	0	0	232	254	0	-2.09E-05	5.57E-06	-9.82E-06	-1.64E-05
600	10	0	0	0	0	0	0	232	254	0	-2.09E-05	5.57E-06	-9.82E-06	-1.64E-05
600	11	0	0	0	0	0	0	232	254	0	-2.22E-05	5.52E-06	-1.05E-05	-1.24E-05
600	12	0	0	0	0	0	0	232	254	0	-2.33E-05	4.48E-06	-1.12E-05	-1.17E-05
600	13	0	0	0	0	0	0	232	254	0	-2.33E-05	4.48E-06	-1.12E-05	-1.17E-05
600	14	0	0	0	0	0	0	232	254	0	-2.33E-05	4.14E-06	-8.71E-06	-1.38E-05
600	15	0	0	0	0	0	0	232	254	0	-2.33E-05	4.14E-06	-8.71E-06	-1.38E-05
600	16	0	0	0	0	0	0	232	254	0	-2.31E-05	3.78E-06	-6.94E-06	-1.31E-05
600	17	0	0	0	0	0	0	232	254	0	-2.31E-05	3.78E-06	-6.94E-06	-1.31E-05
600	18	0	0	0	0	0	0	232	254	0	-2.23E-05	3.60E-06	-7.54E-06	-1.47E-05
600	19	0	0	0	0	0	0	232	254	0	-2.23E-05	3.60E-06	-7.54E-06	-1.47E-05
601	0	0	0	0	0	0	0	232	254	0	-2.12E-05	5.24E-06	-9.29E-06	-2.51E-05
601	1	0	0	0	0	0	0	232	254	0	-2.05E-05	7.38E-06	-9.59E-06	-3.10E-05
601	2	0	0	0	0	0	0	232	254	0	-2.05E-05	7.38E-06	-9.59E-06	-3.10E-05
601	3	0	0	0	0	0	0	232	254	0	-1.97E-05	8.06E-06	-1.01E-05	-2.61E-05
601	4	0	0	0	0	0	0	232	254	0	-1.97E-05	8.06E-06	-1.01E-05	-2.61E-05
601	5	0	0	0	0	0	0	232	254	0	-2.02E-05	7.16E-06	-1.20E-05	-2.57E-05
601	6	0	0	0	0	0	0	232	254	0	-2.02E-05	7.16E-06	-1.20E-05	-2.57E-05
601	7	0	0	0	0	0	0	232	254	0	-2.09E-05	6.83E-06	-1.14E-05	-2.93E-05
601	8	0	0	0	0	0	0	232	254	0	-2.09E-05	6.83E-06	-1.14E-05	-2.93E-05
601	9	0	0	0	0	0	0	232	254	0	-1.95E-05	6.55E-06	-1.05E-05	-2.38E-05
601	10	0	0	0	0	0	0	232	254	0	-2.04E-05	6.65E-06	-1.14E-05	-1.75E-05
601	11	0	0	0	0	0	0	232	254	0	-2.04E-05	6.65E-06	-1.14E-05	-1.75E-05
601	12	0	0	0	0	0	0	232	254	0	-2.06E-05	7.00E-06	-8.79E-06	-6.62E-06
601	13	0	0	0	0	0	0	232	254	0	-2.06E-05	7.00E-06	-8.79E-06	-6.62E-06
601	14	0	0	0	0	0	0	232	254	0	-2.03E-05	5.79E-06	-8.33E-06	1.00E-05
601	15	0	0	0	0	0	0	232	254	0	-2.03E-05	5.79E-06	-8.33E-06	1.00E-05
601	16	0	0	0	0	0	0	232	254	0	-2.03E-05	5.67E-06	-8.95E-06	4.39E-06
601	17	0	0	0	0	0	0	232	254	0	-2.03E-05	5.67E-06	-8.95E-06	4.39E-06
601	18	0	0	0	0	0	0	232	254	0	-2.06E-05	7.16E-06	-9.29E-06	-1.00E-05
601	19	0	0	0	0	0	0	232	254	0	-2.08E-05	6.77E-06	-9.81E-06	-1.32E-05
602	0	0	0	0	0	0	0	232	254	0	-2.08E-05	6.77E-06	-9.81E-06	-1.32E-05
602	1	0	0	0	0	0	0	232	254	0	-1.93E-05	6.10E-06	-1.07E-05	-1.80E-05
602	2	0	0	0	0	0	0	232	254	0	-1.93E-05	6.10E-06	-1.07E-05	-1.80E-05
602	3	0	0	0	0	0	0	232	254	0	-1.57E-05	5.38E-06	-8.25E-06	-2.10E-05
602	4	0	0	0	0	0	0	232	254	0	-1.57E-05	5.38E-06	-8.25E-06	-2.10E-05
602	5	0	0	0	0	0	0	232	254	0	-1.65E-05	4.72E-06	-4.92E-06	-1.62E-05
602	6	0	0	0	0	0	0	232	254	0	-1.65E-05	4.72E-06	-4.92E-06	-1.62E-05
602	7	0	0	0	0	0	0	232	254	0	-1.92E-05	5.84E-06	-5.79E-06	-7.08E-06
602	8	0	0	0	0	0	0	232	254	0	-2.01E-05	6.17E-06	-9.14E-06	-8.10E-08
602	9	0	0	0	0	0	0	232	254	0	-2.01E-05	6.17E-06	-9.14E-06	-8.10E-08
602	10	0	0	0	0	0	0	232	254	0	-2.19E-05	3.87E-06	-1.03E-05	-4.92E-06
602	11	0	0	0	0	0	0	232	254	0	-2.19E-05	3.87E-06	-1.03E-05	-4.92E-06
602	12	0	0	0	0	0	0	232	254	0	-2.33E-05	2.45E-06	-9.72E-06	-1.01E-05
602	13	0	0	0	0	0	0	232	254	0	-2.33E-05	2.45E-06	-9.72E-06	-1.01E-05
602	14	0	0	0	0	0	0	232	254	0	-2.33E-05	3.62E-06	-9.05E-06	-1.41E-05
602	15	0	0	0	0	0	0	232	254	0	-2.33E-05	3.62E-06	-9.05E-06	-1.41E-05
602	16	0	0	0	0	0	0	232	254	0	-2.29E-05	2.16E-06	-1.02E-05	-1.87E-05
602	17	0	0	0	0	0	0	232	254	0	-2.23E-05	1.28E-06	-7.69E-06	-1.70E-05
602	18	0	0	0	0	0	0	232	254	0	-2.23E-05	1.28E-06	-7.69E-06	-1.70E-05
602	19	0	0	0	0	0	0	232	254	0	-2.28E-05	1.79E-06	-8.42E-06	-1.75E-05
603	0	0	0	0	0	0	0	232	254	0	-2.28E-05	1.79E-06	-8.42E-06	-1.75E-05
603	1	0	0	0	0	0	0	232	254	0	-2.50E-05	1.70E-06	-8.35E-06	-6.00E-06
603	2	0	0	0	0	0	0	232	254	0	-2.50E-05	1.70E-06	-8.35E-06	-6.00E-06
603	3	0	0	0	0	0	0	232	254	0	-2.48E-05	2.55E-06	-7.38E-06	-6.75E-06
603	4	0	0	0	0	0	0	232	254	0	-2.48E-05	2.55E-06	-7.38E-06	-6.75E-06
603	5	0	0	0	0	0	0	232	254	0	-2.26E-05	1.71E-06	-8.22E-06	-1.68E-05
603	6	0	0	0	0	0	0	232	254	0	-2.08E-05	1.03E-06	-8.31E-06	-1.78E-05
603	7	0	0	0	0	0	0	232	254	0	-2.08E-05	1.03E-06	-8.31E-06	-1.78E-05
603	8	0	0	0	0	0	0	232	254	0	-2.23E-05	1.26E-06	-8.65E-06	-1.93E-05
603	9	0	0	0	0	0	0	232	254	0	-2.23E-05	1.26E-06	-8.65E-06	-1.93E-05
603	10	0	0	0	0	0	0	232	254	0	-2.11E-05	1.60E-06	-8.39E-06	-2.12E-05
603	11	0	0	0	0	0	0	232	254	0	-2.11E-05	1.60E-06	-8.39E-06	-2.12E-05
603	12	0	0	0	0	0	0	232	254	0	-2.01E-05	1.47E-06	-9.15E-06	-1.91E-05
603	13	0	0	0	0	0	0	232	254	0	-2.01E-05	1.47E-06	-9.15E-06	-1.91E-05
603	14	0	0	0	0	0	0	232	254	0	-2.08E-05	3.53E-06	-8.57E-06	-9.27E-06
603	15	0	0	0	0	0	0	232	254	0	-2.21E-05	6.21E-06	-8.26E-06	-2.85E-06
603	16	0	0	0	0	0	0	232	254	0	-2.21E-05	6.21E-06	-8.26E-06	-2.85E-06
603	17	0	0	0	0	0	0	232	254	0	-2.35E-05	6.48E-06	-1.15E-05	-1.81E-05
603	18	0	0	0	0	0	0	232	254	0	-2.35E-05	6.48E-06	-1.15E-05	-1.81E-05
603	19	0	0	0	0	0	0	232	254	0	-2.40E-05	8.00E-06	-1.32E-05	-4.04E-05
604	0	0	0	0	0	0	0	232	254	0	-2.40E-05	8.00E-06	-1.32E-05	-4.04E-05
604	1	0	0	0	0	0	0	232	254	0	-2.20E-05	8.72E-06	-1.10E-05	-4.90E-05
604	2	0	0	0	0	0	0	232	254	0	-2.20E-05	8.72E-06	-1.10E-05	-4.90E-05
604	3	0	0	0	0	0	0	232	254	0	-2.20E-05	9.62E-06	-1.12E-05	-3.32E-05
604	4	0	0	0	0	0	0	232	254	0	-2.25E-05	9.74E-06	-1.01E-05	4.53E-06
604	5	0	0	0	0	0	0	232	254	0	-2.25E-05	9.74E-06	-1.01E-05	4.53E-06
604	6	0	0	0	0	0	0	232	254	0	-2.13E-05	8.79E-06	-7.10E-06	2.97E-05
604	7	0	0	0	0	0	0	232	254	0	-2.13E-05	8.79E-06	-7.10E-06	2.97E-05
604	8	0	0	0	0	0	0	232	254	0	-1.95E-05	8.17E-06	-8.63E-06	2.58E-05
604	9	0	0	0	0	0	0	232	254	0	-1.95E-05	8.17E-06	-8.63E-06	2.58E-05
604	10	0	0	0	0	0	0	232	254	0	-1.89E-05	7.16E-06	-1.08E-05	1.33E-05
604	11	0	0	0	0	0	0	232	254	0	-1.89E-05	7.16E-06	-1.08E-05	1.33E-05
604	12	0	0	0	0	0	0	232	254	0	-1.83E-05	2.95E-06	-1.05E-05	-9.01E-07
604	13	0	0	0	0	0	0	232	254	0	-1.68E-05	1.22E-06	-8.08E-06	-7.73E-06
604	14	0	0	0	0	0	0	232	254	0	-1.68E-05	1.22E-06	-8.08E-06	-7.73E-06
604	15	0	0	0	0	0	0	232	254	0	-1.78E-05	3.08E-06	-8.55E-06	-1.10E-05
604	16	0	0	0	0	0	0	232	254	0	-1.78E-05	3.08E-06	-8.55E-06	-1.10E-05
604	17	0	0	0	0	0	0	232	254	0	-1.86E-05	2.36E-06	-9.65E-06	-1.81E-05
604	18	0	0	0	0	0	0	232	254	0	-1.86E-05	2.36E-06	-9.65E-06	-1.81E-05
604	19	0	0	0	0	0	0	232	254	0	-1.83E-05	1.43E-06	-6.17E-06	-1.45E-05
605	0	0	0	0	0	0	0	232	254	0	-1.83E-05	1.43E-06	-6.17E-06	-1.45E-05
605	1	0	0	0	0	0	0	232	254	0	-1.88E-05	1.06E-06	-4.63E-06	-8.79E-06
605	2	0	0	0	0	0	0	232	254	0	-1.95E-05	1.32E-06	-7.26E-06	-8.47E-06
605	3	0	0	0	0	0	0	232	254	0	-1.95E-05	1.32E-06	-7.26E-06	-8.47E-06
605	4	0	0	0	0	0	0	232	254	0	-1.86E-05	1.01E-06	-9.34E-06	-1.12E-05
605	5	0	0	0	0	0	0	232	254	0	-1.86E-05	1.01E-06	-9.34E-06	-1.12E-05
605	6	0	0	0	0	0	0	232	254	0	-1.92E-05	-1.01E-07	-1.01E-05	-1.87E-05
605	7	0	0	0	0	0	0	232	254	0	-1.92E-05	-1.01E-07	-1.01E-05	-1.87E-05
605	8	0	0	0	0	0	0	232	254	0	-1.86E-05	-1.89E-06	-1.13E-05	-1.82E-05
605	9	0	0	0	0	0	0	232	254	0	-1.86E-05	-1.89E-06	-1.13E-05	-1.82E-05
605	10	0	0	0	0	0	0	232	254	0	-1.89E-05	-3.81E-06	-1.12E-05	-1.47E-05
605	11	0	0	0	0	0	0	232	254	0	-2.16E-05	-3.20E-06	-9.23E-06	-1.63E-05
605	12	0	0	0	0	0	0	232	254	0	-2.16E-05	-3.20E-06	-9.23E-06	-1.63E-05
605	13	0	0	0	0	0	0	232	254	0	-2.29E-05	-9.18E-07	-9.34E-06	-1.25E-05
605	14	0	0	0	0	0	0	232	254	0	-2.29E-05	-9.18E-07	-9.34E-06	-1.25E-05
605	15	0	0	0	0	0	0	232	254	0	-2.17E-05	2.72E-06	-1.01E-05	-1.18E-05
605	16	0	0	0	0	0	0	232	254	0	-2.17E-05	2.72E-06	-1.01E-05	-1.18E-05
605	17	0	0	0	0	0	0	232	254	0	-2.20E-05	5.81E-06	-1.10E-05	-1.88E-05
605	18	0	0	0	0	0	0	232	254	0	-2.20E-05	5.81E-06	-1.10E-05	-1.88E-05
605	19	0	0	0	0	0	0	232	254	0	-2.21E-05	7.27E-06	-9.98E-06	-2.23E-05
606	0	0	0	0	0	0	0	232	254	0	-2.08E-05	7.28E-06	-1.06E-05	-1.86E-05
606	1	0	0	0	0	0	0	232	254	0	-2.08E-05	7.28E-06	-1.06E-05	-1.86E-05
606	2	0	0	0	0	0	0	232	254	0	-2.14E-05	5.71E-06	-1.21E-05	-1.60E-05
606	3	0	0	0	0	0	0	232	254	0	-2.14E-05	5.71E-06	-1.21E-05	-1.60E-05
606	4	0	0	0	0	0	0	232	254	0	-2.04E-05	4.79E-06	-1.28E-05	-1.30E-05
606	5	0	0	0	0	0	0	232	254	0	-2.04E-05	4.79E-06	-1.28E-05	-1.30E-05
606	6	0	0	0	0	0	0	232	254	0	-1.79E-05	4.23E-06	-1.31E-05	-1.59E-05
606	7	0	0	0	0	0	0	232	254	0	-1.79E-05	4.23E-06	-1.31E-05	-1.59E-05
606	8	0	0	0	0	0	0	232	254	0	-1.74E-05	3.63E-06	-1.30E-05	-2.26E-05
606	9	0	0	0	0	0	0	232	254	0	-1.79E-05	4.25E-06	-1.29E-05	-3.02E-05
606	10	0	0	0	0	0	0	232	254	0	-1.79E-05	4.25E-06	-1.29E-05	-3.02E-05
606	11	0	0	0	0	0	0	232	254	0	-1.89E-05	4.42E-06	-1.15E-05	-2.50E-05
606	12	0	0	0	0	0	0	232	254	0	-1.89E-05	4.42E-06	-1.15E-05	-2.50E-05
606	13	0	0	0	0	0	0	232	254	0	-2.04E-05	3.81E-06	-9.06E-06	-1.11E-07
606	14	0	0	0	0	0	0	232	254	0	-2.04E-05	3.81E-06	-9.06E-06	-1.11E-07
606	15	0	0	0	0	0	0	232	254	0	-2.07E-05	3.58E-06	-9.04E-06	6.19E-06
606	16	0	0	0	0	0	0	232	254	0	-2.07E-05	3.58E-06	-9.04E-06	6.19E-06
606	17	0	0	0	0	0	0	232	254	0	-1.94E-05	3.83E-06	-9.17E-06	-1.57E-07
606	18	0	0	0	0	0	0	232	254	0	-1.99E-05	3.83E-06	-1.06E-05	-7.07E-06
606	19	0	0	0	0	0	0	232	254	0	-1.99E-05	3.83E-06	-1.06E-05	-7.07E-06
607	0	0	0	0	0	0	0	232	254	0	-1.99E-05	4.85E-06	-1.05E-05	-1.68E-05
607	1	0	0	0	0	0	0	232	254	0	-1.99E-05	4.85E-06	-1.05E-05	-1.68E-05
607	2	0	0	0	0	0	0	232	254	0	-2.10E-05	6.63E-06	-8.24E-06	-2.16E-05
607	3	0	0	0	0	0	0	232	254	0	-2.10E-05	6.63E-06	-8.24E-06	-2.16E-05
607	4	0	0	0	0	0	0	232	254	0	-2.13E-05	6.97E-06	-6.65E-06	-2.41E-05
607	5	0	0	0	0	0	0	232	254	0	-2.13E-05	6.97E-06	-6.65E-06	-2.41E-05
607	6	0	0	0	0	0	0	232	254	0	-2.12E-05	6.60E-06	-7.16E-06	-1.73E-05
607	7	0	0	0	0	0	0	232	254	0	-2.29E-05	7.12E-06	-7.12E-06	-8.07E-06
607	8	0	0	0	0	0	0	232	254	0	-2.29E-05	7.12E-06	-7.12E-06	-8.07E-06
607	9	0	0	0	0	0	0	232	254	0	-2.49E-05	8.42E-06	-8.31E-06	-1.35E-05
607	10	0	0	0	0	0	0	232	254	0	-2.49E-05	8.42E-06	-8.31E-06	-1.35E-05
607	11	0	0	0	0	0	0	232	254	0	-2.44E-05	8.56E-06	-7.57E-06	-8.81E-06
607	12	0	0	0	0	0	0	232	254	0	-2.44E-05	8.56E-06	-7.57E-06	-8.81E-06
607	13	0	0	0	0	0	0	232	254	0	-2.48E-05	8.40E-06	-6.25E-06	-3.95E-06
607	14	0	0	0	0	0	0	232	254	0	-2.48E-05	8.40E-06	-6.25E-06	-3.95E-06
607	15	0	0	0	0	0	0	232	254	0	-2.37E-05	7.61E-06	-8.39E-06	9.47E-07
607	16	0	0	0	0	0	0	232	254	0	-2.34E-05	7.78E-06	-9.45E-06	4.61E-07
607	17	0	0	0	0	0	0	232	254	0	-2.34E-05	7.78E-06	-9.45E-06	4.61E-07
607	18	0	0	0	0	0	0	232	254	0	-2.20E-05	6.73E-06	-1.05E-05	-5.87E-06
607	19	0	0	0	0	0	0	232	254	0	-2.20E-05	6.73E-06	-1.05E-05	-5.87E-06
608	0	0	0	0	0	0	0	232	254	0	-2.27E-05	3.98E-06	-1.00E-05	-1.01E-05
608	1	0	0	0	0	0	0	232	254	0	-2.27E-05	3.98E-06	-1.00E-05	-1.01E-05
608	2	0	0	0	0	0	0	232	254	0	-2.30E-05	2.56E-06	-1.04E-05	-9.18E-06
608	3	0	0	0	0	0	0	232	254	0	-2.30E-05	2.56E-06	-1.04E-05	-9.18E-06
608	4	0	0	0	0	0	0	232	254	0	-2.33E-05	6.84E-07	-9.02E-06	-8.68E-06
608	5	0	0	0	0	0	0	232	254	0	-2.30E-05	-6.57E-07	-8.08E-06	-7.39E-06
608	6	0	0	0	0	0	0	232	254	0	-2.30E-05	-6.57E-07	-8.08E-06	-7.39E-06
608	7	0	0	0	0	0	0	232	254	0	-2.32E-05	1.17E-06	-8.82E-06	-8.32E-06
608	8	0	0	0	0	0	0	232	254	0	-2.32E-05	1.17E-06	-8.82E-06	-8.32E-06
608	9	0	0	0	0	0	0	232	254	0	-2.33E-05	1.12E-06	-7.45E-06	-1.96E-05
608	10	0	0	0	0	0	0	232	254	0	-2.33E-05	1.12E-06	-7.45E-06	-1.96E-05
608	11	0	0	0	0	0	0	232	254	0	-2.18E-05	1.38E-06	-6.67E-06	-2.89E-05
608	12	0	0	0	0	0	0	232	254	0	-2.18E-05	1.38E-06	-6.67E-06	-2.89E-05
608	13	0	0	0	0	0	0	232	254	0	-2.05E-05	4.14E-06	-5.75E-06	-2.06E-05
608	14	0	0	0	0	0	0	232	254	0	-1.99E-05	3.54E-06	-7.02E-06	-7.94E-06
608	15	0	0	0	0	0	0	232	254	0	-1.99E-05	3.54E-06	-7.02E-06	-7.94E-06
608	16	0	0	0	0	0	0	232	254	0	-2.14E-05	1.95E-06	-7.48E-06	-9.52E-06
608	17	0	0	0	0	0	0	232	254	0	-2.14E-05	1.95E-06	-7.48E-06	-9.52E-06
608	18	0	0	0	0	0	0	232	254	0	-2.31E-05	2.73E-06	-5.91E-06	-1.67E-05
608	19	0	0	0	0	0	0	232	254	0	-2.31E-05	2.73E-06	-5.91E-06	-1.67E-05
609	0	0	0	0	0	0	0	232	254	0	-2.16E-05	4.08E-06	-4.50E-06	-1.86E-05
609	1	0	0	0	0	0	0	232	254	0	-2.16E-05	4.08E-06	-4.50E-06	-1.86E-05
609	2	0	0	0	0	0	0	232	254	0	-2.08E-05	5.71E-06	-5.34E-06	-1.79E-05
609	3	0	0	0	0	0	0	232	254	0	-2.15E-05	8.31E-06	-5.75E-06	-2.00E-05
609	4	0	0	0	0	0	0	232	254	0	-2.15E-05	8.31E-06	-5.75E-06	-2.00E-05
609	5	0	0	0	0	0	0	232	254	0	-2.05E-05	7.75E-06	-4.30E-06	-2.18E-05
609	6	0	0	0	0	0	0	232	254	0	-2.05E-05	7.75E-06	-4.30E-06	-2.18E-05
609	7	0	0	0	0	0	0	232	254	0	-1.96E-05	7.08E-06	-4.87E-06	-2.08E-05
609	8	0	0	0	0	0	0	232	254	0	-1.96E-05	7.08E-06	-4.87E-06	-2.08E-05
609	9	0	0	0	0	0	0	232	254	0	-1.89E-05	7.33E-06	-4.84E-06	-2.70E-05
609	10	0	0	0	0	0	0	232	254	0	-1.89E-05	7.33E-06	-4.84E-06	-2.70E-05
609	11	0	0	0	0	0	0	232	254	0	-1.81E-05	7.62E-06	-5.37E-06	-2.50E-05
609	12	0	0	0	0	0	0	232	254	0	-1.87E-05	5.83E-06	-8.92E-06	-6.72E-06
609	13	0	0	0	0	0	0	232	254	0	-1.87E-05	5.83E-06	-8.92E-06	-6.72E-06
609	14	0	0	0	0	0	0	232	254	0	-1.90E-05	3.64E-06	-9.28E-06	-2.22E-06
609	15	0	0	0	0	0	0	232	254	0	-1.90E-05	3.64E-06	-9.28E-06	-2.22E-06
609	16	0	0	0	0	0	0	232	254	0	-1.95E-05	2.41E-06	-1.05E-05	-7.02E-07
609	17	0	0	0	0	0	0	232	254	0	-1.95E-05	2.41E-06	-1.05E-05	-7.02E-07
609	18	0	0	0	0	0	0	232	254	0	-2.03E-05	2.06E-06	-1.08E-05	3.58E-06
609	19	0	0	0	0	0	0	232	254	0	-2.03E-05	2.06E-06	-1.08E-05	3.58E-06
610	0	0	0	0	0	0	0	232	254	0	-2.04E-05	3.24E-06	-1.02E-05	3.75E-06
610	1	0	0	0	0	0	0	232	254	0	-2.11E-05	3.58E-06	-1.09E-05	2.62E-06
610	2	0	0	0	0	0	0	232	254	0	-2.11E-05	3.58E-06	-1.09E-05	2.62E-06
610	3	0	0	0	0	0	0	232	254	0	-2.06E-05	3.97E-06	-1.45E-05	-1.17E-06
610	4	0	0	0	0	0	0	232	254	0	-2.06E-05	3.97E-06	-1.45E-05	-1.17E-06
610	5	0	0	0	0	0	0	232	254	0	-2.02E-05	4.21E-06	-1.49E-05	-5.92E-06
610	6	0	0	0	0	0	0	232	254	0	-2.02E-05	4.21E-06	-1.49E-05	-5.92E-06
610	7	0	0	0	0	0	0	232	254	0	-1.93E-05	2.09E-06	-1.21E-05	-9.16E-06
610	8	0	0	0	0	0	0	232	254	0	-1.93E-05	2.09E-06	-1.21E-05	-9.16E-06
610	9	0	0	0	0	0	0	232	254	0	-1.71E-05	4.25E-07	-1.15E-05	-1.82E-05
610	10	0	0	0	0	0	0	232	254	0	-1.87E-05	4.06E-06	-1.10E-05	-3.14E-05
610	11	0	0	0	0	0	0	232	254	0	-1.87E-05	4.06E-06	-1.10E-05	-3.14E-05
610	12	0	0	0	0	0	0	232	254	0	-2.28E-05	6.83E-06	-1.12E-05	-3.12E-05
610	13	0	0	0	0	0	0	232	254	0	-2.28E-05	6.83E-06	-1.12E-05	-3.12E-05
610	14	0	0	0	0	0	0	232	254	0	-2.53E-05	6.76E-06	-1.02E-05	-1.83E-05
610	15	0	0	0	0	0	0	232	254	0	-2.53E-05	6.76E-06	-1.02E-05	-1.83E-05
610	16	0	0	0	0	0	0	232	254	0	-2.40E-05	7.75E-06	-7.22E-06	1.69E-06
610	17	0	0	0	0	0	0	232	254	0	-2.40E-05	7.75E-06	-7.22E-06	1.69E-06
610	18	0	0	0	0	0	0	232	254	0	-1.83E-05	6.89E-06	-7.16E-06	1.27E-05
610	19	0	0	0	0	0	0	232	254	0	-1.48E-05	6.02E-06	-6.75E-06	-1.74E-06
611	0	0	0	0	0	0	0	232	254	0	-1.48E-05	6.02E-06	-6.75E-06	-1.74E-06
611	1	0	0	0	0	0	0	232	254	0	-1.49E-05	5.98E-06	-6.66E-06	-1.90E-05
611	2	0	0	0	0	0	0	232	254	0	-1.49E-05	5.98E-06	-6.66E-06	-1.90E-05
611	3	0	0	0	0	0	0	232	254	0	-1.83E-05	6.71E-06	-9.90E-06	-2.82E-05
611	4	0	0	0	0	0	0	232	254	0	-1.83E-05	6.71E-06	-9.90E-06	-2.82E-05
611	5	0	0	0	0	0	0	232	254	0	-1.87E-05	7.26E-06	-9.58E-06	-1.84E-05
611	6	0	0	0	0	0	0	232	254	0	-1.87E-05	7.26E-06	-9.58E-06	-1.84E-05
611	7	0	0	0	0	0	0	232	254	0	-1.99E-05	5.46E-06	-7.89E-06	-1.06E-06
611	8	0	0	0	0	0	0	232	254	0	-2.33E-05	3.98E-06	-8.00E-06	6.01E-06
611	9	0	0	0	0	0	0	232	254	0	-2.33E-05	3.98E-06	-8.00E-06	6.01E-06
611	10	0	0	0	0	0	0	232	254	0	-2.50E-05	3.02E-06	-8.61E-06	4.13E-07
611	11	0	0	0	0	0	0	232	254	0	-2.50E-05	3.02E-06	-8.61E-06	4.13E-07
611	12	0	0	0	0	0	0	232	254	0	-2.51E-05	4.59E-06	-8.92E-06	-1.43E-05
611	13	0	0	0	0	0	0	232	254	0	-2.51E-05	4.59E-06	-8.92E-06	-1.43E-05
611	14	0	0	0	0	0	0	232	254	0	-2.57E-05	7.77E-06	-9.36E-06	-1.40E-05
611	15	0	0	0	0	0	0	232	254	0	-2.57E-05	7.77E-06	-9.36E-06	-1.40E-05
611	16	0	0	0	0	0	0	232	254	0	-2.59E-05	4.42E-06	-1.11E-05	-7.77E-06
611	17	0	0	0	0	0	0	232	254	0	-2.61E-05	4.29E-06	-1.27E-05	-9.06E-06
611	18	0	0	0	0	0	0	232	254	0	-2.61E-05	4.29E-06	-1.27E-05	-9.06E-06
611	19	0	0	0	0	0	0	232	254	0	-2.42E-05	6.41E-06	-1.52E-05	-1.07E-05
612	0	0	0	0	0	0	0	232	254	0	-2.42E-05	6.41E-06	-1.52E-05	-1.07E-05
612	1	0	0	0	0	0	0	232	254	0	-2.20E-05	5.73E-06	-1.61E-05	-1.62E-05
612	2	0	0	0	0	0	0	232	254	0	-2.20E-05	5.73E-06	-1.61E-05	-1.62E-05
612	3	0	0	0	0	0	0	232	254	0	-2.20E-05	5.98E-06	-1.29E-05	-2.47E-05
612	4	0	0	0	0	0	0	232	254	0	-2.20E-05	5.98E-06	-1.29E-05	-2.47E-05
612	5	0	0	0	0	0	0	232	254	0	-2.02E-05	6.49E-06	-1.04E-05	-2.58E-05
612	6	0	0	0	0	0	0	232	254	0	-1.98E-05	6.02E-06	-1.03E-05	-2.03E-05
612	7	0	0	0	0	0	0	232	254	0	-1.98E-05	6.02E-06	-1.03E-05	-2.03E-05
612	8	0	0	0	0	0	0	232	254	0	-2.11E-05	5.04E-06	-1.16E-05	-1.64E-05
612	9	0	0	0	0	0	0	232	254	0	-2.11E-05	5.04E-06	-1.16E-05	-1.64E-05
612	10	0	0	0	0	0	0	232	254	0	-2.21E-05	5.33E-06	-1.07E-05	-1.59E-05
612	11	0	0	0	0	0	0	232	254	0	-2.21E-05	5.33E-06	-1.07E-05	-1.59E-05
612	12	0	0	0	0	0	0	232	254	0	-2.08E-05	6.77E-06	-9.79E-06	-1.84E-05
612	13	0	0	0	0	0	0	232	254	0	-2.08E-05	6.77E-06	-9.79E-06	-1.84E-05
612	14	0	0	0	0	0	0	232	254	0	-1.96E-05	6.10E-06	-1.02E-05	-1.79E-05
612	15	0	0	0	0	0	0	232	254	0	-1.97E-05	5.67E-06	-1.08E-05	-1.87E-05
612	16	0	0	0	0	0	0	232	254	0	-1.97E-05	5.67E-06	-1.08E-05	-1.87E-05
612	17	0	0	0	0	0	0	232	254	0	-2.05E-05	5.92E-06	-8.63E-06	-1.88E-05
612	18	0	0	0	0	0	0	232	254	0	-2.05E-05	5.92E-06	-8.63E-06	-1.88E-05
612	19	0	0	0	0	0	0	232	254	0	-2.10E-05	3.15E-06	-6.32E-06	-1.71E-05
613	0	0	0	0	0	0	0	232	254	0	-2.10E-05	3.15E-06	-6.32E-06	-1.71E-05
613	1	0	0	0	0	0	0	232	254	0	-1.97E-05	1.39E-06	-6.04E-06	-1.41E-05
613	2	0	0	0	0	0	0	232	254	0	-1.97E-05	1.39E-06	-6.04E-06	-1.41E-05
613	3	0	0	0	0	0	0	232	254	0	-1.98E-05	2.63E-06	-6.34E-06	-1.42E-05
613	4	0	0	0	0	0	0	232	254	0	-2.01E-05	3.30E-06	-7.89E-06	-1.84E-05
613	5	0	0	0	0	0	0	232	254	0	-2.01E-05	3.30E-06	-7.89E-06	-1.84E-05
613	6	0	0	0	0	0	0	232	254	0	-2.21E-05	3.86E-06	-7.75E-06	-2.16E-05
613	7	0	0	0	0	0	0	232	254	0	-2.21E-05	3.86E-06	-7.75E-06	-2.16E-05
613	8	0	0	0	0	0	0	232	254	0	-2.33E-05	3.75E-06	-7.24E-06	-2.80E-05
613	9	0	0	0	0	0	0	232	254	0	-2.33E-05	3.75E-06	-7.24E-06	-2.80E-05
613	10	0	0	0	0	0	0	232	254	0	-2.29E-05	3.30E-06	-8.55E-06	-2.77E-05
613	11	0	0	0	0	0	0	232	254	0	-2.29E-05	3.30E-06	-8.55E-06	-2.77E-05
613	12	0	0	0	0	0	0	232	254	0	-2.17E-05	3.46E-06	-1.00E-05	-1.67E-05
613	13	0	0	0	0	0	0	232	254	0	-2.09E-05	1.48E-06	-8.87E-06	-4.79E-06
613	14	0	0	0	0	0	0	232	254	0	-2.09E-05	1.48E-06	-8.87E-06	-4.79E-06
613	15	0	0	0	0	0	0	232	254	0	-2.05E-05	2.67E-06	-7.78E-06	-3.42E-06
613	16	0	0	0	0	0	0	232	254	0	-2.05E-05	2.67E-06	-7.78E-06	-3.42E-06
613	17	0	0	0	0	0	0	232	254	0	-2.15E-05	5.26E-06	-7.00E-06	-1.77E-06
613	18	0	0	0	0	0	0	232	254	0	-2.15E-05	5.26E-06	-7.00E-06	-1.77E-06
613	19	0	0	0	0	0	0	232	254	0	-2.07E-05	5.70E-06	-5.71E-06	3.37E-06
614	0	0	0	0	0	0	0	232	254	0	-2.07E-05	5.70E-06	-5.71E-06	3.37E-06
614	1	0	0	0	0	0	0	232	254	0	-1.88E-05	6.47E-06	-5.30E-06	-1.32E-07
614	2	0	0	0	0	0	0	232	254	0	-1.79E-05	5.80E-06	-7.61E-06	-5.58E-06
614	3	0	0	0	0	0	0	232	254	0	-1.79E-05	5.80E-06	-7.61E-06	-5.58E-06
614	4	0	0	0	0	0	0	232	254	0	-1.79E-05	4.42E-06	-7.83E-06	-7.88E-06
614	5	0	0	0	0	0	0	232	254	0	-1.79E-05	4.42E-06	-7.83E-06	-7.88E-06
614	6	0	0	0	0	0	0	232	254	0	-1.82E-05	4.02E-06	-7.39E-06	-9.19E-06
614	7	0	0	0	0	0	0	232	254	0	-1.82E-05	4.02E-06	-7.39E-06	-9.19E-06
614	8	0	0	0	0	0	0	232	254	0	-1.82E-05	4.79E-06	-7.11E-06	-6.25E-06
614	9	0	0	0	0	0	0	232	254	0	-1.82E-05	4.79E-06	-7.11E-06	-6.25E-06
614	10	0	0	0	0	0	0	232	254	0	-1.91E-05	4.01E-06	-1.02E-05	-2.15E-06
614	11	0	0	0	0	0	0	232	254	0	-1.81E-05	1.80E-06	-1.09E-05	-7.81E-06
614	12	0	0	0	0	0	0	232	254	0	-1.81E-05	1.80E-06	-1.09E-05	-7.81E-06
614	13	0	0	0	0	0	0	232	254	0	-1.91E-05	-5.92E-09	-1.09E-05	-1.06E-05
614	14	0	0	0	0	0	0	232	254	0	-1.91E-05	-5.92E-09	-1.09E-05	-1.06E-05
614	15	0	0	0	0	0	0	232	254	0	-1.99E-05	1.06E-06	-1.11E-05	-1.04E-05
614	16	0	0	0	0	0	0	232	254	0	-1.99E-05	1.06E-06	-1.11E-05	-1.04E-05
614	17	0	0	0	0	0	0	232	254	0	-1.97E-05	2.37E-06	-1.06E-05	-1.98E-05
614	18	0	0	0	0	0	0	232	254	0	-1.97E-05	2.37E-06	-1.06E-05	-1.98E-05
614	19	0	0	0	0	0	0	232	254	0	-1.90E-05	3.65E-06	-8.65E-06	-2.41E-05
615	0	0	0	0	0	0	0	232	254	0	-1.89E-05	5.15E-06	-7.28E-06	-2.28E-05
615	1	0	0	0	0	0	0	232	254	0	-1.89E-05	5.15E-06	-7.28E-06	-2.28E-05
615	2	0	0	0	0	0	0	232	254	0	-1.84E-05	4.89E-06	-6.82E-06	-2.01E-05
615	3	0	0	0	0	0	0	232	254	0	-1.84E-05	4.89E-06	-6.82E-06	-2.01E-05
615	4	0	0	0	0	0	0	232	254	0	-1.78E-05	5.22E-06	-7.14E-06	-1.13E-05
615	5	0	0	0	0	0	0	232	254	0	-1.78E-05	5.22E-06	-7.14E-06	-1.13E-05
615	6	0	0	0	0	0	0	232	254	0	-1.79E-05	6.48E-06	-6.20E-06	-9.38E-06
615	7	0	0	0	0	0	0	232	254	0	-1.79E-05	6.48E-06	-6.20E-06	-9.38E-06
615	8	0	0	0	0	0	0	232	254	0	-1.95E-05	7.78E-06	-8.35E-06	-1.50E-05
615	9	0	0	0	0	0	0	232	254	0	-1.97E-05	7.22E-06	-1.09E-05	-1.22E-05
615	10	0	0	0	0	0	0	232	254	0	-1.97E-05	7.22E-06	-1.09E-05	-1.22E-05
615	11	0	0	0	0	0	0	232	254	0	-1.91E-05	7.11E-06	-1.08E-05	-7.37E-06
615	12	0	0	0	0	0	0	232	254	0	-1.91E-05	7.11E-06	-1.08E-05	-7.37E-06
615	13	0	0	0	0	0	0	232	254	0	-1.99E-05	6.17E-06	-6.83E-06	-1.80E-06
615	14	0	0	0	0	0	0	232	254	0	-1.99E-05	6.17E-06	-6.83E-06	-1.80E-06
615	15	0	0	0	0	0	0	232	254	0	-2.00E-05	4.25E-06	-6.84E-06	-5.87E-06
615	16	0	0	0	0	0	0	232	254	0	-2.00E-05	4.25E-06	-6.84E-06	-5.87E-06
615	17	0	0	0	0	0	0	232	254	0	-2.17E-05	4.48E-06	-7.99E-06	-1.04E-05
615	18	0	0	0	0	0	0	232	254	0	-2.37E-05	4.09E-06	-6.17E-06	-1.11E-05
615	19	0	0	0	0	0	0	232	254	0	-2.37E-05	4.09E-06	-6.17E-06	-1.11E-05
616	0	0	0	0	0	0	0	232	254	0	-2.31E-05	3.44E-06	-8.37E-06	-1.09E-05
616	1	0	0	0	0	0	0	232	254	0	-2.31E-05	3.44E-06	-8.37E-06	-1.09E-05
616	2	0	0	0	0	0	0	232	254	0	-2.29E-05	3.08E-06	-1.16E-05	-1.31E-05
616	3	0	0	0	0	0	0	232	254	0	-2.29E-05	3.08E-06	-1.16E-05	-1.31E-05
616	4	0	0	0	0	0	0	232	254	0	-2.20E-05	3.92E-06	-1.10E-05	-1.49E-05
616	5	0	0	0	0	0	0	232	254	0	-2.20E-05	3.92E-06	-1.10E-05	-1.49E-05
616	6	0	0	0	0	0	0	232	254	0	-2.04E-05	6.50E-06	-1.05E-05	-1.49E-05
616	7	0	0	0	0	0	0	232	254	0	-2.10E-05	4.32E-06	-1.09E-05	-1.46E-05
616	8	0	0	0	0	0	0	232	254	0	-2.10E-05	4.32E-06	-1.09E-05	-1.46E-05
616	9	0	0	0	0	0	0	232	254	0	-2.17E-05	3.24E-06	-1.09E-05	-1.51E-05
616	10	0	0	0	0	0	0	232	254	0	-2.17E-05	3.24E-06	-1.09E-05	-1.51E-05
616	11	0	0	0	0	0	0	232	254	0	-2.03E-05	3.42E-06	-1.09E-05	-1.85E-05
616	12	0	0	0	0	0	0	232	254	0	-2.03E-05	3.42E-06	-1.09E-05	-1.85E-05
616	13	0	0	0	0	0	0	232	254	0	-2.00E-05	2.91E-06	-9.60E-06	-2.33E-05
616	14	0	0	0	0	0	0	232	254	0	-2.00E-05	2.91E-06	-9.60E-06	-2.33E-05
616	15	0	0	0	0	0	0	232	254	0	-1.92E-05	2.81E-06	-9.17E-06	-2.46E-05
616	16	0	0	0	0	0	0	232	254	0	-1.96E-05	1.06E-06	-1.04E-05	-1.98E-05
616	17	0	0	0	0	0	0	232	254	0	-1.96E-05	1.06E-06	-1.04E-05	-1.98E-05
616	18	0	0	0	0	0	0	232	254	0	-2.04E-05	2.24E-06	-9.82E-06	-2.04E-05
616	19	0	0	0	0	0	0	232	254	0	-2.04E-05	2.24E-06	-9.82E-06	-2.04E-05
617	0	0	0	0	0	0	0	232	254	0	-2.27E-05	2.84E-06	-1.06E-05	-2.25E-05
617	1	0	0	0	0	0	0	232	254	0	-2.27E-05	2.84E-06	-1.06E-05	-2.25E-05
617	2	0	0	0	0	0	0	232	254	0	-2.38E-05	4.69E-06	-1.25E-05	-1.39E-05
617	3	0	0	0	0	0	0	232	254	0	-2.38E-05	4.69E-06	-1.25E-05	-1.39E-05
617	4	0	0	0	0	0	0	232	254	0	-2.44E-05	5.16E-06	-1.26E-05	3.28E-06
617	5	0	0	0	0	0	0	232	254	0	-2.52E-05	3.19E-06	-1.08E-05	1.85E-05
617	6	0	0	0	0	0	0	232	254	0	-2.52E-05	3.19E-06	-1.08E-05	1.85E-05
617	7	0	0	0	0	0	0	232	254	0	-2.61E-05	3.16E-06	-1.02E-05	1.52E-05
617	8	0	0	0	0	0	0	232	254	0	-2.61E-05	3.16E-06	-1.02E-05	1.52E-05
617	9	0	0	0	0	0	0	232	254	0	-2.46E-05	2.94E-06	-9.98E-06	-1.18E-07
617	10	0	0	0	0	0	0	232	254	0	-2.46E-05	2.94E-06	-9.98E-06	-1.18E-07
617	11	0	0	0	0	0	0	232	254	0	-2.43E-05	2.71E-06	-1.07E-05	-1.81E-05
617	12	0	0	0	0	0	0	232	254	0	-2.43E-05	2.71E-06	-1.07E-05	-1.81E-05
617	13	0	0	0	0	0	0	232	254	0	-2.39E-05	3.72E-06	-1.18E-05	-3.02E-05
617	14	0	0	0	0	0	0	232	254	0	-2.33E-05	3.86E-06	-9.24E-06	-2.51E-05
617	15	0	0	0	0	0	0	232	254	0	-2.33E-05	3.86E-06	-9.24E-06	-2.51E-05
617	16	0	0	0	0	0	0	232	254	0	-2.30E-05	3.83E-06	-7.66E-06	-2.07E-05
617	17	0	0	0	0	0	0	232	254	0	-2.30E-05	3.83E-06	-7.66E-06	-2.07E-05
617	18	0	0	0	0	0	0	232	254	0	-2.21E-05	3.72E-06	-8.44E-06	-2.21E-05
617	19	0	0	0	0	0	0	232	254	0	-2.21E-05	3.72E-06	-8.44E-06	-2.21E-05
618	0	0	0	0	0	0	0	232	254	0	-2.10E-05	3.97E-06	-9.41E-06	-1.61E-05
618	1	0	0	0	0	0	0	232	254	0	-2.10E-05	3.97E-06	-9.41E-06	-1.61E-05
618	2	0	0	0	0	0	0	232	254	0	-2.00E-05	4.40E-06	-8.26E-06	-8.06E-06
618	3	0	0	0	0	0	0	232	254	0	-1.83E-05	3.29E-06	-6.61E-06	-8.76E-06
618	4	0	0	0	0	0	0	232	254	0	-1.83E-05	3.29E-06	-6.61E-06	-8.76E-06
618	5	0	0	0	0	0	0	232	254	0	-1.87E-05	9.32E-07	-5.96E-06	-1.75E-05
618	6	0	0	0	0	0	0	232	254	0	-1.87E-05	9.32E-07	-5.96E-06	-1.75E-05
618	7	0	0	0	0	0	0	232	254	0	-1.92E-05	-2.01E-07	-5.97E-06	-2.07E-05
618	8	0	0	0	0	0	0	232	254	0	-1.92E-05	-2.01E-07	-5.97E-06	-2.07E-05
618	9	0	0	0	0	0	0	232	254	0	-2.04E-05	9.90E-07	-8.60E-06	-1.76E-05
618	10	0	0	0	0	0	0	232	254	0	-2.04E-05	9.90E-07	-8.60E-06	-1.76E-05
618	11	0	0	0	0	0	0	232	254	0	-2.10E-05	3.36E-06	-1.06E-05	-1.35E-05
618	12	0	0	0	0	0	0	232	254	0	-2.06E-05	2.14E-06	-1.04E-05	-6.28E-06
618	13	0	0	0	0	0	0	232	254	0	-2.06E-05	2.14E-06	-1.04E-05	-6.28E-06
618	14	0	0	0	0	0	0	232	254	0	-2.21E-05	5.46E-07	-8.51E-06	3.36E-07
618	15	0	0	0	0	0	0	232	254	0	-2.21E-05	5.46E-07	-8.51E-06	3.36E-07
618	16	0	0	0	0	0	0	232	254	0	-2.10E-05	3.14E-06	-8.60E-06	-7.18E-07
618	17	0	0	0	0	0	0	232	254	0	-2.10E-05	3.14E-06	-8.60E-06	-7.18E-07
618	18	0	0	0	0	0	0	232	254	0	-2.13E-05	6.70E-06	-1.05E-05	-6.10E-06
618	19	0	0	0	0	0	0	232	254	0	-2.13E-05	6.70E-06	-1.05E-05	-6.10E-06
619	0	0	0	0	0	0	0	232	254	0	-2.10E-05	8.20E-06	-9.86E-06	-6.11E-06
619	1	0	0	0	0	0	0	232	254	0	-2.10E-05	7.00E-06	-8.05E-06	-1.02E-05
619	2	0	0	0	0	0	0	232	254	0	-2.10E-05	7.00E-06	-8.05E-06	-1.02E-05
619	3	0	0	0	0	0	0	232	254	0	-2.12E-05	5.77E-06	-9.38E-06	-1.60E-05
619	4	0	0	0	0	0	0	232	254	0	-2.12E-05	5.77E-06	-9.38E-06	-1.60E-05
619	5	0	0	0	0	0	0	232	254	0	-2.12E-05	4.99E-06	-1.19E-05	-1.39E-05
619	6	0	0	0	0	0	0	232	254	0	-2.12E-05	4.99E-06	-1.19E-05	-1.39E-05
619	7	0	0	0	0	0	0	232	254	0	-2.06E-05	3.83E-06	-1.17E-05	-1.14E-05
619	8	0	0	0	0	0	0	232	254	0	-2.06E-05	3.83E-06	-1.17E-05	-1.14E-05
619	9	0	0	0	0	0	0	232	254	0	-2.08E-05	3.50E-06	-1.12E-05	-2.02E-05
619	10	0	0	0	0	0	0	232	254	0	-2.17E-05	2.57E-06	-1.08E-05	-3.31E-05
619	11	0	0	0	0	0	0	232	254	0	-2.17E-05	2.57E-06	-1.08E-05	-3.31E-05
619	12	0	0	0	0	0	0	232	254	0	-2.15E-05	2.75E-06	-9.68E-06	-2.62E-05
619	13	0	0	0	0	0	0	232	254	0	-2.15E-05	2.75E-06	-9.68E-06	-2.62E-05
619	14	0	0	0	0	0	0	232	254	0	-2.04E-05	2.40E-06	-1.02E-05	-9.14E-06
619	15	0	0	0	0	0	0	232	254	0	-2.04E-05	2.40E-06	-1.02E-05	-9.14E-06
619	16	0	0	0	0	0	0	232	254	0	-1.90E-05	3.58E-06	-9.70E-06	1.17E-05
619	17	0	0	0	0	0	0	232	254	0	-1.90E-05	3.58E-06	-9.70E-06	1.17E-05
619	18	0	0	0	0	0	0	232	254	0	-1.96E-05	4.02E-06	-6.45E-06	1.56E-05
619	19	0	0	0	0	0	0	232	254	0	-2.10E-05	5.33E-06	-4.68E-06	1.59E-06
620	0	0	0	0	0	0	0	232	254	0	-2.10E-05	5.33E-06	-4.68E-06	1.59E-06
620	1	0	0	0	0	0	0	232	254	0	-2.09E-05	7.91E-06	-7.60E-06	-1.21E-05
620	2	0	0	0	0	0	0	232	254	0	-2.09E-05	7.91E-06	-7.60E-06	-1.21E-05
620	3	0	0	0	0	0	0	232	254	0	-2.13E-05	8.73E-06	-9.68E-06	-2.04E-05
620	4	0	0	0	0	0	0	232	254	0	-2.13E-05	8.73E-06	-9.68E-06	-2.04E-05
620	5	0	0	0	0	0	0	232	254	0	-2.14E-05	8.32E-06	-1.01E-05	-1.10E-05
620	6	0	0	0	0	0	0	232	254	0	-2.14E-05	8.32E-06	-1.01E-05	-1.10E-05
620	7	0	0	0	0	0	0	232	254	0	-2.20E-05	1.08E-05	-9.24E-06	-6.36E-06
620	8	0	0	0	0	0	0	232	254	0	-2.18E-05	1.17E-05	-7.50E-06	-1.80E-05
620	9	0	0	0	0	0	0	232	254	0	-2.18E-05	1.17E-05	-7.50E-06	-1.80E-05
620	10	0	0	0	0	0	0	232	254	0	-2.22E-05	8.54E-06	-7.08E-06	-2.27E-05
620	11	0	0	0	0	0	0	232	254	0	-2.22E-05	8.54E-06	-7.08E-06	-2.27E-05
620	12	0	0	0	0	0	0	232	254	0	-2.34E-05	7.34E-06	-6.73E-06	-1.28E-05
620	13	0	0	0	0	0	0	232	254	0	-2.34E-05	7.34E-06	-6.73E-06	-1.28E-05
620	14	0	0	0	0	0	0	232	254	0	-2.28E-05	5.99E-06	-8.64E-06	-5.43E-06
620	15	0	0	0	0	0	0	232	254	0	-2.28E-05	5.99E-06	-8.64E-06	-5.43E-06
620	16	0	0	0	0	0	0	232	254	0	-2.08E-05	5.08E-06	-8.85E-06	1.21E-05
620	17	0	0	0	0	0	0	232	254	0	-1.99E-05	6.70E-06	-8.02E-06	1.53E-05
620	18	0	0	0	0	0	0	232	254	0	-1.99E-05	6.70E-06	-8.02E-06	1.53E-05
620	19	0	0	0	0	0	0	232	254	0	-2.10E-05	8.91E-06	-9.73E-06	-2.28E-06
621	0	0	0	0	0	0	0	232	254	0	-2.10E-05	8.91E-06	-9.73E-06	-2.28E-06
621	1	0	0	0	0	0	0	232	254	0	-2.11E-05	7.24E-06	-1.02E-05	-1.42E-05
621	2	0	0	0	0	0	0	232	254	0	-2.11E-05	7.24E-06	-1.02E-05	-1.42E-05
621	3	0	0	0	0	0	0	232	254	0	-2.11E-05	7.20E-06	-8.37E-06	-2.44E-05
621	4	0	0	0	0	0	0	232	254	0	-2.11E-05	7.20E-06	-8.37E-06	-2.44E-05
621	5	0	0	0	0	0	0	232	254	0	-2.09E-05	6.24E-06	-8.22E-06	-2.70E-05
621	6	0	0	0	0	0	0	232	254	0	-2.06E-05	6.32E-06	-8.22E-06	-2.09E-05
621	7	0	0	0	0	0	0	232	254	0	-2.06E-05	6.32E-06	-8.22E-06	-2.09E-05
621	8	0	0	0	0	0	0	232	254	0	-2.03E-05	5.91E-06	-8.22E-06	-2.06E-05
621	9	0	0	0	0	0	0	232	254	0	-2.03E-05	5.91E-06	-8.22E-06	-2.06E-05
621	10	0	0	0	0	0	0	232	254	0	-2.02E-05	4.39E-06	-8.12E-06	-2.19E-05
621	11	0	0	0	0	0	0	232	254	0	-2.02E-05	4.39E-06	-8.12E-06	-2.19E-05
621	12	0	0	0	0	0	0	232	254	0	-2.12E-05	-1.03E-07	-7.93E-06	-2.10E-05
621	13	0	0	0	0	0	0	232	254	0	-2.12E-05	-1.03E-07	-7.93E-06	-2.10E-05
621	14	0	0	0	0	0	0	232	254	0	-2.16E-05	-1.32E-06	-9.93E-06	-1.87E-05
621	15	0	0	0	0	0	0	232	254	0	-2.07E-05	-2.00E-07	-1.02E-05	-1.69E-05
621	16	0	0	0	0	0	0	232	254	0	-2.07E-05	-2.00E-07	-1.02E-05	-1.69E-05
621	17	0	0	0	0	0	0	232	254	0	-1.82E-05	3.95E-07	-1.07E-05	-1.91E-05
621	18	0	0	0	0	0	0	232	254	0	-1.82E-05	3.95E-07	-1.07E-05	-1.91E-05
621	19	0	0	0	0	0	0	232	254	0	-1.62E-05	-1.14E-07	-1.10E-05	-1.92E-05
622	0	0	0	0	0	0	0	232	254	0	-1.62E-05	-1.14E-07	-1.10E-05	-1.92E-05
622	1	0	0	0	0	0	0	232	254	0	-1.72E-05	4.65E-07	-7.90E-06	-1.69E-05
622	2	0	0	0	0	0	0	232	254	0	-1.72E-05	4.65E-07	-7.90E-06	-1.69E-05
622	3	0	0	0	0	0	0	232	254	0	-1.72E-05	2.37E-06	-6.56E-06	-1.89E-05
622	4	0	0	0	0	0	0	232	254	0	-1.92E-05	4.68E-06	-8.47E-06	-2.22E-05
622	5	0	0	0	0	0	0	232	254	0	-1.92E-05	4.68E-06	-8.47E-06	-2.22E-05
622	6	0	0	0	0	0	0	232	254	0	-2.24E-05	7.33E-06	-8.49E-06	-2.39E-05
622	7	0	0	0	0	0	0	232	254	0	-2.24E-05	7.33E-06	-8.49E-06	-2.39E-05
622	8	0	0	0	0	0	0	232	254	0	-2.29E-05	7.78E-06	-6.38E-06	-2.22E-05
622	9	0	0	0	0	0	0	232	254	0	-2.29E-05	7.78E-06	-6.38E-06	-2.22E-05
622	10	0	0	0	0	0	0	232	254	0	-2.26E-05	7.38E-06	-6.08E-06	-1.50E-05
622	11	0	0	0	0	0	0	232	254	0	-2.26E-05	7.38E-06	-6.08E-06	-1.50E-05
622	12	0	0	0	0	0	0	232	254	0	-2.38E-05	7.93E-06	-4.21E-06	-4.03E-06
622	13	0	0	0	0	0	0	232	254	0	-2.67E-05	6.19E-06	-3.11E-06	-8.81E-07
622	14	0	0	0	0	0	0	232	254	0	-2.67E-05	6.19E-06	-3.11E-06	-8.81E-07
622	15	0	0	0	0	0	0	232	254	0	-2.82E-05	5.10E-06	-6.54E-06	-7.68E-06
622	16	0	0	0	0	0	0	232	254	0	-2.82E-05	5.10E-06	-6.54E-06	-7.68E-06
622	17	0	0	0	0	0	0	232	254	0	-2.66E-05	3.88E-06	-8.36E-06	-1.02E-05
622	18	0	0	0	0	0	0	232	254	0	-2.66E-05	3.88E-06	-8.36E-06	-1.02E-05
622	19	0	0	0	0	0	0	232	254	0	-2.41E-05	1.25E-07	-8.93E-06	-1.09E-05
623	0	0	0	0	0	0	0	232	254	0	-2.41E-05	1.25E-07	-8.93E-06	-1.09E-05
623	1	0	0	0	0	0	0	232	254	0	-2.28E-05	-1.68E-06	-8.22E-06	-1.00E-05
623	2	0	0	0	0	0	0	232	254	0	-2.16E-05	-6.50E-07	-8.22E-06	-6.84E-06
623	3	0	0	0	0	0	0	232	254	0	-2.16E-05	-6.50E-07	-8.22E-06	-6.84E-06
623	4	0	0	0	0	0	0	232	254	0	-2.08E-05	5.25E-07	-8.28E-06	-5.25E-06
623	5	0	0	0	0	0	0	232	254	0	-2.08E-05	5.25E-07	-8.28E-06	-5.25E-06
623	6	0	0	0	0	0	0	232	254	0	-1.89E-05	1.97E-06	-8.72E-06	-8.89E-06
623	7	0	0	0	0	0	0	232	254	0	-1.89E-05	1.97E-06	-8.72E-06	-8.89E-06
623	8	0	0	0	0	0	0	232	254	0	-1.86E-05	4.39E-06	-9.84E-06	-1.87E-05
623	9	0	0	0	0	0	0	232	254	0	-1.86E-05	4.39E-06	-9.84E-06	-1.87E-05
623	10	0	0	0	0	0	0	232	254	0	-2.06E-05	4.42E-06	-1.10E-05	-2.41E-05
623	11	0	0	0	0	0	0	232	254	0	-2.19E-05	3.91E-06	-9.63E-06	-2.27E-05
623	12	0	0	0	0	0	0	232	254	0	-2.19E-05	3.91E-06	-9.63E-06	-2.27E-05
623	13	0	0	0	0	0	0	232	254	0	-1.95E-05	4.44E-06	-8.28E-06	-1.70E-05
623	14	0	0	0	0	0	0	232	254	0	-1.95E-05	4.44E-06	-8.28E-06	-1.70E-05
623	15	0	0	0	0	0	0	232	254	0	-1.90E-05	6.11E-06	-9.10E-06	-1.21E-05
623	16	0	0	0	0	0	0	232	254	0	-1.90E-05	6.11E-06	-9.10E-06	-1.21E-05
623	17	0	0	0	0	0	0	232	254	0	-2.08E-05	7.95E-06	-1.21E-05	-1.08E-05
623	18	0	0	0	0	0	0	232	254	0	-2.08E-05	7.95E-06	-1.21E-05	-1.08E-05
623	19	0	0	0	0	0	0	232	254	0	-2.13E-05	6.28E-06	-1.28E-05	-8.47E-06
624	0	0	0	0	0	0	0	232	254	0	-1.92E-05	4.57E-06	-1.13E-05	-1.02E-05
624	1	0	0	0	0	0	0	232	254	0	-1.92E-05	4.57E-06	-1.13E-05	-1.02E-05
624	2	0	0	0	0	0	0	232	254	0	-1.70E-05	2.80E-06	-8.26E-06	-1.33E-05
624	3	0	0	0	0	0	0	232	254	0	-1.70E-05	2.80E-06	-8.26E-06	-1.33E-05
624	4	0	0	0	0	0	0	232	254	0	-1.74E-05	1.84E-06	-7.82E-06	-1.77E-05
624	5	0	0	0	0	0	0	232	254	0	-1.74E-05	1.84E-06	-7.82E-06	-1.77E-05
624	6	0	0	0	0	0	0	232	254	0	-1.78E-05	3.17E-06	-9.23E-06	-1.67E-05
624	7	0	0	0	0	0	0	232	254	0	-1.78E-05	3.17E-06	-9.23E-06	-1.67E-05
624	8	0	0	0	0	0	0	232	254	0	-1.71E-05	5.73E-06	-9.07E-06	-1.49E-05
624	9	0	0	0	0	0	0	232	254	0	-1.77E-05	5.55E-06	-8.06E-06	-1.09E-05
624	10	0	0	0	0	0	0	232	254	0	-1.77E-05	5.55E-06	-8.06E-06	-1.09E-05
624	11	0	0	0	0	0	0	232	254	0	-1.83E-05	4.00E-06	-7.27E-06	-1.39E-06
624	12	0	0	0	0	0	0	232	254	0	-1.83E-05	4.00E-06	-7.27E-06	-1.39E-06
624	13	0	0	0	0	0	0	232	254	0	-1.98E-05	4.51E-06	-8.01E-06	-3.87E-06
624	14	0	0	0	0	0	0	232	254	0	-1.98E-05	4.51E-06	-8.01E-06	-3.87E-06
624	15	0	0	0	0	0	0	232	254	0	-2.02E-05	3.15E-06	-1.02E-05	-1.07E-05
624	16	0	0	0	0	0	0	232	254	0	-2.02E-05	3.15E-06	-1.02E-05	-1.07E-05
624	17	0	0	0	0	0	0	232	254	0	-2.15E-05	1.61E-06	-8.96E-06	-9.06E-06
624	18	0	0	0	0	0	0	232	254	0	-2.15E-05	4.08E-06	-7.58E-06	-5.81E-06
624	19	0	0	0	0	0	0	232	254	0	-2.15E-05	4.08E-06	-7.58E-06	-5.81E-06
625	0	0	0	0	0	0	0	232	254	0	-2.29E-05	5.15E-06	-7.96E-06	-7.22E-06
625	1	0	0	0	0	0	0	232	254	0	-2.29E-05	5.15E-06	-7.96E-06	-7.22E-06
625	2	0	0	0	0	0	0	232	254	0	-2.41E-05	4.76E-06	-9.50E-06	-7.06E-06
625	3	0	0	0	0	0	0	232	254	0	-2.41E-05	4.76E-06	-9.50E-06	-7.06E-06
625	4	0	0	0	0	0	0	232	254	0	-2.25E-05	4.28E-06	-1.15E-05	-6.43E-06
625	5	0	0	0	0	0	0	232	254	0	-2.25E-05	4.28E-06	-1.15E-05	-6.43E-06
625	6	0	0	0	0	0	0	232	254	0	-2.18E-05	4.84E-06	-1.42E-05	-7.88E-06
625	7	0	0	0	0	0	0	232	254	0	-2.25E-05	5.81E-06	-1.35E-05	-9.19E-06
625	8	0	0	0	0	0	0	232	254	0	-2.25E-05	5.81E-06	-1.35E-05	-9.19E-06
625	9	0	0	0	0	0	0	232	254	0	-2.33E-05	7.65E-06	-1.25E-05	-7.81E-06
625	10	0	0	0	0	0	0	232	254	0	-2.33E-05	7.65E-06	-1.25E-05	-7.81E-06
625	11	0	0	0	0	0	0	232	254	0	-2.27E-05	9.79E-06	-1.27E-05	-1.47E-05
625	12	0	0	0	0	0	0	232	254	0	-2.27E-05	9.79E-06	-1.27E-05	-1.47E-05
625	13	0	0	0	0	0	0	232	254	0	-2.07E-05	9.12E-06	-1.12E-05	-3.47E-05
625	14	0	0	0	0	0	0	232	254	0	-2.07E-05	9.12E-06	-1.12E-05	-3.47E-05
625	15	0	0	0	0	0	0	232	254	0	-1.87E-05	8.24E-06	-8.01E-06	-3.45E-05
625	16	0	0	0	0	0	0	232	254	0	-1.69E-05	6.44E-06	-6.88E-06	-2.47E-05
625	17	0	0	0	0	0	0	232	254	0	-1.69E-05	6.44E-06	-6.88E-06	-2.47E-05
625	18	0	0	0	0	0	0	232	254	0	-1.58E-05	5.77E-06	-7.15E-06	-2.29E-05
625	19	0	0	0	0	0	0	232	254	0	-1.58E-05	5.77E-06	-7.15E-06	-2.29E-05
626	0	0	0	0	0	0	0	232	254	0	-1.65E-05	5.47E-06	-8.29E-06	-2.35E-06
626	1	0	0	0	0	0	0	232	254	0	-1.65E-05	5.47E-06	-8.29E-06	-2.35E-06
626	2	0	0	0	0	0	0	232	254	0	-1.87E-05	6.61E-06	-6.42E-06	5.94E-06
626	3	0	0	0	0	0	0	232	254	0	-1.87E-05	6.61E-06	-6.42E-06	5.94E-06
626	4	0	0	0	0	0	0	232	254	0	-1.97E-05	5.15E-06	-4.49E-06	-1.62E-06
626	5	0	0	0	0	0	0	232	254	0	-1.91E-05	4.98E-06	-7.48E-06	-6.71E-06
626	6	0	0	0	0	0	0	232	254	0	-1.91E-05	4.98E-06	-7.48E-06	-6.71E-06
626	7	0	0	0	0	0	0	232	254	0	-1.91E-05	5.59E-06	-1.04E-05	-7.88E-06
626	8	0	0	0	0	0	0	232	254	0	-1.91E-05	5.59E-06	-1.04E-05	-7.88E-06
626	9	0	0	0	0	0	0	232	254	0	-1.96E-05	5.87E-06	-9.00E-06	-1.00E-05
626	10	0	0	0	0	0	0	232	254	0	-1.96E-05	5.87E-06	-9.00E-06	-1.00E-05
626	11	0	0	0	0	0	0	232	254	0	-1.94E-05	5.71E-06	-6.04E-06	-1.18E-05
626	12	0	0	0	0	0	0	232	254	0	-1.94E-05	5.71E-06	-6.04E-06	-1.18E-05
626	13	0	0	0	0	0	0	232	254	0	-1.87E-05	4.62E-06	-6.31E-06	-9.70E-06
626	14	0	0	0	0	0	0	232	254	0	-2.12E-05	3.36E-06	-8.18E-06	-1.09E-05
626	15	0	0	0	0	0	0	232	254	0	-2.12E-05	3.36E-06	-8.18E-06	-1.09E-05
626	16	0	0	0	0	0	0	232	254	0	-2.24E-05	3.36E-06	-1.08E-05	-1.33E-05
626	17	0	0	0	0	0	0	232	254	0	-2.24E-05	3.36E-06	-1.08E-05	-1.33E-05
626	18	0	0	0	0	0	0	232	254	0	-2.17E-05	3.22E-06	-1.15E-05	-1.24E-05
626	19	0	0	0	0	0	0	232	254	0	-2.17E-05	3.22E-06	-1.15E-05	-1.24E-05
627	0	0	0	0	0	0	0	232	254	0	-2.15E-05	2.46E-06	-7.78E-06	-1.03E-05
627	1	0	0	0	0	0	0	232	254	0	-2.15E-05	2.46E-06	-7.78E-06	-1.03E-05
627	2	0	0	0	0	0	0	232	254	0	-2.08E-05	2.07E-06	-8.52E-06	-1.33E-05
627	3	0	0	0	0	0	0	232	254	0	-2.08E-05	1.19E-06	-1.10E-05	-1.26E-05
627	4	0	0	0	0	0	0	232	254	0	-2.08E-05	1.19E-06	-1.10E-05	-1.26E-05
627	5	0	0	0	0	0	0	232	254	0	-2.19E-05	-6.66E-07	-1.16E-05	-1.22E-05
627	6	0	0	0	0	0	0	232	254	0	-2.19E-05	-6.66E-07	-1.16E-05	-1.22E-05
627	7	0	0	0	0	0	0	232	254	0	-2.48E-05	-1.73E-06	-1.13E-05	-1.51E-05
627	8	0	0	0	0	0	0	232	254	0	-2.48E-05	-1.73E-06	-1.13E-05	-1.51E-05
627	9	0	0	0	0	0	0	232	254	0	-2.36E-05	-2.96E-06	-9.96E-06	-1.53E-05
627	10	0	0	0	0	0	0	232	254	0	-2.36E-05	-2.96E-06	-9.96E-06	-1.53E-05
627	11	0	0	0	0	0	0	232	254	0	-2.27E-05	-3.63E-06	-1.07E-05	-1.56E-05
627	12	0	0	0	0	0	0	232	254	0	-2.05E-05	-3.76E-06	-1.31E-05	-1.52E-05
627	13	0	0	0	0	0	0	232	254	0	-2.05E-05	-3.76E-06	-1.31E-05	-1.52E-05
627	14	0	0	0	0	0	0	232	254	0	-1.82E-05	-9.96E-07	-1.17E-05	-1.52E-05
627	15	0	0	0	0	0	0	232	254	0	-1.82E-05	-9.96E-07	-1.17E-05	-1.52E-05
627	16	0	0	0	0	0	0	232	254	0	-1.80E-05	2.03E-06	-9.25E-06	-1.65E-05
627	17	0	0	0	0	0	0	232	254	0	-1.80E-05	2.03E-06	-9.25E-06	-1.65E-05
627	18	0	0	0	0	0	0	232	254	0	-2.00E-05	3.83E-06	-1.02E-05	-1.54E-05
627	19	0	0	0	0	0	0	232	254	0	-2.00E-05	3.83E-06	-1.02E-05	-1.54E-05
628	0	0	0	0	0	0	0	232	254	0	-2.03E-05	4.07E-06	-1.03E-05	-1.44E-05
628	1	0	0	0	0	0	0	232	254	0	-2.01E-05	6.53E-06	-1.13E-05	-1.32E-05
628	2	0	0	0	0	0	0	232	254	0	-2.01E-05	6.53E-06	-1.13E-05	-1.32E-05
628	3	0	0	0	0	0	0	232	254	0	-1.92E-05	9.04E-06	-1.16E-05	-1.39E-05
628	4	0	0	0	0	0	0	232	254	0	-1.92E-05	9.04E-06	-1.16E-05	-1.39E-05
628	5	0	0	0	0	0	0	232	254	0	-2.01E-05	9.00E-06	-1.10E-05	-1.36E-05
628	6	0	0	0	0	0	0	232	254	0	-2.01E-05	9.00E-06	-1.10E-05	-1.36E-05
628	7	0	0	0	0	0	0	232	254	0	-2.31E-05	9.73E-06	-1.19E-05	-1.35E-05
628	8	0	0	0	0	0	0	232	254	0	-2.31E-05	9.73E-06	-1.19E-05	-1.35E-05
628	9	0	0	0	0	0	0	232	254	0	-2.51E-05	1.06E-05	-1.26E-05	-1.30E-05
628	10	0	0	0	0	0	0	232	254	0	-2.36E-05	1.07E-05	-1.24E-05	-1.28E-05
628	11	0	0	0	0	0	0	232	254	0	-2.36E-05	1.07E-05	-1.24E-05	-1.28E-05
628	12	0	0	0	0	0	0	232	254	0	-2.29E-05	8.97E-06	-9.91E-06	-1.30E-05
628	13	0	0	0	0	0	0	232	254	0	-2.29E-05	8.97E-06	-9.91E-06	-1.30E-05
628	14	0	0	0	0	0	0	232	254	0	-2.23E-05	5.66E-06	-7.82E-06	-1.15E-05
628	15	0	0	0	0	0	0	232	254	0	-2.23E-05	5.66E-06	-7.82E-06	-1.15E-05
628	16	0	0	0	0	0	0	232	254	0	-2.13E-05	4.10E-06	-5.57E-06	-1.12E-05
628	17	0	0	0	0	0	0	232	254	0	-2.13E-05	4.10E-06	-5.57E-06	-1.12E-05
628	18	0	0	0	0	0	0	232	254	0	-2.12E-05	1.90E-06	-5.11E-06	-1.25E-05
628	19	0	0	0	0	0	0	232	254	0	-2.24E-05	2.34E-06	-6.57E-06	-1.36E-05
629	0	0	0	0	0	0	0	232	254	0	-2.24E-05	2.34E-06	-6.57E-06	-1.36E-05
629	1	0	0	0	0	0	0	232	254	0	-2.28E-05	3.62E-06	-7.74E-06	-1.78E-05
629	2	0	0	0	0	0	0	232	254	0	-2.28E-05	3.62E-06	-7.74E-06	-1.78E-05
629	3	0	0	0	0	0	0	232	254	0	-2.14E-05	5.82E-06	-9.00E-06	-2.67E-05
629	4	0	0	0	0	0	0	232	254	0	-2.14E-05	5.82E-06	-9.00E-06	-2.67E-05
629	5	0	0	0	0	0	0	232	254	0	-2.04E-05	5.32E-06	-1.00E-05	-3.18E-05
629	6	0	0	0	0	0	0	232	254	0	-2.04E-05	5.32E-06	-1.00E-05	-3.18E-05
629	7	0	0	0	0	0	0	232	254	0	-2.07E-05	4.09E-06	-7.54E-06	-3.05E-05
629	8	0	0	0	0	0	0	232	254	0	-2.14E-05	3.77E-06	-6.44E-06	-1.92E-05
629	9	0	0	0	0	0	0	232	254	0	-2.14E-05	3.77E-06	-6.44E-06	-1.92E-05
629	10	0	0	0	0	0	0	232	254	0	-2.28E-05	5.04E-06	-1.01E-05	-5.99E-07
629	11	0	0	0	0	0	0	232	254	0	-2.28E-05	5.04E-06	-1.01E-05	-5.99E-07
629	12	0	0	0	0	0	0	232	254	0	-2.31E-05	4.85E-06	-9.05E-06	5.82E-06
629	13	0	0	0	0	0	0	232	254	0	-2.31E-05	4.85E-06	-9.05E-06	5.82E-06
629	14	0	0	0	0	0	0	232	254	0	-2.14E-05	3.86E-06	-6.03E-06	4.92E-06
629	15	0	0	0	0	0	0	232	254	0	-2.14E-05	3.86E-06	-6.03E-06	4.92E-06
629	16	0	0	0	0	0	0	232	254	0	-2.01E-05	4.16E-06	-4.66E-06	2.42E-08
629	17	0	0	0	0	0	0	232	254	0	-2.09E-05	5.84E-06	-7.40E-06	-8.94E-06
629	18	0	0	0	0	0	0	232	254	0	-2.09E-05	5.84E-06	-7.40E-06	-8.94E-06
629	19	0	0	0	0	0	0	232	254	0	-2.06E-05	6.44E-06	-9.39E-06	-1.03E-05
630	0	0	0	0	0	0	0	232	254	0	-2.06E-05	6.44E-06	-9.39E-06	-1.03E-05
630	1	0	0	0	0	0	0	232	254	0	-2.25E-05	5.82E-06	-1.03E-05	-6.00E-06
630	2	0	0	0	0	0	0	232	254	0	-2.25E-05	5.82E-06	-1.03E-05	-6.00E-06
630	3	0	0	0	0	0	0	232	254	0	-2.34E-05	5.59E-06	-1.05E-05	4.71E-07
630	4	0	0	0	0	0	0	232	254	0	-2.34E-05	5.59E-06	-1.05E-05	4.71E-07
630	5	0	0	0	0	0	0	232	254	0	-2.25E-05	6.17E-06	-9.90E-06	2.53E-07
630	6	0	0	0	0	0	0	232	254	0	-2.17E-05	7.64E-06	-9.42E-06	-5.59E-06
630	7	0	0	0	0	0	0	232	254	0	-2.17E-05	7.64E-06	-9.42E-06	-5.59E-06
630	8	0	0	0	0	0	0	232	254	0	-2.11E-05	6.84E-06	-6.94E-06	-1.20E-05
630	9	0	0	0	0	0	0	232	254	0	-2.11E-05	6.84E-06	-6.94E-06	-1.20E-05
630	10	0	0	0	0	0	0	232	254	0	-2.05E-05	5.00E-06	-7.41E-06	-1.71E-05
630	11	0	0	0	0	0	0	232	254	0	-2.05E-05	5.00E-06	-7.41E-06	-1.71E-05
630	12	0	0	0	0	0	0	232	254	0	-1.98E-05	5.52E-06	-8.18E-06	-1.94E-05
630	13	0	0	0	0	0	0	232	254	0	-1.98E-05	5.52E-06	-8.18E-06	-1.94E-05
630	14	0	0	0	0	0	0	232	254	0	-1.92E-05	4.53E-06	-7.13E-06	-1.77E-05
630	15	0	0	0	0	0	0	232	254	0	-2.04E-05	4.97E-06	-7.66E-06	-1.63E-05
630	16	0	0	0	0	0	0	232	254	0	-2.04E-05	4.97E-06	-7.66E-06	-1.63E-05
630	17	0	0	0	0	0	0	232	254	0	-1.92E-05	7.16E-06	-8.47E-06	-1.51E-05
630	18	0	0	0	0	0	0	232	254	0	-1.92E-05	7.16E-06	-8.47E-06	-1.51E-05
630	19	0	0	0	0	0	0	232	254	0	-1.91E-05	6.77E-06	-9.65E-06	-1.46E-05
631	0	0	0	0	0	0	0	232	254	0	-1.91E-05	6.77E-06	-9.65E-06	-1.46E-05
631	1	0	0	0	0	0	0	232	254	0	-1.81E-05	6.32E-06	-9.20E-06	-1.60E-05
631	2	0	0	0	0	0	0	232	254	0	-1.81E-05	6.32E-06	-9.20E-06	-1.60E-05
631	3	0	0	0	0	0	0	232	254	0	-1.75E-05	6.77E-06	-9.61E-06	-1.36E-05
631	4	0	0	0	0	0	0	232	254	0	-1.90E-05	6.16E-06	-1.24E-05	-2.03E-05
631	5	0	0	0	0	0	0	232	254	0	-1.90E-05	6.16E-06	-1.24E-05	-2.03E-05
631	6	0	0	0	0	0	0	232	254	0	-2.11E-05	6.09E-06	-1.21E-05	-3.93E-05
631	7	0	0	0	0	0	0	232	254	0	-2.11E-05	6.09E-06	-1.21E-05	-3.93E-05
631	8	0	0	0	0	0	0	232	254	0	-2.15E-05	7.38E-06	-1.14E-05	-4.50E-05
631	9	0	0	0	0	0	0	232	254	0	-2.15E-05	7.38E-06	-1.14E-05	-4.50E-05
631	10	0	0	0	0	0	0	232	254	0	-2.22E-05	7.95E-06	-1.15E-05	-2.87E-05
631	11	0	0	0	0	0	0	232	254	0	-2.22E-05	7.95E-06	-1.15E-05	-2.87E-05
631	12	0	0	0	0	0	0	232	254	0	-2.41E-05	6.33E-06	-9.19E-06	-7.99E-06
631	13	0	0	0	0	0	0	232	254	0	-2.37E-05	5.53E-06	-6.62E-06	2.02E-05
631	14	0	0	0	0	0	0	232	254	0	-2.37E-05	5.53E-06	-6.62E-06	2.02E-05
631	15	0	0	0	0	0	0	232	254	0	-2.02E-05	6.97E-06	-3.85E-06	2.75E-05
631	16	0	0	0	0	0	0	232	254	0	-2.02E-05	6.97E-06	-3.85E-06	2.75E-05
631	17	0	0	0	0	0	0	232	254	0	-1.79E-05	5.73E-06	-6.11E-06	-8.04E-06
631	18	0	0	0	0	0	0	232	254	0	-1.79E-05	5.73E-06	-6.11E-06	-8.04E-06
631	19	0	0	0	0	0	0	232	254	0	-1.81E-05	5.77E-06	-9.23E-06	-3.31E-05
632	0	0	0	0	0	0	0	232	254	0	-1.81E-05	5.77E-06	-9.23E-06	-3.31E-05
632	1	0	0	0	0	0	0	232	254	0	-1.66E-05	4.74E-06	-1.01E-05	-2.50E-05
632	2	0	0	0	0	0	0	232	254	0	-1.61E-05	2.13E-06	-1.04E-05	-6.42E-06
632	3	0	0	0	0	0	0	232	254	0	-1.61E-05	2.13E-06	-1.04E-05	-6.42E-06
632	4	0	0	0	0	0	0	232	254	0	-1.82E-05	1.20E-06	-1.05E-05	1.26E-05
632	5	0	0	0	0	0	0	232	254	0	-1.82E-05	1.20E-06	-1.05E-05	1.26E-05
632	6	0	0	0	0	0	0	232	254	0	-1.99E-05	2.10E-06	-1.01E-05	2.56E-05
632	7	0	0	0	0	0	0	232	254	0	-1.99E-05	2.10E-06	-1.01E-05	2.56E-05
632	8	0	0	0	0	0	0	232	254	0	-2.23E-05	1.24E-06	-8.33E-06	1.72E-05
632	9	0	0	0	0	0	0	232	254	0	-2.23E-05	1.24E-06	-8.33E-06	1.72E-05
632	10	0	0	0	0	0	0	232	254	0	-2.68E-05	-1.31E-06	-9.44E-06	1.05E-06
632	11	0	0	0	0	0	0	232	254	0	-2.92E-05	-2.69E-06	-1.19E-05	-7.47E-06
632	12	0	0	0	0	0	0	232	254	0	-2.92E-05	-2.69E-06	-1.19E-05	-7.47E-06
632	13	0	0	0	0	0	0	232	254	0	-2.87E-05	-1.36E-06	-9.74E-06	-1.26E-05
632	14	0	0	0	0	0	0	232	254	0	-2.87E-05	-1.36E-06	-9.74E-06	-1.26E-05
632	15	0	0	0	0	0	0	232	254	0	-2.74E-05	1.45E-06	-8.79E-06	-1.50E-05
632	16	0	0	0	0	0	0	232	254	0	-2.74E-05	1.45E-06	-8.79E-06	-1.50E-05
632	17	0	0	0	0	0	0	232	254	0	-2.55E-05	2.85E-06	-7.74E-06	-1.93E-05
632	18	0	0	0	0	0	0	232	254	0	-2.55E-05	2.85E-06	-7.74E-06	-1.93E-05
632	19	0	0	0	0	0	0	232	254	0	-2.27E-05	3.07E-06	-5.58E-06	-2.30E-05
633	0	0	0	0	0	0	0	232	254	0	-2.21E-05	4.63E-06	-7.61E-06	-2.28E-05
633	1	0	0	0	0	0	0	232	254	0	-2.21E-05	4.63E-06	-7.61E-06	-2.28E-05
633	2	0	0	0	0	0	0	232	254	0	-2.09E-05	6.83E-06	-8.00E-06	-1.86E-05
633	3	0	0	0	0	0	0	232	254	0	-2.09E-05	6.83E-06	-8.00E-06	-1.86E-05
633	4	0	0	0	0	0	0	232	254	0	-1.97E-05	6.55E-06	-8.53E-06	-8.68E-06
633	5	0	0	0	0	0	0	232	254	0	-1.97E-05	6.55E-06	-8.53E-06	-8.68E-06
633	6	0	0	0	0	0	0	232	254	0	-1.98E-05	6.98E-06	-8.42E-06	-3.54E-06
633	7	0	0	0	0	0	0	232	254	0	-1.98E-05	6.98E-06	-8.42E-06	-3.54E-06
633	8	0	0	0	0	0	0	232	254	0	-1.97E-05	8.58E-06	-8.97E-06	-1.31E-05
633	9	0	0	0	0	0	0	232	254	0	-2.01E-05	4.71E-06	-1.11E-05	-3.04E-05
633	10	0	0	0	0	0	0	232	254	0	-2.01E-05	4.71E-06	-1.11E-05	-3.04E-05
633	11	0	0	0	0	0	0	232	254	0	-1.88E-05	2.86E-06	-1.14E-05	-2.81E-05
633	12	0	0	0	0	0	0	232	254	0	-1.88E-05	2.86E-06	-1.14E-05	-2.81E-05
633	13	0	0	0	0	0	0	232	254	0	-1.82E-05	6.70E-06	-1.23E-05	-2.13E-05
633	14	0	0	0	0	0	0	232	254	0	-1.82E-05	6.70E-06	-1.23E-05	-2.13E-05
633	15	0	0	0	0	0	0	232	254	0	-1.92E-05	8.28E-06	-1.42E-05	-1.92E-05
633	16	0	0	0	0	0	0	232	254	0	-1.92E-05	8.28E-06	-1.42E-05	-1.92E-05
633	17	0	0	0	0	0	0	232	254	0	-1.88E-05	7.23E-06	-1.36E-05	-1.85E-05
633	18	0	0	0	0	0	0	232	254	0	-1.89E-05	4.35E-06	-1.16E-05	-1.83E-05
633	19	0	0	0	0	0	0	232	254	0	-1.89E-05	4.35E-06	-1.16E-05	-1.83E-05
634	0	0	0	0	0	0	0	232	254	0	-1.83E-05	2.68E-06	-1.12E-05	-2.22E-05
634	1	0	0	0	0	0	0	232	254	0	-1.83E-05	2.68E-06	-1.12E-05	-2.22E-05
634	2	0	0	0	0	0	0	232	254	0	-1.65E-05	3.77E-06	-8.91E-06	-2.48E-05
634	3	0	0	0	0	0	0	232	254	0	-1.65E-05	3.77E-06	-8.91E-06	-2.48E-05
634	4	0	0	0	0	0	0	232	254	0	-1.80E-05	4.79E-06	-7.38E-06	-2.37E-05
634	5	0	0	0	0	0	0	232	254	0	-1.80E-05	4.79E-06	-7.38E-06	-2.37E-05
634	6	0	0	0	0	0	0	232	254	0	-1.94E-05	3.36E-06	-8.17E-06	-1.88E-05
634	7	0	0	0	0	0	0	232	254	0	-2.10E-05	2.41E-06	-7.83E-06	-8.20E-06
634	8	0	0	0	0	0	0	232	254	0	-2.10E-05	2.41E-06	-7.83E-06	-8.20E-06
634	9	0	0	0	0	0	0	232	254	0	-2.09E-05	1.87E-06	-7.55E-06	-3.34E-06
634	10	0	0	0	0	0	0	232	254	0	-2.09E-05	1.87E-06	-7.55E-06	-3.34E-06
634	11	0	0	0	0	0	0	232	254	0	-2.09E-05	2.10E-06	-7.93E-06	-6.69E-06
634	12	0	0	0	0	0	0	232	254	0	-2.09E-05	2.10E-06	-7.93E-06	-6.69E-06
634	13	0	0	0	0	0	0	232	254	0	-2.39E-05	2.38E-06	-1.02E-05	-1.08E-05
634	14	0	0	0	0	0	0	232	254	0	-2.39E-05	2.38E-06	-1.02E-05	-1.08E-05
634	15	0	0	0	0	0	0	232	254	0	-2.47E-05	1.30E-06	-1.16E-05	-9.37E-06
634	16	0	0	0	0	0	0	232	254	0	-2.22E-05	-5.90E-07	-1.01E-05	-5.82E-06
634	17	0	0	0	0	0	0	232	254	0	-2.22E-05	-5.90E-07	-1.01E-05	-5.82E-06
634	18	0	0	0	0	0	0	232	254	0	-2.19E-05	1.58E-07	-9.51E-06	-6.79E-06
634	19	0	0	0	0	0	0	232	254	0	-2.19E-05	1.58E-07	-9.51E-06	-6.79E-06
635	0	0	0	0	0	0	0	232	254	0	-2.29E-05	1.87E-06	-9.10E-06	-1.04E-05
635	1	0	0	0	0	0	0	232	254	0	-2.29E-05	1.87E-06	-9.10E-06	-1.04E-05
635	2	0	0	0	0	0	0	232	254	0	-2.24E-05	1.93E-06	-8.47E-06	-1.86E-05
635	3	0	0	0	0	0	0	232	254	0	-2.24E-05	1.93E-06	-8.47E-06	-1.86E-05
635	4	0	0	0	0	0	0	232	254	0	-2.28E-05	1.89E-06	-8.79E-06	-2.03E-05
635	5	0	0	0	0	0	0	232	254	0	-2.15E-05	4.02E-06	-7.95E-06	-1.32E-05
635	6	0	0	0	0	0	0	232	254	0	-2.15E-05	4.02E-06	-7.95E-06	-1.32E-05
635	7	0	0	0	0	0	0	232	254	0	-2.07E-05	4.70E-06	-6.90E-06	-1.32E-05
635	8	0	0	0	0	0	0	232	254	0	-2.07E-05	4.70E-06	-6.90E-06	-1.32E-05
635	9	0	0	0	0	0	0	232	254	0	-2.00E-05	3.86E-06	-8.51E-06	-1.61E-05
635	10	0	0	0	0	0	0	232	254	0	-2.00E-05	3.86E-06	-8.51E-06	-1.61E-05
635	11	0	0	0	0	0	0	232	254	0	-2.01E-05	3.70E-06	-7.41E-06	-1.75E-05
635	12	0	0	0	0	0	0	232	254	0	-2.01E-05	3.70E-06	-7.41E-06	-1.75E-05
635	13	0	0	0	0	0	0	232	254	0	-1.95E-05	2.96E-06	-7.66E-06	-1.57E-05
635	14	0	0	0	0	0	0	232	254	0	-2.03E-05	3.90E-06	-8.28E-06	-8.58E-06
635	15	0	0	0	0	0	0	232	254	0	-2.03E-05	3.90E-06	-8.28E-06	-8.58E-06
635	16	0	0	0	0	0	0	232	254	0	-1.91E-05	6.04E-06	-8.64E-06	-4.82E-06
635	17	0	0	0	0	0	0	232	254	0	-1.91E-05	6.04E-06	-8.64E-06	-4.82E-06
635	18	0	0	0	0	0	0	232	254	0	-1.84E-05	6.91E-06	-8.96E-06	-4.40E-06
635	19	0	0	0	0	0	0	232	254	0	-1.84E-05	6.91E-06	-8.96E-06	-4.40E-06
636	0	0	0	0	0	0	0	232	254	0	-1.89E-05	6.70E-06	-8.80E-06	-1.29E-05
636	1	0	0	0	0	0	0	232	254	0	-1.89E-05	6.70E-06	-8.80E-06	-1.29E-05
636	2	0	0	0	0	0	0	232	254	0	-1.87E-05	4.98E-06	-1.06E-05	-1.55E-05
636	3	0	0	0	0	0	0	232	254	0	-1.92E-05	5.70E-06	-9.00E-06	-1.62E-05
636	4	0	0	0	0	0	0	232	254	0	-1.92E-05	5.70E-06	-9.00E-06	-1.62E-05
636	5	0	0	0	0	0	0	232	254	0	-2.10E-05	6.25E-06	-9.65E-06	-1.61E-05
636	6	0	0	0	0	0	0	232	254	0	-2.10E-05	6.25E-06	-9.65E-06	-1.61E-05
636	7	0	0	0	0	0	0	232	254	0	-2.11E-05	4.89E-06	-9.61E-06	-8.17E-06
636	8	0	0	0	0	0	0	232	254	0	-2.11E-05	4.89E-06	-9.61E-06	-8.17E-06
636	9	0	0	0	0	0	0	232	254	0	-2.15E-05	5.90E-06	-7.41E-06	-8.49E-06
636	10	0	0	0	0	0	0	232	254	0	-2.15E-05	5.90E-06	-7.41E-06	-8.49E-06
636	11	0	0	0	0	0	0	232	254	0	-2.05E-05	5.96E-06	-8.61E-06	-1.16E-05
636	12	0	0	0	0	0	0	232	254	0	-2.09E-05	5.48E-06	-1.01E-05	-1.17E-05
636	13	0	0	0	0	0	0	232	254	0	-2.09E-05	5.48E-06	-1.01E-05	-1.17E-05
636	14	0	0	0	0	0	0	232	254	0	-2.19E-05	5.09E-06	-1.15E-05	-1.15E-05
636	15	0	0	0	0	0	0	232	254	0	-2.19E-05	5.09E-06	-1.15E-05	-1.15E-05
636	16	0	0	0	0	0	0	232	254	0	-2.05E-05	4.26E-06	-8.86E-06	-1.12E-05
636	17	0	0	0	0	0	0	232	254	0	-2.05E-05	4.26E-06	-8.86E-06	-1.12E-05
636	18	0	0	0	0	0	0	232	254	0	-2.17E-05	2.80E-06	-4.93E-06	-1.10E-05
636	19	0	0	0	0	0	0	232	254	0	-2.17E-05	2.80E-06	-4.93E-06	-1.10E-05
637	0	0	0	0	0	0	0	232	254	0	-2.19E-05	2.63E-06	-3.74E-06	-1.14E-05
637	1	0	0	0	0	0	0	232	254	0	-2.18E-05	3.62E-06	-5.11E-06	-1.08E-05
637	2	0	0	0	0	0	0	232	254	0	-2.18E-05	3.62E-06	-5.11E-06	-1.08E-05
637	3	0	0	0	0	0	0	232	254	0	-2.22E-05	6.04E-06	-6.35E-06	-1.21E-05
637	4	0	0	0	0	0	0	232	254	0	-2.22E-05	6.04E-06	-6.35E-06	-1.21E-05
637	5	0	0	0	0	0	0	232	254	0	-2.13E-05	6.69E-06	-5.72E-06	-1.19E-05
637	6	0	0	0	0	0	0	232	254	0	-2.13E-05	6.69E-06	-5.72E-06	-1.19E-05
637	7	0	0	0	0	0	0	232	254	0	-2.09E-05	5.65E-06	-3.00E-06	-1.15E-05
637	8	0	0	0	0	0	0	232	254	0	-2.09E-05	5.65E-06	-3.00E-06	-1.15E-05
637	9	0	0	0	0	0	0	232	254	0	-2.05E-05	5.18E-06	-2.37E-06	-1.05E-05
637	10	0	0	0	0	0	0	232	254	0	-2.09E-05	4.41E-06	-4.66E-06	-6.87E-06
637	11	0	0	0	0	0	0	232	254	0	-2.09E-05	4.41E-06	-4.66E-06	-6.87E-06
637	12	0	0	0	0	0	0	232	254	0	-2.11E-05	5.32E-06	-7.29E-06	-9.97E-06
637	13	0	0	0	0	0	0	232	254	0	-2.11E-05	5.32E-06	-7.29E-06	-9.97E-06
637	14	0	0	0	0	0	0	232	254	0	-2.02E-05	4.11E-06	-8.94E-06	-1.84E-05
637	15	0	0	0	0	0	0	232	254	0	-2.02E-05	4.11E-06	-8.94E-06	-1.84E-05
637	16	0	0	0	0	0	0	232	254	0	-2.15E-05	3.72E-06	-1.06E-05	-2.61E-05
637	17	0	0	0	0	0	0	232	254	0	-2.15E-05	3.72E-06	-1.06E-05	-2.61E-05
637	18	0	0	0	0	0	0	232	254	0	-2.26E-05	3.86E-06	-9.12E-06	-3.55E-05
637	19	0	0	0	0	0	0	232	254	0	-2.24E-05	3.53E-06	-8.34E-06	-3.60E-05
638	0	0	0	0	0	0	0	232	254	0	-2.24E-05	3.53E-06	-8.34E-06	-3.60E-05
638	1	0	0	0	0	0	0	232	254	0	-2.23E-05	1.90E-06	-7.38E-06	-2.65E-05
638	2	0	0	0	0	0	0	232	254	0	-2.23E-05	1.90E-06	-7.38E-06	-2.65E-05
638	3	0	0	0	0	0	0	232	254	0	-2.11E-05	2.07E-06	-8.71E-06	-1.27E-05
638	4	0	0	0	0	0	0	232	254	0	-2.11E-05	2.07E-06	-8.71E-06	-1.27E-05
638	5	0	0	0	0	0	0	232	254	0	-2.00E-05	1.67E-06	-1.16E-05	1.08E-06
638	6	0	0	0	0	0	0	232	254	0	-2.00E-05	1.67E-06	-1.16E-05	1.08E-06
638	7	0	0	0	0	0	0	232	254	0	-2.02E-05	2.79E-06	-1.34E-05	5.76E-06
638	8	0	0	0	0	0	0	232	254	0	-1.97E-05	3.98E-06	-1.20E-05	-5.26E-06
638	9	0	0	0	0	0	0	232	254	0	-1.97E-05	3.98E-06	-1.20E-05	-5.26E-06
638	10	0	0	0	0	0	0	232	254	0	-2.02E-05	3.02E-06	-9.88E-06	-1.35E-05
638	11	0	0	0	0	0	0	232	254	0	-2.02E-05	3.02E-06	-9.88E-06	-1.35E-05
638	12	0	0	0	0	0	0	232	254	0	-1.99E-05	4.08E-06	-1.32E-05	-7.06E-06
638	13	0	0	0	0	0	0	232	254	0	-1.99E-05	4.08E-06	-1.32E-05	-7.06E-06
638	14	0	0	0	0	0	0	232	254	0	-2.11E-05	4.88E-06	-1.19E-05	5.20E-06
638	15	0	0	0	0	0	0	232	254	0	-2.11E-05	4.88E-06	-1.19E-05	5.20E-06
638	16	0	0	0	0	0	0	232	254	0	-2.11E-05	2.81E-06	-7.10E-06	9.18E-06
638	17	0	0	0	0	0	0	232	254	0	-2.14E-05	8.94E-07	-8.69E-06	2.45E-06
638	18	0	0	0	0	0	0	232	254	0	-2.14E-05	8.94E-07	-8.69E-06	2.45E-06
638	19	0	0	0	0	0	0	232	254	0	-1.98E-05	1.17E-06	-1.09E-05	-5.07E-07
639	0	0	0	0	0	0	0	232	254	0	-1.98E-05	1.17E-06	-1.09E-05	-5.07E-07
639	1	0	0	0	0	0	0	232	254	0	-1.97E-05	1.12E-06	-9.71E-06	-5.66E-06
639	2	0	0	0	0	0	0	232	254	0	-1.97E-05	1.12E-06	-9.71E-06	-5.66E-06
639	3	0	0	0	0	0	0	232	254	0	-2.04E-05	1.27E-06	-8.86E-06	-9.93E-06
639	4	0	0	0	0	0	0	232	254	0	-2.04E-05	1.27E-06	-8.86E-06	-9.93E-06
639	5	0	0	0	0	0	0	232	254	0	-2.08E-05	3.58E-06	-9.57E-06	-1.08E-05
639	6	0	0	0	0	0	0	232	254	0	-2.02E-05	3.64E-06	-9.57E-06	-1.03E-05
639	7	0	0	0	0	0	0	232	254	0	-2.02E-05	3.64E-06	-9.57E-06	-1.03E-05
639	8	0	0	0	0	0	0	232	254	0	-2.11E-05	2.25E-06	-9.84E-06	-1.07E-05
639	9	0	0	0	0	0	0	232	254	0	-2.11E-05	2.25E-06	-9.84E-06	-1.07E-05
639	10	0	0	0	0	0	0	232	254	0	-2.06E-05	9.75E-07	-1.14E-05	-1.20E-05
639	11	0	0	0	0	0	0	232	254	0	-2.06E-05	9.75E-07	-1.14E-05	-1.20E-05
639	12	0	0	0	0	0	0	232	254	0	-2.04E-05	1.65E-06	-1.20E-05	-1.44E-05
639	13	0	0	0	0	0	0	232	254	0	-2.04E-05	1.65E-06	-1.20E-05	-1.44E-05
639	14	0	0	0	0	0	0	232	254	0	-2.14E-05	1.59E-06	-1.09E-05	-1.66E-05
639	15	0	0	0	0	0	0	232	254	0	-2.26E-05	2.04E-06	-1.12E-05	-1.69E-05
639	16	0	0	0	0	0	0	232	254	0	-2.26E-05	2.04E-06	-1.12E-05	-1.69E-05
639	17	0	0	0	0	0	0	232	254	0	-2.03E-05	2.18E-06	-1.25E-05	-1.85E-05
639	18	0	0	0	0	0	0	232	254	0	-2.03E-05	2.18E-06	-1.25E-05	-1.85E-05
639	19	0	0	0	0	0	0	232	254	0	-1.83E-05	2.35E-06	-1.19E-05	-1.71E-05
640	0	0	0	0	0	0	0	232	254	0	-1.83E-05	2.35E-06	-1.19E-05	-1.71E-05
640	1	0	0	0	0	0	0	232	254	0	-1.84E-05	3.41E-06	-1.30E-05	-1.36E-05
640	2	0	0	0	0	0	0	232	254	0	-1.84E-05	3.41E-06	-1.30E-05	-1.36E-05
640	3	0	0	0	0	0	0	232	254	0	-1.98E-05	4.83E-06	-1.30E-05	-1.47E-05
640	4	0	0	0	0	0	0	232	254	0	-2.03E-05	6.32E-06	-1.10E-05	-2.10E-05
640	5	0	0	0	0	0	0	232	254	0	-2.03E-05	6.32E-06	-1.10E-05	-2.10E-05
640	6	0	0	0	0	0	0	232	254	0	-1.91E-05	5.96E-06	-7.64E-06	-2.27E-05
640	7	0	0	0	0	0	0	232	254	0	-1.91E-05	5.96E-06	-7.64E-06	-2.27E-05
640	8	0	0	0	0	0	0	232	254	0	-1.84E-05	5.81E-06	-7.60E-06	-2.08E-05
640	9	0	0	0	0	0	0	232	254	0	-1.84E-05	5.81E-06	-7.60E-06	-2.08E-05
640	10	0	0	0	0	0	0	232	254	0	-1.90E-05	7.16E-06	-9.30E-06	-1.94E-05
640	11	0	0	0	0	0	0	232	254	0	-1.90E-05	7.16E-06	-9.30E-06	-1.94E-05
640	12	0	0	0	0	0	0	232	254	0	-1.92E-05	6.77E-06	-7.51E-06	-1.97E-05
640	13	0	0	0	0	0	0	232	254	0	-1.92E-05	6.35E-06	-5.43E-06	-1.82E-05
640	14	0	0	0	0	0	0	232	254	0	-1.92E-05	6.35E-06	-5.43E-06	-1.82E-05
640	15	0	0	0	0	0	0	232	254	0	-2.10E-05	7.51E-06	-4.76E-06	-7.92E-06
640	16	0	0	0	0	0	0	232	254	0	-2.10E-05	7.51E-06	-4.76E-06	-7.92E-06
640	17	0	0	0	0	0	0	232	254	0	-2.47E-05	9.90E-06	-4.14E-06	-3.56E-06
640	18	0	0	0	0	0	0	232	254	0	-2.47E-05	9.90E-06	-4.14E-06	-3.56E-06
640	19	0	0	0	0	0	0	232	254	0	-2.55E-05	9.85E-06	-4.13E-06	-7.44E-06
641	0	0	0	0	0	0	0	232	254	0	-2.55E-05	9.85E-06	-4.13E-06	-7.44E-06
641	1	0	0	0	0	0	0	232	254	0	-2.43E-05	9.84E-06	-5.65E-06	-7.64E-06
641	2	0	0	0	0	0	0	232	254	0	-2.31E-05	1.13E-05	-6.43E-06	-2.77E-06
641	3	0	0	0	0	0	0	232	254	0	-2.31E-05	1.13E-05	-6.43E-06	-2.77E-06
641	4	0	0	0	0	0	0	232	254	0	-2.29E-05	1.14E-05	-8.12E-06	-3.08E-06
641	5	0	0	0	0	0	0	232	254	0	-2.29E-05	1.14E-05	-8.12E-06	-3.08E-06
641	6	0	0	0	0	0	0	232	254	0	-2.23E-05	9.08E-06	-1.07E-05	-7.26E-06
641	7	0	0	0	0	0	0	232	254	0	-2.23E-05	9.08E-06	-1.07E-05	-7.26E-06
641	8	0	0	0	0	0	0	232	254	0	-2.24E-05	6.55E-06	-9.30E-06	-1.05E-05
641	9	0	0	0	0	0	0	232	254	0	-2.24E-05	6.55E-06	-9.30E-06	-1.05E-05
641	10	0	0	0	0	0	0	232	254	0	-2.24E-05	6.63E-06	-1.19E-05	-1.68E-05
641	11	0	0	0	0	0	0	232	254	0	-2.11E-05	7.13E-06	-1.41E-05	-1.58E-05
641	12	0	0	0	0	0	0	232	254	0	-2.11E-05	7.13E-06	-1.41E-05	-1.58E-05
641	13	0	0	0	0	0	0	232	254	0	-2.22E-05	7.66E-06	-1.21E-05	-1.41E-05
641	14	0	0	0	0	0	0	232	254	0	-2.22E-05	7.66E-06	-1.21E-05	-1.41E-05
641	15	0	0	0	0	0	0	232	254	0	-2.31E-05	8.17E-06	-1.04E-05	-1.70E-05
641	16	0	0	0	0	0	0	232	254	0	-2.31E-05	8.17E-06	-1.04E-05	-1.70E-05
641	17	0	0	0	0	0	0	232	254	0	-2.19E-05	8.05E-06	-9.68E-06	-9.19E-06
641	18	0	0	0	0	0	0	232	254	0	-2.19E-05	8.05E-06	-9.68E-06	-9.19E-06
641	19	0	0	0	0	0	0	232	254	0	-2.12E-05	9.00E-06	-9.97E-06	-1.01E-05
642	0	0	0	0	0	0	0	232	254	0	-2.02E-05	9.32E-06	-8.64E-06	-2.49E-05
642	1	0	0	0	0	0	0	232	254	0	-2.02E-05	9.32E-06	-8.64E-06	-2.49E-05
642	2	0	0	0	0	0	0	232	254	0	-1.96E-05	7.92E-06	-8.76E-06	-2.36E-05
642	3	0	0	0	0	0	0	232	254	0	-1.96E-05	7.92E-06	-8.76E-06	-2.36E-05
642	4	0	0	0	0	0	0	232	254	0	-1.95E-05	7.27E-06	-7.16E-06	-1.93E-05
642	5	0	0	0	0	0	0	232	254	0	-1.95E-05	7.27E-06	-7.16E-06	-1.93E-05
642	6	0	0	0	0	0	0	232	254	0	-2.00E-05	7.58E-06	-6.80E-06	-2.17E-05
642	7	0	0	0	0	0	0	232	254	0	-2.00E-05	7.58E-06	-6.80E-06	-2.17E-05
642	8	0	0	0	0	0	0	232	254	0	-1.86E-05	7.75E-06	-6.27E-06	-1.35E-05
642	9	0	0	0	0	0	0	232	254	0	-1.92E-05	7.45E-06	-6.01E-06	-3.40E-06
642	10	0	0	0	0	0	0	232	254	0	-1.92E-05	7.45E-06	-6.01E-06	-3.40E-06
642	11	0	0	0	0	0	0	232	254	0	-1.98E-05	5.15E-06	-7.55E-06	-6.54E-06
642	12	0	0	0	0	0	0	232	254	0	-1.98E-05	5.15E-06	-7.55E-06	-6.54E-06
642	13	0	0	0	0	0	0	232	254	0	-1.96E-05	4.92E-06	-7.55E-06	-8.12E-06
642	14	0	0	0	0	0	0	232	254	0	-1.96E-05	4.92E-06	-7.55E-06	-8.12E-06
642	15	0	0	0	0	0	0	232	254	0	-1.95E-05	4.88E-06	-7.50E-06	-7.83E-06
642	16	0	0	0	0	0	0	232	254	0	-1.95E-05	4.88E-06	-7.50E-06	-7.83E-06
642	17	0	0	0	0	0	0	232	254	0	-1.93E-05	2.97E-06	-7.49E-06	-8.74E-06
642	18	0	0	0	0	0	0	232	254	0	-2.14E-05	1.96E-06	-9.11E-06	-6.10E-06
642	19	0	0	0	0	0	0	232	254	0	-2.14E-05	1.96E-06	-9.11E-06	-6.10E-06
643	0	0	0	0	0	0	0	232	254	0	-2.14E-05	2.35E-06	-1.02E-05	-6.63E-06
643	1	0	0	0	0	0	0	232	254	0	-2.14E-05	2.35E-06	-1.02E-05	-6.63E-06
643	2	0	0	0	0	0	0	232	254	0	-2.03E-05	1.32E-06	-1.03E-05	-1.45E-05
643	3	0	0	0	0	0	0	232	254	0	-2.03E-05	1.32E-06	-1.03E-05	-1.45E-05
643	4	0	0	0	0	0	0	232	254	0	-2.01E-05	2.54E-07	-1.23E-05	-2.64E-05
643	5	0	0	0	0	0	0	232	254	0	-2.01E-05	2.54E-07	-1.23E-05	-2.64E-05
643	6	0	0	0	0	0	0	232	254	0	-2.06E-05	-1.13E-07	-1.13E-05	-2.80E-05
643	7	0	0	0	0	0	0	232	254	0	-2.10E-05	4.94E-07	-7.70E-06	-2.09E-05
643	8	0	0	0	0	0	0	232	254	0	-2.10E-05	4.94E-07	-7.70E-06	-2.09E-05
643	9	0	0	0	0	0	0	232	254	0	-2.10E-05	2.07E-06	-5.82E-06	-8.86E-06
643	10	0	0	0	0	0	0	232	254	0	-2.10E-05	2.07E-06	-5.82E-06	-8.86E-06
643	11	0	0	0	0	0	0	232	254	0	-2.01E-05	1.43E-06	-5.97E-06	7.16E-06
643	12	0	0	0	0	0	0	232	254	0	-2.01E-05	1.43E-06	-5.97E-06	7.16E-06
643	13	0	0	0	0	0	0	232	254	0	-2.10E-05	1.17E-06	-8.17E-06	1.07E-05
643	14	0	0	0	0	0	0	232	254	0	-2.10E-05	1.17E-06	-8.17E-06	1.07E-05
643	15	0	0	0	0	0	0	232	254	0	-2.14E-05	1.96E-06	-7.94E-06	-2.66E-06
643	16	0	0	0	0	0	0	232	254	0	-2.19E-05	1.60E-06	-8.50E-06	-1.44E-05
643	17	0	0	0	0	0	0	232	254	0	-2.19E-05	1.60E-06	-8.50E-06	-1.44E-05
643	18	0	0	0	0	0	0	232	254	0	-2.24E-05	1.39E-06	-9.88E-06	-2.20E-05
643	19	0	0	0	0	0	0	232	254	0	-2.24E-05	1.39E-06	-9.88E-06	-2.20E-05
644	0	0	0	0	0	0	0	232	254	0	-2.26E-05	2.63E-06	-9.65E-06	-2.20E-05
644	1	0	0	0	0	0	0	232	254	0	-2.26E-05	2.63E-06	-9.65E-06	-2.20E-05
644	2	0	0	0	0	0	0	232	254	0	-2.17E-05	2.97E-06	-9.12E-06	-1.73E-05
644	3	0	0	0	0	0	0	232	254	0	-2.17E-05	2.97E-06	-9.12E-06	-1.73E-05
644	4	0	0	0	0	0	0	232	254	0	-2.02E-05	1.96E-06	-8.86E-06	-8.75E-06
644	5	0	0	0	0	0	0	232	254	0	-2.14E-05	2.30E-06	-1.05E-05	-1.68E-07
644	6	0	0	0	0	0	0	232	254	0	-2.14E-05	2.30E-06	-1.05E-05	-1.68E-07
644	7	0	0	0	0	0	0	232	254	0	-2.12E-05	1.31E-06	-1.02E-05	-1.47E-06
644	8	0	0	0	0	0	0	232	254	0	-2.12E-05	1.31E-06	-1.02E-05	-1.47E-06
644	9	0	0	0	0	0	0	232	254	0	-2.15E-05	2.18E-06	-6.87E-06	-9.42E-06
644	10	0	0	0	0	0	0	232	254	0	-2.15E-05	2.18E-06	-6.87E-06	-9.42E-06
644	11	0	0	0	0	0	0	232	254	0	-2.08E-05	2.67E-06	-8.40E-06	-1.56E-05
644	12	0	0	0	0	0	0	232	254	0	-2.08E-05	2.67E-06	-8.40E-06	-1.56E-05
644	13	0	0	0	0	0	0	232	254	0	-1.98E-05	6.21E-07	-7.44E-06	-1.51E-05
644	14	0	0	0	0	0	0	232	254	0	-2.06E-05	-1.22E-07	-6.94E-06	-1.29E-05
644	15	0	0	0	0	0	0	232	254	0	-2.06E-05	-1.22E-07	-6.94E-06	-1.29E-05
644	16	0	0	0	0	0	0	232	254	0	-2.09E-05	2.06E-06	-7.79E-06	-1.39E-05
644	17	0	0	0	0	0	0	232	254	0	-2.09E-05	2.06E-06	-7.79E-06	-1.39E-05
644	18	0	0	0	0	0	0	232	254	0	-2.03E-05	3.41E-06	-1.08E-05	-1.45E-05
644	19	0	0	0	0	0	0	232	254	0	-2.03E-05	3.41E-06	-1.08E-05	-1.45E-05
645	0	0	0	0	0	0	0	232	254	0	-2.00E-05	4.48E-06	-1.07E-05	-1.81E-05
645	1	0	0	0	0	0	0	232	254	0	-2.00E-05	4.48E-06	-1.07E-05	-1.81E-05
645	2	0	0	0	0	0	0	232	254	0	-2.02E-05	4.36E-06	-8.79E-06	-2.30E-05
645	3	0	0	0	0	0	0	232	254	0	-2.01E-05	5.53E-06	-8.09E-06	-2.51E-05
645	4	0	0	0	0	0	0	232	254	0	-2.01E-05	5.53E-06	-8.09E-06	-2.51E-05
645	5	0	0	0	0	0	0	232	254	0	-1.89E-05	6.95E-06	-7.44E-06	-2.06E-05
645	6	0	0	0	0	0	0	232	254	0	-1.89E-05	6.95E-06	-7.44E-06	-2.06E-05
645	7	0	0	0	0	0	0	232	254	0	-1.81E-05	5.38E-06	-8.07E-06	-1.74E-05
645	8	0	0	0	0	0	0	232	254	0	-1.81E-05	5.38E-06	-8.07E-06	-1.74E-05
645	9	0	0	0	0	0	0	232	254	0	-2.00E-05	4.86E-06	-9.98E-06	-9.23E-06
645	10	0	0	0	0	0	0	232	254	0	-2.00E-05	4.86E-06	-9.98E-06	-9.23E-06
645	11	0	0	0	0	0	0	232	254	0	-2.20E-05	6.87E-06	-1.05E-05	6.85E-07
645	12	0	0	0	0	0	0	232	254	0	-2.23E-05	8.67E-06	-1.16E-05	-3.15E-06
645	13	0	0	0	0	0	0	232	254	0	-2.23E-05	8.67E-06	-1.16E-05	-3.15E-06
645	14	0	0	0	0	0	0	232	254	0	-2.37E-05	9.01E-06	-1.35E-05	-1.05E-05
645	15	0	0	0	0	0	0	232	254	0	-2.37E-05	9.01E-06	-1.35E-05	-1.05E-05
645	16	0	0	0	0	0	0	232	254	0	-2.34E-05	7.73E-06	-1.31E-05	-1.43E-05
645	17	0	0	0	0	0	0	232	254	0	-2.34E-05	7.73E-06	-1.31E-05	-1.43E-05
645	18	0	0	0	0	0	0	232	254	0	-2.21E-05	7.05E-06	-1.29E-05	-1.83E-05
645	19	0	0	0	0	0	0	232	254	0	-2.21E-05	7.05E-06	-1.29E-05	-1.83E-05
646	0	0	0	0	0	0	0	232	254	0	-2.05E-05	8.00E-06	-1.28E-05	-2.05E-05
646	1	0	0	0	0	0	0	232	254	0	-1.97E-05	8.51E-06	-1.27E-05	-1.72E-05
646	2	0	0	0	0	0	0	232	254	0	-1.97E-05	8.51E-06	-1.27E-05	-1.72E-05
646	3	0	0	0	0	0	0	232	254	0	-1.99E-05	7.79E-06	-1.07E-05	-1.72E-05
646	4	0	0	0	0	0	0	232	254	0	-1.99E-05	7.79E-06	-1.07E-05	-1.72E-05
646	5	0	0	0	0	0	0	232	254	0	-2.05E-05	5.87E-06	-1.16E-05	-1.95E-05
646	6	0	0	0	0	0	0	232	254	0	-2.05E-05	5.87E-06	-1.16E-05	-1.95E-05
646	7	0	0	0	0	0	0	232	254	0	-2.15E-05	7.91E-06	-1.14E-05	-1.74E-05
646	8	0	0	0	0	0	0	232	254	0	-2.15E-05	7.91E-06	-1.14E-05	-1.74E-05
646	9	0	0	0	0	0	0	232	254	0	-2.08E-05	9.41E-06	-1.05E-05	-9.24E-06
646	10	0	0	0	0	0	0	232	254	0	-1.95E-05	7.75E-06	-1.13E-05	-8.48E-06
646	11	0	0	0	0	0	0	232	254	0	-1.95E-05	7.75E-06	-1.13E-05	-8.48E-06
646	12	0	0	0	0	0	0	232	254	0	-1.90E-05	7.56E-06	-1.23E-05	-1.32E-05
646	13	0	0	0	0	0	0	232	254	0	-1.90E-05	7.56E-06	-1.23E-05	-1.32E-05
646	14	0	0	0	0	0	0	232	254	0	-1.92E-05	5.55E-06	-1.04E-05	-1.24E-05
646	15	0	0	0	0	0	0	232	254	0	-1.92E-05	5.55E-06	-1.04E-05	-1.24E-05
646	16	0	0	0	0	0	0	232	254	0	-2.05E-05	3.94E-06	-9.68E-06	-1.16E-05
646	17	0	0	0	0	0	0	232	254	0	-2.05E-05	3.94E-06	-9.68E-06	-1.16E-05
646	18	0	0	0	0	0	0	232	254	0	-2.18E-05	3.96E-06	-1.04E-05	-1.12E-05
646	19	0	0	0	0	0	0	232	254	0	-2.24E-05	1.38E-06	-1.10E-05	-1.21E-05
647	0	0	0	0	0	0	0	232	254	0	-2.24E-05	1.38E-06	-1.10E-05	-1.21E-05
647	1	0	0	0	0	0	0	232	254	0	-2.20E-05	-9.25E-07	-1.04E-05	-2.33E-05
647	2	0	0	0	0	0	0	232	254	0	-2.20E-05	-9.25E-07	-1.04E-05	-2.33E-05
647	3	0	0	0	0	0	0	232	254	0	-2.19E-05	-3.95E-07	-1.07E-05	-3.12E-05
647	4	0	0	0	0	0	0	232	254	0	-2.19E-05	-3.95E-07	-1.07E-05	-3.12E-05
647	5	0	0	0	0	0	0	232	254	0	-2.17E-05	1.68E-07	-1.19E-05	-2.88E-05
647	6	0	0	0	0	0	0	232	254	0	-2.17E-05	1.68E-07	-1.19E-05	-2.88E-05
647	7	0	0	0	0	0	0	232	254	0	-2.23E-05	1.95E-07	-1.28E-05	-2.72E-05
647	8	0	0	0	0	0	0	232	254	0	-2.27E-05	6.63E-07	-1.04E-05	-1.49E-05
647	9	0	0	0	0	0	0	232	254	0	-2.27E-05	6.63E-07	-1.04E-05	-1.49E-05
647	10	0	0	0	0	0	0	232	254	0	-2.08E-05	2.10E-06	-9.45E-06	1.90E-06
647	11	0	0	0	0	0	0	232	254	0	-2.08E-05	2.10E-06	-9.45E-06	1.90E-06
647	12	0	0	0	0	0	0	232	254	0	-1.95E-05	8.12E-07	-1.07E-05	7.00E-06
647	13	0	0	0	0	0	0	232	254	0	-1.95E-05	8.12E-07	-1.07E-05	7.00E-06
647	14	0	0	0	0	0	0	232	254	0	-2.01E-05	1.41E-06	-1.12E-05	6.02E-06
647	15	0	0	0	0	0	0	232	254	0	-2.01E-05	1.41E-06	-1.12E-05	6.02E-06
647	16	0	0	0	0	0	0	232	254	0	-1.93E-05	5.53E-06	-1.04E-05	9.93E-06
647	17	0	0	0	0	0	0	232	254	0	-2.01E-05	7.08E-06	-7.44E-06	2.69E-06
647	18	0	0	0	0	0	0	232	254	0	-2.01E-05	7.08E-06	-7.44E-06	2.69E-06
647	19	0	0	0	0	0	0	232	254	0	-2.10E-05	6.19E-06	-6.96E-06	-4.52E-06
648	0	0	0	0	0	0	0	232	254	0	-2.10E-05	6.19E-06	-6.96E-06	-4.52E-06
648	1	0	0	0	0	0	0	232	254	0	-2.10E-05	5.29E-06	-7.25E-06	-6.10E-06
648	2	0	0	0	0	0	0	232	254	0	-2.10E-05	5.29E-06	-7.25E-06	-6.10E-06
648	3	0	0	0	0	0	0	232	254	0	-2.03E-05	5.41E-06	-6.68E-06	-4.61E-06
648	4	0	0	0	0	0	0	232	254	0	-2.03E-05	5.41E-06	-6.68E-06	-4.61E-06
648	5	0	0	0	0	0	0	232	254	0	-2.03E-05	3.59E-06	-7.09E-06	-5.01E-08
648	6	0	0	0	0	0	0	232	254	0	-2.07E-05	2.40E-06	-5.13E-06	-1.99E-06
648	7	0	0	0	0	0	0	232	254	0	-2.07E-05	2.40E-06	-5.13E-06	-1.99E-06
648	8	0	0	0	0	0	0	232	254	0	-2.25E-05	3.36E-06	-3.27E-06	-7.19E-06
648	9	0	0	0	0	0	0	232	254	0	-2.25E-05	3.36E-06	-3.27E-06	-7.19E-06
648	10	0	0	0	0	0	0	232	254	0	-2.15E-05	2.79E-06	-4.91E-06	-1.24E-05
648	11	0	0	0	0	0	0	232	254	0	-2.15E-05	2.79E-06	-4.91E-06	-1.24E-05
648	12	0	0	0	0	0	0	232	254	0	-2.12E-05	4.06E-06	-7.21E-06	-1.30E-05
648	13	0	0	0	0	0	0	232	254	0	-2.12E-05	4.06E-06	-7.21E-06	-1.30E-05
648	14	0	0	0	0	0	0	232	254	0	-2.08E-05	3.22E-06	-8.79E-06	-1.32E-05
648	15	0	0	0	0	0	0	232	254	0	-2.16E-05	2.87E-06	-8.22E-06	-2.21E-05
648	16	0	0	0	0	0	0	232	254	0	-2.16E-05	2.87E-06	-8.22E-06	-2.21E-05
648	17	0	0	0	0	0	0	232	254	0	-2.12E-05	4.65E-06	-8.52E-06	-2.48E-05
648	18	0	0	0	0	0	0	232	254	0	-2.12E-05	4.65E-06	-8.52E-06	-2.48E-05
648	19	0	0	0	0	0	0	232	254	0	-1.99E-05	4.45E-06	-9.88E-06	-2.52E-05
649	0	0	0	0	0	0	0	232	254	0	-1.99E-05	4.45E-06	-9.88E-06	-2.52E-05
649	1	0	0	0	0	0	0	232	254	0	-2.05E-05	4.65E-06	-8.43E-06	-2.04E-05
649	2	0	0	0	0	0	0	232	254	0	-2.05E-05	4.65E-06	-8.43E-06	-2.04E-05
649	3	0	0	0	0	0	0	232	254	0	-2.10E-05	3.47E-06	-6.12E-06	-6.42E-06
649	4	0	0	0	0	0	0	232	254	0	-1.84E-05	3.52E-06	-6.98E-06	-5.32E-06
649	5	0	0	0	0	0	0	232	254	0	-1.84E-05	3.52E-06	-6.98E-06	-5.32E-06
649	6	0	0	0	0	0	0	232	254	0	-1.74E-05	5.64E-06	-9.42E-06	-1.70E-05
649	7	0	0	0	0	0	0	232	254	0	-1.74E-05	5.64E-06	-9.42E-06	-1.70E-05
649	8	0	0	0	0	0	0	232	254	0	-1.87E-05	8.05E-06	-1.03E-05	-2.10E-05
649	9	0	0	0	0	0	0	232	254	0	-1.87E-05	8.05E-06	-1.03E-05	-2.10E-05
649	10	0	0	0	0	0	0	232	254	0	-1.95E-05	8.92E-06	-9.51E-06	-2.19E-05
649	11	0	0	0	0	0	0	232	254	0	-1.95E-05	8.92E-06	-9.51E-06	-2.19E-05
649	12	0	0	0	0	0	0	232	254	0	-2.07E-05	8.87E-06	-9.40E-06	-2.54E-05
649	13	0	0	0	0	0	0	232	254	0	-2.28E-05	7.67E-06	-1.02E-05	-2.67E-05
649	14	0	0	0	0	0	0	232	254	0	-2.28E-05	7.67E-06	-1.02E-05	-2.67E-05
649	15	0	0	0	0	0	0	232	254	0	-2.15E-05	6.33E-06	-9.96E-06	-2.00E-05
649	16	0	0	0	0	0	0	232	254	0	-2.15E-05	6.33E-06	-9.96E-06	-2.00E-05
649	17	0	0	0	0	0	0	232	254	0	-2.09E-05	4.77E-06	-9.97E-06	-1.30E-05
649	18	0	0	0	0	0	0	232	254	0	-2.09E-05	4.77E-06	-9.97E-06	-1.30E-05
649	19	0	0	0	0	0	0	232	254	0	-2.20E-05	2.46E-06	-8.40E-06	-1.23E-05
650	0	0	0	0	0	0	0	232	254	0	-2.20E-05	2.46E-06	-8.40E-06	-1.23E-05
650	1	0	0	0	0	0	0	232	254	0	-2.22E-05	2.67E-06	-7.12E-06	-4.45E-06
650	2	0	0	0	0	0	0	232	254	0	-2.17E-05	5.48E-06	-4.81E-06	7.38E-07
650	3	0	0	0	0	0	0	232	254	0	-2.17E-05	5.48E-06	-4.81E-06	7.38E-07
650	4	0	0	0	0	0	0	232	254	0	-2.15E-05	7.02E-06	-5.02E-06	-2.60E-06
650	5	0	0	0	0	0	0	232	254	0	-2.15E-05	7.02E-06	-5.02E-06	-2.60E-06
650	6	0	0	0	0	0	0	232	254	0	-2.22E-05	7.20E-06	-7.72E-06	-8.44E-06
650	7	0	0	0	0	0	0	232	254	0	-2.22E-05	7.20E-06	-7.72E-06	-8.44E-06
650	8	0	0	0	0	0	0	232	254	0	-2.17E-05	4.64E-06	-8.40E-06	-9.87E-06
650	9	0	0	0	0	0	0	232	254	0	-2.17E-05	4.64E-06	-8.40E-06	-9.87E-06
650	10	0	0	0	0	0	0	232	254	0	-2.20E-05	5.53E-06	-7.39E-06	-1.17E-05
650	11	0	0	0	0	0	0	232	254	0	-2.18E-05	7.33E-06	-6.22E-06	-1.31E-05
650	12	0	0	0	0	0	0	232	254	0	-2.18E-05	7.33E-06	-6.22E-06	-1.31E-05
650	13	0	0	0	0	0	0	232	254	0	-2.19E-05	7.78E-06	-4.59E-06	-1.43E-05
650	14	0	0	0	0	0	0	232	254	0	-2.19E-05	7.78E-06	-4.59E-06	-1.43E-05
650	15	0	0	0	0	0	0	232	254	0	-2.14E-05	7.22E-06	-4.98E-06	-1.56E-05
650	16	0	0	0	0	0	0	232	254	0	-2.14E-05	7.22E-06	-4.98E-06	-1.56E-05
650	17	0	0	0	0	0	0	232	254	0	-2.03E-05	7.33E-06	-5.92E-06	-1.58E-05
650	18	0	0	0	0	0	0	232	254	0	-2.03E-05	7.33E-06	-5.92E-06	-1.58E-05
650	19	0	0	0	0	0	0	232	254	0	-2.03E-05	7.45E-06	-7.94E-06	-1.57E-05
651	0	0	0	0	0	0	0	232	254	0	-2.03E-05	5.09E-06	-8.28E-06	-1.37E-05
651	1	0	0	0	0	0	0	232	254	0	-2.03E-05	5.09E-06	-8.28E-06	-1.37E-05
651	2	0	0	0	0	0	0	232	254	0	-2.02E-05	4.81E-06	-8.75E-06	-1.12E-05
651	3	0	0	0	0	0	0	232	254	0	-2.02E-05	4.81E-06	-8.75E-06	-1.12E-05
651	4	0	0	0	0	0	0	232	254	0	-1.96E-05	5.72E-06	-9.82E-06	-1.30E-05
651	5	0	0	0	0	0	0	232	254	0	-1.96E-05	5.72E-06	-9.82E-06	-1.30E-05
651	6	0	0	0	0	0	0	232	254	0	-1.91E-05	2.78E-06	-1.01E-05	-1.49E-05
651	7	0	0	0	0	0	0	232	254	0	-1.91E-05	2.78E-06	-1.01E-05	-1.49E-05
651	8	0	0	0	0	0	0	232	254	0	-1.90E-05	9.79E-08	-9.40E-06	-1.47E-05
651	9	0	0	0	0	0	0	232	254	0	-1.93E-05	-2.91E-06	-1.02E-05	-1.51E-05
651	10	0	0	0	0	0	0	232	254	0	-1.93E-05	-2.91E-06	-1.02E-05	-1.51E-05
651	11	0	0	0	0	0	0	232	254	0	-2.06E-05	-3.22E-06	-9.99E-06	-1.53E-05
651	12	0	0	0	0	0	0	232	254	0	-2.06E-05	-3.22E-06	-9.99E-06	-1.53E-05
651	13	0	0	0	0	0	0	232	254	0	-2.18E-05	-3.30E-06	-1.04E-05	-1.12E-05
651	14	0	0	0	0	0	0	232	254	0	-2.18E-05	-3.30E-06	-1.04E-05	-1.12E-05
651	15	0	0	0	0	0	0	232	254	0	-2.16E-05	-2.86E-06	-1.03E-05	-3.87E-06
651	16	0	0	0	0	0	0	232	254	0	-2.16E-05	-2.86E-06	-1.03E-05	-3.87E-06
651	17	0	0	0	0	0	0	232	254	0	-2.09E-05	-1.50E-06	-1.14E-05	-3.27E-06
651	18	0	0	0	0	0	0	232	254	0	-1.96E-05	1.53E-06	-1.39E-05	-9.72E-06
651	19	0	0	0	0	0	0	232	254	0	-1.96E-05	1.53E-06	-1.39E-05	-9.72E-06
652	0	0	0	0	0	0	0	232	254	0	-1.93E-05	3.71E-06	-1.25E-05	-1.40E-05
652	1	0	0	0	0	0	0	232	254	0	-1.93E-05	3.71E-06	-1.25E-05	-1.40E-05
652	2	0	0	0	0	0	0	232	254	0	-1.93E-05	5.73E-06	-1.01E-05	-1.39E-05
652	3	0	0	0	0	0	0	232	254	0	-1.93E-05	5.73E-06	-1.01E-05	-1.39E-05
652	4	0	0	0	0	0	0	232	254	0	-1.84E-05	6.22E-06	-9.40E-06	-1.15E-05
652	5	0	0	0	0	0	0	232	254	0	-1.84E-05	6.22E-06	-9.40E-06	-1.15E-05
652	6	0	0	0	0	0	0	232	254	0	-1.84E-05	3.83E-06	-1.02E-05	-1.05E-05
652	7	0	0	0	0	0	0	232	254	0	-1.87E-05	4.83E-06	-1.01E-05	-1.15E-05
652	8	0	0	0	0	0	0	232	254	0	-1.87E-05	4.83E-06	-1.01E-05	-1.15E-05
652	9	0	0	0	0	0	0	232	254	0	-1.94E-05	6.16E-06	-1.10E-05	-1.28E-05
652	10	0	0	0	0	0	0	232	254	0	-1.94E-05	6.16E-06	-1.10E-05	-1.28E-05
652	11	0	0	0	0	0	0	232	254	0	-1.99E-05	4.38E-06	-9.63E-06	-1.37E-05
652	12	0	0	0	0	0	0	232	254	0	-1.99E-05	4.38E-06	-9.63E-06	-1.37E-05
652	13	0	0	0	0	0	0	232	254	0	-2.10E-05	4.33E-07	-8.12E-06	-1.30E-05
652	14	0	0	0	0	0	0	232	254	0	-2.10E-05	4.33E-07	-8.12E-06	-1.30E-05
652	15	0	0	0	0	0	0	232	254	0	-2.12E-05	-2.35E-06	-7.28E-06	-1.25E-05
652	16	0	0	0	0	0	0	232	254	0	-2.17E-05	-9.92E-07	-6.04E-06	-1.42E-05
652	17	0	0	0	0	0	0	232	254	0	-2.17E-05	-9.92E-07	-6.04E-06	-1.42E-05
652	18	0	0	0	0	0	0	232	254	0	-2.22E-05	1.98E-06	-6.72E-06	-1.63E-05
652	19	0	0	0	0	0	0	232	254	0	-2.22E-05	1.98E-06	-6.72E-06	-1.63E-05
653	0	0	0	0	0	0	0	232	254	0	-2.26E-05	3.85E-06	-5.96E-06	-1.64E-05
653	1	0	0	0	0	0	0	232	254	0	-2.26E-05	3.85E-06	-5.96E-06	-1.64E-05
653	2	0	0	0	0	0	0	232	254	0	-2.18E-05	5.40E-06	-6.51E-06	-1.78E-05
653	3	0	0	0	0	0	0	232	254	0	-2.18E-05	5.40E-06	-6.51E-06	-1.78E-05
653	4	0	0	0	0	0	0	232	254	0	-2.11E-05	4.34E-06	-7.41E-06	-2.29E-05
653	5	0	0	0	0	0	0	232	254	0	-2.19E-05	2.33E-06	-8.53E-06	-2.21E-05
653	6	0	0	0	0	0	0	232	254	0	-2.19E-05	2.33E-06	-8.53E-06	-2.21E-05
653	7	0	0	0	0	0	0	232	254	0	-2.31E-05	1.32E-06	-9.18E-06	-1.62E-05
653	8	0	0	0	0	0	0	232	254	0	-2.31E-05	1.32E-06	-9.18E-06	-1.62E-05
653	9	0	0	0	0	0	0	232	254	0	-2.26E-05	1.50E-06	-8.79E-06	-9.12E-06
653	10	0	0	0	0	0	0	232	254	0	-2.26E-05	1.50E-06	-8.79E-06	-9.12E-06
653	11	0	0	0	0	0	0	232	254	0	-2.29E-05	3.35E-06	-8.39E-06	-2.35E-06
653	12	0	0	0	0	0	0	232	254	0	-2.29E-05	3.35E-06	-8.39E-06	-2.35E-06
653	13	0	0	0	0	0	0	232	254	0	-2.26E-05	4.58E-06	-9.50E-06	-2.08E-06
653	14	0	0	0	0	0	0	232	254	0	-2.24E-05	6.66E-06	-1.09E-05	-5.47E-06
653	15	0	0	0	0	0	0	232	254	0	-2.24E-05	6.66E-06	-1.09E-05	-5.47E-06
653	16	0	0	0	0	0	0	232	254	0	-2.33E-05	7.11E-06	-1.09E-05	-7.72E-06
653	17	0	0	0	0	0	0	232	254	0	-2.33E-05	7.11E-06	-1.09E-05	-7.72E-06
653	18	0	0	0	0	0	0	232	254	0	-2.22E-05	6.85E-06	-1.05E-05	-8.40E-06
653	19	0	0	0	0	0	0	232	254	0	-2.22E-05	6.85E-06	-1.05E-05	-8.40E-06
654	0	0	0	0	0	0	0	232	254	0	-2.17E-05	8.69E-06	-1.22E-05	-1.34E-05
654	1	0	0	0	0	0	0	232	254	0	-2.17E-05	8.69E-06	-1.22E-05	-1.34E-05
654	2	0	0	0	0	0	0	232	254	0	-2.22E-05	1.01E-05	-1.30E-05	-2.11E-05
654	3	0	0	0	0	0	0	232	254	0	-2.21E-05	8.96E-06	-1.02E-05	-2.08E-05
654	4	0	0	0	0	0	0	232	254	0	-2.21E-05	8.96E-06	-1.02E-05	-2.08E-05
654	5	0	0	0	0	0	0	232	254	0	-2.04E-05	7.50E-06	-9.86E-06	-1.56E-05
654	6	0	0	0	0	0	0	232	254	0	-2.04E-05	7.50E-06	-9.86E-06	-1.56E-05
654	7	0	0	0	0	0	0	232	254	0	-2.07E-05	7.33E-06	-7.86E-06	-1.16E-05
654	8	0	0	0	0	0	0	232	254	0	-2.07E-05	7.33E-06	-7.86E-06	-1.16E-05
654	9	0	0	0	0	0	0	232	254	0	-2.13E-05	7.83E-06	-7.75E-06	-1.03E-05
654	10	0	0	0	0	0	0	232	254	0	-2.13E-05	7.83E-06	-7.75E-06	-1.03E-05
654	11	0	0	0	0	0	0	232	254	0	-2.25E-05	7.61E-06	-7.73E-06	-1.03E-05
654	12	0	0	0	0	0	0	232	254	0	-2.31E-05	7.97E-06	-6.44E-06	-9.35E-06
654	13	0	0	0	0	0	0	232	254	0	-2.31E-05	7.97E-06	-6.44E-06	-9.35E-06
654	14	0	0	0	0	0	0	232	254	0	-2.17E-05	8.58E-06	-3.76E-06	-8.93E-06
654	15	0	0	0	0	0	0	232	254	0	-2.17E-05	8.58E-06	-3.76E-06	-8.93E-06
654	16	0	0	0	0	0	0	232	254	0	-2.15E-05	9.51E-06	-1.95E-06	-1.38E-05
654	17	0	0	0	0	0	0	232	254	0	-2.15E-05	9.51E-06	-1.95E-06	-1.38E-05
654	18	0	0	0	0	0	0	232	254	0	-2.10E-05	9.01E-06	-4.91E-06	-1.99E-05
654	19	0	0	0	0	0	0	232	254	0	-2.10E-05	9.01E-06	-4.91E-06	-1.99E-05
655	0	0	0	0	0	0	0	232	254	0	-2.10E-05	7.45E-06	-8.83E-06	-1.72E-05
655	1	0	0	0	0	0	0	232	254	0	-2.12E-05	5.20E-06	-1.05E-05	-1.32E-05
655	2	0	0	0	0	0	0	232	254	0	-2.12E-05	5.20E-06	-1.05E-05	-1.32E-05
655	3	0	0	0	0	0	0	232	254	0	-2.08E-05	5.37E-06	-1.18E-05	-1.07E-05
655	4	0	0	0	0	0	0	232	254	0	-2.08E-05	5.37E-06	-1.18E-05	-1.07E-05
655	5	0	0	0	0	0	0	232	254	0	-2.12E-05	6.21E-06	-1.05E-05	-7.53E-06
655	6	0	0	0	0	0	0	232	254	0	-2.12E-05	6.21E-06	-1.05E-05	-7.53E-06
655	7	0	0	0	0	0	0	232	254	0	-2.04E-05	5.99E-06	-7.86E-06	-5.46E-06
655	8	0	0	0	0	0	0	232	254	0	-2.04E-05	5.99E-06	-7.86E-06	-5.46E-06
655	9	0	0	0	0	0	0	232	254	0	-1.91E-05	4.24E-06	-8.83E-06	-5.02E-06
655	10	0	0	0	0	0	0	232	254	0	-1.84E-05	8.70E-07	-1.02E-05	-9.94E-06
655	11	0	0	0	0	0	0	232	254	0	-1.84E-05	8.70E-07	-1.02E-05	-9.94E-06
655	12	0	0	0	0	0	0	232	254	0	-1.86E-05	6.60E-07	-1.00E-05	-1.49E-05
655	13	0	0	0	0	0	0	232	254	0	-1.86E-05	6.60E-07	-1.00E-05	-1.49E-05
655	14	0	0	0	0	0	0	232	254	0	-1.83E-05	3.30E-06	-1.07E-05	-2.31E-05
655	15	0	0	0	0	0	0	232	254	0	-1.83E-05	3.30E-06	-1.07E-05	-2.31E-05
655	16	0	0	0	0	0	0	232	254	0	-1.81E-05	3.72E-06	-1.11E-05	-3.00E-05
655	17	0	0	0	0	0	0	232	254	0	-1.81E-05	3.72E-06	-1.11E-05	-3.00E-05
655	18	0	0	0	0	0	0	232	254	0	-2.03E-05	3.16E-06	-1.07E-05	-2.50E-05
655	19	0	0	0	0	0	0	232	254	0	-2.02E-05	4.11E-06	-1.15E-05	-1.73E-05
656	0	0	0	0	0	0	0	232	254	0	-2.02E-05	4.11E-06	-1.15E-05	-1.73E-05
656	1	0	0	0	0	0	0	232	254	0	-1.99E-05	5.67E-06	-1.08E-05	-2.71E-06
656	2	0	0	0	0	0	0	232	254	0	-1.99E-05	5.67E-06	-1.08E-05	-2.71E-06
656	3	0	0	0	0	0	0	232	254	0	-2.04E-05	7.33E-06	-7.81E-06	8.96E-06
656	4	0	0	0	0	0	0	232	254	0	-2.04E-05	7.33E-06	-7.81E-06	8.96E-06
656	5	0	0	0	0	0	0	232	254	0	-1.96E-05	7.97E-06	-5.65E-06	6.08E-06
656	6	0	0	0	0	0	0	232	254	0	-1.96E-05	7.97E-06	-5.65E-06	6.08E-06
656	7	0	0	0	0	0	0	232	254	0	-2.14E-05	7.87E-06	-5.67E-06	-3.86E-06
656	8	0	0	0	0	0	0	232	254	0	-2.33E-05	4.98E-06	-7.60E-06	-1.62E-05
656	9	0	0	0	0	0	0	232	254	0	-2.33E-05	4.98E-06	-7.60E-06	-1.62E-05
656	10	0	0	0	0	0	0	232	254	0	-2.11E-05	3.67E-06	-1.03E-05	-1.47E-05
656	11	0	0	0	0	0	0	232	254	0	-2.11E-05	3.67E-06	-1.03E-05	-1.47E-05
656	12	0	0	0	0	0	0	232	254	0	-2.10E-05	3.15E-06	-1.36E-05	1.15E-06
656	13	0	0	0	0	0	0	232	254	0	-2.10E-05	3.15E-06	-1.36E-05	1.15E-06
656	14	0	0	0	0	0	0	232	254	0	-2.07E-05	5.89E-06	-1.09E-05	4.95E-06
656	15	0	0	0	0	0	0	232	254	0	-2.07E-05	5.89E-06	-1.09E-05	4.95E-06
656	16	0	0	0	0	0	0	232	254	0	-1.92E-05	7.47E-06	-9.01E-06	-2.82E-06
656	17	0	0	0	0	0	0	232	254	0	-2.00E-05	6.10E-06	-9.46E-06	-1.24E-05
656	18	0	0	0	0	0	0	232	254	0	-2.00E-05	6.10E-06	-9.46E-06	-1.24E-05
656	19	0	0	0	0	0	0	232	254	0	-2.12E-05	5.59E-06	-8.68E-06	-2.90E-05
657	0	0	0	0	0	0	0	232	254	0	-2.12E-05	5.59E-06	-8.68E-06	-2.90E-05
657	1	0	0	0	0	0	0	232	254	0	-2.15E-05	5.19E-06	-7.99E-06	-3.77E-05
657	2	0	0	0	0	0	0	232	254	0	-2.15E-05	5.19E-06	-7.99E-06	-3.77E-05
657	3	0	0	0	0	0	0	232	254	0	-2.06E-05	1.82E-06	-1.03E-05	-2.36E-05
657	4	0	0	0	0	0	0	232	254	0	-2.06E-05	1.82E-06	-1.03E-05	-2.36E-05
657	5	0	0	0	0	0	0	232	254	0	-2.07E-05	2.68E-06	-9.94E-06	4.81E-06
657	6	0	0	0	0	0	0	232	254	0	-2.09E-05	3.03E-06	-7.96E-06	1.45E-05
657	7	0	0	0	0	0	0	232	254	0	-2.09E-05	3.03E-06	-7.96E-06	1.45E-05
657	8	0	0	0	0	0	0	232	254	0	-2.15E-05	6.95E-07	-1.07E-05	2.68E-06
657	9	0	0	0	0	0	0	232	254	0	-2.15E-05	6.95E-07	-1.07E-05	2.68E-06
657	10	0	0	0	0	0	0	232	254	0	-2.15E-05	1.92E-06	-1.39E-05	-3.34E-06
657	11	0	0	0	0	0	0	232	254	0	-2.15E-05	1.92E-06	-1.39E-05	-3.34E-06
657	12	0	0	0	0	0	0	232	254	0	-2.11E-05	2.97E-06	-1.36E-05	-8.21E-06
657	13	0	0	0	0	0	0	232	254	0	-2.11E-05	2.97E-06	-1.36E-05	-8.21E-06
657	14	0	0	0	0	0	0	232	254	0	-2.15E-05	2.23E-06	-1.35E-05	-1.23E-05
657	15	0	0	0	0	0	0	232	254	0	-2.05E-05	4.69E-06	-1.20E-05	-1.65E-05
657	16	0	0	0	0	0	0	232	254	0	-2.05E-05	4.69E-06	-1.20E-05	-1.65E-05
657	17	0	0	0	0	0	0	232	254	0	-2.02E-05	7.30E-06	-9.60E-06	-1.73E-05
657	18	0	0	0	0	0	0	232	254	0	-2.02E-05	7.30E-06	-9.60E-06	-1.73E-05
657	19	0	0	0	0	0	0	232	254	0	-1.96E-05	7.75E-06	-8.73E-06	-1.67E-05
658	0	0	0	0	0	0	0	232	254	0	-1.96E-05	7.75E-06	-8.73E-06	-1.67E-05
658	1	0	0	0	0	0	0	232	254	0	-2.04E-05	7.78E-06	-7.64E-06	-2.22E-05
658	2	0	0	0	0	0	0	232	254	0	-2.04E-05	7.78E-06	-7.64E-06	-2.22E-05
658	3	0	0	0	0	0	0	232	254	0	-2.09E-05	7.19E-06	-6.19E-06	-2.15E-05
658	4	0	0	0	0	0	0	232	254	0	-2.00E-05	6.58E-06	-5.80E-06	-2.05E-05
658	5	0	0	0	0	0	0	232	254	0	-2.00E-05	6.58E-06	-5.80E-06	-2.05E-05
658	6	0	0	0	0	0	0	232	254	0	-1.89E-05	3.32E-06	-9.33E-06	-2.36E-05
658	7	0	0	0	0	0	0	232	254	0	-1.89E-05	3.32E-06	-9.33E-06	-2.36E-05
658	8	0	0	0	0	0	0	232	254	0	-2.01E-05	-1.17E-06	-1.16E-05	-2.41E-05
658	9	0	0	0	0	0	0	232	254	0	-2.01E-05	-1.17E-06	-1.16E-05	-2.41E-05
658	10	0	0	0	0	0	0	232	254	0	-2.06E-05	-1.34E-06	-1.20E-05	-1.79E-05
658	11	0	0	0	0	0	0	232	254	0	-2.06E-05	-1.34E-06	-1.20E-05	-1.79E-05
658	12	0	0	0	0	0	0	232	254	0	-2.11E-05	-2.56E-06	-1.18E-05	-1.02E-05
658	13	0	0	0	0	0	0	232	254	0	-2.19E-05	-4.37E-06	-9.24E-06	-8.99E-06
658	14	0	0	0	0	0	0	232	254	0	-2.19E-05	-4.37E-06	-9.24E-06	-8.99E-06
658	15	0	0	0	0	0	0	232	254	0	-2.10E-05	-2.79E-06	-7.66E-06	-1.23E-05
658	16	0	0	0	0	0	0	232	254	0	-2.10E-05	-2.79E-06	-7.66E-06	-1.23E-05
658	17	0	0	0	0	0	0	232	254	0	-1.97E-05	1.31E-06	-8.28E-06	-8.63E-06
658	18	0	0	0	0	0	0	232	254	0	-1.97E-05	1.31E-06	-8.28E-06	-8.63E-06
658	19	0	0	0	0	0	0	232	254	0	-1.97E-05	3.07E-06	-8.12E-06	-6.00E-06
659	0	0	0	0	0	0	0	232	254	0	-1.97E-05	3.07E-06	-8.12E-06	-6.00E-06
659	1	0	0	0	0	0	0	232	254	0	-1.90E-05	4.11E-06	-5.60E-06	-8.39E-06
659	2	0	0	0	0	0	0	232	254	0	-1.95E-05	3.45E-06	-4.52E-06	-7.63E-06
659	3	0	0	0	0	0	0	232	254	0	-1.95E-05	3.45E-06	-4.52E-06	-7.63E-06
659	4	0	0	0	0	0	0	232	254	0	-1.94E-05	2.05E-06	-6.54E-06	-4.65E-06
659	5	0	0	0	0	0	0	232	254	0	-1.94E-05	2.05E-06	-6.54E-06	-4.65E-06
659	6	0	0	0	0	0	0	232	254	0	-1.87E-05	1.37E-06	-8.44E-06	-1.13E-05
659	7	0	0	0	0	0	0	232	254	0	-1.87E-05	1.37E-06	-8.44E-06	-1.13E-05
659	8	0	0	0	0	0	0	232	254	0	-1.86E-05	1.87E-06	-9.70E-06	-2.06E-05
659	9	0	0	0	0	0	0	232	254	0	-1.86E-05	1.87E-06	-9.70E-06	-2.06E-05
659	10	0	0	0	0	0	0	232	254	0	-2.01E-05	3.83E-06	-1.05E-05	-2.10E-05
659	11	0	0	0	0	0	0	232	254	0	-1.88E-05	4.09E-06	-1.05E-05	-2.11E-05
659	12	0	0	0	0	0	0	232	254	0	-1.88E-05	4.09E-06	-1.05E-05	-2.11E-05
659	13	0	0	0	0	0	0	232	254	0	-1.81E-05	1.57E-06	-8.12E-06	-2.00E-05
659	14	0	0	0	0	0	0	232	254	0	-1.81E-05	1.57E-06	-8.12E-06	-2.00E-05
659	15	0	0	0	0	0	0	232	254	0	-1.87E-05	4.96E-07	-7.83E-06	-1.67E-05
659	16	0	0	0	0	0	0	232	254	0	-1.87E-05	4.96E-07	-7.83E-06	-1.67E-05
659	17	0	0	0	0	0	0	232	254	0	-1.95E-05	2.62E-06	-9.29E-06	-1.70E-05
659	18	0	0	0	0	0	0	232	254	0	-1.95E-05	2.62E-06	-9.29E-06	-1.70E-05
659	19	0	0	0	0	0	0	232	254	0	-2.23E-05	4.87E-06	-9.40E-06	-1.74E-05
660	0	0	0	0	0	0	0	232	254	0	-2.34E-05	4.48E-06	-8.37E-06	-1.68E-05
660	1	0	0	0	0	0	0	232	254	0	-2.34E-05	4.48E-06	-8.37E-06	-1.68E-05
660	2	0	0	0	0	0	0	232	254	0	-2.35E-05	2.65E-06	-7.58E-06	-1.62E-05
660	3	0	0	0	0	0	0	232	254	0	-2.35E-05	2.65E-06	-7.58E-06	-1.62E-05
660	4	0	0	0	0	0	0	232	254	0	-2.33E-05	3.60E-06	-8.59E-06	-1.59E-05
660	5	0	0	0	0	0	0	232	254	0	-2.33E-05	3.60E-06	-8.59E-06	-1.59E-05
660	6	0	0	0	0	0	0	232	254	0	-2.32E-05	4.76E-06	-8.95E-06	-1.56E-05
660	7	0	0	0	0	0	0	232	254	0	-2.32E-05	4.76E-06	-8.95E-06	-1.56E-05
660	8	0	0	0	0	0	0	232	254	0	-2.33E-05	4.52E-06	-1.03E-05	-1.34E-05
660	9	0	0	0	0	0	0	232	254	0	-2.31E-05	6.35E-06	-1.16E-05	-1.28E-05
660	10	0	0	0	0	0	0	232	254	0	-2.31E-05	6.35E-06	-1.16E-05	-1.28E-05
660	11	0	0	0	0	0	0	232	254	0	-2.37E-05	6.86E-06	-1.13E-05	-1.40E-05
660	12	0	0	0	0	0	0	232	254	0	-2.37E-05	6.86E-06	-1.13E-05	-1.40E-05
660	13	0	0	0	0	0	0	232	254	0	-2.34E-05	5.63E-06	-9.49E-06	-1.69E-05
660	14	0	0	0	0	0	0	232	254	0	-2.34E-05	5.63E-06	-9.49E-06	-1.69E-05
660	15	0	0	0	0	0	0	232	254	0	-2.18E-05	3.84E-06	-8.09E-06	-2.38E-05
660	16	0	0	0	0	0	0	232	254	0	-2.18E-05	3.84E-06	-8.09E-06	-2.38E-05
660	17	0	0	0	0	0	0	232	254	0	-2.09E-05	1.04E-06	-7.58E-06	-3.13E-05
660	18	0	0	0	0	0	0	232	254	0	-2.01E-05	4.18E-07	-8.34E-06	-3.32E-05
660	19	0	0	0	0	0	0	232	254	0	-2.01E-05	4.18E-07	-8.34E-06	-3.32E-05
661	0	0	0	0	0	0	0	232	254	0	-1.94E-05	8.94E-07	-7.19E-06	-2.45E-05
661	1	0	0	0	0	0	0	232	254	0	-1.94E-05	8.94E-07	-7.19E-06	-2.45E-05
661	2	0	0	0	0	0	0	232	254	0	-2.00E-05	1.72E-06	-7.24E-06	-8.78E-06
661	3	0	0	0	0	0	0	232	254	0	-2.00E-05	1.72E-06	-7.24E-06	-8.78E-06
661	4	0	0	0	0	0	0	232	254	0	-2.03E-05	4.97E-06	-8.01E-06	2.87E-06
661	5	0	0	0	0	0	0	232	254	0	-2.03E-05	4.97E-06	-8.01E-06	2.87E-06
661	6	0	0	0	0	0	0	232	254	0	-2.04E-05	7.55E-06	-6.55E-06	7.45E-06
661	7	0	0	0	0	0	0	232	254	0	-2.08E-05	9.12E-06	-5.00E-06	1.35E-05
661	8	0	0	0	0	0	0	232	254	0	-2.08E-05	9.12E-06	-5.00E-06	1.35E-05
661	9	0	0	0	0	0	0	232	254	0	-2.17E-05	8.67E-06	-5.84E-06	1.52E-05
661	10	0	0	0	0	0	0	232	254	0	-2.17E-05	8.67E-06	-5.84E-06	1.52E-05
661	11	0	0	0	0	0	0	232	254	0	-2.17E-05	9.45E-06	-6.74E-06	6.16E-06
661	12	0	0	0	0	0	0	232	254	0	-2.17E-05	9.45E-06	-6.74E-06	6.16E-06
661	13	0	0	0	0	0	0	232	254	0	-2.04E-05	1.05E-05	-8.19E-06	-2.48E-06
661	14	0	0	0	0	0	0	232	254	0	-2.04E-05	1.05E-05	-8.19E-06	-2.48E-06
661	15	0	0	0	0	0	0	232	254	0	-2.07E-05	9.99E-06	-1.09E-05	-5.71E-06
661	16	0	0	0	0	0	0	232	254	0	-2.09E-05	1.04E-05	-1.22E-05	-6.23E-06
661	17	0	0	0	0	0	0	232	254	0	-2.09E-05	1.04E-05	-1.22E-05	-6.23E-06
661	18	0	0	0	0	0	0	232	254	0	-1.95E-05	1.02E-05	-1.06E-05	-9.22E-06
661	19	0	0	0	0	0	0	232	254	0	-1.95E-05	1.02E-05	-1.06E-05	-9.22E-06
662	0	0	0	0	0	0	0	232	254	0	-1.91E-05	1.13E-05	-8.93E-06	-1.12E-05
662	1	0	0	0	0	0	0	232	254	0	-1.91E-05	1.13E-05	-8.93E-06	-1.12E-05
662	2	0	0	0	0	0	0	232	254	0	-2.00E-05	1.23E-05	-8.33E-06	-1.25E-05
662	3	0	0	0	0	0	0	232	254	0	-2.00E-05	1.23E-05	-8.33E-06	-1.25E-05
662	4	0	0	0	0	0	0	232	254	0	-2.19E-05	1.08E-05	-9.28E-06	-1.20E-05
662	5	0	0	0	0	0	0	232	254	0	-2.15E-05	9.37E-06	-1.11E-05	-1.25E-05
662	6	0	0	0	0	0	0	232	254	0	-2.15E-05	9.37E-06	-1.11E-05	-1.25E-05
662	7	0	0	0	0	0	0	232	254	0	-2.09E-05	8.68E-06	-1.03E-05	-1.34E-05
662	8	0	0	0	0	0	0	232	254	0	-2.09E-05	8.68E-06	-1.03E-05	-1.34E-05
662	9	0	0	0	0	0	0	232	254	0	-2.03E-05	5.87E-06	-1.06E-05	-1.19E-05
662	10	0	0	0	0	0	0	232	254	0	-2.03E-05	5.87E-06	-1.06E-05	-1.19E-05
662	11	0	0	0	0	0	0	232	254	0	-2.03E-05	6.20E-06	-1.07E-05	-1.00E-05
662	12	0	0	0	0	0	0	232	254	0	-2.03E-05	6.20E-06	-1.07E-05	-1.00E-05
662	13	0	0	0	0	0	0	232	254	0	-2.00E-05	7.94E-06	-9.65E-06	-9.50E-06
662	14	0	0	0	0	0	0	232	254	0	-2.02E-05	7.65E-06	-1.10E-05	-1.19E-05
662	15	0	0	0	0	0	0	232	254	0	-2.02E-05	7.65E-06	-1.10E-05	-1.19E-05
662	16	0	0	0	0	0	0	232	254	0	-1.94E-05	4.89E-06	-1.18E-05	-1.30E-05
662	17	0	0	0	0	0	0	232	254	0	-1.94E-05	4.89E-06	-1.18E-05	-1.30E-05
662	18	0	0	0	0	0	0	232	254	0	-1.81E-05	5.87E-06	-1.23E-05	-1.35E-05
662	19	0	0	0	0	0	0	232	254	0	-1.81E-05	5.87E-06	-1.23E-05	-1.35E-05
663	0	0	0	0	0	0	0	232	254	0	-1.82E-05	5.38E-06	-1.00E-05	-1.48E-05
663	1	0	0	0	0	0	0	232	254	0	-1.82E-05	5.38E-06	-1.00E-05	-1.48E-05
663	2	0	0	0	0	0	0	232	254	0	-1.98E-05	2.63E-06	-9.36E-06	-1.43E-05
663	3	0	0	0	0	0	0	232	254	0	-2.05E-05	1.51E-06	-1.09E-05	-1.45E-05
663	4	0	0	0	0	0	0	232	254	0	-2.05E-05	1.51E-06	-1.09E-05	-1.45E-05
663	5	0	0	0	0	0	0	232	254	0	-1.85E-05	1.68E-06	-1.09E-05	-1.59E-05
663	6	0	0	0	0	0	0	232	254	0	-1.85E-05	1.68E-06	-1.09E-05	-1.59E-05
663	7	0	0	0	0	0	0	232	254	0	-1.80E-05	2.90E-06	-1.04E-05	-1.58E-05
663	8	0	0	0	0	0	0	232	254	0	-1.80E-05	2.90E-06	-1.04E-05	-1.58E-05
663	9	0	0	0	0	0	0	232	254	0	-1.94E-05	4.48E-06	-9.57E-06	-1.67E-05
663	10	0	0	0	0	0	0	232	254	0	-1.94E-05	4.48E-06	-9.57E-06	-1.67E-05
663	11	0	0	0	0	0	0	232	254	0	-2.17E-05	2.02E-06	-9.90E-06	-1.71E-05
663	12	0	0	0	0	0	0	232	254	0	-2.18E-05	-1.04E-08	-1.13E-05	-1.82E-05
663	13	0	0	0	0	0	0	232	254	0	-2.18E-05	-1.04E-08	-1.13E-05	-1.82E-05
663	14	0	0	0	0	0	0	232	254	0	-2.13E-05	2.55E-06	-9.49E-06	-2.08E-05
663	15	0	0	0	0	0	0	232	254	0	-2.13E-05	2.55E-06	-9.49E-06	-2.08E-05
663	16	0	0	0	0	0	0	232	254	0	-2.28E-05	2.17E-06	-8.44E-06	-2.24E-05
663	17	0	0	0	0	0	0	232	254	0	-2.28E-05	2.17E-06	-8.44E-06	-2.24E-05
663	18	0	0	0	0	0	0	232	254	0	-2.34E-05	-7.23E-07	-8.99E-06	-1.99E-05
663	19	0	0	0	0	0	0	232	254	0	-2.34E-05	-7.23E-07	-8.99E-06	-1.99E-05
664	0	0	0	0	0	0	0	232	254	0	-2.27E-05	-1.52E-06	-5.91E-06	-1.27E-05
664	1	0	0	0	0	0	0	232	254	0	-2.31E-05	4.42E-07	-5.20E-06	-2.91E-06
664	2	0	0	0	0	0	0	232	254	0	-2.31E-05	4.42E-07	-5.20E-06	-2.91E-06
664	3	0	0	0	0	0	0	232	254	0	-2.36E-05	1.68E-06	-5.26E-06	-6.31E-06
664	4	0	0	0	0	0	0	232	254	0	-2.36E-05	1.68E-06	-5.26E-06	-6.31E-06
664	5	0	0	0	0	0	0	232	254	0	-2.27E-05	8.94E-07	-5.59E-06	-2.41E-05
664	6	0	0	0	0	0	0	232	254	0	-2.27E-05	8.94E-07	-5.59E-06	-2.41E-05
664	7	0	0	0	0	0	0	232	254	0	-2.15E-05	8.46E-07	-5.71E-06	-3.18E-05
664	8	0	0	0	0	0	0	232	254	0	-2.15E-05	8.46E-07	-5.71E-06	-3.18E-05
664	9	0	0	0	0	0	0	232	254	0	-2.26E-05	-8.67E-07	-4.92E-06	-2.15E-05
664	10	0	0	0	0	0	0	232	254	0	-2.19E-05	-5.41E-07	-5.61E-06	-8.33E-06
664	11	0	0	0	0	0	0	232	254	0	-2.19E-05	-5.41E-07	-5.61E-06	-8.33E-06
664	12	0	0	0	0	0	0	232	254	0	-1.97E-05	1.85E-06	-7.61E-06	4.18E-06
664	13	0	0	0	0	0	0	232	254	0	-1.97E-05	1.85E-06	-7.61E-06	4.18E-06
664	14	0	0	0	0	0	0	232	254	0	-2.02E-05	1.85E-06	-7.16E-06	8.27E-06
664	15	0	0	0	0	0	0	232	254	0	-2.02E-05	1.85E-06	-7.16E-06	8.27E-06
664	16	0	0	0	0	0	0	232	254	0	-1.98E-05	2.26E-06	-8.08E-06	2.10E-06
664	17	0	0	0	0	0	0	232	254	0	-1.98E-05	2.26E-06	-8.08E-06	2.10E-06
664	18	0	0	0	0	0	0	232	254	0	-1.99E-05	4.56E-06	-1.01E-05	-5.02E-06
664	19	0	0	0	0	0	0	232	254	0	-2.05E-05	5.70E-06	-1.14E-05	-9.35E-06