Frequency														
2000														
														
Frame	Sub-Frame	Fx	Fy	Fz	Mx	My	Mz	Cx	Cy	Cz	RF	BF	TA	LG
		N	N	N	N.mm	N.mm	N.mm	mm	mm	mm	V	V	V	V
1	0	0	0	0	0	0	0	232	254	0	-1.98E-05	3.84E-07	-8.45E-06	-7.97E-06
1	1	0	0	0	0	0	0	232	254	0	-1.95E-05	-2.87E-07	-8.79E-06	-7.67E-06
1	2	0	0	0	0	0	0	232	254	0	-1.95E-05	-2.87E-07	-8.79E-06	-7.67E-06
1	3	0	0	0	0	0	0	232	254	0	-2.01E-05	-4.83E-08	-9.81E-06	-1.24E-05
1	4	0	0	0	0	0	0	232	254	0	-2.01E-05	-4.83E-08	-9.81E-06	-1.24E-05
1	5	0	0	0	0	0	0	232	254	0	-2.01E-05	1.76E-06	-9.44E-06	-1.48E-05
1	6	0	0	0	0	0	0	232	254	0	-2.07E-05	5.48E-06	-7.58E-06	-1.29E-05
1	7	0	0	0	0	0	0	232	254	0	-2.07E-05	5.48E-06	-7.58E-06	-1.29E-05
1	8	0	0	0	0	0	0	232	254	0	-2.08E-05	6.65E-06	-7.22E-06	-1.37E-05
1	9	0	0	0	0	0	0	232	254	0	-2.08E-05	6.65E-06	-7.22E-06	-1.37E-05
1	10	0	0	0	0	0	0	232	254	0	-2.11E-05	6.43E-06	-8.41E-06	-1.26E-05
1	11	0	0	0	0	0	0	232	254	0	-2.11E-05	6.43E-06	-8.41E-06	-1.26E-05
1	12	0	0	0	0	0	0	232	254	0	-2.18E-05	8.09E-06	-9.12E-06	-1.04E-05
1	13	0	0	0	0	0	0	232	254	0	-2.18E-05	8.09E-06	-9.12E-06	-1.04E-05
1	14	0	0	0	0	0	0	232	254	0	-2.32E-05	8.67E-06	-8.55E-06	-1.02E-05
1	15	0	0	0	0	0	0	232	254	0	-2.35E-05	7.54E-06	-6.52E-06	-1.35E-05
1	16	0	0	0	0	0	0	232	254	0	-2.35E-05	7.54E-06	-6.52E-06	-1.35E-05
1	17	0	0	0	0	0	0	232	254	0	-2.31E-05	5.80E-06	-5.93E-06	-1.90E-05
1	18	0	0	0	0	0	0	232	254	0	-2.31E-05	5.80E-06	-5.93E-06	-1.90E-05
1	19	0	0	0	0	0	0	232	254	0	-2.19E-05	4.29E-06	-6.61E-06	-1.76E-05
2	0	0	0	0	0	0	0	232	254	0	-2.19E-05	4.29E-06	-6.61E-06	-1.76E-05
2	1	0	0	0	0	0	0	232	254	0	-2.07E-05	4.43E-06	-8.13E-06	-1.48E-05
2	2	0	0	0	0	0	0	232	254	0	-2.07E-05	4.43E-06	-8.13E-06	-1.48E-05
2	3	0	0	0	0	0	0	232	254	0	-1.97E-05	6.29E-06	-9.30E-06	-1.43E-05
2	4	0	0	0	0	0	0	232	254	0	-1.82E-05	6.25E-06	-8.88E-06	-1.34E-05
2	5	0	0	0	0	0	0	232	254	0	-1.82E-05	6.25E-06	-8.88E-06	-1.34E-05
2	6	0	0	0	0	0	0	232	254	0	-1.76E-05	5.19E-06	-7.99E-06	-1.13E-05
2	7	0	0	0	0	0	0	232	254	0	-1.76E-05	5.19E-06	-7.99E-06	-1.13E-05
2	8	0	0	0	0	0	0	232	254	0	-1.74E-05	4.18E-06	-7.61E-06	-1.10E-05
2	9	0	0	0	0	0	0	232	254	0	-1.74E-05	4.18E-06	-7.61E-06	-1.10E-05
2	10	0	0	0	0	0	0	232	254	0	-1.80E-05	2.38E-06	-7.55E-06	-1.69E-05
2	11	0	0	0	0	0	0	232	254	0	-1.80E-05	2.38E-06	-7.55E-06	-1.69E-05
2	12	0	0	0	0	0	0	232	254	0	-1.92E-05	3.16E-06	-7.89E-06	-1.65E-05
2	13	0	0	0	0	0	0	232	254	0	-2.02E-05	6.82E-06	-8.85E-06	-1.02E-05
2	14	0	0	0	0	0	0	232	254	0	-2.02E-05	6.82E-06	-8.85E-06	-1.02E-05
2	15	0	0	0	0	0	0	232	254	0	-2.04E-05	7.54E-06	-9.80E-06	-7.78E-06
2	16	0	0	0	0	0	0	232	254	0	-2.04E-05	7.54E-06	-9.80E-06	-7.78E-06
2	17	0	0	0	0	0	0	232	254	0	-1.97E-05	5.62E-06	-1.11E-05	-7.15E-06
2	18	0	0	0	0	0	0	232	254	0	-1.97E-05	5.62E-06	-1.11E-05	-7.15E-06
2	19	0	0	0	0	0	0	232	254	0	-2.14E-05	5.55E-06	-1.09E-05	-8.70E-06
3	0	0	0	0	0	0	0	232	254	0	-2.14E-05	5.55E-06	-1.09E-05	-8.70E-06
3	1	0	0	0	0	0	0	232	254	0	-2.22E-05	6.33E-06	-9.21E-06	-1.24E-05
3	2	0	0	0	0	0	0	232	254	0	-2.16E-05	5.18E-06	-8.90E-06	-1.38E-05
3	3	0	0	0	0	0	0	232	254	0	-2.16E-05	5.18E-06	-8.90E-06	-1.38E-05
3	4	0	0	0	0	0	0	232	254	0	-2.09E-05	4.87E-06	-9.18E-06	-1.15E-05
3	5	0	0	0	0	0	0	232	254	0	-2.09E-05	4.87E-06	-9.18E-06	-1.15E-05
3	6	0	0	0	0	0	0	232	254	0	-2.11E-05	4.58E-06	-7.87E-06	-1.03E-05
3	7	0	0	0	0	0	0	232	254	0	-2.11E-05	4.58E-06	-7.87E-06	-1.03E-05
3	8	0	0	0	0	0	0	232	254	0	-2.06E-05	3.11E-06	-8.13E-06	-1.25E-05
3	9	0	0	0	0	0	0	232	254	0	-2.06E-05	3.11E-06	-8.13E-06	-1.25E-05
3	10	0	0	0	0	0	0	232	254	0	-1.95E-05	2.52E-06	-8.79E-06	-1.38E-05
3	11	0	0	0	0	0	0	232	254	0	-2.08E-05	4.34E-06	-8.67E-06	-1.46E-05
3	12	0	0	0	0	0	0	232	254	0	-2.08E-05	4.34E-06	-8.67E-06	-1.46E-05
3	13	0	0	0	0	0	0	232	254	0	-2.26E-05	5.66E-06	-8.33E-06	-1.24E-05
3	14	0	0	0	0	0	0	232	254	0	-2.26E-05	5.66E-06	-8.33E-06	-1.24E-05
3	15	0	0	0	0	0	0	232	254	0	-2.09E-05	4.96E-06	-8.45E-06	-1.07E-05
3	16	0	0	0	0	0	0	232	254	0	-2.09E-05	4.96E-06	-8.45E-06	-1.07E-05
3	17	0	0	0	0	0	0	232	254	0	-1.97E-05	5.44E-06	-9.70E-06	-1.01E-05
3	18	0	0	0	0	0	0	232	254	0	-1.97E-05	5.44E-06	-9.70E-06	-1.01E-05
3	19	0	0	0	0	0	0	232	254	0	-1.96E-05	6.79E-06	-1.02E-05	-8.99E-06
4	0	0	0	0	0	0	0	232	254	0	-1.96E-05	6.31E-06	-9.90E-06	-5.14E-06
4	1	0	0	0	0	0	0	232	254	0	-1.96E-05	6.31E-06	-9.90E-06	-5.14E-06
4	2	0	0	0	0	0	0	232	254	0	-1.96E-05	5.42E-06	-9.62E-06	-5.00E-06
4	3	0	0	0	0	0	0	232	254	0	-1.96E-05	5.42E-06	-9.62E-06	-5.00E-06
4	4	0	0	0	0	0	0	232	254	0	-2.01E-05	4.06E-06	-8.66E-06	-7.64E-06
4	5	0	0	0	0	0	0	232	254	0	-2.01E-05	4.06E-06	-8.66E-06	-7.64E-06
4	6	0	0	0	0	0	0	232	254	0	-2.17E-05	4.21E-06	-8.68E-06	-9.58E-06
4	7	0	0	0	0	0	0	232	254	0	-2.17E-05	4.21E-06	-8.68E-06	-9.58E-06
4	8	0	0	0	0	0	0	232	254	0	-2.16E-05	4.08E-06	-1.03E-05	-9.73E-06
4	9	0	0	0	0	0	0	232	254	0	-2.15E-05	2.04E-06	-1.14E-05	-1.06E-05
4	10	0	0	0	0	0	0	232	254	0	-2.15E-05	2.04E-06	-1.14E-05	-1.06E-05
4	11	0	0	0	0	0	0	232	254	0	-2.22E-05	1.17E-06	-1.14E-05	-1.28E-05
4	12	0	0	0	0	0	0	232	254	0	-2.22E-05	1.17E-06	-1.14E-05	-1.28E-05
4	13	0	0	0	0	0	0	232	254	0	-2.24E-05	3.57E-06	-1.04E-05	-1.45E-05
4	14	0	0	0	0	0	0	232	254	0	-2.24E-05	3.57E-06	-1.04E-05	-1.45E-05
4	15	0	0	0	0	0	0	232	254	0	-2.30E-05	4.70E-06	-9.96E-06	-1.58E-05
4	16	0	0	0	0	0	0	232	254	0	-2.30E-05	4.70E-06	-9.96E-06	-1.58E-05
4	17	0	0	0	0	0	0	232	254	0	-2.32E-05	4.59E-06	-1.01E-05	-1.72E-05
4	18	0	0	0	0	0	0	232	254	0	-2.32E-05	3.62E-06	-8.87E-06	-1.49E-05
4	19	0	0	0	0	0	0	232	254	0	-2.32E-05	3.62E-06	-8.87E-06	-1.49E-05
5	0	0	0	0	0	0	0	232	254	0	-2.21E-05	2.16E-06	-7.31E-06	-1.41E-05
5	1	0	0	0	0	0	0	232	254	0	-2.21E-05	2.16E-06	-7.31E-06	-1.41E-05
5	2	0	0	0	0	0	0	232	254	0	-2.09E-05	2.93E-06	-7.79E-06	-1.35E-05
5	3	0	0	0	0	0	0	232	254	0	-2.09E-05	2.93E-06	-7.79E-06	-1.35E-05
5	4	0	0	0	0	0	0	232	254	0	-2.06E-05	3.30E-06	-8.00E-06	-1.43E-05
5	5	0	0	0	0	0	0	232	254	0	-2.06E-05	3.30E-06	-8.00E-06	-1.43E-05
5	6	0	0	0	0	0	0	232	254	0	-2.13E-05	3.87E-06	-6.86E-06	-1.60E-05
5	7	0	0	0	0	0	0	232	254	0	-2.21E-05	3.97E-06	-6.83E-06	-1.46E-05
5	8	0	0	0	0	0	0	232	254	0	-2.21E-05	3.97E-06	-6.83E-06	-1.46E-05
5	9	0	0	0	0	0	0	232	254	0	-2.14E-05	2.27E-06	-8.07E-06	-1.35E-05
5	10	0	0	0	0	0	0	232	254	0	-2.14E-05	2.27E-06	-8.07E-06	-1.35E-05
5	11	0	0	0	0	0	0	232	254	0	-2.03E-05	1.28E-06	-8.90E-06	-1.42E-05
5	12	0	0	0	0	0	0	232	254	0	-2.03E-05	1.28E-06	-8.90E-06	-1.42E-05
5	13	0	0	0	0	0	0	232	254	0	-2.07E-05	2.31E-06	-8.27E-06	-1.36E-05
5	14	0	0	0	0	0	0	232	254	0	-2.07E-05	2.31E-06	-8.27E-06	-1.36E-05
5	15	0	0	0	0	0	0	232	254	0	-2.05E-05	2.06E-06	-8.12E-06	-1.34E-05
5	16	0	0	0	0	0	0	232	254	0	-2.00E-05	1.11E-06	-8.57E-06	-1.54E-05
5	17	0	0	0	0	0	0	232	254	0	-2.00E-05	1.11E-06	-8.57E-06	-1.54E-05
5	18	0	0	0	0	0	0	232	254	0	-2.06E-05	1.07E-06	-9.30E-06	-1.33E-05
5	19	0	0	0	0	0	0	232	254	0	-2.06E-05	1.07E-06	-9.30E-06	-1.33E-05
6	0	0	0	0	0	0	0	232	254	0	-2.05E-05	3.62E-08	-1.04E-05	-1.33E-05
6	1	0	0	0	0	0	0	232	254	0	-2.05E-05	3.62E-08	-1.04E-05	-1.33E-05
6	2	0	0	0	0	0	0	232	254	0	-2.04E-05	-6.17E-07	-9.95E-06	-1.55E-05
6	3	0	0	0	0	0	0	232	254	0	-2.04E-05	-6.17E-07	-9.95E-06	-1.55E-05
6	4	0	0	0	0	0	0	232	254	0	-2.15E-05	3.53E-07	-9.00E-06	-1.63E-05
6	5	0	0	0	0	0	0	232	254	0	-2.26E-05	2.21E-06	-9.53E-06	-1.61E-05
6	6	0	0	0	0	0	0	232	254	0	-2.26E-05	2.21E-06	-9.53E-06	-1.61E-05
6	7	0	0	0	0	0	0	232	254	0	-2.24E-05	4.68E-06	-1.06E-05	-1.67E-05
6	8	0	0	0	0	0	0	232	254	0	-2.24E-05	4.68E-06	-1.06E-05	-1.67E-05
6	9	0	0	0	0	0	0	232	254	0	-2.27E-05	5.20E-06	-1.05E-05	-1.61E-05
6	10	0	0	0	0	0	0	232	254	0	-2.27E-05	5.20E-06	-1.05E-05	-1.61E-05
6	11	0	0	0	0	0	0	232	254	0	-2.23E-05	4.92E-06	-9.78E-06	-1.49E-05
6	12	0	0	0	0	0	0	232	254	0	-2.23E-05	4.92E-06	-9.78E-06	-1.49E-05
6	13	0	0	0	0	0	0	232	254	0	-2.23E-05	6.69E-06	-9.23E-06	-1.18E-05
6	14	0	0	0	0	0	0	232	254	0	-2.33E-05	6.87E-06	-1.01E-05	-8.24E-06
6	15	0	0	0	0	0	0	232	254	0	-2.33E-05	6.87E-06	-1.01E-05	-8.24E-06
6	16	0	0	0	0	0	0	232	254	0	-2.21E-05	7.68E-06	-1.01E-05	-8.13E-06
6	17	0	0	0	0	0	0	232	254	0	-2.21E-05	7.68E-06	-1.01E-05	-8.13E-06
6	18	0	0	0	0	0	0	232	254	0	-2.22E-05	8.91E-06	-9.22E-06	-8.90E-06
6	19	0	0	0	0	0	0	232	254	0	-2.22E-05	8.91E-06	-9.22E-06	-8.90E-06
7	0	0	0	0	0	0	0	232	254	0	-2.22E-05	7.87E-06	-8.44E-06	-8.95E-06
7	1	0	0	0	0	0	0	232	254	0	-2.22E-05	7.87E-06	-8.44E-06	-8.95E-06
7	2	0	0	0	0	0	0	232	254	0	-2.08E-05	6.76E-06	-8.68E-06	-9.47E-06
7	3	0	0	0	0	0	0	232	254	0	-2.03E-05	5.52E-06	-9.35E-06	-1.14E-05
7	4	0	0	0	0	0	0	232	254	0	-2.03E-05	5.52E-06	-9.35E-06	-1.14E-05
7	5	0	0	0	0	0	0	232	254	0	-2.01E-05	5.38E-06	-1.05E-05	-1.05E-05
7	6	0	0	0	0	0	0	232	254	0	-2.01E-05	5.38E-06	-1.05E-05	-1.05E-05
7	7	0	0	0	0	0	0	232	254	0	-1.94E-05	5.88E-06	-1.05E-05	-1.03E-05
7	8	0	0	0	0	0	0	232	254	0	-1.94E-05	5.88E-06	-1.05E-05	-1.03E-05
7	9	0	0	0	0	0	0	232	254	0	-1.96E-05	6.16E-06	-8.87E-06	-1.06E-05
7	10	0	0	0	0	0	0	232	254	0	-1.96E-05	6.16E-06	-8.87E-06	-1.06E-05
7	11	0	0	0	0	0	0	232	254	0	-2.04E-05	8.03E-06	-9.59E-06	-1.19E-05
7	12	0	0	0	0	0	0	232	254	0	-2.06E-05	7.42E-06	-1.07E-05	-1.50E-05
7	13	0	0	0	0	0	0	232	254	0	-2.06E-05	7.42E-06	-1.07E-05	-1.50E-05
7	14	0	0	0	0	0	0	232	254	0	-2.04E-05	5.69E-06	-9.77E-06	-1.71E-05
7	15	0	0	0	0	0	0	232	254	0	-2.04E-05	5.69E-06	-9.77E-06	-1.71E-05
7	16	0	0	0	0	0	0	232	254	0	-2.09E-05	5.20E-06	-1.04E-05	-1.58E-05
7	17	0	0	0	0	0	0	232	254	0	-2.09E-05	5.20E-06	-1.04E-05	-1.58E-05
7	18	0	0	0	0	0	0	232	254	0	-2.15E-05	5.66E-06	-1.03E-05	-1.13E-05
7	19	0	0	0	0	0	0	232	254	0	-2.15E-05	5.66E-06	-1.03E-05	-1.13E-05
8	0	0	0	0	0	0	0	232	254	0	-2.26E-05	5.42E-06	-9.96E-06	-9.57E-06
8	1	0	0	0	0	0	0	232	254	0	-2.30E-05	4.63E-06	-8.76E-06	-9.57E-06
8	2	0	0	0	0	0	0	232	254	0	-2.30E-05	4.63E-06	-8.76E-06	-9.57E-06
8	3	0	0	0	0	0	0	232	254	0	-2.21E-05	4.25E-06	-8.22E-06	-9.68E-06
8	4	0	0	0	0	0	0	232	254	0	-2.21E-05	4.25E-06	-8.22E-06	-9.68E-06
8	5	0	0	0	0	0	0	232	254	0	-2.19E-05	4.88E-06	-8.68E-06	-1.27E-05
8	6	0	0	0	0	0	0	232	254	0	-2.19E-05	4.88E-06	-8.68E-06	-1.27E-05
8	7	0	0	0	0	0	0	232	254	0	-2.22E-05	5.89E-06	-7.98E-06	-1.28E-05
8	8	0	0	0	0	0	0	232	254	0	-2.22E-05	5.89E-06	-7.98E-06	-1.28E-05
8	9	0	0	0	0	0	0	232	254	0	-2.19E-05	4.39E-06	-7.33E-06	-1.34E-05
8	10	0	0	0	0	0	0	232	254	0	-2.03E-05	2.61E-06	-7.67E-06	-1.29E-05
8	11	0	0	0	0	0	0	232	254	0	-2.03E-05	2.61E-06	-7.67E-06	-1.29E-05
8	12	0	0	0	0	0	0	232	254	0	-1.96E-05	2.64E-06	-8.12E-06	-1.30E-05
8	13	0	0	0	0	0	0	232	254	0	-1.96E-05	2.64E-06	-8.12E-06	-1.30E-05
8	14	0	0	0	0	0	0	232	254	0	-1.98E-05	5.13E-06	-8.22E-06	-1.44E-05
8	15	0	0	0	0	0	0	232	254	0	-1.98E-05	5.13E-06	-8.22E-06	-1.44E-05
8	16	0	0	0	0	0	0	232	254	0	-2.01E-05	5.41E-06	-8.91E-06	-1.46E-05
8	17	0	0	0	0	0	0	232	254	0	-2.01E-05	5.41E-06	-8.91E-06	-1.46E-05
8	18	0	0	0	0	0	0	232	254	0	-2.10E-05	3.55E-06	-8.78E-06	-1.30E-05
8	19	0	0	0	0	0	0	232	254	0	-2.25E-05	3.54E-06	-9.24E-06	-1.08E-05
9	0	0	0	0	0	0	0	232	254	0	-2.25E-05	3.54E-06	-9.24E-06	-1.08E-05
9	1	0	0	0	0	0	0	232	254	0	-2.24E-05	3.40E-06	-8.88E-06	-1.22E-05
9	2	0	0	0	0	0	0	232	254	0	-2.24E-05	3.40E-06	-8.88E-06	-1.22E-05
9	3	0	0	0	0	0	0	232	254	0	-2.08E-05	4.10E-06	-7.42E-06	-1.53E-05
9	4	0	0	0	0	0	0	232	254	0	-2.08E-05	4.10E-06	-7.42E-06	-1.53E-05
9	5	0	0	0	0	0	0	232	254	0	-1.93E-05	3.39E-06	-6.65E-06	-1.63E-05
9	6	0	0	0	0	0	0	232	254	0	-1.93E-05	3.39E-06	-6.65E-06	-1.63E-05
9	7	0	0	0	0	0	0	232	254	0	-1.86E-05	2.97E-06	-7.00E-06	-1.75E-05
9	8	0	0	0	0	0	0	232	254	0	-1.86E-05	3.48E-06	-7.67E-06	-1.70E-05
9	9	0	0	0	0	0	0	232	254	0	-1.86E-05	3.48E-06	-7.67E-06	-1.70E-05
9	10	0	0	0	0	0	0	232	254	0	-1.81E-05	2.67E-06	-7.32E-06	-1.43E-05
9	11	0	0	0	0	0	0	232	254	0	-1.81E-05	2.67E-06	-7.32E-06	-1.43E-05
9	12	0	0	0	0	0	0	232	254	0	-1.88E-05	1.27E-06	-7.73E-06	-1.17E-05
9	13	0	0	0	0	0	0	232	254	0	-1.88E-05	1.27E-06	-7.73E-06	-1.17E-05
9	14	0	0	0	0	0	0	232	254	0	-1.93E-05	1.75E-06	-7.60E-06	-8.29E-06
9	15	0	0	0	0	0	0	232	254	0	-1.93E-05	1.75E-06	-7.60E-06	-8.29E-06
9	16	0	0	0	0	0	0	232	254	0	-1.98E-05	1.50E-06	-6.93E-06	-6.59E-06
9	17	0	0	0	0	0	0	232	254	0	-2.00E-05	1.40E-06	-8.65E-06	-5.35E-06
9	18	0	0	0	0	0	0	232	254	0	-2.00E-05	1.40E-06	-8.65E-06	-5.35E-06
9	19	0	0	0	0	0	0	232	254	0	-1.94E-05	2.76E-06	-9.80E-06	-5.55E-06
10	0	0	0	0	0	0	0	232	254	0	-1.94E-05	2.76E-06	-9.80E-06	-5.55E-06
10	1	0	0	0	0	0	0	232	254	0	-1.90E-05	4.61E-06	-9.68E-06	-1.02E-05
10	2	0	0	0	0	0	0	232	254	0	-1.90E-05	4.61E-06	-9.68E-06	-1.02E-05
10	3	0	0	0	0	0	0	232	254	0	-1.87E-05	3.38E-06	-9.57E-06	-1.59E-05
10	4	0	0	0	0	0	0	232	254	0	-1.87E-05	3.38E-06	-9.57E-06	-1.59E-05
10	5	0	0	0	0	0	0	232	254	0	-1.90E-05	2.06E-06	-1.05E-05	-1.67E-05
10	6	0	0	0	0	0	0	232	254	0	-1.90E-05	2.30E-06	-1.05E-05	-1.40E-05
10	7	0	0	0	0	0	0	232	254	0	-1.90E-05	2.30E-06	-1.05E-05	-1.40E-05
10	8	0	0	0	0	0	0	232	254	0	-1.97E-05	3.54E-06	-9.33E-06	-1.43E-05
10	9	0	0	0	0	0	0	232	254	0	-1.97E-05	3.54E-06	-9.33E-06	-1.43E-05
10	10	0	0	0	0	0	0	232	254	0	-2.11E-05	3.46E-06	-8.10E-06	-1.33E-05
10	11	0	0	0	0	0	0	232	254	0	-2.11E-05	3.46E-06	-8.10E-06	-1.33E-05
10	12	0	0	0	0	0	0	232	254	0	-2.28E-05	4.56E-06	-9.09E-06	-9.06E-06
10	13	0	0	0	0	0	0	232	254	0	-2.28E-05	4.56E-06	-9.09E-06	-9.06E-06
10	14	0	0	0	0	0	0	232	254	0	-2.31E-05	7.25E-06	-9.96E-06	-7.50E-06
10	15	0	0	0	0	0	0	232	254	0	-2.28E-05	6.63E-06	-8.59E-06	-7.33E-06
10	16	0	0	0	0	0	0	232	254	0	-2.28E-05	6.63E-06	-8.59E-06	-7.33E-06
10	17	0	0	0	0	0	0	232	254	0	-2.15E-05	5.42E-06	-8.34E-06	-7.90E-06
10	18	0	0	0	0	0	0	232	254	0	-2.15E-05	5.42E-06	-8.34E-06	-7.90E-06
10	19	0	0	0	0	0	0	232	254	0	-2.05E-05	5.20E-06	-7.65E-06	-9.48E-06
11	0	0	0	0	0	0	0	232	254	0	-2.05E-05	5.20E-06	-7.65E-06	-9.48E-06
11	1	0	0	0	0	0	0	232	254	0	-2.10E-05	5.66E-06	-7.56E-06	-7.91E-06
11	2	0	0	0	0	0	0	232	254	0	-2.10E-05	5.66E-06	-7.56E-06	-7.91E-06
11	3	0	0	0	0	0	0	232	254	0	-2.09E-05	7.47E-06	-8.75E-06	-6.43E-06
11	4	0	0	0	0	0	0	232	254	0	-2.10E-05	7.09E-06	-7.86E-06	-1.19E-05
11	5	0	0	0	0	0	0	232	254	0	-2.10E-05	7.09E-06	-7.86E-06	-1.19E-05
11	6	0	0	0	0	0	0	232	254	0	-2.19E-05	6.89E-06	-6.76E-06	-1.57E-05
11	7	0	0	0	0	0	0	232	254	0	-2.19E-05	6.89E-06	-6.76E-06	-1.57E-05
11	8	0	0	0	0	0	0	232	254	0	-2.27E-05	7.62E-06	-7.91E-06	-1.38E-05
11	9	0	0	0	0	0	0	232	254	0	-2.27E-05	7.62E-06	-7.91E-06	-1.38E-05
11	10	0	0	0	0	0	0	232	254	0	-2.26E-05	6.18E-06	-8.67E-06	-1.30E-05
11	11	0	0	0	0	0	0	232	254	0	-2.26E-05	6.18E-06	-8.67E-06	-1.30E-05
11	12	0	0	0	0	0	0	232	254	0	-2.10E-05	5.71E-06	-8.39E-06	-1.49E-05
11	13	0	0	0	0	0	0	232	254	0	-1.94E-05	7.01E-06	-8.22E-06	-1.52E-05
11	14	0	0	0	0	0	0	232	254	0	-1.94E-05	7.01E-06	-8.22E-06	-1.52E-05
11	15	0	0	0	0	0	0	232	254	0	-2.04E-05	6.64E-06	-8.34E-06	-1.77E-05
11	16	0	0	0	0	0	0	232	254	0	-2.04E-05	6.64E-06	-8.34E-06	-1.77E-05
11	17	0	0	0	0	0	0	232	254	0	-2.10E-05	7.35E-06	-8.05E-06	-1.71E-05
11	18	0	0	0	0	0	0	232	254	0	-2.10E-05	7.35E-06	-8.05E-06	-1.71E-05
11	19	0	0	0	0	0	0	232	254	0	-2.09E-05	7.89E-06	-8.80E-06	-1.47E-05
12	0	0	0	0	0	0	0	232	254	0	-2.09E-05	7.89E-06	-8.80E-06	-1.47E-05
12	1	0	0	0	0	0	0	232	254	0	-2.24E-05	6.41E-06	-1.08E-05	-1.46E-05
12	2	0	0	0	0	0	0	232	254	0	-2.30E-05	4.68E-06	-1.18E-05	-1.43E-05
12	3	0	0	0	0	0	0	232	254	0	-2.30E-05	4.68E-06	-1.18E-05	-1.43E-05
12	4	0	0	0	0	0	0	232	254	0	-2.23E-05	4.31E-06	-1.12E-05	-1.25E-05
12	5	0	0	0	0	0	0	232	254	0	-2.23E-05	4.31E-06	-1.12E-05	-1.25E-05
12	6	0	0	0	0	0	0	232	254	0	-2.08E-05	4.82E-06	-9.54E-06	-1.23E-05
12	7	0	0	0	0	0	0	232	254	0	-2.08E-05	4.82E-06	-9.54E-06	-1.23E-05
12	8	0	0	0	0	0	0	232	254	0	-2.05E-05	4.92E-06	-9.81E-06	-1.30E-05
12	9	0	0	0	0	0	0	232	254	0	-2.05E-05	4.92E-06	-9.81E-06	-1.30E-05
12	10	0	0	0	0	0	0	232	254	0	-2.00E-05	4.07E-06	-1.00E-05	-1.37E-05
12	11	0	0	0	0	0	0	232	254	0	-1.96E-05	3.24E-06	-1.07E-05	-1.39E-05
12	12	0	0	0	0	0	0	232	254	0	-1.96E-05	3.24E-06	-1.07E-05	-1.39E-05
12	13	0	0	0	0	0	0	232	254	0	-2.07E-05	3.02E-06	-1.05E-05	-1.21E-05
12	14	0	0	0	0	0	0	232	254	0	-2.07E-05	3.02E-06	-1.05E-05	-1.21E-05
12	15	0	0	0	0	0	0	232	254	0	-2.16E-05	2.68E-06	-8.87E-06	-1.16E-05
12	16	0	0	0	0	0	0	232	254	0	-2.16E-05	2.68E-06	-8.87E-06	-1.16E-05
12	17	0	0	0	0	0	0	232	254	0	-2.17E-05	3.43E-06	-8.68E-06	-1.23E-05
12	18	0	0	0	0	0	0	232	254	0	-2.17E-05	3.43E-06	-8.68E-06	-1.23E-05
12	19	0	0	0	0	0	0	232	254	0	-2.07E-05	5.23E-06	-1.00E-05	-1.10E-05
13	0	0	0	0	0	0	0	232	254	0	-1.94E-05	5.87E-06	-9.55E-06	-9.78E-06
13	1	0	0	0	0	0	0	232	254	0	-1.94E-05	5.87E-06	-9.55E-06	-9.78E-06
13	2	0	0	0	0	0	0	232	254	0	-1.94E-05	6.33E-06	-9.18E-06	-9.23E-06
13	3	0	0	0	0	0	0	232	254	0	-1.94E-05	6.33E-06	-9.18E-06	-9.23E-06
13	4	0	0	0	0	0	0	232	254	0	-1.92E-05	5.52E-06	-9.92E-06	-9.63E-06
13	5	0	0	0	0	0	0	232	254	0	-1.92E-05	5.52E-06	-9.92E-06	-9.63E-06
13	6	0	0	0	0	0	0	232	254	0	-2.03E-05	4.01E-06	-1.00E-05	-8.54E-06
13	7	0	0	0	0	0	0	232	254	0	-2.03E-05	4.01E-06	-1.00E-05	-8.54E-06
13	8	0	0	0	0	0	0	232	254	0	-2.10E-05	4.66E-06	-8.76E-06	-9.26E-06
13	9	0	0	0	0	0	0	232	254	0	-2.10E-05	4.75E-06	-8.00E-06	-8.42E-06
13	10	0	0	0	0	0	0	232	254	0	-2.10E-05	4.75E-06	-8.00E-06	-8.42E-06
13	11	0	0	0	0	0	0	232	254	0	-2.11E-05	3.96E-06	-8.69E-06	-1.13E-05
13	12	0	0	0	0	0	0	232	254	0	-2.11E-05	3.96E-06	-8.69E-06	-1.13E-05
13	13	0	0	0	0	0	0	232	254	0	-2.07E-05	3.81E-06	-8.95E-06	-1.49E-05
13	14	0	0	0	0	0	0	232	254	0	-2.07E-05	3.81E-06	-8.95E-06	-1.49E-05
13	15	0	0	0	0	0	0	232	254	0	-2.10E-05	3.18E-06	-8.44E-06	-1.33E-05
13	16	0	0	0	0	0	0	232	254	0	-2.10E-05	3.18E-06	-8.44E-06	-1.33E-05
13	17	0	0	0	0	0	0	232	254	0	-2.20E-05	2.40E-06	-8.57E-06	-1.36E-05
13	18	0	0	0	0	0	0	232	254	0	-2.29E-05	1.71E-08	-8.84E-06	-1.47E-05
13	19	0	0	0	0	0	0	232	254	0	-2.29E-05	1.71E-08	-8.84E-06	-1.47E-05
14	0	0	0	0	0	0	0	232	254	0	-2.27E-05	7.02E-07	-9.12E-06	-1.55E-05
14	1	0	0	0	0	0	0	232	254	0	-2.27E-05	7.02E-07	-9.12E-06	-1.55E-05
14	2	0	0	0	0	0	0	232	254	0	-2.24E-05	2.65E-06	-7.98E-06	-1.61E-05
14	3	0	0	0	0	0	0	232	254	0	-2.24E-05	2.65E-06	-7.98E-06	-1.61E-05
14	4	0	0	0	0	0	0	232	254	0	-2.41E-05	3.64E-06	-7.27E-06	-1.58E-05
14	5	0	0	0	0	0	0	232	254	0	-2.41E-05	3.64E-06	-7.27E-06	-1.58E-05
14	6	0	0	0	0	0	0	232	254	0	-2.43E-05	4.32E-06	-7.45E-06	-1.46E-05
14	7	0	0	0	0	0	0	232	254	0	-2.20E-05	4.30E-06	-8.01E-06	-1.05E-05
14	8	0	0	0	0	0	0	232	254	0	-2.20E-05	4.30E-06	-8.01E-06	-1.05E-05
14	9	0	0	0	0	0	0	232	254	0	-2.01E-05	4.42E-06	-8.79E-06	-7.02E-06
14	10	0	0	0	0	0	0	232	254	0	-2.01E-05	4.42E-06	-8.79E-06	-7.02E-06
14	11	0	0	0	0	0	0	232	254	0	-1.96E-05	4.08E-06	-7.92E-06	-8.72E-06
14	12	0	0	0	0	0	0	232	254	0	-1.96E-05	4.08E-06	-7.92E-06	-8.72E-06
14	13	0	0	0	0	0	0	232	254	0	-2.05E-05	4.66E-06	-8.41E-06	-1.13E-05
14	14	0	0	0	0	0	0	232	254	0	-2.05E-05	4.66E-06	-8.41E-06	-1.13E-05
14	15	0	0	0	0	0	0	232	254	0	-2.10E-05	5.61E-06	-9.58E-06	-1.15E-05
14	16	0	0	0	0	0	0	232	254	0	-2.10E-05	4.62E-06	-9.45E-06	-1.10E-05
14	17	0	0	0	0	0	0	232	254	0	-2.10E-05	4.62E-06	-9.45E-06	-1.10E-05
14	18	0	0	0	0	0	0	232	254	0	-2.17E-05	4.37E-06	-8.78E-06	-1.09E-05
14	19	0	0	0	0	0	0	232	254	0	-2.17E-05	4.37E-06	-8.78E-06	-1.09E-05
15	0	0	0	0	0	0	0	232	254	0	-2.15E-05	5.90E-06	-8.79E-06	-1.24E-05
15	1	0	0	0	0	0	0	232	254	0	-2.15E-05	5.90E-06	-8.79E-06	-1.24E-05
15	2	0	0	0	0	0	0	232	254	0	-2.11E-05	6.09E-06	-9.12E-06	-1.54E-05
15	3	0	0	0	0	0	0	232	254	0	-2.11E-05	6.09E-06	-9.12E-06	-1.54E-05
15	4	0	0	0	0	0	0	232	254	0	-2.03E-05	5.87E-06	-9.57E-06	-1.54E-05
15	5	0	0	0	0	0	0	232	254	0	-1.94E-05	5.65E-06	-9.62E-06	-1.55E-05
15	6	0	0	0	0	0	0	232	254	0	-1.94E-05	5.65E-06	-9.62E-06	-1.55E-05
15	7	0	0	0	0	0	0	232	254	0	-1.99E-05	4.86E-06	-9.34E-06	-1.61E-05
15	8	0	0	0	0	0	0	232	254	0	-1.99E-05	4.86E-06	-9.34E-06	-1.61E-05
15	9	0	0	0	0	0	0	232	254	0	-2.08E-05	5.33E-06	-9.00E-06	-1.61E-05
15	10	0	0	0	0	0	0	232	254	0	-2.08E-05	5.33E-06	-9.00E-06	-1.61E-05
15	11	0	0	0	0	0	0	232	254	0	-2.14E-05	4.68E-06	-9.47E-06	-1.55E-05
15	12	0	0	0	0	0	0	232	254	0	-2.14E-05	4.68E-06	-9.47E-06	-1.55E-05
15	13	0	0	0	0	0	0	232	254	0	-2.17E-05	4.42E-06	-9.39E-06	-1.57E-05
15	14	0	0	0	0	0	0	232	254	0	-1.98E-05	4.19E-06	-8.78E-06	-1.62E-05
15	15	0	0	0	0	0	0	232	254	0	-1.98E-05	4.19E-06	-8.78E-06	-1.62E-05
15	16	0	0	0	0	0	0	232	254	0	-1.73E-05	3.80E-06	-9.24E-06	-1.78E-05
15	17	0	0	0	0	0	0	232	254	0	-1.73E-05	3.80E-06	-9.24E-06	-1.78E-05
15	18	0	0	0	0	0	0	232	254	0	-1.74E-05	2.21E-06	-8.88E-06	-1.97E-05
15	19	0	0	0	0	0	0	232	254	0	-1.74E-05	2.21E-06	-8.88E-06	-1.97E-05
16	0	0	0	0	0	0	0	232	254	0	-1.89E-05	1.05E-06	-7.88E-06	-1.89E-05
16	1	0	0	0	0	0	0	232	254	0	-1.89E-05	1.05E-06	-7.88E-06	-1.89E-05
16	2	0	0	0	0	0	0	232	254	0	-1.97E-05	1.07E-06	-7.10E-06	-1.58E-05
16	3	0	0	0	0	0	0	232	254	0	-1.92E-05	1.06E-06	-6.65E-06	-1.37E-05
16	4	0	0	0	0	0	0	232	254	0	-1.92E-05	1.06E-06	-6.65E-06	-1.37E-05
16	5	0	0	0	0	0	0	232	254	0	-1.82E-05	2.03E-06	-7.34E-06	-1.35E-05
16	6	0	0	0	0	0	0	232	254	0	-1.82E-05	2.03E-06	-7.34E-06	-1.35E-05
16	7	0	0	0	0	0	0	232	254	0	-1.92E-05	4.57E-06	-7.72E-06	-1.19E-05
16	8	0	0	0	0	0	0	232	254	0	-1.92E-05	4.57E-06	-7.72E-06	-1.19E-05
16	9	0	0	0	0	0	0	232	254	0	-2.11E-05	6.22E-06	-7.84E-06	-9.94E-06
16	10	0	0	0	0	0	0	232	254	0	-2.11E-05	6.22E-06	-7.84E-06	-9.94E-06
16	11	0	0	0	0	0	0	232	254	0	-2.07E-05	6.09E-06	-7.66E-06	-1.13E-05
16	12	0	0	0	0	0	0	232	254	0	-2.17E-05	6.10E-06	-8.92E-06	-1.16E-05
16	13	0	0	0	0	0	0	232	254	0	-2.17E-05	6.10E-06	-8.92E-06	-1.16E-05
16	14	0	0	0	0	0	0	232	254	0	-2.16E-05	4.61E-06	-9.34E-06	-1.02E-05
16	15	0	0	0	0	0	0	232	254	0	-2.16E-05	4.61E-06	-9.34E-06	-1.02E-05
16	16	0	0	0	0	0	0	232	254	0	-2.03E-05	3.63E-06	-8.09E-06	-1.06E-05
16	17	0	0	0	0	0	0	232	254	0	-2.03E-05	3.63E-06	-8.09E-06	-1.06E-05
16	18	0	0	0	0	0	0	232	254	0	-2.07E-05	5.12E-06	-8.58E-06	-8.91E-06
16	19	0	0	0	0	0	0	232	254	0	-2.07E-05	5.12E-06	-8.58E-06	-8.91E-06
17	0	0	0	0	0	0	0	232	254	0	-2.35E-05	5.30E-06	-7.81E-06	-1.05E-05
17	1	0	0	0	0	0	0	232	254	0	-2.46E-05	6.06E-06	-8.02E-06	-9.47E-06
17	2	0	0	0	0	0	0	232	254	0	-2.46E-05	6.06E-06	-8.02E-06	-9.47E-06
17	3	0	0	0	0	0	0	232	254	0	-2.31E-05	5.63E-06	-9.87E-06	-1.07E-05
17	4	0	0	0	0	0	0	232	254	0	-2.31E-05	5.63E-06	-9.87E-06	-1.07E-05
17	5	0	0	0	0	0	0	232	254	0	-2.24E-05	5.20E-06	-1.03E-05	-1.31E-05
17	6	0	0	0	0	0	0	232	254	0	-2.24E-05	5.20E-06	-1.03E-05	-1.31E-05
17	7	0	0	0	0	0	0	232	254	0	-2.14E-05	4.52E-06	-1.06E-05	-1.41E-05
17	8	0	0	0	0	0	0	232	254	0	-2.14E-05	4.52E-06	-1.06E-05	-1.41E-05
17	9	0	0	0	0	0	0	232	254	0	-2.12E-05	3.51E-06	-1.09E-05	-1.72E-05
17	10	0	0	0	0	0	0	232	254	0	-2.11E-05	3.65E-06	-1.00E-05	-1.68E-05
17	11	0	0	0	0	0	0	232	254	0	-2.11E-05	3.65E-06	-1.00E-05	-1.68E-05
17	12	0	0	0	0	0	0	232	254	0	-2.03E-05	3.86E-06	-9.34E-06	-1.22E-05
17	13	0	0	0	0	0	0	232	254	0	-2.03E-05	3.86E-06	-9.34E-06	-1.22E-05
17	14	0	0	0	0	0	0	232	254	0	-2.02E-05	2.95E-06	-9.92E-06	-1.12E-05
17	15	0	0	0	0	0	0	232	254	0	-2.02E-05	2.95E-06	-9.92E-06	-1.12E-05
17	16	0	0	0	0	0	0	232	254	0	-2.03E-05	2.40E-06	-9.90E-06	-8.85E-06
17	17	0	0	0	0	0	0	232	254	0	-2.03E-05	2.40E-06	-9.90E-06	-8.85E-06
17	18	0	0	0	0	0	0	232	254	0	-2.03E-05	3.83E-06	-8.71E-06	-7.10E-06
17	19	0	0	0	0	0	0	232	254	0	-2.04E-05	4.99E-06	-8.22E-06	-9.39E-06
18	0	0	0	0	0	0	0	232	254	0	-2.04E-05	4.99E-06	-8.22E-06	-9.39E-06
18	1	0	0	0	0	0	0	232	254	0	-2.04E-05	4.52E-06	-9.25E-06	-1.22E-05
18	2	0	0	0	0	0	0	232	254	0	-2.04E-05	4.52E-06	-9.25E-06	-1.22E-05
18	3	0	0	0	0	0	0	232	254	0	-2.08E-05	4.20E-06	-8.71E-06	-1.21E-05
18	4	0	0	0	0	0	0	232	254	0	-2.08E-05	4.20E-06	-8.71E-06	-1.21E-05
18	5	0	0	0	0	0	0	232	254	0	-2.06E-05	3.06E-06	-9.25E-06	-1.14E-05
18	6	0	0	0	0	0	0	232	254	0	-2.06E-05	3.06E-06	-9.25E-06	-1.14E-05
18	7	0	0	0	0	0	0	232	254	0	-2.02E-05	4.00E-06	-1.08E-05	-8.28E-06
18	8	0	0	0	0	0	0	232	254	0	-1.89E-05	5.73E-06	-1.19E-05	-7.79E-06
18	9	0	0	0	0	0	0	232	254	0	-1.89E-05	5.73E-06	-1.19E-05	-7.79E-06
18	10	0	0	0	0	0	0	232	254	0	-1.88E-05	3.93E-06	-9.97E-06	-7.31E-06
18	11	0	0	0	0	0	0	232	254	0	-1.88E-05	3.93E-06	-9.97E-06	-7.31E-06
18	12	0	0	0	0	0	0	232	254	0	-1.91E-05	2.97E-06	-8.67E-06	-6.54E-06
18	13	0	0	0	0	0	0	232	254	0	-1.91E-05	2.97E-06	-8.67E-06	-6.54E-06
18	14	0	0	0	0	0	0	232	254	0	-1.90E-05	4.50E-06	-7.88E-06	-7.63E-06
18	15	0	0	0	0	0	0	232	254	0	-1.90E-05	4.50E-06	-7.88E-06	-7.63E-06
18	16	0	0	0	0	0	0	232	254	0	-2.01E-05	5.20E-06	-6.76E-06	-8.22E-06
18	17	0	0	0	0	0	0	232	254	0	-2.09E-05	6.12E-06	-6.26E-06	-1.03E-05
18	18	0	0	0	0	0	0	232	254	0	-2.09E-05	6.12E-06	-6.26E-06	-1.03E-05
18	19	0	0	0	0	0	0	232	254	0	-2.09E-05	6.09E-06	-6.78E-06	-1.15E-05
19	0	0	0	0	0	0	0	232	254	0	-2.09E-05	6.09E-06	-6.78E-06	-1.15E-05
19	1	0	0	0	0	0	0	232	254	0	-2.07E-05	4.96E-06	-7.28E-06	-8.39E-06
19	2	0	0	0	0	0	0	232	254	0	-2.07E-05	4.96E-06	-7.28E-06	-8.39E-06
19	3	0	0	0	0	0	0	232	254	0	-2.18E-05	2.94E-06	-7.27E-06	-7.11E-06
19	4	0	0	0	0	0	0	232	254	0	-2.18E-05	2.94E-06	-7.27E-06	-7.11E-06
19	5	0	0	0	0	0	0	232	254	0	-2.19E-05	3.55E-06	-8.36E-06	-5.62E-06
19	6	0	0	0	0	0	0	232	254	0	-2.05E-05	3.74E-06	-9.12E-06	-4.18E-06
19	7	0	0	0	0	0	0	232	254	0	-2.05E-05	3.74E-06	-9.12E-06	-4.18E-06
19	8	0	0	0	0	0	0	232	254	0	-2.00E-05	3.07E-06	-7.64E-06	-5.00E-06
19	9	0	0	0	0	0	0	232	254	0	-2.00E-05	3.07E-06	-7.64E-06	-5.00E-06
19	10	0	0	0	0	0	0	232	254	0	-1.97E-05	2.85E-06	-8.25E-06	-8.84E-06
19	11	0	0	0	0	0	0	232	254	0	-1.97E-05	2.85E-06	-8.25E-06	-8.84E-06
19	12	0	0	0	0	0	0	232	254	0	-1.96E-05	3.08E-06	-8.55E-06	-1.03E-05
19	13	0	0	0	0	0	0	232	254	0	-1.96E-05	3.08E-06	-8.55E-06	-1.03E-05
19	14	0	0	0	0	0	0	232	254	0	-1.98E-05	4.33E-06	-8.96E-06	-1.14E-05
19	15	0	0	0	0	0	0	232	254	0	-2.01E-05	3.27E-06	-9.12E-06	-1.31E-05
19	16	0	0	0	0	0	0	232	254	0	-2.01E-05	3.27E-06	-9.12E-06	-1.31E-05
19	17	0	0	0	0	0	0	232	254	0	-2.01E-05	2.63E-06	-9.18E-06	-9.95E-06
19	18	0	0	0	0	0	0	232	254	0	-2.01E-05	2.63E-06	-9.18E-06	-9.95E-06
19	19	0	0	0	0	0	0	232	254	0	-1.93E-05	4.74E-06	-9.12E-06	-1.05E-05
20	0	0	0	0	0	0	0	232	254	0	-1.93E-05	4.74E-06	-9.12E-06	-1.05E-05
20	1	0	0	0	0	0	0	232	254	0	-1.81E-05	4.80E-06	-8.72E-06	-1.59E-05
20	2	0	0	0	0	0	0	232	254	0	-1.81E-05	4.80E-06	-8.72E-06	-1.59E-05
20	3	0	0	0	0	0	0	232	254	0	-1.88E-05	3.57E-06	-8.79E-06	-1.77E-05
20	4	0	0	0	0	0	0	232	254	0	-2.00E-05	4.10E-06	-9.12E-06	-1.68E-05
20	5	0	0	0	0	0	0	232	254	0	-2.00E-05	4.10E-06	-9.12E-06	-1.68E-05
20	6	0	0	0	0	0	0	232	254	0	-1.92E-05	3.62E-06	-8.32E-06	-1.91E-05
20	7	0	0	0	0	0	0	232	254	0	-1.92E-05	3.62E-06	-8.32E-06	-1.91E-05
20	8	0	0	0	0	0	0	232	254	0	-1.93E-05	2.96E-06	-7.55E-06	-2.16E-05
20	9	0	0	0	0	0	0	232	254	0	-1.93E-05	2.96E-06	-7.55E-06	-2.16E-05
20	10	0	0	0	0	0	0	232	254	0	-1.99E-05	3.42E-06	-8.64E-06	-1.86E-05
20	11	0	0	0	0	0	0	232	254	0	-1.99E-05	3.42E-06	-8.64E-06	-1.86E-05
20	12	0	0	0	0	0	0	232	254	0	-1.91E-05	4.72E-06	-9.92E-06	-1.71E-05
20	13	0	0	0	0	0	0	232	254	0	-2.07E-05	4.75E-06	-1.09E-05	-2.04E-05
20	14	0	0	0	0	0	0	232	254	0	-2.07E-05	4.75E-06	-1.09E-05	-2.04E-05
20	15	0	0	0	0	0	0	232	254	0	-2.26E-05	3.39E-06	-1.03E-05	-1.87E-05
20	16	0	0	0	0	0	0	232	254	0	-2.26E-05	3.39E-06	-1.03E-05	-1.87E-05
20	17	0	0	0	0	0	0	232	254	0	-2.36E-05	3.31E-06	-1.01E-05	-1.24E-05
20	18	0	0	0	0	0	0	232	254	0	-2.36E-05	3.31E-06	-1.01E-05	-1.24E-05
20	19	0	0	0	0	0	0	232	254	0	-2.44E-05	3.75E-06	-1.13E-05	-1.30E-05
21	0	0	0	0	0	0	0	232	254	0	-2.44E-05	3.75E-06	-1.13E-05	-1.30E-05
21	1	0	0	0	0	0	0	232	254	0	-2.44E-05	3.86E-06	-1.12E-05	-1.79E-05
21	2	0	0	0	0	0	0	232	254	0	-2.41E-05	3.40E-06	-9.77E-06	-1.83E-05
21	3	0	0	0	0	0	0	232	254	0	-2.41E-05	3.40E-06	-9.77E-06	-1.83E-05
21	4	0	0	0	0	0	0	232	254	0	-2.41E-05	2.39E-06	-9.46E-06	-1.53E-05
21	5	0	0	0	0	0	0	232	254	0	-2.41E-05	2.39E-06	-9.46E-06	-1.53E-05
21	6	0	0	0	0	0	0	232	254	0	-2.34E-05	4.41E-06	-9.34E-06	-1.68E-05
21	7	0	0	0	0	0	0	232	254	0	-2.34E-05	4.41E-06	-9.34E-06	-1.68E-05
21	8	0	0	0	0	0	0	232	254	0	-2.35E-05	5.77E-06	-8.21E-06	-1.93E-05
21	9	0	0	0	0	0	0	232	254	0	-2.35E-05	5.77E-06	-8.21E-06	-1.93E-05
21	10	0	0	0	0	0	0	232	254	0	-2.44E-05	5.99E-06	-8.52E-06	-1.94E-05
21	11	0	0	0	0	0	0	232	254	0	-2.33E-05	6.84E-06	-9.81E-06	-1.97E-05
21	12	0	0	0	0	0	0	232	254	0	-2.33E-05	6.84E-06	-9.81E-06	-1.97E-05
21	13	0	0	0	0	0	0	232	254	0	-2.24E-05	6.76E-06	-9.10E-06	-1.61E-05
21	14	0	0	0	0	0	0	232	254	0	-2.24E-05	6.76E-06	-9.10E-06	-1.61E-05
21	15	0	0	0	0	0	0	232	254	0	-2.00E-05	4.72E-06	-8.22E-06	-1.32E-05
21	16	0	0	0	0	0	0	232	254	0	-2.00E-05	4.72E-06	-8.22E-06	-1.32E-05
21	17	0	0	0	0	0	0	232	254	0	-1.90E-05	3.06E-06	-7.83E-06	-1.26E-05
21	18	0	0	0	0	0	0	232	254	0	-1.90E-05	3.06E-06	-7.83E-06	-1.26E-05
21	19	0	0	0	0	0	0	232	254	0	-2.07E-05	3.48E-06	-7.72E-06	-1.21E-05
22	0	0	0	0	0	0	0	232	254	0	-2.14E-05	6.25E-06	-8.06E-06	-1.16E-05
22	1	0	0	0	0	0	0	232	254	0	-2.14E-05	6.25E-06	-8.06E-06	-1.16E-05
22	2	0	0	0	0	0	0	232	254	0	-2.21E-05	7.73E-06	-8.22E-06	-1.34E-05
22	3	0	0	0	0	0	0	232	254	0	-2.21E-05	7.73E-06	-8.22E-06	-1.34E-05
22	4	0	0	0	0	0	0	232	254	0	-2.28E-05	8.23E-06	-7.88E-06	-1.52E-05
22	5	0	0	0	0	0	0	232	254	0	-2.28E-05	8.23E-06	-7.88E-06	-1.52E-05
22	6	0	0	0	0	0	0	232	254	0	-2.16E-05	7.59E-06	-7.61E-06	-1.42E-05
22	7	0	0	0	0	0	0	232	254	0	-2.16E-05	7.59E-06	-7.61E-06	-1.42E-05
22	8	0	0	0	0	0	0	232	254	0	-2.03E-05	7.67E-06	-7.78E-06	-1.13E-05
22	9	0	0	0	0	0	0	232	254	0	-1.99E-05	8.34E-06	-8.57E-06	-7.05E-06
22	10	0	0	0	0	0	0	232	254	0	-1.99E-05	8.34E-06	-8.57E-06	-7.05E-06
22	11	0	0	0	0	0	0	232	254	0	-2.01E-05	8.10E-06	-8.90E-06	-6.91E-06
22	12	0	0	0	0	0	0	232	254	0	-2.01E-05	8.10E-06	-8.90E-06	-6.91E-06
22	13	0	0	0	0	0	0	232	254	0	-1.97E-05	6.52E-06	-8.21E-06	-8.12E-06
22	14	0	0	0	0	0	0	232	254	0	-1.97E-05	6.52E-06	-8.21E-06	-8.12E-06
22	15	0	0	0	0	0	0	232	254	0	-1.95E-05	6.67E-06	-7.89E-06	-8.39E-06
22	16	0	0	0	0	0	0	232	254	0	-1.95E-05	6.67E-06	-7.89E-06	-8.39E-06
22	17	0	0	0	0	0	0	232	254	0	-1.97E-05	6.94E-06	-1.01E-05	-1.10E-05
22	18	0	0	0	0	0	0	232	254	0	-1.87E-05	5.06E-06	-1.06E-05	-1.27E-05
22	19	0	0	0	0	0	0	232	254	0	-1.87E-05	5.06E-06	-1.06E-05	-1.27E-05
23	0	0	0	0	0	0	0	232	254	0	-1.76E-05	4.54E-06	-9.38E-06	-1.20E-05
23	1	0	0	0	0	0	0	232	254	0	-1.76E-05	4.54E-06	-9.38E-06	-1.20E-05
23	2	0	0	0	0	0	0	232	254	0	-1.64E-05	5.84E-06	-9.92E-06	-1.39E-05
23	3	0	0	0	0	0	0	232	254	0	-1.64E-05	5.84E-06	-9.92E-06	-1.39E-05
23	4	0	0	0	0	0	0	232	254	0	-1.62E-05	6.49E-06	-9.49E-06	-1.40E-05
23	5	0	0	0	0	0	0	232	254	0	-1.62E-05	6.49E-06	-9.49E-06	-1.40E-05
23	6	0	0	0	0	0	0	232	254	0	-1.76E-05	3.35E-06	-8.84E-06	-1.20E-05
23	7	0	0	0	0	0	0	232	254	0	-1.97E-05	1.39E-06	-8.50E-06	-1.10E-05
23	8	0	0	0	0	0	0	232	254	0	-1.97E-05	1.39E-06	-8.50E-06	-1.10E-05
23	9	0	0	0	0	0	0	232	254	0	-2.03E-05	7.19E-07	-7.82E-06	-9.66E-06
23	10	0	0	0	0	0	0	232	254	0	-2.03E-05	7.19E-07	-7.82E-06	-9.66E-06
23	11	0	0	0	0	0	0	232	254	0	-2.14E-05	5.04E-07	-7.55E-06	-1.12E-05
23	12	0	0	0	0	0	0	232	254	0	-2.14E-05	5.04E-07	-7.55E-06	-1.12E-05
23	13	0	0	0	0	0	0	232	254	0	-2.27E-05	1.42E-06	-8.24E-06	-1.11E-05
23	14	0	0	0	0	0	0	232	254	0	-2.27E-05	1.42E-06	-8.24E-06	-1.11E-05
23	15	0	0	0	0	0	0	232	254	0	-2.16E-05	2.76E-06	-9.70E-06	-8.52E-06
23	16	0	0	0	0	0	0	232	254	0	-2.05E-05	3.53E-06	-1.05E-05	-9.49E-06
23	17	0	0	0	0	0	0	232	254	0	-2.05E-05	3.53E-06	-1.05E-05	-9.49E-06
23	18	0	0	0	0	0	0	232	254	0	-2.17E-05	3.58E-06	-9.89E-06	-6.42E-06
23	19	0	0	0	0	0	0	232	254	0	-2.17E-05	3.58E-06	-9.89E-06	-6.42E-06
24	0	0	0	0	0	0	0	232	254	0	-2.22E-05	5.35E-06	-1.05E-05	-7.27E-06
24	1	0	0	0	0	0	0	232	254	0	-2.22E-05	5.35E-06	-1.05E-05	-7.27E-06
24	2	0	0	0	0	0	0	232	254	0	-2.18E-05	5.98E-06	-1.07E-05	-9.59E-06
24	3	0	0	0	0	0	0	232	254	0	-2.18E-05	5.98E-06	-1.07E-05	-9.59E-06
24	4	0	0	0	0	0	0	232	254	0	-2.29E-05	3.94E-06	-9.09E-06	-9.96E-06
24	5	0	0	0	0	0	0	232	254	0	-2.32E-05	3.48E-06	-8.28E-06	-9.90E-06
24	6	0	0	0	0	0	0	232	254	0	-2.32E-05	3.48E-06	-8.28E-06	-9.90E-06
24	7	0	0	0	0	0	0	232	254	0	-2.05E-05	5.63E-06	-8.00E-06	-1.20E-05
24	8	0	0	0	0	0	0	232	254	0	-2.05E-05	5.63E-06	-8.00E-06	-1.20E-05
24	9	0	0	0	0	0	0	232	254	0	-2.00E-05	6.20E-06	-8.46E-06	-1.68E-05
24	10	0	0	0	0	0	0	232	254	0	-2.00E-05	6.20E-06	-8.46E-06	-1.68E-05
24	11	0	0	0	0	0	0	232	254	0	-2.07E-05	5.47E-06	-8.50E-06	-1.64E-05
24	12	0	0	0	0	0	0	232	254	0	-2.07E-05	5.47E-06	-8.50E-06	-1.64E-05
24	13	0	0	0	0	0	0	232	254	0	-1.98E-05	6.46E-06	-8.73E-06	-1.23E-05
24	14	0	0	0	0	0	0	232	254	0	-1.91E-05	5.68E-06	-8.90E-06	-1.46E-05
24	15	0	0	0	0	0	0	232	254	0	-1.91E-05	5.68E-06	-8.90E-06	-1.46E-05
24	16	0	0	0	0	0	0	232	254	0	-1.83E-05	5.15E-06	-8.44E-06	-1.72E-05
24	17	0	0	0	0	0	0	232	254	0	-1.83E-05	5.15E-06	-8.44E-06	-1.72E-05
24	18	0	0	0	0	0	0	232	254	0	-1.74E-05	4.75E-06	-9.71E-06	-1.81E-05
24	19	0	0	0	0	0	0	232	254	0	-1.74E-05	4.75E-06	-9.71E-06	-1.81E-05
25	0	0	0	0	0	0	0	232	254	0	-1.79E-05	4.76E-06	-1.14E-05	-1.74E-05
25	1	0	0	0	0	0	0	232	254	0	-1.79E-05	4.76E-06	-1.14E-05	-1.74E-05
25	2	0	0	0	0	0	0	232	254	0	-1.97E-05	4.64E-06	-1.09E-05	-1.66E-05
25	3	0	0	0	0	0	0	232	254	0	-2.12E-05	2.25E-06	-1.01E-05	-1.57E-05
25	4	0	0	0	0	0	0	232	254	0	-2.12E-05	2.25E-06	-1.01E-05	-1.57E-05
25	5	0	0	0	0	0	0	232	254	0	-1.98E-05	2.77E-06	-9.79E-06	-1.24E-05
25	6	0	0	0	0	0	0	232	254	0	-1.98E-05	2.77E-06	-9.79E-06	-1.24E-05
25	7	0	0	0	0	0	0	232	254	0	-2.01E-05	4.67E-06	-8.71E-06	-9.14E-06
25	8	0	0	0	0	0	0	232	254	0	-2.01E-05	4.67E-06	-8.71E-06	-9.14E-06
25	9	0	0	0	0	0	0	232	254	0	-2.32E-05	4.52E-06	-8.22E-06	-7.31E-06
25	10	0	0	0	0	0	0	232	254	0	-2.32E-05	4.52E-06	-8.22E-06	-7.31E-06
25	11	0	0	0	0	0	0	232	254	0	-2.39E-05	5.79E-06	-9.25E-06	-7.00E-06
25	12	0	0	0	0	0	0	232	254	0	-2.30E-05	7.23E-06	-1.11E-05	-7.16E-06
25	13	0	0	0	0	0	0	232	254	0	-2.30E-05	7.23E-06	-1.11E-05	-7.16E-06
25	14	0	0	0	0	0	0	232	254	0	-1.92E-05	5.50E-06	-1.07E-05	-7.56E-06
25	15	0	0	0	0	0	0	232	254	0	-1.92E-05	5.50E-06	-1.07E-05	-7.56E-06
25	16	0	0	0	0	0	0	232	254	0	-1.42E-05	4.76E-06	-7.73E-06	-4.41E-06
25	17	0	0	0	0	0	0	232	254	0	-1.42E-05	4.76E-06	-7.73E-06	-4.41E-06
25	18	0	0	0	0	0	0	232	254	0	-1.41E-05	3.73E-06	-7.00E-06	-4.59E-07
25	19	0	0	0	0	0	0	232	254	0	-1.41E-05	3.73E-06	-7.00E-06	-4.59E-07
26	0	0	0	0	0	0	0	232	254	0	-1.41E-05	1.82E-06	-7.90E-06	-2.64E-06
26	1	0	0	0	0	0	0	232	254	0	-1.18E-05	1.17E-06	-7.88E-06	-7.39E-06
26	2	0	0	0	0	0	0	232	254	0	-1.18E-05	1.17E-06	-7.88E-06	-7.39E-06
26	3	0	0	0	0	0	0	232	254	0	-1.21E-05	2.54E-06	-7.72E-06	-1.07E-05
26	4	0	0	0	0	0	0	232	254	0	-1.21E-05	2.54E-06	-7.72E-06	-1.07E-05
26	5	0	0	0	0	0	0	232	254	0	-1.90E-05	1.36E-06	-7.38E-06	-1.20E-05
26	6	0	0	0	0	0	0	232	254	0	-1.90E-05	1.36E-06	-7.38E-06	-1.20E-05
26	7	0	0	0	0	0	0	232	254	0	-2.68E-05	5.04E-07	-8.81E-06	-9.97E-06
26	8	0	0	0	0	0	0	232	254	0	-2.68E-05	5.04E-07	-8.81E-06	-9.97E-06
26	9	0	0	0	0	0	0	232	254	0	-3.20E-05	1.87E-06	-1.07E-05	-1.03E-05
26	10	0	0	0	0	0	0	232	254	0	-3.55E-05	3.77E-06	-1.06E-05	-1.18E-05
26	11	0	0	0	0	0	0	232	254	0	-3.55E-05	3.77E-06	-1.06E-05	-1.18E-05
26	12	0	0	0	0	0	0	232	254	0	-3.49E-05	4.71E-06	-1.05E-05	-1.13E-05
26	13	0	0	0	0	0	0	232	254	0	-3.49E-05	4.71E-06	-1.05E-05	-1.13E-05
26	14	0	0	0	0	0	0	232	254	0	-3.30E-05	4.41E-06	-8.98E-06	-1.06E-05
26	15	0	0	0	0	0	0	232	254	0	-3.30E-05	4.41E-06	-8.98E-06	-1.06E-05
26	16	0	0	0	0	0	0	232	254	0	-3.17E-05	3.28E-06	-8.00E-06	-1.14E-05
26	17	0	0	0	0	0	0	232	254	0	-3.17E-05	3.28E-06	-8.00E-06	-1.14E-05
26	18	0	0	0	0	0	0	232	254	0	-3.21E-05	3.08E-06	-8.00E-06	-1.28E-05
26	19	0	0	0	0	0	0	232	254	0	-3.13E-05	2.05E-06	-8.63E-06	-1.35E-05
27	0	0	0	0	0	0	0	232	254	0	-3.13E-05	2.05E-06	-8.63E-06	-1.35E-05
27	1	0	0	0	0	0	0	232	254	0	-2.82E-05	2.08E-06	-9.01E-06	-1.45E-05
27	2	0	0	0	0	0	0	232	254	0	-2.82E-05	2.08E-06	-9.01E-06	-1.45E-05
27	3	0	0	0	0	0	0	232	254	0	-2.66E-05	4.29E-06	-9.18E-06	-1.55E-05
27	4	0	0	0	0	0	0	232	254	0	-2.66E-05	4.29E-06	-9.18E-06	-1.55E-05
27	5	0	0	0	0	0	0	232	254	0	-2.59E-05	5.43E-06	-9.00E-06	-1.66E-05
27	6	0	0	0	0	0	0	232	254	0	-2.59E-05	5.43E-06	-9.00E-06	-1.66E-05
27	7	0	0	0	0	0	0	232	254	0	-2.43E-05	4.74E-06	-8.90E-06	-1.51E-05
27	8	0	0	0	0	0	0	232	254	0	-2.32E-05	3.45E-06	-9.47E-06	-1.54E-05
27	9	0	0	0	0	0	0	232	254	0	-2.32E-05	3.45E-06	-9.47E-06	-1.54E-05
27	10	0	0	0	0	0	0	232	254	0	-2.25E-05	3.48E-06	-7.45E-06	-1.57E-05
27	11	0	0	0	0	0	0	232	254	0	-2.25E-05	3.48E-06	-7.45E-06	-1.57E-05
27	12	0	0	0	0	0	0	232	254	0	-2.12E-05	3.35E-06	-7.29E-06	-1.52E-05
27	13	0	0	0	0	0	0	232	254	0	-2.12E-05	3.35E-06	-7.29E-06	-1.52E-05
27	14	0	0	0	0	0	0	232	254	0	-1.92E-05	3.65E-06	-9.32E-06	-1.40E-05
27	15	0	0	0	0	0	0	232	254	0	-1.92E-05	3.65E-06	-9.32E-06	-1.40E-05
27	16	0	0	0	0	0	0	232	254	0	-1.68E-05	4.77E-06	-1.09E-05	-1.27E-05
27	17	0	0	0	0	0	0	232	254	0	-1.57E-05	6.00E-06	-1.30E-05	-1.25E-05
27	18	0	0	0	0	0	0	232	254	0	-1.57E-05	6.00E-06	-1.30E-05	-1.25E-05
27	19	0	0	0	0	0	0	232	254	0	-1.56E-05	5.69E-06	-1.23E-05	-1.44E-05
28	0	0	0	0	0	0	0	232	254	0	-1.56E-05	5.69E-06	-1.23E-05	-1.44E-05
28	1	0	0	0	0	0	0	232	254	0	-1.53E-05	5.83E-06	-9.30E-06	-1.44E-05
28	2	0	0	0	0	0	0	232	254	0	-1.53E-05	5.83E-06	-9.30E-06	-1.44E-05
28	3	0	0	0	0	0	0	232	254	0	-1.54E-05	5.47E-06	-7.77E-06	-1.23E-05
28	4	0	0	0	0	0	0	232	254	0	-1.54E-05	5.47E-06	-7.77E-06	-1.23E-05
28	5	0	0	0	0	0	0	232	254	0	-1.72E-05	4.75E-06	-8.47E-06	-1.30E-05
28	6	0	0	0	0	0	0	232	254	0	-1.77E-05	3.62E-06	-7.98E-06	-1.41E-05
28	7	0	0	0	0	0	0	232	254	0	-1.77E-05	3.62E-06	-7.98E-06	-1.41E-05
28	8	0	0	0	0	0	0	232	254	0	-1.91E-05	2.96E-06	-7.44E-06	-1.61E-05
28	9	0	0	0	0	0	0	232	254	0	-1.91E-05	2.96E-06	-7.44E-06	-1.61E-05
28	10	0	0	0	0	0	0	232	254	0	-2.03E-05	4.91E-06	-7.50E-06	-1.72E-05
28	11	0	0	0	0	0	0	232	254	0	-2.03E-05	4.91E-06	-7.50E-06	-1.72E-05
28	12	0	0	0	0	0	0	232	254	0	-2.13E-05	6.33E-06	-8.69E-06	-1.71E-05
28	13	0	0	0	0	0	0	232	254	0	-2.13E-05	6.33E-06	-8.69E-06	-1.71E-05
28	14	0	0	0	0	0	0	232	254	0	-1.89E-05	5.18E-06	-8.32E-06	-1.56E-05
28	15	0	0	0	0	0	0	232	254	0	-1.53E-05	5.22E-06	-7.89E-06	-1.38E-05
28	16	0	0	0	0	0	0	232	254	0	-1.53E-05	5.22E-06	-7.89E-06	-1.38E-05
28	17	0	0	0	0	0	0	232	254	0	-1.43E-05	7.02E-06	-7.43E-06	-1.38E-05
28	18	0	0	0	0	0	0	232	254	0	-1.43E-05	7.02E-06	-7.43E-06	-1.38E-05
28	19	0	0	0	0	0	0	232	254	0	-1.52E-05	7.15E-06	-5.62E-06	-1.47E-05
29	0	0	0	0	0	0	0	232	254	0	-1.52E-05	7.15E-06	-5.62E-06	-1.47E-05
29	1	0	0	0	0	0	0	232	254	0	-1.56E-05	5.74E-06	-5.55E-06	-1.59E-05
29	2	0	0	0	0	0	0	232	254	0	-1.56E-05	5.74E-06	-5.55E-06	-1.59E-05
29	3	0	0	0	0	0	0	232	254	0	-1.61E-05	6.34E-06	-6.56E-06	-1.54E-05
29	4	0	0	0	0	0	0	232	254	0	-1.54E-05	5.97E-06	-6.65E-06	-1.45E-05
29	5	0	0	0	0	0	0	232	254	0	-1.54E-05	5.97E-06	-6.65E-06	-1.45E-05
29	6	0	0	0	0	0	0	232	254	0	-1.54E-05	5.31E-06	-7.91E-06	-1.06E-05
29	7	0	0	0	0	0	0	232	254	0	-1.54E-05	5.31E-06	-7.91E-06	-1.06E-05
29	8	0	0	0	0	0	0	232	254	0	-1.72E-05	5.43E-06	-8.79E-06	-8.33E-06
29	9	0	0	0	0	0	0	232	254	0	-1.72E-05	5.43E-06	-8.79E-06	-8.33E-06
29	10	0	0	0	0	0	0	232	254	0	-1.93E-05	4.40E-06	-7.53E-06	-1.18E-05
29	11	0	0	0	0	0	0	232	254	0	-1.93E-05	4.40E-06	-7.53E-06	-1.18E-05
29	12	0	0	0	0	0	0	232	254	0	-1.96E-05	3.75E-06	-7.91E-06	-1.82E-05
29	13	0	0	0	0	0	0	232	254	0	-2.00E-05	2.67E-06	-8.73E-06	-2.09E-05
29	14	0	0	0	0	0	0	232	254	0	-2.00E-05	2.67E-06	-8.73E-06	-2.09E-05
29	15	0	0	0	0	0	0	232	254	0	-2.13E-05	1.38E-06	-9.58E-06	-1.99E-05
29	16	0	0	0	0	0	0	232	254	0	-2.13E-05	1.38E-06	-9.58E-06	-1.99E-05
29	17	0	0	0	0	0	0	232	254	0	-2.26E-05	1.92E-06	-9.90E-06	-1.55E-05
29	18	0	0	0	0	0	0	232	254	0	-2.26E-05	1.92E-06	-9.90E-06	-1.55E-05
29	19	0	0	0	0	0	0	232	254	0	-2.39E-05	3.26E-06	-8.65E-06	-1.39E-05
30	0	0	0	0	0	0	0	232	254	0	-2.39E-05	3.26E-06	-8.65E-06	-1.39E-05
30	1	0	0	0	0	0	0	232	254	0	-2.35E-05	3.35E-06	-8.40E-06	-1.53E-05
30	2	0	0	0	0	0	0	232	254	0	-2.34E-05	3.65E-06	-9.24E-06	-1.62E-05
30	3	0	0	0	0	0	0	232	254	0	-2.34E-05	3.65E-06	-9.24E-06	-1.62E-05
30	4	0	0	0	0	0	0	232	254	0	-2.45E-05	3.63E-06	-7.97E-06	-1.63E-05
30	5	0	0	0	0	0	0	232	254	0	-2.45E-05	3.63E-06	-7.97E-06	-1.63E-05
30	6	0	0	0	0	0	0	232	254	0	-2.41E-05	3.52E-06	-6.99E-06	-1.54E-05
30	7	0	0	0	0	0	0	232	254	0	-2.41E-05	3.52E-06	-6.99E-06	-1.54E-05
30	8	0	0	0	0	0	0	232	254	0	-2.22E-05	3.18E-06	-7.68E-06	-1.16E-05
30	9	0	0	0	0	0	0	232	254	0	-2.22E-05	3.18E-06	-7.68E-06	-1.16E-05
30	10	0	0	0	0	0	0	232	254	0	-2.25E-05	3.36E-06	-8.17E-06	-9.96E-06
30	11	0	0	0	0	0	0	232	254	0	-2.33E-05	4.21E-06	-1.02E-05	-1.07E-05
30	12	0	0	0	0	0	0	232	254	0	-2.33E-05	4.21E-06	-1.02E-05	-1.07E-05
30	13	0	0	0	0	0	0	232	254	0	-2.29E-05	4.99E-06	-1.14E-05	-1.05E-05
30	14	0	0	0	0	0	0	232	254	0	-2.29E-05	4.99E-06	-1.14E-05	-1.05E-05
30	15	0	0	0	0	0	0	232	254	0	-2.33E-05	4.75E-06	-1.04E-05	-1.06E-05
30	16	0	0	0	0	0	0	232	254	0	-2.33E-05	4.75E-06	-1.04E-05	-1.06E-05
30	17	0	0	0	0	0	0	232	254	0	-2.46E-05	4.19E-06	-1.01E-05	-1.19E-05
30	18	0	0	0	0	0	0	232	254	0	-2.46E-05	4.19E-06	-1.01E-05	-1.19E-05
30	19	0	0	0	0	0	0	232	254	0	-2.41E-05	5.97E-06	-1.12E-05	-8.66E-06
31	0	0	0	0	0	0	0	232	254	0	-2.22E-05	7.34E-06	-1.14E-05	-6.20E-06
31	1	0	0	0	0	0	0	232	254	0	-2.22E-05	7.34E-06	-1.14E-05	-6.20E-06
31	2	0	0	0	0	0	0	232	254	0	-2.16E-05	5.73E-06	-1.06E-05	-9.30E-06
31	3	0	0	0	0	0	0	232	254	0	-2.16E-05	5.73E-06	-1.06E-05	-9.30E-06
31	4	0	0	0	0	0	0	232	254	0	-2.19E-05	4.30E-06	-9.10E-06	-8.86E-06
31	5	0	0	0	0	0	0	232	254	0	-2.19E-05	4.30E-06	-9.10E-06	-8.86E-06
31	6	0	0	0	0	0	0	232	254	0	-2.16E-05	3.69E-06	-8.79E-06	-7.43E-06
31	7	0	0	0	0	0	0	232	254	0	-2.16E-05	3.69E-06	-8.79E-06	-7.43E-06
31	8	0	0	0	0	0	0	232	254	0	-2.02E-05	3.52E-06	-1.05E-05	-9.73E-06
31	9	0	0	0	0	0	0	232	254	0	-2.01E-05	2.73E-06	-1.01E-05	-1.24E-05
31	10	0	0	0	0	0	0	232	254	0	-2.01E-05	2.73E-06	-1.01E-05	-1.24E-05
31	11	0	0	0	0	0	0	232	254	0	-2.12E-05	2.81E-06	-1.00E-05	-8.30E-06
31	12	0	0	0	0	0	0	232	254	0	-2.12E-05	2.81E-06	-1.00E-05	-8.30E-06
31	13	0	0	0	0	0	0	232	254	0	-1.96E-05	1.99E-06	-1.07E-05	-3.08E-06
31	14	0	0	0	0	0	0	232	254	0	-1.96E-05	1.99E-06	-1.07E-05	-3.08E-06
31	15	0	0	0	0	0	0	232	254	0	-1.86E-05	1.51E-06	-1.00E-05	4.89E-07
31	16	0	0	0	0	0	0	232	254	0	-1.86E-05	1.51E-06	-1.00E-05	4.89E-07
31	17	0	0	0	0	0	0	232	254	0	-1.77E-05	3.70E-07	-9.11E-06	2.42E-06
31	18	0	0	0	0	0	0	232	254	0	-1.84E-05	1.43E-06	-9.35E-06	1.94E-06
31	19	0	0	0	0	0	0	232	254	0	-1.84E-05	1.43E-06	-9.35E-06	1.94E-06
32	0	0	0	0	0	0	0	232	254	0	-2.00E-05	2.64E-06	-1.03E-05	-3.28E-06
32	1	0	0	0	0	0	0	232	254	0	-2.00E-05	2.64E-06	-1.03E-05	-3.28E-06
32	2	0	0	0	0	0	0	232	254	0	-1.92E-05	3.54E-06	-1.08E-05	-9.76E-06
32	3	0	0	0	0	0	0	232	254	0	-1.92E-05	3.54E-06	-1.08E-05	-9.76E-06
32	4	0	0	0	0	0	0	232	254	0	-1.90E-05	4.77E-06	-1.05E-05	-1.64E-05
32	5	0	0	0	0	0	0	232	254	0	-1.90E-05	4.77E-06	-1.05E-05	-1.64E-05
32	6	0	0	0	0	0	0	232	254	0	-1.90E-05	4.29E-06	-1.12E-05	-1.79E-05
32	7	0	0	0	0	0	0	232	254	0	-1.78E-05	2.03E-06	-1.08E-05	-1.79E-05
32	8	0	0	0	0	0	0	232	254	0	-1.78E-05	2.03E-06	-1.08E-05	-1.79E-05
32	9	0	0	0	0	0	0	232	254	0	-1.76E-05	3.46E-06	-8.24E-06	-1.91E-05
32	10	0	0	0	0	0	0	232	254	0	-1.76E-05	3.46E-06	-8.24E-06	-1.91E-05
32	11	0	0	0	0	0	0	232	254	0	-1.82E-05	5.67E-06	-7.10E-06	-1.93E-05
32	12	0	0	0	0	0	0	232	254	0	-1.82E-05	5.67E-06	-7.10E-06	-1.93E-05
32	13	0	0	0	0	0	0	232	254	0	-1.86E-05	5.53E-06	-7.51E-06	-1.81E-05
32	14	0	0	0	0	0	0	232	254	0	-1.86E-05	5.53E-06	-7.51E-06	-1.81E-05
32	15	0	0	0	0	0	0	232	254	0	-1.86E-05	5.89E-06	-7.61E-06	-1.72E-05
32	16	0	0	0	0	0	0	232	254	0	-1.82E-05	5.64E-06	-8.69E-06	-1.43E-05
32	17	0	0	0	0	0	0	232	254	0	-1.82E-05	5.64E-06	-8.69E-06	-1.43E-05
32	18	0	0	0	0	0	0	232	254	0	-1.77E-05	4.57E-06	-8.32E-06	-1.05E-05
32	19	0	0	0	0	0	0	232	254	0	-1.77E-05	4.57E-06	-8.32E-06	-1.05E-05
33	0	0	0	0	0	0	0	232	254	0	-1.73E-05	4.88E-06	-8.69E-06	-1.04E-05
33	1	0	0	0	0	0	0	232	254	0	-1.73E-05	4.88E-06	-8.69E-06	-1.04E-05
33	2	0	0	0	0	0	0	232	254	0	-1.76E-05	6.00E-06	-8.15E-06	-9.20E-06
33	3	0	0	0	0	0	0	232	254	0	-1.76E-05	6.00E-06	-8.15E-06	-9.20E-06
33	4	0	0	0	0	0	0	232	254	0	-2.02E-05	7.86E-06	-7.15E-06	-8.96E-06
33	5	0	0	0	0	0	0	232	254	0	-2.09E-05	7.08E-06	-6.88E-06	-9.46E-06
33	6	0	0	0	0	0	0	232	254	0	-2.09E-05	7.08E-06	-6.88E-06	-9.46E-06
33	7	0	0	0	0	0	0	232	254	0	-2.20E-05	6.72E-06	-7.34E-06	-9.80E-06
33	8	0	0	0	0	0	0	232	254	0	-2.20E-05	6.72E-06	-7.34E-06	-9.80E-06
33	9	0	0	0	0	0	0	232	254	0	-2.24E-05	6.08E-06	-8.01E-06	-7.96E-06
33	10	0	0	0	0	0	0	232	254	0	-2.24E-05	6.08E-06	-8.01E-06	-7.96E-06
33	11	0	0	0	0	0	0	232	254	0	-2.24E-05	4.45E-06	-8.34E-06	-6.71E-06
33	12	0	0	0	0	0	0	232	254	0	-2.24E-05	4.45E-06	-8.34E-06	-6.71E-06
33	13	0	0	0	0	0	0	232	254	0	-2.35E-05	4.32E-06	-9.65E-06	-6.55E-06
33	14	0	0	0	0	0	0	232	254	0	-2.15E-05	4.99E-06	-1.05E-05	-6.43E-06
33	15	0	0	0	0	0	0	232	254	0	-2.15E-05	4.99E-06	-1.05E-05	-6.43E-06
33	16	0	0	0	0	0	0	232	254	0	-1.71E-05	4.52E-06	-1.35E-05	-5.92E-06
33	17	0	0	0	0	0	0	232	254	0	-1.71E-05	4.52E-06	-1.35E-05	-5.92E-06
33	18	0	0	0	0	0	0	232	254	0	-1.56E-05	2.48E-06	-1.79E-05	-5.14E-06
33	19	0	0	0	0	0	0	232	254	0	-1.56E-05	2.48E-06	-1.79E-05	-5.14E-06
34	0	0	0	0	0	0	0	232	254	0	-2.23E-05	1.56E-06	-1.77E-05	-4.87E-06
34	1	0	0	0	0	0	0	232	254	0	-2.23E-05	1.56E-06	-1.77E-05	-4.87E-06
34	2	0	0	0	0	0	0	232	254	0	-2.97E-05	2.88E-06	-1.56E-05	-4.53E-06
34	3	0	0	0	0	0	0	232	254	0	-3.46E-05	3.98E-06	-1.61E-05	-5.85E-06
34	4	0	0	0	0	0	0	232	254	0	-3.46E-05	3.98E-06	-1.61E-05	-5.85E-06
34	5	0	0	0	0	0	0	232	254	0	-3.67E-05	3.97E-06	-1.37E-05	-8.60E-06
34	6	0	0	0	0	0	0	232	254	0	-3.67E-05	3.97E-06	-1.37E-05	-8.60E-06
34	7	0	0	0	0	0	0	232	254	0	-3.62E-05	3.40E-06	-8.37E-06	-9.68E-06
34	8	0	0	0	0	0	0	232	254	0	-3.62E-05	3.40E-06	-8.37E-06	-9.68E-06
34	9	0	0	0	0	0	0	232	254	0	-3.35E-05	4.10E-06	5.28E-07	-1.05E-05
34	10	0	0	0	0	0	0	232	254	0	-3.35E-05	4.10E-06	5.28E-07	-1.05E-05
34	11	0	0	0	0	0	0	232	254	0	-2.71E-05	5.33E-06	4.55E-06	-1.00E-05
34	12	0	0	0	0	0	0	232	254	0	-2.11E-05	5.48E-06	5.32E-07	-9.80E-06
34	13	0	0	0	0	0	0	232	254	0	-2.11E-05	5.48E-06	5.32E-07	-9.80E-06
34	14	0	0	0	0	0	0	232	254	0	-2.03E-05	4.12E-06	-4.71E-06	-1.07E-05
34	15	0	0	0	0	0	0	232	254	0	-2.03E-05	4.12E-06	-4.71E-06	-1.07E-05
34	16	0	0	0	0	0	0	232	254	0	-2.13E-05	4.32E-06	-6.21E-06	-1.28E-05
34	17	0	0	0	0	0	0	232	254	0	-2.13E-05	4.32E-06	-6.21E-06	-1.28E-05
34	18	0	0	0	0	0	0	232	254	0	-2.30E-05	4.81E-06	-6.21E-06	-1.56E-05
34	19	0	0	0	0	0	0	232	254	0	-2.30E-05	4.81E-06	-6.21E-06	-1.56E-05
35	0	0	0	0	0	0	0	232	254	0	-2.40E-05	4.53E-06	-7.58E-06	-1.73E-05
35	1	0	0	0	0	0	0	232	254	0	-2.15E-05	3.11E-06	-7.31E-06	-1.82E-05
35	2	0	0	0	0	0	0	232	254	0	-2.15E-05	3.11E-06	-7.31E-06	-1.82E-05
35	3	0	0	0	0	0	0	232	254	0	-1.94E-05	1.95E-06	-7.79E-06	-2.11E-05
35	4	0	0	0	0	0	0	232	254	0	-1.94E-05	1.95E-06	-7.79E-06	-2.11E-05
35	5	0	0	0	0	0	0	232	254	0	-1.90E-05	3.39E-06	-8.91E-06	-2.19E-05
35	6	0	0	0	0	0	0	232	254	0	-1.90E-05	3.39E-06	-8.91E-06	-2.19E-05
35	7	0	0	0	0	0	0	232	254	0	-1.94E-05	5.57E-06	-7.63E-06	-2.17E-05
35	8	0	0	0	0	0	0	232	254	0	-1.94E-05	5.57E-06	-7.63E-06	-2.17E-05
35	9	0	0	0	0	0	0	232	254	0	-1.99E-05	4.38E-06	-6.88E-06	-2.13E-05
35	10	0	0	0	0	0	0	232	254	0	-1.97E-05	3.30E-06	-8.71E-06	-2.13E-05
35	11	0	0	0	0	0	0	232	254	0	-1.97E-05	3.30E-06	-8.71E-06	-2.13E-05
35	12	0	0	0	0	0	0	232	254	0	-1.83E-05	2.73E-06	-9.80E-06	-2.25E-05
35	13	0	0	0	0	0	0	232	254	0	-1.83E-05	2.73E-06	-9.80E-06	-2.25E-05
35	14	0	0	0	0	0	0	232	254	0	-1.72E-05	2.97E-06	-9.67E-06	-2.31E-05
35	15	0	0	0	0	0	0	232	254	0	-1.72E-05	2.97E-06	-9.67E-06	-2.31E-05
35	16	0	0	0	0	0	0	232	254	0	-1.67E-05	2.62E-06	-1.06E-05	-2.30E-05
35	17	0	0	0	0	0	0	232	254	0	-1.67E-05	2.62E-06	-1.06E-05	-2.30E-05
35	18	0	0	0	0	0	0	232	254	0	-1.52E-05	2.01E-06	-1.05E-05	-2.32E-05
35	19	0	0	0	0	0	0	232	254	0	-1.07E-05	3.10E-06	-9.78E-06	-2.41E-05
36	0	0	0	0	0	0	0	232	254	0	-1.07E-05	3.10E-06	-9.78E-06	-2.41E-05
36	1	0	0	0	0	0	0	232	254	0	-6.39E-06	2.44E-06	-9.57E-06	-2.64E-05
36	2	0	0	0	0	0	0	232	254	0	-6.39E-06	2.44E-06	-9.57E-06	-2.64E-05
36	3	0	0	0	0	0	0	232	254	0	-9.08E-06	2.76E-06	-9.57E-06	-2.64E-05
36	4	0	0	0	0	0	0	232	254	0	-9.08E-06	2.76E-06	-9.57E-06	-2.64E-05
36	5	0	0	0	0	0	0	232	254	0	-1.41E-05	4.44E-06	-9.57E-06	-2.37E-05
36	6	0	0	0	0	0	0	232	254	0	-1.41E-05	4.44E-06	-9.57E-06	-2.37E-05
36	7	0	0	0	0	0	0	232	254	0	-2.04E-05	6.06E-06	-8.65E-06	-2.45E-05
36	8	0	0	0	0	0	0	232	254	0	-2.57E-05	6.43E-06	-8.45E-06	-2.63E-05
36	9	0	0	0	0	0	0	232	254	0	-2.57E-05	6.43E-06	-8.45E-06	-2.63E-05
36	10	0	0	0	0	0	0	232	254	0	-2.98E-05	6.26E-06	-9.02E-06	-2.52E-05
36	11	0	0	0	0	0	0	232	254	0	-2.98E-05	6.26E-06	-9.02E-06	-2.52E-05
36	12	0	0	0	0	0	0	232	254	0	-3.15E-05	7.35E-06	-8.32E-06	-2.26E-05
36	13	0	0	0	0	0	0	232	254	0	-3.15E-05	7.35E-06	-8.32E-06	-2.26E-05
36	14	0	0	0	0	0	0	232	254	0	-3.17E-05	8.57E-06	-9.03E-06	-1.93E-05
36	15	0	0	0	0	0	0	232	254	0	-3.17E-05	8.57E-06	-9.03E-06	-1.93E-05
36	16	0	0	0	0	0	0	232	254	0	-3.01E-05	5.81E-06	-1.24E-05	-1.64E-05
36	17	0	0	0	0	0	0	232	254	0	-2.88E-05	4.48E-06	-1.62E-05	-1.72E-05
36	18	0	0	0	0	0	0	232	254	0	-2.88E-05	4.48E-06	-1.62E-05	-1.72E-05
36	19	0	0	0	0	0	0	232	254	0	-2.73E-05	6.59E-06	-1.61E-05	-1.85E-05
37	0	0	0	0	0	0	0	232	254	0	-2.73E-05	6.59E-06	-1.61E-05	-1.85E-05
37	1	0	0	0	0	0	0	232	254	0	-2.68E-05	7.78E-06	-1.24E-05	-1.48E-05
37	2	0	0	0	0	0	0	232	254	0	-2.68E-05	7.78E-06	-1.24E-05	-1.48E-05
37	3	0	0	0	0	0	0	232	254	0	-2.61E-05	7.20E-06	-9.31E-06	-1.03E-05
37	4	0	0	0	0	0	0	232	254	0	-2.61E-05	7.20E-06	-9.31E-06	-1.03E-05
37	5	0	0	0	0	0	0	232	254	0	-2.29E-05	5.63E-06	-8.45E-06	-1.09E-05
37	6	0	0	0	0	0	0	232	254	0	-1.96E-05	4.69E-06	-8.28E-06	-1.03E-05
37	7	0	0	0	0	0	0	232	254	0	-1.96E-05	4.69E-06	-8.28E-06	-1.03E-05
37	8	0	0	0	0	0	0	232	254	0	-1.84E-05	4.87E-06	-7.88E-06	-7.17E-06
37	9	0	0	0	0	0	0	232	254	0	-1.84E-05	4.87E-06	-7.88E-06	-7.17E-06
37	10	0	0	0	0	0	0	232	254	0	-1.84E-05	4.92E-06	-7.04E-06	-5.02E-06
37	11	0	0	0	0	0	0	232	254	0	-1.84E-05	4.92E-06	-7.04E-06	-5.02E-06
37	12	0	0	0	0	0	0	232	254	0	-1.79E-05	3.95E-06	-7.74E-06	-4.99E-06
37	13	0	0	0	0	0	0	232	254	0	-1.79E-05	3.95E-06	-7.74E-06	-4.99E-06
37	14	0	0	0	0	0	0	232	254	0	-1.73E-05	4.67E-06	-1.10E-05	-4.06E-06
37	15	0	0	0	0	0	0	232	254	0	-1.84E-05	5.89E-06	-1.45E-05	-2.15E-07
37	16	0	0	0	0	0	0	232	254	0	-1.84E-05	5.89E-06	-1.45E-05	-2.15E-07
37	17	0	0	0	0	0	0	232	254	0	-1.90E-05	5.41E-06	-1.30E-05	-1.41E-07
37	18	0	0	0	0	0	0	232	254	0	-1.90E-05	5.41E-06	-1.30E-05	-1.41E-07
37	19	0	0	0	0	0	0	232	254	0	-1.94E-05	4.24E-06	-1.00E-05	-2.21E-06
38	0	0	0	0	0	0	0	232	254	0	-1.94E-05	4.24E-06	-1.00E-05	-2.21E-06
38	1	0	0	0	0	0	0	232	254	0	-1.96E-05	2.26E-06	-1.01E-05	-1.37E-06
38	2	0	0	0	0	0	0	232	254	0	-1.96E-05	2.26E-06	-1.01E-05	-1.37E-06
38	3	0	0	0	0	0	0	232	254	0	-1.83E-05	2.42E-06	-9.89E-06	-3.30E-06
38	4	0	0	0	0	0	0	232	254	0	-1.81E-05	2.63E-06	-8.43E-06	-6.81E-06
38	5	0	0	0	0	0	0	232	254	0	-1.81E-05	2.63E-06	-8.43E-06	-6.81E-06
38	6	0	0	0	0	0	0	232	254	0	-1.67E-05	2.52E-06	-8.12E-06	-6.52E-06
38	7	0	0	0	0	0	0	232	254	0	-1.67E-05	2.52E-06	-8.12E-06	-6.52E-06
38	8	0	0	0	0	0	0	232	254	0	-1.55E-05	2.86E-06	-8.22E-06	-6.10E-06
38	9	0	0	0	0	0	0	232	254	0	-1.55E-05	2.86E-06	-8.22E-06	-6.10E-06
38	10	0	0	0	0	0	0	232	254	0	-1.60E-05	3.59E-06	-6.63E-06	-9.41E-06
38	11	0	0	0	0	0	0	232	254	0	-1.60E-05	3.59E-06	-6.63E-06	-9.41E-06
38	12	0	0	0	0	0	0	232	254	0	-1.81E-05	3.86E-06	-5.87E-06	-1.36E-05
38	13	0	0	0	0	0	0	232	254	0	-1.99E-05	2.83E-06	-6.10E-06	-1.60E-05
38	14	0	0	0	0	0	0	232	254	0	-1.99E-05	2.83E-06	-6.10E-06	-1.60E-05
38	15	0	0	0	0	0	0	232	254	0	-2.13E-05	3.49E-06	-6.78E-06	-1.82E-05
38	16	0	0	0	0	0	0	232	254	0	-2.13E-05	3.49E-06	-6.78E-06	-1.82E-05
38	17	0	0	0	0	0	0	232	254	0	-2.19E-05	4.60E-06	-7.62E-06	-1.99E-05
38	18	0	0	0	0	0	0	232	254	0	-2.19E-05	4.60E-06	-7.62E-06	-1.99E-05
38	19	0	0	0	0	0	0	232	254	0	-2.15E-05	5.32E-06	-1.09E-05	-2.05E-05
39	0	0	0	0	0	0	0	232	254	0	-2.15E-05	5.32E-06	-1.09E-05	-2.05E-05
39	1	0	0	0	0	0	0	232	254	0	-2.02E-05	6.22E-06	-1.34E-05	-2.08E-05
39	2	0	0	0	0	0	0	232	254	0	-2.16E-05	6.89E-06	-1.26E-05	-2.26E-05
39	3	0	0	0	0	0	0	232	254	0	-2.16E-05	6.89E-06	-1.26E-05	-2.26E-05
39	4	0	0	0	0	0	0	232	254	0	-2.15E-05	6.59E-06	-1.03E-05	-2.32E-05
39	5	0	0	0	0	0	0	232	254	0	-2.15E-05	6.59E-06	-1.03E-05	-2.32E-05
39	6	0	0	0	0	0	0	232	254	0	-2.12E-05	5.81E-06	-8.88E-06	-2.17E-05
39	7	0	0	0	0	0	0	232	254	0	-2.12E-05	5.81E-06	-8.88E-06	-2.17E-05
39	8	0	0	0	0	0	0	232	254	0	-2.29E-05	5.08E-06	-9.25E-06	-2.19E-05
39	9	0	0	0	0	0	0	232	254	0	-2.29E-05	5.08E-06	-9.25E-06	-2.19E-05
39	10	0	0	0	0	0	0	232	254	0	-2.29E-05	5.55E-06	-1.06E-05	-2.16E-05
39	11	0	0	0	0	0	0	232	254	0	-2.14E-05	5.76E-06	-1.94E-05	-2.18E-05
39	12	0	0	0	0	0	0	232	254	0	-2.14E-05	5.76E-06	-1.94E-05	-2.18E-05
39	13	0	0	0	0	0	0	232	254	0	-1.92E-05	6.28E-06	-2.79E-05	-2.06E-05
39	14	0	0	0	0	0	0	232	254	0	-1.92E-05	6.28E-06	-2.79E-05	-2.06E-05
39	15	0	0	0	0	0	0	232	254	0	-1.77E-05	5.98E-06	-2.74E-05	-1.84E-05
39	16	0	0	0	0	0	0	232	254	0	-1.77E-05	5.98E-06	-2.74E-05	-1.84E-05
39	17	0	0	0	0	0	0	232	254	0	-1.61E-05	3.88E-06	-2.32E-05	-1.88E-05
39	18	0	0	0	0	0	0	232	254	0	-1.61E-05	3.88E-06	-2.32E-05	-1.88E-05
39	19	0	0	0	0	0	0	232	254	0	-1.53E-05	2.11E-06	-1.44E-05	-1.82E-05
40	0	0	0	0	0	0	0	232	254	0	-1.57E-05	1.11E-06	5.41E-06	-1.53E-05
40	1	0	0	0	0	0	0	232	254	0	-1.57E-05	1.11E-06	5.41E-06	-1.53E-05
40	2	0	0	0	0	0	0	232	254	0	-1.64E-05	2.67E-06	2.28E-05	-1.52E-05
40	3	0	0	0	0	0	0	232	254	0	-1.64E-05	2.67E-06	2.28E-05	-1.52E-05
40	4	0	0	0	0	0	0	232	254	0	-1.84E-05	2.61E-06	2.93E-05	-1.54E-05
40	5	0	0	0	0	0	0	232	254	0	-1.84E-05	2.61E-06	2.93E-05	-1.54E-05
40	6	0	0	0	0	0	0	232	254	0	-2.23E-05	4.01E-06	1.83E-05	-9.68E-06
40	7	0	0	0	0	0	0	232	254	0	-2.23E-05	4.01E-06	1.83E-05	-9.68E-06
40	8	0	0	0	0	0	0	232	254	0	-2.49E-05	4.64E-06	2.14E-06	-6.02E-06
40	9	0	0	0	0	0	0	232	254	0	-2.62E-05	3.62E-06	-5.59E-06	-6.91E-06
40	10	0	0	0	0	0	0	232	254	0	-2.62E-05	3.62E-06	-5.59E-06	-6.91E-06
40	11	0	0	0	0	0	0	232	254	0	-2.78E-05	4.56E-06	-1.26E-05	-8.24E-06
40	12	0	0	0	0	0	0	232	254	0	-2.78E-05	4.56E-06	-1.26E-05	-8.24E-06
40	13	0	0	0	0	0	0	232	254	0	-2.75E-05	4.75E-06	-1.62E-05	-7.88E-06
40	14	0	0	0	0	0	0	232	254	0	-2.75E-05	4.75E-06	-1.62E-05	-7.88E-06
40	15	0	0	0	0	0	0	232	254	0	-2.47E-05	2.71E-06	-1.13E-05	-5.04E-06
40	16	0	0	0	0	0	0	232	254	0	-2.47E-05	2.71E-06	-1.13E-05	-5.04E-06
40	17	0	0	0	0	0	0	232	254	0	-2.32E-05	2.53E-06	-5.87E-06	-4.55E-06
40	18	0	0	0	0	0	0	232	254	0	-2.35E-05	3.08E-06	-4.08E-06	-3.73E-06
40	19	0	0	0	0	0	0	232	254	0	-2.35E-05	3.08E-06	-4.08E-06	-3.73E-06
41	0	0	0	0	0	0	0	232	254	0	-2.37E-05	2.96E-06	-5.69E-06	-2.62E-06
41	1	0	0	0	0	0	0	232	254	0	-2.37E-05	2.96E-06	-5.69E-06	-2.62E-06
41	2	0	0	0	0	0	0	232	254	0	-2.33E-05	2.97E-06	-5.86E-06	-2.69E-06
41	3	0	0	0	0	0	0	232	254	0	-2.33E-05	2.97E-06	-5.86E-06	-2.69E-06
41	4	0	0	0	0	0	0	232	254	0	-2.23E-05	2.91E-06	-6.68E-06	-5.25E-06
41	5	0	0	0	0	0	0	232	254	0	-2.23E-05	2.91E-06	-6.68E-06	-5.25E-06
41	6	0	0	0	0	0	0	232	254	0	-2.10E-05	3.88E-06	-8.70E-06	-6.04E-06
41	7	0	0	0	0	0	0	232	254	0	-2.11E-05	4.71E-06	-9.51E-06	-4.39E-06
41	8	0	0	0	0	0	0	232	254	0	-2.11E-05	4.71E-06	-9.51E-06	-4.39E-06
41	9	0	0	0	0	0	0	232	254	0	-2.29E-05	4.18E-06	-8.77E-06	-4.26E-06
41	10	0	0	0	0	0	0	232	254	0	-2.29E-05	4.18E-06	-8.77E-06	-4.26E-06
41	11	0	0	0	0	0	0	232	254	0	-2.38E-05	3.06E-06	-8.96E-06	-7.61E-06
41	12	0	0	0	0	0	0	232	254	0	-2.38E-05	3.06E-06	-8.96E-06	-7.61E-06
41	13	0	0	0	0	0	0	232	254	0	-2.30E-05	3.37E-06	-9.23E-06	-1.35E-05
41	14	0	0	0	0	0	0	232	254	0	-2.30E-05	3.37E-06	-9.23E-06	-1.35E-05
41	15	0	0	0	0	0	0	232	254	0	-2.20E-05	4.04E-06	-8.89E-06	-1.62E-05
41	16	0	0	0	0	0	0	232	254	0	-2.03E-05	5.57E-06	-9.98E-06	-1.53E-05
41	17	0	0	0	0	0	0	232	254	0	-2.03E-05	5.57E-06	-9.98E-06	-1.53E-05
41	18	0	0	0	0	0	0	232	254	0	-1.87E-05	6.32E-06	-1.14E-05	-1.56E-05
41	19	0	0	0	0	0	0	232	254	0	-1.87E-05	6.32E-06	-1.14E-05	-1.56E-05
42	0	0	0	0	0	0	0	232	254	0	-1.91E-05	4.89E-06	-1.13E-05	-1.64E-05
42	1	0	0	0	0	0	0	232	254	0	-1.91E-05	4.89E-06	-1.13E-05	-1.64E-05
42	2	0	0	0	0	0	0	232	254	0	-1.94E-05	4.65E-06	-1.10E-05	-1.46E-05
42	3	0	0	0	0	0	0	232	254	0	-1.94E-05	4.65E-06	-1.10E-05	-1.46E-05
42	4	0	0	0	0	0	0	232	254	0	-1.87E-05	6.92E-06	-1.14E-05	-1.09E-05
42	5	0	0	0	0	0	0	232	254	0	-1.83E-05	6.40E-06	-1.16E-05	-6.03E-06
42	6	0	0	0	0	0	0	232	254	0	-1.83E-05	6.40E-06	-1.16E-05	-6.03E-06
42	7	0	0	0	0	0	0	232	254	0	-1.85E-05	6.05E-06	-1.14E-05	-6.76E-06
42	8	0	0	0	0	0	0	232	254	0	-1.85E-05	6.05E-06	-1.14E-05	-6.76E-06
42	9	0	0	0	0	0	0	232	254	0	-1.86E-05	4.95E-06	-1.10E-05	-1.13E-05
42	10	0	0	0	0	0	0	232	254	0	-1.86E-05	4.95E-06	-1.10E-05	-1.13E-05
42	11	0	0	0	0	0	0	232	254	0	-1.93E-05	4.02E-06	-1.07E-05	-1.18E-05
42	12	0	0	0	0	0	0	232	254	0	-1.93E-05	4.02E-06	-1.07E-05	-1.18E-05
42	13	0	0	0	0	0	0	232	254	0	-2.02E-05	3.97E-06	-1.01E-05	-1.17E-05
42	14	0	0	0	0	0	0	232	254	0	-1.90E-05	4.37E-06	-1.04E-05	-1.31E-05
42	15	0	0	0	0	0	0	232	254	0	-1.90E-05	4.37E-06	-1.04E-05	-1.31E-05
42	16	0	0	0	0	0	0	232	254	0	-1.61E-05	4.08E-06	-1.13E-05	-1.27E-05
42	17	0	0	0	0	0	0	232	254	0	-1.61E-05	4.08E-06	-1.13E-05	-1.27E-05
42	18	0	0	0	0	0	0	232	254	0	-1.09E-05	4.32E-06	-1.20E-05	-8.49E-06
42	19	0	0	0	0	0	0	232	254	0	-1.09E-05	4.32E-06	-1.20E-05	-8.49E-06
43	0	0	0	0	0	0	0	232	254	0	-6.38E-06	3.73E-06	-1.15E-05	-5.00E-06
43	1	0	0	0	0	0	0	232	254	0	-6.38E-06	3.73E-06	-1.15E-05	-5.00E-06
43	2	0	0	0	0	0	0	232	254	0	-8.29E-06	2.79E-06	-1.07E-05	-5.34E-06
43	3	0	0	0	0	0	0	232	254	0	-1.40E-05	2.52E-06	-1.10E-05	-7.02E-06
43	4	0	0	0	0	0	0	232	254	0	-1.40E-05	2.52E-06	-1.10E-05	-7.02E-06
43	5	0	0	0	0	0	0	232	254	0	-1.95E-05	3.66E-06	-1.17E-05	-8.58E-06
43	6	0	0	0	0	0	0	232	254	0	-1.95E-05	3.66E-06	-1.17E-05	-8.58E-06
43	7	0	0	0	0	0	0	232	254	0	-1.97E-05	3.74E-06	-1.21E-05	-9.86E-06
43	8	0	0	0	0	0	0	232	254	0	-1.97E-05	3.74E-06	-1.21E-05	-9.86E-06
43	9	0	0	0	0	0	0	232	254	0	-1.66E-05	4.21E-06	-1.24E-05	-9.78E-06
43	10	0	0	0	0	0	0	232	254	0	-1.66E-05	4.21E-06	-1.24E-05	-9.78E-06
43	11	0	0	0	0	0	0	232	254	0	-2.09E-05	6.02E-06	-1.45E-05	-9.80E-06
43	12	0	0	0	0	0	0	232	254	0	-3.00E-05	5.91E-06	-1.81E-05	-1.10E-05
43	13	0	0	0	0	0	0	232	254	0	-3.00E-05	5.91E-06	-1.81E-05	-1.10E-05
43	14	0	0	0	0	0	0	232	254	0	-3.54E-05	5.31E-06	-1.68E-05	-1.17E-05
43	15	0	0	0	0	0	0	232	254	0	-3.54E-05	5.31E-06	-1.68E-05	-1.17E-05
43	16	0	0	0	0	0	0	232	254	0	-3.69E-05	3.60E-06	-1.38E-05	-9.69E-06
43	17	0	0	0	0	0	0	232	254	0	-3.69E-05	3.60E-06	-1.38E-05	-9.69E-06
43	18	0	0	0	0	0	0	232	254	0	-3.76E-05	3.08E-06	-1.18E-05	-7.02E-06
43	19	0	0	0	0	0	0	232	254	0	-3.76E-05	3.08E-06	-1.18E-05	-7.02E-06
44	0	0	0	0	0	0	0	232	254	0	-3.26E-05	3.65E-06	-7.36E-06	-8.04E-06
44	1	0	0	0	0	0	0	232	254	0	-2.59E-05	4.66E-06	1.08E-06	-8.21E-06
44	2	0	0	0	0	0	0	232	254	0	-2.59E-05	4.66E-06	1.08E-06	-8.21E-06
44	3	0	0	0	0	0	0	232	254	0	-2.37E-05	7.43E-06	5.57E-06	-7.32E-06
44	4	0	0	0	0	0	0	232	254	0	-2.37E-05	7.43E-06	5.57E-06	-7.32E-06
44	5	0	0	0	0	0	0	232	254	0	-2.05E-05	7.19E-06	1.87E-06	-6.59E-06
44	6	0	0	0	0	0	0	232	254	0	-2.05E-05	7.19E-06	1.87E-06	-6.59E-06
44	7	0	0	0	0	0	0	232	254	0	-1.71E-05	5.40E-06	-2.00E-06	-7.63E-06
44	8	0	0	0	0	0	0	232	254	0	-1.71E-05	5.40E-06	-2.00E-06	-7.63E-06
44	9	0	0	0	0	0	0	232	254	0	-1.73E-05	4.18E-06	-4.68E-06	-5.60E-06
44	10	0	0	0	0	0	0	232	254	0	-1.96E-05	4.77E-06	-7.37E-06	-1.97E-06
44	11	0	0	0	0	0	0	232	254	0	-1.96E-05	4.77E-06	-7.37E-06	-1.97E-06
44	12	0	0	0	0	0	0	232	254	0	-2.20E-05	6.35E-06	-9.14E-06	-3.58E-06
44	13	0	0	0	0	0	0	232	254	0	-2.20E-05	6.35E-06	-9.14E-06	-3.58E-06
44	14	0	0	0	0	0	0	232	254	0	-2.56E-05	6.31E-06	-9.00E-06	-5.67E-06
44	15	0	0	0	0	0	0	232	254	0	-2.56E-05	6.31E-06	-9.00E-06	-5.67E-06
44	16	0	0	0	0	0	0	232	254	0	-2.92E-05	5.47E-06	-8.50E-06	-6.39E-06
44	17	0	0	0	0	0	0	232	254	0	-2.92E-05	5.47E-06	-8.50E-06	-6.39E-06
44	18	0	0	0	0	0	0	232	254	0	-3.03E-05	5.66E-06	-9.65E-06	-5.52E-06
44	19	0	0	0	0	0	0	232	254	0	-2.99E-05	4.73E-06	-1.07E-05	-6.86E-06
45	0	0	0	0	0	0	0	232	254	0	-2.99E-05	4.73E-06	-1.07E-05	-6.86E-06
45	1	0	0	0	0	0	0	232	254	0	-2.77E-05	4.20E-06	-1.05E-05	-1.24E-05
45	2	0	0	0	0	0	0	232	254	0	-2.77E-05	4.20E-06	-1.05E-05	-1.24E-05
45	3	0	0	0	0	0	0	232	254	0	-2.35E-05	4.54E-06	-1.02E-05	-1.75E-05
45	4	0	0	0	0	0	0	232	254	0	-2.35E-05	4.54E-06	-1.02E-05	-1.75E-05
45	5	0	0	0	0	0	0	232	254	0	-2.15E-05	5.04E-06	-9.78E-06	-1.91E-05
45	6	0	0	0	0	0	0	232	254	0	-2.15E-05	5.04E-06	-9.78E-06	-1.91E-05
45	7	0	0	0	0	0	0	232	254	0	-1.97E-05	3.72E-06	-8.43E-06	-1.82E-05
45	8	0	0	0	0	0	0	232	254	0	-1.67E-05	1.19E-06	-8.80E-06	-1.77E-05
45	9	0	0	0	0	0	0	232	254	0	-1.67E-05	1.19E-06	-8.80E-06	-1.77E-05
45	10	0	0	0	0	0	0	232	254	0	-1.54E-05	6.78E-07	-1.01E-05	-1.90E-05
45	11	0	0	0	0	0	0	232	254	0	-1.54E-05	6.78E-07	-1.01E-05	-1.90E-05
45	12	0	0	0	0	0	0	232	254	0	-1.47E-05	1.30E-06	-1.03E-05	-2.17E-05
45	13	0	0	0	0	0	0	232	254	0	-1.47E-05	1.30E-06	-1.03E-05	-2.17E-05
45	14	0	0	0	0	0	0	232	254	0	-1.58E-05	2.31E-06	-1.05E-05	-2.12E-05
45	15	0	0	0	0	0	0	232	254	0	-1.58E-05	2.31E-06	-1.05E-05	-2.12E-05
45	16	0	0	0	0	0	0	232	254	0	-1.75E-05	2.34E-06	-1.09E-05	-1.94E-05
45	17	0	0	0	0	0	0	232	254	0	-1.73E-05	1.73E-06	-9.82E-06	-2.00E-05
45	18	0	0	0	0	0	0	232	254	0	-1.73E-05	1.73E-06	-9.82E-06	-2.00E-05
45	19	0	0	0	0	0	0	232	254	0	-1.56E-05	1.62E-06	-1.06E-05	-2.13E-05
46	0	0	0	0	0	0	0	232	254	0	-1.56E-05	1.62E-06	-1.06E-05	-2.13E-05
46	1	0	0	0	0	0	0	232	254	0	-1.54E-05	1.79E-06	-1.15E-05	-1.77E-05
46	2	0	0	0	0	0	0	232	254	0	-1.54E-05	1.79E-06	-1.15E-05	-1.77E-05
46	3	0	0	0	0	0	0	232	254	0	-1.61E-05	2.87E-06	-1.03E-05	-1.06E-05
46	4	0	0	0	0	0	0	232	254	0	-1.61E-05	2.87E-06	-1.03E-05	-1.06E-05
46	5	0	0	0	0	0	0	232	254	0	-1.69E-05	5.07E-06	-9.85E-06	-8.22E-06
46	6	0	0	0	0	0	0	232	254	0	-1.85E-05	6.79E-06	-1.00E-05	-8.45E-06
46	7	0	0	0	0	0	0	232	254	0	-1.85E-05	6.79E-06	-1.00E-05	-8.45E-06
46	8	0	0	0	0	0	0	232	254	0	-2.18E-05	6.08E-06	-9.39E-06	-1.08E-05
46	9	0	0	0	0	0	0	232	254	0	-2.18E-05	6.08E-06	-9.39E-06	-1.08E-05
46	10	0	0	0	0	0	0	232	254	0	-2.46E-05	5.42E-06	-8.72E-06	-1.42E-05
46	11	0	0	0	0	0	0	232	254	0	-2.46E-05	5.42E-06	-8.72E-06	-1.42E-05
46	12	0	0	0	0	0	0	232	254	0	-2.47E-05	6.06E-06	-8.56E-06	-1.30E-05
46	13	0	0	0	0	0	0	232	254	0	-2.47E-05	6.06E-06	-8.56E-06	-1.30E-05
46	14	0	0	0	0	0	0	232	254	0	-2.34E-05	7.41E-06	-8.90E-06	-1.13E-05
46	15	0	0	0	0	0	0	232	254	0	-2.17E-05	6.75E-06	-9.18E-06	-1.19E-05
46	16	0	0	0	0	0	0	232	254	0	-2.17E-05	6.75E-06	-9.18E-06	-1.19E-05
46	17	0	0	0	0	0	0	232	254	0	-2.15E-05	5.30E-06	-8.55E-06	-1.18E-05
46	18	0	0	0	0	0	0	232	254	0	-2.15E-05	5.30E-06	-8.55E-06	-1.18E-05
46	19	0	0	0	0	0	0	232	254	0	-2.09E-05	5.32E-06	-7.31E-06	-1.32E-05
47	0	0	0	0	0	0	0	232	254	0	-2.09E-05	5.32E-06	-7.31E-06	-1.32E-05
47	1	0	0	0	0	0	0	232	254	0	-1.81E-05	4.85E-06	-8.14E-06	-1.69E-05
47	2	0	0	0	0	0	0	232	254	0	-1.81E-05	4.85E-06	-8.14E-06	-1.69E-05
47	3	0	0	0	0	0	0	232	254	0	-1.89E-05	5.45E-06	-7.93E-06	-2.12E-05
47	4	0	0	0	0	0	0	232	254	0	-2.06E-05	4.28E-06	-7.67E-06	-2.28E-05
47	5	0	0	0	0	0	0	232	254	0	-2.06E-05	4.28E-06	-7.67E-06	-2.28E-05
47	6	0	0	0	0	0	0	232	254	0	-2.03E-05	4.55E-06	-9.32E-06	-2.06E-05
47	7	0	0	0	0	0	0	232	254	0	-2.03E-05	4.55E-06	-9.32E-06	-2.06E-05
47	8	0	0	0	0	0	0	232	254	0	-1.92E-05	7.32E-06	-1.19E-05	-2.10E-05
47	9	0	0	0	0	0	0	232	254	0	-1.92E-05	7.32E-06	-1.19E-05	-2.10E-05
47	10	0	0	0	0	0	0	232	254	0	-1.82E-05	8.74E-06	-1.15E-05	-2.13E-05
47	11	0	0	0	0	0	0	232	254	0	-1.82E-05	8.74E-06	-1.15E-05	-2.13E-05
47	12	0	0	0	0	0	0	232	254	0	-1.75E-05	9.58E-06	-1.00E-05	-1.91E-05
47	13	0	0	0	0	0	0	232	254	0	-1.67E-05	9.22E-06	-1.03E-05	-1.60E-05
47	14	0	0	0	0	0	0	232	254	0	-1.67E-05	9.22E-06	-1.03E-05	-1.60E-05
47	15	0	0	0	0	0	0	232	254	0	-1.64E-05	7.75E-06	-1.05E-05	-1.62E-05
47	16	0	0	0	0	0	0	232	254	0	-1.64E-05	7.75E-06	-1.05E-05	-1.62E-05
47	17	0	0	0	0	0	0	232	254	0	-1.68E-05	5.39E-06	-9.04E-06	-1.46E-05
47	18	0	0	0	0	0	0	232	254	0	-1.68E-05	5.39E-06	-9.04E-06	-1.46E-05
47	19	0	0	0	0	0	0	232	254	0	-1.74E-05	2.82E-06	-7.36E-06	-1.20E-05
48	0	0	0	0	0	0	0	232	254	0	-1.74E-05	2.82E-06	-7.36E-06	-1.20E-05
48	1	0	0	0	0	0	0	232	254	0	-1.88E-05	2.36E-06	-8.14E-06	-1.12E-05
48	2	0	0	0	0	0	0	232	254	0	-1.94E-05	1.95E-06	-8.84E-06	-9.42E-06
48	3	0	0	0	0	0	0	232	254	0	-1.94E-05	1.95E-06	-8.84E-06	-9.42E-06
48	4	0	0	0	0	0	0	232	254	0	-2.06E-05	2.71E-06	-8.90E-06	-8.45E-06
48	5	0	0	0	0	0	0	232	254	0	-2.06E-05	2.71E-06	-8.90E-06	-8.45E-06
48	6	0	0	0	0	0	0	232	254	0	-2.31E-05	5.36E-06	-9.35E-06	-1.20E-05
48	7	0	0	0	0	0	0	232	254	0	-2.31E-05	5.36E-06	-9.35E-06	-1.20E-05
48	8	0	0	0	0	0	0	232	254	0	-2.58E-05	5.81E-06	-1.01E-05	-1.60E-05
48	9	0	0	0	0	0	0	232	254	0	-2.58E-05	5.81E-06	-1.01E-05	-1.60E-05
48	10	0	0	0	0	0	0	232	254	0	-2.71E-05	6.22E-06	-1.30E-05	-1.61E-05
48	11	0	0	0	0	0	0	232	254	0	-2.74E-05	7.00E-06	-1.48E-05	-1.39E-05
48	12	0	0	0	0	0	0	232	254	0	-2.74E-05	7.00E-06	-1.48E-05	-1.39E-05
48	13	0	0	0	0	0	0	232	254	0	-2.68E-05	6.30E-06	-1.34E-05	-1.06E-05
48	14	0	0	0	0	0	0	232	254	0	-2.68E-05	6.30E-06	-1.34E-05	-1.06E-05
48	15	0	0	0	0	0	0	232	254	0	-2.46E-05	4.96E-06	-1.09E-05	-8.60E-06
48	16	0	0	0	0	0	0	232	254	0	-2.46E-05	4.96E-06	-1.09E-05	-8.60E-06
48	17	0	0	0	0	0	0	232	254	0	-2.32E-05	5.45E-06	-8.93E-06	-4.34E-06
48	18	0	0	0	0	0	0	232	254	0	-2.32E-05	5.45E-06	-8.93E-06	-4.34E-06
48	19	0	0	0	0	0	0	232	254	0	-2.39E-05	4.50E-06	-7.82E-06	-1.49E-06
49	0	0	0	0	0	0	0	232	254	0	-2.55E-05	2.95E-06	-7.21E-06	-5.81E-06
49	1	0	0	0	0	0	0	232	254	0	-2.55E-05	2.95E-06	-7.21E-06	-5.81E-06
49	2	0	0	0	0	0	0	232	254	0	-2.44E-05	2.75E-06	-5.56E-06	-1.00E-05
49	3	0	0	0	0	0	0	232	254	0	-2.44E-05	2.75E-06	-5.56E-06	-1.00E-05
49	4	0	0	0	0	0	0	232	254	0	-2.37E-05	3.08E-06	-5.78E-06	-1.41E-05
49	5	0	0	0	0	0	0	232	254	0	-2.37E-05	3.08E-06	-5.78E-06	-1.41E-05
49	6	0	0	0	0	0	0	232	254	0	-2.32E-05	3.07E-06	-1.08E-05	-1.71E-05
49	7	0	0	0	0	0	0	232	254	0	-2.32E-05	3.07E-06	-1.08E-05	-1.71E-05
49	8	0	0	0	0	0	0	232	254	0	-2.23E-05	3.14E-06	-1.26E-05	-1.90E-05
49	9	0	0	0	0	0	0	232	254	0	-2.20E-05	4.79E-06	-1.07E-05	-2.07E-05
49	10	0	0	0	0	0	0	232	254	0	-2.20E-05	4.79E-06	-1.07E-05	-2.07E-05
49	11	0	0	0	0	0	0	232	254	0	-2.11E-05	4.74E-06	-8.30E-06	-1.97E-05
49	12	0	0	0	0	0	0	232	254	0	-2.11E-05	4.74E-06	-8.30E-06	-1.97E-05
49	13	0	0	0	0	0	0	232	254	0	-1.90E-05	3.79E-06	-6.18E-06	-1.94E-05
49	14	0	0	0	0	0	0	232	254	0	-1.90E-05	3.79E-06	-6.18E-06	-1.94E-05
49	15	0	0	0	0	0	0	232	254	0	-1.69E-05	3.75E-06	-7.60E-06	-1.85E-05
49	16	0	0	0	0	0	0	232	254	0	-1.69E-05	3.75E-06	-7.60E-06	-1.85E-05
49	17	0	0	0	0	0	0	232	254	0	-1.70E-05	4.32E-06	-1.30E-05	-1.86E-05
49	18	0	0	0	0	0	0	232	254	0	-1.82E-05	4.30E-06	-1.74E-05	-1.82E-05
49	19	0	0	0	0	0	0	232	254	0	-1.82E-05	4.30E-06	-1.74E-05	-1.82E-05
50	0	0	0	0	0	0	0	232	254	0	-1.84E-05	3.62E-06	-1.47E-05	-1.65E-05
50	1	0	0	0	0	0	0	232	254	0	-1.84E-05	3.62E-06	-1.47E-05	-1.65E-05
50	2	0	0	0	0	0	0	232	254	0	-1.72E-05	9.58E-07	-1.11E-05	-1.66E-05
50	3	0	0	0	0	0	0	232	254	0	-1.72E-05	9.58E-07	-1.11E-05	-1.66E-05
50	4	0	0	0	0	0	0	232	254	0	-1.73E-05	-1.08E-06	-1.32E-05	-1.41E-05
50	5	0	0	0	0	0	0	232	254	0	-1.73E-05	-1.08E-06	-1.32E-05	-1.41E-05
50	6	0	0	0	0	0	0	232	254	0	-1.72E-05	4.32E-07	-1.09E-05	-1.29E-05
50	7	0	0	0	0	0	0	232	254	0	-1.74E-05	2.14E-06	1.74E-06	-1.44E-05
50	8	0	0	0	0	0	0	232	254	0	-1.74E-05	2.14E-06	1.74E-06	-1.44E-05
50	9	0	0	0	0	0	0	232	254	0	-1.88E-05	2.75E-06	7.11E-06	-1.28E-05
50	10	0	0	0	0	0	0	232	254	0	-1.88E-05	2.75E-06	7.11E-06	-1.28E-05
50	11	0	0	0	0	0	0	232	254	0	-2.09E-05	2.62E-06	1.28E-06	-1.36E-05
50	12	0	0	0	0	0	0	232	254	0	-2.09E-05	2.62E-06	1.28E-06	-1.36E-05
50	13	0	0	0	0	0	0	232	254	0	-2.27E-05	2.40E-06	-3.34E-06	-1.16E-05
50	14	0	0	0	0	0	0	232	254	0	-2.27E-05	2.40E-06	-3.34E-06	-1.16E-05
50	15	0	0	0	0	0	0	232	254	0	-2.33E-05	1.55E-06	-4.54E-06	-7.95E-06
50	16	0	0	0	0	0	0	232	254	0	-2.31E-05	1.63E-06	-7.10E-06	-4.37E-06
50	17	0	0	0	0	0	0	232	254	0	-2.31E-05	1.63E-06	-7.10E-06	-4.37E-06
50	18	0	0	0	0	0	0	232	254	0	-2.28E-05	2.30E-06	-8.68E-06	9.60E-09
50	19	0	0	0	0	0	0	232	254	0	-2.28E-05	2.30E-06	-8.68E-06	9.60E-09
51	0	0	0	0	0	0	0	232	254	0	-2.20E-05	3.89E-06	-7.07E-06	1.85E-06
51	1	0	0	0	0	0	0	232	254	0	-2.20E-05	3.89E-06	-7.07E-06	1.85E-06
51	2	0	0	0	0	0	0	232	254	0	-2.27E-05	5.22E-06	-6.21E-06	1.33E-06
51	3	0	0	0	0	0	0	232	254	0	-2.27E-05	5.22E-06	-6.21E-06	1.33E-06
51	4	0	0	0	0	0	0	232	254	0	-2.32E-05	5.31E-06	-7.92E-06	2.15E-06
51	5	0	0	0	0	0	0	232	254	0	-2.24E-05	3.26E-06	-1.04E-05	4.06E-06
51	6	0	0	0	0	0	0	232	254	0	-2.24E-05	3.26E-06	-1.04E-05	4.06E-06
51	7	0	0	0	0	0	0	232	254	0	-2.06E-05	2.24E-06	-1.11E-05	4.93E-06
51	8	0	0	0	0	0	0	232	254	0	-2.06E-05	2.24E-06	-1.11E-05	4.93E-06
51	9	0	0	0	0	0	0	232	254	0	-1.97E-05	4.58E-06	-1.06E-05	4.46E-06
51	10	0	0	0	0	0	0	232	254	0	-1.97E-05	4.58E-06	-1.06E-05	4.46E-06
51	11	0	0	0	0	0	0	232	254	0	-2.01E-05	6.28E-06	-9.38E-06	1.91E-06
51	12	0	0	0	0	0	0	232	254	0	-2.01E-05	6.28E-06	-9.38E-06	1.91E-06
51	13	0	0	0	0	0	0	232	254	0	-2.10E-05	7.46E-06	-8.21E-06	-3.62E-06
51	14	0	0	0	0	0	0	232	254	0	-1.97E-05	8.69E-06	-9.03E-06	-1.06E-05
51	15	0	0	0	0	0	0	232	254	0	-1.97E-05	8.69E-06	-9.03E-06	-1.06E-05
51	16	0	0	0	0	0	0	232	254	0	-1.89E-05	6.21E-06	-9.34E-06	-1.25E-05
51	17	0	0	0	0	0	0	232	254	0	-1.89E-05	6.21E-06	-9.34E-06	-1.25E-05
51	18	0	0	0	0	0	0	232	254	0	-2.10E-05	5.32E-06	-9.23E-06	-1.20E-05
51	19	0	0	0	0	0	0	232	254	0	-2.10E-05	5.32E-06	-9.23E-06	-1.20E-05
52	0	0	0	0	0	0	0	232	254	0	-2.40E-05	6.80E-06	-8.77E-06	-1.43E-05
52	1	0	0	0	0	0	0	232	254	0	-2.40E-05	6.80E-06	-8.77E-06	-1.43E-05
52	2	0	0	0	0	0	0	232	254	0	-2.48E-05	7.73E-06	-7.65E-06	-1.60E-05
52	3	0	0	0	0	0	0	232	254	0	-2.40E-05	6.75E-06	-5.50E-06	-1.70E-05
52	4	0	0	0	0	0	0	232	254	0	-2.40E-05	6.75E-06	-5.50E-06	-1.70E-05
52	5	0	0	0	0	0	0	232	254	0	-2.34E-05	7.12E-06	-6.64E-06	-1.87E-05
52	6	0	0	0	0	0	0	232	254	0	-2.34E-05	7.12E-06	-6.64E-06	-1.87E-05
52	7	0	0	0	0	0	0	232	254	0	-2.32E-05	6.87E-06	-1.53E-05	-1.82E-05
52	8	0	0	0	0	0	0	232	254	0	-2.32E-05	6.87E-06	-1.53E-05	-1.82E-05
52	9	0	0	0	0	0	0	232	254	0	-2.17E-05	6.77E-06	-2.30E-05	-1.85E-05
52	10	0	0	0	0	0	0	232	254	0	-2.17E-05	6.77E-06	-2.30E-05	-1.85E-05
52	11	0	0	0	0	0	0	232	254	0	-2.01E-05	6.88E-06	-2.68E-05	-2.10E-05
52	12	0	0	0	0	0	0	232	254	0	-1.94E-05	5.74E-06	-2.52E-05	-2.15E-05
52	13	0	0	0	0	0	0	232	254	0	-1.94E-05	5.74E-06	-2.52E-05	-2.15E-05
52	14	0	0	0	0	0	0	232	254	0	-2.00E-05	4.97E-06	-2.01E-05	-1.97E-05
52	15	0	0	0	0	0	0	232	254	0	-2.00E-05	4.97E-06	-2.01E-05	-1.97E-05
52	16	0	0	0	0	0	0	232	254	0	-2.03E-05	3.72E-06	-1.17E-05	-1.89E-05
52	17	0	0	0	0	0	0	232	254	0	-2.03E-05	3.72E-06	-1.17E-05	-1.89E-05
52	18	0	0	0	0	0	0	232	254	0	-1.99E-05	1.82E-06	5.38E-06	-1.66E-05
52	19	0	0	0	0	0	0	232	254	0	-1.99E-05	1.82E-06	5.38E-06	-1.66E-05
53	0	0	0	0	0	0	0	232	254	0	-1.93E-05	-1.96E-07	1.42E-05	-1.52E-05
53	1	0	0	0	0	0	0	232	254	0	-1.98E-05	4.18E-07	1.28E-05	-1.56E-05
53	2	0	0	0	0	0	0	232	254	0	-1.98E-05	4.18E-07	1.28E-05	-1.56E-05
53	3	0	0	0	0	0	0	232	254	0	-2.05E-05	2.49E-06	8.38E-06	-1.62E-05
53	4	0	0	0	0	0	0	232	254	0	-2.05E-05	2.49E-06	8.38E-06	-1.62E-05
53	5	0	0	0	0	0	0	232	254	0	-1.96E-05	2.27E-06	5.97E-06	-1.81E-05
53	6	0	0	0	0	0	0	232	254	0	-1.96E-05	2.27E-06	5.97E-06	-1.81E-05
53	7	0	0	0	0	0	0	232	254	0	-1.83E-05	1.96E-06	8.51E-06	-1.94E-05
53	8	0	0	0	0	0	0	232	254	0	-1.83E-05	1.96E-06	8.51E-06	-1.94E-05
53	9	0	0	0	0	0	0	232	254	0	-1.64E-05	2.47E-06	4.99E-06	-1.87E-05
53	10	0	0	0	0	0	0	232	254	0	-1.57E-05	2.34E-06	-1.00E-05	-1.81E-05
53	11	0	0	0	0	0	0	232	254	0	-1.57E-05	2.34E-06	-1.00E-05	-1.81E-05
53	12	0	0	0	0	0	0	232	254	0	-1.75E-05	4.01E-06	-2.33E-05	-1.75E-05
53	13	0	0	0	0	0	0	232	254	0	-1.75E-05	4.01E-06	-2.33E-05	-1.75E-05
53	14	0	0	0	0	0	0	232	254	0	-1.98E-05	3.95E-06	-2.55E-05	-1.65E-05
53	15	0	0	0	0	0	0	232	254	0	-1.98E-05	3.95E-06	-2.55E-05	-1.65E-05
53	16	0	0	0	0	0	0	232	254	0	-2.13E-05	3.07E-06	-2.78E-05	-1.87E-05
53	17	0	0	0	0	0	0	232	254	0	-2.13E-05	3.07E-06	-2.78E-05	-1.87E-05
53	18	0	0	0	0	0	0	232	254	0	-2.21E-05	2.85E-06	-2.56E-05	-1.93E-05
53	19	0	0	0	0	0	0	232	254	0	-2.27E-05	3.54E-06	-1.97E-05	-1.90E-05
54	0	0	0	0	0	0	0	232	254	0	-2.27E-05	3.54E-06	-1.97E-05	-1.90E-05
54	1	0	0	0	0	0	0	232	254	0	-2.41E-05	4.55E-06	-1.59E-05	-1.62E-05
54	2	0	0	0	0	0	0	232	254	0	-2.41E-05	4.55E-06	-1.59E-05	-1.62E-05
54	3	0	0	0	0	0	0	232	254	0	-2.40E-05	6.01E-06	-1.32E-05	-1.61E-05
54	4	0	0	0	0	0	0	232	254	0	-2.40E-05	6.01E-06	-1.32E-05	-1.61E-05
54	5	0	0	0	0	0	0	232	254	0	-2.32E-05	4.49E-06	-9.74E-06	-1.65E-05
54	6	0	0	0	0	0	0	232	254	0	-2.32E-05	4.49E-06	-9.74E-06	-1.65E-05
54	7	0	0	0	0	0	0	232	254	0	-2.24E-05	2.84E-06	-7.65E-06	-1.27E-05
54	8	0	0	0	0	0	0	232	254	0	-2.27E-05	3.43E-06	-8.93E-06	-7.71E-06
54	9	0	0	0	0	0	0	232	254	0	-2.27E-05	3.43E-06	-8.93E-06	-7.71E-06
54	10	0	0	0	0	0	0	232	254	0	-2.46E-05	3.86E-06	-9.62E-06	-5.30E-06
54	11	0	0	0	0	0	0	232	254	0	-2.46E-05	3.86E-06	-9.62E-06	-5.30E-06
54	12	0	0	0	0	0	0	232	254	0	-2.32E-05	3.63E-06	-9.45E-06	-6.24E-06
54	13	0	0	0	0	0	0	232	254	0	-2.32E-05	3.63E-06	-9.45E-06	-6.24E-06
54	14	0	0	0	0	0	0	232	254	0	-2.16E-05	2.84E-06	-9.51E-06	-8.48E-06
54	15	0	0	0	0	0	0	232	254	0	-2.16E-05	2.84E-06	-9.51E-06	-8.48E-06
54	16	0	0	0	0	0	0	232	254	0	-2.06E-05	2.52E-06	-7.97E-06	-8.32E-06
54	17	0	0	0	0	0	0	232	254	0	-2.01E-05	2.29E-06	-6.99E-06	-8.80E-06
54	18	0	0	0	0	0	0	232	254	0	-2.01E-05	2.29E-06	-6.99E-06	-8.80E-06
54	19	0	0	0	0	0	0	232	254	0	-2.02E-05	2.64E-06	-7.00E-06	-1.15E-05
55	0	0	0	0	0	0	0	232	254	0	-2.02E-05	2.64E-06	-7.00E-06	-1.15E-05
55	1	0	0	0	0	0	0	232	254	0	-2.09E-05	4.00E-06	-6.59E-06	-1.43E-05
55	2	0	0	0	0	0	0	232	254	0	-2.09E-05	4.00E-06	-6.59E-06	-1.43E-05
55	3	0	0	0	0	0	0	232	254	0	-2.13E-05	3.16E-06	-7.29E-06	-1.13E-05
55	4	0	0	0	0	0	0	232	254	0	-2.13E-05	3.16E-06	-7.29E-06	-1.13E-05
55	5	0	0	0	0	0	0	232	254	0	-2.17E-05	3.43E-06	-8.06E-06	-8.20E-06
55	6	0	0	0	0	0	0	232	254	0	-2.14E-05	6.49E-06	-8.22E-06	-9.61E-06
55	7	0	0	0	0	0	0	232	254	0	-2.14E-05	6.49E-06	-8.22E-06	-9.61E-06
55	8	0	0	0	0	0	0	232	254	0	-2.05E-05	7.26E-06	-9.14E-06	-1.13E-05
55	9	0	0	0	0	0	0	232	254	0	-2.05E-05	7.26E-06	-9.14E-06	-1.13E-05
55	10	0	0	0	0	0	0	232	254	0	-1.95E-05	5.34E-06	-9.68E-06	-1.26E-05
55	11	0	0	0	0	0	0	232	254	0	-1.95E-05	5.34E-06	-9.68E-06	-1.26E-05
55	12	0	0	0	0	0	0	232	254	0	-1.97E-05	4.99E-06	-8.82E-06	-1.41E-05
55	13	0	0	0	0	0	0	232	254	0	-1.97E-05	4.99E-06	-8.82E-06	-1.41E-05
55	14	0	0	0	0	0	0	232	254	0	-1.97E-05	5.20E-06	-9.19E-06	-1.41E-05
55	15	0	0	0	0	0	0	232	254	0	-1.96E-05	6.12E-06	-9.45E-06	-1.39E-05
55	16	0	0	0	0	0	0	232	254	0	-1.96E-05	6.12E-06	-9.45E-06	-1.39E-05
55	17	0	0	0	0	0	0	232	254	0	-1.90E-05	5.97E-06	-8.60E-06	-1.63E-05
55	18	0	0	0	0	0	0	232	254	0	-1.90E-05	5.97E-06	-8.60E-06	-1.63E-05
55	19	0	0	0	0	0	0	232	254	0	-2.03E-05	3.99E-06	-8.22E-06	-1.83E-05
56	0	0	0	0	0	0	0	232	254	0	-2.03E-05	3.99E-06	-8.22E-06	-1.83E-05
56	1	0	0	0	0	0	0	232	254	0	-2.29E-05	3.19E-06	-9.14E-06	-1.91E-05
56	2	0	0	0	0	0	0	232	254	0	-2.29E-05	3.19E-06	-9.14E-06	-1.91E-05
56	3	0	0	0	0	0	0	232	254	0	-2.28E-05	3.30E-06	-9.00E-06	-2.11E-05
56	4	0	0	0	0	0	0	232	254	0	-2.19E-05	4.16E-06	-8.50E-06	-2.34E-05
56	5	0	0	0	0	0	0	232	254	0	-2.19E-05	4.16E-06	-8.50E-06	-2.34E-05
56	6	0	0	0	0	0	0	232	254	0	-2.14E-05	4.53E-06	-8.96E-06	-2.14E-05
56	7	0	0	0	0	0	0	232	254	0	-2.14E-05	4.53E-06	-8.96E-06	-2.14E-05
56	8	0	0	0	0	0	0	232	254	0	-2.22E-05	3.73E-06	-8.09E-06	-1.61E-05
56	9	0	0	0	0	0	0	232	254	0	-2.22E-05	3.73E-06	-8.09E-06	-1.61E-05
56	10	0	0	0	0	0	0	232	254	0	-2.35E-05	2.79E-06	-8.12E-06	-1.44E-05
56	11	0	0	0	0	0	0	232	254	0	-2.35E-05	2.79E-06	-8.12E-06	-1.44E-05
56	12	0	0	0	0	0	0	232	254	0	-2.15E-05	2.06E-06	-8.28E-06	-1.41E-05
56	13	0	0	0	0	0	0	232	254	0	-1.98E-05	1.16E-06	-7.77E-06	-1.19E-05
56	14	0	0	0	0	0	0	232	254	0	-1.98E-05	1.16E-06	-7.77E-06	-1.19E-05
56	15	0	0	0	0	0	0	232	254	0	-2.00E-05	3.82E-07	-6.87E-06	-1.19E-05
56	16	0	0	0	0	0	0	232	254	0	-2.00E-05	3.82E-07	-6.87E-06	-1.19E-05
56	17	0	0	0	0	0	0	232	254	0	-2.01E-05	2.11E-06	-6.32E-06	-1.08E-05
56	18	0	0	0	0	0	0	232	254	0	-2.01E-05	2.11E-06	-6.32E-06	-1.08E-05
56	19	0	0	0	0	0	0	232	254	0	-2.00E-05	3.59E-06	-7.12E-06	-9.04E-06
57	0	0	0	0	0	0	0	232	254	0	-2.00E-05	3.59E-06	-7.12E-06	-9.04E-06
57	1	0	0	0	0	0	0	232	254	0	-1.97E-05	4.66E-06	-1.22E-05	-9.47E-06
57	2	0	0	0	0	0	0	232	254	0	-2.01E-05	6.98E-06	-1.78E-05	-1.01E-05
57	3	0	0	0	0	0	0	232	254	0	-2.01E-05	6.98E-06	-1.78E-05	-1.01E-05
57	4	0	0	0	0	0	0	232	254	0	-2.03E-05	5.49E-06	-1.51E-05	-7.95E-06
57	5	0	0	0	0	0	0	232	254	0	-2.03E-05	5.49E-06	-1.51E-05	-7.95E-06
57	6	0	0	0	0	0	0	232	254	0	-1.99E-05	5.05E-06	-9.43E-06	-8.02E-06
57	7	0	0	0	0	0	0	232	254	0	-1.99E-05	5.05E-06	-9.43E-06	-8.02E-06
57	8	0	0	0	0	0	0	232	254	0	-1.96E-05	6.06E-06	-6.24E-06	-7.42E-06
57	9	0	0	0	0	0	0	232	254	0	-1.96E-05	6.06E-06	-6.24E-06	-7.42E-06
57	10	0	0	0	0	0	0	232	254	0	-2.01E-05	6.95E-06	-7.37E-06	-7.34E-06
57	11	0	0	0	0	0	0	232	254	0	-2.10E-05	6.99E-06	-8.22E-06	-5.72E-06
57	12	0	0	0	0	0	0	232	254	0	-2.10E-05	6.99E-06	-8.22E-06	-5.72E-06
57	13	0	0	0	0	0	0	232	254	0	-2.20E-05	7.11E-06	-8.34E-06	-3.50E-06
57	14	0	0	0	0	0	0	232	254	0	-2.20E-05	7.11E-06	-8.34E-06	-3.50E-06
57	15	0	0	0	0	0	0	232	254	0	-2.00E-05	6.99E-06	-9.54E-06	-4.68E-06
57	16	0	0	0	0	0	0	232	254	0	-2.00E-05	6.99E-06	-9.54E-06	-4.68E-06
57	17	0	0	0	0	0	0	232	254	0	-1.86E-05	5.85E-06	-1.02E-05	-6.11E-06
57	18	0	0	0	0	0	0	232	254	0	-1.86E-05	5.85E-06	-1.02E-05	-6.11E-06
57	19	0	0	0	0	0	0	232	254	0	-1.94E-05	6.51E-06	-9.78E-06	-6.04E-06
58	0	0	0	0	0	0	0	232	254	0	-2.03E-05	7.16E-06	-1.06E-05	-3.36E-06
58	1	0	0	0	0	0	0	232	254	0	-2.03E-05	7.16E-06	-1.06E-05	-3.36E-06
58	2	0	0	0	0	0	0	232	254	0	-2.06E-05	6.30E-06	-1.22E-05	-3.10E-06
58	3	0	0	0	0	0	0	232	254	0	-2.06E-05	6.30E-06	-1.22E-05	-3.10E-06
58	4	0	0	0	0	0	0	232	254	0	-2.13E-05	5.87E-06	-1.24E-05	-2.95E-06
58	5	0	0	0	0	0	0	232	254	0	-2.13E-05	5.87E-06	-1.24E-05	-2.95E-06
58	6	0	0	0	0	0	0	232	254	0	-2.11E-05	4.62E-06	-1.04E-05	-5.31E-06
58	7	0	0	0	0	0	0	232	254	0	-2.11E-05	4.62E-06	-1.04E-05	-5.31E-06
58	8	0	0	0	0	0	0	232	254	0	-1.91E-05	4.14E-06	-8.20E-06	-1.04E-05
58	9	0	0	0	0	0	0	232	254	0	-1.97E-05	4.88E-06	-8.93E-06	-1.23E-05
58	10	0	0	0	0	0	0	232	254	0	-1.97E-05	4.88E-06	-8.93E-06	-1.23E-05
58	11	0	0	0	0	0	0	232	254	0	-2.18E-05	4.86E-06	-8.42E-06	-1.23E-05
58	12	0	0	0	0	0	0	232	254	0	-2.18E-05	4.86E-06	-8.42E-06	-1.23E-05
58	13	0	0	0	0	0	0	232	254	0	-2.21E-05	4.47E-06	-6.75E-06	-1.41E-05
58	14	0	0	0	0	0	0	232	254	0	-2.21E-05	4.47E-06	-6.75E-06	-1.41E-05
58	15	0	0	0	0	0	0	232	254	0	-2.22E-05	2.88E-06	-6.67E-06	-1.27E-05
58	16	0	0	0	0	0	0	232	254	0	-2.22E-05	2.88E-06	-6.67E-06	-1.27E-05
58	17	0	0	0	0	0	0	232	254	0	-2.28E-05	3.53E-07	-7.34E-06	-1.30E-05
58	18	0	0	0	0	0	0	232	254	0	-2.23E-05	-2.22E-06	-7.10E-06	-1.66E-05
58	19	0	0	0	0	0	0	232	254	0	-2.23E-05	-2.22E-06	-7.10E-06	-1.66E-05
59	0	0	0	0	0	0	0	232	254	0	-2.06E-05	-1.54E-06	-8.02E-06	-2.14E-05
59	1	0	0	0	0	0	0	232	254	0	-2.06E-05	-1.54E-06	-8.02E-06	-2.14E-05
59	2	0	0	0	0	0	0	232	254	0	-2.09E-05	-3.91E-08	-8.79E-06	-2.52E-05
59	3	0	0	0	0	0	0	232	254	0	-2.09E-05	-3.91E-08	-8.79E-06	-2.52E-05
59	4	0	0	0	0	0	0	232	254	0	-2.29E-05	1.14E-06	-8.90E-06	-2.54E-05
59	5	0	0	0	0	0	0	232	254	0	-2.29E-05	1.14E-06	-8.90E-06	-2.54E-05
59	6	0	0	0	0	0	0	232	254	0	-2.39E-05	2.54E-06	-7.52E-06	-2.27E-05
59	7	0	0	0	0	0	0	232	254	0	-2.45E-05	3.14E-06	-5.97E-06	-1.52E-05
59	8	0	0	0	0	0	0	232	254	0	-2.45E-05	3.14E-06	-5.97E-06	-1.52E-05
59	9	0	0	0	0	0	0	232	254	0	-2.47E-05	3.30E-06	-6.11E-06	-1.25E-05
59	10	0	0	0	0	0	0	232	254	0	-2.47E-05	3.30E-06	-6.11E-06	-1.25E-05
59	11	0	0	0	0	0	0	232	254	0	-2.44E-05	4.61E-06	-8.67E-06	-1.28E-05
59	12	0	0	0	0	0	0	232	254	0	-2.44E-05	4.61E-06	-8.67E-06	-1.28E-05
59	13	0	0	0	0	0	0	232	254	0	-2.49E-05	6.46E-06	-1.33E-05	-8.35E-06
59	14	0	0	0	0	0	0	232	254	0	-2.49E-05	6.46E-06	-1.33E-05	-8.35E-06
59	15	0	0	0	0	0	0	232	254	0	-2.46E-05	6.25E-06	-1.49E-05	-4.04E-06
59	16	0	0	0	0	0	0	232	254	0	-2.48E-05	4.85E-06	-1.13E-05	-6.11E-06
59	17	0	0	0	0	0	0	232	254	0	-2.48E-05	4.85E-06	-1.13E-05	-6.11E-06
59	18	0	0	0	0	0	0	232	254	0	-2.32E-05	4.94E-06	-1.00E-05	-8.93E-06
59	19	0	0	0	0	0	0	232	254	0	-2.32E-05	4.94E-06	-1.00E-05	-8.93E-06
60	0	0	0	0	0	0	0	232	254	0	-2.04E-05	6.69E-06	-9.78E-06	-1.16E-05
60	1	0	0	0	0	0	0	232	254	0	-2.04E-05	6.69E-06	-9.78E-06	-1.16E-05
60	2	0	0	0	0	0	0	232	254	0	-1.96E-05	7.27E-06	-8.88E-06	-1.21E-05
60	3	0	0	0	0	0	0	232	254	0	-1.96E-05	7.27E-06	-8.88E-06	-1.21E-05
60	4	0	0	0	0	0	0	232	254	0	-1.95E-05	8.13E-06	-8.33E-06	-1.26E-05
60	5	0	0	0	0	0	0	232	254	0	-1.94E-05	1.13E-05	-7.77E-06	-1.77E-05
60	6	0	0	0	0	0	0	232	254	0	-1.94E-05	1.13E-05	-7.77E-06	-1.77E-05
60	7	0	0	0	0	0	0	232	254	0	-1.84E-05	1.30E-05	-8.47E-06	-2.09E-05
60	8	0	0	0	0	0	0	232	254	0	-1.84E-05	1.30E-05	-8.47E-06	-2.09E-05
60	9	0	0	0	0	0	0	232	254	0	-1.75E-05	1.18E-05	-9.92E-06	-2.15E-05
60	10	0	0	0	0	0	0	232	254	0	-1.75E-05	1.18E-05	-9.92E-06	-2.15E-05
60	11	0	0	0	0	0	0	232	254	0	-1.80E-05	1.10E-05	-9.95E-06	-1.89E-05
60	12	0	0	0	0	0	0	232	254	0	-1.80E-05	1.10E-05	-9.95E-06	-1.89E-05
60	13	0	0	0	0	0	0	232	254	0	-1.94E-05	1.06E-05	-8.59E-06	-1.47E-05
60	14	0	0	0	0	0	0	232	254	0	-1.94E-05	8.69E-06	-9.09E-06	-1.33E-05
60	15	0	0	0	0	0	0	232	254	0	-1.94E-05	8.69E-06	-9.09E-06	-1.33E-05
60	16	0	0	0	0	0	0	232	254	0	-1.81E-05	6.40E-06	-9.80E-06	-1.35E-05
60	17	0	0	0	0	0	0	232	254	0	-1.81E-05	6.40E-06	-9.80E-06	-1.35E-05
60	18	0	0	0	0	0	0	232	254	0	-1.79E-05	5.14E-06	-8.19E-06	-1.36E-05
60	19	0	0	0	0	0	0	232	254	0	-1.79E-05	5.14E-06	-8.19E-06	-1.36E-05
61	0	0	0	0	0	0	0	232	254	0	-1.67E-05	5.78E-06	-7.73E-06	-1.33E-05
61	1	0	0	0	0	0	0	232	254	0	-1.67E-05	5.78E-06	-7.73E-06	-1.33E-05
61	2	0	0	0	0	0	0	232	254	0	-1.83E-05	5.30E-06	-9.03E-06	-1.25E-05
61	3	0	0	0	0	0	0	232	254	0	-2.00E-05	3.72E-06	-1.05E-05	-1.71E-05
61	4	0	0	0	0	0	0	232	254	0	-2.00E-05	3.72E-06	-1.05E-05	-1.71E-05
61	5	0	0	0	0	0	0	232	254	0	-1.92E-05	2.39E-06	-9.77E-06	-2.34E-05
61	6	0	0	0	0	0	0	232	254	0	-1.92E-05	2.39E-06	-9.77E-06	-2.34E-05
61	7	0	0	0	0	0	0	232	254	0	-1.97E-05	1.90E-06	-9.69E-06	-2.37E-05
61	8	0	0	0	0	0	0	232	254	0	-1.97E-05	1.90E-06	-9.69E-06	-2.37E-05
61	9	0	0	0	0	0	0	232	254	0	-2.03E-05	2.76E-06	-1.29E-05	-1.93E-05
61	10	0	0	0	0	0	0	232	254	0	-2.03E-05	2.76E-06	-1.29E-05	-1.93E-05
61	11	0	0	0	0	0	0	232	254	0	-2.08E-05	2.96E-06	-1.18E-05	-1.79E-05
61	12	0	0	0	0	0	0	232	254	0	-2.10E-05	1.60E-06	-7.26E-06	-2.32E-05
61	13	0	0	0	0	0	0	232	254	0	-2.10E-05	1.60E-06	-7.26E-06	-2.32E-05
61	14	0	0	0	0	0	0	232	254	0	-2.10E-05	2.26E-06	-2.85E-06	-2.71E-05
61	15	0	0	0	0	0	0	232	254	0	-2.10E-05	2.26E-06	-2.85E-06	-2.71E-05
61	16	0	0	0	0	0	0	232	254	0	-2.10E-05	2.62E-06	2.04E-07	-2.72E-05
61	17	0	0	0	0	0	0	232	254	0	-2.10E-05	2.62E-06	2.04E-07	-2.72E-05
61	18	0	0	0	0	0	0	232	254	0	-2.14E-05	2.06E-06	-1.62E-06	-2.67E-05
61	19	0	0	0	0	0	0	232	254	0	-2.14E-05	2.06E-06	-1.62E-06	-2.67E-05
62	0	0	0	0	0	0	0	232	254	0	-2.07E-05	1.39E-06	-4.91E-06	-2.87E-05
62	1	0	0	0	0	0	0	232	254	0	-1.89E-05	3.14E-08	-7.02E-06	-3.41E-05
62	2	0	0	0	0	0	0	232	254	0	-1.89E-05	3.14E-08	-7.02E-06	-3.41E-05
62	3	0	0	0	0	0	0	232	254	0	-2.01E-05	-2.75E-07	-8.58E-06	-3.47E-05
62	4	0	0	0	0	0	0	232	254	0	-2.01E-05	-2.75E-07	-8.58E-06	-3.47E-05
62	5	0	0	0	0	0	0	232	254	0	-1.97E-05	1.89E-06	-9.41E-06	-3.50E-05
62	6	0	0	0	0	0	0	232	254	0	-1.97E-05	1.89E-06	-9.41E-06	-3.50E-05
62	7	0	0	0	0	0	0	232	254	0	-1.89E-05	3.31E-06	-8.88E-06	-3.35E-05
62	8	0	0	0	0	0	0	232	254	0	-1.89E-05	3.31E-06	-8.88E-06	-3.35E-05
62	9	0	0	0	0	0	0	232	254	0	-1.98E-05	3.75E-06	-1.02E-05	-2.82E-05
62	10	0	0	0	0	0	0	232	254	0	-1.99E-05	3.86E-06	-1.16E-05	-2.10E-05
62	11	0	0	0	0	0	0	232	254	0	-1.99E-05	3.86E-06	-1.16E-05	-2.10E-05
62	12	0	0	0	0	0	0	232	254	0	-2.01E-05	3.86E-06	-9.17E-06	-1.54E-05
62	13	0	0	0	0	0	0	232	254	0	-2.01E-05	3.86E-06	-9.17E-06	-1.54E-05
62	14	0	0	0	0	0	0	232	254	0	-2.07E-05	1.34E-06	-7.43E-06	-1.29E-05
62	15	0	0	0	0	0	0	232	254	0	-2.07E-05	1.34E-06	-7.43E-06	-1.29E-05
62	16	0	0	0	0	0	0	232	254	0	-2.10E-05	-1.09E-06	-6.07E-06	-1.56E-05
62	17	0	0	0	0	0	0	232	254	0	-2.10E-05	-1.09E-06	-6.07E-06	-1.56E-05
62	18	0	0	0	0	0	0	232	254	0	-2.24E-05	-2.14E-06	-6.80E-06	-1.68E-05
62	19	0	0	0	0	0	0	232	254	0	-2.25E-05	-1.09E-06	-9.56E-06	-1.09E-05
63	0	0	0	0	0	0	0	232	254	0	-2.25E-05	-1.09E-06	-9.56E-06	-1.09E-05
63	1	0	0	0	0	0	0	232	254	0	-2.28E-05	6.40E-07	-1.21E-05	-3.08E-06
63	2	0	0	0	0	0	0	232	254	0	-2.28E-05	6.40E-07	-1.21E-05	-3.08E-06
63	3	0	0	0	0	0	0	232	254	0	-2.51E-05	3.00E-06	-1.39E-05	9.29E-07
63	4	0	0	0	0	0	0	232	254	0	-2.51E-05	3.00E-06	-1.39E-05	9.29E-07
63	5	0	0	0	0	0	0	232	254	0	-2.53E-05	4.78E-06	-1.68E-05	6.49E-07
63	6	0	0	0	0	0	0	232	254	0	-2.53E-05	4.78E-06	-1.68E-05	6.49E-07
63	7	0	0	0	0	0	0	232	254	0	-2.36E-05	6.23E-06	-1.75E-05	-1.75E-07
63	8	0	0	0	0	0	0	232	254	0	-2.30E-05	6.60E-06	-6.65E-06	-3.88E-06
63	9	0	0	0	0	0	0	232	254	0	-2.30E-05	6.60E-06	-6.65E-06	-3.88E-06
63	10	0	0	0	0	0	0	232	254	0	-2.28E-05	5.63E-06	3.70E-06	-6.00E-06
63	11	0	0	0	0	0	0	232	254	0	-2.28E-05	5.63E-06	3.70E-06	-6.00E-06
63	12	0	0	0	0	0	0	232	254	0	-2.27E-05	5.66E-06	3.44E-08	-1.86E-06
63	13	0	0	0	0	0	0	232	254	0	-2.27E-05	5.66E-06	3.44E-08	-1.86E-06
63	14	0	0	0	0	0	0	232	254	0	-2.27E-05	6.10E-06	-5.83E-06	-2.81E-06
63	15	0	0	0	0	0	0	232	254	0	-2.27E-05	6.10E-06	-5.83E-06	-2.81E-06
63	16	0	0	0	0	0	0	232	254	0	-2.29E-05	7.13E-06	-8.25E-06	-6.48E-06
63	17	0	0	0	0	0	0	232	254	0	-2.27E-05	8.70E-06	-9.76E-06	-5.72E-06
63	18	0	0	0	0	0	0	232	254	0	-2.27E-05	8.70E-06	-9.76E-06	-5.72E-06
63	19	0	0	0	0	0	0	232	254	0	-2.21E-05	8.32E-06	-8.87E-06	-1.67E-06
64	0	0	0	0	0	0	0	232	254	0	-2.21E-05	8.32E-06	-8.87E-06	-1.67E-06
64	1	0	0	0	0	0	0	232	254	0	-2.06E-05	6.97E-06	-6.51E-06	1.75E-07
64	2	0	0	0	0	0	0	232	254	0	-2.06E-05	6.97E-06	-6.51E-06	1.75E-07
64	3	0	0	0	0	0	0	232	254	0	-2.00E-05	6.89E-06	-6.74E-06	1.59E-06
64	4	0	0	0	0	0	0	232	254	0	-2.00E-05	6.89E-06	-6.74E-06	1.59E-06
64	5	0	0	0	0	0	0	232	254	0	-2.03E-05	5.33E-06	-8.13E-06	-3.34E-07
64	6	0	0	0	0	0	0	232	254	0	-1.99E-05	4.76E-06	-8.10E-06	-3.57E-06
64	7	0	0	0	0	0	0	232	254	0	-1.99E-05	4.76E-06	-8.10E-06	-3.57E-06
64	8	0	0	0	0	0	0	232	254	0	-2.01E-05	5.10E-06	-8.80E-06	-8.42E-06
64	9	0	0	0	0	0	0	232	254	0	-2.01E-05	5.10E-06	-8.80E-06	-8.42E-06
64	10	0	0	0	0	0	0	232	254	0	-2.00E-05	6.12E-06	-1.13E-05	-1.32E-05
64	11	0	0	0	0	0	0	232	254	0	-2.00E-05	6.12E-06	-1.13E-05	-1.32E-05
64	12	0	0	0	0	0	0	232	254	0	-2.08E-05	6.55E-06	-1.36E-05	-1.24E-05
64	13	0	0	0	0	0	0	232	254	0	-2.08E-05	6.55E-06	-1.36E-05	-1.24E-05
64	14	0	0	0	0	0	0	232	254	0	-2.20E-05	7.23E-06	-1.44E-05	-1.24E-05
64	15	0	0	0	0	0	0	232	254	0	-2.16E-05	6.41E-06	-1.35E-05	-5.26E-06
64	16	0	0	0	0	0	0	232	254	0	-2.16E-05	6.41E-06	-1.35E-05	-5.26E-06
64	17	0	0	0	0	0	0	232	254	0	-2.09E-05	5.30E-06	-1.14E-05	1.64E-06
64	18	0	0	0	0	0	0	232	254	0	-2.09E-05	5.30E-06	-1.14E-05	1.64E-06
64	19	0	0	0	0	0	0	232	254	0	-2.17E-05	6.87E-06	-9.89E-06	5.82E-06
65	0	0	0	0	0	0	0	232	254	0	-2.17E-05	6.87E-06	-9.89E-06	5.82E-06
65	1	0	0	0	0	0	0	232	254	0	-2.23E-05	6.23E-06	-9.68E-06	9.11E-06
65	2	0	0	0	0	0	0	232	254	0	-2.23E-05	6.23E-06	-9.68E-06	9.11E-06
65	3	0	0	0	0	0	0	232	254	0	-2.23E-05	4.85E-06	-9.62E-06	1.27E-05
65	4	0	0	0	0	0	0	232	254	0	-2.10E-05	3.96E-06	-9.22E-06	1.63E-05
65	5	0	0	0	0	0	0	232	254	0	-2.10E-05	3.96E-06	-9.22E-06	1.63E-05
65	6	0	0	0	0	0	0	232	254	0	-2.15E-05	3.92E-06	-9.52E-06	1.96E-05
65	7	0	0	0	0	0	0	232	254	0	-2.15E-05	3.92E-06	-9.52E-06	1.96E-05
65	8	0	0	0	0	0	0	232	254	0	-2.18E-05	3.91E-06	-8.93E-06	2.36E-05
65	9	0	0	0	0	0	0	232	254	0	-2.18E-05	3.91E-06	-8.93E-06	2.36E-05
65	10	0	0	0	0	0	0	232	254	0	-2.03E-05	4.55E-06	-7.87E-06	3.19E-05
65	11	0	0	0	0	0	0	232	254	0	-2.03E-05	4.55E-06	-7.87E-06	3.19E-05
65	12	0	0	0	0	0	0	232	254	0	-2.01E-05	6.01E-06	-8.01E-06	6.47E-05
65	13	0	0	0	0	0	0	232	254	0	-2.01E-05	5.29E-06	-8.68E-06	9.58E-05
65	14	0	0	0	0	0	0	232	254	0	-2.01E-05	5.29E-06	-8.68E-06	9.58E-05
65	15	0	0	0	0	0	0	232	254	0	-1.99E-05	5.39E-06	-1.05E-05	9.86E-05
65	16	0	0	0	0	0	0	232	254	0	-1.99E-05	5.39E-06	-1.05E-05	9.86E-05
65	17	0	0	0	0	0	0	232	254	0	-2.03E-05	5.25E-06	-1.32E-05	8.84E-05
65	18	0	0	0	0	0	0	232	254	0	-2.03E-05	5.25E-06	-1.32E-05	8.84E-05
65	19	0	0	0	0	0	0	232	254	0	-2.01E-05	6.18E-06	-1.51E-05	7.81E-05
66	0	0	0	0	0	0	0	232	254	0	-2.01E-05	6.18E-06	-1.51E-05	7.81E-05
66	1	0	0	0	0	0	0	232	254	0	-2.04E-05	7.06E-06	-1.40E-05	7.39E-05
66	2	0	0	0	0	0	0	232	254	0	-1.96E-05	5.62E-06	-1.07E-05	7.61E-05
66	3	0	0	0	0	0	0	232	254	0	-1.96E-05	5.62E-06	-1.07E-05	7.61E-05
66	4	0	0	0	0	0	0	232	254	0	-1.88E-05	5.10E-06	-8.42E-06	7.61E-05
66	5	0	0	0	0	0	0	232	254	0	-1.88E-05	5.10E-06	-8.42E-06	7.61E-05
66	6	0	0	0	0	0	0	232	254	0	-1.84E-05	7.26E-06	-9.38E-06	7.59E-05
66	7	0	0	0	0	0	0	232	254	0	-1.84E-05	7.26E-06	-9.38E-06	7.59E-05
66	8	0	0	0	0	0	0	232	254	0	-1.81E-05	7.88E-06	-1.20E-05	7.97E-05
66	9	0	0	0	0	0	0	232	254	0	-1.81E-05	7.88E-06	-1.20E-05	7.97E-05
66	10	0	0	0	0	0	0	232	254	0	-1.75E-05	5.09E-06	-1.27E-05	7.74E-05
66	11	0	0	0	0	0	0	232	254	0	-1.75E-05	3.75E-06	-9.84E-06	6.95E-05
66	12	0	0	0	0	0	0	232	254	0	-1.75E-05	3.75E-06	-9.84E-06	6.95E-05
66	13	0	0	0	0	0	0	232	254	0	-1.74E-05	5.87E-06	-7.87E-06	5.83E-05
66	14	0	0	0	0	0	0	232	254	0	-1.74E-05	5.87E-06	-7.87E-06	5.83E-05
66	15	0	0	0	0	0	0	232	254	0	-1.55E-05	7.34E-06	-5.27E-06	5.05E-05
66	16	0	0	0	0	0	0	232	254	0	-1.55E-05	7.34E-06	-5.27E-06	5.05E-05
66	17	0	0	0	0	0	0	232	254	0	-1.44E-05	7.67E-06	5.87E-06	4.73E-05
66	18	0	0	0	0	0	0	232	254	0	-1.44E-05	7.67E-06	5.87E-06	4.73E-05
66	19	0	0	0	0	0	0	232	254	0	-1.50E-05	7.84E-06	1.29E-05	3.73E-05
67	0	0	0	0	0	0	0	232	254	0	-1.66E-05	6.86E-06	5.70E-06	2.27E-05
67	1	0	0	0	0	0	0	232	254	0	-1.66E-05	6.86E-06	5.70E-06	2.27E-05
67	2	0	0	0	0	0	0	232	254	0	-1.66E-05	5.12E-06	-7.19E-06	6.07E-06
67	3	0	0	0	0	0	0	232	254	0	-1.66E-05	5.12E-06	-7.19E-06	6.07E-06
67	4	0	0	0	0	0	0	232	254	0	-1.74E-05	3.85E-06	-1.42E-05	-9.79E-06
67	5	0	0	0	0	0	0	232	254	0	-1.74E-05	3.85E-06	-1.42E-05	-9.79E-06
67	6	0	0	0	0	0	0	232	254	0	-2.01E-05	2.84E-06	-1.17E-05	-1.71E-05
67	7	0	0	0	0	0	0	232	254	0	-2.01E-05	2.84E-06	-1.17E-05	-1.71E-05
67	8	0	0	0	0	0	0	232	254	0	-2.16E-05	5.73E-07	-1.24E-05	-1.90E-05
67	9	0	0	0	0	0	0	232	254	0	-2.37E-05	2.36E-07	-1.39E-05	-2.09E-05
67	10	0	0	0	0	0	0	232	254	0	-2.37E-05	2.36E-07	-1.39E-05	-2.09E-05
67	11	0	0	0	0	0	0	232	254	0	-2.65E-05	2.11E-06	-1.08E-05	-2.28E-05
67	12	0	0	0	0	0	0	232	254	0	-2.65E-05	2.11E-06	-1.08E-05	-2.28E-05
67	13	0	0	0	0	0	0	232	254	0	-2.54E-05	2.74E-06	-9.00E-06	-3.32E-05
67	14	0	0	0	0	0	0	232	254	0	-2.54E-05	2.74E-06	-9.00E-06	-3.32E-05
67	15	0	0	0	0	0	0	232	254	0	-2.37E-05	1.20E-06	-1.05E-05	-4.62E-05
67	16	0	0	0	0	0	0	232	254	0	-2.37E-05	1.20E-06	-1.05E-05	-4.62E-05
67	17	0	0	0	0	0	0	232	254	0	-2.46E-05	2.75E-07	-1.15E-05	-5.59E-05
67	18	0	0	0	0	0	0	232	254	0	-2.55E-05	1.31E-06	-1.18E-05	-6.57E-05
67	19	0	0	0	0	0	0	232	254	0	-2.55E-05	1.31E-06	-1.18E-05	-6.57E-05
68	0	0	0	0	0	0	0	232	254	0	-2.55E-05	1.62E-06	-1.09E-05	-6.98E-05
68	1	0	0	0	0	0	0	232	254	0	-2.55E-05	1.62E-06	-1.09E-05	-6.98E-05
68	2	0	0	0	0	0	0	232	254	0	-2.51E-05	8.24E-07	-9.61E-06	-7.70E-05
68	3	0	0	0	0	0	0	232	254	0	-2.51E-05	8.24E-07	-9.61E-06	-7.70E-05
68	4	0	0	0	0	0	0	232	254	0	-2.46E-05	-8.69E-07	-6.60E-06	-8.45E-05
68	5	0	0	0	0	0	0	232	254	0	-2.46E-05	-8.69E-07	-6.60E-06	-8.45E-05
68	6	0	0	0	0	0	0	232	254	0	-2.57E-05	-3.00E-06	-3.66E-06	-8.46E-05
68	7	0	0	0	0	0	0	232	254	0	-2.60E-05	-3.12E-06	-3.77E-06	-8.73E-05
68	8	0	0	0	0	0	0	232	254	0	-2.60E-05	-3.12E-06	-3.77E-06	-8.73E-05
68	9	0	0	0	0	0	0	232	254	0	-2.50E-05	-1.25E-06	-1.06E-05	-9.55E-05
68	10	0	0	0	0	0	0	232	254	0	-2.50E-05	-1.25E-06	-1.06E-05	-9.55E-05
68	11	0	0	0	0	0	0	232	254	0	-2.54E-05	-7.32E-07	-1.69E-05	-9.72E-05
68	12	0	0	0	0	0	0	232	254	0	-2.54E-05	-7.32E-07	-1.69E-05	-9.72E-05
68	13	0	0	0	0	0	0	232	254	0	-2.43E-05	-6.10E-07	-1.79E-05	-9.55E-05
68	14	0	0	0	0	0	0	232	254	0	-2.43E-05	-6.10E-07	-1.79E-05	-9.55E-05
68	15	0	0	0	0	0	0	232	254	0	-2.16E-05	1.78E-06	-2.29E-05	-9.58E-05
68	16	0	0	0	0	0	0	232	254	0	-2.11E-05	5.03E-06	-2.66E-05	-0.000103729
68	17	0	0	0	0	0	0	232	254	0	-2.11E-05	5.03E-06	-2.66E-05	-0.000103729
68	18	0	0	0	0	0	0	232	254	0	-2.15E-05	5.70E-06	-2.34E-05	-0.000114578
68	19	0	0	0	0	0	0	232	254	0	-2.15E-05	5.70E-06	-2.34E-05	-0.000114578
69	0	0	0	0	0	0	0	232	254	0	-2.13E-05	5.54E-06	-1.32E-05	-0.000122917
69	1	0	0	0	0	0	0	232	254	0	-2.13E-05	5.54E-06	-1.32E-05	-0.000122917
69	2	0	0	0	0	0	0	232	254	0	-2.06E-05	5.20E-06	5.87E-06	-0.00013391
69	3	0	0	0	0	0	0	232	254	0	-2.06E-05	5.20E-06	5.87E-06	-0.00013391
69	4	0	0	0	0	0	0	232	254	0	-2.02E-05	6.75E-06	2.09E-05	-0.000140146
69	5	0	0	0	0	0	0	232	254	0	-2.07E-05	7.21E-06	1.55E-05	-0.000141161
69	6	0	0	0	0	0	0	232	254	0	-2.07E-05	7.21E-06	1.55E-05	-0.000141161
69	7	0	0	0	0	0	0	232	254	0	-2.01E-05	6.02E-06	-5.00E-06	-0.000140475
69	8	0	0	0	0	0	0	232	254	0	-2.01E-05	6.02E-06	-5.00E-06	-0.000140475
69	9	0	0	0	0	0	0	232	254	0	-1.96E-05	4.40E-06	-1.46E-05	-0.000136264
69	10	0	0	0	0	0	0	232	254	0	-1.96E-05	4.40E-06	-1.46E-05	-0.000136264
69	11	0	0	0	0	0	0	232	254	0	-1.96E-05	3.63E-06	-1.24E-05	-0.000128727
69	12	0	0	0	0	0	0	232	254	0	-1.96E-05	3.63E-06	-1.24E-05	-0.000128727
69	13	0	0	0	0	0	0	232	254	0	-2.01E-05	2.72E-06	-1.37E-05	-0.000127656
69	14	0	0	0	0	0	0	232	254	0	-2.07E-05	2.35E-06	-1.63E-05	-0.000129549
69	15	0	0	0	0	0	0	232	254	0	-2.07E-05	2.35E-06	-1.63E-05	-0.000129549
69	16	0	0	0	0	0	0	232	254	0	-2.12E-05	3.15E-06	-9.63E-06	-0.0001326
69	17	0	0	0	0	0	0	232	254	0	-2.12E-05	3.15E-06	-9.63E-06	-0.0001326
69	18	0	0	0	0	0	0	232	254	0	-2.17E-05	4.21E-06	-7.19E-07	-0.000129772
69	19	0	0	0	0	0	0	232	254	0	-2.17E-05	4.21E-06	-7.19E-07	-0.000129772
70	0	0	0	0	0	0	0	232	254	0	-2.26E-05	5.33E-06	-1.36E-06	-0.000112686
70	1	0	0	0	0	0	0	232	254	0	-2.26E-05	5.33E-06	-1.36E-06	-0.000112686
70	2	0	0	0	0	0	0	232	254	0	-2.21E-05	6.74E-06	-1.14E-06	-8.97E-05
70	3	0	0	0	0	0	0	232	254	0	-2.17E-05	6.99E-06	2.75E-06	-6.75E-05
70	4	0	0	0	0	0	0	232	254	0	-2.17E-05	6.99E-06	2.75E-06	-6.75E-05
70	5	0	0	0	0	0	0	232	254	0	-2.14E-05	6.65E-06	5.35E-07	-4.59E-05
70	6	0	0	0	0	0	0	232	254	0	-2.14E-05	6.65E-06	5.35E-07	-4.59E-05
70	7	0	0	0	0	0	0	232	254	0	-2.13E-05	7.23E-06	-1.28E-05	-3.25E-05
70	8	0	0	0	0	0	0	232	254	0	-2.13E-05	7.23E-06	-1.28E-05	-3.25E-05
70	9	0	0	0	0	0	0	232	254	0	-2.18E-05	8.24E-06	-2.72E-05	-2.81E-05
70	10	0	0	0	0	0	0	232	254	0	-2.18E-05	8.24E-06	-2.72E-05	-2.81E-05
70	11	0	0	0	0	0	0	232	254	0	-2.13E-05	8.10E-06	-3.07E-05	-1.57E-05
70	12	0	0	0	0	0	0	232	254	0	-2.01E-05	7.43E-06	-2.74E-05	1.55E-05
70	13	0	0	0	0	0	0	232	254	0	-2.01E-05	7.43E-06	-2.74E-05	1.55E-05
70	14	0	0	0	0	0	0	232	254	0	-1.92E-05	6.07E-06	-2.44E-05	4.69E-05
70	15	0	0	0	0	0	0	232	254	0	-1.92E-05	6.07E-06	-2.44E-05	4.69E-05
70	16	0	0	0	0	0	0	232	254	0	-1.83E-05	5.77E-06	-2.02E-05	6.84E-05
70	17	0	0	0	0	0	0	232	254	0	-1.83E-05	5.77E-06	-2.02E-05	6.84E-05
70	18	0	0	0	0	0	0	232	254	0	-1.80E-05	6.10E-06	-1.15E-05	8.20E-05
70	19	0	0	0	0	0	0	232	254	0	-1.80E-05	6.10E-06	-1.15E-05	8.20E-05
71	0	0	0	0	0	0	0	232	254	0	-1.86E-05	6.78E-06	5.51E-06	8.16E-05
71	1	0	0	0	0	0	0	232	254	0	-1.94E-05	6.25E-06	1.28E-05	9.32E-05
71	2	0	0	0	0	0	0	232	254	0	-1.94E-05	6.25E-06	1.28E-05	9.32E-05
71	3	0	0	0	0	0	0	232	254	0	-1.93E-05	5.42E-06	6.74E-06	0.000110176
71	4	0	0	0	0	0	0	232	254	0	-1.93E-05	5.42E-06	6.74E-06	0.000110176
71	5	0	0	0	0	0	0	232	254	0	-1.91E-05	5.43E-06	1.52E-06	0.000116632
71	6	0	0	0	0	0	0	232	254	0	-1.91E-05	5.43E-06	1.52E-06	0.000116632
71	7	0	0	0	0	0	0	232	254	0	-1.99E-05	5.77E-06	-1.56E-06	0.000127624
71	8	0	0	0	0	0	0	232	254	0	-1.99E-05	5.77E-06	-1.56E-06	0.000127624
71	9	0	0	0	0	0	0	232	254	0	-2.04E-05	6.33E-06	-1.83E-06	0.000128085
71	10	0	0	0	0	0	0	232	254	0	-2.15E-05	6.32E-06	7.78E-07	0.000122278
71	11	0	0	0	0	0	0	232	254	0	-2.15E-05	6.32E-06	7.78E-07	0.000122278
71	12	0	0	0	0	0	0	232	254	0	-2.22E-05	5.07E-06	4.14E-06	0.000131501
71	13	0	0	0	0	0	0	232	254	0	-2.22E-05	5.07E-06	4.14E-06	0.000131501
71	14	0	0	0	0	0	0	232	254	0	-2.21E-05	4.07E-06	9.32E-06	0.000145898
71	15	0	0	0	0	0	0	232	254	0	-2.21E-05	4.07E-06	9.32E-06	0.000145898
71	16	0	0	0	0	0	0	232	254	0	-2.21E-05	5.69E-06	9.42E-06	0.000137866
71	17	0	0	0	0	0	0	232	254	0	-2.21E-05	5.69E-06	9.42E-06	0.000137866
71	18	0	0	0	0	0	0	232	254	0	-2.27E-05	5.06E-06	2.04E-06	0.000120082
71	19	0	0	0	0	0	0	232	254	0	-2.23E-05	3.33E-06	-1.60E-05	0.000107722
72	0	0	0	0	0	0	0	232	254	0	-2.23E-05	3.33E-06	-1.60E-05	0.000107722
72	1	0	0	0	0	0	0	232	254	0	-2.13E-05	4.00E-06	-4.11E-05	0.000105486
72	2	0	0	0	0	0	0	232	254	0	-2.13E-05	4.00E-06	-4.11E-05	0.000105486
72	3	0	0	0	0	0	0	232	254	0	-2.10E-05	4.30E-06	-5.99E-05	0.000103167
72	4	0	0	0	0	0	0	232	254	0	-2.10E-05	4.30E-06	-5.99E-05	0.000103167
72	5	0	0	0	0	0	0	232	254	0	-2.10E-05	4.88E-06	-6.01E-05	9.23E-05
72	6	0	0	0	0	0	0	232	254	0	-2.10E-05	4.88E-06	-6.01E-05	9.23E-05
72	7	0	0	0	0	0	0	232	254	0	-2.10E-05	5.89E-06	-4.46E-05	7.50E-05
72	8	0	0	0	0	0	0	232	254	0	-2.05E-05	6.44E-06	-2.93E-05	5.24E-05
72	9	0	0	0	0	0	0	232	254	0	-2.05E-05	6.44E-06	-2.93E-05	5.24E-05
72	10	0	0	0	0	0	0	232	254	0	-2.15E-05	5.86E-06	-4.87E-06	3.29E-05
72	11	0	0	0	0	0	0	232	254	0	-2.15E-05	5.86E-06	-4.87E-06	3.29E-05
72	12	0	0	0	0	0	0	232	254	0	-2.31E-05	5.77E-06	1.78E-05	2.53E-06
72	13	0	0	0	0	0	0	232	254	0	-2.31E-05	5.77E-06	1.78E-05	2.53E-06
72	14	0	0	0	0	0	0	232	254	0	-2.21E-05	5.42E-06	2.03E-05	-2.47E-05
72	15	0	0	0	0	0	0	232	254	0	-2.21E-05	5.42E-06	2.03E-05	-2.47E-05
72	16	0	0	0	0	0	0	232	254	0	-2.09E-05	4.63E-06	1.10E-05	-4.16E-05
72	17	0	0	0	0	0	0	232	254	0	-2.04E-05	3.79E-06	1.00E-05	-5.41E-05
72	18	0	0	0	0	0	0	232	254	0	-2.04E-05	3.79E-06	1.00E-05	-5.41E-05
72	19	0	0	0	0	0	0	232	254	0	-2.03E-05	3.75E-06	1.17E-05	-7.50E-05
73	0	0	0	0	0	0	0	232	254	0	-2.03E-05	3.75E-06	1.17E-05	-7.50E-05
73	1	0	0	0	0	0	0	232	254	0	-2.15E-05	3.40E-06	5.39E-06	-9.00E-05
73	2	0	0	0	0	0	0	232	254	0	-2.15E-05	3.40E-06	5.39E-06	-9.00E-05
73	3	0	0	0	0	0	0	232	254	0	-2.20E-05	2.39E-06	7.96E-06	-7.82E-05
73	4	0	0	0	0	0	0	232	254	0	-2.20E-05	2.39E-06	7.96E-06	-7.82E-05
73	5	0	0	0	0	0	0	232	254	0	-2.02E-05	2.13E-06	1.57E-05	-6.97E-05
73	6	0	0	0	0	0	0	232	254	0	-2.04E-05	1.72E-06	1.25E-05	-8.43E-05
73	7	0	0	0	0	0	0	232	254	0	-2.04E-05	1.72E-06	1.25E-05	-8.43E-05
73	8	0	0	0	0	0	0	232	254	0	-2.12E-05	1.74E-06	1.21E-06	-0.000108528
73	9	0	0	0	0	0	0	232	254	0	-2.12E-05	1.74E-06	1.21E-06	-0.000108528
73	10	0	0	0	0	0	0	232	254	0	-1.93E-05	3.45E-06	-8.00E-06	-0.000119577
73	11	0	0	0	0	0	0	232	254	0	-1.93E-05	3.45E-06	-8.00E-06	-0.000119577
73	12	0	0	0	0	0	0	232	254	0	-1.83E-05	4.20E-06	-1.28E-05	-0.000113238
73	13	0	0	0	0	0	0	232	254	0	-1.83E-05	4.20E-06	-1.28E-05	-0.000113238
73	14	0	0	0	0	0	0	232	254	0	-2.01E-05	4.31E-06	-2.24E-05	-0.000106173
73	15	0	0	0	0	0	0	232	254	0	-2.14E-05	3.79E-06	-3.34E-05	-9.94E-05
73	16	0	0	0	0	0	0	232	254	0	-2.14E-05	3.79E-06	-3.34E-05	-9.94E-05
73	17	0	0	0	0	0	0	232	254	0	-2.12E-05	2.38E-06	-2.83E-05	-8.43E-05
73	18	0	0	0	0	0	0	232	254	0	-2.12E-05	2.38E-06	-2.83E-05	-8.43E-05
73	19	0	0	0	0	0	0	232	254	0	-1.97E-05	2.76E-06	-1.76E-05	-5.25E-05
74	0	0	0	0	0	0	0	232	254	0	-1.97E-05	2.76E-06	-1.76E-05	-5.25E-05
74	1	0	0	0	0	0	0	232	254	0	-1.90E-05	3.65E-06	-1.91E-05	-2.37E-05
74	2	0	0	0	0	0	0	232	254	0	-1.90E-05	3.65E-06	-1.91E-05	-2.37E-05
74	3	0	0	0	0	0	0	232	254	0	-1.97E-05	3.40E-06	-2.20E-05	4.20E-06
74	4	0	0	0	0	0	0	232	254	0	-2.07E-05	4.22E-06	-1.50E-05	2.31E-05
74	5	0	0	0	0	0	0	232	254	0	-2.07E-05	4.22E-06	-1.50E-05	2.31E-05
74	6	0	0	0	0	0	0	232	254	0	-2.12E-05	3.90E-06	-1.51E-06	2.72E-05
74	7	0	0	0	0	0	0	232	254	0	-2.12E-05	3.90E-06	-1.51E-06	2.72E-05
74	8	0	0	0	0	0	0	232	254	0	-2.11E-05	2.72E-06	1.24E-06	1.81E-05
74	9	0	0	0	0	0	0	232	254	0	-2.11E-05	2.72E-06	1.24E-06	1.81E-05
74	10	0	0	0	0	0	0	232	254	0	-2.05E-05	1.32E-06	-9.74E-06	3.52E-06
74	11	0	0	0	0	0	0	232	254	0	-2.05E-05	1.32E-06	-9.74E-06	3.52E-06
74	12	0	0	0	0	0	0	232	254	0	-2.03E-05	2.33E-06	-1.66E-05	-6.38E-06
74	13	0	0	0	0	0	0	232	254	0	-2.03E-05	2.22E-06	-9.50E-06	-9.41E-06
74	14	0	0	0	0	0	0	232	254	0	-2.03E-05	2.22E-06	-9.50E-06	-9.41E-06
74	15	0	0	0	0	0	0	232	254	0	-2.05E-05	2.30E-06	1.50E-06	-2.03E-05
74	16	0	0	0	0	0	0	232	254	0	-2.05E-05	2.30E-06	1.50E-06	-2.03E-05
74	17	0	0	0	0	0	0	232	254	0	-2.00E-05	1.83E-06	6.81E-06	-3.31E-05
74	18	0	0	0	0	0	0	232	254	0	-2.00E-05	1.83E-06	6.81E-06	-3.31E-05
74	19	0	0	0	0	0	0	232	254	0	-1.94E-05	5.95E-07	2.57E-06	-2.71E-05
75	0	0	0	0	0	0	0	232	254	0	-1.94E-05	5.95E-07	2.57E-06	-2.71E-05
75	1	0	0	0	0	0	0	232	254	0	-1.98E-05	2.00E-06	-2.01E-06	-3.09E-05
75	2	0	0	0	0	0	0	232	254	0	-1.95E-05	1.59E-06	-2.11E-06	-2.58E-05
75	3	0	0	0	0	0	0	232	254	0	-1.95E-05	1.59E-06	-2.11E-06	-2.58E-05
75	4	0	0	0	0	0	0	232	254	0	-1.88E-05	4.35E-07	-1.21E-05	-5.17E-06
75	5	0	0	0	0	0	0	232	254	0	-1.88E-05	4.35E-07	-1.21E-05	-5.17E-06
75	6	0	0	0	0	0	0	232	254	0	-1.93E-05	8.55E-07	-2.20E-05	1.72E-05
75	7	0	0	0	0	0	0	232	254	0	-1.93E-05	8.55E-07	-2.20E-05	1.72E-05
75	8	0	0	0	0	0	0	232	254	0	-2.12E-05	1.98E-06	-2.25E-05	2.13E-05
75	9	0	0	0	0	0	0	232	254	0	-2.12E-05	1.98E-06	-2.25E-05	2.13E-05
75	10	0	0	0	0	0	0	232	254	0	-2.14E-05	2.92E-06	-2.25E-05	7.61E-06
75	11	0	0	0	0	0	0	232	254	0	-2.06E-05	1.93E-06	-2.71E-05	-2.28E-05
75	12	0	0	0	0	0	0	232	254	0	-2.06E-05	1.93E-06	-2.71E-05	-2.28E-05
75	13	0	0	0	0	0	0	232	254	0	-1.99E-05	1.92E-06	-3.52E-05	-6.53E-05
75	14	0	0	0	0	0	0	232	254	0	-1.99E-05	1.92E-06	-3.52E-05	-6.53E-05
75	15	0	0	0	0	0	0	232	254	0	-1.87E-05	3.78E-06	-4.35E-05	-9.14E-05
75	16	0	0	0	0	0	0	232	254	0	-1.87E-05	3.78E-06	-4.35E-05	-9.14E-05
75	17	0	0	0	0	0	0	232	254	0	-1.94E-05	3.62E-06	-4.98E-05	-0.000117567
75	18	0	0	0	0	0	0	232	254	0	-1.94E-05	3.62E-06	-4.98E-05	-0.000117567
75	19	0	0	0	0	0	0	232	254	0	-2.11E-05	3.30E-06	-4.68E-05	-0.000158477
76	0	0	0	0	0	0	0	232	254	0	-2.18E-05	2.56E-06	-4.03E-05	-0.000206589
76	1	0	0	0	0	0	0	232	254	0	-2.18E-05	2.56E-06	-4.03E-05	-0.000206589
76	2	0	0	0	0	0	0	232	254	0	-2.08E-05	3.33E-06	-2.98E-05	-0.000233793
76	3	0	0	0	0	0	0	232	254	0	-2.08E-05	3.33E-06	-2.98E-05	-0.000233793
76	4	0	0	0	0	0	0	232	254	0	-1.99E-05	4.55E-06	-1.45E-05	-0.000230944
76	5	0	0	0	0	0	0	232	254	0	-1.99E-05	4.55E-06	-1.45E-05	-0.000230944
76	6	0	0	0	0	0	0	232	254	0	-2.10E-05	4.64E-06	-4.88E-06	-0.0002271
76	7	0	0	0	0	0	0	232	254	0	-2.10E-05	4.64E-06	-4.88E-06	-0.0002271
76	8	0	0	0	0	0	0	232	254	0	-2.26E-05	5.45E-06	-2.17E-06	-0.000227672
76	9	0	0	0	0	0	0	232	254	0	-2.23E-05	4.84E-06	-2.88E-06	-0.000225078
76	10	0	0	0	0	0	0	232	254	0	-2.23E-05	4.84E-06	-2.88E-06	-0.000225078
76	11	0	0	0	0	0	0	232	254	0	-2.15E-05	4.94E-06	7.29E-06	-0.000225689
76	12	0	0	0	0	0	0	232	254	0	-2.15E-05	4.94E-06	7.29E-06	-0.000225689
76	13	0	0	0	0	0	0	232	254	0	-2.07E-05	5.89E-06	2.85E-05	-0.000238843
76	14	0	0	0	0	0	0	232	254	0	-2.07E-05	5.89E-06	2.85E-05	-0.000238843
76	15	0	0	0	0	0	0	232	254	0	-1.99E-05	4.38E-06	4.64E-05	-0.000255315
76	16	0	0	0	0	0	0	232	254	0	-1.99E-05	4.38E-06	4.64E-05	-0.000255315
76	17	0	0	0	0	0	0	232	254	0	-1.96E-05	5.59E-06	3.91E-05	-0.000245568
76	18	0	0	0	0	0	0	232	254	0	-2.03E-05	7.92E-06	2.05E-05	-0.000223228
76	19	0	0	0	0	0	0	232	254	0	-2.03E-05	7.92E-06	2.05E-05	-0.000223228
77	0	0	0	0	0	0	0	232	254	0	-2.22E-05	6.73E-06	1.16E-05	-0.000210413
77	1	0	0	0	0	0	0	232	254	0	-2.22E-05	6.73E-06	1.16E-05	-0.000210413
77	2	0	0	0	0	0	0	232	254	0	-2.28E-05	4.84E-06	1.31E-06	-0.000200357
77	3	0	0	0	0	0	0	232	254	0	-2.28E-05	4.84E-06	1.31E-06	-0.000200357
77	4	0	0	0	0	0	0	232	254	0	-2.40E-05	5.39E-06	-6.63E-06	-0.000182808
77	5	0	0	0	0	0	0	232	254	0	-2.40E-05	5.39E-06	-6.63E-06	-0.000182808
77	6	0	0	0	0	0	0	232	254	0	-2.42E-05	6.10E-06	-1.06E-05	-0.000142703
77	7	0	0	0	0	0	0	232	254	0	-2.26E-05	5.52E-06	-1.04E-05	-0.000106687
77	8	0	0	0	0	0	0	232	254	0	-2.26E-05	5.52E-06	-1.04E-05	-0.000106687
77	9	0	0	0	0	0	0	232	254	0	-2.15E-05	4.52E-06	-7.50E-06	-9.48E-05
77	10	0	0	0	0	0	0	232	254	0	-2.15E-05	4.52E-06	-7.50E-06	-9.48E-05
77	11	0	0	0	0	0	0	232	254	0	-2.06E-05	6.26E-06	-5.81E-06	-8.76E-05
77	12	0	0	0	0	0	0	232	254	0	-2.06E-05	6.26E-06	-5.81E-06	-8.76E-05
77	13	0	0	0	0	0	0	232	254	0	-2.01E-05	8.25E-06	-5.77E-06	-7.17E-05
77	14	0	0	0	0	0	0	232	254	0	-2.01E-05	8.25E-06	-5.77E-06	-7.17E-05
77	15	0	0	0	0	0	0	232	254	0	-2.02E-05	8.16E-06	-5.76E-06	-3.88E-05
77	16	0	0	0	0	0	0	232	254	0	-2.03E-05	7.43E-06	-6.97E-06	-1.17E-06
77	17	0	0	0	0	0	0	232	254	0	-2.03E-05	7.43E-06	-6.97E-06	-1.17E-06
77	18	0	0	0	0	0	0	232	254	0	-2.01E-05	8.82E-06	-8.93E-06	5.54E-05
77	19	0	0	0	0	0	0	232	254	0	-2.01E-05	8.82E-06	-8.93E-06	5.54E-05
78	0	0	0	0	0	0	0	232	254	0	-1.94E-05	1.03E-05	-1.41E-05	0.000131312
78	1	0	0	0	0	0	0	232	254	0	-1.94E-05	1.03E-05	-1.41E-05	0.000131312
78	2	0	0	0	0	0	0	232	254	0	-1.84E-05	1.01E-05	-2.27E-05	0.0001788
78	3	0	0	0	0	0	0	232	254	0	-1.84E-05	1.01E-05	-2.27E-05	0.0001788
78	4	0	0	0	0	0	0	232	254	0	-1.96E-05	1.01E-05	-2.52E-05	0.00020079
78	5	0	0	0	0	0	0	232	254	0	-2.05E-05	1.00E-05	-2.13E-05	0.000220713
78	6	0	0	0	0	0	0	232	254	0	-2.05E-05	1.00E-05	-2.13E-05	0.000220713
78	7	0	0	0	0	0	0	232	254	0	-2.06E-05	8.87E-06	-1.73E-05	0.000240946
78	8	0	0	0	0	0	0	232	254	0	-2.06E-05	8.87E-06	-1.73E-05	0.000240946
78	9	0	0	0	0	0	0	232	254	0	-2.18E-05	8.51E-06	-1.59E-05	0.000248387
78	10	0	0	0	0	0	0	232	254	0	-2.18E-05	8.51E-06	-1.59E-05	0.000248387
78	11	0	0	0	0	0	0	232	254	0	-2.19E-05	7.87E-06	-1.43E-05	0.000232663
78	12	0	0	0	0	0	0	232	254	0	-2.19E-05	7.87E-06	-1.43E-05	0.000232663
78	13	0	0	0	0	0	0	232	254	0	-2.13E-05	6.64E-06	-1.46E-05	0.000214324
78	14	0	0	0	0	0	0	232	254	0	-2.07E-05	5.52E-06	-1.42E-05	0.000195913
78	15	0	0	0	0	0	0	232	254	0	-2.07E-05	5.52E-06	-1.42E-05	0.000195913
78	16	0	0	0	0	0	0	232	254	0	-2.04E-05	6.35E-06	-7.47E-06	0.000204896
78	17	0	0	0	0	0	0	232	254	0	-2.04E-05	6.35E-06	-7.47E-06	0.000204896
78	18	0	0	0	0	0	0	232	254	0	-1.94E-05	7.11E-06	1.42E-06	0.00023054
78	19	0	0	0	0	0	0	232	254	0	-1.94E-05	7.11E-06	1.42E-06	0.00023054
79	0	0	0	0	0	0	0	232	254	0	-1.94E-05	6.53E-06	1.45E-06	0.000250176
79	1	0	0	0	0	0	0	232	254	0	-1.94E-05	6.53E-06	1.45E-06	0.000250176
79	2	0	0	0	0	0	0	232	254	0	-2.00E-05	5.52E-06	-4.18E-06	0.00025713
79	3	0	0	0	0	0	0	232	254	0	-2.09E-05	5.09E-06	-5.98E-06	0.000260503
79	4	0	0	0	0	0	0	232	254	0	-2.09E-05	5.09E-06	-5.98E-06	0.000260503
79	5	0	0	0	0	0	0	232	254	0	-2.09E-05	5.61E-06	-8.62E-06	0.00025206
79	6	0	0	0	0	0	0	232	254	0	-2.09E-05	5.61E-06	-8.62E-06	0.00025206
79	7	0	0	0	0	0	0	232	254	0	-2.00E-05	5.30E-06	-1.27E-05	0.000225368
79	8	0	0	0	0	0	0	232	254	0	-2.00E-05	5.30E-06	-1.27E-05	0.000225368
79	9	0	0	0	0	0	0	232	254	0	-1.85E-05	4.35E-06	-1.45E-05	0.000183533
79	10	0	0	0	0	0	0	232	254	0	-1.85E-05	4.35E-06	-1.45E-05	0.000183533
79	11	0	0	0	0	0	0	232	254	0	-1.83E-05	5.06E-06	-1.51E-05	0.000143325
79	12	0	0	0	0	0	0	232	254	0	-1.85E-05	5.77E-06	-1.23E-05	9.96E-05
79	13	0	0	0	0	0	0	232	254	0	-1.85E-05	5.77E-06	-1.23E-05	9.96E-05
79	14	0	0	0	0	0	0	232	254	0	-1.88E-05	4.84E-06	-8.85E-06	7.38E-05
79	15	0	0	0	0	0	0	232	254	0	-1.88E-05	4.84E-06	-8.85E-06	7.38E-05
79	16	0	0	0	0	0	0	232	254	0	-2.01E-05	2.88E-06	-1.12E-05	6.20E-05
79	17	0	0	0	0	0	0	232	254	0	-2.01E-05	2.88E-06	-1.12E-05	6.20E-05
79	18	0	0	0	0	0	0	232	254	0	-2.16E-05	1.95E-06	-1.63E-05	3.67E-05
79	19	0	0	0	0	0	0	232	254	0	-2.16E-05	1.95E-06	-1.63E-05	3.67E-05
80	0	0	0	0	0	0	0	232	254	0	-2.10E-05	2.30E-06	-1.68E-05	1.28E-06
80	1	0	0	0	0	0	0	232	254	0	-2.00E-05	1.49E-06	-1.50E-05	-1.75E-05
80	2	0	0	0	0	0	0	232	254	0	-2.00E-05	1.49E-06	-1.50E-05	-1.75E-05
80	3	0	0	0	0	0	0	232	254	0	-2.08E-05	2.06E-07	-1.40E-05	-4.21E-05
80	4	0	0	0	0	0	0	232	254	0	-2.08E-05	2.06E-07	-1.40E-05	-4.21E-05
80	5	0	0	0	0	0	0	232	254	0	-2.04E-05	2.90E-07	-1.28E-05	-8.74E-05
80	6	0	0	0	0	0	0	232	254	0	-2.04E-05	2.90E-07	-1.28E-05	-8.74E-05
80	7	0	0	0	0	0	0	232	254	0	-2.03E-05	4.56E-08	-5.44E-06	-0.000117752
80	8	0	0	0	0	0	0	232	254	0	-2.03E-05	4.56E-08	-5.44E-06	-0.000117752
80	9	0	0	0	0	0	0	232	254	0	-2.19E-05	-6.26E-07	1.04E-05	-0.000148594
80	10	0	0	0	0	0	0	232	254	0	-2.21E-05	3.06E-07	1.67E-05	-0.00018446
80	11	0	0	0	0	0	0	232	254	0	-2.21E-05	3.06E-07	1.67E-05	-0.00018446
80	12	0	0	0	0	0	0	232	254	0	-2.40E-05	1.30E-06	7.91E-06	-0.000202978
80	13	0	0	0	0	0	0	232	254	0	-2.40E-05	1.30E-06	7.91E-06	-0.000202978
80	14	0	0	0	0	0	0	232	254	0	-2.52E-05	8.24E-07	-7.72E-07	-0.000211324
80	15	0	0	0	0	0	0	232	254	0	-2.52E-05	8.24E-07	-7.72E-07	-0.000211324
80	16	0	0	0	0	0	0	232	254	0	-2.40E-05	1.19E-06	-4.69E-06	-0.000215046
80	17	0	0	0	0	0	0	232	254	0	-2.40E-05	1.19E-06	-4.69E-06	-0.000215046
80	18	0	0	0	0	0	0	232	254	0	-2.20E-05	-9.23E-08	-7.83E-06	-0.000221755
80	19	0	0	0	0	0	0	232	254	0	-2.20E-05	-1.53E-06	-7.98E-06	-0.000223094
81	0	0	0	0	0	0	0	232	254	0	-2.20E-05	-1.53E-06	-7.98E-06	-0.000223094
81	1	0	0	0	0	0	0	232	254	0	-2.21E-05	4.44E-07	-8.93E-06	-0.000205912
81	2	0	0	0	0	0	0	232	254	0	-2.21E-05	4.44E-07	-8.93E-06	-0.000205912
81	3	0	0	0	0	0	0	232	254	0	-2.11E-05	3.11E-06	-1.16E-05	-0.000175788
81	4	0	0	0	0	0	0	232	254	0	-2.11E-05	3.11E-06	-1.16E-05	-0.000175788
81	5	0	0	0	0	0	0	232	254	0	-2.09E-05	4.78E-06	-1.51E-05	-0.000152279
81	6	0	0	0	0	0	0	232	254	0	-2.09E-05	4.78E-06	-1.51E-05	-0.000152279
81	7	0	0	0	0	0	0	232	254	0	-2.18E-05	4.97E-06	-1.72E-05	-0.000134174
81	8	0	0	0	0	0	0	232	254	0	-2.14E-05	4.41E-06	-1.65E-05	-0.000113802
81	9	0	0	0	0	0	0	232	254	0	-2.14E-05	4.41E-06	-1.65E-05	-0.000113802
81	10	0	0	0	0	0	0	232	254	0	-1.91E-05	6.49E-06	-1.48E-05	-8.78E-05
81	11	0	0	0	0	0	0	232	254	0	-1.91E-05	6.49E-06	-1.48E-05	-8.78E-05
81	12	0	0	0	0	0	0	232	254	0	-1.82E-05	8.70E-06	-1.38E-05	-6.16E-05
81	13	0	0	0	0	0	0	232	254	0	-1.82E-05	8.70E-06	-1.38E-05	-6.16E-05
81	14	0	0	0	0	0	0	232	254	0	-1.92E-05	7.86E-06	-1.34E-05	-3.68E-05
81	15	0	0	0	0	0	0	232	254	0	-1.92E-05	7.86E-06	-1.34E-05	-3.68E-05
81	16	0	0	0	0	0	0	232	254	0	-1.99E-05	6.76E-06	-1.07E-05	-1.15E-05
81	17	0	0	0	0	0	0	232	254	0	-2.04E-05	5.86E-06	-9.11E-06	1.21E-05
81	18	0	0	0	0	0	0	232	254	0	-2.04E-05	5.86E-06	-9.11E-06	1.21E-05
81	19	0	0	0	0	0	0	232	254	0	-2.09E-05	5.08E-06	-8.67E-06	3.44E-05
82	0	0	0	0	0	0	0	232	254	0	-2.09E-05	5.08E-06	-8.67E-06	3.44E-05
82	1	0	0	0	0	0	0	232	254	0	-2.19E-05	5.10E-06	-7.99E-06	5.87E-05
82	2	0	0	0	0	0	0	232	254	0	-2.19E-05	5.10E-06	-7.99E-06	5.87E-05
82	3	0	0	0	0	0	0	232	254	0	-2.23E-05	4.17E-06	-8.75E-06	8.27E-05
82	4	0	0	0	0	0	0	232	254	0	-2.23E-05	4.17E-06	-8.75E-06	8.27E-05
82	5	0	0	0	0	0	0	232	254	0	-2.28E-05	3.23E-06	-1.06E-05	0.000106167
82	6	0	0	0	0	0	0	232	254	0	-2.28E-05	2.91E-06	-1.15E-05	0.000127835
82	7	0	0	0	0	0	0	232	254	0	-2.28E-05	2.91E-06	-1.15E-05	0.000127835
82	8	0	0	0	0	0	0	232	254	0	-2.20E-05	2.40E-06	-1.19E-05	0.000148877
82	9	0	0	0	0	0	0	232	254	0	-2.20E-05	2.40E-06	-1.19E-05	0.000148877
82	10	0	0	0	0	0	0	232	254	0	-2.07E-05	2.18E-06	-1.07E-05	0.000167506
82	11	0	0	0	0	0	0	232	254	0	-2.07E-05	2.18E-06	-1.07E-05	0.000167506
82	12	0	0	0	0	0	0	232	254	0	-2.01E-05	2.87E-06	-7.55E-06	0.000182672
82	13	0	0	0	0	0	0	232	254	0	-2.01E-05	2.87E-06	-7.55E-06	0.000182672
82	14	0	0	0	0	0	0	232	254	0	-2.11E-05	3.19E-06	-5.12E-06	0.00019826
82	15	0	0	0	0	0	0	232	254	0	-2.22E-05	2.96E-06	-5.68E-06	0.000210877
82	16	0	0	0	0	0	0	232	254	0	-2.22E-05	2.96E-06	-5.68E-06	0.000210877
82	17	0	0	0	0	0	0	232	254	0	-2.28E-05	2.74E-06	-6.67E-06	0.000216634
82	18	0	0	0	0	0	0	232	254	0	-2.28E-05	2.74E-06	-6.67E-06	0.000216634
82	19	0	0	0	0	0	0	232	254	0	-2.30E-05	3.03E-06	-7.11E-06	0.000218388
83	0	0	0	0	0	0	0	232	254	0	-2.30E-05	3.03E-06	-7.11E-06	0.000218388
83	1	0	0	0	0	0	0	232	254	0	-2.25E-05	3.65E-06	-8.82E-06	0.000219853
83	2	0	0	0	0	0	0	232	254	0	-2.25E-05	3.65E-06	-8.82E-06	0.000219853
83	3	0	0	0	0	0	0	232	254	0	-2.28E-05	3.17E-06	-1.01E-05	0.000218783
83	4	0	0	0	0	0	0	232	254	0	-2.12E-05	2.40E-06	-1.12E-05	0.000214143
83	5	0	0	0	0	0	0	232	254	0	-2.12E-05	2.40E-06	-1.12E-05	0.000214143
83	6	0	0	0	0	0	0	232	254	0	-1.97E-05	3.21E-06	-1.20E-05	0.000209352
83	7	0	0	0	0	0	0	232	254	0	-1.97E-05	3.21E-06	-1.20E-05	0.000209352
83	8	0	0	0	0	0	0	232	254	0	-1.99E-05	4.61E-06	-1.25E-05	0.000204186
83	9	0	0	0	0	0	0	232	254	0	-1.99E-05	4.61E-06	-1.25E-05	0.000204186
83	10	0	0	0	0	0	0	232	254	0	-1.91E-05	4.46E-06	-1.19E-05	0.000198647
83	11	0	0	0	0	0	0	232	254	0	-1.91E-05	4.46E-06	-1.19E-05	0.000198647
83	12	0	0	0	0	0	0	232	254	0	-1.82E-05	5.34E-06	-1.07E-05	0.000193451
83	13	0	0	0	0	0	0	232	254	0	-1.86E-05	7.02E-06	-1.14E-05	0.000189103
83	14	0	0	0	0	0	0	232	254	0	-1.86E-05	7.02E-06	-1.14E-05	0.000189103
83	15	0	0	0	0	0	0	232	254	0	-2.01E-05	6.52E-06	-1.26E-05	0.00018141
83	16	0	0	0	0	0	0	232	254	0	-2.01E-05	6.52E-06	-1.26E-05	0.00018141
83	17	0	0	0	0	0	0	232	254	0	-2.08E-05	7.53E-06	-1.20E-05	0.000170063
83	18	0	0	0	0	0	0	232	254	0	-2.08E-05	7.53E-06	-1.20E-05	0.000170063
83	19	0	0	0	0	0	0	232	254	0	-2.01E-05	9.60E-06	-1.55E-05	0.00015678
84	0	0	0	0	0	0	0	232	254	0	-2.01E-05	9.60E-06	-1.55E-05	0.00015678
84	1	0	0	0	0	0	0	232	254	0	-1.98E-05	1.01E-05	-1.82E-05	0.000139924
84	2	0	0	0	0	0	0	232	254	0	-1.95E-05	9.50E-06	-1.60E-05	0.000108917
84	3	0	0	0	0	0	0	232	254	0	-1.95E-05	9.50E-06	-1.60E-05	0.000108917
84	4	0	0	0	0	0	0	232	254	0	-2.00E-05	9.46E-06	-1.50E-05	7.70E-05
84	5	0	0	0	0	0	0	232	254	0	-2.00E-05	9.46E-06	-1.50E-05	7.70E-05
84	6	0	0	0	0	0	0	232	254	0	-1.96E-05	9.34E-06	-1.36E-05	4.05E-05
84	7	0	0	0	0	0	0	232	254	0	-1.96E-05	9.34E-06	-1.36E-05	4.05E-05
84	8	0	0	0	0	0	0	232	254	0	-2.00E-05	8.54E-06	-1.13E-05	-7.07E-06
84	9	0	0	0	0	0	0	232	254	0	-2.00E-05	8.54E-06	-1.13E-05	-7.07E-06
84	10	0	0	0	0	0	0	232	254	0	-2.03E-05	6.51E-06	-1.01E-05	-5.20E-05
84	11	0	0	0	0	0	0	232	254	0	-2.05E-05	4.91E-06	-9.45E-06	-8.89E-05
84	12	0	0	0	0	0	0	232	254	0	-2.05E-05	4.91E-06	-9.45E-06	-8.89E-05
84	13	0	0	0	0	0	0	232	254	0	-2.13E-05	4.07E-06	-9.69E-06	-0.000122545
84	14	0	0	0	0	0	0	232	254	0	-2.13E-05	4.07E-06	-9.69E-06	-0.000122545
84	15	0	0	0	0	0	0	232	254	0	-2.14E-05	5.58E-06	-7.27E-06	-0.000150511
84	16	0	0	0	0	0	0	232	254	0	-2.14E-05	5.58E-06	-7.27E-06	-0.000150511
84	17	0	0	0	0	0	0	232	254	0	-2.17E-05	6.95E-06	-5.24E-06	-0.000183124
84	18	0	0	0	0	0	0	232	254	0	-2.17E-05	6.95E-06	-5.24E-06	-0.000183124
84	19	0	0	0	0	0	0	232	254	0	-2.12E-05	6.53E-06	-7.73E-06	-0.000216412
85	0	0	0	0	0	0	0	232	254	0	-2.10E-05	4.61E-06	-8.49E-06	-0.000246869
85	1	0	0	0	0	0	0	232	254	0	-2.10E-05	4.61E-06	-8.49E-06	-0.000246869
85	2	0	0	0	0	0	0	232	254	0	-2.10E-05	3.63E-06	-4.33E-06	-0.000269706
85	3	0	0	0	0	0	0	232	254	0	-2.10E-05	3.63E-06	-4.33E-06	-0.000269706
85	4	0	0	0	0	0	0	232	254	0	-2.03E-05	2.49E-06	-1.49E-06	-0.000285679
85	5	0	0	0	0	0	0	232	254	0	-2.03E-05	2.49E-06	-1.49E-06	-0.000285679
85	6	0	0	0	0	0	0	232	254	0	-1.96E-05	1.79E-06	-1.81E-06	-0.000298228
85	7	0	0	0	0	0	0	232	254	0	-1.96E-05	1.79E-06	-1.81E-06	-0.000298228
85	8	0	0	0	0	0	0	232	254	0	-1.98E-05	1.11E-06	-2.87E-06	-0.000314101
85	9	0	0	0	0	0	0	232	254	0	-2.04E-05	6.10E-07	-2.62E-06	-0.000336016
85	10	0	0	0	0	0	0	232	254	0	-2.04E-05	6.10E-07	-2.62E-06	-0.000336016
85	11	0	0	0	0	0	0	232	254	0	-2.13E-05	8.47E-07	-2.46E-06	-0.00035252
85	12	0	0	0	0	0	0	232	254	0	-2.13E-05	8.47E-07	-2.46E-06	-0.00035252
85	13	0	0	0	0	0	0	232	254	0	-2.14E-05	4.10E-06	-4.69E-06	-0.000356909
85	14	0	0	0	0	0	0	232	254	0	-2.14E-05	4.10E-06	-4.69E-06	-0.000356909
85	15	0	0	0	0	0	0	232	254	0	-2.25E-05	5.08E-06	-6.28E-06	-0.000358161
85	16	0	0	0	0	0	0	232	254	0	-2.25E-05	5.08E-06	-6.28E-06	-0.000358161
85	17	0	0	0	0	0	0	232	254	0	-2.27E-05	3.72E-06	-4.60E-06	-0.000349532
85	18	0	0	0	0	0	0	232	254	0	-2.21E-05	3.53E-06	-3.12E-06	-0.000335188
85	19	0	0	0	0	0	0	232	254	0	-2.21E-05	3.53E-06	-3.12E-06	-0.000335188
86	0	0	0	0	0	0	0	232	254	0	-2.08E-05	2.55E-06	-2.74E-06	-0.000327976
86	1	0	0	0	0	0	0	232	254	0	-2.08E-05	2.55E-06	-2.74E-06	-0.000327976
86	2	0	0	0	0	0	0	232	254	0	-2.01E-05	6.40E-07	-3.83E-06	-0.000322451
86	3	0	0	0	0	0	0	232	254	0	-2.01E-05	6.40E-07	-3.83E-06	-0.000322451
86	4	0	0	0	0	0	0	232	254	0	-1.97E-05	1.72E-06	-5.62E-06	-0.000308056
86	5	0	0	0	0	0	0	232	254	0	-1.97E-05	1.72E-06	-5.62E-06	-0.000308056
86	6	0	0	0	0	0	0	232	254	0	-2.01E-05	1.60E-06	-7.13E-06	-0.000273201
86	7	0	0	0	0	0	0	232	254	0	-1.99E-05	-2.00E-07	-7.90E-06	-0.000218191
86	8	0	0	0	0	0	0	232	254	0	-1.99E-05	-2.00E-07	-7.90E-06	-0.000218191
86	9	0	0	0	0	0	0	232	254	0	-1.96E-05	-7.25E-07	-5.88E-06	-0.000166824
86	10	0	0	0	0	0	0	232	254	0	-1.96E-05	-7.25E-07	-5.88E-06	-0.000166824
86	11	0	0	0	0	0	0	232	254	0	-1.93E-05	3.60E-07	-4.87E-06	-0.000143197
86	12	0	0	0	0	0	0	232	254	0	-1.93E-05	3.60E-07	-4.87E-06	-0.000143197
86	13	0	0	0	0	0	0	232	254	0	-2.02E-05	1.98E-06	-5.78E-06	-0.000117724
86	14	0	0	0	0	0	0	232	254	0	-2.02E-05	1.98E-06	-5.78E-06	-0.000117724
86	15	0	0	0	0	0	0	232	254	0	-2.16E-05	3.43E-06	-5.29E-06	-9.45E-05
86	16	0	0	0	0	0	0	232	254	0	-2.10E-05	3.52E-06	-3.84E-06	-7.76E-05
86	17	0	0	0	0	0	0	232	254	0	-2.10E-05	3.52E-06	-3.84E-06	-7.76E-05
86	18	0	0	0	0	0	0	232	254	0	-2.08E-05	3.82E-06	-2.78E-06	-6.24E-05
86	19	0	0	0	0	0	0	232	254	0	-2.08E-05	3.82E-06	-2.78E-06	-6.24E-05
87	0	0	0	0	0	0	0	232	254	0	-2.03E-05	5.29E-06	-5.84E-06	-3.74E-05
87	1	0	0	0	0	0	0	232	254	0	-2.03E-05	5.29E-06	-5.84E-06	-3.74E-05
87	2	0	0	0	0	0	0	232	254	0	-1.94E-05	6.56E-06	-1.16E-05	-1.34E-06
87	3	0	0	0	0	0	0	232	254	0	-1.94E-05	6.56E-06	-1.16E-05	-1.34E-06
87	4	0	0	0	0	0	0	232	254	0	-1.99E-05	6.19E-06	-1.21E-05	3.46E-05
87	5	0	0	0	0	0	0	232	254	0	-2.09E-05	4.84E-06	-7.63E-06	7.25E-05
87	6	0	0	0	0	0	0	232	254	0	-2.09E-05	4.84E-06	-7.63E-06	7.25E-05
87	7	0	0	0	0	0	0	232	254	0	-2.21E-05	5.74E-06	-5.65E-06	0.00011076
87	8	0	0	0	0	0	0	232	254	0	-2.21E-05	5.74E-06	-5.65E-06	0.00011076
87	9	0	0	0	0	0	0	232	254	0	-2.17E-05	6.72E-06	-6.91E-06	0.000144463
87	10	0	0	0	0	0	0	232	254	0	-2.17E-05	6.72E-06	-6.91E-06	0.000144463
87	11	0	0	0	0	0	0	232	254	0	-2.22E-05	6.65E-06	-7.78E-06	0.000173948
87	12	0	0	0	0	0	0	232	254	0	-2.22E-05	6.65E-06	-7.78E-06	0.000173948
87	13	0	0	0	0	0	0	232	254	0	-2.38E-05	6.66E-06	-7.77E-06	0.00020392
87	14	0	0	0	0	0	0	232	254	0	-2.27E-05	6.60E-06	-8.18E-06	0.000232575
87	15	0	0	0	0	0	0	232	254	0	-2.27E-05	6.60E-06	-8.18E-06	0.000232575
87	16	0	0	0	0	0	0	232	254	0	-2.11E-05	5.17E-06	-9.19E-06	0.000254656
87	17	0	0	0	0	0	0	232	254	0	-2.11E-05	5.17E-06	-9.19E-06	0.000254656
87	18	0	0	0	0	0	0	232	254	0	-2.13E-05	4.53E-06	-1.23E-05	0.000275501
87	19	0	0	0	0	0	0	232	254	0	-2.13E-05	4.53E-06	-1.23E-05	0.000275501
88	0	0	0	0	0	0	0	232	254	0	-2.13E-05	5.33E-06	-1.59E-05	0.000295038
88	1	0	0	0	0	0	0	232	254	0	-2.13E-05	5.33E-06	-1.59E-05	0.000295038
88	2	0	0	0	0	0	0	232	254	0	-2.15E-05	5.36E-06	-1.58E-05	0.000307369
88	3	0	0	0	0	0	0	232	254	0	-2.26E-05	5.66E-06	-1.45E-05	0.000320778
88	4	0	0	0	0	0	0	232	254	0	-2.26E-05	5.66E-06	-1.45E-05	0.000320778
88	5	0	0	0	0	0	0	232	254	0	-2.23E-05	5.87E-06	-1.20E-05	0.000333188
88	6	0	0	0	0	0	0	232	254	0	-2.23E-05	5.87E-06	-1.20E-05	0.000333188
88	7	0	0	0	0	0	0	232	254	0	-1.97E-05	6.10E-06	-9.82E-06	0.000340715
88	8	0	0	0	0	0	0	232	254	0	-1.97E-05	6.10E-06	-9.82E-06	0.000340715
88	9	0	0	0	0	0	0	232	254	0	-1.98E-05	5.98E-06	-8.54E-06	0.000344642
88	10	0	0	0	0	0	0	232	254	0	-1.98E-05	5.98E-06	-8.54E-06	0.000344642
88	11	0	0	0	0	0	0	232	254	0	-2.05E-05	5.65E-06	-8.22E-06	0.000347664
88	12	0	0	0	0	0	0	232	254	0	-2.05E-05	4.05E-06	-9.14E-06	0.000347592
88	13	0	0	0	0	0	0	232	254	0	-2.05E-05	4.05E-06	-9.14E-06	0.000347592
88	14	0	0	0	0	0	0	232	254	0	-2.13E-05	3.01E-06	-9.57E-06	0.000343332
88	15	0	0	0	0	0	0	232	254	0	-2.13E-05	3.01E-06	-9.57E-06	0.000343332
88	16	0	0	0	0	0	0	232	254	0	-2.07E-05	3.54E-06	-1.05E-05	0.000333096
88	17	0	0	0	0	0	0	232	254	0	-2.07E-05	3.54E-06	-1.05E-05	0.000333096
88	18	0	0	0	0	0	0	232	254	0	-2.00E-05	4.20E-06	-1.43E-05	0.000322165
88	19	0	0	0	0	0	0	232	254	0	-2.00E-05	4.20E-06	-1.43E-05	0.000322165
89	0	0	0	0	0	0	0	232	254	0	-2.11E-05	3.68E-06	-1.80E-05	0.000308947
89	1	0	0	0	0	0	0	232	254	0	-2.29E-05	9.51E-07	-1.71E-05	0.000288042
89	2	0	0	0	0	0	0	232	254	0	-2.29E-05	9.51E-07	-1.71E-05	0.000288042
89	3	0	0	0	0	0	0	232	254	0	-2.41E-05	2.90E-07	-1.31E-05	0.000270165
89	4	0	0	0	0	0	0	232	254	0	-2.41E-05	2.90E-07	-1.31E-05	0.000270165
89	5	0	0	0	0	0	0	232	254	0	-2.43E-05	-6.42E-07	-9.29E-06	0.000252767
89	6	0	0	0	0	0	0	232	254	0	-2.43E-05	-6.42E-07	-9.29E-06	0.000252767
89	7	0	0	0	0	0	0	232	254	0	-2.46E-05	-2.32E-06	-5.70E-06	0.000226285
89	8	0	0	0	0	0	0	232	254	0	-2.46E-05	-2.32E-06	-5.70E-06	0.000226285
89	9	0	0	0	0	0	0	232	254	0	-2.40E-05	-1.02E-06	3.94E-07	0.000197905
89	10	0	0	0	0	0	0	232	254	0	-2.29E-05	2.90E-07	-2.93E-07	0.000165337
89	11	0	0	0	0	0	0	232	254	0	-2.29E-05	2.90E-07	-2.93E-07	0.000165337
89	12	0	0	0	0	0	0	232	254	0	-2.19E-05	8.47E-07	-4.31E-06	0.000127217
89	13	0	0	0	0	0	0	232	254	0	-2.19E-05	8.47E-07	-4.31E-06	0.000127217
89	14	0	0	0	0	0	0	232	254	0	-2.14E-05	1.58E-06	-5.08E-06	8.37E-05
89	15	0	0	0	0	0	0	232	254	0	-2.14E-05	1.58E-06	-5.08E-06	8.37E-05
89	16	0	0	0	0	0	0	232	254	0	-2.01E-05	2.88E-06	-5.78E-06	3.77E-05
89	17	0	0	0	0	0	0	232	254	0	-2.01E-05	2.88E-06	-5.78E-06	3.77E-05
89	18	0	0	0	0	0	0	232	254	0	-2.00E-05	2.78E-06	-5.98E-06	-5.76E-06
89	19	0	0	0	0	0	0	232	254	0	-2.12E-05	4.24E-06	-5.99E-06	-4.56E-05
90	0	0	0	0	0	0	0	232	254	0	-2.12E-05	4.24E-06	-5.99E-06	-4.56E-05
90	1	0	0	0	0	0	0	232	254	0	-2.09E-05	3.55E-06	-7.99E-06	-8.77E-05
90	2	0	0	0	0	0	0	232	254	0	-2.09E-05	3.55E-06	-7.99E-06	-8.77E-05
90	3	0	0	0	0	0	0	232	254	0	-1.94E-05	2.40E-06	-9.35E-06	-0.000128584
90	4	0	0	0	0	0	0	232	254	0	-1.94E-05	2.40E-06	-9.35E-06	-0.000128584
90	5	0	0	0	0	0	0	232	254	0	-1.95E-05	2.53E-06	-1.16E-05	-0.000156741
90	6	0	0	0	0	0	0	232	254	0	-1.95E-05	2.53E-06	-1.16E-05	-0.000156741
90	7	0	0	0	0	0	0	232	254	0	-1.99E-05	2.80E-06	-1.56E-05	-0.000177624
90	8	0	0	0	0	0	0	232	254	0	-2.00E-05	2.85E-06	-1.60E-05	-0.000198172
90	9	0	0	0	0	0	0	232	254	0	-2.00E-05	2.85E-06	-1.60E-05	-0.000198172
90	10	0	0	0	0	0	0	232	254	0	-1.95E-05	3.77E-06	-1.42E-05	-0.000214974
90	11	0	0	0	0	0	0	232	254	0	-1.95E-05	3.77E-06	-1.42E-05	-0.000214974
90	12	0	0	0	0	0	0	232	254	0	-1.72E-05	3.51E-06	-1.24E-05	-0.000233121
90	13	0	0	0	0	0	0	232	254	0	-1.72E-05	3.51E-06	-1.24E-05	-0.000233121
90	14	0	0	0	0	0	0	232	254	0	-1.70E-05	3.88E-06	-1.17E-05	-0.000258718
90	15	0	0	0	0	0	0	232	254	0	-1.70E-05	3.88E-06	-1.17E-05	-0.000258718
90	16	0	0	0	0	0	0	232	254	0	-1.67E-05	6.72E-06	-1.25E-05	-0.000289491
90	17	0	0	0	0	0	0	232	254	0	-1.67E-05	6.06E-06	-1.27E-05	-0.000323445
90	18	0	0	0	0	0	0	232	254	0	-1.67E-05	6.06E-06	-1.27E-05	-0.000323445
90	19	0	0	0	0	0	0	232	254	0	-1.76E-05	4.29E-06	-1.16E-05	-0.000348045
91	0	0	0	0	0	0	0	232	254	0	-1.76E-05	4.29E-06	-1.16E-05	-0.000348045
91	1	0	0	0	0	0	0	232	254	0	-1.74E-05	3.86E-06	-1.33E-05	-0.000362809
91	2	0	0	0	0	0	0	232	254	0	-1.74E-05	3.86E-06	-1.33E-05	-0.000362809
91	3	0	0	0	0	0	0	232	254	0	-1.79E-05	3.40E-06	-1.58E-05	-0.000374084
91	4	0	0	0	0	0	0	232	254	0	-1.79E-05	3.40E-06	-1.58E-05	-0.000374084
91	5	0	0	0	0	0	0	232	254	0	-2.06E-05	4.56E-06	-1.18E-05	-0.000384597
91	6	0	0	0	0	0	0	232	254	0	-2.21E-05	6.01E-06	-7.05E-06	-0.000393743
91	7	0	0	0	0	0	0	232	254	0	-2.21E-05	6.01E-06	-7.05E-06	-0.000393743
91	8	0	0	0	0	0	0	232	254	0	-2.21E-05	6.38E-06	-6.56E-06	-0.000405512
91	9	0	0	0	0	0	0	232	254	0	-2.21E-05	6.38E-06	-6.56E-06	-0.000405512
91	10	0	0	0	0	0	0	232	254	0	-2.13E-05	7.64E-06	-7.23E-06	-0.000418084
91	11	0	0	0	0	0	0	232	254	0	-2.13E-05	7.64E-06	-7.23E-06	-0.000418084
91	12	0	0	0	0	0	0	232	254	0	-2.26E-05	8.22E-06	-7.96E-06	-0.000425983
91	13	0	0	0	0	0	0	232	254	0	-2.26E-05	8.22E-06	-7.96E-06	-0.000425983
91	14	0	0	0	0	0	0	232	254	0	-2.24E-05	8.45E-06	-8.68E-06	-0.000428191
91	15	0	0	0	0	0	0	232	254	0	-2.08E-05	9.48E-06	-7.52E-06	-0.000431675
91	16	0	0	0	0	0	0	232	254	0	-2.08E-05	9.48E-06	-7.52E-06	-0.000431675
91	17	0	0	0	0	0	0	232	254	0	-2.21E-05	1.10E-05	-7.34E-06	-0.00043299
91	18	0	0	0	0	0	0	232	254	0	-2.21E-05	1.10E-05	-7.34E-06	-0.00043299
91	19	0	0	0	0	0	0	232	254	0	-2.25E-05	1.17E-05	-8.70E-06	-0.000428185
92	0	0	0	0	0	0	0	232	254	0	-2.25E-05	1.17E-05	-8.70E-06	-0.000428185
92	1	0	0	0	0	0	0	232	254	0	-2.09E-05	1.00E-05	-9.00E-06	-0.000419699
92	2	0	0	0	0	0	0	232	254	0	-2.09E-05	1.00E-05	-9.00E-06	-0.000419699
92	3	0	0	0	0	0	0	232	254	0	-2.01E-05	9.00E-06	-9.01E-06	-0.000406456
92	4	0	0	0	0	0	0	232	254	0	-2.08E-05	1.04E-05	-9.52E-06	-0.000390433
92	5	0	0	0	0	0	0	232	254	0	-2.08E-05	1.04E-05	-9.52E-06	-0.000390433
92	6	0	0	0	0	0	0	232	254	0	-2.06E-05	1.25E-05	-1.02E-05	-0.000368255
92	7	0	0	0	0	0	0	232	254	0	-2.06E-05	1.25E-05	-1.02E-05	-0.000368255
92	8	0	0	0	0	0	0	232	254	0	-1.99E-05	1.23E-05	-1.08E-05	-0.000341694
92	9	0	0	0	0	0	0	232	254	0	-1.99E-05	1.23E-05	-1.08E-05	-0.000341694
92	10	0	0	0	0	0	0	232	254	0	-1.88E-05	1.05E-05	-1.05E-05	-0.000313648
92	11	0	0	0	0	0	0	232	254	0	-1.88E-05	1.05E-05	-1.05E-05	-0.000313648
92	12	0	0	0	0	0	0	232	254	0	-1.88E-05	9.33E-06	-9.90E-06	-0.000278177
92	13	0	0	0	0	0	0	232	254	0	-2.06E-05	7.23E-06	-8.70E-06	-0.000242154
92	14	0	0	0	0	0	0	232	254	0	-2.06E-05	7.23E-06	-8.70E-06	-0.000242154
92	15	0	0	0	0	0	0	232	254	0	-2.15E-05	7.18E-06	-8.68E-06	-0.000206607
92	16	0	0	0	0	0	0	232	254	0	-2.15E-05	7.18E-06	-8.68E-06	-0.000206607
92	17	0	0	0	0	0	0	232	254	0	-2.00E-05	8.24E-06	-8.67E-06	-0.000163354
92	18	0	0	0	0	0	0	232	254	0	-2.00E-05	8.24E-06	-8.67E-06	-0.000163354
92	19	0	0	0	0	0	0	232	254	0	-1.95E-05	7.64E-06	-8.10E-06	-0.000117036
93	0	0	0	0	0	0	0	232	254	0	-1.95E-05	7.64E-06	-8.10E-06	-0.000117036
93	1	0	0	0	0	0	0	232	254	0	-2.06E-05	5.96E-06	-8.81E-06	-7.40E-05
93	2	0	0	0	0	0	0	232	254	0	-2.26E-05	3.31E-06	-5.45E-06	-3.38E-05
93	3	0	0	0	0	0	0	232	254	0	-2.26E-05	3.31E-06	-5.45E-06	-3.38E-05
93	4	0	0	0	0	0	0	232	254	0	-2.15E-05	2.46E-06	-3.69E-06	7.33E-06
93	5	0	0	0	0	0	0	232	254	0	-2.15E-05	2.46E-06	-3.69E-06	7.33E-06
93	6	0	0	0	0	0	0	232	254	0	-2.18E-05	3.21E-06	-6.33E-06	4.91E-05
93	7	0	0	0	0	0	0	232	254	0	-2.18E-05	3.21E-06	-6.33E-06	4.91E-05
93	8	0	0	0	0	0	0	232	254	0	-2.07E-05	3.18E-06	-7.32E-06	8.89E-05
93	9	0	0	0	0	0	0	232	254	0	-2.07E-05	3.18E-06	-7.32E-06	8.89E-05
93	10	0	0	0	0	0	0	232	254	0	-1.96E-05	4.05E-06	-6.99E-06	0.000124247
93	11	0	0	0	0	0	0	232	254	0	-2.08E-05	4.76E-06	-7.57E-06	0.000154088
93	12	0	0	0	0	0	0	232	254	0	-2.08E-05	4.76E-06	-7.57E-06	0.000154088
93	13	0	0	0	0	0	0	232	254	0	-2.25E-05	5.44E-06	-8.46E-06	0.00018315
93	14	0	0	0	0	0	0	232	254	0	-2.25E-05	5.44E-06	-8.46E-06	0.00018315
93	15	0	0	0	0	0	0	232	254	0	-2.22E-05	5.59E-06	-9.07E-06	0.000216359
93	16	0	0	0	0	0	0	232	254	0	-2.22E-05	5.59E-06	-9.07E-06	0.000216359
93	17	0	0	0	0	0	0	232	254	0	-2.10E-05	4.62E-06	-9.12E-06	0.00024875
93	18	0	0	0	0	0	0	232	254	0	-2.10E-05	4.62E-06	-9.12E-06	0.00024875
93	19	0	0	0	0	0	0	232	254	0	-2.08E-05	3.39E-06	-8.83E-06	0.000279511
94	0	0	0	0	0	0	0	232	254	0	-2.21E-05	2.56E-06	-7.70E-06	0.000294017
94	1	0	0	0	0	0	0	232	254	0	-2.21E-05	2.56E-06	-7.70E-06	0.000294017
94	2	0	0	0	0	0	0	232	254	0	-2.09E-05	2.69E-06	-7.91E-06	0.00029465
94	3	0	0	0	0	0	0	232	254	0	-2.09E-05	2.69E-06	-7.91E-06	0.00029465
94	4	0	0	0	0	0	0	232	254	0	-2.01E-05	3.54E-06	-8.45E-06	0.000297456
94	5	0	0	0	0	0	0	232	254	0	-2.01E-05	3.54E-06	-8.45E-06	0.000297456
94	6	0	0	0	0	0	0	232	254	0	-2.09E-05	4.55E-06	-7.87E-06	0.000300024
94	7	0	0	0	0	0	0	232	254	0	-2.09E-05	4.55E-06	-7.87E-06	0.000300024
94	8	0	0	0	0	0	0	232	254	0	-2.15E-05	4.07E-06	-9.16E-06	0.000303086
94	9	0	0	0	0	0	0	232	254	0	-2.14E-05	3.23E-06	-1.08E-05	0.00030603
94	10	0	0	0	0	0	0	232	254	0	-2.14E-05	3.23E-06	-1.08E-05	0.00030603
94	11	0	0	0	0	0	0	232	254	0	-2.06E-05	3.02E-06	-1.17E-05	0.000309923
94	12	0	0	0	0	0	0	232	254	0	-2.06E-05	3.02E-06	-1.17E-05	0.000309923
94	13	0	0	0	0	0	0	232	254	0	-2.00E-05	3.59E-06	-1.15E-05	0.000318467
94	14	0	0	0	0	0	0	232	254	0	-2.00E-05	3.59E-06	-1.15E-05	0.000318467
94	15	0	0	0	0	0	0	232	254	0	-2.06E-05	2.83E-06	-9.87E-06	0.000320506
94	16	0	0	0	0	0	0	232	254	0	-2.06E-05	2.83E-06	-9.87E-06	0.000320506
94	17	0	0	0	0	0	0	232	254	0	-2.16E-05	2.46E-06	-9.35E-06	0.000325767
94	18	0	0	0	0	0	0	232	254	0	-2.04E-05	1.49E-06	-9.86E-06	0.000302805
94	19	0	0	0	0	0	0	232	254	0	-2.04E-05	1.49E-06	-9.86E-06	0.000302805
95	0	0	0	0	0	0	0	232	254	0	-1.92E-05	1.12E-06	-9.96E-06	0.000260393
95	1	0	0	0	0	0	0	232	254	0	-1.92E-05	1.12E-06	-9.96E-06	0.000260393
95	2	0	0	0	0	0	0	232	254	0	-1.99E-05	2.09E-06	-1.04E-05	0.000232939
95	3	0	0	0	0	0	0	232	254	0	-1.99E-05	2.09E-06	-1.04E-05	0.000232939
95	4	0	0	0	0	0	0	232	254	0	-2.01E-05	1.94E-06	-8.97E-06	0.000218512
95	5	0	0	0	0	0	0	232	254	0	-2.01E-05	1.94E-06	-8.97E-06	0.000218512
95	6	0	0	0	0	0	0	232	254	0	-1.96E-05	2.02E-06	-6.16E-06	0.000208948
95	7	0	0	0	0	0	0	232	254	0	-1.88E-05	1.04E-06	-6.69E-06	0.000201243
95	8	0	0	0	0	0	0	232	254	0	-1.88E-05	1.04E-06	-6.69E-06	0.000201243
95	9	0	0	0	0	0	0	232	254	0	-1.81E-05	2.74E-07	-8.65E-06	0.000185835
95	10	0	0	0	0	0	0	232	254	0	-1.81E-05	2.74E-07	-8.65E-06	0.000185835
95	11	0	0	0	0	0	0	232	254	0	-1.82E-05	2.46E-06	-8.54E-06	0.00015478
95	12	0	0	0	0	0	0	232	254	0	-1.82E-05	2.46E-06	-8.54E-06	0.00015478
95	13	0	0	0	0	0	0	232	254	0	-1.90E-05	4.33E-06	-8.80E-06	0.000142373
95	14	0	0	0	0	0	0	232	254	0	-1.90E-05	4.33E-06	-8.80E-06	0.000142373
95	15	0	0	0	0	0	0	232	254	0	-1.94E-05	3.67E-06	-9.18E-06	0.000152432
95	16	0	0	0	0	0	0	232	254	0	-1.91E-05	4.11E-06	-8.54E-06	0.000160943
95	17	0	0	0	0	0	0	232	254	0	-1.91E-05	4.11E-06	-8.54E-06	0.000160943
95	18	0	0	0	0	0	0	232	254	0	-1.97E-05	4.30E-06	-8.68E-06	0.000163563
95	19	0	0	0	0	0	0	232	254	0	-1.97E-05	4.30E-06	-8.68E-06	0.000163563
96	0	0	0	0	0	0	0	232	254	0	-2.04E-05	3.97E-06	-7.52E-06	0.000161008
96	1	0	0	0	0	0	0	232	254	0	-2.04E-05	3.97E-06	-7.52E-06	0.000161008
96	2	0	0	0	0	0	0	232	254	0	-2.02E-05	3.86E-06	-8.49E-06	0.000153778
96	3	0	0	0	0	0	0	232	254	0	-2.02E-05	3.86E-06	-8.49E-06	0.000153778
96	4	0	0	0	0	0	0	232	254	0	-2.02E-05	5.24E-06	-1.18E-05	0.000140862
96	5	0	0	0	0	0	0	232	254	0	-2.10E-05	6.56E-06	-1.40E-05	0.000123516
96	6	0	0	0	0	0	0	232	254	0	-2.10E-05	6.56E-06	-1.40E-05	0.000123516
96	7	0	0	0	0	0	0	232	254	0	-2.21E-05	5.62E-06	-1.33E-05	0.000109409
96	8	0	0	0	0	0	0	232	254	0	-2.21E-05	5.62E-06	-1.33E-05	0.000109409
96	9	0	0	0	0	0	0	232	254	0	-2.32E-05	4.92E-06	-1.06E-05	9.41E-05
96	10	0	0	0	0	0	0	232	254	0	-2.32E-05	4.92E-06	-1.06E-05	9.41E-05
96	11	0	0	0	0	0	0	232	254	0	-2.43E-05	6.47E-06	-6.82E-06	7.41E-05
96	12	0	0	0	0	0	0	232	254	0	-2.43E-05	6.47E-06	-6.82E-06	7.41E-05
96	13	0	0	0	0	0	0	232	254	0	-2.44E-05	5.61E-06	-3.82E-06	5.26E-05
96	14	0	0	0	0	0	0	232	254	0	-2.39E-05	6.24E-06	-3.94E-06	3.48E-05
96	15	0	0	0	0	0	0	232	254	0	-2.39E-05	6.24E-06	-3.94E-06	3.48E-05
96	16	0	0	0	0	0	0	232	254	0	-2.34E-05	6.88E-06	-5.05E-06	1.89E-05
96	17	0	0	0	0	0	0	232	254	0	-2.34E-05	6.88E-06	-5.05E-06	1.89E-05
96	18	0	0	0	0	0	0	232	254	0	-2.36E-05	5.62E-06	-6.29E-06	-5.44E-06
96	19	0	0	0	0	0	0	232	254	0	-2.36E-05	5.62E-06	-6.29E-06	-5.44E-06
97	0	0	0	0	0	0	0	232	254	0	-2.30E-05	4.92E-06	-8.09E-06	-2.85E-05
97	1	0	0	0	0	0	0	232	254	0	-2.30E-05	4.92E-06	-8.09E-06	-2.85E-05
97	2	0	0	0	0	0	0	232	254	0	-2.20E-05	3.26E-06	-8.15E-06	-4.86E-05
97	3	0	0	0	0	0	0	232	254	0	-2.20E-05	2.06E-06	-7.89E-06	-6.77E-05
97	4	0	0	0	0	0	0	232	254	0	-2.20E-05	2.06E-06	-7.89E-06	-6.77E-05
97	5	0	0	0	0	0	0	232	254	0	-2.18E-05	1.85E-06	-7.43E-06	-8.23E-05
97	6	0	0	0	0	0	0	232	254	0	-2.18E-05	1.85E-06	-7.43E-06	-8.23E-05
97	7	0	0	0	0	0	0	232	254	0	-2.14E-05	1.16E-06	-6.76E-06	-9.28E-05
97	8	0	0	0	0	0	0	232	254	0	-2.14E-05	1.16E-06	-6.76E-06	-9.28E-05
97	9	0	0	0	0	0	0	232	254	0	-2.22E-05	1.53E-06	-7.00E-06	-0.000107993
97	10	0	0	0	0	0	0	232	254	0	-2.22E-05	1.53E-06	-7.00E-06	-0.000107993
97	11	0	0	0	0	0	0	232	254	0	-2.31E-05	2.19E-06	-7.10E-06	-0.000127161
97	12	0	0	0	0	0	0	232	254	0	-2.13E-05	2.12E-06	-7.97E-06	-0.000140891
97	13	0	0	0	0	0	0	232	254	0	-2.13E-05	2.12E-06	-7.97E-06	-0.000140891
97	14	0	0	0	0	0	0	232	254	0	-1.94E-05	2.59E-06	-8.51E-06	-0.000148821
97	15	0	0	0	0	0	0	232	254	0	-1.94E-05	2.59E-06	-8.51E-06	-0.000148821
97	16	0	0	0	0	0	0	232	254	0	-1.84E-05	3.08E-06	-8.56E-06	-0.000153418
97	17	0	0	0	0	0	0	232	254	0	-1.84E-05	3.08E-06	-8.56E-06	-0.000153418
97	18	0	0	0	0	0	0	232	254	0	-1.95E-05	2.62E-06	-8.45E-06	-0.000155621
97	19	0	0	0	0	0	0	232	254	0	-1.95E-05	2.62E-06	-8.45E-06	-0.000155621
98	0	0	0	0	0	0	0	232	254	0	-2.01E-05	8.60E-07	-7.70E-06	-0.000155756
98	1	0	0	0	0	0	0	232	254	0	-1.98E-05	1.20E-06	-7.50E-06	-0.000153074
98	2	0	0	0	0	0	0	232	254	0	-1.98E-05	1.20E-06	-7.50E-06	-0.000153074
98	3	0	0	0	0	0	0	232	254	0	-1.94E-05	3.63E-06	-7.21E-06	-0.000150299
98	4	0	0	0	0	0	0	232	254	0	-1.94E-05	3.63E-06	-7.21E-06	-0.000150299
98	5	0	0	0	0	0	0	232	254	0	-1.88E-05	5.11E-06	-7.62E-06	-0.000151273
98	6	0	0	0	0	0	0	232	254	0	-1.88E-05	5.11E-06	-7.62E-06	-0.000151273
98	7	0	0	0	0	0	0	232	254	0	-1.81E-05	4.22E-06	-8.12E-06	-0.000146798
98	8	0	0	0	0	0	0	232	254	0	-1.81E-05	4.22E-06	-8.12E-06	-0.000146798
98	9	0	0	0	0	0	0	232	254	0	-1.64E-05	1.86E-06	-8.34E-06	-0.000141713
98	10	0	0	0	0	0	0	232	254	0	-1.52E-05	1.58E-06	-9.54E-06	-0.000139573
98	11	0	0	0	0	0	0	232	254	0	-1.52E-05	1.58E-06	-9.54E-06	-0.000139573
98	12	0	0	0	0	0	0	232	254	0	-1.68E-05	2.99E-06	-1.43E-05	-0.000138459
98	13	0	0	0	0	0	0	232	254	0	-1.68E-05	2.99E-06	-1.43E-05	-0.000138459
98	14	0	0	0	0	0	0	232	254	0	-1.92E-05	4.21E-06	-1.44E-05	-0.000137452
98	15	0	0	0	0	0	0	232	254	0	-1.92E-05	4.21E-06	-1.44E-05	-0.000137452
98	16	0	0	0	0	0	0	232	254	0	-1.89E-05	3.61E-06	-1.02E-05	-0.000132317
98	17	0	0	0	0	0	0	232	254	0	-1.89E-05	3.61E-06	-1.02E-05	-0.000132317
98	18	0	0	0	0	0	0	232	254	0	-1.86E-05	2.16E-06	-9.36E-06	-0.000126299
98	19	0	0	0	0	0	0	232	254	0	-1.93E-05	2.02E-06	-1.07E-05	-0.000123971
99	0	0	0	0	0	0	0	232	254	0	-1.93E-05	2.02E-06	-1.07E-05	-0.000123971
99	1	0	0	0	0	0	0	232	254	0	-1.94E-05	2.64E-06	-1.26E-05	-0.00011866
99	2	0	0	0	0	0	0	232	254	0	-1.94E-05	2.64E-06	-1.26E-05	-0.00011866
99	3	0	0	0	0	0	0	232	254	0	-1.94E-05	3.08E-06	-1.65E-05	-0.000114026
99	4	0	0	0	0	0	0	232	254	0	-1.94E-05	3.08E-06	-1.65E-05	-0.000114026
99	5	0	0	0	0	0	0	232	254	0	-1.96E-05	2.50E-06	-1.73E-05	-0.000112963
99	6	0	0	0	0	0	0	232	254	0	-1.96E-05	2.50E-06	-1.73E-05	-0.000112963
99	7	0	0	0	0	0	0	232	254	0	-1.99E-05	2.18E-06	-1.40E-05	-0.000111701
99	8	0	0	0	0	0	0	232	254	0	-2.02E-05	3.67E-06	-1.03E-05	-0.000102861
99	9	0	0	0	0	0	0	232	254	0	-2.02E-05	3.67E-06	-1.03E-05	-0.000102861
99	10	0	0	0	0	0	0	232	254	0	-2.11E-05	4.82E-06	-8.77E-06	-9.46E-05
99	11	0	0	0	0	0	0	232	254	0	-2.11E-05	4.82E-06	-8.77E-06	-9.46E-05
99	12	0	0	0	0	0	0	232	254	0	-2.21E-05	4.23E-06	-9.48E-06	-9.07E-05
99	13	0	0	0	0	0	0	232	254	0	-2.21E-05	4.23E-06	-9.48E-06	-9.07E-05
99	14	0	0	0	0	0	0	232	254	0	-2.34E-05	3.98E-06	-1.02E-05	-9.70E-05
99	15	0	0	0	0	0	0	232	254	0	-2.34E-05	3.98E-06	-1.02E-05	-9.70E-05
99	16	0	0	0	0	0	0	232	254	0	-2.42E-05	3.68E-06	-1.03E-05	-9.62E-05
99	17	0	0	0	0	0	0	232	254	0	-2.39E-05	3.98E-06	-9.78E-06	-8.50E-05
99	18	0	0	0	0	0	0	232	254	0	-2.39E-05	3.98E-06	-9.78E-06	-8.50E-05
99	19	0	0	0	0	0	0	232	254	0	-2.41E-05	4.43E-06	-9.34E-06	-7.51E-05
100	0	0	0	0	0	0	0	232	254	0	-2.41E-05	4.43E-06	-9.34E-06	-7.51E-05
100	1	0	0	0	0	0	0	232	254	0	-2.30E-05	3.61E-06	-9.81E-06	-6.39E-05
100	2	0	0	0	0	0	0	232	254	0	-2.30E-05	3.61E-06	-9.81E-06	-6.39E-05
100	3	0	0	0	0	0	0	232	254	0	-2.12E-05	3.30E-06	-8.81E-06	-5.51E-05
100	4	0	0	0	0	0	0	232	254	0	-2.12E-05	3.30E-06	-8.81E-06	-5.51E-05
100	5	0	0	0	0	0	0	232	254	0	-2.00E-05	4.96E-06	-7.88E-06	-5.20E-05
100	6	0	0	0	0	0	0	232	254	0	-1.99E-05	5.59E-06	-5.77E-06	-4.99E-05
100	7	0	0	0	0	0	0	232	254	0	-1.99E-05	5.59E-06	-5.77E-06	-4.99E-05
100	8	0	0	0	0	0	0	232	254	0	-2.07E-05	6.00E-06	-3.49E-06	-4.78E-05
100	9	0	0	0	0	0	0	232	254	0	-2.07E-05	6.00E-06	-3.49E-06	-4.78E-05
100	10	0	0	0	0	0	0	232	254	0	-2.10E-05	6.67E-06	-4.23E-06	-4.46E-05
100	11	0	0	0	0	0	0	232	254	0	-2.10E-05	6.67E-06	-4.23E-06	-4.46E-05
100	12	0	0	0	0	0	0	232	254	0	-2.12E-05	7.11E-06	-5.90E-06	-4.20E-05
100	13	0	0	0	0	0	0	232	254	0	-2.12E-05	7.11E-06	-5.90E-06	-4.20E-05
100	14	0	0	0	0	0	0	232	254	0	-1.96E-05	6.64E-06	-6.95E-06	-3.62E-05
100	15	0	0	0	0	0	0	232	254	0	-1.93E-05	4.66E-06	-8.82E-06	-3.01E-05
100	16	0	0	0	0	0	0	232	254	0	-1.93E-05	4.66E-06	-8.82E-06	-3.01E-05
100	17	0	0	0	0	0	0	232	254	0	-1.97E-05	2.83E-06	-1.36E-05	-2.77E-05
100	18	0	0	0	0	0	0	232	254	0	-1.97E-05	2.83E-06	-1.36E-05	-2.77E-05
100	19	0	0	0	0	0	0	232	254	0	-2.02E-05	4.30E-06	-1.70E-05	-2.99E-05
101	0	0	0	0	0	0	0	232	254	0	-2.02E-05	4.30E-06	-1.70E-05	-2.99E-05
101	1	0	0	0	0	0	0	232	254	0	-2.00E-05	7.15E-06	-1.72E-05	-3.07E-05
101	2	0	0	0	0	0	0	232	254	0	-2.00E-05	7.15E-06	-1.72E-05	-3.07E-05
101	3	0	0	0	0	0	0	232	254	0	-2.02E-05	8.17E-06	-1.72E-05	-2.72E-05
101	4	0	0	0	0	0	0	232	254	0	-1.99E-05	7.19E-06	-1.43E-05	-2.09E-05
101	5	0	0	0	0	0	0	232	254	0	-1.99E-05	7.19E-06	-1.43E-05	-2.09E-05
101	6	0	0	0	0	0	0	232	254	0	-2.01E-05	5.11E-06	-7.42E-06	-1.52E-05
101	7	0	0	0	0	0	0	232	254	0	-2.01E-05	5.11E-06	-7.42E-06	-1.52E-05
101	8	0	0	0	0	0	0	232	254	0	-2.08E-05	3.56E-06	8.67E-07	-1.13E-05
101	9	0	0	0	0	0	0	232	254	0	-2.08E-05	3.56E-06	8.67E-07	-1.13E-05
101	10	0	0	0	0	0	0	232	254	0	-2.20E-05	4.11E-06	-6.04E-07	-7.03E-06
101	11	0	0	0	0	0	0	232	254	0	-2.20E-05	4.11E-06	-6.04E-07	-7.03E-06
101	12	0	0	0	0	0	0	232	254	0	-2.35E-05	4.65E-06	-6.42E-06	-5.31E-06
101	13	0	0	0	0	0	0	232	254	0	-2.33E-05	3.44E-06	-2.95E-06	-6.01E-06
101	14	0	0	0	0	0	0	232	254	0	-2.33E-05	3.44E-06	-2.95E-06	-6.01E-06
101	15	0	0	0	0	0	0	232	254	0	-2.35E-05	2.97E-06	1.79E-06	-4.89E-06
101	16	0	0	0	0	0	0	232	254	0	-2.35E-05	2.97E-06	1.79E-06	-4.89E-06
101	17	0	0	0	0	0	0	232	254	0	-2.29E-05	4.28E-06	-5.06E-06	-6.49E-06
101	18	0	0	0	0	0	0	232	254	0	-2.29E-05	4.28E-06	-5.06E-06	-6.49E-06
101	19	0	0	0	0	0	0	232	254	0	-2.12E-05	5.79E-06	-1.42E-05	-8.70E-06
102	0	0	0	0	0	0	0	232	254	0	-2.12E-05	5.79E-06	-1.42E-05	-8.70E-06
102	1	0	0	0	0	0	0	232	254	0	-2.01E-05	7.13E-06	-1.84E-05	-1.27E-05
102	2	0	0	0	0	0	0	232	254	0	-2.11E-05	7.78E-06	-1.88E-05	-1.50E-05
102	3	0	0	0	0	0	0	232	254	0	-2.11E-05	7.78E-06	-1.88E-05	-1.50E-05
102	4	0	0	0	0	0	0	232	254	0	-2.33E-05	7.32E-06	-1.75E-05	-1.47E-05
102	5	0	0	0	0	0	0	232	254	0	-2.33E-05	7.32E-06	-1.75E-05	-1.47E-05
102	6	0	0	0	0	0	0	232	254	0	-2.29E-05	6.02E-06	-4.91E-06	-1.39E-05
102	7	0	0	0	0	0	0	232	254	0	-2.29E-05	6.02E-06	-4.91E-06	-1.39E-05
102	8	0	0	0	0	0	0	232	254	0	-2.19E-05	4.62E-06	7.78E-06	-6.37E-06
102	9	0	0	0	0	0	0	232	254	0	-2.19E-05	4.62E-06	7.78E-06	-6.37E-06
102	10	0	0	0	0	0	0	232	254	0	-2.17E-05	3.28E-06	2.48E-06	3.40E-06
102	11	0	0	0	0	0	0	232	254	0	-2.19E-05	2.85E-06	-2.89E-06	8.33E-06
102	12	0	0	0	0	0	0	232	254	0	-2.19E-05	2.85E-06	-2.89E-06	8.33E-06
102	13	0	0	0	0	0	0	232	254	0	-2.29E-05	2.62E-06	-3.98E-06	7.40E-06
102	14	0	0	0	0	0	0	232	254	0	-2.29E-05	2.62E-06	-3.98E-06	7.40E-06
102	15	0	0	0	0	0	0	232	254	0	-2.33E-05	3.21E-06	-6.72E-06	-5.65E-07
102	16	0	0	0	0	0	0	232	254	0	-2.33E-05	3.21E-06	-6.72E-06	-5.65E-07
102	17	0	0	0	0	0	0	232	254	0	-2.32E-05	3.52E-06	-9.15E-06	-1.01E-05
102	18	0	0	0	0	0	0	232	254	0	-2.32E-05	3.52E-06	-9.15E-06	-1.01E-05
102	19	0	0	0	0	0	0	232	254	0	-2.28E-05	3.75E-06	-8.01E-06	-1.04E-05
103	0	0	0	0	0	0	0	232	254	0	-2.15E-05	4.78E-06	-9.05E-06	-9.92E-06
103	1	0	0	0	0	0	0	232	254	0	-2.15E-05	4.78E-06	-9.05E-06	-9.92E-06
103	2	0	0	0	0	0	0	232	254	0	-2.08E-05	4.40E-06	-9.21E-06	-5.19E-06
103	3	0	0	0	0	0	0	232	254	0	-2.08E-05	4.40E-06	-9.21E-06	-5.19E-06
103	4	0	0	0	0	0	0	232	254	0	-2.13E-05	4.37E-06	-5.23E-06	-3.89E-06
103	5	0	0	0	0	0	0	232	254	0	-2.13E-05	4.37E-06	-5.23E-06	-3.89E-06
103	6	0	0	0	0	0	0	232	254	0	-2.19E-05	5.22E-06	-4.67E-06	-7.46E-06
103	7	0	0	0	0	0	0	232	254	0	-2.19E-05	5.22E-06	-4.67E-06	-7.46E-06
103	8	0	0	0	0	0	0	232	254	0	-2.18E-05	4.39E-06	-6.69E-06	-4.77E-06
103	9	0	0	0	0	0	0	232	254	0	-2.03E-05	2.94E-06	-7.04E-06	-2.62E-06
103	10	0	0	0	0	0	0	232	254	0	-2.03E-05	2.94E-06	-7.04E-06	-2.62E-06
103	11	0	0	0	0	0	0	232	254	0	-1.62E-05	4.81E-06	-8.03E-06	-2.75E-06
103	12	0	0	0	0	0	0	232	254	0	-1.62E-05	4.81E-06	-8.03E-06	-2.75E-06
103	13	0	0	0	0	0	0	232	254	0	-1.23E-05	5.30E-06	-1.38E-05	-1.02E-06
103	14	0	0	0	0	0	0	232	254	0	-1.23E-05	5.30E-06	-1.38E-05	-1.02E-06
103	15	0	0	0	0	0	0	232	254	0	-1.35E-05	4.23E-06	-1.79E-05	1.16E-05
103	16	0	0	0	0	0	0	232	254	0	-1.35E-05	4.23E-06	-1.79E-05	1.16E-05
103	17	0	0	0	0	0	0	232	254	0	-1.75E-05	3.40E-06	-1.79E-05	2.45E-05
103	18	0	0	0	0	0	0	232	254	0	-1.99E-05	3.42E-06	-1.58E-05	3.30E-05
103	19	0	0	0	0	0	0	232	254	0	-1.99E-05	3.42E-06	-1.58E-05	3.30E-05
104	0	0	0	0	0	0	0	232	254	0	-2.29E-05	4.44E-06	-1.31E-05	4.02E-05
104	1	0	0	0	0	0	0	232	254	0	-2.29E-05	4.44E-06	-1.31E-05	4.02E-05
104	2	0	0	0	0	0	0	232	254	0	-2.45E-05	5.56E-06	-1.20E-05	4.50E-05
104	3	0	0	0	0	0	0	232	254	0	-2.45E-05	5.56E-06	-1.20E-05	4.50E-05
104	4	0	0	0	0	0	0	232	254	0	-2.54E-05	6.10E-06	-8.71E-06	5.17E-05
104	5	0	0	0	0	0	0	232	254	0	-2.54E-05	6.10E-06	-8.71E-06	5.17E-05
104	6	0	0	0	0	0	0	232	254	0	-2.64E-05	5.98E-06	-5.84E-06	5.63E-05
104	7	0	0	0	0	0	0	232	254	0	-2.60E-05	4.27E-06	-1.29E-05	6.26E-05
104	8	0	0	0	0	0	0	232	254	0	-2.60E-05	4.27E-06	-1.29E-05	6.26E-05
104	9	0	0	0	0	0	0	232	254	0	-2.50E-05	2.84E-06	-1.61E-05	6.85E-05
104	10	0	0	0	0	0	0	232	254	0	-2.50E-05	2.84E-06	-1.61E-05	6.85E-05
104	11	0	0	0	0	0	0	232	254	0	-2.31E-05	3.89E-06	-1.23E-05	6.59E-05
104	12	0	0	0	0	0	0	232	254	0	-2.31E-05	3.89E-06	-1.23E-05	6.59E-05
104	13	0	0	0	0	0	0	232	254	0	-2.28E-05	3.84E-06	-9.66E-06	5.13E-05
104	14	0	0	0	0	0	0	232	254	0	-2.28E-05	3.84E-06	-9.66E-06	5.13E-05
104	15	0	0	0	0	0	0	232	254	0	-2.30E-05	3.41E-06	-8.54E-06	3.61E-05
104	16	0	0	0	0	0	0	232	254	0	-2.30E-05	4.62E-06	-4.10E-06	3.42E-05
104	17	0	0	0	0	0	0	232	254	0	-2.30E-05	4.62E-06	-4.10E-06	3.42E-05
104	18	0	0	0	0	0	0	232	254	0	-2.18E-05	6.46E-06	1.14E-06	3.34E-05
104	19	0	0	0	0	0	0	232	254	0	-2.18E-05	6.46E-06	1.14E-06	3.34E-05
105	0	0	0	0	0	0	0	232	254	0	-2.11E-05	7.51E-06	-3.05E-06	2.55E-05
105	1	0	0	0	0	0	0	232	254	0	-2.11E-05	7.51E-06	-3.05E-06	2.55E-05
105	2	0	0	0	0	0	0	232	254	0	-2.12E-05	6.69E-06	-9.95E-06	1.61E-05
105	3	0	0	0	0	0	0	232	254	0	-2.12E-05	6.69E-06	-9.95E-06	1.61E-05
105	4	0	0	0	0	0	0	232	254	0	-2.04E-05	5.06E-06	-1.17E-05	8.33E-06
105	5	0	0	0	0	0	0	232	254	0	-2.04E-05	4.99E-06	-1.14E-05	-2.79E-06
105	6	0	0	0	0	0	0	232	254	0	-2.04E-05	4.99E-06	-1.14E-05	-2.79E-06
105	7	0	0	0	0	0	0	232	254	0	-2.06E-05	4.29E-06	-1.17E-05	-1.40E-05
105	8	0	0	0	0	0	0	232	254	0	-2.06E-05	4.29E-06	-1.17E-05	-1.40E-05
105	9	0	0	0	0	0	0	232	254	0	-2.01E-05	3.52E-06	-8.71E-06	-2.53E-05
105	10	0	0	0	0	0	0	232	254	0	-2.01E-05	3.52E-06	-8.71E-06	-2.53E-05
105	11	0	0	0	0	0	0	232	254	0	-1.89E-05	3.93E-06	-3.66E-06	-3.42E-05
105	12	0	0	0	0	0	0	232	254	0	-1.89E-05	3.93E-06	-3.66E-06	-3.42E-05
105	13	0	0	0	0	0	0	232	254	0	-1.86E-05	5.80E-06	2.46E-06	-3.85E-05
105	14	0	0	0	0	0	0	232	254	0	-1.68E-05	4.48E-06	2.70E-06	-4.11E-05
105	15	0	0	0	0	0	0	232	254	0	-1.68E-05	4.48E-06	2.70E-06	-4.11E-05
105	16	0	0	0	0	0	0	232	254	0	-1.31E-05	4.10E-06	-2.28E-06	-4.04E-05
105	17	0	0	0	0	0	0	232	254	0	-1.31E-05	4.10E-06	-2.28E-06	-4.04E-05
105	18	0	0	0	0	0	0	232	254	0	-1.16E-05	5.63E-06	-6.72E-06	-3.20E-05
105	19	0	0	0	0	0	0	232	254	0	-1.16E-05	5.63E-06	-6.72E-06	-3.20E-05
106	0	0	0	0	0	0	0	232	254	0	-1.31E-05	5.98E-06	-8.92E-06	-1.96E-05
106	1	0	0	0	0	0	0	232	254	0	-1.31E-05	5.98E-06	-8.92E-06	-1.96E-05
106	2	0	0	0	0	0	0	232	254	0	-1.64E-05	5.99E-06	-7.68E-06	-1.38E-05
106	3	0	0	0	0	0	0	232	254	0	-1.92E-05	5.24E-06	-6.19E-06	-1.13E-05
106	4	0	0	0	0	0	0	232	254	0	-1.92E-05	5.24E-06	-6.19E-06	-1.13E-05
106	5	0	0	0	0	0	0	232	254	0	-2.16E-05	4.98E-06	-6.56E-06	-7.59E-06
106	6	0	0	0	0	0	0	232	254	0	-2.16E-05	4.98E-06	-6.56E-06	-7.59E-06
106	7	0	0	0	0	0	0	232	254	0	-2.19E-05	5.84E-06	-7.57E-06	-8.62E-06
106	8	0	0	0	0	0	0	232	254	0	-2.19E-05	5.84E-06	-7.57E-06	-8.62E-06
106	9	0	0	0	0	0	0	232	254	0	-2.26E-05	5.52E-06	-6.86E-06	-6.87E-06
106	10	0	0	0	0	0	0	232	254	0	-2.26E-05	5.52E-06	-6.86E-06	-6.87E-06
106	11	0	0	0	0	0	0	232	254	0	-2.17E-05	3.83E-06	-5.12E-06	-2.44E-06
106	12	0	0	0	0	0	0	232	254	0	-2.17E-05	3.53E-06	-4.76E-06	-2.73E-06
106	13	0	0	0	0	0	0	232	254	0	-2.17E-05	3.53E-06	-4.76E-06	-2.73E-06
106	14	0	0	0	0	0	0	232	254	0	-2.33E-05	2.89E-06	-8.77E-06	-5.59E-06
106	15	0	0	0	0	0	0	232	254	0	-2.33E-05	2.89E-06	-8.77E-06	-5.59E-06
106	16	0	0	0	0	0	0	232	254	0	-2.44E-05	3.21E-06	-1.59E-05	-1.09E-05
106	17	0	0	0	0	0	0	232	254	0	-2.44E-05	3.21E-06	-1.59E-05	-1.09E-05
106	18	0	0	0	0	0	0	232	254	0	-2.47E-05	5.36E-06	-2.08E-05	-1.89E-05
106	19	0	0	0	0	0	0	232	254	0	-2.47E-05	5.36E-06	-2.08E-05	-1.89E-05
107	0	0	0	0	0	0	0	232	254	0	-2.46E-05	7.01E-06	-2.28E-05	-1.94E-05
107	1	0	0	0	0	0	0	232	254	0	-2.49E-05	8.53E-06	-2.26E-05	-4.64E-06
107	2	0	0	0	0	0	0	232	254	0	-2.49E-05	8.53E-06	-2.26E-05	-4.64E-06
107	3	0	0	0	0	0	0	232	254	0	-2.55E-05	7.23E-06	-1.80E-05	1.72E-05
107	4	0	0	0	0	0	0	232	254	0	-2.55E-05	7.23E-06	-1.80E-05	1.72E-05
107	5	0	0	0	0	0	0	232	254	0	-2.48E-05	6.49E-06	-6.08E-06	3.47E-05
107	6	0	0	0	0	0	0	232	254	0	-2.48E-05	6.49E-06	-6.08E-06	3.47E-05
107	7	0	0	0	0	0	0	232	254	0	-2.43E-05	6.78E-06	3.88E-06	5.30E-05
107	8	0	0	0	0	0	0	232	254	0	-2.43E-05	6.78E-06	3.88E-06	5.30E-05
107	9	0	0	0	0	0	0	232	254	0	-2.41E-05	7.57E-06	3.74E-06	8.97E-05
107	10	0	0	0	0	0	0	232	254	0	-2.33E-05	8.81E-06	-8.72E-06	0.000120135
107	11	0	0	0	0	0	0	232	254	0	-2.33E-05	8.81E-06	-8.72E-06	0.000120135
107	12	0	0	0	0	0	0	232	254	0	-2.07E-05	8.20E-06	-2.53E-05	0.000113164
107	13	0	0	0	0	0	0	232	254	0	-2.07E-05	8.20E-06	-2.53E-05	0.000113164
107	14	0	0	0	0	0	0	232	254	0	-1.92E-05	7.72E-06	-3.64E-05	9.40E-05
107	15	0	0	0	0	0	0	232	254	0	-1.92E-05	7.72E-06	-3.64E-05	9.40E-05
107	16	0	0	0	0	0	0	232	254	0	-1.92E-05	7.38E-06	-3.93E-05	8.27E-05
107	17	0	0	0	0	0	0	232	254	0	-1.92E-05	7.38E-06	-3.93E-05	8.27E-05
107	18	0	0	0	0	0	0	232	254	0	-1.82E-05	7.45E-06	-3.81E-05	8.37E-05
107	19	0	0	0	0	0	0	232	254	0	-1.87E-05	6.86E-06	-3.77E-05	8.90E-05
108	0	0	0	0	0	0	0	232	254	0	-1.87E-05	6.86E-06	-3.77E-05	8.90E-05
108	1	0	0	0	0	0	0	232	254	0	-2.12E-05	5.74E-06	-2.84E-05	7.52E-05
108	2	0	0	0	0	0	0	232	254	0	-2.12E-05	5.74E-06	-2.84E-05	7.52E-05
108	3	0	0	0	0	0	0	232	254	0	-2.08E-05	5.26E-06	-1.00E-05	2.69E-05
108	4	0	0	0	0	0	0	232	254	0	-2.08E-05	5.26E-06	-1.00E-05	2.69E-05
108	5	0	0	0	0	0	0	232	254	0	-1.84E-05	5.20E-06	8.18E-06	-1.16E-05
108	6	0	0	0	0	0	0	232	254	0	-1.84E-05	5.20E-06	8.18E-06	-1.16E-05
108	7	0	0	0	0	0	0	232	254	0	-1.72E-05	4.63E-06	1.63E-05	-2.96E-05
108	8	0	0	0	0	0	0	232	254	0	-1.63E-05	3.68E-06	7.18E-06	-3.83E-05
108	9	0	0	0	0	0	0	232	254	0	-1.63E-05	3.68E-06	7.18E-06	-3.83E-05
108	10	0	0	0	0	0	0	232	254	0	-1.48E-05	2.55E-06	-4.65E-06	-3.82E-05
108	11	0	0	0	0	0	0	232	254	0	-1.48E-05	2.55E-06	-4.65E-06	-3.82E-05
108	12	0	0	0	0	0	0	232	254	0	-1.45E-05	1.17E-07	-8.12E-06	-3.54E-05
108	13	0	0	0	0	0	0	232	254	0	-1.45E-05	1.17E-07	-8.12E-06	-3.54E-05
108	14	0	0	0	0	0	0	232	254	0	-1.67E-05	-3.13E-06	-8.22E-06	-4.72E-05
108	15	0	0	0	0	0	0	232	254	0	-1.67E-05	-3.13E-06	-8.22E-06	-4.72E-05
108	16	0	0	0	0	0	0	232	254	0	-1.91E-05	-2.36E-06	-7.42E-06	-7.15E-05
108	17	0	0	0	0	0	0	232	254	0	-1.97E-05	-2.49E-07	3.39E-06	-0.000101058
108	18	0	0	0	0	0	0	232	254	0	-1.97E-05	-2.49E-07	3.39E-06	-0.000101058
108	19	0	0	0	0	0	0	232	254	0	-1.96E-05	4.50E-07	2.36E-05	-0.000121679
109	0	0	0	0	0	0	0	232	254	0	-1.96E-05	4.50E-07	2.36E-05	-0.000121679
109	1	0	0	0	0	0	0	232	254	0	-1.99E-05	1.65E-06	3.09E-05	-0.00014164
109	2	0	0	0	0	0	0	232	254	0	-1.99E-05	1.65E-06	3.09E-05	-0.00014164
109	3	0	0	0	0	0	0	232	254	0	-2.00E-05	2.41E-06	2.37E-05	-0.000180782
109	4	0	0	0	0	0	0	232	254	0	-2.00E-05	2.41E-06	2.37E-05	-0.000180782
109	5	0	0	0	0	0	0	232	254	0	-2.09E-05	5.16E-06	1.49E-05	-0.000217281
109	6	0	0	0	0	0	0	232	254	0	-2.11E-05	6.15E-06	2.97E-08	-0.000242527
109	7	0	0	0	0	0	0	232	254	0	-2.11E-05	6.15E-06	2.97E-08	-0.000242527
109	8	0	0	0	0	0	0	232	254	0	-2.01E-05	5.01E-06	-1.67E-05	-0.000235136
109	9	0	0	0	0	0	0	232	254	0	-2.01E-05	5.01E-06	-1.67E-05	-0.000235136
109	10	0	0	0	0	0	0	232	254	0	-1.96E-05	5.68E-06	-3.09E-05	-0.000203661
109	11	0	0	0	0	0	0	232	254	0	-1.96E-05	5.68E-06	-3.09E-05	-0.000203661
109	12	0	0	0	0	0	0	232	254	0	-1.99E-05	6.33E-06	-4.06E-05	-0.000174863
109	13	0	0	0	0	0	0	232	254	0	-1.99E-05	6.33E-06	-4.06E-05	-0.000174863
109	14	0	0	0	0	0	0	232	254	0	-1.95E-05	5.35E-06	-3.64E-05	-0.00018887
109	15	0	0	0	0	0	0	232	254	0	-1.88E-05	5.10E-06	-2.81E-05	-0.000213181
109	16	0	0	0	0	0	0	232	254	0	-1.88E-05	5.10E-06	-2.81E-05	-0.000213181
109	17	0	0	0	0	0	0	232	254	0	-1.76E-05	6.24E-06	-1.42E-05	-0.00021742
109	18	0	0	0	0	0	0	232	254	0	-1.76E-05	6.24E-06	-1.42E-05	-0.00021742
109	19	0	0	0	0	0	0	232	254	0	-1.70E-05	5.91E-06	-3.16E-06	-0.000219455
110	0	0	0	0	0	0	0	232	254	0	-1.70E-05	5.91E-06	-3.16E-06	-0.000219455
110	1	0	0	0	0	0	0	232	254	0	-1.92E-05	3.02E-06	-1.13E-05	-0.000228462
110	2	0	0	0	0	0	0	232	254	0	-1.92E-05	3.02E-06	-1.13E-05	-0.000228462
110	3	0	0	0	0	0	0	232	254	0	-2.03E-05	2.08E-06	-2.22E-05	-0.00023713
110	4	0	0	0	0	0	0	232	254	0	-2.08E-05	1.49E-06	-2.71E-05	-0.000242733
110	5	0	0	0	0	0	0	232	254	0	-2.08E-05	1.49E-06	-2.71E-05	-0.000242733
110	6	0	0	0	0	0	0	232	254	0	-2.26E-05	1.40E-06	-2.01E-05	-0.000239402
110	7	0	0	0	0	0	0	232	254	0	-2.26E-05	1.40E-06	-2.01E-05	-0.000239402
110	8	0	0	0	0	0	0	232	254	0	-2.33E-05	5.93E-07	3.00E-07	-0.000226272
110	9	0	0	0	0	0	0	232	254	0	-2.33E-05	5.93E-07	3.00E-07	-0.000226272
110	10	0	0	0	0	0	0	232	254	0	-2.24E-05	-2.36E-06	8.17E-06	-0.000210556
110	11	0	0	0	0	0	0	232	254	0	-2.24E-05	-2.36E-06	8.17E-06	-0.000210556
110	12	0	0	0	0	0	0	232	254	0	-2.20E-05	-2.61E-06	1.40E-05	-0.000201025
110	13	0	0	0	0	0	0	232	254	0	-2.18E-05	-8.05E-07	2.01E-05	-0.000200393
110	14	0	0	0	0	0	0	232	254	0	-2.18E-05	-8.05E-07	2.01E-05	-0.000200393
110	15	0	0	0	0	0	0	232	254	0	-2.13E-05	-3.97E-07	1.60E-05	-0.000183984
110	16	0	0	0	0	0	0	232	254	0	-2.13E-05	-3.97E-07	1.60E-05	-0.000183984
110	17	0	0	0	0	0	0	232	254	0	-2.11E-05	1.56E-06	1.14E-05	-0.00016322
110	18	0	0	0	0	0	0	232	254	0	-2.11E-05	1.56E-06	1.14E-05	-0.00016322
110	19	0	0	0	0	0	0	232	254	0	-2.26E-05	4.35E-06	7.65E-06	-0.000147635
111	0	0	0	0	0	0	0	232	254	0	-2.26E-05	4.35E-06	7.65E-06	-0.000147635
111	1	0	0	0	0	0	0	232	254	0	-2.23E-05	4.29E-06	6.64E-08	-0.000121715
111	2	0	0	0	0	0	0	232	254	0	-1.99E-05	4.32E-06	-9.28E-06	-8.05E-05
111	3	0	0	0	0	0	0	232	254	0	-1.99E-05	4.32E-06	-9.28E-06	-8.05E-05
111	4	0	0	0	0	0	0	232	254	0	-1.80E-05	4.99E-06	-1.60E-05	-3.36E-05
111	5	0	0	0	0	0	0	232	254	0	-1.80E-05	4.99E-06	-1.60E-05	-3.36E-05
111	6	0	0	0	0	0	0	232	254	0	-1.46E-05	6.12E-06	-1.86E-05	1.26E-05
111	7	0	0	0	0	0	0	232	254	0	-1.46E-05	6.12E-06	-1.86E-05	1.26E-05
111	8	0	0	0	0	0	0	232	254	0	-1.46E-05	5.51E-06	-1.86E-05	3.92E-05
111	9	0	0	0	0	0	0	232	254	0	-1.46E-05	5.51E-06	-1.86E-05	3.92E-05
111	10	0	0	0	0	0	0	232	254	0	-1.93E-05	2.74E-06	-1.88E-05	5.63E-05
111	11	0	0	0	0	0	0	232	254	0	-2.47E-05	3.17E-06	-1.91E-05	7.03E-05
111	12	0	0	0	0	0	0	232	254	0	-2.47E-05	3.17E-06	-1.91E-05	7.03E-05
111	13	0	0	0	0	0	0	232	254	0	-2.86E-05	4.66E-06	-1.84E-05	7.38E-05
111	14	0	0	0	0	0	0	232	254	0	-2.86E-05	4.66E-06	-1.84E-05	7.38E-05
111	15	0	0	0	0	0	0	232	254	0	-3.12E-05	4.69E-06	-1.59E-05	8.12E-05
111	16	0	0	0	0	0	0	232	254	0	-3.12E-05	4.69E-06	-1.59E-05	8.12E-05
111	17	0	0	0	0	0	0	232	254	0	-3.27E-05	5.79E-06	-1.40E-05	0.000107944
111	18	0	0	0	0	0	0	232	254	0	-3.27E-05	5.79E-06	-1.40E-05	0.000107944
111	19	0	0	0	0	0	0	232	254	0	-3.02E-05	7.41E-06	-1.28E-05	0.000168133
112	0	0	0	0	0	0	0	232	254	0	-2.67E-05	7.66E-06	-8.63E-06	0.000225328
112	1	0	0	0	0	0	0	232	254	0	-2.67E-05	7.66E-06	-8.63E-06	0.000225328
112	2	0	0	0	0	0	0	232	254	0	-2.49E-05	6.86E-06	-1.14E-06	0.000247856
112	3	0	0	0	0	0	0	232	254	0	-2.49E-05	6.86E-06	-1.14E-06	0.000247856
112	4	0	0	0	0	0	0	232	254	0	-2.44E-05	7.92E-06	1.74E-06	0.000291103
112	5	0	0	0	0	0	0	232	254	0	-2.44E-05	7.92E-06	1.74E-06	0.000291103
112	6	0	0	0	0	0	0	232	254	0	-2.41E-05	7.64E-06	-2.97E-06	0.000362474
112	7	0	0	0	0	0	0	232	254	0	-2.41E-05	7.64E-06	-2.97E-06	0.000362474
112	8	0	0	0	0	0	0	232	254	0	-2.29E-05	4.69E-06	-6.47E-06	0.000361874
112	9	0	0	0	0	0	0	232	254	0	-2.01E-05	3.07E-06	-8.31E-06	0.000299346
112	10	0	0	0	0	0	0	232	254	0	-2.01E-05	3.07E-06	-8.31E-06	0.000299346
112	11	0	0	0	0	0	0	232	254	0	-1.81E-05	2.62E-06	-1.19E-05	0.000250069
112	12	0	0	0	0	0	0	232	254	0	-1.81E-05	2.62E-06	-1.19E-05	0.000250069
112	13	0	0	0	0	0	0	232	254	0	-1.69E-05	2.86E-06	-1.35E-05	0.000216144
112	14	0	0	0	0	0	0	232	254	0	-1.69E-05	2.86E-06	-1.35E-05	0.000216144
112	15	0	0	0	0	0	0	232	254	0	-1.47E-05	3.02E-06	-1.34E-05	0.00020905
112	16	0	0	0	0	0	0	232	254	0	-1.47E-05	3.02E-06	-1.34E-05	0.00020905
112	17	0	0	0	0	0	0	232	254	0	-1.42E-05	4.51E-06	-1.41E-05	0.000221615
112	18	0	0	0	0	0	0	232	254	0	-1.48E-05	4.63E-06	-1.50E-05	0.00024306
112	19	0	0	0	0	0	0	232	254	0	-1.48E-05	4.63E-06	-1.50E-05	0.00024306
113	0	0	0	0	0	0	0	232	254	0	-1.46E-05	4.59E-06	-1.76E-05	0.000211351
113	1	0	0	0	0	0	0	232	254	0	-1.46E-05	4.59E-06	-1.76E-05	0.000211351
113	2	0	0	0	0	0	0	232	254	0	-1.57E-05	4.81E-06	-2.10E-05	0.000150619
113	3	0	0	0	0	0	0	232	254	0	-1.57E-05	4.81E-06	-2.10E-05	0.000150619
113	4	0	0	0	0	0	0	232	254	0	-1.88E-05	3.38E-06	-2.23E-05	9.02E-05
113	5	0	0	0	0	0	0	232	254	0	-1.88E-05	3.38E-06	-2.23E-05	9.02E-05
113	6	0	0	0	0	0	0	232	254	0	-1.91E-05	2.11E-06	-2.00E-05	3.16E-05
113	7	0	0	0	0	0	0	232	254	0	-1.75E-05	4.69E-07	-1.48E-05	-6.94E-06
113	8	0	0	0	0	0	0	232	254	0	-1.75E-05	4.69E-07	-1.48E-05	-6.94E-06
113	9	0	0	0	0	0	0	232	254	0	-1.60E-05	1.55E-06	-9.37E-06	-3.19E-05
113	10	0	0	0	0	0	0	232	254	0	-1.60E-05	1.55E-06	-9.37E-06	-3.19E-05
113	11	0	0	0	0	0	0	232	254	0	-1.56E-05	3.27E-06	-7.19E-07	-6.33E-05
113	12	0	0	0	0	0	0	232	254	0	-1.56E-05	3.27E-06	-7.19E-07	-6.33E-05
113	13	0	0	0	0	0	0	232	254	0	-1.84E-05	2.66E-06	7.57E-06	-0.000104945
113	14	0	0	0	0	0	0	232	254	0	-1.84E-05	2.66E-06	7.57E-06	-0.000104945
113	15	0	0	0	0	0	0	232	254	0	-2.11E-05	2.41E-06	5.08E-06	-0.000136912
113	16	0	0	0	0	0	0	232	254	0	-2.08E-05	2.98E-06	-1.97E-06	-0.000156439
113	17	0	0	0	0	0	0	232	254	0	-2.08E-05	2.98E-06	-1.97E-06	-0.000156439
113	18	0	0	0	0	0	0	232	254	0	-2.05E-05	3.19E-06	-3.51E-06	-0.000163016
113	19	0	0	0	0	0	0	232	254	0	-2.05E-05	3.19E-06	-3.51E-06	-0.000163016
114	0	0	0	0	0	0	0	232	254	0	-2.04E-05	4.34E-06	-3.99E-06	-0.000155503
114	1	0	0	0	0	0	0	232	254	0	-2.04E-05	4.34E-06	-3.99E-06	-0.000155503
114	2	0	0	0	0	0	0	232	254	0	-1.99E-05	7.85E-06	-7.12E-06	-0.000142668
114	3	0	0	0	0	0	0	232	254	0	-1.99E-05	7.85E-06	-7.12E-06	-0.000142668
114	4	0	0	0	0	0	0	232	254	0	-1.46E-05	9.00E-06	-1.18E-05	-0.00012539
114	5	0	0	0	0	0	0	232	254	0	-9.04E-06	8.21E-06	-1.45E-05	-9.40E-05
114	6	0	0	0	0	0	0	232	254	0	-9.04E-06	8.21E-06	-1.45E-05	-9.40E-05
114	7	0	0	0	0	0	0	232	254	0	-1.12E-05	7.89E-06	-1.05E-05	-5.62E-05
114	8	0	0	0	0	0	0	232	254	0	-1.12E-05	7.89E-06	-1.05E-05	-5.62E-05
114	9	0	0	0	0	0	0	232	254	0	-1.76E-05	9.38E-06	-7.82E-06	-2.35E-05
114	10	0	0	0	0	0	0	232	254	0	-1.76E-05	9.38E-06	-7.82E-06	-2.35E-05
114	11	0	0	0	0	0	0	232	254	0	-2.65E-05	9.27E-06	-1.13E-05	8.11E-06
114	12	0	0	0	0	0	0	232	254	0	-2.65E-05	9.27E-06	-1.13E-05	8.11E-06
114	13	0	0	0	0	0	0	232	254	0	-3.22E-05	8.21E-06	-1.84E-05	3.52E-05
114	14	0	0	0	0	0	0	232	254	0	-3.19E-05	6.97E-06	-2.01E-05	5.73E-05
114	15	0	0	0	0	0	0	232	254	0	-3.19E-05	6.97E-06	-2.01E-05	5.73E-05
114	16	0	0	0	0	0	0	232	254	0	-3.32E-05	6.09E-06	-1.84E-05	8.31E-05
114	17	0	0	0	0	0	0	232	254	0	-3.32E-05	6.09E-06	-1.84E-05	8.31E-05
114	18	0	0	0	0	0	0	232	254	0	-3.29E-05	3.81E-06	-1.84E-05	0.000100591
114	19	0	0	0	0	0	0	232	254	0	-3.29E-05	3.81E-06	-1.84E-05	0.000100591
115	0	0	0	0	0	0	0	232	254	0	-2.94E-05	1.02E-06	-1.13E-05	9.56E-05
115	1	0	0	0	0	0	0	232	254	0	-2.94E-05	1.02E-06	-1.13E-05	9.56E-05
115	2	0	0	0	0	0	0	232	254	0	-2.55E-05	-5.21E-07	5.66E-06	8.52E-05
115	3	0	0	0	0	0	0	232	254	0	-1.72E-05	1.57E-06	1.39E-05	8.60E-05
115	4	0	0	0	0	0	0	232	254	0	-1.72E-05	1.57E-06	1.39E-05	8.60E-05
115	5	0	0	0	0	0	0	232	254	0	-1.00E-05	1.88E-06	4.32E-06	9.12E-05
115	6	0	0	0	0	0	0	232	254	0	-1.00E-05	1.88E-06	4.32E-06	9.12E-05
115	7	0	0	0	0	0	0	232	254	0	-1.10E-05	1.97E-06	-5.78E-06	6.81E-05
115	8	0	0	0	0	0	0	232	254	0	-1.10E-05	1.97E-06	-5.78E-06	6.81E-05
115	9	0	0	0	0	0	0	232	254	0	-1.80E-05	3.33E-06	-1.17E-05	3.13E-06
115	10	0	0	0	0	0	0	232	254	0	-1.80E-05	3.33E-06	-1.17E-05	3.13E-06
115	11	0	0	0	0	0	0	232	254	0	-2.29E-05	4.89E-06	-1.93E-05	-4.28E-05
115	12	0	0	0	0	0	0	232	254	0	-1.96E-05	6.63E-06	-2.25E-05	-6.75E-05
115	13	0	0	0	0	0	0	232	254	0	-1.96E-05	6.63E-06	-2.25E-05	-6.75E-05
115	14	0	0	0	0	0	0	232	254	0	-1.22E-05	9.51E-06	-1.51E-05	-9.64E-05
115	15	0	0	0	0	0	0	232	254	0	-1.22E-05	9.51E-06	-1.51E-05	-9.64E-05
115	16	0	0	0	0	0	0	232	254	0	-9.85E-06	1.05E-05	-7.22E-06	-0.000126098
115	17	0	0	0	0	0	0	232	254	0	-9.85E-06	1.05E-05	-7.22E-06	-0.000126098
115	18	0	0	0	0	0	0	232	254	0	-1.58E-05	1.14E-05	-1.99E-06	-0.000144531
115	19	0	0	0	0	0	0	232	254	0	-1.58E-05	1.14E-05	-1.99E-06	-0.000144531
116	0	0	0	0	0	0	0	232	254	0	-2.45E-05	1.01E-05	6.73E-06	-0.000154163
116	1	0	0	0	0	0	0	232	254	0	-2.85E-05	8.77E-06	1.73E-05	-0.000169117
116	2	0	0	0	0	0	0	232	254	0	-2.85E-05	8.77E-06	1.73E-05	-0.000169117
116	3	0	0	0	0	0	0	232	254	0	-2.88E-05	8.79E-06	1.15E-05	-0.000173292
116	4	0	0	0	0	0	0	232	254	0	-2.88E-05	8.79E-06	1.15E-05	-0.000173292
116	5	0	0	0	0	0	0	232	254	0	-2.71E-05	8.90E-06	7.89E-07	-0.000150967
116	6	0	0	0	0	0	0	232	254	0	-2.71E-05	8.90E-06	7.89E-07	-0.000150967
116	7	0	0	0	0	0	0	232	254	0	-2.72E-05	4.99E-06	-4.36E-06	-0.00011413
116	8	0	0	0	0	0	0	232	254	0	-2.72E-05	4.99E-06	-4.36E-06	-0.00011413
116	9	0	0	0	0	0	0	232	254	0	-2.86E-05	3.07E-06	-1.25E-05	-8.47E-05
116	10	0	0	0	0	0	0	232	254	0	-2.90E-05	3.02E-06	-2.35E-05	-5.79E-05
116	11	0	0	0	0	0	0	232	254	0	-2.90E-05	3.02E-06	-2.35E-05	-5.79E-05
116	12	0	0	0	0	0	0	232	254	0	-2.96E-05	2.56E-06	-2.54E-05	-3.00E-05
116	13	0	0	0	0	0	0	232	254	0	-2.96E-05	2.56E-06	-2.54E-05	-3.00E-05
116	14	0	0	0	0	0	0	232	254	0	-2.95E-05	2.92E-06	-1.95E-05	8.92E-07
116	15	0	0	0	0	0	0	232	254	0	-2.95E-05	2.92E-06	-1.95E-05	8.92E-07
116	16	0	0	0	0	0	0	232	254	0	-2.98E-05	2.27E-06	-1.34E-05	3.28E-05
116	17	0	0	0	0	0	0	232	254	0	-2.98E-05	2.27E-06	-1.34E-05	3.28E-05
116	18	0	0	0	0	0	0	232	254	0	-2.98E-05	2.88E-06	-5.89E-06	6.56E-05
116	19	0	0	0	0	0	0	232	254	0	-2.90E-05	3.59E-06	2.55E-06	9.77E-05
117	0	0	0	0	0	0	0	232	254	0	-2.90E-05	3.59E-06	2.55E-06	9.77E-05
117	1	0	0	0	0	0	0	232	254	0	-2.68E-05	3.81E-06	6.12E-07	0.000125155
117	2	0	0	0	0	0	0	232	254	0	-2.68E-05	3.81E-06	6.12E-07	0.000125155
117	3	0	0	0	0	0	0	232	254	0	-2.21E-05	4.55E-06	-7.82E-06	0.000148195
117	4	0	0	0	0	0	0	232	254	0	-2.21E-05	4.55E-06	-7.82E-06	0.000148195
117	5	0	0	0	0	0	0	232	254	0	-1.54E-05	3.26E-06	-1.66E-05	0.000165998
117	6	0	0	0	0	0	0	232	254	0	-1.54E-05	3.26E-06	-1.66E-05	0.000165998
117	7	0	0	0	0	0	0	232	254	0	-1.16E-05	3.67E-06	-2.27E-05	0.000179305
117	8	0	0	0	0	0	0	232	254	0	-1.18E-05	3.74E-06	-1.83E-05	0.000190472
117	9	0	0	0	0	0	0	232	254	0	-1.18E-05	3.74E-06	-1.83E-05	0.000190472
117	10	0	0	0	0	0	0	232	254	0	-1.43E-05	3.18E-06	-1.07E-05	0.000193177
117	11	0	0	0	0	0	0	232	254	0	-1.43E-05	3.18E-06	-1.07E-05	0.000193177
117	12	0	0	0	0	0	0	232	254	0	-1.53E-05	2.45E-06	-2.82E-06	0.000186658
117	13	0	0	0	0	0	0	232	254	0	-1.53E-05	2.45E-06	-2.82E-06	0.000186658
117	14	0	0	0	0	0	0	232	254	0	-1.44E-05	4.25E-06	3.97E-06	0.000183795
117	15	0	0	0	0	0	0	232	254	0	-1.44E-05	4.25E-06	3.97E-06	0.000183795
117	16	0	0	0	0	0	0	232	254	0	-1.24E-05	9.34E-06	-6.99E-06	0.000181498
117	17	0	0	0	0	0	0	232	254	0	-1.04E-05	1.17E-05	-1.95E-05	0.000175386
117	18	0	0	0	0	0	0	232	254	0	-1.04E-05	1.17E-05	-1.95E-05	0.000175386
117	19	0	0	0	0	0	0	232	254	0	-1.24E-05	9.51E-06	-2.08E-05	0.000165245
118	0	0	0	0	0	0	0	232	254	0	-1.24E-05	9.51E-06	-2.08E-05	0.000165245
118	1	0	0	0	0	0	0	232	254	0	-1.89E-05	8.39E-06	-1.61E-05	0.000153716
118	2	0	0	0	0	0	0	232	254	0	-1.89E-05	8.39E-06	-1.61E-05	0.000153716
118	3	0	0	0	0	0	0	232	254	0	-2.73E-05	8.05E-06	-1.27E-05	0.000144546
118	4	0	0	0	0	0	0	232	254	0	-2.73E-05	8.05E-06	-1.27E-05	0.000144546
118	5	0	0	0	0	0	0	232	254	0	-3.30E-05	7.20E-06	-1.40E-05	0.000139819
118	6	0	0	0	0	0	0	232	254	0	-3.41E-05	5.27E-06	-1.15E-05	0.000133645
118	7	0	0	0	0	0	0	232	254	0	-3.41E-05	5.27E-06	-1.15E-05	0.000133645
118	8	0	0	0	0	0	0	232	254	0	-3.01E-05	5.91E-06	-1.40E-05	0.000123106
118	9	0	0	0	0	0	0	232	254	0	-3.01E-05	5.91E-06	-1.40E-05	0.000123106
118	10	0	0	0	0	0	0	232	254	0	-2.65E-05	8.15E-06	-3.39E-05	0.000112911
118	11	0	0	0	0	0	0	232	254	0	-2.65E-05	8.15E-06	-3.39E-05	0.000112911
118	12	0	0	0	0	0	0	232	254	0	-2.52E-05	6.60E-06	-4.49E-05	0.000105349
118	13	0	0	0	0	0	0	232	254	0	-2.52E-05	6.60E-06	-4.49E-05	0.000105349
118	14	0	0	0	0	0	0	232	254	0	-2.50E-05	5.08E-06	-3.56E-05	9.59E-05
118	15	0	0	0	0	0	0	232	254	0	-2.32E-05	7.62E-06	-2.66E-05	8.12E-05
118	16	0	0	0	0	0	0	232	254	0	-2.32E-05	7.62E-06	-2.66E-05	8.12E-05
118	17	0	0	0	0	0	0	232	254	0	-1.92E-05	9.58E-06	-1.76E-05	7.06E-05
118	18	0	0	0	0	0	0	232	254	0	-1.92E-05	9.58E-06	-1.76E-05	7.06E-05
118	19	0	0	0	0	0	0	232	254	0	-1.86E-05	7.95E-06	-1.87E-06	6.64E-05
119	0	0	0	0	0	0	0	232	254	0	-1.86E-05	7.95E-06	-1.87E-06	6.64E-05
119	1	0	0	0	0	0	0	232	254	0	-1.82E-05	3.49E-06	5.58E-06	6.51E-05
119	2	0	0	0	0	0	0	232	254	0	-1.82E-05	3.49E-06	5.58E-06	6.51E-05
119	3	0	0	0	0	0	0	232	254	0	-1.09E-05	9.12E-09	2.59E-06	6.30E-05
119	4	0	0	0	0	0	0	232	254	0	-3.24E-06	-3.48E-06	-2.15E-06	5.99E-05
119	5	0	0	0	0	0	0	232	254	0	-3.24E-06	-3.48E-06	-2.15E-06	5.99E-05
119	6	0	0	0	0	0	0	232	254	0	-2.55E-06	-5.04E-06	-4.44E-06	6.03E-05
119	7	0	0	0	0	0	0	232	254	0	-2.55E-06	-5.04E-06	-4.44E-06	6.03E-05
119	8	0	0	0	0	0	0	232	254	0	-5.49E-06	-4.97E-06	-4.18E-06	6.25E-05
119	9	0	0	0	0	0	0	232	254	0	-5.49E-06	-4.97E-06	-4.18E-06	6.25E-05
119	10	0	0	0	0	0	0	232	254	0	-1.14E-05	-2.11E-06	-7.60E-07	6.28E-05
119	11	0	0	0	0	0	0	232	254	0	-1.14E-05	-2.11E-06	-7.60E-07	6.28E-05
119	12	0	0	0	0	0	0	232	254	0	-1.70E-05	5.71E-06	8.48E-06	6.77E-05
119	13	0	0	0	0	0	0	232	254	0	-2.04E-05	9.53E-06	7.61E-06	7.62E-05
119	14	0	0	0	0	0	0	232	254	0	-2.04E-05	9.53E-06	7.61E-06	7.62E-05
119	15	0	0	0	0	0	0	232	254	0	-2.33E-05	7.38E-06	-3.65E-06	8.00E-05
119	16	0	0	0	0	0	0	232	254	0	-2.33E-05	7.38E-06	-3.65E-06	8.00E-05
119	17	0	0	0	0	0	0	232	254	0	-2.63E-05	5.06E-06	-1.02E-05	8.25E-05
119	18	0	0	0	0	0	0	232	254	0	-2.63E-05	5.06E-06	-1.02E-05	8.25E-05
119	19	0	0	0	0	0	0	232	254	0	-2.77E-05	3.61E-06	-1.12E-05	9.46E-05
120	0	0	0	0	0	0	0	232	254	0	-2.77E-05	3.61E-06	-1.12E-05	9.46E-05
120	1	0	0	0	0	0	0	232	254	0	-2.58E-05	1.35E-06	-1.29E-05	0.0001113
120	2	0	0	0	0	0	0	232	254	0	-2.45E-05	-7.06E-08	-1.47E-05	0.000125612
120	3	0	0	0	0	0	0	232	254	0	-2.45E-05	-7.06E-08	-1.47E-05	0.000125612
120	4	0	0	0	0	0	0	232	254	0	-2.30E-05	1.16E-06	-1.57E-05	0.000129058
120	5	0	0	0	0	0	0	232	254	0	-2.30E-05	1.16E-06	-1.57E-05	0.000129058
120	6	0	0	0	0	0	0	232	254	0	-2.24E-05	3.22E-06	-1.11E-05	0.00011496
120	7	0	0	0	0	0	0	232	254	0	-2.24E-05	3.22E-06	-1.11E-05	0.00011496
120	8	0	0	0	0	0	0	232	254	0	-2.19E-05	4.21E-06	-2.70E-06	8.35E-05
120	9	0	0	0	0	0	0	232	254	0	-2.19E-05	4.21E-06	-2.70E-06	8.35E-05
120	10	0	0	0	0	0	0	232	254	0	-2.00E-05	4.02E-06	4.99E-06	3.93E-05
120	11	0	0	0	0	0	0	232	254	0	-2.09E-05	6.50E-06	4.00E-06	-1.19E-05
120	12	0	0	0	0	0	0	232	254	0	-2.09E-05	6.50E-06	4.00E-06	-1.19E-05
120	13	0	0	0	0	0	0	232	254	0	-2.10E-05	9.21E-06	-3.68E-06	-6.91E-05
120	14	0	0	0	0	0	0	232	254	0	-2.10E-05	9.21E-06	-3.68E-06	-6.91E-05
120	15	0	0	0	0	0	0	232	254	0	-2.05E-05	9.21E-06	-1.48E-05	-0.000159438
120	16	0	0	0	0	0	0	232	254	0	-2.05E-05	9.21E-06	-1.48E-05	-0.000159438
120	17	0	0	0	0	0	0	232	254	0	-2.00E-05	8.44E-06	-2.37E-05	-0.000267161
120	18	0	0	0	0	0	0	232	254	0	-2.00E-05	8.44E-06	-2.37E-05	-0.000267161
120	19	0	0	0	0	0	0	232	254	0	-1.72E-05	6.50E-06	-2.72E-05	-0.000378329
121	0	0	0	0	0	0	0	232	254	0	-1.78E-05	3.53E-06	-2.77E-05	-0.000499179
121	1	0	0	0	0	0	0	232	254	0	-1.78E-05	3.53E-06	-2.77E-05	-0.000499179
121	2	0	0	0	0	0	0	232	254	0	-2.08E-05	6.81E-07	-2.15E-05	-0.000622221
121	3	0	0	0	0	0	0	232	254	0	-2.08E-05	6.81E-07	-2.15E-05	-0.000622221
121	4	0	0	0	0	0	0	232	254	0	-2.12E-05	-2.46E-06	-1.35E-05	-0.000730635
121	5	0	0	0	0	0	0	232	254	0	-2.12E-05	-2.46E-06	-1.35E-05	-0.000730635
121	6	0	0	0	0	0	0	232	254	0	-2.01E-05	-3.75E-06	-7.17E-06	-0.000823501
121	7	0	0	0	0	0	0	232	254	0	-2.01E-05	-3.75E-06	-7.17E-06	-0.000823501
121	8	0	0	0	0	0	0	232	254	0	-1.85E-05	-3.17E-06	-5.49E-06	-0.000891581
121	9	0	0	0	0	0	0	232	254	0	-1.37E-05	-5.56E-07	-6.57E-06	-0.000927192
121	10	0	0	0	0	0	0	232	254	0	-1.37E-05	-5.56E-07	-6.57E-06	-0.000927192
121	11	0	0	0	0	0	0	232	254	0	-9.57E-06	8.48E-07	2.25E-06	-0.000928886
121	12	0	0	0	0	0	0	232	254	0	-9.57E-06	8.48E-07	2.25E-06	-0.000928886
121	13	0	0	0	0	0	0	232	254	0	-1.29E-05	1.12E-06	2.09E-05	-0.000890075
121	14	0	0	0	0	0	0	232	254	0	-1.29E-05	1.12E-06	2.09E-05	-0.000890075
121	15	0	0	0	0	0	0	232	254	0	-1.91E-05	6.69E-06	2.57E-05	-0.000808136
121	16	0	0	0	0	0	0	232	254	0	-1.91E-05	6.69E-06	2.57E-05	-0.000808136
121	17	0	0	0	0	0	0	232	254	0	-2.43E-05	1.33E-05	6.12E-06	-0.000695861
121	18	0	0	0	0	0	0	232	254	0	-2.76E-05	1.55E-05	4.68E-07	-0.000549893
121	19	0	0	0	0	0	0	232	254	0	-2.76E-05	1.55E-05	4.68E-07	-0.000549893
122	0	0	0	0	0	0	0	232	254	0	-2.86E-05	1.23E-05	1.03E-05	-0.00037116
122	1	0	0	0	0	0	0	232	254	0	-2.86E-05	1.23E-05	1.03E-05	-0.00037116
122	2	0	0	0	0	0	0	232	254	0	-2.86E-05	5.80E-06	1.22E-05	-0.000172038
122	3	0	0	0	0	0	0	232	254	0	-2.86E-05	5.80E-06	1.22E-05	-0.000172038
122	4	0	0	0	0	0	0	232	254	0	-2.54E-05	-2.22E-06	4.35E-06	4.42E-05
122	5	0	0	0	0	0	0	232	254	0	-2.54E-05	-2.22E-06	4.35E-06	4.42E-05
122	6	0	0	0	0	0	0	232	254	0	-2.09E-05	-7.74E-06	-6.41E-06	0.000255799
122	7	0	0	0	0	0	0	232	254	0	-1.98E-05	-9.64E-06	-1.24E-05	0.000458224
122	8	0	0	0	0	0	0	232	254	0	-1.98E-05	-9.64E-06	-1.24E-05	0.000458224
122	9	0	0	0	0	0	0	232	254	0	-2.26E-05	-9.67E-06	-1.18E-05	0.000686887
122	10	0	0	0	0	0	0	232	254	0	-2.26E-05	-9.67E-06	-1.18E-05	0.000686887
122	11	0	0	0	0	0	0	232	254	0	-2.51E-05	-1.09E-05	-1.22E-05	0.000970967
122	12	0	0	0	0	0	0	232	254	0	-2.51E-05	-1.09E-05	-1.22E-05	0.000970967
122	13	0	0	0	0	0	0	232	254	0	-2.53E-05	-1.18E-05	-1.11E-05	0.001379
122	14	0	0	0	0	0	0	232	254	0	-2.53E-05	-1.18E-05	-1.11E-05	0.001379
122	15	0	0	0	0	0	0	232	254	0	-2.51E-05	-8.82E-06	-6.50E-06	0.001913
122	16	0	0	0	0	0	0	232	254	0	-2.20E-05	-1.87E-06	-3.90E-06	0.00231827
122	17	0	0	0	0	0	0	232	254	0	-2.20E-05	-1.87E-06	-3.90E-06	0.00231827
122	18	0	0	0	0	0	0	232	254	0	-1.95E-05	3.77E-06	-4.67E-06	0.00259636
122	19	0	0	0	0	0	0	232	254	0	-1.95E-05	3.77E-06	-4.67E-06	0.00259636
123	0	0	0	0	0	0	0	232	254	0	-2.17E-05	5.78E-06	-9.34E-06	0.00275549
123	1	0	0	0	0	0	0	232	254	0	-2.17E-05	5.78E-06	-9.34E-06	0.00275549
123	2	0	0	0	0	0	0	232	254	0	-2.62E-05	6.16E-06	-4.81E-06	0.00260508
123	3	0	0	0	0	0	0	232	254	0	-2.62E-05	6.16E-06	-4.81E-06	0.00260508
123	4	0	0	0	0	0	0	232	254	0	-2.75E-05	6.90E-06	-2.99E-06	0.00211002
123	5	0	0	0	0	0	0	232	254	0	-2.64E-05	7.56E-06	-1.25E-05	0.00149537
123	6	0	0	0	0	0	0	232	254	0	-2.64E-05	7.56E-06	-1.25E-05	0.00149537
123	7	0	0	0	0	0	0	232	254	0	-2.35E-05	5.08E-06	-1.35E-05	0.000966999
123	8	0	0	0	0	0	0	232	254	0	-2.35E-05	5.08E-06	-1.35E-05	0.000966999
123	9	0	0	0	0	0	0	232	254	0	-2.06E-05	2.37E-06	-8.29E-06	0.000481052
123	10	0	0	0	0	0	0	232	254	0	-2.06E-05	2.37E-06	-8.29E-06	0.000481052
123	11	0	0	0	0	0	0	232	254	0	-1.95E-05	1.91E-06	-9.07E-06	0.000108562
123	12	0	0	0	0	0	0	232	254	0	-1.95E-05	1.91E-06	-9.07E-06	0.000108562
123	13	0	0	0	0	0	0	232	254	0	-1.52E-05	4.20E-06	-1.20E-05	2.25E-05
123	14	0	0	0	0	0	0	232	254	0	-7.06E-06	6.81E-06	-1.06E-05	0.00017202
123	15	0	0	0	0	0	0	232	254	0	-7.06E-06	6.81E-06	-1.06E-05	0.00017202
123	16	0	0	0	0	0	0	232	254	0	-5.57E-06	7.32E-06	-2.91E-06	0.000686222
123	17	0	0	0	0	0	0	232	254	0	-5.57E-06	7.32E-06	-2.91E-06	0.000686222
123	18	0	0	0	0	0	0	232	254	0	-1.63E-05	5.61E-06	7.63E-06	0.00177656
123	19	0	0	0	0	0	0	232	254	0	-1.63E-05	5.61E-06	7.63E-06	0.00177656
124	0	0	0	0	0	0	0	232	254	0	-2.84E-05	3.95E-06	1.12E-05	0.00231492
124	1	0	0	0	0	0	0	232	254	0	-2.84E-05	3.95E-06	1.12E-05	0.00231492
124	2	0	0	0	0	0	0	232	254	0	-3.01E-05	9.98E-07	2.75E-06	0.00140202
124	3	0	0	0	0	0	0	232	254	0	-2.69E-05	-2.35E-06	-1.84E-05	0.000254714
124	4	0	0	0	0	0	0	232	254	0	-2.69E-05	-2.35E-06	-1.84E-05	0.000254714
124	5	0	0	0	0	0	0	232	254	0	-2.68E-05	-3.36E-06	-4.35E-05	-0.000496745
124	6	0	0	0	0	0	0	232	254	0	-2.68E-05	-3.36E-06	-4.35E-05	-0.000496745
124	7	0	0	0	0	0	0	232	254	0	-2.80E-05	-2.55E-06	-4.80E-05	-0.00104581
124	8	0	0	0	0	0	0	232	254	0	-2.80E-05	-2.55E-06	-4.80E-05	-0.00104581
124	9	0	0	0	0	0	0	232	254	0	-2.19E-05	-3.44E-07	-3.85E-05	-0.00144698
124	10	0	0	0	0	0	0	232	254	0	-2.19E-05	-3.44E-07	-3.85E-05	-0.00144698
124	11	0	0	0	0	0	0	232	254	0	-6.10E-06	1.65E-06	-3.15E-05	-0.00170343
124	12	0	0	0	0	0	0	232	254	0	-9.72E-07	2.87E-06	-2.34E-05	-0.00183687
124	13	0	0	0	0	0	0	232	254	0	-9.72E-07	2.87E-06	-2.34E-05	-0.00183687
124	14	0	0	0	0	0	0	232	254	0	-9.96E-06	3.88E-06	-1.58E-05	-0.00185538
124	15	0	0	0	0	0	0	232	254	0	-9.96E-06	3.88E-06	-1.58E-05	-0.00185538
124	16	0	0	0	0	0	0	232	254	0	-2.04E-05	5.12E-06	-1.84E-05	-0.00177818
124	17	0	0	0	0	0	0	232	254	0	-2.04E-05	5.12E-06	-1.84E-05	-0.00177818
124	18	0	0	0	0	0	0	232	254	0	-3.19E-05	4.85E-06	-2.31E-05	-0.0016407
124	19	0	0	0	0	0	0	232	254	0	-3.19E-05	4.85E-06	-2.31E-05	-0.0016407
125	0	0	0	0	0	0	0	232	254	0	-3.81E-05	5.34E-06	-2.12E-05	-0.00146217
125	1	0	0	0	0	0	0	232	254	0	-3.68E-05	7.66E-06	-1.70E-05	-0.00128234
125	2	0	0	0	0	0	0	232	254	0	-3.68E-05	7.66E-06	-1.70E-05	-0.00128234
125	3	0	0	0	0	0	0	232	254	0	-3.09E-05	6.26E-06	-9.46E-06	-0.00114444
125	4	0	0	0	0	0	0	232	254	0	-3.09E-05	6.26E-06	-9.46E-06	-0.00114444
125	5	0	0	0	0	0	0	232	254	0	-2.20E-05	4.28E-06	6.09E-06	-0.00102795
125	6	0	0	0	0	0	0	232	254	0	-2.20E-05	4.28E-06	6.09E-06	-0.00102795
125	7	0	0	0	0	0	0	232	254	0	-1.99E-05	4.32E-06	2.39E-05	-0.00113794
125	8	0	0	0	0	0	0	232	254	0	-1.99E-05	4.32E-06	2.39E-05	-0.00113794
125	9	0	0	0	0	0	0	232	254	0	-2.33E-05	4.42E-06	2.93E-05	-0.00183053
125	10	0	0	0	0	0	0	232	254	0	-1.69E-05	2.53E-06	1.76E-05	-0.00267598
125	11	0	0	0	0	0	0	232	254	0	-1.69E-05	2.53E-06	1.76E-05	-0.00267598
125	12	0	0	0	0	0	0	232	254	0	-8.66E-06	-5.04E-07	5.70E-06	-0.00331323
125	13	0	0	0	0	0	0	232	254	0	-8.66E-06	-5.04E-07	5.70E-06	-0.00331323
125	14	0	0	0	0	0	0	232	254	0	-8.15E-06	-8.21E-07	7.32E-07	-0.00359933
125	15	0	0	0	0	0	0	232	254	0	-8.15E-06	-8.21E-07	7.32E-07	-0.00359933
125	16	0	0	0	0	0	0	232	254	0	-1.26E-05	-8.48E-07	5.21E-07	-0.00351838
125	17	0	0	0	0	0	0	232	254	0	-1.26E-05	-8.48E-07	5.21E-07	-0.00351838
125	18	0	0	0	0	0	0	232	254	0	-2.02E-05	-2.27E-06	1.50E-07	-0.00326406
125	19	0	0	0	0	0	0	232	254	0	-2.69E-05	-2.28E-06	-2.24E-06	-0.00303276
126	0	0	0	0	0	0	0	232	254	0	-2.69E-05	-2.28E-06	-2.24E-06	-0.00303276
126	1	0	0	0	0	0	0	232	254	0	-2.96E-05	-7.50E-07	-5.72E-06	-0.00282972
126	2	0	0	0	0	0	0	232	254	0	-2.96E-05	-7.50E-07	-5.72E-06	-0.00282972
126	3	0	0	0	0	0	0	232	254	0	-3.14E-05	-1.55E-06	-1.07E-05	-0.00253058
126	4	0	0	0	0	0	0	232	254	0	-3.14E-05	-1.55E-06	-1.07E-05	-0.00253058
126	5	0	0	0	0	0	0	232	254	0	-3.01E-05	-5.40E-06	-1.69E-05	-0.00217616
126	6	0	0	0	0	0	0	232	254	0	-3.01E-05	-5.40E-06	-1.69E-05	-0.00217616
126	7	0	0	0	0	0	0	232	254	0	-2.91E-05	-6.19E-06	-1.93E-05	-0.00179979
126	8	0	0	0	0	0	0	232	254	0	-2.88E-05	-5.30E-06	-1.94E-05	-0.00133086
126	9	0	0	0	0	0	0	232	254	0	-2.88E-05	-5.30E-06	-1.94E-05	-0.00133086
126	10	0	0	0	0	0	0	232	254	0	-2.94E-05	-3.31E-06	-1.82E-05	-0.000777805
126	11	0	0	0	0	0	0	232	254	0	-2.94E-05	-3.31E-06	-1.82E-05	-0.000777805
126	12	0	0	0	0	0	0	232	254	0	-2.79E-05	-2.20E-07	-1.69E-05	-0.000246552
126	13	0	0	0	0	0	0	232	254	0	-2.79E-05	-2.20E-07	-1.69E-05	-0.000246552
126	14	0	0	0	0	0	0	232	254	0	-2.38E-05	-3.07E-06	-1.68E-05	0.000185095
126	15	0	0	0	0	0	0	232	254	0	-2.38E-05	-3.07E-06	-1.68E-05	0.000185095
126	16	0	0	0	0	0	0	232	254	0	-1.89E-05	-6.82E-06	-1.70E-05	0.000504764
126	17	0	0	0	0	0	0	232	254	0	-1.50E-05	-4.73E-06	-1.37E-05	0.000754048
126	18	0	0	0	0	0	0	232	254	0	-1.50E-05	-4.73E-06	-1.37E-05	0.000754048
126	19	0	0	0	0	0	0	232	254	0	-1.19E-05	1.58E-06	-1.01E-05	0.000957211
127	0	0	0	0	0	0	0	232	254	0	-1.19E-05	1.58E-06	-1.01E-05	0.000957211
127	1	0	0	0	0	0	0	232	254	0	-1.05E-05	1.67E-05	-7.69E-06	0.00110432
127	2	0	0	0	0	0	0	232	254	0	-1.05E-05	1.67E-05	-7.69E-06	0.00110432
127	3	0	0	0	0	0	0	232	254	0	-1.23E-05	3.51E-05	-9.23E-06	0.00119052
127	4	0	0	0	0	0	0	232	254	0	-1.23E-05	3.51E-05	-9.23E-06	0.00119052
127	5	0	0	0	0	0	0	232	254	0	-1.56E-05	4.40E-05	-1.37E-05	0.00122905
127	6	0	0	0	0	0	0	232	254	0	-1.91E-05	4.96E-05	-1.78E-05	0.00121798
127	7	0	0	0	0	0	0	232	254	0	-1.91E-05	4.96E-05	-1.78E-05	0.00121798
127	8	0	0	0	0	0	0	232	254	0	-2.33E-05	5.35E-05	-2.74E-05	0.00114554
127	9	0	0	0	0	0	0	232	254	0	-2.33E-05	5.35E-05	-2.74E-05	0.00114554
127	10	0	0	0	0	0	0	232	254	0	-2.77E-05	5.28E-05	-3.29E-05	0.00103359
127	11	0	0	0	0	0	0	232	254	0	-2.77E-05	5.28E-05	-3.29E-05	0.00103359
127	12	0	0	0	0	0	0	232	254	0	-2.79E-05	4.92E-05	-3.14E-05	0.000923824
127	13	0	0	0	0	0	0	232	254	0	-2.79E-05	4.92E-05	-3.14E-05	0.000923824
127	14	0	0	0	0	0	0	232	254	0	-2.48E-05	4.28E-05	-3.03E-05	0.000825406
127	15	0	0	0	0	0	0	232	254	0	-2.14E-05	3.56E-05	-2.83E-05	0.000738401
127	16	0	0	0	0	0	0	232	254	0	-2.14E-05	3.56E-05	-2.83E-05	0.000738401
127	17	0	0	0	0	0	0	232	254	0	-1.79E-05	3.34E-05	-1.58E-05	0.000662095
127	18	0	0	0	0	0	0	232	254	0	-1.79E-05	3.34E-05	-1.58E-05	0.000662095
127	19	0	0	0	0	0	0	232	254	0	-1.37E-05	3.12E-05	1.64E-05	0.000592244
128	0	0	0	0	0	0	0	232	254	0	-1.37E-05	3.12E-05	1.64E-05	0.000592244
128	1	0	0	0	0	0	0	232	254	0	-1.19E-05	2.62E-05	2.92E-05	0.000517726
128	2	0	0	0	0	0	0	232	254	0	-1.19E-05	2.62E-05	2.92E-05	0.000517726
128	3	0	0	0	0	0	0	232	254	0	-1.26E-05	2.05E-05	1.26E-05	0.000442296
128	4	0	0	0	0	0	0	232	254	0	-8.79E-06	1.66E-05	4.41E-06	0.000374892
128	5	0	0	0	0	0	0	232	254	0	-8.79E-06	1.66E-05	4.41E-06	0.000374892
128	6	0	0	0	0	0	0	232	254	0	-7.92E-07	1.35E-05	1.15E-05	0.000318587
128	7	0	0	0	0	0	0	232	254	0	-7.92E-07	1.35E-05	1.15E-05	0.000318587
128	8	0	0	0	0	0	0	232	254	0	3.28E-06	1.17E-05	9.42E-06	0.000268181
128	9	0	0	0	0	0	0	232	254	0	3.28E-06	1.17E-05	9.42E-06	0.000268181
128	10	0	0	0	0	0	0	232	254	0	4.14E-07	1.06E-05	5.50E-06	0.000232161
128	11	0	0	0	0	0	0	232	254	0	4.14E-07	1.06E-05	5.50E-06	0.000232161
128	12	0	0	0	0	0	0	232	254	0	-5.31E-06	1.04E-05	2.57E-06	0.000210212
128	13	0	0	0	0	0	0	232	254	0	-1.20E-05	1.12E-05	-4.12E-06	0.000202717
128	14	0	0	0	0	0	0	232	254	0	-1.20E-05	1.12E-05	-4.12E-06	0.000202717
128	15	0	0	0	0	0	0	232	254	0	-1.93E-05	8.94E-06	-7.75E-06	0.000211114
128	16	0	0	0	0	0	0	232	254	0	-1.93E-05	8.94E-06	-7.75E-06	0.000211114
128	17	0	0	0	0	0	0	232	254	0	-1.72E-05	4.85E-06	-1.01E-05	0.000227299
128	18	0	0	0	0	0	0	232	254	0	-1.72E-05	4.85E-06	-1.01E-05	0.000227299
128	19	0	0	0	0	0	0	232	254	0	-6.95E-06	1.92E-06	-1.50E-05	0.00025073
129	0	0	0	0	0	0	0	232	254	0	-6.95E-06	1.92E-06	-1.50E-05	0.00025073
129	1	0	0	0	0	0	0	232	254	0	-7.10E-06	-6.63E-07	-1.93E-05	0.000290816
129	2	0	0	0	0	0	0	232	254	0	-1.76E-05	-3.92E-06	-2.59E-05	0.000343859
129	3	0	0	0	0	0	0	232	254	0	-1.76E-05	-3.92E-06	-2.59E-05	0.000343859
129	4	0	0	0	0	0	0	232	254	0	-2.82E-05	-8.25E-06	-3.00E-05	0.000399346
129	5	0	0	0	0	0	0	232	254	0	-2.82E-05	-8.25E-06	-3.00E-05	0.000399346
129	6	0	0	0	0	0	0	232	254	0	-2.80E-05	-2.11E-05	-3.05E-05	0.000458589
129	7	0	0	0	0	0	0	232	254	0	-2.80E-05	-2.11E-05	-3.05E-05	0.000458589
129	8	0	0	0	0	0	0	232	254	0	-3.38E-05	-1.95E-05	-3.08E-05	0.000522558
129	9	0	0	0	0	0	0	232	254	0	-3.38E-05	-1.95E-05	-3.08E-05	0.000522558
129	10	0	0	0	0	0	0	232	254	0	-4.65E-05	-1.15E-05	-2.66E-05	0.000587861
129	11	0	0	0	0	0	0	232	254	0	-5.27E-05	-1.68E-05	-1.85E-05	0.000649021
129	12	0	0	0	0	0	0	232	254	0	-5.27E-05	-1.68E-05	-1.85E-05	0.000649021
129	13	0	0	0	0	0	0	232	254	0	-5.03E-05	-2.15E-05	-1.57E-05	0.000706893
129	14	0	0	0	0	0	0	232	254	0	-5.03E-05	-2.15E-05	-1.57E-05	0.000706893
129	15	0	0	0	0	0	0	232	254	0	-3.76E-05	-1.97E-05	-8.48E-06	0.00077045
129	16	0	0	0	0	0	0	232	254	0	-3.76E-05	-1.97E-05	-8.48E-06	0.00077045
129	17	0	0	0	0	0	0	232	254	0	-2.73E-05	-1.56E-05	-1.18E-06	0.000831746
129	18	0	0	0	0	0	0	232	254	0	-2.73E-05	-1.56E-05	-1.18E-06	0.000831746
129	19	0	0	0	0	0	0	232	254	0	-2.11E-05	-1.36E-05	-4.04E-06	0.000893419
130	0	0	0	0	0	0	0	232	254	0	-1.65E-05	-1.36E-05	-4.83E-06	0.0009528
130	1	0	0	0	0	0	0	232	254	0	-1.65E-05	-1.36E-05	-4.83E-06	0.0009528
130	2	0	0	0	0	0	0	232	254	0	-2.10E-05	-1.32E-05	-3.51E-06	0.00102226
130	3	0	0	0	0	0	0	232	254	0	-2.10E-05	-1.32E-05	-3.51E-06	0.00102226
130	4	0	0	0	0	0	0	232	254	0	-3.03E-05	-1.44E-05	-5.95E-06	0.00111643
130	5	0	0	0	0	0	0	232	254	0	-3.03E-05	-1.44E-05	-5.95E-06	0.00111643
130	6	0	0	0	0	0	0	232	254	0	-3.64E-05	-1.46E-05	-1.14E-05	0.00126338
130	7	0	0	0	0	0	0	232	254	0	-3.64E-05	-1.46E-05	-1.14E-05	0.00126338
130	8	0	0	0	0	0	0	232	254	0	-3.71E-05	-1.33E-05	-1.23E-05	0.00143941
130	9	0	0	0	0	0	0	232	254	0	-3.52E-05	-1.24E-05	-8.93E-06	0.00157768
130	10	0	0	0	0	0	0	232	254	0	-3.52E-05	-1.24E-05	-8.93E-06	0.00157768
130	11	0	0	0	0	0	0	232	254	0	-3.30E-05	-9.04E-06	-1.36E-05	0.00167945
130	12	0	0	0	0	0	0	232	254	0	-3.30E-05	-9.04E-06	-1.36E-05	0.00167945
130	13	0	0	0	0	0	0	232	254	0	-3.08E-05	-4.80E-06	-2.99E-05	0.00169858
130	14	0	0	0	0	0	0	232	254	0	-3.08E-05	-4.80E-06	-2.99E-05	0.00169858
130	15	0	0	0	0	0	0	232	254	0	-2.94E-05	-3.07E-06	-3.59E-05	0.0015584
130	16	0	0	0	0	0	0	232	254	0	-2.94E-05	-3.07E-06	-3.59E-05	0.0015584
130	17	0	0	0	0	0	0	232	254	0	-3.00E-05	-2.97E-06	-2.81E-05	0.00135124
130	18	0	0	0	0	0	0	232	254	0	-3.18E-05	-1.41E-06	-2.09E-05	0.00114962
130	19	0	0	0	0	0	0	232	254	0	-3.18E-05	-1.41E-06	-2.09E-05	0.00114962
131	0	0	0	0	0	0	0	232	254	0	-3.10E-05	1.05E-06	-1.88E-05	0.000947053
131	1	0	0	0	0	0	0	232	254	0	-3.10E-05	1.05E-06	-1.88E-05	0.000947053
131	2	0	0	0	0	0	0	232	254	0	-2.53E-05	2.31E-06	-7.94E-06	0.000750217
131	3	0	0	0	0	0	0	232	254	0	-2.53E-05	2.31E-06	-7.94E-06	0.000750217
131	4	0	0	0	0	0	0	232	254	0	-1.76E-05	2.06E-06	7.67E-06	0.000586613
131	5	0	0	0	0	0	0	232	254	0	-1.76E-05	2.06E-06	7.67E-06	0.000586613
131	6	0	0	0	0	0	0	232	254	0	-1.22E-05	6.97E-07	1.18E-05	0.000448853
131	7	0	0	0	0	0	0	232	254	0	-1.11E-05	1.55E-06	1.15E-05	0.000338822
131	8	0	0	0	0	0	0	232	254	0	-1.11E-05	1.55E-06	1.15E-05	0.000338822
131	9	0	0	0	0	0	0	232	254	0	-9.87E-06	3.68E-06	1.53E-05	0.000271476
131	10	0	0	0	0	0	0	232	254	0	-9.87E-06	3.68E-06	1.53E-05	0.000271476
131	11	0	0	0	0	0	0	232	254	0	-8.43E-06	4.71E-06	1.55E-05	0.000234851
131	12	0	0	0	0	0	0	232	254	0	-8.43E-06	4.71E-06	1.55E-05	0.000234851
131	13	0	0	0	0	0	0	232	254	0	-9.09E-06	6.36E-06	1.28E-05	0.000218464
131	14	0	0	0	0	0	0	232	254	0	-9.09E-06	6.36E-06	1.28E-05	0.000218464
131	15	0	0	0	0	0	0	232	254	0	-8.07E-06	6.02E-06	1.61E-05	0.000185418
131	16	0	0	0	0	0	0	232	254	0	-8.19E-06	5.88E-06	1.98E-05	0.00014275
131	17	0	0	0	0	0	0	232	254	0	-8.19E-06	5.88E-06	1.98E-05	0.00014275
131	18	0	0	0	0	0	0	232	254	0	-1.02E-05	7.65E-06	1.93E-05	8.83E-05
131	19	0	0	0	0	0	0	232	254	0	-1.02E-05	7.65E-06	1.93E-05	8.83E-05
132	0	0	0	0	0	0	0	232	254	0	-1.14E-05	9.31E-06	1.33E-05	-2.17E-05
132	1	0	0	0	0	0	0	232	254	0	-1.14E-05	9.31E-06	1.33E-05	-2.17E-05
132	2	0	0	0	0	0	0	232	254	0	-9.74E-06	1.19E-05	5.74E-06	-0.000214617
132	3	0	0	0	0	0	0	232	254	0	-9.74E-06	1.19E-05	5.74E-06	-0.000214617
132	4	0	0	0	0	0	0	232	254	0	-6.83E-06	1.36E-05	-2.39E-06	-0.000379111
132	5	0	0	0	0	0	0	232	254	0	-8.17E-06	1.29E-05	-1.04E-05	-0.000464195
132	6	0	0	0	0	0	0	232	254	0	-8.17E-06	1.29E-05	-1.04E-05	-0.000464195
132	7	0	0	0	0	0	0	232	254	0	-1.20E-05	1.30E-05	-1.36E-05	-0.00050278
132	8	0	0	0	0	0	0	232	254	0	-1.20E-05	1.30E-05	-1.36E-05	-0.00050278
132	9	0	0	0	0	0	0	232	254	0	-1.45E-05	1.37E-05	-1.42E-05	-0.000515681
132	10	0	0	0	0	0	0	232	254	0	-1.45E-05	1.37E-05	-1.42E-05	-0.000515681
132	11	0	0	0	0	0	0	232	254	0	-1.59E-05	1.39E-05	-1.54E-05	-0.000524836
132	12	0	0	0	0	0	0	232	254	0	-1.59E-05	1.39E-05	-1.54E-05	-0.000524836
132	13	0	0	0	0	0	0	232	254	0	-1.73E-05	1.11E-05	-1.46E-05	-0.000535348
132	14	0	0	0	0	0	0	232	254	0	-1.97E-05	9.05E-06	-1.20E-05	-0.000540467
132	15	0	0	0	0	0	0	232	254	0	-1.97E-05	9.05E-06	-1.20E-05	-0.000540467
132	16	0	0	0	0	0	0	232	254	0	-2.18E-05	8.96E-06	-1.00E-05	-0.000550969
132	17	0	0	0	0	0	0	232	254	0	-2.18E-05	8.96E-06	-1.00E-05	-0.000550969
132	18	0	0	0	0	0	0	232	254	0	-2.29E-05	9.87E-06	-9.11E-06	-0.000564839
132	19	0	0	0	0	0	0	232	254	0	-2.29E-05	9.87E-06	-9.11E-06	-0.000564839
133	0	0	0	0	0	0	0	232	254	0	-2.22E-05	9.09E-06	-8.90E-06	-0.000579522
133	1	0	0	0	0	0	0	232	254	0	-2.22E-05	9.09E-06	-8.90E-06	-0.000579522
133	2	0	0	0	0	0	0	232	254	0	-1.80E-05	7.64E-06	-1.06E-05	-0.000593939
133	3	0	0	0	0	0	0	232	254	0	-1.36E-05	8.25E-06	-1.23E-05	-0.000607923
133	4	0	0	0	0	0	0	232	254	0	-1.36E-05	8.25E-06	-1.23E-05	-0.000607923
133	5	0	0	0	0	0	0	232	254	0	-1.38E-05	8.15E-06	-1.29E-05	-0.000628981
133	6	0	0	0	0	0	0	232	254	0	-1.38E-05	8.15E-06	-1.29E-05	-0.000628981
133	7	0	0	0	0	0	0	232	254	0	-1.75E-05	7.43E-06	-1.43E-05	-0.000655158
133	8	0	0	0	0	0	0	232	254	0	-1.75E-05	7.43E-06	-1.43E-05	-0.000655158
133	9	0	0	0	0	0	0	232	254	0	-2.20E-05	6.41E-06	-1.45E-05	-0.000687124
133	10	0	0	0	0	0	0	232	254	0	-2.20E-05	6.41E-06	-1.45E-05	-0.000687124
133	11	0	0	0	0	0	0	232	254	0	-2.40E-05	4.55E-06	-1.50E-05	-0.000733208
133	12	0	0	0	0	0	0	232	254	0	-2.32E-05	4.55E-06	-1.57E-05	-0.000780026
133	13	0	0	0	0	0	0	232	254	0	-2.32E-05	4.55E-06	-1.57E-05	-0.000780026
133	14	0	0	0	0	0	0	232	254	0	-2.17E-05	6.25E-06	-1.69E-05	-0.00082019
133	15	0	0	0	0	0	0	232	254	0	-2.17E-05	6.25E-06	-1.69E-05	-0.00082019
133	16	0	0	0	0	0	0	232	254	0	-1.98E-05	6.54E-06	-1.84E-05	-0.000852199
133	17	0	0	0	0	0	0	232	254	0	-1.98E-05	6.54E-06	-1.84E-05	-0.000852199
133	18	0	0	0	0	0	0	232	254	0	-2.09E-05	7.64E-06	-1.94E-05	-0.000884968
133	19	0	0	0	0	0	0	232	254	0	-2.09E-05	7.64E-06	-1.94E-05	-0.000884968
134	0	0	0	0	0	0	0	232	254	0	-2.54E-05	8.91E-06	-2.02E-05	-0.000917308
134	1	0	0	0	0	0	0	232	254	0	-2.59E-05	1.05E-05	-1.90E-05	-0.000944327
134	2	0	0	0	0	0	0	232	254	0	-2.59E-05	1.05E-05	-1.90E-05	-0.000944327
134	3	0	0	0	0	0	0	232	254	0	-2.41E-05	1.18E-05	-1.48E-05	-0.000952439
134	4	0	0	0	0	0	0	232	254	0	-2.41E-05	1.18E-05	-1.48E-05	-0.000952439
134	5	0	0	0	0	0	0	232	254	0	-2.25E-05	1.17E-05	-1.18E-05	-0.00093829
134	6	0	0	0	0	0	0	232	254	0	-2.25E-05	1.17E-05	-1.18E-05	-0.00093829
134	7	0	0	0	0	0	0	232	254	0	-2.08E-05	1.08E-05	-1.13E-05	-0.000914029
134	8	0	0	0	0	0	0	232	254	0	-2.08E-05	1.08E-05	-1.13E-05	-0.000914029
134	9	0	0	0	0	0	0	232	254	0	-2.12E-05	1.05E-05	-1.06E-05	-0.000869558
134	10	0	0	0	0	0	0	232	254	0	-2.14E-05	8.97E-06	-8.05E-06	-0.000808127
134	11	0	0	0	0	0	0	232	254	0	-2.14E-05	8.97E-06	-8.05E-06	-0.000808127
134	12	0	0	0	0	0	0	232	254	0	-2.15E-05	7.42E-06	-6.02E-06	-0.000743983
134	13	0	0	0	0	0	0	232	254	0	-2.15E-05	7.42E-06	-6.02E-06	-0.000743983
134	14	0	0	0	0	0	0	232	254	0	-2.22E-05	5.33E-06	-4.16E-06	-0.000673357
134	15	0	0	0	0	0	0	232	254	0	-2.22E-05	5.33E-06	-4.16E-06	-0.000673357
134	16	0	0	0	0	0	0	232	254	0	-2.12E-05	3.15E-06	-3.75E-06	-0.000587204
134	17	0	0	0	0	0	0	232	254	0	-2.12E-05	3.15E-06	-3.75E-06	-0.000587204
134	18	0	0	0	0	0	0	232	254	0	-2.09E-05	2.98E-06	-5.24E-06	-0.000493315
134	19	0	0	0	0	0	0	232	254	0	-2.02E-05	2.50E-06	-7.71E-06	-0.000403766
135	0	0	0	0	0	0	0	232	254	0	-2.02E-05	2.50E-06	-7.71E-06	-0.000403766
135	1	0	0	0	0	0	0	232	254	0	-2.03E-05	1.03E-06	-1.12E-05	-0.000316423
135	2	0	0	0	0	0	0	232	254	0	-2.03E-05	1.03E-06	-1.12E-05	-0.000316423
135	3	0	0	0	0	0	0	232	254	0	-2.08E-05	7.33E-07	-1.21E-05	-0.000230238
135	4	0	0	0	0	0	0	232	254	0	-2.08E-05	7.33E-07	-1.21E-05	-0.000230238
135	5	0	0	0	0	0	0	232	254	0	-1.94E-05	-5.40E-07	-1.17E-05	-0.000139807
135	6	0	0	0	0	0	0	232	254	0	-1.94E-05	-5.40E-07	-1.17E-05	-0.000139807
135	7	0	0	0	0	0	0	232	254	0	-1.89E-05	-1.17E-06	-1.31E-05	-4.88E-05
135	8	0	0	0	0	0	0	232	254	0	-1.99E-05	-9.45E-07	-1.42E-05	4.56E-05
135	9	0	0	0	0	0	0	232	254	0	-1.99E-05	-9.45E-07	-1.42E-05	4.56E-05
135	10	0	0	0	0	0	0	232	254	0	-1.94E-05	-1.76E-06	-1.43E-05	0.000136451
135	11	0	0	0	0	0	0	232	254	0	-1.94E-05	-1.76E-06	-1.43E-05	0.000136451
135	12	0	0	0	0	0	0	232	254	0	-1.55E-05	-4.48E-06	-1.29E-05	0.000213296
135	13	0	0	0	0	0	0	232	254	0	-1.55E-05	-4.48E-06	-1.29E-05	0.000213296
135	14	0	0	0	0	0	0	232	254	0	-1.37E-05	-5.77E-06	-1.02E-05	0.000287559
135	15	0	0	0	0	0	0	232	254	0	-1.37E-05	-5.77E-06	-1.02E-05	0.000287559
135	16	0	0	0	0	0	0	232	254	0	-1.91E-05	-5.64E-06	-9.69E-06	0.000361021
135	17	0	0	0	0	0	0	232	254	0	-2.49E-05	-4.16E-06	-1.04E-05	0.000421002
135	18	0	0	0	0	0	0	232	254	0	-2.49E-05	-4.16E-06	-1.04E-05	0.000421002
135	19	0	0	0	0	0	0	232	254	0	-2.77E-05	-3.29E-06	-1.17E-05	0.000474067
136	0	0	0	0	0	0	0	232	254	0	-2.77E-05	-3.29E-06	-1.17E-05	0.000474067
136	1	0	0	0	0	0	0	232	254	0	-2.88E-05	-3.99E-06	-1.41E-05	0.000523615
136	2	0	0	0	0	0	0	232	254	0	-2.88E-05	-3.99E-06	-1.41E-05	0.000523615
136	3	0	0	0	0	0	0	232	254	0	-2.63E-05	-4.71E-06	-1.51E-05	0.000561787
136	4	0	0	0	0	0	0	232	254	0	-2.63E-05	-4.71E-06	-1.51E-05	0.000561787
136	5	0	0	0	0	0	0	232	254	0	-2.32E-05	-4.75E-06	-1.43E-05	0.000584208
136	6	0	0	0	0	0	0	232	254	0	-2.40E-05	-3.55E-06	-1.20E-05	0.000585055
136	7	0	0	0	0	0	0	232	254	0	-2.40E-05	-3.55E-06	-1.20E-05	0.000585055
136	8	0	0	0	0	0	0	232	254	0	-2.70E-05	-1.64E-06	-1.03E-05	0.000563853
136	9	0	0	0	0	0	0	232	254	0	-2.70E-05	-1.64E-06	-1.03E-05	0.000563853
136	10	0	0	0	0	0	0	232	254	0	-3.15E-05	-6.62E-07	-8.52E-06	0.000524377
136	11	0	0	0	0	0	0	232	254	0	-3.15E-05	-6.62E-07	-8.52E-06	0.000524377
136	12	0	0	0	0	0	0	232	254	0	-3.17E-05	9.91E-07	-6.97E-06	0.00048623
136	13	0	0	0	0	0	0	232	254	0	-3.17E-05	9.91E-07	-6.97E-06	0.00048623
136	14	0	0	0	0	0	0	232	254	0	-2.83E-05	1.10E-06	-4.94E-06	0.000439882
136	15	0	0	0	0	0	0	232	254	0	-2.50E-05	1.99E-06	-6.38E-06	0.000372255
136	16	0	0	0	0	0	0	232	254	0	-2.50E-05	1.99E-06	-6.38E-06	0.000372255
136	17	0	0	0	0	0	0	232	254	0	-2.19E-05	4.59E-06	-9.57E-06	0.000308495
136	18	0	0	0	0	0	0	232	254	0	-2.19E-05	4.59E-06	-9.57E-06	0.000308495
136	19	0	0	0	0	0	0	232	254	0	-2.01E-05	5.54E-06	-1.22E-05	0.000250031
137	0	0	0	0	0	0	0	232	254	0	-2.01E-05	5.54E-06	-1.22E-05	0.000250031
137	1	0	0	0	0	0	0	232	254	0	-2.10E-05	5.08E-06	-1.50E-05	0.000185066
137	2	0	0	0	0	0	0	232	254	0	-2.10E-05	5.08E-06	-1.50E-05	0.000185066
137	3	0	0	0	0	0	0	232	254	0	-2.26E-05	4.64E-06	-1.69E-05	0.00012916
137	4	0	0	0	0	0	0	232	254	0	-2.25E-05	4.99E-06	-1.71E-05	8.13E-05
137	5	0	0	0	0	0	0	232	254	0	-2.25E-05	4.99E-06	-1.71E-05	8.13E-05
137	6	0	0	0	0	0	0	232	254	0	-1.93E-05	6.81E-06	-1.67E-05	3.08E-05
137	7	0	0	0	0	0	0	232	254	0	-1.93E-05	6.81E-06	-1.67E-05	3.08E-05
137	8	0	0	0	0	0	0	232	254	0	-1.66E-05	6.86E-06	-1.71E-05	-2.11E-05
137	9	0	0	0	0	0	0	232	254	0	-1.66E-05	6.86E-06	-1.71E-05	-2.11E-05
137	10	0	0	0	0	0	0	232	254	0	-1.43E-05	7.01E-06	-1.67E-05	-7.27E-05
137	11	0	0	0	0	0	0	232	254	0	-1.43E-05	7.01E-06	-1.67E-05	-7.27E-05
137	12	0	0	0	0	0	0	232	254	0	-8.54E-06	8.14E-06	-1.47E-05	-0.000116786
137	13	0	0	0	0	0	0	232	254	0	-4.83E-06	8.56E-06	-1.03E-05	-0.000150393
137	14	0	0	0	0	0	0	232	254	0	-4.83E-06	8.56E-06	-1.03E-05	-0.000150393
137	15	0	0	0	0	0	0	232	254	0	-7.42E-06	8.56E-06	-5.46E-06	-0.000177554
137	16	0	0	0	0	0	0	232	254	0	-7.42E-06	8.56E-06	-5.46E-06	-0.000177554
137	17	0	0	0	0	0	0	232	254	0	-1.10E-05	9.02E-06	-2.30E-06	-0.000191736
137	18	0	0	0	0	0	0	232	254	0	-1.10E-05	9.02E-06	-2.30E-06	-0.000191736
137	19	0	0	0	0	0	0	232	254	0	-1.63E-05	1.06E-05	-1.97E-06	-0.000191088
138	0	0	0	0	0	0	0	232	254	0	-1.63E-05	1.06E-05	-1.97E-06	-0.000191088
138	1	0	0	0	0	0	0	232	254	0	-2.24E-05	1.06E-05	-1.72E-06	-0.000184327
138	2	0	0	0	0	0	0	232	254	0	-2.77E-05	8.86E-06	-5.91E-07	-0.000169415
138	3	0	0	0	0	0	0	232	254	0	-2.77E-05	8.86E-06	-5.91E-07	-0.000169415
138	4	0	0	0	0	0	0	232	254	0	-3.09E-05	6.38E-06	-1.09E-06	-0.000138587
138	5	0	0	0	0	0	0	232	254	0	-3.09E-05	6.38E-06	-1.09E-06	-0.000138587
138	6	0	0	0	0	0	0	232	254	0	-2.95E-05	4.73E-06	-5.91E-07	-9.95E-05
138	7	0	0	0	0	0	0	232	254	0	-2.95E-05	4.73E-06	-5.91E-07	-9.95E-05
138	8	0	0	0	0	0	0	232	254	0	-2.84E-05	4.36E-06	1.67E-06	-6.22E-05
138	9	0	0	0	0	0	0	232	254	0	-2.84E-05	4.36E-06	1.67E-06	-6.22E-05
138	10	0	0	0	0	0	0	232	254	0	-2.91E-05	4.25E-06	5.05E-06	-2.31E-05
138	11	0	0	0	0	0	0	232	254	0	-2.83E-05	3.97E-06	6.44E-06	2.13E-05
138	12	0	0	0	0	0	0	232	254	0	-2.83E-05	3.97E-06	6.44E-06	2.13E-05
138	13	0	0	0	0	0	0	232	254	0	-2.68E-05	4.55E-06	3.79E-06	6.60E-05
138	14	0	0	0	0	0	0	232	254	0	-2.68E-05	4.55E-06	3.79E-06	6.60E-05
138	15	0	0	0	0	0	0	232	254	0	-2.60E-05	5.33E-06	2.29E-06	0.000104502
138	16	0	0	0	0	0	0	232	254	0	-2.60E-05	5.33E-06	2.29E-06	0.000104502
138	17	0	0	0	0	0	0	232	254	0	-2.60E-05	4.85E-06	-3.47E-07	0.000138467
138	18	0	0	0	0	0	0	232	254	0	-2.60E-05	4.85E-06	-3.47E-07	0.000138467
138	19	0	0	0	0	0	0	232	254	0	-2.21E-05	4.88E-06	-1.97E-06	0.00017096
139	0	0	0	0	0	0	0	232	254	0	-1.96E-05	6.53E-06	1.04E-06	0.000198128
139	1	0	0	0	0	0	0	232	254	0	-1.96E-05	6.53E-06	1.04E-06	0.000198128
139	2	0	0	0	0	0	0	232	254	0	-2.25E-05	8.60E-06	3.67E-06	0.00021699
139	3	0	0	0	0	0	0	232	254	0	-2.25E-05	8.60E-06	3.67E-06	0.00021699
139	4	0	0	0	0	0	0	232	254	0	-2.35E-05	8.54E-06	7.46E-07	0.000228274
139	5	0	0	0	0	0	0	232	254	0	-2.35E-05	8.54E-06	7.46E-07	0.000228274
139	6	0	0	0	0	0	0	232	254	0	-1.68E-05	7.53E-06	-5.21E-06	0.000241018
139	7	0	0	0	0	0	0	232	254	0	-1.68E-05	7.53E-06	-5.21E-06	0.000241018
139	8	0	0	0	0	0	0	232	254	0	-1.09E-05	8.14E-06	-1.07E-05	0.000265457
139	9	0	0	0	0	0	0	232	254	0	-1.15E-05	8.56E-06	-1.41E-05	0.000282076
139	10	0	0	0	0	0	0	232	254	0	-1.15E-05	8.56E-06	-1.41E-05	0.000282076
139	11	0	0	0	0	0	0	232	254	0	-1.92E-05	8.56E-06	-1.39E-05	0.000294941
139	12	0	0	0	0	0	0	232	254	0	-1.92E-05	8.56E-06	-1.39E-05	0.000294941
139	13	0	0	0	0	0	0	232	254	0	-2.83E-05	7.07E-06	-1.01E-05	0.000305025
139	14	0	0	0	0	0	0	232	254	0	-2.83E-05	7.07E-06	-1.01E-05	0.000305025
139	15	0	0	0	0	0	0	232	254	0	-3.20E-05	5.11E-06	-6.26E-06	0.000308128
139	16	0	0	0	0	0	0	232	254	0	-3.20E-05	5.11E-06	-6.26E-06	0.000308128
139	17	0	0	0	0	0	0	232	254	0	-3.08E-05	5.68E-06	-7.50E-06	0.000300175
139	18	0	0	0	0	0	0	232	254	0	-2.75E-05	5.75E-06	-1.33E-05	0.000281819
139	19	0	0	0	0	0	0	232	254	0	-2.75E-05	5.75E-06	-1.33E-05	0.000281819
140	0	0	0	0	0	0	0	232	254	0	-2.28E-05	4.62E-06	-1.68E-05	0.000259007
140	1	0	0	0	0	0	0	232	254	0	-2.28E-05	4.62E-06	-1.68E-05	0.000259007
140	2	0	0	0	0	0	0	232	254	0	-2.06E-05	4.43E-06	-1.54E-05	0.000234358
140	3	0	0	0	0	0	0	232	254	0	-2.06E-05	4.43E-06	-1.54E-05	0.000234358
140	4	0	0	0	0	0	0	232	254	0	-1.94E-05	3.84E-06	-1.13E-05	0.000210561
140	5	0	0	0	0	0	0	232	254	0	-1.94E-05	3.84E-06	-1.13E-05	0.000210561
140	6	0	0	0	0	0	0	232	254	0	-1.80E-05	3.06E-06	-1.15E-05	0.000183484
140	7	0	0	0	0	0	0	232	254	0	-1.62E-05	4.23E-06	-1.48E-05	0.000150012
140	8	0	0	0	0	0	0	232	254	0	-1.62E-05	4.23E-06	-1.48E-05	0.000150012
140	9	0	0	0	0	0	0	232	254	0	-1.33E-05	4.64E-06	-1.55E-05	0.000118338
140	10	0	0	0	0	0	0	232	254	0	-1.33E-05	4.64E-06	-1.55E-05	0.000118338
140	11	0	0	0	0	0	0	232	254	0	-1.18E-05	2.69E-06	-1.37E-05	9.21E-05
140	12	0	0	0	0	0	0	232	254	0	-1.18E-05	2.69E-06	-1.37E-05	9.21E-05
140	13	0	0	0	0	0	0	232	254	0	-1.27E-05	3.23E-06	-1.34E-05	6.60E-05
140	14	0	0	0	0	0	0	232	254	0	-1.27E-05	3.23E-06	-1.34E-05	6.60E-05
140	15	0	0	0	0	0	0	232	254	0	-1.40E-05	4.90E-06	-1.05E-05	4.38E-05
140	16	0	0	0	0	0	0	232	254	0	-1.61E-05	5.26E-06	-5.04E-06	2.72E-05
140	17	0	0	0	0	0	0	232	254	0	-1.61E-05	5.26E-06	-5.04E-06	2.72E-05
140	18	0	0	0	0	0	0	232	254	0	-1.74E-05	4.97E-06	-3.19E-06	4.43E-06
140	19	0	0	0	0	0	0	232	254	0	-1.74E-05	4.97E-06	-3.19E-06	4.43E-06
141	0	0	0	0	0	0	0	232	254	0	-1.69E-05	4.18E-06	-6.64E-06	-2.78E-05
141	1	0	0	0	0	0	0	232	254	0	-1.69E-05	4.18E-06	-6.64E-06	-2.78E-05
141	2	0	0	0	0	0	0	232	254	0	-1.50E-05	3.86E-06	-8.68E-06	-6.13E-05
141	3	0	0	0	0	0	0	232	254	0	-1.50E-05	3.86E-06	-8.68E-06	-6.13E-05
141	4	0	0	0	0	0	0	232	254	0	-1.33E-05	5.01E-06	-9.36E-06	-9.31E-05
141	5	0	0	0	0	0	0	232	254	0	-1.35E-05	3.81E-06	-1.07E-05	-0.000114393
141	6	0	0	0	0	0	0	232	254	0	-1.35E-05	3.81E-06	-1.07E-05	-0.000114393
141	7	0	0	0	0	0	0	232	254	0	-1.32E-05	4.40E-06	-1.29E-05	-0.000127957
141	8	0	0	0	0	0	0	232	254	0	-1.32E-05	4.40E-06	-1.29E-05	-0.000127957
141	9	0	0	0	0	0	0	232	254	0	-1.11E-05	6.07E-06	-1.36E-05	-0.000145793
141	10	0	0	0	0	0	0	232	254	0	-1.11E-05	6.07E-06	-1.36E-05	-0.000145793
141	11	0	0	0	0	0	0	232	254	0	-1.35E-05	5.28E-06	-1.19E-05	-0.00016259
141	12	0	0	0	0	0	0	232	254	0	-1.35E-05	5.28E-06	-1.19E-05	-0.00016259
141	13	0	0	0	0	0	0	232	254	0	-2.10E-05	3.43E-06	-8.20E-06	-0.000180228
141	14	0	0	0	0	0	0	232	254	0	-2.79E-05	5.27E-06	-3.20E-06	-0.000198682
141	15	0	0	0	0	0	0	232	254	0	-2.79E-05	5.27E-06	-3.20E-06	-0.000198682
141	16	0	0	0	0	0	0	232	254	0	-2.88E-05	4.65E-06	-4.96E-06	-0.000215368
141	17	0	0	0	0	0	0	232	254	0	-2.88E-05	4.65E-06	-4.96E-06	-0.000215368
141	18	0	0	0	0	0	0	232	254	0	-2.78E-05	3.29E-06	-1.24E-05	-0.000228438
141	19	0	0	0	0	0	0	232	254	0	-2.78E-05	3.29E-06	-1.24E-05	-0.000228438
142	0	0	0	0	0	0	0	232	254	0	-2.68E-05	3.37E-06	-1.64E-05	-0.000236506
142	1	0	0	0	0	0	0	232	254	0	-2.68E-05	3.37E-06	-1.64E-05	-0.000236506
142	2	0	0	0	0	0	0	232	254	0	-2.49E-05	3.18E-06	-1.74E-05	-0.000240469
142	3	0	0	0	0	0	0	232	254	0	-2.52E-05	2.68E-06	-1.60E-05	-0.000249074
142	4	0	0	0	0	0	0	232	254	0	-2.52E-05	2.68E-06	-1.60E-05	-0.000249074
142	5	0	0	0	0	0	0	232	254	0	-2.45E-05	2.06E-06	-1.09E-05	-0.000253073
142	6	0	0	0	0	0	0	232	254	0	-2.45E-05	2.06E-06	-1.09E-05	-0.000253073
142	7	0	0	0	0	0	0	232	254	0	-2.26E-05	1.85E-06	-8.21E-06	-0.000246153
142	8	0	0	0	0	0	0	232	254	0	-2.26E-05	1.85E-06	-8.21E-06	-0.000246153
142	9	0	0	0	0	0	0	232	254	0	-2.38E-05	1.27E-06	-7.43E-06	-0.000239427
142	10	0	0	0	0	0	0	232	254	0	-2.38E-05	1.27E-06	-7.43E-06	-0.000239427
142	11	0	0	0	0	0	0	232	254	0	-2.28E-05	8.92E-07	-8.60E-06	-0.000235082
142	12	0	0	0	0	0	0	232	254	0	-2.20E-05	2.22E-06	-1.15E-05	-0.000227833
142	13	0	0	0	0	0	0	232	254	0	-2.20E-05	2.22E-06	-1.15E-05	-0.000227833
142	14	0	0	0	0	0	0	232	254	0	-2.18E-05	3.43E-06	-8.22E-06	-0.000220255
142	15	0	0	0	0	0	0	232	254	0	-2.18E-05	3.43E-06	-8.22E-06	-0.000220255
142	16	0	0	0	0	0	0	232	254	0	-2.07E-05	2.77E-06	-2.07E-06	-0.000215621
142	17	0	0	0	0	0	0	232	254	0	-2.07E-05	2.77E-06	-2.07E-06	-0.000215621
142	18	0	0	0	0	0	0	232	254	0	-2.05E-05	4.08E-06	1.21E-06	-0.000210256
142	19	0	0	0	0	0	0	232	254	0	-2.05E-05	4.08E-06	1.21E-06	-0.000210256
143	0	0	0	0	0	0	0	232	254	0	-2.04E-05	3.95E-06	-2.24E-07	-0.000200249
143	1	0	0	0	0	0	0	232	254	0	-1.89E-05	7.40E-08	-4.28E-06	-0.0001908
143	2	0	0	0	0	0	0	232	254	0	-1.89E-05	7.40E-08	-4.28E-06	-0.0001908
143	3	0	0	0	0	0	0	232	254	0	-1.90E-05	1.25E-06	-7.43E-06	-0.000177116
143	4	0	0	0	0	0	0	232	254	0	-1.90E-05	1.25E-06	-7.43E-06	-0.000177116
143	5	0	0	0	0	0	0	232	254	0	-2.09E-05	3.44E-06	-7.30E-06	-0.000160313
143	6	0	0	0	0	0	0	232	254	0	-2.09E-05	3.44E-06	-7.30E-06	-0.000160313
143	7	0	0	0	0	0	0	232	254	0	-2.30E-05	3.75E-06	-4.58E-06	-0.000146758
143	8	0	0	0	0	0	0	232	254	0	-2.30E-05	3.75E-06	-4.58E-06	-0.000146758
143	9	0	0	0	0	0	0	232	254	0	-2.32E-05	3.00E-06	-4.10E-06	-0.000136336
143	10	0	0	0	0	0	0	232	254	0	-2.39E-05	2.92E-06	-5.28E-06	-0.000124875
143	11	0	0	0	0	0	0	232	254	0	-2.39E-05	2.92E-06	-5.28E-06	-0.000124875
143	12	0	0	0	0	0	0	232	254	0	-2.20E-05	1.99E-06	-7.89E-06	-0.000115958
143	13	0	0	0	0	0	0	232	254	0	-2.20E-05	1.99E-06	-7.89E-06	-0.000115958
143	14	0	0	0	0	0	0	232	254	0	-2.03E-05	2.55E-06	-1.21E-05	-0.000109608
143	15	0	0	0	0	0	0	232	254	0	-2.03E-05	2.55E-06	-1.21E-05	-0.000109608
143	16	0	0	0	0	0	0	232	254	0	-2.27E-05	5.09E-06	-1.60E-05	-0.000102238
143	17	0	0	0	0	0	0	232	254	0	-2.27E-05	5.09E-06	-1.60E-05	-0.000102238
143	18	0	0	0	0	0	0	232	254	0	-2.43E-05	5.81E-06	-1.77E-05	-9.04E-05
143	19	0	0	0	0	0	0	232	254	0	-2.31E-05	6.17E-06	-1.89E-05	-7.39E-05
144	0	0	0	0	0	0	0	232	254	0	-2.31E-05	6.17E-06	-1.89E-05	-7.39E-05
144	1	0	0	0	0	0	0	232	254	0	-2.19E-05	6.03E-06	-2.14E-05	-6.80E-05
144	2	0	0	0	0	0	0	232	254	0	-2.19E-05	6.03E-06	-2.14E-05	-6.80E-05
144	3	0	0	0	0	0	0	232	254	0	-1.95E-05	4.38E-06	-2.38E-05	-6.59E-05
144	4	0	0	0	0	0	0	232	254	0	-1.95E-05	4.38E-06	-2.38E-05	-6.59E-05
144	5	0	0	0	0	0	0	232	254	0	-1.21E-05	3.12E-06	-2.53E-05	-6.05E-05
144	6	0	0	0	0	0	0	232	254	0	-1.21E-05	3.12E-06	-2.53E-05	-6.05E-05
144	7	0	0	0	0	0	0	232	254	0	-6.70E-06	1.93E-06	-2.41E-05	-5.85E-05
144	8	0	0	0	0	0	0	232	254	0	-7.61E-06	3.47E-06	-1.92E-05	-5.65E-05
144	9	0	0	0	0	0	0	232	254	0	-7.61E-06	3.47E-06	-1.92E-05	-5.65E-05
144	10	0	0	0	0	0	0	232	254	0	-1.10E-05	5.97E-06	-1.33E-05	-5.51E-05
144	11	0	0	0	0	0	0	232	254	0	-1.10E-05	5.97E-06	-1.33E-05	-5.51E-05
144	12	0	0	0	0	0	0	232	254	0	-1.89E-05	6.60E-06	-1.11E-05	-5.72E-05
144	13	0	0	0	0	0	0	232	254	0	-1.89E-05	6.60E-06	-1.11E-05	-5.72E-05
144	14	0	0	0	0	0	0	232	254	0	-2.74E-05	7.81E-06	-8.72E-06	-6.33E-05
144	15	0	0	0	0	0	0	232	254	0	-2.74E-05	7.81E-06	-8.72E-06	-6.33E-05
144	16	0	0	0	0	0	0	232	254	0	-2.61E-05	6.78E-06	-2.66E-06	-6.44E-05
144	17	0	0	0	0	0	0	232	254	0	-2.30E-05	6.16E-06	2.66E-06	-6.11E-05
144	18	0	0	0	0	0	0	232	254	0	-2.30E-05	6.16E-06	2.66E-06	-6.11E-05
144	19	0	0	0	0	0	0	232	254	0	-2.05E-05	6.90E-06	8.52E-06	-6.31E-05
145	0	0	0	0	0	0	0	232	254	0	-2.05E-05	6.90E-06	8.52E-06	-6.31E-05
145	1	0	0	0	0	0	0	232	254	0	-8.71E-06	6.18E-06	9.31E-06	-6.89E-05
145	2	0	0	0	0	0	0	232	254	0	-8.71E-06	6.18E-06	9.31E-06	-6.89E-05
145	3	0	0	0	0	0	0	232	254	0	3.34E-07	5.82E-06	3.44E-06	-7.44E-05
145	4	0	0	0	0	0	0	232	254	0	3.34E-07	5.82E-06	3.44E-06	-7.44E-05
145	5	0	0	0	0	0	0	232	254	0	-4.03E-06	6.33E-06	1.24E-06	-7.90E-05
145	6	0	0	0	0	0	0	232	254	0	-1.52E-05	7.47E-06	2.49E-06	-8.09E-05
145	7	0	0	0	0	0	0	232	254	0	-1.52E-05	7.47E-06	2.49E-06	-8.09E-05
145	8	0	0	0	0	0	0	232	254	0	-2.71E-05	6.51E-06	-8.50E-08	-8.02E-05
145	9	0	0	0	0	0	0	232	254	0	-2.71E-05	6.51E-06	-8.50E-08	-8.02E-05
145	10	0	0	0	0	0	0	232	254	0	-3.49E-05	4.49E-06	-4.96E-06	-8.00E-05
145	11	0	0	0	0	0	0	232	254	0	-3.49E-05	4.49E-06	-4.96E-06	-8.00E-05
145	12	0	0	0	0	0	0	232	254	0	-3.61E-05	3.86E-06	-1.01E-05	-7.82E-05
145	13	0	0	0	0	0	0	232	254	0	-3.61E-05	3.86E-06	-1.01E-05	-7.82E-05
145	14	0	0	0	0	0	0	232	254	0	-3.67E-05	3.75E-06	-1.39E-05	-7.46E-05
145	15	0	0	0	0	0	0	232	254	0	-3.80E-05	3.58E-06	-1.63E-05	-6.58E-05
145	16	0	0	0	0	0	0	232	254	0	-3.80E-05	3.58E-06	-1.63E-05	-6.58E-05
145	17	0	0	0	0	0	0	232	254	0	-4.06E-05	2.83E-06	-1.87E-05	-5.65E-05
145	18	0	0	0	0	0	0	232	254	0	-4.06E-05	2.83E-06	-1.87E-05	-5.65E-05
145	19	0	0	0	0	0	0	232	254	0	-4.17E-05	1.60E-06	-2.06E-05	-4.89E-05
146	0	0	0	0	0	0	0	232	254	0	-4.17E-05	1.60E-06	-2.06E-05	-4.89E-05
146	1	0	0	0	0	0	0	232	254	0	-3.54E-05	1.17E-06	-2.40E-05	-3.96E-05
146	2	0	0	0	0	0	0	232	254	0	-3.54E-05	1.17E-06	-2.40E-05	-3.96E-05
146	3	0	0	0	0	0	0	232	254	0	-2.50E-05	3.36E-06	-2.81E-05	-2.45E-05
146	4	0	0	0	0	0	0	232	254	0	-2.00E-05	5.17E-06	-2.80E-05	-6.08E-06
146	5	0	0	0	0	0	0	232	254	0	-2.00E-05	5.17E-06	-2.80E-05	-6.08E-06
146	6	0	0	0	0	0	0	232	254	0	-1.91E-05	4.39E-06	-2.32E-05	1.57E-05
146	7	0	0	0	0	0	0	232	254	0	-1.91E-05	4.39E-06	-2.32E-05	1.57E-05
146	8	0	0	0	0	0	0	232	254	0	-2.03E-05	4.67E-06	-1.88E-05	3.93E-05
146	9	0	0	0	0	0	0	232	254	0	-2.03E-05	4.67E-06	-1.88E-05	3.93E-05
146	10	0	0	0	0	0	0	232	254	0	-2.31E-05	4.23E-06	-1.52E-05	5.75E-05
146	11	0	0	0	0	0	0	232	254	0	-2.31E-05	4.23E-06	-1.52E-05	5.75E-05
146	12	0	0	0	0	0	0	232	254	0	-2.66E-05	2.83E-06	-1.19E-05	7.48E-05
146	13	0	0	0	0	0	0	232	254	0	-2.82E-05	4.08E-06	-8.61E-06	9.88E-05
146	14	0	0	0	0	0	0	232	254	0	-2.82E-05	4.08E-06	-8.61E-06	9.88E-05
146	15	0	0	0	0	0	0	232	254	0	-2.54E-05	4.98E-06	-3.07E-06	0.000117841
146	16	0	0	0	0	0	0	232	254	0	-2.54E-05	4.98E-06	-3.07E-06	0.000117841
146	17	0	0	0	0	0	0	232	254	0	-2.24E-05	5.96E-06	2.58E-07	0.000134088
146	18	0	0	0	0	0	0	232	254	0	-2.24E-05	5.96E-06	2.58E-07	0.000134088
146	19	0	0	0	0	0	0	232	254	0	-1.99E-05	5.57E-06	2.45E-06	0.000151165
147	0	0	0	0	0	0	0	232	254	0	-1.99E-05	5.57E-06	2.45E-06	0.000151165
147	1	0	0	0	0	0	0	232	254	0	-1.86E-05	5.43E-06	6.76E-06	0.000165808
147	2	0	0	0	0	0	0	232	254	0	-1.89E-05	7.03E-06	9.43E-06	0.000178431
147	3	0	0	0	0	0	0	232	254	0	-1.89E-05	7.03E-06	9.43E-06	0.000178431
147	4	0	0	0	0	0	0	232	254	0	-1.90E-05	7.38E-06	1.28E-05	0.000185621
147	5	0	0	0	0	0	0	232	254	0	-1.90E-05	7.38E-06	1.28E-05	0.000185621
147	6	0	0	0	0	0	0	232	254	0	-1.72E-05	6.76E-06	1.61E-05	0.000188993
147	7	0	0	0	0	0	0	232	254	0	-1.72E-05	6.76E-06	1.61E-05	0.000188993
147	8	0	0	0	0	0	0	232	254	0	-1.50E-05	6.89E-06	1.58E-05	0.000185235
147	9	0	0	0	0	0	0	232	254	0	-1.50E-05	6.89E-06	1.58E-05	0.000185235
147	10	0	0	0	0	0	0	232	254	0	-1.56E-05	7.16E-06	9.98E-06	0.000172423
147	11	0	0	0	0	0	0	232	254	0	-1.72E-05	6.53E-06	8.80E-07	0.000155202
147	12	0	0	0	0	0	0	232	254	0	-1.72E-05	6.53E-06	8.80E-07	0.000155202
147	13	0	0	0	0	0	0	232	254	0	-1.99E-05	7.02E-06	-5.63E-06	0.000137702
147	14	0	0	0	0	0	0	232	254	0	-1.99E-05	7.02E-06	-5.63E-06	0.000137702
147	15	0	0	0	0	0	0	232	254	0	-2.10E-05	7.73E-06	-1.11E-05	0.000126397
147	16	0	0	0	0	0	0	232	254	0	-2.10E-05	7.73E-06	-1.11E-05	0.000126397
147	17	0	0	0	0	0	0	232	254	0	-2.01E-05	8.46E-06	-1.40E-05	0.000116571
147	18	0	0	0	0	0	0	232	254	0	-2.01E-05	8.46E-06	-1.40E-05	0.000116571
147	19	0	0	0	0	0	0	232	254	0	-2.02E-05	8.61E-06	-1.64E-05	0.000105014
148	0	0	0	0	0	0	0	232	254	0	-2.15E-05	7.64E-06	-1.91E-05	8.65E-05
148	1	0	0	0	0	0	0	232	254	0	-2.15E-05	7.64E-06	-1.91E-05	8.65E-05
148	2	0	0	0	0	0	0	232	254	0	-2.18E-05	8.14E-06	-1.96E-05	6.36E-05
148	3	0	0	0	0	0	0	232	254	0	-2.18E-05	8.14E-06	-1.96E-05	6.36E-05
148	4	0	0	0	0	0	0	232	254	0	-2.02E-05	8.10E-06	-1.84E-05	4.75E-05
148	5	0	0	0	0	0	0	232	254	0	-2.02E-05	8.10E-06	-1.84E-05	4.75E-05
148	6	0	0	0	0	0	0	232	254	0	-1.88E-05	8.12E-06	-1.80E-05	3.17E-05
148	7	0	0	0	0	0	0	232	254	0	-1.88E-05	8.12E-06	-1.80E-05	3.17E-05
148	8	0	0	0	0	0	0	232	254	0	-1.83E-05	8.45E-06	-1.66E-05	2.08E-05
148	9	0	0	0	0	0	0	232	254	0	-1.70E-05	6.14E-06	-1.46E-05	1.38E-05
148	10	0	0	0	0	0	0	232	254	0	-1.70E-05	6.14E-06	-1.46E-05	1.38E-05
148	11	0	0	0	0	0	0	232	254	0	-1.50E-05	3.65E-06	-1.23E-05	3.35E-06
148	12	0	0	0	0	0	0	232	254	0	-1.50E-05	3.65E-06	-1.23E-05	3.35E-06
148	13	0	0	0	0	0	0	232	254	0	-1.39E-05	2.45E-06	-1.07E-05	-8.79E-06
148	14	0	0	0	0	0	0	232	254	0	-1.39E-05	2.45E-06	-1.07E-05	-8.79E-06
148	15	0	0	0	0	0	0	232	254	0	-1.46E-05	2.41E-06	-8.97E-06	-1.70E-05
148	16	0	0	0	0	0	0	232	254	0	-1.46E-05	2.41E-06	-8.97E-06	-1.70E-05
148	17	0	0	0	0	0	0	232	254	0	-1.57E-05	1.37E-06	-8.05E-06	-1.55E-05
148	18	0	0	0	0	0	0	232	254	0	-1.48E-05	1.07E-06	-8.35E-06	-9.21E-06
148	19	0	0	0	0	0	0	232	254	0	-1.48E-05	1.07E-06	-8.35E-06	-9.21E-06
149	0	0	0	0	0	0	0	232	254	0	-1.45E-05	2.10E-06	-1.11E-05	-1.12E-05
149	1	0	0	0	0	0	0	232	254	0	-1.45E-05	2.10E-06	-1.11E-05	-1.12E-05
149	2	0	0	0	0	0	0	232	254	0	-1.53E-05	1.48E-06	-1.69E-05	-2.38E-05
149	3	0	0	0	0	0	0	232	254	0	-1.53E-05	1.48E-06	-1.69E-05	-2.38E-05
149	4	0	0	0	0	0	0	232	254	0	-1.70E-05	1.47E-06	-2.00E-05	-2.48E-05
149	5	0	0	0	0	0	0	232	254	0	-1.70E-05	1.47E-06	-2.00E-05	-2.48E-05
149	6	0	0	0	0	0	0	232	254	0	-1.85E-05	2.71E-06	-1.89E-05	-1.61E-05
149	7	0	0	0	0	0	0	232	254	0	-1.90E-05	4.69E-06	-1.82E-05	-1.57E-05
149	8	0	0	0	0	0	0	232	254	0	-1.90E-05	4.69E-06	-1.82E-05	-1.57E-05
149	9	0	0	0	0	0	0	232	254	0	-1.83E-05	6.98E-06	-1.62E-05	-2.12E-05
149	10	0	0	0	0	0	0	232	254	0	-1.83E-05	6.98E-06	-1.62E-05	-2.12E-05
149	11	0	0	0	0	0	0	232	254	0	-1.68E-05	7.61E-06	-1.24E-05	-2.90E-05
149	12	0	0	0	0	0	0	232	254	0	-1.68E-05	7.61E-06	-1.24E-05	-2.90E-05
149	13	0	0	0	0	0	0	232	254	0	-1.23E-05	5.83E-06	-5.55E-06	-2.55E-05
149	14	0	0	0	0	0	0	232	254	0	-1.23E-05	5.83E-06	-5.55E-06	-2.55E-05
149	15	0	0	0	0	0	0	232	254	0	-8.68E-06	2.85E-06	-6.04E-07	-1.05E-05
149	16	0	0	0	0	0	0	232	254	0	-1.19E-05	1.16E-06	-8.78E-07	4.22E-06
149	17	0	0	0	0	0	0	232	254	0	-1.19E-05	1.16E-06	-8.78E-07	4.22E-06
149	18	0	0	0	0	0	0	232	254	0	-1.94E-05	-8.15E-08	-5.90E-07	1.56E-05
149	19	0	0	0	0	0	0	232	254	0	-1.94E-05	-8.15E-08	-5.90E-07	1.56E-05
150	0	0	0	0	0	0	0	232	254	0	-2.58E-05	-2.73E-07	7.53E-07	2.20E-05
150	1	0	0	0	0	0	0	232	254	0	-2.58E-05	-2.73E-07	7.53E-07	2.20E-05
150	2	0	0	0	0	0	0	232	254	0	-2.78E-05	2.59E-06	-2.51E-06	2.86E-05
150	3	0	0	0	0	0	0	232	254	0	-2.78E-05	2.59E-06	-2.51E-06	2.86E-05
150	4	0	0	0	0	0	0	232	254	0	-2.64E-05	4.09E-06	-8.22E-06	3.36E-05
150	5	0	0	0	0	0	0	232	254	0	-2.48E-05	3.28E-06	-1.24E-05	3.11E-05
150	6	0	0	0	0	0	0	232	254	0	-2.48E-05	3.28E-06	-1.24E-05	3.11E-05
150	7	0	0	0	0	0	0	232	254	0	-2.30E-05	4.00E-06	-1.50E-05	2.82E-05
150	8	0	0	0	0	0	0	232	254	0	-2.30E-05	4.00E-06	-1.50E-05	2.82E-05
150	9	0	0	0	0	0	0	232	254	0	-2.26E-05	4.99E-06	-1.42E-05	2.77E-05
150	10	0	0	0	0	0	0	232	254	0	-2.26E-05	4.99E-06	-1.42E-05	2.77E-05
150	11	0	0	0	0	0	0	232	254	0	-2.29E-05	6.58E-06	-8.02E-06	2.79E-05
150	12	0	0	0	0	0	0	232	254	0	-2.29E-05	6.58E-06	-8.02E-06	2.79E-05
150	13	0	0	0	0	0	0	232	254	0	-2.27E-05	8.83E-06	-7.73E-06	2.23E-05
150	14	0	0	0	0	0	0	232	254	0	-2.15E-05	9.57E-06	-1.22E-05	8.82E-06
150	15	0	0	0	0	0	0	232	254	0	-2.15E-05	9.57E-06	-1.22E-05	8.82E-06
150	16	0	0	0	0	0	0	232	254	0	-1.91E-05	7.50E-06	-1.10E-05	1.78E-07
150	17	0	0	0	0	0	0	232	254	0	-1.91E-05	7.50E-06	-1.10E-05	1.78E-07
150	18	0	0	0	0	0	0	232	254	0	-1.78E-05	5.05E-06	-8.24E-06	-1.97E-06
150	19	0	0	0	0	0	0	232	254	0	-1.78E-05	5.05E-06	-8.24E-06	-1.97E-06
151	0	0	0	0	0	0	0	232	254	0	-1.91E-05	3.79E-06	-8.01E-06	-2.18E-06
151	1	0	0	0	0	0	0	232	254	0	-1.91E-05	3.79E-06	-8.01E-06	-2.18E-06
151	2	0	0	0	0	0	0	232	254	0	-2.11E-05	3.76E-06	-4.77E-06	-4.71E-06
151	3	0	0	0	0	0	0	232	254	0	-2.25E-05	4.32E-06	1.88E-06	-4.26E-06
151	4	0	0	0	0	0	0	232	254	0	-2.25E-05	4.32E-06	1.88E-06	-4.26E-06
151	5	0	0	0	0	0	0	232	254	0	-2.25E-05	4.07E-06	7.76E-06	-4.91E-06
151	6	0	0	0	0	0	0	232	254	0	-2.25E-05	4.07E-06	7.76E-06	-4.91E-06
151	7	0	0	0	0	0	0	232	254	0	-2.22E-05	2.94E-06	7.67E-06	-8.53E-06
151	8	0	0	0	0	0	0	232	254	0	-2.22E-05	2.94E-06	7.67E-06	-8.53E-06
151	9	0	0	0	0	0	0	232	254	0	-2.20E-05	1.94E-06	4.36E-07	-1.80E-05
151	10	0	0	0	0	0	0	232	254	0	-2.20E-05	1.94E-06	4.36E-07	-1.80E-05
151	11	0	0	0	0	0	0	232	254	0	-2.21E-05	4.12E-07	-5.05E-06	-3.68E-05
151	12	0	0	0	0	0	0	232	254	0	-2.00E-05	5.23E-07	-1.04E-05	-5.73E-05
151	13	0	0	0	0	0	0	232	254	0	-2.00E-05	5.23E-07	-1.04E-05	-5.73E-05
151	14	0	0	0	0	0	0	232	254	0	-1.53E-05	3.14E-06	-1.59E-05	-7.99E-05
151	15	0	0	0	0	0	0	232	254	0	-1.53E-05	3.14E-06	-1.59E-05	-7.99E-05
151	16	0	0	0	0	0	0	232	254	0	-1.50E-05	4.77E-06	-1.33E-05	-9.79E-05
151	17	0	0	0	0	0	0	232	254	0	-1.50E-05	4.77E-06	-1.33E-05	-9.79E-05
151	18	0	0	0	0	0	0	232	254	0	-2.00E-05	5.04E-06	-5.84E-06	-0.000102954
151	19	0	0	0	0	0	0	232	254	0	-2.00E-05	5.04E-06	-5.84E-06	-0.000102954
152	0	0	0	0	0	0	0	232	254	0	-2.41E-05	4.23E-06	-4.28E-06	-0.000108239
152	1	0	0	0	0	0	0	232	254	0	-2.59E-05	3.05E-06	-6.08E-06	-0.000109692
152	2	0	0	0	0	0	0	232	254	0	-2.59E-05	3.05E-06	-6.08E-06	-0.000109692
152	3	0	0	0	0	0	0	232	254	0	-2.42E-05	2.57E-06	-9.13E-06	-0.000106738
152	4	0	0	0	0	0	0	232	254	0	-2.42E-05	2.57E-06	-9.13E-06	-0.000106738
152	5	0	0	0	0	0	0	232	254	0	-2.26E-05	2.52E-06	-1.39E-05	-0.000100628
152	6	0	0	0	0	0	0	232	254	0	-2.26E-05	2.52E-06	-1.39E-05	-0.000100628
152	7	0	0	0	0	0	0	232	254	0	-2.35E-05	2.52E-06	-2.04E-05	-9.32E-05
152	8	0	0	0	0	0	0	232	254	0	-2.35E-05	2.52E-06	-2.04E-05	-9.32E-05
152	9	0	0	0	0	0	0	232	254	0	-2.61E-05	2.15E-07	-2.27E-05	-8.62E-05
152	10	0	0	0	0	0	0	232	254	0	-2.63E-05	-1.49E-07	-1.96E-05	-7.86E-05
152	11	0	0	0	0	0	0	232	254	0	-2.63E-05	-1.49E-07	-1.96E-05	-7.86E-05
152	12	0	0	0	0	0	0	232	254	0	-2.46E-05	-6.24E-08	-1.55E-05	-7.44E-05
152	13	0	0	0	0	0	0	232	254	0	-2.46E-05	-6.24E-08	-1.55E-05	-7.44E-05
152	14	0	0	0	0	0	0	232	254	0	-2.19E-05	6.24E-08	-9.89E-06	-7.12E-05
152	15	0	0	0	0	0	0	232	254	0	-2.19E-05	6.24E-08	-9.89E-06	-7.12E-05
152	16	0	0	0	0	0	0	232	254	0	-2.19E-05	6.28E-07	-4.67E-06	-6.58E-05
152	17	0	0	0	0	0	0	232	254	0	-2.19E-05	6.28E-07	-4.67E-06	-6.58E-05
152	18	0	0	0	0	0	0	232	254	0	-2.28E-05	1.65E-06	-2.04E-06	-6.37E-05
152	19	0	0	0	0	0	0	232	254	0	-2.28E-05	2.13E-06	7.92E-07	-6.80E-05
153	0	0	0	0	0	0	0	232	254	0	-2.28E-05	2.13E-06	7.92E-07	-6.80E-05
153	1	0	0	0	0	0	0	232	254	0	-2.36E-05	1.26E-06	3.50E-07	-7.55E-05
153	2	0	0	0	0	0	0	232	254	0	-2.36E-05	1.26E-06	3.50E-07	-7.55E-05
153	3	0	0	0	0	0	0	232	254	0	-2.58E-05	1.88E-06	-3.90E-06	-8.01E-05
153	4	0	0	0	0	0	0	232	254	0	-2.58E-05	1.88E-06	-3.90E-06	-8.01E-05
153	5	0	0	0	0	0	0	232	254	0	-2.61E-05	4.08E-06	-1.06E-05	-8.39E-05
153	6	0	0	0	0	0	0	232	254	0	-2.61E-05	4.08E-06	-1.06E-05	-8.39E-05
153	7	0	0	0	0	0	0	232	254	0	-2.49E-05	5.56E-06	-1.75E-05	-8.65E-05
153	8	0	0	0	0	0	0	232	254	0	-2.49E-05	5.99E-06	-1.93E-05	-8.07E-05
153	9	0	0	0	0	0	0	232	254	0	-2.49E-05	5.99E-06	-1.93E-05	-8.07E-05
153	10	0	0	0	0	0	0	232	254	0	-2.80E-05	6.62E-06	-1.49E-05	-6.95E-05
153	11	0	0	0	0	0	0	232	254	0	-2.80E-05	6.62E-06	-1.49E-05	-6.95E-05
153	12	0	0	0	0	0	0	232	254	0	-3.03E-05	8.95E-06	-9.70E-06	-6.13E-05
153	13	0	0	0	0	0	0	232	254	0	-3.03E-05	8.95E-06	-9.70E-06	-6.13E-05
153	14	0	0	0	0	0	0	232	254	0	-2.97E-05	1.01E-05	-9.15E-06	-5.15E-05
153	15	0	0	0	0	0	0	232	254	0	-2.97E-05	1.01E-05	-9.15E-06	-5.15E-05
153	16	0	0	0	0	0	0	232	254	0	-2.49E-05	8.97E-06	-1.19E-05	-5.11E-05
153	17	0	0	0	0	0	0	232	254	0	-2.12E-05	7.59E-06	-1.17E-05	-5.60E-05
153	18	0	0	0	0	0	0	232	254	0	-2.12E-05	7.59E-06	-1.17E-05	-5.60E-05
153	19	0	0	0	0	0	0	232	254	0	-1.94E-05	7.56E-06	-4.98E-06	-5.23E-05
154	0	0	0	0	0	0	0	232	254	0	-1.94E-05	7.56E-06	-4.98E-06	-5.23E-05
154	1	0	0	0	0	0	0	232	254	0	-1.71E-05	7.84E-06	9.26E-07	-4.32E-05
154	2	0	0	0	0	0	0	232	254	0	-1.71E-05	7.84E-06	9.26E-07	-4.32E-05
154	3	0	0	0	0	0	0	232	254	0	-1.59E-05	6.51E-06	2.23E-06	-3.07E-05
154	4	0	0	0	0	0	0	232	254	0	-1.59E-05	6.51E-06	2.23E-06	-3.07E-05
154	5	0	0	0	0	0	0	232	254	0	-1.53E-05	5.41E-06	1.15E-06	-1.74E-05
154	6	0	0	0	0	0	0	232	254	0	-1.59E-05	6.82E-06	-3.70E-06	-1.61E-05
154	7	0	0	0	0	0	0	232	254	0	-1.59E-05	6.82E-06	-3.70E-06	-1.61E-05
154	8	0	0	0	0	0	0	232	254	0	-1.74E-05	8.24E-06	-1.09E-05	-2.40E-05
154	9	0	0	0	0	0	0	232	254	0	-1.74E-05	8.24E-06	-1.09E-05	-2.40E-05
154	10	0	0	0	0	0	0	232	254	0	-1.70E-05	6.49E-06	-1.23E-05	-3.02E-05
154	11	0	0	0	0	0	0	232	254	0	-1.70E-05	6.49E-06	-1.23E-05	-3.02E-05
154	12	0	0	0	0	0	0	232	254	0	-1.60E-05	4.85E-06	-1.01E-05	-3.29E-05
154	13	0	0	0	0	0	0	232	254	0	-1.60E-05	4.85E-06	-1.01E-05	-3.29E-05
154	14	0	0	0	0	0	0	232	254	0	-1.61E-05	5.22E-06	-1.25E-05	-3.57E-05
154	15	0	0	0	0	0	0	232	254	0	-1.67E-05	6.46E-06	-1.46E-05	-3.98E-05
154	16	0	0	0	0	0	0	232	254	0	-1.67E-05	6.46E-06	-1.46E-05	-3.98E-05
154	17	0	0	0	0	0	0	232	254	0	-1.70E-05	5.73E-06	-1.49E-05	-4.32E-05
154	18	0	0	0	0	0	0	232	254	0	-1.70E-05	5.73E-06	-1.49E-05	-4.32E-05
154	19	0	0	0	0	0	0	232	254	0	-1.58E-05	4.74E-06	-1.40E-05	-4.23E-05
155	0	0	0	0	0	0	0	232	254	0	-1.58E-05	4.74E-06	-1.40E-05	-4.23E-05
155	1	0	0	0	0	0	0	232	254	0	-1.73E-05	3.61E-06	-9.22E-06	-4.27E-05
155	2	0	0	0	0	0	0	232	254	0	-1.73E-05	3.61E-06	-9.22E-06	-4.27E-05
155	3	0	0	0	0	0	0	232	254	0	-1.90E-05	2.04E-06	-7.91E-06	-3.99E-05
155	4	0	0	0	0	0	0	232	254	0	-1.86E-05	1.28E-06	-1.14E-05	-2.42E-05
155	5	0	0	0	0	0	0	232	254	0	-1.86E-05	1.28E-06	-1.14E-05	-2.42E-05
155	6	0	0	0	0	0	0	232	254	0	-1.97E-05	1.29E-06	-1.53E-05	-3.40E-06
155	7	0	0	0	0	0	0	232	254	0	-1.97E-05	1.29E-06	-1.53E-05	-3.40E-06
155	8	0	0	0	0	0	0	232	254	0	-1.96E-05	2.72E-06	-1.68E-05	4.57E-06
155	9	0	0	0	0	0	0	232	254	0	-1.96E-05	2.72E-06	-1.68E-05	4.57E-06
155	10	0	0	0	0	0	0	232	254	0	-1.95E-05	1.86E-06	-1.76E-05	4.63E-06
155	11	0	0	0	0	0	0	232	254	0	-1.95E-05	1.86E-06	-1.76E-05	4.63E-06
155	12	0	0	0	0	0	0	232	254	0	-1.92E-05	7.14E-07	-1.97E-05	8.74E-06
155	13	0	0	0	0	0	0	232	254	0	-1.95E-05	1.65E-06	-1.83E-05	1.80E-05
155	14	0	0	0	0	0	0	232	254	0	-1.95E-05	1.65E-06	-1.83E-05	1.80E-05
155	15	0	0	0	0	0	0	232	254	0	-2.05E-05	4.02E-06	-1.48E-05	2.27E-05
155	16	0	0	0	0	0	0	232	254	0	-2.05E-05	4.02E-06	-1.48E-05	2.27E-05
155	17	0	0	0	0	0	0	232	254	0	-2.12E-05	5.10E-06	-1.31E-05	2.52E-05
155	18	0	0	0	0	0	0	232	254	0	-2.12E-05	5.10E-06	-1.31E-05	2.52E-05
155	19	0	0	0	0	0	0	232	254	0	-2.36E-05	5.89E-06	-1.15E-05	2.73E-05
156	0	0	0	0	0	0	0	232	254	0	-2.36E-05	5.89E-06	-1.15E-05	2.73E-05
156	1	0	0	0	0	0	0	232	254	0	-2.56E-05	5.98E-06	-5.38E-06	2.92E-05
156	2	0	0	0	0	0	0	232	254	0	-2.50E-05	4.72E-06	-2.39E-06	3.44E-05
156	3	0	0	0	0	0	0	232	254	0	-2.50E-05	4.72E-06	-2.39E-06	3.44E-05
156	4	0	0	0	0	0	0	232	254	0	-2.39E-05	3.28E-06	-2.41E-06	3.85E-05
156	5	0	0	0	0	0	0	232	254	0	-2.39E-05	3.28E-06	-2.41E-06	3.85E-05
156	6	0	0	0	0	0	0	232	254	0	-2.32E-05	4.12E-06	-3.55E-06	4.09E-05
156	7	0	0	0	0	0	0	232	254	0	-2.32E-05	4.12E-06	-3.55E-06	4.09E-05
156	8	0	0	0	0	0	0	232	254	0	-2.21E-05	6.66E-06	-6.10E-06	4.15E-05
156	9	0	0	0	0	0	0	232	254	0	-2.21E-05	6.66E-06	-6.10E-06	4.15E-05
156	10	0	0	0	0	0	0	232	254	0	-2.06E-05	6.29E-06	-3.25E-06	4.15E-05
156	11	0	0	0	0	0	0	232	254	0	-2.06E-05	5.25E-06	7.92E-07	4.63E-05
156	12	0	0	0	0	0	0	232	254	0	-2.06E-05	5.25E-06	7.92E-07	4.63E-05
156	13	0	0	0	0	0	0	232	254	0	-2.16E-05	4.92E-06	-1.61E-06	5.45E-05
156	14	0	0	0	0	0	0	232	254	0	-2.16E-05	4.92E-06	-1.61E-06	5.45E-05
156	15	0	0	0	0	0	0	232	254	0	-2.21E-05	3.95E-06	-5.72E-06	5.52E-05
156	16	0	0	0	0	0	0	232	254	0	-2.21E-05	3.95E-06	-5.72E-06	5.52E-05
156	17	0	0	0	0	0	0	232	254	0	-2.30E-05	5.60E-06	-8.72E-06	4.36E-05
156	18	0	0	0	0	0	0	232	254	0	-2.30E-05	5.60E-06	-8.72E-06	4.36E-05
156	19	0	0	0	0	0	0	232	254	0	-2.24E-05	7.01E-06	-1.07E-05	2.91E-05
157	0	0	0	0	0	0	0	232	254	0	-2.13E-05	6.76E-06	-1.12E-05	1.90E-05
157	1	0	0	0	0	0	0	232	254	0	-2.13E-05	6.76E-06	-1.12E-05	1.90E-05
157	2	0	0	0	0	0	0	232	254	0	-2.14E-05	5.62E-06	-1.06E-05	1.70E-05
157	3	0	0	0	0	0	0	232	254	0	-2.14E-05	5.62E-06	-1.06E-05	1.70E-05
157	4	0	0	0	0	0	0	232	254	0	-2.17E-05	6.35E-06	-1.15E-05	1.65E-05
157	5	0	0	0	0	0	0	232	254	0	-2.17E-05	6.35E-06	-1.15E-05	1.65E-05
157	6	0	0	0	0	0	0	232	254	0	-2.13E-05	5.50E-06	-1.61E-05	1.82E-05
157	7	0	0	0	0	0	0	232	254	0	-2.13E-05	5.50E-06	-1.61E-05	1.82E-05
157	8	0	0	0	0	0	0	232	254	0	-2.17E-05	4.64E-06	-1.89E-05	2.22E-05
157	9	0	0	0	0	0	0	232	254	0	-2.27E-05	6.14E-06	-1.88E-05	2.23E-05
157	10	0	0	0	0	0	0	232	254	0	-2.27E-05	6.14E-06	-1.88E-05	2.23E-05
157	11	0	0	0	0	0	0	232	254	0	-2.12E-05	6.65E-06	-1.61E-05	2.13E-05
157	12	0	0	0	0	0	0	232	254	0	-2.12E-05	6.65E-06	-1.61E-05	2.13E-05
157	13	0	0	0	0	0	0	232	254	0	-2.13E-05	5.62E-06	-1.13E-05	1.99E-05
157	14	0	0	0	0	0	0	232	254	0	-2.13E-05	5.62E-06	-1.13E-05	1.99E-05
157	15	0	0	0	0	0	0	232	254	0	-2.22E-05	7.28E-06	-3.12E-06	2.14E-05
157	16	0	0	0	0	0	0	232	254	0	-2.22E-05	7.28E-06	-3.12E-06	2.14E-05
157	17	0	0	0	0	0	0	232	254	0	-2.21E-05	7.30E-06	2.93E-07	2.49E-05
157	18	0	0	0	0	0	0	232	254	0	-2.15E-05	5.04E-06	-6.29E-06	2.53E-05
157	19	0	0	0	0	0	0	232	254	0	-2.15E-05	5.04E-06	-6.29E-06	2.53E-05
158	0	0	0	0	0	0	0	232	254	0	-2.04E-05	4.89E-06	-9.75E-06	2.20E-05
158	1	0	0	0	0	0	0	232	254	0	-2.04E-05	4.89E-06	-9.75E-06	2.20E-05
158	2	0	0	0	0	0	0	232	254	0	-1.97E-05	4.97E-06	-8.75E-06	2.34E-05
158	3	0	0	0	0	0	0	232	254	0	-1.97E-05	4.97E-06	-8.75E-06	2.34E-05
158	4	0	0	0	0	0	0	232	254	0	-1.92E-05	3.14E-06	-1.08E-05	2.23E-05
158	5	0	0	0	0	0	0	232	254	0	-1.92E-05	3.14E-06	-1.08E-05	2.23E-05
158	6	0	0	0	0	0	0	232	254	0	-1.80E-05	2.70E-06	-1.25E-05	1.41E-05
158	7	0	0	0	0	0	0	232	254	0	-1.85E-05	2.16E-06	-1.17E-05	6.76E-06
158	8	0	0	0	0	0	0	232	254	0	-1.85E-05	2.16E-06	-1.17E-05	6.76E-06
158	9	0	0	0	0	0	0	232	254	0	-1.85E-05	6.95E-07	-9.17E-06	-4.57E-06
158	10	0	0	0	0	0	0	232	254	0	-1.85E-05	6.95E-07	-9.17E-06	-4.57E-06
158	11	0	0	0	0	0	0	232	254	0	-1.69E-05	1.78E-06	-6.61E-06	-1.44E-05
158	12	0	0	0	0	0	0	232	254	0	-1.69E-05	1.78E-06	-6.61E-06	-1.44E-05
158	13	0	0	0	0	0	0	232	254	0	-1.62E-05	1.94E-06	-7.72E-06	-1.22E-05
158	14	0	0	0	0	0	0	232	254	0	-1.62E-05	1.94E-06	-7.72E-06	-1.22E-05
158	15	0	0	0	0	0	0	232	254	0	-1.76E-05	2.48E-06	-6.95E-06	-1.02E-05
158	16	0	0	0	0	0	0	232	254	0	-1.94E-05	2.51E-06	-3.10E-06	-2.52E-06
158	17	0	0	0	0	0	0	232	254	0	-1.94E-05	2.51E-06	-3.10E-06	-2.52E-06
158	18	0	0	0	0	0	0	232	254	0	-2.14E-05	2.35E-06	-2.48E-06	1.26E-05
158	19	0	0	0	0	0	0	232	254	0	-2.14E-05	2.35E-06	-2.48E-06	1.26E-05
159	0	0	0	0	0	0	0	232	254	0	-2.21E-05	3.39E-06	-4.70E-06	2.23E-05
159	1	0	0	0	0	0	0	232	254	0	-2.21E-05	3.39E-06	-4.70E-06	2.23E-05
159	2	0	0	0	0	0	0	232	254	0	-2.10E-05	5.70E-06	-4.96E-06	3.29E-05
159	3	0	0	0	0	0	0	232	254	0	-2.10E-05	5.70E-06	-4.96E-06	3.29E-05
159	4	0	0	0	0	0	0	232	254	0	-1.97E-05	7.81E-06	-5.05E-06	3.48E-05
159	5	0	0	0	0	0	0	232	254	0	-1.92E-05	8.05E-06	-9.58E-06	2.78E-05
159	6	0	0	0	0	0	0	232	254	0	-1.92E-05	8.05E-06	-9.58E-06	2.78E-05
159	7	0	0	0	0	0	0	232	254	0	-2.03E-05	8.35E-06	-1.60E-05	2.25E-05
159	8	0	0	0	0	0	0	232	254	0	-2.03E-05	8.35E-06	-1.60E-05	2.25E-05
159	9	0	0	0	0	0	0	232	254	0	-2.23E-05	7.06E-06	-1.73E-05	1.14E-05
159	10	0	0	0	0	0	0	232	254	0	-2.23E-05	7.06E-06	-1.73E-05	1.14E-05
159	11	0	0	0	0	0	0	232	254	0	-2.17E-05	6.49E-06	-1.30E-05	4.69E-06
159	12	0	0	0	0	0	0	232	254	0	-2.17E-05	6.49E-06	-1.30E-05	4.69E-06
159	13	0	0	0	0	0	0	232	254	0	-2.16E-05	7.24E-06	-9.63E-06	-1.95E-06
159	14	0	0	0	0	0	0	232	254	0	-2.23E-05	5.71E-06	-6.71E-06	-7.41E-06
159	15	0	0	0	0	0	0	232	254	0	-2.23E-05	5.71E-06	-6.71E-06	-7.41E-06
159	16	0	0	0	0	0	0	232	254	0	-2.13E-05	3.72E-06	-1.02E-05	-1.77E-05
159	17	0	0	0	0	0	0	232	254	0	-2.13E-05	3.72E-06	-1.02E-05	-1.77E-05
159	18	0	0	0	0	0	0	232	254	0	-2.18E-05	2.50E-06	-1.78E-05	-3.33E-05
159	19	0	0	0	0	0	0	232	254	0	-2.18E-05	2.50E-06	-1.78E-05	-3.33E-05
160	0	0	0	0	0	0	0	232	254	0	-2.17E-05	1.49E-06	-2.04E-05	-4.54E-05
160	1	0	0	0	0	0	0	232	254	0	-2.17E-05	1.49E-06	-2.04E-05	-4.54E-05
160	2	0	0	0	0	0	0	232	254	0	-1.93E-05	2.21E-06	-1.84E-05	-5.32E-05
160	3	0	0	0	0	0	0	232	254	0	-1.83E-05	2.11E-06	-6.63E-06	-6.59E-05
160	4	0	0	0	0	0	0	232	254	0	-1.83E-05	2.11E-06	-6.63E-06	-6.59E-05
160	5	0	0	0	0	0	0	232	254	0	-1.93E-05	9.25E-07	1.32E-05	-7.94E-05
160	6	0	0	0	0	0	0	232	254	0	-1.93E-05	9.25E-07	1.32E-05	-7.94E-05
160	7	0	0	0	0	0	0	232	254	0	-2.03E-05	-1.87E-07	1.47E-05	-8.93E-05
160	8	0	0	0	0	0	0	232	254	0	-2.03E-05	-1.87E-07	1.47E-05	-8.93E-05
160	9	0	0	0	0	0	0	232	254	0	-2.22E-05	1.87E-07	5.34E-06	-8.08E-05
160	10	0	0	0	0	0	0	232	254	0	-2.22E-05	1.87E-07	5.34E-06	-8.08E-05
160	11	0	0	0	0	0	0	232	254	0	-2.46E-05	4.88E-06	2.76E-06	-5.75E-05
160	12	0	0	0	0	0	0	232	254	0	-2.42E-05	5.73E-06	-1.93E-06	-5.84E-05
160	13	0	0	0	0	0	0	232	254	0	-2.42E-05	5.73E-06	-1.93E-06	-5.84E-05
160	14	0	0	0	0	0	0	232	254	0	-2.23E-05	5.66E-06	-6.96E-06	-7.37E-05
160	15	0	0	0	0	0	0	232	254	0	-2.23E-05	5.66E-06	-6.96E-06	-7.37E-05
160	16	0	0	0	0	0	0	232	254	0	-2.07E-05	5.30E-06	-8.34E-06	-7.66E-05
160	17	0	0	0	0	0	0	232	254	0	-2.07E-05	5.30E-06	-8.34E-06	-7.66E-05
160	18	0	0	0	0	0	0	232	254	0	-2.08E-05	1.93E-06	-5.28E-06	-5.87E-05
160	19	0	0	0	0	0	0	232	254	0	-2.08E-05	1.93E-06	-5.28E-06	-5.87E-05
161	0	0	0	0	0	0	0	232	254	0	-2.01E-05	5.04E-07	-5.95E-08	-2.63E-05
161	1	0	0	0	0	0	0	232	254	0	-1.92E-05	2.73E-07	-3.04E-06	-2.08E-05
161	2	0	0	0	0	0	0	232	254	0	-1.92E-05	2.73E-07	-3.04E-06	-2.08E-05
161	3	0	0	0	0	0	0	232	254	0	-1.91E-05	8.59E-07	-8.43E-06	-5.18E-05
161	4	0	0	0	0	0	0	232	254	0	-1.91E-05	8.59E-07	-8.43E-06	-5.18E-05
161	5	0	0	0	0	0	0	232	254	0	-1.91E-05	2.79E-06	-1.22E-05	-8.41E-05
161	6	0	0	0	0	0	0	232	254	0	-1.91E-05	2.79E-06	-1.22E-05	-8.41E-05
161	7	0	0	0	0	0	0	232	254	0	-1.90E-05	3.76E-06	-1.56E-05	-0.000102088
161	8	0	0	0	0	0	0	232	254	0	-1.90E-05	3.76E-06	-1.56E-05	-0.000102088
161	9	0	0	0	0	0	0	232	254	0	-1.97E-05	3.86E-06	-1.39E-05	-9.45E-05
161	10	0	0	0	0	0	0	232	254	0	-2.11E-05	4.78E-06	-8.44E-06	-7.01E-05
161	11	0	0	0	0	0	0	232	254	0	-2.11E-05	4.78E-06	-8.44E-06	-7.01E-05
161	12	0	0	0	0	0	0	232	254	0	-2.15E-05	4.97E-06	-7.70E-06	-4.38E-05
161	13	0	0	0	0	0	0	232	254	0	-2.15E-05	4.97E-06	-7.70E-06	-4.38E-05
161	14	0	0	0	0	0	0	232	254	0	-2.02E-05	2.79E-06	-1.31E-05	-1.96E-05
161	15	0	0	0	0	0	0	232	254	0	-2.02E-05	2.79E-06	-1.31E-05	-1.96E-05
161	16	0	0	0	0	0	0	232	254	0	-1.99E-05	1.73E-06	-1.62E-05	-1.66E-06
161	17	0	0	0	0	0	0	232	254	0	-1.99E-05	1.73E-06	-1.62E-05	-1.66E-06
161	18	0	0	0	0	0	0	232	254	0	-1.94E-05	2.14E-06	-1.28E-05	-4.41E-06
161	19	0	0	0	0	0	0	232	254	0	-1.99E-05	2.93E-06	-7.74E-06	-2.02E-05
162	0	0	0	0	0	0	0	232	254	0	-1.99E-05	2.93E-06	-7.74E-06	-2.02E-05
162	1	0	0	0	0	0	0	232	254	0	-2.08E-05	3.07E-06	-8.98E-06	-2.97E-05
162	2	0	0	0	0	0	0	232	254	0	-2.08E-05	3.07E-06	-8.98E-06	-2.97E-05
162	3	0	0	0	0	0	0	232	254	0	-2.12E-05	2.45E-06	-1.17E-05	-3.51E-05
162	4	0	0	0	0	0	0	232	254	0	-2.12E-05	2.45E-06	-1.17E-05	-3.51E-05
162	5	0	0	0	0	0	0	232	254	0	-2.26E-05	2.18E-06	-1.47E-05	-3.47E-05
162	6	0	0	0	0	0	0	232	254	0	-2.26E-05	2.18E-06	-1.47E-05	-3.47E-05
162	7	0	0	0	0	0	0	232	254	0	-2.24E-05	3.10E-06	-1.80E-05	-2.34E-05
162	8	0	0	0	0	0	0	232	254	0	-2.06E-05	6.52E-06	-1.71E-05	-2.28E-05
162	9	0	0	0	0	0	0	232	254	0	-2.06E-05	6.52E-06	-1.71E-05	-2.28E-05
162	10	0	0	0	0	0	0	232	254	0	-2.00E-05	6.97E-06	-1.35E-05	-3.49E-05
162	11	0	0	0	0	0	0	232	254	0	-2.00E-05	6.97E-06	-1.35E-05	-3.49E-05
162	12	0	0	0	0	0	0	232	254	0	-2.03E-05	5.86E-06	-1.01E-05	-4.09E-05
162	13	0	0	0	0	0	0	232	254	0	-2.03E-05	5.86E-06	-1.01E-05	-4.09E-05
162	14	0	0	0	0	0	0	232	254	0	-2.17E-05	5.77E-06	-1.29E-05	-3.74E-05
162	15	0	0	0	0	0	0	232	254	0	-2.17E-05	5.77E-06	-1.29E-05	-3.74E-05
162	16	0	0	0	0	0	0	232	254	0	-2.12E-05	5.41E-06	-1.22E-05	-3.50E-05
162	17	0	0	0	0	0	0	232	254	0	-2.00E-05	6.12E-06	-2.67E-06	-4.03E-05
162	18	0	0	0	0	0	0	232	254	0	-2.00E-05	6.12E-06	-2.67E-06	-4.03E-05
162	19	0	0	0	0	0	0	232	254	0	-1.93E-05	7.35E-06	-2.86E-06	-4.35E-05
163	0	0	0	0	0	0	0	232	254	0	-1.93E-05	7.35E-06	-2.86E-06	-4.35E-05
163	1	0	0	0	0	0	0	232	254	0	-1.86E-05	7.84E-06	-8.27E-06	-3.19E-05
163	2	0	0	0	0	0	0	232	254	0	-1.86E-05	7.84E-06	-8.27E-06	-3.19E-05
163	3	0	0	0	0	0	0	232	254	0	-1.89E-05	6.51E-06	-8.75E-06	-1.55E-05
163	4	0	0	0	0	0	0	232	254	0	-1.89E-05	6.51E-06	-8.75E-06	-1.55E-05
163	5	0	0	0	0	0	0	232	254	0	-1.97E-05	5.64E-06	-6.84E-06	-5.91E-06
163	6	0	0	0	0	0	0	232	254	0	-2.00E-05	6.23E-06	-7.25E-06	-8.70E-06
163	7	0	0	0	0	0	0	232	254	0	-2.00E-05	6.23E-06	-7.25E-06	-8.70E-06
163	8	0	0	0	0	0	0	232	254	0	-2.11E-05	4.36E-06	-1.30E-05	-1.23E-05
163	9	0	0	0	0	0	0	232	254	0	-2.11E-05	4.36E-06	-1.30E-05	-1.23E-05
163	10	0	0	0	0	0	0	232	254	0	-2.26E-05	2.20E-06	-1.74E-05	-7.51E-06
163	11	0	0	0	0	0	0	232	254	0	-2.26E-05	2.20E-06	-1.74E-05	-7.51E-06
163	12	0	0	0	0	0	0	232	254	0	-2.12E-05	1.33E-06	-1.38E-05	9.71E-06
163	13	0	0	0	0	0	0	232	254	0	-2.12E-05	1.33E-06	-1.38E-05	9.71E-06
163	14	0	0	0	0	0	0	232	254	0	-2.07E-05	1.87E-06	-1.04E-05	1.86E-05
163	15	0	0	0	0	0	0	232	254	0	-2.14E-05	2.87E-06	-1.09E-05	2.31E-05
163	16	0	0	0	0	0	0	232	254	0	-2.14E-05	2.87E-06	-1.09E-05	2.31E-05
163	17	0	0	0	0	0	0	232	254	0	-2.17E-05	4.00E-06	-7.61E-06	3.16E-05
163	18	0	0	0	0	0	0	232	254	0	-2.17E-05	4.00E-06	-7.61E-06	3.16E-05
163	19	0	0	0	0	0	0	232	254	0	-2.18E-05	4.82E-06	-5.64E-06	3.92E-05
164	0	0	0	0	0	0	0	232	254	0	-2.18E-05	4.82E-06	-5.64E-06	3.92E-05
164	1	0	0	0	0	0	0	232	254	0	-2.21E-05	5.84E-06	-6.92E-06	4.81E-05
164	2	0	0	0	0	0	0	232	254	0	-2.21E-05	5.84E-06	-6.92E-06	4.81E-05
164	3	0	0	0	0	0	0	232	254	0	-2.13E-05	7.36E-06	-4.33E-06	6.13E-05
164	4	0	0	0	0	0	0	232	254	0	-2.12E-05	7.43E-06	-4.35E-06	6.84E-05
164	5	0	0	0	0	0	0	232	254	0	-2.12E-05	7.43E-06	-4.35E-06	6.84E-05
164	6	0	0	0	0	0	0	232	254	0	-2.22E-05	6.18E-06	-5.96E-06	6.96E-05
164	7	0	0	0	0	0	0	232	254	0	-2.22E-05	6.18E-06	-5.96E-06	6.96E-05
164	8	0	0	0	0	0	0	232	254	0	-2.29E-05	7.20E-06	-4.42E-06	6.64E-05
164	9	0	0	0	0	0	0	232	254	0	-2.29E-05	7.20E-06	-4.42E-06	6.64E-05
164	10	0	0	0	0	0	0	232	254	0	-2.21E-05	8.12E-06	-4.45E-06	6.08E-05
164	11	0	0	0	0	0	0	232	254	0	-2.21E-05	8.12E-06	-4.45E-06	6.08E-05
164	12	0	0	0	0	0	0	232	254	0	-2.11E-05	7.42E-06	-6.48E-06	6.26E-05
164	13	0	0	0	0	0	0	232	254	0	-2.13E-05	6.47E-06	-7.79E-06	6.79E-05
164	14	0	0	0	0	0	0	232	254	0	-2.13E-05	6.47E-06	-7.79E-06	6.79E-05
164	15	0	0	0	0	0	0	232	254	0	-2.14E-05	5.98E-06	-9.32E-06	7.67E-05
164	16	0	0	0	0	0	0	232	254	0	-2.14E-05	5.98E-06	-9.32E-06	7.67E-05
164	17	0	0	0	0	0	0	232	254	0	-2.18E-05	5.76E-06	-1.02E-05	8.28E-05
164	18	0	0	0	0	0	0	232	254	0	-2.18E-05	5.76E-06	-1.02E-05	8.28E-05
164	19	0	0	0	0	0	0	232	254	0	-2.06E-05	5.94E-06	-1.18E-05	7.05E-05
165	0	0	0	0	0	0	0	232	254	0	-2.06E-05	5.94E-06	-1.18E-05	7.05E-05
165	1	0	0	0	0	0	0	232	254	0	-2.02E-05	5.81E-06	-1.52E-05	3.53E-05
165	2	0	0	0	0	0	0	232	254	0	-1.98E-05	5.48E-06	-1.75E-05	4.71E-06
165	3	0	0	0	0	0	0	232	254	0	-1.98E-05	5.48E-06	-1.75E-05	4.71E-06
165	4	0	0	0	0	0	0	232	254	0	-1.94E-05	6.18E-06	-1.87E-05	-2.34E-05
165	5	0	0	0	0	0	0	232	254	0	-1.94E-05	6.18E-06	-1.87E-05	-2.34E-05
165	6	0	0	0	0	0	0	232	254	0	-1.84E-05	5.85E-06	-1.90E-05	-4.37E-05
165	7	0	0	0	0	0	0	232	254	0	-1.84E-05	5.85E-06	-1.90E-05	-4.37E-05
165	8	0	0	0	0	0	0	232	254	0	-1.92E-05	5.19E-06	-1.60E-05	-3.38E-05
165	9	0	0	0	0	0	0	232	254	0	-1.92E-05	5.19E-06	-1.60E-05	-3.38E-05
165	10	0	0	0	0	0	0	232	254	0	-1.99E-05	5.38E-06	-1.44E-05	-1.59E-05
165	11	0	0	0	0	0	0	232	254	0	-1.97E-05	5.77E-06	-1.68E-05	-6.30E-06
165	12	0	0	0	0	0	0	232	254	0	-1.97E-05	5.77E-06	-1.68E-05	-6.30E-06
165	13	0	0	0	0	0	0	232	254	0	-1.96E-05	3.11E-06	-1.31E-05	-4.87E-08
165	14	0	0	0	0	0	0	232	254	0	-1.96E-05	3.11E-06	-1.31E-05	-4.87E-08
165	15	0	0	0	0	0	0	232	254	0	-2.07E-05	3.00E-06	-3.19E-06	1.76E-05
165	16	0	0	0	0	0	0	232	254	0	-2.07E-05	3.00E-06	-3.19E-06	1.76E-05
165	17	0	0	0	0	0	0	232	254	0	-2.03E-05	4.91E-06	3.33E-06	4.12E-05
165	18	0	0	0	0	0	0	232	254	0	-2.03E-05	4.91E-06	3.33E-06	4.12E-05
165	19	0	0	0	0	0	0	232	254	0	-1.88E-05	4.27E-06	3.09E-06	3.81E-05
166	0	0	0	0	0	0	0	232	254	0	-1.81E-05	3.81E-06	-3.30E-06	9.84E-06
166	1	0	0	0	0	0	0	232	254	0	-1.81E-05	3.81E-06	-3.30E-06	9.84E-06
166	2	0	0	0	0	0	0	232	254	0	-1.84E-05	4.55E-06	-6.11E-06	-6.37E-06
166	3	0	0	0	0	0	0	232	254	0	-1.84E-05	4.55E-06	-6.11E-06	-6.37E-06
166	4	0	0	0	0	0	0	232	254	0	-1.98E-05	4.87E-06	-6.21E-06	-2.67E-06
166	5	0	0	0	0	0	0	232	254	0	-1.98E-05	4.87E-06	-6.21E-06	-2.67E-06
166	6	0	0	0	0	0	0	232	254	0	-2.04E-05	6.02E-06	-7.25E-06	2.01E-05
166	7	0	0	0	0	0	0	232	254	0	-2.04E-05	6.02E-06	-7.25E-06	2.01E-05
166	8	0	0	0	0	0	0	232	254	0	-2.09E-05	7.01E-06	-6.91E-06	4.31E-05
166	9	0	0	0	0	0	0	232	254	0	-2.17E-05	5.72E-06	-5.51E-06	5.32E-05
166	10	0	0	0	0	0	0	232	254	0	-2.17E-05	5.72E-06	-5.51E-06	5.32E-05
166	11	0	0	0	0	0	0	232	254	0	-2.14E-05	5.15E-06	-6.65E-06	7.02E-05
166	12	0	0	0	0	0	0	232	254	0	-2.14E-05	5.15E-06	-6.65E-06	7.02E-05
166	13	0	0	0	0	0	0	232	254	0	-2.16E-05	5.20E-06	-1.26E-05	8.60E-05
166	14	0	0	0	0	0	0	232	254	0	-2.16E-05	5.20E-06	-1.26E-05	8.60E-05
166	15	0	0	0	0	0	0	232	254	0	-2.26E-05	5.43E-06	-1.69E-05	8.29E-05
166	16	0	0	0	0	0	0	232	254	0	-2.26E-05	5.43E-06	-1.69E-05	8.29E-05
166	17	0	0	0	0	0	0	232	254	0	-2.35E-05	5.42E-06	-1.64E-05	8.39E-05
166	18	0	0	0	0	0	0	232	254	0	-2.39E-05	4.33E-06	-1.87E-05	8.65E-05
166	19	0	0	0	0	0	0	232	254	0	-2.39E-05	4.33E-06	-1.87E-05	8.65E-05
167	0	0	0	0	0	0	0	232	254	0	-2.31E-05	2.36E-06	-1.82E-05	8.84E-05
167	1	0	0	0	0	0	0	232	254	0	-2.31E-05	2.36E-06	-1.82E-05	8.84E-05
167	2	0	0	0	0	0	0	232	254	0	-2.17E-05	1.79E-06	-1.08E-05	9.26E-05
167	3	0	0	0	0	0	0	232	254	0	-2.17E-05	1.79E-06	-1.08E-05	9.26E-05
167	4	0	0	0	0	0	0	232	254	0	-2.06E-05	2.08E-06	-4.61E-06	6.22E-05
167	5	0	0	0	0	0	0	232	254	0	-2.06E-05	2.08E-06	-4.61E-06	6.22E-05
167	6	0	0	0	0	0	0	232	254	0	-2.13E-05	2.30E-06	-5.03E-06	-1.70E-05
167	7	0	0	0	0	0	0	232	254	0	-2.19E-05	1.08E-06	-7.26E-06	-7.37E-05
167	8	0	0	0	0	0	0	232	254	0	-2.19E-05	1.08E-06	-7.26E-06	-7.37E-05
167	9	0	0	0	0	0	0	232	254	0	-2.10E-05	8.49E-07	-7.43E-06	-8.67E-05
167	10	0	0	0	0	0	0	232	254	0	-2.10E-05	8.49E-07	-7.43E-06	-8.67E-05
167	11	0	0	0	0	0	0	232	254	0	-2.17E-05	7.77E-07	-3.30E-06	-8.93E-05
167	12	0	0	0	0	0	0	232	254	0	-2.17E-05	7.77E-07	-3.30E-06	-8.93E-05
167	13	0	0	0	0	0	0	232	254	0	-2.37E-05	7.87E-07	-5.89E-07	-8.21E-05
167	14	0	0	0	0	0	0	232	254	0	-2.37E-05	7.87E-07	-5.89E-07	-8.21E-05
167	15	0	0	0	0	0	0	232	254	0	-2.31E-05	8.39E-07	-2.93E-06	-8.47E-05
167	16	0	0	0	0	0	0	232	254	0	-2.19E-05	6.09E-07	-3.27E-06	-0.000102599
167	17	0	0	0	0	0	0	232	254	0	-2.19E-05	6.09E-07	-3.27E-06	-0.000102599
167	18	0	0	0	0	0	0	232	254	0	-2.17E-05	-8.79E-07	-5.49E-07	-0.000132832
167	19	0	0	0	0	0	0	232	254	0	-2.17E-05	-8.79E-07	-5.49E-07	-0.000132832
168	0	0	0	0	0	0	0	232	254	0	-2.08E-05	-1.28E-07	1.77E-06	-0.00017186
168	1	0	0	0	0	0	0	232	254	0	-2.08E-05	-1.28E-07	1.77E-06	-0.00017186
168	2	0	0	0	0	0	0	232	254	0	-2.13E-05	8.49E-07	1.60E-07	-0.000195634
168	3	0	0	0	0	0	0	232	254	0	-2.13E-05	8.49E-07	1.60E-07	-0.000195634
168	4	0	0	0	0	0	0	232	254	0	-2.30E-05	8.52E-08	-3.14E-06	-0.000209338
168	5	0	0	0	0	0	0	232	254	0	-2.30E-05	9.32E-07	-8.00E-06	-0.000225091
168	6	0	0	0	0	0	0	232	254	0	-2.30E-05	9.32E-07	-8.00E-06	-0.000225091
168	7	0	0	0	0	0	0	232	254	0	-2.16E-05	4.05E-06	-1.26E-05	-0.000250278
168	8	0	0	0	0	0	0	232	254	0	-2.16E-05	4.05E-06	-1.26E-05	-0.000250278
168	9	0	0	0	0	0	0	232	254	0	-2.18E-05	4.63E-06	-1.60E-05	-0.000271312
168	10	0	0	0	0	0	0	232	254	0	-2.18E-05	4.63E-06	-1.60E-05	-0.000271312
168	11	0	0	0	0	0	0	232	254	0	-2.09E-05	3.44E-06	-1.72E-05	-0.000277475
168	12	0	0	0	0	0	0	232	254	0	-2.09E-05	3.44E-06	-1.72E-05	-0.000277475
168	13	0	0	0	0	0	0	232	254	0	-2.12E-05	5.44E-06	-1.75E-05	-0.000273412
168	14	0	0	0	0	0	0	232	254	0	-2.28E-05	7.24E-06	-1.58E-05	-0.000261963
168	15	0	0	0	0	0	0	232	254	0	-2.28E-05	7.24E-06	-1.58E-05	-0.000261963
168	16	0	0	0	0	0	0	232	254	0	-2.38E-05	5.94E-06	-9.64E-06	-0.000241747
168	17	0	0	0	0	0	0	232	254	0	-2.38E-05	5.94E-06	-9.64E-06	-0.000241747
168	18	0	0	0	0	0	0	232	254	0	-2.47E-05	4.97E-06	-4.57E-06	-0.000212015
168	19	0	0	0	0	0	0	232	254	0	-2.47E-05	4.97E-06	-4.57E-06	-0.000212015
169	0	0	0	0	0	0	0	232	254	0	-2.55E-05	3.48E-06	-5.55E-06	-0.000154165
169	1	0	0	0	0	0	0	232	254	0	-2.55E-05	3.48E-06	-5.55E-06	-0.000154165
169	2	0	0	0	0	0	0	232	254	0	-2.57E-05	3.78E-06	-1.06E-05	-9.61E-05
169	3	0	0	0	0	0	0	232	254	0	-2.38E-05	4.43E-06	-1.62E-05	-6.39E-05
169	4	0	0	0	0	0	0	232	254	0	-2.38E-05	4.43E-06	-1.62E-05	-6.39E-05
169	5	0	0	0	0	0	0	232	254	0	-2.25E-05	4.53E-06	-1.91E-05	-3.73E-05
169	6	0	0	0	0	0	0	232	254	0	-2.25E-05	4.53E-06	-1.91E-05	-3.73E-05
169	7	0	0	0	0	0	0	232	254	0	-2.34E-05	4.07E-06	-1.85E-05	-3.94E-06
169	8	0	0	0	0	0	0	232	254	0	-2.34E-05	4.07E-06	-1.85E-05	-3.94E-06
169	9	0	0	0	0	0	0	232	254	0	-2.35E-05	5.01E-06	-1.73E-05	3.99E-05
169	10	0	0	0	0	0	0	232	254	0	-2.35E-05	5.01E-06	-1.73E-05	3.99E-05
169	11	0	0	0	0	0	0	232	254	0	-2.19E-05	5.08E-06	-1.81E-05	8.67E-05
169	12	0	0	0	0	0	0	232	254	0	-2.04E-05	4.87E-06	-2.19E-05	0.000134859
169	13	0	0	0	0	0	0	232	254	0	-2.04E-05	4.87E-06	-2.19E-05	0.000134859
169	14	0	0	0	0	0	0	232	254	0	-1.95E-05	5.44E-06	-2.03E-05	0.000175574
169	15	0	0	0	0	0	0	232	254	0	-1.95E-05	5.44E-06	-2.03E-05	0.000175574
169	16	0	0	0	0	0	0	232	254	0	-1.91E-05	4.44E-06	-1.22E-05	0.000184387
169	17	0	0	0	0	0	0	232	254	0	-1.91E-05	4.44E-06	-1.22E-05	0.000184387
169	18	0	0	0	0	0	0	232	254	0	-1.84E-05	4.78E-06	-7.66E-08	0.000158005
169	19	0	0	0	0	0	0	232	254	0	-1.84E-05	4.78E-06	-7.66E-08	0.000158005
170	0	0	0	0	0	0	0	232	254	0	-1.78E-05	7.05E-06	1.03E-05	0.000132357
170	1	0	0	0	0	0	0	232	254	0	-1.67E-05	7.89E-06	1.26E-05	9.08E-05
170	2	0	0	0	0	0	0	232	254	0	-1.67E-05	7.89E-06	1.26E-05	9.08E-05
170	3	0	0	0	0	0	0	232	254	0	-1.63E-05	7.66E-06	9.54E-06	3.47E-05
170	4	0	0	0	0	0	0	232	254	0	-1.63E-05	7.66E-06	9.54E-06	3.47E-05
170	5	0	0	0	0	0	0	232	254	0	-1.59E-05	7.78E-06	2.46E-06	1.33E-05
170	6	0	0	0	0	0	0	232	254	0	-1.59E-05	7.78E-06	2.46E-06	1.33E-05
170	7	0	0	0	0	0	0	232	254	0	-1.59E-05	8.12E-06	-3.97E-06	8.46E-06
170	8	0	0	0	0	0	0	232	254	0	-1.59E-05	8.12E-06	-3.97E-06	8.46E-06
170	9	0	0	0	0	0	0	232	254	0	-1.66E-05	7.76E-06	-9.86E-06	-9.72E-06
170	10	0	0	0	0	0	0	232	254	0	-1.79E-05	6.63E-06	-1.49E-05	-3.38E-05
170	11	0	0	0	0	0	0	232	254	0	-1.79E-05	6.63E-06	-1.49E-05	-3.38E-05
170	12	0	0	0	0	0	0	232	254	0	-1.81E-05	6.90E-06	-1.47E-05	-5.02E-05
170	13	0	0	0	0	0	0	232	254	0	-1.81E-05	6.90E-06	-1.47E-05	-5.02E-05
170	14	0	0	0	0	0	0	232	254	0	-1.75E-05	8.83E-06	-1.37E-05	-6.24E-05
170	15	0	0	0	0	0	0	232	254	0	-1.75E-05	8.83E-06	-1.37E-05	-6.24E-05
170	16	0	0	0	0	0	0	232	254	0	-1.84E-05	1.03E-05	-9.91E-06	-7.59E-05
170	17	0	0	0	0	0	0	232	254	0	-1.84E-05	1.03E-05	-9.91E-06	-7.59E-05
170	18	0	0	0	0	0	0	232	254	0	-1.78E-05	1.02E-05	-4.19E-06	-8.69E-05
170	19	0	0	0	0	0	0	232	254	0	-1.68E-05	8.57E-06	-3.85E-06	-0.000105474
171	0	0	0	0	0	0	0	232	254	0	-1.68E-05	8.57E-06	-3.85E-06	-0.000105474
171	1	0	0	0	0	0	0	232	254	0	-1.78E-05	8.35E-06	-2.46E-06	-0.000115623
171	2	0	0	0	0	0	0	232	254	0	-1.78E-05	8.35E-06	-2.46E-06	-0.000115623
171	3	0	0	0	0	0	0	232	254	0	-1.78E-05	8.10E-06	-9.58E-06	-0.00010074
171	4	0	0	0	0	0	0	232	254	0	-1.78E-05	8.10E-06	-9.58E-06	-0.00010074
171	5	0	0	0	0	0	0	232	254	0	-1.85E-05	5.81E-06	-2.18E-05	-7.82E-05
171	6	0	0	0	0	0	0	232	254	0	-1.85E-05	5.81E-06	-2.18E-05	-7.82E-05
171	7	0	0	0	0	0	0	232	254	0	-1.98E-05	5.33E-06	-2.57E-05	-8.98E-05
171	8	0	0	0	0	0	0	232	254	0	-1.98E-05	5.54E-06	-2.55E-05	-0.000108107
171	9	0	0	0	0	0	0	232	254	0	-1.98E-05	5.54E-06	-2.55E-05	-0.000108107
171	10	0	0	0	0	0	0	232	254	0	-2.01E-05	4.62E-06	-1.77E-05	-9.96E-05
171	11	0	0	0	0	0	0	232	254	0	-2.01E-05	4.62E-06	-1.77E-05	-9.96E-05
171	12	0	0	0	0	0	0	232	254	0	-2.13E-05	3.50E-06	-4.35E-06	-7.53E-05
171	13	0	0	0	0	0	0	232	254	0	-2.13E-05	3.50E-06	-4.35E-06	-7.53E-05
171	14	0	0	0	0	0	0	232	254	0	-2.22E-05	4.34E-06	2.24E-06	-6.31E-05
171	15	0	0	0	0	0	0	232	254	0	-2.22E-05	4.34E-06	2.24E-06	-6.31E-05
171	16	0	0	0	0	0	0	232	254	0	-2.23E-05	3.60E-06	4.22E-07	-6.70E-05
171	17	0	0	0	0	0	0	232	254	0	-2.23E-05	3.60E-06	-3.61E-06	-5.85E-05
171	18	0	0	0	0	0	0	232	254	0	-2.23E-05	3.60E-06	-3.61E-06	-5.85E-05
171	19	0	0	0	0	0	0	232	254	0	-2.16E-05	5.24E-06	-5.56E-06	-2.97E-05
172	0	0	0	0	0	0	0	232	254	0	-2.16E-05	5.24E-06	-5.56E-06	-2.97E-05
172	1	0	0	0	0	0	0	232	254	0	-2.21E-05	4.38E-06	-5.72E-07	8.01E-06
172	2	0	0	0	0	0	0	232	254	0	-2.21E-05	4.38E-06	-5.72E-07	8.01E-06
172	3	0	0	0	0	0	0	232	254	0	-2.36E-05	2.77E-06	3.69E-06	4.45E-05
172	4	0	0	0	0	0	0	232	254	0	-2.36E-05	2.77E-06	3.69E-06	4.45E-05
172	5	0	0	0	0	0	0	232	254	0	-2.41E-05	2.47E-06	-1.46E-06	7.71E-05
172	6	0	0	0	0	0	0	232	254	0	-2.35E-05	4.13E-06	-1.08E-05	0.000115997
172	7	0	0	0	0	0	0	232	254	0	-2.35E-05	4.13E-06	-1.08E-05	0.000115997
172	8	0	0	0	0	0	0	232	254	0	-2.32E-05	6.25E-06	-1.53E-05	0.000169938
172	9	0	0	0	0	0	0	232	254	0	-2.32E-05	6.25E-06	-1.53E-05	0.000169938
172	10	0	0	0	0	0	0	232	254	0	-2.32E-05	6.65E-06	-1.46E-05	0.000226652
172	11	0	0	0	0	0	0	232	254	0	-2.32E-05	6.65E-06	-1.46E-05	0.000226652
172	12	0	0	0	0	0	0	232	254	0	-2.22E-05	7.24E-06	-1.16E-05	0.000322789
172	13	0	0	0	0	0	0	232	254	0	-2.22E-05	7.24E-06	-1.16E-05	0.000322789
172	14	0	0	0	0	0	0	232	254	0	-2.04E-05	8.48E-06	-1.20E-05	0.000419797
172	15	0	0	0	0	0	0	232	254	0	-1.98E-05	7.97E-06	-1.30E-05	0.000445002
172	16	0	0	0	0	0	0	232	254	0	-1.98E-05	7.97E-06	-1.30E-05	0.000445002
172	17	0	0	0	0	0	0	232	254	0	-2.08E-05	7.90E-06	-9.11E-06	0.000418775
172	18	0	0	0	0	0	0	232	254	0	-2.08E-05	7.90E-06	-9.11E-06	0.000418775
172	19	0	0	0	0	0	0	232	254	0	-2.02E-05	6.90E-06	-5.37E-06	0.000381775
173	0	0	0	0	0	0	0	232	254	0	-2.02E-05	6.90E-06	-5.37E-06	0.000381775
173	1	0	0	0	0	0	0	232	254	0	-2.03E-05	6.49E-06	-7.53E-06	0.00031961
173	2	0	0	0	0	0	0	232	254	0	-2.03E-05	6.49E-06	-7.53E-06	0.00031961
173	3	0	0	0	0	0	0	232	254	0	-1.95E-05	5.05E-06	-1.05E-05	0.000235485
173	4	0	0	0	0	0	0	232	254	0	-1.85E-05	3.10E-06	-1.15E-05	0.000141914
173	5	0	0	0	0	0	0	232	254	0	-1.85E-05	3.10E-06	-1.15E-05	0.000141914
173	6	0	0	0	0	0	0	232	254	0	-1.85E-05	3.09E-06	-9.39E-06	3.11E-05
173	7	0	0	0	0	0	0	232	254	0	-1.85E-05	3.09E-06	-9.39E-06	3.11E-05
173	8	0	0	0	0	0	0	232	254	0	-1.98E-05	5.55E-06	-1.06E-05	-8.84E-05
173	9	0	0	0	0	0	0	232	254	0	-1.98E-05	5.55E-06	-1.06E-05	-8.84E-05
173	10	0	0	0	0	0	0	232	254	0	-2.12E-05	5.62E-06	-1.46E-05	-0.000199147
173	11	0	0	0	0	0	0	232	254	0	-2.12E-05	5.62E-06	-1.46E-05	-0.000199147
173	12	0	0	0	0	0	0	232	254	0	-2.26E-05	1.74E-06	-1.27E-05	-0.000285964
173	13	0	0	0	0	0	0	232	254	0	-2.22E-05	-1.68E-06	-1.12E-05	-0.000366843
173	14	0	0	0	0	0	0	232	254	0	-2.22E-05	-1.68E-06	-1.12E-05	-0.000366843
173	15	0	0	0	0	0	0	232	254	0	-2.17E-05	-2.75E-06	-1.36E-05	-0.000428107
173	16	0	0	0	0	0	0	232	254	0	-2.17E-05	-2.75E-06	-1.36E-05	-0.000428107
173	17	0	0	0	0	0	0	232	254	0	-2.14E-05	-2.39E-06	-1.44E-05	-0.000438072
173	18	0	0	0	0	0	0	232	254	0	-2.14E-05	-2.39E-06	-1.44E-05	-0.000438072
173	19	0	0	0	0	0	0	232	254	0	-2.15E-05	-1.95E-06	-1.31E-05	-0.000419555
174	0	0	0	0	0	0	0	232	254	0	-2.15E-05	-1.95E-06	-1.31E-05	-0.000419555
174	1	0	0	0	0	0	0	232	254	0	-2.21E-05	-6.93E-07	-1.24E-05	-0.000401107
174	2	0	0	0	0	0	0	232	254	0	-2.16E-05	-1.68E-07	-1.27E-05	-0.000383274
174	3	0	0	0	0	0	0	232	254	0	-2.16E-05	-1.68E-07	-1.27E-05	-0.000383274
174	4	0	0	0	0	0	0	232	254	0	-2.18E-05	-1.55E-06	-1.29E-05	-0.000363773
174	5	0	0	0	0	0	0	232	254	0	-2.18E-05	-1.55E-06	-1.29E-05	-0.000363773
174	6	0	0	0	0	0	0	232	254	0	-2.24E-05	-2.07E-06	-1.23E-05	-0.000341377
174	7	0	0	0	0	0	0	232	254	0	-2.24E-05	-2.07E-06	-1.23E-05	-0.000341377
174	8	0	0	0	0	0	0	232	254	0	-2.13E-05	-2.71E-06	-1.08E-05	-0.000323874
174	9	0	0	0	0	0	0	232	254	0	-2.13E-05	-2.71E-06	-1.08E-05	-0.000323874
174	10	0	0	0	0	0	0	232	254	0	-2.00E-05	-2.21E-06	-8.16E-06	-0.000294807
174	11	0	0	0	0	0	0	232	254	0	-2.06E-05	-1.62E-06	-5.60E-06	-0.000242736
174	12	0	0	0	0	0	0	232	254	0	-2.06E-05	-1.62E-06	-5.60E-06	-0.000242736
174	13	0	0	0	0	0	0	232	254	0	-2.03E-05	-1.27E-07	-4.18E-06	-0.000175425
174	14	0	0	0	0	0	0	232	254	0	-2.03E-05	-1.27E-07	-4.18E-06	-0.000175425
174	15	0	0	0	0	0	0	232	254	0	-2.02E-05	1.89E-06	-2.02E-06	-0.00011739
174	16	0	0	0	0	0	0	232	254	0	-2.02E-05	1.89E-06	-2.02E-06	-0.00011739
174	17	0	0	0	0	0	0	232	254	0	-2.15E-05	3.44E-06	-2.79E-06	-8.44E-05
174	18	0	0	0	0	0	0	232	254	0	-2.15E-05	3.44E-06	-2.79E-06	-8.44E-05
174	19	0	0	0	0	0	0	232	254	0	-2.20E-05	3.40E-06	-6.75E-06	-7.61E-05
175	0	0	0	0	0	0	0	232	254	0	-2.11E-05	3.54E-06	-9.15E-06	-7.48E-05
175	1	0	0	0	0	0	0	232	254	0	-2.11E-05	3.54E-06	-9.15E-06	-7.48E-05
175	2	0	0	0	0	0	0	232	254	0	-2.09E-05	4.61E-06	-7.95E-06	-6.13E-05
175	3	0	0	0	0	0	0	232	254	0	-2.09E-05	4.61E-06	-7.95E-06	-6.13E-05
175	4	0	0	0	0	0	0	232	254	0	-2.14E-05	3.54E-06	-6.53E-06	-2.95E-05
175	5	0	0	0	0	0	0	232	254	0	-2.14E-05	3.54E-06	-6.53E-06	-2.95E-05
175	6	0	0	0	0	0	0	232	254	0	-2.17E-05	2.62E-06	-6.21E-06	5.43E-06
175	7	0	0	0	0	0	0	232	254	0	-2.17E-05	2.62E-06	-6.21E-06	5.43E-06
175	8	0	0	0	0	0	0	232	254	0	-2.20E-05	2.86E-06	-5.29E-06	2.93E-05
175	9	0	0	0	0	0	0	232	254	0	-2.23E-05	5.33E-06	-3.95E-06	4.37E-05
175	10	0	0	0	0	0	0	232	254	0	-2.23E-05	5.33E-06	-3.95E-06	4.37E-05
175	11	0	0	0	0	0	0	232	254	0	-2.19E-05	7.07E-06	-3.76E-06	4.98E-05
175	12	0	0	0	0	0	0	232	254	0	-2.19E-05	7.07E-06	-3.76E-06	4.98E-05
175	13	0	0	0	0	0	0	232	254	0	-2.08E-05	6.81E-06	-6.40E-06	6.19E-05
175	14	0	0	0	0	0	0	232	254	0	-2.08E-05	6.81E-06	-6.40E-06	6.19E-05
175	15	0	0	0	0	0	0	232	254	0	-2.04E-05	5.97E-06	-6.52E-06	8.82E-05
175	16	0	0	0	0	0	0	232	254	0	-2.04E-05	5.97E-06	-6.52E-06	8.82E-05
175	17	0	0	0	0	0	0	232	254	0	-1.96E-05	5.36E-06	-6.85E-06	0.000123222
175	18	0	0	0	0	0	0	232	254	0	-2.07E-05	5.66E-06	-8.60E-06	0.000163147
175	19	0	0	0	0	0	0	232	254	0	-2.07E-05	5.66E-06	-8.60E-06	0.000163147
176	0	0	0	0	0	0	0	232	254	0	-2.25E-05	4.49E-06	-1.19E-05	0.00020144
176	1	0	0	0	0	0	0	232	254	0	-2.25E-05	4.49E-06	-1.19E-05	0.00020144
176	2	0	0	0	0	0	0	232	254	0	-2.30E-05	2.71E-06	-1.31E-05	0.000244016
176	3	0	0	0	0	0	0	232	254	0	-2.30E-05	2.71E-06	-1.31E-05	0.000244016
176	4	0	0	0	0	0	0	232	254	0	-2.30E-05	2.41E-06	-1.30E-05	0.000281096
176	5	0	0	0	0	0	0	232	254	0	-2.30E-05	2.41E-06	-1.30E-05	0.000281096
176	6	0	0	0	0	0	0	232	254	0	-2.32E-05	2.17E-06	-1.38E-05	0.000303084
176	7	0	0	0	0	0	0	232	254	0	-2.26E-05	2.24E-06	-1.52E-05	0.000327478
176	8	0	0	0	0	0	0	232	254	0	-2.26E-05	2.24E-06	-1.52E-05	0.000327478
176	9	0	0	0	0	0	0	232	254	0	-2.14E-05	2.47E-06	-1.66E-05	0.000323981
176	10	0	0	0	0	0	0	232	254	0	-2.14E-05	2.47E-06	-1.66E-05	0.000323981
176	11	0	0	0	0	0	0	232	254	0	-2.21E-05	3.90E-06	-1.76E-05	0.000294313
176	12	0	0	0	0	0	0	232	254	0	-2.21E-05	3.90E-06	-1.76E-05	0.000294313
176	13	0	0	0	0	0	0	232	254	0	-2.31E-05	4.99E-06	-1.73E-05	0.000273299
176	14	0	0	0	0	0	0	232	254	0	-2.31E-05	4.99E-06	-1.73E-05	0.000273299
176	15	0	0	0	0	0	0	232	254	0	-2.43E-05	4.51E-06	-1.65E-05	0.000272186
176	16	0	0	0	0	0	0	232	254	0	-2.35E-05	4.43E-06	-1.31E-05	0.000262921
176	17	0	0	0	0	0	0	232	254	0	-2.35E-05	4.43E-06	-1.31E-05	0.000262921
176	18	0	0	0	0	0	0	232	254	0	-2.18E-05	3.15E-06	-1.01E-05	0.000239762
176	19	0	0	0	0	0	0	232	254	0	-2.18E-05	3.15E-06	-1.01E-05	0.000239762
177	0	0	0	0	0	0	0	232	254	0	-2.00E-05	2.29E-06	-1.14E-05	0.000227197
177	1	0	0	0	0	0	0	232	254	0	-2.00E-05	2.29E-06	-1.14E-05	0.000227197
177	2	0	0	0	0	0	0	232	254	0	-2.00E-05	1.49E-06	-1.23E-05	0.00021545
177	3	0	0	0	0	0	0	232	254	0	-2.00E-05	1.49E-06	-1.23E-05	0.00021545
177	4	0	0	0	0	0	0	232	254	0	-1.94E-05	1.17E-06	-1.05E-05	0.00021214
177	5	0	0	0	0	0	0	232	254	0	-2.04E-05	1.64E-06	-6.97E-06	0.000224198
177	6	0	0	0	0	0	0	232	254	0	-2.04E-05	1.64E-06	-6.97E-06	0.000224198
177	7	0	0	0	0	0	0	232	254	0	-2.10E-05	2.65E-06	-4.67E-06	0.000229565
177	8	0	0	0	0	0	0	232	254	0	-2.10E-05	2.65E-06	-4.67E-06	0.000229565
177	9	0	0	0	0	0	0	232	254	0	-2.01E-05	3.14E-06	-3.73E-06	0.000216355
177	10	0	0	0	0	0	0	232	254	0	-2.01E-05	3.14E-06	-3.73E-06	0.000216355
177	11	0	0	0	0	0	0	232	254	0	-1.93E-05	3.88E-06	-5.83E-06	0.000202242
177	12	0	0	0	0	0	0	232	254	0	-1.93E-05	3.88E-06	-5.83E-06	0.000202242
177	13	0	0	0	0	0	0	232	254	0	-1.97E-05	4.66E-06	-1.24E-05	0.000196259
177	14	0	0	0	0	0	0	232	254	0	-2.02E-05	5.10E-06	-1.66E-05	0.000211008
177	15	0	0	0	0	0	0	232	254	0	-2.02E-05	5.10E-06	-1.66E-05	0.000211008
177	16	0	0	0	0	0	0	232	254	0	-2.03E-05	5.09E-06	-1.45E-05	0.000248765
177	17	0	0	0	0	0	0	232	254	0	-2.03E-05	5.09E-06	-1.45E-05	0.000248765
177	18	0	0	0	0	0	0	232	254	0	-1.97E-05	6.77E-06	-9.57E-06	0.000270757
177	19	0	0	0	0	0	0	232	254	0	-1.97E-05	6.77E-06	-9.57E-06	0.000270757
178	0	0	0	0	0	0	0	232	254	0	-1.98E-05	7.55E-06	-4.43E-06	0.000274433
178	1	0	0	0	0	0	0	232	254	0	-1.98E-05	7.55E-06	-4.43E-06	0.000274433
178	2	0	0	0	0	0	0	232	254	0	-2.16E-05	6.63E-06	-1.01E-06	0.000258747
178	3	0	0	0	0	0	0	232	254	0	-2.14E-05	5.52E-06	1.68E-06	0.000237302
178	4	0	0	0	0	0	0	232	254	0	-2.14E-05	5.52E-06	1.68E-06	0.000237302
178	5	0	0	0	0	0	0	232	254	0	-1.95E-05	5.43E-06	4.41E-07	0.000213143
178	6	0	0	0	0	0	0	232	254	0	-1.95E-05	5.43E-06	4.41E-07	0.000213143
178	7	0	0	0	0	0	0	232	254	0	-1.80E-05	7.38E-06	-3.16E-06	0.000161162
178	8	0	0	0	0	0	0	232	254	0	-1.80E-05	7.38E-06	-3.16E-06	0.000161162
178	9	0	0	0	0	0	0	232	254	0	-1.69E-05	7.19E-06	-5.86E-06	9.42E-05
178	10	0	0	0	0	0	0	232	254	0	-1.69E-05	7.19E-06	-5.86E-06	9.42E-05
178	11	0	0	0	0	0	0	232	254	0	-1.89E-05	6.37E-06	-8.39E-06	3.01E-05
178	12	0	0	0	0	0	0	232	254	0	-2.03E-05	5.98E-06	-1.05E-05	-2.28E-05
178	13	0	0	0	0	0	0	232	254	0	-2.03E-05	5.98E-06	-1.05E-05	-2.28E-05
178	14	0	0	0	0	0	0	232	254	0	-2.04E-05	6.11E-06	-7.73E-06	-5.58E-05
178	15	0	0	0	0	0	0	232	254	0	-2.04E-05	6.11E-06	-7.73E-06	-5.58E-05
178	16	0	0	0	0	0	0	232	254	0	-2.12E-05	8.52E-06	-3.21E-06	-7.53E-05
178	17	0	0	0	0	0	0	232	254	0	-2.12E-05	8.52E-06	-3.21E-06	-7.53E-05
178	18	0	0	0	0	0	0	232	254	0	-2.11E-05	9.34E-06	-3.00E-06	-0.000106238
178	19	0	0	0	0	0	0	232	254	0	-2.11E-05	9.34E-06	-3.00E-06	-0.000106238
179	0	0	0	0	0	0	0	232	254	0	-2.21E-05	7.50E-06	-4.22E-06	-0.000152141
179	1	0	0	0	0	0	0	232	254	0	-2.25E-05	5.91E-06	-5.22E-06	-0.000190751
179	2	0	0	0	0	0	0	232	254	0	-2.25E-05	5.91E-06	-5.22E-06	-0.000190751
179	3	0	0	0	0	0	0	232	254	0	-2.28E-05	4.73E-06	-8.08E-06	-0.000196407
179	4	0	0	0	0	0	0	232	254	0	-2.28E-05	4.73E-06	-8.08E-06	-0.000196407
179	5	0	0	0	0	0	0	232	254	0	-2.32E-05	4.02E-06	-8.77E-06	-0.000168595
179	6	0	0	0	0	0	0	232	254	0	-2.32E-05	4.02E-06	-8.77E-06	-0.000168595
179	7	0	0	0	0	0	0	232	254	0	-2.31E-05	3.63E-06	-7.87E-06	-0.000160169
179	8	0	0	0	0	0	0	232	254	0	-2.31E-05	3.63E-06	-7.87E-06	-0.000160169
179	9	0	0	0	0	0	0	232	254	0	-2.18E-05	4.10E-06	-7.09E-06	-0.000178019
179	10	0	0	0	0	0	0	232	254	0	-2.06E-05	5.75E-06	-8.04E-06	-0.000191703
179	11	0	0	0	0	0	0	232	254	0	-2.06E-05	5.75E-06	-8.04E-06	-0.000191703
179	12	0	0	0	0	0	0	232	254	0	-2.08E-05	6.15E-06	-1.06E-05	-0.000196383
179	13	0	0	0	0	0	0	232	254	0	-2.08E-05	6.15E-06	-1.06E-05	-0.000196383
179	14	0	0	0	0	0	0	232	254	0	-2.01E-05	5.81E-06	-1.60E-05	-0.000228023
179	15	0	0	0	0	0	0	232	254	0	-2.01E-05	5.81E-06	-1.60E-05	-0.000228023
179	16	0	0	0	0	0	0	232	254	0	-1.98E-05	6.17E-06	-2.26E-05	-0.000277223
179	17	0	0	0	0	0	0	232	254	0	-1.98E-05	6.17E-06	-2.26E-05	-0.000277223
179	18	0	0	0	0	0	0	232	254	0	-1.98E-05	6.49E-06	-2.65E-05	-0.000326225
179	19	0	0	0	0	0	0	232	254	0	-1.99E-05	5.39E-06	-2.40E-05	-0.000352542
180	0	0	0	0	0	0	0	232	254	0	-1.99E-05	5.39E-06	-2.40E-05	-0.000352542
180	1	0	0	0	0	0	0	232	254	0	-2.03E-05	5.33E-06	-1.50E-05	-0.000348574
180	2	0	0	0	0	0	0	232	254	0	-2.03E-05	5.33E-06	-1.50E-05	-0.000348574
180	3	0	0	0	0	0	0	232	254	0	-2.06E-05	5.65E-06	-4.66E-06	-0.000335775
180	4	0	0	0	0	0	0	232	254	0	-2.06E-05	5.65E-06	-4.66E-06	-0.000335775
180	5	0	0	0	0	0	0	232	254	0	-2.10E-05	6.28E-06	4.95E-06	-0.000316496
180	6	0	0	0	0	0	0	232	254	0	-2.10E-05	6.28E-06	4.95E-06	-0.000316496
180	7	0	0	0	0	0	0	232	254	0	-2.01E-05	7.01E-06	1.11E-05	-0.000284483
180	8	0	0	0	0	0	0	232	254	0	-1.88E-05	6.18E-06	8.90E-06	-0.000235948
180	9	0	0	0	0	0	0	232	254	0	-1.88E-05	6.18E-06	8.90E-06	-0.000235948
180	10	0	0	0	0	0	0	232	254	0	-1.93E-05	5.36E-06	3.76E-06	-0.000205432
180	11	0	0	0	0	0	0	232	254	0	-1.93E-05	5.36E-06	3.76E-06	-0.000205432
180	12	0	0	0	0	0	0	232	254	0	-2.01E-05	6.01E-06	7.98E-07	-0.000197161
180	13	0	0	0	0	0	0	232	254	0	-2.01E-05	6.01E-06	7.98E-07	-0.000197161
180	14	0	0	0	0	0	0	232	254	0	-2.15E-05	6.38E-06	-3.06E-06	-0.000183297
180	15	0	0	0	0	0	0	232	254	0	-2.15E-05	6.38E-06	-3.06E-06	-0.000183297
180	16	0	0	0	0	0	0	232	254	0	-2.22E-05	6.38E-06	-8.34E-06	-0.000169111
180	17	0	0	0	0	0	0	232	254	0	-2.14E-05	6.49E-06	-9.72E-06	-0.000161986
180	18	0	0	0	0	0	0	232	254	0	-2.14E-05	6.49E-06	-9.72E-06	-0.000161986
180	19	0	0	0	0	0	0	232	254	0	-2.11E-05	5.97E-06	-7.72E-06	-0.000147658
181	0	0	0	0	0	0	0	232	254	0	-2.11E-05	5.97E-06	-7.72E-06	-0.000147658
181	1	0	0	0	0	0	0	232	254	0	-2.15E-05	6.86E-06	-9.42E-06	-0.000129373
181	2	0	0	0	0	0	0	232	254	0	-2.15E-05	6.86E-06	-9.42E-06	-0.000129373
181	3	0	0	0	0	0	0	232	254	0	-2.14E-05	7.04E-06	-1.06E-05	-0.000110092
181	4	0	0	0	0	0	0	232	254	0	-2.14E-05	7.04E-06	-1.06E-05	-0.000110092
181	5	0	0	0	0	0	0	232	254	0	-2.06E-05	5.96E-06	-7.58E-06	-8.36E-05
181	6	0	0	0	0	0	0	232	254	0	-2.10E-05	4.73E-06	-3.44E-06	-4.30E-05
181	7	0	0	0	0	0	0	232	254	0	-2.10E-05	4.73E-06	-3.44E-06	-4.30E-05
181	8	0	0	0	0	0	0	232	254	0	-2.11E-05	4.48E-06	-3.57E-06	-1.32E-05
181	9	0	0	0	0	0	0	232	254	0	-2.11E-05	4.48E-06	-3.57E-06	-1.32E-05
181	10	0	0	0	0	0	0	232	254	0	-2.06E-05	5.22E-06	-8.46E-06	-1.83E-06
181	11	0	0	0	0	0	0	232	254	0	-2.06E-05	5.22E-06	-8.46E-06	-1.83E-06
181	12	0	0	0	0	0	0	232	254	0	-2.08E-05	4.73E-06	-1.17E-05	8.13E-06
181	13	0	0	0	0	0	0	232	254	0	-2.08E-05	4.73E-06	-1.17E-05	8.13E-06
181	14	0	0	0	0	0	0	232	254	0	-2.05E-05	4.48E-06	-1.36E-05	5.64E-06
181	15	0	0	0	0	0	0	232	254	0	-2.08E-05	6.15E-06	-1.78E-05	1.47E-06
181	16	0	0	0	0	0	0	232	254	0	-2.08E-05	6.15E-06	-1.78E-05	1.47E-06
181	17	0	0	0	0	0	0	232	254	0	-2.06E-05	5.38E-06	-2.03E-05	6.61E-06
181	18	0	0	0	0	0	0	232	254	0	-2.06E-05	5.38E-06	-2.03E-05	6.61E-06
181	19	0	0	0	0	0	0	232	254	0	-2.11E-05	3.43E-06	-1.95E-05	1.20E-05
182	0	0	0	0	0	0	0	232	254	0	-2.11E-05	3.43E-06	-1.95E-05	1.20E-05
182	1	0	0	0	0	0	0	232	254	0	-2.27E-05	2.85E-06	-1.53E-05	1.60E-05
182	2	0	0	0	0	0	0	232	254	0	-2.27E-05	2.85E-06	-1.53E-05	1.60E-05
182	3	0	0	0	0	0	0	232	254	0	-2.28E-05	3.08E-06	-9.67E-06	1.66E-05
182	4	0	0	0	0	0	0	232	254	0	-2.15E-05	3.42E-06	-3.73E-06	1.33E-05
182	5	0	0	0	0	0	0	232	254	0	-2.15E-05	3.42E-06	-3.73E-06	1.33E-05
182	6	0	0	0	0	0	0	232	254	0	-2.17E-05	3.18E-06	-3.12E-06	2.11E-05
182	7	0	0	0	0	0	0	232	254	0	-2.17E-05	3.18E-06	-3.12E-06	2.11E-05
182	8	0	0	0	0	0	0	232	254	0	-2.13E-05	3.94E-06	-5.42E-06	3.23E-05
182	9	0	0	0	0	0	0	232	254	0	-2.13E-05	3.94E-06	-5.42E-06	3.23E-05
182	10	0	0	0	0	0	0	232	254	0	-1.96E-05	5.75E-06	-8.75E-06	3.91E-05
182	11	0	0	0	0	0	0	232	254	0	-1.96E-05	5.75E-06	-8.75E-06	3.91E-05
182	12	0	0	0	0	0	0	232	254	0	-1.85E-05	6.03E-06	-1.36E-05	5.51E-05
182	13	0	0	0	0	0	0	232	254	0	-1.84E-05	5.30E-06	-1.47E-05	7.27E-05
182	14	0	0	0	0	0	0	232	254	0	-1.84E-05	5.30E-06	-1.47E-05	7.27E-05
182	15	0	0	0	0	0	0	232	254	0	-1.93E-05	5.73E-06	-1.49E-05	9.39E-05
182	16	0	0	0	0	0	0	232	254	0	-1.93E-05	5.73E-06	-1.49E-05	9.39E-05
182	17	0	0	0	0	0	0	232	254	0	-2.01E-05	5.93E-06	-1.57E-05	0.000102828
182	18	0	0	0	0	0	0	232	254	0	-2.01E-05	5.93E-06	-1.57E-05	0.000102828
182	19	0	0	0	0	0	0	232	254	0	-2.12E-05	4.95E-06	-1.53E-05	0.000103217
183	0	0	0	0	0	0	0	232	254	0	-2.12E-05	4.95E-06	-1.53E-05	0.000103217
183	1	0	0	0	0	0	0	232	254	0	-2.08E-05	2.46E-06	-1.36E-05	0.000106405
183	2	0	0	0	0	0	0	232	254	0	-2.11E-05	1.74E-06	-1.15E-05	0.000109658
183	3	0	0	0	0	0	0	232	254	0	-2.11E-05	1.74E-06	-1.15E-05	0.000109658
183	4	0	0	0	0	0	0	232	254	0	-2.20E-05	3.12E-06	-1.02E-05	0.000116906
183	5	0	0	0	0	0	0	232	254	0	-2.20E-05	3.12E-06	-1.02E-05	0.000116906
183	6	0	0	0	0	0	0	232	254	0	-2.23E-05	4.27E-06	-8.98E-06	0.000119498
183	7	0	0	0	0	0	0	232	254	0	-2.23E-05	4.27E-06	-8.98E-06	0.000119498
183	8	0	0	0	0	0	0	232	254	0	-2.27E-05	5.22E-06	-8.10E-06	0.000114033
183	9	0	0	0	0	0	0	232	254	0	-2.27E-05	5.22E-06	-8.10E-06	0.000114033
183	10	0	0	0	0	0	0	232	254	0	-2.14E-05	6.23E-06	-8.93E-06	0.000103312
183	11	0	0	0	0	0	0	232	254	0	-1.93E-05	5.16E-06	-1.14E-05	7.66E-05
183	12	0	0	0	0	0	0	232	254	0	-1.93E-05	5.16E-06	-1.14E-05	7.66E-05
183	13	0	0	0	0	0	0	232	254	0	-2.02E-05	4.30E-06	-1.18E-05	2.40E-05
183	14	0	0	0	0	0	0	232	254	0	-2.02E-05	4.30E-06	-1.18E-05	2.40E-05
183	15	0	0	0	0	0	0	232	254	0	-2.10E-05	3.85E-06	-1.14E-05	-3.69E-05
183	16	0	0	0	0	0	0	232	254	0	-2.10E-05	3.85E-06	-1.14E-05	-3.69E-05
183	17	0	0	0	0	0	0	232	254	0	-2.09E-05	2.88E-06	-1.17E-05	-8.20E-05
183	18	0	0	0	0	0	0	232	254	0	-2.09E-05	2.88E-06	-1.17E-05	-8.20E-05
183	19	0	0	0	0	0	0	232	254	0	-2.12E-05	2.52E-06	-1.23E-05	-0.000122675
184	0	0	0	0	0	0	0	232	254	0	-2.20E-05	3.33E-06	-1.07E-05	-0.000186792
184	1	0	0	0	0	0	0	232	254	0	-2.20E-05	3.33E-06	-1.07E-05	-0.000186792
184	2	0	0	0	0	0	0	232	254	0	-2.37E-05	4.04E-06	-6.21E-06	-0.000222326
184	3	0	0	0	0	0	0	232	254	0	-2.37E-05	4.04E-06	-6.21E-06	-0.000222326
184	4	0	0	0	0	0	0	232	254	0	-2.46E-05	5.81E-06	-3.84E-06	-0.00023567
184	5	0	0	0	0	0	0	232	254	0	-2.46E-05	5.81E-06	-3.84E-06	-0.00023567
184	6	0	0	0	0	0	0	232	254	0	-2.33E-05	6.08E-06	-7.22E-06	-0.000273801
184	7	0	0	0	0	0	0	232	254	0	-2.33E-05	6.08E-06	-7.22E-06	-0.000273801
184	8	0	0	0	0	0	0	232	254	0	-2.16E-05	5.41E-06	-9.59E-06	-0.000298771
184	9	0	0	0	0	0	0	232	254	0	-2.06E-05	4.74E-06	-9.21E-06	-0.000284737
184	10	0	0	0	0	0	0	232	254	0	-2.06E-05	4.74E-06	-9.21E-06	-0.000284737
184	11	0	0	0	0	0	0	232	254	0	-2.15E-05	4.76E-06	-7.17E-06	-0.000268371
184	12	0	0	0	0	0	0	232	254	0	-2.15E-05	4.76E-06	-7.17E-06	-0.000268371
184	13	0	0	0	0	0	0	232	254	0	-2.29E-05	5.91E-06	-3.96E-06	-0.000249006
184	14	0	0	0	0	0	0	232	254	0	-2.29E-05	5.91E-06	-3.96E-06	-0.000249006
184	15	0	0	0	0	0	0	232	254	0	-2.29E-05	5.46E-06	-3.43E-06	-0.000219025
184	16	0	0	0	0	0	0	232	254	0	-2.29E-05	5.46E-06	-3.43E-06	-0.000219025
184	17	0	0	0	0	0	0	232	254	0	-2.35E-05	5.04E-06	-6.35E-06	-0.000203444
184	18	0	0	0	0	0	0	232	254	0	-2.28E-05	5.15E-06	-6.63E-06	-0.000177889
184	19	0	0	0	0	0	0	232	254	0	-2.28E-05	5.15E-06	-6.63E-06	-0.000177889
185	0	0	0	0	0	0	0	232	254	0	-2.14E-05	3.82E-06	-4.83E-06	-0.000135612
185	1	0	0	0	0	0	0	232	254	0	-2.14E-05	3.82E-06	-4.83E-06	-0.000135612
185	2	0	0	0	0	0	0	232	254	0	-2.06E-05	2.84E-06	-7.43E-06	-9.16E-05
185	3	0	0	0	0	0	0	232	254	0	-2.06E-05	2.84E-06	-7.43E-06	-9.16E-05
185	4	0	0	0	0	0	0	232	254	0	-1.94E-05	2.34E-06	-9.36E-06	-5.39E-05
185	5	0	0	0	0	0	0	232	254	0	-1.94E-05	2.34E-06	-9.36E-06	-5.39E-05
185	6	0	0	0	0	0	0	232	254	0	-1.78E-05	1.95E-06	-9.80E-06	-2.32E-05
185	7	0	0	0	0	0	0	232	254	0	-1.82E-05	2.54E-06	-1.06E-05	5.35E-06
185	8	0	0	0	0	0	0	232	254	0	-1.82E-05	2.54E-06	-1.06E-05	5.35E-06
185	9	0	0	0	0	0	0	232	254	0	-1.91E-05	2.16E-06	-1.04E-05	4.67E-05
185	10	0	0	0	0	0	0	232	254	0	-1.91E-05	2.16E-06	-1.04E-05	4.67E-05
185	11	0	0	0	0	0	0	232	254	0	-1.94E-05	2.31E-06	-1.02E-05	8.65E-05
185	12	0	0	0	0	0	0	232	254	0	-1.94E-05	2.31E-06	-1.02E-05	8.65E-05
185	13	0	0	0	0	0	0	232	254	0	-2.00E-05	3.56E-06	-1.02E-05	0.000106626
185	14	0	0	0	0	0	0	232	254	0	-2.00E-05	3.56E-06	-1.02E-05	0.000106626
185	15	0	0	0	0	0	0	232	254	0	-2.15E-05	4.61E-06	-1.10E-05	0.000119151
185	16	0	0	0	0	0	0	232	254	0	-2.19E-05	5.68E-06	-1.15E-05	0.000149111
185	17	0	0	0	0	0	0	232	254	0	-2.19E-05	5.68E-06	-1.15E-05	0.000149111
185	18	0	0	0	0	0	0	232	254	0	-2.26E-05	6.04E-06	-1.14E-05	0.000165583
185	19	0	0	0	0	0	0	232	254	0	-2.26E-05	6.04E-06	-1.14E-05	0.000165583
186	0	0	0	0	0	0	0	232	254	0	-2.16E-05	5.35E-06	-1.19E-05	0.000141835
186	1	0	0	0	0	0	0	232	254	0	-2.16E-05	5.35E-06	-1.19E-05	0.000141835
186	2	0	0	0	0	0	0	232	254	0	-1.96E-05	4.69E-06	-1.23E-05	9.45E-05
186	3	0	0	0	0	0	0	232	254	0	-1.96E-05	4.69E-06	-1.23E-05	9.45E-05
186	4	0	0	0	0	0	0	232	254	0	-1.90E-05	4.30E-06	-1.24E-05	4.78E-05
186	5	0	0	0	0	0	0	232	254	0	-1.83E-05	5.35E-06	-1.23E-05	-6.04E-07
186	6	0	0	0	0	0	0	232	254	0	-1.83E-05	5.35E-06	-1.23E-05	-6.04E-07
186	7	0	0	0	0	0	0	232	254	0	-1.82E-05	5.64E-06	-9.25E-06	-3.29E-05
186	8	0	0	0	0	0	0	232	254	0	-1.82E-05	5.64E-06	-9.25E-06	-3.29E-05
186	9	0	0	0	0	0	0	232	254	0	-1.97E-05	4.38E-06	-8.58E-06	-3.31E-05
186	10	0	0	0	0	0	0	232	254	0	-1.97E-05	4.38E-06	-8.58E-06	-3.31E-05
186	11	0	0	0	0	0	0	232	254	0	-2.17E-05	3.40E-06	-1.10E-05	-4.01E-05
186	12	0	0	0	0	0	0	232	254	0	-2.17E-05	3.40E-06	-1.10E-05	-4.01E-05
186	13	0	0	0	0	0	0	232	254	0	-2.12E-05	4.34E-06	-1.21E-05	-5.38E-05
186	14	0	0	0	0	0	0	232	254	0	-2.01E-05	3.02E-06	-1.09E-05	-5.53E-05
186	15	0	0	0	0	0	0	232	254	0	-2.01E-05	3.02E-06	-1.09E-05	-5.53E-05
186	16	0	0	0	0	0	0	232	254	0	-2.18E-05	1.49E-06	-8.62E-06	-3.64E-05
186	17	0	0	0	0	0	0	232	254	0	-2.18E-05	1.49E-06	-8.62E-06	-3.64E-05
186	18	0	0	0	0	0	0	232	254	0	-2.20E-05	2.56E-06	-6.50E-06	-8.28E-06
186	19	0	0	0	0	0	0	232	254	0	-2.20E-05	2.56E-06	-6.50E-06	-8.28E-06
187	0	0	0	0	0	0	0	232	254	0	-2.07E-05	3.88E-06	-5.18E-06	4.76E-06
187	1	0	0	0	0	0	0	232	254	0	-2.07E-05	3.88E-06	-5.18E-06	4.76E-06
187	2	0	0	0	0	0	0	232	254	0	-2.09E-05	3.16E-06	-4.18E-06	1.01E-06
187	3	0	0	0	0	0	0	232	254	0	-2.15E-05	2.80E-06	-5.82E-06	2.18E-05
187	4	0	0	0	0	0	0	232	254	0	-2.15E-05	2.80E-06	-5.82E-06	2.18E-05
187	5	0	0	0	0	0	0	232	254	0	-2.30E-05	2.62E-06	-5.91E-06	8.53E-05
187	6	0	0	0	0	0	0	232	254	0	-2.30E-05	2.62E-06	-5.91E-06	8.53E-05
187	7	0	0	0	0	0	0	232	254	0	-2.32E-05	2.86E-06	-4.73E-06	0.000147124
187	8	0	0	0	0	0	0	232	254	0	-2.32E-05	2.86E-06	-4.73E-06	0.000147124
187	9	0	0	0	0	0	0	232	254	0	-2.32E-05	1.64E-06	-5.75E-06	0.000186021
187	10	0	0	0	0	0	0	232	254	0	-2.32E-05	1.64E-06	-5.75E-06	0.000186021
187	11	0	0	0	0	0	0	232	254	0	-2.31E-05	2.74E-06	-7.65E-06	0.000179722
187	12	0	0	0	0	0	0	232	254	0	-2.25E-05	4.68E-06	-7.76E-06	0.000158761
187	13	0	0	0	0	0	0	232	254	0	-2.25E-05	4.68E-06	-7.76E-06	0.000158761
187	14	0	0	0	0	0	0	232	254	0	-2.19E-05	4.51E-06	-7.32E-06	0.000215018
187	15	0	0	0	0	0	0	232	254	0	-2.19E-05	4.51E-06	-7.32E-06	0.000215018
187	16	0	0	0	0	0	0	232	254	0	-2.04E-05	3.97E-06	-6.99E-06	0.000287703
187	17	0	0	0	0	0	0	232	254	0	-2.04E-05	3.97E-06	-6.99E-06	0.000287703
187	18	0	0	0	0	0	0	232	254	0	-1.98E-05	3.51E-06	-6.88E-06	0.000269054
187	19	0	0	0	0	0	0	232	254	0	-1.98E-05	3.51E-06	-6.88E-06	0.000269054
188	0	0	0	0	0	0	0	232	254	0	-2.12E-05	9.33E-07	-6.54E-06	0.000221545
188	1	0	0	0	0	0	0	232	254	0	-2.14E-05	9.86E-07	-6.84E-06	0.000216737
188	2	0	0	0	0	0	0	232	254	0	-2.14E-05	9.86E-07	-6.84E-06	0.000216737
188	3	0	0	0	0	0	0	232	254	0	-2.20E-05	2.66E-06	-7.17E-06	0.000245883
188	4	0	0	0	0	0	0	232	254	0	-2.20E-05	2.66E-06	-7.17E-06	0.000245883
188	5	0	0	0	0	0	0	232	254	0	-2.23E-05	2.03E-06	-7.33E-06	0.000421204
188	6	0	0	0	0	0	0	232	254	0	-2.23E-05	2.03E-06	-7.33E-06	0.000421204
188	7	0	0	0	0	0	0	232	254	0	-2.24E-05	2.43E-06	-6.23E-06	0.000631849
188	8	0	0	0	0	0	0	232	254	0	-2.24E-05	2.43E-06	-6.23E-06	0.000631849
188	9	0	0	0	0	0	0	232	254	0	-2.21E-05	2.62E-06	-5.82E-06	0.000688758
188	10	0	0	0	0	0	0	232	254	0	-2.15E-05	2.63E-06	-6.11E-06	0.000707855
188	11	0	0	0	0	0	0	232	254	0	-2.15E-05	2.63E-06	-6.11E-06	0.000707855
188	12	0	0	0	0	0	0	232	254	0	-2.07E-05	4.88E-06	-5.75E-06	0.000577675
188	13	0	0	0	0	0	0	232	254	0	-2.07E-05	4.88E-06	-5.75E-06	0.000577675
188	14	0	0	0	0	0	0	232	254	0	-2.06E-05	6.57E-06	-6.00E-06	0.000234594
188	15	0	0	0	0	0	0	232	254	0	-2.06E-05	6.57E-06	-6.00E-06	0.000234594
188	16	0	0	0	0	0	0	232	254	0	-2.04E-05	4.57E-06	-6.90E-06	-0.000121269
188	17	0	0	0	0	0	0	232	254	0	-2.04E-05	4.57E-06	-6.90E-06	-0.000121269
188	18	0	0	0	0	0	0	232	254	0	-2.16E-05	1.68E-06	-7.10E-06	-0.000401271
188	19	0	0	0	0	0	0	232	254	0	-2.23E-05	7.24E-07	-6.01E-06	-0.000627814
189	0	0	0	0	0	0	0	232	254	0	-2.23E-05	7.24E-07	-6.01E-06	-0.000627814
189	1	0	0	0	0	0	0	232	254	0	-2.05E-05	1.48E-06	-6.00E-06	-0.000812587
189	2	0	0	0	0	0	0	232	254	0	-2.05E-05	1.48E-06	-6.00E-06	-0.000812587
189	3	0	0	0	0	0	0	232	254	0	-2.02E-05	9.23E-07	-5.98E-06	-0.000956878
189	4	0	0	0	0	0	0	232	254	0	-2.02E-05	9.23E-07	-5.98E-06	-0.000956878
189	5	0	0	0	0	0	0	232	254	0	-2.21E-05	7.34E-07	-6.57E-06	-0.00105886
189	6	0	0	0	0	0	0	232	254	0	-2.21E-05	7.34E-07	-6.57E-06	-0.00105886
189	7	0	0	0	0	0	0	232	254	0	-2.14E-05	4.93E-07	-8.27E-06	-0.00112492
189	8	0	0	0	0	0	0	232	254	0	-2.07E-05	1.84E-06	-8.78E-06	-0.00115843
189	9	0	0	0	0	0	0	232	254	0	-2.07E-05	1.84E-06	-8.78E-06	-0.00115843
189	10	0	0	0	0	0	0	232	254	0	-2.08E-05	2.98E-06	-7.92E-06	-0.0011574
189	11	0	0	0	0	0	0	232	254	0	-2.08E-05	2.98E-06	-7.92E-06	-0.0011574
189	12	0	0	0	0	0	0	232	254	0	-2.04E-05	2.84E-06	-5.48E-06	-0.00113077
189	13	0	0	0	0	0	0	232	254	0	-2.04E-05	2.84E-06	-5.48E-06	-0.00113077
189	14	0	0	0	0	0	0	232	254	0	-1.98E-05	2.34E-06	-3.61E-06	-0.00108415
189	15	0	0	0	0	0	0	232	254	0	-1.98E-05	2.34E-06	-3.61E-06	-0.00108415
189	16	0	0	0	0	0	0	232	254	0	-2.06E-05	1.84E-06	-2.03E-06	-0.0010206
189	17	0	0	0	0	0	0	232	254	0	-2.24E-05	2.02E-06	-1.63E-06	-0.000938843
189	18	0	0	0	0	0	0	232	254	0	-2.24E-05	2.02E-06	-1.63E-06	-0.000938843
189	19	0	0	0	0	0	0	232	254	0	-2.28E-05	2.64E-06	-2.49E-06	-0.000840671
190	0	0	0	0	0	0	0	232	254	0	-2.28E-05	2.64E-06	-2.49E-06	-0.000840671
190	1	0	0	0	0	0	0	232	254	0	-2.19E-05	2.16E-06	-2.74E-06	-0.000732587
190	2	0	0	0	0	0	0	232	254	0	-2.19E-05	2.16E-06	-2.74E-06	-0.000732587
190	3	0	0	0	0	0	0	232	254	0	-2.07E-05	4.61E-07	-2.69E-06	-0.000612678
190	4	0	0	0	0	0	0	232	254	0	-2.07E-05	4.61E-07	-2.69E-06	-0.000612678
190	5	0	0	0	0	0	0	232	254	0	-2.08E-05	2.49E-06	-3.03E-06	-0.000483373
190	6	0	0	0	0	0	0	232	254	0	-2.11E-05	4.39E-06	-3.65E-06	-0.000349232
190	7	0	0	0	0	0	0	232	254	0	-2.11E-05	4.39E-06	-3.65E-06	-0.000349232
190	8	0	0	0	0	0	0	232	254	0	-2.07E-05	5.51E-06	-3.86E-06	-0.000208635
190	9	0	0	0	0	0	0	232	254	0	-2.07E-05	5.51E-06	-3.86E-06	-0.000208635
190	10	0	0	0	0	0	0	232	254	0	-1.87E-05	7.72E-06	-4.32E-06	-5.75E-05
190	11	0	0	0	0	0	0	232	254	0	-1.87E-05	7.72E-06	-4.32E-06	-5.75E-05
190	12	0	0	0	0	0	0	232	254	0	-1.73E-05	7.06E-06	-5.22E-06	0.000106214
190	13	0	0	0	0	0	0	232	254	0	-1.73E-05	7.06E-06	-5.22E-06	0.000106214
190	14	0	0	0	0	0	0	232	254	0	-1.58E-05	4.88E-06	-7.04E-06	0.000277756
190	15	0	0	0	0	0	0	232	254	0	-1.71E-05	6.51E-06	-8.64E-06	0.000455709
190	16	0	0	0	0	0	0	232	254	0	-1.71E-05	6.51E-06	-8.64E-06	0.000455709
190	17	0	0	0	0	0	0	232	254	0	-1.77E-05	7.09E-06	-9.87E-06	0.000642275
190	18	0	0	0	0	0	0	232	254	0	-1.77E-05	7.09E-06	-9.87E-06	0.000642275
190	19	0	0	0	0	0	0	232	254	0	-1.81E-05	6.65E-06	-1.21E-05	0.000840896
191	0	0	0	0	0	0	0	232	254	0	-1.81E-05	6.65E-06	-1.21E-05	0.000840896
191	1	0	0	0	0	0	0	232	254	0	-1.98E-05	8.85E-06	-1.62E-05	0.00104735
191	2	0	0	0	0	0	0	232	254	0	-1.98E-05	8.85E-06	-1.62E-05	0.00104735
191	3	0	0	0	0	0	0	232	254	0	-1.98E-05	1.11E-05	-1.89E-05	0.00126333
191	4	0	0	0	0	0	0	232	254	0	-2.06E-05	1.18E-05	-1.96E-05	0.00149477
191	5	0	0	0	0	0	0	232	254	0	-2.06E-05	1.18E-05	-1.96E-05	0.00149477
191	6	0	0	0	0	0	0	232	254	0	-2.17E-05	1.10E-05	-2.03E-05	0.00173518
191	7	0	0	0	0	0	0	232	254	0	-2.17E-05	1.10E-05	-2.03E-05	0.00173518
191	8	0	0	0	0	0	0	232	254	0	-2.11E-05	1.00E-05	-2.06E-05	0.00198288
191	9	0	0	0	0	0	0	232	254	0	-2.11E-05	1.00E-05	-2.06E-05	0.00198288
191	10	0	0	0	0	0	0	232	254	0	-1.97E-05	9.39E-06	-2.05E-05	0.00223279
191	11	0	0	0	0	0	0	232	254	0	-1.97E-05	9.39E-06	-2.05E-05	0.00223279
191	12	0	0	0	0	0	0	232	254	0	-1.91E-05	1.02E-05	-2.16E-05	0.00237624
191	13	0	0	0	0	0	0	232	254	0	-1.97E-05	1.18E-05	-2.32E-05	0.00237409
191	14	0	0	0	0	0	0	232	254	0	-1.97E-05	1.18E-05	-2.32E-05	0.00237409
191	15	0	0	0	0	0	0	232	254	0	-2.08E-05	1.21E-05	-2.60E-05	0.00233434
191	16	0	0	0	0	0	0	232	254	0	-2.08E-05	1.21E-05	-2.60E-05	0.00233434
191	17	0	0	0	0	0	0	232	254	0	-2.13E-05	1.10E-05	-2.98E-05	0.00231998
191	18	0	0	0	0	0	0	232	254	0	-2.13E-05	1.10E-05	-2.98E-05	0.00231998
191	19	0	0	0	0	0	0	232	254	0	-2.20E-05	1.18E-05	-3.22E-05	0.00230008
192	0	0	0	0	0	0	0	232	254	0	-2.20E-05	1.18E-05	-3.22E-05	0.00230008
192	1	0	0	0	0	0	0	232	254	0	-2.00E-05	1.21E-05	-2.60E-05	0.00225955
192	2	0	0	0	0	0	0	232	254	0	-1.90E-05	1.17E-05	-1.48E-05	0.00220527
192	3	0	0	0	0	0	0	232	254	0	-1.90E-05	1.17E-05	-1.48E-05	0.00220527
192	4	0	0	0	0	0	0	232	254	0	-2.08E-05	1.30E-05	-1.56E-05	0.00209812
192	5	0	0	0	0	0	0	232	254	0	-2.08E-05	1.30E-05	-1.56E-05	0.00209812
192	6	0	0	0	0	0	0	232	254	0	-2.33E-05	1.36E-05	-2.96E-05	0.00196161
192	7	0	0	0	0	0	0	232	254	0	-2.33E-05	1.36E-05	-2.96E-05	0.00196161
192	8	0	0	0	0	0	0	232	254	0	-2.33E-05	1.28E-05	-3.44E-05	0.00178641
192	9	0	0	0	0	0	0	232	254	0	-2.33E-05	1.28E-05	-3.44E-05	0.00178641
192	10	0	0	0	0	0	0	232	254	0	-2.22E-05	1.10E-05	-2.35E-05	0.00153641
192	11	0	0	0	0	0	0	232	254	0	-2.21E-05	9.71E-06	-8.36E-06	0.00120115
192	12	0	0	0	0	0	0	232	254	0	-2.21E-05	9.71E-06	-8.36E-06	0.00120115
192	13	0	0	0	0	0	0	232	254	0	-2.24E-05	9.98E-06	4.50E-06	0.000789862
192	14	0	0	0	0	0	0	232	254	0	-2.24E-05	9.98E-06	4.50E-06	0.000789862
192	15	0	0	0	0	0	0	232	254	0	-2.13E-05	8.28E-06	6.95E-06	0.000337671
192	16	0	0	0	0	0	0	232	254	0	-2.13E-05	8.28E-06	6.95E-06	0.000337671
192	17	0	0	0	0	0	0	232	254	0	-2.06E-05	7.73E-06	7.19E-06	-8.93E-05
192	18	0	0	0	0	0	0	232	254	0	-2.06E-05	7.73E-06	7.19E-06	-8.93E-05
192	19	0	0	0	0	0	0	232	254	0	-2.13E-05	7.66E-06	1.42E-05	-0.00047221
193	0	0	0	0	0	0	0	232	254	0	-2.17E-05	6.63E-06	1.51E-05	-0.0007823
193	1	0	0	0	0	0	0	232	254	0	-2.17E-05	6.63E-06	1.51E-05	-0.0007823
193	2	0	0	0	0	0	0	232	254	0	-2.07E-05	5.75E-06	2.21E-06	-0.00103043
193	3	0	0	0	0	0	0	232	254	0	-2.07E-05	5.75E-06	2.21E-06	-0.00103043
193	4	0	0	0	0	0	0	232	254	0	-1.96E-05	6.23E-06	-2.03E-06	-0.00122347
193	5	0	0	0	0	0	0	232	254	0	-1.96E-05	6.23E-06	-2.03E-06	-0.00122347
193	6	0	0	0	0	0	0	232	254	0	-1.91E-05	5.28E-06	-3.01E-06	-0.00138497
193	7	0	0	0	0	0	0	232	254	0	-1.91E-05	5.28E-06	-3.01E-06	-0.00138497
193	8	0	0	0	0	0	0	232	254	0	-1.94E-05	4.12E-06	-1.07E-05	-0.0015393
193	9	0	0	0	0	0	0	232	254	0	-2.01E-05	3.17E-06	-1.53E-05	-0.0016811
193	10	0	0	0	0	0	0	232	254	0	-2.01E-05	3.17E-06	-1.53E-05	-0.0016811
193	11	0	0	0	0	0	0	232	254	0	-2.03E-05	1.24E-06	-1.94E-05	-0.00179799
193	12	0	0	0	0	0	0	232	254	0	-2.03E-05	1.24E-06	-1.94E-05	-0.00179799
193	13	0	0	0	0	0	0	232	254	0	-2.00E-05	1.31E-06	-2.28E-05	-0.00188161
193	14	0	0	0	0	0	0	232	254	0	-2.00E-05	1.31E-06	-2.28E-05	-0.00188161
193	15	0	0	0	0	0	0	232	254	0	-1.95E-05	2.49E-06	-2.02E-05	-0.0019457
193	16	0	0	0	0	0	0	232	254	0	-1.95E-05	2.49E-06	-2.02E-05	-0.0019457
193	17	0	0	0	0	0	0	232	254	0	-2.07E-05	4.01E-06	-1.62E-05	-0.00199937
193	18	0	0	0	0	0	0	232	254	0	-2.15E-05	4.76E-06	-1.64E-05	-0.00206657
193	19	0	0	0	0	0	0	232	254	0	-2.15E-05	4.76E-06	-1.64E-05	-0.00206657
194	0	0	0	0	0	0	0	232	254	0	-1.89E-05	3.48E-06	-1.65E-05	-0.00209174
194	1	0	0	0	0	0	0	232	254	0	-1.89E-05	3.48E-06	-1.65E-05	-0.00209174
194	2	0	0	0	0	0	0	232	254	0	-1.82E-05	1.70E-06	-1.10E-05	-0.002086
194	3	0	0	0	0	0	0	232	254	0	-1.82E-05	1.70E-06	-1.10E-05	-0.002086
194	4	0	0	0	0	0	0	232	254	0	-1.87E-05	3.83E-06	-7.06E-06	-0.00207181
194	5	0	0	0	0	0	0	232	254	0	-1.87E-05	3.83E-06	-7.06E-06	-0.00207181
194	6	0	0	0	0	0	0	232	254	0	-1.94E-05	5.84E-06	-9.50E-06	-0.0020441
194	7	0	0	0	0	0	0	232	254	0	-2.17E-05	6.44E-06	-1.37E-05	-0.00197724
194	8	0	0	0	0	0	0	232	254	0	-2.17E-05	6.44E-06	-1.37E-05	-0.00197724
194	9	0	0	0	0	0	0	232	254	0	-2.16E-05	5.85E-06	-2.03E-05	-0.00191659
194	10	0	0	0	0	0	0	232	254	0	-2.16E-05	5.85E-06	-2.03E-05	-0.00191659
194	11	0	0	0	0	0	0	232	254	0	-2.13E-05	5.77E-06	-1.80E-05	-0.00188121
194	12	0	0	0	0	0	0	232	254	0	-2.13E-05	5.77E-06	-1.80E-05	-0.00188121
194	13	0	0	0	0	0	0	232	254	0	-2.18E-05	4.72E-06	-1.54E-05	-0.00182686
194	14	0	0	0	0	0	0	232	254	0	-2.18E-05	4.72E-06	-1.54E-05	-0.00182686
194	15	0	0	0	0	0	0	232	254	0	-2.27E-05	2.58E-06	-2.19E-05	-0.00178498
194	16	0	0	0	0	0	0	232	254	0	-2.16E-05	9.23E-07	-2.82E-05	-0.00176218
194	17	0	0	0	0	0	0	232	254	0	-2.16E-05	9.23E-07	-2.82E-05	-0.00176218
194	18	0	0	0	0	0	0	232	254	0	-2.05E-05	5.04E-07	-3.03E-05	-0.0017099
194	19	0	0	0	0	0	0	232	254	0	-2.05E-05	5.04E-07	-3.03E-05	-0.0017099
195	0	0	0	0	0	0	0	232	254	0	-1.92E-05	-2.04E-06	-3.11E-05	-0.00161511
195	1	0	0	0	0	0	0	232	254	0	-1.92E-05	-2.04E-06	-3.11E-05	-0.00161511
195	2	0	0	0	0	0	0	232	254	0	-2.07E-05	-5.04E-06	-2.76E-05	-0.0014776
195	3	0	0	0	0	0	0	232	254	0	-2.07E-05	-5.04E-06	-2.76E-05	-0.0014776
195	4	0	0	0	0	0	0	232	254	0	-2.26E-05	-6.80E-06	-2.34E-05	-0.00130974
195	5	0	0	0	0	0	0	232	254	0	-2.32E-05	-7.91E-06	-2.49E-05	-0.00112591
195	6	0	0	0	0	0	0	232	254	0	-2.32E-05	-7.91E-06	-2.49E-05	-0.00112591
195	7	0	0	0	0	0	0	232	254	0	-2.03E-05	-8.69E-06	-2.76E-05	-0.000959504
195	8	0	0	0	0	0	0	232	254	0	-2.03E-05	-8.69E-06	-2.76E-05	-0.000959504
195	9	0	0	0	0	0	0	232	254	0	-1.91E-05	-9.01E-06	-2.88E-05	-0.000805505
195	10	0	0	0	0	0	0	232	254	0	-1.91E-05	-9.01E-06	-2.88E-05	-0.000805505
195	11	0	0	0	0	0	0	232	254	0	-2.02E-05	-1.01E-05	-2.42E-05	-0.000622741
195	12	0	0	0	0	0	0	232	254	0	-2.02E-05	-1.01E-05	-2.42E-05	-0.000622741
195	13	0	0	0	0	0	0	232	254	0	-2.05E-05	-1.03E-05	-8.94E-06	-0.000466531
195	14	0	0	0	0	0	0	232	254	0	-2.08E-05	-9.20E-06	5.87E-06	-0.000301301
195	15	0	0	0	0	0	0	232	254	0	-2.08E-05	-9.20E-06	5.87E-06	-0.000301301
195	16	0	0	0	0	0	0	232	254	0	-2.05E-05	-8.15E-06	1.08E-05	-8.01E-05
195	17	0	0	0	0	0	0	232	254	0	-2.05E-05	-8.15E-06	1.08E-05	-8.01E-05
195	18	0	0	0	0	0	0	232	254	0	-2.04E-05	-8.35E-06	6.63E-06	0.000131287
195	19	0	0	0	0	0	0	232	254	0	-2.04E-05	-8.35E-06	6.63E-06	0.000131287
196	0	0	0	0	0	0	0	232	254	0	-2.13E-05	-6.48E-06	-8.06E-06	0.000316015
196	1	0	0	0	0	0	0	232	254	0	-2.13E-05	-6.48E-06	-8.06E-06	0.000316015
196	2	0	0	0	0	0	0	232	254	0	-2.23E-05	-5.08E-06	-1.56E-05	0.000455163
196	3	0	0	0	0	0	0	232	254	0	-2.24E-05	-6.02E-06	-1.26E-05	0.000555333
196	4	0	0	0	0	0	0	232	254	0	-2.24E-05	-6.02E-06	-1.26E-05	0.000555333
196	5	0	0	0	0	0	0	232	254	0	-2.23E-05	-5.85E-06	-1.22E-05	0.00062403
196	6	0	0	0	0	0	0	232	254	0	-2.23E-05	-5.85E-06	-1.22E-05	0.00062403
196	7	0	0	0	0	0	0	232	254	0	-2.24E-05	-4.85E-06	-1.48E-05	0.000675848
196	8	0	0	0	0	0	0	232	254	0	-2.24E-05	-4.85E-06	-1.48E-05	0.000675848
196	9	0	0	0	0	0	0	232	254	0	-2.28E-05	-3.84E-06	-1.50E-05	0.000761708
196	10	0	0	0	0	0	0	232	254	0	-2.28E-05	-3.84E-06	-1.50E-05	0.000761708
196	11	0	0	0	0	0	0	232	254	0	-2.32E-05	-2.83E-06	-9.52E-06	0.000851959
196	12	0	0	0	0	0	0	232	254	0	-2.29E-05	-2.52E-06	-1.44E-06	0.000853874
196	13	0	0	0	0	0	0	232	254	0	-2.29E-05	-2.52E-06	-1.44E-06	0.000853874
196	14	0	0	0	0	0	0	232	254	0	-2.05E-05	-3.24E-07	1.04E-05	0.00076725
196	15	0	0	0	0	0	0	232	254	0	-2.05E-05	-3.24E-07	1.04E-05	0.00076725
196	16	0	0	0	0	0	0	232	254	0	-1.91E-05	1.60E-06	1.18E-05	0.000667177
196	17	0	0	0	0	0	0	232	254	0	-1.91E-05	1.60E-06	1.18E-05	0.000667177
196	18	0	0	0	0	0	0	232	254	0	-2.08E-05	4.09E-06	6.30E-06	0.000613074
196	19	0	0	0	0	0	0	232	254	0	-2.08E-05	4.09E-06	6.30E-06	0.000613074
197	0	0	0	0	0	0	0	232	254	0	-2.12E-05	6.07E-06	1.52E-05	0.000595493
197	1	0	0	0	0	0	0	232	254	0	-1.97E-05	6.32E-06	2.82E-05	0.000537419
197	2	0	0	0	0	0	0	232	254	0	-1.97E-05	6.32E-06	2.82E-05	0.000537419
197	3	0	0	0	0	0	0	232	254	0	-1.93E-05	7.02E-06	3.55E-05	0.000505052
197	4	0	0	0	0	0	0	232	254	0	-1.93E-05	7.02E-06	3.55E-05	0.000505052
197	5	0	0	0	0	0	0	232	254	0	-2.02E-05	6.81E-06	4.16E-05	0.000472136
197	6	0	0	0	0	0	0	232	254	0	-2.02E-05	6.81E-06	4.16E-05	0.000472136
197	7	0	0	0	0	0	0	232	254	0	-2.09E-05	6.43E-06	4.86E-05	0.000426396
197	8	0	0	0	0	0	0	232	254	0	-2.09E-05	6.43E-06	4.86E-05	0.000426396
197	9	0	0	0	0	0	0	232	254	0	-1.99E-05	6.96E-06	4.99E-05	0.000441876
197	10	0	0	0	0	0	0	232	254	0	-1.91E-05	8.49E-06	3.89E-05	0.000465128
197	11	0	0	0	0	0	0	232	254	0	-1.91E-05	8.49E-06	3.89E-05	0.000465128
197	12	0	0	0	0	0	0	232	254	0	-1.99E-05	1.14E-05	3.22E-05	0.000448341
197	13	0	0	0	0	0	0	232	254	0	-1.99E-05	1.14E-05	3.22E-05	0.000448341
197	14	0	0	0	0	0	0	232	254	0	-2.07E-05	1.13E-05	2.88E-05	0.00035942
197	15	0	0	0	0	0	0	232	254	0	-2.07E-05	1.13E-05	2.88E-05	0.00035942
197	16	0	0	0	0	0	0	232	254	0	-2.05E-05	1.12E-05	1.73E-05	0.000216162
197	17	0	0	0	0	0	0	232	254	0	-2.05E-05	1.12E-05	1.73E-05	0.000216162
197	18	0	0	0	0	0	0	232	254	0	-2.05E-05	1.29E-05	4.39E-06	0.000106192
197	19	0	0	0	0	0	0	232	254	0	-2.16E-05	1.36E-05	-6.37E-06	6.82E-05
198	0	0	0	0	0	0	0	232	254	0	-2.16E-05	1.36E-05	-6.37E-06	6.82E-05
198	1	0	0	0	0	0	0	232	254	0	-2.06E-05	1.19E-05	-1.63E-05	5.28E-05
198	2	0	0	0	0	0	0	232	254	0	-2.06E-05	1.19E-05	-1.63E-05	5.28E-05
198	3	0	0	0	0	0	0	232	254	0	-2.02E-05	1.03E-05	-1.96E-05	5.96E-05
198	4	0	0	0	0	0	0	232	254	0	-2.02E-05	1.03E-05	-1.96E-05	5.96E-05
198	5	0	0	0	0	0	0	232	254	0	-2.09E-05	8.98E-06	-2.10E-05	0.000113228
198	6	0	0	0	0	0	0	232	254	0	-2.09E-05	8.98E-06	-2.10E-05	0.000113228
198	7	0	0	0	0	0	0	232	254	0	-2.28E-05	8.79E-06	-1.98E-05	0.000177162
198	8	0	0	0	0	0	0	232	254	0	-2.43E-05	1.03E-05	-1.20E-05	0.000267834
198	9	0	0	0	0	0	0	232	254	0	-2.43E-05	1.03E-05	-1.20E-05	0.000267834
198	10	0	0	0	0	0	0	232	254	0	-2.37E-05	1.15E-05	-4.28E-06	0.000373863
198	11	0	0	0	0	0	0	232	254	0	-2.37E-05	1.15E-05	-4.28E-06	0.000373863
198	12	0	0	0	0	0	0	232	254	0	-2.29E-05	1.19E-05	-5.07E-06	0.000453753
198	13	0	0	0	0	0	0	232	254	0	-2.29E-05	1.19E-05	-5.07E-06	0.000453753
198	14	0	0	0	0	0	0	232	254	0	-2.22E-05	1.21E-05	-7.19E-06	0.000558244
198	15	0	0	0	0	0	0	232	254	0	-2.22E-05	1.21E-05	-7.19E-06	0.000558244
198	16	0	0	0	0	0	0	232	254	0	-2.00E-05	1.13E-05	-1.22E-05	0.000538047
198	17	0	0	0	0	0	0	232	254	0	-1.91E-05	1.04E-05	-1.66E-05	0.000431032
198	18	0	0	0	0	0	0	232	254	0	-1.91E-05	1.04E-05	-1.66E-05	0.000431032
198	19	0	0	0	0	0	0	232	254	0	-1.96E-05	1.10E-05	-1.50E-05	0.000390403
199	0	0	0	0	0	0	0	232	254	0	-1.96E-05	1.10E-05	-1.50E-05	0.000390403
199	1	0	0	0	0	0	0	232	254	0	-2.02E-05	1.18E-05	-2.03E-05	0.000429922
199	2	0	0	0	0	0	0	232	254	0	-2.02E-05	1.18E-05	-2.03E-05	0.000429922
199	3	0	0	0	0	0	0	232	254	0	-2.02E-05	1.20E-05	-3.12E-05	0.000658189
199	4	0	0	0	0	0	0	232	254	0	-2.02E-05	1.20E-05	-3.12E-05	0.000658189
199	5	0	0	0	0	0	0	232	254	0	-2.00E-05	1.22E-05	-3.36E-05	0.000914616
199	6	0	0	0	0	0	0	232	254	0	-1.95E-05	1.17E-05	-2.91E-05	0.000827242
199	7	0	0	0	0	0	0	232	254	0	-1.95E-05	1.17E-05	-2.91E-05	0.000827242
199	8	0	0	0	0	0	0	232	254	0	-1.88E-05	9.68E-06	-3.00E-05	0.000646487
199	9	0	0	0	0	0	0	232	254	0	-1.88E-05	9.68E-06	-3.00E-05	0.000646487
199	10	0	0	0	0	0	0	232	254	0	-1.92E-05	8.09E-06	-3.66E-05	0.000545914
199	11	0	0	0	0	0	0	232	254	0	-1.92E-05	8.09E-06	-3.66E-05	0.000545914
199	12	0	0	0	0	0	0	232	254	0	-2.10E-05	7.14E-06	-4.07E-05	0.000485208
199	13	0	0	0	0	0	0	232	254	0	-2.10E-05	7.14E-06	-4.07E-05	0.000485208
199	14	0	0	0	0	0	0	232	254	0	-2.08E-05	6.42E-06	-3.42E-05	0.000464834
199	15	0	0	0	0	0	0	232	254	0	-2.07E-05	5.98E-06	-2.13E-05	0.000465921
199	16	0	0	0	0	0	0	232	254	0	-2.07E-05	5.98E-06	-2.13E-05	0.000465921
199	17	0	0	0	0	0	0	232	254	0	-2.21E-05	4.84E-06	-1.88E-05	0.00046158
199	18	0	0	0	0	0	0	232	254	0	-2.21E-05	4.84E-06	-1.88E-05	0.00046158
199	19	0	0	0	0	0	0	232	254	0	-2.24E-05	2.52E-06	-2.30E-05	0.000462764
200	0	0	0	0	0	0	0	232	254	0	-2.24E-05	2.52E-06	-2.30E-05	0.000462764
200	1	0	0	0	0	0	0	232	254	0	-2.39E-05	-2.85E-07	-2.49E-05	0.000461898
200	2	0	0	0	0	0	0	232	254	0	-2.39E-05	-2.85E-07	-2.49E-05	0.000461898
200	3	0	0	0	0	0	0	232	254	0	-2.46E-05	-1.17E-06	-2.89E-05	0.000421241
200	4	0	0	0	0	0	0	232	254	0	-2.50E-05	-1.17E-06	-3.37E-05	0.000237928
200	5	0	0	0	0	0	0	232	254	0	-2.50E-05	-1.17E-06	-3.37E-05	0.000237928
200	6	0	0	0	0	0	0	232	254	0	-2.44E-05	-7.13E-07	-3.21E-05	-2.41E-05
200	7	0	0	0	0	0	0	232	254	0	-2.44E-05	-7.13E-07	-3.21E-05	-2.41E-05
200	8	0	0	0	0	0	0	232	254	0	-2.35E-05	-7.35E-07	-1.80E-05	-0.000194874
200	9	0	0	0	0	0	0	232	254	0	-2.35E-05	-7.35E-07	-1.80E-05	-0.000194874
200	10	0	0	0	0	0	0	232	254	0	-2.29E-05	-6.08E-07	2.53E-06	-0.000267774
200	11	0	0	0	0	0	0	232	254	0	-2.29E-05	-6.08E-07	2.53E-06	-0.000267774
200	12	0	0	0	0	0	0	232	254	0	-2.17E-05	-4.15E-08	1.06E-05	-0.000356625
200	13	0	0	0	0	0	0	232	254	0	-1.99E-05	-6.32E-08	5.24E-06	-0.000454829
200	14	0	0	0	0	0	0	232	254	0	-1.99E-05	-6.32E-08	5.24E-06	-0.000454829
200	15	0	0	0	0	0	0	232	254	0	-2.03E-05	-5.14E-07	-1.41E-06	-0.000499954
200	16	0	0	0	0	0	0	232	254	0	-2.03E-05	-5.14E-07	-1.41E-06	-0.000499954
200	17	0	0	0	0	0	0	232	254	0	-2.02E-05	-1.02E-06	-6.31E-06	-0.000537104
200	18	0	0	0	0	0	0	232	254	0	-2.02E-05	-1.02E-06	-6.31E-06	-0.000537104
200	19	0	0	0	0	0	0	232	254	0	-2.04E-05	-4.82E-07	-9.34E-06	-0.000602806
201	0	0	0	0	0	0	0	232	254	0	-2.04E-05	-4.82E-07	-9.34E-06	-0.000602806
201	1	0	0	0	0	0	0	232	254	0	-2.09E-05	9.87E-07	-8.57E-06	-0.000661415
201	2	0	0	0	0	0	0	232	254	0	-1.92E-05	1.51E-06	-8.24E-06	-0.000697603
201	3	0	0	0	0	0	0	232	254	0	-1.92E-05	1.51E-06	-8.24E-06	-0.000697603
201	4	0	0	0	0	0	0	232	254	0	-1.88E-05	8.18E-07	-1.26E-05	-0.000731072
201	5	0	0	0	0	0	0	232	254	0	-1.88E-05	8.18E-07	-1.26E-05	-0.000731072
201	6	0	0	0	0	0	0	232	254	0	-1.94E-05	-4.21E-07	-1.67E-05	-0.000788731
201	7	0	0	0	0	0	0	232	254	0	-1.94E-05	-4.21E-07	-1.67E-05	-0.000788731
201	8	0	0	0	0	0	0	232	254	0	-1.96E-05	-1.07E-06	-1.77E-05	-0.000853307
201	9	0	0	0	0	0	0	232	254	0	-1.96E-05	-1.07E-06	-1.77E-05	-0.000853307
201	10	0	0	0	0	0	0	232	254	0	-1.93E-05	-2.51E-07	-1.59E-05	-0.000899091
201	11	0	0	0	0	0	0	232	254	0	-1.99E-05	1.32E-06	-6.79E-06	-0.000918426
201	12	0	0	0	0	0	0	232	254	0	-1.99E-05	1.32E-06	-6.79E-06	-0.000918426
201	13	0	0	0	0	0	0	232	254	0	-1.94E-05	1.62E-06	1.36E-05	-0.000897685
201	14	0	0	0	0	0	0	232	254	0	-1.94E-05	1.62E-06	1.36E-05	-0.000897685
201	15	0	0	0	0	0	0	232	254	0	-1.86E-05	2.43E-06	4.53E-05	-0.000838231
201	16	0	0	0	0	0	0	232	254	0	-1.86E-05	2.43E-06	4.53E-05	-0.000838231
201	17	0	0	0	0	0	0	232	254	0	-1.83E-05	1.93E-06	5.83E-05	-0.000747174
201	18	0	0	0	0	0	0	232	254	0	-1.83E-05	1.93E-06	5.83E-05	-0.000747174
201	19	0	0	0	0	0	0	232	254	0	-1.93E-05	3.56E-07	4.00E-05	-0.000636057
202	0	0	0	0	0	0	0	232	254	0	-2.04E-05	1.45E-06	1.39E-05	-0.000505866
202	1	0	0	0	0	0	0	232	254	0	-2.04E-05	1.45E-06	1.39E-05	-0.000505866
202	2	0	0	0	0	0	0	232	254	0	-2.04E-05	2.18E-06	-2.27E-06	-0.000350178
202	3	0	0	0	0	0	0	232	254	0	-2.04E-05	2.18E-06	-2.27E-06	-0.000350178
202	4	0	0	0	0	0	0	232	254	0	-2.01E-05	1.37E-06	-9.85E-06	-0.000178346
202	5	0	0	0	0	0	0	232	254	0	-2.01E-05	1.37E-06	-9.85E-06	-0.000178346
202	6	0	0	0	0	0	0	232	254	0	-1.94E-05	2.05E-06	-7.54E-06	-1.09E-07
202	7	0	0	0	0	0	0	232	254	0	-1.94E-05	2.05E-06	-7.54E-06	-1.09E-07
202	8	0	0	0	0	0	0	232	254	0	-1.86E-05	4.14E-06	-9.06E-06	0.000158949
202	9	0	0	0	0	0	0	232	254	0	-1.97E-05	3.94E-06	-1.42E-05	0.000266853
202	10	0	0	0	0	0	0	232	254	0	-1.97E-05	3.94E-06	-1.42E-05	0.000266853
202	11	0	0	0	0	0	0	232	254	0	-2.08E-05	4.68E-06	-8.27E-06	0.000343681
202	12	0	0	0	0	0	0	232	254	0	-2.08E-05	4.68E-06	-8.27E-06	0.000343681
202	13	0	0	0	0	0	0	232	254	0	-2.05E-05	7.40E-06	6.11E-06	0.000408315
202	14	0	0	0	0	0	0	232	254	0	-2.05E-05	7.40E-06	6.11E-06	0.000408315
202	15	0	0	0	0	0	0	232	254	0	-2.19E-05	7.58E-06	1.26E-05	0.000438488
202	16	0	0	0	0	0	0	232	254	0	-2.19E-05	7.58E-06	1.26E-05	0.000438488
202	17	0	0	0	0	0	0	232	254	0	-2.27E-05	7.68E-06	1.35E-05	0.00043745
202	18	0	0	0	0	0	0	232	254	0	-2.06E-05	8.12E-06	3.66E-06	0.000420749
202	19	0	0	0	0	0	0	232	254	0	-2.06E-05	8.12E-06	3.66E-06	0.000420749
203	0	0	0	0	0	0	0	232	254	0	-1.99E-05	8.34E-06	-1.53E-06	0.00039836
203	1	0	0	0	0	0	0	232	254	0	-1.99E-05	8.34E-06	-1.53E-06	0.00039836
203	2	0	0	0	0	0	0	232	254	0	-2.00E-05	8.97E-06	-5.31E-06	0.000386583
203	3	0	0	0	0	0	0	232	254	0	-2.00E-05	8.97E-06	-5.31E-06	0.000386583
203	4	0	0	0	0	0	0	232	254	0	-2.07E-05	1.06E-05	-1.53E-05	0.00036883
203	5	0	0	0	0	0	0	232	254	0	-2.07E-05	1.06E-05	-1.53E-05	0.00036883
203	6	0	0	0	0	0	0	232	254	0	-2.10E-05	9.40E-06	-1.24E-05	0.0003326
203	7	0	0	0	0	0	0	232	254	0	-1.96E-05	8.10E-06	-2.70E-06	0.000279904
203	8	0	0	0	0	0	0	232	254	0	-1.96E-05	8.10E-06	-2.70E-06	0.000279904
203	9	0	0	0	0	0	0	232	254	0	-1.92E-05	8.81E-06	-5.79E-06	0.000214644
203	10	0	0	0	0	0	0	232	254	0	-1.92E-05	8.81E-06	-5.79E-06	0.000214644
203	11	0	0	0	0	0	0	232	254	0	-1.95E-05	9.69E-06	-1.94E-05	0.000151603
203	12	0	0	0	0	0	0	232	254	0	-1.95E-05	9.69E-06	-1.94E-05	0.000151603
203	13	0	0	0	0	0	0	232	254	0	-2.00E-05	9.90E-06	-2.54E-05	0.000109085
203	14	0	0	0	0	0	0	232	254	0	-2.00E-05	9.90E-06	-2.54E-05	0.000109085
203	15	0	0	0	0	0	0	232	254	0	-2.00E-05	9.09E-06	-2.50E-05	8.11E-05
203	16	0	0	0	0	0	0	232	254	0	-2.08E-05	7.92E-06	-2.44E-05	5.44E-05
203	17	0	0	0	0	0	0	232	254	0	-2.08E-05	7.92E-06	-2.44E-05	5.44E-05
203	18	0	0	0	0	0	0	232	254	0	-2.15E-05	7.55E-06	-2.32E-05	3.37E-05
203	19	0	0	0	0	0	0	232	254	0	-2.15E-05	7.55E-06	-2.32E-05	3.37E-05
204	0	0	0	0	0	0	0	232	254	0	-2.20E-05	6.86E-06	-2.54E-05	3.02E-05
204	1	0	0	0	0	0	0	232	254	0	-2.20E-05	6.86E-06	-2.54E-05	3.02E-05
204	2	0	0	0	0	0	0	232	254	0	-2.18E-05	5.62E-06	-2.69E-05	4.34E-05
204	3	0	0	0	0	0	0	232	254	0	-2.18E-05	5.62E-06	-2.69E-05	4.34E-05
204	4	0	0	0	0	0	0	232	254	0	-2.07E-05	5.20E-06	-2.06E-05	6.03E-05
204	5	0	0	0	0	0	0	232	254	0	-2.16E-05	5.55E-06	-1.35E-05	7.76E-05
204	6	0	0	0	0	0	0	232	254	0	-2.16E-05	5.55E-06	-1.35E-05	7.76E-05
204	7	0	0	0	0	0	0	232	254	0	-2.23E-05	5.82E-06	-2.33E-05	0.000102381
204	8	0	0	0	0	0	0	232	254	0	-2.23E-05	5.82E-06	-2.33E-05	0.000102381
204	9	0	0	0	0	0	0	232	254	0	-2.23E-05	5.30E-06	-3.44E-05	0.00012787
204	10	0	0	0	0	0	0	232	254	0	-2.23E-05	5.30E-06	-3.44E-05	0.00012787
204	11	0	0	0	0	0	0	232	254	0	-2.24E-05	5.84E-06	-2.88E-05	0.000149204
204	12	0	0	0	0	0	0	232	254	0	-2.24E-05	5.84E-06	-2.88E-05	0.000149204
204	13	0	0	0	0	0	0	232	254	0	-2.20E-05	6.44E-06	-2.25E-05	0.000171488
204	14	0	0	0	0	0	0	232	254	0	-2.18E-05	6.08E-06	-1.69E-05	0.000193086
204	15	0	0	0	0	0	0	232	254	0	-2.18E-05	6.08E-06	-1.69E-05	0.000193086
204	16	0	0	0	0	0	0	232	254	0	-2.15E-05	7.03E-06	-1.19E-05	0.000211127
204	17	0	0	0	0	0	0	232	254	0	-2.15E-05	7.03E-06	-1.19E-05	0.000211127
204	18	0	0	0	0	0	0	232	254	0	-2.12E-05	7.78E-06	-1.36E-05	0.000228142
204	19	0	0	0	0	0	0	232	254	0	-2.12E-05	7.78E-06	-1.36E-05	0.000228142
205	0	0	0	0	0	0	0	232	254	0	-2.03E-05	7.66E-06	-2.42E-05	0.000243068
205	1	0	0	0	0	0	0	232	254	0	-2.03E-05	7.66E-06	-2.42E-05	0.000243068
205	2	0	0	0	0	0	0	232	254	0	-1.97E-05	6.86E-06	-3.83E-05	0.000253072
205	3	0	0	0	0	0	0	232	254	0	-2.01E-05	4.23E-06	-4.75E-05	0.000260257
205	4	0	0	0	0	0	0	232	254	0	-2.01E-05	4.23E-06	-4.75E-05	0.000260257
205	5	0	0	0	0	0	0	232	254	0	-2.04E-05	4.81E-06	-4.64E-05	0.000258535
205	6	0	0	0	0	0	0	232	254	0	-2.04E-05	4.81E-06	-4.64E-05	0.000258535
205	7	0	0	0	0	0	0	232	254	0	-1.92E-05	6.81E-06	-2.81E-05	0.000249991
205	8	0	0	0	0	0	0	232	254	0	-1.92E-05	6.81E-06	-2.81E-05	0.000249991
205	9	0	0	0	0	0	0	232	254	0	-1.98E-05	7.96E-06	-1.53E-05	0.000243208
205	10	0	0	0	0	0	0	232	254	0	-1.98E-05	7.96E-06	-1.53E-05	0.000243208
205	11	0	0	0	0	0	0	232	254	0	-2.09E-05	7.53E-06	-1.02E-05	0.000239455
205	12	0	0	0	0	0	0	232	254	0	-2.03E-05	7.56E-06	-3.00E-06	0.000236202
205	13	0	0	0	0	0	0	232	254	0	-2.03E-05	7.56E-06	-3.00E-06	0.000236202
205	14	0	0	0	0	0	0	232	254	0	-2.02E-05	7.37E-06	4.73E-07	0.000235157
205	15	0	0	0	0	0	0	232	254	0	-2.02E-05	7.37E-06	4.73E-07	0.000235157
205	16	0	0	0	0	0	0	232	254	0	-2.19E-05	7.22E-06	6.62E-06	0.000235619
205	17	0	0	0	0	0	0	232	254	0	-2.19E-05	7.22E-06	6.62E-06	0.000235619
205	18	0	0	0	0	0	0	232	254	0	-2.38E-05	6.41E-06	1.00E-05	0.000238371
205	19	0	0	0	0	0	0	232	254	0	-2.38E-05	6.41E-06	1.00E-05	0.000238371
206	0	0	0	0	0	0	0	232	254	0	-2.39E-05	7.08E-06	1.05E-05	0.000239983
206	1	0	0	0	0	0	0	232	254	0	-2.32E-05	6.74E-06	9.65E-06	0.00024389
206	2	0	0	0	0	0	0	232	254	0	-2.32E-05	6.74E-06	9.65E-06	0.00024389
206	3	0	0	0	0	0	0	232	254	0	-2.11E-05	5.34E-06	-9.38E-07	0.000245563
206	4	0	0	0	0	0	0	232	254	0	-2.11E-05	5.34E-06	-9.38E-07	0.000245563
206	5	0	0	0	0	0	0	232	254	0	-1.96E-05	3.94E-06	-1.25E-05	0.000242328
206	6	0	0	0	0	0	0	232	254	0	-1.96E-05	3.94E-06	-1.25E-05	0.000242328
206	7	0	0	0	0	0	0	232	254	0	-2.12E-05	3.99E-06	-1.54E-05	0.000238553
206	8	0	0	0	0	0	0	232	254	0	-2.12E-05	3.99E-06	-1.54E-05	0.000238553
206	9	0	0	0	0	0	0	232	254	0	-2.13E-05	5.70E-06	-1.38E-05	0.000225025
206	10	0	0	0	0	0	0	232	254	0	-2.16E-05	6.72E-06	-1.03E-05	0.000196958
206	11	0	0	0	0	0	0	232	254	0	-2.16E-05	6.72E-06	-1.03E-05	0.000196958
206	12	0	0	0	0	0	0	232	254	0	-2.15E-05	4.80E-06	-7.56E-06	0.000165782
206	13	0	0	0	0	0	0	232	254	0	-2.15E-05	4.80E-06	-7.56E-06	0.000165782
206	14	0	0	0	0	0	0	232	254	0	-2.06E-05	3.63E-06	-7.00E-06	0.000137776
206	15	0	0	0	0	0	0	232	254	0	-2.06E-05	3.63E-06	-7.00E-06	0.000137776
206	16	0	0	0	0	0	0	232	254	0	-2.08E-05	3.52E-06	-9.94E-06	0.000110921
206	17	0	0	0	0	0	0	232	254	0	-2.08E-05	3.52E-06	-9.94E-06	0.000110921
206	18	0	0	0	0	0	0	232	254	0	-1.98E-05	3.52E-06	-1.47E-05	7.61E-05
206	19	0	0	0	0	0	0	232	254	0	-1.86E-05	3.99E-06	-1.82E-05	3.74E-05
207	0	0	0	0	0	0	0	232	254	0	-1.86E-05	3.99E-06	-1.82E-05	3.74E-05
207	1	0	0	0	0	0	0	232	254	0	-1.97E-05	5.12E-06	-2.02E-05	-1.93E-06
207	2	0	0	0	0	0	0	232	254	0	-1.97E-05	5.12E-06	-2.02E-05	-1.93E-06
207	3	0	0	0	0	0	0	232	254	0	-2.10E-05	4.38E-06	-1.68E-05	-4.32E-05
207	4	0	0	0	0	0	0	232	254	0	-2.10E-05	4.38E-06	-1.68E-05	-4.32E-05
207	5	0	0	0	0	0	0	232	254	0	-2.15E-05	3.17E-06	-1.00E-05	-8.89E-05
207	6	0	0	0	0	0	0	232	254	0	-2.15E-05	3.17E-06	-1.00E-05	-8.89E-05
207	7	0	0	0	0	0	0	232	254	0	-2.10E-05	4.70E-06	-8.07E-06	-0.000137129
207	8	0	0	0	0	0	0	232	254	0	-2.02E-05	4.61E-06	-4.53E-06	-0.000185868
207	9	0	0	0	0	0	0	232	254	0	-2.02E-05	4.61E-06	-4.53E-06	-0.000185868
207	10	0	0	0	0	0	0	232	254	0	-1.97E-05	3.73E-06	2.92E-06	-0.000231939
207	11	0	0	0	0	0	0	232	254	0	-1.97E-05	3.73E-06	2.92E-06	-0.000231939
207	12	0	0	0	0	0	0	232	254	0	-2.06E-05	3.41E-06	-2.32E-06	-0.000274905
207	13	0	0	0	0	0	0	232	254	0	-2.06E-05	3.41E-06	-2.32E-06	-0.000274905
207	14	0	0	0	0	0	0	232	254	0	-2.14E-05	3.36E-06	-2.25E-05	-0.000312066
207	15	0	0	0	0	0	0	232	254	0	-2.14E-05	3.36E-06	-2.25E-05	-0.000312066
207	16	0	0	0	0	0	0	232	254	0	-2.17E-05	3.24E-06	-3.33E-05	-0.000339469
207	17	0	0	0	0	0	0	232	254	0	-2.21E-05	2.96E-06	-1.79E-05	-0.000364512
207	18	0	0	0	0	0	0	232	254	0	-2.21E-05	2.96E-06	-1.79E-05	-0.000364512
207	19	0	0	0	0	0	0	232	254	0	-2.21E-05	2.62E-06	-6.46E-07	-0.000401352
208	0	0	0	0	0	0	0	232	254	0	-2.21E-05	2.62E-06	-6.46E-07	-0.000401352
208	1	0	0	0	0	0	0	232	254	0	-2.22E-05	3.79E-06	-1.16E-06	-0.000441002
208	2	0	0	0	0	0	0	232	254	0	-2.22E-05	3.79E-06	-1.16E-06	-0.000441002
208	3	0	0	0	0	0	0	232	254	0	-2.23E-05	4.02E-06	-3.52E-07	-0.000474175
208	4	0	0	0	0	0	0	232	254	0	-2.23E-05	4.02E-06	-3.52E-07	-0.000474175
208	5	0	0	0	0	0	0	232	254	0	-2.19E-05	4.09E-06	1.50E-05	-0.000494721
208	6	0	0	0	0	0	0	232	254	0	-2.23E-05	4.43E-06	2.20E-05	-0.000504772
208	7	0	0	0	0	0	0	232	254	0	-2.23E-05	4.43E-06	2.20E-05	-0.000504772
208	8	0	0	0	0	0	0	232	254	0	-2.19E-05	3.61E-06	1.65E-05	-0.000514469
208	9	0	0	0	0	0	0	232	254	0	-2.19E-05	3.61E-06	1.65E-05	-0.000514469
208	10	0	0	0	0	0	0	232	254	0	-2.17E-05	3.19E-06	1.21E-05	-0.000519548
208	11	0	0	0	0	0	0	232	254	0	-2.17E-05	3.19E-06	1.21E-05	-0.000519548
208	12	0	0	0	0	0	0	232	254	0	-2.26E-05	4.23E-06	1.88E-06	-0.000510278
208	13	0	0	0	0	0	0	232	254	0	-2.26E-05	4.23E-06	1.88E-06	-0.000510278
208	14	0	0	0	0	0	0	232	254	0	-2.22E-05	2.85E-06	-7.90E-06	-0.000490128
208	15	0	0	0	0	0	0	232	254	0	-2.08E-05	2.82E-06	-1.38E-05	-0.000457529
208	16	0	0	0	0	0	0	232	254	0	-2.08E-05	2.82E-06	-1.38E-05	-0.000457529
208	17	0	0	0	0	0	0	232	254	0	-2.09E-05	4.34E-06	-1.93E-05	-0.000428756
208	18	0	0	0	0	0	0	232	254	0	-2.09E-05	4.34E-06	-1.93E-05	-0.000428756
208	19	0	0	0	0	0	0	232	254	0	-1.96E-05	5.56E-06	-2.50E-05	-0.000402591
209	0	0	0	0	0	0	0	232	254	0	-1.96E-05	5.56E-06	-2.50E-05	-0.000402591
209	1	0	0	0	0	0	0	232	254	0	-1.86E-05	4.83E-06	-1.86E-05	-0.000363306
209	2	0	0	0	0	0	0	232	254	0	-1.86E-05	4.83E-06	-1.86E-05	-0.000363306
209	3	0	0	0	0	0	0	232	254	0	-1.90E-05	3.21E-06	-1.17E-05	-0.000322015
209	4	0	0	0	0	0	0	232	254	0	-1.81E-05	3.26E-06	-1.28E-05	-0.000273846
209	5	0	0	0	0	0	0	232	254	0	-1.81E-05	3.26E-06	-1.28E-05	-0.000273846
209	6	0	0	0	0	0	0	232	254	0	-1.88E-05	5.03E-06	-1.42E-05	-0.000225975
209	7	0	0	0	0	0	0	232	254	0	-1.88E-05	5.03E-06	-1.42E-05	-0.000225975
209	8	0	0	0	0	0	0	232	254	0	-2.06E-05	4.90E-06	-1.66E-05	-0.000178135
209	9	0	0	0	0	0	0	232	254	0	-2.06E-05	4.90E-06	-1.66E-05	-0.000178135
209	10	0	0	0	0	0	0	232	254	0	-2.10E-05	5.46E-06	-8.38E-06	-0.000132233
209	11	0	0	0	0	0	0	232	254	0	-2.10E-05	5.46E-06	-8.38E-06	-0.000132233
209	12	0	0	0	0	0	0	232	254	0	-1.94E-05	4.49E-06	9.21E-06	-8.50E-05
209	13	0	0	0	0	0	0	232	254	0	-1.91E-05	6.29E-06	1.08E-05	-1.14E-05
209	14	0	0	0	0	0	0	232	254	0	-1.91E-05	6.29E-06	1.08E-05	-1.14E-05
209	15	0	0	0	0	0	0	232	254	0	-1.88E-05	7.85E-06	-1.33E-06	7.81E-05
209	16	0	0	0	0	0	0	232	254	0	-1.88E-05	7.85E-06	-1.33E-06	7.81E-05
209	17	0	0	0	0	0	0	232	254	0	-1.81E-05	6.44E-06	-1.03E-05	0.000146579
209	18	0	0	0	0	0	0	232	254	0	-1.81E-05	6.44E-06	-1.03E-05	0.000146579
209	19	0	0	0	0	0	0	232	254	0	-1.81E-05	6.05E-06	-1.36E-05	0.000200262
210	0	0	0	0	0	0	0	232	254	0	-1.81E-05	6.05E-06	-1.36E-05	0.000200262
210	1	0	0	0	0	0	0	232	254	0	-1.88E-05	7.14E-06	-1.75E-05	0.000251844
210	2	0	0	0	0	0	0	232	254	0	-2.01E-05	6.28E-06	-2.17E-05	0.000309384
210	3	0	0	0	0	0	0	232	254	0	-2.01E-05	6.28E-06	-2.17E-05	0.000309384
210	4	0	0	0	0	0	0	232	254	0	-2.09E-05	5.71E-06	-2.11E-05	0.000365481
210	5	0	0	0	0	0	0	232	254	0	-2.09E-05	5.71E-06	-2.11E-05	0.000365481
210	6	0	0	0	0	0	0	232	254	0	-2.01E-05	4.32E-06	-1.80E-05	0.000432179
210	7	0	0	0	0	0	0	232	254	0	-2.01E-05	4.32E-06	-1.80E-05	0.000432179
210	8	0	0	0	0	0	0	232	254	0	-2.03E-05	3.46E-06	-1.71E-05	0.000482213
210	9	0	0	0	0	0	0	232	254	0	-2.03E-05	3.46E-06	-1.71E-05	0.000482213
210	10	0	0	0	0	0	0	232	254	0	-2.13E-05	2.09E-06	-1.35E-05	0.000493033
210	11	0	0	0	0	0	0	232	254	0	-2.22E-05	1.16E-06	3.37E-07	0.000488834
210	12	0	0	0	0	0	0	232	254	0	-2.22E-05	1.16E-06	3.37E-07	0.000488834
210	13	0	0	0	0	0	0	232	254	0	-2.28E-05	2.28E-06	8.42E-06	0.000481486
210	14	0	0	0	0	0	0	232	254	0	-2.28E-05	2.28E-06	8.42E-06	0.000481486
210	15	0	0	0	0	0	0	232	254	0	-2.28E-05	3.89E-06	4.25E-06	0.000469279
210	16	0	0	0	0	0	0	232	254	0	-2.28E-05	3.89E-06	4.25E-06	0.000469279
210	17	0	0	0	0	0	0	232	254	0	-2.30E-05	2.86E-06	2.89E-06	0.000459047
210	18	0	0	0	0	0	0	232	254	0	-2.30E-05	2.86E-06	2.89E-06	0.000459047
210	19	0	0	0	0	0	0	232	254	0	-2.30E-05	1.72E-06	5.78E-06	0.000453261
211	0	0	0	0	0	0	0	232	254	0	-2.17E-05	3.48E-06	5.03E-06	0.000451735
211	1	0	0	0	0	0	0	232	254	0	-2.17E-05	3.48E-06	5.03E-06	0.000451735
211	2	0	0	0	0	0	0	232	254	0	-2.24E-05	5.17E-06	1.19E-06	0.000457115
211	3	0	0	0	0	0	0	232	254	0	-2.24E-05	5.17E-06	1.19E-06	0.000457115
211	4	0	0	0	0	0	0	232	254	0	-2.39E-05	4.85E-06	-1.44E-06	0.000468241
211	5	0	0	0	0	0	0	232	254	0	-2.39E-05	4.85E-06	-1.44E-06	0.000468241
211	6	0	0	0	0	0	0	232	254	0	-2.43E-05	5.23E-06	-6.41E-06	0.000482101
211	7	0	0	0	0	0	0	232	254	0	-2.43E-05	5.23E-06	-6.41E-06	0.000482101
211	8	0	0	0	0	0	0	232	254	0	-2.21E-05	5.77E-06	-1.43E-05	0.000494224
211	9	0	0	0	0	0	0	232	254	0	-2.11E-05	6.11E-06	-1.60E-05	0.000511198
211	10	0	0	0	0	0	0	232	254	0	-2.11E-05	6.11E-06	-1.60E-05	0.000511198
211	11	0	0	0	0	0	0	232	254	0	-2.13E-05	5.29E-06	-1.24E-05	0.000538696
211	12	0	0	0	0	0	0	232	254	0	-2.13E-05	5.29E-06	-1.24E-05	0.000538696
211	13	0	0	0	0	0	0	232	254	0	-2.09E-05	4.17E-06	-1.20E-05	0.000589052
211	14	0	0	0	0	0	0	232	254	0	-2.09E-05	4.17E-06	-1.20E-05	0.000589052
211	15	0	0	0	0	0	0	232	254	0	-2.08E-05	3.86E-06	-1.44E-05	0.000662006
211	16	0	0	0	0	0	0	232	254	0	-2.08E-05	3.86E-06	-1.44E-05	0.000662006
211	17	0	0	0	0	0	0	232	254	0	-2.15E-05	4.09E-06	-1.52E-05	0.000727595
211	18	0	0	0	0	0	0	232	254	0	-2.21E-05	3.97E-06	-1.41E-05	0.000785165
211	19	0	0	0	0	0	0	232	254	0	-2.21E-05	3.97E-06	-1.41E-05	0.000785165
212	0	0	0	0	0	0	0	232	254	0	-2.13E-05	5.02E-06	-1.31E-05	0.000846291
212	1	0	0	0	0	0	0	232	254	0	-2.13E-05	5.02E-06	-1.31E-05	0.000846291
212	2	0	0	0	0	0	0	232	254	0	-2.17E-05	5.54E-06	-1.34E-05	0.000895529
212	3	0	0	0	0	0	0	232	254	0	-2.17E-05	5.54E-06	-1.34E-05	0.000895529
212	4	0	0	0	0	0	0	232	254	0	-2.14E-05	5.31E-06	-1.54E-05	0.000930637
212	5	0	0	0	0	0	0	232	254	0	-2.14E-05	5.31E-06	-1.54E-05	0.000930637
212	6	0	0	0	0	0	0	232	254	0	-2.02E-05	7.05E-06	-1.86E-05	0.0009578
212	7	0	0	0	0	0	0	232	254	0	-1.91E-05	7.43E-06	-1.80E-05	0.000967255
212	8	0	0	0	0	0	0	232	254	0	-1.91E-05	7.43E-06	-1.80E-05	0.000967255
212	9	0	0	0	0	0	0	232	254	0	-1.87E-05	7.91E-06	-1.50E-05	0.000963016
212	10	0	0	0	0	0	0	232	254	0	-1.87E-05	7.91E-06	-1.50E-05	0.000963016
212	11	0	0	0	0	0	0	232	254	0	-1.98E-05	7.18E-06	-1.21E-05	0.000956492
212	12	0	0	0	0	0	0	232	254	0	-1.98E-05	7.18E-06	-1.21E-05	0.000956492
212	13	0	0	0	0	0	0	232	254	0	-2.25E-05	6.83E-06	-1.07E-05	0.000932941
212	14	0	0	0	0	0	0	232	254	0	-2.25E-05	6.83E-06	-1.07E-05	0.000932941
212	15	0	0	0	0	0	0	232	254	0	-2.38E-05	6.88E-06	-9.60E-06	0.000897623
212	16	0	0	0	0	0	0	232	254	0	-2.26E-05	5.26E-06	-8.77E-06	0.000853593
212	17	0	0	0	0	0	0	232	254	0	-2.26E-05	5.26E-06	-8.77E-06	0.000853593
212	18	0	0	0	0	0	0	232	254	0	-2.07E-05	5.23E-06	-6.25E-06	0.000798567
212	19	0	0	0	0	0	0	232	254	0	-2.07E-05	5.23E-06	-6.25E-06	0.000798567
213	0	0	0	0	0	0	0	232	254	0	-2.16E-05	5.77E-06	-2.66E-06	0.00072785
213	1	0	0	0	0	0	0	232	254	0	-2.16E-05	5.77E-06	-2.66E-06	0.00072785
213	2	0	0	0	0	0	0	232	254	0	-2.28E-05	5.87E-06	-1.28E-06	0.00065604
213	3	0	0	0	0	0	0	232	254	0	-2.28E-05	5.87E-06	-1.28E-06	0.00065604
213	4	0	0	0	0	0	0	232	254	0	-2.44E-05	6.80E-06	-9.44E-07	0.000593605
213	5	0	0	0	0	0	0	232	254	0	-2.50E-05	7.22E-06	-2.00E-06	0.000531743
213	6	0	0	0	0	0	0	232	254	0	-2.50E-05	7.22E-06	-2.00E-06	0.000531743
213	7	0	0	0	0	0	0	232	254	0	-2.24E-05	6.87E-06	-4.60E-06	0.000452791
213	8	0	0	0	0	0	0	232	254	0	-2.24E-05	6.87E-06	-4.60E-06	0.000452791
213	9	0	0	0	0	0	0	232	254	0	-2.10E-05	5.44E-06	-7.85E-06	0.000362175
213	10	0	0	0	0	0	0	232	254	0	-2.10E-05	5.44E-06	-7.85E-06	0.000362175
213	11	0	0	0	0	0	0	232	254	0	-2.25E-05	4.98E-06	-1.03E-05	0.000278426
213	12	0	0	0	0	0	0	232	254	0	-2.25E-05	4.98E-06	-1.03E-05	0.000278426
213	13	0	0	0	0	0	0	232	254	0	-2.28E-05	6.54E-06	-1.14E-05	0.000190142
213	14	0	0	0	0	0	0	232	254	0	-2.10E-05	7.68E-06	-1.39E-05	0.000110018
213	15	0	0	0	0	0	0	232	254	0	-2.10E-05	7.68E-06	-1.39E-05	0.000110018
213	16	0	0	0	0	0	0	232	254	0	-2.01E-05	6.27E-06	-1.97E-05	5.86E-05
213	17	0	0	0	0	0	0	232	254	0	-2.01E-05	6.27E-06	-1.97E-05	5.86E-05
213	18	0	0	0	0	0	0	232	254	0	-1.85E-05	5.19E-06	-2.22E-05	-7.13E-06
213	19	0	0	0	0	0	0	232	254	0	-1.85E-05	5.19E-06	-2.22E-05	-7.13E-06
214	0	0	0	0	0	0	0	232	254	0	-1.68E-05	3.99E-06	-1.79E-05	-8.84E-05
214	1	0	0	0	0	0	0	232	254	0	-1.68E-05	3.99E-06	-1.79E-05	-8.84E-05
214	2	0	0	0	0	0	0	232	254	0	-1.70E-05	4.68E-06	-9.82E-06	-0.000158241
214	3	0	0	0	0	0	0	232	254	0	-1.84E-05	5.32E-06	-6.93E-06	-0.000245148
214	4	0	0	0	0	0	0	232	254	0	-1.84E-05	5.32E-06	-6.93E-06	-0.000245148
214	5	0	0	0	0	0	0	232	254	0	-1.80E-05	4.33E-06	-4.80E-06	-0.000330707
214	6	0	0	0	0	0	0	232	254	0	-1.80E-05	4.33E-06	-4.80E-06	-0.000330707
214	7	0	0	0	0	0	0	232	254	0	-1.69E-05	3.63E-06	-2.24E-06	-0.000377293
214	8	0	0	0	0	0	0	232	254	0	-1.69E-05	3.63E-06	-2.24E-06	-0.000377293
214	9	0	0	0	0	0	0	232	254	0	-1.79E-05	5.37E-06	-3.13E-06	-0.00042452
214	10	0	0	0	0	0	0	232	254	0	-1.79E-05	5.37E-06	-3.13E-06	-0.00042452
214	11	0	0	0	0	0	0	232	254	0	-1.87E-05	6.90E-06	-5.25E-06	-0.000485036
214	12	0	0	0	0	0	0	232	254	0	-1.90E-05	6.06E-06	-7.15E-06	-0.000558145
214	13	0	0	0	0	0	0	232	254	0	-1.90E-05	6.06E-06	-7.15E-06	-0.000558145
214	14	0	0	0	0	0	0	232	254	0	-1.90E-05	4.15E-06	-7.14E-06	-0.000646561
214	15	0	0	0	0	0	0	232	254	0	-1.90E-05	4.15E-06	-7.14E-06	-0.000646561
214	16	0	0	0	0	0	0	232	254	0	-1.62E-05	1.44E-06	-6.19E-06	-0.000701263
214	17	0	0	0	0	0	0	232	254	0	-1.62E-05	1.44E-06	-6.19E-06	-0.000701263
214	18	0	0	0	0	0	0	232	254	0	-1.42E-05	2.82E-06	-7.15E-06	-0.000705224
214	19	0	0	0	0	0	0	232	254	0	-1.42E-05	2.82E-06	-7.15E-06	-0.000705224
215	0	0	0	0	0	0	0	232	254	0	-1.45E-05	3.17E-06	-9.22E-06	-0.000717272
215	1	0	0	0	0	0	0	232	254	0	-1.56E-05	1.70E-06	-1.12E-05	-0.000780003
215	2	0	0	0	0	0	0	232	254	0	-1.56E-05	1.70E-06	-1.12E-05	-0.000780003
215	3	0	0	0	0	0	0	232	254	0	-1.66E-05	1.06E-06	-1.23E-05	-0.000862409
215	4	0	0	0	0	0	0	232	254	0	-1.66E-05	1.06E-06	-1.23E-05	-0.000862409
215	5	0	0	0	0	0	0	232	254	0	-1.86E-05	2.05E-06	-1.17E-05	-0.000958906
215	6	0	0	0	0	0	0	232	254	0	-1.86E-05	2.05E-06	-1.17E-05	-0.000958906
215	7	0	0	0	0	0	0	232	254	0	-2.02E-05	8.99E-07	-1.10E-05	-0.00109557
215	8	0	0	0	0	0	0	232	254	0	-2.02E-05	8.99E-07	-1.10E-05	-0.00109557
215	9	0	0	0	0	0	0	232	254	0	-2.15E-05	-1.22E-06	-9.52E-06	-0.00125019
215	10	0	0	0	0	0	0	232	254	0	-2.24E-05	-2.31E-06	-8.78E-06	-0.00134559
215	11	0	0	0	0	0	0	232	254	0	-2.24E-05	-2.31E-06	-8.78E-06	-0.00134559
215	12	0	0	0	0	0	0	232	254	0	-2.35E-05	-3.44E-06	-9.77E-06	-0.001392
215	13	0	0	0	0	0	0	232	254	0	-2.35E-05	-3.44E-06	-9.77E-06	-0.001392
215	14	0	0	0	0	0	0	232	254	0	-2.52E-05	-5.02E-06	-1.12E-05	-0.00142732
215	15	0	0	0	0	0	0	232	254	0	-2.52E-05	-5.02E-06	-1.12E-05	-0.00142732
215	16	0	0	0	0	0	0	232	254	0	-2.63E-05	-6.46E-06	-1.11E-05	-0.00145085
215	17	0	0	0	0	0	0	232	254	0	-2.63E-05	-6.46E-06	-1.11E-05	-0.00145085
215	18	0	0	0	0	0	0	232	254	0	-2.66E-05	-5.96E-06	-1.15E-05	-0.00144353
215	19	0	0	0	0	0	0	232	254	0	-2.65E-05	-5.89E-06	-1.08E-05	-0.00141809
216	0	0	0	0	0	0	0	232	254	0	-2.65E-05	-5.89E-06	-1.08E-05	-0.00141809
216	1	0	0	0	0	0	0	232	254	0	-2.53E-05	-4.31E-06	-9.48E-06	-0.00140961
216	2	0	0	0	0	0	0	232	254	0	-2.53E-05	-4.31E-06	-9.48E-06	-0.00140961
216	3	0	0	0	0	0	0	232	254	0	-2.45E-05	-1.56E-06	-9.64E-06	-0.00146504
216	4	0	0	0	0	0	0	232	254	0	-2.45E-05	-1.56E-06	-9.64E-06	-0.00146504
216	5	0	0	0	0	0	0	232	254	0	-2.48E-05	-1.13E-06	-1.01E-05	-0.0015285
216	6	0	0	0	0	0	0	232	254	0	-2.48E-05	-1.13E-06	-1.01E-05	-0.0015285
216	7	0	0	0	0	0	0	232	254	0	-2.50E-05	-9.96E-07	-1.05E-05	-0.00155873
216	8	0	0	0	0	0	0	232	254	0	-2.41E-05	-2.00E-06	-1.17E-05	-0.00155261
216	9	0	0	0	0	0	0	232	254	0	-2.41E-05	-2.00E-06	-1.17E-05	-0.00155261
216	10	0	0	0	0	0	0	232	254	0	-2.29E-05	-1.94E-06	-1.26E-05	-0.00156308
216	11	0	0	0	0	0	0	232	254	0	-2.29E-05	-1.94E-06	-1.26E-05	-0.00156308
216	12	0	0	0	0	0	0	232	254	0	-2.17E-05	-1.75E-07	-1.25E-05	-0.00159127
216	13	0	0	0	0	0	0	232	254	0	-2.17E-05	-1.75E-07	-1.25E-05	-0.00159127
216	14	0	0	0	0	0	0	232	254	0	-2.15E-05	7.35E-07	-1.23E-05	-0.00160575
216	15	0	0	0	0	0	0	232	254	0	-2.15E-05	7.35E-07	-1.23E-05	-0.00160575
216	16	0	0	0	0	0	0	232	254	0	-2.03E-05	1.76E-06	-1.25E-05	-0.00160707
216	17	0	0	0	0	0	0	232	254	0	-1.80E-05	1.49E-06	-1.32E-05	-0.00160307
216	18	0	0	0	0	0	0	232	254	0	-1.80E-05	1.49E-06	-1.32E-05	-0.00160307
216	19	0	0	0	0	0	0	232	254	0	-1.75E-05	1.17E-06	-1.26E-05	-0.00157717
217	0	0	0	0	0	0	0	232	254	0	-1.75E-05	1.17E-06	-1.26E-05	-0.00157717
217	1	0	0	0	0	0	0	232	254	0	-1.76E-05	1.75E-06	-1.06E-05	-0.0015329
217	2	0	0	0	0	0	0	232	254	0	-1.76E-05	1.75E-06	-1.06E-05	-0.0015329
217	3	0	0	0	0	0	0	232	254	0	-1.83E-05	3.52E-06	-1.04E-05	-0.00148618
217	4	0	0	0	0	0	0	232	254	0	-1.83E-05	3.52E-06	-1.04E-05	-0.00148618
217	5	0	0	0	0	0	0	232	254	0	-1.89E-05	3.96E-06	-1.02E-05	-0.0014359
217	6	0	0	0	0	0	0	232	254	0	-1.85E-05	4.44E-06	-1.06E-05	-0.00136635
217	7	0	0	0	0	0	0	232	254	0	-1.85E-05	4.44E-06	-1.06E-05	-0.00136635
217	8	0	0	0	0	0	0	232	254	0	-1.90E-05	4.01E-06	-1.02E-05	-0.00126526
217	9	0	0	0	0	0	0	232	254	0	-1.90E-05	4.01E-06	-1.02E-05	-0.00126526
217	10	0	0	0	0	0	0	232	254	0	-2.14E-05	4.50E-06	-7.94E-06	-0.00115081
217	11	0	0	0	0	0	0	232	254	0	-2.14E-05	4.50E-06	-7.94E-06	-0.00115081
217	12	0	0	0	0	0	0	232	254	0	-2.00E-05	6.95E-06	-8.55E-06	-0.00104049
217	13	0	0	0	0	0	0	232	254	0	-2.00E-05	6.95E-06	-8.55E-06	-0.00104049
217	14	0	0	0	0	0	0	232	254	0	-1.83E-05	7.43E-06	-1.04E-05	-0.0009299
217	15	0	0	0	0	0	0	232	254	0	-1.97E-05	6.99E-06	-1.07E-05	-0.00079637
217	16	0	0	0	0	0	0	232	254	0	-1.97E-05	6.99E-06	-1.07E-05	-0.00079637
217	17	0	0	0	0	0	0	232	254	0	-2.08E-05	5.73E-06	-1.08E-05	-0.00063487
217	18	0	0	0	0	0	0	232	254	0	-2.08E-05	5.73E-06	-1.08E-05	-0.00063487
217	19	0	0	0	0	0	0	232	254	0	-1.87E-05	3.58E-06	-1.11E-05	-0.000462052
218	0	0	0	0	0	0	0	232	254	0	-1.87E-05	3.58E-06	-1.11E-05	-0.000462052
218	1	0	0	0	0	0	0	232	254	0	-1.82E-05	1.23E-06	-1.11E-05	-0.000288867
218	2	0	0	0	0	0	0	232	254	0	-1.82E-05	1.23E-06	-1.11E-05	-0.000288867
218	3	0	0	0	0	0	0	232	254	0	-2.00E-05	5.04E-07	-1.04E-05	-0.000107708
218	4	0	0	0	0	0	0	232	254	0	-1.97E-05	2.59E-06	-8.80E-06	7.54E-05
218	5	0	0	0	0	0	0	232	254	0	-1.97E-05	2.59E-06	-8.80E-06	7.54E-05
218	6	0	0	0	0	0	0	232	254	0	-2.00E-05	4.68E-06	-7.99E-06	0.000251449
218	7	0	0	0	0	0	0	232	254	0	-2.00E-05	4.68E-06	-7.99E-06	0.000251449
218	8	0	0	0	0	0	0	232	254	0	-2.01E-05	6.13E-06	-8.93E-06	0.000415416
218	9	0	0	0	0	0	0	232	254	0	-2.01E-05	6.13E-06	-8.93E-06	0.000415416
218	10	0	0	0	0	0	0	232	254	0	-1.93E-05	7.82E-06	-9.63E-06	0.000570466
218	11	0	0	0	0	0	0	232	254	0	-1.93E-05	7.82E-06	-9.63E-06	0.000570466
218	12	0	0	0	0	0	0	232	254	0	-1.90E-05	7.47E-06	-9.27E-06	0.000716215
218	13	0	0	0	0	0	0	232	254	0	-1.99E-05	7.51E-06	-7.79E-06	0.000857451
218	14	0	0	0	0	0	0	232	254	0	-1.99E-05	7.51E-06	-7.79E-06	0.000857451
218	15	0	0	0	0	0	0	232	254	0	-2.17E-05	1.18E-05	-6.52E-06	0.000985385
218	16	0	0	0	0	0	0	232	254	0	-2.17E-05	1.18E-05	-6.52E-06	0.000985385
218	17	0	0	0	0	0	0	232	254	0	-2.23E-05	1.22E-05	-5.29E-06	0.00108907
218	18	0	0	0	0	0	0	232	254	0	-2.23E-05	1.22E-05	-5.29E-06	0.00108907
218	19	0	0	0	0	0	0	232	254	0	-2.14E-05	9.96E-06	-4.17E-06	0.00118615
219	0	0	0	0	0	0	0	232	254	0	-2.14E-05	9.96E-06	-4.17E-06	0.00118615
219	1	0	0	0	0	0	0	232	254	0	-2.16E-05	8.19E-06	-3.74E-06	0.00126885
219	2	0	0	0	0	0	0	232	254	0	-2.12E-05	6.91E-06	-4.62E-06	0.00133003
219	3	0	0	0	0	0	0	232	254	0	-2.12E-05	6.91E-06	-4.62E-06	0.00133003
219	4	0	0	0	0	0	0	232	254	0	-2.20E-05	5.62E-06	-3.88E-06	0.00139233
219	5	0	0	0	0	0	0	232	254	0	-2.20E-05	5.62E-06	-3.88E-06	0.00139233
219	6	0	0	0	0	0	0	232	254	0	-2.03E-05	3.47E-06	-2.43E-06	0.00145974
219	7	0	0	0	0	0	0	232	254	0	-2.03E-05	3.47E-06	-2.43E-06	0.00145974
219	8	0	0	0	0	0	0	232	254	0	-1.98E-05	2.34E-06	-4.21E-06	0.00150846
219	9	0	0	0	0	0	0	232	254	0	-1.98E-05	2.34E-06	-4.21E-06	0.00150846
219	10	0	0	0	0	0	0	232	254	0	-2.00E-05	9.10E-07	-4.97E-06	0.00154332
219	11	0	0	0	0	0	0	232	254	0	-1.94E-05	-2.43E-07	-3.60E-06	0.00157102
219	12	0	0	0	0	0	0	232	254	0	-1.94E-05	-2.43E-07	-3.60E-06	0.00157102
219	13	0	0	0	0	0	0	232	254	0	-2.02E-05	2.50E-06	-2.91E-06	0.00158578
219	14	0	0	0	0	0	0	232	254	0	-2.02E-05	2.50E-06	-2.91E-06	0.00158578
219	15	0	0	0	0	0	0	232	254	0	-2.06E-05	4.67E-06	-4.82E-06	0.00157232
219	16	0	0	0	0	0	0	232	254	0	-2.06E-05	4.67E-06	-4.82E-06	0.00157232
219	17	0	0	0	0	0	0	232	254	0	-2.00E-05	3.53E-06	-8.60E-06	0.0015452
219	18	0	0	0	0	0	0	232	254	0	-2.00E-05	3.53E-06	-8.60E-06	0.0015452
219	19	0	0	0	0	0	0	232	254	0	-1.92E-05	3.66E-06	-1.18E-05	0.00151065
220	0	0	0	0	0	0	0	232	254	0	-1.92E-05	4.38E-06	-1.19E-05	0.00145488
220	1	0	0	0	0	0	0	232	254	0	-1.92E-05	4.38E-06	-1.19E-05	0.00145488
220	2	0	0	0	0	0	0	232	254	0	-1.88E-05	3.84E-06	-9.73E-06	0.00138451
220	3	0	0	0	0	0	0	232	254	0	-1.88E-05	3.84E-06	-9.73E-06	0.00138451
220	4	0	0	0	0	0	0	232	254	0	-2.00E-05	3.29E-06	-5.66E-06	0.00131445
220	5	0	0	0	0	0	0	232	254	0	-2.00E-05	3.29E-06	-5.66E-06	0.00131445
220	6	0	0	0	0	0	0	232	254	0	-2.13E-05	3.07E-06	-2.92E-06	0.00124522
220	7	0	0	0	0	0	0	232	254	0	-2.13E-05	3.07E-06	-2.92E-06	0.00124522
220	8	0	0	0	0	0	0	232	254	0	-2.19E-05	1.86E-06	1.47E-06	0.00117701
220	9	0	0	0	0	0	0	232	254	0	-2.22E-05	3.08E-06	8.28E-06	0.00110694
220	10	0	0	0	0	0	0	232	254	0	-2.22E-05	3.08E-06	8.28E-06	0.00110694
220	11	0	0	0	0	0	0	232	254	0	-2.14E-05	4.09E-06	6.18E-06	0.00102837
220	12	0	0	0	0	0	0	232	254	0	-2.14E-05	4.09E-06	6.18E-06	0.00102837
220	13	0	0	0	0	0	0	232	254	0	-2.05E-05	3.50E-06	-2.97E-06	0.000938938
220	14	0	0	0	0	0	0	232	254	0	-2.05E-05	3.50E-06	-2.97E-06	0.000938938
220	15	0	0	0	0	0	0	232	254	0	-2.14E-05	2.73E-06	-8.64E-06	0.000849935
220	16	0	0	0	0	0	0	232	254	0	-2.14E-05	2.73E-06	-8.64E-06	0.000849935
220	17	0	0	0	0	0	0	232	254	0	-1.99E-05	1.36E-06	-9.85E-06	0.000748427
220	18	0	0	0	0	0	0	232	254	0	-1.85E-05	1.42E-06	-8.75E-06	0.000634833
220	19	0	0	0	0	0	0	232	254	0	-1.85E-05	1.42E-06	-8.75E-06	0.000634833
221	0	0	0	0	0	0	0	232	254	0	-1.69E-05	2.95E-06	-6.84E-06	0.000520533
221	1	0	0	0	0	0	0	232	254	0	-1.69E-05	2.95E-06	-6.84E-06	0.000520533
221	2	0	0	0	0	0	0	232	254	0	-1.54E-05	3.06E-06	-7.25E-06	0.000409496
221	3	0	0	0	0	0	0	232	254	0	-1.54E-05	3.06E-06	-7.25E-06	0.000409496
221	4	0	0	0	0	0	0	232	254	0	-1.63E-05	3.32E-06	-8.07E-06	0.00030742
221	5	0	0	0	0	0	0	232	254	0	-1.63E-05	3.32E-06	-8.07E-06	0.00030742
221	6	0	0	0	0	0	0	232	254	0	-2.04E-05	3.76E-06	-8.34E-06	0.000211308
221	7	0	0	0	0	0	0	232	254	0	-2.27E-05	2.94E-06	-1.01E-05	0.000116531
221	8	0	0	0	0	0	0	232	254	0	-2.27E-05	2.94E-06	-1.01E-05	0.000116531
221	9	0	0	0	0	0	0	232	254	0	-2.11E-05	2.52E-06	-1.04E-05	2.72E-05
221	10	0	0	0	0	0	0	232	254	0	-2.11E-05	2.52E-06	-1.04E-05	2.72E-05
221	11	0	0	0	0	0	0	232	254	0	-1.61E-05	2.29E-06	-8.50E-06	-4.56E-05
221	12	0	0	0	0	0	0	232	254	0	-1.61E-05	2.29E-06	-8.50E-06	-4.56E-05
221	13	0	0	0	0	0	0	232	254	0	-1.17E-05	3.34E-06	-8.30E-06	-0.00010147
221	14	0	0	0	0	0	0	232	254	0	-1.17E-05	3.34E-06	-8.30E-06	-0.00010147
221	15	0	0	0	0	0	0	232	254	0	-1.36E-05	4.55E-06	-1.23E-05	-0.000148215
221	16	0	0	0	0	0	0	232	254	0	-2.00E-05	5.79E-06	-1.62E-05	-0.000186321
221	17	0	0	0	0	0	0	232	254	0	-2.00E-05	5.79E-06	-1.62E-05	-0.000186321
221	18	0	0	0	0	0	0	232	254	0	-2.86E-05	6.67E-06	-1.56E-05	-0.000216542
221	19	0	0	0	0	0	0	232	254	0	-2.86E-05	6.67E-06	-1.56E-05	-0.000216542
222	0	0	0	0	0	0	0	232	254	0	-3.53E-05	6.65E-06	-1.33E-05	-0.000237054
222	1	0	0	0	0	0	0	232	254	0	-3.53E-05	6.65E-06	-1.33E-05	-0.000237054
222	2	0	0	0	0	0	0	232	254	0	-3.89E-05	6.66E-06	-1.20E-05	-0.000248274
222	3	0	0	0	0	0	0	232	254	0	-3.89E-05	6.66E-06	-1.20E-05	-0.000248274
222	4	0	0	0	0	0	0	232	254	0	-3.82E-05	5.79E-06	-1.05E-05	-0.000244688
222	5	0	0	0	0	0	0	232	254	0	-3.60E-05	4.56E-06	-8.51E-06	-0.000218503
222	6	0	0	0	0	0	0	232	254	0	-3.60E-05	4.56E-06	-8.51E-06	-0.000218503
222	7	0	0	0	0	0	0	232	254	0	-3.33E-05	4.43E-06	-7.31E-06	-0.000176268
222	8	0	0	0	0	0	0	232	254	0	-3.33E-05	4.43E-06	-7.31E-06	-0.000176268
222	9	0	0	0	0	0	0	232	254	0	-3.05E-05	6.15E-06	-4.85E-06	-0.000140227
222	10	0	0	0	0	0	0	232	254	0	-3.05E-05	6.15E-06	-4.85E-06	-0.000140227
222	11	0	0	0	0	0	0	232	254	0	-2.81E-05	6.88E-06	-4.32E-06	-0.00010763
222	12	0	0	0	0	0	0	232	254	0	-2.81E-05	6.88E-06	-4.32E-06	-0.00010763
222	13	0	0	0	0	0	0	232	254	0	-2.61E-05	6.19E-06	-8.58E-06	-6.60E-05
222	14	0	0	0	0	0	0	232	254	0	-2.47E-05	5.64E-06	-1.72E-05	-2.97E-05
222	15	0	0	0	0	0	0	232	254	0	-2.47E-05	5.64E-06	-1.72E-05	-2.97E-05
222	16	0	0	0	0	0	0	232	254	0	-2.39E-05	5.31E-06	-2.49E-05	-4.60E-06
222	17	0	0	0	0	0	0	232	254	0	-2.39E-05	5.31E-06	-2.49E-05	-4.60E-06
222	18	0	0	0	0	0	0	232	254	0	-2.27E-05	6.59E-06	-2.37E-05	1.59E-05
222	19	0	0	0	0	0	0	232	254	0	-2.27E-05	6.59E-06	-2.37E-05	1.59E-05
223	0	0	0	0	0	0	0	232	254	0	-2.19E-05	6.75E-06	-1.97E-05	2.89E-05
223	1	0	0	0	0	0	0	232	254	0	-2.19E-05	6.75E-06	-1.97E-05	2.89E-05
223	2	0	0	0	0	0	0	232	254	0	-2.07E-05	5.62E-06	-1.59E-05	3.69E-05
223	3	0	0	0	0	0	0	232	254	0	-1.89E-05	4.97E-06	-1.08E-05	6.06E-05
223	4	0	0	0	0	0	0	232	254	0	-1.89E-05	4.97E-06	-1.08E-05	6.06E-05
223	5	0	0	0	0	0	0	232	254	0	-1.60E-05	4.40E-06	-6.75E-06	0.000113134
223	6	0	0	0	0	0	0	232	254	0	-1.60E-05	4.40E-06	-6.75E-06	0.000113134
223	7	0	0	0	0	0	0	232	254	0	-1.36E-05	3.50E-06	-2.12E-06	0.000169916
223	8	0	0	0	0	0	0	232	254	0	-1.36E-05	3.50E-06	-2.12E-06	0.000169916
223	9	0	0	0	0	0	0	232	254	0	-1.40E-05	5.27E-06	-2.12E-06	0.000193873
223	10	0	0	0	0	0	0	232	254	0	-1.40E-05	5.27E-06	-2.12E-06	0.000193873
223	11	0	0	0	0	0	0	232	254	0	-1.44E-05	8.18E-06	-4.24E-06	0.000184908
223	12	0	0	0	0	0	0	232	254	0	-1.46E-05	8.72E-06	-8.11E-06	0.000176886
223	13	0	0	0	0	0	0	232	254	0	-1.46E-05	8.72E-06	-8.11E-06	0.000176886
223	14	0	0	0	0	0	0	232	254	0	-1.45E-05	7.87E-06	-1.03E-05	0.000187422
223	15	0	0	0	0	0	0	232	254	0	-1.45E-05	7.87E-06	-1.03E-05	0.000187422
223	16	0	0	0	0	0	0	232	254	0	-1.48E-05	6.74E-06	-6.64E-06	0.000171173
223	17	0	0	0	0	0	0	232	254	0	-1.48E-05	6.74E-06	-6.64E-06	0.000171173
223	18	0	0	0	0	0	0	232	254	0	-1.56E-05	6.15E-06	-4.17E-06	0.000125146
223	19	0	0	0	0	0	0	232	254	0	-1.56E-05	6.15E-06	-4.17E-06	0.000125146
224	0	0	0	0	0	0	0	232	254	0	-1.64E-05	7.32E-06	-5.36E-06	9.35E-05
224	1	0	0	0	0	0	0	232	254	0	-1.68E-05	7.77E-06	-6.39E-06	0.00010304
224	2	0	0	0	0	0	0	232	254	0	-1.68E-05	7.77E-06	-6.39E-06	0.00010304
224	3	0	0	0	0	0	0	232	254	0	-1.88E-05	6.80E-06	-7.59E-06	0.000108825
224	4	0	0	0	0	0	0	232	254	0	-1.88E-05	6.80E-06	-7.59E-06	0.000108825
224	5	0	0	0	0	0	0	232	254	0	-2.15E-05	5.34E-06	-1.22E-05	9.22E-05
224	6	0	0	0	0	0	0	232	254	0	-2.15E-05	5.34E-06	-1.22E-05	9.22E-05
224	7	0	0	0	0	0	0	232	254	0	-2.23E-05	3.94E-06	-2.16E-05	7.87E-05
224	8	0	0	0	0	0	0	232	254	0	-2.23E-05	3.94E-06	-2.16E-05	7.87E-05
224	9	0	0	0	0	0	0	232	254	0	-2.20E-05	4.80E-06	-3.10E-05	4.34E-05
224	10	0	0	0	0	0	0	232	254	0	-1.68E-05	7.80E-06	-2.67E-05	-1.83E-05
224	11	0	0	0	0	0	0	232	254	0	-1.68E-05	7.80E-06	-2.67E-05	-1.83E-05
224	12	0	0	0	0	0	0	232	254	0	-1.21E-05	8.20E-06	-1.89E-05	-0.00012483
224	13	0	0	0	0	0	0	232	254	0	-1.21E-05	8.20E-06	-1.89E-05	-0.00012483
224	14	0	0	0	0	0	0	232	254	0	-1.32E-05	8.35E-06	-2.05E-05	-0.000227182
224	15	0	0	0	0	0	0	232	254	0	-1.32E-05	8.35E-06	-2.05E-05	-0.000227182
224	16	0	0	0	0	0	0	232	254	0	-1.95E-05	8.44E-06	-2.25E-05	-0.000319372
224	17	0	0	0	0	0	0	232	254	0	-1.95E-05	8.44E-06	-2.25E-05	-0.000319372
224	18	0	0	0	0	0	0	232	254	0	-2.59E-05	8.86E-06	-2.31E-05	-0.000447103
224	19	0	0	0	0	0	0	232	254	0	-3.00E-05	8.37E-06	-2.43E-05	-0.000582734
225	0	0	0	0	0	0	0	232	254	0	-3.00E-05	8.37E-06	-2.43E-05	-0.000582734
225	1	0	0	0	0	0	0	232	254	0	-3.11E-05	7.48E-06	-2.86E-05	-0.000687475
225	2	0	0	0	0	0	0	232	254	0	-3.11E-05	7.48E-06	-2.86E-05	-0.000687475
225	3	0	0	0	0	0	0	232	254	0	-2.87E-05	7.68E-06	-3.27E-05	-0.000761449
225	4	0	0	0	0	0	0	232	254	0	-2.87E-05	7.68E-06	-3.27E-05	-0.000761449
225	5	0	0	0	0	0	0	232	254	0	-2.64E-05	7.54E-06	-3.28E-05	-0.000849637
225	6	0	0	0	0	0	0	232	254	0	-2.64E-05	7.54E-06	-3.28E-05	-0.000849637
225	7	0	0	0	0	0	0	232	254	0	-2.54E-05	6.11E-06	-2.36E-05	-0.000949052
225	8	0	0	0	0	0	0	232	254	0	-2.33E-05	4.84E-06	-6.33E-06	-0.00103493
225	9	0	0	0	0	0	0	232	254	0	-2.33E-05	4.84E-06	-6.33E-06	-0.00103493
225	10	0	0	0	0	0	0	232	254	0	-2.17E-05	4.88E-06	-3.92E-06	-0.00109157
225	11	0	0	0	0	0	0	232	254	0	-2.17E-05	4.88E-06	-3.92E-06	-0.00109157
225	12	0	0	0	0	0	0	232	254	0	-1.99E-05	5.96E-06	-3.11E-06	-0.00113582
225	13	0	0	0	0	0	0	232	254	0	-1.99E-05	5.96E-06	-3.11E-06	-0.00113582
225	14	0	0	0	0	0	0	232	254	0	-1.86E-05	5.92E-06	1.04E-05	-0.00117495
225	15	0	0	0	0	0	0	232	254	0	-1.86E-05	5.92E-06	1.04E-05	-0.00117495
225	16	0	0	0	0	0	0	232	254	0	-1.76E-05	4.43E-06	2.08E-05	-0.0011996
225	17	0	0	0	0	0	0	232	254	0	-1.87E-05	4.44E-06	2.74E-05	-0.00121336
225	18	0	0	0	0	0	0	232	254	0	-1.87E-05	4.44E-06	2.74E-05	-0.00121336
225	19	0	0	0	0	0	0	232	254	0	-2.10E-05	6.32E-06	2.38E-05	-0.00120314
226	0	0	0	0	0	0	0	232	254	0	-2.10E-05	6.32E-06	2.38E-05	-0.00120314
226	1	0	0	0	0	0	0	232	254	0	-2.15E-05	7.17E-06	9.63E-06	-0.00116025
226	2	0	0	0	0	0	0	232	254	0	-2.15E-05	7.17E-06	9.63E-06	-0.00116025
226	3	0	0	0	0	0	0	232	254	0	-2.12E-05	6.06E-06	3.32E-06	-0.00109547
226	4	0	0	0	0	0	0	232	254	0	-2.12E-05	6.06E-06	3.32E-06	-0.00109547
226	5	0	0	0	0	0	0	232	254	0	-2.10E-05	6.46E-06	6.32E-06	-0.0010131
226	6	0	0	0	0	0	0	232	254	0	-1.99E-05	7.11E-06	6.96E-06	-0.000917042
226	7	0	0	0	0	0	0	232	254	0	-1.99E-05	7.11E-06	6.96E-06	-0.000917042
226	8	0	0	0	0	0	0	232	254	0	-1.89E-05	5.83E-06	4.46E-06	-0.000830532
226	9	0	0	0	0	0	0	232	254	0	-1.89E-05	5.83E-06	4.46E-06	-0.000830532
226	10	0	0	0	0	0	0	232	254	0	-2.01E-05	5.43E-06	1.21E-06	-0.000750659
226	11	0	0	0	0	0	0	232	254	0	-2.01E-05	5.43E-06	1.21E-06	-0.000750659
226	12	0	0	0	0	0	0	232	254	0	-2.12E-05	6.70E-06	-2.15E-06	-0.000659296
226	13	0	0	0	0	0	0	232	254	0	-2.12E-05	6.70E-06	-2.15E-06	-0.000659296
226	14	0	0	0	0	0	0	232	254	0	-2.10E-05	6.99E-06	-5.85E-06	-0.000570709
226	15	0	0	0	0	0	0	232	254	0	-1.98E-05	5.49E-06	-6.47E-06	-0.000499663
226	16	0	0	0	0	0	0	232	254	0	-1.98E-05	5.49E-06	-6.47E-06	-0.000499663
226	17	0	0	0	0	0	0	232	254	0	-1.87E-05	5.79E-06	-6.67E-06	-0.000420292
226	18	0	0	0	0	0	0	232	254	0	-1.87E-05	5.79E-06	-6.67E-06	-0.000420292
226	19	0	0	0	0	0	0	232	254	0	-1.87E-05	6.21E-06	-8.39E-06	-0.000318846
227	0	0	0	0	0	0	0	232	254	0	-1.87E-05	6.21E-06	-8.39E-06	-0.000318846
227	1	0	0	0	0	0	0	232	254	0	-1.88E-05	5.98E-06	-8.02E-06	-0.000220137
227	2	0	0	0	0	0	0	232	254	0	-1.88E-05	5.98E-06	-8.02E-06	-0.000220137
227	3	0	0	0	0	0	0	232	254	0	-1.89E-05	5.18E-06	-8.59E-06	-0.000124417
227	4	0	0	0	0	0	0	232	254	0	-1.77E-05	5.45E-06	-1.13E-05	-2.60E-05
227	5	0	0	0	0	0	0	232	254	0	-1.77E-05	5.45E-06	-1.13E-05	-2.60E-05
227	6	0	0	0	0	0	0	232	254	0	-1.67E-05	5.71E-06	-1.33E-05	7.36E-05
227	7	0	0	0	0	0	0	232	254	0	-1.67E-05	5.71E-06	-1.33E-05	7.36E-05
227	8	0	0	0	0	0	0	232	254	0	-1.60E-05	6.29E-06	-1.42E-05	0.000151439
227	9	0	0	0	0	0	0	232	254	0	-1.60E-05	6.29E-06	-1.42E-05	0.000151439
227	10	0	0	0	0	0	0	232	254	0	-1.71E-05	5.62E-06	-1.33E-05	0.000208655
227	11	0	0	0	0	0	0	232	254	0	-1.71E-05	5.62E-06	-1.33E-05	0.000208655
227	12	0	0	0	0	0	0	232	254	0	-1.79E-05	1.96E-06	-1.33E-05	0.000269009
227	13	0	0	0	0	0	0	232	254	0	-1.98E-05	-1.35E-06	-1.42E-05	0.000352979
227	14	0	0	0	0	0	0	232	254	0	-1.98E-05	-1.35E-06	-1.42E-05	0.000352979
227	15	0	0	0	0	0	0	232	254	0	-2.25E-05	-7.93E-07	-1.39E-05	0.000464714
227	16	0	0	0	0	0	0	232	254	0	-2.25E-05	-7.93E-07	-1.39E-05	0.000464714
227	17	0	0	0	0	0	0	232	254	0	-2.38E-05	-2.84E-07	-1.43E-05	0.000563948
227	18	0	0	0	0	0	0	232	254	0	-2.38E-05	-2.84E-07	-1.43E-05	0.000563948
227	19	0	0	0	0	0	0	232	254	0	-2.31E-05	1.40E-06	-1.76E-05	0.000650506
228	0	0	0	0	0	0	0	232	254	0	-2.31E-05	1.40E-06	-1.76E-05	0.000650506
228	1	0	0	0	0	0	0	232	254	0	-1.51E-05	3.30E-07	-2.15E-05	0.000735959
228	2	0	0	0	0	0	0	232	254	0	-5.15E-06	-2.72E-07	-2.53E-05	0.000805824
228	3	0	0	0	0	0	0	232	254	0	-5.15E-06	-2.72E-07	-2.53E-05	0.000805824
228	4	0	0	0	0	0	0	232	254	0	-4.84E-06	-1.09E-06	-2.66E-05	0.000815593
228	5	0	0	0	0	0	0	232	254	0	-4.84E-06	-1.09E-06	-2.66E-05	0.000815593
228	6	0	0	0	0	0	0	232	254	0	-1.22E-05	-1.97E-06	-2.16E-05	0.00079617
228	7	0	0	0	0	0	0	232	254	0	-1.22E-05	-1.97E-06	-2.16E-05	0.00079617
228	8	0	0	0	0	0	0	232	254	0	-2.23E-05	1.33E-07	-1.56E-05	0.000794256
228	9	0	0	0	0	0	0	232	254	0	-2.23E-05	1.33E-07	-1.56E-05	0.000794256
228	10	0	0	0	0	0	0	232	254	0	-2.96E-05	3.26E-06	-1.42E-05	0.000769132
228	11	0	0	0	0	0	0	232	254	0	-3.24E-05	5.59E-06	-7.55E-06	0.000711465
228	12	0	0	0	0	0	0	232	254	0	-3.24E-05	5.59E-06	-7.55E-06	0.000711465
228	13	0	0	0	0	0	0	232	254	0	-3.21E-05	6.79E-06	5.31E-06	0.000643586
228	14	0	0	0	0	0	0	232	254	0	-3.21E-05	6.79E-06	5.31E-06	0.000643586
228	15	0	0	0	0	0	0	232	254	0	-3.29E-05	8.09E-06	1.45E-05	0.000572916
228	16	0	0	0	0	0	0	232	254	0	-3.29E-05	8.09E-06	1.45E-05	0.000572916
228	17	0	0	0	0	0	0	232	254	0	-3.34E-05	9.49E-06	1.29E-05	0.000507199
228	18	0	0	0	0	0	0	232	254	0	-3.34E-05	9.49E-06	1.29E-05	0.000507199
228	19	0	0	0	0	0	0	232	254	0	-3.05E-05	9.67E-06	1.43E-05	0.000434367
229	0	0	0	0	0	0	0	232	254	0	-2.89E-05	7.83E-06	1.90E-05	0.000350445
229	1	0	0	0	0	0	0	232	254	0	-2.89E-05	7.83E-06	1.90E-05	0.000350445
229	2	0	0	0	0	0	0	232	254	0	-2.92E-05	6.12E-06	1.31E-05	0.000242437
229	3	0	0	0	0	0	0	232	254	0	-2.92E-05	6.12E-06	1.31E-05	0.000242437
229	4	0	0	0	0	0	0	232	254	0	-2.91E-05	4.20E-06	-2.65E-06	0.000108279
229	5	0	0	0	0	0	0	232	254	0	-2.91E-05	4.20E-06	-2.65E-06	0.000108279
229	6	0	0	0	0	0	0	232	254	0	-2.86E-05	3.52E-06	-1.66E-05	-2.09E-05
229	7	0	0	0	0	0	0	232	254	0	-2.86E-05	3.52E-06	-1.66E-05	-2.09E-05
229	8	0	0	0	0	0	0	232	254	0	-2.65E-05	2.37E-06	-2.03E-05	-0.000108097
229	9	0	0	0	0	0	0	232	254	0	-2.15E-05	2.54E-06	-2.03E-05	-0.000158329
229	10	0	0	0	0	0	0	232	254	0	-2.15E-05	2.54E-06	-2.03E-05	-0.000158329
229	11	0	0	0	0	0	0	232	254	0	-1.40E-05	2.62E-06	-1.92E-05	-0.000204377
229	12	0	0	0	0	0	0	232	254	0	-1.40E-05	2.62E-06	-1.92E-05	-0.000204377
229	13	0	0	0	0	0	0	232	254	0	-7.83E-06	2.98E-06	-1.61E-05	-0.000239984
229	14	0	0	0	0	0	0	232	254	0	-7.83E-06	2.98E-06	-1.61E-05	-0.000239984
229	15	0	0	0	0	0	0	232	254	0	-7.14E-06	2.73E-06	-1.35E-05	-0.000244626
229	16	0	0	0	0	0	0	232	254	0	-7.14E-06	2.73E-06	-1.35E-05	-0.000244626
229	17	0	0	0	0	0	0	232	254	0	-1.38E-05	3.21E-06	-1.26E-05	-0.00022923
229	18	0	0	0	0	0	0	232	254	0	-2.46E-05	3.99E-06	-1.09E-05	-0.000185271
229	19	0	0	0	0	0	0	232	254	0	-2.46E-05	3.99E-06	-1.09E-05	-0.000185271
230	0	0	0	0	0	0	0	232	254	0	-3.06E-05	3.62E-06	-9.89E-06	-0.000103941
230	1	0	0	0	0	0	0	232	254	0	-3.06E-05	3.62E-06	-9.89E-06	-0.000103941
230	2	0	0	0	0	0	0	232	254	0	-3.20E-05	3.01E-06	-9.27E-06	1.05E-05
230	3	0	0	0	0	0	0	232	254	0	-3.20E-05	3.01E-06	-9.27E-06	1.05E-05
230	4	0	0	0	0	0	0	232	254	0	-3.07E-05	1.70E-06	-9.87E-06	0.000155158
230	5	0	0	0	0	0	0	232	254	0	-3.07E-05	1.70E-06	-9.87E-06	0.000155158
230	6	0	0	0	0	0	0	232	254	0	-2.70E-05	1.64E-06	-1.35E-05	0.000309654
230	7	0	0	0	0	0	0	232	254	0	-2.37E-05	3.12E-06	-1.68E-05	0.000483393
230	8	0	0	0	0	0	0	232	254	0	-2.37E-05	3.12E-06	-1.68E-05	0.000483393
230	9	0	0	0	0	0	0	232	254	0	-2.13E-05	5.08E-06	-1.90E-05	0.000682113
230	10	0	0	0	0	0	0	232	254	0	-2.13E-05	5.08E-06	-1.90E-05	0.000682113
230	11	0	0	0	0	0	0	232	254	0	-1.83E-05	1.02E-05	-1.80E-05	0.000865776
230	12	0	0	0	0	0	0	232	254	0	-1.83E-05	1.02E-05	-1.80E-05	0.000865776
230	13	0	0	0	0	0	0	232	254	0	-1.68E-05	1.42E-05	-1.75E-05	0.00101225
230	14	0	0	0	0	0	0	232	254	0	-1.68E-05	1.42E-05	-1.75E-05	0.00101225
230	15	0	0	0	0	0	0	232	254	0	-1.90E-05	1.33E-05	-2.17E-05	0.00112454
230	16	0	0	0	0	0	0	232	254	0	-1.84E-05	1.02E-05	-2.57E-05	0.00123202
230	17	0	0	0	0	0	0	232	254	0	-1.84E-05	1.02E-05	-2.57E-05	0.00123202
230	18	0	0	0	0	0	0	232	254	0	-1.60E-05	6.80E-06	-2.44E-05	0.00131563
230	19	0	0	0	0	0	0	232	254	0	-1.60E-05	6.80E-06	-2.44E-05	0.00131563
231	0	0	0	0	0	0	0	232	254	0	-1.50E-05	4.20E-06	-2.29E-05	0.00133353
231	1	0	0	0	0	0	0	232	254	0	-1.50E-05	4.20E-06	-2.29E-05	0.00133353
231	2	0	0	0	0	0	0	232	254	0	-1.45E-05	2.83E-06	-2.17E-05	0.00129775
231	3	0	0	0	0	0	0	232	254	0	-1.45E-05	2.83E-06	-2.17E-05	0.00129775
231	4	0	0	0	0	0	0	232	254	0	-1.47E-05	2.17E-06	-2.04E-05	0.00125522
231	5	0	0	0	0	0	0	232	254	0	-1.49E-05	3.52E-06	-1.81E-05	0.00114476
231	6	0	0	0	0	0	0	232	254	0	-1.49E-05	3.52E-06	-1.81E-05	0.00114476
231	7	0	0	0	0	0	0	232	254	0	-1.60E-05	6.63E-06	-1.20E-05	0.000955888
231	8	0	0	0	0	0	0	232	254	0	-1.60E-05	6.63E-06	-1.20E-05	0.000955888
231	9	0	0	0	0	0	0	232	254	0	-1.75E-05	5.41E-06	-2.51E-06	0.000728019
231	10	0	0	0	0	0	0	232	254	0	-1.75E-05	5.41E-06	-2.51E-06	0.000728019
231	11	0	0	0	0	0	0	232	254	0	-1.83E-05	4.94E-06	3.33E-06	0.000460075
231	12	0	0	0	0	0	0	232	254	0	-1.83E-05	4.94E-06	3.33E-06	0.000460075
231	13	0	0	0	0	0	0	232	254	0	-2.03E-05	1.24E-05	5.11E-06	0.000172892
231	14	0	0	0	0	0	0	232	254	0	-2.06E-05	1.64E-05	1.55E-06	-0.000127823
231	15	0	0	0	0	0	0	232	254	0	-2.06E-05	1.64E-05	1.55E-06	-0.000127823
231	16	0	0	0	0	0	0	232	254	0	-2.03E-05	1.71E-05	7.24E-06	-0.000414196
231	17	0	0	0	0	0	0	232	254	0	-2.03E-05	1.71E-05	7.24E-06	-0.000414196
231	18	0	0	0	0	0	0	232	254	0	-2.08E-05	1.87E-05	1.56E-05	-0.000659637
231	19	0	0	0	0	0	0	232	254	0	-2.08E-05	1.87E-05	1.56E-05	-0.000659637
232	0	0	0	0	0	0	0	232	254	0	-2.17E-05	1.93E-05	8.99E-06	-0.000892448
232	1	0	0	0	0	0	0	232	254	0	-2.17E-05	1.93E-05	8.99E-06	-0.000892448
232	2	0	0	0	0	0	0	232	254	0	-2.37E-05	1.86E-05	2.03E-06	-0.00109672
232	3	0	0	0	0	0	0	232	254	0	-2.67E-05	1.56E-05	3.57E-06	-0.00123367
232	4	0	0	0	0	0	0	232	254	0	-2.67E-05	1.56E-05	3.57E-06	-0.00123367
232	5	0	0	0	0	0	0	232	254	0	-2.85E-05	1.25E-05	8.15E-07	-0.0013331
232	6	0	0	0	0	0	0	232	254	0	-2.85E-05	1.25E-05	8.15E-07	-0.0013331
232	7	0	0	0	0	0	0	232	254	0	-2.81E-05	1.14E-05	-6.91E-06	-0.00140772
232	8	0	0	0	0	0	0	232	254	0	-2.81E-05	1.14E-05	-6.91E-06	-0.00140772
232	9	0	0	0	0	0	0	232	254	0	-2.55E-05	1.15E-05	-1.44E-05	-0.00145706
232	10	0	0	0	0	0	0	232	254	0	-2.55E-05	1.15E-05	-1.44E-05	-0.00145706
232	11	0	0	0	0	0	0	232	254	0	-2.03E-05	1.08E-05	-2.10E-05	-0.0014669
232	12	0	0	0	0	0	0	232	254	0	-1.72E-05	9.83E-06	-1.99E-05	-0.00142913
232	13	0	0	0	0	0	0	232	254	0	-1.72E-05	9.83E-06	-1.99E-05	-0.00142913
232	14	0	0	0	0	0	0	232	254	0	-1.84E-05	9.34E-06	-7.00E-06	-0.00135941
232	15	0	0	0	0	0	0	232	254	0	-1.84E-05	9.34E-06	-7.00E-06	-0.00135941
232	16	0	0	0	0	0	0	232	254	0	-2.19E-05	7.61E-06	1.63E-06	-0.00126246
232	17	-0.37539	1.89576	7.31946	-720.047	799.911	-535.2	341.285	352.374	0	-2.19E-05	7.61E-06	1.63E-06	-0.00126246
232	18	-0.750779	3.79151	14.6389	-1440.09	1599.82	-1070.4	341.285	352.374	0	-2.58E-05	4.10E-06	2.49E-06	-0.00114896
232	19	-1.50477	5.69476	21.8548	-1801.82	2198.81	-1389.27	332.61	336.445	0	-2.58E-05	4.10E-06	2.49E-06	-0.00114896
233	0	-2.25876	7.59801	29.0707	-2163.54	2797.81	-1708.14	328.242	328.423	0	-2.52E-05	1.46E-06	2.99E-06	-0.00100963
233	1	-3.10976	9.47744	35.9321	-2249.84	3257.67	-1815.65	322.662	316.614	0	-2.18E-05	4.92E-07	-5.56E-06	-0.000834306
233	2	-3.96076	11.3569	42.7935	-2336.14	3717.54	-1923.17	318.872	308.591	0	-2.18E-05	4.92E-07	-5.56E-06	-0.000834306
233	3	-5.13289	13.7817	52.238	-2424.53	4316.75	-2076.35	314.636	300.413	0	-2.25E-05	-1.98E-06	-9.80E-06	-0.00068553
233	4	-6.30502	16.2064	61.6825	-2512.92	4915.97	-2229.53	311.698	294.74	0	-2.25E-05	-1.98E-06	-9.80E-06	-0.00068553
233	5	-8.04447	19.5286	75.1284	-2727.25	5759.15	-2450.32	308.657	290.301	0	-2.45E-05	-2.79E-06	-5.27E-06	-0.000565168
233	6	-9.78391	22.8508	88.5743	-2941.58	6602.33	-2671.11	306.54	287.21	0	-2.45E-05	-2.79E-06	-5.27E-06	-0.000565168
233	7	-11.6676	26.5242	108.134	-3151.39	7833.31	-2924.45	304.441	283.143	0	-2.52E-05	-3.03E-06	-1.79E-07	-0.000444067
233	8	-13.5513	30.1976	127.693	-3361.2	9064.29	-3177.79	302.985	280.323	0	-2.52E-05	-3.03E-06	-1.79E-07	-0.000444067
233	9	-15.1871	33.9052	153.383	-3656.8	10681.2	-3431.34	301.637	277.841	0	-2.55E-05	-4.00E-06	-4.38E-06	-0.000306575
233	10	-16.823	37.6127	179.074	-3952.39	12298	-3684.9	300.676	276.071	0	-2.28E-05	-6.10E-06	-1.61E-05	-0.00015224
233	11	-17.9836	41.4725	211.766	-4264.88	14291.5	-3987.75	299.487	274.14	0	-2.28E-05	-6.10E-06	-1.61E-05	-0.00015224
233	12	-19.1443	45.3324	244.458	-4577.38	16285	-4290.6	298.617	272.725	0	-1.82E-05	-7.34E-06	-2.36E-05	-3.48E-05
233	13	-19.0061	48.411	282.731	-4820.68	18432.7	-4666.61	297.195	271.05	0	-1.82E-05	-7.34E-06	-2.36E-05	-3.48E-05
233	14	-18.868	51.4897	321.005	-5063.98	20580.5	-5042.61	296.113	269.775	0	-1.59E-05	-6.63E-06	-2.59E-05	5.72E-05
233	15	-19.3091	57.2156	360.476	-4881.65	22747.9	-5313.32	295.105	267.542	0	-1.59E-05	-6.63E-06	-2.59E-05	5.72E-05
233	16	-19.7501	62.9415	399.947	-4699.32	24915.4	-5584.03	294.297	265.75	0	-1.72E-05	-7.83E-06	-2.57E-05	0.000178902
233	17	-18.3786	71.4233	438.054	-2457.77	27848	-5956.3	295.572	259.611	0	-1.72E-05	-7.83E-06	-2.57E-05	0.000178902
233	18	-17.0071	79.9052	476.16	-216.216	30780.6	-6328.58	296.643	254.454	0	-1.78E-05	-7.40E-06	-1.69E-05	0.000343616
233	19	-15.3368	94.2308	498.7	645.858	31442.3	-6715.79	295.048	252.705	0	-1.67E-05	-6.88E-06	-3.71E-06	0.00059618
234	0	-13.6664	108.556	521.241	1507.93	32104.1	-7103	293.592	251.107	0	-1.67E-05	-6.88E-06	-3.71E-06	0.00059618
234	1	-17.1515	112.913	518.69	-1505.49	30489.4	-5953.42	290.782	256.902	0	-1.67E-05	-7.34E-06	5.14E-06	0.00084455
234	2	-20.6367	117.27	516.139	-4518.9	28874.8	-4803.84	287.944	262.755	0	-1.67E-05	-7.34E-06	5.14E-06	0.00084455
234	3	-27.4081	94.932	492.009	-5675.76	28320.4	-5540.54	289.561	265.536	0	-1.76E-05	-5.01E-06	2.70E-07	0.000969088
234	4	-34.1794	72.5943	467.879	-6832.63	27766.1	-6277.24	291.345	268.603	0	-1.76E-05	-5.01E-06	2.70E-07	0.000969088
234	5	-39.34	49.3056	438.701	-5664.57	27100.9	-6241.69	293.776	266.912	0	-1.65E-05	-3.17E-06	-1.40E-05	0.000943271
234	6	-44.5005	26.0168	409.522	-4496.51	26435.8	-6206.14	296.553	264.98	0	-1.65E-05	-3.17E-06	-1.40E-05	0.000943271
234	7	-53.826	30.6936	387.693	-4091.69	25054.2	-3945.92	296.624	264.554	0	-8.95E-06	-4.82E-06	-2.05E-05	0.000918442
234	8	-63.1516	35.3704	365.864	-3686.86	23672.6	-1685.7	296.703	264.077	0	-1.24E-06	-8.95E-06	-1.81E-05	0.000877697
234	9	-64.674	51.7878	354.738	-4319.75	23273.5	-1849.41	297.608	266.177	0	-1.24E-06	-8.95E-06	-1.81E-05	0.000877697
234	10	-66.1965	68.2052	343.612	-4952.64	22874.4	-2013.12	298.57	268.413	0	-2.40E-06	-1.27E-05	-2.41E-05	0.000658658
234	11	-59.9323	62.876	336.919	-6052.96	22019.5	-3638.18	297.355	271.966	0	-2.40E-06	-1.27E-05	-2.41E-05	0.000658658
234	12	-53.6682	57.5467	330.225	-7153.28	21164.5	-5263.25	296.091	275.662	0	-1.27E-05	-1.20E-05	-3.55E-05	0.000312287
234	13	-44.148	36.2487	326.046	-6418.75	19910.2	-5131.07	293.066	273.687	0	-1.27E-05	-1.20E-05	-3.55E-05	0.000312287
234	14	-34.6277	14.9506	321.866	-5684.22	18655.9	-4998.89	289.962	271.66	0	-2.16E-05	-8.24E-06	-3.54E-05	3.00E-05
234	15	-29.6915	7.621	319.142	-4816.97	18961.7	-2760.15	291.415	269.094	0	-2.16E-05	-8.24E-06	-3.54E-05	3.00E-05
234	16	-24.7553	0.291396	316.417	-3949.71	19267.4	-521.413	292.892	266.483	0	-2.81E-05	-4.80E-06	-2.78E-05	-0.000185262
234	17	-28.8231	7.84272	311.676	-4602.03	19126.2	345.062	293.366	268.765	0	-3.24E-05	-1.89E-06	-2.18E-05	-0.000385818
234	18	-32.891	15.394	306.935	-5254.34	18985	1211.54	293.854	271.119	0	-3.24E-05	-1.89E-06	-2.18E-05	-0.000385818
234	19	-39.4566	22.2727	301.513	-5171.54	18937.2	-1098.59	294.807	271.152	0	-3.41E-05	-1.59E-06	-1.57E-05	-0.000543882
235	0	-46.0223	29.1513	296.09	-5088.74	18889.3	-3408.71	295.796	271.186	0	-3.41E-05	-1.59E-06	-1.57E-05	-0.000543882
235	1	-44.3704	25.2969	288.116	-3988.34	18770.3	-4053.61	297.148	267.843	0	-3.35E-05	-3.47E-06	-2.48E-06	-0.000634729
235	2	-42.7185	21.4425	280.142	-2887.93	18651.3	-4698.52	298.578	264.309	0	-3.35E-05	-3.47E-06	-2.48E-06	-0.000634729
235	3	-32.2217	14.228	275.152	-3302.58	18350.6	-2001.65	298.693	266.003	0	-3.08E-05	-4.66E-06	1.78E-05	-0.000674766
235	4	-21.7249	7.01352	270.162	-3717.24	18049.9	695.216	298.811	267.759	0	-3.08E-05	-4.66E-06	1.78E-05	-0.000674766
235	5	-18.3921	1.81089	272.176	-4388.84	18186.3	1195.54	298.818	270.125	0	-2.88E-05	-5.79E-06	1.66E-05	-0.000677936
235	6	-15.0594	-3.39174	274.189	-5060.44	18322.7	1695.85	298.825	272.456	0	-2.77E-05	-5.75E-06	-3.17E-06	-0.000651508
235	7	-22.2	-6.78545	282.79	-5591.34	18013.3	-361.653	295.699	273.772	0	-2.77E-05	-5.75E-06	-3.17E-06	-0.000651508
235	8	-29.3406	-10.1792	291.39	-6122.24	17704	-2419.16	292.757	275.01	0	-2.55E-05	-7.16E-06	-4.48E-07	-0.000596447
235	9	-35.5391	-14.2455	295.815	-7007.48	17599.3	-1997.75	291.494	277.689	0	-2.55E-05	-7.16E-06	-4.48E-07	-0.000596447
235	10	-41.7376	-18.3119	300.241	-7892.71	17494.5	-1576.35	290.268	280.288	0	-2.33E-05	-5.11E-06	1.31E-05	-0.000526656
235	11	-39.4573	-22.793	299.915	-7521.95	18390.6	366.671	293.319	279.08	0	-2.33E-05	-5.11E-06	1.31E-05	-0.000526656
235	12	-37.177	-27.2742	299.589	-7151.18	19286.6	2309.69	296.377	277.87	0	-2.18E-05	-4.09E-06	1.77E-05	-0.000441228
235	13	-32.5676	-29.6963	298.09	-6425.02	19382	2666.9	297.021	275.554	0	-2.18E-05	-4.09E-06	1.77E-05	-0.000441228
235	14	-27.9582	-32.1185	296.592	-5698.86	19477.4	3024.12	297.671	273.214	0	-1.63E-05	-4.43E-06	1.38E-05	-0.000363698
235	15	-25.6963	-30.8175	297.919	-5712.1	19051.7	1400.15	295.949	273.173	0	-6.52E-06	-3.37E-06	8.91E-06	-0.000314247
235	16	-23.4343	-29.5165	299.246	-5725.33	18626	-223.823	294.243	273.133	0	-6.52E-06	-3.37E-06	8.91E-06	-0.000314247
235	17	-20.992	-25.987	304.341	-5861.15	19528.9	-721.399	296.168	273.259	0	1.10E-06	-4.94E-06	5.93E-06	-0.000317477
235	18	-18.5497	-22.4576	309.437	-5996.97	20431.7	-1218.98	298.029	273.38	0	1.10E-06	-4.94E-06	5.93E-06	-0.000317477
235	19	-18.4441	-25.4547	315.851	-6072.67	20719.4	625.637	297.599	273.226	0	-1.49E-06	-3.91E-06	5.78E-06	-0.000367063
236	0	-18.3386	-28.4518	322.265	-6148.37	21007.1	2470.25	297.186	273.079	0	-1.49E-06	-3.91E-06	5.78E-06	-0.000367063
236	1	-19.0359	-38.282	328.955	-6023.46	20839.5	3145.55	295.351	272.311	0	-1.06E-05	-9.37E-07	6.01E-07	-0.000397105
236	2	-19.7332	-48.1121	335.645	-5898.55	20671.9	3820.84	293.589	271.574	0	-1.06E-05	-9.37E-07	6.01E-07	-0.000397105
236	3	-20.5522	-54.644	338.969	-5948.47	21294.5	2744.01	294.822	271.549	0	-2.15E-05	-5.79E-07	-6.71E-06	-0.000427825
236	4	-21.3712	-61.1759	342.292	-5998.39	21917.2	1667.18	296.031	271.524	0	-2.47E-05	-2.23E-06	-1.24E-05	-0.000481935
236	5	-20.2333	-59.0238	343.693	-6811.02	21794.7	1879.52	295.413	273.817	0	-2.47E-05	-2.23E-06	-1.24E-05	-0.000481935
236	6	-19.0954	-56.8717	345.093	-7623.65	21672.2	2091.86	294.801	276.092	0	-2.14E-05	-3.55E-06	-2.37E-05	-0.000477866
236	7	-17.9639	-55.0483	342.808	-7793.19	21437	2952.4	294.534	276.733	0	-2.14E-05	-3.55E-06	-2.37E-05	-0.000477866
236	8	-16.8324	-53.2248	340.524	-7962.74	21201.8	3812.93	294.262	277.384	0	-1.68E-05	-1.31E-06	-3.57E-05	-0.000391483
236	9	-16.6244	-58.9831	338.33	-7560.66	21496.4	3556	295.537	276.347	0	-1.68E-05	-1.31E-06	-3.57E-05	-0.000391483
236	10	-16.4163	-64.7413	336.137	-7158.57	21791.1	3299.07	296.828	275.297	0	-9.07E-06	3.89E-06	-3.86E-05	-0.00027292
236	11	-17.043	-71.1495	335.785	-7597.4	21919.4	3192.2	297.278	276.626	0	-9.07E-06	3.89E-06	-3.86E-05	-0.00027292
236	12	-17.6696	-77.5577	335.433	-8036.22	22047.8	3085.33	297.729	277.958	0	4.44E-06	7.21E-06	-2.74E-05	-0.000140714
236	13	-19.394	-77.9102	340.758	-8411.99	22177.3	3434.72	297.082	278.686	0	8.31E-06	1.02E-05	-1.18E-05	-3.16E-06
236	14	-21.1184	-78.2628	346.083	-8787.76	22306.9	3784.11	296.455	279.392	0	8.31E-06	1.02E-05	-1.18E-05	-3.16E-06
236	15	-20.6602	-77.7822	352.282	-8952.78	22346.6	4209.51	295.434	279.414	0	-6.94E-06	1.43E-05	-7.63E-06	0.000129717
236	16	-20.2019	-77.3016	358.482	-9117.79	22386.3	4634.9	294.448	279.435	0	-6.94E-06	1.43E-05	-7.63E-06	0.000129717
236	17	-17.4911	-81.9147	362.27	-9356.96	22534.7	4627.51	294.204	279.829	0	-3.14E-05	1.47E-05	-1.61E-05	0.00024849
236	18	-14.7804	-86.5279	366.059	-9596.13	22683.2	4620.11	293.966	280.215	0	-3.14E-05	1.47E-05	-1.61E-05	0.00024849
236	19	-11.8608	-89.2992	367.853	-9177.59	23303.7	4191.07	295.35	278.949	0	-5.13E-05	1.48E-05	-2.51E-05	0.00034771
237	0	-8.94119	-92.0706	369.648	-8759.05	23924.2	3762.04	296.721	277.696	0	-5.13E-05	1.48E-05	-2.51E-05	0.00034771
237	1	-8.93082	-87.9362	370.21	-8414.4	24047.2	4183.57	296.956	276.729	0	-6.02E-05	1.68E-05	-2.28E-05	0.000426749
237	2	-8.92045	-83.8018	370.771	-8069.74	24170.2	4605.1	297.189	275.765	0	-5.90E-05	1.62E-05	-1.25E-05	0.000482802
237	3	-8.7803	-79.5195	372.966	-8185.98	24193	4835.39	296.866	275.948	0	-5.90E-05	1.62E-05	-1.25E-05	0.000482802
237	4	-8.64015	-75.2371	375.161	-8302.23	24215.7	5065.67	296.548	276.13	0	-5.39E-05	1.28E-05	-3.57E-06	0.000510233
237	5	-8.18473	-76.6374	377.355	-8434.05	24800.8	4374.91	297.723	276.35	0	-5.39E-05	1.28E-05	-3.57E-06	0.000510233
237	6	-7.72931	-78.0378	379.549	-8565.86	25385.9	3684.14	298.884	276.569	0	-4.53E-05	1.08E-05	6.47E-06	0.000514179
237	7	-7.7511	-82.1902	383.142	-8799.81	25235.5	3863.41	297.865	276.968	0	-4.53E-05	1.08E-05	6.47E-06	0.000514179
237	8	-7.77289	-86.3427	386.735	-9033.75	25085.2	4042.69	296.864	277.359	0	-2.92E-05	8.90E-06	1.78E-05	0.000500943
237	9	-8.07964	-87.2731	389.744	-9419.24	24919.6	4716.68	295.938	278.168	0	-2.92E-05	8.90E-06	1.78E-05	0.000500943
237	10	-8.38638	-88.2034	392.753	-9804.72	24754	5390.67	295.027	278.964	0	-2.03E-05	6.95E-06	1.99E-05	0.000472738
237	11	-9.51542	-87.0997	395.534	-10220.4	25214.9	5202.04	295.749	279.839	0	-2.48E-05	4.18E-06	1.25E-05	0.000437227
237	12	-10.6445	-85.996	398.316	-10636	25675.9	5013.4	296.461	280.703	0	-2.48E-05	4.18E-06	1.25E-05	0.000437227
237	13	-12.716	-84.9839	398.241	-11022.1	25693.1	4522.28	296.517	281.677	0	-3.42E-05	2.73E-06	1.87E-06	0.000396414
237	14	-14.7875	-83.9718	398.165	-11408.1	25710.3	4031.16	296.572	282.652	0	-3.42E-05	2.73E-06	1.87E-06	0.000396414
237	15	-15.9241	-82.2058	398.695	-11188.2	25845.4	3990.62	296.825	282.062	0	-3.76E-05	5.76E-06	-7.77E-06	0.000353086
237	16	-17.0606	-80.4397	399.225	-10968.4	25980.4	3950.07	297.077	281.474	0	-3.76E-05	5.76E-06	-7.77E-06	0.000353086
237	17	-15.7536	-77.1062	401.632	-10863.4	26446.9	4212.75	297.849	281.048	0	-3.41E-05	9.88E-06	-1.57E-05	0.000311993
237	18	-14.4467	-73.7726	404.038	-10758.5	26913.4	4475.44	298.611	280.628	0	-3.41E-05	9.88E-06	-1.57E-05	0.000311993
237	19	-13.8069	-71.2499	409.244	-11119.1	27162.8	4427.66	298.373	281.17	0	-2.64E-05	1.30E-05	-2.34E-05	0.000271582
238	0	-13.167	-68.7272	414.45	-11479.7	27412.2	4379.88	298.141	281.699	0	-1.74E-05	1.60E-05	-2.62E-05	0.00024046
238	1	-14.4095	-67.006	422.351	-11491	27840.1	3744.92	297.917	281.207	0	-1.74E-05	1.60E-05	-2.62E-05	0.00024046
238	2	-15.652	-65.2849	430.251	-11502.2	28268	3109.96	297.701	280.734	0	-1.11E-05	1.65E-05	-2.70E-05	0.000221364
238	3	-16.3446	-63.2753	438.248	-11672.6	28875.2	3177.29	297.888	280.635	0	-1.11E-05	1.65E-05	-2.70E-05	0.000221364
238	4	-17.0371	-61.2657	446.245	-11842.9	29482.4	3244.62	298.068	280.539	0	-9.10E-06	1.44E-05	-3.05E-05	0.000205059
238	5	-16.1064	-58.9843	453.197	-12251.1	30038	3746.91	298.28	281.033	0	-9.10E-06	1.44E-05	-3.05E-05	0.000205059
238	6	-15.1758	-56.703	460.15	-12659.3	30593.6	4249.2	298.486	281.511	0	-9.01E-06	1.27E-05	-3.62E-05	0.000192264
238	7	-14.5284	-54.6227	464.988	-12728.1	31133.6	3825.91	298.956	281.373	0	-9.01E-06	1.27E-05	-3.62E-05	0.000192264
238	8	-13.881	-52.5425	469.827	-12796.9	31673.6	3402.62	299.416	281.238	0	-8.48E-06	1.36E-05	-4.01E-05	0.000186282
238	9	-13.8146	-50.9975	474.823	-13320.2	32013.2	2897.53	299.421	282.053	0	-1.10E-05	1.15E-05	-4.71E-05	0.000184906
238	10	-13.7482	-49.4526	479.82	-13843.4	32352.7	2392.44	299.427	282.851	0	-1.10E-05	1.15E-05	-4.71E-05	0.000184906
238	11	-13.7156	-48.5632	484.184	-14695.1	32883.4	2506.7	299.915	284.35	0	-1.13E-05	7.46E-06	-5.31E-05	0.000194067
238	12	-13.683	-47.6737	488.549	-15546.8	33414.2	2620.95	300.395	285.822	0	-1.13E-05	7.46E-06	-5.31E-05	0.000194067
238	13	-14.1033	-48.0695	494.68	-16062.3	34090.9	2841.3	300.915	286.47	0	-6.97E-06	4.59E-06	-4.51E-05	0.000216297
238	14	-14.5236	-48.4652	500.811	-16577.8	34767.6	3061.65	301.423	287.102	0	-6.97E-06	4.59E-06	-4.51E-05	0.000216297
238	15	-14.9391	-50.0723	508.598	-17075.2	35194.8	2979.55	301.2	287.573	0	-4.05E-06	5.25E-06	-2.60E-05	0.00024086
238	16	-15.3546	-51.6793	516.386	-17572.6	35622	2897.46	300.983	288.03	0	-4.05E-06	5.25E-06	-2.60E-05	0.00024086
238	17	-14.0223	-52.2154	524.677	-18020.9	36321.5	2637.81	301.226	288.347	0	-2.37E-06	7.50E-06	-3.07E-07	0.00026377
238	18	-12.69	-52.7515	532.968	-18469.2	37020.9	2378.16	301.462	288.654	0	-3.12E-06	8.69E-06	2.10E-05	0.000289505
238	19	-9.64679	-51.5724	540.536	-18743.5	37741.7	2460.48	301.823	288.676	0	-3.12E-06	8.69E-06	2.10E-05	0.000289505
239	0	-6.60361	-50.3933	548.103	-19017.9	38462.6	2542.79	302.174	288.698	0	-9.14E-06	7.04E-06	2.92E-05	0.000320519
239	1	-3.56545	-49.9449	554.838	-19121.9	38872	2741.57	302.06	288.464	0	-9.14E-06	7.04E-06	2.92E-05	0.000320519
239	2	-0.52729	-49.4965	561.573	-19225.8	39281.5	2940.34	301.949	288.236	0	-1.54E-05	3.89E-06	2.35E-05	0.000356377
239	3	1.26957	-50.7218	566.648	-19434.1	39782.2	2739.17	302.206	288.297	0	-1.54E-05	3.89E-06	2.35E-05	0.000356377
239	4	3.06644	-51.9471	571.722	-19642.4	40282.9	2538	302.459	288.357	0	-2.12E-05	2.85E-06	4.61E-06	0.000396767
239	5	3.40685	-54.8412	575.389	-20277.9	40678	2608.38	302.696	289.242	0	-2.12E-05	2.85E-06	4.61E-06	0.000396767
239	6	3.74727	-57.7354	579.057	-20913.3	41073.1	2678.75	302.931	290.116	0	-2.42E-05	6.33E-06	-8.31E-06	0.000433349
239	7	2.70789	-61.4092	582.156	-21570.8	41330.2	3074.9	302.995	291.053	0	-2.70E-05	1.47E-05	-9.40E-06	0.000463188
239	8	1.66852	-65.083	585.255	-22228.3	41587.4	3471.05	303.059	291.981	0	-2.70E-05	1.47E-05	-9.40E-06	0.000463188
239	9	0.668244	-69.1411	588.353	-22683.4	41880.9	3697.09	303.183	292.554	0	-3.20E-05	2.23E-05	-6.99E-06	0.000499622
239	10	-0.332028	-73.1992	591.451	-23138.5	42174.4	3923.13	303.307	293.122	0	-3.20E-05	2.23E-05	-6.99E-06	0.000499622
239	11	0.0746145	-76.704	595.886	-23515.1	42614.3	3998.57	303.514	293.462	0	-3.52E-05	2.43E-05	-6.09E-06	0.000545002
239	12	0.481257	-80.2087	600.321	-23891.7	43054.2	4074.01	303.719	293.798	0	-3.52E-05	2.43E-05	-6.09E-06	0.000545002
239	13	2.15741	-81.6349	604.962	-24185.8	43480.7	4184.53	303.873	293.979	0	-3.52E-05	2.20E-05	1.72E-06	0.000591165
239	14	3.83356	-83.0611	609.603	-24479.8	43907.2	4295.06	304.026	294.157	0	-3.52E-05	2.20E-05	1.72E-06	0.000591165
239	15	5.32396	-84.4272	615.116	-24717	44207.2	4551.47	303.868	294.183	0	-2.22E-05	1.94E-05	1.97E-05	0.000635494
239	16	6.81435	-85.7933	620.629	-24954.1	44507.1	4807.89	303.713	294.208	0	-5.21E-06	1.79E-05	2.31E-05	0.00067826
239	17	7.77453	-89.0477	624.82	-25259	44919.8	4985.13	303.892	294.426	0	-5.21E-06	1.79E-05	2.31E-05	0.00067826
239	18	8.73471	-92.302	629.011	-25563.8	45332.5	5162.36	304.07	294.641	0	-2.60E-06	1.76E-05	1.86E-05	0.000723569
239	19	8.52897	-96.2341	632.521	-26043.9	45678.5	5320.4	304.217	295.175	0	-2.60E-06	1.76E-05	1.86E-05	0.000723569
240	0	8.32324	-100.166	636.03	-26524	46024.5	5478.43	304.362	295.702	0	-8.67E-06	1.74E-05	1.20E-05	0.000784129
240	1	7.1053	-103.533	638.922	-27022.8	46231.4	5817.74	304.358	296.294	0	-8.67E-06	1.74E-05	1.20E-05	0.000784129
240	2	5.88736	-106.9	641.815	-27521.5	46438.2	6157.06	304.355	296.881	0	-1.60E-05	1.39E-05	-6.25E-07	0.000869117
240	3	5.35241	-109.281	644.465	-27824	46705.5	6394.76	304.472	297.174	0	-1.60E-05	1.39E-05	-6.25E-07	0.000869117
240	4	4.81745	-111.662	647.115	-28126.5	46972.9	6632.46	304.588	297.464	0	-2.41E-05	1.21E-05	-9.61E-06	0.000981979
240	5	5.39829	-113.897	650.364	-28436.3	47339.9	6733.08	304.79	297.724	0	-2.12E-05	1.13E-05	-6.14E-06	0.00111515
240	6	5.97914	-116.132	653.612	-28746.1	47706.9	6833.7	304.99	297.98	0	-2.12E-05	1.13E-05	-6.14E-06	0.00111515
240	7	7.0557	-117.646	657.023	-28950.8	47995.2	6903.98	305.049	298.064	0	-1.01E-05	1.11E-05	1.98E-06	0.00125762
240	8	8.13226	-119.16	660.435	-29155.4	48283.6	6974.27	305.109	298.146	0	-1.01E-05	1.11E-05	1.98E-06	0.00125762
240	9	9.03517	-120.057	664.552	-29434.2	48543.6	7112.43	305.047	298.292	0	-1.13E-05	1.08E-05	-7.97E-07	0.00142236
240	10	9.93808	-120.954	668.669	-29713.1	48803.6	7250.59	304.986	298.436	0	-1.13E-05	1.08E-05	-7.97E-07	0.00142236
240	11	10.6705	-122.309	672.11	-30143	49111.1	7371.71	305.07	298.848	0	-2.60E-05	1.04E-05	-1.34E-05	0.00162498
240	12	11.4029	-123.664	675.55	-30572.9	49418.5	7492.84	305.153	299.256	0	-2.60E-05	1.04E-05	-1.34E-05	0.00162498
240	13	11.5547	-125.403	678.851	-30945.6	49713.9	7492.38	305.232	299.585	0	-4.05E-05	9.54E-06	-2.16E-05	0.00185718
240	14	11.7066	-127.142	682.151	-31318.2	50009.2	7491.91	305.311	299.911	0	-4.77E-05	8.77E-06	-2.36E-05	0.00212583
240	15	11.778	-128.091	684.53	-31642.3	50254.4	7535.87	305.414	300.225	0	-4.77E-05	8.77E-06	-2.36E-05	0.00212583
240	16	11.8493	-129.039	686.908	-31966.3	50499.6	7579.83	305.517	300.536	0	-4.76E-05	9.72E-06	-3.00E-05	0.00238176
240	17	12.4593	-128.958	689.748	-32385.7	50797.2	7616.96	305.646	300.953	0	-4.76E-05	9.72E-06	-3.00E-05	0.00238176
240	18	13.0693	-128.877	692.588	-32805.1	51094.8	7654.09	305.774	301.366	0	-4.35E-05	1.12E-05	-3.90E-05	0.00254436
240	19	14.1713	-128.388	695.75	-33198.2	51442	7625.54	305.938	301.716	0	-4.35E-05	1.12E-05	-3.90E-05	0.00254436
241	0	15.2732	-127.898	698.912	-33591.4	51789.3	7597	306.1	302.062	0	-4.07E-05	1.08E-05	-4.10E-05	0.00266029
241	1	16.1641	-127.403	702.95	-33898.1	52134	7528.31	306.165	302.223	0	-4.07E-05	1.08E-05	-4.10E-05	0.00266029
241	2	17.0549	-126.907	706.987	-34204.9	52478.7	7459.63	306.229	302.381	0	-3.77E-05	1.02E-05	-3.73E-05	0.00265868
241	3	17.6932	-126.584	711.809	-34529.3	52876.3	7457.3	306.284	302.509	0	-3.35E-05	8.45E-06	-3.81E-05	0.00246255
241	4	18.3315	-126.26	716.63	-34853.6	53273.8	7454.97	306.339	302.635	0	-3.35E-05	8.45E-06	-3.81E-05	0.00246255
241	5	18.9203	-125.983	720.997	-35279.1	53627.2	7506.78	306.379	302.931	0	-2.70E-05	7.37E-06	-4.63E-05	0.00247967
241	6	19.5092	-125.705	725.363	-35704.5	53980.7	7558.59	306.419	303.223	0	-2.70E-05	7.37E-06	-4.63E-05	0.00247967
241	7	19.6686	-125.421	729.602	-36043.8	54241.3	7543.77	306.344	303.402	0	-2.44E-05	8.14E-06	-5.11E-05	0.00320187
241	8	19.8281	-125.137	733.84	-36383.2	54501.9	7528.94	306.27	303.579	0	-2.44E-05	8.14E-06	-5.11E-05	0.00320187
241	9	19.7162	-124.65	737.286	-36715	54762.2	7494.12	306.275	303.797	0	-2.23E-05	8.56E-06	-4.65E-05	0.00434981
241	10	19.6043	-124.164	740.732	-37046.7	55022.5	7459.3	306.281	304.014	0	-2.23E-05	8.56E-06	-4.65E-05	0.00434981
241	11	19.886	-123.424	743.4	-37319.5	55327.3	7468.58	306.425	304.201	0	-1.84E-05	6.94E-06	-3.88E-05	0.00475246
241	12	20.1676	-122.685	746.068	-37592.4	55632.2	7477.86	306.567	304.387	0	-1.45E-05	4.59E-06	-2.99E-05	0.00405338
241	13	20.3463	-121.866	749.128	-37800.8	55899.3	7522.78	306.619	304.46	0	-1.45E-05	4.59E-06	-2.99E-05	0.00405338
241	14	20.525	-121.048	752.187	-38009.2	56166.5	7567.7	306.671	304.532	0	-6.77E-06	4.09E-06	-1.38E-05	0.00311881
241	15	20.5294	-120.622	755.469	-38197	56393.7	7562.69	306.647	304.561	0	-6.77E-06	4.09E-06	-1.38E-05	0.00311881
241	16	20.5339	-120.195	758.75	-38384.9	56621	7557.68	306.624	304.59	0	6.57E-06	6.05E-06	1.31E-05	0.00214677
241	17	20.5599	-119.997	761.222	-38601.8	56837.1	7570.38	306.666	304.71	0	6.57E-06	6.05E-06	1.31E-05	0.00214677
241	18	20.586	-119.799	763.695	-38818.8	57053.3	7583.09	306.707	304.83	0	1.58E-05	8.04E-06	3.93E-05	0.000708149
241	19	20.4911	-119.617	765.959	-39004.5	57217.2	7686.99	306.7	304.922	0	1.58E-05	8.04E-06	3.93E-05	0.000708149
242	0	20.3963	-119.435	768.223	-39190.3	57381.2	7790.88	306.693	305.014	0	2.53E-05	8.33E-06	5.47E-05	-0.00113817
242	1	20.0851	-119.131	769.982	-39357.9	57516	7863.97	306.698	305.115	0	3.84E-05	5.21E-06	6.24E-05	-0.00290215
242	2	19.7739	-118.828	771.74	-39525.5	57650.8	7937.06	306.702	305.216	0	3.84E-05	5.21E-06	6.24E-05	-0.00290215
242	3	19.6833	-118.528	772.82	-39643.3	57782.9	7953.74	306.769	305.297	0	3.54E-05	2.35E-06	5.48E-05	-0.00405112
242	4	19.5927	-118.227	773.9	-39761.1	57915.1	7970.43	306.835	305.378	0	3.54E-05	2.35E-06	5.48E-05	-0.00405112
242	5	19.7018	-117.894	775.039	-39934.1	58062.4	7998.9	306.916	305.525	0	4.49E-06	5.66E-08	2.55E-05	-0.0040455
242	6	19.8109	-117.56	776.178	-40107.2	58209.8	8027.38	306.995	305.673	0	4.49E-06	5.66E-08	2.55E-05	-0.0040455
242	7	19.9154	-117.241	777.268	-40265.1	58281.6	8082.31	306.983	305.803	0	-3.36E-05	-7.87E-07	4.19E-06	-0.00326911
242	8	20.0199	-116.921	778.357	-40422.9	58353.3	8137.25	306.97	305.934	0	-3.36E-05	-7.87E-07	4.19E-06	-0.00326911
242	9	20.0768	-116.988	779.523	-40520.1	58429.2	8188	306.955	305.981	0	-6.07E-05	3.19E-07	-4.62E-06	-0.00240504
242	10	20.1338	-117.054	780.689	-40617.2	58505.1	8238.76	306.94	306.027	0	-7.42E-05	-1.48E-06	-1.14E-05	-0.00150236
242	11	20.3109	-117.034	781.949	-40726.8	58633.2	8242.25	306.983	306.084	0	-7.42E-05	-1.48E-06	-1.14E-05	-0.00150236
242	12	20.488	-117.013	783.209	-40836.3	58761.3	8245.74	307.026	306.14	0	-7.54E-05	-5.88E-06	-1.15E-05	-0.000744227
242	13	20.7204	-116.78	784.236	-40986.9	58856	8283.99	307.049	306.263	0	-7.54E-05	-5.88E-06	-1.15E-05	-0.000744227
242	14	20.9527	-116.546	785.264	-41137.4	58950.6	8322.24	307.071	306.387	0	-6.42E-05	-1.00E-05	-4.55E-06	0.000275834
242	15	21.225	-116.201	785.518	-41268.4	58997	8359.92	307.106	306.537	0	-6.42E-05	-1.00E-05	-4.55E-06	0.000275834
242	16	21.4973	-115.856	785.771	-41399.5	59043.4	8397.6	307.141	306.686	0	-5.06E-05	-1.31E-05	3.95E-06	0.00154501
242	17	21.9257	-115.683	786.335	-41529.3	59118.9	8417.15	307.183	306.814	0	-5.06E-05	-1.31E-05	3.95E-06	0.00154501
242	18	22.354	-115.51	786.899	-41659	59194.5	8436.71	307.225	306.941	0	-4.37E-05	-1.56E-05	1.94E-05	0.00190756
242	19	22.8363	-115.35	787.272	-41788.3	59297.7	8413.6	307.32	307.08	0	-4.06E-05	-1.23E-05	2.62E-05	0.000971803
243	0	23.3186	-115.191	787.645	-41917.6	59400.8	8390.5	307.416	307.219	0	-4.06E-05	-1.23E-05	2.62E-05	0.000971803
243	1	23.6292	-114.852	788.158	-42060	59465.8	8399.28	307.449	307.365	0	-3.40E-05	-1.01E-05	2.21E-05	-0.000602221
243	2	23.9398	-114.513	788.671	-42202.5	59530.9	8408.06	307.483	307.511	0	-3.40E-05	-1.01E-05	2.21E-05	-0.000602221
243	3	24.3442	-114.256	789.804	-42397.8	59620.1	8450.33	307.487	307.681	0	-2.00E-05	-1.26E-05	1.72E-05	-0.00212963
243	4	24.7486	-114	790.936	-42593.2	59709.3	8492.6	307.492	307.852	0	-2.00E-05	-1.26E-05	1.72E-05	-0.00212963
243	5	25.1699	-113.7	792	-42741.7	59839.7	8461.14	307.555	307.967	0	-1.12E-05	-1.46E-05	-2.59E-06	-0.00334436
243	6	25.5913	-113.4	793.065	-42890.3	59970.1	8429.67	307.618	308.082	0	-1.12E-05	-1.46E-05	-2.59E-06	-0.00334436
243	7	26.0365	-113.055	793.49	-43044.3	60044.4	8394.28	307.671	308.247	0	-1.37E-05	-1.45E-05	-1.06E-05	-0.00417474
243	8	26.4817	-112.709	793.915	-43198.3	60118.8	8358.88	307.724	308.412	0	-1.99E-05	-1.02E-05	-3.11E-06	-0.00362572
243	9	27.0173	-112.266	794.459	-43324.6	60213.4	8353.19	307.792	308.533	0	-1.99E-05	-1.02E-05	-3.11E-06	-0.00362572
243	10	27.553	-111.824	795.004	-43450.9	60308.1	8347.49	307.859	308.655	0	-1.96E-05	-5.73E-06	-1.69E-06	-0.00225521
243	11	28.1935	-111.399	795.738	-43585.4	60419.2	8336.1	307.928	308.774	0	-1.96E-05	-5.73E-06	-1.69E-06	-0.00225521
243	12	28.834	-110.974	796.472	-43719.9	60530.3	8324.71	307.998	308.892	0	-1.52E-05	-1.06E-05	-4.83E-06	-0.0022514
243	13	29.2719	-110.709	797.434	-43890	60616.3	8289.44	308.014	309.039	0	-1.52E-05	-1.06E-05	-4.83E-06	-0.0022514
243	14	29.7098	-110.445	798.396	-44060.1	60702.4	8254.17	308.03	309.186	0	-1.48E-05	-1.63E-05	-2.26E-05	-0.00225298
243	15	30.176	-110.092	799.06	-44210	60832.2	8226.87	308.13	309.328	0	-1.48E-05	-1.63E-05	-2.26E-05	-0.00225298
243	16	30.6421	-109.74	799.725	-44360	60962	8199.56	308.229	309.469	0	-1.54E-05	-1.68E-05	-4.46E-05	-0.00036241
243	17	31.1729	-109.368	800.488	-44540.6	61077.9	8211.06	308.301	309.642	0	-1.56E-05	-1.33E-05	-5.70E-05	0.00222127
243	18	31.7037	-108.997	801.251	-44721.3	61193.7	8222.55	308.373	309.814	0	-1.56E-05	-1.33E-05	-5.70E-05	0.00222127
243	19	32.104	-108.778	802.276	-44920.2	61303.9	8211.12	308.413	309.991	0	-1.84E-05	-9.37E-06	-6.63E-05	0.00186038
244	0	32.5044	-108.559	803.302	-45119.1	61414.2	8199.7	308.452	310.167	0	-1.84E-05	-9.37E-06	-6.63E-05	0.00186038
244	1	33.0086	-108.267	803.79	-45236.6	61461.3	8154.16	308.464	310.279	0	-2.45E-05	-7.76E-06	-6.79E-05	7.37E-05
244	2	33.5127	-107.975	804.279	-45354	61508.4	8108.62	308.476	310.391	0	-2.45E-05	-7.76E-06	-6.79E-05	7.37E-05
244	3	34.0295	-107.535	804.994	-45531.9	61576.6	8066.55	308.493	310.562	0	-2.80E-05	-6.16E-06	-5.92E-05	-0.00131521
244	4	34.5464	-107.095	805.708	-45709.8	61644.8	8024.48	308.51	310.732	0	-2.80E-05	-6.16E-06	-5.92E-05	-0.00131521
244	5	34.9328	-106.829	806.341	-45899.9	61763.1	8026.89	308.597	310.924	0	-2.32E-05	-2.76E-06	-4.21E-05	-0.00239483
244	6	35.3193	-106.563	806.974	-46090	61881.4	8029.3	308.683	311.115	0	-1.75E-05	-1.16E-06	-1.59E-05	-0.00318514
244	7	35.7472	-106.509	807.427	-46260.5	62001.9	8025.08	308.789	311.294	0	-1.75E-05	-1.16E-06	-1.59E-05	-0.00318514
244	8	36.1751	-106.454	807.88	-46431.1	62122.4	8020.87	308.896	311.473	0	-1.63E-05	3.84E-07	1.42E-05	-0.00362912
244	9	36.6804	-106.35	808.21	-46560	62188.9	8008.94	308.947	311.609	0	-1.63E-05	3.84E-07	1.42E-05	-0.00362912
244	10	37.1856	-106.247	808.539	-46688.9	62255.4	7997.01	308.997	311.745	0	-1.91E-05	4.14E-06	2.07E-05	-0.00378307
244	11	37.5889	-106.014	809.228	-46832.5	62360.3	7993.58	309.062	311.873	0	-1.91E-05	4.14E-06	2.07E-05	-0.00378307
244	12	37.9922	-105.782	809.917	-46976	62465.2	7990.16	309.126	312.001	0	-2.00E-05	7.62E-06	1.33E-05	-0.00371492
244	13	38.4227	-105.598	810.1	-47118.8	62533.9	7981.16	309.193	312.164	0	-2.00E-05	7.62E-06	1.33E-05	-0.00371492
244	14	38.8532	-105.414	810.283	-47261.5	62602.5	7972.16	309.26	312.327	0	-1.93E-05	7.63E-06	5.82E-06	-0.00351378
244	15	39.3126	-105.339	810.654	-47414.9	62648.6	7955.87	309.282	312.49	0	-1.95E-05	6.64E-06	3.81E-06	-0.00327395
244	16	39.772	-105.264	811.024	-47568.4	62694.7	7939.58	309.303	312.652	0	-1.95E-05	6.64E-06	3.81E-06	-0.00327395
244	17	40.1496	-105.294	811.298	-47712.4	62791.9	7924.75	309.397	312.81	0	-1.71E-05	5.68E-06	8.96E-06	-0.00307413
244	18	40.5272	-105.325	811.572	-47856.5	62889.2	7909.91	309.491	312.968	0	-1.71E-05	5.68E-06	8.96E-06	-0.00307413
244	19	40.7793	-105.301	811.898	-47993.5	62983.5	7916.52	309.576	313.113	0	-1.36E-05	3.75E-06	7.77E-06	-0.00297493
245	0	41.0313	-105.278	812.224	-48130.5	63077.8	7923.14	309.661	313.258	0	-1.36E-05	3.75E-06	7.77E-06	-0.00297493
245	1	41.4293	-105.301	812.501	-48307.8	63151.1	7949.33	309.724	313.456	0	-1.11E-05	2.33E-06	2.04E-06	-0.00300265
245	2	41.8272	-105.323	812.779	-48485.2	63224.4	7975.53	309.788	313.654	0	-1.11E-05	2.33E-06	2.04E-06	-0.00300265
245	3	42.3091	-105.374	813.018	-48647	63293.1	7980.25	309.85	313.835	0	-1.03E-05	3.52E-06	-1.11E-06	-0.00313852
245	4	42.7909	-105.425	813.257	-48808.8	63361.8	7984.97	309.911	314.016	0	-1.14E-05	4.31E-06	-2.88E-07	-0.00333181
245	5	43.1784	-105.44	813.884	-48940.7	63394.7	7979.09	309.892	314.132	0	-1.14E-05	4.31E-06	-2.88E-07	-0.00333181
245	6	43.566	-105.456	814.51	-49072.6	63427.6	7973.2	309.872	314.248	0	-1.26E-05	3.55E-06	-1.05E-06	-0.00352231
245	7	43.8313	-105.413	815.034	-49237.3	63478.9	7977.11	309.885	314.411	0	-1.26E-05	3.55E-06	-1.05E-06	-0.00352231
245	8	44.0967	-105.369	815.558	-49401.9	63530.3	7981.01	309.898	314.574	0	-1.32E-05	2.49E-06	-4.69E-06	-0.00365488
245	9	44.4416	-105.36	815.86	-49577.5	63620.6	7998.38	309.98	314.767	0	-1.32E-05	2.49E-06	-4.69E-06	-0.00365488
245	10	44.7864	-105.35	816.163	-49753	63710.9	8015.75	310.062	314.96	0	-1.58E-05	-5.99E-07	-8.48E-06	-0.00369937
245	11	45.1063	-105.433	816.315	-49932.3	63819.3	8028.57	310.18	315.168	0	-1.58E-05	-5.99E-07	-8.48E-06	-0.00369937
245	12	45.4261	-105.515	816.468	-50111.6	63927.6	8041.4	310.298	315.376	0	-1.39E-05	-4.86E-06	-1.06E-05	-0.00363955
245	13	45.6699	-105.521	816.499	-50271.9	63995.4	8055.9	310.378	315.57	0	-9.58E-06	-1.13E-05	-7.95E-06	-0.00345995
245	14	45.9137	-105.527	816.531	-50432.3	64063.2	8070.4	310.458	315.764	0	-9.58E-06	-1.13E-05	-7.95E-06	-0.00345995
245	15	46.2134	-105.586	816.902	-50580.1	64096.5	8079.2	310.463	315.917	0	-6.83E-06	-1.44E-05	-1.45E-06	-0.00315529
245	16	46.5131	-105.644	817.274	-50727.9	64129.8	8088	310.468	316.07	0	-6.83E-06	-1.44E-05	-1.45E-06	-0.00315529
245	17	46.8667	-105.655	817.506	-50850.8	64185.5	8086.51	310.514	316.202	0	-8.53E-06	-1.64E-05	-8.99E-07	-0.00272705
245	18	47.2204	-105.666	817.739	-50973.8	64241.2	8085.02	310.56	316.335	0	-8.53E-06	-1.64E-05	-8.99E-07	-0.00272705
245	19	47.4956	-105.709	817.873	-51147.9	64303.8	8106.4	310.623	316.538	0	-1.48E-05	-2.07E-05	-8.75E-06	-0.00218428
246	0	47.7709	-105.753	818.008	-51322	64366.4	8127.78	310.687	316.74	0	-1.48E-05	-2.07E-05	-8.75E-06	-0.00218428
246	1	47.9685	-105.767	817.953	-51465.9	64428.8	8127.98	310.768	316.92	0	-2.19E-05	-2.09E-05	-1.63E-05	-0.00155067
246	2	48.1661	-105.782	817.898	-51609.8	64491.3	8128.17	310.85	317.1	0	-2.76E-05	-1.75E-05	-1.91E-05	-0.000837923
246	3	48.4228	-105.786	817.541	-51730.1	64545.4	8142.65	310.951	317.275	0	-2.76E-05	-1.75E-05	-1.91E-05	-0.000837923
246	4	48.6794	-105.791	817.183	-51850.5	64599.6	8157.11	311.051	317.45	0	-3.18E-05	-9.56E-06	-2.02E-05	-4.93E-05
246	5	48.8265	-105.815	817.452	-52017.3	64649.7	8178.62	311.087	317.634	0	-3.18E-05	-9.56E-06	-2.02E-05	-4.93E-05
246	6	48.9736	-105.838	817.72	-52184.2	64699.8	8200.12	311.122	317.817	0	-3.22E-05	-4.58E-06	-2.08E-05	0.000815573
246	7	49.1933	-105.829	817.516	-52350.7	64719.7	8211.73	311.166	318.036	0	-3.22E-05	-4.58E-06	-2.08E-05	0.000815573
246	8	49.413	-105.819	817.311	-52517.3	64739.5	8223.34	311.21	318.256	0	-2.82E-05	-1.68E-05	-2.14E-05	0.00172491
246	9	49.5592	-105.78	816.98	-52649.4	64793.7	8226.42	311.309	318.444	0	-2.82E-05	-1.68E-05	-2.14E-05	0.00172491
246	10	49.7054	-105.742	816.648	-52781.4	64847.8	8229.49	311.407	318.632	0	-2.34E-05	-1.83E-05	-2.27E-05	0.00268445
246	11	49.8207	-105.667	816.775	-52909.3	64899.5	8231.75	311.458	318.778	0	-1.92E-05	-2.84E-06	-2.02E-05	0.00377195
246	12	49.9361	-105.592	816.902	-53037.1	64951.3	8234	311.509	318.925	0	-1.92E-05	-2.84E-06	-2.02E-05	0.00377195
246	13	49.9991	-105.588	816.936	-53158	64961.3	8235	311.518	319.07	0	-1.89E-05	2.24E-05	-1.64E-05	0.00498209
246	14	50.0621	-105.583	816.97	-53278.9	64971.4	8236.01	311.527	319.215	0	-1.89E-05	2.24E-05	-1.64E-05	0.00498209
246	15	50.1441	-105.552	816.876	-53385.7	65028	8247.51	311.606	319.353	0	-1.76E-05	4.52E-05	-1.67E-05	0.00543651
246	16	50.2262	-105.522	816.783	-53492.6	65084.6	8259.01	311.684	319.492	0	-1.76E-05	4.52E-05	-1.67E-05	0.00543651
246	17	50.4182	-105.377	816.39	-53682	65105.6	8246.99	311.748	319.755	0	-1.61E-05	5.41E-05	-1.68E-05	0.00546815
246	18	50.6103	-105.232	815.998	-53871.4	65126.5	8234.96	311.812	320.019	0	-1.61E-05	5.41E-05	-1.68E-05	0.00546815
246	19	50.6899	-105.169	815.812	-53981.6	65145	8246.22	311.853	320.169	0	-1.67E-05	5.87E-05	-1.42E-05	0.00418431
247	0	50.7695	-105.105	815.625	-54091.7	65163.5	8257.49	311.894	320.319	0	-1.99E-05	6.44E-05	-1.11E-05	-0.000367816
247	1	50.8036	-104.938	815.573	-54228.4	65191	8259.3	311.933	320.491	0	-1.99E-05	6.44E-05	-1.11E-05	-0.000367816
247	2	50.8377	-104.771	815.522	-54365	65218.4	8261.12	311.971	320.663	0	-2.27E-05	6.77E-05	-8.62E-06	-0.00426158
247	3	50.8258	-104.788	815.125	-54543.4	65250.8	8273.26	312.05	320.914	0	-2.27E-05	6.77E-05	-8.62E-06	-0.00426158
247	4	50.8139	-104.806	814.728	-54721.8	65283.3	8285.41	312.129	321.166	0	-2.26E-05	6.66E-05	-6.27E-06	-0.00516943
247	5	50.7239	-104.767	814.587	-54868.7	65334.5	8294.07	312.206	321.358	0	-2.26E-05	6.66E-05	-6.27E-06	-0.00516943
247	6	50.634	-104.729	814.447	-55015.5	65385.8	8302.73	312.282	321.55	0	-2.19E-05	6.29E-05	-7.39E-06	-0.00510485
247	7	50.659	-104.562	814.422	-55149.9	65401.9	8294.05	312.305	321.717	0	-2.19E-05	6.29E-05	-7.39E-06	-0.00510485
247	8	50.684	-104.396	814.397	-55284.3	65418.1	8285.37	312.327	321.884	0	-2.13E-05	5.79E-05	-1.04E-05	-0.00503579
247	9	50.5987	-104.3	814.185	-55445.7	65448.2	8277.17	312.385	322.1	0	-2.15E-05	5.60E-05	-9.44E-06	-0.00495592
247	10	50.5133	-104.204	813.973	-55607.2	65478.4	8268.97	312.443	322.316	0	-2.15E-05	5.60E-05	-9.44E-06	-0.00495592
247	11	50.5156	-104.068	813.939	-55760.7	65514.3	8275.9	312.49	322.507	0	-2.05E-05	5.60E-05	-7.05E-06	-0.00488581
247	12	50.5179	-103.931	813.905	-55914.3	65550.3	8282.82	312.538	322.699	0	-2.05E-05	5.60E-05	-7.05E-06	-0.00488581
247	13	50.5355	-103.825	814.06	-56041.4	65597.6	8281.62	312.581	322.842	0	-1.81E-05	5.53E-05	-6.73E-06	-0.00470608
247	14	50.5531	-103.719	814.216	-56168.6	65644.9	8280.42	312.624	322.985	0	-1.81E-05	5.53E-05	-6.73E-06	-0.00470608
247	15	50.5162	-103.558	814.331	-56318.6	65675.8	8289.15	312.65	323.159	0	-1.72E-05	5.43E-05	-7.35E-06	-0.004036
247	16	50.4793	-103.397	814.447	-56468.6	65706.7	8297.88	312.677	323.334	0	-1.72E-05	5.43E-05	-7.35E-06	-0.004036
247	17	50.3453	-103.19	814.35	-56601.1	65756.4	8294.65	312.747	323.505	0	-1.65E-05	5.37E-05	-8.25E-06	-0.00311574
247	18	50.2114	-102.984	814.253	-56733.7	65806.2	8291.42	312.818	323.676	0	-1.60E-05	5.86E-05	-9.26E-06	-0.00247284
247	19	50.1374	-102.821	814.436	-56910	65846.9	8271.8	312.85	323.877	0	-1.60E-05	5.86E-05	-9.26E-06	-0.00247284
248	0	50.0635	-102.659	814.619	-57086.3	65887.5	8252.18	312.881	324.077	0	-1.68E-05	5.44E-05	-1.26E-05	-0.00214333
248	1	50.0289	-102.446	814.623	-57247.3	65925.2	8259.11	312.927	324.275	0	-1.68E-05	5.44E-05	-1.26E-05	-0.00214333
248	2	49.9942	-102.234	814.628	-57408.4	65962.8	8266.05	312.973	324.472	0	-1.85E-05	4.39E-05	-1.51E-05	-0.00193349
248	3	49.8787	-102.085	814.502	-57571.5	65999.3	8267.23	313.03	324.683	0	-1.85E-05	4.39E-05	-1.51E-05	-0.00193349
248	4	49.7631	-101.937	814.377	-57734.5	66035.9	8268.4	313.088	324.894	0	-2.18E-05	3.72E-05	-1.42E-05	-0.00174054
248	5	49.7254	-101.606	814.828	-57877.2	66105	8250.45	313.128	325.03	0	-2.18E-05	3.72E-05	-1.42E-05	-0.00174054
248	6	49.6878	-101.275	815.279	-58019.9	66174.2	8232.49	313.168	325.166	0	-2.58E-05	3.02E-05	-1.27E-05	-0.00156059
248	7	49.5188	-100.921	815.283	-58180.2	66213.3	8224.89	313.215	325.362	0	-2.82E-05	2.17E-05	-9.47E-06	-0.00139388
248	8	49.3499	-100.567	815.288	-58340.5	66252.4	8217.29	313.263	325.558	0	-2.82E-05	2.17E-05	-9.47E-06	-0.00139388
248	9	49.2021	-100.255	815.406	-58498	66295.6	8216.8	313.304	325.741	0	-2.66E-05	7.49E-06	-9.50E-06	-0.00119191
248	10	49.0543	-99.9433	815.524	-58655.5	66338.8	8216.32	313.345	325.924	0	-2.66E-05	7.49E-06	-9.50E-06	-0.00119191
248	11	48.9077	-99.5499	815.16	-58777.6	66349.9	8201.31	313.395	326.106	0	-2.51E-05	-9.24E-06	-1.32E-05	-0.000978494
248	12	48.7611	-99.1564	814.795	-58899.7	66360.9	8186.29	313.445	326.288	0	-2.51E-05	-9.24E-06	-1.32E-05	-0.000978494
248	13	48.5997	-98.7665	814.949	-59061.1	66357.5	8161.1	313.425	326.472	0	-2.72E-05	-2.57E-05	-1.72E-05	-0.000815666
248	14	48.4384	-98.3766	815.103	-59222.4	66354.1	8135.91	313.406	326.656	0	-2.72E-05	-2.57E-05	-1.72E-05	-0.000815666
248	15	48.2822	-98.0415	815.317	-59397.4	66404.9	8129.04	313.447	326.852	0	-3.07E-05	-3.95E-05	-1.97E-05	-0.000652661
248	16	48.126	-97.7065	815.531	-59572.4	66455.6	8122.17	313.488	327.047	0	-3.00E-05	-5.14E-05	-2.08E-05	-0.000453517
248	17	48.0172	-97.2803	815.583	-59756.4	66524.1	8100.07	313.566	327.268	0	-3.00E-05	-5.14E-05	-2.08E-05	-0.000453517
248	18	47.9085	-96.8541	815.634	-59940.4	66592.5	8077.98	313.645	327.489	0	-2.79E-05	-5.91E-05	-2.07E-05	-0.000255282
248	19	47.7639	-96.3435	815.312	-60122.5	66628.7	8059.27	313.722	327.742	0	-2.79E-05	-5.91E-05	-2.07E-05	-0.000255282
249	0	47.6193	-95.8329	814.989	-60304.6	66665	8040.56	313.799	327.994	0	-2.75E-05	-6.23E-05	-2.10E-05	-6.37E-05
249	1	47.4111	-95.3384	814.694	-60437	66746.8	8010.9	313.929	328.184	0	-2.75E-05	-6.23E-05	-2.10E-05	-6.37E-05
249	2	47.2029	-94.8438	814.399	-60569.5	66828.6	7981.24	314.059	328.373	0	-2.86E-05	-6.53E-05	-2.13E-05	0.000176407
249	3	47.0553	-94.5155	814.453	-60691.7	66808.4	7967.55	314.029	328.518	0	-2.86E-05	-6.53E-05	-2.13E-05	0.000176407
249	4	46.9077	-94.1871	814.507	-60813.9	66788.2	7953.86	313.998	328.663	0	-2.82E-05	-6.98E-05	-1.88E-05	0.000536711
249	5	46.6495	-93.7845	814.679	-60949.9	66831.8	7941.67	314.035	328.815	0	-2.57E-05	-7.25E-05	-1.41E-05	0.00101455
249	6	46.3914	-93.3819	814.851	-61085.8	66875.4	7929.48	314.071	328.966	0	-2.57E-05	-7.25E-05	-1.41E-05	0.00101455
249	7	46.177	-93.0226	814.202	-61219	66861.7	7922.96	314.119	329.189	0	-2.25E-05	-7.16E-05	-1.00E-05	0.00157167
249	8	45.9626	-92.6634	813.553	-61352.2	66847.9	7916.43	314.168	329.413	0	-2.25E-05	-7.16E-05	-1.00E-05	0.00157167
249	9	45.659	-92.2749	813.244	-61503.9	66857.6	7893.02	314.211	329.628	0	-2.14E-05	-6.85E-05	-7.74E-06	0.00219211
249	10	45.3553	-91.8864	812.936	-61655.6	66867.4	7869.61	314.254	329.843	0	-2.14E-05	-6.85E-05	-7.74E-06	0.00219211
249	11	45.0941	-91.5387	812.834	-61862.3	66897.1	7877.29	314.301	330.107	0	-2.13E-05	-6.45E-05	-7.91E-06	0.00287172
249	12	44.8328	-91.191	812.733	-62068.9	66926.8	7884.97	314.348	330.371	0	-2.13E-05	-6.45E-05	-7.91E-06	0.00287172
249	13	44.6329	-90.8646	812.499	-62206.7	66942.4	7872.05	314.391	330.562	0	-1.90E-05	-5.61E-05	-1.02E-05	0.00358638
249	14	44.4331	-90.5382	812.266	-62344.5	66958	7859.12	314.434	330.754	0	-1.31E-05	-4.92E-05	-1.11E-05	0.00433972
249	15	44.291	-90.2266	811.995	-62465.8	66953.1	7852.53	314.455	330.929	0	-1.31E-05	-4.92E-05	-1.11E-05	0.00433972
249	16	44.1488	-89.915	811.725	-62587	66948.2	7845.93	314.477	331.104	0	-9.06E-06	-4.22E-05	-1.10E-05	0.00511241
249	17	43.9067	-89.7348	811.443	-62733.7	66985.2	7845.43	314.551	331.311	0	-9.06E-06	-4.22E-05	-1.10E-05	0.00511241
249	18	43.6647	-89.5546	811.162	-62880.3	67022.1	7844.92	314.625	331.519	0	-1.19E-05	-3.35E-05	-1.16E-05	0.00543196
249	19	43.3958	-89.3009	810.758	-63054.1	67025	7840.07	314.67	331.772	0	-1.19E-05	-3.35E-05	-1.16E-05	0.00543196
250	0	43.1269	-89.0472	810.354	-63227.9	67028	7835.22	314.714	332.025	0	-1.85E-05	-2.63E-05	-1.18E-05	0.00546815
250	1	42.8094	-88.846	809.659	-63384.6	67025.6	7847.56	314.782	332.285	0	-1.85E-05	-2.63E-05	-1.18E-05	0.00546815
250	2	42.4919	-88.6448	808.965	-63541.3	67023.2	7859.9	314.851	332.546	0	-2.20E-05	-2.11E-05	-9.89E-06	0.00546836
250	3	42.2233	-88.4761	808.388	-63674.5	67014.4	7870.09	314.899	332.767	0	-2.32E-05	-1.59E-05	-7.09E-06	0.00546859
250	4	41.9546	-88.3074	807.812	-63807.8	67005.6	7880.28	314.947	332.988	0	-2.32E-05	-1.59E-05	-7.09E-06	0.00546859
250	5	41.7784	-88.0949	807.061	-63970.6	67016.8	7869.46	315.038	333.264	0	-2.41E-05	-8.82E-06	-5.98E-06	0.00546881
250	6	41.6022	-87.8825	806.311	-64133.5	67028.1	7858.64	315.129	333.539	0	-2.41E-05	-8.82E-06	-5.98E-06	0.00546881
250	7	41.3112	-87.8583	806.235	-64302	67041.3	7878.27	315.154	333.756	0	-2.55E-05	1.13E-07	-7.96E-06	0.00546875
250	8	41.0202	-87.8342	806.159	-64470.5	67054.6	7897.91	315.178	333.972	0	-2.55E-05	1.13E-07	-7.96E-06	0.00546875
250	9	40.827	-87.6664	805.565	-64628.7	67070.7	7907.92	315.259	334.228	0	-2.69E-05	5.80E-06	-9.94E-06	0.00546881
250	10	40.6338	-87.4987	804.972	-64787	67086.8	7917.93	315.341	334.484	0	-2.69E-05	5.80E-06	-9.94E-06	0.00546881
250	11	40.4201	-87.3497	804.595	-64957.3	67094.2	7945.13	315.389	334.733	0	-2.67E-05	1.02E-05	-1.05E-05	0.00546898
250	12	40.2065	-87.2008	804.219	-65127.6	67101.6	7972.33	315.437	334.982	0	-2.47E-05	1.59E-05	-1.08E-05	0.00544712
250	13	39.8799	-87.1138	803.686	-65282.3	67108	7966.74	315.5	335.229	0	-2.47E-05	1.59E-05	-1.08E-05	0.00544712
250	14	39.5534	-87.0269	803.153	-65436.9	67114.4	7961.15	315.564	335.475	0	-1.77E-05	2.02E-05	-8.59E-06	0.00538503
250	15	39.2985	-86.9491	802.525	-65587.2	67134.4	7967.55	315.654	335.726	0	-1.77E-05	2.02E-05	-8.59E-06	0.00538503
250	16	39.0436	-86.8713	801.897	-65737.5	67154.4	7973.94	315.744	335.977	0	-9.49E-06	2.32E-05	-4.89E-06	0.00530968
250	17	38.8229	-86.8106	801.417	-65909.7	67210.5	7994.1	315.865	336.241	0	-9.49E-06	2.32E-05	-4.89E-06	0.00530968
250	18	38.6022	-86.75	800.937	-66081.9	67266.6	8014.27	315.985	336.506	0	-1.17E-05	2.69E-05	-3.23E-06	0.00514361
250	19	38.4229	-86.7266	800.597	-66241.7	67271	8037.19	316.026	336.74	0	-1.17E-05	2.69E-05	-3.23E-06	0.00514361
251	0	38.2437	-86.7033	800.256	-66401.6	67275.5	8060.12	316.067	336.975	0	-2.41E-05	2.83E-05	-3.02E-06	0.00454174
251	1	38.1029	-86.6219	799.852	-66607.6	67296.7	8074.4	316.136	337.275	0	-3.28E-05	3.05E-05	-3.60E-06	0.00368778
251	2	37.9621	-86.5405	799.448	-66813.6	67317.9	8088.68	316.205	337.575	0	-3.28E-05	3.05E-05	-3.60E-06	0.00368778
251	3	37.8011	-86.4092	799.287	-67033.3	67337.3	8097.22	316.247	337.866	0	-3.14E-05	3.78E-05	-3.86E-06	0.00290905
251	4	37.6401	-86.2779	799.125	-67252.9	67356.7	8105.75	316.288	338.158	0	-3.14E-05	3.78E-05	-3.86E-06	0.00290905
251	5	37.4775	-86.1386	798.47	-67430.6	67413	8114.06	316.428	338.45	0	-2.87E-05	3.73E-05	-3.16E-06	0.00223078
251	6	37.3148	-85.9994	797.815	-67608.3	67469.4	8122.37	316.568	338.742	0	-2.87E-05	3.73E-05	-3.16E-06	0.00223078
251	7	37.2795	-85.8767	797.531	-67755.6	67448.5	8119.23	316.572	338.957	0	-2.71E-05	3.39E-05	-2.97E-06	0.00163989
251	8	37.2441	-85.754	797.248	-67903	67427.6	8116.1	316.575	339.172	0	-2.71E-05	3.39E-05	-2.97E-06	0.00163989
251	9	37.181	-85.5192	797.045	-68089.6	67474.2	8124.01	316.655	339.428	0	-2.44E-05	3.42E-05	-1.98E-06	0.00114408
251	10	37.1179	-85.2844	796.842	-68276.3	67520.8	8131.93	316.736	339.684	0	-2.38E-05	3.29E-05	-1.97E-06	0.000681091
251	11	37.0091	-85.1033	796.585	-68441.1	67572	8146.37	316.827	339.918	0	-2.38E-05	3.29E-05	-1.97E-06	0.000681091
251	12	36.9003	-84.9221	796.328	-68606	67623.2	8160.82	316.919	340.153	0	-2.47E-05	2.83E-05	-2.88E-06	0.000241417
251	13	36.9381	-84.8362	796.094	-68782.4	67655.5	8153.22	316.984	340.4	0	-2.47E-05	2.83E-05	-2.88E-06	0.000241417
251	14	36.9758	-84.7503	795.86	-68958.8	67687.9	8145.63	317.05	340.647	0	-2.15E-05	2.25E-05	-4.35E-06	-0.000152043
251	15	36.9897	-84.6206	795.365	-69204	67695	8150.09	317.112	341.009	0	-2.15E-05	2.25E-05	-4.35E-06	-0.000152043
251	16	37.0036	-84.4909	794.869	-69449.1	67702.1	8154.55	317.174	341.372	0	-1.70E-05	1.93E-05	-7.19E-06	-0.000497437
251	17	37.0207	-84.284	794.469	-69643.9	67771.6	8136.47	317.304	341.661	0	-1.70E-05	1.93E-05	-7.19E-06	-0.000497437
251	18	37.0379	-84.0772	794.069	-69838.7	67841.1	8118.39	317.435	341.95	0	-1.35E-05	2.12E-05	-9.62E-06	-0.000799622
251	19	36.9992	-83.8774	793.716	-70012.2	67856.5	8114.3	317.492	342.208	0	-1.07E-05	2.14E-05	-9.31E-06	-0.0010464
252	0	36.9604	-83.6776	793.364	-70185.7	67871.9	8110.2	317.55	342.466	0	-1.07E-05	2.14E-05	-9.31E-06	-0.0010464
252	1	36.9467	-83.4787	792.881	-70336	67899.4	8091.02	317.636	342.709	0	-1.06E-05	2.17E-05	-8.08E-06	-0.00121575
252	2	36.933	-83.2798	792.398	-70486.3	67926.9	8071.85	317.723	342.953	0	-1.06E-05	2.17E-05	-8.08E-06	-0.00121575
252	3	36.9009	-83.1316	792.031	-70637	67959.3	8065.11	317.804	343.185	0	-1.28E-05	2.48E-05	-9.00E-06	-0.00130444
252	4	36.8687	-82.9834	791.663	-70787.7	67991.8	8058.38	317.885	343.416	0	-1.28E-05	2.48E-05	-9.00E-06	-0.00130444
252	5	36.9695	-82.7205	791.638	-70972.1	68009.3	8066.53	317.91	343.652	0	-1.48E-05	2.39E-05	-1.03E-05	-0.00131888
252	6	37.0702	-82.4577	791.612	-71156.6	68026.9	8074.68	317.935	343.888	0	-1.48E-05	2.39E-05	-1.03E-05	-0.00131888
252	7	37.1226	-82.1741	790.934	-71350	68030.4	8059.49	318.013	344.21	0	-1.60E-05	1.86E-05	-1.08E-05	-0.00126532
252	8	37.1749	-81.8905	790.257	-71543.4	68034	8044.3	318.091	344.532	0	-1.60E-05	1.34E-05	-1.24E-05	-0.0011615
252	9	37.2286	-81.611	790.062	-71724.6	68105.4	8029.1	318.203	344.783	0	-1.60E-05	1.34E-05	-1.24E-05	-0.0011615
252	10	37.2822	-81.3316	789.868	-71905.7	68176.9	8013.89	318.314	345.035	0	-1.55E-05	8.67E-06	-1.14E-05	-0.00102289
252	11	37.3638	-81.0795	789.189	-72075.1	68205.2	7981.24	318.424	345.328	0	-1.55E-05	8.67E-06	-1.14E-05	-0.00102289
252	12	37.4453	-80.8275	788.509	-72244.5	68233.5	7948.58	318.535	345.622	0	-1.56E-05	6.06E-06	-7.33E-06	-0.000864367
252	13	37.5796	-80.5677	787.628	-72391.3	68228.1	7940.81	318.625	345.911	0	-1.56E-05	6.06E-06	-7.33E-06	-0.000864367
252	14	37.7139	-80.3078	786.748	-72538.2	68222.7	7933.04	318.715	346.2	0	-1.73E-05	3.45E-06	-2.98E-06	-0.000750836
252	15	37.7902	-80.1193	786.151	-72727.2	68190.7	7910.57	318.74	346.51	0	-1.73E-05	3.45E-06	-2.98E-06	-0.000750836
252	16	37.8664	-79.9308	785.555	-72916.3	68158.8	7888.1	318.765	346.821	0	-2.00E-05	1.24E-06	-1.71E-07	-0.000709723
252	17	37.8178	-79.6146	785.249	-73074.3	68149.6	7868.24	318.787	347.059	0	-2.55E-05	9.18E-08	-8.88E-07	-0.000783138
252	18	37.7693	-79.2984	784.942	-73232.4	68140.3	7848.37	318.809	347.297	0	-2.55E-05	9.18E-08	-8.88E-07	-0.000783138
252	19	37.8728	-79.0664	784.51	-73364.4	68178.9	7821.48	318.906	347.516	0	-2.88E-05	-1.21E-06	-3.37E-06	-0.00096629
253	0	37.9764	-78.8344	784.077	-73496.5	68217.4	7794.58	319.003	347.736	0	-2.88E-05	-1.21E-06	-3.37E-06	-0.00096629
253	1	38.0229	-78.7404	783.239	-73668.2	68282.9	7798.68	319.18	348.056	0	-2.87E-05	-2.14E-06	-4.20E-06	-0.00120957
253	2	38.0694	-78.6464	782.401	-73840	68348.4	7802.79	319.357	348.376	0	-2.87E-05	-2.14E-06	-4.20E-06	-0.00120957
253	3	38.1768	-78.46	781.406	-73985.5	68337.7	7779.69	319.455	348.682	0	-2.86E-05	-3.79E-07	-6.03E-07	-0.00143707
253	4	38.2842	-78.2735	780.412	-74130.9	68327	7756.59	319.552	348.989	0	-2.86E-05	-3.79E-07	-6.03E-07	-0.00143707
253	5	38.352	-78.1263	779.535	-74303	68305.5	7744.81	319.623	349.317	0	-2.66E-05	2.13E-06	2.86E-06	-0.00161657
253	6	38.4198	-77.9791	778.657	-74475.1	68284	7733.02	319.695	349.646	0	-2.52E-05	4.01E-06	1.61E-06	-0.00169229
253	7	38.5264	-77.8407	778.028	-74602.9	68264.8	7729.32	319.741	349.887	0	-2.52E-05	4.01E-06	1.61E-06	-0.00169229
253	8	38.633	-77.7023	777.4	-74730.6	68245.5	7725.61	319.787	350.129	0	-2.45E-05	6.62E-06	-1.76E-06	-0.00168716
253	9	38.6644	-77.6014	776.317	-74839.6	68271.8	7695.47	319.943	350.403	0	-2.45E-05	6.62E-06	-1.76E-06	-0.00168716
253	10	38.6957	-77.5005	775.235	-74948.6	68298	7665.33	320.1	350.679	0	-2.31E-05	8.02E-06	-3.32E-06	-0.00161225
253	11	38.7434	-77.4003	774.217	-75117.5	68317	7659.36	320.24	351.024	0	-2.31E-05	8.02E-06	-3.32E-06	-0.00161225
253	12	38.7911	-77.3	773.199	-75286.4	68335.9	7653.39	320.381	351.37	0	-2.19E-05	8.46E-06	-3.29E-06	-0.00148832
253	13	38.9464	-77.1102	772.341	-75438.3	68302.8	7640.21	320.436	351.675	0	-2.19E-05	8.46E-06	-3.29E-06	-0.00148832
253	14	39.1017	-76.9203	771.482	-75590.3	68269.6	7627.03	320.492	351.981	0	-2.12E-05	9.26E-06	-2.49E-06	-0.0013478
253	15	39.3194	-76.869	770.056	-75723	68267.3	7587.98	320.652	352.334	0	-2.14E-05	1.07E-05	-2.30E-06	-0.00118842
253	16	39.5372	-76.8178	768.63	-75855.7	68265	7548.93	320.814	352.689	0	-2.14E-05	1.07E-05	-2.30E-06	-0.00118842
253	17	39.6048	-76.6402	767.922	-75975.1	68260.4	7535.76	320.89	352.936	0	-2.07E-05	1.57E-05	-3.63E-06	-0.00101555
253	18	39.6724	-76.4625	767.213	-76094.6	68255.7	7522.59	320.966	353.183	0	-2.07E-05	1.57E-05	-3.63E-06	-0.00101555
253	19	39.6966	-76.3449	766.266	-76188.1	68257.9	7500.09	321.079	353.428	0	-1.96E-05	2.27E-05	-5.12E-06	-0.000848098
254	0	39.7207	-76.2272	765.319	-76281.5	68260	7477.58	321.192	353.673	0	-1.96E-05	2.27E-05	-5.12E-06	-0.000848098
254	1	39.8151	-76.1566	764.317	-76473.9	68241.8	7464.23	321.285	354.055	0	-1.95E-05	2.57E-05	-4.61E-06	-0.000698193
254	2	39.9094	-76.086	763.314	-76666.2	68223.6	7450.87	321.378	354.439	0	-1.95E-05	2.57E-05	-4.61E-06	-0.000698193
254	3	40.0292	-76.0808	762.257	-76824.4	68207.6	7433.01	321.481	354.785	0	-1.87E-05	2.51E-05	-4.31E-06	-0.000562864
254	4	40.149	-76.0756	761.2	-76982.6	68191.6	7415.14	321.584	355.133	0	-1.78E-05	2.44E-05	-6.34E-06	-0.000433358
254	5	40.2691	-75.9733	760.37	-77121.3	68155.1	7387.81	321.634	355.426	0	-1.78E-05	2.44E-05	-6.34E-06	-0.000433358
254	6	40.3892	-75.871	759.539	-77260	68118.7	7360.48	321.684	355.72	0	-1.72E-05	2.60E-05	-1.05E-05	-0.000312671
254	7	40.5507	-75.6441	758.552	-77354.3	68105.5	7356.07	321.784	355.976	0	-1.72E-05	2.60E-05	-1.05E-05	-0.000312671
254	8	40.7122	-75.4173	757.565	-77448.7	68092.2	7351.66	321.883	356.234	0	-1.47E-05	2.53E-05	-1.40E-05	-0.000211166
254	9	40.8397	-75.2393	756.566	-77589	68089.8	7316.28	321.999	356.554	0	-1.47E-05	2.53E-05	-1.40E-05	-0.000211166
254	10	40.9673	-75.0613	755.568	-77729.2	68087.5	7280.89	322.114	356.875	0	-1.36E-05	2.33E-05	-1.33E-05	-0.000122233
254	11	41.1209	-74.9812	754.611	-77889.1	68080.9	7248.38	322.22	357.218	0	-1.36E-05	2.33E-05	-1.33E-05	-0.000122233
254	12	41.2746	-74.9012	753.653	-78049.1	68074.4	7215.87	322.326	357.561	0	-1.42E-05	1.96E-05	-1.28E-05	-4.69E-05
254	13	41.3137	-74.6307	752.72	-78167	68076.2	7189	322.44	357.846	0	-1.49E-05	1.71E-05	-1.15E-05	1.93E-05
254	14	41.3527	-74.3603	751.787	-78284.8	68078	7162.12	322.555	358.132	0	-1.49E-05	1.71E-05	-1.15E-05	1.93E-05
254	15	41.4006	-74.1639	750.83	-78397.8	68076.2	7124.67	322.668	358.415	0	-1.59E-05	1.34E-05	-1.07E-05	7.74E-05
254	16	41.4484	-73.9676	749.873	-78510.8	68074.4	7087.21	322.781	358.699	0	-1.59E-05	1.34E-05	-1.07E-05	7.74E-05
254	17	41.5142	-73.758	749.235	-78644	68063.4	7069.6	322.844	358.966	0	-1.63E-05	8.55E-06	-1.24E-05	0.000125457
254	18	41.5799	-73.5484	748.597	-78777.1	68052.5	7051.99	322.907	359.233	0	-1.63E-05	8.55E-06	-1.24E-05	0.000125457
254	19	41.6593	-73.3049	747.736	-78915.2	68050.3	7029.4	323.008	359.539	0	-1.54E-05	5.77E-06	-1.27E-05	0.000174563
255	0	41.7387	-73.0615	746.876	-79053.2	68048.1	7006.8	323.11	359.845	0	-1.54E-05	5.77E-06	-1.27E-05	0.000174563
255	1	41.8048	-72.8902	746.134	-79218	68069.8	6969.06	323.23	360.171	0	-7.29E-06	1.96E-06	-1.49E-05	0.000220259
255	2	41.8709	-72.719	745.392	-79382.7	68091.5	6931.31	323.35	360.498	0	6.92E-06	-3.67E-06	-1.62E-05	0.000273887
255	3	41.9376	-72.5389	744.615	-79524.2	68080.8	6887.55	323.431	360.799	0	6.92E-06	-3.67E-06	-1.62E-05	0.000273887
255	4	42.0043	-72.3589	743.839	-79665.7	68070	6843.8	323.512	361.101	0	1.07E-05	-7.63E-06	-1.47E-05	0.000344307
255	5	42.0324	-72.1679	742.755	-79734.6	68086.4	6801.54	323.667	361.35	0	1.07E-05	-7.63E-06	-1.47E-05	0.000344307
255	6	42.0605	-71.9769	741.671	-79803.5	68102.9	6759.28	323.824	361.6	0	-1.24E-06	-8.10E-06	-1.28E-05	0.000421798
255	7	42.1067	-71.7507	741.084	-79890.3	68086	6736.37	323.874	361.802	0	-1.24E-06	-8.10E-06	-1.28E-05	0.000421798
255	8	42.1529	-71.5244	740.498	-79977.1	68069.2	6713.46	323.924	362.005	0	-1.69E-05	-7.66E-06	-1.29E-05	0.000517178
255	9	42.2845	-71.3769	739.693	-80102.4	68057.3	6656.37	324.008	362.292	0	-1.69E-05	-7.66E-06	-1.29E-05	0.000517178
255	10	42.4162	-71.2294	738.887	-80227.7	68045.3	6599.29	324.092	362.579	0	-2.81E-05	-9.41E-06	-1.53E-05	0.000631602
255	11	42.4018	-71.0759	737.865	-80321.1	68079.9	6585.09	324.266	362.856	0	-3.45E-05	-1.30E-05	-1.49E-05	0.000741833
255	12	42.3875	-70.9223	736.843	-80414.5	68114.4	6570.88	324.441	363.134	0	-3.45E-05	-1.30E-05	-1.49E-05	0.000741833
255	13	42.3834	-70.6516	735.797	-80526.2	68128.9	6554.68	324.592	363.441	0	-3.64E-05	-1.75E-05	-1.52E-05	0.000810457
255	14	42.3792	-70.3808	734.752	-80637.9	68143.4	6538.47	324.743	363.748	0	-3.64E-05	-1.75E-05	-1.52E-05	0.000810457
255	15	42.4758	-70.1954	733.827	-80764.3	68119.1	6490.61	324.827	364.059	0	-3.50E-05	-1.84E-05	-1.49E-05	0.00083681
255	16	42.5725	-70.0101	732.901	-80890.7	68094.9	6442.76	324.911	364.371	0	-3.50E-05	-1.84E-05	-1.49E-05	0.00083681
255	17	42.5889	-69.7753	732.373	-81018.8	68086.4	6414.2	324.967	364.625	0	-3.45E-05	-1.78E-05	-1.48E-05	0.000839573
255	18	42.6054	-69.5406	731.845	-81147	68078	6385.64	325.022	364.88	0	-3.45E-05	-1.78E-05	-1.48E-05	0.000839573
255	19	42.6998	-69.2278	731.017	-81279.1	68064.7	6344.2	325.11	365.186	0	-3.54E-05	-1.65E-05	-1.55E-05	0.000827494
256	0	42.7943	-68.915	730.19	-81411.2	68051.5	6302.77	325.197	365.493	0	-3.64E-05	-1.55E-05	-1.61E-05	0.000805183
256	1	42.8408	-68.6557	729.702	-81494.4	68057.3	6277.23	325.267	365.682	0	-3.64E-05	-1.55E-05	-1.61E-05	0.000805183
256	2	42.8873	-68.3965	729.214	-81577.6	68063.1	6251.68	325.338	365.871	0	-3.58E-05	-1.46E-05	-1.66E-05	0.000796756
256	3	42.9301	-68.2856	728.503	-81683.9	68057.9	6230.05	325.422	366.126	0	-3.58E-05	-1.46E-05	-1.66E-05	0.000796756
256	4	42.9729	-68.1747	727.792	-81790.1	68052.7	6208.41	325.506	366.381	0	-3.36E-05	-1.24E-05	-1.64E-05	0.000782762
256	5	42.9877	-68.0674	727.148	-81930.5	68049.7	6154.48	325.584	366.674	0	-3.36E-05	-1.24E-05	-1.64E-05	0.000782762
256	6	43.0025	-67.9602	726.504	-82070.9	68046.7	6100.55	325.663	366.967	0	-3.06E-05	-1.20E-05	-1.51E-05	0.0007175
256	7	43.0593	-67.7198	726.214	-82182.4	68069.1	6067.6	325.731	367.166	0	-3.06E-05	-1.20E-05	-1.51E-05	0.0007175
256	8	43.116	-67.4795	725.923	-82293.9	68091.4	6034.64	325.8	367.364	0	-2.75E-05	-1.05E-05	-1.55E-05	0.000602195
256	9	43.1123	-67.3307	725.029	-82418.1	68094.7	5993.6	325.92	367.676	0	-2.43E-05	-9.27E-06	-1.46E-05	0.000448097
256	10	43.1086	-67.182	724.135	-82542.3	68098	5952.56	326.041	367.988	0	-2.43E-05	-9.27E-06	-1.46E-05	0.000448097
256	11	43.2085	-66.9783	723.103	-82634.7	68088.9	5923.66	326.162	368.278	0	-2.17E-05	-1.15E-05	-1.09E-05	0.000291761
256	12	43.3085	-66.7746	722.071	-82727	68079.7	5894.76	326.284	368.569	0	-2.17E-05	-1.15E-05	-1.09E-05	0.000291761
256	13	43.3355	-66.4725	721.409	-82844.2	68099.8	5848.36	326.398	368.837	0	-1.90E-05	-1.33E-05	-8.64E-06	0.000200997
256	14	43.3625	-66.1704	720.746	-82961.4	68120	5801.95	326.513	369.105	0	-1.90E-05	-1.33E-05	-8.64E-06	0.000200997
256	15	43.3284	-65.9976	720.307	-83048.8	68143.7	5764.75	326.604	369.296	0	-1.73E-05	-1.15E-05	-8.69E-06	0.000203947
256	16	43.2943	-65.8247	719.867	-83136.2	68167.4	5727.56	326.694	369.488	0	-1.73E-05	-1.15E-05	-8.69E-06	0.000203947
256	17	43.3935	-65.7481	719.558	-83239.8	68174.8	5718.62	326.745	369.682	0	-1.56E-05	-8.72E-06	-8.20E-06	0.000239989
256	18	43.4927	-65.6714	719.248	-83343.4	68182.2	5709.68	326.797	369.876	0	-1.24E-05	-7.54E-06	-9.05E-06	0.000298928
256	19	43.4688	-65.4387	718.627	-83495.2	68177.8	5653.49	326.872	370.187	0	-1.24E-05	-7.54E-06	-9.05E-06	0.000298928
257	0	43.4449	-65.2059	718.006	-83646.9	68173.4	5597.31	326.948	370.499	0	-7.77E-06	-8.20E-06	-1.17E-05	0.000512391
257	1	43.4907	-64.9624	717.305	-83715.8	68182.1	5548.92	327.053	370.709	0	-7.77E-06	-8.20E-06	-1.17E-05	0.000512391
257	2	43.5364	-64.7189	716.605	-83784.6	68190.8	5500.53	327.158	370.919	0	-8.88E-06	-7.98E-06	-1.35E-05	0.000991337
257	3	43.5764	-64.5419	716.259	-83903.7	68203.3	5461.5	327.222	371.142	0	-8.88E-06	-7.98E-06	-1.35E-05	0.000991337
257	4	43.6163	-64.3648	715.912	-84022.9	68215.8	5422.47	327.285	371.365	0	-1.91E-05	-4.94E-06	-1.49E-05	0.00164955
257	5	43.5865	-64.2027	715.207	-84148.4	68242.1	5370.78	327.416	371.656	0	-1.91E-05	-4.94E-06	-1.49E-05	0.00164955
257	6	43.5566	-64.0406	714.502	-84274	68268.4	5319.08	327.547	371.948	0	-2.86E-05	-1.95E-06	-1.39E-05	0.00260017
257	7	43.5322	-63.7335	713.913	-84366	68271.8	5290.55	327.63	372.174	0	-3.31E-05	-1.17E-06	-1.16E-05	0.00339528
257	8	43.5077	-63.4264	713.325	-84458	68275.2	5262.03	327.714	372.4	0	-3.31E-05	-1.17E-06	-1.16E-05	0.00339528
257	9	43.5945	-63.1873	712.727	-84564.9	68271.7	5209.61	327.789	372.65	0	-3.29E-05	-2.45E-06	-1.07E-05	0.00365214
257	10	43.6814	-62.9481	712.129	-84671.8	68268.2	5157.18	327.865	372.9	0	-3.29E-05	-2.45E-06	-1.07E-05	0.00365214
257	11	43.6761	-62.7855	711.694	-84814.4	68287.9	5124.99	327.951	373.172	0	-3.04E-05	-3.37E-06	-9.88E-06	0.00324575
257	12	43.6709	-62.6228	711.26	-84956.9	68307.6	5092.79	328.038	373.446	0	-3.04E-05	-3.37E-06	-9.88E-06	0.00324575
257	13	43.7033	-62.4334	710.867	-85076.4	68325.5	5065.62	328.116	373.68	0	-2.90E-05	-2.60E-06	-9.80E-06	0.00238469
257	14	43.7356	-62.2439	710.474	-85195.8	68343.3	5038.44	328.194	373.914	0	-2.90E-05	-2.60E-06	-9.80E-06	0.00238469
257	15	43.7743	-61.9647	709.777	-85280.2	68386.8	5004.13	328.35	374.151	0	-2.67E-05	-1.95E-06	-1.06E-05	0.00170799
257	16	43.8129	-61.6855	709.081	-85364.6	68430.2	4969.81	328.506	374.388	0	-2.62E-05	7.06E-07	-9.52E-06	0.00123567
257	17	43.8042	-61.4553	708.669	-85444.5	68450.2	4917.35	328.59	374.571	0	-2.62E-05	7.06E-07	-9.52E-06	0.00123567
257	18	43.7955	-61.2251	708.257	-85524.5	68470.1	4864.89	328.674	374.754	0	-2.83E-05	3.01E-06	-8.43E-06	0.000740106
257	19	43.7482	-60.9965	708.018	-85619.2	68474.5	4824.78	328.713	374.928	0	-2.83E-05	3.01E-06	-8.43E-06	0.000740106
258	0	43.7008	-60.768	707.78	-85713.9	68478.9	4784.66	328.752	375.102	0	-2.82E-05	5.61E-06	-8.22E-06	0.000228372
258	1	43.7089	-60.5173	707.809	-85840.8	68537.4	4748.51	328.83	375.277	0	-2.82E-05	5.61E-06	-8.22E-06	0.000228372
258	2	43.7171	-60.2665	707.837	-85967.7	68595.9	4712.36	328.909	375.451	0	-2.58E-05	1.11E-05	-8.46E-06	-2.21E-05
258	3	43.6816	-60.0587	707.365	-86080.5	68603.3	4662.69	328.984	375.692	0	-2.58E-05	1.11E-05	-8.46E-06	-2.21E-05
258	4	43.6461	-59.8509	706.894	-86193.2	68610.6	4613.01	329.059	375.932	0	-2.41E-05	1.20E-05	-7.75E-06	-8.49E-05
258	5	43.6186	-59.6686	706.481	-86304.8	68643.9	4575.71	329.163	376.161	0	-2.33E-05	1.08E-05	-5.18E-06	-8.97E-05
258	6	43.5911	-59.4862	706.069	-86416.4	68677.2	4538.42	329.267	376.391	0	-2.33E-05	1.08E-05	-5.18E-06	-8.97E-05
258	7	43.6415	-59.2732	705.942	-86558.3	68685.4	4490.18	329.296	376.614	0	-2.28E-05	9.94E-06	-4.20E-06	1.04E-05
258	8	43.6919	-59.0602	705.816	-86700.3	68693.6	4441.95	329.325	376.837	0	-2.28E-05	9.94E-06	-4.20E-06	1.04E-05
258	9	43.764	-58.8177	705.722	-86816.6	68718.9	4397.72	329.374	377.018	0	-2.39E-05	1.08E-05	-5.12E-06	0.000343373
258	10	43.8361	-58.5752	705.628	-86932.8	68744.2	4353.5	329.423	377.199	0	-2.39E-05	1.08E-05	-5.12E-06	0.000343373
258	11	43.8053	-58.382	705.068	-87004.4	68774.1	4288.22	329.543	377.399	0	-2.51E-05	1.41E-05	-6.00E-06	0.00170549
258	12	43.7745	-58.1888	704.508	-87076	68804.1	4222.94	329.663	377.598	0	-2.51E-05	1.41E-05	-6.00E-06	0.00170549
258	13	43.7162	-57.9845	704.446	-87151.1	68869.8	4176.74	329.765	377.716	0	-2.74E-05	1.59E-05	-5.75E-06	0.00275501
258	14	43.6578	-57.7803	704.383	-87226.2	68935.5	4130.54	329.866	377.833	0	-2.84E-05	1.58E-05	-5.08E-06	0.001877
258	15	43.6639	-57.4486	704.21	-87350.7	68947.5	4091.24	329.908	378.041	0	-2.84E-05	1.58E-05	-5.08E-06	0.001877
258	16	43.67	-57.1169	704.037	-87475.2	68959.5	4051.94	329.949	378.248	0	-2.60E-05	1.80E-05	-3.01E-06	0.000499679
258	17	43.7292	-56.8454	703.716	-87591.3	68967.5	4003.36	330.005	378.47	0	-2.60E-05	1.80E-05	-3.01E-06	0.000499679
258	18	43.7884	-56.5739	703.394	-87707.3	68975.5	3954.78	330.061	378.692	0	-2.38E-05	2.16E-05	-2.18E-06	-0.000478339
258	19	43.7565	-56.3394	703.307	-87820.9	69021.3	3913.7	330.138	378.869	0	-2.38E-05	2.16E-05	-2.18E-06	-0.000478339
259	0	43.7246	-56.1048	703.219	-87934.4	69067	3872.62	330.216	379.046	0	-2.24E-05	2.20E-05	-1.49E-06	-0.00125668
259	1	43.682	-55.8817	702.915	-88054.2	69110.3	3815.89	330.32	379.27	0	-2.24E-05	2.20E-05	-1.49E-06	-0.00125668
259	2	43.6393	-55.6587	702.611	-88174	69153.6	3759.16	330.424	379.495	0	-2.05E-05	1.81E-05	4.49E-07	-0.00191128
259	3	43.7256	-55.3212	702.446	-88261.5	69171.7	3706.05	330.473	379.649	0	-1.85E-05	1.56E-05	1.87E-06	-0.00241715
259	4	43.8118	-54.9837	702.281	-88349	69189.8	3652.95	330.522	379.803	0	-1.85E-05	1.56E-05	1.87E-06	-0.00241715
259	5	43.7911	-54.7487	702.281	-88454.7	69229.3	3598.87	330.578	379.953	0	-1.74E-05	1.61E-05	2.41E-06	-0.00278551
259	6	43.7703	-54.5137	702.281	-88560.5	69268.7	3544.79	330.634	380.104	0	-1.74E-05	1.61E-05	2.41E-06	-0.00278551
259	7	43.735	-54.3614	702.393	-88710.8	69321.6	3497.7	330.693	380.298	0	-1.63E-05	1.77E-05	-4.99E-07	-0.00303499
259	8	43.6997	-54.209	702.504	-88861.1	69374.4	3450.61	330.753	380.492	0	-1.63E-05	1.77E-05	-4.99E-07	-0.00303499
259	9	43.6723	-54.0211	702.433	-88942.9	69422.7	3398.49	330.832	380.621	0	-1.68E-05	1.89E-05	-4.40E-06	-0.00317891
259	10	43.6449	-53.8332	702.362	-89024.6	69470.9	3346.38	330.91	380.75	0	-1.68E-05	1.89E-05	-4.40E-06	-0.00317891
259	11	43.7076	-53.5247	701.885	-89107.3	69493.7	3285.23	331.01	380.954	0	-1.86E-05	2.12E-05	-4.61E-06	-0.00324914
259	12	43.7702	-53.2162	701.409	-89190	69516.6	3224.08	331.11	381.158	0	-1.81E-05	2.27E-05	-4.66E-06	-0.00324737
259	13	43.7825	-53.013	701.766	-89324	69555.4	3187.22	331.115	381.285	0	-1.81E-05	2.27E-05	-4.66E-06	-0.00324737
259	14	43.7947	-52.8097	702.123	-89457.9	69594.3	3150.36	331.12	381.411	0	-1.66E-05	2.31E-05	-5.56E-06	-0.00316292
259	15	43.7972	-52.5787	701.971	-89554.5	69642.6	3090.14	331.21	381.576	0	-1.66E-05	2.31E-05	-5.56E-06	-0.00316292
259	16	43.7997	-52.3478	701.819	-89651.1	69691	3029.92	331.301	381.741	0	-1.62E-05	2.06E-05	-6.57E-06	-0.00302395
259	17	43.8726	-52.0665	701.384	-89728.3	69708.1	2980.94	331.387	381.93	0	-1.62E-05	2.06E-05	-6.57E-06	-0.00302395
259	18	43.9455	-51.7852	700.948	-89805.5	69725.2	2931.95	331.473	382.12	0	-1.55E-05	1.65E-05	-7.35E-06	-0.00288306
259	19	43.9499	-51.4817	701.315	-89915.3	69789.1	2874.35	331.512	382.21	0	-1.55E-05	1.65E-05	-7.35E-06	-0.00288306
260	0	43.9542	-51.1782	701.681	-90025.2	69853	2816.74	331.551	382.299	0	-1.34E-05	1.28E-05	-6.16E-06	-0.00281039
260	1	43.8394	-50.9183	701.762	-90112.2	69884.9	2765.68	331.585	382.409	0	-1.19E-05	1.08E-05	-2.75E-06	-0.00310958
260	2	43.7246	-50.6585	701.844	-90199.3	69916.8	2714.62	331.619	382.518	0	-1.19E-05	1.08E-05	-2.75E-06	-0.00310958
260	3	43.7183	-50.4145	701.628	-90325.1	69958.4	2659.52	331.709	382.736	0	-1.13E-05	9.59E-06	-1.19E-07	-0.00378652
260	4	43.712	-50.1705	701.413	-90451	70000.1	2604.41	331.799	382.955	0	-1.13E-05	9.59E-06	-1.19E-07	-0.00378652
260	5	43.7088	-49.9221	701.701	-90547.2	70076.6	2564.79	331.867	383.039	0	-1.12E-05	8.30E-06	-8.89E-07	-0.0045712
260	6	43.7055	-49.6736	701.989	-90643.4	70153.1	2525.16	331.935	383.124	0	-1.12E-05	8.30E-06	-8.89E-07	-0.0045712
260	7	43.6239	-49.3201	701.697	-90766.6	70176.9	2463.22	332.01	383.353	0	-1.10E-05	8.82E-06	-3.37E-06	-0.0051828
260	8	43.5424	-48.9665	701.404	-90889.8	70200.8	2401.27	332.086	383.583	0	-1.10E-05	8.82E-06	-3.37E-06	-0.0051828
260	9	43.4623	-48.7472	701.372	-90975.2	70238.5	2335.27	332.144	383.71	0	-9.17E-06	9.35E-06	-5.12E-06	-0.00535268
260	10	43.3822	-48.5279	701.34	-91060.7	70276.2	2269.27	332.203	383.838	0	-7.93E-06	6.03E-06	-4.61E-06	-0.00529044
260	11	43.4314	-48.3385	701.528	-91132.8	70288.2	2205.41	332.193	383.906	0	-7.93E-06	6.03E-06	-4.61E-06	-0.00529044
260	12	43.4806	-48.149	701.715	-91205	70300.1	2141.56	332.183	383.974	0	-6.68E-06	1.75E-06	-4.54E-06	-0.00521446
260	13	43.5686	-47.8927	701.576	-91289.6	70338.8	2111.68	332.258	384.121	0	-6.68E-06	1.75E-06	-4.54E-06	-0.00521446
260	14	43.6566	-47.6363	701.438	-91374.3	70377.5	2081.8	332.333	384.267	0	-7.72E-06	3.95E-08	-5.28E-06	-0.00514736
260	15	43.5666	-47.3343	701.576	-91482.3	70423.1	2026.38	332.378	384.395	0	-7.72E-06	3.95E-08	-5.28E-06	-0.00514736
260	16	43.4765	-47.0322	701.715	-91590.3	70468.7	1970.97	332.424	384.523	0	-1.02E-05	1.22E-06	-6.93E-06	-0.00507829
260	17	43.4604	-46.7142	701.771	-91707.5	70512	1899.08	332.477	384.68	0	-1.02E-05	1.22E-06	-6.93E-06	-0.00507829
260	18	43.4443	-46.3961	701.827	-91824.8	70555.3	1827.2	332.531	384.837	0	-1.35E-05	5.09E-06	-8.48E-06	-0.00500975
260	19	43.4847	-46.1665	701.859	-91875.7	70602.9	1763.34	332.594	384.903	0	-1.76E-05	6.66E-06	-1.01E-05	-0.0049431
261	0	43.5251	-45.937	701.891	-91926.5	70650.5	1699.49	332.657	384.97	0	-1.76E-05	6.66E-06	-1.01E-05	-0.0049431
261	1	43.4201	-45.6796	701.859	-92041.8	70679.7	1636.54	332.703	385.14	0	-2.15E-05	6.71E-06	-1.03E-05	-0.00487744
261	2	43.315	-45.4222	701.827	-92157.2	70708.8	1573.6	332.75	385.31	0	-2.15E-05	6.71E-06	-1.03E-05	-0.00487744
261	3	43.2393	-45.1108	701.789	-92237.5	70797.8	1531.11	332.882	385.432	0	-2.47E-05	5.55E-06	-1.09E-05	-0.00480873
261	4	43.1636	-44.7993	701.75	-92317.8	70886.8	1488.62	333.014	385.554	0	-2.47E-05	5.55E-06	-1.09E-05	-0.00480873
261	5	43.2476	-44.4236	701.861	-92422.2	70920.3	1431.35	333.046	385.682	0	-2.54E-05	2.72E-06	-1.22E-05	-0.00454389
261	6	43.3315	-44.0478	701.972	-92526.7	70953.9	1374.09	333.078	385.81	0	-2.54E-05	2.72E-06	-1.22E-05	-0.00454389
261	7	43.2648	-43.7851	702.094	-92610.6	71009.5	1319.65	333.14	385.906	0	-2.60E-05	4.02E-07	-1.31E-05	-0.00383278
261	8	43.1981	-43.5225	702.215	-92694.5	71065.1	1265.21	333.201	386.003	0	-2.75E-05	-6.32E-07	-1.49E-05	-0.00291369
261	9	43.1519	-43.3401	702.299	-92754.2	71109.1	1214.88	333.252	386.072	0	-2.75E-05	-6.32E-07	-1.49E-05	-0.00291369
261	10	43.1057	-43.1578	702.382	-92813.8	71153	1164.54	333.302	386.141	0	-2.85E-05	-6.07E-07	-1.62E-05	-0.00198802
261	11	43.2182	-42.872	702.521	-92917.4	71171.2	1099.43	333.308	386.263	0	-2.85E-05	-6.07E-07	-1.62E-05	-0.00198802
261	12	43.3307	-42.5863	702.66	-93020.9	71189.3	1034.32	333.314	386.384	0	-3.00E-05	-2.24E-06	-1.68E-05	-0.00105728
261	13	43.3328	-42.2738	702.559	-93113.1	71231.6	968.42	333.389	386.534	0	-3.00E-05	-2.24E-06	-1.68E-05	-0.00105728
261	14	43.3348	-41.9614	702.458	-93205.3	71273.8	902.52	333.463	386.684	0	-3.22E-05	-3.95E-06	-1.71E-05	-0.00015106
261	15	43.2477	-41.6365	702.481	-93283.3	71305.8	828.307	333.506	386.791	0	-3.22E-05	-3.95E-06	-1.71E-05	-0.00015106
261	16	43.1606	-41.3116	702.503	-93361.3	71337.7	754.093	333.548	386.898	0	-3.49E-05	-3.32E-06	-1.63E-05	0.000690906
261	17	43.1909	-41.0307	702.433	-93406	71371.1	696.98	333.606	386.975	0	-3.64E-05	-2.74E-06	-1.52E-05	0.00142881
261	18	43.2213	-40.7499	702.363	-93450.8	71404.5	639.867	333.663	387.052	0	-3.64E-05	-2.74E-06	-1.52E-05	0.00142881
261	19	43.1826	-40.4558	702.462	-93493.8	71444.3	578.354	333.706	387.094	0	-3.37E-05	-3.73E-06	-1.48E-05	0.00203736
262	0	43.144	-40.1617	702.562	-93536.9	71484	516.84	333.748	387.137	0	-3.37E-05	-3.73E-06	-1.48E-05	0.00203736
262	1	43.1225	-39.8708	702.656	-93651.4	71524.4	462.176	333.791	387.282	0	-2.87E-05	-3.73E-06	-1.36E-05	0.0025185
262	2	43.101	-39.5799	702.75	-93765.9	71564.7	407.512	333.835	387.427	0	-2.87E-05	-3.73E-06	-1.36E-05	0.0025185
262	3	43.0966	-39.3386	702.871	-93828.6	71614.5	365.547	333.889	387.493	0	-2.54E-05	-2.13E-06	-1.34E-05	0.00286637
262	4	43.0921	-39.0972	702.992	-93891.3	71664.4	323.581	333.942	387.56	0	-2.54E-05	-2.13E-06	-1.34E-05	0.00286637
262	5	42.9978	-38.7977	703.119	-93961.1	71686.3	252.205	333.955	387.635	0	-2.37E-05	1.14E-07	-1.41E-05	0.00308681
262	6	42.9034	-38.4982	703.246	-94031	71708.2	180.829	333.967	387.71	0	-2.31E-05	3.86E-06	-1.44E-05	0.00319965
262	7	42.9172	-38.1866	703.39	-94125.5	71757.5	126.054	334.017	387.817	0	-2.31E-05	3.86E-06	-1.44E-05	0.00319965
262	8	42.9309	-37.8751	703.534	-94220.1	71806.8	71.2782	334.066	387.924	0	-2.23E-05	6.13E-06	-1.66E-05	0.00321909
262	9	43.0105	-37.6231	703.121	-94266.5	71853.2	-2.03904	334.192	388.069	0	-2.23E-05	6.13E-06	-1.66E-05	0.00321909
262	10	43.0901	-37.3711	702.708	-94312.9	71899.7	-75.3563	334.318	388.213	0	-2.02E-05	6.08E-06	-1.80E-05	0.00315802
262	11	43.0284	-36.9964	702.801	-94389.8	71937.3	-149.116	334.358	388.305	0	-2.02E-05	6.08E-06	-1.80E-05	0.00315802
262	12	42.9667	-36.6217	702.893	-94466.8	71974.8	-222.876	334.398	388.397	0	-1.97E-05	4.95E-06	-1.59E-05	0.00303746
262	13	42.9517	-36.241	703.138	-94521.3	71975.5	-290.908	334.363	388.428	0	-1.97E-05	4.95E-06	-1.59E-05	0.00303746
262	14	42.9366	-35.8603	703.382	-94575.7	71976.2	-358.941	334.329	388.459	0	-1.88E-05	3.72E-06	-1.32E-05	0.00288041
262	15	43.0139	-35.637	703.359	-94622.5	72000.1	-421.273	334.366	388.529	0	-1.74E-05	1.15E-06	-1.25E-05	0.00272236
262	16	43.0911	-35.4138	703.337	-94669.4	72023.9	-483.606	334.403	388.6	0	-1.74E-05	1.15E-06	-1.25E-05	0.00272236
262	17	42.9927	-35.2105	703.42	-94745.6	72085.4	-553.116	334.478	388.693	0	-1.74E-05	-3.31E-06	-1.24E-05	0.00258882
262	18	42.8942	-35.0073	703.503	-94821.8	72146.8	-622.626	334.554	388.785	0	-1.74E-05	-3.31E-06	-1.24E-05	0.00258882
262	19	42.841	-34.6607	703.312	-94932.9	72198.8	-696.254	334.655	388.98	0	-1.53E-05	-5.91E-06	-1.27E-05	0.00249014
263	0	42.7878	-34.3142	703.121	-95044	72250.7	-769.881	334.757	389.175	0	-1.53E-05	-5.91E-06	-1.27E-05	0.00249014
263	1	42.7969	-34.1263	703.164	-95102.3	72278.6	-832.709	334.791	389.249	0	-1.43E-05	-6.84E-06	-1.25E-05	0.00242525
263	2	42.8061	-33.9384	703.206	-95160.5	72306.5	-895.537	334.824	389.324	0	-1.43E-05	-6.84E-06	-1.25E-05	0.00242525
263	3	42.8362	-33.5647	703.417	-95182	72344.9	-938.884	334.848	389.314	0	-1.61E-05	-6.93E-06	-1.20E-05	0.00238544
263	4	42.8664	-33.1911	703.628	-95203.5	72383.3	-982.232	334.872	389.304	0	-1.89E-05	-6.19E-06	-1.37E-05	0.002362
263	5	42.9457	-32.7467	703.759	-95252.7	72390.5	-1054.83	334.863	389.348	0	-1.89E-05	-6.19E-06	-1.37E-05	0.002362
263	6	43.025	-32.3023	703.891	-95301.9	72397.8	-1127.42	334.854	389.393	0	-2.12E-05	-4.25E-06	-1.52E-05	0.0023431
263	7	43.0015	-32.0175	704.041	-95370.1	72435.1	-1195.24	334.885	389.461	0	-2.12E-05	-4.25E-06	-1.52E-05	0.0023431
263	8	42.9779	-31.7327	704.19	-95438.3	72472.3	-1263.06	334.916	389.529	0	-2.04E-05	-2.13E-06	-1.53E-05	0.00232755
263	9	42.9938	-31.4773	704.07	-95517.4	72521.1	-1336.94	335.003	389.665	0	-2.04E-05	-2.13E-06	-1.53E-05	0.00232755
263	10	43.0097	-31.222	703.95	-95596.5	72569.9	-1410.83	335.09	389.8	0	-2.04E-05	9.26E-07	-1.50E-05	0.00232146
263	11	43.0072	-30.9938	703.79	-95686.8	72603.9	-1467.16	335.161	389.959	0	-2.04E-05	9.26E-07	-1.50E-05	0.00232146
263	12	43.0046	-30.7656	703.629	-95777.1	72637.9	-1523.5	335.233	390.119	0	-2.05E-05	8.54E-07	-1.42E-05	0.00232196
263	13	42.9748	-30.5463	703.888	-95839.4	72651.6	-1597.93	335.215	390.157	0	-1.80E-05	9.16E-07	-1.32E-05	0.00231719
263	14	42.945	-30.3269	704.146	-95901.6	72665.2	-1672.35	335.196	390.196	0	-1.80E-05	9.16E-07	-1.32E-05	0.00231719
263	15	43.0248	-30.0711	704.539	-95959.1	72715.7	-1742.6	335.21	390.201	0	-1.46E-05	3.73E-06	-1.21E-05	0.00229856
263	16	43.1046	-29.8153	704.932	-96016.6	72766.1	-1812.86	335.224	390.207	0	-1.46E-05	3.73E-06	-1.21E-05	0.00229856
263	17	43.1397	-29.4853	704.768	-96039.6	72823.4	-1879.03	335.33	390.271	0	-1.41E-05	5.56E-06	-1.08E-05	0.00226578
263	18	43.1748	-29.1553	704.604	-96062.5	72880.7	-1945.21	335.435	390.336	0	-1.41E-05	5.56E-06	-1.08E-05	0.00226578
263	19	43.1127	-28.8503	704.614	-96114.1	72933.9	-2002.3	335.509	390.407	0	-1.71E-05	9.94E-06	-1.09E-05	0.00222444
264	0	43.0507	-28.5453	704.623	-96165.6	72987	-2059.38	335.583	390.478	0	-1.71E-05	9.94E-06	-1.09E-05	0.00222444
264	1	43.0802	-28.2124	704.416	-96226.9	73033.6	-2117.4	335.68	390.605	0	-1.92E-05	1.44E-05	-1.12E-05	0.00219506
264	2	43.1097	-27.8796	704.209	-96288.1	73080.2	-2175.41	335.776	390.732	0	-1.78E-05	1.19E-05	-1.19E-05	0.00219209
264	3	43.0981	-27.6463	704.394	-96346.4	73111.1	-2243.45	335.793	390.779	0	-1.78E-05	1.19E-05	-1.19E-05	0.00219209
264	4	43.0865	-27.4129	704.579	-96404.7	73142.1	-2311.49	335.81	390.826	0	-1.65E-05	1.06E-05	-1.09E-05	0.00218003
264	5	43.1096	-27.1374	704.593	-96455.9	73166.2	-2365.26	335.842	390.896	0	-1.65E-05	1.06E-05	-1.09E-05	0.00218003
264	6	43.1327	-26.8619	704.607	-96507	73190.3	-2419.03	335.874	390.966	0	-1.81E-05	1.05E-05	-1.05E-05	0.00217823
264	7	43.1453	-26.6241	704.506	-96579.6	73203.7	-2498	335.908	391.088	0	-1.81E-05	1.05E-05	-1.05E-05	0.00217823
264	8	43.1579	-26.3863	704.406	-96652.2	73217.1	-2576.98	335.942	391.211	0	-1.97E-05	8.43E-06	-8.49E-06	0.00217393
264	9	43.1069	-26.0872	704.869	-96687.3	73256.3	-2628.71	335.929	391.171	0	-1.97E-05	8.43E-06	-8.49E-06	0.00217393
264	10	43.0559	-25.788	705.331	-96722.4	73295.6	-2680.44	335.917	391.13	0	-2.02E-05	5.70E-06	-4.77E-06	0.00213829
264	11	43.0362	-25.4401	705.125	-96793.6	73318.3	-2756.15	335.979	391.272	0	-2.05E-05	3.24E-06	-4.22E-06	0.00213558
264	12	43.0166	-25.0922	704.919	-96864.8	73341	-2831.87	336.042	391.413	0	-2.05E-05	3.24E-06	-4.22E-06	0.00213558
264	13	43.0486	-24.8109	704.954	-96908.1	73353.7	-2902.94	336.055	391.467	0	-2.20E-05	2.98E-06	-5.69E-06	0.00208475
264	14	43.0806	-24.5295	704.989	-96951.5	73366.4	-2974.01	336.067	391.522	0	-2.20E-05	2.98E-06	-5.69E-06	0.00208475
264	15	43.1409	-24.3384	705.151	-96986.9	73435.5	-3030.02	336.142	391.541	0	-2.36E-05	2.72E-06	-6.44E-06	0.00194826
264	16	43.2013	-24.1473	705.313	-97022.4	73504.6	-3086.03	336.216	391.559	0	-2.36E-05	2.72E-06	-6.44E-06	0.00194826
264	17	43.2985	-24.0182	705.554	-97068.1	73558.3	-3135.14	336.256	391.577	0	-2.39E-05	3.21E-06	-7.94E-06	0.00185073
264	18	43.3958	-23.889	705.795	-97113.9	73611.9	-3184.25	336.296	391.595	0	-2.39E-05	3.21E-06	-7.94E-06	0.00185073
264	19	43.3212	-23.4684	706.14	-97184.5	73648.8	-3254.75	336.298	391.628	0	-2.27E-05	2.83E-06	-9.84E-06	0.00175233
265	0	43.2466	-23.0479	706.485	-97255.1	73685.6	-3325.25	336.299	391.661	0	-2.23E-05	4.14E-06	-7.97E-06	0.0016468
265	1	43.2011	-22.7323	706.31	-97326	73699	-3381.58	336.344	391.795	0	-2.23E-05	4.14E-06	-7.97E-06	0.0016468
265	2	43.1556	-22.4168	706.136	-97396.8	73712.3	-3437.92	336.388	391.929	0	-2.21E-05	6.03E-06	-5.95E-06	0.00155087
265	3	43.1807	-22.1691	706.045	-97450.5	73789.5	-3483.72	336.511	392.023	0	-2.21E-05	6.03E-06	-5.95E-06	0.00155087
265	4	43.2059	-21.9215	705.953	-97504.2	73866.7	-3529.52	336.634	392.117	0	-2.19E-05	5.73E-06	-5.66E-06	0.00134699
265	5	43.2582	-21.685	706.334	-97574.4	73879.8	-3615.37	336.596	392.142	0	-2.19E-05	5.73E-06	-5.66E-06	0.00134699
265	6	43.3106	-21.4485	706.714	-97644.6	73892.8	-3701.22	336.558	392.167	0	-2.17E-05	4.79E-06	-6.52E-06	0.00112974
265	7	43.3645	-21.2004	707.135	-97727.8	73902.5	-3756.8	336.51	392.203	0	-2.17E-05	4.79E-06	-6.52E-06	0.00112974
265	8	43.4184	-20.9524	707.556	-97811.1	73912.1	-3812.38	336.461	392.238	0	-2.21E-05	3.84E-06	-5.37E-06	0.000917055
265	9	43.4097	-20.6963	707.453	-97854.9	73984.5	-3879.15	336.579	392.32	0	-2.23E-05	3.06E-06	-4.12E-06	0.000592306
265	10	43.401	-20.4402	707.351	-97898.7	74056.9	-3945.92	336.696	392.402	0	-2.23E-05	3.06E-06	-4.12E-06	0.000592306
265	11	43.3286	-20.2054	707.574	-97964.1	74107.8	-4009.37	336.735	392.451	0	-2.24E-05	3.32E-06	-4.09E-06	0.00026627
265	12	43.2563	-19.9706	707.797	-98029.5	74158.8	-4072.82	336.774	392.5	0	-2.24E-05	3.32E-06	-4.09E-06	0.00026627
265	13	43.3004	-19.6833	707.862	-98138.2	74214.4	-4142.26	336.843	392.64	0	-2.20E-05	5.85E-06	-3.50E-06	2.62E-06
265	14	43.3445	-19.396	707.926	-98246.9	74270	-4211.7	336.912	392.781	0	-2.20E-05	5.85E-06	-3.50E-06	2.62E-06
265	15	43.3702	-19.1522	708.215	-98256.8	74327.8	-4268.49	336.951	392.739	0	-2.33E-05	8.39E-06	-3.19E-06	-0.000211343
265	16	43.3958	-18.9085	708.504	-98266.8	74385.6	-4325.29	336.99	392.696	0	-2.33E-05	8.39E-06	-3.19E-06	-0.000211343
265	17	43.387	-18.5888	708.926	-98320.1	74437.6	-4380.7	337.001	392.689	0	-2.37E-05	9.18E-06	-3.42E-06	-0.000386364
265	18	43.3782	-18.269	709.348	-98373.5	74489.6	-4436.12	337.011	392.682	0	-2.22E-05	8.30E-06	-3.99E-06	-0.000531619
265	19	43.4695	-17.969	709.35	-98448.4	74536.1	-4487.23	337.077	392.787	0	-2.22E-05	8.30E-06	-3.99E-06	-0.000531619
266	0	43.5608	-17.6689	709.353	-98523.4	74582.5	-4538.33	337.142	392.892	0	-2.29E-05	5.34E-06	-4.66E-06	-0.000649781
266	1	43.5525	-17.461	709.697	-98594.4	74606.7	-4608.54	337.125	392.925	0	-2.29E-05	5.34E-06	-4.66E-06	-0.000649781
266	2	43.5442	-17.2531	710.042	-98665.4	74630.8	-4678.74	337.108	392.957	0	-2.27E-05	3.73E-06	-4.17E-06	-0.000738547
266	3	43.4838	-16.9687	710.381	-98737.9	74663.3	-4725.89	337.103	392.993	0	-2.27E-05	3.73E-06	-4.17E-06	-0.000738547
266	4	43.4233	-16.6844	710.721	-98810.4	74695.8	-4773.03	337.099	393.029	0	-2.30E-05	2.48E-06	-4.32E-06	-0.000798557
266	5	43.408	-16.489	711.073	-98871.3	74752.6	-4836.75	337.126	393.045	0	-2.30E-05	2.48E-06	-4.32E-06	-0.000798557
266	6	43.3926	-16.2937	711.426	-98932.1	74809.3	-4900.48	337.154	393.062	0	-2.36E-05	9.70E-07	-6.16E-06	-0.000838081
266	7	43.407	-16.1365	711.648	-99030.1	74852.5	-4985.18	337.182	393.156	0	-2.23E-05	-1.93E-07	-6.19E-06	-0.000864546
266	8	43.4214	-15.9793	711.87	-99128.2	74895.6	-5069.88	337.21	393.25	0	-2.23E-05	-1.93E-07	-6.19E-06	-0.000864546
266	9	43.5492	-15.6967	712.074	-99196.6	74919.3	-5120.16	337.213	393.306	0	-2.10E-05	-2.13E-06	-5.41E-06	-0.00087814
266	10	43.677	-15.4142	712.279	-99265	74943.1	-5170.43	337.216	393.363	0	-2.10E-05	-2.13E-06	-5.41E-06	-0.00087814
266	11	43.7156	-15.2198	712.374	-99321.6	74991.4	-5218.98	337.27	393.423	0	-2.19E-05	-9.97E-07	-6.13E-06	-0.000878836
266	12	43.7541	-15.0253	712.469	-99378.2	75039.8	-5267.53	337.324	393.484	0	-2.19E-05	-9.97E-07	-6.13E-06	-0.000878836
266	13	43.7096	-14.7952	712.519	-99458.4	75119.3	-5322.98	337.428	393.587	0	-2.17E-05	9.93E-07	-6.78E-06	-0.00086555
266	14	43.665	-14.565	712.569	-99538.6	75198.8	-5378.43	337.532	393.69	0	-2.17E-05	9.93E-07	-6.78E-06	-0.00086555
266	15	43.6489	-14.3538	713.189	-99625.2	75219	-5423.09	337.469	393.69	0	-1.97E-05	2.90E-06	-6.65E-06	-0.000850891
266	16	43.6328	-14.1426	713.808	-99711.9	75239.2	-5467.75	337.405	393.69	0	-1.99E-05	5.38E-06	-4.69E-06	-0.000841345
266	17	43.7055	-13.956	714.239	-99760.2	75310.6	-5518.89	337.442	393.673	0	-1.99E-05	5.38E-06	-4.69E-06	-0.000841345
266	18	43.7782	-13.7693	714.669	-99808.5	75382	-5570.03	337.478	393.657	0	-2.03E-05	8.30E-06	-4.32E-06	-0.000829974
266	19	43.7937	-13.5203	714.775	-99872.2	75399	-5628.03	337.486	393.725	0	-2.03E-05	8.30E-06	-4.32E-06	-0.000829974
267	0	43.8093	-13.2713	714.881	-99935.9	75416.1	-5686.03	337.495	393.794	0	-1.80E-05	9.70E-06	-5.69E-06	-0.000818095
267	1	43.7959	-12.9828	715.04	-100022	75485.4	-5738.7	337.568	393.884	0	-1.80E-05	9.70E-06	-5.69E-06	-0.000818095
267	2	43.7825	-12.6944	715.198	-100109	75554.6	-5791.36	337.642	393.974	0	-1.78E-05	7.81E-06	-5.75E-06	-0.00080378
267	3	43.7396	-12.4717	715.491	-100197	75619	-5846	337.688	394.039	0	-1.78E-05	7.81E-06	-5.75E-06	-0.00080378
267	4	43.6968	-12.249	715.785	-100285	75683.5	-5900.65	337.735	394.104	0	-1.98E-05	5.49E-06	-6.47E-06	-0.00078364
267	5	43.687	-12.0087	716.138	-100369	75709.6	-5946.87	337.719	394.153	0	-1.93E-05	7.42E-06	-7.93E-06	-0.000761831
267	6	43.6772	-11.7684	716.492	-100453	75735.7	-5993.09	337.703	394.201	0	-1.93E-05	7.42E-06	-7.93E-06	-0.000761831
267	7	43.6452	-11.5685	716.621	-100530	75768.6	-6056.16	337.73	394.283	0	-2.07E-05	8.91E-06	-8.51E-06	-0.000740991
267	8	43.6132	-11.3686	716.75	-100607	75801.5	-6119.24	337.757	394.365	0	-2.07E-05	8.91E-06	-8.51E-06	-0.000740991
267	9	43.6628	-11.2098	717.101	-100672	75824.8	-6172.12	337.738	394.388	0	-2.23E-05	7.79E-06	-8.33E-06	-0.000715638
267	10	43.7123	-11.0509	717.451	-100738	75848.2	-6225	337.719	394.411	0	-2.23E-05	7.79E-06	-8.33E-06	-0.000715638
267	11	43.7276	-10.7583	717.698	-100838	75875.1	-6251.15	337.72	394.503	0	-2.31E-05	7.33E-06	-7.88E-06	-0.000688808
267	12	43.7429	-10.4657	717.944	-100939	75901.9	-6277.29	337.721	394.595	0	-2.31E-05	7.33E-06	-7.88E-06	-0.000688808
267	13	43.7439	-10.2029	718.152	-101055	75946.4	-6321.3	337.753	394.715	0	-2.36E-05	9.94E-06	-8.53E-06	-0.000661707
267	14	43.7449	-9.94007	718.36	-101170	75990.9	-6365.31	337.784	394.835	0	-2.45E-05	1.07E-05	-1.01E-05	-0.000638527
267	15	43.7395	-9.73568	718.562	-101244	76050.4	-6431.79	337.837	394.898	0	-2.45E-05	1.07E-05	-1.01E-05	-0.000638527
267	16	43.7342	-9.53128	718.763	-101318	76109.9	-6498.27	337.89	394.961	0	-2.33E-05	1.05E-05	-1.27E-05	-0.000614889
267	17	43.6996	-9.41383	718.889	-101398	76155.6	-6546.86	337.935	395.048	0	-2.33E-05	1.05E-05	-1.27E-05	-0.000614889
267	18	43.6649	-9.29637	719.015	-101478	76201.3	-6595.46	337.98	395.135	0	-2.06E-05	1.09E-05	-1.32E-05	-0.000592536
267	19	43.6655	-9.11203	719.104	-101544	76206.4	-6622.55	337.974	395.209	0	-2.06E-05	1.09E-05	-1.32E-05	-0.000592536
268	0	43.666	-8.92769	719.194	-101609	76211.5	-6649.65	337.968	395.282	0	-1.94E-05	1.11E-05	-1.14E-05	-0.000566228
268	1	43.7755	-8.80902	719.732	-101691	76248.6	-6711.54	337.94	395.29	0	-1.94E-05	1.11E-05	-1.14E-05	-0.000566228
268	2	43.885	-8.69036	720.271	-101772	76285.7	-6773.43	337.913	395.297	0	-1.91E-05	1.12E-05	-8.95E-06	-0.000537346
268	3	43.7564	-8.51252	720.858	-101839	76340.1	-6815.12	337.902	395.275	0	-1.93E-05	1.12E-05	-8.81E-06	-0.000511326
268	4	43.6278	-8.33468	721.444	-101906	76394.6	-6856.81	337.891	395.253	0	-1.93E-05	1.12E-05	-8.81E-06	-0.000511326
268	5	43.6264	-7.99511	721.613	-101994	76413.4	-6900.58	337.893	395.342	0	-1.89E-05	6.37E-06	-9.18E-06	-0.000497448
268	6	43.625	-7.65555	721.781	-102081	76432.2	-6944.36	337.894	395.43	0	-1.89E-05	6.37E-06	-9.18E-06	-0.000497448
268	7	43.5813	-7.42784	721.781	-102133	76487.9	-6988.09	337.971	395.502	0	-1.77E-05	3.04E-06	-9.81E-06	-0.000493375
268	8	43.5377	-7.20013	721.781	-102185	76543.6	-7031.81	338.048	395.574	0	-1.77E-05	3.04E-06	-9.81E-06	-0.000493375
268	9	43.542	-7.07867	721.731	-102290	76559.6	-7071.01	338.078	395.728	0	-1.57E-05	2.87E-06	-1.10E-05	-0.000490368
268	10	43.5464	-6.95722	721.681	-102394	76575.5	-7110.2	338.107	395.883	0	-1.57E-05	2.87E-06	-1.10E-05	-0.000490368
268	11	43.5664	-6.84367	721.943	-102494	76613.3	-7150.52	338.121	395.97	0	-1.35E-05	1.63E-06	-1.11E-05	-0.000492531
268	12	43.5865	-6.73011	722.205	-102594	76651.1	-7190.84	338.135	396.056	0	-1.50E-05	1.82E-06	-1.09E-05	-0.000496534
268	13	43.5234	-6.62755	722.538	-102677	76654.6	-7230.86	338.091	396.106	0	-1.50E-05	1.82E-06	-1.09E-05	-0.000496534
268	14	43.4603	-6.52499	722.871	-102760	76658.1	-7270.89	338.047	396.155	0	-1.64E-05	1.60E-06	-9.98E-06	-0.000491172
268	15	43.445	-6.28739	722.947	-102828	76680.5	-7336.74	338.067	396.235	0	-1.64E-05	1.60E-06	-9.98E-06	-0.000491172
268	16	43.4297	-6.0498	723.023	-102897	76702.8	-7402.6	338.086	396.315	0	-1.48E-05	1.81E-06	-8.29E-06	-0.000472253
268	17	43.4847	-5.80489	723.251	-102975	76760	-7448.63	338.132	396.377	0	-1.48E-05	1.81E-06	-8.29E-06	-0.000472253
268	18	43.5397	-5.55998	723.48	-103052	76817.2	-7494.66	338.177	396.44	0	-1.65E-05	5.15E-06	-8.07E-06	-0.000443054
268	19	43.552	-5.35593	723.505	-103127	76847	-7541.53	338.215	396.538	0	-1.65E-05	5.15E-06	-8.07E-06	-0.000443054
269	0	43.5643	-5.15188	723.53	-103202	76876.9	-7588.41	338.253	396.637	0	-2.12E-05	6.66E-06	-9.39E-06	-0.000410118
269	1	43.4991	-4.97603	723.758	-103282	76913	-7632.66	338.269	396.703	0	-2.43E-05	3.81E-06	-1.06E-05	-0.000370447
269	2	43.4339	-4.80017	723.986	-103362	76949.2	-7676.9	338.285	396.769	0	-2.43E-05	3.81E-06	-1.06E-05	-0.000370447
269	3	43.4477	-4.71127	723.969	-103462	76976.8	-7713.04	338.326	396.909	0	-2.59E-05	1.36E-06	-1.09E-05	-0.000329607
269	4	43.4616	-4.62236	723.953	-103561	77004.4	-7749.18	338.367	397.049	0	-2.59E-05	1.36E-06	-1.09E-05	-0.000329607
269	5	43.4583	-4.47333	724.371	-103639	77016.2	-7781.52	338.322	397.074	0	-2.74E-05	-5.54E-07	-1.28E-05	-0.00029959
269	6	43.455	-4.32429	724.789	-103717	77028.1	-7813.86	338.277	397.099	0	-2.74E-05	-5.54E-07	-1.28E-05	-0.00029959
269	7	43.4422	-4.09053	725.192	-103828	77035.4	-7859.74	338.228	397.173	0	-2.74E-05	-2.92E-06	-1.29E-05	-0.000271059
269	8	43.4294	-3.85677	725.595	-103939	77042.6	-7905.62	338.179	397.247	0	-2.74E-05	-2.92E-06	-1.29E-05	-0.000271059
269	9	43.5039	-3.66552	725.837	-104003	77076	-7941.81	338.189	397.287	0	-2.99E-05	-3.34E-06	-1.24E-05	-0.00024095
269	10	43.5784	-3.47427	726.078	-104067	77109.3	-7978	338.2	397.327	0	-3.35E-05	5.25E-07	-1.26E-05	-0.000208764
269	11	43.55	-3.29868	725.65	-104145	77128.2	-8011.33	338.288	397.52	0	-3.35E-05	5.25E-07	-1.26E-05	-0.000208764
269	12	43.5216	-3.12309	725.222	-104224	77147	-8044.66	338.377	397.714	0	-3.47E-05	2.41E-06	-1.31E-05	-0.000185565
269	13	43.4537	-3.01176	725.453	-104285	77177.7	-8094.58	338.386	397.751	0	-3.47E-05	2.41E-06	-1.31E-05	-0.000185565
269	14	43.3859	-2.90042	725.684	-104345	77208.4	-8144.5	338.394	397.788	0	-3.45E-05	5.54E-06	-1.24E-05	-0.000169087
269	15	43.3154	-2.72993	725.973	-104438	77225.3	-8196.7	338.375	397.86	0	-3.45E-05	5.54E-06	-1.24E-05	-0.000169087
269	16	43.2449	-2.55944	726.261	-104532	77242.2	-8248.9	338.356	397.932	0	-3.21E-05	7.58E-06	-1.23E-05	-0.000142386
269	17	43.2579	-2.39049	726.425	-104605	77262.2	-8272.56	338.359	397.999	0	-3.21E-05	7.58E-06	-1.23E-05	-0.000142386
269	18	43.271	-2.22154	726.589	-104677	77282.1	-8296.21	338.363	398.067	0	-2.59E-05	6.73E-06	-1.29E-05	-0.000116232
269	19	43.2557	-2.06822	726.516	-104773	77324.6	-8354.07	338.432	398.214	0	-2.02E-05	9.00E-06	-1.20E-05	-9.59E-05
270	0	43.2404	-1.91489	726.442	-104869	77367.1	-8411.93	338.501	398.36	0	-2.02E-05	9.00E-06	-1.20E-05	-9.59E-05
270	1	43.2722	-1.75442	726.745	-104895	77357.3	-8467.42	338.443	398.336	0	-1.90E-05	7.45E-06	-1.02E-05	-7.92E-05
270	2	43.3039	-1.59395	727.049	-104921	77347.5	-8522.92	338.386	398.311	0	-1.90E-05	7.45E-06	-1.02E-05	-7.92E-05
270	3	43.3676	-1.50823	726.985	-105006	77386.8	-8557.75	338.449	398.44	0	-2.12E-05	3.89E-06	-8.64E-06	-7.47E-05
270	4	43.4314	-1.42252	726.921	-105091	77426.2	-8592.58	338.513	398.569	0	-2.12E-05	3.89E-06	-8.64E-06	-7.47E-05
270	5	43.4501	-1.23218	727.097	-105187	77452.3	-8640.88	338.523	398.668	0	-2.29E-05	2.16E-06	-8.34E-06	-7.38E-05
270	6	43.4688	-1.04184	727.272	-105284	77478.3	-8689.18	338.533	398.766	0	-2.29E-05	2.16E-06	-8.34E-06	-7.38E-05
270	7	43.4719	-0.810145	727.464	-105349	77491.7	-8721.52	338.523	398.817	0	-2.49E-05	-2.43E-07	-8.04E-06	-6.89E-05
270	8	43.475	-0.578447	727.656	-105414	77505.1	-8753.85	338.513	398.868	0	-2.53E-05	-2.10E-06	-7.19E-06	-6.28E-05
270	9	43.4337	-0.459445	727.606	-105469	77523	-8783.7	338.545	398.953	0	-2.53E-05	-2.10E-06	-7.19E-06	-6.28E-05
270	10	43.3925	-0.340443	727.557	-105523	77540.9	-8813.54	338.577	399.038	0	-2.55E-05	-1.82E-06	-8.04E-06	-5.76E-05
270	11	43.3288	-0.0956654	727.409	-105627	77520.9	-8846.95	338.571	399.21	0	-2.55E-05	-1.82E-06	-8.04E-06	-5.76E-05
270	12	43.2652	0.149113	727.261	-105731	77500.9	-8880.36	338.566	399.382	0	-2.31E-05	-1.05E-06	-9.26E-06	-5.10E-05
270	13	43.3034	0.316829	727.243	-105833	77529.2	-8914.9	338.607	399.526	0	-2.31E-05	-1.05E-06	-9.26E-06	-5.10E-05
270	14	43.3416	0.484546	727.225	-105935	77557.4	-8949.44	338.649	399.671	0	-2.13E-05	1.37E-06	-9.92E-06	-4.07E-05
270	15	43.4027	0.738244	727.712	-105969	77598.9	-9010.19	338.634	399.62	0	-2.13E-05	1.37E-06	-9.92E-06	-4.07E-05
270	16	43.4638	0.991943	728.199	-106004	77640.4	-9070.94	338.62	399.57	0	-2.10E-05	4.56E-06	-9.95E-06	-3.18E-05
270	17	43.4528	1.03791	728.349	-106079	77631.6	-9115.42	338.586	399.643	0	-1.98E-05	6.58E-06	-9.67E-06	-2.19E-05
270	18	43.4418	1.08389	728.499	-106155	77622.8	-9159.89	338.552	399.717	0	-1.98E-05	6.58E-06	-9.67E-06	-2.19E-05
270	19	43.4706	1.23895	728.786	-106204	77588.5	-9192.38	338.463	399.727	0	-1.92E-05	7.28E-06	-8.99E-06	-1.51E-05
271	0	43.4993	1.39401	729.073	-106253	77554.2	-9224.86	338.374	399.738	0	-1.92E-05	7.28E-06	-8.99E-06	-1.51E-05
271	1	43.5272	1.60963	728.792	-106315	77584.4	-9247.17	338.456	399.878	0	-1.81E-05	8.66E-06	-7.92E-06	-8.02E-06
271	2	43.5551	1.82524	728.512	-106376	77614.6	-9269.49	338.539	400.019	0	-1.81E-05	8.66E-06	-7.92E-06	-8.02E-06
271	3	43.54	1.94117	728.818	-106423	77640.6	-9305.41	338.529	400.021	0	-1.83E-05	9.46E-06	-8.95E-06	2.65E-07
271	4	43.525	2.0571	729.125	-106469	77666.6	-9341.33	338.52	400.023	0	-1.83E-05	9.46E-06	-8.95E-06	2.65E-07
271	5	43.5503	2.20757	728.716	-106533	77669.8	-9401.63	338.584	400.192	0	-1.82E-05	1.01E-05	-9.57E-06	6.10E-06
271	6	43.5756	2.35803	728.306	-106597	77673	-9461.94	338.649	400.362	0	-1.59E-05	9.01E-06	-8.87E-06	6.16E-06
271	7	43.654	2.56887	727.997	-106628	77648.2	-9523.55	338.66	400.468	0	-1.59E-05	9.01E-06	-8.87E-06	6.16E-06
271	8	43.7323	2.77971	727.688	-106660	77623.5	-9585.17	338.671	400.574	0	-1.49E-05	4.56E-06	-8.79E-06	1.98E-07
271	9	43.7089	3.03561	727.69	-106704	77617.3	-9620.78	338.663	400.633	0	-1.49E-05	4.56E-06	-8.79E-06	1.98E-07
271	10	43.6855	3.29151	727.693	-106747	77611.2	-9656.4	338.654	400.693	0	-1.61E-05	2.85E-06	-8.20E-06	-1.17E-05
271	11	43.6994	3.45044	727.609	-106781	77606.2	-9709.76	338.659	400.756	0	-1.61E-05	2.85E-06	-8.20E-06	-1.17E-05
271	12	43.7132	3.60938	727.525	-106814	77601.2	-9763.13	338.665	400.819	0	-1.86E-05	4.25E-06	-7.19E-06	-2.08E-05
271	13	43.7693	3.86035	727.597	-106874	77616.7	-9806.07	338.675	400.886	0	-1.86E-05	4.25E-06	-7.19E-06	-2.08E-05
271	14	43.8254	4.11132	727.668	-106934	77632.2	-9849	338.686	400.954	0	-1.96E-05	4.87E-06	-5.95E-06	-2.06E-05
271	15	43.8019	4.26317	727.266	-106985	77639.2	-9904.42	338.755	401.105	0	-1.82E-05	3.71E-06	-6.47E-06	-1.63E-05
271	16	43.7785	4.41502	726.865	-107036	77646.3	-9959.84	338.824	401.257	0	-1.82E-05	3.71E-06	-6.47E-06	-1.63E-05
271	17	43.6982	4.62006	726.953	-107063	77639.7	-9985.47	338.802	401.277	0	-1.62E-05	2.96E-06	-6.88E-06	-1.49E-05
271	18	43.6179	4.82511	727.041	-107091	77633.2	-10011.1	338.78	401.297	0	-1.62E-05	2.96E-06	-6.88E-06	-1.49E-05
271	19	43.6444	5.01836	726.95	-107095	77629.8	-10045.3	338.788	401.321	0	-1.65E-05	4.71E-06	-7.23E-06	-9.83E-06
272	0	43.671	5.21162	726.86	-107099	77626.4	-10079.5	338.797	401.345	0	-1.65E-05	4.71E-06	-7.23E-06	-9.83E-06
272	1	43.737	5.5084	726.516	-107126	77603.3	-10136.1	338.816	401.452	0	-2.07E-05	3.91E-06	-7.50E-06	-8.19E-07
272	2	43.803	5.80517	726.173	-107153	77580.2	-10192.7	338.834	401.559	0	-2.07E-05	3.91E-06	-7.50E-06	-8.19E-07
272	3	43.822	6.16327	726.19	-107168	77533.9	-10247.5	338.768	401.576	0	-2.37E-05	8.67E-07	-7.79E-06	1.17E-05
272	4	43.8411	6.52137	726.208	-107183	77487.5	-10302.4	338.702	401.592	0	-2.49E-05	-1.68E-06	-9.75E-06	2.29E-05
272	5	43.8887	6.75971	726.047	-107232	77460.9	-10347.6	338.689	401.693	0	-2.49E-05	-1.68E-06	-9.75E-06	2.29E-05
272	6	43.9363	6.99805	725.886	-107282	77434.3	-10392.8	338.676	401.794	0	-2.25E-05	-1.77E-06	-1.15E-05	3.00E-05
272	7	43.9328	7.28035	725.696	-107278	77458.6	-10432.9	338.737	401.828	0	-2.25E-05	-1.77E-06	-1.15E-05	3.00E-05
272	8	43.9293	7.56265	725.506	-107275	77483	-10473	338.799	401.863	0	-1.92E-05	-1.05E-06	-1.11E-05	2.73E-05
272	9	43.8976	7.81646	725.472	-107274	77464.5	-10538.3	338.778	401.868	0	-1.92E-05	-1.05E-06	-1.11E-05	2.73E-05
272	10	43.8659	8.07027	725.438	-107273	77446	-10603.6	338.758	401.874	0	-1.79E-05	8.96E-08	-9.93E-06	2.20E-05
272	11	43.9187	8.27366	725.258	-107276	77423.6	-10660.6	338.753	401.914	0	-1.79E-05	8.96E-08	-9.93E-06	2.20E-05
272	12	43.9715	8.47705	725.079	-107278	77401.3	-10717.6	338.749	401.954	0	-1.29E-05	1.43E-06	-9.68E-06	2.13E-05
272	13	43.9789	8.75499	724.53	-107278	77387.4	-10759.5	338.811	402.065	0	-1.16E-05	3.47E-06	-1.18E-05	2.65E-05
272	14	43.9863	9.03293	723.98	-107277	77373.6	-10801.4	338.873	402.177	0	-1.16E-05	3.47E-06	-1.18E-05	2.65E-05
272	15	44.0465	9.42333	723.724	-107290	77323	-10858.5	338.84	402.248	0	-1.60E-05	4.54E-06	-1.43E-05	2.99E-05
272	16	44.1067	9.81373	723.469	-107304	77272.4	-10915.6	338.808	402.318	0	-1.60E-05	4.54E-06	-1.43E-05	2.99E-05
272	17	44.1942	10.1711	723.061	-107294	77264.9	-10959.9	338.858	402.388	0	-2.00E-05	5.05E-06	-1.39E-05	2.91E-05
272	18	44.2816	10.5286	722.653	-107284	77257.5	-11004.3	338.908	402.459	0	-2.00E-05	5.05E-06	-1.39E-05	2.91E-05
272	19	44.2758	10.7741	722.828	-107252	77209	-11060.5	338.815	402.379	0	-2.28E-05	3.81E-06	-1.35E-05	2.62E-05
273	0	44.2699	11.0196	723.003	-107221	77160.5	-11116.8	338.722	402.299	0	-2.28E-05	3.81E-06	-1.35E-05	2.62E-05
273	1	44.2254	11.3968	722.828	-107186	77155.7	-11159	338.741	402.287	0	-2.46E-05	1.80E-06	-1.14E-05	2.80E-05
273	2	44.1809	11.7741	722.654	-107151	77150.9	-11201.2	338.761	402.274	0	-2.41E-05	2.34E-06	-1.01E-05	4.53E-05
273	3	44.1806	12.1492	722.54	-107151	77149.9	-11255.8	338.776	402.298	0	-2.41E-05	2.34E-06	-1.01E-05	4.53E-05
273	4	44.1802	12.5242	722.426	-107152	77148.8	-11310.3	338.791	402.323	0	-2.23E-05	2.62E-06	-9.90E-06	5.88E-05
273	5	44.3515	12.8708	721.739	-107189	77109	-11371.3	338.838	402.515	0	-2.23E-05	2.62E-06	-9.90E-06	5.88E-05
273	6	44.5227	13.2175	721.052	-107225	77069.3	-11432.3	338.885	402.707	0	-2.19E-05	8.92E-07	-8.28E-06	5.15E-05
273	7	44.5873	13.506	720.679	-107178	76996.3	-11483.1	338.839	402.718	0	-2.19E-05	8.92E-07	-8.28E-06	5.15E-05
273	8	44.6519	13.7946	720.307	-107131	76923.4	-11533.8	338.793	402.73	0	-2.42E-05	-2.04E-06	-7.09E-06	4.41E-05
273	9	44.6231	14.2584	719.874	-107104	76923.7	-11599.8	338.857	402.781	0	-2.42E-05	-2.04E-06	-7.09E-06	4.41E-05
273	10	44.5943	14.7222	719.441	-107076	76924	-11665.7	338.922	402.832	0	-2.51E-05	-1.28E-06	-6.65E-06	4.43E-05
273	11	44.6195	15.0253	719.124	-107069	76876.6	-11724.5	338.903	402.887	0	-2.43E-05	6.58E-07	-7.36E-06	3.79E-05
273	12	44.6446	15.3284	718.807	-107061	76829.3	-11783.3	338.884	402.943	0	-2.43E-05	6.58E-07	-7.36E-06	3.79E-05
273	13	44.665	15.7398	718.778	-107064	76812.7	-11831.9	338.866	402.953	0	-2.33E-05	3.61E-06	-8.65E-06	2.15E-05
273	14	44.6854	16.1512	718.75	-107067	76796.1	-11880.6	338.847	402.962	0	-2.33E-05	3.61E-06	-8.65E-06	2.15E-05
273	15	44.6293	16.5598	718.641	-107034	76748.6	-11960.4	338.797	402.939	0	-2.08E-05	7.14E-06	-8.83E-06	6.44E-06
273	16	44.5733	16.9685	718.532	-107001	76701.1	-12040.1	338.747	402.916	0	-2.08E-05	7.14E-06	-8.83E-06	6.44E-06
273	17	44.5995	17.2711	718.34	-106987	76669.5	-12084	338.732	402.936	0	-1.92E-05	7.99E-06	-8.61E-06	-1.10E-05
273	18	44.6257	17.5738	718.148	-106972	76637.8	-12127.8	338.716	402.955	0	-1.92E-05	7.99E-06	-8.61E-06	-1.10E-05
273	19	44.7179	17.9102	717.677	-106974	76618.1	-12172.4	338.758	403.056	0	-2.06E-05	6.38E-06	-9.02E-06	-3.15E-05
274	0	44.81	18.2466	717.206	-106976	76598.4	-12216.9	338.801	403.156	0	-2.25E-05	6.29E-06	-9.35E-06	-5.01E-05
274	1	44.787	18.5513	716.75	-106924	76578.9	-12276.3	338.842	403.18	0	-2.25E-05	6.29E-06	-9.35E-06	-5.01E-05
274	2	44.764	18.8559	716.293	-106873	76559.3	-12335.6	338.883	403.203	0	-1.96E-05	7.48E-06	-9.75E-06	-6.60E-05
274	3	44.8079	19.1848	715.934	-106847	76532.7	-12412.8	338.899	403.242	0	-1.96E-05	7.48E-06	-9.75E-06	-6.60E-05
274	4	44.8518	19.5137	715.575	-106821	76506.1	-12490	338.916	403.281	0	-1.42E-05	6.96E-06	-1.04E-05	-7.82E-05
274	5	44.8652	19.9631	715.672	-106807	76483.4	-12542	338.869	403.24	0	-1.42E-05	6.96E-06	-1.04E-05	-7.82E-05
274	6	44.8787	20.4125	715.769	-106792	76460.6	-12594.1	338.823	403.199	0	-1.44E-05	5.62E-06	-9.88E-06	-8.45E-05
274	7	44.8798	20.839	715.503	-106794	76464.8	-12648.2	338.869	403.257	0	-1.44E-05	5.62E-06	-9.88E-06	-8.45E-05
274	8	44.881	21.2655	715.237	-106796	76469.1	-12702.3	338.914	403.315	0	-1.85E-05	6.48E-06	-9.34E-06	-9.27E-05
274	9	44.95	21.6668	714.89	-106796	76402.8	-12782.7	338.874	403.388	0	-2.06E-05	6.47E-06	-8.30E-06	-0.000101648
274	10	45.0189	22.0681	714.543	-106796	76336.6	-12863.1	338.833	403.461	0	-2.06E-05	6.47E-06	-8.30E-06	-0.000101648
274	11	45.0419	22.4622	713.899	-106814	76341.1	-12930.2	338.935	403.62	0	-2.42E-05	5.28E-06	-5.80E-06	-0.000104699
274	12	45.0649	22.8562	713.255	-106831	76345.7	-12997.3	339.038	403.78	0	-2.42E-05	5.28E-06	-5.80E-06	-0.000104699
274	13	45.0861	23.2535	713.391	-106776	76347.3	-13041.8	339.02	403.674	0	-2.71E-05	4.17E-06	-6.03E-06	-0.000103977
274	14	45.1073	23.6507	713.526	-106722	76348.8	-13086.3	339.002	403.569	0	-2.71E-05	4.17E-06	-6.03E-06	-0.000103977
274	15	45.1961	24.0304	713.447	-106699	76314.7	-13157	338.966	403.554	0	-2.35E-05	2.47E-06	-6.55E-06	-9.71E-05
274	16	45.285	24.41	713.368	-106677	76280.6	-13227.7	338.93	403.54	0	-2.35E-05	2.47E-06	-6.55E-06	-9.71E-05
274	17	45.2446	24.818	713.168	-106710	76259.3	-13279.9	338.93	403.628	0	-2.05E-05	3.70E-06	-5.85E-06	-9.37E-05
274	18	45.2043	25.2259	712.969	-106742	76238	-13332	338.93	403.715	0	-2.16E-05	5.46E-06	-6.93E-06	-9.26E-05
274	19	45.1004	25.5857	713.028	-106775	76233.5	-13391.1	338.915	403.748	0	-2.16E-05	5.46E-06	-6.93E-06	-9.26E-05
275	0	44.9966	25.9454	713.088	-106807	76229	-13450.2	338.9	403.781	0	-2.26E-05	5.18E-06	-8.13E-06	-8.98E-05
275	1	44.9505	26.3067	713.291	-106841	76234.7	-13525.7	338.878	403.786	0	-2.26E-05	5.18E-06	-8.13E-06	-8.98E-05
275	2	44.9044	26.6679	713.493	-106875	76240.4	-13601.1	338.855	403.791	0	-2.20E-05	3.24E-06	-8.39E-06	-8.97E-05
275	3	45.0006	26.9803	713.065	-106909	76254.4	-13666	338.939	403.928	0	-2.20E-05	3.24E-06	-8.39E-06	-8.97E-05
275	4	45.0968	27.2928	712.637	-106942	76268.4	-13730.9	339.023	404.065	0	-2.05E-05	5.07E-06	-8.51E-06	-8.87E-05
275	5	45.0831	27.6229	712.909	-106957	76283.5	-13774.3	339.003	404.029	0	-2.05E-05	5.07E-06	-8.51E-06	-8.87E-05
275	6	45.0694	27.953	713.181	-106972	76298.6	-13817.6	338.984	403.993	0	-2.11E-05	7.14E-06	-9.72E-06	-8.95E-05
275	7	45.0882	28.3329	713.334	-107031	76282.5	-13878.8	338.938	404.044	0	-2.23E-05	5.00E-06	-1.00E-05	-8.80E-05
275	8	45.107	28.7127	713.487	-107091	76266.5	-13940	338.893	404.095	0	-2.23E-05	5.00E-06	-1.00E-05	-8.80E-05
275	9	45.1287	29.0713	713.672	-107147	76290.3	-13995.6	338.898	404.135	0	-2.08E-05	3.40E-06	-9.44E-06	-8.62E-05
275	10	45.1505	29.4299	713.856	-107203	76314	-14051.2	338.904	404.175	0	-2.08E-05	3.40E-06	-9.44E-06	-8.62E-05
275	11	45.1891	29.726	713.566	-107273	76307.5	-14113.1	338.938	404.333	0	-1.93E-05	2.72E-06	-9.12E-06	-8.48E-05
275	12	45.2276	30.0221	713.276	-107342	76301	-14175	338.973	404.491	0	-1.93E-05	2.72E-06	-9.12E-06	-8.48E-05
275	13	45.2093	30.2518	713.805	-107396	76316.2	-14209.4	338.915	404.456	0	-2.08E-05	4.14E-06	-8.48E-06	-7.63E-05
275	14	45.1909	30.4816	714.335	-107451	76331.4	-14243.8	338.857	404.421	0	-2.08E-05	4.14E-06	-8.48E-06	-7.63E-05
275	15	45.2434	30.7599	714.287	-107537	76315.9	-14299.6	338.842	404.551	0	-2.17E-05	5.80E-06	-7.64E-06	-6.65E-05
275	16	45.2959	31.0382	714.24	-107623	76300.3	-14355.4	338.827	404.681	0	-2.12E-05	6.68E-06	-7.27E-06	-6.60E-05
275	17	45.3531	31.3543	714.344	-107678	76319.4	-14407.6	338.838	404.738	0	-2.12E-05	6.68E-06	-7.27E-06	-6.60E-05
275	18	45.4102	31.6704	714.448	-107734	76338.5	-14459.7	338.85	404.794	0	-2.05E-05	7.23E-06	-8.15E-06	-7.16E-05
275	19	45.4771	31.8739	714.786	-107810	76363.1	-14515	338.833	404.829	0	-2.05E-05	7.23E-06	-8.15E-06	-7.16E-05
276	0	45.5439	32.0774	715.124	-107886	76387.8	-14570.3	338.818	404.864	0	-1.94E-05	5.64E-06	-8.33E-06	-7.29E-05
276	1	45.5792	32.2727	715.246	-107968	76420.1	-14626	338.845	404.952	0	-1.94E-05	5.64E-06	-8.33E-06	-7.29E-05
276	2	45.6145	32.468	715.369	-108049	76452.5	-14681.6	338.871	405.04	0	-1.72E-05	3.01E-06	-7.41E-06	-6.91E-05
276	3	45.532	32.7389	715.809	-108150	76458	-14733.3	338.813	405.088	0	-1.72E-05	3.01E-06	-7.41E-06	-6.91E-05
276	4	45.4494	33.0097	716.249	-108251	76463.5	-14784.9	338.756	405.136	0	-1.56E-05	3.34E-06	-6.93E-06	-6.49E-05
276	5	45.5165	33.1775	716.593	-108338	76467.5	-14830	338.71	405.184	0	-1.71E-05	5.49E-06	-7.81E-06	-5.90E-05
276	6	45.5836	33.3453	716.936	-108424	76471.5	-14875.1	338.664	405.232	0	-1.71E-05	5.49E-06	-7.81E-06	-5.90E-05
276	7	45.6688	33.624	716.891	-108506	76511.3	-14913	338.727	405.357	0	-2.01E-05	5.51E-06	-8.22E-06	-5.11E-05
276	8	45.7539	33.9027	716.845	-108589	76551.2	-14950.9	338.789	405.482	0	-2.01E-05	5.51E-06	-8.22E-06	-5.11E-05
276	9	45.7789	34.174	717.178	-108702	76549.5	-15003.6	338.737	405.569	0	-2.04E-05	3.35E-06	-8.46E-06	-4.99E-05
276	10	45.8038	34.4453	717.51	-108815	76547.8	-15056.4	338.685	405.656	0	-2.04E-05	3.35E-06	-8.46E-06	-4.99E-05
276	11	45.8145	34.6089	717.69	-108925	76582.6	-15110.1	338.707	405.771	0	-2.07E-05	-3.73E-08	-8.44E-06	-5.48E-05
276	12	45.8253	34.7725	717.87	-109035	76617.4	-15163.9	338.729	405.887	0	-2.07E-05	-3.73E-08	-8.44E-06	-5.48E-05
276	13	45.8588	34.9245	718.128	-109139	76619.9	-15213.5	338.694	405.977	0	-2.19E-05	-4.78E-07	-7.46E-06	-5.82E-05
276	14	45.8924	35.0765	718.386	-109243	76622.4	-15263.1	338.659	406.067	0	-2.16E-05	1.92E-06	-7.63E-06	-5.62E-05
276	15	45.9685	35.2784	718.592	-109369	76672.4	-15312.7	338.698	406.2	0	-2.16E-05	1.92E-06	-7.63E-06	-5.62E-05
276	16	46.0447	35.4802	718.798	-109496	76722.3	-15362.2	338.737	406.332	0	-2.06E-05	5.30E-07	-8.35E-06	-4.94E-05
276	17	46.0805	35.6097	719.276	-109678	76754.7	-15414.5	338.711	406.484	0	-2.06E-05	5.30E-07	-8.35E-06	-4.94E-05
276	18	46.1163	35.7392	719.753	-109860	76787	-15466.7	338.685	406.635	0	-1.80E-05	2.28E-06	-8.10E-06	-3.99E-05
276	19	46.1041	35.9249	720.136	-109988	76850.9	-15506.6	338.717	406.732	0	-1.80E-05	2.28E-06	-8.10E-06	-3.99E-05
277	0	46.092	36.1106	720.519	-110116	76914.7	-15546.5	338.749	406.828	0	-1.72E-05	3.76E-06	-8.59E-06	-3.10E-05
277	1	46.1582	36.2738	721.092	-110258	76989.3	-15591.4	338.768	406.904	0	-1.72E-05	3.76E-06	-8.59E-06	-3.10E-05
277	2	46.2244	36.437	721.665	-110401	77063.9	-15636.2	338.786	406.981	0	-1.66E-05	3.86E-06	-9.36E-06	-2.37E-05
277	3	46.2243	36.5802	722.363	-110512	77067.4	-15686.4	338.688	406.986	0	-1.76E-05	7.11E-06	-9.57E-06	-1.84E-05
277	4	46.2241	36.7234	723.06	-110623	77070.9	-15736.6	338.59	406.992	0	-1.76E-05	7.11E-06	-9.57E-06	-1.84E-05
277	5	46.2595	36.9135	723.405	-110789	77115.2	-15783.4	338.6	407.149	0	-1.94E-05	9.49E-06	-9.92E-06	-1.21E-05
277	6	46.2949	37.1037	723.749	-110955	77159.5	-15830.2	338.611	407.306	0	-1.94E-05	9.49E-06	-9.92E-06	-1.21E-05
277	7	46.3449	37.2952	724.207	-111092	77236.8	-15872.3	338.65	407.398	0	-1.97E-05	1.64E-05	-9.72E-06	-5.14E-06
277	8	46.3949	37.4868	724.665	-111228	77314.1	-15914.4	338.689	407.489	0	-1.97E-05	1.64E-05	-9.72E-06	-5.14E-06
277	9	46.4807	37.6423	725.182	-111439	77378.9	-15963.9	338.703	407.67	0	-2.00E-05	2.50E-05	-8.64E-06	4.30E-06
277	10	46.5665	37.7977	725.698	-111649	77443.8	-16013.3	338.716	407.85	0	-2.00E-05	2.50E-05	-8.64E-06	4.30E-06
277	11	46.5404	37.9219	726.211	-111831	77501.8	-16061.6	338.721	407.993	0	-2.15E-05	2.54E-05	-9.15E-06	8.48E-06
277	12	46.5142	38.0461	726.723	-112014	77559.9	-16109.9	338.726	408.135	0	-2.23E-05	2.07E-05	-1.24E-05	8.66E-06
277	13	46.5748	38.1194	726.973	-112194	77621.5	-16146.9	338.774	408.33	0	-2.23E-05	2.07E-05	-1.24E-05	8.66E-06
277	14	46.6354	38.1926	727.224	-112375	77683.1	-16183.9	338.821	408.526	0	-2.00E-05	1.22E-05	-1.43E-05	1.51E-05
277	15	46.7095	38.3384	728.171	-112558	77761.1	-16207.1	338.79	408.576	0	-2.00E-05	1.22E-05	-1.43E-05	1.51E-05
277	16	46.7835	38.4841	729.119	-112741	77839.1	-16230.2	338.758	408.627	0	-1.73E-05	4.35E-06	-1.55E-05	1.49E-05
277	17	46.8243	38.748	729.93	-112902	77884.3	-16290.4	338.701	408.676	0	-1.73E-05	4.35E-06	-1.55E-05	1.49E-05
277	18	46.865	39.0118	730.741	-113063	77929.5	-16350.6	338.645	408.724	0	-1.66E-05	9.15E-08	-1.36E-05	8.25E-06
277	19	46.9151	39.2511	731.247	-113213	77952.2	-16412.4	338.602	408.822	0	-1.66E-05	9.15E-08	-1.36E-05	8.25E-06
278	0	46.9653	39.4904	731.754	-113362	77974.9	-16474.2	338.559	408.919	0	-1.52E-05	1.25E-06	-9.80E-06	8.08E-06
278	1	46.9577	39.613	732.528	-113595	78042.8	-16515.4	338.539	409.072	0	-1.76E-05	2.41E-06	-5.08E-06	1.07E-05
278	2	46.9501	39.7357	733.302	-113827	78110.7	-16556.7	338.519	409.225	0	-1.76E-05	2.41E-06	-5.08E-06	1.07E-05
278	3	46.9381	39.9669	733.912	-114089	78190.8	-16629.9	338.54	409.453	0	-2.36E-05	3.21E-06	2.28E-06	1.01E-05
278	4	46.9261	40.1982	734.522	-114351	78271	-16703.1	338.561	409.681	0	-2.36E-05	3.21E-06	2.28E-06	1.01E-05
278	5	47.042	40.3169	735.196	-114554	78333.4	-16743.6	338.548	409.814	0	-2.96E-05	6.54E-06	3.94E-06	7.94E-06
278	6	47.1579	40.4355	735.87	-114757	78395.8	-16784.2	338.535	409.948	0	-2.96E-05	6.54E-06	3.94E-06	7.94E-06
278	7	47.2695	40.5077	736.505	-114919	78441.3	-16816	338.505	410.034	0	-3.21E-05	8.59E-06	-5.77E-06	6.75E-06
278	8	47.3811	40.5799	737.14	-115082	78486.8	-16847.8	338.475	410.119	0	-3.21E-05	8.59E-06	-5.77E-06	6.75E-06
278	9	47.4795	40.8249	737.681	-115261	78577.7	-16887.1	338.52	410.247	0	-3.15E-05	8.90E-06	-1.48E-05	5.97E-06
278	10	47.5779	41.0699	738.222	-115440	78668.6	-16926.5	338.565	410.375	0	-2.87E-05	6.34E-06	-1.88E-05	4.31E-06
278	11	47.538	41.3609	738.759	-115632	78725.5	-16976.8	338.565	410.522	0	-2.87E-05	6.34E-06	-1.88E-05	4.31E-06
278	12	47.4981	41.6519	739.296	-115824	78782.5	-17027.1	338.564	410.668	0	-2.58E-05	3.11E-06	-1.80E-05	2.08E-07
278	13	47.4958	41.926	739.945	-116025	78831.6	-17071.5	338.537	410.802	0	-2.58E-05	3.11E-06	-1.80E-05	2.08E-07
278	14	47.4936	42.2	740.595	-116226	78880.7	-17115.9	338.51	410.936	0	-2.78E-05	5.43E-06	-1.60E-05	-7.50E-06
278	15	47.609	42.3462	741.038	-116443	78961.9	-17149.9	338.556	411.135	0	-2.78E-05	5.43E-06	-1.60E-05	-7.50E-06
278	16	47.7244	42.4923	741.48	-116660	79043.1	-17183.9	338.602	411.334	0	-3.04E-05	8.97E-06	-1.42E-05	-1.47E-05
278	17	47.8219	42.5932	742.205	-116891	79118.2	-17235.1	338.599	411.492	0	-3.04E-05	8.97E-06	-1.42E-05	-1.47E-05
278	18	47.9193	42.6941	742.93	-117123	79193.2	-17286.3	338.596	411.65	0	-2.58E-05	8.74E-06	-1.14E-05	-1.39E-05
278	19	47.9466	42.954	743.855	-117335	79265.8	-17346.1	338.561	411.74	0	-1.85E-05	6.02E-06	-1.08E-05	-7.76E-06
279	0	47.9739	43.2138	744.78	-117548	79338.3	-17406	338.526	411.83	0	-1.85E-05	6.02E-06	-1.08E-05	-7.76E-06
279	1	48.1086	43.471	745.227	-117780	79410.8	-17459.3	338.559	412.045	0	-1.38E-05	3.76E-06	-1.09E-05	-1.36E-06
279	2	48.2433	43.7281	745.674	-118011	79483.3	-17512.7	338.593	412.261	0	-1.38E-05	3.76E-06	-1.09E-05	-1.36E-06
279	3	48.3644	43.9339	746.532	-118200	79558.5	-17561.8	338.571	412.333	0	-1.45E-05	3.42E-06	-1.10E-05	-3.10E-06
279	4	48.4854	44.1397	747.39	-118390	79633.7	-17610.8	338.549	412.405	0	-1.45E-05	3.42E-06	-1.10E-05	-3.10E-06
279	5	48.4678	44.288	748.315	-118581	79715.6	-17651.1	338.527	412.465	0	-1.70E-05	1.67E-06	-1.17E-05	-8.07E-06
279	6	48.4501	44.4364	749.239	-118773	79797.4	-17691.5	338.505	412.524	0	-1.70E-05	1.67E-06	-1.17E-05	-8.07E-06
279	7	48.5029	44.7112	749.835	-119030	79901.1	-17728	338.558	412.741	0	-1.95E-05	-3.58E-06	-1.16E-05	-1.17E-05
279	8	48.5556	44.986	750.432	-119287	80004.8	-17764.6	338.612	412.958	0	-2.24E-05	-5.54E-06	-9.67E-06	-1.33E-05
279	9	48.7575	45.1502	751.085	-119518	80117.5	-17812.2	338.669	413.128	0	-2.24E-05	-5.54E-06	-9.67E-06	-1.33E-05
279	10	48.9594	45.3145	751.739	-119750	80230.3	-17859.7	338.726	413.297	0	-2.26E-05	-8.92E-07	-9.13E-06	-1.59E-05
279	11	49.0682	45.4345	752.513	-119966	80294.8	-17908.2	338.702	413.42	0	-2.26E-05	-8.92E-07	-9.13E-06	-1.59E-05
279	12	49.1771	45.5546	753.286	-120182	80359.3	-17956.7	338.678	413.543	0	-2.19E-05	4.66E-06	-1.03E-05	-2.07E-05
279	13	49.2654	45.8578	754.053	-120399	80407.5	-18004.9	338.634	413.669	0	-2.19E-05	4.66E-06	-1.03E-05	-2.07E-05
279	14	49.3537	46.161	754.821	-120616	80455.7	-18053	338.589	413.794	0	-2.05E-05	6.91E-06	-1.06E-05	-2.56E-05
279	15	49.3601	46.5081	755.768	-120882	80536.2	-18099.8	338.562	413.946	0	-2.05E-05	6.91E-06	-1.06E-05	-2.56E-05
279	16	49.3665	46.8553	756.715	-121148	80616.8	-18146.5	338.535	414.097	0	-1.93E-05	4.89E-06	-1.06E-05	-2.56E-05
279	17	49.44	47.1054	758.082	-121384	80711.2	-18196.6	338.468	414.12	0	-1.71E-05	1.89E-06	-1.03E-05	-2.41E-05
279	18	49.5136	47.3555	759.45	-121621	80805.7	-18246.8	338.4	414.143	0	-1.71E-05	1.89E-06	-1.03E-05	-2.41E-05
279	19	49.6201	47.6169	760.061	-121864	80915.4	-18287.4	338.459	414.334	0	-1.23E-05	-3.87E-07	-1.08E-05	-3.09E-05
280	0	49.7267	47.8783	760.673	-122107	81025.2	-18328	338.518	414.525	0	-1.23E-05	-3.87E-07	-1.08E-05	-3.09E-05
280	1	49.7842	48.1624	761.267	-122328	81128.3	-18374.1	338.57	414.69	0	-5.23E-06	-1.82E-06	-1.17E-05	-4.05E-05
280	2	49.8418	48.4464	761.861	-122548	81231.4	-18420.2	338.622	414.854	0	-5.23E-06	-1.82E-06	-1.17E-05	-4.05E-05
280	3	49.9322	48.5919	762.482	-122779	81306.7	-18490.2	338.634	415.025	0	-1.34E-06	-1.95E-06	-1.12E-05	-4.34E-05
280	4	50.0227	48.7372	763.102	-123009	81382	-18560.2	338.646	415.196	0	-1.34E-06	-1.95E-06	-1.12E-05	-4.34E-05
280	5	50.0808	48.9209	764.175	-123231	81490.7	-18606.9	338.639	415.26	0	-6.36E-06	-2.31E-06	-1.11E-05	-4.14E-05
280	6	50.1389	49.1045	765.249	-123454	81599.5	-18653.6	338.631	415.325	0	-1.38E-05	-1.82E-06	-1.04E-05	-3.96E-05
280	7	50.166	49.4155	766.164	-123701	81746.5	-18678.8	338.696	415.454	0	-1.38E-05	-1.82E-06	-1.04E-05	-3.96E-05
280	8	50.1932	49.7265	767.08	-123947	81893.6	-18704	338.76	415.583	0	-1.85E-05	-1.98E-06	-9.26E-06	-4.10E-05
280	9	50.2065	49.9553	767.817	-124214	81982.7	-18757.4	338.774	415.775	0	-1.85E-05	-1.98E-06	-9.26E-06	-4.10E-05
280	10	50.2198	50.1841	768.555	-124481	82071.8	-18810.8	338.787	415.967	0	-2.23E-05	-5.43E-06	-7.27E-06	-4.70E-05
280	11	50.2526	50.3756	769.534	-124763	82161.9	-18857.7	338.768	416.127	0	-2.23E-05	-5.43E-06	-7.27E-06	-4.70E-05
280	12	50.2854	50.5671	770.514	-125045	82252	-18904.5	338.75	416.287	0	-2.47E-05	-5.14E-06	-7.13E-06	-5.52E-05
280	13	50.3216	50.8459	771.484	-125281	82326	-18942.1	338.711	416.39	0	-2.47E-05	-5.14E-06	-7.13E-06	-5.52E-05
280	14	50.3579	51.1248	772.454	-125517	82399.9	-18979.7	338.673	416.492	0	-2.48E-05	-1.46E-06	-8.66E-06	-5.76E-05
280	15	50.4403	51.4717	773.409	-125732	82483.9	-19036.3	338.65	416.568	0	-2.63E-05	1.81E-07	-6.91E-06	-4.48E-05
280	16	50.5228	51.8187	774.364	-125946	82567.8	-19092.8	338.627	416.644	0	-2.63E-05	1.81E-07	-6.91E-06	-4.48E-05
280	17	50.5258	52.0836	775.408	-126201	82700.9	-19129.2	338.655	416.754	0	-3.14E-05	2.66E-06	-4.25E-06	-3.32E-05
280	18	50.5287	52.3485	776.451	-126456	82833.9	-19165.6	338.683	416.864	0	-3.14E-05	2.66E-06	-4.25E-06	-3.32E-05
280	19	50.5375	52.5715	777.313	-126692	82914.2	-19212.3	338.668	416.987	0	-3.53E-05	6.02E-06	-4.45E-06	-3.51E-05
281	0	50.5463	52.7945	778.174	-126928	82994.5	-19259	338.653	417.11	0	-3.53E-05	6.02E-06	-4.45E-06	-3.51E-05
281	1	50.7071	53.0091	779.017	-127162	83069.2	-19314	338.633	417.234	0	-3.47E-05	6.70E-06	-4.64E-06	-4.13E-05
281	2	50.8679	53.2237	779.859	-127396	83143.9	-19369	338.614	417.357	0	-3.47E-05	6.70E-06	-4.64E-06	-4.13E-05
281	3	50.9128	53.5316	780.697	-127647	83254.3	-19421.7	338.641	417.504	0	-3.08E-05	7.01E-06	-4.76E-06	-4.29E-05
281	4	50.9577	53.8395	781.534	-127898	83364.8	-19474.4	338.668	417.65	0	-3.04E-05	6.75E-06	-6.26E-06	-4.30E-05
281	5	50.9527	54.1773	782.341	-128149	83455.6	-19519.4	338.674	417.802	0	-3.04E-05	6.75E-06	-6.26E-06	-4.30E-05
281	6	50.9477	54.515	783.147	-128400	83546.5	-19564.4	338.68	417.954	0	-2.94E-05	5.62E-06	-7.23E-06	-4.08E-05
281	7	50.93	54.8196	784.078	-128658	83669.9	-19604.9	338.711	418.088	0	-2.94E-05	5.62E-06	-7.23E-06	-4.08E-05
281	8	50.9122	55.1242	785.008	-128915	83793.2	-19645.3	338.742	418.221	0	-2.80E-05	4.27E-06	-7.85E-06	-3.41E-05
281	9	50.9846	55.3519	785.949	-129162	83873.1	-19705.7	338.716	418.339	0	-2.80E-05	4.27E-06	-7.85E-06	-3.41E-05
281	10	51.057	55.5796	786.89	-129409	83952.9	-19766.1	338.69	418.456	0	-2.85E-05	4.21E-06	-8.75E-06	-2.84E-05
281	11	51.0567	55.9641	787.668	-129630	84060	-19818.2	338.72	418.575	0	-2.85E-05	4.21E-06	-8.75E-06	-2.84E-05
281	12	51.0565	56.3487	788.447	-129851	84167.1	-19870.3	338.751	418.692	0	-2.85E-05	4.36E-06	-1.03E-05	-1.96E-05
281	13	51.1248	56.6919	789.562	-130070	84289.8	-19913.9	338.755	418.736	0	-2.56E-05	4.94E-06	-9.63E-06	-1.14E-05
281	14	51.1931	57.035	790.678	-130288	84412.4	-19957.5	338.76	418.78	0	-2.56E-05	4.94E-06	-9.63E-06	-1.14E-05
281	15	51.242	57.3568	791.389	-130530	84516.1	-20000.1	338.795	418.938	0	-2.18E-05	5.20E-06	-8.48E-06	-8.07E-06
281	16	51.2909	57.6786	792.1	-130772	84619.9	-20042.8	338.83	419.096	0	-2.18E-05	5.20E-06	-8.48E-06	-8.07E-06
281	17	51.2882	57.9894	792.841	-131043	84696.9	-20091.8	338.827	419.283	0	-1.91E-05	3.81E-06	-8.46E-06	-6.16E-06
281	18	51.2854	58.3003	793.581	-131314	84773.9	-20140.8	338.824	419.471	0	-1.91E-05	3.81E-06	-8.46E-06	-6.16E-06
281	19	51.3026	58.6188	794.693	-131559	84885.5	-20197.2	338.815	419.547	0	-1.61E-05	1.10E-06	-8.33E-06	-8.92E-07
282	0	51.3197	58.9374	795.805	-131803	84997	-20253.7	338.806	419.623	0	-1.61E-05	1.10E-06	-8.33E-06	-8.92E-07
282	1	51.4595	59.2638	796.58	-132038	85103.3	-20304.1	338.836	419.756	0	-1.41E-05	-1.46E-06	-8.92E-06	7.22E-06
282	2	51.5993	59.5902	797.355	-132273	85209.5	-20354.5	338.865	419.89	0	-1.31E-05	-3.93E-06	-9.23E-06	1.41E-05
282	3	51.5668	59.9272	798.357	-132510	85256.2	-20410.3	338.79	419.979	0	-1.31E-05	-3.93E-06	-9.23E-06	1.41E-05
282	4	51.5343	60.2642	799.36	-132748	85302.9	-20466	338.714	420.067	0	-1.44E-05	-8.53E-06	-1.05E-05	1.13E-05
282	5	51.4699	60.5791	799.934	-132980	85433.1	-20515.5	338.8	420.238	0	-1.44E-05	-8.53E-06	-1.05E-05	1.13E-05
282	6	51.4055	60.894	800.509	-133211	85563.3	-20565.1	338.886	420.408	0	-1.65E-05	-9.19E-06	-1.17E-05	2.96E-06
282	7	51.4525	61.2503	801.362	-133476	85676.9	-20600.5	338.914	420.562	0	-1.65E-05	-9.19E-06	-1.17E-05	2.96E-06
282	8	51.4995	61.6065	802.215	-133741	85790.5	-20635.9	338.942	420.715	0	-1.68E-05	-5.59E-06	-1.12E-05	-3.32E-06
282	9	51.4848	61.9389	803.647	-133997	85890	-20683.4	338.875	420.736	0	-1.68E-05	-5.59E-06	-1.12E-05	-3.32E-06
282	10	51.47	62.2714	805.08	-134252	85989.5	-20730.9	338.809	420.757	0	-1.93E-05	-1.41E-06	-1.09E-05	-6.61E-06
282	11	51.3892	62.5695	806.444	-134491	86091.5	-20802.5	338.754	420.77	0	-2.20E-05	-4.00E-07	-1.04E-05	4.00E-07
282	12	51.3083	62.8675	807.808	-134729	86193.4	-20874	338.7	420.783	0	-2.20E-05	-4.00E-07	-1.04E-05	4.00E-07
282	13	51.3789	63.2381	808.603	-134997	86324.5	-20921.3	338.758	420.951	0	-2.16E-05	7.75E-08	-9.31E-06	7.23E-06
282	14	51.4494	63.6086	809.398	-135264	86455.5	-20968.5	338.815	421.117	0	-2.16E-05	7.75E-08	-9.31E-06	7.23E-06
282	15	51.5139	64.0217	810.109	-135542	86584	-21004.3	338.879	421.313	0	-2.06E-05	9.17E-07	-9.94E-06	-3.94E-06
282	16	51.5784	64.4347	810.821	-135820	86712.6	-21040.1	338.944	421.509	0	-2.06E-05	9.17E-07	-9.94E-06	-3.94E-06
282	17	51.6409	64.7466	811.747	-136113	86814.8	-21103.4	338.948	421.679	0	-1.94E-05	2.57E-06	-1.04E-05	-1.54E-05
282	18	51.7034	65.0585	812.673	-136406	86917	-21166.6	338.952	421.848	0	-1.94E-05	2.57E-06	-1.04E-05	-1.54E-05
282	19	51.7124	65.4673	814.05	-136693	87017.6	-21228.5	338.895	421.918	0	-1.87E-05	1.56E-06	-8.55E-06	-6.55E-08
283	0	51.7215	65.8762	815.426	-136981	87118.2	-21290.4	338.838	421.987	0	-1.79E-05	1.77E-06	-6.21E-06	3.24E-05
283	1	51.638	66.2236	816.545	-137273	87224.2	-21349.8	338.821	422.114	0	-1.79E-05	1.77E-06	-6.21E-06	3.24E-05
283	2	51.5546	66.5711	817.664	-137565	87330.1	-21409.1	338.804	422.241	0	-1.72E-05	4.74E-06	-5.19E-06	7.18E-05
283	3	51.6745	66.9691	818.414	-137849	87470.6	-21461.1	338.878	422.434	0	-1.72E-05	4.74E-06	-5.19E-06	7.18E-05
283	4	51.7945	67.3671	819.164	-138132	87611.1	-21513	338.952	422.626	0	-1.60E-05	9.13E-06	-5.15E-06	0.000105459
283	5	51.8337	67.8041	820.102	-138354	87734.5	-21557.5	338.98	422.704	0	-1.60E-05	9.13E-06	-5.15E-06	0.000105459
283	6	51.8729	68.2412	821.04	-138576	87857.9	-21602	339.008	422.781	0	-1.61E-05	1.67E-05	-3.23E-06	8.91E-05
283	7	51.8263	68.5521	822.687	-138873	87975.4	-21671.4	338.937	422.804	0	-1.61E-05	1.67E-05	-3.23E-06	8.91E-05
283	8	51.7797	68.8629	824.333	-139170	88092.9	-21740.7	338.866	422.827	0	-1.63E-05	2.48E-05	-2.00E-06	5.56E-05
283	9	51.7576	69.2472	825.925	-139485	88228.4	-21792.1	338.824	422.883	0	-1.65E-05	2.36E-05	-3.24E-06	3.82E-05
283	10	51.7355	69.6314	827.518	-139800	88363.9	-21843.5	338.782	422.939	0	-1.65E-05	2.36E-05	-3.24E-06	3.82E-05
283	11	51.7179	70.0893	828.642	-140070	88482.5	-21892.1	338.78	423.035	0	-1.73E-05	1.84E-05	-6.07E-06	3.47E-05
283	12	51.7004	70.5473	829.766	-140339	88601	-21940.7	338.778	423.131	0	-1.73E-05	1.84E-05	-6.07E-06	3.47E-05
283	13	51.7127	70.919	830.525	-140609	88686.9	-21985.5	338.784	423.301	0	-1.56E-05	1.47E-05	-6.12E-06	3.64E-05
283	14	51.725	71.2908	831.284	-140879	88772.8	-22030.3	338.79	423.472	0	-1.56E-05	1.47E-05	-6.12E-06	3.64E-05
283	15	51.7502	71.6412	832.477	-141164	88910.6	-22083.1	338.803	423.571	0	-1.67E-05	1.19E-05	-6.06E-06	2.66E-05
283	16	51.7755	71.9916	833.67	-141448	89048.5	-22136	338.815	423.67	0	-1.67E-05	1.19E-05	-6.06E-06	2.66E-05
283	17	51.7034	72.3465	834.692	-141750	89191.2	-22195.4	338.855	423.823	0	-1.87E-05	9.22E-06	-7.60E-06	7.11E-06
283	18	51.6314	72.7014	835.714	-142051	89333.9	-22254.8	338.895	423.976	0	-1.83E-05	6.65E-06	-7.53E-06	-1.07E-05
283	19	51.598	73.1592	837.059	-142335	89415.4	-22306.6	338.821	424.042	0	-1.83E-05	6.65E-06	-7.53E-06	-1.07E-05
284	0	51.5645	73.617	838.404	-142619	89496.8	-22358.4	338.747	424.108	0	-1.82E-05	8.90E-06	-7.57E-06	-1.12E-05
284	1	51.4925	74.1025	839.702	-142908	89587.7	-22404.9	338.69	424.189	0	-1.82E-05	8.90E-06	-7.57E-06	-1.12E-05
284	2	51.4205	74.5879	841	-143197	89678.6	-22451.4	338.633	424.27	0	-1.72E-05	1.07E-05	-9.00E-06	2.97E-06
284	3	51.4188	74.9321	842.066	-143508	89796	-22496.8	338.638	424.424	0	-1.72E-05	1.07E-05	-9.00E-06	2.97E-06
284	4	51.4172	75.2762	843.132	-143818	89913.5	-22542.3	338.642	424.576	0	-1.88E-05	9.75E-06	-9.80E-06	1.69E-05
284	5	51.4462	75.6781	844.386	-144115	90070	-22604.2	338.669	424.674	0	-1.88E-05	9.75E-06	-9.80E-06	1.69E-05
284	6	51.4751	76.08	845.641	-144412	90226.6	-22666.1	338.696	424.772	0	-2.25E-05	9.23E-06	-8.51E-06	2.48E-05
284	7	51.3663	76.5352	846.775	-144707	90351.7	-22726.9	338.701	424.892	0	-2.49E-05	8.30E-06	-8.59E-06	3.48E-05
284	8	51.2576	76.9904	847.909	-145002	90476.8	-22787.6	338.706	425.011	0	-2.49E-05	8.30E-06	-8.59E-06	3.48E-05
284	9	51.2956	77.4245	848.909	-145285	90603.6	-22825	338.729	425.144	0	-2.49E-05	7.42E-06	-1.03E-05	4.37E-05
284	10	51.3337	77.8585	849.909	-145569	90730.3	-22862.4	338.753	425.276	0	-2.49E-05	7.42E-06	-1.03E-05	4.37E-05
284	11	51.2828	78.3346	851.241	-145847	90874.4	-22917.2	338.755	425.335	0	-2.44E-05	8.15E-06	-1.14E-05	4.98E-05
284	12	51.232	78.8107	852.574	-146126	91018.4	-22972.1	338.757	425.394	0	-2.44E-05	8.15E-06	-1.14E-05	4.98E-05
284	13	51.1135	79.328	853.997	-146414	91109.6	-23040.6	338.686	425.446	0	-2.74E-05	8.79E-06	-1.32E-05	5.19E-05
284	14	50.9949	79.8453	855.421	-146703	91200.8	-23109.2	338.615	425.498	0	-2.74E-05	8.79E-06	-1.32E-05	5.19E-05
284	15	50.982	80.2729	856.604	-147015	91332.3	-23154.3	338.621	425.626	0	-2.92E-05	1.05E-05	-1.32E-05	4.52E-05
284	16	50.969	80.7004	857.787	-147328	91463.7	-23199.5	338.628	425.753	0	-2.86E-05	1.01E-05	-1.12E-05	3.33E-05
284	17	50.998	81.0121	858.631	-147628	91571.5	-23259.6	338.648	425.934	0	-2.86E-05	1.01E-05	-1.12E-05	3.33E-05
284	18	51.0269	81.3237	859.474	-147927	91679.3	-23319.6	338.669	426.114	0	-2.81E-05	8.64E-06	-1.08E-05	2.25E-05
284	19	50.9114	81.7856	860.636	-148227	91772.1	-23378.8	338.633	426.23	0	-2.81E-05	8.64E-06	-1.08E-05	2.25E-05
285	0	50.7958	82.2475	861.799	-148527	91864.9	-23438.1	338.597	426.345	0	-2.71E-05	3.81E-06	-1.13E-05	1.54E-05
285	1	50.7074	82.7463	863.012	-148818	92004.1	-23476.2	338.608	426.441	0	-2.71E-05	3.81E-06	-1.13E-05	1.54E-05
285	2	50.6189	83.2452	864.224	-149110	92143.3	-23514.3	338.62	426.536	0	-2.60E-05	8.00E-07	-1.01E-05	9.64E-06
285	3	50.5874	83.677	865.146	-149362	92244	-23562.2	338.623	426.643	0	-2.60E-05	8.00E-07	-1.01E-05	9.64E-06
285	4	50.5559	84.1089	866.067	-149614	92344.8	-23610.2	338.625	426.751	0	-2.34E-05	4.52E-07	-8.41E-06	-5.59E-06
285	5	50.5288	84.5793	867.316	-149926	92494.3	-23660.5	338.644	426.862	0	-2.12E-05	-4.26E-07	-8.35E-06	-5.67E-05
285	6	50.5017	85.0498	868.564	-150239	92643.7	-23710.7	338.663	426.974	0	-2.12E-05	-4.26E-07	-8.35E-06	-5.67E-05
285	7	50.4555	85.6262	870.034	-150574	92779.4	-23777.7	338.639	427.066	0	-2.19E-05	-9.55E-07	-1.02E-05	-0.00011982
285	8	50.4094	86.2026	871.505	-150908	92915.1	-23844.7	338.615	427.158	0	-2.19E-05	-9.55E-07	-1.02E-05	-0.00011982
285	9	50.4334	86.6906	872.851	-151204	92988.3	-23891.9	338.534	427.23	0	-2.49E-05	2.60E-06	-1.23E-05	-0.00014049
285	10	50.4573	87.1786	874.196	-151500	93061.6	-23939.1	338.454	427.302	0	-2.49E-05	2.60E-06	-1.23E-05	-0.00014049
285	11	50.3591	87.5049	875.39	-151767	93154.4	-23985.6	338.415	427.371	0	-2.62E-05	7.22E-06	-1.46E-05	-0.000137443
285	12	50.2608	87.8313	876.583	-152033	93247.2	-24032	338.376	427.439	0	-2.62E-05	7.22E-06	-1.46E-05	-0.000137443
285	13	50.19	88.3076	877.401	-152306	93382.4	-24087.5	338.431	427.588	0	-2.91E-05	1.09E-05	-1.46E-05	-0.00014009
285	14	50.1191	88.784	878.219	-152578	93517.7	-24143	338.486	427.736	0	-3.14E-05	1.35E-05	-9.85E-06	-0.000149902
285	15	50.0665	89.3211	879.293	-152857	93658.8	-24193.8	338.516	427.841	0	-3.14E-05	1.35E-05	-9.85E-06	-0.000149902
285	16	50.0139	89.8581	880.368	-153136	93799.9	-24244.6	338.546	427.945	0	-2.74E-05	1.28E-05	-4.17E-06	-0.000160735
285	17	49.9995	90.4345	881.838	-153455	93895.1	-24307.8	338.477	428.017	0	-2.74E-05	1.28E-05	-4.17E-06	-0.000160735
285	18	49.9851	91.0108	883.309	-153774	93990.3	-24371	338.407	428.088	0	-1.97E-05	9.88E-06	-3.80E-06	-0.00016945
285	19	49.9696	91.4866	884.445	-154032	94099.6	-24437	338.394	428.156	0	-1.97E-05	9.88E-06	-3.80E-06	-0.00016945
286	0	49.9541	91.9624	885.582	-154290	94209	-24502.9	338.381	428.224	0	-1.62E-05	6.57E-06	-5.87E-06	-0.000178036
286	1	49.8257	92.4682	886.59	-154573	94334.5	-24554.7	338.401	428.345	0	-1.62E-05	6.57E-06	-5.87E-06	-0.000178036
286	2	49.6973	92.974	887.597	-154855	94459.9	-24606.6	338.422	428.466	0	-1.71E-05	4.49E-06	-6.08E-06	-0.000179379
286	3	49.5787	93.5269	888.685	-155147	94550.5	-24659.3	338.394	428.58	0	-1.93E-05	2.29E-06	-6.11E-06	-0.000172484
286	4	49.46	94.0799	889.773	-155438	94641.1	-24712	338.365	428.694	0	-1.93E-05	2.29E-06	-6.11E-06	-0.000172484
286	5	49.4554	94.5957	890.867	-155686	94732.9	-24760.9	338.338	428.758	0	-2.17E-05	-2.33E-07	-7.14E-06	-0.000171555
286	6	49.4509	95.1115	891.96	-155933	94824.7	-24809.8	338.31	428.821	0	-2.17E-05	-2.33E-07	-7.14E-06	-0.000171555
286	7	49.3294	95.6256	893.327	-156219	94942.8	-24854.6	338.28	428.873	0	-2.12E-05	-8.91E-07	-5.35E-06	-0.000175519
286	8	49.2079	96.1397	894.694	-156505	95060.9	-24899.5	338.25	428.925	0	-2.12E-05	-8.91E-07	-5.35E-06	-0.000175519
286	9	49.1133	96.7331	895.884	-156787	95158.6	-24968.4	338.218	429.008	0	-1.95E-05	-3.74E-07	-4.83E-06	-0.000169127
286	10	49.0186	97.3265	897.073	-157069	95256.3	-25037.3	338.186	429.091	0	-1.95E-05	-3.74E-07	-4.83E-06	-0.000169127
286	11	48.9734	97.8534	897.726	-157323	95364.4	-25080.3	338.229	429.247	0	-1.89E-05	-8.65E-07	-7.48E-06	-0.000156138
286	12	48.9283	98.3803	898.378	-157578	95472.5	-25123.4	338.272	429.403	0	-1.82E-05	-3.62E-06	-1.07E-05	-0.000150858
286	13	48.7909	98.9046	899.739	-157828	95550	-25170.8	338.197	429.415	0	-1.82E-05	-3.62E-06	-1.07E-05	-0.000150858
286	14	48.6536	99.4289	901.099	-158078	95627.4	-25218.2	338.123	429.428	0	-1.64E-05	-4.82E-06	-1.25E-05	-0.000153647
286	15	48.5578	99.928	902.313	-158350	95739.6	-25273.5	338.105	429.493	0	-1.64E-05	-4.82E-06	-1.25E-05	-0.000153647
286	16	48.462	100.427	903.526	-158622	95851.8	-25328.8	338.086	429.558	0	-1.57E-05	-3.01E-06	-1.32E-05	-0.000158579
286	17	48.4361	100.87	904.45	-158904	95970.5	-25364.6	338.109	429.692	0	-1.57E-05	-3.01E-06	-1.32E-05	-0.000158579
286	18	48.4102	101.312	905.373	-159187	96089.2	-25400.3	338.132	429.825	0	-1.86E-05	2.60E-08	-1.35E-05	-0.00016466
286	19	48.3531	101.944	906.363	-159456	96176.6	-25468.8	338.113	429.93	0	-1.86E-05	2.60E-08	-1.35E-05	-0.00016466
287	0	48.2961	102.575	907.354	-159725	96264	-25537.3	338.093	430.034	0	-2.00E-05	3.22E-06	-1.34E-05	-0.000161329
287	1	48.1927	103.197	908.514	-159965	96366	-25608	338.07	430.073	0	-1.76E-05	4.20E-06	-1.23E-05	-0.000151864
287	2	48.0893	103.818	909.673	-160205	96468	-25678.7	338.047	430.112	0	-1.76E-05	4.20E-06	-1.23E-05	-0.000151864
287	3	48.0365	104.464	910.315	-160456	96555.3	-25734.6	338.068	430.264	0	-1.48E-05	3.96E-06	-1.21E-05	-0.000146971
287	4	47.9837	105.109	910.957	-160707	96642.4	-25790.5	338.089	430.415	0	-1.48E-05	3.96E-06	-1.21E-05	-0.000146971
287	5	47.7679	105.728	911.914	-160936	96740.8	-25846.3	338.085	430.481	0	-1.51E-05	4.56E-06	-1.25E-05	-0.000137714
287	6	47.5522	106.347	912.872	-161165	96839.1	-25902.1	338.082	430.547	0	-1.51E-05	4.56E-06	-1.25E-05	-0.000137714
287	7	47.5541	106.858	913.847	-161396	96916.6	-25946.1	338.053	430.612	0	-1.65E-05	2.43E-06	-1.44E-05	-0.000116048
287	8	47.5559	107.368	914.823	-161627	96994	-25990	338.025	430.676	0	-1.65E-05	2.43E-06	-1.44E-05	-0.000116048
287	9	47.578	107.946	915.986	-161903	97078	-26028.2	337.982	430.752	0	-1.67E-05	1.34E-06	-1.64E-05	-8.88E-05
287	10	47.6001	108.523	917.149	-162178	97161.9	-26066.3	337.939	430.828	0	-1.64E-05	4.48E-06	-1.72E-05	-7.85E-05
287	11	47.5404	109.119	918.249	-162378	97237.8	-26119.7	337.895	430.835	0	-1.64E-05	4.48E-06	-1.72E-05	-7.85E-05
287	12	47.4808	109.715	919.349	-162579	97313.8	-26173.1	337.851	430.841	0	-1.80E-05	6.80E-06	-1.95E-05	-8.35E-05
287	13	47.4559	110.184	919.836	-162806	97414.5	-26216.5	337.904	430.995	0	-1.80E-05	6.80E-06	-1.95E-05	-8.35E-05
287	14	47.431	110.654	920.324	-163033	97515.3	-26259.9	337.958	431.148	0	-2.15E-05	5.36E-06	-2.34E-05	-8.42E-05
287	15	47.426	111.02	921.103	-163279	97587.9	-26316.5	337.947	431.265	0	-2.15E-05	5.36E-06	-2.34E-05	-8.42E-05
287	16	47.4211	111.387	921.883	-163525	97660.5	-26373.1	337.936	431.381	0	-2.34E-05	3.14E-06	-2.37E-05	-6.71E-05
287	17	47.4258	111.913	922.691	-163751	97725.9	-26408.4	337.914	431.471	0	-2.34E-05	3.14E-06	-2.37E-05	-6.71E-05
287	18	47.4304	112.438	923.498	-163978	97791.2	-26443.8	337.892	431.562	0	-2.41E-05	2.29E-06	-1.95E-05	-4.55E-05
287	19	47.3788	113.16	924.191	-164185	97878.6	-26487.6	337.907	431.652	0	-2.54E-05	1.95E-06	-1.31E-05	-2.84E-05
288	0	47.3272	113.882	924.884	-164392	97966	-26531.4	337.922	431.743	0	-2.54E-05	1.95E-06	-1.31E-05	-2.84E-05
288	1	47.2817	114.401	925.55	-164619	98039.5	-26599.2	337.926	431.861	0	-2.41E-05	2.54E-06	-9.10E-06	-6.00E-06
288	2	47.2362	114.92	926.216	-164846	98113.1	-26667	337.929	431.978	0	-2.41E-05	2.54E-06	-9.10E-06	-6.00E-06
288	3	47.2017	115.429	926.841	-165058	98170.7	-26716.7	337.92	432.086	0	-1.94E-05	7.61E-07	-5.90E-06	2.04E-05
288	4	47.1672	115.938	927.466	-165270	98228.3	-26766.3	337.91	432.195	0	-1.94E-05	7.61E-07	-5.90E-06	2.04E-05
288	5	47.2367	116.47	928.218	-165459	98283	-26821.2	337.884	432.254	0	-1.52E-05	4.13E-07	-2.54E-06	3.20E-05
288	6	47.3063	117.002	928.969	-165648	98337.7	-26876.1	337.857	432.313	0	-1.52E-05	4.13E-07	-2.54E-06	3.20E-05
288	7	47.2232	117.573	929.622	-165833	98396	-26920.4	337.845	432.387	0	-1.33E-05	9.02E-08	-1.86E-06	2.34E-05
288	8	47.1401	118.144	930.275	-166018	98454.3	-26964.7	337.834	432.461	0	-1.64E-05	-6.33E-07	-2.36E-06	2.42E-05
288	9	47.1015	118.687	930.987	-166206	98534.3	-27017.9	337.839	432.527	0	-1.64E-05	-6.33E-07	-2.36E-06	2.42E-05
288	10	47.0629	119.23	931.7	-166395	98614.4	-27071	337.844	432.593	0	-2.21E-05	3.35E-06	-2.29E-06	4.48E-05
288	11	47.08	119.813	932.171	-166564	98681.8	-27118.2	337.862	432.684	0	-2.21E-05	3.35E-06	-2.29E-06	4.48E-05
288	12	47.097	120.396	932.643	-166734	98749.3	-27165.5	337.881	432.775	0	-2.61E-05	8.92E-06	-2.41E-06	7.52E-05
288	13	47.1213	120.991	933.133	-166905	98823.9	-27199	337.906	432.865	0	-2.61E-05	8.92E-06	-2.41E-06	7.52E-05
288	14	47.1455	121.585	933.622	-167075	98898.5	-27232.5	337.93	432.954	0	-2.68E-05	8.13E-06	-2.52E-06	9.37E-05
288	15	47.1058	122.253	934.471	-167257	98956	-27290.9	337.895	432.986	0	-2.68E-05	8.13E-06	-2.52E-06	9.37E-05
288	16	47.0661	122.92	935.319	-167440	99013.5	-27349.3	337.861	433.019	0	-2.70E-05	7.98E-06	-2.98E-06	9.73E-05
288	17	46.9655	123.548	935.924	-167613	99023.4	-27399.5	337.803	433.089	0	-2.86E-05	8.28E-06	-6.44E-06	9.49E-05
288	18	46.8648	124.176	936.529	-167787	99033.3	-27449.7	337.745	433.159	0	-2.86E-05	8.28E-06	-6.44E-06	9.49E-05
288	19	46.8548	124.632	936.827	-167965	99080.1	-27488.9	337.761	433.291	0	-2.89E-05	6.95E-06	-8.59E-06	9.24E-05
289	0	46.8447	125.087	937.124	-168143	99127	-27528.2	337.778	433.424	0	-2.89E-05	6.95E-06	-8.59E-06	9.24E-05
289	1	46.8926	125.615	937.733	-168316	99203.5	-27573.7	337.791	433.493	0	-2.67E-05	4.87E-06	-8.43E-06	9.60E-05
289	2	46.9404	126.142	938.343	-168490	99279.9	-27619.1	337.803	433.562	0	-2.67E-05	4.87E-06	-8.43E-06	9.60E-05
289	3	46.987	126.7	939.045	-168598	99344.4	-27670	337.793	433.542	0	-2.53E-05	3.03E-06	-6.83E-06	0.000105296
289	4	47.0337	127.257	939.747	-168705	99408.9	-27720.9	337.783	433.522	0	-2.53E-05	3.03E-06	-6.83E-06	0.000105296
289	5	47.0844	127.808	940.206	-168872	99473.5	-27766.6	337.8	433.612	0	-2.31E-05	3.68E-06	-5.28E-06	0.000120571
289	6	47.1352	128.36	940.666	-169040	99538.2	-27812.4	337.817	433.702	0	-2.20E-05	5.82E-06	-4.87E-06	0.000137627
289	7	47.2278	128.939	940.86	-169164	99548.2	-27869.1	337.806	433.797	0	-2.20E-05	5.82E-06	-4.87E-06	0.000137627
289	8	47.3204	129.518	941.054	-169289	99558.3	-27925.8	337.794	433.893	0	-2.17E-05	7.01E-06	-6.38E-06	0.00015365
289	9	47.3625	130.15	941.663	-169410	99581.5	-27969.5	337.751	433.905	0	-2.17E-05	7.01E-06	-6.38E-06	0.00015365
289	10	47.4046	130.782	942.272	-169530	99604.7	-28013.2	337.707	433.917	0	-2.10E-05	6.06E-06	-8.91E-06	0.000154033
289	11	47.3834	131.374	942.329	-169704	99668.3	-28056.6	337.768	434.09	0	-2.10E-05	6.06E-06	-8.91E-06	0.000154033
289	12	47.3623	131.966	942.386	-169877	99732	-28099.9	337.829	434.262	0	-1.89E-05	4.38E-06	-9.62E-06	0.000138471
289	13	47.3519	132.447	942.432	-170029	99768.3	-28138.4	337.863	434.415	0	-1.89E-05	4.38E-06	-9.62E-06	0.000138471
289	14	47.3415	132.927	942.478	-170181	99804.6	-28176.9	337.896	434.567	0	-1.55E-05	4.79E-06	-1.06E-05	0.000123134
289	15	47.3578	133.469	943.119	-170287	99850.6	-28209.8	337.873	434.557	0	-1.38E-05	6.13E-06	-1.20E-05	0.000124236
289	16	47.3741	134.011	943.76	-170393	99896.5	-28242.7	337.849	434.547	0	-1.38E-05	6.13E-06	-1.20E-05	0.000124236
289	17	47.455	134.582	944.174	-170495	99854.2	-28289	337.758	434.576	0	-1.24E-05	5.38E-06	-9.98E-06	0.000130394
289	18	47.5358	135.153	944.589	-170597	99811.8	-28335.3	337.667	434.604	0	-1.24E-05	5.38E-06	-9.98E-06	0.000130394
289	19	47.5989	135.714	944.605	-170716	99863.4	-28386.3	337.72	434.727	0	-9.13E-06	3.71E-06	-9.01E-06	0.000135119
290	0	47.6619	136.274	944.622	-170835	99915	-28437.3	337.772	434.85	0	-9.13E-06	3.71E-06	-9.01E-06	0.000135119
290	1	47.6755	136.787	944.311	-170912	99999.1	-28478.7	337.896	434.991	0	-8.59E-06	1.79E-06	-9.88E-06	0.000128325
290	2	47.6892	137.3	943.999	-170988	100083	-28520.1	338.02	435.131	0	-8.59E-06	1.79E-06	-9.88E-06	0.000128325
290	3	47.7188	137.807	944.158	-171076	100098	-28542.2	338.018	435.194	0	-1.15E-05	1.64E-06	-8.96E-06	0.000103088
290	4	47.7484	138.314	944.316	-171164	100112	-28564.2	338.016	435.257	0	-1.44E-05	9.16E-07	-7.81E-06	8.02E-05
290	5	47.7434	138.806	944.624	-171280	100096	-28602.3	337.964	435.321	0	-1.44E-05	9.16E-07	-7.81E-06	8.02E-05
290	6	47.7383	139.298	944.932	-171396	100080	-28640.3	337.913	435.384	0	-1.78E-05	5.04E-07	-5.93E-06	5.18E-05
290	7	47.7222	139.844	945.337	-171428	100075	-28665.7	337.862	435.34	0	-1.78E-05	5.04E-07	-5.93E-06	5.18E-05
290	8	47.7061	140.389	945.742	-171460	100070	-28691	337.811	435.297	0	-1.99E-05	5.04E-07	-4.62E-06	2.95E-05
290	9	47.7519	140.926	945.784	-171535	100093	-28732.9	337.83	435.368	0	-1.99E-05	5.04E-07	-4.62E-06	2.95E-05
290	10	47.7978	141.462	945.826	-171610	100115	-28774.9	337.85	435.44	0	-2.24E-05	2.71E-07	-4.36E-06	3.61E-05
290	11	47.8697	141.99	945.891	-171680	100107	-28820.4	337.834	435.501	0	-2.24E-05	2.71E-07	-4.36E-06	3.61E-05
290	12	47.9416	142.518	945.955	-171750	100099	-28865.9	337.818	435.562	0	-2.43E-05	-6.47E-08	-3.55E-06	5.38E-05
290	13	47.9169	143.032	945.832	-171800	100115	-28904.7	337.848	435.639	0	-2.61E-05	2.62E-06	9.96E-07	7.62E-05
290	14	47.8923	143.546	945.71	-171851	100130	-28943.5	337.878	435.717	0	-2.61E-05	2.62E-06	9.96E-07	7.62E-05
290	15	47.9752	144.117	945.516	-171931	100131	-28987.3	337.901	435.838	0	-2.92E-05	5.95E-06	2.62E-06	9.63E-05
290	16	48.058	144.688	945.321	-172010	100133	-29031	337.924	435.959	0	-2.92E-05	5.95E-06	2.62E-06	9.63E-05
290	17	48.1319	145.247	945.179	-172071	100105	-29056.4	337.911	436.051	0	-3.19E-05	8.04E-06	-8.54E-07	9.85E-05
290	18	48.2058	145.806	945.037	-172131	100077	-29081.8	337.897	436.143	0	-3.19E-05	8.04E-06	-8.54E-07	9.85E-05
290	19	48.2102	146.276	944.894	-172189	100066	-29098.3	337.902	436.231	0	-3.29E-05	8.33E-06	-5.95E-06	8.60E-05
291	0	48.2146	146.746	944.751	-172246	100055	-29114.8	337.906	436.319	0	-3.29E-05	8.33E-06	-5.95E-06	8.60E-05
291	1	48.189	147.264	944.665	-172274	100030	-29141	337.89	436.365	0	-3.12E-05	8.22E-06	-9.53E-06	7.25E-05
291	2	48.1635	147.781	944.579	-172302	100006	-29167.1	337.874	436.411	0	-2.71E-05	6.36E-06	-1.15E-05	5.35E-05
291	3	48.1805	148.335	944.099	-172310	99999.9	-29203.9	337.921	436.513	0	-2.71E-05	6.36E-06	-1.15E-05	5.35E-05
291	4	48.1975	148.89	943.62	-172319	99993.5	-29240.7	337.968	436.615	0	-2.41E-05	5.42E-06	-1.17E-05	3.96E-05
291	5	48.1906	149.407	943.506	-172314	99973.3	-29269.7	337.959	436.632	0	-2.41E-05	5.42E-06	-1.17E-05	3.96E-05
291	6	48.1838	149.925	943.392	-172309	99953	-29298.7	337.951	436.648	0	-2.22E-05	6.53E-06	-1.09E-05	4.08E-05
291	7	48.1271	150.466	943.328	-172356	99942.3	-29326.5	337.946	436.711	0	-2.22E-05	6.53E-06	-1.09E-05	4.08E-05
291	8	48.0704	151.007	943.264	-172403	99931.6	-29354.2	337.942	436.773	0	-2.10E-05	8.91E-06	-1.03E-05	5.00E-05
291	9	48.1731	151.545	943.096	-172422	99924.9	-29382.4	337.954	436.825	0	-2.10E-05	8.91E-06	-1.03E-05	5.00E-05
291	10	48.2759	152.082	942.927	-172440	99918.1	-29410.6	337.966	436.877	0	-1.95E-05	9.39E-06	-1.04E-05	6.24E-05
291	11	48.3168	152.565	942.556	-172424	99898.9	-29432.8	337.987	436.932	0	-1.93E-05	7.26E-06	-7.27E-06	6.82E-05
291	12	48.3578	153.048	942.185	-172407	99879.6	-29454.9	338.009	436.987	0	-1.93E-05	7.26E-06	-7.27E-06	6.82E-05
291	13	48.3254	153.589	941.702	-172393	99832.7	-29473.8	338.013	437.066	0	-1.84E-05	5.56E-06	-3.78E-06	6.63E-05
291	14	48.2931	154.13	941.219	-172379	99785.8	-29492.7	338.018	437.144	0	-1.84E-05	5.56E-06	-3.78E-06	6.63E-05
291	15	48.292	154.64	940.65	-172390	99724.5	-29508	338.017	437.267	0	-1.73E-05	4.74E-06	1.70E-07	5.41E-05
291	16	48.2909	155.15	940.081	-172401	99663.2	-29523.2	338.016	437.39	0	-1.73E-05	4.74E-06	1.70E-07	5.41E-05
291	17	48.197	155.644	939.837	-172387	99601.5	-29543.9	337.977	437.422	0	-1.86E-05	3.14E-06	2.21E-06	3.34E-05
291	18	48.1032	156.139	939.594	-172373	99539.7	-29564.7	337.939	437.455	0	-1.86E-05	3.14E-06	2.21E-06	3.34E-05
291	19	48.045	156.633	939.09	-172303	99526.9	-29572.8	337.982	437.479	0	-1.94E-05	1.36E-06	-2.25E-06	1.71E-05
292	0	47.9868	157.127	938.586	-172232	99514	-29581	338.025	437.502	0	-2.07E-05	1.30E-06	-6.69E-06	3.97E-06
292	1	48.0311	157.634	938.045	-172213	99462.6	-29604.5	338.032	437.587	0	-2.07E-05	1.30E-06	-6.69E-06	3.97E-06
292	2	48.0754	158.141	937.504	-172193	99411.1	-29628.1	338.038	437.672	0	-2.12E-05	1.51E-06	-8.42E-06	-1.15E-05
292	3	48.0332	158.582	937.081	-172171	99344	-29643.2	338.014	437.731	0	-2.12E-05	1.51E-06	-8.42E-06	-1.15E-05
292	4	47.9909	159.023	936.657	-172148	99276.9	-29658.2	337.991	437.79	0	-2.03E-05	1.98E-06	-1.35E-05	-3.99E-05
292	5	47.8972	159.537	935.875	-172092	99241.9	-29677.9	338.042	437.884	0	-2.03E-05	1.98E-06	-1.35E-05	-3.99E-05
292	6	47.8034	160.051	935.093	-172037	99206.8	-29697.5	338.093	437.978	0	-1.80E-05	2.41E-06	-1.72E-05	-8.02E-05
292	7	47.7906	160.573	934.612	-171978	99122.2	-29706.9	338.057	438.01	0	-1.80E-05	2.41E-06	-1.72E-05	-8.02E-05
292	8	47.7777	161.095	934.131	-171920	99037.5	-29716.2	338.021	438.042	0	-1.49E-05	1.59E-06	-1.40E-05	-0.000108607
292	9	47.6749	161.474	933.891	-171844	98985.4	-29736.9	337.992	438.009	0	-1.32E-05	3.62E-06	-9.46E-06	-0.000111359
292	10	47.5722	161.853	933.652	-171769	98933.2	-29757.7	337.964	437.975	0	-1.32E-05	3.62E-06	-9.46E-06	-0.000111359
292	11	47.4674	162.285	932.693	-171714	98873.9	-29758.4	338.009	438.106	0	-1.72E-05	5.40E-06	-9.62E-06	-0.00010449
292	12	47.3627	162.718	931.735	-171660	98814.5	-29759.2	338.054	438.237	0	-1.72E-05	5.40E-06	-9.62E-06	-0.00010449
292	13	47.3427	163.118	930.814	-171566	98768.2	-29756	338.109	438.319	0	-2.05E-05	4.78E-06	-1.12E-05	-9.34E-05
292	14	47.3227	163.518	929.894	-171473	98721.9	-29752.8	338.165	438.401	0	-2.05E-05	4.78E-06	-1.12E-05	-9.34E-05
292	15	47.2546	164.001	929.196	-171383	98640.7	-29756.4	338.157	438.442	0	-2.15E-05	2.97E-06	-1.09E-05	-8.90E-05
292	16	47.1864	164.484	928.497	-171293	98559.5	-29760	338.15	438.484	0	-2.15E-05	2.97E-06	-1.09E-05	-8.90E-05
292	17	47.0334	164.872	927.55	-171185	98460.9	-29750.1	338.152	438.556	0	-2.14E-05	3.16E-06	-1.10E-05	-9.34E-05
292	18	46.8803	165.26	926.603	-171078	98362.4	-29740.2	338.154	438.629	0	-2.20E-05	3.76E-06	-1.33E-05	-9.38E-05
292	19	46.7887	165.701	925.912	-170974	98275.2	-29750.2	338.139	438.655	0	-2.20E-05	3.76E-06	-1.33E-05	-9.38E-05
293	0	46.697	166.141	925.22	-170870	98188.1	-29760.2	338.124	438.681	0	-2.24E-05	4.79E-06	-1.57E-05	-9.48E-05
293	1	46.6021	166.49	924.497	-170770	98096.6	-29754.2	338.108	438.716	0	-2.24E-05	4.79E-06	-1.57E-05	-9.48E-05
293	2	46.5072	166.84	923.773	-170669	98005.1	-29748.3	338.092	438.753	0	-2.33E-05	6.60E-06	-1.50E-05	-9.51E-05
293	3	46.3894	167.213	922.766	-170560	97893.2	-29749.9	338.087	438.836	0	-2.33E-05	6.60E-06	-1.50E-05	-9.51E-05
293	4	46.2717	167.586	921.76	-170451	97781.4	-29751.5	338.081	438.919	0	-2.58E-05	7.33E-06	-1.39E-05	-8.98E-05
293	5	46.0761	167.974	920.827	-170324	97700.6	-29741.6	338.101	438.969	0	-2.58E-05	7.33E-06	-1.39E-05	-8.98E-05
293	6	45.8806	168.363	919.894	-170198	97619.9	-29731.8	338.121	439.019	0	-2.74E-05	4.71E-06	-1.52E-05	-8.33E-05
293	7	45.7443	168.678	919.176	-170054	97538.6	-29713.8	338.115	439.007	0	-2.47E-05	2.13E-06	-1.66E-05	-8.88E-05
293	8	45.6081	168.992	918.458	-169910	97457.3	-29695.8	338.11	438.995	0	-2.47E-05	2.13E-06	-1.66E-05	-8.88E-05
293	9	45.4754	169.386	917.546	-169783	97341.6	-29685.1	338.089	439.041	0	-2.27E-05	1.28E-06	-1.65E-05	-9.84E-05
293	10	45.3428	169.779	916.635	-169657	97225.8	-29674.4	338.068	439.086	0	-2.27E-05	1.28E-06	-1.65E-05	-9.84E-05
293	11	45.1966	170.126	915.383	-169531	97089.2	-29652.3	338.064	439.203	0	-2.21E-05	1.41E-06	-1.56E-05	-0.000101911
293	12	45.0503	170.473	914.131	-169406	96952.6	-29630.2	338.06	439.319	0	-2.21E-05	1.41E-06	-1.56E-05	-0.000101911
293	13	44.8764	170.904	912.772	-169215	96854.7	-29619.1	338.11	439.386	0	-2.20E-05	3.60E-06	-1.60E-05	-9.76E-05
293	14	44.7024	171.335	911.413	-169025	96756.8	-29608	338.161	439.453	0	-2.20E-05	3.60E-06	-1.60E-05	-9.76E-05
293	15	44.5145	171.747	910.334	-168829	96627.3	-29588.6	338.145	439.459	0	-2.06E-05	3.60E-06	-1.51E-05	-8.63E-05
293	16	44.3267	172.159	909.255	-168634	96497.9	-29569.2	338.129	439.464	0	-1.86E-05	3.31E-06	-1.06E-05	-7.65E-05
293	17	44.0691	172.431	908.068	-168461	96385	-29544.7	338.143	439.516	0	-1.86E-05	3.31E-06	-1.06E-05	-7.65E-05
293	18	43.8116	172.702	906.882	-168288	96272.1	-29520.2	338.157	439.567	0	-1.82E-05	4.87E-06	-8.90E-06	-7.68E-05
293	19	43.5983	173.001	905.639	-168130	96136.5	-29485.1	338.153	439.648	0	-1.82E-05	4.87E-06	-8.90E-06	-7.68E-05
294	0	43.385	173.3	904.395	-167973	96000.9	-29450	338.149	439.729	0	-1.99E-05	5.66E-06	-7.27E-06	-8.34E-05
294	1	43.1443	173.617	903.108	-167803	95863.6	-29424.2	338.149	439.806	0	-1.99E-05	5.66E-06	-7.27E-06	-8.34E-05
294	2	42.9036	173.934	901.82	-167632	95726.3	-29398.5	338.148	439.882	0	-2.04E-05	5.82E-06	-7.36E-06	-8.31E-05
294	3	42.5998	174.247	900.673	-167434	95576.5	-29358.4	338.117	439.899	0	-2.04E-05	5.82E-06	-7.36E-06	-8.31E-05
294	4	42.296	174.56	899.526	-167236	95426.8	-29318.3	338.086	439.916	0	-2.03E-05	4.71E-06	-1.04E-05	-7.27E-05
294	5	41.9999	174.938	898.424	-167054	95297.9	-29280	338.072	439.941	0	-2.12E-05	2.57E-06	-9.95E-06	-6.45E-05
294	6	41.7039	175.316	897.322	-166871	95169	-29241.6	338.059	439.965	0	-2.12E-05	2.57E-06	-9.95E-06	-6.45E-05
294	7	41.4409	175.614	895.76	-166647	95018.4	-29201.6	338.076	440.04	0	-2.10E-05	4.29E-06	-8.19E-06	-6.21E-05
294	8	41.178	175.913	894.199	-166424	94867.9	-29161.6	338.093	440.115	0	-2.10E-05	4.29E-06	-8.19E-06	-6.21E-05
294	9	40.9191	176.195	892.763	-166195	94705.1	-29130.3	338.081	440.158	0	-1.88E-05	6.07E-06	-8.07E-06	-6.58E-05
294	10	40.6602	176.477	891.327	-165966	94542.3	-29099.1	338.069	440.201	0	-1.88E-05	6.07E-06	-8.07E-06	-6.58E-05
294	11	40.3952	176.856	889.767	-165738	94391.2	-29069	338.085	440.272	0	-1.62E-05	6.84E-06	-6.48E-06	-6.62E-05
294	12	40.1302	177.235	888.207	-165510	94240.1	-29039	338.102	440.342	0	-1.62E-05	6.84E-06	-6.48E-06	-6.62E-05
294	13	39.8065	177.494	886.734	-165294	94055.9	-28995.5	338.07	440.407	0	-1.46E-05	6.93E-06	-5.71E-06	-5.93E-05
294	14	39.4828	177.752	885.262	-165077	93871.8	-28952	338.039	440.473	0	-1.47E-05	6.18E-06	-7.68E-06	-5.56E-05
294	15	39.2334	178.038	883.711	-164865	93699.3	-28918.8	338.029	440.559	0	-1.47E-05	6.18E-06	-7.68E-06	-5.56E-05
294	16	38.984	178.323	882.16	-164652	93526.8	-28885.5	338.02	440.646	0	-1.63E-05	5.64E-06	-8.44E-06	-5.75E-05
294	17	38.7232	178.617	880.402	-164387	93349.1	-28831.2	338.03	440.718	0	-1.63E-05	5.64E-06	-8.44E-06	-5.75E-05
294	18	38.4624	178.91	878.645	-164123	93171.5	-28776.8	338.04	440.791	0	-1.79E-05	5.77E-06	-8.16E-06	-6.03E-05
294	19	38.0784	179.02	877.182	-163873	92981.8	-28712	338.001	440.818	0	-1.79E-05	5.77E-06	-8.16E-06	-6.03E-05
295	0	37.6944	179.13	875.719	-163624	92792.1	-28647.2	337.961	440.845	0	-1.99E-05	5.99E-06	-9.34E-06	-6.26E-05
295	1	37.293	179.32	874.001	-163394	92633.5	-28600	337.988	440.949	0	-1.99E-05	5.99E-06	-9.34E-06	-6.26E-05
295	2	36.8916	179.51	872.282	-163164	92474.9	-28552.8	338.015	441.054	0	-2.34E-05	5.23E-06	-1.09E-05	-6.07E-05
295	3	36.5385	179.637	870.224	-162910	92313.8	-28489.4	338.081	441.205	0	-2.48E-05	4.17E-06	-1.03E-05	-4.75E-05
295	4	36.1855	179.763	868.166	-162657	92152.7	-28426	338.146	441.357	0	-2.48E-05	4.17E-06	-1.03E-05	-4.75E-05
295	5	35.8063	179.941	866.371	-162345	91963.2	-28376.8	338.148	441.385	0	-2.40E-05	4.79E-06	-7.29E-06	-2.67E-05
295	6	35.4272	180.119	864.577	-162034	91773.7	-28327.7	338.149	441.414	0	-2.40E-05	4.79E-06	-7.29E-06	-2.67E-05
295	7	35.0622	180.334	862.611	-161713	91569.7	-28274.4	338.154	441.47	0	-2.51E-05	5.90E-06	-5.86E-06	-9.69E-06
295	8	34.6972	180.55	860.645	-161393	91365.7	-28221.2	338.16	441.525	0	-2.51E-05	5.90E-06	-5.86E-06	-9.69E-06
295	9	34.3607	180.648	858.862	-161161	91121.3	-28146.2	338.095	441.645	0	-2.87E-05	6.21E-06	-6.99E-06	1.54E-06
295	10	34.0243	180.745	857.08	-160930	90877	-28071.1	338.031	441.765	0	-2.87E-05	6.21E-06	-6.99E-06	1.54E-06
295	11	33.631	180.836	855.375	-160647	90670.8	-27982.9	338.001	441.809	0	-2.96E-05	6.21E-06	-1.03E-05	8.02E-06
295	12	33.2376	180.926	853.671	-160365	90464.7	-27894.7	337.971	441.854	0	-2.80E-05	6.79E-06	-1.16E-05	8.52E-06
295	13	32.777	180.944	852.09	-160058	90246.2	-27814.7	337.912	441.841	0	-2.80E-05	6.79E-06	-1.16E-05	8.52E-06
295	14	32.3163	180.963	850.509	-159750	90027.6	-27734.7	337.852	441.829	0	-2.72E-05	5.07E-06	-1.11E-05	4.57E-06
295	15	31.9119	180.985	848.512	-159438	89781.3	-27657.8	337.81	441.903	0	-2.72E-05	5.07E-06	-1.11E-05	4.57E-06
295	16	31.5075	181.007	846.516	-159127	89534.9	-27581	337.769	441.978	0	-2.75E-05	3.03E-06	-1.07E-05	2.21E-06
295	17	31.0779	181.146	844.346	-158789	89320.9	-27498.5	337.787	442.061	0	-2.75E-05	3.03E-06	-1.07E-05	2.21E-06
295	18	30.6483	181.286	842.176	-158451	89106.9	-27416	337.806	442.145	0	-2.51E-05	3.10E-06	-1.01E-05	4.75E-06
295	19	30.2297	181.495	840.095	-158083	88845.4	-27314.9	337.756	442.173	0	-2.51E-05	3.10E-06	-1.01E-05	4.75E-06
296	0	29.8111	181.704	838.013	-157716	88583.9	-27213.7	337.707	442.202	0	-2.23E-05	3.59E-06	-1.19E-05	2.21E-06
296	1	29.3458	181.802	835.659	-157362	88310.1	-27105.2	337.677	442.308	0	-2.16E-05	3.58E-06	-1.39E-05	-1.94E-07
296	2	28.8805	181.899	833.306	-157008	88036.3	-26996.7	337.647	442.416	0	-2.16E-05	3.58E-06	-1.39E-05	-1.94E-07
296	3	28.434	181.88	830.791	-156643	87773.2	-26915.3	337.65	442.547	0	-2.04E-05	3.87E-06	-1.27E-05	8.92E-07
296	4	27.9874	181.861	828.275	-156278	87510.1	-26833.8	337.653	442.679	0	-2.04E-05	3.87E-06	-1.27E-05	8.92E-07
296	5	27.3303	181.775	825.856	-155859	87246.2	-26721.3	337.643	442.725	0	-1.92E-05	2.52E-06	-1.17E-05	1.16E-06
296	6	26.6731	181.689	823.437	-155441	86982.3	-26608.8	337.633	442.77	0	-1.92E-05	2.52E-06	-1.17E-05	1.16E-06
296	7	26.0111	181.575	821.309	-155021	86698.9	-26466	337.562	442.749	0	-1.99E-05	3.24E-06	-1.08E-05	7.87E-06
296	8	25.3492	181.462	819.181	-154601	86415.5	-26323.2	337.49	442.727	0	-1.99E-05	3.24E-06	-1.08E-05	7.87E-06
296	9	24.8826	181.255	816.754	-154217	86113.9	-26169.7	337.434	442.816	0	-1.91E-05	4.79E-06	-9.01E-06	2.45E-05
296	10	24.4161	181.048	814.327	-153832	85812.3	-26016.2	337.378	442.907	0	-1.80E-05	6.02E-06	-8.97E-06	4.65E-05
296	11	23.9286	180.912	811.393	-153427	85516	-25899.9	337.394	443.091	0	-1.80E-05	6.02E-06	-8.97E-06	4.65E-05
296	12	23.441	180.776	808.459	-153023	85219.8	-25783.5	337.41	443.277	0	-1.79E-05	5.56E-06	-1.13E-05	5.26E-05
296	13	22.8994	180.755	805.997	-152616	84895	-25675.5	337.329	443.351	0	-1.79E-05	5.56E-06	-1.13E-05	5.26E-05
296	14	22.3577	180.734	803.534	-152209	84570.4	-25567.5	337.248	443.425	0	-1.78E-05	4.04E-06	-9.00E-06	4.98E-05
296	15	21.7053	180.681	800.956	-151786	84246.3	-25412.1	337.182	443.506	0	-1.78E-05	4.04E-06	-9.00E-06	4.98E-05
296	16	21.0529	180.629	798.378	-151363	83922.2	-25256.7	337.116	443.588	0	-1.72E-05	2.25E-06	-4.76E-06	5.57E-05
296	17	20.5198	180.163	795.324	-150849	83627.4	-25090.1	337.149	443.67	0	-1.72E-05	2.25E-06	-4.76E-06	5.57E-05
296	18	19.9868	179.697	792.27	-150336	83332.5	-24923.5	337.182	443.753	0	-1.65E-05	3.66E-06	-2.71E-06	5.06E-05
296	19	19.4806	179.34	789.172	-149794	83025.7	-24775	337.206	443.812	0	-1.69E-05	4.07E-06	-1.77E-06	3.62E-05
297	0	18.9745	178.983	786.073	-149252	82718.9	-24626.4	337.231	443.871	0	-1.69E-05	4.07E-06	-1.77E-06	3.62E-05
297	1	18.51	178.917	782.953	-148776	82331.3	-24473.1	337.155	444.019	0	-1.82E-05	2.93E-06	-2.67E-06	2.30E-05
297	2	18.0455	178.851	779.833	-148300	81943.7	-24319.8	337.079	444.169	0	-1.82E-05	2.93E-06	-2.67E-06	2.30E-05
297	3	17.5022	178.706	776.456	-147852	81586.2	-24173.6	337.075	444.419	0	-1.84E-05	2.29E-06	-4.82E-06	1.49E-05
297	4	16.9589	178.562	773.079	-147403	81228.7	-24027.4	337.072	444.67	0	-1.84E-05	2.29E-06	-4.82E-06	1.49E-05
297	5	16.1573	178.097	769.833	-146847	80874.1	-23864.4	337.054	444.751	0	-1.67E-05	2.30E-06	-5.19E-06	1.55E-05
297	6	15.3557	177.631	766.587	-146290	80519.6	-23701.4	337.036	444.833	0	-1.67E-05	2.30E-06	-5.19E-06	1.55E-05
297	7	14.6728	177.045	763.529	-145758	80106.3	-23509.3	336.916	444.901	0	-1.41E-05	3.40E-06	-4.45E-06	1.64E-05
297	8	13.9899	176.459	760.47	-145226	79693.1	-23317.2	336.795	444.969	0	-1.28E-05	5.49E-06	-4.78E-06	8.60E-06
297	9	13.3227	175.948	756.847	-144721	79319.6	-23142.2	336.803	445.215	0	-1.28E-05	5.49E-06	-4.78E-06	8.60E-06
297	10	12.6555	175.437	753.223	-144215	78946.1	-22967.3	336.811	445.464	0	-1.38E-05	5.28E-06	-7.94E-06	8.56E-08
297	11	12.0915	175.074	749.47	-143637	78542.9	-22780.5	336.798	445.651	0	-1.38E-05	5.28E-06	-7.94E-06	8.56E-08
297	12	11.5275	174.71	745.717	-143058	78139.8	-22593.7	336.785	445.84	0	-1.64E-05	3.47E-06	-9.00E-06	-1.36E-05
297	13	10.8519	174.4	742.828	-142474	77708.9	-22399.5	336.612	445.799	0	-1.64E-05	3.47E-06	-9.00E-06	-1.36E-05
297	14	10.1763	174.09	739.94	-141889	77278.1	-22205.3	336.438	445.758	0	-1.96E-05	3.90E-06	-6.57E-06	-3.75E-05
297	15	9.31617	173.408	736.446	-141277	76913.9	-21996.7	336.439	445.837	0	-1.96E-05	3.90E-06	-6.57E-06	-3.75E-05
297	16	8.45599	172.725	732.952	-140665	76549.7	-21788	336.44	445.916	0	-2.23E-05	3.43E-06	-4.96E-06	-5.49E-05
297	17	7.74995	171.956	729.036	-140042	76184.4	-21560.9	336.5	446.091	0	-2.35E-05	3.49E-06	-4.35E-06	-5.24E-05
297	18	7.0439	171.188	725.12	-139418	75819	-21333.8	336.561	446.269	0	-2.35E-05	3.49E-06	-4.35E-06	-5.24E-05
297	19	6.34374	170.662	721.883	-138834	75370.4	-21131.9	336.408	446.321	0	-2.23E-05	3.34E-06	-5.82E-06	-4.67E-05
298	0	5.64358	170.136	718.646	-138249	74921.7	-20930	336.254	446.374	0	-2.23E-05	3.34E-06	-5.82E-06	-4.67E-05
298	1	5.06982	169.634	715.039	-137654	74472.6	-20749.8	336.152	446.512	0	-2.40E-05	4.47E-06	-8.41E-06	-4.49E-05
298	2	4.49605	169.133	711.432	-137059	74023.6	-20569.6	336.049	446.652	0	-2.40E-05	4.47E-06	-8.41E-06	-4.49E-05
298	3	3.97412	168.559	707.04	-136441	73594.2	-20371.2	336.088	446.974	0	-2.71E-05	9.57E-06	-8.88E-06	-4.43E-05
298	4	3.45219	167.986	702.648	-135823	73164.9	-20172.8	336.127	447.301	0	-2.71E-05	9.57E-06	-8.88E-06	-4.43E-05
298	5	2.70516	167.228	698.548	-135134	72703.3	-19916.1	336.078	447.451	0	-2.99E-05	1.25E-05	-7.68E-06	-4.11E-05
298	6	1.95813	166.47	694.447	-134446	72241.6	-19659.4	336.028	447.602	0	-3.12E-05	1.11E-05	-8.50E-06	-3.21E-05
298	7	1.13935	165.674	690.656	-133783	71774.3	-19437.5	335.922	447.704	0	-3.12E-05	1.11E-05	-8.50E-06	-3.21E-05
298	8	0.320564	164.878	686.866	-133120	71307.1	-19215.7	335.815	447.807	0	-3.10E-05	7.45E-06	-1.15E-05	-1.96E-05
298	9	-0.153439	163.932	682.589	-132472	70869.8	-19000.2	335.825	448.073	0	-3.10E-05	7.45E-06	-1.15E-05	-1.96E-05
298	10	-0.627441	162.987	678.313	-131825	70432.4	-18784.8	335.835	448.342	0	-2.91E-05	3.65E-06	-1.40E-05	-6.77E-06
298	11	-1.41673	162.112	674.656	-131142	69981	-18556.6	335.728	448.383	0	-2.91E-05	3.65E-06	-1.40E-05	-6.77E-06
298	12	-2.20601	161.238	671	-130458	69529.7	-18328.4	335.621	448.424	0	-2.63E-05	3.45E-06	-1.34E-05	5.29E-06
298	13	-2.958	160.391	667.049	-129778	69035.8	-18081.3	335.494	448.555	0	-2.63E-05	3.45E-06	-1.34E-05	5.29E-06
298	14	-3.70999	159.543	663.098	-129097	68541.9	-17834.2	335.366	448.687	0	-2.23E-05	3.86E-06	-1.30E-05	1.40E-05
298	15	-4.18976	158.579	658.416	-128442	68083.7	-17605.6	335.405	449.077	0	-2.03E-05	4.56E-06	-1.38E-05	2.26E-05
298	16	-4.66953	157.616	653.734	-127787	67625.6	-17377	335.445	449.472	0	-2.03E-05	4.56E-06	-1.38E-05	2.26E-05
298	17	-5.15108	156.529	649.226	-127052	67179.5	-17135	335.476	449.698	0	-1.93E-05	5.10E-06	-1.33E-05	3.29E-05
298	18	-5.63264	155.443	644.717	-126318	66733.3	-16893.1	335.508	449.928	0	-1.93E-05	5.10E-06	-1.33E-05	3.29E-05
298	19	-6.28693	154.598	640.62	-125513	66212	-16654	335.356	449.924	0	-1.77E-05	6.13E-06	-1.20E-05	3.88E-05
299	0	-6.94122	153.752	636.522	-124707	65690.8	-16414.9	335.203	449.92	0	-1.77E-05	6.13E-06	-1.20E-05	3.88E-05
299	1	-7.82899	153.063	632.061	-123940	65190.2	-16208.5	335.139	450.088	0	-1.69E-05	7.71E-06	-1.04E-05	4.46E-05
299	2	-8.71677	152.374	627.6	-123172	64689.6	-16002.2	335.075	450.259	0	-1.69E-05	7.71E-06	-1.04E-05	4.46E-05
299	3	-9.34424	151.569	623.097	-122439	64226.2	-15771	335.076	450.5	0	-1.88E-05	7.99E-06	-9.67E-06	5.36E-05
299	4	-9.97171	150.764	618.595	-121705	63762.8	-15539.8	335.077	450.745	0	-1.96E-05	5.68E-06	-1.14E-05	6.24E-05
299	5	-10.4539	149.576	614.478	-120920	63249.2	-15280.1	334.932	450.784	0	-1.96E-05	5.68E-06	-1.14E-05	6.24E-05
299	6	-10.9361	148.387	610.361	-120134	62735.6	-15020.5	334.785	450.825	0	-1.89E-05	4.12E-06	-1.27E-05	7.47E-05
299	7	-11.2397	147.138	605.85	-119304	62196.8	-14784.7	334.66	450.921	0	-1.89E-05	4.12E-06	-1.27E-05	7.47E-05
299	8	-11.5434	145.889	601.339	-118474	61657.9	-14548.8	334.534	451.018	0	-1.90E-05	6.65E-06	-1.34E-05	8.78E-05
299	9	-11.9253	144.868	596.208	-117698	61125.2	-14333.8	334.523	451.412	0	-1.90E-05	6.65E-06	-1.34E-05	8.78E-05
299	10	-12.3071	143.847	591.077	-116923	60592.5	-14118.7	334.512	451.813	0	-1.97E-05	9.17E-06	-1.27E-05	9.36E-05
299	11	-13.0506	143.04	586.196	-116126	60068.5	-13901.8	334.472	452.1	0	-1.97E-05	9.17E-06	-1.27E-05	9.36E-05
299	12	-13.794	142.234	581.315	-115329	59544.4	-13684.9	334.431	452.393	0	-2.11E-05	7.99E-06	-1.13E-05	9.74E-05
299	13	-14.5112	141.239	576.045	-114462	59005.2	-13466	334.432	452.704	0	-2.39E-05	5.12E-06	-8.58E-06	9.99E-05
299	14	-15.2283	140.244	570.776	-113596	58466	-13247.2	334.433	453.021	0	-2.39E-05	5.12E-06	-8.58E-06	9.99E-05
299	15	-15.8417	139.195	565.529	-112676	57896.3	-12985.1	334.375	453.24	0	-2.39E-05	4.43E-06	-6.16E-06	9.49E-05
299	16	-16.4551	138.146	560.283	-111756	57326.6	-12723.1	334.317	453.463	0	-2.39E-05	4.43E-06	-6.16E-06	9.49E-05
299	17	-16.7932	137.024	555.448	-110852	56751.6	-12493.3	334.173	453.572	0	-2.34E-05	5.23E-06	-7.17E-06	8.57E-05
299	18	-17.1312	135.901	550.614	-109947	56176.5	-12263.5	334.025	453.681	0	-2.34E-05	5.23E-06	-7.17E-06	8.57E-05
299	19	-17.2541	134.969	545.299	-109045	55636.4	-12082.5	334.029	453.973	0	-2.33E-05	4.84E-06	-9.75E-06	8.30E-05
300	0	-17.3769	134.037	539.984	-108143	55096.3	-11901.6	334.033	454.27	0	-2.33E-05	4.84E-06	-9.75E-06	8.30E-05
300	1	-17.7069	133.075	534.14	-107197	54519	-11716.6	334.069	454.69	0	-2.19E-05	5.35E-06	-1.17E-05	8.45E-05
300	2	-18.0369	132.112	528.297	-106251	53941.6	-11531.6	334.105	455.12	0	-2.11E-05	6.52E-06	-1.34E-05	8.08E-05
300	3	-18.6126	130.959	522.947	-105305	53354.7	-11309.2	334.027	455.369	0	-2.11E-05	6.52E-06	-1.34E-05	8.08E-05
300	4	-19.1884	129.805	517.598	-104360	52767.9	-11086.9	333.948	455.623	0	-2.02E-05	6.65E-06	-1.46E-05	7.25E-05
300	5	-19.7155	128.729	512.529	-103380	52226.3	-10867.3	333.899	455.705	0	-2.02E-05	6.65E-06	-1.46E-05	7.25E-05
300	6	-20.2426	127.653	507.46	-102399	51684.8	-10647.7	333.85	455.788	0	-1.81E-05	3.64E-06	-1.42E-05	6.97E-05
300	7	-20.6733	126.369	502.223	-101441	51100.4	-10452.7	333.748	455.984	0	-1.81E-05	3.64E-06	-1.42E-05	6.97E-05
300	8	-21.104	125.085	496.985	-100483	50516	-10257.7	333.645	456.185	0	-1.98E-05	1.07E-06	-1.21E-05	6.40E-05
300	9	-21.2644	123.915	491.346	-99510.6	49870.9	-10031.8	333.498	456.527	0	-1.98E-05	1.07E-06	-1.21E-05	6.40E-05
300	10	-21.4248	122.745	485.707	-98538.3	49225.7	-9805.88	333.349	456.876	0	-2.14E-05	2.60E-06	-8.34E-06	5.01E-05
300	11	-21.4164	121.676	479.909	-97542.4	48627	-9604.88	333.326	457.252	0	-1.94E-05	2.59E-06	-5.77E-06	2.49E-05
300	12	-21.4081	120.607	474.11	-96546.5	48028.3	-9403.89	333.302	457.637	0	-1.94E-05	2.59E-06	-5.77E-06	2.49E-05
300	13	-21.7771	119.571	467.833	-95541.3	47454.7	-9245.25	333.435	458.221	0	-1.93E-05	2.88E-06	-5.20E-06	-3.83E-06
300	14	-22.1461	118.535	461.556	-94536	46881	-9086.61	333.572	458.82	0	-1.93E-05	2.88E-06	-5.20E-06	-3.83E-06
300	15	-22.5932	117.439	455.534	-93468.6	46233.9	-8895.8	333.494	459.185	0	-1.92E-05	4.12E-06	-5.20E-06	-3.56E-05
300	16	-23.0404	116.343	449.512	-92401.3	45586.7	-8704.99	333.414	459.559	0	-1.92E-05	4.12E-06	-5.20E-06	-3.56E-05
300	17	-23.5089	115.081	443.675	-91366.8	44997.5	-8482.17	333.42	459.932	0	-1.83E-05	3.14E-06	-5.90E-06	-6.02E-05
300	18	-23.9773	113.819	437.837	-90332.2	44408.4	-8259.34	333.427	460.315	0	-1.83E-05	3.14E-06	-5.90E-06	-6.02E-05
300	19	-24.1809	112.408	432.114	-89318.6	43817.5	-8048.21	333.403	460.702	0	-1.74E-05	1.59E-06	-6.68E-06	-7.57E-05
301	0	-24.3844	110.998	426.391	-88305	43226.6	-7837.07	333.378	461.099	0	-1.54E-05	1.17E-06	-6.42E-06	-8.47E-05
301	1	-24.2613	109.505	420.594	-87232.4	42590.7	-7652	333.263	461.403	0	-1.54E-05	1.17E-06	-6.42E-06	-8.47E-05
301	2	-24.1382	108.012	414.796	-86159.7	41954.7	-7466.93	333.145	461.716	0	-1.46E-05	1.17E-06	-5.98E-06	-9.06E-05
301	3	-24.0097	106.49	408.754	-85144.3	41331.6	-7298.32	333.116	462.302	0	-1.46E-05	1.17E-06	-5.98E-06	-9.06E-05
301	4	-23.8811	104.969	402.712	-84128.9	40708.6	-7129.71	333.086	462.906	0	-1.67E-05	1.64E-06	-5.64E-06	-9.12E-05
301	5	-23.8821	103.602	397.091	-83062.9	40136.6	-6950.69	333.077	463.179	0	-1.67E-05	1.64E-06	-5.64E-06	-9.12E-05
301	6	-23.883	102.235	391.469	-81996.9	39564.6	-6771.67	333.067	463.459	0	-1.81E-05	2.78E-06	-7.40E-06	-9.13E-05
301	7	-24.3094	101.128	385.828	-80908.4	38938.1	-6583.08	332.921	463.701	0	-1.81E-05	2.78E-06	-7.40E-06	-9.13E-05
301	8	-24.7359	100.021	380.186	-79819.9	38311.6	-6394.49	332.771	463.95	0	-1.88E-05	2.72E-06	-9.16E-06	-8.17E-05
301	9	-25.065	98.7637	373.943	-78753.4	37671.5	-6193.04	332.741	464.603	0	-2.14E-05	1.59E-06	-9.57E-06	-6.02E-05
301	10	-25.3941	97.5064	367.7	-77687	37031.5	-5991.6	332.711	465.278	0	-2.14E-05	1.59E-06	-9.57E-06	-6.02E-05
301	11	-25.4053	95.9065	361.49	-76592.9	36472	-5803.34	332.894	465.881	0	-2.30E-05	2.11E-06	-9.68E-06	-2.18E-05
301	12	-25.4165	94.3067	355.28	-75498.8	35912.6	-5615.08	333.082	466.505	0	-2.30E-05	2.11E-06	-9.68E-06	-2.18E-05
301	13	-25.1346	92.7441	349.527	-74451.6	35318.8	-5442.83	333.047	467.007	0	-2.33E-05	3.45E-06	-9.62E-06	3.08E-05
301	14	-24.8526	91.1815	343.773	-73404.4	34724.9	-5270.58	333.011	467.526	0	-2.33E-05	3.45E-06	-9.62E-06	3.08E-05
301	15	-24.7246	89.8302	337.637	-72346.6	34098.3	-5094.8	332.991	468.273	0	-2.32E-05	4.33E-06	-9.33E-06	8.72E-05
301	16	-24.5965	88.479	331.5	-71288.7	33471.6	-4919.01	332.97	469.049	0	-2.32E-05	4.33E-06	-9.33E-06	8.72E-05
301	17	-24.7349	86.9766	325.4	-70251.5	32873.1	-4753.53	333.024	469.892	0	-2.32E-05	1.97E-06	-9.00E-06	0.000145406
301	18	-24.8733	85.4742	319.3	-69214.3	32274.6	-4588.05	333.079	470.769	0	-2.28E-05	-9.15E-08	-7.97E-06	0.000212231
301	19	-25.0345	83.7725	313.893	-68211.7	31698.5	-4433.51	332.985	471.308	0	-2.28E-05	-9.15E-08	-7.97E-06	0.000212231
302	0	-25.1956	82.0709	308.486	-67209.1	31122.3	-4278.98	332.887	471.867	0	-2.13E-05	7.81E-08	-7.32E-06	0.000310365
302	1	-25.1881	80.3208	302.531	-66140.4	30546.7	-4090.94	332.97	472.623	0	-2.13E-05	7.81E-08	-7.32E-06	0.000310365
302	2	-25.1805	78.5708	296.576	-65071.7	29971.1	-3902.9	333.057	473.41	0	-1.95E-05	3.36E-07	-9.78E-06	0.000411037
302	3	-25.0196	77.0446	290.699	-64005.2	29378.3	-3724.7	333.061	474.177	0	-1.95E-05	3.36E-07	-9.78E-06	0.000411037
302	4	-24.8586	75.5184	284.821	-62938.7	28785.5	-3546.49	333.065	474.976	0	-2.02E-05	4.52E-07	-9.75E-06	0.000517619
302	5	-24.5233	74.0871	279.387	-61946.1	28221.6	-3440.74	333.013	475.722	0	-2.02E-05	4.52E-07	-9.75E-06	0.000517619
302	6	-24.1879	72.6559	273.952	-60953.4	27657.7	-3334.98	332.958	476.497	0	-1.93E-05	-6.60E-07	-9.00E-06	0.000616417
302	7	-23.7712	70.9777	268.335	-60014.1	27153.2	-3245.55	333.191	477.654	0	-1.79E-05	1.05E-07	-9.36E-06	0.000689498
302	8	-23.3545	69.2995	262.717	-59074.8	26648.7	-3156.11	333.435	478.861	0	-1.79E-05	1.05E-07	-9.36E-06	0.000689498
302	9	-23.0212	67.5854	257.85	-58121.8	26146.8	-3006.77	333.403	479.41	0	-1.86E-05	1.95E-06	-8.40E-06	0.000752569
302	10	-22.688	65.8713	252.982	-57168.9	25645	-2857.42	333.371	479.98	0	-1.86E-05	1.95E-06	-8.40E-06	0.000752569
302	11	-22.4476	64.2759	248.181	-56249.1	25136.9	-2703.88	333.285	480.646	0	-1.85E-05	3.80E-06	-7.31E-06	0.000795975
302	12	-22.2072	62.6805	243.38	-55329.4	24628.9	-2550.34	333.195	481.338	0	-1.85E-05	3.80E-06	-7.31E-06	0.000795975
302	13	-21.9387	61.3138	238.638	-54478.6	24177.2	-2471.64	333.313	482.289	0	-1.81E-05	5.41E-06	-4.72E-06	0.000842176
302	14	-21.6702	59.9472	233.897	-53627.7	23725.5	-2392.95	333.436	483.279	0	-1.81E-05	5.41E-06	-4.72E-06	0.000842176
302	15	-21.3102	58.539	229.509	-52821.1	23322	-2339.94	333.617	484.148	0	-1.82E-05	5.87E-06	-3.11E-06	0.000857994
302	16	-20.9502	57.1309	225.122	-52014.5	22918.4	-2286.92	333.805	485.05	0	-1.85E-05	7.27E-06	-3.78E-06	0.000812314
302	17	-20.3046	55.7664	220.811	-51238.9	22458.3	-2185.69	333.708	486.049	0	-1.85E-05	7.27E-06	-3.78E-06	0.000812314
302	18	-19.6589	54.4018	216.5	-50463.3	21998.1	-2084.47	333.608	487.087	0	-1.96E-05	8.12E-06	-6.76E-06	0.00078603
302	19	-19.1583	53.0675	212.518	-49685	21574.4	-1989.96	333.518	487.792	0	-1.96E-05	8.12E-06	-6.76E-06	0.00078603
303	0	-18.6577	51.7331	208.536	-48906.7	21150.7	-1895.45	333.424	488.524	0	-2.07E-05	6.48E-06	-9.29E-06	0.000774043
303	1	-18.3116	50.2867	204.538	-48171.4	20840.8	-1846.94	333.892	489.513	0	-2.07E-05	6.48E-06	-9.29E-06	0.000774043
303	2	-17.9655	48.8403	200.54	-47436.1	20531	-1798.42	334.379	490.541	0	-2.16E-05	5.36E-06	-1.04E-05	0.000745023
303	3	-17.6466	47.3091	196.953	-46766.1	20193.5	-1740.98	334.529	491.448	0	-2.16E-05	5.36E-06	-1.04E-05	0.000745023
303	4	-17.3278	45.7779	193.365	-46096.1	19855.9	-1683.55	334.686	492.389	0	-2.21E-05	4.97E-06	-1.29E-05	0.000709336
303	5	-16.9595	44.458	190.295	-45486.1	19519.5	-1545.23	334.575	493.029	0	-2.27E-05	5.57E-06	-1.51E-05	0.000578801
303	6	-16.5913	43.138	187.226	-44876	19183.2	-1406.91	334.46	493.689	0	-2.27E-05	5.57E-06	-1.51E-05	0.000578801
303	7	-16.3918	41.7625	184.316	-44309.6	18906.6	-1268.11	334.577	494.4	0	-2.31E-05	5.87E-06	-1.54E-05	0.000336902
303	8	-16.1924	40.3869	181.406	-43743.2	18630	-1129.31	334.698	495.134	0	-2.31E-05	5.87E-06	-1.54E-05	0.000336902
303	9	-16.0523	38.6994	178.586	-43264.2	18354.4	-1027.33	334.776	496.259	0	-2.28E-05	5.41E-06	-1.53E-05	5.34E-05
303	10	-15.9122	37.0118	175.767	-42785.2	18078.9	-925.353	334.857	497.421	0	-2.28E-05	5.41E-06	-1.53E-05	5.34E-05
303	11	-15.8149	35.1971	173.258	-42254.5	17778.5	-797.634	334.613	497.882	0	-2.27E-05	4.27E-06	-1.60E-05	-0.000187511
303	12	-15.7176	33.3823	170.749	-41723.8	17478.1	-669.915	334.361	498.357	0	-2.27E-05	4.27E-06	-1.60E-05	-0.000187511
303	13	-15.5993	31.7243	168.251	-41236.9	17247.2	-486.569	334.509	499.092	0	-2.22E-05	2.81E-06	-1.42E-05	-0.000360395
303	14	-15.481	30.0664	165.752	-40750.1	17016.4	-303.222	334.662	499.849	0	-2.22E-05	3.86E-06	-1.09E-05	-0.000460683
303	15	-15.4333	28.5168	163.695	-40325.6	16824.5	-168.009	334.78	500.346	0	-2.22E-05	3.86E-06	-1.09E-05	-0.000460683
303	16	-15.3855	26.9672	161.637	-39901.1	16632.7	-32.7951	334.901	500.856	0	-2.14E-05	4.30E-06	-1.05E-05	-0.000532243
303	17	-15.2654	25.4573	159.216	-39462.3	16400	27.6526	335.005	501.854	0	-2.14E-05	4.30E-06	-1.05E-05	-0.000532243
303	18	-15.1454	23.9474	156.795	-39023.5	16167.4	88.1003	335.112	502.882	0	-2.05E-05	5.36E-06	-1.03E-05	-0.000670238
303	19	-14.9417	22.4367	154.631	-38583.6	15952.2	194.461	335.163	503.521	0	-2.05E-05	5.36E-06	-1.03E-05	-0.000670238
304	0	-14.738	20.926	152.466	-38143.7	15736.9	300.821	335.216	504.178	0	-2.08E-05	5.41E-06	-6.58E-06	-0.000858541
304	1	-14.5014	19.3984	150.6	-37745.9	15539.2	438.019	335.182	504.637	0	-2.08E-05	5.41E-06	-6.58E-06	-0.000858541
304	2	-14.2647	17.8708	148.733	-37348.1	15341.4	575.218	335.147	505.108	0	-2.17E-05	4.97E-06	-3.06E-06	-0.00096145
304	3	-14.0301	16.356	146.591	-36953.7	15156.5	675.472	335.393	506.087	0	-2.29E-05	3.70E-06	-4.04E-06	-0.00101015
304	4	-13.7955	14.8412	144.449	-36559.2	14971.6	775.725	335.646	507.095	0	-2.29E-05	3.70E-06	-4.04E-06	-0.00101015
304	5	-13.4531	13.4046	142.643	-36148.1	14776.8	827.162	335.593	507.417	0	-2.29E-05	5.40E-06	-6.26E-06	-0.00108075
304	6	-13.1107	11.968	140.836	-35737	14581.9	878.599	335.538	507.748	0	-2.29E-05	5.40E-06	-6.26E-06	-0.00108075
304	7	-12.8392	10.8247	138.981	-35316.8	14400.1	929.715	335.611	508.112	0	-2.27E-05	5.56E-06	-6.88E-06	-0.00115361
304	8	-12.5677	9.68137	137.127	-34896.6	14218.2	980.832	335.687	508.485	0	-2.27E-05	5.56E-06	-6.88E-06	-0.00115361
304	9	-12.1872	8.69587	135.006	-34466.5	14029.5	1049.63	335.917	509.295	0	-2.30E-05	4.04E-06	-7.81E-06	-0.00120591
304	10	-11.8066	7.71037	132.886	-34036.4	13840.8	1118.43	336.155	510.131	0	-2.30E-05	4.04E-06	-7.81E-06	-0.00120591
304	11	-11.5401	6.72726	131.172	-33631.3	13629.6	1147.53	335.906	510.392	0	-2.19E-05	3.52E-06	-8.69E-06	-0.00123
304	12	-11.2736	5.74416	129.457	-33226.3	13418.3	1176.63	335.651	510.659	0	-2.15E-05	2.94E-06	-9.13E-06	-0.00123476
304	13	-11.0557	4.91228	127.476	-32800.4	13203.1	1177.9	335.574	511.307	0	-2.15E-05	2.94E-06	-9.13E-06	-0.00123476
304	14	-10.8379	4.0804	125.494	-32374.4	12987.9	1179.17	335.494	511.976	0	-2.13E-05	4.08E-06	-8.53E-06	-0.0012465
304	15	-10.5493	3.38613	123.269	-31959	12773.2	1204.76	335.62	513.261	0	-2.13E-05	4.08E-06	-8.53E-06	-0.0012465
304	16	-10.2606	2.69186	121.045	-31543.5	12558.5	1230.34	335.751	514.593	0	-2.10E-05	5.05E-06	-8.57E-06	-0.00125444
304	17	-10.0008	2.10548	118.28	-31104	12372	1247.05	336.6	516.97	0	-2.10E-05	5.05E-06	-8.57E-06	-0.00125444
304	18	-9.74102	1.5191	115.515	-30664.5	12185.5	1263.76	337.489	519.46	0	-2.24E-05	4.74E-06	-1.06E-05	-0.00126708
304	19	-9.46922	0.961238	113.629	-30261.1	11994.2	1248.64	337.556	520.316	0	-2.24E-05	4.74E-06	-1.06E-05	-0.00126708
305	0	-9.19742	0.403374	111.743	-29857.7	11802.9	1233.51	337.626	521.201	0	-2.30E-05	3.83E-06	-1.22E-05	-0.0012961
305	1	-8.90714	-0.129521	110.286	-29409.2	11623.9	1234.92	337.398	520.664	0	-2.37E-05	6.55E-06	-1.19E-05	-0.00129227
305	2	-8.61685	-0.662417	108.829	-28960.7	11444.9	1236.33	337.164	520.113	0	-2.37E-05	6.55E-06	-1.19E-05	-0.00129227
305	3	-8.31359	-1.15695	106.793	-28506.1	11266.4	1238.88	337.497	520.929	0	-2.52E-05	9.17E-06	-9.25E-06	-0.00125703
305	4	-8.01032	-1.65147	104.757	-28051.5	11087.8	1241.43	337.844	521.778	0	-2.52E-05	9.17E-06	-9.25E-06	-0.00125703
305	5	-7.84904	-2.21798	102.948	-27631.8	10882.9	1236.49	337.713	522.405	0	-2.38E-05	9.62E-06	-7.99E-06	-0.00122076
305	6	-7.68775	-2.78448	101.14	-27212.2	10678.1	1231.54	337.577	523.054	0	-2.38E-05	9.62E-06	-7.99E-06	-0.00122076
305	7	-7.58197	-3.05917	99.2836	-26796.6	10492.9	1217.34	337.687	523.9	0	-2.16E-05	7.94E-06	-8.12E-06	-0.00118406
305	8	-7.47619	-3.33386	97.4269	-26381.1	10307.8	1203.14	337.801	524.778	0	-2.16E-05	7.94E-06	-8.12E-06	-0.00118406
305	9	-7.27489	-3.44275	95.4684	-25970.6	10144.9	1189.95	338.265	526.034	0	-2.18E-05	5.82E-06	-9.39E-06	-0.00113402
305	10	-7.0736	-3.55164	93.51	-25560.2	9982.05	1176.75	338.749	527.342	0	-2.27E-05	4.27E-06	-1.03E-05	-0.00106152
305	11	-6.84197	-3.83395	91.6246	-25169.2	9784.07	1185.29	338.784	528.699	0	-2.27E-05	4.27E-06	-1.03E-05	-0.00106152
305	12	-6.61034	-4.11626	89.7393	-24778.3	9586.08	1193.84	338.822	530.114	0	-2.09E-05	2.93E-06	-9.59E-06	-0.000970985
305	13	-6.51149	-4.40341	87.9069	-24356.3	9406.78	1188.27	339.008	531.069	0	-2.09E-05	2.93E-06	-9.59E-06	-0.000970985
305	14	-6.41264	-4.69056	86.0746	-23934.3	9227.47	1182.7	339.203	532.065	0	-1.97E-05	2.87E-06	-9.12E-06	-0.00087081
305	15	-6.26909	-4.93715	84.6594	-23507.7	9098.19	1169.3	339.468	531.673	0	-1.97E-05	2.87E-06	-9.12E-06	-0.00087081
305	16	-6.12554	-5.18374	83.2442	-23081	8968.9	1155.89	339.742	531.269	0	-1.96E-05	4.42E-06	-8.71E-06	-0.000759811
305	17	-5.95777	-5.30436	81.0353	-22718.5	8790.67	1147.97	340.479	534.353	0	-1.96E-05	4.42E-06	-8.71E-06	-0.000759811
305	18	-5.79	-5.42498	78.8265	-22356	8612.43	1140.05	341.258	537.61	0	-1.99E-05	5.85E-06	-6.93E-06	-0.000636391
305	19	-5.68372	-5.5502	77.3179	-21983.4	8420.95	1118.78	340.913	538.324	0	-1.83E-05	6.21E-06	-7.37E-06	-0.000506834
306	0	-5.57743	-5.67543	75.8092	-21610.7	8229.48	1097.52	340.555	539.067	0	-1.83E-05	6.21E-06	-7.37E-06	-0.000506834
306	1	-5.55853	-5.95859	74.3046	-21194.8	8076.23	1088.9	340.691	539.242	0	-1.74E-05	8.19E-06	-7.42E-06	-0.000397428
306	2	-5.53962	-6.24176	72.7999	-20778.9	7922.98	1080.28	340.832	539.425	0	-1.74E-05	8.19E-06	-7.42E-06	-0.000397428
306	3	-5.44165	-6.39583	71.0581	-20427.4	7793.32	1069.25	341.675	541.475	0	-1.92E-05	9.41E-06	-8.50E-06	-0.000287266
306	4	-5.34368	-6.5499	69.3163	-20076	7663.65	1058.21	342.561	543.628	0	-1.92E-05	9.41E-06	-8.50E-06	-0.000287266
306	5	-5.09659	-6.58066	67.624	-19706	7532.71	1036.71	343.391	545.405	0	-2.00E-05	8.40E-06	-1.27E-05	-0.000133756
306	6	-4.8495	-6.61141	65.9317	-19336	7401.77	1015.2	344.264	547.273	0	-2.00E-05	8.40E-06	-1.27E-05	-0.000133756
306	7	-4.65487	-6.6563	63.9662	-18945.2	7264.26	993.691	345.564	550.175	0	-1.90E-05	8.59E-06	-1.36E-05	2.26E-05
306	8	-4.46024	-6.70119	62.0007	-18554.3	7126.74	972.183	346.946	553.26	0	-1.82E-05	8.66E-06	-1.27E-05	0.000134761
306	9	-4.2846	-6.68355	60.6993	-18191.9	6974.99	953.515	346.91	553.704	0	-1.82E-05	8.66E-06	-1.27E-05	0.000134761
306	10	-4.10896	-6.66591	59.398	-17829.4	6823.23	934.848	346.873	554.168	0	-1.84E-05	7.86E-06	-1.37E-05	0.000231961
306	11	-4.03164	-6.72819	57.7129	-17459.3	6685.01	912.422	347.832	556.52	0	-1.84E-05	7.86E-06	-1.37E-05	0.000231961
306	12	-3.95431	-6.79047	56.0278	-17089.2	6546.78	889.997	348.849	559.013	0	-1.96E-05	8.02E-06	-1.29E-05	0.000346861
306	13	-3.98405	-6.82162	54.4327	-16752	6412.37	891.098	349.804	561.756	0	-1.96E-05	8.02E-06	-1.29E-05	0.000346861
306	14	-4.0138	-6.85277	52.8376	-16414.7	6277.96	892.199	350.816	564.664	0	-1.83E-05	5.66E-06	-1.02E-05	0.000472481
306	15	-3.88279	-6.93735	51.3958	-16083.7	6157.48	848.601	351.805	566.938	0	-1.83E-05	5.66E-06	-1.02E-05	0.000472481
306	16	-3.75178	-7.02193	49.9541	-15752.7	6037.01	805.003	352.851	569.345	0	-1.81E-05	3.95E-06	-9.23E-06	0.000547517
306	17	-3.50454	-7.18632	48.8851	-15402.2	5896.92	767.26	352.628	569.07	0	-1.90E-05	3.34E-06	-9.46E-06	0.000572315
306	18	-3.2573	-7.35071	47.8162	-15051.7	5756.83	729.517	352.395	568.782	0	-1.90E-05	3.34E-06	-9.46E-06	0.000572315
306	19	-2.99622	-7.37863	46.4456	-14741.7	5589.27	710.8	352.34	571.398	0	-1.92E-05	1.79E-06	-8.87E-06	0.000602995
307	0	-2.73514	-7.40655	45.0749	-14431.8	5421.71	692.084	352.282	574.173	0	-1.92E-05	1.79E-06	-8.87E-06	0.000602995
307	1	-2.57523	-7.3722	43.6586	-14122.2	5292.52	652.614	353.225	577.468	0	-1.90E-05	1.87E-06	-7.98E-06	0.000686525
307	2	-2.41532	-7.33784	42.2423	-13812.5	5163.32	613.144	354.231	580.984	0	-1.90E-05	1.87E-06	-7.98E-06	0.000686525
307	3	-2.30983	-7.22118	41.0713	-13531.9	5071.15	567.463	355.472	583.474	0	-1.99E-05	2.65E-06	-9.47E-06	0.000801559
307	4	-2.20433	-7.10452	39.9004	-13251.3	4978.98	521.782	356.785	586.111	0	-1.99E-05	2.65E-06	-9.47E-06	0.000801559
307	5	-2.1728	-7.04879	38.9478	-12952.9	4886.16	488.619	357.454	586.572	0	-1.97E-05	1.69E-06	-9.89E-06	0.00097737
307	6	-2.14127	-6.99306	37.9952	-12654.5	4793.35	455.457	358.157	587.057	0	-2.03E-05	2.44E-07	-9.15E-06	0.00115031
307	7	-1.97425	-7.00833	36.5291	-12369	4705.47	448.106	360.814	592.607	0	-2.03E-05	2.44E-07	-9.15E-06	0.00115031
307	8	-1.80723	-7.0236	35.063	-12083.5	4617.59	440.755	363.694	598.623	0	-2.02E-05	-4.01E-07	-9.36E-06	0.00128434
307	9	-1.59718	-7.05711	33.7761	-11803.7	4494.73	413.572	365.074	603.469	0	-2.02E-05	-4.01E-07	-9.36E-06	0.00128434
307	10	-1.38713	-7.09062	32.4893	-11524	4371.87	386.389	366.563	608.7	0	-1.88E-05	1.82E-06	-8.64E-06	0.00151314
307	11	-1.17473	-7.00393	31.4294	-11252	4241.96	314.026	366.968	612.008	0	-1.88E-05	1.82E-06	-8.64E-06	0.00151314
307	12	-0.962339	-6.91723	30.3695	-10980	4112.05	241.663	367.401	615.546	0	-1.88E-05	3.32E-06	-6.36E-06	0.00200625
307	13	-0.810852	-6.86476	29.2554	-10728.1	4004.38	193.781	368.877	620.706	0	-1.88E-05	3.32E-06	-6.36E-06	0.00200625
307	14	-0.659365	-6.8123	28.1413	-10476.3	3896.72	145.899	370.47	626.276	0	-1.98E-05	4.11E-06	-5.31E-06	0.00313308
307	15	-0.652627	-6.72928	26.9511	-10166.2	3809.24	132.239	373.339	631.209	0	-2.07E-05	3.32E-06	-5.90E-06	0.004351
307	16	-0.645888	-6.64626	25.761	-9856.08	3721.77	118.578	376.473	636.597	0	-2.07E-05	3.32E-06	-5.90E-06	0.004351
307	17	-0.651514	-6.54671	24.5553	-9564.62	3620.13	99.5827	379.428	643.514	0	-2.24E-05	1.69E-06	-7.03E-06	0.0039385
307	18	-0.65714	-6.44717	23.3496	-9273.17	3518.49	80.587	382.688	651.146	0	-2.24E-05	1.69E-06	-7.03E-06	0.0039385
307	19	-0.636145	-6.3557	22.2895	-9021.18	3406.95	38.5411	384.85	658.727	0	-2.37E-05	4.76E-07	-5.64E-06	0.00277782
308	0	-0.615149	-6.26424	21.2295	-8769.2	3295.41	-3.50484	387.228	667.066	0	-2.37E-05	4.76E-07	-5.64E-06	0.00277782
308	1	-0.425504	-4.34917	14.6434	-6073.12	2280.11	-10.6012	387.709	668.734	0	-2.38E-05	1.10E-06	-5.10E-06	0.00189645
308	2	-0.235858	-2.43409	8.05727	-3377.04	1264.8	-17.6975	388.977	673.13	0	-2.38E-05	1.10E-06	-5.10E-06	0.00189645
308	3	-0.117929	-1.21705	4.02864	-1688.52	632.402	-8.84874	388.977	673.13	0	-2.42E-05	1.51E-06	-6.13E-06	0.00117374
308	4	0	0	0	0	0	0	232	254	0	-2.51E-05	3.46E-07	-6.66E-06	0.000531927
308	5	0	0	0	0	0	0	232	254	0	-2.51E-05	3.46E-07	-6.66E-06	0.000531927
308	6	0	0	0	0	0	0	232	254	0	-2.49E-05	1.23E-06	-5.20E-06	1.10E-06
308	7	0	0	0	0	0	0	232	254	0	-2.49E-05	1.23E-06	-5.20E-06	1.10E-06
308	8	0	0	0	0	0	0	232	254	0	-2.37E-05	2.89E-06	-5.23E-06	-0.000442114
308	9	0	0	0	0	0	0	232	254	0	-2.37E-05	2.89E-06	-5.23E-06	-0.000442114
308	10	0	0	0	0	0	0	232	254	0	-2.19E-05	2.43E-06	-6.00E-06	-0.000818235
308	11	0	0	0	0	0	0	232	254	0	-2.19E-05	2.43E-06	-6.00E-06	-0.000818235
308	12	0	0	0	0	0	0	232	254	0	-2.12E-05	2.25E-06	-6.68E-06	-0.00113324
308	13	0	0	0	0	0	0	232	254	0	-2.05E-05	3.40E-06	-6.07E-06	-0.0013864
308	14	0	0	0	0	0	0	232	254	0	-2.05E-05	3.40E-06	-6.07E-06	-0.0013864
308	15	0	0	0	0	0	0	232	254	0	-2.07E-05	5.72E-06	-5.59E-06	-0.00158593
308	16	0	0	0	0	0	0	232	254	0	-2.07E-05	5.72E-06	-5.59E-06	-0.00158593
308	17	0	0	0	0	0	0	232	254	0	-2.07E-05	5.96E-06	-6.00E-06	-0.00174066
308	18	0	0	0	0	0	0	232	254	0	-2.07E-05	5.96E-06	-6.00E-06	-0.00174066
308	19	0	0	0	0	0	0	232	254	0	-2.04E-05	7.22E-06	-6.33E-06	-0.0018325
309	0	0	0	0	0	0	0	232	254	0	-2.04E-05	7.22E-06	-6.33E-06	-0.0018325
309	1	0	0	0	0	0	0	232	254	0	-1.98E-05	8.35E-06	-7.43E-06	-0.00185529
309	2	0	0	0	0	0	0	232	254	0	-2.14E-05	7.16E-06	-6.49E-06	-0.00182983
309	3	0	0	0	0	0	0	232	254	0	-2.14E-05	7.16E-06	-6.49E-06	-0.00182983
309	4	0	0	0	0	0	0	232	254	0	-2.33E-05	5.61E-06	-4.83E-06	-0.00177651
309	5	0	0	0	0	0	0	232	254	0	-2.33E-05	5.61E-06	-4.83E-06	-0.00177651
309	6	0	0	0	0	0	0	232	254	0	-2.36E-05	3.34E-06	-4.01E-06	-0.00171043
309	7	0	0	0	0	0	0	232	254	0	-2.36E-05	3.34E-06	-4.01E-06	-0.00171043
309	8	0	0	0	0	0	0	232	254	0	-2.34E-05	1.82E-06	-2.00E-06	-0.00163375
309	9	0	0	0	0	0	0	232	254	0	-2.34E-05	1.82E-06	-2.00E-06	-0.00163375
309	10	0	0	0	0	0	0	232	254	0	-2.38E-05	1.16E-06	-1.41E-06	-0.00154421
309	11	0	0	0	0	0	0	232	254	0	-2.45E-05	1.47E-06	-5.24E-06	-0.00143471
309	12	0	0	0	0	0	0	232	254	0	-2.45E-05	1.47E-06	-5.24E-06	-0.00143471
309	13	0	0	0	0	0	0	232	254	0	-2.42E-05	1.79E-06	-9.68E-06	-0.00129913
309	14	0	0	0	0	0	0	232	254	0	-2.42E-05	1.79E-06	-9.68E-06	-0.00129913
309	15	0	0	0	0	0	0	232	254	0	-2.39E-05	-2.49E-07	-9.98E-06	-0.00114464
309	16	0	0	0	0	0	0	232	254	0	-2.39E-05	-2.49E-07	-9.98E-06	-0.00114464
309	17	0	0	0	0	0	0	232	254	0	-2.30E-05	-1.52E-06	-9.10E-06	-0.000977603
309	18	0	0	0	0	0	0	232	254	0	-2.30E-05	-1.52E-06	-9.10E-06	-0.000977603
309	19	0	0	0	0	0	0	232	254	0	-2.31E-05	-2.81E-07	-1.02E-05	-0.000796358
310	0	0	0	0	0	0	0	232	254	0	-2.45E-05	9.18E-07	-1.32E-05	-0.000590474
310	1	0	0	0	0	0	0	232	254	0	-2.45E-05	9.18E-07	-1.32E-05	-0.000590474
310	2	0	0	0	0	0	0	232	254	0	-2.50E-05	2.57E-06	-1.40E-05	-0.000371372
310	3	0	0	0	0	0	0	232	254	0	-2.50E-05	2.57E-06	-1.40E-05	-0.000371372
310	4	0	0	0	0	0	0	232	254	0	-2.29E-05	4.82E-06	-6.71E-06	-0.000152761
310	5	0	0	0	0	0	0	232	254	0	-2.29E-05	4.82E-06	-6.71E-06	-0.000152761
310	6	0	0	0	0	0	0	232	254	0	-2.13E-05	7.63E-06	2.53E-06	8.58E-05
310	7	0	0	0	0	0	0	232	254	0	-2.13E-05	7.63E-06	2.53E-06	8.58E-05
310	8	0	0	0	0	0	0	232	254	0	-2.24E-05	9.49E-06	-2.95E-06	0.000342875
310	9	0	0	0	0	0	0	232	254	0	-2.39E-05	8.51E-06	-1.48E-05	0.000597958
310	10	0	0	0	0	0	0	232	254	0	-2.39E-05	8.51E-06	-1.48E-05	0.000597958
310	11	0	0	0	0	0	0	232	254	0	-2.25E-05	9.17E-06	-1.79E-05	0.000856457
310	12	0	0	0	0	0	0	232	254	0	-2.25E-05	9.17E-06	-1.79E-05	0.000856457
310	13	0	0	0	0	0	0	232	254	0	-2.07E-05	1.19E-05	-1.53E-05	0.00111763
310	14	0	0	0	0	0	0	232	254	0	-2.07E-05	1.19E-05	-1.53E-05	0.00111763
310	15	0	0	0	0	0	0	232	254	0	-2.28E-05	1.47E-05	-1.03E-05	0.00138206
310	16	0	0	0	0	0	0	232	254	0	-2.28E-05	1.47E-05	-1.03E-05	0.00138206
310	17	0	0	0	0	0	0	232	254	0	-2.33E-05	1.60E-05	-4.09E-07	0.00164956
310	18	0	0	0	0	0	0	232	254	0	-2.12E-05	1.65E-05	6.45E-06	0.00192151
310	19	0	0	0	0	0	0	232	254	0	-2.12E-05	1.65E-05	6.45E-06	0.00192151
311	0	0	0	0	0	0	0	232	254	0	-2.06E-05	1.85E-05	6.72E-06	0.00219615
311	1	0	0	0	0	0	0	232	254	0	-2.06E-05	1.85E-05	6.72E-06	0.00219615
311	2	0	0	0	0	0	0	232	254	0	-2.06E-05	1.95E-05	-9.16E-06	0.00247091
311	3	0	0	0	0	0	0	232	254	0	-2.06E-05	1.95E-05	-9.16E-06	0.00247091
311	4	0	0	0	0	0	0	232	254	0	-2.16E-05	1.94E-05	-2.71E-05	0.00274935
311	5	0	0	0	0	0	0	232	254	0	-2.16E-05	1.94E-05	-2.71E-05	0.00274935
311	6	0	0	0	0	0	0	232	254	0	-2.13E-05	1.84E-05	-4.11E-05	0.00296917
311	7	0	0	0	0	0	0	232	254	0	-2.09E-05	1.62E-05	-4.33E-05	0.00275411
311	8	0	0	0	0	0	0	232	254	0	-2.09E-05	1.62E-05	-4.33E-05	0.00275411
311	9	0	0	0	0	0	0	232	254	0	-2.14E-05	1.43E-05	-3.85E-05	0.00214119
311	10	0	0	0	0	0	0	232	254	0	-2.14E-05	1.43E-05	-3.85E-05	0.00214119
311	11	0	0	0	0	0	0	232	254	0	-2.12E-05	1.32E-05	-2.80E-05	0.00164063
311	12	0	0	0	0	0	0	232	254	0	-2.12E-05	1.32E-05	-2.80E-05	0.00164063
311	13	0	0	0	0	0	0	232	254	0	-1.94E-05	1.29E-05	-1.03E-05	0.00133829
311	14	0	0	0	0	0	0	232	254	0	-1.94E-05	1.29E-05	-1.03E-05	0.00133829
311	15	0	0	0	0	0	0	232	254	0	-1.85E-05	1.13E-05	4.62E-07	0.00106487
311	16	0	0	0	0	0	0	232	254	0	-1.69E-05	9.64E-06	5.66E-06	0.000773533
311	17	0	0	0	0	0	0	232	254	0	-1.69E-05	9.64E-06	5.66E-06	0.000773533
311	18	0	0	0	0	0	0	232	254	0	-1.63E-05	7.83E-06	1.11E-06	0.000496883
311	19	0	0	0	0	0	0	232	254	0	-1.63E-05	7.83E-06	1.11E-06	0.000496883
312	0	0	0	0	0	0	0	232	254	0	-1.65E-05	5.00E-06	-1.06E-05	0.000232387
312	1	0	0	0	0	0	0	232	254	0	-1.65E-05	5.00E-06	-1.06E-05	0.000232387
312	2	0	0	0	0	0	0	232	254	0	-1.73E-05	3.68E-06	-2.04E-05	-4.89E-05
312	3	0	0	0	0	0	0	232	254	0	-1.73E-05	3.68E-06	-2.04E-05	-4.89E-05
312	4	0	0	0	0	0	0	232	254	0	-1.76E-05	2.13E-06	-2.19E-05	-0.000348016
312	5	0	0	0	0	0	0	232	254	0	-1.66E-05	-5.85E-07	-1.74E-05	-0.000598966
312	6	0	0	0	0	0	0	232	254	0	-1.66E-05	-5.85E-07	-1.74E-05	-0.000598966
312	7	0	0	0	0	0	0	232	254	0	-1.59E-05	-2.44E-06	-1.42E-05	-0.000800068
312	8	0	0	0	0	0	0	232	254	0	-1.59E-05	-2.44E-06	-1.42E-05	-0.000800068
312	9	0	0	0	0	0	0	232	254	0	-1.61E-05	-3.44E-06	-1.64E-05	-0.000992662
312	10	0	0	0	0	0	0	232	254	0	-1.61E-05	-3.44E-06	-1.64E-05	-0.000992662
312	11	0	0	0	0	0	0	232	254	0	-1.72E-05	-4.04E-06	-1.51E-05	-0.00115444
312	12	0	0	0	0	0	0	232	254	0	-1.72E-05	-4.04E-06	-1.51E-05	-0.00115444
312	13	0	0	0	0	0	0	232	254	0	-1.68E-05	-3.61E-06	-2.52E-06	-0.00126087
312	14	0	0	0	0	0	0	232	254	0	-1.63E-05	-6.27E-06	1.46E-05	-0.00132529
312	15	0	0	0	0	0	0	232	254	0	-1.63E-05	-6.27E-06	1.46E-05	-0.00132529
312	16	0	0	0	0	0	0	232	254	0	-1.74E-05	-8.95E-06	1.83E-05	-0.00137136
312	17	0	0	0	0	0	0	232	254	0	-1.74E-05	-8.95E-06	1.83E-05	-0.00137136
312	18	0	0	0	0	0	0	232	254	0	-1.84E-05	-6.54E-06	1.09E-05	-0.00137545
312	19	0	0	0	0	0	0	232	254	0	-1.84E-05	-6.54E-06	1.09E-05	-0.00137545
313	0	0	0	0	0	0	0	232	254	0	-1.86E-05	-5.55E-06	2.07E-06	-0.0013517
313	1	0	0	0	0	0	0	232	254	0	-1.86E-05	-5.55E-06	2.07E-06	-0.0013517
313	2	0	0	0	0	0	0	232	254	0	-1.92E-05	-6.06E-06	-5.16E-06	-0.00133714
313	3	0	0	0	0	0	0	232	254	0	-1.87E-05	-7.61E-06	-6.17E-06	-0.00131384
313	4	0	0	0	0	0	0	232	254	0	-1.87E-05	-7.61E-06	-6.17E-06	-0.00131384
313	5	0	0	0	0	0	0	232	254	0	-1.93E-05	-7.29E-06	-6.52E-06	-0.00129619
313	6	0	0	0	0	0	0	232	254	0	-1.93E-05	-7.29E-06	-6.52E-06	-0.00129619
313	7	0	0	0	0	0	0	232	254	0	-1.92E-05	-4.79E-06	-1.06E-05	-0.00126681
313	8	0	0	0	0	0	0	232	254	0	-1.92E-05	-4.79E-06	-1.06E-05	-0.00126681
313	9	0	0	0	0	0	0	232	254	0	-1.92E-05	-4.33E-06	-1.42E-05	-0.00120857
313	10	0	0	0	0	0	0	232	254	0	-1.92E-05	-4.33E-06	-1.42E-05	-0.00120857
313	11	0	0	0	0	0	0	232	254	0	-1.91E-05	-6.16E-06	-1.41E-05	-0.00112497
313	12	0	0	0	0	0	0	232	254	0	-1.99E-05	-6.65E-06	-1.13E-05	-0.00106776
313	13	0	0	0	0	0	0	232	254	0	-1.99E-05	-6.65E-06	-1.13E-05	-0.00106776
313	14	0	0	0	0	0	0	232	254	0	-2.15E-05	-7.94E-06	-9.31E-06	-0.00101435
313	15	0	0	0	0	0	0	232	254	0	-2.15E-05	-7.94E-06	-9.31E-06	-0.00101435
313	16	0	0	0	0	0	0	232	254	0	-2.18E-05	-8.79E-06	-9.59E-06	-0.00093118
313	17	0	0	0	0	0	0	232	254	0	-2.18E-05	-8.79E-06	-9.59E-06	-0.00093118
313	18	0	0	0	0	0	0	232	254	0	-2.10E-05	-7.15E-06	-1.10E-05	-0.000865902
313	19	0	0	0	0	0	0	232	254	0	-2.10E-05	-7.15E-06	-1.10E-05	-0.000865902
314	0	0	0	0	0	0	0	232	254	0	-2.15E-05	-4.17E-06	-1.22E-05	-0.000798341
314	1	0	0	0	0	0	0	232	254	0	-2.23E-05	-3.19E-06	-1.58E-05	-0.000693403
314	2	0	0	0	0	0	0	232	254	0	-2.23E-05	-3.19E-06	-1.58E-05	-0.000693403
314	3	0	0	0	0	0	0	232	254	0	-2.21E-05	-2.49E-06	-1.85E-05	-0.000594003
314	4	0	0	0	0	0	0	232	254	0	-2.21E-05	-2.49E-06	-1.85E-05	-0.000594003
314	5	0	0	0	0	0	0	232	254	0	-2.14E-05	-2.65E-06	-1.99E-05	-0.00050105
314	6	0	0	0	0	0	0	232	254	0	-2.14E-05	-2.65E-06	-1.99E-05	-0.00050105
314	7	0	0	0	0	0	0	232	254	0	-2.02E-05	-8.73E-07	-2.01E-05	-0.000382298
314	8	0	0	0	0	0	0	232	254	0	-2.02E-05	-8.73E-07	-2.01E-05	-0.000382298
314	9	0	0	0	0	0	0	232	254	0	-2.07E-05	1.98E-06	-1.94E-05	-0.000289117
314	10	0	0	0	0	0	0	232	254	0	-2.20E-05	2.97E-06	-1.81E-05	-0.000225118
314	11	0	0	0	0	0	0	232	254	0	-2.20E-05	2.97E-06	-1.81E-05	-0.000225118
314	12	0	0	0	0	0	0	232	254	0	-2.12E-05	4.54E-06	-2.07E-05	-0.000166758
314	13	0	0	0	0	0	0	232	254	0	-2.12E-05	4.54E-06	-2.07E-05	-0.000166758
314	14	0	0	0	0	0	0	232	254	0	-1.90E-05	6.14E-06	-3.04E-05	-0.000138399
314	15	0	0	0	0	0	0	232	254	0	-1.90E-05	6.14E-06	-3.04E-05	-0.000138399
314	16	0	0	0	0	0	0	232	254	0	-1.99E-05	7.01E-06	-3.31E-05	-0.000159285
314	17	0	0	0	0	0	0	232	254	0	-1.99E-05	7.01E-06	-3.31E-05	-0.000159285
314	18	0	0	0	0	0	0	232	254	0	-1.88E-05	6.75E-06	-2.29E-05	-0.000199072
314	19	0	0	0	0	0	0	232	254	0	-1.84E-05	7.01E-06	-1.12E-05	-0.000249746
315	0	0	0	0	0	0	0	232	254	0	-1.84E-05	7.01E-06	-1.12E-05	-0.000249746
315	1	0	0	0	0	0	0	232	254	0	-1.89E-05	5.59E-06	-1.37E-05	-0.000309525
315	2	0	0	0	0	0	0	232	254	0	-1.89E-05	5.59E-06	-1.37E-05	-0.000309525
315	3	0	0	0	0	0	0	232	254	0	-1.80E-05	4.87E-06	-1.91E-05	-0.000369714
315	4	0	0	0	0	0	0	232	254	0	-1.80E-05	4.87E-06	-1.91E-05	-0.000369714
315	5	0	0	0	0	0	0	232	254	0	-1.87E-05	8.25E-06	-1.52E-05	-0.000436586
315	6	0	0	0	0	0	0	232	254	0	-1.87E-05	8.25E-06	-1.52E-05	-0.000436586
315	7	0	0	0	0	0	0	232	254	0	-1.95E-05	8.45E-06	-8.96E-06	-0.000528062
315	8	0	0	0	0	0	0	232	254	0	-1.92E-05	6.96E-06	-1.05E-05	-0.000607973
315	9	0	0	0	0	0	0	232	254	0	-1.92E-05	6.96E-06	-1.05E-05	-0.000607973
315	10	0	0	0	0	0	0	232	254	0	-1.92E-05	6.08E-06	-1.19E-05	-0.000656391
315	11	0	0	0	0	0	0	232	254	0	-1.92E-05	6.08E-06	-1.19E-05	-0.000656391
315	12	0	0	0	0	0	0	232	254	0	-1.83E-05	6.69E-06	-9.94E-06	-0.000703149
315	13	0	0	0	0	0	0	232	254	0	-1.83E-05	6.69E-06	-9.94E-06	-0.000703149
315	14	0	0	0	0	0	0	232	254	0	-1.64E-05	7.52E-06	-8.25E-06	-0.000760259
315	15	0	0	0	0	0	0	232	254	0	-1.64E-05	7.52E-06	-8.25E-06	-0.000760259
315	16	0	0	0	0	0	0	232	254	0	-1.61E-05	8.19E-06	-9.29E-06	-0.000810103
315	17	0	0	0	0	0	0	232	254	0	-1.69E-05	8.51E-06	-1.11E-05	-0.000841212
315	18	0	0	0	0	0	0	232	254	0	-1.69E-05	8.51E-06	-1.11E-05	-0.000841212
315	19	0	0	0	0	0	0	232	254	0	-1.72E-05	7.16E-06	-5.17E-06	-0.000852192
316	0	0	0	0	0	0	0	232	254	0	-1.72E-05	7.16E-06	-5.17E-06	-0.000852192
316	1	0	0	0	0	0	0	232	254	0	-1.68E-05	6.55E-06	7.32E-06	-0.000837024
316	2	0	0	0	0	0	0	232	254	0	-1.68E-05	6.55E-06	7.32E-06	-0.000837024
316	3	0	0	0	0	0	0	232	254	0	-1.78E-05	6.90E-06	1.23E-05	-0.000794966
316	4	0	0	0	0	0	0	232	254	0	-1.78E-05	6.90E-06	1.23E-05	-0.000794966
316	5	0	0	0	0	0	0	232	254	0	-1.85E-05	6.47E-06	5.95E-06	-0.000732833
316	6	0	0	0	0	0	0	232	254	0	-1.80E-05	5.74E-06	-5.95E-06	-0.000658835
316	7	0	0	0	0	0	0	232	254	0	-1.80E-05	5.74E-06	-5.95E-06	-0.000658835
316	8	0	0	0	0	0	0	232	254	0	-1.86E-05	6.47E-06	-1.35E-05	-0.000577068
316	9	0	0	0	0	0	0	232	254	0	-1.86E-05	6.47E-06	-1.35E-05	-0.000577068
316	10	0	0	0	0	0	0	232	254	0	-1.92E-05	5.95E-06	-1.65E-05	-0.000488252
316	11	0	0	0	0	0	0	232	254	0	-1.92E-05	5.95E-06	-1.65E-05	-0.000488252
316	12	0	0	0	0	0	0	232	254	0	-1.98E-05	4.84E-06	-1.40E-05	-0.000387261
316	13	0	0	0	0	0	0	232	254	0	-1.98E-05	4.84E-06	-1.40E-05	-0.000387261
316	14	0	0	0	0	0	0	232	254	0	-2.02E-05	6.75E-06	-7.00E-06	-0.000271835
316	15	0	0	0	0	0	0	232	254	0	-2.03E-05	7.14E-06	3.85E-06	-0.000155486
316	16	0	0	0	0	0	0	232	254	0	-2.03E-05	7.14E-06	3.85E-06	-0.000155486
316	17	0	0	0	0	0	0	232	254	0	-2.12E-05	5.72E-06	9.53E-06	-6.40E-05
316	18	0	0	0	0	0	0	232	254	0	-2.12E-05	5.72E-06	9.53E-06	-6.40E-05
316	19	0	0	0	0	0	0	232	254	0	-2.27E-05	5.90E-06	8.19E-06	1.47E-05
317	0	0	0	0	0	0	0	232	254	0	-2.27E-05	5.90E-06	8.19E-06	1.47E-05
317	1	0	0	0	0	0	0	232	254	0	-2.26E-05	8.77E-06	3.02E-06	0.000100403
317	2	0	0	0	0	0	0	232	254	0	-2.26E-05	8.77E-06	3.02E-06	0.000100403
317	3	0	0	0	0	0	0	232	254	0	-2.20E-05	1.03E-05	-2.67E-06	0.000212312
317	4	0	0	0	0	0	0	232	254	0	-2.30E-05	1.03E-05	-8.56E-06	0.000385791
317	5	0	0	0	0	0	0	232	254	0	-2.30E-05	1.03E-05	-8.56E-06	0.000385791
317	6	0	0	0	0	0	0	232	254	0	-2.34E-05	1.07E-05	-1.36E-05	0.000627211
317	7	0	0	0	0	0	0	232	254	0	-2.34E-05	1.07E-05	-1.36E-05	0.000627211
317	8	0	0	0	0	0	0	232	254	0	-2.29E-05	1.23E-05	-1.52E-05	0.000892628
317	9	0	0	0	0	0	0	232	254	0	-2.29E-05	1.23E-05	-1.52E-05	0.000892628
317	10	0	0	0	0	0	0	232	254	0	-2.35E-05	1.29E-05	-1.42E-05	0.00114144
317	11	0	0	0	0	0	0	232	254	0	-2.35E-05	1.29E-05	-1.42E-05	0.00114144
317	12	0	0	0	0	0	0	232	254	0	-2.37E-05	1.16E-05	-1.22E-05	0.00136861
317	13	0	0	0	0	0	0	232	254	0	-2.41E-05	1.26E-05	-3.43E-06	0.00153625
317	14	0	0	0	0	0	0	232	254	0	-2.41E-05	1.26E-05	-3.43E-06	0.00153625
317	15	0	0	0	0	0	0	232	254	0	-2.48E-05	1.35E-05	7.39E-06	0.00168143
317	16	0	0	0	0	0	0	232	254	0	-2.48E-05	1.35E-05	7.39E-06	0.00168143
317	17	0	0	0	0	0	0	232	254	0	-2.27E-05	1.30E-05	5.10E-06	0.001863
317	18	0	0	0	0	0	0	232	254	0	-2.27E-05	1.30E-05	5.10E-06	0.001863
317	19	0	0	0	0	0	0	232	254	0	-2.10E-05	1.24E-05	-2.27E-07	0.00203942
318	0	0	0	0	0	0	0	232	254	0	-2.10E-05	1.24E-05	-2.27E-07	0.00203942
318	1	0	0	0	0	0	0	232	254	0	-2.13E-05	1.20E-05	-4.66E-06	0.0021819
318	2	0	0	0	0	0	0	232	254	0	-2.19E-05	1.24E-05	-6.39E-06	0.00226759
318	3	0	0	0	0	0	0	232	254	0	-2.19E-05	1.24E-05	-6.39E-06	0.00226759
318	4	0	0	0	0	0	0	232	254	0	-2.11E-05	1.19E-05	-4.80E-06	0.00234237
318	5	0	0	0	0	0	0	232	254	0	-2.11E-05	1.19E-05	-4.80E-06	0.00234237
318	6	0	0	0	0	0	0	232	254	0	-2.16E-05	1.30E-05	-5.31E-06	0.00236849
318	7	0	0	0	0	0	0	232	254	0	-2.16E-05	1.30E-05	-5.31E-06	0.00236849
318	8	0	0	0	0	0	0	232	254	0	-2.26E-05	1.24E-05	-8.44E-06	0.00230354
318	9	0	0	0	0	0	0	232	254	0	-2.26E-05	1.24E-05	-8.44E-06	0.00230354
318	10	0	0	0	0	0	0	232	254	0	-2.32E-05	9.94E-06	-4.44E-06	0.00223514
318	11	0	0	0	0	0	0	232	254	0	-2.41E-05	8.25E-06	3.64E-06	0.00222735
318	12	0	0	0	0	0	0	232	254	0	-2.41E-05	8.25E-06	3.64E-06	0.00222735
318	13	0	0	0	0	0	0	232	254	0	-2.40E-05	6.02E-06	3.18E-06	0.00217831
318	14	0	0	0	0	0	0	232	254	0	-2.40E-05	6.02E-06	3.18E-06	0.00217831
318	15	0	0	0	0	0	0	232	254	0	-2.47E-05	4.85E-06	-5.61E-06	0.00209298
318	16	0	0	0	0	0	0	232	254	0	-2.47E-05	4.85E-06	-5.61E-06	0.00209298
318	17	0	0	0	0	0	0	232	254	0	-2.41E-05	5.52E-06	-1.45E-05	0.00181161
318	18	0	0	0	0	0	0	232	254	0	-2.41E-05	5.52E-06	-1.45E-05	0.00181161
318	19	0	0	0	0	0	0	232	254	0	-2.32E-05	4.01E-06	-1.46E-05	0.00143167
319	0	0	0	0	0	0	0	232	254	0	-2.42E-05	1.32E-06	-1.22E-05	0.00113242
319	1	0	0	0	0	0	0	232	254	0	-2.42E-05	1.32E-06	-1.22E-05	0.00113242
319	2	0	0	0	0	0	0	232	254	0	-2.44E-05	1.20E-06	-1.36E-05	0.000906247
319	3	0	0	0	0	0	0	232	254	0	-2.44E-05	1.20E-06	-1.36E-05	0.000906247
319	4	0	0	0	0	0	0	232	254	0	-2.35E-05	3.46E-07	-1.71E-05	0.000713955
319	5	0	0	0	0	0	0	232	254	0	-2.35E-05	3.46E-07	-1.71E-05	0.000713955
319	6	0	0	0	0	0	0	232	254	0	-2.40E-05	-1.92E-06	-1.65E-05	0.000411454
319	7	0	0	0	0	0	0	232	254	0	-2.40E-05	-1.92E-06	-1.65E-05	0.000411454
319	8	0	0	0	0	0	0	232	254	0	-2.43E-05	-1.17E-06	-1.31E-05	-6.59E-05
319	9	0	0	0	0	0	0	232	254	0	-2.40E-05	-3.75E-08	-6.33E-06	-0.000470308
319	10	0	0	0	0	0	0	232	254	0	-2.40E-05	-3.75E-08	-6.33E-06	-0.000470308
319	11	0	0	0	0	0	0	232	254	0	-2.26E-05	-6.48E-07	-2.23E-06	-0.000718684
319	12	0	0	0	0	0	0	232	254	0	-2.26E-05	-6.48E-07	-2.23E-06	-0.000718684
319	13	0	0	0	0	0	0	232	254	0	-2.14E-05	-1.12E-06	-3.61E-06	-0.000921791
319	14	0	0	0	0	0	0	232	254	0	-2.14E-05	-1.12E-06	-3.61E-06	-0.000921791
319	15	0	0	0	0	0	0	232	254	0	-2.10E-05	-1.99E-06	-3.13E-06	-0.00106462
319	16	0	0	0	0	0	0	232	254	0	-2.10E-05	-1.99E-06	-3.13E-06	-0.00106462
319	17	0	0	0	0	0	0	232	254	0	-2.17E-05	-4.21E-06	-3.92E-06	-0.00109326
319	18	0	0	0	0	0	0	232	254	0	-2.29E-05	-3.52E-06	-6.16E-06	-0.00101887
319	19	0	0	0	0	0	0	232	254	0	-2.29E-05	-3.52E-06	-6.16E-06	-0.00101887
320	0	0	0	0	0	0	0	232	254	0	-2.22E-05	-9.89E-07	-6.42E-06	-0.000866278
320	1	0	0	0	0	0	0	232	254	0	-2.22E-05	-9.89E-07	-6.42E-06	-0.000866278
320	2	0	0	0	0	0	0	232	254	0	-2.12E-05	-2.50E-06	-5.05E-06	-0.000707679
320	3	0	0	0	0	0	0	232	254	0	-2.12E-05	-2.50E-06	-5.05E-06	-0.000707679
320	4	0	0	0	0	0	0	232	254	0	-2.03E-05	-6.55E-06	-1.62E-06	-0.000594446
320	5	0	0	0	0	0	0	232	254	0	-2.03E-05	-6.55E-06	-1.62E-06	-0.000594446
320	6	0	0	0	0	0	0	232	254	0	-2.02E-05	-6.96E-06	1.30E-07	-0.000530492
320	7	0	0	0	0	0	0	232	254	0	-2.09E-05	-4.91E-06	-9.46E-07	-0.000503296
320	8	0	0	0	0	0	0	232	254	0	-2.09E-05	-4.91E-06	-9.46E-07	-0.000503296
320	9	0	0	0	0	0	0	232	254	0	-2.13E-05	-2.33E-06	-2.68E-06	-0.000491717
320	10	0	0	0	0	0	0	232	254	0	-2.13E-05	-2.33E-06	-2.68E-06	-0.000491717
320	11	0	0	0	0	0	0	232	254	0	-2.25E-05	-5.79E-07	-5.29E-06	-0.000496984
320	12	0	0	0	0	0	0	232	254	0	-2.25E-05	-5.79E-07	-5.29E-06	-0.000496984
320	13	0	0	0	0	0	0	232	254	0	-2.24E-05	5.31E-07	-1.01E-05	-0.000524411
320	14	0	0	0	0	0	0	232	254	0	-2.24E-05	5.31E-07	-1.01E-05	-0.000524411
320	15	0	0	0	0	0	0	232	254	0	-2.12E-05	-9.28E-08	-1.51E-05	-0.000566743
320	16	0	0	0	0	0	0	232	254	0	-2.01E-05	1.13E-06	-1.79E-05	-0.000616527
320	17	0	0	0	0	0	0	232	254	0	-2.01E-05	1.13E-06	-1.79E-05	-0.000616527
320	18	0	0	0	0	0	0	232	254	0	-2.09E-05	2.08E-06	-2.13E-05	-0.000654891
320	19	0	0	0	0	0	0	232	254	0	-2.09E-05	2.08E-06	-2.13E-05	-0.000654891
321	0	0	0	0	0	0	0	232	254	0	-2.09E-05	1.13E-06	-3.12E-05	-0.000690017
321	1	0	0	0	0	0	0	232	254	0	-2.09E-05	1.13E-06	-3.12E-05	-0.000690017
321	2	0	0	0	0	0	0	232	254	0	-2.04E-05	1.95E-06	-4.02E-05	-0.000747593
321	3	0	0	0	0	0	0	232	254	0	-2.04E-05	1.95E-06	-4.02E-05	-0.000747593
321	4	0	0	0	0	0	0	232	254	0	-2.07E-05	2.75E-06	-3.85E-05	-0.000819002
321	5	0	0	0	0	0	0	232	254	0	-2.21E-05	4.49E-06	-3.69E-05	-0.000877323
321	6	0	0	0	0	0	0	232	254	0	-2.21E-05	4.49E-06	-3.69E-05	-0.000877323
321	7	0	0	0	0	0	0	232	254	0	-2.10E-05	5.79E-06	-3.52E-05	-0.000922727
321	8	0	0	0	0	0	0	232	254	0	-2.10E-05	5.79E-06	-3.52E-05	-0.000922727
321	9	0	0	0	0	0	0	232	254	0	-1.94E-05	6.86E-06	-2.99E-05	-0.000963612
321	10	0	0	0	0	0	0	232	254	0	-1.94E-05	6.86E-06	-2.99E-05	-0.000963612
321	11	0	0	0	0	0	0	232	254	0	-1.97E-05	8.15E-06	-1.61E-05	-0.000995337
321	12	0	0	0	0	0	0	232	254	0	-1.97E-05	8.15E-06	-1.61E-05	-0.000995337
321	13	0	0	0	0	0	0	232	254	0	-1.97E-05	7.86E-06	4.47E-06	-0.00100577
321	14	0	0	0	0	0	0	232	254	0	-2.00E-05	8.25E-06	2.73E-05	-0.000986314
321	15	0	0	0	0	0	0	232	254	0	-2.00E-05	8.25E-06	2.73E-05	-0.000986314
321	16	0	0	0	0	0	0	232	254	0	-1.99E-05	8.56E-06	4.44E-05	-0.000951049
321	17	0	0	0	0	0	0	232	254	0	-1.99E-05	8.56E-06	4.44E-05	-0.000951049
321	18	0	0	0	0	0	0	232	254	0	-2.06E-05	8.79E-06	4.03E-05	-0.000908104
321	19	0	0	0	0	0	0	232	254	0	-2.06E-05	8.79E-06	4.03E-05	-0.000908104
322	0	0	0	0	0	0	0	232	254	0	-2.19E-05	8.20E-06	2.58E-05	-0.000862254
322	1	0	0	0	0	0	0	232	254	0	-2.19E-05	8.20E-06	2.58E-05	-0.000862254
322	2	0	0	0	0	0	0	232	254	0	-2.28E-05	6.26E-06	1.33E-05	-0.000815163
322	3	0	0	0	0	0	0	232	254	0	-2.22E-05	4.84E-06	-2.18E-09	-0.000764749
322	4	0	0	0	0	0	0	232	254	0	-2.22E-05	4.84E-06	-2.18E-09	-0.000764749
322	5	0	0	0	0	0	0	232	254	0	-2.22E-05	6.16E-06	-1.05E-05	-0.000712236
322	6	0	0	0	0	0	0	232	254	0	-2.22E-05	6.16E-06	-1.05E-05	-0.000712236
322	7	0	0	0	0	0	0	232	254	0	-2.19E-05	7.58E-06	-1.61E-05	-0.000647361
322	8	0	0	0	0	0	0	232	254	0	-2.19E-05	7.58E-06	-1.61E-05	-0.000647361
322	9	0	0	0	0	0	0	232	254	0	-2.10E-05	6.14E-06	-2.10E-05	-0.000576035
322	10	0	0	0	0	0	0	232	254	0	-2.10E-05	6.14E-06	-2.10E-05	-0.000576035
322	11	0	0	0	0	0	0	232	254	0	-2.04E-05	5.72E-06	-2.24E-05	-0.000504657
322	12	0	0	0	0	0	0	232	254	0	-2.08E-05	6.81E-06	-1.56E-05	-0.000416238
322	13	0	0	0	0	0	0	232	254	0	-2.08E-05	6.81E-06	-1.56E-05	-0.000416238
322	14	0	0	0	0	0	0	232	254	0	-2.11E-05	6.75E-06	5.01E-06	-0.000324075
322	15	0	0	0	0	0	0	232	254	0	-2.11E-05	6.75E-06	5.01E-06	-0.000324075
322	16	0	0	0	0	0	0	232	254	0	-2.03E-05	7.25E-06	2.50E-05	-0.000233838
322	17	0	0	0	0	0	0	232	254	0	-2.03E-05	7.25E-06	2.50E-05	-0.000233838
322	18	0	0	0	0	0	0	232	254	0	-2.02E-05	8.02E-06	2.62E-05	-0.000146151
322	19	0	0	0	0	0	0	232	254	0	-2.02E-05	8.02E-06	2.62E-05	-0.000146151
323	0	0	0	0	0	0	0	232	254	0	-2.19E-05	8.11E-06	5.34E-06	-6.54E-05
323	1	0	0	0	0	0	0	232	254	0	-2.24E-05	6.08E-06	-5.35E-06	3.06E-05
323	2	0	0	0	0	0	0	232	254	0	-2.24E-05	6.08E-06	-5.35E-06	3.06E-05
323	3	0	0	0	0	0	0	232	254	0	-2.27E-05	5.55E-06	-4.40E-06	0.000157253
323	4	0	0	0	0	0	0	232	254	0	-2.27E-05	5.55E-06	-4.40E-06	0.000157253
323	5	0	0	0	0	0	0	232	254	0	-2.21E-05	6.29E-06	-1.12E-05	0.000315492
323	6	0	0	0	0	0	0	232	254	0	-2.21E-05	6.29E-06	-1.12E-05	0.000315492
323	7	0	0	0	0	0	0	232	254	0	-2.03E-05	6.90E-06	-2.36E-05	0.000512424
323	8	0	0	0	0	0	0	232	254	0	-2.03E-05	6.90E-06	-2.36E-05	0.000512424
323	9	0	0	0	0	0	0	232	254	0	-1.91E-05	7.63E-06	-2.34E-05	0.000688672
323	10	0	0	0	0	0	0	232	254	0	-1.82E-05	6.14E-06	-1.79E-05	0.000813782
323	11	0	0	0	0	0	0	232	254	0	-1.82E-05	6.14E-06	-1.79E-05	0.000813782
323	12	0	0	0	0	0	0	232	254	0	-1.77E-05	5.02E-06	-1.93E-05	0.000904937
323	13	0	0	0	0	0	0	232	254	0	-1.77E-05	5.02E-06	-1.93E-05	0.000904937
323	14	0	0	0	0	0	0	232	254	0	-1.86E-05	5.80E-06	-2.27E-05	0.000966281
323	15	0	0	0	0	0	0	232	254	0	-1.86E-05	5.80E-06	-2.27E-05	0.000966281
323	16	0	0	0	0	0	0	232	254	0	-1.90E-05	6.21E-06	-2.63E-05	0.00100726
323	17	0	0	0	0	0	0	232	254	0	-1.90E-05	6.21E-06	-2.63E-05	0.00100726
323	18	0	0	0	0	0	0	232	254	0	-1.85E-05	5.86E-06	-2.37E-05	0.00104666
323	19	0	0	0	0	0	0	232	254	0	-1.84E-05	3.49E-06	-2.20E-05	0.0010392
324	0	0	0	0	0	0	0	232	254	0	-1.84E-05	3.49E-06	-2.20E-05	0.0010392
324	1	0	0	0	0	0	0	232	254	0	-1.83E-05	3.33E-06	-2.73E-05	0.000971219
324	2	0	0	0	0	0	0	232	254	0	-1.83E-05	3.33E-06	-2.73E-05	0.000971219
324	3	0	0	0	0	0	0	232	254	0	-2.04E-05	3.34E-06	-3.39E-05	0.000881291
324	4	0	0	0	0	0	0	232	254	0	-2.04E-05	3.34E-06	-3.39E-05	0.000881291
324	5	0	0	0	0	0	0	232	254	0	-2.02E-05	2.72E-06	-3.34E-05	0.000779286
324	6	0	0	0	0	0	0	232	254	0	-2.02E-05	2.72E-06	-3.34E-05	0.000779286
324	7	0	0	0	0	0	0	232	254	0	-1.96E-05	4.15E-06	-1.85E-05	0.000676367
324	8	0	0	0	0	0	0	232	254	0	-2.06E-05	5.57E-06	4.59E-06	0.00057149
324	9	0	0	0	0	0	0	232	254	0	-2.06E-05	5.57E-06	4.59E-06	0.00057149
324	10	0	0	0	0	0	0	232	254	0	-2.07E-05	3.54E-06	1.52E-05	0.00045645
324	11	0	0	0	0	0	0	232	254	0	-2.07E-05	3.54E-06	1.52E-05	0.00045645
324	12	0	0	0	0	0	0	232	254	0	-2.10E-05	4.73E-06	7.67E-07	0.000340644
324	13	0	0	0	0	0	0	232	254	0	-2.10E-05	4.73E-06	7.67E-07	0.000340644
324	14	0	0	0	0	0	0	232	254	0	-2.18E-05	6.17E-06	-1.24E-05	0.000215915
324	15	0	0	0	0	0	0	232	254	0	-2.18E-05	6.17E-06	-1.24E-05	0.000215915
324	16	0	0	0	0	0	0	232	254	0	-2.22E-05	5.56E-06	-1.48E-05	8.74E-05
324	17	0	0	0	0	0	0	232	254	0	-2.15E-05	4.39E-06	-1.72E-05	-2.41E-05
324	18	0	0	0	0	0	0	232	254	0	-2.15E-05	4.39E-06	-1.72E-05	-2.41E-05
324	19	0	0	0	0	0	0	232	254	0	-2.08E-05	4.61E-06	-2.03E-05	-0.000134209
325	0	0	0	0	0	0	0	232	254	0	-2.08E-05	4.61E-06	-2.03E-05	-0.000134209
325	1	0	0	0	0	0	0	232	254	0	-2.11E-05	5.33E-06	-1.50E-05	-0.000235932
325	2	0	0	0	0	0	0	232	254	0	-2.11E-05	5.33E-06	-1.50E-05	-0.000235932
325	3	0	0	0	0	0	0	232	254	0	-2.09E-05	5.77E-06	-1.30E-06	-0.000318097
325	4	0	0	0	0	0	0	232	254	0	-2.09E-05	5.77E-06	-1.30E-06	-0.000318097
325	5	0	0	0	0	0	0	232	254	0	-2.06E-05	5.87E-06	4.69E-06	-0.000384832
325	6	0	0	0	0	0	0	232	254	0	-2.06E-05	4.48E-06	-7.15E-06	-0.000445513
325	7	0	0	0	0	0	0	232	254	0	-2.06E-05	4.48E-06	-7.15E-06	-0.000445513
325	8	0	0	0	0	0	0	232	254	0	-1.99E-05	3.16E-06	-1.93E-05	-0.000499671
325	9	0	0	0	0	0	0	232	254	0	-1.99E-05	3.16E-06	-1.93E-05	-0.000499671
325	10	0	0	0	0	0	0	232	254	0	-2.01E-05	3.79E-06	-2.23E-05	-0.000544841
325	11	0	0	0	0	0	0	232	254	0	-2.01E-05	3.79E-06	-2.23E-05	-0.000544841
325	12	0	0	0	0	0	0	232	254	0	-2.10E-05	4.20E-06	-2.12E-05	-0.000576997
325	13	0	0	0	0	0	0	232	254	0	-2.10E-05	4.20E-06	-2.12E-05	-0.000576997
325	14	0	0	0	0	0	0	232	254	0	-2.03E-05	4.31E-06	-1.92E-05	-0.0005956
325	15	0	0	0	0	0	0	232	254	0	-2.00E-05	4.25E-06	-2.56E-05	-0.000599828
325	16	0	0	0	0	0	0	232	254	0	-2.00E-05	4.25E-06	-2.56E-05	-0.000599828
325	17	0	0	0	0	0	0	232	254	0	-2.03E-05	3.50E-06	-3.17E-05	-0.00058597
325	18	0	0	0	0	0	0	232	254	0	-2.03E-05	3.50E-06	-3.17E-05	-0.00058597
325	19	0	0	0	0	0	0	232	254	0	-2.08E-05	4.35E-06	-2.42E-05	-0.000554974
326	0	0	0	0	0	0	0	232	254	0	-2.08E-05	4.35E-06	-2.42E-05	-0.000554974
326	1	0	0	0	0	0	0	232	254	0	-2.14E-05	5.10E-06	-1.08E-05	-0.000510428
326	2	0	0	0	0	0	0	232	254	0	-2.14E-05	5.10E-06	-1.08E-05	-0.000510428
326	3	0	0	0	0	0	0	232	254	0	-2.17E-05	5.67E-06	-1.65E-06	-0.000455677
326	4	0	0	0	0	0	0	232	254	0	-2.13E-05	4.24E-06	5.04E-07	-0.000391578
326	5	0	0	0	0	0	0	232	254	0	-2.13E-05	4.24E-06	5.04E-07	-0.000391578
326	6	0	0	0	0	0	0	232	254	0	-2.11E-05	3.29E-06	-2.99E-06	-0.000324956
326	7	0	0	0	0	0	0	232	254	0	-2.11E-05	3.29E-06	-2.99E-06	-0.000324956
326	8	0	0	0	0	0	0	232	254	0	-2.29E-05	2.26E-06	-9.43E-06	-0.000260819
326	9	0	0	0	0	0	0	232	254	0	-2.29E-05	2.26E-06	-9.43E-06	-0.000260819
326	10	0	0	0	0	0	0	232	254	0	-2.37E-05	3.71E-06	-1.34E-05	-0.000197009
326	11	0	0	0	0	0	0	232	254	0	-2.37E-05	3.71E-06	-1.34E-05	-0.000197009
326	12	0	0	0	0	0	0	232	254	0	-2.19E-05	5.46E-06	-1.99E-05	-0.000134285
326	13	0	0	0	0	0	0	232	254	0	-2.01E-05	4.48E-06	-2.54E-05	-7.59E-05
326	14	0	0	0	0	0	0	232	254	0	-2.01E-05	4.48E-06	-2.54E-05	-7.59E-05
326	15	0	0	0	0	0	0	232	254	0	-2.03E-05	2.81E-06	-2.45E-05	-2.03E-05
326	16	0	0	0	0	0	0	232	254	0	-2.03E-05	2.81E-06	-2.45E-05	-2.03E-05
326	17	0	0	0	0	0	0	232	254	0	-2.15E-05	2.82E-06	-2.20E-05	2.96E-05
326	18	0	0	0	0	0	0	232	254	0	-2.15E-05	2.82E-06	-2.20E-05	2.96E-05
326	19	0	0	0	0	0	0	232	254	0	-2.10E-05	3.25E-06	-1.89E-05	7.56E-05
327	0	0	0	0	0	0	0	232	254	0	-2.10E-05	3.25E-06	-1.89E-05	7.56E-05
327	1	0	0	0	0	0	0	232	254	0	-1.91E-05	4.17E-06	-1.22E-05	0.00011441
327	2	0	0	0	0	0	0	232	254	0	-1.97E-05	4.65E-06	-1.92E-06	0.000143569
327	3	0	0	0	0	0	0	232	254	0	-1.97E-05	4.65E-06	-1.92E-06	0.000143569
327	4	0	0	0	0	0	0	232	254	0	-2.03E-05	3.88E-06	1.28E-06	0.000168121
327	5	0	0	0	0	0	0	232	254	0	-2.03E-05	3.88E-06	1.28E-06	0.000168121
327	6	0	0	0	0	0	0	232	254	0	-1.96E-05	2.59E-06	-3.49E-06	0.000185544
327	7	0	0	0	0	0	0	232	254	0	-1.96E-05	2.59E-06	-3.49E-06	0.000185544
327	8	0	0	0	0	0	0	232	254	0	-2.01E-05	2.18E-06	-6.59E-06	0.000192453
327	9	0	0	0	0	0	0	232	254	0	-2.01E-05	2.18E-06	-6.59E-06	0.000192453
327	10	0	0	0	0	0	0	232	254	0	-2.13E-05	2.88E-06	-5.53E-06	0.000196328
327	11	0	0	0	0	0	0	232	254	0	-2.18E-05	2.14E-06	-6.97E-06	0.000200123
327	12	0	0	0	0	0	0	232	254	0	-2.18E-05	2.14E-06	-6.97E-06	0.000200123
327	13	0	0	0	0	0	0	232	254	0	-2.14E-05	2.14E-06	-1.31E-05	0.000197055
327	14	0	0	0	0	0	0	232	254	0	-2.14E-05	2.14E-06	-1.31E-05	0.000197055
327	15	0	0	0	0	0	0	232	254	0	-2.13E-05	4.10E-06	-1.78E-05	0.000187166
327	16	0	0	0	0	0	0	232	254	0	-2.13E-05	4.10E-06	-1.78E-05	0.000187166
327	17	0	0	0	0	0	0	232	254	0	-2.13E-05	5.10E-06	-9.94E-06	0.000178615
327	18	0	0	0	0	0	0	232	254	0	-2.13E-05	5.10E-06	-9.94E-06	0.000178615
327	19	0	0	0	0	0	0	232	254	0	-2.06E-05	5.67E-06	6.20E-06	0.000172679
328	0	0	0	0	0	0	0	232	254	0	-1.98E-05	5.29E-06	2.14E-05	0.000163577
328	1	0	0	0	0	0	0	232	254	0	-1.98E-05	5.29E-06	2.14E-05	0.000163577
328	2	0	0	0	0	0	0	232	254	0	-1.87E-05	3.17E-06	2.54E-05	0.000154933
328	3	0	0	0	0	0	0	232	254	0	-1.87E-05	3.17E-06	2.54E-05	0.000154933
328	4	0	0	0	0	0	0	232	254	0	-1.79E-05	2.93E-06	2.14E-05	0.000149311
328	5	0	0	0	0	0	0	232	254	0	-1.79E-05	2.93E-06	2.14E-05	0.000149311
328	6	0	0	0	0	0	0	232	254	0	-1.93E-05	3.66E-06	1.66E-05	0.000137383
328	7	0	0	0	0	0	0	232	254	0	-1.93E-05	3.66E-06	1.66E-05	0.000137383
328	8	0	0	0	0	0	0	232	254	0	-2.07E-05	3.28E-06	1.00E-05	0.000122277
328	9	0	0	0	0	0	0	232	254	0	-2.13E-05	2.67E-06	-1.02E-06	0.000113582
328	10	0	0	0	0	0	0	232	254	0	-2.13E-05	2.67E-06	-1.02E-06	0.000113582
328	11	0	0	0	0	0	0	232	254	0	-2.09E-05	4.27E-06	-5.33E-06	0.000114935
328	12	0	0	0	0	0	0	232	254	0	-2.09E-05	4.27E-06	-5.33E-06	0.000114935
328	13	0	0	0	0	0	0	232	254	0	-2.11E-05	3.40E-06	1.46E-06	0.00013672
328	14	0	0	0	0	0	0	232	254	0	-2.11E-05	3.40E-06	1.46E-06	0.00013672
328	15	0	0	0	0	0	0	232	254	0	-2.25E-05	1.64E-06	-2.00E-06	0.000154903
328	16	0	0	0	0	0	0	232	254	0	-2.25E-05	1.64E-06	-2.00E-06	0.000154903
328	17	0	0	0	0	0	0	232	254	0	-2.24E-05	2.57E-06	-7.67E-06	0.000163966
328	18	0	0	0	0	0	0	232	254	0	-2.11E-05	1.56E-06	-6.10E-06	0.000177711
328	19	0	0	0	0	0	0	232	254	0	-2.11E-05	1.56E-06	-6.10E-06	0.000177711
329	0	0	0	0	0	0	0	232	254	0	-2.17E-05	1.54E-06	2.01E-06	0.000190948
329	1	0	0	0	0	0	0	232	254	0	-2.17E-05	1.54E-06	2.01E-06	0.000190948
329	2	0	0	0	0	0	0	232	254	0	-2.30E-05	4.18E-06	1.19E-06	0.000212256
329	3	0	0	0	0	0	0	232	254	0	-2.30E-05	4.18E-06	1.19E-06	0.000212256
329	4	0	0	0	0	0	0	232	254	0	-2.31E-05	4.27E-06	-9.95E-06	0.000266679
329	5	0	0	0	0	0	0	232	254	0	-2.31E-05	4.27E-06	-9.95E-06	0.000266679
329	6	0	0	0	0	0	0	232	254	0	-2.35E-05	3.28E-06	-1.43E-05	0.000322051
329	7	0	0	0	0	0	0	232	254	0	-2.32E-05	3.02E-06	-1.85E-05	0.000348104
329	8	0	0	0	0	0	0	232	254	0	-2.32E-05	3.02E-06	-1.85E-05	0.000348104
329	9	0	0	0	0	0	0	232	254	0	-2.30E-05	4.30E-06	-2.66E-05	0.000352703
329	10	0	0	0	0	0	0	232	254	0	-2.30E-05	4.30E-06	-2.66E-05	0.000352703
329	11	0	0	0	0	0	0	232	254	0	-2.17E-05	6.85E-06	-2.95E-05	0.000336677
329	12	0	0	0	0	0	0	232	254	0	-2.17E-05	6.85E-06	-2.95E-05	0.000336677
329	13	0	0	0	0	0	0	232	254	0	-2.13E-05	7.72E-06	-2.48E-05	0.000318929
329	14	0	0	0	0	0	0	232	254	0	-2.13E-05	7.72E-06	-2.48E-05	0.000318929
329	15	0	0	0	0	0	0	232	254	0	-2.09E-05	7.14E-06	-1.54E-05	0.00029684
329	16	0	0	0	0	0	0	232	254	0	-2.09E-05	8.75E-06	-2.11E-06	0.000263902
329	17	0	0	0	0	0	0	232	254	0	-2.09E-05	8.75E-06	-2.11E-06	0.000263902
329	18	0	0	0	0	0	0	232	254	0	-2.13E-05	7.47E-06	6.20E-06	0.000229345
329	19	0	0	0	0	0	0	232	254	0	-2.13E-05	7.47E-06	6.20E-06	0.000229345
330	0	0	0	0	0	0	0	232	254	0	-2.16E-05	5.15E-06	2.06E-06	0.000206684
330	1	0	0	0	0	0	0	232	254	0	-2.16E-05	5.15E-06	2.06E-06	0.000206684
330	2	0	0	0	0	0	0	232	254	0	-2.24E-05	4.77E-06	-4.93E-06	0.000187027
330	3	0	0	0	0	0	0	232	254	0	-2.24E-05	4.77E-06	-4.93E-06	0.000187027
330	4	0	0	0	0	0	0	232	254	0	-2.30E-05	5.57E-06	-1.06E-05	0.000155589
330	5	0	0	0	0	0	0	232	254	0	-2.33E-05	4.24E-06	-1.46E-05	0.0001205
330	6	0	0	0	0	0	0	232	254	0	-2.33E-05	4.24E-06	-1.46E-05	0.0001205
330	7	0	0	0	0	0	0	232	254	0	-2.22E-05	3.52E-06	-1.56E-05	8.92E-05
330	8	0	0	0	0	0	0	232	254	0	-2.22E-05	3.52E-06	-1.56E-05	8.92E-05
330	9	0	0	0	0	0	0	232	254	0	-2.19E-05	5.16E-06	-1.25E-05	5.87E-05
330	10	0	0	0	0	0	0	232	254	0	-2.19E-05	5.16E-06	-1.25E-05	5.87E-05
330	11	0	0	0	0	0	0	232	254	0	-2.22E-05	6.57E-06	-1.05E-05	2.66E-05
330	12	0	0	0	0	0	0	232	254	0	-2.22E-05	6.57E-06	-1.05E-05	2.66E-05
330	13	0	0	0	0	0	0	232	254	0	-2.28E-05	6.65E-06	-1.18E-05	-1.34E-06
330	14	0	0	0	0	0	0	232	254	0	-2.31E-05	7.01E-06	-1.46E-05	-2.21E-05
330	15	0	0	0	0	0	0	232	254	0	-2.31E-05	7.01E-06	-1.46E-05	-2.21E-05
330	16	0	0	0	0	0	0	232	254	0	-2.23E-05	6.28E-06	-1.86E-05	-3.63E-05
330	17	0	0	0	0	0	0	232	254	0	-2.23E-05	6.28E-06	-1.86E-05	-3.63E-05
330	18	0	0	0	0	0	0	232	254	0	-1.97E-05	5.87E-06	-2.07E-05	-4.59E-05
330	19	0	0	0	0	0	0	232	254	0	-1.97E-05	5.87E-06	-2.07E-05	-4.59E-05
331	0	0	0	0	0	0	0	232	254	0	-1.89E-05	6.34E-06	-1.86E-05	-5.18E-05
331	1	0	0	0	0	0	0	232	254	0	-1.89E-05	6.34E-06	-1.86E-05	-5.18E-05
331	2	0	0	0	0	0	0	232	254	0	-1.91E-05	6.31E-06	-1.39E-05	-5.58E-05
331	3	0	0	0	0	0	0	232	254	0	-1.86E-05	5.74E-06	-7.36E-06	-5.95E-05
331	4	0	0	0	0	0	0	232	254	0	-1.86E-05	5.74E-06	-7.36E-06	-5.95E-05
331	5	0	0	0	0	0	0	232	254	0	-2.02E-05	5.77E-06	-2.17E-06	-5.70E-05
331	6	0	0	0	0	0	0	232	254	0	-2.02E-05	5.77E-06	-2.17E-06	-5.70E-05
331	7	0	0	0	0	0	0	232	254	0	-2.06E-05	5.18E-06	-2.30E-08	-6.19E-05
331	8	0	0	0	0	0	0	232	254	0	-2.06E-05	5.18E-06	-2.30E-08	-6.19E-05
331	9	0	0	0	0	0	0	232	254	0	-2.08E-05	3.93E-06	2.67E-06	-7.28E-05
331	10	0	0	0	0	0	0	232	254	0	-2.08E-05	3.93E-06	2.67E-06	-7.28E-05
331	11	0	0	0	0	0	0	232	254	0	-2.10E-05	2.71E-06	4.28E-07	-7.99E-05
331	12	0	0	0	0	0	0	232	254	0	-2.10E-05	2.12E-06	-4.51E-06	-8.09E-05
331	13	0	0	0	0	0	0	232	254	0	-2.10E-05	2.12E-06	-4.51E-06	-8.09E-05
331	14	0	0	0	0	0	0	232	254	0	-2.17E-05	2.83E-06	-1.11E-05	-7.57E-05
331	15	0	0	0	0	0	0	232	254	0	-2.17E-05	2.83E-06	-1.11E-05	-7.57E-05
331	16	0	0	0	0	0	0	232	254	0	-2.21E-05	4.01E-06	-2.29E-05	-6.85E-05
331	17	0	0	0	0	0	0	232	254	0	-2.21E-05	4.01E-06	-2.29E-05	-6.85E-05
331	18	0	0	0	0	0	0	232	254	0	-2.23E-05	4.01E-06	-3.54E-05	-5.95E-05
331	19	0	0	0	0	0	0	232	254	0	-2.23E-05	4.01E-06	-3.54E-05	-5.95E-05
332	0	0	0	0	0	0	0	232	254	0	-2.24E-05	2.69E-06	-3.79E-05	-4.65E-05
332	1	0	0	0	0	0	0	232	254	0	-2.28E-05	8.99E-07	-3.21E-05	-3.30E-05
332	2	0	0	0	0	0	0	232	254	0	-2.28E-05	8.99E-07	-3.21E-05	-3.30E-05
332	3	0	0	0	0	0	0	232	254	0	-2.23E-05	-1.41E-08	-2.22E-05	-2.18E-05
332	4	0	0	0	0	0	0	232	254	0	-2.23E-05	-1.41E-08	-2.22E-05	-2.18E-05
332	5	0	0	0	0	0	0	232	254	0	-2.18E-05	9.98E-07	-6.02E-06	-1.43E-05
332	6	0	0	0	0	0	0	232	254	0	-2.18E-05	9.98E-07	-6.02E-06	-1.43E-05
332	7	0	0	0	0	0	0	232	254	0	-2.07E-05	2.21E-06	1.24E-05	-9.51E-06
332	8	0	0	0	0	0	0	232	254	0	-2.07E-05	2.21E-06	1.24E-05	-9.51E-06
332	9	0	0	0	0	0	0	232	254	0	-1.97E-05	2.52E-06	1.43E-05	-9.27E-06
332	10	0	0	0	0	0	0	232	254	0	-2.04E-05	3.68E-06	4.59E-06	-1.80E-05
332	11	0	0	0	0	0	0	232	254	0	-2.04E-05	3.68E-06	4.59E-06	-1.80E-05
332	12	0	0	0	0	0	0	232	254	0	-1.92E-05	6.06E-06	1.59E-06	-3.03E-05
332	13	0	0	0	0	0	0	232	254	0	-1.92E-05	6.06E-06	1.59E-06	-3.03E-05
332	14	0	0	0	0	0	0	232	254	0	-2.00E-05	6.65E-06	9.54E-06	-4.62E-05
332	15	0	0	0	0	0	0	232	254	0	-2.00E-05	6.65E-06	9.54E-06	-4.62E-05
332	16	0	0	0	0	0	0	232	254	0	-2.09E-05	5.96E-06	1.50E-05	-6.69E-05
332	17	0	0	0	0	0	0	232	254	0	-2.09E-05	5.96E-06	1.50E-05	-6.69E-05
332	18	0	0	0	0	0	0	232	254	0	-2.03E-05	6.99E-06	7.43E-06	-9.37E-05
332	19	0	0	0	0	0	0	232	254	0	-2.04E-05	6.62E-06	-9.02E-06	-0.000120629
333	0	0	0	0	0	0	0	232	254	0	-2.04E-05	6.62E-06	-9.02E-06	-0.000120629
333	1	0	0	0	0	0	0	232	254	0	-2.10E-05	5.51E-06	-2.05E-05	-0.000153875
333	2	0	0	0	0	0	0	232	254	0	-2.10E-05	5.51E-06	-2.05E-05	-0.000153875
333	3	0	0	0	0	0	0	232	254	0	-2.06E-05	5.09E-06	-2.40E-05	-0.000195079
333	4	0	0	0	0	0	0	232	254	0	-2.06E-05	5.09E-06	-2.40E-05	-0.000195079
333	5	0	0	0	0	0	0	232	254	0	-1.90E-05	5.85E-06	-2.60E-05	-0.000239666
333	6	0	0	0	0	0	0	232	254	0	-1.90E-05	5.85E-06	-2.60E-05	-0.000239666
333	7	0	0	0	0	0	0	232	254	0	-1.85E-05	7.03E-06	-2.67E-05	-0.000286692
333	8	0	0	0	0	0	0	232	254	0	-1.75E-05	6.92E-06	-2.30E-05	-0.0003301
333	9	0	0	0	0	0	0	232	254	0	-1.75E-05	6.92E-06	-2.30E-05	-0.0003301
333	10	0	0	0	0	0	0	232	254	0	-1.77E-05	5.66E-06	-1.64E-05	-0.000367359
333	11	0	0	0	0	0	0	232	254	0	-1.77E-05	5.66E-06	-1.64E-05	-0.000367359
333	12	0	0	0	0	0	0	232	254	0	-1.84E-05	5.09E-06	-1.05E-05	-0.000400209
333	13	0	0	0	0	0	0	232	254	0	-1.84E-05	5.09E-06	-1.05E-05	-0.000400209
333	14	0	0	0	0	0	0	232	254	0	-1.86E-05	6.55E-06	-6.56E-06	-0.000424234
333	15	0	0	0	0	0	0	232	254	0	-1.86E-05	6.55E-06	-6.56E-06	-0.000424234
333	16	0	0	0	0	0	0	232	254	0	-1.83E-05	7.22E-06	-5.54E-06	-0.000442897
333	17	0	0	0	0	0	0	232	254	0	-1.82E-05	4.65E-06	-7.17E-06	-0.000454041
333	18	0	0	0	0	0	0	232	254	0	-1.82E-05	4.65E-06	-7.17E-06	-0.000454041
333	19	0	0	0	0	0	0	232	254	0	-1.83E-05	5.16E-06	-6.61E-06	-0.000455617
334	0	0	0	0	0	0	0	232	254	0	-1.83E-05	5.16E-06	-6.61E-06	-0.000455617
334	1	0	0	0	0	0	0	232	254	0	-1.92E-05	5.41E-06	-1.14E-06	-0.000452291
334	2	0	0	0	0	0	0	232	254	0	-1.92E-05	5.41E-06	-1.14E-06	-0.000452291
334	3	0	0	0	0	0	0	232	254	0	-2.01E-05	3.10E-06	2.06E-06	-0.000445179
334	4	0	0	0	0	0	0	232	254	0	-2.01E-05	3.10E-06	2.06E-06	-0.000445179
334	5	0	0	0	0	0	0	232	254	0	-2.12E-05	3.12E-06	-4.95E-06	-0.000431422
334	6	0	0	0	0	0	0	232	254	0	-2.21E-05	5.16E-06	-2.43E-05	-0.000407844
334	7	0	0	0	0	0	0	232	254	0	-2.21E-05	5.16E-06	-2.43E-05	-0.000407844
334	8	0	0	0	0	0	0	232	254	0	-2.16E-05	6.57E-06	-4.78E-05	-0.000380988
334	9	0	0	0	0	0	0	232	254	0	-2.16E-05	6.57E-06	-4.78E-05	-0.000380988
334	10	0	0	0	0	0	0	232	254	0	-2.20E-05	6.65E-06	-5.80E-05	-0.000349933
334	11	0	0	0	0	0	0	232	254	0	-2.20E-05	6.65E-06	-5.80E-05	-0.000349933
334	12	0	0	0	0	0	0	232	254	0	-2.28E-05	5.15E-06	-5.04E-05	-0.000317035
334	13	0	0	0	0	0	0	232	254	0	-2.28E-05	5.15E-06	-5.04E-05	-0.000317035
334	14	0	0	0	0	0	0	232	254	0	-2.21E-05	5.47E-06	-2.76E-05	-0.000280635
334	15	0	0	0	0	0	0	232	254	0	-2.11E-05	5.87E-06	7.29E-06	-0.000242
334	16	0	0	0	0	0	0	232	254	0	-2.11E-05	5.87E-06	7.29E-06	-0.000242
334	17	0	0	0	0	0	0	232	254	0	-2.14E-05	3.78E-06	4.01E-05	-0.000203526
334	18	0	0	0	0	0	0	232	254	0	-2.14E-05	3.78E-06	4.01E-05	-0.000203526
334	19	0	0	0	0	0	0	232	254	0	-2.17E-05	1.92E-06	3.86E-05	-0.00016374
335	0	0	0	0	0	0	0	232	254	0	-2.17E-05	1.92E-06	3.86E-05	-0.00016374
335	1	0	0	0	0	0	0	232	254	0	-2.22E-05	3.49E-06	2.10E-05	-0.000120956
335	2	0	0	0	0	0	0	232	254	0	-2.22E-05	3.49E-06	2.10E-05	-0.000120956
335	3	0	0	0	0	0	0	232	254	0	-2.26E-05	4.25E-06	7.34E-06	-8.19E-05
335	4	0	0	0	0	0	0	232	254	0	-2.20E-05	3.26E-06	3.61E-07	-4.57E-05
335	5	0	0	0	0	0	0	232	254	0	-2.20E-05	3.26E-06	3.61E-07	-4.57E-05
335	6	0	0	0	0	0	0	232	254	0	-2.22E-05	4.02E-06	-2.42E-07	-6.98E-06
335	7	0	0	0	0	0	0	232	254	0	-2.22E-05	4.02E-06	-2.42E-07	-6.98E-06
335	8	0	0	0	0	0	0	232	254	0	-2.28E-05	5.93E-06	1.57E-06	3.07E-05
335	9	0	0	0	0	0	0	232	254	0	-2.28E-05	5.93E-06	1.57E-06	3.07E-05
335	10	0	0	0	0	0	0	232	254	0	-2.30E-05	6.90E-06	4.32E-07	6.33E-05
335	11	0	0	0	0	0	0	232	254	0	-2.30E-05	6.90E-06	4.32E-07	6.33E-05
335	12	0	0	0	0	0	0	232	254	0	-2.25E-05	6.70E-06	-3.48E-06	9.59E-05
335	13	0	0	0	0	0	0	232	254	0	-2.19E-05	5.26E-06	-8.37E-06	0.000132557
335	14	0	0	0	0	0	0	232	254	0	-2.19E-05	5.26E-06	-8.37E-06	0.000132557
335	15	0	0	0	0	0	0	232	254	0	-2.17E-05	5.98E-06	-1.35E-05	0.00016611
335	16	0	0	0	0	0	0	232	254	0	-2.17E-05	5.98E-06	-1.35E-05	0.00016611
335	17	0	0	0	0	0	0	232	254	0	-2.19E-05	6.08E-06	-1.58E-05	0.000195333
335	18	0	0	0	0	0	0	232	254	0	-2.19E-05	6.08E-06	-1.58E-05	0.000195333
335	19	0	0	0	0	0	0	232	254	0	-2.22E-05	4.36E-06	-1.54E-05	0.00022843
336	0	0	0	0	0	0	0	232	254	0	-2.22E-05	4.36E-06	-1.54E-05	0.00022843
336	1	0	0	0	0	0	0	232	254	0	-2.19E-05	1.94E-06	-1.50E-05	0.000268697
336	2	0	0	0	0	0	0	232	254	0	-2.21E-05	-8.08E-07	-1.54E-05	0.00031443
336	3	0	0	0	0	0	0	232	254	0	-2.21E-05	-8.08E-07	-1.54E-05	0.00031443
336	4	0	0	0	0	0	0	232	254	0	-2.28E-05	-1.33E-06	-1.65E-05	0.00035063
336	5	0	0	0	0	0	0	232	254	0	-2.28E-05	-1.33E-06	-1.65E-05	0.00035063
336	6	0	0	0	0	0	0	232	254	0	-2.16E-05	-9.42E-07	-1.74E-05	0.000372919
336	7	0	0	0	0	0	0	232	254	0	-2.16E-05	-9.42E-07	-1.74E-05	0.000372919
336	8	0	0	0	0	0	0	232	254	0	-2.02E-05	-8.39E-07	-1.76E-05	0.000389582
336	9	0	0	0	0	0	0	232	254	0	-2.02E-05	-8.39E-07	-1.76E-05	0.000389582
336	10	0	0	0	0	0	0	232	254	0	-2.05E-05	2.19E-06	-1.81E-05	0.000394562
336	11	0	0	0	0	0	0	232	254	0	-2.14E-05	4.22E-06	-1.77E-05	0.00039438
336	12	0	0	0	0	0	0	232	254	0	-2.14E-05	4.22E-06	-1.77E-05	0.00039438
336	13	0	0	0	0	0	0	232	254	0	-2.10E-05	4.77E-06	-1.59E-05	0.00040221
336	14	0	0	0	0	0	0	232	254	0	-2.10E-05	4.77E-06	-1.59E-05	0.00040221
336	15	0	0	0	0	0	0	232	254	0	-1.94E-05	3.70E-06	-1.55E-05	0.000424355
336	16	0	0	0	0	0	0	232	254	0	-1.94E-05	3.70E-06	-1.55E-05	0.000424355
336	17	0	0	0	0	0	0	232	254	0	-1.95E-05	3.19E-06	-1.42E-05	0.000458442
336	18	0	0	0	0	0	0	232	254	0	-1.95E-05	3.19E-06	-1.42E-05	0.000458442
336	19	0	0	0	0	0	0	232	254	0	-1.97E-05	5.76E-06	-1.45E-05	0.000490339
337	0	0	0	0	0	0	0	232	254	0	-1.87E-05	8.05E-06	-2.52E-05	0.000527929
337	1	0	0	0	0	0	0	232	254	0	-1.87E-05	8.05E-06	-2.52E-05	0.000527929
337	2	0	0	0	0	0	0	232	254	0	-1.83E-05	5.76E-06	-3.39E-05	0.000582348
337	3	0	0	0	0	0	0	232	254	0	-1.83E-05	5.76E-06	-3.39E-05	0.000582348
337	4	0	0	0	0	0	0	232	254	0	-1.90E-05	5.00E-06	-3.26E-05	0.00063794
337	5	0	0	0	0	0	0	232	254	0	-1.90E-05	5.00E-06	-3.26E-05	0.00063794
337	6	0	0	0	0	0	0	232	254	0	-2.06E-05	7.07E-06	-2.61E-05	0.000662324
337	7	0	0	0	0	0	0	232	254	0	-2.06E-05	7.07E-06	-2.61E-05	0.000662324
337	8	0	0	0	0	0	0	232	254	0	-2.06E-05	6.02E-06	-1.65E-05	0.000641592
337	9	0	0	0	0	0	0	232	254	0	-1.96E-05	4.27E-06	-2.99E-06	0.00059816
337	10	0	0	0	0	0	0	232	254	0	-1.96E-05	4.27E-06	-2.99E-06	0.00059816
337	11	0	0	0	0	0	0	232	254	0	-1.88E-05	2.93E-06	1.67E-05	0.000549361
337	12	0	0	0	0	0	0	232	254	0	-1.88E-05	2.93E-06	1.67E-05	0.000549361
337	13	0	0	0	0	0	0	232	254	0	-1.78E-05	2.52E-06	1.82E-05	0.000503463
337	14	0	0	0	0	0	0	232	254	0	-1.78E-05	2.52E-06	1.82E-05	0.000503463
337	15	0	0	0	0	0	0	232	254	0	-1.80E-05	-3.20E-06	1.71E-06	0.000454367
337	16	0	0	0	0	0	0	232	254	0	-1.80E-05	-3.20E-06	1.71E-06	0.000454367
337	17	0	0	0	0	0	0	232	254	0	-1.97E-05	-6.99E-06	-1.00E-05	0.00038789
337	18	0	0	0	0	0	0	232	254	0	-2.24E-05	-5.22E-06	-7.29E-06	0.000307591
337	19	0	0	0	0	0	0	232	254	0	-2.24E-05	-5.22E-06	-7.29E-06	0.000307591
338	0	0	0	0	0	0	0	232	254	0	-2.29E-05	-2.68E-06	1.61E-06	0.00021752
338	1	0	0	0	0	0	0	232	254	0	-2.29E-05	-2.68E-06	1.61E-06	0.00021752
338	2	0	0	0	0	0	0	232	254	0	-2.16E-05	-4.98E-07	4.07E-06	9.98E-05
338	3	0	0	0	0	0	0	232	254	0	-2.16E-05	-4.98E-07	4.07E-06	9.98E-05
338	4	0	0	0	0	0	0	232	254	0	-2.13E-05	2.97E-06	3.39E-06	-2.64E-05
338	5	0	0	0	0	0	0	232	254	0	-2.13E-05	2.97E-06	3.39E-06	-2.64E-05
338	6	0	0	0	0	0	0	232	254	0	-2.11E-05	7.70E-06	9.72E-07	-0.000136022
338	7	0	0	0	0	0	0	232	254	0	-2.03E-05	9.23E-06	1.98E-06	-0.000239912
338	8	0	0	0	0	0	0	232	254	0	-2.03E-05	9.23E-06	1.98E-06	-0.000239912
338	9	0	0	0	0	0	0	232	254	0	-1.93E-05	9.23E-06	2.85E-06	-0.000359946
338	10	0	0	0	0	0	0	232	254	0	-1.93E-05	9.23E-06	2.85E-06	-0.000359946
338	11	0	0	0	0	0	0	232	254	0	-1.99E-05	1.05E-05	-4.13E-07	-0.00048754
338	12	0	0	0	0	0	0	232	254	0	-1.99E-05	1.05E-05	-4.13E-07	-0.00048754
338	13	0	0	0	0	0	0	232	254	0	-1.98E-05	9.91E-06	-4.41E-06	-0.000605407
338	14	0	0	0	0	0	0	232	254	0	-1.98E-05	9.91E-06	-4.41E-06	-0.000605407
338	15	0	0	0	0	0	0	232	254	0	-1.89E-05	7.77E-06	-6.01E-06	-0.000708613
338	16	0	0	0	0	0	0	232	254	0	-1.93E-05	8.33E-06	-6.56E-06	-0.00079786
338	17	0	0	0	0	0	0	232	254	0	-1.93E-05	8.33E-06	-6.56E-06	-0.00079786
338	18	0	0	0	0	0	0	232	254	0	-1.93E-05	1.03E-05	-7.30E-06	-0.000874442
338	19	0	0	0	0	0	0	232	254	0	-1.93E-05	1.03E-05	-7.30E-06	-0.000874442
339	0	0	0	0	0	0	0	232	254	0	-1.94E-05	9.28E-06	-8.72E-06	-0.000935737
339	1	0	0	0	0	0	0	232	254	0	-1.94E-05	9.28E-06	-8.72E-06	-0.000935737
339	2	0	0	0	0	0	0	232	254	0	-1.96E-05	6.69E-06	-1.00E-05	-0.000992317
339	3	0	0	0	0	0	0	232	254	0	-1.96E-05	6.69E-06	-1.00E-05	-0.000992317
339	4	0	0	0	0	0	0	232	254	0	-1.99E-05	6.34E-06	-9.36E-06	-0.00104695
339	5	0	0	0	0	0	0	232	254	0	-1.90E-05	6.90E-06	-7.96E-06	-0.00108083
339	6	0	0	0	0	0	0	232	254	0	-1.90E-05	6.90E-06	-7.96E-06	-0.00108083
339	7	0	0	0	0	0	0	232	254	0	-2.01E-05	6.93E-06	-8.60E-06	-0.00109842
339	8	0	0	0	0	0	0	232	254	0	-2.01E-05	6.93E-06	-8.60E-06	-0.00109842
339	9	0	0	0	0	0	0	232	254	0	-2.14E-05	7.82E-06	-1.09E-05	-0.00110697
339	10	0	0	0	0	0	0	232	254	0	-2.14E-05	7.82E-06	-1.09E-05	-0.00110697
339	11	0	0	0	0	0	0	232	254	0	-2.14E-05	9.86E-06	-1.37E-05	-0.00110963
339	12	0	0	0	0	0	0	232	254	0	-2.14E-05	9.86E-06	-1.37E-05	-0.00110963
339	13	0	0	0	0	0	0	232	254	0	-2.19E-05	1.15E-05	-1.81E-05	-0.00111185
339	14	0	0	0	0	0	0	232	254	0	-2.11E-05	1.13E-05	-1.96E-05	-0.00109774
339	15	0	0	0	0	0	0	232	254	0	-2.11E-05	1.13E-05	-1.96E-05	-0.00109774
339	16	0	0	0	0	0	0	232	254	0	-1.83E-05	9.33E-06	-1.70E-05	-0.00106482
339	17	0	0	0	0	0	0	232	254	0	-1.83E-05	9.33E-06	-1.70E-05	-0.00106482
339	18	0	0	0	0	0	0	232	254	0	-1.57E-05	6.69E-06	-1.38E-05	-0.00101942
339	19	0	0	0	0	0	0	232	254	0	-1.57E-05	6.69E-06	-1.38E-05	-0.00101942
340	0	0	0	0	0	0	0	232	254	0	-1.59E-05	3.66E-06	-1.11E-05	-0.000956511
340	1	0	0	0	0	0	0	232	254	0	-1.59E-05	3.66E-06	-1.11E-05	-0.000956511
340	2	0	0	0	0	0	0	232	254	0	-1.77E-05	-1.16E-06	-5.34E-06	-0.000875685
340	3	0	0	0	0	0	0	232	254	0	-1.76E-05	-5.19E-06	-1.55E-07	-0.000781459
340	4	0	0	0	0	0	0	232	254	0	-1.76E-05	-5.19E-06	-1.55E-07	-0.000781459
340	5	0	0	0	0	0	0	232	254	0	-1.86E-05	-5.86E-06	-6.92E-07	-0.000672636
340	6	0	0	0	0	0	0	232	254	0	-1.86E-05	-5.86E-06	-6.92E-07	-0.000672636
340	7	0	0	0	0	0	0	232	254	0	-2.09E-05	-1.86E-06	-8.11E-07	-0.000550951
340	8	0	0	0	0	0	0	232	254	0	-2.09E-05	-1.86E-06	-8.11E-07	-0.000550951
340	9	0	0	0	0	0	0	232	254	0	-2.17E-05	1.12E-06	-1.44E-06	-0.000415235
340	10	0	0	0	0	0	0	232	254	0	-2.17E-05	1.12E-06	-1.44E-06	-0.000415235
340	11	0	0	0	0	0	0	232	254	0	-2.27E-05	3.43E-06	-7.80E-06	-0.000277714
340	12	0	0	0	0	0	0	232	254	0	-2.40E-05	6.76E-06	-1.99E-05	-0.000147255
340	13	0	0	0	0	0	0	232	254	0	-2.40E-05	6.76E-06	-1.99E-05	-0.000147255
340	14	0	0	0	0	0	0	232	254	0	-2.48E-05	8.71E-06	-2.77E-05	-2.04E-05
340	15	0	0	0	0	0	0	232	254	0	-2.48E-05	8.71E-06	-2.77E-05	-2.04E-05
340	16	0	0	0	0	0	0	232	254	0	-2.47E-05	1.01E-05	-2.73E-05	9.78E-05
340	17	0	0	0	0	0	0	232	254	0	-2.47E-05	1.01E-05	-2.73E-05	9.78E-05
340	18	0	0	0	0	0	0	232	254	0	-2.49E-05	1.15E-05	-2.38E-05	0.000203707
340	19	0	0	0	0	0	0	232	254	0	-2.49E-05	1.15E-05	-2.38E-05	0.000203707
341	0	0	0	0	0	0	0	232	254	0	-2.58E-05	1.06E-05	-2.03E-05	0.000301092
341	1	0	0	0	0	0	0	232	254	0	-2.62E-05	8.90E-06	-1.45E-05	0.000388963
341	2	0	0	0	0	0	0	232	254	0	-2.62E-05	8.90E-06	-1.45E-05	0.000388963
341	3	0	0	0	0	0	0	232	254	0	-2.55E-05	7.81E-06	-5.19E-06	0.000466908
341	4	0	0	0	0	0	0	232	254	0	-2.55E-05	7.81E-06	-5.19E-06	0.000466908
341	5	0	0	0	0	0	0	232	254	0	-2.60E-05	6.15E-06	5.34E-06	0.000533303
341	6	0	0	0	0	0	0	232	254	0	-2.60E-05	6.15E-06	5.34E-06	0.000533303
341	7	0	0	0	0	0	0	232	254	0	-2.64E-05	2.51E-06	4.83E-06	0.000588327
341	8	0	0	0	0	0	0	232	254	0	-2.64E-05	2.51E-06	4.83E-06	0.000588327
341	9	0	0	0	0	0	0	232	254	0	-2.52E-05	-8.09E-07	-4.16E-06	0.000630813
341	10	0	0	0	0	0	0	232	254	0	-2.51E-05	-2.03E-06	-4.47E-06	0.0006612
341	11	0	0	0	0	0	0	232	254	0	-2.51E-05	-2.03E-06	-4.47E-06	0.0006612
341	12	0	0	0	0	0	0	232	254	0	-2.32E-05	1.09E-06	-6.81E-06	0.000686538
341	13	0	0	0	0	0	0	232	254	0	-2.32E-05	1.09E-06	-6.81E-06	0.000686538
341	14	0	0	0	0	0	0	232	254	0	-1.84E-05	4.62E-06	-1.34E-05	0.000702926
341	15	0	0	0	0	0	0	232	254	0	-1.84E-05	4.62E-06	-1.34E-05	0.000702926
341	16	0	0	0	0	0	0	232	254	0	-1.52E-05	4.72E-06	-5.92E-06	0.000708914
341	17	0	0	0	0	0	0	232	254	0	-1.52E-05	4.72E-06	-5.92E-06	0.000708914
341	18	0	0	0	0	0	0	232	254	0	-1.44E-05	-1.87E-07	1.01E-06	0.000707734
341	19	0	0	0	0	0	0	232	254	0	-1.22E-05	-2.88E-06	5.48E-07	0.000701912
342	0	0	0	0	0	0	0	232	254	0	-1.22E-05	-2.88E-06	5.48E-07	0.000701912
342	1	0	0	0	0	0	0	232	254	0	-1.16E-05	-8.55E-07	-5.54E-06	0.000691128
342	2	0	0	0	0	0	0	232	254	0	-1.16E-05	-8.55E-07	-5.54E-06	0.000691128
342	3	0	0	0	0	0	0	232	254	0	-1.58E-05	3.09E-06	-1.24E-05	0.000674272
342	4	0	0	0	0	0	0	232	254	0	-1.58E-05	3.09E-06	-1.24E-05	0.000674272
342	5	0	0	0	0	0	0	232	254	0	-2.23E-05	3.55E-06	-1.29E-05	0.00065524
342	6	0	0	0	0	0	0	232	254	0	-2.23E-05	3.55E-06	-1.29E-05	0.00065524
342	7	0	0	0	0	0	0	232	254	0	-2.71E-05	-7.84E-08	-4.32E-06	0.00062782
342	8	0	0	0	0	0	0	232	254	0	-3.05E-05	6.41E-09	-6.06E-07	0.000595134
342	9	0	0	0	0	0	0	232	254	0	-3.05E-05	6.41E-09	-6.06E-07	0.000595134
342	10	0	0	0	0	0	0	232	254	0	-3.09E-05	-2.48E-06	-3.54E-06	0.000563483
342	11	0	0	0	0	0	0	232	254	0	-3.09E-05	-2.48E-06	-3.54E-06	0.000563483
342	12	0	0	0	0	0	0	232	254	0	-2.71E-05	-7.59E-06	-4.05E-06	0.000530031
342	13	0	0	0	0	0	0	232	254	0	-2.71E-05	-7.59E-06	-4.05E-06	0.000530031
342	14	0	0	0	0	0	0	232	254	0	-2.47E-05	-5.15E-06	-6.96E-06	0.000498372
342	15	0	0	0	0	0	0	232	254	0	-2.47E-05	-5.15E-06	-6.96E-06	0.000498372
342	16	0	0	0	0	0	0	232	254	0	-2.36E-05	2.83E-06	-1.76E-05	0.000469623
342	17	0	0	0	0	0	0	232	254	0	-2.22E-05	5.66E-06	-2.76E-05	0.000438907
342	18	0	0	0	0	0	0	232	254	0	-2.22E-05	5.66E-06	-2.76E-05	0.000438907
342	19	0	0	0	0	0	0	232	254	0	-2.14E-05	4.42E-06	-2.71E-05	0.000408883
343	0	0	0	0	0	0	0	232	254	0	-2.14E-05	4.42E-06	-2.71E-05	0.000408883
343	1	0	0	0	0	0	0	232	254	0	-1.92E-05	5.38E-06	-2.00E-05	0.000381311
343	2	0	0	0	0	0	0	232	254	0	-1.92E-05	5.38E-06	-2.00E-05	0.000381311
343	3	0	0	0	0	0	0	232	254	0	-1.88E-05	7.33E-06	-1.29E-05	0.000351888
343	4	0	0	0	0	0	0	232	254	0	-1.88E-05	7.33E-06	-1.29E-05	0.000351888
343	5	0	0	0	0	0	0	232	254	0	-1.99E-05	7.89E-06	-3.21E-06	0.000312703
343	6	0	0	0	0	0	0	232	254	0	-2.08E-05	5.79E-06	9.97E-06	0.000267283
343	7	0	0	0	0	0	0	232	254	0	-2.08E-05	5.79E-06	9.97E-06	0.000267283
343	8	0	0	0	0	0	0	232	254	0	-2.03E-05	5.10E-06	9.25E-06	0.000227091
343	9	0	0	0	0	0	0	232	254	0	-2.03E-05	5.10E-06	9.25E-06	0.000227091
343	10	0	0	0	0	0	0	232	254	0	-1.86E-05	4.62E-06	6.12E-06	0.000188494
343	11	0	0	0	0	0	0	232	254	0	-1.86E-05	4.62E-06	6.12E-06	0.000188494
343	12	0	0	0	0	0	0	232	254	0	-1.55E-05	5.88E-06	-7.25E-06	0.00015207
343	13	0	0	0	0	0	0	232	254	0	-1.55E-05	5.88E-06	-7.25E-06	0.00015207
343	14	0	0	0	0	0	0	232	254	0	-1.36E-05	8.41E-06	-2.66E-05	0.000118572
343	15	0	0	0	0	0	0	232	254	0	-1.33E-05	7.36E-06	-2.88E-05	9.11E-05
343	16	0	0	0	0	0	0	232	254	0	-1.33E-05	7.36E-06	-2.88E-05	9.11E-05
343	17	0	0	0	0	0	0	232	254	0	-1.47E-05	5.96E-06	-2.30E-05	6.98E-05
343	18	0	0	0	0	0	0	232	254	0	-1.47E-05	5.96E-06	-2.30E-05	6.98E-05
343	19	0	0	0	0	0	0	232	254	0	-1.71E-05	1.62E-06	-1.92E-05	4.71E-05
344	0	0	0	0	0	0	0	232	254	0	-1.71E-05	1.62E-06	-1.92E-05	4.71E-05
344	1	0	0	0	0	0	0	232	254	0	-2.01E-05	-3.20E-06	-1.22E-05	2.37E-05
344	2	0	0	0	0	0	0	232	254	0	-2.01E-05	-3.20E-06	-1.22E-05	2.37E-05
344	3	0	0	0	0	0	0	232	254	0	-2.14E-05	-5.47E-06	4.21E-06	3.31E-06
344	4	0	0	0	0	0	0	232	254	0	-2.17E-05	-9.49E-06	1.13E-05	-8.35E-06
344	5	0	0	0	0	0	0	232	254	0	-2.17E-05	-9.49E-06	1.13E-05	-8.35E-06
344	6	0	0	0	0	0	0	232	254	0	-2.26E-05	-1.31E-05	-8.58E-07	-2.12E-05
344	7	0	0	0	0	0	0	232	254	0	-2.26E-05	-1.31E-05	-8.58E-07	-2.12E-05
344	8	0	0	0	0	0	0	232	254	0	-2.32E-05	-9.50E-06	-1.16E-05	-3.62E-05
344	9	0	0	0	0	0	0	232	254	0	-2.32E-05	-9.50E-06	-1.16E-05	-3.62E-05
344	10	0	0	0	0	0	0	232	254	0	-2.59E-05	-2.88E-06	-1.23E-05	-4.15E-05
344	11	0	0	0	0	0	0	232	254	0	-2.59E-05	-2.88E-06	-1.23E-05	-4.15E-05
344	12	0	0	0	0	0	0	232	254	0	-2.84E-05	9.12E-07	-1.15E-05	-4.66E-05
344	13	0	0	0	0	0	0	232	254	0	-2.90E-05	3.66E-06	-1.08E-05	-5.35E-05
344	14	0	0	0	0	0	0	232	254	0	-2.90E-05	3.66E-06	-1.08E-05	-5.35E-05
344	15	0	0	0	0	0	0	232	254	0	-2.80E-05	6.52E-06	-1.03E-05	-5.56E-05
344	16	0	0	0	0	0	0	232	254	0	-2.80E-05	6.52E-06	-1.03E-05	-5.56E-05
344	17	0	0	0	0	0	0	232	254	0	-2.67E-05	8.20E-06	-1.29E-05	-5.30E-05
344	18	0	0	0	0	0	0	232	254	0	-2.67E-05	8.20E-06	-1.29E-05	-5.30E-05
344	19	0	0	0	0	0	0	232	254	0	-2.71E-05	8.09E-06	-1.40E-05	-4.02E-05
345	0	0	0	0	0	0	0	232	254	0	-2.71E-05	8.09E-06	-1.40E-05	-4.02E-05
345	1	0	0	0	0	0	0	232	254	0	-2.60E-05	9.64E-06	-1.30E-05	-6.60E-06
345	2	0	0	0	0	0	0	232	254	0	-2.28E-05	1.01E-05	-1.38E-05	3.62E-05
345	3	0	0	0	0	0	0	232	254	0	-2.28E-05	1.01E-05	-1.38E-05	3.62E-05
345	4	0	0	0	0	0	0	232	254	0	-2.07E-05	8.97E-06	-1.46E-05	7.66E-05
345	5	0	0	0	0	0	0	232	254	0	-2.07E-05	8.97E-06	-1.46E-05	7.66E-05
345	6	0	0	0	0	0	0	232	254	0	-2.12E-05	7.63E-06	-1.40E-05	9.80E-05
345	7	0	0	0	0	0	0	232	254	0	-2.12E-05	7.63E-06	-1.40E-05	9.80E-05
345	8	0	0	0	0	0	0	232	254	0	-2.31E-05	7.92E-06	-1.49E-05	9.36E-05
345	9	0	0	0	0	0	0	232	254	0	-2.31E-05	7.92E-06	-1.49E-05	9.36E-05
345	10	0	0	0	0	0	0	232	254	0	-2.34E-05	8.93E-06	-1.65E-05	7.36E-05
345	11	0	0	0	0	0	0	232	254	0	-2.40E-05	1.02E-05	-1.66E-05	5.28E-05
345	12	0	0	0	0	0	0	232	254	0	-2.40E-05	1.02E-05	-1.66E-05	5.28E-05
345	13	0	0	0	0	0	0	232	254	0	-2.41E-05	1.47E-05	-1.67E-05	1.85E-05
345	14	0	0	0	0	0	0	232	254	0	-2.41E-05	1.47E-05	-1.67E-05	1.85E-05
345	15	0	0	0	0	0	0	232	254	0	-2.19E-05	2.02E-05	-1.66E-05	-2.82E-05
345	16	0	0	0	0	0	0	232	254	0	-2.19E-05	2.02E-05	-1.66E-05	-2.82E-05
345	17	0	0	0	0	0	0	232	254	0	-1.68E-05	2.10E-05	-1.03E-05	-7.54E-05
345	18	0	0	0	0	0	0	232	254	0	-1.68E-05	2.10E-05	-1.03E-05	-7.54E-05
345	19	0	0	0	0	0	0	232	254	0	-1.21E-05	1.78E-05	1.79E-06	-0.000116314
346	0	0	0	0	0	0	0	232	254	0	-1.21E-05	1.23E-05	2.37E-06	-0.00014056
346	1	0	0	0	0	0	0	232	254	0	-1.21E-05	1.23E-05	2.37E-06	-0.00014056
346	2	0	0	0	0	0	0	232	254	0	-1.56E-05	6.32E-06	-6.17E-06	-0.000160388
346	3	0	0	0	0	0	0	232	254	0	-1.56E-05	6.32E-06	-6.17E-06	-0.000160388
346	4	0	0	0	0	0	0	232	254	0	-2.02E-05	1.50E-06	-1.13E-05	-0.000192707
346	5	0	0	0	0	0	0	232	254	0	-2.02E-05	1.50E-06	-1.13E-05	-0.000192707
346	6	0	0	0	0	0	0	232	254	0	-2.21E-05	-3.10E-06	-1.42E-05	-0.000228737
346	7	0	0	0	0	0	0	232	254	0	-2.21E-05	-3.10E-06	-1.42E-05	-0.000228737
346	8	0	0	0	0	0	0	232	254	0	-2.37E-05	-8.85E-06	-1.59E-05	-0.000257382
346	9	0	0	0	0	0	0	232	254	0	-2.46E-05	-1.46E-05	-1.67E-05	-0.00027886
346	10	0	0	0	0	0	0	232	254	0	-2.46E-05	-1.46E-05	-1.67E-05	-0.00027886
346	11	0	0	0	0	0	0	232	254	0	-2.35E-05	-1.55E-05	-1.70E-05	-0.000312857
346	12	0	0	0	0	0	0	232	254	0	-2.35E-05	-1.55E-05	-1.70E-05	-0.000312857
346	13	0	0	0	0	0	0	232	254	0	-2.32E-05	-1.10E-05	-1.35E-05	-0.000336097
346	14	0	0	0	0	0	0	232	254	0	-2.32E-05	-1.10E-05	-1.35E-05	-0.000336097
346	15	0	0	0	0	0	0	232	254	0	-2.38E-05	-5.73E-06	-1.03E-05	-0.000341485
346	16	0	0	0	0	0	0	232	254	0	-2.38E-05	-5.73E-06	-1.03E-05	-0.000341485
346	17	0	0	0	0	0	0	232	254	0	-2.42E-05	4.44E-06	-1.30E-05	-0.000338706
346	18	0	0	0	0	0	0	232	254	0	-2.39E-05	1.80E-05	-1.53E-05	-0.000342631
346	19	0	0	0	0	0	0	232	254	0	-2.39E-05	1.80E-05	-1.53E-05	-0.000342631
347	0	0	0	0	0	0	0	232	254	0	-2.44E-05	2.26E-05	-9.89E-06	-0.000346331
347	1	0	0	0	0	0	0	232	254	0	-2.44E-05	2.26E-05	-9.89E-06	-0.000346331
347	2	0	0	0	0	0	0	232	254	0	-1.98E-05	1.94E-05	-4.23E-06	-0.000329199
347	3	0	0	0	0	0	0	232	254	0	-1.98E-05	1.94E-05	-4.23E-06	-0.000329199
347	4	0	0	0	0	0	0	232	254	0	-1.26E-05	1.75E-05	-1.22E-06	-0.000299599
347	5	0	0	0	0	0	0	232	254	0	-1.26E-05	1.75E-05	-1.22E-06	-0.000299599
347	6	0	0	0	0	0	0	232	254	0	-8.89E-06	1.72E-05	1.36E-06	-0.000272415
347	7	0	0	0	0	0	0	232	254	0	-9.63E-06	1.72E-05	5.45E-06	-0.000237613
347	8	0	0	0	0	0	0	232	254	0	-9.63E-06	1.72E-05	5.45E-06	-0.000237613
347	9	0	0	0	0	0	0	232	254	0	-1.26E-05	1.75E-05	9.80E-06	-0.000197505
347	10	0	0	0	0	0	0	232	254	0	-1.26E-05	1.75E-05	9.80E-06	-0.000197505
347	11	0	0	0	0	0	0	232	254	0	-1.55E-05	1.66E-05	3.02E-06	-0.000161555
347	12	0	0	0	0	0	0	232	254	0	-1.55E-05	1.66E-05	3.02E-06	-0.000161555
347	13	0	0	0	0	0	0	232	254	0	-1.69E-05	1.69E-05	-1.29E-05	-0.00010722
347	14	0	0	0	0	0	0	232	254	0	-1.69E-05	1.69E-05	-1.29E-05	-0.00010722
347	15	0	0	0	0	0	0	232	254	0	-1.86E-05	1.71E-05	-2.06E-05	-3.12E-05
347	16	0	0	0	0	0	0	232	254	0	-2.06E-05	1.53E-05	-2.04E-05	3.88E-05
347	17	0	0	0	0	0	0	232	254	0	-2.06E-05	1.53E-05	-2.04E-05	3.88E-05
347	18	0	0	0	0	0	0	232	254	0	-2.00E-05	1.41E-05	-2.27E-05	9.71E-05
347	19	0	0	0	0	0	0	232	254	0	-2.00E-05	1.41E-05	-2.27E-05	9.71E-05
348	0	0	0	0	0	0	0	232	254	0	-1.26E-05	1.07E-05	-1.87E-05	0.000163
348	1	0	0	0	0	0	0	232	254	0	-1.26E-05	1.07E-05	-1.87E-05	0.000163
348	2	0	0	0	0	0	0	232	254	0	8.22E-07	1.25E-05	-5.73E-07	0.000209915
348	3	0	0	0	0	0	0	232	254	0	8.22E-07	1.25E-05	-5.73E-07	0.000209915
348	4	0	0	0	0	0	0	232	254	0	9.92E-06	1.24E-05	2.66E-05	0.00022059
348	5	0	0	0	0	0	0	232	254	0	1.15E-05	1.22E-05	3.87E-05	0.000232996
348	6	0	0	0	0	0	0	232	254	0	1.15E-05	1.22E-05	3.87E-05	0.000232996
348	7	0	0	0	0	0	0	232	254	0	3.75E-08	1.16E-05	2.56E-05	0.000277977
348	8	0	0	0	0	0	0	232	254	0	3.75E-08	1.16E-05	2.56E-05	0.000277977
348	9	0	0	0	0	0	0	232	254	0	-1.98E-05	9.26E-06	6.58E-06	0.000316729
348	10	0	0	0	0	0	0	232	254	0	-1.98E-05	9.26E-06	6.58E-06	0.000316729
348	11	0	0	0	0	0	0	232	254	0	-3.72E-05	6.29E-06	-2.61E-06	0.000307451
348	12	0	0	0	0	0	0	232	254	0	-3.72E-05	6.29E-06	-2.61E-06	0.000307451
348	13	0	0	0	0	0	0	232	254	0	-4.77E-05	5.25E-06	-6.06E-06	0.000267519
348	14	0	0	0	0	0	0	232	254	0	-5.12E-05	4.97E-06	-1.13E-05	0.000222798
348	15	0	0	0	0	0	0	232	254	0	-5.12E-05	4.97E-06	-1.13E-05	0.000222798
348	16	0	0	0	0	0	0	232	254	0	-4.73E-05	4.40E-06	-1.50E-05	0.00016973
348	17	0	0	0	0	0	0	232	254	0	-4.73E-05	4.40E-06	-1.50E-05	0.00016973
348	18	0	0	0	0	0	0	232	254	0	-4.10E-05	4.66E-06	-1.47E-05	0.000114464
348	19	0	0	0	0	0	0	232	254	0	-4.10E-05	4.66E-06	-1.47E-05	0.000114464
349	0	0	0	0	0	0	0	232	254	0	-3.51E-05	5.33E-06	-1.57E-05	8.85E-05
349	1	0	0	0	0	0	0	232	254	0	-3.51E-05	5.33E-06	-1.57E-05	8.85E-05
349	2	0	0	0	0	0	0	232	254	0	-3.18E-05	4.84E-06	-1.72E-05	6.43E-05
349	3	0	0	0	0	0	0	232	254	0	-3.01E-05	3.95E-06	-1.59E-05	1.68E-05
349	4	0	0	0	0	0	0	232	254	0	-3.01E-05	3.95E-06	-1.59E-05	1.68E-05
349	5	0	0	0	0	0	0	232	254	0	-2.92E-05	2.41E-06	-1.15E-05	-5.42E-05
349	6	0	0	0	0	0	0	232	254	0	-2.92E-05	2.41E-06	-1.15E-05	-5.42E-05
349	7	0	0	0	0	0	0	232	254	0	-2.51E-05	9.12E-07	-8.04E-06	-0.000147112
349	8	0	0	0	0	0	0	232	254	0	-2.51E-05	9.12E-07	-8.04E-06	-0.000147112
349	9	0	0	0	0	0	0	232	254	0	-2.12E-05	-8.97E-07	-1.19E-05	-0.000220145
349	10	0	0	0	0	0	0	232	254	0	-2.12E-05	-8.97E-07	-1.19E-05	-0.000220145
349	11	0	0	0	0	0	0	232	254	0	-2.04E-05	-1.51E-06	-1.60E-05	-0.000265473
349	12	0	0	0	0	0	0	232	254	0	-2.27E-05	-1.51E-06	-1.59E-05	-0.000300124
349	13	0	0	0	0	0	0	232	254	0	-2.27E-05	-1.51E-06	-1.59E-05	-0.000300124
349	14	0	0	0	0	0	0	232	254	0	-2.47E-05	-1.86E-06	-8.09E-06	-0.000336227
349	15	0	0	0	0	0	0	232	254	0	-2.47E-05	-1.86E-06	-8.09E-06	-0.000336227
349	16	0	0	0	0	0	0	232	254	0	-2.60E-05	-1.46E-07	-1.97E-07	-0.00034458
349	17	0	0	0	0	0	0	232	254	0	-2.60E-05	-1.46E-07	-1.97E-07	-0.00034458
349	18	0	0	0	0	0	0	232	254	0	-2.54E-05	-3.80E-07	2.90E-06	-0.0003415
349	19	0	0	0	0	0	0	232	254	0	-2.54E-05	-3.80E-07	2.90E-06	-0.0003415
350	0	0	0	0	0	0	0	232	254	0	-2.64E-05	-3.76E-06	1.61E-06	-0.000343887
350	1	0	0	0	0	0	0	232	254	0	-3.03E-05	-2.58E-06	-1.24E-05	-0.000335457
350	2	0	0	0	0	0	0	232	254	0	-3.03E-05	-2.58E-06	-1.24E-05	-0.000335457
350	3	0	0	0	0	0	0	232	254	0	-2.87E-05	8.25E-07	-2.70E-05	-0.000307578
350	4	0	0	0	0	0	0	232	254	0	-2.87E-05	8.25E-07	-2.70E-05	-0.000307578
350	5	0	0	0	0	0	0	232	254	0	-2.15E-05	1.96E-06	-2.68E-05	-0.000280913
350	6	0	0	0	0	0	0	232	254	0	-2.15E-05	1.96E-06	-2.68E-05	-0.000280913
350	7	0	0	0	0	0	0	232	254	0	-1.57E-05	2.48E-06	-1.95E-05	-0.00024924
350	8	0	0	0	0	0	0	232	254	0	-1.57E-05	2.48E-06	-1.95E-05	-0.00024924
350	9	0	0	0	0	0	0	232	254	0	-1.29E-05	3.97E-06	-1.68E-05	-0.000220998
350	10	0	0	0	0	0	0	232	254	0	-1.32E-05	4.06E-06	-1.54E-05	-0.000196288
350	11	0	0	0	0	0	0	232	254	0	-1.32E-05	4.06E-06	-1.54E-05	-0.000196288
350	12	0	0	0	0	0	0	232	254	0	-1.62E-05	2.81E-06	5.61E-06	-0.000174117
350	13	0	0	0	0	0	0	232	254	0	-1.62E-05	2.81E-06	5.61E-06	-0.000174117
350	14	0	0	0	0	0	0	232	254	0	-1.68E-05	3.40E-06	1.83E-05	-0.000168616
350	15	0	0	0	0	0	0	232	254	0	-1.68E-05	3.40E-06	1.83E-05	-0.000168616
350	16	0	0	0	0	0	0	232	254	0	-1.71E-05	1.99E-06	1.52E-06	-0.000165988
350	17	0	0	0	0	0	0	232	254	0	-1.71E-05	1.99E-06	1.52E-06	-0.000165988
350	18	0	0	0	0	0	0	232	254	0	-1.74E-05	-2.09E-06	-1.52E-05	-0.000125423
350	19	0	0	0	0	0	0	232	254	0	-1.62E-05	-4.69E-06	-1.81E-05	-6.88E-05
351	0	0	0	0	0	0	0	232	254	0	-1.62E-05	-4.69E-06	-1.81E-05	-6.88E-05
351	1	0	0	0	0	0	0	232	254	0	-1.21E-05	-8.24E-06	-2.33E-05	-1.98E-05
351	2	0	0	0	0	0	0	232	254	0	-1.21E-05	-8.24E-06	-2.33E-05	-1.98E-05
351	3	0	0	0	0	0	0	232	254	0	-7.07E-06	-1.14E-05	-2.86E-05	1.21E-05
351	4	0	0	0	0	0	0	232	254	0	-7.07E-06	-1.14E-05	-2.86E-05	1.21E-05
351	5	0	0	0	0	0	0	232	254	0	-7.06E-06	-1.37E-05	-2.70E-05	3.62E-05
351	6	0	0	0	0	0	0	232	254	0	-7.06E-06	-1.37E-05	-2.70E-05	3.62E-05
351	7	0	0	0	0	0	0	232	254	0	-1.25E-05	-1.63E-05	-2.54E-05	8.02E-05
351	8	0	0	0	0	0	0	232	254	0	-1.95E-05	-1.97E-05	-2.11E-05	0.000153917
351	9	0	0	0	0	0	0	232	254	0	-1.95E-05	-1.97E-05	-2.11E-05	0.000153917
351	10	0	0	0	0	0	0	232	254	0	-2.40E-05	-1.93E-05	-1.26E-05	0.000261307
351	11	0	0	0	0	0	0	232	254	0	-2.40E-05	-1.93E-05	-1.26E-05	0.000261307
351	12	0	0	0	0	0	0	232	254	0	-2.54E-05	-1.50E-05	1.91E-07	0.000400492
351	13	0	0	0	0	0	0	232	254	0	-2.54E-05	-1.50E-05	1.91E-07	0.000400492
351	14	0	0	0	0	0	0	232	254	0	-2.52E-05	-1.07E-05	6.17E-06	0.000534389
351	15	0	0	0	0	0	0	232	254	0	-2.52E-05	-1.07E-05	6.17E-06	0.000534389
351	16	0	0	0	0	0	0	232	254	0	-2.37E-05	-6.88E-06	-1.53E-06	0.00062155
351	17	0	0	0	0	0	0	232	254	0	-1.20E-05	-3.49E-06	1.68E-07	0.000719532
351	18	0	0	0	0	0	0	232	254	0	-1.20E-05	-3.49E-06	1.68E-07	0.000719532
351	19	0	0	0	0	0	0	232	254	0	1.01E-06	-1.93E-06	-1.45E-06	0.000834414
352	0	0	0	0	0	0	0	232	254	0	1.01E-06	-1.93E-06	-1.45E-06	0.000834414
352	1	0	0	0	0	0	0	232	254	0	5.47E-06	-1.21E-06	-8.79E-06	0.000983699
352	2	0	0	0	0	0	0	232	254	0	5.47E-06	-1.21E-06	-8.79E-06	0.000983699
352	3	0	0	0	0	0	0	232	254	0	5.03E-07	-2.29E-06	-1.22E-05	0.00115501
352	4	0	0	0	0	0	0	232	254	0	5.03E-07	-2.29E-06	-1.22E-05	0.00115501
352	5	0	0	0	0	0	0	232	254	0	-1.75E-05	-3.79E-06	-1.46E-05	0.00126401
352	6	0	0	0	0	0	0	232	254	0	-3.87E-05	-2.79E-06	-1.70E-05	0.00122545
352	7	0	0	0	0	0	0	232	254	0	-3.87E-05	-2.79E-06	-1.70E-05	0.00122545
352	8	0	0	0	0	0	0	232	254	0	-5.21E-05	-1.01E-06	-1.86E-05	0.00115776
352	9	0	0	0	0	0	0	232	254	0	-5.21E-05	-1.01E-06	-1.86E-05	0.00115776
352	10	0	0	0	0	0	0	232	254	0	-5.28E-05	1.13E-06	-1.90E-05	0.00114674
352	11	0	0	0	0	0	0	232	254	0	-5.28E-05	1.13E-06	-1.90E-05	0.00114674
352	12	0	0	0	0	0	0	232	254	0	-4.49E-05	1.85E-06	-1.99E-05	0.0010954
352	13	0	0	0	0	0	0	232	254	0	-4.49E-05	1.85E-06	-1.99E-05	0.0010954
352	14	0	0	0	0	0	0	232	254	0	-3.67E-05	1.38E-06	-2.24E-05	0.000947675
352	15	0	0	0	0	0	0	232	254	0	-3.16E-05	1.53E-06	-2.41E-05	0.000814038
352	16	0	0	0	0	0	0	232	254	0	-3.16E-05	1.53E-06	-2.41E-05	0.000814038
352	17	0	0	0	0	0	0	232	254	0	-2.83E-05	3.20E-06	-2.37E-05	0.000637764
352	18	0	0	0	0	0	0	232	254	0	-2.83E-05	3.20E-06	-2.37E-05	0.000637764
352	19	0	0	0	0	0	0	232	254	0	-2.53E-05	6.43E-06	-2.12E-05	0.000347434
353	0	0	0	0	0	0	0	232	254	0	-2.53E-05	6.43E-06	-2.12E-05	0.000347434
353	1	0	0	0	0	0	0	232	254	0	-2.19E-05	1.01E-05	-1.82E-05	-2.60E-05
353	2	0	0	0	0	0	0	232	254	0	-2.19E-05	1.01E-05	-1.82E-05	-2.60E-05
353	3	0	0	0	0	0	0	232	254	0	-1.93E-05	1.26E-05	-1.43E-05	-0.000416493
353	4	0	0	0	0	0	0	232	254	0	-3.56E-06	1.24E-05	-4.98E-06	-0.000733021
353	5	0	0	0	0	0	0	232	254	0	-3.56E-06	1.24E-05	-4.98E-06	-0.000733021
353	6	0	0	0	0	0	0	232	254	0	2.98E-05	1.06E-05	2.46E-06	-0.00101793
353	7	0	0	0	0	0	0	232	254	0	2.98E-05	1.06E-05	2.46E-06	-0.00101793
353	8	0	0	0	0	0	0	232	254	0	5.31E-05	8.97E-06	-4.91E-06	-0.00129733
353	9	0	0	0	0	0	0	232	254	0	5.31E-05	8.97E-06	-4.91E-06	-0.00129733
353	10	0	0	0	0	0	0	232	254	0	4.52E-05	9.85E-06	-1.05E-05	-0.00155699
353	11	0	0	0	0	0	0	232	254	0	4.52E-05	9.85E-06	-1.05E-05	-0.00155699
353	12	0	0	0	0	0	0	232	254	0	1.33E-05	1.19E-05	-1.39E-05	-0.00174628
353	13	0	0	0	0	0	0	232	254	0	-1.71E-05	1.13E-05	-1.38E-05	-0.0018894
353	14	0	0	0	0	0	0	232	254	0	-1.71E-05	1.13E-05	-1.38E-05	-0.0018894
353	15	0	0	0	0	0	0	232	254	0	-3.96E-05	1.03E-05	-9.29E-06	-0.00206126
353	16	0	0	0	0	0	0	232	254	0	-3.96E-05	1.03E-05	-9.29E-06	-0.00206126
353	17	0	0	0	0	0	0	232	254	0	-5.31E-05	1.14E-05	-6.15E-06	-0.00223465
353	18	0	0	0	0	0	0	232	254	0	-5.31E-05	1.14E-05	-6.15E-06	-0.00223465
353	19	0	0	0	0	0	0	232	254	0	-5.83E-05	1.37E-05	-9.16E-06	-0.00237689
354	0	0	0	0	0	0	0	232	254	0	-5.83E-05	1.37E-05	-9.16E-06	-0.00237689
354	1	0	0	0	0	0	0	232	254	0	-6.07E-05	1.46E-05	-1.60E-05	-0.00246101
354	2	0	0	0	0	0	0	232	254	0	-6.03E-05	1.48E-05	-9.07E-06	-0.00248603
354	3	0	0	0	0	0	0	232	254	0	-6.03E-05	1.48E-05	-9.07E-06	-0.00248603
354	4	0	0	0	0	0	0	232	254	0	-5.60E-05	1.66E-05	-1.30E-06	-0.00248281
354	5	0	0	0	0	0	0	232	254	0	-5.60E-05	1.66E-05	-1.30E-06	-0.00248281
354	6	0	0	0	0	0	0	232	254	0	-4.98E-05	1.67E-05	-5.85E-06	-0.00243616
354	7	0	0	0	0	0	0	232	254	0	-4.98E-05	1.67E-05	-5.85E-06	-0.00243616
354	8	0	0	0	0	0	0	232	254	0	-4.44E-05	1.82E-05	-2.25E-06	-0.00236407
354	9	0	0	0	0	0	0	232	254	0	-4.44E-05	1.82E-05	-2.25E-06	-0.00236407
354	10	0	0	0	0	0	0	232	254	0	-3.70E-05	1.97E-05	2.61E-06	-0.00228072
354	11	0	0	0	0	0	0	232	254	0	-2.61E-05	1.81E-05	9.55E-07	-0.00216503
354	12	0	0	0	0	0	0	232	254	0	-2.61E-05	1.81E-05	9.55E-07	-0.00216503
354	13	0	0	0	0	0	0	232	254	0	-1.91E-05	1.58E-05	2.52E-06	-0.00200836
354	14	0	0	0	0	0	0	232	254	0	-1.91E-05	1.58E-05	2.52E-06	-0.00200836
354	15	0	0	0	0	0	0	232	254	0	-2.08E-05	1.29E-05	3.23E-06	-0.00181434
354	16	0	0	0	0	0	0	232	254	0	-2.08E-05	1.29E-05	3.23E-06	-0.00181434
354	17	0	0	0	0	0	0	232	254	0	-2.67E-05	1.10E-05	2.32E-06	-0.00158417
354	18	0	0	0	0	0	0	232	254	0	-2.67E-05	1.10E-05	2.32E-06	-0.00158417
354	19	0	0	0	0	0	0	232	254	0	-2.95E-05	8.71E-06	5.17E-06	-0.0013363
355	0	0	0	0	0	0	0	232	254	0	-3.10E-05	5.55E-06	1.22E-05	-0.00106123
355	1	0	0	0	0	0	0	232	254	0	-3.10E-05	5.55E-06	1.22E-05	-0.00106123
355	2	0	0	0	0	0	0	232	254	0	-3.28E-05	4.06E-06	1.74E-05	-0.000742141
355	3	0	0	0	0	0	0	232	254	0	-3.28E-05	4.06E-06	1.74E-05	-0.000742141
355	4	0	0	0	0	0	0	232	254	0	-2.94E-05	4.68E-06	2.04E-06	-0.000399814
355	5	0	0	0	0	0	0	232	254	0	-2.94E-05	4.68E-06	2.04E-06	-0.000399814
355	6	0	0	0	0	0	0	232	254	0	-2.13E-05	4.22E-06	-1.52E-05	-6.63E-05
355	7	0	0	0	0	0	0	232	254	0	-2.13E-05	4.22E-06	-1.52E-05	-6.63E-05
355	8	0	0	0	0	0	0	232	254	0	-1.39E-05	2.34E-06	-1.75E-05	0.000258028
355	9	0	0	0	0	0	0	232	254	0	-4.44E-06	1.33E-06	-1.64E-05	0.000552299
355	10	0	0	0	0	0	0	232	254	0	-4.44E-06	1.33E-06	-1.64E-05	0.000552299
355	11	0	0	0	0	0	0	232	254	0	8.87E-06	2.40E-07	-1.79E-05	0.000824655
355	12	0	0	0	0	0	0	232	254	0	8.87E-06	2.40E-07	-1.79E-05	0.000824655
355	13	0	0	0	0	0	0	232	254	0	1.38E-05	1.00E-06	-1.51E-05	0.00106624
355	14	0	0	0	0	0	0	232	254	0	1.38E-05	1.00E-06	-1.51E-05	0.00106624
355	15	0	0	0	0	0	0	232	254	0	1.59E-05	2.68E-06	-9.51E-06	0.0012469
355	16	0	0	0	0	0	0	232	254	0	1.59E-05	2.68E-06	-9.51E-06	0.0012469
355	17	0	0	0	0	0	0	232	254	0	1.24E-05	1.55E-06	-1.26E-05	0.00138991
355	18	0	0	0	0	0	0	232	254	0	-2.74E-06	-2.43E-06	-1.75E-05	0.00149619
355	19	0	0	0	0	0	0	232	254	0	-2.74E-06	-2.43E-06	-1.75E-05	0.00149619
356	0	0	0	0	0	0	0	232	254	0	-2.42E-05	-6.20E-06	-1.49E-05	0.0015428
356	1	0	0	0	0	0	0	232	254	0	-2.42E-05	-6.20E-06	-1.49E-05	0.0015428
356	2	0	0	0	0	0	0	232	254	0	-3.91E-05	-8.74E-06	-1.21E-05	0.00154912
356	3	0	0	0	0	0	0	232	254	0	-3.91E-05	-8.74E-06	-1.21E-05	0.00154912
356	4	0	0	0	0	0	0	232	254	0	-4.32E-05	-9.17E-06	-9.48E-06	0.00153509
356	5	0	0	0	0	0	0	232	254	0	-4.32E-05	-9.17E-06	-9.48E-06	0.00153509
356	6	0	0	0	0	0	0	232	254	0	-4.25E-05	-1.00E-05	1.25E-06	0.00150731
356	7	0	0	0	0	0	0	232	254	0	-3.97E-05	-8.65E-06	2.12E-05	0.00146874
356	8	0	0	0	0	0	0	232	254	0	-3.97E-05	-8.65E-06	2.12E-05	0.00146874
356	9	0	0	0	0	0	0	232	254	0	-3.53E-05	-7.54E-06	2.62E-05	0.00141684
356	10	0	0	0	0	0	0	232	254	0	-3.53E-05	-7.54E-06	2.62E-05	0.00141684
356	11	0	0	0	0	0	0	232	254	0	-3.12E-05	-3.76E-06	1.71E-05	0.00137119
356	12	0	0	0	0	0	0	232	254	0	-3.12E-05	-3.76E-06	1.71E-05	0.00137119
356	13	0	0	0	0	0	0	232	254	0	-2.46E-05	-2.42E-06	8.29E-06	0.00134332
356	14	0	0	0	0	0	0	232	254	0	-2.46E-05	-2.42E-06	8.29E-06	0.00134332
356	15	0	0	0	0	0	0	232	254	0	-1.55E-05	-4.62E-06	-2.49E-06	0.00131812
356	16	0	0	0	0	0	0	232	254	0	-8.15E-06	-6.59E-06	-6.68E-06	0.00128191
356	17	0	0	0	0	0	0	232	254	0	-8.15E-06	-6.59E-06	-6.68E-06	0.00128191
356	18	0	0	0	0	0	0	232	254	0	-4.34E-06	-6.47E-06	-1.74E-06	0.00121108
356	19	0	0	0	0	0	0	232	254	0	-4.34E-06	-6.47E-06	-1.74E-06	0.00121108
357	0	0	0	0	0	0	0	232	254	0	-3.06E-06	-9.25E-06	-3.82E-06	0.00110771
357	1	0	0	0	0	0	0	232	254	0	-3.06E-06	-9.25E-06	-3.82E-06	0.00110771
357	2	0	0	0	0	0	0	232	254	0	-4.26E-06	-9.41E-06	-1.68E-05	0.00102607
357	3	0	0	0	0	0	0	232	254	0	-4.26E-06	-9.41E-06	-1.68E-05	0.00102607
357	4	0	0	0	0	0	0	232	254	0	-6.04E-06	-4.92E-06	-2.26E-05	0.00100572
357	5	0	0	0	0	0	0	232	254	0	-2.34E-06	-3.54E-06	-2.18E-05	0.00102006
357	6	0	0	0	0	0	0	232	254	0	-2.34E-06	-3.54E-06	-2.18E-05	0.00102006
357	7	0	0	0	0	0	0	232	254	0	5.10E-06	-5.38E-07	-4.00E-05	0.00104083
357	8	0	0	0	0	0	0	232	254	0	5.10E-06	-5.38E-07	-4.00E-05	0.00104083
357	9	0	0	0	0	0	0	232	254	0	4.28E-06	1.07E-06	-6.34E-05	0.00106625
357	10	0	0	0	0	0	0	232	254	0	4.28E-06	1.07E-06	-6.34E-05	0.00106625
357	11	0	0	0	0	0	0	232	254	0	-4.16E-06	1.88E-06	-6.37E-05	0.00110646
357	12	0	0	0	0	0	0	232	254	0	-4.16E-06	1.88E-06	-6.37E-05	0.00110646
357	13	0	0	0	0	0	0	232	254	0	-1.78E-05	5.22E-06	-4.29E-05	0.00116023
357	14	0	0	0	0	0	0	232	254	0	-2.87E-05	7.71E-06	-2.04E-05	0.00122121
357	15	0	0	0	0	0	0	232	254	0	-2.87E-05	7.71E-06	-2.04E-05	0.00122121
357	16	0	0	0	0	0	0	232	254	0	-3.12E-05	8.93E-06	6.16E-06	0.0012816
357	17	0	0	0	0	0	0	232	254	0	-3.12E-05	8.93E-06	6.16E-06	0.0012816
357	18	0	0	0	0	0	0	232	254	0	-3.06E-05	1.02E-05	3.50E-05	0.00134873
357	19	0	0	0	0	0	0	232	254	0	-3.06E-05	1.02E-05	3.50E-05	0.00134873
358	0	0	0	0	0	0	0	232	254	0	-2.87E-05	1.03E-05	6.17E-05	0.00144376
358	1	0	0	0	0	0	0	232	254	0	-2.87E-05	1.03E-05	6.17E-05	0.00144376
358	2	0	0	0	0	0	0	232	254	0	-2.73E-05	1.16E-05	4.79E-05	0.00156329
358	3	0	0	0	0	0	0	232	254	0	-2.63E-05	1.46E-05	1.21E-05	0.00169562
358	4	0	0	0	0	0	0	232	254	0	-2.63E-05	1.46E-05	1.21E-05	0.00169562
358	5	0	0	0	0	0	0	232	254	0	-2.32E-05	1.67E-05	-8.09E-06	0.00183792
358	6	0	0	0	0	0	0	232	254	0	-2.32E-05	1.67E-05	-8.09E-06	0.00183792
358	7	0	0	0	0	0	0	232	254	0	-2.20E-05	1.81E-05	-1.50E-05	0.00200851
358	8	0	0	0	0	0	0	232	254	0	-2.20E-05	1.81E-05	-1.50E-05	0.00200851
358	9	0	0	0	0	0	0	232	254	0	-2.27E-05	1.99E-05	-1.28E-05	0.00221559
358	10	0	0	0	0	0	0	232	254	0	-2.27E-05	1.99E-05	-1.28E-05	0.00221559
358	11	0	0	0	0	0	0	232	254	0	-2.19E-05	2.15E-05	-7.31E-07	0.00240715
358	12	0	0	0	0	0	0	232	254	0	-1.61E-05	2.33E-05	2.93E-06	0.00252715
358	13	0	0	0	0	0	0	232	254	0	-1.61E-05	2.33E-05	2.93E-06	0.00252715
358	14	0	0	0	0	0	0	232	254	0	-1.04E-05	2.34E-05	-1.62E-05	0.0025191
358	15	0	0	0	0	0	0	232	254	0	-1.04E-05	2.34E-05	-1.62E-05	0.0025191
358	16	0	0	0	0	0	0	232	254	0	-5.39E-06	2.23E-05	-3.71E-05	0.00230943
358	17	0	0	0	0	0	0	232	254	0	-5.39E-06	2.23E-05	-3.71E-05	0.00230943
358	18	0	0	0	0	0	0	232	254	0	-7.37E-06	2.25E-05	-4.93E-05	0.00182342
358	19	0	0	0	0	0	0	232	254	0	-7.37E-06	2.25E-05	-4.93E-05	0.00182342
359	0	0	0	0	0	0	0	232	254	0	-1.54E-05	1.99E-05	-5.97E-05	0.00112186
359	1	0	0	0	0	0	0	232	254	0	-2.26E-05	1.65E-05	-5.64E-05	0.000246433
359	2	0	0	0	0	0	0	232	254	0	-2.26E-05	1.65E-05	-5.64E-05	0.000246433
359	3	0	0	0	0	0	0	232	254	0	-2.85E-05	1.63E-05	-4.21E-05	-0.000765926
359	4	0	0	0	0	0	0	232	254	0	-2.85E-05	1.63E-05	-4.21E-05	-0.000765926
359	5	0	0	0	0	0	0	232	254	0	-2.80E-05	1.70E-05	-3.49E-05	-0.0017604
359	6	0	0	0	0	0	0	232	254	0	-2.80E-05	1.70E-05	-3.49E-05	-0.0017604
359	7	0	0	0	0	0	0	232	254	0	-2.42E-05	1.55E-05	-3.52E-05	-0.00263579
359	8	0	0	0	0	0	0	232	254	0	-2.42E-05	1.55E-05	-3.52E-05	-0.00263579
359	9	0	0	0	0	0	0	232	254	0	-2.21E-05	1.14E-05	-4.07E-05	-0.0033215
359	10	0	0	0	0	0	0	232	254	0	-2.41E-05	8.03E-06	-4.13E-05	-0.00376144
359	11	0	0	0	0	0	0	232	254	0	-2.41E-05	8.03E-06	-4.13E-05	-0.00376144
359	12	0	0	0	0	0	0	232	254	0	-3.00E-05	6.17E-06	-3.19E-05	-0.00393724
359	13	0	0	0	0	0	0	232	254	0	-3.00E-05	6.17E-06	-3.19E-05	-0.00393724
359	14	0	0	0	0	0	0	232	254	0	-4.05E-05	4.89E-06	-2.15E-05	-0.00377788
359	15	0	0	0	0	0	0	232	254	0	-4.05E-05	4.89E-06	-2.15E-05	-0.00377788
359	16	0	0	0	0	0	0	232	254	0	-5.19E-05	5.00E-06	-1.26E-05	-0.00332743
359	17	0	0	0	0	0	0	232	254	0	-5.19E-05	5.00E-06	-1.26E-05	-0.00332743
359	18	0	0	0	0	0	0	232	254	0	-5.00E-05	3.10E-06	-4.06E-06	-0.00274813
359	19	0	0	0	0	0	0	232	254	0	-3.60E-05	7.80E-07	2.70E-06	-0.00218919
360	0	0	0	0	0	0	0	232	254	0	-3.60E-05	7.80E-07	2.70E-06	-0.00218919
360	1	0	0	0	0	0	0	232	254	0	-2.80E-05	-1.23E-06	5.93E-06	-0.00179594
360	2	0	0	0	0	0	0	232	254	0	-2.80E-05	-1.23E-06	5.93E-06	-0.00179594
360	3	0	0	0	0	0	0	232	254	0	-3.14E-05	-3.48E-06	6.08E-06	-0.00159255
360	4	0	0	0	0	0	0	232	254	0	-3.14E-05	-3.48E-06	6.08E-06	-0.00159255
360	5	0	0	0	0	0	0	232	254	0	-3.95E-05	-4.20E-06	7.04E-06	-0.00161739
360	6	0	0	0	0	0	0	232	254	0	-3.95E-05	-4.20E-06	7.04E-06	-0.00161739
360	7	0	0	0	0	0	0	232	254	0	-4.69E-05	-3.73E-06	1.43E-05	-0.00187944
360	8	0	0	0	0	0	0	232	254	0	-4.15E-05	-3.17E-06	2.01E-05	-0.0022323
360	9	0	0	0	0	0	0	232	254	0	-4.15E-05	-3.17E-06	2.01E-05	-0.0022323
360	10	0	0	0	0	0	0	232	254	0	-2.62E-05	-1.50E-06	2.27E-05	-0.00244302
360	11	0	0	0	0	0	0	232	254	0	-2.62E-05	-1.50E-06	2.27E-05	-0.00244302
360	12	0	0	0	0	0	0	232	254	0	-9.76E-06	2.20E-06	3.13E-05	-0.00236011
360	13	0	0	0	0	0	0	232	254	0	-9.76E-06	2.20E-06	3.13E-05	-0.00236011
360	14	0	0	0	0	0	0	232	254	0	1.20E-05	7.73E-06	3.51E-05	-0.00195391
360	15	0	0	0	0	0	0	232	254	0	1.20E-05	7.73E-06	3.51E-05	-0.00195391
360	16	0	0	0	0	0	0	232	254	0	2.49E-05	1.31E-05	2.71E-05	-0.00125697
360	17	0	0	0	0	0	0	232	254	0	2.28E-05	1.65E-05	-2.33E-06	-0.000442148
360	18	0	0	0	0	0	0	232	254	0	2.28E-05	1.65E-05	-2.33E-06	-0.000442148
360	19	0	0	0	0	0	0	232	254	0	1.16E-05	1.89E-05	-3.93E-05	0.000337458
361	0	0	0	0	0	0	0	232	254	0	1.16E-05	1.89E-05	-3.93E-05	0.000337458
361	1	0	0	0	0	0	0	232	254	0	-4.13E-06	2.00E-05	-4.77E-05	0.00107987
361	2	0	0	0	0	0	0	232	254	0	-4.13E-06	2.00E-05	-4.77E-05	0.00107987
361	3	0	0	0	0	0	0	232	254	0	-1.66E-05	1.86E-05	-2.90E-05	0.00186521
361	4	0	0	0	0	0	0	232	254	0	-1.66E-05	1.86E-05	-2.90E-05	0.00186521
361	5	0	0	0	0	0	0	232	254	0	-2.55E-05	1.73E-05	-1.13E-05	0.0026852
361	6	0	0	0	0	0	0	232	254	0	-3.50E-05	1.41E-05	-3.73E-06	0.00347742
361	7	0	0	0	0	0	0	232	254	0	-3.50E-05	1.41E-05	-3.73E-06	0.00347742
361	8	0	0	0	0	0	0	232	254	0	-3.93E-05	1.29E-05	1.51E-06	0.00415188
361	9	0	0	0	0	0	0	232	254	0	-3.93E-05	1.29E-05	1.51E-06	0.00415188
361	10	0	0	0	0	0	0	232	254	0	-4.40E-05	1.41E-05	2.08E-05	0.00467193
361	11	0	0	0	0	0	0	232	254	0	-4.40E-05	1.41E-05	2.08E-05	0.00467193
361	12	0	0	0	0	0	0	232	254	0	-4.40E-05	1.32E-05	3.89E-05	0.00509331
361	13	0	0	0	0	0	0	232	254	0	-4.40E-05	1.32E-05	3.89E-05	0.00509331
361	14	0	0	0	0	0	0	232	254	0	-4.27E-05	1.10E-05	2.47E-05	0.00525524
361	15	0	0	0	0	0	0	232	254	0	-4.15E-05	9.07E-06	3.36E-06	0.00520567
361	16	0	0	0	0	0	0	232	254	0	-4.15E-05	9.07E-06	3.36E-06	0.00520567
361	17	0	0	0	0	0	0	232	254	0	-3.62E-05	6.57E-06	-6.91E-06	0.00512909
361	18	0	0	0	0	0	0	232	254	0	-3.62E-05	6.57E-06	-6.91E-06	0.00512909
361	19	0	0	0	0	0	0	232	254	0	-3.12E-05	5.59E-06	-1.82E-05	0.00506315
362	0	0	0	0	0	0	0	232	254	0	-3.12E-05	5.59E-06	-1.82E-05	0.00506315
362	1	0	0	0	0	0	0	232	254	0	-2.63E-05	5.89E-06	-2.28E-05	0.00486339
362	2	0	0	0	0	0	0	232	254	0	-2.63E-05	5.89E-06	-2.28E-05	0.00486339
362	3	0	0	0	0	0	0	232	254	0	-2.28E-05	3.35E-06	-1.18E-05	0.00374662
362	4	0	0	0	0	0	0	232	254	0	-2.01E-05	-1.09E-06	-3.61E-06	0.00197485
362	5	0	0	0	0	0	0	232	254	0	-2.01E-05	-1.09E-06	-3.61E-06	0.00197485
362	6	0	0	0	0	0	0	232	254	0	-1.84E-05	-1.47E-06	-6.04E-06	0.000560891
362	7	0	0	0	0	0	0	232	254	0	-1.84E-05	-1.47E-06	-6.04E-06	0.000560891
362	8	0	0	0	0	0	0	232	254	0	-1.98E-05	-2.29E-06	-1.34E-05	6.59E-05
362	9	0	0	0	0	0	0	232	254	0	-1.98E-05	-2.29E-06	-1.34E-05	6.59E-05
362	10	0	0	0	0	0	0	232	254	0	-2.39E-05	-5.42E-06	-2.13E-05	0.000161492
362	11	0	0	0	0	0	0	232	254	0	-2.39E-05	-5.42E-06	-2.13E-05	0.000161492
362	12	0	0	0	0	0	0	232	254	0	-2.66E-05	-9.58E-06	-2.09E-05	0.000267388
362	13	0	0	0	0	0	0	232	254	0	-2.45E-05	-1.25E-05	-1.62E-05	0.00105679
362	14	0	0	0	0	0	0	232	254	0	-2.45E-05	-1.25E-05	-1.62E-05	0.00105679
362	15	0	0	0	0	0	0	232	254	0	-2.17E-05	-1.51E-05	-1.51E-05	0.0024959
362	16	0	0	0	0	0	0	232	254	0	-2.17E-05	-1.51E-05	-1.51E-05	0.0024959
362	17	0	0	0	0	0	0	232	254	0	-2.03E-05	-1.64E-05	-1.00E-05	0.00210689
362	18	0	0	0	0	0	0	232	254	0	-2.03E-05	-1.64E-05	-1.00E-05	0.00210689
362	19	0	0	0	0	0	0	232	254	0	-1.89E-05	-1.59E-05	-2.11E-06	0.000408328
363	0	0	0	0	0	0	0	232	254	0	-1.89E-05	-1.59E-05	-2.11E-06	0.000408328
363	1	0	0	0	0	0	0	232	254	0	-1.79E-05	-1.57E-05	3.02E-06	-0.0010553
363	2	0	0	0	0	0	0	232	254	0	-1.55E-05	-1.43E-05	4.90E-06	-0.00230687
363	3	0	0	0	0	0	0	232	254	0	-1.55E-05	-1.43E-05	4.90E-06	-0.00230687
363	4	0	0	0	0	0	0	232	254	0	-1.30E-05	-1.13E-05	2.98E-06	-0.0034154
363	5	0	0	0	0	0	0	232	254	0	-1.30E-05	-1.13E-05	2.98E-06	-0.0034154
363	6	0	0	0	0	0	0	232	254	0	-1.17E-05	-1.02E-05	2.61E-07	-0.00426452
363	7	0	0	0	0	0	0	232	254	0	-1.17E-05	-1.02E-05	2.61E-07	-0.00426452
363	8	0	0	0	0	0	0	232	254	0	-9.66E-06	-1.07E-05	-1.20E-06	-0.00487096
363	9	0	0	0	0	0	0	232	254	0	-9.66E-06	-1.07E-05	-1.20E-06	-0.00487096
363	10	0	0	0	0	0	0	232	254	0	-1.03E-05	-9.62E-06	-5.02E-06	-0.00525518
363	11	0	0	0	0	0	0	232	254	0	-1.20E-05	-6.61E-06	-1.02E-05	-0.00543692
363	12	0	0	0	0	0	0	232	254	0	-1.20E-05	-6.61E-06	-1.02E-05	-0.00543692
363	13	0	0	0	0	0	0	232	254	0	-1.14E-05	-2.50E-06	-1.36E-05	-0.0054477
363	14	0	0	0	0	0	0	232	254	0	-1.14E-05	-2.50E-06	-1.36E-05	-0.0054477
363	15	0	0	0	0	0	0	232	254	0	-9.74E-06	6.95E-07	-1.58E-05	-0.0053202
363	16	0	0	0	0	0	0	232	254	0	-9.74E-06	6.95E-07	-1.58E-05	-0.0053202
363	17	0	0	0	0	0	0	232	254	0	-1.04E-05	3.15E-06	-1.60E-05	-0.00507796
363	18	0	0	0	0	0	0	232	254	0	-1.04E-05	3.15E-06	-1.60E-05	-0.00507796
363	19	0	0	0	0	0	0	232	254	0	-1.09E-05	5.50E-06	-1.54E-05	-0.00473303
364	0	0	0	0	0	0	0	232	254	0	-1.11E-05	7.85E-06	-1.27E-05	-0.00430922
364	1	0	0	0	0	0	0	232	254	0	-1.11E-05	7.85E-06	-1.27E-05	-0.00430922
364	2	0	0	0	0	0	0	232	254	0	-1.22E-05	1.08E-05	-1.02E-05	-0.00384111
364	3	0	0	0	0	0	0	232	254	0	-1.22E-05	1.08E-05	-1.02E-05	-0.00384111
364	4	0	0	0	0	0	0	232	254	0	-1.42E-05	1.37E-05	-9.80E-06	-0.00335906
364	5	0	0	0	0	0	0	232	254	0	-1.42E-05	1.37E-05	-9.80E-06	-0.00335906
364	6	0	0	0	0	0	0	232	254	0	-1.41E-05	1.53E-05	-9.67E-06	-0.00286994
364	7	0	0	0	0	0	0	232	254	0	-1.41E-05	1.53E-05	-9.67E-06	-0.00286994
364	8	0	0	0	0	0	0	232	254	0	-1.41E-05	1.71E-05	-9.80E-06	-0.00235223
364	9	0	0	0	0	0	0	232	254	0	-1.47E-05	1.84E-05	-1.13E-05	-0.00180677
364	10	0	0	0	0	0	0	232	254	0	-1.47E-05	1.84E-05	-1.13E-05	-0.00180677
364	11	0	0	0	0	0	0	232	254	0	-1.63E-05	1.98E-05	-1.26E-05	-0.00126555
364	12	0	0	0	0	0	0	232	254	0	-1.63E-05	1.98E-05	-1.26E-05	-0.00126555
364	13	0	0	0	0	0	0	232	254	0	-1.84E-05	2.10E-05	-1.34E-05	-0.000733603
364	14	0	0	0	0	0	0	232	254	0	-1.84E-05	2.10E-05	-1.34E-05	-0.000733603
364	15	0	0	0	0	0	0	232	254	0	-2.01E-05	2.18E-05	-1.45E-05	-0.000198277
364	16	0	0	0	0	0	0	232	254	0	-2.01E-05	2.18E-05	-1.45E-05	-0.000198277
364	17	0	0	0	0	0	0	232	254	0	-2.04E-05	2.20E-05	-1.82E-05	0.000351849
364	18	0	0	0	0	0	0	232	254	0	-2.12E-05	2.32E-05	-2.27E-05	0.000939924
364	19	0	0	0	0	0	0	232	254	0	-2.12E-05	2.32E-05	-2.27E-05	0.000939924
365	0	0	0	0	0	0	0	232	254	0	-2.18E-05	2.48E-05	-2.61E-05	0.00153948
365	1	0	0	0	0	0	0	232	254	0	-2.18E-05	2.48E-05	-2.61E-05	0.00153948
365	2	0	0	0	0	0	0	232	254	0	-1.96E-05	2.49E-05	-2.89E-05	0.00213645
365	3	0	0	0	0	0	0	232	254	0	-1.96E-05	2.49E-05	-2.89E-05	0.00213645
365	4	0	0	0	0	0	0	232	254	0	-1.87E-05	2.33E-05	-3.24E-05	0.00272732
365	5	0	0	0	0	0	0	232	254	0	-1.87E-05	2.33E-05	-3.24E-05	0.00272732
365	6	0	0	0	0	0	0	232	254	0	-1.80E-05	2.03E-05	-3.42E-05	0.00311849
365	7	0	0	0	0	0	0	232	254	0	-1.90E-05	1.58E-05	-3.13E-05	0.00214717
365	8	0	0	0	0	0	0	232	254	0	-1.90E-05	1.58E-05	-3.13E-05	0.00214717
365	9	0	0	0	0	0	0	232	254	0	-1.96E-05	1.06E-05	-2.71E-05	-0.000232487
365	10	0	0	0	0	0	0	232	254	0	-1.96E-05	1.06E-05	-2.71E-05	-0.000232487
365	11	0	0	0	0	0	0	232	254	0	-2.27E-05	1.11E-05	-2.57E-05	-0.00269492
365	12	0	0	0	0	0	0	232	254	0	-2.27E-05	1.11E-05	-2.57E-05	-0.00269492
365	13	0	0	0	0	0	0	232	254	0	-2.54E-05	1.27E-05	-2.40E-05	-0.00459706
365	14	0	0	0	0	0	0	232	254	0	-2.54E-05	1.27E-05	-2.40E-05	-0.00459706
365	15	0	0	0	0	0	0	232	254	0	-2.25E-05	1.18E-05	-2.12E-05	-0.00519058
365	16	0	0	0	0	0	0	232	254	0	-1.91E-05	1.17E-05	-1.79E-05	-0.00517364
365	17	0	0	0	0	0	0	232	254	0	-1.91E-05	1.17E-05	-1.79E-05	-0.00517364
365	18	0	0	0	0	0	0	232	254	0	-1.34E-05	1.47E-05	-1.46E-05	-0.00509116
365	19	0	0	0	0	0	0	232	254	0	-1.34E-05	1.47E-05	-1.46E-05	-0.00509116
366	0	0	0	0	0	0	0	232	254	0	-9.14E-06	2.09E-05	-1.22E-05	-0.00501822
366	1	0	0	0	0	0	0	232	254	0	-9.14E-06	2.09E-05	-1.22E-05	-0.00501822
366	2	0	0	0	0	0	0	232	254	0	-1.49E-05	2.56E-05	-1.02E-05	-0.00495374
366	3	0	0	0	0	0	0	232	254	0	-1.49E-05	2.56E-05	-1.02E-05	-0.00495374
366	4	0	0	0	0	0	0	232	254	0	-2.49E-05	2.94E-05	-9.33E-06	-0.00488814
366	5	0	0	0	0	0	0	232	254	0	-3.03E-05	3.58E-05	-8.30E-06	-0.00481232
366	6	0	0	0	0	0	0	232	254	0	-3.03E-05	3.58E-05	-8.30E-06	-0.00481232
366	7	0	0	0	0	0	0	232	254	0	-2.92E-05	4.08E-05	-5.90E-06	-0.00441258
366	8	0	0	0	0	0	0	232	254	0	-2.92E-05	4.08E-05	-5.90E-06	-0.00441258
366	9	0	0	0	0	0	0	232	254	0	-2.05E-05	4.21E-05	-3.05E-06	-0.00348698
366	10	0	0	0	0	0	0	232	254	0	-2.05E-05	4.21E-05	-3.05E-06	-0.00348698
366	11	0	0	0	0	0	0	232	254	0	-8.59E-06	3.86E-05	-1.71E-06	-0.0024646
366	12	0	0	0	0	0	0	232	254	0	-8.59E-06	3.86E-05	-1.71E-06	-0.0024646
366	13	0	0	0	0	0	0	232	254	0	-4.63E-06	3.30E-05	-1.51E-06	-0.00160427
366	14	0	0	0	0	0	0	232	254	0	-8.27E-06	2.48E-05	-3.42E-07	-0.00087529
366	15	0	0	0	0	0	0	232	254	0	-8.27E-06	2.48E-05	-3.42E-07	-0.00087529
366	16	0	0	0	0	0	0	232	254	0	-1.88E-05	1.45E-05	1.10E-06	-0.000269198
366	17	0	0	0	0	0	0	232	254	0	-1.88E-05	1.45E-05	1.10E-06	-0.000269198
366	18	0	0	0	0	0	0	232	254	0	-3.22E-05	2.01E-06	3.03E-06	0.00023223
366	19	0	0	0	0	0	0	232	254	0	-3.22E-05	2.01E-06	3.03E-06	0.00023223
367	0	0	0	0	0	0	0	232	254	0	-4.20E-05	-1.03E-05	6.15E-06	0.000641635
367	1	0	0	0	0	0	0	232	254	0	-4.20E-05	-1.03E-05	6.15E-06	0.000641635
367	2	0	0	0	0	0	0	232	254	0	-4.52E-05	-2.19E-05	1.03E-05	0.000971465
367	3	0	0	0	0	0	0	232	254	0	-4.27E-05	-3.47E-05	1.20E-05	0.00123375
367	4	0	0	0	0	0	0	232	254	0	-4.27E-05	-3.47E-05	1.20E-05	0.00123375
367	5	0	0	0	0	0	0	232	254	0	-3.75E-05	-4.36E-05	1.17E-05	0.00142922
367	6	0	0	0	0	0	0	232	254	0	-3.75E-05	-4.36E-05	1.17E-05	0.00142922
367	7	0	0	0	0	0	0	232	254	0	-3.62E-05	-4.62E-05	1.08E-05	0.00156787
367	8	0	0	0	0	0	0	232	254	0	-3.62E-05	-4.62E-05	1.08E-05	0.00156787
367	9	0	0	0	0	0	0	232	254	0	-3.62E-05	-4.65E-05	8.94E-06	0.00167647
367	10	0	0	0	0	0	0	232	254	0	-3.62E-05	-4.65E-05	8.94E-06	0.00167647
367	11	0	0	0	0	0	0	232	254	0	-3.30E-05	-4.89E-05	8.69E-06	0.00178634
367	12	0	0	0	0	0	0	232	254	0	-2.86E-05	-5.14E-05	9.60E-06	0.00192683
367	13	0	0	0	0	0	0	232	254	0	-2.86E-05	-5.14E-05	9.60E-06	0.00192683
367	14	0	0	0	0	0	0	232	254	0	-2.68E-05	-4.96E-05	9.67E-06	0.00210963
367	15	0	0	0	0	0	0	232	254	0	-2.68E-05	-4.96E-05	9.67E-06	0.00210963
367	16	0	0	0	0	0	0	232	254	0	-2.60E-05	-4.80E-05	9.33E-06	0.00230884
367	17	0	0	0	0	0	0	232	254	0	-2.60E-05	-4.80E-05	9.33E-06	0.00230884
367	18	0	0	0	0	0	0	232	254	0	-2.57E-05	-4.77E-05	7.83E-06	0.00249597
367	19	0	0	0	0	0	0	232	254	0	-2.57E-05	-4.77E-05	7.83E-06	0.00249597
368	0	0	0	0	0	0	0	232	254	0	-2.47E-05	-4.60E-05	8.15E-06	0.0026797
368	1	0	0	0	0	0	0	232	254	0	-2.32E-05	-4.13E-05	6.69E-06	0.00287701
368	2	0	0	0	0	0	0	232	254	0	-2.32E-05	-4.13E-05	6.69E-06	0.00287701
368	3	0	0	0	0	0	0	232	254	0	-2.04E-05	-3.74E-05	2.95E-06	0.00306808
368	4	0	0	0	0	0	0	232	254	0	-2.04E-05	-3.74E-05	2.95E-06	0.00306808
368	5	0	0	0	0	0	0	232	254	0	-1.80E-05	-3.29E-05	-3.09E-07	0.00323979
368	6	0	0	0	0	0	0	232	254	0	-1.80E-05	-3.29E-05	-3.09E-07	0.00323979
368	7	0	0	0	0	0	0	232	254	0	-1.71E-05	-2.79E-05	-1.06E-06	0.00339594
368	8	0	0	0	0	0	0	232	254	0	-1.71E-05	-2.79E-05	-1.06E-06	0.00339594
368	9	0	0	0	0	0	0	232	254	0	-1.46E-05	-2.34E-05	-8.90E-07	0.00351739
368	10	0	0	0	0	0	0	232	254	0	-1.27E-05	-1.76E-05	-2.48E-06	0.00360327
368	11	0	0	0	0	0	0	232	254	0	-1.27E-05	-1.76E-05	-2.48E-06	0.00360327
368	12	0	0	0	0	0	0	232	254	0	-1.55E-05	-1.30E-05	-4.59E-06	0.00368719
368	13	0	0	0	0	0	0	232	254	0	-1.55E-05	-1.30E-05	-4.59E-06	0.00368719
368	14	0	0	0	0	0	0	232	254	0	-1.74E-05	-9.81E-06	-7.54E-06	0.00376441
368	15	0	0	0	0	0	0	232	254	0	-1.74E-05	-9.81E-06	-7.54E-06	0.00376441
368	16	0	0	0	0	0	0	232	254	0	-1.76E-05	-6.32E-06	-1.23E-05	0.00381364
368	17	0	0	0	0	0	0	232	254	0	-1.76E-05	-6.32E-06	-1.23E-05	0.00381364
368	18	0	0	0	0	0	0	232	254	0	-1.84E-05	-4.27E-06	-1.76E-05	0.00380417
368	19	0	0	0	0	0	0	232	254	0	-1.89E-05	-3.74E-06	-2.10E-05	0.00371843
369	0	0	0	0	0	0	0	232	254	0	-1.89E-05	-3.74E-06	-2.10E-05	0.00371843
369	1	0	0	0	0	0	0	232	254	0	-1.99E-05	-1.94E-06	-2.10E-05	0.00357498
369	2	0	0	0	0	0	0	232	254	0	-1.99E-05	-1.94E-06	-2.10E-05	0.00357498
369	3	0	0	0	0	0	0	232	254	0	-2.01E-05	-1.06E-06	-2.18E-05	0.00340167
369	4	0	0	0	0	0	0	232	254	0	-2.01E-05	-1.06E-06	-2.18E-05	0.00340167
369	5	0	0	0	0	0	0	232	254	0	-1.62E-05	7.47E-07	-2.38E-05	0.00322337
369	6	0	0	0	0	0	0	232	254	0	-1.62E-05	7.47E-07	-2.38E-05	0.00322337
369	7	0	0	0	0	0	0	232	254	0	-1.34E-05	4.78E-06	-2.63E-05	0.00305725
369	8	0	0	0	0	0	0	232	254	0	-1.46E-05	8.55E-06	-2.87E-05	0.00291003
369	9	0	0	0	0	0	0	232	254	0	-1.46E-05	8.55E-06	-2.87E-05	0.00291003
369	10	0	0	0	0	0	0	232	254	0	-1.05E-05	1.14E-05	-3.05E-05	0.00279436
369	11	0	0	0	0	0	0	232	254	0	-1.05E-05	1.14E-05	-3.05E-05	0.00279436
369	12	0	0	0	0	0	0	232	254	0	-3.60E-06	1.39E-05	-3.05E-05	0.00273504
369	13	0	0	0	0	0	0	232	254	0	-3.60E-06	1.39E-05	-3.05E-05	0.00273504
369	14	0	0	0	0	0	0	232	254	0	-5.75E-07	1.86E-05	-3.23E-05	0.00273985
369	15	0	0	0	0	0	0	232	254	0	-5.75E-07	1.86E-05	-3.23E-05	0.00273985
369	16	0	0	0	0	0	0	232	254	0	-2.04E-06	2.15E-05	-3.45E-05	0.00280916
369	17	0	0	0	0	0	0	232	254	0	-6.36E-06	2.16E-05	-3.41E-05	0.00290467
369	18	0	0	0	0	0	0	232	254	0	-6.36E-06	2.16E-05	-3.41E-05	0.00290467
369	19	0	0	0	0	0	0	232	254	0	-1.37E-05	2.48E-05	-3.33E-05	0.0030332
370	0	0	0	0	0	0	0	232	254	0	-1.37E-05	2.48E-05	-3.33E-05	0.0030332
370	1	0	0	0	0	0	0	232	254	0	-1.67E-05	2.61E-05	-3.38E-05	0.00321556
370	2	0	0	0	0	0	0	232	254	0	-1.67E-05	2.61E-05	-3.38E-05	0.00321556
370	3	0	0	0	0	0	0	232	254	0	-1.72E-05	2.53E-05	-3.20E-05	0.00346007
370	4	0	0	0	0	0	0	232	254	0	-1.72E-05	2.53E-05	-3.20E-05	0.00346007
370	5	0	0	0	0	0	0	232	254	0	-2.59E-05	2.56E-05	-3.14E-05	0.00366499
370	6	0	0	0	0	0	0	232	254	0	-3.63E-05	2.64E-05	-3.23E-05	0.00365997
370	7	0	0	0	0	0	0	232	254	0	-3.63E-05	2.64E-05	-3.23E-05	0.00365997
370	8	0	0	0	0	0	0	232	254	0	-3.95E-05	2.72E-05	-3.17E-05	0.00340679
370	9	0	0	0	0	0	0	232	254	0	-3.95E-05	2.72E-05	-3.17E-05	0.00340679
370	10	0	0	0	0	0	0	232	254	0	-3.67E-05	2.84E-05	-2.90E-05	0.00292567
370	11	0	0	0	0	0	0	232	254	0	-3.67E-05	2.84E-05	-2.90E-05	0.00292567
370	12	0	0	0	0	0	0	232	254	0	-3.33E-05	2.86E-05	-2.57E-05	0.0021814
370	13	0	0	0	0	0	0	232	254	0	-3.33E-05	2.86E-05	-2.57E-05	0.0021814
370	14	0	0	0	0	0	0	232	254	0	-3.01E-05	2.58E-05	-2.16E-05	0.0011848
370	15	0	0	0	0	0	0	232	254	0	-2.55E-05	2.30E-05	-1.75E-05	2.19E-05
370	16	0	0	0	0	0	0	232	254	0	-2.55E-05	2.30E-05	-1.75E-05	2.19E-05
370	17	0	0	0	0	0	0	232	254	0	-2.00E-05	2.37E-05	-1.44E-05	-0.00117859
370	18	0	0	0	0	0	0	232	254	0	-2.00E-05	2.37E-05	-1.44E-05	-0.00117859
370	19	0	0	0	0	0	0	232	254	0	-1.62E-05	2.31E-05	-1.29E-05	-0.00222581
371	0	0	0	0	0	0	0	232	254	0	-1.62E-05	2.31E-05	-1.29E-05	-0.00222581
371	1	0	0	0	0	0	0	232	254	0	-1.66E-05	2.17E-05	-1.12E-05	-0.00301337
371	2	0	0	0	0	0	0	232	254	0	-1.66E-05	2.17E-05	-1.12E-05	-0.00301337
371	3	0	0	0	0	0	0	232	254	0	-1.76E-05	2.13E-05	-9.05E-06	-0.00353175
371	4	0	0	0	0	0	0	232	254	0	-1.98E-05	2.26E-05	-7.11E-06	-0.00380905
371	5	0	0	0	0	0	0	232	254	0	-1.98E-05	2.26E-05	-7.11E-06	-0.00380905
371	6	0	0	0	0	0	0	232	254	0	-2.32E-05	2.14E-05	-5.61E-06	-0.00388972
371	7	0	0	0	0	0	0	232	254	0	-2.32E-05	2.14E-05	-5.61E-06	-0.00388972
371	8	0	0	0	0	0	0	232	254	0	-2.42E-05	1.89E-05	-3.92E-06	-0.00383173
371	9	0	0	0	0	0	0	232	254	0	-2.42E-05	1.89E-05	-3.92E-06	-0.00383173
371	10	0	0	0	0	0	0	232	254	0	-2.59E-05	1.66E-05	-1.84E-06	-0.00366125
371	11	0	0	0	0	0	0	232	254	0	-2.59E-05	1.66E-05	-1.84E-06	-0.00366125
371	12	0	0	0	0	0	0	232	254	0	-2.68E-05	1.56E-05	-1.64E-06	-0.00340257
371	13	0	0	0	0	0	0	232	254	0	-2.32E-05	1.51E-05	-1.14E-06	-0.00307301
371	14	0	0	0	0	0	0	232	254	0	-2.32E-05	1.51E-05	-1.14E-06	-0.00307301
371	15	0	0	0	0	0	0	232	254	0	-1.37E-05	1.26E-05	-1.31E-06	-0.00266925
371	16	0	0	0	0	0	0	232	254	0	-1.37E-05	1.26E-05	-1.31E-06	-0.00266925
371	17	0	0	0	0	0	0	232	254	0	6.72E-06	1.24E-05	-1.51E-06	-0.00222792
371	18	0	0	0	0	0	0	232	254	0	6.72E-06	1.24E-05	-1.51E-06	-0.00222792
371	19	0	0	0	0	0	0	232	254	0	1.96E-05	1.19E-05	-1.07E-07	-0.00180967
372	0	0	0	0	0	0	0	232	254	0	1.96E-05	1.19E-05	-1.07E-07	-0.00180967
372	1	0	0	0	0	0	0	232	254	0	1.29E-05	9.94E-06	9.71E-07	-0.00143398
372	2	0	0	0	0	0	0	232	254	0	-6.07E-06	9.47E-06	2.58E-06	-0.00110751
372	3	0	0	0	0	0	0	232	254	0	-6.07E-06	9.47E-06	2.58E-06	-0.00110751
372	4	0	0	0	0	0	0	232	254	0	-2.79E-05	9.10E-06	4.01E-06	-0.000829571
372	5	0	0	0	0	0	0	232	254	0	-2.79E-05	9.10E-06	4.01E-06	-0.000829571
372	6	0	0	0	0	0	0	232	254	0	-4.29E-05	9.60E-06	3.55E-06	-0.000581319
372	7	0	0	0	0	0	0	232	254	0	-4.29E-05	9.60E-06	3.55E-06	-0.000581319
372	8	0	0	0	0	0	0	232	254	0	-4.93E-05	1.04E-05	3.19E-06	-0.000327739
372	9	0	0	0	0	0	0	232	254	0	-4.93E-05	1.04E-05	3.19E-06	-0.000327739
372	10	0	0	0	0	0	0	232	254	0	-5.03E-05	1.10E-05	2.84E-06	-8.04E-05
372	11	0	0	0	0	0	0	232	254	0	-4.62E-05	1.26E-05	2.80E-06	7.27E-05
372	12	0	0	0	0	0	0	232	254	0	-4.62E-05	1.26E-05	2.80E-06	7.27E-05
372	13	0	0	0	0	0	0	232	254	0	-4.12E-05	1.26E-05	2.97E-06	0.000131117
372	14	0	0	0	0	0	0	232	254	0	-4.12E-05	1.26E-05	2.97E-06	0.000131117
372	15	0	0	0	0	0	0	232	254	0	-3.67E-05	1.13E-05	6.41E-06	0.000170271
372	16	0	0	0	0	0	0	232	254	0	-3.67E-05	1.13E-05	6.41E-06	0.000170271
372	17	0	0	0	0	0	0	232	254	0	-3.24E-05	1.07E-05	8.12E-06	0.000190975
372	18	0	0	0	0	0	0	232	254	0	-3.24E-05	1.07E-05	8.12E-06	0.000190975
372	19	0	0	0	0	0	0	232	254	0	-2.58E-05	7.77E-06	6.82E-06	0.00017746
373	0	0	0	0	0	0	0	232	254	0	-2.03E-05	5.38E-06	5.98E-06	0.00010383
373	1	0	0	0	0	0	0	232	254	0	-2.03E-05	5.38E-06	5.98E-06	0.00010383
373	2	0	0	0	0	0	0	232	254	0	-1.72E-05	4.52E-06	8.21E-06	9.65E-06
373	3	0	0	0	0	0	0	232	254	0	-1.72E-05	4.52E-06	8.21E-06	9.65E-06
373	4	0	0	0	0	0	0	232	254	0	-1.70E-05	2.61E-06	1.09E-05	-4.04E-05
373	5	0	0	0	0	0	0	232	254	0	-1.70E-05	2.61E-06	1.09E-05	-4.04E-05
373	6	0	0	0	0	0	0	232	254	0	-1.71E-05	4.43E-07	1.13E-05	-5.28E-05
373	7	0	0	0	0	0	0	232	254	0	-1.71E-05	4.43E-07	1.13E-05	-5.28E-05
373	8	0	0	0	0	0	0	232	254	0	-1.81E-05	-2.74E-06	9.84E-06	-2.77E-05
373	9	0	0	0	0	0	0	232	254	0	-1.96E-05	-1.18E-07	1.02E-05	1.58E-05
373	10	0	0	0	0	0	0	232	254	0	-1.96E-05	-1.18E-07	1.02E-05	1.58E-05
373	11	0	0	0	0	0	0	232	254	0	-2.22E-05	2.68E-06	9.29E-06	4.23E-05
373	12	0	0	0	0	0	0	232	254	0	-2.22E-05	2.68E-06	9.29E-06	4.23E-05
373	13	0	0	0	0	0	0	232	254	0	-2.44E-05	2.02E-06	5.34E-06	6.06E-05
373	14	0	0	0	0	0	0	232	254	0	-2.44E-05	2.02E-06	5.34E-06	6.06E-05
373	15	0	0	0	0	0	0	232	254	0	-2.36E-05	3.41E-07	2.34E-06	7.82E-05
373	16	0	0	0	0	0	0	232	254	0	-2.36E-05	3.41E-07	2.34E-06	7.82E-05
373	17	0	0	0	0	0	0	232	254	0	-2.30E-05	6.51E-07	-3.10E-07	7.01E-05
373	18	0	0	0	0	0	0	232	254	0	-2.11E-05	-5.13E-07	-1.88E-06	9.32E-06
373	19	0	0	0	0	0	0	232	254	0	-2.11E-05	-5.13E-07	-1.88E-06	9.32E-06
374	0	0	0	0	0	0	0	232	254	0	-1.87E-05	-1.64E-06	-5.45E-07	-9.76E-05
374	1	0	0	0	0	0	0	232	254	0	-1.87E-05	-1.64E-06	-5.45E-07	-9.76E-05
374	2	0	0	0	0	0	0	232	254	0	-1.77E-05	-1.38E-06	-2.99E-06	-0.000233419
374	3	0	0	0	0	0	0	232	254	0	-1.77E-05	-1.38E-06	-2.99E-06	-0.000233419
374	4	0	0	0	0	0	0	232	254	0	-1.86E-05	-4.73E-07	-6.59E-06	-0.000358767
374	5	0	0	0	0	0	0	232	254	0	-1.86E-05	-4.73E-07	-6.59E-06	-0.000358767
374	6	0	0	0	0	0	0	232	254	0	-1.91E-05	-8.70E-07	-7.32E-06	-0.000423333
374	7	0	0	0	0	0	0	232	254	0	-1.78E-05	-2.11E-06	-8.62E-06	-0.000456839
374	8	0	0	0	0	0	0	232	254	0	-1.78E-05	-2.11E-06	-8.62E-06	-0.000456839
374	9	0	0	0	0	0	0	232	254	0	-1.75E-05	-1.82E-06	-8.88E-06	-0.000473902
374	10	0	0	0	0	0	0	232	254	0	-1.75E-05	-1.82E-06	-8.88E-06	-0.000473902
374	11	0	0	0	0	0	0	232	254	0	-1.79E-05	-2.21E-06	-8.96E-06	-0.000486368
374	12	0	0	0	0	0	0	232	254	0	-1.79E-05	-2.21E-06	-8.96E-06	-0.000486368
374	13	0	0	0	0	0	0	232	254	0	-1.96E-05	-3.45E-06	-1.25E-05	-0.000509935
374	14	0	0	0	0	0	0	232	254	0	-1.96E-05	-3.45E-06	-1.25E-05	-0.000509935
374	15	0	0	0	0	0	0	232	254	0	-2.10E-05	-2.46E-06	-1.58E-05	-0.000526322
374	16	0	0	0	0	0	0	232	254	0	-1.99E-05	-1.14E-06	-1.64E-05	-0.000531369
374	17	0	0	0	0	0	0	232	254	0	-1.99E-05	-1.14E-06	-1.64E-05	-0.000531369
374	18	0	0	0	0	0	0	232	254	0	-1.88E-05	-2.48E-06	-1.67E-05	-0.000526352
374	19	0	0	0	0	0	0	232	254	0	-1.88E-05	-2.48E-06	-1.67E-05	-0.000526352
375	0	0	0	0	0	0	0	232	254	0	-1.90E-05	-3.54E-06	-1.74E-05	-0.000496142
375	1	0	0	0	0	0	0	232	254	0	-1.90E-05	-3.54E-06	-1.74E-05	-0.000496142
375	2	0	0	0	0	0	0	232	254	0	-1.90E-05	-4.51E-06	-1.96E-05	-0.0004442
375	3	0	0	0	0	0	0	232	254	0	-1.90E-05	-4.51E-06	-1.96E-05	-0.0004442
375	4	0	0	0	0	0	0	232	254	0	-1.76E-05	-4.98E-06	-2.29E-05	-0.000385428
375	5	0	0	0	0	0	0	232	254	0	-1.37E-05	-5.39E-06	-2.05E-05	-0.000324248
375	6	0	0	0	0	0	0	232	254	0	-1.37E-05	-5.39E-06	-2.05E-05	-0.000324248
375	7	0	0	0	0	0	0	232	254	0	-1.10E-05	-5.66E-06	-1.87E-05	-0.00026161
375	8	0	0	0	0	0	0	232	254	0	-1.10E-05	-5.66E-06	-1.87E-05	-0.00026161
375	9	0	0	0	0	0	0	232	254	0	-9.35E-06	-7.46E-06	-2.02E-05	-0.000185796
375	10	0	0	0	0	0	0	232	254	0	-9.35E-06	-7.46E-06	-2.02E-05	-0.000185796
375	11	0	0	0	0	0	0	232	254	0	-9.60E-06	-7.05E-06	-2.02E-05	-9.39E-05
375	12	0	0	0	0	0	0	232	254	0	-9.60E-06	-7.05E-06	-2.02E-05	-9.39E-05
375	13	0	0	0	0	0	0	232	254	0	-1.29E-05	-4.79E-06	-1.60E-05	6.05E-06
375	14	0	0	0	0	0	0	232	254	0	-1.49E-05	-4.15E-06	-8.65E-06	9.25E-05
375	15	0	0	0	0	0	0	232	254	0	-1.49E-05	-4.15E-06	-8.65E-06	9.25E-05
375	16	0	0	0	0	0	0	232	254	0	-1.62E-05	-2.56E-06	-7.03E-06	0.000170942
375	17	0	0	0	0	0	0	232	254	0	-1.62E-05	-2.56E-06	-7.03E-06	0.000170942
375	18	0	0	0	0	0	0	232	254	0	-1.83E-05	-1.14E-06	-9.84E-06	0.000248356
375	19	0	0	0	0	0	0	232	254	0	-1.83E-05	-1.14E-06	-9.84E-06	0.000248356
376	0	0	0	0	0	0	0	232	254	0	-2.01E-05	-7.22E-07	-1.24E-05	0.000311059
376	1	0	0	0	0	0	0	232	254	0	-2.01E-05	-7.22E-07	-1.24E-05	0.000311059
376	2	0	0	0	0	0	0	232	254	0	-2.28E-05	-7.88E-07	-1.39E-05	0.000381963
376	3	0	0	0	0	0	0	232	254	0	-2.57E-05	-8.39E-07	-1.34E-05	0.000506673
376	4	0	0	0	0	0	0	232	254	0	-2.57E-05	-8.39E-07	-1.34E-05	0.000506673
376	5	0	0	0	0	0	0	232	254	0	-2.61E-05	1.03E-06	-1.05E-05	0.000661156
376	6	0	0	0	0	0	0	232	254	0	-2.61E-05	1.03E-06	-1.05E-05	0.000661156
376	7	0	0	0	0	0	0	232	254	0	-2.12E-05	2.08E-06	-9.05E-06	0.000772222
376	8	0	0	0	0	0	0	232	254	0	-2.12E-05	2.08E-06	-9.05E-06	0.000772222
376	9	0	0	0	0	0	0	232	254	0	-1.97E-05	2.53E-06	-9.36E-06	0.000828999
376	10	0	0	0	0	0	0	232	254	0	-1.97E-05	2.53E-06	-9.36E-06	0.000828999
376	11	0	0	0	0	0	0	232	254	0	-2.47E-05	4.91E-06	-1.05E-05	0.000875695
376	12	0	0	0	0	0	0	232	254	0	-2.98E-05	5.76E-06	-1.07E-05	0.000899099
376	13	0	0	0	0	0	0	232	254	0	-2.98E-05	5.76E-06	-1.07E-05	0.000899099
376	14	0	0	0	0	0	0	232	254	0	-3.12E-05	4.77E-06	-1.14E-05	0.000897479
376	15	0	0	0	0	0	0	232	254	0	-3.12E-05	4.77E-06	-1.14E-05	0.000897479
376	16	0	0	0	0	0	0	232	254	0	-2.92E-05	5.89E-06	-1.16E-05	0.000860155
376	17	0	0	0	0	0	0	232	254	0	-2.92E-05	5.89E-06	-1.16E-05	0.000860155
376	18	0	0	0	0	0	0	232	254	0	-2.79E-05	7.37E-06	-1.25E-05	0.000815351
376	19	0	0	0	0	0	0	232	254	0	-2.79E-05	7.37E-06	-1.25E-05	0.000815351
377	0	0	0	0	0	0	0	232	254	0	-2.82E-05	5.38E-06	-1.50E-05	0.000809273
377	1	0	0	0	0	0	0	232	254	0	-2.84E-05	4.48E-06	-1.31E-05	0.000748807
377	2	0	0	0	0	0	0	232	254	0	-2.84E-05	4.48E-06	-1.31E-05	0.000748807
377	3	0	0	0	0	0	0	232	254	0	-2.87E-05	4.77E-06	-1.27E-05	0.000680063
377	4	0	0	0	0	0	0	232	254	0	-2.87E-05	4.77E-06	-1.27E-05	0.000680063
377	5	0	0	0	0	0	0	232	254	0	-2.85E-05	3.58E-06	-1.48E-05	0.00060577
377	6	0	0	0	0	0	0	232	254	0	-2.85E-05	3.58E-06	-1.48E-05	0.00060577
377	7	0	0	0	0	0	0	232	254	0	-2.67E-05	3.49E-06	-1.37E-05	0.000386104
377	8	0	0	0	0	0	0	232	254	0	-2.67E-05	3.49E-06	-1.37E-05	0.000386104
377	9	0	0	0	0	0	0	232	254	0	-2.37E-05	2.41E-06	-1.15E-05	2.65E-05
377	10	0	0	0	0	0	0	232	254	0	-2.01E-05	4.42E-07	-1.09E-05	-0.000361502
377	11	0	0	0	0	0	0	232	254	0	-2.01E-05	4.42E-07	-1.09E-05	-0.000361502
377	12	0	0	0	0	0	0	232	254	0	-1.80E-05	-4.02E-07	-1.10E-05	-0.000736652
377	13	0	0	0	0	0	0	232	254	0	-1.80E-05	-4.02E-07	-1.10E-05	-0.000736652
377	14	0	0	0	0	0	0	232	254	0	-1.86E-05	-2.70E-07	-1.21E-05	-0.001132
377	15	0	0	0	0	0	0	232	254	0	-1.86E-05	-2.70E-07	-1.21E-05	-0.001132
377	16	0	0	0	0	0	0	232	254	0	-2.05E-05	1.47E-06	-1.33E-05	-0.00144396
377	17	0	0	0	0	0	0	232	254	0	-2.05E-05	1.47E-06	-1.33E-05	-0.00144396
377	18	0	0	0	0	0	0	232	254	0	-2.02E-05	4.76E-06	-1.55E-05	-0.0016294
377	19	0	0	0	0	0	0	232	254	0	-1.77E-05	6.81E-06	-1.53E-05	-0.00174696
378	0	0	0	0	0	0	0	232	254	0	-1.77E-05	6.81E-06	-1.53E-05	-0.00174696
378	1	0	0	0	0	0	0	232	254	0	-1.74E-05	8.39E-06	-1.42E-05	-0.00185704
378	2	0	0	0	0	0	0	232	254	0	-1.74E-05	8.39E-06	-1.42E-05	-0.00185704
378	3	0	0	0	0	0	0	232	254	0	-1.79E-05	9.13E-06	-1.16E-05	-0.00193504
378	4	0	0	0	0	0	0	232	254	0	-1.79E-05	9.13E-06	-1.16E-05	-0.00193504
378	5	0	0	0	0	0	0	232	254	0	-1.70E-05	8.53E-06	-9.40E-06	-0.00193994
378	6	0	0	0	0	0	0	232	254	0	-1.70E-05	8.53E-06	-9.40E-06	-0.00193994
378	7	0	0	0	0	0	0	232	254	0	-1.40E-05	8.93E-06	-9.13E-06	-0.00188523
378	8	0	0	0	0	0	0	232	254	0	-7.78E-06	1.24E-05	-8.06E-06	-0.00177989
378	9	0	0	0	0	0	0	232	254	0	-7.78E-06	1.24E-05	-8.06E-06	-0.00177989
378	10	0	0	0	0	0	0	232	254	0	-4.84E-06	1.48E-05	-7.09E-06	-0.0016299
378	11	0	0	0	0	0	0	232	254	0	-4.84E-06	1.48E-05	-7.09E-06	-0.0016299
378	12	0	0	0	0	0	0	232	254	0	-1.10E-05	1.47E-05	-8.52E-06	-0.00147135
378	13	0	0	0	0	0	0	232	254	0	-1.10E-05	1.47E-05	-8.52E-06	-0.00147135
378	14	0	0	0	0	0	0	232	254	0	-1.94E-05	1.55E-05	-1.16E-05	-0.00133506
378	15	0	0	0	0	0	0	232	254	0	-1.94E-05	1.55E-05	-1.16E-05	-0.00133506
378	16	0	0	0	0	0	0	232	254	0	-2.36E-05	1.54E-05	-1.28E-05	-0.00124019
378	17	0	0	0	0	0	0	232	254	0	-2.53E-05	1.55E-05	-1.20E-05	-0.00120579
378	18	0	0	0	0	0	0	232	254	0	-2.53E-05	1.55E-05	-1.20E-05	-0.00120579
378	19	0	0	0	0	0	0	232	254	0	-2.50E-05	1.63E-05	-1.09E-05	-0.0011948
379	0	0	0	0	0	0	0	232	254	0	-2.50E-05	1.63E-05	-1.09E-05	-0.0011948
379	1	0	0	0	0	0	0	232	254	0	-2.02E-05	1.50E-05	-8.35E-06	-0.00116475
379	2	0	0	0	0	0	0	232	254	0	-2.02E-05	1.50E-05	-8.35E-06	-0.00116475
379	3	0	0	0	0	0	0	232	254	0	-1.24E-05	1.42E-05	-8.91E-06	-0.00112558
379	4	0	0	0	0	0	0	232	254	0	-1.24E-05	1.42E-05	-8.91E-06	-0.00112558
379	5	0	0	0	0	0	0	232	254	0	-1.00E-05	1.18E-05	-1.09E-05	-0.00100966
379	6	0	0	0	0	0	0	232	254	0	-1.30E-05	9.69E-06	-8.02E-06	-0.000824276
379	7	0	0	0	0	0	0	232	254	0	-1.30E-05	9.69E-06	-8.02E-06	-0.000824276
379	8	0	0	0	0	0	0	232	254	0	-1.84E-05	1.06E-05	-4.91E-06	-0.000622258
379	9	0	0	0	0	0	0	232	254	0	-1.84E-05	1.06E-05	-4.91E-06	-0.000622258
379	10	0	0	0	0	0	0	232	254	0	-2.08E-05	1.01E-05	-6.54E-06	-0.000417024
379	11	0	0	0	0	0	0	232	254	0	-2.08E-05	1.01E-05	-6.54E-06	-0.000417024
379	12	0	0	0	0	0	0	232	254	0	-2.27E-05	9.33E-06	-8.14E-06	-0.000221687
379	13	0	0	0	0	0	0	232	254	0	-2.27E-05	9.33E-06	-8.14E-06	-0.000221687
379	14	0	0	0	0	0	0	232	254	0	-2.50E-05	1.02E-05	-8.28E-06	-4.70E-05
379	15	0	0	0	0	0	0	232	254	0	-2.94E-05	9.05E-06	-5.88E-06	0.000104959
379	16	0	0	0	0	0	0	232	254	0	-2.94E-05	9.05E-06	-5.88E-06	0.000104959
379	17	0	0	0	0	0	0	232	254	0	-3.18E-05	7.22E-06	-5.45E-06	0.000233949
379	18	0	0	0	0	0	0	232	254	0	-3.18E-05	7.22E-06	-5.45E-06	0.000233949
379	19	0	0	0	0	0	0	232	254	0	-3.09E-05	5.66E-06	-4.07E-06	0.000336083
380	0	0	0	0	0	0	0	232	254	0	-3.09E-05	5.66E-06	-4.07E-06	0.000336083
380	1	0	0	0	0	0	0	232	254	0	-3.06E-05	4.74E-06	-1.84E-06	0.000418693
380	2	0	0	0	0	0	0	232	254	0	-3.06E-05	4.74E-06	-1.84E-06	0.000418693
380	3	0	0	0	0	0	0	232	254	0	-3.00E-05	5.12E-06	-3.75E-06	0.000487448
380	4	0	0	0	0	0	0	232	254	0	-2.97E-05	6.19E-06	-5.80E-06	0.000542409
380	5	0	0	0	0	0	0	232	254	0	-2.97E-05	6.19E-06	-5.80E-06	0.000542409
380	6	0	0	0	0	0	0	232	254	0	-2.88E-05	6.90E-06	-7.15E-06	0.000583505
380	7	0	0	0	0	0	0	232	254	0	-2.88E-05	6.90E-06	-7.15E-06	0.000583505
380	8	0	0	0	0	0	0	232	254	0	-2.46E-05	5.18E-06	-8.37E-06	0.00061189
380	9	0	0	0	0	0	0	232	254	0	-2.46E-05	5.18E-06	-8.37E-06	0.00061189
380	10	0	0	0	0	0	0	232	254	0	-1.96E-05	3.78E-06	-9.55E-06	0.000625097
380	11	0	0	0	0	0	0	232	254	0	-1.96E-05	3.78E-06	-9.55E-06	0.000625097
380	12	0	0	0	0	0	0	232	254	0	-1.67E-05	1.65E-06	-9.43E-06	0.000625482
380	13	0	0	0	0	0	0	232	254	0	-1.55E-05	1.99E-08	-9.47E-06	0.00062246
380	14	0	0	0	0	0	0	232	254	0	-1.55E-05	1.99E-08	-9.47E-06	0.00062246
380	15	0	0	0	0	0	0	232	254	0	-1.68E-05	4.84E-07	-9.33E-06	0.000615928
380	16	0	0	0	0	0	0	232	254	0	-1.68E-05	4.84E-07	-9.33E-06	0.000615928
380	17	0	0	0	0	0	0	232	254	0	-1.73E-05	1.07E-06	-1.10E-05	0.000599444
380	18	0	0	0	0	0	0	232	254	0	-1.73E-05	1.07E-06	-1.10E-05	0.000599444
380	19	0	0	0	0	0	0	232	254	0	-1.72E-05	1.17E-06	-1.21E-05	0.000575439
381	0	0	0	0	0	0	0	232	254	0	-1.72E-05	1.17E-06	-1.21E-05	0.000575439
381	1	0	0	0	0	0	0	232	254	0	-1.93E-05	1.88E-06	-1.13E-05	0.000550929
381	2	0	0	0	0	0	0	232	254	0	-2.12E-05	1.71E-06	-9.97E-06	0.000528916
381	3	0	0	0	0	0	0	232	254	0	-2.12E-05	1.71E-06	-9.97E-06	0.000528916
381	4	0	0	0	0	0	0	232	254	0	-2.19E-05	1.63E-06	-9.33E-06	0.000499809
381	5	0	0	0	0	0	0	232	254	0	-2.19E-05	1.63E-06	-9.33E-06	0.000499809
381	6	0	0	0	0	0	0	232	254	0	-2.40E-05	3.91E-07	-9.47E-06	0.000473098
381	7	0	0	0	0	0	0	232	254	0	-2.40E-05	3.91E-07	-9.47E-06	0.000473098
381	8	0	0	0	0	0	0	232	254	0	-2.50E-05	6.62E-08	-1.02E-05	0.000453141
381	9	0	0	0	0	0	0	232	254	0	-2.50E-05	6.62E-08	-1.02E-05	0.000453141
381	10	0	0	0	0	0	0	232	254	0	-2.27E-05	1.69E-06	-1.03E-05	0.000425885
381	11	0	0	0	0	0	0	232	254	0	-2.02E-05	2.94E-06	-9.77E-06	0.000391154
381	12	0	0	0	0	0	0	232	254	0	-2.02E-05	2.94E-06	-9.77E-06	0.000391154
381	13	0	0	0	0	0	0	232	254	0	-1.95E-05	2.25E-06	-1.11E-05	0.000359229
381	14	0	0	0	0	0	0	232	254	0	-1.95E-05	2.25E-06	-1.11E-05	0.000359229
381	15	0	0	0	0	0	0	232	254	0	-2.25E-05	1.85E-06	-1.17E-05	0.000329652
381	16	0	0	0	0	0	0	232	254	0	-2.25E-05	1.85E-06	-1.17E-05	0.000329652
381	17	0	0	0	0	0	0	232	254	0	-2.42E-05	1.38E-06	-9.99E-06	0.000302737
381	18	0	0	0	0	0	0	232	254	0	-2.42E-05	1.38E-06	-9.99E-06	0.000302737
381	19	0	0	0	0	0	0	232	254	0	-2.32E-05	2.58E-06	-8.30E-06	0.000280632
382	0	0	0	0	0	0	0	232	254	0	-2.29E-05	3.66E-06	-7.77E-06	0.000263431
382	1	0	0	0	0	0	0	232	254	0	-2.29E-05	3.66E-06	-7.77E-06	0.000263431
382	2	0	0	0	0	0	0	232	254	0	-2.21E-05	3.63E-06	-7.60E-06	0.000248824
382	3	0	0	0	0	0	0	232	254	0	-2.21E-05	3.63E-06	-7.60E-06	0.000248824
382	4	0	0	0	0	0	0	232	254	0	-2.10E-05	4.11E-06	-8.96E-06	0.00022817
382	5	0	0	0	0	0	0	232	254	0	-2.10E-05	4.11E-06	-8.96E-06	0.00022817
382	6	0	0	0	0	0	0	232	254	0	-2.06E-05	5.53E-06	-1.05E-05	0.000207948
382	7	0	0	0	0	0	0	232	254	0	-2.06E-05	5.53E-06	-1.05E-05	0.000207948
382	8	0	0	0	0	0	0	232	254	0	-1.85E-05	5.93E-06	-1.02E-05	0.000199098
382	9	0	0	0	0	0	0	232	254	0	-1.86E-05	3.07E-06	-1.03E-05	0.000186139
382	10	0	0	0	0	0	0	232	254	0	-1.86E-05	3.07E-06	-1.03E-05	0.000186139
382	11	0	0	0	0	0	0	232	254	0	-1.76E-05	9.10E-07	-1.08E-05	0.00017315
382	12	0	0	0	0	0	0	232	254	0	-1.76E-05	9.10E-07	-1.08E-05	0.00017315
382	13	0	0	0	0	0	0	232	254	0	-1.61E-05	1.21E-06	-9.39E-06	0.000173675
382	14	0	0	0	0	0	0	232	254	0	-1.61E-05	1.21E-06	-9.39E-06	0.000173675
382	15	0	0	0	0	0	0	232	254	0	-1.62E-05	2.10E-06	-8.38E-06	0.000182893
382	16	0	0	0	0	0	0	232	254	0	-1.62E-05	2.10E-06	-8.38E-06	0.000182893
382	17	0	0	0	0	0	0	232	254	0	-1.57E-05	2.47E-06	-8.69E-06	0.000192348
382	18	0	0	0	0	0	0	232	254	0	-1.58E-05	2.87E-06	-1.03E-05	0.000200308
382	19	0	0	0	0	0	0	232	254	0	-1.58E-05	2.87E-06	-1.03E-05	0.000200308
383	0	0	0	0	0	0	0	232	254	0	-1.75E-05	3.14E-06	-1.11E-05	0.00021383
383	1	0	0	0	0	0	0	232	254	0	-1.75E-05	3.14E-06	-1.11E-05	0.00021383
383	2	0	0	0	0	0	0	232	254	0	-1.82E-05	3.42E-06	-1.19E-05	0.000226432
383	3	0	0	0	0	0	0	232	254	0	-1.82E-05	3.42E-06	-1.19E-05	0.000226432
383	4	0	0	0	0	0	0	232	254	0	-1.75E-05	4.46E-06	-1.27E-05	0.000245469
383	5	0	0	0	0	0	0	232	254	0	-1.75E-05	4.46E-06	-1.27E-05	0.000245469
383	6	0	0	0	0	0	0	232	254	0	-1.79E-05	3.70E-06	-1.25E-05	0.000288801
383	7	0	0	0	0	0	0	232	254	0	-1.92E-05	3.89E-06	-1.18E-05	0.000345856
383	8	0	0	0	0	0	0	232	254	0	-1.92E-05	3.89E-06	-1.18E-05	0.000345856
383	9	0	0	0	0	0	0	232	254	0	-1.96E-05	3.03E-06	-1.39E-05	0.000385153
383	10	0	0	0	0	0	0	232	254	0	-1.96E-05	3.03E-06	-1.39E-05	0.000385153
383	11	0	0	0	0	0	0	232	254	0	-2.06E-05	1.11E-06	-1.47E-05	0.000403343
383	12	0	0	0	0	0	0	232	254	0	-2.06E-05	1.11E-06	-1.47E-05	0.000403343
383	13	0	0	0	0	0	0	232	254	0	-2.05E-05	1.32E-06	-1.26E-05	0.000413173
383	14	0	0	0	0	0	0	232	254	0	-2.05E-05	1.32E-06	-1.26E-05	0.000413173
383	15	0	0	0	0	0	0	232	254	0	-2.12E-05	4.37E-06	-1.26E-05	0.000406397
383	16	0	0	0	0	0	0	232	254	0	-2.31E-05	5.30E-06	-1.01E-05	0.000379858
383	17	0	0	0	0	0	0	232	254	0	-2.31E-05	5.30E-06	-1.01E-05	0.000379858
383	18	0	0	0	0	0	0	232	254	0	-2.41E-05	5.44E-06	-5.38E-06	0.000344119
383	19	0	0	0	0	0	0	232	254	0	-2.41E-05	5.44E-06	-5.38E-06	0.000344119
384	0	0	0	0	0	0	0	232	254	0	-2.39E-05	5.89E-06	-4.56E-06	0.000303579
384	1	0	0	0	0	0	0	232	254	0	-2.39E-05	5.89E-06	-4.56E-06	0.000303579
384	2	0	0	0	0	0	0	232	254	0	-2.25E-05	5.46E-06	-7.44E-06	0.000253656
384	3	0	0	0	0	0	0	232	254	0	-2.25E-05	5.46E-06	-7.44E-06	0.000253656
384	4	0	0	0	0	0	0	232	254	0	-1.71E-05	5.09E-06	-8.79E-06	0.000207889
384	5	0	0	0	0	0	0	232	254	0	-1.40E-05	6.09E-06	-8.90E-06	0.000158634
384	6	0	0	0	0	0	0	232	254	0	-1.40E-05	6.09E-06	-8.90E-06	0.000158634
384	7	0	0	0	0	0	0	232	254	0	-1.69E-05	6.31E-06	-8.90E-06	9.11E-05
384	8	0	0	0	0	0	0	232	254	0	-1.69E-05	6.31E-06	-8.90E-06	9.11E-05
384	9	0	0	0	0	0	0	232	254	0	-2.08E-05	5.98E-06	-1.03E-05	2.25E-05
384	10	0	0	0	0	0	0	232	254	0	-2.08E-05	5.98E-06	-1.03E-05	2.25E-05
384	11	0	0	0	0	0	0	232	254	0	-2.29E-05	5.99E-06	-9.97E-06	-4.85E-05
384	12	0	0	0	0	0	0	232	254	0	-2.29E-05	5.99E-06	-9.97E-06	-4.85E-05
384	13	0	0	0	0	0	0	232	254	0	-2.33E-05	5.93E-06	-7.11E-06	-0.000115855
384	14	0	0	0	0	0	0	232	254	0	-2.38E-05	6.11E-06	-4.40E-06	-0.000178422
384	15	0	0	0	0	0	0	232	254	0	-2.38E-05	6.11E-06	-4.40E-06	-0.000178422
384	16	0	0	0	0	0	0	232	254	0	-2.47E-05	5.04E-06	-3.81E-06	-0.000232646
384	17	0	0	0	0	0	0	232	254	0	-2.47E-05	5.04E-06	-3.81E-06	-0.000232646
384	18	0	0	0	0	0	0	232	254	0	-2.52E-05	4.77E-06	-3.48E-07	-0.000266696
384	19	0	0	0	0	0	0	232	254	0	-2.52E-05	4.77E-06	-3.48E-07	-0.000266696
385	0	0	0	0	0	0	0	232	254	0	-2.58E-05	5.34E-06	3.40E-06	-0.000290223
385	1	0	0	0	0	0	0	232	254	0	-2.58E-05	5.34E-06	3.40E-06	-0.000290223
385	2	0	0	0	0	0	0	232	254	0	-2.40E-05	6.01E-06	9.69E-07	-0.000312496
385	3	0	0	0	0	0	0	232	254	0	-2.35E-05	8.20E-06	-2.14E-06	-0.000339035
385	4	0	0	0	0	0	0	232	254	0	-2.35E-05	8.20E-06	-2.14E-06	-0.000339035
385	5	0	0	0	0	0	0	232	254	0	-2.47E-05	6.61E-06	-4.49E-06	-0.000362601
385	6	0	0	0	0	0	0	232	254	0	-2.47E-05	6.61E-06	-4.49E-06	-0.000362601
385	7	0	0	0	0	0	0	232	254	0	-2.49E-05	3.20E-06	-6.37E-06	-0.000377764
385	8	0	0	0	0	0	0	232	254	0	-2.49E-05	3.20E-06	-6.37E-06	-0.000377764
385	9	0	0	0	0	0	0	232	254	0	-2.07E-05	2.65E-06	-6.65E-06	-0.000376838
385	10	0	0	0	0	0	0	232	254	0	-2.07E-05	2.65E-06	-6.65E-06	-0.000376838
385	11	0	0	0	0	0	0	232	254	0	-1.32E-05	3.91E-06	-6.08E-06	-0.000367549
385	12	0	0	0	0	0	0	232	254	0	-9.57E-06	5.77E-06	-7.05E-06	-0.000356908
385	13	0	0	0	0	0	0	232	254	0	-9.57E-06	5.77E-06	-7.05E-06	-0.000356908
385	14	0	0	0	0	0	0	232	254	0	-1.25E-05	6.73E-06	-7.55E-06	-0.000350146
385	15	0	0	0	0	0	0	232	254	0	-1.25E-05	6.73E-06	-7.55E-06	-0.000350146
385	16	0	0	0	0	0	0	232	254	0	-1.86E-05	7.35E-06	-4.74E-06	-0.00034476
385	17	0	0	0	0	0	0	232	254	0	-1.86E-05	7.35E-06	-4.74E-06	-0.00034476
385	18	0	0	0	0	0	0	232	254	0	-2.36E-05	8.02E-06	-3.29E-06	-0.000330558
385	19	0	0	0	0	0	0	232	254	0	-2.36E-05	8.02E-06	-3.29E-06	-0.000330558
386	0	0	0	0	0	0	0	232	254	0	-2.68E-05	8.34E-06	-5.41E-06	-0.000308265
386	1	0	0	0	0	0	0	232	254	0	-2.89E-05	7.10E-06	-8.60E-06	-0.000281284
386	2	0	0	0	0	0	0	232	254	0	-2.89E-05	7.10E-06	-8.60E-06	-0.000281284
386	3	0	0	0	0	0	0	232	254	0	-2.94E-05	6.19E-06	-9.57E-06	-0.00024606
386	4	0	0	0	0	0	0	232	254	0	-2.94E-05	6.19E-06	-9.57E-06	-0.00024606
386	5	0	0	0	0	0	0	232	254	0	-2.84E-05	7.33E-06	-7.93E-06	-0.000221255
386	6	0	0	0	0	0	0	232	254	0	-2.84E-05	7.33E-06	-7.93E-06	-0.000221255
386	7	0	0	0	0	0	0	232	254	0	-2.69E-05	7.42E-06	-1.03E-05	-0.000204396
386	8	0	0	0	0	0	0	232	254	0	-2.69E-05	7.42E-06	-1.03E-05	-0.000204396
386	9	0	0	0	0	0	0	232	254	0	-2.51E-05	4.64E-06	-1.23E-05	-0.000182596
386	10	0	0	0	0	0	0	232	254	0	-2.42E-05	4.46E-06	-1.24E-05	-0.000150648
386	11	0	0	0	0	0	0	232	254	0	-2.42E-05	4.46E-06	-1.24E-05	-0.000150648
386	12	0	0	0	0	0	0	232	254	0	-2.28E-05	2.88E-06	-1.13E-05	-0.00012301
386	13	0	0	0	0	0	0	232	254	0	-2.28E-05	2.88E-06	-1.13E-05	-0.00012301
386	14	0	0	0	0	0	0	232	254	0	-1.90E-05	1.19E-06	-1.09E-05	-0.000120565
386	15	0	0	0	0	0	0	232	254	0	-1.90E-05	1.19E-06	-1.09E-05	-0.000120565
386	16	0	0	0	0	0	0	232	254	0	-1.58E-05	7.22E-07	-1.10E-05	-0.000130893
386	17	0	0	0	0	0	0	232	254	0	-1.58E-05	7.22E-07	-1.10E-05	-0.000130893
386	18	0	0	0	0	0	0	232	254	0	-1.51E-05	1.49E-06	-1.07E-05	-0.000138428
386	19	0	0	0	0	0	0	232	254	0	-1.60E-05	3.60E-06	-1.17E-05	-0.000147061
387	0	0	0	0	0	0	0	232	254	0	-1.60E-05	3.60E-06	-1.17E-05	-0.000147061
387	1	0	0	0	0	0	0	232	254	0	-1.77E-05	5.42E-06	-1.39E-05	-0.000153452
387	2	0	0	0	0	0	0	232	254	0	-1.77E-05	5.42E-06	-1.39E-05	-0.000153452
387	3	0	0	0	0	0	0	232	254	0	-1.95E-05	5.17E-06	-1.41E-05	-0.000153988
387	4	0	0	0	0	0	0	232	254	0	-1.95E-05	5.17E-06	-1.41E-05	-0.000153988
387	5	0	0	0	0	0	0	232	254	0	-1.97E-05	5.57E-06	-1.29E-05	-0.000162714
387	6	0	0	0	0	0	0	232	254	0	-1.97E-05	5.57E-06	-1.29E-05	-0.000162714
387	7	0	0	0	0	0	0	232	254	0	-1.84E-05	4.47E-06	-1.03E-05	-0.000184941
387	8	0	0	0	0	0	0	232	254	0	-1.84E-05	3.51E-06	-8.70E-06	-0.000202813
387	9	0	0	0	0	0	0	232	254	0	-1.84E-05	3.51E-06	-8.70E-06	-0.000202813
387	10	0	0	0	0	0	0	232	254	0	-1.79E-05	1.95E-06	-8.74E-06	-0.0002179
387	11	0	0	0	0	0	0	232	254	0	-1.79E-05	1.95E-06	-8.74E-06	-0.0002179
387	12	0	0	0	0	0	0	232	254	0	-1.76E-05	6.40E-07	-9.83E-06	-0.000238846
387	13	0	0	0	0	0	0	232	254	0	-1.76E-05	6.40E-07	-9.83E-06	-0.000238846
387	14	0	0	0	0	0	0	232	254	0	-1.95E-05	-2.50E-07	-1.11E-05	-0.00026323
387	15	0	0	0	0	0	0	232	254	0	-1.95E-05	-2.50E-07	-1.11E-05	-0.00026323
387	16	0	0	0	0	0	0	232	254	0	-1.95E-05	1.99E-07	-1.09E-05	-0.000286081
387	17	0	0	0	0	0	0	232	254	0	-1.48E-05	1.21E-06	-9.45E-06	-0.000309709
387	18	0	0	0	0	0	0	232	254	0	-1.48E-05	1.21E-06	-9.45E-06	-0.000309709
387	19	0	0	0	0	0	0	232	254	0	-1.06E-05	3.40E-07	-7.96E-06	-0.000317536
388	0	0	0	0	0	0	0	232	254	0	-1.06E-05	3.40E-07	-7.96E-06	-0.000317536
388	1	0	0	0	0	0	0	232	254	0	-1.26E-05	-1.68E-07	-8.14E-06	-0.000304858
388	2	0	0	0	0	0	0	232	254	0	-1.26E-05	-1.68E-07	-8.14E-06	-0.000304858
388	3	0	0	0	0	0	0	232	254	0	-1.74E-05	4.18E-07	-9.21E-06	-0.000287448
388	4	0	0	0	0	0	0	232	254	0	-1.74E-05	4.18E-07	-9.21E-06	-0.000287448
388	5	0	0	0	0	0	0	232	254	0	-2.04E-05	1.84E-06	-8.40E-06	-0.000279395
388	6	0	0	0	0	0	0	232	254	0	-2.22E-05	2.70E-06	-6.25E-06	-0.000276253
388	7	0	0	0	0	0	0	232	254	0	-2.22E-05	2.70E-06	-6.25E-06	-0.000276253
388	8	0	0	0	0	0	0	232	254	0	-2.34E-05	3.44E-06	-7.18E-06	-0.000272396
388	9	0	0	0	0	0	0	232	254	0	-2.34E-05	3.44E-06	-7.18E-06	-0.000272396
388	10	0	0	0	0	0	0	232	254	0	-2.32E-05	2.87E-06	-1.00E-05	-0.000268032
388	11	0	0	0	0	0	0	232	254	0	-2.32E-05	2.87E-06	-1.00E-05	-0.000268032
388	12	0	0	0	0	0	0	232	254	0	-2.32E-05	2.52E-06	-1.11E-05	-0.000256642
388	13	0	0	0	0	0	0	232	254	0	-2.32E-05	2.52E-06	-1.11E-05	-0.000256642
388	14	0	0	0	0	0	0	232	254	0	-2.31E-05	3.92E-06	-9.84E-06	-0.000229209
388	15	0	0	0	0	0	0	232	254	0	-2.46E-05	4.41E-06	-9.70E-06	-0.000198601
388	16	0	0	0	0	0	0	232	254	0	-2.46E-05	4.41E-06	-9.70E-06	-0.000198601
388	17	0	0	0	0	0	0	232	254	0	-2.35E-05	5.42E-06	-1.04E-05	-0.000180184
388	18	0	0	0	0	0	0	232	254	0	-2.35E-05	5.42E-06	-1.04E-05	-0.000180184
388	19	0	0	0	0	0	0	232	254	0	-2.29E-05	6.11E-06	-9.87E-06	-0.000166472
389	0	0	0	0	0	0	0	232	254	0	-2.29E-05	6.11E-06	-9.87E-06	-0.000166472
389	1	0	0	0	0	0	0	232	254	0	-2.28E-05	4.57E-06	-8.51E-06	-0.000134206
389	2	0	0	0	0	0	0	232	254	0	-2.28E-05	4.57E-06	-8.51E-06	-0.000134206
389	3	0	0	0	0	0	0	232	254	0	-2.08E-05	3.63E-06	-8.17E-06	-8.87E-05
389	4	0	0	0	0	0	0	232	254	0	-1.93E-05	3.29E-06	-9.63E-06	-4.89E-05
389	5	0	0	0	0	0	0	232	254	0	-1.93E-05	3.29E-06	-9.63E-06	-4.89E-05
389	6	0	0	0	0	0	0	232	254	0	-2.05E-05	4.36E-06	-1.08E-05	-2.40E-05
389	7	0	0	0	0	0	0	232	254	0	-2.05E-05	4.36E-06	-1.08E-05	-2.40E-05
389	8	0	0	0	0	0	0	232	254	0	-2.31E-05	3.23E-06	-1.14E-05	-1.00E-05
389	9	0	0	0	0	0	0	232	254	0	-2.31E-05	3.23E-06	-1.14E-05	-1.00E-05
389	10	0	0	0	0	0	0	232	254	0	-2.83E-05	2.28E-06	-1.02E-05	2.12E-06
389	11	0	0	0	0	0	0	232	254	0	-2.83E-05	2.28E-06	-1.02E-05	2.12E-06
389	12	0	0	0	0	0	0	232	254	0	-3.10E-05	3.59E-06	-7.93E-06	9.62E-06
389	13	0	0	0	0	0	0	232	254	0	-3.20E-05	3.03E-06	-8.62E-06	1.29E-05
389	14	0	0	0	0	0	0	232	254	0	-3.20E-05	3.03E-06	-8.62E-06	1.29E-05
389	15	0	0	0	0	0	0	232	254	0	-2.77E-05	2.52E-06	-8.65E-06	2.02E-05
389	16	0	0	0	0	0	0	232	254	0	-2.77E-05	2.52E-06	-8.65E-06	2.02E-05
389	17	0	0	0	0	0	0	232	254	0	-1.70E-05	2.75E-06	-9.80E-06	2.65E-05
389	18	0	0	0	0	0	0	232	254	0	-1.70E-05	2.75E-06	-9.80E-06	2.65E-05
389	19	0	0	0	0	0	0	232	254	0	-1.40E-05	4.02E-06	-1.26E-05	3.06E-05
390	0	0	0	0	0	0	0	232	254	0	-1.40E-05	4.02E-06	-1.26E-05	3.06E-05
390	1	0	0	0	0	0	0	232	254	0	-2.08E-05	5.00E-06	-1.28E-05	3.85E-05
390	2	0	0	0	0	0	0	232	254	0	-2.88E-05	4.50E-06	-1.12E-05	4.38E-05
390	3	0	0	0	0	0	0	232	254	0	-2.88E-05	4.50E-06	-1.12E-05	4.38E-05
390	4	0	0	0	0	0	0	232	254	0	-3.13E-05	3.49E-06	-1.09E-05	3.54E-05
390	5	0	0	0	0	0	0	232	254	0	-3.13E-05	3.49E-06	-1.09E-05	3.54E-05
390	6	0	0	0	0	0	0	232	254	0	-2.93E-05	4.95E-06	-1.18E-05	2.58E-05
390	7	0	0	0	0	0	0	232	254	0	-2.93E-05	4.95E-06	-1.18E-05	2.58E-05
390	8	0	0	0	0	0	0	232	254	0	-2.64E-05	5.82E-06	-1.23E-05	1.40E-05
390	9	0	0	0	0	0	0	232	254	0	-2.64E-05	5.82E-06	-1.23E-05	1.40E-05
390	10	0	0	0	0	0	0	232	254	0	-2.40E-05	5.17E-06	-1.20E-05	-6.36E-07
390	11	0	0	0	0	0	0	232	254	0	-2.34E-05	4.98E-06	-1.19E-05	-1.13E-05
390	12	0	0	0	0	0	0	232	254	0	-2.34E-05	4.98E-06	-1.19E-05	-1.13E-05
390	13	0	0	0	0	0	0	232	254	0	-2.22E-05	6.56E-06	-1.10E-05	-1.15E-05
390	14	0	0	0	0	0	0	232	254	0	-2.22E-05	6.56E-06	-1.10E-05	-1.15E-05
390	15	0	0	0	0	0	0	232	254	0	-2.11E-05	6.05E-06	-9.17E-06	-1.39E-05
390	16	0	0	0	0	0	0	232	254	0	-2.11E-05	6.05E-06	-9.17E-06	-1.39E-05
390	17	0	0	0	0	0	0	232	254	0	-1.58E-05	4.72E-06	-7.62E-06	-1.86E-05
390	18	0	0	0	0	0	0	232	254	0	-1.58E-05	4.72E-06	-7.62E-06	-1.86E-05
390	19	0	0	0	0	0	0	232	254	0	-5.63E-06	6.59E-06	-9.09E-06	-2.44E-05
391	0	0	0	0	0	0	0	232	254	0	-4.06E-06	8.26E-06	-1.03E-05	-3.27E-05
391	1	0	0	0	0	0	0	232	254	0	-4.06E-06	8.26E-06	-1.03E-05	-3.27E-05
391	2	0	0	0	0	0	0	232	254	0	-1.12E-05	7.04E-06	-9.24E-06	-3.19E-05
391	3	0	0	0	0	0	0	232	254	0	-1.12E-05	7.04E-06	-9.24E-06	-3.19E-05
391	4	0	0	0	0	0	0	232	254	0	-1.63E-05	4.15E-06	-8.14E-06	-2.38E-05
391	5	0	0	0	0	0	0	232	254	0	-1.63E-05	4.15E-06	-8.14E-06	-2.38E-05
391	6	0	0	0	0	0	0	232	254	0	-1.75E-05	2.25E-06	-7.65E-06	-1.65E-05
391	7	0	0	0	0	0	0	232	254	0	-1.75E-05	2.25E-06	-7.65E-06	-1.65E-05
391	8	0	0	0	0	0	0	232	254	0	-1.95E-05	3.60E-06	-7.08E-06	-7.93E-06
391	9	0	0	0	0	0	0	232	254	0	-2.08E-05	4.72E-06	-6.88E-06	5.27E-06
391	10	0	0	0	0	0	0	232	254	0	-2.08E-05	4.72E-06	-6.88E-06	5.27E-06
391	11	0	0	0	0	0	0	232	254	0	-2.19E-05	4.52E-06	-7.47E-06	2.13E-05
391	12	0	0	0	0	0	0	232	254	0	-2.19E-05	4.52E-06	-7.47E-06	2.13E-05
391	13	0	0	0	0	0	0	232	254	0	-2.40E-05	5.54E-06	-9.48E-06	3.88E-05
391	14	0	0	0	0	0	0	232	254	0	-2.40E-05	5.54E-06	-9.48E-06	3.88E-05
391	15	0	0	0	0	0	0	232	254	0	-2.63E-05	7.10E-06	-1.00E-05	5.82E-05
391	16	0	0	0	0	0	0	232	254	0	-2.63E-05	7.10E-06	-1.00E-05	5.82E-05
391	17	0	0	0	0	0	0	232	254	0	-2.64E-05	7.79E-06	-9.20E-06	7.69E-05
391	18	0	0	0	0	0	0	232	254	0	-2.50E-05	7.77E-06	-8.43E-06	9.51E-05
391	19	0	0	0	0	0	0	232	254	0	-2.50E-05	7.77E-06	-8.43E-06	9.51E-05
392	0	0	0	0	0	0	0	232	254	0	-2.45E-05	7.84E-06	-7.52E-06	0.000109209
392	1	0	0	0	0	0	0	232	254	0	-2.45E-05	7.84E-06	-7.52E-06	0.000109209
392	2	0	0	0	0	0	0	232	254	0	-2.42E-05	7.65E-06	-7.33E-06	0.000118116
392	3	0	0	0	0	0	0	232	254	0	-2.42E-05	7.65E-06	-7.33E-06	0.000118116
392	4	0	0	0	0	0	0	232	254	0	-2.42E-05	9.66E-06	-8.09E-06	0.000118708
392	5	0	0	0	0	0	0	232	254	0	-2.42E-05	9.66E-06	-8.09E-06	0.000118708
392	6	0	0	0	0	0	0	232	254	0	-2.22E-05	1.08E-05	-8.74E-06	0.000124791
392	7	0	0	0	0	0	0	232	254	0	-1.87E-05	9.04E-06	-8.78E-06	0.000134409
392	8	0	0	0	0	0	0	232	254	0	-1.87E-05	9.04E-06	-8.78E-06	0.000134409
392	9	0	0	0	0	0	0	232	254	0	-1.58E-05	8.46E-06	-9.08E-06	0.000139057
392	10	0	0	0	0	0	0	232	254	0	-1.58E-05	8.46E-06	-9.08E-06	0.000139057
392	11	0	0	0	0	0	0	232	254	0	-1.59E-05	7.39E-06	-1.02E-05	0.00014544
392	12	0	0	0	0	0	0	232	254	0	-1.59E-05	7.39E-06	-1.02E-05	0.00014544
392	13	0	0	0	0	0	0	232	254	0	-1.69E-05	4.54E-06	-1.08E-05	0.000150452
392	14	0	0	0	0	0	0	232	254	0	-1.69E-05	4.54E-06	-1.08E-05	0.000150452
392	15	0	0	0	0	0	0	232	254	0	-1.84E-05	3.17E-06	-9.97E-06	0.000153442
392	16	0	0	0	0	0	0	232	254	0	-2.06E-05	3.84E-06	-7.69E-06	0.000153316
392	17	0	0	0	0	0	0	232	254	0	-2.06E-05	3.84E-06	-7.69E-06	0.000153316
392	18	0	0	0	0	0	0	232	254	0	-2.10E-05	5.60E-06	-6.76E-06	0.000148225
392	19	0	0	0	0	0	0	232	254	0	-2.10E-05	5.60E-06	-6.76E-06	0.000148225
393	0	0	0	0	0	0	0	232	254	0	-2.00E-05	4.34E-06	-7.53E-06	0.000153459
393	1	0	0	0	0	0	0	232	254	0	-2.00E-05	4.34E-06	-7.53E-06	0.000153459
393	2	0	0	0	0	0	0	232	254	0	-1.83E-05	2.35E-06	-8.12E-06	0.0001641
393	3	0	0	0	0	0	0	232	254	0	-1.83E-05	2.35E-06	-8.12E-06	0.0001641
393	4	0	0	0	0	0	0	232	254	0	-1.78E-05	1.38E-06	-8.69E-06	0.000167346
393	5	0	0	0	0	0	0	232	254	0	-1.90E-05	1.64E-06	-1.10E-05	0.000167111
393	6	0	0	0	0	0	0	232	254	0	-1.90E-05	1.64E-06	-1.10E-05	0.000167111
393	7	0	0	0	0	0	0	232	254	0	-2.10E-05	2.90E-06	-1.05E-05	0.000171344
393	8	0	0	0	0	0	0	232	254	0	-2.10E-05	2.90E-06	-1.05E-05	0.000171344
393	9	0	0	0	0	0	0	232	254	0	-2.31E-05	2.19E-06	-1.00E-05	0.000177554
393	10	0	0	0	0	0	0	232	254	0	-2.31E-05	2.19E-06	-1.00E-05	0.000177554
393	11	0	0	0	0	0	0	232	254	0	-2.32E-05	-1.25E-06	-1.07E-05	0.000183413
393	12	0	0	0	0	0	0	232	254	0	-2.32E-05	-1.25E-06	-1.07E-05	0.000183413
393	13	0	0	0	0	0	0	232	254	0	-1.76E-05	-3.34E-06	-9.86E-06	0.000185723
393	14	0	0	0	0	0	0	232	254	0	-1.36E-05	-2.17E-06	-7.53E-06	0.000179535
393	15	0	0	0	0	0	0	232	254	0	-1.36E-05	-2.17E-06	-7.53E-06	0.000179535
393	16	0	0	0	0	0	0	232	254	0	-1.62E-05	-6.91E-07	-6.60E-06	0.000166673
393	17	0	0	0	0	0	0	232	254	0	-1.62E-05	-6.91E-07	-6.60E-06	0.000166673
393	18	0	0	0	0	0	0	232	254	0	-2.18E-05	-1.39E-06	-6.31E-06	0.000156454
393	19	0	0	0	0	0	0	232	254	0	-2.18E-05	-1.39E-06	-6.31E-06	0.000156454
394	0	0	0	0	0	0	0	232	254	0	-2.51E-05	-2.31E-06	-5.51E-06	0.000151575
394	1	0	0	0	0	0	0	232	254	0	-2.51E-05	-2.31E-06	-5.51E-06	0.000151575
394	2	0	0	0	0	0	0	232	254	0	-2.52E-05	-2.17E-06	-5.91E-06	0.000145641
394	3	0	0	0	0	0	0	232	254	0	-2.45E-05	-1.78E-06	-6.68E-06	0.000139176
394	4	0	0	0	0	0	0	232	254	0	-2.45E-05	-1.78E-06	-6.68E-06	0.000139176
394	5	0	0	0	0	0	0	232	254	0	-2.34E-05	-1.56E-06	-8.52E-06	0.000135543
394	6	0	0	0	0	0	0	232	254	0	-2.34E-05	-1.56E-06	-8.52E-06	0.000135543
394	7	0	0	0	0	0	0	232	254	0	-2.25E-05	-2.22E-07	-1.06E-05	0.000127285
394	8	0	0	0	0	0	0	232	254	0	-2.25E-05	-2.22E-07	-1.06E-05	0.000127285
394	9	0	0	0	0	0	0	232	254	0	-2.28E-05	9.21E-07	-1.19E-05	0.000115371
394	10	0	0	0	0	0	0	232	254	0	-2.28E-05	9.21E-07	-1.19E-05	0.000115371
394	11	0	0	0	0	0	0	232	254	0	-2.25E-05	1.88E-06	-1.21E-05	0.000105528
394	12	0	0	0	0	0	0	232	254	0	-2.33E-05	2.42E-06	-1.06E-05	9.73E-05
394	13	0	0	0	0	0	0	232	254	0	-2.33E-05	2.42E-06	-1.06E-05	9.73E-05
394	14	0	0	0	0	0	0	232	254	0	-2.39E-05	3.10E-06	-7.33E-06	9.73E-05
394	15	0	0	0	0	0	0	232	254	0	-2.39E-05	3.10E-06	-7.33E-06	9.73E-05
394	16	0	0	0	0	0	0	232	254	0	-2.28E-05	4.53E-06	-5.27E-06	9.40E-05
394	17	0	0	0	0	0	0	232	254	0	-2.28E-05	4.53E-06	-5.27E-06	9.40E-05
394	18	0	0	0	0	0	0	232	254	0	-1.94E-05	5.15E-06	-6.39E-06	8.39E-05
394	19	0	0	0	0	0	0	232	254	0	-1.94E-05	5.15E-06	-6.39E-06	8.39E-05
395	0	0	0	0	0	0	0	232	254	0	-1.36E-05	4.73E-06	-7.64E-06	7.81E-05
395	1	0	0	0	0	0	0	232	254	0	-1.13E-05	4.65E-06	-8.12E-06	7.02E-05
395	2	0	0	0	0	0	0	232	254	0	-1.13E-05	4.65E-06	-8.12E-06	7.02E-05
395	3	0	0	0	0	0	0	232	254	0	-1.42E-05	3.88E-06	-9.63E-06	6.09E-05
395	4	0	0	0	0	0	0	232	254	0	-1.42E-05	3.88E-06	-9.63E-06	6.09E-05
395	5	0	0	0	0	0	0	232	254	0	-2.01E-05	4.23E-06	-1.07E-05	5.40E-05
395	6	0	0	0	0	0	0	232	254	0	-2.01E-05	4.23E-06	-1.07E-05	5.40E-05
395	7	0	0	0	0	0	0	232	254	0	-2.65E-05	4.88E-06	-9.74E-06	4.61E-05
395	8	0	0	0	0	0	0	232	254	0	-2.65E-05	4.88E-06	-9.74E-06	4.61E-05
395	9	0	0	0	0	0	0	232	254	0	-2.99E-05	4.92E-06	-9.70E-06	3.71E-05
395	10	0	0	0	0	0	0	232	254	0	-2.94E-05	3.23E-06	-1.11E-05	2.88E-05
395	11	0	0	0	0	0	0	232	254	0	-2.94E-05	3.23E-06	-1.11E-05	2.88E-05
395	12	0	0	0	0	0	0	232	254	0	-2.78E-05	2.52E-06	-1.12E-05	1.77E-05
395	13	0	0	0	0	0	0	232	254	0	-2.78E-05	2.52E-06	-1.12E-05	1.77E-05
395	14	0	0	0	0	0	0	232	254	0	-2.67E-05	4.74E-06	-9.79E-06	1.16E-05
395	15	0	0	0	0	0	0	232	254	0	-2.67E-05	4.74E-06	-9.79E-06	1.16E-05
395	16	0	0	0	0	0	0	232	254	0	-2.56E-05	6.18E-06	-8.53E-06	1.29E-05
395	17	0	0	0	0	0	0	232	254	0	-2.56E-05	6.18E-06	-8.53E-06	1.29E-05
395	18	0	0	0	0	0	0	232	254	0	-2.42E-05	4.74E-06	-7.99E-06	7.84E-06
395	19	0	0	0	0	0	0	232	254	0	-2.30E-05	4.38E-06	-8.83E-06	-3.23E-06
396	0	0	0	0	0	0	0	232	254	0	-2.30E-05	4.38E-06	-8.83E-06	-3.23E-06
396	1	0	0	0	0	0	0	232	254	0	-2.08E-05	5.35E-06	-8.76E-06	-1.30E-05
396	2	0	0	0	0	0	0	232	254	0	-2.08E-05	5.35E-06	-8.76E-06	-1.30E-05
396	3	0	0	0	0	0	0	232	254	0	-2.04E-05	5.36E-06	-9.26E-06	-1.91E-05
396	4	0	0	0	0	0	0	232	254	0	-2.04E-05	5.36E-06	-9.26E-06	-1.91E-05
396	5	0	0	0	0	0	0	232	254	0	-1.99E-05	3.56E-06	-9.57E-06	-2.60E-05
396	6	0	0	0	0	0	0	232	254	0	-1.99E-05	3.56E-06	-9.57E-06	-2.60E-05
396	7	0	0	0	0	0	0	232	254	0	-1.75E-05	4.49E-06	-9.33E-06	-3.91E-05
396	8	0	0	0	0	0	0	232	254	0	-1.61E-05	5.20E-06	-9.47E-06	-4.59E-05
396	9	0	0	0	0	0	0	232	254	0	-1.61E-05	5.20E-06	-9.47E-06	-4.59E-05
396	10	0	0	0	0	0	0	232	254	0	-1.54E-05	4.73E-06	-9.10E-06	-4.61E-05
396	11	0	0	0	0	0	0	232	254	0	-1.54E-05	4.73E-06	-9.10E-06	-4.61E-05
396	12	0	0	0	0	0	0	232	254	0	-1.41E-05	4.30E-06	-9.13E-06	-5.14E-05
396	13	0	0	0	0	0	0	232	254	0	-1.41E-05	4.30E-06	-9.13E-06	-5.14E-05
396	14	0	0	0	0	0	0	232	254	0	-1.43E-05	3.26E-06	-9.82E-06	-5.88E-05
396	15	0	0	0	0	0	0	232	254	0	-1.43E-05	3.26E-06	-9.82E-06	-5.88E-05
396	16	0	0	0	0	0	0	232	254	0	-1.61E-05	5.78E-06	-1.04E-05	-6.37E-05
396	17	0	0	0	0	0	0	232	254	0	-1.64E-05	8.10E-06	-9.99E-06	-6.96E-05
396	18	0	0	0	0	0	0	232	254	0	-1.64E-05	8.10E-06	-9.99E-06	-6.96E-05
396	19	0	0	0	0	0	0	232	254	0	-1.56E-05	9.03E-06	-1.01E-05	-7.30E-05
397	0	0	0	0	0	0	0	232	254	0	-1.56E-05	9.03E-06	-1.01E-05	-7.30E-05
397	1	0	0	0	0	0	0	232	254	0	-1.73E-05	1.19E-05	-9.77E-06	-7.34E-05
397	2	0	0	0	0	0	0	232	254	0	-1.73E-05	1.19E-05	-9.77E-06	-7.34E-05
397	3	0	0	0	0	0	0	232	254	0	-2.16E-05	1.23E-05	-8.51E-06	-7.02E-05
397	4	0	0	0	0	0	0	232	254	0	-2.16E-05	1.23E-05	-8.51E-06	-7.02E-05
397	5	0	0	0	0	0	0	232	254	0	-2.42E-05	9.81E-06	-7.24E-06	-7.10E-05
397	6	0	0	0	0	0	0	232	254	0	-2.58E-05	9.95E-06	-6.41E-06	-7.65E-05
397	7	0	0	0	0	0	0	232	254	0	-2.58E-05	9.95E-06	-6.41E-06	-7.65E-05
397	8	0	0	0	0	0	0	232	254	0	-2.87E-05	9.82E-06	-5.98E-06	-7.67E-05
397	9	0	0	0	0	0	0	232	254	0	-2.87E-05	9.82E-06	-5.98E-06	-7.67E-05
397	10	0	0	0	0	0	0	232	254	0	-3.04E-05	8.75E-06	-6.58E-06	-7.74E-05
397	11	0	0	0	0	0	0	232	254	0	-3.04E-05	8.75E-06	-6.58E-06	-7.74E-05
397	12	0	0	0	0	0	0	232	254	0	-3.04E-05	8.04E-06	-7.82E-06	-7.88E-05
397	13	0	0	0	0	0	0	232	254	0	-3.04E-05	8.04E-06	-7.82E-06	-7.88E-05
397	14	0	0	0	0	0	0	232	254	0	-2.89E-05	6.25E-06	-8.93E-06	-7.67E-05
397	15	0	0	0	0	0	0	232	254	0	-2.44E-05	4.84E-06	-8.06E-06	-7.66E-05
397	16	0	0	0	0	0	0	232	254	0	-2.44E-05	4.84E-06	-8.06E-06	-7.66E-05
397	17	0	0	0	0	0	0	232	254	0	-2.15E-05	3.01E-06	-7.55E-06	-8.15E-05
397	18	0	0	0	0	0	0	232	254	0	-2.15E-05	3.01E-06	-7.55E-06	-8.15E-05
397	19	0	0	0	0	0	0	232	254	0	-2.07E-05	2.35E-06	-8.14E-06	-8.34E-05
398	0	0	0	0	0	0	0	232	254	0	-2.07E-05	2.35E-06	-8.14E-06	-8.34E-05
398	1	0	0	0	0	0	0	232	254	0	-1.97E-05	3.87E-06	-8.51E-06	-8.21E-05
398	2	0	0	0	0	0	0	232	254	0	-1.97E-05	3.87E-06	-8.51E-06	-8.21E-05
398	3	0	0	0	0	0	0	232	254	0	-1.86E-05	3.95E-06	-8.79E-06	-8.42E-05
398	4	0	0	0	0	0	0	232	254	0	-1.65E-05	3.11E-06	-8.43E-06	-8.36E-05
398	5	0	0	0	0	0	0	232	254	0	-1.65E-05	3.11E-06	-8.43E-06	-8.36E-05
398	6	0	0	0	0	0	0	232	254	0	-1.54E-05	3.56E-06	-8.46E-06	-7.83E-05
398	7	0	0	0	0	0	0	232	254	0	-1.54E-05	3.56E-06	-8.46E-06	-7.83E-05
398	8	0	0	0	0	0	0	232	254	0	-1.53E-05	5.38E-06	-8.56E-06	-7.58E-05
398	9	0	0	0	0	0	0	232	254	0	-1.53E-05	5.38E-06	-8.56E-06	-7.58E-05
398	10	0	0	0	0	0	0	232	254	0	-1.74E-05	6.86E-06	-8.91E-06	-7.40E-05
398	11	0	0	0	0	0	0	232	254	0	-1.74E-05	6.86E-06	-8.91E-06	-7.40E-05
398	12	0	0	0	0	0	0	232	254	0	-2.09E-05	6.51E-06	-1.00E-05	-6.94E-05
398	13	0	0	0	0	0	0	232	254	0	-2.32E-05	5.74E-06	-1.04E-05	-6.66E-05
398	14	0	0	0	0	0	0	232	254	0	-2.32E-05	5.74E-06	-1.04E-05	-6.66E-05
398	15	0	0	0	0	0	0	232	254	0	-2.39E-05	5.30E-06	-1.06E-05	-6.89E-05
398	16	0	0	0	0	0	0	232	254	0	-2.39E-05	5.30E-06	-1.06E-05	-6.89E-05
398	17	0	0	0	0	0	0	232	254	0	-2.52E-05	5.20E-06	-1.04E-05	-7.38E-05
398	18	0	0	0	0	0	0	232	254	0	-2.52E-05	5.20E-06	-1.04E-05	-7.38E-05
398	19	0	0	0	0	0	0	232	254	0	-2.58E-05	5.44E-06	-1.04E-05	-7.07E-05
399	0	0	0	0	0	0	0	232	254	0	-2.58E-05	5.44E-06	-1.04E-05	-7.07E-05
399	1	0	0	0	0	0	0	232	254	0	-2.51E-05	6.12E-06	-1.12E-05	-6.54E-05
399	2	0	0	0	0	0	0	232	254	0	-2.45E-05	6.26E-06	-1.22E-05	-6.18E-05
399	3	0	0	0	0	0	0	232	254	0	-2.45E-05	6.26E-06	-1.22E-05	-6.18E-05
399	4	0	0	0	0	0	0	232	254	0	-2.36E-05	6.21E-06	-1.07E-05	-5.94E-05
399	5	0	0	0	0	0	0	232	254	0	-2.36E-05	6.21E-06	-1.07E-05	-5.94E-05
399	6	0	0	0	0	0	0	232	254	0	-2.19E-05	7.15E-06	-8.73E-06	-6.14E-05
399	7	0	0	0	0	0	0	232	254	0	-2.19E-05	7.15E-06	-8.73E-06	-6.14E-05
399	8	0	0	0	0	0	0	232	254	0	-2.08E-05	8.37E-06	-8.46E-06	-6.33E-05
399	9	0	0	0	0	0	0	232	254	0	-2.08E-05	8.37E-06	-8.46E-06	-6.33E-05
399	10	0	0	0	0	0	0	232	254	0	-2.09E-05	8.85E-06	-9.26E-06	-6.08E-05
399	11	0	0	0	0	0	0	232	254	0	-1.97E-05	6.32E-06	-1.10E-05	-5.58E-05
399	12	0	0	0	0	0	0	232	254	0	-1.97E-05	6.32E-06	-1.10E-05	-5.58E-05
399	13	0	0	0	0	0	0	232	254	0	-1.67E-05	5.55E-06	-1.18E-05	-5.44E-05
399	14	0	0	0	0	0	0	232	254	0	-1.67E-05	5.55E-06	-1.18E-05	-5.44E-05
399	15	0	0	0	0	0	0	232	254	0	-1.48E-05	6.76E-06	-1.14E-05	-5.62E-05
399	16	0	0	0	0	0	0	232	254	0	-1.48E-05	6.76E-06	-1.14E-05	-5.62E-05
399	17	0	0	0	0	0	0	232	254	0	-1.40E-05	4.17E-06	-1.12E-05	-5.50E-05
399	18	0	0	0	0	0	0	232	254	0	-1.40E-05	4.17E-06	-1.12E-05	-5.50E-05
399	19	0	0	0	0	0	0	232	254	0	-1.41E-05	2.85E-06	-8.67E-06	-5.26E-05
400	0	0	0	0	0	0	0	232	254	0	-1.44E-05	3.44E-06	-5.80E-06	-5.33E-05
400	1	0	0	0	0	0	0	232	254	0	-1.44E-05	3.44E-06	-5.80E-06	-5.33E-05
400	2	0	0	0	0	0	0	232	254	0	-1.41E-05	3.11E-06	-8.20E-06	-5.29E-05
400	3	0	0	0	0	0	0	232	254	0	-1.41E-05	3.11E-06	-8.20E-06	-5.29E-05
400	4	0	0	0	0	0	0	232	254	0	-1.65E-05	3.56E-06	-1.05E-05	-4.93E-05
400	5	0	0	0	0	0	0	232	254	0	-1.65E-05	3.56E-06	-1.05E-05	-4.93E-05
400	6	0	0	0	0	0	0	232	254	0	-2.23E-05	3.63E-06	-1.08E-05	-4.62E-05
400	7	0	0	0	0	0	0	232	254	0	-2.23E-05	3.63E-06	-1.08E-05	-4.62E-05
400	8	0	0	0	0	0	0	232	254	0	-2.57E-05	2.82E-06	-1.03E-05	-4.41E-05
400	9	0	0	0	0	0	0	232	254	0	-2.40E-05	2.99E-06	-1.04E-05	-4.49E-05
400	10	0	0	0	0	0	0	232	254	0	-2.40E-05	2.99E-06	-1.04E-05	-4.49E-05
400	11	0	0	0	0	0	0	232	254	0	-2.23E-05	2.72E-06	-9.87E-06	-4.17E-05
400	12	0	0	0	0	0	0	232	254	0	-2.23E-05	2.72E-06	-9.87E-06	-4.17E-05
400	13	0	0	0	0	0	0	232	254	0	-2.39E-05	1.93E-06	-8.86E-06	-3.53E-05
400	14	0	0	0	0	0	0	232	254	0	-2.39E-05	1.93E-06	-8.86E-06	-3.53E-05
400	15	0	0	0	0	0	0	232	254	0	-2.54E-05	1.80E-06	-8.56E-06	-2.85E-05
400	16	0	0	0	0	0	0	232	254	0	-2.54E-05	1.80E-06	-8.56E-06	-2.85E-05
400	17	0	0	0	0	0	0	232	254	0	-2.36E-05	2.55E-06	-9.73E-06	-2.31E-05
400	18	0	0	0	0	0	0	232	254	0	-1.70E-05	3.56E-06	-1.08E-05	-1.84E-05
400	19	0	0	0	0	0	0	232	254	0	-1.70E-05	3.56E-06	-1.08E-05	-1.84E-05
401	0	0	0	0	0	0	0	232	254	0	-9.80E-06	2.34E-06	-1.10E-05	-1.84E-05
401	1	0	0	0	0	0	0	232	254	0	-9.80E-06	2.34E-06	-1.10E-05	-1.84E-05
401	2	0	0	0	0	0	0	232	254	0	-9.48E-06	1.33E-06	-9.74E-06	-2.33E-05
401	3	0	0	0	0	0	0	232	254	0	-9.48E-06	1.33E-06	-9.74E-06	-2.33E-05
401	4	0	0	0	0	0	0	232	254	0	-1.46E-05	1.88E-06	-9.47E-06	-2.79E-05
401	5	0	0	0	0	0	0	232	254	0	-1.46E-05	1.88E-06	-9.47E-06	-2.79E-05
401	6	0	0	0	0	0	0	232	254	0	-1.94E-05	2.42E-06	-9.22E-06	-2.52E-05
401	7	0	0	0	0	0	0	232	254	0	-1.82E-05	3.81E-06	-8.48E-06	-1.80E-05
401	8	0	0	0	0	0	0	232	254	0	-1.82E-05	3.81E-06	-8.48E-06	-1.80E-05
401	9	0	0	0	0	0	0	232	254	0	-1.77E-05	2.96E-06	-7.29E-06	-9.98E-06
401	10	0	0	0	0	0	0	232	254	0	-1.77E-05	2.96E-06	-7.29E-06	-9.98E-06
401	11	0	0	0	0	0	0	232	254	0	-2.15E-05	2.23E-06	-7.12E-06	5.10E-06
401	12	0	0	0	0	0	0	232	254	0	-2.15E-05	2.23E-06	-7.12E-06	5.10E-06
401	13	0	0	0	0	0	0	232	254	0	-2.56E-05	2.42E-06	-6.98E-06	2.46E-05
401	14	0	0	0	0	0	0	232	254	0	-2.56E-05	2.42E-06	-6.98E-06	2.46E-05
401	15	0	0	0	0	0	0	232	254	0	-3.02E-05	1.58E-06	-6.88E-06	5.70E-05
401	16	0	0	0	0	0	0	232	254	0	-3.06E-05	9.41E-07	-7.82E-06	0.000103823
401	17	0	0	0	0	0	0	232	254	0	-3.06E-05	9.41E-07	-7.82E-06	0.000103823
401	18	0	0	0	0	0	0	232	254	0	-2.86E-05	2.95E-06	-8.22E-06	0.000136634
401	19	0	0	0	0	0	0	232	254	0	-2.86E-05	2.95E-06	-8.22E-06	0.000136634
402	0	0	0	0	0	0	0	232	254	0	-2.78E-05	7.38E-06	-5.41E-06	0.000144651
402	1	0	0	0	0	0	0	232	254	0	-2.78E-05	7.38E-06	-5.41E-06	0.000144651
402	2	0	0	0	0	0	0	232	254	0	-2.86E-05	7.49E-06	-5.37E-06	0.00013712
402	3	0	0	0	0	0	0	232	254	0	-2.86E-05	7.49E-06	-5.37E-06	0.00013712
402	4	0	0	0	0	0	0	232	254	0	-2.92E-05	6.53E-06	-7.52E-06	0.00012182
402	5	0	0	0	0	0	0	232	254	0	-2.72E-05	6.96E-06	-7.05E-06	0.000109388
402	6	0	0	0	0	0	0	232	254	0	-2.72E-05	6.96E-06	-7.05E-06	0.000109388
402	7	0	0	0	0	0	0	232	254	0	-2.49E-05	5.11E-06	-5.96E-06	0.000106131
402	8	0	0	0	0	0	0	232	254	0	-2.49E-05	5.11E-06	-5.96E-06	0.000106131
402	9	0	0	0	0	0	0	232	254	0	-2.06E-05	5.13E-06	-7.47E-06	0.000114169
402	10	0	0	0	0	0	0	232	254	0	-2.06E-05	5.13E-06	-7.47E-06	0.000114169
402	11	0	0	0	0	0	0	232	254	0	-2.04E-05	9.64E-06	-7.87E-06	0.000164315
402	12	0	0	0	0	0	0	232	254	0	-2.04E-05	9.64E-06	-7.87E-06	0.000164315
402	13	0	0	0	0	0	0	232	254	0	-1.84E-05	1.24E-05	-6.78E-06	0.000245419
402	14	0	0	0	0	0	0	232	254	0	-1.59E-05	1.12E-05	-6.85E-06	0.000290034
402	15	0	0	0	0	0	0	232	254	0	-1.59E-05	1.12E-05	-6.85E-06	0.000290034
402	16	0	0	0	0	0	0	232	254	0	-1.66E-05	9.99E-06	-4.71E-06	0.00027953
402	17	0	0	0	0	0	0	232	254	0	-1.66E-05	9.99E-06	-4.71E-06	0.00027953
402	18	0	0	0	0	0	0	232	254	0	-1.56E-05	7.98E-06	-3.11E-06	0.000241925
402	19	0	0	0	0	0	0	232	254	0	-1.56E-05	7.98E-06	-3.11E-06	0.000241925
403	0	0	0	0	0	0	0	232	254	0	-1.63E-05	6.51E-06	-5.78E-06	0.000190668
403	1	0	0	0	0	0	0	232	254	0	-1.63E-05	6.51E-06	-5.78E-06	0.000190668
403	2	0	0	0	0	0	0	232	254	0	-1.88E-05	5.27E-06	-9.28E-06	0.000137724
403	3	0	0	0	0	0	0	232	254	0	-1.92E-05	2.99E-06	-9.77E-06	7.84E-05
403	4	0	0	0	0	0	0	232	254	0	-1.92E-05	2.99E-06	-9.77E-06	7.84E-05
403	5	0	0	0	0	0	0	232	254	0	-1.80E-05	3.07E-07	-1.03E-05	1.90E-05
403	6	0	0	0	0	0	0	232	254	0	-1.80E-05	3.07E-07	-1.03E-05	1.90E-05
403	7	0	0	0	0	0	0	232	254	0	-1.57E-05	-3.67E-06	-9.75E-06	-3.76E-05
403	8	0	0	0	0	0	0	232	254	0	-1.57E-05	-3.67E-06	-9.75E-06	-3.76E-05
403	9	0	0	0	0	0	0	232	254	0	-1.28E-05	-6.09E-06	-1.01E-05	-9.03E-05
403	10	0	0	0	0	0	0	232	254	0	-1.28E-05	-6.09E-06	-1.01E-05	-9.03E-05
403	11	0	0	0	0	0	0	232	254	0	-1.04E-05	-5.37E-06	-1.01E-05	-0.000137277
403	12	0	0	0	0	0	0	232	254	0	-1.30E-05	-2.99E-06	-8.97E-06	-0.000178093
403	13	0	0	0	0	0	0	232	254	0	-1.30E-05	-2.99E-06	-8.97E-06	-0.000178093
403	14	0	0	0	0	0	0	232	254	0	-1.81E-05	-1.36E-06	-9.26E-06	-0.000210234
403	15	0	0	0	0	0	0	232	254	0	-1.81E-05	-1.36E-06	-9.26E-06	-0.000210234
403	16	0	0	0	0	0	0	232	254	0	-2.16E-05	-4.21E-07	-9.80E-06	-0.000232876
403	17	0	0	0	0	0	0	232	254	0	-2.16E-05	-4.21E-07	-9.80E-06	-0.000232876
403	18	0	0	0	0	0	0	232	254	0	-2.43E-05	1.24E-06	-8.50E-06	-0.000249634
403	19	0	0	0	0	0	0	232	254	0	-2.43E-05	1.24E-06	-8.50E-06	-0.000249634
404	0	0	0	0	0	0	0	232	254	0	-2.47E-05	5.13E-06	-8.59E-06	-0.000273868
404	1	0	0	0	0	0	0	232	254	0	-2.25E-05	9.12E-06	-1.05E-05	-0.000297678
404	2	0	0	0	0	0	0	232	254	0	-2.25E-05	9.12E-06	-1.05E-05	-0.000297678
404	3	0	0	0	0	0	0	232	254	0	-2.21E-05	1.14E-05	-1.17E-05	-0.000309117
404	4	0	0	0	0	0	0	232	254	0	-2.21E-05	1.14E-05	-1.17E-05	-0.000309117
404	5	0	0	0	0	0	0	232	254	0	-2.19E-05	1.18E-05	-1.23E-05	-0.000312247
404	6	0	0	0	0	0	0	232	254	0	-2.19E-05	1.18E-05	-1.23E-05	-0.000312247
404	7	0	0	0	0	0	0	232	254	0	-2.34E-05	8.82E-06	-1.16E-05	-0.00030989
404	8	0	0	0	0	0	0	232	254	0	-2.34E-05	8.82E-06	-1.16E-05	-0.00030989
404	9	0	0	0	0	0	0	232	254	0	-2.59E-05	4.86E-06	-1.01E-05	-0.000306096
404	10	0	0	0	0	0	0	232	254	0	-2.69E-05	2.87E-06	-9.68E-06	-0.000299238
404	11	0	0	0	0	0	0	232	254	0	-2.69E-05	2.87E-06	-9.68E-06	-0.000299238
404	12	0	0	0	0	0	0	232	254	0	-2.57E-05	2.87E-06	-1.06E-05	-0.000286091
404	13	0	0	0	0	0	0	232	254	0	-2.57E-05	2.87E-06	-1.06E-05	-0.000286091
404	14	0	0	0	0	0	0	232	254	0	-2.51E-05	1.50E-06	-1.15E-05	-0.000267417
404	15	0	0	0	0	0	0	232	254	0	-2.51E-05	1.50E-06	-1.15E-05	-0.000267417
404	16	0	0	0	0	0	0	232	254	0	-2.69E-05	8.39E-07	-1.27E-05	-0.000241298
404	17	0	0	0	0	0	0	232	254	0	-2.69E-05	8.39E-07	-1.27E-05	-0.000241298
404	18	0	0	0	0	0	0	232	254	0	-2.77E-05	4.88E-07	-1.15E-05	-0.000213883
404	19	0	0	0	0	0	0	232	254	0	-2.70E-05	1.63E-06	-8.52E-06	-0.000193943
405	0	0	0	0	0	0	0	232	254	0	-2.70E-05	1.63E-06	-8.52E-06	-0.000193943
405	1	0	0	0	0	0	0	232	254	0	-2.74E-05	3.00E-06	-8.02E-06	-0.000176639
405	2	0	0	0	0	0	0	232	254	0	-2.74E-05	3.00E-06	-8.02E-06	-0.000176639
405	3	0	0	0	0	0	0	232	254	0	-2.69E-05	3.47E-06	-8.46E-06	-0.000158362
405	4	0	0	0	0	0	0	232	254	0	-2.69E-05	3.47E-06	-8.46E-06	-0.000158362
405	5	0	0	0	0	0	0	232	254	0	-2.62E-05	4.23E-06	-8.33E-06	-0.000139496
405	6	0	0	0	0	0	0	232	254	0	-2.62E-05	4.23E-06	-8.33E-06	-0.000139496
405	7	0	0	0	0	0	0	232	254	0	-2.72E-05	5.94E-06	-9.16E-06	-0.000119826
405	8	0	0	0	0	0	0	232	254	0	-2.75E-05	6.90E-06	-1.07E-05	-0.000104307
405	9	0	0	0	0	0	0	232	254	0	-2.75E-05	6.90E-06	-1.07E-05	-0.000104307
405	10	0	0	0	0	0	0	232	254	0	-2.69E-05	6.70E-06	-1.22E-05	-9.27E-05
405	11	0	0	0	0	0	0	232	254	0	-2.69E-05	6.70E-06	-1.22E-05	-9.27E-05
405	12	0	0	0	0	0	0	232	254	0	-2.74E-05	6.08E-06	-1.24E-05	-8.38E-05
405	13	0	0	0	0	0	0	232	254	0	-2.74E-05	6.08E-06	-1.24E-05	-8.38E-05
405	14	0	0	0	0	0	0	232	254	0	-2.82E-05	4.94E-06	-1.20E-05	-8.40E-05
405	15	0	0	0	0	0	0	232	254	0	-2.82E-05	4.94E-06	-1.20E-05	-8.40E-05
405	16	0	0	0	0	0	0	232	254	0	-2.71E-05	5.94E-06	-1.05E-05	-9.42E-05
405	17	0	0	0	0	0	0	232	254	0	-2.10E-05	5.96E-06	-8.73E-06	-0.000103232
405	18	0	0	0	0	0	0	232	254	0	-2.10E-05	5.96E-06	-8.73E-06	-0.000103232
405	19	0	0	0	0	0	0	232	254	0	-1.51E-05	4.77E-06	-7.87E-06	-0.000104823
406	0	0	0	0	0	0	0	232	254	0	-1.51E-05	4.77E-06	-7.87E-06	-0.000104823
406	1	0	0	0	0	0	0	232	254	0	-1.31E-05	4.95E-06	-5.96E-06	-0.000105508
406	2	0	0	0	0	0	0	232	254	0	-1.31E-05	4.95E-06	-5.96E-06	-0.000105508
406	3	0	0	0	0	0	0	232	254	0	-1.18E-05	6.96E-06	-4.73E-06	-0.000103569
406	4	0	0	0	0	0	0	232	254	0	-1.18E-05	6.96E-06	-4.73E-06	-0.000103569
406	5	0	0	0	0	0	0	232	254	0	-1.21E-05	8.78E-06	-5.47E-06	-9.53E-05
406	6	0	0	0	0	0	0	232	254	0	-1.44E-05	7.36E-06	-7.52E-06	-8.31E-05
406	7	0	0	0	0	0	0	232	254	0	-1.44E-05	7.36E-06	-7.52E-06	-8.31E-05
406	8	0	0	0	0	0	0	232	254	0	-1.55E-05	4.90E-06	-8.11E-06	-6.81E-05
406	9	0	0	0	0	0	0	232	254	0	-1.55E-05	4.90E-06	-8.11E-06	-6.81E-05
406	10	0	0	0	0	0	0	232	254	0	-1.68E-05	4.78E-06	-6.88E-06	-5.32E-05
406	11	0	0	0	0	0	0	232	254	0	-1.68E-05	4.78E-06	-6.88E-06	-5.32E-05
406	12	0	0	0	0	0	0	232	254	0	-1.94E-05	2.22E-06	-8.14E-06	-3.37E-05
406	13	0	0	0	0	0	0	232	254	0	-1.94E-05	2.22E-06	-8.14E-06	-3.37E-05
406	14	0	0	0	0	0	0	232	254	0	-2.27E-05	6.55E-07	-8.90E-06	-1.02E-05
406	15	0	0	0	0	0	0	232	254	0	-2.60E-05	1.21E-06	-8.66E-06	1.38E-05
406	16	0	0	0	0	0	0	232	254	0	-2.60E-05	1.21E-06	-8.66E-06	1.38E-05
406	17	0	0	0	0	0	0	232	254	0	-2.50E-05	1.16E-06	-8.79E-06	3.36E-05
406	18	0	0	0	0	0	0	232	254	0	-2.50E-05	1.16E-06	-8.79E-06	3.36E-05
406	19	0	0	0	0	0	0	232	254	0	-2.15E-05	2.06E-06	-8.90E-06	4.73E-05
407	0	0	0	0	0	0	0	232	254	0	-2.15E-05	2.06E-06	-8.90E-06	4.73E-05
407	1	0	0	0	0	0	0	232	254	0	-2.15E-05	5.68E-06	-1.01E-05	5.98E-05
407	2	0	0	0	0	0	0	232	254	0	-2.15E-05	5.68E-06	-1.01E-05	5.98E-05
407	3	0	0	0	0	0	0	232	254	0	-2.08E-05	7.99E-06	-1.06E-05	7.51E-05
407	4	0	0	0	0	0	0	232	254	0	-1.86E-05	1.02E-05	-9.87E-06	8.94E-05
407	5	0	0	0	0	0	0	232	254	0	-1.86E-05	1.02E-05	-9.87E-06	8.94E-05
407	6	0	0	0	0	0	0	232	254	0	-1.74E-05	1.18E-05	-8.75E-06	0.000101463
407	7	0	0	0	0	0	0	232	254	0	-1.74E-05	1.18E-05	-8.75E-06	0.000101463
407	8	0	0	0	0	0	0	232	254	0	-1.68E-05	1.23E-05	-8.98E-06	0.000117331
407	9	0	0	0	0	0	0	232	254	0	-1.68E-05	1.23E-05	-8.98E-06	0.000117331
407	10	0	0	0	0	0	0	232	254	0	-1.50E-05	1.26E-05	-9.23E-06	0.000130083
407	11	0	0	0	0	0	0	232	254	0	-1.50E-05	1.26E-05	-9.23E-06	0.000130083
407	12	0	0	0	0	0	0	232	254	0	-1.51E-05	1.19E-05	-8.53E-06	0.000132921
407	13	0	0	0	0	0	0	232	254	0	-1.72E-05	9.71E-06	-7.40E-06	0.000134528
407	14	0	0	0	0	0	0	232	254	0	-1.72E-05	9.71E-06	-7.40E-06	0.000134528
407	15	0	0	0	0	0	0	232	254	0	-1.75E-05	7.49E-06	-8.22E-06	0.000137749
407	16	0	0	0	0	0	0	232	254	0	-1.75E-05	7.49E-06	-8.22E-06	0.000137749
407	17	0	0	0	0	0	0	232	254	0	-1.78E-05	5.47E-06	-9.55E-06	0.000142095
407	18	0	0	0	0	0	0	232	254	0	-1.78E-05	5.47E-06	-9.55E-06	0.000142095
407	19	0	0	0	0	0	0	232	254	0	-2.08E-05	5.57E-06	-9.67E-06	0.000145387
408	0	0	0	0	0	0	0	232	254	0	-2.08E-05	5.57E-06	-9.67E-06	0.000145387
408	1	0	0	0	0	0	0	232	254	0	-2.18E-05	5.87E-06	-9.80E-06	0.000143852
408	2	0	0	0	0	0	0	232	254	0	-2.26E-05	2.94E-06	-1.08E-05	0.000139908
408	3	0	0	0	0	0	0	232	254	0	-2.26E-05	2.94E-06	-1.08E-05	0.000139908
408	4	0	0	0	0	0	0	232	254	0	-2.44E-05	2.71E-07	-1.11E-05	0.000137354
408	5	0	0	0	0	0	0	232	254	0	-2.44E-05	2.71E-07	-1.11E-05	0.000137354
408	6	0	0	0	0	0	0	232	254	0	-2.57E-05	-3.36E-07	-9.55E-06	0.000137149
408	7	0	0	0	0	0	0	232	254	0	-2.57E-05	-3.36E-07	-9.55E-06	0.000137149
408	8	0	0	0	0	0	0	232	254	0	-2.55E-05	-1.04E-06	-9.72E-06	0.000133197
408	9	0	0	0	0	0	0	232	254	0	-2.55E-05	-1.04E-06	-9.72E-06	0.000133197
408	10	0	0	0	0	0	0	232	254	0	-2.42E-05	5.33E-07	-1.14E-05	0.000128377
408	11	0	0	0	0	0	0	232	254	0	-2.38E-05	4.04E-06	-1.07E-05	0.000124951
408	12	0	0	0	0	0	0	232	254	0	-2.38E-05	4.04E-06	-1.07E-05	0.000124951
408	13	0	0	0	0	0	0	232	254	0	-2.08E-05	5.09E-06	-1.01E-05	0.000117005
408	14	0	0	0	0	0	0	232	254	0	-2.08E-05	5.09E-06	-1.01E-05	0.000117005
408	15	0	0	0	0	0	0	232	254	0	-1.51E-05	3.86E-06	-1.04E-05	0.000107403
408	16	0	0	0	0	0	0	232	254	0	-1.51E-05	3.86E-06	-1.04E-05	0.000107403
408	17	0	0	0	0	0	0	232	254	0	-1.28E-05	1.83E-06	-8.70E-06	0.000105274
408	18	0	0	0	0	0	0	232	254	0	-1.28E-05	1.83E-06	-8.70E-06	0.000105274
408	19	0	0	0	0	0	0	232	254	0	-1.43E-05	-7.01E-07	-7.89E-06	0.000105577
409	0	0	0	0	0	0	0	232	254	0	-1.62E-05	-1.04E-06	-8.48E-06	0.000104874
409	1	0	0	0	0	0	0	232	254	0	-1.62E-05	-1.04E-06	-8.48E-06	0.000104874
409	2	0	0	0	0	0	0	232	254	0	-1.83E-05	5.68E-07	-9.31E-06	9.82E-05
409	3	0	0	0	0	0	0	232	254	0	-1.83E-05	5.68E-07	-9.31E-06	9.82E-05
409	4	0	0	0	0	0	0	232	254	0	-2.27E-05	2.46E-06	-1.02E-05	8.74E-05
409	5	0	0	0	0	0	0	232	254	0	-2.27E-05	2.46E-06	-1.02E-05	8.74E-05
409	6	0	0	0	0	0	0	232	254	0	-2.59E-05	1.73E-06	-1.13E-05	8.28E-05
409	7	0	0	0	0	0	0	232	254	0	-2.59E-05	1.73E-06	-1.13E-05	8.28E-05
409	8	0	0	0	0	0	0	232	254	0	-2.37E-05	1.41E-06	-1.26E-05	8.10E-05
409	9	0	0	0	0	0	0	232	254	0	-2.05E-05	-8.35E-07	-1.25E-05	7.70E-05
409	10	0	0	0	0	0	0	232	254	0	-2.05E-05	-8.35E-07	-1.25E-05	7.70E-05
409	11	0	0	0	0	0	0	232	254	0	-1.95E-05	-1.38E-06	-1.11E-05	7.55E-05
409	12	0	0	0	0	0	0	232	254	0	-1.95E-05	-1.38E-06	-1.11E-05	7.55E-05
409	13	0	0	0	0	0	0	232	254	0	-2.05E-05	5.84E-07	-9.87E-06	7.20E-05
409	14	0	0	0	0	0	0	232	254	0	-2.05E-05	5.84E-07	-9.87E-06	7.20E-05
409	15	0	0	0	0	0	0	232	254	0	-2.31E-05	3.10E-06	-9.80E-06	6.53E-05
409	16	0	0	0	0	0	0	232	254	0	-2.31E-05	3.10E-06	-9.80E-06	6.53E-05
409	17	0	0	0	0	0	0	232	254	0	-2.29E-05	4.80E-06	-1.03E-05	5.44E-05
409	18	0	0	0	0	0	0	232	254	0	-2.17E-05	4.03E-06	-1.04E-05	5.10E-05
409	19	0	0	0	0	0	0	232	254	0	-2.17E-05	4.03E-06	-1.04E-05	5.10E-05
410	0	0	0	0	0	0	0	232	254	0	-2.11E-05	3.99E-06	-9.00E-06	4.88E-05
410	1	0	0	0	0	0	0	232	254	0	-2.11E-05	3.99E-06	-9.00E-06	4.88E-05
410	2	0	0	0	0	0	0	232	254	0	-2.02E-05	3.38E-06	-7.34E-06	4.09E-05
410	3	0	0	0	0	0	0	232	254	0	-2.02E-05	3.38E-06	-7.34E-06	4.09E-05
410	4	0	0	0	0	0	0	232	254	0	-2.13E-05	3.49E-06	-8.29E-06	3.17E-05
410	5	0	0	0	0	0	0	232	254	0	-2.13E-05	3.49E-06	-8.29E-06	3.17E-05
410	6	0	0	0	0	0	0	232	254	0	-2.18E-05	4.98E-06	-7.49E-06	2.43E-05
410	7	0	0	0	0	0	0	232	254	0	-2.17E-05	5.30E-06	-6.41E-06	1.21E-05
410	8	0	0	0	0	0	0	232	254	0	-2.17E-05	5.30E-06	-6.41E-06	1.21E-05
410	9	0	0	0	0	0	0	232	254	0	-2.12E-05	4.50E-06	-8.56E-06	-2.25E-06
410	10	0	0	0	0	0	0	232	254	0	-2.12E-05	4.50E-06	-8.56E-06	-2.25E-06
410	11	0	0	0	0	0	0	232	254	0	-2.03E-05	4.20E-06	-9.22E-06	-8.66E-06
410	12	0	0	0	0	0	0	232	254	0	-2.03E-05	4.20E-06	-9.22E-06	-8.66E-06
410	13	0	0	0	0	0	0	232	254	0	-1.97E-05	3.96E-06	-8.95E-06	-1.33E-05
410	14	0	0	0	0	0	0	232	254	0	-1.97E-05	3.96E-06	-8.95E-06	-1.33E-05
410	15	0	0	0	0	0	0	232	254	0	-2.12E-05	6.44E-06	-9.37E-06	-2.06E-05
410	16	0	0	0	0	0	0	232	254	0	-2.26E-05	9.43E-06	-9.33E-06	-2.63E-05
410	17	0	0	0	0	0	0	232	254	0	-2.26E-05	9.43E-06	-9.33E-06	-2.63E-05
410	18	0	0	0	0	0	0	232	254	0	-2.06E-05	9.07E-06	-9.00E-06	-2.31E-05
410	19	0	0	0	0	0	0	232	254	0	-2.06E-05	9.07E-06	-9.00E-06	-2.31E-05
411	0	0	0	0	0	0	0	232	254	0	-1.48E-05	6.68E-06	-8.19E-06	-2.43E-05
411	1	0	0	0	0	0	0	232	254	0	-1.48E-05	6.68E-06	-8.19E-06	-2.43E-05
411	2	0	0	0	0	0	0	232	254	0	-1.19E-05	6.34E-06	-7.89E-06	-3.04E-05
411	3	0	0	0	0	0	0	232	254	0	-1.19E-05	6.34E-06	-7.89E-06	-3.04E-05
411	4	0	0	0	0	0	0	232	254	0	-1.32E-05	7.95E-06	-8.71E-06	-3.67E-05
411	5	0	0	0	0	0	0	232	254	0	-1.84E-05	9.15E-06	-9.42E-06	-3.99E-05
411	6	0	0	0	0	0	0	232	254	0	-1.84E-05	9.15E-06	-9.42E-06	-3.99E-05
411	7	0	0	0	0	0	0	232	254	0	-2.20E-05	1.03E-05	-1.00E-05	-4.21E-05
411	8	0	0	0	0	0	0	232	254	0	-2.20E-05	1.03E-05	-1.00E-05	-4.21E-05
411	9	0	0	0	0	0	0	232	254	0	-2.31E-05	1.06E-05	-9.89E-06	-4.80E-05
411	10	0	0	0	0	0	0	232	254	0	-2.31E-05	1.06E-05	-9.89E-06	-4.80E-05
411	11	0	0	0	0	0	0	232	254	0	-2.40E-05	1.03E-05	-9.15E-06	-5.51E-05
411	12	0	0	0	0	0	0	232	254	0	-2.40E-05	1.03E-05	-9.15E-06	-5.51E-05
411	13	0	0	0	0	0	0	232	254	0	-2.53E-05	8.48E-06	-7.96E-06	-6.35E-05
411	14	0	0	0	0	0	0	232	254	0	-2.40E-05	6.43E-06	-8.26E-06	-7.26E-05
411	15	0	0	0	0	0	0	232	254	0	-2.40E-05	6.43E-06	-8.26E-06	-7.26E-05
411	16	0	0	0	0	0	0	232	254	0	-2.18E-05	5.41E-06	-9.50E-06	-8.44E-05
411	17	0	0	0	0	0	0	232	254	0	-2.18E-05	5.41E-06	-9.50E-06	-8.44E-05
411	18	0	0	0	0	0	0	232	254	0	-2.04E-05	4.50E-06	-1.07E-05	-9.43E-05
411	19	0	0	0	0	0	0	232	254	0	-2.04E-05	4.50E-06	-1.07E-05	-9.43E-05
412	0	0	0	0	0	0	0	232	254	0	-2.07E-05	3.73E-06	-9.32E-06	-9.45E-05
412	1	0	0	0	0	0	0	232	254	0	-2.07E-05	3.73E-06	-9.32E-06	-9.45E-05
412	2	0	0	0	0	0	0	232	254	0	-1.92E-05	2.00E-06	-8.33E-06	-9.04E-05
412	3	0	0	0	0	0	0	232	254	0	-2.05E-05	9.91E-07	-7.40E-06	-9.04E-05
412	4	0	0	0	0	0	0	232	254	0	-2.05E-05	9.91E-07	-7.40E-06	-9.04E-05
412	5	0	0	0	0	0	0	232	254	0	-2.26E-05	1.07E-06	-7.87E-06	-9.13E-05
412	6	0	0	0	0	0	0	232	254	0	-2.26E-05	1.07E-06	-7.87E-06	-9.13E-05
412	7	0	0	0	0	0	0	232	254	0	-2.36E-05	2.11E-06	-7.99E-06	-9.05E-05
412	8	0	0	0	0	0	0	232	254	0	-2.36E-05	2.11E-06	-7.99E-06	-9.05E-05
412	9	0	0	0	0	0	0	232	254	0	-2.42E-05	4.39E-06	-8.83E-06	-8.71E-05
412	10	0	0	0	0	0	0	232	254	0	-2.42E-05	4.39E-06	-8.83E-06	-8.71E-05
412	11	0	0	0	0	0	0	232	254	0	-2.29E-05	4.50E-06	-8.53E-06	-8.04E-05
412	12	0	0	0	0	0	0	232	254	0	-2.26E-05	5.37E-06	-7.99E-06	-7.34E-05
412	13	0	0	0	0	0	0	232	254	0	-2.26E-05	5.37E-06	-7.99E-06	-7.34E-05
412	14	0	0	0	0	0	0	232	254	0	-2.34E-05	7.75E-06	-9.30E-06	-6.95E-05
412	15	0	0	0	0	0	0	232	254	0	-2.34E-05	7.75E-06	-9.30E-06	-6.95E-05
412	16	0	0	0	0	0	0	232	254	0	-2.32E-05	7.62E-06	-9.43E-06	-6.04E-05
412	17	0	0	0	0	0	0	232	254	0	-2.32E-05	7.62E-06	-9.43E-06	-6.04E-05
412	18	0	0	0	0	0	0	232	254	0	-2.35E-05	5.58E-06	-9.00E-06	-4.83E-05
412	19	0	0	0	0	0	0	232	254	0	-2.35E-05	5.58E-06	-9.00E-06	-4.83E-05
413	0	0	0	0	0	0	0	232	254	0	-2.53E-05	3.11E-06	-1.03E-05	-3.91E-05
413	1	0	0	0	0	0	0	232	254	0	-2.71E-05	-1.13E-07	-1.08E-05	-2.93E-05
413	2	0	0	0	0	0	0	232	254	0	-2.71E-05	-1.13E-07	-1.08E-05	-2.93E-05
413	3	0	0	0	0	0	0	232	254	0	-2.76E-05	1.41E-06	-1.04E-05	-1.69E-05
413	4	0	0	0	0	0	0	232	254	0	-2.76E-05	1.41E-06	-1.04E-05	-1.69E-05
413	5	0	0	0	0	0	0	232	254	0	-2.61E-05	4.39E-06	-1.02E-05	-5.07E-06
413	6	0	0	0	0	0	0	232	254	0	-2.61E-05	4.39E-06	-1.02E-05	-5.07E-06
413	7	0	0	0	0	0	0	232	254	0	-2.37E-05	5.44E-06	-9.07E-06	6.67E-07
413	8	0	0	0	0	0	0	232	254	0	-2.37E-05	5.44E-06	-9.07E-06	6.67E-07
413	9	0	0	0	0	0	0	232	254	0	-2.32E-05	6.13E-06	-8.79E-06	1.21E-06
413	10	0	0	0	0	0	0	232	254	0	-2.38E-05	7.79E-06	-9.60E-06	-2.75E-06
413	11	0	0	0	0	0	0	232	254	0	-2.38E-05	7.79E-06	-9.60E-06	-2.75E-06
413	12	0	0	0	0	0	0	232	254	0	-2.33E-05	7.81E-06	-9.43E-06	-1.20E-06
413	13	0	0	0	0	0	0	232	254	0	-2.33E-05	7.81E-06	-9.43E-06	-1.20E-06
413	14	0	0	0	0	0	0	232	254	0	-2.25E-05	5.32E-06	-8.76E-06	1.44E-05
413	15	0	0	0	0	0	0	232	254	0	-2.25E-05	5.32E-06	-8.76E-06	1.44E-05
413	16	0	0	0	0	0	0	232	254	0	-2.10E-05	4.01E-06	-8.09E-06	3.37E-05
413	17	0	0	0	0	0	0	232	254	0	-2.10E-05	4.01E-06	-8.09E-06	3.37E-05
413	18	0	0	0	0	0	0	232	254	0	-2.05E-05	2.92E-06	-6.25E-06	4.23E-05
413	19	0	0	0	0	0	0	232	254	0	-2.19E-05	1.11E-06	-5.54E-06	3.77E-05
414	0	0	0	0	0	0	0	232	254	0	-2.19E-05	1.11E-06	-5.54E-06	3.77E-05
414	1	0	0	0	0	0	0	232	254	0	-2.24E-05	1.21E-06	-6.71E-06	3.14E-05
414	2	0	0	0	0	0	0	232	254	0	-2.24E-05	1.21E-06	-6.71E-06	3.14E-05
414	3	0	0	0	0	0	0	232	254	0	-2.23E-05	3.97E-06	-7.92E-06	2.83E-05
414	4	0	0	0	0	0	0	232	254	0	-2.23E-05	3.97E-06	-7.92E-06	2.83E-05
414	5	0	0	0	0	0	0	232	254	0	-2.15E-05	4.33E-06	-7.52E-06	2.14E-05
414	6	0	0	0	0	0	0	232	254	0	-2.15E-05	4.33E-06	-7.52E-06	2.14E-05
414	7	0	0	0	0	0	0	232	254	0	-1.99E-05	3.91E-06	-8.63E-06	9.95E-06
414	8	0	0	0	0	0	0	232	254	0	-2.07E-05	4.80E-06	-9.58E-06	-5.94E-07
414	9	0	0	0	0	0	0	232	254	0	-2.07E-05	4.80E-06	-9.58E-06	-5.94E-07
414	10	0	0	0	0	0	0	232	254	0	-2.16E-05	3.33E-06	-9.27E-06	-1.20E-05
414	11	0	0	0	0	0	0	232	254	0	-2.16E-05	3.33E-06	-9.27E-06	-1.20E-05
414	12	0	0	0	0	0	0	232	254	0	-1.91E-05	1.46E-06	-9.06E-06	-2.03E-05
414	13	0	0	0	0	0	0	232	254	0	-1.91E-05	1.46E-06	-9.06E-06	-2.03E-05
414	14	0	0	0	0	0	0	232	254	0	-1.70E-05	1.36E-06	-1.04E-05	-2.23E-05
414	15	0	0	0	0	0	0	232	254	0	-1.70E-05	1.36E-06	-1.04E-05	-2.23E-05
414	16	0	0	0	0	0	0	232	254	0	-1.63E-05	-8.36E-07	-1.01E-05	-2.75E-05
414	17	0	0	0	0	0	0	232	254	0	-1.63E-05	-1.03E-06	-9.62E-06	-3.96E-05
414	18	0	0	0	0	0	0	232	254	0	-1.63E-05	-1.03E-06	-9.62E-06	-3.96E-05
414	19	0	0	0	0	0	0	232	254	0	-1.70E-05	6.19E-07	-1.07E-05	-4.76E-05
415	0	0	0	0	0	0	0	232	254	0	-1.70E-05	6.19E-07	-1.07E-05	-4.76E-05
415	1	0	0	0	0	0	0	232	254	0	-1.71E-05	3.76E-06	-1.11E-05	-4.94E-05
415	2	0	0	0	0	0	0	232	254	0	-1.71E-05	3.76E-06	-1.11E-05	-4.94E-05
415	3	0	0	0	0	0	0	232	254	0	-1.81E-05	8.39E-06	-1.11E-05	-5.30E-05
415	4	0	0	0	0	0	0	232	254	0	-1.81E-05	8.39E-06	-1.11E-05	-5.30E-05
415	5	0	0	0	0	0	0	232	254	0	-1.98E-05	1.04E-05	-9.44E-06	-5.98E-05
415	6	0	0	0	0	0	0	232	254	0	-2.02E-05	7.29E-06	-9.08E-06	-6.43E-05
415	7	0	0	0	0	0	0	232	254	0	-2.02E-05	7.29E-06	-9.08E-06	-6.43E-05
415	8	0	0	0	0	0	0	232	254	0	-2.13E-05	4.23E-06	-8.53E-06	-6.34E-05
415	9	0	0	0	0	0	0	232	254	0	-2.13E-05	4.23E-06	-8.53E-06	-6.34E-05
415	10	0	0	0	0	0	0	232	254	0	-2.14E-05	4.11E-06	-8.34E-06	-6.04E-05
415	11	0	0	0	0	0	0	232	254	0	-2.14E-05	4.11E-06	-8.34E-06	-6.04E-05
415	12	0	0	0	0	0	0	232	254	0	-2.11E-05	4.72E-06	-9.21E-06	-5.72E-05
415	13	0	0	0	0	0	0	232	254	0	-2.11E-05	4.72E-06	-9.21E-06	-5.72E-05
415	14	0	0	0	0	0	0	232	254	0	-2.04E-05	3.46E-06	-9.68E-06	-5.41E-05
415	15	0	0	0	0	0	0	232	254	0	-1.86E-05	2.97E-06	-9.38E-06	-5.33E-05
415	16	0	0	0	0	0	0	232	254	0	-1.86E-05	2.97E-06	-9.38E-06	-5.33E-05
415	17	0	0	0	0	0	0	232	254	0	-1.73E-05	5.84E-06	-9.94E-06	-5.35E-05
415	18	0	0	0	0	0	0	232	254	0	-1.73E-05	5.84E-06	-9.94E-06	-5.35E-05
415	19	0	0	0	0	0	0	232	254	0	-1.70E-05	6.93E-06	-1.00E-05	-5.00E-05
416	0	0	0	0	0	0	0	232	254	0	-1.70E-05	6.93E-06	-1.00E-05	-5.00E-05
416	1	0	0	0	0	0	0	232	254	0	-1.84E-05	6.18E-06	-9.55E-06	-4.85E-05
416	2	0	0	0	0	0	0	232	254	0	-1.84E-05	6.18E-06	-9.55E-06	-4.85E-05
416	3	0	0	0	0	0	0	232	254	0	-1.97E-05	4.58E-06	-8.81E-06	-4.80E-05
416	4	0	0	0	0	0	0	232	254	0	-2.08E-05	4.85E-06	-9.73E-06	-4.46E-05
416	5	0	0	0	0	0	0	232	254	0	-2.08E-05	4.85E-06	-9.73E-06	-4.46E-05
416	6	0	0	0	0	0	0	232	254	0	-2.01E-05	5.67E-06	-9.65E-06	-4.43E-05
416	7	0	0	0	0	0	0	232	254	0	-2.01E-05	5.67E-06	-9.65E-06	-4.43E-05
416	8	0	0	0	0	0	0	232	254	0	-1.86E-05	5.17E-06	-8.11E-06	-4.95E-05
416	9	0	0	0	0	0	0	232	254	0	-1.86E-05	5.17E-06	-8.11E-06	-4.95E-05
416	10	0	0	0	0	0	0	232	254	0	-1.89E-05	4.16E-06	-7.55E-06	-5.67E-05
416	11	0	0	0	0	0	0	232	254	0	-1.89E-05	4.16E-06	-7.55E-06	-5.67E-05
416	12	0	0	0	0	0	0	232	254	0	-1.91E-05	4.92E-06	-8.37E-06	-6.20E-05
416	13	0	0	0	0	0	0	232	254	0	-1.85E-05	6.90E-06	-9.31E-06	-6.35E-05
416	14	0	0	0	0	0	0	232	254	0	-1.85E-05	6.90E-06	-9.31E-06	-6.35E-05
416	15	0	0	0	0	0	0	232	254	0	-1.75E-05	8.61E-06	-9.80E-06	-6.63E-05
416	16	0	0	0	0	0	0	232	254	0	-1.75E-05	8.61E-06	-9.80E-06	-6.63E-05
416	17	0	0	0	0	0	0	232	254	0	-1.63E-05	8.95E-06	-9.55E-06	-6.81E-05
416	18	0	0	0	0	0	0	232	254	0	-1.63E-05	8.95E-06	-9.55E-06	-6.81E-05
416	19	0	0	0	0	0	0	232	254	0	-1.77E-05	7.37E-06	-9.63E-06	-6.81E-05
417	0	0	0	0	0	0	0	232	254	0	-1.77E-05	7.37E-06	-9.63E-06	-6.81E-05
417	1	0	0	0	0	0	0	232	254	0	-1.99E-05	4.72E-06	-9.03E-06	-6.48E-05
417	2	0	0	0	0	0	0	232	254	0	-2.19E-05	5.27E-06	-7.67E-06	-5.75E-05
417	3	0	0	0	0	0	0	232	254	0	-2.19E-05	5.27E-06	-7.67E-06	-5.75E-05
417	4	0	0	0	0	0	0	232	254	0	-2.43E-05	7.52E-06	-7.45E-06	-5.42E-05
417	5	0	0	0	0	0	0	232	254	0	-2.43E-05	7.52E-06	-7.45E-06	-5.42E-05
417	6	0	0	0	0	0	0	232	254	0	-2.54E-05	7.52E-06	-8.02E-06	-5.75E-05
417	7	0	0	0	0	0	0	232	254	0	-2.54E-05	7.52E-06	-8.02E-06	-5.75E-05
417	8	0	0	0	0	0	0	232	254	0	-2.54E-05	8.63E-06	-8.69E-06	-5.64E-05
417	9	0	0	0	0	0	0	232	254	0	-2.54E-05	8.63E-06	-8.69E-06	-5.64E-05
417	10	0	0	0	0	0	0	232	254	0	-2.65E-05	8.65E-06	-9.60E-06	-5.17E-05
417	11	0	0	0	0	0	0	232	254	0	-2.56E-05	5.69E-06	-1.01E-05	-4.82E-05
417	12	0	0	0	0	0	0	232	254	0	-2.56E-05	5.69E-06	-1.01E-05	-4.82E-05
417	13	0	0	0	0	0	0	232	254	0	-2.43E-05	3.59E-06	-9.30E-06	-4.67E-05
417	14	0	0	0	0	0	0	232	254	0	-2.43E-05	3.59E-06	-9.30E-06	-4.67E-05
417	15	0	0	0	0	0	0	232	254	0	-2.38E-05	2.72E-06	-8.43E-06	-4.26E-05
417	16	0	0	0	0	0	0	232	254	0	-2.38E-05	2.72E-06	-8.43E-06	-4.26E-05
417	17	0	0	0	0	0	0	232	254	0	-2.16E-05	2.40E-06	-7.40E-06	-3.73E-05
417	18	0	0	0	0	0	0	232	254	0	-2.16E-05	2.40E-06	-7.40E-06	-3.73E-05
417	19	0	0	0	0	0	0	232	254	0	-2.04E-05	2.35E-06	-7.99E-06	-3.39E-05
418	0	0	0	0	0	0	0	232	254	0	-2.17E-05	-2.31E-07	-9.45E-06	-2.38E-05
418	1	0	0	0	0	0	0	232	254	0	-2.17E-05	-2.31E-07	-9.45E-06	-2.38E-05
418	2	0	0	0	0	0	0	232	254	0	-2.21E-05	-2.87E-07	-1.01E-05	-1.37E-05
418	3	0	0	0	0	0	0	232	254	0	-2.21E-05	-2.87E-07	-1.01E-05	-1.37E-05
418	4	0	0	0	0	0	0	232	254	0	-1.96E-05	2.28E-06	-9.07E-06	-7.21E-06
418	5	0	0	0	0	0	0	232	254	0	-1.96E-05	2.28E-06	-9.07E-06	-7.21E-06
418	6	0	0	0	0	0	0	232	254	0	-1.77E-05	2.13E-06	-7.86E-06	5.61E-07
418	7	0	0	0	0	0	0	232	254	0	-1.77E-05	2.13E-06	-7.86E-06	5.61E-07
418	8	0	0	0	0	0	0	232	254	0	-1.86E-05	1.56E-06	-7.55E-06	7.88E-06
418	9	0	0	0	0	0	0	232	254	0	-2.28E-05	2.21E-06	-6.97E-06	1.76E-05
418	10	0	0	0	0	0	0	232	254	0	-2.28E-05	2.21E-06	-6.97E-06	1.76E-05
418	11	0	0	0	0	0	0	232	254	0	-2.59E-05	2.99E-06	-6.83E-06	2.40E-05
418	12	0	0	0	0	0	0	232	254	0	-2.59E-05	2.99E-06	-6.83E-06	2.40E-05
418	13	0	0	0	0	0	0	232	254	0	-2.56E-05	3.19E-06	-5.47E-06	2.82E-05
418	14	0	0	0	0	0	0	232	254	0	-2.56E-05	3.19E-06	-5.47E-06	2.82E-05
418	15	0	0	0	0	0	0	232	254	0	-2.38E-05	4.36E-06	-6.04E-06	3.49E-05
418	16	0	0	0	0	0	0	232	254	0	-2.38E-05	4.36E-06	-6.04E-06	3.49E-05
418	17	0	0	0	0	0	0	232	254	0	-2.20E-05	4.87E-06	-8.31E-06	3.90E-05
418	18	0	0	0	0	0	0	232	254	0	-2.21E-05	3.22E-06	-8.01E-06	4.05E-05
418	19	0	0	0	0	0	0	232	254	0	-2.21E-05	3.22E-06	-8.01E-06	4.05E-05
419	0	0	0	0	0	0	0	232	254	0	-2.26E-05	8.75E-07	-7.55E-06	4.35E-05
419	1	0	0	0	0	0	0	232	254	0	-2.26E-05	8.75E-07	-7.55E-06	4.35E-05
419	2	0	0	0	0	0	0	232	254	0	-2.24E-05	-2.53E-06	-8.14E-06	4.62E-05
419	3	0	0	0	0	0	0	232	254	0	-2.24E-05	-2.53E-06	-8.14E-06	4.62E-05
419	4	0	0	0	0	0	0	232	254	0	-2.09E-05	-3.34E-06	-8.28E-06	4.74E-05
419	5	0	0	0	0	0	0	232	254	0	-2.09E-05	-3.34E-06	-8.28E-06	4.74E-05
419	6	0	0	0	0	0	0	232	254	0	-1.87E-05	-2.60E-06	-9.63E-06	4.50E-05
419	7	0	0	0	0	0	0	232	254	0	-1.69E-05	-1.53E-06	-9.89E-06	4.56E-05
419	8	0	0	0	0	0	0	232	254	0	-1.69E-05	-1.53E-06	-9.89E-06	4.56E-05
419	9	0	0	0	0	0	0	232	254	0	-1.28E-05	1.05E-06	-1.06E-05	4.76E-05
419	10	0	0	0	0	0	0	232	254	0	-1.28E-05	1.05E-06	-1.06E-05	4.76E-05
419	11	0	0	0	0	0	0	232	254	0	-6.79E-06	2.37E-06	-1.02E-05	4.72E-05
419	12	0	0	0	0	0	0	232	254	0	-6.79E-06	2.37E-06	-1.02E-05	4.72E-05
419	13	0	0	0	0	0	0	232	254	0	-5.81E-06	9.92E-07	-1.06E-05	4.67E-05
419	14	0	0	0	0	0	0	232	254	0	-5.81E-06	9.92E-07	-1.06E-05	4.67E-05
419	15	0	0	0	0	0	0	232	254	0	-1.27E-05	2.18E-07	-1.11E-05	4.69E-05
419	16	0	0	0	0	0	0	232	254	0	-2.07E-05	4.03E-07	-1.09E-05	4.44E-05
419	17	0	0	0	0	0	0	232	254	0	-2.07E-05	4.03E-07	-1.09E-05	4.44E-05
419	18	0	0	0	0	0	0	232	254	0	-2.63E-05	3.20E-06	-1.02E-05	4.37E-05
419	19	0	0	0	0	0	0	232	254	0	-2.63E-05	3.20E-06	-1.02E-05	4.37E-05
420	0	0	0	0	0	0	0	232	254	0	-2.72E-05	4.01E-06	-1.00E-05	4.20E-05
420	1	0	0	0	0	0	0	232	254	0	-2.72E-05	4.01E-06	-1.00E-05	4.20E-05
420	2	0	0	0	0	0	0	232	254	0	-2.87E-05	3.86E-06	-9.72E-06	3.69E-05
420	3	0	0	0	0	0	0	232	254	0	-2.87E-05	3.86E-06	-9.72E-06	3.69E-05
420	4	0	0	0	0	0	0	232	254	0	-2.88E-05	8.32E-06	-1.03E-05	3.03E-05
420	5	0	0	0	0	0	0	232	254	0	-2.57E-05	9.53E-06	-1.15E-05	2.94E-05
420	6	0	0	0	0	0	0	232	254	0	-2.57E-05	9.53E-06	-1.15E-05	2.94E-05
420	7	0	0	0	0	0	0	232	254	0	-2.51E-05	8.29E-06	-1.03E-05	2.74E-05
420	8	0	0	0	0	0	0	232	254	0	-2.51E-05	8.29E-06	-1.03E-05	2.74E-05
420	9	0	0	0	0	0	0	232	254	0	-2.25E-05	8.24E-06	-8.39E-06	2.47E-05
420	10	0	0	0	0	0	0	232	254	0	-2.25E-05	8.24E-06	-8.39E-06	2.47E-05
420	11	0	0	0	0	0	0	232	254	0	-2.06E-05	7.10E-06	-8.12E-06	2.40E-05
420	12	0	0	0	0	0	0	232	254	0	-2.06E-05	7.10E-06	-8.12E-06	2.40E-05
420	13	0	0	0	0	0	0	232	254	0	-2.22E-05	7.95E-06	-7.29E-06	2.18E-05
420	14	0	0	0	0	0	0	232	254	0	-2.39E-05	8.09E-06	-7.12E-06	1.59E-05
420	15	0	0	0	0	0	0	232	254	0	-2.39E-05	8.09E-06	-7.12E-06	1.59E-05
420	16	0	0	0	0	0	0	232	254	0	-2.48E-05	4.84E-06	-6.28E-06	1.15E-05
420	17	0	0	0	0	0	0	232	254	0	-2.48E-05	4.84E-06	-6.28E-06	1.15E-05
420	18	0	0	0	0	0	0	232	254	0	-2.59E-05	2.82E-06	-6.11E-06	7.76E-06
420	19	0	0	0	0	0	0	232	254	0	-2.59E-05	2.82E-06	-6.11E-06	7.76E-06
421	0	0	0	0	0	0	0	232	254	0	-2.61E-05	3.46E-06	-6.45E-06	4.43E-06
421	1	0	0	0	0	0	0	232	254	0	-2.61E-05	3.46E-06	-6.45E-06	4.43E-06
421	2	0	0	0	0	0	0	232	254	0	-2.58E-05	5.27E-06	-7.95E-06	3.99E-06
421	3	0	0	0	0	0	0	232	254	0	-2.47E-05	6.34E-06	-8.91E-06	5.37E-06
421	4	0	0	0	0	0	0	232	254	0	-2.47E-05	6.34E-06	-8.91E-06	5.37E-06
421	5	0	0	0	0	0	0	232	254	0	-2.41E-05	8.66E-06	-8.24E-06	7.28E-06
421	6	0	0	0	0	0	0	232	254	0	-2.41E-05	8.66E-06	-8.24E-06	7.28E-06
421	7	0	0	0	0	0	0	232	254	0	-2.40E-05	1.07E-05	-8.59E-06	4.13E-06
421	8	0	0	0	0	0	0	232	254	0	-2.40E-05	1.07E-05	-8.59E-06	4.13E-06
421	9	0	0	0	0	0	0	232	254	0	-2.47E-05	8.78E-06	-8.43E-06	-4.52E-06
421	10	0	0	0	0	0	0	232	254	0	-2.47E-05	8.78E-06	-8.43E-06	-4.52E-06
421	11	0	0	0	0	0	0	232	254	0	-2.63E-05	8.31E-06	-8.93E-06	-8.26E-06
421	12	0	0	0	0	0	0	232	254	0	-2.65E-05	8.56E-06	-8.64E-06	-3.63E-06
421	13	0	0	0	0	0	0	232	254	0	-2.65E-05	8.56E-06	-8.64E-06	-3.63E-06
421	14	0	0	0	0	0	0	232	254	0	-2.47E-05	6.92E-06	-7.81E-06	-4.54E-07
421	15	0	0	0	0	0	0	232	254	0	-2.47E-05	6.92E-06	-7.81E-06	-4.54E-07
421	16	0	0	0	0	0	0	232	254	0	-2.35E-05	6.21E-06	-8.49E-06	1.53E-06
421	17	0	0	0	0	0	0	232	254	0	-2.35E-05	6.21E-06	-8.49E-06	1.53E-06
421	18	0	0	0	0	0	0	232	254	0	-2.22E-05	7.38E-06	-8.66E-06	3.12E-06
421	19	0	0	0	0	0	0	232	254	0	-2.22E-05	7.38E-06	-8.66E-06	3.12E-06
422	0	0	0	0	0	0	0	232	254	0	-2.26E-05	8.36E-06	-8.56E-06	2.70E-06
422	1	0	0	0	0	0	0	232	254	0	-2.42E-05	8.33E-06	-8.09E-06	5.52E-06
422	2	0	0	0	0	0	0	232	254	0	-2.42E-05	8.33E-06	-8.09E-06	5.52E-06
422	3	0	0	0	0	0	0	232	254	0	-2.26E-05	7.05E-06	-7.77E-06	8.88E-06
422	4	0	0	0	0	0	0	232	254	0	-2.26E-05	7.05E-06	-7.77E-06	8.88E-06
422	5	0	0	0	0	0	0	232	254	0	-2.09E-05	7.25E-06	-9.48E-06	6.57E-06
422	6	0	0	0	0	0	0	232	254	0	-2.09E-05	7.25E-06	-9.48E-06	6.57E-06
422	7	0	0	0	0	0	0	232	254	0	-2.02E-05	7.91E-06	-1.02E-05	2.97E-06
422	8	0	0	0	0	0	0	232	254	0	-2.02E-05	7.91E-06	-1.02E-05	2.97E-06
422	9	0	0	0	0	0	0	232	254	0	-1.86E-05	5.59E-06	-1.07E-05	4.24E-06
422	10	0	0	0	0	0	0	232	254	0	-1.66E-05	2.89E-06	-1.04E-05	7.55E-06
422	11	0	0	0	0	0	0	232	254	0	-1.66E-05	2.89E-06	-1.04E-05	7.55E-06
422	12	0	0	0	0	0	0	232	254	0	-1.56E-05	3.12E-06	-9.53E-06	3.16E-06
422	13	0	0	0	0	0	0	232	254	0	-1.56E-05	3.12E-06	-9.53E-06	3.16E-06
422	14	0	0	0	0	0	0	232	254	0	-1.49E-05	4.73E-07	-9.58E-06	-3.86E-06
422	15	0	0	0	0	0	0	232	254	0	-1.49E-05	4.73E-07	-9.58E-06	-3.86E-06
422	16	0	0	0	0	0	0	232	254	0	-1.61E-05	-2.37E-06	-1.13E-05	-1.08E-05
422	17	0	0	0	0	0	0	232	254	0	-1.61E-05	-2.37E-06	-1.13E-05	-1.08E-05
422	18	0	0	0	0	0	0	232	254	0	-1.64E-05	-2.55E-06	-1.14E-05	-1.76E-05
422	19	0	0	0	0	0	0	232	254	0	-1.63E-05	-8.24E-07	-9.60E-06	-1.52E-05
423	0	0	0	0	0	0	0	232	254	0	-1.63E-05	-8.24E-07	-9.60E-06	-1.52E-05
423	1	0	0	0	0	0	0	232	254	0	-1.77E-05	8.89E-07	-9.48E-06	-1.26E-05
423	2	0	0	0	0	0	0	232	254	0	-1.77E-05	8.89E-07	-9.48E-06	-1.26E-05
423	3	0	0	0	0	0	0	232	254	0	-1.69E-05	1.23E-06	-9.85E-06	-1.85E-05
423	4	0	0	0	0	0	0	232	254	0	-1.69E-05	1.23E-06	-9.85E-06	-1.85E-05
423	5	0	0	0	0	0	0	232	254	0	-1.46E-05	1.17E-06	-9.43E-06	-2.11E-05
423	6	0	0	0	0	0	0	232	254	0	-1.46E-05	1.17E-06	-9.43E-06	-2.11E-05
423	7	0	0	0	0	0	0	232	254	0	-1.51E-05	2.82E-06	-9.00E-06	-1.82E-05
423	8	0	0	0	0	0	0	232	254	0	-1.54E-05	3.99E-06	-8.66E-06	-2.14E-05
423	9	0	0	0	0	0	0	232	254	0	-1.54E-05	3.99E-06	-8.66E-06	-2.14E-05
423	10	0	0	0	0	0	0	232	254	0	-1.63E-05	4.43E-06	-9.73E-06	-3.11E-05
423	11	0	0	0	0	0	0	232	254	0	-1.63E-05	4.43E-06	-9.73E-06	-3.11E-05
423	12	0	0	0	0	0	0	232	254	0	-1.70E-05	4.41E-06	-1.06E-05	-3.46E-05
423	13	0	0	0	0	0	0	232	254	0	-1.70E-05	4.41E-06	-1.06E-05	-3.46E-05
423	14	0	0	0	0	0	0	232	254	0	-1.82E-05	4.48E-06	-9.92E-06	-3.37E-05
423	15	0	0	0	0	0	0	232	254	0	-1.82E-05	4.48E-06	-9.92E-06	-3.37E-05
423	16	0	0	0	0	0	0	232	254	0	-2.00E-05	5.00E-06	-8.63E-06	-3.50E-05
423	17	0	0	0	0	0	0	232	254	0	-2.04E-05	5.91E-06	-7.29E-06	-3.53E-05
423	18	0	0	0	0	0	0	232	254	0	-2.04E-05	5.91E-06	-7.29E-06	-3.53E-05
423	19	0	0	0	0	0	0	232	254	0	-2.08E-05	6.45E-06	-8.41E-06	-3.32E-05
424	0	0	0	0	0	0	0	232	254	0	-2.08E-05	6.45E-06	-8.41E-06	-3.32E-05
424	1	0	0	0	0	0	0	232	254	0	-1.93E-05	8.54E-06	-1.08E-05	-3.00E-05
424	2	0	0	0	0	0	0	232	254	0	-1.93E-05	8.54E-06	-1.08E-05	-3.00E-05
424	3	0	0	0	0	0	0	232	254	0	-1.80E-05	7.99E-06	-1.04E-05	-2.11E-05
424	4	0	0	0	0	0	0	232	254	0	-1.80E-05	7.99E-06	-1.04E-05	-2.11E-05
424	5	0	0	0	0	0	0	232	254	0	-1.91E-05	3.63E-06	-1.03E-05	-8.70E-06
424	6	0	0	0	0	0	0	232	254	0	-2.07E-05	3.54E-06	-1.09E-05	7.67E-07
424	7	0	0	0	0	0	0	232	254	0	-2.07E-05	3.54E-06	-1.09E-05	7.67E-07
424	8	0	0	0	0	0	0	232	254	0	-2.17E-05	4.20E-06	-1.05E-05	7.88E-06
424	9	0	0	0	0	0	0	232	254	0	-2.17E-05	4.20E-06	-1.05E-05	7.88E-06
424	10	0	0	0	0	0	0	232	254	0	-2.13E-05	3.96E-06	-9.77E-06	1.30E-05
424	11	0	0	0	0	0	0	232	254	0	-2.13E-05	3.96E-06	-9.77E-06	1.30E-05
424	12	0	0	0	0	0	0	232	254	0	-2.00E-05	3.98E-06	-9.68E-06	2.27E-05
424	13	0	0	0	0	0	0	232	254	0	-2.00E-05	3.98E-06	-9.68E-06	2.27E-05
424	14	0	0	0	0	0	0	232	254	0	-1.94E-05	4.38E-06	-9.15E-06	2.73E-05
424	15	0	0	0	0	0	0	232	254	0	-2.05E-05	6.18E-06	-9.60E-06	1.61E-05
424	16	0	0	0	0	0	0	232	254	0	-2.05E-05	6.18E-06	-9.60E-06	1.61E-05
424	17	0	0	0	0	0	0	232	254	0	-1.93E-05	4.42E-06	-1.15E-05	-2.77E-06
424	18	0	0	0	0	0	0	232	254	0	-1.93E-05	4.42E-06	-1.15E-05	-2.77E-06
424	19	0	0	0	0	0	0	232	254	0	-1.79E-05	1.83E-06	-1.27E-05	-1.96E-05
425	0	0	0	0	0	0	0	232	254	0	-1.79E-05	1.83E-06	-1.27E-05	-1.96E-05
425	1	0	0	0	0	0	0	232	254	0	-1.95E-05	4.23E-06	-1.20E-05	-3.08E-05
425	2	0	0	0	0	0	0	232	254	0	-1.95E-05	4.23E-06	-1.20E-05	-3.08E-05
425	3	0	0	0	0	0	0	232	254	0	-2.20E-05	8.36E-06	-1.12E-05	-3.99E-05
425	4	0	0	0	0	0	0	232	254	0	-2.34E-05	8.39E-06	-1.11E-05	-5.03E-05
425	5	0	0	0	0	0	0	232	254	0	-2.34E-05	8.39E-06	-1.11E-05	-5.03E-05
425	6	0	0	0	0	0	0	232	254	0	-2.45E-05	4.84E-06	-1.05E-05	-6.39E-05
425	7	0	0	0	0	0	0	232	254	0	-2.45E-05	4.84E-06	-1.05E-05	-6.39E-05
425	8	0	0	0	0	0	0	232	254	0	-2.41E-05	4.93E-06	-9.30E-06	-8.03E-05
425	9	0	0	0	0	0	0	232	254	0	-2.41E-05	4.93E-06	-9.30E-06	-8.03E-05
425	10	0	0	0	0	0	0	232	254	0	-2.34E-05	5.07E-06	-6.55E-06	-9.02E-05
425	11	0	0	0	0	0	0	232	254	0	-2.34E-05	5.07E-06	-6.55E-06	-9.02E-05
425	12	0	0	0	0	0	0	232	254	0	-2.28E-05	2.17E-06	-5.54E-06	-9.29E-05
425	13	0	0	0	0	0	0	232	254	0	-1.91E-05	1.85E-07	-8.36E-06	-9.40E-05
425	14	0	0	0	0	0	0	232	254	0	-1.91E-05	1.85E-07	-8.36E-06	-9.40E-05
425	15	0	0	0	0	0	0	232	254	0	-1.67E-05	5.37E-07	-1.06E-05	-9.19E-05
425	16	0	0	0	0	0	0	232	254	0	-1.67E-05	5.37E-07	-1.06E-05	-9.19E-05
425	17	0	0	0	0	0	0	232	254	0	-1.77E-05	2.37E-06	-9.55E-06	-8.92E-05
425	18	0	0	0	0	0	0	232	254	0	-1.77E-05	2.37E-06	-9.55E-06	-8.92E-05
425	19	0	0	0	0	0	0	232	254	0	-1.88E-05	5.02E-06	-8.43E-06	-8.42E-05
426	0	0	0	0	0	0	0	232	254	0	-1.88E-05	5.02E-06	-8.43E-06	-8.42E-05
426	1	0	0	0	0	0	0	232	254	0	-2.07E-05	5.87E-06	-7.87E-06	-7.94E-05
426	2	0	0	0	0	0	0	232	254	0	-2.41E-05	5.87E-06	-7.84E-06	-7.59E-05
426	3	0	0	0	0	0	0	232	254	0	-2.41E-05	5.87E-06	-7.84E-06	-7.59E-05
426	4	0	0	0	0	0	0	232	254	0	-2.52E-05	4.11E-06	-8.12E-06	-6.87E-05
426	5	0	0	0	0	0	0	232	254	0	-2.52E-05	4.11E-06	-8.12E-06	-6.87E-05
426	6	0	0	0	0	0	0	232	254	0	-2.39E-05	3.00E-06	-9.40E-06	-6.09E-05
426	7	0	0	0	0	0	0	232	254	0	-2.39E-05	3.00E-06	-9.40E-06	-6.09E-05
426	8	0	0	0	0	0	0	232	254	0	-2.22E-05	4.50E-06	-9.79E-06	-5.65E-05
426	9	0	0	0	0	0	0	232	254	0	-2.22E-05	4.50E-06	-9.79E-06	-5.65E-05
426	10	0	0	0	0	0	0	232	254	0	-2.26E-05	5.20E-06	-9.15E-06	-5.24E-05
426	11	0	0	0	0	0	0	232	254	0	-2.33E-05	5.20E-06	-8.66E-06	-4.29E-05
426	12	0	0	0	0	0	0	232	254	0	-2.33E-05	5.20E-06	-8.66E-06	-4.29E-05
426	13	0	0	0	0	0	0	232	254	0	-2.50E-05	5.20E-06	-8.80E-06	-3.26E-05
426	14	0	0	0	0	0	0	232	254	0	-2.50E-05	5.20E-06	-8.80E-06	-3.26E-05
426	15	0	0	0	0	0	0	232	254	0	-2.67E-05	5.20E-06	-8.31E-06	-2.60E-05
426	16	0	0	0	0	0	0	232	254	0	-2.67E-05	5.20E-06	-8.31E-06	-2.60E-05
426	17	0	0	0	0	0	0	232	254	0	-2.64E-05	4.85E-06	-9.11E-06	-2.34E-05
426	18	0	0	0	0	0	0	232	254	0	-2.64E-05	4.85E-06	-9.11E-06	-2.34E-05
426	19	0	0	0	0	0	0	232	254	0	-2.48E-05	5.99E-06	-9.22E-06	-2.30E-05
427	0	0	0	0	0	0	0	232	254	0	-2.32E-05	7.72E-06	-9.06E-06	-2.21E-05
427	1	0	0	0	0	0	0	232	254	0	-2.32E-05	7.72E-06	-9.06E-06	-2.21E-05
427	2	0	0	0	0	0	0	232	254	0	-2.08E-05	9.05E-06	-9.65E-06	-1.71E-05
427	3	0	0	0	0	0	0	232	254	0	-2.08E-05	9.05E-06	-9.65E-06	-1.71E-05
427	4	0	0	0	0	0	0	232	254	0	-1.86E-05	8.58E-06	-8.14E-06	-9.82E-06
427	5	0	0	0	0	0	0	232	254	0	-1.86E-05	8.58E-06	-8.14E-06	-9.82E-06
427	6	0	0	0	0	0	0	232	254	0	-1.77E-05	8.69E-06	-6.68E-06	-4.74E-06
427	7	0	0	0	0	0	0	232	254	0	-1.77E-05	8.69E-06	-6.68E-06	-4.74E-06
427	8	0	0	0	0	0	0	232	254	0	-1.65E-05	7.25E-06	-8.26E-06	-2.59E-06
427	9	0	0	0	0	0	0	232	254	0	-1.55E-05	5.25E-06	-8.95E-06	1.11E-06
427	10	0	0	0	0	0	0	232	254	0	-1.55E-05	5.25E-06	-8.95E-06	1.11E-06
427	11	0	0	0	0	0	0	232	254	0	-1.62E-05	4.82E-06	-9.60E-06	4.87E-06
427	12	0	0	0	0	0	0	232	254	0	-1.62E-05	4.82E-06	-9.60E-06	4.87E-06
427	13	0	0	0	0	0	0	232	254	0	-1.66E-05	3.46E-06	-1.08E-05	5.05E-06
427	14	0	0	0	0	0	0	232	254	0	-1.66E-05	3.46E-06	-1.08E-05	5.05E-06
427	15	0	0	0	0	0	0	232	254	0	-1.66E-05	2.38E-06	-1.01E-05	5.64E-06
427	16	0	0	0	0	0	0	232	254	0	-1.66E-05	2.38E-06	-1.01E-05	5.64E-06
427	17	0	0	0	0	0	0	232	254	0	-1.78E-05	2.06E-06	-9.80E-06	5.93E-06
427	18	0	0	0	0	0	0	232	254	0	-1.97E-05	4.88E-07	-9.67E-06	4.23E-06
427	19	0	0	0	0	0	0	232	254	0	-1.97E-05	4.88E-07	-9.67E-06	4.23E-06
428	0	0	0	0	0	0	0	232	254	0	-2.36E-05	1.48E-06	-9.10E-06	5.40E-06
428	1	0	0	0	0	0	0	232	254	0	-2.36E-05	1.48E-06	-9.10E-06	5.40E-06
428	2	0	0	0	0	0	0	232	254	0	-2.74E-05	2.65E-06	-8.43E-06	5.62E-06
428	3	0	0	0	0	0	0	232	254	0	-2.74E-05	2.65E-06	-8.43E-06	5.62E-06
428	4	0	0	0	0	0	0	232	254	0	-2.75E-05	2.97E-06	-7.87E-06	2.67E-06
428	5	0	0	0	0	0	0	232	254	0	-2.75E-05	2.97E-06	-7.87E-06	2.67E-06
428	6	0	0	0	0	0	0	232	254	0	-2.45E-05	3.61E-06	-8.31E-06	1.86E-06
428	7	0	0	0	0	0	0	232	254	0	-2.17E-05	3.16E-06	-9.50E-06	1.90E-06
428	8	0	0	0	0	0	0	232	254	0	-2.17E-05	3.16E-06	-9.50E-06	1.90E-06
428	9	0	0	0	0	0	0	232	254	0	-2.24E-05	3.32E-06	-9.90E-06	2.79E-06
428	10	0	0	0	0	0	0	232	254	0	-2.24E-05	3.32E-06	-9.90E-06	2.79E-06
428	11	0	0	0	0	0	0	232	254	0	-2.42E-05	4.23E-06	-8.85E-06	4.60E-06
428	12	0	0	0	0	0	0	232	254	0	-2.42E-05	4.23E-06	-8.85E-06	4.60E-06
428	13	0	0	0	0	0	0	232	254	0	-2.42E-05	4.41E-06	-7.10E-06	4.73E-06
428	14	0	0	0	0	0	0	232	254	0	-2.42E-05	4.41E-06	-7.10E-06	4.73E-06
428	15	0	0	0	0	0	0	232	254	0	-2.35E-05	2.49E-06	-5.84E-06	3.48E-06
428	16	0	0	0	0	0	0	232	254	0	-2.40E-05	-8.27E-08	-5.54E-06	2.90E-06
428	17	0	0	0	0	0	0	232	254	0	-2.40E-05	-8.27E-08	-5.54E-06	2.90E-06
428	18	0	0	0	0	0	0	232	254	0	-2.29E-05	-1.74E-08	-6.01E-06	4.26E-06
428	19	0	0	0	0	0	0	232	254	0	-2.29E-05	-1.74E-08	-6.01E-06	4.26E-06
429	0	0	0	0	0	0	0	232	254	0	-1.83E-05	1.39E-06	-7.15E-06	1.58E-06
429	1	0	0	0	0	0	0	232	254	0	-1.83E-05	1.39E-06	-7.15E-06	1.58E-06
429	2	0	0	0	0	0	0	232	254	0	-1.36E-05	2.55E-06	-7.55E-06	-3.02E-07
429	3	0	0	0	0	0	0	232	254	0	-1.36E-05	2.55E-06	-7.55E-06	-3.02E-07
429	4	0	0	0	0	0	0	232	254	0	-8.96E-06	3.21E-06	-7.55E-06	3.18E-07
429	5	0	0	0	0	0	0	232	254	0	-8.49E-06	4.30E-06	-8.02E-06	8.42E-08
429	6	0	0	0	0	0	0	232	254	0	-8.49E-06	4.30E-06	-8.02E-06	8.42E-08
429	7	0	0	0	0	0	0	232	254	0	-1.31E-05	4.00E-06	-8.46E-06	-3.69E-06
429	8	0	0	0	0	0	0	232	254	0	-1.31E-05	4.00E-06	-8.46E-06	-3.69E-06
429	9	0	0	0	0	0	0	232	254	0	-1.98E-05	3.11E-06	-8.80E-06	-6.38E-06
429	10	0	0	0	0	0	0	232	254	0	-1.98E-05	3.11E-06	-8.80E-06	-6.38E-06
429	11	0	0	0	0	0	0	232	254	0	-2.66E-05	2.62E-06	-1.01E-05	-6.41E-06
429	12	0	0	0	0	0	0	232	254	0	-2.66E-05	2.62E-06	-1.01E-05	-6.41E-06
429	13	0	0	0	0	0	0	232	254	0	-2.80E-05	5.10E-06	-1.13E-05	-7.62E-06
429	14	0	0	0	0	0	0	232	254	0	-2.65E-05	5.15E-06	-1.08E-05	-1.14E-05
429	15	0	0	0	0	0	0	232	254	0	-2.65E-05	5.15E-06	-1.08E-05	-1.14E-05
429	16	0	0	0	0	0	0	232	254	0	-3.00E-05	4.82E-06	-9.82E-06	-1.16E-05
429	17	0	0	0	0	0	0	232	254	0	-3.00E-05	4.82E-06	-9.82E-06	-1.16E-05
429	18	0	0	0	0	0	0	232	254	0	-3.69E-05	6.51E-06	-9.57E-06	-1.03E-05
429	19	0	0	0	0	0	0	232	254	0	-3.69E-05	6.51E-06	-9.57E-06	-1.03E-05
430	0	0	0	0	0	0	0	232	254	0	-4.05E-05	6.16E-06	-1.00E-05	-1.13E-05
430	1	0	0	0	0	0	0	232	254	0	-4.05E-05	6.16E-06	-1.00E-05	-1.13E-05
430	2	0	0	0	0	0	0	232	254	0	-3.90E-05	4.42E-06	-1.02E-05	-1.22E-05
430	3	0	0	0	0	0	0	232	254	0	-3.47E-05	3.39E-06	-9.77E-06	-1.08E-05
430	4	0	0	0	0	0	0	232	254	0	-3.47E-05	3.39E-06	-9.77E-06	-1.08E-05
430	5	0	0	0	0	0	0	232	254	0	-3.01E-05	2.72E-06	-8.39E-06	-7.89E-06
430	6	0	0	0	0	0	0	232	254	0	-3.01E-05	2.72E-06	-8.39E-06	-7.89E-06
430	7	0	0	0	0	0	0	232	254	0	-2.38E-05	1.46E-06	-8.59E-06	-5.12E-06
430	8	0	0	0	0	0	0	232	254	0	-2.38E-05	1.46E-06	-8.59E-06	-5.12E-06
430	9	0	0	0	0	0	0	232	254	0	-2.07E-05	1.85E-07	-8.54E-06	-1.90E-06
430	10	0	0	0	0	0	0	232	254	0	-2.07E-05	1.85E-07	-8.54E-06	-1.90E-06
430	11	0	0	0	0	0	0	232	254	0	-1.75E-05	3.02E-07	-6.87E-06	-1.31E-06
430	12	0	0	0	0	0	0	232	254	0	-1.57E-05	1.21E-06	-7.74E-06	-5.27E-06
430	13	0	0	0	0	0	0	232	254	0	-1.57E-05	1.21E-06	-7.74E-06	-5.27E-06
430	14	0	0	0	0	0	0	232	254	0	-1.53E-05	2.45E-06	-9.33E-06	-7.35E-06
430	15	0	0	0	0	0	0	232	254	0	-1.53E-05	2.45E-06	-9.33E-06	-7.35E-06
430	16	0	0	0	0	0	0	232	254	0	-1.03E-05	3.91E-06	-9.62E-06	-5.91E-06
430	17	0	0	0	0	0	0	232	254	0	-1.03E-05	3.91E-06	-9.62E-06	-5.91E-06
430	18	0	0	0	0	0	0	232	254	0	-8.22E-06	2.60E-06	-1.00E-05	-8.26E-06
430	19	0	0	0	0	0	0	232	254	0	-8.22E-06	2.60E-06	-1.00E-05	-8.26E-06
431	0	0	0	0	0	0	0	232	254	0	-1.02E-05	2.55E-06	-9.06E-06	-9.33E-06
431	1	0	0	0	0	0	0	232	254	0	-1.21E-05	4.03E-06	-8.68E-06	-6.18E-06
431	2	0	0	0	0	0	0	232	254	0	-1.21E-05	4.03E-06	-8.68E-06	-6.18E-06
431	3	0	0	0	0	0	0	232	254	0	-1.42E-05	4.30E-06	-8.14E-06	-7.80E-06
431	4	0	0	0	0	0	0	232	254	0	-1.42E-05	4.30E-06	-8.14E-06	-7.80E-06
431	5	0	0	0	0	0	0	232	254	0	-1.71E-05	2.90E-06	-8.12E-06	-1.09E-05
431	6	0	0	0	0	0	0	232	254	0	-1.71E-05	2.90E-06	-8.12E-06	-1.09E-05
431	7	0	0	0	0	0	0	232	254	0	-2.08E-05	2.94E-06	-8.69E-06	-1.27E-05
431	8	0	0	0	0	0	0	232	254	0	-2.08E-05	2.94E-06	-8.69E-06	-1.27E-05
431	9	0	0	0	0	0	0	232	254	0	-2.28E-05	6.13E-06	-7.72E-06	-1.27E-05
431	10	0	0	0	0	0	0	232	254	0	-2.40E-05	8.32E-06	-8.16E-06	-1.14E-05
431	11	0	0	0	0	0	0	232	254	0	-2.40E-05	8.32E-06	-8.16E-06	-1.14E-05
431	12	0	0	0	0	0	0	232	254	0	-2.32E-05	9.08E-06	-9.26E-06	-1.28E-05
431	13	0	0	0	0	0	0	232	254	0	-2.32E-05	9.08E-06	-9.26E-06	-1.28E-05
431	14	0	0	0	0	0	0	232	254	0	-2.09E-05	8.17E-06	-8.04E-06	-1.78E-05
431	15	0	0	0	0	0	0	232	254	0	-2.09E-05	8.17E-06	-8.04E-06	-1.78E-05
431	16	0	0	0	0	0	0	232	254	0	-2.14E-05	7.84E-06	-7.27E-06	-1.69E-05
431	17	0	0	0	0	0	0	232	254	0	-2.14E-05	7.84E-06	-7.27E-06	-1.69E-05
431	18	0	0	0	0	0	0	232	254	0	-2.32E-05	9.06E-06	-8.27E-06	-1.68E-05
431	19	0	0	0	0	0	0	232	254	0	-2.30E-05	7.92E-06	-8.85E-06	-1.66E-05
432	0	0	0	0	0	0	0	232	254	0	-2.30E-05	7.92E-06	-8.85E-06	-1.66E-05
432	1	0	0	0	0	0	0	232	254	0	-2.07E-05	5.57E-06	-8.19E-06	-1.28E-05
432	2	0	0	0	0	0	0	232	254	0	-2.07E-05	5.57E-06	-8.19E-06	-1.28E-05
432	3	0	0	0	0	0	0	232	254	0	-1.86E-05	3.22E-06	-7.65E-06	-9.13E-06
432	4	0	0	0	0	0	0	232	254	0	-1.86E-05	3.22E-06	-7.65E-06	-9.13E-06
432	5	0	0	0	0	0	0	232	254	0	-1.87E-05	2.87E-06	-9.20E-06	-3.76E-06
432	6	0	0	0	0	0	0	232	254	0	-1.87E-05	2.87E-06	-9.20E-06	-3.76E-06
432	7	0	0	0	0	0	0	232	254	0	-2.01E-05	2.67E-06	-1.06E-05	-3.96E-06
432	8	0	0	0	0	0	0	232	254	0	-2.11E-05	2.40E-06	-1.09E-05	-1.93E-06
432	9	0	0	0	0	0	0	232	254	0	-2.11E-05	2.40E-06	-1.09E-05	-1.93E-06
432	10	0	0	0	0	0	0	232	254	0	-1.86E-05	2.47E-06	-9.50E-06	4.26E-06
432	11	0	0	0	0	0	0	232	254	0	-1.86E-05	2.47E-06	-9.50E-06	4.26E-06
432	12	0	0	0	0	0	0	232	254	0	-1.85E-05	3.22E-06	-9.13E-06	5.09E-06
432	13	0	0	0	0	0	0	232	254	0	-1.85E-05	3.22E-06	-9.13E-06	5.09E-06
432	14	0	0	0	0	0	0	232	254	0	-2.06E-05	6.58E-06	-9.11E-06	4.41E-06
432	15	0	0	0	0	0	0	232	254	0	-2.06E-05	6.58E-06	-9.11E-06	4.41E-06
432	16	0	0	0	0	0	0	232	254	0	-2.11E-05	6.95E-06	-7.77E-06	5.77E-06
432	17	0	0	0	0	0	0	232	254	0	-2.10E-05	5.49E-06	-9.10E-06	6.97E-06
432	18	0	0	0	0	0	0	232	254	0	-2.10E-05	5.49E-06	-9.10E-06	6.97E-06
432	19	0	0	0	0	0	0	232	254	0	-2.00E-05	5.62E-06	-1.12E-05	6.28E-06
433	0	0	0	0	0	0	0	232	254	0	-2.00E-05	5.62E-06	-1.12E-05	6.28E-06
433	1	0	0	0	0	0	0	232	254	0	-1.96E-05	5.29E-06	-1.16E-05	2.59E-06
433	2	0	0	0	0	0	0	232	254	0	-1.96E-05	5.29E-06	-1.16E-05	2.59E-06
433	3	0	0	0	0	0	0	232	254	0	-1.82E-05	5.39E-06	-1.04E-05	-7.04E-07
433	4	0	0	0	0	0	0	232	254	0	-1.82E-05	5.39E-06	-1.04E-05	-7.04E-07
433	5	0	0	0	0	0	0	232	254	0	-2.00E-05	6.95E-06	-9.79E-06	-1.75E-06
433	6	0	0	0	0	0	0	232	254	0	-2.16E-05	7.55E-06	-8.09E-06	1.51E-07
433	7	0	0	0	0	0	0	232	254	0	-2.16E-05	7.55E-06	-8.09E-06	1.51E-07
433	8	0	0	0	0	0	0	232	254	0	-2.15E-05	6.73E-06	-7.27E-06	3.71E-06
433	9	0	0	0	0	0	0	232	254	0	-2.15E-05	6.73E-06	-7.27E-06	3.71E-06
433	10	0	0	0	0	0	0	232	254	0	-2.16E-05	6.50E-06	-8.51E-06	6.51E-06
433	11	0	0	0	0	0	0	232	254	0	-2.16E-05	6.50E-06	-8.51E-06	6.51E-06
433	12	0	0	0	0	0	0	232	254	0	-2.12E-05	7.02E-06	-1.01E-05	8.16E-06
433	13	0	0	0	0	0	0	232	254	0	-2.12E-05	7.02E-06	-1.01E-05	8.16E-06
433	14	0	0	0	0	0	0	232	254	0	-2.00E-05	5.81E-06	-1.10E-05	1.14E-05
433	15	0	0	0	0	0	0	232	254	0	-1.92E-05	6.14E-06	-9.72E-06	1.47E-05
433	16	0	0	0	0	0	0	232	254	0	-1.92E-05	6.14E-06	-9.72E-06	1.47E-05
433	17	0	0	0	0	0	0	232	254	0	-2.01E-05	6.55E-06	-9.18E-06	1.75E-05
433	18	0	0	0	0	0	0	232	254	0	-2.01E-05	6.55E-06	-9.18E-06	1.75E-05
433	19	0	0	0	0	0	0	232	254	0	-2.23E-05	6.31E-06	-1.06E-05	1.52E-05
434	0	0	0	0	0	0	0	232	254	0	-2.23E-05	6.31E-06	-1.06E-05	1.52E-05
434	1	0	0	0	0	0	0	232	254	0	-2.18E-05	5.15E-06	-1.12E-05	9.47E-06
434	2	0	0	0	0	0	0	232	254	0	-2.18E-05	5.15E-06	-1.12E-05	9.47E-06
434	3	0	0	0	0	0	0	232	254	0	-2.04E-05	4.35E-06	-1.09E-05	-1.99E-07
434	4	0	0	0	0	0	0	232	254	0	-2.04E-05	3.02E-06	-1.12E-05	-1.43E-05
434	5	0	0	0	0	0	0	232	254	0	-2.04E-05	3.02E-06	-1.12E-05	-1.43E-05
434	6	0	0	0	0	0	0	232	254	0	-2.02E-05	3.46E-06	-1.08E-05	-2.30E-05
434	7	0	0	0	0	0	0	232	254	0	-2.02E-05	3.46E-06	-1.08E-05	-2.30E-05
434	8	0	0	0	0	0	0	232	254	0	-1.99E-05	4.80E-06	-9.63E-06	-2.53E-05
434	9	0	0	0	0	0	0	232	254	0	-1.99E-05	4.80E-06	-9.63E-06	-2.53E-05
434	10	0	0	0	0	0	0	232	254	0	-2.16E-05	5.09E-06	-8.17E-06	-2.33E-05
434	11	0	0	0	0	0	0	232	254	0	-2.16E-05	5.09E-06	-8.17E-06	-2.33E-05
434	12	0	0	0	0	0	0	232	254	0	-2.30E-05	4.92E-06	-7.72E-06	-2.28E-05
434	13	0	0	0	0	0	0	232	254	0	-2.38E-05	4.63E-06	-7.60E-06	-2.39E-05
434	14	0	0	0	0	0	0	232	254	0	-2.38E-05	4.63E-06	-7.60E-06	-2.39E-05
434	15	0	0	0	0	0	0	232	254	0	-2.26E-05	4.41E-06	-6.85E-06	-2.79E-05
434	16	0	0	0	0	0	0	232	254	0	-2.26E-05	4.41E-06	-6.85E-06	-2.79E-05
434	17	0	0	0	0	0	0	232	254	0	-2.29E-05	6.83E-06	-6.43E-06	-3.63E-05
434	18	0	0	0	0	0	0	232	254	0	-2.29E-05	6.83E-06	-6.43E-06	-3.63E-05
434	19	0	0	0	0	0	0	232	254	0	-2.22E-05	8.48E-06	-6.97E-06	-4.39E-05
435	0	0	0	0	0	0	0	232	254	0	-2.22E-05	8.48E-06	-6.97E-06	-4.39E-05
435	1	0	0	0	0	0	0	232	254	0	-1.90E-05	6.26E-06	-7.69E-06	-4.32E-05
435	2	0	0	0	0	0	0	232	254	0	-1.77E-05	5.09E-06	-7.77E-06	-3.86E-05
435	3	0	0	0	0	0	0	232	254	0	-1.77E-05	5.09E-06	-7.77E-06	-3.86E-05
435	4	0	0	0	0	0	0	232	254	0	-1.80E-05	3.98E-06	-7.84E-06	-3.47E-05
435	5	0	0	0	0	0	0	232	254	0	-1.80E-05	3.98E-06	-7.84E-06	-3.47E-05
435	6	0	0	0	0	0	0	232	254	0	-1.82E-05	1.65E-06	-8.71E-06	-3.23E-05
435	7	0	0	0	0	0	0	232	254	0	-1.82E-05	1.65E-06	-8.71E-06	-3.23E-05
435	8	0	0	0	0	0	0	232	254	0	-1.90E-05	2.60E-06	-1.01E-05	-2.88E-05
435	9	0	0	0	0	0	0	232	254	0	-1.90E-05	2.60E-06	-1.01E-05	-2.88E-05
435	10	0	0	0	0	0	0	232	254	0	-2.05E-05	5.47E-06	-1.03E-05	-2.93E-05
435	11	0	0	0	0	0	0	232	254	0	-2.11E-05	8.73E-06	-8.12E-06	-2.89E-05
435	12	0	0	0	0	0	0	232	254	0	-2.11E-05	8.73E-06	-8.12E-06	-2.89E-05
435	13	0	0	0	0	0	0	232	254	0	-2.08E-05	1.01E-05	-5.69E-06	-2.72E-05
435	14	0	0	0	0	0	0	232	254	0	-2.08E-05	1.01E-05	-5.69E-06	-2.72E-05
435	15	0	0	0	0	0	0	232	254	0	-2.14E-05	8.12E-06	-5.62E-06	-2.75E-05
435	16	0	0	0	0	0	0	232	254	0	-2.14E-05	8.12E-06	-5.62E-06	-2.75E-05
435	17	0	0	0	0	0	0	232	254	0	-2.31E-05	6.40E-06	-7.05E-06	-2.63E-05
435	18	0	0	0	0	0	0	232	254	0	-2.31E-05	6.40E-06	-7.05E-06	-2.63E-05
435	19	0	0	0	0	0	0	232	254	0	-2.58E-05	6.16E-06	-6.38E-06	-2.19E-05
436	0	0	0	0	0	0	0	232	254	0	-2.74E-05	5.86E-06	-7.17E-06	-1.75E-05
436	1	0	0	0	0	0	0	232	254	0	-2.74E-05	5.86E-06	-7.17E-06	-1.75E-05
436	2	0	0	0	0	0	0	232	254	0	-2.72E-05	4.41E-06	-9.48E-06	-1.46E-05
436	3	0	0	0	0	0	0	232	254	0	-2.72E-05	4.41E-06	-9.48E-06	-1.46E-05
436	4	0	0	0	0	0	0	232	254	0	-2.68E-05	3.63E-06	-1.04E-05	-1.44E-05
436	5	0	0	0	0	0	0	232	254	0	-2.68E-05	3.63E-06	-1.04E-05	-1.44E-05
436	6	0	0	0	0	0	0	232	254	0	-2.39E-05	2.35E-06	-9.94E-06	-1.58E-05
436	7	0	0	0	0	0	0	232	254	0	-2.39E-05	2.35E-06	-9.94E-06	-1.58E-05
436	8	0	0	0	0	0	0	232	254	0	-2.03E-05	1.14E-06	-9.62E-06	-1.91E-05
436	9	0	0	0	0	0	0	232	254	0	-1.98E-05	2.95E-06	-1.07E-05	-2.05E-05
436	10	0	0	0	0	0	0	232	254	0	-1.98E-05	2.95E-06	-1.07E-05	-2.05E-05
436	11	0	0	0	0	0	0	232	254	0	-1.76E-05	4.80E-06	-1.10E-05	-2.16E-05
436	12	0	0	0	0	0	0	232	254	0	-1.76E-05	4.80E-06	-1.10E-05	-2.16E-05
436	13	0	0	0	0	0	0	232	254	0	-1.61E-05	4.73E-06	-1.14E-05	-2.15E-05
436	14	0	0	0	0	0	0	232	254	0	-1.61E-05	4.73E-06	-1.14E-05	-2.15E-05
436	15	0	0	0	0	0	0	232	254	0	-1.67E-05	3.36E-06	-1.09E-05	-1.90E-05
436	16	0	0	0	0	0	0	232	254	0	-1.67E-05	3.36E-06	-1.09E-05	-1.90E-05
436	17	0	0	0	0	0	0	232	254	0	-1.75E-05	3.32E-06	-1.08E-05	-1.77E-05
436	18	0	0	0	0	0	0	232	254	0	-1.91E-05	5.05E-06	-1.14E-05	-1.87E-05
436	19	0	0	0	0	0	0	232	254	0	-1.91E-05	5.05E-06	-1.14E-05	-1.87E-05
437	0	0	0	0	0	0	0	232	254	0	-1.96E-05	7.12E-06	-1.02E-05	-2.14E-05
437	1	0	0	0	0	0	0	232	254	0	-1.96E-05	7.12E-06	-1.02E-05	-2.14E-05
437	2	0	0	0	0	0	0	232	254	0	-2.08E-05	6.78E-06	-9.80E-06	-2.44E-05
437	3	0	0	0	0	0	0	232	254	0	-2.08E-05	6.78E-06	-9.80E-06	-2.44E-05
437	4	0	0	0	0	0	0	232	254	0	-2.44E-05	5.56E-06	-9.32E-06	-2.23E-05
437	5	0	0	0	0	0	0	232	254	0	-2.44E-05	5.56E-06	-9.32E-06	-2.23E-05
437	6	0	0	0	0	0	0	232	254	0	-2.66E-05	4.26E-06	-9.42E-06	-1.96E-05
437	7	0	0	0	0	0	0	232	254	0	-2.56E-05	5.39E-06	-1.05E-05	-1.90E-05
437	8	0	0	0	0	0	0	232	254	0	-2.56E-05	5.39E-06	-1.05E-05	-1.90E-05
437	9	0	0	0	0	0	0	232	254	0	-2.34E-05	5.57E-06	-9.03E-06	-1.73E-05
437	10	0	0	0	0	0	0	232	254	0	-2.34E-05	5.57E-06	-9.03E-06	-1.73E-05
437	11	0	0	0	0	0	0	232	254	0	-2.31E-05	5.25E-06	-8.58E-06	-2.04E-05
437	12	0	0	0	0	0	0	232	254	0	-2.31E-05	5.25E-06	-8.58E-06	-2.04E-05
437	13	0	0	0	0	0	0	232	254	0	-2.31E-05	3.79E-06	-9.90E-06	-2.27E-05
437	14	0	0	0	0	0	0	232	254	0	-2.31E-05	3.79E-06	-9.90E-06	-2.27E-05
437	15	0	0	0	0	0	0	232	254	0	-2.17E-05	2.13E-06	-1.03E-05	-2.09E-05
437	16	0	0	0	0	0	0	232	254	0	-2.11E-05	7.38E-07	-1.02E-05	-1.97E-05
437	17	0	0	0	0	0	0	232	254	0	-2.11E-05	7.38E-07	-1.02E-05	-1.97E-05
437	18	0	0	0	0	0	0	232	254	0	-2.06E-05	-4.87E-07	-9.42E-06	-1.78E-05
437	19	0	0	0	0	0	0	232	254	0	-2.06E-05	-4.87E-07	-9.42E-06	-1.78E-05
438	0	0	0	0	0	0	0	232	254	0	-2.01E-05	-7.22E-07	-8.83E-06	-1.48E-05
438	1	0	0	0	0	0	0	232	254	0	-2.01E-05	-7.22E-07	-8.83E-06	-1.48E-05
438	2	0	0	0	0	0	0	232	254	0	-1.95E-05	-3.19E-07	-8.38E-06	-7.35E-06
438	3	0	0	0	0	0	0	232	254	0	-1.95E-05	-3.19E-07	-8.38E-06	-7.35E-06
438	4	0	0	0	0	0	0	232	254	0	-2.09E-05	2.89E-06	-8.22E-06	-3.36E-06
438	5	0	0	0	0	0	0	232	254	0	-2.18E-05	3.96E-06	-9.16E-06	-5.56E-06
438	6	0	0	0	0	0	0	232	254	0	-2.18E-05	3.96E-06	-9.16E-06	-5.56E-06
438	7	0	0	0	0	0	0	232	254	0	-2.15E-05	3.63E-06	-9.33E-06	-8.12E-06
438	8	0	0	0	0	0	0	232	254	0	-2.15E-05	3.63E-06	-9.33E-06	-8.12E-06
438	9	0	0	0	0	0	0	232	254	0	-2.07E-05	5.05E-06	-9.23E-06	-8.85E-06
438	10	0	0	0	0	0	0	232	254	0	-2.07E-05	5.05E-06	-9.23E-06	-8.85E-06
438	11	0	0	0	0	0	0	232	254	0	-1.91E-05	5.59E-06	-7.82E-06	-5.72E-06
438	12	0	0	0	0	0	0	232	254	0	-1.91E-05	5.59E-06	-7.82E-06	-5.72E-06
438	13	0	0	0	0	0	0	232	254	0	-1.74E-05	3.42E-06	-6.75E-06	-4.60E-06
438	14	0	0	0	0	0	0	232	254	0	-1.77E-05	1.68E-07	-7.13E-06	-3.41E-06
438	15	0	0	0	0	0	0	232	254	0	-1.77E-05	1.68E-07	-7.13E-06	-3.41E-06
438	16	0	0	0	0	0	0	232	254	0	-1.78E-05	-3.69E-07	-8.09E-06	-4.03E-06
438	17	0	0	0	0	0	0	232	254	0	-1.78E-05	-3.69E-07	-8.09E-06	-4.03E-06
438	18	0	0	0	0	0	0	232	254	0	-1.84E-05	1.01E-06	-1.02E-05	-5.35E-06
438	19	0	0	0	0	0	0	232	254	0	-1.84E-05	1.01E-06	-1.02E-05	-5.35E-06
439	0	0	0	0	0	0	0	232	254	0	-1.89E-05	2.45E-06	-1.06E-05	-5.59E-06
439	1	0	0	0	0	0	0	232	254	0	-1.89E-05	2.45E-06	-1.06E-05	-5.59E-06
439	2	0	0	0	0	0	0	232	254	0	-1.83E-05	2.85E-06	-1.08E-05	-6.83E-06
439	3	0	0	0	0	0	0	232	254	0	-1.77E-05	2.38E-06	-9.38E-06	-9.85E-06
439	4	0	0	0	0	0	0	232	254	0	-1.77E-05	2.38E-06	-9.38E-06	-9.85E-06
439	5	0	0	0	0	0	0	232	254	0	-1.95E-05	3.59E-06	-7.55E-06	-1.04E-05
439	6	0	0	0	0	0	0	232	254	0	-1.95E-05	3.59E-06	-7.55E-06	-1.04E-05
439	7	0	0	0	0	0	0	232	254	0	-1.95E-05	3.96E-06	-8.34E-06	-1.04E-05
439	8	0	0	0	0	0	0	232	254	0	-1.95E-05	3.96E-06	-8.34E-06	-1.04E-05
439	9	0	0	0	0	0	0	232	254	0	-2.14E-05	3.86E-06	-9.72E-06	-1.40E-05
439	10	0	0	0	0	0	0	232	254	0	-2.14E-05	3.86E-06	-9.72E-06	-1.40E-05
439	11	0	0	0	0	0	0	232	254	0	-2.28E-05	4.33E-06	-9.25E-06	-1.33E-05
439	12	0	0	0	0	0	0	232	254	0	-2.14E-05	5.82E-06	-7.72E-06	-1.04E-05
439	13	0	0	0	0	0	0	232	254	0	-2.14E-05	5.82E-06	-7.72E-06	-1.04E-05
439	14	0	0	0	0	0	0	232	254	0	-2.18E-05	5.09E-06	-7.81E-06	-1.14E-05
439	15	0	0	0	0	0	0	232	254	0	-2.18E-05	5.09E-06	-7.81E-06	-1.14E-05
439	16	0	0	0	0	0	0	232	254	0	-2.31E-05	2.89E-06	-8.41E-06	-1.27E-05
439	17	0	0	0	0	0	0	232	254	0	-2.31E-05	2.89E-06	-8.41E-06	-1.27E-05
439	18	0	0	0	0	0	0	232	254	0	-2.06E-05	-1.11E-06	-9.74E-06	-1.30E-05
439	19	0	0	0	0	0	0	232	254	0	-2.06E-05	-1.11E-06	-9.74E-06	-1.30E-05
440	0	0	0	0	0	0	0	232	254	0	-1.75E-05	-1.58E-06	-9.77E-06	-1.25E-05
440	1	0	0	0	0	0	0	232	254	0	-1.67E-05	-1.65E-06	-7.92E-06	-9.90E-06
440	2	0	0	0	0	0	0	232	254	0	-1.67E-05	-1.65E-06	-7.92E-06	-9.90E-06
440	3	0	0	0	0	0	0	232	254	0	-1.99E-05	-3.19E-07	-8.86E-06	-1.25E-05
440	4	0	0	0	0	0	0	232	254	0	-1.99E-05	-3.19E-07	-8.86E-06	-1.25E-05
440	5	0	0	0	0	0	0	232	254	0	-2.46E-05	2.33E-06	-8.86E-06	-1.26E-05
440	6	0	0	0	0	0	0	232	254	0	-2.46E-05	2.33E-06	-8.86E-06	-1.26E-05
440	7	0	0	0	0	0	0	232	254	0	-2.77E-05	4.36E-06	-8.09E-06	-5.81E-06
440	8	0	0	0	0	0	0	232	254	0	-2.77E-05	4.36E-06	-8.09E-06	-5.81E-06
440	9	0	0	0	0	0	0	232	254	0	-2.84E-05	7.69E-06	-8.12E-06	-4.48E-06
440	10	0	0	0	0	0	0	232	254	0	-2.75E-05	1.01E-05	-8.81E-06	-2.80E-06
440	11	0	0	0	0	0	0	232	254	0	-2.75E-05	1.01E-05	-8.81E-06	-2.80E-06
440	12	0	0	0	0	0	0	232	254	0	-2.59E-05	1.10E-05	-9.53E-06	7.39E-07
440	13	0	0	0	0	0	0	232	254	0	-2.59E-05	1.10E-05	-9.53E-06	7.39E-07
440	14	0	0	0	0	0	0	232	254	0	-2.44E-05	1.35E-05	-1.08E-05	-2.38E-06
440	15	0	0	0	0	0	0	232	254	0	-2.44E-05	1.35E-05	-1.08E-05	-2.38E-06
440	16	0	0	0	0	0	0	232	254	0	-2.26E-05	1.43E-05	-1.08E-05	-5.14E-06
440	17	0	0	0	0	0	0	232	254	0	-2.26E-05	1.43E-05	-1.08E-05	-5.14E-06
440	18	0	0	0	0	0	0	232	254	0	-2.27E-05	1.30E-05	-9.63E-06	-5.30E-06
440	19	0	0	0	0	0	0	232	254	0	-2.12E-05	1.14E-05	-9.94E-06	-7.32E-06
441	0	0	0	0	0	0	0	232	254	0	-2.12E-05	1.14E-05	-9.94E-06	-7.32E-06
441	1	0	0	0	0	0	0	232	254	0	-1.68E-05	9.03E-06	-1.12E-05	-7.40E-06
441	2	0	0	0	0	0	0	232	254	0	-1.68E-05	9.03E-06	-1.12E-05	-7.40E-06
441	3	0	0	0	0	0	0	232	254	0	-1.43E-05	7.28E-06	-9.23E-06	-5.52E-06
441	4	0	0	0	0	0	0	232	254	0	-1.43E-05	7.28E-06	-9.23E-06	-5.52E-06
441	5	0	0	0	0	0	0	232	254	0	-1.37E-05	7.94E-06	-7.05E-06	-6.87E-06
441	6	0	0	0	0	0	0	232	254	0	-1.37E-05	7.94E-06	-7.05E-06	-6.87E-06
441	7	0	0	0	0	0	0	232	254	0	-1.50E-05	8.04E-06	-6.55E-06	-1.07E-05
441	8	0	0	0	0	0	0	232	254	0	-1.23E-05	5.89E-06	-8.07E-06	-1.29E-05
441	9	0	0	0	0	0	0	232	254	0	-1.23E-05	5.89E-06	-8.07E-06	-1.29E-05
441	10	0	0	0	0	0	0	232	254	0	-9.97E-06	4.45E-06	-9.55E-06	-1.27E-05
441	11	0	0	0	0	0	0	232	254	0	-9.97E-06	4.45E-06	-9.55E-06	-1.27E-05
441	12	0	0	0	0	0	0	232	254	0	-1.40E-05	5.14E-06	-9.67E-06	-1.51E-05
441	13	0	0	0	0	0	0	232	254	0	-1.40E-05	5.14E-06	-9.67E-06	-1.51E-05
441	14	0	0	0	0	0	0	232	254	0	-2.06E-05	4.95E-06	-8.74E-06	-1.06E-05
441	15	0	0	0	0	0	0	232	254	0	-2.06E-05	4.95E-06	-8.74E-06	-1.06E-05
441	16	0	0	0	0	0	0	232	254	0	-2.48E-05	2.70E-06	-7.33E-06	-4.93E-06
441	17	0	0	0	0	0	0	232	254	0	-2.59E-05	9.06E-07	-6.65E-06	-9.39E-07
441	18	0	0	0	0	0	0	232	254	0	-2.59E-05	9.06E-07	-6.65E-06	-9.39E-07
441	19	0	0	0	0	0	0	232	254	0	-2.41E-05	9.74E-07	-7.96E-06	8.73E-07
442	0	0	0	0	0	0	0	232	254	0	-2.41E-05	9.74E-07	-7.96E-06	8.73E-07
442	1	0	0	0	0	0	0	232	254	0	-2.45E-05	1.17E-06	-1.03E-05	-9.41E-07
442	2	0	0	0	0	0	0	232	254	0	-2.45E-05	1.17E-06	-1.03E-05	-9.41E-07
442	3	0	0	0	0	0	0	232	254	0	-2.59E-05	2.35E-06	-1.01E-05	-5.37E-06
442	4	0	0	0	0	0	0	232	254	0	-2.59E-05	2.35E-06	-1.01E-05	-5.37E-06
442	5	0	0	0	0	0	0	232	254	0	-2.31E-05	2.62E-06	-9.15E-06	-9.35E-06
442	6	0	0	0	0	0	0	232	254	0	-2.07E-05	2.52E-06	-9.37E-06	-9.58E-06
442	7	0	0	0	0	0	0	232	254	0	-2.07E-05	2.52E-06	-9.37E-06	-9.58E-06
442	8	0	0	0	0	0	0	232	254	0	-2.10E-05	3.93E-06	-8.86E-06	-7.70E-06
442	9	0	0	0	0	0	0	232	254	0	-2.10E-05	3.93E-06	-8.86E-06	-7.70E-06
442	10	0	0	0	0	0	0	232	254	0	-2.12E-05	4.06E-06	-8.09E-06	-5.87E-06
442	11	0	0	0	0	0	0	232	254	0	-2.12E-05	4.06E-06	-8.09E-06	-5.87E-06
442	12	0	0	0	0	0	0	232	254	0	-1.99E-05	4.33E-06	-7.18E-06	-5.96E-06
442	13	0	0	0	0	0	0	232	254	0	-1.99E-05	4.33E-06	-7.18E-06	-5.96E-06
442	14	0	0	0	0	0	0	232	254	0	-1.79E-05	5.00E-06	-7.12E-06	-7.39E-06
442	15	0	0	0	0	0	0	232	254	0	-1.94E-05	3.91E-06	-7.45E-06	-7.89E-06
442	16	0	0	0	0	0	0	232	254	0	-1.94E-05	3.91E-06	-7.45E-06	-7.89E-06
442	17	0	0	0	0	0	0	232	254	0	-2.20E-05	3.71E-06	-7.20E-06	-1.09E-05
442	18	0	0	0	0	0	0	232	254	0	-2.20E-05	3.71E-06	-7.20E-06	-1.09E-05
442	19	0	0	0	0	0	0	232	254	0	-2.27E-05	4.21E-06	-7.40E-06	-1.37E-05
443	0	0	0	0	0	0	0	232	254	0	-2.27E-05	4.21E-06	-7.40E-06	-1.37E-05
443	1	0	0	0	0	0	0	232	254	0	-2.25E-05	3.42E-06	-8.02E-06	-1.14E-05
443	2	0	0	0	0	0	0	232	254	0	-2.25E-05	3.42E-06	-8.02E-06	-1.14E-05
443	3	0	0	0	0	0	0	232	254	0	-2.14E-05	1.26E-06	-8.69E-06	-9.42E-06
443	4	0	0	0	0	0	0	232	254	0	-2.15E-05	1.91E-06	-8.19E-06	-1.04E-05
443	5	0	0	0	0	0	0	232	254	0	-2.15E-05	1.91E-06	-8.19E-06	-1.04E-05
443	6	0	0	0	0	0	0	232	254	0	-2.18E-05	5.34E-06	-8.36E-06	-1.02E-05
443	7	0	0	0	0	0	0	232	254	0	-2.18E-05	5.34E-06	-8.36E-06	-1.02E-05
443	8	0	0	0	0	0	0	232	254	0	-1.98E-05	7.49E-06	-9.27E-06	-1.11E-05
443	9	0	0	0	0	0	0	232	254	0	-1.98E-05	7.49E-06	-9.27E-06	-1.11E-05
443	10	0	0	0	0	0	0	232	254	0	-1.50E-05	5.77E-06	-9.21E-06	-1.25E-05
443	11	0	0	0	0	0	0	232	254	0	-1.50E-05	5.77E-06	-9.21E-06	-1.25E-05
443	12	0	0	0	0	0	0	232	254	0	-1.13E-05	5.10E-06	-8.48E-06	-1.29E-05
443	13	0	0	0	0	0	0	232	254	0	-1.36E-05	4.73E-06	-8.93E-06	-1.40E-05
443	14	0	0	0	0	0	0	232	254	0	-1.36E-05	4.73E-06	-8.93E-06	-1.40E-05
443	15	0	0	0	0	0	0	232	254	0	-2.30E-05	2.89E-06	-9.35E-06	-1.46E-05
443	16	0	0	0	0	0	0	232	254	0	-2.30E-05	2.89E-06	-9.35E-06	-1.46E-05
443	17	0	0	0	0	0	0	232	254	0	-3.35E-05	1.48E-06	-9.40E-06	-1.78E-05
443	18	0	0	0	0	0	0	232	254	0	-3.35E-05	1.48E-06	-9.40E-06	-1.78E-05
443	19	0	0	0	0	0	0	232	254	0	-3.60E-05	1.53E-06	-9.99E-06	-2.20E-05
444	0	0	0	0	0	0	0	232	254	0	-3.60E-05	1.53E-06	-9.99E-06	-2.20E-05
444	1	0	0	0	0	0	0	232	254	0	-3.25E-05	2.97E-06	-1.02E-05	-2.16E-05
444	2	0	0	0	0	0	0	232	254	0	-2.82E-05	4.00E-06	-9.30E-06	-1.91E-05
444	3	0	0	0	0	0	0	232	254	0	-2.82E-05	4.00E-06	-9.30E-06	-1.91E-05
444	4	0	0	0	0	0	0	232	254	0	-2.58E-05	3.73E-06	-8.66E-06	-1.50E-05
444	5	0	0	0	0	0	0	232	254	0	-2.58E-05	3.73E-06	-8.66E-06	-1.50E-05
444	6	0	0	0	0	0	0	232	254	0	-2.42E-05	2.82E-06	-8.21E-06	-1.29E-05
444	7	0	0	0	0	0	0	232	254	0	-2.42E-05	2.82E-06	-8.21E-06	-1.29E-05
444	8	0	0	0	0	0	0	232	254	0	-2.12E-05	2.40E-06	-8.41E-06	-1.28E-05
444	9	0	0	0	0	0	0	232	254	0	-2.12E-05	2.40E-06	-8.41E-06	-1.28E-05
444	10	0	0	0	0	0	0	232	254	0	-1.81E-05	2.58E-06	-8.33E-06	-1.26E-05
444	11	0	0	0	0	0	0	232	254	0	-1.59E-05	3.04E-06	-8.22E-06	-1.39E-05
444	12	0	0	0	0	0	0	232	254	0	-1.59E-05	3.04E-06	-8.22E-06	-1.39E-05
444	13	0	0	0	0	0	0	232	254	0	-1.30E-05	5.66E-06	-8.46E-06	-1.72E-05
444	14	0	0	0	0	0	0	232	254	0	-1.30E-05	5.66E-06	-8.46E-06	-1.72E-05
444	15	0	0	0	0	0	0	232	254	0	-1.50E-05	5.89E-06	-8.33E-06	-1.57E-05
444	16	0	0	0	0	0	0	232	254	0	-1.50E-05	5.89E-06	-8.33E-06	-1.57E-05
444	17	0	0	0	0	0	0	232	254	0	-1.98E-05	5.19E-06	-8.93E-06	-1.70E-05
444	18	0	0	0	0	0	0	232	254	0	-1.98E-05	5.19E-06	-8.93E-06	-1.70E-05
444	19	0	0	0	0	0	0	232	254	0	-2.30E-05	4.21E-06	-1.02E-05	-1.93E-05
445	0	0	0	0	0	0	0	232	254	0	-2.25E-05	4.10E-06	-1.01E-05	-1.60E-05
445	1	0	0	0	0	0	0	232	254	0	-2.25E-05	4.10E-06	-1.01E-05	-1.60E-05
445	2	0	0	0	0	0	0	232	254	0	-2.03E-05	5.14E-06	-9.20E-06	-1.29E-05
445	3	0	0	0	0	0	0	232	254	0	-2.03E-05	5.14E-06	-9.20E-06	-1.29E-05
445	4	0	0	0	0	0	0	232	254	0	-1.92E-05	3.66E-06	-9.37E-06	-1.61E-05
445	5	0	0	0	0	0	0	232	254	0	-1.92E-05	3.66E-06	-9.37E-06	-1.61E-05
445	6	0	0	0	0	0	0	232	254	0	-1.80E-05	2.15E-06	-9.57E-06	-1.96E-05
445	7	0	0	0	0	0	0	232	254	0	-1.80E-05	2.15E-06	-9.57E-06	-1.96E-05
445	8	0	0	0	0	0	0	232	254	0	-1.86E-05	1.85E-06	-8.39E-06	-2.17E-05
445	9	0	0	0	0	0	0	232	254	0	-2.06E-05	2.20E-06	-9.06E-06	-2.13E-05
445	10	0	0	0	0	0	0	232	254	0	-2.06E-05	2.20E-06	-9.06E-06	-2.13E-05
445	11	0	0	0	0	0	0	232	254	0	-2.27E-05	3.17E-06	-1.05E-05	-1.78E-05
445	12	0	0	0	0	0	0	232	254	0	-2.27E-05	3.17E-06	-1.05E-05	-1.78E-05
445	13	0	0	0	0	0	0	232	254	0	-2.24E-05	4.23E-06	-1.02E-05	-1.39E-05
445	14	0	0	0	0	0	0	232	254	0	-2.24E-05	4.23E-06	-1.02E-05	-1.39E-05
445	15	0	0	0	0	0	0	232	254	0	-2.28E-05	6.18E-06	-1.08E-05	-1.36E-05
445	16	0	0	0	0	0	0	232	254	0	-2.28E-05	6.18E-06	-1.08E-05	-1.36E-05
445	17	0	0	0	0	0	0	232	254	0	-2.23E-05	6.53E-06	-1.20E-05	-1.44E-05
445	18	0	0	0	0	0	0	232	254	0	-2.06E-05	3.91E-06	-1.11E-05	-1.67E-05
445	19	0	0	0	0	0	0	232	254	0	-2.06E-05	3.91E-06	-1.11E-05	-1.67E-05
446	0	0	0	0	0	0	0	232	254	0	-1.97E-05	2.62E-06	-8.46E-06	-1.83E-05
446	1	0	0	0	0	0	0	232	254	0	-1.97E-05	2.62E-06	-8.46E-06	-1.83E-05
446	2	0	0	0	0	0	0	232	254	0	-1.96E-05	3.34E-06	-8.26E-06	-1.98E-05
446	3	0	0	0	0	0	0	232	254	0	-1.96E-05	3.34E-06	-8.26E-06	-1.98E-05
446	4	0	0	0	0	0	0	232	254	0	-1.94E-05	4.75E-06	-9.38E-06	-1.80E-05
446	5	0	0	0	0	0	0	232	254	0	-1.94E-05	4.75E-06	-9.38E-06	-1.80E-05
446	6	0	0	0	0	0	0	232	254	0	-2.01E-05	4.97E-06	-9.62E-06	-8.02E-06
446	7	0	0	0	0	0	0	232	254	0	-2.06E-05	4.16E-06	-8.39E-06	1.92E-06
446	8	0	0	0	0	0	0	232	254	0	-2.06E-05	4.16E-06	-8.39E-06	1.92E-06
446	9	0	0	0	0	0	0	232	254	0	-2.08E-05	4.80E-06	-8.36E-06	5.35E-07
446	10	0	0	0	0	0	0	232	254	0	-2.08E-05	4.80E-06	-8.36E-06	5.35E-07
446	11	0	0	0	0	0	0	232	254	0	-2.19E-05	5.56E-06	-9.50E-06	-4.23E-06
446	12	0	0	0	0	0	0	232	254	0	-2.19E-05	5.56E-06	-9.50E-06	-4.23E-06
446	13	0	0	0	0	0	0	232	254	0	-2.28E-05	4.41E-06	-9.20E-06	-7.89E-06
446	14	0	0	0	0	0	0	232	254	0	-2.28E-05	4.41E-06	-9.20E-06	-7.89E-06
446	15	0	0	0	0	0	0	232	254	0	-2.21E-05	4.57E-06	-9.60E-06	-7.49E-06
446	16	0	0	0	0	0	0	232	254	0	-2.17E-05	6.04E-06	-9.90E-06	-7.35E-06
446	17	0	0	0	0	0	0	232	254	0	-2.17E-05	6.04E-06	-9.90E-06	-7.35E-06
446	18	0	0	0	0	0	0	232	254	0	-2.09E-05	6.08E-06	-9.67E-06	-5.67E-06
446	19	0	0	0	0	0	0	232	254	0	-2.09E-05	6.08E-06	-9.67E-06	-5.67E-06
447	0	0	0	0	0	0	0	232	254	0	-2.30E-05	7.05E-06	-9.45E-06	-8.28E-06
447	1	0	0	0	0	0	0	232	254	0	-2.30E-05	7.05E-06	-9.45E-06	-8.28E-06
447	2	0	0	0	0	0	0	232	254	0	-2.41E-05	7.91E-06	-9.52E-06	-1.01E-05
447	3	0	0	0	0	0	0	232	254	0	-2.41E-05	7.91E-06	-9.52E-06	-1.01E-05
447	4	0	0	0	0	0	0	232	254	0	-2.22E-05	8.88E-06	-8.86E-06	-1.02E-05
447	5	0	0	0	0	0	0	232	254	0	-2.16E-05	1.02E-05	-8.91E-06	-1.39E-05
447	6	0	0	0	0	0	0	232	254	0	-2.16E-05	1.02E-05	-8.91E-06	-1.39E-05
447	7	0	0	0	0	0	0	232	254	0	-2.19E-05	7.99E-06	-8.71E-06	-1.34E-05
447	8	0	0	0	0	0	0	232	254	0	-2.19E-05	7.99E-06	-8.71E-06	-1.34E-05
447	9	0	0	0	0	0	0	232	254	0	-2.18E-05	6.53E-06	-8.33E-06	-1.00E-05
447	10	0	0	0	0	0	0	232	254	0	-2.18E-05	6.53E-06	-8.33E-06	-1.00E-05
447	11	0	0	0	0	0	0	232	254	0	-2.13E-05	5.09E-06	-8.46E-06	-8.43E-06
447	12	0	0	0	0	0	0	232	254	0	-2.13E-05	5.09E-06	-8.46E-06	-8.43E-06
447	13	0	0	0	0	0	0	232	254	0	-2.02E-05	3.59E-06	-8.56E-06	-1.05E-05
447	14	0	0	0	0	0	0	232	254	0	-1.99E-05	4.25E-06	-8.56E-06	-1.01E-05
447	15	0	0	0	0	0	0	232	254	0	-1.99E-05	4.25E-06	-8.56E-06	-1.01E-05
447	16	0	0	0	0	0	0	232	254	0	-2.02E-05	6.82E-06	-9.03E-06	-1.00E-05
447	17	0	0	0	0	0	0	232	254	0	-2.02E-05	6.82E-06	-9.03E-06	-1.00E-05
447	18	0	0	0	0	0	0	232	254	0	-2.05E-05	5.96E-06	-9.00E-06	-1.09E-05
447	19	0	0	0	0	0	0	232	254	0	-2.05E-05	5.96E-06	-9.00E-06	-1.09E-05
448	0	0	0	0	0	0	0	232	254	0	-2.11E-05	5.20E-06	-7.96E-06	-1.14E-05
448	1	0	0	0	0	0	0	232	254	0	-2.11E-05	5.20E-06	-7.96E-06	-1.14E-05
448	2	0	0	0	0	0	0	232	254	0	-2.04E-05	6.38E-06	-9.20E-06	-9.89E-06
448	3	0	0	0	0	0	0	232	254	0	-2.06E-05	6.65E-06	-1.04E-05	-9.11E-06
448	4	0	0	0	0	0	0	232	254	0	-2.06E-05	6.65E-06	-1.04E-05	-9.11E-06
448	5	0	0	0	0	0	0	232	254	0	-2.09E-05	6.78E-06	-9.87E-06	-9.77E-06
448	6	0	0	0	0	0	0	232	254	0	-2.09E-05	6.78E-06	-9.87E-06	-9.77E-06
448	7	0	0	0	0	0	0	232	254	0	-2.06E-05	5.47E-06	-1.00E-05	-1.49E-05
448	8	0	0	0	0	0	0	232	254	0	-2.06E-05	5.47E-06	-1.00E-05	-1.49E-05
448	9	0	0	0	0	0	0	232	254	0	-2.14E-05	3.93E-06	-9.53E-06	-1.80E-05
448	10	0	0	0	0	0	0	232	254	0	-2.14E-05	3.93E-06	-9.53E-06	-1.80E-05
448	11	0	0	0	0	0	0	232	254	0	-2.12E-05	3.76E-06	-9.23E-06	-1.67E-05
448	12	0	0	0	0	0	0	232	254	0	-2.09E-05	4.57E-06	-1.02E-05	-1.76E-05
448	13	0	0	0	0	0	0	232	254	0	-2.09E-05	4.57E-06	-1.02E-05	-1.76E-05
448	14	0	0	0	0	0	0	232	254	0	-2.19E-05	4.16E-06	-9.87E-06	-1.66E-05
448	15	0	0	0	0	0	0	232	254	0	-2.19E-05	4.16E-06	-9.87E-06	-1.66E-05
448	16	0	0	0	0	0	0	232	254	0	-2.23E-05	4.33E-06	-9.21E-06	-1.35E-05
448	17	0	0	0	0	0	0	232	254	0	-2.23E-05	4.33E-06	-9.21E-06	-1.35E-05
448	18	0	0	0	0	0	0	232	254	0	-2.14E-05	3.36E-06	-9.42E-06	-1.42E-05
448	19	0	0	0	0	0	0	232	254	0	-2.14E-05	3.36E-06	-9.42E-06	-1.42E-05
449	0	0	0	0	0	0	0	232	254	0	-2.12E-05	1.91E-06	-9.21E-06	-1.33E-05
449	1	0	0	0	0	0	0	232	254	0	-2.08E-05	3.51E-06	-8.48E-06	-1.05E-05
449	2	0	0	0	0	0	0	232	254	0	-2.08E-05	3.51E-06	-8.48E-06	-1.05E-05
449	3	0	0	0	0	0	0	232	254	0	-1.96E-05	3.78E-06	-9.17E-06	-1.36E-05
449	4	0	0	0	0	0	0	232	254	0	-1.96E-05	3.78E-06	-9.17E-06	-1.36E-05
449	5	0	0	0	0	0	0	232	254	0	-1.97E-05	2.23E-06	-9.80E-06	-1.79E-05
449	6	0	0	0	0	0	0	232	254	0	-1.97E-05	2.23E-06	-9.80E-06	-1.79E-05
449	7	0	0	0	0	0	0	232	254	0	-2.02E-05	1.80E-06	-8.37E-06	-1.71E-05
449	8	0	0	0	0	0	0	232	254	0	-2.02E-05	1.80E-06	-8.37E-06	-1.71E-05
449	9	0	0	0	0	0	0	232	254	0	-1.98E-05	4.35E-07	-5.49E-06	-1.91E-05
449	10	0	0	0	0	0	0	232	254	0	-2.06E-05	5.38E-07	-5.00E-06	-2.22E-05
449	11	0	0	0	0	0	0	232	254	0	-2.06E-05	5.38E-07	-5.00E-06	-2.22E-05
449	12	0	0	0	0	0	0	232	254	0	-1.98E-05	1.31E-06	-6.38E-06	-2.59E-05
449	13	0	0	0	0	0	0	232	254	0	-1.98E-05	1.31E-06	-6.38E-06	-2.59E-05
449	14	0	0	0	0	0	0	232	254	0	-1.92E-05	3.04E-06	-7.82E-06	-2.61E-05
449	15	0	0	0	0	0	0	232	254	0	-1.92E-05	3.04E-06	-7.82E-06	-2.61E-05
449	16	0	0	0	0	0	0	232	254	0	-1.85E-05	3.34E-06	-9.17E-06	-2.17E-05
449	17	0	0	0	0	0	0	232	254	0	-1.85E-05	3.34E-06	-9.17E-06	-2.17E-05
449	18	0	0	0	0	0	0	232	254	0	-1.74E-05	1.66E-06	-9.21E-06	-1.67E-05
449	19	0	0	0	0	0	0	232	254	0	-1.72E-05	1.95E-06	-8.24E-06	-1.70E-05
450	0	0	0	0	0	0	0	232	254	0	-1.72E-05	1.95E-06	-8.24E-06	-1.70E-05
450	1	0	0	0	0	0	0	232	254	0	-1.72E-05	4.11E-06	-7.18E-06	-1.53E-05
450	2	0	0	0	0	0	0	232	254	0	-1.72E-05	4.11E-06	-7.18E-06	-1.53E-05
450	3	0	0	0	0	0	0	232	254	0	-1.84E-05	4.40E-06	-6.65E-06	-1.33E-05
450	4	0	0	0	0	0	0	232	254	0	-1.84E-05	4.40E-06	-6.65E-06	-1.33E-05
450	5	0	0	0	0	0	0	232	254	0	-1.97E-05	2.90E-06	-8.19E-06	-1.43E-05
450	6	0	0	0	0	0	0	232	254	0	-1.97E-05	2.90E-06	-8.19E-06	-1.43E-05
450	7	0	0	0	0	0	0	232	254	0	-2.12E-05	4.82E-06	-8.90E-06	-1.49E-05
450	8	0	0	0	0	0	0	232	254	0	-2.12E-05	7.99E-06	-9.01E-06	-1.42E-05
450	9	0	0	0	0	0	0	232	254	0	-2.12E-05	7.99E-06	-9.01E-06	-1.42E-05
450	10	0	0	0	0	0	0	232	254	0	-2.05E-05	8.66E-06	-8.24E-06	-1.58E-05
450	11	0	0	0	0	0	0	232	254	0	-2.05E-05	8.66E-06	-8.24E-06	-1.58E-05
450	12	0	0	0	0	0	0	232	254	0	-2.13E-05	6.21E-06	-8.24E-06	-1.73E-05
450	13	0	0	0	0	0	0	232	254	0	-2.13E-05	6.21E-06	-8.24E-06	-1.73E-05
450	14	0	0	0	0	0	0	232	254	0	-2.26E-05	4.73E-06	-8.04E-06	-1.68E-05
450	15	0	0	0	0	0	0	232	254	0	-2.26E-05	4.73E-06	-8.04E-06	-1.68E-05
450	16	0	0	0	0	0	0	232	254	0	-2.37E-05	5.94E-06	-8.36E-06	-1.59E-05
450	17	0	0	0	0	0	0	232	254	0	-2.47E-05	6.31E-06	-9.74E-06	-1.38E-05
450	18	0	0	0	0	0	0	232	254	0	-2.47E-05	6.31E-06	-9.74E-06	-1.38E-05
450	19	0	0	0	0	0	0	232	254	0	-2.63E-05	6.33E-06	-9.06E-06	-1.03E-05
451	0	0	0	0	0	0	0	232	254	0	-2.63E-05	6.33E-06	-9.06E-06	-1.03E-05
451	1	0	0	0	0	0	0	232	254	0	-2.74E-05	5.55E-06	-8.80E-06	-8.36E-06
451	2	0	0	0	0	0	0	232	254	0	-2.74E-05	5.55E-06	-8.80E-06	-8.36E-06
451	3	0	0	0	0	0	0	232	254	0	-2.72E-05	6.14E-06	-8.43E-06	-8.41E-06
451	4	0	0	0	0	0	0	232	254	0	-2.72E-05	6.14E-06	-8.43E-06	-8.41E-06
451	5	0	0	0	0	0	0	232	254	0	-2.68E-05	6.08E-06	-8.81E-06	-1.21E-05
451	6	0	0	0	0	0	0	232	254	0	-2.60E-05	5.40E-06	-9.42E-06	-1.57E-05
451	7	0	0	0	0	0	0	232	254	0	-2.60E-05	5.40E-06	-9.42E-06	-1.57E-05
451	8	0	0	0	0	0	0	232	254	0	-2.50E-05	5.20E-06	-1.00E-05	-1.52E-05
451	9	0	0	0	0	0	0	232	254	0	-2.50E-05	5.20E-06	-1.00E-05	-1.52E-05
451	10	0	0	0	0	0	0	232	254	0	-2.40E-05	5.44E-06	-1.11E-05	-1.41E-05
451	11	0	0	0	0	0	0	232	254	0	-2.40E-05	5.44E-06	-1.11E-05	-1.41E-05
451	12	0	0	0	0	0	0	232	254	0	-2.30E-05	4.83E-06	-1.06E-05	-1.42E-05
451	13	0	0	0	0	0	0	232	254	0	-2.30E-05	4.83E-06	-1.06E-05	-1.42E-05
451	14	0	0	0	0	0	0	232	254	0	-2.32E-05	4.88E-06	-9.06E-06	-1.40E-05
451	15	0	0	0	0	0	0	232	254	0	-2.24E-05	3.27E-06	-9.74E-06	-1.32E-05
451	16	0	0	0	0	0	0	232	254	0	-2.24E-05	3.27E-06	-9.74E-06	-1.32E-05
451	17	0	0	0	0	0	0	232	254	0	-2.19E-05	8.71E-07	-1.02E-05	-8.69E-06
451	18	0	0	0	0	0	0	232	254	0	-2.19E-05	8.71E-07	-1.02E-05	-8.69E-06
451	19	0	0	0	0	0	0	232	254	0	-2.08E-05	8.73E-07	-9.53E-06	-8.76E-06
452	0	0	0	0	0	0	0	232	254	0	-2.08E-05	8.73E-07	-9.53E-06	-8.76E-06
452	1	0	0	0	0	0	0	232	254	0	-2.10E-05	1.88E-06	-8.06E-06	-1.14E-05
452	2	0	0	0	0	0	0	232	254	0	-2.10E-05	1.88E-06	-8.06E-06	-1.14E-05
452	3	0	0	0	0	0	0	232	254	0	-2.20E-05	2.89E-06	-7.79E-06	-1.11E-05
452	4	0	0	0	0	0	0	232	254	0	-2.09E-05	4.60E-06	-8.59E-06	-1.27E-05
452	5	0	0	0	0	0	0	232	254	0	-2.09E-05	4.60E-06	-8.59E-06	-1.27E-05
452	6	0	0	0	0	0	0	232	254	0	-1.98E-05	6.61E-06	-9.01E-06	-1.30E-05
452	7	0	0	0	0	0	0	232	254	0	-1.98E-05	6.61E-06	-9.01E-06	-1.30E-05
452	8	0	0	0	0	0	0	232	254	0	-1.96E-05	4.63E-06	-9.53E-06	-1.15E-05
452	9	0	0	0	0	0	0	232	254	0	-1.96E-05	4.63E-06	-9.53E-06	-1.15E-05
452	10	0	0	0	0	0	0	232	254	0	-2.00E-05	2.35E-06	-9.62E-06	-8.79E-06
452	11	0	0	0	0	0	0	232	254	0	-2.00E-05	2.35E-06	-9.62E-06	-8.79E-06
452	12	0	0	0	0	0	0	232	254	0	-2.05E-05	2.32E-06	-8.98E-06	-8.36E-06
452	13	0	0	0	0	0	0	232	254	0	-1.99E-05	2.75E-06	-8.38E-06	-8.09E-06
452	14	0	0	0	0	0	0	232	254	0	-1.99E-05	2.75E-06	-8.38E-06	-8.09E-06
452	15	0	0	0	0	0	0	232	254	0	-1.87E-05	3.56E-06	-6.81E-06	-8.01E-06
452	16	0	0	0	0	0	0	232	254	0	-1.87E-05	3.56E-06	-6.81E-06	-8.01E-06
452	17	0	0	0	0	0	0	232	254	0	-1.74E-05	2.45E-06	-6.68E-06	-9.35E-06
452	18	0	0	0	0	0	0	232	254	0	-1.74E-05	2.45E-06	-6.68E-06	-9.35E-06
452	19	0	0	0	0	0	0	232	254	0	-1.53E-05	9.05E-07	-7.94E-06	-8.49E-06
453	0	0	0	0	0	0	0	232	254	0	-1.53E-05	9.05E-07	-7.94E-06	-8.49E-06
453	1	0	0	0	0	0	0	232	254	0	-1.44E-05	2.39E-06	-9.22E-06	-9.07E-06
453	2	0	0	0	0	0	0	232	254	0	-1.49E-05	4.95E-06	-9.57E-06	-1.00E-05
453	3	0	0	0	0	0	0	232	254	0	-1.49E-05	4.95E-06	-9.57E-06	-1.00E-05
453	4	0	0	0	0	0	0	232	254	0	-1.59E-05	3.82E-06	-9.57E-06	-1.14E-05
453	5	0	0	0	0	0	0	232	254	0	-1.59E-05	3.82E-06	-9.57E-06	-1.14E-05
453	6	0	0	0	0	0	0	232	254	0	-1.73E-05	3.14E-06	-1.02E-05	-1.23E-05
453	7	0	0	0	0	0	0	232	254	0	-1.73E-05	3.14E-06	-1.02E-05	-1.23E-05
453	8	0	0	0	0	0	0	232	254	0	-1.85E-05	3.66E-06	-1.09E-05	-1.38E-05
453	9	0	0	0	0	0	0	232	254	0	-1.85E-05	3.66E-06	-1.09E-05	-1.38E-05
453	10	0	0	0	0	0	0	232	254	0	-1.86E-05	5.74E-06	-8.84E-06	-1.64E-05
453	11	0	0	0	0	0	0	232	254	0	-1.88E-05	6.08E-06	-8.71E-06	-1.63E-05
453	12	0	0	0	0	0	0	232	254	0	-1.88E-05	6.08E-06	-8.71E-06	-1.63E-05
453	13	0	0	0	0	0	0	232	254	0	-2.01E-05	5.99E-06	-9.42E-06	-1.38E-05
453	14	0	0	0	0	0	0	232	254	0	-2.01E-05	5.99E-06	-9.42E-06	-1.38E-05
453	15	0	0	0	0	0	0	232	254	0	-2.23E-05	5.45E-06	-9.33E-06	-9.04E-06
453	16	0	0	0	0	0	0	232	254	0	-2.23E-05	5.45E-06	-9.33E-06	-9.04E-06
453	17	0	0	0	0	0	0	232	254	0	-2.44E-05	5.20E-06	-8.06E-06	-4.91E-06
453	18	0	0	0	0	0	0	232	254	0	-2.44E-05	5.20E-06	-8.06E-06	-4.91E-06
453	19	0	0	0	0	0	0	232	254	0	-2.50E-05	6.38E-06	-7.08E-06	-4.10E-06
454	0	0	0	0	0	0	0	232	254	0	-2.48E-05	7.47E-06	-7.82E-06	-1.01E-05
454	1	0	0	0	0	0	0	232	254	0	-2.48E-05	7.47E-06	-7.82E-06	-1.01E-05
454	2	0	0	0	0	0	0	232	254	0	-2.42E-05	6.90E-06	-8.70E-06	-1.59E-05
454	3	0	0	0	0	0	0	232	254	0	-2.42E-05	6.90E-06	-8.70E-06	-1.59E-05
454	4	0	0	0	0	0	0	232	254	0	-2.38E-05	5.02E-06	-9.60E-06	-1.59E-05
454	5	0	0	0	0	0	0	232	254	0	-2.38E-05	5.02E-06	-9.60E-06	-1.59E-05
454	6	0	0	0	0	0	0	232	254	0	-2.00E-05	3.89E-06	-1.01E-05	-1.36E-05
454	7	0	0	0	0	0	0	232	254	0	-2.00E-05	3.89E-06	-1.01E-05	-1.36E-05
454	8	0	0	0	0	0	0	232	254	0	-1.76E-05	3.34E-06	-1.02E-05	-1.01E-05
454	9	0	0	0	0	0	0	232	254	0	-1.95E-05	3.42E-06	-1.05E-05	-6.31E-06
454	10	0	0	0	0	0	0	232	254	0	-1.95E-05	3.42E-06	-1.05E-05	-6.31E-06
454	11	0	0	0	0	0	0	232	254	0	-2.27E-05	3.76E-06	-1.08E-05	-2.14E-06
454	12	0	0	0	0	0	0	232	254	0	-2.27E-05	3.76E-06	-1.08E-05	-2.14E-06
454	13	0	0	0	0	0	0	232	254	0	-2.37E-05	4.10E-06	-1.04E-05	-2.84E-06
454	14	0	0	0	0	0	0	232	254	0	-2.37E-05	4.10E-06	-1.04E-05	-2.84E-06
454	15	0	0	0	0	0	0	232	254	0	-2.46E-05	4.43E-06	-8.59E-06	-5.57E-06
454	16	0	0	0	0	0	0	232	254	0	-2.46E-05	4.43E-06	-8.59E-06	-5.57E-06
454	17	0	0	0	0	0	0	232	254	0	-2.52E-05	4.88E-06	-8.59E-06	-4.50E-06
454	18	0	0	0	0	0	0	232	254	0	-2.37E-05	3.74E-06	-8.43E-06	-3.93E-06
454	19	0	0	0	0	0	0	232	254	0	-2.37E-05	3.74E-06	-8.43E-06	-3.93E-06
455	0	0	0	0	0	0	0	232	254	0	-2.21E-05	2.01E-06	-8.70E-06	-7.68E-06
455	1	0	0	0	0	0	0	232	254	0	-2.21E-05	2.01E-06	-8.70E-06	-7.68E-06
455	2	0	0	0	0	0	0	232	254	0	-2.17E-05	3.16E-06	-8.90E-06	-9.47E-06
455	3	0	0	0	0	0	0	232	254	0	-2.17E-05	3.16E-06	-8.90E-06	-9.47E-06
455	4	0	0	0	0	0	0	232	254	0	-2.12E-05	5.27E-06	-8.07E-06	-8.86E-06
455	5	0	0	0	0	0	0	232	254	0	-2.12E-05	5.27E-06	-8.07E-06	-8.86E-06
455	6	0	0	0	0	0	0	232	254	0	-2.18E-05	5.17E-06	-8.31E-06	-8.56E-06
455	7	0	0	0	0	0	0	232	254	0	-1.95E-05	5.57E-06	-9.27E-06	-1.26E-05
455	8	0	0	0	0	0	0	232	254	0	-1.95E-05	5.57E-06	-9.27E-06	-1.26E-05
455	9	0	0	0	0	0	0	232	254	0	-1.69E-05	6.35E-06	-1.00E-05	-1.26E-05
455	10	0	0	0	0	0	0	232	254	0	-1.69E-05	6.35E-06	-1.00E-05	-1.26E-05
455	11	0	0	0	0	0	0	232	254	0	-1.60E-05	7.49E-06	-1.00E-05	-1.38E-05
455	12	0	0	0	0	0	0	232	254	0	-1.60E-05	7.49E-06	-1.00E-05	-1.38E-05
455	13	0	0	0	0	0	0	232	254	0	-1.64E-05	6.48E-06	-1.04E-05	-1.32E-05
455	14	0	0	0	0	0	0	232	254	0	-1.64E-05	6.48E-06	-1.04E-05	-1.32E-05
455	15	0	0	0	0	0	0	232	254	0	-1.83E-05	4.93E-06	-9.99E-06	-1.16E-05
455	16	0	0	0	0	0	0	232	254	0	-2.10E-05	4.06E-06	-8.91E-06	-1.11E-05
455	17	0	0	0	0	0	0	232	254	0	-2.10E-05	4.06E-06	-8.91E-06	-1.11E-05
455	18	0	0	0	0	0	0	232	254	0	-2.26E-05	5.27E-06	-8.44E-06	-1.14E-05
455	19	0	0	0	0	0	0	232	254	0	-2.26E-05	5.27E-06	-8.44E-06	-1.14E-05
456	0	0	0	0	0	0	0	232	254	0	-2.37E-05	6.23E-06	-8.04E-06	-9.35E-06
456	1	0	0	0	0	0	0	232	254	0	-2.37E-05	6.23E-06	-8.04E-06	-9.35E-06
456	2	0	0	0	0	0	0	232	254	0	-2.47E-05	6.85E-06	-8.59E-06	-7.10E-06
456	3	0	0	0	0	0	0	232	254	0	-2.47E-05	6.85E-06	-8.59E-06	-7.10E-06
456	4	0	0	0	0	0	0	232	254	0	-2.52E-05	6.70E-06	-8.90E-06	-8.19E-06
456	5	0	0	0	0	0	0	232	254	0	-2.49E-05	5.96E-06	-1.03E-05	-1.08E-05
456	6	0	0	0	0	0	0	232	254	0	-2.49E-05	5.96E-06	-1.03E-05	-1.08E-05
456	7	0	0	0	0	0	0	232	254	0	-2.46E-05	5.82E-06	-1.10E-05	-1.84E-05
456	8	0	0	0	0	0	0	232	254	0	-2.46E-05	5.82E-06	-1.10E-05	-1.84E-05
456	9	0	0	0	0	0	0	232	254	0	-2.58E-05	5.40E-06	-1.06E-05	-2.47E-05
456	10	0	0	0	0	0	0	232	254	0	-2.58E-05	5.40E-06	-1.06E-05	-2.47E-05
456	11	0	0	0	0	0	0	232	254	0	-2.54E-05	4.50E-06	-1.10E-05	-2.69E-05
456	12	0	0	0	0	0	0	232	254	0	-2.54E-05	4.50E-06	-1.10E-05	-2.69E-05
456	13	0	0	0	0	0	0	232	254	0	-2.27E-05	3.96E-06	-1.07E-05	-2.64E-05
456	14	0	0	0	0	0	0	232	254	0	-2.08E-05	2.68E-06	-8.88E-06	-2.34E-05
456	15	0	0	0	0	0	0	232	254	0	-2.08E-05	2.68E-06	-8.88E-06	-2.34E-05
456	16	0	0	0	0	0	0	232	254	0	-2.06E-05	1.83E-06	-8.93E-06	-2.19E-05
456	17	0	0	0	0	0	0	232	254	0	-2.06E-05	1.83E-06	-8.93E-06	-2.19E-05
456	18	0	0	0	0	0	0	232	254	0	-1.98E-05	1.09E-06	-9.82E-06	-1.98E-05
456	19	0	0	0	0	0	0	232	254	0	-1.98E-05	1.09E-06	-9.82E-06	-1.98E-05
457	0	0	0	0	0	0	0	232	254	0	-1.84E-05	6.04E-07	-1.03E-05	-1.63E-05
457	1	0	0	0	0	0	0	232	254	0	-1.84E-05	6.04E-07	-1.03E-05	-1.63E-05
457	2	0	0	0	0	0	0	232	254	0	-1.54E-05	8.57E-07	-9.23E-06	-1.55E-05
457	3	0	0	0	0	0	0	232	254	0	-1.33E-05	1.83E-06	-8.85E-06	-1.58E-05
457	4	0	0	0	0	0	0	232	254	0	-1.33E-05	1.83E-06	-8.85E-06	-1.58E-05
457	5	0	0	0	0	0	0	232	254	0	-1.36E-05	1.36E-06	-8.43E-06	-1.27E-05
457	6	0	0	0	0	0	0	232	254	0	-1.36E-05	1.36E-06	-8.43E-06	-1.27E-05
457	7	0	0	0	0	0	0	232	254	0	-1.49E-05	1.60E-06	-7.87E-06	-1.21E-05
457	8	0	0	0	0	0	0	232	254	0	-1.49E-05	1.60E-06	-7.87E-06	-1.21E-05
457	9	0	0	0	0	0	0	232	254	0	-1.74E-05	3.73E-06	-8.54E-06	-1.20E-05
457	10	0	0	0	0	0	0	232	254	0	-1.74E-05	3.73E-06	-8.54E-06	-1.20E-05
457	11	0	0	0	0	0	0	232	254	0	-2.15E-05	5.36E-06	-8.19E-06	-1.16E-05
457	12	0	0	0	0	0	0	232	254	0	-2.15E-05	4.29E-06	-7.65E-06	-1.22E-05
457	13	0	0	0	0	0	0	232	254	0	-2.15E-05	4.29E-06	-7.65E-06	-1.22E-05
457	14	0	0	0	0	0	0	232	254	0	-1.82E-05	3.34E-06	-8.02E-06	-9.60E-06
457	15	0	0	0	0	0	0	232	254	0	-1.82E-05	3.34E-06	-8.02E-06	-9.60E-06
457	16	0	0	0	0	0	0	232	254	0	-1.98E-05	2.95E-06	-8.58E-06	-8.86E-06
457	17	0	0	0	0	0	0	232	254	0	-1.98E-05	2.95E-06	-8.58E-06	-8.86E-06
457	18	0	0	0	0	0	0	232	254	0	-2.78E-05	2.85E-06	-8.38E-06	-1.04E-05
457	19	0	0	0	0	0	0	232	254	0	-2.78E-05	2.85E-06	-8.38E-06	-1.04E-05
458	0	0	0	0	0	0	0	232	254	0	-3.31E-05	4.97E-06	-8.46E-06	-9.62E-06
458	1	0	0	0	0	0	0	232	254	0	-3.43E-05	5.64E-06	-9.62E-06	-7.06E-06
458	2	0	0	0	0	0	0	232	254	0	-3.43E-05	5.64E-06	-9.62E-06	-7.06E-06
458	3	0	0	0	0	0	0	232	254	0	-3.02E-05	6.72E-06	-9.72E-06	-8.33E-06
458	4	0	0	0	0	0	0	232	254	0	-3.02E-05	6.72E-06	-9.72E-06	-8.33E-06
458	5	0	0	0	0	0	0	232	254	0	-2.46E-05	7.92E-06	-8.86E-06	-8.53E-06
458	6	0	0	0	0	0	0	232	254	0	-2.46E-05	7.92E-06	-8.86E-06	-8.53E-06
458	7	0	0	0	0	0	0	232	254	0	-1.92E-05	6.81E-06	-9.38E-06	-6.11E-06
458	8	0	0	0	0	0	0	232	254	0	-1.92E-05	6.81E-06	-9.38E-06	-6.11E-06
458	9	0	0	0	0	0	0	232	254	0	-1.90E-05	5.39E-06	-9.38E-06	-6.14E-06
458	10	0	0	0	0	0	0	232	254	0	-2.08E-05	5.39E-06	-8.06E-06	-1.03E-05
458	11	0	0	0	0	0	0	232	254	0	-2.08E-05	5.39E-06	-8.06E-06	-1.03E-05
458	12	0	0	0	0	0	0	232	254	0	-2.17E-05	4.36E-06	-7.55E-06	-1.17E-05
458	13	0	0	0	0	0	0	232	254	0	-2.17E-05	4.36E-06	-7.55E-06	-1.17E-05
458	14	0	0	0	0	0	0	232	254	0	-2.08E-05	4.33E-06	-8.97E-06	-1.26E-05
458	15	0	0	0	0	0	0	232	254	0	-2.08E-05	4.33E-06	-8.97E-06	-1.26E-05
458	16	0	0	0	0	0	0	232	254	0	-1.81E-05	5.47E-06	-9.57E-06	-1.44E-05
458	17	0	0	0	0	0	0	232	254	0	-1.81E-05	5.47E-06	-9.57E-06	-1.44E-05
458	18	0	0	0	0	0	0	232	254	0	-1.54E-05	5.64E-06	-9.57E-06	-1.54E-05
458	19	0	0	0	0	0	0	232	254	0	-1.55E-05	5.66E-06	-9.57E-06	-1.54E-05
459	0	0	0	0	0	0	0	232	254	0	-1.55E-05	5.66E-06	-9.57E-06	-1.54E-05
459	1	0	0	0	0	0	0	232	254	0	-1.59E-05	5.59E-06	-9.21E-06	-1.70E-05
459	2	0	0	0	0	0	0	232	254	0	-1.59E-05	5.59E-06	-9.21E-06	-1.70E-05
459	3	0	0	0	0	0	0	232	254	0	-1.58E-05	5.54E-06	-8.95E-06	-1.59E-05
459	4	0	0	0	0	0	0	232	254	0	-1.58E-05	5.54E-06	-8.95E-06	-1.59E-05
459	5	0	0	0	0	0	0	232	254	0	-1.71E-05	4.36E-06	-8.54E-06	-1.31E-05
459	6	0	0	0	0	0	0	232	254	0	-1.71E-05	4.36E-06	-8.54E-06	-1.31E-05
459	7	0	0	0	0	0	0	232	254	0	-1.79E-05	3.51E-06	-8.86E-06	-1.10E-05
459	8	0	0	0	0	0	0	232	254	0	-1.77E-05	3.71E-06	-9.42E-06	-1.22E-05
459	9	0	0	0	0	0	0	232	254	0	-1.77E-05	3.71E-06	-9.42E-06	-1.22E-05
459	10	0	0	0	0	0	0	232	254	0	-1.68E-05	2.68E-06	-9.80E-06	-1.12E-05
459	11	0	0	0	0	0	0	232	254	0	-1.68E-05	2.68E-06	-9.80E-06	-1.12E-05
459	12	0	0	0	0	0	0	232	254	0	-1.63E-05	2.18E-06	-9.67E-06	-9.11E-06
459	13	0	0	0	0	0	0	232	254	0	-1.63E-05	2.18E-06	-9.67E-06	-9.11E-06
459	14	0	0	0	0	0	0	232	254	0	-1.76E-05	3.24E-06	-8.39E-06	-1.13E-05
459	15	0	0	0	0	0	0	232	254	0	-1.76E-05	3.24E-06	-8.39E-06	-1.13E-05
459	16	0	0	0	0	0	0	232	254	0	-1.80E-05	4.63E-06	-8.12E-06	-1.61E-05
459	17	0	0	0	0	0	0	232	254	0	-1.80E-05	2.80E-06	-8.93E-06	-1.76E-05
459	18	0	0	0	0	0	0	232	254	0	-1.80E-05	2.80E-06	-8.93E-06	-1.76E-05
459	19	0	0	0	0	0	0	232	254	0	-1.96E-05	2.08E-06	-9.47E-06	-1.79E-05
460	0	0	0	0	0	0	0	232	254	0	-1.96E-05	2.08E-06	-9.47E-06	-1.79E-05
460	1	0	0	0	0	0	0	232	254	0	-2.10E-05	1.71E-06	-1.00E-05	-1.49E-05
460	2	0	0	0	0	0	0	232	254	0	-2.10E-05	1.71E-06	-1.00E-05	-1.49E-05
460	3	0	0	0	0	0	0	232	254	0	-2.01E-05	2.69E-06	-8.59E-06	-1.56E-05
460	4	0	0	0	0	0	0	232	254	0	-2.01E-05	2.69E-06	-8.59E-06	-1.56E-05
460	5	0	0	0	0	0	0	232	254	0	-2.01E-05	5.31E-06	-7.65E-06	-2.01E-05
460	6	0	0	0	0	0	0	232	254	0	-2.15E-05	5.27E-06	-6.96E-06	-2.21E-05
460	7	0	0	0	0	0	0	232	254	0	-2.15E-05	5.27E-06	-6.96E-06	-2.21E-05
460	8	0	0	0	0	0	0	232	254	0	-2.13E-05	4.63E-06	-6.83E-06	-1.81E-05
460	9	0	0	0	0	0	0	232	254	0	-2.13E-05	4.63E-06	-6.83E-06	-1.81E-05
460	10	0	0	0	0	0	0	232	254	0	-2.12E-05	3.59E-06	-7.94E-06	-1.39E-05
460	11	0	0	0	0	0	0	232	254	0	-2.12E-05	3.59E-06	-7.94E-06	-1.39E-05
460	12	0	0	0	0	0	0	232	254	0	-2.01E-05	2.01E-06	-7.45E-06	-1.40E-05
460	13	0	0	0	0	0	0	232	254	0	-2.01E-05	2.01E-06	-7.45E-06	-1.40E-05
460	14	0	0	0	0	0	0	232	254	0	-1.83E-05	5.69E-07	-6.58E-06	-1.29E-05
460	15	0	0	0	0	0	0	232	254	0	-1.89E-05	4.03E-07	-6.73E-06	-1.27E-05
460	16	0	0	0	0	0	0	232	254	0	-1.89E-05	4.03E-07	-6.73E-06	-1.27E-05
460	17	0	0	0	0	0	0	232	254	0	-1.88E-05	2.62E-06	-5.94E-06	-1.62E-05
460	18	0	0	0	0	0	0	232	254	0	-1.88E-05	2.62E-06	-5.94E-06	-1.62E-05
460	19	0	0	0	0	0	0	232	254	0	-1.89E-05	3.64E-06	-5.07E-06	-1.64E-05
461	0	0	0	0	0	0	0	232	254	0	-1.89E-05	3.64E-06	-5.07E-06	-1.64E-05
461	1	0	0	0	0	0	0	232	254	0	-2.00E-05	3.58E-06	-6.40E-06	-1.03E-05
461	2	0	0	0	0	0	0	232	254	0	-2.00E-05	3.58E-06	-6.40E-06	-1.03E-05
461	3	0	0	0	0	0	0	232	254	0	-2.04E-05	4.70E-06	-7.05E-06	-5.42E-06
461	4	0	0	0	0	0	0	232	254	0	-1.94E-05	3.67E-06	-8.34E-06	-1.42E-06
461	5	0	0	0	0	0	0	232	254	0	-1.94E-05	3.67E-06	-8.34E-06	-1.42E-06
461	6	0	0	0	0	0	0	232	254	0	-2.04E-05	2.90E-06	-8.07E-06	-1.11E-06
461	7	0	0	0	0	0	0	232	254	0	-2.04E-05	2.90E-06	-8.07E-06	-1.11E-06
461	8	0	0	0	0	0	0	232	254	0	-2.33E-05	4.27E-06	-8.07E-06	-6.45E-06
461	9	0	0	0	0	0	0	232	254	0	-2.33E-05	4.27E-06	-8.07E-06	-6.45E-06
461	10	0	0	0	0	0	0	232	254	0	-2.58E-05	5.57E-06	-1.03E-05	-9.38E-06
461	11	0	0	0	0	0	0	232	254	0	-2.58E-05	5.57E-06	-1.03E-05	-9.38E-06
461	12	0	0	0	0	0	0	232	254	0	-2.55E-05	3.40E-06	-1.20E-05	-8.21E-06
461	13	0	0	0	0	0	0	232	254	0	-2.67E-05	2.00E-06	-1.27E-05	-6.26E-06
461	14	0	0	0	0	0	0	232	254	0	-2.67E-05	2.00E-06	-1.27E-05	-6.26E-06
461	15	0	0	0	0	0	0	232	254	0	-2.65E-05	3.73E-06	-1.34E-05	-7.00E-06
461	16	0	0	0	0	0	0	232	254	0	-2.65E-05	3.73E-06	-1.34E-05	-7.00E-06
461	17	0	0	0	0	0	0	232	254	0	-2.68E-05	6.18E-06	-1.19E-05	-8.73E-06
461	18	0	0	0	0	0	0	232	254	0	-2.68E-05	6.18E-06	-1.19E-05	-8.73E-06
461	19	0	0	0	0	0	0	232	254	0	-2.71E-05	6.88E-06	-1.12E-05	-5.58E-06
462	0	0	0	0	0	0	0	232	254	0	-2.71E-05	6.88E-06	-1.12E-05	-5.58E-06
462	1	0	0	0	0	0	0	232	254	0	-2.52E-05	5.94E-06	-1.12E-05	-6.74E-06
462	2	0	0	0	0	0	0	232	254	0	-2.40E-05	6.01E-06	-1.15E-05	-1.05E-05
462	3	0	0	0	0	0	0	232	254	0	-2.40E-05	6.01E-06	-1.15E-05	-1.05E-05
462	4	0	0	0	0	0	0	232	254	0	-2.30E-05	6.92E-06	-1.11E-05	-1.36E-05
462	5	0	0	0	0	0	0	232	254	0	-2.30E-05	6.92E-06	-1.11E-05	-1.36E-05
462	6	0	0	0	0	0	0	232	254	0	-2.24E-05	7.22E-06	-9.97E-06	-1.34E-05
462	7	0	0	0	0	0	0	232	254	0	-2.24E-05	7.22E-06	-9.97E-06	-1.34E-05
462	8	0	0	0	0	0	0	232	254	0	-2.27E-05	6.28E-06	-9.57E-06	-1.39E-05
462	9	0	0	0	0	0	0	232	254	0	-2.27E-05	6.28E-06	-9.57E-06	-1.39E-05
462	10	0	0	0	0	0	0	232	254	0	-2.35E-05	5.87E-06	-9.80E-06	-1.71E-05
462	11	0	0	0	0	0	0	232	254	0	-2.44E-05	5.64E-06	-1.03E-05	-1.92E-05
462	12	0	0	0	0	0	0	232	254	0	-2.44E-05	5.64E-06	-1.03E-05	-1.92E-05
462	13	0	0	0	0	0	0	232	254	0	-2.42E-05	6.01E-06	-9.58E-06	-2.06E-05
462	14	0	0	0	0	0	0	232	254	0	-2.42E-05	6.01E-06	-9.58E-06	-2.06E-05
462	15	0	0	0	0	0	0	232	254	0	-2.38E-05	7.39E-06	-7.58E-06	-1.79E-05
462	16	0	0	0	0	0	0	232	254	0	-2.38E-05	7.39E-06	-7.58E-06	-1.79E-05
462	17	0	0	0	0	0	0	232	254	0	-2.20E-05	6.48E-06	-7.35E-06	-1.64E-05
462	18	0	0	0	0	0	0	232	254	0	-2.20E-05	6.48E-06	-7.35E-06	-1.64E-05
462	19	0	0	0	0	0	0	232	254	0	-2.01E-05	5.05E-06	-8.02E-06	-1.71E-05
463	0	0	0	0	0	0	0	232	254	0	-2.03E-05	5.05E-06	-8.34E-06	-1.72E-05
463	1	0	0	0	0	0	0	232	254	0	-2.03E-05	5.05E-06	-8.34E-06	-1.72E-05
463	2	0	0	0	0	0	0	232	254	0	-2.17E-05	5.20E-06	-9.22E-06	-1.66E-05
463	3	0	0	0	0	0	0	232	254	0	-2.17E-05	5.20E-06	-9.22E-06	-1.66E-05
463	4	0	0	0	0	0	0	232	254	0	-2.12E-05	6.73E-06	-9.33E-06	-1.23E-05
463	5	0	0	0	0	0	0	232	254	0	-2.12E-05	6.73E-06	-9.33E-06	-1.23E-05
463	6	0	0	0	0	0	0	232	254	0	-2.00E-05	6.80E-06	-9.00E-06	-7.04E-06
463	7	0	0	0	0	0	0	232	254	0	-2.00E-05	6.80E-06	-9.00E-06	-7.04E-06
463	8	0	0	0	0	0	0	232	254	0	-2.13E-05	5.37E-06	-9.48E-06	-6.13E-06
463	9	0	0	0	0	0	0	232	254	0	-2.08E-05	4.99E-06	-1.01E-05	-8.38E-06
463	10	0	0	0	0	0	0	232	254	0	-2.08E-05	4.99E-06	-1.01E-05	-8.38E-06
463	11	0	0	0	0	0	0	232	254	0	-1.95E-05	5.62E-06	-9.30E-06	-1.25E-05
463	12	0	0	0	0	0	0	232	254	0	-1.95E-05	5.62E-06	-9.30E-06	-1.25E-05
463	13	0	0	0	0	0	0	232	254	0	-1.81E-05	5.99E-06	-9.37E-06	-1.57E-05
463	14	0	0	0	0	0	0	232	254	0	-1.81E-05	5.99E-06	-9.37E-06	-1.57E-05
463	15	0	0	0	0	0	0	232	254	0	-1.67E-05	7.93E-06	-9.80E-06	-1.61E-05
463	16	0	0	0	0	0	0	232	254	0	-1.67E-05	7.93E-06	-9.80E-06	-1.61E-05
463	17	0	0	0	0	0	0	232	254	0	-1.72E-05	7.43E-06	-7.78E-06	-1.72E-05
463	18	0	0	0	0	0	0	232	254	0	-1.86E-05	5.47E-06	-7.35E-06	-1.70E-05
463	19	0	0	0	0	0	0	232	254	0	-1.86E-05	5.47E-06	-7.35E-06	-1.70E-05
464	0	0	0	0	0	0	0	232	254	0	-1.43E-05	6.40E-06	-8.02E-06	-1.99E-05
464	1	0	0	0	0	0	0	232	254	0	-1.43E-05	6.40E-06	-8.02E-06	-1.99E-05
464	2	0	0	0	0	0	0	232	254	0	-1.34E-05	5.52E-06	-7.52E-06	-2.39E-05
464	3	0	0	0	0	0	0	232	254	0	-1.34E-05	5.52E-06	-7.52E-06	-2.39E-05
464	4	0	0	0	0	0	0	232	254	0	-1.68E-05	3.57E-06	-8.16E-06	-1.98E-05
464	5	0	0	0	0	0	0	232	254	0	-1.68E-05	3.57E-06	-8.16E-06	-1.98E-05
464	6	0	0	0	0	0	0	232	254	0	-2.22E-05	2.43E-06	-8.09E-06	-1.48E-05
464	7	0	0	0	0	0	0	232	254	0	-2.75E-05	2.42E-06	-7.65E-06	-1.10E-05
464	8	0	0	0	0	0	0	232	254	0	-2.75E-05	2.42E-06	-7.65E-06	-1.10E-05
464	9	0	0	0	0	0	0	232	254	0	-2.88E-05	4.40E-06	-8.73E-06	-8.73E-06
464	10	0	0	0	0	0	0	232	254	0	-2.88E-05	4.40E-06	-8.73E-06	-8.73E-06
464	11	0	0	0	0	0	0	232	254	0	-2.81E-05	4.26E-06	-1.01E-05	-1.11E-05
464	12	0	0	0	0	0	0	232	254	0	-2.81E-05	4.26E-06	-1.01E-05	-1.11E-05
464	13	0	0	0	0	0	0	232	254	0	-2.61E-05	4.10E-06	-1.05E-05	-1.10E-05
464	14	0	0	0	0	0	0	232	254	0	-2.61E-05	4.10E-06	-1.05E-05	-1.10E-05
464	15	0	0	0	0	0	0	232	254	0	-2.56E-05	5.26E-06	-1.09E-05	-1.08E-05
464	16	0	0	0	0	0	0	232	254	0	-2.57E-05	4.18E-06	-1.15E-05	-1.23E-05
464	17	0	0	0	0	0	0	232	254	0	-2.57E-05	4.18E-06	-1.15E-05	-1.23E-05
464	18	0	0	0	0	0	0	232	254	0	-2.38E-05	4.23E-06	-1.12E-05	-1.20E-05
464	19	0	0	0	0	0	0	232	254	0	-2.38E-05	4.23E-06	-1.12E-05	-1.20E-05
465	0	0	0	0	0	0	0	232	254	0	-2.28E-05	6.42E-06	-1.07E-05	-1.11E-05
465	1	0	0	0	0	0	0	232	254	0	-2.28E-05	6.42E-06	-1.07E-05	-1.11E-05
465	2	0	0	0	0	0	0	232	254	0	-2.01E-05	7.10E-06	-1.03E-05	-1.11E-05
465	3	0	0	0	0	0	0	232	254	0	-2.01E-05	7.10E-06	-1.03E-05	-1.11E-05
465	4	0	0	0	0	0	0	232	254	0	-1.52E-05	5.99E-06	-9.18E-06	-1.15E-05
465	5	0	0	0	0	0	0	232	254	0	-1.31E-05	4.95E-06	-8.85E-06	-1.23E-05
465	6	0	0	0	0	0	0	232	254	0	-1.31E-05	4.95E-06	-8.85E-06	-1.23E-05
465	7	0	0	0	0	0	0	232	254	0	-1.46E-05	5.29E-06	-8.43E-06	-1.12E-05
465	8	0	0	0	0	0	0	232	254	0	-1.46E-05	5.29E-06	-8.43E-06	-1.12E-05
465	9	0	0	0	0	0	0	232	254	0	-1.88E-05	6.25E-06	-7.52E-06	-9.40E-06
465	10	0	0	0	0	0	0	232	254	0	-1.88E-05	6.25E-06	-7.52E-06	-9.40E-06
465	11	0	0	0	0	0	0	232	254	0	-2.10E-05	3.96E-06	-6.63E-06	-7.25E-06
465	12	0	0	0	0	0	0	232	254	0	-2.10E-05	3.96E-06	-6.63E-06	-7.25E-06
465	13	0	0	0	0	0	0	232	254	0	-2.06E-05	2.85E-06	-7.67E-06	-6.08E-06
465	14	0	0	0	0	0	0	232	254	0	-1.97E-05	3.32E-06	-9.52E-06	-6.82E-06
465	15	0	0	0	0	0	0	232	254	0	-1.97E-05	3.32E-06	-9.52E-06	-6.82E-06
465	16	0	0	0	0	0	0	232	254	0	-1.94E-05	2.35E-06	-9.72E-06	-9.34E-06
465	17	0	0	0	0	0	0	232	254	0	-1.94E-05	2.35E-06	-9.72E-06	-9.34E-06
465	18	0	0	0	0	0	0	232	254	0	-1.98E-05	1.26E-06	-8.63E-06	-1.31E-05
465	19	0	0	0	0	0	0	232	254	0	-1.98E-05	1.26E-06	-8.63E-06	-1.31E-05
466	0	0	0	0	0	0	0	232	254	0	-2.17E-05	1.60E-06	-8.93E-06	-1.54E-05
466	1	0	0	0	0	0	0	232	254	0	-2.17E-05	1.60E-06	-8.93E-06	-1.54E-05
466	2	0	0	0	0	0	0	232	254	0	-2.47E-05	2.79E-06	-9.11E-06	-1.64E-05
466	3	0	0	0	0	0	0	232	254	0	-2.67E-05	2.60E-06	-8.48E-06	-1.07E-05
466	4	0	0	0	0	0	0	232	254	0	-2.67E-05	2.60E-06	-8.48E-06	-1.07E-05
466	5	0	0	0	0	0	0	232	254	0	-2.66E-05	2.94E-06	-7.28E-06	-3.99E-06
466	6	0	0	0	0	0	0	232	254	0	-2.66E-05	2.94E-06	-7.28E-06	-3.99E-06
466	7	0	0	0	0	0	0	232	254	0	-2.52E-05	2.48E-06	-6.18E-06	-1.71E-06
466	8	0	0	0	0	0	0	232	254	0	-2.52E-05	2.48E-06	-6.18E-06	-1.71E-06
466	9	0	0	0	0	0	0	232	254	0	-2.41E-05	1.71E-06	-7.64E-06	-6.22E-06
466	10	0	0	0	0	0	0	232	254	0	-2.41E-05	1.71E-06	-7.64E-06	-6.22E-06
466	11	0	0	0	0	0	0	232	254	0	-2.18E-05	2.45E-06	-8.39E-06	-1.36E-05
466	12	0	0	0	0	0	0	232	254	0	-1.96E-05	2.50E-06	-8.04E-06	-1.50E-05
466	13	0	0	0	0	0	0	232	254	0	-1.96E-05	2.50E-06	-8.04E-06	-1.50E-05
466	14	0	0	0	0	0	0	232	254	0	-1.85E-05	1.76E-06	-8.12E-06	-1.39E-05
466	15	0	0	0	0	0	0	232	254	0	-1.85E-05	1.76E-06	-8.12E-06	-1.39E-05
466	16	0	0	0	0	0	0	232	254	0	-1.83E-05	1.04E-06	-9.40E-06	-1.64E-05
466	17	0	0	0	0	0	0	232	254	0	-1.83E-05	1.04E-06	-9.40E-06	-1.64E-05
466	18	0	0	0	0	0	0	232	254	0	-1.83E-05	1.07E-06	-1.06E-05	-1.97E-05
466	19	0	0	0	0	0	0	232	254	0	-1.83E-05	1.07E-06	-1.06E-05	-1.97E-05
467	0	0	0	0	0	0	0	232	254	0	-1.83E-05	2.35E-06	-1.09E-05	-1.90E-05
467	1	0	0	0	0	0	0	232	254	0	-1.90E-05	4.27E-06	-9.97E-06	-1.92E-05
467	2	0	0	0	0	0	0	232	254	0	-1.90E-05	4.27E-06	-9.97E-06	-1.92E-05
467	3	0	0	0	0	0	0	232	254	0	-1.95E-05	7.93E-06	-9.57E-06	-1.61E-05
467	4	0	0	0	0	0	0	232	254	0	-1.95E-05	7.93E-06	-9.57E-06	-1.61E-05
467	5	0	0	0	0	0	0	232	254	0	-1.93E-05	1.18E-05	-9.69E-06	-1.27E-05
467	6	0	0	0	0	0	0	232	254	0	-1.93E-05	1.18E-05	-9.69E-06	-1.27E-05
467	7	0	0	0	0	0	0	232	254	0	-1.84E-05	1.17E-05	-8.91E-06	-1.59E-05
467	8	0	0	0	0	0	0	232	254	0	-1.84E-05	1.17E-05	-8.91E-06	-1.59E-05
467	9	0	0	0	0	0	0	232	254	0	-1.84E-05	9.36E-06	-8.80E-06	-1.70E-05
467	10	0	0	0	0	0	0	232	254	0	-1.93E-05	6.91E-06	-1.01E-05	-1.41E-05
467	11	0	0	0	0	0	0	232	254	0	-1.93E-05	6.91E-06	-1.01E-05	-1.41E-05
467	12	0	0	0	0	0	0	232	254	0	-2.00E-05	3.86E-06	-9.63E-06	-1.12E-05
467	13	0	0	0	0	0	0	232	254	0	-2.00E-05	3.86E-06	-9.63E-06	-1.12E-05
467	14	0	0	0	0	0	0	232	254	0	-1.96E-05	4.27E-06	-9.00E-06	-1.01E-05
467	15	0	0	0	0	0	0	232	254	0	-1.96E-05	4.27E-06	-9.00E-06	-1.01E-05
467	16	0	0	0	0	0	0	232	254	0	-2.05E-05	4.40E-06	-7.95E-06	-1.18E-05
467	17	0	0	0	0	0	0	232	254	0	-2.05E-05	4.40E-06	-7.95E-06	-1.18E-05
467	18	0	0	0	0	0	0	232	254	0	-2.06E-05	4.43E-06	-7.79E-06	-1.44E-05
467	19	0	0	0	0	0	0	232	254	0	-1.99E-05	5.36E-06	-9.07E-06	-1.33E-05
468	0	0	0	0	0	0	0	232	254	0	-1.99E-05	5.36E-06	-9.07E-06	-1.33E-05
468	1	0	0	0	0	0	0	232	254	0	-1.94E-05	5.59E-06	-9.92E-06	-1.38E-05
468	2	0	0	0	0	0	0	232	254	0	-1.94E-05	5.59E-06	-9.92E-06	-1.38E-05
468	3	0	0	0	0	0	0	232	254	0	-1.86E-05	5.66E-06	-8.89E-06	-1.38E-05
468	4	0	0	0	0	0	0	232	254	0	-1.86E-05	5.66E-06	-8.89E-06	-1.38E-05
468	5	0	0	0	0	0	0	232	254	0	-1.85E-05	4.88E-06	-9.22E-06	-1.27E-05
468	6	0	0	0	0	0	0	232	254	0	-1.85E-05	4.88E-06	-9.22E-06	-1.27E-05
468	7	0	0	0	0	0	0	232	254	0	-2.00E-05	4.53E-06	-9.10E-06	-1.18E-05
468	8	0	0	0	0	0	0	232	254	0	-2.04E-05	3.47E-06	-8.07E-06	-1.39E-05
468	9	0	0	0	0	0	0	232	254	0	-2.04E-05	3.47E-06	-8.07E-06	-1.39E-05
468	10	0	0	0	0	0	0	232	254	0	-1.98E-05	2.43E-06	-8.07E-06	-1.45E-05
468	11	0	0	0	0	0	0	232	254	0	-1.98E-05	2.43E-06	-8.07E-06	-1.45E-05
468	12	0	0	0	0	0	0	232	254	0	-2.07E-05	3.12E-06	-7.99E-06	-1.36E-05
468	13	0	0	0	0	0	0	232	254	0	-2.07E-05	3.12E-06	-7.99E-06	-1.36E-05
468	14	0	0	0	0	0	0	232	254	0	-2.01E-05	4.70E-06	-8.95E-06	-1.26E-05
468	15	0	0	0	0	0	0	232	254	0	-2.01E-05	4.70E-06	-8.95E-06	-1.26E-05
468	16	0	0	0	0	0	0	232	254	0	-1.99E-05	5.91E-06	-8.58E-06	-1.15E-05
468	17	0	0	0	0	0	0	232	254	0	-1.97E-05	4.56E-06	-7.87E-06	-1.27E-05
468	18	0	0	0	0	0	0	232	254	0	-1.97E-05	4.56E-06	-7.87E-06	-1.27E-05
468	19	0	0	0	0	0	0	232	254	0	-1.92E-05	3.86E-06	-8.55E-06	-1.35E-05
469	0	0	0	0	0	0	0	232	254	0	-1.92E-05	3.86E-06	-8.55E-06	-1.35E-05
469	1	0	0	0	0	0	0	232	254	0	-1.83E-05	5.04E-06	-8.66E-06	-1.22E-05
469	2	0	0	0	0	0	0	232	254	0	-1.83E-05	5.04E-06	-8.66E-06	-1.22E-05
469	3	0	0	0	0	0	0	232	254	0	-2.01E-05	5.54E-06	-7.62E-06	-1.11E-05
469	4	0	0	0	0	0	0	232	254	0	-2.01E-05	5.54E-06	-7.62E-06	-1.11E-05
469	5	0	0	0	0	0	0	232	254	0	-2.36E-05	4.36E-06	-8.16E-06	-1.19E-05
469	6	0	0	0	0	0	0	232	254	0	-2.54E-05	3.74E-06	-9.74E-06	-9.90E-06
469	7	0	0	0	0	0	0	232	254	0	-2.54E-05	3.74E-06	-9.74E-06	-9.90E-06
469	8	0	0	0	0	0	0	232	254	0	-2.50E-05	3.57E-06	-8.83E-06	-9.13E-06
469	9	0	0	0	0	0	0	232	254	0	-2.50E-05	3.57E-06	-8.83E-06	-9.13E-06
469	10	0	0	0	0	0	0	232	254	0	-2.30E-05	2.35E-06	-8.93E-06	-8.17E-06
469	11	0	0	0	0	0	0	232	254	0	-2.30E-05	2.35E-06	-8.93E-06	-8.17E-06
469	12	0	0	0	0	0	0	232	254	0	-2.20E-05	1.61E-06	-9.00E-06	-7.37E-06
469	13	0	0	0	0	0	0	232	254	0	-2.20E-05	1.61E-06	-9.00E-06	-7.37E-06
469	14	0	0	0	0	0	0	232	254	0	-2.08E-05	3.16E-06	-8.42E-06	-7.92E-06
469	15	0	0	0	0	0	0	232	254	0	-2.13E-05	3.62E-06	-8.46E-06	-8.70E-06
469	16	0	0	0	0	0	0	232	254	0	-2.13E-05	3.62E-06	-8.46E-06	-8.70E-06
469	17	0	0	0	0	0	0	232	254	0	-2.19E-05	4.35E-06	-9.50E-06	-8.19E-06
469	18	0	0	0	0	0	0	232	254	0	-2.19E-05	4.35E-06	-9.50E-06	-8.19E-06
469	19	0	0	0	0	0	0	232	254	0	-2.12E-05	3.17E-06	-8.96E-06	-9.77E-06
470	0	0	0	0	0	0	0	232	254	0	-2.12E-05	3.17E-06	-8.96E-06	-9.77E-06
470	1	0	0	0	0	0	0	232	254	0	-2.20E-05	4.17E-06	-8.80E-06	-1.07E-05
470	2	0	0	0	0	0	0	232	254	0	-2.20E-05	4.17E-06	-8.80E-06	-1.07E-05
470	3	0	0	0	0	0	0	232	254	0	-2.28E-05	4.87E-06	-9.48E-06	-1.51E-05
470	4	0	0	0	0	0	0	232	254	0	-2.16E-05	3.57E-06	-8.91E-06	-1.87E-05
470	5	0	0	0	0	0	0	232	254	0	-2.16E-05	3.57E-06	-8.91E-06	-1.87E-05
470	6	0	0	0	0	0	0	232	254	0	-1.91E-05	3.61E-06	-9.03E-06	-1.77E-05
470	7	0	0	0	0	0	0	232	254	0	-1.91E-05	3.61E-06	-9.03E-06	-1.77E-05
470	8	0	0	0	0	0	0	232	254	0	-1.91E-05	3.86E-06	-1.04E-05	-1.72E-05
470	9	0	0	0	0	0	0	232	254	0	-1.91E-05	3.86E-06	-1.04E-05	-1.72E-05
470	10	0	0	0	0	0	0	232	254	0	-1.91E-05	3.15E-06	-1.04E-05	-1.86E-05
470	11	0	0	0	0	0	0	232	254	0	-1.91E-05	3.15E-06	-1.04E-05	-1.86E-05
470	12	0	0	0	0	0	0	232	254	0	-2.01E-05	1.68E-06	-9.30E-06	-1.50E-05
470	13	0	0	0	0	0	0	232	254	0	-2.06E-05	1.65E-06	-8.90E-06	-1.07E-05
470	14	0	0	0	0	0	0	232	254	0	-2.06E-05	1.65E-06	-8.90E-06	-1.07E-05
470	15	0	0	0	0	0	0	232	254	0	-1.98E-05	1.38E-06	-9.37E-06	-1.26E-05
470	16	0	0	0	0	0	0	232	254	0	-1.98E-05	1.38E-06	-9.37E-06	-1.26E-05
470	17	0	0	0	0	0	0	232	254	0	-1.91E-05	1.88E-06	-9.80E-06	-1.78E-05
470	18	0	0	0	0	0	0	232	254	0	-1.91E-05	1.88E-06	-9.80E-06	-1.78E-05
470	19	0	0	0	0	0	0	232	254	0	-1.94E-05	3.83E-06	-9.79E-06	-1.64E-05
471	0	0	0	0	0	0	0	232	254	0	-1.94E-05	3.83E-06	-9.79E-06	-1.64E-05
471	1	0	0	0	0	0	0	232	254	0	-1.92E-05	5.00E-06	-7.97E-06	-7.69E-06
471	2	0	0	0	0	0	0	232	254	0	-1.96E-05	7.32E-06	-7.45E-06	-6.18E-06
471	3	0	0	0	0	0	0	232	254	0	-1.96E-05	7.32E-06	-7.45E-06	-6.18E-06
471	4	0	0	0	0	0	0	232	254	0	-1.99E-05	7.05E-06	-9.67E-06	-9.71E-06
471	5	0	0	0	0	0	0	232	254	0	-1.99E-05	7.05E-06	-9.67E-06	-9.71E-06
471	6	0	0	0	0	0	0	232	254	0	-1.95E-05	5.84E-06	-1.02E-05	-1.26E-05
471	7	0	0	0	0	0	0	232	254	0	-1.95E-05	5.84E-06	-1.02E-05	-1.26E-05
471	8	0	0	0	0	0	0	232	254	0	-2.00E-05	8.13E-06	-1.07E-05	-1.22E-05
471	9	0	0	0	0	0	0	232	254	0	-2.00E-05	8.13E-06	-1.07E-05	-1.22E-05
471	10	0	0	0	0	0	0	232	254	0	-2.08E-05	7.58E-06	-1.09E-05	-1.27E-05
471	11	0	0	0	0	0	0	232	254	0	-2.10E-05	6.18E-06	-1.02E-05	-1.44E-05
471	12	0	0	0	0	0	0	232	254	0	-2.10E-05	6.18E-06	-1.02E-05	-1.44E-05
471	13	0	0	0	0	0	0	232	254	0	-2.11E-05	5.64E-06	-9.90E-06	-1.40E-05
471	14	0	0	0	0	0	0	232	254	0	-2.11E-05	5.64E-06	-9.90E-06	-1.40E-05
471	15	0	0	0	0	0	0	232	254	0	-2.15E-05	3.89E-06	-9.67E-06	-1.37E-05
471	16	0	0	0	0	0	0	232	254	0	-2.15E-05	3.89E-06	-9.67E-06	-1.37E-05
471	17	0	0	0	0	0	0	232	254	0	-2.17E-05	1.30E-06	-9.10E-06	-1.44E-05
471	18	0	0	0	0	0	0	232	254	0	-2.17E-05	1.30E-06	-9.10E-06	-1.44E-05
471	19	0	0	0	0	0	0	232	254	0	-2.20E-05	-4.39E-07	-9.01E-06	-1.65E-05
472	0	0	0	0	0	0	0	232	254	0	-2.18E-05	1.16E-06	-9.89E-06	-1.78E-05
472	1	0	0	0	0	0	0	232	254	0	-2.18E-05	1.16E-06	-9.89E-06	-1.78E-05
472	2	0	0	0	0	0	0	232	254	0	-2.17E-05	2.96E-06	-1.02E-05	-1.68E-05
472	3	0	0	0	0	0	0	232	254	0	-2.17E-05	2.96E-06	-1.02E-05	-1.68E-05
472	4	0	0	0	0	0	0	232	254	0	-2.14E-05	4.65E-06	-9.30E-06	-1.20E-05
472	5	0	0	0	0	0	0	232	254	0	-2.14E-05	4.65E-06	-9.30E-06	-1.20E-05
472	6	0	0	0	0	0	0	232	254	0	-2.10E-05	5.20E-06	-9.13E-06	-9.53E-06
472	7	0	0	0	0	0	0	232	254	0	-2.10E-05	5.20E-06	-9.13E-06	-9.53E-06
472	8	0	0	0	0	0	0	232	254	0	-2.09E-05	5.79E-06	-9.47E-06	-1.11E-05
472	9	0	0	0	0	0	0	232	254	0	-2.11E-05	6.63E-06	-9.33E-06	-1.29E-05
472	10	0	0	0	0	0	0	232	254	0	-2.11E-05	6.63E-06	-9.33E-06	-1.29E-05
472	11	0	0	0	0	0	0	232	254	0	-2.20E-05	7.59E-06	-1.04E-05	-1.63E-05
472	12	0	0	0	0	0	0	232	254	0	-2.20E-05	7.59E-06	-1.04E-05	-1.63E-05
472	13	0	0	0	0	0	0	232	254	0	-2.29E-05	7.65E-06	-1.10E-05	-1.81E-05
472	14	0	0	0	0	0	0	232	254	0	-2.29E-05	7.65E-06	-1.10E-05	-1.81E-05
472	15	0	0	0	0	0	0	232	254	0	-2.21E-05	4.02E-06	-1.05E-05	-1.42E-05
472	16	0	0	0	0	0	0	232	254	0	-2.21E-05	4.02E-06	-1.05E-05	-1.42E-05
472	17	0	0	0	0	0	0	232	254	0	-2.07E-05	2.52E-06	-1.04E-05	-1.30E-05
472	18	0	0	0	0	0	0	232	254	0	-2.04E-05	2.99E-06	-9.58E-06	-1.42E-05
472	19	0	0	0	0	0	0	232	254	0	-2.04E-05	2.99E-06	-9.58E-06	-1.42E-05
473	0	0	0	0	0	0	0	232	254	0	-1.94E-05	2.72E-06	-8.64E-06	-1.44E-05
473	1	0	0	0	0	0	0	232	254	0	-1.94E-05	2.72E-06	-8.64E-06	-1.44E-05
473	2	0	0	0	0	0	0	232	254	0	-2.00E-05	2.99E-06	-8.16E-06	-1.25E-05
473	3	0	0	0	0	0	0	232	254	0	-2.00E-05	2.99E-06	-8.16E-06	-1.25E-05
473	4	0	0	0	0	0	0	232	254	0	-2.08E-05	3.42E-06	-7.23E-06	-1.26E-05
473	5	0	0	0	0	0	0	232	254	0	-2.08E-05	3.42E-06	-7.23E-06	-1.26E-05
473	6	0	0	0	0	0	0	232	254	0	-2.02E-05	3.29E-06	-5.94E-06	-9.86E-06
473	7	0	0	0	0	0	0	232	254	0	-1.97E-05	4.13E-06	-5.19E-06	-7.38E-06
473	8	0	0	0	0	0	0	232	254	0	-1.97E-05	4.13E-06	-5.19E-06	-7.38E-06
473	9	0	0	0	0	0	0	232	254	0	-2.11E-05	4.06E-06	-5.51E-06	-7.35E-06
473	10	0	0	0	0	0	0	232	254	0	-2.11E-05	4.06E-06	-5.51E-06	-7.35E-06
473	11	0	0	0	0	0	0	232	254	0	-2.21E-05	2.80E-06	-6.77E-06	-9.32E-06
473	12	0	0	0	0	0	0	232	254	0	-2.21E-05	2.80E-06	-6.77E-06	-9.32E-06
473	13	0	0	0	0	0	0	232	254	0	-2.28E-05	3.65E-06	-8.87E-06	-9.25E-06
473	14	0	0	0	0	0	0	232	254	0	-2.28E-05	3.65E-06	-8.87E-06	-9.25E-06
473	15	0	0	0	0	0	0	232	254	0	-2.31E-05	5.37E-06	-8.74E-06	-7.60E-06
473	16	0	0	0	0	0	0	232	254	0	-2.26E-05	5.76E-06	-8.39E-06	-7.17E-06
473	17	0	0	0	0	0	0	232	254	0	-2.26E-05	5.76E-06	-8.39E-06	-7.17E-06
473	18	0	0	0	0	0	0	232	254	0	-2.14E-05	3.82E-06	-8.86E-06	-8.51E-06
473	19	0	0	0	0	0	0	232	254	0	-2.14E-05	3.82E-06	-8.86E-06	-8.51E-06
474	0	0	0	0	0	0	0	232	254	0	-2.05E-05	5.02E-06	-8.95E-06	-1.18E-05
474	1	0	0	0	0	0	0	232	254	0	-2.05E-05	5.02E-06	-8.95E-06	-1.18E-05
474	2	0	0	0	0	0	0	232	254	0	-1.89E-05	5.29E-06	-8.78E-06	-1.23E-05
474	3	0	0	0	0	0	0	232	254	0	-1.89E-05	5.29E-06	-8.78E-06	-1.23E-05
474	4	0	0	0	0	0	0	232	254	0	-1.83E-05	5.15E-06	-8.37E-06	-1.08E-05
474	5	0	0	0	0	0	0	232	254	0	-1.92E-05	5.91E-06	-7.28E-06	-1.33E-05
474	6	0	0	0	0	0	0	232	254	0	-1.92E-05	5.91E-06	-7.28E-06	-1.33E-05
474	7	0	0	0	0	0	0	232	254	0	-2.03E-05	5.50E-06	-6.65E-06	-1.54E-05
474	8	0	0	0	0	0	0	232	254	0	-2.03E-05	5.50E-06	-6.65E-06	-1.54E-05
474	9	0	0	0	0	0	0	232	254	0	-2.02E-05	3.55E-06	-6.78E-06	-1.54E-05
474	10	0	0	0	0	0	0	232	254	0	-2.02E-05	3.55E-06	-6.78E-06	-1.54E-05
474	11	0	0	0	0	0	0	232	254	0	-1.95E-05	4.03E-06	-8.18E-06	-1.48E-05
474	12	0	0	0	0	0	0	232	254	0	-1.95E-05	4.03E-06	-8.18E-06	-1.48E-05
474	13	0	0	0	0	0	0	232	254	0	-1.98E-05	3.12E-06	-8.37E-06	-1.11E-05
474	14	0	0	0	0	0	0	232	254	0	-2.09E-05	6.33E-07	-8.34E-06	-1.16E-05
474	15	0	0	0	0	0	0	232	254	0	-2.09E-05	6.33E-07	-8.34E-06	-1.16E-05
474	16	0	0	0	0	0	0	232	254	0	-2.13E-05	2.42E-06	-1.03E-05	-1.16E-05
474	17	0	0	0	0	0	0	232	254	0	-2.13E-05	2.42E-06	-1.03E-05	-1.16E-05
474	18	0	0	0	0	0	0	232	254	0	-2.21E-05	4.23E-06	-1.10E-05	-8.18E-06
474	19	0	0	0	0	0	0	232	254	0	-2.21E-05	4.23E-06	-1.10E-05	-8.18E-06
475	0	0	0	0	0	0	0	232	254	0	-2.26E-05	3.35E-06	-1.09E-05	-7.59E-06
475	1	0	0	0	0	0	0	232	254	0	-2.26E-05	3.35E-06	-1.09E-05	-7.59E-06
475	2	0	0	0	0	0	0	232	254	0	-2.15E-05	3.68E-06	-1.09E-05	-9.07E-06
475	3	0	0	0	0	0	0	232	254	0	-2.05E-05	6.86E-06	-1.02E-05	-8.86E-06
475	4	0	0	0	0	0	0	232	254	0	-2.05E-05	6.86E-06	-1.02E-05	-8.86E-06
475	5	0	0	0	0	0	0	232	254	0	-2.13E-05	6.05E-06	-9.67E-06	-7.15E-06
475	6	0	0	0	0	0	0	232	254	0	-2.13E-05	6.05E-06	-9.67E-06	-7.15E-06
475	7	0	0	0	0	0	0	232	254	0	-2.28E-05	5.91E-06	-9.80E-06	-1.03E-05
475	8	0	0	0	0	0	0	232	254	0	-2.28E-05	5.91E-06	-9.80E-06	-1.03E-05
475	9	0	0	0	0	0	0	232	254	0	-2.40E-05	9.27E-06	-9.79E-06	-1.45E-05
475	10	0	0	0	0	0	0	232	254	0	-2.40E-05	9.27E-06	-9.79E-06	-1.45E-05
475	11	0	0	0	0	0	0	232	254	0	-2.48E-05	1.08E-05	-9.62E-06	-1.56E-05
475	12	0	0	0	0	0	0	232	254	0	-2.38E-05	1.03E-05	-9.69E-06	-1.57E-05
475	13	0	0	0	0	0	0	232	254	0	-2.38E-05	1.03E-05	-9.69E-06	-1.57E-05
475	14	0	0	0	0	0	0	232	254	0	-2.33E-05	9.48E-06	-9.85E-06	-1.19E-05
475	15	0	0	0	0	0	0	232	254	0	-2.33E-05	9.48E-06	-9.85E-06	-1.19E-05
475	16	0	0	0	0	0	0	232	254	0	-2.40E-05	8.88E-06	-8.84E-06	-1.13E-05
475	17	0	0	0	0	0	0	232	254	0	-2.40E-05	8.88E-06	-8.84E-06	-1.13E-05
475	18	0	0	0	0	0	0	232	254	0	-2.39E-05	7.90E-06	-8.75E-06	-1.49E-05
475	19	0	0	0	0	0	0	232	254	0	-2.39E-05	7.90E-06	-8.75E-06	-1.49E-05
476	0	0	0	0	0	0	0	232	254	0	-2.41E-05	5.43E-06	-9.13E-06	-1.68E-05
476	1	0	0	0	0	0	0	232	254	0	-2.34E-05	2.88E-06	-8.76E-06	-1.81E-05
476	2	0	0	0	0	0	0	232	254	0	-2.34E-05	2.88E-06	-8.76E-06	-1.81E-05
476	3	0	0	0	0	0	0	232	254	0	-2.16E-05	2.89E-06	-7.97E-06	-1.57E-05
476	4	0	0	0	0	0	0	232	254	0	-2.16E-05	2.89E-06	-7.97E-06	-1.57E-05
476	5	0	0	0	0	0	0	232	254	0	-2.16E-05	3.19E-06	-8.55E-06	-1.34E-05
476	6	0	0	0	0	0	0	232	254	0	-2.16E-05	3.19E-06	-8.55E-06	-1.34E-05
476	7	0	0	0	0	0	0	232	254	0	-2.08E-05	3.07E-06	-9.60E-06	-1.10E-05
476	8	0	0	0	0	0	0	232	254	0	-2.08E-05	3.07E-06	-9.60E-06	-1.10E-05
476	9	0	0	0	0	0	0	232	254	0	-2.05E-05	3.37E-06	-9.20E-06	-7.88E-06
476	10	0	0	0	0	0	0	232	254	0	-1.98E-05	3.52E-06	-9.01E-06	-5.94E-06
476	11	0	0	0	0	0	0	232	254	0	-1.98E-05	3.52E-06	-9.01E-06	-5.94E-06
476	12	0	0	0	0	0	0	232	254	0	-1.96E-05	3.88E-06	-8.83E-06	-1.04E-05
476	13	0	0	0	0	0	0	232	254	0	-1.96E-05	3.88E-06	-8.83E-06	-1.04E-05
476	14	0	0	0	0	0	0	232	254	0	-2.14E-05	2.97E-06	-9.55E-06	-1.78E-05
476	15	0	0	0	0	0	0	232	254	0	-2.14E-05	2.97E-06	-9.55E-06	-1.78E-05
476	16	0	0	0	0	0	0	232	254	0	-2.13E-05	3.93E-06	-1.01E-05	-1.59E-05
476	17	0	0	0	0	0	0	232	254	0	-2.13E-05	3.93E-06	-1.01E-05	-1.59E-05
476	18	0	0	0	0	0	0	232	254	0	-1.99E-05	3.12E-06	-8.94E-06	-1.33E-05
476	19	0	0	0	0	0	0	232	254	0	-2.03E-05	3.46E-06	-8.51E-06	-1.34E-05
477	0	0	0	0	0	0	0	232	254	0	-2.03E-05	3.46E-06	-8.51E-06	-1.34E-05
477	1	0	0	0	0	0	0	232	254	0	-2.18E-05	5.63E-06	-8.09E-06	-1.17E-05
477	2	0	0	0	0	0	0	232	254	0	-2.18E-05	5.63E-06	-8.09E-06	-1.17E-05
477	3	0	0	0	0	0	0	232	254	0	-2.21E-05	4.96E-06	-7.89E-06	-1.17E-05
477	4	0	0	0	0	0	0	232	254	0	-2.21E-05	4.96E-06	-7.89E-06	-1.17E-05
477	5	0	0	0	0	0	0	232	254	0	-2.18E-05	3.54E-06	-8.24E-06	-1.61E-05
477	6	0	0	0	0	0	0	232	254	0	-2.18E-05	3.54E-06	-8.24E-06	-1.61E-05
477	7	0	0	0	0	0	0	232	254	0	-2.09E-05	3.66E-06	-8.51E-06	-1.59E-05
477	8	0	0	0	0	0	0	232	254	0	-2.14E-05	4.69E-06	-9.27E-06	-1.29E-05
477	9	0	0	0	0	0	0	232	254	0	-2.14E-05	4.69E-06	-9.27E-06	-1.29E-05
477	10	0	0	0	0	0	0	232	254	0	-2.13E-05	3.27E-06	-8.98E-06	-1.17E-05
477	11	0	0	0	0	0	0	232	254	0	-2.13E-05	3.27E-06	-8.98E-06	-1.17E-05
477	12	0	0	0	0	0	0	232	254	0	-1.96E-05	1.58E-06	-8.49E-06	-1.56E-05
477	13	0	0	0	0	0	0	232	254	0	-1.96E-05	1.58E-06	-8.49E-06	-1.56E-05
477	14	0	0	0	0	0	0	232	254	0	-1.97E-05	4.68E-07	-8.86E-06	-1.62E-05
477	15	0	0	0	0	0	0	232	254	0	-1.97E-05	4.68E-07	-8.86E-06	-1.62E-05
477	16	0	0	0	0	0	0	232	254	0	-2.00E-05	8.75E-07	-9.65E-06	-1.54E-05
477	17	0	0	0	0	0	0	232	254	0	-2.08E-05	2.12E-06	-9.31E-06	-1.46E-05
477	18	0	0	0	0	0	0	232	254	0	-2.08E-05	2.12E-06	-9.31E-06	-1.46E-05
477	19	0	0	0	0	0	0	232	254	0	-2.10E-05	2.16E-06	-9.42E-06	-1.19E-05
478	0	0	0	0	0	0	0	232	254	0	-2.10E-05	2.16E-06	-9.42E-06	-1.19E-05
478	1	0	0	0	0	0	0	232	254	0	-2.00E-05	1.42E-06	-9.21E-06	-7.96E-06
478	2	0	0	0	0	0	0	232	254	0	-2.00E-05	1.42E-06	-9.21E-06	-7.96E-06
478	3	0	0	0	0	0	0	232	254	0	-1.92E-05	1.76E-06	-8.83E-06	-3.77E-06
478	4	0	0	0	0	0	0	232	254	0	-1.92E-05	1.76E-06	-8.83E-06	-3.77E-06
478	5	0	0	0	0	0	0	232	254	0	-1.80E-05	2.25E-06	-9.32E-06	-5.82E-06
478	6	0	0	0	0	0	0	232	254	0	-1.69E-05	1.76E-06	-1.05E-05	-9.22E-06
478	7	0	0	0	0	0	0	232	254	0	-1.69E-05	1.76E-06	-1.05E-05	-9.22E-06
478	8	0	0	0	0	0	0	232	254	0	-1.71E-05	1.75E-06	-1.02E-05	-1.02E-05
478	9	0	0	0	0	0	0	232	254	0	-1.71E-05	1.75E-06	-1.02E-05	-1.02E-05
478	10	0	0	0	0	0	0	232	254	0	-1.61E-05	3.02E-06	-9.90E-06	-1.12E-05
478	11	0	0	0	0	0	0	232	254	0	-1.61E-05	3.02E-06	-9.90E-06	-1.12E-05
478	12	0	0	0	0	0	0	232	254	0	-1.69E-05	3.52E-06	-9.90E-06	-1.36E-05
478	13	0	0	0	0	0	0	232	254	0	-1.69E-05	3.52E-06	-9.90E-06	-1.36E-05
478	14	0	0	0	0	0	0	232	254	0	-1.91E-05	4.23E-06	-1.03E-05	-1.76E-05
478	15	0	0	0	0	0	0	232	254	0	-1.99E-05	6.89E-06	-1.11E-05	-1.83E-05
478	16	0	0	0	0	0	0	232	254	0	-1.99E-05	6.89E-06	-1.11E-05	-1.83E-05
478	17	0	0	0	0	0	0	232	254	0	-1.97E-05	9.07E-06	-1.02E-05	-1.82E-05
478	18	0	0	0	0	0	0	232	254	0	-1.97E-05	9.07E-06	-1.02E-05	-1.82E-05
478	19	0	0	0	0	0	0	232	254	0	-1.90E-05	9.33E-06	-8.67E-06	-1.85E-05
479	0	0	0	0	0	0	0	232	254	0	-1.90E-05	9.33E-06	-8.67E-06	-1.85E-05
479	1	0	0	0	0	0	0	232	254	0	-1.99E-05	9.00E-06	-8.22E-06	-1.79E-05
479	2	0	0	0	0	0	0	232	254	0	-1.99E-05	9.00E-06	-8.22E-06	-1.79E-05
479	3	0	0	0	0	0	0	232	254	0	-2.14E-05	8.66E-06	-8.46E-06	-1.81E-05
479	4	0	0	0	0	0	0	232	254	0	-2.16E-05	9.27E-06	-9.03E-06	-1.75E-05
479	5	0	0	0	0	0	0	232	254	0	-2.16E-05	9.27E-06	-9.03E-06	-1.75E-05
479	6	0	0	0	0	0	0	232	254	0	-2.24E-05	8.74E-06	-9.59E-06	-1.79E-05
479	7	0	0	0	0	0	0	232	254	0	-2.24E-05	8.74E-06	-9.59E-06	-1.79E-05
479	8	0	0	0	0	0	0	232	254	0	-2.25E-05	6.39E-06	-8.79E-06	-1.69E-05
479	9	0	0	0	0	0	0	232	254	0	-2.25E-05	6.39E-06	-8.79E-06	-1.69E-05
479	10	0	0	0	0	0	0	232	254	0	-2.15E-05	6.72E-06	-7.10E-06	-1.42E-05
479	11	0	0	0	0	0	0	232	254	0	-2.15E-05	6.72E-06	-7.10E-06	-1.42E-05
479	12	0	0	0	0	0	0	232	254	0	-2.01E-05	6.04E-06	-5.60E-06	-9.37E-06
479	13	0	0	0	0	0	0	232	254	0	-1.86E-05	3.89E-06	-5.20E-06	-6.19E-06
479	14	0	0	0	0	0	0	232	254	0	-1.86E-05	3.89E-06	-5.20E-06	-6.19E-06
479	15	0	0	0	0	0	0	232	254	0	-1.98E-05	3.07E-06	-6.85E-06	-4.12E-06
479	16	0	0	0	0	0	0	232	254	0	-1.98E-05	3.07E-06	-6.85E-06	-4.12E-06
479	17	0	0	0	0	0	0	232	254	0	-2.18E-05	5.02E-06	-8.97E-06	-4.00E-06
479	18	0	0	0	0	0	0	232	254	0	-2.18E-05	5.02E-06	-8.97E-06	-4.00E-06
479	19	0	0	0	0	0	0	232	254	0	-2.30E-05	8.23E-06	-8.62E-06	-3.49E-06
480	0	0	0	0	0	0	0	232	254	0	-2.30E-05	8.23E-06	-8.62E-06	-3.49E-06
480	1	0	0	0	0	0	0	232	254	0	-2.33E-05	9.82E-06	-9.87E-06	-5.31E-06
480	2	0	0	0	0	0	0	232	254	0	-2.26E-05	1.03E-05	-1.06E-05	-1.05E-05
480	3	0	0	0	0	0	0	232	254	0	-2.26E-05	1.03E-05	-1.06E-05	-1.05E-05
480	4	0	0	0	0	0	0	232	254	0	-2.33E-05	8.99E-06	-9.63E-06	-1.15E-05
480	5	0	0	0	0	0	0	232	254	0	-2.33E-05	8.99E-06	-9.63E-06	-1.15E-05
480	6	0	0	0	0	0	0	232	254	0	-2.30E-05	6.15E-06	-9.23E-06	-1.34E-05
480	7	0	0	0	0	0	0	232	254	0	-2.30E-05	6.15E-06	-9.23E-06	-1.34E-05
480	8	0	0	0	0	0	0	232	254	0	-2.27E-05	2.26E-06	-1.08E-05	-1.38E-05
480	9	0	0	0	0	0	0	232	254	0	-2.27E-05	2.26E-06	-1.08E-05	-1.38E-05
480	10	0	0	0	0	0	0	232	254	0	-2.23E-05	1.82E-07	-1.04E-05	-1.17E-05
480	11	0	0	0	0	0	0	232	254	0	-2.25E-05	1.95E-06	-8.14E-06	-1.07E-05
480	12	0	0	0	0	0	0	232	254	0	-2.25E-05	1.95E-06	-8.14E-06	-1.07E-05
480	13	0	0	0	0	0	0	232	254	0	-2.34E-05	3.09E-06	-7.50E-06	-7.51E-06
480	14	0	0	0	0	0	0	232	254	0	-2.34E-05	3.09E-06	-7.50E-06	-7.51E-06
480	15	0	0	0	0	0	0	232	254	0	-2.23E-05	4.96E-06	-7.08E-06	-1.07E-05
480	16	0	0	0	0	0	0	232	254	0	-2.23E-05	4.96E-06	-7.08E-06	-1.07E-05
480	17	0	0	0	0	0	0	232	254	0	-2.19E-05	5.59E-06	-7.35E-06	-1.34E-05
480	18	0	0	0	0	0	0	232	254	0	-2.19E-05	5.59E-06	-7.35E-06	-1.34E-05
480	19	0	0	0	0	0	0	232	254	0	-2.19E-05	6.72E-06	-8.02E-06	-1.52E-05
481	0	0	0	0	0	0	0	232	254	0	-2.17E-05	8.87E-06	-9.64E-06	-1.39E-05
481	1	0	0	0	0	0	0	232	254	0	-2.17E-05	8.87E-06	-9.64E-06	-1.39E-05
481	2	0	0	0	0	0	0	232	254	0	-2.18E-05	6.97E-06	-8.94E-06	-1.11E-05
481	3	0	0	0	0	0	0	232	254	0	-2.18E-05	6.97E-06	-8.94E-06	-1.11E-05
481	4	0	0	0	0	0	0	232	254	0	-2.23E-05	3.75E-06	-7.80E-06	-1.11E-05
481	5	0	0	0	0	0	0	232	254	0	-2.23E-05	3.75E-06	-7.80E-06	-1.11E-05
481	6	0	0	0	0	0	0	232	254	0	-2.19E-05	2.62E-06	-8.02E-06	-1.08E-05
481	7	0	0	0	0	0	0	232	254	0	-2.19E-05	2.62E-06	-8.02E-06	-1.08E-05
481	8	0	0	0	0	0	0	232	254	0	-2.09E-05	2.28E-06	-9.29E-06	-1.08E-05
481	9	0	0	0	0	0	0	232	254	0	-2.14E-05	3.36E-06	-9.26E-06	-1.42E-05
481	10	0	0	0	0	0	0	232	254	0	-2.14E-05	3.36E-06	-9.26E-06	-1.42E-05
481	11	0	0	0	0	0	0	232	254	0	-2.09E-05	5.27E-06	-8.95E-06	-1.51E-05
481	12	0	0	0	0	0	0	232	254	0	-2.09E-05	5.27E-06	-8.95E-06	-1.51E-05
481	13	0	0	0	0	0	0	232	254	0	-1.95E-05	4.81E-06	-8.07E-06	-1.28E-05
481	14	0	0	0	0	0	0	232	254	0	-1.95E-05	4.81E-06	-8.07E-06	-1.28E-05
481	15	0	0	0	0	0	0	232	254	0	-1.99E-05	3.30E-06	-8.07E-06	-1.72E-05
481	16	0	0	0	0	0	0	232	254	0	-1.99E-05	3.30E-06	-8.07E-06	-1.72E-05
481	17	0	0	0	0	0	0	232	254	0	-2.10E-05	2.50E-06	-1.01E-05	-1.86E-05
481	18	0	0	0	0	0	0	232	254	0	-2.11E-05	2.11E-06	-1.09E-05	-1.36E-05
481	19	0	0	0	0	0	0	232	254	0	-2.11E-05	2.11E-06	-1.09E-05	-1.36E-05
482	0	0	0	0	0	0	0	232	254	0	-2.15E-05	3.08E-06	-1.02E-05	-1.09E-05
482	1	0	0	0	0	0	0	232	254	0	-2.15E-05	3.08E-06	-1.02E-05	-1.09E-05
482	2	0	0	0	0	0	0	232	254	0	-2.17E-05	4.23E-06	-9.20E-06	-9.16E-06
482	3	0	0	0	0	0	0	232	254	0	-2.17E-05	4.23E-06	-9.20E-06	-9.16E-06
482	4	0	0	0	0	0	0	232	254	0	-2.17E-05	2.65E-06	-9.37E-06	-1.15E-05
482	5	0	0	0	0	0	0	232	254	0	-2.17E-05	2.65E-06	-9.37E-06	-1.15E-05
482	6	0	0	0	0	0	0	232	254	0	-2.00E-05	1.14E-06	-1.00E-05	-1.64E-05
482	7	0	0	0	0	0	0	232	254	0	-2.00E-05	-3.39E-07	-9.77E-06	-1.73E-05
482	8	0	0	0	0	0	0	232	254	0	-2.00E-05	-3.39E-07	-9.77E-06	-1.73E-05
482	9	0	0	0	0	0	0	232	254	0	-2.03E-05	-1.07E-06	-8.15E-06	-1.79E-05
482	10	0	0	0	0	0	0	232	254	0	-2.03E-05	-1.07E-06	-8.15E-06	-1.79E-05
482	11	0	0	0	0	0	0	232	254	0	-2.03E-05	-4.68E-07	-8.14E-06	-1.74E-05
482	12	0	0	0	0	0	0	232	254	0	-2.03E-05	-4.68E-07	-8.14E-06	-1.74E-05
482	13	0	0	0	0	0	0	232	254	0	-2.03E-05	3.04E-07	-9.45E-06	-1.39E-05
482	14	0	0	0	0	0	0	232	254	0	-2.03E-05	3.04E-07	-9.45E-06	-1.39E-05
482	15	0	0	0	0	0	0	232	254	0	-2.01E-05	1.56E-06	-8.72E-06	-8.23E-06
482	16	0	0	0	0	0	0	232	254	0	-2.12E-05	3.90E-06	-6.57E-06	-6.73E-06
482	17	0	0	0	0	0	0	232	254	0	-2.12E-05	3.90E-06	-6.57E-06	-6.73E-06
482	18	0	0	0	0	0	0	232	254	0	-2.05E-05	3.99E-06	-7.52E-06	-6.41E-06
482	19	0	0	0	0	0	0	232	254	0	-2.05E-05	3.99E-06	-7.52E-06	-6.41E-06
483	0	0	0	0	0	0	0	232	254	0	-1.83E-05	2.16E-06	-9.17E-06	-6.45E-06
483	1	0	0	0	0	0	0	232	254	0	-1.83E-05	2.16E-06	-9.17E-06	-6.45E-06
483	2	0	0	0	0	0	0	232	254	0	-1.87E-05	1.04E-06	-8.62E-06	-9.37E-06
483	3	0	0	0	0	0	0	232	254	0	-1.87E-05	1.04E-06	-8.62E-06	-9.37E-06
483	4	0	0	0	0	0	0	232	254	0	-1.97E-05	1.78E-06	-8.46E-06	-9.16E-06
483	5	0	0	0	0	0	0	232	254	0	-1.99E-05	1.83E-06	-9.03E-06	-1.03E-05
483	6	0	0	0	0	0	0	232	254	0	-1.99E-05	1.83E-06	-9.03E-06	-1.03E-05
483	7	0	0	0	0	0	0	232	254	0	-2.02E-05	2.64E-07	-9.47E-06	-1.25E-05
483	8	0	0	0	0	0	0	232	254	0	-2.02E-05	2.64E-07	-9.47E-06	-1.25E-05
483	9	0	0	0	0	0	0	232	254	0	-2.03E-05	3.08E-06	-9.57E-06	-1.06E-05
483	10	0	0	0	0	0	0	232	254	0	-2.03E-05	3.08E-06	-9.57E-06	-1.06E-05
483	11	0	0	0	0	0	0	232	254	0	-2.04E-05	7.13E-06	-1.02E-05	-9.57E-06
483	12	0	0	0	0	0	0	232	254	0	-2.04E-05	7.13E-06	-1.02E-05	-9.57E-06
483	13	0	0	0	0	0	0	232	254	0	-2.08E-05	7.99E-06	-1.01E-05	-9.33E-06
483	14	0	0	0	0	0	0	232	254	0	-2.05E-05	6.71E-06	-1.11E-05	-1.02E-05
483	15	0	0	0	0	0	0	232	254	0	-2.05E-05	6.71E-06	-1.11E-05	-1.02E-05
483	16	0	0	0	0	0	0	232	254	0	-2.10E-05	6.45E-06	-1.10E-05	-1.18E-05
483	17	0	0	0	0	0	0	232	254	0	-2.10E-05	6.45E-06	-1.10E-05	-1.18E-05
483	18	0	0	0	0	0	0	232	254	0	-2.08E-05	8.79E-06	-9.68E-06	-1.17E-05
483	19	0	0	0	0	0	0	232	254	0	-2.08E-05	8.79E-06	-9.68E-06	-1.17E-05
484	0	0	0	0	0	0	0	232	254	0	-2.10E-05	9.15E-06	-1.03E-05	-1.31E-05
484	1	0	0	0	0	0	0	232	254	0	-2.10E-05	9.15E-06	-1.03E-05	-1.31E-05
484	2	0	0	0	0	0	0	232	254	0	-2.22E-05	9.13E-06	-1.07E-05	-1.58E-05
484	3	0	0	0	0	0	0	232	254	0	-2.25E-05	8.29E-06	-1.04E-05	-1.60E-05
484	4	0	0	0	0	0	0	232	254	0	-2.25E-05	8.29E-06	-1.04E-05	-1.60E-05
484	5	0	0	0	0	0	0	232	254	0	-2.14E-05	7.42E-06	-1.07E-05	-1.55E-05
484	6	0	0	0	0	0	0	232	254	0	-2.14E-05	7.42E-06	-1.07E-05	-1.55E-05
484	7	0	0	0	0	0	0	232	254	0	-2.06E-05	6.27E-06	-1.10E-05	-1.46E-05
484	8	0	0	0	0	0	0	232	254	0	-2.06E-05	6.27E-06	-1.10E-05	-1.46E-05
484	9	0	0	0	0	0	0	232	254	0	-2.18E-05	4.58E-06	-1.06E-05	-1.65E-05
484	10	0	0	0	0	0	0	232	254	0	-2.18E-05	4.58E-06	-1.06E-05	-1.65E-05
484	11	0	0	0	0	0	0	232	254	0	-2.29E-05	3.79E-06	-1.05E-05	-1.84E-05
484	12	0	0	0	0	0	0	232	254	0	-2.30E-05	3.81E-06	-1.10E-05	-1.74E-05
484	13	0	0	0	0	0	0	232	254	0	-2.30E-05	3.81E-06	-1.10E-05	-1.74E-05
484	14	0	0	0	0	0	0	232	254	0	-2.28E-05	3.62E-06	-1.23E-05	-1.58E-05
484	15	0	0	0	0	0	0	232	254	0	-2.28E-05	3.62E-06	-1.23E-05	-1.58E-05
484	16	0	0	0	0	0	0	232	254	0	-2.27E-05	4.35E-06	-1.22E-05	-1.41E-05
484	17	0	0	0	0	0	0	232	254	0	-2.27E-05	4.35E-06	-1.22E-05	-1.41E-05
484	18	0	0	0	0	0	0	232	254	0	-2.17E-05	5.29E-06	-1.14E-05	-1.32E-05
484	19	0	0	0	0	0	0	232	254	0	-2.17E-05	5.29E-06	-1.14E-05	-1.32E-05
485	0	0	0	0	0	0	0	232	254	0	-2.06E-05	4.71E-06	-1.02E-05	-1.23E-05
485	1	0	0	0	0	0	0	232	254	0	-2.10E-05	4.01E-06	-8.79E-06	-1.31E-05
485	2	0	0	0	0	0	0	232	254	0	-2.10E-05	4.01E-06	-8.79E-06	-1.31E-05
485	3	0	0	0	0	0	0	232	254	0	-1.94E-05	3.39E-06	-9.69E-06	-1.27E-05
485	4	0	0	0	0	0	0	232	254	0	-1.94E-05	3.39E-06	-9.69E-06	-1.27E-05
485	5	0	0	0	0	0	0	232	254	0	-1.87E-05	4.60E-06	-9.77E-06	-1.41E-05
485	6	0	0	0	0	0	0	232	254	0	-1.87E-05	4.60E-06	-9.77E-06	-1.41E-05
485	7	0	0	0	0	0	0	232	254	0	-1.94E-05	3.32E-06	-7.33E-06	-1.31E-05
485	8	0	0	0	0	0	0	232	254	0	-1.94E-05	3.32E-06	-7.33E-06	-1.31E-05
485	9	0	0	0	0	0	0	232	254	0	-1.94E-05	1.81E-06	-5.55E-06	-1.23E-05
485	10	0	0	0	0	0	0	232	254	0	-1.93E-05	2.22E-06	-6.62E-06	-1.41E-05
485	11	0	0	0	0	0	0	232	254	0	-1.93E-05	2.22E-06	-6.62E-06	-1.41E-05
485	12	0	0	0	0	0	0	232	254	0	-2.02E-05	2.40E-06	-9.81E-06	-1.64E-05
485	13	0	0	0	0	0	0	232	254	0	-2.02E-05	2.40E-06	-9.81E-06	-1.64E-05
485	14	0	0	0	0	0	0	232	254	0	-2.15E-05	2.11E-06	-1.19E-05	-1.88E-05
485	15	0	0	0	0	0	0	232	254	0	-2.15E-05	2.11E-06	-1.19E-05	-1.88E-05
485	16	0	0	0	0	0	0	232	254	0	-2.30E-05	2.60E-06	-1.01E-05	-1.82E-05
485	17	0	0	0	0	0	0	232	254	0	-2.30E-05	2.60E-06	-1.01E-05	-1.82E-05
485	18	0	0	0	0	0	0	232	254	0	-2.48E-05	4.03E-06	-8.29E-06	-1.62E-05
485	19	0	0	0	0	0	0	232	254	0	-2.39E-05	2.65E-06	-8.36E-06	-1.58E-05
486	0	0	0	0	0	0	0	232	254	0	-2.39E-05	2.65E-06	-8.36E-06	-1.58E-05
486	1	0	0	0	0	0	0	232	254	0	-2.27E-05	1.85E-06	-7.38E-06	-1.85E-05
486	2	0	0	0	0	0	0	232	254	0	-2.27E-05	1.85E-06	-7.38E-06	-1.85E-05
486	3	0	0	0	0	0	0	232	254	0	-2.28E-05	3.73E-06	-6.17E-06	-2.03E-05
486	4	0	0	0	0	0	0	232	254	0	-2.28E-05	3.73E-06	-6.17E-06	-2.03E-05
486	5	0	0	0	0	0	0	232	254	0	-2.13E-05	4.41E-06	-7.17E-06	-1.76E-05
486	6	0	0	0	0	0	0	232	254	0	-2.13E-05	4.41E-06	-7.17E-06	-1.76E-05
486	7	0	0	0	0	0	0	232	254	0	-1.96E-05	4.25E-06	-8.07E-06	-1.14E-05
486	8	0	0	0	0	0	0	232	254	0	-2.02E-05	4.90E-06	-7.75E-06	-1.14E-05
486	9	0	0	0	0	0	0	232	254	0	-2.02E-05	4.90E-06	-7.75E-06	-1.14E-05
486	10	0	0	0	0	0	0	232	254	0	-2.09E-05	4.61E-06	-7.55E-06	-1.47E-05
486	11	0	0	0	0	0	0	232	254	0	-2.09E-05	4.61E-06	-7.55E-06	-1.47E-05
486	12	0	0	0	0	0	0	232	254	0	-2.10E-05	3.54E-06	-7.55E-06	-1.68E-05
486	13	0	0	0	0	0	0	232	254	0	-2.10E-05	3.54E-06	-7.55E-06	-1.68E-05
486	14	0	0	0	0	0	0	232	254	0	-2.27E-05	4.25E-06	-7.79E-06	-1.61E-05
486	15	0	0	0	0	0	0	232	254	0	-2.27E-05	4.25E-06	-7.79E-06	-1.61E-05
486	16	0	0	0	0	0	0	232	254	0	-2.17E-05	4.11E-06	-6.71E-06	-1.44E-05
486	17	0	0	0	0	0	0	232	254	0	-1.97E-05	3.27E-06	-6.68E-06	-1.25E-05
486	18	0	0	0	0	0	0	232	254	0	-1.97E-05	3.27E-06	-6.68E-06	-1.25E-05
486	19	0	0	0	0	0	0	232	254	0	-2.07E-05	4.08E-06	-8.30E-06	-1.07E-05
487	0	0	0	0	0	0	0	232	254	0	-2.07E-05	4.08E-06	-8.30E-06	-1.07E-05
487	1	0	0	0	0	0	0	232	254	0	-2.20E-05	5.24E-06	-8.54E-06	-1.00E-05
487	2	0	0	0	0	0	0	232	254	0	-2.20E-05	5.24E-06	-8.54E-06	-1.00E-05
487	3	0	0	0	0	0	0	232	254	0	-2.04E-05	6.25E-06	-8.04E-06	-1.04E-05
487	4	0	0	0	0	0	0	232	254	0	-2.04E-05	6.25E-06	-8.04E-06	-1.04E-05
487	5	0	0	0	0	0	0	232	254	0	-2.07E-05	4.90E-06	-7.54E-06	-8.92E-06
487	6	0	0	0	0	0	0	232	254	0	-2.26E-05	3.02E-06	-7.50E-06	-9.64E-06
487	7	0	0	0	0	0	0	232	254	0	-2.26E-05	3.02E-06	-7.50E-06	-9.64E-06
487	8	0	0	0	0	0	0	232	254	0	-2.38E-05	2.99E-06	-8.26E-06	-1.24E-05
487	9	0	0	0	0	0	0	232	254	0	-2.38E-05	2.99E-06	-8.26E-06	-1.24E-05
487	10	0	0	0	0	0	0	232	254	0	-2.33E-05	3.90E-06	-8.32E-06	-1.54E-05
487	11	0	0	0	0	0	0	232	254	0	-2.33E-05	3.90E-06	-8.32E-06	-1.54E-05
487	12	0	0	0	0	0	0	232	254	0	-2.11E-05	4.67E-06	-8.22E-06	-1.25E-05
487	13	0	0	0	0	0	0	232	254	0	-2.11E-05	4.67E-06	-8.22E-06	-1.25E-05
487	14	0	0	0	0	0	0	232	254	0	-2.03E-05	4.51E-06	-9.64E-06	-7.37E-06
487	15	0	0	0	0	0	0	232	254	0	-2.13E-05	4.95E-06	-8.94E-06	-7.05E-06
487	16	0	0	0	0	0	0	232	254	0	-2.13E-05	4.95E-06	-8.94E-06	-7.05E-06
487	17	0	0	0	0	0	0	232	254	0	-2.21E-05	5.56E-06	-8.75E-06	-7.44E-06
487	18	0	0	0	0	0	0	232	254	0	-2.21E-05	5.56E-06	-8.75E-06	-7.44E-06
487	19	0	0	0	0	0	0	232	254	0	-2.14E-05	6.30E-06	-9.72E-06	-9.04E-06
488	0	0	0	0	0	0	0	232	254	0	-2.14E-05	6.30E-06	-9.72E-06	-9.04E-06
488	1	0	0	0	0	0	0	232	254	0	-2.26E-05	7.02E-06	-1.02E-05	-5.49E-06
488	2	0	0	0	0	0	0	232	254	0	-2.26E-05	7.02E-06	-1.02E-05	-5.49E-06
488	3	0	0	0	0	0	0	232	254	0	-2.32E-05	7.45E-06	-9.77E-06	-7.82E-06
488	4	0	0	0	0	0	0	232	254	0	-2.16E-05	8.26E-06	-1.00E-05	-1.29E-05
488	5	0	0	0	0	0	0	232	254	0	-2.16E-05	8.26E-06	-1.00E-05	-1.29E-05
488	6	0	0	0	0	0	0	232	254	0	-2.07E-05	7.03E-06	-9.77E-06	-1.19E-05
488	7	0	0	0	0	0	0	232	254	0	-2.07E-05	7.03E-06	-9.77E-06	-1.19E-05
488	8	0	0	0	0	0	0	232	254	0	-2.06E-05	3.67E-06	-1.05E-05	-1.06E-05
488	9	0	0	0	0	0	0	232	254	0	-2.06E-05	3.67E-06	-1.05E-05	-1.06E-05
488	10	0	0	0	0	0	0	232	254	0	-1.99E-05	2.28E-06	-1.09E-05	-1.31E-05
488	11	0	0	0	0	0	0	232	254	0	-1.99E-05	2.28E-06	-1.09E-05	-1.31E-05
488	12	0	0	0	0	0	0	232	254	0	-1.87E-05	1.24E-06	-1.02E-05	-1.45E-05
488	13	0	0	0	0	0	0	232	254	0	-1.74E-05	1.32E-07	-1.08E-05	-1.06E-05
488	14	0	0	0	0	0	0	232	254	0	-1.74E-05	1.32E-07	-1.08E-05	-1.06E-05
488	15	0	0	0	0	0	0	232	254	0	-1.80E-05	7.76E-07	-9.24E-06	-4.41E-06
488	16	0	0	0	0	0	0	232	254	0	-1.80E-05	7.76E-07	-9.24E-06	-4.41E-06
488	17	0	0	0	0	0	0	232	254	0	-1.88E-05	3.53E-06	-7.68E-06	-1.57E-06
488	18	0	0	0	0	0	0	232	254	0	-1.88E-05	3.53E-06	-7.68E-06	-1.57E-06
488	19	0	0	0	0	0	0	232	254	0	-1.85E-05	4.53E-06	-8.56E-06	-4.36E-06
489	0	0	0	0	0	0	0	232	254	0	-1.85E-05	4.53E-06	-8.56E-06	-4.36E-06
489	1	0	0	0	0	0	0	232	254	0	-1.83E-05	6.54E-06	-1.04E-05	-8.42E-06
489	2	0	0	0	0	0	0	232	254	0	-1.89E-05	7.74E-06	-1.07E-05	-9.33E-06
489	3	0	0	0	0	0	0	232	254	0	-1.89E-05	7.74E-06	-1.07E-05	-9.33E-06
489	4	0	0	0	0	0	0	232	254	0	-1.96E-05	8.12E-06	-9.63E-06	-7.58E-06
489	5	0	0	0	0	0	0	232	254	0	-1.96E-05	8.12E-06	-9.63E-06	-7.58E-06
489	6	0	0	0	0	0	0	232	254	0	-1.97E-05	7.87E-06	-9.00E-06	-6.41E-06
489	7	0	0	0	0	0	0	232	254	0	-1.97E-05	7.87E-06	-9.00E-06	-6.41E-06
489	8	0	0	0	0	0	0	232	254	0	-1.96E-05	7.60E-06	-1.05E-05	-9.63E-06
489	9	0	0	0	0	0	0	232	254	0	-1.96E-05	7.60E-06	-1.05E-05	-9.63E-06
489	10	0	0	0	0	0	0	232	254	0	-1.94E-05	6.61E-06	-1.01E-05	-1.43E-05
489	11	0	0	0	0	0	0	232	254	0	-1.95E-05	4.56E-06	-7.44E-06	-1.58E-05
489	12	0	0	0	0	0	0	232	254	0	-1.95E-05	4.56E-06	-7.44E-06	-1.58E-05
489	13	0	0	0	0	0	0	232	254	0	-1.98E-05	2.92E-06	-7.73E-06	-1.41E-05
489	14	0	0	0	0	0	0	232	254	0	-1.98E-05	2.92E-06	-7.73E-06	-1.41E-05
489	15	0	0	0	0	0	0	232	254	0	-2.07E-05	2.28E-06	-8.70E-06	-1.56E-05
489	16	0	0	0	0	0	0	232	254	0	-2.07E-05	2.28E-06	-8.70E-06	-1.56E-05
489	17	0	0	0	0	0	0	232	254	0	-2.17E-05	1.47E-06	-9.37E-06	-1.69E-05
489	18	0	0	0	0	0	0	232	254	0	-2.17E-05	1.47E-06	-9.37E-06	-1.69E-05
489	19	0	0	0	0	0	0	232	254	0	-2.15E-05	1.65E-06	-9.80E-06	-1.48E-05
490	0	0	0	0	0	0	0	232	254	0	-2.20E-05	2.44E-06	-1.00E-05	-1.53E-05
490	1	0	0	0	0	0	0	232	254	0	-2.20E-05	2.44E-06	-1.00E-05	-1.53E-05
490	2	0	0	0	0	0	0	232	254	0	-2.28E-05	2.80E-06	-1.02E-05	-1.63E-05
490	3	0	0	0	0	0	0	232	254	0	-2.28E-05	2.80E-06	-1.02E-05	-1.63E-05
490	4	0	0	0	0	0	0	232	254	0	-2.28E-05	1.91E-06	-9.06E-06	-1.92E-05
490	5	0	0	0	0	0	0	232	254	0	-2.28E-05	1.91E-06	-9.06E-06	-1.92E-05
490	6	0	0	0	0	0	0	232	254	0	-2.24E-05	2.22E-06	-7.97E-06	-2.14E-05
490	7	0	0	0	0	0	0	232	254	0	-2.24E-05	2.22E-06	-7.97E-06	-2.14E-05
490	8	0	0	0	0	0	0	232	254	0	-2.21E-05	2.05E-06	-8.19E-06	-2.08E-05
490	9	0	0	0	0	0	0	232	254	0	-2.34E-05	5.15E-06	-8.27E-06	-1.68E-05
490	10	0	0	0	0	0	0	232	254	0	-2.34E-05	5.15E-06	-8.27E-06	-1.68E-05
490	11	0	0	0	0	0	0	232	254	0	-2.34E-05	7.02E-06	-8.22E-06	-1.27E-05
490	12	0	0	0	0	0	0	232	254	0	-2.34E-05	7.02E-06	-8.22E-06	-1.27E-05
490	13	0	0	0	0	0	0	232	254	0	-2.14E-05	7.69E-06	-7.40E-06	-1.02E-05
490	14	0	0	0	0	0	0	232	254	0	-2.14E-05	7.69E-06	-7.40E-06	-1.02E-05
490	15	0	0	0	0	0	0	232	254	0	-2.18E-05	7.77E-06	-7.52E-06	-1.29E-05
490	16	0	0	0	0	0	0	232	254	0	-2.18E-05	7.77E-06	-7.52E-06	-1.29E-05
490	17	0	0	0	0	0	0	232	254	0	-2.33E-05	7.60E-06	-9.02E-06	-1.38E-05
490	18	0	0	0	0	0	0	232	254	0	-2.25E-05	6.37E-06	-9.57E-06	-1.65E-05
490	19	0	0	0	0	0	0	232	254	0	-2.25E-05	6.37E-06	-9.57E-06	-1.65E-05
491	0	0	0	0	0	0	0	232	254	0	-2.23E-05	7.05E-06	-1.00E-05	-1.72E-05
491	1	0	0	0	0	0	0	232	254	0	-2.23E-05	7.05E-06	-1.00E-05	-1.72E-05
491	2	0	0	0	0	0	0	232	254	0	-2.41E-05	6.85E-06	-9.30E-06	-1.39E-05
491	3	0	0	0	0	0	0	232	254	0	-2.41E-05	6.85E-06	-9.30E-06	-1.39E-05
491	4	0	0	0	0	0	0	232	254	0	-2.43E-05	4.19E-06	-8.19E-06	-1.14E-05
491	5	0	0	0	0	0	0	232	254	0	-2.43E-05	4.19E-06	-8.19E-06	-1.14E-05
491	6	0	0	0	0	0	0	232	254	0	-2.24E-05	2.72E-06	-8.12E-06	-1.11E-05
491	7	0	0	0	0	0	0	232	254	0	-2.14E-05	3.46E-06	-7.52E-06	-1.15E-05
491	8	0	0	0	0	0	0	232	254	0	-2.14E-05	3.46E-06	-7.52E-06	-1.15E-05
491	9	0	0	0	0	0	0	232	254	0	-2.01E-05	3.86E-06	-8.16E-06	-1.06E-05
491	10	0	0	0	0	0	0	232	254	0	-2.01E-05	3.86E-06	-8.16E-06	-1.06E-05
491	11	0	0	0	0	0	0	232	254	0	-1.92E-05	5.04E-06	-9.27E-06	-9.77E-06
491	12	0	0	0	0	0	0	232	254	0	-1.92E-05	5.04E-06	-9.27E-06	-9.77E-06
491	13	0	0	0	0	0	0	232	254	0	-1.94E-05	6.60E-06	-9.69E-06	-1.03E-05
491	14	0	0	0	0	0	0	232	254	0	-1.94E-05	6.60E-06	-9.69E-06	-1.03E-05
491	15	0	0	0	0	0	0	232	254	0	-1.94E-05	7.88E-06	-9.85E-06	-1.40E-05
491	16	0	0	0	0	0	0	232	254	0	-1.95E-05	7.87E-06	-9.67E-06	-1.61E-05
491	17	0	0	0	0	0	0	232	254	0	-1.95E-05	7.87E-06	-9.67E-06	-1.61E-05
491	18	0	0	0	0	0	0	232	254	0	-2.13E-05	6.90E-06	-9.57E-06	-1.72E-05
491	19	0	0	0	0	0	0	232	254	0	-2.13E-05	6.90E-06	-9.57E-06	-1.72E-05
492	0	0	0	0	0	0	0	232	254	0	-2.05E-05	5.13E-06	-1.03E-05	-1.47E-05
492	1	0	0	0	0	0	0	232	254	0	-2.05E-05	5.13E-06	-1.03E-05	-1.47E-05
492	2	0	0	0	0	0	0	232	254	0	-2.16E-05	4.41E-06	-1.09E-05	-1.36E-05
492	3	0	0	0	0	0	0	232	254	0	-2.16E-05	4.41E-06	-1.09E-05	-1.36E-05
492	4	0	0	0	0	0	0	232	254	0	-2.34E-05	5.54E-06	-1.03E-05	-1.57E-05
492	5	0	0	0	0	0	0	232	254	0	-2.28E-05	4.04E-06	-9.43E-06	-1.26E-05
492	6	0	0	0	0	0	0	232	254	0	-2.28E-05	4.04E-06	-9.43E-06	-1.26E-05
492	7	0	0	0	0	0	0	232	254	0	-2.21E-05	-3.49E-07	-9.23E-06	-7.73E-06
492	8	0	0	0	0	0	0	232	254	0	-2.21E-05	-3.49E-07	-9.23E-06	-7.73E-06
492	9	0	0	0	0	0	0	232	254	0	-2.13E-05	-6.67E-07	-9.47E-06	-7.09E-06
492	10	0	0	0	0	0	0	232	254	0	-2.13E-05	-6.67E-07	-9.47E-06	-7.09E-06
492	11	0	0	0	0	0	0	232	254	0	-2.05E-05	3.61E-06	-1.05E-05	-6.32E-06
492	12	0	0	0	0	0	0	232	254	0	-2.05E-05	3.61E-06	-1.05E-05	-6.32E-06
492	13	0	0	0	0	0	0	232	254	0	-2.08E-05	6.15E-06	-8.79E-06	-8.00E-06
492	14	0	0	0	0	0	0	232	254	0	-1.98E-05	5.84E-06	-7.42E-06	-1.47E-05
492	15	0	0	0	0	0	0	232	254	0	-1.98E-05	5.84E-06	-7.42E-06	-1.47E-05
492	16	0	0	0	0	0	0	232	254	0	-1.88E-05	6.25E-06	-7.34E-06	-1.87E-05
492	17	0	0	0	0	0	0	232	254	0	-1.88E-05	6.25E-06	-7.34E-06	-1.87E-05
492	18	0	0	0	0	0	0	232	254	0	-1.89E-05	5.13E-06	-7.74E-06	-1.65E-05
492	19	0	0	0	0	0	0	232	254	0	-1.89E-05	5.13E-06	-7.74E-06	-1.65E-05
493	0	0	0	0	0	0	0	232	254	0	-2.04E-05	3.82E-06	-8.48E-06	-1.30E-05
493	1	0	0	0	0	0	0	232	254	0	-2.04E-05	3.82E-06	-8.48E-06	-1.30E-05
493	2	0	0	0	0	0	0	232	254	0	-2.07E-05	2.82E-06	-9.55E-06	-9.61E-06
493	3	0	0	0	0	0	0	232	254	0	-2.04E-05	2.28E-06	-1.00E-05	-7.50E-06
493	4	0	0	0	0	0	0	232	254	0	-2.04E-05	2.28E-06	-1.00E-05	-7.50E-06
493	5	0	0	0	0	0	0	232	254	0	-2.10E-05	1.95E-06	-9.72E-06	-1.02E-05
493	6	0	0	0	0	0	0	232	254	0	-2.10E-05	1.95E-06	-9.72E-06	-1.02E-05
493	7	0	0	0	0	0	0	232	254	0	-2.17E-05	2.32E-06	-9.80E-06	-1.44E-05
493	8	0	0	0	0	0	0	232	254	0	-2.17E-05	2.32E-06	-9.80E-06	-1.44E-05
493	9	0	0	0	0	0	0	232	254	0	-2.08E-05	3.70E-06	-9.90E-06	-1.37E-05
493	10	0	0	0	0	0	0	232	254	0	-2.08E-05	3.70E-06	-9.90E-06	-1.37E-05
493	11	0	0	0	0	0	0	232	254	0	-2.03E-05	5.38E-06	-9.20E-06	-1.28E-05
493	12	0	0	0	0	0	0	232	254	0	-1.94E-05	5.40E-06	-8.42E-06	-1.50E-05
493	13	0	0	0	0	0	0	232	254	0	-1.94E-05	5.40E-06	-8.42E-06	-1.50E-05
493	14	0	0	0	0	0	0	232	254	0	-1.90E-05	4.26E-06	-8.22E-06	-1.71E-05
493	15	0	0	0	0	0	0	232	254	0	-1.90E-05	4.26E-06	-8.22E-06	-1.71E-05
493	16	0	0	0	0	0	0	232	254	0	-1.94E-05	2.45E-06	-8.11E-06	-1.80E-05
493	17	0	0	0	0	0	0	232	254	0	-1.94E-05	2.45E-06	-8.11E-06	-1.80E-05
493	18	0	0	0	0	0	0	232	254	0	-1.92E-05	1.37E-06	-8.53E-06	-1.74E-05
493	19	0	0	0	0	0	0	232	254	0	-1.92E-05	1.37E-06	-8.53E-06	-1.74E-05
494	0	0	0	0	0	0	0	232	254	0	-1.92E-05	4.67E-07	-8.49E-06	-1.64E-05
494	1	0	0	0	0	0	0	232	254	0	-1.95E-05	7.58E-07	-7.57E-06	-1.51E-05
494	2	0	0	0	0	0	0	232	254	0	-1.95E-05	7.58E-07	-7.57E-06	-1.51E-05
494	3	0	0	0	0	0	0	232	254	0	-2.11E-05	2.30E-06	-8.40E-06	-1.53E-05
494	4	0	0	0	0	0	0	232	254	0	-2.11E-05	2.30E-06	-8.40E-06	-1.53E-05
494	5	0	0	0	0	0	0	232	254	0	-2.14E-05	5.21E-06	-8.78E-06	-1.57E-05
494	6	0	0	0	0	0	0	232	254	0	-2.14E-05	5.21E-06	-8.78E-06	-1.57E-05
494	7	0	0	0	0	0	0	232	254	0	-1.97E-05	7.74E-06	-8.14E-06	-1.35E-05
494	8	0	0	0	0	0	0	232	254	0	-1.97E-05	7.74E-06	-8.14E-06	-1.35E-05
494	9	0	0	0	0	0	0	232	254	0	-1.96E-05	9.34E-06	-7.65E-06	-1.18E-05
494	10	0	0	0	0	0	0	232	254	0	-2.30E-05	8.44E-06	-8.26E-06	-6.58E-06
494	11	0	0	0	0	0	0	232	254	0	-2.30E-05	8.44E-06	-8.26E-06	-6.58E-06
494	12	0	0	0	0	0	0	232	254	0	-2.46E-05	6.95E-06	-8.32E-06	-4.03E-07
494	13	0	0	0	0	0	0	232	254	0	-2.46E-05	6.95E-06	-8.32E-06	-4.03E-07
494	14	0	0	0	0	0	0	232	254	0	-2.40E-05	5.60E-06	-7.05E-06	5.17E-07
494	15	0	0	0	0	0	0	232	254	0	-2.40E-05	5.60E-06	-7.05E-06	5.17E-07
494	16	0	0	0	0	0	0	232	254	0	-2.32E-05	4.26E-06	-6.90E-06	4.04E-07
494	17	0	0	0	0	0	0	232	254	0	-2.32E-05	4.26E-06	-6.90E-06	4.04E-07
494	18	0	0	0	0	0	0	232	254	0	-2.30E-05	2.92E-06	-6.58E-06	-3.27E-06
494	19	0	0	0	0	0	0	232	254	0	-2.28E-05	1.93E-06	-7.32E-06	-7.70E-06
495	0	0	0	0	0	0	0	232	254	0	-2.28E-05	1.93E-06	-7.32E-06	-7.70E-06
495	1	0	0	0	0	0	0	232	254	0	-2.25E-05	2.98E-06	-7.72E-06	-8.90E-06
495	2	0	0	0	0	0	0	232	254	0	-2.25E-05	2.98E-06	-7.72E-06	-8.90E-06
495	3	0	0	0	0	0	0	232	254	0	-2.21E-05	3.29E-06	-7.25E-06	-6.77E-06
495	4	0	0	0	0	0	0	232	254	0	-2.21E-05	3.29E-06	-7.25E-06	-6.77E-06
495	5	0	0	0	0	0	0	232	254	0	-2.22E-05	2.48E-06	-7.52E-06	-5.64E-06
495	6	0	0	0	0	0	0	232	254	0	-2.22E-05	2.48E-06	-7.52E-06	-5.64E-06
495	7	0	0	0	0	0	0	232	254	0	-2.16E-05	4.07E-06	-8.78E-06	-8.61E-06
495	8	0	0	0	0	0	0	232	254	0	-2.06E-05	5.10E-06	-8.76E-06	-1.47E-05
495	9	0	0	0	0	0	0	232	254	0	-2.06E-05	5.10E-06	-8.76E-06	-1.47E-05
495	10	0	0	0	0	0	0	232	254	0	-2.05E-05	4.14E-06	-8.80E-06	-1.45E-05
495	11	0	0	0	0	0	0	232	254	0	-2.05E-05	4.14E-06	-8.80E-06	-1.45E-05
495	12	0	0	0	0	0	0	232	254	0	-1.95E-05	4.99E-06	-9.49E-06	-1.27E-05
495	13	0	0	0	0	0	0	232	254	0	-1.95E-05	4.99E-06	-9.49E-06	-1.27E-05
495	14	0	0	0	0	0	0	232	254	0	-1.83E-05	6.25E-06	-1.03E-05	-1.69E-05
495	15	0	0	0	0	0	0	232	254	0	-1.83E-05	6.25E-06	-1.03E-05	-1.69E-05
495	16	0	0	0	0	0	0	232	254	0	-1.98E-05	5.60E-06	-9.87E-06	-1.70E-05
495	17	0	0	0	0	0	0	232	254	0	-2.09E-05	4.97E-06	-9.33E-06	-1.63E-05
495	18	0	0	0	0	0	0	232	254	0	-2.09E-05	4.97E-06	-9.33E-06	-1.63E-05
495	19	0	0	0	0	0	0	232	254	0	-2.04E-05	4.87E-06	-9.94E-06	-1.63E-05
496	0	0	0	0	0	0	0	232	254	0	-2.04E-05	4.87E-06	-9.94E-06	-1.63E-05
496	1	0	0	0	0	0	0	232	254	0	-2.03E-05	5.10E-06	-9.06E-06	-1.58E-05
496	2	0	0	0	0	0	0	232	254	0	-2.03E-05	5.10E-06	-9.06E-06	-1.58E-05
496	3	0	0	0	0	0	0	232	254	0	-2.08E-05	6.15E-06	-8.32E-06	-1.66E-05
496	4	0	0	0	0	0	0	232	254	0	-2.08E-05	6.15E-06	-8.32E-06	-1.66E-05
496	5	0	0	0	0	0	0	232	254	0	-2.10E-05	5.60E-06	-9.40E-06	-1.78E-05
496	6	0	0	0	0	0	0	232	254	0	-2.05E-05	4.97E-06	-1.04E-05	-1.42E-05
496	7	0	0	0	0	0	0	232	254	0	-2.05E-05	4.97E-06	-1.04E-05	-1.42E-05
496	8	0	0	0	0	0	0	232	254	0	-2.03E-05	4.51E-06	-1.10E-05	-1.02E-05
496	9	0	0	0	0	0	0	232	254	0	-2.03E-05	4.51E-06	-1.10E-05	-1.02E-05
496	10	0	0	0	0	0	0	232	254	0	-2.00E-05	4.01E-06	-1.01E-05	-9.47E-06
496	11	0	0	0	0	0	0	232	254	0	-2.00E-05	4.01E-06	-1.01E-05	-9.47E-06
496	12	0	0	0	0	0	0	232	254	0	-1.92E-05	4.57E-06	-1.05E-05	-1.20E-05
496	13	0	0	0	0	0	0	232	254	0	-1.92E-05	4.57E-06	-1.05E-05	-1.20E-05
496	14	0	0	0	0	0	0	232	254	0	-1.96E-05	5.93E-06	-1.11E-05	-1.31E-05
496	15	0	0	0	0	0	0	232	254	0	-2.03E-05	5.91E-06	-1.15E-05	-1.16E-05
496	16	0	0	0	0	0	0	232	254	0	-2.03E-05	5.91E-06	-1.15E-05	-1.16E-05
496	17	0	0	0	0	0	0	232	254	0	-1.99E-05	4.05E-06	-1.16E-05	-1.10E-05
496	18	0	0	0	0	0	0	232	254	0	-1.99E-05	4.05E-06	-1.16E-05	-1.10E-05
496	19	0	0	0	0	0	0	232	254	0	-1.87E-05	2.06E-06	-1.06E-05	-1.62E-05
497	0	0	0	0	0	0	0	232	254	0	-1.87E-05	2.06E-06	-1.06E-05	-1.62E-05
497	1	0	0	0	0	0	0	232	254	0	-2.02E-05	1.98E-06	-1.02E-05	-1.74E-05
497	2	0	0	0	0	0	0	232	254	0	-2.02E-05	1.98E-06	-1.02E-05	-1.74E-05
497	3	0	0	0	0	0	0	232	254	0	-2.16E-05	3.36E-06	-1.05E-05	-1.44E-05
497	4	0	0	0	0	0	0	232	254	0	-2.12E-05	5.04E-06	-9.98E-06	-1.07E-05
497	5	0	0	0	0	0	0	232	254	0	-2.12E-05	5.04E-06	-9.98E-06	-1.07E-05
497	6	0	0	0	0	0	0	232	254	0	-2.26E-05	5.89E-06	-8.67E-06	-7.44E-06
497	7	0	0	0	0	0	0	232	254	0	-2.26E-05	5.89E-06	-8.67E-06	-7.44E-06
497	8	0	0	0	0	0	0	232	254	0	-2.20E-05	5.10E-06	-8.46E-06	-5.96E-06
497	9	0	0	0	0	0	0	232	254	0	-2.20E-05	5.10E-06	-8.46E-06	-5.96E-06
497	10	0	0	0	0	0	0	232	254	0	-2.30E-05	4.46E-06	-9.50E-06	-7.59E-06
497	11	0	0	0	0	0	0	232	254	0	-2.30E-05	4.46E-06	-9.50E-06	-7.59E-06
497	12	0	0	0	0	0	0	232	254	0	-2.34E-05	4.95E-06	-8.84E-06	-1.39E-05
497	13	0	0	0	0	0	0	232	254	0	-2.22E-05	6.15E-06	-7.92E-06	-1.39E-05
497	14	0	0	0	0	0	0	232	254	0	-2.22E-05	6.15E-06	-7.92E-06	-1.39E-05
497	15	0	0	0	0	0	0	232	254	0	-2.21E-05	5.60E-06	-8.08E-06	-9.62E-06
497	16	0	0	0	0	0	0	232	254	0	-2.21E-05	5.60E-06	-8.08E-06	-9.62E-06
497	17	0	0	0	0	0	0	232	254	0	-2.22E-05	4.26E-06	-8.22E-06	-6.10E-06
497	18	0	0	0	0	0	0	232	254	0	-2.22E-05	4.26E-06	-8.22E-06	-6.10E-06
497	19	0	0	0	0	0	0	232	254	0	-2.12E-05	2.68E-06	-8.22E-06	-4.26E-06
498	0	0	0	0	0	0	0	232	254	0	-2.12E-05	2.68E-06	-8.22E-06	-4.26E-06
498	1	0	0	0	0	0	0	232	254	0	-2.18E-05	2.42E-06	-9.76E-06	-5.98E-06
498	2	0	0	0	0	0	0	232	254	0	-2.25E-05	3.23E-06	-1.05E-05	-7.47E-06
498	3	0	0	0	0	0	0	232	254	0	-2.25E-05	3.23E-06	-1.05E-05	-7.47E-06
498	4	0	0	0	0	0	0	232	254	0	-2.34E-05	4.47E-06	-9.51E-06	-8.19E-06
498	5	0	0	0	0	0	0	232	254	0	-2.34E-05	4.47E-06	-9.51E-06	-8.19E-06
498	6	0	0	0	0	0	0	232	254	0	-2.30E-05	4.63E-06	-9.77E-06	-1.06E-05
498	7	0	0	0	0	0	0	232	254	0	-2.30E-05	4.63E-06	-9.77E-06	-1.06E-05
498	8	0	0	0	0	0	0	232	254	0	-2.16E-05	4.06E-06	-1.09E-05	-1.04E-05
498	9	0	0	0	0	0	0	232	254	0	-2.16E-05	4.06E-06	-1.09E-05	-1.04E-05
498	10	0	0	0	0	0	0	232	254	0	-2.06E-05	2.80E-06	-1.04E-05	-9.90E-06
498	11	0	0	0	0	0	0	232	254	0	-2.08E-05	3.18E-06	-1.04E-05	-1.25E-05
498	12	0	0	0	0	0	0	232	254	0	-2.08E-05	3.18E-06	-1.04E-05	-1.25E-05
498	13	0	0	0	0	0	0	232	254	0	-2.12E-05	3.52E-06	-1.15E-05	-1.23E-05
498	14	0	0	0	0	0	0	232	254	0	-2.12E-05	3.52E-06	-1.15E-05	-1.23E-05
498	15	0	0	0	0	0	0	232	254	0	-2.12E-05	3.52E-06	-1.07E-05	-1.07E-05
498	16	0	0	0	0	0	0	232	254	0	-2.12E-05	3.52E-06	-1.07E-05	-1.07E-05
498	17	0	0	0	0	0	0	232	254	0	-2.00E-05	3.52E-06	-9.53E-06	-1.50E-05
498	18	0	0	0	0	0	0	232	254	0	-2.00E-05	3.52E-06	-9.53E-06	-1.50E-05
498	19	0	0	0	0	0	0	232	254	0	-1.92E-05	4.23E-06	-8.76E-06	-1.88E-05
499	0	0	0	0	0	0	0	232	254	0	-1.90E-05	4.06E-06	-8.80E-06	-1.83E-05
499	1	0	0	0	0	0	0	232	254	0	-1.90E-05	4.06E-06	-8.80E-06	-1.83E-05
499	2	0	0	0	0	0	0	232	254	0	-1.93E-05	3.62E-06	-8.42E-06	-1.65E-05
499	3	0	0	0	0	0	0	232	254	0	-1.93E-05	3.62E-06	-8.42E-06	-1.65E-05
499	4	0	0	0	0	0	0	232	254	0	-1.84E-05	3.64E-06	-7.99E-06	-1.55E-05
499	5	0	0	0	0	0	0	232	254	0	-1.84E-05	3.64E-06	-7.99E-06	-1.55E-05
499	6	0	0	0	0	0	0	232	254	0	-1.78E-05	4.99E-06	-8.36E-06	-1.43E-05
499	7	0	0	0	0	0	0	232	254	0	-1.78E-05	4.99E-06	-8.36E-06	-1.43E-05
499	8	0	0	0	0	0	0	232	254	0	-1.96E-05	4.36E-06	-8.80E-06	-1.49E-05
499	9	0	0	0	0	0	0	232	254	0	-2.07E-05	1.62E-06	-8.66E-06	-1.55E-05
499	10	0	0	0	0	0	0	232	254	0	-2.07E-05	1.62E-06	-8.66E-06	-1.55E-05
499	11	0	0	0	0	0	0	232	254	0	-2.16E-05	1.85E-06	-8.09E-06	-1.56E-05
499	12	0	0	0	0	0	0	232	254	0	-2.16E-05	1.85E-06	-8.09E-06	-1.56E-05
499	13	0	0	0	0	0	0	232	254	0	-2.15E-05	4.36E-06	-7.89E-06	-1.44E-05
499	14	0	0	0	0	0	0	232	254	0	-2.15E-05	4.36E-06	-7.89E-06	-1.44E-05
499	15	0	0	0	0	0	0	232	254	0	-2.23E-05	5.68E-06	-8.71E-06	-1.51E-05
499	16	0	0	0	0	0	0	232	254	0	-2.23E-05	5.68E-06	-8.71E-06	-1.51E-05
499	17	0	0	0	0	0	0	232	254	0	-2.38E-05	7.29E-06	-9.54E-06	-1.63E-05
499	18	0	0	0	0	0	0	232	254	0	-2.35E-05	7.30E-06	-8.56E-06	-1.64E-05
499	19	0	0	0	0	0	0	232	254	0	-2.35E-05	7.30E-06	-8.56E-06	-1.64E-05
500	0	0	0	0	0	0	0	232	254	0	-2.19E-05	6.46E-06	-7.58E-06	-1.75E-05
500	1	0	0	0	0	0	0	232	254	0	-2.19E-05	6.46E-06	-7.58E-06	-1.75E-05
500	2	0	0	0	0	0	0	232	254	0	-2.13E-05	6.92E-06	-7.03E-06	-2.15E-05
500	3	0	0	0	0	0	0	232	254	0	-2.13E-05	6.92E-06	-7.03E-06	-2.15E-05
500	4	0	0	0	0	0	0	232	254	0	-2.25E-05	6.63E-06	-8.53E-06	-2.28E-05
500	5	0	0	0	0	0	0	232	254	0	-2.25E-05	6.63E-06	-8.53E-06	-2.28E-05
500	6	0	0	0	0	0	0	232	254	0	-2.38E-05	4.49E-06	-9.47E-06	-2.21E-05
500	7	0	0	0	0	0	0	232	254	0	-2.37E-05	4.28E-06	-8.86E-06	-1.83E-05
500	8	0	0	0	0	0	0	232	254	0	-2.37E-05	4.28E-06	-8.86E-06	-1.83E-05
500	9	0	0	0	0	0	0	232	254	0	-2.17E-05	4.41E-06	-8.56E-06	-1.31E-05
500	10	0	0	0	0	0	0	232	254	0	-2.17E-05	4.41E-06	-8.56E-06	-1.31E-05
500	11	0	0	0	0	0	0	232	254	0	-2.03E-05	3.89E-06	-8.80E-06	-1.00E-05
500	12	0	0	0	0	0	0	232	254	0	-2.03E-05	3.89E-06	-8.80E-06	-1.00E-05
500	13	0	0	0	0	0	0	232	254	0	-1.95E-05	4.28E-06	-1.01E-05	-1.05E-05
500	14	0	0	0	0	0	0	232	254	0	-1.95E-05	4.28E-06	-1.01E-05	-1.05E-05
500	15	0	0	0	0	0	0	232	254	0	-1.91E-05	3.82E-06	-1.08E-05	-1.03E-05
500	16	0	0	0	0	0	0	232	254	0	-1.99E-05	2.34E-06	-9.14E-06	-8.06E-06
500	17	0	0	0	0	0	0	232	254	0	-1.99E-05	2.34E-06	-9.14E-06	-8.06E-06
500	18	0	0	0	0	0	0	232	254	0	-2.03E-05	2.32E-06	-8.51E-06	-3.68E-06
500	19	0	0	0	0	0	0	232	254	0	-2.03E-05	2.32E-06	-8.51E-06	-3.68E-06
501	0	0	0	0	0	0	0	232	254	0	-2.03E-05	2.87E-06	-8.56E-06	-2.18E-06
501	1	0	0	0	0	0	0	232	254	0	-2.03E-05	2.87E-06	-8.56E-06	-2.18E-06
501	2	0	0	0	0	0	0	232	254	0	-2.13E-05	3.61E-06	-8.56E-06	-5.49E-06
501	3	0	0	0	0	0	0	232	254	0	-2.13E-05	3.61E-06	-8.56E-06	-5.49E-06
501	4	0	0	0	0	0	0	232	254	0	-2.07E-05	2.09E-06	-7.85E-06	-9.24E-06
501	5	0	0	0	0	0	0	232	254	0	-2.20E-05	1.22E-06	-8.03E-06	-1.05E-05
501	6	0	0	0	0	0	0	232	254	0	-2.20E-05	1.22E-06	-8.03E-06	-1.05E-05
501	7	0	0	0	0	0	0	232	254	0	-2.38E-05	7.03E-07	-8.11E-06	-1.20E-05
501	8	0	0	0	0	0	0	232	254	0	-2.38E-05	7.03E-07	-8.11E-06	-1.20E-05
501	9	0	0	0	0	0	0	232	254	0	-2.35E-05	2.16E-06	-8.65E-06	-1.27E-05
501	10	0	0	0	0	0	0	232	254	0	-2.35E-05	2.16E-06	-8.65E-06	-1.27E-05
501	11	0	0	0	0	0	0	232	254	0	-2.21E-05	5.33E-06	-9.49E-06	-1.54E-05
501	12	0	0	0	0	0	0	232	254	0	-2.21E-05	5.33E-06	-9.49E-06	-1.54E-05
501	13	0	0	0	0	0	0	232	254	0	-2.14E-05	6.73E-06	-1.02E-05	-1.69E-05
501	14	0	0	0	0	0	0	232	254	0	-2.11E-05	7.12E-06	-1.11E-05	-1.65E-05
501	15	0	0	0	0	0	0	232	254	0	-2.11E-05	7.12E-06	-1.11E-05	-1.65E-05
501	16	0	0	0	0	0	0	232	254	0	-2.00E-05	7.34E-06	-1.06E-05	-1.20E-05
501	17	0	0	0	0	0	0	232	254	0	-2.00E-05	7.34E-06	-1.06E-05	-1.20E-05
501	18	0	0	0	0	0	0	232	254	0	-1.99E-05	6.56E-06	-9.06E-06	-1.12E-05
501	19	0	0	0	0	0	0	232	254	0	-1.99E-05	6.56E-06	-9.06E-06	-1.12E-05
502	0	0	0	0	0	0	0	232	254	0	-2.13E-05	6.45E-06	-8.09E-06	-1.18E-05
502	1	0	0	0	0	0	0	232	254	0	-2.13E-05	6.45E-06	-8.09E-06	-1.18E-05
502	2	0	0	0	0	0	0	232	254	0	-2.19E-05	6.66E-06	-7.65E-06	-1.00E-05
502	3	0	0	0	0	0	0	232	254	0	-2.10E-05	7.07E-06	-7.91E-06	-1.02E-05
502	4	0	0	0	0	0	0	232	254	0	-2.10E-05	7.07E-06	-7.91E-06	-1.02E-05
502	5	0	0	0	0	0	0	232	254	0	-2.16E-05	7.22E-06	-7.82E-06	-6.80E-06
502	6	0	0	0	0	0	0	232	254	0	-2.16E-05	7.22E-06	-7.82E-06	-6.80E-06
502	7	0	0	0	0	0	0	232	254	0	-2.19E-05	9.11E-06	-6.66E-06	-2.61E-06
502	8	0	0	0	0	0	0	232	254	0	-2.19E-05	9.11E-06	-6.66E-06	-2.61E-06
502	9	0	0	0	0	0	0	232	254	0	-2.23E-05	9.31E-06	-6.45E-06	3.78E-07
502	10	0	0	0	0	0	0	232	254	0	-2.23E-05	9.31E-06	-6.45E-06	3.78E-07
502	11	0	0	0	0	0	0	232	254	0	-2.25E-05	7.06E-06	-7.37E-06	-3.55E-06
502	12	0	0	0	0	0	0	232	254	0	-2.20E-05	5.50E-06	-7.13E-06	-1.07E-05
502	13	0	0	0	0	0	0	232	254	0	-2.20E-05	5.50E-06	-7.13E-06	-1.07E-05
502	14	0	0	0	0	0	0	232	254	0	-2.17E-05	2.84E-06	-7.83E-06	-1.29E-05
502	15	0	0	0	0	0	0	232	254	0	-2.17E-05	2.84E-06	-7.83E-06	-1.29E-05
502	16	0	0	0	0	0	0	232	254	0	-2.11E-05	2.20E-06	-9.41E-06	-1.17E-05
502	17	0	0	0	0	0	0	232	254	0	-2.11E-05	2.20E-06	-9.41E-06	-1.17E-05
502	18	0	0	0	0	0	0	232	254	0	-1.99E-05	3.06E-06	-8.72E-06	-1.08E-05
502	19	0	0	0	0	0	0	232	254	0	-1.99E-05	3.06E-06	-8.72E-06	-1.08E-05
503	0	0	0	0	0	0	0	232	254	0	-1.89E-05	3.95E-06	-7.28E-06	-1.48E-05
503	1	0	0	0	0	0	0	232	254	0	-1.93E-05	6.32E-06	-8.18E-06	-1.80E-05
503	2	0	0	0	0	0	0	232	254	0	-1.93E-05	6.32E-06	-8.18E-06	-1.80E-05
503	3	0	0	0	0	0	0	232	254	0	-1.89E-05	6.27E-06	-9.32E-06	-1.89E-05
503	4	0	0	0	0	0	0	232	254	0	-1.89E-05	6.27E-06	-9.32E-06	-1.89E-05
503	5	0	0	0	0	0	0	232	254	0	-1.84E-05	4.46E-06	-9.33E-06	-1.66E-05
503	6	0	0	0	0	0	0	232	254	0	-1.84E-05	4.46E-06	-9.33E-06	-1.66E-05
503	7	0	0	0	0	0	0	232	254	0	-1.97E-05	3.86E-06	-9.94E-06	-1.62E-05
503	8	0	0	0	0	0	0	232	254	0	-1.97E-05	3.86E-06	-9.94E-06	-1.62E-05
503	9	0	0	0	0	0	0	232	254	0	-1.98E-05	3.39E-06	-9.41E-06	-1.95E-05
503	10	0	0	0	0	0	0	232	254	0	-2.05E-05	3.43E-06	-1.06E-05	-2.14E-05
503	11	0	0	0	0	0	0	232	254	0	-2.05E-05	3.43E-06	-1.06E-05	-2.14E-05
503	12	0	0	0	0	0	0	232	254	0	-1.98E-05	4.82E-06	-1.12E-05	-1.89E-05
503	13	0	0	0	0	0	0	232	254	0	-1.98E-05	4.82E-06	-1.12E-05	-1.89E-05
503	14	0	0	0	0	0	0	232	254	0	-1.95E-05	5.25E-06	-9.83E-06	-1.30E-05
503	15	0	0	0	0	0	0	232	254	0	-1.95E-05	5.25E-06	-9.83E-06	-1.30E-05
503	16	0	0	0	0	0	0	232	254	0	-2.08E-05	4.50E-06	-9.47E-06	-5.48E-06
503	17	0	0	0	0	0	0	232	254	0	-2.08E-05	4.50E-06	-9.47E-06	-5.48E-06
503	18	0	0	0	0	0	0	232	254	0	-2.16E-05	3.72E-06	-1.03E-05	-8.28E-07
503	19	0	0	0	0	0	0	232	254	0	-2.22E-05	3.76E-06	-1.03E-05	-5.97E-06
504	0	0	0	0	0	0	0	232	254	0	-2.22E-05	3.76E-06	-1.03E-05	-5.97E-06
504	1	0	0	0	0	0	0	232	254	0	-2.21E-05	3.74E-06	-1.00E-05	-1.04E-05
504	2	0	0	0	0	0	0	232	254	0	-2.21E-05	3.74E-06	-1.00E-05	-1.04E-05
504	3	0	0	0	0	0	0	232	254	0	-2.20E-05	3.10E-06	-1.01E-05	-7.70E-06
504	4	0	0	0	0	0	0	232	254	0	-2.20E-05	3.10E-06	-1.01E-05	-7.70E-06
504	5	0	0	0	0	0	0	232	254	0	-2.18E-05	1.67E-06	-1.05E-05	-9.28E-06
504	6	0	0	0	0	0	0	232	254	0	-2.18E-05	1.67E-06	-1.05E-05	-9.28E-06
504	7	0	0	0	0	0	0	232	254	0	-2.07E-05	2.83E-06	-1.01E-05	-1.10E-05
504	8	0	0	0	0	0	0	232	254	0	-2.18E-05	4.35E-06	-9.79E-06	-1.05E-05
504	9	0	0	0	0	0	0	232	254	0	-2.18E-05	4.35E-06	-9.79E-06	-1.05E-05
504	10	0	0	0	0	0	0	232	254	0	-2.36E-05	4.35E-06	-9.62E-06	-9.29E-06
504	11	0	0	0	0	0	0	232	254	0	-2.36E-05	4.35E-06	-9.62E-06	-9.29E-06
504	12	0	0	0	0	0	0	232	254	0	-2.23E-05	3.02E-06	-9.69E-06	-9.60E-06
504	13	0	0	0	0	0	0	232	254	0	-2.23E-05	3.02E-06	-9.69E-06	-9.60E-06
504	14	0	0	0	0	0	0	232	254	0	-2.09E-05	2.75E-06	-9.97E-06	-9.31E-06
504	15	0	0	0	0	0	0	232	254	0	-2.09E-05	2.75E-06	-9.97E-06	-9.31E-06
504	16	0	0	0	0	0	0	232	254	0	-1.98E-05	3.33E-06	-9.72E-06	-8.00E-06
504	17	0	0	0	0	0	0	232	254	0	-1.77E-05	3.29E-06	-8.15E-06	-8.50E-06
504	18	0	0	0	0	0	0	232	254	0	-1.77E-05	3.29E-06	-8.15E-06	-8.50E-06
504	19	0	0	0	0	0	0	232	254	0	-1.74E-05	5.20E-06	-9.21E-06	-9.60E-06
505	0	0	0	0	0	0	0	232	254	0	-1.74E-05	5.20E-06	-9.21E-06	-9.60E-06
505	1	0	0	0	0	0	0	232	254	0	-1.95E-05	5.81E-06	-9.90E-06	-1.32E-05
505	2	0	0	0	0	0	0	232	254	0	-1.95E-05	5.81E-06	-9.90E-06	-1.32E-05
505	3	0	0	0	0	0	0	232	254	0	-2.09E-05	5.35E-06	-1.01E-05	-1.42E-05
505	4	0	0	0	0	0	0	232	254	0	-2.09E-05	5.35E-06	-1.01E-05	-1.42E-05
505	5	0	0	0	0	0	0	232	254	0	-2.10E-05	5.20E-06	-1.07E-05	-1.45E-05
505	6	0	0	0	0	0	0	232	254	0	-2.11E-05	3.79E-06	-1.14E-05	-1.73E-05
505	7	0	0	0	0	0	0	232	254	0	-2.11E-05	3.79E-06	-1.14E-05	-1.73E-05
505	8	0	0	0	0	0	0	232	254	0	-2.06E-05	3.90E-06	-1.04E-05	-1.74E-05
505	9	0	0	0	0	0	0	232	254	0	-2.06E-05	3.90E-06	-1.04E-05	-1.74E-05
505	10	0	0	0	0	0	0	232	254	0	-2.04E-05	4.67E-06	-1.06E-05	-1.51E-05
505	11	0	0	0	0	0	0	232	254	0	-2.04E-05	4.67E-06	-1.06E-05	-1.51E-05
505	12	0	0	0	0	0	0	232	254	0	-2.22E-05	3.81E-06	-1.07E-05	-1.53E-05
505	13	0	0	0	0	0	0	232	254	0	-2.22E-05	3.81E-06	-1.07E-05	-1.53E-05
505	14	0	0	0	0	0	0	232	254	0	-2.31E-05	2.77E-06	-1.01E-05	-1.85E-05
505	15	0	0	0	0	0	0	232	254	0	-2.40E-05	2.87E-06	-9.90E-06	-1.66E-05
505	16	0	0	0	0	0	0	232	254	0	-2.40E-05	2.87E-06	-9.90E-06	-1.66E-05
505	17	0	0	0	0	0	0	232	254	0	-2.33E-05	3.61E-06	-1.01E-05	-1.43E-05
505	18	0	0	0	0	0	0	232	254	0	-2.33E-05	3.61E-06	-1.01E-05	-1.43E-05
505	19	0	0	0	0	0	0	232	254	0	-2.18E-05	3.74E-06	-9.29E-06	-1.39E-05
506	0	0	0	0	0	0	0	232	254	0	-2.18E-05	3.74E-06	-9.29E-06	-1.39E-05
506	1	0	0	0	0	0	0	232	254	0	-2.11E-05	5.23E-06	-9.25E-06	-1.12E-05
506	2	0	0	0	0	0	0	232	254	0	-2.11E-05	5.23E-06	-9.25E-06	-1.12E-05
506	3	0	0	0	0	0	0	232	254	0	-2.10E-05	6.58E-06	-8.81E-06	-1.07E-05
506	4	0	0	0	0	0	0	232	254	0	-2.11E-05	4.52E-06	-7.97E-06	-1.35E-05
506	5	0	0	0	0	0	0	232	254	0	-2.11E-05	4.52E-06	-7.97E-06	-1.35E-05
506	6	0	0	0	0	0	0	232	254	0	-2.02E-05	4.12E-06	-7.84E-06	-1.48E-05
506	7	0	0	0	0	0	0	232	254	0	-2.02E-05	4.12E-06	-7.84E-06	-1.48E-05
506	8	0	0	0	0	0	0	232	254	0	-1.97E-05	4.48E-06	-6.71E-06	-1.26E-05
506	9	0	0	0	0	0	0	232	254	0	-1.97E-05	4.48E-06	-6.71E-06	-1.26E-05
506	10	0	0	0	0	0	0	232	254	0	-2.06E-05	2.64E-06	-7.04E-06	-1.04E-05
506	11	0	0	0	0	0	0	232	254	0	-2.06E-05	2.64E-06	-7.04E-06	-1.04E-05
506	12	0	0	0	0	0	0	232	254	0	-2.05E-05	9.02E-07	-8.21E-06	-1.11E-05
506	13	0	0	0	0	0	0	232	254	0	-2.01E-05	3.85E-07	-8.32E-06	-1.26E-05
506	14	0	0	0	0	0	0	232	254	0	-2.01E-05	3.85E-07	-8.32E-06	-1.26E-05
506	15	0	0	0	0	0	0	232	254	0	-2.02E-05	4.54E-07	-7.04E-06	-1.07E-05
506	16	0	0	0	0	0	0	232	254	0	-2.02E-05	4.54E-07	-7.04E-06	-1.07E-05
506	17	0	0	0	0	0	0	232	254	0	-1.98E-05	5.04E-07	-7.02E-06	-1.13E-05
506	18	0	0	0	0	0	0	232	254	0	-1.98E-05	5.04E-07	-7.02E-06	-1.13E-05
506	19	0	0	0	0	0	0	232	254	0	-2.03E-05	3.22E-06	-8.16E-06	-1.50E-05
507	0	0	0	0	0	0	0	232	254	0	-2.03E-05	3.22E-06	-8.16E-06	-1.50E-05
507	1	0	0	0	0	0	0	232	254	0	-2.04E-05	3.77E-06	-8.09E-06	-1.72E-05
507	2	0	0	0	0	0	0	232	254	0	-1.94E-05	3.29E-06	-7.53E-06	-1.66E-05
507	3	0	0	0	0	0	0	232	254	0	-1.94E-05	3.29E-06	-7.53E-06	-1.66E-05
507	4	0	0	0	0	0	0	232	254	0	-1.94E-05	7.20E-06	-6.68E-06	-1.48E-05
507	5	0	0	0	0	0	0	232	254	0	-1.94E-05	7.20E-06	-6.68E-06	-1.48E-05
507	6	0	0	0	0	0	0	232	254	0	-2.03E-05	9.60E-06	-7.20E-06	-1.05E-05
507	7	0	0	0	0	0	0	232	254	0	-2.03E-05	9.60E-06	-7.20E-06	-1.05E-05
507	8	0	0	0	0	0	0	232	254	0	-1.95E-05	8.72E-06	-7.08E-06	-6.53E-06
507	9	0	0	0	0	0	0	232	254	0	-1.95E-05	8.72E-06	-7.08E-06	-6.53E-06
507	10	0	0	0	0	0	0	232	254	0	-1.90E-05	6.34E-06	-7.35E-06	-6.72E-06
507	11	0	0	0	0	0	0	232	254	0	-2.03E-05	6.96E-06	-8.26E-06	-1.09E-05
507	12	0	0	0	0	0	0	232	254	0	-2.03E-05	6.96E-06	-8.26E-06	-1.09E-05
507	13	0	0	0	0	0	0	232	254	0	-2.09E-05	8.73E-06	-9.03E-06	-1.25E-05
507	14	0	0	0	0	0	0	232	254	0	-2.09E-05	8.73E-06	-9.03E-06	-1.25E-05
507	15	0	0	0	0	0	0	232	254	0	-2.03E-05	8.64E-06	-1.01E-05	-1.20E-05
507	16	0	0	0	0	0	0	232	254	0	-2.03E-05	8.64E-06	-1.01E-05	-1.20E-05
507	17	0	0	0	0	0	0	232	254	0	-1.83E-05	8.16E-06	-1.06E-05	-1.21E-05
507	18	0	0	0	0	0	0	232	254	0	-1.83E-05	8.16E-06	-1.06E-05	-1.21E-05
507	19	0	0	0	0	0	0	232	254	0	-2.05E-05	8.41E-06	-9.92E-06	-1.46E-05
508	0	0	0	0	0	0	0	232	254	0	-2.19E-05	7.62E-06	-8.86E-06	-1.47E-05
508	1	0	0	0	0	0	0	232	254	0	-2.19E-05	7.62E-06	-8.86E-06	-1.47E-05
508	2	0	0	0	0	0	0	232	254	0	-2.28E-05	8.87E-06	-8.80E-06	-9.66E-06
508	3	0	0	0	0	0	0	232	254	0	-2.28E-05	8.87E-06	-8.80E-06	-9.66E-06
508	4	0	0	0	0	0	0	232	254	0	-2.16E-05	8.74E-06	-8.42E-06	-9.02E-06
508	5	0	0	0	0	0	0	232	254	0	-2.16E-05	8.74E-06	-8.42E-06	-9.02E-06
508	6	0	0	0	0	0	0	232	254	0	-2.12E-05	5.44E-06	-9.76E-06	-1.07E-05
508	7	0	0	0	0	0	0	232	254	0	-2.12E-05	5.44E-06	-9.76E-06	-1.07E-05
508	8	0	0	0	0	0	0	232	254	0	-2.13E-05	4.31E-06	-1.05E-05	-1.29E-05
508	9	0	0	0	0	0	0	232	254	0	-2.23E-05	4.60E-06	-1.10E-05	-1.24E-05
508	10	0	0	0	0	0	0	232	254	0	-2.23E-05	4.60E-06	-1.10E-05	-1.24E-05
508	11	0	0	0	0	0	0	232	254	0	-2.17E-05	2.46E-06	-1.10E-05	-1.22E-05
508	12	0	0	0	0	0	0	232	254	0	-2.17E-05	2.46E-06	-1.10E-05	-1.22E-05
508	13	0	0	0	0	0	0	232	254	0	-2.08E-05	8.02E-07	-9.49E-06	-1.37E-05
508	14	0	0	0	0	0	0	232	254	0	-2.08E-05	8.02E-07	-9.49E-06	-1.37E-05
508	15	0	0	0	0	0	0	232	254	0	-2.10E-05	5.04E-07	-7.72E-06	-1.43E-05
508	16	0	0	0	0	0	0	232	254	0	-2.10E-05	5.04E-07	-7.72E-06	-1.43E-05
508	17	0	0	0	0	0	0	232	254	0	-2.10E-05	2.67E-07	-8.16E-06	-1.36E-05
508	18	0	0	0	0	0	0	232	254	0	-2.17E-05	7.58E-07	-8.80E-06	-1.18E-05
508	19	0	0	0	0	0	0	232	254	0	-2.17E-05	7.58E-07	-8.80E-06	-1.18E-05
509	0	0	0	0	0	0	0	232	254	0	-2.18E-05	1.13E-06	-8.42E-06	-9.59E-06
509	1	0	0	0	0	0	0	232	254	0	-2.18E-05	1.13E-06	-8.42E-06	-9.59E-06
509	2	0	0	0	0	0	0	232	254	0	-2.15E-05	1.17E-06	-8.22E-06	-8.19E-06
509	3	0	0	0	0	0	0	232	254	0	-2.15E-05	1.17E-06	-8.22E-06	-8.19E-06
509	4	0	0	0	0	0	0	232	254	0	-2.21E-05	-6.06E-09	-8.22E-06	-9.78E-06
509	5	0	0	0	0	0	0	232	254	0	-2.21E-05	-6.06E-09	-8.22E-06	-9.78E-06
509	6	0	0	0	0	0	0	232	254	0	-2.33E-05	-6.22E-07	-8.70E-06	-1.10E-05
509	7	0	0	0	0	0	0	232	254	0	-2.20E-05	-7.89E-07	-8.54E-06	-1.30E-05
509	8	0	0	0	0	0	0	232	254	0	-2.20E-05	-7.89E-07	-8.54E-06	-1.30E-05
509	9	0	0	0	0	0	0	232	254	0	-2.21E-05	8.14E-07	-8.75E-06	-1.33E-05
509	10	0	0	0	0	0	0	232	254	0	-2.21E-05	8.14E-07	-8.75E-06	-1.33E-05
509	11	0	0	0	0	0	0	232	254	0	-2.26E-05	4.70E-06	-9.84E-06	-1.49E-05
509	12	0	0	0	0	0	0	232	254	0	-2.26E-05	4.70E-06	-9.84E-06	-1.49E-05
509	13	0	0	0	0	0	0	232	254	0	-2.27E-05	6.75E-06	-8.70E-06	-1.47E-05
509	14	0	0	0	0	0	0	232	254	0	-2.27E-05	6.75E-06	-8.70E-06	-1.47E-05
509	15	0	0	0	0	0	0	232	254	0	-2.12E-05	5.40E-06	-9.12E-06	-1.38E-05
509	16	0	0	0	0	0	0	232	254	0	-1.97E-05	3.64E-06	-9.57E-06	-1.29E-05
509	17	0	0	0	0	0	0	232	254	0	-1.97E-05	3.64E-06	-9.57E-06	-1.29E-05
509	18	0	0	0	0	0	0	232	254	0	-2.01E-05	3.78E-06	-7.68E-06	-1.19E-05
509	19	0	0	0	0	0	0	232	254	0	-2.01E-05	3.78E-06	-7.68E-06	-1.19E-05
510	0	0	0	0	0	0	0	232	254	0	-2.08E-05	4.62E-06	-6.65E-06	-1.23E-05
510	1	0	0	0	0	0	0	232	254	0	-2.08E-05	4.62E-06	-6.65E-06	-1.23E-05
510	2	0	0	0	0	0	0	232	254	0	-2.05E-05	5.34E-06	-7.96E-06	-1.33E-05
510	3	0	0	0	0	0	0	232	254	0	-2.05E-05	5.34E-06	-7.96E-06	-1.33E-05
510	4	0	0	0	0	0	0	232	254	0	-2.04E-05	5.66E-06	-1.02E-05	-1.43E-05
510	5	0	0	0	0	0	0	232	254	0	-2.06E-05	6.53E-06	-1.04E-05	-1.27E-05
510	6	0	0	0	0	0	0	232	254	0	-2.06E-05	6.53E-06	-1.04E-05	-1.27E-05
510	7	0	0	0	0	0	0	232	254	0	-2.14E-05	7.59E-06	-9.77E-06	-8.85E-06
510	8	0	0	0	0	0	0	232	254	0	-2.14E-05	7.59E-06	-9.77E-06	-8.85E-06
510	9	0	0	0	0	0	0	232	254	0	-2.13E-05	7.65E-06	-8.39E-06	-1.09E-05
510	10	0	0	0	0	0	0	232	254	0	-2.13E-05	7.65E-06	-8.39E-06	-1.09E-05
510	11	0	0	0	0	0	0	232	254	0	-2.06E-05	8.38E-06	-8.83E-06	-1.32E-05
510	12	0	0	0	0	0	0	232	254	0	-2.06E-05	8.38E-06	-8.83E-06	-1.32E-05
510	13	0	0	0	0	0	0	232	254	0	-2.22E-05	8.73E-06	-1.01E-05	-1.28E-05
510	14	0	0	0	0	0	0	232	254	0	-2.31E-05	7.78E-06	-1.03E-05	-1.75E-05
510	15	0	0	0	0	0	0	232	254	0	-2.31E-05	7.78E-06	-1.03E-05	-1.75E-05
510	16	0	0	0	0	0	0	232	254	0	-2.28E-05	7.27E-06	-9.29E-06	-2.00E-05
510	17	0	0	0	0	0	0	232	254	0	-2.28E-05	7.27E-06	-9.29E-06	-2.00E-05
510	18	0	0	0	0	0	0	232	254	0	-2.27E-05	6.98E-06	-8.31E-06	-2.05E-05
510	19	0	0	0	0	0	0	232	254	0	-2.27E-05	6.98E-06	-8.31E-06	-2.05E-05
511	0	0	0	0	0	0	0	232	254	0	-2.24E-05	7.35E-06	-8.77E-06	-1.62E-05
511	1	0	0	0	0	0	0	232	254	0	-2.24E-05	7.35E-06	-8.77E-06	-1.62E-05
511	2	0	0	0	0	0	0	232	254	0	-2.21E-05	6.49E-06	-8.24E-06	-1.47E-05
511	3	0	0	0	0	0	0	232	254	0	-2.13E-05	4.51E-06	-7.42E-06	-1.40E-05
511	4	0	0	0	0	0	0	232	254	0	-2.13E-05	4.51E-06	-7.42E-06	-1.40E-05
511	5	0	0	0	0	0	0	232	254	0	-2.05E-05	3.86E-06	-7.93E-06	-1.10E-05
511	6	0	0	0	0	0	0	232	254	0	-2.05E-05	3.86E-06	-7.93E-06	-1.10E-05
511	7	0	0	0	0	0	0	232	254	0	-2.10E-05	3.15E-06	-8.46E-06	-1.06E-05
511	8	0	0	0	0	0	0	232	254	0	-2.10E-05	3.15E-06	-8.46E-06	-1.06E-05
511	9	0	0	0	0	0	0	232	254	0	-2.20E-05	3.21E-06	-8.56E-06	-9.26E-06
511	10	0	0	0	0	0	0	232	254	0	-2.20E-05	3.21E-06	-8.56E-06	-9.26E-06
511	11	0	0	0	0	0	0	232	254	0	-2.22E-05	3.24E-06	-8.80E-06	-1.12E-05
511	12	0	0	0	0	0	0	232	254	0	-2.24E-05	3.43E-06	-9.01E-06	-1.08E-05
511	13	0	0	0	0	0	0	232	254	0	-2.24E-05	3.43E-06	-9.01E-06	-1.08E-05
511	14	0	0	0	0	0	0	232	254	0	-2.14E-05	3.88E-06	-9.42E-06	-9.53E-06
511	15	0	0	0	0	0	0	232	254	0	-2.14E-05	3.88E-06	-9.42E-06	-9.53E-06
511	16	0	0	0	0	0	0	232	254	0	-2.00E-05	3.20E-06	-9.09E-06	-1.08E-05
511	17	0	0	0	0	0	0	232	254	0	-2.00E-05	3.20E-06	-9.09E-06	-1.08E-05
511	18	0	0	0	0	0	0	232	254	0	-2.01E-05	4.86E-06	-9.01E-06	-1.18E-05
511	19	0	0	0	0	0	0	232	254	0	-2.01E-05	4.86E-06	-9.01E-06	-1.18E-05
512	0	0	0	0	0	0	0	232	254	0	-2.11E-05	5.35E-06	-1.04E-05	-1.56E-05
512	1	0	0	0	0	0	0	232	254	0	-2.18E-05	3.55E-06	-1.01E-05	-1.65E-05
512	2	0	0	0	0	0	0	232	254	0	-2.18E-05	3.55E-06	-1.01E-05	-1.65E-05
512	3	0	0	0	0	0	0	232	254	0	-2.07E-05	2.74E-06	-7.73E-06	-1.53E-05
512	4	0	0	0	0	0	0	232	254	0	-2.07E-05	2.74E-06	-7.73E-06	-1.53E-05
512	5	0	0	0	0	0	0	232	254	0	-2.03E-05	1.86E-06	-7.83E-06	-1.38E-05
512	6	0	0	0	0	0	0	232	254	0	-2.03E-05	1.86E-06	-7.83E-06	-1.38E-05
512	7	0	0	0	0	0	0	232	254	0	-2.01E-05	1.75E-06	-9.17E-06	-1.52E-05
512	8	0	0	0	0	0	0	232	254	0	-2.01E-05	1.75E-06	-9.17E-06	-1.52E-05
512	9	0	0	0	0	0	0	232	254	0	-2.00E-05	1.85E-06	-9.57E-06	-1.46E-05
512	10	0	0	0	0	0	0	232	254	0	-2.07E-05	2.56E-06	-9.57E-06	-1.40E-05
512	11	0	0	0	0	0	0	232	254	0	-2.07E-05	2.56E-06	-9.57E-06	-1.40E-05
512	12	0	0	0	0	0	0	232	254	0	-1.83E-05	3.09E-06	-9.57E-06	-1.69E-05
512	13	0	0	0	0	0	0	232	254	0	-1.83E-05	3.09E-06	-9.57E-06	-1.69E-05
512	14	0	0	0	0	0	0	232	254	0	-1.77E-05	2.72E-06	-9.57E-06	-2.11E-05
512	15	0	0	0	0	0	0	232	254	0	-1.77E-05	2.72E-06	-9.57E-06	-2.11E-05
512	16	0	0	0	0	0	0	232	254	0	-2.06E-05	2.16E-06	-9.69E-06	-1.76E-05
512	17	0	0	0	0	0	0	232	254	0	-2.06E-05	2.16E-06	-9.69E-06	-1.76E-05
512	18	0	0	0	0	0	0	232	254	0	-2.07E-05	3.79E-06	-9.14E-06	-1.09E-05
512	19	0	0	0	0	0	0	232	254	0	-1.91E-05	5.00E-06	-9.01E-06	-6.77E-06
513	0	0	0	0	0	0	0	232	254	0	-1.91E-05	5.00E-06	-9.01E-06	-6.77E-06
513	1	0	0	0	0	0	0	232	254	0	-1.93E-05	5.20E-06	-1.04E-05	3.19E-08
513	2	0	0	0	0	0	0	232	254	0	-1.93E-05	5.20E-06	-1.04E-05	3.19E-08
513	3	0	0	0	0	0	0	232	254	0	-2.03E-05	5.68E-06	-1.04E-05	3.46E-06
513	4	0	0	0	0	0	0	232	254	0	-2.03E-05	5.68E-06	-1.04E-05	3.46E-06
513	5	0	0	0	0	0	0	232	254	0	-2.14E-05	4.58E-06	-1.05E-05	-1.34E-06
513	6	0	0	0	0	0	0	232	254	0	-2.14E-05	4.58E-06	-1.05E-05	-1.34E-06
513	7	0	0	0	0	0	0	232	254	0	-2.12E-05	3.44E-06	-1.13E-05	-6.95E-06
513	8	0	0	0	0	0	0	232	254	0	-2.17E-05	5.08E-06	-1.15E-05	-1.28E-05
513	9	0	0	0	0	0	0	232	254	0	-2.17E-05	5.08E-06	-1.15E-05	-1.28E-05
513	10	0	0	0	0	0	0	232	254	0	-2.13E-05	4.10E-06	-1.08E-05	-1.58E-05
513	11	0	0	0	0	0	0	232	254	0	-2.13E-05	4.10E-06	-1.08E-05	-1.58E-05
513	12	0	0	0	0	0	0	232	254	0	-2.26E-05	2.29E-06	-8.92E-06	-1.45E-05
513	13	0	0	0	0	0	0	232	254	0	-2.26E-05	2.29E-06	-8.92E-06	-1.45E-05
513	14	0	0	0	0	0	0	232	254	0	-2.38E-05	4.45E-06	-8.70E-06	-1.22E-05
513	15	0	0	0	0	0	0	232	254	0	-2.38E-05	4.45E-06	-8.70E-06	-1.22E-05
513	16	0	0	0	0	0	0	232	254	0	-2.19E-05	6.48E-06	-8.07E-06	-1.03E-05
513	17	0	0	0	0	0	0	232	254	0	-2.05E-05	6.05E-06	-7.37E-06	-7.85E-06
513	18	0	0	0	0	0	0	232	254	0	-2.05E-05	6.05E-06	-7.37E-06	-7.85E-06
513	19	0	0	0	0	0	0	232	254	0	-2.15E-05	6.77E-06	-7.57E-06	-7.88E-06
514	0	0	0	0	0	0	0	232	254	0	-2.15E-05	6.77E-06	-7.57E-06	-7.88E-06
514	1	0	0	0	0	0	0	232	254	0	-2.18E-05	6.51E-06	-7.37E-06	-1.29E-05
514	2	0	0	0	0	0	0	232	254	0	-2.18E-05	6.51E-06	-7.37E-06	-1.29E-05
514	3	0	0	0	0	0	0	232	254	0	-2.14E-05	5.27E-06	-8.87E-06	-1.49E-05
514	4	0	0	0	0	0	0	232	254	0	-2.14E-05	5.27E-06	-8.87E-06	-1.49E-05
514	5	0	0	0	0	0	0	232	254	0	-1.99E-05	5.34E-06	-9.80E-06	-1.41E-05
514	6	0	0	0	0	0	0	232	254	0	-2.00E-05	5.78E-06	-8.96E-06	-1.36E-05
514	7	0	0	0	0	0	0	232	254	0	-2.00E-05	5.78E-06	-8.96E-06	-1.36E-05
514	8	0	0	0	0	0	0	232	254	0	-2.00E-05	5.40E-06	-8.80E-06	-1.10E-05
514	9	0	0	0	0	0	0	232	254	0	-2.00E-05	5.40E-06	-8.80E-06	-1.10E-05
514	10	0	0	0	0	0	0	232	254	0	-1.92E-05	3.55E-06	-8.90E-06	-1.00E-05
514	11	0	0	0	0	0	0	232	254	0	-1.92E-05	3.55E-06	-8.90E-06	-1.00E-05
514	12	0	0	0	0	0	0	232	254	0	-1.99E-05	2.38E-06	-8.19E-06	-9.60E-06
514	13	0	0	0	0	0	0	232	254	0	-1.99E-05	2.38E-06	-8.19E-06	-9.60E-06
514	14	0	0	0	0	0	0	232	254	0	-1.97E-05	1.12E-06	-7.53E-06	-1.07E-05
514	15	0	0	0	0	0	0	232	254	0	-1.96E-05	1.03E-06	-8.68E-06	-1.24E-05
514	16	0	0	0	0	0	0	232	254	0	-1.96E-05	1.03E-06	-8.68E-06	-1.24E-05
514	17	0	0	0	0	0	0	232	254	0	-2.02E-05	1.53E-06	-9.59E-06	-1.10E-05
514	18	0	0	0	0	0	0	232	254	0	-2.02E-05	1.53E-06	-9.59E-06	-1.10E-05
514	19	0	0	0	0	0	0	232	254	0	-1.99E-05	1.56E-06	-9.62E-06	-1.21E-05
515	0	0	0	0	0	0	0	232	254	0	-1.99E-05	1.56E-06	-9.62E-06	-1.21E-05
515	1	0	0	0	0	0	0	232	254	0	-2.00E-05	1.98E-06	-9.57E-06	-1.62E-05
515	2	0	0	0	0	0	0	232	254	0	-2.00E-05	1.98E-06	-9.57E-06	-1.62E-05
515	3	0	0	0	0	0	0	232	254	0	-2.03E-05	3.01E-06	-8.74E-06	-1.55E-05
515	4	0	0	0	0	0	0	232	254	0	-1.96E-05	2.06E-06	-8.27E-06	-1.26E-05
515	5	0	0	0	0	0	0	232	254	0	-1.96E-05	2.06E-06	-8.27E-06	-1.26E-05
515	6	0	0	0	0	0	0	232	254	0	-1.95E-05	2.22E-06	-9.64E-06	-1.33E-05
515	7	0	0	0	0	0	0	232	254	0	-1.95E-05	2.22E-06	-9.64E-06	-1.33E-05
515	8	0	0	0	0	0	0	232	254	0	-1.93E-05	3.11E-06	-9.77E-06	-1.61E-05
515	9	0	0	0	0	0	0	232	254	0	-1.93E-05	3.11E-06	-9.77E-06	-1.61E-05
515	10	0	0	0	0	0	0	232	254	0	-1.87E-05	4.18E-06	-8.62E-06	-2.03E-05
515	11	0	0	0	0	0	0	232	254	0	-1.87E-05	4.18E-06	-8.62E-06	-2.03E-05
515	12	0	0	0	0	0	0	232	254	0	-1.98E-05	5.00E-06	-7.28E-06	-2.20E-05
515	13	0	0	0	0	0	0	232	254	0	-2.15E-05	6.86E-06	-7.83E-06	-2.22E-05
515	14	0	0	0	0	0	0	232	254	0	-2.15E-05	6.86E-06	-7.83E-06	-2.22E-05
515	15	0	0	0	0	0	0	232	254	0	-2.20E-05	8.26E-06	-8.22E-06	-1.54E-05
515	16	0	0	0	0	0	0	232	254	0	-2.20E-05	8.26E-06	-8.22E-06	-1.54E-05
515	17	0	0	0	0	0	0	232	254	0	-2.15E-05	7.85E-06	-8.46E-06	-1.12E-05
515	18	0	0	0	0	0	0	232	254	0	-2.15E-05	7.85E-06	-8.46E-06	-1.12E-05
515	19	0	0	0	0	0	0	232	254	0	-2.16E-05	5.43E-06	-7.97E-06	-1.19E-05
516	0	0	0	0	0	0	0	232	254	0	-2.16E-05	5.43E-06	-7.97E-06	-1.19E-05
516	1	0	0	0	0	0	0	232	254	0	-2.09E-05	4.06E-06	-8.31E-06	-1.35E-05
516	2	0	0	0	0	0	0	232	254	0	-2.21E-05	4.33E-06	-1.05E-05	-1.36E-05
516	3	0	0	0	0	0	0	232	254	0	-2.21E-05	4.33E-06	-1.05E-05	-1.36E-05
516	4	0	0	0	0	0	0	232	254	0	-2.22E-05	5.48E-06	-1.04E-05	-1.37E-05
516	5	0	0	0	0	0	0	232	254	0	-2.22E-05	5.48E-06	-1.04E-05	-1.37E-05
516	6	0	0	0	0	0	0	232	254	0	-2.18E-05	5.40E-06	-1.04E-05	-1.35E-05
516	7	0	0	0	0	0	0	232	254	0	-2.18E-05	5.40E-06	-1.04E-05	-1.35E-05
516	8	0	0	0	0	0	0	232	254	0	-2.26E-05	5.32E-06	-1.13E-05	-9.06E-06
516	9	0	0	0	0	0	0	232	254	0	-2.26E-05	5.32E-06	-1.13E-05	-9.06E-06
516	10	0	0	0	0	0	0	232	254	0	-2.32E-05	6.20E-06	-1.12E-05	-4.97E-06
516	11	0	0	0	0	0	0	232	254	0	-2.25E-05	6.55E-06	-1.05E-05	-8.28E-06
516	12	0	0	0	0	0	0	232	254	0	-2.25E-05	6.55E-06	-1.05E-05	-8.28E-06
516	13	0	0	0	0	0	0	232	254	0	-2.13E-05	6.07E-06	-1.05E-05	-1.16E-05
516	14	0	0	0	0	0	0	232	254	0	-2.13E-05	6.07E-06	-1.05E-05	-1.16E-05
516	15	0	0	0	0	0	0	232	254	0	-2.30E-05	5.40E-06	-1.02E-05	-9.89E-06
516	16	0	0	0	0	0	0	232	254	0	-2.30E-05	5.40E-06	-1.02E-05	-9.89E-06
516	17	0	0	0	0	0	0	232	254	0	-2.35E-05	6.38E-06	-8.77E-06	-9.37E-06
516	18	0	0	0	0	0	0	232	254	0	-2.35E-05	6.38E-06	-8.77E-06	-9.37E-06
516	19	0	0	0	0	0	0	232	254	0	-2.31E-05	6.29E-06	-8.11E-06	-1.20E-05
517	0	0	0	0	0	0	0	232	254	0	-2.25E-05	4.15E-06	-7.94E-06	-1.38E-05
517	1	0	0	0	0	0	0	232	254	0	-2.25E-05	4.15E-06	-7.94E-06	-1.38E-05
517	2	0	0	0	0	0	0	232	254	0	-2.13E-05	3.00E-06	-7.65E-06	-1.35E-05
517	3	0	0	0	0	0	0	232	254	0	-2.13E-05	3.00E-06	-7.65E-06	-1.35E-05
517	4	0	0	0	0	0	0	232	254	0	-2.10E-05	1.67E-06	-8.03E-06	-1.22E-05
517	5	0	0	0	0	0	0	232	254	0	-2.10E-05	1.67E-06	-8.03E-06	-1.22E-05
517	6	0	0	0	0	0	0	232	254	0	-2.16E-05	3.77E-06	-8.34E-06	-9.86E-06
517	7	0	0	0	0	0	0	232	254	0	-2.16E-05	3.77E-06	-8.34E-06	-9.86E-06
517	8	0	0	0	0	0	0	232	254	0	-1.98E-05	6.05E-06	-9.46E-06	-1.11E-05
517	9	0	0	0	0	0	0	232	254	0	-1.85E-05	6.90E-06	-9.19E-06	-1.69E-05
517	10	0	0	0	0	0	0	232	254	0	-1.85E-05	6.90E-06	-9.19E-06	-1.69E-05
517	11	0	0	0	0	0	0	232	254	0	-1.92E-05	6.58E-06	-9.61E-06	-1.65E-05
517	12	0	0	0	0	0	0	232	254	0	-1.92E-05	6.58E-06	-9.61E-06	-1.65E-05
517	13	0	0	0	0	0	0	232	254	0	-2.01E-05	6.85E-06	-9.67E-06	-1.28E-05
517	14	0	0	0	0	0	0	232	254	0	-2.01E-05	6.85E-06	-9.67E-06	-1.28E-05
517	15	0	0	0	0	0	0	232	254	0	-2.05E-05	9.06E-06	-8.62E-06	-1.07E-05
517	16	0	0	0	0	0	0	232	254	0	-2.05E-05	9.06E-06	-8.62E-06	-1.07E-05
517	17	0	0	0	0	0	0	232	254	0	-2.16E-05	9.19E-06	-8.70E-06	-9.77E-06
517	18	0	0	0	0	0	0	232	254	0	-2.18E-05	5.71E-06	-9.60E-06	-1.07E-05
517	19	0	0	0	0	0	0	232	254	0	-2.18E-05	5.71E-06	-9.60E-06	-1.07E-05
518	0	0	0	0	0	0	0	232	254	0	-2.12E-05	1.53E-06	-1.03E-05	-1.08E-05
518	1	0	0	0	0	0	0	232	254	0	-2.12E-05	1.53E-06	-1.03E-05	-1.08E-05
518	2	0	0	0	0	0	0	232	254	0	-2.12E-05	-6.10E-07	-1.10E-05	-9.63E-06
518	3	0	0	0	0	0	0	232	254	0	-2.12E-05	-6.10E-07	-1.10E-05	-9.63E-06
518	4	0	0	0	0	0	0	232	254	0	-2.20E-05	1.36E-06	-1.07E-05	-7.58E-06
518	5	0	0	0	0	0	0	232	254	0	-2.20E-05	1.36E-06	-1.07E-05	-7.58E-06
518	6	0	0	0	0	0	0	232	254	0	-2.19E-05	5.30E-06	-1.04E-05	-5.94E-06
518	7	0	0	0	0	0	0	232	254	0	-2.07E-05	7.61E-06	-1.03E-05	-7.43E-06
518	8	0	0	0	0	0	0	232	254	0	-2.07E-05	7.61E-06	-1.03E-05	-7.43E-06
518	9	0	0	0	0	0	0	232	254	0	-2.03E-05	8.17E-06	-9.77E-06	-1.04E-05
518	10	0	0	0	0	0	0	232	254	0	-2.03E-05	8.17E-06	-9.77E-06	-1.04E-05
518	11	0	0	0	0	0	0	232	254	0	-2.13E-05	7.75E-06	-9.33E-06	-1.20E-05
518	12	0	0	0	0	0	0	232	254	0	-2.13E-05	7.75E-06	-9.33E-06	-1.20E-05
518	13	0	0	0	0	0	0	232	254	0	-2.21E-05	4.95E-06	-8.52E-06	-1.56E-05
518	14	0	0	0	0	0	0	232	254	0	-2.21E-05	4.95E-06	-8.52E-06	-1.56E-05
518	15	0	0	0	0	0	0	232	254	0	-2.13E-05	2.44E-06	-8.70E-06	-1.48E-05
518	16	0	0	0	0	0	0	232	254	0	-2.00E-05	2.56E-06	-8.66E-06	-1.52E-05
518	17	0	0	0	0	0	0	232	254	0	-2.00E-05	2.56E-06	-8.66E-06	-1.52E-05
518	18	0	0	0	0	0	0	232	254	0	-2.06E-05	2.85E-06	-6.91E-06	-1.58E-05
518	19	0	0	0	0	0	0	232	254	0	-2.06E-05	2.85E-06	-6.91E-06	-1.58E-05
519	0	0	0	0	0	0	0	232	254	0	-2.12E-05	1.67E-06	-6.21E-06	-1.57E-05
519	1	0	0	0	0	0	0	232	254	0	-2.12E-05	1.67E-06	-6.21E-06	-1.57E-05
519	2	0	0	0	0	0	0	232	254	0	-2.08E-05	1.06E-06	-7.39E-06	-1.42E-05
519	3	0	0	0	0	0	0	232	254	0	-2.08E-05	1.06E-06	-7.39E-06	-1.42E-05
519	4	0	0	0	0	0	0	232	254	0	-1.95E-05	2.54E-06	-8.13E-06	-1.22E-05
519	5	0	0	0	0	0	0	232	254	0	-1.79E-05	3.07E-06	-7.87E-06	-1.23E-05
519	6	0	0	0	0	0	0	232	254	0	-1.79E-05	3.07E-06	-7.87E-06	-1.23E-05
519	7	0	0	0	0	0	0	232	254	0	-1.84E-05	3.97E-06	-8.31E-06	-1.15E-05
519	8	0	0	0	0	0	0	232	254	0	-1.84E-05	3.97E-06	-8.31E-06	-1.15E-05
519	9	0	0	0	0	0	0	232	254	0	-1.99E-05	3.54E-06	-9.03E-06	-1.07E-05
519	10	0	0	0	0	0	0	232	254	0	-1.99E-05	3.54E-06	-9.03E-06	-1.07E-05
519	11	0	0	0	0	0	0	232	254	0	-2.03E-05	3.43E-06	-1.04E-05	-8.57E-06
519	12	0	0	0	0	0	0	232	254	0	-2.03E-05	3.43E-06	-1.04E-05	-8.57E-06
519	13	0	0	0	0	0	0	232	254	0	-2.05E-05	3.29E-06	-1.02E-05	-8.78E-06
519	14	0	0	0	0	0	0	232	254	0	-2.02E-05	3.66E-06	-9.67E-06	-8.88E-06
519	15	0	0	0	0	0	0	232	254	0	-2.02E-05	3.66E-06	-9.67E-06	-8.88E-06
519	16	0	0	0	0	0	0	232	254	0	-2.04E-05	4.69E-06	-9.57E-06	-8.37E-06
519	17	0	0	0	0	0	0	232	254	0	-2.04E-05	4.69E-06	-9.57E-06	-8.37E-06
519	18	0	0	0	0	0	0	232	254	0	-2.04E-05	4.44E-06	-1.02E-05	-9.29E-06
519	19	0	0	0	0	0	0	232	254	0	-2.04E-05	4.44E-06	-1.02E-05	-9.29E-06
520	0	0	0	0	0	0	0	232	254	0	-2.17E-05	4.67E-06	-1.05E-05	-9.85E-06
520	1	0	0	0	0	0	0	232	254	0	-2.17E-05	4.67E-06	-1.05E-05	-9.85E-06
520	2	0	0	0	0	0	0	232	254	0	-2.35E-05	4.63E-06	-1.02E-05	-1.27E-05
520	3	0	0	0	0	0	0	232	254	0	-2.14E-05	1.93E-06	-9.24E-06	-1.37E-05
520	4	0	0	0	0	0	0	232	254	0	-2.14E-05	1.93E-06	-9.24E-06	-1.37E-05
520	5	0	0	0	0	0	0	232	254	0	-2.16E-05	2.49E-06	-9.13E-06	-1.11E-05
520	6	0	0	0	0	0	0	232	254	0	-2.16E-05	2.49E-06	-9.13E-06	-1.11E-05
520	7	0	0	0	0	0	0	232	254	0	-2.10E-05	4.61E-06	-9.00E-06	-1.02E-05
520	8	0	0	0	0	0	0	232	254	0	-2.10E-05	4.61E-06	-9.00E-06	-1.02E-05
520	9	0	0	0	0	0	0	232	254	0	-2.04E-05	3.78E-06	-9.01E-06	-9.77E-06
520	10	0	0	0	0	0	0	232	254	0	-2.04E-05	3.78E-06	-9.01E-06	-9.77E-06
520	11	0	0	0	0	0	0	232	254	0	-2.15E-05	3.90E-06	-9.89E-06	-1.05E-05
520	12	0	0	0	0	0	0	232	254	0	-2.20E-05	5.38E-06	-9.77E-06	-1.33E-05
520	13	0	0	0	0	0	0	232	254	0	-2.20E-05	5.38E-06	-9.77E-06	-1.33E-05
520	14	0	0	0	0	0	0	232	254	0	-2.12E-05	6.11E-06	-8.86E-06	-1.88E-05
520	15	0	0	0	0	0	0	232	254	0	-2.12E-05	6.11E-06	-8.86E-06	-1.88E-05
520	16	0	0	0	0	0	0	232	254	0	-2.05E-05	5.86E-06	-9.74E-06	-1.90E-05
520	17	0	0	0	0	0	0	232	254	0	-2.05E-05	5.86E-06	-9.74E-06	-1.90E-05
520	18	0	0	0	0	0	0	232	254	0	-2.14E-05	4.88E-06	-9.77E-06	-1.50E-05
520	19	0	0	0	0	0	0	232	254	0	-2.14E-05	4.88E-06	-9.77E-06	-1.50E-05
521	0	0	0	0	0	0	0	232	254	0	-2.03E-05	3.59E-06	-7.68E-06	-1.50E-05
521	1	0	0	0	0	0	0	232	254	0	-1.89E-05	2.95E-06	-6.88E-06	-1.42E-05
521	2	0	0	0	0	0	0	232	254	0	-1.89E-05	2.95E-06	-6.88E-06	-1.42E-05
521	3	0	0	0	0	0	0	232	254	0	-1.90E-05	2.38E-06	-7.47E-06	-1.34E-05
521	4	0	0	0	0	0	0	232	254	0	-1.90E-05	2.38E-06	-7.47E-06	-1.34E-05
521	5	0	0	0	0	0	0	232	254	0	-1.94E-05	2.18E-06	-7.13E-06	-1.70E-05
521	6	0	0	0	0	0	0	232	254	0	-1.94E-05	2.18E-06	-7.13E-06	-1.70E-05
521	7	0	0	0	0	0	0	232	254	0	-1.98E-05	2.65E-06	-4.87E-06	-1.98E-05
521	8	0	0	0	0	0	0	232	254	0	-1.98E-05	2.65E-06	-4.87E-06	-1.98E-05
521	9	0	0	0	0	0	0	232	254	0	-2.00E-05	4.63E-06	-5.57E-06	-1.79E-05
521	10	0	0	0	0	0	0	232	254	0	-2.00E-05	6.20E-06	-7.87E-06	-1.39E-05
521	11	0	0	0	0	0	0	232	254	0	-2.00E-05	6.20E-06	-7.87E-06	-1.39E-05
521	12	0	0	0	0	0	0	232	254	0	-2.00E-05	5.60E-06	-8.32E-06	-1.25E-05
521	13	0	0	0	0	0	0	232	254	0	-2.00E-05	5.60E-06	-8.32E-06	-1.25E-05
521	14	0	0	0	0	0	0	232	254	0	-2.12E-05	5.68E-06	-7.99E-06	-1.54E-05
521	15	0	0	0	0	0	0	232	254	0	-2.12E-05	5.68E-06	-7.99E-06	-1.54E-05
521	16	0	0	0	0	0	0	232	254	0	-2.26E-05	6.82E-06	-7.77E-06	-1.73E-05
521	17	0	0	0	0	0	0	232	254	0	-2.26E-05	6.82E-06	-7.77E-06	-1.73E-05
521	18	0	0	0	0	0	0	232	254	0	-2.25E-05	6.39E-06	-6.66E-06	-1.72E-05
521	19	0	0	0	0	0	0	232	254	0	-2.27E-05	4.39E-06	-6.68E-06	-1.51E-05
522	0	0	0	0	0	0	0	232	254	0	-2.27E-05	4.39E-06	-6.68E-06	-1.51E-05
522	1	0	0	0	0	0	0	232	254	0	-2.27E-05	4.52E-06	-7.59E-06	-1.20E-05
522	2	0	0	0	0	0	0	232	254	0	-2.27E-05	4.52E-06	-7.59E-06	-1.20E-05
522	3	0	0	0	0	0	0	232	254	0	-2.20E-05	5.58E-06	-7.89E-06	-7.30E-06
522	4	0	0	0	0	0	0	232	254	0	-2.20E-05	5.58E-06	-7.89E-06	-7.30E-06
522	5	0	0	0	0	0	0	232	254	0	-2.14E-05	5.76E-06	-8.60E-06	-3.22E-06
522	6	0	0	0	0	0	0	232	254	0	-2.14E-05	5.76E-06	-8.60E-06	-3.22E-06
522	7	0	0	0	0	0	0	232	254	0	-2.18E-05	5.12E-06	-8.90E-06	-4.78E-06
522	8	0	0	0	0	0	0	232	254	0	-2.34E-05	6.40E-06	-8.42E-06	-7.18E-06
522	9	0	0	0	0	0	0	232	254	0	-2.34E-05	6.40E-06	-8.42E-06	-7.18E-06
522	10	0	0	0	0	0	0	232	254	0	-2.33E-05	7.64E-06	-8.70E-06	-9.73E-06
522	11	0	0	0	0	0	0	232	254	0	-2.33E-05	7.64E-06	-8.70E-06	-9.73E-06
522	12	0	0	0	0	0	0	232	254	0	-2.26E-05	6.00E-06	-9.84E-06	-1.46E-05
522	13	0	0	0	0	0	0	232	254	0	-2.26E-05	6.00E-06	-9.84E-06	-1.46E-05
522	14	0	0	0	0	0	0	232	254	0	-2.21E-05	2.84E-06	-1.05E-05	-1.72E-05
522	15	0	0	0	0	0	0	232	254	0	-2.21E-05	2.84E-06	-1.05E-05	-1.72E-05
522	16	0	0	0	0	0	0	232	254	0	-2.19E-05	3.27E-06	-1.08E-05	-1.37E-05
522	17	0	0	0	0	0	0	232	254	0	-2.18E-05	3.39E-06	-1.06E-05	-1.22E-05
522	18	0	0	0	0	0	0	232	254	0	-2.18E-05	3.39E-06	-1.06E-05	-1.22E-05
522	19	0	0	0	0	0	0	232	254	0	-2.13E-05	1.77E-06	-1.03E-05	-1.18E-05
523	0	0	0	0	0	0	0	232	254	0	-2.13E-05	1.77E-06	-1.03E-05	-1.18E-05
523	1	0	0	0	0	0	0	232	254	0	-2.10E-05	5.84E-07	-1.05E-05	-1.47E-05
523	2	0	0	0	0	0	0	232	254	0	-2.10E-05	5.84E-07	-1.05E-05	-1.47E-05
523	3	0	0	0	0	0	0	232	254	0	-2.09E-05	6.90E-07	-9.04E-06	-1.62E-05
523	4	0	0	0	0	0	0	232	254	0	-2.09E-05	6.90E-07	-9.04E-06	-1.62E-05
523	5	0	0	0	0	0	0	232	254	0	-2.01E-05	1.55E-06	-9.22E-06	-1.51E-05
523	6	0	0	0	0	0	0	232	254	0	-2.13E-05	2.20E-06	-9.69E-06	-1.29E-05
523	7	0	0	0	0	0	0	232	254	0	-2.13E-05	2.20E-06	-9.69E-06	-1.29E-05
523	8	0	0	0	0	0	0	232	254	0	-2.29E-05	4.12E-06	-9.50E-06	-1.11E-05
523	9	0	0	0	0	0	0	232	254	0	-2.29E-05	4.12E-06	-9.50E-06	-1.11E-05
523	10	0	0	0	0	0	0	232	254	0	-2.17E-05	5.10E-06	-9.99E-06	-1.08E-05
523	11	0	0	0	0	0	0	232	254	0	-2.17E-05	5.10E-06	-9.99E-06	-1.08E-05
523	12	0	0	0	0	0	0	232	254	0	-2.15E-05	5.44E-06	-1.00E-05	-9.37E-06
523	13	0	0	0	0	0	0	232	254	0	-2.15E-05	5.44E-06	-1.00E-05	-9.37E-06
523	14	0	0	0	0	0	0	232	254	0	-2.13E-05	6.25E-06	-9.67E-06	-8.37E-06
523	15	0	0	0	0	0	0	232	254	0	-1.96E-05	4.42E-06	-1.00E-05	-1.04E-05
523	16	0	0	0	0	0	0	232	254	0	-1.96E-05	4.42E-06	-1.00E-05	-1.04E-05
523	17	0	0	0	0	0	0	232	254	0	-2.04E-05	3.29E-06	-9.41E-06	-1.49E-05
523	18	0	0	0	0	0	0	232	254	0	-2.04E-05	3.29E-06	-9.41E-06	-1.49E-05
523	19	0	0	0	0	0	0	232	254	0	-2.05E-05	2.60E-06	-9.42E-06	-1.82E-05
524	0	0	0	0	0	0	0	232	254	0	-2.05E-05	2.60E-06	-9.42E-06	-1.82E-05
524	1	0	0	0	0	0	0	232	254	0	-2.03E-05	3.41E-06	-1.00E-05	-1.85E-05
524	2	0	0	0	0	0	0	232	254	0	-2.03E-05	3.41E-06	-1.00E-05	-1.85E-05
524	3	0	0	0	0	0	0	232	254	0	-2.09E-05	2.91E-06	-1.05E-05	-1.66E-05
524	4	0	0	0	0	0	0	232	254	0	-2.27E-05	1.57E-06	-1.08E-05	-1.45E-05
524	5	0	0	0	0	0	0	232	254	0	-2.27E-05	1.57E-06	-1.08E-05	-1.45E-05
524	6	0	0	0	0	0	0	232	254	0	-2.29E-05	3.78E-06	-9.73E-06	-1.13E-05
524	7	0	0	0	0	0	0	232	254	0	-2.29E-05	3.78E-06	-9.73E-06	-1.13E-05
524	8	0	0	0	0	0	0	232	254	0	-2.18E-05	5.81E-06	-9.47E-06	-9.29E-06
524	9	0	0	0	0	0	0	232	254	0	-2.18E-05	5.81E-06	-9.47E-06	-9.29E-06
524	10	0	0	0	0	0	0	232	254	0	-2.16E-05	5.38E-06	-9.57E-06	-1.01E-05
524	11	0	0	0	0	0	0	232	254	0	-2.16E-05	5.38E-06	-9.57E-06	-1.01E-05
524	12	0	0	0	0	0	0	232	254	0	-2.32E-05	5.63E-06	-9.33E-06	-1.14E-05
524	13	0	0	0	0	0	0	232	254	0	-2.29E-05	5.64E-06	-8.17E-06	-9.27E-06
524	14	0	0	0	0	0	0	232	254	0	-2.29E-05	5.64E-06	-8.17E-06	-9.27E-06
524	15	0	0	0	0	0	0	232	254	0	-2.24E-05	4.59E-06	-8.31E-06	-1.11E-05
524	16	0	0	0	0	0	0	232	254	0	-2.24E-05	4.59E-06	-8.31E-06	-1.11E-05
524	17	0	0	0	0	0	0	232	254	0	-2.19E-05	3.96E-06	-8.56E-06	-1.54E-05
524	18	0	0	0	0	0	0	232	254	0	-2.19E-05	3.96E-06	-8.56E-06	-1.54E-05
524	19	0	0	0	0	0	0	232	254	0	-2.14E-05	3.27E-06	-1.02E-05	-1.68E-05
525	0	0	0	0	0	0	0	232	254	0	-2.14E-05	3.27E-06	-1.02E-05	-1.68E-05
525	1	0	0	0	0	0	0	232	254	0	-2.17E-05	2.67E-06	-1.09E-05	-1.57E-05
525	2	0	0	0	0	0	0	232	254	0	-2.12E-05	4.88E-06	-1.01E-05	-1.54E-05
525	3	0	0	0	0	0	0	232	254	0	-2.12E-05	4.88E-06	-1.01E-05	-1.54E-05
525	4	0	0	0	0	0	0	232	254	0	-2.18E-05	5.40E-06	-1.06E-05	-1.53E-05
525	5	0	0	0	0	0	0	232	254	0	-2.18E-05	5.40E-06	-1.06E-05	-1.53E-05
525	6	0	0	0	0	0	0	232	254	0	-2.10E-05	5.20E-06	-1.16E-05	-1.85E-05
525	7	0	0	0	0	0	0	232	254	0	-2.10E-05	5.20E-06	-1.16E-05	-1.85E-05
525	8	0	0	0	0	0	0	232	254	0	-2.04E-05	5.44E-06	-1.09E-05	-2.11E-05
525	9	0	0	0	0	0	0	232	254	0	-2.04E-05	5.44E-06	-1.09E-05	-2.11E-05
525	10	0	0	0	0	0	0	232	254	0	-1.96E-05	4.83E-06	-1.04E-05	-1.89E-05
525	11	0	0	0	0	0	0	232	254	0	-1.86E-05	4.89E-06	-9.46E-06	-1.18E-05
525	12	0	0	0	0	0	0	232	254	0	-1.86E-05	4.89E-06	-9.46E-06	-1.18E-05
525	13	0	0	0	0	0	0	232	254	0	-1.73E-05	6.10E-06	-8.47E-06	-6.16E-06
525	14	0	0	0	0	0	0	232	254	0	-1.73E-05	6.10E-06	-8.47E-06	-6.16E-06
525	15	0	0	0	0	0	0	232	254	0	-1.70E-05	6.55E-06	-9.05E-06	-6.05E-06
525	16	0	0	0	0	0	0	232	254	0	-1.70E-05	6.55E-06	-9.05E-06	-6.05E-06
525	17	0	0	0	0	0	0	232	254	0	-1.79E-05	7.37E-06	-9.87E-06	-9.15E-06
525	18	0	0	0	0	0	0	232	254	0	-1.79E-05	7.37E-06	-9.87E-06	-9.15E-06
525	19	0	0	0	0	0	0	232	254	0	-1.88E-05	7.72E-06	-9.72E-06	-8.82E-06
526	0	0	0	0	0	0	0	232	254	0	-1.90E-05	6.66E-06	-1.00E-05	-9.64E-06
526	1	0	0	0	0	0	0	232	254	0	-1.90E-05	6.66E-06	-1.00E-05	-9.64E-06
526	2	0	0	0	0	0	0	232	254	0	-1.97E-05	6.68E-06	-9.29E-06	-9.77E-06
526	3	0	0	0	0	0	0	232	254	0	-1.97E-05	6.68E-06	-9.29E-06	-9.77E-06
526	4	0	0	0	0	0	0	232	254	0	-1.97E-05	6.88E-06	-9.61E-06	-6.73E-06
526	5	0	0	0	0	0	0	232	254	0	-1.97E-05	6.88E-06	-9.61E-06	-6.73E-06
526	6	0	0	0	0	0	0	232	254	0	-1.92E-05	6.53E-06	-1.01E-05	-6.72E-06
526	7	0	0	0	0	0	0	232	254	0	-1.92E-05	6.53E-06	-1.01E-05	-6.72E-06
526	8	0	0	0	0	0	0	232	254	0	-1.91E-05	5.55E-06	-9.77E-06	-1.09E-05
526	9	0	0	0	0	0	0	232	254	0	-1.95E-05	4.49E-06	-9.09E-06	-1.34E-05
526	10	0	0	0	0	0	0	232	254	0	-1.95E-05	4.49E-06	-9.09E-06	-1.34E-05
526	11	0	0	0	0	0	0	232	254	0	-2.13E-05	5.26E-06	-8.42E-06	-1.34E-05
526	12	0	0	0	0	0	0	232	254	0	-2.13E-05	5.26E-06	-8.42E-06	-1.34E-05
526	13	0	0	0	0	0	0	232	254	0	-2.20E-05	4.41E-06	-7.40E-06	-1.46E-05
526	14	0	0	0	0	0	0	232	254	0	-2.20E-05	4.41E-06	-7.40E-06	-1.46E-05
526	15	0	0	0	0	0	0	232	254	0	-2.18E-05	1.97E-06	-6.58E-06	-1.53E-05
526	16	0	0	0	0	0	0	232	254	0	-2.18E-05	1.97E-06	-6.58E-06	-1.53E-05
526	17	0	0	0	0	0	0	232	254	0	-2.12E-05	2.29E-07	-7.32E-06	-1.49E-05
526	18	0	0	0	0	0	0	232	254	0	-2.20E-05	1.49E-06	-8.55E-06	-1.03E-05
526	19	0	0	0	0	0	0	232	254	0	-2.20E-05	1.49E-06	-8.55E-06	-1.03E-05
527	0	0	0	0	0	0	0	232	254	0	-2.33E-05	2.66E-06	-7.24E-06	-9.03E-06
527	1	0	0	0	0	0	0	232	254	0	-2.33E-05	2.66E-06	-7.24E-06	-9.03E-06
527	2	0	0	0	0	0	0	232	254	0	-2.21E-05	3.33E-06	-8.20E-06	-1.18E-05
527	3	0	0	0	0	0	0	232	254	0	-2.21E-05	3.33E-06	-8.20E-06	-1.18E-05
527	4	0	0	0	0	0	0	232	254	0	-2.16E-05	5.65E-06	-9.61E-06	-1.16E-05
527	5	0	0	0	0	0	0	232	254	0	-2.16E-05	5.65E-06	-9.61E-06	-1.16E-05
527	6	0	0	0	0	0	0	232	254	0	-2.26E-05	7.26E-06	-9.19E-06	-1.17E-05
527	7	0	0	0	0	0	0	232	254	0	-1.99E-05	6.84E-06	-7.71E-06	-1.31E-05
527	8	0	0	0	0	0	0	232	254	0	-1.99E-05	6.84E-06	-7.71E-06	-1.31E-05
527	9	0	0	0	0	0	0	232	254	0	-1.98E-05	6.90E-06	-6.98E-06	-1.17E-05
527	10	0	0	0	0	0	0	232	254	0	-1.98E-05	6.90E-06	-6.98E-06	-1.17E-05
527	11	0	0	0	0	0	0	232	254	0	-2.03E-05	5.99E-06	-7.95E-06	-1.07E-05
527	12	0	0	0	0	0	0	232	254	0	-2.03E-05	5.99E-06	-7.95E-06	-1.07E-05
527	13	0	0	0	0	0	0	232	254	0	-1.96E-05	5.78E-06	-8.63E-06	-1.32E-05
527	14	0	0	0	0	0	0	232	254	0	-1.96E-05	5.78E-06	-8.63E-06	-1.32E-05
527	15	0	0	0	0	0	0	232	254	0	-2.07E-05	6.35E-06	-8.37E-06	-1.28E-05
527	16	0	0	0	0	0	0	232	254	0	-2.26E-05	3.47E-06	-8.93E-06	-1.01E-05
527	17	0	0	0	0	0	0	232	254	0	-2.26E-05	3.47E-06	-8.93E-06	-1.01E-05
527	18	0	0	0	0	0	0	232	254	0	-2.19E-05	2.42E-06	-8.17E-06	-9.35E-06
527	19	0	0	0	0	0	0	232	254	0	-2.19E-05	2.42E-06	-8.17E-06	-9.35E-06
528	0	0	0	0	0	0	0	232	254	0	-1.99E-05	4.41E-06	-7.84E-06	-1.15E-05
528	1	0	0	0	0	0	0	232	254	0	-1.99E-05	4.41E-06	-7.84E-06	-1.15E-05
528	2	0	0	0	0	0	0	232	254	0	-2.10E-05	5.20E-06	-8.13E-06	-1.42E-05
528	3	0	0	0	0	0	0	232	254	0	-2.10E-05	5.20E-06	-8.13E-06	-1.42E-05
528	4	0	0	0	0	0	0	232	254	0	-2.12E-05	4.73E-06	-7.75E-06	-1.73E-05
528	5	0	0	0	0	0	0	232	254	0	-1.89E-05	4.65E-06	-7.55E-06	-1.64E-05
528	6	0	0	0	0	0	0	232	254	0	-1.89E-05	4.65E-06	-7.55E-06	-1.64E-05
528	7	0	0	0	0	0	0	232	254	0	-1.80E-05	3.16E-06	-7.55E-06	-1.21E-05
528	8	0	0	0	0	0	0	232	254	0	-1.80E-05	3.16E-06	-7.55E-06	-1.21E-05
528	9	0	0	0	0	0	0	232	254	0	-1.89E-05	8.62E-07	-7.79E-06	-1.42E-05
528	10	0	0	0	0	0	0	232	254	0	-1.89E-05	8.62E-07	-7.79E-06	-1.42E-05
528	11	0	0	0	0	0	0	232	254	0	-1.98E-05	-7.78E-07	-7.77E-06	-1.63E-05
528	12	0	0	0	0	0	0	232	254	0	-1.98E-05	-7.78E-07	-7.77E-06	-1.63E-05
528	13	0	0	0	0	0	0	232	254	0	-2.04E-05	-1.65E-06	-9.02E-06	-1.51E-05
528	14	0	0	0	0	0	0	232	254	0	-2.04E-05	-2.67E-06	-9.33E-06	-1.32E-05
528	15	0	0	0	0	0	0	232	254	0	-2.04E-05	-2.67E-06	-9.33E-06	-1.32E-05
528	16	0	0	0	0	0	0	232	254	0	-2.01E-05	-1.96E-06	-8.17E-06	-1.27E-05
528	17	0	0	0	0	0	0	232	254	0	-2.01E-05	-1.96E-06	-8.17E-06	-1.27E-05
528	18	0	0	0	0	0	0	232	254	0	-2.07E-05	2.63E-07	-8.08E-06	-1.33E-05
528	19	0	0	0	0	0	0	232	254	0	-2.07E-05	2.63E-07	-8.08E-06	-1.33E-05
529	0	0	0	0	0	0	0	232	254	0	-2.17E-05	1.36E-06	-7.75E-06	-1.67E-05
529	1	0	0	0	0	0	0	232	254	0	-2.17E-05	1.36E-06	-7.75E-06	-1.67E-05
529	2	0	0	0	0	0	0	232	254	0	-2.14E-05	2.93E-06	-7.20E-06	-1.75E-05
529	3	0	0	0	0	0	0	232	254	0	-2.29E-05	4.47E-06	-8.94E-06	-1.33E-05
529	4	0	0	0	0	0	0	232	254	0	-2.29E-05	4.47E-06	-8.94E-06	-1.33E-05
529	5	0	0	0	0	0	0	232	254	0	-2.46E-05	3.68E-06	-9.97E-06	-1.16E-05
529	6	0	0	0	0	0	0	232	254	0	-2.46E-05	3.68E-06	-9.97E-06	-1.16E-05
529	7	0	0	0	0	0	0	232	254	0	-2.37E-05	6.38E-06	-9.48E-06	-8.27E-06
529	8	0	0	0	0	0	0	232	254	0	-2.37E-05	6.38E-06	-9.48E-06	-8.27E-06
529	9	0	0	0	0	0	0	232	254	0	-2.26E-05	1.06E-05	-8.05E-06	-4.75E-06
529	10	0	0	0	0	0	0	232	254	0	-2.26E-05	1.06E-05	-8.05E-06	-4.75E-06
529	11	0	0	0	0	0	0	232	254	0	-2.33E-05	1.21E-05	-7.08E-06	-5.99E-06
529	12	0	0	0	0	0	0	232	254	0	-2.32E-05	1.11E-05	-7.35E-06	-7.95E-06
529	13	0	0	0	0	0	0	232	254	0	-2.32E-05	1.11E-05	-7.35E-06	-7.95E-06
529	14	0	0	0	0	0	0	232	254	0	-2.20E-05	8.80E-06	-7.55E-06	-7.33E-06
529	15	0	0	0	0	0	0	232	254	0	-2.20E-05	8.80E-06	-7.55E-06	-7.33E-06
529	16	0	0	0	0	0	0	232	254	0	-2.17E-05	5.93E-06	-8.74E-06	-1.02E-05
529	17	0	0	0	0	0	0	232	254	0	-2.17E-05	5.93E-06	-8.74E-06	-1.02E-05
529	18	0	0	0	0	0	0	232	254	0	-2.07E-05	4.44E-06	-9.59E-06	-1.21E-05
529	19	0	0	0	0	0	0	232	254	0	-2.07E-05	4.44E-06	-9.59E-06	-1.21E-05
530	0	0	0	0	0	0	0	232	254	0	-1.98E-05	5.14E-06	-9.14E-06	-1.34E-05
530	1	0	0	0	0	0	0	232	254	0	-2.11E-05	2.94E-06	-9.96E-06	-1.54E-05
530	2	0	0	0	0	0	0	232	254	0	-2.11E-05	2.94E-06	-9.96E-06	-1.54E-05
530	3	0	0	0	0	0	0	232	254	0	-2.21E-05	1.85E-06	-9.58E-06	-1.45E-05
530	4	0	0	0	0	0	0	232	254	0	-2.21E-05	1.85E-06	-9.58E-06	-1.45E-05
530	5	0	0	0	0	0	0	232	254	0	-2.26E-05	4.68E-06	-8.52E-06	-1.37E-05
530	6	0	0	0	0	0	0	232	254	0	-2.26E-05	4.68E-06	-8.52E-06	-1.37E-05
530	7	0	0	0	0	0	0	232	254	0	-2.23E-05	4.93E-06	-8.82E-06	-1.31E-05
530	8	0	0	0	0	0	0	232	254	0	-2.23E-05	4.93E-06	-8.82E-06	-1.31E-05
530	9	0	0	0	0	0	0	232	254	0	-2.11E-05	5.71E-06	-8.00E-06	-1.03E-05
530	10	0	0	0	0	0	0	232	254	0	-1.99E-05	5.86E-06	-8.03E-06	-1.01E-05
530	11	0	0	0	0	0	0	232	254	0	-1.99E-05	5.86E-06	-8.03E-06	-1.01E-05
530	12	0	0	0	0	0	0	232	254	0	-2.03E-05	3.93E-06	-7.99E-06	-1.08E-05
530	13	0	0	0	0	0	0	232	254	0	-2.03E-05	3.93E-06	-7.99E-06	-1.08E-05
530	14	0	0	0	0	0	0	232	254	0	-2.14E-05	4.14E-06	-8.36E-06	-8.31E-06
530	15	0	0	0	0	0	0	232	254	0	-2.14E-05	4.14E-06	-8.36E-06	-8.31E-06
530	16	0	0	0	0	0	0	232	254	0	-2.13E-05	5.24E-06	-1.02E-05	-6.51E-06
530	17	0	0	0	0	0	0	232	254	0	-2.13E-05	5.24E-06	-1.02E-05	-6.51E-06
530	18	0	0	0	0	0	0	232	254	0	-2.03E-05	4.83E-06	-1.26E-05	-1.28E-05
530	19	0	0	0	0	0	0	232	254	0	-2.02E-05	3.11E-06	-1.35E-05	-1.67E-05
531	0	0	0	0	0	0	0	232	254	0	-2.02E-05	3.11E-06	-1.35E-05	-1.67E-05
531	1	0	0	0	0	0	0	232	254	0	-1.94E-05	2.87E-06	-1.26E-05	-1.23E-05
531	2	0	0	0	0	0	0	232	254	0	-1.94E-05	2.87E-06	-1.26E-05	-1.23E-05
531	3	0	0	0	0	0	0	232	254	0	-1.99E-05	3.49E-06	-1.20E-05	-7.16E-06
531	4	0	0	0	0	0	0	232	254	0	-1.99E-05	3.49E-06	-1.20E-05	-7.16E-06
531	5	0	0	0	0	0	0	232	254	0	-2.01E-05	4.05E-06	-1.05E-05	-3.63E-06
531	6	0	0	0	0	0	0	232	254	0	-2.01E-05	4.05E-06	-1.05E-05	-3.63E-06
531	7	0	0	0	0	0	0	232	254	0	-2.14E-05	5.62E-06	-9.19E-06	-5.41E-06
531	8	0	0	0	0	0	0	232	254	0	-2.13E-05	6.92E-06	-8.90E-06	-1.08E-05
531	9	0	0	0	0	0	0	232	254	0	-2.13E-05	6.92E-06	-8.90E-06	-1.08E-05
531	10	0	0	0	0	0	0	232	254	0	-2.12E-05	5.80E-06	-9.49E-06	-1.42E-05
531	11	0	0	0	0	0	0	232	254	0	-2.12E-05	5.80E-06	-9.49E-06	-1.42E-05
531	12	0	0	0	0	0	0	232	254	0	-2.25E-05	5.20E-06	-9.38E-06	-1.42E-05
531	13	0	0	0	0	0	0	232	254	0	-2.25E-05	5.20E-06	-9.38E-06	-1.42E-05
531	14	0	0	0	0	0	0	232	254	0	-2.25E-05	6.62E-06	-1.01E-05	-1.35E-05
531	15	0	0	0	0	0	0	232	254	0	-2.25E-05	6.62E-06	-1.01E-05	-1.35E-05
531	16	0	0	0	0	0	0	232	254	0	-2.19E-05	6.27E-06	-1.10E-05	-1.16E-05
531	17	0	0	0	0	0	0	232	254	0	-2.21E-05	4.34E-06	-1.03E-05	-9.73E-06
531	18	0	0	0	0	0	0	232	254	0	-2.21E-05	4.34E-06	-1.03E-05	-9.73E-06
531	19	0	0	0	0	0	0	232	254	0	-2.29E-05	4.28E-06	-1.01E-05	-1.44E-05
532	0	0	0	0	0	0	0	232	254	0	-2.29E-05	4.28E-06	-1.01E-05	-1.44E-05
532	1	0	0	0	0	0	0	232	254	0	-2.19E-05	5.12E-06	-9.65E-06	-1.97E-05
532	2	0	0	0	0	0	0	232	254	0	-2.19E-05	5.12E-06	-9.65E-06	-1.97E-05
532	3	0	0	0	0	0	0	232	254	0	-2.07E-05	4.07E-06	-9.64E-06	-2.49E-05
532	4	0	0	0	0	0	0	232	254	0	-2.07E-05	4.07E-06	-9.64E-06	-2.49E-05
532	5	0	0	0	0	0	0	232	254	0	-2.05E-05	2.82E-06	-1.13E-05	-2.59E-05
532	6	0	0	0	0	0	0	232	254	0	-2.08E-05	3.23E-06	-1.14E-05	-2.18E-05
532	7	0	0	0	0	0	0	232	254	0	-2.08E-05	3.23E-06	-1.14E-05	-2.18E-05
532	8	0	0	0	0	0	0	232	254	0	-2.03E-05	3.76E-06	-9.47E-06	-1.60E-05
532	9	0	0	0	0	0	0	232	254	0	-2.03E-05	3.76E-06	-9.47E-06	-1.60E-05
532	10	0	0	0	0	0	0	232	254	0	-2.02E-05	3.27E-06	-8.02E-06	-1.26E-05
532	11	0	0	0	0	0	0	232	254	0	-2.02E-05	3.27E-06	-8.02E-06	-1.26E-05
532	12	0	0	0	0	0	0	232	254	0	-2.03E-05	3.14E-06	-7.37E-06	-1.19E-05
532	13	0	0	0	0	0	0	232	254	0	-2.03E-05	3.14E-06	-7.37E-06	-1.19E-05
532	14	0	0	0	0	0	0	232	254	0	-1.90E-05	3.19E-06	-6.86E-06	-1.40E-05
532	15	0	0	0	0	0	0	232	254	0	-2.00E-05	1.77E-06	-7.31E-06	-1.52E-05
532	16	0	0	0	0	0	0	232	254	0	-2.00E-05	1.77E-06	-7.31E-06	-1.52E-05
532	17	0	0	0	0	0	0	232	254	0	-2.14E-05	1.06E-06	-7.43E-06	-1.33E-05
532	18	0	0	0	0	0	0	232	254	0	-2.14E-05	1.06E-06	-7.43E-06	-1.33E-05
532	19	0	0	0	0	0	0	232	254	0	-1.99E-05	8.89E-07	-7.15E-06	-1.16E-05
533	0	0	0	0	0	0	0	232	254	0	-1.99E-05	8.89E-07	-7.15E-06	-1.16E-05
533	1	0	0	0	0	0	0	232	254	0	-1.97E-05	3.09E-06	-7.17E-06	-1.17E-05
533	2	0	0	0	0	0	0	232	254	0	-1.97E-05	3.09E-06	-7.17E-06	-1.17E-05
533	3	0	0	0	0	0	0	232	254	0	-1.99E-05	3.67E-06	-7.69E-06	-1.31E-05
533	4	0	0	0	0	0	0	232	254	0	-1.92E-05	3.29E-06	-8.84E-06	-1.36E-05
533	5	0	0	0	0	0	0	232	254	0	-1.92E-05	3.29E-06	-8.84E-06	-1.36E-05
533	6	0	0	0	0	0	0	232	254	0	-1.97E-05	2.60E-06	-9.47E-06	-1.42E-05
533	7	0	0	0	0	0	0	232	254	0	-1.97E-05	2.60E-06	-9.47E-06	-1.42E-05
533	8	0	0	0	0	0	0	232	254	0	-2.12E-05	1.76E-06	-9.33E-06	-1.25E-05
533	9	0	0	0	0	0	0	232	254	0	-2.12E-05	1.76E-06	-9.33E-06	-1.25E-05
533	10	0	0	0	0	0	0	232	254	0	-2.17E-05	2.46E-06	-9.71E-06	-1.28E-05
533	11	0	0	0	0	0	0	232	254	0	-2.17E-05	2.46E-06	-9.71E-06	-1.28E-05
533	12	0	0	0	0	0	0	232	254	0	-2.11E-05	3.68E-06	-1.06E-05	-1.09E-05
533	13	0	0	0	0	0	0	232	254	0	-2.12E-05	4.38E-06	-1.11E-05	-1.01E-05
533	14	0	0	0	0	0	0	232	254	0	-2.12E-05	4.38E-06	-1.11E-05	-1.01E-05
533	15	0	0	0	0	0	0	232	254	0	-2.06E-05	5.01E-06	-1.15E-05	-1.05E-05
533	16	0	0	0	0	0	0	232	254	0	-2.06E-05	5.01E-06	-1.15E-05	-1.05E-05
533	17	0	0	0	0	0	0	232	254	0	-1.96E-05	4.14E-06	-9.81E-06	-1.09E-05
533	18	0	0	0	0	0	0	232	254	0	-1.96E-05	4.14E-06	-9.81E-06	-1.09E-05
533	19	0	0	0	0	0	0	232	254	0	-1.91E-05	3.10E-06	-9.06E-06	-1.24E-05
534	0	0	0	0	0	0	0	232	254	0	-1.91E-05	3.10E-06	-9.06E-06	-1.24E-05
534	1	0	0	0	0	0	0	232	254	0	-2.06E-05	4.27E-06	-9.06E-06	-1.55E-05
534	2	0	0	0	0	0	0	232	254	0	-2.26E-05	7.23E-06	-8.95E-06	-1.43E-05
534	3	0	0	0	0	0	0	232	254	0	-2.26E-05	7.23E-06	-8.95E-06	-1.43E-05
534	4	0	0	0	0	0	0	232	254	0	-2.16E-05	7.04E-06	-8.66E-06	-1.35E-05
534	5	0	0	0	0	0	0	232	254	0	-2.16E-05	7.04E-06	-8.66E-06	-1.35E-05
534	6	0	0	0	0	0	0	232	254	0	-2.11E-05	4.18E-06	-7.50E-06	-1.26E-05
534	7	0	0	0	0	0	0	232	254	0	-2.11E-05	4.18E-06	-7.50E-06	-1.26E-05
534	8	0	0	0	0	0	0	232	254	0	-2.17E-05	5.56E-06	-7.40E-06	-1.02E-05
534	9	0	0	0	0	0	0	232	254	0	-2.17E-05	5.56E-06	-7.40E-06	-1.02E-05
534	10	0	0	0	0	0	0	232	254	0	-2.08E-05	6.55E-06	-7.08E-06	-9.99E-06
534	11	0	0	0	0	0	0	232	254	0	-2.11E-05	6.31E-06	-7.00E-06	-8.58E-06
534	12	0	0	0	0	0	0	232	254	0	-2.11E-05	6.31E-06	-7.00E-06	-8.58E-06
534	13	0	0	0	0	0	0	232	254	0	-2.15E-05	5.50E-06	-7.64E-06	-6.23E-06
534	14	0	0	0	0	0	0	232	254	0	-2.15E-05	5.50E-06	-7.64E-06	-6.23E-06
534	15	0	0	0	0	0	0	232	254	0	-2.07E-05	4.73E-06	-8.24E-06	-5.78E-06
534	16	0	0	0	0	0	0	232	254	0	-2.07E-05	4.73E-06	-8.24E-06	-5.78E-06
534	17	0	0	0	0	0	0	232	254	0	-2.10E-05	6.43E-06	-8.04E-06	-4.22E-06
534	18	0	0	0	0	0	0	232	254	0	-2.10E-05	6.43E-06	-8.04E-06	-4.22E-06
534	19	0	0	0	0	0	0	232	254	0	-2.29E-05	6.51E-06	-7.53E-06	-3.76E-06
535	0	0	0	0	0	0	0	232	254	0	-2.22E-05	4.44E-06	-8.69E-06	-8.59E-06
535	1	0	0	0	0	0	0	232	254	0	-2.22E-05	4.44E-06	-8.69E-06	-8.59E-06
535	2	0	0	0	0	0	0	232	254	0	-2.09E-05	4.05E-06	-6.98E-06	-1.22E-05
535	3	0	0	0	0	0	0	232	254	0	-2.09E-05	4.05E-06	-6.98E-06	-1.22E-05
535	4	0	0	0	0	0	0	232	254	0	-2.14E-05	3.84E-06	-4.86E-06	-1.15E-05
535	5	0	0	0	0	0	0	232	254	0	-2.14E-05	3.84E-06	-4.86E-06	-1.15E-05
535	6	0	0	0	0	0	0	232	254	0	-2.28E-05	4.52E-06	-5.90E-06	-1.30E-05
535	7	0	0	0	0	0	0	232	254	0	-2.28E-05	4.52E-06	-5.90E-06	-1.30E-05
535	8	0	0	0	0	0	0	232	254	0	-2.31E-05	6.29E-06	-6.90E-06	-1.27E-05
535	9	0	0	0	0	0	0	232	254	0	-2.17E-05	5.58E-06	-6.93E-06	-1.25E-05
535	10	0	0	0	0	0	0	232	254	0	-2.17E-05	5.58E-06	-6.93E-06	-1.25E-05
535	11	0	0	0	0	0	0	232	254	0	-2.13E-05	5.15E-06	-7.36E-06	-1.50E-05
535	12	0	0	0	0	0	0	232	254	0	-2.13E-05	5.15E-06	-7.36E-06	-1.50E-05
535	13	0	0	0	0	0	0	232	254	0	-2.18E-05	5.32E-06	-7.32E-06	-1.52E-05
535	14	0	0	0	0	0	0	232	254	0	-2.18E-05	5.32E-06	-7.32E-06	-1.52E-05
535	15	0	0	0	0	0	0	232	254	0	-2.22E-05	7.86E-06	-9.35E-06	-1.21E-05
535	16	0	0	0	0	0	0	232	254	0	-2.22E-05	7.86E-06	-9.35E-06	-1.21E-05
535	17	0	0	0	0	0	0	232	254	0	-2.21E-05	9.96E-06	-1.02E-05	-1.34E-05
535	18	0	0	0	0	0	0	232	254	0	-2.08E-05	1.01E-05	-8.46E-06	-1.62E-05
535	19	0	0	0	0	0	0	232	254	0	-2.08E-05	1.01E-05	-8.46E-06	-1.62E-05
536	0	0	0	0	0	0	0	232	254	0	-1.98E-05	7.42E-06	-7.37E-06	-1.57E-05
536	1	0	0	0	0	0	0	232	254	0	-1.98E-05	7.42E-06	-7.37E-06	-1.57E-05
536	2	0	0	0	0	0	0	232	254	0	-2.06E-05	5.19E-06	-7.57E-06	-1.57E-05
536	3	0	0	0	0	0	0	232	254	0	-2.06E-05	5.19E-06	-7.57E-06	-1.57E-05
536	4	0	0	0	0	0	0	232	254	0	-2.05E-05	4.34E-06	-8.55E-06	-1.81E-05
536	5	0	0	0	0	0	0	232	254	0	-2.05E-05	4.34E-06	-8.55E-06	-1.81E-05
536	6	0	0	0	0	0	0	232	254	0	-2.03E-05	4.08E-06	-9.37E-06	-1.91E-05
536	7	0	0	0	0	0	0	232	254	0	-2.08E-05	4.86E-06	-9.57E-06	-1.66E-05
536	8	0	0	0	0	0	0	232	254	0	-2.08E-05	4.86E-06	-9.57E-06	-1.66E-05
536	9	0	0	0	0	0	0	232	254	0	-2.10E-05	3.31E-06	-9.45E-06	-1.37E-05
536	10	0	0	0	0	0	0	232	254	0	-2.10E-05	3.31E-06	-9.45E-06	-1.37E-05
536	11	0	0	0	0	0	0	232	254	0	-2.11E-05	2.52E-06	-9.16E-06	-1.58E-05
536	12	0	0	0	0	0	0	232	254	0	-2.11E-05	2.52E-06	-9.16E-06	-1.58E-05
536	13	0	0	0	0	0	0	232	254	0	-2.03E-05	1.57E-06	-9.42E-06	-1.72E-05
536	14	0	0	0	0	0	0	232	254	0	-2.03E-05	1.57E-06	-9.42E-06	-1.72E-05
536	15	0	0	0	0	0	0	232	254	0	-1.99E-05	1.88E-06	-9.57E-06	-1.28E-05
536	16	0	0	0	0	0	0	232	254	0	-2.06E-05	4.08E-06	-1.05E-05	-1.09E-05
536	17	0	0	0	0	0	0	232	254	0	-2.06E-05	4.08E-06	-1.05E-05	-1.09E-05
536	18	0	0	0	0	0	0	232	254	0	-2.12E-05	4.39E-06	-1.19E-05	-1.07E-05
536	19	0	0	0	0	0	0	232	254	0	-2.12E-05	4.39E-06	-1.19E-05	-1.07E-05
537	0	0	0	0	0	0	0	232	254	0	-2.13E-05	3.60E-06	-1.18E-05	-1.06E-05
537	1	0	0	0	0	0	0	232	254	0	-2.13E-05	3.60E-06	-1.18E-05	-1.06E-05
537	2	0	0	0	0	0	0	232	254	0	-2.13E-05	4.42E-06	-1.22E-05	-1.32E-05
537	3	0	0	0	0	0	0	232	254	0	-2.13E-05	4.42E-06	-1.22E-05	-1.32E-05
537	4	0	0	0	0	0	0	232	254	0	-2.16E-05	4.16E-06	-1.25E-05	-1.75E-05
537	5	0	0	0	0	0	0	232	254	0	-2.08E-05	3.27E-06	-1.19E-05	-1.82E-05
537	6	0	0	0	0	0	0	232	254	0	-2.08E-05	3.27E-06	-1.19E-05	-1.82E-05
537	7	0	0	0	0	0	0	232	254	0	-2.08E-05	3.14E-06	-1.06E-05	-1.72E-05
537	8	0	0	0	0	0	0	232	254	0	-2.08E-05	3.14E-06	-1.06E-05	-1.72E-05
537	9	0	0	0	0	0	0	232	254	0	-2.00E-05	3.43E-06	-9.06E-06	-1.58E-05
537	10	0	0	0	0	0	0	232	254	0	-2.00E-05	3.43E-06	-9.06E-06	-1.58E-05
537	11	0	0	0	0	0	0	232	254	0	-1.93E-05	4.23E-06	-8.32E-06	-1.42E-05
537	12	0	0	0	0	0	0	232	254	0	-1.93E-05	4.23E-06	-8.32E-06	-1.42E-05
537	13	0	0	0	0	0	0	232	254	0	-2.04E-05	4.30E-06	-8.70E-06	-1.25E-05
537	14	0	0	0	0	0	0	232	254	0	-2.19E-05	3.96E-06	-9.96E-06	-1.19E-05
537	15	0	0	0	0	0	0	232	254	0	-2.19E-05	3.96E-06	-9.96E-06	-1.19E-05
537	16	0	0	0	0	0	0	232	254	0	-2.30E-05	4.81E-06	-1.02E-05	-1.40E-05
537	17	0	0	0	0	0	0	232	254	0	-2.30E-05	4.81E-06	-1.02E-05	-1.40E-05
537	18	0	0	0	0	0	0	232	254	0	-2.24E-05	5.91E-06	-1.09E-05	-1.26E-05
537	19	0	0	0	0	0	0	232	254	0	-2.24E-05	5.91E-06	-1.09E-05	-1.26E-05
538	0	0	0	0	0	0	0	232	254	0	-2.18E-05	6.21E-06	-1.01E-05	-8.03E-06
538	1	0	0	0	0	0	0	232	254	0	-2.18E-05	6.21E-06	-1.01E-05	-8.03E-06
538	2	0	0	0	0	0	0	232	254	0	-2.13E-05	5.26E-06	-9.92E-06	-3.59E-06
538	3	0	0	0	0	0	0	232	254	0	-2.11E-05	4.63E-06	-9.72E-06	2.54E-07
538	4	0	0	0	0	0	0	232	254	0	-2.11E-05	4.63E-06	-9.72E-06	2.54E-07
538	5	0	0	0	0	0	0	232	254	0	-2.03E-05	4.77E-06	-8.38E-06	-2.21E-06
538	6	0	0	0	0	0	0	232	254	0	-2.03E-05	4.77E-06	-8.38E-06	-2.21E-06
538	7	0	0	0	0	0	0	232	254	0	-1.90E-05	5.58E-06	-9.31E-06	-7.83E-06
538	8	0	0	0	0	0	0	232	254	0	-1.90E-05	5.58E-06	-9.31E-06	-7.83E-06
538	9	0	0	0	0	0	0	232	254	0	-1.89E-05	6.70E-06	-1.08E-05	-1.34E-05
538	10	0	0	0	0	0	0	232	254	0	-1.89E-05	6.70E-06	-1.08E-05	-1.34E-05
538	11	0	0	0	0	0	0	232	254	0	-1.86E-05	6.81E-06	-9.83E-06	-1.68E-05
538	12	0	0	0	0	0	0	232	254	0	-1.76E-05	5.65E-06	-7.57E-06	-1.53E-05
538	13	0	0	0	0	0	0	232	254	0	-1.76E-05	5.65E-06	-7.57E-06	-1.53E-05
538	14	0	0	0	0	0	0	232	254	0	-1.73E-05	3.78E-06	-7.59E-06	-1.47E-05
538	15	0	0	0	0	0	0	232	254	0	-1.73E-05	3.78E-06	-7.59E-06	-1.47E-05
538	16	0	0	0	0	0	0	232	254	0	-1.80E-05	2.95E-06	-9.07E-06	-1.60E-05
538	17	0	0	0	0	0	0	232	254	0	-1.80E-05	2.95E-06	-9.07E-06	-1.60E-05
538	18	0	0	0	0	0	0	232	254	0	-1.92E-05	3.21E-06	-9.09E-06	-1.60E-05
538	19	0	0	0	0	0	0	232	254	0	-1.92E-05	3.21E-06	-9.09E-06	-1.60E-05
539	0	0	0	0	0	0	0	232	254	0	-1.98E-05	3.48E-06	-8.90E-06	-1.42E-05
539	1	0	0	0	0	0	0	232	254	0	-2.02E-05	3.52E-06	-7.95E-06	-1.45E-05
539	2	0	0	0	0	0	0	232	254	0	-2.02E-05	3.52E-06	-7.95E-06	-1.45E-05
539	3	0	0	0	0	0	0	232	254	0	-2.01E-05	4.95E-06	-7.67E-06	-1.68E-05
539	4	0	0	0	0	0	0	232	254	0	-2.01E-05	4.95E-06	-7.67E-06	-1.68E-05
539	5	0	0	0	0	0	0	232	254	0	-2.01E-05	6.13E-06	-8.08E-06	-1.69E-05
539	6	0	0	0	0	0	0	232	254	0	-2.01E-05	6.13E-06	-8.08E-06	-1.69E-05
539	7	0	0	0	0	0	0	232	254	0	-2.17E-05	5.79E-06	-8.22E-06	-1.80E-05
539	8	0	0	0	0	0	0	232	254	0	-2.17E-05	5.79E-06	-8.22E-06	-1.80E-05
539	9	0	0	0	0	0	0	232	254	0	-2.20E-05	5.66E-06	-7.75E-06	-1.32E-05
539	10	0	0	0	0	0	0	232	254	0	-2.08E-05	6.65E-06	-6.61E-06	-7.24E-06
539	11	0	0	0	0	0	0	232	254	0	-2.08E-05	6.65E-06	-6.61E-06	-7.24E-06
539	12	0	0	0	0	0	0	232	254	0	-2.10E-05	6.69E-06	-6.80E-06	-5.83E-06
539	13	0	0	0	0	0	0	232	254	0	-2.10E-05	6.69E-06	-6.80E-06	-5.83E-06
539	14	0	0	0	0	0	0	232	254	0	-2.06E-05	4.77E-06	-8.11E-06	-9.07E-06
539	15	0	0	0	0	0	0	232	254	0	-2.06E-05	4.77E-06	-8.11E-06	-9.07E-06
539	16	0	0	0	0	0	0	232	254	0	-2.04E-05	2.73E-06	-8.92E-06	-1.01E-05
539	17	0	0	0	0	0	0	232	254	0	-2.04E-05	2.73E-06	-8.92E-06	-1.01E-05
539	18	0	0	0	0	0	0	232	254	0	-2.10E-05	2.18E-06	-9.66E-06	-1.01E-05
539	19	0	0	0	0	0	0	232	254	0	-2.15E-05	2.30E-06	-1.09E-05	-1.12E-05
540	0	0	0	0	0	0	0	232	254	0	-2.15E-05	2.30E-06	-1.09E-05	-1.12E-05
540	1	0	0	0	0	0	0	232	254	0	-2.17E-05	2.94E-06	-1.01E-05	-1.22E-05
540	2	0	0	0	0	0	0	232	254	0	-2.17E-05	2.94E-06	-1.01E-05	-1.22E-05
540	3	0	0	0	0	0	0	232	254	0	-2.06E-05	3.90E-06	-8.15E-06	-1.36E-05
540	4	0	0	0	0	0	0	232	254	0	-2.06E-05	3.90E-06	-8.15E-06	-1.36E-05
540	5	0	0	0	0	0	0	232	254	0	-2.12E-05	2.78E-06	-8.74E-06	-1.39E-05
540	6	0	0	0	0	0	0	232	254	0	-2.12E-05	2.78E-06	-8.74E-06	-1.39E-05
540	7	0	0	0	0	0	0	232	254	0	-2.11E-05	2.42E-06	-9.94E-06	-1.40E-05
540	8	0	0	0	0	0	0	232	254	0	-2.02E-05	4.29E-06	-1.00E-05	-1.52E-05
540	9	0	0	0	0	0	0	232	254	0	-2.02E-05	4.29E-06	-1.00E-05	-1.52E-05
540	10	0	0	0	0	0	0	232	254	0	-2.04E-05	4.21E-06	-8.84E-06	-1.54E-05
540	11	0	0	0	0	0	0	232	254	0	-2.04E-05	4.21E-06	-8.84E-06	-1.54E-05
540	12	0	0	0	0	0	0	232	254	0	-2.04E-05	3.39E-06	-8.27E-06	-1.36E-05
540	13	0	0	0	0	0	0	232	254	0	-2.04E-05	3.39E-06	-8.27E-06	-1.36E-05
540	14	0	0	0	0	0	0	232	254	0	-1.98E-05	3.66E-06	-7.75E-06	-1.01E-05
540	15	0	0	0	0	0	0	232	254	0	-1.98E-05	3.66E-06	-7.75E-06	-1.01E-05
540	16	0	0	0	0	0	0	232	254	0	-1.92E-05	3.39E-06	-6.37E-06	-8.90E-06
540	17	0	0	0	0	0	0	232	254	0	-1.97E-05	3.54E-06	-7.06E-06	-9.01E-06
540	18	0	0	0	0	0	0	232	254	0	-1.97E-05	3.54E-06	-7.06E-06	-9.01E-06
540	19	0	0	0	0	0	0	232	254	0	-2.13E-05	3.34E-06	-6.13E-06	-9.42E-06
541	0	0	0	0	0	0	0	232	254	0	-2.13E-05	3.34E-06	-6.13E-06	-9.42E-06
541	1	0	0	0	0	0	0	232	254	0	-2.17E-05	3.19E-06	-5.18E-06	-1.19E-05
541	2	0	0	0	0	0	0	232	254	0	-2.17E-05	3.19E-06	-5.18E-06	-1.19E-05
541	3	0	0	0	0	0	0	232	254	0	-2.14E-05	3.43E-06	-5.98E-06	-1.26E-05
541	4	0	0	0	0	0	0	232	254	0	-2.14E-05	3.43E-06	-5.98E-06	-1.26E-05
541	5	0	0	0	0	0	0	232	254	0	-2.18E-05	2.10E-06	-6.85E-06	-1.08E-05
541	6	0	0	0	0	0	0	232	254	0	-2.27E-05	1.27E-06	-7.64E-06	-1.04E-05
541	7	0	0	0	0	0	0	232	254	0	-2.27E-05	1.27E-06	-7.64E-06	-1.04E-05
541	8	0	0	0	0	0	0	232	254	0	-2.41E-05	7.01E-07	-8.72E-06	-1.57E-05
541	9	0	0	0	0	0	0	232	254	0	-2.41E-05	7.01E-07	-8.72E-06	-1.57E-05
541	10	0	0	0	0	0	0	232	254	0	-2.42E-05	2.67E-07	-9.54E-06	-2.17E-05
541	11	0	0	0	0	0	0	232	254	0	-2.42E-05	2.67E-07	-9.54E-06	-2.17E-05
541	12	0	0	0	0	0	0	232	254	0	-2.31E-05	2.54E-06	-8.91E-06	-2.36E-05
541	13	0	0	0	0	0	0	232	254	0	-2.31E-05	2.54E-06	-8.91E-06	-2.36E-05
541	14	0	0	0	0	0	0	232	254	0	-2.27E-05	4.24E-06	-8.09E-06	-1.94E-05
541	15	0	0	0	0	0	0	232	254	0	-2.25E-05	3.35E-06	-9.31E-06	-1.55E-05
541	16	0	0	0	0	0	0	232	254	0	-2.25E-05	3.35E-06	-9.31E-06	-1.55E-05
541	17	0	0	0	0	0	0	232	254	0	-2.32E-05	5.46E-06	-1.00E-05	-1.08E-05
541	18	0	0	0	0	0	0	232	254	0	-2.32E-05	5.46E-06	-1.00E-05	-1.08E-05
541	19	0	0	0	0	0	0	232	254	0	-2.36E-05	7.02E-06	-8.53E-06	-1.18E-06
542	0	0	0	0	0	0	0	232	254	0	-2.36E-05	7.02E-06	-8.53E-06	-1.18E-06
542	1	0	0	0	0	0	0	232	254	0	-2.22E-05	7.22E-06	-7.89E-06	2.42E-06
542	2	0	0	0	0	0	0	232	254	0	-2.22E-05	7.22E-06	-7.89E-06	2.42E-06
542	3	0	0	0	0	0	0	232	254	0	-2.22E-05	7.93E-06	-9.07E-06	-7.97E-07
542	4	0	0	0	0	0	0	232	254	0	-2.26E-05	7.40E-06	-9.80E-06	-2.66E-06
542	5	0	0	0	0	0	0	232	254	0	-2.26E-05	7.40E-06	-9.80E-06	-2.66E-06
542	6	0	0	0	0	0	0	232	254	0	-2.27E-05	7.05E-06	-1.12E-05	-4.27E-06
542	7	0	0	0	0	0	0	232	254	0	-2.27E-05	7.05E-06	-1.12E-05	-4.27E-06
542	8	0	0	0	0	0	0	232	254	0	-2.29E-05	6.22E-06	-1.06E-05	-3.92E-06
542	9	0	0	0	0	0	0	232	254	0	-2.29E-05	6.22E-06	-1.06E-05	-3.92E-06
542	10	0	0	0	0	0	0	232	254	0	-2.13E-05	6.35E-06	-1.02E-05	-7.31E-06
542	11	0	0	0	0	0	0	232	254	0	-2.13E-05	6.35E-06	-1.02E-05	-7.31E-06
542	12	0	0	0	0	0	0	232	254	0	-2.08E-05	6.90E-06	-1.02E-05	-1.22E-05
542	13	0	0	0	0	0	0	232	254	0	-2.02E-05	6.34E-06	-9.29E-06	-1.26E-05
542	14	0	0	0	0	0	0	232	254	0	-2.02E-05	6.34E-06	-9.29E-06	-1.26E-05
542	15	0	0	0	0	0	0	232	254	0	-1.93E-05	5.81E-06	-8.66E-06	-1.32E-05
542	16	0	0	0	0	0	0	232	254	0	-1.93E-05	5.81E-06	-8.66E-06	-1.32E-05
542	17	0	0	0	0	0	0	232	254	0	-1.73E-05	5.11E-06	-7.85E-06	-1.22E-05
542	18	0	0	0	0	0	0	232	254	0	-1.73E-05	5.11E-06	-7.85E-06	-1.22E-05
542	19	0	0	0	0	0	0	232	254	0	-1.74E-05	3.68E-06	-7.55E-06	-6.85E-06
543	0	0	0	0	0	0	0	232	254	0	-1.74E-05	3.68E-06	-7.55E-06	-6.85E-06
543	1	0	0	0	0	0	0	232	254	0	-1.98E-05	1.77E-06	-7.43E-06	-1.55E-06
543	2	0	0	0	0	0	0	232	254	0	-1.99E-05	2.83E-06	-7.50E-06	-4.67E-06
543	3	0	0	0	0	0	0	232	254	0	-1.99E-05	2.83E-06	-7.50E-06	-4.67E-06
543	4	0	0	0	0	0	0	232	254	0	-1.99E-05	5.66E-06	-6.72E-06	-1.25E-05
543	5	0	0	0	0	0	0	232	254	0	-1.99E-05	5.66E-06	-6.72E-06	-1.25E-05
543	6	0	0	0	0	0	0	232	254	0	-1.99E-05	7.49E-06	-6.85E-06	-1.66E-05
543	7	0	0	0	0	0	0	232	254	0	-1.99E-05	7.49E-06	-6.85E-06	-1.66E-05
543	8	0	0	0	0	0	0	232	254	0	-2.05E-05	6.94E-06	-7.88E-06	-1.56E-05
543	9	0	0	0	0	0	0	232	254	0	-2.05E-05	6.94E-06	-7.88E-06	-1.56E-05
543	10	0	0	0	0	0	0	232	254	0	-2.09E-05	7.49E-06	-8.70E-06	-1.41E-05
543	11	0	0	0	0	0	0	232	254	0	-2.13E-05	9.67E-06	-9.01E-06	-1.60E-05
543	12	0	0	0	0	0	0	232	254	0	-2.13E-05	9.67E-06	-9.01E-06	-1.60E-05
543	13	0	0	0	0	0	0	232	254	0	-2.21E-05	8.99E-06	-1.00E-05	-1.60E-05
543	14	0	0	0	0	0	0	232	254	0	-2.21E-05	8.99E-06	-1.00E-05	-1.60E-05
543	15	0	0	0	0	0	0	232	254	0	-2.09E-05	6.50E-06	-1.14E-05	-1.62E-05
543	16	0	0	0	0	0	0	232	254	0	-2.09E-05	6.50E-06	-1.14E-05	-1.62E-05
543	17	0	0	0	0	0	0	232	254	0	-2.05E-05	5.59E-06	-1.21E-05	-1.63E-05
543	18	0	0	0	0	0	0	232	254	0	-2.05E-05	5.59E-06	-1.21E-05	-1.63E-05
543	19	0	0	0	0	0	0	232	254	0	-2.09E-05	5.30E-06	-1.20E-05	-1.84E-05
544	0	0	0	0	0	0	0	232	254	0	-2.20E-05	5.20E-06	-1.12E-05	-1.81E-05
544	1	0	0	0	0	0	0	232	254	0	-2.20E-05	5.20E-06	-1.12E-05	-1.81E-05
544	2	0	0	0	0	0	0	232	254	0	-2.31E-05	6.03E-06	-1.09E-05	-1.55E-05
544	3	0	0	0	0	0	0	232	254	0	-2.31E-05	6.03E-06	-1.09E-05	-1.55E-05
544	4	0	0	0	0	0	0	232	254	0	-2.24E-05	5.55E-06	-9.73E-06	-1.53E-05
544	5	0	0	0	0	0	0	232	254	0	-2.24E-05	5.55E-06	-9.73E-06	-1.53E-05
544	6	0	0	0	0	0	0	232	254	0	-2.10E-05	4.26E-06	-8.17E-06	-1.49E-05
544	7	0	0	0	0	0	0	232	254	0	-2.10E-05	4.26E-06	-8.17E-06	-1.49E-05
544	8	0	0	0	0	0	0	232	254	0	-2.04E-05	4.10E-06	-8.08E-06	-1.18E-05
544	9	0	0	0	0	0	0	232	254	0	-2.17E-05	4.43E-06	-8.22E-06	-1.16E-05
544	10	0	0	0	0	0	0	232	254	0	-2.17E-05	4.43E-06	-8.22E-06	-1.16E-05
544	11	0	0	0	0	0	0	232	254	0	-2.19E-05	4.18E-06	-8.22E-06	-1.43E-05
544	12	0	0	0	0	0	0	232	254	0	-2.19E-05	4.18E-06	-8.22E-06	-1.43E-05
544	13	0	0	0	0	0	0	232	254	0	-2.11E-05	5.57E-06	-9.88E-06	-1.69E-05
544	14	0	0	0	0	0	0	232	254	0	-2.11E-05	5.57E-06	-9.88E-06	-1.69E-05
544	15	0	0	0	0	0	0	232	254	0	-2.00E-05	3.61E-06	-1.08E-05	-1.77E-05
544	16	0	0	0	0	0	0	232	254	0	-2.00E-05	3.61E-06	-1.08E-05	-1.77E-05
544	17	0	0	0	0	0	0	232	254	0	-1.96E-05	1.57E-06	-8.66E-06	-1.48E-05
544	18	0	0	0	0	0	0	232	254	0	-1.94E-05	1.89E-06	-9.02E-06	-1.32E-05
544	19	0	0	0	0	0	0	232	254	0	-1.94E-05	1.89E-06	-9.02E-06	-1.32E-05
545	0	0	0	0	0	0	0	232	254	0	-1.95E-05	2.06E-06	-1.10E-05	-1.34E-05
545	1	0	0	0	0	0	0	232	254	0	-1.95E-05	2.06E-06	-1.10E-05	-1.34E-05
545	2	0	0	0	0	0	0	232	254	0	-1.83E-05	1.19E-06	-1.06E-05	-1.38E-05
545	3	0	0	0	0	0	0	232	254	0	-1.83E-05	1.19E-06	-1.06E-05	-1.38E-05
545	4	0	0	0	0	0	0	232	254	0	-1.84E-05	-1.08E-07	-1.02E-05	-1.43E-05
545	5	0	0	0	0	0	0	232	254	0	-1.84E-05	-1.08E-07	-1.02E-05	-1.43E-05
545	6	0	0	0	0	0	0	232	254	0	-1.91E-05	-8.59E-07	-1.12E-05	-1.38E-05
545	7	0	0	0	0	0	0	232	254	0	-1.94E-05	-4.15E-07	-1.18E-05	-1.17E-05
545	8	0	0	0	0	0	0	232	254	0	-1.94E-05	-4.15E-07	-1.18E-05	-1.17E-05
545	9	0	0	0	0	0	0	232	254	0	-1.84E-05	4.24E-07	-1.12E-05	-8.54E-06
545	10	0	0	0	0	0	0	232	254	0	-1.84E-05	4.24E-07	-1.12E-05	-8.54E-06
545	11	0	0	0	0	0	0	232	254	0	-1.72E-05	-3.95E-07	-9.25E-06	-1.05E-05
545	12	0	0	0	0	0	0	232	254	0	-1.72E-05	-3.95E-07	-9.25E-06	-1.05E-05
545	13	0	0	0	0	0	0	232	254	0	-1.86E-05	-3.65E-07	-8.92E-06	-1.02E-05
545	14	0	0	0	0	0	0	232	254	0	-1.86E-05	-3.65E-07	-8.92E-06	-1.02E-05
545	15	0	0	0	0	0	0	232	254	0	-1.86E-05	1.25E-06	-9.66E-06	-1.17E-05
545	16	0	0	0	0	0	0	232	254	0	-1.97E-05	2.56E-06	-1.06E-05	-1.80E-05
545	17	0	0	0	0	0	0	232	254	0	-1.97E-05	2.56E-06	-1.06E-05	-1.80E-05
545	18	0	0	0	0	0	0	232	254	0	-2.10E-05	2.62E-06	-9.96E-06	-1.89E-05
545	19	0	0	0	0	0	0	232	254	0	-2.10E-05	2.62E-06	-9.96E-06	-1.89E-05
546	0	0	0	0	0	0	0	232	254	0	-2.16E-05	2.87E-06	-8.26E-06	-1.90E-05
546	1	0	0	0	0	0	0	232	254	0	-2.16E-05	2.87E-06	-8.26E-06	-1.90E-05
546	2	0	0	0	0	0	0	232	254	0	-2.31E-05	3.61E-06	-7.37E-06	-2.08E-05
546	3	0	0	0	0	0	0	232	254	0	-2.31E-05	3.61E-06	-7.37E-06	-2.08E-05
546	4	0	0	0	0	0	0	232	254	0	-2.39E-05	3.39E-06	-6.74E-06	-1.79E-05
546	5	0	0	0	0	0	0	232	254	0	-2.29E-05	5.32E-06	-6.78E-06	-1.30E-05
546	6	0	0	0	0	0	0	232	254	0	-2.29E-05	5.32E-06	-6.78E-06	-1.30E-05
546	7	0	0	0	0	0	0	232	254	0	-2.19E-05	4.79E-06	-6.53E-06	-9.92E-06
546	8	0	0	0	0	0	0	232	254	0	-2.19E-05	4.79E-06	-6.53E-06	-9.92E-06
546	9	0	0	0	0	0	0	232	254	0	-2.17E-05	3.49E-06	-6.97E-06	-6.63E-06
546	10	0	0	0	0	0	0	232	254	0	-2.17E-05	3.49E-06	-6.97E-06	-6.63E-06
546	11	0	0	0	0	0	0	232	254	0	-2.14E-05	5.32E-06	-7.69E-06	-4.00E-06
546	12	0	0	0	0	0	0	232	254	0	-2.14E-05	5.32E-06	-7.69E-06	-4.00E-06
546	13	0	0	0	0	0	0	232	254	0	-2.20E-05	6.57E-06	-7.65E-06	-7.38E-06
546	14	0	0	0	0	0	0	232	254	0	-2.21E-05	5.41E-06	-7.67E-06	-1.00E-05
546	15	0	0	0	0	0	0	232	254	0	-2.21E-05	5.41E-06	-7.67E-06	-1.00E-05
546	16	0	0	0	0	0	0	232	254	0	-2.27E-05	4.39E-06	-8.08E-06	-1.12E-05
546	17	0	0	0	0	0	0	232	254	0	-2.27E-05	4.39E-06	-8.08E-06	-1.12E-05
546	18	0	0	0	0	0	0	232	254	0	-2.28E-05	5.85E-06	-7.28E-06	-1.22E-05
546	19	0	0	0	0	0	0	232	254	0	-2.28E-05	5.85E-06	-7.28E-06	-1.22E-05
547	0	0	0	0	0	0	0	232	254	0	-2.19E-05	6.78E-06	-6.53E-06	-1.37E-05
547	1	0	0	0	0	0	0	232	254	0	-2.19E-05	6.78E-06	-6.53E-06	-1.37E-05
547	2	0	0	0	0	0	0	232	254	0	-2.18E-05	6.17E-06	-7.21E-06	-1.06E-05
547	3	0	0	0	0	0	0	232	254	0	-2.26E-05	6.23E-06	-7.91E-06	-8.95E-06
547	4	0	0	0	0	0	0	232	254	0	-2.26E-05	6.23E-06	-7.91E-06	-8.95E-06
547	5	0	0	0	0	0	0	232	254	0	-2.18E-05	6.02E-06	-8.18E-06	-1.13E-05
547	6	0	0	0	0	0	0	232	254	0	-2.18E-05	6.02E-06	-8.18E-06	-1.13E-05
547	7	0	0	0	0	0	0	232	254	0	-1.98E-05	4.69E-06	-9.17E-06	-1.27E-05
547	8	0	0	0	0	0	0	232	254	0	-1.98E-05	4.69E-06	-9.17E-06	-1.27E-05
547	9	0	0	0	0	0	0	232	254	0	-2.04E-05	4.08E-06	-1.10E-05	-1.39E-05
547	10	0	0	0	0	0	0	232	254	0	-2.04E-05	4.08E-06	-1.10E-05	-1.39E-05
547	11	0	0	0	0	0	0	232	254	0	-2.03E-05	4.86E-06	-1.09E-05	-1.40E-05
547	12	0	0	0	0	0	0	232	254	0	-2.03E-05	5.44E-06	-1.13E-05	-1.37E-05
547	13	0	0	0	0	0	0	232	254	0	-2.03E-05	5.44E-06	-1.13E-05	-1.37E-05
547	14	0	0	0	0	0	0	232	254	0	-1.95E-05	6.01E-06	-1.11E-05	-1.38E-05
547	15	0	0	0	0	0	0	232	254	0	-1.95E-05	6.01E-06	-1.11E-05	-1.38E-05
547	16	0	0	0	0	0	0	232	254	0	-1.90E-05	5.50E-06	-1.04E-05	-1.30E-05
547	17	0	0	0	0	0	0	232	254	0	-1.90E-05	5.50E-06	-1.04E-05	-1.30E-05
547	18	0	0	0	0	0	0	232	254	0	-1.88E-05	5.20E-06	-1.19E-05	-1.26E-05
547	19	0	0	0	0	0	0	232	254	0	-1.88E-05	5.20E-06	-1.19E-05	-1.26E-05
548	0	0	0	0	0	0	0	232	254	0	-1.94E-05	6.27E-06	-1.05E-05	-1.33E-05
548	1	0	0	0	0	0	0	232	254	0	-2.09E-05	7.07E-06	-8.03E-06	-1.42E-05
548	2	0	0	0	0	0	0	232	254	0	-2.09E-05	7.07E-06	-8.03E-06	-1.42E-05
548	3	0	0	0	0	0	0	232	254	0	-2.20E-05	6.27E-06	-7.74E-06	-1.22E-05
548	4	0	0	0	0	0	0	232	254	0	-2.20E-05	6.27E-06	-7.74E-06	-1.22E-05
548	5	0	0	0	0	0	0	232	254	0	-2.01E-05	4.81E-06	-8.13E-06	-9.82E-06
548	6	0	0	0	0	0	0	232	254	0	-2.01E-05	4.81E-06	-8.13E-06	-9.82E-06
548	7	0	0	0	0	0	0	232	254	0	-1.91E-05	3.77E-06	-8.46E-06	-7.10E-06
548	8	0	0	0	0	0	0	232	254	0	-1.91E-05	3.77E-06	-8.46E-06	-7.10E-06
548	9	0	0	0	0	0	0	232	254	0	-1.96E-05	4.00E-06	-9.15E-06	-6.68E-06
548	10	0	0	0	0	0	0	232	254	0	-1.95E-05	6.33E-06	-9.99E-06	-1.07E-05
548	11	0	0	0	0	0	0	232	254	0	-1.95E-05	6.33E-06	-9.99E-06	-1.07E-05
548	12	0	0	0	0	0	0	232	254	0	-1.88E-05	8.28E-06	-9.05E-06	-1.34E-05
548	13	0	0	0	0	0	0	232	254	0	-1.88E-05	8.28E-06	-9.05E-06	-1.34E-05
548	14	0	0	0	0	0	0	232	254	0	-1.89E-05	8.14E-06	-8.32E-06	-1.61E-05
548	15	0	0	0	0	0	0	232	254	0	-1.89E-05	8.14E-06	-8.32E-06	-1.61E-05
548	16	0	0	0	0	0	0	232	254	0	-2.02E-05	7.65E-06	-8.94E-06	-1.60E-05
548	17	0	0	0	0	0	0	232	254	0	-2.02E-05	7.65E-06	-8.94E-06	-1.60E-05
548	18	0	0	0	0	0	0	232	254	0	-2.09E-05	6.13E-06	-8.05E-06	-1.08E-05
548	19	0	0	0	0	0	0	232	254	0	-2.15E-05	3.76E-06	-7.67E-06	-9.56E-06
549	0	0	0	0	0	0	0	232	254	0	-2.15E-05	3.76E-06	-7.67E-06	-9.56E-06
549	1	0	0	0	0	0	0	232	254	0	-2.11E-05	1.72E-06	-7.25E-06	-1.11E-05
549	2	0	0	0	0	0	0	232	254	0	-2.11E-05	1.72E-06	-7.25E-06	-1.11E-05
549	3	0	0	0	0	0	0	232	254	0	-2.07E-05	1.89E-06	-7.88E-06	-1.44E-05
549	4	0	0	0	0	0	0	232	254	0	-2.07E-05	1.89E-06	-7.88E-06	-1.44E-05
549	5	0	0	0	0	0	0	232	254	0	-2.11E-05	3.13E-06	-8.46E-06	-1.64E-05
549	6	0	0	0	0	0	0	232	254	0	-2.11E-05	3.13E-06	-8.46E-06	-1.64E-05
549	7	0	0	0	0	0	0	232	254	0	-2.18E-05	4.12E-06	-8.32E-06	-1.45E-05
549	8	0	0	0	0	0	0	232	254	0	-2.14E-05	4.48E-06	-7.28E-06	-1.36E-05
549	9	0	0	0	0	0	0	232	254	0	-2.14E-05	4.48E-06	-7.28E-06	-1.36E-05
549	10	0	0	0	0	0	0	232	254	0	-2.15E-05	4.77E-06	-8.30E-06	-1.28E-05
549	11	0	0	0	0	0	0	232	254	0	-2.15E-05	4.77E-06	-8.30E-06	-1.28E-05
549	12	0	0	0	0	0	0	232	254	0	-2.21E-05	4.99E-06	-9.37E-06	-1.44E-05
549	13	0	0	0	0	0	0	232	254	0	-2.21E-05	4.99E-06	-9.37E-06	-1.44E-05
549	14	0	0	0	0	0	0	232	254	0	-2.33E-05	5.63E-06	-9.21E-06	-1.62E-05
549	15	0	0	0	0	0	0	232	254	0	-2.33E-05	5.63E-06	-9.21E-06	-1.62E-05
549	16	0	0	0	0	0	0	232	254	0	-2.30E-05	6.11E-06	-8.47E-06	-1.40E-05
549	17	0	0	0	0	0	0	232	254	0	-2.21E-05	6.09E-06	-8.70E-06	-1.40E-05
549	18	0	0	0	0	0	0	232	254	0	-2.21E-05	6.09E-06	-8.70E-06	-1.40E-05
549	19	0	0	0	0	0	0	232	254	0	-2.19E-05	6.87E-06	-1.01E-05	-1.96E-05
550	0	0	0	0	0	0	0	232	254	0	-2.19E-05	6.87E-06	-1.01E-05	-1.96E-05
550	1	0	0	0	0	0	0	232	254	0	-2.19E-05	4.85E-06	-1.08E-05	-1.89E-05
550	2	0	0	0	0	0	0	232	254	0	-2.19E-05	4.85E-06	-1.08E-05	-1.89E-05
550	3	0	0	0	0	0	0	232	254	0	-2.08E-05	4.22E-06	-1.07E-05	-1.30E-05
550	4	0	0	0	0	0	0	232	254	0	-2.08E-05	4.22E-06	-1.07E-05	-1.30E-05
550	5	0	0	0	0	0	0	232	254	0	-2.01E-05	4.01E-06	-1.06E-05	-1.11E-05
550	6	0	0	0	0	0	0	232	254	0	-2.07E-05	2.91E-06	-1.09E-05	-8.12E-06
550	7	0	0	0	0	0	0	232	254	0	-2.07E-05	2.91E-06	-1.09E-05	-8.12E-06
550	8	0	0	0	0	0	0	232	254	0	-2.10E-05	2.99E-06	-1.02E-05	-2.62E-06
550	9	0	0	0	0	0	0	232	254	0	-2.10E-05	2.99E-06	-1.02E-05	-2.62E-06
550	10	0	0	0	0	0	0	232	254	0	-2.06E-05	1.65E-06	-9.67E-06	-5.46E-06
550	11	0	0	0	0	0	0	232	254	0	-2.06E-05	1.65E-06	-9.67E-06	-5.46E-06
550	12	0	0	0	0	0	0	232	254	0	-1.92E-05	1.36E-06	-9.92E-06	-1.27E-05
550	13	0	0	0	0	0	0	232	254	0	-1.92E-05	1.36E-06	-9.92E-06	-1.27E-05
550	14	0	0	0	0	0	0	232	254	0	-1.71E-05	2.70E-06	-8.89E-06	-1.27E-05
550	15	0	0	0	0	0	0	232	254	0	-1.82E-05	4.26E-06	-7.44E-06	-9.97E-06
550	16	0	0	0	0	0	0	232	254	0	-1.82E-05	4.26E-06	-7.44E-06	-9.97E-06
550	17	0	0	0	0	0	0	232	254	0	-1.97E-05	5.06E-06	-8.35E-06	-9.71E-06
550	18	0	0	0	0	0	0	232	254	0	-1.97E-05	5.06E-06	-8.35E-06	-9.71E-06
550	19	0	0	0	0	0	0	232	254	0	-2.14E-05	4.73E-06	-8.42E-06	-1.01E-05
551	0	0	0	0	0	0	0	232	254	0	-2.14E-05	4.73E-06	-8.42E-06	-1.01E-05
551	1	0	0	0	0	0	0	232	254	0	-2.27E-05	3.47E-06	-8.46E-06	-7.99E-06
551	2	0	0	0	0	0	0	232	254	0	-2.27E-05	3.47E-06	-8.46E-06	-7.99E-06
551	3	0	0	0	0	0	0	232	254	0	-2.09E-05	4.56E-06	-9.27E-06	-5.51E-06
551	4	0	0	0	0	0	0	232	254	0	-2.04E-05	5.20E-06	-8.74E-06	-6.05E-06
551	5	0	0	0	0	0	0	232	254	0	-2.04E-05	5.20E-06	-8.74E-06	-6.05E-06
551	6	0	0	0	0	0	0	232	254	0	-2.02E-05	3.66E-06	-7.33E-06	-9.39E-06
551	7	0	0	0	0	0	0	232	254	0	-2.02E-05	3.66E-06	-7.33E-06	-9.39E-06
551	8	0	0	0	0	0	0	232	254	0	-1.83E-05	2.19E-06	-7.47E-06	-1.44E-05
551	9	0	0	0	0	0	0	232	254	0	-1.83E-05	2.19E-06	-7.47E-06	-1.44E-05
551	10	0	0	0	0	0	0	232	254	0	-1.99E-05	2.32E-06	-8.31E-06	-1.43E-05
551	11	0	0	0	0	0	0	232	254	0	-1.99E-05	2.32E-06	-8.31E-06	-1.43E-05
551	12	0	0	0	0	0	0	232	254	0	-2.14E-05	1.48E-07	-8.80E-06	-1.70E-05
551	13	0	0	0	0	0	0	232	254	0	-2.09E-05	-1.55E-06	-8.90E-06	-2.00E-05
551	14	0	0	0	0	0	0	232	254	0	-2.09E-05	-1.55E-06	-8.90E-06	-2.00E-05
551	15	0	0	0	0	0	0	232	254	0	-2.01E-05	-1.61E-06	-8.07E-06	-1.73E-05
551	16	0	0	0	0	0	0	232	254	0	-2.01E-05	-1.61E-06	-8.07E-06	-1.73E-05
551	17	0	0	0	0	0	0	232	254	0	-2.02E-05	6.22E-07	-8.08E-06	-1.29E-05
551	18	0	0	0	0	0	0	232	254	0	-2.02E-05	6.22E-07	-8.08E-06	-1.29E-05
551	19	0	0	0	0	0	0	232	254	0	-2.10E-05	4.00E-06	-8.58E-06	-7.55E-06
552	0	0	0	0	0	0	0	232	254	0	-2.10E-05	4.00E-06	-8.58E-06	-7.55E-06
552	1	0	0	0	0	0	0	232	254	0	-2.13E-05	4.09E-06	-8.49E-06	-3.86E-06
552	2	0	0	0	0	0	0	232	254	0	-2.25E-05	2.63E-06	-8.27E-06	-6.69E-06
552	3	0	0	0	0	0	0	232	254	0	-2.25E-05	2.63E-06	-8.27E-06	-6.69E-06
552	4	0	0	0	0	0	0	232	254	0	-2.25E-05	3.49E-06	-7.40E-06	-1.08E-05
552	5	0	0	0	0	0	0	232	254	0	-2.25E-05	3.49E-06	-7.40E-06	-1.08E-05
552	6	0	0	0	0	0	0	232	254	0	-2.16E-05	4.15E-06	-7.41E-06	-1.25E-05
552	7	0	0	0	0	0	0	232	254	0	-2.16E-05	4.15E-06	-7.41E-06	-1.25E-05
552	8	0	0	0	0	0	0	232	254	0	-2.11E-05	3.49E-06	-7.20E-06	-1.39E-05
552	9	0	0	0	0	0	0	232	254	0	-2.11E-05	3.49E-06	-7.20E-06	-1.39E-05
552	10	0	0	0	0	0	0	232	254	0	-2.02E-05	3.43E-06	-7.41E-06	-1.43E-05
552	11	0	0	0	0	0	0	232	254	0	-1.97E-05	3.05E-06	-8.50E-06	-1.76E-05
552	12	0	0	0	0	0	0	232	254	0	-1.97E-05	3.05E-06	-8.50E-06	-1.76E-05
552	13	0	0	0	0	0	0	232	254	0	-2.01E-05	2.14E-06	-8.90E-06	-1.53E-05
552	14	0	0	0	0	0	0	232	254	0	-2.01E-05	2.14E-06	-8.90E-06	-1.53E-05
552	15	0	0	0	0	0	0	232	254	0	-1.96E-05	3.62E-06	-8.19E-06	-1.46E-05
552	16	0	0	0	0	0	0	232	254	0	-1.96E-05	3.62E-06	-8.19E-06	-1.46E-05
552	17	0	0	0	0	0	0	232	254	0	-2.06E-05	4.96E-06	-8.13E-06	-1.49E-05
552	18	0	0	0	0	0	0	232	254	0	-2.06E-05	4.96E-06	-8.13E-06	-1.49E-05
552	19	0	0	0	0	0	0	232	254	0	-2.13E-05	4.26E-06	-8.70E-06	-1.26E-05
553	0	0	0	0	0	0	0	232	254	0	-2.16E-05	3.62E-06	-9.37E-06	-1.34E-05
553	1	0	0	0	0	0	0	232	254	0	-2.16E-05	3.62E-06	-9.37E-06	-1.34E-05
553	2	0	0	0	0	0	0	232	254	0	-2.24E-05	4.71E-06	-9.92E-06	-1.37E-05
553	3	0	0	0	0	0	0	232	254	0	-2.24E-05	4.71E-06	-9.92E-06	-1.37E-05
553	4	0	0	0	0	0	0	232	254	0	-2.34E-05	5.80E-06	-1.07E-05	-1.49E-05
553	5	0	0	0	0	0	0	232	254	0	-2.34E-05	5.80E-06	-1.07E-05	-1.49E-05
553	6	0	0	0	0	0	0	232	254	0	-2.35E-05	6.40E-06	-1.04E-05	-1.60E-05
553	7	0	0	0	0	0	0	232	254	0	-2.35E-05	6.40E-06	-1.04E-05	-1.60E-05
553	8	0	0	0	0	0	0	232	254	0	-2.36E-05	6.55E-06	-1.00E-05	-1.60E-05
553	9	0	0	0	0	0	0	232	254	0	-2.30E-05	7.49E-06	-8.95E-06	-1.63E-05
553	10	0	0	0	0	0	0	232	254	0	-2.30E-05	7.49E-06	-8.95E-06	-1.63E-05
553	11	0	0	0	0	0	0	232	254	0	-2.40E-05	7.18E-06	-8.56E-06	-1.61E-05
553	12	0	0	0	0	0	0	232	254	0	-2.40E-05	7.18E-06	-8.56E-06	-1.61E-05
553	13	0	0	0	0	0	0	232	254	0	-2.39E-05	6.64E-06	-9.27E-06	-1.33E-05
553	14	0	0	0	0	0	0	232	254	0	-2.39E-05	6.64E-06	-9.27E-06	-1.33E-05
553	15	0	0	0	0	0	0	232	254	0	-2.18E-05	5.60E-06	-9.33E-06	-6.21E-06
553	16	0	0	0	0	0	0	232	254	0	-2.18E-05	5.60E-06	-9.33E-06	-6.21E-06
553	17	0	0	0	0	0	0	232	254	0	-2.15E-05	4.61E-06	-9.11E-06	-4.29E-06
553	18	0	0	0	0	0	0	232	254	0	-2.07E-05	4.48E-06	-8.71E-06	-5.60E-06
553	19	0	0	0	0	0	0	232	254	0	-2.07E-05	4.48E-06	-8.71E-06	-5.60E-06
554	0	0	0	0	0	0	0	232	254	0	-1.91E-05	4.29E-06	-9.03E-06	-3.32E-06
554	1	0	0	0	0	0	0	232	254	0	-1.91E-05	4.29E-06	-9.03E-06	-3.32E-06
554	2	0	0	0	0	0	0	232	254	0	-1.86E-05	4.43E-06	-9.94E-06	-1.83E-06
554	3	0	0	0	0	0	0	232	254	0	-1.86E-05	4.43E-06	-9.94E-06	-1.83E-06
554	4	0	0	0	0	0	0	232	254	0	-1.93E-05	5.95E-06	-9.17E-06	-5.71E-06
554	5	0	0	0	0	0	0	232	254	0	-1.93E-05	5.95E-06	-9.17E-06	-5.71E-06
554	6	0	0	0	0	0	0	232	254	0	-2.08E-05	7.49E-06	-9.79E-06	-1.13E-05
554	7	0	0	0	0	0	0	232	254	0	-2.25E-05	6.47E-06	-1.07E-05	-1.38E-05
554	8	0	0	0	0	0	0	232	254	0	-2.25E-05	6.47E-06	-1.07E-05	-1.38E-05
554	9	0	0	0	0	0	0	232	254	0	-2.25E-05	5.40E-06	-1.02E-05	-1.23E-05
554	10	0	0	0	0	0	0	232	254	0	-2.25E-05	5.40E-06	-1.02E-05	-1.23E-05
554	11	0	0	0	0	0	0	232	254	0	-2.18E-05	5.44E-06	-9.78E-06	-1.21E-05
554	12	0	0	0	0	0	0	232	254	0	-2.18E-05	5.44E-06	-9.78E-06	-1.21E-05
554	13	0	0	0	0	0	0	232	254	0	-2.19E-05	6.72E-06	-1.01E-05	-1.30E-05
554	14	0	0	0	0	0	0	232	254	0	-2.19E-05	6.72E-06	-1.01E-05	-1.30E-05
554	15	0	0	0	0	0	0	232	254	0	-2.20E-05	6.15E-06	-1.05E-05	-8.76E-06
554	16	0	0	0	0	0	0	232	254	0	-2.15E-05	5.00E-06	-9.63E-06	-9.02E-06
554	17	0	0	0	0	0	0	232	254	0	-2.15E-05	5.00E-06	-9.63E-06	-9.02E-06
554	18	0	0	0	0	0	0	232	254	0	-1.98E-05	4.58E-06	-9.94E-06	-9.07E-06
554	19	0	0	0	0	0	0	232	254	0	-1.98E-05	4.58E-06	-9.94E-06	-9.07E-06
555	0	0	0	0	0	0	0	232	254	0	-1.83E-05	5.01E-06	-1.12E-05	-6.95E-06
555	1	0	0	0	0	0	0	232	254	0	-1.83E-05	5.01E-06	-1.12E-05	-6.95E-06
555	2	0	0	0	0	0	0	232	254	0	-1.82E-05	6.86E-06	-1.06E-05	-9.17E-06
555	3	0	0	0	0	0	0	232	254	0	-1.82E-05	6.86E-06	-1.06E-05	-9.17E-06
555	4	0	0	0	0	0	0	232	254	0	-1.83E-05	6.84E-06	-9.88E-06	-1.34E-05
555	5	0	0	0	0	0	0	232	254	0	-1.87E-05	5.95E-06	-9.62E-06	-1.50E-05
555	6	0	0	0	0	0	0	232	254	0	-1.87E-05	5.95E-06	-9.62E-06	-1.50E-05
555	7	0	0	0	0	0	0	232	254	0	-1.89E-05	5.94E-06	-8.97E-06	-1.57E-05
555	8	0	0	0	0	0	0	232	254	0	-1.89E-05	5.94E-06	-8.97E-06	-1.57E-05
555	9	0	0	0	0	0	0	232	254	0	-1.97E-05	5.69E-06	-9.08E-06	-1.50E-05
555	10	0	0	0	0	0	0	232	254	0	-1.97E-05	5.69E-06	-9.08E-06	-1.50E-05
555	11	0	0	0	0	0	0	232	254	0	-1.96E-05	4.12E-06	-8.05E-06	-1.25E-05
555	12	0	0	0	0	0	0	232	254	0	-1.96E-05	4.12E-06	-8.05E-06	-1.25E-05
555	13	0	0	0	0	0	0	232	254	0	-1.82E-05	3.88E-06	-7.08E-06	-1.50E-05
555	14	0	0	0	0	0	0	232	254	0	-1.88E-05	3.32E-06	-7.71E-06	-2.01E-05
555	15	0	0	0	0	0	0	232	254	0	-1.88E-05	3.32E-06	-7.71E-06	-2.01E-05
555	16	0	0	0	0	0	0	232	254	0	-1.94E-05	3.61E-06	-7.82E-06	-2.19E-05
555	17	0	0	0	0	0	0	232	254	0	-1.94E-05	3.61E-06	-7.82E-06	-2.19E-05
555	18	0	0	0	0	0	0	232	254	0	-1.96E-05	3.39E-06	-8.20E-06	-2.14E-05
555	19	0	0	0	0	0	0	232	254	0	-1.96E-05	3.39E-06	-8.20E-06	-2.14E-05
556	0	0	0	0	0	0	0	232	254	0	-2.03E-05	4.61E-06	-8.75E-06	-1.87E-05
556	1	0	0	0	0	0	0	232	254	0	-2.03E-05	4.61E-06	-8.75E-06	-1.87E-05
556	2	0	0	0	0	0	0	232	254	0	-2.19E-05	6.98E-06	-1.01E-05	-1.15E-05
556	3	0	0	0	0	0	0	232	254	0	-2.14E-05	7.37E-06	-1.01E-05	-3.09E-06
556	4	0	0	0	0	0	0	232	254	0	-2.14E-05	7.37E-06	-1.01E-05	-3.09E-06
556	5	0	0	0	0	0	0	232	254	0	-2.20E-05	5.32E-06	-8.95E-06	-2.69E-06
556	6	0	0	0	0	0	0	232	254	0	-2.20E-05	5.32E-06	-8.95E-06	-2.69E-06
556	7	0	0	0	0	0	0	232	254	0	-2.24E-05	6.19E-06	-9.27E-06	-9.10E-06
556	8	0	0	0	0	0	0	232	254	0	-2.24E-05	6.19E-06	-9.27E-06	-9.10E-06
556	9	0	0	0	0	0	0	232	254	0	-2.26E-05	7.12E-06	-9.33E-06	-1.25E-05
556	10	0	0	0	0	0	0	232	254	0	-2.26E-05	7.12E-06	-9.33E-06	-1.25E-05
556	11	0	0	0	0	0	0	232	254	0	-2.36E-05	5.68E-06	-8.05E-06	-1.67E-05
556	12	0	0	0	0	0	0	232	254	0	-2.39E-05	5.04E-06	-8.50E-06	-2.08E-05
556	13	0	0	0	0	0	0	232	254	0	-2.39E-05	5.04E-06	-8.50E-06	-2.08E-05
556	14	0	0	0	0	0	0	232	254	0	-2.26E-05	7.05E-06	-9.61E-06	-2.38E-05
556	15	0	0	0	0	0	0	232	254	0	-2.26E-05	7.05E-06	-9.61E-06	-2.38E-05
556	16	0	0	0	0	0	0	232	254	0	-2.14E-05	7.41E-06	-9.31E-06	-2.14E-05
556	17	0	0	0	0	0	0	232	254	0	-2.14E-05	7.41E-06	-9.31E-06	-2.14E-05
556	18	0	0	0	0	0	0	232	254	0	-2.09E-05	5.20E-06	-8.71E-06	-1.40E-05
556	19	0	0	0	0	0	0	232	254	0	-2.09E-05	5.20E-06	-8.71E-06	-1.40E-05
557	0	0	0	0	0	0	0	232	254	0	-2.00E-05	5.19E-06	-8.32E-06	-1.02E-05
557	1	0	0	0	0	0	0	232	254	0	-1.96E-05	6.49E-06	-9.17E-06	-1.13E-05
557	2	0	0	0	0	0	0	232	254	0	-1.96E-05	6.49E-06	-9.17E-06	-1.13E-05
557	3	0	0	0	0	0	0	232	254	0	-1.99E-05	5.58E-06	-9.69E-06	-1.27E-05
557	4	0	0	0	0	0	0	232	254	0	-1.99E-05	5.58E-06	-9.69E-06	-1.27E-05
557	5	0	0	0	0	0	0	232	254	0	-2.02E-05	4.68E-06	-1.03E-05	-1.29E-05
557	6	0	0	0	0	0	0	232	254	0	-2.02E-05	4.68E-06	-1.03E-05	-1.29E-05
557	7	0	0	0	0	0	0	232	254	0	-2.09E-05	4.06E-06	-1.02E-05	-1.26E-05
557	8	0	0	0	0	0	0	232	254	0	-2.09E-05	4.06E-06	-1.02E-05	-1.26E-05
557	9	0	0	0	0	0	0	232	254	0	-2.10E-05	3.39E-06	-1.11E-05	-1.56E-05
557	10	0	0	0	0	0	0	232	254	0	-2.09E-05	2.95E-06	-1.10E-05	-1.74E-05
557	11	0	0	0	0	0	0	232	254	0	-2.09E-05	2.95E-06	-1.10E-05	-1.74E-05
557	12	0	0	0	0	0	0	232	254	0	-1.97E-05	4.04E-06	-1.00E-05	-1.88E-05
557	13	0	0	0	0	0	0	232	254	0	-1.97E-05	4.04E-06	-1.00E-05	-1.88E-05
557	14	0	0	0	0	0	0	232	254	0	-1.91E-05	5.95E-06	-8.91E-06	-2.12E-05
557	15	0	0	0	0	0	0	232	254	0	-1.91E-05	5.95E-06	-8.91E-06	-2.12E-05
557	16	0	0	0	0	0	0	232	254	0	-2.09E-05	5.12E-06	-7.73E-06	-1.64E-05
557	17	0	0	0	0	0	0	232	254	0	-2.09E-05	5.12E-06	-7.73E-06	-1.64E-05
557	18	0	0	0	0	0	0	232	254	0	-2.24E-05	2.16E-06	-6.79E-06	-9.24E-06
557	19	0	0	0	0	0	0	232	254	0	-2.15E-05	2.95E-06	-7.49E-06	-1.05E-05
558	0	0	0	0	0	0	0	232	254	0	-2.15E-05	2.95E-06	-7.49E-06	-1.05E-05
558	1	0	0	0	0	0	0	232	254	0	-2.03E-05	3.10E-06	-7.77E-06	-1.09E-05
558	2	0	0	0	0	0	0	232	254	0	-2.03E-05	3.10E-06	-7.77E-06	-1.09E-05
558	3	0	0	0	0	0	0	232	254	0	-1.97E-05	9.57E-07	-7.37E-06	-1.05E-05
558	4	0	0	0	0	0	0	232	254	0	-1.97E-05	9.57E-07	-7.37E-06	-1.05E-05
558	5	0	0	0	0	0	0	232	254	0	-1.96E-05	-5.43E-07	-7.69E-06	-1.29E-05
558	6	0	0	0	0	0	0	232	254	0	-1.96E-05	-5.43E-07	-7.69E-06	-1.29E-05
558	7	0	0	0	0	0	0	232	254	0	-1.99E-05	-1.79E-06	-9.07E-06	-1.26E-05
558	8	0	0	0	0	0	0	232	254	0	-1.89E-05	-2.89E-06	-8.97E-06	-1.20E-05
558	9	0	0	0	0	0	0	232	254	0	-1.89E-05	-2.89E-06	-8.97E-06	-1.20E-05
558	10	0	0	0	0	0	0	232	254	0	-1.93E-05	-3.19E-06	-7.42E-06	-1.12E-05
558	11	0	0	0	0	0	0	232	254	0	-1.93E-05	-3.19E-06	-7.42E-06	-1.12E-05
558	12	0	0	0	0	0	0	232	254	0	-1.99E-05	-1.53E-06	-7.59E-06	-8.78E-06
558	13	0	0	0	0	0	0	232	254	0	-1.99E-05	-1.53E-06	-7.59E-06	-8.78E-06
558	14	0	0	0	0	0	0	232	254	0	-1.94E-05	-1.79E-06	-7.77E-06	-6.94E-06
558	15	0	0	0	0	0	0	232	254	0	-1.94E-05	-1.79E-06	-7.77E-06	-6.94E-06
558	16	0	0	0	0	0	0	232	254	0	-1.93E-05	1.02E-06	-7.37E-06	-8.21E-06
558	17	0	0	0	0	0	0	232	254	0	-2.03E-05	7.21E-06	-7.93E-06	-7.83E-06
558	18	0	0	0	0	0	0	232	254	0	-2.03E-05	7.21E-06	-7.93E-06	-7.83E-06
558	19	0	0	0	0	0	0	232	254	0	-1.98E-05	1.30E-05	-7.51E-06	-7.03E-06
559	0	0	0	0	0	0	0	232	254	0	-1.98E-05	1.30E-05	-7.51E-06	-7.03E-06
559	1	0	0	0	0	0	0	232	254	0	-1.98E-05	1.56E-05	-6.62E-06	-8.07E-06
559	2	0	0	0	0	0	0	232	254	0	-1.98E-05	1.56E-05	-6.62E-06	-8.07E-06
559	3	0	0	0	0	0	0	232	254	0	-2.07E-05	1.19E-05	-6.73E-06	-9.75E-06
559	4	0	0	0	0	0	0	232	254	0	-2.07E-05	1.19E-05	-6.73E-06	-9.75E-06
559	5	0	0	0	0	0	0	232	254	0	-2.00E-05	7.16E-06	-6.76E-06	-9.88E-06
559	6	0	0	0	0	0	0	232	254	0	-2.02E-05	6.35E-06	-7.07E-06	-1.10E-05
559	7	0	0	0	0	0	0	232	254	0	-2.02E-05	6.35E-06	-7.07E-06	-1.10E-05
559	8	0	0	0	0	0	0	232	254	0	-2.06E-05	7.02E-06	-6.27E-06	-1.09E-05
559	9	0	0	0	0	0	0	232	254	0	-2.06E-05	7.02E-06	-6.27E-06	-1.09E-05
559	10	0	0	0	0	0	0	232	254	0	-2.04E-05	7.34E-06	-6.47E-06	-1.13E-05
559	11	0	0	0	0	0	0	232	254	0	-2.04E-05	7.34E-06	-6.47E-06	-1.13E-05
559	12	0	0	0	0	0	0	232	254	0	-2.03E-05	7.27E-06	-8.02E-06	-1.23E-05
559	13	0	0	0	0	0	0	232	254	0	-2.03E-05	7.27E-06	-8.02E-06	-1.23E-05
559	14	0	0	0	0	0	0	232	254	0	-2.19E-05	7.22E-06	-7.85E-06	-1.28E-05
559	15	0	0	0	0	0	0	232	254	0	-2.18E-05	7.22E-06	-6.84E-06	-1.21E-05
559	16	0	0	0	0	0	0	232	254	0	-2.18E-05	7.22E-06	-6.84E-06	-1.21E-05
559	17	0	0	0	0	0	0	232	254	0	-2.08E-05	7.10E-06	-7.49E-06	-1.33E-05
559	18	0	0	0	0	0	0	232	254	0	-2.08E-05	7.10E-06	-7.49E-06	-1.33E-05
559	19	0	0	0	0	0	0	232	254	0	-2.04E-05	5.03E-06	-8.84E-06	-1.23E-05
560	0	0	0	0	0	0	0	232	254	0	-2.04E-05	5.03E-06	-8.84E-06	-1.23E-05
560	1	0	0	0	0	0	0	232	254	0	-2.13E-05	3.25E-06	-8.99E-06	-1.11E-05
560	2	0	0	0	0	0	0	232	254	0	-2.13E-05	3.25E-06	-8.99E-06	-1.11E-05
560	3	0	0	0	0	0	0	232	254	0	-2.12E-05	3.33E-06	-9.61E-06	-1.28E-05
560	4	0	0	0	0	0	0	232	254	0	-2.10E-05	2.81E-06	-1.12E-05	-1.56E-05
560	5	0	0	0	0	0	0	232	254	0	-2.10E-05	2.81E-06	-1.12E-05	-1.56E-05
560	6	0	0	0	0	0	0	232	254	0	-2.24E-05	5.02E-07	-1.17E-05	-1.66E-05
560	7	0	0	0	0	0	0	232	254	0	-2.24E-05	5.02E-07	-1.17E-05	-1.66E-05
560	8	0	0	0	0	0	0	232	254	0	-2.25E-05	7.32E-07	-1.19E-05	-1.02E-05
560	9	0	0	0	0	0	0	232	254	0	-2.25E-05	7.32E-07	-1.19E-05	-1.02E-05
560	10	0	0	0	0	0	0	232	254	0	-2.21E-05	1.77E-06	-1.05E-05	-8.38E-06
560	11	0	0	0	0	0	0	232	254	0	-2.21E-05	1.77E-06	-1.05E-05	-8.38E-06
560	12	0	0	0	0	0	0	232	254	0	-2.21E-05	1.30E-06	-1.00E-05	-7.90E-06
560	13	0	0	0	0	0	0	232	254	0	-2.19E-05	1.77E-07	-9.00E-06	-5.89E-06
560	14	0	0	0	0	0	0	232	254	0	-2.19E-05	1.77E-07	-9.00E-06	-5.89E-06
560	15	0	0	0	0	0	0	232	254	0	-2.10E-05	-8.79E-07	-8.32E-06	-6.39E-06
560	16	0	0	0	0	0	0	232	254	0	-2.10E-05	-8.79E-07	-8.32E-06	-6.39E-06
560	17	0	0	0	0	0	0	232	254	0	-2.18E-05	-1.17E-06	-8.94E-06	-7.59E-06
560	18	0	0	0	0	0	0	232	254	0	-2.18E-05	-1.17E-06	-8.94E-06	-7.59E-06
560	19	0	0	0	0	0	0	232	254	0	-2.18E-05	-5.82E-07	-8.52E-06	-7.89E-06
561	0	0	0	0	0	0	0	232	254	0	-2.18E-05	-5.82E-07	-8.52E-06	-7.89E-06
561	1	0	0	0	0	0	0	232	254	0	-2.17E-05	-2.17E-07	-8.58E-06	-1.22E-05
561	2	0	0	0	0	0	0	232	254	0	-2.19E-05	8.99E-07	-8.85E-06	-1.61E-05
561	3	0	0	0	0	0	0	232	254	0	-2.19E-05	8.99E-07	-8.85E-06	-1.61E-05
561	4	0	0	0	0	0	0	232	254	0	-2.18E-05	1.34E-06	-1.08E-05	-1.55E-05
561	5	0	0	0	0	0	0	232	254	0	-2.18E-05	1.34E-06	-1.08E-05	-1.55E-05
561	6	0	0	0	0	0	0	232	254	0	-2.14E-05	1.11E-06	-1.11E-05	-1.22E-05
561	7	0	0	0	0	0	0	232	254	0	-2.14E-05	1.11E-06	-1.11E-05	-1.22E-05
561	8	0	0	0	0	0	0	232	254	0	-2.16E-05	1.60E-06	-1.09E-05	-9.18E-06
561	9	0	0	0	0	0	0	232	254	0	-2.16E-05	1.60E-06	-1.09E-05	-9.18E-06
561	10	0	0	0	0	0	0	232	254	0	-2.21E-05	4.46E-06	-1.09E-05	-7.33E-06
561	11	0	0	0	0	0	0	232	254	0	-2.16E-05	5.54E-06	-1.11E-05	-5.70E-06
561	12	0	0	0	0	0	0	232	254	0	-2.16E-05	5.54E-06	-1.11E-05	-5.70E-06
561	13	0	0	0	0	0	0	232	254	0	-2.04E-05	5.06E-06	-1.10E-05	-7.69E-06
561	14	0	0	0	0	0	0	232	254	0	-2.04E-05	5.06E-06	-1.10E-05	-7.69E-06
561	15	0	0	0	0	0	0	232	254	0	-2.21E-05	5.10E-06	-9.49E-06	-1.16E-05
561	16	0	0	0	0	0	0	232	254	0	-2.21E-05	5.10E-06	-9.49E-06	-1.16E-05
561	17	0	0	0	0	0	0	232	254	0	-2.28E-05	3.78E-06	-9.37E-06	-1.33E-05
561	18	0	0	0	0	0	0	232	254	0	-2.28E-05	3.78E-06	-9.37E-06	-1.33E-05
561	19	0	0	0	0	0	0	232	254	0	-2.08E-05	3.19E-06	-9.33E-06	-1.53E-05
562	0	0	0	0	0	0	0	232	254	0	-2.14E-05	6.04E-06	-9.71E-06	-1.64E-05
562	1	0	0	0	0	0	0	232	254	0	-2.14E-05	6.04E-06	-9.71E-06	-1.64E-05
562	2	0	0	0	0	0	0	232	254	0	-2.18E-05	8.88E-06	-9.67E-06	-1.40E-05
562	3	0	0	0	0	0	0	232	254	0	-2.18E-05	8.88E-06	-9.67E-06	-1.40E-05
562	4	0	0	0	0	0	0	232	254	0	-2.02E-05	7.43E-06	-1.05E-05	-1.32E-05
562	5	0	0	0	0	0	0	232	254	0	-2.02E-05	7.43E-06	-1.05E-05	-1.32E-05
562	6	0	0	0	0	0	0	232	254	0	-2.08E-05	6.07E-06	-1.09E-05	-1.27E-05
562	7	0	0	0	0	0	0	232	254	0	-2.08E-05	6.07E-06	-1.09E-05	-1.27E-05
562	8	0	0	0	0	0	0	232	254	0	-2.13E-05	5.87E-06	-9.01E-06	-1.51E-05
562	9	0	0	0	0	0	0	232	254	0	-1.99E-05	4.93E-06	-7.99E-06	-1.98E-05
562	10	0	0	0	0	0	0	232	254	0	-1.99E-05	4.93E-06	-7.99E-06	-1.98E-05
562	11	0	0	0	0	0	0	232	254	0	-1.97E-05	4.89E-06	-8.36E-06	-1.99E-05
562	12	0	0	0	0	0	0	232	254	0	-1.97E-05	4.89E-06	-8.36E-06	-1.99E-05
562	13	0	0	0	0	0	0	232	254	0	-1.99E-05	4.68E-06	-7.49E-06	-1.91E-05
562	14	0	0	0	0	0	0	232	254	0	-1.99E-05	4.68E-06	-7.49E-06	-1.91E-05
562	15	0	0	0	0	0	0	232	254	0	-1.97E-05	4.41E-06	-7.64E-06	-1.61E-05
562	16	0	0	0	0	0	0	232	254	0	-1.97E-05	4.41E-06	-7.64E-06	-1.61E-05
562	17	0	0	0	0	0	0	232	254	0	-1.89E-05	5.67E-06	-9.43E-06	-1.02E-05
562	18	0	0	0	0	0	0	232	254	0	-1.96E-05	6.92E-06	-9.00E-06	-9.65E-06
562	19	0	0	0	0	0	0	232	254	0	-1.96E-05	6.92E-06	-9.00E-06	-9.65E-06
563	0	0	0	0	0	0	0	232	254	0	-1.96E-05	5.08E-06	-8.32E-06	-1.18E-05
563	1	0	0	0	0	0	0	232	254	0	-1.96E-05	5.08E-06	-8.32E-06	-1.18E-05
563	2	0	0	0	0	0	0	232	254	0	-1.99E-05	3.60E-06	-7.75E-06	-1.35E-05
563	3	0	0	0	0	0	0	232	254	0	-1.99E-05	3.60E-06	-7.75E-06	-1.35E-05
563	4	0	0	0	0	0	0	232	254	0	-2.07E-05	4.90E-06	-7.20E-06	-1.54E-05
563	5	0	0	0	0	0	0	232	254	0	-2.07E-05	4.90E-06	-7.20E-06	-1.54E-05
563	6	0	0	0	0	0	0	232	254	0	-2.07E-05	5.66E-06	-7.64E-06	-1.49E-05
563	7	0	0	0	0	0	0	232	254	0	-1.98E-05	4.64E-06	-7.41E-06	-1.38E-05
563	8	0	0	0	0	0	0	232	254	0	-1.98E-05	4.64E-06	-7.41E-06	-1.38E-05
563	9	0	0	0	0	0	0	232	254	0	-2.05E-05	5.03E-06	-9.00E-06	-1.53E-05
563	10	0	0	0	0	0	0	232	254	0	-2.05E-05	5.03E-06	-9.00E-06	-1.53E-05
563	11	0	0	0	0	0	0	232	254	0	-2.15E-05	5.37E-06	-1.06E-05	-1.55E-05
563	12	0	0	0	0	0	0	232	254	0	-2.15E-05	5.37E-06	-1.06E-05	-1.55E-05
563	13	0	0	0	0	0	0	232	254	0	-2.26E-05	4.90E-06	-9.61E-06	-1.48E-05
563	14	0	0	0	0	0	0	232	254	0	-2.26E-05	4.90E-06	-9.61E-06	-1.48E-05
563	15	0	0	0	0	0	0	232	254	0	-2.37E-05	5.53E-06	-7.88E-06	-1.61E-05
563	16	0	0	0	0	0	0	232	254	0	-2.27E-05	4.69E-06	-8.45E-06	-1.83E-05
563	17	0	0	0	0	0	0	232	254	0	-2.27E-05	4.69E-06	-8.45E-06	-1.83E-05
563	18	0	0	0	0	0	0	232	254	0	-2.01E-05	3.96E-06	-9.37E-06	-1.67E-05
563	19	0	0	0	0	0	0	232	254	0	-2.01E-05	3.96E-06	-9.37E-06	-1.67E-05
564	0	0	0	0	0	0	0	232	254	0	-1.91E-05	5.76E-06	-9.21E-06	-1.52E-05
564	1	0	0	0	0	0	0	232	254	0	-1.91E-05	5.76E-06	-9.21E-06	-1.52E-05
564	2	0	0	0	0	0	0	232	254	0	-1.92E-05	6.31E-06	-9.30E-06	-1.57E-05
564	3	0	0	0	0	0	0	232	254	0	-1.92E-05	6.31E-06	-9.30E-06	-1.57E-05
564	4	0	0	0	0	0	0	232	254	0	-1.91E-05	8.11E-06	-9.04E-06	-1.38E-05
564	5	0	0	0	0	0	0	232	254	0	-1.94E-05	9.13E-06	-9.13E-06	-1.27E-05
564	6	0	0	0	0	0	0	232	254	0	-1.94E-05	9.13E-06	-9.13E-06	-1.27E-05
564	7	0	0	0	0	0	0	232	254	0	-1.99E-05	6.86E-06	-9.47E-06	-1.10E-05
564	8	0	0	0	0	0	0	232	254	0	-1.99E-05	6.86E-06	-9.47E-06	-1.10E-05
564	9	0	0	0	0	0	0	232	254	0	-2.02E-05	4.69E-06	-8.86E-06	-1.34E-05
564	10	0	0	0	0	0	0	232	254	0	-2.02E-05	4.69E-06	-8.86E-06	-1.34E-05
564	11	0	0	0	0	0	0	232	254	0	-2.23E-05	4.91E-06	-8.32E-06	-1.40E-05
564	12	0	0	0	0	0	0	232	254	0	-2.23E-05	4.91E-06	-8.32E-06	-1.40E-05
564	13	0	0	0	0	0	0	232	254	0	-2.26E-05	4.25E-06	-8.46E-06	-1.08E-05
564	14	0	0	0	0	0	0	232	254	0	-2.22E-05	4.57E-06	-9.27E-06	-7.20E-06
564	15	0	0	0	0	0	0	232	254	0	-2.22E-05	4.57E-06	-9.27E-06	-7.20E-06
564	16	0	0	0	0	0	0	232	254	0	-2.06E-05	6.05E-06	-9.45E-06	-7.63E-06
564	17	0	0	0	0	0	0	232	254	0	-2.06E-05	6.05E-06	-9.45E-06	-7.63E-06
564	18	0	0	0	0	0	0	232	254	0	-1.95E-05	5.95E-06	-9.04E-06	-9.17E-06
564	19	0	0	0	0	0	0	232	254	0	-1.95E-05	5.95E-06	-9.04E-06	-9.17E-06
565	0	0	0	0	0	0	0	232	254	0	-2.10E-05	4.76E-06	-8.18E-06	-9.33E-06
565	1	0	0	0	0	0	0	232	254	0	-2.10E-05	4.76E-06	-8.18E-06	-9.33E-06
565	2	0	0	0	0	0	0	232	254	0	-2.17E-05	4.72E-06	-8.13E-06	-1.11E-05
565	3	0	0	0	0	0	0	232	254	0	-2.09E-05	3.68E-06	-8.70E-06	-1.25E-05
565	4	0	0	0	0	0	0	232	254	0	-2.09E-05	3.68E-06	-8.70E-06	-1.25E-05
565	5	0	0	0	0	0	0	232	254	0	-2.01E-05	3.19E-06	-7.71E-06	-9.55E-06
565	6	0	0	0	0	0	0	232	254	0	-2.01E-05	3.19E-06	-7.71E-06	-9.55E-06
565	7	0	0	0	0	0	0	232	254	0	-1.92E-05	2.48E-06	-7.22E-06	-1.05E-05
565	8	0	0	0	0	0	0	232	254	0	-1.92E-05	2.48E-06	-7.22E-06	-1.05E-05
565	9	0	0	0	0	0	0	232	254	0	-1.94E-05	3.13E-06	-9.35E-06	-1.26E-05
565	10	0	0	0	0	0	0	232	254	0	-1.94E-05	3.13E-06	-9.35E-06	-1.26E-05
565	11	0	0	0	0	0	0	232	254	0	-1.92E-05	3.52E-06	-9.41E-06	-1.34E-05
565	12	0	0	0	0	0	0	232	254	0	-1.96E-05	3.76E-06	-8.47E-06	-1.36E-05
565	13	0	0	0	0	0	0	232	254	0	-1.96E-05	3.76E-06	-8.47E-06	-1.36E-05
565	14	0	0	0	0	0	0	232	254	0	-1.93E-05	4.45E-06	-8.70E-06	-1.12E-05
565	15	0	0	0	0	0	0	232	254	0	-1.93E-05	4.45E-06	-8.70E-06	-1.12E-05
565	16	0	0	0	0	0	0	232	254	0	-1.87E-05	5.29E-06	-9.37E-06	-1.19E-05
565	17	0	0	0	0	0	0	232	254	0	-1.87E-05	5.29E-06	-9.37E-06	-1.19E-05
565	18	0	0	0	0	0	0	232	254	0	-1.82E-05	4.59E-06	-9.57E-06	-1.15E-05
565	19	0	0	0	0	0	0	232	254	0	-1.82E-05	4.59E-06	-9.57E-06	-1.15E-05
566	0	0	0	0	0	0	0	232	254	0	-1.85E-05	2.54E-06	-8.62E-06	-7.64E-06
566	1	0	0	0	0	0	0	232	254	0	-1.99E-05	4.23E-07	-8.70E-06	-6.68E-06
566	2	0	0	0	0	0	0	232	254	0	-1.99E-05	4.23E-07	-8.70E-06	-6.68E-06
566	3	0	0	0	0	0	0	232	254	0	-2.10E-05	7.81E-07	-9.37E-06	-1.04E-05
566	4	0	0	0	0	0	0	232	254	0	-2.10E-05	7.81E-07	-9.37E-06	-1.04E-05
566	5	0	0	0	0	0	0	232	254	0	-2.15E-05	1.89E-06	-8.97E-06	-1.33E-05
566	6	0	0	0	0	0	0	232	254	0	-2.15E-05	1.89E-06	-8.97E-06	-1.33E-05
566	7	0	0	0	0	0	0	232	254	0	-2.12E-05	2.42E-06	-8.14E-06	-1.46E-05
566	8	0	0	0	0	0	0	232	254	0	-2.12E-05	2.42E-06	-8.14E-06	-1.46E-05
566	9	0	0	0	0	0	0	232	254	0	-2.17E-05	4.42E-06	-9.08E-06	-1.45E-05
566	10	0	0	0	0	0	0	232	254	0	-2.27E-05	5.44E-06	-9.21E-06	-1.19E-05
566	11	0	0	0	0	0	0	232	254	0	-2.27E-05	5.44E-06	-9.21E-06	-1.19E-05
566	12	0	0	0	0	0	0	232	254	0	-2.28E-05	5.54E-06	-8.23E-06	-9.96E-06
566	13	0	0	0	0	0	0	232	254	0	-2.28E-05	5.54E-06	-8.23E-06	-9.96E-06
566	14	0	0	0	0	0	0	232	254	0	-2.29E-05	6.13E-06	-8.60E-06	-1.13E-05
566	15	0	0	0	0	0	0	232	254	0	-2.29E-05	6.13E-06	-8.60E-06	-1.13E-05
566	16	0	0	0	0	0	0	232	254	0	-2.44E-05	6.50E-06	-8.90E-06	-1.39E-05
566	17	0	0	0	0	0	0	232	254	0	-2.44E-05	6.50E-06	-8.90E-06	-1.39E-05
566	18	0	0	0	0	0	0	232	254	0	-2.42E-05	5.95E-06	-9.13E-06	-1.48E-05
566	19	0	0	0	0	0	0	232	254	0	-2.37E-05	5.59E-06	-7.93E-06	-1.16E-05
567	0	0	0	0	0	0	0	232	254	0	-2.37E-05	5.59E-06	-7.93E-06	-1.16E-05
567	1	0	0	0	0	0	0	232	254	0	-2.44E-05	5.66E-06	-8.69E-06	-1.02E-05
567	2	0	0	0	0	0	0	232	254	0	-2.44E-05	5.66E-06	-8.69E-06	-1.02E-05
567	3	0	0	0	0	0	0	232	254	0	-2.41E-05	5.59E-06	-1.04E-05	-1.07E-05
567	4	0	0	0	0	0	0	232	254	0	-2.41E-05	5.59E-06	-1.04E-05	-1.07E-05
567	5	0	0	0	0	0	0	232	254	0	-2.37E-05	5.30E-06	-9.72E-06	-1.04E-05
567	6	0	0	0	0	0	0	232	254	0	-2.37E-05	5.30E-06	-9.72E-06	-1.04E-05
567	7	0	0	0	0	0	0	232	254	0	-2.30E-05	4.49E-06	-9.71E-06	-1.07E-05
567	8	0	0	0	0	0	0	232	254	0	-2.29E-05	4.91E-06	-1.13E-05	-1.30E-05
567	9	0	0	0	0	0	0	232	254	0	-2.29E-05	4.91E-06	-1.13E-05	-1.30E-05
567	10	0	0	0	0	0	0	232	254	0	-2.25E-05	6.03E-06	-1.17E-05	-1.33E-05
567	11	0	0	0	0	0	0	232	254	0	-2.25E-05	6.03E-06	-1.17E-05	-1.33E-05
567	12	0	0	0	0	0	0	232	254	0	-2.04E-05	6.85E-06	-9.80E-06	-8.70E-06
567	13	0	0	0	0	0	0	232	254	0	-2.04E-05	6.85E-06	-9.80E-06	-8.70E-06
567	14	0	0	0	0	0	0	232	254	0	-2.04E-05	6.93E-06	-9.06E-06	-7.12E-06
567	15	0	0	0	0	0	0	232	254	0	-2.04E-05	6.93E-06	-9.06E-06	-7.12E-06
567	16	0	0	0	0	0	0	232	254	0	-2.12E-05	5.10E-06	-8.71E-06	-8.29E-06
567	17	0	0	0	0	0	0	232	254	0	-2.23E-05	3.89E-06	-8.32E-06	-9.08E-06
567	18	0	0	0	0	0	0	232	254	0	-2.23E-05	3.89E-06	-8.32E-06	-9.08E-06
567	19	0	0	0	0	0	0	232	254	0	-2.15E-05	6.07E-06	-8.58E-06	-1.34E-05
568	0	0	0	0	0	0	0	232	254	0	-2.15E-05	6.07E-06	-8.58E-06	-1.34E-05
568	1	0	0	0	0	0	0	232	254	0	-2.05E-05	5.74E-06	-8.85E-06	-1.42E-05
568	2	0	0	0	0	0	0	232	254	0	-2.05E-05	5.74E-06	-8.85E-06	-1.42E-05
568	3	0	0	0	0	0	0	232	254	0	-2.14E-05	4.14E-06	-8.18E-06	-1.40E-05
568	4	0	0	0	0	0	0	232	254	0	-2.14E-05	4.14E-06	-8.18E-06	-1.40E-05
568	5	0	0	0	0	0	0	232	254	0	-2.11E-05	5.24E-06	-9.55E-06	-1.18E-05
568	6	0	0	0	0	0	0	232	254	0	-2.08E-05	7.30E-06	-1.05E-05	-9.13E-06
568	7	0	0	0	0	0	0	232	254	0	-2.08E-05	7.30E-06	-1.05E-05	-9.13E-06
568	8	0	0	0	0	0	0	232	254	0	-1.95E-05	6.23E-06	-9.51E-06	-1.02E-05
568	9	0	0	0	0	0	0	232	254	0	-1.95E-05	6.23E-06	-9.51E-06	-1.02E-05
568	10	0	0	0	0	0	0	232	254	0	-1.88E-05	4.35E-06	-8.00E-06	-9.96E-06
568	11	0	0	0	0	0	0	232	254	0	-1.88E-05	4.35E-06	-8.00E-06	-9.96E-06
568	12	0	0	0	0	0	0	232	254	0	-1.89E-05	3.15E-06	-6.49E-06	-1.06E-05
568	13	0	0	0	0	0	0	232	254	0	-1.89E-05	3.15E-06	-6.49E-06	-1.06E-05
568	14	0	0	0	0	0	0	232	254	0	-1.80E-05	1.55E-06	-6.64E-06	-1.25E-05
568	15	0	0	0	0	0	0	232	254	0	-1.86E-05	-2.98E-07	-7.36E-06	-1.50E-05
568	16	0	0	0	0	0	0	232	254	0	-1.86E-05	-2.98E-07	-7.36E-06	-1.50E-05
568	17	0	0	0	0	0	0	232	254	0	-2.02E-05	3.47E-07	-8.03E-06	-1.53E-05
568	18	0	0	0	0	0	0	232	254	0	-2.02E-05	3.47E-07	-8.03E-06	-1.53E-05
568	19	0	0	0	0	0	0	232	254	0	-2.10E-05	1.31E-06	-7.99E-06	-8.34E-06
569	0	0	0	0	0	0	0	232	254	0	-2.10E-05	1.31E-06	-7.99E-06	-8.34E-06
569	1	0	0	0	0	0	0	232	254	0	-2.06E-05	2.46E-06	-7.18E-06	-5.78E-06
569	2	0	0	0	0	0	0	232	254	0	-2.06E-05	2.46E-06	-7.18E-06	-5.78E-06
569	3	0	0	0	0	0	0	232	254	0	-2.00E-05	3.45E-06	-6.88E-06	-9.20E-06
569	4	0	0	0	0	0	0	232	254	0	-2.04E-05	4.17E-06	-7.36E-06	-7.49E-06
569	5	0	0	0	0	0	0	232	254	0	-2.04E-05	4.17E-06	-7.36E-06	-7.49E-06
569	6	0	0	0	0	0	0	232	254	0	-2.24E-05	3.53E-06	-7.32E-06	-7.75E-06
569	7	0	0	0	0	0	0	232	254	0	-2.24E-05	3.53E-06	-7.32E-06	-7.75E-06
569	8	0	0	0	0	0	0	232	254	0	-2.33E-05	3.31E-06	-6.98E-06	-9.70E-06
569	9	0	0	0	0	0	0	232	254	0	-2.33E-05	3.31E-06	-6.98E-06	-9.70E-06
569	10	0	0	0	0	0	0	232	254	0	-2.19E-05	2.65E-06	-7.36E-06	-1.47E-05
569	11	0	0	0	0	0	0	232	254	0	-2.19E-05	2.65E-06	-7.36E-06	-1.47E-05
569	12	0	0	0	0	0	0	232	254	0	-2.08E-05	1.99E-06	-7.79E-06	-1.71E-05
569	13	0	0	0	0	0	0	232	254	0	-2.04E-05	2.32E-06	-8.13E-06	-1.65E-05
569	14	0	0	0	0	0	0	232	254	0	-2.04E-05	2.32E-06	-8.13E-06	-1.65E-05
569	15	0	0	0	0	0	0	232	254	0	-2.00E-05	3.47E-06	-9.41E-06	-1.43E-05
569	16	0	0	0	0	0	0	232	254	0	-2.00E-05	3.47E-06	-9.41E-06	-1.43E-05
569	17	0	0	0	0	0	0	232	254	0	-1.96E-05	3.39E-06	-1.03E-05	-1.43E-05
569	18	0	0	0	0	0	0	232	254	0	-1.96E-05	3.39E-06	-1.03E-05	-1.43E-05
569	19	0	0	0	0	0	0	232	254	0	-1.92E-05	2.71E-06	-1.03E-05	-1.73E-05
570	0	0	0	0	0	0	0	232	254	0	-1.92E-05	2.71E-06	-1.03E-05	-1.73E-05
570	1	0	0	0	0	0	0	232	254	0	-1.97E-05	3.47E-06	-1.00E-05	-1.93E-05
570	2	0	0	0	0	0	0	232	254	0	-1.95E-05	2.67E-06	-9.67E-06	-1.70E-05
570	3	0	0	0	0	0	0	232	254	0	-1.95E-05	2.67E-06	-9.67E-06	-1.70E-05
570	4	0	0	0	0	0	0	232	254	0	-1.92E-05	5.21E-07	-9.33E-06	-1.63E-05
570	5	0	0	0	0	0	0	232	254	0	-1.92E-05	5.21E-07	-9.33E-06	-1.63E-05
570	6	0	0	0	0	0	0	232	254	0	-2.10E-05	1.49E-06	-9.23E-06	-1.73E-05
570	7	0	0	0	0	0	0	232	254	0	-2.10E-05	1.49E-06	-9.23E-06	-1.73E-05
570	8	0	0	0	0	0	0	232	254	0	-2.17E-05	2.66E-06	-9.11E-06	-1.49E-05
570	9	0	0	0	0	0	0	232	254	0	-2.17E-05	2.66E-06	-9.11E-06	-1.49E-05
570	10	0	0	0	0	0	0	232	254	0	-2.19E-05	3.09E-06	-9.66E-06	-9.61E-06
570	11	0	0	0	0	0	0	232	254	0	-2.18E-05	4.61E-06	-9.19E-06	-9.55E-06
570	12	0	0	0	0	0	0	232	254	0	-2.18E-05	4.61E-06	-9.19E-06	-9.55E-06
570	13	0	0	0	0	0	0	232	254	0	-2.06E-05	4.85E-06	-8.18E-06	-9.88E-06
570	14	0	0	0	0	0	0	232	254	0	-2.06E-05	4.85E-06	-8.18E-06	-9.88E-06
570	15	0	0	0	0	0	0	232	254	0	-2.12E-05	4.11E-06	-8.13E-06	-9.26E-06
570	16	0	0	0	0	0	0	232	254	0	-2.12E-05	4.11E-06	-8.13E-06	-9.26E-06
570	17	0	0	0	0	0	0	232	254	0	-2.02E-05	5.28E-06	-8.82E-06	-1.13E-05
570	18	0	0	0	0	0	0	232	254	0	-2.02E-05	5.28E-06	-8.82E-06	-1.13E-05
570	19	0	0	0	0	0	0	232	254	0	-2.15E-05	5.99E-06	-8.47E-06	-1.21E-05
571	0	0	0	0	0	0	0	232	254	0	-2.33E-05	5.92E-06	-8.22E-06	-7.69E-06
571	1	0	0	0	0	0	0	232	254	0	-2.33E-05	5.92E-06	-8.22E-06	-7.69E-06
571	2	0	0	0	0	0	0	232	254	0	-2.28E-05	6.82E-06	-8.22E-06	-6.59E-06
571	3	0	0	0	0	0	0	232	254	0	-2.28E-05	6.82E-06	-8.22E-06	-6.59E-06
571	4	0	0	0	0	0	0	232	254	0	-2.12E-05	6.03E-06	-9.17E-06	-1.02E-05
571	5	0	0	0	0	0	0	232	254	0	-2.12E-05	6.03E-06	-9.17E-06	-1.02E-05
571	6	0	0	0	0	0	0	232	254	0	-2.08E-05	3.76E-06	-1.09E-05	-1.50E-05
571	7	0	0	0	0	0	0	232	254	0	-2.08E-05	3.76E-06	-1.09E-05	-1.50E-05
571	8	0	0	0	0	0	0	232	254	0	-2.18E-05	3.14E-06	-1.09E-05	-1.53E-05
571	9	0	0	0	0	0	0	232	254	0	-2.25E-05	2.36E-06	-1.04E-05	-1.16E-05
571	10	0	0	0	0	0	0	232	254	0	-2.25E-05	2.36E-06	-1.04E-05	-1.16E-05
571	11	0	0	0	0	0	0	232	254	0	-2.19E-05	3.08E-06	-1.12E-05	-1.12E-05
571	12	0	0	0	0	0	0	232	254	0	-2.19E-05	3.08E-06	-1.12E-05	-1.12E-05
571	13	0	0	0	0	0	0	232	254	0	-2.19E-05	5.19E-06	-1.18E-05	-1.25E-05
571	14	0	0	0	0	0	0	232	254	0	-2.19E-05	5.19E-06	-1.18E-05	-1.25E-05
571	15	0	0	0	0	0	0	232	254	0	-2.27E-05	7.30E-06	-1.10E-05	-1.17E-05
571	16	0	0	0	0	0	0	232	254	0	-2.27E-05	7.30E-06	-1.10E-05	-1.17E-05
571	17	0	0	0	0	0	0	232	254	0	-2.42E-05	7.30E-06	-9.51E-06	-1.12E-05
571	18	0	0	0	0	0	0	232	254	0	-2.44E-05	6.69E-06	-9.42E-06	-1.15E-05
571	19	0	0	0	0	0	0	232	254	0	-2.44E-05	6.69E-06	-9.42E-06	-1.15E-05
572	0	0	0	0	0	0	0	232	254	0	-2.36E-05	5.95E-06	-9.57E-06	-1.30E-05
572	1	0	0	0	0	0	0	232	254	0	-2.36E-05	5.95E-06	-9.57E-06	-1.30E-05
572	2	0	0	0	0	0	0	232	254	0	-2.27E-05	7.25E-06	-9.57E-06	-1.29E-05
572	3	0	0	0	0	0	0	232	254	0	-2.27E-05	7.25E-06	-9.57E-06	-1.29E-05
572	4	0	0	0	0	0	0	232	254	0	-2.21E-05	6.23E-06	-8.86E-06	-1.48E-05
572	5	0	0	0	0	0	0	232	254	0	-2.21E-05	6.23E-06	-8.86E-06	-1.48E-05
572	6	0	0	0	0	0	0	232	254	0	-2.13E-05	5.78E-06	-8.44E-06	-1.66E-05
572	7	0	0	0	0	0	0	232	254	0	-2.03E-05	6.71E-06	-8.87E-06	-1.41E-05
572	8	0	0	0	0	0	0	232	254	0	-2.03E-05	6.71E-06	-8.87E-06	-1.41E-05
572	9	0	0	0	0	0	0	232	254	0	-1.88E-05	6.69E-06	-9.18E-06	-1.01E-05
572	10	0	0	0	0	0	0	232	254	0	-1.88E-05	6.69E-06	-9.18E-06	-1.01E-05
572	11	0	0	0	0	0	0	232	254	0	-1.83E-05	6.55E-06	-7.93E-06	-1.27E-05
572	12	0	0	0	0	0	0	232	254	0	-1.83E-05	6.55E-06	-7.93E-06	-1.27E-05
572	13	0	0	0	0	0	0	232	254	0	-1.88E-05	7.50E-06	-7.98E-06	-1.40E-05
572	14	0	0	0	0	0	0	232	254	0	-1.88E-05	7.50E-06	-7.98E-06	-1.40E-05
572	15	0	0	0	0	0	0	232	254	0	-1.90E-05	6.46E-06	-9.17E-06	-1.20E-05
572	16	0	0	0	0	0	0	232	254	0	-1.96E-05	6.35E-06	-8.86E-06	-1.41E-05
572	17	0	0	0	0	0	0	232	254	0	-1.96E-05	6.35E-06	-8.86E-06	-1.41E-05
572	18	0	0	0	0	0	0	232	254	0	-2.02E-05	6.78E-06	-8.20E-06	-1.55E-05
572	19	0	0	0	0	0	0	232	254	0	-2.02E-05	6.78E-06	-8.20E-06	-1.55E-05
573	0	0	0	0	0	0	0	232	254	0	-2.03E-05	4.51E-06	-8.65E-06	-1.51E-05
573	1	0	0	0	0	0	0	232	254	0	-2.03E-05	4.51E-06	-8.65E-06	-1.51E-05
573	2	0	0	0	0	0	0	232	254	0	-1.95E-05	2.93E-06	-9.37E-06	-1.26E-05
573	3	0	0	0	0	0	0	232	254	0	-1.95E-05	2.93E-06	-9.37E-06	-1.26E-05
573	4	0	0	0	0	0	0	232	254	0	-1.85E-05	2.92E-06	-9.57E-06	-1.32E-05
573	5	0	0	0	0	0	0	232	254	0	-2.02E-05	1.24E-06	-9.09E-06	-1.42E-05
573	6	0	0	0	0	0	0	232	254	0	-2.02E-05	1.24E-06	-9.09E-06	-1.42E-05
573	7	0	0	0	0	0	0	232	254	0	-2.15E-05	-1.63E-06	-9.01E-06	-1.65E-05
573	8	0	0	0	0	0	0	232	254	0	-2.15E-05	-1.63E-06	-9.01E-06	-1.65E-05
573	9	0	0	0	0	0	0	232	254	0	-2.03E-05	-3.82E-07	-8.47E-06	-1.54E-05
573	10	0	0	0	0	0	0	232	254	0	-2.03E-05	-3.82E-07	-8.47E-06	-1.54E-05
573	11	0	0	0	0	0	0	232	254	0	-1.99E-05	2.88E-06	-7.99E-06	-1.03E-05
573	12	0	0	0	0	0	0	232	254	0	-1.99E-05	2.88E-06	-7.99E-06	-1.03E-05
573	13	0	0	0	0	0	0	232	254	0	-2.04E-05	5.28E-06	-7.41E-06	-1.19E-05
573	14	0	0	0	0	0	0	232	254	0	-2.16E-05	7.77E-06	-7.45E-06	-1.28E-05
573	15	0	0	0	0	0	0	232	254	0	-2.16E-05	7.77E-06	-7.45E-06	-1.28E-05
573	16	0	0	0	0	0	0	232	254	0	-2.13E-05	9.39E-06	-8.03E-06	-1.38E-05
573	17	0	0	0	0	0	0	232	254	0	-2.13E-05	9.39E-06	-8.03E-06	-1.38E-05
573	18	0	0	0	0	0	0	232	254	0	-2.05E-05	9.62E-06	-8.94E-06	-2.04E-05
573	19	0	0	0	0	0	0	232	254	0	-2.05E-05	9.62E-06	-8.94E-06	-2.04E-05
574	0	0	0	0	0	0	0	232	254	0	-2.08E-05	9.45E-06	-1.02E-05	-1.92E-05
574	1	0	0	0	0	0	0	232	254	0	-2.08E-05	9.45E-06	-1.02E-05	-1.92E-05
574	2	0	0	0	0	0	0	232	254	0	-2.09E-05	1.06E-05	-1.22E-05	-1.39E-05
574	3	0	0	0	0	0	0	232	254	0	-2.11E-05	1.05E-05	-1.19E-05	-1.44E-05
574	4	0	0	0	0	0	0	232	254	0	-2.11E-05	1.05E-05	-1.19E-05	-1.44E-05
574	5	0	0	0	0	0	0	232	254	0	-2.15E-05	9.41E-06	-1.11E-05	-1.20E-05
574	6	0	0	0	0	0	0	232	254	0	-2.15E-05	9.41E-06	-1.11E-05	-1.20E-05
574	7	0	0	0	0	0	0	232	254	0	-2.19E-05	6.81E-06	-1.09E-05	-3.22E-06
574	8	0	0	0	0	0	0	232	254	0	-2.19E-05	6.81E-06	-1.09E-05	-3.22E-06
574	9	0	0	0	0	0	0	232	254	0	-2.20E-05	5.76E-06	-1.09E-05	-6.43E-07
574	10	0	0	0	0	0	0	232	254	0	-2.20E-05	5.76E-06	-1.09E-05	-6.43E-07
574	11	0	0	0	0	0	0	232	254	0	-2.20E-05	5.59E-06	-1.09E-05	-6.65E-06
574	12	0	0	0	0	0	0	232	254	0	-2.20E-05	5.30E-06	-9.49E-06	-9.89E-06
574	13	0	0	0	0	0	0	232	254	0	-2.20E-05	5.30E-06	-9.49E-06	-9.89E-06
574	14	0	0	0	0	0	0	232	254	0	-2.07E-05	3.54E-06	-7.95E-06	-1.00E-05
574	15	0	0	0	0	0	0	232	254	0	-2.07E-05	3.54E-06	-7.95E-06	-1.00E-05
574	16	0	0	0	0	0	0	232	254	0	-2.03E-05	2.14E-06	-7.67E-06	-1.06E-05
574	17	0	0	0	0	0	0	232	254	0	-2.03E-05	2.14E-06	-7.67E-06	-1.06E-05
574	18	0	0	0	0	0	0	232	254	0	-2.08E-05	8.97E-07	-8.55E-06	-1.28E-05
574	19	0	0	0	0	0	0	232	254	0	-2.08E-05	8.97E-07	-8.55E-06	-1.28E-05
575	0	0	0	0	0	0	0	232	254	0	-2.03E-05	7.41E-07	-8.78E-06	-1.23E-05
575	1	0	0	0	0	0	0	232	254	0	-2.02E-05	1.31E-06	-7.90E-06	-1.19E-05
575	2	0	0	0	0	0	0	232	254	0	-2.02E-05	1.31E-06	-7.90E-06	-1.19E-05
575	3	0	0	0	0	0	0	232	254	0	-2.17E-05	1.51E-06	-9.10E-06	-1.13E-05
575	4	0	0	0	0	0	0	232	254	0	-2.17E-05	1.51E-06	-9.10E-06	-1.13E-05
575	5	0	0	0	0	0	0	232	254	0	-2.16E-05	1.63E-06	-1.03E-05	-1.10E-05
575	6	0	0	0	0	0	0	232	254	0	-2.16E-05	1.63E-06	-1.03E-05	-1.10E-05
575	7	0	0	0	0	0	0	232	254	0	-2.06E-05	2.03E-06	-9.27E-06	-1.19E-05
575	8	0	0	0	0	0	0	232	254	0	-2.06E-05	2.03E-06	-9.27E-06	-1.19E-05
575	9	0	0	0	0	0	0	232	254	0	-2.03E-05	1.94E-06	-8.13E-06	-1.37E-05
575	10	0	0	0	0	0	0	232	254	0	-2.04E-05	1.85E-06	-7.77E-06	-1.34E-05
575	11	0	0	0	0	0	0	232	254	0	-2.04E-05	1.85E-06	-7.77E-06	-1.34E-05
575	12	0	0	0	0	0	0	232	254	0	-2.01E-05	1.02E-06	-9.03E-06	-1.11E-05
575	13	0	0	0	0	0	0	232	254	0	-2.01E-05	1.02E-06	-9.03E-06	-1.11E-05
575	14	0	0	0	0	0	0	232	254	0	-1.97E-05	1.50E-06	-9.33E-06	-1.31E-05
575	15	0	0	0	0	0	0	232	254	0	-1.97E-05	1.50E-06	-9.33E-06	-1.31E-05
575	16	0	0	0	0	0	0	232	254	0	-2.04E-05	2.32E-06	-8.99E-06	-1.57E-05
575	17	0	0	0	0	0	0	232	254	0	-2.04E-05	2.32E-06	-8.99E-06	-1.57E-05
575	18	0	0	0	0	0	0	232	254	0	-2.09E-05	3.47E-06	-8.42E-06	-1.58E-05
575	19	0	0	0	0	0	0	232	254	0	-2.12E-05	3.39E-06	-7.87E-06	-1.47E-05
576	0	0	0	0	0	0	0	232	254	0	-2.12E-05	3.39E-06	-7.87E-06	-1.47E-05
576	1	0	0	0	0	0	0	232	254	0	-1.97E-05	3.43E-06	-7.72E-06	-1.24E-05
576	2	0	0	0	0	0	0	232	254	0	-1.97E-05	3.43E-06	-7.72E-06	-1.24E-05
576	3	0	0	0	0	0	0	232	254	0	-1.84E-05	4.00E-06	-8.31E-06	-1.25E-05
576	4	0	0	0	0	0	0	232	254	0	-1.84E-05	4.00E-06	-8.31E-06	-1.25E-05
576	5	0	0	0	0	0	0	232	254	0	-1.93E-05	4.43E-06	-8.56E-06	-1.24E-05
576	6	0	0	0	0	0	0	232	254	0	-1.93E-05	4.43E-06	-8.56E-06	-1.24E-05
576	7	0	0	0	0	0	0	232	254	0	-1.95E-05	5.01E-06	-9.27E-06	-1.26E-05
576	8	0	0	0	0	0	0	232	254	0	-1.95E-05	3.30E-06	-1.03E-05	-1.28E-05
576	9	0	0	0	0	0	0	232	254	0	-1.95E-05	3.30E-06	-1.03E-05	-1.28E-05
576	10	0	0	0	0	0	0	232	254	0	-2.04E-05	1.33E-06	-1.08E-05	-1.22E-05
576	11	0	0	0	0	0	0	232	254	0	-2.04E-05	1.33E-06	-1.08E-05	-1.22E-05
576	12	0	0	0	0	0	0	232	254	0	-2.02E-05	1.79E-06	-1.04E-05	-1.31E-05
576	13	0	0	0	0	0	0	232	254	0	-2.02E-05	1.79E-06	-1.04E-05	-1.31E-05
576	14	0	0	0	0	0	0	232	254	0	-2.12E-05	7.57E-07	-1.02E-05	-1.05E-05
576	15	0	0	0	0	0	0	232	254	0	-2.12E-05	7.57E-07	-1.02E-05	-1.05E-05
576	16	0	0	0	0	0	0	232	254	0	-2.21E-05	1.59E-06	-1.04E-05	-1.23E-05
576	17	0	0	0	0	0	0	232	254	0	-2.33E-05	3.37E-06	-9.10E-06	-1.53E-05
576	18	0	0	0	0	0	0	232	254	0	-2.33E-05	3.37E-06	-9.10E-06	-1.53E-05
576	19	0	0	0	0	0	0	232	254	0	-2.44E-05	4.10E-06	-8.80E-06	-1.50E-05
577	0	0	0	0	0	0	0	232	254	0	-2.44E-05	4.10E-06	-8.80E-06	-1.50E-05
577	1	0	0	0	0	0	0	232	254	0	-2.44E-05	4.67E-06	-9.96E-06	-1.92E-05
577	2	0	0	0	0	0	0	232	254	0	-2.44E-05	4.67E-06	-9.96E-06	-1.92E-05
577	3	0	0	0	0	0	0	232	254	0	-2.43E-05	4.63E-06	-1.05E-05	-2.27E-05
577	4	0	0	0	0	0	0	232	254	0	-2.43E-05	4.63E-06	-1.05E-05	-2.27E-05
577	5	0	0	0	0	0	0	232	254	0	-2.39E-05	5.84E-06	-8.44E-06	-2.04E-05
577	6	0	0	0	0	0	0	232	254	0	-2.22E-05	4.84E-06	-6.60E-06	-1.66E-05
577	7	0	0	0	0	0	0	232	254	0	-2.22E-05	4.84E-06	-6.60E-06	-1.66E-05
577	8	0	0	0	0	0	0	232	254	0	-2.07E-05	3.48E-06	-7.16E-06	-1.58E-05
577	9	0	0	0	0	0	0	232	254	0	-2.07E-05	3.48E-06	-7.16E-06	-1.58E-05
577	10	0	0	0	0	0	0	232	254	0	-2.09E-05	4.85E-06	-7.20E-06	-1.43E-05
577	11	0	0	0	0	0	0	232	254	0	-2.09E-05	4.85E-06	-7.20E-06	-1.43E-05
577	12	0	0	0	0	0	0	232	254	0	-2.11E-05	5.90E-06	-6.93E-06	-1.17E-05
577	13	0	0	0	0	0	0	232	254	0	-2.11E-05	5.90E-06	-6.93E-06	-1.17E-05
577	14	0	0	0	0	0	0	232	254	0	-2.03E-05	5.21E-06	-5.81E-06	-8.54E-06
577	15	0	0	0	0	0	0	232	254	0	-1.94E-05	4.27E-06	-5.13E-06	-7.08E-06
577	16	0	0	0	0	0	0	232	254	0	-1.94E-05	4.27E-06	-5.13E-06	-7.08E-06
577	17	0	0	0	0	0	0	232	254	0	-1.90E-05	2.49E-06	-6.82E-06	-8.07E-06
577	18	0	0	0	0	0	0	232	254	0	-1.90E-05	2.49E-06	-6.82E-06	-8.07E-06
577	19	0	0	0	0	0	0	232	254	0	-2.03E-05	4.58E-06	-8.15E-06	-7.85E-06
578	0	0	0	0	0	0	0	232	254	0	-2.03E-05	4.58E-06	-8.15E-06	-7.85E-06
578	1	0	0	0	0	0	0	232	254	0	-2.02E-05	5.83E-06	-8.16E-06	-8.74E-06
578	2	0	0	0	0	0	0	232	254	0	-2.02E-05	5.83E-06	-8.16E-06	-8.74E-06
578	3	0	0	0	0	0	0	232	254	0	-2.09E-05	7.30E-06	-8.29E-06	-1.29E-05
578	4	0	0	0	0	0	0	232	254	0	-2.12E-05	6.70E-06	-8.99E-06	-1.41E-05
578	5	0	0	0	0	0	0	232	254	0	-2.12E-05	6.70E-06	-8.99E-06	-1.41E-05
578	6	0	0	0	0	0	0	232	254	0	-2.14E-05	5.02E-06	-8.76E-06	-9.90E-06
578	7	0	0	0	0	0	0	232	254	0	-2.14E-05	5.02E-06	-8.76E-06	-9.90E-06
578	8	0	0	0	0	0	0	232	254	0	-2.16E-05	6.67E-06	-9.27E-06	-1.05E-05
578	9	0	0	0	0	0	0	232	254	0	-2.16E-05	6.67E-06	-9.27E-06	-1.05E-05
578	10	0	0	0	0	0	0	232	254	0	-2.12E-05	5.89E-06	-8.62E-06	-1.14E-05
578	11	0	0	0	0	0	0	232	254	0	-2.12E-05	5.89E-06	-8.62E-06	-1.14E-05
578	12	0	0	0	0	0	0	232	254	0	-2.07E-05	4.97E-06	-8.22E-06	-1.13E-05
578	13	0	0	0	0	0	0	232	254	0	-2.12E-05	6.53E-06	-7.75E-06	-9.11E-06
578	14	0	0	0	0	0	0	232	254	0	-2.12E-05	6.53E-06	-7.75E-06	-9.11E-06
578	15	0	0	0	0	0	0	232	254	0	-2.17E-05	6.15E-06	-7.55E-06	-7.99E-06
578	16	0	0	0	0	0	0	232	254	0	-2.17E-05	6.15E-06	-7.55E-06	-7.99E-06
578	17	0	0	0	0	0	0	232	254	0	-2.23E-05	6.89E-06	-7.08E-06	-8.72E-06
578	18	0	0	0	0	0	0	232	254	0	-2.23E-05	6.89E-06	-7.08E-06	-8.72E-06
578	19	0	0	0	0	0	0	232	254	0	-2.30E-05	7.50E-06	-7.12E-06	-1.19E-05
579	0	0	0	0	0	0	0	232	254	0	-2.30E-05	7.50E-06	-7.12E-06	-1.19E-05
579	1	0	0	0	0	0	0	232	254	0	-2.21E-05	7.55E-06	-9.59E-06	-1.25E-05
579	2	0	0	0	0	0	0	232	254	0	-2.21E-05	7.08E-06	-1.06E-05	-1.07E-05
579	3	0	0	0	0	0	0	232	254	0	-2.21E-05	7.08E-06	-1.06E-05	-1.07E-05
579	4	0	0	0	0	0	0	232	254	0	-2.22E-05	5.22E-06	-8.67E-06	-1.16E-05
579	5	0	0	0	0	0	0	232	254	0	-2.22E-05	5.22E-06	-8.67E-06	-1.16E-05
579	6	0	0	0	0	0	0	232	254	0	-2.07E-05	4.53E-06	-8.01E-06	-1.52E-05
579	7	0	0	0	0	0	0	232	254	0	-2.07E-05	4.53E-06	-8.01E-06	-1.52E-05
579	8	0	0	0	0	0	0	232	254	0	-2.01E-05	3.11E-06	-8.65E-06	-1.78E-05
579	9	0	0	0	0	0	0	232	254	0	-2.01E-05	3.11E-06	-8.65E-06	-1.78E-05
579	10	0	0	0	0	0	0	232	254	0	-2.10E-05	3.35E-06	-9.13E-06	-1.63E-05
579	11	0	0	0	0	0	0	232	254	0	-2.06E-05	2.51E-06	-9.71E-06	-1.29E-05
579	12	0	0	0	0	0	0	232	254	0	-2.06E-05	2.51E-06	-9.71E-06	-1.29E-05
579	13	0	0	0	0	0	0	232	254	0	-1.98E-05	2.37E-06	-9.19E-06	-8.95E-06
579	14	0	0	0	0	0	0	232	254	0	-1.98E-05	2.37E-06	-9.19E-06	-8.95E-06
579	15	0	0	0	0	0	0	232	254	0	-2.08E-05	3.23E-06	-8.90E-06	-5.94E-06
579	16	0	0	0	0	0	0	232	254	0	-2.08E-05	3.23E-06	-8.90E-06	-5.94E-06
579	17	0	0	0	0	0	0	232	254	0	-2.16E-05	1.86E-06	-9.37E-06	-7.34E-06
579	18	0	0	0	0	0	0	232	254	0	-2.16E-05	1.86E-06	-9.37E-06	-7.34E-06
579	19	0	0	0	0	0	0	232	254	0	-2.09E-05	2.12E-06	-8.62E-06	-1.10E-05
580	0	0	0	0	0	0	0	232	254	0	-1.96E-05	3.35E-06	-8.58E-06	-9.95E-06
580	1	0	0	0	0	0	0	232	254	0	-1.96E-05	3.35E-06	-8.58E-06	-9.95E-06
580	2	0	0	0	0	0	0	232	254	0	-2.04E-05	4.64E-06	-9.08E-06	-7.16E-06
580	3	0	0	0	0	0	0	232	254	0	-2.04E-05	4.64E-06	-9.08E-06	-7.16E-06
580	4	0	0	0	0	0	0	232	254	0	-2.15E-05	5.15E-06	-8.99E-06	-6.73E-06
580	5	0	0	0	0	0	0	232	254	0	-2.15E-05	5.15E-06	-8.99E-06	-6.73E-06
580	6	0	0	0	0	0	0	232	254	0	-2.02E-05	3.78E-06	-9.49E-06	-1.02E-05
580	7	0	0	0	0	0	0	232	254	0	-2.02E-05	3.78E-06	-9.49E-06	-1.02E-05
580	8	0	0	0	0	0	0	232	254	0	-2.11E-05	2.71E-06	-9.62E-06	-1.51E-05
580	9	0	0	0	0	0	0	232	254	0	-2.12E-05	2.52E-06	-1.03E-05	-1.79E-05
580	10	0	0	0	0	0	0	232	254	0	-2.12E-05	2.52E-06	-1.03E-05	-1.79E-05
580	11	0	0	0	0	0	0	232	254	0	-2.10E-05	4.06E-06	-9.86E-06	-1.74E-05
580	12	0	0	0	0	0	0	232	254	0	-2.10E-05	4.06E-06	-9.86E-06	-1.74E-05
580	13	0	0	0	0	0	0	232	254	0	-2.12E-05	4.34E-06	-9.21E-06	-1.51E-05
580	14	0	0	0	0	0	0	232	254	0	-2.12E-05	4.34E-06	-9.21E-06	-1.51E-05
580	15	0	0	0	0	0	0	232	254	0	-2.06E-05	4.43E-06	-9.18E-06	-1.09E-05
580	16	0	0	0	0	0	0	232	254	0	-2.06E-05	4.43E-06	-9.18E-06	-1.09E-05
580	17	0	0	0	0	0	0	232	254	0	-2.16E-05	4.18E-06	-8.88E-06	-4.10E-06
580	18	0	0	0	0	0	0	232	254	0	-2.22E-05	4.86E-06	-8.61E-06	-4.10E-06
580	19	0	0	0	0	0	0	232	254	0	-2.22E-05	4.86E-06	-8.61E-06	-4.10E-06
581	0	0	0	0	0	0	0	232	254	0	-2.18E-05	6.87E-06	-8.80E-06	-8.00E-06
581	1	0	0	0	0	0	0	232	254	0	-2.18E-05	6.87E-06	-8.80E-06	-8.00E-06
581	2	0	0	0	0	0	0	232	254	0	-2.24E-05	7.43E-06	-9.96E-06	-9.94E-06
581	3	0	0	0	0	0	0	232	254	0	-2.24E-05	7.43E-06	-9.96E-06	-9.94E-06
581	4	0	0	0	0	0	0	232	254	0	-2.14E-05	4.65E-06	-9.58E-06	-1.33E-05
581	5	0	0	0	0	0	0	232	254	0	-2.14E-05	4.65E-06	-9.58E-06	-1.33E-05
581	6	0	0	0	0	0	0	232	254	0	-2.00E-05	1.39E-06	-8.04E-06	-1.27E-05
581	7	0	0	0	0	0	0	232	254	0	-1.98E-05	-5.65E-07	-7.67E-06	-1.18E-05
581	8	0	0	0	0	0	0	232	254	0	-1.98E-05	-5.65E-07	-7.67E-06	-1.18E-05
581	9	0	0	0	0	0	0	232	254	0	-1.92E-05	-1.84E-06	-8.08E-06	-1.35E-05
581	10	0	0	0	0	0	0	232	254	0	-1.92E-05	-1.84E-06	-8.08E-06	-1.35E-05
581	11	0	0	0	0	0	0	232	254	0	-1.92E-05	7.87E-07	-8.94E-06	-1.38E-05
581	12	0	0	0	0	0	0	232	254	0	-1.92E-05	7.87E-07	-8.94E-06	-1.38E-05
581	13	0	0	0	0	0	0	232	254	0	-1.98E-05	5.22E-06	-1.01E-05	-1.28E-05
581	14	0	0	0	0	0	0	232	254	0	-1.98E-05	5.22E-06	-1.01E-05	-1.28E-05
581	15	0	0	0	0	0	0	232	254	0	-2.07E-05	8.21E-06	-1.20E-05	-1.00E-05
581	16	0	0	0	0	0	0	232	254	0	-2.15E-05	6.52E-06	-1.14E-05	-9.90E-06
581	17	0	0	0	0	0	0	232	254	0	-2.15E-05	6.52E-06	-1.14E-05	-9.90E-06
581	18	0	0	0	0	0	0	232	254	0	-2.12E-05	5.30E-06	-1.09E-05	-1.33E-05
581	19	0	0	0	0	0	0	232	254	0	-2.12E-05	5.30E-06	-1.09E-05	-1.33E-05
582	0	0	0	0	0	0	0	232	254	0	-2.16E-05	5.32E-06	-1.11E-05	-1.60E-05
582	1	0	0	0	0	0	0	232	254	0	-2.16E-05	5.32E-06	-1.11E-05	-1.60E-05
582	2	0	0	0	0	0	0	232	254	0	-2.21E-05	5.13E-06	-1.15E-05	-2.02E-05
582	3	0	0	0	0	0	0	232	254	0	-2.21E-05	5.13E-06	-1.15E-05	-2.02E-05
582	4	0	0	0	0	0	0	232	254	0	-2.11E-05	5.15E-06	-1.08E-05	-2.51E-05
582	5	0	0	0	0	0	0	232	254	0	-2.01E-05	3.30E-06	-9.46E-06	-2.55E-05
582	6	0	0	0	0	0	0	232	254	0	-2.01E-05	3.30E-06	-9.46E-06	-2.55E-05
582	7	0	0	0	0	0	0	232	254	0	-2.02E-05	1.57E-06	-1.06E-05	-2.19E-05
582	8	0	0	0	0	0	0	232	254	0	-2.02E-05	1.57E-06	-1.06E-05	-2.19E-05
582	9	0	0	0	0	0	0	232	254	0	-2.07E-05	1.77E-06	-1.22E-05	-1.66E-05
582	10	0	0	0	0	0	0	232	254	0	-2.07E-05	1.77E-06	-1.22E-05	-1.66E-05
582	11	0	0	0	0	0	0	232	254	0	-2.01E-05	2.37E-06	-1.14E-05	-1.30E-05
582	12	0	0	0	0	0	0	232	254	0	-2.01E-05	2.37E-06	-1.14E-05	-1.30E-05
582	13	0	0	0	0	0	0	232	254	0	-1.86E-05	4.66E-06	-1.09E-05	-8.45E-06
582	14	0	0	0	0	0	0	232	254	0	-1.87E-05	6.01E-06	-1.16E-05	-5.46E-06
582	15	0	0	0	0	0	0	232	254	0	-1.87E-05	6.01E-06	-1.16E-05	-5.46E-06
582	16	0	0	0	0	0	0	232	254	0	-1.94E-05	6.69E-06	-1.07E-05	-6.29E-06
582	17	0	0	0	0	0	0	232	254	0	-1.94E-05	6.69E-06	-1.07E-05	-6.29E-06
582	18	0	0	0	0	0	0	232	254	0	-2.04E-05	6.41E-06	-8.81E-06	-8.31E-06
582	19	0	0	0	0	0	0	232	254	0	-2.04E-05	6.41E-06	-8.81E-06	-8.31E-06