Frequency														
2000														
														
Frame	Sub-Frame	Fx	Fy	Fz	Mx	My	Mz	Cx	Cy	Cz	RF	BF	TA	LG
		N	N	N	N.mm	N.mm	N.mm	mm	mm	mm	V	V	V	V
1	0	0	0	0	0	0	0	232	254	0	-2.10E-05	3.52E-06	-8.22E-06	-1.64E-05
1	1	0	0	0	0	0	0	232	254	0	-2.16E-05	3.86E-06	-6.90E-06	-1.51E-05
1	2	0	0	0	0	0	0	232	254	0	-2.22E-05	2.86E-06	-7.88E-06	-1.64E-05
1	3	0	0	0	0	0	0	232	254	0	-2.22E-05	2.86E-06	-7.88E-06	-1.64E-05
1	4	0	0	0	0	0	0	232	254	0	-2.23E-05	3.35E-06	-8.88E-06	-1.64E-05
1	5	0	0	0	0	0	0	232	254	0	-2.23E-05	3.35E-06	-8.88E-06	-1.64E-05
1	6	0	0	0	0	0	0	232	254	0	-2.37E-05	3.86E-06	-8.56E-06	-1.46E-05
1	7	0	0	0	0	0	0	232	254	0	-2.37E-05	3.86E-06	-8.56E-06	-1.46E-05
1	8	0	0	0	0	0	0	232	254	0	-2.25E-05	5.19E-06	-8.89E-06	-1.36E-05
1	9	0	0	0	0	0	0	232	254	0	-2.25E-05	5.19E-06	-8.89E-06	-1.36E-05
1	10	0	0	0	0	0	0	232	254	0	-2.20E-05	5.87E-06	-9.39E-06	-1.29E-05
1	11	0	0	0	0	0	0	232	254	0	-2.07E-05	5.87E-06	-9.57E-06	-1.19E-05
1	12	0	0	0	0	0	0	232	254	0	-2.07E-05	5.87E-06	-9.57E-06	-1.19E-05
1	13	0	0	0	0	0	0	232	254	0	-2.16E-05	5.71E-06	-8.90E-06	-1.22E-05
1	14	0	0	0	0	0	0	232	254	0	-2.16E-05	5.71E-06	-8.90E-06	-1.22E-05
1	15	0	0	0	0	0	0	232	254	0	-2.25E-05	3.22E-06	-8.56E-06	-1.23E-05
1	16	0	0	0	0	0	0	232	254	0	-2.25E-05	3.22E-06	-8.56E-06	-1.23E-05
1	17	0	0	0	0	0	0	232	254	0	-2.40E-05	3.69E-06	-8.23E-06	-1.23E-05
1	18	0	0	0	0	0	0	232	254	0	-2.40E-05	3.69E-06	-8.23E-06	-1.23E-05
1	19	0	0	0	0	0	0	232	254	0	-2.37E-05	3.69E-06	-9.88E-06	-1.23E-05
2	0	0	0	0	0	0	0	232	254	0	-2.35E-05	3.86E-06	-9.41E-06	-9.10E-06
2	1	0	0	0	0	0	0	232	254	0	-2.35E-05	3.86E-06	-9.41E-06	-9.10E-06
2	2	0	0	0	0	0	0	232	254	0	-2.33E-05	4.86E-06	-8.24E-06	-7.74E-06
2	3	0	0	0	0	0	0	232	254	0	-2.33E-05	4.86E-06	-8.24E-06	-7.74E-06
2	4	0	0	0	0	0	0	232	254	0	-2.23E-05	4.54E-06	-9.22E-06	-9.55E-06
2	5	0	0	0	0	0	0	232	254	0	-2.23E-05	4.54E-06	-9.22E-06	-9.55E-06
2	6	0	0	0	0	0	0	232	254	0	-2.30E-05	4.53E-06	-1.02E-05	-1.19E-05
2	7	0	0	0	0	0	0	232	254	0	-2.30E-05	4.53E-06	-1.02E-05	-1.19E-05
2	8	0	0	0	0	0	0	232	254	0	-2.43E-05	4.86E-06	-9.24E-06	-1.62E-05
2	9	0	0	0	0	0	0	232	254	0	-2.37E-05	4.04E-06	-8.24E-06	-1.50E-05
2	10	0	0	0	0	0	0	232	254	0	-2.37E-05	4.04E-06	-8.24E-06	-1.50E-05
2	11	0	0	0	0	0	0	232	254	0	-2.23E-05	4.19E-06	-8.89E-06	-1.10E-05
2	12	0	0	0	0	0	0	232	254	0	-2.23E-05	4.19E-06	-8.89E-06	-1.10E-05
2	13	0	0	0	0	0	0	232	254	0	-2.17E-05	4.69E-06	-8.90E-06	-1.22E-05
2	14	0	0	0	0	0	0	232	254	0	-2.17E-05	4.69E-06	-8.90E-06	-1.22E-05
2	15	0	0	0	0	0	0	232	254	0	-1.98E-05	5.20E-06	-9.73E-06	-1.28E-05
2	16	0	0	0	0	0	0	232	254	0	-1.98E-05	5.20E-06	-9.73E-06	-1.28E-05
2	17	0	0	0	0	0	0	232	254	0	-1.96E-05	5.20E-06	-9.74E-06	-1.09E-05
2	18	0	0	0	0	0	0	232	254	0	-1.96E-05	5.20E-06	-8.57E-06	-9.91E-06
2	19	0	0	0	0	0	0	232	254	0	-1.96E-05	5.20E-06	-8.57E-06	-9.91E-06
3	0	0	0	0	0	0	0	232	254	0	-2.00E-05	5.87E-06	-8.23E-06	-1.09E-05
3	1	0	0	0	0	0	0	232	254	0	-2.00E-05	5.87E-06	-8.23E-06	-1.09E-05
3	2	0	0	0	0	0	0	232	254	0	-2.00E-05	6.87E-06	-9.22E-06	-1.34E-05
3	3	0	0	0	0	0	0	232	254	0	-2.00E-05	6.87E-06	-9.22E-06	-1.34E-05
3	4	0	0	0	0	0	0	232	254	0	-1.96E-05	5.39E-06	-9.56E-06	-1.26E-05
3	5	0	0	0	0	0	0	232	254	0	-1.96E-05	5.39E-06	-9.56E-06	-1.26E-05
3	6	0	0	0	0	0	0	232	254	0	-1.90E-05	5.87E-06	-9.24E-06	-1.19E-05
3	7	0	0	0	0	0	0	232	254	0	-1.91E-05	6.87E-06	-9.23E-06	-1.13E-05
3	8	0	0	0	0	0	0	232	254	0	-1.91E-05	6.87E-06	-9.23E-06	-1.13E-05
3	9	0	0	0	0	0	0	232	254	0	-1.90E-05	5.89E-06	-9.07E-06	-1.09E-05
3	10	0	0	0	0	0	0	232	254	0	-1.90E-05	5.89E-06	-9.07E-06	-1.09E-05
3	11	0	0	0	0	0	0	232	254	0	-2.03E-05	4.38E-06	-7.90E-06	-1.04E-05
3	12	0	0	0	0	0	0	232	254	0	-2.03E-05	4.38E-06	-7.90E-06	-1.04E-05
3	13	0	0	0	0	0	0	232	254	0	-1.93E-05	5.19E-06	-8.22E-06	-1.17E-05
3	14	0	0	0	0	0	0	232	254	0	-1.93E-05	5.19E-06	-8.22E-06	-1.17E-05
3	15	0	0	0	0	0	0	232	254	0	-1.95E-05	6.20E-06	-9.22E-06	-1.26E-05
3	16	0	0	0	0	0	0	232	254	0	-2.03E-05	3.89E-06	-1.01E-05	-1.16E-05
3	17	0	0	0	0	0	0	232	254	0	-2.03E-05	3.89E-06	-1.01E-05	-1.16E-05
3	18	0	0	0	0	0	0	232	254	0	-2.00E-05	2.86E-06	-1.06E-05	-1.09E-05
3	19	0	0	0	0	0	0	232	254	0	-2.00E-05	2.86E-06	-1.06E-05	-1.09E-05
4	0	0	0	0	0	0	0	232	254	0	-2.05E-05	3.85E-06	-1.02E-05	-1.19E-05
4	1	0	0	0	0	0	0	232	254	0	-2.05E-05	3.85E-06	-1.02E-05	-1.19E-05
4	2	0	0	0	0	0	0	232	254	0	-2.03E-05	5.85E-06	-8.41E-06	-1.24E-05
4	3	0	0	0	0	0	0	232	254	0	-2.03E-05	5.85E-06	-8.41E-06	-1.24E-05
4	4	0	0	0	0	0	0	232	254	0	-1.96E-05	5.87E-06	-9.39E-06	-1.13E-05
4	5	0	0	0	0	0	0	232	254	0	-1.83E-05	5.04E-06	-9.90E-06	-9.59E-06
4	6	0	0	0	0	0	0	232	254	0	-1.83E-05	5.04E-06	-9.90E-06	-9.59E-06
4	7	0	0	0	0	0	0	232	254	0	-1.80E-05	5.70E-06	-9.57E-06	-1.22E-05
4	8	0	0	0	0	0	0	232	254	0	-1.80E-05	5.70E-06	-9.57E-06	-1.22E-05
4	9	0	0	0	0	0	0	232	254	0	-2.06E-05	6.54E-06	-9.90E-06	-1.31E-05
4	10	0	0	0	0	0	0	232	254	0	-2.06E-05	6.54E-06	-9.90E-06	-1.31E-05
4	11	0	0	0	0	0	0	232	254	0	-2.10E-05	5.38E-06	-9.07E-06	-1.26E-05
4	12	0	0	0	0	0	0	232	254	0	-2.10E-05	5.38E-06	-9.07E-06	-1.26E-05
4	13	0	0	0	0	0	0	232	254	0	-2.10E-05	4.21E-06	-1.04E-05	-1.16E-05
4	14	0	0	0	0	0	0	232	254	0	-2.18E-05	4.53E-06	-9.91E-06	-1.03E-05
4	15	0	0	0	0	0	0	232	254	0	-2.18E-05	4.53E-06	-9.91E-06	-1.03E-05
4	16	0	0	0	0	0	0	232	254	0	-2.13E-05	5.86E-06	-9.24E-06	-1.24E-05
4	17	0	0	0	0	0	0	232	254	0	-2.13E-05	5.86E-06	-9.24E-06	-1.24E-05
4	18	0	0	0	0	0	0	232	254	0	-2.18E-05	7.54E-06	-8.57E-06	-1.41E-05
4	19	0	0	0	0	0	0	232	254	0	-2.18E-05	7.54E-06	-8.57E-06	-1.41E-05
5	0	0	0	0	0	0	0	232	254	0	-2.38E-05	7.55E-06	-7.56E-06	-1.29E-05
5	1	0	0	0	0	0	0	232	254	0	-2.38E-05	7.55E-06	-7.56E-06	-1.29E-05
5	2	0	0	0	0	0	0	232	254	0	-2.57E-05	6.39E-06	-8.55E-06	-1.31E-05
5	3	0	0	0	0	0	0	232	254	0	-2.53E-05	5.22E-06	-1.02E-05	-1.29E-05
5	4	0	0	0	0	0	0	232	254	0	-2.53E-05	5.22E-06	-1.02E-05	-1.29E-05
5	5	0	0	0	0	0	0	232	254	0	-2.50E-05	6.20E-06	-9.91E-06	-1.16E-05
5	6	0	0	0	0	0	0	232	254	0	-2.50E-05	6.20E-06	-9.91E-06	-1.16E-05
5	7	0	0	0	0	0	0	232	254	0	-2.43E-05	6.54E-06	-1.02E-05	-1.39E-05
5	8	0	0	0	0	0	0	232	254	0	-2.43E-05	6.54E-06	-1.02E-05	-1.39E-05
5	9	0	0	0	0	0	0	232	254	0	-2.43E-05	5.22E-06	-9.57E-06	-1.51E-05
5	10	0	0	0	0	0	0	232	254	0	-2.43E-05	5.22E-06	-9.57E-06	-1.51E-05
5	11	0	0	0	0	0	0	232	254	0	-2.57E-05	5.20E-06	-8.57E-06	-1.44E-05
5	12	0	0	0	0	0	0	232	254	0	-2.44E-05	5.20E-06	-9.56E-06	-1.46E-05
5	13	0	0	0	0	0	0	232	254	0	-2.44E-05	5.20E-06	-9.56E-06	-1.46E-05
5	14	0	0	0	0	0	0	232	254	0	-2.17E-05	3.87E-06	-1.07E-05	-1.43E-05
5	15	0	0	0	0	0	0	232	254	0	-2.17E-05	3.87E-06	-1.07E-05	-1.43E-05
5	16	0	0	0	0	0	0	232	254	0	-2.18E-05	3.86E-06	-1.02E-05	-1.16E-05
5	17	0	0	0	0	0	0	232	254	0	-2.18E-05	3.86E-06	-1.02E-05	-1.16E-05
5	18	0	0	0	0	0	0	232	254	0	-2.30E-05	3.69E-06	-1.04E-05	-9.42E-06
5	19	0	0	0	0	0	0	232	254	0	-2.30E-05	3.69E-06	-1.04E-05	-9.42E-06
6	0	0	0	0	0	0	0	232	254	0	-2.40E-05	3.86E-06	-9.74E-06	-1.22E-05
6	1	0	0	0	0	0	0	232	254	0	-2.35E-05	4.69E-06	-8.24E-06	-1.32E-05
6	2	0	0	0	0	0	0	232	254	0	-2.35E-05	4.69E-06	-8.24E-06	-1.32E-05
6	3	0	0	0	0	0	0	232	254	0	-2.30E-05	3.87E-06	-8.22E-06	-1.36E-05
6	4	0	0	0	0	0	0	232	254	0	-2.30E-05	3.87E-06	-8.22E-06	-1.36E-05
6	5	0	0	0	0	0	0	232	254	0	-2.33E-05	2.86E-06	-8.39E-06	-1.36E-05
6	6	0	0	0	0	0	0	232	254	0	-2.33E-05	2.86E-06	-8.39E-06	-1.36E-05
6	7	0	0	0	0	0	0	232	254	0	-2.25E-05	5.01E-06	-8.23E-06	-1.36E-05
6	8	0	0	0	0	0	0	232	254	0	-2.25E-05	5.01E-06	-8.23E-06	-1.36E-05
6	9	0	0	0	0	0	0	232	254	0	-2.20E-05	5.37E-06	-8.22E-06	-1.34E-05
6	10	0	0	0	0	0	0	232	254	0	-2.08E-05	5.04E-06	-8.89E-06	-1.26E-05
6	11	0	0	0	0	0	0	232	254	0	-2.08E-05	5.04E-06	-8.89E-06	-1.26E-05
6	12	0	0	0	0	0	0	232	254	0	-1.97E-05	5.20E-06	-8.56E-06	-1.38E-05
6	13	0	0	0	0	0	0	232	254	0	-1.97E-05	5.20E-06	-8.56E-06	-1.38E-05
6	14	0	0	0	0	0	0	232	254	0	-1.86E-05	3.87E-06	-8.56E-06	-1.44E-05
6	15	0	0	0	0	0	0	232	254	0	-1.86E-05	3.87E-06	-8.56E-06	-1.44E-05
6	16	0	0	0	0	0	0	232	254	0	-2.03E-05	4.52E-06	-8.89E-06	-1.13E-05
6	17	0	0	0	0	0	0	232	254	0	-2.03E-05	4.52E-06	-8.89E-06	-1.13E-05
6	18	0	0	0	0	0	0	232	254	0	-1.96E-05	4.53E-06	-8.40E-06	-1.02E-05
6	19	0	0	0	0	0	0	232	254	0	-1.96E-05	4.53E-06	-8.23E-06	-1.29E-05
7	0	0	0	0	0	0	0	232	254	0	-1.96E-05	4.53E-06	-8.23E-06	-1.29E-05
7	1	0	0	0	0	0	0	232	254	0	-1.96E-05	4.86E-06	-8.22E-06	-1.31E-05
7	2	0	0	0	0	0	0	232	254	0	-1.96E-05	4.86E-06	-8.22E-06	-1.31E-05
7	3	0	0	0	0	0	0	232	254	0	-1.80E-05	4.37E-06	-7.89E-06	-1.23E-05
7	4	0	0	0	0	0	0	232	254	0	-1.80E-05	4.37E-06	-7.89E-06	-1.23E-05
7	5	0	0	0	0	0	0	232	254	0	-2.09E-05	3.04E-06	-8.22E-06	-1.42E-05
7	6	0	0	0	0	0	0	232	254	0	-2.09E-05	3.04E-06	-8.22E-06	-1.42E-05
7	7	0	0	0	0	0	0	232	254	0	-2.11E-05	3.85E-06	-9.55E-06	-1.36E-05
7	8	0	0	0	0	0	0	232	254	0	-1.97E-05	4.19E-06	-8.90E-06	-1.39E-05
7	9	0	0	0	0	0	0	232	254	0	-1.97E-05	4.19E-06	-8.90E-06	-1.39E-05
7	10	0	0	0	0	0	0	232	254	0	-1.93E-05	3.86E-06	-8.23E-06	-1.36E-05
7	11	0	0	0	0	0	0	232	254	0	-1.93E-05	3.86E-06	-8.23E-06	-1.36E-05
7	12	0	0	0	0	0	0	232	254	0	-2.03E-05	4.52E-06	-9.89E-06	-1.23E-05
7	13	0	0	0	0	0	0	232	254	0	-2.03E-05	4.52E-06	-9.89E-06	-1.23E-05
7	14	0	0	0	0	0	0	232	254	0	-1.96E-05	4.53E-06	-9.74E-06	-1.16E-05
7	15	0	0	0	0	0	0	232	254	0	-1.96E-05	4.53E-06	-9.74E-06	-1.16E-05
7	16	0	0	0	0	0	0	232	254	0	-1.71E-05	3.20E-06	-8.41E-06	-1.31E-05
7	17	0	0	0	0	0	0	232	254	0	-1.76E-05	3.85E-06	-9.56E-06	-1.43E-05
7	18	0	0	0	0	0	0	232	254	0	-1.76E-05	3.85E-06	-9.56E-06	-1.43E-05
7	19	0	0	0	0	0	0	232	254	0	-1.83E-05	5.19E-06	-8.90E-06	-1.63E-05
8	0	0	0	0	0	0	0	232	254	0	-1.83E-05	5.19E-06	-8.90E-06	-1.63E-05
8	1	0	0	0	0	0	0	232	254	0	-2.08E-05	5.20E-06	-8.56E-06	-1.50E-05
8	2	0	0	0	0	0	0	232	254	0	-2.08E-05	5.20E-06	-8.56E-06	-1.50E-05
8	3	0	0	0	0	0	0	232	254	0	-2.13E-05	4.04E-06	-9.56E-06	-1.29E-05
8	4	0	0	0	0	0	0	232	254	0	-2.13E-05	4.04E-06	-9.56E-06	-1.29E-05
8	5	0	0	0	0	0	0	232	254	0	-2.12E-05	3.20E-06	-9.24E-06	-1.23E-05
8	6	0	0	0	0	0	0	232	254	0	-2.23E-05	3.85E-06	-8.57E-06	-1.19E-05
8	7	0	0	0	0	0	0	232	254	0	-2.23E-05	3.85E-06	-8.57E-06	-1.19E-05
8	8	0	0	0	0	0	0	232	254	0	-2.22E-05	4.19E-06	-9.56E-06	-1.29E-05
8	9	0	0	0	0	0	0	232	254	0	-2.22E-05	4.19E-06	-9.56E-06	-1.29E-05
8	10	0	0	0	0	0	0	232	254	0	-2.20E-05	3.86E-06	-1.02E-05	-1.39E-05
8	11	0	0	0	0	0	0	232	254	0	-2.20E-05	3.86E-06	-1.02E-05	-1.39E-05
8	12	0	0	0	0	0	0	232	254	0	-2.20E-05	3.20E-06	-9.24E-06	-1.36E-05
8	13	0	0	0	0	0	0	232	254	0	-2.20E-05	3.20E-06	-9.24E-06	-1.36E-05
8	14	0	0	0	0	0	0	232	254	0	-2.27E-05	4.52E-06	-8.73E-06	-1.46E-05
8	15	0	0	0	0	0	0	232	254	0	-2.38E-05	3.70E-06	-9.06E-06	-1.51E-05
8	16	0	0	0	0	0	0	232	254	0	-2.38E-05	3.70E-06	-9.06E-06	-1.51E-05
8	17	0	0	0	0	0	0	232	254	0	-2.40E-05	3.36E-06	-8.57E-06	-1.29E-05
8	18	0	0	0	0	0	0	232	254	0	-2.40E-05	3.36E-06	-8.57E-06	-1.29E-05
8	19	0	0	0	0	0	0	232	254	0	-2.43E-05	5.52E-06	-9.22E-06	-1.04E-05
9	0	0	0	0	0	0	0	232	254	0	-2.43E-05	5.52E-06	-9.22E-06	-1.04E-05
9	1	0	0	0	0	0	0	232	254	0	-2.38E-05	5.87E-06	-8.90E-06	-7.08E-06
9	2	0	0	0	0	0	0	232	254	0	-2.38E-05	5.87E-06	-8.90E-06	-7.08E-06
9	3	0	0	0	0	0	0	232	254	0	-2.43E-05	5.38E-06	-9.23E-06	-9.54E-06
9	4	0	0	0	0	0	0	232	254	0	-2.37E-05	5.21E-06	-9.56E-06	-1.36E-05
9	5	0	0	0	0	0	0	232	254	0	-2.37E-05	5.21E-06	-9.56E-06	-1.36E-05
9	6	0	0	0	0	0	0	232	254	0	-2.08E-05	5.20E-06	-8.40E-06	-1.23E-05
9	7	0	0	0	0	0	0	232	254	0	-2.08E-05	5.20E-06	-8.40E-06	-1.23E-05
9	8	0	0	0	0	0	0	232	254	0	-1.92E-05	5.54E-06	-9.56E-06	-1.09E-05
9	9	0	0	0	0	0	0	232	254	0	-1.92E-05	5.54E-06	-9.56E-06	-1.09E-05
9	10	0	0	0	0	0	0	232	254	0	-2.03E-05	4.87E-06	-9.73E-06	-1.02E-05
9	11	0	0	0	0	0	0	232	254	0	-2.03E-05	4.87E-06	-9.73E-06	-1.02E-05
9	12	0	0	0	0	0	0	232	254	0	-2.13E-05	2.87E-06	-8.24E-06	-1.07E-05
9	13	0	0	0	0	0	0	232	254	0	-2.12E-05	3.85E-06	-7.56E-06	-1.26E-05
9	14	0	0	0	0	0	0	232	254	0	-2.12E-05	3.85E-06	-7.56E-06	-1.26E-05
9	15	0	0	0	0	0	0	232	254	0	-2.16E-05	4.86E-06	-9.05E-06	-1.09E-05
9	16	0	0	0	0	0	0	232	254	0	-2.16E-05	4.86E-06	-9.05E-06	-1.09E-05
9	17	0	0	0	0	0	0	232	254	0	-2.13E-05	4.70E-06	-9.89E-06	-1.12E-05
9	18	0	0	0	0	0	0	232	254	0	-2.13E-05	4.70E-06	-9.89E-06	-1.12E-05
9	19	0	0	0	0	0	0	232	254	0	-2.12E-05	5.20E-06	-8.41E-06	-1.29E-05
10	0	0	0	0	0	0	0	232	254	0	-2.12E-05	5.20E-06	-8.41E-06	-1.29E-05
10	1	0	0	0	0	0	0	232	254	0	-2.13E-05	4.87E-06	-8.56E-06	-1.43E-05
10	2	0	0	0	0	0	0	232	254	0	-2.12E-05	4.54E-06	-8.89E-06	-1.43E-05
10	3	0	0	0	0	0	0	232	254	0	-2.12E-05	4.54E-06	-8.89E-06	-1.43E-05
10	4	0	0	0	0	0	0	232	254	0	-2.21E-05	3.54E-06	-9.23E-06	-1.43E-05
10	5	0	0	0	0	0	0	232	254	0	-2.21E-05	3.54E-06	-9.23E-06	-1.43E-05
10	6	0	0	0	0	0	0	232	254	0	-2.30E-05	3.86E-06	-8.90E-06	-1.33E-05
10	7	0	0	0	0	0	0	232	254	0	-2.30E-05	3.86E-06	-8.90E-06	-1.33E-05
10	8	0	0	0	0	0	0	232	254	0	-2.37E-05	4.52E-06	-8.73E-06	-1.29E-05
10	9	0	0	0	0	0	0	232	254	0	-2.37E-05	4.52E-06	-8.73E-06	-1.29E-05
10	10	0	0	0	0	0	0	232	254	0	-2.43E-05	4.86E-06	-9.56E-06	-1.31E-05
10	11	0	0	0	0	0	0	232	254	0	-2.43E-05	6.20E-06	-9.90E-06	-1.23E-05
10	12	0	0	0	0	0	0	232	254	0	-2.43E-05	6.20E-06	-9.90E-06	-1.23E-05
10	13	0	0	0	0	0	0	232	254	0	-2.23E-05	4.38E-06	-8.91E-06	-1.29E-05
10	14	0	0	0	0	0	0	232	254	0	-2.23E-05	4.38E-06	-8.91E-06	-1.29E-05
10	15	0	0	0	0	0	0	232	254	0	-2.20E-05	3.70E-06	-9.23E-06	-1.16E-05
10	16	0	0	0	0	0	0	232	254	0	-2.20E-05	3.70E-06	-9.23E-06	-1.16E-05
10	17	0	0	0	0	0	0	232	254	0	-2.30E-05	4.86E-06	-6.91E-06	-1.24E-05
10	18	0	0	0	0	0	0	232	254	0	-2.30E-05	4.86E-06	-6.91E-06	-1.24E-05
10	19	0	0	0	0	0	0	232	254	0	-2.35E-05	4.87E-06	-7.38E-06	-1.31E-05
11	0	0	0	0	0	0	0	232	254	0	-2.18E-05	3.04E-06	-8.22E-06	-1.44E-05
11	1	0	0	0	0	0	0	232	254	0	-2.18E-05	3.04E-06	-8.22E-06	-1.44E-05
11	2	0	0	0	0	0	0	232	254	0	-2.12E-05	3.19E-06	-9.06E-06	-1.53E-05
11	3	0	0	0	0	0	0	232	254	0	-2.12E-05	3.19E-06	-9.06E-06	-1.53E-05
11	4	0	0	0	0	0	0	232	254	0	-2.21E-05	3.69E-06	-8.57E-06	-1.41E-05
11	5	0	0	0	0	0	0	232	254	0	-2.21E-05	3.69E-06	-8.57E-06	-1.41E-05
11	6	0	0	0	0	0	0	232	254	0	-2.32E-05	3.19E-06	-9.06E-06	-1.43E-05
11	7	0	0	0	0	0	0	232	254	0	-2.32E-05	3.19E-06	-9.06E-06	-1.43E-05
11	8	0	0	0	0	0	0	232	254	0	-2.30E-05	4.52E-06	-9.23E-06	-1.28E-05
11	9	0	0	0	0	0	0	232	254	0	-2.25E-05	2.87E-06	-9.07E-06	-1.29E-05
11	10	0	0	0	0	0	0	232	254	0	-2.25E-05	2.87E-06	-9.07E-06	-1.29E-05
11	11	0	0	0	0	0	0	232	254	0	-2.07E-05	2.52E-06	-9.06E-06	-1.43E-05
11	12	0	0	0	0	0	0	232	254	0	-2.07E-05	2.52E-06	-9.06E-06	-1.43E-05
11	13	0	0	0	0	0	0	232	254	0	-2.03E-05	3.18E-06	-9.06E-06	-1.56E-05
11	14	0	0	0	0	0	0	232	254	0	-2.03E-05	3.18E-06	-9.06E-06	-1.56E-05
11	15	0	0	0	0	0	0	232	254	0	-2.06E-05	4.52E-06	-1.02E-05	-1.49E-05
11	16	0	0	0	0	0	0	232	254	0	-2.06E-05	4.52E-06	-1.02E-05	-1.49E-05
11	17	0	0	0	0	0	0	232	254	0	-2.15E-05	3.87E-06	-9.74E-06	-1.36E-05
11	18	0	0	0	0	0	0	232	254	0	-2.30E-05	3.20E-06	-8.90E-06	-1.44E-05
11	19	0	0	0	0	0	0	232	254	0	-2.30E-05	3.20E-06	-8.90E-06	-1.44E-05
12	0	0	0	0	0	0	0	232	254	0	-2.43E-05	3.85E-06	-8.90E-06	-1.29E-05
12	1	0	0	0	0	0	0	232	254	0	-2.43E-05	3.85E-06	-8.90E-06	-1.29E-05
12	2	0	0	0	0	0	0	232	254	0	-2.43E-05	3.86E-06	-8.73E-06	-1.06E-05
12	3	0	0	0	0	0	0	232	254	0	-2.43E-05	3.86E-06	-8.73E-06	-1.06E-05
12	4	0	0	0	0	0	0	232	254	0	-2.33E-05	3.53E-06	-8.89E-06	-1.49E-05
12	5	0	0	0	0	0	0	232	254	0	-2.33E-05	3.53E-06	-8.89E-06	-1.49E-05
12	6	0	0	0	0	0	0	232	254	0	-2.33E-05	3.19E-06	-9.23E-06	-1.39E-05
12	7	0	0	0	0	0	0	232	254	0	-2.23E-05	3.69E-06	-8.90E-06	-1.18E-05
12	8	0	0	0	0	0	0	232	254	0	-2.23E-05	3.69E-06	-8.90E-06	-1.18E-05
12	9	0	0	0	0	0	0	232	254	0	-2.17E-05	5.02E-06	-7.90E-06	-1.29E-05
12	10	0	0	0	0	0	0	232	254	0	-2.17E-05	5.02E-06	-7.90E-06	-1.29E-05
12	11	0	0	0	0	0	0	232	254	0	-2.12E-05	4.54E-06	-8.55E-06	-1.26E-05
12	12	0	0	0	0	0	0	232	254	0	-2.12E-05	4.54E-06	-8.55E-06	-1.26E-05
12	13	0	0	0	0	0	0	232	254	0	-2.18E-05	4.03E-06	-9.22E-06	-1.09E-05
12	14	0	0	0	0	0	0	232	254	0	-2.18E-05	4.03E-06	-9.22E-06	-1.09E-05
12	15	0	0	0	0	0	0	232	254	0	-2.23E-05	5.19E-06	-8.73E-06	-9.91E-06
12	16	0	0	0	0	0	0	232	254	0	-2.32E-05	4.54E-06	-9.56E-06	-7.91E-06
12	17	0	0	0	0	0	0	232	254	0	-2.32E-05	4.54E-06	-9.56E-06	-7.91E-06
12	18	0	0	0	0	0	0	232	254	0	-2.40E-05	3.54E-06	-9.57E-06	-8.72E-06
12	19	0	0	0	0	0	0	232	254	0	-2.40E-05	3.54E-06	-9.57E-06	-8.72E-06
13	0	0	0	0	0	0	0	232	254	0	-2.30E-05	5.85E-06	-8.90E-06	-9.89E-06
13	1	0	0	0	0	0	0	232	254	0	-2.30E-05	5.85E-06	-8.90E-06	-9.89E-06
13	2	0	0	0	0	0	0	232	254	0	-2.17E-05	5.87E-06	-9.23E-06	-1.29E-05
13	3	0	0	0	0	0	0	232	254	0	-2.17E-05	5.87E-06	-9.23E-06	-1.29E-05
13	4	0	0	0	0	0	0	232	254	0	-2.10E-05	6.21E-06	-8.90E-06	-1.53E-05
13	5	0	0	0	0	0	0	232	254	0	-2.05E-05	6.21E-06	-8.23E-06	-1.18E-05
13	6	0	0	0	0	0	0	232	254	0	-2.05E-05	6.21E-06	-8.23E-06	-1.18E-05
13	7	0	0	0	0	0	0	232	254	0	-2.01E-05	6.21E-06	-9.06E-06	-1.06E-05
13	8	0	0	0	0	0	0	232	254	0	-2.01E-05	6.21E-06	-9.06E-06	-1.06E-05
13	9	0	0	0	0	0	0	232	254	0	-1.93E-05	5.55E-06	-9.06E-06	-1.26E-05
13	10	0	0	0	0	0	0	232	254	0	-1.93E-05	5.55E-06	-9.06E-06	-1.26E-05
13	11	0	0	0	0	0	0	232	254	0	-1.86E-05	6.54E-06	-8.07E-06	-1.18E-05
13	12	0	0	0	0	0	0	232	254	0	-1.86E-05	6.54E-06	-8.07E-06	-1.18E-05
13	13	0	0	0	0	0	0	232	254	0	-1.95E-05	6.21E-06	-7.89E-06	-1.17E-05
13	14	0	0	0	0	0	0	232	254	0	-1.76E-05	5.88E-06	-8.55E-06	-1.22E-05
13	15	0	0	0	0	0	0	232	254	0	-1.76E-05	5.88E-06	-8.55E-06	-1.22E-05
13	16	0	0	0	0	0	0	232	254	0	-1.63E-05	4.88E-06	-8.73E-06	-1.32E-05
13	17	0	0	0	0	0	0	232	254	0	-1.63E-05	4.88E-06	-8.73E-06	-1.32E-05
13	18	0	0	0	0	0	0	232	254	0	-1.76E-05	5.20E-06	-8.56E-06	-1.39E-05
13	19	0	0	0	0	0	0	232	254	0	-1.76E-05	5.20E-06	-8.56E-06	-1.39E-05
14	0	0	0	0	0	0	0	232	254	0	-1.70E-05	3.54E-06	-8.73E-06	-1.36E-05
14	1	0	0	0	0	0	0	232	254	0	-1.70E-05	3.54E-06	-8.73E-06	-1.36E-05
14	2	0	0	0	0	0	0	232	254	0	-1.60E-05	4.52E-06	-8.23E-06	-1.54E-05
14	3	0	0	0	0	0	0	232	254	0	-1.53E-05	5.20E-06	-8.89E-06	-1.43E-05
14	4	0	0	0	0	0	0	232	254	0	-1.53E-05	5.20E-06	-8.89E-06	-1.43E-05
14	5	0	0	0	0	0	0	232	254	0	-1.71E-05	4.54E-06	-1.09E-05	-6.29E-06
14	6	0	0	0	0	0	0	232	254	0	-1.71E-05	4.54E-06	-1.09E-05	-6.29E-06
14	7	0	0	0	0	0	0	232	254	0	-1.89E-05	5.53E-06	-1.04E-05	-1.89E-06
14	8	0	0	0	0	0	0	232	254	0	-1.89E-05	5.53E-06	-1.04E-05	-1.89E-06
14	9	0	0	0	0	0	0	232	254	0	-1.91E-05	5.87E-06	-1.01E-05	-7.00E-06
14	10	0	0	0	0	0	0	232	254	0	-1.91E-05	5.87E-06	-1.01E-05	-7.00E-06
14	11	0	0	0	0	0	0	232	254	0	-1.95E-05	4.38E-06	-1.09E-05	-1.32E-05
14	12	0	0	0	0	0	0	232	254	0	-2.00E-05	3.53E-06	-8.75E-06	-1.34E-05
14	13	0	0	0	0	0	0	232	254	0	-2.00E-05	3.53E-06	-8.75E-06	-1.34E-05
14	14	0	0	0	0	0	0	232	254	0	-2.20E-05	4.02E-06	-9.89E-06	-1.13E-05
14	15	0	0	0	0	0	0	232	254	0	-2.20E-05	4.02E-06	-9.89E-06	-1.13E-05
14	16	0	0	0	0	0	0	232	254	0	-2.27E-05	5.03E-06	-1.12E-05	-1.49E-05
14	17	0	0	0	0	0	0	232	254	0	-2.27E-05	5.03E-06	-1.12E-05	-1.49E-05
14	18	0	0	0	0	0	0	232	254	0	-2.17E-05	5.87E-06	-9.58E-06	-1.68E-05
14	19	0	0	0	0	0	0	232	254	0	-2.17E-05	5.87E-06	-9.58E-06	-1.68E-05
15	0	0	0	0	0	0	0	232	254	0	-2.17E-05	5.54E-06	-8.74E-06	-1.53E-05
15	1	0	0	0	0	0	0	232	254	0	-2.26E-05	5.71E-06	-8.40E-06	-1.76E-05
15	2	0	0	0	0	0	0	232	254	0	-2.26E-05	5.71E-06	-8.40E-06	-1.76E-05
15	3	0	0	0	0	0	0	232	254	0	-2.23E-05	4.88E-06	-7.23E-06	-1.58E-05
15	4	0	0	0	0	0	0	232	254	0	-2.23E-05	4.88E-06	-7.23E-06	-1.58E-05
15	5	0	0	0	0	0	0	232	254	0	-2.17E-05	3.87E-06	-5.89E-06	-1.51E-05
15	6	0	0	0	0	0	0	232	254	0	-2.17E-05	3.87E-06	-5.89E-06	-1.51E-05
15	7	0	0	0	0	0	0	232	254	0	-2.33E-05	5.19E-06	-7.20E-06	-1.54E-05
15	8	0	0	0	0	0	0	232	254	0	-2.33E-05	5.19E-06	-7.20E-06	-1.54E-05
15	9	0	0	0	0	0	0	232	254	0	-2.13E-05	7.03E-06	-8.71E-06	-1.15E-05
15	10	0	0	0	0	0	0	232	254	0	-2.16E-05	6.22E-06	-8.56E-06	-1.16E-05
15	11	0	0	0	0	0	0	232	254	0	-2.16E-05	6.22E-06	-8.56E-06	-1.16E-05
15	12	0	0	0	0	0	0	232	254	0	-2.23E-05	4.05E-06	-9.22E-06	-1.26E-05
15	13	0	0	0	0	0	0	232	254	0	-2.23E-05	4.05E-06	-9.22E-06	-1.26E-05
15	14	0	0	0	0	0	0	232	254	0	-2.30E-05	4.53E-06	-9.90E-06	-1.31E-05
15	15	0	0	0	0	0	0	232	254	0	-2.30E-05	4.53E-06	-9.90E-06	-1.31E-05
15	16	0	0	0	0	0	0	232	254	0	-2.33E-05	4.20E-06	-9.57E-06	-1.29E-05
15	17	0	0	0	0	0	0	232	254	0	-2.33E-05	4.20E-06	-9.57E-06	-1.29E-05
15	18	0	0	0	0	0	0	232	254	0	-2.30E-05	2.87E-06	-9.57E-06	-1.16E-05
15	19	0	0	0	0	0	0	232	254	0	-2.23E-05	4.52E-06	-9.57E-06	-1.04E-05
16	0	0	0	0	0	0	0	232	254	0	-2.23E-05	4.52E-06	-9.57E-06	-1.04E-05
16	1	0	0	0	0	0	0	232	254	0	-2.17E-05	6.19E-06	-9.07E-06	-1.26E-05
16	2	0	0	0	0	0	0	232	254	0	-2.17E-05	6.19E-06	-9.07E-06	-1.26E-05
16	3	0	0	0	0	0	0	232	254	0	-2.07E-05	5.88E-06	-9.23E-06	-1.29E-05
16	4	0	0	0	0	0	0	232	254	0	-2.07E-05	5.88E-06	-9.23E-06	-1.29E-05
16	5	0	0	0	0	0	0	232	254	0	-2.13E-05	5.21E-06	-8.90E-06	-1.26E-05
16	6	0	0	0	0	0	0	232	254	0	-2.13E-05	5.21E-06	-8.90E-06	-1.26E-05
16	7	0	0	0	0	0	0	232	254	0	-2.35E-05	5.20E-06	-8.23E-06	-1.16E-05
16	8	0	0	0	0	0	0	232	254	0	-2.37E-05	6.03E-06	-9.06E-06	-1.03E-05
16	9	0	0	0	0	0	0	232	254	0	-2.37E-05	6.03E-06	-9.06E-06	-1.03E-05
16	10	0	0	0	0	0	0	232	254	0	-2.32E-05	4.88E-06	-9.56E-06	-1.09E-05
16	11	0	0	0	0	0	0	232	254	0	-2.32E-05	4.88E-06	-9.56E-06	-1.09E-05
16	12	0	0	0	0	0	0	232	254	0	-2.43E-05	4.87E-06	-9.24E-06	-1.29E-05
16	13	0	0	0	0	0	0	232	254	0	-2.43E-05	4.87E-06	-9.24E-06	-1.29E-05
16	14	0	0	0	0	0	0	232	254	0	-2.38E-05	3.87E-06	-8.57E-06	-1.36E-05
16	15	0	0	0	0	0	0	232	254	0	-2.38E-05	3.87E-06	-8.57E-06	-1.36E-05
16	16	0	0	0	0	0	0	232	254	0	-2.27E-05	4.19E-06	-8.73E-06	-1.24E-05
16	17	0	0	0	0	0	0	232	254	0	-2.30E-05	5.53E-06	-9.23E-06	-1.26E-05
16	18	0	0	0	0	0	0	232	254	0	-2.30E-05	5.53E-06	-9.23E-06	-1.26E-05
16	19	0	0	0	0	0	0	232	254	0	-2.20E-05	5.21E-06	-9.23E-06	-1.19E-05
17	0	0	0	0	0	0	0	232	254	0	-2.20E-05	5.21E-06	-9.23E-06	-1.19E-05
17	1	0	0	0	0	0	0	232	254	0	-2.10E-05	4.37E-06	-8.90E-06	-9.09E-06
17	2	0	0	0	0	0	0	232	254	0	-2.10E-05	4.37E-06	-8.90E-06	-9.09E-06
17	3	0	0	0	0	0	0	232	254	0	-1.90E-05	4.03E-06	-9.56E-06	-1.19E-05
17	4	0	0	0	0	0	0	232	254	0	-1.90E-05	4.03E-06	-9.56E-06	-1.19E-05
17	5	0	0	0	0	0	0	232	254	0	-1.83E-05	4.19E-06	-8.90E-06	-1.16E-05
17	6	0	0	0	0	0	0	232	254	0	-1.93E-05	4.86E-06	-9.23E-06	-7.93E-06
17	7	0	0	0	0	0	0	232	254	0	-1.93E-05	4.86E-06	-9.23E-06	-7.93E-06
17	8	0	0	0	0	0	0	232	254	0	-1.83E-05	5.20E-06	-8.73E-06	-9.22E-06
17	9	0	0	0	0	0	0	232	254	0	-1.83E-05	5.20E-06	-8.73E-06	-9.22E-06
17	10	0	0	0	0	0	0	232	254	0	-1.71E-05	6.03E-06	-8.73E-06	-1.16E-05
17	11	0	0	0	0	0	0	232	254	0	-1.71E-05	6.03E-06	-8.73E-06	-1.16E-05
17	12	0	0	0	0	0	0	232	254	0	-1.66E-05	6.54E-06	-9.23E-06	-1.22E-05
17	13	0	0	0	0	0	0	232	254	0	-1.66E-05	6.54E-06	-9.23E-06	-1.22E-05
17	14	0	0	0	0	0	0	232	254	0	-1.68E-05	6.21E-06	-8.90E-06	-9.10E-06
17	15	0	0	0	0	0	0	232	254	0	-1.76E-05	4.88E-06	-1.09E-05	-8.90E-06
17	16	0	0	0	0	0	0	232	254	0	-1.76E-05	4.88E-06	-1.09E-05	-8.90E-06
17	17	0	0	0	0	0	0	232	254	0	-1.71E-05	5.86E-06	-9.91E-06	-1.16E-05
17	18	0	0	0	0	0	0	232	254	0	-1.71E-05	5.86E-06	-9.91E-06	-1.16E-05
17	19	0	0	0	0	0	0	232	254	0	-1.73E-05	6.21E-06	-9.74E-06	-1.16E-05
18	0	0	0	0	0	0	0	232	254	0	-1.73E-05	6.21E-06	-9.74E-06	-1.16E-05
18	1	0	0	0	0	0	0	232	254	0	-1.86E-05	5.21E-06	-9.90E-06	-9.92E-06
18	2	0	0	0	0	0	0	232	254	0	-1.86E-05	5.21E-06	-9.90E-06	-9.92E-06
18	3	0	0	0	0	0	0	232	254	0	-1.88E-05	5.20E-06	-8.74E-06	-9.57E-06
18	4	0	0	0	0	0	0	232	254	0	-1.90E-05	4.21E-06	-8.89E-06	-1.11E-05
18	5	0	0	0	0	0	0	232	254	0	-1.90E-05	4.21E-06	-8.89E-06	-1.11E-05
18	6	0	0	0	0	0	0	232	254	0	-2.03E-05	3.20E-06	-9.73E-06	-1.16E-05
18	7	0	0	0	0	0	0	232	254	0	-2.03E-05	3.20E-06	-9.73E-06	-1.16E-05
18	8	0	0	0	0	0	0	232	254	0	-2.20E-05	3.85E-06	-9.57E-06	-1.06E-05
18	9	0	0	0	0	0	0	232	254	0	-2.20E-05	3.85E-06	-9.57E-06	-1.06E-05
18	10	0	0	0	0	0	0	232	254	0	-2.23E-05	6.35E-06	-9.07E-06	-1.02E-05
18	11	0	0	0	0	0	0	232	254	0	-2.23E-05	6.35E-06	-9.07E-06	-1.02E-05
18	12	0	0	0	0	0	0	232	254	0	-2.37E-05	5.22E-06	-9.56E-06	-1.12E-05
18	13	0	0	0	0	0	0	232	254	0	-2.42E-05	3.87E-06	-8.90E-06	-1.36E-05
18	14	0	0	0	0	0	0	232	254	0	-2.42E-05	3.87E-06	-8.90E-06	-1.36E-05
18	15	0	0	0	0	0	0	232	254	0	-2.35E-05	4.53E-06	-1.06E-05	-1.59E-05
18	16	0	0	0	0	0	0	232	254	0	-2.35E-05	4.53E-06	-1.06E-05	-1.59E-05
18	17	0	0	0	0	0	0	232	254	0	-2.43E-05	5.86E-06	-1.02E-05	-1.63E-05
18	18	0	0	0	0	0	0	232	254	0	-2.43E-05	5.86E-06	-1.02E-05	-1.63E-05
18	19	0	0	0	0	0	0	232	254	0	-2.53E-05	5.21E-06	-9.41E-06	-1.50E-05
19	0	0	0	0	0	0	0	232	254	0	-2.53E-05	5.21E-06	-9.41E-06	-1.50E-05
19	1	0	0	0	0	0	0	232	254	0	-2.58E-05	5.20E-06	-8.24E-06	-1.49E-05
19	2	0	0	0	0	0	0	232	254	0	-2.50E-05	4.54E-06	-8.22E-06	-1.51E-05
19	3	0	0	0	0	0	0	232	254	0	-2.50E-05	4.54E-06	-8.22E-06	-1.51E-05
19	4	0	0	0	0	0	0	232	254	0	-2.52E-05	4.20E-06	-9.55E-06	-1.46E-05
19	5	0	0	0	0	0	0	232	254	0	-2.52E-05	4.20E-06	-9.55E-06	-1.46E-05
19	6	0	0	0	0	0	0	232	254	0	-2.48E-05	3.86E-06	-9.07E-06	-1.49E-05
19	7	0	0	0	0	0	0	232	254	0	-2.48E-05	3.86E-06	-9.07E-06	-1.49E-05
19	8	0	0	0	0	0	0	232	254	0	-2.50E-05	3.20E-06	-8.23E-06	-1.53E-05
19	9	0	0	0	0	0	0	232	254	0	-2.50E-05	3.20E-06	-8.23E-06	-1.53E-05
19	10	0	0	0	0	0	0	232	254	0	-2.57E-05	4.52E-06	-8.39E-06	-1.63E-05
19	11	0	0	0	0	0	0	232	254	0	-2.53E-05	3.87E-06	-8.72E-06	-1.43E-05
19	12	0	0	0	0	0	0	232	254	0	-2.53E-05	3.87E-06	-8.72E-06	-1.43E-05
19	13	0	0	0	0	0	0	232	254	0	-2.58E-05	4.19E-06	-8.56E-06	-1.43E-05
19	14	0	0	0	0	0	0	232	254	0	-2.58E-05	4.19E-06	-8.56E-06	-1.43E-05
19	15	0	0	0	0	0	0	232	254	0	-2.54E-05	3.86E-06	-9.39E-06	-1.44E-05
19	16	0	0	0	0	0	0	232	254	0	-2.54E-05	3.86E-06	-9.39E-06	-1.44E-05
19	17	0	0	0	0	0	0	232	254	0	-2.53E-05	4.36E-06	-8.57E-06	-1.24E-05
19	18	0	0	0	0	0	0	232	254	0	-2.53E-05	4.36E-06	-8.57E-06	-1.24E-05
19	19	0	0	0	0	0	0	232	254	0	-2.50E-05	5.86E-06	-9.23E-06	-1.13E-05
20	0	0	0	0	0	0	0	232	254	0	-2.40E-05	5.87E-06	-9.56E-06	-1.12E-05
20	1	0	0	0	0	0	0	232	254	0	-2.40E-05	5.87E-06	-9.56E-06	-1.12E-05
20	2	0	0	0	0	0	0	232	254	0	-2.30E-05	4.55E-06	-8.57E-06	-1.29E-05
20	3	0	0	0	0	0	0	232	254	0	-2.30E-05	4.55E-06	-8.57E-06	-1.29E-05
20	4	0	0	0	0	0	0	232	254	0	-2.10E-05	5.86E-06	-9.72E-06	-1.36E-05
20	5	0	0	0	0	0	0	232	254	0	-2.10E-05	5.86E-06	-9.72E-06	-1.36E-05
20	6	0	0	0	0	0	0	232	254	0	-2.10E-05	7.20E-06	-8.90E-06	-1.23E-05
20	7	0	0	0	0	0	0	232	254	0	-2.10E-05	7.20E-06	-8.90E-06	-1.23E-05
20	8	0	0	0	0	0	0	232	254	0	-2.11E-05	5.22E-06	-7.90E-06	-1.29E-05
20	9	0	0	0	0	0	0	232	254	0	-1.93E-05	3.87E-06	-9.88E-06	-1.16E-05
20	10	0	0	0	0	0	0	232	254	0	-1.93E-05	3.87E-06	-9.88E-06	-1.16E-05
20	11	0	0	0	0	0	0	232	254	0	-1.86E-05	4.53E-06	-1.07E-05	-1.24E-05
20	12	0	0	0	0	0	0	232	254	0	-1.86E-05	4.53E-06	-1.07E-05	-1.24E-05
20	13	0	0	0	0	0	0	232	254	0	-2.06E-05	4.70E-06	-9.91E-06	-1.49E-05
20	14	0	0	0	0	0	0	232	254	0	-2.06E-05	4.70E-06	-9.91E-06	-1.49E-05
20	15	0	0	0	0	0	0	232	254	0	-2.03E-05	5.53E-06	-8.07E-06	-1.33E-05
20	16	0	0	0	0	0	0	232	254	0	-2.03E-05	5.53E-06	-8.07E-06	-1.33E-05
20	17	0	0	0	0	0	0	232	254	0	-1.85E-05	5.04E-06	-9.55E-06	-1.36E-05
20	18	0	0	0	0	0	0	232	254	0	-1.90E-05	4.54E-06	-1.11E-05	-1.36E-05
20	19	0	0	0	0	0	0	232	254	0	-1.90E-05	4.54E-06	-1.11E-05	-1.36E-05
21	0	0	0	0	0	0	0	232	254	0	-2.00E-05	4.53E-06	-1.01E-05	-1.09E-05
21	1	0	0	0	0	0	0	232	254	0	-2.00E-05	4.53E-06	-1.01E-05	-1.09E-05
21	2	0	0	0	0	0	0	232	254	0	-1.93E-05	3.87E-06	-8.24E-06	-1.17E-05
21	3	0	0	0	0	0	0	232	254	0	-1.93E-05	3.87E-06	-8.24E-06	-1.17E-05
21	4	0	0	0	0	0	0	232	254	0	-1.90E-05	3.69E-06	-7.89E-06	-1.42E-05
21	5	0	0	0	0	0	0	232	254	0	-1.90E-05	3.69E-06	-7.89E-06	-1.42E-05
21	6	0	0	0	0	0	0	232	254	0	-1.96E-05	4.03E-06	-7.56E-06	-1.86E-05
21	7	0	0	0	0	0	0	232	254	0	-1.93E-05	4.86E-06	-7.89E-06	-1.46E-05
21	8	0	0	0	0	0	0	232	254	0	-1.93E-05	4.86E-06	-7.89E-06	-1.46E-05
21	9	0	0	0	0	0	0	232	254	0	-1.96E-05	4.20E-06	-7.22E-06	-9.62E-06
21	10	0	0	0	0	0	0	232	254	0	-1.96E-05	4.20E-06	-7.22E-06	-9.62E-06
21	11	0	0	0	0	0	0	232	254	0	-1.96E-05	4.20E-06	-7.55E-06	-9.90E-06
21	12	0	0	0	0	0	0	232	254	0	-1.96E-05	4.20E-06	-7.55E-06	-9.90E-06
21	13	0	0	0	0	0	0	232	254	0	-1.86E-05	3.53E-06	-8.22E-06	-1.04E-05
21	14	0	0	0	0	0	0	232	254	0	-1.86E-05	3.53E-06	-8.22E-06	-1.04E-05
21	15	0	0	0	0	0	0	232	254	0	-1.96E-05	3.52E-06	-9.55E-06	-1.19E-05
21	16	0	0	0	0	0	0	232	254	0	-1.93E-05	3.69E-06	-8.57E-06	-1.37E-05
21	17	0	0	0	0	0	0	232	254	0	-1.93E-05	3.69E-06	-8.57E-06	-1.37E-05
21	18	0	0	0	0	0	0	232	254	0	-2.00E-05	3.53E-06	-8.89E-06	-1.56E-05
21	19	0	0	0	0	0	0	232	254	0	-2.00E-05	3.53E-06	-8.89E-06	-1.56E-05
22	0	0	0	0	0	0	0	232	254	0	-1.93E-05	3.69E-06	-8.90E-06	-1.44E-05
22	1	0	0	0	0	0	0	232	254	0	-1.93E-05	3.69E-06	-8.90E-06	-1.44E-05
22	2	0	0	0	0	0	0	232	254	0	-1.93E-05	4.52E-06	-9.39E-06	-1.23E-05
22	3	0	0	0	0	0	0	232	254	0	-1.93E-05	4.52E-06	-9.39E-06	-1.23E-05
22	4	0	0	0	0	0	0	232	254	0	-1.83E-05	5.20E-06	-9.23E-06	-1.13E-05
22	5	0	0	0	0	0	0	232	254	0	-1.80E-05	5.54E-06	-9.23E-06	-1.04E-05
22	6	0	0	0	0	0	0	232	254	0	-1.80E-05	5.54E-06	-9.23E-06	-1.04E-05
22	7	0	0	0	0	0	0	232	254	0	-1.76E-05	5.54E-06	-8.90E-06	-1.09E-05
22	8	0	0	0	0	0	0	232	254	0	-1.76E-05	5.54E-06	-8.90E-06	-1.09E-05
22	9	0	0	0	0	0	0	232	254	0	-1.71E-05	3.54E-06	-9.56E-06	-1.14E-05
22	10	0	0	0	0	0	0	232	254	0	-1.71E-05	3.54E-06	-9.56E-06	-1.14E-05
22	11	0	0	0	0	0	0	232	254	0	-1.73E-05	5.69E-06	-1.07E-05	-1.16E-05
22	12	0	0	0	0	0	0	232	254	0	-1.73E-05	5.69E-06	-1.07E-05	-1.16E-05
22	13	0	0	0	0	0	0	232	254	0	-1.73E-05	5.71E-06	-9.91E-06	-1.03E-05
22	14	0	0	0	0	0	0	232	254	0	-1.73E-05	4.54E-06	-8.24E-06	-1.09E-05
22	15	0	0	0	0	0	0	232	254	0	-1.73E-05	4.54E-06	-8.24E-06	-1.09E-05
22	16	0	0	0	0	0	0	232	254	0	-1.80E-05	5.70E-06	-9.22E-06	-1.16E-05
22	17	0	0	0	0	0	0	232	254	0	-1.80E-05	5.70E-06	-9.22E-06	-1.16E-05
22	18	0	0	0	0	0	0	232	254	0	-1.70E-05	5.21E-06	-8.90E-06	-9.92E-06
22	19	0	0	0	0	0	0	232	254	0	-1.70E-05	5.21E-06	-8.90E-06	-9.92E-06
23	0	0	0	0	0	0	0	232	254	0	-1.66E-05	5.70E-06	-8.40E-06	-1.09E-05
23	1	0	0	0	0	0	0	232	254	0	-1.66E-05	5.70E-06	-8.40E-06	-1.09E-05
23	2	0	0	0	0	0	0	232	254	0	-1.83E-05	4.54E-06	-8.89E-06	-1.29E-05
23	3	0	0	0	0	0	0	232	254	0	-1.93E-05	5.20E-06	-9.06E-06	-1.26E-05
23	4	0	0	0	0	0	0	232	254	0	-1.93E-05	5.20E-06	-9.06E-06	-1.26E-05
23	5	0	0	0	0	0	0	232	254	0	-2.03E-05	5.04E-06	-1.02E-05	-1.16E-05
23	6	0	0	0	0	0	0	232	254	0	-2.03E-05	5.04E-06	-1.02E-05	-1.16E-05
23	7	0	0	0	0	0	0	232	254	0	-2.23E-05	4.70E-06	-1.04E-05	-1.12E-05
23	8	0	0	0	0	0	0	232	254	0	-2.23E-05	4.70E-06	-1.04E-05	-1.12E-05
23	9	0	0	0	0	0	0	232	254	0	-2.27E-05	4.20E-06	-8.58E-06	-1.36E-05
23	10	0	0	0	0	0	0	232	254	0	-2.27E-05	4.20E-06	-8.58E-06	-1.36E-05
23	11	0	0	0	0	0	0	232	254	0	-2.13E-05	2.70E-06	-8.56E-06	-1.43E-05
23	12	0	0	0	0	0	0	232	254	0	-2.18E-05	3.52E-06	-8.89E-06	-1.71E-05
23	13	0	0	0	0	0	0	232	254	0	-2.18E-05	3.52E-06	-8.89E-06	-1.71E-05
23	14	0	0	0	0	0	0	232	254	0	-2.30E-05	4.52E-06	-7.90E-06	-1.50E-05
23	15	0	0	0	0	0	0	232	254	0	-2.30E-05	4.52E-06	-7.90E-06	-1.50E-05
23	16	0	0	0	0	0	0	232	254	0	-2.30E-05	3.20E-06	-8.72E-06	-1.16E-05
23	17	0	0	0	0	0	0	232	254	0	-2.30E-05	3.20E-06	-8.72E-06	-1.16E-05
23	18	0	0	0	0	0	0	232	254	0	-2.35E-05	3.69E-06	-9.89E-06	-9.92E-06
23	19	0	0	0	0	0	0	232	254	0	-2.35E-05	3.69E-06	-9.89E-06	-9.92E-06
24	0	0	0	0	0	0	0	232	254	0	-2.47E-05	3.53E-06	-9.07E-06	-1.17E-05
24	1	0	0	0	0	0	0	232	254	0	-2.52E-05	4.19E-06	-8.23E-06	-1.56E-05
24	2	0	0	0	0	0	0	232	254	0	-2.52E-05	4.19E-06	-8.23E-06	-1.56E-05
24	3	0	0	0	0	0	0	232	254	0	-2.57E-05	5.69E-06	-7.89E-06	-1.79E-05
24	4	0	0	0	0	0	0	232	254	0	-2.57E-05	5.69E-06	-7.89E-06	-1.79E-05
24	5	0	0	0	0	0	0	232	254	0	-2.63E-05	5.04E-06	-8.22E-06	-1.43E-05
24	6	0	0	0	0	0	0	232	254	0	-2.63E-05	5.04E-06	-8.22E-06	-1.43E-05
24	7	0	0	0	0	0	0	232	254	0	-2.50E-05	5.20E-06	-9.55E-06	-1.16E-05
24	8	0	0	0	0	0	0	232	254	0	-2.50E-05	5.20E-06	-9.55E-06	-1.16E-05
24	9	0	0	0	0	0	0	232	254	0	-2.43E-05	5.54E-06	-9.23E-06	-1.16E-05
24	10	0	0	0	0	0	0	232	254	0	-2.35E-05	3.38E-06	-7.74E-06	-1.22E-05
24	11	0	0	0	0	0	0	232	254	0	-2.35E-05	3.38E-06	-7.74E-06	-1.22E-05
24	12	0	0	0	0	0	0	232	254	0	-2.43E-05	3.69E-06	-8.55E-06	-1.19E-05
24	13	0	0	0	0	0	0	232	254	0	-2.43E-05	3.69E-06	-8.55E-06	-1.19E-05
24	14	0	0	0	0	0	0	232	254	0	-2.52E-05	3.86E-06	-1.04E-05	-1.26E-05
24	15	0	0	0	0	0	0	232	254	0	-2.52E-05	3.86E-06	-1.04E-05	-1.26E-05
24	16	0	0	0	0	0	0	232	254	0	-2.45E-05	3.20E-06	-9.91E-06	-1.16E-05
24	17	0	0	0	0	0	0	232	254	0	-2.45E-05	3.20E-06	-9.91E-06	-1.16E-05
24	18	0	0	0	0	0	0	232	254	0	-2.37E-05	5.52E-06	-8.91E-06	-8.59E-06
24	19	0	0	0	0	0	0	232	254	0	-2.42E-05	5.87E-06	-9.56E-06	-9.56E-06
25	0	0	0	0	0	0	0	232	254	0	-2.42E-05	5.87E-06	-9.56E-06	-9.56E-06
25	1	0	0	0	0	0	0	232	254	0	-2.30E-05	4.88E-06	-8.90E-06	-1.29E-05
25	2	0	0	0	0	0	0	232	254	0	-2.30E-05	4.88E-06	-8.90E-06	-1.29E-05
25	3	0	0	0	0	0	0	232	254	0	-2.32E-05	5.20E-06	-9.06E-06	-1.36E-05
25	4	0	0	0	0	0	0	232	254	0	-2.32E-05	5.20E-06	-9.06E-06	-1.36E-05
25	5	0	0	0	0	0	0	232	254	0	-2.23E-05	5.04E-06	-8.57E-06	-1.33E-05
25	6	0	0	0	0	0	0	232	254	0	-2.23E-05	5.04E-06	-8.57E-06	-1.33E-05
25	7	0	0	0	0	0	0	232	254	0	-2.17E-05	4.54E-06	-9.06E-06	-1.36E-05
25	8	0	0	0	0	0	0	232	254	0	-2.13E-05	3.53E-06	-1.02E-05	-1.36E-05
25	9	0	0	0	0	0	0	232	254	0	-2.13E-05	3.53E-06	-1.02E-05	-1.36E-05
25	10	0	0	0	0	0	0	232	254	0	-2.13E-05	5.19E-06	-9.91E-06	-1.29E-05
25	11	0	0	0	0	0	0	232	254	0	-2.13E-05	5.19E-06	-9.91E-06	-1.29E-05
25	12	0	0	0	0	0	0	232	254	0	-2.26E-05	5.54E-06	-9.57E-06	-1.13E-05
25	13	0	0	0	0	0	0	232	254	0	-2.26E-05	5.54E-06	-9.57E-06	-1.13E-05
25	14	0	0	0	0	0	0	232	254	0	-2.13E-05	4.87E-06	-8.57E-06	-9.25E-06
25	15	0	0	0	0	0	0	232	254	0	-2.13E-05	4.87E-06	-8.57E-06	-9.25E-06
25	16	0	0	0	0	0	0	232	254	0	-2.03E-05	5.20E-06	-9.06E-06	-9.90E-06
25	17	0	0	0	0	0	0	232	254	0	-2.08E-05	5.70E-06	-8.90E-06	-1.16E-05
25	18	0	0	0	0	0	0	232	254	0	-2.08E-05	5.70E-06	-8.90E-06	-1.16E-05
25	19	0	0	0	0	0	0	232	254	0	-2.03E-05	4.54E-06	-8.90E-06	-1.06E-05
26	0	0	0	0	0	0	0	232	254	0	-2.03E-05	4.54E-06	-8.90E-06	-1.06E-05
26	1	0	0	0	0	0	0	232	254	0	-2.06E-05	4.20E-06	-9.73E-06	-9.08E-06
26	2	0	0	0	0	0	0	232	254	0	-2.06E-05	4.20E-06	-9.73E-06	-9.08E-06
26	3	0	0	0	0	0	0	232	254	0	-2.10E-05	3.20E-06	-8.90E-06	-1.02E-05
26	4	0	0	0	0	0	0	232	254	0	-2.10E-05	3.20E-06	-8.90E-06	-1.02E-05
26	5	0	0	0	0	0	0	232	254	0	-2.20E-05	4.02E-06	-9.23E-06	-1.14E-05
26	6	0	0	0	0	0	0	232	254	0	-2.20E-05	4.53E-06	-9.23E-06	-1.02E-05
26	7	0	0	0	0	0	0	232	254	0	-2.20E-05	4.53E-06	-9.23E-06	-1.02E-05
26	8	0	0	0	0	0	0	232	254	0	-2.20E-05	3.70E-06	-1.06E-05	-9.41E-06
26	9	0	0	0	0	0	0	232	254	0	-2.20E-05	3.70E-06	-1.06E-05	-9.41E-06
26	10	0	0	0	0	0	0	232	254	0	-2.20E-05	3.86E-06	-1.09E-05	-1.11E-05
26	11	0	0	0	0	0	0	232	254	0	-2.20E-05	3.86E-06	-1.09E-05	-1.11E-05
26	12	0	0	0	0	0	0	232	254	0	-2.17E-05	6.19E-06	-1.12E-05	-1.36E-05
26	13	0	0	0	0	0	0	232	254	0	-2.17E-05	6.19E-06	-1.12E-05	-1.36E-05
26	14	0	0	0	0	0	0	232	254	0	-2.00E-05	4.55E-06	-9.75E-06	-1.83E-05
26	15	0	0	0	0	0	0	232	254	0	-2.10E-05	3.20E-06	-9.07E-06	-1.73E-05
26	16	0	0	0	0	0	0	232	254	0	-2.10E-05	3.20E-06	-9.07E-06	-1.73E-05
26	17	0	0	0	0	0	0	232	254	0	-2.30E-05	4.52E-06	-8.40E-06	-8.97E-06
26	18	0	0	0	0	0	0	232	254	0	-2.30E-05	4.52E-06	-8.40E-06	-8.97E-06
26	19	0	0	0	0	0	0	232	254	0	-2.37E-05	5.20E-06	-7.89E-06	-9.73E-06
27	0	0	0	0	0	0	0	232	254	0	-2.37E-05	5.20E-06	-7.89E-06	-9.73E-06
27	1	0	0	0	0	0	0	232	254	0	-2.30E-05	4.87E-06	-6.56E-06	-1.76E-05
27	2	0	0	0	0	0	0	232	254	0	-2.30E-05	4.87E-06	-6.56E-06	-1.76E-05
27	3	0	0	0	0	0	0	232	254	0	-2.30E-05	4.37E-06	-5.38E-06	-1.80E-05
27	4	0	0	0	0	0	0	232	254	0	-2.37E-05	4.53E-06	-5.70E-06	-1.26E-05
27	5	0	0	0	0	0	0	232	254	0	-2.37E-05	4.53E-06	-5.70E-06	-1.26E-05
27	6	0	0	0	0	0	0	232	254	0	-2.37E-05	3.20E-06	-8.20E-06	-1.18E-05
27	7	0	0	0	0	0	0	232	254	0	-2.37E-05	3.20E-06	-8.20E-06	-1.18E-05
27	8	0	0	0	0	0	0	232	254	0	-2.37E-05	4.52E-06	-9.72E-06	-1.31E-05
27	9	0	0	0	0	0	0	232	254	0	-2.37E-05	4.52E-06	-9.72E-06	-1.31E-05
27	10	0	0	0	0	0	0	232	254	0	-2.43E-05	3.87E-06	-9.90E-06	-1.19E-05
27	11	0	0	0	0	0	0	232	254	0	-2.43E-05	3.87E-06	-9.90E-06	-1.19E-05
27	12	0	0	0	0	0	0	232	254	0	-2.60E-05	4.53E-06	-1.02E-05	-9.92E-06
27	13	0	0	0	0	0	0	232	254	0	-2.57E-05	4.86E-06	-9.74E-06	-9.24E-06
27	14	0	0	0	0	0	0	232	254	0	-2.57E-05	4.86E-06	-9.74E-06	-9.24E-06
27	15	0	0	0	0	0	0	232	254	0	-2.50E-05	6.36E-06	-9.57E-06	-1.16E-05
27	16	0	0	0	0	0	0	232	254	0	-2.50E-05	6.36E-06	-9.57E-06	-1.16E-05
27	17	0	0	0	0	0	0	232	254	0	-2.57E-05	5.55E-06	-9.90E-06	-1.81E-05
27	18	0	0	0	0	0	0	232	254	0	-2.57E-05	5.55E-06	-9.90E-06	-1.81E-05
27	19	0	0	0	0	0	0	232	254	0	-2.50E-05	5.87E-06	-8.24E-06	-1.86E-05
28	0	0	0	0	0	0	0	232	254	0	-2.50E-05	5.87E-06	-8.24E-06	-1.86E-05
28	1	0	0	0	0	0	0	232	254	0	-2.43E-05	6.37E-06	-8.39E-06	-1.50E-05
28	2	0	0	0	0	0	0	232	254	0	-2.40E-05	5.21E-06	-8.73E-06	-1.44E-05
28	3	0	0	0	0	0	0	232	254	0	-2.40E-05	5.21E-06	-8.73E-06	-1.44E-05
28	4	0	0	0	0	0	0	232	254	0	-2.27E-05	4.21E-06	-8.23E-06	-1.29E-05
28	5	0	0	0	0	0	0	232	254	0	-2.27E-05	4.21E-06	-8.23E-06	-1.29E-05
28	6	0	0	0	0	0	0	232	254	0	-2.20E-05	4.53E-06	-8.89E-06	-1.16E-05
28	7	0	0	0	0	0	0	232	254	0	-2.20E-05	4.53E-06	-8.89E-06	-1.16E-05
28	8	0	0	0	0	0	0	232	254	0	-2.10E-05	3.87E-06	-9.23E-06	-1.12E-05
28	9	0	0	0	0	0	0	232	254	0	-2.10E-05	3.87E-06	-9.23E-06	-1.12E-05
28	10	0	0	0	0	0	0	232	254	0	-1.93E-05	3.36E-06	-9.73E-06	-1.19E-05
28	11	0	0	0	0	0	0	232	254	0	-1.90E-05	3.19E-06	-9.90E-06	-1.09E-05
28	12	0	0	0	0	0	0	232	254	0	-1.90E-05	3.19E-06	-9.90E-06	-1.09E-05
28	13	0	0	0	0	0	0	232	254	0	-1.96E-05	2.03E-06	-8.91E-06	-1.16E-05
28	14	0	0	0	0	0	0	232	254	0	-1.96E-05	2.03E-06	-8.91E-06	-1.16E-05
28	15	0	0	0	0	0	0	232	254	0	-1.90E-05	3.18E-06	-9.39E-06	-1.22E-05
28	16	0	0	0	0	0	0	232	254	0	-1.90E-05	3.18E-06	-9.39E-06	-1.22E-05
28	17	0	0	0	0	0	0	232	254	0	-1.73E-05	4.19E-06	-9.73E-06	-1.09E-05
28	18	0	0	0	0	0	0	232	254	0	-1.73E-05	4.19E-06	-9.73E-06	-1.09E-05
28	19	0	0	0	0	0	0	232	254	0	-1.80E-05	4.20E-06	-9.57E-06	-1.16E-05
29	0	0	0	0	0	0	0	232	254	0	-1.76E-05	4.86E-06	-9.40E-06	-1.29E-05
29	1	0	0	0	0	0	0	232	254	0	-1.76E-05	4.86E-06	-9.40E-06	-1.29E-05
29	2	0	0	0	0	0	0	232	254	0	-1.60E-05	5.53E-06	-1.01E-05	-1.39E-05
29	3	0	0	0	0	0	0	232	254	0	-1.60E-05	5.53E-06	-1.01E-05	-1.39E-05
29	4	0	0	0	0	0	0	232	254	0	-1.59E-05	4.54E-06	-9.74E-06	-1.23E-05
29	5	0	0	0	0	0	0	232	254	0	-1.59E-05	4.54E-06	-9.74E-06	-1.23E-05
29	6	0	0	0	0	0	0	232	254	0	-1.69E-05	5.20E-06	-1.02E-05	-1.21E-05
29	7	0	0	0	0	0	0	232	254	0	-1.69E-05	5.20E-06	-1.02E-05	-1.21E-05
29	8	0	0	0	0	0	0	232	254	0	-1.76E-05	4.70E-06	-1.01E-05	-1.09E-05
29	9	0	0	0	0	0	0	232	254	0	-1.71E-05	4.20E-06	-9.74E-06	-9.91E-06
29	10	0	0	0	0	0	0	232	254	0	-1.71E-05	4.20E-06	-9.74E-06	-9.91E-06
29	11	0	0	0	0	0	0	232	254	0	-1.76E-05	5.19E-06	-9.74E-06	-9.74E-06
29	12	0	0	0	0	0	0	232	254	0	-1.76E-05	5.19E-06	-9.74E-06	-9.74E-06
29	13	0	0	0	0	0	0	232	254	0	-1.93E-05	4.54E-06	-9.57E-06	-1.09E-05
29	14	0	0	0	0	0	0	232	254	0	-1.93E-05	4.54E-06	-9.57E-06	-1.09E-05
29	15	0	0	0	0	0	0	232	254	0	-2.06E-05	5.70E-06	-9.57E-06	-1.01E-05
29	16	0	0	0	0	0	0	232	254	0	-2.06E-05	5.70E-06	-9.57E-06	-1.01E-05
29	17	0	0	0	0	0	0	232	254	0	-2.03E-05	6.54E-06	-8.90E-06	-8.57E-06
29	18	0	0	0	0	0	0	232	254	0	-1.93E-05	6.21E-06	-8.90E-06	-1.09E-05
29	19	0	0	0	0	0	0	232	254	0	-1.93E-05	6.21E-06	-8.90E-06	-1.09E-05
30	0	0	0	0	0	0	0	232	254	0	-2.05E-05	5.55E-06	-8.90E-06	-1.37E-05
30	1	0	0	0	0	0	0	232	254	0	-2.05E-05	5.55E-06	-8.90E-06	-1.37E-05
30	2	0	0	0	0	0	0	232	254	0	-1.96E-05	4.71E-06	-8.40E-06	-1.31E-05
30	3	0	0	0	0	0	0	232	254	0	-1.96E-05	4.71E-06	-8.40E-06	-1.31E-05
30	4	0	0	0	0	0	0	232	254	0	-1.85E-05	3.20E-06	-8.56E-06	-1.29E-05
30	5	0	0	0	0	0	0	232	254	0	-1.85E-05	3.20E-06	-8.56E-06	-1.29E-05
30	6	0	0	0	0	0	0	232	254	0	-1.93E-05	3.52E-06	-9.06E-06	-1.28E-05
30	7	0	0	0	0	0	0	232	254	0	-2.03E-05	2.86E-06	-9.40E-06	-1.23E-05
30	8	0	0	0	0	0	0	232	254	0	-2.03E-05	2.86E-06	-9.40E-06	-1.23E-05
30	9	0	0	0	0	0	0	232	254	0	-2.06E-05	3.85E-06	-9.40E-06	-1.26E-05
30	10	0	0	0	0	0	0	232	254	0	-2.06E-05	3.85E-06	-9.40E-06	-1.26E-05
30	11	0	0	0	0	0	0	232	254	0	-1.96E-05	5.52E-06	-9.40E-06	-1.43E-05
30	12	0	0	0	0	0	0	232	254	0	-1.96E-05	5.52E-06	-9.40E-06	-1.43E-05
30	13	0	0	0	0	0	0	232	254	0	-1.90E-05	6.20E-06	-1.01E-05	-1.29E-05
30	14	0	0	0	0	0	0	232	254	0	-1.90E-05	6.20E-06	-1.01E-05	-1.29E-05
30	15	0	0	0	0	0	0	232	254	0	-1.96E-05	6.54E-06	-9.24E-06	-1.19E-05
30	16	0	0	0	0	0	0	232	254	0	-1.96E-05	7.05E-06	-8.23E-06	-1.19E-05
30	17	0	0	0	0	0	0	232	254	0	-1.96E-05	7.05E-06	-8.23E-06	-1.19E-05
30	18	0	0	0	0	0	0	232	254	0	-2.00E-05	6.55E-06	-1.02E-05	-1.31E-05
30	19	0	0	0	0	0	0	232	254	0	-2.00E-05	6.55E-06	-1.02E-05	-1.31E-05
31	0	0	0	0	0	0	0	232	254	0	-2.13E-05	5.22E-06	-1.12E-05	-1.23E-05
31	1	0	0	0	0	0	0	232	254	0	-2.13E-05	5.22E-06	-1.12E-05	-1.23E-05
31	2	0	0	0	0	0	0	232	254	0	-1.97E-05	5.20E-06	-9.75E-06	-9.92E-06
31	3	0	0	0	0	0	0	232	254	0	-1.97E-05	5.20E-06	-9.75E-06	-9.92E-06
31	4	0	0	0	0	0	0	232	254	0	-2.13E-05	5.20E-06	-8.90E-06	-1.26E-05
31	5	0	0	0	0	0	0	232	254	0	-2.16E-05	3.54E-06	-8.40E-06	-1.13E-05
31	6	0	0	0	0	0	0	232	254	0	-2.16E-05	3.54E-06	-8.40E-06	-1.13E-05
31	7	0	0	0	0	0	0	232	254	0	-2.25E-05	4.86E-06	-9.56E-06	-1.49E-05
31	8	0	0	0	0	0	0	232	254	0	-2.25E-05	4.86E-06	-9.56E-06	-1.49E-05
31	9	0	0	0	0	0	0	232	254	0	-2.17E-05	6.86E-06	-8.40E-06	-1.76E-05
31	10	0	0	0	0	0	0	232	254	0	-2.17E-05	6.86E-06	-8.40E-06	-1.76E-05
31	11	0	0	0	0	0	0	232	254	0	-2.07E-05	6.22E-06	-7.56E-06	-1.53E-05
31	12	0	0	0	0	0	0	232	254	0	-2.07E-05	6.22E-06	-7.56E-06	-1.53E-05
31	13	0	0	0	0	0	0	232	254	0	-2.16E-05	3.88E-06	-7.55E-06	-1.16E-05
31	14	0	0	0	0	0	0	232	254	0	-2.13E-05	4.86E-06	-7.55E-06	-8.92E-06
31	15	0	0	0	0	0	0	232	254	0	-2.13E-05	4.86E-06	-7.55E-06	-8.92E-06
31	16	0	0	0	0	0	0	232	254	0	-2.20E-05	5.87E-06	-8.88E-06	-9.39E-06
31	17	0	0	0	0	0	0	232	254	0	-2.20E-05	5.87E-06	-8.88E-06	-9.39E-06
31	18	0	0	0	0	0	0	232	254	0	-2.30E-05	4.71E-06	-8.73E-06	-1.11E-05
31	19	0	0	0	0	0	0	232	254	0	-2.30E-05	4.71E-06	-8.73E-06	-1.11E-05
32	0	0	0	0	0	0	0	232	254	0	-2.12E-05	4.53E-06	-7.23E-06	-1.16E-05
32	1	0	0	0	0	0	0	232	254	0	-2.12E-05	4.53E-06	-7.23E-06	-1.16E-05
32	2	0	0	0	0	0	0	232	254	0	-2.10E-05	3.87E-06	-7.05E-06	-1.36E-05
32	3	0	0	0	0	0	0	232	254	0	-2.05E-05	3.69E-06	-6.88E-06	-1.23E-05
32	4	0	0	0	0	0	0	232	254	0	-2.05E-05	3.69E-06	-6.88E-06	-1.23E-05
32	5	0	0	0	0	0	0	232	254	0	-2.10E-05	3.69E-06	-7.21E-06	-1.16E-05
32	6	0	0	0	0	0	0	232	254	0	-2.10E-05	3.69E-06	-7.21E-06	-1.16E-05
32	7	0	0	0	0	0	0	232	254	0	-2.11E-05	3.53E-06	-8.22E-06	-1.44E-05
32	8	0	0	0	0	0	0	232	254	0	-2.11E-05	3.53E-06	-8.22E-06	-1.44E-05
32	9	0	0	0	0	0	0	232	254	0	-2.10E-05	3.86E-06	-7.89E-06	-1.49E-05
32	10	0	0	0	0	0	0	232	254	0	-2.10E-05	3.86E-06	-7.89E-06	-1.49E-05
32	11	0	0	0	0	0	0	232	254	0	-2.00E-05	3.53E-06	-7.56E-06	-1.09E-05
32	12	0	0	0	0	0	0	232	254	0	-1.96E-05	3.86E-06	-8.22E-06	-1.14E-05
32	13	0	0	0	0	0	0	232	254	0	-1.96E-05	3.86E-06	-8.22E-06	-1.14E-05
32	14	0	0	0	0	0	0	232	254	0	-2.05E-05	4.36E-06	-9.72E-06	-1.47E-05
32	15	0	0	0	0	0	0	232	254	0	-2.05E-05	4.36E-06	-9.72E-06	-1.47E-05
32	16	0	0	0	0	0	0	232	254	0	-2.06E-05	5.53E-06	-1.09E-05	-1.41E-05
32	17	0	0	0	0	0	0	232	254	0	-2.06E-05	5.53E-06	-1.09E-05	-1.41E-05
32	18	0	0	0	0	0	0	232	254	0	-2.20E-05	4.54E-06	-1.12E-05	-1.13E-05
32	19	0	0	0	0	0	0	232	254	0	-2.20E-05	4.54E-06	-1.12E-05	-1.13E-05
33	0	0	0	0	0	0	0	232	254	0	-2.25E-05	3.87E-06	-9.58E-06	-1.07E-05
33	1	0	0	0	0	0	0	232	254	0	-2.40E-05	6.19E-06	-1.02E-05	-1.19E-05
33	2	0	0	0	0	0	0	232	254	0	-2.40E-05	6.19E-06	-1.02E-05	-1.19E-05
33	3	0	0	0	0	0	0	232	254	0	-2.42E-05	6.21E-06	-1.02E-05	-1.36E-05
33	4	0	0	0	0	0	0	232	254	0	-2.42E-05	6.21E-06	-1.02E-05	-1.36E-05
33	5	0	0	0	0	0	0	232	254	0	-2.23E-05	6.38E-06	-1.04E-05	-1.56E-05
33	6	0	0	0	0	0	0	232	254	0	-2.23E-05	6.38E-06	-1.04E-05	-1.56E-05
33	7	0	0	0	0	0	0	232	254	0	-2.37E-05	4.55E-06	-8.24E-06	-1.71E-05
33	8	0	0	0	0	0	0	232	254	0	-2.37E-05	4.55E-06	-8.24E-06	-1.71E-05
33	9	0	0	0	0	0	0	232	254	0	-2.37E-05	4.03E-06	-8.22E-06	-1.71E-05
33	10	0	0	0	0	0	0	232	254	0	-2.23E-05	4.86E-06	-9.22E-06	-1.58E-05
33	11	0	0	0	0	0	0	232	254	0	-2.23E-05	4.86E-06	-9.22E-06	-1.58E-05
33	12	0	0	0	0	0	0	232	254	0	-2.43E-05	5.53E-06	-8.40E-06	-1.43E-05
33	13	0	0	0	0	0	0	232	254	0	-2.43E-05	5.53E-06	-8.40E-06	-1.43E-05
33	14	0	0	0	0	0	0	232	254	0	-2.32E-05	5.87E-06	-8.23E-06	-1.06E-05
33	15	0	0	0	0	0	0	232	254	0	-2.32E-05	5.87E-06	-8.23E-06	-1.06E-05
33	16	0	0	0	0	0	0	232	254	0	-2.23E-05	5.21E-06	-7.23E-06	-9.58E-06
33	17	0	0	0	0	0	0	232	254	0	-2.23E-05	5.21E-06	-7.23E-06	-9.58E-06
33	18	0	0	0	0	0	0	232	254	0	-2.30E-05	3.87E-06	-7.22E-06	-1.19E-05
33	19	0	0	0	0	0	0	232	254	0	-2.20E-05	4.19E-06	-9.21E-06	-1.26E-05
34	0	0	0	0	0	0	0	232	254	0	-2.20E-05	4.19E-06	-9.21E-06	-1.26E-05
34	1	0	0	0	0	0	0	232	254	0	-2.08E-05	3.20E-06	-1.02E-05	-1.24E-05
34	2	0	0	0	0	0	0	232	254	0	-2.08E-05	3.20E-06	-1.02E-05	-1.24E-05
34	3	0	0	0	0	0	0	232	254	0	-2.10E-05	2.52E-06	-9.57E-06	-1.36E-05
34	4	0	0	0	0	0	0	232	254	0	-2.10E-05	2.52E-06	-9.57E-06	-1.36E-05
34	5	0	0	0	0	0	0	232	254	0	-2.13E-05	4.85E-06	-9.57E-06	-1.36E-05
34	6	0	0	0	0	0	0	232	254	0	-2.13E-05	4.85E-06	-9.57E-06	-1.36E-05
34	7	0	0	0	0	0	0	232	254	0	-2.13E-05	5.37E-06	-9.90E-06	-1.06E-05
34	8	0	0	0	0	0	0	232	254	0	-2.16E-05	4.21E-06	-1.02E-05	-1.17E-05
34	9	0	0	0	0	0	0	232	254	0	-2.16E-05	4.21E-06	-1.02E-05	-1.17E-05
34	10	0	0	0	0	0	0	232	254	0	-2.10E-05	2.87E-06	-9.24E-06	-1.26E-05
34	11	0	0	0	0	0	0	232	254	0	-2.10E-05	2.87E-06	-9.24E-06	-1.26E-05
34	12	0	0	0	0	0	0	232	254	0	-2.03E-05	3.69E-06	-8.90E-06	-1.16E-05
34	13	0	0	0	0	0	0	232	254	0	-2.03E-05	3.69E-06	-8.90E-06	-1.16E-05
34	14	0	0	0	0	0	0	232	254	0	-2.25E-05	5.02E-06	-8.90E-06	-1.21E-05
34	15	0	0	0	0	0	0	232	254	0	-2.25E-05	5.02E-06	-8.90E-06	-1.21E-05
34	16	0	0	0	0	0	0	232	254	0	-2.30E-05	5.87E-06	-8.56E-06	-1.26E-05
34	17	0	0	0	0	0	0	232	254	0	-2.27E-05	5.21E-06	-9.23E-06	-1.24E-05
34	18	0	0	0	0	0	0	232	254	0	-2.27E-05	5.21E-06	-9.23E-06	-1.24E-05
34	19	0	0	0	0	0	0	232	254	0	-2.23E-05	3.71E-06	-9.23E-06	-1.33E-05
35	0	0	0	0	0	0	0	232	254	0	-2.23E-05	3.71E-06	-9.23E-06	-1.33E-05
35	1	0	0	0	0	0	0	232	254	0	-2.10E-05	2.53E-06	-1.11E-05	-1.36E-05
35	2	0	0	0	0	0	0	232	254	0	-2.10E-05	2.53E-06	-1.11E-05	-1.36E-05
35	3	0	0	0	0	0	0	232	254	0	-2.16E-05	2.85E-06	-1.11E-05	-1.33E-05
35	4	0	0	0	0	0	0	232	254	0	-2.16E-05	2.85E-06	-1.11E-05	-1.33E-05
35	5	0	0	0	0	0	0	232	254	0	-2.23E-05	3.85E-06	-9.91E-06	-1.23E-05
35	6	0	0	0	0	0	0	232	254	0	-2.10E-05	4.19E-06	-9.24E-06	-1.33E-05
35	7	0	0	0	0	0	0	232	254	0	-2.10E-05	4.19E-06	-9.24E-06	-1.33E-05
35	8	0	0	0	0	0	0	232	254	0	-2.08E-05	4.20E-06	-9.07E-06	-1.23E-05
35	9	0	0	0	0	0	0	232	254	0	-2.08E-05	4.20E-06	-9.07E-06	-1.23E-05
35	10	0	0	0	0	0	0	232	254	0	-2.01E-05	4.70E-06	-7.90E-06	-1.23E-05
35	11	0	0	0	0	0	0	232	254	0	-2.01E-05	4.70E-06	-7.90E-06	-1.23E-05
35	12	0	0	0	0	0	0	232	254	0	-1.96E-05	6.03E-06	-8.22E-06	-1.29E-05
35	13	0	0	0	0	0	0	232	254	0	-1.96E-05	6.03E-06	-8.22E-06	-1.29E-05
35	14	0	0	0	0	0	0	232	254	0	-1.88E-05	6.54E-06	-9.22E-06	-1.23E-05
35	15	0	0	0	0	0	0	232	254	0	-2.00E-05	4.55E-06	-9.23E-06	-1.16E-05
35	16	0	0	0	0	0	0	232	254	0	-2.00E-05	4.55E-06	-9.23E-06	-1.16E-05
35	17	0	0	0	0	0	0	232	254	0	-1.98E-05	4.03E-06	-1.02E-05	-1.12E-05
35	18	0	0	0	0	0	0	232	254	0	-1.98E-05	4.03E-06	-1.02E-05	-1.12E-05
35	19	0	0	0	0	0	0	232	254	0	-1.80E-05	6.02E-06	-8.41E-06	-1.06E-05
36	0	0	0	0	0	0	0	232	254	0	-1.80E-05	6.02E-06	-8.41E-06	-1.06E-05
36	1	0	0	0	0	0	0	232	254	0	-1.70E-05	5.21E-06	-8.89E-06	-1.14E-05
36	2	0	0	0	0	0	0	232	254	0	-1.70E-05	5.21E-06	-8.89E-06	-1.14E-05
36	3	0	0	0	0	0	0	232	254	0	-1.80E-05	4.87E-06	-9.23E-06	-1.19E-05
36	4	0	0	0	0	0	0	232	254	0	-1.93E-05	5.87E-06	-9.07E-06	-1.23E-05
36	5	0	0	0	0	0	0	232	254	0	-1.93E-05	5.87E-06	-9.07E-06	-1.23E-05
36	6	0	0	0	0	0	0	232	254	0	-2.00E-05	5.71E-06	-9.56E-06	-1.33E-05
36	7	0	0	0	0	0	0	232	254	0	-2.00E-05	5.71E-06	-9.56E-06	-1.33E-05
36	8	0	0	0	0	0	0	232	254	0	-2.16E-05	6.70E-06	-8.24E-06	-1.18E-05
36	9	0	0	0	0	0	0	232	254	0	-2.16E-05	6.70E-06	-8.24E-06	-1.18E-05
36	10	0	0	0	0	0	0	232	254	0	-2.38E-05	7.38E-06	-8.39E-06	-1.03E-05
36	11	0	0	0	0	0	0	232	254	0	-2.38E-05	7.38E-06	-8.39E-06	-1.03E-05
36	12	0	0	0	0	0	0	232	254	0	-2.32E-05	6.55E-06	-9.56E-06	-1.22E-05
36	13	0	0	0	0	0	0	232	254	0	-2.30E-05	5.88E-06	-8.90E-06	-1.33E-05
36	14	0	0	0	0	0	0	232	254	0	-2.30E-05	5.88E-06	-8.90E-06	-1.33E-05
36	15	0	0	0	0	0	0	232	254	0	-2.32E-05	6.21E-06	-7.57E-06	-1.29E-05
36	16	0	0	0	0	0	0	232	254	0	-2.32E-05	6.21E-06	-7.57E-06	-1.29E-05
36	17	0	0	0	0	0	0	232	254	0	-2.37E-05	6.54E-06	-8.05E-06	-1.39E-05
36	18	0	0	0	0	0	0	232	254	0	-2.37E-05	6.54E-06	-8.05E-06	-1.39E-05
36	19	0	0	0	0	0	0	232	254	0	-2.45E-05	6.55E-06	-8.39E-06	-1.39E-05
37	0	0	0	0	0	0	0	232	254	0	-2.45E-05	6.55E-06	-8.39E-06	-1.39E-05
37	1	0	0	0	0	0	0	232	254	0	-2.40E-05	6.21E-06	-8.23E-06	-9.94E-06
37	2	0	0	0	0	0	0	232	254	0	-2.30E-05	5.21E-06	-8.39E-06	-9.57E-06
37	3	0	0	0	0	0	0	232	254	0	-2.30E-05	5.21E-06	-8.39E-06	-9.57E-06
37	4	0	0	0	0	0	0	232	254	0	-2.20E-05	4.37E-06	-9.56E-06	-1.41E-05
37	5	0	0	0	0	0	0	232	254	0	-2.20E-05	4.37E-06	-9.56E-06	-1.41E-05
37	6	0	0	0	0	0	0	232	254	0	-2.25E-05	3.70E-06	-9.73E-06	-1.49E-05
37	7	0	0	0	0	0	0	232	254	0	-2.25E-05	3.70E-06	-9.73E-06	-1.49E-05
37	8	0	0	0	0	0	0	232	254	0	-2.10E-05	5.02E-06	-8.24E-06	-1.23E-05
37	9	0	0	0	0	0	0	232	254	0	-2.10E-05	5.02E-06	-8.24E-06	-1.23E-05
37	10	0	0	0	0	0	0	232	254	0	-2.03E-05	4.54E-06	-7.56E-06	-1.18E-05
37	11	0	0	0	0	0	0	232	254	0	-1.91E-05	2.87E-06	-7.55E-06	-1.22E-05
37	12	0	0	0	0	0	0	232	254	0	-1.91E-05	2.87E-06	-7.55E-06	-1.22E-05
37	13	0	0	0	0	0	0	232	254	0	-1.90E-05	6.91E-07	-9.55E-06	-1.26E-05
37	14	0	0	0	0	0	0	232	254	0	-1.90E-05	6.91E-07	-9.55E-06	-1.26E-05
37	15	0	0	0	0	0	0	232	254	0	-1.96E-05	2.33E-06	-1.06E-05	-1.23E-05
37	16	0	0	0	0	0	0	232	254	0	-1.96E-05	2.33E-06	-1.06E-05	-1.23E-05
37	17	0	0	0	0	0	0	232	254	0	-2.03E-05	2.52E-06	-1.09E-05	-1.23E-05
37	18	0	0	0	0	0	0	232	254	0	-2.03E-05	2.52E-06	-1.09E-05	-1.23E-05
37	19	0	0	0	0	0	0	232	254	0	-2.00E-05	2.85E-06	-1.01E-05	-1.31E-05
38	0	0	0	0	0	0	0	232	254	0	-2.03E-05	3.52E-06	-9.24E-06	-1.24E-05
38	1	0	0	0	0	0	0	232	254	0	-2.03E-05	3.52E-06	-9.24E-06	-1.24E-05
38	2	0	0	0	0	0	0	232	254	0	-2.16E-05	4.02E-06	-9.90E-06	-1.43E-05
38	3	0	0	0	0	0	0	232	254	0	-2.16E-05	4.02E-06	-9.90E-06	-1.43E-05
38	4	0	0	0	0	0	0	232	254	0	-2.18E-05	5.19E-06	-1.09E-05	-1.46E-05
38	5	0	0	0	0	0	0	232	254	0	-2.18E-05	5.19E-06	-1.09E-05	-1.46E-05
38	6	0	0	0	0	0	0	232	254	0	-2.27E-05	4.54E-06	-9.91E-06	-1.29E-05
38	7	0	0	0	0	0	0	232	254	0	-2.27E-05	4.54E-06	-9.91E-06	-1.29E-05
38	8	0	0	0	0	0	0	232	254	0	-2.18E-05	5.20E-06	-8.57E-06	-1.46E-05
38	9	0	0	0	0	0	0	232	254	0	-2.30E-05	6.87E-06	-8.89E-06	-1.49E-05
38	10	0	0	0	0	0	0	232	254	0	-2.30E-05	6.87E-06	-8.89E-06	-1.49E-05
38	11	0	0	0	0	0	0	232	254	0	-2.30E-05	4.22E-06	-8.56E-06	-1.29E-05
38	12	0	0	0	0	0	0	232	254	0	-2.30E-05	4.22E-06	-8.56E-06	-1.29E-05
38	13	0	0	0	0	0	0	232	254	0	-2.12E-05	4.53E-06	-9.06E-06	-1.44E-05
38	14	0	0	0	0	0	0	232	254	0	-2.12E-05	4.53E-06	-9.06E-06	-1.44E-05
38	15	0	0	0	0	0	0	232	254	0	-2.03E-05	6.53E-06	-1.04E-05	-1.49E-05
38	16	0	0	0	0	0	0	232	254	0	-2.03E-05	6.53E-06	-1.04E-05	-1.49E-05
38	17	0	0	0	0	0	0	232	254	0	-1.96E-05	5.38E-06	-9.91E-06	-1.36E-05
38	18	0	0	0	0	0	0	232	254	0	-2.13E-05	4.54E-06	-8.74E-06	-1.23E-05
38	19	0	0	0	0	0	0	232	254	0	-2.13E-05	4.54E-06	-8.74E-06	-1.23E-05
39	0	0	0	0	0	0	0	232	254	0	-2.00E-05	4.86E-06	-9.23E-06	-1.29E-05
39	1	0	0	0	0	0	0	232	254	0	-2.00E-05	4.86E-06	-9.23E-06	-1.29E-05
39	2	0	0	0	0	0	0	232	254	0	-2.10E-05	5.20E-06	-9.90E-06	-1.09E-05
39	3	0	0	0	0	0	0	232	254	0	-2.10E-05	5.20E-06	-9.90E-06	-1.09E-05
39	4	0	0	0	0	0	0	232	254	0	-2.01E-05	3.54E-06	-1.04E-05	-8.91E-06
39	5	0	0	0	0	0	0	232	254	0	-2.01E-05	3.54E-06	-1.04E-05	-8.91E-06
39	6	0	0	0	0	0	0	232	254	0	-1.96E-05	3.69E-06	-9.24E-06	-1.02E-05
39	7	0	0	0	0	0	0	232	254	0	-2.08E-05	3.69E-06	-8.90E-06	-1.26E-05
39	8	0	0	0	0	0	0	232	254	0	-2.08E-05	3.69E-06	-8.90E-06	-1.26E-05
39	9	0	0	0	0	0	0	232	254	0	-2.11E-05	4.52E-06	-9.73E-06	-1.24E-05
39	10	0	0	0	0	0	0	232	254	0	-2.11E-05	4.52E-06	-9.73E-06	-1.24E-05
39	11	0	0	0	0	0	0	232	254	0	-2.20E-05	5.86E-06	-9.57E-06	-9.59E-06
39	12	0	0	0	0	0	0	232	254	0	-2.20E-05	5.86E-06	-9.57E-06	-9.59E-06
39	13	0	0	0	0	0	0	232	254	0	-2.18E-05	5.21E-06	-9.57E-06	-7.57E-06
39	14	0	0	0	0	0	0	232	254	0	-2.18E-05	5.21E-06	-9.57E-06	-7.57E-06
39	15	0	0	0	0	0	0	232	254	0	-2.07E-05	5.70E-06	-9.57E-06	-7.55E-06
39	16	0	0	0	0	0	0	232	254	0	-2.03E-05	5.71E-06	-8.57E-06	-8.55E-06
39	17	0	0	0	0	0	0	232	254	0	-2.03E-05	5.71E-06	-8.57E-06	-8.55E-06
39	18	0	0	0	0	0	0	232	254	0	-2.08E-05	5.54E-06	-8.89E-06	-1.04E-05
39	19	0	0	0	0	0	0	232	254	0	-2.08E-05	5.54E-06	-8.89E-06	-1.04E-05
40	0	0	0	0	0	0	0	232	254	0	-2.06E-05	6.54E-06	-9.56E-06	-1.56E-05
40	1	0	0	0	0	0	0	232	254	0	-2.06E-05	6.54E-06	-9.56E-06	-1.56E-05
40	2	0	0	0	0	0	0	232	254	0	-2.01E-05	6.55E-06	-7.90E-06	-1.29E-05
40	3	0	0	0	0	0	0	232	254	0	-2.01E-05	6.55E-06	-7.90E-06	-1.29E-05
40	4	0	0	0	0	0	0	232	254	0	-2.08E-05	6.21E-06	-6.89E-06	-9.26E-06
40	5	0	0	0	0	0	0	232	254	0	-2.03E-05	6.88E-06	-7.38E-06	-8.90E-06
40	6	0	0	0	0	0	0	232	254	0	-2.03E-05	6.88E-06	-7.38E-06	-8.90E-06
40	7	0	0	0	0	0	0	232	254	0	-2.10E-05	8.21E-06	-9.55E-06	-1.01E-05
40	8	0	0	0	0	0	0	232	254	0	-2.10E-05	8.21E-06	-9.55E-06	-1.01E-05
40	9	0	0	0	0	0	0	232	254	0	-2.16E-05	7.23E-06	-1.06E-05	-1.19E-05
40	10	0	0	0	0	0	0	232	254	0	-2.16E-05	7.23E-06	-1.06E-05	-1.19E-05
40	11	0	0	0	0	0	0	232	254	0	-2.00E-05	7.72E-06	-9.58E-06	-1.24E-05
40	12	0	0	0	0	0	0	232	254	0	-2.00E-05	7.72E-06	-9.58E-06	-1.24E-05
40	13	0	0	0	0	0	0	232	254	0	-1.85E-05	7.06E-06	-9.57E-06	-1.01E-05
40	14	0	0	0	0	0	0	232	254	0	-1.96E-05	5.22E-06	-1.01E-05	-1.04E-05
40	15	0	0	0	0	0	0	232	254	0	-1.96E-05	5.22E-06	-1.01E-05	-1.04E-05
40	16	0	0	0	0	0	0	232	254	0	-2.06E-05	4.21E-06	-8.57E-06	-1.32E-05
40	17	0	0	0	0	0	0	232	254	0	-2.06E-05	4.21E-06	-8.57E-06	-1.32E-05
40	18	0	0	0	0	0	0	232	254	0	-2.08E-05	3.86E-06	-8.23E-06	-1.13E-05
40	19	0	0	0	0	0	0	232	254	0	-2.08E-05	3.86E-06	-8.23E-06	-1.13E-05
41	0	0	0	0	0	0	0	232	254	0	-2.01E-05	4.86E-06	-9.22E-06	-7.75E-06
41	1	0	0	0	0	0	0	232	254	0	-2.01E-05	4.86E-06	-9.22E-06	-7.75E-06
41	2	0	0	0	0	0	0	232	254	0	-2.05E-05	4.70E-06	-9.23E-06	-8.72E-06
41	3	0	0	0	0	0	0	232	254	0	-1.90E-05	4.37E-06	-8.23E-06	-1.42E-05
41	4	0	0	0	0	0	0	232	254	0	-1.90E-05	4.37E-06	-8.23E-06	-1.42E-05
41	5	0	0	0	0	0	0	232	254	0	-1.83E-05	4.53E-06	-7.56E-06	-1.71E-05
41	6	0	0	0	0	0	0	232	254	0	-1.83E-05	4.53E-06	-7.56E-06	-1.71E-05
41	7	0	0	0	0	0	0	232	254	0	-1.91E-05	3.87E-06	-7.05E-06	-1.60E-05
41	8	0	0	0	0	0	0	232	254	0	-1.91E-05	3.87E-06	-7.05E-06	-1.60E-05
41	9	0	0	0	0	0	0	232	254	0	-2.00E-05	3.20E-06	-8.55E-06	-1.33E-05
41	10	0	0	0	0	0	0	232	254	0	-2.00E-05	3.20E-06	-8.55E-06	-1.33E-05
41	11	0	0	0	0	0	0	232	254	0	-2.13E-05	4.19E-06	-9.72E-06	-1.36E-05
41	12	0	0	0	0	0	0	232	254	0	-2.10E-05	4.53E-06	-9.57E-06	-1.29E-05
41	13	0	0	0	0	0	0	232	254	0	-2.10E-05	4.53E-06	-9.57E-06	-1.29E-05
41	14	0	0	0	0	0	0	232	254	0	-2.03E-05	3.87E-06	-9.90E-06	-1.36E-05
41	15	0	0	0	0	0	0	232	254	0	-2.03E-05	3.87E-06	-9.90E-06	-1.36E-05
41	16	0	0	0	0	0	0	232	254	0	-2.23E-05	4.86E-06	-1.02E-05	-1.28E-05
41	17	0	0	0	0	0	0	232	254	0	-2.23E-05	4.86E-06	-1.02E-05	-1.28E-05
41	18	0	0	0	0	0	0	232	254	0	-2.20E-05	4.53E-06	-9.91E-06	-1.23E-05
41	19	0	0	0	0	0	0	232	254	0	-2.20E-05	4.53E-06	-9.91E-06	-1.23E-05
42	0	0	0	0	0	0	0	232	254	0	-2.23E-05	2.70E-06	-1.02E-05	-1.54E-05
42	1	0	0	0	0	0	0	232	254	0	-2.30E-05	2.52E-06	-9.57E-06	-2.06E-05
42	2	0	0	0	0	0	0	232	254	0	-2.30E-05	2.52E-06	-9.57E-06	-2.06E-05
42	3	0	0	0	0	0	0	232	254	0	-2.37E-05	2.19E-06	-8.24E-06	-1.65E-05
42	4	0	0	0	0	0	0	232	254	0	-2.37E-05	2.19E-06	-8.24E-06	-1.65E-05
42	5	0	0	0	0	0	0	232	254	0	-2.35E-05	1.02E-06	-8.72E-06	-1.23E-05
42	6	0	0	0	0	0	0	232	254	0	-2.35E-05	1.02E-06	-8.72E-06	-1.23E-05
42	7	0	0	0	0	0	0	232	254	0	-2.37E-05	5.08E-07	-9.23E-06	-1.04E-05
42	8	0	0	0	0	0	0	232	254	0	-2.37E-05	5.08E-07	-9.23E-06	-1.04E-05
42	9	0	0	0	0	0	0	232	254	0	-2.38E-05	1.17E-06	-1.09E-05	-9.91E-06
42	10	0	0	0	0	0	0	232	254	0	-2.38E-05	2.17E-06	-1.06E-05	-7.91E-06
42	11	0	0	0	0	0	0	232	254	0	-2.38E-05	2.17E-06	-1.06E-05	-7.91E-06
42	12	0	0	0	0	0	0	232	254	0	-2.43E-05	2.68E-06	-1.06E-05	-1.14E-05
42	13	0	0	0	0	0	0	232	254	0	-2.43E-05	2.68E-06	-1.06E-05	-1.14E-05
42	14	0	0	0	0	0	0	232	254	0	-2.32E-05	3.02E-06	-1.09E-05	-1.72E-05
42	15	0	0	0	0	0	0	232	254	0	-2.32E-05	3.02E-06	-1.09E-05	-1.72E-05
42	16	0	0	0	0	0	0	232	254	0	-2.10E-05	3.35E-06	-8.58E-06	-1.98E-05
42	17	0	0	0	0	0	0	232	254	0	-2.10E-05	3.35E-06	-8.58E-06	-1.98E-05
42	18	0	0	0	0	0	0	232	254	0	-2.11E-05	4.52E-06	-6.23E-06	-1.71E-05
42	19	0	0	0	0	0	0	232	254	0	-2.13E-05	3.87E-06	-6.88E-06	-1.70E-05
43	0	0	0	0	0	0	0	232	254	0	-2.13E-05	3.87E-06	-6.88E-06	-1.70E-05
43	1	0	0	0	0	0	0	232	254	0	-2.20E-05	3.86E-06	-7.71E-06	-1.71E-05
43	2	0	0	0	0	0	0	232	254	0	-2.20E-05	3.86E-06	-7.71E-06	-1.71E-05
43	3	0	0	0	0	0	0	232	254	0	-2.23E-05	4.53E-06	-8.22E-06	-1.51E-05
43	4	0	0	0	0	0	0	232	254	0	-2.23E-05	4.53E-06	-8.22E-06	-1.51E-05
43	5	0	0	0	0	0	0	232	254	0	-2.37E-05	4.70E-06	-8.22E-06	-1.44E-05
43	6	0	0	0	0	0	0	232	254	0	-2.37E-05	4.70E-06	-8.22E-06	-1.44E-05
43	7	0	0	0	0	0	0	232	254	0	-2.33E-05	4.20E-06	-9.06E-06	-1.31E-05
43	8	0	0	0	0	0	0	232	254	0	-2.25E-05	4.70E-06	-8.90E-06	-1.49E-05
43	9	0	0	0	0	0	0	232	254	0	-2.25E-05	4.70E-06	-8.90E-06	-1.49E-05
43	10	0	0	0	0	0	0	232	254	0	-2.12E-05	4.87E-06	-7.90E-06	-1.43E-05
43	11	0	0	0	0	0	0	232	254	0	-2.12E-05	4.87E-06	-7.90E-06	-1.43E-05
43	12	0	0	0	0	0	0	232	254	0	-2.18E-05	4.87E-06	-8.89E-06	-1.11E-05
43	13	0	0	0	0	0	0	232	254	0	-2.18E-05	4.87E-06	-8.89E-06	-1.11E-05
43	14	0	0	0	0	0	0	232	254	0	-2.07E-05	3.54E-06	-7.90E-06	-1.19E-05
43	15	0	0	0	0	0	0	232	254	0	-2.07E-05	3.54E-06	-7.90E-06	-1.19E-05
43	16	0	0	0	0	0	0	232	254	0	-2.03E-05	4.36E-06	-7.72E-06	-1.16E-05
43	17	0	0	0	0	0	0	232	254	0	-2.13E-05	5.20E-06	-8.22E-06	-9.92E-06
43	18	0	0	0	0	0	0	232	254	0	-2.13E-05	5.20E-06	-8.22E-06	-9.92E-06
43	19	0	0	0	0	0	0	232	254	0	-2.25E-05	4.54E-06	-9.22E-06	-9.57E-06
44	0	0	0	0	0	0	0	232	254	0	-2.25E-05	4.54E-06	-9.22E-06	-9.57E-06
44	1	0	0	0	0	0	0	232	254	0	-2.10E-05	5.86E-06	-9.07E-06	-8.57E-06
44	2	0	0	0	0	0	0	232	254	0	-2.10E-05	5.86E-06	-9.07E-06	-8.57E-06
44	3	0	0	0	0	0	0	232	254	0	-2.10E-05	6.21E-06	-9.06E-06	-9.56E-06
44	4	0	0	0	0	0	0	232	254	0	-2.10E-05	6.21E-06	-9.06E-06	-9.56E-06
44	5	0	0	0	0	0	0	232	254	0	-2.11E-05	4.88E-06	-1.09E-05	-8.57E-06
44	6	0	0	0	0	0	0	232	254	0	-2.00E-05	4.70E-06	-1.16E-05	-1.06E-05
44	7	0	0	0	0	0	0	232	254	0	-2.00E-05	4.70E-06	-1.16E-05	-1.06E-05
44	8	0	0	0	0	0	0	232	254	0	-2.00E-05	6.53E-06	-9.92E-06	-1.46E-05
44	9	0	0	0	0	0	0	232	254	0	-2.00E-05	6.53E-06	-9.92E-06	-1.46E-05
44	10	0	0	0	0	0	0	232	254	0	-2.03E-05	5.88E-06	-8.57E-06	-1.23E-05
44	11	0	0	0	0	0	0	232	254	0	-2.03E-05	5.88E-06	-8.57E-06	-1.23E-05
44	12	0	0	0	0	0	0	232	254	0	-2.03E-05	5.21E-06	-8.56E-06	-1.29E-05
44	13	0	0	0	0	0	0	232	254	0	-2.03E-05	5.21E-06	-8.56E-06	-1.29E-05
44	14	0	0	0	0	0	0	232	254	0	-2.05E-05	5.87E-06	-7.73E-06	-1.66E-05
44	15	0	0	0	0	0	0	232	254	0	-1.91E-05	6.54E-06	-7.06E-06	-1.36E-05
44	16	0	0	0	0	0	0	232	254	0	-1.91E-05	6.54E-06	-7.06E-06	-1.36E-05
44	17	0	0	0	0	0	0	232	254	0	-1.96E-05	4.55E-06	-8.21E-06	-1.16E-05
44	18	0	0	0	0	0	0	232	254	0	-1.96E-05	4.55E-06	-8.21E-06	-1.16E-05
44	19	0	0	0	0	0	0	232	254	0	-2.13E-05	5.20E-06	-8.89E-06	-1.09E-05
45	0	0	0	0	0	0	0	232	254	0	-2.13E-05	5.20E-06	-8.89E-06	-1.09E-05
45	1	0	0	0	0	0	0	232	254	0	-2.23E-05	6.53E-06	-9.06E-06	-9.25E-06
45	2	0	0	0	0	0	0	232	254	0	-2.23E-05	6.53E-06	-9.06E-06	-9.25E-06
45	3	0	0	0	0	0	0	232	254	0	-2.23E-05	4.88E-06	-9.56E-06	-1.26E-05
45	4	0	0	0	0	0	0	232	254	0	-2.25E-05	5.70E-06	-7.57E-06	-1.29E-05
45	5	0	0	0	0	0	0	232	254	0	-2.25E-05	5.70E-06	-7.57E-06	-1.29E-05
45	6	0	0	0	0	0	0	232	254	0	-2.20E-05	5.21E-06	-8.22E-06	-1.09E-05
45	7	0	0	0	0	0	0	232	254	0	-2.20E-05	5.21E-06	-8.22E-06	-1.09E-05
45	8	0	0	0	0	0	0	232	254	0	-2.33E-05	5.54E-06	-9.56E-06	-9.91E-06
45	9	0	0	0	0	0	0	232	254	0	-2.33E-05	5.54E-06	-9.56E-06	-9.91E-06
45	10	0	0	0	0	0	0	232	254	0	-2.43E-05	5.04E-06	-9.23E-06	-1.14E-05
45	11	0	0	0	0	0	0	232	254	0	-2.43E-05	5.04E-06	-9.23E-06	-1.14E-05
45	12	0	0	0	0	0	0	232	254	0	-2.32E-05	4.87E-06	-1.02E-05	-1.24E-05
45	13	0	0	0	0	0	0	232	254	0	-2.23E-05	5.53E-06	-1.09E-05	-1.23E-05
45	14	0	0	0	0	0	0	232	254	0	-2.23E-05	5.53E-06	-1.09E-05	-1.23E-05
45	15	0	0	0	0	0	0	232	254	0	-2.23E-05	5.87E-06	-9.41E-06	-1.13E-05
45	16	0	0	0	0	0	0	232	254	0	-2.23E-05	5.87E-06	-9.41E-06	-1.13E-05
45	17	0	0	0	0	0	0	232	254	0	-2.10E-05	4.88E-06	-8.57E-06	-1.06E-05
45	18	0	0	0	0	0	0	232	254	0	-2.10E-05	4.88E-06	-8.57E-06	-1.06E-05
45	19	0	0	0	0	0	0	232	254	0	-1.92E-05	5.20E-06	-9.73E-06	-1.36E-05
46	0	0	0	0	0	0	0	232	254	0	-1.92E-05	5.20E-06	-9.73E-06	-1.36E-05
46	1	0	0	0	0	0	0	232	254	0	-1.93E-05	7.03E-06	-9.07E-06	-1.53E-05
46	2	0	0	0	0	0	0	232	254	0	-1.90E-05	5.22E-06	-8.23E-06	-1.23E-05
46	3	0	0	0	0	0	0	232	254	0	-1.90E-05	5.22E-06	-8.23E-06	-1.23E-05
46	4	0	0	0	0	0	0	232	254	0	-1.76E-05	3.54E-06	-9.56E-06	-9.76E-06
46	5	0	0	0	0	0	0	232	254	0	-1.76E-05	3.54E-06	-9.56E-06	-9.76E-06
46	6	0	0	0	0	0	0	232	254	0	-1.85E-05	4.86E-06	-1.02E-05	-9.90E-06
46	7	0	0	0	0	0	0	232	254	0	-1.85E-05	4.86E-06	-1.02E-05	-9.90E-06
46	8	0	0	0	0	0	0	232	254	0	-1.86E-05	6.53E-06	-9.91E-06	-1.16E-05
46	9	0	0	0	0	0	0	232	254	0	-1.86E-05	6.53E-06	-9.91E-06	-1.16E-05
46	10	0	0	0	0	0	0	232	254	0	-1.91E-05	5.55E-06	-9.57E-06	-1.41E-05
46	11	0	0	0	0	0	0	232	254	0	-2.00E-05	6.54E-06	-9.57E-06	-1.53E-05
46	12	0	0	0	0	0	0	232	254	0	-2.00E-05	6.54E-06	-9.57E-06	-1.53E-05
46	13	0	0	0	0	0	0	232	254	0	-2.13E-05	6.88E-06	-9.90E-06	-1.31E-05
46	14	0	0	0	0	0	0	232	254	0	-2.13E-05	6.88E-06	-9.90E-06	-1.31E-05
46	15	0	0	0	0	0	0	232	254	0	-2.16E-05	5.22E-06	-9.57E-06	-1.26E-05
46	16	0	0	0	0	0	0	232	254	0	-2.16E-05	5.22E-06	-9.57E-06	-1.26E-05
46	17	0	0	0	0	0	0	232	254	0	-2.05E-05	4.87E-06	-8.74E-06	-1.19E-05
46	18	0	0	0	0	0	0	232	254	0	-2.05E-05	4.87E-06	-8.74E-06	-1.19E-05
46	19	0	0	0	0	0	0	232	254	0	-2.03E-05	3.87E-06	-9.56E-06	-1.26E-05
47	0	0	0	0	0	0	0	232	254	0	-2.05E-05	3.86E-06	-9.23E-06	-1.38E-05
47	1	0	0	0	0	0	0	232	254	0	-2.05E-05	3.86E-06	-9.23E-06	-1.38E-05
47	2	0	0	0	0	0	0	232	254	0	-2.26E-05	4.69E-06	-1.02E-05	-1.29E-05
47	3	0	0	0	0	0	0	232	254	0	-2.26E-05	4.69E-06	-1.02E-05	-1.29E-05
47	4	0	0	0	0	0	0	232	254	0	-2.20E-05	4.53E-06	-8.57E-06	-1.16E-05
47	5	0	0	0	0	0	0	232	254	0	-2.20E-05	4.53E-06	-8.57E-06	-1.16E-05
47	6	0	0	0	0	0	0	232	254	0	-2.18E-05	5.53E-06	-7.40E-06	-1.04E-05
47	7	0	0	0	0	0	0	232	254	0	-2.18E-05	5.53E-06	-7.40E-06	-1.04E-05
47	8	0	0	0	0	0	0	232	254	0	-2.12E-05	6.54E-06	-9.55E-06	-1.09E-05
47	9	0	0	0	0	0	0	232	254	0	-2.16E-05	4.55E-06	-9.23E-06	-9.58E-06
47	10	0	0	0	0	0	0	232	254	0	-2.16E-05	4.55E-06	-9.23E-06	-9.58E-06
47	11	0	0	0	0	0	0	232	254	0	-2.17E-05	3.87E-06	-7.40E-06	-9.57E-06
47	12	0	0	0	0	0	0	232	254	0	-2.17E-05	3.87E-06	-7.40E-06	-9.57E-06
47	13	0	0	0	0	0	0	232	254	0	-2.05E-05	4.69E-06	-8.22E-06	-9.90E-06
47	14	0	0	0	0	0	0	232	254	0	-2.05E-05	4.69E-06	-8.22E-06	-9.90E-06
47	15	0	0	0	0	0	0	232	254	0	-1.98E-05	4.53E-06	-8.56E-06	-9.24E-06
47	16	0	0	0	0	0	0	232	254	0	-1.98E-05	4.53E-06	-8.56E-06	-9.24E-06
47	17	0	0	0	0	0	0	232	254	0	-1.96E-05	4.20E-06	-8.06E-06	-1.04E-05
47	18	0	0	0	0	0	0	232	254	0	-2.16E-05	4.20E-06	-9.55E-06	-1.16E-05
47	19	0	0	0	0	0	0	232	254	0	-2.16E-05	4.20E-06	-9.55E-06	-1.16E-05
48	0	0	0	0	0	0	0	232	254	0	-2.20E-05	3.86E-06	-9.90E-06	-1.42E-05
48	1	0	0	0	0	0	0	232	254	0	-2.20E-05	3.86E-06	-9.90E-06	-1.42E-05
48	2	0	0	0	0	0	0	232	254	0	-2.10E-05	3.53E-06	-8.90E-06	-1.53E-05
48	3	0	0	0	0	0	0	232	254	0	-2.10E-05	3.53E-06	-8.90E-06	-1.53E-05
48	4	0	0	0	0	0	0	232	254	0	-2.11E-05	3.03E-06	-8.23E-06	-1.33E-05
48	5	0	0	0	0	0	0	232	254	0	-2.11E-05	3.03E-06	-8.23E-06	-1.33E-05
48	6	0	0	0	0	0	0	232	254	0	-2.13E-05	3.02E-06	-7.56E-06	-1.29E-05
48	7	0	0	0	0	0	0	232	254	0	-2.07E-05	3.52E-06	-8.22E-06	-1.13E-05
48	8	0	0	0	0	0	0	232	254	0	-2.07E-05	3.52E-06	-8.22E-06	-1.13E-05
48	9	0	0	0	0	0	0	232	254	0	-2.13E-05	4.86E-06	-8.56E-06	-1.06E-05
48	10	0	0	0	0	0	0	232	254	0	-2.13E-05	4.86E-06	-8.56E-06	-1.06E-05
48	11	0	0	0	0	0	0	232	254	0	-2.00E-05	4.87E-06	-9.06E-06	-1.17E-05
48	12	0	0	0	0	0	0	232	254	0	-2.00E-05	4.87E-06	-9.06E-06	-1.17E-05
48	13	0	0	0	0	0	0	232	254	0	-2.03E-05	5.53E-06	-9.56E-06	-1.19E-05
48	14	0	0	0	0	0	0	232	254	0	-2.03E-05	5.53E-06	-9.56E-06	-1.19E-05
48	15	0	0	0	0	0	0	232	254	0	-2.05E-05	4.04E-06	-8.24E-06	-1.16E-05
48	16	0	0	0	0	0	0	232	254	0	-1.96E-05	4.53E-06	-7.73E-06	-1.12E-05
48	17	0	0	0	0	0	0	232	254	0	-1.96E-05	4.53E-06	-7.73E-06	-1.12E-05
48	18	0	0	0	0	0	0	232	254	0	-1.85E-05	4.53E-06	-8.55E-06	-1.22E-05
48	19	0	0	0	0	0	0	232	254	0	-1.85E-05	4.53E-06	-8.55E-06	-1.22E-05
49	0	0	0	0	0	0	0	232	254	0	-1.83E-05	3.53E-06	-9.56E-06	-1.31E-05
49	1	0	0	0	0	0	0	232	254	0	-1.83E-05	3.53E-06	-9.56E-06	-1.31E-05
49	2	0	0	0	0	0	0	232	254	0	-1.96E-05	4.52E-06	-8.90E-06	-1.41E-05
49	3	0	0	0	0	0	0	232	254	0	-1.96E-05	4.52E-06	-8.90E-06	-1.41E-05
49	4	0	0	0	0	0	0	232	254	0	-1.95E-05	5.20E-06	-9.56E-06	-1.33E-05
49	5	0	0	0	0	0	0	232	254	0	-2.16E-05	4.87E-06	-1.09E-05	-1.16E-05
49	6	0	0	0	0	0	0	232	254	0	-2.16E-05	4.87E-06	-1.09E-05	-1.16E-05
49	7	0	0	0	0	0	0	232	254	0	-2.22E-05	3.70E-06	-9.58E-06	-1.37E-05
49	8	0	0	0	0	0	0	232	254	0	-2.22E-05	3.70E-06	-9.58E-06	-1.37E-05
49	9	0	0	0	0	0	0	232	254	0	-2.03E-05	3.86E-06	-9.90E-06	-1.66E-05
49	10	0	0	0	0	0	0	232	254	0	-2.03E-05	3.86E-06	-9.90E-06	-1.66E-05
49	11	0	0	0	0	0	0	232	254	0	-2.16E-05	5.19E-06	-9.40E-06	-1.53E-05
49	12	0	0	0	0	0	0	232	254	0	-2.16E-05	5.19E-06	-9.40E-06	-1.53E-05
49	13	0	0	0	0	0	0	232	254	0	-2.32E-05	4.37E-06	-8.90E-06	-1.39E-05
49	14	0	0	0	0	0	0	232	254	0	-2.23E-05	4.20E-06	-9.23E-06	-1.33E-05
49	15	0	0	0	0	0	0	232	254	0	-2.23E-05	4.20E-06	-9.23E-06	-1.33E-05
49	16	0	0	0	0	0	0	232	254	0	-2.25E-05	4.86E-06	-8.73E-06	-1.43E-05
49	17	0	0	0	0	0	0	232	254	0	-2.25E-05	4.86E-06	-8.73E-06	-1.43E-05
49	18	0	0	0	0	0	0	232	254	0	-2.30E-05	3.87E-06	-9.23E-06	-1.49E-05
49	19	0	0	0	0	0	0	232	254	0	-2.30E-05	3.87E-06	-9.23E-06	-1.49E-05
50	0	0	0	0	0	0	0	232	254	0	-2.17E-05	5.19E-06	-9.23E-06	-1.34E-05
50	1	0	0	0	0	0	0	232	254	0	-2.17E-05	5.19E-06	-9.23E-06	-1.34E-05
50	2	0	0	0	0	0	0	232	254	0	-2.17E-05	5.20E-06	-8.57E-06	-1.04E-05
50	3	0	0	0	0	0	0	232	254	0	-2.23E-05	5.04E-06	-9.23E-06	-1.01E-05
50	4	0	0	0	0	0	0	232	254	0	-2.23E-05	5.04E-06	-9.23E-06	-1.01E-05
50	5	0	0	0	0	0	0	232	254	0	-2.27E-05	4.87E-06	-8.90E-06	-1.09E-05
50	6	0	0	0	0	0	0	232	254	0	-2.27E-05	4.87E-06	-8.90E-06	-1.09E-05
50	7	0	0	0	0	0	0	232	254	0	-2.37E-05	4.70E-06	-7.90E-06	-1.36E-05
50	8	0	0	0	0	0	0	232	254	0	-2.37E-05	4.70E-06	-7.90E-06	-1.36E-05
50	9	0	0	0	0	0	0	232	254	0	-2.43E-05	3.70E-06	-8.89E-06	-1.39E-05
50	10	0	0	0	0	0	0	232	254	0	-2.43E-05	3.70E-06	-8.89E-06	-1.39E-05
50	11	0	0	0	0	0	0	232	254	0	-2.45E-05	3.86E-06	-9.23E-06	-1.24E-05
50	12	0	0	0	0	0	0	232	254	0	-2.37E-05	3.19E-06	-8.90E-06	-1.21E-05
50	13	0	0	0	0	0	0	232	254	0	-2.37E-05	3.19E-06	-8.90E-06	-1.21E-05
50	14	0	0	0	0	0	0	232	254	0	-2.43E-05	3.19E-06	-7.73E-06	-1.13E-05
50	15	0	0	0	0	0	0	232	254	0	-2.43E-05	3.19E-06	-7.73E-06	-1.13E-05
50	16	0	0	0	0	0	0	232	254	0	-2.58E-05	5.19E-06	-8.22E-06	-1.06E-05
50	17	0	0	0	0	0	0	232	254	0	-2.58E-05	5.19E-06	-8.22E-06	-1.06E-05
50	18	0	0	0	0	0	0	232	254	0	-2.44E-05	6.20E-06	-8.39E-06	-1.12E-05
50	19	0	0	0	0	0	0	232	254	0	-2.44E-05	6.20E-06	-8.39E-06	-1.12E-05
51	0	0	0	0	0	0	0	232	254	0	-2.27E-05	5.88E-06	-1.02E-05	-1.44E-05
51	1	0	0	0	0	0	0	232	254	0	-2.22E-05	5.54E-06	-1.02E-05	-1.64E-05
51	2	0	0	0	0	0	0	232	254	0	-2.22E-05	5.54E-06	-1.02E-05	-1.64E-05
51	3	0	0	0	0	0	0	232	254	0	-2.23E-05	4.21E-06	-9.24E-06	-1.43E-05
51	4	0	0	0	0	0	0	232	254	0	-2.23E-05	4.21E-06	-9.24E-06	-1.43E-05
51	5	0	0	0	0	0	0	232	254	0	-2.13E-05	3.20E-06	-9.23E-06	-1.38E-05
51	6	0	0	0	0	0	0	232	254	0	-2.13E-05	3.20E-06	-9.23E-06	-1.38E-05
51	7	0	0	0	0	0	0	232	254	0	-2.16E-05	3.86E-06	-7.90E-06	-1.39E-05
51	8	0	0	0	0	0	0	232	254	0	-2.16E-05	3.86E-06	-7.90E-06	-1.39E-05
51	9	0	0	0	0	0	0	232	254	0	-2.05E-05	5.19E-06	-8.72E-06	-1.33E-05
51	10	0	0	0	0	0	0	232	254	0	-1.78E-05	4.54E-06	-9.89E-06	-1.33E-05
51	11	0	0	0	0	0	0	232	254	0	-1.78E-05	4.54E-06	-9.89E-06	-1.33E-05
51	12	0	0	0	0	0	0	232	254	0	-2.06E-05	4.20E-06	-8.90E-06	-1.31E-05
51	13	0	0	0	0	0	0	232	254	0	-2.06E-05	4.20E-06	-8.90E-06	-1.31E-05
51	14	0	0	0	0	0	0	232	254	0	-2.16E-05	5.03E-06	-9.40E-06	-1.24E-05
51	15	0	0	0	0	0	0	232	254	0	-2.16E-05	5.03E-06	-9.40E-06	-1.24E-05
51	16	0	0	0	0	0	0	232	254	0	-2.00E-05	5.53E-06	-1.06E-05	-1.29E-05
51	17	0	0	0	0	0	0	232	254	0	-2.00E-05	5.53E-06	-1.06E-05	-1.29E-05
51	18	0	0	0	0	0	0	232	254	0	-1.90E-05	4.37E-06	-1.09E-05	-1.28E-05
51	19	0	0	0	0	0	0	232	254	0	-1.80E-05	3.53E-06	-9.58E-06	-1.31E-05
52	0	0	0	0	0	0	0	232	254	0	-1.80E-05	3.53E-06	-9.58E-06	-1.31E-05
52	1	0	0	0	0	0	0	232	254	0	-1.91E-05	3.86E-06	-9.57E-06	-1.51E-05
52	2	0	0	0	0	0	0	232	254	0	-1.91E-05	3.86E-06	-9.57E-06	-1.51E-05
52	3	0	0	0	0	0	0	232	254	0	-2.03E-05	3.03E-06	-8.40E-06	-1.19E-05
52	4	0	0	0	0	0	0	232	254	0	-2.03E-05	3.03E-06	-8.40E-06	-1.19E-05
52	5	0	0	0	0	0	0	232	254	0	-1.80E-05	5.52E-06	-8.56E-06	-8.25E-06
52	6	0	0	0	0	0	0	232	254	0	-1.80E-05	5.52E-06	-8.56E-06	-8.25E-06
52	7	0	0	0	0	0	0	232	254	0	-1.73E-05	5.21E-06	-9.89E-06	-9.22E-06
52	8	0	0	0	0	0	0	232	254	0	-2.03E-05	5.20E-06	-9.07E-06	-1.02E-05
52	9	0	0	0	0	0	0	232	254	0	-2.03E-05	5.20E-06	-9.07E-06	-1.02E-05
52	10	0	0	0	0	0	0	232	254	0	-2.10E-05	5.20E-06	-7.57E-06	-1.29E-05
52	11	0	0	0	0	0	0	232	254	0	-2.10E-05	5.20E-06	-7.57E-06	-1.29E-05
52	12	0	0	0	0	0	0	232	254	0	-2.03E-05	5.20E-06	-8.22E-06	-2.06E-05
52	13	0	0	0	0	0	0	232	254	0	-2.03E-05	5.20E-06	-8.22E-06	-2.06E-05
52	14	0	0	0	0	0	0	232	254	0	-1.98E-05	3.87E-06	-7.23E-06	-1.93E-05
52	15	0	0	0	0	0	0	232	254	0	-1.98E-05	3.87E-06	-7.23E-06	-1.93E-05
52	16	0	0	0	0	0	0	232	254	0	-1.90E-05	3.53E-06	-5.72E-06	-1.50E-05
52	17	0	0	0	0	0	0	232	254	0	-1.76E-05	3.86E-06	-6.87E-06	-1.26E-05
52	18	0	0	0	0	0	0	232	254	0	-1.76E-05	3.86E-06	-6.87E-06	-1.26E-05
52	19	0	0	0	0	0	0	232	254	0	-1.98E-05	2.86E-06	-8.88E-06	-1.09E-05
53	0	0	0	0	0	0	0	232	254	0	-1.98E-05	2.86E-06	-8.88E-06	-1.09E-05
53	1	0	0	0	0	0	0	232	254	0	-2.00E-05	2.85E-06	-1.04E-05	-1.29E-05
53	2	0	0	0	0	0	0	232	254	0	-2.00E-05	2.85E-06	-1.04E-05	-1.29E-05
53	3	0	0	0	0	0	0	232	254	0	-1.96E-05	2.52E-06	-1.02E-05	-1.19E-05
53	4	0	0	0	0	0	0	232	254	0	-1.96E-05	2.52E-06	-1.02E-05	-1.19E-05
53	5	0	0	0	0	0	0	232	254	0	-2.03E-05	3.52E-06	-9.24E-06	-8.75E-06
53	6	0	0	0	0	0	0	232	254	0	-2.00E-05	3.52E-06	-8.23E-06	-7.56E-06
53	7	0	0	0	0	0	0	232	254	0	-2.00E-05	3.52E-06	-8.23E-06	-7.56E-06
53	8	0	0	0	0	0	0	232	254	0	-1.96E-05	3.52E-06	-8.89E-06	-1.27E-05
53	9	0	0	0	0	0	0	232	254	0	-1.96E-05	3.52E-06	-8.89E-06	-1.27E-05
53	10	0	0	0	0	0	0	232	254	0	-1.96E-05	4.36E-06	-9.56E-06	-1.66E-05
53	11	0	0	0	0	0	0	232	254	0	-1.96E-05	4.36E-06	-9.56E-06	-1.66E-05
53	12	0	0	0	0	0	0	232	254	0	-1.96E-05	4.20E-06	-9.23E-06	-1.43E-05
53	13	0	0	0	0	0	0	232	254	0	-1.96E-05	4.20E-06	-9.23E-06	-1.43E-05
53	14	0	0	0	0	0	0	232	254	0	-2.00E-05	5.03E-06	-7.90E-06	-1.39E-05
53	15	0	0	0	0	0	0	232	254	0	-2.13E-05	6.53E-06	-8.89E-06	-1.23E-05
53	16	0	0	0	0	0	0	232	254	0	-2.13E-05	6.53E-06	-8.89E-06	-1.23E-05
53	17	0	0	0	0	0	0	232	254	0	-2.36E-05	5.88E-06	-8.90E-06	-1.03E-05
53	18	0	0	0	0	0	0	232	254	0	-2.36E-05	5.88E-06	-8.90E-06	-1.03E-05
53	19	0	0	0	0	0	0	232	254	0	-2.37E-05	5.38E-06	-8.90E-06	-9.91E-06
54	0	0	0	0	0	0	0	232	254	0	-2.37E-05	5.38E-06	-8.90E-06	-9.91E-06
54	1	0	0	0	0	0	0	232	254	0	-2.27E-05	5.54E-06	-8.56E-06	-1.02E-05
54	2	0	0	0	0	0	0	232	254	0	-2.27E-05	5.54E-06	-8.56E-06	-1.02E-05
54	3	0	0	0	0	0	0	232	254	0	-2.27E-05	4.54E-06	-1.02E-05	-1.09E-05
54	4	0	0	0	0	0	0	232	254	0	-2.27E-05	4.53E-06	-9.91E-06	-1.31E-05
54	5	0	0	0	0	0	0	232	254	0	-2.27E-05	4.53E-06	-9.91E-06	-1.31E-05
54	6	0	0	0	0	0	0	232	254	0	-2.37E-05	4.53E-06	-9.90E-06	-1.26E-05
54	7	0	0	0	0	0	0	232	254	0	-2.37E-05	4.53E-06	-9.90E-06	-1.26E-05
54	8	0	0	0	0	0	0	232	254	0	-2.47E-05	5.20E-06	-9.24E-06	-1.06E-05
54	9	0	0	0	0	0	0	232	254	0	-2.47E-05	5.20E-06	-9.24E-06	-1.06E-05
54	10	0	0	0	0	0	0	232	254	0	-2.60E-05	5.87E-06	-1.02E-05	-1.07E-05
54	11	0	0	0	0	0	0	232	254	0	-2.60E-05	5.87E-06	-1.02E-05	-1.07E-05
54	12	0	0	0	0	0	0	232	254	0	-2.63E-05	5.71E-06	-1.07E-05	-9.91E-06
54	13	0	0	0	0	0	0	232	254	0	-2.64E-05	5.87E-06	-1.02E-05	-9.74E-06
54	14	0	0	0	0	0	0	232	254	0	-2.64E-05	5.87E-06	-1.02E-05	-9.74E-06
54	15	0	0	0	0	0	0	232	254	0	-2.52E-05	5.54E-06	-1.06E-05	-1.09E-05
54	16	0	0	0	0	0	0	232	254	0	-2.52E-05	5.54E-06	-1.06E-05	-1.09E-05
54	17	0	0	0	0	0	0	232	254	0	-2.30E-05	4.54E-06	-9.41E-06	-1.12E-05
54	18	0	0	0	0	0	0	232	254	0	-2.30E-05	4.54E-06	-9.41E-06	-1.12E-05
54	19	0	0	0	0	0	0	232	254	0	-2.15E-05	5.86E-06	-8.23E-06	-1.09E-05
55	0	0	0	0	0	0	0	232	254	0	-2.15E-05	5.86E-06	-8.23E-06	-1.09E-05
55	1	0	0	0	0	0	0	232	254	0	-2.17E-05	6.21E-06	-9.22E-06	-1.09E-05
55	2	0	0	0	0	0	0	232	254	0	-2.10E-05	5.54E-06	-9.23E-06	-1.14E-05
55	3	0	0	0	0	0	0	232	254	0	-2.10E-05	5.54E-06	-9.23E-06	-1.14E-05
55	4	0	0	0	0	0	0	232	254	0	-2.00E-05	5.87E-06	-1.02E-05	-1.09E-05
55	5	0	0	0	0	0	0	232	254	0	-2.00E-05	5.87E-06	-1.02E-05	-1.09E-05
55	6	0	0	0	0	0	0	232	254	0	-2.03E-05	7.21E-06	-1.06E-05	-1.27E-05
55	7	0	0	0	0	0	0	232	254	0	-2.03E-05	7.21E-06	-1.06E-05	-1.27E-05
55	8	0	0	0	0	0	0	232	254	0	-2.00E-05	8.22E-06	-9.91E-06	-1.33E-05
55	9	0	0	0	0	0	0	232	254	0	-2.00E-05	8.22E-06	-9.91E-06	-1.33E-05
55	10	0	0	0	0	0	0	232	254	0	-2.03E-05	7.89E-06	-9.74E-06	-1.39E-05
55	11	0	0	0	0	0	0	232	254	0	-2.11E-05	7.06E-06	-8.40E-06	-1.39E-05
55	12	0	0	0	0	0	0	232	254	0	-2.11E-05	7.06E-06	-8.40E-06	-1.39E-05
55	13	0	0	0	0	0	0	232	254	0	-2.00E-05	6.55E-06	-8.23E-06	-1.44E-05
55	14	0	0	0	0	0	0	232	254	0	-2.00E-05	6.55E-06	-8.23E-06	-1.44E-05
55	15	0	0	0	0	0	0	232	254	0	-2.10E-05	6.71E-06	-9.39E-06	-1.44E-05
55	16	0	0	0	0	0	0	232	254	0	-2.10E-05	6.71E-06	-9.39E-06	-1.44E-05
55	17	0	0	0	0	0	0	232	254	0	-2.08E-05	7.05E-06	-9.90E-06	-1.38E-05
55	18	0	0	0	0	0	0	232	254	0	-2.08E-05	7.05E-06	-9.90E-06	-1.38E-05
55	19	0	0	0	0	0	0	232	254	0	-2.13E-05	5.55E-06	-8.90E-06	-1.36E-05
56	0	0	0	0	0	0	0	232	254	0	-2.16E-05	4.54E-06	-8.40E-06	-1.36E-05
56	1	0	0	0	0	0	0	232	254	0	-2.16E-05	4.54E-06	-8.40E-06	-1.36E-05
56	2	0	0	0	0	0	0	232	254	0	-2.05E-05	4.20E-06	-9.56E-06	-1.28E-05
56	3	0	0	0	0	0	0	232	254	0	-2.05E-05	4.20E-06	-9.56E-06	-1.28E-05
56	4	0	0	0	0	0	0	232	254	0	-1.90E-05	3.03E-06	-9.57E-06	-1.19E-05
56	5	0	0	0	0	0	0	232	254	0	-1.90E-05	3.03E-06	-9.57E-06	-1.19E-05
56	6	0	0	0	0	0	0	232	254	0	-1.83E-05	3.69E-06	-9.23E-06	-1.16E-05
56	7	0	0	0	0	0	0	232	254	0	-1.83E-05	3.69E-06	-9.23E-06	-1.16E-05
56	8	0	0	0	0	0	0	232	254	0	-1.93E-05	4.86E-06	-9.90E-06	-1.09E-05
56	9	0	0	0	0	0	0	232	254	0	-1.93E-05	4.04E-06	-8.90E-06	-1.02E-05
56	10	0	0	0	0	0	0	232	254	0	-1.93E-05	4.04E-06	-8.90E-06	-1.02E-05
56	11	0	0	0	0	0	0	232	254	0	-2.06E-05	3.53E-06	-9.06E-06	-1.19E-05
56	12	0	0	0	0	0	0	232	254	0	-2.06E-05	3.53E-06	-9.06E-06	-1.19E-05
56	13	0	0	0	0	0	0	232	254	0	-2.06E-05	3.03E-06	-8.90E-06	-9.92E-06
56	14	0	0	0	0	0	0	232	254	0	-2.06E-05	3.03E-06	-8.90E-06	-9.92E-06
56	15	0	0	0	0	0	0	232	254	0	-2.03E-05	3.02E-06	-8.90E-06	-9.57E-06
56	16	0	0	0	0	0	0	232	254	0	-2.03E-05	3.02E-06	-8.90E-06	-9.57E-06
56	17	0	0	0	0	0	0	232	254	0	-1.93E-05	3.85E-06	-9.23E-06	-9.73E-06
56	18	0	0	0	0	0	0	232	254	0	-1.90E-05	3.69E-06	-8.23E-06	-9.90E-06
56	19	0	0	0	0	0	0	232	254	0	-1.90E-05	3.69E-06	-8.23E-06	-9.90E-06
57	0	0	0	0	0	0	0	232	254	0	-1.96E-05	3.86E-06	-9.06E-06	-7.57E-06
57	1	0	0	0	0	0	0	232	254	0	-1.96E-05	3.86E-06	-9.06E-06	-7.57E-06
57	2	0	0	0	0	0	0	232	254	0	-2.00E-05	4.69E-06	-9.56E-06	-5.89E-06
57	3	0	0	0	0	0	0	232	254	0	-2.00E-05	4.69E-06	-9.56E-06	-5.89E-06
57	4	0	0	0	0	0	0	232	254	0	-2.03E-05	3.20E-06	-9.90E-06	-8.54E-06
57	5	0	0	0	0	0	0	232	254	0	-2.03E-05	3.20E-06	-9.90E-06	-8.54E-06
57	6	0	0	0	0	0	0	232	254	0	-2.00E-05	3.86E-06	-8.57E-06	-1.82E-05
57	7	0	0	0	0	0	0	232	254	0	-2.05E-05	4.86E-06	-6.56E-06	-2.16E-05
57	8	0	0	0	0	0	0	232	254	0	-2.05E-05	4.86E-06	-6.56E-06	-2.16E-05
57	9	0	0	0	0	0	0	232	254	0	-2.10E-05	5.53E-06	-7.21E-06	-1.65E-05
57	10	0	0	0	0	0	0	232	254	0	-2.10E-05	5.53E-06	-7.21E-06	-1.65E-05
57	11	0	0	0	0	0	0	232	254	0	-1.93E-05	5.87E-06	-8.22E-06	-1.63E-05
57	12	0	0	0	0	0	0	232	254	0	-1.93E-05	5.87E-06	-8.22E-06	-1.63E-05
57	13	0	0	0	0	0	0	232	254	0	-1.85E-05	5.21E-06	-7.89E-06	-1.51E-05
57	14	0	0	0	0	0	0	232	254	0	-1.85E-05	5.21E-06	-7.89E-06	-1.51E-05
57	15	0	0	0	0	0	0	232	254	0	-1.76E-05	5.87E-06	-7.89E-06	-1.44E-05
57	16	0	0	0	0	0	0	232	254	0	-1.80E-05	5.21E-06	-8.56E-06	-1.53E-05
57	17	0	0	0	0	0	0	232	254	0	-1.80E-05	5.21E-06	-8.56E-06	-1.53E-05
57	18	0	0	0	0	0	0	232	254	0	-1.93E-05	6.04E-06	-9.56E-06	-1.33E-05
57	19	0	0	0	0	0	0	232	254	0	-1.93E-05	6.04E-06	-9.56E-06	-1.33E-05
58	0	0	0	0	0	0	0	232	254	0	-2.10E-05	6.54E-06	-8.40E-06	-1.11E-05
58	1	0	0	0	0	0	0	232	254	0	-2.10E-05	6.54E-06	-8.40E-06	-1.11E-05
58	2	0	0	0	0	0	0	232	254	0	-2.03E-05	6.21E-06	-7.89E-06	-9.75E-06
58	3	0	0	0	0	0	0	232	254	0	-2.03E-05	6.21E-06	-7.89E-06	-9.75E-06
58	4	0	0	0	0	0	0	232	254	0	-2.11E-05	5.21E-06	-9.55E-06	-9.90E-06
58	5	0	0	0	0	0	0	232	254	0	-2.03E-05	5.04E-06	-9.23E-06	-1.29E-05
58	6	0	0	0	0	0	0	232	254	0	-2.03E-05	5.04E-06	-9.23E-06	-1.29E-05
58	7	0	0	0	0	0	0	232	254	0	-1.83E-05	5.54E-06	-9.56E-06	-1.29E-05
58	8	0	0	0	0	0	0	232	254	0	-1.83E-05	5.54E-06	-9.56E-06	-1.29E-05
58	9	0	0	0	0	0	0	232	254	0	-1.90E-05	4.37E-06	-8.57E-06	-1.06E-05
58	10	0	0	0	0	0	0	232	254	0	-1.90E-05	4.37E-06	-8.57E-06	-1.06E-05
58	11	0	0	0	0	0	0	232	254	0	-2.00E-05	4.20E-06	-8.23E-06	-1.22E-05
58	12	0	0	0	0	0	0	232	254	0	-2.00E-05	4.20E-06	-8.23E-06	-1.22E-05
58	13	0	0	0	0	0	0	232	254	0	-2.00E-05	3.20E-06	-7.56E-06	-1.33E-05
58	14	0	0	0	0	0	0	232	254	0	-2.00E-05	4.35E-06	-9.22E-06	-1.24E-05
58	15	0	0	0	0	0	0	232	254	0	-2.00E-05	4.35E-06	-9.22E-06	-1.24E-05
58	16	0	0	0	0	0	0	232	254	0	-2.03E-05	3.86E-06	-1.04E-05	-1.31E-05
58	17	0	0	0	0	0	0	232	254	0	-2.03E-05	3.86E-06	-1.04E-05	-1.31E-05
58	18	0	0	0	0	0	0	232	254	0	-2.06E-05	3.36E-06	-9.91E-06	-1.36E-05
58	19	0	0	0	0	0	0	232	254	0	-2.06E-05	3.36E-06	-9.91E-06	-1.36E-05
59	0	0	0	0	0	0	0	232	254	0	-2.06E-05	4.19E-06	-8.24E-06	-1.29E-05
59	1	0	0	0	0	0	0	232	254	0	-2.06E-05	4.19E-06	-8.24E-06	-1.29E-05
59	2	0	0	0	0	0	0	232	254	0	-2.13E-05	3.86E-06	-8.39E-06	-1.36E-05
59	3	0	0	0	0	0	0	232	254	0	-2.26E-05	4.36E-06	-8.89E-06	-1.46E-05
59	4	0	0	0	0	0	0	232	254	0	-2.26E-05	4.36E-06	-8.89E-06	-1.46E-05
59	5	0	0	0	0	0	0	232	254	0	-2.13E-05	5.20E-06	-7.56E-06	-1.49E-05
59	6	0	0	0	0	0	0	232	254	0	-2.13E-05	5.20E-06	-7.56E-06	-1.49E-05
59	7	0	0	0	0	0	0	232	254	0	-2.21E-05	3.87E-06	-8.22E-06	-1.58E-05
59	8	0	0	0	0	0	0	232	254	0	-2.21E-05	3.87E-06	-8.22E-06	-1.58E-05
59	9	0	0	0	0	0	0	232	254	0	-2.37E-05	2.20E-06	-8.22E-06	-1.24E-05
59	10	0	0	0	0	0	0	232	254	0	-2.37E-05	2.20E-06	-8.22E-06	-1.24E-05
59	11	0	0	0	0	0	0	232	254	0	-2.05E-05	3.85E-06	-9.56E-06	-1.13E-05
59	12	0	0	0	0	0	0	232	254	0	-2.00E-05	6.52E-06	-9.73E-06	-1.26E-05
59	13	0	0	0	0	0	0	232	254	0	-2.00E-05	6.52E-06	-9.73E-06	-1.26E-05
59	14	0	0	0	0	0	0	232	254	0	-2.26E-05	3.88E-06	-1.02E-05	-1.23E-05
59	15	0	0	0	0	0	0	232	254	0	-2.26E-05	3.88E-06	-1.02E-05	-1.23E-05
59	16	0	0	0	0	0	0	232	254	0	-2.23E-05	2.86E-06	-9.07E-06	-1.06E-05
59	17	0	0	0	0	0	0	232	254	0	-2.23E-05	2.86E-06	-9.07E-06	-1.06E-05
59	18	0	0	0	0	0	0	232	254	0	-2.13E-05	4.85E-06	-9.73E-06	-1.16E-05
59	19	0	0	0	0	0	0	232	254	0	-2.13E-05	4.85E-06	-9.73E-06	-1.16E-05
60	0	0	0	0	0	0	0	232	254	0	-2.05E-05	4.20E-06	-8.90E-06	-1.69E-05
60	1	0	0	0	0	0	0	232	254	0	-2.16E-05	4.53E-06	-8.23E-06	-1.85E-05
60	2	0	0	0	0	0	0	232	254	0	-2.16E-05	4.53E-06	-8.23E-06	-1.85E-05
60	3	0	0	0	0	0	0	232	254	0	-2.18E-05	5.70E-06	-9.06E-06	-1.58E-05
60	4	0	0	0	0	0	0	232	254	0	-2.18E-05	5.70E-06	-9.06E-06	-1.58E-05
60	5	0	0	0	0	0	0	232	254	0	-2.12E-05	5.21E-06	-8.90E-06	-1.38E-05
60	6	0	0	0	0	0	0	232	254	0	-2.12E-05	5.21E-06	-8.90E-06	-1.38E-05
60	7	0	0	0	0	0	0	232	254	0	-2.06E-05	4.87E-06	-8.23E-06	-1.43E-05
60	8	0	0	0	0	0	0	232	254	0	-2.06E-05	4.87E-06	-8.23E-06	-1.43E-05
60	9	0	0	0	0	0	0	232	254	0	-2.10E-05	4.53E-06	-8.22E-06	-1.54E-05
60	10	0	0	0	0	0	0	232	254	0	-2.05E-05	4.87E-06	-8.89E-06	-1.53E-05
60	11	0	0	0	0	0	0	232	254	0	-2.05E-05	4.87E-06	-8.89E-06	-1.53E-05
60	12	0	0	0	0	0	0	232	254	0	-2.15E-05	5.37E-06	-9.90E-06	-1.46E-05
60	13	0	0	0	0	0	0	232	254	0	-2.15E-05	5.37E-06	-9.90E-06	-1.46E-05
60	14	0	0	0	0	0	0	232	254	0	-2.32E-05	6.54E-06	-8.90E-06	-1.36E-05
60	15	0	0	0	0	0	0	232	254	0	-2.32E-05	6.54E-06	-8.90E-06	-1.36E-05
60	16	0	0	0	0	0	0	232	254	0	-2.47E-05	6.55E-06	-8.40E-06	-1.18E-05
60	17	0	0	0	0	0	0	232	254	0	-2.47E-05	6.55E-06	-8.40E-06	-1.18E-05
60	18	0	0	0	0	0	0	232	254	0	-2.45E-05	5.21E-06	-9.06E-06	-1.03E-05
60	19	0	0	0	0	0	0	232	254	0	-2.27E-05	5.70E-06	-8.90E-06	-1.11E-05
61	0	0	0	0	0	0	0	232	254	0	-2.27E-05	5.70E-06	-8.90E-06	-1.11E-05
61	1	0	0	0	0	0	0	232	254	0	-2.03E-05	5.54E-06	-9.40E-06	-1.29E-05
61	2	0	0	0	0	0	0	232	254	0	-2.03E-05	5.54E-06	-9.40E-06	-1.29E-05
61	3	0	0	0	0	0	0	232	254	0	-2.10E-05	3.21E-06	-9.23E-06	-1.19E-05
61	4	0	0	0	0	0	0	232	254	0	-2.10E-05	3.21E-06	-9.23E-06	-1.19E-05
61	5	0	0	0	0	0	0	232	254	0	-2.16E-05	3.52E-06	-8.90E-06	-1.13E-05
61	6	0	0	0	0	0	0	232	254	0	-2.16E-05	3.52E-06	-8.90E-06	-1.13E-05
61	7	0	0	0	0	0	0	232	254	0	-2.17E-05	4.52E-06	-8.23E-06	-1.06E-05
61	8	0	0	0	0	0	0	232	254	0	-2.17E-05	3.37E-06	-8.89E-06	-7.58E-06
61	9	0	0	0	0	0	0	232	254	0	-2.17E-05	3.37E-06	-8.89E-06	-7.58E-06
61	10	0	0	0	0	0	0	232	254	0	-2.07E-05	3.86E-06	-9.23E-06	-9.89E-06
61	11	0	0	0	0	0	0	232	254	0	-2.07E-05	3.86E-06	-9.23E-06	-9.89E-06
61	12	0	0	0	0	0	0	232	254	0	-2.03E-05	4.53E-06	-9.73E-06	-1.36E-05
61	13	0	0	0	0	0	0	232	254	0	-2.03E-05	4.53E-06	-9.73E-06	-1.36E-05
61	14	0	0	0	0	0	0	232	254	0	-1.85E-05	3.53E-06	-1.09E-05	-1.23E-05
61	15	0	0	0	0	0	0	232	254	0	-1.85E-05	3.53E-06	-1.09E-05	-1.23E-05
61	16	0	0	0	0	0	0	232	254	0	-2.03E-05	3.52E-06	-1.09E-05	-1.16E-05
61	17	0	0	0	0	0	0	232	254	0	-1.95E-05	4.52E-06	-8.25E-06	-1.26E-05
61	18	0	0	0	0	0	0	232	254	0	-1.95E-05	4.52E-06	-8.25E-06	-1.26E-05
61	19	0	0	0	0	0	0	232	254	0	-1.78E-05	4.70E-06	-8.22E-06	-1.38E-05
62	0	0	0	0	0	0	0	232	254	0	-1.78E-05	4.70E-06	-8.22E-06	-1.38E-05
62	1	0	0	0	0	0	0	232	254	0	-1.85E-05	5.20E-06	-8.56E-06	-1.44E-05
62	2	0	0	0	0	0	0	232	254	0	-1.85E-05	5.20E-06	-8.56E-06	-1.44E-05
62	3	0	0	0	0	0	0	232	254	0	-1.90E-05	5.20E-06	-7.23E-06	-1.63E-05
62	4	0	0	0	0	0	0	232	254	0	-1.90E-05	5.20E-06	-7.23E-06	-1.63E-05
62	5	0	0	0	0	0	0	232	254	0	-1.86E-05	6.20E-06	-6.55E-06	-1.30E-05
62	6	0	0	0	0	0	0	232	254	0	-2.10E-05	5.88E-06	-7.55E-06	-1.13E-05
62	7	0	0	0	0	0	0	232	254	0	-2.10E-05	5.88E-06	-7.55E-06	-1.13E-05
62	8	0	0	0	0	0	0	232	254	0	-2.33E-05	6.37E-06	-9.22E-06	-1.26E-05
62	9	0	0	0	0	0	0	232	254	0	-2.33E-05	6.37E-06	-9.22E-06	-1.26E-05
62	10	0	0	0	0	0	0	232	254	0	-2.10E-05	5.88E-06	-1.02E-05	-1.44E-05
62	11	0	0	0	0	0	0	232	254	0	-2.10E-05	5.88E-06	-1.02E-05	-1.44E-05
62	12	0	0	0	0	0	0	232	254	0	-2.16E-05	4.88E-06	-8.91E-06	-1.16E-05
62	13	0	0	0	0	0	0	232	254	0	-2.16E-05	4.88E-06	-8.91E-06	-1.16E-05
62	14	0	0	0	0	0	0	232	254	0	-2.17E-05	4.53E-06	-8.23E-06	-1.29E-05
62	15	0	0	0	0	0	0	232	254	0	-2.17E-05	5.20E-06	-9.56E-06	-1.29E-05
62	16	0	0	0	0	0	0	232	254	0	-2.17E-05	5.20E-06	-9.56E-06	-1.29E-05
62	17	0	0	0	0	0	0	232	254	0	-2.27E-05	3.87E-06	-9.90E-06	-1.28E-05
62	18	0	0	0	0	0	0	232	254	0	-2.27E-05	3.87E-06	-9.90E-06	-1.28E-05
62	19	0	0	0	0	0	0	232	254	0	-2.30E-05	4.19E-06	-9.40E-06	-1.36E-05
63	0	0	0	0	0	0	0	232	254	0	-2.30E-05	4.19E-06	-9.40E-06	-1.36E-05
63	1	0	0	0	0	0	0	232	254	0	-2.17E-05	4.20E-06	-9.57E-06	-1.26E-05
63	2	0	0	0	0	0	0	232	254	0	-2.17E-05	4.20E-06	-9.57E-06	-1.26E-05
63	3	0	0	0	0	0	0	232	254	0	-2.18E-05	2.53E-06	-1.02E-05	-1.09E-05
63	4	0	0	0	0	0	0	232	254	0	-2.12E-05	1.52E-06	-1.01E-05	-1.04E-05
63	5	0	0	0	0	0	0	232	254	0	-2.12E-05	1.52E-06	-1.01E-05	-1.04E-05
63	6	0	0	0	0	0	0	232	254	0	-2.11E-05	3.18E-06	-9.24E-06	-1.06E-05
63	7	0	0	0	0	0	0	232	254	0	-2.11E-05	3.18E-06	-9.24E-06	-1.06E-05
63	8	0	0	0	0	0	0	232	254	0	-2.23E-05	4.52E-06	-9.07E-06	-1.16E-05
63	9	0	0	0	0	0	0	232	254	0	-2.23E-05	4.52E-06	-9.07E-06	-1.16E-05
63	10	0	0	0	0	0	0	232	254	0	-2.17E-05	4.87E-06	-9.56E-06	-1.11E-05
63	11	0	0	0	0	0	0	232	254	0	-2.17E-05	4.87E-06	-9.56E-06	-1.11E-05
63	12	0	0	0	0	0	0	232	254	0	-2.10E-05	4.87E-06	-1.02E-05	-1.06E-05
63	13	0	0	0	0	0	0	232	254	0	-2.16E-05	5.03E-06	-9.07E-06	-1.12E-05
63	14	0	0	0	0	0	0	232	254	0	-2.16E-05	5.03E-06	-9.07E-06	-1.12E-05
63	15	0	0	0	0	0	0	232	254	0	-2.23E-05	4.37E-06	-8.90E-06	-1.22E-05
63	16	0	0	0	0	0	0	232	254	0	-2.23E-05	4.37E-06	-8.90E-06	-1.22E-05
63	17	0	0	0	0	0	0	232	254	0	-2.10E-05	3.20E-06	-9.56E-06	-1.29E-05
63	18	0	0	0	0	0	0	232	254	0	-2.10E-05	3.20E-06	-9.56E-06	-1.29E-05
63	19	0	0	0	0	0	0	232	254	0	-2.16E-05	4.69E-06	-1.02E-05	-1.24E-05
64	0	0	0	0	0	0	0	232	254	0	-2.16E-05	4.69E-06	-1.02E-05	-1.24E-05
64	1	0	0	0	0	0	0	232	254	0	-2.18E-05	6.20E-06	-1.02E-05	-1.23E-05
64	2	0	0	0	0	0	0	232	254	0	-2.17E-05	5.21E-06	-8.57E-06	-1.28E-05
64	3	0	0	0	0	0	0	232	254	0	-2.17E-05	5.21E-06	-8.57E-06	-1.28E-05
64	4	0	0	0	0	0	0	232	254	0	-2.10E-05	5.54E-06	-7.56E-06	-1.16E-05
64	5	0	0	0	0	0	0	232	254	0	-2.10E-05	5.54E-06	-7.56E-06	-1.16E-05
64	6	0	0	0	0	0	0	232	254	0	-2.06E-05	5.21E-06	-8.22E-06	-1.22E-05
64	7	0	0	0	0	0	0	232	254	0	-2.06E-05	5.21E-06	-8.22E-06	-1.22E-05
64	8	0	0	0	0	0	0	232	254	0	-2.23E-05	4.70E-06	-8.72E-06	-1.49E-05
64	9	0	0	0	0	0	0	232	254	0	-2.23E-05	4.70E-06	-8.72E-06	-1.49E-05
64	10	0	0	0	0	0	0	232	254	0	-1.98E-05	4.20E-06	-8.89E-06	-1.71E-05
64	11	0	0	0	0	0	0	232	254	0	-1.91E-05	4.86E-06	-1.02E-05	-1.26E-05
64	12	0	0	0	0	0	0	232	254	0	-1.91E-05	4.86E-06	-1.02E-05	-1.26E-05
64	13	0	0	0	0	0	0	232	254	0	-2.00E-05	5.53E-06	-1.09E-05	-9.76E-06
64	14	0	0	0	0	0	0	232	254	0	-2.00E-05	5.53E-06	-1.09E-05	-9.76E-06
64	15	0	0	0	0	0	0	232	254	0	-2.03E-05	6.04E-06	-1.02E-05	-1.19E-05
64	16	0	0	0	0	0	0	232	254	0	-2.03E-05	6.04E-06	-1.02E-05	-1.19E-05
64	17	0	0	0	0	0	0	232	254	0	-2.16E-05	6.21E-06	-1.01E-05	-1.23E-05
64	18	0	0	0	0	0	0	232	254	0	-2.16E-05	6.21E-06	-1.01E-05	-1.23E-05
64	19	0	0	0	0	0	0	232	254	0	-2.12E-05	6.54E-06	-1.09E-05	-1.01E-05
65	0	0	0	0	0	0	0	232	254	0	-1.93E-05	4.88E-06	-1.02E-05	-1.04E-05
65	1	0	0	0	0	0	0	232	254	0	-1.93E-05	4.88E-06	-1.02E-05	-1.04E-05
65	2	0	0	0	0	0	0	232	254	0	-1.96E-05	5.20E-06	-9.91E-06	-1.07E-05
65	3	0	0	0	0	0	0	232	254	0	-1.96E-05	5.20E-06	-9.91E-06	-1.07E-05
65	4	0	0	0	0	0	0	232	254	0	-2.03E-05	5.54E-06	-8.90E-06	-1.26E-05
65	5	0	0	0	0	0	0	232	254	0	-2.03E-05	5.54E-06	-8.90E-06	-1.26E-05
65	6	0	0	0	0	0	0	232	254	0	-1.93E-05	5.54E-06	-7.56E-06	-1.84E-05
65	7	0	0	0	0	0	0	232	254	0	-1.93E-05	5.54E-06	-7.56E-06	-1.84E-05
65	8	0	0	0	0	0	0	232	254	0	-1.90E-05	4.37E-06	-5.89E-06	-2.13E-05
65	9	0	0	0	0	0	0	232	254	0	-1.91E-05	3.03E-06	-6.87E-06	-1.70E-05
65	10	0	0	0	0	0	0	232	254	0	-1.91E-05	3.03E-06	-6.87E-06	-1.70E-05
65	11	0	0	0	0	0	0	232	254	0	-2.03E-05	3.19E-06	-7.55E-06	-1.38E-05
65	12	0	0	0	0	0	0	232	254	0	-2.03E-05	3.19E-06	-7.55E-06	-1.38E-05
65	13	0	0	0	0	0	0	232	254	0	-2.00E-05	3.36E-06	-8.22E-06	-1.36E-05
65	14	0	0	0	0	0	0	232	254	0	-2.00E-05	3.36E-06	-8.22E-06	-1.36E-05
65	15	0	0	0	0	0	0	232	254	0	-2.10E-05	3.86E-06	-8.22E-06	-1.26E-05
65	16	0	0	0	0	0	0	232	254	0	-2.10E-05	3.86E-06	-8.22E-06	-1.26E-05
65	17	0	0	0	0	0	0	232	254	0	-2.26E-05	3.86E-06	-8.22E-06	-1.49E-05
65	18	0	0	0	0	0	0	232	254	0	-2.33E-05	3.19E-06	-1.02E-05	-1.46E-05
65	19	0	0	0	0	0	0	232	254	0	-2.33E-05	3.19E-06	-1.02E-05	-1.46E-05
66	0	0	0	0	0	0	0	232	254	0	-2.40E-05	2.52E-06	-9.24E-06	-1.43E-05
66	1	0	0	0	0	0	0	232	254	0	-2.40E-05	2.52E-06	-9.24E-06	-1.43E-05
66	2	0	0	0	0	0	0	232	254	0	-2.43E-05	2.52E-06	-8.40E-06	-1.31E-05
66	3	0	0	0	0	0	0	232	254	0	-2.43E-05	2.52E-06	-8.40E-06	-1.31E-05
66	4	0	0	0	0	0	0	232	254	0	-2.40E-05	2.35E-06	-8.39E-06	-1.38E-05
66	5	0	0	0	0	0	0	232	254	0	-2.40E-05	2.35E-06	-8.39E-06	-1.38E-05
66	6	0	0	0	0	0	0	232	254	0	-2.30E-05	2.85E-06	-8.56E-06	-1.49E-05
66	7	0	0	0	0	0	0	232	254	0	-2.30E-05	3.69E-06	-8.73E-06	-1.33E-05
66	8	0	0	0	0	0	0	232	254	0	-2.30E-05	3.69E-06	-8.73E-06	-1.33E-05
66	9	0	0	0	0	0	0	232	254	0	-2.38E-05	3.86E-06	-9.89E-06	-1.29E-05
66	10	0	0	0	0	0	0	232	254	0	-2.38E-05	3.86E-06	-9.89E-06	-1.29E-05
66	11	0	0	0	0	0	0	232	254	0	-2.35E-05	4.86E-06	-8.90E-06	-1.36E-05
66	12	0	0	0	0	0	0	232	254	0	-2.35E-05	4.86E-06	-8.90E-06	-1.36E-05
66	13	0	0	0	0	0	0	232	254	0	-2.30E-05	4.87E-06	-7.40E-06	-1.11E-05
66	14	0	0	0	0	0	0	232	254	0	-2.30E-05	4.87E-06	-7.40E-06	-1.11E-05
66	15	0	0	0	0	0	0	232	254	0	-2.35E-05	3.53E-06	-7.55E-06	-6.08E-06
66	16	0	0	0	0	0	0	232	254	0	-2.27E-05	4.52E-06	-9.55E-06	-3.88E-06
66	17	0	0	0	0	0	0	232	254	0	-2.27E-05	4.52E-06	-9.55E-06	-3.88E-06
66	18	0	0	0	0	0	0	232	254	0	-2.17E-05	5.20E-06	-9.90E-06	-9.86E-06
66	19	0	0	0	0	0	0	232	254	0	-2.17E-05	5.20E-06	-9.90E-06	-9.86E-06
67	0	0	0	0	0	0	0	232	254	0	-2.13E-05	4.54E-06	-9.07E-06	-1.37E-05
67	1	0	0	0	0	0	0	232	254	0	-2.13E-05	4.54E-06	-9.07E-06	-1.37E-05
67	2	0	0	0	0	0	0	232	254	0	-2.17E-05	4.20E-06	-8.23E-06	-1.13E-05
67	3	0	0	0	0	0	0	232	254	0	-2.17E-05	4.20E-06	-8.23E-06	-1.13E-05
67	4	0	0	0	0	0	0	232	254	0	-2.23E-05	3.53E-06	-8.22E-06	-9.91E-06
67	5	0	0	0	0	0	0	232	254	0	-2.18E-05	5.02E-06	-8.72E-06	-9.24E-06
67	6	0	0	0	0	0	0	232	254	0	-2.18E-05	5.02E-06	-8.72E-06	-9.24E-06
67	7	0	0	0	0	0	0	232	254	0	-2.18E-05	4.54E-06	-9.73E-06	-1.36E-05
67	8	0	0	0	0	0	0	232	254	0	-2.18E-05	4.54E-06	-9.73E-06	-1.36E-05
67	9	0	0	0	0	0	0	232	254	0	-2.05E-05	4.37E-06	-1.02E-05	-1.46E-05
67	10	0	0	0	0	0	0	232	254	0	-2.05E-05	4.37E-06	-1.02E-05	-1.46E-05
67	11	0	0	0	0	0	0	232	254	0	-2.03E-05	4.53E-06	-8.24E-06	-1.16E-05
67	12	0	0	0	0	0	0	232	254	0	-2.03E-05	4.53E-06	-8.24E-06	-1.16E-05
67	13	0	0	0	0	0	0	232	254	0	-2.00E-05	4.53E-06	-7.56E-06	-1.19E-05
67	14	0	0	0	0	0	0	232	254	0	-2.01E-05	5.20E-06	-9.55E-06	-1.06E-05
67	15	0	0	0	0	0	0	232	254	0	-2.01E-05	5.20E-06	-9.55E-06	-1.06E-05
67	16	0	0	0	0	0	0	232	254	0	-2.08E-05	6.87E-06	-1.06E-05	-1.09E-05
67	17	0	0	0	0	0	0	232	254	0	-2.08E-05	6.87E-06	-1.06E-05	-1.09E-05
67	18	0	0	0	0	0	0	232	254	0	-1.93E-05	6.55E-06	-1.01E-05	-1.22E-05
67	19	0	0	0	0	0	0	232	254	0	-1.93E-05	6.55E-06	-1.01E-05	-1.22E-05
68	0	0	0	0	0	0	0	232	254	0	-1.96E-05	6.21E-06	-8.90E-06	-1.09E-05
68	1	0	0	0	0	0	0	232	254	0	-1.96E-05	6.21E-06	-8.90E-06	-1.09E-05
68	2	0	0	0	0	0	0	232	254	0	-2.00E-05	6.21E-06	-9.23E-06	-1.22E-05
68	3	0	0	0	0	0	0	232	254	0	-1.90E-05	6.04E-06	-1.01E-05	-1.19E-05
68	4	0	0	0	0	0	0	232	254	0	-1.90E-05	6.04E-06	-1.01E-05	-1.19E-05
68	5	0	0	0	0	0	0	232	254	0	-1.93E-05	4.88E-06	-1.06E-05	-9.92E-06
68	6	0	0	0	0	0	0	232	254	0	-1.93E-05	4.88E-06	-1.06E-05	-9.92E-06
68	7	0	0	0	0	0	0	232	254	0	-2.23E-05	3.87E-06	-9.57E-06	-1.07E-05
68	8	0	0	0	0	0	0	232	254	0	-2.23E-05	3.87E-06	-9.57E-06	-1.07E-05
68	9	0	0	0	0	0	0	232	254	0	-2.30E-05	2.36E-06	-9.57E-06	-8.58E-06
68	10	0	0	0	0	0	0	232	254	0	-2.30E-05	2.36E-06	-9.57E-06	-8.58E-06
68	11	0	0	0	0	0	0	232	254	0	-2.27E-05	2.52E-06	-1.06E-05	-8.23E-06
68	12	0	0	0	0	0	0	232	254	0	-2.00E-05	3.18E-06	-1.11E-05	-9.89E-06
68	13	0	0	0	0	0	0	232	254	0	-2.00E-05	3.18E-06	-1.11E-05	-9.89E-06
68	14	0	0	0	0	0	0	232	254	0	-1.93E-05	6.02E-06	-1.02E-05	-1.02E-05
68	15	0	0	0	0	0	0	232	254	0	-1.93E-05	6.02E-06	-1.02E-05	-1.02E-05
68	16	0	0	0	0	0	0	232	254	0	-2.05E-05	6.38E-06	-9.24E-06	-1.02E-05
68	17	0	0	0	0	0	0	232	254	0	-2.05E-05	6.38E-06	-9.24E-06	-1.02E-05
68	18	0	0	0	0	0	0	232	254	0	-2.10E-05	5.05E-06	-9.56E-06	-1.06E-05
68	19	0	0	0	0	0	0	232	254	0	-2.10E-05	5.05E-06	-9.56E-06	-1.06E-05
69	0	0	0	0	0	0	0	232	254	0	-2.13E-05	5.04E-06	-9.23E-06	-1.42E-05
69	1	0	0	0	0	0	0	232	254	0	-2.00E-05	4.54E-06	-8.23E-06	-1.56E-05
69	2	0	0	0	0	0	0	232	254	0	-2.00E-05	4.54E-06	-8.23E-06	-1.56E-05
69	3	0	0	0	0	0	0	232	254	0	-2.10E-05	4.70E-06	-7.56E-06	-1.49E-05
69	4	0	0	0	0	0	0	232	254	0	-2.10E-05	4.70E-06	-7.56E-06	-1.49E-05
69	5	0	0	0	0	0	0	232	254	0	-2.28E-05	5.37E-06	-7.72E-06	-1.43E-05
69	6	0	0	0	0	0	0	232	254	0	-2.28E-05	5.37E-06	-7.72E-06	-1.43E-05
69	7	0	0	0	0	0	0	232	254	0	-2.30E-05	5.87E-06	-8.55E-06	-1.49E-05
69	8	0	0	0	0	0	0	232	254	0	-2.30E-05	5.87E-06	-8.55E-06	-1.49E-05
69	9	0	0	0	0	0	0	232	254	0	-2.33E-05	6.21E-06	-8.23E-06	-1.63E-05
69	10	0	0	0	0	0	0	232	254	0	-2.27E-05	4.88E-06	-8.72E-06	-1.63E-05
69	11	0	0	0	0	0	0	232	254	0	-2.27E-05	4.88E-06	-8.72E-06	-1.63E-05
69	12	0	0	0	0	0	0	232	254	0	-2.08E-05	4.37E-06	-9.73E-06	-1.66E-05
69	13	0	0	0	0	0	0	232	254	0	-2.08E-05	4.37E-06	-9.73E-06	-1.66E-05
69	14	0	0	0	0	0	0	232	254	0	-2.11E-05	4.53E-06	-8.90E-06	-1.43E-05
69	15	0	0	0	0	0	0	232	254	0	-2.11E-05	4.53E-06	-8.90E-06	-1.43E-05
69	16	0	0	0	0	0	0	232	254	0	-1.93E-05	5.20E-06	-9.56E-06	-1.36E-05
69	17	0	0	0	0	0	0	232	254	0	-1.93E-05	5.20E-06	-9.56E-06	-1.36E-05
69	18	0	0	0	0	0	0	232	254	0	-1.90E-05	5.87E-06	-9.23E-06	-1.44E-05
69	19	0	0	0	0	0	0	232	254	0	-1.83E-05	5.21E-06	-8.90E-06	-1.36E-05
70	0	0	0	0	0	0	0	232	254	0	-1.83E-05	5.21E-06	-8.90E-06	-1.36E-05
70	1	0	0	0	0	0	0	232	254	0	-1.71E-05	5.04E-06	-8.23E-06	-1.79E-05
70	2	0	0	0	0	0	0	232	254	0	-1.71E-05	5.04E-06	-8.23E-06	-1.79E-05
70	3	0	0	0	0	0	0	232	254	0	-1.80E-05	4.87E-06	-9.39E-06	-1.81E-05
70	4	0	0	0	0	0	0	232	254	0	-1.80E-05	4.87E-06	-9.39E-06	-1.81E-05
70	5	0	0	0	0	0	0	232	254	0	-1.81E-05	5.87E-06	-9.57E-06	-1.36E-05
70	6	0	0	0	0	0	0	232	254	0	-1.81E-05	5.87E-06	-9.57E-06	-1.36E-05
70	7	0	0	0	0	0	0	232	254	0	-1.76E-05	6.37E-06	-1.01E-05	-1.36E-05
70	8	0	0	0	0	0	0	232	254	0	-1.71E-05	5.55E-06	-1.06E-05	-1.19E-05
70	9	0	0	0	0	0	0	232	254	0	-1.71E-05	5.55E-06	-1.06E-05	-1.19E-05
70	10	0	0	0	0	0	0	232	254	0	-1.76E-05	3.37E-06	-9.07E-06	-1.19E-05
70	11	0	0	0	0	0	0	232	254	0	-1.76E-05	3.37E-06	-9.07E-06	-1.19E-05
70	12	0	0	0	0	0	0	232	254	0	-1.90E-05	2.86E-06	-8.40E-06	-1.28E-05
70	13	0	0	0	0	0	0	232	254	0	-1.90E-05	2.86E-06	-8.40E-06	-1.28E-05
70	14	0	0	0	0	0	0	232	254	0	-1.93E-05	4.19E-06	-8.56E-06	-9.59E-06
70	15	0	0	0	0	0	0	232	254	0	-1.93E-05	4.19E-06	-8.56E-06	-9.59E-06
70	16	0	0	0	0	0	0	232	254	0	-1.95E-05	3.86E-06	-8.56E-06	-9.90E-06
70	17	0	0	0	0	0	0	232	254	0	-1.85E-05	4.19E-06	-7.89E-06	-1.06E-05
70	18	0	0	0	0	0	0	232	254	0	-1.85E-05	4.19E-06	-7.89E-06	-1.06E-05
70	19	0	0	0	0	0	0	232	254	0	-1.76E-05	6.20E-06	-8.22E-06	-1.39E-05
71	0	0	0	0	0	0	0	232	254	0	-1.76E-05	6.20E-06	-8.22E-06	-1.39E-05
71	1	0	0	0	0	0	0	232	254	0	-1.83E-05	5.88E-06	-7.56E-06	-1.39E-05
71	2	0	0	0	0	0	0	232	254	0	-1.83E-05	5.88E-06	-7.56E-06	-1.39E-05
71	3	0	0	0	0	0	0	232	254	0	-1.83E-05	5.54E-06	-6.89E-06	-1.39E-05
71	4	0	0	0	0	0	0	232	254	0	-1.83E-05	5.54E-06	-6.89E-06	-1.39E-05
71	5	0	0	0	0	0	0	232	254	0	-2.03E-05	5.87E-06	-7.88E-06	-1.23E-05
71	6	0	0	0	0	0	0	232	254	0	-2.18E-05	4.87E-06	-9.89E-06	-1.11E-05
71	7	0	0	0	0	0	0	232	254	0	-2.18E-05	4.87E-06	-9.89E-06	-1.11E-05
71	8	0	0	0	0	0	0	232	254	0	-2.17E-05	4.37E-06	-9.24E-06	-1.22E-05
71	9	0	0	0	0	0	0	232	254	0	-2.17E-05	4.37E-06	-9.24E-06	-1.22E-05
71	10	0	0	0	0	0	0	232	254	0	-2.13E-05	4.86E-06	-9.56E-06	-1.11E-05
71	11	0	0	0	0	0	0	232	254	0	-2.13E-05	4.86E-06	-9.56E-06	-1.11E-05
71	12	0	0	0	0	0	0	232	254	0	-2.23E-05	4.87E-06	-1.02E-05	-1.26E-05
71	13	0	0	0	0	0	0	232	254	0	-2.23E-05	4.87E-06	-1.02E-05	-1.26E-05
71	14	0	0	0	0	0	0	232	254	0	-2.22E-05	4.87E-06	-9.91E-06	-1.59E-05
71	15	0	0	0	0	0	0	232	254	0	-2.17E-05	5.20E-06	-8.90E-06	-1.39E-05
71	16	0	0	0	0	0	0	232	254	0	-2.17E-05	5.20E-06	-8.90E-06	-1.39E-05
71	17	0	0	0	0	0	0	232	254	0	-2.07E-05	5.04E-06	-8.90E-06	-1.23E-05
71	18	0	0	0	0	0	0	232	254	0	-2.07E-05	5.04E-06	-8.90E-06	-1.23E-05
71	19	0	0	0	0	0	0	232	254	0	-1.98E-05	6.37E-06	-8.40E-06	-1.19E-05
72	0	0	0	0	0	0	0	232	254	0	-1.98E-05	6.37E-06	-8.40E-06	-1.19E-05
72	1	0	0	0	0	0	0	232	254	0	-2.03E-05	5.88E-06	-7.89E-06	-1.13E-05
72	2	0	0	0	0	0	0	232	254	0	-2.03E-05	5.88E-06	-7.89E-06	-1.13E-05
72	3	0	0	0	0	0	0	232	254	0	-2.03E-05	5.54E-06	-8.89E-06	-1.19E-05
72	4	0	0	0	0	0	0	232	254	0	-2.13E-05	5.87E-06	-9.23E-06	-1.26E-05
72	5	0	0	0	0	0	0	232	254	0	-2.13E-05	5.87E-06	-9.23E-06	-1.26E-05
72	6	0	0	0	0	0	0	232	254	0	-2.30E-05	5.04E-06	-8.90E-06	-1.28E-05
72	7	0	0	0	0	0	0	232	254	0	-2.30E-05	5.04E-06	-8.90E-06	-1.28E-05
72	8	0	0	0	0	0	0	232	254	0	-2.27E-05	5.20E-06	-1.01E-05	-1.13E-05
72	9	0	0	0	0	0	0	232	254	0	-2.27E-05	5.20E-06	-1.01E-05	-1.13E-05
72	10	0	0	0	0	0	0	232	254	0	-2.30E-05	3.87E-06	-1.02E-05	-1.02E-05
72	11	0	0	0	0	0	0	232	254	0	-2.30E-05	3.87E-06	-1.02E-05	-1.02E-05
72	12	0	0	0	0	0	0	232	254	0	-2.52E-05	2.53E-06	-9.91E-06	-1.06E-05
72	13	0	0	0	0	0	0	232	254	0	-2.37E-05	2.52E-06	-1.09E-05	-1.29E-05
72	14	0	0	0	0	0	0	232	254	0	-2.37E-05	2.52E-06	-1.09E-05	-1.29E-05
72	15	0	0	0	0	0	0	232	254	0	-2.32E-05	3.85E-06	-1.06E-05	-1.71E-05
72	16	0	0	0	0	0	0	232	254	0	-2.32E-05	3.85E-06	-1.06E-05	-1.71E-05
72	17	0	0	0	0	0	0	232	254	0	-2.50E-05	4.19E-06	-9.24E-06	-1.36E-05
72	18	0	0	0	0	0	0	232	254	0	-2.50E-05	4.19E-06	-9.24E-06	-1.36E-05
72	19	0	0	0	0	0	0	232	254	0	-2.53E-05	3.53E-06	-7.57E-06	-1.31E-05
73	0	0	0	0	0	0	0	232	254	0	-2.53E-05	3.53E-06	-7.57E-06	-1.31E-05
73	1	0	0	0	0	0	0	232	254	0	-2.43E-05	2.53E-06	-8.22E-06	-1.49E-05
73	2	0	0	0	0	0	0	232	254	0	-2.38E-05	2.52E-06	-9.22E-06	-1.03E-05
73	3	0	0	0	0	0	0	232	254	0	-2.38E-05	2.52E-06	-9.22E-06	-1.03E-05
73	4	0	0	0	0	0	0	232	254	0	-2.27E-05	3.35E-06	-8.40E-06	-1.02E-05
73	5	0	0	0	0	0	0	232	254	0	-2.27E-05	3.35E-06	-8.40E-06	-1.02E-05
73	6	0	0	0	0	0	0	232	254	0	-2.32E-05	3.52E-06	-8.89E-06	-1.11E-05
73	7	0	0	0	0	0	0	232	254	0	-2.32E-05	3.52E-06	-8.89E-06	-1.11E-05
73	8	0	0	0	0	0	0	232	254	0	-2.40E-05	3.19E-06	-9.40E-06	-1.07E-05
73	9	0	0	0	0	0	0	232	254	0	-2.40E-05	3.19E-06	-9.40E-06	-1.07E-05
73	10	0	0	0	0	0	0	232	254	0	-2.20E-05	3.02E-06	-9.90E-06	-1.06E-05
73	11	0	0	0	0	0	0	232	254	0	-2.23E-05	2.52E-06	-1.16E-05	-1.06E-05
73	12	0	0	0	0	0	0	232	254	0	-2.23E-05	2.52E-06	-1.16E-05	-1.06E-05
73	13	0	0	0	0	0	0	232	254	0	-2.25E-05	3.52E-06	-1.06E-05	-1.14E-05
73	14	0	0	0	0	0	0	232	254	0	-2.25E-05	3.52E-06	-1.06E-05	-1.14E-05
73	15	0	0	0	0	0	0	232	254	0	-2.07E-05	5.86E-06	-9.24E-06	-1.49E-05
73	16	0	0	0	0	0	0	232	254	0	-2.07E-05	5.86E-06	-9.24E-06	-1.49E-05
73	17	0	0	0	0	0	0	232	254	0	-1.76E-05	6.54E-06	-8.90E-06	-1.81E-05
73	18	0	0	0	0	0	0	232	254	0	-1.76E-05	6.54E-06	-8.90E-06	-1.81E-05
73	19	0	0	0	0	0	0	232	254	0	-1.83E-05	3.88E-06	-7.56E-06	-1.60E-05
74	0	0	0	0	0	0	0	232	254	0	-1.85E-05	2.86E-06	-7.22E-06	-1.03E-05
74	1	0	0	0	0	0	0	232	254	0	-1.85E-05	2.86E-06	-7.22E-06	-1.03E-05
74	2	0	0	0	0	0	0	232	254	0	-1.88E-05	5.85E-06	-8.05E-06	-7.91E-06
74	3	0	0	0	0	0	0	232	254	0	-1.88E-05	5.85E-06	-8.05E-06	-7.91E-06
74	4	0	0	0	0	0	0	232	254	0	-1.78E-05	6.21E-06	-8.89E-06	-1.22E-05
74	5	0	0	0	0	0	0	232	254	0	-1.78E-05	6.21E-06	-8.89E-06	-1.22E-05
74	6	0	0	0	0	0	0	232	254	0	-1.83E-05	4.54E-06	-8.23E-06	-1.44E-05
74	7	0	0	0	0	0	0	232	254	0	-1.83E-05	4.54E-06	-8.23E-06	-1.44E-05
74	8	0	0	0	0	0	0	232	254	0	-2.00E-05	6.20E-06	-8.89E-06	-1.46E-05
74	9	0	0	0	0	0	0	232	254	0	-1.93E-05	5.21E-06	-8.73E-06	-1.39E-05
74	10	0	0	0	0	0	0	232	254	0	-1.93E-05	5.21E-06	-8.73E-06	-1.39E-05
74	11	0	0	0	0	0	0	232	254	0	-1.86E-05	4.54E-06	-9.56E-06	-1.38E-05
74	12	0	0	0	0	0	0	232	254	0	-1.86E-05	4.54E-06	-9.56E-06	-1.38E-05
74	13	0	0	0	0	0	0	232	254	0	-1.86E-05	3.87E-06	-8.90E-06	-1.29E-05
74	14	0	0	0	0	0	0	232	254	0	-1.86E-05	3.87E-06	-8.90E-06	-1.29E-05
74	15	0	0	0	0	0	0	232	254	0	-1.96E-05	4.19E-06	-9.23E-06	-1.26E-05
74	16	0	0	0	0	0	0	232	254	0	-1.96E-05	4.19E-06	-9.23E-06	-1.26E-05
74	17	0	0	0	0	0	0	232	254	0	-1.98E-05	3.86E-06	-9.57E-06	-1.23E-05
74	18	0	0	0	0	0	0	232	254	0	-1.96E-05	4.19E-06	-8.07E-06	-1.06E-05
74	19	0	0	0	0	0	0	232	254	0	-1.96E-05	4.19E-06	-8.07E-06	-1.06E-05
75	0	0	0	0	0	0	0	232	254	0	-2.10E-05	4.53E-06	-8.22E-06	-1.12E-05
75	1	0	0	0	0	0	0	232	254	0	-2.10E-05	4.53E-06	-8.22E-06	-1.12E-05
75	2	0	0	0	0	0	0	232	254	0	-2.23E-05	4.53E-06	-8.39E-06	-1.16E-05
75	3	0	0	0	0	0	0	232	254	0	-2.23E-05	4.53E-06	-8.39E-06	-1.16E-05
75	4	0	0	0	0	0	0	232	254	0	-2.03E-05	4.53E-06	-9.06E-06	-1.22E-05
75	5	0	0	0	0	0	0	232	254	0	-2.03E-05	4.53E-06	-9.06E-06	-1.22E-05
75	6	0	0	0	0	0	0	232	254	0	-1.96E-05	5.53E-06	-1.04E-05	-1.53E-05
75	7	0	0	0	0	0	0	232	254	0	-2.03E-05	6.04E-06	-9.24E-06	-1.86E-05
75	8	0	0	0	0	0	0	232	254	0	-2.03E-05	6.04E-06	-9.24E-06	-1.86E-05
75	9	0	0	0	0	0	0	232	254	0	-2.23E-05	5.54E-06	-8.23E-06	-1.80E-05
75	10	0	0	0	0	0	0	232	254	0	-2.23E-05	5.54E-06	-8.23E-06	-1.80E-05
75	11	0	0	0	0	0	0	232	254	0	-2.33E-05	5.87E-06	-8.06E-06	-1.10E-05
75	12	0	0	0	0	0	0	232	254	0	-2.33E-05	5.87E-06	-8.06E-06	-1.10E-05
75	13	0	0	0	0	0	0	232	254	0	-2.37E-05	5.54E-06	-9.06E-06	-9.24E-06
75	14	0	0	0	0	0	0	232	254	0	-2.37E-05	5.54E-06	-9.06E-06	-9.24E-06
75	15	0	0	0	0	0	0	232	254	0	-2.33E-05	5.54E-06	-8.56E-06	-9.57E-06
75	16	0	0	0	0	0	0	232	254	0	-2.23E-05	4.87E-06	-8.89E-06	-1.22E-05
75	17	0	0	0	0	0	0	232	254	0	-2.23E-05	4.87E-06	-8.89E-06	-1.22E-05
75	18	0	0	0	0	0	0	232	254	0	-2.37E-05	4.87E-06	-8.56E-06	-1.43E-05
75	19	0	0	0	0	0	0	232	254	0	-2.37E-05	4.87E-06	-8.56E-06	-1.43E-05
76	0	0	0	0	0	0	0	232	254	0	-2.38E-05	5.70E-06	-8.23E-06	-1.33E-05
76	1	0	0	0	0	0	0	232	254	0	-2.38E-05	5.70E-06	-8.23E-06	-1.33E-05
76	2	0	0	0	0	0	0	232	254	0	-2.30E-05	5.04E-06	-9.89E-06	-1.38E-05
76	3	0	0	0	0	0	0	232	254	0	-2.30E-05	5.04E-06	-9.89E-06	-1.38E-05
76	4	0	0	0	0	0	0	232	254	0	-2.30E-05	4.54E-06	-9.24E-06	-1.36E-05
76	5	0	0	0	0	0	0	232	254	0	-2.22E-05	4.53E-06	-9.57E-06	-1.26E-05
76	6	0	0	0	0	0	0	232	254	0	-2.22E-05	4.53E-06	-9.57E-06	-1.26E-05
76	7	0	0	0	0	0	0	232	254	0	-2.37E-05	5.53E-06	-1.04E-05	-1.29E-05
76	8	0	0	0	0	0	0	232	254	0	-2.37E-05	5.53E-06	-1.04E-05	-1.29E-05
76	9	0	0	0	0	0	0	232	254	0	-2.40E-05	5.87E-06	-9.57E-06	-1.16E-05
76	10	0	0	0	0	0	0	232	254	0	-2.40E-05	5.87E-06	-9.57E-06	-1.16E-05
76	11	0	0	0	0	0	0	232	254	0	-2.30E-05	6.21E-06	-9.57E-06	-1.16E-05
76	12	0	0	0	0	0	0	232	254	0	-2.30E-05	6.21E-06	-9.57E-06	-1.16E-05
76	13	0	0	0	0	0	0	232	254	0	-2.30E-05	6.88E-06	-8.23E-06	-9.75E-06
76	14	0	0	0	0	0	0	232	254	0	-2.37E-05	6.72E-06	-6.89E-06	-1.36E-05
76	15	0	0	0	0	0	0	232	254	0	-2.37E-05	6.72E-06	-6.89E-06	-1.36E-05
76	16	0	0	0	0	0	0	232	254	0	-2.38E-05	5.55E-06	-7.88E-06	-1.54E-05
76	17	0	0	0	0	0	0	232	254	0	-2.38E-05	5.55E-06	-7.88E-06	-1.54E-05
76	18	0	0	0	0	0	0	232	254	0	-2.32E-05	5.54E-06	-8.89E-06	-1.09E-05
76	19	0	0	0	0	0	0	232	254	0	-2.32E-05	5.54E-06	-8.89E-06	-1.09E-05
77	0	0	0	0	0	0	0	232	254	0	-2.30E-05	6.37E-06	-8.23E-06	-9.91E-06
77	1	0	0	0	0	0	0	232	254	0	-2.30E-05	6.37E-06	-8.23E-06	-9.91E-06
77	2	0	0	0	0	0	0	232	254	0	-2.17E-05	4.88E-06	-8.89E-06	-1.29E-05
77	3	0	0	0	0	0	0	232	254	0	-2.07E-05	4.37E-06	-8.73E-06	-1.36E-05
77	4	0	0	0	0	0	0	232	254	0	-2.07E-05	4.37E-06	-8.73E-06	-1.36E-05
77	5	0	0	0	0	0	0	232	254	0	-2.06E-05	4.70E-06	-8.89E-06	-1.19E-05
77	6	0	0	0	0	0	0	232	254	0	-2.06E-05	4.70E-06	-8.89E-06	-1.19E-05
77	7	0	0	0	0	0	0	232	254	0	-2.03E-05	4.70E-06	-8.73E-06	-1.13E-05
77	8	0	0	0	0	0	0	232	254	0	-2.03E-05	4.70E-06	-8.73E-06	-1.13E-05
77	9	0	0	0	0	0	0	232	254	0	-1.91E-05	5.70E-06	-7.89E-06	-1.12E-05
77	10	0	0	0	0	0	0	232	254	0	-1.91E-05	5.70E-06	-7.89E-06	-1.12E-05
77	11	0	0	0	0	0	0	232	254	0	-1.96E-05	4.71E-06	-8.89E-06	-1.16E-05
77	12	0	0	0	0	0	0	232	254	0	-2.03E-05	5.20E-06	-9.23E-06	-1.21E-05
77	13	0	0	0	0	0	0	232	254	0	-2.03E-05	5.20E-06	-9.23E-06	-1.21E-05
77	14	0	0	0	0	0	0	232	254	0	-2.06E-05	4.54E-06	-8.56E-06	-1.31E-05
77	15	0	0	0	0	0	0	232	254	0	-2.06E-05	4.54E-06	-8.56E-06	-1.31E-05
77	16	0	0	0	0	0	0	232	254	0	-2.03E-05	4.87E-06	-9.56E-06	-8.92E-06
77	17	0	0	0	0	0	0	232	254	0	-2.03E-05	4.87E-06	-9.56E-06	-8.92E-06
77	18	0	0	0	0	0	0	232	254	0	-2.10E-05	4.53E-06	-8.57E-06	-9.23E-06
77	19	0	0	0	0	0	0	232	254	0	-2.10E-05	4.53E-06	-8.57E-06	-9.23E-06
78	0	0	0	0	0	0	0	232	254	0	-2.16E-05	4.70E-06	-8.23E-06	-1.06E-05
78	1	0	0	0	0	0	0	232	254	0	-2.07E-05	4.53E-06	-9.89E-06	-1.09E-05
78	2	0	0	0	0	0	0	232	254	0	-2.07E-05	4.53E-06	-9.89E-06	-1.09E-05
78	3	0	0	0	0	0	0	232	254	0	-2.03E-05	5.20E-06	-9.57E-06	-1.16E-05
78	4	0	0	0	0	0	0	232	254	0	-2.03E-05	5.20E-06	-9.57E-06	-1.16E-05
78	5	0	0	0	0	0	0	232	254	0	-2.30E-05	3.54E-06	-9.57E-06	-1.09E-05
78	6	0	0	0	0	0	0	232	254	0	-2.30E-05	3.54E-06	-9.57E-06	-1.09E-05
78	7	0	0	0	0	0	0	232	254	0	-2.25E-05	4.86E-06	-9.90E-06	-9.08E-06
78	8	0	0	0	0	0	0	232	254	0	-2.25E-05	4.86E-06	-9.90E-06	-9.08E-06
78	9	0	0	0	0	0	0	232	254	0	-2.13E-05	4.87E-06	-9.24E-06	-1.04E-05
78	10	0	0	0	0	0	0	232	254	0	-2.30E-05	3.70E-06	-8.56E-06	-1.19E-05
78	11	0	0	0	0	0	0	232	254	0	-2.30E-05	3.70E-06	-8.56E-06	-1.19E-05
78	12	0	0	0	0	0	0	232	254	0	-2.17E-05	2.19E-06	-8.56E-06	-1.23E-05
78	13	0	0	0	0	0	0	232	254	0	-2.17E-05	2.19E-06	-8.56E-06	-1.23E-05
78	14	0	0	0	0	0	0	232	254	0	-2.07E-05	3.52E-06	-9.23E-06	-1.16E-05
78	15	0	0	0	0	0	0	232	254	0	-2.07E-05	3.52E-06	-9.23E-06	-1.16E-05
78	16	0	0	0	0	0	0	232	254	0	-2.06E-05	3.86E-06	-1.04E-05	-1.37E-05
78	17	0	0	0	0	0	0	232	254	0	-2.06E-05	3.86E-06	-1.04E-05	-1.37E-05
78	18	0	0	0	0	0	0	232	254	0	-2.13E-05	5.19E-06	-1.02E-05	-1.36E-05
78	19	0	0	0	0	0	0	232	254	0	-2.00E-05	6.04E-06	-9.07E-06	-1.18E-05
79	0	0	0	0	0	0	0	232	254	0	-2.00E-05	6.04E-06	-9.07E-06	-1.18E-05
79	1	0	0	0	0	0	0	232	254	0	-2.03E-05	3.88E-06	-9.23E-06	-1.19E-05
79	2	0	0	0	0	0	0	232	254	0	-2.03E-05	3.88E-06	-9.23E-06	-1.19E-05
79	3	0	0	0	0	0	0	232	254	0	-2.05E-05	3.86E-06	-1.02E-05	-1.41E-05
79	4	0	0	0	0	0	0	232	254	0	-2.05E-05	3.86E-06	-1.02E-05	-1.41E-05
79	5	0	0	0	0	0	0	232	254	0	-1.95E-05	5.19E-06	-9.24E-06	-1.49E-05
79	6	0	0	0	0	0	0	232	254	0	-1.95E-05	5.19E-06	-9.24E-06	-1.49E-05
79	7	0	0	0	0	0	0	232	254	0	-1.86E-05	3.87E-06	-9.07E-06	-1.49E-05
79	8	0	0	0	0	0	0	232	254	0	-2.00E-05	4.19E-06	-9.56E-06	-1.43E-05
79	9	0	0	0	0	0	0	232	254	0	-2.00E-05	4.19E-06	-9.56E-06	-1.43E-05
79	10	0	0	0	0	0	0	232	254	0	-2.13E-05	5.53E-06	-1.09E-05	-1.19E-05
79	11	0	0	0	0	0	0	232	254	0	-2.13E-05	5.53E-06	-1.09E-05	-1.19E-05
79	12	0	0	0	0	0	0	232	254	0	-2.37E-05	5.71E-06	-1.01E-05	-1.28E-05
79	13	0	0	0	0	0	0	232	254	0	-2.37E-05	5.71E-06	-1.01E-05	-1.28E-05
79	14	0	0	0	0	0	0	232	254	0	-2.40E-05	4.87E-06	-9.57E-06	-1.49E-05
79	15	0	0	0	0	0	0	232	254	0	-2.40E-05	4.87E-06	-9.57E-06	-1.49E-05
79	16	0	0	0	0	0	0	232	254	0	-2.37E-05	5.53E-06	-8.90E-06	-1.36E-05
79	17	0	0	0	0	0	0	232	254	0	-2.30E-05	5.21E-06	-8.23E-06	-1.26E-05
79	18	0	0	0	0	0	0	232	254	0	-2.30E-05	5.21E-06	-8.23E-06	-1.26E-05
79	19	0	0	0	0	0	0	232	254	0	-2.07E-05	3.87E-06	-7.89E-06	-1.26E-05
80	0	0	0	0	0	0	0	232	254	0	-2.07E-05	3.87E-06	-7.89E-06	-1.26E-05
80	1	0	0	0	0	0	0	232	254	0	-2.06E-05	3.86E-06	-8.89E-06	-1.04E-05
80	2	0	0	0	0	0	0	232	254	0	-2.06E-05	3.86E-06	-8.89E-06	-1.04E-05
80	3	0	0	0	0	0	0	232	254	0	-2.23E-05	3.19E-06	-9.90E-06	-7.24E-06
80	4	0	0	0	0	0	0	232	254	0	-2.23E-05	3.19E-06	-9.90E-06	-7.24E-06
80	5	0	0	0	0	0	0	232	254	0	-2.17E-05	3.86E-06	-9.90E-06	-1.42E-05
80	6	0	0	0	0	0	0	232	254	0	-2.08E-05	5.19E-06	-8.57E-06	-2.43E-05
80	7	0	0	0	0	0	0	232	254	0	-2.08E-05	5.19E-06	-8.57E-06	-2.43E-05
80	8	0	0	0	0	0	0	232	254	0	-2.20E-05	4.70E-06	-7.39E-06	-2.33E-05
80	9	0	0	0	0	0	0	232	254	0	-2.20E-05	4.70E-06	-7.39E-06	-2.33E-05
80	10	0	0	0	0	0	0	232	254	0	-2.20E-05	2.87E-06	-5.72E-06	-1.52E-05
80	11	0	0	0	0	0	0	232	254	0	-2.20E-05	2.87E-06	-5.72E-06	-1.52E-05
80	12	0	0	0	0	0	0	232	254	0	-2.18E-05	3.19E-06	-7.71E-06	-1.26E-05
80	13	0	0	0	0	0	0	232	254	0	-2.18E-05	3.19E-06	-7.71E-06	-1.26E-05
80	14	0	0	0	0	0	0	232	254	0	-2.37E-05	4.36E-06	-9.55E-06	-1.34E-05
80	15	0	0	0	0	0	0	232	254	0	-2.37E-05	3.86E-06	-8.57E-06	-1.29E-05
80	16	0	0	0	0	0	0	232	254	0	-2.37E-05	3.86E-06	-8.57E-06	-1.29E-05
80	17	0	0	0	0	0	0	232	254	0	-2.47E-05	3.19E-06	-9.56E-06	-1.33E-05
80	18	0	0	0	0	0	0	232	254	0	-2.47E-05	3.19E-06	-9.56E-06	-1.33E-05
80	19	0	0	0	0	0	0	232	254	0	-2.53E-05	2.52E-06	-8.90E-06	-1.26E-05
81	0	0	0	0	0	0	0	232	254	0	-2.53E-05	2.52E-06	-8.90E-06	-1.26E-05
81	1	0	0	0	0	0	0	232	254	0	-2.47E-05	5.02E-06	-9.56E-06	-1.33E-05
81	2	0	0	0	0	0	0	232	254	0	-2.47E-05	5.02E-06	-9.56E-06	-1.33E-05
81	3	0	0	0	0	0	0	232	254	0	-2.40E-05	4.70E-06	-9.23E-06	-1.26E-05
81	4	0	0	0	0	0	0	232	254	0	-2.33E-05	4.87E-06	-8.40E-06	-1.16E-05
81	5	0	0	0	0	0	0	232	254	0	-2.33E-05	4.87E-06	-8.40E-06	-1.16E-05
81	6	0	0	0	0	0	0	232	254	0	-2.27E-05	6.03E-06	-9.73E-06	-1.06E-05
81	7	0	0	0	0	0	0	232	254	0	-2.27E-05	6.03E-06	-9.73E-06	-1.06E-05
81	8	0	0	0	0	0	0	232	254	0	-2.05E-05	6.54E-06	-1.02E-05	-1.11E-05
81	9	0	0	0	0	0	0	232	254	0	-2.05E-05	6.54E-06	-1.02E-05	-1.11E-05
81	10	0	0	0	0	0	0	232	254	0	-1.86E-05	5.21E-06	-8.90E-06	-1.62E-05
81	11	0	0	0	0	0	0	232	254	0	-1.86E-05	5.21E-06	-8.90E-06	-1.62E-05
81	12	0	0	0	0	0	0	232	254	0	-1.98E-05	5.20E-06	-8.23E-06	-1.53E-05
81	13	0	0	0	0	0	0	232	254	0	-2.13E-05	5.54E-06	-7.89E-06	-9.61E-06
81	14	0	0	0	0	0	0	232	254	0	-2.13E-05	5.54E-06	-7.89E-06	-9.61E-06
81	15	0	0	0	0	0	0	232	254	0	-2.07E-05	5.21E-06	-7.89E-06	-8.23E-06
81	16	0	0	0	0	0	0	232	254	0	-2.07E-05	5.21E-06	-7.89E-06	-8.23E-06
81	17	0	0	0	0	0	0	232	254	0	-1.98E-05	6.20E-06	-8.89E-06	-1.06E-05
81	18	0	0	0	0	0	0	232	254	0	-1.98E-05	6.20E-06	-8.89E-06	-1.06E-05
81	19	0	0	0	0	0	0	232	254	0	-1.90E-05	6.54E-06	-9.56E-06	-1.16E-05
82	0	0	0	0	0	0	0	232	254	0	-1.90E-05	6.54E-06	-9.56E-06	-1.16E-05
82	1	0	0	0	0	0	0	232	254	0	-1.90E-05	7.55E-06	-1.02E-05	-1.09E-05
82	2	0	0	0	0	0	0	232	254	0	-1.83E-05	6.72E-06	-9.74E-06	-1.09E-05
82	3	0	0	0	0	0	0	232	254	0	-1.83E-05	6.72E-06	-9.74E-06	-1.09E-05
82	4	0	0	0	0	0	0	232	254	0	-1.63E-05	6.55E-06	-9.57E-06	-1.09E-05
82	5	0	0	0	0	0	0	232	254	0	-1.63E-05	6.55E-06	-9.57E-06	-1.09E-05
82	6	0	0	0	0	0	0	232	254	0	-1.73E-05	6.38E-06	-9.07E-06	-1.12E-05
82	7	0	0	0	0	0	0	232	254	0	-1.73E-05	6.38E-06	-9.07E-06	-1.12E-05
82	8	0	0	0	0	0	0	232	254	0	-1.83E-05	7.88E-06	-1.04E-05	-1.32E-05
82	9	0	0	0	0	0	0	232	254	0	-1.83E-05	7.88E-06	-1.04E-05	-1.32E-05
82	10	0	0	0	0	0	0	232	254	0	-1.85E-05	6.89E-06	-9.57E-06	-1.44E-05
82	11	0	0	0	0	0	0	232	254	0	-1.95E-05	5.88E-06	-9.57E-06	-1.14E-05
82	12	0	0	0	0	0	0	232	254	0	-1.95E-05	5.88E-06	-9.57E-06	-1.14E-05
82	13	0	0	0	0	0	0	232	254	0	-1.93E-05	5.21E-06	-9.07E-06	-1.02E-05
82	14	0	0	0	0	0	0	232	254	0	-1.93E-05	5.21E-06	-9.07E-06	-1.02E-05
82	15	0	0	0	0	0	0	232	254	0	-2.00E-05	5.20E-06	-8.56E-06	-9.57E-06
82	16	0	0	0	0	0	0	232	254	0	-2.00E-05	5.20E-06	-8.56E-06	-9.57E-06
82	17	0	0	0	0	0	0	232	254	0	-2.18E-05	2.87E-06	-7.89E-06	-8.90E-06
82	18	0	0	0	0	0	0	232	254	0	-2.18E-05	2.87E-06	-7.89E-06	-8.90E-06
82	19	0	0	0	0	0	0	232	254	0	-2.00E-05	3.85E-06	-7.56E-06	-1.06E-05
83	0	0	0	0	0	0	0	232	254	0	-2.06E-05	4.86E-06	-9.22E-06	-9.07E-06
83	1	0	0	0	0	0	0	232	254	0	-2.06E-05	4.86E-06	-9.22E-06	-9.07E-06
83	2	0	0	0	0	0	0	232	254	0	-2.18E-05	3.53E-06	-9.57E-06	-1.06E-05
83	3	0	0	0	0	0	0	232	254	0	-2.18E-05	3.53E-06	-9.57E-06	-1.06E-05
83	4	0	0	0	0	0	0	232	254	0	-2.13E-05	3.19E-06	-9.57E-06	-1.29E-05
83	5	0	0	0	0	0	0	232	254	0	-2.13E-05	3.19E-06	-9.57E-06	-1.29E-05
83	6	0	0	0	0	0	0	232	254	0	-1.96E-05	3.19E-06	-1.04E-05	-1.18E-05
83	7	0	0	0	0	0	0	232	254	0	-1.96E-05	3.19E-06	-1.04E-05	-1.18E-05
83	8	0	0	0	0	0	0	232	254	0	-2.03E-05	4.52E-06	-9.91E-06	-1.04E-05
83	9	0	0	0	0	0	0	232	254	0	-2.16E-05	4.20E-06	-9.24E-06	-8.74E-06
83	10	0	0	0	0	0	0	232	254	0	-2.16E-05	4.20E-06	-9.24E-06	-8.74E-06
83	11	0	0	0	0	0	0	232	254	0	-2.13E-05	3.53E-06	-8.40E-06	-1.16E-05
83	12	0	0	0	0	0	0	232	254	0	-2.13E-05	3.53E-06	-8.40E-06	-1.16E-05
83	13	0	0	0	0	0	0	232	254	0	-2.07E-05	2.86E-06	-8.56E-06	-1.51E-05
83	14	0	0	0	0	0	0	232	254	0	-2.07E-05	2.86E-06	-8.56E-06	-1.51E-05
83	15	0	0	0	0	0	0	232	254	0	-2.20E-05	3.19E-06	-8.23E-06	-1.39E-05
83	16	0	0	0	0	0	0	232	254	0	-2.20E-05	3.19E-06	-8.23E-06	-1.39E-05
83	17	0	0	0	0	0	0	232	254	0	-2.22E-05	4.69E-06	-8.22E-06	-1.43E-05
83	18	0	0	0	0	0	0	232	254	0	-2.20E-05	5.87E-06	-8.72E-06	-1.33E-05
83	19	0	0	0	0	0	0	232	254	0	-2.20E-05	5.87E-06	-8.72E-06	-1.33E-05
84	0	0	0	0	0	0	0	232	254	0	-2.17E-05	5.87E-06	-8.23E-06	-1.19E-05
84	1	0	0	0	0	0	0	232	254	0	-2.17E-05	5.87E-06	-8.23E-06	-1.19E-05
84	2	0	0	0	0	0	0	232	254	0	-2.03E-05	5.21E-06	-7.89E-06	-1.18E-05
84	3	0	0	0	0	0	0	232	254	0	-2.03E-05	5.21E-06	-7.89E-06	-1.18E-05
84	4	0	0	0	0	0	0	232	254	0	-2.06E-05	3.04E-06	-7.89E-06	-9.25E-06
84	5	0	0	0	0	0	0	232	254	0	-2.06E-05	3.04E-06	-7.89E-06	-9.25E-06
84	6	0	0	0	0	0	0	232	254	0	-2.23E-05	2.52E-06	-8.39E-06	-1.02E-05
84	7	0	0	0	0	0	0	232	254	0	-2.23E-05	3.68E-06	-9.39E-06	-1.19E-05
84	8	0	0	0	0	0	0	232	254	0	-2.23E-05	3.68E-06	-9.39E-06	-1.19E-05
84	9	0	0	0	0	0	0	232	254	0	-2.20E-05	4.19E-06	-9.23E-06	-1.26E-05
84	10	0	0	0	0	0	0	232	254	0	-2.20E-05	4.19E-06	-9.23E-06	-1.26E-05
84	11	0	0	0	0	0	0	232	254	0	-2.37E-05	4.03E-06	-8.40E-06	-1.39E-05
84	12	0	0	0	0	0	0	232	254	0	-2.37E-05	4.03E-06	-8.40E-06	-1.39E-05
84	13	0	0	0	0	0	0	232	254	0	-2.37E-05	4.53E-06	-8.89E-06	-1.49E-05
84	14	0	0	0	0	0	0	232	254	0	-2.37E-05	4.53E-06	-8.89E-06	-1.49E-05
84	15	0	0	0	0	0	0	232	254	0	-2.17E-05	4.20E-06	-9.73E-06	-1.49E-05
84	16	0	0	0	0	0	0	232	254	0	-1.90E-05	3.53E-06	-1.02E-05	-1.33E-05
84	17	0	0	0	0	0	0	232	254	0	-1.90E-05	3.53E-06	-1.02E-05	-1.33E-05
84	18	0	0	0	0	0	0	232	254	0	-1.83E-05	4.19E-06	-1.02E-05	-1.04E-05
84	19	0	0	0	0	0	0	232	254	0	-1.83E-05	4.19E-06	-1.02E-05	-1.04E-05
85	0	0	0	0	0	0	0	232	254	0	-1.83E-05	3.86E-06	-1.12E-05	-9.24E-06
85	1	0	0	0	0	0	0	232	254	0	-1.83E-05	3.86E-06	-1.12E-05	-9.24E-06
85	2	0	0	0	0	0	0	232	254	0	-1.90E-05	4.86E-06	-1.09E-05	-1.16E-05
85	3	0	0	0	0	0	0	232	254	0	-1.90E-05	4.86E-06	-1.09E-05	-1.16E-05
85	4	0	0	0	0	0	0	232	254	0	-1.93E-05	4.70E-06	-9.74E-06	-1.29E-05
85	5	0	0	0	0	0	0	232	254	0	-1.83E-05	4.87E-06	-9.40E-06	-1.63E-05
85	6	0	0	0	0	0	0	232	254	0	-1.83E-05	4.87E-06	-9.40E-06	-1.63E-05
85	7	0	0	0	0	0	0	232	254	0	-1.85E-05	4.20E-06	-8.57E-06	-1.88E-05
85	8	0	0	0	0	0	0	232	254	0	-1.85E-05	4.20E-06	-8.57E-06	-1.88E-05
85	9	0	0	0	0	0	0	232	254	0	-1.86E-05	4.86E-06	-8.06E-06	-1.65E-05
85	10	0	0	0	0	0	0	232	254	0	-1.86E-05	4.86E-06	-8.06E-06	-1.65E-05
85	11	0	0	0	0	0	0	232	254	0	-1.96E-05	5.20E-06	-8.56E-06	-1.66E-05
85	12	0	0	0	0	0	0	232	254	0	-1.96E-05	5.20E-06	-8.56E-06	-1.66E-05
85	13	0	0	0	0	0	0	232	254	0	-2.00E-05	5.04E-06	-9.89E-06	-1.46E-05
85	14	0	0	0	0	0	0	232	254	0	-1.93E-05	5.87E-06	-1.02E-05	-1.19E-05
85	15	0	0	0	0	0	0	232	254	0	-1.93E-05	5.87E-06	-1.02E-05	-1.19E-05
85	16	0	0	0	0	0	0	232	254	0	-1.81E-05	5.54E-06	-1.01E-05	-1.33E-05
85	17	0	0	0	0	0	0	232	254	0	-1.81E-05	5.54E-06	-1.01E-05	-1.33E-05
85	18	0	0	0	0	0	0	232	254	0	-1.75E-05	4.71E-06	-9.24E-06	-1.38E-05
85	19	0	0	0	0	0	0	232	254	0	-1.75E-05	4.71E-06	-9.24E-06	-1.38E-05
86	0	0	0	0	0	0	0	232	254	0	-1.83E-05	5.53E-06	-8.40E-06	-1.54E-05
86	1	0	0	0	0	0	0	232	254	0	-1.83E-05	5.53E-06	-8.40E-06	-1.54E-05
86	2	0	0	0	0	0	0	232	254	0	-2.06E-05	5.04E-06	-8.89E-06	-1.26E-05
86	3	0	0	0	0	0	0	232	254	0	-2.23E-05	4.54E-06	-7.73E-06	-1.29E-05
86	4	0	0	0	0	0	0	232	254	0	-2.23E-05	4.54E-06	-7.73E-06	-1.29E-05
86	5	0	0	0	0	0	0	232	254	0	-2.27E-05	4.37E-06	-7.55E-06	-1.41E-05
86	6	0	0	0	0	0	0	232	254	0	-2.27E-05	4.37E-06	-7.55E-06	-1.41E-05
86	7	0	0	0	0	0	0	232	254	0	-2.37E-05	4.86E-06	-9.22E-06	-1.34E-05
86	8	0	0	0	0	0	0	232	254	0	-2.37E-05	4.86E-06	-9.22E-06	-1.34E-05
86	9	0	0	0	0	0	0	232	254	0	-2.30E-05	4.53E-06	-9.23E-06	-1.49E-05
86	10	0	0	0	0	0	0	232	254	0	-2.30E-05	4.53E-06	-9.23E-06	-1.49E-05
86	11	0	0	0	0	0	0	232	254	0	-2.20E-05	4.53E-06	-9.23E-06	-1.59E-05
86	12	0	0	0	0	0	0	232	254	0	-2.30E-05	5.53E-06	-9.57E-06	-1.19E-05
86	13	0	0	0	0	0	0	232	254	0	-2.30E-05	5.53E-06	-9.57E-06	-1.19E-05
86	14	0	0	0	0	0	0	232	254	0	-2.30E-05	5.87E-06	-8.90E-06	-7.92E-06
86	15	0	0	0	0	0	0	232	254	0	-2.30E-05	5.87E-06	-8.90E-06	-7.92E-06
86	16	0	0	0	0	0	0	232	254	0	-2.33E-05	5.87E-06	-9.23E-06	-9.89E-06
86	17	0	0	0	0	0	0	232	254	0	-2.33E-05	5.87E-06	-9.23E-06	-9.89E-06
86	18	0	0	0	0	0	0	232	254	0	-2.23E-05	5.54E-06	-9.23E-06	-1.27E-05
86	19	0	0	0	0	0	0	232	254	0	-2.23E-05	5.54E-06	-9.23E-06	-1.27E-05
87	0	0	0	0	0	0	0	232	254	0	-2.23E-05	4.20E-06	-8.90E-06	-1.23E-05
87	1	0	0	0	0	0	0	232	254	0	-2.12E-05	3.53E-06	-9.90E-06	-1.03E-05
87	2	0	0	0	0	0	0	232	254	0	-2.12E-05	3.53E-06	-9.90E-06	-1.03E-05
87	3	0	0	0	0	0	0	232	254	0	-2.26E-05	5.19E-06	-9.57E-06	-1.02E-05
87	4	0	0	0	0	0	0	232	254	0	-2.26E-05	5.19E-06	-9.57E-06	-1.02E-05
87	5	0	0	0	0	0	0	232	254	0	-2.23E-05	4.37E-06	-8.90E-06	-1.09E-05
87	6	0	0	0	0	0	0	232	254	0	-2.23E-05	4.37E-06	-8.90E-06	-1.09E-05
87	7	0	0	0	0	0	0	232	254	0	-1.97E-05	4.86E-06	-9.90E-06	-1.06E-05
87	8	0	0	0	0	0	0	232	254	0	-1.97E-05	4.86E-06	-9.90E-06	-1.06E-05
87	9	0	0	0	0	0	0	232	254	0	-2.13E-05	7.20E-06	-9.57E-06	-1.32E-05
87	10	0	0	0	0	0	0	232	254	0	-2.17E-05	6.55E-06	-9.57E-06	-1.36E-05
87	11	0	0	0	0	0	0	232	254	0	-2.17E-05	6.55E-06	-9.57E-06	-1.36E-05
87	12	0	0	0	0	0	0	232	254	0	-2.10E-05	4.88E-06	-9.07E-06	-1.09E-05
87	13	0	0	0	0	0	0	232	254	0	-2.10E-05	4.88E-06	-9.07E-06	-1.09E-05
87	14	0	0	0	0	0	0	232	254	0	-2.16E-05	4.70E-06	-9.90E-06	-7.91E-06
87	15	0	0	0	0	0	0	232	254	0	-2.16E-05	4.70E-06	-9.90E-06	-7.91E-06
87	16	0	0	0	0	0	0	232	254	0	-2.07E-05	6.20E-06	-1.09E-05	-9.89E-06
87	17	0	0	0	0	0	0	232	254	0	-2.07E-05	6.20E-06	-1.09E-05	-9.89E-06
87	18	0	0	0	0	0	0	232	254	0	-2.11E-05	5.54E-06	-1.11E-05	-1.06E-05
87	19	0	0	0	0	0	0	232	254	0	-2.30E-05	5.54E-06	-9.91E-06	-1.19E-05
88	0	0	0	0	0	0	0	232	254	0	-2.30E-05	5.54E-06	-9.91E-06	-1.19E-05
88	1	0	0	0	0	0	0	232	254	0	-2.22E-05	6.21E-06	-8.24E-06	-1.36E-05
88	2	0	0	0	0	0	0	232	254	0	-2.22E-05	6.21E-06	-8.24E-06	-1.36E-05
88	3	0	0	0	0	0	0	232	254	0	-2.20E-05	3.71E-06	-8.89E-06	-1.43E-05
88	4	0	0	0	0	0	0	232	254	0	-2.20E-05	3.71E-06	-8.89E-06	-1.43E-05
88	5	0	0	0	0	0	0	232	254	0	-2.17E-05	5.36E-06	-8.73E-06	-1.23E-05
88	6	0	0	0	0	0	0	232	254	0	-2.17E-05	5.36E-06	-8.73E-06	-1.23E-05
88	7	0	0	0	0	0	0	232	254	0	-2.30E-05	5.87E-06	-7.89E-06	-1.19E-05
88	8	0	0	0	0	0	0	232	254	0	-2.30E-05	3.87E-06	-8.72E-06	-1.23E-05
88	9	0	0	0	0	0	0	232	254	0	-2.30E-05	3.87E-06	-8.72E-06	-1.23E-05
88	10	0	0	0	0	0	0	232	254	0	-2.25E-05	4.69E-06	-8.89E-06	-1.18E-05
88	11	0	0	0	0	0	0	232	254	0	-2.25E-05	4.69E-06	-8.89E-06	-1.18E-05
88	12	0	0	0	0	0	0	232	254	0	-2.10E-05	3.53E-06	-8.73E-06	-1.24E-05
88	13	0	0	0	0	0	0	232	254	0	-2.10E-05	3.53E-06	-8.73E-06	-1.24E-05
88	14	0	0	0	0	0	0	232	254	0	-2.06E-05	3.19E-06	-8.89E-06	-1.23E-05
88	15	0	0	0	0	0	0	232	254	0	-2.06E-05	3.19E-06	-8.89E-06	-1.23E-05
88	16	0	0	0	0	0	0	232	254	0	-2.06E-05	1.69E-06	-8.56E-06	-1.23E-05
88	17	0	0	0	0	0	0	232	254	0	-2.13E-05	2.35E-06	-8.89E-06	-1.19E-05
88	18	0	0	0	0	0	0	232	254	0	-2.13E-05	2.35E-06	-8.89E-06	-1.19E-05
88	19	0	0	0	0	0	0	232	254	0	-2.23E-05	4.85E-06	-9.56E-06	-1.26E-05
89	0	0	0	0	0	0	0	232	254	0	-2.23E-05	4.85E-06	-9.56E-06	-1.26E-05
89	1	0	0	0	0	0	0	232	254	0	-2.33E-05	5.53E-06	-8.90E-06	-1.29E-05
89	2	0	0	0	0	0	0	232	254	0	-2.33E-05	5.53E-06	-8.90E-06	-1.29E-05
89	3	0	0	0	0	0	0	232	254	0	-2.37E-05	6.21E-06	-8.23E-06	-1.23E-05
89	4	0	0	0	0	0	0	232	254	0	-2.37E-05	6.21E-06	-8.23E-06	-1.23E-05
89	5	0	0	0	0	0	0	232	254	0	-2.27E-05	5.88E-06	-8.22E-06	-1.26E-05
89	6	0	0	0	0	0	0	232	254	0	-2.37E-05	5.87E-06	-8.89E-06	-1.33E-05
89	7	0	0	0	0	0	0	232	254	0	-2.37E-05	5.87E-06	-8.89E-06	-1.33E-05
89	8	0	0	0	0	0	0	232	254	0	-2.33E-05	6.38E-06	-9.23E-06	-1.29E-05
89	9	0	0	0	0	0	0	232	254	0	-2.33E-05	6.38E-06	-9.23E-06	-1.29E-05
89	10	0	0	0	0	0	0	232	254	0	-2.22E-05	6.55E-06	-8.56E-06	-1.24E-05
89	11	0	0	0	0	0	0	232	254	0	-2.22E-05	6.55E-06	-8.56E-06	-1.24E-05
89	12	0	0	0	0	0	0	232	254	0	-2.00E-05	5.88E-06	-8.23E-06	-1.24E-05
89	13	0	0	0	0	0	0	232	254	0	-2.00E-05	5.88E-06	-8.23E-06	-1.24E-05
89	14	0	0	0	0	0	0	232	254	0	-2.03E-05	5.54E-06	-8.22E-06	-1.19E-05
89	15	0	0	0	0	0	0	232	254	0	-2.11E-05	4.54E-06	-8.22E-06	-1.01E-05
89	16	0	0	0	0	0	0	232	254	0	-2.11E-05	4.54E-06	-8.22E-06	-1.01E-05
89	17	0	0	0	0	0	0	232	254	0	-1.95E-05	3.20E-06	-9.23E-06	-1.11E-05
89	18	0	0	0	0	0	0	232	254	0	-1.95E-05	3.20E-06	-9.23E-06	-1.11E-05
89	19	0	0	0	0	0	0	232	254	0	-1.90E-05	3.19E-06	-9.57E-06	-1.14E-05
90	0	0	0	0	0	0	0	232	254	0	-1.90E-05	3.19E-06	-9.57E-06	-1.14E-05
90	1	0	0	0	0	0	0	232	254	0	-2.13E-05	4.69E-06	-8.23E-06	-1.12E-05
90	2	0	0	0	0	0	0	232	254	0	-2.13E-05	4.69E-06	-8.23E-06	-1.12E-05
90	3	0	0	0	0	0	0	232	254	0	-2.15E-05	4.87E-06	-9.23E-06	-1.22E-05
90	4	0	0	0	0	0	0	232	254	0	-2.10E-05	5.53E-06	-9.06E-06	-1.38E-05
90	5	0	0	0	0	0	0	232	254	0	-2.10E-05	5.53E-06	-9.06E-06	-1.38E-05
90	6	0	0	0	0	0	0	232	254	0	-2.10E-05	5.04E-06	-9.90E-06	-1.31E-05
90	7	0	0	0	0	0	0	232	254	0	-2.10E-05	5.04E-06	-9.90E-06	-1.31E-05
90	8	0	0	0	0	0	0	232	254	0	-2.23E-05	4.54E-06	-1.01E-05	-1.23E-05
90	9	0	0	0	0	0	0	232	254	0	-2.23E-05	4.54E-06	-1.01E-05	-1.23E-05
90	10	0	0	0	0	0	0	232	254	0	-2.13E-05	4.70E-06	-8.24E-06	-1.23E-05
90	11	0	0	0	0	0	0	232	254	0	-2.13E-05	4.70E-06	-8.24E-06	-1.23E-05
90	12	0	0	0	0	0	0	232	254	0	-2.17E-05	3.37E-06	-8.22E-06	-1.33E-05
90	13	0	0	0	0	0	0	232	254	0	-2.22E-05	3.19E-06	-9.06E-06	-1.19E-05
90	14	0	0	0	0	0	0	232	254	0	-2.22E-05	3.19E-06	-9.06E-06	-1.19E-05
90	15	0	0	0	0	0	0	232	254	0	-2.30E-05	4.52E-06	-9.40E-06	-1.23E-05
90	16	0	0	0	0	0	0	232	254	0	-2.30E-05	4.52E-06	-9.40E-06	-1.23E-05
90	17	0	0	0	0	0	0	232	254	0	-2.27E-05	4.53E-06	-9.57E-06	-1.24E-05
90	18	0	0	0	0	0	0	232	254	0	-2.27E-05	4.53E-06	-9.57E-06	-1.24E-05
90	19	0	0	0	0	0	0	232	254	0	-2.17E-05	5.20E-06	-8.57E-06	-1.19E-05
91	0	0	0	0	0	0	0	232	254	0	-2.17E-05	5.20E-06	-8.57E-06	-1.19E-05
91	1	0	0	0	0	0	0	232	254	0	-2.18E-05	4.20E-06	-8.23E-06	-1.09E-05
91	2	0	0	0	0	0	0	232	254	0	-2.12E-05	3.86E-06	-8.56E-06	-1.31E-05
91	3	0	0	0	0	0	0	232	254	0	-2.12E-05	3.86E-06	-8.56E-06	-1.31E-05
91	4	0	0	0	0	0	0	232	254	0	-2.06E-05	4.53E-06	-9.56E-06	-1.41E-05
91	5	0	0	0	0	0	0	232	254	0	-2.06E-05	4.53E-06	-9.56E-06	-1.41E-05
91	6	0	0	0	0	0	0	232	254	0	-2.23E-05	3.70E-06	-9.23E-06	-1.29E-05
91	7	0	0	0	0	0	0	232	254	0	-2.23E-05	3.70E-06	-9.23E-06	-1.29E-05
91	8	0	0	0	0	0	0	232	254	0	-2.12E-05	4.53E-06	-8.56E-06	-1.19E-05
91	9	0	0	0	0	0	0	232	254	0	-2.12E-05	4.53E-06	-8.56E-06	-1.19E-05
91	10	0	0	0	0	0	0	232	254	0	-2.16E-05	4.37E-06	-8.89E-06	-1.19E-05
91	11	0	0	0	0	0	0	232	254	0	-2.25E-05	3.53E-06	-9.73E-06	-1.09E-05
91	12	0	0	0	0	0	0	232	254	0	-2.25E-05	3.53E-06	-9.73E-06	-1.09E-05
91	13	0	0	0	0	0	0	232	254	0	-2.13E-05	3.52E-06	-9.90E-06	-1.06E-05
91	14	0	0	0	0	0	0	232	254	0	-2.13E-05	3.52E-06	-9.90E-06	-1.06E-05
91	15	0	0	0	0	0	0	232	254	0	-2.08E-05	4.19E-06	-9.90E-06	-1.02E-05
91	16	0	0	0	0	0	0	232	254	0	-2.08E-05	4.19E-06	-9.90E-06	-1.02E-05
91	17	0	0	0	0	0	0	232	254	0	-2.23E-05	3.20E-06	-7.73E-06	-1.16E-05
91	18	0	0	0	0	0	0	232	254	0	-2.23E-05	3.20E-06	-7.73E-06	-1.16E-05
91	19	0	0	0	0	0	0	232	254	0	-2.23E-05	2.86E-06	-8.89E-06	-1.22E-05
92	0	0	0	0	0	0	0	232	254	0	-1.93E-05	5.19E-06	-1.02E-05	-1.23E-05
92	1	0	0	0	0	0	0	232	254	0	-1.93E-05	5.19E-06	-1.02E-05	-1.23E-05
92	2	0	0	0	0	0	0	232	254	0	-1.91E-05	5.70E-06	-9.57E-06	-1.21E-05
92	3	0	0	0	0	0	0	232	254	0	-1.91E-05	5.70E-06	-9.57E-06	-1.21E-05
92	4	0	0	0	0	0	0	232	254	0	-2.03E-05	5.87E-06	-9.57E-06	-1.26E-05
92	5	0	0	0	0	0	0	232	254	0	-2.03E-05	5.87E-06	-9.57E-06	-1.26E-05
92	6	0	0	0	0	0	0	232	254	0	-1.96E-05	5.21E-06	-1.02E-05	-1.23E-05
92	7	0	0	0	0	0	0	232	254	0	-1.96E-05	5.21E-06	-1.02E-05	-1.23E-05
92	8	0	0	0	0	0	0	232	254	0	-1.96E-05	5.54E-06	-9.57E-06	-1.38E-05
92	9	0	0	0	0	0	0	232	254	0	-2.08E-05	5.71E-06	-9.23E-06	-1.66E-05
92	10	0	0	0	0	0	0	232	254	0	-2.08E-05	5.71E-06	-9.23E-06	-1.66E-05
92	11	0	0	0	0	0	0	232	254	0	-2.03E-05	5.04E-06	-9.57E-06	-1.63E-05
92	12	0	0	0	0	0	0	232	254	0	-2.03E-05	5.04E-06	-9.57E-06	-1.63E-05
92	13	0	0	0	0	0	0	232	254	0	-1.98E-05	4.54E-06	-8.23E-06	-1.48E-05
92	14	0	0	0	0	0	0	232	254	0	-1.98E-05	4.54E-06	-8.23E-06	-1.48E-05
92	15	0	0	0	0	0	0	232	254	0	-1.80E-05	5.20E-06	-7.22E-06	-1.39E-05
92	16	0	0	0	0	0	0	232	254	0	-1.80E-05	5.20E-06	-7.22E-06	-1.39E-05
92	17	0	0	0	0	0	0	232	254	0	-1.91E-05	6.20E-06	-8.55E-06	-1.29E-05
92	18	0	0	0	0	0	0	232	254	0	-1.78E-05	6.04E-06	-8.89E-06	-1.18E-05
92	19	0	0	0	0	0	0	232	254	0	-1.78E-05	6.04E-06	-8.89E-06	-1.18E-05
93	0	0	0	0	0	0	0	232	254	0	-1.80E-05	5.54E-06	-8.90E-06	-1.22E-05
93	1	0	0	0	0	0	0	232	254	0	-1.80E-05	5.54E-06	-8.90E-06	-1.22E-05
93	2	0	0	0	0	0	0	232	254	0	-1.96E-05	5.04E-06	-7.90E-06	-1.38E-05
93	3	0	0	0	0	0	0	232	254	0	-1.96E-05	5.04E-06	-7.90E-06	-1.38E-05
93	4	0	0	0	0	0	0	232	254	0	-1.90E-05	3.87E-06	-9.72E-06	-1.36E-05
93	5	0	0	0	0	0	0	232	254	0	-1.90E-05	3.87E-06	-9.72E-06	-1.36E-05
93	6	0	0	0	0	0	0	232	254	0	-1.83E-05	4.36E-06	-9.07E-06	-1.33E-05
93	7	0	0	0	0	0	0	232	254	0	-2.08E-05	5.20E-06	-9.23E-06	-1.36E-05
93	8	0	0	0	0	0	0	232	254	0	-2.08E-05	5.20E-06	-9.23E-06	-1.36E-05
93	9	0	0	0	0	0	0	232	254	0	-2.03E-05	3.87E-06	-9.06E-06	-1.26E-05
93	10	0	0	0	0	0	0	232	254	0	-2.03E-05	3.87E-06	-9.06E-06	-1.26E-05
93	11	0	0	0	0	0	0	232	254	0	-1.85E-05	4.19E-06	-9.06E-06	-1.16E-05
93	12	0	0	0	0	0	0	232	254	0	-1.85E-05	4.19E-06	-9.06E-06	-1.16E-05
93	13	0	0	0	0	0	0	232	254	0	-1.95E-05	5.86E-06	-9.06E-06	-1.09E-05
93	14	0	0	0	0	0	0	232	254	0	-1.95E-05	5.86E-06	-9.06E-06	-1.09E-05
93	15	0	0	0	0	0	0	232	254	0	-2.15E-05	5.04E-06	-1.06E-05	-1.19E-05
93	16	0	0	0	0	0	0	232	254	0	-2.18E-05	3.37E-06	-1.01E-05	-1.23E-05
93	17	0	0	0	0	0	0	232	254	0	-2.18E-05	3.37E-06	-1.01E-05	-1.23E-05
93	18	0	0	0	0	0	0	232	254	0	-2.12E-05	3.52E-06	-8.90E-06	-1.23E-05
93	19	0	0	0	0	0	0	232	254	0	-2.12E-05	3.52E-06	-8.90E-06	-1.23E-05
94	0	0	0	0	0	0	0	232	254	0	-2.20E-05	5.86E-06	-8.56E-06	-1.19E-05
94	1	0	0	0	0	0	0	232	254	0	-2.20E-05	5.86E-06	-8.56E-06	-1.19E-05
94	2	0	0	0	0	0	0	232	254	0	-2.40E-05	5.21E-06	-8.23E-06	-1.23E-05
94	3	0	0	0	0	0	0	232	254	0	-2.40E-05	5.21E-06	-8.23E-06	-1.23E-05
94	4	0	0	0	0	0	0	232	254	0	-2.40E-05	5.20E-06	-8.89E-06	-1.46E-05
94	5	0	0	0	0	0	0	232	254	0	-2.32E-05	6.37E-06	-8.90E-06	-1.39E-05
94	6	0	0	0	0	0	0	232	254	0	-2.32E-05	6.37E-06	-8.90E-06	-1.39E-05
94	7	0	0	0	0	0	0	232	254	0	-2.30E-05	5.54E-06	-8.56E-06	-1.38E-05
94	8	0	0	0	0	0	0	232	254	0	-2.30E-05	5.54E-06	-8.56E-06	-1.38E-05
94	9	0	0	0	0	0	0	232	254	0	-2.43E-05	4.54E-06	-8.23E-06	-1.28E-05
94	10	0	0	0	0	0	0	232	254	0	-2.43E-05	4.54E-06	-8.23E-06	-1.28E-05
94	11	0	0	0	0	0	0	232	254	0	-2.40E-05	4.37E-06	-9.39E-06	-1.24E-05
94	12	0	0	0	0	0	0	232	254	0	-2.40E-05	4.37E-06	-9.39E-06	-1.24E-05
94	13	0	0	0	0	0	0	232	254	0	-2.27E-05	4.53E-06	-8.73E-06	-1.23E-05
94	14	0	0	0	0	0	0	232	254	0	-2.32E-05	4.70E-06	-9.56E-06	-1.16E-05
94	15	0	0	0	0	0	0	232	254	0	-2.32E-05	4.70E-06	-9.56E-06	-1.16E-05
94	16	0	0	0	0	0	0	232	254	0	-2.30E-05	5.03E-06	-9.90E-06	-1.19E-05
94	17	0	0	0	0	0	0	232	254	0	-2.30E-05	5.03E-06	-9.90E-06	-1.19E-05
94	18	0	0	0	0	0	0	232	254	0	-2.30E-05	5.04E-06	-1.01E-05	-1.14E-05
94	19	0	0	0	0	0	0	232	254	0	-2.30E-05	5.04E-06	-1.01E-05	-1.14E-05
95	0	0	0	0	0	0	0	232	254	0	-2.30E-05	4.87E-06	-1.06E-05	-1.22E-05
95	1	0	0	0	0	0	0	232	254	0	-2.30E-05	4.87E-06	-1.06E-05	-1.22E-05
95	2	0	0	0	0	0	0	232	254	0	-2.30E-05	5.03E-06	-1.04E-05	-1.13E-05
95	3	0	0	0	0	0	0	232	254	0	-2.18E-05	4.37E-06	-9.91E-06	-9.58E-06
95	4	0	0	0	0	0	0	232	254	0	-2.18E-05	4.37E-06	-9.91E-06	-9.58E-06
95	5	0	0	0	0	0	0	232	254	0	-2.17E-05	6.03E-06	-1.04E-05	-9.23E-06
95	6	0	0	0	0	0	0	232	254	0	-2.17E-05	6.03E-06	-1.04E-05	-9.23E-06
95	7	0	0	0	0	0	0	232	254	0	-2.18E-05	5.71E-06	-1.02E-05	-1.09E-05
95	8	0	0	0	0	0	0	232	254	0	-2.18E-05	5.71E-06	-1.02E-05	-1.09E-05
95	9	0	0	0	0	0	0	232	254	0	-1.95E-05	5.87E-06	-9.40E-06	-1.32E-05
95	10	0	0	0	0	0	0	232	254	0	-1.95E-05	5.87E-06	-9.40E-06	-1.32E-05
95	11	0	0	0	0	0	0	232	254	0	-2.03E-05	4.87E-06	-1.04E-05	-1.33E-05
95	12	0	0	0	0	0	0	232	254	0	-1.96E-05	4.20E-06	-9.24E-06	-1.33E-05
95	13	0	0	0	0	0	0	232	254	0	-1.96E-05	4.20E-06	-9.24E-06	-1.33E-05
95	14	0	0	0	0	0	0	232	254	0	-1.86E-05	5.70E-06	-8.23E-06	-1.24E-05
95	15	0	0	0	0	0	0	232	254	0	-1.86E-05	5.70E-06	-8.23E-06	-1.24E-05
95	16	0	0	0	0	0	0	232	254	0	-1.80E-05	6.21E-06	-7.89E-06	-1.23E-05
95	17	0	0	0	0	0	0	232	254	0	-1.80E-05	6.21E-06	-7.89E-06	-1.23E-05
95	18	0	0	0	0	0	0	232	254	0	-1.93E-05	5.54E-06	-8.89E-06	-1.36E-05
95	19	0	0	0	0	0	0	232	254	0	-1.93E-05	5.54E-06	-8.89E-06	-1.36E-05
96	0	0	0	0	0	0	0	232	254	0	-2.13E-05	5.54E-06	-9.56E-06	-1.34E-05
96	1	0	0	0	0	0	0	232	254	0	-2.13E-05	5.87E-06	-9.57E-06	-1.39E-05
96	2	0	0	0	0	0	0	232	254	0	-2.13E-05	5.87E-06	-9.57E-06	-1.39E-05
96	3	0	0	0	0	0	0	232	254	0	-2.06E-05	5.04E-06	-9.07E-06	-1.39E-05
96	4	0	0	0	0	0	0	232	254	0	-2.06E-05	5.04E-06	-9.07E-06	-1.39E-05
96	5	0	0	0	0	0	0	232	254	0	-1.93E-05	3.87E-06	-9.23E-06	-1.16E-05
96	6	0	0	0	0	0	0	232	254	0	-1.93E-05	3.87E-06	-9.23E-06	-1.16E-05
96	7	0	0	0	0	0	0	232	254	0	-1.93E-05	4.69E-06	-9.90E-06	-9.58E-06
96	8	0	0	0	0	0	0	232	254	0	-1.93E-05	4.69E-06	-9.90E-06	-9.58E-06
96	9	0	0	0	0	0	0	232	254	0	-1.96E-05	4.20E-06	-1.06E-05	-9.90E-06
96	10	0	0	0	0	0	0	232	254	0	-2.03E-05	4.36E-06	-8.91E-06	-1.09E-05
96	11	0	0	0	0	0	0	232	254	0	-2.03E-05	4.36E-06	-8.91E-06	-1.09E-05
96	12	0	0	0	0	0	0	232	254	0	-2.13E-05	4.20E-06	-7.90E-06	-1.11E-05
96	13	0	0	0	0	0	0	232	254	0	-2.13E-05	4.20E-06	-7.90E-06	-1.11E-05
96	14	0	0	0	0	0	0	232	254	0	-2.23E-05	4.70E-06	-8.72E-06	-1.04E-05
96	15	0	0	0	0	0	0	232	254	0	-2.23E-05	4.70E-06	-8.72E-06	-1.04E-05
96	16	0	0	0	0	0	0	232	254	0	-2.33E-05	4.87E-06	-8.89E-06	-1.21E-05
96	17	0	0	0	0	0	0	232	254	0	-2.33E-05	4.87E-06	-8.89E-06	-1.21E-05
96	18	0	0	0	0	0	0	232	254	0	-2.43E-05	3.53E-06	-7.90E-06	-1.39E-05
96	19	0	0	0	0	0	0	232	254	0	-2.47E-05	5.19E-06	-8.39E-06	-1.16E-05
97	0	0	0	0	0	0	0	232	254	0	-2.47E-05	5.19E-06	-8.39E-06	-1.16E-05
97	1	0	0	0	0	0	0	232	254	0	-2.38E-05	5.70E-06	-8.23E-06	-1.19E-05
97	2	0	0	0	0	0	0	232	254	0	-2.38E-05	5.70E-06	-8.23E-06	-1.19E-05
97	3	0	0	0	0	0	0	232	254	0	-2.38E-05	4.71E-06	-8.39E-06	-1.14E-05
97	4	0	0	0	0	0	0	232	254	0	-2.38E-05	4.71E-06	-8.39E-06	-1.14E-05
97	5	0	0	0	0	0	0	232	254	0	-2.33E-05	4.53E-06	-9.56E-06	-1.06E-05
97	6	0	0	0	0	0	0	232	254	0	-2.33E-05	4.53E-06	-9.56E-06	-1.06E-05
97	7	0	0	0	0	0	0	232	254	0	-2.37E-05	3.86E-06	-9.57E-06	-1.01E-05
97	8	0	0	0	0	0	0	232	254	0	-2.43E-05	3.53E-06	-7.90E-06	-1.09E-05
97	9	0	0	0	0	0	0	232	254	0	-2.43E-05	3.53E-06	-7.90E-06	-1.09E-05
97	10	0	0	0	0	0	0	232	254	0	-2.43E-05	3.19E-06	-8.39E-06	-1.16E-05
97	11	0	0	0	0	0	0	232	254	0	-2.43E-05	3.19E-06	-8.39E-06	-1.16E-05
97	12	0	0	0	0	0	0	232	254	0	-2.38E-05	2.86E-06	-9.56E-06	-1.59E-05
97	13	0	0	0	0	0	0	232	254	0	-2.38E-05	2.86E-06	-9.56E-06	-1.59E-05
97	14	0	0	0	0	0	0	232	254	0	-2.30E-05	3.85E-06	-6.73E-06	-1.89E-05
97	15	0	0	0	0	0	0	232	254	0	-2.30E-05	3.85E-06	-6.73E-06	-1.89E-05
97	16	0	0	0	0	0	0	232	254	0	-2.23E-05	5.86E-06	-7.21E-06	-1.56E-05
97	17	0	0	0	0	0	0	232	254	0	-2.27E-05	5.71E-06	-7.38E-06	-1.44E-05
97	18	0	0	0	0	0	0	232	254	0	-2.27E-05	5.71E-06	-7.38E-06	-1.44E-05
97	19	0	0	0	0	0	0	232	254	0	-2.25E-05	5.54E-06	-8.22E-06	-1.49E-05
98	0	0	0	0	0	0	0	232	254	0	-2.25E-05	5.54E-06	-8.22E-06	-1.49E-05
98	1	0	0	0	0	0	0	232	254	0	-2.25E-05	6.54E-06	-8.56E-06	-1.39E-05
98	2	0	0	0	0	0	0	232	254	0	-2.25E-05	6.54E-06	-8.56E-06	-1.39E-05
98	3	0	0	0	0	0	0	232	254	0	-2.27E-05	5.04E-06	-8.89E-06	-1.39E-05
98	4	0	0	0	0	0	0	232	254	0	-2.27E-05	5.04E-06	-8.89E-06	-1.39E-05
98	5	0	0	0	0	0	0	232	254	0	-2.25E-05	4.53E-06	-9.56E-06	-1.36E-05
98	6	0	0	0	0	0	0	232	254	0	-2.27E-05	4.87E-06	-1.12E-05	-1.23E-05
98	7	0	0	0	0	0	0	232	254	0	-2.27E-05	4.87E-06	-1.12E-05	-1.23E-05
98	8	0	0	0	0	0	0	232	254	0	-2.32E-05	4.87E-06	-1.02E-05	-1.23E-05
98	9	0	0	0	0	0	0	232	254	0	-2.32E-05	4.87E-06	-1.02E-05	-1.23E-05
98	10	0	0	0	0	0	0	232	254	0	-2.30E-05	3.87E-06	-1.01E-05	-1.24E-05
98	11	0	0	0	0	0	0	232	254	0	-2.30E-05	3.87E-06	-1.01E-05	-1.24E-05
98	12	0	0	0	0	0	0	232	254	0	-2.13E-05	3.53E-06	-9.57E-06	-1.19E-05
98	13	0	0	0	0	0	0	232	254	0	-2.13E-05	3.53E-06	-9.57E-06	-1.19E-05
98	14	0	0	0	0	0	0	232	254	0	-2.20E-05	4.86E-06	-1.02E-05	-1.11E-05
98	15	0	0	0	0	0	0	232	254	0	-2.25E-05	4.37E-06	-9.07E-06	-1.06E-05
98	16	0	0	0	0	0	0	232	254	0	-2.25E-05	4.37E-06	-9.07E-06	-1.06E-05
98	17	0	0	0	0	0	0	232	254	0	-2.30E-05	4.70E-06	-9.23E-06	-1.29E-05
98	18	0	0	0	0	0	0	232	254	0	-2.30E-05	4.70E-06	-9.23E-06	-1.29E-05
98	19	0	0	0	0	0	0	232	254	0	-2.25E-05	4.87E-06	-9.57E-06	-1.29E-05
99	0	0	0	0	0	0	0	232	254	0	-2.25E-05	4.87E-06	-9.57E-06	-1.29E-05
99	1	0	0	0	0	0	0	232	254	0	-2.12E-05	5.54E-06	-9.90E-06	-1.08E-05
99	2	0	0	0	0	0	0	232	254	0	-2.12E-05	5.54E-06	-9.90E-06	-1.08E-05
99	3	0	0	0	0	0	0	232	254	0	-2.03E-05	5.54E-06	-9.74E-06	-1.09E-05
99	4	0	0	0	0	0	0	232	254	0	-2.05E-05	4.70E-06	-9.57E-06	-1.09E-05
99	5	0	0	0	0	0	0	232	254	0	-2.05E-05	4.70E-06	-9.57E-06	-1.09E-05
99	6	0	0	0	0	0	0	232	254	0	-1.90E-05	4.87E-06	-9.57E-06	-9.24E-06
99	7	0	0	0	0	0	0	232	254	0	-1.90E-05	4.87E-06	-9.57E-06	-9.24E-06
99	8	0	0	0	0	0	0	232	254	0	-1.90E-05	3.53E-06	-9.57E-06	-8.56E-06
99	9	0	0	0	0	0	0	232	254	0	-1.90E-05	3.53E-06	-9.57E-06	-8.56E-06
99	10	0	0	0	0	0	0	232	254	0	-1.83E-05	3.19E-06	-1.09E-05	-8.56E-06
99	11	0	0	0	0	0	0	232	254	0	-1.83E-05	3.19E-06	-1.09E-05	-8.56E-06
99	12	0	0	0	0	0	0	232	254	0	-1.63E-05	3.19E-06	-9.91E-06	-5.89E-06
99	13	0	0	0	0	0	0	232	254	0	-1.63E-05	3.02E-06	-8.90E-06	-8.54E-06
99	14	0	0	0	0	0	0	232	254	0	-1.63E-05	3.02E-06	-8.90E-06	-8.54E-06
99	15	0	0	0	0	0	0	232	254	0	-1.71E-05	3.69E-06	-1.02E-05	-1.57E-05
99	16	0	0	0	0	0	0	232	254	0	-1.71E-05	3.69E-06	-1.02E-05	-1.57E-05
99	17	0	0	0	0	0	0	232	254	0	-1.66E-05	4.86E-06	-9.57E-06	-2.13E-05
99	18	0	0	0	0	0	0	232	254	0	-1.66E-05	4.86E-06	-9.57E-06	-2.13E-05
99	19	0	0	0	0	0	0	232	254	0	-1.63E-05	5.20E-06	-7.57E-06	-1.70E-05
100	0	0	0	0	0	0	0	232	254	0	-1.63E-05	5.20E-06	-7.57E-06	-1.70E-05
100	1	0	0	0	0	0	0	232	254	0	-1.59E-05	4.87E-06	-6.55E-06	-9.78E-06
100	2	0	0	0	0	0	0	232	254	0	-1.64E-05	5.70E-06	-7.71E-06	-1.04E-05
100	3	0	0	0	0	0	0	232	254	0	-1.64E-05	5.70E-06	-7.71E-06	-1.04E-05
100	4	0	0	0	0	0	0	232	254	0	-1.59E-05	4.54E-06	-7.72E-06	-1.59E-05
100	5	0	0	0	0	0	0	232	254	0	-1.59E-05	4.54E-06	-7.72E-06	-1.59E-05
100	6	0	0	0	0	0	0	232	254	0	-1.59E-05	3.53E-06	-6.55E-06	-1.64E-05
100	7	0	0	0	0	0	0	232	254	0	-1.59E-05	3.53E-06	-6.55E-06	-1.64E-05
100	8	0	0	0	0	0	0	232	254	0	-1.58E-05	3.86E-06	-5.88E-06	-1.43E-05
100	9	0	0	0	0	0	0	232	254	0	-1.58E-05	3.86E-06	-5.88E-06	-1.43E-05
100	10	0	0	0	0	0	0	232	254	0	-1.76E-05	3.86E-06	-7.21E-06	-1.69E-05
100	11	0	0	0	0	0	0	232	254	0	-1.88E-05	4.53E-06	-8.22E-06	-1.86E-05
100	12	0	0	0	0	0	0	232	254	0	-1.88E-05	4.53E-06	-8.22E-06	-1.86E-05
100	13	0	0	0	0	0	0	232	254	0	-1.86E-05	4.87E-06	-7.06E-06	-1.26E-05
100	14	0	0	0	0	0	0	232	254	0	-1.86E-05	4.87E-06	-7.06E-06	-1.26E-05
100	15	0	0	0	0	0	0	232	254	0	-2.06E-05	4.20E-06	-8.55E-06	-9.58E-06
100	16	0	0	0	0	0	0	232	254	0	-2.06E-05	4.20E-06	-8.55E-06	-9.58E-06
100	17	0	0	0	0	0	0	232	254	0	-2.08E-05	5.20E-06	-8.56E-06	-1.44E-05
100	18	0	0	0	0	0	0	232	254	0	-2.08E-05	5.20E-06	-8.56E-06	-1.44E-05
100	19	0	0	0	0	0	0	232	254	0	-2.15E-05	5.87E-06	-7.89E-06	-1.48E-05
101	0	0	0	0	0	0	0	232	254	0	-2.17E-05	5.87E-06	-7.89E-06	-1.19E-05
101	1	0	0	0	0	0	0	232	254	0	-2.17E-05	5.87E-06	-7.89E-06	-1.19E-05
101	2	0	0	0	0	0	0	232	254	0	-2.05E-05	4.87E-06	-9.22E-06	-1.11E-05
101	3	0	0	0	0	0	0	232	254	0	-2.05E-05	4.87E-06	-9.22E-06	-1.11E-05
101	4	0	0	0	0	0	0	232	254	0	-2.03E-05	4.70E-06	-1.11E-05	-1.02E-05
101	5	0	0	0	0	0	0	232	254	0	-2.03E-05	4.70E-06	-1.11E-05	-1.02E-05
101	6	0	0	0	0	0	0	232	254	0	-2.03E-05	5.53E-06	-1.02E-05	-9.24E-06
101	7	0	0	0	0	0	0	232	254	0	-2.03E-05	5.53E-06	-1.02E-05	-9.24E-06
101	8	0	0	0	0	0	0	232	254	0	-2.11E-05	5.21E-06	-1.02E-05	-9.57E-06
101	9	0	0	0	0	0	0	232	254	0	-2.20E-05	4.87E-06	-9.74E-06	-1.24E-05
101	10	0	0	0	0	0	0	232	254	0	-2.20E-05	4.87E-06	-9.74E-06	-1.24E-05
101	11	0	0	0	0	0	0	232	254	0	-2.17E-05	4.20E-06	-9.57E-06	-1.63E-05
101	12	0	0	0	0	0	0	232	254	0	-2.17E-05	4.20E-06	-9.57E-06	-1.63E-05
101	13	0	0	0	0	0	0	232	254	0	-2.17E-05	3.86E-06	-9.23E-06	-1.53E-05
101	14	0	0	0	0	0	0	232	254	0	-2.17E-05	3.86E-06	-9.23E-06	-1.53E-05
101	15	0	0	0	0	0	0	232	254	0	-2.17E-05	3.86E-06	-8.56E-06	-1.16E-05
101	16	0	0	0	0	0	0	232	254	0	-2.17E-05	3.86E-06	-8.56E-06	-1.16E-05
101	17	0	0	0	0	0	0	232	254	0	-2.25E-05	3.86E-06	-9.56E-06	-1.43E-05
101	18	0	0	0	0	0	0	232	254	0	-2.30E-05	5.20E-06	-9.57E-06	-1.41E-05
101	19	0	0	0	0	0	0	232	254	0	-2.30E-05	5.20E-06	-9.57E-06	-1.41E-05
102	0	0	0	0	0	0	0	232	254	0	-2.23E-05	5.70E-06	-7.90E-06	-1.24E-05
102	1	0	0	0	0	0	0	232	254	0	-2.23E-05	5.70E-06	-7.90E-06	-1.24E-05
102	2	0	0	0	0	0	0	232	254	0	-2.27E-05	4.87E-06	-7.89E-06	-1.26E-05
102	3	0	0	0	0	0	0	232	254	0	-2.27E-05	4.87E-06	-7.89E-06	-1.26E-05
102	4	0	0	0	0	0	0	232	254	0	-2.37E-05	5.20E-06	-7.56E-06	-1.24E-05
102	5	0	0	0	0	0	0	232	254	0	-2.37E-05	5.20E-06	-7.56E-06	-1.24E-05
102	6	0	0	0	0	0	0	232	254	0	-2.30E-05	6.20E-06	-8.55E-06	-1.24E-05
102	7	0	0	0	0	0	0	232	254	0	-2.08E-05	6.54E-06	-1.02E-05	-1.23E-05
102	8	0	0	0	0	0	0	232	254	0	-2.08E-05	6.54E-06	-1.02E-05	-1.23E-05
102	9	0	0	0	0	0	0	232	254	0	-2.10E-05	6.21E-06	-9.74E-06	-1.16E-05
102	10	0	0	0	0	0	0	232	254	0	-2.10E-05	6.21E-06	-9.74E-06	-1.16E-05
102	11	0	0	0	0	0	0	232	254	0	-2.00E-05	6.38E-06	-9.07E-06	-9.91E-06
102	12	0	0	0	0	0	0	232	254	0	-2.00E-05	6.38E-06	-9.07E-06	-9.91E-06
102	13	0	0	0	0	0	0	232	254	0	-2.10E-05	6.21E-06	-8.23E-06	-1.12E-05
102	14	0	0	0	0	0	0	232	254	0	-2.10E-05	6.21E-06	-8.23E-06	-1.12E-05
102	15	0	0	0	0	0	0	232	254	0	-2.06E-05	5.88E-06	-8.89E-06	-1.39E-05
102	16	0	0	0	0	0	0	232	254	0	-2.00E-05	5.87E-06	-8.56E-06	-1.36E-05
102	17	0	0	0	0	0	0	232	254	0	-2.00E-05	5.87E-06	-8.56E-06	-1.36E-05
102	18	0	0	0	0	0	0	232	254	0	-2.00E-05	4.87E-06	-9.56E-06	-9.92E-06
102	19	0	0	0	0	0	0	232	254	0	-2.00E-05	4.87E-06	-9.56E-06	-9.92E-06
103	0	0	0	0	0	0	0	232	254	0	-2.03E-05	5.20E-06	-1.06E-05	-8.40E-06
103	1	0	0	0	0	0	0	232	254	0	-2.03E-05	5.20E-06	-1.06E-05	-8.40E-06
103	2	0	0	0	0	0	0	232	254	0	-2.00E-05	3.87E-06	-1.09E-05	-8.73E-06
103	3	0	0	0	0	0	0	232	254	0	-2.00E-05	3.87E-06	-1.09E-05	-8.73E-06
103	4	0	0	0	0	0	0	232	254	0	-2.06E-05	3.19E-06	-1.16E-05	-1.19E-05
103	5	0	0	0	0	0	0	232	254	0	-2.00E-05	4.02E-06	-1.12E-05	-1.18E-05
103	6	0	0	0	0	0	0	232	254	0	-2.00E-05	4.02E-06	-1.12E-05	-1.18E-05
103	7	0	0	0	0	0	0	232	254	0	-1.96E-05	5.20E-06	-9.58E-06	-1.44E-05
103	8	0	0	0	0	0	0	232	254	0	-1.96E-05	5.20E-06	-9.58E-06	-1.44E-05
103	9	0	0	0	0	0	0	232	254	0	-2.10E-05	3.53E-06	-8.23E-06	-1.64E-05
103	10	0	0	0	0	0	0	232	254	0	-2.10E-05	3.53E-06	-8.23E-06	-1.64E-05
103	11	0	0	0	0	0	0	232	254	0	-2.28E-05	4.36E-06	-8.89E-06	-1.39E-05
103	12	0	0	0	0	0	0	232	254	0	-2.28E-05	4.36E-06	-8.89E-06	-1.39E-05
103	13	0	0	0	0	0	0	232	254	0	-2.35E-05	4.36E-06	-9.23E-06	-1.26E-05
103	14	0	0	0	0	0	0	232	254	0	-2.23E-05	3.86E-06	-8.23E-06	-1.23E-05
103	15	0	0	0	0	0	0	232	254	0	-2.23E-05	3.86E-06	-8.23E-06	-1.23E-05
103	16	0	0	0	0	0	0	232	254	0	-2.27E-05	5.53E-06	-9.56E-06	-1.16E-05
103	17	0	0	0	0	0	0	232	254	0	-2.27E-05	5.53E-06	-9.56E-06	-1.16E-05
103	18	0	0	0	0	0	0	232	254	0	-2.43E-05	5.54E-06	-9.07E-06	-1.09E-05
103	19	0	0	0	0	0	0	232	254	0	-2.43E-05	5.54E-06	-9.07E-06	-1.09E-05
104	0	0	0	0	0	0	0	232	254	0	-2.37E-05	4.20E-06	-8.56E-06	-1.19E-05
104	1	0	0	0	0	0	0	232	254	0	-2.37E-05	4.20E-06	-8.56E-06	-1.19E-05
104	2	0	0	0	0	0	0	232	254	0	-2.27E-05	3.70E-06	-9.56E-06	-1.36E-05
104	3	0	0	0	0	0	0	232	254	0	-2.25E-05	3.19E-06	-9.23E-06	-1.29E-05
104	4	0	0	0	0	0	0	232	254	0	-2.25E-05	3.19E-06	-9.23E-06	-1.29E-05
104	5	0	0	0	0	0	0	232	254	0	-2.17E-05	4.86E-06	-8.90E-06	-1.39E-05
104	6	0	0	0	0	0	0	232	254	0	-2.17E-05	4.86E-06	-8.90E-06	-1.39E-05
104	7	0	0	0	0	0	0	232	254	0	-2.23E-05	4.37E-06	-8.73E-06	-1.69E-05
104	8	0	0	0	0	0	0	232	254	0	-2.23E-05	4.37E-06	-8.73E-06	-1.69E-05
104	9	0	0	0	0	0	0	232	254	0	-2.32E-05	3.86E-06	-8.56E-06	-1.38E-05
104	10	0	0	0	0	0	0	232	254	0	-2.32E-05	3.86E-06	-8.56E-06	-1.38E-05
104	11	0	0	0	0	0	0	232	254	0	-2.37E-05	6.53E-06	-9.23E-06	-1.31E-05
104	12	0	0	0	0	0	0	232	254	0	-2.10E-05	6.88E-06	-8.23E-06	-1.41E-05
104	13	0	0	0	0	0	0	232	254	0	-2.10E-05	6.88E-06	-8.23E-06	-1.41E-05
104	14	0	0	0	0	0	0	232	254	0	-2.10E-05	5.05E-06	-8.22E-06	-1.16E-05
104	15	0	0	0	0	0	0	232	254	0	-2.10E-05	5.05E-06	-8.22E-06	-1.16E-05
104	16	0	0	0	0	0	0	232	254	0	-2.16E-05	4.87E-06	-8.89E-06	-1.02E-05
104	17	0	0	0	0	0	0	232	254	0	-2.16E-05	4.87E-06	-8.89E-06	-1.02E-05
104	18	0	0	0	0	0	0	232	254	0	-2.23E-05	4.53E-06	-9.73E-06	-1.02E-05
104	19	0	0	0	0	0	0	232	254	0	-2.23E-05	4.53E-06	-9.73E-06	-1.02E-05
105	0	0	0	0	0	0	0	232	254	0	-2.20E-05	3.70E-06	-1.09E-05	-9.07E-06
105	1	0	0	0	0	0	0	232	254	0	-2.27E-05	4.86E-06	-9.57E-06	-9.56E-06
105	2	0	0	0	0	0	0	232	254	0	-2.27E-05	4.86E-06	-9.57E-06	-9.56E-06
105	3	0	0	0	0	0	0	232	254	0	-2.30E-05	4.37E-06	-8.73E-06	-9.07E-06
105	4	0	0	0	0	0	0	232	254	0	-2.30E-05	4.37E-06	-8.73E-06	-9.07E-06
105	5	0	0	0	0	0	0	232	254	0	-2.17E-05	3.70E-06	-8.90E-06	-9.23E-06
105	6	0	0	0	0	0	0	232	254	0	-2.17E-05	3.70E-06	-8.90E-06	-9.23E-06
105	7	0	0	0	0	0	0	232	254	0	-2.17E-05	4.53E-06	-9.06E-06	-1.06E-05
105	8	0	0	0	0	0	0	232	254	0	-2.17E-05	4.53E-06	-9.06E-06	-1.06E-05
105	9	0	0	0	0	0	0	232	254	0	-2.18E-05	5.20E-06	-8.90E-06	-1.02E-05
105	10	0	0	0	0	0	0	232	254	0	-2.12E-05	5.20E-06	-8.90E-06	-9.57E-06
105	11	0	0	0	0	0	0	232	254	0	-2.12E-05	5.20E-06	-8.90E-06	-9.57E-06
105	12	0	0	0	0	0	0	232	254	0	-2.10E-05	5.20E-06	-9.90E-06	-1.12E-05
105	13	0	0	0	0	0	0	232	254	0	-2.10E-05	5.20E-06	-9.90E-06	-1.12E-05
105	14	0	0	0	0	0	0	232	254	0	-1.98E-05	3.87E-06	-9.57E-06	-1.36E-05
105	15	0	0	0	0	0	0	232	254	0	-1.98E-05	3.87E-06	-9.57E-06	-1.36E-05
105	16	0	0	0	0	0	0	232	254	0	-1.96E-05	5.70E-06	-9.23E-06	-1.53E-05
105	17	0	0	0	0	0	0	232	254	0	-1.96E-05	5.70E-06	-9.23E-06	-1.53E-05
105	18	0	0	0	0	0	0	232	254	0	-2.16E-05	5.37E-06	-9.23E-06	-1.63E-05
105	19	0	0	0	0	0	0	232	254	0	-2.23E-05	5.20E-06	-7.73E-06	-1.33E-05
106	0	0	0	0	0	0	0	232	254	0	-2.23E-05	5.20E-06	-7.73E-06	-1.33E-05
106	1	0	0	0	0	0	0	232	254	0	-2.18E-05	5.20E-06	-7.89E-06	-1.63E-05
106	2	0	0	0	0	0	0	232	254	0	-2.18E-05	5.20E-06	-7.89E-06	-1.63E-05
106	3	0	0	0	0	0	0	232	254	0	-2.12E-05	4.37E-06	-7.56E-06	-1.66E-05
106	4	0	0	0	0	0	0	232	254	0	-2.12E-05	4.37E-06	-7.56E-06	-1.66E-05
106	5	0	0	0	0	0	0	232	254	0	-2.25E-05	3.53E-06	-7.22E-06	-1.23E-05
106	6	0	0	0	0	0	0	232	254	0	-2.25E-05	3.53E-06	-7.22E-06	-1.23E-05
106	7	0	0	0	0	0	0	232	254	0	-2.30E-05	4.03E-06	-7.22E-06	-1.04E-05
106	8	0	0	0	0	0	0	232	254	0	-2.03E-05	3.53E-06	-7.55E-06	-9.91E-06
106	9	0	0	0	0	0	0	232	254	0	-2.03E-05	3.53E-06	-7.55E-06	-9.91E-06
106	10	0	0	0	0	0	0	232	254	0	-2.06E-05	4.19E-06	-8.55E-06	-9.57E-06
106	11	0	0	0	0	0	0	232	254	0	-2.06E-05	4.19E-06	-8.55E-06	-9.57E-06
106	12	0	0	0	0	0	0	232	254	0	-2.30E-05	5.03E-06	-8.89E-06	-8.57E-06
106	13	0	0	0	0	0	0	232	254	0	-2.30E-05	5.03E-06	-8.89E-06	-8.57E-06
106	14	0	0	0	0	0	0	232	254	0	-2.18E-05	5.20E-06	-8.90E-06	-9.73E-06
106	15	0	0	0	0	0	0	232	254	0	-2.18E-05	5.20E-06	-8.90E-06	-9.73E-06
106	16	0	0	0	0	0	0	232	254	0	-2.20E-05	4.03E-06	-8.90E-06	-1.09E-05
106	17	0	0	0	0	0	0	232	254	0	-2.17E-05	3.53E-06	-9.23E-06	-1.16E-05
106	18	0	0	0	0	0	0	232	254	0	-2.17E-05	3.53E-06	-9.23E-06	-1.16E-05
106	19	0	0	0	0	0	0	232	254	0	-2.12E-05	4.36E-06	-8.73E-06	-1.12E-05
107	0	0	0	0	0	0	0	232	254	0	-2.12E-05	4.36E-06	-8.73E-06	-1.12E-05
107	1	0	0	0	0	0	0	232	254	0	-2.22E-05	4.20E-06	-9.06E-06	-8.91E-06
107	2	0	0	0	0	0	0	232	254	0	-2.22E-05	4.20E-06	-9.06E-06	-8.91E-06
107	3	0	0	0	0	0	0	232	254	0	-2.12E-05	4.36E-06	-8.56E-06	-9.06E-06
107	4	0	0	0	0	0	0	232	254	0	-2.12E-05	4.36E-06	-8.56E-06	-9.06E-06
107	5	0	0	0	0	0	0	232	254	0	-2.03E-05	4.36E-06	-8.89E-06	-9.06E-06
107	6	0	0	0	0	0	0	232	254	0	-1.93E-05	6.70E-06	-1.02E-05	-1.12E-05
107	7	0	0	0	0	0	0	232	254	0	-1.93E-05	6.70E-06	-1.02E-05	-1.12E-05
107	8	0	0	0	0	0	0	232	254	0	-2.03E-05	6.38E-06	-9.57E-06	-1.22E-05
107	9	0	0	0	0	0	0	232	254	0	-2.03E-05	6.38E-06	-9.57E-06	-1.22E-05
107	10	0	0	0	0	0	0	232	254	0	-2.10E-05	6.38E-06	-9.57E-06	-1.38E-05
107	11	0	0	0	0	0	0	232	254	0	-2.10E-05	6.38E-06	-9.57E-06	-1.38E-05
107	12	0	0	0	0	0	0	232	254	0	-2.03E-05	5.88E-06	-8.73E-06	-1.33E-05
107	13	0	0	0	0	0	0	232	254	0	-2.03E-05	5.88E-06	-8.73E-06	-1.33E-05
107	14	0	0	0	0	0	0	232	254	0	-2.05E-05	5.21E-06	-1.06E-05	-1.23E-05
107	15	0	0	0	0	0	0	232	254	0	-2.10E-05	6.54E-06	-1.22E-05	-1.18E-05
107	16	0	0	0	0	0	0	232	254	0	-2.10E-05	6.54E-06	-1.22E-05	-1.18E-05
107	17	0	0	0	0	0	0	232	254	0	-2.03E-05	7.05E-06	-1.06E-05	-1.33E-05
107	18	0	0	0	0	0	0	232	254	0	-2.03E-05	7.05E-06	-1.06E-05	-1.33E-05
107	19	0	0	0	0	0	0	232	254	0	-1.93E-05	6.88E-06	-9.07E-06	-1.29E-05
108	0	0	0	0	0	0	0	232	254	0	-1.93E-05	6.88E-06	-9.07E-06	-1.29E-05
108	1	0	0	0	0	0	0	232	254	0	-1.93E-05	6.55E-06	-7.90E-06	-1.16E-05
108	2	0	0	0	0	0	0	232	254	0	-1.93E-05	6.55E-06	-7.90E-06	-1.16E-05
108	3	0	0	0	0	0	0	232	254	0	-1.93E-05	5.54E-06	-1.09E-05	-1.26E-05
108	4	0	0	0	0	0	0	232	254	0	-2.05E-05	4.70E-06	-1.17E-05	-1.69E-05
108	5	0	0	0	0	0	0	232	254	0	-2.05E-05	4.70E-06	-1.17E-05	-1.69E-05
108	6	0	0	0	0	0	0	232	254	0	-2.10E-05	4.03E-06	-9.91E-06	-1.49E-05
108	7	0	0	0	0	0	0	232	254	0	-2.10E-05	4.03E-06	-9.91E-06	-1.49E-05
108	8	0	0	0	0	0	0	232	254	0	-2.20E-05	4.53E-06	-7.90E-06	-1.13E-05
108	9	0	0	0	0	0	0	232	254	0	-2.20E-05	4.53E-06	-7.90E-06	-1.13E-05
108	10	0	0	0	0	0	0	232	254	0	-2.38E-05	5.70E-06	-7.72E-06	-1.32E-05
108	11	0	0	0	0	0	0	232	254	0	-2.38E-05	5.70E-06	-7.72E-06	-1.32E-05
108	12	0	0	0	0	0	0	232	254	0	-2.43E-05	4.20E-06	-8.22E-06	-1.43E-05
108	13	0	0	0	0	0	0	232	254	0	-2.40E-05	6.20E-06	-8.22E-06	-1.41E-05
108	14	0	0	0	0	0	0	232	254	0	-2.40E-05	6.20E-06	-8.22E-06	-1.41E-05
108	15	0	0	0	0	0	0	232	254	0	-2.37E-05	6.88E-06	-8.89E-06	-1.13E-05
108	16	0	0	0	0	0	0	232	254	0	-2.37E-05	6.88E-06	-8.89E-06	-1.13E-05
108	17	0	0	0	0	0	0	232	254	0	-2.37E-05	4.21E-06	-9.23E-06	-1.16E-05
108	18	0	0	0	0	0	0	232	254	0	-2.37E-05	4.21E-06	-9.23E-06	-1.16E-05
108	19	0	0	0	0	0	0	232	254	0	-2.30E-05	3.86E-06	-9.06E-06	-1.63E-05
109	0	0	0	0	0	0	0	232	254	0	-2.30E-05	3.86E-06	-9.06E-06	-1.63E-05
109	1	0	0	0	0	0	0	232	254	0	-2.18E-05	3.53E-06	-9.06E-06	-1.63E-05
109	2	0	0	0	0	0	0	232	254	0	-2.20E-05	2.52E-06	-8.23E-06	-1.28E-05
109	3	0	0	0	0	0	0	232	254	0	-2.20E-05	2.52E-06	-8.23E-06	-1.28E-05
109	4	0	0	0	0	0	0	232	254	0	-2.20E-05	4.52E-06	-7.72E-06	-1.26E-05
109	5	0	0	0	0	0	0	232	254	0	-2.20E-05	4.52E-06	-7.72E-06	-1.26E-05
109	6	0	0	0	0	0	0	232	254	0	-2.23E-05	4.87E-06	-9.06E-06	-1.11E-05
109	7	0	0	0	0	0	0	232	254	0	-2.23E-05	4.87E-06	-9.06E-06	-1.11E-05
109	8	0	0	0	0	0	0	232	254	0	-2.23E-05	4.70E-06	-9.56E-06	-1.29E-05
109	9	0	0	0	0	0	0	232	254	0	-2.23E-05	4.70E-06	-9.56E-06	-1.29E-05
109	10	0	0	0	0	0	0	232	254	0	-2.30E-05	4.20E-06	-9.73E-06	-1.43E-05
109	11	0	0	0	0	0	0	232	254	0	-2.30E-05	4.20E-06	-9.23E-06	-1.49E-05
109	12	0	0	0	0	0	0	232	254	0	-2.30E-05	4.20E-06	-9.23E-06	-1.49E-05
109	13	0	0	0	0	0	0	232	254	0	-2.30E-05	4.20E-06	-9.57E-06	-1.36E-05
109	14	0	0	0	0	0	0	232	254	0	-2.30E-05	4.20E-06	-9.57E-06	-1.36E-05
109	15	0	0	0	0	0	0	232	254	0	-2.32E-05	3.86E-06	-8.73E-06	-1.16E-05
109	16	0	0	0	0	0	0	232	254	0	-2.32E-05	3.86E-06	-8.73E-06	-1.16E-05
109	17	0	0	0	0	0	0	232	254	0	-2.27E-05	4.70E-06	-9.56E-06	-1.36E-05
109	18	0	0	0	0	0	0	232	254	0	-2.27E-05	4.70E-06	-9.56E-06	-1.36E-05
109	19	0	0	0	0	0	0	232	254	0	-2.35E-05	3.86E-06	-9.57E-06	-1.11E-05
110	0	0	0	0	0	0	0	232	254	0	-2.37E-05	2.52E-06	-9.23E-06	-9.74E-06
110	1	0	0	0	0	0	0	232	254	0	-2.37E-05	2.52E-06	-9.23E-06	-9.74E-06
110	2	0	0	0	0	0	0	232	254	0	-2.07E-05	3.52E-06	-9.57E-06	-9.23E-06
110	3	0	0	0	0	0	0	232	254	0	-2.07E-05	3.52E-06	-9.57E-06	-9.23E-06
110	4	0	0	0	0	0	0	232	254	0	-2.18E-05	3.69E-06	-9.57E-06	-1.04E-05
110	5	0	0	0	0	0	0	232	254	0	-2.18E-05	3.69E-06	-9.57E-06	-1.04E-05
110	6	0	0	0	0	0	0	232	254	0	-2.18E-05	3.53E-06	-9.07E-06	-1.22E-05
110	7	0	0	0	0	0	0	232	254	0	-2.18E-05	3.53E-06	-9.07E-06	-1.22E-05
110	8	0	0	0	0	0	0	232	254	0	-2.03E-05	3.86E-06	-8.23E-06	-1.19E-05
110	9	0	0	0	0	0	0	232	254	0	-1.93E-05	5.03E-06	-8.22E-06	-1.16E-05
110	10	0	0	0	0	0	0	232	254	0	-1.93E-05	5.03E-06	-8.22E-06	-1.16E-05
110	11	0	0	0	0	0	0	232	254	0	-1.96E-05	5.87E-06	-8.56E-06	-1.19E-05
110	12	0	0	0	0	0	0	232	254	0	-1.96E-05	5.87E-06	-8.56E-06	-1.19E-05
110	13	0	0	0	0	0	0	232	254	0	-1.91E-05	6.54E-06	-8.56E-06	-1.23E-05
110	14	0	0	0	0	0	0	232	254	0	-1.91E-05	6.54E-06	-8.56E-06	-1.23E-05
110	15	0	0	0	0	0	0	232	254	0	-2.00E-05	6.55E-06	-8.56E-06	-1.23E-05
110	16	0	0	0	0	0	0	232	254	0	-2.00E-05	6.55E-06	-8.56E-06	-1.23E-05
110	17	0	0	0	0	0	0	232	254	0	-2.03E-05	5.88E-06	-8.89E-06	-1.19E-05
110	18	0	0	0	0	0	0	232	254	0	-1.91E-05	5.87E-06	-9.56E-06	-9.91E-06
110	19	0	0	0	0	0	0	232	254	0	-1.91E-05	5.87E-06	-9.56E-06	-9.91E-06
111	0	0	0	0	0	0	0	232	254	0	-2.00E-05	5.87E-06	-1.01E-05	-1.04E-05
111	1	0	0	0	0	0	0	232	254	0	-2.00E-05	5.87E-06	-1.01E-05	-1.04E-05
111	2	0	0	0	0	0	0	232	254	0	-1.96E-05	5.87E-06	-8.57E-06	-1.24E-05
111	3	0	0	0	0	0	0	232	254	0	-1.96E-05	5.87E-06	-8.57E-06	-1.24E-05
111	4	0	0	0	0	0	0	232	254	0	-1.83E-05	3.54E-06	-8.39E-06	-1.29E-05
111	5	0	0	0	0	0	0	232	254	0	-1.83E-05	3.54E-06	-8.39E-06	-1.29E-05
111	6	0	0	0	0	0	0	232	254	0	-1.80E-05	4.03E-06	-9.23E-06	-1.29E-05
111	7	0	0	0	0	0	0	232	254	0	-1.80E-05	5.20E-06	-8.40E-06	-1.43E-05
111	8	0	0	0	0	0	0	232	254	0	-1.80E-05	5.20E-06	-8.40E-06	-1.43E-05
111	9	0	0	0	0	0	0	232	254	0	-1.93E-05	4.87E-06	-8.56E-06	-1.38E-05
111	10	0	0	0	0	0	0	232	254	0	-1.93E-05	4.87E-06	-8.56E-06	-1.38E-05
111	11	0	0	0	0	0	0	232	254	0	-1.93E-05	4.53E-06	-1.02E-05	-1.38E-05
111	12	0	0	0	0	0	0	232	254	0	-1.93E-05	4.53E-06	-1.02E-05	-1.38E-05
111	13	0	0	0	0	0	0	232	254	0	-2.03E-05	5.20E-06	-9.57E-06	-1.31E-05
111	14	0	0	0	0	0	0	232	254	0	-2.03E-05	5.20E-06	-9.57E-06	-1.31E-05
111	15	0	0	0	0	0	0	232	254	0	-2.16E-05	4.70E-06	-8.23E-06	-1.23E-05
111	16	0	0	0	0	0	0	232	254	0	-2.13E-05	4.87E-06	-8.89E-06	-1.33E-05
111	17	0	0	0	0	0	0	232	254	0	-2.13E-05	4.87E-06	-8.89E-06	-1.33E-05
111	18	0	0	0	0	0	0	232	254	0	-2.03E-05	6.04E-06	-8.90E-06	-1.51E-05
111	19	0	0	0	0	0	0	232	254	0	-2.03E-05	6.04E-06	-8.90E-06	-1.51E-05
112	0	0	0	0	0	0	0	232	254	0	-2.06E-05	6.21E-06	-8.56E-06	-1.33E-05
112	1	0	0	0	0	0	0	232	254	0	-2.06E-05	6.21E-06	-8.56E-06	-1.33E-05
112	2	0	0	0	0	0	0	232	254	0	-2.25E-05	6.54E-06	-8.89E-06	-1.36E-05
112	3	0	0	0	0	0	0	232	254	0	-2.25E-05	6.54E-06	-8.89E-06	-1.36E-05
112	4	0	0	0	0	0	0	232	254	0	-2.30E-05	4.88E-06	-8.73E-06	-1.31E-05
112	5	0	0	0	0	0	0	232	254	0	-2.17E-05	3.53E-06	-8.23E-06	-1.29E-05
112	6	0	0	0	0	0	0	232	254	0	-2.17E-05	3.53E-06	-8.23E-06	-1.29E-05
112	7	0	0	0	0	0	0	232	254	0	-2.18E-05	4.19E-06	-8.22E-06	-1.19E-05
112	8	0	0	0	0	0	0	232	254	0	-2.18E-05	4.19E-06	-8.22E-06	-1.19E-05
112	9	0	0	0	0	0	0	232	254	0	-2.17E-05	4.86E-06	-9.06E-06	-1.19E-05
112	10	0	0	0	0	0	0	232	254	0	-2.17E-05	4.86E-06	-9.06E-06	-1.19E-05
112	11	0	0	0	0	0	0	232	254	0	-2.17E-05	4.87E-06	-8.90E-06	-1.38E-05
112	12	0	0	0	0	0	0	232	254	0	-2.17E-05	4.87E-06	-8.90E-06	-1.38E-05
112	13	0	0	0	0	0	0	232	254	0	-2.17E-05	4.53E-06	-8.56E-06	-1.49E-05
112	14	0	0	0	0	0	0	232	254	0	-2.30E-05	5.03E-06	-8.89E-06	-1.43E-05
112	15	0	0	0	0	0	0	232	254	0	-2.30E-05	5.03E-06	-8.89E-06	-1.43E-05
112	16	0	0	0	0	0	0	232	254	0	-2.27E-05	6.20E-06	-8.39E-06	-1.36E-05
112	17	0	0	0	0	0	0	232	254	0	-2.27E-05	6.20E-06	-8.39E-06	-1.36E-05
112	18	0	0	0	0	0	0	232	254	0	-2.25E-05	3.20E-06	-8.23E-06	-1.24E-05
112	19	0	0	0	0	0	0	232	254	0	-2.25E-05	3.20E-06	-8.23E-06	-1.24E-05
113	0	0	0	0	0	0	0	232	254	0	-2.23E-05	2.86E-06	-8.39E-06	-1.29E-05
113	1	0	0	0	0	0	0	232	254	0	-2.23E-05	2.86E-06	-8.39E-06	-1.29E-05
113	2	0	0	0	0	0	0	232	254	0	-2.22E-05	3.86E-06	-9.90E-06	-1.38E-05
113	3	0	0	0	0	0	0	232	254	0	-2.18E-05	3.86E-06	-9.90E-06	-1.31E-05
113	4	0	0	0	0	0	0	232	254	0	-2.18E-05	3.86E-06	-9.90E-06	-1.31E-05
113	5	0	0	0	0	0	0	232	254	0	-2.10E-05	4.19E-06	-8.90E-06	-1.24E-05
113	6	0	0	0	0	0	0	232	254	0	-2.10E-05	4.19E-06	-8.90E-06	-1.24E-05
113	7	0	0	0	0	0	0	232	254	0	-2.16E-05	3.70E-06	-8.40E-06	-1.16E-05
113	8	0	0	0	0	0	0	232	254	0	-2.16E-05	3.70E-06	-8.40E-06	-1.16E-05
113	9	0	0	0	0	0	0	232	254	0	-2.07E-05	3.19E-06	-8.89E-06	-1.02E-05
113	10	0	0	0	0	0	0	232	254	0	-2.07E-05	3.19E-06	-8.89E-06	-1.02E-05
113	11	0	0	0	0	0	0	232	254	0	-2.00E-05	4.19E-06	-8.90E-06	-1.17E-05
113	12	0	0	0	0	0	0	232	254	0	-2.03E-05	4.53E-06	-8.23E-06	-1.19E-05
113	13	0	0	0	0	0	0	232	254	0	-2.03E-05	4.53E-06	-8.23E-06	-1.19E-05
113	14	0	0	0	0	0	0	232	254	0	-2.11E-05	4.87E-06	-9.56E-06	-1.12E-05
113	15	0	0	0	0	0	0	232	254	0	-2.11E-05	4.87E-06	-9.56E-06	-1.12E-05
113	16	0	0	0	0	0	0	232	254	0	-2.20E-05	4.87E-06	-1.04E-05	-1.22E-05
113	17	0	0	0	0	0	0	232	254	0	-2.20E-05	4.87E-06	-1.04E-05	-1.22E-05
113	18	0	0	0	0	0	0	232	254	0	-2.30E-05	3.87E-06	-1.02E-05	-1.26E-05
113	19	0	0	0	0	0	0	232	254	0	-2.30E-05	3.87E-06	-1.02E-05	-1.26E-05
114	0	0	0	0	0	0	0	232	254	0	-2.20E-05	5.20E-06	-1.04E-05	-1.16E-05
114	1	0	0	0	0	0	0	232	254	0	-2.13E-05	4.54E-06	-8.90E-06	-1.21E-05
114	2	0	0	0	0	0	0	232	254	0	-2.13E-05	4.54E-06	-8.90E-06	-1.21E-05
114	3	0	0	0	0	0	0	232	254	0	-2.00E-05	5.20E-06	-8.39E-06	-1.19E-05
114	4	0	0	0	0	0	0	232	254	0	-2.00E-05	5.20E-06	-8.39E-06	-1.19E-05
114	5	0	0	0	0	0	0	232	254	0	-2.03E-05	5.04E-06	-9.23E-06	-1.28E-05
114	6	0	0	0	0	0	0	232	254	0	-2.03E-05	5.04E-06	-9.23E-06	-1.28E-05
114	7	0	0	0	0	0	0	232	254	0	-1.85E-05	5.20E-06	-8.23E-06	-1.34E-05
114	8	0	0	0	0	0	0	232	254	0	-1.85E-05	5.20E-06	-8.23E-06	-1.34E-05
114	9	0	0	0	0	0	0	232	254	0	-1.80E-05	5.20E-06	-8.22E-06	-1.33E-05
114	10	0	0	0	0	0	0	232	254	0	-1.86E-05	6.54E-06	-8.89E-06	-1.33E-05
114	11	0	0	0	0	0	0	232	254	0	-1.86E-05	6.54E-06	-8.89E-06	-1.33E-05
114	12	0	0	0	0	0	0	232	254	0	-1.80E-05	5.21E-06	-8.90E-06	-1.36E-05
114	13	0	0	0	0	0	0	232	254	0	-1.80E-05	5.21E-06	-8.90E-06	-1.36E-05
114	14	0	0	0	0	0	0	232	254	0	-1.91E-05	3.53E-06	-8.90E-06	-1.29E-05
114	15	0	0	0	0	0	0	232	254	0	-1.91E-05	3.53E-06	-8.90E-06	-1.29E-05
114	16	0	0	0	0	0	0	232	254	0	-1.90E-05	4.53E-06	-9.23E-06	-1.29E-05
114	17	0	0	0	0	0	0	232	254	0	-1.90E-05	4.53E-06	-9.23E-06	-1.29E-05
114	18	0	0	0	0	0	0	232	254	0	-1.96E-05	3.20E-06	-9.23E-06	-1.26E-05
114	19	0	0	0	0	0	0	232	254	0	-2.15E-05	3.52E-06	-9.23E-06	-1.49E-05
115	0	0	0	0	0	0	0	232	254	0	-2.15E-05	3.52E-06	-9.23E-06	-1.49E-05
115	1	0	0	0	0	0	0	232	254	0	-2.48E-05	4.36E-06	-9.23E-06	-1.63E-05
115	2	0	0	0	0	0	0	232	254	0	-2.48E-05	4.36E-06	-9.23E-06	-1.63E-05
115	3	0	0	0	0	0	0	232	254	0	-2.57E-05	3.70E-06	-8.56E-06	-1.49E-05
115	4	0	0	0	0	0	0	232	254	0	-2.57E-05	3.70E-06	-8.56E-06	-1.49E-05
115	5	0	0	0	0	0	0	232	254	0	-2.60E-05	3.86E-06	-7.73E-06	-1.39E-05
115	6	0	0	0	0	0	0	232	254	0	-2.60E-05	3.86E-06	-7.73E-06	-1.39E-05
115	7	0	0	0	0	0	0	232	254	0	-2.52E-05	4.53E-06	-8.89E-06	-1.16E-05
115	8	0	0	0	0	0	0	232	254	0	-2.37E-05	4.53E-06	-8.90E-06	-1.17E-05
115	9	0	0	0	0	0	0	232	254	0	-2.37E-05	4.53E-06	-8.90E-06	-1.17E-05
115	10	0	0	0	0	0	0	232	254	0	-2.20E-05	5.70E-06	-8.23E-06	-1.19E-05
115	11	0	0	0	0	0	0	232	254	0	-2.20E-05	5.70E-06	-8.23E-06	-1.19E-05
115	12	0	0	0	0	0	0	232	254	0	-2.22E-05	7.04E-06	-1.02E-05	-1.11E-05
115	13	0	0	0	0	0	0	232	254	0	-2.22E-05	7.04E-06	-1.02E-05	-1.11E-05
115	14	0	0	0	0	0	0	232	254	0	-2.17E-05	5.55E-06	-9.57E-06	-1.09E-05
115	15	0	0	0	0	0	0	232	254	0	-2.17E-05	5.55E-06	-9.57E-06	-1.09E-05
115	16	0	0	0	0	0	0	232	254	0	-2.03E-05	2.87E-06	-9.57E-06	-1.32E-05
115	17	0	0	0	0	0	0	232	254	0	-2.10E-05	3.86E-06	-1.02E-05	-1.39E-05
115	18	0	0	0	0	0	0	232	254	0	-2.10E-05	3.86E-06	-1.02E-05	-1.39E-05
115	19	0	0	0	0	0	0	232	254	0	-2.13E-05	5.20E-06	-1.06E-05	-1.48E-05
116	0	0	0	0	0	0	0	232	254	0	-2.13E-05	5.20E-06	-1.06E-05	-1.48E-05
116	1	0	0	0	0	0	0	232	254	0	-2.18E-05	4.54E-06	-9.57E-06	-1.26E-05
116	2	0	0	0	0	0	0	232	254	0	-2.18E-05	4.54E-06	-9.57E-06	-1.26E-05
116	3	0	0	0	0	0	0	232	254	0	-2.02E-05	3.86E-06	-1.06E-05	-6.91E-06
116	4	0	0	0	0	0	0	232	254	0	-2.02E-05	3.86E-06	-1.06E-05	-6.91E-06
116	5	0	0	0	0	0	0	232	254	0	-2.00E-05	3.19E-06	-1.12E-05	-5.21E-06
116	6	0	0	0	0	0	0	232	254	0	-2.08E-05	5.19E-06	-1.11E-05	-8.88E-06
116	7	0	0	0	0	0	0	232	254	0	-2.08E-05	5.19E-06	-1.11E-05	-8.88E-06
116	8	0	0	0	0	0	0	232	254	0	-2.13E-05	6.37E-06	-1.06E-05	-1.16E-05
116	9	0	0	0	0	0	0	232	254	0	-2.13E-05	6.37E-06	-1.06E-05	-1.16E-05
116	10	0	0	0	0	0	0	232	254	0	-2.06E-05	4.54E-06	-7.90E-06	-2.13E-05
116	11	0	0	0	0	0	0	232	254	0	-2.06E-05	4.54E-06	-7.90E-06	-2.13E-05
116	12	0	0	0	0	0	0	232	254	0	-2.16E-05	5.53E-06	-6.89E-06	-2.63E-05
116	13	0	0	0	0	0	0	232	254	0	-2.16E-05	5.53E-06	-6.89E-06	-2.63E-05
116	14	0	0	0	0	0	0	232	254	0	-2.23E-05	6.37E-06	-5.55E-06	-1.98E-05
116	15	0	0	0	0	0	0	232	254	0	-2.37E-05	6.04E-06	-6.88E-06	-1.25E-05
116	16	0	0	0	0	0	0	232	254	0	-2.37E-05	6.04E-06	-6.88E-06	-1.25E-05
116	17	0	0	0	0	0	0	232	254	0	-2.20E-05	5.88E-06	-8.22E-06	-9.58E-06
116	18	0	0	0	0	0	0	232	254	0	-2.20E-05	5.88E-06	-8.22E-06	-9.58E-06
116	19	0	0	0	0	0	0	232	254	0	-2.20E-05	5.87E-06	-8.89E-06	-1.09E-05
117	0	0	0	0	0	0	0	232	254	0	-2.20E-05	5.87E-06	-8.89E-06	-1.09E-05
117	1	0	0	0	0	0	0	232	254	0	-2.23E-05	6.38E-06	-8.90E-06	-1.26E-05
117	2	0	0	0	0	0	0	232	254	0	-2.23E-05	6.38E-06	-8.90E-06	-1.26E-05
117	3	0	0	0	0	0	0	232	254	0	-2.23E-05	7.21E-06	-9.56E-06	-1.23E-05
117	4	0	0	0	0	0	0	232	254	0	-2.30E-05	6.88E-06	-9.23E-06	-1.07E-05
117	5	0	0	0	0	0	0	232	254	0	-2.30E-05	6.88E-06	-9.23E-06	-1.07E-05
117	6	0	0	0	0	0	0	232	254	0	-2.15E-05	6.21E-06	-8.90E-06	-1.07E-05
117	7	0	0	0	0	0	0	232	254	0	-2.15E-05	6.21E-06	-8.90E-06	-1.07E-05
117	8	0	0	0	0	0	0	232	254	0	-2.06E-05	6.54E-06	-1.02E-05	-1.19E-05
117	9	0	0	0	0	0	0	232	254	0	-2.06E-05	6.54E-06	-1.02E-05	-1.19E-05
117	10	0	0	0	0	0	0	232	254	0	-2.33E-05	5.04E-06	-8.90E-06	-1.36E-05
117	11	0	0	0	0	0	0	232	254	0	-2.33E-05	5.04E-06	-8.90E-06	-1.36E-05
117	12	0	0	0	0	0	0	232	254	0	-2.13E-05	3.53E-06	-9.40E-06	-1.29E-05
117	13	0	0	0	0	0	0	232	254	0	-2.13E-05	5.20E-06	-1.14E-05	-1.09E-05
117	14	0	0	0	0	0	0	232	254	0	-2.13E-05	5.20E-06	-1.14E-05	-1.09E-05
117	15	0	0	0	0	0	0	232	254	0	-2.20E-05	4.37E-06	-1.04E-05	-9.91E-06
117	16	0	0	0	0	0	0	232	254	0	-2.20E-05	4.37E-06	-1.04E-05	-9.91E-06
117	17	0	0	0	0	0	0	232	254	0	-2.15E-05	4.20E-06	-9.40E-06	-8.40E-06
117	18	0	0	0	0	0	0	232	254	0	-2.15E-05	4.20E-06	-9.40E-06	-8.40E-06
117	19	0	0	0	0	0	0	232	254	0	-2.20E-05	5.53E-06	-9.07E-06	-8.23E-06
118	0	0	0	0	0	0	0	232	254	0	-2.20E-05	5.53E-06	-9.07E-06	-8.23E-06
118	1	0	0	0	0	0	0	232	254	0	-2.18E-05	3.70E-06	-9.23E-06	-1.19E-05
118	2	0	0	0	0	0	0	232	254	0	-2.17E-05	3.19E-06	-8.06E-06	-1.26E-05
118	3	0	0	0	0	0	0	232	254	0	-2.17E-05	3.19E-06	-8.06E-06	-1.26E-05
118	4	0	0	0	0	0	0	232	254	0	-2.08E-05	4.53E-06	-7.22E-06	-1.13E-05
118	5	0	0	0	0	0	0	232	254	0	-2.08E-05	4.53E-06	-7.22E-06	-1.13E-05
118	6	0	0	0	0	0	0	232	254	0	-2.10E-05	4.53E-06	-8.22E-06	-1.41E-05
118	7	0	0	0	0	0	0	232	254	0	-2.10E-05	4.53E-06	-8.22E-06	-1.41E-05
118	8	0	0	0	0	0	0	232	254	0	-2.30E-05	4.20E-06	-8.89E-06	-1.46E-05
118	9	0	0	0	0	0	0	232	254	0	-2.30E-05	4.20E-06	-8.89E-06	-1.46E-05
118	10	0	0	0	0	0	0	232	254	0	-2.40E-05	3.53E-06	-8.90E-06	-1.41E-05
118	11	0	0	0	0	0	0	232	254	0	-2.30E-05	4.53E-06	-8.23E-06	-1.33E-05
118	12	0	0	0	0	0	0	232	254	0	-2.30E-05	4.53E-06	-8.23E-06	-1.33E-05
118	13	0	0	0	0	0	0	232	254	0	-2.20E-05	4.87E-06	-9.06E-06	-1.29E-05
118	14	0	0	0	0	0	0	232	254	0	-2.20E-05	4.87E-06	-9.06E-06	-1.29E-05
118	15	0	0	0	0	0	0	232	254	0	-2.05E-05	3.20E-06	-1.02E-05	-1.29E-05
118	16	0	0	0	0	0	0	232	254	0	-2.05E-05	3.20E-06	-1.02E-05	-1.29E-05
118	17	0	0	0	0	0	0	232	254	0	-2.03E-05	3.52E-06	-1.02E-05	-1.23E-05
118	18	0	0	0	0	0	0	232	254	0	-2.03E-05	3.52E-06	-1.02E-05	-1.23E-05
118	19	0	0	0	0	0	0	232	254	0	-2.16E-05	5.20E-06	-9.57E-06	-1.23E-05
119	0	0	0	0	0	0	0	232	254	0	-2.17E-05	5.87E-06	-9.57E-06	-1.26E-05
119	1	0	0	0	0	0	0	232	254	0	-2.17E-05	5.87E-06	-9.57E-06	-1.26E-05
119	2	0	0	0	0	0	0	232	254	0	-2.25E-05	4.71E-06	-9.57E-06	-1.33E-05
119	3	0	0	0	0	0	0	232	254	0	-2.25E-05	4.71E-06	-9.57E-06	-1.33E-05
119	4	0	0	0	0	0	0	232	254	0	-2.40E-05	4.37E-06	-1.02E-05	-1.48E-05
119	5	0	0	0	0	0	0	232	254	0	-2.40E-05	4.37E-06	-1.02E-05	-1.48E-05
119	6	0	0	0	0	0	0	232	254	0	-2.47E-05	5.20E-06	-8.40E-06	-1.33E-05
119	7	0	0	0	0	0	0	232	254	0	-2.47E-05	5.20E-06	-8.40E-06	-1.33E-05
119	8	0	0	0	0	0	0	232	254	0	-2.15E-05	6.37E-06	-8.39E-06	-1.16E-05
119	9	0	0	0	0	0	0	232	254	0	-2.10E-05	4.37E-06	-9.39E-06	-1.29E-05
119	10	0	0	0	0	0	0	232	254	0	-2.10E-05	4.37E-06	-9.39E-06	-1.29E-05
119	11	0	0	0	0	0	0	232	254	0	-2.10E-05	4.53E-06	-9.57E-06	-1.29E-05
119	12	0	0	0	0	0	0	232	254	0	-2.10E-05	4.53E-06	-9.57E-06	-1.29E-05
119	13	0	0	0	0	0	0	232	254	0	-2.08E-05	4.53E-06	-9.73E-06	-1.09E-05
119	14	0	0	0	0	0	0	232	254	0	-2.08E-05	4.53E-06	-9.73E-06	-1.09E-05
119	15	0	0	0	0	0	0	232	254	0	-2.10E-05	5.87E-06	-9.90E-06	-1.17E-05
119	16	0	0	0	0	0	0	232	254	0	-2.10E-05	5.87E-06	-9.90E-06	-1.17E-05
119	17	0	0	0	0	0	0	232	254	0	-2.11E-05	5.87E-06	-9.23E-06	-1.19E-05
119	18	0	0	0	0	0	0	232	254	0	-2.00E-05	4.87E-06	-9.57E-06	-1.01E-05
119	19	0	0	0	0	0	0	232	254	0	-2.00E-05	4.87E-06	-9.57E-06	-1.01E-05
120	0	0	0	0	0	0	0	232	254	0	-1.86E-05	4.87E-06	-8.90E-06	-1.17E-05
120	1	0	0	0	0	0	0	232	254	0	-1.86E-05	4.87E-06	-8.90E-06	-1.17E-05
120	2	0	0	0	0	0	0	232	254	0	-1.80E-05	4.87E-06	-7.89E-06	-1.23E-05
120	3	0	0	0	0	0	0	232	254	0	-1.80E-05	4.87E-06	-7.89E-06	-1.23E-05
120	4	0	0	0	0	0	0	232	254	0	-1.91E-05	3.20E-06	-8.56E-06	-1.19E-05
120	5	0	0	0	0	0	0	232	254	0	-1.91E-05	3.20E-06	-8.56E-06	-1.19E-05
120	6	0	0	0	0	0	0	232	254	0	-2.00E-05	2.86E-06	-9.23E-06	-1.23E-05
120	7	0	0	0	0	0	0	232	254	0	-2.16E-05	3.19E-06	-8.56E-06	-1.26E-05
120	8	0	0	0	0	0	0	232	254	0	-2.16E-05	3.19E-06	-8.56E-06	-1.26E-05
120	9	0	0	0	0	0	0	232	254	0	-2.15E-05	2.52E-06	-8.23E-06	-1.29E-05
120	10	0	0	0	0	0	0	232	254	0	-2.15E-05	2.52E-06	-8.23E-06	-1.29E-05
120	11	0	0	0	0	0	0	232	254	0	-2.13E-05	3.52E-06	-7.56E-06	-1.33E-05
120	12	0	0	0	0	0	0	232	254	0	-2.13E-05	3.52E-06	-7.56E-06	-1.33E-05
120	13	0	0	0	0	0	0	232	254	0	-1.96E-05	4.53E-06	-7.89E-06	-1.41E-05
120	14	0	0	0	0	0	0	232	254	0	-1.96E-05	4.53E-06	-7.89E-06	-1.41E-05
120	15	0	0	0	0	0	0	232	254	0	-2.00E-05	4.87E-06	-8.89E-06	-1.18E-05
120	16	0	0	0	0	0	0	232	254	0	-2.11E-05	4.20E-06	-8.90E-06	-1.06E-05
120	17	0	0	0	0	0	0	232	254	0	-2.11E-05	4.20E-06	-8.90E-06	-1.06E-05
120	18	0	0	0	0	0	0	232	254	0	-2.03E-05	4.36E-06	-9.56E-06	-1.12E-05
120	19	0	0	0	0	0	0	232	254	0	-2.03E-05	4.36E-06	-9.56E-06	-1.12E-05
121	0	0	0	0	0	0	0	232	254	0	-2.00E-05	4.36E-06	-9.90E-06	-1.09E-05
121	1	0	0	0	0	0	0	232	254	0	-2.00E-05	4.36E-06	-9.90E-06	-1.09E-05
121	2	0	0	0	0	0	0	232	254	0	-1.86E-05	5.20E-06	-9.90E-06	-1.19E-05
121	3	0	0	0	0	0	0	232	254	0	-1.86E-05	5.20E-06	-9.90E-06	-1.19E-05
121	4	0	0	0	0	0	0	232	254	0	-1.98E-05	5.20E-06	-8.90E-06	-1.28E-05
121	5	0	0	0	0	0	0	232	254	0	-2.10E-05	4.87E-06	-9.56E-06	-1.24E-05
121	6	0	0	0	0	0	0	232	254	0	-2.10E-05	4.87E-06	-9.56E-06	-1.24E-05
121	7	0	0	0	0	0	0	232	254	0	-1.96E-05	5.70E-06	-8.90E-06	-1.36E-05
121	8	0	0	0	0	0	0	232	254	0	-1.96E-05	5.70E-06	-8.90E-06	-1.36E-05
121	9	0	0	0	0	0	0	232	254	0	-2.00E-05	6.21E-06	-9.90E-06	-1.26E-05
121	10	0	0	0	0	0	0	232	254	0	-2.00E-05	6.21E-06	-9.90E-06	-1.26E-05
121	11	0	0	0	0	0	0	232	254	0	-1.93E-05	4.87E-06	-9.57E-06	-1.33E-05
121	12	0	0	0	0	0	0	232	254	0	-1.93E-05	4.87E-06	-9.57E-06	-1.33E-05
121	13	0	0	0	0	0	0	232	254	0	-1.80E-05	5.20E-06	-8.90E-06	-1.36E-05
121	14	0	0	0	0	0	0	232	254	0	-1.78E-05	5.54E-06	-1.02E-05	-1.29E-05
121	15	0	0	0	0	0	0	232	254	0	-1.78E-05	5.54E-06	-1.02E-05	-1.29E-05
121	16	0	0	0	0	0	0	232	254	0	-1.90E-05	4.54E-06	-9.57E-06	-1.24E-05
121	17	0	0	0	0	0	0	232	254	0	-1.90E-05	4.54E-06	-9.57E-06	-1.24E-05
121	18	0	0	0	0	0	0	232	254	0	-1.90E-05	3.70E-06	-9.23E-06	-1.13E-05
121	19	0	0	0	0	0	0	232	254	0	-1.90E-05	3.70E-06	-9.23E-06	-1.13E-05
122	0	0	0	0	0	0	0	232	254	0	-2.06E-05	3.69E-06	-9.73E-06	-1.19E-05
122	1	0	0	0	0	0	0	232	254	0	-2.06E-05	3.69E-06	-9.73E-06	-1.19E-05
122	2	0	0	0	0	0	0	232	254	0	-2.33E-05	4.36E-06	-1.04E-05	-1.29E-05
122	3	0	0	0	0	0	0	232	254	0	-2.32E-05	4.20E-06	-1.02E-05	-1.16E-05
122	4	0	0	0	0	0	0	232	254	0	-2.32E-05	4.20E-06	-1.02E-05	-1.16E-05
122	5	0	0	0	0	0	0	232	254	0	-2.23E-05	4.53E-06	-8.40E-06	-1.19E-05
122	6	0	0	0	0	0	0	232	254	0	-2.23E-05	4.53E-06	-8.40E-06	-1.19E-05
122	7	0	0	0	0	0	0	232	254	0	-2.23E-05	6.37E-06	-8.56E-06	-1.24E-05
122	8	0	0	0	0	0	0	232	254	0	-2.23E-05	6.37E-06	-8.56E-06	-1.24E-05
122	9	0	0	0	0	0	0	232	254	0	-2.17E-05	7.21E-06	-9.23E-06	-1.16E-05
122	10	0	0	0	0	0	0	232	254	0	-2.17E-05	7.21E-06	-9.23E-06	-1.16E-05
122	11	0	0	0	0	0	0	232	254	0	-2.17E-05	7.72E-06	-9.23E-06	-1.12E-05
122	12	0	0	0	0	0	0	232	254	0	-2.17E-05	7.89E-06	-8.56E-06	-1.12E-05
122	13	0	0	0	0	0	0	232	254	0	-2.17E-05	7.89E-06	-8.56E-06	-1.12E-05
122	14	0	0	0	0	0	0	232	254	0	-2.23E-05	7.22E-06	-9.56E-06	-1.09E-05
122	15	0	0	0	0	0	0	232	254	0	-2.23E-05	7.22E-06	-9.56E-06	-1.09E-05
122	16	0	0	0	0	0	0	232	254	0	-2.32E-05	5.21E-06	-9.90E-06	-1.12E-05
122	17	0	0	0	0	0	0	232	254	0	-2.32E-05	5.21E-06	-9.90E-06	-1.12E-05
122	18	0	0	0	0	0	0	232	254	0	-2.20E-05	5.87E-06	-8.90E-06	-1.19E-05
122	19	0	0	0	0	0	0	232	254	0	-2.20E-05	5.87E-06	-8.90E-06	-1.19E-05
123	0	0	0	0	0	0	0	232	254	0	-2.12E-05	5.87E-06	-8.73E-06	-1.23E-05
123	1	0	0	0	0	0	0	232	254	0	-2.08E-05	4.20E-06	-9.23E-06	-1.31E-05
123	2	0	0	0	0	0	0	232	254	0	-2.08E-05	4.20E-06	-9.23E-06	-1.31E-05
123	3	0	0	0	0	0	0	232	254	0	-2.00E-05	5.87E-06	-9.57E-06	-1.24E-05
123	4	0	0	0	0	0	0	232	254	0	-2.00E-05	5.87E-06	-9.57E-06	-1.24E-05
123	5	0	0	0	0	0	0	232	254	0	-2.03E-05	5.87E-06	-7.90E-06	-1.29E-05
123	6	0	0	0	0	0	0	232	254	0	-2.03E-05	5.87E-06	-7.90E-06	-1.29E-05
123	7	0	0	0	0	0	0	232	254	0	-1.90E-05	5.21E-06	-8.22E-06	-1.29E-05
123	8	0	0	0	0	0	0	232	254	0	-1.90E-05	5.21E-06	-8.22E-06	-1.29E-05
123	9	0	0	0	0	0	0	232	254	0	-2.00E-05	4.87E-06	-8.89E-06	-1.38E-05
123	10	0	0	0	0	0	0	232	254	0	-2.01E-05	5.20E-06	-8.90E-06	-1.39E-05
123	11	0	0	0	0	0	0	232	254	0	-2.01E-05	5.20E-06	-8.90E-06	-1.39E-05
123	12	0	0	0	0	0	0	232	254	0	-1.83E-05	4.87E-06	-8.23E-06	-1.39E-05
123	13	0	0	0	0	0	0	232	254	0	-1.83E-05	4.87E-06	-8.23E-06	-1.39E-05
123	14	0	0	0	0	0	0	232	254	0	-1.93E-05	5.87E-06	-7.89E-06	-1.36E-05
123	15	0	0	0	0	0	0	232	254	0	-1.93E-05	5.87E-06	-7.89E-06	-1.36E-05
123	16	0	0	0	0	0	0	232	254	0	-1.98E-05	5.87E-06	-8.22E-06	-1.29E-05
123	17	0	0	0	0	0	0	232	254	0	-1.98E-05	5.87E-06	-8.22E-06	-1.29E-05
123	18	0	0	0	0	0	0	232	254	0	-2.10E-05	4.87E-06	-9.06E-06	-1.33E-05
123	19	0	0	0	0	0	0	232	254	0	-2.08E-05	3.87E-06	-8.23E-06	-1.13E-05
124	0	0	0	0	0	0	0	232	254	0	-2.08E-05	3.87E-06	-8.23E-06	-1.13E-05
124	1	0	0	0	0	0	0	232	254	0	-1.96E-05	3.69E-06	-8.56E-06	-1.22E-05
124	2	0	0	0	0	0	0	232	254	0	-1.96E-05	3.69E-06	-8.56E-06	-1.22E-05
124	3	0	0	0	0	0	0	232	254	0	-1.96E-05	5.03E-06	-8.56E-06	-1.33E-05
124	4	0	0	0	0	0	0	232	254	0	-1.96E-05	5.03E-06	-8.56E-06	-1.33E-05
124	5	0	0	0	0	0	0	232	254	0	-2.03E-05	4.53E-06	-8.23E-06	-1.29E-05
124	6	0	0	0	0	0	0	232	254	0	-2.03E-05	4.53E-06	-8.23E-06	-1.29E-05
124	7	0	0	0	0	0	0	232	254	0	-2.06E-05	5.53E-06	-8.22E-06	-1.41E-05
124	8	0	0	0	0	0	0	232	254	0	-2.16E-05	4.54E-06	-8.22E-06	-1.43E-05
124	9	0	0	0	0	0	0	232	254	0	-2.16E-05	4.54E-06	-8.22E-06	-1.43E-05
124	10	0	0	0	0	0	0	232	254	0	-2.03E-05	3.20E-06	-9.23E-06	-1.59E-05
124	11	0	0	0	0	0	0	232	254	0	-2.03E-05	3.20E-06	-9.23E-06	-1.59E-05
124	12	0	0	0	0	0	0	232	254	0	-2.06E-05	3.86E-06	-9.90E-06	-1.71E-05
124	13	0	0	0	0	0	0	232	254	0	-2.06E-05	3.86E-06	-9.90E-06	-1.71E-05
124	14	0	0	0	0	0	0	232	254	0	-2.13E-05	3.36E-06	-9.57E-06	-1.34E-05
124	15	0	0	0	0	0	0	232	254	0	-2.13E-05	3.36E-06	-9.57E-06	-1.34E-05
124	16	0	0	0	0	0	0	232	254	0	-2.05E-05	3.86E-06	-9.90E-06	-1.06E-05
124	17	0	0	0	0	0	0	232	254	0	-2.03E-05	4.19E-06	-9.74E-06	-1.09E-05
124	18	0	0	0	0	0	0	232	254	0	-2.03E-05	4.19E-06	-9.74E-06	-1.09E-05
124	19	0	0	0	0	0	0	232	254	0	-1.98E-05	3.19E-06	-1.09E-05	-1.19E-05
125	0	0	0	0	0	0	0	232	254	0	-1.98E-05	3.19E-06	-1.09E-05	-1.19E-05
125	1	0	0	0	0	0	0	232	254	0	-2.06E-05	3.69E-06	-1.06E-05	-1.38E-05
125	2	0	0	0	0	0	0	232	254	0	-2.06E-05	3.69E-06	-1.06E-05	-1.38E-05
125	3	0	0	0	0	0	0	232	254	0	-2.15E-05	4.86E-06	-9.57E-06	-1.64E-05
125	4	0	0	0	0	0	0	232	254	0	-2.15E-05	4.86E-06	-9.57E-06	-1.64E-05
125	5	0	0	0	0	0	0	232	254	0	-2.13E-05	4.53E-06	-9.07E-06	-1.36E-05
125	6	0	0	0	0	0	0	232	254	0	-2.28E-05	5.53E-06	-7.73E-06	-9.59E-06
125	7	0	0	0	0	0	0	232	254	0	-2.28E-05	5.53E-06	-7.73E-06	-9.59E-06
125	8	0	0	0	0	0	0	232	254	0	-2.27E-05	6.21E-06	-9.22E-06	-8.90E-06
125	9	0	0	0	0	0	0	232	254	0	-2.27E-05	6.21E-06	-9.22E-06	-8.90E-06
125	10	0	0	0	0	0	0	232	254	0	-2.23E-05	5.54E-06	-1.09E-05	-8.56E-06
125	11	0	0	0	0	0	0	232	254	0	-2.23E-05	5.54E-06	-1.09E-05	-8.56E-06
125	12	0	0	0	0	0	0	232	254	0	-2.17E-05	4.37E-06	-1.04E-05	-8.23E-06
125	13	0	0	0	0	0	0	232	254	0	-2.17E-05	4.37E-06	-1.04E-05	-8.23E-06
125	14	0	0	0	0	0	0	232	254	0	-2.20E-05	5.03E-06	-1.02E-05	-9.90E-06
125	15	0	0	0	0	0	0	232	254	0	-2.20E-05	5.04E-06	-9.90E-06	-1.16E-05
125	16	0	0	0	0	0	0	232	254	0	-2.20E-05	5.04E-06	-9.90E-06	-1.16E-05
125	17	0	0	0	0	0	0	232	254	0	-2.27E-05	4.20E-06	-1.09E-05	-1.49E-05
125	18	0	0	0	0	0	0	232	254	0	-2.27E-05	4.20E-06	-1.09E-05	-1.49E-05
125	19	0	0	0	0	0	0	232	254	0	-2.37E-05	5.20E-06	-1.09E-05	-1.43E-05
126	0	0	0	0	0	0	0	232	254	0	-2.37E-05	5.20E-06	-1.09E-05	-1.43E-05
126	1	0	0	0	0	0	0	232	254	0	-2.50E-05	5.20E-06	-1.12E-05	-1.03E-05
126	2	0	0	0	0	0	0	232	254	0	-2.50E-05	5.20E-06	-1.12E-05	-1.03E-05
126	3	0	0	0	0	0	0	232	254	0	-2.47E-05	4.53E-06	-1.02E-05	-1.53E-05
126	4	0	0	0	0	0	0	232	254	0	-2.43E-05	3.86E-06	-7.57E-06	-1.64E-05
126	5	0	0	0	0	0	0	232	254	0	-2.43E-05	3.86E-06	-7.57E-06	-1.64E-05
126	6	0	0	0	0	0	0	232	254	0	-2.53E-05	4.19E-06	-7.22E-06	-1.24E-05
126	7	0	0	0	0	0	0	232	254	0	-2.53E-05	4.19E-06	-7.22E-06	-1.24E-05
126	8	0	0	0	0	0	0	232	254	0	-2.57E-05	4.36E-06	-8.39E-06	-1.29E-05
126	9	0	0	0	0	0	0	232	254	0	-2.57E-05	4.36E-06	-8.39E-06	-1.29E-05
126	10	0	0	0	0	0	0	232	254	0	-2.37E-05	5.70E-06	-8.23E-06	-1.59E-05
126	11	0	0	0	0	0	0	232	254	0	-2.37E-05	5.70E-06	-8.23E-06	-1.59E-05
126	12	0	0	0	0	0	0	232	254	0	-2.23E-05	6.54E-06	-8.22E-06	-1.03E-05
126	13	0	0	0	0	0	0	232	254	0	-2.03E-05	6.55E-06	-9.23E-06	-6.90E-06
126	14	0	0	0	0	0	0	232	254	0	-2.03E-05	6.55E-06	-9.23E-06	-6.90E-06
126	15	0	0	0	0	0	0	232	254	0	-2.18E-05	5.04E-06	-8.40E-06	-1.79E-05
126	16	0	0	0	0	0	0	232	254	0	-2.18E-05	5.04E-06	-8.40E-06	-1.79E-05
126	17	0	0	0	0	0	0	232	254	0	-2.30E-05	3.20E-06	-7.56E-06	-2.05E-05
126	18	0	0	0	0	0	0	232	254	0	-2.30E-05	3.20E-06	-7.56E-06	-2.05E-05
126	19	0	0	0	0	0	0	232	254	0	-2.38E-05	2.85E-06	-7.39E-06	-1.16E-05
127	0	0	0	0	0	0	0	232	254	0	-2.38E-05	2.85E-06	-7.39E-06	-1.16E-05
127	1	0	0	0	0	0	0	232	254	0	-2.30E-05	3.02E-06	-6.88E-06	-7.24E-06
127	2	0	0	0	0	0	0	232	254	0	-2.22E-05	4.36E-06	-8.89E-06	-6.21E-06
127	3	0	0	0	0	0	0	232	254	0	-2.22E-05	4.36E-06	-8.89E-06	-6.21E-06
127	4	0	0	0	0	0	0	232	254	0	-2.17E-05	4.20E-06	-8.39E-06	-5.54E-06
127	5	0	0	0	0	0	0	232	254	0	-2.17E-05	4.20E-06	-8.39E-06	-5.54E-06
127	6	0	0	0	0	0	0	232	254	0	-2.27E-05	3.53E-06	-7.56E-06	-7.88E-06
127	7	0	0	0	0	0	0	232	254	0	-2.27E-05	3.53E-06	-7.56E-06	-7.88E-06
127	8	0	0	0	0	0	0	232	254	0	-2.23E-05	3.19E-06	-8.89E-06	-1.37E-05
127	9	0	0	0	0	0	0	232	254	0	-2.23E-05	3.19E-06	-8.89E-06	-1.37E-05
127	10	0	0	0	0	0	0	232	254	0	-2.25E-05	3.52E-06	-7.89E-06	-1.63E-05
127	11	0	0	0	0	0	0	232	254	0	-2.10E-05	3.86E-06	-8.39E-06	-1.24E-05
127	12	0	0	0	0	0	0	232	254	0	-2.10E-05	3.86E-06	-8.39E-06	-1.24E-05
127	13	0	0	0	0	0	0	232	254	0	-2.16E-05	4.53E-06	-7.89E-06	-1.13E-05
127	14	0	0	0	0	0	0	232	254	0	-2.16E-05	4.53E-06	-7.89E-06	-1.13E-05
127	15	0	0	0	0	0	0	232	254	0	-2.20E-05	5.03E-06	-8.22E-06	-1.63E-05
127	16	0	0	0	0	0	0	232	254	0	-2.20E-05	5.03E-06	-8.22E-06	-1.63E-05
127	17	0	0	0	0	0	0	232	254	0	-2.12E-05	3.53E-06	-9.23E-06	-1.80E-05
127	18	0	0	0	0	0	0	232	254	0	-2.12E-05	3.53E-06	-9.23E-06	-1.80E-05
127	19	0	0	0	0	0	0	232	254	0	-2.10E-05	2.52E-06	-8.73E-06	-1.45E-05
128	0	0	0	0	0	0	0	232	254	0	-2.05E-05	3.69E-06	-9.73E-06	-1.24E-05
128	1	0	0	0	0	0	0	232	254	0	-2.05E-05	3.69E-06	-9.73E-06	-1.24E-05
128	2	0	0	0	0	0	0	232	254	0	-1.80E-05	5.20E-06	-1.04E-05	-1.19E-05
128	3	0	0	0	0	0	0	232	254	0	-1.80E-05	5.20E-06	-1.04E-05	-1.19E-05
128	4	0	0	0	0	0	0	232	254	0	-1.73E-05	3.87E-06	-9.40E-06	-1.24E-05
128	5	0	0	0	0	0	0	232	254	0	-1.73E-05	3.87E-06	-9.40E-06	-1.24E-05
128	6	0	0	0	0	0	0	232	254	0	-1.76E-05	3.19E-06	-9.07E-06	-1.16E-05
128	7	0	0	0	0	0	0	232	254	0	-1.76E-05	3.19E-06	-9.07E-06	-1.16E-05
128	8	0	0	0	0	0	0	232	254	0	-1.70E-05	3.69E-06	-9.23E-06	-1.19E-05
128	9	0	0	0	0	0	0	232	254	0	-1.76E-05	4.36E-06	-8.23E-06	-1.12E-05
128	10	0	0	0	0	0	0	232	254	0	-1.76E-05	4.36E-06	-8.23E-06	-1.12E-05
128	11	0	0	0	0	0	0	232	254	0	-1.81E-05	5.53E-06	-8.73E-06	-1.16E-05
128	12	0	0	0	0	0	0	232	254	0	-1.81E-05	5.53E-06	-8.73E-06	-1.16E-05
128	13	0	0	0	0	0	0	232	254	0	-1.78E-05	4.37E-06	-9.90E-06	-1.11E-05
128	14	0	0	0	0	0	0	232	254	0	-1.78E-05	4.37E-06	-9.90E-06	-1.11E-05
128	15	0	0	0	0	0	0	232	254	0	-1.96E-05	4.87E-06	-1.02E-05	-1.12E-05
128	16	0	0	0	0	0	0	232	254	0	-1.96E-05	4.87E-06	-1.02E-05	-1.12E-05
128	17	0	0	0	0	0	0	232	254	0	-1.96E-05	4.87E-06	-1.02E-05	-1.29E-05
128	18	0	0	0	0	0	0	232	254	0	-2.03E-05	5.37E-06	-9.57E-06	-1.16E-05
128	19	0	0	0	0	0	0	232	254	0	-2.03E-05	5.37E-06	-9.57E-06	-1.16E-05
129	0	0	0	0	0	0	0	232	254	0	-2.35E-05	6.37E-06	-8.56E-06	-1.29E-05
129	1	0	0	0	0	0	0	232	254	0	-2.35E-05	6.37E-06	-8.56E-06	-1.29E-05
129	2	0	0	0	0	0	0	232	254	0	-2.17E-05	6.21E-06	-8.56E-06	-1.29E-05
129	3	0	0	0	0	0	0	232	254	0	-2.17E-05	6.21E-06	-8.56E-06	-1.29E-05
129	4	0	0	0	0	0	0	232	254	0	-2.03E-05	6.71E-06	-8.56E-06	-1.28E-05
129	5	0	0	0	0	0	0	232	254	0	-2.03E-05	6.71E-06	-8.56E-06	-1.28E-05
129	6	0	0	0	0	0	0	232	254	0	-2.05E-05	6.88E-06	-8.89E-06	-1.24E-05
129	7	0	0	0	0	0	0	232	254	0	-1.96E-05	6.55E-06	-8.73E-06	-1.38E-05
129	8	0	0	0	0	0	0	232	254	0	-1.96E-05	6.55E-06	-8.73E-06	-1.38E-05
129	9	0	0	0	0	0	0	232	254	0	-1.95E-05	7.21E-06	-8.23E-06	-1.26E-05
129	10	0	0	0	0	0	0	232	254	0	-1.95E-05	7.21E-06	-8.23E-06	-1.26E-05
129	11	0	0	0	0	0	0	232	254	0	-2.01E-05	6.88E-06	-9.06E-06	-1.16E-05
129	12	0	0	0	0	0	0	232	254	0	-2.01E-05	6.88E-06	-9.06E-06	-1.16E-05
129	13	0	0	0	0	0	0	232	254	0	-1.98E-05	5.88E-06	-9.40E-06	-1.12E-05
129	14	0	0	0	0	0	0	232	254	0	-1.98E-05	5.88E-06	-9.40E-06	-1.12E-05
129	15	0	0	0	0	0	0	232	254	0	-1.96E-05	5.71E-06	-1.11E-05	-1.26E-05
129	16	0	0	0	0	0	0	232	254	0	-2.16E-05	5.54E-06	-1.06E-05	-1.23E-05
129	17	0	0	0	0	0	0	232	254	0	-2.16E-05	5.54E-06	-1.06E-05	-1.23E-05
129	18	0	0	0	0	0	0	232	254	0	-2.20E-05	6.21E-06	-9.57E-06	-1.29E-05
129	19	0	0	0	0	0	0	232	254	0	-2.20E-05	6.21E-06	-9.57E-06	-1.29E-05
130	0	0	0	0	0	0	0	232	254	0	-2.13E-05	5.21E-06	-9.07E-06	-1.31E-05
130	1	0	0	0	0	0	0	232	254	0	-2.13E-05	5.21E-06	-9.07E-06	-1.31E-05
130	2	0	0	0	0	0	0	232	254	0	-2.15E-05	4.87E-06	-9.40E-06	-1.29E-05
130	3	0	0	0	0	0	0	232	254	0	-2.15E-05	4.87E-06	-9.40E-06	-1.29E-05
130	4	0	0	0	0	0	0	232	254	0	-2.12E-05	6.04E-06	-1.01E-05	-1.39E-05
130	5	0	0	0	0	0	0	232	254	0	-2.15E-05	5.04E-06	-9.07E-06	-1.33E-05
130	6	0	0	0	0	0	0	232	254	0	-2.15E-05	5.04E-06	-9.07E-06	-1.33E-05
130	7	0	0	0	0	0	0	232	254	0	-2.17E-05	3.87E-06	-9.23E-06	-1.36E-05
130	8	0	0	0	0	0	0	232	254	0	-2.17E-05	3.87E-06	-9.23E-06	-1.36E-05
130	9	0	0	0	0	0	0	232	254	0	-2.13E-05	4.03E-06	-9.90E-06	-1.19E-05
130	10	0	0	0	0	0	0	232	254	0	-2.13E-05	4.03E-06	-9.90E-06	-1.19E-05
130	11	0	0	0	0	0	0	232	254	0	-2.33E-05	4.36E-06	-9.90E-06	-1.09E-05
130	12	0	0	0	0	0	0	232	254	0	-2.33E-05	4.36E-06	-9.90E-06	-1.09E-05
130	13	0	0	0	0	0	0	232	254	0	-2.47E-05	4.87E-06	-9.23E-06	-1.19E-05
130	14	0	0	0	0	0	0	232	254	0	-2.30E-05	3.86E-06	-1.02E-05	-1.16E-05
130	15	0	0	0	0	0	0	232	254	0	-2.30E-05	3.86E-06	-1.02E-05	-1.16E-05
130	16	0	0	0	0	0	0	232	254	0	-2.25E-05	4.36E-06	-9.57E-06	-1.36E-05
130	17	0	0	0	0	0	0	232	254	0	-2.25E-05	4.36E-06	-9.57E-06	-1.36E-05
130	18	0	0	0	0	0	0	232	254	0	-2.43E-05	4.36E-06	-8.23E-06	-1.51E-05
130	19	0	0	0	0	0	0	232	254	0	-2.43E-05	4.36E-06	-8.23E-06	-1.51E-05
131	0	0	0	0	0	0	0	232	254	0	-2.37E-05	3.70E-06	-8.06E-06	-1.51E-05
131	1	0	0	0	0	0	0	232	254	0	-2.37E-05	3.70E-06	-8.06E-06	-1.51E-05
131	2	0	0	0	0	0	0	232	254	0	-2.37E-05	5.03E-06	-9.06E-06	-1.36E-05
131	3	0	0	0	0	0	0	232	254	0	-2.43E-05	6.04E-06	-8.23E-06	-1.29E-05
131	4	0	0	0	0	0	0	232	254	0	-2.43E-05	6.04E-06	-8.23E-06	-1.29E-05
131	5	0	0	0	0	0	0	232	254	0	-2.37E-05	3.87E-06	-9.23E-06	-1.28E-05
131	6	0	0	0	0	0	0	232	254	0	-2.37E-05	3.87E-06	-9.23E-06	-1.28E-05
131	7	0	0	0	0	0	0	232	254	0	-2.33E-05	3.86E-06	-8.56E-06	-1.34E-05
131	8	0	0	0	0	0	0	232	254	0	-2.33E-05	3.86E-06	-8.56E-06	-1.34E-05
131	9	0	0	0	0	0	0	232	254	0	-2.30E-05	3.69E-06	-8.23E-06	-1.33E-05
131	10	0	0	0	0	0	0	232	254	0	-2.30E-05	3.69E-06	-8.23E-06	-1.33E-05
131	11	0	0	0	0	0	0	232	254	0	-2.17E-05	2.52E-06	-9.06E-06	-1.26E-05
131	12	0	0	0	0	0	0	232	254	0	-2.17E-05	3.86E-06	-8.40E-06	-1.36E-05
131	13	0	0	0	0	0	0	232	254	0	-2.17E-05	3.86E-06	-8.40E-06	-1.36E-05
131	14	0	0	0	0	0	0	232	254	0	-2.20E-05	4.53E-06	-7.39E-06	-1.28E-05
131	15	0	0	0	0	0	0	232	254	0	-2.20E-05	4.53E-06	-7.39E-06	-1.28E-05
131	16	0	0	0	0	0	0	232	254	0	-2.17E-05	3.86E-06	-9.22E-06	-1.16E-05
131	17	0	0	0	0	0	0	232	254	0	-2.17E-05	3.86E-06	-9.22E-06	-1.16E-05
131	18	0	0	0	0	0	0	232	254	0	-2.18E-05	4.86E-06	-8.56E-06	-1.26E-05
131	19	0	0	0	0	0	0	232	254	0	-2.18E-05	4.86E-06	-8.56E-06	-1.26E-05
132	0	0	0	0	0	0	0	232	254	0	-2.05E-05	5.20E-06	-8.23E-06	-1.09E-05
132	1	0	0	0	0	0	0	232	254	0	-2.20E-05	4.37E-06	-8.22E-06	-1.09E-05
132	2	0	0	0	0	0	0	232	254	0	-2.20E-05	4.37E-06	-8.22E-06	-1.09E-05
132	3	0	0	0	0	0	0	232	254	0	-2.20E-05	3.86E-06	-7.56E-06	-1.12E-05
132	4	0	0	0	0	0	0	232	254	0	-2.20E-05	3.86E-06	-7.56E-06	-1.12E-05
132	5	0	0	0	0	0	0	232	254	0	-2.13E-05	5.53E-06	-8.56E-06	-9.74E-06
132	6	0	0	0	0	0	0	232	254	0	-2.13E-05	5.53E-06	-8.56E-06	-9.74E-06
132	7	0	0	0	0	0	0	232	254	0	-2.30E-05	5.54E-06	-1.02E-05	-1.12E-05
132	8	0	0	0	0	0	0	232	254	0	-2.30E-05	5.54E-06	-1.02E-05	-1.12E-05
132	9	0	0	0	0	0	0	232	254	0	-2.23E-05	4.54E-06	-1.02E-05	-1.19E-05
132	10	0	0	0	0	0	0	232	254	0	-2.23E-05	3.86E-06	-1.06E-05	-1.16E-05
132	11	0	0	0	0	0	0	232	254	0	-2.23E-05	3.86E-06	-1.06E-05	-1.16E-05
132	12	0	0	0	0	0	0	232	254	0	-2.25E-05	4.53E-06	-1.01E-05	-1.06E-05
132	13	0	0	0	0	0	0	232	254	0	-2.25E-05	4.53E-06	-1.01E-05	-1.06E-05
132	14	0	0	0	0	0	0	232	254	0	-2.25E-05	6.04E-06	-1.04E-05	-1.27E-05
132	15	0	0	0	0	0	0	232	254	0	-2.25E-05	6.04E-06	-1.04E-05	-1.27E-05
132	16	0	0	0	0	0	0	232	254	0	-2.23E-05	5.21E-06	-1.09E-05	-1.29E-05
132	17	0	0	0	0	0	0	232	254	0	-2.23E-05	5.21E-06	-1.09E-05	-1.29E-05
132	18	0	0	0	0	0	0	232	254	0	-2.00E-05	4.87E-06	-9.91E-06	-1.66E-05
132	19	0	0	0	0	0	0	232	254	0	-1.91E-05	4.37E-06	-8.90E-06	-1.90E-05
133	0	0	0	0	0	0	0	232	254	0	-1.91E-05	4.37E-06	-8.90E-06	-1.90E-05
133	1	0	0	0	0	0	0	232	254	0	-1.98E-05	4.70E-06	-6.89E-06	-1.75E-05
133	2	0	0	0	0	0	0	232	254	0	-1.98E-05	4.70E-06	-6.89E-06	-1.75E-05
133	3	0	0	0	0	0	0	232	254	0	-2.13E-05	5.87E-06	-6.38E-06	-1.61E-05
133	4	0	0	0	0	0	0	232	254	0	-2.13E-05	5.87E-06	-6.38E-06	-1.61E-05
133	5	0	0	0	0	0	0	232	254	0	-2.00E-05	5.54E-06	-8.05E-06	-1.39E-05
133	6	0	0	0	0	0	0	232	254	0	-2.00E-05	5.54E-06	-8.05E-06	-1.39E-05
133	7	0	0	0	0	0	0	232	254	0	-1.93E-05	4.20E-06	-8.89E-06	-1.49E-05
133	8	0	0	0	0	0	0	232	254	0	-2.00E-05	4.53E-06	-9.90E-06	-1.39E-05
133	9	0	0	0	0	0	0	232	254	0	-2.00E-05	4.53E-06	-9.90E-06	-1.39E-05
133	10	0	0	0	0	0	0	232	254	0	-1.83E-05	5.20E-06	-9.74E-06	-1.33E-05
133	11	0	0	0	0	0	0	232	254	0	-1.83E-05	5.20E-06	-9.74E-06	-1.33E-05
133	12	0	0	0	0	0	0	232	254	0	-2.05E-05	7.04E-06	-9.23E-06	-1.64E-05
133	13	0	0	0	0	0	0	232	254	0	-2.05E-05	7.04E-06	-9.23E-06	-1.64E-05
133	14	0	0	0	0	0	0	232	254	0	-2.15E-05	5.88E-06	-8.56E-06	-1.56E-05
133	15	0	0	0	0	0	0	232	254	0	-2.15E-05	5.88E-06	-8.56E-06	-1.56E-05
133	16	0	0	0	0	0	0	232	254	0	-2.10E-05	6.21E-06	-8.89E-06	-1.19E-05
133	17	0	0	0	0	0	0	232	254	0	-2.03E-05	5.88E-06	-8.56E-06	-1.24E-05
133	18	0	0	0	0	0	0	232	254	0	-2.03E-05	5.88E-06	-8.56E-06	-1.24E-05
133	19	0	0	0	0	0	0	232	254	0	-2.10E-05	5.21E-06	-9.90E-06	-9.91E-06
134	0	0	0	0	0	0	0	232	254	0	-2.10E-05	5.21E-06	-9.90E-06	-9.91E-06
134	1	0	0	0	0	0	0	232	254	0	-2.05E-05	4.03E-06	-9.90E-06	-1.32E-05
134	2	0	0	0	0	0	0	232	254	0	-2.05E-05	4.03E-06	-9.90E-06	-1.32E-05
134	3	0	0	0	0	0	0	232	254	0	-2.00E-05	2.36E-06	-9.23E-06	-1.26E-05
134	4	0	0	0	0	0	0	232	254	0	-2.00E-05	2.36E-06	-9.23E-06	-1.26E-05
134	5	0	0	0	0	0	0	232	254	0	-2.13E-05	1.85E-06	-8.56E-06	-6.90E-06
134	6	0	0	0	0	0	0	232	254	0	-2.17E-05	4.19E-06	-9.90E-06	-8.39E-06
134	7	0	0	0	0	0	0	232	254	0	-2.17E-05	4.19E-06	-9.90E-06	-8.39E-06
134	8	0	0	0	0	0	0	232	254	0	-2.23E-05	5.20E-06	-1.06E-05	-8.73E-06
134	9	0	0	0	0	0	0	232	254	0	-2.23E-05	5.20E-06	-1.06E-05	-8.73E-06
134	10	0	0	0	0	0	0	232	254	0	-2.33E-05	5.04E-06	-9.74E-06	-9.90E-06
134	11	0	0	0	0	0	0	232	254	0	-2.33E-05	5.04E-06	-9.74E-06	-9.90E-06
134	12	0	0	0	0	0	0	232	254	0	-2.37E-05	3.87E-06	-8.57E-06	-1.39E-05
134	13	0	0	0	0	0	0	232	254	0	-2.37E-05	3.87E-06	-8.57E-06	-1.39E-05
134	14	0	0	0	0	0	0	232	254	0	-2.32E-05	4.19E-06	-7.72E-06	-1.49E-05
134	15	0	0	0	0	0	0	232	254	0	-2.30E-05	4.36E-06	-7.89E-06	-1.31E-05
134	16	0	0	0	0	0	0	232	254	0	-2.30E-05	4.36E-06	-7.89E-06	-1.31E-05
134	17	0	0	0	0	0	0	232	254	0	-2.22E-05	4.53E-06	-9.89E-06	-1.01E-05
134	18	0	0	0	0	0	0	232	254	0	-2.22E-05	4.53E-06	-9.89E-06	-1.01E-05
134	19	0	0	0	0	0	0	232	254	0	-2.07E-05	4.36E-06	-1.07E-05	-1.06E-05
135	0	0	0	0	0	0	0	232	254	0	-2.07E-05	4.36E-06	-1.07E-05	-1.06E-05
135	1	0	0	0	0	0	0	232	254	0	-1.88E-05	3.53E-06	-1.02E-05	-1.53E-05
135	2	0	0	0	0	0	0	232	254	0	-1.88E-05	3.53E-06	-1.02E-05	-1.53E-05
135	3	0	0	0	0	0	0	232	254	0	-1.86E-05	3.86E-06	-8.40E-06	-1.43E-05
135	4	0	0	0	0	0	0	232	254	0	-1.96E-05	5.03E-06	-7.22E-06	-1.16E-05
135	5	0	0	0	0	0	0	232	254	0	-1.96E-05	5.03E-06	-7.22E-06	-1.16E-05
135	6	0	0	0	0	0	0	232	254	0	-1.90E-05	4.53E-06	-7.89E-06	-1.12E-05
135	7	0	0	0	0	0	0	232	254	0	-1.90E-05	4.53E-06	-7.89E-06	-1.12E-05
135	8	0	0	0	0	0	0	232	254	0	-1.90E-05	3.36E-06	-8.89E-06	-1.12E-05
135	9	0	0	0	0	0	0	232	254	0	-1.90E-05	3.36E-06	-8.89E-06	-1.12E-05
135	10	0	0	0	0	0	0	232	254	0	-2.03E-05	3.86E-06	-9.23E-06	-1.44E-05
135	11	0	0	0	0	0	0	232	254	0	-2.03E-05	3.86E-06	-9.23E-06	-1.44E-05
135	12	0	0	0	0	0	0	232	254	0	-2.03E-05	3.86E-06	-1.06E-05	-1.73E-05
135	13	0	0	0	0	0	0	232	254	0	-2.23E-05	4.53E-06	-9.91E-06	-1.46E-05
135	14	0	0	0	0	0	0	232	254	0	-2.23E-05	4.53E-06	-9.91E-06	-1.46E-05
135	15	0	0	0	0	0	0	232	254	0	-2.17E-05	3.03E-06	-1.07E-05	-1.19E-05
135	16	0	0	0	0	0	0	232	254	0	-2.17E-05	3.03E-06	-1.07E-05	-1.19E-05
135	17	0	0	0	0	0	0	232	254	0	-2.17E-05	3.69E-06	-1.02E-05	-1.29E-05
135	18	0	0	0	0	0	0	232	254	0	-2.17E-05	3.69E-06	-1.02E-05	-1.29E-05
135	19	0	0	0	0	0	0	232	254	0	-2.17E-05	3.86E-06	-8.73E-06	-1.24E-05
136	0	0	0	0	0	0	0	232	254	0	-2.17E-05	3.86E-06	-8.73E-06	-1.24E-05
136	1	0	0	0	0	0	0	232	254	0	-2.15E-05	4.53E-06	-9.06E-06	-1.07E-05
136	2	0	0	0	0	0	0	232	254	0	-1.96E-05	4.87E-06	-8.73E-06	-1.22E-05
136	3	0	0	0	0	0	0	232	254	0	-1.96E-05	4.87E-06	-8.73E-06	-1.22E-05
136	4	0	0	0	0	0	0	232	254	0	-1.90E-05	5.54E-06	-8.90E-06	-1.33E-05
136	5	0	0	0	0	0	0	232	254	0	-1.90E-05	5.54E-06	-8.90E-06	-1.33E-05
136	6	0	0	0	0	0	0	232	254	0	-1.96E-05	5.54E-06	-8.56E-06	-1.16E-05
136	7	0	0	0	0	0	0	232	254	0	-1.96E-05	5.54E-06	-8.56E-06	-1.16E-05
136	8	0	0	0	0	0	0	232	254	0	-2.00E-05	3.87E-06	-9.90E-06	-1.29E-05
136	9	0	0	0	0	0	0	232	254	0	-2.00E-05	3.87E-06	-9.90E-06	-1.29E-05
136	10	0	0	0	0	0	0	232	254	0	-1.85E-05	5.20E-06	-9.90E-06	-1.31E-05
136	11	0	0	0	0	0	0	232	254	0	-1.85E-05	5.70E-06	-9.57E-06	-1.16E-05
136	12	0	0	0	0	0	0	232	254	0	-1.85E-05	5.70E-06	-9.57E-06	-1.16E-05
136	13	0	0	0	0	0	0	232	254	0	-1.83E-05	4.70E-06	-9.07E-06	-1.19E-05
136	14	0	0	0	0	0	0	232	254	0	-1.83E-05	4.70E-06	-9.07E-06	-1.19E-05
136	15	0	0	0	0	0	0	232	254	0	-1.80E-05	3.86E-06	-9.57E-06	-1.56E-05
136	16	0	0	0	0	0	0	232	254	0	-1.80E-05	3.86E-06	-9.57E-06	-1.56E-05
136	17	0	0	0	0	0	0	232	254	0	-1.86E-05	3.53E-06	-9.23E-06	-1.80E-05
136	18	0	0	0	0	0	0	232	254	0	-1.86E-05	3.53E-06	-9.23E-06	-1.80E-05
136	19	0	0	0	0	0	0	232	254	0	-1.93E-05	4.86E-06	-8.90E-06	-1.46E-05
137	0	0	0	0	0	0	0	232	254	0	-2.10E-05	5.03E-06	-7.73E-06	-1.38E-05
137	1	0	0	0	0	0	0	232	254	0	-2.10E-05	5.03E-06	-7.73E-06	-1.38E-05
137	2	0	0	0	0	0	0	232	254	0	-2.18E-05	5.20E-06	-8.06E-06	-1.08E-05
137	3	0	0	0	0	0	0	232	254	0	-2.18E-05	5.20E-06	-8.06E-06	-1.08E-05
137	4	0	0	0	0	0	0	232	254	0	-2.32E-05	4.70E-06	-8.39E-06	-4.72E-06
137	5	0	0	0	0	0	0	232	254	0	-2.32E-05	4.70E-06	-8.39E-06	-4.72E-06
137	6	0	0	0	0	0	0	232	254	0	-2.43E-05	4.87E-06	-9.40E-06	-6.71E-06
137	7	0	0	0	0	0	0	232	254	0	-2.43E-05	4.87E-06	-9.40E-06	-6.71E-06
137	8	0	0	0	0	0	0	232	254	0	-2.47E-05	5.03E-06	-1.02E-05	-1.49E-05
137	9	0	0	0	0	0	0	232	254	0	-2.50E-05	5.20E-06	-8.90E-06	-1.84E-05
137	10	0	0	0	0	0	0	232	254	0	-2.50E-05	5.20E-06	-8.90E-06	-1.84E-05
137	11	0	0	0	0	0	0	232	254	0	-2.37E-05	5.04E-06	-6.72E-06	-1.39E-05
137	12	0	0	0	0	0	0	232	254	0	-2.37E-05	5.04E-06	-6.72E-06	-1.39E-05
137	13	0	0	0	0	0	0	232	254	0	-2.30E-05	3.70E-06	-8.22E-06	-1.23E-05
137	14	0	0	0	0	0	0	232	254	0	-2.30E-05	3.70E-06	-8.22E-06	-1.23E-05
137	15	0	0	0	0	0	0	232	254	0	-2.30E-05	4.86E-06	-7.56E-06	-1.09E-05
137	16	0	0	0	0	0	0	232	254	0	-2.30E-05	4.86E-06	-7.56E-06	-1.09E-05
137	17	0	0	0	0	0	0	232	254	0	-2.23E-05	5.87E-06	-8.22E-06	-8.24E-06
137	18	0	0	0	0	0	0	232	254	0	-2.25E-05	5.71E-06	-8.22E-06	-8.73E-06
137	19	0	0	0	0	0	0	232	254	0	-2.25E-05	5.71E-06	-8.22E-06	-8.73E-06
138	0	0	0	0	0	0	0	232	254	0	-2.33E-05	4.87E-06	-8.39E-06	-1.09E-05
138	1	0	0	0	0	0	0	232	254	0	-2.33E-05	4.87E-06	-8.39E-06	-1.09E-05
138	2	0	0	0	0	0	0	232	254	0	-2.48E-05	4.20E-06	-9.23E-06	-1.09E-05
138	3	0	0	0	0	0	0	232	254	0	-2.48E-05	4.20E-06	-9.23E-06	-1.09E-05
138	4	0	0	0	0	0	0	232	254	0	-2.37E-05	3.86E-06	-1.12E-05	-1.29E-05
138	5	0	0	0	0	0	0	232	254	0	-2.37E-05	3.86E-06	-1.12E-05	-1.29E-05
138	6	0	0	0	0	0	0	232	254	0	-2.25E-05	4.86E-06	-1.07E-05	-1.26E-05
138	7	0	0	0	0	0	0	232	254	0	-2.18E-05	4.03E-06	-9.57E-06	-9.58E-06
138	8	0	0	0	0	0	0	232	254	0	-2.18E-05	4.03E-06	-9.57E-06	-9.58E-06
138	9	0	0	0	0	0	0	232	254	0	-2.20E-05	5.20E-06	-8.73E-06	-1.22E-05
138	10	0	0	0	0	0	0	232	254	0	-2.20E-05	5.20E-06	-8.73E-06	-1.22E-05
138	11	0	0	0	0	0	0	232	254	0	-2.53E-05	5.04E-06	-8.23E-06	-1.36E-05
138	12	0	0	0	0	0	0	232	254	0	-2.53E-05	5.04E-06	-8.23E-06	-1.36E-05
138	13	0	0	0	0	0	0	232	254	0	-2.32E-05	3.20E-06	-8.22E-06	-1.24E-05
138	14	0	0	0	0	0	0	232	254	0	-2.32E-05	3.20E-06	-8.22E-06	-1.24E-05
138	15	0	0	0	0	0	0	232	254	0	-2.17E-05	3.52E-06	-7.05E-06	-1.06E-05
138	16	0	0	0	0	0	0	232	254	0	-2.23E-05	3.86E-06	-7.22E-06	-8.57E-06
138	17	0	0	0	0	0	0	232	254	0	-2.23E-05	3.86E-06	-7.22E-06	-8.57E-06
138	18	0	0	0	0	0	0	232	254	0	-2.17E-05	4.86E-06	-8.89E-06	-1.06E-05
138	19	0	0	0	0	0	0	232	254	0	-2.17E-05	4.86E-06	-8.89E-06	-1.06E-05
139	0	0	0	0	0	0	0	232	254	0	-2.12E-05	5.20E-06	-9.73E-06	-1.12E-05
139	1	0	0	0	0	0	0	232	254	0	-2.12E-05	5.20E-06	-9.73E-06	-1.12E-05
139	2	0	0	0	0	0	0	232	254	0	-2.17E-05	3.53E-06	-9.23E-06	-1.12E-05
139	3	0	0	0	0	0	0	232	254	0	-2.17E-05	3.53E-06	-9.23E-06	-1.12E-05
139	4	0	0	0	0	0	0	232	254	0	-2.27E-05	5.53E-06	-9.73E-06	-1.31E-05
139	5	0	0	0	0	0	0	232	254	0	-2.17E-05	5.54E-06	-9.57E-06	-1.33E-05
139	6	0	0	0	0	0	0	232	254	0	-2.17E-05	5.54E-06	-9.57E-06	-1.33E-05
139	7	0	0	0	0	0	0	232	254	0	-2.22E-05	4.20E-06	-9.23E-06	-1.23E-05
139	8	0	0	0	0	0	0	232	254	0	-2.22E-05	4.20E-06	-9.23E-06	-1.23E-05
139	9	0	0	0	0	0	0	232	254	0	-2.17E-05	4.53E-06	-9.90E-06	-1.21E-05
139	10	0	0	0	0	0	0	232	254	0	-2.17E-05	4.53E-06	-9.90E-06	-1.21E-05
139	11	0	0	0	0	0	0	232	254	0	-2.06E-05	4.53E-06	-9.57E-06	-1.26E-05
139	12	0	0	0	0	0	0	232	254	0	-2.06E-05	4.53E-06	-9.57E-06	-1.26E-05
139	13	0	0	0	0	0	0	232	254	0	-2.06E-05	4.53E-06	-9.57E-06	-1.49E-05
139	14	0	0	0	0	0	0	232	254	0	-1.90E-05	4.87E-06	-9.57E-06	-1.74E-05
139	15	0	0	0	0	0	0	232	254	0	-1.90E-05	4.87E-06	-9.57E-06	-1.74E-05
139	16	0	0	0	0	0	0	232	254	0	-1.83E-05	4.87E-06	-7.90E-06	-1.58E-05
139	17	0	0	0	0	0	0	232	254	0	-1.83E-05	4.87E-06	-7.90E-06	-1.58E-05
139	18	0	0	0	0	0	0	232	254	0	-2.00E-05	4.87E-06	-8.73E-06	-1.31E-05
139	19	0	0	0	0	0	0	232	254	0	-2.00E-05	4.87E-06	-8.73E-06	-1.31E-05
140	0	0	0	0	0	0	0	232	254	0	-2.00E-05	5.20E-06	-9.90E-06	-1.13E-05
140	1	0	0	0	0	0	0	232	254	0	-2.00E-05	5.20E-06	-9.90E-06	-1.13E-05
140	2	0	0	0	0	0	0	232	254	0	-2.03E-05	3.36E-06	-9.74E-06	-1.31E-05
140	3	0	0	0	0	0	0	232	254	0	-2.03E-05	4.19E-06	-1.04E-05	-1.43E-05
140	4	0	0	0	0	0	0	232	254	0	-2.03E-05	4.19E-06	-1.04E-05	-1.43E-05
140	5	0	0	0	0	0	0	232	254	0	-1.93E-05	5.20E-06	-1.06E-05	-1.34E-05
140	6	0	0	0	0	0	0	232	254	0	-1.93E-05	5.20E-06	-1.06E-05	-1.34E-05
140	7	0	0	0	0	0	0	232	254	0	-1.75E-05	5.87E-06	-1.09E-05	-9.92E-06
140	8	0	0	0	0	0	0	232	254	0	-1.75E-05	5.87E-06	-1.09E-05	-9.92E-06
140	9	0	0	0	0	0	0	232	254	0	-1.80E-05	6.38E-06	-9.57E-06	-9.23E-06
140	10	0	0	0	0	0	0	232	254	0	-1.80E-05	6.38E-06	-9.57E-06	-9.23E-06
140	11	0	0	0	0	0	0	232	254	0	-1.90E-05	4.37E-06	-9.23E-06	-1.09E-05
140	12	0	0	0	0	0	0	232	254	0	-1.85E-05	5.87E-06	-8.90E-06	-1.22E-05
140	13	0	0	0	0	0	0	232	254	0	-1.85E-05	5.87E-06	-8.90E-06	-1.22E-05
140	14	0	0	0	0	0	0	232	254	0	-1.93E-05	7.21E-06	-8.90E-06	-1.12E-05
140	15	0	0	0	0	0	0	232	254	0	-1.93E-05	7.21E-06	-8.90E-06	-1.12E-05
140	16	0	0	0	0	0	0	232	254	0	-2.13E-05	5.88E-06	-9.56E-06	-1.02E-05
140	17	0	0	0	0	0	0	232	254	0	-2.13E-05	5.88E-06	-9.56E-06	-1.02E-05
140	18	0	0	0	0	0	0	232	254	0	-2.17E-05	4.54E-06	-8.40E-06	-1.04E-05
140	19	0	0	0	0	0	0	232	254	0	-2.17E-05	4.54E-06	-8.40E-06	-1.04E-05
141	0	0	0	0	0	0	0	232	254	0	-2.10E-05	5.20E-06	-8.56E-06	-1.09E-05
141	1	0	0	0	0	0	0	232	254	0	-2.17E-05	6.37E-06	-8.39E-06	-1.12E-05
141	2	0	0	0	0	0	0	232	254	0	-2.17E-05	6.37E-06	-8.39E-06	-1.12E-05
141	3	0	0	0	0	0	0	232	254	0	-2.05E-05	5.71E-06	-9.23E-06	-1.16E-05
141	4	0	0	0	0	0	0	232	254	0	-2.05E-05	5.71E-06	-9.23E-06	-1.16E-05
141	5	0	0	0	0	0	0	232	254	0	-2.10E-05	5.87E-06	-1.02E-05	-1.29E-05
141	6	0	0	0	0	0	0	232	254	0	-2.10E-05	5.87E-06	-1.02E-05	-1.29E-05
141	7	0	0	0	0	0	0	232	254	0	-2.20E-05	4.54E-06	-9.57E-06	-1.38E-05
141	8	0	0	0	0	0	0	232	254	0	-2.20E-05	4.54E-06	-9.57E-06	-1.38E-05
141	9	0	0	0	0	0	0	232	254	0	-2.48E-05	2.86E-06	-9.23E-06	-1.24E-05
141	10	0	0	0	0	0	0	232	254	0	-2.57E-05	3.86E-06	-9.06E-06	-1.29E-05
141	11	0	0	0	0	0	0	232	254	0	-2.57E-05	3.86E-06	-9.06E-06	-1.29E-05
141	12	0	0	0	0	0	0	232	254	0	-2.43E-05	4.53E-06	-9.23E-06	-1.29E-05
141	13	0	0	0	0	0	0	232	254	0	-2.43E-05	4.53E-06	-9.23E-06	-1.29E-05
141	14	0	0	0	0	0	0	232	254	0	-2.38E-05	5.20E-06	-9.57E-06	-1.06E-05
141	15	0	0	0	0	0	0	232	254	0	-2.38E-05	5.20E-06	-9.57E-06	-1.06E-05
141	16	0	0	0	0	0	0	232	254	0	-2.40E-05	4.53E-06	-9.90E-06	-1.02E-05
141	17	0	0	0	0	0	0	232	254	0	-2.40E-05	4.53E-06	-9.90E-06	-1.02E-05
141	18	0	0	0	0	0	0	232	254	0	-2.40E-05	3.53E-06	-9.90E-06	-1.17E-05
141	19	0	0	0	0	0	0	232	254	0	-2.30E-05	5.20E-06	-9.57E-06	-1.36E-05
142	0	0	0	0	0	0	0	232	254	0	-2.30E-05	5.20E-06	-9.57E-06	-1.36E-05
142	1	0	0	0	0	0	0	232	254	0	-2.50E-05	5.70E-06	-8.90E-06	-1.46E-05
142	2	0	0	0	0	0	0	232	254	0	-2.50E-05	5.70E-06	-8.90E-06	-1.46E-05
142	3	0	0	0	0	0	0	232	254	0	-2.43E-05	5.87E-06	-8.56E-06	-1.44E-05
142	4	0	0	0	0	0	0	232	254	0	-2.43E-05	5.87E-06	-8.56E-06	-1.44E-05
142	5	0	0	0	0	0	0	232	254	0	-2.37E-05	5.21E-06	-1.04E-05	-1.51E-05
142	6	0	0	0	0	0	0	232	254	0	-2.37E-05	5.21E-06	-1.04E-05	-1.51E-05
142	7	0	0	0	0	0	0	232	254	0	-2.33E-05	4.53E-06	-1.06E-05	-1.46E-05
142	8	0	0	0	0	0	0	232	254	0	-2.20E-05	4.03E-06	-1.04E-05	-1.38E-05
142	9	0	0	0	0	0	0	232	254	0	-2.20E-05	4.03E-06	-1.04E-05	-1.38E-05
142	10	0	0	0	0	0	0	232	254	0	-2.07E-05	5.03E-06	-1.09E-05	-9.58E-06
142	11	0	0	0	0	0	0	232	254	0	-2.07E-05	5.03E-06	-1.09E-05	-9.58E-06
142	12	0	0	0	0	0	0	232	254	0	-2.06E-05	4.53E-06	-1.06E-05	-1.06E-05
142	13	0	0	0	0	0	0	232	254	0	-2.06E-05	4.53E-06	-1.06E-05	-1.06E-05
142	14	0	0	0	0	0	0	232	254	0	-2.10E-05	4.53E-06	-1.02E-05	-1.22E-05
142	15	0	0	0	0	0	0	232	254	0	-2.10E-05	4.53E-06	-1.02E-05	-1.22E-05
142	16	0	0	0	0	0	0	232	254	0	-2.23E-05	4.53E-06	-9.24E-06	-1.66E-05
142	17	0	0	0	0	0	0	232	254	0	-2.13E-05	4.53E-06	-7.56E-06	-1.53E-05
142	18	0	0	0	0	0	0	232	254	0	-2.13E-05	4.53E-06	-7.56E-06	-1.53E-05
142	19	0	0	0	0	0	0	232	254	0	-2.03E-05	5.03E-06	-6.88E-06	-1.16E-05
143	0	0	0	0	0	0	0	232	254	0	-2.03E-05	5.03E-06	-6.88E-06	-1.16E-05
143	1	0	0	0	0	0	0	232	254	0	-1.95E-05	5.70E-06	-7.38E-06	-1.26E-05
143	2	0	0	0	0	0	0	232	254	0	-1.95E-05	5.70E-06	-7.38E-06	-1.26E-05
143	3	0	0	0	0	0	0	232	254	0	-1.98E-05	4.54E-06	-8.22E-06	-1.89E-05
143	4	0	0	0	0	0	0	232	254	0	-1.98E-05	4.54E-06	-8.22E-06	-1.89E-05
143	5	0	0	0	0	0	0	232	254	0	-2.06E-05	3.86E-06	-7.22E-06	-2.06E-05
143	6	0	0	0	0	0	0	232	254	0	-2.16E-05	4.86E-06	-6.38E-06	-1.51E-05
143	7	0	0	0	0	0	0	232	254	0	-2.16E-05	4.86E-06	-6.38E-06	-1.51E-05
143	8	0	0	0	0	0	0	232	254	0	-2.12E-05	5.03E-06	-7.88E-06	-1.46E-05
143	9	0	0	0	0	0	0	232	254	0	-2.12E-05	5.03E-06	-7.88E-06	-1.46E-05
143	10	0	0	0	0	0	0	232	254	0	-2.06E-05	6.04E-06	-8.56E-06	-1.43E-05
143	11	0	0	0	0	0	0	232	254	0	-2.06E-05	6.04E-06	-8.56E-06	-1.43E-05
143	12	0	0	0	0	0	0	232	254	0	-1.85E-05	5.04E-06	-8.56E-06	-1.29E-05
143	13	0	0	0	0	0	0	232	254	0	-1.85E-05	5.04E-06	-8.56E-06	-1.29E-05
143	14	0	0	0	0	0	0	232	254	0	-1.90E-05	3.86E-06	-9.90E-06	-1.26E-05
143	15	0	0	0	0	0	0	232	254	0	-1.86E-05	3.53E-06	-9.57E-06	-1.29E-05
143	16	0	0	0	0	0	0	232	254	0	-1.86E-05	3.53E-06	-9.57E-06	-1.29E-05
143	17	0	0	0	0	0	0	232	254	0	-1.88E-05	4.19E-06	-7.39E-06	-1.26E-05
143	18	0	0	0	0	0	0	232	254	0	-1.88E-05	4.19E-06	-7.39E-06	-1.26E-05
143	19	0	0	0	0	0	0	232	254	0	-1.86E-05	6.20E-06	-7.89E-06	-1.06E-05
144	0	0	0	0	0	0	0	232	254	0	-1.86E-05	6.20E-06	-7.89E-06	-1.06E-05
144	1	0	0	0	0	0	0	232	254	0	-1.73E-05	5.54E-06	-7.89E-06	-1.06E-05
144	2	0	0	0	0	0	0	232	254	0	-1.73E-05	5.54E-06	-7.89E-06	-1.06E-05
144	3	0	0	0	0	0	0	232	254	0	-1.76E-05	6.71E-06	-8.73E-06	-1.33E-05
144	4	0	0	0	0	0	0	232	254	0	-1.71E-05	6.21E-06	-8.73E-06	-1.49E-05
144	5	0	0	0	0	0	0	232	254	0	-1.71E-05	6.21E-06	-8.73E-06	-1.49E-05
144	6	0	0	0	0	0	0	232	254	0	-1.76E-05	5.71E-06	-9.06E-06	-1.36E-05
144	7	0	0	0	0	0	0	232	254	0	-1.76E-05	5.71E-06	-9.06E-06	-1.36E-05
144	8	0	0	0	0	0	0	232	254	0	-1.93E-05	6.21E-06	-9.06E-06	-1.19E-05
144	9	0	0	0	0	0	0	232	254	0	-1.93E-05	6.21E-06	-9.06E-06	-1.19E-05
144	10	0	0	0	0	0	0	232	254	0	-2.01E-05	5.54E-06	-9.57E-06	-1.09E-05
144	11	0	0	0	0	0	0	232	254	0	-2.01E-05	5.54E-06	-9.57E-06	-1.09E-05
144	12	0	0	0	0	0	0	232	254	0	-1.96E-05	5.37E-06	-8.23E-06	-1.12E-05
144	13	0	0	0	0	0	0	232	254	0	-1.90E-05	5.20E-06	-8.56E-06	-1.16E-05
144	14	0	0	0	0	0	0	232	254	0	-1.90E-05	5.20E-06	-8.56E-06	-1.16E-05
144	15	0	0	0	0	0	0	232	254	0	-1.93E-05	5.20E-06	-1.16E-05	-1.04E-05
144	16	0	0	0	0	0	0	232	254	0	-1.93E-05	5.20E-06	-1.16E-05	-1.04E-05
144	17	0	0	0	0	0	0	232	254	0	-2.10E-05	4.53E-06	-1.01E-05	-1.46E-05
144	18	0	0	0	0	0	0	232	254	0	-2.10E-05	4.53E-06	-1.01E-05	-1.46E-05
144	19	0	0	0	0	0	0	232	254	0	-2.15E-05	4.53E-06	-9.40E-06	-1.83E-05
145	0	0	0	0	0	0	0	232	254	0	-2.15E-05	4.53E-06	-9.40E-06	-1.83E-05
145	1	0	0	0	0	0	0	232	254	0	-2.18E-05	3.86E-06	-9.23E-06	-1.26E-05
145	2	0	0	0	0	0	0	232	254	0	-2.25E-05	4.53E-06	-1.04E-05	-7.57E-06
145	3	0	0	0	0	0	0	232	254	0	-2.25E-05	4.53E-06	-1.04E-05	-7.57E-06
145	4	0	0	0	0	0	0	232	254	0	-2.23E-05	5.54E-06	-1.16E-05	-6.88E-06
145	5	0	0	0	0	0	0	232	254	0	-2.23E-05	5.54E-06	-1.16E-05	-6.88E-06
145	6	0	0	0	0	0	0	232	254	0	-2.13E-05	4.54E-06	-1.07E-05	-6.21E-06
145	7	0	0	0	0	0	0	232	254	0	-2.13E-05	4.54E-06	-1.07E-05	-6.21E-06
145	8	0	0	0	0	0	0	232	254	0	-2.10E-05	4.20E-06	-8.90E-06	-1.01E-05
145	9	0	0	0	0	0	0	232	254	0	-2.10E-05	4.20E-06	-8.90E-06	-1.01E-05
145	10	0	0	0	0	0	0	232	254	0	-2.23E-05	3.86E-06	-1.06E-05	-1.83E-05
145	11	0	0	0	0	0	0	232	254	0	-2.23E-05	2.86E-06	-9.57E-06	-2.11E-05
145	12	0	0	0	0	0	0	232	254	0	-2.23E-05	2.86E-06	-9.57E-06	-2.11E-05
145	13	0	0	0	0	0	0	232	254	0	-2.17E-05	2.85E-06	-5.89E-06	-1.98E-05
145	14	0	0	0	0	0	0	232	254	0	-2.17E-05	2.85E-06	-5.89E-06	-1.98E-05
145	15	0	0	0	0	0	0	232	254	0	-2.30E-05	3.19E-06	-5.87E-06	-1.16E-05
145	16	0	0	0	0	0	0	232	254	0	-2.30E-05	3.19E-06	-5.87E-06	-1.16E-05
145	17	0	0	0	0	0	0	232	254	0	-2.30E-05	3.86E-06	-6.88E-06	-8.07E-06
145	18	0	0	0	0	0	0	232	254	0	-2.30E-05	3.86E-06	-6.88E-06	-8.07E-06
145	19	0	0	0	0	0	0	232	254	0	-2.30E-05	4.20E-06	-7.89E-06	-1.69E-05
146	0	0	0	0	0	0	0	232	254	0	-2.23E-05	4.20E-06	-8.39E-06	-1.86E-05
146	1	0	0	0	0	0	0	232	254	0	-2.23E-05	4.20E-06	-8.39E-06	-1.86E-05
146	2	0	0	0	0	0	0	232	254	0	-2.17E-05	3.69E-06	-7.22E-06	-1.29E-05
146	3	0	0	0	0	0	0	232	254	0	-2.17E-05	3.69E-06	-7.22E-06	-1.29E-05
146	4	0	0	0	0	0	0	232	254	0	-2.33E-05	3.86E-06	-8.05E-06	-1.33E-05
146	5	0	0	0	0	0	0	232	254	0	-2.33E-05	3.86E-06	-8.05E-06	-1.33E-05
146	6	0	0	0	0	0	0	232	254	0	-2.40E-05	4.36E-06	-8.22E-06	-1.23E-05
146	7	0	0	0	0	0	0	232	254	0	-2.40E-05	4.36E-06	-8.22E-06	-1.23E-05
146	8	0	0	0	0	0	0	232	254	0	-2.27E-05	3.53E-06	-8.89E-06	-1.06E-05
146	9	0	0	0	0	0	0	232	254	0	-2.17E-05	3.19E-06	-9.57E-06	-1.01E-05
146	10	0	0	0	0	0	0	232	254	0	-2.17E-05	3.19E-06	-9.57E-06	-1.01E-05
146	11	0	0	0	0	0	0	232	254	0	-2.05E-05	4.19E-06	-8.90E-06	-1.09E-05
146	12	0	0	0	0	0	0	232	254	0	-2.05E-05	4.19E-06	-8.90E-06	-1.09E-05
146	13	0	0	0	0	0	0	232	254	0	-2.11E-05	4.20E-06	-8.56E-06	-1.19E-05
146	14	0	0	0	0	0	0	232	254	0	-2.11E-05	4.20E-06	-8.56E-06	-1.19E-05
146	15	0	0	0	0	0	0	232	254	0	-2.10E-05	4.36E-06	-9.23E-06	-1.16E-05
146	16	0	0	0	0	0	0	232	254	0	-2.10E-05	4.36E-06	-9.23E-06	-1.16E-05
146	17	0	0	0	0	0	0	232	254	0	-2.17E-05	5.03E-06	-9.57E-06	-9.91E-06
146	18	0	0	0	0	0	0	232	254	0	-2.25E-05	4.20E-06	-1.02E-05	-1.04E-05
146	19	0	0	0	0	0	0	232	254	0	-2.25E-05	4.20E-06	-1.02E-05	-1.04E-05
147	0	0	0	0	0	0	0	232	254	0	-2.25E-05	2.19E-06	-1.07E-05	-1.06E-05
147	1	0	0	0	0	0	0	232	254	0	-2.25E-05	2.19E-06	-1.07E-05	-1.06E-05
147	2	0	0	0	0	0	0	232	254	0	-2.20E-05	2.35E-06	-9.74E-06	-9.57E-06
147	3	0	0	0	0	0	0	232	254	0	-2.20E-05	2.35E-06	-9.74E-06	-9.57E-06
147	4	0	0	0	0	0	0	232	254	0	-2.18E-05	3.52E-06	-1.01E-05	-9.73E-06
147	5	0	0	0	0	0	0	232	254	0	-2.18E-05	3.52E-06	-1.01E-05	-9.73E-06
147	6	0	0	0	0	0	0	232	254	0	-2.20E-05	4.19E-06	-9.90E-06	-1.04E-05
147	7	0	0	0	0	0	0	232	254	0	-2.18E-05	5.03E-06	-9.23E-06	-1.14E-05
147	8	0	0	0	0	0	0	232	254	0	-2.18E-05	5.03E-06	-9.23E-06	-1.14E-05
147	9	0	0	0	0	0	0	232	254	0	-2.10E-05	5.20E-06	-9.57E-06	-1.06E-05
147	10	0	0	0	0	0	0	232	254	0	-2.10E-05	5.20E-06	-9.57E-06	-1.06E-05
147	11	0	0	0	0	0	0	232	254	0	-1.96E-05	5.20E-06	-1.02E-05	-1.02E-05
147	12	0	0	0	0	0	0	232	254	0	-1.96E-05	5.20E-06	-1.02E-05	-1.02E-05
147	13	0	0	0	0	0	0	232	254	0	-1.86E-05	4.20E-06	-9.24E-06	-1.02E-05
147	14	0	0	0	0	0	0	232	254	0	-1.86E-05	4.20E-06	-9.24E-06	-1.02E-05
147	15	0	0	0	0	0	0	232	254	0	-1.91E-05	4.20E-06	-9.23E-06	-1.07E-05
147	16	0	0	0	0	0	0	232	254	0	-2.06E-05	4.20E-06	-9.57E-06	-1.12E-05
147	17	0	0	0	0	0	0	232	254	0	-2.06E-05	4.20E-06	-9.57E-06	-1.12E-05
147	18	0	0	0	0	0	0	232	254	0	-2.08E-05	4.20E-06	-9.57E-06	-1.17E-05
147	19	0	0	0	0	0	0	232	254	0	-2.08E-05	4.20E-06	-9.57E-06	-1.17E-05
148	0	0	0	0	0	0	0	232	254	0	-2.03E-05	5.20E-06	-9.90E-06	-1.28E-05
148	1	0	0	0	0	0	0	232	254	0	-2.03E-05	5.20E-06	-9.90E-06	-1.28E-05
148	2	0	0	0	0	0	0	232	254	0	-2.11E-05	5.20E-06	-1.04E-05	-1.29E-05
148	3	0	0	0	0	0	0	232	254	0	-2.11E-05	5.20E-06	-1.04E-05	-1.29E-05
148	4	0	0	0	0	0	0	232	254	0	-2.17E-05	4.87E-06	-9.57E-06	-1.09E-05
148	5	0	0	0	0	0	0	232	254	0	-2.13E-05	6.04E-06	-8.06E-06	-1.09E-05
148	6	0	0	0	0	0	0	232	254	0	-2.13E-05	6.04E-06	-8.06E-06	-1.09E-05
148	7	0	0	0	0	0	0	232	254	0	-2.23E-05	5.88E-06	-9.90E-06	-1.26E-05
148	8	0	0	0	0	0	0	232	254	0	-2.23E-05	5.88E-06	-9.90E-06	-1.26E-05
148	9	0	0	0	0	0	0	232	254	0	-2.45E-05	6.21E-06	-9.23E-06	-1.23E-05
148	10	0	0	0	0	0	0	232	254	0	-2.45E-05	6.21E-06	-9.23E-06	-1.23E-05
148	11	0	0	0	0	0	0	232	254	0	-2.37E-05	5.88E-06	-9.57E-06	-1.26E-05
148	12	0	0	0	0	0	0	232	254	0	-2.37E-05	5.88E-06	-9.57E-06	-1.26E-05
148	13	0	0	0	0	0	0	232	254	0	-2.23E-05	5.71E-06	-1.01E-05	-1.36E-05
148	14	0	0	0	0	0	0	232	254	0	-2.03E-05	5.71E-06	-9.74E-06	-1.23E-05
148	15	0	0	0	0	0	0	232	254	0	-2.03E-05	5.71E-06	-9.74E-06	-1.23E-05
148	16	0	0	0	0	0	0	232	254	0	-2.03E-05	5.54E-06	-9.57E-06	-1.16E-05
148	17	0	0	0	0	0	0	232	254	0	-2.03E-05	5.54E-06	-9.57E-06	-1.16E-05
148	18	0	0	0	0	0	0	232	254	0	-2.05E-05	5.37E-06	-9.07E-06	-1.36E-05
148	19	0	0	0	0	0	0	232	254	0	-2.05E-05	5.37E-06	-9.07E-06	-1.36E-05
149	0	0	0	0	0	0	0	232	254	0	-2.03E-05	5.87E-06	-8.73E-06	-1.29E-05
149	1	0	0	0	0	0	0	232	254	0	-2.03E-05	5.87E-06	-8.73E-06	-1.29E-05
149	2	0	0	0	0	0	0	232	254	0	-2.10E-05	5.71E-06	-9.23E-06	-1.41E-05
149	3	0	0	0	0	0	0	232	254	0	-2.10E-05	6.21E-06	-9.57E-06	-1.51E-05
149	4	0	0	0	0	0	0	232	254	0	-2.10E-05	6.21E-06	-9.57E-06	-1.51E-05
149	5	0	0	0	0	0	0	232	254	0	-2.13E-05	6.88E-06	-8.56E-06	-1.39E-05
149	6	0	0	0	0	0	0	232	254	0	-2.13E-05	6.88E-06	-8.56E-06	-1.39E-05
149	7	0	0	0	0	0	0	232	254	0	-2.15E-05	4.87E-06	-8.89E-06	-1.29E-05
149	8	0	0	0	0	0	0	232	254	0	-2.15E-05	4.87E-06	-8.89E-06	-1.29E-05
149	9	0	0	0	0	0	0	232	254	0	-2.30E-05	6.54E-06	-8.23E-06	-1.33E-05
149	10	0	0	0	0	0	0	232	254	0	-2.30E-05	6.54E-06	-8.23E-06	-1.33E-05
149	11	0	0	0	0	0	0	232	254	0	-2.30E-05	6.21E-06	-8.56E-06	-1.39E-05
149	12	0	0	0	0	0	0	232	254	0	-2.17E-05	5.21E-06	-1.09E-05	-1.23E-05
149	13	0	0	0	0	0	0	232	254	0	-2.17E-05	5.21E-06	-1.09E-05	-1.23E-05
149	14	0	0	0	0	0	0	232	254	0	-2.27E-05	4.20E-06	-1.01E-05	-1.11E-05
149	15	0	0	0	0	0	0	232	254	0	-2.27E-05	4.20E-06	-1.01E-05	-1.11E-05
149	16	0	0	0	0	0	0	232	254	0	-2.45E-05	3.69E-06	-9.07E-06	-1.29E-05
149	17	0	0	0	0	0	0	232	254	0	-2.45E-05	3.69E-06	-9.07E-06	-1.29E-05
149	18	0	0	0	0	0	0	232	254	0	-2.43E-05	2.52E-06	-7.89E-06	-1.26E-05
149	19	0	0	0	0	0	0	232	254	0	-2.43E-05	2.52E-06	-7.89E-06	-1.26E-05
150	0	0	0	0	0	0	0	232	254	0	-2.27E-05	1.51E-06	-7.89E-06	-1.26E-05
150	1	0	0	0	0	0	0	232	254	0	-2.18E-05	3.02E-06	-9.90E-06	-1.38E-05
150	2	0	0	0	0	0	0	232	254	0	-2.18E-05	3.02E-06	-9.90E-06	-1.38E-05
150	3	0	0	0	0	0	0	232	254	0	-2.13E-05	5.53E-06	-9.74E-06	-1.29E-05
150	4	0	0	0	0	0	0	232	254	0	-2.13E-05	5.53E-06	-9.74E-06	-1.29E-05
150	5	0	0	0	0	0	0	232	254	0	-2.17E-05	5.20E-06	-1.04E-05	-1.16E-05
150	6	0	0	0	0	0	0	232	254	0	-2.17E-05	5.20E-06	-1.04E-05	-1.16E-05
150	7	0	0	0	0	0	0	232	254	0	-2.20E-05	6.21E-06	-1.04E-05	-1.09E-05
150	8	0	0	0	0	0	0	232	254	0	-2.20E-05	6.21E-06	-1.04E-05	-1.09E-05
150	9	0	0	0	0	0	0	232	254	0	-2.17E-05	6.04E-06	-8.90E-06	-1.43E-05
150	10	0	0	0	0	0	0	232	254	0	-2.10E-05	3.87E-06	-9.06E-06	-1.53E-05
150	11	0	0	0	0	0	0	232	254	0	-2.10E-05	3.87E-06	-9.06E-06	-1.53E-05
150	12	0	0	0	0	0	0	232	254	0	-2.20E-05	3.86E-06	-9.06E-06	-1.23E-05
150	13	0	0	0	0	0	0	232	254	0	-2.20E-05	3.86E-06	-9.06E-06	-1.23E-05
150	14	0	0	0	0	0	0	232	254	0	-2.35E-05	3.53E-06	-9.57E-06	-1.04E-05
150	15	0	0	0	0	0	0	232	254	0	-2.35E-05	3.53E-06	-9.57E-06	-1.04E-05
150	16	0	0	0	0	0	0	232	254	0	-2.20E-05	3.19E-06	-9.57E-06	-9.24E-06
150	17	0	0	0	0	0	0	232	254	0	-2.20E-05	3.19E-06	-9.57E-06	-9.24E-06
150	18	0	0	0	0	0	0	232	254	0	-2.23E-05	4.19E-06	-8.40E-06	-9.06E-06
150	19	0	0	0	0	0	0	232	254	0	-2.20E-05	3.02E-06	-7.05E-06	-1.14E-05
151	0	0	0	0	0	0	0	232	254	0	-2.20E-05	3.02E-06	-7.05E-06	-1.14E-05
151	1	0	0	0	0	0	0	232	254	0	-2.08E-05	3.86E-06	-7.72E-06	-1.17E-05
151	2	0	0	0	0	0	0	232	254	0	-2.08E-05	3.86E-06	-7.72E-06	-1.17E-05
151	3	0	0	0	0	0	0	232	254	0	-1.95E-05	3.53E-06	-7.89E-06	-1.26E-05
151	4	0	0	0	0	0	0	232	254	0	-1.95E-05	3.53E-06	-7.89E-06	-1.26E-05
151	5	0	0	0	0	0	0	232	254	0	-2.00E-05	3.86E-06	-7.89E-06	-1.36E-05
151	6	0	0	0	0	0	0	232	254	0	-2.00E-05	3.86E-06	-7.89E-06	-1.36E-05
151	7	0	0	0	0	0	0	232	254	0	-2.05E-05	4.70E-06	-6.88E-06	-1.64E-05
151	8	0	0	0	0	0	0	232	254	0	-2.10E-05	4.53E-06	-7.22E-06	-1.75E-05
151	9	0	0	0	0	0	0	232	254	0	-2.10E-05	4.53E-06	-7.22E-06	-1.75E-05
151	10	0	0	0	0	0	0	232	254	0	-2.33E-05	4.87E-06	-8.22E-06	-1.66E-05
151	11	0	0	0	0	0	0	232	254	0	-2.33E-05	4.87E-06	-8.22E-06	-1.66E-05
151	12	0	0	0	0	0	0	232	254	0	-2.13E-05	3.19E-06	-8.89E-06	-1.64E-05
151	13	0	0	0	0	0	0	232	254	0	-2.13E-05	3.19E-06	-8.89E-06	-1.64E-05
151	14	0	0	0	0	0	0	232	254	0	-2.10E-05	4.53E-06	-9.73E-06	-1.58E-05
151	15	0	0	0	0	0	0	232	254	0	-2.10E-05	4.53E-06	-9.73E-06	-1.58E-05
151	16	0	0	0	0	0	0	232	254	0	-2.22E-05	4.20E-06	-9.07E-06	-1.53E-05
151	17	0	0	0	0	0	0	232	254	0	-2.07E-05	3.86E-06	-8.23E-06	-1.49E-05
151	18	0	0	0	0	0	0	232	254	0	-2.07E-05	3.86E-06	-8.23E-06	-1.49E-05
151	19	0	0	0	0	0	0	232	254	0	-1.81E-05	5.03E-06	-7.89E-06	-1.26E-05
152	0	0	0	0	0	0	0	232	254	0	-1.81E-05	5.03E-06	-7.89E-06	-1.26E-05
152	1	0	0	0	0	0	0	232	254	0	-1.80E-05	4.87E-06	-8.56E-06	-1.23E-05
152	2	0	0	0	0	0	0	232	254	0	-1.80E-05	4.87E-06	-8.56E-06	-1.23E-05
152	3	0	0	0	0	0	0	232	254	0	-1.76E-05	6.54E-06	-9.23E-06	-1.18E-05
152	4	0	0	0	0	0	0	232	254	0	-1.76E-05	6.54E-06	-9.23E-06	-1.18E-05
152	5	0	0	0	0	0	0	232	254	0	-1.83E-05	5.04E-06	-9.57E-06	-1.19E-05
152	6	0	0	0	0	0	0	232	254	0	-1.83E-05	4.87E-06	-9.90E-06	-1.26E-05
152	7	0	0	0	0	0	0	232	254	0	-1.83E-05	4.87E-06	-9.90E-06	-1.26E-05
152	8	0	0	0	0	0	0	232	254	0	-1.80E-05	5.20E-06	-8.90E-06	-1.36E-05
152	9	0	0	0	0	0	0	232	254	0	-1.80E-05	5.20E-06	-8.90E-06	-1.36E-05
152	10	0	0	0	0	0	0	232	254	0	-1.90E-05	4.87E-06	-8.90E-06	-1.23E-05
152	11	0	0	0	0	0	0	232	254	0	-1.90E-05	4.87E-06	-8.90E-06	-1.23E-05
152	12	0	0	0	0	0	0	232	254	0	-1.95E-05	4.53E-06	-1.02E-05	-1.16E-05
152	13	0	0	0	0	0	0	232	254	0	-1.95E-05	4.53E-06	-1.02E-05	-1.16E-05
152	14	0	0	0	0	0	0	232	254	0	-1.78E-05	5.20E-06	-9.23E-06	-1.29E-05
152	15	0	0	0	0	0	0	232	254	0	-1.90E-05	4.87E-06	-9.06E-06	-1.29E-05
152	16	0	0	0	0	0	0	232	254	0	-1.90E-05	4.87E-06	-9.06E-06	-1.29E-05
152	17	0	0	0	0	0	0	232	254	0	-2.11E-05	5.87E-06	-1.02E-05	-1.24E-05
152	18	0	0	0	0	0	0	232	254	0	-2.11E-05	5.87E-06	-1.02E-05	-1.24E-05
152	19	0	0	0	0	0	0	232	254	0	-2.10E-05	6.21E-06	-1.02E-05	-1.33E-05
153	0	0	0	0	0	0	0	232	254	0	-2.10E-05	6.21E-06	-1.02E-05	-1.33E-05
153	1	0	0	0	0	0	0	232	254	0	-2.10E-05	5.21E-06	-9.57E-06	-1.28E-05
153	2	0	0	0	0	0	0	232	254	0	-2.10E-05	5.21E-06	-9.57E-06	-1.28E-05
153	3	0	0	0	0	0	0	232	254	0	-2.06E-05	4.37E-06	-1.02E-05	-1.24E-05
153	4	0	0	0	0	0	0	232	254	0	-2.10E-05	3.86E-06	-1.02E-05	-1.24E-05
153	5	0	0	0	0	0	0	232	254	0	-2.10E-05	3.86E-06	-1.02E-05	-1.24E-05
153	6	0	0	0	0	0	0	232	254	0	-2.13E-05	3.86E-06	-1.02E-05	-1.29E-05
153	7	0	0	0	0	0	0	232	254	0	-2.13E-05	3.86E-06	-1.02E-05	-1.29E-05
153	8	0	0	0	0	0	0	232	254	0	-2.32E-05	4.03E-06	-9.74E-06	-1.26E-05
153	9	0	0	0	0	0	0	232	254	0	-2.32E-05	4.03E-06	-9.74E-06	-1.26E-05
153	10	0	0	0	0	0	0	232	254	0	-2.25E-05	5.53E-06	-1.01E-05	-1.11E-05
153	11	0	0	0	0	0	0	232	254	0	-2.25E-05	5.53E-06	-1.01E-05	-1.11E-05
153	12	0	0	0	0	0	0	232	254	0	-2.13E-05	5.87E-06	-9.90E-06	-1.22E-05
153	13	0	0	0	0	0	0	232	254	0	-2.13E-05	6.21E-06	-8.90E-06	-1.23E-05
153	14	0	0	0	0	0	0	232	254	0	-2.13E-05	6.21E-06	-8.90E-06	-1.23E-05
153	15	0	0	0	0	0	0	232	254	0	-1.98E-05	5.88E-06	-8.56E-06	-1.06E-05
153	16	0	0	0	0	0	0	232	254	0	-1.98E-05	5.88E-06	-8.56E-06	-1.06E-05
153	17	0	0	0	0	0	0	232	254	0	-2.00E-05	5.21E-06	-8.23E-06	-1.02E-05
153	18	0	0	0	0	0	0	232	254	0	-2.00E-05	5.21E-06	-8.23E-06	-1.02E-05
153	19	0	0	0	0	0	0	232	254	0	-2.10E-05	6.54E-06	-8.22E-06	-1.02E-05
154	0	0	0	0	0	0	0	232	254	0	-2.10E-05	6.54E-06	-8.22E-06	-1.02E-05
154	1	0	0	0	0	0	0	232	254	0	-2.13E-05	6.55E-06	-9.06E-06	-1.01E-05
154	2	0	0	0	0	0	0	232	254	0	-2.30E-05	6.55E-06	-9.90E-06	-1.11E-05
154	3	0	0	0	0	0	0	232	254	0	-2.30E-05	6.55E-06	-9.90E-06	-1.11E-05
154	4	0	0	0	0	0	0	232	254	0	-2.25E-05	5.88E-06	-1.02E-05	-1.09E-05
154	5	0	0	0	0	0	0	232	254	0	-2.25E-05	5.88E-06	-1.02E-05	-1.09E-05
154	6	0	0	0	0	0	0	232	254	0	-2.43E-05	4.54E-06	-9.57E-06	-9.57E-06
154	7	0	0	0	0	0	0	232	254	0	-2.43E-05	4.54E-06	-9.57E-06	-9.57E-06
154	8	0	0	0	0	0	0	232	254	0	-2.40E-05	4.87E-06	-9.57E-06	-9.23E-06
154	9	0	0	0	0	0	0	232	254	0	-2.40E-05	4.87E-06	-9.57E-06	-9.23E-06
154	10	0	0	0	0	0	0	232	254	0	-2.33E-05	4.87E-06	-9.90E-06	-9.23E-06
154	11	0	0	0	0	0	0	232	254	0	-2.28E-05	5.20E-06	-9.57E-06	-1.02E-05
154	12	0	0	0	0	0	0	232	254	0	-2.28E-05	5.20E-06	-9.57E-06	-1.02E-05
154	13	0	0	0	0	0	0	232	254	0	-2.37E-05	6.71E-06	-9.73E-06	-1.04E-05
154	14	0	0	0	0	0	0	232	254	0	-2.37E-05	6.71E-06	-9.73E-06	-1.04E-05
154	15	0	0	0	0	0	0	232	254	0	-2.30E-05	7.22E-06	-9.57E-06	-1.22E-05
154	16	0	0	0	0	0	0	232	254	0	-2.30E-05	7.22E-06	-9.57E-06	-1.22E-05
154	17	0	0	0	0	0	0	232	254	0	-2.30E-05	5.21E-06	-9.73E-06	-1.24E-05
154	18	0	0	0	0	0	0	232	254	0	-2.30E-05	5.21E-06	-9.73E-06	-1.24E-05
154	19	0	0	0	0	0	0	232	254	0	-2.18E-05	4.53E-06	-8.73E-06	-1.24E-05
155	0	0	0	0	0	0	0	232	254	0	-2.05E-05	4.87E-06	-7.56E-06	-1.23E-05
155	1	0	0	0	0	0	0	232	254	0	-2.05E-05	4.87E-06	-7.56E-06	-1.23E-05
155	2	0	0	0	0	0	0	232	254	0	-2.08E-05	4.70E-06	-7.55E-06	-1.41E-05
155	3	0	0	0	0	0	0	232	254	0	-2.08E-05	4.70E-06	-7.55E-06	-1.41E-05
155	4	0	0	0	0	0	0	232	254	0	-2.08E-05	6.54E-06	-8.06E-06	-1.31E-05
155	5	0	0	0	0	0	0	232	254	0	-2.08E-05	6.54E-06	-8.06E-06	-1.31E-05
155	6	0	0	0	0	0	0	232	254	0	-2.10E-05	6.21E-06	-7.72E-06	-1.33E-05
155	7	0	0	0	0	0	0	232	254	0	-2.10E-05	6.21E-06	-7.72E-06	-1.33E-05
155	8	0	0	0	0	0	0	232	254	0	-1.76E-05	4.37E-06	-7.89E-06	-1.29E-05
155	9	0	0	0	0	0	0	232	254	0	-1.86E-05	4.87E-06	-8.22E-06	-1.33E-05
155	10	0	0	0	0	0	0	232	254	0	-1.86E-05	4.87E-06	-8.22E-06	-1.33E-05
155	11	0	0	0	0	0	0	232	254	0	-2.06E-05	5.04E-06	-8.22E-06	-1.36E-05
155	12	0	0	0	0	0	0	232	254	0	-2.06E-05	5.04E-06	-8.22E-06	-1.36E-05
155	13	0	0	0	0	0	0	232	254	0	-2.03E-05	3.36E-06	-7.89E-06	-1.26E-05
155	14	0	0	0	0	0	0	232	254	0	-2.03E-05	3.36E-06	-7.89E-06	-1.26E-05
155	15	0	0	0	0	0	0	232	254	0	-2.10E-05	3.52E-06	-7.55E-06	-1.23E-05
155	16	0	0	0	0	0	0	232	254	0	-2.10E-05	3.52E-06	-7.55E-06	-1.23E-05
155	17	0	0	0	0	0	0	232	254	0	-2.08E-05	4.19E-06	-8.56E-06	-1.21E-05
155	18	0	0	0	0	0	0	232	254	0	-2.22E-05	4.53E-06	-8.23E-06	-1.23E-05
155	19	0	0	0	0	0	0	232	254	0	-2.22E-05	4.53E-06	-8.23E-06	-1.23E-05
156	0	0	0	0	0	0	0	232	254	0	-2.25E-05	5.20E-06	-9.06E-06	-1.29E-05
156	1	0	0	0	0	0	0	232	254	0	-2.25E-05	5.20E-06	-9.06E-06	-1.29E-05
156	2	0	0	0	0	0	0	232	254	0	-2.32E-05	4.87E-06	-8.90E-06	-1.31E-05
156	3	0	0	0	0	0	0	232	254	0	-2.32E-05	4.87E-06	-8.90E-06	-1.31E-05
156	4	0	0	0	0	0	0	232	254	0	-2.32E-05	3.86E-06	-9.57E-06	-1.38E-05
156	5	0	0	0	0	0	0	232	254	0	-2.32E-05	3.86E-06	-9.57E-06	-1.38E-05
156	6	0	0	0	0	0	0	232	254	0	-2.43E-05	3.53E-06	-9.57E-06	-1.36E-05
156	7	0	0	0	0	0	0	232	254	0	-2.43E-05	2.35E-06	-9.57E-06	-1.19E-05
156	8	0	0	0	0	0	0	232	254	0	-2.43E-05	2.35E-06	-9.57E-06	-1.19E-05
156	9	0	0	0	0	0	0	232	254	0	-2.27E-05	2.52E-06	-9.57E-06	-1.36E-05
156	10	0	0	0	0	0	0	232	254	0	-2.27E-05	2.52E-06	-9.57E-06	-1.36E-05
156	11	0	0	0	0	0	0	232	254	0	-2.23E-05	3.52E-06	-9.90E-06	-1.43E-05
156	12	0	0	0	0	0	0	232	254	0	-2.23E-05	3.52E-06	-9.90E-06	-1.43E-05
156	13	0	0	0	0	0	0	232	254	0	-2.13E-05	5.53E-06	-1.06E-05	-1.23E-05
156	14	0	0	0	0	0	0	232	254	0	-2.13E-05	5.53E-06	-1.06E-05	-1.23E-05
156	15	0	0	0	0	0	0	232	254	0	-2.05E-05	4.37E-06	-8.90E-06	-1.06E-05
156	16	0	0	0	0	0	0	232	254	0	-2.16E-05	4.53E-06	-8.73E-06	-1.06E-05
156	17	0	0	0	0	0	0	232	254	0	-2.16E-05	4.53E-06	-8.73E-06	-1.06E-05
156	18	0	0	0	0	0	0	232	254	0	-2.23E-05	5.70E-06	-9.40E-06	-1.06E-05
156	19	0	0	0	0	0	0	232	254	0	-2.23E-05	5.70E-06	-9.40E-06	-1.06E-05
157	0	0	0	0	0	0	0	232	254	0	-2.27E-05	6.21E-06	-8.40E-06	-1.19E-05
157	1	0	0	0	0	0	0	232	254	0	-2.27E-05	6.21E-06	-8.40E-06	-1.19E-05
157	2	0	0	0	0	0	0	232	254	0	-2.18E-05	5.54E-06	-8.06E-06	-1.23E-05
157	3	0	0	0	0	0	0	232	254	0	-2.18E-05	5.54E-06	-8.06E-06	-1.23E-05
157	4	0	0	0	0	0	0	232	254	0	-2.13E-05	3.53E-06	-8.89E-06	-1.19E-05
157	5	0	0	0	0	0	0	232	254	0	-2.25E-05	3.69E-06	-9.57E-06	-1.24E-05
157	6	0	0	0	0	0	0	232	254	0	-2.25E-05	3.69E-06	-9.57E-06	-1.24E-05
157	7	0	0	0	0	0	0	232	254	0	-2.08E-05	3.86E-06	-1.01E-05	-1.26E-05
157	8	0	0	0	0	0	0	232	254	0	-2.08E-05	3.86E-06	-1.01E-05	-1.26E-05
157	9	0	0	0	0	0	0	232	254	0	-2.00E-05	3.86E-06	-1.06E-05	-1.19E-05
157	10	0	0	0	0	0	0	232	254	0	-2.00E-05	3.86E-06	-1.06E-05	-1.19E-05
157	11	0	0	0	0	0	0	232	254	0	-1.96E-05	3.19E-06	-8.90E-06	-1.23E-05
157	12	0	0	0	0	0	0	232	254	0	-1.96E-05	3.19E-06	-8.90E-06	-1.23E-05
157	13	0	0	0	0	0	0	232	254	0	-1.96E-05	4.70E-06	-8.23E-06	-1.16E-05
157	14	0	0	0	0	0	0	232	254	0	-1.70E-05	4.87E-06	-8.56E-06	-1.17E-05
157	15	0	0	0	0	0	0	232	254	0	-1.70E-05	4.87E-06	-8.56E-06	-1.17E-05
157	16	0	0	0	0	0	0	232	254	0	-1.65E-05	4.20E-06	-9.23E-06	-1.29E-05
157	17	0	0	0	0	0	0	232	254	0	-1.65E-05	4.20E-06	-9.23E-06	-1.29E-05
157	18	0	0	0	0	0	0	232	254	0	-1.81E-05	3.36E-06	-8.90E-06	-1.29E-05
157	19	0	0	0	0	0	0	232	254	0	-1.81E-05	3.36E-06	-8.90E-06	-1.29E-05
158	0	0	0	0	0	0	0	232	254	0	-1.90E-05	3.52E-06	-8.90E-06	-1.13E-05
158	1	0	0	0	0	0	0	232	254	0	-1.90E-05	3.52E-06	-8.90E-06	-1.13E-05
158	2	0	0	0	0	0	0	232	254	0	-1.76E-05	4.53E-06	-9.57E-06	-1.16E-05
158	3	0	0	0	0	0	0	232	254	0	-2.06E-05	5.37E-06	-1.02E-05	-1.06E-05
158	4	0	0	0	0	0	0	232	254	0	-2.06E-05	5.37E-06	-1.02E-05	-1.06E-05
158	5	0	0	0	0	0	0	232	254	0	-2.20E-05	4.37E-06	-9.57E-06	-1.19E-05
158	6	0	0	0	0	0	0	232	254	0	-2.20E-05	4.37E-06	-9.57E-06	-1.19E-05
158	7	0	0	0	0	0	0	232	254	0	-2.12E-05	4.87E-06	-9.57E-06	-1.28E-05
158	8	0	0	0	0	0	0	232	254	0	-2.12E-05	4.87E-06	-9.57E-06	-1.28E-05
158	9	0	0	0	0	0	0	232	254	0	-2.10E-05	5.54E-06	-9.73E-06	-1.29E-05
158	10	0	0	0	0	0	0	232	254	0	-2.10E-05	5.54E-06	-9.73E-06	-1.29E-05
158	11	0	0	0	0	0	0	232	254	0	-2.17E-05	4.87E-06	-1.02E-05	-1.28E-05
158	12	0	0	0	0	0	0	232	254	0	-2.22E-05	5.54E-06	-1.09E-05	-1.36E-05
158	13	0	0	0	0	0	0	232	254	0	-2.22E-05	5.54E-06	-1.09E-05	-1.36E-05
158	14	0	0	0	0	0	0	232	254	0	-2.23E-05	4.87E-06	-8.90E-06	-1.41E-05
158	15	0	0	0	0	0	0	232	254	0	-2.23E-05	4.87E-06	-8.90E-06	-1.41E-05
158	16	0	0	0	0	0	0	232	254	0	-2.38E-05	5.87E-06	-8.90E-06	-1.33E-05
158	17	0	0	0	0	0	0	232	254	0	-2.38E-05	5.87E-06	-8.90E-06	-1.33E-05
158	18	0	0	0	0	0	0	232	254	0	-2.43E-05	5.54E-06	-9.73E-06	-1.36E-05
158	19	0	0	0	0	0	0	232	254	0	-2.43E-05	5.54E-06	-9.73E-06	-1.36E-05
159	0	0	0	0	0	0	0	232	254	0	-2.47E-05	4.37E-06	-9.57E-06	-1.36E-05
159	1	0	0	0	0	0	0	232	254	0	-2.33E-05	4.53E-06	-8.90E-06	-1.31E-05
159	2	0	0	0	0	0	0	232	254	0	-2.33E-05	4.53E-06	-8.90E-06	-1.31E-05
159	3	0	0	0	0	0	0	232	254	0	-2.40E-05	5.70E-06	-8.90E-06	-1.39E-05
159	4	0	0	0	0	0	0	232	254	0	-2.40E-05	5.70E-06	-8.90E-06	-1.39E-05
159	5	0	0	0	0	0	0	232	254	0	-2.43E-05	6.21E-06	-8.90E-06	-1.43E-05
159	6	0	0	0	0	0	0	232	254	0	-2.43E-05	6.21E-06	-8.90E-06	-1.43E-05
159	7	0	0	0	0	0	0	232	254	0	-2.53E-05	6.21E-06	-8.56E-06	-1.36E-05
159	8	0	0	0	0	0	0	232	254	0	-2.53E-05	6.21E-06	-8.56E-06	-1.36E-05
159	9	0	0	0	0	0	0	232	254	0	-2.52E-05	5.88E-06	-9.06E-06	-1.49E-05
159	10	0	0	0	0	0	0	232	254	0	-2.47E-05	4.54E-06	-9.57E-06	-1.49E-05
159	11	0	0	0	0	0	0	232	254	0	-2.47E-05	4.54E-06	-9.57E-06	-1.49E-05
159	12	0	0	0	0	0	0	232	254	0	-2.53E-05	5.70E-06	-8.56E-06	-1.33E-05
159	13	0	0	0	0	0	0	232	254	0	-2.53E-05	5.70E-06	-8.56E-06	-1.33E-05
159	14	0	0	0	0	0	0	232	254	0	-2.50E-05	4.54E-06	-7.72E-06	-1.34E-05
159	15	0	0	0	0	0	0	232	254	0	-2.50E-05	4.54E-06	-7.72E-06	-1.34E-05
159	16	0	0	0	0	0	0	232	254	0	-2.43E-05	4.36E-06	-8.89E-06	-1.23E-05
159	17	0	0	0	0	0	0	232	254	0	-2.43E-05	4.36E-06	-8.89E-06	-1.23E-05
159	18	0	0	0	0	0	0	232	254	0	-2.45E-05	3.69E-06	-8.39E-06	-1.23E-05
159	19	0	0	0	0	0	0	232	254	0	-2.58E-05	3.86E-06	-8.39E-06	-1.31E-05
160	0	0	0	0	0	0	0	232	254	0	-2.58E-05	3.86E-06	-8.39E-06	-1.31E-05
160	1	0	0	0	0	0	0	232	254	0	-2.48E-05	3.19E-06	-9.23E-06	-1.36E-05
160	2	0	0	0	0	0	0	232	254	0	-2.48E-05	3.19E-06	-9.23E-06	-1.36E-05
160	3	0	0	0	0	0	0	232	254	0	-2.35E-05	2.52E-06	-9.06E-06	-1.26E-05
160	4	0	0	0	0	0	0	232	254	0	-2.35E-05	2.52E-06	-9.06E-06	-1.26E-05
160	5	0	0	0	0	0	0	232	254	0	-2.33E-05	3.69E-06	-8.06E-06	-1.16E-05
160	6	0	0	0	0	0	0	232	254	0	-2.33E-05	3.69E-06	-8.06E-06	-1.16E-05
160	7	0	0	0	0	0	0	232	254	0	-2.27E-05	4.53E-06	-8.22E-06	-9.91E-06
160	8	0	0	0	0	0	0	232	254	0	-2.23E-05	3.53E-06	-8.22E-06	-9.57E-06
160	9	0	0	0	0	0	0	232	254	0	-2.23E-05	3.53E-06	-8.22E-06	-9.57E-06
160	10	0	0	0	0	0	0	232	254	0	-2.17E-05	5.20E-06	-8.22E-06	-1.12E-05
160	11	0	0	0	0	0	0	232	254	0	-2.17E-05	5.20E-06	-8.22E-06	-1.12E-05
160	12	0	0	0	0	0	0	232	254	0	-2.10E-05	4.87E-06	-7.72E-06	-1.16E-05
160	13	0	0	0	0	0	0	232	254	0	-2.10E-05	4.87E-06	-7.72E-06	-1.16E-05
160	14	0	0	0	0	0	0	232	254	0	-1.96E-05	4.70E-06	-8.89E-06	-1.19E-05
160	15	0	0	0	0	0	0	232	254	0	-1.96E-05	4.70E-06	-8.89E-06	-1.19E-05
160	16	0	0	0	0	0	0	232	254	0	-2.05E-05	5.70E-06	-9.73E-06	-1.16E-05
160	17	0	0	0	0	0	0	232	254	0	-2.23E-05	4.87E-06	-8.56E-06	-1.24E-05
160	18	0	0	0	0	0	0	232	254	0	-2.23E-05	4.87E-06	-8.56E-06	-1.24E-05
160	19	0	0	0	0	0	0	232	254	0	-2.23E-05	2.52E-06	-8.73E-06	-1.36E-05
161	0	0	0	0	0	0	0	232	254	0	-2.23E-05	2.52E-06	-8.73E-06	-1.36E-05
161	1	0	0	0	0	0	0	232	254	0	-2.30E-05	4.19E-06	-9.57E-06	-1.26E-05
161	2	0	0	0	0	0	0	232	254	0	-2.30E-05	4.19E-06	-9.57E-06	-1.26E-05
161	3	0	0	0	0	0	0	232	254	0	-2.32E-05	4.53E-06	-9.90E-06	-1.23E-05
161	4	0	0	0	0	0	0	232	254	0	-2.32E-05	4.53E-06	-9.90E-06	-1.23E-05
161	5	0	0	0	0	0	0	232	254	0	-2.23E-05	3.86E-06	-8.90E-06	-1.19E-05
161	6	0	0	0	0	0	0	232	254	0	-2.01E-05	3.69E-06	-9.57E-06	-9.91E-06
161	7	0	0	0	0	0	0	232	254	0	-2.01E-05	3.69E-06	-9.57E-06	-9.91E-06
161	8	0	0	0	0	0	0	232	254	0	-2.05E-05	3.19E-06	-9.73E-06	-1.06E-05
161	9	0	0	0	0	0	0	232	254	0	-2.05E-05	3.19E-06	-9.73E-06	-1.06E-05
161	10	0	0	0	0	0	0	232	254	0	-1.96E-05	2.02E-06	-1.04E-05	-1.22E-05
161	11	0	0	0	0	0	0	232	254	0	-1.96E-05	2.02E-06	-1.04E-05	-1.22E-05
161	12	0	0	0	0	0	0	232	254	0	-1.90E-05	3.19E-06	-9.57E-06	-1.33E-05
161	13	0	0	0	0	0	0	232	254	0	-1.90E-05	3.19E-06	-9.57E-06	-1.33E-05
161	14	0	0	0	0	0	0	232	254	0	-2.01E-05	5.03E-06	-8.06E-06	-1.53E-05
161	15	0	0	0	0	0	0	232	254	0	-1.86E-05	5.37E-06	-8.89E-06	-1.43E-05
161	16	0	0	0	0	0	0	232	254	0	-1.86E-05	5.37E-06	-8.89E-06	-1.43E-05
161	17	0	0	0	0	0	0	232	254	0	-1.70E-05	4.37E-06	-9.57E-06	-1.29E-05
161	18	0	0	0	0	0	0	232	254	0	-1.70E-05	4.37E-06	-9.57E-06	-1.29E-05
161	19	0	0	0	0	0	0	232	254	0	-1.83E-05	4.53E-06	-9.07E-06	-1.18E-05
162	0	0	0	0	0	0	0	232	254	0	-1.83E-05	4.53E-06	-9.07E-06	-1.18E-05
162	1	0	0	0	0	0	0	232	254	0	-2.00E-05	4.20E-06	-8.23E-06	-1.29E-05
162	2	0	0	0	0	0	0	232	254	0	-2.00E-05	4.20E-06	-8.23E-06	-1.29E-05
162	3	0	0	0	0	0	0	232	254	0	-1.90E-05	2.86E-06	-8.73E-06	-1.29E-05
162	4	0	0	0	0	0	0	232	254	0	-1.71E-05	3.69E-06	-8.23E-06	-1.14E-05
162	5	0	0	0	0	0	0	232	254	0	-1.71E-05	3.69E-06	-8.23E-06	-1.14E-05
162	6	0	0	0	0	0	0	232	254	0	-1.73E-05	2.52E-06	-8.56E-06	-1.17E-05
162	7	0	0	0	0	0	0	232	254	0	-1.73E-05	2.52E-06	-8.56E-06	-1.17E-05
162	8	0	0	0	0	0	0	232	254	0	-1.65E-05	3.52E-06	-8.56E-06	-1.16E-05
162	9	0	0	0	0	0	0	232	254	0	-1.65E-05	3.52E-06	-8.56E-06	-1.16E-05
162	10	0	0	0	0	0	0	232	254	0	-1.49E-05	5.03E-06	-8.56E-06	-1.02E-05
162	11	0	0	0	0	0	0	232	254	0	-1.49E-05	5.03E-06	-8.56E-06	-1.02E-05
162	12	0	0	0	0	0	0	232	254	0	-1.76E-05	4.87E-06	-8.90E-06	-1.09E-05
162	13	0	0	0	0	0	0	232	254	0	-1.93E-05	5.20E-06	-8.23E-06	-1.12E-05
162	14	0	0	0	0	0	0	232	254	0	-1.93E-05	5.20E-06	-8.23E-06	-1.12E-05
162	15	0	0	0	0	0	0	232	254	0	-1.98E-05	4.87E-06	-8.89E-06	-1.28E-05
162	16	0	0	0	0	0	0	232	254	0	-1.98E-05	4.87E-06	-8.89E-06	-1.28E-05
162	17	0	0	0	0	0	0	232	254	0	-2.13E-05	5.20E-06	-8.90E-06	-1.29E-05
162	18	0	0	0	0	0	0	232	254	0	-2.13E-05	5.20E-06	-8.90E-06	-1.29E-05
162	19	0	0	0	0	0	0	232	254	0	-2.03E-05	3.86E-06	-8.90E-06	-1.16E-05
163	0	0	0	0	0	0	0	232	254	0	-2.03E-05	3.86E-06	-8.90E-06	-1.16E-05
163	1	0	0	0	0	0	0	232	254	0	-2.10E-05	5.03E-06	-8.23E-06	-1.09E-05
163	2	0	0	0	0	0	0	232	254	0	-2.23E-05	6.88E-06	-8.39E-06	-1.19E-05
163	3	0	0	0	0	0	0	232	254	0	-2.23E-05	6.88E-06	-8.39E-06	-1.19E-05
163	4	0	0	0	0	0	0	232	254	0	-2.17E-05	6.04E-06	-8.23E-06	-1.28E-05
163	5	0	0	0	0	0	0	232	254	0	-2.17E-05	6.04E-06	-8.23E-06	-1.28E-05
163	6	0	0	0	0	0	0	232	254	0	-2.12E-05	5.21E-06	-8.39E-06	-1.26E-05
163	7	0	0	0	0	0	0	232	254	0	-2.12E-05	5.21E-06	-8.39E-06	-1.26E-05
163	8	0	0	0	0	0	0	232	254	0	-2.17E-05	4.53E-06	-8.89E-06	-1.29E-05
163	9	0	0	0	0	0	0	232	254	0	-2.17E-05	4.53E-06	-8.89E-06	-1.29E-05
163	10	0	0	0	0	0	0	232	254	0	-2.20E-05	4.20E-06	-8.39E-06	-1.06E-05
163	11	0	0	0	0	0	0	232	254	0	-2.18E-05	4.53E-06	-8.73E-06	-1.02E-05
163	12	0	0	0	0	0	0	232	254	0	-2.18E-05	4.53E-06	-8.73E-06	-1.02E-05
163	13	0	0	0	0	0	0	232	254	0	-2.32E-05	5.03E-06	-9.73E-06	-1.09E-05
163	14	0	0	0	0	0	0	232	254	0	-2.32E-05	5.03E-06	-9.73E-06	-1.09E-05
163	15	0	0	0	0	0	0	232	254	0	-2.30E-05	5.20E-06	-9.23E-06	-1.06E-05
163	16	0	0	0	0	0	0	232	254	0	-2.30E-05	5.20E-06	-9.23E-06	-1.06E-05
163	17	0	0	0	0	0	0	232	254	0	-2.13E-05	4.53E-06	-8.56E-06	-1.17E-05
163	18	0	0	0	0	0	0	232	254	0	-2.13E-05	4.53E-06	-8.56E-06	-1.17E-05
163	19	0	0	0	0	0	0	232	254	0	-2.11E-05	3.19E-06	-1.02E-05	-1.23E-05
164	0	0	0	0	0	0	0	232	254	0	-2.17E-05	3.69E-06	-9.90E-06	-1.06E-05
164	1	0	0	0	0	0	0	232	254	0	-2.17E-05	3.69E-06	-9.90E-06	-1.06E-05
164	2	0	0	0	0	0	0	232	254	0	-2.10E-05	4.86E-06	-9.07E-06	-1.12E-05
164	3	0	0	0	0	0	0	232	254	0	-2.10E-05	4.86E-06	-9.07E-06	-1.12E-05
164	4	0	0	0	0	0	0	232	254	0	-2.17E-05	4.20E-06	-8.56E-06	-1.09E-05
164	5	0	0	0	0	0	0	232	254	0	-2.17E-05	4.20E-06	-8.56E-06	-1.09E-05
164	6	0	0	0	0	0	0	232	254	0	-2.35E-05	3.86E-06	-9.06E-06	-1.09E-05
164	7	0	0	0	0	0	0	232	254	0	-2.35E-05	3.86E-06	-9.06E-06	-1.09E-05
164	8	0	0	0	0	0	0	232	254	0	-2.30E-05	5.20E-06	-9.90E-06	-1.24E-05
164	9	0	0	0	0	0	0	232	254	0	-2.23E-05	7.38E-06	-8.90E-06	-1.24E-05
164	10	0	0	0	0	0	0	232	254	0	-2.23E-05	7.38E-06	-8.90E-06	-1.24E-05
164	11	0	0	0	0	0	0	232	254	0	-2.13E-05	5.71E-06	-9.23E-06	-1.29E-05
164	12	0	0	0	0	0	0	232	254	0	-2.13E-05	5.71E-06	-9.23E-06	-1.29E-05
164	13	0	0	0	0	0	0	232	254	0	-2.13E-05	5.87E-06	-9.57E-06	-1.21E-05
164	14	0	0	0	0	0	0	232	254	0	-2.13E-05	5.87E-06	-9.57E-06	-1.21E-05
164	15	0	0	0	0	0	0	232	254	0	-2.20E-05	6.54E-06	-8.90E-06	-1.28E-05
164	16	0	0	0	0	0	0	232	254	0	-2.20E-05	6.54E-06	-8.90E-06	-1.28E-05
164	17	0	0	0	0	0	0	232	254	0	-2.12E-05	6.21E-06	-9.23E-06	-1.29E-05
164	18	0	0	0	0	0	0	232	254	0	-2.00E-05	5.71E-06	-8.56E-06	-1.29E-05
164	19	0	0	0	0	0	0	232	254	0	-2.00E-05	5.71E-06	-8.56E-06	-1.29E-05
165	0	0	0	0	0	0	0	232	254	0	-1.96E-05	5.71E-06	-8.23E-06	-1.36E-05
165	1	0	0	0	0	0	0	232	254	0	-1.96E-05	5.71E-06	-8.23E-06	-1.36E-05
165	2	0	0	0	0	0	0	232	254	0	-1.93E-05	5.54E-06	-9.23E-06	-1.39E-05
165	3	0	0	0	0	0	0	232	254	0	-1.93E-05	5.54E-06	-9.23E-06	-1.39E-05
165	4	0	0	0	0	0	0	232	254	0	-1.98E-05	4.20E-06	-9.90E-06	-1.18E-05
165	5	0	0	0	0	0	0	232	254	0	-1.98E-05	4.20E-06	-9.90E-06	-1.18E-05
165	6	0	0	0	0	0	0	232	254	0	-2.06E-05	3.53E-06	-8.73E-06	-1.17E-05
165	7	0	0	0	0	0	0	232	254	0	-2.06E-05	3.52E-06	-7.56E-06	-1.33E-05
165	8	0	0	0	0	0	0	232	254	0	-2.06E-05	3.52E-06	-7.56E-06	-1.33E-05
165	9	0	0	0	0	0	0	232	254	0	-2.06E-05	4.36E-06	-8.56E-06	-1.36E-05
165	10	0	0	0	0	0	0	232	254	0	-2.06E-05	4.36E-06	-8.56E-06	-1.36E-05
165	11	0	0	0	0	0	0	232	254	0	-2.15E-05	5.20E-06	-9.40E-06	-1.53E-05
165	12	0	0	0	0	0	0	232	254	0	-2.15E-05	5.20E-06	-9.40E-06	-1.53E-05
165	13	0	0	0	0	0	0	232	254	0	-2.30E-05	5.87E-06	-9.57E-06	-1.59E-05
165	14	0	0	0	0	0	0	232	254	0	-2.30E-05	5.87E-06	-9.57E-06	-1.59E-05
165	15	0	0	0	0	0	0	232	254	0	-2.23E-05	6.38E-06	-1.02E-05	-1.33E-05
165	16	0	0	0	0	0	0	232	254	0	-2.15E-05	5.21E-06	-1.02E-05	-1.26E-05
165	17	0	0	0	0	0	0	232	254	0	-2.15E-05	5.21E-06	-1.02E-05	-1.26E-05
165	18	0	0	0	0	0	0	232	254	0	-2.11E-05	6.38E-06	-9.07E-06	-1.38E-05
165	19	0	0	0	0	0	0	232	254	0	-2.11E-05	6.38E-06	-9.07E-06	-1.38E-05
166	0	0	0	0	0	0	0	232	254	0	-2.28E-05	5.54E-06	-9.23E-06	-1.24E-05
166	1	0	0	0	0	0	0	232	254	0	-2.28E-05	5.54E-06	-9.23E-06	-1.24E-05
166	2	0	0	0	0	0	0	232	254	0	-2.30E-05	4.53E-06	-9.23E-06	-1.28E-05
166	3	0	0	0	0	0	0	232	254	0	-2.30E-05	4.53E-06	-9.23E-06	-1.28E-05
166	4	0	0	0	0	0	0	232	254	0	-2.18E-05	4.53E-06	-8.73E-06	-1.33E-05
166	5	0	0	0	0	0	0	232	254	0	-2.17E-05	4.53E-06	-9.06E-06	-1.39E-05
166	6	0	0	0	0	0	0	232	254	0	-2.17E-05	4.53E-06	-9.06E-06	-1.39E-05
166	7	0	0	0	0	0	0	232	254	0	-2.23E-05	4.70E-06	-8.90E-06	-1.46E-05
166	8	0	0	0	0	0	0	232	254	0	-2.23E-05	4.70E-06	-8.90E-06	-1.46E-05
166	9	0	0	0	0	0	0	232	254	0	-2.03E-05	4.36E-06	-8.73E-06	-1.36E-05
166	10	0	0	0	0	0	0	232	254	0	-2.03E-05	4.36E-06	-8.73E-06	-1.36E-05
166	11	0	0	0	0	0	0	232	254	0	-2.08E-05	5.37E-06	-8.56E-06	-1.34E-05
166	12	0	0	0	0	0	0	232	254	0	-2.08E-05	5.37E-06	-8.56E-06	-1.34E-05
166	13	0	0	0	0	0	0	232	254	0	-2.10E-05	5.54E-06	-9.73E-06	-1.39E-05
166	14	0	0	0	0	0	0	232	254	0	-2.03E-05	4.53E-06	-1.01E-05	-1.43E-05
166	15	0	0	0	0	0	0	232	254	0	-2.03E-05	4.53E-06	-1.01E-05	-1.43E-05
166	16	0	0	0	0	0	0	232	254	0	-2.00E-05	4.36E-06	-9.07E-06	-1.29E-05
166	17	0	0	0	0	0	0	232	254	0	-2.00E-05	4.36E-06	-9.07E-06	-1.29E-05
166	18	0	0	0	0	0	0	232	254	0	-1.90E-05	3.69E-06	-9.57E-06	-1.19E-05
166	19	0	0	0	0	0	0	232	254	0	-1.90E-05	3.69E-06	-9.57E-06	-1.19E-05
167	0	0	0	0	0	0	0	232	254	0	-1.93E-05	4.20E-06	-1.02E-05	-1.09E-05
167	1	0	0	0	0	0	0	232	254	0	-1.93E-05	4.20E-06	-1.02E-05	-1.09E-05
167	2	0	0	0	0	0	0	232	254	0	-1.91E-05	4.87E-06	-9.90E-06	-1.36E-05
167	3	0	0	0	0	0	0	232	254	0	-2.11E-05	4.53E-06	-8.90E-06	-1.49E-05
167	4	0	0	0	0	0	0	232	254	0	-2.11E-05	4.53E-06	-8.90E-06	-1.49E-05
167	5	0	0	0	0	0	0	232	254	0	-1.96E-05	5.20E-06	-8.90E-06	-9.91E-06
167	6	0	0	0	0	0	0	232	254	0	-1.96E-05	5.20E-06	-8.90E-06	-9.91E-06
167	7	0	0	0	0	0	0	232	254	0	-1.85E-05	4.37E-06	-1.06E-05	-9.57E-06
167	8	0	0	0	0	0	0	232	254	0	-1.85E-05	4.37E-06	-1.06E-05	-9.57E-06
167	9	0	0	0	0	0	0	232	254	0	-1.86E-05	5.87E-06	-1.09E-05	-1.22E-05
167	10	0	0	0	0	0	0	232	254	0	-1.86E-05	5.87E-06	-1.09E-05	-1.22E-05
167	11	0	0	0	0	0	0	232	254	0	-2.00E-05	6.54E-06	-1.06E-05	-1.21E-05
167	12	0	0	0	0	0	0	232	254	0	-1.93E-05	5.04E-06	-1.01E-05	-9.57E-06
167	13	0	0	0	0	0	0	232	254	0	-1.93E-05	5.04E-06	-1.01E-05	-9.57E-06
167	14	0	0	0	0	0	0	232	254	0	-2.03E-05	3.03E-06	-9.57E-06	-1.19E-05
167	15	0	0	0	0	0	0	232	254	0	-2.03E-05	3.03E-06	-9.57E-06	-1.19E-05
167	16	0	0	0	0	0	0	232	254	0	-2.23E-05	3.52E-06	-9.23E-06	-1.36E-05
167	17	0	0	0	0	0	0	232	254	0	-2.23E-05	3.52E-06	-9.23E-06	-1.36E-05
167	18	0	0	0	0	0	0	232	254	0	-2.12E-05	4.70E-06	-9.40E-06	-1.13E-05
167	19	0	0	0	0	0	0	232	254	0	-2.12E-05	4.70E-06	-9.40E-06	-1.13E-05
168	0	0	0	0	0	0	0	232	254	0	-2.10E-05	5.70E-06	-9.57E-06	-1.09E-05
168	1	0	0	0	0	0	0	232	254	0	-2.20E-05	5.20E-06	-8.90E-06	-1.19E-05
168	2	0	0	0	0	0	0	232	254	0	-2.20E-05	5.20E-06	-8.90E-06	-1.19E-05
168	3	0	0	0	0	0	0	232	254	0	-2.12E-05	3.70E-06	-8.23E-06	-1.09E-05
168	4	0	0	0	0	0	0	232	254	0	-2.12E-05	3.70E-06	-8.23E-06	-1.09E-05
168	5	0	0	0	0	0	0	232	254	0	-2.06E-05	3.19E-06	-8.56E-06	-1.19E-05
168	6	0	0	0	0	0	0	232	254	0	-2.06E-05	3.19E-06	-8.56E-06	-1.19E-05
168	7	0	0	0	0	0	0	232	254	0	-2.10E-05	4.70E-06	-9.40E-06	-1.19E-05
168	8	0	0	0	0	0	0	232	254	0	-2.10E-05	4.70E-06	-9.40E-06	-1.19E-05
168	9	0	0	0	0	0	0	232	254	0	-2.15E-05	3.86E-06	-8.90E-06	-1.39E-05
168	10	0	0	0	0	0	0	232	254	0	-2.17E-05	3.53E-06	-8.90E-06	-1.39E-05
168	11	0	0	0	0	0	0	232	254	0	-2.17E-05	3.53E-06	-8.90E-06	-1.39E-05
168	12	0	0	0	0	0	0	232	254	0	-2.23E-05	3.86E-06	-9.23E-06	-1.26E-05
168	13	0	0	0	0	0	0	232	254	0	-2.23E-05	3.86E-06	-9.23E-06	-1.26E-05
168	14	0	0	0	0	0	0	232	254	0	-2.20E-05	4.03E-06	-8.73E-06	-1.26E-05
168	15	0	0	0	0	0	0	232	254	0	-2.20E-05	4.03E-06	-8.73E-06	-1.26E-05
168	16	0	0	0	0	0	0	232	254	0	-2.30E-05	4.20E-06	-7.72E-06	-1.16E-05
168	17	0	0	0	0	0	0	232	254	0	-2.30E-05	4.20E-06	-7.72E-06	-1.16E-05
168	18	0	0	0	0	0	0	232	254	0	-2.37E-05	4.53E-06	-8.89E-06	-1.04E-05
168	19	0	0	0	0	0	0	232	254	0	-2.30E-05	3.86E-06	-9.23E-06	-9.57E-06
169	0	0	0	0	0	0	0	232	254	0	-2.30E-05	3.86E-06	-9.23E-06	-9.57E-06
169	1	0	0	0	0	0	0	232	254	0	-2.30E-05	4.53E-06	-8.23E-06	-8.90E-06
169	2	0	0	0	0	0	0	232	254	0	-2.30E-05	4.53E-06	-8.23E-06	-8.90E-06
169	3	0	0	0	0	0	0	232	254	0	-2.17E-05	5.20E-06	-8.56E-06	-8.90E-06
169	4	0	0	0	0	0	0	232	254	0	-2.17E-05	5.20E-06	-8.56E-06	-8.90E-06
169	5	0	0	0	0	0	0	232	254	0	-2.06E-05	5.20E-06	-8.90E-06	-1.09E-05
169	6	0	0	0	0	0	0	232	254	0	-2.06E-05	5.20E-06	-8.90E-06	-1.09E-05
169	7	0	0	0	0	0	0	232	254	0	-2.17E-05	5.71E-06	-9.57E-06	-1.09E-05
169	8	0	0	0	0	0	0	232	254	0	-2.10E-05	5.71E-06	-9.57E-06	-9.74E-06
169	9	0	0	0	0	0	0	232	254	0	-2.10E-05	5.71E-06	-9.57E-06	-9.74E-06
169	10	0	0	0	0	0	0	232	254	0	-1.86E-05	4.53E-06	-8.90E-06	-9.90E-06
169	11	0	0	0	0	0	0	232	254	0	-1.86E-05	4.53E-06	-8.90E-06	-9.90E-06
169	12	0	0	0	0	0	0	232	254	0	-1.95E-05	5.54E-06	-1.04E-05	-7.89E-06
169	13	0	0	0	0	0	0	232	254	0	-1.95E-05	5.54E-06	-1.04E-05	-7.89E-06
169	14	0	0	0	0	0	0	232	254	0	-1.85E-05	7.05E-06	-1.01E-05	-1.36E-05
169	15	0	0	0	0	0	0	232	254	0	-1.85E-05	7.05E-06	-1.01E-05	-1.36E-05
169	16	0	0	0	0	0	0	232	254	0	-1.83E-05	5.21E-06	-8.90E-06	-1.78E-05
169	17	0	0	0	0	0	0	232	254	0	-1.70E-05	4.20E-06	-6.89E-06	-1.86E-05
169	18	0	0	0	0	0	0	232	254	0	-1.70E-05	4.20E-06	-6.89E-06	-1.86E-05
169	19	0	0	0	0	0	0	232	254	0	-1.66E-05	5.54E-06	-6.88E-06	-1.98E-05
170	0	0	0	0	0	0	0	232	254	0	-1.66E-05	5.54E-06	-6.88E-06	-1.98E-05
170	1	0	0	0	0	0	0	232	254	0	-1.83E-05	4.20E-06	-6.21E-06	-1.78E-05
170	2	0	0	0	0	0	0	232	254	0	-1.83E-05	4.20E-06	-6.21E-06	-1.78E-05
170	3	0	0	0	0	0	0	232	254	0	-1.80E-05	3.86E-06	-6.55E-06	-1.54E-05
170	4	0	0	0	0	0	0	232	254	0	-1.80E-05	3.86E-06	-6.55E-06	-1.54E-05
170	5	0	0	0	0	0	0	232	254	0	-1.85E-05	3.86E-06	-7.05E-06	-1.56E-05
170	6	0	0	0	0	0	0	232	254	0	-1.96E-05	3.19E-06	-7.05E-06	-1.36E-05
170	7	0	0	0	0	0	0	232	254	0	-1.96E-05	3.19E-06	-7.05E-06	-1.36E-05
170	8	0	0	0	0	0	0	232	254	0	-2.03E-05	3.86E-06	-7.55E-06	-1.33E-05
170	9	0	0	0	0	0	0	232	254	0	-2.03E-05	3.86E-06	-7.55E-06	-1.33E-05
170	10	0	0	0	0	0	0	232	254	0	-2.11E-05	4.20E-06	-7.89E-06	-1.11E-05
170	11	0	0	0	0	0	0	232	254	0	-2.11E-05	4.20E-06	-7.89E-06	-1.11E-05
170	12	0	0	0	0	0	0	232	254	0	-2.10E-05	5.20E-06	-8.39E-06	-1.09E-05
170	13	0	0	0	0	0	0	232	254	0	-2.10E-05	5.20E-06	-8.39E-06	-1.09E-05
170	14	0	0	0	0	0	0	232	254	0	-2.18E-05	4.87E-06	-8.90E-06	-1.09E-05
170	15	0	0	0	0	0	0	232	254	0	-2.27E-05	4.53E-06	-8.56E-06	-1.19E-05
170	16	0	0	0	0	0	0	232	254	0	-2.27E-05	4.53E-06	-8.56E-06	-1.19E-05
170	17	0	0	0	0	0	0	232	254	0	-2.30E-05	3.86E-06	-8.56E-06	-1.19E-05
170	18	0	0	0	0	0	0	232	254	0	-2.30E-05	3.86E-06	-8.56E-06	-1.19E-05
170	19	0	0	0	0	0	0	232	254	0	-2.35E-05	5.54E-06	-8.39E-06	-1.06E-05
171	0	0	0	0	0	0	0	232	254	0	-2.35E-05	5.54E-06	-8.39E-06	-1.06E-05
171	1	0	0	0	0	0	0	232	254	0	-2.38E-05	4.53E-06	-8.90E-06	-7.73E-06
171	2	0	0	0	0	0	0	232	254	0	-2.38E-05	4.53E-06	-8.90E-06	-7.73E-06
171	3	0	0	0	0	0	0	232	254	0	-2.30E-05	4.36E-06	-8.56E-06	-7.72E-06
171	4	0	0	0	0	0	0	232	254	0	-2.40E-05	4.53E-06	-9.23E-06	-9.90E-06
171	5	0	0	0	0	0	0	232	254	0	-2.40E-05	4.53E-06	-9.23E-06	-9.90E-06
171	6	0	0	0	0	0	0	232	254	0	-2.37E-05	5.37E-06	-9.57E-06	-1.02E-05
171	7	0	0	0	0	0	0	232	254	0	-2.37E-05	5.37E-06	-9.57E-06	-1.02E-05
171	8	0	0	0	0	0	0	232	254	0	-2.33E-05	4.87E-06	-9.57E-06	-9.57E-06
171	9	0	0	0	0	0	0	232	254	0	-2.33E-05	4.87E-06	-9.57E-06	-9.57E-06
171	10	0	0	0	0	0	0	232	254	0	-2.43E-05	4.37E-06	-9.73E-06	-1.22E-05
171	11	0	0	0	0	0	0	232	254	0	-2.43E-05	4.37E-06	-9.73E-06	-1.22E-05
171	12	0	0	0	0	0	0	232	254	0	-2.37E-05	4.53E-06	-8.56E-06	-1.59E-05
171	13	0	0	0	0	0	0	232	254	0	-2.30E-05	4.20E-06	-8.23E-06	-1.36E-05
171	14	0	0	0	0	0	0	232	254	0	-2.30E-05	4.20E-06	-8.23E-06	-1.36E-05
171	15	0	0	0	0	0	0	232	254	0	-2.32E-05	3.86E-06	-9.56E-06	-1.23E-05
171	16	0	0	0	0	0	0	232	254	0	-2.32E-05	3.86E-06	-9.56E-06	-1.23E-05
171	17	0	0	0	0	0	0	232	254	0	-2.45E-05	3.69E-06	-1.12E-05	-1.39E-05
171	18	0	0	0	0	0	0	232	254	0	-2.45E-05	3.69E-06	-1.12E-05	-1.39E-05
171	19	0	0	0	0	0	0	232	254	0	-2.50E-05	5.20E-06	-1.07E-05	-1.26E-05
172	0	0	0	0	0	0	0	232	254	0	-2.50E-05	5.20E-06	-1.07E-05	-1.26E-05
172	1	0	0	0	0	0	0	232	254	0	-2.23E-05	3.86E-06	-9.74E-06	-1.38E-05
172	2	0	0	0	0	0	0	232	254	0	-2.00E-05	3.86E-06	-8.90E-06	-1.41E-05
172	3	0	0	0	0	0	0	232	254	0	-2.00E-05	3.86E-06	-8.90E-06	-1.41E-05
172	4	0	0	0	0	0	0	232	254	0	-2.10E-05	4.20E-06	-8.73E-06	-1.31E-05
172	5	0	0	0	0	0	0	232	254	0	-2.10E-05	4.20E-06	-8.73E-06	-1.31E-05
172	6	0	0	0	0	0	0	232	254	0	-2.17E-05	2.86E-06	-9.23E-06	-1.23E-05
172	7	0	0	0	0	0	0	232	254	0	-2.17E-05	2.86E-06	-9.23E-06	-1.23E-05
172	8	0	0	0	0	0	0	232	254	0	-2.10E-05	3.36E-06	-9.73E-06	-1.23E-05
172	9	0	0	0	0	0	0	232	254	0	-2.10E-05	3.36E-06	-9.73E-06	-1.23E-05
172	10	0	0	0	0	0	0	232	254	0	-2.20E-05	5.53E-06	-8.56E-06	-1.26E-05
172	11	0	0	0	0	0	0	232	254	0	-2.33E-05	5.87E-06	-9.73E-06	-1.21E-05
172	12	0	0	0	0	0	0	232	254	0	-2.33E-05	5.87E-06	-9.73E-06	-1.21E-05
172	13	0	0	0	0	0	0	232	254	0	-2.40E-05	4.53E-06	-8.73E-06	-1.26E-05
172	14	0	0	0	0	0	0	232	254	0	-2.40E-05	4.53E-06	-8.73E-06	-1.26E-05
172	15	0	0	0	0	0	0	232	254	0	-2.43E-05	4.20E-06	-9.57E-06	-1.16E-05
172	16	0	0	0	0	0	0	232	254	0	-2.43E-05	4.20E-06	-9.57E-06	-1.16E-05
172	17	0	0	0	0	0	0	232	254	0	-2.33E-05	5.20E-06	-9.57E-06	-1.14E-05
172	18	0	0	0	0	0	0	232	254	0	-2.33E-05	5.20E-06	-9.57E-06	-1.14E-05
172	19	0	0	0	0	0	0	232	254	0	-2.35E-05	6.54E-06	-8.56E-06	-1.36E-05
173	0	0	0	0	0	0	0	232	254	0	-2.17E-05	5.71E-06	-8.56E-06	-1.38E-05
173	1	0	0	0	0	0	0	232	254	0	-2.17E-05	5.71E-06	-8.56E-06	-1.38E-05
173	2	0	0	0	0	0	0	232	254	0	-2.13E-05	4.87E-06	-8.90E-06	-1.36E-05
173	3	0	0	0	0	0	0	232	254	0	-2.13E-05	4.87E-06	-8.90E-06	-1.36E-05
173	4	0	0	0	0	0	0	232	254	0	-2.23E-05	3.86E-06	-9.57E-06	-1.39E-05
173	5	0	0	0	0	0	0	232	254	0	-2.23E-05	3.86E-06	-9.57E-06	-1.39E-05
173	6	0	0	0	0	0	0	232	254	0	-2.25E-05	3.86E-06	-9.73E-06	-1.36E-05
173	7	0	0	0	0	0	0	232	254	0	-2.25E-05	3.86E-06	-9.73E-06	-1.36E-05
173	8	0	0	0	0	0	0	232	254	0	-2.18E-05	4.87E-06	-8.90E-06	-1.28E-05
173	9	0	0	0	0	0	0	232	254	0	-2.13E-05	5.20E-06	-8.90E-06	-1.29E-05
173	10	0	0	0	0	0	0	232	254	0	-2.13E-05	5.20E-06	-8.90E-06	-1.29E-05
173	11	0	0	0	0	0	0	232	254	0	-2.13E-05	5.54E-06	-9.57E-06	-1.33E-05
173	12	0	0	0	0	0	0	232	254	0	-2.13E-05	5.54E-06	-9.57E-06	-1.33E-05
173	13	0	0	0	0	0	0	232	254	0	-2.17E-05	4.53E-06	-1.06E-05	-1.36E-05
173	14	0	0	0	0	0	0	232	254	0	-2.17E-05	4.53E-06	-1.06E-05	-1.36E-05
173	15	0	0	0	0	0	0	232	254	0	-2.11E-05	4.70E-06	-1.01E-05	-1.46E-05
173	16	0	0	0	0	0	0	232	254	0	-2.11E-05	4.70E-06	-1.01E-05	-1.46E-05
173	17	0	0	0	0	0	0	232	254	0	-1.90E-05	4.53E-06	-9.40E-06	-1.41E-05
173	18	0	0	0	0	0	0	232	254	0	-1.83E-05	4.53E-06	-9.73E-06	-1.23E-05
173	19	0	0	0	0	0	0	232	254	0	-1.83E-05	4.53E-06	-9.73E-06	-1.23E-05
174	0	0	0	0	0	0	0	232	254	0	-1.85E-05	4.36E-06	-9.23E-06	-1.31E-05
174	1	0	0	0	0	0	0	232	254	0	-1.85E-05	4.36E-06	-9.23E-06	-1.31E-05
174	2	0	0	0	0	0	0	232	254	0	-2.03E-05	3.86E-06	-9.57E-06	-1.44E-05
174	3	0	0	0	0	0	0	232	254	0	-2.03E-05	3.86E-06	-9.57E-06	-1.44E-05
174	4	0	0	0	0	0	0	232	254	0	-2.03E-05	4.20E-06	-9.57E-06	-1.36E-05
174	5	0	0	0	0	0	0	232	254	0	-2.03E-05	4.20E-06	-9.57E-06	-1.36E-05
174	6	0	0	0	0	0	0	232	254	0	-2.00E-05	5.87E-06	-8.90E-06	-1.23E-05
174	7	0	0	0	0	0	0	232	254	0	-2.03E-05	6.54E-06	-8.90E-06	-1.23E-05
174	8	0	0	0	0	0	0	232	254	0	-2.03E-05	6.54E-06	-8.90E-06	-1.23E-05
174	9	0	0	0	0	0	0	232	254	0	-1.90E-05	5.21E-06	-8.23E-06	-1.31E-05
174	10	0	0	0	0	0	0	232	254	0	-1.90E-05	5.21E-06	-8.23E-06	-1.31E-05
174	11	0	0	0	0	0	0	232	254	0	-1.96E-05	4.53E-06	-8.22E-06	-1.23E-05
174	12	0	0	0	0	0	0	232	254	0	-1.96E-05	4.53E-06	-8.22E-06	-1.23E-05
174	13	0	0	0	0	0	0	232	254	0	-2.20E-05	4.87E-06	-8.56E-06	-1.29E-05
174	14	0	0	0	0	0	0	232	254	0	-2.20E-05	4.87E-06	-8.56E-06	-1.29E-05
174	15	0	0	0	0	0	0	232	254	0	-2.15E-05	5.71E-06	-8.90E-06	-1.49E-05
174	16	0	0	0	0	0	0	232	254	0	-2.06E-05	3.86E-06	-9.90E-06	-1.39E-05
174	17	0	0	0	0	0	0	232	254	0	-2.06E-05	3.86E-06	-9.90E-06	-1.39E-05
174	18	0	0	0	0	0	0	232	254	0	-2.23E-05	2.86E-06	-9.57E-06	-1.33E-05
174	19	0	0	0	0	0	0	232	254	0	-2.23E-05	2.86E-06	-9.57E-06	-1.33E-05
175	0	0	0	0	0	0	0	232	254	0	-2.22E-05	3.19E-06	-8.90E-06	-1.26E-05
175	1	0	0	0	0	0	0	232	254	0	-2.22E-05	3.19E-06	-8.90E-06	-1.26E-05
175	2	0	0	0	0	0	0	232	254	0	-2.10E-05	4.53E-06	-8.56E-06	-1.31E-05
175	3	0	0	0	0	0	0	232	254	0	-2.10E-05	4.53E-06	-8.56E-06	-1.31E-05
175	4	0	0	0	0	0	0	232	254	0	-2.10E-05	3.19E-06	-8.56E-06	-1.46E-05
175	5	0	0	0	0	0	0	232	254	0	-2.06E-05	4.53E-06	-8.90E-06	-1.33E-05
175	6	0	0	0	0	0	0	232	254	0	-2.06E-05	4.53E-06	-8.90E-06	-1.33E-05
175	7	0	0	0	0	0	0	232	254	0	-2.10E-05	6.54E-06	-9.57E-06	-1.26E-05
175	8	0	0	0	0	0	0	232	254	0	-2.10E-05	6.54E-06	-9.57E-06	-1.26E-05
175	9	0	0	0	0	0	0	232	254	0	-2.06E-05	5.88E-06	-1.02E-05	-1.18E-05
175	10	0	0	0	0	0	0	232	254	0	-2.06E-05	5.88E-06	-1.02E-05	-1.18E-05
175	11	0	0	0	0	0	0	232	254	0	-2.00E-05	6.21E-06	-1.02E-05	-1.19E-05
175	12	0	0	0	0	0	0	232	254	0	-2.00E-05	6.21E-06	-1.02E-05	-1.19E-05
175	13	0	0	0	0	0	0	232	254	0	-1.98E-05	5.54E-06	-9.90E-06	-1.28E-05
175	14	0	0	0	0	0	0	232	254	0	-2.10E-05	4.53E-06	-9.07E-06	-1.23E-05
175	15	0	0	0	0	0	0	232	254	0	-2.10E-05	4.53E-06	-9.07E-06	-1.23E-05
175	16	0	0	0	0	0	0	232	254	0	-2.17E-05	3.86E-06	-9.23E-06	-1.23E-05
175	17	0	0	0	0	0	0	232	254	0	-2.17E-05	3.86E-06	-9.23E-06	-1.23E-05
175	18	0	0	0	0	0	0	232	254	0	-2.06E-05	3.69E-06	-9.90E-06	-1.24E-05
175	19	0	0	0	0	0	0	232	254	0	-2.06E-05	3.69E-06	-9.90E-06	-1.24E-05
176	0	0	0	0	0	0	0	232	254	0	-2.10E-05	4.87E-06	-9.90E-06	-1.36E-05
176	1	0	0	0	0	0	0	232	254	0	-2.10E-05	4.87E-06	-9.90E-06	-1.36E-05
176	2	0	0	0	0	0	0	232	254	0	-2.13E-05	5.20E-06	-1.02E-05	-1.26E-05
176	3	0	0	0	0	0	0	232	254	0	-2.13E-05	5.04E-06	-1.06E-05	-1.19E-05
176	4	0	0	0	0	0	0	232	254	0	-2.13E-05	5.04E-06	-1.06E-05	-1.19E-05
176	5	0	0	0	0	0	0	232	254	0	-2.03E-05	5.87E-06	-9.23E-06	-1.38E-05
176	6	0	0	0	0	0	0	232	254	0	-2.03E-05	5.87E-06	-9.23E-06	-1.38E-05
176	7	0	0	0	0	0	0	232	254	0	-1.96E-05	5.87E-06	-9.06E-06	-1.33E-05
176	8	0	0	0	0	0	0	232	254	0	-1.96E-05	5.87E-06	-9.06E-06	-1.33E-05
176	9	0	0	0	0	0	0	232	254	0	-2.20E-05	6.21E-06	-8.56E-06	-1.24E-05
176	10	0	0	0	0	0	0	232	254	0	-2.20E-05	6.21E-06	-8.56E-06	-1.24E-05
176	11	0	0	0	0	0	0	232	254	0	-2.23E-05	5.21E-06	-8.90E-06	-1.24E-05
176	12	0	0	0	0	0	0	232	254	0	-2.00E-05	4.70E-06	-8.90E-06	-1.28E-05
176	13	0	0	0	0	0	0	232	254	0	-2.00E-05	4.70E-06	-8.90E-06	-1.28E-05
176	14	0	0	0	0	0	0	232	254	0	-1.90E-05	5.03E-06	-8.23E-06	-1.09E-05
176	15	0	0	0	0	0	0	232	254	0	-1.90E-05	5.03E-06	-8.23E-06	-1.09E-05
176	16	0	0	0	0	0	0	232	254	0	-1.83E-05	5.37E-06	-7.89E-06	-1.09E-05
176	17	0	0	0	0	0	0	232	254	0	-1.83E-05	5.37E-06	-7.89E-06	-1.09E-05
176	18	0	0	0	0	0	0	232	254	0	-1.86E-05	4.87E-06	-7.89E-06	-1.06E-05
176	19	0	0	0	0	0	0	232	254	0	-1.86E-05	4.87E-06	-7.89E-06	-1.06E-05
177	0	0	0	0	0	0	0	232	254	0	-1.91E-05	4.87E-06	-7.72E-06	-9.74E-06
177	1	0	0	0	0	0	0	232	254	0	-2.03E-05	4.20E-06	-8.56E-06	-8.56E-06
177	2	0	0	0	0	0	0	232	254	0	-2.03E-05	4.20E-06	-8.56E-06	-8.56E-06
177	3	0	0	0	0	0	0	232	254	0	-2.23E-05	2.52E-06	-8.90E-06	-9.06E-06
177	4	0	0	0	0	0	0	232	254	0	-2.23E-05	2.52E-06	-8.90E-06	-9.06E-06
177	5	0	0	0	0	0	0	232	254	0	-2.30E-05	1.18E-06	-9.23E-06	-1.09E-05
177	6	0	0	0	0	0	0	232	254	0	-2.30E-05	1.18E-06	-9.23E-06	-1.09E-05
177	7	0	0	0	0	0	0	232	254	0	-2.33E-05	6.72E-07	-9.73E-06	-1.09E-05
177	8	0	0	0	0	0	0	232	254	0	-2.33E-05	6.72E-07	-9.73E-06	-1.09E-05
177	9	0	0	0	0	0	0	232	254	0	-2.37E-05	1.34E-06	-9.90E-06	-1.12E-05
177	10	0	0	0	0	0	0	232	254	0	-2.43E-05	3.37E-07	-9.23E-06	-1.16E-05
177	11	0	0	0	0	0	0	232	254	0	-2.43E-05	3.37E-07	-9.23E-06	-1.16E-05
177	12	0	0	0	0	0	0	232	254	0	-2.47E-05	-3.35E-07	-8.90E-06	-1.12E-05
177	13	0	0	0	0	0	0	232	254	0	-2.47E-05	-3.35E-07	-8.90E-06	-1.12E-05
177	14	0	0	0	0	0	0	232	254	0	-2.37E-05	1.84E-06	-1.04E-05	-1.26E-05
177	15	0	0	0	0	0	0	232	254	0	-2.37E-05	1.84E-06	-1.04E-05	-1.26E-05
177	16	0	0	0	0	0	0	232	254	0	-2.28E-05	4.19E-06	-1.01E-05	-1.39E-05
177	17	0	0	0	0	0	0	232	254	0	-2.28E-05	4.19E-06	-1.01E-05	-1.39E-05
177	18	0	0	0	0	0	0	232	254	0	-2.40E-05	5.54E-06	-9.74E-06	-1.29E-05
177	19	0	0	0	0	0	0	232	254	0	-2.37E-05	5.87E-06	-8.90E-06	-1.19E-05
178	0	0	0	0	0	0	0	232	254	0	-2.37E-05	5.87E-06	-8.90E-06	-1.19E-05
178	1	0	0	0	0	0	0	232	254	0	-2.20E-05	7.55E-06	-8.23E-06	-1.17E-05
178	2	0	0	0	0	0	0	232	254	0	-2.20E-05	7.55E-06	-8.23E-06	-1.17E-05
178	3	0	0	0	0	0	0	232	254	0	-2.13E-05	8.73E-06	-9.57E-06	-1.16E-05
178	4	0	0	0	0	0	0	232	254	0	-2.13E-05	8.73E-06	-9.57E-06	-1.16E-05
178	5	0	0	0	0	0	0	232	254	0	-2.05E-05	7.72E-06	-9.57E-06	-1.23E-05
178	6	0	0	0	0	0	0	232	254	0	-2.05E-05	7.72E-06	-9.57E-06	-1.23E-05
178	7	0	0	0	0	0	0	232	254	0	-2.03E-05	6.55E-06	-9.57E-06	-1.31E-05
178	8	0	0	0	0	0	0	232	254	0	-2.06E-05	7.55E-06	-9.57E-06	-1.36E-05
178	9	0	0	0	0	0	0	232	254	0	-2.06E-05	7.55E-06	-9.57E-06	-1.36E-05
178	10	0	0	0	0	0	0	232	254	0	-2.03E-05	7.55E-06	-9.57E-06	-1.43E-05
178	11	0	0	0	0	0	0	232	254	0	-2.03E-05	7.55E-06	-9.57E-06	-1.43E-05
178	12	0	0	0	0	0	0	232	254	0	-1.96E-05	6.55E-06	-9.23E-06	-1.49E-05
178	13	0	0	0	0	0	0	232	254	0	-1.96E-05	6.55E-06	-9.23E-06	-1.49E-05
178	14	0	0	0	0	0	0	232	254	0	-2.20E-05	4.20E-06	-8.90E-06	-1.43E-05
178	15	0	0	0	0	0	0	232	254	0	-2.20E-05	4.20E-06	-8.90E-06	-1.43E-05
178	16	0	0	0	0	0	0	232	254	0	-2.40E-05	4.36E-06	-9.90E-06	-1.36E-05
178	17	0	0	0	0	0	0	232	254	0	-2.17E-05	5.87E-06	-9.57E-06	-1.36E-05
178	18	0	0	0	0	0	0	232	254	0	-2.17E-05	5.87E-06	-9.57E-06	-1.36E-05
178	19	0	0	0	0	0	0	232	254	0	-2.17E-05	5.54E-06	-8.56E-06	-1.49E-05
179	0	0	0	0	0	0	0	232	254	0	-2.17E-05	5.54E-06	-8.56E-06	-1.49E-05
179	1	0	0	0	0	0	0	232	254	0	-2.20E-05	4.87E-06	-9.06E-06	-1.49E-05
179	2	0	0	0	0	0	0	232	254	0	-2.20E-05	4.87E-06	-9.06E-06	-1.49E-05
179	3	0	0	0	0	0	0	232	254	0	-2.08E-05	5.04E-06	-9.57E-06	-1.46E-05
179	4	0	0	0	0	0	0	232	254	0	-2.08E-05	5.04E-06	-9.57E-06	-1.46E-05
179	5	0	0	0	0	0	0	232	254	0	-2.10E-05	5.20E-06	-8.39E-06	-1.43E-05
179	6	0	0	0	0	0	0	232	254	0	-2.06E-05	5.20E-06	-8.73E-06	-1.46E-05
179	7	0	0	0	0	0	0	232	254	0	-2.06E-05	5.20E-06	-8.73E-06	-1.46E-05
179	8	0	0	0	0	0	0	232	254	0	-1.95E-05	4.20E-06	-8.90E-06	-1.36E-05
179	9	0	0	0	0	0	0	232	254	0	-1.95E-05	4.20E-06	-8.90E-06	-1.36E-05
179	10	0	0	0	0	0	0	232	254	0	-2.10E-05	3.53E-06	-8.56E-06	-1.31E-05
179	11	0	0	0	0	0	0	232	254	0	-2.10E-05	3.53E-06	-8.56E-06	-1.31E-05
179	12	0	0	0	0	0	0	232	254	0	-2.30E-05	4.20E-06	-7.89E-06	-1.29E-05
179	13	0	0	0	0	0	0	232	254	0	-2.30E-05	4.20E-06	-7.89E-06	-1.29E-05
179	14	0	0	0	0	0	0	232	254	0	-2.27E-05	3.19E-06	-8.89E-06	-1.23E-05
179	15	0	0	0	0	0	0	232	254	0	-2.22E-05	1.85E-06	-9.40E-06	-1.09E-05
179	16	0	0	0	0	0	0	232	254	0	-2.22E-05	1.85E-06	-9.40E-06	-1.09E-05
179	17	0	0	0	0	0	0	232	254	0	-2.06E-05	2.18E-06	-8.90E-06	-1.02E-05
179	18	0	0	0	0	0	0	232	254	0	-2.06E-05	2.18E-06	-8.90E-06	-1.02E-05
179	19	0	0	0	0	0	0	232	254	0	-2.03E-05	4.19E-06	-8.90E-06	-1.11E-05
180	0	0	0	0	0	0	0	232	254	0	-2.03E-05	4.19E-06	-8.90E-06	-1.11E-05
180	1	0	0	0	0	0	0	232	254	0	-1.91E-05	3.19E-06	-8.90E-06	-1.26E-05
180	2	0	0	0	0	0	0	232	254	0	-1.91E-05	3.19E-06	-8.90E-06	-1.26E-05
180	3	0	0	0	0	0	0	232	254	0	-1.96E-05	3.52E-06	-8.90E-06	-1.19E-05
180	4	0	0	0	0	0	0	232	254	0	-2.10E-05	4.70E-06	-9.73E-06	-1.26E-05
180	5	0	0	0	0	0	0	232	254	0	-2.10E-05	4.70E-06	-9.73E-06	-1.26E-05
180	6	0	0	0	0	0	0	232	254	0	-1.93E-05	6.21E-06	-8.90E-06	-1.12E-05
180	7	0	0	0	0	0	0	232	254	0	-1.93E-05	6.21E-06	-8.90E-06	-1.12E-05
180	8	0	0	0	0	0	0	232	254	0	-1.91E-05	6.55E-06	-1.01E-05	-1.04E-05
180	9	0	0	0	0	0	0	232	254	0	-1.91E-05	6.55E-06	-1.01E-05	-1.04E-05
180	10	0	0	0	0	0	0	232	254	0	-2.08E-05	5.54E-06	-9.90E-06	-1.16E-05
180	11	0	0	0	0	0	0	232	254	0	-2.08E-05	5.54E-06	-9.90E-06	-1.16E-05
180	12	0	0	0	0	0	0	232	254	0	-2.03E-05	6.54E-06	-9.57E-06	-1.06E-05
180	13	0	0	0	0	0	0	232	254	0	-1.93E-05	5.88E-06	-9.73E-06	-1.16E-05
180	14	0	0	0	0	0	0	232	254	0	-1.93E-05	5.88E-06	-9.73E-06	-1.16E-05
180	15	0	0	0	0	0	0	232	254	0	-1.90E-05	4.53E-06	-1.04E-05	-1.19E-05
180	16	0	0	0	0	0	0	232	254	0	-1.90E-05	4.53E-06	-1.04E-05	-1.19E-05
180	17	0	0	0	0	0	0	232	254	0	-1.90E-05	5.54E-06	-1.02E-05	-1.04E-05
180	18	0	0	0	0	0	0	232	254	0	-1.90E-05	5.54E-06	-1.02E-05	-1.04E-05
180	19	0	0	0	0	0	0	232	254	0	-2.08E-05	3.53E-06	-9.57E-06	-1.04E-05
181	0	0	0	0	0	0	0	232	254	0	-2.08E-05	3.53E-06	-9.57E-06	-1.04E-05
181	1	0	0	0	0	0	0	232	254	0	-2.00E-05	3.02E-06	-9.57E-06	-1.02E-05
181	2	0	0	0	0	0	0	232	254	0	-1.86E-05	4.53E-06	-8.90E-06	-8.90E-06
181	3	0	0	0	0	0	0	232	254	0	-1.86E-05	4.53E-06	-8.90E-06	-8.90E-06
181	4	0	0	0	0	0	0	232	254	0	-1.90E-05	4.53E-06	-9.57E-06	-9.23E-06
181	5	0	0	0	0	0	0	232	254	0	-1.90E-05	4.53E-06	-9.57E-06	-9.23E-06
181	6	0	0	0	0	0	0	232	254	0	-2.03E-05	3.19E-06	-8.90E-06	-1.12E-05
181	7	0	0	0	0	0	0	232	254	0	-2.03E-05	3.19E-06	-8.90E-06	-1.12E-05
181	8	0	0	0	0	0	0	232	254	0	-1.96E-05	2.85E-06	-7.89E-06	-1.33E-05
181	9	0	0	0	0	0	0	232	254	0	-1.96E-05	2.85E-06	-7.89E-06	-1.33E-05
181	10	0	0	0	0	0	0	232	254	0	-2.00E-05	3.52E-06	-8.89E-06	-1.36E-05
181	11	0	0	0	0	0	0	232	254	0	-2.10E-05	3.86E-06	-9.40E-06	-1.38E-05
181	12	0	0	0	0	0	0	232	254	0	-2.10E-05	3.86E-06	-9.40E-06	-1.38E-05
181	13	0	0	0	0	0	0	232	254	0	-2.05E-05	3.36E-06	-9.06E-06	-1.29E-05
181	14	0	0	0	0	0	0	232	254	0	-2.05E-05	3.36E-06	-9.06E-06	-1.29E-05
181	15	0	0	0	0	0	0	232	254	0	-2.20E-05	3.52E-06	-8.06E-06	-1.21E-05
181	16	0	0	0	0	0	0	232	254	0	-2.20E-05	3.52E-06	-8.06E-06	-1.21E-05
181	17	0	0	0	0	0	0	232	254	0	-2.20E-05	5.70E-06	-8.56E-06	-1.16E-05
181	18	0	0	0	0	0	0	232	254	0	-2.20E-05	5.70E-06	-8.56E-06	-1.16E-05
181	19	0	0	0	0	0	0	232	254	0	-2.13E-05	6.38E-06	-8.23E-06	-1.26E-05
182	0	0	0	0	0	0	0	232	254	0	-2.10E-05	5.71E-06	-9.23E-06	-1.29E-05
182	1	0	0	0	0	0	0	232	254	0	-2.10E-05	5.71E-06	-9.23E-06	-1.29E-05
182	2	0	0	0	0	0	0	232	254	0	-2.15E-05	5.87E-06	-8.56E-06	-1.23E-05
182	3	0	0	0	0	0	0	232	254	0	-2.15E-05	5.87E-06	-8.56E-06	-1.23E-05
182	4	0	0	0	0	0	0	232	254	0	-2.20E-05	6.88E-06	-8.23E-06	-1.18E-05
182	5	0	0	0	0	0	0	232	254	0	-2.20E-05	6.88E-06	-8.23E-06	-1.18E-05
182	6	0	0	0	0	0	0	232	254	0	-2.30E-05	5.71E-06	-9.23E-06	-1.19E-05
182	7	0	0	0	0	0	0	232	254	0	-2.30E-05	5.71E-06	-9.23E-06	-1.19E-05
182	8	0	0	0	0	0	0	232	254	0	-2.30E-05	5.04E-06	-9.23E-06	-1.36E-05
182	9	0	0	0	0	0	0	232	254	0	-2.12E-05	6.21E-06	-9.90E-06	-1.39E-05
182	10	0	0	0	0	0	0	232	254	0	-2.12E-05	6.21E-06	-9.90E-06	-1.39E-05
182	11	0	0	0	0	0	0	232	254	0	-2.11E-05	5.20E-06	-1.12E-05	-1.23E-05
182	12	0	0	0	0	0	0	232	254	0	-2.11E-05	5.20E-06	-1.12E-05	-1.23E-05
182	13	0	0	0	0	0	0	232	254	0	-2.17E-05	4.53E-06	-1.01E-05	-1.16E-05
182	14	0	0	0	0	0	0	232	254	0	-2.17E-05	4.53E-06	-1.01E-05	-1.16E-05
182	15	0	0	0	0	0	0	232	254	0	-2.13E-05	5.37E-06	-8.90E-06	-1.29E-05
182	16	0	0	0	0	0	0	232	254	0	-2.13E-05	5.37E-06	-8.90E-06	-1.29E-05
182	17	0	0	0	0	0	0	232	254	0	-2.13E-05	4.87E-06	-9.23E-06	-1.43E-05
182	18	0	0	0	0	0	0	232	254	0	-2.13E-05	5.04E-06	-8.39E-06	-1.46E-05
182	19	0	0	0	0	0	0	232	254	0	-2.13E-05	5.04E-06	-8.39E-06	-1.46E-05
183	0	0	0	0	0	0	0	232	254	0	-1.90E-05	4.53E-06	-7.72E-06	-1.39E-05
183	1	0	0	0	0	0	0	232	254	0	-1.90E-05	4.53E-06	-7.72E-06	-1.39E-05
183	2	0	0	0	0	0	0	232	254	0	-2.03E-05	4.36E-06	-8.73E-06	-1.29E-05
183	3	0	0	0	0	0	0	232	254	0	-2.03E-05	4.36E-06	-8.73E-06	-1.29E-05
183	4	0	0	0	0	0	0	232	254	0	-2.03E-05	4.87E-06	-9.73E-06	-1.46E-05
183	5	0	0	0	0	0	0	232	254	0	-2.03E-05	4.87E-06	-9.73E-06	-1.46E-05
183	6	0	0	0	0	0	0	232	254	0	-2.03E-05	4.53E-06	-9.90E-06	-1.53E-05
183	7	0	0	0	0	0	0	232	254	0	-2.25E-05	2.86E-06	-9.57E-06	-1.46E-05
183	8	0	0	0	0	0	0	232	254	0	-2.25E-05	2.86E-06	-9.57E-06	-1.46E-05
183	9	0	0	0	0	0	0	232	254	0	-2.17E-05	4.53E-06	-9.23E-06	-1.44E-05
183	10	0	0	0	0	0	0	232	254	0	-2.17E-05	4.53E-06	-9.23E-06	-1.44E-05
183	11	0	0	0	0	0	0	232	254	0	-2.03E-05	4.87E-06	-1.02E-05	-1.43E-05
183	12	0	0	0	0	0	0	232	254	0	-2.03E-05	4.87E-06	-1.02E-05	-1.43E-05
183	13	0	0	0	0	0	0	232	254	0	-2.03E-05	6.54E-06	-9.74E-06	-1.39E-05
183	14	0	0	0	0	0	0	232	254	0	-2.03E-05	6.54E-06	-9.74E-06	-1.39E-05
183	15	0	0	0	0	0	0	232	254	0	-2.00E-05	6.88E-06	-9.57E-06	-1.36E-05
183	16	0	0	0	0	0	0	232	254	0	-2.06E-05	6.88E-06	-9.57E-06	-1.23E-05
183	17	0	0	0	0	0	0	232	254	0	-2.06E-05	6.88E-06	-9.57E-06	-1.23E-05
183	18	0	0	0	0	0	0	232	254	0	-2.11E-05	6.21E-06	-8.56E-06	-1.26E-05
183	19	0	0	0	0	0	0	232	254	0	-2.11E-05	6.21E-06	-8.56E-06	-1.26E-05
184	0	0	0	0	0	0	0	232	254	0	-2.13E-05	3.86E-06	-8.90E-06	-1.38E-05
184	1	0	0	0	0	0	0	232	254	0	-2.13E-05	3.86E-06	-8.90E-06	-1.38E-05
184	2	0	0	0	0	0	0	232	254	0	-2.03E-05	4.20E-06	-8.23E-06	-1.46E-05
184	3	0	0	0	0	0	0	232	254	0	-2.03E-05	4.20E-06	-8.23E-06	-1.46E-05
184	4	0	0	0	0	0	0	232	254	0	-1.98E-05	5.20E-06	-8.22E-06	-1.31E-05
184	5	0	0	0	0	0	0	232	254	0	-1.96E-05	4.70E-06	-8.39E-06	-1.29E-05
184	6	0	0	0	0	0	0	232	254	0	-1.96E-05	4.70E-06	-8.39E-06	-1.29E-05
184	7	0	0	0	0	0	0	232	254	0	-1.96E-05	6.54E-06	-8.90E-06	-1.33E-05
184	8	0	0	0	0	0	0	232	254	0	-1.96E-05	6.54E-06	-8.90E-06	-1.33E-05
184	9	0	0	0	0	0	0	232	254	0	-1.91E-05	5.54E-06	-8.73E-06	-1.29E-05
184	10	0	0	0	0	0	0	232	254	0	-1.91E-05	5.54E-06	-8.73E-06	-1.29E-05
184	11	0	0	0	0	0	0	232	254	0	-1.91E-05	4.87E-06	-8.90E-06	-1.26E-05
184	12	0	0	0	0	0	0	232	254	0	-1.91E-05	4.87E-06	-8.90E-06	-1.26E-05
184	13	0	0	0	0	0	0	232	254	0	-1.95E-05	5.04E-06	-8.73E-06	-1.29E-05
184	14	0	0	0	0	0	0	232	254	0	-2.06E-05	5.20E-06	-8.56E-06	-1.18E-05
184	15	0	0	0	0	0	0	232	254	0	-2.06E-05	5.20E-06	-8.56E-06	-1.18E-05
184	16	0	0	0	0	0	0	232	254	0	-2.03E-05	5.04E-06	-7.89E-06	-1.24E-05
184	17	0	0	0	0	0	0	232	254	0	-2.03E-05	5.04E-06	-7.89E-06	-1.24E-05
184	18	0	0	0	0	0	0	232	254	0	-2.17E-05	4.87E-06	-8.22E-06	-1.36E-05
184	19	0	0	0	0	0	0	232	254	0	-2.17E-05	4.87E-06	-8.22E-06	-1.36E-05
185	0	0	0	0	0	0	0	232	254	0	-2.06E-05	4.36E-06	-8.56E-06	-1.19E-05
185	1	0	0	0	0	0	0	232	254	0	-2.06E-05	4.36E-06	-8.56E-06	-1.19E-05
185	2	0	0	0	0	0	0	232	254	0	-1.96E-05	4.03E-06	-9.23E-06	-1.19E-05
185	3	0	0	0	0	0	0	232	254	0	-2.00E-05	4.36E-06	-9.73E-06	-1.31E-05
185	4	0	0	0	0	0	0	232	254	0	-2.00E-05	4.36E-06	-9.73E-06	-1.31E-05
185	5	0	0	0	0	0	0	232	254	0	-2.06E-05	4.53E-06	-9.57E-06	-1.33E-05
185	6	0	0	0	0	0	0	232	254	0	-2.06E-05	4.53E-06	-9.57E-06	-1.33E-05
185	7	0	0	0	0	0	0	232	254	0	-2.27E-05	3.36E-06	-9.57E-06	-1.33E-05
185	8	0	0	0	0	0	0	232	254	0	-2.27E-05	3.36E-06	-9.57E-06	-1.33E-05
185	9	0	0	0	0	0	0	232	254	0	-2.37E-05	2.02E-06	-1.02E-05	-1.36E-05
185	10	0	0	0	0	0	0	232	254	0	-2.37E-05	2.02E-06	-1.02E-05	-1.36E-05
185	11	0	0	0	0	0	0	232	254	0	-2.20E-05	1.01E-06	-9.90E-06	-1.38E-05
185	12	0	0	0	0	0	0	232	254	0	-2.17E-05	1.17E-06	-9.74E-06	-1.31E-05
185	13	0	0	0	0	0	0	232	254	0	-2.17E-05	1.17E-06	-9.74E-06	-1.31E-05
185	14	0	0	0	0	0	0	232	254	0	-2.17E-05	2.52E-06	-9.57E-06	-1.29E-05
185	15	0	0	0	0	0	0	232	254	0	-2.17E-05	2.52E-06	-9.57E-06	-1.29E-05
185	16	0	0	0	0	0	0	232	254	0	-2.22E-05	3.02E-06	-9.74E-06	-1.33E-05
185	17	0	0	0	0	0	0	232	254	0	-2.22E-05	3.02E-06	-9.74E-06	-1.33E-05
185	18	0	0	0	0	0	0	232	254	0	-2.25E-05	4.19E-06	-9.90E-06	-1.29E-05
185	19	0	0	0	0	0	0	232	254	0	-2.25E-05	4.19E-06	-9.90E-06	-1.29E-05
186	0	0	0	0	0	0	0	232	254	0	-2.20E-05	3.69E-06	-8.73E-06	-1.14E-05
186	1	0	0	0	0	0	0	232	254	0	-2.13E-05	4.53E-06	-8.90E-06	-1.02E-05
186	2	0	0	0	0	0	0	232	254	0	-2.13E-05	4.53E-06	-8.90E-06	-1.02E-05
186	3	0	0	0	0	0	0	232	254	0	-2.25E-05	4.53E-06	-8.90E-06	-1.04E-05
186	4	0	0	0	0	0	0	232	254	0	-2.25E-05	4.53E-06	-8.90E-06	-1.04E-05
186	5	0	0	0	0	0	0	232	254	0	-2.37E-05	6.04E-06	-8.90E-06	-1.09E-05
186	6	0	0	0	0	0	0	232	254	0	-2.37E-05	6.04E-06	-8.90E-06	-1.09E-05
186	7	0	0	0	0	0	0	232	254	0	-2.22E-05	5.20E-06	-9.23E-06	-1.09E-05
186	8	0	0	0	0	0	0	232	254	0	-2.22E-05	5.20E-06	-9.23E-06	-1.09E-05
186	9	0	0	0	0	0	0	232	254	0	-2.37E-05	5.20E-06	-8.39E-06	-1.09E-05
186	10	0	0	0	0	0	0	232	254	0	-2.43E-05	5.54E-06	-8.06E-06	-1.24E-05
186	11	0	0	0	0	0	0	232	254	0	-2.43E-05	5.54E-06	-8.06E-06	-1.24E-05
186	12	0	0	0	0	0	0	232	254	0	-2.40E-05	5.20E-06	-8.22E-06	-1.23E-05
186	13	0	0	0	0	0	0	232	254	0	-2.40E-05	5.20E-06	-8.22E-06	-1.23E-05
186	14	0	0	0	0	0	0	232	254	0	-2.62E-05	5.54E-06	-7.89E-06	-1.14E-05
186	15	0	0	0	0	0	0	232	254	0	-2.62E-05	5.54E-06	-7.89E-06	-1.14E-05
186	16	0	0	0	0	0	0	232	254	0	-2.57E-05	5.54E-06	-7.72E-06	-1.12E-05
186	17	0	0	0	0	0	0	232	254	0	-2.57E-05	5.54E-06	-7.72E-06	-1.12E-05
186	18	0	0	0	0	0	0	232	254	0	-2.33E-05	6.21E-06	-7.72E-06	-1.09E-05
186	19	0	0	0	0	0	0	232	254	0	-2.23E-05	5.54E-06	-8.56E-06	-1.12E-05
187	0	0	0	0	0	0	0	232	254	0	-2.23E-05	5.54E-06	-8.56E-06	-1.12E-05
187	1	0	0	0	0	0	0	232	254	0	-2.33E-05	4.87E-06	-9.06E-06	-1.17E-05
187	2	0	0	0	0	0	0	232	254	0	-2.33E-05	4.87E-06	-9.06E-06	-1.17E-05
187	3	0	0	0	0	0	0	232	254	0	-2.43E-05	4.87E-06	-9.73E-06	-1.14E-05
187	4	0	0	0	0	0	0	232	254	0	-2.43E-05	4.87E-06	-9.73E-06	-1.14E-05
187	5	0	0	0	0	0	0	232	254	0	-2.30E-05	5.54E-06	-1.11E-05	-1.29E-05
187	6	0	0	0	0	0	0	232	254	0	-2.30E-05	5.54E-06	-1.11E-05	-1.29E-05
187	7	0	0	0	0	0	0	232	254	0	-2.13E-05	5.37E-06	-1.16E-05	-1.29E-05
187	8	0	0	0	0	0	0	232	254	0	-2.17E-05	5.54E-06	-1.02E-05	-1.19E-05
187	9	0	0	0	0	0	0	232	254	0	-2.17E-05	5.54E-06	-1.02E-05	-1.19E-05
187	10	0	0	0	0	0	0	232	254	0	-2.25E-05	5.54E-06	-1.09E-05	-1.26E-05
187	11	0	0	0	0	0	0	232	254	0	-2.25E-05	5.54E-06	-1.09E-05	-1.26E-05
187	12	0	0	0	0	0	0	232	254	0	-2.28E-05	5.87E-06	-1.12E-05	-1.12E-05
187	13	0	0	0	0	0	0	232	254	0	-2.28E-05	5.87E-06	-1.12E-05	-1.12E-05
187	14	0	0	0	0	0	0	232	254	0	-2.30E-05	5.87E-06	-1.01E-05	-1.19E-05
187	15	0	0	0	0	0	0	232	254	0	-2.30E-05	5.87E-06	-1.01E-05	-1.19E-05
187	16	0	0	0	0	0	0	232	254	0	-2.30E-05	5.20E-06	-9.23E-06	-1.31E-05
187	17	0	0	0	0	0	0	232	254	0	-2.32E-05	6.21E-06	-9.90E-06	-1.36E-05
187	18	0	0	0	0	0	0	232	254	0	-2.32E-05	6.21E-06	-9.90E-06	-1.36E-05
187	19	0	0	0	0	0	0	232	254	0	-2.17E-05	6.55E-06	-7.05E-06	-1.33E-05
188	0	0	0	0	0	0	0	232	254	0	-2.17E-05	6.55E-06	-7.05E-06	-1.33E-05
188	1	0	0	0	0	0	0	232	254	0	-1.93E-05	5.21E-06	-6.04E-06	-1.23E-05
188	2	0	0	0	0	0	0	232	254	0	-1.93E-05	5.21E-06	-6.04E-06	-1.23E-05
188	3	0	0	0	0	0	0	232	254	0	-1.81E-05	5.04E-06	-7.72E-06	-1.46E-05
188	4	0	0	0	0	0	0	232	254	0	-1.81E-05	5.04E-06	-7.72E-06	-1.46E-05
188	5	0	0	0	0	0	0	232	254	0	-1.71E-05	4.53E-06	-9.57E-06	-1.51E-05
188	6	0	0	0	0	0	0	232	254	0	-1.71E-05	4.87E-06	-9.57E-06	-1.41E-05
188	7	0	0	0	0	0	0	232	254	0	-1.71E-05	4.87E-06	-9.57E-06	-1.41E-05
188	8	0	0	0	0	0	0	232	254	0	-1.90E-05	5.54E-06	-9.57E-06	-1.31E-05
188	9	0	0	0	0	0	0	232	254	0	-1.90E-05	5.54E-06	-9.57E-06	-1.31E-05
188	10	0	0	0	0	0	0	232	254	0	-1.90E-05	3.86E-06	-1.02E-05	-1.24E-05
188	11	0	0	0	0	0	0	232	254	0	-1.90E-05	3.86E-06	-1.02E-05	-1.24E-05
188	12	0	0	0	0	0	0	232	254	0	-1.93E-05	4.36E-06	-1.02E-05	-1.19E-05
188	13	0	0	0	0	0	0	232	254	0	-1.93E-05	4.36E-06	-1.02E-05	-1.19E-05
188	14	0	0	0	0	0	0	232	254	0	-1.96E-05	4.53E-06	-1.09E-05	-1.33E-05
188	15	0	0	0	0	0	0	232	254	0	-2.03E-05	3.86E-06	-1.02E-05	-1.59E-05
188	16	0	0	0	0	0	0	232	254	0	-2.03E-05	3.86E-06	-1.02E-05	-1.59E-05
188	17	0	0	0	0	0	0	232	254	0	-2.13E-05	4.53E-06	-9.07E-06	-1.43E-05
188	18	0	0	0	0	0	0	232	254	0	-2.13E-05	4.53E-06	-9.07E-06	-1.43E-05
188	19	0	0	0	0	0	0	232	254	0	-2.20E-05	3.86E-06	-9.90E-06	-1.23E-05
189	0	0	0	0	0	0	0	232	254	0	-2.20E-05	3.86E-06	-9.90E-06	-1.23E-05
189	1	0	0	0	0	0	0	232	254	0	-2.06E-05	2.85E-06	-9.57E-06	-1.24E-05
189	2	0	0	0	0	0	0	232	254	0	-2.06E-05	2.85E-06	-9.57E-06	-1.24E-05
189	3	0	0	0	0	0	0	232	254	0	-2.06E-05	5.54E-06	-9.57E-06	-1.36E-05
189	4	0	0	0	0	0	0	232	254	0	-1.93E-05	7.22E-06	-9.57E-06	-1.49E-05
189	5	0	0	0	0	0	0	232	254	0	-1.93E-05	7.22E-06	-9.57E-06	-1.49E-05
189	6	0	0	0	0	0	0	232	254	0	-1.90E-05	5.54E-06	-8.90E-06	-1.54E-05
189	7	0	0	0	0	0	0	232	254	0	-1.90E-05	5.54E-06	-8.90E-06	-1.54E-05
189	8	0	0	0	0	0	0	232	254	0	-2.00E-05	4.87E-06	-9.40E-06	-1.36E-05
189	9	0	0	0	0	0	0	232	254	0	-2.00E-05	4.87E-06	-9.40E-06	-1.36E-05
189	10	0	0	0	0	0	0	232	254	0	-2.03E-05	4.36E-06	-9.90E-06	-1.28E-05
189	11	0	0	0	0	0	0	232	254	0	-2.03E-05	4.36E-06	-9.90E-06	-1.28E-05
189	12	0	0	0	0	0	0	232	254	0	-2.06E-05	3.86E-06	-9.74E-06	-1.33E-05
189	13	0	0	0	0	0	0	232	254	0	-2.00E-05	4.53E-06	-9.74E-06	-1.26E-05
189	14	0	0	0	0	0	0	232	254	0	-2.00E-05	4.53E-06	-9.74E-06	-1.26E-05
189	15	0	0	0	0	0	0	232	254	0	-1.95E-05	4.36E-06	-9.57E-06	-1.23E-05
189	16	0	0	0	0	0	0	232	254	0	-1.95E-05	4.36E-06	-9.57E-06	-1.23E-05
189	17	0	0	0	0	0	0	232	254	0	-2.00E-05	3.86E-06	-9.90E-06	-1.28E-05
189	18	0	0	0	0	0	0	232	254	0	-2.00E-05	3.86E-06	-9.90E-06	-1.28E-05
189	19	0	0	0	0	0	0	232	254	0	-2.03E-05	3.86E-06	-8.90E-06	-1.23E-05
190	0	0	0	0	0	0	0	232	254	0	-2.03E-05	3.86E-06	-8.90E-06	-1.23E-05
190	1	0	0	0	0	0	0	232	254	0	-1.95E-05	3.69E-06	-8.56E-06	-1.16E-05
190	2	0	0	0	0	0	0	232	254	0	-2.00E-05	2.85E-06	-8.90E-06	-1.12E-05
190	3	0	0	0	0	0	0	232	254	0	-2.00E-05	2.85E-06	-8.90E-06	-1.12E-05
190	4	0	0	0	0	0	0	232	254	0	-2.28E-05	2.52E-06	-9.90E-06	-1.04E-05
190	5	0	0	0	0	0	0	232	254	0	-2.28E-05	2.52E-06	-9.90E-06	-1.04E-05
190	6	0	0	0	0	0	0	232	254	0	-2.37E-05	4.03E-06	-9.57E-06	-1.16E-05
190	7	0	0	0	0	0	0	232	254	0	-2.37E-05	4.03E-06	-9.57E-06	-1.16E-05
190	8	0	0	0	0	0	0	232	254	0	-2.17E-05	5.03E-06	-9.57E-06	-1.09E-05
190	9	0	0	0	0	0	0	232	254	0	-2.17E-05	5.03E-06	-9.57E-06	-1.09E-05
190	10	0	0	0	0	0	0	232	254	0	-2.06E-05	3.53E-06	-9.74E-06	-1.17E-05
190	11	0	0	0	0	0	0	232	254	0	-2.23E-05	3.19E-06	-8.90E-06	-1.33E-05
190	12	0	0	0	0	0	0	232	254	0	-2.23E-05	3.19E-06	-8.90E-06	-1.33E-05
190	13	0	0	0	0	0	0	232	254	0	-2.30E-05	3.19E-06	-9.23E-06	-1.36E-05
190	14	0	0	0	0	0	0	232	254	0	-2.30E-05	3.19E-06	-9.23E-06	-1.36E-05
190	15	0	0	0	0	0	0	232	254	0	-2.25E-05	2.85E-06	-9.06E-06	-1.26E-05
190	16	0	0	0	0	0	0	232	254	0	-2.25E-05	2.85E-06	-9.06E-06	-1.26E-05
190	17	0	0	0	0	0	0	232	254	0	-2.23E-05	3.86E-06	-8.39E-06	-1.16E-05
190	18	0	0	0	0	0	0	232	254	0	-2.23E-05	3.86E-06	-8.39E-06	-1.16E-05
190	19	0	0	0	0	0	0	232	254	0	-2.17E-05	4.20E-06	-8.90E-06	-1.12E-05
191	0	0	0	0	0	0	0	232	254	0	-2.27E-05	3.86E-06	-9.73E-06	-1.17E-05
191	1	0	0	0	0	0	0	232	254	0	-2.27E-05	3.86E-06	-9.73E-06	-1.17E-05
191	2	0	0	0	0	0	0	232	254	0	-2.03E-05	4.20E-06	-9.90E-06	-1.29E-05
191	3	0	0	0	0	0	0	232	254	0	-2.03E-05	4.20E-06	-9.90E-06	-1.29E-05
191	4	0	0	0	0	0	0	232	254	0	-2.10E-05	3.53E-06	-1.04E-05	-1.39E-05
191	5	0	0	0	0	0	0	232	254	0	-2.10E-05	3.53E-06	-1.04E-05	-1.39E-05
191	6	0	0	0	0	0	0	232	254	0	-2.20E-05	4.87E-06	-9.57E-06	-1.19E-05
191	7	0	0	0	0	0	0	232	254	0	-2.20E-05	4.87E-06	-9.57E-06	-1.19E-05
191	8	0	0	0	0	0	0	232	254	0	-2.11E-05	5.20E-06	-8.23E-06	-1.17E-05
191	9	0	0	0	0	0	0	232	254	0	-1.90E-05	5.20E-06	-8.73E-06	-1.26E-05
191	10	0	0	0	0	0	0	232	254	0	-1.90E-05	5.20E-06	-8.73E-06	-1.26E-05
191	11	0	0	0	0	0	0	232	254	0	-1.90E-05	5.54E-06	-8.90E-06	-1.26E-05
191	12	0	0	0	0	0	0	232	254	0	-1.90E-05	5.54E-06	-8.90E-06	-1.26E-05
191	13	0	0	0	0	0	0	232	254	0	-2.03E-05	5.20E-06	-9.57E-06	-1.23E-05
191	14	0	0	0	0	0	0	232	254	0	-2.03E-05	5.20E-06	-9.57E-06	-1.23E-05
191	15	0	0	0	0	0	0	232	254	0	-2.00E-05	5.20E-06	-8.73E-06	-1.12E-05
191	16	0	0	0	0	0	0	232	254	0	-2.00E-05	5.20E-06	-8.73E-06	-1.12E-05
191	17	0	0	0	0	0	0	232	254	0	-1.90E-05	3.69E-06	-8.73E-06	-1.23E-05
191	18	0	0	0	0	0	0	232	254	0	-1.88E-05	2.35E-06	-8.73E-06	-1.29E-05
191	19	0	0	0	0	0	0	232	254	0	-1.88E-05	2.35E-06	-8.73E-06	-1.29E-05
192	0	0	0	0	0	0	0	232	254	0	-1.90E-05	3.19E-06	-8.73E-06	-1.24E-05
192	1	0	0	0	0	0	0	232	254	0	-1.90E-05	3.19E-06	-8.73E-06	-1.24E-05
192	2	0	0	0	0	0	0	232	254	0	-1.95E-05	4.36E-06	-8.90E-06	-1.26E-05
192	3	0	0	0	0	0	0	232	254	0	-1.95E-05	4.36E-06	-8.90E-06	-1.26E-05
192	4	0	0	0	0	0	0	232	254	0	-1.90E-05	4.53E-06	-8.39E-06	-1.12E-05
192	5	0	0	0	0	0	0	232	254	0	-1.90E-05	4.53E-06	-8.39E-06	-1.12E-05
192	6	0	0	0	0	0	0	232	254	0	-1.83E-05	4.36E-06	-9.57E-06	-1.12E-05
192	7	0	0	0	0	0	0	232	254	0	-1.85E-05	3.86E-06	-9.23E-06	-1.16E-05
192	8	0	0	0	0	0	0	232	254	0	-1.85E-05	3.86E-06	-9.23E-06	-1.16E-05
192	9	0	0	0	0	0	0	232	254	0	-2.00E-05	3.53E-06	-8.56E-06	-1.28E-05
192	10	0	0	0	0	0	0	232	254	0	-2.00E-05	3.53E-06	-8.56E-06	-1.28E-05
192	11	0	0	0	0	0	0	232	254	0	-2.17E-05	4.53E-06	-7.55E-06	-1.36E-05
192	12	0	0	0	0	0	0	232	254	0	-2.17E-05	4.53E-06	-7.55E-06	-1.36E-05
192	13	0	0	0	0	0	0	232	254	0	-2.06E-05	5.87E-06	-7.55E-06	-1.36E-05
192	14	0	0	0	0	0	0	232	254	0	-2.06E-05	5.87E-06	-7.55E-06	-1.36E-05
192	15	0	0	0	0	0	0	232	254	0	-2.13E-05	5.71E-06	-6.88E-06	-1.38E-05
192	16	0	0	0	0	0	0	232	254	0	-2.33E-05	6.55E-06	-7.72E-06	-1.43E-05
192	17	0	0	0	0	0	0	232	254	0	-2.33E-05	6.55E-06	-7.72E-06	-1.43E-05
192	18	0	0	0	0	0	0	232	254	0	-2.27E-05	6.38E-06	-8.73E-06	-1.39E-05
192	19	0	0	0	0	0	0	232	254	0	-2.27E-05	6.38E-06	-8.73E-06	-1.39E-05
193	0	0	0	0	0	0	0	232	254	0	-2.23E-05	5.20E-06	-8.23E-06	-1.16E-05
193	1	0	0	0	0	0	0	232	254	0	-2.23E-05	5.20E-06	-8.23E-06	-1.16E-05
193	2	0	0	0	0	0	0	232	254	0	-2.27E-05	6.54E-06	-7.22E-06	-1.19E-05
193	3	0	0	0	0	0	0	232	254	0	-2.27E-05	6.54E-06	-7.22E-06	-1.19E-05
193	4	0	0	0	0	0	0	232	254	0	-2.30E-05	6.21E-06	-9.23E-06	-1.06E-05
193	5	0	0	0	0	0	0	232	254	0	-2.23E-05	5.20E-06	-1.09E-05	-1.02E-05
193	6	0	0	0	0	0	0	232	254	0	-2.23E-05	5.20E-06	-1.09E-05	-1.02E-05
193	7	0	0	0	0	0	0	232	254	0	-2.13E-05	5.20E-06	-1.23E-05	-1.09E-05
193	8	0	0	0	0	0	0	232	254	0	-2.13E-05	5.20E-06	-1.23E-05	-1.09E-05
193	9	0	0	0	0	0	0	232	254	0	-2.20E-05	5.87E-06	-1.29E-05	-1.23E-05
193	10	0	0	0	0	0	0	232	254	0	-2.20E-05	5.87E-06	-1.29E-05	-1.23E-05
193	11	0	0	0	0	0	0	232	254	0	-2.17E-05	5.87E-06	-1.43E-05	-1.23E-05
193	12	0	0	0	0	0	0	232	254	0	-2.17E-05	5.87E-06	-1.43E-05	-1.23E-05
193	13	0	0	0	0	0	0	232	254	0	-2.03E-05	4.53E-06	-1.49E-05	-1.16E-05
193	14	0	0	0	0	0	0	232	254	0	-2.10E-05	4.53E-06	-1.58E-05	-1.19E-05
193	15	0	0	0	0	0	0	232	254	0	-2.10E-05	4.53E-06	-1.58E-05	-1.19E-05
193	16	0	0	0	0	0	0	232	254	0	-2.01E-05	5.71E-06	-1.53E-05	-1.17E-05
193	17	0	0	0	0	0	0	232	254	0	-2.01E-05	5.71E-06	-1.53E-05	-1.17E-05
193	18	0	0	0	0	0	0	232	254	0	-2.00E-05	5.20E-06	-1.29E-05	-1.24E-05
193	19	0	0	0	0	0	0	232	254	0	-2.00E-05	5.20E-06	-1.29E-05	-1.24E-05
194	0	0	0	0	0	0	0	232	254	0	-1.96E-05	4.53E-06	-7.89E-06	-1.26E-05
194	1	0	0	0	0	0	0	232	254	0	-1.96E-05	4.53E-06	-7.89E-06	-1.26E-05
194	2	0	0	0	0	0	0	232	254	0	-2.11E-05	3.53E-06	-3.03E-06	-1.23E-05
194	3	0	0	0	0	0	0	232	254	0	-2.13E-05	1.85E-06	-2.65E-09	-1.19E-05
194	4	0	0	0	0	0	0	232	254	0	-2.13E-05	1.85E-06	-2.65E-09	-1.19E-05
194	5	0	0	0	0	0	0	232	254	0	-2.05E-05	2.85E-06	-1.68E-07	-1.21E-05
194	6	0	0	0	0	0	0	232	254	0	-2.05E-05	2.85E-06	-1.68E-07	-1.21E-05
194	7	0	0	0	0	0	0	232	254	0	-2.00E-05	4.20E-06	-1.68E-06	-1.19E-05
194	8	0	0	0	0	0	0	232	254	0	-2.00E-05	4.20E-06	-1.68E-06	-1.19E-05
194	9	0	0	0	0	0	0	232	254	0	-2.18E-05	3.19E-06	-2.18E-06	-1.16E-05
194	10	0	0	0	0	0	0	232	254	0	-2.18E-05	3.19E-06	-2.18E-06	-1.16E-05
194	11	0	0	0	0	0	0	232	254	0	-2.30E-05	2.85E-06	-2.85E-06	-1.17E-05
194	12	0	0	0	0	0	0	232	254	0	-2.32E-05	3.52E-06	-5.20E-06	-1.23E-05
194	13	0	0	0	0	0	0	232	254	0	-2.32E-05	3.52E-06	-5.20E-06	-1.23E-05
194	14	0	0	0	0	0	0	232	254	0	-2.20E-05	3.02E-06	-6.88E-06	-1.26E-05
194	15	0	0	0	0	0	0	232	254	0	-2.20E-05	3.02E-06	-6.88E-06	-1.26E-05
194	16	0	0	0	0	0	0	232	254	0	-2.20E-05	3.52E-06	-9.06E-06	-1.38E-05
194	17	0	0	0	0	0	0	232	254	0	-2.20E-05	3.52E-06	-9.06E-06	-1.38E-05
194	18	0	0	0	0	0	0	232	254	0	-2.23E-05	4.87E-06	-1.04E-05	-1.34E-05
194	19	0	0	0	0	0	0	232	254	0	-2.23E-05	4.87E-06	-1.04E-05	-1.34E-05
195	0	0	0	0	0	0	0	232	254	0	-2.13E-05	6.54E-06	-1.02E-05	-1.29E-05
195	1	0	0	0	0	0	0	232	254	0	-2.23E-05	6.55E-06	-9.23E-06	-1.29E-05
195	2	0	0	0	0	0	0	232	254	0	-2.23E-05	6.55E-06	-9.23E-06	-1.29E-05
195	3	0	0	0	0	0	0	232	254	0	-2.25E-05	5.54E-06	-8.56E-06	-1.38E-05
195	4	0	0	0	0	0	0	232	254	0	-2.25E-05	5.54E-06	-8.56E-06	-1.38E-05
195	5	0	0	0	0	0	0	232	254	0	-2.17E-05	5.71E-06	-1.16E-05	-1.31E-05
195	6	0	0	0	0	0	0	232	254	0	-2.17E-05	5.71E-06	-1.16E-05	-1.31E-05
195	7	0	0	0	0	0	0	232	254	0	-2.10E-05	6.38E-06	-1.23E-05	-1.31E-05
195	8	0	0	0	0	0	0	232	254	0	-2.10E-05	6.38E-06	-1.23E-05	-1.31E-05
195	9	0	0	0	0	0	0	232	254	0	-2.05E-05	6.71E-06	-1.09E-05	-1.26E-05
195	10	0	0	0	0	0	0	232	254	0	-2.13E-05	6.04E-06	-9.57E-06	-1.29E-05
195	11	0	0	0	0	0	0	232	254	0	-2.13E-05	6.04E-06	-9.57E-06	-1.29E-05
195	12	0	0	0	0	0	0	232	254	0	-2.13E-05	6.55E-06	-8.23E-06	-1.29E-05
195	13	0	0	0	0	0	0	232	254	0	-2.13E-05	6.55E-06	-8.23E-06	-1.29E-05
195	14	0	0	0	0	0	0	232	254	0	-2.17E-05	4.70E-06	-9.57E-06	-1.19E-05
195	15	0	0	0	0	0	0	232	254	0	-2.17E-05	4.70E-06	-9.57E-06	-1.19E-05
195	16	0	0	0	0	0	0	232	254	0	-2.10E-05	4.87E-06	-1.09E-05	-1.17E-05
195	17	0	0	0	0	0	0	232	254	0	-2.10E-05	4.87E-06	-1.09E-05	-1.17E-05
195	18	0	0	0	0	0	0	232	254	0	-1.98E-05	4.87E-06	-1.11E-05	-1.23E-05
195	19	0	0	0	0	0	0	232	254	0	-2.03E-05	4.53E-06	-1.16E-05	-1.19E-05
196	0	0	0	0	0	0	0	232	254	0	-2.03E-05	4.53E-06	-1.16E-05	-1.19E-05
196	1	0	0	0	0	0	0	232	254	0	-2.17E-05	4.87E-06	-1.04E-05	-1.11E-05
196	2	0	0	0	0	0	0	232	254	0	-2.17E-05	4.87E-06	-1.04E-05	-1.11E-05
196	3	0	0	0	0	0	0	232	254	0	-2.13E-05	5.20E-06	-8.39E-06	-1.14E-05
196	4	0	0	0	0	0	0	232	254	0	-2.13E-05	5.20E-06	-8.39E-06	-1.14E-05
196	5	0	0	0	0	0	0	232	254	0	-2.13E-05	5.54E-06	-9.57E-06	-1.09E-05
196	6	0	0	0	0	0	0	232	254	0	-2.13E-05	5.54E-06	-9.57E-06	-1.09E-05
196	7	0	0	0	0	0	0	232	254	0	-2.03E-05	5.04E-06	-9.74E-06	-1.04E-05
196	8	0	0	0	0	0	0	232	254	0	-1.96E-05	5.20E-06	-1.23E-05	-1.19E-05
196	9	0	0	0	0	0	0	232	254	0	-1.96E-05	5.20E-06	-1.23E-05	-1.19E-05
196	10	0	0	0	0	0	0	232	254	0	-2.03E-05	6.88E-06	-1.33E-05	-1.24E-05
196	11	0	0	0	0	0	0	232	254	0	-2.03E-05	6.88E-06	-1.33E-05	-1.24E-05
196	12	0	0	0	0	0	0	232	254	0	-2.10E-05	6.55E-06	-1.36E-05	-1.26E-05
196	13	0	0	0	0	0	0	232	254	0	-2.10E-05	6.55E-06	-1.36E-05	-1.26E-05
196	14	0	0	0	0	0	0	232	254	0	-2.03E-05	4.87E-06	-1.29E-05	-1.43E-05
196	15	0	0	0	0	0	0	232	254	0	-2.03E-05	4.87E-06	-1.29E-05	-1.43E-05
196	16	0	0	0	0	0	0	232	254	0	-2.17E-05	3.86E-06	-1.04E-05	-1.51E-05
196	17	0	0	0	0	0	0	232	254	0	-2.27E-05	3.86E-06	-8.90E-06	-1.43E-05
196	18	0	0	0	0	0	0	232	254	0	-2.27E-05	3.86E-06	-8.90E-06	-1.43E-05
196	19	0	0	0	0	0	0	232	254	0	-2.20E-05	2.85E-06	-8.23E-06	-1.49E-05
197	0	0	0	0	0	0	0	232	254	0	-2.20E-05	2.85E-06	-8.23E-06	-1.49E-05
197	1	0	0	0	0	0	0	232	254	0	-2.06E-05	2.85E-06	-8.90E-06	-1.29E-05
197	2	0	0	0	0	0	0	232	254	0	-2.06E-05	2.85E-06	-8.90E-06	-1.29E-05
197	3	0	0	0	0	0	0	232	254	0	-2.25E-05	4.20E-06	-9.06E-06	-1.23E-05
197	4	0	0	0	0	0	0	232	254	0	-2.25E-05	4.20E-06	-9.06E-06	-1.23E-05
197	5	0	0	0	0	0	0	232	254	0	-2.38E-05	3.86E-06	-1.02E-05	-1.17E-05
197	6	0	0	0	0	0	0	232	254	0	-2.40E-05	3.69E-06	-1.02E-05	-1.16E-05
197	7	0	0	0	0	0	0	232	254	0	-2.40E-05	3.69E-06	-1.02E-05	-1.16E-05
197	8	0	0	0	0	0	0	232	254	0	-2.35E-05	4.70E-06	-8.56E-06	-1.16E-05
197	9	0	0	0	0	0	0	232	254	0	-2.35E-05	4.70E-06	-8.56E-06	-1.16E-05
197	10	0	0	0	0	0	0	232	254	0	-2.30E-05	3.36E-06	-8.90E-06	-1.16E-05
197	11	0	0	0	0	0	0	232	254	0	-2.30E-05	3.36E-06	-8.90E-06	-1.16E-05
197	12	0	0	0	0	0	0	232	254	0	-2.40E-05	5.03E-06	-9.57E-06	-1.29E-05
197	13	0	0	0	0	0	0	232	254	0	-2.40E-05	5.03E-06	-9.57E-06	-1.29E-05
197	14	0	0	0	0	0	0	232	254	0	-2.33E-05	5.20E-06	-9.57E-06	-1.51E-05
197	15	0	0	0	0	0	0	232	254	0	-1.96E-05	5.54E-06	-8.90E-06	-1.58E-05
197	16	0	0	0	0	0	0	232	254	0	-1.96E-05	5.54E-06	-8.90E-06	-1.58E-05
197	17	0	0	0	0	0	0	232	254	0	-1.80E-05	7.89E-06	-7.89E-06	-1.49E-05
197	18	0	0	0	0	0	0	232	254	0	-1.80E-05	7.89E-06	-7.89E-06	-1.49E-05
197	19	0	0	0	0	0	0	232	254	0	-1.76E-05	5.71E-06	-7.22E-06	-1.39E-05
198	0	0	0	0	0	0	0	232	254	0	-1.76E-05	5.71E-06	-7.22E-06	-1.39E-05
198	1	0	0	0	0	0	0	232	254	0	-1.76E-05	4.87E-06	-6.88E-06	-1.46E-05
198	2	0	0	0	0	0	0	232	254	0	-1.76E-05	4.87E-06	-6.88E-06	-1.46E-05
198	3	0	0	0	0	0	0	232	254	0	-1.83E-05	5.54E-06	-7.05E-06	-1.49E-05
198	4	0	0	0	0	0	0	232	254	0	-1.71E-05	4.03E-06	-7.72E-06	-1.38E-05
198	5	0	0	0	0	0	0	232	254	0	-1.71E-05	4.03E-06	-7.72E-06	-1.38E-05
198	6	0	0	0	0	0	0	232	254	0	-1.73E-05	6.04E-06	-9.23E-06	-1.39E-05
198	7	0	0	0	0	0	0	232	254	0	-1.73E-05	6.04E-06	-9.23E-06	-1.39E-05
198	8	0	0	0	0	0	0	232	254	0	-1.80E-05	6.21E-06	-8.90E-06	-1.48E-05
198	9	0	0	0	0	0	0	232	254	0	-1.80E-05	6.21E-06	-8.90E-06	-1.48E-05
198	10	0	0	0	0	0	0	232	254	0	-1.91E-05	5.04E-06	-7.22E-06	-1.53E-05
198	11	0	0	0	0	0	0	232	254	0	-1.91E-05	5.04E-06	-7.22E-06	-1.53E-05
198	12	0	0	0	0	0	0	232	254	0	-2.00E-05	5.54E-06	-1.06E-05	-1.43E-05
198	13	0	0	0	0	0	0	232	254	0	-2.03E-05	5.54E-06	-1.44E-05	-1.44E-05
198	14	0	0	0	0	0	0	232	254	0	-2.03E-05	5.54E-06	-1.44E-05	-1.44E-05
198	15	0	0	0	0	0	0	232	254	0	-2.05E-05	3.86E-06	-1.70E-05	-1.36E-05
198	16	0	0	0	0	0	0	232	254	0	-2.05E-05	3.86E-06	-1.70E-05	-1.36E-05
198	17	0	0	0	0	0	0	232	254	0	-2.03E-05	4.53E-06	-1.66E-05	-1.29E-05
198	18	0	0	0	0	0	0	232	254	0	-2.03E-05	4.53E-06	-1.66E-05	-1.29E-05
198	19	0	0	0	0	0	0	232	254	0	-2.03E-05	4.53E-06	-1.49E-05	-1.29E-05
199	0	0	0	0	0	0	0	232	254	0	-2.03E-05	4.53E-06	-1.49E-05	-1.29E-05
199	1	0	0	0	0	0	0	232	254	0	-2.00E-05	3.19E-06	-1.39E-05	-1.31E-05
199	2	0	0	0	0	0	0	232	254	0	-2.10E-05	3.19E-06	-1.19E-05	-1.16E-05
199	3	0	0	0	0	0	0	232	254	0	-2.10E-05	3.19E-06	-1.19E-05	-1.16E-05
199	4	0	0	0	0	0	0	232	254	0	-2.23E-05	3.52E-06	-1.36E-05	-1.16E-05
199	5	0	0	0	0	0	0	232	254	0	-2.23E-05	3.52E-06	-1.36E-05	-1.16E-05
199	6	0	0	0	0	0	0	232	254	0	-2.18E-05	4.87E-06	-1.28E-05	-1.02E-05
199	7	0	0	0	0	0	0	232	254	0	-2.18E-05	4.87E-06	-1.28E-05	-1.02E-05
199	8	0	0	0	0	0	0	232	254	0	-2.20E-05	3.86E-06	-6.38E-06	-7.39E-06
199	9	0	0	0	0	0	0	232	254	0	-2.20E-05	3.86E-06	-6.38E-06	-7.39E-06
199	10	0	0	0	0	0	0	232	254	0	-2.23E-05	2.85E-06	-1.72E-07	-8.39E-06
199	11	0	0	0	0	0	0	232	254	0	-2.23E-05	3.69E-06	1.68E-06	-1.09E-05
199	12	0	0	0	0	0	0	232	254	0	-2.23E-05	3.69E-06	1.68E-06	-1.09E-05
199	13	0	0	0	0	0	0	232	254	0	-2.18E-05	3.86E-06	-5.70E-06	-1.36E-05
199	14	0	0	0	0	0	0	232	254	0	-2.18E-05	3.86E-06	-5.70E-06	-1.36E-05
199	15	0	0	0	0	0	0	232	254	0	-2.33E-05	2.85E-06	-1.26E-05	-1.63E-05
199	16	0	0	0	0	0	0	232	254	0	-2.33E-05	2.85E-06	-1.26E-05	-1.63E-05
199	17	0	0	0	0	0	0	232	254	0	-2.20E-05	4.20E-06	-8.56E-06	-1.59E-05
199	18	0	0	0	0	0	0	232	254	0	-2.20E-05	4.20E-06	-8.56E-06	-1.59E-05
199	19	0	0	0	0	0	0	232	254	0	-2.10E-05	3.86E-06	-1.68E-06	-1.44E-05
200	0	0	0	0	0	0	0	232	254	0	-2.17E-05	5.20E-06	6.04E-06	-1.49E-05
200	1	0	0	0	0	0	0	232	254	0	-2.17E-05	5.20E-06	6.04E-06	-1.49E-05
200	2	0	0	0	0	0	0	232	254	0	-2.30E-05	5.54E-06	6.55E-06	-1.53E-05
200	3	0	0	0	0	0	0	232	254	0	-2.30E-05	5.54E-06	6.55E-06	-1.53E-05
200	4	0	0	0	0	0	0	232	254	0	-2.30E-05	3.86E-06	-1.63E-07	-1.51E-05
200	5	0	0	0	0	0	0	232	254	0	-2.30E-05	3.86E-06	-1.63E-07	-1.51E-05
200	6	0	0	0	0	0	0	232	254	0	-2.27E-05	4.87E-06	-3.52E-06	-1.59E-05
200	7	0	0	0	0	0	0	232	254	0	-2.27E-05	4.87E-06	-3.52E-06	-1.59E-05
200	8	0	0	0	0	0	0	232	254	0	-2.23E-05	6.55E-06	-4.36E-06	-1.39E-05
200	9	0	0	0	0	0	0	232	254	0	-2.00E-05	6.38E-06	-1.29E-05	-1.31E-05
200	10	0	0	0	0	0	0	232	254	0	-2.00E-05	6.38E-06	-1.29E-05	-1.31E-05
200	11	0	0	0	0	0	0	232	254	0	-1.93E-05	5.87E-06	-1.53E-05	-1.36E-05
200	12	0	0	0	0	0	0	232	254	0	-1.93E-05	5.87E-06	-1.53E-05	-1.36E-05
200	13	0	0	0	0	0	0	232	254	0	-1.96E-05	5.37E-06	-9.23E-06	-1.43E-05
200	14	0	0	0	0	0	0	232	254	0	-1.96E-05	5.37E-06	-9.23E-06	-1.43E-05
200	15	0	0	0	0	0	0	232	254	0	-2.10E-05	7.05E-06	-8.90E-06	-1.26E-05
200	16	0	0	0	0	0	0	232	254	0	-2.10E-05	7.05E-06	-8.90E-06	-1.26E-05
200	17	0	0	0	0	0	0	232	254	0	-2.23E-05	5.88E-06	-1.16E-05	-1.16E-05
200	18	0	0	0	0	0	0	232	254	0	-2.30E-05	5.71E-06	-1.23E-05	-1.23E-05
200	19	0	0	0	0	0	0	232	254	0	-2.30E-05	5.71E-06	-1.23E-05	-1.23E-05
201	0	0	0	0	0	0	0	232	254	0	-2.30E-05	6.38E-06	-1.41E-05	-1.39E-05
201	1	0	0	0	0	0	0	232	254	0	-2.30E-05	6.38E-06	-1.41E-05	-1.39E-05
201	2	0	0	0	0	0	0	232	254	0	-2.37E-05	4.87E-06	-1.51E-05	-1.24E-05
201	3	0	0	0	0	0	0	232	254	0	-2.37E-05	4.87E-06	-1.51E-05	-1.24E-05
201	4	0	0	0	0	0	0	232	254	0	-2.50E-05	4.70E-06	-1.66E-05	-1.11E-05
201	5	0	0	0	0	0	0	232	254	0	-2.50E-05	4.70E-06	-1.66E-05	-1.11E-05
201	6	0	0	0	0	0	0	232	254	0	-2.43E-05	4.20E-06	-1.43E-05	-1.12E-05
201	7	0	0	0	0	0	0	232	254	0	-2.37E-05	2.69E-06	-1.33E-05	-1.09E-05
201	8	0	0	0	0	0	0	232	254	0	-2.37E-05	2.69E-06	-1.33E-05	-1.09E-05
201	9	0	0	0	0	0	0	232	254	0	-2.50E-05	3.86E-06	-1.24E-05	-1.04E-05
201	10	0	0	0	0	0	0	232	254	0	-2.50E-05	3.86E-06	-1.24E-05	-1.04E-05
201	11	0	0	0	0	0	0	232	254	0	-2.50E-05	5.03E-06	-1.23E-05	-1.04E-05
201	12	0	0	0	0	0	0	232	254	0	-2.50E-05	5.03E-06	-1.23E-05	-1.04E-05
201	13	0	0	0	0	0	0	232	254	0	-2.53E-05	3.86E-06	-1.28E-05	-9.90E-06
201	14	0	0	0	0	0	0	232	254	0	-2.53E-05	3.86E-06	-1.28E-05	-9.90E-06
201	15	0	0	0	0	0	0	232	254	0	-2.43E-05	4.53E-06	-1.26E-05	-1.19E-05
201	16	0	0	0	0	0	0	232	254	0	-2.25E-05	5.20E-06	-1.44E-05	-1.09E-05
201	17	0	0	0	0	0	0	232	254	0	-2.25E-05	5.20E-06	-1.44E-05	-1.09E-05
201	18	0	0	0	0	0	0	232	254	0	-2.17E-05	5.87E-06	-1.61E-05	-1.26E-05
201	19	0	0	0	0	0	0	232	254	0	-2.17E-05	5.87E-06	-1.61E-05	-1.26E-05
202	0	0	0	0	0	0	0	232	254	0	-2.11E-05	6.38E-06	-1.53E-05	-1.43E-05
202	1	0	0	0	0	0	0	232	254	0	-2.11E-05	6.38E-06	-1.53E-05	-1.43E-05
202	2	0	0	0	0	0	0	232	254	0	-2.18E-05	5.87E-06	-1.23E-05	-1.36E-05
202	3	0	0	0	0	0	0	232	254	0	-2.18E-05	5.87E-06	-1.23E-05	-1.36E-05
202	4	0	0	0	0	0	0	232	254	0	-2.17E-05	5.87E-06	-1.11E-05	-1.23E-05
202	5	0	0	0	0	0	0	232	254	0	-2.10E-05	6.21E-06	-1.04E-05	-1.09E-05
202	6	0	0	0	0	0	0	232	254	0	-2.10E-05	6.21E-06	-1.04E-05	-1.09E-05
202	7	0	0	0	0	0	0	232	254	0	-2.03E-05	6.55E-06	-8.73E-06	-1.16E-05
202	8	0	0	0	0	0	0	232	254	0	-2.03E-05	6.55E-06	-8.73E-06	-1.16E-05
202	9	0	0	0	0	0	0	232	254	0	-2.00E-05	4.53E-06	-2.86E-06	-1.23E-05
202	10	0	0	0	0	0	0	232	254	0	-2.00E-05	4.53E-06	-2.86E-06	-1.23E-05
202	11	0	0	0	0	0	0	232	254	0	-2.17E-05	2.69E-06	4.70E-06	-1.19E-05
202	12	0	0	0	0	0	0	232	254	0	-2.17E-05	2.69E-06	4.70E-06	-1.19E-05
202	13	0	0	0	0	0	0	232	254	0	-2.28E-05	4.53E-06	5.71E-06	-1.23E-05
202	14	0	0	0	0	0	0	232	254	0	-2.15E-05	5.20E-06	3.86E-06	-1.16E-05
202	15	0	0	0	0	0	0	232	254	0	-2.15E-05	5.20E-06	3.86E-06	-1.16E-05
202	16	0	0	0	0	0	0	232	254	0	-2.06E-05	4.87E-06	-2.18E-06	-1.02E-05
202	17	0	0	0	0	0	0	232	254	0	-2.06E-05	4.87E-06	-2.18E-06	-1.02E-05
202	18	0	0	0	0	0	0	232	254	0	-2.13E-05	4.53E-06	-1.09E-05	-1.17E-05
202	19	0	0	0	0	0	0	232	254	0	-2.13E-05	4.53E-06	-1.09E-05	-1.17E-05
203	0	0	0	0	0	0	0	232	254	0	-2.01E-05	5.04E-06	-1.43E-05	-1.19E-05
203	1	0	0	0	0	0	0	232	254	0	-2.01E-05	5.04E-06	-1.43E-05	-1.19E-05
203	2	0	0	0	0	0	0	232	254	0	-1.83E-05	5.87E-06	-1.90E-05	-1.21E-05
203	3	0	0	0	0	0	0	232	254	0	-1.86E-05	5.71E-06	-2.10E-05	-1.28E-05
203	4	0	0	0	0	0	0	232	254	0	-1.86E-05	5.71E-06	-2.10E-05	-1.28E-05
203	5	0	0	0	0	0	0	232	254	0	-1.81E-05	6.21E-06	-2.10E-05	-1.41E-05
203	6	0	0	0	0	0	0	232	254	0	-1.81E-05	6.21E-06	-2.10E-05	-1.41E-05
203	7	0	0	0	0	0	0	232	254	0	-1.83E-05	5.54E-06	-2.00E-05	-1.49E-05
203	8	0	0	0	0	0	0	232	254	0	-1.83E-05	5.54E-06	-2.00E-05	-1.49E-05
203	9	0	0	0	0	0	0	232	254	0	-1.80E-05	4.53E-06	-1.09E-05	-1.23E-05
203	10	0	0	0	0	0	0	232	254	0	-1.80E-05	4.53E-06	-1.09E-05	-1.23E-05
203	11	0	0	0	0	0	0	232	254	0	-1.86E-05	4.20E-06	-2.35E-06	-8.39E-06
203	12	0	0	0	0	0	0	232	254	0	-1.86E-05	2.35E-06	5.02E-07	-7.55E-06
203	13	0	0	0	0	0	0	232	254	0	-1.86E-05	2.35E-06	5.02E-07	-7.55E-06
203	14	0	0	0	0	0	0	232	254	0	-1.73E-05	1.85E-06	-1.85E-06	-1.02E-05
203	15	0	0	0	0	0	0	232	254	0	-1.73E-05	1.85E-06	-1.85E-06	-1.02E-05
203	16	0	0	0	0	0	0	232	254	0	-1.66E-05	1.85E-06	-3.52E-06	-1.09E-05
203	17	0	0	0	0	0	0	232	254	0	-1.66E-05	1.85E-06	-3.52E-06	-1.09E-05
203	18	0	0	0	0	0	0	232	254	0	-1.85E-05	1.85E-06	3.19E-06	-1.16E-05
203	19	0	0	0	0	0	0	232	254	0	-1.85E-05	1.85E-06	3.19E-06	-1.16E-05
204	0	0	0	0	0	0	0	232	254	0	-1.86E-05	2.85E-06	-1.17E-06	-1.19E-05
204	1	0	0	0	0	0	0	232	254	0	-1.86E-05	2.52E-06	-1.22E-05	-1.29E-05
204	2	0	0	0	0	0	0	232	254	0	-1.86E-05	2.52E-06	-1.22E-05	-1.29E-05
204	3	0	0	0	0	0	0	232	254	0	-2.06E-05	2.18E-06	-1.31E-05	-1.36E-05
204	4	0	0	0	0	0	0	232	254	0	-2.06E-05	2.18E-06	-1.31E-05	-1.36E-05
204	5	0	0	0	0	0	0	232	254	0	-2.23E-05	1.85E-06	-1.80E-05	-1.29E-05
204	6	0	0	0	0	0	0	232	254	0	-2.23E-05	1.85E-06	-1.80E-05	-1.29E-05
204	7	0	0	0	0	0	0	232	254	0	-2.17E-05	2.52E-06	-1.83E-05	-1.26E-05
204	8	0	0	0	0	0	0	232	254	0	-2.17E-05	2.52E-06	-1.83E-05	-1.26E-05
204	9	0	0	0	0	0	0	232	254	0	-2.05E-05	3.69E-06	-1.66E-05	-1.26E-05
204	10	0	0	0	0	0	0	232	254	0	-2.00E-05	4.53E-06	-1.23E-05	-1.11E-05
204	11	0	0	0	0	0	0	232	254	0	-2.00E-05	4.53E-06	-1.23E-05	-1.11E-05
204	12	0	0	0	0	0	0	232	254	0	-1.96E-05	5.20E-06	-1.33E-05	-1.16E-05
204	13	0	0	0	0	0	0	232	254	0	-1.96E-05	5.20E-06	-1.33E-05	-1.16E-05
204	14	0	0	0	0	0	0	232	254	0	-1.93E-05	5.54E-06	-8.23E-06	-1.39E-05
204	15	0	0	0	0	0	0	232	254	0	-1.93E-05	5.54E-06	-8.23E-06	-1.39E-05
204	16	0	0	0	0	0	0	232	254	0	-2.00E-05	5.71E-06	-1.04E-05	-1.38E-05
204	17	0	0	0	0	0	0	232	254	0	-2.00E-05	5.71E-06	-1.04E-05	-1.38E-05
204	18	0	0	0	0	0	0	232	254	0	-2.17E-05	5.20E-06	-9.90E-06	-1.43E-05
204	19	0	0	0	0	0	0	232	254	0	-2.30E-05	6.21E-06	-2.02E-06	-1.49E-05
205	0	0	0	0	0	0	0	232	254	0	-2.30E-05	6.21E-06	-2.02E-06	-1.49E-05
205	1	0	0	0	0	0	0	232	254	0	-2.50E-05	5.54E-06	5.54E-06	-1.46E-05
205	2	0	0	0	0	0	0	232	254	0	-2.50E-05	5.54E-06	5.54E-06	-1.46E-05
205	3	0	0	0	0	0	0	232	254	0	-2.50E-05	4.53E-06	2.52E-06	-1.49E-05
205	4	0	0	0	0	0	0	232	254	0	-2.50E-05	4.53E-06	2.52E-06	-1.49E-05
205	5	0	0	0	0	0	0	232	254	0	-2.38E-05	4.70E-06	-5.54E-06	-1.53E-05
205	6	0	0	0	0	0	0	232	254	0	-2.38E-05	4.70E-06	-5.54E-06	-1.53E-05
205	7	0	0	0	0	0	0	232	254	0	-2.32E-05	4.53E-06	-9.57E-06	-1.51E-05
205	8	0	0	0	0	0	0	232	254	0	-2.43E-05	4.87E-06	-3.53E-06	-1.43E-05
205	9	0	0	0	0	0	0	232	254	0	-2.43E-05	4.87E-06	-3.53E-06	-1.43E-05
205	10	0	0	0	0	0	0	232	254	0	-2.47E-05	5.54E-06	2.52E-06	-1.44E-05
205	11	0	0	0	0	0	0	232	254	0	-2.47E-05	5.54E-06	2.52E-06	-1.44E-05
205	12	0	0	0	0	0	0	232	254	0	-2.43E-05	5.20E-06	1.85E-06	-1.53E-05
205	13	0	0	0	0	0	0	232	254	0	-2.43E-05	5.20E-06	1.85E-06	-1.53E-05
205	14	0	0	0	0	0	0	232	254	0	-2.33E-05	4.70E-06	1.18E-06	-1.43E-05
205	15	0	0	0	0	0	0	232	254	0	-2.33E-05	4.70E-06	1.18E-06	-1.43E-05
205	16	0	0	0	0	0	0	232	254	0	-2.23E-05	4.53E-06	8.39E-07	-1.36E-05
205	17	0	0	0	0	0	0	232	254	0	-2.13E-05	4.87E-06	-1.85E-06	-1.26E-05
205	18	0	0	0	0	0	0	232	254	0	-2.13E-05	4.87E-06	-1.85E-06	-1.26E-05
205	19	0	0	0	0	0	0	232	254	0	-2.01E-05	4.53E-06	-6.54E-06	-1.26E-05
206	0	0	0	0	0	0	0	232	254	0	-2.01E-05	4.53E-06	-6.54E-06	-1.26E-05
206	1	0	0	0	0	0	0	232	254	0	-1.93E-05	4.53E-06	-1.16E-05	-1.14E-05
206	2	0	0	0	0	0	0	232	254	0	-1.93E-05	4.53E-06	-1.16E-05	-1.14E-05
206	3	0	0	0	0	0	0	232	254	0	-2.00E-05	5.04E-06	-1.73E-05	-1.04E-05
206	4	0	0	0	0	0	0	232	254	0	-2.00E-05	5.04E-06	-1.73E-05	-1.04E-05
206	5	0	0	0	0	0	0	232	254	0	-2.05E-05	3.53E-06	-2.17E-05	-1.16E-05
206	6	0	0	0	0	0	0	232	254	0	-2.10E-05	3.69E-06	-2.23E-05	-1.28E-05
206	7	0	0	0	0	0	0	232	254	0	-2.10E-05	3.69E-06	-2.23E-05	-1.28E-05
206	8	0	0	0	0	0	0	232	254	0	-2.11E-05	3.86E-06	-2.30E-05	-1.38E-05
206	9	0	0	0	0	0	0	232	254	0	-2.11E-05	3.86E-06	-2.30E-05	-1.38E-05
206	10	0	0	0	0	0	0	232	254	0	-1.91E-05	4.53E-06	-2.35E-05	-1.23E-05
206	11	0	0	0	0	0	0	232	254	0	-1.91E-05	4.53E-06	-2.35E-05	-1.23E-05
206	12	0	0	0	0	0	0	232	254	0	-1.96E-05	5.04E-06	-2.08E-05	-1.16E-05
206	13	0	0	0	0	0	0	232	254	0	-1.96E-05	5.04E-06	-2.08E-05	-1.16E-05
206	14	0	0	0	0	0	0	232	254	0	-1.98E-05	4.53E-06	-2.47E-05	-1.19E-05
206	15	0	0	0	0	0	0	232	254	0	-1.96E-05	4.53E-06	-2.50E-05	-1.19E-05
206	16	0	0	0	0	0	0	232	254	0	-1.96E-05	4.53E-06	-2.50E-05	-1.19E-05
206	17	0	0	0	0	0	0	232	254	0	-2.01E-05	5.04E-06	-2.00E-05	-1.06E-05
206	18	0	0	0	0	0	0	232	254	0	-2.01E-05	5.04E-06	-2.00E-05	-1.06E-05
206	19	0	0	0	0	0	0	232	254	0	-2.10E-05	3.86E-06	-1.33E-05	-1.06E-05
207	0	0	0	0	0	0	0	232	254	0	-2.10E-05	3.86E-06	-1.33E-05	-1.06E-05
207	1	0	0	0	0	0	0	232	254	0	-2.10E-05	4.70E-06	-6.21E-06	-1.09E-05
207	2	0	0	0	0	0	0	232	254	0	-2.10E-05	4.70E-06	-6.21E-06	-1.09E-05
207	3	0	0	0	0	0	0	232	254	0	-2.25E-05	3.53E-06	-3.86E-06	-1.16E-05
207	4	0	0	0	0	0	0	232	254	0	-2.27E-05	3.86E-06	-3.02E-06	-1.16E-05
207	5	0	0	0	0	0	0	232	254	0	-2.27E-05	3.86E-06	-3.02E-06	-1.16E-05
207	6	0	0	0	0	0	0	232	254	0	-2.13E-05	5.87E-06	-2.85E-06	-1.19E-05
207	7	0	0	0	0	0	0	232	254	0	-2.13E-05	5.87E-06	-2.85E-06	-1.19E-05
207	8	0	0	0	0	0	0	232	254	0	-2.03E-05	6.55E-06	-4.53E-06	-1.12E-05
207	9	0	0	0	0	0	0	232	254	0	-2.03E-05	6.55E-06	-4.53E-06	-1.12E-05
207	10	0	0	0	0	0	0	232	254	0	-2.23E-05	5.54E-06	-2.52E-06	-1.11E-05
207	11	0	0	0	0	0	0	232	254	0	-2.23E-05	5.54E-06	-2.52E-06	-1.11E-05
207	12	0	0	0	0	0	0	232	254	0	-2.37E-05	4.53E-06	-2.85E-06	-1.23E-05
207	13	0	0	0	0	0	0	232	254	0	-2.25E-05	5.20E-06	-4.87E-06	-1.26E-05
207	14	0	0	0	0	0	0	232	254	0	-2.25E-05	5.20E-06	-4.87E-06	-1.26E-05
207	15	0	0	0	0	0	0	232	254	0	-2.27E-05	5.37E-06	-4.87E-06	-1.23E-05
207	16	0	0	0	0	0	0	232	254	0	-2.27E-05	5.37E-06	-4.87E-06	-1.23E-05
207	17	0	0	0	0	0	0	232	254	0	-2.17E-05	5.20E-06	-5.87E-06	-1.23E-05
207	18	0	0	0	0	0	0	232	254	0	-2.17E-05	5.20E-06	-5.87E-06	-1.23E-05
207	19	0	0	0	0	0	0	232	254	0	-2.06E-05	4.70E-06	-5.54E-06	-1.16E-05
208	0	0	0	0	0	0	0	232	254	0	-2.06E-05	4.70E-06	-5.54E-06	-1.16E-05
208	1	0	0	0	0	0	0	232	254	0	-2.10E-05	3.69E-06	-1.85E-06	-9.57E-06
208	2	0	0	0	0	0	0	232	254	0	-2.03E-05	3.86E-06	1.67E-07	-1.11E-05
208	3	0	0	0	0	0	0	232	254	0	-2.03E-05	3.86E-06	1.67E-07	-1.11E-05
208	4	0	0	0	0	0	0	232	254	0	-1.90E-05	3.19E-06	-7.22E-06	-1.17E-05
208	5	0	0	0	0	0	0	232	254	0	-1.90E-05	3.19E-06	-7.22E-06	-1.17E-05
208	6	0	0	0	0	0	0	232	254	0	-1.96E-05	2.52E-06	-1.49E-05	-9.90E-06
208	7	0	0	0	0	0	0	232	254	0	-1.96E-05	2.52E-06	-1.49E-05	-9.90E-06
208	8	0	0	0	0	0	0	232	254	0	-1.96E-05	4.87E-06	-1.19E-05	-1.06E-05
208	9	0	0	0	0	0	0	232	254	0	-1.96E-05	4.87E-06	-1.19E-05	-1.06E-05
208	10	0	0	0	0	0	0	232	254	0	-2.03E-05	5.20E-06	-4.20E-06	-1.23E-05
208	11	0	0	0	0	0	0	232	254	0	-2.10E-05	5.20E-06	-1.23E-05	-1.28E-05
208	12	0	0	0	0	0	0	232	254	0	-2.10E-05	5.20E-06	-1.23E-05	-1.28E-05
208	13	0	0	0	0	0	0	232	254	0	-2.23E-05	6.55E-06	-1.83E-05	-1.34E-05
208	14	0	0	0	0	0	0	232	254	0	-2.23E-05	6.55E-06	-1.83E-05	-1.34E-05
208	15	0	0	0	0	0	0	232	254	0	-2.23E-05	4.70E-06	-3.69E-06	-1.39E-05
208	16	0	0	0	0	0	0	232	254	0	-2.23E-05	4.70E-06	-3.69E-06	-1.39E-05
208	17	0	0	0	0	0	0	232	254	0	-2.08E-05	5.20E-06	8.22E-06	-1.36E-05
208	18	0	0	0	0	0	0	232	254	0	-2.08E-05	5.20E-06	8.22E-06	-1.36E-05
208	19	0	0	0	0	0	0	232	254	0	-2.11E-05	5.20E-06	-8.38E-07	-1.36E-05
209	0	0	0	0	0	0	0	232	254	0	-1.96E-05	4.20E-06	-1.34E-05	-1.29E-05
209	1	0	0	0	0	0	0	232	254	0	-1.96E-05	4.20E-06	-1.34E-05	-1.29E-05
209	2	0	0	0	0	0	0	232	254	0	-1.80E-05	4.87E-06	-9.06E-06	-1.26E-05
209	3	0	0	0	0	0	0	232	254	0	-1.80E-05	4.87E-06	-9.06E-06	-1.26E-05
209	4	0	0	0	0	0	0	232	254	0	-1.85E-05	6.21E-06	-3.19E-06	-1.12E-05
209	5	0	0	0	0	0	0	232	254	0	-1.85E-05	6.21E-06	-3.19E-06	-1.12E-05
209	6	0	0	0	0	0	0	232	254	0	-1.91E-05	5.87E-06	-1.51E-06	-9.90E-06
209	7	0	0	0	0	0	0	232	254	0	-1.91E-05	5.87E-06	-1.51E-06	-9.90E-06
209	8	0	0	0	0	0	0	232	254	0	-1.85E-05	4.87E-06	-8.56E-06	-8.90E-06
209	9	0	0	0	0	0	0	232	254	0	-2.00E-05	3.53E-06	-2.17E-05	-7.22E-06
209	10	0	0	0	0	0	0	232	254	0	-2.00E-05	3.53E-06	-2.17E-05	-7.22E-06
209	11	0	0	0	0	0	0	232	254	0	-2.23E-05	2.69E-06	-2.43E-05	-8.73E-06
209	12	0	0	0	0	0	0	232	254	0	-2.23E-05	2.69E-06	-2.43E-05	-8.73E-06
209	13	0	0	0	0	0	0	232	254	0	-2.30E-05	3.52E-06	-2.37E-05	-9.90E-06
209	14	0	0	0	0	0	0	232	254	0	-2.30E-05	3.52E-06	-2.37E-05	-9.90E-06
209	15	0	0	0	0	0	0	232	254	0	-2.17E-05	5.54E-06	-2.85E-05	-1.16E-05
209	16	0	0	0	0	0	0	232	254	0	-2.17E-05	5.54E-06	-2.85E-05	-1.16E-05
209	17	0	0	0	0	0	0	232	254	0	-2.20E-05	5.87E-06	-3.64E-05	-1.26E-05
209	18	0	0	0	0	0	0	232	254	0	-2.17E-05	4.36E-06	-4.15E-05	-1.26E-05
209	19	0	0	0	0	0	0	232	254	0	-2.17E-05	4.36E-06	-4.15E-05	-1.26E-05
210	0	0	0	0	0	0	0	232	254	0	-2.11E-05	5.87E-06	-3.64E-05	-1.31E-05
210	1	0	0	0	0	0	0	232	254	0	-2.11E-05	5.87E-06	-3.64E-05	-1.31E-05
210	2	0	0	0	0	0	0	232	254	0	-2.10E-05	5.20E-06	-2.70E-05	-1.63E-05
210	3	0	0	0	0	0	0	232	254	0	-2.10E-05	5.20E-06	-2.70E-05	-1.63E-05
210	4	0	0	0	0	0	0	232	254	0	-2.03E-05	4.53E-06	-2.32E-05	-1.83E-05
210	5	0	0	0	0	0	0	232	254	0	-2.03E-05	4.53E-06	-2.32E-05	-1.83E-05
210	6	0	0	0	0	0	0	232	254	0	-1.91E-05	5.54E-06	-1.18E-05	-1.76E-05
210	7	0	0	0	0	0	0	232	254	0	-2.00E-05	5.71E-06	3.86E-06	-1.73E-05
210	8	0	0	0	0	0	0	232	254	0	-2.00E-05	5.71E-06	3.86E-06	-1.73E-05
210	9	0	0	0	0	0	0	232	254	0	-2.05E-05	6.21E-06	7.22E-06	-1.64E-05
210	10	0	0	0	0	0	0	232	254	0	-2.05E-05	6.21E-06	7.22E-06	-1.64E-05
210	11	0	0	0	0	0	0	232	254	0	-2.13E-05	5.20E-06	3.36E-06	-1.49E-05
210	12	0	0	0	0	0	0	232	254	0	-2.13E-05	5.20E-06	3.36E-06	-1.49E-05
210	13	0	0	0	0	0	0	232	254	0	-2.23E-05	5.20E-06	6.71E-06	-1.39E-05
210	14	0	0	0	0	0	0	232	254	0	-2.23E-05	5.20E-06	6.71E-06	-1.39E-05
210	15	0	0	0	0	0	0	232	254	0	-2.35E-05	4.53E-06	5.87E-06	-1.21E-05
210	16	0	0	0	0	0	0	232	254	0	-2.37E-05	5.04E-06	4.36E-06	-1.16E-05
210	17	0	0	0	0	0	0	232	254	0	-2.37E-05	5.04E-06	4.36E-06	-1.16E-05
210	18	0	0	0	0	0	0	232	254	0	-2.23E-05	4.20E-06	7.22E-06	-1.23E-05
210	19	0	0	0	0	0	0	232	254	0	-2.23E-05	4.20E-06	7.22E-06	-1.23E-05
211	0	0	0	0	0	0	0	232	254	0	-2.10E-05	3.19E-06	8.90E-06	-1.24E-05
211	1	0	0	0	0	0	0	232	254	0	-2.10E-05	3.19E-06	8.90E-06	-1.24E-05
211	2	0	0	0	0	0	0	232	254	0	-2.20E-05	4.70E-06	1.02E-05	-1.36E-05
211	3	0	0	0	0	0	0	232	254	0	-2.20E-05	4.70E-06	1.02E-05	-1.36E-05
211	4	0	0	0	0	0	0	232	254	0	-2.27E-05	5.20E-06	5.54E-06	-1.53E-05
211	5	0	0	0	0	0	0	232	254	0	-2.37E-05	5.20E-06	-2.52E-06	-1.49E-05
211	6	0	0	0	0	0	0	232	254	0	-2.37E-05	5.20E-06	-2.52E-06	-1.49E-05
211	7	0	0	0	0	0	0	232	254	0	-2.43E-05	4.70E-06	-4.87E-06	-1.43E-05
211	8	0	0	0	0	0	0	232	254	0	-2.43E-05	4.70E-06	-4.87E-06	-1.43E-05
211	9	0	0	0	0	0	0	232	254	0	-2.30E-05	4.87E-06	-4.36E-06	-1.36E-05
211	10	0	0	0	0	0	0	232	254	0	-2.30E-05	4.87E-06	-4.36E-06	-1.36E-05
211	11	0	0	0	0	0	0	232	254	0	-2.20E-05	4.53E-06	-9.73E-06	-1.33E-05
211	12	0	0	0	0	0	0	232	254	0	-2.20E-05	4.53E-06	-9.73E-06	-1.33E-05
211	13	0	0	0	0	0	0	232	254	0	-2.11E-05	4.53E-06	-6.21E-06	-1.43E-05
211	14	0	0	0	0	0	0	232	254	0	-2.10E-05	3.52E-06	-4.20E-06	-1.44E-05
211	15	0	0	0	0	0	0	232	254	0	-2.10E-05	3.52E-06	-4.20E-06	-1.44E-05
211	16	0	0	0	0	0	0	232	254	0	-2.10E-05	3.86E-06	-1.06E-05	-1.36E-05
211	17	0	0	0	0	0	0	232	254	0	-2.10E-05	3.86E-06	-1.06E-05	-1.36E-05
211	18	0	0	0	0	0	0	232	254	0	-1.90E-05	3.69E-06	-1.59E-05	-1.36E-05
211	19	0	0	0	0	0	0	232	254	0	-1.90E-05	3.69E-06	-1.59E-05	-1.36E-05
212	0	0	0	0	0	0	0	232	254	0	-1.90E-05	3.36E-06	-1.29E-05	-1.29E-05
212	1	0	0	0	0	0	0	232	254	0	-1.90E-05	3.36E-06	-1.29E-05	-1.29E-05
212	2	0	0	0	0	0	0	232	254	0	-1.96E-05	3.86E-06	-5.54E-06	-1.23E-05
212	3	0	0	0	0	0	0	232	254	0	-2.10E-05	4.20E-06	-2.85E-06	-1.26E-05
212	4	0	0	0	0	0	0	232	254	0	-2.10E-05	4.20E-06	-2.85E-06	-1.26E-05
212	5	0	0	0	0	0	0	232	254	0	-2.06E-05	4.36E-06	-5.20E-06	-1.16E-05
212	6	0	0	0	0	0	0	232	254	0	-2.06E-05	4.36E-06	-5.20E-06	-1.16E-05
212	7	0	0	0	0	0	0	232	254	0	-2.20E-05	5.20E-06	-1.01E-06	-1.04E-05
212	8	0	0	0	0	0	0	232	254	0	-2.20E-05	5.20E-06	-1.01E-06	-1.04E-05
212	9	0	0	0	0	0	0	232	254	0	-2.17E-05	5.20E-06	-1.68E-07	-9.57E-06
212	10	0	0	0	0	0	0	232	254	0	-2.17E-05	5.20E-06	-1.68E-07	-9.57E-06
212	11	0	0	0	0	0	0	232	254	0	-2.11E-05	5.87E-06	-9.23E-06	-9.57E-06
212	12	0	0	0	0	0	0	232	254	0	-2.03E-05	4.53E-06	-3.11E-05	-1.02E-05
212	13	0	0	0	0	0	0	232	254	0	-2.03E-05	4.53E-06	-3.11E-05	-1.02E-05
212	14	0	0	0	0	0	0	232	254	0	-2.10E-05	4.53E-06	-2.97E-05	-1.12E-05
212	15	0	0	0	0	0	0	232	254	0	-2.10E-05	4.53E-06	-2.97E-05	-1.12E-05
212	16	0	0	0	0	0	0	232	254	0	-2.23E-05	5.20E-06	-1.70E-05	-1.36E-05
212	17	0	0	0	0	0	0	232	254	0	-2.23E-05	5.20E-06	-1.70E-05	-1.36E-05
212	18	0	0	0	0	0	0	232	254	0	-2.25E-05	4.53E-06	-1.51E-05	-1.53E-05
212	19	0	0	0	0	0	0	232	254	0	-2.25E-05	4.53E-06	-1.51E-05	-1.53E-05
213	0	0	0	0	0	0	0	232	254	0	-2.23E-05	3.52E-06	-9.57E-06	-1.38E-05
213	1	0	0	0	0	0	0	232	254	0	-2.20E-05	4.20E-06	-9.90E-06	-1.26E-05
213	2	0	0	0	0	0	0	232	254	0	-2.20E-05	4.20E-06	-9.90E-06	-1.26E-05
213	3	0	0	0	0	0	0	232	254	0	-2.03E-05	4.20E-06	-1.56E-05	-1.24E-05
213	4	0	0	0	0	0	0	232	254	0	-2.03E-05	4.20E-06	-1.56E-05	-1.24E-05
213	5	0	0	0	0	0	0	232	254	0	-2.23E-05	3.36E-06	-1.09E-05	-1.06E-05
213	6	0	0	0	0	0	0	232	254	0	-2.23E-05	3.36E-06	-1.09E-05	-1.06E-05
213	7	0	0	0	0	0	0	232	254	0	-2.20E-05	4.20E-06	3.86E-06	-9.90E-06
213	8	0	0	0	0	0	0	232	254	0	-2.20E-05	4.20E-06	3.86E-06	-9.90E-06
213	9	0	0	0	0	0	0	232	254	0	-2.33E-05	4.87E-06	1.39E-05	-8.39E-06
213	10	0	0	0	0	0	0	232	254	0	-2.27E-05	4.53E-06	-8.39E-06	-8.90E-06
213	11	0	0	0	0	0	0	232	254	0	-2.27E-05	4.53E-06	-8.39E-06	-8.90E-06
213	12	0	0	0	0	0	0	232	254	0	-2.13E-05	5.20E-06	-2.79E-05	-1.09E-05
213	13	0	0	0	0	0	0	232	254	0	-2.13E-05	5.20E-06	-2.79E-05	-1.09E-05
213	14	0	0	0	0	0	0	232	254	0	-2.03E-05	4.36E-06	-1.83E-05	-1.09E-05
213	15	0	0	0	0	0	0	232	254	0	-2.03E-05	4.36E-06	-1.83E-05	-1.09E-05
213	16	0	0	0	0	0	0	232	254	0	-2.03E-05	3.53E-06	-4.87E-06	-1.11E-05
213	17	0	0	0	0	0	0	232	254	0	-2.03E-05	3.53E-06	-4.87E-06	-1.11E-05
213	18	0	0	0	0	0	0	232	254	0	-2.08E-05	4.36E-06	-8.56E-06	-1.23E-05
213	19	0	0	0	0	0	0	232	254	0	-2.11E-05	5.54E-06	-2.00E-05	-1.29E-05
214	0	0	0	0	0	0	0	232	254	0	-2.11E-05	5.54E-06	-2.00E-05	-1.29E-05
214	1	0	0	0	0	0	0	232	254	0	-2.08E-05	4.87E-06	-2.42E-05	-1.41E-05
214	2	0	0	0	0	0	0	232	254	0	-2.08E-05	4.87E-06	-2.42E-05	-1.41E-05
214	3	0	0	0	0	0	0	232	254	0	-2.11E-05	5.20E-06	-1.66E-05	-1.33E-05
214	4	0	0	0	0	0	0	232	254	0	-2.11E-05	5.20E-06	-1.66E-05	-1.33E-05
214	5	0	0	0	0	0	0	232	254	0	-2.23E-05	6.21E-06	-1.46E-05	-1.49E-05
214	6	0	0	0	0	0	0	232	254	0	-2.23E-05	6.21E-06	-1.46E-05	-1.49E-05
214	7	0	0	0	0	0	0	232	254	0	-2.20E-05	5.87E-06	-1.49E-05	-1.46E-05
214	8	0	0	0	0	0	0	232	254	0	-2.03E-05	4.87E-06	-5.54E-06	-1.36E-05
214	9	0	0	0	0	0	0	232	254	0	-2.03E-05	4.87E-06	-5.54E-06	-1.36E-05
214	10	0	0	0	0	0	0	232	254	0	-2.10E-05	5.20E-06	1.51E-06	-1.29E-05
214	11	0	0	0	0	0	0	232	254	0	-2.10E-05	5.20E-06	1.51E-06	-1.29E-05
214	12	0	0	0	0	0	0	232	254	0	-2.23E-05	4.87E-06	3.52E-06	-1.19E-05
214	13	0	0	0	0	0	0	232	254	0	-2.23E-05	4.87E-06	3.52E-06	-1.19E-05
214	14	0	0	0	0	0	0	232	254	0	-2.05E-05	3.86E-06	-4.20E-06	-1.33E-05
214	15	0	0	0	0	0	0	232	254	0	-2.05E-05	3.86E-06	-4.20E-06	-1.33E-05
214	16	0	0	0	0	0	0	232	254	0	-1.96E-05	5.20E-06	-6.54E-06	-1.26E-05
214	17	0	0	0	0	0	0	232	254	0	-2.23E-05	4.70E-06	1.67E-07	-1.12E-05
214	18	0	0	0	0	0	0	232	254	0	-2.23E-05	4.70E-06	1.67E-07	-1.12E-05
214	19	0	0	0	0	0	0	232	254	0	-2.17E-05	4.36E-06	-4.54E-06	-1.12E-05
215	0	0	0	0	0	0	0	232	254	0	-2.17E-05	4.36E-06	-4.54E-06	-1.12E-05
215	1	0	0	0	0	0	0	232	254	0	-2.11E-05	4.20E-06	-2.87E-05	-1.09E-05
215	2	0	0	0	0	0	0	232	254	0	-2.11E-05	4.20E-06	-2.87E-05	-1.09E-05
215	3	0	0	0	0	0	0	232	254	0	-2.10E-05	4.03E-06	-3.51E-05	-1.06E-05
215	4	0	0	0	0	0	0	232	254	0	-2.10E-05	4.03E-06	-3.51E-05	-1.06E-05
215	5	0	0	0	0	0	0	232	254	0	-2.06E-05	4.53E-06	-1.91E-05	-1.09E-05
215	6	0	0	0	0	0	0	232	254	0	-1.93E-05	5.20E-06	-1.31E-05	-1.34E-05
215	7	0	0	0	0	0	0	232	254	0	-1.93E-05	5.20E-06	-1.31E-05	-1.34E-05
215	8	0	0	0	0	0	0	232	254	0	-2.17E-05	4.36E-06	-1.62E-07	-1.43E-05
215	9	0	0	0	0	0	0	232	254	0	-2.17E-05	4.36E-06	-1.62E-07	-1.43E-05
215	10	0	0	0	0	0	0	232	254	0	-2.25E-05	3.86E-06	2.30E-05	-1.29E-05
215	11	0	0	0	0	0	0	232	254	0	-2.25E-05	3.86E-06	2.30E-05	-1.29E-05
215	12	0	0	0	0	0	0	232	254	0	-2.23E-05	4.70E-06	3.34E-05	-1.29E-05
215	13	0	0	0	0	0	0	232	254	0	-2.23E-05	4.70E-06	3.34E-05	-1.29E-05
215	14	0	0	0	0	0	0	232	254	0	-2.38E-05	4.20E-06	3.04E-05	-1.02E-05
215	15	0	0	0	0	0	0	232	254	0	-2.43E-05	5.20E-06	5.20E-06	-8.56E-06
215	16	0	0	0	0	0	0	232	254	0	-2.43E-05	5.20E-06	5.20E-06	-8.56E-06
215	17	0	0	0	0	0	0	232	254	0	-2.17E-05	4.70E-06	-1.19E-05	-1.06E-05
215	18	0	0	0	0	0	0	232	254	0	-2.17E-05	4.70E-06	-1.19E-05	-1.06E-05
215	19	0	0	0	0	0	0	232	254	0	-2.27E-05	4.20E-06	-1.56E-05	-1.06E-05
216	0	0	0	0	0	0	0	232	254	0	-2.27E-05	4.20E-06	-1.56E-05	-1.06E-05
216	1	0	0	0	0	0	0	232	254	0	-2.06E-05	3.86E-06	-2.84E-05	-1.26E-05
216	2	0	0	0	0	0	0	232	254	0	-2.06E-05	3.86E-06	-2.84E-05	-1.26E-05
216	3	0	0	0	0	0	0	232	254	0	-1.86E-05	4.20E-06	-3.71E-05	-1.53E-05
216	4	0	0	0	0	0	0	232	254	0	-1.80E-05	5.87E-06	-3.31E-05	-1.59E-05
216	5	0	0	0	0	0	0	232	254	0	-1.80E-05	5.87E-06	-3.31E-05	-1.59E-05
216	6	0	0	0	0	0	0	232	254	0	-1.95E-05	5.20E-06	-2.84E-05	-1.46E-05
216	7	0	0	0	0	0	0	232	254	0	-1.95E-05	5.20E-06	-2.84E-05	-1.46E-05
216	8	0	0	0	0	0	0	232	254	0	-2.00E-05	5.04E-06	-2.17E-05	-1.36E-05
216	9	0	0	0	0	0	0	232	254	0	-2.00E-05	5.04E-06	-2.17E-05	-1.36E-05
216	10	0	0	0	0	0	0	232	254	0	-2.05E-05	5.54E-06	-1.17E-05	-1.17E-05
216	11	0	0	0	0	0	0	232	254	0	-2.05E-05	5.54E-06	-1.17E-05	-1.17E-05
216	12	0	0	0	0	0	0	232	254	0	-2.03E-05	5.71E-06	-1.67E-07	-9.74E-06
216	13	0	0	0	0	0	0	232	254	0	-2.03E-05	5.54E-06	1.84E-06	-9.23E-06
216	14	0	0	0	0	0	0	232	254	0	-2.03E-05	5.54E-06	1.84E-06	-9.23E-06
216	15	0	0	0	0	0	0	232	254	0	-2.13E-05	4.36E-06	-8.23E-06	-9.40E-06
216	16	0	0	0	0	0	0	232	254	0	-2.13E-05	4.36E-06	-8.23E-06	-9.40E-06
216	17	0	0	0	0	0	0	232	254	0	-2.11E-05	4.53E-06	-1.16E-05	-1.01E-05
216	18	0	0	0	0	0	0	232	254	0	-2.11E-05	4.53E-06	-1.16E-05	-1.01E-05
216	19	0	0	0	0	0	0	232	254	0	-2.03E-05	3.86E-06	-8.56E-06	-1.16E-05
217	0	0	0	0	0	0	0	232	254	0	-2.03E-05	3.86E-06	-8.56E-06	-1.16E-05
217	1	0	0	0	0	0	0	232	254	0	-2.17E-05	3.69E-06	-6.71E-06	-1.02E-05
217	2	0	0	0	0	0	0	232	254	0	-2.18E-05	5.20E-06	-6.38E-06	-1.06E-05
217	3	0	0	0	0	0	0	232	254	0	-2.18E-05	5.20E-06	-6.38E-06	-1.06E-05
217	4	0	0	0	0	0	0	232	254	0	-2.30E-05	5.20E-06	-5.87E-06	-1.19E-05
217	5	0	0	0	0	0	0	232	254	0	-2.30E-05	5.20E-06	-5.87E-06	-1.19E-05
217	6	0	0	0	0	0	0	232	254	0	-2.40E-05	3.86E-06	-3.86E-06	-9.90E-06
217	7	0	0	0	0	0	0	232	254	0	-2.40E-05	3.86E-06	-3.86E-06	-9.90E-06
217	8	0	0	0	0	0	0	232	254	0	-2.33E-05	3.86E-06	-3.53E-06	-1.11E-05
217	9	0	0	0	0	0	0	232	254	0	-2.33E-05	3.86E-06	-3.53E-06	-1.11E-05
217	10	0	0	0	0	0	0	232	254	0	-2.20E-05	4.70E-06	-8.90E-06	-1.48E-05
217	11	0	0	0	0	0	0	232	254	0	-2.00E-05	5.54E-06	-1.23E-05	-1.49E-05
217	12	0	0	0	0	0	0	232	254	0	-2.00E-05	5.54E-06	-1.23E-05	-1.49E-05
217	13	0	0	0	0	0	0	232	254	0	-2.03E-05	5.54E-06	-6.88E-06	-1.46E-05
217	14	0	0	0	0	0	0	232	254	0	-2.03E-05	5.54E-06	-6.88E-06	-1.46E-05
217	15	0	0	0	0	0	0	232	254	0	-1.91E-05	5.87E-06	-5.71E-06	-1.38E-05
217	16	0	0	0	0	0	0	232	254	0	-1.91E-05	5.87E-06	-5.71E-06	-1.38E-05
217	17	0	0	0	0	0	0	232	254	0	-1.86E-05	5.20E-06	-8.39E-06	-1.17E-05
217	18	0	0	0	0	0	0	232	254	0	-1.86E-05	5.20E-06	-8.39E-06	-1.17E-05
217	19	0	0	0	0	0	0	232	254	0	-1.96E-05	5.20E-06	-1.28E-05	-1.06E-05
218	0	0	0	0	0	0	0	232	254	0	-2.03E-05	4.53E-06	-1.23E-05	-1.18E-05
218	1	0	0	0	0	0	0	232	254	0	-2.03E-05	4.53E-06	-1.23E-05	-1.18E-05
218	2	0	0	0	0	0	0	232	254	0	-2.08E-05	3.69E-06	-8.22E-06	-1.33E-05
218	3	0	0	0	0	0	0	232	254	0	-2.08E-05	3.69E-06	-8.22E-06	-1.33E-05
218	4	0	0	0	0	0	0	232	254	0	-2.17E-05	4.20E-06	-4.87E-06	-1.28E-05
218	5	0	0	0	0	0	0	232	254	0	-2.17E-05	4.20E-06	-4.87E-06	-1.28E-05
218	6	0	0	0	0	0	0	232	254	0	-2.10E-05	5.54E-06	-8.41E-07	-1.28E-05
218	7	0	0	0	0	0	0	232	254	0	-2.10E-05	5.54E-06	-8.41E-07	-1.28E-05
218	8	0	0	0	0	0	0	232	254	0	-2.01E-05	5.03E-06	-5.04E-06	-1.39E-05
218	9	0	0	0	0	0	0	232	254	0	-2.10E-05	3.86E-06	-5.21E-06	-1.31E-05
218	10	0	0	0	0	0	0	232	254	0	-2.10E-05	3.86E-06	-5.21E-06	-1.31E-05
218	11	0	0	0	0	0	0	232	254	0	-2.08E-05	5.04E-06	-1.09E-05	-1.23E-05
218	12	0	0	0	0	0	0	232	254	0	-2.08E-05	5.04E-06	-1.09E-05	-1.23E-05
218	13	0	0	0	0	0	0	232	254	0	-2.10E-05	5.87E-06	-2.92E-05	-1.33E-05
218	14	0	0	0	0	0	0	232	254	0	-2.10E-05	5.87E-06	-2.92E-05	-1.33E-05
218	15	0	0	0	0	0	0	232	254	0	-2.30E-05	5.04E-06	-4.25E-05	-1.43E-05
218	16	0	0	0	0	0	0	232	254	0	-2.30E-05	5.04E-06	-4.25E-05	-1.43E-05
218	17	0	0	0	0	0	0	232	254	0	-2.20E-05	4.70E-06	-2.62E-05	-1.38E-05
218	18	0	0	0	0	0	0	232	254	0	-2.08E-05	3.86E-06	-1.09E-05	-1.31E-05
218	19	0	0	0	0	0	0	232	254	0	-2.08E-05	3.86E-06	-1.09E-05	-1.31E-05
219	0	0	0	0	0	0	0	232	254	0	-2.06E-05	3.52E-06	-5.87E-06	-1.34E-05
219	1	0	0	0	0	0	0	232	254	0	-2.06E-05	3.52E-06	-5.87E-06	-1.34E-05
219	2	0	0	0	0	0	0	232	254	0	-1.98E-05	3.69E-06	6.37E-06	-1.29E-05
219	3	0	0	0	0	0	0	232	254	0	-1.98E-05	3.69E-06	6.37E-06	-1.29E-05
219	4	0	0	0	0	0	0	232	254	0	-2.06E-05	3.86E-06	-4.88E-06	-1.29E-05
219	5	0	0	0	0	0	0	232	254	0	-2.06E-05	3.86E-06	-4.88E-06	-1.29E-05
219	6	0	0	0	0	0	0	232	254	0	-2.03E-05	4.20E-06	-2.10E-05	-1.38E-05
219	7	0	0	0	0	0	0	232	254	0	-1.96E-05	5.20E-06	-1.93E-05	-1.51E-05
219	8	0	0	0	0	0	0	232	254	0	-1.96E-05	5.20E-06	-1.93E-05	-1.51E-05
219	9	0	0	0	0	0	0	232	254	0	-2.06E-05	5.54E-06	-2.32E-05	-1.66E-05
219	10	0	0	0	0	0	0	232	254	0	-2.06E-05	5.54E-06	-2.32E-05	-1.66E-05
219	11	0	0	0	0	0	0	232	254	0	-2.03E-05	5.20E-06	-3.07E-05	-1.85E-05
219	12	0	0	0	0	0	0	232	254	0	-2.03E-05	5.20E-06	-3.07E-05	-1.85E-05
219	13	0	0	0	0	0	0	232	254	0	-2.03E-05	6.21E-06	-1.51E-05	-1.70E-05
219	14	0	0	0	0	0	0	232	254	0	-2.03E-05	6.21E-06	-1.51E-05	-1.70E-05
219	15	0	0	0	0	0	0	232	254	0	-2.13E-05	6.55E-06	5.20E-06	-1.31E-05
219	16	0	0	0	0	0	0	232	254	0	-2.17E-05	5.71E-06	5.37E-06	-1.24E-05
219	17	0	0	0	0	0	0	232	254	0	-2.17E-05	5.71E-06	5.37E-06	-1.24E-05
219	18	0	0	0	0	0	0	232	254	0	-2.03E-05	3.86E-06	-4.20E-06	-1.46E-05
219	19	0	0	0	0	0	0	232	254	0	-2.03E-05	3.86E-06	-4.20E-06	-1.46E-05
220	0	0	0	0	0	0	0	232	254	0	-2.06E-05	4.53E-06	-1.06E-05	-1.44E-05
220	1	0	0	0	0	0	0	232	254	0	-2.06E-05	4.53E-06	-1.06E-05	-1.44E-05
220	2	0	0	0	0	0	0	232	254	0	-1.90E-05	4.20E-06	-2.03E-05	-1.34E-05
220	3	0	0	0	0	0	0	232	254	0	-1.90E-05	4.20E-06	-2.03E-05	-1.34E-05
220	4	0	0	0	0	0	0	232	254	0	-2.00E-05	3.19E-06	-9.56E-06	-1.43E-05
220	5	0	0	0	0	0	0	232	254	0	-2.11E-05	2.85E-06	-1.50E-06	-1.51E-05
220	6	0	0	0	0	0	0	232	254	0	-2.11E-05	2.85E-06	-1.50E-06	-1.51E-05
220	7	0	0	0	0	0	0	232	254	0	-2.23E-05	2.18E-06	9.23E-06	-1.53E-05
220	8	0	0	0	0	0	0	232	254	0	-2.23E-05	2.18E-06	9.23E-06	-1.53E-05
220	9	0	0	0	0	0	0	232	254	0	-2.23E-05	3.52E-06	1.32E-05	-1.53E-05
220	10	0	0	0	0	0	0	232	254	0	-2.23E-05	3.52E-06	1.32E-05	-1.53E-05
220	11	0	0	0	0	0	0	232	254	0	-2.18E-05	3.36E-06	-8.40E-06	-1.17E-05
220	12	0	0	0	0	0	0	232	254	0	-2.18E-05	3.36E-06	-8.40E-06	-1.17E-05
220	13	0	0	0	0	0	0	232	254	0	-2.10E-05	2.85E-06	-2.70E-05	-9.57E-06
220	14	0	0	0	0	0	0	232	254	0	-2.06E-05	3.19E-06	-2.37E-05	-9.40E-06
220	15	0	0	0	0	0	0	232	254	0	-2.06E-05	3.19E-06	-2.37E-05	-9.40E-06
220	16	0	0	0	0	0	0	232	254	0	-2.23E-05	2.85E-06	-4.18E-06	-1.09E-05
220	17	0	0	0	0	0	0	232	254	0	-2.23E-05	2.85E-06	-4.18E-06	-1.09E-05
220	18	0	0	0	0	0	0	232	254	0	-2.25E-05	1.85E-06	1.66E-05	-9.23E-06
220	19	0	0	0	0	0	0	232	254	0	-2.25E-05	1.85E-06	1.66E-05	-9.23E-06
221	0	0	0	0	0	0	0	232	254	0	-2.17E-05	3.19E-06	2.50E-05	-7.89E-06
221	1	0	0	0	0	0	0	232	254	0	-2.17E-05	3.19E-06	2.50E-05	-7.89E-06
221	2	0	0	0	0	0	0	232	254	0	-2.11E-05	3.86E-06	1.93E-05	-9.57E-06
221	3	0	0	0	0	0	0	232	254	0	-2.25E-05	4.36E-06	6.63E-07	-1.39E-05
221	4	0	0	0	0	0	0	232	254	0	-2.25E-05	4.36E-06	6.63E-07	-1.39E-05
221	5	0	0	0	0	0	0	232	254	0	-2.33E-05	4.53E-06	-1.29E-05	-1.43E-05
221	6	0	0	0	0	0	0	232	254	0	-2.33E-05	4.53E-06	-1.29E-05	-1.43E-05
221	7	0	0	0	0	0	0	232	254	0	-2.33E-05	4.53E-06	-1.39E-05	-1.26E-05
221	8	0	0	0	0	0	0	232	254	0	-2.33E-05	4.53E-06	-1.39E-05	-1.26E-05
221	9	0	0	0	0	0	0	232	254	0	-2.43E-05	4.53E-06	-1.59E-05	-1.41E-05
221	10	0	0	0	0	0	0	232	254	0	-2.43E-05	4.53E-06	-1.59E-05	-1.41E-05
221	11	0	0	0	0	0	0	232	254	0	-2.48E-05	4.87E-06	-2.08E-05	-1.59E-05
221	12	0	0	0	0	0	0	232	254	0	-2.20E-05	5.71E-06	-2.23E-05	-1.56E-05
221	13	0	0	0	0	0	0	232	254	0	-2.20E-05	5.71E-06	-2.23E-05	-1.56E-05
221	14	0	0	0	0	0	0	232	254	0	-2.13E-05	5.71E-06	-2.23E-05	-1.59E-05
221	15	0	0	0	0	0	0	232	254	0	-2.13E-05	5.71E-06	-2.23E-05	-1.59E-05
221	16	0	0	0	0	0	0	232	254	0	-2.20E-05	5.88E-06	-1.73E-05	-1.56E-05
221	17	0	0	0	0	0	0	232	254	0	-2.20E-05	5.88E-06	-1.73E-05	-1.56E-05
221	18	0	0	0	0	0	0	232	254	0	-2.25E-05	7.72E-06	-5.53E-06	-1.24E-05
221	19	0	0	0	0	0	0	232	254	0	-2.25E-05	7.72E-06	-5.53E-06	-1.24E-05
222	0	0	0	0	0	0	0	232	254	0	-2.27E-05	6.88E-06	3.19E-06	-1.09E-05
222	1	0	0	0	0	0	0	232	254	0	-2.08E-05	5.71E-06	7.39E-06	-1.01E-05
222	2	0	0	0	0	0	0	232	254	0	-2.08E-05	5.71E-06	7.39E-06	-1.01E-05
222	3	0	0	0	0	0	0	232	254	0	-1.98E-05	5.87E-06	8.55E-06	-8.22E-06
222	4	0	0	0	0	0	0	232	254	0	-1.98E-05	5.87E-06	8.55E-06	-8.22E-06
222	5	0	0	0	0	0	0	232	254	0	-2.03E-05	5.71E-06	-3.04E-06	-8.23E-06
222	6	0	0	0	0	0	0	232	254	0	-2.03E-05	5.71E-06	-3.04E-06	-8.23E-06
222	7	0	0	0	0	0	0	232	254	0	-1.93E-05	6.04E-06	-2.43E-05	-1.06E-05
222	8	0	0	0	0	0	0	232	254	0	-1.93E-05	6.04E-06	-2.43E-05	-1.06E-05
222	9	0	0	0	0	0	0	232	254	0	-1.90E-05	5.20E-06	-3.24E-05	-1.16E-05
222	10	0	0	0	0	0	0	232	254	0	-2.03E-05	6.04E-06	-2.85E-05	-1.23E-05
222	11	0	0	0	0	0	0	232	254	0	-2.03E-05	6.04E-06	-2.85E-05	-1.23E-05
222	12	0	0	0	0	0	0	232	254	0	-2.00E-05	7.22E-06	-2.84E-05	-1.26E-05
222	13	0	0	0	0	0	0	232	254	0	-2.00E-05	7.22E-06	-2.84E-05	-1.26E-05
222	14	0	0	0	0	0	0	232	254	0	-2.17E-05	6.55E-06	-2.50E-05	-1.16E-05
222	15	0	0	0	0	0	0	232	254	0	-2.17E-05	6.55E-06	-2.50E-05	-1.16E-05
222	16	0	0	0	0	0	0	232	254	0	-2.17E-05	5.87E-06	-7.38E-06	-1.02E-05
222	17	0	0	0	0	0	0	232	254	0	-2.17E-05	5.87E-06	-7.38E-06	-1.02E-05
222	18	0	0	0	0	0	0	232	254	0	-2.17E-05	5.54E-06	-1.69E-07	-1.33E-05
222	19	0	0	0	0	0	0	232	254	0	-2.30E-05	5.71E-06	-1.84E-06	-1.53E-05
223	0	0	0	0	0	0	0	232	254	0	-2.30E-05	5.71E-06	-1.84E-06	-1.53E-05
223	1	0	0	0	0	0	0	232	254	0	-2.32E-05	5.87E-06	3.35E-06	-1.41E-05
223	2	0	0	0	0	0	0	232	254	0	-2.32E-05	5.87E-06	3.35E-06	-1.41E-05
223	3	0	0	0	0	0	0	232	254	0	-2.37E-05	4.53E-06	-6.21E-06	-1.23E-05
223	4	0	0	0	0	0	0	232	254	0	-2.37E-05	4.53E-06	-6.21E-06	-1.23E-05
223	5	0	0	0	0	0	0	232	254	0	-2.45E-05	4.20E-06	-1.22E-05	-1.16E-05
223	6	0	0	0	0	0	0	232	254	0	-2.45E-05	4.20E-06	-1.22E-05	-1.16E-05
223	7	0	0	0	0	0	0	232	254	0	-2.45E-05	3.69E-06	-8.22E-06	-1.26E-05
223	8	0	0	0	0	0	0	232	254	0	-2.43E-05	2.69E-06	-6.54E-06	-1.19E-05
223	9	0	0	0	0	0	0	232	254	0	-2.43E-05	2.69E-06	-6.54E-06	-1.19E-05
223	10	0	0	0	0	0	0	232	254	0	-2.30E-05	2.35E-06	-4.19E-06	-1.12E-05
223	11	0	0	0	0	0	0	232	254	0	-2.30E-05	2.35E-06	-4.19E-06	-1.12E-05
223	12	0	0	0	0	0	0	232	254	0	-2.37E-05	2.52E-06	3.19E-06	-1.16E-05
223	13	0	0	0	0	0	0	232	254	0	-2.37E-05	2.52E-06	3.19E-06	-1.16E-05
223	14	0	0	0	0	0	0	232	254	0	-2.43E-05	3.19E-06	2.84E-06	-9.74E-06
223	15	0	0	0	0	0	0	232	254	0	-2.43E-05	3.19E-06	2.84E-06	-9.74E-06
223	16	0	0	0	0	0	0	232	254	0	-2.40E-05	3.52E-06	-1.43E-05	-1.02E-05
223	17	0	0	0	0	0	0	232	254	0	-2.40E-05	3.52E-06	-2.74E-05	-1.23E-05
223	18	0	0	0	0	0	0	232	254	0	-2.40E-05	3.52E-06	-2.74E-05	-1.23E-05
223	19	0	0	0	0	0	0	232	254	0	-2.40E-05	3.69E-06	-2.90E-05	-1.36E-05
224	0	0	0	0	0	0	0	232	254	0	-2.40E-05	3.69E-06	-2.90E-05	-1.36E-05
224	1	0	0	0	0	0	0	232	254	0	-2.17E-05	3.53E-06	-1.91E-05	-1.39E-05
224	2	0	0	0	0	0	0	232	254	0	-2.17E-05	3.53E-06	-1.91E-05	-1.39E-05
224	3	0	0	0	0	0	0	232	254	0	-2.20E-05	4.87E-06	-6.54E-06	-1.44E-05
224	4	0	0	0	0	0	0	232	254	0	-2.20E-05	4.87E-06	-6.54E-06	-1.44E-05
224	5	0	0	0	0	0	0	232	254	0	-2.11E-05	4.87E-06	2.01E-06	-1.24E-05
224	6	0	0	0	0	0	0	232	254	0	-2.20E-05	4.03E-06	-1.79E-07	-1.28E-05
224	7	0	0	0	0	0	0	232	254	0	-2.20E-05	4.03E-06	-1.79E-07	-1.28E-05
224	8	0	0	0	0	0	0	232	254	0	-2.20E-05	4.87E-06	-1.58E-05	-1.38E-05
224	9	0	0	0	0	0	0	232	254	0	-2.20E-05	4.87E-06	-1.58E-05	-1.38E-05
224	10	0	0	0	0	0	0	232	254	0	-2.25E-05	5.20E-06	-2.20E-05	-1.31E-05
224	11	0	0	0	0	0	0	232	254	0	-2.25E-05	5.20E-06	-2.20E-05	-1.31E-05
224	12	0	0	0	0	0	0	232	254	0	-2.23E-05	5.20E-06	-1.44E-05	-1.33E-05
224	13	0	0	0	0	0	0	232	254	0	-2.23E-05	5.20E-06	-1.44E-05	-1.33E-05
224	14	0	0	0	0	0	0	232	254	0	-2.23E-05	4.87E-06	-7.89E-06	-1.29E-05
224	15	0	0	0	0	0	0	232	254	0	-2.23E-05	4.70E-06	-6.54E-06	-1.16E-05
224	16	0	0	0	0	0	0	232	254	0	-2.23E-05	4.70E-06	-6.54E-06	-1.16E-05
224	17	0	0	0	0	0	0	232	254	0	-2.00E-05	3.86E-06	-4.20E-06	-1.26E-05
224	18	0	0	0	0	0	0	232	254	0	-2.00E-05	3.86E-06	-4.20E-06	-1.26E-05
224	19	0	0	0	0	0	0	232	254	0	-1.90E-05	3.86E-06	-7.22E-06	-1.36E-05
225	0	0	0	0	0	0	0	232	254	0	-1.90E-05	3.86E-06	-7.22E-06	-1.36E-05
225	1	0	0	0	0	0	0	232	254	0	-1.76E-05	3.86E-06	-1.31E-05	-1.38E-05
225	2	0	0	0	0	0	0	232	254	0	-1.76E-05	3.86E-06	-1.31E-05	-1.38E-05
225	3	0	0	0	0	0	0	232	254	0	-1.76E-05	3.19E-06	-1.23E-05	-1.34E-05
225	4	0	0	0	0	0	0	232	254	0	-1.86E-05	6.21E-06	-1.14E-05	-1.19E-05
225	5	0	0	0	0	0	0	232	254	0	-1.86E-05	6.21E-06	-1.14E-05	-1.19E-05
225	6	0	0	0	0	0	0	232	254	0	-1.86E-05	7.05E-06	-1.43E-05	-1.18E-05
225	7	0	0	0	0	0	0	232	254	0	-1.86E-05	7.05E-06	-1.43E-05	-1.18E-05
225	8	0	0	0	0	0	0	232	254	0	-1.93E-05	5.87E-06	-1.64E-05	-1.24E-05
225	9	0	0	0	0	0	0	232	254	0	-1.93E-05	5.87E-06	-1.64E-05	-1.24E-05
225	10	0	0	0	0	0	0	232	254	0	-2.03E-05	5.88E-06	-1.29E-05	-1.04E-05
225	11	0	0	0	0	0	0	232	254	0	-2.03E-05	5.88E-06	-1.29E-05	-1.04E-05
225	12	0	0	0	0	0	0	232	254	0	-1.91E-05	6.38E-06	-8.56E-06	-1.06E-05
225	13	0	0	0	0	0	0	232	254	0	-1.85E-05	7.22E-06	-1.09E-05	-1.09E-05
225	14	0	0	0	0	0	0	232	254	0	-1.85E-05	7.22E-06	-1.09E-05	-1.09E-05
225	15	0	0	0	0	0	0	232	254	0	-1.93E-05	7.05E-06	-1.02E-05	-1.02E-05
225	16	0	0	0	0	0	0	232	254	0	-1.93E-05	7.05E-06	-1.02E-05	-1.02E-05
225	17	0	0	0	0	0	0	232	254	0	-1.96E-05	5.87E-06	-4.86E-06	-9.23E-06
225	18	0	0	0	0	0	0	232	254	0	-1.96E-05	5.87E-06	-4.86E-06	-9.23E-06
225	19	0	0	0	0	0	0	232	254	0	-1.88E-05	5.54E-06	3.46E-07	-9.57E-06
226	0	0	0	0	0	0	0	232	254	0	-1.88E-05	5.54E-06	3.46E-07	-9.57E-06
226	1	0	0	0	0	0	0	232	254	0	-1.88E-05	4.20E-06	1.11E-05	-8.90E-06
226	2	0	0	0	0	0	0	232	254	0	-1.90E-05	3.53E-06	1.63E-05	-7.89E-06
226	3	0	0	0	0	0	0	232	254	0	-1.90E-05	3.53E-06	1.63E-05	-7.89E-06
226	4	0	0	0	0	0	0	232	254	0	-1.73E-05	4.20E-06	1.56E-07	-1.06E-05
226	5	0	0	0	0	0	0	232	254	0	-1.73E-05	4.20E-06	1.56E-07	-1.06E-05
226	6	0	0	0	0	0	0	232	254	0	-1.71E-05	4.53E-06	-1.22E-05	-1.29E-05
226	7	0	0	0	0	0	0	232	254	0	-1.71E-05	4.53E-06	-1.22E-05	-1.29E-05
226	8	0	0	0	0	0	0	232	254	0	-1.85E-05	4.70E-06	-5.54E-06	-1.46E-05
226	9	0	0	0	0	0	0	232	254	0	-1.85E-05	4.70E-06	-5.54E-06	-1.46E-05
226	10	0	0	0	0	0	0	232	254	0	-1.95E-05	2.85E-06	-2.19E-06	-1.34E-05
226	11	0	0	0	0	0	0	232	254	0	-2.03E-05	3.86E-06	-1.21E-05	-1.33E-05
226	12	0	0	0	0	0	0	232	254	0	-2.03E-05	3.86E-06	-1.21E-05	-1.33E-05
226	13	0	0	0	0	0	0	232	254	0	-2.05E-05	4.53E-06	-2.17E-05	-1.63E-05
226	14	0	0	0	0	0	0	232	254	0	-2.05E-05	4.53E-06	-2.17E-05	-1.63E-05
226	15	0	0	0	0	0	0	232	254	0	-2.10E-05	3.53E-06	-2.37E-05	-1.59E-05
226	16	0	0	0	0	0	0	232	254	0	-2.10E-05	3.53E-06	-2.37E-05	-1.59E-05
226	17	0	0	0	0	0	0	232	254	0	-2.06E-05	4.20E-06	-2.23E-05	-1.54E-05
226	18	0	0	0	0	0	0	232	254	0	-2.06E-05	4.20E-06	-2.23E-05	-1.54E-05
226	19	0	0	0	0	0	0	232	254	0	-2.03E-05	5.87E-06	-1.39E-05	-1.49E-05
227	0	0	0	0	0	0	0	232	254	0	-1.85E-05	4.87E-06	3.69E-06	-1.39E-05
227	1	0	0	0	0	0	0	232	254	0	-1.85E-05	4.87E-06	3.69E-06	-1.39E-05
227	2	0	0	0	0	0	0	232	254	0	-1.85E-05	3.52E-06	4.86E-06	-1.39E-05
227	3	0	0	0	0	0	0	232	254	0	-1.85E-05	3.52E-06	4.86E-06	-1.39E-05
227	4	0	0	0	0	0	0	232	254	0	-2.01E-05	2.85E-06	-7.56E-06	-1.33E-05
227	5	0	0	0	0	0	0	232	254	0	-2.01E-05	2.85E-06	-7.56E-06	-1.33E-05
227	6	0	0	0	0	0	0	232	254	0	-2.03E-05	4.36E-06	-1.38E-05	-1.31E-05
227	7	0	0	0	0	0	0	232	254	0	-2.03E-05	4.36E-06	-1.38E-05	-1.31E-05
227	8	0	0	0	0	0	0	232	254	0	-2.05E-05	3.86E-06	-1.11E-05	-1.31E-05
227	9	0	0	0	0	0	0	232	254	0	-2.17E-05	3.86E-06	-7.21E-06	-1.29E-05
227	10	0	0	0	0	0	0	232	254	0	-2.17E-05	3.86E-06	-7.21E-06	-1.29E-05
227	11	0	0	0	0	0	0	232	254	0	-2.23E-05	4.53E-06	-3.86E-06	-1.36E-05
227	12	0	0	0	0	0	0	232	254	0	-2.23E-05	4.53E-06	-3.86E-06	-1.36E-05
227	13	0	0	0	0	0	0	232	254	0	-2.37E-05	5.20E-06	-5.21E-06	-1.33E-05
227	14	0	0	0	0	0	0	232	254	0	-2.37E-05	5.20E-06	-5.21E-06	-1.33E-05
227	15	0	0	0	0	0	0	232	254	0	-2.43E-05	5.54E-06	-1.49E-05	-1.29E-05
227	16	0	0	0	0	0	0	232	254	0	-2.43E-05	5.54E-06	-1.49E-05	-1.29E-05
227	17	0	0	0	0	0	0	232	254	0	-2.40E-05	5.20E-06	-2.16E-05	-1.43E-05
227	18	0	0	0	0	0	0	232	254	0	-2.30E-05	4.87E-06	-1.71E-05	-1.44E-05
227	19	0	0	0	0	0	0	232	254	0	-2.30E-05	4.87E-06	-1.71E-05	-1.44E-05
228	0	0	0	0	0	0	0	232	254	0	-2.38E-05	3.86E-06	-8.56E-06	-1.51E-05
228	1	0	0	0	0	0	0	232	254	0	-2.38E-05	3.86E-06	-8.56E-06	-1.51E-05
228	2	0	0	0	0	0	0	232	254	0	-2.57E-05	3.02E-06	-4.52E-06	-1.36E-05
228	3	0	0	0	0	0	0	232	254	0	-2.57E-05	3.02E-06	-4.52E-06	-1.36E-05
228	4	0	0	0	0	0	0	232	254	0	-2.52E-05	5.54E-06	4.87E-06	-1.43E-05
228	5	0	0	0	0	0	0	232	254	0	-2.52E-05	5.54E-06	4.87E-06	-1.43E-05
228	6	0	0	0	0	0	0	232	254	0	-2.43E-05	5.87E-06	6.53E-06	-1.43E-05
228	7	0	0	0	0	0	0	232	254	0	-2.33E-05	4.53E-06	-1.33E-05	-1.29E-05
228	8	0	0	0	0	0	0	232	254	0	-2.33E-05	4.53E-06	-1.33E-05	-1.29E-05
228	9	0	0	0	0	0	0	232	254	0	-2.50E-05	6.55E-06	-3.37E-05	-1.31E-05
228	10	0	0	0	0	0	0	232	254	0	-2.50E-05	6.55E-06	-3.37E-05	-1.31E-05
228	11	0	0	0	0	0	0	232	254	0	-2.64E-05	6.55E-06	-2.90E-05	-1.06E-05
228	12	0	0	0	0	0	0	232	254	0	-2.64E-05	6.55E-06	-2.90E-05	-1.06E-05
228	13	0	0	0	0	0	0	232	254	0	-2.80E-05	6.54E-06	-1.58E-05	-9.74E-06
228	14	0	0	0	0	0	0	232	254	0	-2.80E-05	6.54E-06	-1.58E-05	-9.74E-06
228	15	0	0	0	0	0	0	232	254	0	-2.89E-05	5.54E-06	-1.86E-05	-9.90E-06
228	16	0	0	0	0	0	0	232	254	0	-2.74E-05	4.53E-06	-1.63E-05	-8.56E-06
228	17	0	0	0	0	0	0	232	254	0	-2.74E-05	4.53E-06	-1.63E-05	-8.56E-06
228	18	0	0	0	0	0	0	232	254	0	-2.50E-05	4.53E-06	-1.14E-05	-7.22E-06
228	19	0	0	0	0	0	0	232	254	0	-2.50E-05	4.53E-06	-1.14E-05	-7.22E-06
229	0	0	0	0	0	0	0	232	254	0	-2.37E-05	4.36E-06	-6.55E-06	-8.73E-06
229	1	0	0	0	0	0	0	232	254	0	-2.37E-05	4.36E-06	-6.55E-06	-8.73E-06
229	2	0	0	0	0	0	0	232	254	0	-2.23E-05	4.87E-06	-1.36E-05	-1.09E-05
229	3	0	0	0	0	0	0	232	254	0	-2.23E-05	4.87E-06	-1.36E-05	-1.09E-05
229	4	0	0	0	0	0	0	232	254	0	-2.06E-05	4.53E-06	-1.63E-05	-1.26E-05
229	5	0	0	0	0	0	0	232	254	0	-2.05E-05	5.20E-06	-1.36E-05	-1.29E-05
229	6	0	0	0	0	0	0	232	254	0	-2.05E-05	5.20E-06	-1.36E-05	-1.29E-05
229	7	0	0	0	0	0	0	232	254	0	-1.90E-05	5.54E-06	-1.36E-05	-1.39E-05
229	8	0	0	0	0	0	0	232	254	0	-1.90E-05	5.54E-06	-1.36E-05	-1.39E-05
229	9	0	0	0	0	0	0	232	254	0	-1.90E-05	4.87E-06	1.85E-06	-1.38E-05
229	10	0	0	0	0	0	0	232	254	0	-1.90E-05	4.87E-06	1.85E-06	-1.38E-05
229	11	0	0	0	0	0	0	232	254	0	-1.96E-05	5.20E-06	3.51E-06	-1.39E-05
229	12	0	0	0	0	0	0	232	254	0	-1.96E-05	5.20E-06	3.51E-06	-1.39E-05
229	13	0	0	0	0	0	0	232	254	0	-2.13E-05	4.36E-06	-5.70E-06	-1.43E-05
229	14	0	0	0	0	0	0	232	254	0	-2.22E-05	4.53E-06	-1.84E-06	-1.43E-05
229	15	0	0	0	0	0	0	232	254	0	-2.22E-05	4.53E-06	-1.84E-06	-1.43E-05
229	16	0	0	0	0	0	0	232	254	0	-2.12E-05	5.20E-06	-1.68E-07	-1.51E-05
229	17	0	0	0	0	0	0	232	254	0	-2.12E-05	5.20E-06	-1.68E-07	-1.51E-05
229	18	0	0	0	0	0	0	232	254	0	-2.22E-05	5.54E-06	2.69E-09	-1.49E-05
229	19	0	0	0	0	0	0	232	254	0	-2.22E-05	5.54E-06	2.69E-09	-1.49E-05
230	0	0	0	0	0	0	0	232	254	0	-2.23E-05	4.87E-06	2.51E-06	-1.33E-05
230	1	0	0	0	0	0	0	232	254	0	-2.23E-05	4.87E-06	2.51E-06	-1.33E-05
230	2	0	0	0	0	0	0	232	254	0	-2.15E-05	5.03E-06	-5.72E-06	-1.39E-05
230	3	0	0	0	0	0	0	232	254	0	-1.96E-05	4.53E-06	-1.33E-05	-1.19E-05
230	4	0	0	0	0	0	0	232	254	0	-1.96E-05	4.53E-06	-1.33E-05	-1.19E-05
230	5	0	0	0	0	0	0	232	254	0	-2.03E-05	4.87E-06	-7.05E-06	-9.23E-06
230	6	0	0	0	0	0	0	232	254	0	-2.03E-05	4.87E-06	-7.05E-06	-9.23E-06
230	7	0	0	0	0	0	0	232	254	0	-1.98E-05	4.87E-06	-4.21E-06	-8.56E-06
230	8	0	0	0	0	0	0	232	254	0	-1.98E-05	4.87E-06	-4.21E-06	-8.56E-06
230	9	0	0	0	0	0	0	232	254	0	-1.90E-05	4.53E-06	-1.26E-05	-9.74E-06
230	10	0	0	0	0	0	0	232	254	0	-1.90E-05	4.53E-06	-1.26E-05	-9.74E-06
230	11	0	0	0	0	0	0	232	254	0	-1.90E-05	4.20E-06	-1.24E-05	-9.90E-06
230	12	0	0	0	0	0	0	232	254	0	-1.80E-05	4.70E-06	-8.43E-07	-9.57E-06
230	13	0	0	0	0	0	0	232	254	0	-1.80E-05	4.70E-06	-8.43E-07	-9.57E-06
230	14	0	0	0	0	0	0	232	254	0	-1.76E-05	4.87E-06	-3.87E-06	-9.74E-06
230	15	0	0	0	0	0	0	232	254	0	-1.76E-05	4.87E-06	-3.87E-06	-9.74E-06
230	16	0	0	0	0	0	0	232	254	0	-1.83E-05	3.69E-06	-7.72E-06	-1.11E-05
230	17	0	0	0	0	0	0	232	254	0	-1.83E-05	3.69E-06	-7.72E-06	-1.11E-05
230	18	0	0	0	0	0	0	232	254	0	-1.90E-05	3.02E-06	-9.07E-06	-1.23E-05
230	19	0	0	0	0	0	0	232	254	0	-1.90E-05	3.02E-06	-9.07E-06	-1.23E-05
231	0	0	0	0	0	0	0	232	254	0	-1.96E-05	3.02E-06	-1.71E-05	-1.43E-05
231	1	0	0	0	0	0	0	232	254	0	-2.06E-05	2.52E-06	-1.76E-05	-1.31E-05
231	2	0	0	0	0	0	0	232	254	0	-2.06E-05	2.52E-06	-1.76E-05	-1.31E-05
231	3	0	0	0	0	0	0	232	254	0	-1.98E-05	2.85E-06	-9.90E-06	-1.17E-05
231	4	0	0	0	0	0	0	232	254	0	-1.98E-05	2.85E-06	-9.90E-06	-1.17E-05
231	5	0	0	0	0	0	0	232	254	0	-2.06E-05	3.19E-06	-5.71E-06	-1.09E-05
231	6	0	0	0	0	0	0	232	254	0	-2.06E-05	3.19E-06	-5.71E-06	-1.09E-05
231	7	0	0	0	0	0	0	232	254	0	-2.10E-05	3.69E-06	-9.74E-06	-1.17E-05
231	8	0	0	0	0	0	0	232	254	0	-2.10E-05	3.69E-06	-9.74E-06	-1.17E-05
231	9	0	0	0	0	0	0	232	254	0	-2.22E-05	3.69E-06	-1.46E-05	-1.19E-05
231	10	0	0	0	0	0	0	232	254	0	-2.17E-05	3.86E-06	-1.36E-05	-1.28E-05
231	11	0	0	0	0	0	0	232	254	0	-2.17E-05	3.86E-06	-1.36E-05	-1.28E-05
231	12	0	0	0	0	0	0	232	254	0	-2.17E-05	4.03E-06	-1.19E-05	-1.24E-05
231	13	0	0	0	0	0	0	232	254	0	-2.17E-05	4.03E-06	-1.19E-05	-1.24E-05
231	14	0	0	0	0	0	0	232	254	0	-2.22E-05	5.04E-06	-8.22E-06	-9.90E-06
231	15	0	0	0	0	0	0	232	254	0	-2.22E-05	5.04E-06	-8.22E-06	-9.90E-06
231	16	0	0	0	0	0	0	232	254	0	-2.27E-05	5.88E-06	-5.54E-06	-1.09E-05
231	17	0	0	0	0	0	0	232	254	0	-2.27E-05	5.88E-06	-5.54E-06	-1.09E-05
231	18	0	0	0	0	0	0	232	254	0	-2.17E-05	7.05E-06	-5.88E-06	-1.11E-05
231	19	0	0	0	0	0	0	232	254	0	-2.10E-05	6.55E-06	-6.55E-06	-1.19E-05
232	0	0	0	0	0	0	0	232	254	0	-2.10E-05	6.55E-06	-6.55E-06	-1.19E-05
232	1	0	0	0	0	0	0	232	254	0	-1.95E-05	6.55E-06	-8.06E-06	-1.33E-05
232	2	0	0	0	0	0	0	232	254	0	-1.95E-05	6.55E-06	-8.06E-06	-1.33E-05
232	3	0	0	0	0	0	0	232	254	0	-1.86E-05	6.21E-06	-8.39E-06	-1.26E-05
232	4	0	0	0	0	0	0	232	254	0	-1.86E-05	6.21E-06	-8.39E-06	-1.26E-05
232	5	0	0	0	0	0	0	232	254	0	-1.73E-05	7.55E-06	-8.56E-06	-7.89E-06
232	6	0	0	0	0	0	0	232	254	0	-1.73E-05	7.55E-06	-8.56E-06	-7.89E-06
232	7	0	0	0	0	0	0	232	254	0	-1.86E-05	5.87E-06	-1.12E-05	-8.23E-06
232	8	0	0	0	0	0	0	232	254	0	-1.96E-05	5.71E-06	-1.12E-05	-9.90E-06
232	9	0	0	0	0	0	0	232	254	0	-1.96E-05	5.71E-06	-1.12E-05	-9.90E-06
232	10	0	0	0	0	0	0	232	254	0	-2.01E-05	4.87E-06	-1.09E-05	-1.02E-05
232	11	0	0	0	0	0	0	232	254	0	-2.01E-05	4.87E-06	-1.09E-05	-1.02E-05
232	12	0	0	0	0	0	0	232	254	0	-1.96E-05	5.04E-06	-1.38E-05	-9.57E-06
232	13	0	0	0	0	0	0	232	254	0	-1.96E-05	5.04E-06	-1.38E-05	-9.57E-06
232	14	0	0	0	0	0	0	232	254	0	-1.96E-05	6.21E-06	-1.36E-05	-1.12E-05
232	15	0	0	0	0	0	0	232	254	0	-1.96E-05	6.21E-06	-1.36E-05	-1.12E-05
232	16	0	0	0	0	0	0	232	254	0	-1.90E-05	5.88E-06	-1.06E-05	-1.23E-05
232	17	0	0	0	0	0	0	232	254	0	-2.06E-05	6.21E-06	-8.39E-06	-1.43E-05
232	18	0	0	0	0	0	0	232	254	0	-2.06E-05	6.21E-06	-8.39E-06	-1.43E-05
232	19	0	0	0	0	0	0	232	254	0	-1.96E-05	5.54E-06	-7.22E-06	-1.41E-05
233	0	0	0	0	0	0	0	232	254	0	-1.96E-05	5.54E-06	-7.22E-06	-1.41E-05
233	1	0	0	0	0	0	0	232	254	0	-1.83E-05	5.03E-06	-7.22E-06	-1.19E-05
233	2	0	0	0	0	0	0	232	254	0	-1.83E-05	5.03E-06	-7.22E-06	-1.19E-05
233	3	0	0	0	0	0	0	232	254	0	-1.80E-05	4.20E-06	-6.88E-06	-1.28E-05
233	4	0	0	0	0	0	0	232	254	0	-1.80E-05	4.20E-06	-6.88E-06	-1.28E-05
233	5	0	0	0	0	0	0	232	254	0	-1.90E-05	4.36E-06	-7.05E-06	-1.29E-05
233	6	0	0	0	0	0	0	232	254	0	-1.91E-05	3.36E-06	-9.90E-06	-1.36E-05
233	7	0	0	0	0	0	0	232	254	0	-1.91E-05	3.36E-06	-9.90E-06	-1.36E-05
233	8	0	0	0	0	0	0	232	254	0	-2.06E-05	3.69E-06	-8.73E-06	-1.59E-05
233	9	0	0	0	0	0	0	232	254	0	-2.06E-05	3.69E-06	-8.73E-06	-1.59E-05
233	10	0	0	0	0	0	0	232	254	0	-1.93E-05	4.53E-06	-8.39E-06	-1.58E-05
233	11	0	0	0	0	0	0	232	254	0	-1.93E-05	4.53E-06	-8.39E-06	-1.58E-05
233	12	0	0	0	0	0	0	232	254	0	-1.93E-05	3.86E-06	-9.06E-06	-1.49E-05
233	13	0	0	0	0	0	0	232	254	0	-1.93E-05	3.86E-06	-9.06E-06	-1.49E-05
233	14	0	0	0	0	0	0	232	254	0	-2.06E-05	4.20E-06	-8.56E-06	-1.59E-05
233	15	0	0	0	0	0	0	232	254	0	-1.95E-05	3.52E-06	-1.21E-05	-1.63E-05
233	16	0	0	0	0	0	0	232	254	0	-1.95E-05	3.52E-06	-1.21E-05	-1.63E-05
233	17	0	0	0	0	0	0	232	254	0	-1.83E-05	2.85E-06	-1.09E-05	-1.51E-05
233	18	0	0	0	0	0	0	232	254	0	-1.83E-05	2.85E-06	-1.09E-05	-1.51E-05
233	19	0	0	0	0	0	0	232	254	0	-2.03E-05	2.01E-06	-4.86E-06	-1.53E-05
234	0	0	0	0	0	0	0	232	254	0	-2.03E-05	2.01E-06	-4.86E-06	-1.53E-05
234	1	0	0	0	0	0	0	232	254	0	-2.03E-05	1.85E-06	-1.86E-06	-1.39E-05
234	2	0	0	0	0	0	0	232	254	0	-2.03E-05	1.85E-06	-1.86E-06	-1.39E-05
234	3	0	0	0	0	0	0	232	254	0	-2.10E-05	4.36E-06	-8.23E-06	-1.43E-05
234	4	0	0	0	0	0	0	232	254	0	-2.13E-05	3.36E-06	-1.11E-05	-1.53E-05
234	5	0	0	0	0	0	0	232	254	0	-2.13E-05	3.36E-06	-1.11E-05	-1.53E-05
234	6	0	0	0	0	0	0	232	254	0	-2.17E-05	3.53E-06	-8.57E-06	-1.36E-05
234	7	0	0	0	0	0	0	232	254	0	-2.17E-05	3.53E-06	-8.57E-06	-1.36E-05
234	8	0	0	0	0	0	0	232	254	0	-2.37E-05	3.86E-06	-1.31E-05	-1.26E-05
234	9	0	0	0	0	0	0	232	254	0	-2.37E-05	3.86E-06	-1.31E-05	-1.26E-05
234	10	0	0	0	0	0	0	232	254	0	-2.30E-05	3.19E-06	-1.12E-05	-1.26E-05
234	11	0	0	0	0	0	0	232	254	0	-2.30E-05	3.19E-06	-1.12E-05	-1.26E-05
234	12	0	0	0	0	0	0	232	254	0	-2.30E-05	3.86E-06	-1.24E-05	-1.28E-05
234	13	0	0	0	0	0	0	232	254	0	-2.45E-05	5.20E-06	-1.63E-05	-1.23E-05
234	14	0	0	0	0	0	0	232	254	0	-2.45E-05	5.20E-06	-1.63E-05	-1.23E-05
234	15	0	0	0	0	0	0	232	254	0	-2.43E-05	4.37E-06	-1.90E-05	-1.29E-05
234	16	0	0	0	0	0	0	232	254	0	-2.43E-05	4.37E-06	-1.90E-05	-1.29E-05
234	17	0	0	0	0	0	0	232	254	0	-2.17E-05	5.54E-06	-2.11E-05	-1.17E-05
234	18	0	0	0	0	0	0	232	254	0	-2.17E-05	5.54E-06	-2.11E-05	-1.17E-05
234	19	0	0	0	0	0	0	232	254	0	-2.17E-05	5.88E-06	-1.39E-05	-9.23E-06
235	0	0	0	0	0	0	0	232	254	0	-2.17E-05	5.88E-06	-1.39E-05	-9.23E-06
235	1	0	0	0	0	0	0	232	254	0	-2.30E-05	6.55E-06	6.56E-06	-7.22E-06
235	2	0	0	0	0	0	0	232	254	0	-2.22E-05	6.21E-06	1.59E-05	-7.22E-06
235	3	0	0	0	0	0	0	232	254	0	-2.22E-05	6.21E-06	1.59E-05	-7.22E-06
235	4	0	0	0	0	0	0	232	254	0	-2.20E-05	5.87E-06	-7.91E-06	-1.19E-05
235	5	0	0	0	0	0	0	232	254	0	-2.20E-05	5.87E-06	-7.91E-06	-1.19E-05
235	6	0	0	0	0	0	0	232	254	0	-1.96E-05	5.20E-06	-2.23E-05	-1.73E-05
235	7	0	0	0	0	0	0	232	254	0	-1.96E-05	5.20E-06	-2.23E-05	-1.73E-05
235	8	0	0	0	0	0	0	232	254	0	-1.85E-05	3.53E-06	-2.84E-05	-2.13E-05
235	9	0	0	0	0	0	0	232	254	0	-1.85E-05	3.53E-06	-2.84E-05	-2.13E-05
235	10	0	0	0	0	0	0	232	254	0	-1.96E-05	4.87E-06	-2.17E-05	-1.98E-05
235	11	0	0	0	0	0	0	232	254	0	-1.90E-05	6.04E-06	-2.13E-05	-1.59E-05
235	12	0	0	0	0	0	0	232	254	0	-1.90E-05	6.04E-06	-2.13E-05	-1.59E-05
235	13	0	0	0	0	0	0	232	254	0	-1.86E-05	5.71E-06	-3.51E-05	-1.44E-05
235	14	0	0	0	0	0	0	232	254	0	-1.86E-05	5.71E-06	-3.51E-05	-1.44E-05
235	15	0	0	0	0	0	0	232	254	0	-2.03E-05	6.88E-06	-3.51E-05	-1.39E-05
235	16	0	0	0	0	0	0	232	254	0	-2.03E-05	6.88E-06	-3.51E-05	-1.39E-05
235	17	0	0	0	0	0	0	232	254	0	-2.17E-05	6.04E-06	-1.73E-05	-1.36E-05
235	18	0	0	0	0	0	0	232	254	0	-2.17E-05	6.04E-06	-1.73E-05	-1.36E-05
235	19	0	0	0	0	0	0	232	254	0	-2.23E-05	6.54E-06	8.42E-06	-1.09E-05
236	0	0	0	0	0	0	0	232	254	0	-2.25E-05	5.54E-06	2.90E-05	-7.72E-06
236	1	0	0	0	0	0	0	232	254	0	-2.25E-05	5.54E-06	2.90E-05	-7.72E-06
236	2	0	0	0	0	0	0	232	254	0	-2.30E-05	6.04E-06	3.52E-05	-6.89E-06
236	3	0	0	0	0	0	0	232	254	0	-2.30E-05	6.04E-06	3.52E-05	-6.89E-06
236	4	0	0	0	0	0	0	232	254	0	-2.43E-05	5.87E-06	1.15E-05	-1.02E-05
236	5	0	0	0	0	0	0	232	254	0	-2.43E-05	5.87E-06	1.15E-05	-1.02E-05
236	6	0	0	0	0	0	0	232	254	0	-2.47E-05	4.87E-06	-2.23E-05	-1.24E-05
236	7	0	0	0	0	0	0	232	254	0	-2.47E-05	4.87E-06	-2.23E-05	-1.24E-05
236	8	0	0	0	0	0	0	232	254	0	-2.43E-05	3.69E-06	-2.60E-05	-1.43E-05
236	9	0	0	0	0	0	0	232	254	0	-2.35E-05	4.20E-06	-1.09E-05	-1.43E-05
236	10	0	0	0	0	0	0	232	254	0	-2.35E-05	4.20E-06	-1.09E-05	-1.43E-05
236	11	0	0	0	0	0	0	232	254	0	-2.43E-05	3.52E-06	-1.50E-06	-1.46E-05
236	12	0	0	0	0	0	0	232	254	0	-2.43E-05	3.52E-06	-1.50E-06	-1.46E-05
236	13	0	0	0	0	0	0	232	254	0	-2.33E-05	1.85E-06	2.51E-06	-1.41E-05
236	14	0	0	0	0	0	0	232	254	0	-2.33E-05	1.85E-06	2.51E-06	-1.41E-05
236	15	0	0	0	0	0	0	232	254	0	-2.13E-05	2.85E-06	-5.23E-07	-1.29E-05
236	16	0	0	0	0	0	0	232	254	0	-2.13E-05	2.85E-06	-5.23E-07	-1.29E-05
236	17	0	0	0	0	0	0	232	254	0	-2.10E-05	3.36E-06	-1.36E-05	-1.16E-05
236	18	0	0	0	0	0	0	232	254	0	-2.11E-05	3.86E-06	-1.56E-05	-8.89E-06
236	19	0	0	0	0	0	0	232	254	0	-2.11E-05	3.86E-06	-1.56E-05	-8.89E-06
237	0	0	0	0	0	0	0	232	254	0	-2.03E-05	4.36E-06	-7.89E-06	-7.89E-06
237	1	0	0	0	0	0	0	232	254	0	-2.03E-05	4.36E-06	-7.89E-06	-7.89E-06
237	2	0	0	0	0	0	0	232	254	0	-1.95E-05	4.53E-06	-6.56E-06	-9.23E-06
237	3	0	0	0	0	0	0	232	254	0	-1.95E-05	4.53E-06	-6.56E-06	-9.23E-06
237	4	0	0	0	0	0	0	232	254	0	-2.01E-05	5.54E-06	-1.48E-05	-1.14E-05
237	5	0	0	0	0	0	0	232	254	0	-2.01E-05	5.54E-06	-1.48E-05	-1.14E-05
237	6	0	0	0	0	0	0	232	254	0	-2.20E-05	4.53E-06	-1.31E-05	-1.48E-05
237	7	0	0	0	0	0	0	232	254	0	-2.20E-05	4.53E-06	-7.55E-06	-1.61E-05
237	8	0	0	0	0	0	0	232	254	0	-2.20E-05	4.53E-06	-7.55E-06	-1.61E-05
237	9	0	0	0	0	0	0	232	254	0	-2.08E-05	3.86E-06	-6.37E-06	-1.39E-05
237	10	0	0	0	0	0	0	232	254	0	-2.08E-05	3.86E-06	-6.37E-06	-1.39E-05
237	11	0	0	0	0	0	0	232	254	0	-2.06E-05	4.87E-06	-2.01E-06	-1.23E-05
237	12	0	0	0	0	0	0	232	254	0	-2.06E-05	4.87E-06	-2.01E-06	-1.23E-05
237	13	0	0	0	0	0	0	232	254	0	-2.06E-05	6.38E-06	-1.01E-06	-1.17E-05
237	14	0	0	0	0	0	0	232	254	0	-2.06E-05	6.38E-06	-1.01E-06	-1.17E-05
237	15	0	0	0	0	0	0	232	254	0	-2.06E-05	6.54E-06	-5.04E-06	-8.39E-06
237	16	0	0	0	0	0	0	232	254	0	-2.17E-05	4.87E-06	-6.55E-06	-6.21E-06
237	17	0	0	0	0	0	0	232	254	0	-2.17E-05	4.87E-06	-6.55E-06	-6.21E-06
237	18	0	0	0	0	0	0	232	254	0	-2.10E-05	4.53E-06	-6.55E-06	-9.07E-06
237	19	0	0	0	0	0	0	232	254	0	-2.10E-05	4.53E-06	-6.55E-06	-9.07E-06
238	0	0	0	0	0	0	0	232	254	0	-2.11E-05	5.20E-06	-7.72E-06	-1.29E-05
238	1	0	0	0	0	0	0	232	254	0	-2.11E-05	5.20E-06	-7.72E-06	-1.29E-05
238	2	0	0	0	0	0	0	232	254	0	-2.17E-05	3.86E-06	-6.21E-06	-1.11E-05
238	3	0	0	0	0	0	0	232	254	0	-2.17E-05	3.86E-06	-6.21E-06	-1.11E-05
238	4	0	0	0	0	0	0	232	254	0	-2.10E-05	4.87E-06	-5.88E-06	-1.04E-05
238	5	0	0	0	0	0	0	232	254	0	-2.03E-05	3.19E-06	-7.89E-06	-1.16E-05
238	6	0	0	0	0	0	0	232	254	0	-2.03E-05	3.19E-06	-7.89E-06	-1.16E-05
238	7	0	0	0	0	0	0	232	254	0	-2.06E-05	1.85E-06	-8.73E-06	-1.29E-05
238	8	0	0	0	0	0	0	232	254	0	-2.06E-05	1.85E-06	-8.73E-06	-1.29E-05
238	9	0	0	0	0	0	0	232	254	0	-2.03E-05	3.69E-06	-1.13E-05	-1.29E-05
238	10	0	0	0	0	0	0	232	254	0	-2.03E-05	3.69E-06	-1.13E-05	-1.29E-05
238	11	0	0	0	0	0	0	232	254	0	-1.96E-05	5.20E-06	-1.56E-05	-1.11E-05
238	12	0	0	0	0	0	0	232	254	0	-1.96E-05	5.20E-06	-1.56E-05	-1.11E-05
238	13	0	0	0	0	0	0	232	254	0	-1.93E-05	1.85E-06	-1.43E-05	-1.24E-05
238	14	0	0	0	0	0	0	232	254	0	-1.93E-05	2.85E-06	-1.29E-05	-1.24E-05
238	15	0	0	0	0	0	0	232	254	0	-1.93E-05	2.85E-06	-1.29E-05	-1.24E-05
238	16	0	0	0	0	0	0	232	254	0	-1.91E-05	2.52E-06	-1.09E-05	-1.38E-05
238	17	0	0	0	0	0	0	232	254	0	-1.91E-05	2.52E-06	-1.09E-05	-1.38E-05
238	18	0	0	0	0	0	0	232	254	0	-1.98E-05	4.20E-06	-9.91E-06	-1.36E-05
238	19	0	0	0	0	0	0	232	254	0	-1.98E-05	4.20E-06	-9.91E-06	-1.36E-05
239	0	0	0	0	0	0	0	232	254	0	-2.27E-05	5.71E-06	-1.16E-05	-1.29E-05
239	1	0	0	0	0	0	0	232	254	0	-2.27E-05	5.71E-06	-1.16E-05	-1.29E-05
239	2	0	0	0	0	0	0	232	254	0	-2.27E-05	5.20E-06	-1.36E-05	-1.36E-05
239	3	0	0	0	0	0	0	232	254	0	-2.25E-05	4.87E-06	-1.54E-05	-1.43E-05
239	4	0	0	0	0	0	0	232	254	0	-2.25E-05	4.87E-06	-1.54E-05	-1.43E-05
239	5	0	0	0	0	0	0	232	254	0	-2.23E-05	5.71E-06	-1.29E-05	-1.26E-05
239	6	0	0	0	0	0	0	232	254	0	-2.23E-05	5.71E-06	-1.29E-05	-1.26E-05
239	7	0	0	0	0	0	0	232	254	0	-2.35E-05	4.87E-06	-9.23E-06	-1.18E-05
239	8	0	0	0	0	0	0	232	254	0	-2.35E-05	4.87E-06	-9.23E-06	-1.18E-05
239	9	0	0	0	0	0	0	232	254	0	-2.37E-05	4.53E-06	-9.24E-06	-1.23E-05
239	10	0	0	0	0	0	0	232	254	0	-2.37E-05	4.53E-06	-9.24E-06	-1.23E-05
239	11	0	0	0	0	0	0	232	254	0	-2.18E-05	4.20E-06	-1.12E-05	-1.28E-05
239	12	0	0	0	0	0	0	232	254	0	-2.30E-05	5.70E-06	-1.23E-05	-1.33E-05
239	13	0	0	0	0	0	0	232	254	0	-2.30E-05	5.70E-06	-1.23E-05	-1.33E-05
239	14	0	0	0	0	0	0	232	254	0	-2.47E-05	4.36E-06	-1.39E-05	-1.54E-05
239	15	0	0	0	0	0	0	232	254	0	-2.47E-05	4.36E-06	-1.39E-05	-1.54E-05
239	16	0	0	0	0	0	0	232	254	0	-2.30E-05	3.86E-06	-1.36E-05	-1.43E-05
239	17	0	0	0	0	0	0	232	254	0	-2.30E-05	3.86E-06	-1.36E-05	-1.43E-05
239	18	0	0	0	0	0	0	232	254	0	-2.20E-05	3.86E-06	-1.33E-05	-1.29E-05
239	19	0	0	0	0	0	0	232	254	0	-2.20E-05	3.86E-06	-1.33E-05	-1.29E-05
240	0	0	0	0	0	0	0	232	254	0	-2.37E-05	4.20E-06	-1.14E-05	-1.33E-05
240	1	0	0	0	0	0	0	232	254	0	-2.27E-05	4.20E-06	-9.56E-06	-1.23E-05
240	2	0	0	0	0	0	0	232	254	0	-2.27E-05	4.20E-06	-9.56E-06	-1.23E-05
240	3	0	0	0	0	0	0	232	254	0	-2.37E-05	3.69E-06	-7.55E-06	-1.07E-05
240	4	0	0	0	0	0	0	232	254	0	-2.37E-05	3.69E-06	-7.55E-06	-1.07E-05
240	5	0	0	0	0	0	0	232	254	0	-2.43E-05	3.19E-06	-6.55E-06	-1.06E-05
240	6	0	0	0	0	0	0	232	254	0	-2.43E-05	3.19E-06	-6.55E-06	-1.06E-05
240	7	0	0	0	0	0	0	232	254	0	-2.25E-05	3.86E-06	-7.05E-06	-1.09E-05
240	8	0	0	0	0	0	0	232	254	0	-2.25E-05	3.86E-06	-7.05E-06	-1.09E-05
240	9	0	0	0	0	0	0	232	254	0	-1.98E-05	4.53E-06	-7.88E-06	-9.57E-06
240	10	0	0	0	0	0	0	232	254	0	-1.96E-05	4.87E-06	-5.04E-06	-1.26E-05
240	11	0	0	0	0	0	0	232	254	0	-1.96E-05	4.87E-06	-5.04E-06	-1.26E-05
240	12	0	0	0	0	0	0	232	254	0	-2.03E-05	4.53E-06	-7.06E-06	-1.46E-05
240	13	0	0	0	0	0	0	232	254	0	-2.03E-05	4.53E-06	-7.06E-06	-1.46E-05
240	14	0	0	0	0	0	0	232	254	0	-1.91E-05	5.87E-06	-1.39E-05	-1.29E-05
240	15	0	0	0	0	0	0	232	254	0	-1.91E-05	5.87E-06	-1.39E-05	-1.29E-05
240	16	0	0	0	0	0	0	232	254	0	-1.90E-05	5.87E-06	-1.22E-05	-1.21E-05
240	17	0	0	0	0	0	0	232	254	0	-1.90E-05	5.87E-06	-1.22E-05	-1.21E-05
240	18	0	0	0	0	0	0	232	254	0	-1.90E-05	4.70E-06	-9.39E-06	-1.19E-05
240	19	0	0	0	0	0	0	232	254	0	-1.90E-05	3.86E-06	-2.84E-06	-1.14E-05
241	0	0	0	0	0	0	0	232	254	0	-1.90E-05	3.86E-06	-2.84E-06	-1.14E-05
241	1	0	0	0	0	0	0	232	254	0	-1.93E-05	4.87E-06	6.54E-06	-1.01E-05
241	2	0	0	0	0	0	0	232	254	0	-1.93E-05	4.87E-06	6.54E-06	-1.01E-05
241	3	0	0	0	0	0	0	232	254	0	-2.10E-05	5.20E-06	2.83E-06	-9.74E-06
241	4	0	0	0	0	0	0	232	254	0	-2.10E-05	5.20E-06	2.83E-06	-9.74E-06
241	5	0	0	0	0	0	0	232	254	0	-2.05E-05	4.53E-06	-9.75E-06	-1.16E-05
241	6	0	0	0	0	0	0	232	254	0	-2.05E-05	4.53E-06	-9.75E-06	-1.16E-05
241	7	0	0	0	0	0	0	232	254	0	-1.96E-05	5.71E-06	-1.58E-05	-1.28E-05
241	8	0	0	0	0	0	0	232	254	0	-2.06E-05	5.87E-06	-1.27E-05	-1.26E-05
241	9	0	0	0	0	0	0	232	254	0	-2.06E-05	5.87E-06	-1.27E-05	-1.26E-05
241	10	0	0	0	0	0	0	232	254	0	-2.08E-05	5.88E-06	-7.54E-06	-1.29E-05
241	11	0	0	0	0	0	0	232	254	0	-2.08E-05	5.88E-06	-7.54E-06	-1.29E-05
241	12	0	0	0	0	0	0	232	254	0	-1.96E-05	6.21E-06	-1.78E-07	-1.26E-05
241	13	0	0	0	0	0	0	232	254	0	-1.96E-05	6.21E-06	-1.78E-07	-1.26E-05
241	14	0	0	0	0	0	0	232	254	0	-1.83E-05	6.55E-06	-6.40E-06	-1.16E-05
241	15	0	0	0	0	0	0	232	254	0	-1.83E-05	6.55E-06	-6.40E-06	-1.16E-05
241	16	0	0	0	0	0	0	232	254	0	-1.83E-05	7.22E-06	-2.23E-05	-1.23E-05
241	17	0	0	0	0	0	0	232	254	0	-1.90E-05	6.21E-06	-3.26E-05	-1.23E-05
241	18	0	0	0	0	0	0	232	254	0	-1.90E-05	6.21E-06	-3.26E-05	-1.23E-05
241	19	0	0	0	0	0	0	232	254	0	-1.96E-05	6.21E-06	-2.97E-05	-1.29E-05
242	0	0	0	0	0	0	0	232	254	0	-1.96E-05	6.21E-06	-2.97E-05	-1.29E-05
242	1	0	0	0	0	0	0	232	254	0	-1.93E-05	5.87E-06	-3.01E-05	-1.43E-05
242	2	0	0	0	0	0	0	232	254	0	-1.93E-05	5.87E-06	-3.01E-05	-1.43E-05
242	3	0	0	0	0	0	0	232	254	0	-1.83E-05	4.03E-06	-3.51E-05	-1.46E-05
242	4	0	0	0	0	0	0	232	254	0	-1.83E-05	4.03E-06	-3.51E-05	-1.46E-05
242	5	0	0	0	0	0	0	232	254	0	-1.76E-05	3.86E-06	-2.83E-05	-1.36E-05
242	6	0	0	0	0	0	0	232	254	0	-1.96E-05	3.86E-06	-1.09E-05	-1.29E-05
242	7	0	0	0	0	0	0	232	254	0	-1.96E-05	3.86E-06	-1.09E-05	-1.29E-05
242	8	0	0	0	0	0	0	232	254	0	-2.17E-05	3.53E-06	1.19E-05	-1.39E-05
242	9	0	0	0	0	0	0	232	254	0	-2.17E-05	3.53E-06	1.19E-05	-1.39E-05
242	10	0	0	0	0	0	0	232	254	0	-2.17E-05	3.86E-06	1.59E-05	-1.33E-05
242	11	0	0	0	0	0	0	232	254	0	-2.17E-05	3.86E-06	1.59E-05	-1.33E-05
242	12	0	0	0	0	0	0	232	254	0	-2.28E-05	3.19E-06	2.51E-06	-1.29E-05
242	13	0	0	0	0	0	0	232	254	0	-2.28E-05	3.19E-06	2.51E-06	-1.29E-05
242	14	0	0	0	0	0	0	232	254	0	-2.38E-05	4.20E-06	-4.20E-06	-1.26E-05
242	15	0	0	0	0	0	0	232	254	0	-2.30E-05	5.03E-06	-4.53E-06	-1.54E-05
242	16	0	0	0	0	0	0	232	254	0	-2.30E-05	5.03E-06	-4.53E-06	-1.54E-05
242	17	0	0	0	0	0	0	232	254	0	-2.37E-05	4.20E-06	-3.01E-06	-1.69E-05
242	18	0	0	0	0	0	0	232	254	0	-2.37E-05	4.20E-06	-3.01E-06	-1.69E-05
242	19	0	0	0	0	0	0	232	254	0	-2.30E-05	3.86E-06	3.86E-06	-1.46E-05
243	0	0	0	0	0	0	0	232	254	0	-2.30E-05	3.86E-06	3.86E-06	-1.46E-05
243	1	0	0	0	0	0	0	232	254	0	-2.32E-05	4.53E-06	3.52E-06	-1.29E-05
243	2	0	0	0	0	0	0	232	254	0	-2.32E-05	4.53E-06	3.52E-06	-1.29E-05
243	3	0	0	0	0	0	0	232	254	0	-2.50E-05	5.04E-06	3.31E-07	-1.28E-05
243	4	0	0	0	0	0	0	232	254	0	-2.43E-05	5.71E-06	-2.52E-06	-1.19E-05
243	5	0	0	0	0	0	0	232	254	0	-2.43E-05	5.71E-06	-2.52E-06	-1.19E-05
243	6	0	0	0	0	0	0	232	254	0	-2.32E-05	5.87E-06	-1.51E-06	-1.09E-05
243	7	0	0	0	0	0	0	232	254	0	-2.32E-05	5.87E-06	-1.51E-06	-1.09E-05
243	8	0	0	0	0	0	0	232	254	0	-2.27E-05	4.20E-06	-2.51E-06	-1.09E-05
243	9	0	0	0	0	0	0	232	254	0	-2.27E-05	4.20E-06	-2.51E-06	-1.09E-05
243	10	0	0	0	0	0	0	232	254	0	-2.18E-05	4.54E-06	-6.66E-07	-1.23E-05
243	11	0	0	0	0	0	0	232	254	0	-2.18E-05	4.54E-06	-6.66E-07	-1.23E-05
243	12	0	0	0	0	0	0	232	254	0	-2.30E-05	7.21E-06	2.01E-06	-1.09E-05
243	13	0	0	0	0	0	0	232	254	0	-2.35E-05	5.70E-06	-2.54E-06	-1.04E-05
243	14	0	0	0	0	0	0	232	254	0	-2.35E-05	5.70E-06	-2.54E-06	-1.04E-05
243	15	0	0	0	0	0	0	232	254	0	-2.23E-05	3.53E-06	-1.53E-05	-1.12E-05
243	16	0	0	0	0	0	0	232	254	0	-2.23E-05	3.53E-06	-1.53E-05	-1.12E-05
243	17	0	0	0	0	0	0	232	254	0	-2.15E-05	4.87E-06	-2.47E-05	-1.16E-05
243	18	0	0	0	0	0	0	232	254	0	-2.15E-05	4.87E-06	-2.47E-05	-1.16E-05
243	19	0	0	0	0	0	0	232	254	0	-2.10E-05	4.86E-06	-3.05E-05	-1.22E-05
244	0	0	0	0	0	0	0	232	254	0	-2.10E-05	4.86E-06	-3.05E-05	-1.22E-05
244	1	0	0	0	0	0	0	232	254	0	-2.00E-05	2.86E-06	-2.57E-05	-1.06E-05
244	2	0	0	0	0	0	0	232	254	0	-2.23E-05	3.86E-06	-1.32E-05	-1.16E-05
244	3	0	0	0	0	0	0	232	254	0	-2.23E-05	3.86E-06	-1.32E-05	-1.16E-05
244	4	0	0	0	0	0	0	232	254	0	-2.37E-05	4.53E-06	-2.87E-06	-1.04E-05
244	5	0	0	0	0	0	0	232	254	0	-2.37E-05	4.53E-06	-2.87E-06	-1.04E-05
244	6	0	0	0	0	0	0	232	254	0	-2.33E-05	5.20E-06	-1.23E-05	-9.90E-06
244	7	0	0	0	0	0	0	232	254	0	-2.33E-05	5.20E-06	-1.23E-05	-9.90E-06
244	8	0	0	0	0	0	0	232	254	0	-2.32E-05	6.04E-06	-1.90E-05	-9.23E-06
244	9	0	0	0	0	0	0	232	254	0	-2.32E-05	6.04E-06	-1.90E-05	-9.23E-06
244	10	0	0	0	0	0	0	232	254	0	-2.30E-05	5.03E-06	-1.59E-05	-8.56E-06
244	11	0	0	0	0	0	0	232	254	0	-2.17E-05	4.53E-06	-1.46E-05	-6.72E-06
244	12	0	0	0	0	0	0	232	254	0	-2.17E-05	4.53E-06	-1.46E-05	-6.72E-06
244	13	0	0	0	0	0	0	232	254	0	-2.03E-05	4.20E-06	-7.54E-06	-8.56E-06
244	14	0	0	0	0	0	0	232	254	0	-2.03E-05	4.20E-06	-7.54E-06	-8.56E-06
244	15	0	0	0	0	0	0	232	254	0	-2.06E-05	3.86E-06	-8.39E-07	-1.11E-05
244	16	0	0	0	0	0	0	232	254	0	-2.06E-05	3.86E-06	-8.39E-07	-1.11E-05
244	17	0	0	0	0	0	0	232	254	0	-1.96E-05	4.20E-06	-8.49E-07	-1.02E-05
244	18	0	0	0	0	0	0	232	254	0	-1.96E-05	4.20E-06	-8.49E-07	-1.02E-05
244	19	0	0	0	0	0	0	232	254	0	-1.90E-05	4.20E-06	-6.21E-06	-3.19E-06
245	0	0	0	0	0	0	0	232	254	0	-2.05E-05	3.86E-06	-8.56E-06	-1.86E-06
245	1	0	0	0	0	0	0	232	254	0	-2.05E-05	3.86E-06	-8.56E-06	-1.86E-06
245	2	0	0	0	0	0	0	232	254	0	-2.06E-05	3.19E-06	-7.56E-06	-8.23E-06
245	3	0	0	0	0	0	0	232	254	0	-2.06E-05	3.19E-06	-7.56E-06	-8.23E-06
245	4	0	0	0	0	0	0	232	254	0	-1.96E-05	4.20E-06	-8.73E-06	-1.16E-05
245	5	0	0	0	0	0	0	232	254	0	-1.96E-05	4.20E-06	-8.73E-06	-1.16E-05
245	6	0	0	0	0	0	0	232	254	0	-1.96E-05	4.19E-06	-1.01E-05	-1.65E-05
245	7	0	0	0	0	0	0	232	254	0	-1.96E-05	4.19E-06	-1.01E-05	-1.65E-05
245	8	0	0	0	0	0	0	232	254	0	-2.06E-05	3.53E-06	-9.23E-06	-2.84E-05
245	9	0	0	0	0	0	0	232	254	0	-2.17E-05	5.21E-06	-7.88E-06	-3.64E-05
245	10	0	0	0	0	0	0	232	254	0	-2.17E-05	5.21E-06	-7.88E-06	-3.64E-05
245	11	0	0	0	0	0	0	232	254	0	-2.27E-05	6.38E-06	-4.86E-06	-2.16E-05
245	12	0	0	0	0	0	0	232	254	0	-2.27E-05	6.38E-06	-4.86E-06	-2.16E-05
245	13	0	0	0	0	0	0	232	254	0	-2.43E-05	6.55E-06	-2.69E-06	-9.57E-06
245	14	0	0	0	0	0	0	232	254	0	-2.43E-05	6.55E-06	-2.69E-06	-9.57E-06
245	15	0	0	0	0	0	0	232	254	0	-2.50E-05	7.05E-06	-5.21E-06	-1.33E-05
245	16	0	0	0	0	0	0	232	254	0	-2.50E-05	7.05E-06	-5.21E-06	-1.33E-05
245	17	0	0	0	0	0	0	232	254	0	-2.40E-05	7.89E-06	-7.55E-06	-1.63E-05
245	18	0	0	0	0	0	0	232	254	0	-2.43E-05	5.87E-06	-8.22E-06	-1.69E-05
245	19	0	0	0	0	0	0	232	254	0	-2.43E-05	5.87E-06	-8.22E-06	-1.69E-05
246	0	0	0	0	0	0	0	232	254	0	-2.35E-05	5.87E-06	-6.54E-06	-1.33E-05
246	1	0	0	0	0	0	0	232	254	0	-2.35E-05	5.87E-06	-6.54E-06	-1.33E-05
246	2	0	0	0	0	0	0	232	254	0	-2.25E-05	5.54E-06	-5.55E-06	-1.29E-05
246	3	0	0	0	0	0	0	232	254	0	-2.25E-05	5.54E-06	-5.55E-06	-1.29E-05
246	4	0	0	0	0	0	0	232	254	0	-2.23E-05	6.71E-06	-8.90E-06	-1.36E-05
246	5	0	0	0	0	0	0	232	254	0	-2.23E-05	6.71E-06	-8.90E-06	-1.36E-05
246	6	0	0	0	0	0	0	232	254	0	-2.13E-05	6.55E-06	-1.23E-05	-1.11E-05
246	7	0	0	0	0	0	0	232	254	0	-1.98E-05	6.38E-06	-1.49E-05	-8.39E-06
246	8	0	0	0	0	0	0	232	254	0	-1.98E-05	6.38E-06	-1.49E-05	-8.39E-06
246	9	0	0	0	0	0	0	232	254	0	-2.03E-05	6.21E-06	-1.66E-05	-9.24E-06
246	10	0	0	0	0	0	0	232	254	0	-2.03E-05	6.21E-06	-1.66E-05	-9.24E-06
246	11	0	0	0	0	0	0	232	254	0	-2.06E-05	5.20E-06	-1.09E-05	-1.26E-05
246	12	0	0	0	0	0	0	232	254	0	-2.06E-05	5.20E-06	-1.09E-05	-1.26E-05
246	13	0	0	0	0	0	0	232	254	0	-2.03E-05	5.20E-06	-7.22E-06	-1.63E-05
246	14	0	0	0	0	0	0	232	254	0	-2.03E-05	5.20E-06	-7.22E-06	-1.63E-05
246	15	0	0	0	0	0	0	232	254	0	-2.20E-05	3.86E-06	-9.56E-06	-2.16E-05
246	16	0	0	0	0	0	0	232	254	0	-2.13E-05	4.03E-06	-7.55E-06	-1.63E-05
246	17	0	0	0	0	0	0	232	254	0	-2.13E-05	4.03E-06	-7.55E-06	-1.63E-05
246	18	0	0	0	0	0	0	232	254	0	-2.23E-05	4.53E-06	-7.56E-06	-1.13E-05
246	19	0	0	0	0	0	0	232	254	0	-2.23E-05	4.53E-06	-7.56E-06	-1.13E-05
247	0	0	0	0	0	0	0	232	254	0	-2.33E-05	5.04E-06	-9.58E-06	-1.46E-05
247	1	0	0	0	0	0	0	232	254	0	-2.33E-05	5.04E-06	-9.58E-06	-1.46E-05
247	2	0	0	0	0	0	0	232	254	0	-2.32E-05	5.71E-06	-1.36E-05	-1.86E-05
247	3	0	0	0	0	0	0	232	254	0	-2.32E-05	5.71E-06	-1.36E-05	-1.86E-05
247	4	0	0	0	0	0	0	232	254	0	-2.30E-05	5.87E-06	-1.21E-05	-1.51E-05
247	5	0	0	0	0	0	0	232	254	0	-2.35E-05	4.53E-06	-8.74E-06	-1.06E-05
247	6	0	0	0	0	0	0	232	254	0	-2.35E-05	4.53E-06	-8.74E-06	-1.06E-05
247	7	0	0	0	0	0	0	232	254	0	-2.43E-05	4.53E-06	-1.31E-05	-1.02E-05
247	8	0	0	0	0	0	0	232	254	0	-2.43E-05	4.53E-06	-1.31E-05	-1.02E-05
247	9	0	0	0	0	0	0	232	254	0	-2.43E-05	4.03E-06	-1.53E-05	-7.55E-06
247	10	0	0	0	0	0	0	232	254	0	-2.43E-05	4.03E-06	-1.53E-05	-7.55E-06
247	11	0	0	0	0	0	0	232	254	0	-2.35E-05	4.20E-06	-1.51E-05	-3.86E-06
247	12	0	0	0	0	0	0	232	254	0	-2.35E-05	4.20E-06	-1.51E-05	-3.86E-06
247	13	0	0	0	0	0	0	232	254	0	-2.25E-05	3.86E-06	-3.67E-06	-3.02E-06
247	14	0	0	0	0	0	0	232	254	0	-2.17E-05	3.19E-06	9.23E-06	-3.87E-06
247	15	0	0	0	0	0	0	232	254	0	-2.17E-05	3.19E-06	9.23E-06	-3.87E-06
247	16	0	0	0	0	0	0	232	254	0	-2.06E-05	3.19E-06	6.50E-06	-6.89E-06
247	17	0	0	0	0	0	0	232	254	0	-2.06E-05	3.19E-06	6.50E-06	-6.89E-06
247	18	0	0	0	0	0	0	232	254	0	-2.03E-05	4.86E-06	-1.41E-05	-1.04E-05
247	19	0	0	0	0	0	0	232	254	0	-2.03E-05	4.86E-06	-1.41E-05	-1.04E-05
248	0	0	0	0	0	0	0	232	254	0	-2.03E-05	3.52E-06	-1.96E-05	-1.14E-05
248	1	0	0	0	0	0	0	232	254	0	-2.03E-05	3.52E-06	-1.96E-05	-1.14E-05
248	2	0	0	0	0	0	0	232	254	0	-2.10E-05	3.02E-06	-1.71E-05	-1.16E-05
248	3	0	0	0	0	0	0	232	254	0	-2.13E-05	4.19E-06	-1.90E-05	-1.26E-05
248	4	0	0	0	0	0	0	232	254	0	-2.13E-05	4.19E-06	-1.90E-05	-1.26E-05
248	5	0	0	0	0	0	0	232	254	0	-2.17E-05	3.53E-06	-1.49E-05	-1.07E-05
248	6	0	0	0	0	0	0	232	254	0	-2.17E-05	3.53E-06	-1.49E-05	-1.07E-05
248	7	0	0	0	0	0	0	232	254	0	-2.30E-05	3.86E-06	-1.11E-05	-9.06E-06
248	8	0	0	0	0	0	0	232	254	0	-2.30E-05	3.86E-06	-1.11E-05	-9.06E-06
248	9	0	0	0	0	0	0	232	254	0	-2.15E-05	5.37E-06	-1.44E-05	-7.55E-06
248	10	0	0	0	0	0	0	232	254	0	-2.15E-05	5.37E-06	-1.44E-05	-7.55E-06
248	11	0	0	0	0	0	0	232	254	0	-2.10E-05	4.53E-06	-1.78E-05	-6.89E-06
248	12	0	0	0	0	0	0	232	254	0	-2.10E-05	3.86E-06	-1.96E-05	-1.24E-05
248	13	0	0	0	0	0	0	232	254	0	-2.10E-05	3.86E-06	-1.96E-05	-1.24E-05
248	14	0	0	0	0	0	0	232	254	0	-2.03E-05	3.02E-06	-2.10E-05	-2.45E-05
248	15	0	0	0	0	0	0	232	254	0	-2.03E-05	3.02E-06	-2.10E-05	-2.45E-05
248	16	0	0	0	0	0	0	232	254	0	-2.06E-05	3.36E-06	-1.73E-05	-3.51E-05
248	17	0	0	0	0	0	0	232	254	0	-2.06E-05	3.36E-06	-1.73E-05	-3.51E-05
248	18	0	0	0	0	0	0	232	254	0	-2.06E-05	2.85E-06	-1.02E-05	-3.04E-05
248	19	0	0	0	0	0	0	232	254	0	-2.06E-05	2.85E-06	-1.02E-05	-3.04E-05
249	0	0	0	0	0	0	0	232	254	0	-2.08E-05	1.85E-06	-2.18E-06	-2.06E-05
249	1	0	0	0	0	0	0	232	254	0	-1.91E-05	3.19E-06	1.18E-06	-1.51E-05
249	2	0	0	0	0	0	0	232	254	0	-1.91E-05	3.19E-06	1.18E-06	-1.51E-05
249	3	0	0	0	0	0	0	232	254	0	-1.76E-05	3.19E-06	4.53E-06	-1.22E-05
249	4	0	0	0	0	0	0	232	254	0	-1.76E-05	3.19E-06	4.53E-06	-1.22E-05
249	5	0	0	0	0	0	0	232	254	0	-1.90E-05	4.37E-06	3.84E-06	-1.02E-05
249	6	0	0	0	0	0	0	232	254	0	-1.90E-05	4.37E-06	3.84E-06	-1.02E-05
249	7	0	0	0	0	0	0	232	254	0	-1.96E-05	5.20E-06	-4.20E-06	-1.06E-05
249	8	0	0	0	0	0	0	232	254	0	-1.96E-05	5.20E-06	-4.20E-06	-1.06E-05
249	9	0	0	0	0	0	0	232	254	0	-2.03E-05	5.21E-06	-5.23E-06	-1.14E-05
249	10	0	0	0	0	0	0	232	254	0	-1.96E-05	6.54E-06	-1.68E-05	-1.29E-05
249	11	0	0	0	0	0	0	232	254	0	-1.96E-05	6.54E-06	-1.68E-05	-1.29E-05
249	12	0	0	0	0	0	0	232	254	0	-2.06E-05	4.87E-06	-2.38E-05	-1.36E-05
249	13	0	0	0	0	0	0	232	254	0	-2.06E-05	4.87E-06	-2.38E-05	-1.36E-05
249	14	0	0	0	0	0	0	232	254	0	-2.23E-05	3.86E-06	-1.24E-05	-1.19E-05
249	15	0	0	0	0	0	0	232	254	0	-2.23E-05	3.86E-06	-1.24E-05	-1.19E-05
249	16	0	0	0	0	0	0	232	254	0	-2.30E-05	3.86E-06	-8.36E-07	-1.09E-05
249	17	0	0	0	0	0	0	232	254	0	-2.30E-05	3.86E-06	-8.36E-07	-1.09E-05
249	18	0	0	0	0	0	0	232	254	0	-2.23E-05	3.69E-06	8.47E-07	-9.56E-06
249	19	0	0	0	0	0	0	232	254	0	-2.15E-05	3.69E-06	4.53E-06	-7.71E-06
250	0	0	0	0	0	0	0	232	254	0	-2.15E-05	3.69E-06	4.53E-06	-7.71E-06
250	1	0	0	0	0	0	0	232	254	0	-2.13E-05	3.86E-06	5.85E-06	-3.53E-06
250	2	0	0	0	0	0	0	232	254	0	-2.13E-05	3.86E-06	5.85E-06	-3.53E-06
250	3	0	0	0	0	0	0	232	254	0	-2.00E-05	3.86E-06	-5.57E-06	-3.70E-06
250	4	0	0	0	0	0	0	232	254	0	-2.00E-05	3.86E-06	-5.57E-06	-3.70E-06
250	5	0	0	0	0	0	0	232	254	0	-1.96E-05	3.19E-06	-1.96E-05	-8.24E-06
250	6	0	0	0	0	0	0	232	254	0	-1.96E-05	3.19E-06	-1.96E-05	-8.24E-06
250	7	0	0	0	0	0	0	232	254	0	-1.85E-05	3.86E-06	-2.25E-05	-1.29E-05
250	8	0	0	0	0	0	0	232	254	0	-1.90E-05	5.20E-06	-1.51E-05	-1.44E-05
250	9	0	0	0	0	0	0	232	254	0	-1.90E-05	5.20E-06	-1.51E-05	-1.44E-05
250	10	0	0	0	0	0	0	232	254	0	-1.98E-05	4.86E-06	-9.40E-06	-1.71E-05
250	11	0	0	0	0	0	0	232	254	0	-1.98E-05	4.86E-06	-9.40E-06	-1.71E-05
250	12	0	0	0	0	0	0	232	254	0	-2.10E-05	3.53E-06	-8.90E-06	-2.03E-05
250	13	0	0	0	0	0	0	232	254	0	-2.10E-05	3.53E-06	-8.90E-06	-2.03E-05
250	14	0	0	0	0	0	0	232	254	0	-2.01E-05	3.70E-06	-8.89E-06	-1.90E-05
250	15	0	0	0	0	0	0	232	254	0	-2.01E-05	3.70E-06	-8.89E-06	-1.90E-05
250	16	0	0	0	0	0	0	232	254	0	-2.08E-05	5.70E-06	-6.20E-06	-1.33E-05
250	17	0	0	0	0	0	0	232	254	0	-2.10E-05	4.70E-06	-3.02E-06	-9.56E-06
250	18	0	0	0	0	0	0	232	254	0	-2.10E-05	4.70E-06	-3.02E-06	-9.56E-06
250	19	0	0	0	0	0	0	232	254	0	-2.06E-05	5.04E-06	-4.20E-06	-8.39E-06
251	0	0	0	0	0	0	0	232	254	0	-2.06E-05	5.04E-06	-4.20E-06	-8.39E-06
251	1	0	0	0	0	0	0	232	254	0	-2.23E-05	4.87E-06	-5.54E-06	-7.89E-06
251	2	0	0	0	0	0	0	232	254	0	-2.23E-05	4.87E-06	-5.54E-06	-7.89E-06
251	3	0	0	0	0	0	0	232	254	0	-2.20E-05	4.20E-06	-7.56E-06	-6.88E-06
251	4	0	0	0	0	0	0	232	254	0	-2.20E-05	4.20E-06	-7.56E-06	-6.88E-06
251	5	0	0	0	0	0	0	232	254	0	-2.22E-05	4.53E-06	-8.73E-06	-7.56E-06
251	6	0	0	0	0	0	0	232	254	0	-2.06E-05	3.86E-06	-8.22E-06	-1.09E-05
251	7	0	0	0	0	0	0	232	254	0	-2.06E-05	3.86E-06	-8.22E-06	-1.09E-05
251	8	0	0	0	0	0	0	232	254	0	-2.10E-05	4.53E-06	-8.23E-06	-1.34E-05
251	9	0	0	0	0	0	0	232	254	0	-2.10E-05	4.53E-06	-8.23E-06	-1.34E-05
251	10	0	0	0	0	0	0	232	254	0	-1.98E-05	5.54E-06	-8.56E-06	-9.06E-06
251	11	0	0	0	0	0	0	232	254	0	-1.98E-05	5.54E-06	-8.56E-06	-9.06E-06
251	12	0	0	0	0	0	0	232	254	0	-2.03E-05	6.54E-06	-9.91E-06	-5.87E-06
251	13	0	0	0	0	0	0	232	254	0	-2.03E-05	6.54E-06	-9.91E-06	-5.87E-06
251	14	0	0	0	0	0	0	232	254	0	-2.10E-05	5.20E-06	-1.31E-05	-2.85E-06
251	15	0	0	0	0	0	0	232	254	0	-1.95E-05	5.87E-06	-1.33E-05	4.98E-07
251	16	0	0	0	0	0	0	232	254	0	-1.95E-05	5.87E-06	-1.33E-05	4.98E-07
251	17	0	0	0	0	0	0	232	254	0	-2.03E-05	4.87E-06	-1.22E-05	-1.87E-06
251	18	0	0	0	0	0	0	232	254	0	-2.03E-05	4.87E-06	-1.22E-05	-1.87E-06
251	19	0	0	0	0	0	0	232	254	0	-2.15E-05	4.20E-06	-9.90E-06	-1.23E-05
252	0	0	0	0	0	0	0	232	254	0	-2.15E-05	4.20E-06	-9.90E-06	-1.23E-05
252	1	0	0	0	0	0	0	232	254	0	-2.03E-05	5.54E-06	-1.02E-05	-1.76E-05
252	2	0	0	0	0	0	0	232	254	0	-2.03E-05	5.54E-06	-1.02E-05	-1.76E-05
252	3	0	0	0	0	0	0	232	254	0	-2.18E-05	4.53E-06	-8.73E-06	-1.43E-05
252	4	0	0	0	0	0	0	232	254	0	-2.03E-05	3.86E-06	-7.55E-06	-2.17E-05
252	5	0	0	0	0	0	0	232	254	0	-2.03E-05	3.86E-06	-7.55E-06	-2.17E-05
252	6	0	0	0	0	0	0	232	254	0	-1.90E-05	5.04E-06	-8.23E-06	-2.26E-05
252	7	0	0	0	0	0	0	232	254	0	-1.90E-05	5.04E-06	-8.23E-06	-2.26E-05
252	8	0	0	0	0	0	0	232	254	0	-2.08E-05	6.88E-06	-9.24E-06	-1.66E-05
252	9	0	0	0	0	0	0	232	254	0	-2.08E-05	6.88E-06	-9.24E-06	-1.66E-05
252	10	0	0	0	0	0	0	232	254	0	-2.13E-05	6.54E-06	-1.09E-05	-1.59E-05
252	11	0	0	0	0	0	0	232	254	0	-2.13E-05	6.54E-06	-1.09E-05	-1.59E-05
252	12	0	0	0	0	0	0	232	254	0	-2.03E-05	5.71E-06	-1.28E-05	-1.76E-05
252	13	0	0	0	0	0	0	232	254	0	-2.08E-05	7.22E-06	-9.89E-06	-1.96E-05
252	14	0	0	0	0	0	0	232	254	0	-2.08E-05	7.22E-06	-9.89E-06	-1.96E-05
252	15	0	0	0	0	0	0	232	254	0	-2.13E-05	6.54E-06	-4.53E-06	-1.90E-05
252	16	0	0	0	0	0	0	232	254	0	-2.13E-05	6.54E-06	-4.53E-06	-1.90E-05
252	17	0	0	0	0	0	0	232	254	0	-2.13E-05	5.20E-06	-1.51E-06	-2.11E-05
252	18	0	0	0	0	0	0	232	254	0	-2.13E-05	5.20E-06	-1.51E-06	-2.11E-05
252	19	0	0	0	0	0	0	232	254	0	-2.30E-05	5.37E-06	-2.19E-06	-1.86E-05
253	0	0	0	0	0	0	0	232	254	0	-2.30E-05	5.37E-06	-2.19E-06	-1.86E-05
253	1	0	0	0	0	0	0	232	254	0	-2.20E-05	5.54E-06	-7.06E-06	-6.88E-06
253	2	0	0	0	0	0	0	232	254	0	-2.33E-05	4.70E-06	-1.02E-05	-4.54E-06
253	3	0	0	0	0	0	0	232	254	0	-2.33E-05	4.70E-06	-1.02E-05	-4.54E-06
253	4	0	0	0	0	0	0	232	254	0	-2.32E-05	4.20E-06	-1.06E-05	-8.55E-06
253	5	0	0	0	0	0	0	232	254	0	-2.32E-05	4.20E-06	-1.06E-05	-8.55E-06
253	6	0	0	0	0	0	0	232	254	0	-2.18E-05	4.20E-06	-5.21E-06	-5.87E-06
253	7	0	0	0	0	0	0	232	254	0	-2.18E-05	4.20E-06	-5.21E-06	-5.87E-06
253	8	0	0	0	0	0	0	232	254	0	-2.23E-05	5.04E-06	-6.23E-06	-2.85E-06
253	9	0	0	0	0	0	0	232	254	0	-2.23E-05	5.04E-06	-6.23E-06	-2.85E-06
253	10	0	0	0	0	0	0	232	254	0	-2.28E-05	4.86E-06	-1.36E-05	-3.18E-06
253	11	0	0	0	0	0	0	232	254	0	-2.10E-05	3.69E-06	-2.03E-05	1.93E-07
253	12	0	0	0	0	0	0	232	254	0	-2.10E-05	3.69E-06	-2.03E-05	1.93E-07
253	13	0	0	0	0	0	0	232	254	0	-2.10E-05	3.19E-06	-2.20E-05	1.12E-05
253	14	0	0	0	0	0	0	232	254	0	-2.10E-05	3.19E-06	-2.20E-05	1.12E-05
253	15	0	0	0	0	0	0	232	254	0	-2.00E-05	2.86E-06	-1.93E-05	6.51E-06
253	16	0	0	0	0	0	0	232	254	0	-2.00E-05	2.86E-06	-1.93E-05	6.51E-06
253	17	0	0	0	0	0	0	232	254	0	-1.96E-05	6.04E-06	-1.68E-05	-1.09E-05
253	18	0	0	0	0	0	0	232	254	0	-1.96E-05	6.04E-06	-1.68E-05	-1.09E-05
253	19	0	0	0	0	0	0	232	254	0	-1.96E-05	5.54E-06	-1.56E-05	-1.94E-05
254	0	0	0	0	0	0	0	232	254	0	-1.93E-05	5.03E-06	-1.33E-05	-4.45E-05
254	1	0	0	0	0	0	0	232	254	0	-1.93E-05	5.03E-06	-1.33E-05	-4.45E-05
254	2	0	0	0	0	0	0	232	254	0	-2.03E-05	4.53E-06	-1.26E-05	-5.58E-05
254	3	0	0	0	0	0	0	232	254	0	-2.03E-05	4.53E-06	-1.26E-05	-5.58E-05
254	4	0	0	0	0	0	0	232	254	0	-1.93E-05	3.19E-06	-8.55E-06	-3.20E-05
254	5	0	0	0	0	0	0	232	254	0	-1.93E-05	3.19E-06	-8.55E-06	-3.20E-05
254	6	0	0	0	0	0	0	232	254	0	-1.93E-05	3.70E-06	-3.85E-06	-1.49E-05
254	7	0	0	0	0	0	0	232	254	0	-1.93E-05	3.70E-06	-3.85E-06	-1.49E-05
254	8	0	0	0	0	0	0	232	254	0	-1.90E-05	5.71E-06	-1.18E-06	-9.23E-06
254	9	0	0	0	0	0	0	232	254	0	-2.06E-05	6.21E-06	-2.69E-06	-8.59E-06
254	10	0	0	0	0	0	0	232	254	0	-2.06E-05	6.21E-06	-2.69E-06	-8.59E-06
254	11	0	0	0	0	0	0	232	254	0	-2.13E-05	5.37E-06	-6.05E-06	-2.03E-05
254	12	0	0	0	0	0	0	232	254	0	-2.13E-05	5.37E-06	-6.05E-06	-2.03E-05
254	13	0	0	0	0	0	0	232	254	0	-2.20E-05	5.70E-06	-7.22E-06	-1.99E-05
254	14	0	0	0	0	0	0	232	254	0	-2.20E-05	5.70E-06	-7.22E-06	-1.99E-05
254	15	0	0	0	0	0	0	232	254	0	-2.28E-05	4.87E-06	-8.22E-06	-6.88E-06
254	16	0	0	0	0	0	0	232	254	0	-2.28E-05	4.87E-06	-8.22E-06	-6.88E-06
254	17	0	0	0	0	0	0	232	254	0	-2.10E-05	4.86E-06	-7.21E-06	-7.90E-06
254	18	0	0	0	0	0	0	232	254	0	-2.03E-05	3.35E-06	-5.70E-06	-1.19E-05
254	19	0	0	0	0	0	0	232	254	0	-2.03E-05	3.35E-06	-5.70E-06	-1.19E-05
255	0	0	0	0	0	0	0	232	254	0	-1.90E-05	1.68E-06	-4.53E-06	-1.60E-05
255	1	0	0	0	0	0	0	232	254	0	-1.90E-05	1.68E-06	-4.53E-06	-1.60E-05
255	2	0	0	0	0	0	0	232	254	0	-1.96E-05	1.51E-06	-4.88E-06	-1.83E-05
255	3	0	0	0	0	0	0	232	254	0	-1.96E-05	1.51E-06	-4.88E-06	-1.83E-05
255	4	0	0	0	0	0	0	232	254	0	-2.06E-05	2.86E-06	-8.06E-06	-1.19E-05
255	5	0	0	0	0	0	0	232	254	0	-2.06E-05	2.86E-06	-8.06E-06	-1.19E-05
255	6	0	0	0	0	0	0	232	254	0	-2.03E-05	5.04E-06	-9.74E-06	-1.13E-05
255	7	0	0	0	0	0	0	232	254	0	-2.03E-05	6.55E-06	-1.02E-05	-1.59E-05
255	8	0	0	0	0	0	0	232	254	0	-2.03E-05	6.55E-06	-1.02E-05	-1.59E-05
255	9	0	0	0	0	0	0	232	254	0	-2.18E-05	6.21E-06	-7.88E-06	-1.53E-05
255	10	0	0	0	0	0	0	232	254	0	-2.18E-05	6.21E-06	-7.88E-06	-1.53E-05
255	11	0	0	0	0	0	0	232	254	0	-2.33E-05	6.55E-06	-2.85E-06	-8.56E-06
255	12	0	0	0	0	0	0	232	254	0	-2.33E-05	6.55E-06	-2.85E-06	-8.56E-06
255	13	0	0	0	0	0	0	232	254	0	-2.33E-05	6.88E-06	-1.86E-06	-9.58E-06
255	14	0	0	0	0	0	0	232	254	0	-2.33E-05	6.88E-06	-1.86E-06	-9.58E-06
255	15	0	0	0	0	0	0	232	254	0	-2.43E-05	5.87E-06	-5.88E-06	-1.65E-05
255	16	0	0	0	0	0	0	232	254	0	-2.50E-05	4.53E-06	-8.23E-06	-1.90E-05
255	17	0	0	0	0	0	0	232	254	0	-2.50E-05	4.53E-06	-8.23E-06	-1.90E-05
255	18	0	0	0	0	0	0	232	254	0	-2.47E-05	3.86E-06	-9.57E-06	-1.80E-05
255	19	0	0	0	0	0	0	232	254	0	-2.47E-05	3.86E-06	-9.57E-06	-1.80E-05
256	0	0	0	0	0	0	0	232	254	0	-2.48E-05	2.69E-06	-9.58E-06	-1.63E-05
256	1	0	0	0	0	0	0	232	254	0	-2.48E-05	2.69E-06	-9.58E-06	-1.63E-05
256	2	0	0	0	0	0	0	232	254	0	-2.47E-05	2.85E-06	-1.38E-05	-1.46E-05
256	3	0	0	0	0	0	0	232	254	0	-2.47E-05	2.85E-06	-1.38E-05	-1.46E-05
256	4	0	0	0	0	0	0	232	254	0	-2.43E-05	1.17E-06	-2.03E-05	-1.69E-05
256	5	0	0	0	0	0	0	232	254	0	-2.15E-05	1.01E-06	-2.23E-05	-1.41E-05
256	6	0	0	0	0	0	0	232	254	0	-2.15E-05	1.01E-06	-2.23E-05	-1.41E-05
256	7	0	0	0	0	0	0	232	254	0	-2.03E-05	1.51E-06	-1.46E-05	-4.84E-06
256	8	0	0	0	0	0	0	232	254	0	-2.03E-05	1.51E-06	-1.46E-05	-4.84E-06
256	9	0	0	0	0	0	0	232	254	0	-2.00E-05	1.68E-06	-1.26E-05	7.90E-06
256	10	0	0	0	0	0	0	232	254	0	-2.00E-05	1.68E-06	-1.26E-05	7.90E-06
256	11	0	0	0	0	0	0	232	254	0	-1.98E-05	3.19E-06	-1.53E-05	1.09E-05
256	12	0	0	0	0	0	0	232	254	0	-1.98E-05	3.19E-06	-1.53E-05	1.09E-05
256	13	0	0	0	0	0	0	232	254	0	-2.11E-05	3.53E-06	-1.70E-05	1.17E-05
256	14	0	0	0	0	0	0	232	254	0	-2.11E-05	3.86E-06	-2.27E-05	6.20E-06
256	15	0	0	0	0	0	0	232	254	0	-2.11E-05	3.86E-06	-2.27E-05	6.20E-06
256	16	0	0	0	0	0	0	232	254	0	-1.78E-05	2.52E-06	-2.85E-05	4.94E-07
256	17	0	0	0	0	0	0	232	254	0	-1.78E-05	2.52E-06	-2.85E-05	4.94E-07
256	18	0	0	0	0	0	0	232	254	0	-1.90E-05	2.85E-06	-1.96E-05	-3.54E-06
256	19	0	0	0	0	0	0	232	254	0	-1.90E-05	2.85E-06	-1.96E-05	-3.54E-06
257	0	0	0	0	0	0	0	232	254	0	-2.00E-05	2.52E-06	-1.66E-06	-1.13E-05
257	1	0	0	0	0	0	0	232	254	0	-2.00E-05	2.52E-06	-1.66E-06	-1.13E-05
257	2	0	0	0	0	0	0	232	254	0	-1.96E-05	4.54E-06	7.21E-06	-1.78E-05
257	3	0	0	0	0	0	0	232	254	0	-2.03E-05	7.38E-06	3.85E-06	-3.11E-05
257	4	0	0	0	0	0	0	232	254	0	-2.03E-05	7.38E-06	3.85E-06	-3.11E-05
257	5	0	0	0	0	0	0	232	254	0	-2.11E-05	6.88E-06	1.51E-06	-3.51E-05
257	6	0	0	0	0	0	0	232	254	0	-2.11E-05	6.88E-06	1.51E-06	-3.51E-05
257	7	0	0	0	0	0	0	232	254	0	-2.08E-05	5.88E-06	8.48E-07	-3.88E-05
257	8	0	0	0	0	0	0	232	254	0	-2.08E-05	5.88E-06	8.48E-07	-3.88E-05
257	9	0	0	0	0	0	0	232	254	0	-2.03E-05	6.21E-06	4.37E-06	-3.46E-05
257	10	0	0	0	0	0	0	232	254	0	-2.03E-05	6.21E-06	4.37E-06	-3.46E-05
257	11	0	0	0	0	0	0	232	254	0	-2.07E-05	5.21E-06	5.53E-06	-3.39E-05
257	12	0	0	0	0	0	0	232	254	0	-2.25E-05	6.55E-06	1.33E-06	-4.97E-05
257	13	0	0	0	0	0	0	232	254	0	-2.25E-05	6.55E-06	1.33E-06	-4.97E-05
257	14	0	0	0	0	0	0	232	254	0	-2.20E-05	7.89E-06	-2.86E-06	-4.00E-05
257	15	0	0	0	0	0	0	232	254	0	-2.20E-05	7.89E-06	-2.86E-06	-4.00E-05
257	16	0	0	0	0	0	0	232	254	0	-2.33E-05	7.55E-06	-5.54E-06	-4.52E-05
257	17	0	0	0	0	0	0	232	254	0	-2.33E-05	7.55E-06	-5.54E-06	-4.52E-05
257	18	0	0	0	0	0	0	232	254	0	-2.43E-05	7.05E-06	-7.56E-06	-5.69E-05
257	19	0	0	0	0	0	0	232	254	0	-2.43E-05	7.05E-06	-7.56E-06	-5.69E-05
258	0	0	0	0	0	0	0	232	254	0	-2.23E-05	6.05E-06	-1.17E-05	-3.77E-05
258	1	0	0	0	0	0	0	232	254	0	-2.37E-05	7.22E-06	-1.19E-05	-6.83E-06
258	2	0	0	0	0	0	0	232	254	0	-2.37E-05	7.22E-06	-1.19E-05	-6.83E-06
258	3	0	0	0	0	0	0	232	254	0	-2.28E-05	7.72E-06	-8.22E-06	1.43E-05
258	4	0	0	0	0	0	0	232	254	0	-2.28E-05	7.72E-06	-8.22E-06	1.43E-05
258	5	0	0	0	0	0	0	232	254	0	-2.10E-05	6.38E-06	-4.54E-06	1.12E-05
258	6	0	0	0	0	0	0	232	254	0	-2.10E-05	6.38E-06	-4.54E-06	1.12E-05
258	7	0	0	0	0	0	0	232	254	0	-1.91E-05	5.03E-06	-6.40E-06	4.52E-06
258	8	0	0	0	0	0	0	232	254	0	-1.91E-05	5.03E-06	-6.40E-06	4.52E-06
258	9	0	0	0	0	0	0	232	254	0	-1.98E-05	3.86E-06	-1.46E-05	-1.17E-06
258	10	0	0	0	0	0	0	232	254	0	-2.05E-05	3.86E-06	-2.30E-05	1.23E-06
258	11	0	0	0	0	0	0	232	254	0	-2.05E-05	3.86E-06	-2.30E-05	1.23E-06
258	12	0	0	0	0	0	0	232	254	0	-2.12E-05	4.70E-06	-1.96E-05	2.07E-05
258	13	0	0	0	0	0	0	232	254	0	-2.12E-05	4.70E-06	-1.96E-05	2.07E-05
258	14	0	0	0	0	0	0	232	254	0	-2.23E-05	4.19E-06	-9.74E-06	4.55E-05
258	15	0	0	0	0	0	0	232	254	0	-2.23E-05	4.19E-06	-9.74E-06	4.55E-05
258	16	0	0	0	0	0	0	232	254	0	-2.43E-05	3.53E-06	-1.01E-05	5.11E-05
258	17	0	0	0	0	0	0	232	254	0	-2.43E-05	3.53E-06	-1.01E-05	5.11E-05
258	18	0	0	0	0	0	0	232	254	0	-2.43E-05	3.70E-06	-1.53E-05	3.07E-05
258	19	0	0	0	0	0	0	232	254	0	-2.17E-05	5.70E-06	-1.80E-05	7.33E-06
259	0	0	0	0	0	0	0	232	254	0	-2.17E-05	5.70E-06	-1.80E-05	7.33E-06
259	1	0	0	0	0	0	0	232	254	0	-2.17E-05	4.52E-06	-1.56E-05	-1.33E-05
259	2	0	0	0	0	0	0	232	254	0	-2.17E-05	4.52E-06	-1.56E-05	-1.33E-05
259	3	0	0	0	0	0	0	232	254	0	-2.32E-05	1.67E-06	-1.02E-05	-1.43E-05
259	4	0	0	0	0	0	0	232	254	0	-2.32E-05	1.67E-06	-1.02E-05	-1.43E-05
259	5	0	0	0	0	0	0	232	254	0	-2.27E-05	-5.04E-07	-1.04E-05	-1.66E-05
259	6	0	0	0	0	0	0	232	254	0	-2.27E-05	-5.04E-07	-1.04E-05	-1.66E-05
259	7	0	0	0	0	0	0	232	254	0	-2.30E-05	-8.34E-07	-1.29E-05	-4.17E-06
259	8	0	0	0	0	0	0	232	254	0	-2.37E-05	1.18E-06	-1.29E-05	6.38E-06
259	9	0	0	0	0	0	0	232	254	0	-2.37E-05	1.18E-06	-1.29E-05	6.38E-06
259	10	0	0	0	0	0	0	232	254	0	-2.45E-05	2.02E-06	-1.76E-05	6.38E-06
259	11	0	0	0	0	0	0	232	254	0	-2.45E-05	2.02E-06	-1.76E-05	6.38E-06
259	12	0	0	0	0	0	0	232	254	0	-2.25E-05	2.84E-06	-1.76E-05	5.61E-06
259	13	0	0	0	0	0	0	232	254	0	-2.25E-05	2.84E-06	-1.76E-05	5.61E-06
259	14	0	0	0	0	0	0	232	254	0	-2.20E-05	-6.67E-07	-1.19E-05	-3.12E-05
259	15	0	0	0	0	0	0	232	254	0	-2.20E-05	-6.67E-07	-1.19E-05	-3.12E-05
259	16	0	0	0	0	0	0	232	254	0	-2.40E-05	1.18E-06	-4.17E-06	-7.02E-05
259	17	0	0	0	0	0	0	232	254	0	-2.15E-05	4.87E-06	3.86E-06	-6.66E-05
259	18	0	0	0	0	0	0	232	254	0	-2.15E-05	4.87E-06	3.86E-06	-6.66E-05
259	19	0	0	0	0	0	0	232	254	0	-1.83E-05	6.55E-06	1.85E-06	-6.83E-05
260	0	0	0	0	0	0	0	232	254	0	-1.83E-05	6.55E-06	1.85E-06	-6.83E-05
260	1	0	0	0	0	0	0	232	254	0	-1.83E-05	6.88E-06	4.54E-06	-6.08E-05
260	2	0	0	0	0	0	0	232	254	0	-1.83E-05	6.88E-06	4.54E-06	-6.08E-05
260	3	0	0	0	0	0	0	232	254	0	-1.63E-05	6.88E-06	8.21E-06	-6.32E-05
260	4	0	0	0	0	0	0	232	254	0	-1.63E-05	6.88E-06	8.21E-06	-6.32E-05
260	5	0	0	0	0	0	0	232	254	0	-1.46E-05	7.73E-06	3.84E-06	-9.38E-05
260	6	0	0	0	0	0	0	232	254	0	-1.44E-05	9.91E-06	-3.87E-06	-7.93E-05
260	7	0	0	0	0	0	0	232	254	0	-1.44E-05	9.91E-06	-3.87E-06	-7.93E-05
260	8	0	0	0	0	0	0	232	254	0	-1.65E-05	1.24E-05	-7.55E-06	-3.24E-05
260	9	0	0	0	0	0	0	232	254	0	-1.65E-05	1.24E-05	-7.55E-06	-3.24E-05
260	10	0	0	0	0	0	0	232	254	0	-1.70E-05	1.31E-05	-7.90E-06	-2.19E-05
260	11	0	0	0	0	0	0	232	254	0	-1.70E-05	1.31E-05	-7.90E-06	-2.19E-05
260	12	0	0	0	0	0	0	232	254	0	-1.63E-05	1.19E-05	-1.13E-05	-3.07E-06
260	13	0	0	0	0	0	0	232	254	0	-1.63E-05	1.19E-05	-1.13E-05	-3.07E-06
260	14	0	0	0	0	0	0	232	254	0	-1.70E-05	1.29E-05	-1.49E-05	4.42E-05
260	15	0	0	0	0	0	0	232	254	0	-1.63E-05	1.36E-05	-1.60E-05	7.84E-05
260	16	0	0	0	0	0	0	232	254	0	-1.63E-05	1.36E-05	-1.60E-05	7.84E-05
260	17	0	0	0	0	0	0	232	254	0	-1.75E-05	1.24E-05	-1.93E-05	7.70E-05
260	18	0	0	0	0	0	0	232	254	0	-1.75E-05	1.24E-05	-1.93E-05	7.70E-05
260	19	0	0	0	0	0	0	232	254	0	-1.91E-05	1.06E-05	-1.47E-05	4.33E-05
261	0	0	0	0	0	0	0	232	254	0	-1.91E-05	1.06E-05	-1.47E-05	4.33E-05
261	1	0	0	0	0	0	0	232	254	0	-1.90E-05	9.22E-06	-2.83E-06	-4.59E-06
261	2	0	0	0	0	0	0	232	254	0	-1.90E-05	9.22E-06	-2.83E-06	-4.59E-06
261	3	0	0	0	0	0	0	232	254	0	-1.91E-05	6.55E-06	5.51E-06	-2.78E-05
261	4	0	0	0	0	0	0	232	254	0	-2.11E-05	6.54E-06	-4.57E-06	-2.13E-05
261	5	0	0	0	0	0	0	232	254	0	-2.11E-05	6.54E-06	-4.57E-06	-2.13E-05
261	6	0	0	0	0	0	0	232	254	0	-2.15E-05	5.20E-06	-1.82E-05	-7.33E-06
261	7	0	0	0	0	0	0	232	254	0	-2.15E-05	5.20E-06	-1.82E-05	-7.33E-06
261	8	0	0	0	0	0	0	232	254	0	-2.20E-05	3.86E-06	-2.92E-05	1.20E-05
261	9	0	0	0	0	0	0	232	254	0	-2.20E-05	3.86E-06	-2.92E-05	1.20E-05
261	10	0	0	0	0	0	0	232	254	0	-2.27E-05	5.54E-06	-2.97E-05	3.46E-05
261	11	0	0	0	0	0	0	232	254	0	-2.27E-05	5.54E-06	-2.97E-05	3.46E-05
261	12	0	0	0	0	0	0	232	254	0	-2.23E-05	6.21E-06	-2.38E-05	4.24E-05
261	13	0	0	0	0	0	0	232	254	0	-2.13E-05	5.88E-06	-2.23E-05	3.05E-05
261	14	0	0	0	0	0	0	232	254	0	-2.13E-05	5.88E-06	-2.23E-05	3.05E-05
261	15	0	0	0	0	0	0	232	254	0	-2.17E-05	6.71E-06	-1.93E-05	3.13E-06
261	16	0	0	0	0	0	0	232	254	0	-2.17E-05	6.71E-06	-1.93E-05	3.13E-06
261	17	0	0	0	0	0	0	232	254	0	-2.32E-05	3.86E-06	-1.59E-05	-1.96E-05
261	18	0	0	0	0	0	0	232	254	0	-2.32E-05	3.86E-06	-1.59E-05	-1.96E-05
261	19	0	0	0	0	0	0	232	254	0	-2.30E-05	2.35E-06	-9.54E-06	-2.23E-05
262	0	0	0	0	0	0	0	232	254	0	-2.30E-05	2.35E-06	-9.54E-06	-2.23E-05
262	1	0	0	0	0	0	0	232	254	0	-2.27E-05	1.84E-06	-8.11E-07	-1.46E-05
262	2	0	0	0	0	0	0	232	254	0	-2.40E-05	-8.40E-07	9.90E-06	-5.54E-06
262	3	0	0	0	0	0	0	232	254	0	-2.40E-05	-8.40E-07	9.90E-06	-5.54E-06
262	4	0	0	0	0	0	0	232	254	0	-2.40E-05	-1.16E-06	8.69E-06	-5.89E-06
262	5	0	0	0	0	0	0	232	254	0	-2.40E-05	-1.16E-06	8.69E-06	-5.89E-06
262	6	0	0	0	0	0	0	232	254	0	-2.30E-05	2.85E-06	-5.73E-06	-1.31E-05
262	7	0	0	0	0	0	0	232	254	0	-2.30E-05	2.85E-06	-5.73E-06	-1.31E-05
262	8	0	0	0	0	0	0	232	254	0	-2.13E-05	2.18E-06	-1.43E-05	-2.64E-05
262	9	0	0	0	0	0	0	232	254	0	-2.13E-05	2.18E-06	-1.43E-05	-2.64E-05
262	10	0	0	0	0	0	0	232	254	0	-2.33E-05	-1.63E-07	-1.83E-05	-3.49E-05
262	11	0	0	0	0	0	0	232	254	0	-2.43E-05	1.68E-06	-1.61E-05	-4.21E-05
262	12	0	0	0	0	0	0	232	254	0	-2.43E-05	1.68E-06	-1.61E-05	-4.21E-05
262	13	0	0	0	0	0	0	232	254	0	-2.38E-05	2.69E-06	-1.16E-05	-4.59E-05
262	14	0	0	0	0	0	0	232	254	0	-2.38E-05	2.69E-06	-1.16E-05	-4.59E-05
262	15	0	0	0	0	0	0	232	254	0	-2.35E-05	2.52E-06	-3.00E-06	-2.50E-05
262	16	0	0	0	0	0	0	232	254	0	-2.35E-05	2.52E-06	-3.00E-06	-2.50E-05
262	17	0	0	0	0	0	0	232	254	0	-2.50E-05	2.35E-06	3.89E-06	-9.23E-06
262	18	0	0	0	0	0	0	232	254	0	-2.50E-05	2.35E-06	3.89E-06	-9.23E-06
262	19	0	0	0	0	0	0	232	254	0	-2.53E-05	8.31E-07	1.36E-05	-7.22E-06
263	0	0	0	0	0	0	0	232	254	0	-2.57E-05	-2.18E-06	1.79E-05	-8.27E-06
263	1	0	0	0	0	0	0	232	254	0	-2.57E-05	-2.18E-06	1.79E-05	-8.27E-06
263	2	0	0	0	0	0	0	232	254	0	-2.53E-05	-1.33E-06	1.21E-07	-2.46E-05
263	3	0	0	0	0	0	0	232	254	0	-2.53E-05	-1.33E-06	1.21E-07	-2.46E-05
263	4	0	0	0	0	0	0	232	254	0	-2.23E-05	2.19E-06	-1.70E-05	-7.38E-05
263	5	0	0	0	0	0	0	232	254	0	-2.23E-05	2.19E-06	-1.70E-05	-7.38E-05
263	6	0	0	0	0	0	0	232	254	0	-2.10E-05	3.52E-06	-2.30E-05	-9.94E-05
263	7	0	0	0	0	0	0	232	254	0	-2.10E-05	3.52E-06	-2.30E-05	-9.94E-05
263	8	0	0	0	0	0	0	232	254	0	-2.17E-05	3.52E-06	-1.41E-05	-5.85E-05
263	9	0	0	0	0	0	0	232	254	0	-2.08E-05	5.04E-07	-3.21E-06	-3.58E-05
263	10	0	0	0	0	0	0	232	254	0	-2.08E-05	5.04E-07	-3.21E-06	-3.58E-05
263	11	0	0	0	0	0	0	232	254	0	-2.23E-05	5.10E-07	-1.19E-05	-3.64E-05
263	12	0	0	0	0	0	0	232	254	0	-2.23E-05	5.10E-07	-1.19E-05	-3.64E-05
263	13	0	0	0	0	0	0	232	254	0	-2.33E-05	2.86E-06	-1.66E-05	-2.09E-05
263	14	0	0	0	0	0	0	232	254	0	-2.33E-05	2.86E-06	-1.66E-05	-2.09E-05
263	15	0	0	0	0	0	0	232	254	0	-2.25E-05	3.52E-06	-3.83E-06	-1.52E-06
263	16	0	0	0	0	0	0	232	254	0	-2.25E-05	3.52E-06	-3.83E-06	-1.52E-06
263	17	0	0	0	0	0	0	232	254	0	-2.06E-05	3.36E-06	5.89E-06	-3.39E-06
263	18	0	0	0	0	0	0	232	254	0	-2.17E-05	3.19E-06	1.16E-05	-1.36E-05
263	19	0	0	0	0	0	0	232	254	0	-2.17E-05	3.19E-06	1.16E-05	-1.36E-05
264	0	0	0	0	0	0	0	232	254	0	-2.18E-05	2.52E-06	7.85E-06	-2.41E-07
264	1	0	0	0	0	0	0	232	254	0	-2.18E-05	2.52E-06	7.85E-06	-2.41E-07
264	2	0	0	0	0	0	0	232	254	0	-2.03E-05	2.52E-06	-4.23E-06	3.34E-05
264	3	0	0	0	0	0	0	232	254	0	-2.03E-05	2.52E-06	-4.23E-06	3.34E-05
264	4	0	0	0	0	0	0	232	254	0	-1.85E-05	2.86E-06	-1.73E-05	3.82E-05
264	5	0	0	0	0	0	0	232	254	0	-1.85E-05	2.86E-06	-1.73E-05	3.82E-05
264	6	0	0	0	0	0	0	232	254	0	-1.96E-05	4.20E-06	-2.00E-05	1.96E-05
264	7	0	0	0	0	0	0	232	254	0	-2.05E-05	4.19E-06	-1.63E-05	8.52E-06
264	8	0	0	0	0	0	0	232	254	0	-2.05E-05	4.19E-06	-1.63E-05	8.52E-06
264	9	0	0	0	0	0	0	232	254	0	-2.10E-05	3.19E-06	-2.06E-05	-5.58E-06
264	10	0	0	0	0	0	0	232	254	0	-2.10E-05	3.19E-06	-2.06E-05	-5.58E-06
264	11	0	0	0	0	0	0	232	254	0	-2.05E-05	2.86E-06	-2.16E-05	-1.97E-05
264	12	0	0	0	0	0	0	232	254	0	-2.05E-05	2.86E-06	-2.16E-05	-1.97E-05
264	13	0	0	0	0	0	0	232	254	0	-2.06E-05	3.70E-06	-1.71E-05	-2.50E-05
264	14	0	0	0	0	0	0	232	254	0	-2.06E-05	3.70E-06	-1.71E-05	-2.50E-05
264	15	0	0	0	0	0	0	232	254	0	-1.93E-05	5.21E-06	-3.00E-06	-3.31E-05
264	16	0	0	0	0	0	0	232	254	0	-1.81E-05	7.38E-06	3.17E-06	-2.77E-05
264	17	0	0	0	0	0	0	232	254	0	-1.81E-05	7.38E-06	3.17E-06	-2.77E-05
264	18	0	0	0	0	0	0	232	254	0	-1.98E-05	5.87E-06	-5.40E-06	-1.45E-05
264	19	0	0	0	0	0	0	232	254	0	-1.98E-05	5.87E-06	-5.40E-06	-1.45E-05
265	0	0	0	0	0	0	0	232	254	0	-2.15E-05	4.03E-06	-1.51E-05	1.27E-05
265	1	0	0	0	0	0	0	232	254	0	-2.15E-05	4.03E-06	-1.51E-05	1.27E-05
265	2	0	0	0	0	0	0	232	254	0	-2.23E-05	3.20E-06	-1.36E-05	3.74E-05
265	3	0	0	0	0	0	0	232	254	0	-2.23E-05	3.20E-06	-1.36E-05	3.74E-05
265	4	0	0	0	0	0	0	232	254	0	-2.16E-05	5.21E-06	-8.91E-06	3.85E-05
265	5	0	0	0	0	0	0	232	254	0	-1.96E-05	7.22E-06	-1.39E-05	1.45E-05
265	6	0	0	0	0	0	0	232	254	0	-1.96E-05	7.22E-06	-1.39E-05	1.45E-05
265	7	0	0	0	0	0	0	232	254	0	-1.93E-05	7.05E-06	-1.90E-05	-2.24E-05
265	8	0	0	0	0	0	0	232	254	0	-1.93E-05	7.05E-06	-1.90E-05	-2.24E-05
265	9	0	0	0	0	0	0	232	254	0	-2.06E-05	5.87E-06	-1.83E-05	-5.77E-05
265	10	0	0	0	0	0	0	232	254	0	-2.06E-05	5.87E-06	-1.83E-05	-5.77E-05
265	11	0	0	0	0	0	0	232	254	0	-2.13E-05	5.54E-06	-1.59E-05	-5.02E-05
265	12	0	0	0	0	0	0	232	254	0	-2.13E-05	5.54E-06	-1.59E-05	-5.02E-05
265	13	0	0	0	0	0	0	232	254	0	-2.06E-05	6.04E-06	-1.29E-05	-8.48E-06
265	14	0	0	0	0	0	0	232	254	0	-2.13E-05	4.02E-06	-1.17E-05	1.83E-05
265	15	0	0	0	0	0	0	232	254	0	-2.13E-05	4.02E-06	-1.17E-05	1.83E-05
265	16	0	0	0	0	0	0	232	254	0	-2.27E-05	2.19E-06	-1.02E-05	1.52E-05
265	17	0	0	0	0	0	0	232	254	0	-2.27E-05	2.19E-06	-1.02E-05	1.52E-05
265	18	0	0	0	0	0	0	232	254	0	-2.30E-05	4.53E-06	-7.73E-06	4.84E-07
265	19	0	0	0	0	0	0	232	254	0	-2.30E-05	4.53E-06	-7.73E-06	4.84E-07
266	0	0	0	0	0	0	0	232	254	0	-2.17E-05	5.21E-06	-1.13E-05	-6.21E-06
266	1	0	0	0	0	0	0	232	254	0	-2.17E-05	5.21E-06	-1.13E-05	-6.21E-06
266	2	0	0	0	0	0	0	232	254	0	-2.40E-05	6.04E-06	-1.66E-05	-6.22E-06
266	3	0	0	0	0	0	0	232	254	0	-2.33E-05	6.54E-06	-2.16E-05	-7.87E-06
266	4	0	0	0	0	0	0	232	254	0	-2.33E-05	6.54E-06	-2.16E-05	-7.87E-06
266	5	0	0	0	0	0	0	232	254	0	-2.48E-05	5.54E-06	-1.88E-05	-1.86E-06
266	6	0	0	0	0	0	0	232	254	0	-2.48E-05	5.54E-06	-1.88E-05	-1.86E-06
266	7	0	0	0	0	0	0	232	254	0	-2.58E-05	5.54E-06	-6.36E-06	-7.91E-06
266	8	0	0	0	0	0	0	232	254	0	-2.58E-05	5.54E-06	-6.36E-06	-7.91E-06
266	9	0	0	0	0	0	0	232	254	0	-2.57E-05	6.88E-06	8.22E-07	-1.56E-05
266	10	0	0	0	0	0	0	232	254	0	-2.57E-05	6.88E-06	8.22E-07	-1.56E-05
266	11	0	0	0	0	0	0	232	254	0	-2.67E-05	7.22E-06	-4.87E-06	-2.49E-05
266	12	0	0	0	0	0	0	232	254	0	-2.55E-05	6.54E-06	-4.36E-06	-5.04E-05
266	13	0	0	0	0	0	0	232	254	0	-2.55E-05	6.54E-06	-4.36E-06	-5.04E-05
266	14	0	0	0	0	0	0	232	254	0	-2.37E-05	5.87E-06	-4.20E-06	-6.46E-05
266	15	0	0	0	0	0	0	232	254	0	-2.37E-05	5.87E-06	-4.20E-06	-6.46E-05
266	16	0	0	0	0	0	0	232	254	0	-2.53E-05	4.53E-06	-5.85E-06	-4.21E-05
266	17	0	0	0	0	0	0	232	254	0	-2.53E-05	4.53E-06	-5.85E-06	-4.21E-05
266	18	0	0	0	0	0	0	232	254	0	-2.40E-05	3.69E-06	2.54E-06	-2.40E-05
266	19	0	0	0	0	0	0	232	254	0	-2.40E-05	3.69E-06	2.54E-06	-2.40E-05
267	0	0	0	0	0	0	0	232	254	0	-2.25E-05	2.52E-06	9.90E-06	-2.03E-05
267	1	0	0	0	0	0	0	232	254	0	-2.25E-05	2.19E-06	7.54E-06	-1.16E-05
267	2	0	0	0	0	0	0	232	254	0	-2.25E-05	2.19E-06	7.54E-06	-1.16E-05
267	3	0	0	0	0	0	0	232	254	0	-2.11E-05	3.69E-06	3.84E-06	-7.75E-06
267	4	0	0	0	0	0	0	232	254	0	-2.11E-05	3.69E-06	3.84E-06	-7.75E-06
267	5	0	0	0	0	0	0	232	254	0	-2.08E-05	3.86E-06	-4.56E-06	-1.86E-05
267	6	0	0	0	0	0	0	232	254	0	-2.08E-05	3.86E-06	-4.56E-06	-1.86E-05
267	7	0	0	0	0	0	0	232	254	0	-2.18E-05	4.87E-06	-1.29E-05	-7.68E-06
267	8	0	0	0	0	0	0	232	254	0	-2.18E-05	4.87E-06	-1.29E-05	-7.68E-06
267	9	0	0	0	0	0	0	232	254	0	-2.10E-05	5.37E-06	-1.93E-05	4.36E-06
267	10	0	0	0	0	0	0	232	254	0	-2.06E-05	4.36E-06	-2.40E-05	3.16E-06
267	11	0	0	0	0	0	0	232	254	0	-2.06E-05	4.36E-06	-2.40E-05	3.16E-06
267	12	0	0	0	0	0	0	232	254	0	-1.95E-05	3.18E-06	-2.03E-05	-5.56E-06
267	13	0	0	0	0	0	0	232	254	0	-1.95E-05	3.18E-06	-2.03E-05	-5.56E-06
267	14	0	0	0	0	0	0	232	254	0	-1.90E-05	3.37E-07	-1.53E-05	-1.26E-05
267	15	0	0	0	0	0	0	232	254	0	-1.90E-05	3.37E-07	-1.53E-05	-1.26E-05
267	16	0	0	0	0	0	0	232	254	0	-2.03E-05	8.48E-07	-7.89E-06	-1.63E-05
267	17	0	0	0	0	0	0	232	254	0	-2.03E-05	8.48E-07	-7.89E-06	-1.63E-05
267	18	0	0	0	0	0	0	232	254	0	-1.93E-05	3.70E-06	-7.90E-06	-2.13E-05
267	19	0	0	0	0	0	0	232	254	0	-1.83E-05	6.55E-06	-1.16E-05	-2.20E-05
268	0	0	0	0	0	0	0	232	254	0	-1.83E-05	6.55E-06	-1.16E-05	-2.20E-05
268	1	0	0	0	0	0	0	232	254	0	-1.80E-05	7.89E-06	-1.43E-05	-1.39E-05
268	2	0	0	0	0	0	0	232	254	0	-1.80E-05	7.89E-06	-1.43E-05	-1.39E-05
268	3	0	0	0	0	0	0	232	254	0	-1.86E-05	8.22E-06	-1.71E-05	-9.57E-06
268	4	0	0	0	0	0	0	232	254	0	-1.86E-05	8.22E-06	-1.71E-05	-9.57E-06
268	5	0	0	0	0	0	0	232	254	0	-1.86E-05	7.55E-06	-1.46E-05	-9.57E-06
268	6	0	0	0	0	0	0	232	254	0	-1.86E-05	7.55E-06	-1.46E-05	-9.57E-06
268	7	0	0	0	0	0	0	232	254	0	-1.90E-05	7.22E-06	-1.48E-05	-1.04E-05
268	8	0	0	0	0	0	0	232	254	0	-1.90E-05	8.89E-06	-1.19E-05	-9.90E-06
268	9	0	0	0	0	0	0	232	254	0	-1.90E-05	8.89E-06	-1.19E-05	-9.90E-06
268	10	0	0	0	0	0	0	232	254	0	-1.93E-05	7.55E-06	-6.21E-06	-9.57E-06
268	11	0	0	0	0	0	0	232	254	0	-1.93E-05	7.55E-06	-6.21E-06	-9.57E-06
268	12	0	0	0	0	0	0	232	254	0	-1.96E-05	6.55E-06	-7.23E-06	-1.18E-05
268	13	0	0	0	0	0	0	232	254	0	-1.96E-05	6.55E-06	-7.23E-06	-1.18E-05
268	14	0	0	0	0	0	0	232	254	0	-1.96E-05	6.88E-06	-1.16E-05	-1.34E-05
268	15	0	0	0	0	0	0	232	254	0	-1.96E-05	6.88E-06	-1.16E-05	-1.34E-05
268	16	0	0	0	0	0	0	232	254	0	-1.96E-05	7.55E-06	-1.16E-05	-1.43E-05
268	17	0	0	0	0	0	0	232	254	0	-1.90E-05	7.89E-06	-5.19E-06	-1.46E-05
268	18	0	0	0	0	0	0	232	254	0	-1.90E-05	7.89E-06	-5.19E-06	-1.46E-05
268	19	0	0	0	0	0	0	232	254	0	-1.95E-05	7.55E-06	-1.19E-06	-1.31E-05
269	0	0	0	0	0	0	0	232	254	0	-1.95E-05	7.55E-06	-1.19E-06	-1.31E-05
269	1	0	0	0	0	0	0	232	254	0	-1.90E-05	7.88E-06	-5.59E-06	-1.23E-05
269	2	0	0	0	0	0	0	232	254	0	-1.90E-05	7.88E-06	-5.59E-06	-1.23E-05
269	3	0	0	0	0	0	0	232	254	0	-2.06E-05	6.21E-06	-2.27E-05	-1.66E-05
269	4	0	0	0	0	0	0	232	254	0	-2.06E-05	6.21E-06	-2.27E-05	-1.66E-05
269	5	0	0	0	0	0	0	232	254	0	-2.00E-05	5.04E-06	-2.73E-05	-1.70E-05
269	6	0	0	0	0	0	0	232	254	0	-2.03E-05	5.03E-06	-1.17E-05	-1.71E-05
269	7	0	0	0	0	0	0	232	254	0	-2.03E-05	5.03E-06	-1.17E-05	-1.71E-05
269	8	0	0	0	0	0	0	232	254	0	-2.10E-05	3.86E-06	6.57E-06	-1.64E-05
269	9	0	0	0	0	0	0	232	254	0	-2.10E-05	3.86E-06	6.57E-06	-1.64E-05
269	10	0	0	0	0	0	0	232	254	0	-2.08E-05	3.86E-06	1.26E-05	-1.32E-05
269	11	0	0	0	0	0	0	232	254	0	-2.08E-05	3.86E-06	1.26E-05	-1.32E-05
269	12	0	0	0	0	0	0	232	254	0	-2.06E-05	2.52E-06	8.55E-06	-9.90E-06
269	13	0	0	0	0	0	0	232	254	0	-2.06E-05	2.52E-06	8.55E-06	-9.90E-06
269	14	0	0	0	0	0	0	232	254	0	-2.03E-05	3.86E-06	5.01E-06	-9.23E-06
269	15	0	0	0	0	0	0	232	254	0	-2.10E-05	4.19E-06	-2.87E-06	-9.07E-06
269	16	0	0	0	0	0	0	232	254	0	-2.10E-05	4.19E-06	-2.87E-06	-9.07E-06
269	17	0	0	0	0	0	0	232	254	0	-2.06E-05	3.70E-06	-7.55E-06	-1.04E-05
269	18	0	0	0	0	0	0	232	254	0	-2.06E-05	3.70E-06	-7.55E-06	-1.04E-05
269	19	0	0	0	0	0	0	232	254	0	-2.00E-05	5.88E-06	-7.39E-06	-1.12E-05
270	0	0	0	0	0	0	0	232	254	0	-2.00E-05	5.88E-06	-7.39E-06	-1.12E-05
270	1	0	0	0	0	0	0	232	254	0	-1.91E-05	7.05E-06	-9.42E-06	-9.06E-06
270	2	0	0	0	0	0	0	232	254	0	-1.91E-05	7.05E-06	-9.42E-06	-9.06E-06
270	3	0	0	0	0	0	0	232	254	0	-1.98E-05	6.38E-06	-1.54E-05	-8.89E-06
270	4	0	0	0	0	0	0	232	254	0	-2.22E-05	5.87E-06	-1.63E-05	-8.56E-06
270	5	0	0	0	0	0	0	232	254	0	-2.22E-05	5.87E-06	-1.63E-05	-8.56E-06
270	6	0	0	0	0	0	0	232	254	0	-2.23E-05	4.69E-06	-1.29E-05	-9.90E-06
270	7	0	0	0	0	0	0	232	254	0	-2.23E-05	4.69E-06	-1.29E-05	-9.90E-06
270	8	0	0	0	0	0	0	232	254	0	-2.20E-05	2.35E-06	-8.39E-06	-8.56E-06
270	9	0	0	0	0	0	0	232	254	0	-2.20E-05	2.35E-06	-8.39E-06	-8.56E-06
270	10	0	0	0	0	0	0	232	254	0	-2.27E-05	8.35E-07	-6.23E-06	-8.57E-06
270	11	0	0	0	0	0	0	232	254	0	-2.27E-05	8.35E-07	-6.23E-06	-8.57E-06
270	12	0	0	0	0	0	0	232	254	0	-2.27E-05	-3.40E-07	-1.09E-05	-1.11E-05
270	13	0	0	0	0	0	0	232	254	0	-2.25E-05	-1.51E-06	-1.19E-05	-1.23E-05
270	14	0	0	0	0	0	0	232	254	0	-2.25E-05	-1.51E-06	-1.19E-05	-1.23E-05
270	15	0	0	0	0	0	0	232	254	0	-2.25E-05	-5.01E-07	-1.46E-05	-1.36E-05
270	16	0	0	0	0	0	0	232	254	0	-2.25E-05	-5.01E-07	-1.46E-05	-1.36E-05
270	17	0	0	0	0	0	0	232	254	0	-2.16E-05	1.70E-07	-1.81E-05	-1.49E-05
270	18	0	0	0	0	0	0	232	254	0	-2.16E-05	1.70E-07	-1.81E-05	-1.49E-05
270	19	0	0	0	0	0	0	232	254	0	-2.00E-05	8.35E-07	-1.79E-05	-1.31E-05
271	0	0	0	0	0	0	0	232	254	0	-2.00E-05	8.35E-07	-1.79E-05	-1.31E-05
271	1	0	0	0	0	0	0	232	254	0	-2.05E-05	-4.94E-07	-1.17E-05	-1.33E-05
271	2	0	0	0	0	0	0	232	254	0	-1.96E-05	2.36E-06	-5.53E-06	-1.33E-05
271	3	0	0	0	0	0	0	232	254	0	-1.96E-05	2.36E-06	-5.53E-06	-1.33E-05
271	4	0	0	0	0	0	0	232	254	0	-1.71E-05	5.20E-06	-3.53E-06	-1.19E-05
271	5	0	0	0	0	0	0	232	254	0	-1.71E-05	5.20E-06	-3.53E-06	-1.19E-05
271	6	0	0	0	0	0	0	232	254	0	-1.78E-05	4.87E-06	-4.04E-06	-1.23E-05
271	7	0	0	0	0	0	0	232	254	0	-1.78E-05	4.87E-06	-4.04E-06	-1.23E-05
271	8	0	0	0	0	0	0	232	254	0	-2.05E-05	5.21E-06	-8.57E-06	-1.33E-05
271	9	0	0	0	0	0	0	232	254	0	-2.05E-05	5.21E-06	-8.57E-06	-1.33E-05
271	10	0	0	0	0	0	0	232	254	0	-2.20E-05	5.88E-06	-1.19E-05	-1.39E-05
271	11	0	0	0	0	0	0	232	254	0	-2.17E-05	6.04E-06	-1.26E-05	-1.26E-05
271	12	0	0	0	0	0	0	232	254	0	-2.17E-05	6.04E-06	-1.26E-05	-1.26E-05
271	13	0	0	0	0	0	0	232	254	0	-2.30E-05	5.20E-06	-1.63E-05	-1.04E-05
271	14	0	0	0	0	0	0	232	254	0	-2.30E-05	5.20E-06	-1.63E-05	-1.04E-05
271	15	0	0	0	0	0	0	232	254	0	-2.30E-05	5.54E-06	-2.10E-05	-1.09E-05
271	16	0	0	0	0	0	0	232	254	0	-2.30E-05	5.54E-06	-2.10E-05	-1.09E-05
271	17	0	0	0	0	0	0	232	254	0	-2.23E-05	6.21E-06	-2.00E-05	-1.14E-05
271	18	0	0	0	0	0	0	232	254	0	-2.23E-05	6.21E-06	-2.00E-05	-1.14E-05
271	19	0	0	0	0	0	0	232	254	0	-2.17E-05	5.71E-06	-1.33E-05	-1.04E-05
272	0	0	0	0	0	0	0	232	254	0	-2.13E-05	6.21E-06	-1.06E-05	-9.74E-06
272	1	0	0	0	0	0	0	232	254	0	-2.13E-05	6.21E-06	-1.06E-05	-9.74E-06
272	2	0	0	0	0	0	0	232	254	0	-2.20E-05	7.22E-06	-1.41E-05	-1.13E-05
272	3	0	0	0	0	0	0	232	254	0	-2.20E-05	7.22E-06	-1.41E-05	-1.13E-05
272	4	0	0	0	0	0	0	232	254	0	-2.17E-05	6.55E-06	-1.29E-05	-1.36E-05
272	5	0	0	0	0	0	0	232	254	0	-2.17E-05	6.55E-06	-1.29E-05	-1.36E-05
272	6	0	0	0	0	0	0	232	254	0	-2.20E-05	8.56E-06	-5.20E-06	-1.29E-05
272	7	0	0	0	0	0	0	232	254	0	-2.20E-05	8.56E-06	-5.20E-06	-1.29E-05
272	8	0	0	0	0	0	0	232	254	0	-2.25E-05	8.55E-06	-2.85E-06	-1.29E-05
272	9	0	0	0	0	0	0	232	254	0	-2.18E-05	6.88E-06	-1.49E-06	-1.29E-05
272	10	0	0	0	0	0	0	232	254	0	-2.18E-05	6.88E-06	-1.49E-06	-1.29E-05
272	11	0	0	0	0	0	0	232	254	0	-2.16E-05	7.39E-06	4.50E-06	-1.09E-05
272	12	0	0	0	0	0	0	232	254	0	-2.16E-05	7.39E-06	4.50E-06	-1.09E-05
272	13	0	0	0	0	0	0	232	254	0	-2.08E-05	7.89E-06	-4.73E-06	-1.08E-05
272	14	0	0	0	0	0	0	232	254	0	-2.08E-05	7.89E-06	-4.73E-06	-1.08E-05
272	15	0	0	0	0	0	0	232	254	0	-2.10E-05	7.55E-06	-1.46E-05	-1.44E-05
272	16	0	0	0	0	0	0	232	254	0	-2.10E-05	7.55E-06	-1.46E-05	-1.44E-05
272	17	0	0	0	0	0	0	232	254	0	-2.17E-05	6.38E-06	-1.53E-05	-1.68E-05
272	18	0	0	0	0	0	0	232	254	0	-2.25E-05	6.55E-06	-1.46E-05	-1.78E-05
272	19	0	0	0	0	0	0	232	254	0	-2.25E-05	6.55E-06	-1.46E-05	-1.78E-05
273	0	0	0	0	0	0	0	232	254	0	-2.16E-05	6.87E-06	-1.49E-05	-1.96E-05
273	1	0	0	0	0	0	0	232	254	0	-2.16E-05	6.87E-06	-1.49E-05	-1.96E-05
273	2	0	0	0	0	0	0	232	254	0	-2.06E-05	4.20E-06	-1.79E-05	-2.10E-05
273	3	0	0	0	0	0	0	232	254	0	-2.06E-05	4.20E-06	-1.79E-05	-2.10E-05
273	4	0	0	0	0	0	0	232	254	0	-2.12E-05	3.86E-06	-1.14E-05	-1.51E-05
273	5	0	0	0	0	0	0	232	254	0	-2.12E-05	3.86E-06	-1.14E-05	-1.51E-05
273	6	0	0	0	0	0	0	232	254	0	-2.25E-05	4.54E-06	-1.85E-06	-9.57E-06
273	7	0	0	0	0	0	0	232	254	0	-2.33E-05	6.22E-06	-2.19E-06	-1.18E-05
273	8	0	0	0	0	0	0	232	254	0	-2.33E-05	6.22E-06	-2.19E-06	-1.18E-05
273	9	0	0	0	0	0	0	232	254	0	-2.27E-05	7.72E-06	-3.19E-06	-1.43E-05
273	10	0	0	0	0	0	0	232	254	0	-2.27E-05	7.72E-06	-3.19E-06	-1.43E-05
273	11	0	0	0	0	0	0	232	254	0	-2.27E-05	7.21E-06	-2.18E-06	-1.33E-05
273	12	0	0	0	0	0	0	232	254	0	-2.27E-05	7.21E-06	-2.18E-06	-1.33E-05
273	13	0	0	0	0	0	0	232	254	0	-2.37E-05	6.21E-06	-2.19E-06	-1.24E-05
273	14	0	0	0	0	0	0	232	254	0	-2.37E-05	6.21E-06	-2.19E-06	-1.24E-05
273	15	0	0	0	0	0	0	232	254	0	-2.33E-05	4.87E-06	-4.87E-06	-9.90E-06
273	16	0	0	0	0	0	0	232	254	0	-2.27E-05	5.20E-06	-6.89E-06	-9.07E-06
273	17	0	0	0	0	0	0	232	254	0	-2.27E-05	5.20E-06	-6.89E-06	-9.07E-06
273	18	0	0	0	0	0	0	232	254	0	-2.25E-05	5.20E-06	-1.03E-05	-1.19E-05
273	19	0	0	0	0	0	0	232	254	0	-2.25E-05	5.20E-06	-1.03E-05	-1.19E-05
274	0	0	0	0	0	0	0	232	254	0	-2.10E-05	4.19E-06	-1.73E-05	-1.26E-05
274	1	0	0	0	0	0	0	232	254	0	-2.10E-05	4.19E-06	-1.73E-05	-1.26E-05
274	2	0	0	0	0	0	0	232	254	0	-2.10E-05	3.02E-06	-2.08E-05	-1.23E-05
274	3	0	0	0	0	0	0	232	254	0	-2.10E-05	3.02E-06	-2.08E-05	-1.23E-05
274	4	0	0	0	0	0	0	232	254	0	-2.17E-05	3.86E-06	-2.16E-05	-1.56E-05
274	5	0	0	0	0	0	0	232	254	0	-2.17E-05	4.53E-06	-1.45E-05	-1.86E-05
274	6	0	0	0	0	0	0	232	254	0	-2.17E-05	4.53E-06	-1.45E-05	-1.86E-05
274	7	0	0	0	0	0	0	232	254	0	-2.17E-05	2.52E-06	1.03E-05	-1.64E-05
274	8	0	0	0	0	0	0	232	254	0	-2.17E-05	2.52E-06	1.03E-05	-1.64E-05
274	9	0	0	0	0	0	0	232	254	0	-2.20E-05	3.20E-06	1.39E-05	-1.29E-05
274	10	0	0	0	0	0	0	232	254	0	-2.20E-05	3.20E-06	1.39E-05	-1.29E-05
274	11	0	0	0	0	0	0	232	254	0	-2.23E-05	5.71E-06	4.85E-07	-9.56E-06
274	12	0	0	0	0	0	0	232	254	0	-2.23E-05	5.71E-06	4.85E-07	-9.56E-06
274	13	0	0	0	0	0	0	232	254	0	-2.13E-05	6.21E-06	-4.89E-06	-8.73E-06
274	14	0	0	0	0	0	0	232	254	0	-2.11E-05	5.53E-06	-1.19E-05	-7.89E-06
274	15	0	0	0	0	0	0	232	254	0	-2.11E-05	5.53E-06	-1.19E-05	-7.89E-06
274	16	0	0	0	0	0	0	232	254	0	-2.13E-05	3.86E-06	-1.44E-05	-7.72E-06
274	17	0	0	0	0	0	0	232	254	0	-2.13E-05	3.86E-06	-1.44E-05	-7.72E-06
274	18	0	0	0	0	0	0	232	254	0	-2.13E-05	2.85E-06	-7.70E-06	-7.89E-06
274	19	0	0	0	0	0	0	232	254	0	-2.13E-05	2.85E-06	-7.70E-06	-7.89E-06
275	0	0	0	0	0	0	0	232	254	0	-2.13E-05	3.19E-06	-1.85E-06	-7.72E-06
275	1	0	0	0	0	0	0	232	254	0	-2.13E-05	3.19E-06	-1.85E-06	-7.72E-06
275	2	0	0	0	0	0	0	232	254	0	-2.27E-05	3.19E-06	-2.21E-06	-8.23E-06
275	3	0	0	0	0	0	0	232	254	0	-2.13E-05	2.68E-06	-1.09E-05	-9.25E-06
275	4	0	0	0	0	0	0	232	254	0	-2.13E-05	2.68E-06	-1.09E-05	-9.25E-06
275	5	0	0	0	0	0	0	232	254	0	-2.12E-05	2.18E-06	-1.11E-05	-1.36E-05
275	6	0	0	0	0	0	0	232	254	0	-2.12E-05	2.18E-06	-1.11E-05	-1.36E-05
275	7	0	0	0	0	0	0	232	254	0	-2.27E-05	2.52E-06	-9.90E-06	-1.49E-05
275	8	0	0	0	0	0	0	232	254	0	-2.27E-05	2.52E-06	-9.90E-06	-1.49E-05
275	9	0	0	0	0	0	0	232	254	0	-2.23E-05	4.36E-06	-9.89E-06	-1.31E-05
275	10	0	0	0	0	0	0	232	254	0	-2.23E-05	4.36E-06	-9.89E-06	-1.31E-05
275	11	0	0	0	0	0	0	232	254	0	-1.90E-05	2.86E-06	-6.54E-06	-1.02E-05
275	12	0	0	0	0	0	0	232	254	0	-1.80E-05	3.53E-06	-4.20E-06	-9.74E-06
275	13	0	0	0	0	0	0	232	254	0	-1.80E-05	3.53E-06	-4.20E-06	-9.74E-06
275	14	0	0	0	0	0	0	232	254	0	-1.76E-05	4.02E-06	-5.38E-06	-1.26E-05
275	15	0	0	0	0	0	0	232	254	0	-1.76E-05	4.02E-06	-5.38E-06	-1.26E-05
275	16	0	0	0	0	0	0	232	254	0	-1.80E-05	2.35E-06	-8.06E-06	-1.18E-05
275	17	0	0	0	0	0	0	232	254	0	-1.80E-05	2.35E-06	-8.06E-06	-1.18E-05
275	18	0	0	0	0	0	0	232	254	0	-1.96E-05	2.52E-06	-1.02E-05	-1.23E-05
275	19	0	0	0	0	0	0	232	254	0	-1.96E-05	2.52E-06	-1.02E-05	-1.23E-05
276	0	0	0	0	0	0	0	232	254	0	-1.95E-05	2.86E-06	-7.21E-06	-1.19E-05
276	1	0	0	0	0	0	0	232	254	0	-1.90E-05	4.53E-06	-5.72E-06	-1.02E-05
276	2	0	0	0	0	0	0	232	254	0	-1.90E-05	4.53E-06	-5.72E-06	-1.02E-05
276	3	0	0	0	0	0	0	232	254	0	-1.86E-05	5.20E-06	-1.09E-05	-9.91E-06
276	4	0	0	0	0	0	0	232	254	0	-1.86E-05	5.20E-06	-1.09E-05	-9.91E-06
276	5	0	0	0	0	0	0	232	254	0	-2.00E-05	5.21E-06	-1.19E-05	-1.16E-05
276	6	0	0	0	0	0	0	232	254	0	-2.00E-05	5.21E-06	-1.19E-05	-1.16E-05
276	7	0	0	0	0	0	0	232	254	0	-2.06E-05	6.21E-06	-1.06E-05	-1.17E-05
276	8	0	0	0	0	0	0	232	254	0	-2.06E-05	6.21E-06	-1.06E-05	-1.17E-05
276	9	0	0	0	0	0	0	232	254	0	-2.00E-05	6.21E-06	-1.46E-05	-1.16E-05
276	10	0	0	0	0	0	0	232	254	0	-2.00E-05	5.88E-06	-1.90E-05	-1.36E-05
276	11	0	0	0	0	0	0	232	254	0	-2.00E-05	5.88E-06	-1.90E-05	-1.36E-05
276	12	0	0	0	0	0	0	232	254	0	-1.93E-05	7.22E-06	-1.84E-05	-1.63E-05
276	13	0	0	0	0	0	0	232	254	0	-1.93E-05	7.22E-06	-1.84E-05	-1.63E-05
276	14	0	0	0	0	0	0	232	254	0	-2.10E-05	7.21E-06	-5.50E-06	-1.63E-05
276	15	0	0	0	0	0	0	232	254	0	-2.10E-05	7.21E-06	-5.50E-06	-1.63E-05
276	16	0	0	0	0	0	0	232	254	0	-2.11E-05	5.87E-06	5.01E-06	-1.39E-05
276	17	0	0	0	0	0	0	232	254	0	-2.11E-05	5.87E-06	5.01E-06	-1.39E-05
276	18	0	0	0	0	0	0	232	254	0	-2.06E-05	5.70E-06	-1.54E-06	-1.36E-05
276	19	0	0	0	0	0	0	232	254	0	-2.10E-05	4.87E-06	-1.16E-05	-1.33E-05
277	0	0	0	0	0	0	0	232	254	0	-2.10E-05	4.87E-06	-1.16E-05	-1.33E-05
277	1	0	0	0	0	0	0	232	254	0	-2.00E-05	4.87E-06	-1.31E-05	-1.46E-05
277	2	0	0	0	0	0	0	232	254	0	-2.00E-05	4.87E-06	-1.31E-05	-1.46E-05
277	3	0	0	0	0	0	0	232	254	0	-2.00E-05	5.20E-06	-1.44E-05	-1.56E-05
277	4	0	0	0	0	0	0	232	254	0	-2.00E-05	5.20E-06	-1.44E-05	-1.56E-05
277	5	0	0	0	0	0	0	232	254	0	-1.93E-05	3.70E-06	-1.80E-05	-1.63E-05
277	6	0	0	0	0	0	0	232	254	0	-1.93E-05	3.70E-06	-1.80E-05	-1.63E-05
277	7	0	0	0	0	0	0	232	254	0	-2.00E-05	4.70E-06	-1.64E-05	-1.53E-05
277	8	0	0	0	0	0	0	232	254	0	-1.86E-05	5.87E-06	-1.63E-05	-1.49E-05
277	9	0	0	0	0	0	0	232	254	0	-1.86E-05	5.87E-06	-1.63E-05	-1.49E-05
277	10	0	0	0	0	0	0	232	254	0	-1.76E-05	5.20E-06	-1.56E-05	-1.43E-05
277	11	0	0	0	0	0	0	232	254	0	-1.76E-05	5.20E-06	-1.56E-05	-1.43E-05
277	12	0	0	0	0	0	0	232	254	0	-1.85E-05	5.54E-06	-1.50E-05	-1.36E-05
277	13	0	0	0	0	0	0	232	254	0	-1.85E-05	5.54E-06	-1.50E-05	-1.36E-05
277	14	0	0	0	0	0	0	232	254	0	-1.80E-05	6.21E-06	-2.13E-05	-1.24E-05
277	15	0	0	0	0	0	0	232	254	0	-1.80E-05	6.21E-06	-2.13E-05	-1.24E-05
277	16	0	0	0	0	0	0	232	254	0	-1.78E-05	5.21E-06	-2.16E-05	-1.07E-05
277	17	0	0	0	0	0	0	232	254	0	-1.78E-05	6.04E-06	-2.00E-05	-1.18E-05
277	18	0	0	0	0	0	0	232	254	0	-1.78E-05	6.04E-06	-2.00E-05	-1.18E-05
277	19	0	0	0	0	0	0	232	254	0	-1.76E-05	5.21E-06	-1.69E-05	-1.21E-05
278	0	0	0	0	0	0	0	232	254	0	-1.76E-05	5.21E-06	-1.69E-05	-1.21E-05
278	1	0	0	0	0	0	0	232	254	0	-2.00E-05	6.88E-06	-1.09E-05	-1.22E-05
278	2	0	0	0	0	0	0	232	254	0	-2.00E-05	6.88E-06	-1.09E-05	-1.22E-05
278	3	0	0	0	0	0	0	232	254	0	-2.18E-05	6.71E-06	-2.32E-06	-1.09E-05
278	4	0	0	0	0	0	0	232	254	0	-2.18E-05	6.71E-06	-2.32E-06	-1.09E-05
278	5	0	0	0	0	0	0	232	254	0	-2.25E-05	4.87E-06	4.85E-06	-8.90E-06
278	6	0	0	0	0	0	0	232	254	0	-2.43E-05	4.87E-06	-1.20E-06	-9.57E-06
278	7	0	0	0	0	0	0	232	254	0	-2.43E-05	4.87E-06	-1.20E-06	-9.57E-06
278	8	0	0	0	0	0	0	232	254	0	-2.35E-05	6.21E-06	-8.55E-06	-1.02E-05
278	9	0	0	0	0	0	0	232	254	0	-2.35E-05	6.21E-06	-8.55E-06	-1.02E-05
278	10	0	0	0	0	0	0	232	254	0	-2.27E-05	5.54E-06	-6.20E-06	-8.56E-06
278	11	0	0	0	0	0	0	232	254	0	-2.27E-05	5.54E-06	-6.20E-06	-8.56E-06
278	12	0	0	0	0	0	0	232	254	0	-2.33E-05	5.20E-06	-3.87E-06	-8.39E-06
278	13	0	0	0	0	0	0	232	254	0	-2.33E-05	5.20E-06	-3.87E-06	-8.39E-06
278	14	0	0	0	0	0	0	232	254	0	-2.33E-05	3.86E-06	-5.54E-06	-7.56E-06
278	15	0	0	0	0	0	0	232	254	0	-2.37E-05	3.19E-06	-6.36E-06	-9.57E-06
278	16	0	0	0	0	0	0	232	254	0	-2.37E-05	3.19E-06	-6.36E-06	-9.57E-06
278	17	0	0	0	0	0	0	232	254	0	-2.33E-05	4.20E-06	-1.50E-06	-1.12E-05
278	18	0	0	0	0	0	0	232	254	0	-2.33E-05	4.20E-06	-1.50E-06	-1.12E-05
278	19	0	0	0	0	0	0	232	254	0	-2.17E-05	3.87E-06	1.15E-06	-1.13E-05
279	0	0	0	0	0	0	0	232	254	0	-2.17E-05	3.87E-06	1.15E-06	-1.13E-05
279	1	0	0	0	0	0	0	232	254	0	-2.17E-05	5.54E-06	-6.55E-06	-1.26E-05
279	2	0	0	0	0	0	0	232	254	0	-2.17E-05	5.54E-06	-6.55E-06	-1.26E-05
279	3	0	0	0	0	0	0	232	254	0	-2.16E-05	6.21E-06	-7.21E-06	-1.31E-05
279	4	0	0	0	0	0	0	232	254	0	-2.06E-05	4.87E-06	-4.37E-06	-1.36E-05
279	5	0	0	0	0	0	0	232	254	0	-2.06E-05	4.87E-06	-4.37E-06	-1.36E-05
279	6	0	0	0	0	0	0	232	254	0	-2.06E-05	4.54E-06	-4.87E-06	-1.29E-05
279	7	0	0	0	0	0	0	232	254	0	-2.06E-05	4.54E-06	-4.87E-06	-1.29E-05
279	8	0	0	0	0	0	0	232	254	0	-2.13E-05	6.21E-06	-4.85E-06	-1.22E-05
279	9	0	0	0	0	0	0	232	254	0	-2.13E-05	6.21E-06	-4.85E-06	-1.22E-05
279	10	0	0	0	0	0	0	232	254	0	-2.13E-05	5.03E-06	-1.19E-06	-1.09E-05
279	11	0	0	0	0	0	0	232	254	0	-2.13E-05	5.03E-06	-1.19E-06	-1.09E-05
279	12	0	0	0	0	0	0	232	254	0	-2.17E-05	4.53E-06	-4.90E-06	-1.09E-05
279	13	0	0	0	0	0	0	232	254	0	-2.27E-05	3.19E-06	-1.38E-05	-9.57E-06
279	14	0	0	0	0	0	0	232	254	0	-2.27E-05	3.19E-06	-1.38E-05	-9.57E-06
279	15	0	0	0	0	0	0	232	254	0	-2.18E-05	3.19E-06	-1.66E-05	-1.09E-05
279	16	0	0	0	0	0	0	232	254	0	-2.18E-05	3.19E-06	-1.66E-05	-1.09E-05
279	17	0	0	0	0	0	0	232	254	0	-2.03E-05	4.20E-06	-1.26E-05	-1.36E-05
279	18	0	0	0	0	0	0	232	254	0	-2.03E-05	4.20E-06	-1.26E-05	-1.36E-05
279	19	0	0	0	0	0	0	232	254	0	-1.86E-05	4.53E-06	-1.06E-05	-1.41E-05
280	0	0	0	0	0	0	0	232	254	0	-1.86E-05	4.53E-06	-1.06E-05	-1.41E-05
280	1	0	0	0	0	0	0	232	254	0	-1.88E-05	4.53E-06	-1.12E-05	-1.33E-05
280	2	0	0	0	0	0	0	232	254	0	-1.95E-05	3.19E-06	-7.23E-06	-1.24E-05
280	3	0	0	0	0	0	0	232	254	0	-1.95E-05	3.19E-06	-7.23E-06	-1.24E-05
280	4	0	0	0	0	0	0	232	254	0	-2.00E-05	3.03E-06	-1.16E-05	-1.36E-05
280	5	0	0	0	0	0	0	232	254	0	-2.00E-05	3.03E-06	-1.16E-05	-1.36E-05
280	6	0	0	0	0	0	0	232	254	0	-2.13E-05	4.53E-06	-1.98E-05	-1.26E-05
280	7	0	0	0	0	0	0	232	254	0	-2.13E-05	4.53E-06	-1.98E-05	-1.26E-05
280	8	0	0	0	0	0	0	232	254	0	-2.10E-05	4.53E-06	-2.30E-05	-1.19E-05
280	9	0	0	0	0	0	0	232	254	0	-2.10E-05	4.53E-06	-2.30E-05	-1.19E-05
280	10	0	0	0	0	0	0	232	254	0	-2.22E-05	4.53E-06	-1.69E-05	-1.12E-05
280	11	0	0	0	0	0	0	232	254	0	-2.16E-05	5.21E-06	-1.02E-05	-1.19E-05
280	12	0	0	0	0	0	0	232	254	0	-2.16E-05	5.21E-06	-1.02E-05	-1.19E-05
280	13	0	0	0	0	0	0	232	254	0	-2.05E-05	7.55E-06	-5.21E-06	-1.17E-05
280	14	0	0	0	0	0	0	232	254	0	-2.05E-05	7.55E-06	-5.21E-06	-1.17E-05
280	15	0	0	0	0	0	0	232	254	0	-2.10E-05	7.21E-06	-8.23E-06	-1.14E-05
280	16	0	0	0	0	0	0	232	254	0	-2.10E-05	7.21E-06	-8.23E-06	-1.14E-05
280	17	0	0	0	0	0	0	232	254	0	-2.10E-05	5.20E-06	-1.09E-05	-1.09E-05
280	18	0	0	0	0	0	0	232	254	0	-2.10E-05	5.20E-06	-1.09E-05	-1.09E-05
280	19	0	0	0	0	0	0	232	254	0	-2.13E-05	5.20E-06	-1.02E-05	-1.43E-05
281	0	0	0	0	0	0	0	232	254	0	-2.17E-05	5.20E-06	-1.02E-05	-1.38E-05
281	1	0	0	0	0	0	0	232	254	0	-2.17E-05	5.20E-06	-1.02E-05	-1.38E-05
281	2	0	0	0	0	0	0	232	254	0	-2.23E-05	4.36E-06	-8.22E-06	-1.33E-05
281	3	0	0	0	0	0	0	232	254	0	-2.23E-05	4.36E-06	-8.22E-06	-1.33E-05
281	4	0	0	0	0	0	0	232	254	0	-2.40E-05	2.35E-06	-6.54E-06	-1.49E-05
281	5	0	0	0	0	0	0	232	254	0	-2.40E-05	2.35E-06	-6.54E-06	-1.49E-05
281	6	0	0	0	0	0	0	232	254	0	-2.32E-05	2.86E-06	-5.87E-06	-1.66E-05
281	7	0	0	0	0	0	0	232	254	0	-2.32E-05	2.86E-06	-5.87E-06	-1.66E-05
281	8	0	0	0	0	0	0	232	254	0	-2.23E-05	3.87E-06	-5.88E-06	-1.66E-05
281	9	0	0	0	0	0	0	232	254	0	-2.30E-05	6.21E-06	-7.05E-06	-1.59E-05
281	10	0	0	0	0	0	0	232	254	0	-2.30E-05	6.21E-06	-7.05E-06	-1.59E-05
281	11	0	0	0	0	0	0	232	254	0	-2.57E-05	5.20E-06	-6.88E-06	-1.39E-05
281	12	0	0	0	0	0	0	232	254	0	-2.57E-05	5.20E-06	-6.88E-06	-1.39E-05
281	13	0	0	0	0	0	0	232	254	0	-2.80E-05	4.70E-06	-6.38E-06	-1.23E-05
281	14	0	0	0	0	0	0	232	254	0	-2.80E-05	4.70E-06	-6.38E-06	-1.23E-05
281	15	0	0	0	0	0	0	232	254	0	-2.84E-05	4.53E-06	-6.21E-06	-1.23E-05
281	16	0	0	0	0	0	0	232	254	0	-2.84E-05	4.53E-06	-6.21E-06	-1.23E-05
281	17	0	0	0	0	0	0	232	254	0	-2.67E-05	5.20E-06	-5.88E-06	-1.33E-05
281	18	0	0	0	0	0	0	232	254	0	-2.47E-05	5.54E-06	-6.37E-06	-1.36E-05
281	19	0	0	0	0	0	0	232	254	0	-2.47E-05	5.54E-06	-6.37E-06	-1.36E-05
282	0	0	0	0	0	0	0	232	254	0	-2.13E-05	5.54E-06	-5.21E-06	-1.36E-05
282	1	0	0	0	0	0	0	232	254	0	-2.13E-05	5.54E-06	-5.21E-06	-1.36E-05
282	2	0	0	0	0	0	0	232	254	0	-2.17E-05	5.54E-06	-6.38E-06	-1.26E-05
282	3	0	0	0	0	0	0	232	254	0	-2.17E-05	5.54E-06	-6.38E-06	-1.26E-05
282	4	0	0	0	0	0	0	232	254	0	-2.17E-05	5.20E-06	-6.88E-06	-1.33E-05
282	5	0	0	0	0	0	0	232	254	0	-2.17E-05	5.20E-06	-6.88E-06	-1.33E-05
282	6	0	0	0	0	0	0	232	254	0	-2.27E-05	3.52E-06	-6.55E-06	-1.29E-05
282	7	0	0	0	0	0	0	232	254	0	-2.25E-05	2.68E-06	-7.05E-06	-1.12E-05
282	8	0	0	0	0	0	0	232	254	0	-2.25E-05	2.68E-06	-7.05E-06	-1.12E-05
282	9	0	0	0	0	0	0	232	254	0	-2.18E-05	2.35E-06	-7.05E-06	-1.14E-05
282	10	0	0	0	0	0	0	232	254	0	-2.18E-05	2.35E-06	-7.05E-06	-1.14E-05
282	11	0	0	0	0	0	0	232	254	0	-2.17E-05	3.02E-06	-7.39E-06	-1.16E-05
282	12	0	0	0	0	0	0	232	254	0	-2.17E-05	3.02E-06	-7.39E-06	-1.16E-05
282	13	0	0	0	0	0	0	232	254	0	-2.10E-05	2.85E-06	-9.58E-06	-1.09E-05
282	14	0	0	0	0	0	0	232	254	0	-2.10E-05	2.85E-06	-9.58E-06	-1.09E-05
282	15	0	0	0	0	0	0	232	254	0	-2.06E-05	2.53E-06	-1.16E-05	-9.74E-06
282	16	0	0	0	0	0	0	232	254	0	-2.06E-05	4.53E-06	-1.16E-05	-9.75E-06
282	17	0	0	0	0	0	0	232	254	0	-2.06E-05	4.53E-06	-1.16E-05	-9.75E-06
282	18	0	0	0	0	0	0	232	254	0	-1.96E-05	3.53E-06	-1.16E-05	-1.33E-05
282	19	0	0	0	0	0	0	232	254	0	-1.96E-05	3.53E-06	-1.16E-05	-1.33E-05
283	0	0	0	0	0	0	0	232	254	0	-2.03E-05	4.53E-06	-1.09E-05	-1.36E-05
283	1	0	0	0	0	0	0	232	254	0	-2.03E-05	4.53E-06	-1.09E-05	-1.36E-05
283	2	0	0	0	0	0	0	232	254	0	-2.10E-05	5.20E-06	-1.26E-05	-1.36E-05
283	3	0	0	0	0	0	0	232	254	0	-2.10E-05	5.20E-06	-1.26E-05	-1.36E-05
283	4	0	0	0	0	0	0	232	254	0	-2.08E-05	4.19E-06	-1.33E-05	-1.56E-05
283	5	0	0	0	0	0	0	232	254	0	-2.03E-05	3.19E-06	-1.23E-05	-1.63E-05
283	6	0	0	0	0	0	0	232	254	0	-2.03E-05	3.19E-06	-1.23E-05	-1.63E-05
283	7	0	0	0	0	0	0	232	254	0	-2.06E-05	3.53E-06	-1.26E-05	-1.51E-05
283	8	0	0	0	0	0	0	232	254	0	-2.06E-05	3.53E-06	-1.26E-05	-1.51E-05
283	9	0	0	0	0	0	0	232	254	0	-1.90E-05	3.86E-06	-1.04E-05	-1.46E-05
283	10	0	0	0	0	0	0	232	254	0	-1.90E-05	3.86E-06	-1.04E-05	-1.46E-05
283	11	0	0	0	0	0	0	232	254	0	-1.90E-05	4.36E-06	-5.24E-06	-1.43E-05
283	12	0	0	0	0	0	0	232	254	0	-1.90E-05	4.36E-06	-5.24E-06	-1.43E-05
283	13	0	0	0	0	0	0	232	254	0	-1.96E-05	4.20E-06	-1.46E-05	-1.43E-05
283	14	0	0	0	0	0	0	232	254	0	-1.96E-05	4.53E-06	-1.76E-05	-1.24E-05
283	15	0	0	0	0	0	0	232	254	0	-1.96E-05	4.53E-06	-1.76E-05	-1.24E-05
283	16	0	0	0	0	0	0	232	254	0	-1.90E-05	4.53E-06	-1.04E-05	-1.11E-05
283	17	0	0	0	0	0	0	232	254	0	-1.90E-05	4.53E-06	-1.04E-05	-1.11E-05
283	18	0	0	0	0	0	0	232	254	0	-2.00E-05	4.03E-06	-2.68E-06	-1.12E-05
283	19	0	0	0	0	0	0	232	254	0	-2.00E-05	4.03E-06	-2.68E-06	-1.12E-05
284	0	0	0	0	0	0	0	232	254	0	-2.05E-05	4.53E-06	-1.49E-06	-1.02E-05
284	1	0	0	0	0	0	0	232	254	0	-2.05E-05	4.53E-06	-1.49E-06	-1.02E-05
284	2	0	0	0	0	0	0	232	254	0	-2.06E-05	5.04E-06	3.52E-06	-8.22E-06
284	3	0	0	0	0	0	0	232	254	0	-2.08E-05	5.20E-06	2.13E-06	-6.88E-06
284	4	0	0	0	0	0	0	232	254	0	-2.08E-05	5.20E-06	2.13E-06	-6.88E-06
284	5	0	0	0	0	0	0	232	254	0	-2.22E-05	5.54E-06	-1.23E-05	-7.22E-06
284	6	0	0	0	0	0	0	232	254	0	-2.22E-05	5.54E-06	-1.23E-05	-7.22E-06
284	7	0	0	0	0	0	0	232	254	0	-2.22E-05	5.37E-06	-2.26E-05	-7.56E-06
284	8	0	0	0	0	0	0	232	254	0	-2.22E-05	5.37E-06	-2.26E-05	-7.56E-06
284	9	0	0	0	0	0	0	232	254	0	-2.35E-05	5.20E-06	-1.26E-05	-8.23E-06
284	10	0	0	0	0	0	0	232	254	0	-2.35E-05	5.20E-06	-1.26E-05	-8.23E-06
284	11	0	0	0	0	0	0	232	254	0	-2.37E-05	4.20E-06	-4.21E-06	-1.02E-05
284	12	0	0	0	0	0	0	232	254	0	-2.40E-05	5.20E-06	-7.23E-06	-1.12E-05
284	13	0	0	0	0	0	0	232	254	0	-2.40E-05	5.20E-06	-7.23E-06	-1.12E-05
284	14	0	0	0	0	0	0	232	254	0	-2.40E-05	4.37E-06	-1.11E-05	-1.23E-05
284	15	0	0	0	0	0	0	232	254	0	-2.40E-05	4.37E-06	-1.11E-05	-1.23E-05
284	16	0	0	0	0	0	0	232	254	0	-2.30E-05	5.20E-06	-1.09E-05	-1.43E-05
284	17	0	0	0	0	0	0	232	254	0	-2.30E-05	5.20E-06	-1.09E-05	-1.43E-05
284	18	0	0	0	0	0	0	232	254	0	-2.17E-05	4.86E-06	-1.26E-05	-1.48E-05
284	19	0	0	0	0	0	0	232	254	0	-2.17E-05	4.86E-06	-1.26E-05	-1.48E-05
285	0	0	0	0	0	0	0	232	254	0	-2.13E-05	4.04E-06	-1.43E-05	-1.29E-05
285	1	0	0	0	0	0	0	232	254	0	-2.18E-05	6.88E-06	-1.36E-05	-1.23E-05
285	2	0	0	0	0	0	0	232	254	0	-2.18E-05	6.88E-06	-1.36E-05	-1.23E-05
285	3	0	0	0	0	0	0	232	254	0	-2.27E-05	7.71E-06	-9.21E-06	-1.38E-05
285	4	0	0	0	0	0	0	232	254	0	-2.27E-05	7.71E-06	-9.21E-06	-1.38E-05
285	5	0	0	0	0	0	0	232	254	0	-2.38E-05	4.87E-06	-4.54E-06	-1.39E-05
285	6	0	0	0	0	0	0	232	254	0	-2.38E-05	4.87E-06	-4.54E-06	-1.39E-05
285	7	0	0	0	0	0	0	232	254	0	-2.50E-05	4.53E-06	-6.39E-06	-1.36E-05
285	8	0	0	0	0	0	0	232	254	0	-2.50E-05	4.53E-06	-6.39E-06	-1.36E-05
285	9	0	0	0	0	0	0	232	254	0	-2.37E-05	5.03E-06	-1.02E-05	-1.34E-05
285	10	0	0	0	0	0	0	232	254	0	-2.43E-05	4.53E-06	-1.12E-05	-1.29E-05
285	11	0	0	0	0	0	0	232	254	0	-2.43E-05	4.53E-06	-1.12E-05	-1.29E-05
285	12	0	0	0	0	0	0	232	254	0	-2.33E-05	3.87E-06	-8.38E-06	-1.27E-05
285	13	0	0	0	0	0	0	232	254	0	-2.33E-05	3.87E-06	-8.38E-06	-1.27E-05
285	14	0	0	0	0	0	0	232	254	0	-2.27E-05	5.21E-06	-5.54E-06	-1.06E-05
285	15	0	0	0	0	0	0	232	254	0	-2.27E-05	5.21E-06	-5.54E-06	-1.06E-05
285	16	0	0	0	0	0	0	232	254	0	-2.26E-05	6.04E-06	-5.53E-06	-1.16E-05
285	17	0	0	0	0	0	0	232	254	0	-2.26E-05	6.04E-06	-5.53E-06	-1.16E-05
285	18	0	0	0	0	0	0	232	254	0	-1.96E-05	6.21E-06	-3.88E-06	-1.29E-05
285	19	0	0	0	0	0	0	232	254	0	-1.91E-05	6.88E-06	-7.57E-06	-1.24E-05
286	0	0	0	0	0	0	0	232	254	0	-1.91E-05	6.88E-06	-7.57E-06	-1.24E-05
286	1	0	0	0	0	0	0	232	254	0	-1.93E-05	6.54E-06	-1.29E-05	-1.29E-05
286	2	0	0	0	0	0	0	232	254	0	-1.93E-05	6.54E-06	-1.29E-05	-1.29E-05
286	3	0	0	0	0	0	0	232	254	0	-2.00E-05	5.54E-06	-1.29E-05	-1.38E-05
286	4	0	0	0	0	0	0	232	254	0	-2.00E-05	5.54E-06	-1.29E-05	-1.38E-05
286	5	0	0	0	0	0	0	232	254	0	-1.98E-05	5.20E-06	-8.90E-06	-1.29E-05
286	6	0	0	0	0	0	0	232	254	0	-1.98E-05	5.20E-06	-8.90E-06	-1.29E-05
286	7	0	0	0	0	0	0	232	254	0	-1.83E-05	4.53E-06	-1.06E-05	-1.36E-05
286	8	0	0	0	0	0	0	232	254	0	-1.73E-05	4.03E-06	-1.56E-05	-1.43E-05
286	9	0	0	0	0	0	0	232	254	0	-1.73E-05	4.03E-06	-1.56E-05	-1.43E-05
286	10	0	0	0	0	0	0	232	254	0	-1.80E-05	4.54E-06	-1.49E-05	-1.31E-05
286	11	0	0	0	0	0	0	232	254	0	-1.80E-05	4.54E-06	-1.49E-05	-1.31E-05
286	12	0	0	0	0	0	0	232	254	0	-1.85E-05	5.54E-06	-1.56E-05	-1.11E-05
286	13	0	0	0	0	0	0	232	254	0	-1.85E-05	5.54E-06	-1.56E-05	-1.11E-05
286	14	0	0	0	0	0	0	232	254	0	-1.83E-05	6.04E-06	-1.90E-05	-1.02E-05
286	15	0	0	0	0	0	0	232	254	0	-1.83E-05	6.04E-06	-1.90E-05	-1.02E-05
286	16	0	0	0	0	0	0	232	254	0	-1.63E-05	5.21E-06	-1.79E-05	-1.23E-05
286	17	0	0	0	0	0	0	232	254	0	-1.70E-05	5.70E-06	-9.56E-06	-1.31E-05
286	18	0	0	0	0	0	0	232	254	0	-1.70E-05	5.70E-06	-9.56E-06	-1.31E-05
286	19	0	0	0	0	0	0	232	254	0	-1.81E-05	5.20E-06	-6.88E-06	-1.46E-05
287	0	0	0	0	0	0	0	232	254	0	-1.81E-05	5.20E-06	-6.88E-06	-1.46E-05
287	1	0	0	0	0	0	0	232	254	0	-1.76E-05	3.86E-06	-6.87E-06	-1.38E-05
287	2	0	0	0	0	0	0	232	254	0	-1.76E-05	3.86E-06	-6.87E-06	-1.38E-05
287	3	0	0	0	0	0	0	232	254	0	-1.76E-05	4.87E-06	-4.19E-06	-1.14E-05
287	4	0	0	0	0	0	0	232	254	0	-1.76E-05	4.87E-06	-4.19E-06	-1.14E-05
287	5	0	0	0	0	0	0	232	254	0	-2.10E-05	5.54E-06	-2.86E-06	-1.06E-05
287	6	0	0	0	0	0	0	232	254	0	-2.18E-05	4.53E-06	-4.86E-06	-1.09E-05
287	7	0	0	0	0	0	0	232	254	0	-2.18E-05	4.53E-06	-4.86E-06	-1.09E-05
287	8	0	0	0	0	0	0	232	254	0	-2.10E-05	5.21E-06	-3.50E-06	-9.74E-06
287	9	0	0	0	0	0	0	232	254	0	-2.10E-05	5.21E-06	-3.50E-06	-9.74E-06
287	10	0	0	0	0	0	0	232	254	0	-2.10E-05	5.71E-06	2.50E-06	-1.02E-05
287	11	0	0	0	0	0	0	232	254	0	-2.10E-05	5.71E-06	2.50E-06	-1.02E-05
287	12	0	0	0	0	0	0	232	254	0	-2.27E-05	6.21E-06	-3.20E-06	-1.23E-05
287	13	0	0	0	0	0	0	232	254	0	-2.27E-05	6.21E-06	-3.20E-06	-1.23E-05
287	14	0	0	0	0	0	0	232	254	0	-2.27E-05	6.54E-06	-6.38E-06	-1.49E-05
287	15	0	0	0	0	0	0	232	254	0	-2.23E-05	5.87E-06	-7.58E-06	-1.44E-05
287	16	0	0	0	0	0	0	232	254	0	-2.23E-05	5.87E-06	-7.58E-06	-1.44E-05
287	17	0	0	0	0	0	0	232	254	0	-2.43E-05	5.87E-06	-1.33E-05	-1.51E-05
287	18	0	0	0	0	0	0	232	254	0	-2.43E-05	5.87E-06	-1.33E-05	-1.51E-05
287	19	0	0	0	0	0	0	232	254	0	-2.40E-05	5.87E-06	-1.66E-05	-1.53E-05
288	0	0	0	0	0	0	0	232	254	0	-2.40E-05	5.87E-06	-1.66E-05	-1.53E-05
288	1	0	0	0	0	0	0	232	254	0	-2.30E-05	5.03E-06	-1.33E-05	-1.59E-05
288	2	0	0	0	0	0	0	232	254	0	-2.30E-05	5.03E-06	-1.33E-05	-1.59E-05
288	3	0	0	0	0	0	0	232	254	0	-2.33E-05	4.20E-06	-1.17E-05	-1.49E-05
288	4	0	0	0	0	0	0	232	254	0	-2.35E-05	5.54E-06	-3.65E-06	-1.33E-05
288	5	0	0	0	0	0	0	232	254	0	-2.35E-05	5.54E-06	-3.65E-06	-1.33E-05
288	6	0	0	0	0	0	0	232	254	0	-2.23E-05	5.20E-06	6.21E-06	-1.33E-05
288	7	0	0	0	0	0	0	232	254	0	-2.23E-05	5.20E-06	6.21E-06	-1.33E-05
288	8	0	0	0	0	0	0	232	254	0	-2.17E-05	5.03E-06	6.19E-06	-1.26E-05
288	9	0	0	0	0	0	0	232	254	0	-2.17E-05	5.03E-06	6.19E-06	-1.26E-05
288	10	0	0	0	0	0	0	232	254	0	-2.23E-05	4.20E-06	3.15E-07	-1.38E-05
288	11	0	0	0	0	0	0	232	254	0	-2.23E-05	4.20E-06	3.15E-07	-1.38E-05
288	12	0	0	0	0	0	0	232	254	0	-2.33E-05	4.71E-06	-4.87E-06	-1.33E-05
288	13	0	0	0	0	0	0	232	254	0	-2.33E-05	6.54E-06	-6.22E-06	-1.29E-05
288	14	0	0	0	0	0	0	232	254	0	-2.33E-05	6.54E-06	-6.22E-06	-1.29E-05
288	15	0	0	0	0	0	0	232	254	0	-2.35E-05	5.20E-06	-7.56E-06	-1.29E-05
288	16	0	0	0	0	0	0	232	254	0	-2.35E-05	5.20E-06	-7.56E-06	-1.29E-05
288	17	0	0	0	0	0	0	232	254	0	-2.37E-05	3.86E-06	-9.24E-06	-1.23E-05
288	18	0	0	0	0	0	0	232	254	0	-2.37E-05	3.86E-06	-9.24E-06	-1.23E-05
288	19	0	0	0	0	0	0	232	254	0	-2.30E-05	4.53E-06	-1.06E-05	-1.23E-05
289	0	0	0	0	0	0	0	232	254	0	-2.30E-05	4.53E-06	-1.06E-05	-1.23E-05
289	1	0	0	0	0	0	0	232	254	0	-2.00E-05	5.21E-06	-1.09E-05	-1.33E-05
289	2	0	0	0	0	0	0	232	254	0	-1.93E-05	5.71E-06	-1.09E-05	-1.36E-05
289	3	0	0	0	0	0	0	232	254	0	-1.93E-05	5.71E-06	-1.09E-05	-1.36E-05
289	4	0	0	0	0	0	0	232	254	0	-2.03E-05	5.54E-06	-9.91E-06	-1.29E-05
289	5	0	0	0	0	0	0	232	254	0	-2.03E-05	5.54E-06	-9.91E-06	-1.29E-05
289	6	0	0	0	0	0	0	232	254	0	-1.93E-05	4.87E-06	-1.09E-05	-1.23E-05
289	7	0	0	0	0	0	0	232	254	0	-1.93E-05	4.87E-06	-1.09E-05	-1.23E-05
289	8	0	0	0	0	0	0	232	254	0	-1.93E-05	4.53E-06	-1.36E-05	-1.23E-05
289	9	0	0	0	0	0	0	232	254	0	-1.93E-05	4.53E-06	-1.36E-05	-1.23E-05
289	10	0	0	0	0	0	0	232	254	0	-2.00E-05	4.19E-06	-1.66E-05	-1.29E-05
289	11	0	0	0	0	0	0	232	254	0	-2.03E-05	3.02E-06	-1.79E-05	-1.23E-05
289	12	0	0	0	0	0	0	232	254	0	-2.03E-05	3.02E-06	-1.79E-05	-1.23E-05
289	13	0	0	0	0	0	0	232	254	0	-2.27E-05	3.36E-06	-8.52E-06	-1.22E-05
289	14	0	0	0	0	0	0	232	254	0	-2.27E-05	3.36E-06	-8.52E-06	-1.22E-05
289	15	0	0	0	0	0	0	232	254	0	-2.33E-05	3.86E-06	2.18E-06	-1.11E-05
289	16	0	0	0	0	0	0	232	254	0	-2.33E-05	3.86E-06	2.18E-06	-1.11E-05
289	17	0	0	0	0	0	0	232	254	0	-2.23E-05	4.88E-06	4.64E-07	-1.16E-05
289	18	0	0	0	0	0	0	232	254	0	-2.23E-05	4.88E-06	4.64E-07	-1.16E-05
289	19	0	0	0	0	0	0	232	254	0	-2.27E-05	7.05E-06	-9.10E-06	-1.06E-05
290	0	0	0	0	0	0	0	232	254	0	-2.38E-05	6.88E-06	-1.76E-05	-1.09E-05
290	1	0	0	0	0	0	0	232	254	0	-2.38E-05	6.88E-06	-1.76E-05	-1.09E-05
290	2	0	0	0	0	0	0	232	254	0	-2.33E-05	6.04E-06	-1.80E-05	-9.91E-06
290	3	0	0	0	0	0	0	232	254	0	-2.33E-05	6.04E-06	-1.80E-05	-9.91E-06
290	4	0	0	0	0	0	0	232	254	0	-2.20E-05	5.71E-06	-1.73E-05	-1.04E-05
290	5	0	0	0	0	0	0	232	254	0	-2.20E-05	5.71E-06	-1.73E-05	-1.04E-05
290	6	0	0	0	0	0	0	232	254	0	-2.30E-05	5.54E-06	-1.73E-05	-1.14E-05
290	7	0	0	0	0	0	0	232	254	0	-2.30E-05	5.54E-06	-1.73E-05	-1.14E-05
290	8	0	0	0	0	0	0	232	254	0	-2.37E-05	5.20E-06	-1.68E-05	-1.28E-05
290	9	0	0	0	0	0	0	232	254	0	-2.23E-05	4.19E-06	-1.53E-05	-1.33E-05
290	10	0	0	0	0	0	0	232	254	0	-2.23E-05	4.19E-06	-1.53E-05	-1.33E-05
290	11	0	0	0	0	0	0	232	254	0	-2.30E-05	3.36E-06	-1.43E-05	-1.31E-05
290	12	0	0	0	0	0	0	232	254	0	-2.30E-05	3.36E-06	-1.43E-05	-1.31E-05
290	13	0	0	0	0	0	0	232	254	0	-2.32E-05	3.86E-06	-1.46E-05	-1.34E-05
290	14	0	0	0	0	0	0	232	254	0	-2.32E-05	3.86E-06	-1.46E-05	-1.34E-05
290	15	0	0	0	0	0	0	232	254	0	-2.08E-05	4.20E-06	-1.13E-05	-1.36E-05
290	16	0	0	0	0	0	0	232	254	0	-2.08E-05	4.20E-06	-1.13E-05	-1.36E-05
290	17	0	0	0	0	0	0	232	254	0	-1.90E-05	4.53E-06	-1.23E-05	-1.16E-05
290	18	0	0	0	0	0	0	232	254	0	-1.68E-05	4.36E-06	-1.17E-05	-1.19E-05
290	19	0	0	0	0	0	0	232	254	0	-1.68E-05	4.36E-06	-1.17E-05	-1.19E-05
291	0	0	0	0	0	0	0	232	254	0	-1.66E-05	3.52E-06	-1.02E-05	-1.23E-05
291	1	0	0	0	0	0	0	232	254	0	-1.66E-05	3.52E-06	-1.02E-05	-1.23E-05
291	2	0	0	0	0	0	0	232	254	0	-1.66E-05	3.19E-06	-9.90E-06	-1.29E-05
291	3	0	0	0	0	0	0	232	254	0	-1.66E-05	3.19E-06	-9.90E-06	-1.29E-05
291	4	0	0	0	0	0	0	232	254	0	-1.56E-05	3.19E-06	-1.01E-05	-1.43E-05
291	5	0	0	0	0	0	0	232	254	0	-1.56E-05	3.19E-06	-1.01E-05	-1.43E-05
291	6	0	0	0	0	0	0	232	254	0	-1.48E-05	2.51E-06	-1.07E-05	-1.44E-05
291	7	0	0	0	0	0	0	232	254	0	-1.61E-05	8.41E-07	-6.39E-06	-1.29E-05
291	8	0	0	0	0	0	0	232	254	0	-1.61E-05	8.41E-07	-6.39E-06	-1.29E-05
291	9	0	0	0	0	0	0	232	254	0	-1.76E-05	1.18E-06	-8.90E-06	-1.28E-05
291	10	0	0	0	0	0	0	232	254	0	-1.76E-05	1.18E-06	-8.90E-06	-1.28E-05
291	11	0	0	0	0	0	0	232	254	0	-1.90E-05	2.36E-06	-1.05E-05	-1.26E-05
291	12	0	0	0	0	0	0	232	254	0	-1.90E-05	2.36E-06	-1.05E-05	-1.26E-05
291	13	0	0	0	0	0	0	232	254	0	-1.93E-05	3.86E-06	-3.36E-06	-1.29E-05
291	14	0	0	0	0	0	0	232	254	0	-1.93E-05	3.86E-06	-3.36E-06	-1.29E-05
291	15	0	0	0	0	0	0	232	254	0	-1.98E-05	3.86E-06	-5.22E-06	-1.39E-05
291	16	0	0	0	0	0	0	232	254	0	-1.96E-05	4.36E-06	-9.56E-06	-1.51E-05
291	17	0	0	0	0	0	0	232	254	0	-1.96E-05	4.36E-06	-9.56E-06	-1.51E-05
291	18	0	0	0	0	0	0	232	254	0	-2.06E-05	3.18E-06	-7.20E-06	-1.73E-05
291	19	0	0	0	0	0	0	232	254	0	-2.06E-05	3.18E-06	-7.20E-06	-1.73E-05
292	0	0	0	0	0	0	0	232	254	0	-2.17E-05	1.68E-06	-2.84E-06	-1.70E-05
292	1	0	0	0	0	0	0	232	254	0	-2.17E-05	1.68E-06	-2.84E-06	-1.70E-05
292	2	0	0	0	0	0	0	232	254	0	-2.17E-05	3.19E-06	1.18E-06	-1.69E-05
292	3	0	0	0	0	0	0	232	254	0	-2.17E-05	3.19E-06	1.18E-06	-1.69E-05
292	4	0	0	0	0	0	0	232	254	0	-2.27E-05	3.19E-06	3.18E-06	-1.59E-05
292	5	0	0	0	0	0	0	232	254	0	-2.23E-05	3.87E-06	1.43E-07	-1.46E-05
292	6	0	0	0	0	0	0	232	254	0	-2.23E-05	3.87E-06	1.43E-07	-1.46E-05
292	7	0	0	0	0	0	0	232	254	0	-2.06E-05	6.04E-06	-5.55E-06	-1.44E-05
292	8	0	0	0	0	0	0	232	254	0	-2.06E-05	6.04E-06	-5.55E-06	-1.44E-05
292	9	0	0	0	0	0	0	232	254	0	-2.17E-05	5.87E-06	-8.40E-06	-1.48E-05
292	10	0	0	0	0	0	0	232	254	0	-2.17E-05	5.87E-06	-8.40E-06	-1.48E-05
292	11	0	0	0	0	0	0	232	254	0	-2.20E-05	5.87E-06	-9.07E-06	-1.38E-05
292	12	0	0	0	0	0	0	232	254	0	-2.20E-05	5.87E-06	-9.07E-06	-1.38E-05
292	13	0	0	0	0	0	0	232	254	0	-2.17E-05	4.20E-06	-1.09E-05	-1.34E-05
292	14	0	0	0	0	0	0	232	254	0	-2.27E-05	4.87E-06	-1.16E-05	-1.31E-05
292	15	0	0	0	0	0	0	232	254	0	-2.27E-05	4.87E-06	-1.16E-05	-1.31E-05
292	16	0	0	0	0	0	0	232	254	0	-2.33E-05	4.86E-06	-1.27E-05	-1.24E-05
292	17	0	0	0	0	0	0	232	254	0	-2.33E-05	4.86E-06	-1.27E-05	-1.24E-05
292	18	0	0	0	0	0	0	232	254	0	-2.23E-05	2.35E-06	-6.38E-06	-1.16E-05
292	19	0	0	0	0	0	0	232	254	0	-2.23E-05	2.35E-06	-6.38E-06	-1.16E-05
293	0	0	0	0	0	0	0	232	254	0	-2.11E-05	3.20E-06	-6.95E-06	-1.02E-05
293	1	0	0	0	0	0	0	232	254	0	-2.11E-05	3.20E-06	-6.95E-06	-1.02E-05
293	2	0	0	0	0	0	0	232	254	0	-2.06E-05	4.70E-06	-2.37E-05	-1.09E-05
293	3	0	0	0	0	0	0	232	254	0	-2.13E-05	4.19E-06	-2.92E-05	-1.14E-05
293	4	0	0	0	0	0	0	232	254	0	-2.13E-05	4.19E-06	-2.92E-05	-1.14E-05
293	5	0	0	0	0	0	0	232	254	0	-2.16E-05	3.69E-06	-1.72E-05	-1.39E-05
293	6	0	0	0	0	0	0	232	254	0	-2.16E-05	3.69E-06	-1.72E-05	-1.39E-05
293	7	0	0	0	0	0	0	232	254	0	-2.08E-05	3.19E-06	-6.87E-06	-1.44E-05
293	8	0	0	0	0	0	0	232	254	0	-2.08E-05	3.19E-06	-6.87E-06	-1.44E-05
293	9	0	0	0	0	0	0	232	254	0	-2.17E-05	3.69E-06	-5.23E-06	-1.43E-05
293	10	0	0	0	0	0	0	232	254	0	-2.17E-05	3.69E-06	-5.23E-06	-1.43E-05
293	11	0	0	0	0	0	0	232	254	0	-2.23E-05	2.52E-06	-1.13E-05	-1.41E-05
293	12	0	0	0	0	0	0	232	254	0	-2.16E-05	2.18E-06	-1.26E-05	-1.36E-05
293	13	0	0	0	0	0	0	232	254	0	-2.16E-05	2.18E-06	-1.26E-05	-1.36E-05
293	14	0	0	0	0	0	0	232	254	0	-2.06E-05	2.52E-06	-1.16E-05	-1.29E-05
293	15	0	0	0	0	0	0	232	254	0	-2.06E-05	2.52E-06	-1.16E-05	-1.29E-05
293	16	0	0	0	0	0	0	232	254	0	-1.95E-05	2.86E-06	-1.19E-05	-1.04E-05
293	17	0	0	0	0	0	0	232	254	0	-1.95E-05	2.86E-06	-1.19E-05	-1.04E-05
293	18	0	0	0	0	0	0	232	254	0	-1.83E-05	4.53E-06	-6.87E-06	-8.56E-06
293	19	0	0	0	0	0	0	232	254	0	-1.83E-05	4.53E-06	-6.87E-06	-8.56E-06
294	0	0	0	0	0	0	0	232	254	0	-1.69E-05	5.20E-06	-4.36E-06	-8.22E-06
294	1	0	0	0	0	0	0	232	254	0	-1.58E-05	5.55E-06	-3.55E-06	-7.22E-06
294	2	0	0	0	0	0	0	232	254	0	-1.58E-05	5.55E-06	-3.55E-06	-7.22E-06
294	3	0	0	0	0	0	0	232	254	0	-1.73E-05	7.21E-06	-9.57E-06	-8.24E-06
294	4	0	0	0	0	0	0	232	254	0	-1.73E-05	7.21E-06	-9.57E-06	-8.24E-06
294	5	0	0	0	0	0	0	232	254	0	-1.95E-05	5.52E-06	-1.06E-05	-1.09E-05
294	6	0	0	0	0	0	0	232	254	0	-1.95E-05	5.52E-06	-1.06E-05	-1.09E-05
294	7	0	0	0	0	0	0	232	254	0	-1.98E-05	2.02E-06	-5.53E-06	-1.16E-05
294	8	0	0	0	0	0	0	232	254	0	-1.98E-05	2.02E-06	-5.53E-06	-1.16E-05
294	9	0	0	0	0	0	0	232	254	0	-1.85E-05	2.53E-06	-2.82E-06	-1.22E-05
294	10	0	0	0	0	0	0	232	254	0	-1.70E-05	4.53E-06	4.85E-06	-1.12E-05
294	11	0	0	0	0	0	0	232	254	0	-1.70E-05	4.53E-06	4.85E-06	-1.12E-05
294	12	0	0	0	0	0	0	232	254	0	-1.70E-05	3.86E-06	-3.76E-07	-1.09E-05
294	13	0	0	0	0	0	0	232	254	0	-1.70E-05	3.86E-06	-3.76E-07	-1.09E-05
294	14	0	0	0	0	0	0	232	254	0	-1.86E-05	4.20E-06	-9.90E-06	-1.11E-05
294	15	0	0	0	0	0	0	232	254	0	-1.86E-05	4.20E-06	-9.90E-06	-1.11E-05
294	16	0	0	0	0	0	0	232	254	0	-1.90E-05	5.20E-06	-8.54E-06	-1.16E-05
294	17	0	0	0	0	0	0	232	254	0	-1.90E-05	5.20E-06	-8.54E-06	-1.16E-05
294	18	0	0	0	0	0	0	232	254	0	-2.03E-05	5.20E-06	-4.18E-06	-1.06E-05
294	19	0	0	0	0	0	0	232	254	0	-2.23E-05	5.53E-06	-1.18E-06	-9.06E-06
295	0	0	0	0	0	0	0	232	254	0	-2.23E-05	5.53E-06	-1.18E-06	-9.06E-06
295	1	0	0	0	0	0	0	232	254	0	-2.27E-05	4.19E-06	-1.52E-06	-8.56E-06
295	2	0	0	0	0	0	0	232	254	0	-2.27E-05	4.19E-06	-1.52E-06	-8.56E-06
295	3	0	0	0	0	0	0	232	254	0	-2.33E-05	3.87E-06	-4.20E-06	-9.57E-06
295	4	0	0	0	0	0	0	232	254	0	-2.33E-05	3.87E-06	-4.20E-06	-9.57E-06
295	5	0	0	0	0	0	0	232	254	0	-2.30E-05	5.54E-06	-4.06E-06	-1.11E-05
295	6	0	0	0	0	0	0	232	254	0	-2.30E-05	5.54E-06	-4.06E-06	-1.11E-05
295	7	0	0	0	0	0	0	232	254	0	-2.35E-05	5.21E-06	-1.10E-05	-1.11E-05
295	8	0	0	0	0	0	0	232	254	0	-2.32E-05	5.71E-06	-2.03E-05	-1.16E-05
295	9	0	0	0	0	0	0	232	254	0	-2.32E-05	5.71E-06	-2.03E-05	-1.16E-05
295	10	0	0	0	0	0	0	232	254	0	-2.23E-05	6.88E-06	-1.93E-05	-1.31E-05
295	11	0	0	0	0	0	0	232	254	0	-2.23E-05	6.88E-06	-1.93E-05	-1.31E-05
295	12	0	0	0	0	0	0	232	254	0	-2.27E-05	6.21E-06	-1.56E-05	-1.19E-05
295	13	0	0	0	0	0	0	232	254	0	-2.27E-05	6.21E-06	-1.56E-05	-1.19E-05
295	14	0	0	0	0	0	0	232	254	0	-2.40E-05	5.20E-06	-1.24E-05	-1.33E-05
295	15	0	0	0	0	0	0	232	254	0	-2.40E-05	5.20E-06	-1.24E-05	-1.33E-05
295	16	0	0	0	0	0	0	232	254	0	-2.37E-05	4.87E-06	-6.35E-06	-1.38E-05
295	17	0	0	0	0	0	0	232	254	0	-2.30E-05	5.88E-06	-6.79E-07	-1.09E-05
295	18	0	0	0	0	0	0	232	254	0	-2.30E-05	5.88E-06	-6.79E-07	-1.09E-05
295	19	0	0	0	0	0	0	232	254	0	-2.30E-05	7.22E-06	-2.57E-06	-9.07E-06
296	0	0	0	0	0	0	0	232	254	0	-2.30E-05	7.22E-06	-2.57E-06	-9.07E-06
296	1	0	0	0	0	0	0	232	254	0	-2.32E-05	7.21E-06	-1.38E-05	-1.12E-05
296	2	0	0	0	0	0	0	232	254	0	-2.32E-05	7.21E-06	-1.38E-05	-1.12E-05
296	3	0	0	0	0	0	0	232	254	0	-2.27E-05	6.21E-06	-2.01E-05	-1.21E-05
296	4	0	0	0	0	0	0	232	254	0	-2.27E-05	6.21E-06	-2.01E-05	-1.21E-05
296	5	0	0	0	0	0	0	232	254	0	-2.28E-05	5.03E-06	-2.05E-05	-1.36E-05
296	6	0	0	0	0	0	0	232	254	0	-2.18E-05	4.87E-06	-2.15E-05	-1.43E-05
296	7	0	0	0	0	0	0	232	254	0	-2.18E-05	4.87E-06	-2.15E-05	-1.43E-05
296	8	0	0	0	0	0	0	232	254	0	-2.13E-05	5.20E-06	-2.00E-05	-1.46E-05
296	9	0	0	0	0	0	0	232	254	0	-2.13E-05	5.20E-06	-2.00E-05	-1.46E-05
296	10	0	0	0	0	0	0	232	254	0	-2.30E-05	4.53E-06	-1.49E-05	-1.63E-05
296	11	0	0	0	0	0	0	232	254	0	-2.30E-05	4.53E-06	-1.49E-05	-1.63E-05
296	12	0	0	0	0	0	0	232	254	0	-2.17E-05	3.03E-06	-1.02E-05	-1.53E-05
296	13	0	0	0	0	0	0	232	254	0	-2.17E-05	3.03E-06	-1.02E-05	-1.53E-05
296	14	0	0	0	0	0	0	232	254	0	-2.16E-05	4.37E-06	-8.39E-06	-1.36E-05
296	15	0	0	0	0	0	0	232	254	0	-2.00E-05	4.87E-06	-8.73E-06	-1.26E-05
296	16	0	0	0	0	0	0	232	254	0	-2.00E-05	4.87E-06	-8.73E-06	-1.26E-05
296	17	0	0	0	0	0	0	232	254	0	-1.95E-05	4.53E-06	-8.72E-06	-1.16E-05
296	18	0	0	0	0	0	0	232	254	0	-1.95E-05	4.53E-06	-8.72E-06	-1.16E-05
296	19	0	0	0	0	0	0	232	254	0	-2.00E-05	4.70E-06	-6.05E-06	-1.31E-05
297	0	0	0	0	0	0	0	232	254	0	-2.00E-05	4.70E-06	-6.05E-06	-1.31E-05
297	1	0	0	0	0	0	0	232	254	0	-2.10E-05	3.86E-06	-7.22E-06	-1.33E-05
297	2	0	0	0	0	0	0	232	254	0	-2.10E-05	3.86E-06	-7.22E-06	-1.33E-05
297	3	0	0	0	0	0	0	232	254	0	-2.10E-05	3.87E-06	-7.53E-06	-1.38E-05
297	4	0	0	0	0	0	0	232	254	0	-2.08E-05	5.20E-06	-2.18E-06	-1.36E-05
297	5	0	0	0	0	0	0	232	254	0	-2.08E-05	5.20E-06	-2.18E-06	-1.36E-05
297	6	0	0	0	0	0	0	232	254	0	-2.10E-05	4.70E-06	-2.38E-06	-1.24E-05
297	7	0	0	0	0	0	0	232	254	0	-2.10E-05	4.70E-06	-2.38E-06	-1.24E-05
297	8	0	0	0	0	0	0	232	254	0	-2.16E-05	5.87E-06	-9.57E-06	-1.29E-05
297	9	0	0	0	0	0	0	232	254	0	-2.16E-05	5.87E-06	-9.57E-06	-1.29E-05
297	10	0	0	0	0	0	0	232	254	0	-2.10E-05	5.20E-06	-1.09E-05	-1.38E-05
297	11	0	0	0	0	0	0	232	254	0	-2.10E-05	5.20E-06	-1.09E-05	-1.38E-05
297	12	0	0	0	0	0	0	232	254	0	-2.12E-05	3.70E-06	-1.26E-05	-1.22E-05
297	13	0	0	0	0	0	0	232	254	0	-2.20E-05	4.53E-06	-1.31E-05	-9.56E-06
297	14	0	0	0	0	0	0	232	254	0	-2.20E-05	4.53E-06	-1.31E-05	-9.56E-06
297	15	0	0	0	0	0	0	232	254	0	-2.43E-05	4.19E-06	-6.51E-06	-8.56E-06
297	16	0	0	0	0	0	0	232	254	0	-2.43E-05	4.19E-06	-6.51E-06	-8.56E-06
297	17	0	0	0	0	0	0	232	254	0	-2.47E-05	3.36E-06	8.29E-07	-8.56E-06
297	18	0	0	0	0	0	0	232	254	0	-2.47E-05	3.36E-06	8.29E-07	-8.56E-06
297	19	0	0	0	0	0	0	232	254	0	-2.35E-05	4.53E-06	-1.52E-06	-9.07E-06
298	0	0	0	0	0	0	0	232	254	0	-2.35E-05	4.53E-06	-1.52E-06	-9.07E-06
298	1	0	0	0	0	0	0	232	254	0	-2.30E-05	3.69E-06	-3.03E-06	-1.02E-05
298	2	0	0	0	0	0	0	232	254	0	-2.10E-05	3.69E-06	-4.22E-06	-1.16E-05
298	3	0	0	0	0	0	0	232	254	0	-2.10E-05	3.69E-06	-4.22E-06	-1.16E-05
298	4	0	0	0	0	0	0	232	254	0	-2.00E-05	3.52E-06	-9.07E-06	-1.39E-05
298	5	0	0	0	0	0	0	232	254	0	-2.00E-05	3.52E-06	-9.07E-06	-1.39E-05
298	6	0	0	0	0	0	0	232	254	0	-2.08E-05	3.53E-06	-1.14E-05	-1.49E-05
298	7	0	0	0	0	0	0	232	254	0	-2.08E-05	3.53E-06	-1.14E-05	-1.49E-05
298	8	0	0	0	0	0	0	232	254	0	-2.27E-05	4.70E-06	-4.87E-06	-1.41E-05
298	9	0	0	0	0	0	0	232	254	0	-2.27E-05	4.70E-06	-4.87E-06	-1.41E-05
298	10	0	0	0	0	0	0	232	254	0	-2.30E-05	4.03E-06	-4.56E-06	-1.36E-05
298	11	0	0	0	0	0	0	232	254	0	-2.20E-05	4.54E-06	-1.14E-05	-1.26E-05
298	12	0	0	0	0	0	0	232	254	0	-2.20E-05	4.54E-06	-1.14E-05	-1.26E-05
298	13	0	0	0	0	0	0	232	254	0	-2.23E-05	5.54E-06	-1.36E-05	-1.29E-05
298	14	0	0	0	0	0	0	232	254	0	-2.23E-05	5.54E-06	-1.36E-05	-1.29E-05
298	15	0	0	0	0	0	0	232	254	0	-2.33E-05	6.54E-06	-1.59E-05	-1.36E-05
298	16	0	0	0	0	0	0	232	254	0	-2.33E-05	6.54E-06	-1.59E-05	-1.36E-05
298	17	0	0	0	0	0	0	232	254	0	-2.32E-05	5.87E-06	-1.48E-05	-1.43E-05
298	18	0	0	0	0	0	0	232	254	0	-2.32E-05	5.87E-06	-1.48E-05	-1.43E-05
298	19	0	0	0	0	0	0	232	254	0	-2.45E-05	4.20E-06	-1.09E-05	-1.43E-05
299	0	0	0	0	0	0	0	232	254	0	-2.48E-05	4.21E-06	-8.57E-06	-1.23E-05
299	1	0	0	0	0	0	0	232	254	0	-2.48E-05	4.21E-06	-8.57E-06	-1.23E-05
299	2	0	0	0	0	0	0	232	254	0	-2.43E-05	6.54E-06	-1.11E-05	-1.26E-05
299	3	0	0	0	0	0	0	232	254	0	-2.43E-05	6.54E-06	-1.11E-05	-1.26E-05
299	4	0	0	0	0	0	0	232	254	0	-2.32E-05	6.21E-06	-1.23E-05	-1.29E-05
299	5	0	0	0	0	0	0	232	254	0	-2.32E-05	6.21E-06	-1.23E-05	-1.29E-05
299	6	0	0	0	0	0	0	232	254	0	-2.20E-05	6.55E-06	-1.31E-05	-1.09E-05
299	7	0	0	0	0	0	0	232	254	0	-2.20E-05	6.55E-06	-1.31E-05	-1.09E-05
299	8	0	0	0	0	0	0	232	254	0	-2.10E-05	6.54E-06	-1.26E-05	-1.23E-05
299	9	0	0	0	0	0	0	232	254	0	-2.22E-05	5.54E-06	-6.52E-06	-1.29E-05
299	10	0	0	0	0	0	0	232	254	0	-2.22E-05	5.54E-06	-6.52E-06	-1.29E-05
299	11	0	0	0	0	0	0	232	254	0	-2.08E-05	5.70E-06	-1.03E-06	-1.34E-05
299	12	0	0	0	0	0	0	232	254	0	-2.08E-05	5.70E-06	-1.03E-06	-1.34E-05
299	13	0	0	0	0	0	0	232	254	0	-1.93E-05	4.53E-06	-5.56E-06	-1.44E-05
299	14	0	0	0	0	0	0	232	254	0	-1.93E-05	4.53E-06	-5.56E-06	-1.44E-05
299	15	0	0	0	0	0	0	232	254	0	-1.86E-05	3.53E-06	-9.74E-06	-1.53E-05
299	16	0	0	0	0	0	0	232	254	0	-1.86E-05	3.53E-06	-9.74E-06	-1.53E-05
299	17	0	0	0	0	0	0	232	254	0	-2.03E-05	3.86E-06	-1.02E-05	-1.49E-05
299	18	0	0	0	0	0	0	232	254	0	-2.10E-05	4.53E-06	-8.90E-06	-1.36E-05
299	19	0	0	0	0	0	0	232	254	0	-2.10E-05	4.53E-06	-8.90E-06	-1.36E-05
300	0	0	0	0	0	0	0	232	254	0	-2.06E-05	3.36E-06	-9.24E-06	-1.26E-05
300	1	0	0	0	0	0	0	232	254	0	-2.06E-05	3.36E-06	-9.24E-06	-1.26E-05
300	2	0	0	0	0	0	0	232	254	0	-2.12E-05	3.02E-06	-1.04E-05	-1.23E-05
300	3	0	0	0	0	0	0	232	254	0	-2.12E-05	3.02E-06	-1.04E-05	-1.23E-05
300	4	0	0	0	0	0	0	232	254	0	-2.30E-05	3.53E-06	-1.04E-05	-1.23E-05
300	5	0	0	0	0	0	0	232	254	0	-2.30E-05	3.53E-06	-1.04E-05	-1.23E-05
300	6	0	0	0	0	0	0	232	254	0	-2.37E-05	3.87E-06	-6.19E-06	-1.26E-05
300	7	0	0	0	0	0	0	232	254	0	-2.40E-05	6.88E-06	-2.87E-06	-1.28E-05
300	8	0	0	0	0	0	0	232	254	0	-2.40E-05	6.88E-06	-2.87E-06	-1.28E-05
300	9	0	0	0	0	0	0	232	254	0	-2.45E-05	6.54E-06	-5.56E-06	-1.16E-05
300	10	0	0	0	0	0	0	232	254	0	-2.45E-05	6.54E-06	-5.56E-06	-1.16E-05
300	11	0	0	0	0	0	0	232	254	0	-2.47E-05	5.20E-06	-9.23E-06	-1.23E-05
300	12	0	0	0	0	0	0	232	254	0	-2.47E-05	5.20E-06	-9.23E-06	-1.23E-05
300	13	0	0	0	0	0	0	232	254	0	-2.43E-05	5.20E-06	-9.72E-06	-1.29E-05
300	14	0	0	0	0	0	0	232	254	0	-2.43E-05	5.20E-06	-9.72E-06	-1.29E-05
300	15	0	0	0	0	0	0	232	254	0	-2.30E-05	3.87E-06	-6.55E-06	-1.17E-05
300	16	0	0	0	0	0	0	232	254	0	-2.13E-05	5.88E-06	-7.25E-06	-1.16E-05
300	17	0	0	0	0	0	0	232	254	0	-2.13E-05	5.88E-06	-7.25E-06	-1.16E-05
300	18	0	0	0	0	0	0	232	254	0	-2.13E-05	7.05E-06	-1.33E-05	-1.23E-05
300	19	0	0	0	0	0	0	232	254	0	-2.13E-05	7.05E-06	-1.33E-05	-1.23E-05
301	0	0	0	0	0	0	0	232	254	0	-2.17E-05	6.54E-06	-1.66E-05	-1.23E-05
301	1	0	0	0	0	0	0	232	254	0	-2.17E-05	6.54E-06	-1.66E-05	-1.23E-05
301	2	0	0	0	0	0	0	232	254	0	-2.13E-05	6.21E-06	-1.09E-05	-1.19E-05
301	3	0	0	0	0	0	0	232	254	0	-2.13E-05	6.21E-06	-1.09E-05	-1.19E-05
301	4	0	0	0	0	0	0	232	254	0	-1.90E-05	6.54E-06	-4.18E-06	-1.19E-05
301	5	0	0	0	0	0	0	232	254	0	-1.78E-05	6.20E-06	-1.34E-06	-1.23E-05
301	6	0	0	0	0	0	0	232	254	0	-1.78E-05	6.20E-06	-1.34E-06	-1.23E-05
301	7	0	0	0	0	0	0	232	254	0	-1.93E-05	4.87E-06	-1.51E-06	-1.36E-05
301	8	0	0	0	0	0	0	232	254	0	-1.93E-05	4.87E-06	-1.51E-06	-1.36E-05
301	9	0	0	0	0	0	0	232	254	0	-2.03E-05	5.03E-06	-6.65E-07	-1.43E-05
301	10	0	0	0	0	0	0	232	254	0	-2.03E-05	5.03E-06	-6.65E-07	-1.43E-05
301	11	0	0	0	0	0	0	232	254	0	-2.03E-05	4.36E-06	6.44E-07	-1.44E-05
301	12	0	0	0	0	0	0	232	254	0	-2.03E-05	4.36E-06	6.44E-07	-1.44E-05
301	13	0	0	0	0	0	0	232	254	0	-2.00E-05	2.86E-06	-5.24E-06	-1.36E-05
301	14	0	0	0	0	0	0	232	254	0	-1.96E-05	5.20E-06	-1.26E-05	-1.16E-05
301	15	0	0	0	0	0	0	232	254	0	-1.96E-05	5.20E-06	-1.26E-05	-1.16E-05
301	16	0	0	0	0	0	0	232	254	0	-2.10E-05	5.54E-06	-1.86E-05	-1.24E-05
301	17	0	0	0	0	0	0	232	254	0	-2.10E-05	5.54E-06	-1.86E-05	-1.24E-05
301	18	0	0	0	0	0	0	232	254	0	-2.05E-05	5.04E-06	-1.56E-05	-1.17E-05
301	19	0	0	0	0	0	0	232	254	0	-2.05E-05	5.04E-06	-1.56E-05	-1.17E-05
302	0	0	0	0	0	0	0	232	254	0	-2.12E-05	5.20E-06	-8.39E-06	-1.09E-05
302	1	0	0	0	0	0	0	232	254	0	-2.12E-05	5.20E-06	-8.39E-06	-1.09E-05
302	2	0	0	0	0	0	0	232	254	0	-2.17E-05	5.21E-06	-8.73E-06	-1.28E-05
302	3	0	0	0	0	0	0	232	254	0	-2.25E-05	7.22E-06	-9.56E-06	-1.24E-05
302	4	0	0	0	0	0	0	232	254	0	-2.25E-05	7.22E-06	-9.56E-06	-1.24E-05
302	5	0	0	0	0	0	0	232	254	0	-2.18E-05	6.87E-06	-7.24E-06	-1.02E-05
302	6	0	0	0	0	0	0	232	254	0	-2.18E-05	6.87E-06	-7.24E-06	-1.02E-05
302	7	0	0	0	0	0	0	232	254	0	-2.18E-05	4.87E-06	-1.18E-05	-1.14E-05
302	8	0	0	0	0	0	0	232	254	0	-2.18E-05	4.87E-06	-1.18E-05	-1.14E-05
302	9	0	0	0	0	0	0	232	254	0	-2.23E-05	5.04E-06	-1.58E-05	-1.39E-05
302	10	0	0	0	0	0	0	232	254	0	-2.23E-05	5.04E-06	-1.58E-05	-1.39E-05
302	11	0	0	0	0	0	0	232	254	0	-2.06E-05	5.37E-06	-1.43E-05	-1.36E-05
302	12	0	0	0	0	0	0	232	254	0	-2.05E-05	5.04E-06	-1.39E-05	-1.31E-05
302	13	0	0	0	0	0	0	232	254	0	-2.05E-05	5.04E-06	-1.39E-05	-1.31E-05
302	14	0	0	0	0	0	0	232	254	0	-2.06E-05	5.87E-06	-1.29E-05	-1.16E-05
302	15	0	0	0	0	0	0	232	254	0	-2.06E-05	5.87E-06	-1.29E-05	-1.16E-05
302	16	0	0	0	0	0	0	232	254	0	-1.96E-05	5.20E-06	-1.16E-05	-1.23E-05
302	17	0	0	0	0	0	0	232	254	0	-1.96E-05	5.20E-06	-1.16E-05	-1.23E-05
302	18	0	0	0	0	0	0	232	254	0	-1.98E-05	4.20E-06	-1.22E-05	-1.36E-05
302	19	0	0	0	0	0	0	232	254	0	-1.98E-05	4.20E-06	-1.22E-05	-1.36E-05
303	0	0	0	0	0	0	0	232	254	0	-1.93E-05	4.53E-06	-1.16E-05	-1.31E-05
303	1	0	0	0	0	0	0	232	254	0	-2.03E-05	4.20E-06	-1.02E-05	-1.28E-05
303	2	0	0	0	0	0	0	232	254	0	-2.03E-05	4.20E-06	-1.02E-05	-1.28E-05
303	3	0	0	0	0	0	0	232	254	0	-2.03E-05	5.20E-06	-6.38E-06	-1.26E-05
303	4	0	0	0	0	0	0	232	254	0	-2.03E-05	5.20E-06	-6.38E-06	-1.26E-05
303	5	0	0	0	0	0	0	232	254	0	-1.98E-05	5.21E-06	-6.57E-06	-1.23E-05
303	6	0	0	0	0	0	0	232	254	0	-1.98E-05	5.21E-06	-6.57E-06	-1.23E-05
303	7	0	0	0	0	0	0	232	254	0	-2.03E-05	5.87E-06	-1.06E-05	-1.29E-05
303	8	0	0	0	0	0	0	232	254	0	-2.03E-05	5.87E-06	-1.06E-05	-1.29E-05
303	9	0	0	0	0	0	0	232	254	0	-2.08E-05	4.86E-06	-1.22E-05	-1.43E-05
303	10	0	0	0	0	0	0	232	254	0	-2.11E-05	4.20E-06	-1.09E-05	-1.36E-05
303	11	0	0	0	0	0	0	232	254	0	-2.11E-05	4.20E-06	-1.09E-05	-1.36E-05
303	12	0	0	0	0	0	0	232	254	0	-2.03E-05	4.70E-06	-7.71E-06	-1.11E-05
303	13	0	0	0	0	0	0	232	254	0	-2.03E-05	4.70E-06	-7.71E-06	-1.11E-05
303	14	0	0	0	0	0	0	232	254	0	-2.07E-05	4.19E-06	-5.86E-06	-9.40E-06
303	15	0	0	0	0	0	0	232	254	0	-2.07E-05	4.19E-06	-5.86E-06	-9.40E-06
303	16	0	0	0	0	0	0	232	254	0	-2.33E-05	3.52E-06	-1.85E-06	-8.90E-06
303	17	0	0	0	0	0	0	232	254	0	-2.33E-05	3.52E-06	-1.85E-06	-8.90E-06
303	18	0	0	0	0	0	0	232	254	0	-2.33E-05	3.53E-06	-2.90E-06	-8.91E-06
303	19	0	0	0	0	0	0	232	254	0	-2.20E-05	4.20E-06	-1.23E-05	-1.09E-05
304	0	0	0	0	0	0	0	232	254	0	-2.20E-05	4.20E-06	-1.23E-05	-1.09E-05
304	1	0	0	0	0	0	0	232	254	0	-2.33E-05	4.53E-06	-1.49E-05	-1.24E-05
304	2	0	0	0	0	0	0	232	254	0	-2.33E-05	4.53E-06	-1.49E-05	-1.24E-05
304	3	0	0	0	0	0	0	232	254	0	-2.33E-05	3.86E-06	-1.63E-05	-1.29E-05
304	4	0	0	0	0	0	0	232	254	0	-2.33E-05	3.86E-06	-1.63E-05	-1.29E-05
304	5	0	0	0	0	0	0	232	254	0	-2.27E-05	3.19E-06	-1.68E-05	-1.31E-05
304	6	0	0	0	0	0	0	232	254	0	-2.27E-05	3.19E-06	-1.68E-05	-1.31E-05
304	7	0	0	0	0	0	0	232	254	0	-2.13E-05	3.03E-06	-1.34E-05	-1.26E-05
304	8	0	0	0	0	0	0	232	254	0	-2.11E-05	4.03E-06	-9.21E-06	-1.29E-05
304	9	0	0	0	0	0	0	232	254	0	-2.11E-05	4.03E-06	-9.21E-06	-1.29E-05
304	10	0	0	0	0	0	0	232	254	0	-2.10E-05	5.20E-06	-5.03E-06	-1.31E-05
304	11	0	0	0	0	0	0	232	254	0	-2.10E-05	5.20E-06	-5.03E-06	-1.31E-05
304	12	0	0	0	0	0	0	232	254	0	-2.07E-05	3.52E-06	-2.87E-06	-1.12E-05
304	13	0	0	0	0	0	0	232	254	0	-2.07E-05	3.52E-06	-2.87E-06	-1.12E-05
304	14	0	0	0	0	0	0	232	254	0	-2.17E-05	3.36E-06	-6.90E-06	-1.06E-05
304	15	0	0	0	0	0	0	232	254	0	-2.17E-05	3.36E-06	-6.90E-06	-1.06E-05
304	16	0	0	0	0	0	0	232	254	0	-2.23E-05	3.87E-06	-9.90E-06	-1.22E-05
304	17	0	0	0	0	0	0	232	254	0	-2.22E-05	5.87E-06	-8.55E-06	-1.02E-05
304	18	0	0	0	0	0	0	232	254	0	-2.22E-05	5.87E-06	-8.55E-06	-1.02E-05
304	19	0	0	0	0	0	0	232	254	0	-2.17E-05	4.87E-06	-7.20E-06	-1.11E-05
305	0	0	0	0	0	0	0	232	254	0	-2.17E-05	4.87E-06	-7.20E-06	-1.11E-05
305	1	0	0	0	0	0	0	232	254	0	-2.20E-05	4.36E-06	-4.52E-06	-1.09E-05
305	2	0	0	0	0	0	0	232	254	0	-2.20E-05	4.36E-06	-4.52E-06	-1.09E-05
305	3	0	0	0	0	0	0	232	254	0	-2.17E-05	4.53E-06	-2.54E-06	-1.04E-05
305	4	0	0	0	0	0	0	232	254	0	-2.17E-05	4.53E-06	-2.54E-06	-1.04E-05
305	5	0	0	0	0	0	0	232	254	0	-2.15E-05	3.52E-06	-7.24E-06	-1.12E-05
305	6	0	0	0	0	0	0	232	254	0	-2.17E-05	3.52E-06	-1.24E-05	-1.09E-05
305	7	0	0	0	0	0	0	232	254	0	-2.17E-05	3.52E-06	-1.24E-05	-1.09E-05
305	8	0	0	0	0	0	0	232	254	0	-2.23E-05	3.52E-06	-1.26E-05	-1.36E-05
305	9	0	0	0	0	0	0	232	254	0	-2.23E-05	3.52E-06	-1.26E-05	-1.36E-05
305	10	0	0	0	0	0	0	232	254	0	-2.37E-05	2.68E-06	-1.53E-05	-1.51E-05
305	11	0	0	0	0	0	0	232	254	0	-2.37E-05	2.68E-06	-1.53E-05	-1.51E-05
305	12	0	0	0	0	0	0	232	254	0	-2.33E-05	2.18E-06	-1.63E-05	-1.36E-05
305	13	0	0	0	0	0	0	232	254	0	-2.33E-05	2.18E-06	-1.63E-05	-1.36E-05
305	14	0	0	0	0	0	0	232	254	0	-2.26E-05	1.86E-06	-1.39E-05	-1.43E-05
305	15	0	0	0	0	0	0	232	254	0	-2.05E-05	4.20E-06	-1.02E-05	-1.34E-05
305	16	0	0	0	0	0	0	232	254	0	-2.05E-05	4.20E-06	-1.02E-05	-1.34E-05
305	17	0	0	0	0	0	0	232	254	0	-1.86E-05	5.54E-06	-9.57E-06	-1.53E-05
305	18	0	0	0	0	0	0	232	254	0	-1.86E-05	5.54E-06	-9.57E-06	-1.53E-05
305	19	0	0	0	0	0	0	232	254	0	-1.85E-05	5.20E-06	-9.55E-06	-1.51E-05
306	0	0	0	0	0	0	0	232	254	0	-1.85E-05	5.20E-06	-9.55E-06	-1.51E-05
306	1	0	0	0	0	0	0	232	254	0	-2.00E-05	5.20E-06	-5.87E-06	-1.36E-05
306	2	0	0	0	0	0	0	232	254	0	-2.00E-05	5.20E-06	-5.87E-06	-1.36E-05
306	3	0	0	0	0	0	0	232	254	0	-2.16E-05	4.37E-06	-4.36E-06	-1.43E-05
306	4	0	0	0	0	0	0	232	254	0	-2.08E-05	4.86E-06	-4.20E-06	-1.36E-05
306	5	0	0	0	0	0	0	232	254	0	-2.08E-05	4.86E-06	-4.20E-06	-1.36E-05
306	6	0	0	0	0	0	0	232	254	0	-2.03E-05	3.86E-06	-5.71E-06	-1.31E-05
306	7	0	0	0	0	0	0	232	254	0	-2.03E-05	3.86E-06	-5.71E-06	-1.31E-05
306	8	0	0	0	0	0	0	232	254	0	-2.08E-05	3.19E-06	-6.04E-06	-1.46E-05
306	9	0	0	0	0	0	0	232	254	0	-2.08E-05	3.19E-06	-6.04E-06	-1.46E-05
306	10	0	0	0	0	0	0	232	254	0	-2.13E-05	3.53E-06	-6.04E-06	-1.49E-05
306	11	0	0	0	0	0	0	232	254	0	-2.13E-05	3.53E-06	-6.04E-06	-1.49E-05
306	12	0	0	0	0	0	0	232	254	0	-2.13E-05	4.21E-06	-5.88E-06	-1.33E-05
306	13	0	0	0	0	0	0	232	254	0	-2.03E-05	6.21E-06	-6.88E-06	-1.29E-05
306	14	0	0	0	0	0	0	232	254	0	-2.03E-05	6.21E-06	-6.88E-06	-1.29E-05
306	15	0	0	0	0	0	0	232	254	0	-2.00E-05	5.87E-06	-6.88E-06	-1.33E-05
306	16	0	0	0	0	0	0	232	254	0	-2.00E-05	5.87E-06	-6.88E-06	-1.33E-05
306	17	0	0	0	0	0	0	232	254	0	-1.91E-05	5.53E-06	-6.89E-06	-1.36E-05
306	18	0	0	0	0	0	0	232	254	0	-1.91E-05	5.53E-06	-6.89E-06	-1.36E-05
306	19	0	0	0	0	0	0	232	254	0	-2.05E-05	3.87E-06	-9.06E-06	-1.38E-05
307	0	0	0	0	0	0	0	232	254	0	-2.05E-05	3.87E-06	-9.06E-06	-1.38E-05
307	1	0	0	0	0	0	0	232	254	0	-2.18E-05	5.71E-06	-8.22E-06	-1.44E-05
307	2	0	0	0	0	0	0	232	254	0	-2.10E-05	6.22E-06	-8.23E-06	-1.38E-05
307	3	0	0	0	0	0	0	232	254	0	-2.10E-05	6.22E-06	-8.23E-06	-1.38E-05
307	4	0	0	0	0	0	0	232	254	0	-1.98E-05	7.22E-06	-9.24E-06	-1.28E-05
307	5	0	0	0	0	0	0	232	254	0	-1.98E-05	7.22E-06	-9.24E-06	-1.28E-05
307	6	0	0	0	0	0	0	232	254	0	-2.03E-05	7.54E-06	-1.02E-05	-1.49E-05
307	7	0	0	0	0	0	0	232	254	0	-2.03E-05	7.54E-06	-1.02E-05	-1.49E-05
307	8	0	0	0	0	0	0	232	254	0	-2.03E-05	5.87E-06	-1.09E-05	-1.48E-05
307	9	0	0	0	0	0	0	232	254	0	-2.03E-05	5.87E-06	-1.09E-05	-1.48E-05
307	10	0	0	0	0	0	0	232	254	0	-2.13E-05	4.88E-06	-9.56E-06	-1.46E-05
307	11	0	0	0	0	0	0	232	254	0	-2.00E-05	6.54E-06	-8.90E-06	-1.36E-05
307	12	0	0	0	0	0	0	232	254	0	-2.00E-05	6.54E-06	-8.90E-06	-1.36E-05
307	13	0	0	0	0	0	0	232	254	0	-2.08E-05	5.70E-06	-9.40E-06	-1.29E-05
307	14	0	0	0	0	0	0	232	254	0	-2.08E-05	5.70E-06	-9.40E-06	-1.29E-05
307	15	0	0	0	0	0	0	232	254	0	-2.15E-05	4.53E-06	-9.56E-06	-1.24E-05
307	16	0	0	0	0	0	0	232	254	0	-2.15E-05	4.53E-06	-9.56E-06	-1.24E-05
307	17	0	0	0	0	0	0	232	254	0	-2.03E-05	4.53E-06	-8.89E-06	-1.22E-05
307	18	0	0	0	0	0	0	232	254	0	-2.03E-05	4.53E-06	-8.89E-06	-1.22E-05
307	19	0	0	0	0	0	0	232	254	0	-2.20E-05	4.37E-06	-7.89E-06	-1.06E-05
308	0	0	0	0	0	0	0	232	254	0	-2.23E-05	5.54E-06	-7.22E-06	-1.09E-05
308	1	0	0	0	0	0	0	232	254	0	-2.23E-05	5.54E-06	-7.22E-06	-1.09E-05
308	2	0	0	0	0	0	0	232	254	0	-2.27E-05	6.20E-06	-8.74E-06	-1.14E-05
308	3	0	0	0	0	0	0	232	254	0	-2.27E-05	6.20E-06	-8.74E-06	-1.14E-05
308	4	0	0	0	0	0	0	232	254	0	-2.23E-05	4.20E-06	-1.06E-05	-1.06E-05
308	5	0	0	0	0	0	0	232	254	0	-2.23E-05	4.20E-06	-1.06E-05	-1.06E-05
308	6	0	0	0	0	0	0	232	254	0	-2.05E-05	4.86E-06	-1.02E-05	-8.91E-06
308	7	0	0	0	0	0	0	232	254	0	-2.05E-05	4.86E-06	-1.02E-05	-8.91E-06
308	8	0	0	0	0	0	0	232	254	0	-2.08E-05	3.53E-06	-9.23E-06	-1.13E-05
308	9	0	0	0	0	0	0	232	254	0	-2.03E-05	3.86E-06	-9.58E-06	-1.23E-05
308	10	0	0	0	0	0	0	232	254	0	-2.03E-05	3.86E-06	-9.58E-06	-1.23E-05
308	11	0	0	0	0	0	0	232	254	0	-2.06E-05	4.70E-06	-1.26E-05	-1.23E-05
308	12	0	0	0	0	0	0	232	254	0	-2.06E-05	4.70E-06	-1.26E-05	-1.23E-05
308	13	0	0	0	0	0	0	232	254	0	-2.06E-05	3.87E-06	-1.63E-05	-1.22E-05
308	14	0	0	0	0	0	0	232	254	0	-2.06E-05	3.87E-06	-1.63E-05	-1.22E-05
308	15	0	0	0	0	0	0	232	254	0	-2.03E-05	4.87E-06	-1.76E-05	-1.11E-05
308	16	0	0	0	0	0	0	232	254	0	-2.03E-05	4.87E-06	-1.76E-05	-1.11E-05
308	17	0	0	0	0	0	0	232	254	0	-2.22E-05	5.53E-06	-1.63E-05	-1.02E-05
308	18	0	0	0	0	0	0	232	254	0	-2.38E-05	3.70E-06	-1.44E-05	-1.04E-05
308	19	0	0	0	0	0	0	232	254	0	-2.38E-05	3.70E-06	-1.44E-05	-1.04E-05
309	0	0	0	0	0	0	0	232	254	0	-2.47E-05	4.87E-06	-1.22E-05	-1.16E-05
309	1	0	0	0	0	0	0	232	254	0	-2.47E-05	4.87E-06	-1.22E-05	-1.16E-05
309	2	0	0	0	0	0	0	232	254	0	-2.43E-05	5.53E-06	-8.88E-06	-1.12E-05
309	3	0	0	0	0	0	0	232	254	0	-2.43E-05	5.53E-06	-8.88E-06	-1.12E-05
309	4	0	0	0	0	0	0	232	254	0	-2.43E-05	4.19E-06	-6.35E-06	-1.19E-05
309	5	0	0	0	0	0	0	232	254	0	-2.43E-05	4.19E-06	-6.35E-06	-1.19E-05
309	6	0	0	0	0	0	0	232	254	0	-2.57E-05	3.86E-06	-1.16E-06	-1.21E-05
309	7	0	0	0	0	0	0	232	254	0	-2.57E-05	4.53E-06	1.84E-06	-1.23E-05
309	8	0	0	0	0	0	0	232	254	0	-2.57E-05	4.53E-06	1.84E-06	-1.23E-05
309	9	0	0	0	0	0	0	232	254	0	-2.52E-05	4.20E-06	1.14E-06	-1.23E-05
309	10	0	0	0	0	0	0	232	254	0	-2.52E-05	4.20E-06	1.14E-06	-1.23E-05
309	11	0	0	0	0	0	0	232	254	0	-2.30E-05	4.36E-06	-5.55E-06	-1.23E-05
309	12	0	0	0	0	0	0	232	254	0	-2.30E-05	4.36E-06	-5.55E-06	-1.23E-05
309	13	0	0	0	0	0	0	232	254	0	-2.17E-05	4.36E-06	-8.22E-06	-1.22E-05
309	14	0	0	0	0	0	0	232	254	0	-2.17E-05	4.36E-06	-8.22E-06	-1.22E-05
309	15	0	0	0	0	0	0	232	254	0	-2.15E-05	2.86E-06	-8.06E-06	-1.11E-05
309	16	0	0	0	0	0	0	232	254	0	-2.03E-05	3.87E-06	-8.23E-06	-1.09E-05
309	17	0	0	0	0	0	0	232	254	0	-2.03E-05	3.87E-06	-8.23E-06	-1.09E-05
309	18	0	0	0	0	0	0	232	254	0	-2.03E-05	5.03E-06	-8.57E-06	-1.24E-05
309	19	0	0	0	0	0	0	232	254	0	-2.03E-05	5.03E-06	-8.57E-06	-1.24E-05
310	0	0	0	0	0	0	0	232	254	0	-2.27E-05	4.19E-06	-9.57E-06	-1.36E-05
310	1	0	0	0	0	0	0	232	254	0	-2.27E-05	4.19E-06	-9.57E-06	-1.36E-05
310	2	0	0	0	0	0	0	232	254	0	-2.36E-05	3.87E-06	-1.06E-05	-1.36E-05
310	3	0	0	0	0	0	0	232	254	0	-2.36E-05	3.87E-06	-1.06E-05	-1.36E-05
310	4	0	0	0	0	0	0	232	254	0	-1.96E-05	4.87E-06	-1.04E-05	-1.29E-05
310	5	0	0	0	0	0	0	232	254	0	-1.86E-05	4.87E-06	-9.57E-06	-1.22E-05
310	6	0	0	0	0	0	0	232	254	0	-1.86E-05	4.87E-06	-9.57E-06	-1.22E-05
310	7	0	0	0	0	0	0	232	254	0	-1.80E-05	6.04E-06	-9.57E-06	-1.09E-05
310	8	0	0	0	0	0	0	232	254	0	-1.80E-05	6.04E-06	-9.57E-06	-1.09E-05
310	9	0	0	0	0	0	0	232	254	0	-1.63E-05	6.21E-06	-1.01E-05	-1.19E-05
310	10	0	0	0	0	0	0	232	254	0	-1.63E-05	6.21E-06	-1.01E-05	-1.19E-05
310	11	0	0	0	0	0	0	232	254	0	-1.70E-05	5.71E-06	-1.09E-05	-1.16E-05
310	12	0	0	0	0	0	0	232	254	0	-1.70E-05	5.71E-06	-1.09E-05	-1.16E-05
310	13	0	0	0	0	0	0	232	254	0	-1.90E-05	6.38E-06	-1.09E-05	-1.24E-05
310	14	0	0	0	0	0	0	232	254	0	-1.85E-05	6.21E-06	-1.04E-05	-1.29E-05
310	15	0	0	0	0	0	0	232	254	0	-1.85E-05	6.21E-06	-1.04E-05	-1.29E-05
310	16	0	0	0	0	0	0	232	254	0	-1.90E-05	6.03E-06	-7.88E-06	-1.16E-05
310	17	0	0	0	0	0	0	232	254	0	-1.90E-05	6.03E-06	-7.88E-06	-1.16E-05
310	18	0	0	0	0	0	0	232	254	0	-1.68E-05	3.86E-06	-6.89E-06	-1.09E-05
310	19	0	0	0	0	0	0	232	254	0	-1.68E-05	3.86E-06	-6.89E-06	-1.09E-05
311	0	0	0	0	0	0	0	232	254	0	-1.66E-05	3.02E-06	-8.90E-06	-9.90E-06
311	1	0	0	0	0	0	0	232	254	0	-1.66E-05	3.02E-06	-8.90E-06	-9.90E-06
311	2	0	0	0	0	0	0	232	254	0	-1.83E-05	3.35E-06	-9.23E-06	-1.02E-05
311	3	0	0	0	0	0	0	232	254	0	-1.96E-05	1.18E-06	-9.08E-06	-1.06E-05
311	4	0	0	0	0	0	0	232	254	0	-1.96E-05	1.18E-06	-9.08E-06	-1.06E-05
311	5	0	0	0	0	0	0	232	254	0	-2.12E-05	1.68E-06	-1.16E-05	-1.12E-05
311	6	0	0	0	0	0	0	232	254	0	-2.12E-05	1.68E-06	-1.16E-05	-1.12E-05
311	7	0	0	0	0	0	0	232	254	0	-2.32E-05	2.19E-06	-1.33E-05	-1.12E-05
311	8	0	0	0	0	0	0	232	254	0	-2.32E-05	2.19E-06	-1.33E-05	-1.12E-05
311	9	0	0	0	0	0	0	232	254	0	-2.43E-05	4.54E-06	-1.22E-05	-1.09E-05
311	10	0	0	0	0	0	0	232	254	0	-2.43E-05	4.54E-06	-1.22E-05	-1.09E-05
311	11	0	0	0	0	0	0	232	254	0	-2.40E-05	5.20E-06	-1.11E-05	-1.16E-05
311	12	0	0	0	0	0	0	232	254	0	-2.25E-05	4.86E-06	-1.24E-05	-1.12E-05
311	13	0	0	0	0	0	0	232	254	0	-2.25E-05	4.86E-06	-1.24E-05	-1.12E-05
311	14	0	0	0	0	0	0	232	254	0	-2.17E-05	3.87E-06	-1.17E-05	-1.17E-05
311	15	0	0	0	0	0	0	232	254	0	-2.17E-05	3.87E-06	-1.17E-05	-1.17E-05
311	16	0	0	0	0	0	0	232	254	0	-2.23E-05	5.89E-06	-1.09E-05	-1.13E-05
311	17	0	0	0	0	0	0	232	254	0	-2.23E-05	5.89E-06	-1.09E-05	-1.13E-05
311	18	0	0	0	0	0	0	232	254	0	-2.45E-05	9.07E-06	-9.21E-06	-1.24E-05
311	19	0	0	0	0	0	0	232	254	0	-2.45E-05	9.07E-06	-9.21E-06	-1.24E-05
312	0	0	0	0	0	0	0	232	254	0	-2.30E-05	9.57E-06	-5.86E-06	-1.29E-05
312	1	0	0	0	0	0	0	232	254	0	-2.20E-05	9.57E-06	-3.86E-06	-1.13E-05
312	2	0	0	0	0	0	0	232	254	0	-2.20E-05	9.57E-06	-3.86E-06	-1.13E-05
312	3	0	0	0	0	0	0	232	254	0	-2.06E-05	9.22E-06	-3.87E-06	-1.29E-05
312	4	0	0	0	0	0	0	232	254	0	-2.06E-05	9.22E-06	-3.87E-06	-1.29E-05
312	5	0	0	0	0	0	0	232	254	0	-1.83E-05	7.89E-06	-6.39E-06	-1.49E-05
312	6	0	0	0	0	0	0	232	254	0	-1.83E-05	7.89E-06	-6.39E-06	-1.49E-05
312	7	0	0	0	0	0	0	232	254	0	-1.53E-05	8.39E-06	-8.39E-06	-1.56E-05
312	8	0	0	0	0	0	0	232	254	0	-1.53E-05	8.39E-06	-8.39E-06	-1.56E-05
312	9	0	0	0	0	0	0	232	254	0	-1.63E-05	7.89E-06	-7.89E-06	-1.49E-05
312	10	0	0	0	0	0	0	232	254	0	-1.63E-05	7.22E-06	-8.38E-06	-1.53E-05
312	11	0	0	0	0	0	0	232	254	0	-1.63E-05	7.22E-06	-8.38E-06	-1.53E-05
312	12	0	0	0	0	0	0	232	254	0	-1.23E-05	7.55E-06	-6.55E-06	-1.49E-05
312	13	0	0	0	0	0	0	232	254	0	-1.23E-05	7.55E-06	-6.55E-06	-1.49E-05
312	14	0	0	0	0	0	0	232	254	0	-1.26E-05	7.21E-06	-6.91E-06	-1.39E-05
312	15	0	0	0	0	0	0	232	254	0	-1.26E-05	7.21E-06	-6.91E-06	-1.39E-05
312	16	0	0	0	0	0	0	232	254	0	-1.43E-05	6.04E-06	-1.24E-05	-1.49E-05
312	17	0	0	0	0	0	0	232	254	0	-1.43E-05	6.04E-06	-1.24E-05	-1.49E-05
312	18	0	0	0	0	0	0	232	254	0	-1.71E-05	5.87E-06	-1.19E-05	-1.43E-05
312	19	0	0	0	0	0	0	232	254	0	-1.80E-05	5.20E-06	-1.12E-05	-1.36E-05
313	0	0	0	0	0	0	0	232	254	0	-1.80E-05	5.20E-06	-1.12E-05	-1.36E-05
313	1	0	0	0	0	0	0	232	254	0	-1.97E-05	4.86E-06	-1.17E-05	-1.49E-05
313	2	0	0	0	0	0	0	232	254	0	-1.97E-05	4.86E-06	-1.17E-05	-1.49E-05
313	3	0	0	0	0	0	0	232	254	0	-2.22E-05	3.19E-06	-9.53E-06	-1.39E-05
313	4	0	0	0	0	0	0	232	254	0	-2.22E-05	3.19E-06	-9.53E-06	-1.39E-05
313	5	0	0	0	0	0	0	232	254	0	-2.30E-05	2.51E-06	-3.19E-06	-1.13E-05
313	6	0	0	0	0	0	0	232	254	0	-2.30E-05	2.51E-06	-3.19E-06	-1.13E-05
313	7	0	0	0	0	0	0	232	254	0	-2.23E-05	1.17E-06	-3.57E-06	-1.26E-05
313	8	0	0	0	0	0	0	232	254	0	-2.10E-05	8.43E-07	-1.16E-05	-1.19E-05
313	9	0	0	0	0	0	0	232	254	0	-2.10E-05	8.43E-07	-1.16E-05	-1.19E-05
313	10	0	0	0	0	0	0	232	254	0	-2.25E-05	1.51E-06	-7.55E-06	-1.12E-05
313	11	0	0	0	0	0	0	232	254	0	-2.25E-05	1.51E-06	-7.55E-06	-1.12E-05
313	12	0	0	0	0	0	0	232	254	0	-2.13E-05	1.50E-06	-6.23E-06	-1.12E-05
313	13	0	0	0	0	0	0	232	254	0	-2.13E-05	1.50E-06	-6.23E-06	-1.12E-05
313	14	0	0	0	0	0	0	232	254	0	-1.98E-05	-1.64E-07	-9.22E-06	-1.16E-05
313	15	0	0	0	0	0	0	232	254	0	-1.98E-05	-1.64E-07	-9.22E-06	-1.16E-05
313	16	0	0	0	0	0	0	232	254	0	-2.23E-05	5.07E-07	-7.72E-06	-1.19E-05
313	17	0	0	0	0	0	0	232	254	0	-2.38E-05	1.17E-06	-7.74E-06	-1.14E-05
313	18	0	0	0	0	0	0	232	254	0	-2.38E-05	1.17E-06	-7.74E-06	-1.14E-05
313	19	0	0	0	0	0	0	232	254	0	-2.37E-05	1.17E-06	-1.06E-05	-1.36E-05
314	0	0	0	0	0	0	0	232	254	0	-2.37E-05	1.17E-06	-1.06E-05	-1.36E-05
314	1	0	0	0	0	0	0	232	254	0	-2.37E-05	5.11E-07	-9.74E-06	-1.38E-05
314	2	0	0	0	0	0	0	232	254	0	-2.37E-05	5.11E-07	-9.74E-06	-1.38E-05
314	3	0	0	0	0	0	0	232	254	0	-2.43E-05	1.85E-06	-1.03E-05	-1.16E-05
314	4	0	0	0	0	0	0	232	254	0	-2.43E-05	1.85E-06	-1.03E-05	-1.16E-05
314	5	0	0	0	0	0	0	232	254	0	-2.47E-05	2.18E-06	-1.33E-05	-1.16E-05
314	6	0	0	0	0	0	0	232	254	0	-2.37E-05	2.18E-06	-1.46E-05	-1.19E-05
314	7	0	0	0	0	0	0	232	254	0	-2.37E-05	2.18E-06	-1.46E-05	-1.19E-05
314	8	0	0	0	0	0	0	232	254	0	-2.61E-05	1.85E-06	-1.19E-05	-1.29E-05
314	9	0	0	0	0	0	0	232	254	0	-2.61E-05	1.85E-06	-1.19E-05	-1.29E-05
314	10	0	0	0	0	0	0	232	254	0	-3.24E-05	2.53E-06	-1.33E-05	-1.51E-05
314	11	0	0	0	0	0	0	232	254	0	-3.24E-05	2.53E-06	-1.33E-05	-1.51E-05
314	12	0	0	0	0	0	0	232	254	0	-3.54E-05	4.89E-06	-1.80E-05	-1.56E-05
314	13	0	0	0	0	0	0	232	254	0	-3.54E-05	4.89E-06	-1.80E-05	-1.56E-05
314	14	0	0	0	0	0	0	232	254	0	-3.51E-05	9.06E-06	-1.76E-05	-1.59E-05
314	15	0	0	0	0	0	0	232	254	0	-3.14E-05	9.06E-06	-1.16E-05	-1.43E-05
314	16	0	0	0	0	0	0	232	254	0	-3.14E-05	9.06E-06	-1.16E-05	-1.43E-05
314	17	0	0	0	0	0	0	232	254	0	-2.43E-05	7.88E-06	-8.56E-06	-1.36E-05
314	18	0	0	0	0	0	0	232	254	0	-2.43E-05	7.88E-06	-8.56E-06	-1.36E-05
314	19	0	0	0	0	0	0	232	254	0	-2.06E-05	6.54E-06	-8.56E-06	-1.29E-05
315	0	0	0	0	0	0	0	232	254	0	-2.06E-05	6.54E-06	-8.56E-06	-1.29E-05
315	1	0	0	0	0	0	0	232	254	0	-1.66E-05	5.20E-06	-8.22E-06	-1.12E-05
315	2	0	0	0	0	0	0	232	254	0	-1.66E-05	5.20E-06	-8.22E-06	-1.12E-05
315	3	0	0	0	0	0	0	232	254	0	-1.50E-05	4.37E-06	-7.22E-06	-1.06E-05
315	4	0	0	0	0	0	0	232	254	0	-1.73E-05	5.20E-06	-6.88E-06	-1.09E-05
315	5	0	0	0	0	0	0	232	254	0	-1.73E-05	5.20E-06	-6.88E-06	-1.09E-05
315	6	0	0	0	0	0	0	232	254	0	-1.26E-05	4.70E-06	-6.88E-06	-9.40E-06
315	7	0	0	0	0	0	0	232	254	0	-1.26E-05	4.70E-06	-6.88E-06	-9.40E-06
315	8	0	0	0	0	0	0	232	254	0	-8.56E-06	5.19E-06	-6.88E-06	-9.57E-06
315	9	0	0	0	0	0	0	232	254	0	-8.56E-06	5.19E-06	-6.88E-06	-9.57E-06
315	10	0	0	0	0	0	0	232	254	0	-8.91E-06	3.17E-06	-6.89E-06	-1.09E-05
315	11	0	0	0	0	0	0	232	254	0	-8.91E-06	3.17E-06	-6.89E-06	-1.09E-05
315	12	0	0	0	0	0	0	232	254	0	-1.11E-05	-1.73E-07	-7.89E-06	-1.19E-05
315	13	0	0	0	0	0	0	232	254	0	-1.36E-05	-1.16E-06	-8.40E-06	-1.29E-05
315	14	0	0	0	0	0	0	232	254	0	-1.36E-05	-1.16E-06	-8.40E-06	-1.29E-05
315	15	0	0	0	0	0	0	232	254	0	-2.10E-05	2.02E-06	-8.90E-06	-1.26E-05
315	16	0	0	0	0	0	0	232	254	0	-2.10E-05	2.02E-06	-8.90E-06	-1.26E-05
315	17	0	0	0	0	0	0	232	254	0	-2.43E-05	3.87E-06	-9.90E-06	-1.17E-05
315	18	0	0	0	0	0	0	232	254	0	-2.43E-05	3.87E-06	-9.90E-06	-1.17E-05
315	19	0	0	0	0	0	0	232	254	0	-2.20E-05	5.54E-06	-8.89E-06	-1.14E-05
316	0	0	0	0	0	0	0	232	254	0	-2.20E-05	5.54E-06	-8.89E-06	-1.14E-05
316	1	0	0	0	0	0	0	232	254	0	-2.20E-05	5.72E-06	-8.23E-06	-1.12E-05
316	2	0	0	0	0	0	0	232	254	0	-2.50E-05	7.92E-06	-8.89E-06	-1.07E-05
316	3	0	0	0	0	0	0	232	254	0	-2.50E-05	7.92E-06	-8.89E-06	-1.07E-05
316	4	0	0	0	0	0	0	232	254	0	-3.09E-05	1.33E-05	-7.55E-06	-1.02E-05
316	5	0	0	0	0	0	0	232	254	0	-3.09E-05	1.33E-05	-7.55E-06	-1.02E-05
316	6	0	0	0	0	0	0	232	254	0	-2.77E-05	1.14E-05	-7.39E-06	-1.11E-05
316	7	0	0	0	0	0	0	232	254	0	-2.77E-05	1.14E-05	-7.39E-06	-1.11E-05
316	8	0	0	0	0	0	0	232	254	0	-2.00E-05	7.71E-06	-8.89E-06	-1.24E-05
316	9	0	0	0	0	0	0	232	254	0	-2.00E-05	7.71E-06	-8.89E-06	-1.24E-05
316	10	0	0	0	0	0	0	232	254	0	-1.86E-05	6.54E-06	-7.72E-06	-1.24E-05
316	11	0	0	0	0	0	0	232	254	0	-1.88E-05	5.53E-06	-6.88E-06	-1.16E-05
316	12	0	0	0	0	0	0	232	254	0	-1.88E-05	5.53E-06	-6.88E-06	-1.16E-05
316	13	0	0	0	0	0	0	232	254	0	-2.18E-05	4.55E-06	-7.05E-06	-1.19E-05
316	14	0	0	0	0	0	0	232	254	0	-2.18E-05	4.55E-06	-7.05E-06	-1.19E-05
316	15	0	0	0	0	0	0	232	254	0	-2.50E-05	7.89E-06	-7.05E-06	-1.19E-05
316	16	0	0	0	0	0	0	232	254	0	-2.50E-05	7.89E-06	-7.05E-06	-1.19E-05
316	17	0	0	0	0	0	0	232	254	0	-2.70E-05	7.89E-06	-6.91E-06	-1.19E-05
316	18	0	0	0	0	0	0	232	254	0	-2.70E-05	7.89E-06	-6.91E-06	-1.19E-05
316	19	0	0	0	0	0	0	232	254	0	-2.67E-05	7.55E-06	-1.19E-05	-1.29E-05
317	0	0	0	0	0	0	0	232	254	0	-3.14E-05	6.55E-06	-1.53E-05	-1.34E-05
317	1	0	0	0	0	0	0	232	254	0	-3.14E-05	6.55E-06	-1.53E-05	-1.34E-05
317	2	0	0	0	0	0	0	232	254	0	-3.64E-05	8.06E-06	-1.43E-05	-1.31E-05
317	3	0	0	0	0	0	0	232	254	0	-3.64E-05	8.06E-06	-1.43E-05	-1.31E-05
317	4	0	0	0	0	0	0	232	254	0	-3.57E-05	8.05E-06	-1.22E-05	-1.23E-05
317	5	0	0	0	0	0	0	232	254	0	-3.57E-05	8.05E-06	-1.22E-05	-1.23E-05
317	6	0	0	0	0	0	0	232	254	0	-2.97E-05	6.55E-06	-7.03E-06	-1.21E-05
317	7	0	0	0	0	0	0	232	254	0	-2.97E-05	6.55E-06	-7.03E-06	-1.21E-05
317	8	0	0	0	0	0	0	232	254	0	-2.33E-05	7.20E-06	-3.53E-06	-1.12E-05
317	9	0	0	0	0	0	0	232	254	0	-1.90E-05	4.35E-06	-4.21E-06	-1.09E-05
317	10	0	0	0	0	0	0	232	254	0	-1.90E-05	4.35E-06	-4.21E-06	-1.09E-05
317	11	0	0	0	0	0	0	232	254	0	-1.70E-05	1.51E-06	-6.88E-06	-1.14E-05
317	12	0	0	0	0	0	0	232	254	0	-1.70E-05	1.51E-06	-6.88E-06	-1.14E-05
317	13	0	0	0	0	0	0	232	254	0	-1.76E-05	1.02E-06	-7.22E-06	-1.19E-05
317	14	0	0	0	0	0	0	232	254	0	-1.76E-05	1.02E-06	-7.22E-06	-1.19E-05
317	15	0	0	0	0	0	0	232	254	0	-1.63E-05	3.53E-06	-8.24E-06	-1.36E-05
317	16	0	0	0	0	0	0	232	254	0	-1.63E-05	3.53E-06	-8.24E-06	-1.36E-05
317	17	0	0	0	0	0	0	232	254	0	-1.63E-05	4.36E-06	-1.02E-05	-1.46E-05
317	18	0	0	0	0	0	0	232	254	0	-1.76E-05	3.69E-06	-1.11E-05	-1.53E-05
317	19	0	0	0	0	0	0	232	254	0	-1.76E-05	3.69E-06	-1.11E-05	-1.53E-05
318	0	0	0	0	0	0	0	232	254	0	-2.10E-05	3.20E-06	-8.73E-06	-1.44E-05
318	1	0	0	0	0	0	0	232	254	0	-2.10E-05	3.20E-06	-8.73E-06	-1.44E-05
318	2	0	0	0	0	0	0	232	254	0	-2.36E-05	5.55E-06	-8.90E-06	-1.36E-05
318	3	0	0	0	0	0	0	232	254	0	-2.36E-05	5.55E-06	-8.90E-06	-1.36E-05
318	4	0	0	0	0	0	0	232	254	0	-2.06E-05	7.20E-06	-9.56E-06	-1.36E-05
318	5	0	0	0	0	0	0	232	254	0	-2.06E-05	7.20E-06	-9.56E-06	-1.36E-05
318	6	0	0	0	0	0	0	232	254	0	-1.96E-05	3.85E-06	-7.71E-06	-1.36E-05
318	7	0	0	0	0	0	0	232	254	0	-1.85E-05	1.17E-06	-5.20E-06	-1.31E-05
318	8	0	0	0	0	0	0	232	254	0	-1.85E-05	1.17E-06	-5.20E-06	-1.31E-05
318	9	0	0	0	0	0	0	232	254	0	-1.65E-05	8.34E-07	-5.22E-06	-1.38E-05
318	10	0	0	0	0	0	0	232	254	0	-1.65E-05	8.34E-07	-5.22E-06	-1.38E-05
318	11	0	0	0	0	0	0	232	254	0	-2.10E-05	-1.66E-07	-8.39E-06	-1.26E-05
318	12	0	0	0	0	0	0	232	254	0	-2.10E-05	-1.66E-07	-8.39E-06	-1.26E-05
318	13	0	0	0	0	0	0	232	254	0	-2.38E-05	1.66E-07	-8.72E-06	-1.36E-05
318	14	0	0	0	0	0	0	232	254	0	-2.38E-05	1.66E-07	-8.72E-06	-1.36E-05
318	15	0	0	0	0	0	0	232	254	0	-2.53E-05	-1.75E-07	-7.88E-06	-1.43E-05
318	16	0	0	0	0	0	0	232	254	0	-2.44E-05	-1.52E-06	-6.19E-06	-1.39E-05
318	17	0	0	0	0	0	0	232	254	0	-2.44E-05	-1.52E-06	-6.19E-06	-1.39E-05
318	18	0	0	0	0	0	0	232	254	0	-2.80E-05	-3.49E-06	-2.04E-06	-1.31E-05
318	19	0	0	0	0	0	0	232	254	0	-2.80E-05	-3.49E-06	-2.04E-06	-1.31E-05
319	0	0	0	0	0	0	0	232	254	0	-3.12E-05	1.87E-06	-7.11E-06	-1.43E-05
319	1	0	0	0	0	0	0	232	254	0	-3.12E-05	1.87E-06	-7.11E-06	-1.43E-05
319	2	0	0	0	0	0	0	232	254	0	-2.94E-05	5.21E-06	-1.80E-05	-1.58E-05
319	3	0	0	0	0	0	0	232	254	0	-2.94E-05	5.21E-06	-1.80E-05	-1.58E-05
319	4	0	0	0	0	0	0	232	254	0	-2.84E-05	6.56E-06	-1.93E-05	-1.46E-05
319	5	0	0	0	0	0	0	232	254	0	-2.83E-05	8.57E-06	-1.60E-05	-1.27E-05
319	6	0	0	0	0	0	0	232	254	0	-2.83E-05	8.57E-06	-1.60E-05	-1.27E-05
319	7	0	0	0	0	0	0	232	254	0	-2.16E-05	1.11E-05	-1.69E-05	-1.12E-05
319	8	0	0	0	0	0	0	232	254	0	-2.16E-05	1.11E-05	-1.69E-05	-1.12E-05
319	9	0	0	0	0	0	0	232	254	0	-1.59E-05	1.12E-05	-1.42E-05	-1.09E-05
319	10	0	0	0	0	0	0	232	254	0	-1.59E-05	1.12E-05	-1.42E-05	-1.09E-05
319	11	0	0	0	0	0	0	232	254	0	-9.90E-06	9.74E-06	-3.15E-06	-1.06E-05
319	12	0	0	0	0	0	0	232	254	0	-9.90E-06	9.74E-06	-3.15E-06	-1.06E-05
319	13	0	0	0	0	0	0	232	254	0	-9.76E-06	9.90E-06	2.82E-06	-1.02E-05
319	14	0	0	0	0	0	0	232	254	0	-1.39E-05	8.56E-06	-2.56E-06	-9.24E-06
319	15	0	0	0	0	0	0	232	254	0	-1.39E-05	8.56E-06	-2.56E-06	-9.24E-06
319	16	0	0	0	0	0	0	232	254	0	-1.65E-05	8.38E-06	-9.91E-06	-1.09E-05
319	17	0	0	0	0	0	0	232	254	0	-1.65E-05	8.38E-06	-9.91E-06	-1.09E-05
319	18	0	0	0	0	0	0	232	254	0	-1.85E-05	5.52E-06	-1.12E-05	-1.21E-05
319	19	0	0	0	0	0	0	232	254	0	-1.85E-05	5.52E-06	-1.12E-05	-1.21E-05
320	0	0	0	0	0	0	0	232	254	0	-1.63E-05	2.51E-06	-1.11E-05	-1.24E-05
320	1	0	0	0	0	0	0	232	254	0	-1.63E-05	2.51E-06	-1.11E-05	-1.24E-05
320	2	0	0	0	0	0	0	232	254	0	-1.76E-05	1.01E-06	-1.63E-05	-1.33E-05
320	3	0	0	0	0	0	0	232	254	0	-1.86E-05	1.18E-06	-1.61E-05	-1.36E-05
320	4	0	0	0	0	0	0	232	254	0	-1.86E-05	1.18E-06	-1.61E-05	-1.36E-05
320	5	0	0	0	0	0	0	232	254	0	-2.05E-05	2.52E-06	-1.09E-05	-1.28E-05
320	6	0	0	0	0	0	0	232	254	0	-2.05E-05	2.52E-06	-1.09E-05	-1.28E-05
320	7	0	0	0	0	0	0	232	254	0	-2.57E-05	2.52E-06	-8.39E-06	-1.31E-05
320	8	0	0	0	0	0	0	232	254	0	-2.57E-05	2.52E-06	-8.39E-06	-1.31E-05
320	9	0	0	0	0	0	0	232	254	0	-2.79E-05	3.19E-06	-7.72E-06	-1.34E-05
320	10	0	0	0	0	0	0	232	254	0	-2.79E-05	3.19E-06	-7.72E-06	-1.34E-05
320	11	0	0	0	0	0	0	232	254	0	-2.77E-05	2.52E-06	-7.38E-06	-1.39E-05
320	12	0	0	0	0	0	0	232	254	0	-2.84E-05	2.17E-06	-6.55E-06	-1.29E-05
320	13	0	0	0	0	0	0	232	254	0	-2.84E-05	2.17E-06	-6.55E-06	-1.29E-05
320	14	0	0	0	0	0	0	232	254	0	-3.60E-05	1.97E-07	-6.43E-06	-1.24E-05
320	15	0	0	0	0	0	0	232	254	0	-3.60E-05	1.97E-07	-6.43E-06	-1.24E-05
320	16	0	0	0	0	0	0	232	254	0	-4.68E-05	5.22E-06	-1.51E-05	-1.26E-05
320	17	0	0	0	0	0	0	232	254	0	-4.68E-05	5.22E-06	-1.51E-05	-1.26E-05
320	18	0	0	0	0	0	0	232	254	0	-4.34E-05	8.55E-06	-1.62E-05	-1.43E-05
320	19	0	0	0	0	0	0	232	254	0	-4.34E-05	8.55E-06	-1.62E-05	-1.43E-05
321	0	0	0	0	0	0	0	232	254	0	-3.30E-05	7.21E-06	-1.02E-05	-1.43E-05
321	1	0	0	0	0	0	0	232	254	0	-2.82E-05	5.20E-06	-8.40E-06	-1.29E-05
321	2	0	0	0	0	0	0	232	254	0	-2.82E-05	5.20E-06	-8.40E-06	-1.29E-05
321	3	0	0	0	0	0	0	232	254	0	-2.23E-05	4.54E-06	-8.87E-06	-1.24E-05
321	4	0	0	0	0	0	0	232	254	0	-2.23E-05	4.54E-06	-8.87E-06	-1.24E-05
321	5	0	0	0	0	0	0	232	254	0	-1.12E-05	6.20E-06	-4.16E-06	-1.17E-05
321	6	0	0	0	0	0	0	232	254	0	-1.12E-05	6.20E-06	-4.16E-06	-1.17E-05
321	7	0	0	0	0	0	0	232	254	0	-5.03E-06	5.21E-06	1.83E-06	-1.16E-05
321	8	0	0	0	0	0	0	232	254	0	-5.03E-06	5.21E-06	1.83E-06	-1.16E-05
321	9	0	0	0	0	0	0	232	254	0	-3.68E-06	5.88E-06	-1.54E-06	-1.24E-05
321	10	0	0	0	0	0	0	232	254	0	-1.53E-06	6.54E-06	-6.91E-06	-1.29E-05
321	11	0	0	0	0	0	0	232	254	0	-1.53E-06	6.54E-06	-6.91E-06	-1.29E-05
321	12	0	0	0	0	0	0	232	254	0	-4.04E-06	5.21E-06	-1.09E-05	-1.26E-05
321	13	0	0	0	0	0	0	232	254	0	-4.04E-06	5.21E-06	-1.09E-05	-1.26E-05
321	14	0	0	0	0	0	0	232	254	0	-5.53E-06	6.20E-06	-1.36E-05	-1.28E-05
321	15	0	0	0	0	0	0	232	254	0	-5.53E-06	6.20E-06	-1.36E-05	-1.28E-05
321	16	0	0	0	0	0	0	232	254	0	-4.18E-06	4.17E-06	-1.43E-05	-1.17E-05
321	17	0	0	0	0	0	0	232	254	0	-4.18E-06	4.17E-06	-1.43E-05	-1.17E-05
321	18	0	0	0	0	0	0	232	254	0	-2.21E-06	1.60E-07	-1.32E-05	-1.16E-05
321	19	0	0	0	0	0	0	232	254	0	-6.26E-06	-1.17E-06	-1.02E-05	-1.19E-05
322	0	0	0	0	0	0	0	232	254	0	-6.26E-06	-1.17E-06	-1.02E-05	-1.19E-05
322	1	0	0	0	0	0	0	232	254	0	-1.49E-05	-1.44E-07	-8.38E-06	-1.04E-05
322	2	0	0	0	0	0	0	232	254	0	-1.49E-05	-1.44E-07	-8.38E-06	-1.04E-05
322	3	0	0	0	0	0	0	232	254	0	-1.64E-05	3.88E-06	-7.05E-06	-9.90E-06
322	4	0	0	0	0	0	0	232	254	0	-1.64E-05	3.88E-06	-7.05E-06	-9.90E-06
322	5	0	0	0	0	0	0	232	254	0	-1.19E-05	7.40E-06	-7.55E-06	-9.75E-06
322	6	0	0	0	0	0	0	232	254	0	-1.19E-05	7.40E-06	-7.55E-06	-9.75E-06
322	7	0	0	0	0	0	0	232	254	0	-9.24E-06	9.73E-06	-7.56E-06	-1.14E-05
322	8	0	0	0	0	0	0	232	254	0	-1.06E-05	9.22E-06	-8.23E-06	-1.09E-05
322	9	0	0	0	0	0	0	232	254	0	-1.06E-05	9.22E-06	-8.23E-06	-1.09E-05
322	10	0	0	0	0	0	0	232	254	0	-1.26E-05	7.86E-06	-8.74E-06	-1.07E-05
322	11	0	0	0	0	0	0	232	254	0	-1.26E-05	7.86E-06	-8.74E-06	-1.07E-05
322	12	0	0	0	0	0	0	232	254	0	-1.36E-05	2.99E-06	-9.91E-06	-1.08E-05
322	13	0	0	0	0	0	0	232	254	0	-1.36E-05	2.99E-06	-9.91E-06	-1.08E-05
322	14	0	0	0	0	0	0	232	254	0	-2.00E-05	-1.51E-06	-1.11E-05	-1.22E-05
322	15	0	0	0	0	0	0	232	254	0	-2.00E-05	-1.51E-06	-1.11E-05	-1.22E-05
322	16	0	0	0	0	0	0	232	254	0	-2.74E-05	-2.15E-06	-1.09E-05	-1.16E-05
322	17	0	0	0	0	0	0	232	254	0	-3.32E-05	3.55E-06	-1.12E-05	-1.23E-05
322	18	0	0	0	0	0	0	232	254	0	-3.32E-05	3.55E-06	-1.12E-05	-1.23E-05
322	19	0	0	0	0	0	0	232	254	0	-3.39E-05	7.04E-06	-1.16E-05	-1.29E-05
323	0	0	0	0	0	0	0	232	254	0	-3.39E-05	7.04E-06	-1.16E-05	-1.29E-05
323	1	0	0	0	0	0	0	232	254	0	-2.97E-05	5.88E-06	-9.90E-06	-1.29E-05
323	2	0	0	0	0	0	0	232	254	0	-2.97E-05	5.88E-06	-9.90E-06	-1.29E-05
323	3	0	0	0	0	0	0	232	254	0	-2.43E-05	6.88E-06	-8.90E-06	-1.19E-05
323	4	0	0	0	0	0	0	232	254	0	-2.43E-05	6.88E-06	-8.90E-06	-1.19E-05
323	5	0	0	0	0	0	0	232	254	0	-2.32E-05	7.04E-06	-9.23E-06	-1.44E-05
323	6	0	0	0	0	0	0	232	254	0	-2.91E-05	5.19E-06	-8.39E-06	-1.44E-05
323	7	0	0	0	0	0	0	232	254	0	-2.91E-05	5.19E-06	-8.39E-06	-1.44E-05
323	8	0	0	0	0	0	0	232	254	0	-3.67E-05	3.53E-06	-7.38E-06	-1.36E-05
323	9	0	0	0	0	0	0	232	254	0	-3.67E-05	3.53E-06	-7.38E-06	-1.36E-05
323	10	0	0	0	0	0	0	232	254	0	-3.17E-05	3.88E-06	-6.55E-06	-1.27E-05
323	11	0	0	0	0	0	0	232	254	0	-3.17E-05	3.88E-06	-6.55E-06	-1.27E-05
323	12	0	0	0	0	0	0	232	254	0	-2.27E-05	7.56E-06	-6.88E-06	-1.04E-05
323	13	0	0	0	0	0	0	232	254	0	-2.27E-05	7.56E-06	-6.88E-06	-1.04E-05
323	14	0	0	0	0	0	0	232	254	0	-2.81E-05	8.72E-06	-7.21E-06	-1.06E-05
323	15	0	0	0	0	0	0	232	254	0	-3.57E-05	7.88E-06	-5.88E-06	-1.16E-05
323	16	0	0	0	0	0	0	232	254	0	-3.57E-05	7.88E-06	-5.88E-06	-1.16E-05
323	17	0	0	0	0	0	0	232	254	0	-3.30E-05	6.02E-06	-6.89E-06	-1.11E-05
323	18	0	0	0	0	0	0	232	254	0	-3.30E-05	6.02E-06	-6.89E-06	-1.11E-05
323	19	0	0	0	0	0	0	232	254	0	-2.23E-05	3.00E-06	-8.23E-06	-9.58E-06
324	0	0	0	0	0	0	0	232	254	0	-2.23E-05	3.00E-06	-8.23E-06	-9.58E-06
324	1	0	0	0	0	0	0	232	254	0	-1.66E-05	-1.80E-07	-9.57E-06	-1.09E-05
324	2	0	0	0	0	0	0	232	254	0	-1.66E-05	-1.80E-07	-9.57E-06	-1.09E-05
324	3	0	0	0	0	0	0	232	254	0	-1.86E-05	-2.18E-06	-9.23E-06	-1.16E-05
324	4	0	0	0	0	0	0	232	254	0	-2.03E-05	-1.52E-06	-9.57E-06	-1.02E-05
324	5	0	0	0	0	0	0	232	254	0	-2.03E-05	-1.52E-06	-9.57E-06	-1.02E-05
324	6	0	0	0	0	0	0	232	254	0	-2.03E-05	-2.86E-06	-9.56E-06	-1.09E-05
324	7	0	0	0	0	0	0	232	254	0	-2.03E-05	-2.86E-06	-9.56E-06	-1.09E-05
324	8	0	0	0	0	0	0	232	254	0	-1.33E-05	-3.34E-06	-8.05E-06	-1.29E-05
324	9	0	0	0	0	0	0	232	254	0	-1.33E-05	-3.34E-06	-8.05E-06	-1.29E-05
324	10	0	0	0	0	0	0	232	254	0	-1.40E-05	-1.50E-07	-6.88E-06	-1.29E-05
324	11	0	0	0	0	0	0	232	254	0	-1.40E-05	-1.50E-07	-6.88E-06	-1.29E-05
324	12	0	0	0	0	0	0	232	254	0	-2.37E-05	2.86E-06	-6.89E-06	-1.16E-05
324	13	0	0	0	0	0	0	232	254	0	-3.01E-05	4.56E-06	-7.55E-06	-1.31E-05
324	14	0	0	0	0	0	0	232	254	0	-3.01E-05	4.56E-06	-7.55E-06	-1.31E-05
324	15	0	0	0	0	0	0	232	254	0	-3.51E-05	9.95E-06	-6.55E-06	-1.33E-05
324	16	0	0	0	0	0	0	232	254	0	-3.51E-05	9.95E-06	-6.55E-06	-1.33E-05
324	17	0	0	0	0	0	0	232	254	0	-3.56E-05	1.75E-05	-7.23E-06	-1.33E-05
324	18	0	0	0	0	0	0	232	254	0	-3.56E-05	1.75E-05	-7.23E-06	-1.33E-05
324	19	0	0	0	0	0	0	232	254	0	-3.45E-05	2.10E-05	-9.59E-06	-1.36E-05
325	0	0	0	0	0	0	0	232	254	0	-3.45E-05	2.10E-05	-9.59E-06	-1.36E-05
325	1	0	0	0	0	0	0	232	254	0	-2.96E-05	1.64E-05	-1.26E-05	-1.31E-05
325	2	0	0	0	0	0	0	232	254	0	-1.76E-05	1.09E-05	-1.29E-05	-1.31E-05
325	3	0	0	0	0	0	0	232	254	0	-1.76E-05	1.09E-05	-1.29E-05	-1.31E-05
325	4	0	0	0	0	0	0	232	254	0	-1.65E-05	7.21E-06	-1.14E-05	-1.36E-05
325	5	0	0	0	0	0	0	232	254	0	-1.65E-05	7.21E-06	-1.14E-05	-1.36E-05
325	6	0	0	0	0	0	0	232	254	0	-1.91E-05	6.40E-06	-1.18E-05	-1.36E-05
325	7	0	0	0	0	0	0	232	254	0	-1.91E-05	6.40E-06	-1.18E-05	-1.36E-05
325	8	0	0	0	0	0	0	232	254	0	-1.68E-05	9.23E-06	-1.21E-05	-1.36E-05
325	9	0	0	0	0	0	0	232	254	0	-1.68E-05	9.23E-06	-1.21E-05	-1.36E-05
325	10	0	0	0	0	0	0	232	254	0	-1.44E-05	9.21E-06	-1.06E-05	-1.39E-05
325	11	0	0	0	0	0	0	232	254	0	-1.09E-05	5.69E-06	-9.23E-06	-1.31E-05
325	12	0	0	0	0	0	0	232	254	0	-1.09E-05	5.69E-06	-9.23E-06	-1.31E-05
325	13	0	0	0	0	0	0	232	254	0	-1.29E-05	3.20E-06	-8.23E-06	-1.29E-05
325	14	0	0	0	0	0	0	232	254	0	-1.29E-05	3.20E-06	-8.23E-06	-1.29E-05
325	15	0	0	0	0	0	0	232	254	0	-1.54E-05	4.87E-06	-8.89E-06	-1.36E-05
325	16	0	0	0	0	0	0	232	254	0	-1.54E-05	4.87E-06	-8.89E-06	-1.36E-05
325	17	0	0	0	0	0	0	232	254	0	-1.43E-05	5.20E-06	-8.39E-06	-1.29E-05
325	18	0	0	0	0	0	0	232	254	0	-1.43E-05	5.20E-06	-8.39E-06	-1.29E-05
325	19	0	0	0	0	0	0	232	254	0	-1.43E-05	4.36E-06	-8.59E-06	-1.16E-05
326	0	0	0	0	0	0	0	232	254	0	-1.63E-05	3.19E-06	-1.28E-05	-1.14E-05
326	1	0	0	0	0	0	0	232	254	0	-1.63E-05	3.19E-06	-1.28E-05	-1.14E-05
326	2	0	0	0	0	0	0	232	254	0	-2.07E-05	2.67E-06	-1.59E-05	-1.24E-05
326	3	0	0	0	0	0	0	232	254	0	-2.07E-05	2.67E-06	-1.59E-05	-1.24E-05
326	4	0	0	0	0	0	0	232	254	0	-2.52E-05	8.30E-07	-1.42E-05	-1.23E-05
326	5	0	0	0	0	0	0	232	254	0	-2.52E-05	8.30E-07	-1.42E-05	-1.23E-05
326	6	0	0	0	0	0	0	232	254	0	-2.37E-05	-6.68E-07	-9.73E-06	-1.33E-05
326	7	0	0	0	0	0	0	232	254	0	-2.37E-05	-6.68E-07	-9.73E-06	-1.33E-05
326	8	0	0	0	0	0	0	232	254	0	-2.20E-05	-1.68E-07	-9.24E-06	-1.44E-05
326	9	0	0	0	0	0	0	232	254	0	-2.20E-05	-1.66E-07	-9.88E-06	-1.29E-05
326	10	0	0	0	0	0	0	232	254	0	-2.20E-05	-1.66E-07	-9.88E-06	-1.29E-05
326	11	0	0	0	0	0	0	232	254	0	-2.43E-05	1.70E-07	-6.00E-06	-1.29E-05
326	12	0	0	0	0	0	0	232	254	0	-2.43E-05	1.70E-07	-6.00E-06	-1.29E-05
326	13	0	0	0	0	0	0	232	254	0	-2.53E-05	5.06E-07	8.30E-07	-1.39E-05
326	14	0	0	0	0	0	0	232	254	0	-2.53E-05	5.06E-07	8.30E-07	-1.39E-05
326	15	0	0	0	0	0	0	232	254	0	-2.50E-05	8.45E-07	-6.91E-07	-1.43E-05
326	16	0	0	0	0	0	0	232	254	0	-2.50E-05	8.45E-07	-6.91E-07	-1.43E-05
326	17	0	0	0	0	0	0	232	254	0	-2.64E-05	1.85E-06	-3.87E-06	-1.43E-05
326	18	0	0	0	0	0	0	232	254	0	-2.67E-05	2.18E-06	-4.89E-06	-1.56E-05
326	19	0	0	0	0	0	0	232	254	0	-2.67E-05	2.18E-06	-4.89E-06	-1.56E-05
327	0	0	0	0	0	0	0	232	254	0	-2.23E-05	2.52E-06	-8.74E-06	-1.51E-05
327	1	0	0	0	0	0	0	232	254	0	-2.23E-05	2.52E-06	-8.74E-06	-1.51E-05
327	2	0	0	0	0	0	0	232	254	0	-2.16E-05	2.18E-06	-1.11E-05	-1.49E-05
327	3	0	0	0	0	0	0	232	254	0	-2.16E-05	2.18E-06	-1.11E-05	-1.49E-05
327	4	0	0	0	0	0	0	232	254	0	-1.90E-05	2.19E-06	-9.51E-06	-1.36E-05
327	5	0	0	0	0	0	0	232	254	0	-1.90E-05	2.19E-06	-9.51E-06	-1.36E-05
327	6	0	0	0	0	0	0	232	254	0	-1.63E-05	3.03E-06	-4.99E-07	-1.43E-05
327	7	0	0	0	0	0	0	232	254	0	-1.63E-05	5.03E-06	1.16E-07	-1.51E-05
327	8	0	0	0	0	0	0	232	254	0	-1.63E-05	5.03E-06	1.16E-07	-1.51E-05
327	9	0	0	0	0	0	0	232	254	0	-1.46E-05	4.69E-06	-8.27E-06	-1.36E-05
327	10	0	0	0	0	0	0	232	254	0	-1.46E-05	4.69E-06	-8.27E-06	-1.36E-05
327	11	0	0	0	0	0	0	232	254	0	-1.53E-05	3.19E-06	-1.56E-05	-1.29E-05
327	12	0	0	0	0	0	0	232	254	0	-1.53E-05	3.19E-06	-1.56E-05	-1.29E-05
327	13	0	0	0	0	0	0	232	254	0	-1.98E-05	3.20E-06	-1.73E-05	-1.26E-05
327	14	0	0	0	0	0	0	232	254	0	-1.98E-05	3.20E-06	-1.73E-05	-1.26E-05
327	15	0	0	0	0	0	0	232	254	0	-2.50E-05	4.88E-06	-1.76E-05	-9.23E-06
327	16	0	0	0	0	0	0	232	254	0	-2.70E-05	7.21E-06	-1.49E-05	-8.90E-06
327	17	0	0	0	0	0	0	232	254	0	-2.70E-05	7.21E-06	-1.49E-05	-8.90E-06
327	18	0	0	0	0	0	0	232	254	0	-2.43E-05	6.71E-06	-1.23E-05	-9.24E-06
327	19	0	0	0	0	0	0	232	254	0	-2.43E-05	6.71E-06	-1.23E-05	-9.24E-06
328	0	0	0	0	0	0	0	232	254	0	-2.00E-05	5.53E-06	-1.76E-05	-1.04E-05
328	1	0	0	0	0	0	0	232	254	0	-2.00E-05	5.53E-06	-1.76E-05	-1.04E-05
328	2	0	0	0	0	0	0	232	254	0	-2.07E-05	4.53E-06	-1.93E-05	-1.02E-05
328	3	0	0	0	0	0	0	232	254	0	-2.07E-05	4.53E-06	-1.93E-05	-1.02E-05
328	4	0	0	0	0	0	0	232	254	0	-2.25E-05	3.86E-06	-1.59E-05	-1.06E-05
328	5	0	0	0	0	0	0	232	254	0	-2.30E-05	3.18E-06	-9.89E-06	-1.02E-05
328	6	0	0	0	0	0	0	232	254	0	-2.30E-05	3.18E-06	-9.89E-06	-1.02E-05
328	7	0	0	0	0	0	0	232	254	0	-2.17E-05	1.70E-06	-7.21E-06	-9.57E-06
328	8	0	0	0	0	0	0	232	254	0	-2.17E-05	1.70E-06	-7.21E-06	-9.57E-06
328	9	0	0	0	0	0	0	232	254	0	-2.30E-05	5.91E-06	-5.20E-06	-9.91E-06
328	10	0	0	0	0	0	0	232	254	0	-2.30E-05	5.91E-06	-5.20E-06	-9.91E-06
328	11	0	0	0	0	0	0	232	254	0	-2.31E-05	1.09E-05	-5.21E-06	-1.18E-05
328	12	0	0	0	0	0	0	232	254	0	-2.31E-05	1.09E-05	-5.21E-06	-1.18E-05
328	13	0	0	0	0	0	0	232	254	0	-2.06E-05	9.22E-06	-6.89E-06	-1.28E-05
328	14	0	0	0	0	0	0	232	254	0	-2.07E-05	6.70E-06	-7.72E-06	-1.26E-05
328	15	0	0	0	0	0	0	232	254	0	-2.07E-05	6.70E-06	-7.72E-06	-1.26E-05
328	16	0	0	0	0	0	0	232	254	0	-2.52E-05	4.20E-06	-7.88E-06	-1.19E-05
328	17	0	0	0	0	0	0	232	254	0	-2.52E-05	4.20E-06	-7.88E-06	-1.19E-05
328	18	0	0	0	0	0	0	232	254	0	-2.16E-05	4.22E-06	-6.55E-06	-1.16E-05
328	19	0	0	0	0	0	0	232	254	0	-2.16E-05	4.22E-06	-6.55E-06	-1.16E-05
329	0	0	0	0	0	0	0	232	254	0	-1.66E-05	7.88E-06	-7.73E-06	-1.16E-05
329	1	0	0	0	0	0	0	232	254	0	-1.66E-05	7.88E-06	-7.73E-06	-1.16E-05
329	2	0	0	0	0	0	0	232	254	0	-1.17E-05	6.88E-06	-8.55E-06	-1.26E-05
329	3	0	0	0	0	0	0	232	254	0	-8.93E-06	6.55E-06	-7.56E-06	-1.43E-05
329	4	0	0	0	0	0	0	232	254	0	-8.93E-06	6.55E-06	-7.56E-06	-1.43E-05
329	5	0	0	0	0	0	0	232	254	0	-1.43E-05	7.72E-06	-8.21E-06	-1.56E-05
329	6	0	0	0	0	0	0	232	254	0	-1.43E-05	7.72E-06	-8.21E-06	-1.56E-05
329	7	0	0	0	0	0	0	232	254	0	-2.24E-05	7.56E-06	-5.70E-06	-1.39E-05
329	8	0	0	0	0	0	0	232	254	0	-2.24E-05	7.56E-06	-5.70E-06	-1.39E-05
329	9	0	0	0	0	0	0	232	254	0	-2.84E-05	9.39E-06	-4.91E-06	-1.16E-05
329	10	0	0	0	0	0	0	232	254	0	-2.84E-05	9.39E-06	-4.91E-06	-1.16E-05
329	11	0	0	0	0	0	0	232	254	0	-3.31E-05	7.88E-06	-1.12E-05	-1.16E-05
329	12	0	0	0	0	0	0	232	254	0	-3.32E-05	5.89E-06	-1.02E-05	-1.11E-05
329	13	0	0	0	0	0	0	232	254	0	-3.32E-05	5.89E-06	-1.02E-05	-1.11E-05
329	14	0	0	0	0	0	0	232	254	0	-3.12E-05	9.07E-06	-4.86E-06	-9.57E-06
329	15	0	0	0	0	0	0	232	254	0	-3.12E-05	9.07E-06	-4.86E-06	-9.57E-06
329	16	0	0	0	0	0	0	232	254	0	-2.84E-05	1.02E-05	-4.23E-06	-9.57E-06
329	17	0	0	0	0	0	0	232	254	0	-2.84E-05	1.02E-05	-4.23E-06	-9.57E-06
329	18	0	0	0	0	0	0	232	254	0	-3.11E-05	1.06E-05	-9.88E-06	-1.02E-05
329	19	0	0	0	0	0	0	232	254	0	-3.11E-05	1.06E-05	-9.88E-06	-1.02E-05
330	0	0	0	0	0	0	0	232	254	0	-3.24E-05	1.12E-05	-5.81E-06	-1.11E-05
330	1	0	0	0	0	0	0	232	254	0	-2.56E-05	9.22E-06	4.48E-06	-1.18E-05
330	2	0	0	0	0	0	0	232	254	0	-2.56E-05	9.22E-06	4.48E-06	-1.18E-05
330	3	0	0	0	0	0	0	232	254	0	-1.63E-05	7.55E-06	-3.99E-06	-1.23E-05
330	4	0	0	0	0	0	0	232	254	0	-1.63E-05	7.55E-06	-3.99E-06	-1.23E-05
330	5	0	0	0	0	0	0	232	254	0	-1.23E-05	7.05E-06	-2.52E-05	-1.39E-05
330	6	0	0	0	0	0	0	232	254	0	-1.23E-05	7.05E-06	-2.52E-05	-1.39E-05
330	7	0	0	0	0	0	0	232	254	0	-1.29E-05	7.22E-06	-2.80E-05	-1.39E-05
330	8	0	0	0	0	0	0	232	254	0	-1.29E-05	7.22E-06	-2.80E-05	-1.39E-05
330	9	0	0	0	0	0	0	232	254	0	-1.66E-05	7.88E-06	-1.76E-05	-1.36E-05
330	10	0	0	0	0	0	0	232	254	0	-2.17E-05	6.87E-06	-7.23E-06	-1.26E-05
330	11	0	0	0	0	0	0	232	254	0	-2.17E-05	6.87E-06	-7.23E-06	-1.26E-05
330	12	0	0	0	0	0	0	232	254	0	-2.16E-05	5.71E-06	-8.55E-06	-1.12E-05
330	13	0	0	0	0	0	0	232	254	0	-2.16E-05	5.71E-06	-8.55E-06	-1.12E-05
330	14	0	0	0	0	0	0	232	254	0	-2.03E-05	5.52E-06	-6.83E-06	-9.40E-06
330	15	0	0	0	0	0	0	232	254	0	-2.03E-05	5.52E-06	-6.83E-06	-9.40E-06
330	16	0	0	0	0	0	0	232	254	0	-2.06E-05	2.51E-06	1.85E-06	-9.24E-06
330	17	0	0	0	0	0	0	232	254	0	-2.06E-05	2.51E-06	1.85E-06	-9.24E-06
330	18	0	0	0	0	0	0	232	254	0	-2.03E-05	1.84E-06	2.48E-06	-1.03E-05
330	19	0	0	0	0	0	0	232	254	0	-2.23E-05	5.08E-07	-3.89E-06	-1.23E-05
331	0	0	0	0	0	0	0	232	254	0	-2.23E-05	5.08E-07	-3.89E-06	-1.23E-05
331	1	0	0	0	0	0	0	232	254	0	-2.57E-05	1.18E-06	-8.23E-06	-1.29E-05
331	2	0	0	0	0	0	0	232	254	0	-2.57E-05	1.18E-06	-8.23E-06	-1.29E-05
331	3	1.32229	-0.676464	8.07196	-1249.03	-75.0195	-333.394	222.706	408.738	0	-2.64E-05	1.51E-06	-9.75E-06	-1.36E-05
331	4	2.64458	-1.35293	16.1439	-2498.07	-150.039	-666.789	222.706	408.738	0	-2.64E-05	1.51E-06	-9.75E-06	-1.36E-05
331	5	3.54895	-1.67779	24.7692	-3429.1	-234.78	-882.338	222.521	392.442	0	-2.60E-05	1.01E-06	-1.24E-05	-1.53E-05
331	6	4.45332	-2.00266	33.3945	-4360.14	-319.521	-1097.89	222.432	384.565	0	-2.60E-05	1.01E-06	-1.24E-05	-1.53E-05
331	7	4.68136	-1.78448	40.6743	-4788.68	-479.759	-1118.14	220.205	371.732	0	-2.53E-05	1.15E-06	-1.23E-05	-1.49E-05
331	8	4.9094	-1.56631	47.9541	-5217.23	-639.996	-1138.39	218.654	362.796	0	-2.33E-05	-2.52E-06	-1.43E-05	-1.43E-05
331	9	5.02592	-1.2301	57.8322	-5787.66	-857.651	-1174.97	217.17	354.077	0	-2.33E-05	-2.52E-06	-1.43E-05	-1.43E-05
331	10	5.14245	-0.893887	67.7102	-6358.09	-1075.31	-1211.55	216.119	347.901	0	-2.37E-05	-2.33E-06	-1.44E-05	-1.51E-05
331	11	5.38111	-0.561669	81.0535	-7134.24	-1340.25	-1228.85	215.465	342.019	0	-2.37E-05	-2.33E-06	-1.44E-05	-1.51E-05
331	12	5.61976	-0.22945	94.3968	-7910.38	-1605.2	-1246.15	214.995	337.799	0	-2.47E-05	8.20E-07	-9.22E-06	-1.49E-05
331	13	5.7585	-0.163975	111.101	-8882.39	-1930.15	-1246.25	214.627	333.949	0	-2.47E-05	8.20E-07	-9.22E-06	-1.49E-05
331	14	5.89723	-0.0985003	127.804	-9854.39	-2255.11	-1246.35	214.355	331.105	0	-2.25E-05	-2.19E-06	-6.86E-06	-1.46E-05
331	15	5.98936	-0.506998	146.928	-10905.6	-2567.43	-1258.65	214.526	328.224	0	-2.25E-05	-2.19E-06	-6.86E-06	-1.46E-05
331	16	6.08148	-0.915496	166.053	-11956.8	-2879.75	-1270.96	214.658	326.006	0	-2.13E-05	-3.67E-06	-4.21E-06	-1.33E-05
331	17	6.46063	-1.86434	185.413	-12932	-3170.23	-1321.13	214.902	323.747	0	-1.96E-05	5.12E-07	-6.91E-06	-1.19E-05
331	18	6.83978	-2.81319	204.774	-13907.2	-3460.72	-1371.31	215.1	321.915	0	-1.96E-05	5.12E-07	-6.91E-06	-1.19E-05
331	19	7.87373	-3.94145	221.627	-14688.1	-3689.57	-1413.15	215.352	320.274	0	-1.25E-05	1.84E-06	-1.13E-05	-1.33E-05
332	0	8.90769	-5.06972	238.481	-15469.1	-3918.41	-1455	215.569	318.865	0	-1.25E-05	1.84E-06	-1.13E-05	-1.33E-05
332	1	10.26	-5.98751	250.902	-15929.4	-4028.06	-1468.33	215.946	317.489	0	-6.40E-06	1.53E-06	-1.78E-05	-1.43E-05
332	2	11.6123	-6.9053	263.324	-16389.7	-4137.71	-1481.67	216.287	316.242	0	-6.40E-06	1.53E-06	-1.78E-05	-1.43E-05
332	3	12.9984	-6.44936	270.725	-16601.8	-4151.84	-1553.62	216.664	315.323	0	-9.60E-06	3.87E-06	-1.69E-05	-1.56E-05
332	4	14.3845	-5.99341	278.127	-16813.8	-4165.96	-1625.58	217.021	314.454	0	-9.60E-06	3.87E-06	-1.69E-05	-1.56E-05
332	5	15.5784	-4.25062	281.26	-16846.4	-4186.41	-1765.47	217.116	313.896	0	-1.50E-05	5.20E-06	-1.43E-05	-1.66E-05
332	6	16.7724	-2.50783	284.394	-16879.1	-4206.86	-1905.36	217.208	313.351	0	-2.12E-05	4.69E-06	-1.19E-05	-1.56E-05
332	7	17.6054	-0.512623	284.356	-16847.1	-4231.73	-2017.51	217.118	313.247	0	-2.12E-05	4.69E-06	-1.19E-05	-1.56E-05
332	8	18.4384	1.48258	284.318	-16815.1	-4256.6	-2129.65	217.029	313.142	0	-2.20E-05	3.83E-06	-8.17E-06	-1.53E-05
332	9	19.155	2.56528	282.842	-16823.4	-4293.04	-2158.75	216.822	313.48	0	-2.20E-05	3.83E-06	-8.17E-06	-1.53E-05
332	10	19.8717	3.64798	281.367	-16831.6	-4329.48	-2187.84	216.613	313.821	0	-2.00E-05	-6.67E-07	-1.55E-07	-1.36E-05
332	11	20.4152	3.50106	278.979	-16856.5	-4356.95	-2163.79	216.383	314.422	0	-2.00E-05	-6.67E-07	-1.55E-07	-1.36E-05
332	12	20.9586	3.35414	276.592	-16881.5	-4384.42	-2139.74	216.148	315.034	0	-1.86E-05	2.14E-08	1.82E-06	-1.17E-05
332	13	21.1933	3.14178	274.136	-16866.5	-4415.64	-2098.33	215.893	315.526	0	-1.86E-05	2.14E-08	1.82E-06	-1.17E-05
332	14	21.428	2.92941	271.681	-16851.5	-4446.85	-2056.91	215.632	316.027	0	-2.03E-05	3.38E-06	-3.06E-06	-1.17E-05
332	15	21.3793	3.74383	268.57	-16791.6	-4449.81	-2054.99	215.431	316.522	0	-1.96E-05	6.20E-06	-9.56E-06	-1.04E-05
332	16	21.3305	4.55826	265.459	-16731.7	-4452.78	-2053.06	215.226	317.029	0	-1.96E-05	6.20E-06	-9.56E-06	-1.04E-05
332	17	21.5106	6.43837	262.019	-16538.4	-4368.75	-2094.02	215.327	317.119	0	-1.66E-05	4.51E-06	-8.24E-06	-8.90E-06
332	18	21.6907	8.31848	258.579	-16345.2	-4284.72	-2134.98	215.43	317.212	0	-1.66E-05	4.51E-06	-8.24E-06	-8.90E-06
332	19	22.3909	10.6565	255.807	-16086	-4198.49	-2146.75	215.587	316.883	0	-1.32E-05	1.86E-06	-1.11E-05	-9.58E-06
333	0	23.091	12.9946	253.035	-15826.8	-4112.26	-2158.51	215.748	316.548	0	-1.32E-05	1.86E-06	-1.11E-05	-9.58E-06
333	1	24.2825	15.3691	251.566	-15563.2	-4019.27	-2189.18	216.023	315.865	0	-1.06E-05	3.57E-06	-1.76E-05	-1.09E-05
333	2	25.4741	17.7435	250.096	-15299.7	-3926.27	-2219.85	216.301	315.175	0	-1.06E-05	3.57E-06	-1.76E-05	-1.09E-05
333	3	26.653	19.7859	250.39	-15070	-3836.41	-2238.56	216.678	314.186	0	-1.23E-05	1.03E-05	-1.76E-05	-1.09E-05
333	4	27.8319	21.8283	250.684	-14840.4	-3746.55	-2257.26	217.055	313.2	0	-1.50E-05	1.79E-05	-1.72E-05	-1.04E-05
333	5	28.4995	23.3175	252.701	-14761.8	-3696.82	-2233.31	217.371	312.416	0	-1.50E-05	1.79E-05	-1.72E-05	-1.04E-05
333	6	29.1671	24.8067	254.717	-14683.3	-3647.09	-2209.36	217.682	311.645	0	-1.94E-05	1.29E-05	-1.10E-05	-8.90E-06
333	7	29.2708	25.8653	257.561	-14689.7	-3623.38	-2184.16	217.932	311.034	0	-1.94E-05	1.29E-05	-1.10E-05	-8.90E-06
333	8	29.3744	26.9239	260.405	-14696	-3599.67	-2158.95	218.177	310.435	0	-2.72E-05	1.06E-05	5.61E-07	-8.90E-06
333	9	29.2738	28.1134	262.818	-14762.9	-3644.07	-2120.38	218.135	310.172	0	-2.72E-05	1.06E-05	5.61E-07	-8.90E-06
333	10	29.1732	29.3029	265.231	-14829.8	-3688.46	-2081.8	218.093	309.913	0	-3.09E-05	8.54E-06	9.60E-06	-8.89E-06
333	11	29.0839	30.8898	267.191	-14979.4	-3800	-2042.36	217.778	310.062	0	-3.09E-05	8.54E-06	9.60E-06	-8.89E-06
333	12	28.9946	32.4767	269.152	-15129	-3911.54	-2002.91	217.467	310.21	0	-3.27E-05	4.86E-06	1.42E-05	-8.22E-06
333	13	28.8723	34.3803	271.326	-15343.8	-4016.95	-2014.93	217.195	310.551	0	-3.12E-05	4.20E-06	9.85E-06	-6.89E-06
333	14	28.7501	36.2839	273.5	-15558.6	-4122.36	-2026.95	216.927	310.887	0	-3.12E-05	4.20E-06	9.85E-06	-6.89E-06
333	15	28.4299	37.7915	276.637	-15792	-4261.67	-2014.83	216.595	311.085	0	-3.20E-05	4.52E-06	1.58E-06	-8.92E-06
333	16	28.1096	39.2991	279.774	-16025.3	-4400.97	-2002.7	216.27	311.279	0	-3.20E-05	4.52E-06	1.58E-06	-8.92E-06
333	17	27.5565	40.398	284.113	-16291.7	-4546.52	-1937.63	215.997	311.342	0	-2.87E-05	2.52E-06	-1.37E-05	-1.29E-05
333	18	27.0033	41.4968	288.451	-16558.1	-4692.06	-1872.56	215.734	311.403	0	-2.87E-05	2.52E-06	-1.37E-05	-1.29E-05
333	19	26.4129	42.5394	294.076	-16811.8	-4780.65	-1779.94	215.743	311.168	0	-2.15E-05	3.54E-06	-3.54E-05	-1.49E-05
334	0	25.8224	43.5819	299.701	-17065.6	-4869.25	-1687.32	215.753	310.942	0	-2.15E-05	3.54E-06	-3.54E-05	-1.49E-05
334	1	25.4418	45.1011	305.779	-17262.1	-4923.83	-1600.71	215.897	310.453	0	-2.27E-05	5.18E-06	-4.04E-05	-1.59E-05
334	2	25.0611	46.6203	311.858	-17458.6	-4978.42	-1514.11	216.036	309.983	0	-2.43E-05	1.83E-06	-2.58E-05	-1.59E-05
334	3	25.1749	48.8872	317.684	-17543.9	-5016.52	-1483.98	216.209	309.225	0	-2.43E-05	1.83E-06	-2.58E-05	-1.59E-05
334	4	25.2888	51.1542	323.51	-17629.2	-5054.62	-1453.86	216.376	308.494	0	-2.43E-05	-8.46E-07	-1.26E-05	-1.59E-05
334	5	25.522	53.8901	328.808	-17662.4	-5112.2	-1443.8	216.452	307.716	0	-2.43E-05	-8.46E-07	-1.26E-05	-1.59E-05
334	6	25.7553	56.6259	334.107	-17695.5	-5169.77	-1433.74	216.527	306.964	0	-2.40E-05	-1.83E-06	-8.26E-06	-1.53E-05
334	7	25.9493	59.2991	338.768	-17712.1	-5196.05	-1407.79	216.662	306.284	0	-2.40E-05	-1.83E-06	-8.26E-06	-1.53E-05
334	8	26.1432	61.9724	343.428	-17728.7	-5222.32	-1381.84	216.794	305.623	0	-1.96E-05	5.21E-07	-1.41E-05	-1.49E-05
334	9	26.0405	64.1583	347.85	-17770.2	-5235.16	-1340.6	216.95	305.086	0	-1.96E-05	5.21E-07	-1.41E-05	-1.49E-05
334	10	25.9379	66.3443	352.271	-17811.7	-5248	-1299.37	217.102	304.562	0	-1.86E-05	3.18E-06	-1.27E-05	-1.54E-05
334	11	25.3083	67.9188	356.184	-17921.2	-5311.71	-1213.72	217.087	304.315	0	-1.93E-05	2.20E-06	-8.74E-06	-1.56E-05
334	12	24.6788	69.4934	360.097	-18030.8	-5375.42	-1128.07	217.072	304.072	0	-1.93E-05	2.20E-06	-8.74E-06	-1.56E-05
334	13	23.8037	70.5126	363.246	-18211.6	-5472.99	-1046.97	216.933	304.136	0	-2.22E-05	4.90E-06	-1.10E-05	-1.51E-05
334	14	22.9286	71.5317	366.396	-18392.3	-5570.56	-965.866	216.796	304.198	0	-2.22E-05	4.90E-06	-1.10E-05	-1.51E-05
334	15	22.0692	72.3131	368.826	-18551.8	-5674.63	-893.152	216.614	304.3	0	-2.74E-05	9.21E-06	-1.76E-05	-1.43E-05
334	16	21.2099	73.0945	371.255	-18711.3	-5778.7	-820.438	216.435	304.4	0	-2.74E-05	9.21E-06	-1.76E-05	-1.43E-05
334	17	20.5204	73.8087	372.339	-18834.7	-5883.47	-751.67	216.199	304.585	0	-3.31E-05	6.53E-06	-1.65E-05	-1.43E-05
334	18	19.831	74.5229	373.422	-18958	-5988.25	-682.903	215.964	304.768	0	-3.31E-05	6.53E-06	-1.65E-05	-1.43E-05
334	19	19.2263	75.4225	374.148	-19079.7	-6071.05	-647.461	215.774	304.995	0	-3.40E-05	3.87E-06	-2.29E-05	-1.59E-05
335	0	18.6217	76.322	374.874	-19201.4	-6153.86	-612.019	215.584	305.221	0	-2.76E-05	5.90E-06	-3.16E-05	-1.56E-05
335	1	18.2296	77.4182	375.89	-19225.7	-6232.11	-604.706	215.42	305.147	0	-2.76E-05	5.90E-06	-3.16E-05	-1.56E-05
335	2	17.8375	78.5143	376.905	-19250	-6310.36	-597.393	215.257	305.074	0	-2.00E-05	9.24E-06	-1.99E-05	-1.36E-05
335	3	17.6839	79.637	378.045	-19208.4	-6364.18	-571.829	215.166	304.81	0	-2.00E-05	9.24E-06	-1.99E-05	-1.36E-05
335	4	17.5303	80.7597	379.185	-19166.8	-6418	-546.266	215.074	304.548	0	-1.69E-05	1.12E-05	-3.13E-06	-1.14E-05
335	5	17.497	81.5749	381.089	-19144.3	-6398.86	-508.454	215.209	304.236	0	-1.69E-05	1.12E-05	-3.13E-06	-1.14E-05
335	6	17.4636	82.39	382.994	-19121.8	-6379.73	-470.643	215.342	303.927	0	-1.24E-05	1.12E-05	5.97E-06	-9.74E-06
335	7	17.6465	82.984	385.284	-19099	-6340.23	-428.886	215.544	303.571	0	-1.24E-05	1.12E-05	5.97E-06	-9.74E-06
335	8	17.8293	83.578	387.574	-19076.2	-6300.73	-387.13	215.743	303.219	0	-8.24E-06	1.16E-05	2.11E-05	-1.01E-05
335	9	18.0236	84.1439	389.431	-18977.4	-6315.97	-367.24	215.782	302.731	0	-1.07E-05	9.20E-06	4.00E-05	-9.24E-06
335	10	18.218	84.7098	391.288	-18878.7	-6331.21	-347.35	215.82	302.248	0	-1.07E-05	9.20E-06	4.00E-05	-9.24E-06
335	11	18.4381	85.3329	393.086	-18854.6	-6327.03	-350.934	215.904	301.966	0	-7.74E-06	4.85E-06	2.17E-05	-1.11E-05
335	12	18.6582	85.9559	394.884	-18830.6	-6322.86	-354.517	215.988	301.686	0	-7.74E-06	4.85E-06	2.17E-05	-1.11E-05
335	13	18.7744	86.3881	396.438	-18855.1	-6334.33	-371.442	216.022	301.561	0	-9.96E-06	2.17E-06	-2.90E-06	-9.24E-06
335	14	18.8906	86.8204	397.993	-18879.5	-6345.81	-388.367	216.055	301.437	0	-9.96E-06	2.17E-06	-2.90E-06	-9.24E-06
335	15	18.871	86.6741	398.838	-18879.5	-6397.65	-390.828	215.959	301.336	0	-1.92E-05	1.42E-08	-9.27E-06	-1.06E-05
335	16	18.8514	86.5278	399.684	-18879.5	-6449.5	-393.289	215.864	301.236	0	-1.92E-05	1.42E-08	-9.27E-06	-1.06E-05
335	17	18.7053	85.8777	400.455	-18992.4	-6533.25	-352.617	215.685	301.427	0	-2.60E-05	2.19E-06	-1.49E-05	-1.41E-05
335	18	18.5592	85.2276	401.226	-19105.3	-6616.99	-311.946	215.508	301.617	0	-2.89E-05	3.20E-06	-1.51E-05	-1.46E-05
335	19	18.2523	84.2077	402.635	-19236.1	-6727.01	-297.594	215.293	301.775	0	-2.89E-05	3.20E-06	-1.51E-05	-1.46E-05
336	0	17.9454	83.1879	404.044	-19366.8	-6837.03	-283.243	215.079	301.932	0	-3.34E-05	4.52E-06	-1.02E-05	-1.39E-05
336	1	17.6048	82.0171	405.643	-19470.4	-6932.9	-276.169	214.909	301.999	0	-3.34E-05	4.52E-06	-1.02E-05	-1.39E-05
336	2	17.2642	80.8463	407.241	-19574	-7028.77	-269.094	214.741	302.065	0	-4.01E-05	2.81E-06	-3.00E-06	-1.32E-05
336	3	17.1536	79.7338	408.777	-19654.4	-7109.02	-253.151	214.609	302.081	0	-4.01E-05	2.81E-06	-3.00E-06	-1.32E-05
336	4	17.0431	78.6213	410.313	-19734.8	-7189.28	-237.209	214.479	302.097	0	-3.32E-05	-4.22E-06	2.87E-07	-1.14E-05
336	5	17.1017	77.8358	412.184	-19783.7	-7202.7	-236.989	214.526	301.997	0	-3.32E-05	-4.22E-06	2.87E-07	-1.14E-05
336	6	17.1603	77.0503	414.055	-19832.6	-7216.12	-236.77	214.572	301.899	0	-2.34E-05	-8.39E-06	-7.27E-06	-1.06E-05
336	7	17.4275	76.5908	416.188	-19843.5	-7226.19	-261.957	214.637	301.679	0	-1.05E-05	-7.37E-06	-1.49E-05	-1.26E-05
336	8	17.6947	76.1313	418.322	-19854.4	-7236.27	-287.144	214.702	301.462	0	-1.05E-05	-7.37E-06	-1.49E-05	-1.26E-05
336	9	18.0732	75.8507	420.552	-19841.3	-7274.05	-320.047	214.704	301.179	0	-4.67E-07	-5.20E-06	-1.24E-05	-1.34E-05
336	10	18.4517	75.5701	422.782	-19828.3	-7311.84	-352.951	214.705	300.899	0	-4.67E-07	-5.20E-06	-1.24E-05	-1.34E-05
336	11	18.8013	75.099	425.101	-19784.1	-7300.6	-364.396	214.826	300.54	0	5.21E-06	-5.19E-06	-1.26E-05	-1.43E-05
336	12	19.1509	74.6279	427.42	-19739.8	-7289.37	-375.84	214.946	300.184	0	5.21E-06	-5.19E-06	-1.26E-05	-1.43E-05
336	13	19.3156	73.8547	429.43	-19740.3	-7318.41	-377.981	214.958	299.968	0	6.48E-06	-3.19E-06	-1.35E-05	-1.46E-05
336	14	19.4802	73.0815	431.44	-19740.7	-7347.44	-380.123	214.97	299.755	0	6.48E-06	-3.19E-06	-1.35E-05	-1.46E-05
336	15	19.4982	72.1181	433.362	-19785.4	-7389.2	-384.117	214.949	299.656	0	-3.77E-06	-3.69E-06	-4.42E-06	-1.43E-05
336	16	19.5161	71.1547	435.283	-19830.1	-7430.96	-388.111	214.928	299.557	0	-1.57E-05	-3.80E-06	-1.27E-05	-1.28E-05
336	17	19.4403	70.2893	436.817	-19902.6	-7480.47	-386.267	214.875	299.563	0	-1.57E-05	-3.80E-06	-1.27E-05	-1.28E-05
336	18	19.3644	69.4239	438.351	-19975	-7529.99	-384.422	214.822	299.569	0	-2.91E-05	5.23E-06	-3.44E-05	-1.29E-05
336	19	19.0509	68.5977	439.107	-20059.3	-7598.49	-367.984	214.696	299.682	0	-2.91E-05	5.23E-06	-3.44E-05	-1.29E-05
337	0	18.7375	67.7714	439.862	-20143.6	-7666.99	-351.546	214.57	299.795	0	-3.81E-05	8.57E-06	-3.37E-05	-1.26E-05
337	1	18.2915	66.9949	440.257	-20224.8	-7754.18	-351.192	214.387	299.939	0	-3.81E-05	8.57E-06	-3.37E-05	-1.26E-05
337	2	17.8455	66.2185	440.652	-20306	-7841.36	-350.837	214.205	300.082	0	-3.50E-05	9.59E-06	-2.16E-05	-1.23E-05
337	3	17.5453	65.5639	441.464	-20371.7	-7939.02	-338.499	214.017	300.146	0	-3.50E-05	9.59E-06	-2.16E-05	-1.23E-05
337	4	17.245	64.9092	442.277	-20437.5	-8036.68	-326.16	213.829	300.21	0	-3.00E-05	1.26E-05	-1.48E-05	-1.33E-05
337	5	16.9821	64.5093	443.187	-20503.1	-8099.7	-298.676	213.724	300.263	0	-2.94E-05	1.66E-05	-3.28E-07	-1.38E-05
337	6	16.7192	64.1094	444.097	-20568.8	-8162.73	-271.192	213.62	300.316	0	-2.94E-05	1.66E-05	-3.28E-07	-1.38E-05
337	7	16.4792	63.8095	445.131	-20576.5	-8156	-260.627	213.677	300.226	0	-3.14E-05	1.73E-05	8.33E-07	-1.36E-05
337	8	16.2391	63.5097	446.165	-20584.3	-8149.27	-250.061	213.735	300.136	0	-3.14E-05	1.73E-05	8.33E-07	-1.36E-05
337	9	16.104	63.3328	447.336	-20525.4	-8167.18	-235.864	213.743	299.884	0	-3.54E-05	1.56E-05	-1.63E-07	-1.02E-05
337	10	15.9689	63.1558	448.508	-20466.5	-8185.09	-221.667	213.75	299.633	0	-3.54E-05	1.56E-05	-1.63E-07	-1.02E-05
337	11	15.9191	63.3601	449.621	-20402.9	-8181.74	-213.206	213.803	299.378	0	-3.60E-05	1.44E-05	4.60E-07	-7.55E-06
337	12	15.8693	63.5644	450.735	-20339.2	-8178.4	-204.744	213.855	299.125	0	-3.60E-05	1.44E-05	4.60E-07	-7.55E-06
337	13	15.8323	64.0784	451.37	-20276.9	-8148.15	-207.736	213.948	298.923	0	-2.25E-05	7.53E-06	-6.25E-06	-7.06E-06
337	14	15.7954	64.5924	452.005	-20214.7	-8117.89	-210.727	214.04	298.722	0	-2.43E-06	3.87E-06	-1.16E-05	-8.91E-06
337	15	15.7372	65.0859	452.591	-20178.3	-8118.42	-201.161	214.062	298.584	0	-2.43E-06	3.87E-06	-1.16E-05	-8.91E-06
337	16	15.679	65.5795	453.177	-20141.9	-8118.96	-191.595	214.084	298.446	0	1.02E-05	5.04E-06	-1.05E-05	-1.12E-05
337	17	15.5277	65.8828	453.842	-20090.5	-8126.46	-179.252	214.094	298.268	0	1.02E-05	5.04E-06	-1.05E-05	-1.12E-05
337	18	15.3764	66.1861	454.507	-20039.1	-8133.97	-166.908	214.104	298.09	0	-7.65E-07	6.38E-06	2.46E-06	-1.16E-05
337	19	15.0062	66.3012	454.405	-20024.7	-8168.22	-141.071	214.024	298.068	0	-7.65E-07	6.38E-06	2.46E-06	-1.16E-05
338	0	14.6359	66.4163	454.303	-20010.3	-8202.48	-115.234	213.945	298.046	0	-1.51E-05	6.55E-06	-6.69E-06	-1.38E-05
338	1	14.091	66.3374	454.262	-20030.9	-8264.34	-90.3452	213.807	298.095	0	-1.51E-05	6.55E-06	-6.69E-06	-1.38E-05
338	2	13.5461	66.2585	454.222	-20051.6	-8326.19	-65.4569	213.669	298.145	0	-1.58E-05	7.22E-06	-2.86E-05	-1.54E-05
338	3	12.8875	66.2713	454.429	-20068.9	-8379.46	-35.9433	213.56	298.163	0	-1.23E-05	7.86E-06	-4.33E-05	-1.63E-05
338	4	12.2288	66.2842	454.636	-20086.2	-8432.72	-6.42977	213.452	298.181	0	-1.23E-05	7.86E-06	-4.33E-05	-1.63E-05
338	5	11.6146	66.4006	454.584	-20089.5	-8514.83	21.2546	213.269	298.193	0	-1.80E-05	3.17E-06	-4.03E-05	-1.46E-05
338	6	11.0003	66.517	454.532	-20092.8	-8596.93	48.9389	213.086	298.205	0	-1.80E-05	3.17E-06	-4.03E-05	-1.46E-05
338	7	10.538	66.8312	454.067	-20102	-8649.88	91.0598	212.95	298.271	0	-2.43E-05	-1.52E-07	-1.66E-05	-1.39E-05
338	8	10.0758	67.1454	453.603	-20111.1	-8702.84	133.181	212.814	298.336	0	-2.43E-05	-1.52E-07	-1.66E-05	-1.39E-05
338	9	9.67048	67.6227	453.816	-20091.4	-8713.01	136.717	212.801	298.272	0	-2.37E-05	2.19E-06	4.30E-06	-1.39E-05
338	10	9.26517	68.1	454.03	-20071.7	-8723.19	140.254	212.787	298.208	0	-2.37E-05	2.19E-06	4.30E-06	-1.39E-05
338	11	8.98611	68.6428	454.693	-20014.3	-8748.86	141.355	212.759	298.017	0	-2.33E-05	3.72E-06	2.07E-05	-1.26E-05
338	12	8.70705	69.1857	455.356	-19956.8	-8774.52	142.455	212.73	297.827	0	-2.26E-05	7.57E-06	3.28E-05	-1.09E-05
338	13	8.43286	69.5964	456.151	-19816	-8776.6	171.331	212.759	297.442	0	-2.26E-05	7.57E-06	3.28E-05	-1.09E-05
338	14	8.15867	70.0072	456.947	-19675.3	-8778.67	200.206	212.788	297.058	0	-1.86E-05	9.88E-06	1.55E-05	-7.89E-06
338	15	7.87061	70.3831	457.67	-19593.7	-8765.15	233.257	212.848	296.812	0	-1.86E-05	9.88E-06	1.55E-05	-7.89E-06
338	16	7.58255	70.7591	458.393	-19512.1	-8751.64	266.308	212.908	296.566	0	-1.80E-05	6.37E-06	-8.30E-06	-7.56E-06
338	17	7.18598	71.1687	459.185	-19454	-8799.49	286.574	212.837	296.366	0	-1.80E-05	6.37E-06	-8.30E-06	-7.56E-06
338	18	6.78942	71.5784	459.978	-19396	-8847.34	306.84	212.766	296.167	0	-1.69E-05	5.21E-06	-2.00E-05	-8.57E-06
338	19	6.31583	71.9756	460.876	-19364.1	-8895.82	323.28	212.698	296.016	0	-1.69E-05	5.21E-06	-2.00E-05	-8.57E-06
339	0	5.84224	72.3728	461.774	-19332.2	-8944.31	339.721	212.631	295.865	0	-1.50E-05	6.21E-06	-1.66E-05	-1.03E-05
339	1	5.21305	72.6212	462.673	-19319.5	-8993.55	374.782	212.562	295.756	0	-1.80E-05	6.56E-06	-1.30E-05	-1.29E-05
339	2	4.58386	72.8697	463.571	-19306.8	-9042.79	409.844	212.493	295.648	0	-1.80E-05	6.56E-06	-1.30E-05	-1.29E-05
339	3	3.76284	72.9455	464.528	-19300.3	-9162.9	430.269	212.275	295.548	0	-2.12E-05	8.23E-06	-4.12E-06	-1.29E-05
339	4	2.94181	73.0213	465.484	-19293.8	-9283.01	450.694	212.057	295.449	0	-2.12E-05	8.23E-06	-4.12E-06	-1.29E-05
339	5	2.0584	72.8359	466.977	-19293.5	-9392.72	472.4	211.886	295.316	0	-2.25E-05	8.75E-06	7.24E-06	-1.12E-05
339	6	1.17499	72.6504	468.469	-19293.1	-9502.42	494.106	211.716	295.183	0	-2.25E-05	8.75E-06	7.24E-06	-1.12E-05
339	7	0.293233	72.5917	469.644	-19295.6	-9590.83	517.742	211.579	295.086	0	-1.83E-05	1.25E-05	1.09E-05	-1.16E-05
339	8	-0.588524	72.5331	470.819	-19298.1	-9679.22	541.377	211.442	294.988	0	-1.83E-05	1.25E-05	1.09E-05	-1.16E-05
339	9	-1.48495	72.5426	472.408	-19277.1	-9809.9	582.162	211.234	294.806	0	-1.65E-05	1.68E-05	3.08E-06	-1.33E-05
339	10	-2.38137	72.552	473.996	-19256.2	-9940.58	622.948	211.028	294.625	0	-2.07E-05	1.76E-05	-1.27E-05	-1.66E-05
339	11	-3.21556	72.5941	476.125	-19206.3	-10080.8	641.186	210.827	294.339	0	-2.07E-05	1.76E-05	-1.27E-05	-1.66E-05
339	12	-4.04976	72.6361	478.253	-19156.3	-10221	659.425	210.628	294.055	0	-2.54E-05	1.56E-05	-2.50E-05	-1.70E-05
339	13	-4.7444	72.8706	480.64	-19109.7	-10301.3	669.498	210.568	293.759	0	-2.54E-05	1.56E-05	-2.50E-05	-1.70E-05
339	14	-5.43903	73.1052	483.027	-19063.1	-10381.5	679.571	210.507	293.466	0	-2.86E-05	1.73E-05	-2.57E-05	-1.70E-05
339	15	-6.07322	73.5517	485.774	-19000.8	-10458.7	700.557	210.47	293.115	0	-2.86E-05	1.73E-05	-2.57E-05	-1.70E-05
339	16	-6.7074	73.9982	488.52	-18938.5	-10535.9	721.542	210.433	292.767	0	-3.21E-05	1.61E-05	-3.08E-05	-1.73E-05
339	17	-7.35638	74.4354	491.18	-18841.7	-10606.8	722.002	210.405	292.36	0	-3.21E-05	1.61E-05	-3.08E-05	-1.73E-05
339	18	-8.00537	74.8727	493.839	-18744.9	-10677.8	722.462	210.378	291.958	0	-3.24E-05	1.29E-05	-3.93E-05	-1.46E-05
339	19	-8.63269	75.2477	496.644	-18702.3	-10775.4	737.749	210.304	291.657	0	-2.58E-05	1.09E-05	-3.70E-05	-1.09E-05
340	0	-9.26002	75.6227	499.448	-18659.7	-10873	753.036	210.23	291.361	0	-2.58E-05	1.09E-05	-3.70E-05	-1.09E-05
340	1	-10.0249	75.9324	502.415	-18678.1	-10999.8	805.08	210.106	291.177	0	-2.53E-05	6.18E-06	-2.83E-05	-7.03E-06
340	2	-10.7898	76.242	505.381	-18696.4	-11126.6	857.123	209.984	290.995	0	-2.53E-05	6.18E-06	-2.83E-05	-7.03E-06
340	3	-11.693	76.4184	508.231	-18661.4	-11248.8	881.673	209.867	290.718	0	-2.50E-05	2.16E-06	-1.43E-05	-4.52E-06
340	4	-12.5961	76.5948	511.08	-18626.3	-11371.1	906.223	209.751	290.445	0	-2.50E-05	2.16E-06	-1.43E-05	-4.52E-06
340	5	-13.5115	76.6416	513.871	-18604.8	-11522.8	909.869	209.576	290.205	0	-2.48E-05	-1.19E-06	6.24E-06	-3.21E-06
340	6	-14.4268	76.6884	516.661	-18583.3	-11674.5	913.515	209.404	289.968	0	-2.48E-05	-1.19E-06	6.24E-06	-3.21E-06
340	7	-15.2468	76.8185	519.235	-18599.4	-11861.6	932.92	209.156	289.821	0	-2.57E-05	-2.86E-06	1.12E-05	-5.90E-06
340	8	-16.0669	76.9485	521.808	-18615.4	-12048.6	952.325	208.91	289.675	0	-2.79E-05	-3.20E-06	1.16E-05	-1.03E-05
340	9	-16.8778	77.1567	524.401	-18623.3	-12198.6	994.167	208.738	289.513	0	-2.79E-05	-3.20E-06	1.16E-05	-1.03E-05
340	10	-17.6888	77.365	526.993	-18631.1	-12348.5	1036.01	208.568	289.354	0	-3.48E-05	-4.37E-06	1.05E-05	-1.33E-05
340	11	-18.3993	77.7121	529.642	-18609.7	-12469.9	1058.18	208.456	289.136	0	-3.48E-05	-4.37E-06	1.05E-05	-1.33E-05
340	12	-19.1098	78.0593	532.29	-18588.2	-12591.2	1080.36	208.345	288.921	0	-3.78E-05	-5.56E-06	5.04E-07	-1.43E-05
340	13	-19.7153	78.4776	535.293	-18529.7	-12702.3	1082.97	208.27	288.616	0	-3.78E-05	-5.56E-06	5.04E-07	-1.43E-05
340	14	-20.3208	78.8958	538.296	-18471.2	-12813.4	1085.58	208.196	288.314	0	-4.00E-05	-8.42E-06	5.57E-07	-1.19E-05
340	15	-20.8244	79.3617	541.21	-18401.2	-12927.6	1108.59	208.113	288	0	-4.00E-05	-8.42E-06	5.57E-07	-1.19E-05
340	16	-21.3281	79.8276	544.124	-18331.2	-13041.8	1131.59	208.032	287.689	0	-4.21E-05	-1.26E-05	8.37E-06	-1.11E-05
340	17	-21.6816	80.3566	546.552	-18263.4	-13131.7	1162.26	207.974	287.416	0	-4.09E-05	-8.54E-06	4.21E-06	-1.33E-05
340	18	-22.035	80.8856	548.979	-18195.7	-13221.6	1192.92	207.916	287.145	0	-4.09E-05	-8.54E-06	4.21E-06	-1.33E-05
340	19	-22.2461	81.4724	551.675	-18112.9	-13285.5	1211.93	207.918	286.833	0	-3.03E-05	-5.53E-06	-1.79E-05	-1.36E-05
341	0	-22.4571	82.0592	554.371	-18030	-13349.5	1230.94	207.92	286.523	0	-3.03E-05	-5.53E-06	-1.79E-05	-1.36E-05
341	1	-22.7422	82.5578	557.174	-17951.1	-13464.8	1228.5	207.834	286.218	0	-2.47E-05	-4.17E-06	-3.03E-05	-1.16E-05
341	2	-23.0273	83.0565	559.978	-17872.1	-13580.2	1226.06	207.749	285.916	0	-2.47E-05	-4.17E-06	-3.03E-05	-1.16E-05
341	3	-23.5285	83.56	562.187	-17831.3	-13624	1246.42	207.766	285.718	0	-2.70E-05	-4.56E-07	-2.39E-05	-1.22E-05
341	4	-24.0297	84.0635	564.396	-17790.5	-13667.8	1266.78	207.783	285.521	0	-2.70E-05	-4.56E-07	-2.39E-05	-1.22E-05
341	5	-24.4198	84.3023	566.292	-17811.6	-13776.5	1321.56	207.672	285.453	0	-2.70E-05	6.60E-06	-1.25E-05	-1.06E-05
341	6	-24.8098	84.541	568.188	-17832.8	-13885.3	1376.34	207.562	285.385	0	-2.60E-05	1.39E-05	-4.62E-06	-1.36E-05
341	7	-25.2083	84.4312	569.963	-17806.8	-14045.6	1414.78	207.357	285.242	0	-2.60E-05	1.39E-05	-4.62E-06	-1.36E-05
341	8	-25.6068	84.3214	571.737	-17780.7	-14206	1453.23	207.153	285.1	0	-2.90E-05	1.46E-05	-1.84E-05	-1.70E-05
341	9	-25.9544	84.3856	573.449	-17743.1	-14350.1	1459.59	206.976	284.941	0	-2.90E-05	1.46E-05	-1.84E-05	-1.70E-05
341	10	-26.302	84.4498	575.162	-17705.4	-14494.1	1465.96	206.8	284.783	0	-2.56E-05	1.04E-05	-3.03E-05	-1.66E-05
341	11	-26.5879	84.7916	577.21	-17698.9	-14548.3	1497.96	206.795	284.663	0	-2.56E-05	1.04E-05	-3.03E-05	-1.66E-05
341	12	-26.8738	85.1334	579.258	-17692.4	-14602.5	1529.97	206.791	284.543	0	-1.48E-05	9.89E-06	-1.92E-05	-1.54E-05
341	13	-27.1247	85.5592	581.333	-17678.5	-14684	1567.62	206.741	284.41	0	-1.48E-05	9.89E-06	-1.92E-05	-1.54E-05
341	14	-27.3756	85.9851	583.409	-17664.5	-14765.6	1605.27	206.691	284.278	0	-1.69E-05	8.34E-06	-2.86E-06	-1.38E-05
341	15	-27.3764	86.2633	585.436	-17616.4	-14858.6	1629.79	206.62	284.091	0	-2.81E-05	7.94E-07	-3.97E-06	-1.40E-05
341	16	-27.3773	86.5415	587.463	-17568.2	-14951.6	1654.31	206.549	283.905	0	-2.81E-05	7.94E-07	-3.97E-06	-1.40E-05
341	17	-27.3255	86.8212	589.477	-17496.3	-15040.4	1657.8	206.485	283.681	0	-3.34E-05	-5.89E-06	-2.04E-05	-1.68E-05
341	18	-27.2738	87.1009	591.491	-17424.5	-15129.2	1661.3	206.422	283.459	0	-3.34E-05	-5.89E-06	-2.04E-05	-1.68E-05
341	19	-27.1901	87.2967	593.756	-17359.4	-15182.6	1677.77	206.43	283.237	0	-2.98E-05	-8.23E-06	-2.70E-05	-1.71E-05
342	0	-27.1064	87.4925	596.021	-17294.2	-15236	1694.25	206.437	283.016	0	-2.98E-05	-8.23E-06	-2.70E-05	-1.71E-05
342	1	-27.0297	87.6181	597.848	-17242.5	-15263.1	1728.43	206.47	282.841	0	-2.43E-05	-9.06E-06	-2.20E-05	-1.56E-05
342	2	-26.9531	87.7436	599.676	-17190.7	-15290.1	1762.61	206.503	282.667	0	-2.43E-05	-9.06E-06	-2.20E-05	-1.56E-05
342	3	-26.965	87.6698	601.409	-17156.2	-15400.9	1784.97	206.392	282.527	0	-1.99E-05	-8.20E-06	-2.32E-05	-1.58E-05
342	4	-26.9769	87.596	603.143	-17121.6	-15511.7	1807.34	206.282	282.387	0	-1.35E-05	-4.82E-06	-4.03E-06	-1.38E-05
342	5	-27.2352	87.5187	605.039	-17112.5	-15580.1	1838.15	206.25	282.283	0	-1.35E-05	-4.82E-06	-4.03E-06	-1.38E-05
342	6	-27.4934	87.4414	606.936	-17103.4	-15648.5	1868.96	206.217	282.18	0	-5.83E-06	1.71E-06	2.00E-05	-1.23E-05
342	7	-27.7152	87.393	608.371	-17058	-15771.7	1901.5	206.076	282.039	0	-5.83E-06	1.71E-06	2.00E-05	-1.23E-05
342	8	-27.937	87.3446	609.807	-17012.6	-15894.9	1934.04	205.935	281.898	0	8.07E-07	7.05E-06	2.75E-05	-1.26E-05
342	9	-27.9277	87.1311	611.147	-16999.7	-16008.8	1955.87	205.805	281.816	0	8.07E-07	7.05E-06	2.75E-05	-1.26E-05
342	10	-27.9185	86.9175	612.487	-16986.9	-16122.6	1977.7	205.677	281.734	0	-3.97E-06	6.71E-06	2.06E-05	-1.49E-05
342	11	-27.8442	86.7452	614.153	-16949.5	-16227.9	2001.37	205.577	281.598	0	-3.97E-06	6.71E-06	2.06E-05	-1.49E-05
342	12	-27.7699	86.5729	615.819	-16912.2	-16333.1	2025.05	205.477	281.463	0	-1.97E-05	6.21E-06	8.53E-06	-1.46E-05
342	13	-27.6481	86.4518	617.567	-16874.9	-16391.7	2066.2	205.458	281.325	0	-2.62E-05	6.54E-06	4.52E-06	-1.43E-05
342	14	-27.5263	86.3307	619.315	-16837.6	-16450.4	2107.34	205.438	281.187	0	-2.62E-05	6.54E-06	4.52E-06	-1.43E-05
342	15	-27.397	86.4491	621.421	-16816.9	-16493.3	2124.1	205.459	281.062	0	-2.40E-05	6.38E-06	3.17E-06	-1.46E-05
342	16	-27.2676	86.5674	623.526	-16796.3	-16536.3	2140.85	205.479	280.938	0	-2.40E-05	6.38E-06	3.17E-06	-1.46E-05
342	17	-27.228	86.6555	625.493	-16702.5	-16599	2175.49	205.462	280.703	0	-2.26E-05	6.86E-06	9.70E-07	-1.38E-05
342	18	-27.1883	86.7435	627.459	-16608.8	-16661.8	2210.12	205.446	280.47	0	-2.26E-05	6.86E-06	9.70E-07	-1.38E-05
342	19	-27.1773	86.6763	628.777	-16538.1	-16725.6	2240.51	205.4	280.302	0	-2.03E-05	4.19E-06	-4.55E-06	-1.36E-05
343	0	-27.1664	86.6091	630.096	-16467.4	-16789.5	2270.91	205.354	280.135	0	-2.03E-05	4.19E-06	-4.55E-06	-1.36E-05
343	1	-27.0037	86.3892	631.4	-16443.2	-16858.4	2309.56	205.3	280.042	0	-2.25E-05	3.38E-06	-7.56E-06	-1.36E-05
343	2	-26.8411	86.1693	632.704	-16419	-16927.3	2348.21	205.246	279.95	0	-3.07E-05	6.57E-06	-8.92E-06	-1.19E-05
343	3	-26.8028	86.0276	634.263	-16393.3	-17008.9	2385.92	205.183	279.846	0	-3.07E-05	6.57E-06	-8.92E-06	-1.19E-05
343	4	-26.7645	85.8858	635.823	-16367.7	-17090.5	2423.62	205.121	279.743	0	-3.50E-05	9.93E-06	-1.26E-05	-9.91E-06
343	5	-26.7019	85.882	637.061	-16340.7	-17178.5	2423.23	205.035	279.65	0	-3.50E-05	9.93E-06	-1.26E-05	-9.91E-06
343	6	-26.6393	85.8781	638.299	-16313.7	-17266.5	2422.84	204.949	279.558	0	-2.59E-05	1.38E-05	-1.86E-05	-1.13E-05
343	7	-26.5798	85.8863	639.628	-16304.1	-17300.3	2460.82	204.953	279.49	0	-2.59E-05	1.38E-05	-1.86E-05	-1.13E-05
343	8	-26.5204	85.8945	640.956	-16294.5	-17334	2498.8	204.956	279.422	0	-1.04E-05	1.44E-05	-1.60E-05	-1.33E-05
343	9	-26.5502	85.8088	642.768	-16213.2	-17417.6	2540.23	204.902	279.224	0	-1.04E-05	1.44E-05	-1.60E-05	-1.33E-05
343	10	-26.5801	85.723	644.579	-16131.9	-17501.3	2581.66	204.849	279.027	0	-2.46E-06	1.39E-05	-6.87E-06	-1.36E-05
343	11	-26.3461	85.7679	645.723	-16080.1	-17579.1	2609.79	204.776	278.902	0	5.54E-06	1.19E-05	-4.72E-06	-1.21E-05
343	12	-26.1121	85.8128	646.867	-16028.2	-17657	2637.92	204.704	278.778	0	5.54E-06	1.19E-05	-4.72E-06	-1.21E-05
343	13	-25.8749	85.9964	648.177	-15965.3	-17666	2669.3	204.745	278.631	0	5.14E-06	9.89E-06	-7.16E-06	-1.16E-05
343	14	-25.6378	86.1799	649.488	-15902.3	-17675	2700.67	204.786	278.484	0	5.14E-06	9.89E-06	-7.16E-06	-1.16E-05
343	15	-25.5871	86.4117	650.652	-15837	-17716.4	2729.4	204.771	278.34	0	-3.60E-06	7.56E-06	1.53E-06	-9.56E-06
343	16	-25.5365	86.6435	651.817	-15771.7	-17757.8	2758.14	204.757	278.196	0	-3.60E-06	7.56E-06	1.53E-06	-9.56E-06
343	17	-25.3414	86.683	652.851	-15719.2	-17816	2782.6	204.711	278.078	0	-1.36E-05	8.55E-06	3.82E-06	-8.40E-06
343	18	-25.1463	86.7225	653.886	-15666.8	-17874.2	2807.07	204.665	277.96	0	-1.36E-05	8.55E-06	3.82E-06	-8.40E-06
343	19	-25.0258	86.7441	654.951	-15635.9	-17915.3	2849.25	204.646	277.873	0	-1.66E-05	6.36E-06	-1.77E-06	-9.77E-06
344	0	-24.9053	86.7658	656.017	-15605.1	-17956.4	2891.44	204.628	277.788	0	-1.43E-05	3.85E-06	-1.54E-05	-1.41E-05
344	1	-24.8636	86.8262	657.055	-15528	-18000.5	2917.51	204.604	277.633	0	-1.43E-05	3.85E-06	-1.54E-05	-1.41E-05
344	2	-24.822	86.8866	658.094	-15451	-18044.7	2943.57	204.58	277.478	0	-1.36E-05	3.00E-06	-2.93E-05	-1.70E-05
344	3	-24.7685	86.959	658.828	-15392.5	-18076	2952.5	204.563	277.363	0	-1.36E-05	3.00E-06	-2.93E-05	-1.70E-05
344	4	-24.715	87.0314	659.563	-15334	-18107.4	2961.43	204.546	277.249	0	-1.58E-05	-3.26E-07	-4.15E-05	-1.95E-05
344	5	-24.627	87.2209	660.046	-15303.6	-18151.7	2981.68	204.499	277.186	0	-1.58E-05	-3.26E-07	-4.15E-05	-1.95E-05
344	6	-24.5389	87.4104	660.528	-15273.3	-18196	3001.93	204.452	277.123	0	-2.07E-05	1.00E-06	-4.13E-05	-1.89E-05
344	7	-24.4257	87.588	661.763	-15190.7	-18222.2	3039.91	204.464	276.955	0	-2.07E-05	1.00E-06	-4.13E-05	-1.89E-05
344	8	-24.3125	87.7656	662.998	-15108.2	-18248.4	3077.88	204.476	276.788	0	-3.11E-05	7.11E-07	-2.36E-05	-1.58E-05
344	9	-24.1164	87.7452	663.935	-15045.4	-18295.9	3083.97	204.443	276.661	0	-3.64E-05	6.39E-06	-1.43E-05	-1.53E-05
344	10	-23.9203	87.7249	664.872	-14982.7	-18343.4	3090.05	204.411	276.535	0	-3.64E-05	6.39E-06	-1.43E-05	-1.53E-05
344	11	-23.7606	87.7773	666.068	-15002.4	-18421.4	3108.48	204.343	276.524	0	-3.16E-05	8.21E-06	-1.32E-05	-1.46E-05
344	12	-23.6009	87.8296	667.264	-15022.2	-18499.5	3126.9	204.276	276.513	0	-3.16E-05	8.21E-06	-1.32E-05	-1.46E-05
344	13	-23.4911	88.016	668.794	-14952.3	-18523	3136.9	204.304	276.357	0	-1.90E-05	6.54E-06	-1.11E-05	-1.49E-05
344	14	-23.3813	88.2024	670.325	-14882.4	-18546.5	3146.9	204.332	276.202	0	-1.90E-05	6.54E-06	-1.11E-05	-1.49E-05
344	15	-23.2546	88.2809	671.373	-14821.3	-18573.1	3160.2	204.336	276.076	0	-4.17E-06	6.20E-06	-1.15E-05	-1.44E-05
344	16	-23.128	88.3594	672.421	-14760.2	-18599.8	3173.49	204.339	275.951	0	-4.17E-06	6.20E-06	-1.15E-05	-1.44E-05
344	17	-23.1193	88.2316	673.459	-14713.1	-18661.7	3200.29	204.29	275.847	0	-1.20E-06	4.86E-06	-6.87E-06	-1.36E-05
344	18	-23.1106	88.1039	674.497	-14666.1	-18723.6	3227.1	204.241	275.744	0	-5.20E-06	3.85E-06	-5.25E-06	-1.38E-05
344	19	-23.0816	88.1222	675.501	-14615	-18758.7	3248.53	204.23	275.636	0	-5.20E-06	3.85E-06	-5.25E-06	-1.38E-05
345	0	-23.0526	88.1405	676.505	-14563.9	-18793.8	3269.96	204.219	275.528	0	-5.05E-06	2.52E-06	-1.13E-05	-1.43E-05
345	1	-22.795	88.171	677.396	-14525.8	-18830.6	3288.17	204.201	275.444	0	-5.05E-06	2.52E-06	-1.13E-05	-1.43E-05
345	2	-22.5375	88.2015	678.287	-14487.8	-18867.4	3306.38	204.184	275.359	0	-7.59E-06	2.17E-06	-1.59E-05	-1.49E-05
345	3	-22.3443	88.1261	679.245	-14437.4	-18917.2	3313.57	204.15	275.255	0	-7.59E-06	2.17E-06	-1.59E-05	-1.49E-05
345	4	-22.1511	88.0508	680.203	-14387	-18967.1	3320.77	204.116	275.151	0	-1.26E-05	1.16E-06	-1.51E-05	-1.44E-05
345	5	-22.0481	87.959	681.482	-14385.3	-19021.8	3329.45	204.088	275.109	0	-1.26E-05	1.16E-06	-1.51E-05	-1.44E-05
345	6	-21.9451	87.8672	682.761	-14383.6	-19076.6	3338.14	204.06	275.067	0	-1.52E-05	-9.94E-07	-1.09E-05	-1.32E-05
345	7	-21.8462	87.9152	683.704	-14338.2	-19107.6	3348.68	204.053	274.971	0	-2.80E-05	8.46E-07	-8.72E-06	-1.09E-05
345	8	-21.7473	87.9631	684.646	-14292.9	-19138.6	3359.22	204.046	274.876	0	-2.80E-05	8.46E-07	-8.72E-06	-1.09E-05
345	9	-21.63	87.8738	685.55	-14229.1	-19186.1	3376.51	204.014	274.756	0	-4.02E-05	1.86E-06	-6.90E-06	-9.89E-06
345	10	-21.5127	87.7846	686.455	-14165.3	-19233.7	3393.8	203.981	274.635	0	-4.02E-05	1.86E-06	-6.90E-06	-9.89E-06
345	11	-21.4509	87.6524	687.494	-14107.6	-19271.7	3394.44	203.968	274.52	0	-3.44E-05	3.21E-06	-9.91E-06	-8.74E-06
345	12	-21.3891	87.5203	688.534	-14049.9	-19309.6	3395.07	203.955	274.406	0	-3.44E-05	3.21E-06	-9.91E-06	-8.74E-06
345	13	-21.2299	87.4083	689.414	-14009.9	-19328.1	3398.06	203.965	274.322	0	-2.63E-05	6.54E-06	-1.03E-05	-1.02E-05
345	14	-21.0708	87.2963	690.295	-13970	-19346.5	3401.04	203.974	274.238	0	-2.63E-05	6.54E-06	-1.03E-05	-1.02E-05
345	15	-20.9352	87.1451	691.323	-13918.1	-19393.8	3406.25	203.947	274.133	0	-1.35E-05	5.70E-06	-1.50E-05	-9.23E-06
345	16	-20.7996	86.994	692.351	-13866.2	-19441	3411.46	203.92	274.028	0	-1.20E-06	4.83E-06	-2.81E-05	-9.58E-06
345	17	-20.6913	86.8627	693.359	-13792.2	-19514.3	3403.48	203.855	273.892	0	-1.20E-06	4.83E-06	-2.81E-05	-9.58E-06
345	18	-20.5829	86.7315	694.367	-13718.2	-19587.5	3395.49	203.791	273.756	0	-4.31E-06	-4.99E-07	-3.81E-05	-1.09E-05
345	19	-20.4211	86.5448	695.552	-13683.4	-19599.7	3404.58	203.821	273.673	0	-4.31E-06	-4.99E-07	-3.81E-05	-1.09E-05
346	0	-20.2593	86.3581	696.738	-13648.7	-19612	3413.66	203.852	273.589	0	-2.04E-05	2.05E-07	-3.91E-05	-1.23E-05
346	1	-20.0797	86.1847	697.317	-13636	-19643.3	3416.98	203.83	273.555	0	-2.04E-05	2.05E-07	-3.91E-05	-1.23E-05
346	2	-19.9001	86.0112	697.897	-13623.4	-19674.7	3420.29	203.809	273.521	0	-2.84E-05	5.56E-06	-3.54E-05	-1.28E-05
346	3	-19.6652	85.901	699.213	-13576.7	-19697.2	3430.63	203.829	273.417	0	-2.84E-05	5.56E-06	-3.54E-05	-1.28E-05
346	4	-19.4303	85.7908	700.529	-13530	-19719.7	3440.97	203.85	273.314	0	-3.17E-05	8.56E-06	-2.86E-05	-1.36E-05
346	5	-19.2446	85.5587	701.548	-13501.8	-19764.5	3424.82	203.827	273.246	0	-3.39E-05	8.56E-06	-2.04E-05	-1.51E-05
346	6	-19.0588	85.3266	702.568	-13473.6	-19809.3	3408.66	203.804	273.178	0	-3.39E-05	8.56E-06	-2.04E-05	-1.51E-05
346	7	-18.9666	85.1201	703.264	-13418.7	-19813.2	3403.98	203.827	273.081	0	-2.97E-05	8.39E-06	-9.73E-06	-1.59E-05
346	8	-18.8743	84.9137	703.96	-13363.8	-19817	3399.31	203.849	272.984	0	-2.97E-05	8.39E-06	-9.73E-06	-1.59E-05
346	9	-18.7667	84.718	705.145	-13308.5	-19842.9	3397.93	203.86	272.873	0	-2.53E-05	8.04E-06	1.44E-05	-1.19E-05
346	10	-18.6591	84.5224	706.33	-13253.2	-19868.7	3396.56	203.87	272.763	0	-2.53E-05	8.04E-06	1.44E-05	-1.19E-05
346	11	-18.4416	84.2924	707.132	-13211.6	-19906.2	3422	203.849	272.683	0	-2.26E-05	6.20E-06	2.87E-05	-6.38E-06
346	12	-18.2241	84.0623	707.933	-13170	-19943.7	3447.43	203.828	272.603	0	-2.26E-05	6.20E-06	2.87E-05	-6.38E-06
346	13	-17.9968	83.7641	708.559	-13166.3	-19989.1	3439.09	203.789	272.582	0	-2.03E-05	4.70E-06	2.69E-05	-6.55E-06
346	14	-17.7695	83.4658	709.186	-13162.6	-20034.4	3430.76	203.75	272.56	0	-1.90E-05	4.87E-06	3.19E-05	-6.89E-06
346	15	-17.6398	83.3345	710.353	-13110.3	-20071.7	3432.81	203.744	272.456	0	-1.90E-05	4.87E-06	3.19E-05	-6.89E-06
346	16	-17.51	83.2031	711.52	-13058	-20109.1	3434.86	203.738	272.352	0	-2.30E-05	5.70E-06	2.93E-05	-7.59E-06
346	17	-17.3528	83.048	712.121	-12991.2	-20116.3	3427.49	203.752	272.243	0	-2.30E-05	5.70E-06	2.93E-05	-7.59E-06
346	18	-17.1955	82.893	712.721	-12924.5	-20123.6	3420.12	203.765	272.134	0	-2.43E-05	5.21E-06	1.35E-05	-1.21E-05
346	19	-17.0072	82.7228	713.03	-12886.9	-20132.7	3424.7	203.765	272.073	0	-2.43E-05	5.21E-06	1.35E-05	-1.21E-05
347	0	-16.8189	82.5526	713.339	-12849.3	-20141.9	3429.28	203.764	272.013	0	-2.47E-05	6.54E-06	-1.53E-06	-1.65E-05
347	1	-16.693	82.2976	713.85	-12800.5	-20205.2	3431.52	203.695	271.932	0	-2.47E-05	6.54E-06	-1.53E-06	-1.65E-05
347	2	-16.5671	82.0427	714.361	-12751.7	-20268.5	3433.77	203.627	271.85	0	-2.50E-05	5.53E-06	-4.89E-06	-1.83E-05
347	3	-16.3817	81.7846	714.686	-12729.3	-20293.3	3425.98	203.605	271.811	0	-2.43E-05	4.53E-06	-8.22E-06	-1.66E-05
347	4	-16.1963	81.5265	715.012	-12707	-20318.2	3418.18	203.583	271.772	0	-2.43E-05	4.53E-06	-8.22E-06	-1.66E-05
347	5	-16.0488	81.2366	715.747	-12715.6	-20301.8	3427.67	203.635	271.766	0	-2.23E-05	3.86E-06	-8.19E-06	-1.64E-05
347	6	-15.9013	80.9467	716.483	-12724.3	-20285.5	3437.17	203.687	271.759	0	-2.23E-05	3.86E-06	-8.19E-06	-1.64E-05
347	7	-15.7714	80.6326	717.244	-12688.6	-20310.4	3435.99	203.683	271.691	0	-2.10E-05	4.19E-06	-2.85E-06	-1.36E-05
347	8	-15.6415	80.3184	718.004	-12652.9	-20335.3	3434.81	203.678	271.622	0	-2.10E-05	4.19E-06	-2.85E-06	-1.36E-05
347	9	-15.4707	80.0792	718.375	-12605.6	-20370.6	3421.05	203.644	271.547	0	-2.20E-05	3.68E-06	-2.19E-06	-1.01E-05
347	10	-15.3	79.84	718.745	-12558.3	-20405.9	3407.3	203.609	271.473	0	-2.20E-05	3.68E-06	-2.19E-06	-1.01E-05
347	11	-15.1338	79.6754	718.736	-12541.2	-20413.7	3404.59	203.598	271.449	0	-2.06E-05	2.17E-06	-2.90E-06	-8.90E-06
347	12	-14.9677	79.5107	718.726	-12524	-20421.6	3401.89	203.586	271.425	0	-1.86E-05	1.17E-06	-9.12E-06	-9.76E-06
347	13	-14.7418	79.1455	718.718	-12470.3	-20437.1	3409.13	203.565	271.351	0	-1.86E-05	1.17E-06	-9.12E-06	-9.76E-06
347	14	-14.516	78.7804	718.709	-12416.6	-20452.6	3416.38	203.543	271.276	0	-2.03E-05	5.04E-07	-1.65E-05	-1.31E-05
347	15	-14.469	78.4751	718.918	-12379.8	-20482.9	3403.39	203.509	271.22	0	-2.03E-05	5.04E-07	-1.65E-05	-1.31E-05
347	16	-14.4219	78.1697	719.127	-12343	-20513.2	3390.4	203.475	271.164	0	-2.18E-05	5.11E-07	-1.86E-05	-1.53E-05
347	17	-14.334	77.8196	719.341	-12312	-20523.6	3374.64	203.469	271.116	0	-2.18E-05	5.11E-07	-1.86E-05	-1.53E-05
347	18	-14.246	77.4695	719.555	-12281	-20533.9	3358.87	203.463	271.068	0	-2.16E-05	1.50E-06	-1.12E-05	-1.44E-05
347	19	-14.0586	77.1109	719.842	-12228.3	-20508.9	3361.01	203.509	270.988	0	-2.16E-05	1.50E-06	-1.12E-05	-1.44E-05
348	0	-13.8711	76.7524	720.129	-12175.7	-20483.8	3363.15	203.555	270.908	0	-2.10E-05	3.44E-07	-2.91E-07	-1.17E-05
348	1	-13.7891	76.5131	720.546	-12159.8	-20525.1	3358.46	203.515	270.876	0	-2.20E-05	1.52E-06	5.81E-06	-8.90E-06
348	2	-13.7071	76.2739	720.963	-12143.8	-20566.3	3353.77	203.474	270.844	0	-2.20E-05	1.52E-06	5.81E-06	-8.90E-06
348	3	-13.6585	75.9987	721.138	-12128.7	-20579.9	3334.84	203.462	270.819	0	-2.16E-05	2.69E-06	-3.60E-06	-8.91E-06
348	4	-13.6099	75.7236	721.313	-12113.6	-20593.5	3315.91	203.45	270.794	0	-2.16E-05	2.69E-06	-3.60E-06	-8.91E-06
348	5	-13.5859	75.3337	721.149	-12057.3	-20579.7	3317.78	203.463	270.72	0	-2.07E-05	3.00E-06	-1.33E-05	-1.06E-05
348	6	-13.5618	74.9438	720.986	-12001.1	-20565.8	3319.66	203.475	270.645	0	-2.07E-05	3.00E-06	-1.33E-05	-1.06E-05
348	7	-13.4388	74.5523	720.711	-11997.3	-20580.6	3315.62	203.444	270.647	0	-2.14E-05	4.91E-07	-1.63E-05	-1.06E-05
348	8	-13.3158	74.1607	720.436	-11993.6	-20595.4	3311.59	203.413	270.648	0	-2.14E-05	4.91E-07	-1.63E-05	-1.06E-05
348	9	-13.3777	73.9191	720.327	-11982.7	-20621.3	3302.17	203.372	270.635	0	-2.64E-05	-1.16E-06	-2.00E-05	-9.57E-06
348	10	-13.4396	73.6774	720.219	-11971.8	-20647.2	3292.75	203.332	270.622	0	-3.14E-05	5.04E-07	-2.06E-05	-1.01E-05
348	11	-13.4044	73.2783	720.286	-11924.9	-20661.8	3271.35	203.314	270.556	0	-3.14E-05	5.04E-07	-2.06E-05	-1.01E-05
348	12	-13.3691	72.8792	720.353	-11878.1	-20676.4	3249.96	203.297	270.489	0	-3.48E-05	5.06E-07	-1.80E-05	-1.19E-05
348	13	-13.1951	72.5434	720.213	-11798	-20671.2	3232.01	203.298	270.381	0	-3.48E-05	5.06E-07	-1.80E-05	-1.19E-05
348	14	-13.021	72.2076	720.073	-11717.8	-20666.1	3214.05	203.3	270.273	0	-4.01E-05	8.38E-07	-1.70E-05	-1.12E-05
348	15	-13.0452	71.8487	719.91	-11685	-20667.8	3205.07	203.291	270.231	0	-4.01E-05	8.38E-07	-1.70E-05	-1.12E-05
348	16	-13.0694	71.4897	719.748	-11652.2	-20669.4	3196.09	203.282	270.189	0	-3.91E-05	6.80E-07	-1.69E-05	-1.02E-05
348	17	-13.1231	71.2437	719.67	-11675	-20684.7	3189.92	203.258	270.223	0	-3.91E-05	6.80E-07	-1.69E-05	-1.02E-05
348	18	-13.1769	70.9977	719.592	-11697.8	-20699.9	3183.74	203.234	270.256	0	-3.65E-05	1.89E-06	-1.59E-05	-1.13E-05
348	19	-13.2479	70.6603	719.159	-11692.6	-20714.1	3159.92	203.197	270.259	0	-4.16E-05	7.22E-06	-1.53E-05	-1.29E-05
349	0	-13.319	70.3229	718.726	-11687.4	-20728.2	3136.1	203.16	270.261	0	-4.16E-05	7.22E-06	-1.53E-05	-1.29E-05
349	1	-13.3792	69.8588	718.252	-11626.3	-20720.5	3119.31	203.151	270.187	0	-4.21E-05	7.90E-06	-1.46E-05	-1.39E-05
349	2	-13.4394	69.3947	717.778	-11565.2	-20712.7	3102.51	203.143	270.112	0	-4.21E-05	7.90E-06	-1.46E-05	-1.39E-05
349	3	-13.4081	69.0643	717.476	-11516	-20700.5	3108.93	203.148	270.051	0	-4.00E-05	8.90E-06	-1.31E-05	-1.49E-05
349	4	-13.3769	68.7339	717.174	-11466.9	-20688.3	3115.35	203.153	269.989	0	-4.00E-05	8.90E-06	-1.31E-05	-1.49E-05
349	5	-13.4072	68.5119	716.851	-11439.8	-20704.9	3092.95	203.117	269.958	0	-2.55E-05	9.90E-06	-1.06E-05	-1.51E-05
349	6	-13.4375	68.2899	716.528	-11412.8	-20721.6	3070.55	203.081	269.928	0	-2.55E-05	9.90E-06	-1.06E-05	-1.51E-05
349	7	-13.5299	67.9311	716.159	-11407.9	-20703.3	3044.81	203.091	269.929	0	-7.19E-06	9.06E-06	-9.58E-06	-1.39E-05
349	8	-13.6224	67.5723	715.79	-11403.1	-20685	3019.07	203.102	269.931	0	-3.60E-06	8.58E-06	-1.16E-05	-1.24E-05
349	9	-13.6594	67.156	715.262	-11357.6	-20681.3	3021.97	203.086	269.879	0	-3.60E-06	8.58E-06	-1.16E-05	-1.24E-05
349	10	-13.6964	66.7397	714.734	-11312.1	-20677.6	3024.86	203.069	269.827	0	-1.42E-05	1.13E-05	-1.09E-05	-1.36E-05
349	11	-13.6983	66.3647	714.166	-11277.7	-20686.2	2996.93	203.034	269.791	0	-1.42E-05	1.13E-05	-1.09E-05	-1.36E-05
349	12	-13.7001	65.9897	713.599	-11243.3	-20694.9	2969	202.999	269.756	0	-2.91E-05	1.24E-05	-8.24E-06	-1.36E-05
349	13	-13.7427	65.7789	713.115	-11254.8	-20687.2	2942.59	202.99	269.783	0	-2.91E-05	1.24E-05	-8.24E-06	-1.36E-05
349	14	-13.7852	65.5682	712.632	-11266.3	-20679.6	2916.17	202.981	269.809	0	-3.28E-05	1.39E-05	-1.04E-05	-1.29E-05
349	15	-13.9513	65.2873	712.064	-11237.7	-20669	2904.26	202.973	269.782	0	-3.28E-05	1.39E-05	-1.04E-05	-1.29E-05
349	16	-14.1174	65.0064	711.496	-11209.2	-20658.3	2892.35	202.965	269.754	0	-2.36E-05	1.33E-05	-1.53E-05	-1.23E-05
349	17	-14.2595	64.6616	710.865	-11172	-20679.2	2881.46	202.91	269.716	0	-1.90E-05	1.24E-05	-1.97E-05	-1.31E-05
349	18	-14.4017	64.3168	710.234	-11134.9	-20700.1	2870.57	202.855	269.678	0	-1.90E-05	1.24E-05	-1.97E-05	-1.31E-05
349	19	-14.5362	63.9835	709.542	-11095.6	-20694.5	2858.22	202.834	269.638	0	-2.38E-05	1.02E-05	-2.37E-05	-1.38E-05
350	0	-14.6708	63.6502	708.85	-11056.3	-20689	2845.87	202.813	269.598	0	-2.38E-05	1.02E-05	-2.37E-05	-1.38E-05
350	1	-14.8161	63.2806	708.231	-11021.9	-20687.8	2835.17	202.789	269.563	0	-2.40E-05	9.73E-06	-1.16E-05	-1.33E-05
350	2	-14.9615	62.9109	707.611	-10987.4	-20686.6	2824.47	202.766	269.527	0	-2.40E-05	9.73E-06	-1.16E-05	-1.33E-05
350	3	-15.0835	62.5805	707.294	-10959.6	-20702.5	2804.26	202.73	269.495	0	-2.18E-05	8.89E-06	2.27E-06	-1.28E-05
350	4	-15.2055	62.25	706.977	-10931.8	-20718.3	2784.05	202.695	269.463	0	-2.18E-05	8.89E-06	2.27E-06	-1.28E-05
350	5	-15.3759	61.8433	706.193	-10902.6	-20739.6	2776.3	202.632	269.439	0	-2.40E-05	8.23E-06	1.37E-05	-1.23E-05
350	6	-15.5462	61.4365	705.408	-10873.4	-20760.8	2768.55	202.569	269.414	0	-2.45E-05	8.57E-06	5.47E-06	-1.19E-05
350	7	-15.6546	61.0416	704.514	-10848	-20758.2	2764.8	202.535	269.398	0	-2.45E-05	8.57E-06	5.47E-06	-1.19E-05
350	8	-15.763	60.6466	703.62	-10822.7	-20755.5	2761.05	202.502	269.381	0	-2.62E-05	9.22E-06	-4.17E-06	-1.36E-05
350	9	-15.8647	60.375	703.121	-10808.2	-20738.1	2729.98	202.506	269.372	0	-2.62E-05	9.22E-06	-4.17E-06	-1.36E-05
350	10	-15.9664	60.1034	702.622	-10793.6	-20720.7	2698.9	202.509	269.362	0	-2.47E-05	8.22E-06	-1.16E-06	-1.29E-05
350	11	-16.2008	59.7651	701.928	-10774.4	-20701.1	2681.29	202.508	269.35	0	-2.47E-05	8.22E-06	-1.16E-06	-1.29E-05
350	12	-16.4351	59.4268	701.234	-10755.2	-20681.5	2663.69	202.507	269.338	0	-2.20E-05	7.54E-06	1.27E-06	-1.23E-05
350	13	-16.6066	59.0308	700.213	-10724.4	-20686.5	2638.69	202.457	269.316	0	-2.20E-05	7.54E-06	1.27E-06	-1.23E-05
350	14	-16.778	58.6348	699.192	-10693.5	-20691.6	2613.69	202.407	269.294	0	-2.28E-05	5.53E-06	-8.43E-06	-1.26E-05
350	15	-16.9259	58.2591	698.883	-10638.3	-20700.6	2605.73	202.381	269.222	0	-2.57E-05	4.53E-06	-1.32E-05	-1.31E-05
350	16	-17.0737	57.8834	698.573	-10583	-20709.6	2597.77	202.354	269.149	0	-2.57E-05	4.53E-06	-1.32E-05	-1.31E-05
350	17	-17.2837	57.5176	697.699	-10552.5	-20725.9	2583.71	202.294	269.125	0	-2.89E-05	3.86E-06	-6.54E-06	-1.33E-05
350	18	-17.4937	57.1519	696.826	-10522	-20742.2	2569.65	202.233	269.1	0	-2.89E-05	3.86E-06	-6.54E-06	-1.33E-05
350	19	-17.6242	56.8438	695.843	-10501.6	-20722.3	2540.97	202.22	269.092	0	-2.84E-05	3.19E-06	-6.39E-06	-1.36E-05
351	0	-17.7548	56.5358	694.86	-10481.2	-20702.4	2512.3	202.206	269.084	0	-2.84E-05	3.19E-06	-6.39E-06	-1.36E-05
351	1	-17.8931	56.1928	693.949	-10465.7	-20700.2	2498.81	202.17	269.081	0	-2.77E-05	3.69E-06	-8.58E-06	-1.36E-05
351	2	-18.0314	55.8499	693.037	-10450.1	-20698.1	2485.31	202.134	269.079	0	-2.77E-05	3.69E-06	-8.58E-06	-1.36E-05
351	3	-18.1726	55.4491	692.173	-10426	-20677.3	2469.63	202.127	269.063	0	-2.94E-05	3.55E-06	-1.11E-05	-1.31E-05
351	4	-18.3138	55.0483	691.308	-10401.8	-20656.4	2453.94	202.12	269.047	0	-2.70E-05	6.89E-06	-1.09E-05	-1.39E-05
351	5	-18.5398	54.6249	690.532	-10338.9	-20628.3	2452.82	202.127	268.972	0	-2.70E-05	6.89E-06	-1.09E-05	-1.39E-05
351	6	-18.7658	54.2014	689.756	-10276	-20600.1	2451.7	202.134	268.898	0	-1.86E-05	7.72E-06	-1.04E-05	-1.38E-05
351	7	-19.0061	53.853	688.772	-10259.3	-20595.6	2434.81	202.098	268.895	0	-1.86E-05	7.72E-06	-1.04E-05	-1.38E-05
351	8	-19.2463	53.5045	687.787	-10242.6	-20591	2417.91	202.062	268.892	0	-1.25E-05	7.21E-06	-1.24E-05	-1.23E-05
351	9	-19.3655	53.1947	686.76	-10238.7	-20599.8	2376.5	202.004	268.909	0	-1.25E-05	7.21E-06	-1.24E-05	-1.23E-05
351	10	-19.4847	52.8848	685.734	-10234.7	-20608.5	2335.09	201.947	268.925	0	-6.52E-06	6.20E-06	-1.34E-05	-1.23E-05
351	11	-19.6935	52.4969	684.912	-10171.3	-20606.1	2325.18	201.914	268.85	0	-6.52E-06	6.20E-06	-1.34E-05	-1.23E-05
351	12	-19.9024	52.1089	684.09	-10107.9	-20603.6	2315.27	201.882	268.776	0	-2.56E-06	4.69E-06	-9.89E-06	-1.19E-05
351	13	-20.0859	51.8409	683.142	-10035.5	-20628.5	2314.44	201.803	268.69	0	-7.64E-06	3.03E-06	-8.56E-06	-1.33E-05
351	14	-20.2695	51.5728	682.194	-9963.16	-20653.4	2313.61	201.725	268.605	0	-7.64E-06	3.03E-06	-8.56E-06	-1.33E-05
351	15	-20.4239	51.2172	681.215	-9932.93	-20634.2	2296.09	201.71	268.581	0	-1.90E-05	4.35E-06	-8.73E-06	-1.26E-05
351	16	-20.5783	50.8615	680.236	-9902.69	-20615	2278.57	201.694	268.558	0	-1.90E-05	4.35E-06	-8.73E-06	-1.26E-05
351	17	-20.8856	50.4676	679.053	-9901.3	-20629.8	2256.29	201.62	268.581	0	-2.20E-05	2.85E-06	-9.58E-06	-1.26E-05
351	18	-21.1928	50.0737	677.87	-9899.9	-20644.6	2234.01	201.545	268.604	0	-2.20E-05	2.85E-06	-9.58E-06	-1.26E-05
351	19	-21.4683	49.7466	677.293	-9838.51	-20619.6	2227.7	201.556	268.526	0	-1.88E-05	2.53E-06	-1.09E-05	-1.29E-05
352	0	-21.7438	49.4195	676.717	-9777.12	-20594.7	2221.39	201.567	268.448	0	-1.88E-05	2.53E-06	-1.09E-05	-1.29E-05
352	1	-21.8937	49.0457	675.913	-9687.73	-20587.1	2203.39	201.542	268.333	0	-1.66E-05	4.36E-06	-1.28E-05	-1.26E-05
352	2	-22.0435	48.6719	675.11	-9598.34	-20579.6	2185.39	201.517	268.217	0	-1.76E-05	3.86E-06	-1.36E-05	-1.18E-05
352	3	-22.2403	48.4298	674.064	-9574.75	-20583.3	2175.59	201.464	268.204	0	-1.76E-05	3.86E-06	-1.36E-05	-1.18E-05
352	4	-22.437	48.1877	673.018	-9551.16	-20587.1	2165.79	201.411	268.192	0	-1.90E-05	3.35E-06	-1.29E-05	-1.22E-05
352	5	-22.576	47.9535	671.949	-9537.46	-20588.3	2156.28	201.36	268.194	0	-1.90E-05	3.35E-06	-1.29E-05	-1.22E-05
352	6	-22.715	47.7194	670.881	-9523.76	-20589.6	2146.78	201.31	268.196	0	-2.03E-05	2.35E-06	-1.12E-05	-1.09E-05
352	7	-22.9365	47.3677	670.139	-9485.79	-20581.1	2145.04	201.288	268.155	0	-2.03E-05	2.35E-06	-1.12E-05	-1.09E-05
352	8	-23.158	47.016	669.396	-9447.82	-20572.6	2143.3	201.267	268.114	0	-1.86E-05	2.52E-06	-9.57E-06	-1.04E-05
352	9	-23.4857	46.643	668.336	-9393.18	-20527.3	2114.01	201.286	268.055	0	-1.86E-05	2.52E-06	-9.57E-06	-1.04E-05
352	10	-23.8135	46.2701	667.276	-9338.53	-20482	2084.71	201.305	267.995	0	-1.51E-05	2.35E-06	-9.41E-06	-1.11E-05
352	11	-23.9997	45.8778	666.22	-9292.98	-20488.9	2050	201.246	267.949	0	-7.50E-06	1.84E-06	-1.04E-05	-1.16E-05
352	12	-24.1859	45.4856	665.164	-9247.42	-20495.8	2015.29	201.187	267.902	0	-7.50E-06	1.84E-06	-1.04E-05	-1.16E-05
352	13	-24.4019	45.1595	664.295	-9194.03	-20507.2	2025.43	201.129	267.84	0	-1.06E-06	1.17E-06	-9.72E-06	-1.16E-05
352	14	-24.6178	44.8334	663.425	-9140.65	-20518.7	2035.58	201.072	267.778	0	-1.06E-06	1.17E-06	-9.72E-06	-1.16E-05
352	15	-24.8001	44.5604	662.404	-9091.7	-20537.9	2022.89	200.995	267.725	0	-8.45E-06	-1.85E-07	-8.25E-06	-1.11E-05
352	16	-24.9823	44.2874	661.384	-9042.76	-20557.1	2010.2	200.918	267.673	0	-8.45E-06	-1.85E-07	-8.25E-06	-1.11E-05
352	17	-25.1392	44.0002	660.9	-9020.58	-20534	2004.82	200.93	267.649	0	-1.63E-05	-2.53E-06	-1.17E-05	-1.16E-05
352	18	-25.296	43.7131	660.417	-8998.39	-20511	1999.45	200.942	267.625	0	-1.63E-05	-2.53E-06	-1.17E-05	-1.16E-05
352	19	-25.5739	43.4161	659.389	-8931.27	-20528.5	2005.83	200.867	267.545	0	-1.96E-05	-3.52E-06	-1.12E-05	-9.72E-06
353	0	-25.8519	43.119	658.361	-8864.14	-20545.9	2012.22	200.792	267.464	0	-1.93E-05	-2.84E-06	-9.76E-06	-8.23E-06
353	1	-26.0665	42.8355	657.241	-8822.82	-20546.3	1987.31	200.739	267.424	0	-1.93E-05	-2.84E-06	-9.76E-06	-8.23E-06
353	2	-26.2811	42.5519	656.122	-8781.5	-20546.6	1962.4	200.685	267.384	0	-1.49E-05	-1.51E-06	-1.28E-05	-8.58E-06
353	3	-26.5006	42.237	655.086	-8727.93	-20544.2	1935.4	200.639	267.323	0	-1.49E-05	-1.51E-06	-1.28E-05	-8.58E-06
353	4	-26.7201	41.9221	654.051	-8674.36	-20541.9	1908.41	200.593	267.263	0	-1.31E-05	-1.17E-06	-1.44E-05	-1.10E-05
353	5	-26.924	41.5677	653.207	-8637.37	-20529.8	1898.41	200.571	267.223	0	-1.31E-05	-1.17E-06	-1.44E-05	-1.10E-05
353	6	-27.128	41.2132	652.363	-8600.38	-20517.7	1888.41	200.549	267.183	0	-1.36E-05	-1.17E-06	-1.43E-05	-1.63E-05
353	7	-27.2738	40.9458	651.947	-8538	-20523	1897.45	200.52	267.096	0	-1.36E-05	-1.17E-06	-1.43E-05	-1.63E-05
353	8	-27.4197	40.6784	651.532	-8475.61	-20528.3	1906.5	200.492	267.009	0	-1.46E-05	-4.91E-07	-1.71E-05	-1.56E-05
353	9	-27.5424	40.4599	650.765	-8425.86	-20537.3	1885.94	200.441	266.948	0	-1.55E-05	1.17E-06	-1.69E-05	-1.17E-05
353	10	-27.6651	40.2413	649.998	-8376.12	-20546.2	1865.38	200.39	266.886	0	-1.55E-05	1.17E-06	-1.69E-05	-1.17E-05
353	11	-27.8339	40.0398	648.796	-8320.01	-20555.4	1839.29	200.318	266.824	0	-1.76E-05	1.17E-06	-6.82E-06	-1.16E-05
353	12	-28.0027	39.8383	647.594	-8263.9	-20564.6	1813.21	200.245	266.761	0	-1.76E-05	1.17E-06	-6.82E-06	-1.16E-05
353	13	-28.2214	39.5438	646.646	-8196.08	-20543	1818.58	200.232	266.675	0	-1.76E-05	8.62E-07	1.17E-06	-9.90E-06
353	14	-28.4401	39.2494	645.699	-8128.27	-20521.4	1823.94	200.218	266.588	0	-1.76E-05	8.62E-07	1.17E-06	-9.90E-06
353	15	-28.6401	38.9274	644.812	-8053.36	-20515.1	1819.33	200.184	266.489	0	-1.80E-05	3.88E-06	1.55E-07	-9.58E-06
353	16	-28.8401	38.6054	643.925	-7978.45	-20508.8	1814.71	200.15	266.39	0	-1.80E-05	3.88E-06	1.55E-07	-9.58E-06
353	17	-28.9806	38.351	643.093	-7934.25	-20518.7	1793.54	200.094	266.338	0	-1.98E-05	6.38E-06	-1.52E-06	-1.09E-05
353	18	-29.121	38.0966	642.261	-7890.04	-20528.6	1772.37	200.037	266.285	0	-2.47E-05	6.22E-06	-3.22E-06	-1.19E-05
353	19	-29.2598	37.9359	641.375	-7852.25	-20564.4	1763.37	199.937	266.243	0	-2.47E-05	6.22E-06	-3.22E-06	-1.19E-05
354	0	-29.3985	37.7752	640.488	-7814.46	-20600.3	1754.37	199.837	266.201	0	-2.83E-05	6.89E-06	-6.88E-06	-1.23E-05
354	1	-29.5729	37.4802	639.875	-7762.84	-20617.3	1735.06	199.779	266.132	0	-2.83E-05	6.89E-06	-6.88E-06	-1.23E-05
354	2	-29.7473	37.1852	639.262	-7711.21	-20634.4	1715.75	199.721	266.063	0	-2.31E-05	8.56E-06	-6.53E-06	-1.36E-05
354	3	-29.846	36.8593	638.687	-7650.62	-20640.7	1703.3	199.683	265.979	0	-2.31E-05	8.56E-06	-6.53E-06	-1.36E-05
354	4	-29.9447	36.5334	638.112	-7590.03	-20647	1690.84	199.644	265.895	0	-2.03E-05	7.86E-06	-4.71E-06	-1.59E-05
354	5	-30.0872	36.3989	637.172	-7546.69	-20620.4	1698.73	199.638	265.844	0	-2.03E-05	7.86E-06	-4.71E-06	-1.59E-05
354	6	-30.2296	36.2644	636.231	-7503.35	-20593.8	1706.62	199.632	265.793	0	-1.96E-05	4.19E-06	-6.20E-06	-1.46E-05
354	7	-30.4191	36.1335	635.47	-7399.36	-20612.6	1705.79	199.563	265.644	0	-1.93E-05	3.55E-06	-5.20E-06	-1.09E-05
354	8	-30.6086	36.0026	634.709	-7295.38	-20631.4	1704.97	199.495	265.494	0	-1.93E-05	3.55E-06	-5.20E-06	-1.09E-05
354	9	-30.6519	35.722	634.067	-7254.77	-20646	1693.22	199.439	265.442	0	-1.98E-05	7.22E-06	-4.55E-06	-1.29E-05
354	10	-30.6951	35.4413	633.425	-7214.16	-20660.6	1681.46	199.383	265.389	0	-1.98E-05	7.22E-06	-4.55E-06	-1.29E-05
354	11	-30.7884	35.1833	632.532	-7193.73	-20664.8	1659.81	199.33	265.373	0	-2.13E-05	7.38E-06	-6.56E-06	-1.44E-05
354	12	-30.8817	34.9254	631.639	-7173.29	-20669.1	1638.16	199.277	265.357	0	-2.13E-05	7.38E-06	-6.56E-06	-1.44E-05
354	13	-31.0497	34.6374	630.756	-7077.72	-20649.9	1635.16	199.262	265.221	0	-2.16E-05	7.23E-06	-8.24E-06	-1.29E-05
354	14	-31.2178	34.3495	629.874	-6982.15	-20630.7	1632.15	199.246	265.085	0	-2.16E-05	7.23E-06	-8.24E-06	-1.29E-05
354	15	-31.2824	34.23	629.172	-6912.65	-20602.7	1620.53	199.254	264.987	0	-2.10E-05	8.39E-06	-9.89E-06	-1.29E-05
354	16	-31.3469	34.1106	628.47	-6843.14	-20574.7	1608.91	199.262	264.889	0	-2.23E-05	8.38E-06	-7.54E-06	-1.39E-05
354	17	-31.3881	33.9236	628.001	-6771.8	-20609.5	1590.03	199.182	264.783	0	-2.23E-05	8.38E-06	-7.54E-06	-1.39E-05
354	18	-31.4292	33.7367	627.531	-6700.45	-20644.3	1571.16	199.102	264.677	0	-2.32E-05	7.38E-06	-5.23E-06	-1.28E-05
354	19	-31.538	33.5	626.678	-6614.74	-20694.8	1565.65	198.977	264.555	0	-2.32E-05	7.38E-06	-5.23E-06	-1.28E-05
355	0	-31.6468	33.2634	625.824	-6529.03	-20745.2	1560.14	198.851	264.433	0	-2.38E-05	6.88E-06	-8.27E-06	-1.26E-05
355	1	-31.7007	33.1364	625.318	-6495.29	-20733	1549.07	198.844	264.387	0	-2.38E-05	6.88E-06	-8.27E-06	-1.26E-05
355	2	-31.7545	33.0094	624.811	-6461.56	-20720.7	1538.01	198.837	264.342	0	-2.17E-05	6.56E-06	-1.43E-05	-1.53E-05
355	3	-31.8785	32.8909	624.058	-6423.72	-20703.7	1522.19	198.824	264.293	0	-2.17E-05	6.56E-06	-1.43E-05	-1.53E-05
355	4	-32.0026	32.7724	623.306	-6385.89	-20686.7	1506.37	198.811	264.245	0	-2.17E-05	8.40E-06	-1.81E-05	-1.59E-05
355	5	-32.0556	32.5232	622.394	-6321.38	-20726	1486.96	198.7	264.157	0	-2.13E-05	9.21E-06	-1.97E-05	-1.63E-05
355	6	-32.1087	32.2741	621.482	-6256.86	-20765.3	1467.55	198.587	264.068	0	-2.13E-05	9.21E-06	-1.97E-05	-1.63E-05
355	7	-32.0092	31.9949	620.653	-6185.46	-20770.8	1469.38	198.534	263.966	0	-2.06E-05	6.36E-06	-2.13E-05	-1.56E-05
355	8	-31.9097	31.7157	619.823	-6114.05	-20776.2	1471.2	198.48	263.864	0	-2.06E-05	6.36E-06	-2.13E-05	-1.56E-05
355	9	-31.9948	31.5346	619.208	-6037.83	-20768.7	1467.13	198.459	263.751	0	-2.11E-05	3.86E-06	-2.05E-05	-1.42E-05
355	10	-32.0798	31.3535	618.593	-5961.61	-20761.1	1463.06	198.438	263.637	0	-2.11E-05	3.86E-06	-2.05E-05	-1.42E-05
355	11	-32.1824	31.2288	618.08	-5911.61	-20763.7	1442.24	198.406	263.564	0	-2.06E-05	4.19E-06	-1.91E-05	-1.19E-05
355	12	-32.2851	31.104	617.566	-5861.61	-20766.4	1421.42	198.374	263.491	0	-2.06E-05	4.19E-06	-1.91E-05	-1.19E-05
355	13	-32.2393	30.9335	616.69	-5816.23	-20784.4	1393.29	198.297	263.431	0	-1.76E-05	3.68E-06	-1.62E-05	-9.91E-06
355	14	-32.1935	30.7631	615.815	-5770.85	-20802.4	1365.15	198.22	263.371	0	-1.73E-05	2.52E-06	-7.50E-06	-1.02E-05
355	15	-32.1868	30.4888	615.107	-5681.3	-20795.9	1368.58	198.191	263.236	0	-1.73E-05	2.52E-06	-7.50E-06	-1.02E-05
355	16	-32.18	30.2145	614.399	-5591.74	-20789.4	1372.02	198.163	263.101	0	-1.81E-05	3.19E-06	-3.31E-07	-1.02E-05
355	17	-32.1848	30.004	613.665	-5494.63	-20783.1	1371.18	198.133	262.954	0	-1.81E-05	3.19E-06	-3.31E-07	-1.02E-05
355	18	-32.1895	29.7936	612.93	-5397.52	-20776.9	1370.34	198.102	262.806	0	-1.93E-05	3.19E-06	3.16E-07	-1.07E-05
355	19	-32.1949	29.5728	612.195	-5339.88	-20807.5	1352.21	198.012	262.723	0	-1.93E-05	3.19E-06	3.16E-07	-1.07E-05
356	0	-32.2003	29.352	611.459	-5282.24	-20838.2	1334.07	197.921	262.639	0	-1.90E-05	3.02E-06	-2.17E-06	-1.13E-05
356	1	-32.292	29.2312	610.835	-5173.17	-20813.8	1315.56	197.926	262.469	0	-1.90E-05	3.02E-06	-2.17E-06	-1.13E-05
356	2	-32.3836	29.1104	610.21	-5064.09	-20789.4	1297.05	197.931	262.299	0	-1.83E-05	2.35E-06	-4.43E-07	-1.36E-05
356	3	-32.383	28.8919	609.85	-4978.3	-20796.5	1289.61	197.899	262.163	0	-2.23E-05	2.52E-06	7.38E-06	-1.54E-05
356	4	-32.3823	28.6735	609.491	-4892.51	-20803.6	1282.18	197.867	262.027	0	-2.23E-05	2.52E-06	7.38E-06	-1.54E-05
356	5	-32.3195	28.4825	608.867	-4846.29	-20837.5	1281.99	197.777	261.96	0	-2.57E-05	2.50E-06	6.49E-06	-1.53E-05
356	6	-32.2568	28.2914	608.243	-4800.06	-20871.4	1281.81	197.686	261.892	0	-2.57E-05	2.50E-06	6.49E-06	-1.53E-05
356	7	-32.0881	28.1583	607.451	-4726.99	-20884.7	1262.16	197.619	261.782	0	-2.77E-05	8.30E-07	-5.21E-07	-1.65E-05
356	8	-31.9195	28.0252	606.658	-4653.91	-20898	1242.52	197.552	261.671	0	-2.77E-05	8.30E-07	-5.21E-07	-1.65E-05
356	9	-31.836	27.8633	605.883	-4549.09	-20917.6	1227	197.476	261.508	0	-2.79E-05	-3.47E-07	-2.87E-06	-1.76E-05
356	10	-31.7525	27.7014	605.107	-4444.26	-20937.3	1211.48	197.399	261.345	0	-2.79E-05	-3.47E-07	-2.87E-06	-1.76E-05
356	11	-31.7615	27.5825	604.466	-4297.83	-20936.7	1209.1	197.363	261.11	0	-2.84E-05	-1.83E-06	-5.57E-06	-1.53E-05
356	12	-31.7705	27.4636	603.824	-4151.39	-20936.1	1206.73	197.328	260.875	0	-3.24E-05	5.15E-07	-9.41E-06	-1.29E-05
356	13	-31.6621	27.1626	603.511	-4053.05	-20926.9	1190.02	197.325	260.716	0	-3.24E-05	5.15E-07	-9.41E-06	-1.29E-05
356	14	-31.5536	26.8616	603.198	-3954.72	-20917.7	1173.31	197.322	260.556	0	-2.83E-05	2.03E-06	-1.13E-05	-1.16E-05
356	15	-31.4285	26.6342	602.684	-3865.12	-20946	1127.21	197.245	260.413	0	-2.83E-05	2.03E-06	-1.13E-05	-1.16E-05
356	16	-31.3035	26.4068	602.171	-3775.52	-20974.3	1081.1	197.169	260.27	0	-2.57E-05	4.21E-06	-1.23E-05	-1.32E-05
356	17	-31.254	26.2882	601.172	-3716.68	-20993.8	1066.04	197.079	260.182	0	-2.57E-05	4.21E-06	-1.23E-05	-1.32E-05
356	18	-31.2046	26.1697	600.172	-3657.83	-21013.3	1050.98	196.988	260.095	0	-2.79E-05	5.55E-06	-1.48E-05	-9.88E-06
356	19	-31.1274	26.0722	599.664	-3580.7	-20999.6	1044.88	196.981	259.971	0	-2.79E-05	5.55E-06	-1.48E-05	-9.88E-06
357	0	-31.0503	25.9748	599.155	-3503.56	-20985.8	1038.77	196.974	259.848	0	-2.63E-05	6.37E-06	-1.29E-05	-6.55E-06
357	1	-30.9925	25.8496	598.736	-3395.22	-20998.7	1020.47	196.928	259.671	0	-1.66E-05	5.86E-06	-1.33E-05	-7.21E-06
357	2	-30.9347	25.7243	598.317	-3286.88	-21011.6	1002.16	196.882	259.494	0	-1.66E-05	5.86E-06	-1.33E-05	-7.21E-06
357	3	-30.8027	25.5629	597.904	-3202.5	-21036.2	983.735	196.817	259.356	0	-8.96E-06	4.53E-06	-1.29E-05	-6.56E-06
357	4	-30.6706	25.4014	597.49	-3118.12	-21060.8	965.308	196.751	259.219	0	-8.96E-06	4.53E-06	-1.29E-05	-6.56E-06
357	5	-30.5084	25.2957	597.158	-3050.23	-21119.6	947.045	196.633	259.108	0	-1.66E-05	4.38E-06	-1.23E-05	-8.60E-06
357	6	-30.3461	25.19	596.827	-2982.34	-21178.4	928.783	196.515	258.997	0	-1.66E-05	4.38E-06	-1.23E-05	-8.60E-06
357	7	-30.1977	25.0222	596.679	-2857.19	-21172.3	913.144	196.516	258.788	0	-2.08E-05	6.88E-06	-1.53E-05	-1.43E-05
357	8	-30.0492	24.8545	596.531	-2732.03	-21166.2	897.506	196.518	258.58	0	-2.08E-05	6.88E-06	-1.53E-05	-1.43E-05
357	9	-29.9739	24.6528	596.039	-2602.75	-21184.6	875.497	196.458	258.367	0	-1.90E-05	6.03E-06	-1.66E-05	-1.80E-05
357	10	-29.8986	24.4511	595.546	-2473.47	-21203	853.489	196.397	258.153	0	-1.79E-05	4.88E-06	-1.46E-05	-1.83E-05
357	11	-29.7663	24.3356	594.791	-2407.29	-21257.9	839.943	196.26	258.047	0	-1.79E-05	4.88E-06	-1.46E-05	-1.83E-05
357	12	-29.6341	24.22	594.035	-2341.1	-21312.8	826.396	196.122	257.941	0	-1.63E-05	5.87E-06	-1.32E-05	-1.89E-05
357	13	-29.5405	24.0948	593.648	-2255.77	-21308.5	813.274	196.106	257.8	0	-1.63E-05	5.87E-06	-1.32E-05	-1.89E-05
357	14	-29.447	23.9696	593.26	-2170.44	-21304.1	800.152	196.09	257.659	0	-1.80E-05	5.54E-06	-7.22E-06	-1.49E-05
357	15	-29.3839	23.8357	593.24	-2056.35	-21308.9	784.677	196.081	257.466	0	-1.80E-05	5.54E-06	-7.22E-06	-1.49E-05
357	16	-29.3208	23.7017	593.22	-1942.26	-21313.6	769.203	196.071	257.274	0	-2.22E-05	5.88E-06	-7.42E-06	-1.16E-05
357	17	-29.0937	23.6	592.872	-1801.8	-21338.5	752.571	196.008	257.039	0	-2.22E-05	5.88E-06	-7.42E-06	-1.16E-05
357	18	-28.8666	23.4982	592.524	-1661.35	-21363.3	735.94	195.945	256.804	0	-2.50E-05	6.37E-06	-1.14E-05	-8.18E-06
357	19	-28.7147	23.3907	592.278	-1563.26	-21378.4	712.253	195.905	256.639	0	-2.62E-05	5.88E-06	-1.42E-05	-2.83E-06
358	0	-28.5628	23.2832	592.031	-1465.17	-21393.5	688.566	195.864	256.475	0	-2.62E-05	5.88E-06	-1.42E-05	-2.83E-06
358	1	-28.4927	23.1954	592.135	-1374.42	-21394.1	683.048	195.87	256.321	0	-2.50E-05	7.21E-06	-1.09E-05	8.03E-07
358	2	-28.4227	23.1076	592.239	-1283.66	-21394.7	677.53	195.875	256.168	0	-2.50E-05	7.21E-06	-1.09E-05	8.03E-07
358	3	-28.3209	22.9405	592.373	-1151.83	-21406	642.471	195.864	255.944	0	-2.37E-05	6.54E-06	-4.53E-06	-3.95E-06
358	4	-28.2191	22.7734	592.507	-1019.99	-21417.4	607.413	195.853	255.721	0	-2.37E-05	6.54E-06	-4.53E-06	-3.95E-06
358	5	-28.0632	22.6404	592.002	-933.348	-21474.1	582.62	195.726	255.577	0	-2.33E-05	6.22E-06	-3.71E-06	-1.54E-05
358	6	-27.9074	22.5075	591.496	-846.703	-21530.7	557.829	195.6	255.431	0	-2.33E-05	6.22E-06	-3.71E-06	-1.54E-05
358	7	-27.6989	22.5332	590.817	-741.842	-21561.8	554.79	195.505	255.256	0	-2.37E-05	7.55E-06	-6.21E-06	-2.66E-05
358	8	-27.4904	22.5589	590.138	-636.982	-21592.8	551.751	195.411	255.079	0	-2.30E-05	6.87E-06	-6.54E-06	-3.32E-05
358	9	-27.3479	22.5107	590.136	-506.563	-21600.8	543.954	195.397	254.858	0	-2.30E-05	6.87E-06	-6.54E-06	-3.32E-05
358	10	-27.2053	22.4624	590.135	-376.145	-21608.7	536.156	195.383	254.637	0	-2.33E-05	5.87E-06	-5.53E-06	-2.29E-05
358	11	-27.0743	22.337	589.94	-280.614	-21639.4	516.036	195.319	254.476	0	-2.33E-05	5.87E-06	-5.53E-06	-2.29E-05
358	12	-26.9433	22.2115	589.744	-185.082	-21670	495.917	195.255	254.314	0	-2.57E-05	5.22E-06	-4.89E-06	-1.12E-05
358	13	-26.7999	22.0404	590.133	-61.9027	-21711.4	479.598	195.209	254.105	0	-2.57E-05	5.22E-06	-4.89E-06	-1.12E-05
358	14	-26.6565	21.8694	590.523	61.2765	-21752.8	463.279	195.164	253.896	0	-2.60E-05	7.22E-06	-8.24E-06	-1.16E-05
358	15	-26.5762	21.7472	590.417	183.742	-21774.9	459.449	195.12	253.689	0	-2.60E-05	7.22E-06	-8.24E-06	-1.16E-05
358	16	-26.4958	21.6249	590.311	306.206	-21797	455.619	195.075	253.481	0	-2.45E-05	7.21E-06	-1.06E-05	-1.29E-05
358	17	-26.3137	21.568	589.936	424.773	-21834.8	436.14	194.988	253.28	0	-2.40E-05	6.54E-06	-1.04E-05	-1.31E-05
358	18	-26.1316	21.511	589.562	543.339	-21872.6	416.661	194.9	253.078	0	-2.40E-05	6.54E-06	-1.04E-05	-1.31E-05
358	19	-25.8997	21.3809	589.474	675.563	-21915.8	384.993	194.821	252.854	0	-2.38E-05	5.87E-06	-9.22E-06	-1.36E-05
359	0	-25.6678	21.2508	589.387	807.786	-21958.9	353.324	194.743	252.629	0	-2.38E-05	5.87E-06	-9.22E-06	-1.36E-05
359	1	-25.5317	21.1349	589.35	933.793	-21991.5	310.698	194.685	252.416	0	-2.32E-05	5.87E-06	-7.54E-06	-1.51E-05
359	2	-25.3956	21.0191	589.313	1059.8	-22024.1	268.072	194.627	252.202	0	-2.32E-05	5.87E-06	-7.54E-06	-1.51E-05
359	3	-25.3077	20.9214	589.416	1175.94	-22015.5	261.548	194.649	252.005	0	-2.18E-05	5.20E-06	-5.88E-06	-1.42E-05
359	4	-25.2197	20.8238	589.52	1292.08	-22006.9	255.024	194.67	251.808	0	-2.18E-05	5.20E-06	-5.88E-06	-1.42E-05
359	5	-25.0766	20.7352	589.815	1409.8	-22002.9	252.885	194.695	251.61	0	-2.37E-05	5.21E-06	-6.36E-06	-1.06E-05
359	6	-24.9336	20.6466	590.11	1527.53	-21999	250.746	194.721	251.411	0	-2.40E-05	5.89E-06	-4.17E-06	-1.08E-05
359	7	-24.7808	20.5075	590.371	1623.55	-22035.5	218.959	194.675	251.25	0	-2.40E-05	5.89E-06	-4.17E-06	-1.08E-05
359	8	-24.6281	20.3685	590.633	1719.58	-22071.9	187.173	194.63	251.089	0	-2.47E-05	7.21E-06	-6.93E-07	-1.19E-05
359	9	-24.4795	20.2409	590.424	1841.11	-22122.3	154.641	194.531	250.882	0	-2.47E-05	7.21E-06	-6.93E-07	-1.19E-05
359	10	-24.3308	20.1132	590.215	1962.63	-22172.7	122.109	194.433	250.675	0	-2.40E-05	6.53E-06	-3.57E-06	-1.19E-05
359	11	-24.159	20.0473	590.199	2099.35	-22207.6	105.677	194.373	250.443	0	-2.40E-05	6.53E-06	-3.57E-06	-1.19E-05
359	12	-23.9871	19.9814	590.184	2236.06	-22242.4	89.245	194.313	250.211	0	-2.44E-05	4.54E-06	-8.77E-06	-1.43E-05
359	13	-23.8617	19.8377	590.295	2363.16	-22265	82.7812	194.282	249.997	0	-2.44E-05	4.54E-06	-8.77E-06	-1.43E-05
359	14	-23.7363	19.6939	590.406	2490.26	-22287.7	76.3173	194.25	249.782	0	-2.72E-05	5.22E-06	-1.42E-05	-1.51E-05
359	15	-23.6581	19.5828	590.406	2590.56	-22336	55.2174	194.168	249.612	0	-2.97E-05	7.21E-06	-2.30E-05	-1.16E-05
359	16	-23.5799	19.4717	590.406	2690.86	-22384.3	34.1175	194.087	249.442	0	-2.97E-05	7.21E-06	-2.30E-05	-1.16E-05
359	17	-23.4699	19.3695	590.406	2820.33	-22424	2.49966	194.019	249.223	0	-2.97E-05	5.72E-06	-2.62E-05	-1.26E-05
359	18	-23.36	19.2674	590.406	2949.79	-22463.7	-29.1182	193.952	249.004	0	-2.97E-05	5.72E-06	-2.62E-05	-1.26E-05
359	19	-23.2257	19.0732	590.406	3078.89	-22486.4	-55.4418	193.914	248.785	0	-2.58E-05	6.89E-06	-2.21E-05	-1.26E-05
360	0	-23.0913	18.879	590.406	3208	-22509.2	-81.7654	193.875	248.566	0	-2.58E-05	6.89E-06	-2.21E-05	-1.26E-05
360	1	-22.9844	18.6495	590.35	3360.76	-22536.2	-96.6649	193.826	248.307	0	-2.33E-05	7.38E-06	-1.52E-05	-7.71E-06
360	2	-22.8774	18.4199	590.293	3513.52	-22563.3	-111.564	193.776	248.048	0	-2.33E-05	7.38E-06	-1.52E-05	-7.71E-06
360	3	-22.8562	18.2862	590.633	3647.1	-22596.3	-147.726	193.742	247.825	0	-2.30E-05	6.55E-06	-1.04E-05	-6.20E-06
360	4	-22.8349	18.1526	590.974	3780.68	-22629.4	-183.888	193.708	247.603	0	-2.43E-05	7.56E-06	-5.74E-06	-5.25E-06
360	5	-22.749	18.0552	591.165	3895.14	-22684.9	-219.031	193.627	247.411	0	-2.43E-05	7.56E-06	-5.74E-06	-5.25E-06
360	6	-22.6631	17.9577	591.356	4009.6	-22740.4	-254.174	193.545	247.22	0	-2.23E-05	7.87E-06	-9.95E-06	-1.18E-05
360	7	-22.5051	17.8414	590.988	4148.55	-22754.7	-266.452	193.497	246.98	0	-2.23E-05	7.87E-06	-9.95E-06	-1.18E-05
360	8	-22.3471	17.7251	590.621	4287.51	-22769	-278.73	193.449	246.741	0	-2.03E-05	4.85E-06	-1.56E-05	-1.93E-05
360	9	-22.3127	17.555	590.574	4422.83	-22775.2	-288.857	193.435	246.511	0	-2.03E-05	4.85E-06	-1.56E-05	-1.93E-05
360	10	-22.2783	17.3849	590.527	4558.16	-22781.4	-298.983	193.422	246.281	0	-2.01E-05	2.87E-06	-1.82E-05	-1.64E-05
360	11	-22.2423	17.2074	590.365	4683.12	-22803.8	-318.23	193.373	246.067	0	-2.01E-05	2.87E-06	-1.82E-05	-1.64E-05
360	12	-22.2064	17.03	590.203	4808.08	-22826.1	-337.478	193.325	245.854	0	-1.95E-05	5.20E-06	-1.17E-05	-8.19E-06
360	13	-22.1305	16.8544	590.24	4943.8	-22884.5	-371.279	193.228	245.624	0	-2.03E-05	4.87E-06	-7.07E-06	-4.20E-06
360	14	-22.0546	16.6788	590.277	5079.51	-22942.9	-405.08	193.132	245.395	0	-2.03E-05	4.87E-06	-7.07E-06	-4.20E-06
360	15	-22.0295	16.4537	590.58	5235.13	-22980.9	-435.091	193.088	245.136	0	-2.13E-05	5.70E-06	-1.03E-05	-4.22E-06
360	16	-22.0043	16.2285	590.883	5390.75	-23018.8	-465.101	193.043	244.877	0	-2.13E-05	5.70E-06	-1.03E-05	-4.22E-06
360	17	-21.9509	16.0853	591.205	5528.49	-23035.4	-493.036	193.037	244.649	0	-2.10E-05	4.86E-06	-1.24E-05	-6.88E-06
360	18	-21.8975	15.9421	591.527	5666.23	-23051.9	-520.971	193.03	244.421	0	-2.10E-05	4.86E-06	-1.24E-05	-6.88E-06
360	19	-21.9031	15.8017	591.444	5822.38	-23085.1	-541.895	192.968	244.156	0	-1.96E-05	3.87E-06	-1.37E-05	-6.84E-06
361	0	-21.9086	15.6613	591.36	5978.54	-23118.2	-562.818	192.907	243.89	0	-1.96E-05	3.87E-06	-1.37E-05	-6.84E-06
361	1	-21.7859	15.5599	591.324	6094.72	-23189.7	-576.487	192.784	243.693	0	-1.96E-05	5.21E-06	-8.64E-06	-1.67E-06
361	2	-21.6632	15.4585	591.289	6210.89	-23261.1	-590.155	192.66	243.496	0	-2.03E-05	6.54E-06	2.50E-06	-4.24E-07
361	3	-21.4971	15.328	591.363	6343.19	-23327	-606.602	192.554	243.274	0	-2.03E-05	6.54E-06	2.50E-06	-4.24E-07
361	4	-21.331	15.1976	591.438	6475.49	-23392.9	-623.05	192.447	243.051	0	-1.83E-05	5.20E-06	-1.97E-07	-1.17E-05
361	5	-21.3684	15.1101	591.39	6625.5	-23419.9	-633.46	192.399	242.797	0	-1.83E-05	5.20E-06	-1.97E-07	-1.17E-05
361	6	-21.4058	15.0227	591.343	6775.52	-23447	-643.87	192.35	242.542	0	-2.07E-05	4.53E-06	-3.83E-06	-2.43E-05
361	7	-21.4748	14.8352	591.463	6924.31	-23467	-665.068	192.324	242.293	0	-2.07E-05	4.53E-06	-3.83E-06	-2.43E-05
361	8	-21.5437	14.6476	591.583	7073.11	-23487	-686.267	192.298	242.044	0	-2.17E-05	4.86E-06	-4.63E-07	-2.53E-05
361	9	-21.4856	14.5002	591.804	7196.63	-23504.9	-733.967	192.283	241.84	0	-2.17E-05	4.86E-06	-4.63E-07	-2.53E-05
361	10	-21.4275	14.3527	592.026	7320.16	-23522.7	-781.667	192.267	241.635	0	-2.25E-05	4.52E-06	4.72E-06	-2.43E-05
361	11	-21.3968	14.2645	592.21	7477.75	-23543.6	-805.083	192.245	241.373	0	-2.27E-05	2.51E-06	7.21E-06	-1.36E-05
361	12	-21.3661	14.1764	592.395	7635.35	-23564.4	-828.5	192.222	241.111	0	-2.27E-05	2.51E-06	7.21E-06	-1.36E-05
361	13	-21.3872	14.1016	592.463	7811.82	-23634.1	-834.448	192.109	240.815	0	-2.23E-05	1.51E-06	5.68E-06	-8.25E-06
361	14	-21.4083	14.0268	592.531	7988.29	-23703.8	-840.396	191.996	240.518	0	-2.23E-05	1.51E-06	5.68E-06	-8.25E-06
361	15	-21.3093	13.9932	592.908	8119.89	-23752.1	-874.1	191.94	240.305	0	-2.20E-05	1.85E-06	2.83E-06	-1.20E-05
361	16	-21.2103	13.9596	593.284	8251.49	-23800.5	-907.803	191.884	240.092	0	-2.20E-05	1.85E-06	2.83E-06	-1.20E-05
361	17	-21.2066	13.8112	593.203	8404.41	-23852.7	-944.154	191.79	239.832	0	-2.10E-05	1.85E-06	-6.67E-07	-1.63E-05
361	18	-21.2028	13.6628	593.123	8557.35	-23904.8	-980.505	191.697	239.572	0	-2.10E-05	1.85E-06	-6.67E-07	-1.63E-05
361	19	-21.2355	13.5844	593.281	8688.89	-23930.6	-1002.13	191.664	239.355	0	-1.89E-05	2.87E-06	-1.81E-07	-1.77E-05
362	0	-21.2681	13.5061	593.44	8820.43	-23956.4	-1023.76	191.631	239.137	0	-1.63E-05	4.54E-06	-1.89E-06	-8.74E-06
362	1	-21.3405	13.4446	593.689	8976.67	-23998.9	-1023.05	191.577	238.88	0	-1.63E-05	4.54E-06	-1.89E-06	-8.74E-06
362	2	-21.4128	13.3831	593.938	9132.91	-24041.3	-1022.34	191.522	238.623	0	-1.66E-05	5.20E-06	-6.91E-06	-1.00E-05
362	3	-21.4257	13.2656	594.163	9300.48	-24110.8	-1039.07	191.421	238.347	0	-1.66E-05	5.20E-06	-6.91E-06	-1.00E-05
362	4	-21.4386	13.1481	594.389	9468.05	-24180.3	-1055.8	191.319	238.071	0	-1.29E-05	4.36E-06	-1.03E-05	-2.32E-05
362	5	-21.3437	13.1285	594.585	9586.36	-24235.5	-1089.08	191.24	237.877	0	-1.29E-05	4.36E-06	-1.03E-05	-2.32E-05
362	6	-21.2488	13.1089	594.782	9704.65	-24290.6	-1122.37	191.16	237.684	0	-8.42E-06	4.36E-06	-1.52E-05	-2.22E-05
362	7	-21.2452	13.0425	595.142	9888.29	-24319	-1140.81	191.138	237.385	0	-8.42E-06	4.36E-06	-1.52E-05	-2.22E-05
362	8	-21.2416	12.9761	595.502	10071.9	-24347.3	-1159.25	191.115	237.087	0	-1.13E-05	4.20E-06	-2.17E-05	-9.57E-06
362	9	-21.2557	12.8519	595.165	10263.4	-24375.4	-1184.84	191.044	236.755	0	-1.55E-05	4.20E-06	-3.08E-05	-9.94E-06
362	10	-21.2698	12.7277	594.828	10454.9	-24403.4	-1210.43	190.974	236.424	0	-1.55E-05	4.20E-06	-3.08E-05	-9.94E-06
362	11	-21.275	12.6528	595.006	10606.4	-24460.6	-1235.73	190.89	236.174	0	-1.76E-05	4.52E-06	-4.11E-05	-1.48E-05
362	12	-21.2802	12.5779	595.184	10757.8	-24517.8	-1261.03	190.806	235.925	0	-1.76E-05	4.52E-06	-4.11E-05	-1.48E-05
362	13	-21.3576	12.556	595.705	10925	-24565.4	-1265.9	190.762	235.66	0	-1.90E-05	3.36E-06	-3.56E-05	-1.39E-05
362	14	-21.4351	12.5342	596.226	11092.2	-24613	-1270.76	190.719	235.396	0	-1.90E-05	3.36E-06	-3.56E-05	-1.39E-05
362	15	-21.44	12.4641	596.435	11259.7	-24627.3	-1280.2	190.709	235.122	0	-1.83E-05	4.21E-06	-1.90E-05	-1.09E-05
362	16	-21.4449	12.3941	596.644	11427.2	-24641.6	-1289.64	190.7	234.848	0	-1.83E-05	4.21E-06	-1.90E-05	-1.09E-05
362	17	-21.4177	12.4288	596.562	11579.9	-24724.5	-1318.52	190.555	234.589	0	-1.81E-05	5.87E-06	-1.57E-06	-1.02E-05
362	18	-21.3904	12.4636	596.481	11732.6	-24807.4	-1347.39	190.41	234.33	0	-1.83E-05	4.85E-06	1.19E-05	-1.02E-05
362	19	-21.4038	12.4756	596.484	11902.1	-24860.5	-1370.42	190.322	234.046	0	-1.83E-05	4.85E-06	1.19E-05	-1.02E-05
363	0	-21.4172	12.4876	596.488	12071.6	-24913.7	-1393.45	190.233	233.762	0	-1.78E-05	2.51E-06	1.01E-05	-1.02E-05
363	1	-21.4945	12.431	596.5	12205.7	-24931.4	-1423.44	190.204	233.538	0	-1.78E-05	2.51E-06	1.01E-05	-1.02E-05
363	2	-21.5718	12.3744	596.512	12339.9	-24949.1	-1453.43	190.175	233.313	0	-1.93E-05	1.17E-06	-2.91E-06	-5.87E-06
363	3	-21.6152	12.3275	596.569	12517.2	-25016	-1477.87	190.067	233.018	0	-1.93E-05	1.17E-06	-2.91E-06	-5.87E-06
363	4	-21.6586	12.2806	596.625	12694.5	-25082.8	-1502.3	189.959	232.723	0	-2.10E-05	1.01E-06	-9.88E-06	-5.55E-06
363	5	-21.6876	12.178	597.026	12892	-25144.9	-1502.73	189.883	232.406	0	-2.10E-05	1.01E-06	-9.88E-06	-5.55E-06
363	6	-21.7167	12.0754	597.426	13089.6	-25206.9	-1503.16	189.807	232.09	0	-2.03E-05	1.86E-06	-7.59E-06	-6.98E-06
363	7	-21.7611	12.0584	597.538	13284.1	-25250.5	-1521.55	189.742	231.769	0	-2.13E-05	3.19E-06	-1.23E-05	-1.94E-05
363	8	-21.8055	12.0414	597.65	13478.5	-25294	-1539.95	189.678	231.447	0	-2.13E-05	3.19E-06	-1.23E-05	-1.94E-05
363	9	-21.8496	11.999	597.575	13672.2	-25342.4	-1584.32	189.591	231.121	0	-2.13E-05	3.85E-06	-1.24E-05	-3.40E-05
363	10	-21.8936	11.9565	597.5	13865.8	-25390.7	-1628.68	189.505	230.794	0	-2.13E-05	3.85E-06	-1.24E-05	-3.40E-05
363	11	-21.9388	12.0186	597.613	14000.7	-25432.6	-1662.27	189.443	230.572	0	-2.30E-05	2.19E-06	-3.52E-06	-3.02E-05
363	12	-21.9841	12.0807	597.725	14135.6	-25474.5	-1695.86	189.381	230.351	0	-2.30E-05	2.19E-06	-3.52E-06	-3.02E-05
363	13	-22.0047	12.0265	598.176	14344.3	-25503.4	-1699.8	189.365	230.02	0	-2.47E-05	3.35E-06	-2.59E-06	-9.99E-06
363	14	-22.0254	11.9723	598.626	14553	-25532.3	-1703.74	189.349	229.689	0	-2.47E-05	3.35E-06	-2.59E-06	-9.99E-06
363	15	-22.0273	11.9025	598.875	14745.9	-25563.7	-1714.05	189.314	229.377	0	-2.47E-05	2.86E-06	-1.11E-05	-1.71E-07
363	16	-22.0293	11.8327	599.125	14938.7	-25595.2	-1724.37	189.279	229.066	0	-2.33E-05	3.88E-06	-1.66E-05	-4.95E-07
363	17	-22.041	11.8123	599.116	15086.1	-25669.1	-1752.29	189.155	228.819	0	-2.33E-05	3.88E-06	-1.66E-05	-4.95E-07
363	18	-22.0528	11.7919	599.106	15233.4	-25743.1	-1780.2	189.031	228.573	0	-2.12E-05	6.54E-06	-1.83E-05	4.66E-07
363	19	-22.074	11.8133	599.147	15424.7	-25803.2	-1798.37	188.933	228.256	0	-2.12E-05	6.54E-06	-1.83E-05	4.66E-07
364	0	-22.0953	11.8348	599.188	15615.9	-25863.3	-1816.54	188.836	227.938	0	-2.38E-05	5.54E-06	-1.79E-05	-4.33E-06
364	1	-22.1184	11.8189	599.66	15816.8	-25925.6	-1833.95	188.766	227.624	0	-2.38E-05	5.54E-06	-1.79E-05	-4.33E-06
364	2	-22.1414	11.8029	600.132	16017.7	-25987.9	-1851.35	188.696	227.31	0	-2.50E-05	5.51E-06	-1.59E-05	-2.13E-05
364	3	-22.1695	11.7743	600.697	16181.1	-26071.3	-1874.12	188.598	227.063	0	-2.50E-05	5.51E-06	-1.59E-05	-2.13E-05
364	4	-22.1977	11.7457	601.263	16344.4	-26154.7	-1896.88	188.5	226.816	0	-2.10E-05	2.53E-06	-1.53E-05	-2.38E-05
364	5	-22.1697	11.7437	601.603	16494.8	-26201	-1906.24	188.448	226.582	0	-2.00E-05	3.87E-06	-1.59E-05	-1.72E-05
364	6	-22.1418	11.7417	601.944	16645.2	-26247.3	-1915.61	188.396	226.348	0	-2.00E-05	3.87E-06	-1.59E-05	-1.72E-05
364	7	-22.128	11.8065	601.947	16807.1	-26320.2	-1931.88	188.275	226.079	0	-2.10E-05	5.04E-06	-1.39E-05	-9.51E-06
364	8	-22.1143	11.8712	601.95	16969	-26393.2	-1948.15	188.154	225.81	0	-2.10E-05	5.04E-06	-1.39E-05	-9.51E-06
364	9	-22.0967	11.8332	602.303	17196.6	-26453.3	-1978.18	188.08	225.449	0	-2.25E-05	5.71E-06	-1.22E-05	-2.90E-06
364	10	-22.0791	11.7951	602.656	17424.3	-26513.5	-2008.21	188.006	225.088	0	-2.25E-05	5.71E-06	-1.22E-05	-2.90E-06
364	11	-22.0747	11.7517	602.891	17601.5	-26567.3	-2021.07	187.933	224.805	0	-2.23E-05	5.53E-06	-8.54E-06	-8.34E-06
364	12	-22.0703	11.7084	603.125	17778.7	-26621.1	-2033.94	187.861	224.522	0	-2.23E-05	5.53E-06	-8.54E-06	-8.34E-06
364	13	-22.0653	11.757	603.244	17938.2	-26650	-2063.67	187.822	224.264	0	-1.96E-05	4.88E-06	-5.57E-06	-2.27E-05
364	14	-22.0604	11.8056	603.362	18097.6	-26678.9	-2093.4	187.783	224.005	0	-1.95E-05	6.04E-06	-9.44E-06	-2.56E-05
364	15	-22.1056	11.8307	603.631	18275.9	-26704.8	-2102.76	187.76	223.723	0	-1.95E-05	6.04E-06	-9.44E-06	-2.56E-05
364	16	-22.1509	11.8557	603.9	18454.2	-26730.7	-2112.12	187.737	223.442	0	-2.20E-05	6.21E-06	-1.42E-05	-1.37E-05
364	17	-22.1738	11.8793	604.115	18668.3	-26796.6	-2132.22	187.643	223.098	0	-2.20E-05	6.21E-06	-1.42E-05	-1.37E-05
364	18	-22.1967	11.9029	604.331	18882.3	-26862.4	-2152.32	187.55	222.755	0	-2.23E-05	6.55E-06	-9.65E-06	-6.36E-06
364	19	-22.2152	11.8514	604.503	19058	-26937.3	-2181.38	187.439	222.473	0	-2.23E-05	6.55E-06	-9.65E-06	-6.36E-06
365	0	-22.2338	11.7998	604.675	19233.7	-27012.1	-2210.43	187.328	222.192	0	-2.10E-05	6.87E-06	1.28E-06	-4.33E-06
365	1	-22.2934	11.6971	605.128	19408.1	-27049	-2228.71	187.3	221.927	0	-2.10E-05	6.87E-06	1.28E-06	-4.33E-06
365	2	-22.3531	11.5943	605.581	19582.4	-27085.9	-2246.98	187.273	221.663	0	-2.27E-05	5.19E-06	1.44E-05	-5.77E-07
365	3	-22.3124	11.6633	605.884	19783.5	-27149.2	-2275.98	187.191	221.348	0	-2.43E-05	3.69E-06	9.94E-06	-9.59E-06
365	4	-22.2718	11.7323	606.187	19984.5	-27212.4	-2304.99	187.109	221.032	0	-2.43E-05	3.69E-06	9.94E-06	-9.59E-06
365	5	-22.2268	11.7354	606.537	20154.7	-27271.8	-2322.05	187.037	220.771	0	-2.47E-05	3.02E-06	-6.58E-06	-1.22E-05
365	6	-22.1818	11.7385	606.887	20324.8	-27331.2	-2339.11	186.965	220.51	0	-2.47E-05	3.02E-06	-6.58E-06	-1.22E-05
365	7	-22.1685	11.6907	606.894	20498.9	-27367.5	-2351.9	186.906	220.223	0	-2.37E-05	2.51E-06	-1.02E-05	-1.16E-05
365	8	-22.1551	11.6429	606.901	20672.9	-27403.8	-2364.69	186.846	219.937	0	-2.37E-05	2.51E-06	-1.02E-05	-1.16E-05
365	9	-22.1869	11.68	607.409	20882.8	-27481.6	-2399.05	186.756	219.62	0	-2.33E-05	1.53E-06	-7.93E-06	-1.63E-05
365	10	-22.2186	11.7171	607.917	21092.6	-27559.4	-2433.42	186.666	219.304	0	-2.33E-05	1.53E-06	-7.93E-06	-1.63E-05
365	11	-22.1788	11.6608	608.405	21288.8	-27614.9	-2462.42	186.611	219.009	0	-2.23E-05	3.39E-06	-1.33E-05	-2.25E-05
365	12	-22.1389	11.6045	608.894	21485	-27670.5	-2491.42	186.556	218.715	0	-1.96E-05	7.57E-06	-1.96E-05	-1.93E-05
365	13	-22.0374	11.5767	609.146	21614.7	-27720.1	-2515.06	186.493	218.516	0	-1.96E-05	7.57E-06	-1.96E-05	-1.93E-05
365	14	-21.9359	11.549	609.399	21744.3	-27769.8	-2538.71	186.431	218.318	0	-1.80E-05	1.01E-05	-2.00E-05	-1.71E-05
365	15	-21.9686	11.5238	609.815	21904.4	-27815.1	-2549.88	186.388	218.08	0	-1.80E-05	1.01E-05	-2.00E-05	-1.71E-05
365	16	-22.0013	11.4986	610.23	22064.4	-27860.5	-2561.06	186.344	217.843	0	-1.90E-05	8.89E-06	-1.83E-05	-1.83E-05
365	17	-21.9245	11.4536	610.721	22276.5	-27936.9	-2582.87	186.256	217.524	0	-1.90E-05	8.89E-06	-1.83E-05	-1.83E-05
365	18	-21.8478	11.4086	611.211	22488.5	-28013.4	-2604.67	186.167	217.207	0	-2.03E-05	7.71E-06	-2.39E-05	-1.39E-05
365	19	-21.8191	11.3977	611.643	22662.2	-28097.7	-2640.44	186.062	216.949	0	-2.03E-05	7.71E-06	-2.39E-05	-1.39E-05
366	0	-21.7904	11.3869	612.074	22836	-28182.1	-2676.2	185.956	216.691	0	-2.23E-05	6.37E-06	-2.70E-05	-7.03E-06
366	1	-21.8546	11.33	612.384	22993.2	-28213.8	-2704.08	185.928	216.453	0	-2.30E-05	5.69E-06	-2.08E-05	-4.98E-06
366	2	-21.9188	11.273	612.693	23150.5	-28245.5	-2731.97	185.899	216.215	0	-2.30E-05	5.69E-06	-2.08E-05	-4.98E-06
366	3	-21.9377	11.1937	612.959	23344.2	-28269.6	-2741.33	185.88	215.916	0	-2.33E-05	3.85E-06	-1.52E-05	2.21E-06
366	4	-21.9566	11.1144	613.224	23537.8	-28293.6	-2750.68	185.861	215.616	0	-2.33E-05	3.85E-06	-1.52E-05	2.21E-06
366	5	-21.984	11.0845	613.546	23753.2	-28338.9	-2775.48	185.811	215.285	0	-2.40E-05	2.52E-06	-7.51E-06	5.78E-06
366	6	-22.0114	11.0547	613.868	23968.6	-28384.2	-2800.28	185.762	214.955	0	-2.40E-05	2.52E-06	-7.51E-06	5.78E-06
366	7	-21.9893	11.0507	614.386	24147.8	-28455.8	-2819.35	185.684	214.696	0	-2.43E-05	2.51E-06	-2.58E-06	-6.67E-06
366	8	-21.9672	11.0468	614.904	24327	-28527.5	-2838.41	185.607	214.438	0	-2.43E-05	2.51E-06	-2.58E-06	-6.67E-06
366	9	-21.8864	11.0314	615.323	24492.3	-28590.2	-2853.72	185.536	214.196	0	-2.52E-05	1.51E-06	-9.54E-06	-2.14E-05
366	10	-21.8056	11.016	615.743	24657.6	-28653	-2869.03	185.466	213.955	0	-2.33E-05	8.67E-07	-5.75E-06	-3.14E-05
366	11	-21.7698	10.9636	616.015	24826.2	-28699.6	-2881.1	185.411	213.699	0	-2.33E-05	8.67E-07	-5.75E-06	-3.14E-05
366	12	-21.734	10.9111	616.286	24994.9	-28746.3	-2893.17	185.356	213.443	0	-2.23E-05	4.22E-06	9.96E-06	-3.00E-05
366	13	-21.7613	10.9088	617.038	25140.8	-28800.7	-2911.01	185.324	213.256	0	-2.23E-05	4.22E-06	9.96E-06	-3.00E-05
366	14	-21.7887	10.9065	617.789	25286.8	-28855	-2928.85	185.293	213.069	0	-2.40E-05	6.87E-06	1.72E-05	-1.87E-05
366	15	-21.6989	10.8542	618.055	25446.4	-28894.4	-2961.16	185.25	212.828	0	-2.40E-05	6.87E-06	1.72E-05	-1.87E-05
366	16	-21.6092	10.802	618.32	25606.1	-28933.7	-2993.48	185.206	212.588	0	-2.35E-05	5.01E-06	2.45E-06	-6.85E-06
366	17	-21.5777	10.7273	618.646	25759.9	-28963.7	-3016.28	185.182	212.361	0	-2.35E-05	5.01E-06	2.45E-06	-6.85E-06
366	18	-21.5462	10.6526	618.972	25913.7	-28993.8	-3039.08	185.158	212.134	0	-2.30E-05	2.21E-06	-6.20E-06	-2.87E-06
366	19	-21.5739	10.6183	619.211	26110.6	-29061.2	-3055.6	185.067	211.832	0	-2.23E-05	5.54E-06	-4.56E-06	-4.68E-06
367	0	-21.6016	10.5839	619.45	26307.5	-29128.5	-3072.13	184.977	211.531	0	-2.23E-05	5.54E-06	-4.56E-06	-4.68E-06
367	1	-21.4939	10.5725	620.169	26504.9	-29191.1	-3079.67	184.93	211.262	0	-2.17E-05	5.20E-06	-7.57E-06	-2.86E-06
367	2	-21.3862	10.561	620.888	26702.3	-29253.7	-3087.21	184.884	210.993	0	-2.17E-05	5.20E-06	-7.57E-06	-2.86E-06
367	3	-21.3146	10.4358	621.509	26879	-29314.3	-3111.52	184.834	210.752	0	-2.16E-05	4.70E-06	-9.14E-06	-4.23E-06
367	4	-21.243	10.3106	622.13	27055.8	-29374.8	-3135.84	184.783	210.511	0	-2.16E-05	4.70E-06	-9.14E-06	-4.23E-06
367	5	-21.219	10.1856	622.42	27205.8	-29392.9	-3154.7	184.776	210.29	0	-2.03E-05	4.36E-06	-1.83E-05	-8.41E-06
367	6	-21.1951	10.0606	622.711	27355.8	-29411	-3173.56	184.769	210.07	0	-2.03E-05	4.36E-06	-1.83E-05	-8.41E-06
367	7	-21.1095	9.97581	623.397	27528.7	-29472	-3194.17	184.723	209.841	0	-2.07E-05	3.87E-06	-2.39E-05	-1.05E-05
367	8	-21.0238	9.89101	624.083	27701.5	-29533	-3214.78	184.678	209.612	0	-2.20E-05	4.54E-06	-2.67E-05	-2.05E-05
367	9	-21.0047	9.78437	624.541	27850.6	-29593	-3243.77	184.616	209.406	0	-2.20E-05	4.54E-06	-2.67E-05	-2.05E-05
367	10	-20.9855	9.67772	624.999	27999.6	-29653	-3272.76	184.555	209.201	0	-1.96E-05	5.70E-06	-3.39E-05	-3.93E-05
367	11	-20.8692	9.58851	625.277	28129.2	-29689.6	-3310.19	184.518	209.013	0	-1.96E-05	5.70E-06	-3.39E-05	-3.93E-05
367	12	-20.7529	9.4993	625.554	28258.8	-29726.1	-3347.62	184.48	208.826	0	-1.90E-05	5.20E-06	-2.75E-05	-3.96E-05
367	13	-20.8135	9.41572	625.802	28414.6	-29749.1	-3347.12	184.462	208.595	0	-1.90E-05	5.20E-06	-2.75E-05	-3.96E-05
367	14	-20.874	9.33213	626.049	28570.4	-29772	-3346.63	184.445	208.364	0	-2.07E-05	4.52E-06	-6.46E-06	-2.18E-05
367	15	-20.8688	9.19778	626.389	28759.7	-29811.6	-3374.39	184.407	208.086	0	-2.07E-05	4.52E-06	-6.46E-06	-2.18E-05
367	16	-20.8635	9.06342	626.729	28949	-29851.2	-3402.16	184.37	207.809	0	-2.13E-05	2.86E-06	3.56E-06	-4.87E-06
367	17	-20.722	8.88834	627.247	29101.9	-29942	-3434.88	184.264	207.604	0	-2.13E-05	3.87E-06	8.38E-06	-4.87E-06
367	18	-20.5806	8.71327	627.766	29254.8	-30032.8	-3467.6	184.159	207.399	0	-2.13E-05	3.87E-06	8.38E-06	-4.87E-06
367	19	-20.4666	8.61234	628.039	29384.4	-30080.6	-3489.92	184.104	207.212	0	-2.20E-05	5.20E-06	2.74E-05	-5.01E-06
368	0	-20.3526	8.51141	628.312	29514	-30128.5	-3512.24	184.049	207.026	0	-2.20E-05	5.20E-06	2.74E-05	-5.01E-06
368	1	-20.2961	8.43647	628.232	29684.9	-30124.8	-3525.39	184.048	206.748	0	-2.16E-05	5.20E-06	2.96E-05	-1.67E-06
368	2	-20.2396	8.36152	628.151	29855.8	-30121.2	-3538.54	184.048	206.47	0	-2.16E-05	5.20E-06	2.96E-05	-1.67E-06
368	3	-20.163	8.23912	628.56	30028.5	-30168.5	-3554.83	184.004	206.227	0	-2.03E-05	5.21E-06	1.37E-05	-8.49E-07
368	4	-20.0865	8.11672	628.97	30201.1	-30215.9	-3571.12	183.96	205.983	0	-2.03E-05	5.21E-06	1.37E-05	-8.49E-07
368	5	-20.0407	7.97795	629.624	30316.1	-30309.4	-3600.4	183.861	205.85	0	-2.00E-05	6.21E-06	-8.98E-06	-2.15E-06
368	6	-19.9949	7.83918	630.278	30431.1	-30402.9	-3629.68	183.763	205.718	0	-1.90E-05	5.86E-06	-1.89E-05	-1.88E-05
368	7	-19.9824	7.72923	630.713	30549.4	-30443.2	-3653.08	183.732	205.564	0	-1.90E-05	5.86E-06	-1.89E-05	-1.88E-05
368	8	-19.9699	7.61927	631.148	30667.8	-30483.6	-3676.49	183.701	205.409	0	-2.32E-05	4.19E-06	-6.36E-06	-4.02E-05
368	9	-19.9345	7.55278	631.451	30834	-30500.9	-3702.65	183.697	205.17	0	-2.32E-05	4.19E-06	-6.36E-06	-4.02E-05
368	10	-19.8991	7.48628	631.754	31000.3	-30518.2	-3728.81	183.693	204.93	0	-2.87E-05	3.52E-06	-4.62E-06	-2.59E-05
368	11	-19.8955	7.3573	632.234	31181.2	-30560.8	-3760.43	183.662	204.681	0	-2.87E-05	3.52E-06	-4.62E-06	-2.59E-05
368	12	-19.8918	7.22831	632.714	31362.2	-30603.3	-3792.06	183.632	204.432	0	-3.04E-05	3.21E-06	-1.53E-05	-6.36E-06
368	13	-19.794	7.01647	632.864	31516	-30649.5	-3823.73	183.57	204.201	0	-3.04E-05	3.21E-06	-1.53E-05	-6.36E-06
368	14	-19.6962	6.80463	633.014	31669.9	-30695.6	-3855.41	183.509	203.97	0	-3.10E-05	5.23E-06	-2.25E-05	-4.53E-06
368	15	-19.611	6.6292	633.485	31803.4	-30761.4	-3881.33	183.441	203.796	0	-2.84E-05	8.73E-06	-2.67E-05	-4.15E-06
368	16	-19.5257	6.45377	633.956	31936.9	-30827.3	-3907.26	183.373	203.623	0	-2.84E-05	8.73E-06	-2.67E-05	-4.15E-06
368	17	-19.466	6.32805	634.424	32095.3	-30846.5	-3913.68	183.379	203.41	0	-2.63E-05	8.87E-06	-2.75E-05	1.01E-06
368	18	-19.4063	6.20233	634.892	32253.7	-30865.6	-3920.1	183.384	203.198	0	-2.63E-05	8.87E-06	-2.75E-05	1.01E-06
368	19	-19.3696	6.12746	635.074	32374.6	-30898.6	-3939.64	183.346	203.022	0	-2.15E-05	6.19E-06	-2.23E-05	1.16E-06
369	0	-19.3328	6.0526	635.255	32495.5	-30931.7	-3959.18	183.308	202.847	0	-2.15E-05	6.19E-06	-2.23E-05	1.16E-06
369	1	-19.4133	5.89824	635.377	32637.3	-30972.7	-3968.49	183.253	202.633	0	-6.20E-06	3.36E-06	-1.69E-05	-2.61E-07
369	2	-19.4937	5.74388	635.499	32779.1	-31013.7	-3977.8	183.198	202.42	0	-6.20E-06	3.36E-06	-1.69E-05	-2.61E-07
369	3	-19.5232	5.5272	635.755	32899.6	-31060.4	-3988.05	183.144	202.251	0	-4.65E-06	3.87E-06	-7.78E-06	-1.15E-05
369	4	-19.5527	5.31053	636.01	33020.1	-31107.1	-3998.31	183.09	202.082	0	-1.83E-05	4.86E-06	5.83E-06	-1.70E-05
369	5	-19.4408	5.17179	636.105	33173.7	-31126.2	-4036.97	183.068	201.849	0	-1.83E-05	4.86E-06	5.83E-06	-1.70E-05
369	6	-19.329	5.03306	636.201	33327.3	-31145.2	-4075.63	183.045	201.615	0	-2.18E-05	3.87E-06	2.07E-05	-2.62E-05
369	7	-19.2383	4.93953	636.265	33471.4	-31177.7	-4095.41	182.999	201.394	0	-2.18E-05	3.87E-06	2.07E-05	-2.62E-05
369	8	-19.1476	4.846	636.33	33615.6	-31210.2	-4115.19	182.953	201.173	0	-1.76E-05	5.05E-06	2.29E-06	-2.83E-05
369	9	-19.0768	4.61741	636.511	33730.1	-31254.1	-4128.69	182.898	201.008	0	-1.76E-05	5.05E-06	2.29E-06	-2.83E-05
369	10	-19.006	4.38882	636.692	33844.7	-31298	-4142.19	182.843	200.843	0	-1.63E-05	7.21E-06	-2.54E-05	-1.50E-05
369	11	-18.9432	4.24617	636.87	33976.6	-31311.2	-4154.33	182.836	200.651	0	-1.63E-05	7.21E-06	-2.54E-05	-1.50E-05
369	12	-18.8805	4.10352	637.049	34108.6	-31324.4	-4166.46	182.829	200.458	0	-1.90E-05	6.54E-06	-3.34E-05	-1.85E-06
369	13	-18.8496	3.99703	637.118	34248.4	-31362.9	-4192.28	182.774	200.245	0	-2.20E-05	5.22E-06	-3.37E-05	-2.05E-06
369	14	-18.8187	3.89055	637.188	34388.2	-31401.4	-4218.11	182.719	200.031	0	-2.20E-05	5.22E-06	-3.37E-05	-2.05E-06
369	15	-18.7166	3.70224	637.346	34499.2	-31435.4	-4253.12	182.678	199.871	0	-2.20E-05	6.89E-06	-3.32E-05	-5.92E-06
369	16	-18.6145	3.51393	637.504	34610.1	-31469.4	-4288.14	182.637	199.71	0	-2.20E-05	6.89E-06	-3.32E-05	-5.92E-06
369	17	-18.5515	3.33357	637.723	34742.2	-31517.4	-4306.17	182.578	199.521	0	-2.03E-05	7.70E-06	-3.20E-05	-1.15E-05
369	18	-18.4885	3.15321	637.942	34874.3	-31565.4	-4324.19	182.52	199.333	0	-2.03E-05	7.70E-06	-3.20E-05	-1.15E-05
369	19	-18.5836	3.01934	637.962	35022.2	-31579.4	-4317.93	182.5	199.103	0	-2.00E-05	4.86E-06	-2.05E-05	-2.70E-05
370	0	-18.6788	2.88547	637.982	35170.2	-31593.4	-4311.68	182.479	198.873	0	-2.00E-05	4.86E-06	-2.05E-05	-2.70E-05
370	1	-18.663	2.75788	638.102	35273.8	-31634.5	-4339.59	182.424	198.721	0	-2.03E-05	4.54E-06	-2.06E-06	-1.87E-05
370	2	-18.6472	2.63029	638.222	35377.4	-31675.6	-4367.51	182.369	198.569	0	-2.10E-05	5.69E-06	1.34E-05	-9.62E-06
370	3	-18.6066	2.49345	638.376	35493.7	-31704.5	-4420.52	182.336	198.4	0	-2.10E-05	5.69E-06	1.34E-05	-9.62E-06
370	4	-18.566	2.35661	638.53	35609.9	-31733.5	-4473.54	182.302	198.231	0	-1.91E-05	4.19E-06	2.93E-05	-1.54E-05
370	5	-18.5197	2.21995	638.451	35728.9	-31773.7	-4475.59	182.233	198.038	0	-1.91E-05	4.19E-06	2.93E-05	-1.54E-05
370	6	-18.4734	2.08329	638.371	35847.8	-31813.9	-4477.65	182.164	197.845	0	-1.93E-05	3.70E-06	3.61E-05	-1.02E-05
370	7	-18.4383	1.89032	638.192	35982.1	-31800.4	-4492.11	182.171	197.619	0	-1.93E-05	3.70E-06	3.61E-05	-1.02E-05
370	8	-18.4033	1.69735	638.014	36116.4	-31786.9	-4506.58	182.178	197.392	0	-2.07E-05	4.18E-06	3.80E-05	-8.07E-06
370	9	-18.3762	1.61694	638.158	36271.1	-31795.5	-4525.21	182.176	197.163	0	-2.07E-05	4.18E-06	3.80E-05	-8.07E-06
370	10	-18.3491	1.53654	638.303	36425.7	-31804.2	-4543.84	182.174	196.933	0	-2.23E-05	2.84E-06	2.88E-05	-9.54E-06
370	11	-18.2631	1.38287	638.55	36564.4	-31832.4	-4555.1	182.149	196.739	0	-2.43E-05	1.50E-06	8.39E-08	-6.48E-06
370	12	-18.1771	1.22921	638.798	36703	-31860.5	-4566.36	182.124	196.544	0	-2.43E-05	1.50E-06	8.39E-08	-6.48E-06
370	13	-18.1463	0.969546	638.598	36837.3	-31897.6	-4616.66	182.051	196.315	0	-2.43E-05	8.41E-07	-2.94E-05	8.51E-07
370	14	-18.1154	0.709884	638.399	36971.6	-31934.7	-4666.96	181.977	196.087	0	-2.43E-05	8.41E-07	-2.94E-05	8.51E-07
370	15	-18.2061	0.52734	638.103	37079.5	-31950.1	-4715.1	181.93	195.891	0	-2.30E-05	1.03E-06	-3.26E-05	2.13E-06
370	16	-18.2968	0.344796	637.808	37187.3	-31965.4	-4763.23	181.882	195.695	0	-2.30E-05	1.03E-06	-3.26E-05	2.13E-06
370	17	-18.3125	0.219233	638.002	37295.2	-31987.1	-4776.58	181.864	195.544	0	-2.48E-05	3.70E-06	-1.69E-05	-4.25E-06
370	18	-18.3283	0.0936699	638.195	37403	-32008.9	-4789.93	181.845	195.393	0	-2.48E-05	3.70E-06	-1.69E-05	-4.25E-06
370	19	-18.353	-0.0348255	637.738	37531.4	-32041.2	-4811.78	181.758	195.149	0	-2.30E-05	4.20E-06	-1.16E-05	-1.07E-05
371	0	-18.3777	-0.163321	637.281	37659.9	-32073.6	-4833.63	181.671	194.905	0	-2.20E-05	5.19E-06	-1.19E-05	-2.22E-05
371	1	-18.4028	-0.381128	637.169	37773.5	-32082.7	-4840.5	181.648	194.717	0	-2.20E-05	5.19E-06	-1.19E-05	-2.22E-05
371	2	-18.4279	-0.598935	637.056	37887.1	-32091.8	-4847.37	181.625	194.528	0	-2.16E-05	3.87E-06	-8.18E-06	-3.03E-05
371	3	-18.4349	-0.750901	637.482	38012.1	-32075	-4853.26	181.685	194.372	0	-2.16E-05	3.87E-06	-8.18E-06	-3.03E-05
371	4	-18.4419	-0.902866	637.909	38137	-32058.1	-4859.16	181.745	194.216	0	-2.03E-05	4.73E-06	-2.86E-06	-2.03E-05
371	5	-18.3827	-1.07945	637.834	38264.1	-32096.6	-4927.68	181.679	194.009	0	-2.03E-05	4.73E-06	-2.86E-06	-2.03E-05
371	6	-18.3234	-1.25604	637.76	38391.2	-32135	-4996.21	181.613	193.803	0	-1.95E-05	8.72E-06	-4.20E-06	-1.50E-05
371	7	-18.4116	-1.50831	637.234	38541.4	-32195.1	-5012.18	181.477	193.518	0	-1.95E-05	8.72E-06	-4.20E-06	-1.50E-05
371	8	-18.4998	-1.76059	636.708	38691.7	-32255.3	-5028.15	181.34	193.232	0	-1.92E-05	7.87E-06	-5.25E-06	-1.66E-05
371	9	-18.5391	-1.93146	636.67	38824.5	-32259.3	-5018.71	181.331	193.019	0	-2.10E-05	5.53E-06	-1.10E-05	-1.32E-05
371	10	-18.5784	-2.10234	636.633	38957.3	-32263.2	-5009.26	181.322	192.807	0	-2.10E-05	5.53E-06	-1.10E-05	-1.32E-05
371	11	-18.5558	-2.28367	636.396	39096.4	-32283.8	-5033.97	181.271	192.566	0	-2.20E-05	4.69E-06	-2.40E-05	-1.04E-05
371	12	-18.5331	-2.46499	636.158	39235.5	-32304.5	-5058.68	181.219	192.324	0	-2.20E-05	4.69E-06	-2.40E-05	-1.04E-05
371	13	-18.5297	-2.63844	635.892	39354.1	-32341.3	-5085.01	181.14	192.112	0	-2.13E-05	3.84E-06	-2.18E-05	-1.19E-05
371	14	-18.5262	-2.81188	635.625	39472.7	-32378.2	-5111.34	181.061	191.899	0	-2.13E-05	3.84E-06	-2.18E-05	-1.19E-05
371	15	-18.4755	-3.00478	635.514	39562.7	-32390.4	-5133.99	181.033	191.747	0	-2.00E-05	1.16E-06	-1.91E-05	-1.41E-05
371	16	-18.4247	-3.19769	635.402	39652.8	-32402.7	-5156.64	181.004	191.594	0	-2.00E-05	1.16E-06	-1.91E-05	-1.41E-05
371	17	-18.4928	-3.37272	635.224	39773.7	-32387.9	-5174.3	181.014	191.386	0	-1.90E-05	-8.25E-07	-2.92E-05	-1.64E-05
371	18	-18.5608	-3.54775	635.046	39894.7	-32373	-5191.96	181.023	191.178	0	-1.86E-05	8.48E-07	-3.00E-05	-1.29E-05
371	19	-18.5717	-3.73803	634.587	40017.7	-32363.4	-5221.93	181.001	190.939	0	-1.86E-05	8.48E-07	-3.00E-05	-1.29E-05
372	0	-18.5827	-3.92832	634.127	40140.7	-32353.9	-5251.9	180.979	190.699	0	-1.83E-05	1.86E-06	-2.49E-05	-1.09E-05
372	1	-18.5986	-4.11505	633.657	40247.6	-32390.6	-5282.15	180.883	190.484	0	-1.83E-05	1.86E-06	-2.49E-05	-1.09E-05
372	2	-18.6146	-4.30179	633.186	40354.5	-32427.3	-5312.39	180.787	190.268	0	-1.76E-05	3.87E-06	-1.39E-05	-9.89E-06
372	3	-18.666	-4.51734	632.981	40505.9	-32466.4	-5327.81	180.709	190.008	0	-1.76E-05	3.87E-06	-1.39E-05	-9.89E-06
372	4	-18.7174	-4.7329	632.776	40657.3	-32505.5	-5343.22	180.63	189.748	0	-1.76E-05	5.21E-06	-6.97E-06	-7.91E-06
372	5	-18.7416	-4.94472	632.954	40800.4	-32502.7	-5358.33	180.649	189.54	0	-1.76E-05	5.21E-06	-6.97E-06	-7.91E-06
372	6	-18.7657	-5.15654	633.133	40943.4	-32499.9	-5373.44	180.668	189.332	0	-1.90E-05	5.71E-06	-1.76E-05	-1.09E-05
372	7	-18.7734	-5.31131	632.682	41026.2	-32539.8	-5415.26	180.568	189.155	0	-2.49E-05	5.89E-06	-3.01E-05	-1.24E-05
372	8	-18.7811	-5.46608	632.232	41109	-32579.8	-5457.08	180.469	188.978	0	-2.49E-05	5.89E-06	-3.01E-05	-1.24E-05
372	9	-18.767	-5.69668	631.551	41216.4	-32617.2	-5496.76	180.354	188.738	0	-2.77E-05	7.89E-06	-2.10E-05	-1.26E-05
372	10	-18.7528	-5.92728	630.869	41323.9	-32654.6	-5536.44	180.239	188.497	0	-2.77E-05	7.89E-06	-2.10E-05	-1.26E-05
372	11	-18.7441	-6.03619	630.638	41465.8	-32630.7	-5540.13	180.258	188.248	0	-2.51E-05	7.89E-06	-6.60E-06	-1.36E-05
372	12	-18.7354	-6.14509	630.407	41607.8	-32606.9	-5543.83	180.276	187.999	0	-2.51E-05	7.89E-06	-6.60E-06	-1.36E-05
372	13	-18.7898	-6.2857	630.153	41720.6	-32612.3	-5557.58	180.247	187.793	0	-2.03E-05	8.56E-06	-1.33E-05	-1.49E-05
372	14	-18.8442	-6.4263	629.899	41833.5	-32617.8	-5571.33	180.217	187.587	0	-2.03E-05	8.56E-06	-1.33E-05	-1.49E-05
372	15	-18.8819	-6.60898	629.543	41938.6	-32649.7	-5587.36	180.137	187.382	0	-2.07E-05	8.55E-06	-2.03E-05	-1.59E-05
372	16	-18.9195	-6.79165	629.186	42043.7	-32681.7	-5603.39	180.057	187.178	0	-2.40E-05	7.55E-06	-1.64E-05	-1.19E-05
372	17	-18.9608	-6.94133	628.768	42137.7	-32690.1	-5611.1	180.009	186.984	0	-2.40E-05	7.55E-06	-1.64E-05	-1.19E-05
372	18	-19.0021	-7.091	628.351	42231.7	-32698.5	-5618.81	179.961	186.79	0	-2.18E-05	6.90E-06	-5.47E-06	-1.08E-05
372	19	-19.136	-7.34658	627.836	42374.8	-32691.1	-5654.76	179.93	186.507	0	-2.18E-05	6.90E-06	-5.47E-06	-1.08E-05
373	0	-19.2698	-7.60215	627.321	42518	-32683.7	-5690.71	179.899	186.223	0	-1.89E-05	8.56E-06	2.03E-06	-1.18E-05
373	1	-19.249	-7.74692	627.153	42647.8	-32699.4	-5728.99	179.861	185.998	0	-1.89E-05	8.56E-06	2.03E-06	-1.18E-05
373	2	-19.2281	-7.8917	626.986	42777.6	-32715.1	-5767.27	179.822	185.773	0	-1.66E-05	9.04E-06	-1.63E-05	-1.41E-05
373	3	-19.2449	-8.06254	626.589	42868.9	-32751.8	-5797.21	179.73	185.584	0	-1.66E-05	9.04E-06	-1.63E-05	-1.41E-05
373	4	-19.2616	-8.23339	626.192	42960.3	-32788.5	-5827.16	179.638	185.394	0	-1.63E-05	6.70E-06	-2.32E-05	-1.55E-05
373	5	-19.3578	-8.41187	625.847	43066	-32769.7	-5837.92	179.639	185.188	0	-1.56E-05	4.67E-06	-1.12E-05	-1.73E-05
373	6	-19.454	-8.59035	625.501	43171.7	-32750.9	-5848.69	179.641	184.981	0	-1.56E-05	4.67E-06	-1.12E-05	-1.73E-05
373	7	-19.4021	-8.7177	625.414	43286.3	-32729.9	-5879.15	179.667	184.788	0	-2.00E-05	1.50E-06	-3.11E-06	-1.98E-05
373	8	-19.3501	-8.84505	625.326	43401	-32708.9	-5909.62	179.693	184.595	0	-2.00E-05	1.50E-06	-3.11E-06	-1.98E-05
373	9	-19.3626	-8.9566	625.011	43491.5	-32750.2	-5934.29	179.601	184.415	0	-2.57E-05	6.87E-07	6.60E-06	-2.03E-05
373	10	-19.375	-9.06815	624.695	43582.1	-32791.6	-5958.96	179.508	184.235	0	-2.57E-05	6.87E-07	6.60E-06	-2.03E-05
373	11	-19.4616	-9.16007	623.967	43691.5	-32800.7	-5969.62	179.432	183.978	0	-2.45E-05	2.52E-06	1.31E-05	-1.69E-05
373	12	-19.5481	-9.25199	623.239	43801	-32809.9	-5980.28	179.356	183.72	0	-2.45E-05	2.52E-06	1.31E-05	-1.69E-05
373	13	-19.6016	-9.50447	622.768	43916.9	-32838	-6015.7	179.271	183.481	0	-2.10E-05	3.04E-06	-9.71E-07	-9.70E-06
373	14	-19.655	-9.75694	622.297	44032.7	-32866.1	-6051.11	179.186	183.242	0	-2.00E-05	5.20E-06	-1.61E-05	-5.72E-06
373	15	-19.6458	-9.97465	621.745	44138	-32878.4	-6074.37	179.119	183.01	0	-2.00E-05	5.20E-06	-1.61E-05	-5.72E-06
373	16	-19.6367	-10.1924	621.194	44243.2	-32890.7	-6097.62	179.053	182.777	0	-2.00E-05	4.86E-06	2.65E-06	-7.24E-06
373	17	-19.6051	-10.3072	620.65	44337.5	-32868.9	-6121.1	179.041	182.563	0	-2.00E-05	4.86E-06	2.65E-06	-7.24E-06
373	18	-19.5736	-10.422	620.106	44431.8	-32847.2	-6144.58	179.03	182.348	0	-2.17E-05	4.53E-06	1.84E-05	-1.04E-05
373	19	-19.6187	-10.5891	619.469	44557	-32863.9	-6172.91	178.948	182.072	0	-2.17E-05	4.53E-06	1.84E-05	-1.04E-05
374	0	-19.6637	-10.7562	618.832	44682.3	-32880.6	-6201.24	178.867	181.796	0	-2.16E-05	4.69E-06	1.55E-05	-1.26E-05
374	1	-19.7417	-10.9204	618.448	44758.9	-32889.8	-6213.57	178.819	181.627	0	-2.16E-05	4.69E-06	1.55E-05	-1.26E-05
374	2	-19.8198	-11.0847	618.064	44835.5	-32899	-6225.9	178.771	181.458	0	-1.83E-05	3.87E-06	-1.15E-06	-1.50E-05
374	3	-19.8863	-11.2904	617.764	44937.4	-32907.7	-6233.71	178.731	181.258	0	-1.78E-05	4.52E-06	1.73E-06	-1.70E-05
374	4	-19.9528	-11.4961	617.464	45039.2	-32916.4	-6241.54	178.691	181.058	0	-1.78E-05	4.52E-06	1.73E-06	-1.70E-05
374	5	-19.899	-11.6128	616.955	45140.7	-32912.7	-6251.16	178.653	180.833	0	-2.25E-05	3.69E-06	7.16E-06	-1.76E-05
374	6	-19.8453	-11.7294	616.447	45242.3	-32909	-6260.78	178.615	180.608	0	-2.25E-05	3.69E-06	7.16E-06	-1.76E-05
374	7	-19.8441	-11.9133	616.011	45318.9	-32928.7	-6294.05	178.545	180.432	0	-2.74E-05	3.03E-06	5.55E-07	-1.74E-05
374	8	-19.843	-12.0973	615.575	45395.4	-32948.4	-6327.32	178.475	180.255	0	-2.74E-05	3.03E-06	5.55E-07	-1.74E-05
374	9	-19.9073	-12.1908	615.095	45478.1	-32967.2	-6355.92	178.403	180.063	0	-2.92E-05	4.54E-06	-1.31E-05	-1.51E-05
374	10	-19.9717	-12.2843	614.616	45560.7	-32986	-6384.52	178.331	179.871	0	-2.92E-05	4.54E-06	-1.31E-05	-1.51E-05
374	11	-19.9507	-12.3891	614.497	45689.7	-32985.8	-6401.23	178.321	179.647	0	-3.04E-05	5.21E-06	-1.08E-05	-1.92E-05
374	12	-19.9297	-12.494	614.378	45818.6	-32985.5	-6417.94	178.311	179.423	0	-3.10E-05	5.53E-06	-1.48E-06	-2.11E-05
374	13	-19.9572	-12.8214	613.974	45948.4	-32988.2	-6449.55	178.271	179.162	0	-3.10E-05	5.53E-06	-1.48E-06	-2.11E-05
374	14	-19.9847	-13.1488	613.571	46078.2	-32991	-6481.17	178.231	178.902	0	-2.77E-05	4.37E-06	2.13E-06	-1.42E-05
374	15	-20.0197	-13.2751	612.814	46168.9	-33002.9	-6495.48	178.145	178.661	0	-2.77E-05	4.37E-06	2.13E-06	-1.42E-05
374	16	-20.0548	-13.4014	612.057	46259.5	-33014.9	-6509.79	178.059	178.42	0	-2.74E-05	5.55E-06	-4.25E-06	-1.01E-05
374	17	-20.0695	-13.5481	611.809	46325.3	-33004.8	-6513.89	178.054	178.281	0	-2.74E-05	5.55E-06	-4.25E-06	-1.01E-05
374	18	-20.0843	-13.6947	611.561	46391.2	-32994.7	-6517.99	178.048	178.143	0	-2.83E-05	6.72E-06	-9.91E-06	-8.21E-06
374	19	-20.0938	-13.8851	611.325	46477.2	-32998.3	-6522.29	178.022	177.973	0	-2.83E-05	6.72E-06	-9.91E-06	-8.21E-06
375	0	-20.1034	-14.0755	611.09	46563.3	-33001.9	-6526.6	177.995	177.803	0	-2.29E-05	7.03E-06	-1.09E-05	-6.21E-06
375	1	-20.1271	-14.2307	610.581	46691.1	-33021.3	-6561.54	177.918	177.53	0	-1.56E-05	4.21E-06	-1.40E-05	-5.78E-06
375	2	-20.1508	-14.386	610.073	46818.9	-33040.8	-6596.47	177.841	177.257	0	-1.56E-05	4.21E-06	-1.40E-05	-5.78E-06
375	3	-20.1823	-14.5678	609.627	46865.1	-33040.4	-6625.69	177.802	177.125	0	-1.36E-05	5.55E-06	-1.76E-05	-1.44E-05
375	4	-20.2138	-14.7495	609.182	46911.3	-33040	-6654.92	177.763	176.993	0	-1.36E-05	5.55E-06	-1.76E-05	-1.44E-05
375	5	-20.2902	-14.8639	608.65	47007.3	-33032.2	-6648.64	177.729	176.768	0	-1.29E-05	7.22E-06	-1.91E-05	-1.56E-05
375	6	-20.3666	-14.9783	608.118	47103.3	-33024.3	-6642.36	177.694	176.543	0	-1.29E-05	7.22E-06	-1.91E-05	-1.56E-05
375	7	-20.4535	-15.1288	607.708	47212.6	-33025.4	-6656.56	177.656	176.31	0	-1.53E-05	7.21E-06	-1.68E-05	-1.80E-05
375	8	-20.5403	-15.2794	607.298	47321.9	-33026.4	-6670.76	177.617	176.078	0	-1.53E-05	7.21E-06	-1.68E-05	-1.80E-05
375	9	-20.5287	-15.4185	607.141	47402.8	-33050.8	-6704.24	177.563	175.925	0	-2.17E-05	6.37E-06	-2.03E-05	-2.16E-05
375	10	-20.5171	-15.5575	606.983	47483.8	-33075.1	-6737.72	177.509	175.771	0	-2.70E-05	5.03E-06	-2.20E-05	-1.56E-05
375	11	-20.5033	-15.662	606.779	47520.4	-33073.6	-6748.3	177.493	175.684	0	-2.70E-05	5.03E-06	-2.20E-05	-1.56E-05
375	12	-20.4896	-15.7664	606.574	47557.1	-33072	-6758.87	177.477	175.597	0	-2.89E-05	4.53E-06	-2.06E-05	-1.27E-05
375	13	-20.4588	-15.8126	606.182	47620.5	-33057	-6767.93	177.467	175.442	0	-2.89E-05	4.53E-06	-2.06E-05	-1.27E-05
375	14	-20.4281	-15.8588	605.79	47683.8	-33041.9	-6776.99	177.457	175.287	0	-2.92E-05	4.53E-06	-1.96E-05	-1.14E-05
375	15	-20.452	-16.0191	604.86	47771.9	-33036.1	-6795.73	177.382	175.02	0	-2.92E-05	4.53E-06	-1.96E-05	-1.14E-05
375	16	-20.4758	-16.1795	603.931	47859.9	-33030.2	-6814.47	177.308	174.753	0	-3.10E-05	3.86E-06	-1.96E-05	-9.40E-06
375	17	-20.5528	-16.3716	603.418	47915.9	-33031.3	-6835.46	177.26	174.593	0	-3.10E-05	3.86E-06	-1.96E-05	-9.40E-06
375	18	-20.6297	-16.5637	602.906	47971.8	-33032.3	-6856.45	177.212	174.432	0	-2.97E-05	3.36E-06	-1.51E-05	-8.91E-06
375	19	-20.6714	-16.6754	602.74	48045.7	-33050.3	-6879	177.167	174.288	0	-3.00E-05	4.22E-06	-1.22E-05	-1.03E-05
376	0	-20.713	-16.787	602.574	48119.6	-33068.2	-6901.55	177.122	174.143	0	-3.00E-05	4.22E-06	-1.22E-05	-1.03E-05
376	1	-20.7626	-16.906	602.146	48192.4	-33044.5	-6916.47	177.122	173.965	0	-2.83E-05	6.37E-06	-1.15E-05	-1.76E-05
376	2	-20.8121	-17.025	601.717	48265.2	-33020.7	-6931.4	177.122	173.787	0	-2.83E-05	6.37E-06	-1.15E-05	-1.76E-05
376	3	-20.841	-17.2148	601.13	48305.6	-33001.9	-6954.03	177.1	173.642	0	-2.29E-05	5.86E-06	-3.35E-06	-1.09E-05
376	4	-20.8699	-17.4046	600.544	48345.9	-32983	-6976.65	177.078	173.496	0	-2.29E-05	5.86E-06	-3.35E-06	-1.09E-05
376	5	-20.9373	-17.5795	599.578	48426.1	-32993	-6974.41	176.973	173.233	0	-1.02E-05	4.53E-06	-2.57E-06	-4.23E-06
376	6	-21.0047	-17.7544	598.612	48506.2	-33002.9	-6972.16	176.868	172.969	0	-1.02E-05	4.53E-06	-2.57E-06	-4.23E-06
376	7	-21.0112	-17.8095	598.284	48580.4	-32987.7	-6990.77	176.863	172.801	0	1.17E-05	4.52E-06	-8.90E-06	-8.57E-06
376	8	-21.0176	-17.8647	597.957	48654.5	-32972.6	-7009.37	176.858	172.632	0	6.05E-06	3.17E-06	-8.88E-06	-9.54E-06
376	9	-20.9906	-18.0667	597.86	48712.7	-32974.5	-7037.63	176.846	172.522	0	6.05E-06	3.17E-06	-8.88E-06	-9.54E-06
376	10	-20.9636	-18.2688	597.764	48770.9	-32976.4	-7065.88	176.834	172.411	0	-1.20E-05	8.28E-07	-6.58E-06	-6.91E-06
376	11	-20.989	-18.477	597.137	48818.1	-32990.7	-7079.6	176.752	172.246	0	-1.20E-05	8.28E-07	-6.58E-06	-6.91E-06
376	12	-21.0143	-18.6853	596.511	48865.3	-33005	-7093.31	176.67	172.081	0	-1.59E-05	-5.06E-07	-9.94E-06	-9.95E-06
376	13	-21.0523	-18.7966	595.91	48928.5	-33021.8	-7120.32	176.586	171.893	0	-1.59E-05	-5.06E-07	-9.94E-06	-9.95E-06
376	14	-21.0903	-18.9078	595.31	48991.6	-33038.5	-7147.33	176.502	171.704	0	-1.59E-05	-8.49E-07	-1.46E-05	-1.51E-05
376	15	-21.1033	-19.089	594.755	49041.6	-33091.2	-7175.33	176.362	171.543	0	-1.59E-05	-8.49E-07	-1.46E-05	-1.51E-05
376	16	-21.1163	-19.2702	594.201	49091.6	-33143.8	-7203.33	176.221	171.382	0	-1.57E-05	-1.98E-06	-1.49E-05	-1.49E-05
376	17	-21.2496	-19.4439	593.944	49132.9	-33113.6	-7220.85	176.248	171.277	0	-2.37E-05	1.55E-06	-1.29E-05	-1.23E-05
376	18	-21.3829	-19.6176	593.688	49174.3	-33083.4	-7238.37	176.275	171.171	0	-2.37E-05	1.55E-06	-1.29E-05	-1.23E-05
376	19	-21.3834	-19.7813	593.31	49221.4	-33071.7	-7270.72	176.259	171.039	0	-3.07E-05	5.54E-06	-1.29E-05	-1.23E-05
377	0	-21.3839	-19.945	592.933	49268.6	-33059.8	-7303.07	176.244	170.907	0	-3.07E-05	5.54E-06	-1.29E-05	-1.23E-05
377	1	-21.3192	-20.1276	592.292	49263.6	-33085.9	-7321.58	176.139	170.825	0	-2.93E-05	5.53E-06	-1.22E-05	-1.79E-05
377	2	-21.2545	-20.3101	591.651	49258.7	-33111.9	-7340.09	176.035	170.744	0	-2.93E-05	5.53E-06	-1.22E-05	-1.79E-05
377	3	-21.3352	-20.4651	591.388	49321.4	-33085	-7353.68	176.055	170.601	0	-2.30E-05	4.37E-06	-6.40E-06	-1.22E-05
377	4	-21.4159	-20.62	591.125	49384.2	-33058.2	-7367.27	176.076	170.457	0	-2.30E-05	4.37E-06	-6.40E-06	-1.22E-05
377	5	-21.4859	-20.77	590.913	49443.2	-33040.4	-7387.17	176.086	170.328	0	-2.34E-05	5.53E-06	1.06E-05	-6.91E-06
377	6	-21.5559	-20.9199	590.702	49502.2	-33022.5	-7407.08	176.096	170.198	0	-2.67E-05	4.20E-06	1.41E-05	-1.03E-05
377	7	-21.5388	-21.0385	589.965	49480.9	-33026.1	-7416.94	176.02	170.129	0	-2.67E-05	4.20E-06	1.41E-05	-1.03E-05
377	8	-21.5217	-21.1572	589.229	49459.5	-33029.7	-7426.81	175.944	170.061	0	-2.38E-05	4.20E-06	-7.39E-06	-1.16E-05
377	9	-21.5157	-21.4378	588.818	49505.3	-33039.6	-7439.54	175.888	169.924	0	-2.38E-05	4.20E-06	-7.39E-06	-1.16E-05
377	10	-21.5097	-21.7184	588.406	49551.1	-33049.6	-7452.27	175.832	169.788	0	-2.30E-05	4.70E-06	-2.74E-05	-1.13E-05
377	11	-21.5608	-21.9129	588.038	49565	-33011.2	-7491.3	175.862	169.711	0	-2.30E-05	4.70E-06	-2.74E-05	-1.13E-05
377	12	-21.6118	-22.1075	587.671	49578.9	-32972.8	-7530.33	175.892	169.635	0	-2.17E-05	4.36E-06	-3.10E-05	-1.26E-05
377	13	-21.6687	-22.2469	587.046	49589	-32935.2	-7552.7	175.897	169.528	0	-2.17E-05	4.36E-06	-3.10E-05	-1.26E-05
377	14	-21.7255	-22.3864	586.421	49599.2	-32897.5	-7575.08	175.901	169.42	0	-2.30E-05	3.86E-06	-2.26E-05	-1.33E-05
377	15	-21.7161	-22.5786	585.685	49625.5	-32903.4	-7588.38	175.821	169.269	0	-2.30E-05	3.69E-06	-1.39E-05	-1.29E-05
377	16	-21.7068	-22.7708	584.95	49651.8	-32909.4	-7601.69	175.74	169.118	0	-2.30E-05	3.69E-06	-1.39E-05	-1.29E-05
377	17	-21.7277	-22.9927	584.57	49645.8	-32887.9	-7626.58	175.74	169.073	0	-2.00E-05	3.68E-06	-1.37E-05	-1.33E-05
377	18	-21.7486	-23.2146	584.189	49639.8	-32866.4	-7651.47	175.74	169.028	0	-2.00E-05	3.68E-06	-1.37E-05	-1.33E-05
377	19	-21.7645	-23.4114	583.937	49652.4	-32857.2	-7665.4	175.732	168.97	0	-2.10E-05	2.19E-06	-2.80E-05	-1.36E-05
378	0	-21.7804	-23.6082	583.684	49664.9	-32848	-7679.33	175.723	168.911	0	-2.10E-05	2.19E-06	-2.80E-05	-1.36E-05
378	1	-21.8787	-23.8339	583.052	49695.9	-32818.3	-7705.61	175.713	168.766	0	-2.37E-05	3.20E-06	-2.61E-05	-1.22E-05
378	2	-21.9769	-24.0597	582.419	49727	-32788.6	-7731.88	175.703	168.62	0	-2.37E-05	3.20E-06	-2.61E-05	-1.22E-05
378	3	-21.9859	-24.2788	582.03	49764.8	-32759.6	-7764.74	175.715	168.498	0	-2.84E-05	3.90E-06	5.65E-07	-9.07E-06
378	4	-21.9949	-24.4978	581.64	49802.5	-32730.6	-7797.6	175.727	168.376	0	-2.67E-05	8.25E-06	7.54E-06	-1.01E-05
378	5	-21.9902	-24.8402	581.224	49804.1	-32741.8	-7826.87	175.668	168.312	0	-2.67E-05	8.25E-06	7.54E-06	-1.01E-05
378	6	-21.9856	-25.1826	580.809	49805.7	-32753	-7856.14	175.608	168.248	0	-2.47E-05	1.12E-05	6.17E-06	-1.49E-05
378	7	-22.055	-25.4502	580.279	49824.9	-32728.4	-7869.37	175.599	168.136	0	-2.47E-05	1.12E-05	6.17E-06	-1.49E-05
378	8	-22.1243	-25.7178	579.749	49844.1	-32703.7	-7882.6	175.59	168.025	0	-2.97E-05	7.86E-06	1.95E-06	-1.09E-05
378	9	-22.1935	-25.9768	579.36	49857.9	-32698.9	-7903.68	175.56	167.943	0	-2.97E-05	7.86E-06	1.95E-06	-1.09E-05
378	10	-22.2627	-26.2359	578.971	49871.8	-32694.1	-7924.77	175.531	167.861	0	-3.17E-05	4.21E-06	-5.73E-06	-8.87E-06
378	11	-22.2789	-26.5116	578.453	49899.3	-32685	-7952.8	175.496	167.737	0	-3.17E-05	4.21E-06	-5.73E-06	-8.87E-06
378	12	-22.2951	-26.7874	577.934	49926.8	-32675.9	-7980.84	175.461	167.612	0	-2.53E-05	5.20E-06	-8.74E-06	-6.23E-06
378	13	-22.2868	-27.0147	577.67	49901.5	-32676.3	-8010.74	175.434	167.616	0	-1.88E-05	4.69E-06	-1.03E-05	-8.32E-06
378	14	-22.2785	-27.2421	577.406	49876.2	-32676.7	-8040.65	175.408	167.62	0	-1.88E-05	4.69E-06	-1.03E-05	-8.32E-06
378	15	-22.2399	-27.5362	576.874	49866.5	-32650.6	-8058.3	175.401	167.557	0	-1.63E-05	3.85E-06	5.28E-06	-1.84E-05
378	16	-22.2012	-27.8303	576.341	49856.8	-32624.6	-8075.94	175.394	167.494	0	-1.63E-05	3.85E-06	5.28E-06	-1.84E-05
378	17	-22.1727	-28.1576	575.435	49881.8	-32619.1	-8125.59	175.314	167.315	0	-1.63E-05	2.20E-06	1.41E-05	-1.62E-05
378	18	-22.1442	-28.4849	574.529	49906.7	-32613.6	-8175.24	175.234	167.135	0	-1.63E-05	2.20E-06	1.41E-05	-1.62E-05
378	19	-22.2243	-28.7634	574.311	49934.7	-32613.7	-8203.31	175.212	167.053	0	-1.77E-05	3.70E-06	-1.30E-06	-6.08E-06
379	0	-22.3044	-29.0419	574.093	49962.7	-32613.9	-8231.38	175.191	166.971	0	-1.77E-05	3.70E-06	-1.30E-06	-6.08E-06
379	1	-22.4036	-29.2926	574.001	49984.8	-32580.9	-8253.85	175.239	166.919	0	-2.10E-05	4.85E-06	-1.58E-05	-9.95E-06
379	2	-22.5029	-29.5433	573.909	50006.8	-32547.9	-8276.32	175.287	166.866	0	-1.85E-05	3.18E-06	-1.36E-05	-1.53E-05
379	3	-22.4788	-29.8732	573.235	49998.6	-32511.1	-8316.02	175.285	166.778	0	-1.85E-05	3.18E-06	-1.36E-05	-1.53E-05
379	4	-22.4547	-30.2031	572.561	49990.4	-32474.3	-8355.71	175.282	166.69	0	-1.80E-05	2.38E-06	-9.28E-06	-1.41E-05
379	5	-22.5108	-30.5383	572.187	49999.3	-32471.9	-8394.1	175.249	166.617	0	-1.80E-05	2.38E-06	-9.28E-06	-1.41E-05
379	6	-22.567	-30.8736	571.813	50008.2	-32469.4	-8432.47	175.217	166.544	0	-2.35E-05	6.21E-06	-1.49E-05	-1.59E-05
379	7	-22.6342	-31.1845	571.592	50022.4	-32450.9	-8451.63	175.227	166.486	0	-2.35E-05	6.21E-06	-1.49E-05	-1.59E-05
379	8	-22.7015	-31.4955	571.372	50036.7	-32432.4	-8470.78	175.238	166.427	0	-2.76E-05	6.55E-06	-1.15E-05	-1.05E-05
379	9	-22.7293	-31.7077	571.116	50025.3	-32416.9	-8493.62	175.239	166.408	0	-2.76E-05	6.55E-06	-1.15E-05	-1.05E-05
379	10	-22.757	-31.9199	570.861	50013.9	-32401.4	-8516.46	175.241	166.389	0	-2.23E-05	7.55E-06	1.66E-06	-1.68E-06
379	11	-22.7903	-32.2035	570.414	50030.8	-32413	-8549.8	175.176	166.29	0	-1.56E-05	6.85E-06	1.84E-05	-1.54E-06
379	12	-22.8236	-32.4871	569.967	50047.7	-32424.6	-8583.15	175.111	166.192	0	-1.56E-05	6.85E-06	1.84E-05	-1.54E-06
379	13	-22.8483	-32.7936	569.959	50098.5	-32413.9	-8609.44	175.129	166.102	0	-1.50E-05	3.21E-06	3.11E-05	-4.99E-06
379	14	-22.873	-33.1	569.951	50149.3	-32403.1	-8635.73	175.148	166.011	0	-1.50E-05	3.21E-06	3.11E-05	-4.99E-06
379	15	-22.8707	-33.3638	569.93	50194.7	-32417.4	-8668.65	175.12	165.928	0	-1.66E-05	5.89E-06	-4.29E-07	-1.90E-05
379	16	-22.8683	-33.6275	569.909	50240	-32431.6	-8701.56	175.093	165.846	0	-1.66E-05	5.89E-06	-4.29E-07	-1.90E-05
379	17	-22.8469	-33.8608	569.602	50255.8	-32455.9	-8710.34	175.02	165.77	0	-1.70E-05	7.55E-06	-2.99E-05	-2.16E-05
379	18	-22.8254	-34.0941	569.295	50271.5	-32480.2	-8719.11	174.947	165.695	0	-1.70E-05	7.55E-06	-2.99E-05	-2.16E-05
379	19	-22.8569	-34.2722	569.078	50291	-32450.5	-8724.01	174.977	165.627	0	-2.17E-05	7.56E-06	-2.88E-05	-1.56E-05
380	0	-22.8884	-34.4504	568.861	50310.4	-32420.7	-8728.91	175.008	165.559	0	-2.79E-05	7.88E-06	-3.55E-05	-1.48E-05
380	1	-22.9575	-34.6227	568.735	50360.8	-32411.2	-8765.49	175.012	165.451	0	-2.79E-05	7.88E-06	-3.55E-05	-1.48E-05
380	2	-23.0266	-34.7951	568.609	50411.2	-32401.7	-8802.06	175.016	165.343	0	-2.97E-05	7.21E-06	-4.04E-05	-1.32E-05
380	3	-23.0559	-34.9778	568.836	50467.4	-32410.6	-8835.84	175.023	165.28	0	-2.97E-05	7.21E-06	-4.04E-05	-1.32E-05
380	4	-23.0851	-35.1606	569.063	50523.6	-32419.6	-8869.61	175.03	165.216	0	-2.72E-05	5.87E-06	-3.50E-05	-8.19E-06
380	5	-23.1259	-35.3431	568.984	50528.4	-32422.2	-8910.1	175.017	165.195	0	-2.72E-05	5.87E-06	-3.50E-05	-8.19E-06
380	6	-23.1667	-35.5255	568.906	50533.2	-32424.8	-8950.6	175.005	165.175	0	-2.91E-05	5.03E-06	-2.60E-05	-4.19E-06
380	7	-23.249	-35.7071	568.819	50579.3	-32398.1	-8962.45	175.043	165.08	0	-2.91E-05	5.03E-06	-2.60E-05	-4.19E-06
380	8	-23.3313	-35.8888	568.733	50625.4	-32371.3	-8974.3	175.082	164.986	0	-3.07E-05	3.85E-06	-5.93E-06	-3.19E-06
380	9	-23.3962	-36.0063	568.703	50689.1	-32365	-8961.98	175.09	164.869	0	-2.76E-05	2.19E-06	2.56E-05	-3.53E-06
380	10	-23.461	-36.1238	568.674	50752.8	-32358.7	-8949.66	175.098	164.752	0	-2.76E-05	2.19E-06	2.56E-05	-3.53E-06
380	11	-23.4806	-36.2206	568.602	50803.3	-32411.2	-8985.51	174.999	164.652	0	-2.19E-05	2.53E-06	1.83E-05	-4.24E-06
380	12	-23.5002	-36.3175	568.531	50853.8	-32463.6	-9021.36	174.899	164.552	0	-2.19E-05	2.53E-06	1.83E-05	-4.24E-06
380	13	-23.567	-36.4054	568.687	50927.9	-32463.8	-9062.42	174.915	164.447	0	-1.52E-05	3.53E-06	-1.37E-05	-9.16E-06
380	14	-23.6337	-36.4934	568.843	51001.9	-32463.9	-9103.47	174.93	164.341	0	-1.52E-05	3.53E-06	-1.37E-05	-9.16E-06
380	15	-23.6947	-36.5495	569.483	51097.2	-32479.5	-9110.2	174.967	164.275	0	-4.86E-06	4.36E-06	-8.88E-06	-2.03E-05
380	16	-23.7556	-36.6057	570.124	51192.4	-32495.1	-9116.92	175.003	164.208	0	-4.86E-06	4.36E-06	-8.88E-06	-2.03E-05
380	17	-23.8055	-36.7046	570.445	51237.7	-32524.4	-9133.69	174.984	164.179	0	-3.60E-06	3.51E-06	1.22E-05	-2.03E-05
380	18	-23.8555	-36.8036	570.765	51283.1	-32553.8	-9150.46	174.965	164.15	0	-1.24E-05	2.20E-06	9.69E-06	-1.77E-05
380	19	-23.9767	-36.8335	570.671	51348	-32531	-9184.77	174.995	164.022	0	-1.24E-05	2.20E-06	9.69E-06	-1.77E-05
381	0	-24.098	-36.8634	570.578	51412.9	-32508.3	-9219.08	175.026	163.893	0	-1.51E-05	3.85E-06	-1.47E-05	-2.08E-05
381	1	-24.1111	-36.898	570.795	51516.9	-32518.5	-9218.47	175.029	163.745	0	-1.51E-05	3.85E-06	-1.47E-05	-2.08E-05
381	2	-24.1243	-36.9325	571.012	51620.9	-32528.7	-9217.86	175.033	163.598	0	-1.29E-05	2.87E-06	-2.84E-05	-2.19E-05
381	3	-24.1937	-37.0508	571.194	51729.3	-32570.3	-9235.85	174.979	163.436	0	-1.29E-05	2.87E-06	-2.84E-05	-2.19E-05
381	4	-24.2631	-37.169	571.375	51837.7	-32611.8	-9253.84	174.924	163.275	0	-1.24E-05	4.54E-06	-3.24E-05	-1.42E-05
381	5	-24.3389	-37.2661	571.531	51923.6	-32632.4	-9285.1	174.904	163.15	0	-1.24E-05	4.54E-06	-3.24E-05	-1.42E-05
381	6	-24.4146	-37.3632	571.686	52009.4	-32652.9	-9316.36	174.883	163.025	0	-1.33E-05	5.21E-06	-3.07E-05	-1.16E-05
381	7	-24.5214	-37.4059	572.381	52091.8	-32673.7	-9347.67	174.916	162.991	0	-1.56E-05	5.52E-06	-2.36E-05	-9.71E-06
381	8	-24.6282	-37.4485	573.077	52174.2	-32694.5	-9378.98	174.949	162.958	0	-1.56E-05	5.52E-06	-2.36E-05	-9.71E-06
381	9	-24.7578	-37.6209	573.437	52256.5	-32709.5	-9406.08	174.959	162.871	0	-1.93E-05	3.17E-06	-1.69E-05	-6.89E-06
381	10	-24.8873	-37.7934	573.797	52338.8	-32724.5	-9433.17	174.969	162.785	0	-1.93E-05	3.17E-06	-1.69E-05	-6.89E-06
381	11	-25.005	-37.8147	573.968	52455.9	-32739.1	-9446.46	174.96	162.608	0	-2.10E-05	5.20E-07	-1.47E-05	-7.93E-06
381	12	-25.1227	-37.836	574.139	52573	-32753.7	-9459.75	174.952	162.432	0	-2.10E-05	5.20E-07	-1.47E-05	-7.93E-06
381	13	-25.2587	-37.8101	574.544	52672.4	-32759.7	-9466.58	174.981	162.323	0	-2.20E-05	2.39E-06	-2.09E-06	-1.23E-05
381	14	-25.3947	-37.7842	574.949	52771.9	-32765.8	-9473.41	175.011	162.215	0	-2.20E-05	2.39E-06	-2.09E-06	-1.23E-05
381	15	-25.5181	-37.853	575.295	52842.4	-32777.5	-9485.79	175.025	162.147	0	-2.87E-05	7.25E-06	7.53E-06	-1.29E-05
381	16	-25.6415	-37.9218	575.642	52913	-32789.1	-9498.19	175.039	162.08	0	-3.19E-05	1.04E-05	5.23E-06	-1.56E-05
381	17	-25.6472	-37.9907	575.813	53024.9	-32862.9	-9524.11	174.928	161.913	0	-3.19E-05	1.04E-05	5.23E-06	-1.56E-05
381	18	-25.6529	-38.0596	575.985	53136.8	-32936.6	-9550.03	174.817	161.746	0	-3.21E-05	9.22E-06	7.87E-06	-1.61E-05
381	19	-25.7715	-38.0496	576.91	53288.1	-32944.8	-9571.38	174.894	161.632	0	-3.21E-05	9.22E-06	7.87E-06	-1.61E-05
382	0	-25.8902	-38.0395	577.835	53439.3	-32953.1	-9592.74	174.971	161.518	0	-3.14E-05	7.38E-06	6.07E-06	-1.43E-05
382	1	-25.9828	-38.0656	578.894	53599.4	-32957.6	-9609.32	175.068	161.411	0	-3.14E-05	7.38E-06	6.07E-06	-1.43E-05
382	2	-26.0755	-38.0917	579.953	53759.6	-32962.1	-9625.91	175.164	161.304	0	-2.85E-05	6.56E-06	9.07E-06	-1.29E-05
382	3	-26.0531	-38.1173	580.468	53867.8	-33001.1	-9644.22	175.147	161.199	0	-2.85E-05	6.56E-06	9.07E-06	-1.29E-05
382	4	-26.0308	-38.1428	580.983	53975.9	-33040.1	-9662.53	175.131	161.095	0	-2.37E-05	7.56E-06	9.64E-06	-1.04E-05
382	5	-26.1274	-38.1339	581.123	54080.3	-33068.8	-9701.67	175.095	160.938	0	-7.58E-06	8.55E-06	-1.27E-06	-1.09E-05
382	6	-26.2241	-38.125	581.263	54184.7	-33097.6	-9740.81	175.059	160.781	0	-7.58E-06	8.55E-06	-1.27E-06	-1.09E-05
382	7	-26.4057	-38.1124	581.622	54337.8	-33088.8	-9763.66	175.109	160.575	0	-1.03E-05	7.37E-06	-1.19E-05	-1.18E-05
382	8	-26.5873	-38.0999	581.981	54490.8	-33080	-9786.5	175.16	160.37	0	-1.03E-05	7.37E-06	-1.19E-05	-1.18E-05
382	9	-26.6497	-38.1183	582.66	54647.4	-33087.1	-9794.94	175.214	160.211	0	-2.16E-05	5.87E-06	-1.44E-05	-2.00E-05
382	10	-26.712	-38.1368	583.34	54804	-33094.2	-9803.37	175.268	160.051	0	-2.16E-05	5.87E-06	-1.44E-05	-2.00E-05
382	11	-26.7438	-38.3052	584.113	54944.8	-33149.5	-9814.29	175.248	159.935	0	-2.10E-05	5.19E-06	-1.49E-05	-1.77E-05
382	12	-26.7755	-38.4736	584.887	55085.5	-33204.9	-9825.21	175.229	159.818	0	-2.10E-05	5.19E-06	-1.49E-05	-1.77E-05
382	13	-26.8709	-38.5533	585.645	55258.7	-33247	-9842.84	175.23	159.645	0	-1.97E-05	3.85E-06	-1.50E-05	-1.09E-05
382	14	-26.9663	-38.6331	586.402	55432	-33289.1	-9860.47	175.232	159.471	0	-2.20E-05	2.36E-06	-1.70E-05	-1.18E-05
382	15	-27.0268	-38.5882	586.966	55550.2	-33318.8	-9885.82	175.236	159.36	0	-2.20E-05	2.36E-06	-1.70E-05	-1.18E-05
382	16	-27.0874	-38.5432	587.529	55668.4	-33348.5	-9911.17	175.239	159.25	0	-2.33E-05	3.20E-06	-1.76E-05	-1.26E-05
382	17	-27.2035	-38.5525	588.293	55789.9	-33396.4	-9930.12	175.232	159.166	0	-2.33E-05	3.20E-06	-1.76E-05	-1.26E-05
382	18	-27.3197	-38.5617	589.056	55911.5	-33444.3	-9949.08	175.224	159.083	0	-2.16E-05	4.21E-06	-1.25E-05	-1.36E-05
382	19	-27.4353	-38.5423	589.894	56116.4	-33466.5	-9966.17	175.267	158.87	0	-2.16E-05	4.21E-06	-1.25E-05	-1.36E-05
383	0	-27.5509	-38.5229	590.733	56321.4	-33488.8	-9983.26	175.31	158.658	0	-1.98E-05	5.20E-06	-7.17E-06	-1.41E-05
383	1	-27.6727	-38.5615	591.558	56516.5	-33525.8	-10002.1	175.326	158.462	0	-1.98E-05	5.20E-06	-7.17E-06	-1.41E-05
383	2	-27.7944	-38.6002	592.384	56711.7	-33562.7	-10020.9	175.343	158.265	0	-2.17E-05	4.69E-06	-1.88E-06	-1.09E-05
383	3	-27.8611	-38.6478	593.064	56887.7	-33595.1	-10036.6	175.353	158.078	0	-2.53E-05	4.03E-06	-5.64E-06	-9.92E-06
383	4	-27.9277	-38.6953	593.745	57063.6	-33627.4	-10052.4	175.364	157.892	0	-2.53E-05	4.03E-06	-5.64E-06	-9.92E-06
383	5	-27.9545	-38.6987	594.44	57250.4	-33667	-10061.5	175.364	157.69	0	-2.54E-05	4.17E-06	-1.70E-05	-1.23E-05
383	6	-27.9813	-38.7022	595.136	57437.1	-33706.6	-10070.5	175.363	157.489	0	-2.54E-05	4.17E-06	-1.70E-05	-1.23E-05
383	7	-28.1463	-38.7183	595.994	57624.1	-33752.1	-10085.8	175.368	157.314	0	-2.64E-05	1.17E-06	-1.79E-05	-1.39E-05
383	8	-28.3113	-38.7344	596.852	57811.1	-33797.7	-10101.1	175.373	157.14	0	-2.64E-05	1.17E-06	-1.79E-05	-1.39E-05
383	9	-28.4701	-38.6376	598.226	57978.6	-33800	-10112.9	175.5	157.082	0	-2.74E-05	3.78E-07	-1.36E-05	-1.26E-05
383	10	-28.629	-38.5408	599.6	58146.1	-33802.2	-10124.8	175.625	157.025	0	-2.74E-05	3.78E-07	-1.36E-05	-1.26E-05
383	11	-28.6951	-38.5063	600.37	58297.4	-33829.6	-10150.5	175.652	156.898	0	-2.66E-05	5.03E-06	-1.47E-05	-1.32E-05
383	12	-28.7612	-38.4719	601.141	58448.6	-33857	-10176.3	175.679	156.77	0	-2.20E-05	4.84E-06	-2.16E-05	-1.03E-05
383	13	-28.8184	-38.5289	601.49	58675.1	-33927.6	-10191.4	175.594	156.45	0	-2.20E-05	4.84E-06	-2.16E-05	-1.03E-05
383	14	-28.8756	-38.5859	601.839	58901.6	-33998.2	-10206.5	175.509	156.131	0	-2.20E-05	1.84E-06	-1.82E-05	-1.21E-05
383	15	-28.9585	-38.6596	602.798	59122.3	-34006.4	-10226.4	175.586	155.92	0	-2.20E-05	1.84E-06	-1.82E-05	-1.21E-05
383	16	-29.0413	-38.7332	603.758	59342.9	-34014.7	-10246.3	175.662	155.711	0	-2.10E-05	8.90E-07	-1.30E-05	-1.52E-05
383	17	-29.1607	-38.7594	604.641	59499.7	-34042	-10274.7	175.699	155.595	0	-2.10E-05	8.90E-07	-1.30E-05	-1.52E-05
383	18	-29.28	-38.7855	605.523	59656.5	-34069.3	-10303.1	175.736	155.479	0	-2.36E-05	6.59E-06	-1.63E-05	-8.23E-06
383	19	-29.4564	-38.8437	606.251	59820.7	-34127.8	-10328.4	175.707	155.327	0	-2.36E-05	6.59E-06	-1.63E-05	-8.23E-06
384	0	-29.6327	-38.902	606.979	59984.9	-34186.3	-10353.7	175.678	155.175	0	-1.88E-05	1.19E-05	-1.89E-05	-8.48E-06
384	1	-29.7472	-38.9238	608.001	60192	-34199.2	-10365.5	175.751	155	0	1.46E-06	1.09E-05	-1.45E-05	-1.83E-05
384	2	-29.8618	-38.9457	609.023	60399	-34212.1	-10377.3	175.825	154.826	0	1.46E-06	1.09E-05	-1.45E-05	-1.83E-05
384	3	-29.8956	-38.9412	609.821	60578.8	-34249.2	-10406.8	175.837	154.661	0	-4.31E-06	7.16E-06	-5.45E-06	-1.58E-05
384	4	-29.9295	-38.9367	610.619	60758.7	-34286.2	-10436.3	175.85	154.497	0	-4.31E-06	7.16E-06	-5.45E-06	-1.58E-05
384	5	-30.0183	-38.9491	611.214	60950.1	-34327.9	-10454.9	175.837	154.28	0	-1.67E-05	1.14E-06	4.52E-06	-1.62E-05
384	6	-30.107	-38.9616	611.809	61141.5	-34369.6	-10473.5	175.823	154.064	0	-1.67E-05	1.14E-06	4.52E-06	-1.62E-05
384	7	-30.2048	-39.0446	613.023	61349.2	-34393	-10480.1	175.896	153.924	0	-2.04E-05	-2.47E-06	3.06E-06	-8.66E-06
384	8	-30.3026	-39.1276	614.238	61556.9	-34416.3	-10486.7	175.969	153.783	0	-2.04E-05	-2.47E-06	3.06E-06	-8.66E-06
384	9	-30.425	-39.2661	615.18	61769.7	-34443.4	-10524.3	176.011	153.591	0	-2.48E-05	2.54E-06	-1.13E-05	-1.58E-06
384	10	-30.5474	-39.4046	616.122	61982.4	-34470.5	-10562	176.052	153.399	0	-2.30E-05	5.56E-06	-2.10E-05	-8.98E-06
384	11	-30.5751	-39.4888	616.83	62193.4	-34536.4	-10587.4	176.01	153.173	0	-2.30E-05	5.56E-06	-2.10E-05	-8.98E-06
384	12	-30.6027	-39.573	617.538	62404.3	-34602.2	-10612.8	175.967	152.947	0	-2.26E-05	7.56E-06	-1.76E-05	-1.79E-05
384	13	-30.5882	-39.5802	618.419	62578.7	-34646.1	-10625.9	175.976	152.809	0	-2.26E-05	7.56E-06	-1.76E-05	-1.79E-05
384	14	-30.5736	-39.5874	619.3	62753.1	-34689.9	-10638.9	175.985	152.671	0	-2.12E-05	8.55E-06	-1.43E-05	-1.57E-05
384	15	-30.7293	-39.6454	620.457	62988.6	-34712.9	-10657.6	176.053	152.48	0	-2.12E-05	8.55E-06	-1.43E-05	-1.57E-05
384	16	-30.8851	-39.7034	621.614	63224	-34735.9	-10676.4	176.12	152.291	0	-2.13E-05	7.53E-06	-1.29E-05	-8.37E-06
384	17	-30.9245	-39.8318	622.71	63455.6	-34789	-10697.7	176.133	152.098	0	-2.13E-05	7.53E-06	-1.29E-05	-8.37E-06
384	18	-30.964	-39.9603	623.805	63687.1	-34842.1	-10718.9	176.146	151.905	0	-2.23E-05	5.19E-06	-6.44E-06	-5.88E-06
384	19	-31.037	-40.1251	624.711	63870	-34886.8	-10723.5	176.155	151.761	0	-1.97E-05	3.82E-06	5.65E-06	-6.20E-06
385	0	-31.11	-40.2899	625.618	64053	-34931.4	-10728	176.165	151.616	0	-1.97E-05	3.82E-06	5.65E-06	-6.20E-06
385	1	-31.2499	-40.4997	626.46	64219	-34961.4	-10750.5	176.192	151.489	0	-2.20E-05	-1.01E-06	1.75E-05	-4.87E-06
385	2	-31.3897	-40.7094	627.303	64385	-34991.5	-10773	176.219	151.362	0	-2.20E-05	-1.01E-06	1.75E-05	-4.87E-06
385	3	-31.3893	-40.8345	628.327	64603.8	-35042	-10807.8	176.23	151.181	0	-2.44E-05	-1.16E-06	6.36E-06	-5.24E-06
385	4	-31.3889	-40.9595	629.351	64822.5	-35092.6	-10842.7	176.24	151.001	0	-2.44E-05	-1.16E-06	6.36E-06	-5.24E-06
385	5	-31.3624	-41.1143	630.575	65032.8	-35166.7	-10883	176.231	150.867	0	-2.57E-05	8.42E-07	-1.40E-05	-8.96E-06
385	6	-31.3358	-41.269	631.799	65243	-35240.8	-10923.4	176.221	150.734	0	-2.57E-05	8.42E-07	-1.40E-05	-8.96E-06
385	7	-31.2849	-41.4587	632.903	65445.6	-35266.8	-10942	176.278	150.595	0	-2.77E-05	1.18E-06	-1.71E-05	-1.64E-05
385	8	-31.2339	-41.6484	634.007	65648.1	-35292.7	-10960.6	176.334	150.455	0	-3.01E-05	1.70E-06	-1.56E-05	-2.70E-05
385	9	-31.2372	-41.7829	635.053	65877.2	-35342.1	-10982.8	176.348	150.265	0	-3.01E-05	1.70E-06	-1.56E-05	-2.70E-05
385	10	-31.2404	-41.9173	636.098	66106.4	-35391.5	-11005	176.362	150.075	0	-3.14E-05	4.55E-06	-1.29E-05	-2.25E-05
385	11	-31.3236	-42.1381	637.176	66291	-35444.7	-11032.7	176.372	149.961	0	-3.14E-05	4.55E-06	-1.29E-05	-2.25E-05
385	12	-31.4067	-42.359	638.254	66475.8	-35498	-11060.4	176.383	149.848	0	-3.03E-05	6.89E-06	-5.87E-06	-1.02E-05
385	13	-31.5393	-42.6695	639.232	66671.5	-35539.6	-11084.1	176.403	149.701	0	-3.03E-05	6.89E-06	-5.87E-06	-1.02E-05
385	14	-31.6718	-42.98	640.21	66867.4	-35581.2	-11107.8	176.423	149.554	0	-2.23E-05	7.69E-06	-5.23E-06	-7.79E-06
385	15	-31.6637	-43.2225	641.889	67106.1	-35612	-11106.8	176.52	149.455	0	-2.23E-05	7.69E-06	-5.23E-06	-7.79E-06
385	16	-31.6556	-43.465	643.567	67344.8	-35642.9	-11105.9	176.617	149.357	0	-1.58E-05	4.68E-06	-8.57E-06	-1.50E-05
385	17	-31.6024	-43.6622	644.866	67562.5	-35690	-11141.5	176.655	149.23	0	-1.39E-05	2.19E-06	-9.23E-06	-2.06E-05
385	18	-31.5491	-43.8595	646.164	67780.1	-35737.2	-11177	176.693	149.104	0	-1.39E-05	2.19E-06	-9.23E-06	-2.06E-05
385	19	-31.5119	-44.1577	647.007	67960.4	-35789.2	-11219.5	176.685	148.962	0	-1.53E-05	2.86E-06	-8.56E-06	-1.63E-05
386	0	-31.4747	-44.4558	647.85	68140.6	-35841.1	-11261.9	176.677	148.82	0	-1.53E-05	2.86E-06	-8.56E-06	-1.63E-05
386	1	-31.4876	-44.6899	649.05	68361.9	-35907.6	-11283	176.677	148.674	0	-2.00E-05	3.18E-06	-8.23E-06	-1.83E-05
386	2	-31.5005	-44.924	650.249	68583.2	-35974.1	-11304.1	176.677	148.528	0	-2.00E-05	3.18E-06	-8.23E-06	-1.83E-05
386	3	-31.5715	-45.2748	651.602	68794.1	-36034.9	-11324.3	176.698	148.423	0	-1.89E-05	2.18E-06	-8.40E-06	-2.06E-05
386	4	-31.6426	-45.6255	652.955	69005.1	-36095.7	-11344.4	176.719	148.319	0	-1.89E-05	2.18E-06	-8.40E-06	-2.06E-05
386	5	-31.5821	-46.0081	654.042	69206.9	-36136	-11378.3	176.75	148.186	0	-1.50E-05	2.20E-06	-9.74E-06	-1.86E-05
386	6	-31.5216	-46.3907	655.129	69408.8	-36176.2	-11412.1	176.78	148.053	0	-1.97E-05	3.68E-06	-9.90E-06	-1.29E-05
386	7	-31.5233	-46.7291	655.828	69626.1	-36247.6	-11431.7	176.73	147.835	0	-1.97E-05	3.68E-06	-9.90E-06	-1.29E-05
386	8	-31.5251	-47.0675	656.528	69843.3	-36319	-11451.3	176.68	147.617	0	-2.37E-05	2.37E-06	-9.74E-06	-8.18E-06
386	9	-31.5753	-47.343	657.744	70053.6	-36374.1	-11478	176.699	147.494	0	-2.37E-05	2.37E-06	-9.74E-06	-8.18E-06
386	10	-31.6255	-47.6186	658.96	70263.9	-36429.1	-11504.6	176.717	147.372	0	-2.50E-05	4.38E-06	-1.02E-05	-3.84E-06
386	11	-31.6281	-47.8918	660.294	70464.1	-36448.6	-11536.7	176.799	147.284	0	-2.50E-05	4.38E-06	-1.02E-05	-3.84E-06
386	12	-31.6308	-48.165	661.627	70664.4	-36468.2	-11568.9	176.881	147.196	0	-2.51E-05	6.57E-06	-1.06E-05	-2.10E-06
386	13	-31.6729	-48.525	662.651	70872.2	-36504.4	-11612.5	176.912	147.048	0	-2.51E-05	6.57E-06	-1.06E-05	-2.10E-06
386	14	-31.715	-48.885	663.675	71079.9	-36540.6	-11656.2	176.942	146.899	0	-2.11E-05	8.89E-06	-1.19E-05	-1.09E-05
386	15	-31.8142	-49.2073	665.094	71272.9	-36596.3	-11704.4	176.976	146.838	0	-1.83E-05	7.88E-06	-7.53E-06	-1.51E-05
386	16	-31.9133	-49.5296	666.514	71465.9	-36652	-11752.6	177.009	146.777	0	-1.83E-05	7.88E-06	-7.53E-06	-1.51E-05
386	17	-31.9128	-49.8698	667.659	71638.2	-36740.7	-11788.2	176.971	146.702	0	-1.88E-05	7.22E-06	-4.72E-06	-1.31E-05
386	18	-31.9122	-50.2099	668.803	71810.6	-36829.3	-11823.8	176.933	146.628	0	-1.88E-05	7.22E-06	-4.72E-06	-1.31E-05
386	19	-31.8905	-50.5726	670.148	72033.8	-36885.2	-11852.9	176.96	146.511	0	-1.76E-05	7.55E-06	-7.40E-06	-1.44E-05
387	0	-31.8689	-50.9354	671.492	72257	-36941.2	-11882	176.986	146.393	0	-1.76E-05	7.55E-06	-7.40E-06	-1.44E-05
387	1	-31.8288	-51.3056	672.772	72464.3	-36970.2	-11907	177.048	146.29	0	-1.91E-05	6.86E-06	-9.24E-06	-6.18E-06
387	2	-31.7886	-51.6758	674.052	72671.5	-36999.3	-11932	177.109	146.187	0	-1.91E-05	6.86E-06	-9.24E-06	-6.18E-06
387	3	-31.7928	-52.0644	675.058	72882.6	-37060	-11952.6	177.101	146.035	0	-2.00E-05	4.53E-06	-1.03E-05	-2.88E-06
387	4	-31.797	-52.453	676.064	73093.6	-37120.8	-11973.2	177.093	145.884	0	-2.00E-05	4.38E-06	-1.16E-05	-5.81E-06
387	5	-31.9369	-52.8689	677.668	73316.5	-37169.6	-12014.7	177.151	145.811	0	-2.00E-05	4.38E-06	-1.16E-05	-5.81E-06
387	6	-32.0768	-53.2847	679.271	73539.4	-37218.4	-12056.2	177.208	145.738	0	-2.23E-05	6.20E-06	-9.19E-06	-1.68E-05
387	7	-32.0767	-53.6924	680.313	73741.5	-37268.8	-12109.5	177.218	145.606	0	-2.23E-05	6.20E-06	-9.19E-06	-1.68E-05
387	8	-32.0766	-54.1002	681.354	73943.7	-37319.2	-12162.8	177.228	145.475	0	-2.30E-05	4.86E-06	-4.70E-06	-3.32E-05
387	9	-32.0862	-54.4629	682.439	74181.8	-37397.5	-12189.1	177.2	145.299	0	-2.30E-05	4.86E-06	-4.70E-06	-3.32E-05
387	10	-32.0957	-54.8257	683.523	74419.8	-37475.8	-12215.4	177.173	145.123	0	-2.33E-05	3.87E-06	-4.53E-06	-2.95E-05
387	11	-32.1751	-55.2355	685.042	74589.9	-37545.7	-12250.1	177.192	145.116	0	-2.33E-05	3.87E-06	-4.53E-06	-2.95E-05
387	12	-32.2545	-55.6453	686.56	74760.1	-37615.6	-12284.9	177.211	145.109	0	-2.35E-05	4.71E-06	-4.24E-06	-6.13E-06
387	13	-32.2387	-55.9839	688.068	74945.7	-37668.7	-12320.5	177.254	145.078	0	-2.46E-05	5.51E-06	-8.62E-06	3.03E-06
387	14	-32.223	-56.3226	689.575	75131.4	-37721.8	-12356.2	177.297	145.047	0	-2.46E-05	5.51E-06	-8.62E-06	3.03E-06
387	15	-32.2504	-56.6938	690.886	75408.8	-37770.5	-12366.3	177.33	144.852	0	-2.18E-05	2.86E-06	-1.50E-05	4.33E-06
387	16	-32.2778	-57.065	692.197	75686.3	-37819.1	-12376.3	177.364	144.658	0	-2.18E-05	2.86E-06	-1.50E-05	4.33E-06
387	17	-32.3199	-57.5486	693.528	75896.8	-37854.6	-12400.1	177.417	144.564	0	-2.34E-05	3.54E-06	-1.76E-05	1.11E-06
387	18	-32.3619	-58.0322	694.859	76107.3	-37889.9	-12423.9	177.471	144.471	0	-2.34E-05	3.54E-06	-1.76E-05	1.11E-06
387	19	-32.3387	-58.4423	696.201	76313.8	-37928.2	-12490.6	177.521	144.385	0	-2.77E-05	5.22E-06	-1.76E-05	-5.89E-06
388	0	-32.3154	-58.8524	697.543	76520.2	-37966.4	-12557.3	177.571	144.3	0	-2.77E-05	5.22E-06	-1.76E-05	-5.89E-06
388	1	-32.3257	-59.2375	698.792	76746.5	-38031.4	-12601.7	177.576	144.173	0	-3.15E-05	6.56E-06	-1.46E-05	-7.27E-06
388	2	-32.3359	-59.6227	700.042	76972.6	-38096.4	-12646.1	177.58	144.046	0	-3.00E-05	8.21E-06	-1.26E-05	-1.25E-05
388	3	-32.3451	-60.0732	701.247	77219	-38153.6	-12673.2	177.592	143.883	0	-3.00E-05	8.21E-06	-1.26E-05	-1.25E-05
388	4	-32.3543	-60.5238	702.452	77465.3	-38210.8	-12700.4	177.604	143.722	0	-2.56E-05	6.56E-06	-1.14E-05	-2.46E-05
388	5	-32.3484	-60.9365	703.832	77709.3	-38248.8	-12723.6	177.656	143.591	0	-2.56E-05	6.56E-06	-1.14E-05	-2.46E-05
388	6	-32.3424	-61.3493	705.212	77953.3	-38286.8	-12746.8	177.709	143.461	0	-2.21E-05	7.87E-06	-5.16E-06	-1.82E-05
388	7	-32.3067	-61.7821	706.797	78190.6	-38354.8	-12797.1	177.734	143.373	0	-2.21E-05	7.87E-06	-5.16E-06	-1.82E-05
388	8	-32.271	-62.2148	708.383	78428	-38422.8	-12847.4	177.76	143.286	0	-2.13E-05	5.87E-06	-2.14E-07	-6.87E-06
388	9	-32.3254	-62.6822	710.007	78674.9	-38488.5	-12874.9	177.791	143.191	0	-2.13E-05	5.87E-06	-2.14E-07	-6.87E-06
388	10	-32.3797	-63.1497	711.632	78921.8	-38554.3	-12902.5	177.823	143.098	0	-2.31E-05	5.22E-06	-5.24E-06	-5.76E-06
388	11	-32.401	-63.5675	713.149	79164.5	-38617.6	-12943.1	177.849	142.993	0	-1.96E-05	6.89E-06	-9.08E-06	-2.98E-05
388	12	-32.4223	-63.9853	714.665	79407.1	-38680.8	-12983.7	177.876	142.889	0	-1.96E-05	6.89E-06	-9.08E-06	-2.98E-05
388	13	-32.4236	-64.4666	715.948	79642.8	-38752.6	-13013.7	177.872	142.759	0	-1.86E-05	7.38E-06	-1.09E-05	-3.52E-05
388	14	-32.4249	-64.948	717.232	79878.5	-38824.4	-13043.6	177.869	142.629	0	-1.86E-05	7.38E-06	-1.09E-05	-3.52E-05
388	15	-32.5024	-65.3645	718.82	80110.9	-38876.2	-13078.5	177.917	142.552	0	-1.90E-05	6.86E-06	-1.13E-05	-1.39E-05
388	16	-32.5799	-65.781	720.408	80343.3	-38928	-13113.5	177.964	142.475	0	-1.90E-05	6.86E-06	-1.13E-05	-1.39E-05
388	17	-32.5967	-66.1815	721.783	80589.3	-38971.1	-13163.7	178.007	142.347	0	-1.79E-05	4.85E-06	-1.26E-05	-8.62E-06
388	18	-32.6135	-66.5821	723.158	80835.2	-39014.1	-13214	178.05	142.219	0	-1.79E-05	4.85E-06	-1.26E-05	-8.62E-06
388	19	-32.5591	-67.0919	724.564	81069.6	-39086.5	-13249.5	178.055	142.113	0	-1.49E-05	3.20E-06	-1.09E-05	-1.49E-05
389	0	-32.5047	-67.6017	725.971	81303.9	-39159	-13285	178.06	142.007	0	-1.33E-05	4.72E-06	-8.02E-06	-1.25E-05
389	1	-32.5717	-68.0581	727.466	81521.6	-39245.1	-13311.7	178.052	141.938	0	-1.33E-05	4.72E-06	-8.02E-06	-1.25E-05
389	2	-32.6388	-68.5145	728.961	81739.1	-39331.3	-13338.4	178.045	141.869	0	-1.56E-05	7.21E-06	-4.49E-06	-1.70E-05
389	3	-32.6591	-68.9435	730.368	81983	-39377.1	-13366.8	178.086	141.751	0	-1.56E-05	7.21E-06	-4.49E-06	-1.70E-05
389	4	-32.6794	-69.3725	731.775	82227	-39423	-13395.2	178.127	141.634	0	-1.98E-05	6.20E-06	-1.13E-07	-2.61E-05
389	5	-32.6602	-69.8826	733.219	82494	-39477	-13434.6	178.159	141.491	0	-1.98E-05	6.20E-06	-1.13E-07	-2.61E-05
389	6	-32.641	-70.3927	734.663	82761	-39531	-13474	178.192	141.348	0	-1.97E-05	4.86E-06	5.86E-06	-1.81E-05
389	7	-32.6813	-70.9652	736.317	83019.2	-39567.1	-13511.8	178.263	141.251	0	-1.97E-05	4.86E-06	5.86E-06	-1.81E-05
389	8	-32.7217	-71.5377	737.971	83277.4	-39603.3	-13549.6	178.335	141.154	0	-2.13E-05	4.20E-06	4.62E-06	-1.16E-05
389	9	-32.7054	-72.0642	739.666	83503.7	-39663	-13583.8	178.377	141.106	0	-1.72E-05	4.52E-06	-3.54E-06	-1.49E-05
389	10	-32.6891	-72.5908	741.361	83730	-39722.6	-13618.1	178.419	141.059	0	-1.72E-05	4.52E-06	-3.54E-06	-1.49E-05
389	11	-32.7037	-73.0441	742.979	83955.9	-39763.5	-13644.2	178.481	141.001	0	-1.31E-05	3.18E-06	-4.87E-06	-1.50E-05
389	12	-32.7183	-73.4974	744.598	84181.8	-39804.4	-13670.3	178.542	140.943	0	-1.31E-05	3.18E-06	-4.87E-06	-1.50E-05
389	13	-32.7906	-74.0382	746.06	84429.1	-39858.3	-13712.1	178.575	140.833	0	-1.83E-05	2.53E-06	-5.23E-06	-2.06E-05
389	14	-32.8628	-74.579	747.522	84676.3	-39912.2	-13754	178.607	140.724	0	-1.83E-05	2.53E-06	-5.23E-06	-2.06E-05
389	15	-32.8566	-75.1699	748.776	84932.5	-39973.1	-13791.9	178.615	140.572	0	-2.33E-05	3.86E-06	-8.24E-06	-1.93E-05
389	16	-32.8505	-75.7608	750.029	85188.6	-40033.9	-13829.8	178.623	140.42	0	-2.33E-05	3.86E-06	-8.24E-06	-1.93E-05
389	17	-32.8524	-76.3322	751.46	85436.3	-40089.8	-13871	178.651	140.306	0	-2.20E-05	4.22E-06	-9.91E-06	-1.76E-05
389	18	-32.8544	-76.9036	752.891	85683.9	-40145.7	-13912.3	178.678	140.194	0	-2.01E-05	7.04E-06	-1.03E-05	-1.49E-05
389	19	-32.8913	-77.4882	754.257	85908.3	-40194	-13951.4	178.71	140.102	0	-2.01E-05	7.04E-06	-1.03E-05	-1.49E-05
390	0	-32.9281	-78.0728	755.622	86132.7	-40242.3	-13990.4	178.743	140.011	0	-1.64E-05	5.71E-06	-1.23E-05	-8.34E-06
390	1	-32.9312	-78.5887	757.27	86408.8	-40255.4	-14002.3	178.841	139.894	0	-1.64E-05	5.71E-06	-1.23E-05	-8.34E-06
390	2	-32.9342	-79.1045	758.918	86684.8	-40268.4	-14014.2	178.94	139.778	0	-1.43E-05	5.54E-06	-1.43E-05	-2.86E-06
390	3	-32.9049	-79.7067	760.424	86940.5	-40325	-14050.5	178.97	139.668	0	-1.43E-05	5.54E-06	-1.43E-05	-2.86E-06
390	4	-32.8756	-80.3089	761.929	87196.2	-40381.5	-14086.8	179.001	139.559	0	-1.77E-05	5.18E-06	-1.88E-05	-3.56E-06
390	5	-32.9004	-80.9245	763.464	87403.2	-40452.5	-14134.1	179.015	139.518	0	-1.77E-05	5.18E-06	-1.88E-05	-3.56E-06
390	6	-32.9253	-81.5401	765	87610.2	-40523.5	-14181.4	179.028	139.477	0	-2.10E-05	2.52E-06	-1.99E-05	-7.57E-06
390	7	-32.9586	-82.1656	766.226	87860.1	-40553.4	-14215.1	179.074	139.334	0	-2.12E-05	3.21E-06	-1.59E-05	-9.07E-06
390	8	-32.992	-82.791	767.451	88109.9	-40583.3	-14248.8	179.119	139.192	0	-2.12E-05	3.21E-06	-1.59E-05	-9.07E-06
390	9	-32.9957	-83.3193	768.564	88369.7	-40651.5	-14286.3	179.107	139.02	0	-2.38E-05	5.19E-06	-8.18E-06	-1.03E-05
390	10	-32.9995	-83.8475	769.676	88629.5	-40719.7	-14323.8	179.095	138.848	0	-2.38E-05	5.19E-06	-8.18E-06	-1.03E-05
390	11	-33.0695	-84.4157	771.498	88894	-40782.6	-14357.1	179.138	138.777	0	-2.53E-05	3.86E-06	-3.88E-06	-1.47E-05
390	12	-33.1395	-84.9838	773.32	89158.4	-40845.5	-14390.5	179.182	138.707	0	-2.53E-05	3.86E-06	-3.88E-06	-1.47E-05
390	13	-33.1138	-85.6409	774.905	89376.8	-40906.2	-14423.2	179.211	138.661	0	-2.47E-05	3.53E-06	-5.56E-06	6.20E-06
390	14	-33.0881	-86.298	776.491	89595.2	-40966.9	-14455.8	179.241	138.615	0	-2.47E-05	3.53E-06	-5.56E-06	6.20E-06
390	15	-33.0616	-86.9374	777.548	89831	-41010.5	-14487.1	179.257	138.469	0	-2.52E-05	3.85E-06	-7.73E-06	2.25E-05
390	16	-33.0352	-87.5769	778.605	90066.8	-41054	-14518.4	179.272	138.323	0	-2.55E-05	2.51E-06	-8.92E-06	9.53E-06
390	17	-33.0854	-88.1907	779.968	90325.4	-41109.8	-14542.9	179.293	138.193	0	-2.55E-05	2.51E-06	-8.92E-06	9.53E-06
390	18	-33.1356	-88.8045	781.33	90584.1	-41165.6	-14567.4	179.313	138.064	0	-2.50E-05	1.35E-06	-1.16E-05	5.75E-06
390	19	-33.2243	-89.3461	782.8	90841	-41189.5	-14608.7	179.382	137.954	0	-2.50E-05	1.35E-06	-1.16E-05	5.75E-06
391	0	-33.3129	-89.8877	784.269	91097.8	-41213.5	-14650.1	179.45	137.844	0	-2.47E-05	1.68E-06	-1.36E-05	-7.34E-06
391	1	-33.3389	-90.456	785.513	91349.5	-41286.6	-14689.2	179.44	137.707	0	-2.47E-05	1.68E-06	-1.36E-05	-7.34E-06
391	2	-33.3648	-91.0244	786.758	91601.3	-41359.8	-14728.3	179.43	137.571	0	-2.40E-05	2.19E-06	-1.22E-05	-3.81E-05
391	3	-33.3897	-91.6426	788.344	91852.8	-41448.3	-14757.9	179.424	137.486	0	-2.40E-05	2.19E-06	-1.22E-05	-3.81E-05
391	4	-33.4145	-92.2609	789.93	92104.3	-41536.8	-14787.5	179.417	137.402	0	-2.40E-05	2.70E-06	-9.87E-06	-4.20E-05
391	5	-33.3825	-92.8766	791.199	92382	-41543.4	-14809.7	179.493	137.238	0	-2.43E-05	3.84E-06	-5.89E-06	-3.28E-05
391	6	-33.3504	-93.4923	792.468	92659.8	-41550	-14832	179.569	137.074	0	-2.43E-05	3.84E-06	-5.89E-06	-3.28E-05
391	7	-33.3334	-94.136	793.749	92902.4	-41604.4	-14859.4	179.585	136.957	0	-2.27E-05	2.18E-06	-7.25E-06	-2.43E-05
391	8	-33.3164	-94.7797	795.03	93145	-41658.8	-14886.9	179.601	136.841	0	-2.27E-05	2.18E-06	-7.25E-06	-2.43E-05
391	9	-33.2883	-95.4401	796.763	93388.1	-41692.3	-14927.8	179.673	136.791	0	-2.20E-05	2.37E-06	-1.09E-05	-1.97E-05
391	10	-33.2603	-96.1005	798.496	93631.1	-41725.8	-14968.7	179.745	136.741	0	-2.20E-05	2.37E-06	-1.09E-05	-1.97E-05
391	11	-33.3179	-96.697	799.885	93871.4	-41756.5	-14997.9	179.797	136.644	0	-2.61E-05	4.54E-06	-1.46E-05	-2.77E-05
391	12	-33.3755	-97.2935	801.274	94111.6	-41787.3	-15027.2	179.849	136.548	0	-2.61E-05	4.54E-06	-1.46E-05	-2.77E-05
391	13	-33.3686	-97.8541	802.397	94343.8	-41835.5	-15043.3	179.862	136.423	0	-3.04E-05	5.02E-06	-1.36E-05	-2.70E-05
391	14	-33.3617	-98.4146	803.52	94576.1	-41883.7	-15059.4	179.875	136.298	0	-2.75E-05	3.02E-06	-8.90E-06	-1.99E-05
391	15	-33.2693	-99.0361	804.893	94835.1	-41939.7	-15099.6	179.894	136.177	0	-2.75E-05	3.02E-06	-8.90E-06	-1.99E-05
391	16	-33.1768	-99.6576	806.265	95094.2	-41995.7	-15139.9	179.913	136.056	0	-2.24E-05	2.87E-06	-9.55E-06	-1.17E-05
391	17	-33.2073	-100.254	807.643	95362.2	-42044.6	-15165.5	179.942	135.925	0	-2.24E-05	2.87E-06	-9.55E-06	-1.17E-05
391	18	-33.2378	-100.851	809.021	95630.3	-42093.5	-15191.1	179.97	135.795	0	-8.51E-06	4.88E-06	-7.85E-06	-7.03E-06
391	19	-33.2311	-101.517	810.286	95902.7	-42122.1	-15204.7	180.016	135.643	0	-8.51E-06	4.88E-06	-7.85E-06	-7.03E-06
392	0	-33.2244	-102.183	811.552	96175	-42150.6	-15218.3	180.062	135.492	0	-3.29E-06	6.22E-06	-4.22E-06	-5.14E-06
392	1	-33.2294	-102.754	813.069	96423.1	-42154.9	-15262.1	180.153	135.409	0	-3.29E-06	6.22E-06	-4.22E-06	-5.14E-06
392	2	-33.2345	-103.324	814.587	96671.1	-42159.2	-15305.9	180.245	135.325	0	-1.40E-05	7.37E-06	-6.22E-06	1.26E-06
392	3	-33.2551	-103.916	815.786	96894.3	-42193.8	-15339.3	180.278	135.226	0	-1.73E-05	5.85E-06	-7.57E-06	1.02E-05
392	4	-33.2758	-104.507	816.985	97117.5	-42228.3	-15372.8	180.312	135.127	0	-1.73E-05	5.85E-06	-7.57E-06	1.02E-05
392	5	-33.2322	-105.253	817.696	97329.2	-42325.2	-15396.8	180.238	134.971	0	-1.71E-05	3.69E-06	-8.93E-06	1.12E-05
392	6	-33.1886	-105.998	818.407	97540.9	-42422.1	-15420.7	180.165	134.816	0	-1.71E-05	3.69E-06	-8.93E-06	1.12E-05
392	7	-33.1122	-106.71	819.707	97785.3	-42484.1	-15452.6	180.172	134.707	0	-1.73E-05	3.51E-06	-1.24E-05	3.18E-06
392	8	-33.0358	-107.421	821.006	98029.7	-42546.2	-15484.4	180.178	134.598	0	-1.73E-05	3.51E-06	-1.24E-05	3.18E-06
392	9	-32.9105	-108.005	822.389	98261.5	-42603.7	-15478.1	180.195	134.517	0	-1.83E-05	2.35E-06	-1.09E-05	1.90E-06
392	10	-32.7853	-108.589	823.772	98493.3	-42661.1	-15471.7	180.212	134.436	0	-1.83E-05	2.35E-06	-1.09E-05	1.90E-06
392	11	-32.7344	-108.984	825.219	98743.9	-42669.2	-15480.4	180.293	134.342	0	-1.96E-05	2.21E-06	-7.26E-06	7.71E-06
392	12	-32.6835	-109.379	826.666	98994.6	-42677.3	-15489.1	180.374	134.248	0	-1.91E-05	5.05E-06	-1.21E-05	6.55E-06
392	13	-32.7741	-109.716	828.007	99296.2	-42679.5	-15525.1	180.455	134.078	0	-1.91E-05	5.05E-06	-1.21E-05	6.55E-06
392	14	-32.8647	-110.053	829.348	99597.9	-42681.7	-15561	180.536	133.908	0	-1.59E-05	6.87E-06	-1.42E-05	7.05E-06
392	15	-32.9556	-110.666	830.419	99832.8	-42721.3	-15611.2	180.555	133.78	0	-1.59E-05	6.87E-06	-1.42E-05	7.05E-06
392	16	-33.0465	-111.278	831.491	100068	-42760.9	-15661.4	180.573	133.653	0	-1.63E-05	5.87E-06	-1.19E-05	-1.08E-05
392	17	-33.0218	-112.154	832.829	100301	-42805.4	-15701.3	180.602	133.566	0	-1.63E-05	5.87E-06	-1.19E-05	-1.08E-05
392	18	-32.9971	-113.029	834.168	100533	-42850	-15741.2	180.631	133.481	0	-1.68E-05	5.20E-06	-1.37E-05	-3.03E-05
392	19	-33.0946	-113.794	835.286	100754	-42873.7	-15751	180.672	133.378	0	-1.68E-05	5.20E-06	-1.37E-05	-3.03E-05
393	0	-33.192	-114.559	836.403	100975	-42897.4	-15760.8	180.712	133.275	0	-1.71E-05	5.21E-06	-2.19E-05	-2.33E-05
393	1	-33.3583	-115.159	837.467	101200	-42963.3	-15777	180.699	133.159	0	-1.98E-05	5.71E-06	-2.76E-05	-1.60E-05
393	2	-33.5246	-115.76	838.531	101425	-43029.3	-15793.2	180.685	133.044	0	-1.98E-05	5.71E-06	-2.76E-05	-1.60E-05
393	3	-33.4984	-116.239	839.745	101661	-43036.9	-15820.5	180.75	132.939	0	-2.16E-05	5.54E-06	-3.54E-05	-1.81E-05
393	4	-33.4723	-116.718	840.959	101896	-43044.4	-15847.8	180.815	132.834	0	-2.16E-05	5.54E-06	-3.54E-05	-1.81E-05
393	5	-33.1856	-117.156	842.147	102141	-43030	-15870.1	180.904	132.714	0	-1.98E-05	5.86E-06	-3.66E-05	-1.64E-05
393	6	-32.899	-117.594	843.334	102385	-43015.5	-15892.5	180.993	132.595	0	-1.98E-05	5.86E-06	-3.66E-05	-1.64E-05
393	7	-32.6805	-118.273	844.405	102624	-43051	-15893.7	181.016	132.466	0	-1.73E-05	4.54E-06	-3.36E-05	-2.64E-05
393	8	-32.462	-118.952	845.475	102863	-43086.5	-15894.9	181.039	132.337	0	-1.73E-05	4.54E-06	-3.36E-05	-2.64E-05
393	9	-32.4679	-119.691	846.612	103082	-43101.4	-15923.2	181.09	132.242	0	-2.07E-05	5.39E-06	-1.62E-05	-4.78E-05
393	10	-32.4737	-120.429	847.749	103300	-43116.3	-15951.6	181.14	132.148	0	-2.30E-05	6.88E-06	4.69E-06	-2.87E-05
393	11	-32.5852	-121.012	848.846	103529	-43152	-15971.8	181.164	132.036	0	-2.30E-05	6.88E-06	4.69E-06	-2.87E-05
393	12	-32.6968	-121.596	849.944	103758	-43187.6	-15992	181.188	131.923	0	-2.30E-05	7.06E-06	2.14E-05	-4.34E-05
393	13	-32.7975	-122.121	850.874	103999	-43224.9	-15997.1	181.199	131.774	0	-2.30E-05	7.06E-06	2.14E-05	-4.34E-05
393	14	-32.8983	-122.647	851.805	104239	-43262.1	-16002.2	181.211	131.625	0	-2.50E-05	7.88E-06	2.94E-05	-6.77E-05
393	15	-32.8013	-123.288	852.758	104457	-43257	-16032	181.274	131.507	0	-2.50E-05	7.88E-06	2.94E-05	-6.77E-05
393	16	-32.7043	-123.928	853.711	104674	-43251.8	-16061.8	181.337	131.389	0	-2.77E-05	6.85E-06	3.31E-05	-3.68E-05
393	17	-32.4692	-124.604	854.774	104859	-43288.5	-16099.7	181.357	131.326	0	-2.77E-05	6.85E-06	3.31E-05	-3.68E-05
393	18	-32.2341	-125.28	855.837	105043	-43325.2	-16137.6	181.377	131.262	0	-2.30E-05	3.70E-06	3.77E-05	7.04E-06
393	19	-32.1847	-125.998	856.758	105291	-43334.2	-16158.7	181.421	131.105	0	-2.07E-05	4.20E-06	1.33E-05	2.30E-05
394	0	-32.1353	-126.715	857.678	105539	-43343.2	-16179.7	181.464	130.948	0	-2.07E-05	4.20E-06	1.33E-05	2.30E-05
394	1	-32.2439	-127.399	858.585	105766	-43321.6	-16172.1	181.543	130.814	0	-2.24E-05	4.37E-06	-1.45E-05	2.11E-05
394	2	-32.3525	-128.084	859.492	105992	-43299.9	-16164.4	181.622	130.681	0	-2.24E-05	4.37E-06	-1.45E-05	2.11E-05
394	3	-32.3019	-128.752	860.546	106185	-43330.5	-16166.1	181.648	130.607	0	-2.57E-05	4.51E-06	-1.97E-05	3.71E-07
394	4	-32.2513	-129.421	861.599	106379	-43361.1	-16167.8	181.674	130.533	0	-2.57E-05	4.51E-06	-1.97E-05	3.71E-07
394	5	-32.2045	-130.074	862.218	106599	-43357.6	-16178.5	181.714	130.367	0	-2.62E-05	2.17E-06	-2.79E-05	-3.11E-05
394	6	-32.1576	-130.727	862.836	106819	-43354.1	-16189.2	181.754	130.201	0	-2.62E-05	2.17E-06	-2.79E-05	-3.11E-05
394	7	-32.0638	-131.356	863.729	107019	-43358.5	-16199.7	181.801	130.096	0	-2.70E-05	8.60E-07	-3.22E-05	-5.19E-05
394	8	-31.97	-131.985	864.623	107220	-43362.9	-16210.2	181.848	129.992	0	-2.60E-05	3.05E-06	-1.61E-05	-5.89E-05
394	9	-31.7706	-132.677	865.408	107385	-43378.3	-16226.5	181.875	129.914	0	-2.60E-05	3.05E-06	-1.61E-05	-5.89E-05
394	10	-31.5712	-133.369	866.194	107550	-43393.7	-16242.8	181.903	129.836	0	-2.54E-05	5.53E-06	-1.10E-06	-2.28E-05
394	11	-31.5017	-134.008	866.705	107741	-43400.7	-16256.2	181.925	129.689	0	-2.54E-05	5.53E-06	-1.10E-06	-2.28E-05
394	12	-31.4322	-134.647	867.217	107933	-43407.7	-16269.6	181.946	129.541	0	-2.62E-05	4.85E-06	6.25E-06	1.52E-05
394	13	-31.5008	-135.244	868.102	108136	-43410.9	-16289.4	181.993	129.434	0	-2.62E-05	4.85E-06	6.25E-06	1.52E-05
394	14	-31.5694	-135.841	868.987	108338	-43414	-16309.1	182.041	129.328	0	-2.45E-05	3.20E-06	1.05E-05	1.24E-05
394	15	-31.5239	-136.467	870.388	108518	-43419.5	-16333.5	182.115	129.322	0	-2.45E-05	3.20E-06	1.05E-05	1.24E-05
394	16	-31.4784	-137.093	871.788	108697	-43425	-16357.8	182.189	129.317	0	-2.03E-05	3.87E-06	4.53E-06	-1.05E-05
394	17	-31.3503	-137.768	872.318	108893	-43432.4	-16370.7	182.21	129.169	0	-2.17E-05	4.88E-06	-1.26E-05	-3.30E-05
394	18	-31.2222	-138.444	872.847	109088	-43439.7	-16383.7	182.232	129.021	0	-2.17E-05	4.88E-06	-1.26E-05	-3.30E-05
394	19	-31.2302	-139.11	873.133	109278	-43451.2	-16391.8	182.235	128.843	0	-2.43E-05	6.06E-06	-1.76E-05	-2.77E-05
395	0	-31.2381	-139.777	873.418	109469	-43462.7	-16399.9	182.238	128.666	0	-2.43E-05	6.06E-06	-1.76E-05	-2.77E-05
395	1	-31.2812	-140.427	873.984	109647	-43434.2	-16422	182.303	128.543	0	-2.20E-05	7.54E-06	-1.12E-05	5.03E-06
395	2	-31.3244	-141.077	874.551	109825	-43405.7	-16444	182.368	128.421	0	-2.20E-05	7.54E-06	-1.12E-05	5.03E-06
395	3	-31.329	-141.78	875.058	109977	-43408.3	-16470.8	182.394	128.32	0	-2.03E-05	6.54E-06	-7.87E-06	2.15E-05
395	4	-31.3337	-142.483	875.564	110128	-43410.9	-16497.6	182.42	128.22	0	-2.03E-05	6.54E-06	-7.87E-06	2.15E-05
395	5	-31.2994	-143.199	876.058	110261	-43381.5	-16471.5	182.481	128.14	0	-2.23E-05	5.87E-06	-6.45E-06	4.28E-05
395	6	-31.2651	-143.915	876.551	110393	-43352.1	-16445.4	182.542	128.06	0	-2.13E-05	5.20E-06	-1.43E-05	3.86E-05
395	7	-31.1882	-144.569	877.004	110538	-43319.9	-16446.8	182.605	127.96	0	-2.13E-05	5.20E-06	-1.43E-05	3.86E-05
395	8	-31.1113	-145.223	877.457	110682	-43287.7	-16448.1	182.667	127.86	0	-2.11E-05	4.73E-06	-3.34E-05	1.72E-05
395	9	-31.1291	-145.945	877.91	110814	-43241.9	-16489.3	182.744	127.776	0	-2.11E-05	4.73E-06	-3.34E-05	1.72E-05
395	10	-31.1468	-146.668	878.363	110945	-43196.2	-16530.5	182.822	127.692	0	-2.03E-05	7.56E-06	-2.89E-05	1.18E-05
395	11	-31.1636	-147.294	878.601	111073	-43174.3	-16548.6	182.86	127.579	0	-2.03E-05	7.56E-06	-2.89E-05	1.18E-05
395	12	-31.1804	-147.92	878.839	111202	-43152.4	-16566.7	182.898	127.467	0	-2.07E-05	7.89E-06	-1.25E-05	-5.74E-06
395	13	-31.1135	-148.59	879.338	111353	-43179.8	-16574.3	182.895	127.367	0	-2.07E-05	7.89E-06	-1.25E-05	-5.74E-06
395	14	-31.0467	-149.261	879.837	111504	-43207.1	-16581.9	182.892	127.268	0	-2.17E-05	7.56E-06	-6.27E-06	-4.47E-05
395	15	-30.9609	-150.098	880.032	111640	-43198.7	-16576.1	182.912	127.14	0	-2.20E-05	8.22E-06	-1.26E-05	-6.65E-05
395	16	-30.8752	-150.934	880.227	111777	-43190.2	-16570.3	182.933	127.013	0	-2.20E-05	8.22E-06	-1.26E-05	-6.65E-05
395	17	-30.8281	-151.67	880.579	111864	-43154.5	-16580.6	182.993	126.966	0	-2.08E-05	7.20E-06	-8.92E-06	-4.75E-05
395	18	-30.7811	-152.405	880.93	111950	-43118.8	-16590.9	183.053	126.918	0	-2.08E-05	7.20E-06	-8.92E-06	-4.75E-05
395	19	-30.749	-152.968	881.322	112072	-43102.8	-16607.4	183.093	126.836	0	-2.10E-05	5.22E-06	5.84E-06	-3.20E-05
396	0	-30.717	-153.53	881.714	112194	-43086.8	-16623.9	183.133	126.755	0	-2.10E-05	5.22E-06	5.84E-06	-3.20E-05
396	1	-30.6105	-154.146	881.953	112338	-43078	-16608.5	183.156	126.626	0	-2.25E-05	6.88E-06	1.72E-06	-2.20E-05
396	2	-30.504	-154.761	882.193	112481	-43069.2	-16593.1	183.179	126.498	0	-2.25E-05	6.88E-06	1.72E-06	-2.20E-05
396	3	-30.4017	-155.478	882.293	112590	-43042.8	-16603.2	183.215	126.389	0	-1.96E-05	6.88E-06	-1.17E-05	-1.85E-05
396	4	-30.2994	-156.196	882.393	112699	-43016.4	-16613.4	183.25	126.28	0	-1.97E-05	6.39E-06	-2.66E-05	-1.02E-07
396	5	-30.2482	-156.897	882.093	112782	-42965	-16618.3	183.292	126.143	0	-1.97E-05	6.39E-06	-2.66E-05	-1.02E-07
396	6	-30.197	-157.598	881.794	112864	-42913.7	-16623.3	183.334	126.006	0	-2.17E-05	7.22E-06	-1.99E-05	2.40E-05
396	7	-30.1034	-158.202	881.859	112961	-42863	-16623.7	183.395	125.906	0	-2.17E-05	7.22E-06	-1.99E-05	2.40E-05
396	8	-30.0097	-158.806	881.925	113058	-42812.4	-16624.1	183.456	125.806	0	-2.30E-05	7.86E-06	2.50E-06	2.19E-05
396	9	-29.9556	-159.431	882.011	113154	-42788.2	-16629.4	183.488	125.709	0	-2.30E-05	7.86E-06	2.50E-06	2.19E-05
396	10	-29.9015	-160.056	882.098	113250	-42763.9	-16634.8	183.52	125.613	0	-2.10E-05	5.17E-06	9.62E-07	2.65E-05
396	11	-29.8824	-160.753	881.964	113340	-42712	-16645.9	183.572	125.491	0	-2.10E-05	5.17E-06	9.62E-07	2.65E-05
396	12	-29.8634	-161.45	881.83	113430	-42660.1	-16657	183.623	125.37	0	-1.84E-05	2.12E-06	-3.70E-06	4.26E-05
396	13	-29.824	-162.092	881.433	113467	-42608.2	-16653.8	183.66	125.269	0	-1.49E-05	-3.93E-06	-4.81E-06	3.91E-05
396	14	-29.7846	-162.734	881.035	113505	-42556.3	-16650.7	183.697	125.169	0	-1.49E-05	-3.93E-06	-4.81E-06	3.91E-05
396	15	-29.7294	-163.312	880.723	113537	-42529.3	-16643.8	183.711	125.086	0	-1.16E-05	-1.09E-05	-1.64E-05	-3.24E-05
396	16	-29.6742	-163.89	880.411	113569	-42502.2	-16636.9	183.725	125.004	0	-1.16E-05	-1.09E-05	-1.64E-05	-3.24E-05
396	17	-29.6356	-164.499	880.324	113647	-42460.1	-16636.8	183.768	124.904	0	-1.71E-05	-8.82E-06	-2.38E-05	-0.000134111
396	18	-29.5969	-165.108	880.237	113724	-42417.9	-16636.7	183.811	124.803	0	-1.71E-05	-8.82E-06	-2.38E-05	-0.000134111
396	19	-29.5653	-165.77	880.089	113778	-42363.8	-16642.8	183.864	124.72	0	-1.79E-05	-1.15E-06	-3.39E-05	-9.90E-05
397	0	-29.5336	-166.433	879.942	113832	-42309.7	-16648.9	183.918	124.637	0	-1.79E-05	-1.15E-06	-3.39E-05	-9.90E-05
397	1	-29.4399	-167.062	879.549	113884	-42276.6	-16639.7	183.934	124.52	0	-1.44E-05	1.19E-06	-3.63E-05	-6.52E-05
397	2	-29.3462	-167.69	879.156	113936	-42243.6	-16630.6	183.95	124.403	0	-1.46E-05	3.22E-06	-2.66E-05	-8.79E-05
397	3	-29.2525	-168.269	878.94	113969	-42164.6	-16618.6	184.028	124.333	0	-1.46E-05	3.22E-06	-2.66E-05	-8.79E-05
397	4	-29.1588	-168.847	878.723	114003	-42085.7	-16606.7	184.106	124.263	0	-1.87E-05	6.22E-06	-1.37E-05	-6.91E-05
397	5	-29.1585	-169.379	878.513	114027	-42014.2	-16588.5	184.176	124.205	0	-1.87E-05	6.22E-06	-1.37E-05	-6.91E-05
397	6	-29.1582	-169.912	878.304	114050	-41942.8	-16570.3	184.246	124.147	0	-2.16E-05	7.72E-06	1.17E-05	-1.25E-05
397	7	-29.0897	-170.463	877.413	114067	-41895.9	-16560.5	184.251	123.996	0	-2.16E-05	7.72E-06	1.17E-05	-1.25E-05
397	8	-29.0212	-171.013	876.523	114084	-41849.1	-16550.6	184.256	123.844	0	-2.10E-05	7.90E-06	2.60E-05	-1.15E-08
397	9	-28.8783	-171.563	876.185	114092	-41805.6	-16552.3	184.287	123.786	0	-2.10E-05	7.90E-06	2.60E-05	-1.15E-08
397	10	-28.7354	-172.114	875.848	114099	-41762	-16554	184.318	123.727	0	-2.10E-05	8.56E-06	2.07E-05	-1.11E-06
397	11	-28.6021	-172.624	875.601	114085	-41704.7	-16541.1	184.37	123.706	0	-1.78E-05	8.39E-06	2.25E-05	5.18E-06
397	12	-28.4688	-173.134	875.353	114071	-41647.4	-16528.2	184.422	123.685	0	-1.78E-05	8.39E-06	2.25E-05	5.18E-06
397	13	-28.4264	-173.671	874.73	114105	-41566.8	-16523.7	184.48	123.554	0	-1.70E-05	7.73E-06	9.48E-06	3.30E-06
397	14	-28.384	-174.209	874.108	114139	-41486.1	-16519.2	184.539	123.422	0	-1.70E-05	7.73E-06	9.48E-06	3.30E-06
397	15	-28.319	-174.74	873.509	114170	-41406	-16505.5	184.598	123.297	0	-1.93E-05	8.41E-06	-1.63E-05	1.45E-05
397	16	-28.254	-175.271	872.911	114202	-41326	-16491.8	184.657	123.171	0	-1.93E-05	8.41E-06	-1.63E-05	1.45E-05
397	17	-28.1589	-175.705	872.188	114171	-41247.2	-16473.8	184.708	123.098	0	-2.10E-05	9.89E-06	-1.97E-05	3.53E-05
397	18	-28.0638	-176.14	871.465	114140	-41168.4	-16455.8	184.76	123.026	0	-2.10E-05	9.89E-06	-1.97E-05	3.53E-05
397	19	-27.9328	-176.565	870.445	114144	-41120.6	-16439.8	184.759	122.867	0	-2.17E-05	8.56E-06	-2.43E-05	5.29E-05
398	0	-27.8017	-176.99	869.426	114149	-41072.9	-16423.7	184.759	122.708	0	-2.54E-05	8.89E-06	-2.39E-05	5.61E-05
398	1	-27.7385	-177.367	868.773	114108	-40994.8	-16401.1	184.813	122.656	0	-2.54E-05	8.89E-06	-2.39E-05	5.61E-05
398	2	-27.6753	-177.744	868.121	114067	-40916.8	-16378.5	184.867	122.605	0	-2.87E-05	8.37E-06	-1.11E-05	5.85E-05
398	3	-27.5969	-178.232	867.345	114032	-40822.2	-16360.9	184.934	122.528	0	-2.87E-05	8.37E-06	-1.11E-05	5.85E-05
398	4	-27.5185	-178.72	866.569	113997	-40727.5	-16343.4	185.001	122.451	0	-2.97E-05	6.38E-06	-1.21E-05	5.33E-05
398	5	-27.4525	-179.23	865.549	113993	-40657.5	-16328.2	185.027	122.3	0	-2.97E-05	6.38E-06	-1.21E-05	5.33E-05
398	6	-27.3864	-179.74	864.529	113989	-40587.5	-16313.1	185.052	122.148	0	-3.02E-05	6.87E-06	3.40E-06	3.04E-05
398	7	-27.3355	-180.067	863.417	113911	-40530.4	-16287.9	185.058	122.07	0	-3.02E-05	6.87E-06	3.40E-06	3.04E-05
398	8	-27.2847	-180.395	862.306	113832	-40473.3	-16262.6	185.064	121.991	0	-2.87E-05	5.87E-06	7.78E-06	-5.51E-06
398	9	-27.1729	-180.772	861.442	113781	-40360.2	-16240.6	185.148	121.918	0	-2.70E-05	5.20E-06	-3.78E-05	-2.17E-06
398	10	-27.0611	-181.148	860.577	113729	-40247	-16218.6	185.233	121.846	0	-2.70E-05	5.20E-06	-3.78E-05	-2.17E-06
398	11	-26.9546	-181.534	859.623	113654	-40159.3	-16197.3	185.283	121.786	0	-2.54E-05	4.36E-06	-2.34E-05	-1.07E-06
398	12	-26.8482	-181.92	858.668	113579	-40071.5	-16176	185.333	121.727	0	-2.54E-05	4.36E-06	-2.34E-05	-1.07E-06
398	13	-26.7063	-182.196	857.401	113476	-39993.8	-16139.3	185.355	121.651	0	-2.60E-05	3.49E-06	6.80E-06	-7.57E-06
398	14	-26.5645	-182.471	856.133	113374	-39916.1	-16102.7	185.376	121.575	0	-2.60E-05	3.49E-06	6.80E-06	-7.57E-06
398	15	-26.449	-182.825	854.968	113261	-39822	-16088.6	185.423	121.526	0	-2.46E-05	-4.90E-07	-1.39E-06	8.36E-06
398	16	-26.3335	-183.178	853.802	113149	-39727.9	-16074.5	185.469	121.477	0	-2.46E-05	-4.90E-07	-1.39E-06	8.36E-06
398	17	-26.2284	-183.558	852.822	113108	-39654.1	-16060.2	185.503	121.372	0	-2.03E-05	8.67E-07	-2.38E-05	2.16E-05
398	18	-26.1233	-183.938	851.842	113067	-39580.3	-16045.9	185.536	121.268	0	-1.92E-05	3.67E-06	-3.94E-05	1.13E-05
398	19	-26.0397	-184.173	851.052	112991	-39485.8	-16006.6	185.604	121.233	0	-1.92E-05	3.67E-06	-3.94E-05	1.13E-05
399	0	-25.9561	-184.409	850.261	112916	-39391.3	-15967.4	185.672	121.199	0	-2.12E-05	1.67E-06	-3.13E-05	-4.73E-05
399	1	-25.8333	-184.62	848.828	112790	-39257.6	-15917.2	185.751	121.123	0	-2.12E-05	1.67E-06	-3.13E-05	-4.73E-05
399	2	-25.7106	-184.832	847.395	112663	-39123.8	-15867	185.83	121.048	0	-2.20E-05	3.75E-07	-2.30E-05	-9.32E-05
399	3	-25.5809	-185.028	845.82	112574	-39015.5	-15838.9	185.873	120.905	0	-2.20E-05	3.75E-07	-2.30E-05	-9.32E-05
399	4	-25.4512	-185.225	844.246	112485	-38907.1	-15810.9	185.915	120.762	0	-2.10E-05	4.38E-06	-2.21E-05	-9.93E-05
399	5	-25.2965	-185.512	842.776	112347	-38831.2	-15792.1	185.925	120.694	0	-2.10E-05	4.38E-06	-2.21E-05	-9.93E-05
399	6	-25.1417	-185.8	841.305	112209	-38755.3	-15773.4	185.934	120.625	0	-2.07E-05	5.87E-06	-3.32E-06	-0.00012718
399	7	-25.0161	-186.184	839.583	112085	-38661.6	-15749.7	185.951	120.499	0	-2.23E-05	5.05E-06	3.42E-05	-0.000138552
399	8	-24.8906	-186.569	837.86	111962	-38568	-15726	185.968	120.372	0	-2.23E-05	5.05E-06	3.42E-05	-0.000138552
399	9	-24.7834	-186.705	836.116	111830	-38463.4	-15683.3	185.997	120.25	0	-2.00E-05	6.88E-06	4.59E-05	-7.73E-05
399	10	-24.6762	-186.841	834.373	111699	-38358.9	-15640.5	186.027	120.128	0	-2.00E-05	6.88E-06	4.59E-05	-7.73E-05
399	11	-24.5788	-187.001	833.123	111559	-38244	-15599.6	186.096	120.095	0	-1.78E-05	6.88E-06	2.08E-05	-3.36E-06
399	12	-24.4814	-187.162	831.874	111420	-38129.1	-15558.7	186.165	120.062	0	-1.78E-05	6.88E-06	2.08E-05	-3.36E-06
399	13	-24.414	-187.442	830.452	111252	-37998	-15541.6	186.244	120.034	0	-1.65E-05	6.87E-06	-1.32E-05	1.27E-05
399	14	-24.3466	-187.722	829.03	111085	-37866.9	-15524.6	186.324	120.007	0	-1.65E-05	6.87E-06	-1.32E-05	1.27E-05
399	15	-24.1881	-187.957	826.88	110888	-37741.2	-15474.9	186.357	119.896	0	-1.90E-05	5.73E-06	-3.66E-05	-3.96E-05
399	16	-24.0296	-188.191	824.729	110691	-37615.5	-15425.2	186.391	119.786	0	-2.01E-05	7.90E-06	-1.72E-05	-7.88E-06
399	17	-23.8809	-188.505	822.75	110535	-37504.6	-15375	186.416	119.652	0	-2.01E-05	7.90E-06	-1.72E-05	-7.88E-06
399	18	-23.7323	-188.819	820.771	110378	-37393.6	-15324.8	186.441	119.519	0	-1.83E-05	8.71E-06	-2.77E-05	6.15E-05
399	19	-23.5896	-188.955	819.044	110218	-37300.4	-15287.9	186.459	119.431	0	-1.83E-05	8.71E-06	-2.77E-05	6.15E-05
400	0	-23.4469	-189.091	817.317	110057	-37207.2	-15251	186.476	119.344	0	-1.85E-05	7.04E-06	-6.05E-05	5.18E-05
400	1	-23.2621	-189.187	815.562	109869	-37097.6	-15199.2	186.513	119.285	0	-1.85E-05	7.04E-06	-6.05E-05	5.18E-05
400	2	-23.0774	-189.282	813.808	109681	-36988.1	-15147.3	186.549	119.225	0	-2.04E-05	6.54E-06	-3.40E-05	1.19E-05
400	3	-22.893	-189.381	811.94	109456	-36864.8	-15106.8	186.597	119.192	0	-2.04E-05	6.54E-06	-3.40E-05	1.19E-05
400	4	-22.7087	-189.479	810.073	109231	-36741.4	-15066.3	186.644	119.159	0	-2.70E-05	5.54E-06	6.56E-06	-9.51E-05
400	5	-22.5648	-189.563	808.202	109040	-36584	-15028.8	186.734	119.083	0	-2.73E-05	5.20E-06	2.47E-05	-0.000227993
400	6	-22.4208	-189.648	806.331	108849	-36426.5	-14991.4	186.824	119.007	0	-2.73E-05	5.20E-06	2.47E-05	-0.000227993
400	7	-22.2683	-189.796	804.419	108638	-36303.3	-14961.7	186.87	118.948	0	-2.37E-05	5.04E-06	2.52E-05	-0.000181416
400	8	-22.1157	-189.943	802.507	108427	-36180.1	-14932.1	186.916	118.889	0	-2.37E-05	5.04E-06	2.52E-05	-0.000181416
400	9	-21.9596	-190.086	800.312	108205	-36058.3	-14870.6	186.945	118.796	0	-2.34E-05	5.52E-06	9.14E-06	-7.57E-05
400	10	-21.8035	-190.229	798.116	107983	-35936.5	-14809.1	186.973	118.702	0	-2.34E-05	5.52E-06	9.14E-06	-7.57E-05
400	11	-21.6799	-190.429	795.879	107756	-35818.7	-14750.5	186.995	118.608	0	-2.63E-05	3.65E-06	-2.92E-07	-9.56E-06
400	12	-21.5562	-190.628	793.642	107528	-35700.9	-14692	187.016	118.514	0	-2.63E-05	3.65E-06	-2.92E-07	-9.56E-06
400	13	-21.3134	-190.836	791.176	107313	-35571.9	-14668.4	187.039	118.363	0	-2.52E-05	-1.05E-06	-1.32E-05	5.95E-05
400	14	-21.0706	-191.044	788.709	107098	-35443	-14644.8	187.062	118.211	0	-2.37E-05	-5.02E-06	-4.01E-05	0.000123429
400	15	-20.732	-191.144	786.619	106870	-35274.5	-14578.4	187.157	118.14	0	-2.37E-05	-5.02E-06	-4.01E-05	0.000123429
400	16	-20.3935	-191.244	784.528	106642	-35106	-14512	187.252	118.068	0	-2.70E-05	-3.48E-06	-3.87E-05	0.000146169
400	17	-20.2968	-191.416	782.193	106397	-34980.6	-14444.7	187.279	117.976	0	-2.70E-05	-3.48E-06	-3.87E-05	0.000146169
400	18	-20.2002	-191.588	779.858	106152	-34855.2	-14377.4	187.306	117.883	0	-2.57E-05	1.20E-06	3.08E-07	0.000109213
400	19	-20.1227	-191.651	777.747	105908	-34750.7	-14329.4	187.319	117.827	0	-2.57E-05	1.20E-06	3.08E-07	0.000109213
401	0	-20.0453	-191.714	775.635	105665	-34646.1	-14281.5	187.332	117.769	0	-2.37E-05	4.21E-06	1.46E-05	0.000103426
401	1	-19.6982	-191.476	773.438	105438	-34461.8	-14229.6	187.443	117.676	0	-2.37E-05	4.21E-06	1.46E-05	0.000103426
401	2	-19.3512	-191.238	771.241	105212	-34277.5	-14177.7	187.555	117.581	0	-2.23E-05	5.89E-06	1.90E-05	0.000106215
401	3	-19.0369	-191.061	768.902	104938	-34113.7	-14095	187.633	117.522	0	-1.94E-05	7.89E-06	1.87E-05	6.77E-05
401	4	-18.7225	-190.884	766.563	104665	-33950	-14012.2	187.711	117.462	0	-1.94E-05	7.89E-06	1.87E-05	6.77E-05
401	5	-18.4266	-190.913	764.279	104394	-33803.4	-13940.6	187.771	117.409	0	-1.73E-05	7.75E-06	2.25E-05	-3.26E-05
401	6	-18.1306	-190.941	761.995	104123	-33656.9	-13869	187.831	117.355	0	-1.73E-05	7.75E-06	2.25E-05	-3.26E-05
401	7	-17.8945	-190.912	759.568	103830	-33497.6	-13841.3	187.899	117.303	0	-1.54E-05	1.05E-05	9.65E-06	-0.000103439
401	8	-17.6585	-190.883	757.142	103538	-33338.4	-13813.7	187.968	117.251	0	-1.54E-05	1.05E-05	9.65E-06	-0.000103439
401	9	-17.4929	-190.581	754.355	103277	-33200.9	-13767	187.988	117.093	0	-1.19E-05	7.18E-06	1.02E-06	-9.03E-05
401	10	-17.3273	-190.28	751.567	103015	-33063.5	-13720.4	188.007	116.932	0	-1.19E-05	7.18E-06	1.02E-06	-9.03E-05
401	11	-17.3084	-189.816	748.942	102777	-32928	-13628.7	188.034	116.771	0	-1.17E-05	3.20E-06	-1.50E-05	-3.60E-05
401	12	-17.2896	-189.353	746.316	102538	-32792.6	-13536.9	188.061	116.608	0	-1.90E-05	3.91E-06	-1.85E-05	1.76E-06
401	13	-17.0269	-189.159	744.062	102265	-32631.9	-13477.4	188.144	116.559	0	-1.90E-05	3.91E-06	-1.85E-05	1.76E-06
401	14	-16.7641	-188.964	741.807	101992	-32471.2	-13417.8	188.227	116.509	0	-2.44E-05	8.60E-06	-5.13E-06	2.64E-05
401	15	-16.282	-188.892	739.414	101675	-32312.8	-13382.1	188.299	116.493	0	-2.44E-05	8.60E-06	-5.13E-06	2.64E-05
401	16	-15.7999	-188.82	737.02	101358	-32154.3	-13346.4	188.373	116.476	0	-2.83E-05	1.22E-05	2.19E-06	3.19E-05
401	17	-15.5197	-188.487	734.611	101045	-32024.2	-13248.5	188.407	116.451	0	-2.83E-05	1.22E-05	2.19E-06	3.19E-05
401	18	-15.2395	-188.155	732.202	100733	-31894.1	-13150.6	188.441	116.425	0	-2.46E-05	1.15E-05	2.67E-06	1.28E-05
401	19	-15.0426	-187.844	729.351	100450	-31736.8	-13050.1	188.486	116.275	0	-2.46E-05	1.15E-05	2.67E-06	1.28E-05
402	0	-14.8458	-187.534	726.5	100167	-31579.4	-12949.5	188.532	116.123	0	-1.90E-05	6.20E-06	1.45E-06	2.19E-06
402	1	-14.6187	-187.273	723.711	99897.1	-31395.7	-12890.4	188.619	115.966	0	-2.42E-05	5.56E-06	-4.46E-06	-3.11E-05
402	2	-14.3916	-187.012	720.922	99626.7	-31211.9	-12831.3	188.706	115.807	0	-2.42E-05	5.56E-06	-4.46E-06	-3.11E-05
402	3	-14.1206	-186.492	717.971	99337.6	-31099.2	-12744.7	188.685	115.641	0	-2.64E-05	7.89E-06	-1.39E-05	-3.80E-05
402	4	-13.8497	-185.972	715.02	99048.4	-30986.6	-12658.2	188.663	115.475	0	-2.64E-05	7.89E-06	-1.39E-05	-3.80E-05
402	5	-13.5101	-185.371	712.306	98728.8	-30846.5	-12579.4	188.695	115.395	0	-2.77E-05	7.88E-06	-1.30E-05	4.90E-06
402	6	-13.1706	-184.77	709.591	98409.2	-30706.5	-12500.7	188.727	115.316	0	-2.77E-05	7.88E-06	-1.30E-05	4.90E-06
402	7	-12.7777	-184.478	706.79	98066.7	-30525.8	-12450.5	188.811	115.251	0	-2.73E-05	7.22E-06	-1.63E-05	2.45E-05
402	8	-12.3849	-184.186	703.989	97724.2	-30345.1	-12400.4	188.896	115.185	0	-2.73E-05	7.22E-06	-1.63E-05	2.45E-05
402	9	-12.0909	-183.947	701.304	97366.3	-30157.1	-12317.6	188.999	115.164	0	-2.44E-05	7.56E-06	-2.20E-05	1.17E-05
402	10	-11.797	-183.707	698.619	97008.4	-29969.1	-12234.8	189.102	115.143	0	-2.63E-05	7.87E-06	-3.78E-05	-8.04E-06
402	11	-11.5901	-183.298	696	96671.4	-29791	-12107	189.197	115.104	0	-2.63E-05	7.87E-06	-3.78E-05	-8.04E-06
402	12	-11.3832	-182.888	693.38	96334.5	-29612.8	-11979.2	189.292	115.065	0	-1.69E-05	5.85E-06	-2.91E-05	-2.36E-05
402	13	-10.9936	-182.414	690.135	95968.6	-29454.5	-11891.9	189.321	114.942	0	-1.69E-05	5.85E-06	-2.91E-05	-2.36E-05
402	14	-10.604	-181.939	686.891	95602.6	-29296.2	-11804.6	189.35	114.818	0	-1.05E-05	3.87E-06	-3.02E-06	-1.88E-05
402	15	-10.2174	-181.378	683.783	95221.4	-29151.7	-11744.2	189.367	114.743	0	-1.05E-05	3.87E-06	-3.02E-06	-1.88E-05
402	16	-9.83084	-180.816	680.675	94840.1	-29007.2	-11683.7	189.385	114.668	0	-5.19E-06	4.35E-06	-2.95E-06	-1.05E-06
402	17	-9.50058	-180.133	677.781	94440.6	-28825.7	-11570.7	189.47	114.662	0	-5.19E-06	4.35E-06	-2.95E-06	-1.05E-06
402	18	-9.17032	-179.449	674.887	94041.1	-28644.3	-11457.6	189.557	114.656	0	-3.63E-06	2.60E-06	-1.23E-05	-5.92E-06
402	19	-8.51855	-178.883	671.927	93628.6	-28446.8	-11349	189.664	114.657	0	-1.43E-05	-6.45E-06	-2.08E-05	-4.35E-05
403	0	-7.86677	-178.317	668.967	93216.2	-28249.3	-11240.4	189.772	114.657	0	-1.43E-05	-6.45E-06	-2.08E-05	-4.35E-05
403	1	-7.37211	-177.968	665.652	92820.5	-28065.8	-11162.2	189.837	114.557	0	-2.02E-05	-1.39E-05	-2.11E-05	-4.48E-05
403	2	-6.87744	-177.619	662.336	92424.8	-27882.2	-11083.9	189.903	114.456	0	-2.02E-05	-1.39E-05	-2.11E-05	-4.48E-05
403	3	-6.75716	-177.148	658.38	91985.5	-27649.9	-10990	190.003	114.285	0	-2.39E-05	-9.81E-06	-2.10E-05	-8.71E-06
403	4	-6.63688	-176.676	654.424	91546.3	-27417.6	-10896.2	190.104	114.112	0	-2.39E-05	-9.81E-06	-2.10E-05	-8.71E-06
403	5	-6.44409	-176.161	650.5	91109.6	-27180.6	-10748.3	190.216	113.939	0	-1.86E-05	-4.74E-07	-2.16E-05	1.01E-05
403	6	-6.2513	-175.645	646.575	90672.9	-26943.6	-10600.4	190.329	113.764	0	-1.86E-05	-4.74E-07	-2.16E-05	1.01E-05
403	7	-5.68052	-175.104	643.083	90215.8	-26735.7	-10473.9	190.426	113.713	0	-1.63E-05	2.52E-06	-1.45E-05	9.39E-06
403	8	-5.10974	-174.563	639.59	89758.8	-26527.8	-10347.5	190.524	113.662	0	-2.10E-05	2.74E-06	-7.80E-06	-8.70E-06
403	9	-4.34676	-173.953	636.264	89253.9	-26339.4	-10259.1	190.603	113.722	0	-2.10E-05	2.74E-06	-7.80E-06	-8.70E-06
403	10	-3.58378	-173.343	632.939	88749	-26151.1	-10170.8	190.683	113.783	0	-2.55E-05	7.88E-06	-1.56E-05	-3.97E-05
403	11	-3.08449	-172.73	629.052	88293.7	-25978.4	-10066	190.702	113.64	0	-2.55E-05	7.88E-06	-1.56E-05	-3.97E-05
403	12	-2.58519	-172.118	625.165	87838.4	-25805.8	-9961.28	190.722	113.496	0	-2.53E-05	7.19E-06	-1.83E-05	-6.13E-05
403	13	-2.21945	-171.496	620.996	87331.3	-25573.7	-9831.68	190.818	113.369	0	-2.53E-05	7.19E-06	-1.83E-05	-6.13E-05
403	14	-1.85371	-170.875	616.828	86824.2	-25341.7	-9702.08	190.916	113.241	0	-1.96E-05	4.19E-06	-1.90E-05	-4.48E-05
403	15	-1.64544	-170.23	613.135	86270.7	-25109.4	-9557.23	191.047	113.296	0	-1.96E-05	4.19E-06	-1.90E-05	-4.48E-05
403	16	-1.43717	-169.585	609.442	85717.2	-24877.2	-9412.38	191.18	113.351	0	-1.66E-05	3.50E-06	-1.81E-05	-1.42E-05
403	17	-1.16623	-168.894	605.305	85207.2	-24699.6	-9299.89	191.195	113.232	0	-1.69E-05	1.46E-06	-1.71E-05	-3.40E-06
403	18	-0.895282	-168.204	601.167	84697.3	-24522	-9187.39	191.209	113.112	0	-1.69E-05	1.46E-06	-1.71E-05	-3.40E-06
403	19	-0.301509	-167.31	597.099	84146.6	-24330.6	-9094.4	191.252	113.074	0	-1.58E-05	-3.20E-06	-1.79E-05	-2.45E-05
404	0	0.292264	-166.415	593.03	83595.9	-24139.1	-9001.41	191.295	113.036	0	-1.58E-05	-3.20E-06	-1.79E-05	-2.45E-05
404	1	0.862743	-165.614	588.854	83057.7	-23903.4	-8882.32	191.407	112.95	0	-1.56E-05	-3.80E-06	-1.33E-05	-3.67E-05
404	2	1.43322	-164.813	584.677	82519.5	-23667.6	-8763.23	191.52	112.863	0	-1.56E-05	-3.80E-06	-1.33E-05	-3.67E-05
404	3	1.75414	-164.025	580.335	82023.1	-23445.6	-8636.13	191.6	112.662	0	-1.46E-05	2.56E-06	-2.52E-06	-3.50E-05
404	4	2.07506	-163.236	575.992	81526.8	-23223.7	-8509.02	191.681	112.459	0	-1.46E-05	2.56E-06	-2.52E-06	-3.50E-05
404	5	2.28748	-162.435	571.7	80970.2	-23030.4	-8400.55	191.716	112.369	0	-1.54E-05	6.41E-06	-2.90E-06	-5.73E-05
404	6	2.49991	-161.634	567.407	80413.6	-22837	-8292.09	191.752	112.279	0	-1.40E-05	9.26E-06	-7.76E-06	-6.28E-05
404	7	2.81473	-160.894	562.844	79859.6	-22620.6	-8178.32	191.81	112.114	0	-1.40E-05	9.26E-06	-7.76E-06	-6.28E-05
404	8	3.12955	-160.155	558.282	79305.6	-22404.2	-8064.56	191.869	111.947	0	-1.72E-05	1.16E-05	-1.18E-05	-5.16E-05
404	9	3.39481	-159.437	553.91	78767.1	-22182.3	-7926.13	191.953	111.798	0	-1.72E-05	1.16E-05	-1.18E-05	-5.16E-05
404	10	3.66007	-158.72	549.539	78228.6	-21960.4	-7787.7	192.039	111.647	0	-2.33E-05	1.22E-05	-1.53E-05	-3.79E-05
404	11	3.98046	-158.003	545.302	77662.9	-21746.4	-7672.43	192.12	111.578	0	-2.33E-05	1.22E-05	-1.53E-05	-3.79E-05
404	12	4.30085	-157.286	541.064	77097.2	-21532.4	-7557.17	192.204	111.508	0	-1.93E-05	1.10E-05	-1.77E-05	-1.90E-05
404	13	4.75348	-156.407	536.797	76528.6	-21316.7	-7471.95	192.289	111.435	0	-1.93E-05	1.10E-05	-1.77E-05	-1.90E-05
404	14	5.20611	-155.528	532.529	75959.9	-21101	-7386.74	192.376	111.36	0	-1.76E-05	6.54E-06	-2.02E-05	-1.77E-05
404	15	5.57964	-154.518	528.286	75369.1	-20851.7	-7279.64	192.529	111.333	0	-1.86E-05	6.23E-06	-1.42E-05	-2.18E-05
404	16	5.95317	-153.507	524.043	74778.2	-20602.4	-7172.54	192.686	111.305	0	-1.86E-05	6.23E-06	-1.42E-05	-2.18E-05
404	17	6.28314	-152.502	519.807	74208.8	-20388.9	-7054.47	192.776	111.238	0	-1.97E-05	8.56E-06	-4.85E-06	-2.44E-05
404	18	6.61311	-151.498	515.57	73639.5	-20175.4	-6936.39	192.868	111.169	0	-1.97E-05	8.56E-06	-4.85E-06	-2.44E-05
404	19	7.07765	-150.615	511.04	73071.5	-19973.2	-6804.13	192.917	111.014	0	-2.08E-05	8.89E-06	-3.18E-06	-1.72E-05
405	0	7.54219	-149.732	506.509	72503.6	-19771	-6671.88	192.966	110.856	0	-2.08E-05	8.89E-06	-3.18E-06	-1.72E-05
405	1	7.99282	-148.901	502.048	71918.5	-19536.4	-6566.3	193.087	110.75	0	-2.13E-05	7.89E-06	-2.06E-06	-7.85E-06
405	2	8.44345	-148.07	497.588	71333.4	-19301.8	-6460.72	193.209	110.642	0	-2.13E-05	7.89E-06	-2.06E-06	-7.85E-06
405	3	8.77765	-147.066	493.048	70739	-19129.1	-6345.93	193.202	110.527	0	-1.97E-05	7.87E-06	9.91E-06	-3.91E-06
405	4	9.11186	-146.063	488.509	70144.7	-18956.4	-6231.14	193.195	110.411	0	-2.20E-05	6.19E-06	1.10E-05	-9.17E-06
405	5	9.4561	-144.851	484.09	69549.2	-18755	-6077.96	193.257	110.33	0	-2.20E-05	6.19E-06	1.10E-05	-9.17E-06
405	6	9.80034	-143.64	479.671	68953.7	-18553.7	-5924.78	193.32	110.248	0	-2.45E-05	4.36E-06	1.08E-06	-1.98E-05
405	7	10.225	-142.513	475.323	68352.6	-18332.8	-5802.55	193.431	110.198	0	-2.45E-05	4.36E-06	1.08E-06	-1.98E-05
405	8	10.6496	-141.386	470.976	67751.6	-18112	-5680.32	193.544	110.146	0	-2.40E-05	3.85E-06	-8.38E-06	-2.30E-05
405	9	11.1266	-140.326	466.067	67143.6	-17908.4	-5583.63	193.575	109.936	0	-2.40E-05	3.85E-06	-8.38E-06	-2.30E-05
405	10	11.6035	-139.265	461.159	66535.6	-17704.9	-5486.93	193.608	109.721	0	-2.37E-05	2.51E-06	-2.35E-05	-2.03E-05
405	11	12.0134	-138.166	456.703	65934.7	-17477.7	-5375.3	193.731	109.629	0	-2.37E-05	2.51E-06	-2.35E-05	-2.03E-05
405	12	12.4232	-137.066	452.247	65333.6	-17250.4	-5263.67	193.856	109.536	0	-2.71E-05	1.89E-06	-2.48E-05	-1.62E-05
405	13	12.7481	-135.956	448.023	64742.1	-17032.9	-5139.34	193.982	109.494	0	-3.04E-05	6.54E-06	-7.12E-06	-6.25E-06
405	14	13.073	-134.845	443.8	64150.5	-16815.4	-5015	194.11	109.452	0	-3.04E-05	6.54E-06	-7.12E-06	-6.25E-06
405	15	13.3652	-133.735	439.502	63525.1	-16617.5	-4883.61	194.19	109.461	0	-2.97E-05	6.20E-06	2.35E-06	6.22E-06
405	16	13.6574	-132.625	435.205	62899.7	-16419.5	-4752.21	194.272	109.471	0	-2.97E-05	6.20E-06	2.35E-06	6.22E-06
405	17	13.8905	-131.475	430.457	62290.7	-16202.9	-4634.76	194.359	109.292	0	-3.04E-05	5.56E-06	2.32E-06	7.14E-06
405	18	14.1236	-130.325	425.708	61681.7	-15986.2	-4517.3	194.448	109.108	0	-3.04E-05	5.56E-06	2.32E-06	7.14E-06
405	19	14.4452	-129.108	420.944	61061.1	-15783.2	-4423.36	194.505	108.942	0	-3.10E-05	7.85E-06	-1.70E-05	-1.81E-07
406	0	14.7669	-127.891	416.179	60440.6	-15580.2	-4329.42	194.564	108.773	0	-3.10E-05	7.85E-06	-1.70E-05	-1.81E-07
406	1	15.1466	-126.652	411.563	59814.8	-15373.5	-4233.25	194.646	108.664	0	-2.70E-05	4.38E-06	-4.07E-05	-1.43E-06
406	2	15.5264	-125.413	406.947	59189	-15166.8	-4137.07	194.73	108.553	0	-2.23E-05	5.73E-06	-3.00E-05	6.19E-06
406	3	15.9278	-124.202	402.429	58576.5	-14946.3	-4007.99	194.86	108.443	0	-2.23E-05	5.73E-06	-3.00E-05	6.19E-06
406	4	16.3291	-122.991	397.912	57964	-14725.9	-3878.91	194.992	108.329	0	-1.95E-05	7.87E-06	-2.70E-05	3.84E-06
406	5	16.5935	-121.791	393.231	57343.5	-14534	-3760.8	195.039	108.173	0	-1.95E-05	7.87E-06	-2.70E-05	3.84E-06
406	6	16.8579	-120.591	388.55	56723	-14342.1	-3642.69	195.088	108.013	0	-1.96E-05	5.84E-06	-3.77E-05	1.82E-06
406	7	16.9972	-119.198	383.695	56111.2	-14153.9	-3540.63	195.111	107.761	0	-1.96E-05	5.84E-06	-3.77E-05	1.82E-06
406	8	17.1366	-117.805	378.84	55499.4	-13965.7	-3438.58	195.136	107.502	0	-2.05E-05	2.20E-06	-3.32E-05	-9.99E-07
406	9	17.3099	-116.453	374.173	54896.2	-13757	-3340.39	195.234	107.286	0	-2.05E-05	2.20E-06	-3.32E-05	-9.99E-07
406	10	17.4833	-115.101	369.506	54293	-13548.3	-3242.2	195.334	107.066	0	-2.33E-05	3.54E-06	-8.92E-06	-1.27E-07
406	11	17.7139	-113.9	364.867	53671.2	-13343.8	-3144.14	195.428	106.902	0	-2.33E-05	5.05E-06	5.77E-06	3.79E-06
406	12	17.9445	-112.699	360.229	53049.3	-13139.4	-3046.08	195.525	106.734	0	-2.33E-05	5.05E-06	5.77E-06	3.79E-06
406	13	18.1676	-111.508	355.545	52421.6	-12952.3	-2947.39	195.57	106.56	0	-2.18E-05	6.02E-06	2.88E-05	-3.12E-06
406	14	18.3907	-110.317	350.862	51793.8	-12765.3	-2848.71	195.617	106.381	0	-2.18E-05	6.02E-06	2.88E-05	-3.12E-06
406	15	18.6488	-108.972	346.28	51168.8	-12568	-2753.92	195.706	106.233	0	-2.11E-05	3.53E-06	7.59E-06	-1.33E-05
406	16	18.9069	-107.628	341.699	50543.8	-12370.7	-2659.12	195.796	106.081	0	-2.11E-05	3.53E-06	7.59E-06	-1.33E-05
406	17	19.1524	-106.201	336.9	49936.4	-12162.1	-2554.57	195.9	105.777	0	-2.00E-05	4.20E-06	-2.23E-05	-1.71E-05
406	18	19.3979	-104.773	332.102	49329	-11953.4	-2450.02	196.007	105.464	0	-2.00E-05	4.20E-06	-2.23E-05	-1.71E-05
406	19	19.5157	-103.479	327.317	48736.6	-11733.3	-2355.07	196.153	105.103	0	-1.80E-05	4.88E-06	-1.58E-05	-1.21E-05
407	0	19.6335	-102.186	322.532	48144.2	-11513.1	-2260.13	196.304	104.731	0	-1.76E-05	6.20E-06	-2.23E-05	-1.24E-05
407	1	19.8825	-100.856	318.198	47556	-11341.8	-2168.82	196.356	104.546	0	-1.76E-05	6.20E-06	-2.23E-05	-1.24E-05
407	2	20.1316	-99.527	313.865	46967.8	-11170.5	-2077.51	196.41	104.357	0	-1.85E-05	5.17E-06	-1.54E-05	-2.36E-05
407	3	20.4024	-98.0831	309.367	46383.3	-10988.6	-1986.02	196.48	104.07	0	-1.85E-05	5.17E-06	-1.54E-05	-2.36E-05
407	4	20.6733	-96.6391	304.87	45798.8	-10806.7	-1894.53	196.553	103.776	0	-2.17E-05	2.36E-06	8.76E-06	-2.10E-05
407	5	20.7807	-95.1379	300.502	45176.6	-10635.4	-1816.12	196.608	103.663	0	-2.17E-05	2.36E-06	8.76E-06	-2.10E-05
407	6	20.8881	-93.6367	296.135	44554.3	-10464.1	-1737.71	196.664	103.547	0	-2.67E-05	3.05E-06	2.79E-05	-2.14E-05
407	7	20.9959	-92.2307	291.829	43948	-10275.2	-1650.22	196.79	103.405	0	-2.67E-05	3.05E-06	2.79E-05	-2.14E-05
407	8	21.1038	-90.8247	287.523	43341.7	-10086.3	-1562.73	196.92	103.258	0	-2.75E-05	5.84E-06	1.72E-05	-3.12E-05
407	9	21.2263	-89.5074	282.914	42760.5	-9905.34	-1458.89	196.988	102.857	0	-2.65E-05	2.53E-06	5.38E-06	-3.23E-05
407	10	21.3489	-88.1901	278.305	42179.4	-9724.38	-1355.06	197.059	102.442	0	-2.65E-05	2.53E-06	5.38E-06	-3.23E-05
407	11	21.3884	-86.788	273.627	41603.2	-9573.5	-1272.62	197.013	101.956	0	-2.50E-05	3.89E-06	2.32E-05	-1.85E-05
407	12	21.4279	-85.3859	268.949	41027	-9422.63	-1190.18	196.965	101.454	0	-2.50E-05	3.89E-06	2.32E-05	-1.85E-05
407	13	21.4289	-84.0769	264.672	40399.2	-9272.81	-1136.77	196.965	101.362	0	-2.44E-05	7.04E-06	2.36E-05	-8.23E-06
407	14	21.4299	-82.7679	260.396	39771.3	-9122.99	-1083.35	196.965	101.266	0	-2.44E-05	7.04E-06	2.36E-05	-8.23E-06
407	15	21.4026	-81.4369	256.279	39162	-8954.64	-1017.46	197.059	101.19	0	-2.58E-05	6.19E-06	-2.31E-06	-8.57E-06
407	16	21.3753	-80.1059	252.161	38552.8	-8786.29	-951.571	197.156	101.111	0	-2.58E-05	6.19E-06	-2.31E-06	-8.57E-06
407	17	21.3444	-78.781	248.03	38000.1	-8603	-872.893	197.315	100.792	0	-2.46E-05	4.54E-06	-1.46E-05	-9.71E-06
407	18	21.3135	-77.4561	243.899	37447.5	-8419.71	-794.215	197.479	100.463	0	-1.86E-05	4.86E-06	-1.48E-06	-6.87E-06
407	19	21.2894	-76.0792	240.203	36892.1	-8256.52	-704.883	197.627	100.412	0	-1.86E-05	4.86E-06	-1.48E-06	-6.87E-06
408	0	21.2653	-74.7022	236.506	36336.8	-8093.33	-615.551	197.78	100.36	0	-1.93E-05	4.36E-06	1.77E-06	-5.51E-06
408	1	21.2953	-73.2163	232.678	35818.5	-7943.94	-564.202	197.859	100.06	0	-1.93E-05	4.36E-06	1.77E-06	-5.51E-06
408	2	21.3253	-71.7304	228.85	35300.3	-7794.54	-512.854	197.94	99.7495	0	-2.37E-05	3.53E-06	-5.78E-06	-2.52E-06
408	3	21.3922	-70.1562	225.312	34778.8	-7667.33	-463.514	197.97	99.6417	0	-2.37E-05	3.53E-06	-5.78E-06	-2.52E-06
408	4	21.4591	-68.582	221.773	34257.3	-7540.12	-414.173	198.001	99.5304	0	-2.27E-05	3.86E-06	-1.29E-05	-2.89E-06
408	5	21.5542	-67.0396	218.304	33794.7	-7393.86	-342.749	198.13	99.1939	0	-2.27E-05	3.86E-06	-1.29E-05	-2.89E-06
408	6	21.6492	-65.4973	214.834	33332.2	-7247.6	-271.324	198.264	98.8466	0	-2.33E-05	3.51E-06	-1.30E-05	-6.92E-06
408	7	21.7492	-63.9188	211.356	32861.7	-7073.99	-203.672	198.53	98.5196	0	-2.43E-05	2.19E-06	-6.80E-06	-1.11E-05
408	8	21.8493	-62.3403	207.878	32391.3	-6900.39	-136.02	198.806	98.1816	0	-2.43E-05	2.19E-06	-6.80E-06	-1.11E-05
408	9	21.866	-60.8382	204.331	31940	-6763.68	-86.1138	198.898	97.6853	0	-2.03E-05	2.87E-06	1.33E-06	-1.24E-05
408	10	21.8826	-59.3361	200.784	31488.6	-6626.97	-36.2078	198.995	97.1715	0	-2.03E-05	2.87E-06	1.33E-06	-1.24E-05
408	11	21.8483	-57.825	197.506	31076.3	-6489.9	30.0402	199.141	96.6564	0	-1.63E-05	4.87E-06	-2.50E-07	-1.19E-05
408	12	21.814	-56.3138	194.229	30664	-6352.82	96.2882	199.292	96.1239	0	-1.63E-05	4.87E-06	-2.50E-07	-1.19E-05
408	13	21.7671	-54.7694	191.196	30212.7	-6217.3	176.13	199.482	95.9806	0	-1.63E-05	5.20E-06	-8.34E-06	-1.13E-05
408	14	21.7202	-53.2251	188.164	29761.4	-6081.78	255.971	199.678	95.8327	0	-1.63E-05	5.20E-06	-8.34E-06	-1.13E-05
408	15	21.5854	-51.958	185.315	29326.7	-5966.58	320.44	199.803	95.7468	0	-1.73E-05	5.03E-06	-1.97E-05	-1.22E-05
408	16	21.4506	-50.691	182.465	28891.9	-5851.39	384.91	199.932	95.6582	0	-1.73E-05	4.52E-06	-2.20E-05	-1.09E-05
408	17	21.2683	-49.4547	179.953	28498.6	-5773.98	423.479	199.914	95.6333	0	-1.73E-05	4.52E-06	-2.20E-05	-1.09E-05
408	18	21.086	-48.2184	177.441	28105.3	-5696.56	462.049	199.896	95.6078	0	-1.76E-05	3.69E-06	-1.89E-05	-7.23E-06
408	19	20.9017	-46.8711	174.655	27759.5	-5616.35	487.221	199.843	95.0603	0	-1.76E-05	3.69E-06	-1.89E-05	-7.23E-06
409	0	20.7175	-45.5238	171.868	27413.8	-5536.14	512.392	199.788	94.4951	0	-1.80E-05	3.87E-06	-1.70E-05	-8.60E-06
409	1	20.4221	-44.0865	169.058	27035.7	-5413.01	534.965	199.981	94.0802	0	-1.80E-05	3.87E-06	-1.70E-05	-8.60E-06
409	2	20.1267	-42.6492	166.248	26657.6	-5289.87	557.537	200.181	93.6513	0	-1.76E-05	4.36E-06	-1.93E-05	-1.24E-05
409	3	19.8653	-41.258	163.735	26284.1	-5176.6	568.783	200.384	93.472	0	-1.76E-05	4.36E-06	-1.93E-05	-1.24E-05
409	4	19.6039	-39.8669	161.223	25910.6	-5063.34	580.028	200.594	93.2872	0	-1.70E-05	3.69E-06	-1.90E-05	-1.05E-05
409	5	19.4171	-38.8341	159.044	25587.8	-4983.09	619.96	200.668	93.115	0	-1.68E-05	3.55E-06	-2.24E-05	-7.06E-06
409	6	19.2303	-37.8012	156.865	25264.9	-4902.84	659.893	200.745	92.938	0	-1.68E-05	3.55E-06	-2.24E-05	-7.06E-06
409	7	19.2234	-36.9146	154.935	24941.8	-4811.04	717.339	200.948	93.0174	0	-1.70E-05	5.54E-06	-2.63E-05	-7.91E-06
409	8	19.2165	-36.0279	153.005	24618.7	-4719.25	774.786	201.156	93.0987	0	-1.70E-05	5.54E-06	-2.63E-05	-7.91E-06
409	9	19.372	-35.1807	150.961	24309.4	-4645.01	809.282	201.23	92.9693	0	-1.91E-05	5.18E-06	-2.57E-05	-9.59E-06
409	10	19.5274	-34.3335	148.917	24000.1	-4570.76	843.778	201.307	92.8363	0	-1.91E-05	5.18E-06	-2.57E-05	-9.59E-06
409	11	19.5407	-33.4287	146.806	23690.5	-4498.61	864.059	201.357	92.6273	0	-2.03E-05	2.51E-06	-2.46E-05	-1.16E-05
409	12	19.5541	-32.5239	144.695	23380.9	-4426.47	884.34	201.408	92.4121	0	-2.03E-05	2.51E-06	-2.46E-05	-1.16E-05
409	13	19.4478	-31.57	142.524	23060.3	-4369.27	925.017	201.344	92.2003	0	-2.23E-05	1.86E-06	-2.17E-05	-1.28E-05
409	14	19.3416	-30.6161	140.353	22739.7	-4312.08	965.694	201.277	91.982	0	-2.20E-05	3.03E-06	-1.05E-05	-1.38E-05
409	15	19.3113	-29.7276	138.204	22406.8	-4219.71	1006.79	201.468	91.8719	0	-2.20E-05	3.03E-06	-1.05E-05	-1.38E-05
409	16	19.2809	-28.839	136.055	22073.8	-4127.34	1047.88	201.664	91.7584	0	-1.96E-05	3.86E-06	-1.50E-06	-1.49E-05
409	17	19.1939	-28.1751	134.085	21774.1	-4000.92	1072.98	202.161	91.6104	0	-1.96E-05	3.86E-06	-1.50E-06	-1.49E-05
409	18	19.1069	-27.5111	132.116	21474.4	-3874.5	1098.07	202.674	91.4579	0	-1.90E-05	3.89E-06	-8.19E-07	-1.24E-05
409	19	18.9058	-26.8037	129.87	21170.5	-3789.49	1091.07	202.821	90.9873	0	-1.90E-05	3.89E-06	-8.19E-07	-1.24E-05
410	0	18.7046	-26.0963	127.624	20866.5	-3704.49	1084.06	202.973	90.5001	0	-1.83E-05	6.56E-06	1.15E-06	-1.09E-05
410	1	18.5729	-25.343	125.505	20540.8	-3636.16	1100.9	203.028	90.3342	0	-1.83E-05	6.56E-06	1.15E-06	-1.09E-05
410	2	18.4412	-24.5898	123.385	20215.1	-3567.84	1117.73	203.084	90.1626	0	-1.93E-05	7.87E-06	-1.23E-06	-8.91E-06
410	3	18.3662	-23.9774	121.13	19914.9	-3508.3	1129.15	203.037	89.5903	0	-2.05E-05	6.04E-06	-6.23E-06	-1.04E-05
410	4	18.2911	-23.365	118.874	19614.7	-3448.77	1140.57	202.988	88.9963	0	-2.05E-05	6.04E-06	-6.23E-06	-1.04E-05
410	5	18.0902	-22.8447	116.868	19299.5	-3370.94	1124.12	203.156	88.8604	0	-2.13E-05	5.53E-06	-8.25E-06	-1.22E-05
410	6	17.8893	-22.3244	114.862	18984.4	-3293.11	1107.66	203.33	88.7197	0	-2.13E-05	5.53E-06	-8.25E-06	-1.22E-05
410	7	17.763	-21.8699	113.079	18673.4	-3213.54	1110.11	203.582	88.8644	0	-2.17E-05	4.70E-06	-1.06E-05	-1.02E-05
410	8	17.6368	-21.4153	111.296	18362.4	-3133.97	1112.56	203.841	89.0136	0	-2.17E-05	4.70E-06	-1.06E-05	-1.02E-05
410	9	17.578	-20.8147	109.467	18096.1	-3089.48	1126.27	203.777	88.6894	0	-2.30E-05	4.54E-06	-1.32E-05	-1.13E-05
410	10	17.5193	-20.2141	107.638	17829.8	-3045	1139.99	203.711	88.354	0	-2.30E-05	4.54E-06	-1.32E-05	-1.13E-05
410	11	17.462	-19.4579	106.08	17555.2	-3002.16	1133.99	203.699	88.5092	0	-2.25E-05	5.70E-06	-1.22E-05	-1.41E-05
410	12	17.4047	-18.7018	104.522	17280.7	-2959.32	1128	203.687	88.669	0	-2.13E-05	4.87E-06	-9.54E-06	-1.23E-05
410	13	17.3103	-18.1935	102.728	16965.9	-2902.07	1113.99	203.75	88.8468	0	-2.13E-05	4.87E-06	-9.54E-06	-1.23E-05
410	14	17.2158	-17.6852	100.934	16651	-2844.81	1099.98	203.815	89.031	0	-2.17E-05	5.05E-06	-7.19E-06	-1.26E-05
410	15	17.1874	-17.2849	99.0644	16353.1	-2754.4	1099.35	204.196	88.9247	0	-2.17E-05	5.05E-06	-7.19E-06	-1.26E-05
410	16	17.1589	-16.8846	97.1946	16055.2	-2663.99	1098.72	204.591	88.8142	0	-2.37E-05	6.04E-06	-4.57E-06	-1.19E-05
410	17	17.04	-16.4807	95.5843	15794.6	-2602.96	1103.77	204.768	88.7571	0	-2.37E-05	6.04E-06	-4.57E-06	-1.19E-05
410	18	16.9212	-16.0768	93.9741	15534.1	-2541.94	1108.82	204.951	88.698	0	-2.37E-05	6.21E-06	-8.58E-06	-1.36E-05
410	19	16.6529	-15.6317	92.1414	15249	-2487.3	1091.53	205.006	88.5043	0	-2.37E-05	6.21E-06	-8.58E-06	-1.36E-05
411	0	16.3847	-15.1866	90.3088	14963.9	-2432.66	1074.24	205.063	88.3027	0	-2.40E-05	6.38E-06	-1.02E-05	-1.49E-05
411	1	16.2166	-14.8908	88.6429	14660.7	-2389.15	1019.58	205.047	88.6096	0	-2.57E-05	6.21E-06	-6.38E-06	-1.33E-05
411	2	16.0485	-14.595	86.9769	14357.4	-2345.63	964.922	205.032	88.9282	0	-2.57E-05	6.21E-06	-6.38E-06	-1.33E-05
411	3	15.8334	-14.3779	85.2733	14088.1	-2297.47	929.206	205.058	88.7888	0	-2.30E-05	5.86E-06	-6.92E-06	-1.44E-05
411	4	15.6183	-14.1608	83.5698	13818.8	-2249.31	893.49	205.085	88.6438	0	-2.30E-05	5.86E-06	-6.92E-06	-1.44E-05
411	5	15.3426	-13.8628	81.3857	13529.8	-2189.87	897.454	205.093	87.757	0	-2.37E-05	4.53E-06	-1.11E-05	-1.53E-05
411	6	15.0669	-13.5648	79.2017	13240.8	-2130.44	901.417	205.101	86.8214	0	-2.37E-05	4.53E-06	-1.11E-05	-1.53E-05
411	7	14.82	-13.2548	77.4639	12923.7	-2074.51	868.382	205.22	87.1653	0	-2.50E-05	4.36E-06	-9.57E-06	-1.46E-05
411	8	14.573	-12.9447	75.7261	12606.5	-2018.58	835.347	205.344	87.525	0	-2.50E-05	4.36E-06	-9.57E-06	-1.46E-05
411	9	14.2243	-12.6377	74.1119	12303.8	-1960.8	780.038	205.543	87.984	0	-2.32E-05	3.51E-06	-1.02E-05	-1.49E-05
411	10	13.8756	-12.3307	72.4977	12001	-1903.02	724.73	205.751	88.4636	0	-2.20E-05	2.53E-06	-1.02E-05	-1.39E-05
411	11	13.6377	-11.9826	70.959	11735.3	-1877.85	683.32	205.536	88.618	0	-2.20E-05	2.53E-06	-1.02E-05	-1.39E-05
411	12	13.3998	-11.6345	69.4202	11469.7	-1852.68	641.911	205.312	88.7791	0	-2.10E-05	3.36E-06	-9.22E-06	-1.44E-05
411	13	13.1989	-11.3807	67.9074	11203	-1779.54	607.759	205.795	89.026	0	-2.10E-05	3.36E-06	-9.22E-06	-1.44E-05
411	14	12.9979	-11.1269	66.3946	10936.2	-1706.4	573.606	206.299	89.284	0	-2.00E-05	3.36E-06	-8.59E-06	-1.39E-05
411	15	12.7067	-10.9595	64.4805	10658.9	-1627.59	550.666	206.758	88.6961	0	-2.00E-05	3.36E-06	-8.59E-06	-1.39E-05
411	16	12.4155	-10.792	62.5665	10381.5	-1548.78	527.725	207.246	88.0721	0	-1.96E-05	3.86E-06	-1.16E-05	-1.29E-05
411	17	12.186	-10.5838	60.998	10114.1	-1502.23	475.903	207.372	88.189	0	-1.96E-05	3.86E-06	-1.16E-05	-1.29E-05
411	18	11.9565	-10.3757	59.4295	9846.74	-1455.69	424.081	207.506	88.3122	0	-1.96E-05	3.86E-06	-1.19E-05	-1.23E-05
411	19	11.7267	-10.1851	57.7552	9589.45	-1416.12	364.547	207.481	87.9639	0	-1.95E-05	4.20E-06	-1.08E-05	-1.28E-05
412	0	11.4969	-9.99463	56.081	9332.17	-1376.54	305.014	207.454	87.5949	0	-1.95E-05	4.20E-06	-1.08E-05	-1.28E-05
412	1	11.1515	-9.74543	54.3095	9081.43	-1334.41	263.549	207.43	86.7836	0	-1.97E-05	4.37E-06	-1.56E-05	-1.26E-05
412	2	10.8062	-9.49623	52.5379	8830.7	-1292.27	222.083	207.403	85.9176	0	-1.97E-05	4.37E-06	-1.56E-05	-1.26E-05
412	3	10.5131	-9.35488	51.0576	8557.66	-1249.17	195.202	207.534	86.392	0	-2.12E-05	4.85E-06	-1.76E-05	-1.43E-05
412	4	10.2201	-9.21354	49.5773	8284.62	-1206.06	168.322	207.673	86.8948	0	-2.12E-05	4.85E-06	-1.76E-05	-1.43E-05
412	5	9.96637	-9.04773	48.2375	8016.81	-1138.53	126.663	208.397	87.8054	0	-2.38E-05	3.20E-06	-1.45E-05	-1.59E-05
412	6	9.71262	-8.88193	46.8977	7749	-1071.01	85.0041	209.163	88.7682	0	-2.38E-05	3.20E-06	-1.45E-05	-1.59E-05
412	7	9.4576	-8.66189	45.586	7523.4	-1035	35.7874	209.296	88.9624	0	-2.33E-05	3.86E-06	-4.87E-06	-1.56E-05
412	8	9.20257	-8.44186	44.2742	7297.8	-998.988	-13.4294	209.436	89.1682	0	-2.11E-05	3.71E-06	-4.92E-06	-1.53E-05
412	9	8.86383	-8.20596	42.9223	7067.27	-973.289	-55.3389	209.324	89.3472	0	-2.11E-05	3.71E-06	-4.92E-06	-1.53E-05
412	10	8.52508	-7.97007	41.5703	6836.74	-947.59	-97.2483	209.205	89.5378	0	-2.10E-05	5.04E-06	-9.55E-06	-1.44E-05
412	11	8.23547	-7.76198	39.9672	6591.66	-884.623	-138.483	209.866	89.0734	0	-2.10E-05	5.04E-06	-9.55E-06	-1.44E-05
412	12	7.94586	-7.55389	38.3641	6346.57	-821.656	-179.717	210.583	88.5702	0	-2.33E-05	5.21E-06	-7.69E-06	-1.09E-05
412	13	7.69048	-7.35308	36.8638	6106.95	-783.294	-221.612	210.752	88.3377	0	-2.33E-05	5.21E-06	-7.69E-06	-1.09E-05
412	14	7.4351	-7.15226	35.3636	5867.33	-744.932	-263.506	210.935	88.0854	0	-2.23E-05	5.54E-06	-5.05E-06	-1.08E-05
412	15	7.23222	-7.01557	34.2545	5629.03	-686.45	-299.547	211.96	89.6704	0	-2.23E-05	5.54E-06	-5.05E-06	-1.08E-05
412	16	7.02935	-6.87888	33.1454	5390.73	-627.967	-335.587	213.054	91.3614	0	-2.15E-05	5.71E-06	-6.24E-06	-1.29E-05
412	17	6.87914	-6.76907	31.904	5174.98	-586.76	-370.97	213.609	91.7952	0	-2.20E-05	5.87E-06	-8.88E-06	-1.46E-05
412	18	6.72892	-6.65927	30.6625	4959.23	-545.552	-406.353	214.208	92.264	0	-2.20E-05	5.87E-06	-8.88E-06	-1.46E-05
412	19	6.52389	-6.46139	29.4724	4754.88	-521.17	-431.018	214.317	92.6668	0	-2.16E-05	5.89E-06	-6.87E-06	-1.37E-05
413	0	6.31885	-6.2635	28.2823	4550.53	-496.788	-455.684	214.435	93.1034	0	-2.16E-05	5.89E-06	-6.87E-06	-1.37E-05
413	1	6.11839	-6.06061	27.1925	4321.71	-422.718	-492.688	216.455	95.0701	0	-2.06E-05	7.40E-06	-5.89E-06	-1.09E-05
413	2	5.91793	-5.85772	26.1028	4092.89	-348.648	-529.691	218.643	97.2011	0	-2.06E-05	7.40E-06	-5.89E-06	-1.09E-05
413	3	5.78866	-5.72559	24.8324	3876.31	-323.301	-574.463	218.981	97.9009	0	-2.07E-05	9.04E-06	-7.72E-06	-1.09E-05
413	4	5.65939	-5.59346	23.562	3659.74	-297.954	-619.235	219.355	98.6763	0	-2.07E-05	9.04E-06	-7.72E-06	-1.09E-05
413	5	5.5066	-5.48956	22.6631	3489.46	-312.558	-627.444	218.209	100.029	0	-2.23E-05	6.55E-06	-7.89E-06	-1.02E-05
413	6	5.35381	-5.38566	21.7642	3319.19	-327.162	-635.653	216.968	101.493	0	-2.13E-05	6.54E-06	-7.73E-06	-1.03E-05
413	7	3.82213	-3.8628	15.5942	2364.8	-236.198	-455.885	216.854	102.354	0	-2.13E-05	6.54E-06	-7.73E-06	-1.03E-05
413	8	2.29044	-2.33995	9.42422	1410.42	-145.233	-276.118	216.589	104.341	0	-2.16E-05	5.88E-06	-9.06E-06	-1.22E-05
413	9	1.14522	-1.16997	4.71211	705.211	-72.6167	-138.059	216.589	104.341	0	-2.16E-05	5.88E-06	-9.06E-06	-1.22E-05
413	10	0	0	0	0	0	0	232	254	0	-2.11E-05	6.21E-06	-8.88E-06	-1.12E-05
413	11	0	0	0	0	0	0	232	254	0	-2.11E-05	6.21E-06	-8.88E-06	-1.12E-05
413	12	0	0	0	0	0	0	232	254	0	-2.03E-05	5.71E-06	-7.05E-06	-1.12E-05
413	13	0	0	0	0	0	0	232	254	0	-2.03E-05	5.71E-06	-7.05E-06	-1.12E-05
413	14	0	0	0	0	0	0	232	254	0	-1.96E-05	5.89E-06	-7.21E-06	-1.06E-05
413	15	0	0	0	0	0	0	232	254	0	-1.83E-05	7.71E-06	-6.21E-06	-9.57E-06
413	16	0	0	0	0	0	0	232	254	0	-1.83E-05	7.71E-06	-6.21E-06	-9.57E-06
413	17	0	0	0	0	0	0	232	254	0	-1.98E-05	6.54E-06	-6.57E-06	-9.59E-06
413	18	0	0	0	0	0	0	232	254	0	-1.98E-05	6.54E-06	-6.57E-06	-9.59E-06
413	19	0	0	0	0	0	0	232	254	0	-2.00E-05	5.87E-06	-8.57E-06	-1.19E-05
414	0	0	0	0	0	0	0	232	254	0	-2.00E-05	5.87E-06	-8.57E-06	-1.19E-05
414	1	0	0	0	0	0	0	232	254	0	-2.00E-05	5.72E-06	-9.22E-06	-1.19E-05
414	2	0	0	0	0	0	0	232	254	0	-2.00E-05	5.72E-06	-9.22E-06	-1.19E-05
414	3	0	0	0	0	0	0	232	254	0	-1.93E-05	6.54E-06	-8.07E-06	-1.22E-05
414	4	0	0	0	0	0	0	232	254	0	-1.83E-05	5.87E-06	-8.91E-06	-1.16E-05
414	5	0	0	0	0	0	0	232	254	0	-1.83E-05	5.87E-06	-8.91E-06	-1.16E-05
414	6	0	0	0	0	0	0	232	254	0	-1.90E-05	5.02E-06	-1.06E-05	-1.22E-05
414	7	0	0	0	0	0	0	232	254	0	-1.90E-05	5.02E-06	-1.06E-05	-1.22E-05
414	8	0	0	0	0	0	0	232	254	0	-2.00E-05	3.86E-06	-1.06E-05	-1.16E-05
414	9	0	0	0	0	0	0	232	254	0	-2.00E-05	3.86E-06	-1.06E-05	-1.16E-05
414	10	0	0	0	0	0	0	232	254	0	-2.05E-05	3.87E-06	-9.90E-06	-1.22E-05
414	11	0	0	0	0	0	0	232	254	0	-2.05E-05	3.87E-06	-9.90E-06	-1.22E-05
414	12	0	0	0	0	0	0	232	254	0	-2.03E-05	5.22E-06	-9.57E-06	-1.09E-05
414	13	0	0	0	0	0	0	232	254	0	-1.98E-05	6.54E-06	-9.57E-06	-1.11E-05
414	14	0	0	0	0	0	0	232	254	0	-1.98E-05	6.54E-06	-9.57E-06	-1.11E-05
414	15	0	0	0	0	0	0	232	254	0	-2.17E-05	6.02E-06	-9.56E-06	-1.18E-05
414	16	0	0	0	0	0	0	232	254	0	-2.17E-05	6.02E-06	-9.56E-06	-1.18E-05
414	17	0	0	0	0	0	0	232	254	0	-2.16E-05	3.69E-06	-8.56E-06	-1.29E-05
414	18	0	0	0	0	0	0	232	254	0	-2.16E-05	3.69E-06	-8.56E-06	-1.29E-05
414	19	0	0	0	0	0	0	232	254	0	-2.07E-05	3.19E-06	-8.57E-06	-1.31E-05
415	0	0	0	0	0	0	0	232	254	0	-2.07E-05	3.19E-06	-8.57E-06	-1.31E-05
415	1	0	0	0	0	0	0	232	254	0	-2.12E-05	2.85E-06	-9.91E-06	-1.48E-05
415	2	0	0	0	0	0	0	232	254	0	-2.23E-05	2.52E-06	-1.09E-05	-1.59E-05
415	3	0	0	0	0	0	0	232	254	0	-2.23E-05	2.52E-06	-1.09E-05	-1.59E-05
415	4	0	0	0	0	0	0	232	254	0	-2.08E-05	3.18E-06	-9.71E-06	-1.46E-05
415	5	0	0	0	0	0	0	232	254	0	-2.08E-05	3.18E-06	-9.71E-06	-1.46E-05
415	6	0	0	0	0	0	0	232	254	0	-2.13E-05	2.34E-06	-7.72E-06	-1.22E-05
415	7	0	0	0	0	0	0	232	254	0	-2.13E-05	2.34E-06	-7.72E-06	-1.22E-05
415	8	0	0	0	0	0	0	232	254	0	-2.26E-05	1.17E-06	-7.23E-06	-1.13E-05
415	9	0	0	0	0	0	0	232	254	0	-2.26E-05	1.17E-06	-7.23E-06	-1.13E-05
415	10	0	0	0	0	0	0	232	254	0	-2.10E-05	1.19E-06	-8.55E-06	-1.29E-05
415	11	0	0	0	0	0	0	232	254	0	-1.93E-05	2.52E-06	-7.56E-06	-1.36E-05
415	12	0	0	0	0	0	0	232	254	0	-1.93E-05	2.52E-06	-7.56E-06	-1.36E-05
415	13	0	0	0	0	0	0	232	254	0	-1.83E-05	2.69E-06	-8.08E-06	-1.59E-05
415	14	0	0	0	0	0	0	232	254	0	-1.83E-05	2.69E-06	-8.08E-06	-1.59E-05
415	15	0	0	0	0	0	0	232	254	0	-1.88E-05	3.20E-06	-9.90E-06	-1.54E-05
415	16	0	0	0	0	0	0	232	254	0	-1.88E-05	3.20E-06	-9.90E-06	-1.54E-05
415	17	0	0	0	0	0	0	232	254	0	-1.78E-05	3.88E-06	-9.23E-06	-1.54E-05
415	18	0	0	0	0	0	0	232	254	0	-1.78E-05	3.88E-06	-9.23E-06	-1.54E-05
415	19	0	0	0	0	0	0	232	254	0	-1.90E-05	5.37E-06	-9.24E-06	-1.55E-05
416	0	0	0	0	0	0	0	232	254	0	-2.07E-05	5.71E-06	-9.74E-06	-1.63E-05
416	1	0	0	0	0	0	0	232	254	0	-2.07E-05	5.71E-06	-9.74E-06	-1.63E-05
416	2	0	0	0	0	0	0	232	254	0	-2.23E-05	5.87E-06	-1.02E-05	-1.53E-05
416	3	0	0	0	0	0	0	232	254	0	-2.23E-05	5.87E-06	-1.02E-05	-1.53E-05
416	4	0	0	0	0	0	0	232	254	0	-2.40E-05	5.85E-06	-8.72E-06	-1.43E-05
416	5	0	0	0	0	0	0	232	254	0	-2.40E-05	5.85E-06	-8.72E-06	-1.43E-05
416	6	0	0	0	0	0	0	232	254	0	-2.43E-05	3.70E-06	-7.56E-06	-1.41E-05
416	7	0	0	0	0	0	0	232	254	0	-2.43E-05	3.70E-06	-7.56E-06	-1.41E-05
416	8	0	0	0	0	0	0	232	254	0	-2.26E-05	4.19E-06	-8.57E-06	-1.53E-05
416	9	0	0	0	0	0	0	232	254	0	-2.10E-05	3.86E-06	-9.91E-06	-1.53E-05
416	10	0	0	0	0	0	0	232	254	0	-2.10E-05	3.86E-06	-9.91E-06	-1.53E-05
416	11	0	0	0	0	0	0	232	254	0	-2.18E-05	3.87E-06	-1.02E-05	-1.44E-05
416	12	0	0	0	0	0	0	232	254	0	-2.18E-05	3.87E-06	-1.02E-05	-1.44E-05
416	13	0	0	0	0	0	0	232	254	0	-2.10E-05	4.54E-06	-8.88E-06	-1.29E-05
416	14	0	0	0	0	0	0	232	254	0	-2.10E-05	4.54E-06	-8.88E-06	-1.29E-05
416	15	0	0	0	0	0	0	232	254	0	-2.06E-05	5.19E-06	-7.57E-06	-1.19E-05
416	16	0	0	0	0	0	0	232	254	0	-2.06E-05	5.19E-06	-7.57E-06	-1.19E-05
416	17	0	0	0	0	0	0	232	254	0	-2.10E-05	3.68E-06	-8.90E-06	-1.33E-05
416	18	0	0	0	0	0	0	232	254	0	-1.90E-05	2.21E-06	-9.56E-06	-1.42E-05
416	19	0	0	0	0	0	0	232	254	0	-1.90E-05	2.21E-06	-9.56E-06	-1.42E-05
417	0	0	0	0	0	0	0	232	254	0	-1.97E-05	4.72E-06	-9.23E-06	-1.23E-05
417	1	0	0	0	0	0	0	232	254	0	-1.97E-05	4.72E-06	-9.23E-06	-1.23E-05
417	2	0	0	0	0	0	0	232	254	0	-2.20E-05	6.54E-06	-9.23E-06	-1.26E-05
417	3	0	0	0	0	0	0	232	254	0	-2.20E-05	6.54E-06	-9.23E-06	-1.26E-05
417	4	0	0	0	0	0	0	232	254	0	-2.13E-05	6.05E-06	-8.92E-06	-1.12E-05
417	5	0	0	0	0	0	0	232	254	0	-2.13E-05	6.05E-06	-8.92E-06	-1.12E-05
417	6	0	0	0	0	0	0	232	254	0	-2.23E-05	6.37E-06	-1.09E-05	-1.09E-05
417	7	0	0	0	0	0	0	232	254	0	-2.35E-05	5.19E-06	-9.37E-06	-1.01E-05
417	8	0	0	0	0	0	0	232	254	0	-2.35E-05	5.19E-06	-9.37E-06	-1.01E-05
417	9	0	0	0	0	0	0	232	254	0	-2.32E-05	4.21E-06	-6.53E-06	-8.40E-06
417	10	0	0	0	0	0	0	232	254	0	-2.32E-05	4.21E-06	-6.53E-06	-8.40E-06
417	11	0	0	0	0	0	0	232	254	0	-2.40E-05	5.38E-06	-5.05E-06	-9.07E-06
417	12	0	0	0	0	0	0	232	254	0	-2.40E-05	5.38E-06	-5.05E-06	-9.07E-06
417	13	0	0	0	0	0	0	232	254	0	-2.30E-05	6.21E-06	-6.22E-06	-9.72E-06
417	14	0	0	0	0	0	0	232	254	0	-2.30E-05	6.21E-06	-6.22E-06	-9.72E-06
417	15	0	0	0	0	0	0	232	254	0	-2.10E-05	5.87E-06	-7.56E-06	-8.42E-06
417	16	0	0	0	0	0	0	232	254	0	-2.03E-05	5.87E-06	-8.06E-06	-1.13E-05
417	17	0	0	0	0	0	0	232	254	0	-2.03E-05	5.87E-06	-8.06E-06	-1.13E-05
417	18	0	0	0	0	0	0	232	254	0	-2.10E-05	5.20E-06	-8.23E-06	-1.17E-05
417	19	0	0	0	0	0	0	232	254	0	-2.10E-05	5.20E-06	-8.23E-06	-1.17E-05
418	0	0	0	0	0	0	0	232	254	0	-2.33E-05	5.21E-06	-9.06E-06	-1.06E-05
418	1	0	0	0	0	0	0	232	254	0	-2.33E-05	5.21E-06	-9.06E-06	-1.06E-05
418	2	0	0	0	0	0	0	232	254	0	-2.35E-05	5.87E-06	-8.57E-06	-1.14E-05
418	3	0	0	0	0	0	0	232	254	0	-2.35E-05	5.87E-06	-8.57E-06	-1.14E-05
418	4	0	0	0	0	0	0	232	254	0	-2.60E-05	5.21E-06	-9.56E-06	-1.16E-05
418	5	0	0	0	0	0	0	232	254	0	-2.63E-05	5.54E-06	-9.25E-06	-1.29E-05
418	6	0	0	0	0	0	0	232	254	0	-2.63E-05	5.54E-06	-9.25E-06	-1.29E-05
418	7	0	0	0	0	0	0	232	254	0	-2.50E-05	5.20E-06	-1.12E-05	-1.21E-05
418	8	0	0	0	0	0	0	232	254	0	-2.50E-05	5.20E-06	-1.12E-05	-1.21E-05
418	9	0	0	0	0	0	0	232	254	0	-2.38E-05	5.20E-06	-1.09E-05	-1.14E-05
418	10	0	0	0	0	0	0	232	254	0	-2.38E-05	5.20E-06	-1.09E-05	-1.14E-05
418	11	0	0	0	0	0	0	232	254	0	-2.37E-05	4.53E-06	-1.02E-05	-1.33E-05
418	12	0	0	0	0	0	0	232	254	0	-2.37E-05	4.53E-06	-1.02E-05	-1.33E-05
418	13	0	0	0	0	0	0	232	254	0	-2.48E-05	4.69E-06	-1.06E-05	-1.32E-05
418	14	0	0	0	0	0	0	232	254	0	-2.23E-05	3.70E-06	-9.55E-06	-1.23E-05
418	15	0	0	0	0	0	0	232	254	0	-2.23E-05	3.70E-06	-9.55E-06	-1.23E-05
418	16	0	0	0	0	0	0	232	254	0	-2.23E-05	4.54E-06	-8.22E-06	-1.21E-05
418	17	0	0	0	0	0	0	232	254	0	-2.23E-05	4.54E-06	-8.22E-06	-1.21E-05
418	18	0	0	0	0	0	0	232	254	0	-2.18E-05	4.86E-06	-7.57E-06	-1.22E-05
418	19	0	0	0	0	0	0	232	254	0	-2.18E-05	4.86E-06	-7.57E-06	-1.22E-05
419	0	0	0	0	0	0	0	232	254	0	-1.90E-05	4.19E-06	-9.10E-06	-1.19E-05
419	1	0	0	0	0	0	0	232	254	0	-1.90E-05	4.19E-06	-9.10E-06	-1.19E-05
419	2	0	0	0	0	0	0	232	254	0	-1.86E-05	3.51E-06	-1.22E-05	-1.36E-05
419	3	0	0	0	0	0	0	232	254	0	-1.90E-05	2.52E-06	-1.14E-05	-1.39E-05
419	4	0	0	0	0	0	0	232	254	0	-1.90E-05	2.52E-06	-1.14E-05	-1.39E-05
419	5	0	0	0	0	0	0	232	254	0	-2.03E-05	2.84E-06	-9.04E-06	-1.44E-05
419	6	0	0	0	0	0	0	232	254	0	-2.03E-05	2.84E-06	-9.04E-06	-1.44E-05
419	7	0	0	0	0	0	0	232	254	0	-2.22E-05	1.86E-06	-7.02E-06	-1.26E-05
419	8	0	0	0	0	0	0	232	254	0	-2.22E-05	1.86E-06	-7.02E-06	-1.26E-05
419	9	0	0	0	0	0	0	232	254	0	-2.23E-05	3.51E-06	-3.88E-06	-1.23E-05
419	10	0	0	0	0	0	0	232	254	0	-2.23E-05	3.51E-06	-3.88E-06	-1.23E-05
419	11	0	0	0	0	0	0	232	254	0	-2.18E-05	1.86E-06	-5.73E-06	-1.36E-05
419	12	0	0	0	0	0	0	232	254	0	-2.10E-05	3.55E-06	-7.55E-06	-1.39E-05
419	13	0	0	0	0	0	0	232	254	0	-2.10E-05	3.55E-06	-7.55E-06	-1.39E-05
419	14	0	0	0	0	0	0	232	254	0	-2.17E-05	5.70E-06	-7.56E-06	-1.38E-05
419	15	0	0	0	0	0	0	232	254	0	-2.17E-05	5.70E-06	-7.56E-06	-1.38E-05
419	16	0	0	0	0	0	0	232	254	0	-2.37E-05	5.21E-06	-8.22E-06	-1.29E-05
419	17	0	0	0	0	0	0	232	254	0	-2.37E-05	5.21E-06	-8.22E-06	-1.29E-05
419	18	0	0	0	0	0	0	232	254	0	-2.59E-05	5.90E-06	-8.20E-06	-1.39E-05
419	19	0	0	0	0	0	0	232	254	0	-2.59E-05	5.90E-06	-8.20E-06	-1.39E-05
420	0	0	0	0	0	0	0	232	254	0	-2.77E-05	7.89E-06	-6.38E-06	-1.43E-05
420	1	0	0	0	0	0	0	232	254	0	-2.67E-05	8.21E-06	-6.91E-06	-1.44E-05
420	2	0	0	0	0	0	0	232	254	0	-2.67E-05	8.21E-06	-6.91E-06	-1.44E-05
420	3	0	0	0	0	0	0	232	254	0	-2.47E-05	7.23E-06	-9.60E-06	-1.32E-05
420	4	0	0	0	0	0	0	232	254	0	-2.47E-05	7.23E-06	-9.60E-06	-1.32E-05
420	5	0	0	0	0	0	0	232	254	0	-2.35E-05	8.39E-06	-1.28E-05	-1.17E-05
420	6	0	0	0	0	0	0	232	254	0	-2.35E-05	8.39E-06	-1.28E-05	-1.17E-05
420	7	0	0	0	0	0	0	232	254	0	-2.33E-05	7.87E-06	-1.38E-05	-1.16E-05
420	8	0	0	0	0	0	0	232	254	0	-2.33E-05	7.87E-06	-1.38E-05	-1.16E-05
420	9	0	0	0	0	0	0	232	254	0	-2.27E-05	5.87E-06	-1.50E-05	-1.06E-05
420	10	0	0	0	0	0	0	232	254	0	-2.23E-05	5.86E-06	-1.65E-05	-1.09E-05
420	11	0	0	0	0	0	0	232	254	0	-2.23E-05	5.86E-06	-1.65E-05	-1.09E-05
420	12	0	0	0	0	0	0	232	254	0	-2.20E-05	4.52E-06	-1.90E-05	-1.16E-05
420	13	0	0	0	0	0	0	232	254	0	-2.20E-05	4.52E-06	-1.90E-05	-1.16E-05
420	14	0	0	0	0	0	0	232	254	0	-2.20E-05	3.35E-06	-2.45E-05	-1.28E-05
420	15	0	0	0	0	0	0	232	254	0	-2.20E-05	3.35E-06	-2.45E-05	-1.28E-05
420	16	0	0	0	0	0	0	232	254	0	-2.17E-05	2.85E-06	-2.50E-05	-1.36E-05
420	17	0	0	0	0	0	0	232	254	0	-2.17E-05	2.85E-06	-2.50E-05	-1.36E-05
420	18	0	0	0	0	0	0	232	254	0	-2.15E-05	2.17E-06	-2.29E-05	-1.29E-05
420	19	0	0	0	0	0	0	232	254	0	-2.11E-05	8.34E-07	-1.55E-05	-1.12E-05
421	0	0	0	0	0	0	0	232	254	0	-2.11E-05	8.34E-07	-1.55E-05	-1.12E-05
421	1	0	0	0	0	0	0	232	254	0	-2.03E-05	3.41E-07	-6.48E-06	-1.12E-05
421	2	0	0	0	0	0	0	232	254	0	-2.03E-05	3.41E-07	-6.48E-06	-1.12E-05
421	3	0	0	0	0	0	0	232	254	0	-2.00E-05	8.34E-07	-4.42E-07	-1.06E-05
421	4	0	0	0	0	0	0	232	254	0	-2.00E-05	8.34E-07	-4.42E-07	-1.06E-05
421	5	0	0	0	0	0	0	232	254	0	-1.83E-05	3.63E-07	5.25E-06	-9.56E-06
421	6	0	0	0	0	0	0	232	254	0	-1.83E-05	3.63E-07	5.25E-06	-9.56E-06
421	7	0	0	0	0	0	0	232	254	0	-1.78E-05	2.83E-06	9.09E-06	-8.90E-06
421	8	0	0	0	0	0	0	232	254	0	-1.69E-05	8.50E-07	1.14E-05	-9.58E-06
421	9	0	0	0	0	0	0	232	254	0	-1.69E-05	8.50E-07	1.14E-05	-9.58E-06
421	10	0	0	0	0	0	0	232	254	0	-1.60E-05	1.87E-06	1.29E-05	-1.06E-05
421	11	0	0	0	0	0	0	232	254	0	-1.60E-05	1.87E-06	1.29E-05	-1.06E-05
421	12	0	0	0	0	0	0	232	254	0	-1.66E-05	3.87E-06	9.21E-06	-1.06E-05
421	13	0	0	0	0	0	0	232	254	0	-1.66E-05	3.87E-06	9.21E-06	-1.06E-05
421	14	0	0	0	0	0	0	232	254	0	-1.83E-05	5.03E-06	7.40E-06	-9.90E-06
421	15	0	0	0	0	0	0	232	254	0	-1.83E-05	5.03E-06	7.40E-06	-9.90E-06
421	16	0	0	0	0	0	0	232	254	0	-1.80E-05	4.20E-06	-6.67E-06	-9.27E-06
421	17	0	0	0	0	0	0	232	254	0	-1.73E-05	4.21E-06	-1.82E-05	-1.25E-05
421	18	0	0	0	0	0	0	232	254	0	-1.73E-05	4.21E-06	-1.82E-05	-1.25E-05
421	19	0	0	0	0	0	0	232	254	0	-1.90E-05	5.55E-06	-1.15E-05	-1.55E-05
422	0	0	0	0	0	0	0	232	254	0	-1.90E-05	5.55E-06	-1.15E-05	-1.55E-05
422	1	0	0	0	0	0	0	232	254	0	-1.96E-05	6.20E-06	-8.25E-06	-1.66E-05
422	2	0	0	0	0	0	0	232	254	0	-1.96E-05	6.20E-06	-8.25E-06	-1.66E-05
422	3	0	0	0	0	0	0	232	254	0	-1.98E-05	4.89E-06	-1.02E-05	-1.64E-05
422	4	0	0	0	0	0	0	232	254	0	-1.98E-05	4.89E-06	-1.02E-05	-1.64E-05
422	5	0	0	0	0	0	0	232	254	0	-2.00E-05	6.54E-06	-8.38E-06	-1.59E-05
422	6	0	0	0	0	0	0	232	254	0	-2.10E-05	5.70E-06	-7.08E-06	-1.54E-05
422	7	0	0	0	0	0	0	232	254	0	-2.10E-05	5.70E-06	-7.08E-06	-1.54E-05
422	8	0	0	0	0	0	0	232	254	0	-2.23E-05	5.22E-06	-9.76E-06	-1.38E-05
422	9	0	0	0	0	0	0	232	254	0	-2.23E-05	5.22E-06	-9.76E-06	-1.38E-05
422	10	0	0	0	0	0	0	232	254	0	-2.27E-05	6.55E-06	-1.16E-05	-1.44E-05
422	11	0	0	0	0	0	0	232	254	0	-2.27E-05	6.55E-06	-1.16E-05	-1.44E-05
422	12	0	0	0	0	0	0	232	254	0	-2.37E-05	7.23E-06	-1.16E-05	-1.49E-05
422	13	0	0	0	0	0	0	232	254	0	-2.37E-05	7.23E-06	-1.16E-05	-1.49E-05
422	14	0	0	0	0	0	0	232	254	0	-2.31E-05	8.05E-06	-1.09E-05	-1.41E-05
422	15	0	0	0	0	0	0	232	254	0	-2.00E-05	7.21E-06	-1.36E-05	-1.43E-05
422	16	0	0	0	0	0	0	232	254	0	-2.00E-05	7.21E-06	-1.36E-05	-1.43E-05
422	17	0	0	0	0	0	0	232	254	0	-2.03E-05	6.90E-06	-1.58E-05	-1.43E-05
422	18	0	0	0	0	0	0	232	254	0	-2.03E-05	6.90E-06	-1.58E-05	-1.43E-05
422	19	0	0	0	0	0	0	232	254	0	-1.96E-05	8.55E-06	-1.83E-05	-1.43E-05
423	0	0	0	0	0	0	0	232	254	0	-1.96E-05	8.55E-06	-1.83E-05	-1.43E-05
423	1	0	0	0	0	0	0	232	254	0	-1.90E-05	7.87E-06	-2.10E-05	-1.46E-05
423	2	0	0	0	0	0	0	232	254	0	-1.90E-05	7.87E-06	-2.10E-05	-1.46E-05
423	3	0	0	0	0	0	0	232	254	0	-1.81E-05	6.38E-06	-2.16E-05	-1.38E-05
423	4	0	0	0	0	0	0	232	254	0	-1.80E-05	6.55E-06	-1.88E-05	-1.46E-05
423	5	0	0	0	0	0	0	232	254	0	-1.80E-05	6.55E-06	-1.88E-05	-1.46E-05
423	6	0	0	0	0	0	0	232	254	0	-1.81E-05	7.20E-06	-1.49E-05	-1.51E-05
423	7	0	0	0	0	0	0	232	254	0	-1.81E-05	7.20E-06	-1.49E-05	-1.51E-05
423	8	0	0	0	0	0	0	232	254	0	-1.80E-05	5.88E-06	-1.26E-05	-1.62E-05
423	9	0	0	0	0	0	0	232	254	0	-1.80E-05	5.88E-06	-1.26E-05	-1.62E-05
423	10	0	0	0	0	0	0	232	254	0	-1.86E-05	6.71E-06	-1.16E-05	-1.31E-05
423	11	0	0	0	0	0	0	232	254	0	-1.86E-05	6.71E-06	-1.16E-05	-1.31E-05
423	12	0	0	0	0	0	0	232	254	0	-2.00E-05	6.53E-06	-1.22E-05	-1.19E-05
423	13	0	0	0	0	0	0	232	254	0	-2.23E-05	4.86E-06	-1.09E-05	-1.19E-05
423	14	0	0	0	0	0	0	232	254	0	-2.23E-05	4.86E-06	-1.09E-05	-1.19E-05
423	15	0	0	0	0	0	0	232	254	0	-2.20E-05	4.20E-06	-7.07E-06	-1.06E-05
423	16	0	0	0	0	0	0	232	254	0	-2.20E-05	4.20E-06	-7.07E-06	-1.06E-05
423	17	0	0	0	0	0	0	232	254	0	-2.08E-05	4.20E-06	-9.28E-06	-1.09E-05
423	18	0	0	0	0	0	0	232	254	0	-2.08E-05	4.20E-06	-9.28E-06	-1.09E-05
423	19	0	0	0	0	0	0	232	254	0	-2.25E-05	4.20E-06	-1.34E-05	-1.31E-05
424	0	0	0	0	0	0	0	232	254	0	-2.25E-05	4.20E-06	-1.34E-05	-1.31E-05
424	1	0	0	0	0	0	0	232	254	0	-2.26E-05	4.51E-06	-1.37E-05	-1.26E-05
424	2	0	0	0	0	0	0	232	254	0	-2.13E-05	2.51E-06	-1.19E-05	-1.23E-05
424	3	0	0	0	0	0	0	232	254	0	-2.13E-05	2.51E-06	-1.19E-05	-1.23E-05
424	4	0	0	0	0	0	0	232	254	0	-2.13E-05	1.87E-06	-1.32E-05	-1.26E-05
424	5	0	0	0	0	0	0	232	254	0	-2.13E-05	1.87E-06	-1.32E-05	-1.26E-05
424	6	0	0	0	0	0	0	232	254	0	-2.03E-05	3.84E-06	-8.49E-06	-1.26E-05
424	7	0	0	0	0	0	0	232	254	0	-2.03E-05	3.84E-06	-8.49E-06	-1.26E-05
424	8	0	0	0	0	0	0	232	254	0	-2.03E-05	2.36E-06	-2.19E-06	-1.26E-05
424	9	0	0	0	0	0	0	232	254	0	-2.03E-05	2.36E-06	-2.19E-06	-1.26E-05
424	10	0	0	0	0	0	0	232	254	0	-2.13E-05	3.20E-06	-3.24E-06	-1.16E-05
424	11	0	0	0	0	0	0	232	254	0	-1.96E-05	4.19E-06	-7.51E-06	-1.11E-05
424	12	0	0	0	0	0	0	232	254	0	-1.96E-05	4.19E-06	-7.51E-06	-1.11E-05
424	13	0	0	0	0	0	0	232	254	0	-1.93E-05	3.85E-06	-3.65E-06	-1.04E-05
424	14	0	0	0	0	0	0	232	254	0	-1.93E-05	3.85E-06	-3.65E-06	-1.04E-05
424	15	0	0	0	0	0	0	232	254	0	-2.07E-05	2.84E-06	-1.73E-07	-1.02E-05
424	16	0	0	0	0	0	0	232	254	0	-2.07E-05	2.84E-06	-1.73E-07	-1.02E-05
424	17	0	0	0	0	0	0	232	254	0	-2.17E-05	1.85E-06	-6.70E-07	-1.09E-05
424	18	0	0	0	0	0	0	232	254	0	-2.17E-05	1.85E-06	-6.70E-07	-1.09E-05
424	19	0	0	0	0	0	0	232	254	0	-2.20E-05	2.52E-06	-6.07E-07	-1.06E-05
425	0	0	0	0	0	0	0	232	254	0	-2.27E-05	2.84E-06	-9.97E-06	-1.21E-05
425	1	0	0	0	0	0	0	232	254	0	-2.27E-05	2.84E-06	-9.97E-06	-1.21E-05
425	2	0	0	0	0	0	0	232	254	0	-2.30E-05	1.34E-06	-1.62E-05	-1.23E-05
425	3	0	0	0	0	0	0	232	254	0	-2.30E-05	1.34E-06	-1.62E-05	-1.23E-05
425	4	0	0	0	0	0	0	232	254	0	-2.37E-05	1.53E-06	-1.26E-05	-1.23E-05
425	5	0	0	0	0	0	0	232	254	0	-2.37E-05	1.53E-06	-1.26E-05	-1.23E-05
425	6	0	0	0	0	0	0	232	254	0	-2.40E-05	3.20E-06	-1.28E-05	-1.33E-05
425	7	0	0	0	0	0	0	232	254	0	-2.40E-05	3.20E-06	-1.28E-05	-1.33E-05
425	8	0	0	0	0	0	0	232	254	0	-2.50E-05	4.53E-06	-2.86E-05	-1.29E-05
425	9	0	0	0	0	0	0	232	254	0	-2.50E-05	4.37E-06	-3.08E-05	-1.23E-05
425	10	0	0	0	0	0	0	232	254	0	-2.50E-05	4.37E-06	-3.08E-05	-1.23E-05
425	11	0	0	0	0	0	0	232	254	0	-2.47E-05	4.54E-06	-1.21E-05	-1.22E-05
425	12	0	0	0	0	0	0	232	254	0	-2.47E-05	4.54E-06	-1.21E-05	-1.22E-05
425	13	0	0	0	0	0	0	232	254	0	-2.43E-05	5.69E-06	4.78E-06	-1.07E-05
425	14	0	0	0	0	0	0	232	254	0	-2.43E-05	5.69E-06	4.78E-06	-1.07E-05
425	15	0	0	0	0	0	0	232	254	0	-2.37E-05	4.20E-06	1.24E-05	-8.23E-06
425	16	0	0	0	0	0	0	232	254	0	-2.37E-05	4.20E-06	1.24E-05	-8.23E-06
425	17	0	0	0	0	0	0	232	254	0	-2.30E-05	4.37E-06	7.78E-06	-8.38E-06
425	18	0	0	0	0	0	0	232	254	0	-2.30E-05	4.52E-06	-1.78E-06	-7.21E-06
425	19	0	0	0	0	0	0	232	254	0	-2.30E-05	4.52E-06	-1.78E-06	-7.21E-06
426	0	0	0	0	0	0	0	232	254	0	-2.37E-05	3.86E-06	-1.08E-05	-6.24E-06
426	1	0	0	0	0	0	0	232	254	0	-2.37E-05	3.86E-06	-1.08E-05	-6.24E-06
426	2	0	0	0	0	0	0	232	254	0	-2.43E-05	4.20E-06	-4.20E-06	-8.78E-06
426	3	0	0	0	0	0	0	232	254	0	-2.43E-05	4.20E-06	-4.20E-06	-8.78E-06
426	4	0	0	0	0	0	0	232	254	0	-2.31E-05	4.21E-06	1.09E-05	-1.33E-05
426	5	0	0	0	0	0	0	232	254	0	-2.31E-05	4.21E-06	1.09E-05	-1.33E-05
426	6	0	0	0	0	0	0	232	254	0	-2.18E-05	5.05E-06	8.05E-06	-1.50E-05
426	7	0	0	0	0	0	0	232	254	0	-2.25E-05	6.21E-06	-7.35E-06	-1.63E-05
426	8	0	0	0	0	0	0	232	254	0	-2.25E-05	6.21E-06	-7.35E-06	-1.63E-05
426	9	0	0	0	0	0	0	232	254	0	-2.10E-05	6.55E-06	-1.89E-05	-1.43E-05
426	10	0	0	0	0	0	0	232	254	0	-2.10E-05	6.55E-06	-1.89E-05	-1.43E-05
426	11	0	0	0	0	0	0	232	254	0	-2.17E-05	6.88E-06	-1.69E-05	-1.39E-05
426	12	0	0	0	0	0	0	232	254	0	-2.17E-05	6.88E-06	-1.69E-05	-1.39E-05
426	13	0	0	0	0	0	0	232	254	0	-2.21E-05	7.04E-06	-1.26E-05	-1.46E-05
426	14	0	0	0	0	0	0	232	254	0	-2.21E-05	7.04E-06	-1.26E-05	-1.46E-05
426	15	0	0	0	0	0	0	232	254	0	-2.03E-05	6.21E-06	-1.05E-05	-1.34E-05
426	16	0	0	0	0	0	0	232	254	0	-2.00E-05	6.04E-06	-5.44E-06	-1.06E-05
426	17	0	0	0	0	0	0	232	254	0	-2.00E-05	6.04E-06	-5.44E-06	-1.06E-05
426	18	0	0	0	0	0	0	232	254	0	-1.96E-05	6.18E-06	3.48E-06	-1.02E-05
426	19	0	0	0	0	0	0	232	254	0	-1.96E-05	6.18E-06	3.48E-06	-1.02E-05
427	0	0	0	0	0	0	0	232	254	0	-1.98E-05	3.86E-06	-4.04E-07	-9.89E-06
427	1	0	0	0	0	0	0	232	254	0	-1.98E-05	3.86E-06	-4.04E-07	-9.89E-06
427	2	0	0	0	0	0	0	232	254	0	-2.13E-05	3.36E-06	-6.53E-06	-8.89E-06
427	3	0	0	0	0	0	0	232	254	0	-2.13E-05	3.36E-06	-6.53E-06	-8.89E-06
427	4	0	0	0	0	0	0	232	254	0	-2.16E-05	3.52E-06	-5.32E-06	-8.23E-06
427	5	0	0	0	0	0	0	232	254	0	-2.10E-05	3.53E-06	-1.62E-05	-8.41E-06
427	6	0	0	0	0	0	0	232	254	0	-2.10E-05	3.53E-06	-1.62E-05	-8.41E-06
427	7	0	0	0	0	0	0	232	254	0	-2.18E-05	4.21E-06	-2.84E-05	-1.01E-05
427	8	0	0	0	0	0	0	232	254	0	-2.18E-05	4.21E-06	-2.84E-05	-1.01E-05
427	9	0	0	0	0	0	0	232	254	0	-2.13E-05	5.04E-06	-3.45E-05	-1.09E-05
427	10	0	0	0	0	0	0	232	254	0	-2.13E-05	5.04E-06	-3.45E-05	-1.09E-05
427	11	0	0	0	0	0	0	232	254	0	-2.16E-05	5.55E-06	-4.26E-05	-1.06E-05
427	12	0	0	0	0	0	0	232	254	0	-2.16E-05	5.55E-06	-4.26E-05	-1.06E-05
427	13	0	0	0	0	0	0	232	254	0	-2.07E-05	6.53E-06	-2.27E-05	-1.13E-05
427	14	0	0	0	0	0	0	232	254	0	-2.15E-05	5.54E-06	2.59E-06	-1.33E-05
427	15	0	0	0	0	0	0	232	254	0	-2.15E-05	5.54E-06	2.59E-06	-1.33E-05
427	16	0	0	0	0	0	0	232	254	0	-2.30E-05	5.53E-06	9.28E-06	-1.43E-05
427	17	0	0	0	0	0	0	232	254	0	-2.30E-05	5.53E-06	9.28E-06	-1.43E-05
427	18	0	0	0	0	0	0	232	254	0	-2.27E-05	5.02E-06	1.35E-05	-1.41E-05
427	19	0	0	0	0	0	0	232	254	0	-2.27E-05	5.02E-06	1.35E-05	-1.41E-05
428	0	0	0	0	0	0	0	232	254	0	-2.30E-05	4.05E-06	4.86E-06	-1.56E-05
428	1	0	0	0	0	0	0	232	254	0	-2.30E-05	4.05E-06	4.86E-06	-1.56E-05
428	2	0	0	0	0	0	0	232	254	0	-2.07E-05	5.71E-06	-1.10E-05	-1.66E-05
428	3	0	0	0	0	0	0	232	254	0	-2.17E-05	5.69E-06	-1.82E-05	-1.54E-05
428	4	0	0	0	0	0	0	232	254	0	-2.17E-05	5.69E-06	-1.82E-05	-1.54E-05
428	5	0	0	0	0	0	0	232	254	0	-2.23E-05	4.53E-06	-1.28E-05	-1.43E-05
428	6	0	0	0	0	0	0	232	254	0	-2.23E-05	4.53E-06	-1.28E-05	-1.43E-05
428	7	0	0	0	0	0	0	232	254	0	-2.23E-05	4.20E-06	-4.85E-06	-1.34E-05
428	8	0	0	0	0	0	0	232	254	0	-2.23E-05	4.20E-06	-4.85E-06	-1.34E-05
428	9	0	0	0	0	0	0	232	254	0	-2.16E-05	4.52E-06	-2.83E-06	-1.46E-05
428	10	0	0	0	0	0	0	232	254	0	-2.16E-05	4.52E-06	-2.83E-06	-1.46E-05
428	11	0	0	0	0	0	0	232	254	0	-2.13E-05	3.20E-06	-6.29E-07	-1.58E-05
428	12	0	0	0	0	0	0	232	254	0	-2.06E-05	3.88E-06	-1.16E-05	-1.76E-05
428	13	0	0	0	0	0	0	232	254	0	-2.06E-05	3.88E-06	-1.16E-05	-1.76E-05
428	14	0	0	0	0	0	0	232	254	0	-2.03E-05	5.22E-06	-1.73E-05	-1.69E-05
428	15	0	0	0	0	0	0	232	254	0	-2.03E-05	5.22E-06	-1.73E-05	-1.69E-05
428	16	0	0	0	0	0	0	232	254	0	-2.03E-05	6.53E-06	-1.43E-05	-1.66E-05
428	17	0	0	0	0	0	0	232	254	0	-2.03E-05	6.53E-06	-1.43E-05	-1.66E-05
428	18	0	0	0	0	0	0	232	254	0	-1.98E-05	5.53E-06	-1.46E-05	-1.69E-05
428	19	0	0	0	0	0	0	232	254	0	-1.98E-05	5.53E-06	-1.46E-05	-1.69E-05
429	0	0	0	0	0	0	0	232	254	0	-1.90E-05	4.53E-06	-1.17E-05	-1.46E-05
429	1	0	0	0	0	0	0	232	254	0	-1.93E-05	4.70E-06	-1.04E-05	-1.33E-05
429	2	0	0	0	0	0	0	232	254	0	-1.93E-05	4.70E-06	-1.04E-05	-1.33E-05
429	3	0	0	0	0	0	0	232	254	0	-1.83E-05	4.53E-06	-1.28E-05	-1.41E-05
429	4	0	0	0	0	0	0	232	254	0	-1.83E-05	4.53E-06	-1.28E-05	-1.41E-05
429	5	0	0	0	0	0	0	232	254	0	-1.93E-05	4.19E-06	-1.77E-05	-1.24E-05
429	6	0	0	0	0	0	0	232	254	0	-1.93E-05	4.19E-06	-1.77E-05	-1.24E-05
429	7	0	0	0	0	0	0	232	254	0	-2.17E-05	3.88E-06	-2.29E-05	-1.17E-05
429	8	0	0	0	0	0	0	232	254	0	-2.17E-05	3.88E-06	-2.29E-05	-1.17E-05
429	9	0	0	0	0	0	0	232	254	0	-2.33E-05	5.56E-06	-1.55E-05	-1.16E-05
429	10	0	0	0	0	0	0	232	254	0	-2.38E-05	7.19E-06	-6.84E-06	-1.13E-05
429	11	0	0	0	0	0	0	232	254	0	-2.38E-05	7.19E-06	-6.84E-06	-1.13E-05
429	12	0	0	0	0	0	0	232	254	0	-2.30E-05	5.20E-06	-2.73E-06	-1.19E-05
429	13	0	0	0	0	0	0	232	254	0	-2.30E-05	5.20E-06	-2.73E-06	-1.19E-05
429	14	0	0	0	0	0	0	232	254	0	-2.10E-05	4.88E-06	8.22E-06	-1.16E-05
429	15	0	0	0	0	0	0	232	254	0	-2.10E-05	4.88E-06	8.22E-06	-1.16E-05
429	16	0	0	0	0	0	0	232	254	0	-1.98E-05	5.86E-06	8.17E-06	-1.16E-05
429	17	0	0	0	0	0	0	232	254	0	-1.98E-05	5.86E-06	8.17E-06	-1.16E-05
429	18	0	0	0	0	0	0	232	254	0	-2.10E-05	4.53E-06	3.38E-06	-1.26E-05
429	19	0	0	0	0	0	0	232	254	0	-2.20E-05	4.53E-06	4.99E-06	-1.19E-05
430	0	0	0	0	0	0	0	232	254	0	-2.20E-05	4.53E-06	4.99E-06	-1.19E-05
430	1	0	0	0	0	0	0	232	254	0	-2.13E-05	4.52E-06	7.67E-07	-9.90E-06
430	2	0	0	0	0	0	0	232	254	0	-2.13E-05	4.52E-06	7.67E-07	-9.90E-06
430	3	0	0	0	0	0	0	232	254	0	-2.16E-05	3.86E-06	-5.60E-06	-9.27E-06
430	4	0	0	0	0	0	0	232	254	0	-2.16E-05	3.86E-06	-5.60E-06	-9.27E-06
430	5	0	0	0	0	0	0	232	254	0	-2.12E-05	3.87E-06	-1.06E-05	-1.22E-05
430	6	0	0	0	0	0	0	232	254	0	-2.12E-05	3.87E-06	-1.06E-05	-1.22E-05
430	7	0	0	0	0	0	0	232	254	0	-2.13E-05	4.54E-06	-1.39E-05	-1.19E-05
430	8	0	0	0	0	0	0	232	254	0	-2.03E-05	4.87E-06	-1.19E-05	-9.91E-06
430	9	0	0	0	0	0	0	232	254	0	-2.03E-05	4.87E-06	-1.19E-05	-9.91E-06
430	10	0	0	0	0	0	0	232	254	0	-2.06E-05	5.38E-06	-1.29E-05	-1.09E-05
430	11	0	0	0	0	0	0	232	254	0	-2.06E-05	5.38E-06	-1.29E-05	-1.09E-05
430	12	0	0	0	0	0	0	232	254	0	-2.00E-05	6.22E-06	-1.29E-05	-1.02E-05
430	13	0	0	0	0	0	0	232	254	0	-2.00E-05	6.22E-06	-1.29E-05	-1.02E-05
430	14	0	0	0	0	0	0	232	254	0	-1.96E-05	6.88E-06	-1.46E-05	-9.58E-06
430	15	0	0	0	0	0	0	232	254	0	-1.96E-05	6.88E-06	-1.46E-05	-9.58E-06
430	16	0	0	0	0	0	0	232	254	0	-1.90E-05	6.54E-06	-1.38E-05	-1.06E-05
430	17	0	0	0	0	0	0	232	254	0	-1.96E-05	5.69E-06	-4.15E-06	-1.02E-05
430	18	0	0	0	0	0	0	232	254	0	-1.96E-05	5.69E-06	-4.15E-06	-1.02E-05
430	19	0	0	0	0	0	0	232	254	0	-1.83E-05	3.88E-06	2.70E-07	-9.58E-06
431	0	0	0	0	0	0	0	232	254	0	-1.83E-05	3.88E-06	2.70E-07	-9.58E-06
431	1	0	0	0	0	0	0	232	254	0	-1.83E-05	5.21E-06	-5.57E-06	-1.06E-05
431	2	0	0	0	0	0	0	232	254	0	-1.83E-05	5.21E-06	-5.57E-06	-1.06E-05
431	3	0	0	0	0	0	0	232	254	0	-1.88E-05	5.88E-06	-7.91E-06	-1.31E-05
431	4	0	0	0	0	0	0	232	254	0	-1.88E-05	5.88E-06	-7.91E-06	-1.31E-05
431	5	0	0	0	0	0	0	232	254	0	-1.93E-05	6.04E-06	-9.93E-06	-1.44E-05
431	6	0	0	0	0	0	0	232	254	0	-2.00E-05	6.04E-06	-1.23E-05	-1.26E-05
431	7	0	0	0	0	0	0	232	254	0	-2.00E-05	6.04E-06	-1.23E-05	-1.26E-05
431	8	0	0	0	0	0	0	232	254	0	-2.06E-05	5.87E-06	-1.29E-05	-1.19E-05
431	9	0	0	0	0	0	0	232	254	0	-2.06E-05	5.87E-06	-1.29E-05	-1.19E-05
431	10	0	0	0	0	0	0	232	254	0	-2.05E-05	5.21E-06	-1.16E-05	-1.23E-05
431	11	0	0	0	0	0	0	232	254	0	-2.05E-05	5.21E-06	-1.16E-05	-1.23E-05
431	12	0	0	0	0	0	0	232	254	0	-1.98E-05	5.53E-06	-1.23E-05	-1.26E-05
431	13	0	0	0	0	0	0	232	254	0	-1.98E-05	5.53E-06	-1.23E-05	-1.26E-05
431	14	0	0	0	0	0	0	232	254	0	-2.13E-05	4.53E-06	-1.31E-05	-1.22E-05
431	15	0	0	0	0	0	0	232	254	0	-2.06E-05	4.52E-06	-1.36E-05	-1.09E-05
431	16	0	0	0	0	0	0	232	254	0	-2.06E-05	4.52E-06	-1.36E-05	-1.09E-05
431	17	0	0	0	0	0	0	232	254	0	-2.07E-05	3.86E-06	-1.53E-05	-1.23E-05
431	18	0	0	0	0	0	0	232	254	0	-2.07E-05	3.86E-06	-1.53E-05	-1.23E-05
431	19	0	0	0	0	0	0	232	254	0	-2.13E-05	3.53E-06	-1.54E-05	-1.23E-05
432	0	0	0	0	0	0	0	232	254	0	-2.13E-05	3.53E-06	-1.54E-05	-1.23E-05
432	1	0	0	0	0	0	0	232	254	0	-1.96E-05	3.86E-06	-1.44E-05	-1.23E-05
432	2	0	0	0	0	0	0	232	254	0	-1.96E-05	3.86E-06	-1.44E-05	-1.23E-05
432	3	0	0	0	0	0	0	232	254	0	-1.80E-05	4.19E-06	-1.49E-05	-1.33E-05
432	4	0	0	0	0	0	0	232	254	0	-1.71E-05	4.03E-06	-1.46E-05	-1.33E-05
432	5	0	0	0	0	0	0	232	254	0	-1.71E-05	4.03E-06	-1.46E-05	-1.33E-05
432	6	0	0	0	0	0	0	232	254	0	-1.63E-05	3.86E-06	-1.29E-05	-1.32E-05
432	7	0	0	0	0	0	0	232	254	0	-1.63E-05	3.86E-06	-1.29E-05	-1.32E-05
432	8	0	0	0	0	0	0	232	254	0	-1.56E-05	3.85E-06	-1.31E-05	-1.19E-05
432	9	0	0	0	0	0	0	232	254	0	-1.56E-05	3.85E-06	-1.31E-05	-1.19E-05
432	10	0	0	0	0	0	0	232	254	0	-1.66E-05	2.52E-06	-1.04E-05	-1.12E-05
432	11	0	0	0	0	0	0	232	254	0	-1.66E-05	2.52E-06	-1.04E-05	-1.12E-05
432	12	0	0	0	0	0	0	232	254	0	-1.90E-05	2.87E-06	-6.83E-06	-1.13E-05
432	13	0	0	0	0	0	0	232	254	0	-1.93E-05	4.37E-06	-2.49E-06	-1.18E-05
432	14	0	0	0	0	0	0	232	254	0	-1.93E-05	4.37E-06	-2.49E-06	-1.18E-05
432	15	0	0	0	0	0	0	232	254	0	-1.90E-05	4.54E-06	3.01E-07	-1.26E-05
432	16	0	0	0	0	0	0	232	254	0	-1.90E-05	4.54E-06	3.01E-07	-1.26E-05
432	17	0	0	0	0	0	0	232	254	0	-1.86E-05	4.88E-06	-2.75E-06	-1.21E-05
432	18	0	0	0	0	0	0	232	254	0	-1.86E-05	4.88E-06	-2.75E-06	-1.21E-05
432	19	0	0	0	0	0	0	232	254	0	-1.85E-05	5.54E-06	-8.42E-06	-1.23E-05
433	0	0	0	0	0	0	0	232	254	0	-1.85E-05	5.54E-06	-8.42E-06	-1.23E-05
433	1	0	0	0	0	0	0	232	254	0	-1.93E-05	5.71E-06	-1.06E-05	-1.36E-05
433	2	0	0	0	0	0	0	232	254	0	-2.20E-05	6.20E-06	-2.33E-05	-1.38E-05
433	3	0	0	0	0	0	0	232	254	0	-2.20E-05	6.20E-06	-2.33E-05	-1.38E-05
433	4	0	0	0	0	0	0	232	254	0	-2.37E-05	5.20E-06	-2.20E-05	-1.44E-05
433	5	0	0	0	0	0	0	232	254	0	-2.37E-05	5.20E-06	-2.20E-05	-1.44E-05
433	6	0	0	0	0	0	0	232	254	0	-2.43E-05	4.87E-06	-5.87E-06	-1.36E-05
433	7	0	0	0	0	0	0	232	254	0	-2.43E-05	4.87E-06	-5.87E-06	-1.36E-05
433	8	0	0	0	0	0	0	232	254	0	-2.43E-05	4.86E-06	8.75E-06	-1.27E-05
433	9	0	0	0	0	0	0	232	254	0	-2.43E-05	4.86E-06	8.75E-06	-1.27E-05
433	10	0	0	0	0	0	0	232	254	0	-2.43E-05	3.87E-06	1.04E-05	-1.12E-05
433	11	0	0	0	0	0	0	232	254	0	-2.33E-05	4.53E-06	-1.55E-06	-8.57E-06
433	12	0	0	0	0	0	0	232	254	0	-2.33E-05	4.53E-06	-1.55E-06	-8.57E-06
433	13	0	0	0	0	0	0	232	254	0	-2.30E-05	4.20E-06	-5.09E-06	-9.24E-06
433	14	0	0	0	0	0	0	232	254	0	-2.30E-05	4.20E-06	-5.09E-06	-9.24E-06
433	15	0	0	0	0	0	0	232	254	0	-2.48E-05	4.21E-06	-9.65E-06	-9.58E-06
433	16	0	0	0	0	0	0	232	254	0	-2.48E-05	4.21E-06	-9.65E-06	-9.58E-06
433	17	0	0	0	0	0	0	232	254	0	-2.43E-05	5.21E-06	-1.69E-05	-1.03E-05
433	18	0	0	0	0	0	0	232	254	0	-2.43E-05	5.21E-06	-1.69E-05	-1.03E-05
433	19	0	0	0	0	0	0	232	254	0	-2.23E-05	5.88E-06	-1.66E-05	-1.33E-05
434	0	0	0	0	0	0	0	232	254	0	-2.23E-05	6.38E-06	-1.71E-05	-1.83E-05
434	1	0	0	0	0	0	0	232	254	0	-2.23E-05	6.38E-06	-1.71E-05	-1.83E-05
434	2	0	0	0	0	0	0	232	254	0	-2.23E-05	6.20E-06	-2.93E-05	-1.99E-05
434	3	0	0	0	0	0	0	232	254	0	-2.23E-05	6.20E-06	-2.93E-05	-1.99E-05
434	4	0	0	0	0	0	0	232	254	0	-2.23E-05	5.54E-06	-3.43E-05	-1.69E-05
434	5	0	0	0	0	0	0	232	254	0	-2.23E-05	5.54E-06	-3.43E-05	-1.69E-05
434	6	0	0	0	0	0	0	232	254	0	-2.30E-05	5.21E-06	-2.40E-05	-1.49E-05
434	7	0	0	0	0	0	0	232	254	0	-2.30E-05	5.21E-06	-2.40E-05	-1.49E-05
434	8	0	0	0	0	0	0	232	254	0	-2.27E-05	5.86E-06	-2.45E-05	-1.31E-05
434	9	0	0	0	0	0	0	232	254	0	-2.42E-05	4.18E-06	-2.34E-05	-1.16E-05
434	10	0	0	0	0	0	0	232	254	0	-2.42E-05	4.18E-06	-2.34E-05	-1.16E-05
434	11	0	0	0	0	0	0	232	254	0	-2.49E-05	2.53E-06	-3.48E-07	-9.60E-06
434	12	0	0	0	0	0	0	232	254	0	-2.49E-05	2.53E-06	-3.48E-07	-9.60E-06
434	13	0	0	0	0	0	0	232	254	0	-2.64E-05	3.54E-06	1.30E-05	-1.23E-05
434	14	0	0	0	0	0	0	232	254	0	-2.64E-05	3.54E-06	1.30E-05	-1.23E-05
434	15	0	0	0	0	0	0	232	254	0	-2.65E-05	4.54E-06	4.80E-06	-1.42E-05
434	16	0	0	0	0	0	0	232	254	0	-2.65E-05	4.54E-06	4.80E-06	-1.42E-05
434	17	0	0	0	0	0	0	232	254	0	-2.70E-05	5.18E-06	-1.60E-05	-1.19E-05
434	18	0	0	0	0	0	0	232	254	0	-2.48E-05	3.53E-06	-3.21E-05	-1.06E-05
434	19	0	0	0	0	0	0	232	254	0	-2.48E-05	3.53E-06	-3.21E-05	-1.06E-05
435	0	0	0	0	0	0	0	232	254	0	-2.39E-05	3.86E-06	-1.95E-05	-1.03E-05
435	1	0	0	0	0	0	0	232	254	0	-2.39E-05	3.86E-06	-1.95E-05	-1.03E-05
435	2	0	0	0	0	0	0	232	254	0	-2.54E-05	3.88E-06	9.50E-06	-1.13E-05
435	3	0	0	0	0	0	0	232	254	0	-2.54E-05	3.88E-06	9.50E-06	-1.13E-05
435	4	0	0	0	0	0	0	232	254	0	-2.62E-05	5.87E-06	3.24E-05	-1.43E-05
435	5	0	0	0	0	0	0	232	254	0	-2.62E-05	5.87E-06	3.24E-05	-1.43E-05
435	6	0	0	0	0	0	0	232	254	0	-2.50E-05	5.86E-06	2.98E-05	-1.51E-05
435	7	0	0	0	0	0	0	232	254	0	-2.30E-05	4.86E-06	6.43E-06	-1.58E-05
435	8	0	0	0	0	0	0	232	254	0	-2.30E-05	4.86E-06	6.43E-06	-1.58E-05
435	9	0	0	0	0	0	0	232	254	0	-2.22E-05	3.85E-06	-3.52E-06	-1.56E-05
435	10	0	0	0	0	0	0	232	254	0	-2.22E-05	3.85E-06	-3.52E-06	-1.56E-05
435	11	0	0	0	0	0	0	232	254	0	-2.20E-05	3.02E-06	-2.80E-06	-1.49E-05
435	12	0	0	0	0	0	0	232	254	0	-2.20E-05	3.02E-06	-2.80E-06	-1.49E-05
435	13	0	0	0	0	0	0	232	254	0	-2.00E-05	3.02E-06	1.46E-06	-1.43E-05
435	14	0	0	0	0	0	0	232	254	0	-2.00E-05	3.02E-06	1.46E-06	-1.43E-05
435	15	0	0	0	0	0	0	232	254	0	-1.96E-05	3.02E-06	-3.07E-06	-1.36E-05
435	16	0	0	0	0	0	0	232	254	0	-1.96E-05	2.85E-06	-7.24E-06	-1.36E-05
435	17	0	0	0	0	0	0	232	254	0	-1.96E-05	2.85E-06	-7.24E-06	-1.36E-05
435	18	0	0	0	0	0	0	232	254	0	-2.03E-05	2.86E-06	-9.33E-06	-1.26E-05
435	19	0	0	0	0	0	0	232	254	0	-2.03E-05	2.86E-06	-9.33E-06	-1.26E-05
436	0	0	0	0	0	0	0	232	254	0	-2.16E-05	3.20E-06	-1.77E-05	-1.06E-05
436	1	0	0	0	0	0	0	232	254	0	-2.16E-05	3.20E-06	-1.77E-05	-1.06E-05
436	2	0	0	0	0	0	0	232	254	0	-2.05E-05	4.53E-06	-2.33E-05	-1.04E-05
436	3	0	0	0	0	0	0	232	254	0	-2.05E-05	4.53E-06	-2.33E-05	-1.04E-05
436	4	0	0	0	0	0	0	232	254	0	-2.05E-05	4.20E-06	-2.06E-05	-1.06E-05
436	5	0	0	0	0	0	0	232	254	0	-2.16E-05	4.55E-06	-1.26E-05	-1.09E-05
436	6	0	0	0	0	0	0	232	254	0	-2.16E-05	4.55E-06	-1.26E-05	-1.09E-05
436	7	0	0	0	0	0	0	232	254	0	-2.00E-05	6.21E-06	-9.75E-06	-1.36E-05
436	8	0	0	0	0	0	0	232	254	0	-2.00E-05	6.21E-06	-9.75E-06	-1.36E-05
436	9	0	0	0	0	0	0	232	254	0	-1.90E-05	5.88E-06	-1.12E-05	-1.38E-05
436	10	0	0	0	0	0	0	232	254	0	-1.90E-05	5.88E-06	-1.12E-05	-1.38E-05
436	11	0	0	0	0	0	0	232	254	0	-1.96E-05	6.21E-06	-4.53E-06	-1.36E-05
436	12	0	0	0	0	0	0	232	254	0	-1.96E-05	6.21E-06	-4.53E-06	-1.36E-05
436	13	0	0	0	0	0	0	232	254	0	-1.97E-05	5.86E-06	-4.42E-06	-1.17E-05
436	14	0	0	0	0	0	0	232	254	0	-2.10E-05	4.70E-06	-9.59E-06	-1.09E-05
436	15	0	0	0	0	0	0	232	254	0	-2.10E-05	4.70E-06	-9.59E-06	-1.09E-05
436	16	0	0	0	0	0	0	232	254	0	-2.03E-05	4.87E-06	-1.19E-05	-1.07E-05
436	17	0	0	0	0	0	0	232	254	0	-2.03E-05	4.87E-06	-1.19E-05	-1.07E-05
436	18	0	0	0	0	0	0	232	254	0	-2.03E-05	5.04E-06	-1.04E-05	-1.02E-05
436	19	0	0	0	0	0	0	232	254	0	-2.03E-05	5.04E-06	-1.04E-05	-1.02E-05
437	0	0	0	0	0	0	0	232	254	0	-2.10E-05	5.52E-06	-6.69E-06	-1.02E-05
437	1	0	0	0	0	0	0	232	254	0	-2.10E-05	5.52E-06	-6.69E-06	-1.02E-05
437	2	0	0	0	0	0	0	232	254	0	-2.13E-05	3.87E-06	-4.92E-06	-9.75E-06
437	3	0	0	0	0	0	0	232	254	0	-2.17E-05	4.38E-06	-9.12E-06	-1.06E-05
437	4	0	0	0	0	0	0	232	254	0	-2.17E-05	4.38E-06	-9.12E-06	-1.06E-05
437	5	0	0	0	0	0	0	232	254	0	-2.20E-05	5.53E-06	-1.35E-05	-1.19E-05
437	6	0	0	0	0	0	0	232	254	0	-2.20E-05	5.53E-06	-1.35E-05	-1.19E-05
437	7	0	0	0	0	0	0	232	254	0	-2.27E-05	4.37E-06	-6.01E-06	-1.22E-05
437	8	0	0	0	0	0	0	232	254	0	-2.27E-05	4.37E-06	-6.01E-06	-1.22E-05
437	9	0	0	0	0	0	0	232	254	0	-2.27E-05	5.19E-06	-3.26E-06	-1.11E-05
437	10	0	0	0	0	0	0	232	254	0	-2.27E-05	5.19E-06	-3.26E-06	-1.11E-05
437	11	0	0	0	0	0	0	232	254	0	-2.33E-05	3.85E-06	-9.09E-06	-1.28E-05
437	12	0	0	0	0	0	0	232	254	0	-2.37E-05	3.21E-06	-1.11E-05	-1.29E-05
437	13	0	0	0	0	0	0	232	254	0	-2.37E-05	3.21E-06	-1.11E-05	-1.29E-05
437	14	0	0	0	0	0	0	232	254	0	-2.30E-05	5.20E-06	-1.13E-05	-1.23E-05
437	15	0	0	0	0	0	0	232	254	0	-2.30E-05	5.20E-06	-1.13E-05	-1.23E-05
437	16	0	0	0	0	0	0	232	254	0	-2.23E-05	5.03E-06	-1.49E-05	-1.26E-05
437	17	0	0	0	0	0	0	232	254	0	-2.23E-05	5.03E-06	-1.49E-05	-1.26E-05
437	18	0	0	0	0	0	0	232	254	0	-2.20E-05	4.18E-06	-1.49E-05	-1.51E-05
437	19	0	0	0	0	0	0	232	254	0	-2.20E-05	4.18E-06	-1.49E-05	-1.51E-05
438	0	0	0	0	0	0	0	232	254	0	-2.30E-05	3.19E-06	-1.02E-05	-1.56E-05
438	1	0	0	0	0	0	0	232	254	0	-2.31E-05	3.54E-06	-7.58E-06	-1.49E-05
438	2	0	0	0	0	0	0	232	254	0	-2.31E-05	3.54E-06	-7.58E-06	-1.49E-05
438	3	0	0	0	0	0	0	232	254	0	-2.13E-05	4.54E-06	-9.55E-06	-1.29E-05
438	4	0	0	0	0	0	0	232	254	0	-2.13E-05	4.54E-06	-9.55E-06	-1.29E-05
438	5	0	0	0	0	0	0	232	254	0	-2.13E-05	5.54E-06	-8.42E-06	-1.09E-05
438	6	0	0	0	0	0	0	232	254	0	-2.13E-05	5.54E-06	-8.42E-06	-1.09E-05
438	7	0	0	0	0	0	0	232	254	0	-2.06E-05	5.21E-06	-1.06E-05	-1.09E-05
438	8	0	0	0	0	0	0	232	254	0	-2.06E-05	5.21E-06	-1.06E-05	-1.09E-05
438	9	0	0	0	0	0	0	232	254	0	-1.96E-05	5.72E-06	-1.08E-05	-1.09E-05
438	10	0	0	0	0	0	0	232	254	0	-1.90E-05	6.55E-06	-4.16E-06	-9.59E-06
438	11	0	0	0	0	0	0	232	254	0	-1.90E-05	6.55E-06	-4.16E-06	-9.59E-06
438	12	0	0	0	0	0	0	232	254	0	-1.93E-05	6.54E-06	-9.06E-07	-1.14E-05
438	13	0	0	0	0	0	0	232	254	0	-1.93E-05	6.54E-06	-9.06E-07	-1.14E-05
438	14	0	0	0	0	0	0	232	254	0	-2.22E-05	6.19E-06	-6.68E-06	-1.36E-05
438	15	0	0	0	0	0	0	232	254	0	-2.22E-05	6.19E-06	-6.68E-06	-1.36E-05
438	16	0	0	0	0	0	0	232	254	0	-2.30E-05	4.88E-06	-1.78E-05	-1.29E-05
438	17	0	0	0	0	0	0	232	254	0	-2.30E-05	4.88E-06	-1.78E-05	-1.29E-05
438	18	0	0	0	0	0	0	232	254	0	-2.30E-05	6.22E-06	-2.23E-05	-1.29E-05
438	19	0	0	0	0	0	0	232	254	0	-2.17E-05	7.37E-06	-1.79E-05	-1.12E-05
439	0	0	0	0	0	0	0	232	254	0	-2.17E-05	7.37E-06	-1.79E-05	-1.12E-05
439	1	0	0	0	0	0	0	232	254	0	-2.27E-05	6.19E-06	-1.49E-05	-1.03E-05
439	2	0	0	0	0	0	0	232	254	0	-2.27E-05	6.19E-06	-1.49E-05	-1.03E-05
439	3	0	0	0	0	0	0	232	254	0	-2.27E-05	4.52E-06	-1.44E-05	-1.16E-05
439	4	0	0	0	0	0	0	232	254	0	-2.27E-05	4.52E-06	-1.44E-05	-1.16E-05
439	5	0	0	0	0	0	0	232	254	0	-2.20E-05	3.86E-06	-1.33E-05	-1.33E-05
439	6	0	0	0	0	0	0	232	254	0	-2.20E-05	3.86E-06	-1.33E-05	-1.33E-05
439	7	0	0	0	0	0	0	232	254	0	-2.25E-05	3.86E-06	-1.26E-05	-1.44E-05
439	8	0	0	0	0	0	0	232	254	0	-2.18E-05	4.19E-06	-1.26E-05	-1.39E-05
439	9	0	0	0	0	0	0	232	254	0	-2.18E-05	4.19E-06	-1.26E-05	-1.39E-05
439	10	0	0	0	0	0	0	232	254	0	-2.10E-05	3.88E-06	-1.13E-05	-1.29E-05
439	11	0	0	0	0	0	0	232	254	0	-2.10E-05	3.88E-06	-1.13E-05	-1.29E-05
439	12	0	0	0	0	0	0	232	254	0	-2.03E-05	5.21E-06	-1.24E-05	-1.24E-05
439	13	0	0	0	0	0	0	232	254	0	-2.03E-05	5.21E-06	-1.24E-05	-1.24E-05
439	14	0	0	0	0	0	0	232	254	0	-1.80E-05	5.86E-06	-1.28E-05	-1.18E-05
439	15	0	0	0	0	0	0	232	254	0	-1.80E-05	5.86E-06	-1.28E-05	-1.18E-05
439	16	0	0	0	0	0	0	232	254	0	-1.83E-05	5.04E-06	-1.26E-05	-1.36E-05
439	17	0	0	0	0	0	0	232	254	0	-2.07E-05	5.54E-06	-1.02E-05	-1.58E-05
439	18	0	0	0	0	0	0	232	254	0	-2.07E-05	5.54E-06	-1.02E-05	-1.58E-05
439	19	0	0	0	0	0	0	232	254	0	-2.30E-05	5.53E-06	-8.24E-06	-1.54E-05
440	0	0	0	0	0	0	0	232	254	0	-2.30E-05	5.53E-06	-8.24E-06	-1.54E-05
440	1	0	0	0	0	0	0	232	254	0	-2.45E-05	4.54E-06	-9.58E-06	-1.41E-05
440	2	0	0	0	0	0	0	232	254	0	-2.45E-05	4.54E-06	-9.58E-06	-1.41E-05
440	3	0	0	0	0	0	0	232	254	0	-2.30E-05	4.86E-06	-1.02E-05	-1.46E-05
440	4	0	0	0	0	0	0	232	254	0	-2.30E-05	4.86E-06	-1.02E-05	-1.46E-05
440	5	0	0	0	0	0	0	232	254	0	-2.26E-05	4.36E-06	-6.33E-06	-1.49E-05
440	6	0	0	0	0	0	0	232	254	0	-2.06E-05	3.86E-06	-2.37E-06	-1.36E-05
440	7	0	0	0	0	0	0	232	254	0	-2.06E-05	3.86E-06	-2.37E-06	-1.36E-05
440	8	0	0	0	0	0	0	232	254	0	-2.07E-05	3.87E-06	-4.24E-06	-1.36E-05
440	9	0	0	0	0	0	0	232	254	0	-2.07E-05	3.87E-06	-4.24E-06	-1.36E-05
440	10	0	0	0	0	0	0	232	254	0	-2.16E-05	4.53E-06	-7.55E-06	-1.43E-05
440	11	0	0	0	0	0	0	232	254	0	-2.16E-05	4.53E-06	-7.55E-06	-1.43E-05
440	12	0	0	0	0	0	0	232	254	0	-2.10E-05	4.20E-06	-7.01E-06	-1.39E-05
440	13	0	0	0	0	0	0	232	254	0	-2.10E-05	4.20E-06	-7.01E-06	-1.39E-05
440	14	0	0	0	0	0	0	232	254	0	-2.08E-05	4.54E-06	-3.82E-06	-1.36E-05
440	15	0	0	0	0	0	0	232	254	0	-2.03E-05	4.84E-06	-7.94E-07	-1.41E-05
440	16	0	0	0	0	0	0	232	254	0	-2.03E-05	4.84E-06	-7.94E-07	-1.41E-05
440	17	0	0	0	0	0	0	232	254	0	-2.10E-05	2.52E-06	3.02E-06	-1.24E-05
440	18	0	0	0	0	0	0	232	254	0	-2.10E-05	2.52E-06	3.02E-06	-1.24E-05
440	19	0	0	0	0	0	0	232	254	0	-2.25E-05	2.87E-06	2.46E-06	-1.19E-05
441	0	0	0	0	0	0	0	232	254	0	-2.25E-05	2.87E-06	2.46E-06	-1.19E-05
441	1	0	0	0	0	0	0	232	254	0	-2.22E-05	4.18E-06	-2.25E-06	-1.36E-05
441	2	0	0	0	0	0	0	232	254	0	-2.22E-05	4.18E-06	-2.25E-06	-1.36E-05
441	3	0	0	0	0	0	0	232	254	0	-2.26E-05	3.19E-06	-7.57E-06	-1.44E-05
441	4	0	0	0	0	0	0	232	254	0	-2.13E-05	3.36E-06	-8.67E-06	-1.38E-05
441	5	0	0	0	0	0	0	232	254	0	-2.13E-05	3.36E-06	-8.67E-06	-1.38E-05
441	6	0	0	0	0	0	0	232	254	0	-2.16E-05	3.87E-06	-4.20E-06	-1.32E-05
441	7	0	0	0	0	0	0	232	254	0	-2.16E-05	3.87E-06	-4.20E-06	-1.32E-05
441	8	0	0	0	0	0	0	232	254	0	-2.11E-05	4.52E-06	-4.29E-06	-1.18E-05
441	9	0	0	0	0	0	0	232	254	0	-2.11E-05	4.52E-06	-4.29E-06	-1.18E-05
441	10	0	0	0	0	0	0	232	254	0	-2.03E-05	3.86E-06	-1.19E-05	-1.29E-05
441	11	0	0	0	0	0	0	232	254	0	-2.03E-05	3.86E-06	-1.19E-05	-1.29E-05
441	12	0	0	0	0	0	0	232	254	0	-1.86E-05	4.21E-06	-1.17E-05	-1.39E-05
441	13	0	0	0	0	0	0	232	254	0	-1.95E-05	5.21E-06	-7.14E-06	-1.36E-05
441	14	0	0	0	0	0	0	232	254	0	-1.95E-05	5.21E-06	-7.14E-06	-1.36E-05
441	15	0	0	0	0	0	0	232	254	0	-2.21E-05	5.87E-06	-1.51E-05	-1.26E-05
441	16	0	0	0	0	0	0	232	254	0	-2.21E-05	5.87E-06	-1.51E-05	-1.26E-05
441	17	0	0	0	0	0	0	232	254	0	-2.13E-05	5.54E-06	-3.14E-05	-1.09E-05
441	18	0	0	0	0	0	0	232	254	0	-2.13E-05	5.54E-06	-3.14E-05	-1.09E-05
441	19	0	0	0	0	0	0	232	254	0	-2.17E-05	5.70E-06	-3.57E-05	-1.11E-05
442	0	0	0	0	0	0	0	232	254	0	-2.17E-05	5.70E-06	-3.57E-05	-1.11E-05
442	1	0	0	0	0	0	0	232	254	0	-2.30E-05	5.53E-06	-2.90E-05	-1.07E-05
442	2	0	0	0	0	0	0	232	254	0	-2.30E-05	4.53E-06	-2.25E-05	-1.12E-05
442	3	0	0	0	0	0	0	232	254	0	-2.30E-05	4.53E-06	-2.25E-05	-1.12E-05
442	4	0	0	0	0	0	0	232	254	0	-2.05E-05	4.56E-06	-1.23E-05	-1.16E-05
442	5	0	0	0	0	0	0	232	254	0	-2.05E-05	4.56E-06	-1.23E-05	-1.16E-05
442	6	0	0	0	0	0	0	232	254	0	-2.00E-05	6.55E-06	-7.99E-07	-1.11E-05
442	7	0	0	0	0	0	0	232	254	0	-2.00E-05	6.55E-06	-7.99E-07	-1.11E-05
442	8	0	0	0	0	0	0	232	254	0	-2.03E-05	6.87E-06	2.56E-06	-1.26E-05
442	9	0	0	0	0	0	0	232	254	0	-2.03E-05	6.87E-06	2.56E-06	-1.26E-05
442	10	0	0	0	0	0	0	232	254	0	-2.13E-05	5.86E-06	5.92E-06	-1.36E-05
442	11	0	0	0	0	0	0	232	254	0	-2.20E-05	4.88E-06	9.68E-06	-1.43E-05
442	12	0	0	0	0	0	0	232	254	0	-2.20E-05	4.88E-06	9.68E-06	-1.43E-05
442	13	0	0	0	0	0	0	232	254	0	-2.13E-05	6.21E-06	4.91E-06	-1.51E-05
442	14	0	0	0	0	0	0	232	254	0	-2.13E-05	6.21E-06	4.91E-06	-1.51E-05
442	15	0	0	0	0	0	0	232	254	0	-2.00E-05	6.22E-06	-5.48E-06	-1.39E-05
442	16	0	0	0	0	0	0	232	254	0	-2.00E-05	6.22E-06	-5.48E-06	-1.39E-05
442	17	0	0	0	0	0	0	232	254	0	-2.05E-05	6.85E-06	-8.31E-07	-1.38E-05
442	18	0	0	0	0	0	0	232	254	0	-2.05E-05	6.85E-06	-8.31E-07	-1.38E-05
442	19	0	0	0	0	0	0	232	254	0	-1.86E-05	4.52E-06	-2.15E-07	-1.33E-05
443	0	0	0	0	0	0	0	232	254	0	-1.71E-05	3.53E-06	-4.21E-06	-1.33E-05
443	1	0	0	0	0	0	0	232	254	0	-1.71E-05	3.53E-06	-4.21E-06	-1.33E-05
443	2	0	0	0	0	0	0	232	254	0	-1.76E-05	4.21E-06	-5.25E-06	-1.39E-05
443	3	0	0	0	0	0	0	232	254	0	-1.76E-05	4.21E-06	-5.25E-06	-1.39E-05
443	4	0	0	0	0	0	0	232	254	0	-1.69E-05	5.20E-06	-9.10E-06	-1.44E-05
443	5	0	0	0	0	0	0	232	254	0	-1.69E-05	5.20E-06	-9.10E-06	-1.44E-05
443	6	0	0	0	0	0	0	232	254	0	-1.59E-05	5.20E-06	-1.19E-05	-1.36E-05
443	7	0	0	0	0	0	0	232	254	0	-1.59E-05	5.20E-06	-1.19E-05	-1.36E-05
443	8	0	0	0	0	0	0	232	254	0	-1.63E-05	5.05E-06	-1.26E-05	-1.17E-05
443	9	0	0	0	0	0	0	232	254	0	-1.73E-05	6.39E-06	-1.19E-05	-1.06E-05
443	10	0	0	0	0	0	0	232	254	0	-1.73E-05	6.39E-06	-1.19E-05	-1.06E-05
443	11	0	0	0	0	0	0	232	254	0	-1.73E-05	7.54E-06	-1.13E-05	-9.06E-06
443	12	0	0	0	0	0	0	232	254	0	-1.73E-05	7.54E-06	-1.13E-05	-9.06E-06
443	13	0	0	0	0	0	0	232	254	0	-1.66E-05	6.20E-06	-1.31E-05	-9.06E-06
443	14	0	0	0	0	0	0	232	254	0	-1.66E-05	6.20E-06	-1.31E-05	-9.06E-06
443	15	0	0	0	0	0	0	232	254	0	-1.83E-05	5.55E-06	-1.05E-05	-8.71E-06
443	16	0	0	0	0	0	0	232	254	0	-1.83E-05	5.55E-06	-1.05E-05	-8.71E-06
443	17	0	0	0	0	0	0	232	254	0	-1.95E-05	6.21E-06	-6.34E-06	-7.56E-06
443	18	0	0	0	0	0	0	232	254	0	-2.02E-05	6.21E-06	-3.38E-06	-7.73E-06
443	19	0	0	0	0	0	0	232	254	0	-2.02E-05	6.21E-06	-3.38E-06	-7.73E-06
444	0	0	0	0	0	0	0	232	254	0	-2.10E-05	6.19E-06	-5.58E-06	-8.41E-06
444	1	0	0	0	0	0	0	232	254	0	-2.10E-05	6.19E-06	-5.58E-06	-8.41E-06
444	2	0	0	0	0	0	0	232	254	0	-1.97E-05	4.39E-06	-8.58E-06	-9.92E-06
444	3	0	0	0	0	0	0	232	254	0	-1.97E-05	4.39E-06	-8.58E-06	-9.92E-06
444	4	0	0	0	0	0	0	232	254	0	-2.10E-05	6.38E-06	-1.06E-05	-1.12E-05
444	5	0	0	0	0	0	0	232	254	0	-2.10E-05	6.38E-06	-1.06E-05	-1.12E-05
444	6	0	0	0	0	0	0	232	254	0	-2.33E-05	6.69E-06	-1.12E-05	-1.04E-05
444	7	0	0	0	0	0	0	232	254	0	-2.33E-05	4.54E-06	-1.02E-05	-9.24E-06
444	8	0	0	0	0	0	0	232	254	0	-2.33E-05	4.54E-06	-1.02E-05	-9.24E-06
444	9	0	0	0	0	0	0	232	254	0	-2.13E-05	5.55E-06	-8.59E-06	-9.93E-06
444	10	0	0	0	0	0	0	232	254	0	-2.13E-05	5.55E-06	-8.59E-06	-9.93E-06
444	11	0	0	0	0	0	0	232	254	0	-2.23E-05	6.54E-06	-1.09E-05	-1.19E-05
444	12	0	0	0	0	0	0	232	254	0	-2.23E-05	6.54E-06	-1.09E-05	-1.19E-05
444	13	0	0	0	0	0	0	232	254	0	-2.26E-05	5.85E-06	-1.22E-05	-1.29E-05
444	14	0	0	0	0	0	0	232	254	0	-2.26E-05	5.85E-06	-1.22E-05	-1.29E-05
444	15	0	0	0	0	0	0	232	254	0	-2.03E-05	3.86E-06	-1.09E-05	-1.29E-05
444	16	0	0	0	0	0	0	232	254	0	-2.23E-05	4.20E-06	-1.17E-05	-1.38E-05
444	17	0	0	0	0	0	0	232	254	0	-2.23E-05	4.20E-06	-1.17E-05	-1.38E-05
444	18	0	0	0	0	0	0	232	254	0	-2.43E-05	4.18E-06	-1.16E-05	-1.43E-05
444	19	0	0	0	0	0	0	232	254	0	-2.43E-05	4.18E-06	-1.16E-05	-1.43E-05
445	0	0	0	0	0	0	0	232	254	0	-2.40E-05	3.22E-06	-1.06E-05	-1.39E-05
445	1	0	0	0	0	0	0	232	254	0	-2.40E-05	3.22E-06	-1.06E-05	-1.39E-05
445	2	0	0	0	0	0	0	232	254	0	-2.53E-05	6.04E-06	-1.11E-05	-1.36E-05
445	3	0	0	0	0	0	0	232	254	0	-2.53E-05	6.04E-06	-1.11E-05	-1.36E-05
445	4	0	0	0	0	0	0	232	254	0	-2.50E-05	5.53E-06	-1.25E-05	-1.36E-05
445	5	0	0	0	0	0	0	232	254	0	-2.38E-05	4.86E-06	-1.68E-05	-1.29E-05
445	6	0	0	0	0	0	0	232	254	0	-2.38E-05	4.86E-06	-1.68E-05	-1.29E-05
445	7	0	0	0	0	0	0	232	254	0	-2.31E-05	4.53E-06	-2.12E-05	-1.31E-05
445	8	0	0	0	0	0	0	232	254	0	-2.31E-05	4.53E-06	-2.12E-05	-1.31E-05
445	9	0	0	0	0	0	0	232	254	0	-2.15E-05	4.37E-06	-2.29E-05	-1.23E-05
445	10	0	0	0	0	0	0	232	254	0	-2.15E-05	4.37E-06	-2.29E-05	-1.23E-05
445	11	0	0	0	0	0	0	232	254	0	-1.96E-05	5.19E-06	-1.75E-05	-1.29E-05
445	12	0	0	0	0	0	0	232	254	0	-1.96E-05	5.19E-06	-1.75E-05	-1.29E-05
445	13	0	0	0	0	0	0	232	254	0	-1.93E-05	4.19E-06	-7.61E-06	-1.39E-05
445	14	0	0	0	0	0	0	232	254	0	-2.00E-05	3.86E-06	1.54E-06	-1.36E-05
445	15	0	0	0	0	0	0	232	254	0	-2.00E-05	3.86E-06	1.54E-06	-1.36E-05
445	16	0	0	0	0	0	0	232	254	0	-2.03E-05	3.85E-06	4.26E-06	-1.26E-05
445	17	0	0	0	0	0	0	232	254	0	-2.03E-05	3.85E-06	4.26E-06	-1.26E-05
445	18	0	0	0	0	0	0	232	254	0	-2.17E-05	3.01E-06	-4.62E-06	-1.24E-05
445	19	0	0	0	0	0	0	232	254	0	-2.17E-05	3.01E-06	-4.62E-06	-1.24E-05
446	0	0	0	0	0	0	0	232	254	0	-2.20E-05	2.20E-06	-1.19E-05	-1.26E-05
446	1	0	0	0	0	0	0	232	254	0	-2.20E-05	2.20E-06	-1.19E-05	-1.26E-05
446	2	0	0	0	0	0	0	232	254	0	-2.10E-05	4.02E-06	-1.29E-05	-1.23E-05
446	3	0	0	0	0	0	0	232	254	0	-2.22E-05	3.19E-06	-1.02E-05	-1.23E-05
446	4	0	0	0	0	0	0	232	254	0	-2.22E-05	3.19E-06	-1.02E-05	-1.23E-05
446	5	0	0	0	0	0	0	232	254	0	-2.33E-05	2.87E-06	-1.09E-05	-1.26E-05
446	6	0	0	0	0	0	0	232	254	0	-2.33E-05	2.87E-06	-1.09E-05	-1.26E-05
446	7	0	0	0	0	0	0	232	254	0	-2.44E-05	4.55E-06	-9.21E-06	-1.29E-05
446	8	0	0	0	0	0	0	232	254	0	-2.44E-05	4.55E-06	-9.21E-06	-1.29E-05
446	9	0	0	0	0	0	0	232	254	0	-2.64E-05	5.89E-06	-7.54E-06	-1.31E-05
446	10	0	0	0	0	0	0	232	254	0	-2.64E-05	5.89E-06	-7.54E-06	-1.31E-05
446	11	0	0	0	0	0	0	232	254	0	-2.67E-05	7.57E-06	-6.21E-06	-1.26E-05
446	12	0	0	0	0	0	0	232	254	0	-2.57E-05	8.88E-06	-6.55E-06	-1.16E-05
446	13	0	0	0	0	0	0	232	254	0	-2.57E-05	8.88E-06	-6.55E-06	-1.16E-05
446	14	0	0	0	0	0	0	232	254	0	-2.35E-05	7.21E-06	-6.87E-06	-1.07E-05
446	15	0	0	0	0	0	0	232	254	0	-2.35E-05	7.21E-06	-6.87E-06	-1.07E-05
446	16	0	0	0	0	0	0	232	254	0	-2.23E-05	6.20E-06	-6.20E-06	-1.01E-05
446	17	0	0	0	0	0	0	232	254	0	-2.23E-05	6.20E-06	-6.20E-06	-1.01E-05
446	18	0	0	0	0	0	0	232	254	0	-2.25E-05	5.51E-06	-5.54E-06	-1.06E-05
446	19	0	0	0	0	0	0	232	254	0	-2.25E-05	5.51E-06	-5.54E-06	-1.06E-05
447	0	0	0	0	0	0	0	232	254	0	-2.44E-05	3.21E-06	-5.57E-06	-1.12E-05
447	1	0	0	0	0	0	0	232	254	0	-2.53E-05	4.52E-06	-8.24E-06	-1.16E-05
447	2	0	0	0	0	0	0	232	254	0	-2.53E-05	4.52E-06	-8.24E-06	-1.16E-05
447	3	0	0	0	0	0	0	232	254	0	-2.53E-05	3.86E-06	-9.23E-06	-1.29E-05
447	4	0	0	0	0	0	0	232	254	0	-2.53E-05	3.86E-06	-9.23E-06	-1.29E-05
447	5	0	0	0	0	0	0	232	254	0	-2.37E-05	3.87E-06	-8.91E-06	-1.24E-05
447	6	0	0	0	0	0	0	232	254	0	-2.37E-05	3.87E-06	-8.91E-06	-1.24E-05
447	7	0	0	0	0	0	0	232	254	0	-2.53E-05	4.54E-06	-9.89E-06	-1.36E-05
447	8	0	0	0	0	0	0	232	254	0	-2.53E-05	4.54E-06	-9.89E-06	-1.36E-05
447	9	0	0	0	0	0	0	232	254	0	-2.43E-05	5.37E-06	-8.53E-06	-1.36E-05
447	10	0	0	0	0	0	0	232	254	0	-2.25E-05	5.20E-06	-5.89E-06	-1.33E-05
447	11	0	0	0	0	0	0	232	254	0	-2.25E-05	5.20E-06	-5.89E-06	-1.33E-05
447	12	0	0	0	0	0	0	232	254	0	-2.16E-05	5.20E-06	-7.27E-06	-1.43E-05
447	13	0	0	0	0	0	0	232	254	0	-2.16E-05	5.20E-06	-7.27E-06	-1.43E-05
447	14	0	0	0	0	0	0	232	254	0	-1.83E-05	4.53E-06	-1.19E-05	-1.49E-05
447	15	0	0	0	0	0	0	232	254	0	-1.83E-05	4.53E-06	-1.19E-05	-1.49E-05
447	16	0	0	0	0	0	0	232	254	0	-1.63E-05	4.54E-06	-1.11E-05	-1.37E-05
447	17	0	0	0	0	0	0	232	254	0	-1.63E-05	4.54E-06	-1.11E-05	-1.37E-05
447	18	0	0	0	0	0	0	232	254	0	-1.60E-05	5.18E-06	-1.11E-05	-1.19E-05
447	19	0	0	0	0	0	0	232	254	0	-1.88E-05	3.19E-06	-1.32E-05	-1.19E-05
448	0	0	0	0	0	0	0	232	254	0	-1.88E-05	3.19E-06	-1.32E-05	-1.19E-05
448	1	0	0	0	0	0	0	232	254	0	-2.17E-05	3.04E-06	-9.19E-06	-1.11E-05
448	2	0	0	0	0	0	0	232	254	0	-2.17E-05	3.04E-06	-9.19E-06	-1.11E-05
448	3	0	0	0	0	0	0	232	254	0	-2.26E-05	4.52E-06	-5.70E-06	-1.16E-05
448	4	0	0	0	0	0	0	232	254	0	-2.26E-05	4.52E-06	-5.70E-06	-1.16E-05
448	5	0	0	0	0	0	0	232	254	0	-2.10E-05	3.86E-06	-5.50E-06	-1.29E-05
448	6	0	0	0	0	0	0	232	254	0	-2.10E-05	3.86E-06	-5.50E-06	-1.29E-05
448	7	0	0	0	0	0	0	232	254	0	-2.37E-05	3.87E-06	-2.19E-06	-1.23E-05
448	8	0	0	0	0	0	0	232	254	0	-2.64E-05	4.52E-06	-2.89E-06	-1.24E-05
448	9	0	0	0	0	0	0	232	254	0	-2.64E-05	4.52E-06	-2.89E-06	-1.24E-05
448	10	0	0	0	0	0	0	232	254	0	-2.67E-05	3.18E-06	-5.91E-06	-1.31E-05
448	11	0	0	0	0	0	0	232	254	0	-2.67E-05	3.18E-06	-5.91E-06	-1.31E-05
448	12	0	0	0	0	0	0	232	254	0	-2.57E-05	2.53E-06	-8.59E-06	-1.28E-05
448	13	0	0	0	0	0	0	232	254	0	-2.57E-05	2.53E-06	-8.59E-06	-1.28E-05
448	14	0	0	0	0	0	0	232	254	0	-2.43E-05	3.89E-06	-1.09E-05	-1.36E-05
448	15	0	0	0	0	0	0	232	254	0	-2.43E-05	3.89E-06	-1.09E-05	-1.36E-05
448	16	0	0	0	0	0	0	232	254	0	-2.16E-05	5.88E-06	-9.55E-06	-1.29E-05
448	17	0	0	0	0	0	0	232	254	0	-1.72E-05	6.03E-06	-8.25E-06	-1.17E-05
448	18	0	0	0	0	0	0	232	254	0	-1.72E-05	6.03E-06	-8.25E-06	-1.17E-05
448	19	0	0	0	0	0	0	232	254	0	-1.41E-05	5.04E-06	-1.03E-05	-1.04E-05
449	0	0	0	0	0	0	0	232	254	0	-1.41E-05	5.04E-06	-1.03E-05	-1.04E-05
449	1	0	0	0	0	0	0	232	254	0	-1.16E-05	5.54E-06	-1.52E-05	-1.09E-05
449	2	0	0	0	0	0	0	232	254	0	-1.16E-05	5.54E-06	-1.52E-05	-1.09E-05
449	3	0	0	0	0	0	0	232	254	0	-9.58E-06	5.87E-06	-1.94E-05	-9.58E-06
449	4	0	0	0	0	0	0	232	254	0	-9.58E-06	5.87E-06	-1.94E-05	-9.58E-06
449	5	0	0	0	0	0	0	232	254	0	-1.04E-05	5.71E-06	-1.69E-05	-1.03E-05
449	6	0	0	0	0	0	0	232	254	0	-1.22E-05	5.68E-06	-1.32E-05	-1.14E-05
449	7	0	0	0	0	0	0	232	254	0	-1.22E-05	5.68E-06	-1.32E-05	-1.14E-05
449	8	0	0	0	0	0	0	232	254	0	-9.89E-06	3.85E-06	-1.16E-05	-1.21E-05
449	9	0	0	0	0	0	0	232	254	0	-9.89E-06	3.85E-06	-1.16E-05	-1.21E-05
449	10	0	0	0	0	0	0	232	254	0	-9.27E-06	3.20E-06	-1.16E-05	-1.22E-05
449	11	0	0	0	0	0	0	232	254	0	-9.27E-06	3.20E-06	-1.16E-05	-1.22E-05
449	12	0	0	0	0	0	0	232	254	0	-1.23E-05	3.87E-06	-9.87E-06	-1.17E-05
449	13	0	0	0	0	0	0	232	254	0	-1.23E-05	3.87E-06	-9.87E-06	-1.17E-05
449	14	0	0	0	0	0	0	232	254	0	-1.70E-05	4.71E-06	-7.55E-06	-1.16E-05
449	15	0	0	0	0	0	0	232	254	0	-2.03E-05	5.22E-06	-7.23E-06	-1.11E-05
449	16	0	0	0	0	0	0	232	254	0	-2.03E-05	5.22E-06	-7.23E-06	-1.11E-05
449	17	0	0	0	0	0	0	232	254	0	-2.03E-05	6.57E-06	-8.22E-06	-1.39E-05
449	18	0	0	0	0	0	0	232	254	0	-2.03E-05	6.57E-06	-8.22E-06	-1.39E-05
449	19	0	0	0	0	0	0	232	254	0	-1.83E-05	8.38E-06	-8.23E-06	-1.38E-05
450	0	0	0	0	0	0	0	232	254	0	-1.83E-05	8.38E-06	-8.23E-06	-1.38E-05
450	1	0	0	0	0	0	0	232	254	0	-1.80E-05	7.39E-06	-8.88E-06	-1.33E-05
450	2	0	0	0	0	0	0	232	254	0	-1.80E-05	7.39E-06	-8.88E-06	-1.33E-05
450	3	0	0	0	0	0	0	232	254	0	-1.88E-05	7.68E-06	-7.72E-06	-1.34E-05
450	4	0	0	0	0	0	0	232	254	0	-1.91E-05	4.34E-06	-7.89E-06	-1.26E-05
450	5	0	0	0	0	0	0	232	254	0	-1.91E-05	4.34E-06	-7.89E-06	-1.26E-05
450	6	0	0	0	0	0	0	232	254	0	-2.03E-05	2.54E-06	-7.70E-06	-1.19E-05
450	7	0	0	0	0	0	0	232	254	0	-2.03E-05	2.54E-06	-7.70E-06	-1.19E-05
450	8	0	0	0	0	0	0	232	254	0	-2.13E-05	4.75E-06	-6.03E-06	-1.16E-05
450	9	0	0	0	0	0	0	232	254	0	-2.13E-05	4.75E-06	-6.03E-06	-1.16E-05
450	10	0	0	0	0	0	0	232	254	0	-1.96E-05	8.73E-06	-4.71E-06	-1.11E-05
450	11	0	0	0	0	0	0	232	254	0	-1.96E-05	8.73E-06	-4.71E-06	-1.11E-05
450	12	0	0	0	0	0	0	232	254	0	-1.97E-05	9.20E-06	-5.59E-06	-1.17E-05
450	13	0	0	0	0	0	0	232	254	0	-2.23E-05	6.88E-06	-1.02E-05	-1.12E-05
450	14	0	0	0	0	0	0	232	254	0	-2.23E-05	6.88E-06	-1.02E-05	-1.12E-05
450	15	0	0	0	0	0	0	232	254	0	-2.10E-05	6.86E-06	-1.76E-05	-1.04E-05
450	16	0	0	0	0	0	0	232	254	0	-2.10E-05	6.86E-06	-1.76E-05	-1.04E-05
450	17	0	0	0	0	0	0	232	254	0	-2.23E-05	4.85E-06	-1.82E-05	-1.29E-05
450	18	0	0	0	0	0	0	232	254	0	-2.23E-05	4.85E-06	-1.82E-05	-1.29E-05
450	19	0	0	0	0	0	0	232	254	0	-2.18E-05	3.00E-06	-1.43E-05	-1.22E-05
451	0	0	0	0	0	0	0	232	254	0	-2.18E-05	3.00E-06	-1.43E-05	-1.22E-05
451	1	0	0	0	0	0	0	232	254	0	-2.23E-05	1.68E-06	-1.36E-05	-1.13E-05
451	2	0	0	0	0	0	0	232	254	0	-2.35E-05	1.70E-06	-1.21E-05	-1.19E-05
451	3	0	0	0	0	0	0	232	254	0	-2.35E-05	1.70E-06	-1.21E-05	-1.19E-05
451	4	0	0	0	0	0	0	232	254	0	-2.18E-05	3.54E-06	-3.12E-06	-1.19E-05
451	5	0	0	0	0	0	0	232	254	0	-2.18E-05	3.54E-06	-3.12E-06	-1.19E-05
451	6	0	0	0	0	0	0	232	254	0	-2.30E-05	4.53E-06	1.63E-05	-1.09E-05
451	7	0	0	0	0	0	0	232	254	0	-2.30E-05	4.53E-06	1.63E-05	-1.09E-05
451	8	0	0	0	0	0	0	232	254	0	-2.47E-05	3.99E-06	1.90E-05	-1.11E-05
451	9	0	0	0	0	0	0	232	254	0	-2.47E-05	3.99E-06	1.90E-05	-1.11E-05
451	10	0	0	0	0	0	0	232	254	0	-2.64E-05	1.15E-06	-7.32E-06	-1.23E-05
451	11	0	0	0	0	0	0	232	254	0	-2.92E-05	-1.17E-06	-1.54E-05	-1.43E-05
451	12	0	0	0	0	0	0	232	254	0	-2.92E-05	-1.17E-06	-1.54E-05	-1.43E-05
451	13	0	0	0	0	0	0	232	254	0	-3.20E-05	-1.17E-06	-1.22E-05	-1.51E-05
451	14	0	0	0	0	0	0	232	254	0	-3.20E-05	-1.17E-06	-1.22E-05	-1.51E-05
451	15	0	0	0	0	0	0	232	254	0	-3.03E-05	-4.75E-07	-1.11E-05	-1.49E-05
451	16	0	0	0	0	0	0	232	254	0	-3.03E-05	-4.75E-07	-1.11E-05	-1.49E-05
451	17	0	0	0	0	0	0	232	254	0	-2.72E-05	1.86E-06	-2.34E-06	-1.38E-05
451	18	0	0	0	0	0	0	232	254	0	-2.72E-05	1.86E-06	-2.34E-06	-1.38E-05
451	19	0	0	0	0	0	0	232	254	0	-2.58E-05	3.19E-06	1.18E-05	-1.31E-05
452	0	0	0	0	0	0	0	232	254	0	-2.19E-05	2.86E-06	1.53E-05	-1.19E-05
452	1	0	0	0	0	0	0	232	254	0	-2.19E-05	2.86E-06	1.53E-05	-1.19E-05
452	2	0	0	0	0	0	0	232	254	0	-1.74E-05	3.20E-06	-6.26E-06	-1.28E-05
452	3	0	0	0	0	0	0	232	254	0	-1.74E-05	3.20E-06	-6.26E-06	-1.28E-05
452	4	0	0	0	0	0	0	232	254	0	-1.50E-05	4.20E-06	-3.72E-05	-1.24E-05
452	5	0	0	0	0	0	0	232	254	0	-1.50E-05	4.20E-06	-3.72E-05	-1.24E-05
452	6	0	0	0	0	0	0	232	254	0	-1.65E-05	4.54E-06	-4.16E-05	-1.24E-05
452	7	0	0	0	0	0	0	232	254	0	-1.65E-05	4.54E-06	-4.16E-05	-1.24E-05
452	8	0	0	0	0	0	0	232	254	0	-1.85E-05	4.88E-06	-3.74E-05	-1.39E-05
452	9	0	0	0	0	0	0	232	254	0	-1.88E-05	5.92E-06	-3.16E-05	-1.49E-05
452	10	0	0	0	0	0	0	232	254	0	-1.88E-05	5.92E-06	-3.16E-05	-1.49E-05
452	11	0	0	0	0	0	0	232	254	0	-2.10E-05	9.56E-06	-2.09E-05	-1.43E-05
452	12	0	0	0	0	0	0	232	254	0	-2.10E-05	9.56E-06	-2.09E-05	-1.43E-05
452	13	0	0	0	0	0	0	232	254	0	-2.40E-05	9.07E-06	-1.15E-05	-1.33E-05
452	14	0	0	0	0	0	0	232	254	0	-2.40E-05	9.07E-06	-1.15E-05	-1.33E-05
452	15	0	0	0	0	0	0	232	254	0	-2.23E-05	9.58E-06	-5.85E-06	-1.33E-05
452	16	0	0	0	0	0	0	232	254	0	-2.23E-05	9.58E-06	-5.85E-06	-1.33E-05
452	17	0	0	0	0	0	0	232	254	0	-2.20E-05	1.06E-05	-4.16E-06	-1.43E-05
452	18	0	0	0	0	0	0	232	254	0	-2.23E-05	1.05E-05	-1.01E-06	-1.39E-05
452	19	0	0	0	0	0	0	232	254	0	-2.23E-05	1.05E-05	-1.01E-06	-1.39E-05
453	0	0	0	0	0	0	0	232	254	0	-2.32E-05	7.86E-06	-8.97E-07	-1.29E-05
453	1	0	0	0	0	0	0	232	254	0	-2.32E-05	7.86E-06	-8.97E-07	-1.29E-05
453	2	0	0	0	0	0	0	232	254	0	-2.25E-05	5.54E-06	-5.61E-06	-1.29E-05
453	3	0	0	0	0	0	0	232	254	0	-2.25E-05	5.54E-06	-5.61E-06	-1.29E-05
453	4	0	0	0	0	0	0	232	254	0	-2.17E-05	5.87E-06	-1.11E-05	-1.39E-05
453	5	0	0	0	0	0	0	232	254	0	-2.17E-05	5.87E-06	-1.11E-05	-1.39E-05
453	6	0	0	0	0	0	0	232	254	0	-2.16E-05	5.19E-06	-1.29E-05	-1.46E-05
453	7	0	0	0	0	0	0	232	254	0	-1.98E-05	4.01E-06	-9.89E-06	-1.12E-05
453	8	0	0	0	0	0	0	232	254	0	-1.98E-05	4.01E-06	-9.89E-06	-1.12E-05
453	9	0	0	0	0	0	0	232	254	0	-2.17E-05	2.52E-06	-9.26E-06	-1.14E-05
453	10	0	0	0	0	0	0	232	254	0	-2.17E-05	2.52E-06	-9.26E-06	-1.14E-05
453	11	0	0	0	0	0	0	232	254	0	-2.37E-05	3.01E-06	-1.16E-05	-1.27E-05
453	12	0	0	0	0	0	0	232	254	0	-2.37E-05	3.01E-06	-1.16E-05	-1.27E-05
453	13	0	0	0	0	0	0	232	254	0	-2.54E-05	2.34E-06	-1.34E-05	-1.16E-05
453	14	0	0	0	0	0	0	232	254	0	-2.54E-05	2.34E-06	-1.34E-05	-1.16E-05
453	15	0	0	0	0	0	0	232	254	0	-2.79E-05	1.90E-06	-1.42E-05	-1.26E-05
453	16	0	0	0	0	0	0	232	254	0	-2.80E-05	6.37E-06	-9.98E-06	-1.22E-05
453	17	0	0	0	0	0	0	232	254	0	-2.80E-05	6.37E-06	-9.98E-06	-1.22E-05
453	18	0	0	0	0	0	0	232	254	0	-2.48E-05	5.65E-06	-2.26E-06	-1.19E-05
453	19	0	0	0	0	0	0	232	254	0	-2.48E-05	5.65E-06	-2.26E-06	-1.19E-05
454	0	0	0	0	0	0	0	232	254	0	-2.13E-05	1.18E-06	5.20E-06	-1.16E-05
454	1	0	0	0	0	0	0	232	254	0	-2.13E-05	1.18E-06	5.20E-06	-1.16E-05
454	2	0	0	0	0	0	0	232	254	0	-1.70E-05	1.88E-06	5.20E-06	-1.11E-05
454	3	0	0	0	0	0	0	232	254	0	-1.70E-05	1.88E-06	5.20E-06	-1.11E-05
454	4	0	0	0	0	0	0	232	254	0	-1.73E-05	4.86E-06	5.15E-06	-1.06E-05
454	5	0	0	0	0	0	0	232	254	0	-2.16E-05	4.35E-06	9.30E-07	-9.24E-06
454	6	0	0	0	0	0	0	232	254	0	-2.16E-05	4.35E-06	9.30E-07	-9.24E-06
454	7	0	0	0	0	0	0	232	254	0	-1.98E-05	3.56E-06	-5.23E-06	-1.02E-05
454	8	0	0	0	0	0	0	232	254	0	-1.98E-05	3.56E-06	-5.23E-06	-1.02E-05
454	9	0	0	0	0	0	0	232	254	0	-2.20E-05	6.22E-06	-7.23E-06	-1.02E-05
454	10	0	0	0	0	0	0	232	254	0	-2.20E-05	6.22E-06	-7.23E-06	-1.02E-05
454	11	0	0	0	0	0	0	232	254	0	-2.30E-05	6.90E-06	-7.88E-06	-1.09E-05
454	12	0	0	0	0	0	0	232	254	0	-2.30E-05	6.90E-06	-7.88E-06	-1.09E-05
454	13	0	0	0	0	0	0	232	254	0	-2.21E-05	8.57E-06	-7.58E-06	-1.13E-05
454	14	0	0	0	0	0	0	232	254	0	-1.79E-05	9.05E-06	-9.96E-06	-1.29E-05
454	15	0	0	0	0	0	0	232	254	0	-1.79E-05	9.05E-06	-9.96E-06	-1.29E-05
454	16	0	0	0	0	0	0	232	254	0	-1.50E-05	7.86E-06	-1.46E-05	-1.38E-05
454	17	0	0	0	0	0	0	232	254	0	-1.50E-05	7.86E-06	-1.46E-05	-1.38E-05
454	18	0	0	0	0	0	0	232	254	0	-1.78E-05	5.18E-06	-1.22E-05	-1.51E-05
454	19	0	0	0	0	0	0	232	254	0	-1.78E-05	5.18E-06	-1.22E-05	-1.51E-05
455	0	0	0	0	0	0	0	232	254	0	-2.23E-05	3.17E-06	-7.60E-06	-1.49E-05
455	1	0	0	0	0	0	0	232	254	0	-2.23E-05	3.17E-06	-7.60E-06	-1.49E-05
455	2	0	0	0	0	0	0	232	254	0	-2.08E-05	1.84E-06	-1.16E-05	-1.46E-05
455	3	0	0	0	0	0	0	232	254	0	-2.03E-05	9.88E-07	-1.32E-05	-1.36E-05
455	4	0	0	0	0	0	0	232	254	0	-2.03E-05	9.88E-07	-1.32E-05	-1.36E-05
455	5	0	0	0	0	0	0	232	254	0	-1.90E-05	-4.95E-07	-7.56E-06	-1.29E-05
455	6	0	0	0	0	0	0	232	254	0	-1.90E-05	-4.95E-07	-7.56E-06	-1.29E-05
455	7	0	0	0	0	0	0	232	254	0	-2.04E-05	2.11E-07	-7.79E-06	-1.16E-05
455	8	0	0	0	0	0	0	232	254	0	-2.04E-05	2.11E-07	-7.79E-06	-1.16E-05
455	9	0	0	0	0	0	0	232	254	0	-2.64E-05	3.69E-06	-1.31E-05	-1.24E-05
455	10	0	0	0	0	0	0	232	254	0	-2.64E-05	3.69E-06	-1.31E-05	-1.24E-05
455	11	0	0	0	0	0	0	232	254	0	-3.10E-05	3.38E-06	-1.76E-05	-1.38E-05
455	12	0	0	0	0	0	0	232	254	0	-2.97E-05	4.89E-06	-1.66E-05	-1.39E-05
455	13	0	0	0	0	0	0	232	254	0	-2.97E-05	4.89E-06	-1.66E-05	-1.39E-05
455	14	0	0	0	0	0	0	232	254	0	-2.52E-05	6.54E-06	-1.52E-05	-1.36E-05
455	15	0	0	0	0	0	0	232	254	0	-2.52E-05	6.54E-06	-1.52E-05	-1.36E-05
455	16	0	0	0	0	0	0	232	254	0	-2.50E-05	5.87E-06	-1.22E-05	-1.38E-05
455	17	0	0	0	0	0	0	232	254	0	-2.50E-05	5.87E-06	-1.22E-05	-1.38E-05
455	18	0	0	0	0	0	0	232	254	0	-2.38E-05	5.55E-06	-8.52E-06	-1.56E-05
455	19	0	0	0	0	0	0	232	254	0	-2.38E-05	5.55E-06	-8.52E-06	-1.56E-05
456	0	0	0	0	0	0	0	232	254	0	-2.30E-05	6.58E-06	-5.61E-06	-1.42E-05
456	1	0	0	0	0	0	0	232	254	0	-2.20E-05	9.04E-06	-1.10E-05	-1.19E-05
456	2	0	0	0	0	0	0	232	254	0	-2.20E-05	9.04E-06	-1.10E-05	-1.19E-05
456	3	0	0	0	0	0	0	232	254	0	-2.20E-05	7.21E-06	-2.04E-05	-1.19E-05
456	4	0	0	0	0	0	0	232	254	0	-2.20E-05	7.21E-06	-2.04E-05	-1.19E-05
456	5	0	0	0	0	0	0	232	254	0	-2.35E-05	6.52E-06	-2.36E-05	-1.24E-05
456	6	0	0	0	0	0	0	232	254	0	-2.35E-05	6.52E-06	-2.36E-05	-1.24E-05
456	7	0	0	0	0	0	0	232	254	0	-2.68E-05	4.16E-06	-1.55E-05	-1.19E-05
456	8	0	0	0	0	0	0	232	254	0	-2.68E-05	4.16E-06	-1.55E-05	-1.19E-05
456	9	0	0	0	0	0	0	232	254	0	-2.56E-05	1.15E-06	-9.54E-06	-1.22E-05
456	10	0	0	0	0	0	0	232	254	0	-1.99E-05	-1.17E-06	-7.45E-06	-1.09E-05
456	11	0	0	0	0	0	0	232	254	0	-1.99E-05	-1.17E-06	-7.45E-06	-1.09E-05
456	12	0	0	0	0	0	0	232	254	0	-1.30E-05	-1.13E-06	7.22E-07	-1.16E-05
456	13	0	0	0	0	0	0	232	254	0	-1.30E-05	-1.13E-06	7.22E-07	-1.16E-05
456	14	0	0	0	0	0	0	232	254	0	-9.10E-06	2.38E-06	4.64E-06	-1.21E-05
456	15	0	0	0	0	0	0	232	254	0	-9.10E-06	2.38E-06	4.64E-06	-1.21E-05
456	16	0	0	0	0	0	0	232	254	0	-1.23E-05	5.05E-06	-2.54E-07	-1.04E-05
456	17	0	0	0	0	0	0	232	254	0	-1.23E-05	5.05E-06	-2.54E-07	-1.04E-05
456	18	0	0	0	0	0	0	232	254	0	-1.90E-05	5.91E-06	-7.09E-06	-9.92E-06
456	19	0	0	0	0	0	0	232	254	0	-1.86E-05	8.73E-06	-1.06E-05	-1.09E-05
457	0	0	0	0	0	0	0	232	254	0	-1.86E-05	8.73E-06	-1.06E-05	-1.09E-05
457	1	0	0	0	0	0	0	232	254	0	-1.81E-05	9.22E-06	-1.14E-05	-1.06E-05
457	2	0	0	0	0	0	0	232	254	0	-1.81E-05	9.22E-06	-1.14E-05	-1.06E-05
457	3	0	0	0	0	0	0	232	254	0	-1.76E-05	8.55E-06	-1.09E-05	-1.12E-05
457	4	0	0	0	0	0	0	232	254	0	-1.76E-05	8.55E-06	-1.09E-05	-1.12E-05
457	5	0	0	0	0	0	0	232	254	0	-1.24E-05	7.52E-06	-9.54E-06	-1.05E-05
457	6	0	0	0	0	0	0	232	254	0	-1.24E-05	7.52E-06	-9.54E-06	-1.05E-05
457	7	0	0	0	0	0	0	232	254	0	-7.23E-06	5.19E-06	-7.57E-06	-8.53E-06
457	8	0	0	0	0	0	0	232	254	0	-8.25E-06	3.86E-06	-9.15E-06	-6.07E-06
457	9	0	0	0	0	0	0	232	254	0	-8.25E-06	3.86E-06	-9.15E-06	-6.07E-06
457	10	0	0	0	0	0	0	232	254	0	-1.06E-05	3.69E-06	-1.56E-05	-7.93E-06
457	11	0	0	0	0	0	0	232	254	0	-1.06E-05	3.69E-06	-1.56E-05	-7.93E-06
457	12	0	0	0	0	0	0	232	254	0	-1.57E-05	3.50E-06	-1.62E-05	-1.09E-05
457	13	0	0	0	0	0	0	232	254	0	-1.57E-05	3.50E-06	-1.62E-05	-1.09E-05
457	14	0	0	0	0	0	0	232	254	0	-2.45E-05	1.17E-06	-1.18E-05	-1.04E-05
457	15	0	0	0	0	0	0	232	254	0	-2.45E-05	1.17E-06	-1.18E-05	-1.04E-05
457	16	0	0	0	0	0	0	232	254	0	-3.60E-05	9.42E-07	-1.31E-05	-1.13E-05
457	17	0	0	0	0	0	0	232	254	0	-4.45E-05	9.06E-06	-1.27E-05	-1.39E-05
457	18	0	0	0	0	0	0	232	254	0	-4.45E-05	9.06E-06	-1.27E-05	-1.39E-05
457	19	0	0	0	0	0	0	232	254	0	-4.61E-05	8.53E-06	-6.80E-06	-1.38E-05
458	0	0	0	0	0	0	0	232	254	0	-4.61E-05	8.53E-06	-6.80E-06	-1.38E-05
458	1	0	0	0	0	0	0	232	254	0	-3.97E-05	6.20E-06	-2.92E-07	-1.39E-05
458	2	0	0	0	0	0	0	232	254	0	-3.97E-05	6.20E-06	-2.92E-07	-1.39E-05
458	3	0	0	0	0	0	0	232	254	0	-3.53E-05	5.74E-06	3.22E-06	-1.29E-05
458	4	0	0	0	0	0	0	232	254	0	-3.53E-05	5.74E-06	3.22E-06	-1.29E-05
458	5	0	0	0	0	0	0	232	254	0	-2.66E-05	8.43E-06	5.46E-06	-1.23E-05
458	6	0	0	0	0	0	0	232	254	0	-1.83E-05	1.11E-05	-1.14E-06	-1.30E-05
458	7	0	0	0	0	0	0	232	254	0	-1.83E-05	1.11E-05	-1.14E-06	-1.30E-05
458	8	0	0	0	0	0	0	232	254	0	-1.53E-05	9.19E-06	-1.16E-05	-1.51E-05
458	9	0	0	0	0	0	0	232	254	0	-1.53E-05	9.19E-06	-1.16E-05	-1.51E-05
458	10	0	0	0	0	0	0	232	254	0	-1.53E-05	5.88E-06	-1.15E-05	-1.53E-05
458	11	0	0	0	0	0	0	232	254	0	-1.53E-05	5.88E-06	-1.15E-05	-1.53E-05
458	12	0	0	0	0	0	0	232	254	0	-1.45E-05	6.20E-06	-8.36E-06	-1.49E-05
458	13	0	0	0	0	0	0	232	254	0	-1.45E-05	6.20E-06	-8.36E-06	-1.49E-05
458	14	0	0	0	0	0	0	232	254	0	-9.50E-06	5.20E-06	-5.85E-06	-1.54E-05
458	15	0	0	0	0	0	0	232	254	0	-3.87E-06	4.90E-06	-4.25E-06	-1.42E-05
458	16	0	0	0	0	0	0	232	254	0	-3.87E-06	4.90E-06	-4.25E-06	-1.42E-05
458	17	0	0	0	0	0	0	232	254	0	-4.88E-06	7.22E-06	-8.39E-06	-1.22E-05
458	18	0	0	0	0	0	0	232	254	0	-4.88E-06	7.22E-06	-8.39E-06	-1.22E-05
458	19	0	0	0	0	0	0	232	254	0	-5.84E-06	7.75E-06	-2.17E-05	-1.11E-05
459	0	0	0	0	0	0	0	232	254	0	-5.84E-06	7.75E-06	-2.17E-05	-1.11E-05
459	1	0	0	0	0	0	0	232	254	0	-2.90E-06	9.76E-06	-2.62E-05	-1.06E-05
459	2	0	0	0	0	0	0	232	254	0	-2.90E-06	9.76E-06	-2.62E-05	-1.06E-05
459	3	0	0	0	0	0	0	232	254	0	-6.32E-06	1.15E-05	-3.10E-05	-1.19E-05
459	4	0	0	0	0	0	0	232	254	0	-1.48E-05	7.84E-06	-2.88E-05	-1.36E-05
459	5	0	0	0	0	0	0	232	254	0	-1.48E-05	7.84E-06	-2.88E-05	-1.36E-05
459	6	0	0	0	0	0	0	232	254	0	-2.10E-05	3.68E-06	-8.98E-06	-1.53E-05
459	7	0	0	0	0	0	0	232	254	0	-2.10E-05	3.68E-06	-8.98E-06	-1.53E-05
459	8	0	0	0	0	0	0	232	254	0	-2.47E-05	2.27E-06	1.07E-05	-1.76E-05
459	9	0	0	0	0	0	0	232	254	0	-2.47E-05	2.27E-06	1.07E-05	-1.76E-05
459	10	0	0	0	0	0	0	232	254	0	-2.94E-05	-4.22E-06	7.62E-06	-1.59E-05
459	11	0	0	0	0	0	0	232	254	0	-2.94E-05	-4.22E-06	7.62E-06	-1.59E-05
459	12	0	0	0	0	0	0	232	254	0	-3.38E-05	-6.20E-06	-1.32E-05	-1.42E-05
459	13	0	0	0	0	0	0	232	254	0	-3.68E-05	-5.01E-06	-2.45E-05	-1.28E-05
459	14	0	0	0	0	0	0	232	254	0	-3.68E-05	-5.01E-06	-2.45E-05	-1.28E-05
459	15	0	0	0	0	0	0	232	254	0	-3.71E-05	-3.21E-06	-1.05E-05	-1.36E-05
459	16	0	0	0	0	0	0	232	254	0	-3.71E-05	-3.21E-06	-1.05E-05	-1.36E-05
459	17	0	0	0	0	0	0	232	254	0	-3.61E-05	-4.51E-06	-8.20E-06	-1.38E-05
459	18	0	0	0	0	0	0	232	254	0	-3.61E-05	-4.51E-06	-8.20E-06	-1.38E-05
459	19	0	0	0	0	0	0	232	254	0	-3.84E-05	-2.63E-06	-6.14E-06	-1.42E-05
460	0	0	0	0	0	0	0	232	254	0	-3.84E-05	-2.63E-06	-6.14E-06	-1.42E-05
460	1	0	0	0	0	0	0	232	254	0	-3.82E-05	1.51E-06	1.28E-05	-1.24E-05
460	2	0	0	0	0	0	0	232	254	0	-3.01E-05	1.88E-06	3.15E-05	-8.20E-06
460	3	0	0	0	0	0	0	232	254	0	-3.01E-05	1.88E-06	3.15E-05	-8.20E-06
460	4	0	0	0	0	0	0	232	254	0	-2.30E-05	4.23E-06	2.70E-05	-6.41E-06
460	5	0	0	0	0	0	0	232	254	0	-2.30E-05	4.23E-06	2.70E-05	-6.41E-06
460	6	0	0	0	0	0	0	232	254	0	-1.99E-05	6.88E-06	-1.86E-06	-8.95E-06
460	7	0	0	0	0	0	0	232	254	0	-1.99E-05	6.88E-06	-1.86E-06	-8.95E-06
460	8	0	0	0	0	0	0	232	254	0	-1.62E-05	6.70E-06	-2.89E-05	-1.29E-05
460	9	0	0	0	0	0	0	232	254	0	-1.62E-05	6.70E-06	-2.89E-05	-1.29E-05
460	10	0	0	0	0	0	0	232	254	0	-1.22E-05	5.84E-06	-4.08E-05	-1.36E-05
460	11	0	0	0	0	0	0	232	254	0	-1.10E-05	3.51E-06	-4.10E-05	-1.33E-05
460	12	0	0	0	0	0	0	232	254	0	-1.10E-05	3.51E-06	-4.10E-05	-1.33E-05
460	13	0	0	0	0	0	0	232	254	0	-1.57E-05	2.53E-06	-3.49E-05	-1.31E-05
460	14	0	0	0	0	0	0	232	254	0	-1.57E-05	2.53E-06	-3.49E-05	-1.31E-05
460	15	0	0	0	0	0	0	232	254	0	-2.03E-05	3.71E-06	-1.67E-05	-1.06E-05
460	16	0	0	0	0	0	0	232	254	0	-2.03E-05	3.71E-06	-1.67E-05	-1.06E-05
460	17	0	0	0	0	0	0	232	254	0	-2.27E-05	5.20E-06	1.22E-06	-9.91E-06
460	18	0	0	0	0	0	0	232	254	0	-2.27E-05	5.20E-06	1.22E-06	-9.91E-06
460	19	0	0	0	0	0	0	232	254	0	-2.30E-05	5.19E-06	4.82E-06	-1.06E-05
461	0	0	0	0	0	0	0	232	254	0	-2.18E-05	4.21E-06	8.65E-07	-1.09E-05
461	1	0	0	0	0	0	0	232	254	0	-2.18E-05	4.21E-06	8.65E-07	-1.09E-05
461	2	0	0	0	0	0	0	232	254	0	-2.31E-05	5.03E-06	2.79E-06	-1.23E-05
461	3	0	0	0	0	0	0	232	254	0	-2.31E-05	5.03E-06	2.79E-06	-1.23E-05
461	4	0	0	0	0	0	0	232	254	0	-2.05E-05	4.66E-06	-2.59E-06	-1.23E-05
461	5	0	0	0	0	0	0	232	254	0	-2.05E-05	4.66E-06	-2.59E-06	-1.23E-05
461	6	0	0	0	0	0	0	232	254	0	-1.19E-05	1.87E-06	-7.90E-06	-1.33E-05
461	7	0	0	0	0	0	0	232	254	0	-1.19E-05	1.87E-06	-7.90E-06	-1.33E-05
461	8	0	0	0	0	0	0	232	254	0	-1.40E-05	3.39E-06	-8.36E-06	-1.56E-05
461	9	0	0	0	0	0	0	232	254	0	-1.58E-05	6.21E-06	-6.25E-06	-1.49E-05
461	10	0	0	0	0	0	0	232	254	0	-1.58E-05	6.21E-06	-6.25E-06	-1.49E-05
461	11	0	0	0	0	0	0	232	254	0	-2.09E-05	6.20E-06	-9.43E-06	-1.46E-05
461	12	0	0	0	0	0	0	232	254	0	-2.09E-05	6.20E-06	-9.43E-06	-1.46E-05
461	13	0	0	0	0	0	0	232	254	0	-1.56E-05	5.19E-06	-1.18E-05	-1.31E-05
461	14	0	0	0	0	0	0	232	254	0	-1.56E-05	5.19E-06	-1.18E-05	-1.31E-05
461	15	0	0	0	0	0	0	232	254	0	-1.87E-05	4.41E-06	-5.82E-06	-1.02E-05
461	16	0	0	0	0	0	0	232	254	0	-1.87E-05	4.41E-06	-5.82E-06	-1.02E-05
461	17	0	0	0	0	0	0	232	254	0	-2.44E-05	7.93E-06	-1.66E-06	-9.58E-06
461	18	0	0	0	0	0	0	232	254	0	-1.81E-05	1.12E-05	-1.36E-05	-1.09E-05
461	19	0	0	0	0	0	0	232	254	0	-1.81E-05	1.12E-05	-1.36E-05	-1.09E-05
462	0	0	0	0	0	0	0	232	254	0	-1.32E-05	1.05E-05	-1.21E-05	-1.06E-05
462	1	0	0	0	0	0	0	232	254	0	-1.32E-05	1.05E-05	-1.21E-05	-1.06E-05
462	2	0	0	0	0	0	0	232	254	0	-9.30E-06	7.20E-06	1.88E-06	-1.09E-05
462	3	0	0	0	0	0	0	232	254	0	-9.30E-06	7.20E-06	1.88E-06	-1.09E-05
462	4	0	0	0	0	0	0	232	254	0	-1.83E-06	6.18E-06	4.79E-06	-1.18E-05
462	5	0	0	0	0	0	0	232	254	0	-1.83E-06	6.18E-06	4.79E-06	-1.18E-05
462	6	0	0	0	0	0	0	232	254	0	-1.00E-06	4.17E-06	-1.65E-06	-1.41E-05
462	7	0	0	0	0	0	0	232	254	0	-1.38E-05	2.42E-06	-1.22E-05	-1.49E-05
462	8	0	0	0	0	0	0	232	254	0	-1.38E-05	2.42E-06	-1.22E-05	-1.49E-05
462	9	0	0	0	0	0	0	232	254	0	-3.35E-05	7.82E-06	-1.02E-05	-1.29E-05
462	10	0	0	0	0	0	0	232	254	0	-3.35E-05	7.82E-06	-1.02E-05	-1.29E-05
462	11	0	0	0	0	0	0	232	254	0	-3.91E-05	1.53E-05	-6.89E-06	-1.29E-05
462	12	0	0	0	0	0	0	232	254	0	-3.91E-05	1.53E-05	-6.89E-06	-1.29E-05
462	13	0	0	0	0	0	0	232	254	0	-3.79E-05	1.39E-05	-7.21E-06	-1.33E-05
462	14	0	0	0	0	0	0	232	254	0	-3.79E-05	1.39E-05	-7.21E-06	-1.33E-05
462	15	0	0	0	0	0	0	232	254	0	-5.13E-05	8.21E-06	-6.46E-06	-1.27E-05
462	16	0	0	0	0	0	0	232	254	0	-5.58E-05	7.38E-06	-1.28E-05	-1.14E-05
462	17	0	0	0	0	0	0	232	254	0	-5.58E-05	7.38E-06	-1.28E-05	-1.14E-05
462	18	0	0	0	0	0	0	232	254	0	-4.85E-05	7.01E-06	-1.50E-05	-1.26E-05
462	19	0	0	0	0	0	0	232	254	0	-4.85E-05	7.01E-06	-1.50E-05	-1.26E-05
463	0	0	0	0	0	0	0	232	254	0	-3.40E-05	4.11E-06	-2.19E-05	-1.10E-05
463	1	0	0	0	0	0	0	232	254	0	-3.40E-05	4.11E-06	-2.19E-05	-1.10E-05
463	2	0	0	0	0	0	0	232	254	0	-2.91E-05	-2.90E-06	-2.88E-05	-6.18E-06
463	3	0	0	0	0	0	0	232	254	0	-2.91E-05	-2.90E-06	-2.88E-05	-6.18E-06
463	4	0	0	0	0	0	0	232	254	0	-3.18E-05	-6.47E-06	-1.36E-05	-4.21E-06
463	5	0	0	0	0	0	0	232	254	0	-3.56E-05	-8.29E-08	-1.93E-06	-5.09E-06
463	6	0	0	0	0	0	0	232	254	0	-3.56E-05	-8.29E-08	-1.93E-06	-5.09E-06
463	7	0	0	0	0	0	0	232	254	0	-2.58E-05	6.58E-06	-8.52E-06	-9.60E-06
463	8	0	0	0	0	0	0	232	254	0	-2.58E-05	6.58E-06	-8.52E-06	-9.60E-06
463	9	0	0	0	0	0	0	232	254	0	-6.78E-06	8.87E-06	-1.84E-05	-1.24E-05
463	10	0	0	0	0	0	0	232	254	0	-6.78E-06	8.87E-06	-1.84E-05	-1.24E-05
463	11	0	0	0	0	0	0	232	254	0	1.46E-05	7.01E-06	-2.34E-05	-1.30E-05
463	12	0	0	0	0	0	0	232	254	0	1.46E-05	7.01E-06	-2.34E-05	-1.30E-05
463	13	0	0	0	0	0	0	232	254	0	2.98E-05	3.70E-06	-5.69E-06	-1.49E-05
463	14	0	0	0	0	0	0	232	254	0	2.20E-05	4.60E-06	8.44E-06	-1.46E-05
463	15	0	0	0	0	0	0	232	254	0	2.20E-05	4.60E-06	8.44E-06	-1.46E-05
463	16	0	0	0	0	0	0	232	254	0	-4.39E-06	9.92E-06	-6.85E-07	-1.24E-05
463	17	0	0	0	0	0	0	232	254	0	-4.39E-06	9.92E-06	-6.85E-07	-1.24E-05
463	18	0	0	0	0	0	0	232	254	0	-1.93E-05	1.16E-05	-1.46E-05	-1.24E-05
463	19	0	0	0	0	0	0	232	254	0	-1.93E-05	1.16E-05	-1.46E-05	-1.24E-05
464	0	0	0	0	0	0	0	232	254	0	-2.12E-05	9.88E-06	-1.76E-05	-1.32E-05
464	1	0	0	0	0	0	0	232	254	0	-2.12E-05	9.88E-06	-1.76E-05	-1.32E-05
464	2	0	0	0	0	0	0	232	254	0	-2.28E-05	8.33E-06	-1.38E-05	-9.92E-06
464	3	0	0	0	0	0	0	232	254	0	-2.44E-05	3.52E-06	-1.89E-05	-1.13E-05
464	4	0	0	0	0	0	0	232	254	0	-2.44E-05	3.52E-06	-1.89E-05	-1.13E-05
464	5	0	0	0	0	0	0	232	254	0	-2.70E-05	3.59E-06	-1.38E-05	-1.23E-05
464	6	0	0	0	0	0	0	232	254	0	-2.70E-05	3.59E-06	-1.38E-05	-1.23E-05
464	7	0	0	0	0	0	0	232	254	0	-2.76E-05	8.77E-06	-9.27E-07	-1.40E-05
464	8	0	0	0	0	0	0	232	254	0	-2.76E-05	8.77E-06	-9.27E-07	-1.40E-05
464	9	0	0	0	0	0	0	232	254	0	-2.98E-05	1.20E-05	-7.92E-06	-1.87E-05
464	10	0	0	0	0	0	0	232	254	0	-2.98E-05	1.20E-05	-7.92E-06	-1.87E-05
464	11	0	0	0	0	0	0	232	254	0	-3.71E-05	6.79E-06	-2.31E-05	-2.08E-05
464	12	0	0	0	0	0	0	232	254	0	-3.66E-05	-4.13E-07	-1.74E-05	-1.81E-05
464	13	0	0	0	0	0	0	232	254	0	-3.66E-05	-4.13E-07	-1.74E-05	-1.81E-05
464	14	0	0	0	0	0	0	232	254	0	-2.48E-05	-6.40E-06	-1.16E-06	-1.49E-05
464	15	0	0	0	0	0	0	232	254	0	-2.48E-05	-6.40E-06	-1.16E-06	-1.49E-05
464	16	0	0	0	0	0	0	232	254	0	-1.09E-05	-7.67E-06	-3.50E-07	-1.24E-05
464	17	0	0	0	0	0	0	232	254	0	-1.09E-05	-7.67E-06	-3.50E-07	-1.24E-05
464	18	0	0	0	0	0	0	232	254	0	-1.03E-05	-3.27E-06	-1.46E-05	-1.11E-05
464	19	0	0	0	0	0	0	232	254	0	-1.03E-05	-3.27E-06	-1.46E-05	-1.11E-05
465	0	0	0	0	0	0	0	232	254	0	-1.77E-05	3.10E-06	-2.60E-05	-1.38E-05
465	1	0	0	0	0	0	0	232	254	0	-2.59E-05	9.16E-06	-2.15E-05	-1.91E-05
465	2	0	0	0	0	0	0	232	254	0	-2.59E-05	9.16E-06	-2.15E-05	-1.91E-05
465	3	0	0	0	0	0	0	232	254	0	-2.69E-05	1.65E-05	-1.36E-05	-1.69E-05
465	4	0	0	0	0	0	0	232	254	0	-2.69E-05	1.65E-05	-1.36E-05	-1.69E-05
465	5	0	0	0	0	0	0	232	254	0	-2.74E-05	1.97E-05	-1.50E-05	-1.31E-05
465	6	0	0	0	0	0	0	232	254	0	-2.74E-05	1.97E-05	-1.50E-05	-1.31E-05
465	7	0	0	0	0	0	0	232	254	0	-2.71E-05	1.49E-05	-1.69E-05	-1.17E-05
465	8	0	0	0	0	0	0	232	254	0	-2.71E-05	1.49E-05	-1.69E-05	-1.17E-05
465	9	0	0	0	0	0	0	232	254	0	-1.92E-05	8.23E-06	-2.43E-05	-1.09E-05
465	10	0	0	0	0	0	0	232	254	0	-8.49E-06	8.50E-06	-2.04E-05	-6.40E-06
465	11	0	0	0	0	0	0	232	254	0	-8.49E-06	8.50E-06	-2.04E-05	-6.40E-06
465	12	0	0	0	0	0	0	232	254	0	-2.88E-06	3.45E-06	-1.47E-05	-8.31E-06
465	13	0	0	0	0	0	0	232	254	0	-2.88E-06	3.45E-06	-1.47E-05	-8.31E-06
465	14	0	0	0	0	0	0	232	254	0	-5.24E-06	-2.33E-06	2.43E-06	-1.49E-05
465	15	0	0	0	0	0	0	232	254	0	-5.24E-06	-2.33E-06	2.43E-06	-1.49E-05
465	16	0	0	0	0	0	0	232	254	0	-7.77E-06	-8.97E-07	2.10E-05	-1.51E-05
465	17	0	0	0	0	0	0	232	254	0	-7.77E-06	-8.97E-07	2.10E-05	-1.51E-05
465	18	0	0	0	0	0	0	232	254	0	-1.13E-05	7.58E-06	1.12E-05	-1.11E-05
465	19	0	0	0	0	0	0	232	254	0	-1.60E-05	9.69E-06	-7.76E-06	-2.87E-06
466	0	0	0	0	0	0	0	232	254	0	-1.60E-05	9.69E-06	-7.76E-06	-2.87E-06
466	1	0	0	0	0	0	0	232	254	0	-2.17E-05	6.22E-06	2.19E-06	-4.33E-06
466	2	0	0	0	0	0	0	232	254	0	-2.17E-05	6.22E-06	2.19E-06	-4.33E-06
466	3	0	0	0	0	0	0	232	254	0	-2.67E-05	6.69E-06	-1.01E-05	-1.50E-05
466	4	0	0	0	0	0	0	232	254	0	-2.67E-05	6.69E-06	-1.01E-05	-1.50E-05
466	5	0	0	0	0	0	0	232	254	0	-2.74E-05	5.19E-06	-2.20E-05	-1.89E-05
466	6	0	0	0	0	0	0	232	254	0	-2.74E-05	5.19E-06	-2.20E-05	-1.89E-05
466	7	0	0	0	0	0	0	232	254	0	-3.00E-05	3.84E-06	-9.99E-06	-1.72E-05
466	8	0	0	0	0	0	0	232	254	0	-2.88E-05	1.99E-06	8.76E-06	-7.81E-06
466	9	0	0	0	0	0	0	232	254	0	-2.88E-05	1.99E-06	8.76E-06	-7.81E-06
466	10	0	0	0	0	0	0	232	254	0	-2.52E-05	-1.20E-07	2.41E-05	-1.89E-06
466	11	0	0	0	0	0	0	232	254	0	-2.52E-05	-1.20E-07	2.41E-05	-1.89E-06
466	12	0	0	0	0	0	0	232	254	0	-2.84E-05	3.68E-06	3.16E-05	-5.07E-06
466	13	0	0	0	0	0	0	232	254	0	-2.84E-05	3.68E-06	3.16E-05	-5.07E-06
466	14	0	0	0	0	0	0	232	254	0	-2.98E-05	1.53E-05	2.34E-05	-7.64E-06
466	15	0	0	0	0	0	0	232	254	0	-2.98E-05	1.53E-05	2.34E-05	-7.64E-06
466	16	0	0	0	0	0	0	232	254	0	-3.56E-05	1.67E-05	5.00E-06	-1.41E-05
466	17	0	0	0	0	0	0	232	254	0	-3.46E-05	1.32E-05	-1.06E-05	-1.70E-05
466	18	0	0	0	0	0	0	232	254	0	-3.46E-05	1.32E-05	-1.06E-05	-1.70E-05
466	19	0	0	0	0	0	0	232	254	0	-2.46E-05	9.54E-06	-1.05E-05	-2.00E-05
467	0	0	0	0	0	0	0	232	254	0	-2.46E-05	9.54E-06	-1.05E-05	-2.00E-05
467	1	0	0	0	0	0	0	232	254	0	-1.84E-05	7.60E-06	-8.25E-06	-1.96E-05
467	2	0	0	0	0	0	0	232	254	0	-1.84E-05	7.60E-06	-8.25E-06	-1.96E-05
467	3	0	0	0	0	0	0	232	254	0	-2.31E-05	1.12E-05	-9.94E-06	-1.63E-05
467	4	0	0	0	0	0	0	232	254	0	-2.31E-05	1.12E-05	-9.94E-06	-1.63E-05
467	5	0	0	0	0	0	0	232	254	0	-3.44E-05	9.79E-06	-1.29E-05	-1.52E-05
467	6	0	0	0	0	0	0	232	254	0	-4.90E-05	9.18E-07	-1.33E-05	-1.15E-05
467	7	0	0	0	0	0	0	232	254	0	-4.90E-05	9.18E-07	-1.33E-05	-1.15E-05
467	8	0	0	0	0	0	0	232	254	0	-5.97E-05	7.03E-06	-1.72E-05	-9.16E-06
467	9	0	0	0	0	0	0	232	254	0	-5.97E-05	7.03E-06	-1.72E-05	-9.16E-06
467	10	0	0	0	0	0	0	232	254	0	-4.63E-05	1.79E-05	-1.97E-05	-1.63E-05
467	11	0	0	0	0	0	0	232	254	0	-4.63E-05	1.79E-05	-1.97E-05	-1.63E-05
467	12	0	0	0	0	0	0	232	254	0	-3.10E-05	1.65E-05	-1.51E-05	-2.14E-05
467	13	0	0	0	0	0	0	232	254	0	-3.10E-05	1.65E-05	-1.51E-05	-2.14E-05
467	14	0	0	0	0	0	0	232	254	0	-2.82E-05	1.13E-05	-1.42E-05	-1.57E-05
467	15	0	0	0	0	0	0	232	254	0	-1.72E-05	3.80E-06	-2.11E-05	-1.19E-05
467	16	0	0	0	0	0	0	232	254	0	-1.72E-05	3.80E-06	-2.11E-05	-1.19E-05
467	17	0	0	0	0	0	0	232	254	0	-9.02E-06	-5.21E-07	-1.83E-05	-1.22E-05
467	18	0	0	0	0	0	0	232	254	0	-9.02E-06	-5.21E-07	-1.83E-05	-1.22E-05
467	19	0	0	0	0	0	0	232	254	0	-5.57E-06	-1.89E-06	-1.52E-05	-1.04E-05
468	0	0	0	0	0	0	0	232	254	0	-5.57E-06	-1.89E-06	-1.52E-05	-1.04E-05
468	1	0	0	0	0	0	0	232	254	0	-7.99E-06	-5.52E-06	-2.28E-05	-7.52E-06
468	2	0	0	0	0	0	0	232	254	0	-7.99E-06	-5.52E-06	-2.28E-05	-7.52E-06
468	3	0	0	0	0	0	0	232	254	0	-1.55E-05	-4.17E-06	-2.09E-05	-5.19E-06
468	4	0	0	0	0	0	0	232	254	0	-2.18E-05	-2.23E-06	-1.22E-05	-4.36E-06
468	5	0	0	0	0	0	0	232	254	0	-2.18E-05	-2.23E-06	-1.22E-05	-4.36E-06
468	6	0	0	0	0	0	0	232	254	0	-3.09E-05	-5.89E-06	-8.10E-06	-4.37E-06
468	7	0	0	0	0	0	0	232	254	0	-3.09E-05	-5.89E-06	-8.10E-06	-4.37E-06
468	8	0	0	0	0	0	0	232	254	0	-4.57E-05	-6.86E-06	1.72E-06	-4.88E-06
468	9	0	0	0	0	0	0	232	254	0	-4.57E-05	-6.86E-06	1.72E-06	-4.88E-06
468	10	0	0	0	0	0	0	232	254	0	-6.04E-05	-5.16E-06	4.36E-06	-5.59E-06
468	11	0	0	0	0	0	0	232	254	0	-6.04E-05	-5.16E-06	4.36E-06	-5.59E-06
468	12	0	0	0	0	0	0	232	254	0	-7.23E-05	-2.02E-06	-8.83E-06	-9.76E-06
468	13	0	0	0	0	0	0	232	254	0	-6.67E-05	-2.22E-06	-1.65E-05	-1.18E-05
468	14	0	0	0	0	0	0	232	254	0	-6.67E-05	-2.22E-06	-1.65E-05	-1.18E-05
468	15	0	0	0	0	0	0	232	254	0	-4.56E-05	-4.84E-06	-1.93E-05	-1.26E-05
468	16	0	0	0	0	0	0	232	254	0	-4.56E-05	-4.84E-06	-1.93E-05	-1.26E-05
468	17	0	0	0	0	0	0	232	254	0	-2.96E-05	-2.97E-06	-2.06E-05	-1.46E-05
468	18	0	0	0	0	0	0	232	254	0	-2.96E-05	-2.97E-06	-2.06E-05	-1.46E-05
468	19	0	0	0	0	0	0	232	254	0	-2.12E-05	1.20E-06	-1.69E-05	-1.43E-05
469	0	0	0	0	0	0	0	232	254	0	-2.12E-05	1.20E-06	-1.69E-05	-1.43E-05
469	1	0	0	0	0	0	0	232	254	0	-1.36E-05	3.18E-06	-9.20E-06	-1.83E-05
469	2	0	0	0	0	0	0	232	254	0	1.25E-06	2.36E-06	-6.67E-06	-2.16E-05
469	3	0	0	0	0	0	0	232	254	0	1.25E-06	2.36E-06	-6.67E-06	-2.16E-05
469	4	0	0	0	0	0	0	232	254	0	1.93E-05	3.18E-06	-1.60E-05	-1.71E-05
469	5	0	0	0	0	0	0	232	254	0	1.93E-05	3.18E-06	-1.60E-05	-1.71E-05
469	6	0	0	0	0	0	0	232	254	0	2.02E-05	2.49E-06	-1.79E-05	-1.52E-05
469	7	0	0	0	0	0	0	232	254	0	2.02E-05	2.49E-06	-1.79E-05	-1.52E-05
469	8	0	0	0	0	0	0	232	254	0	1.28E-05	4.73E-07	-1.13E-05	-1.96E-05
469	9	0	0	0	0	0	0	232	254	0	1.28E-05	4.73E-07	-1.13E-05	-1.96E-05
469	10	0	0	0	0	0	0	232	254	0	1.90E-06	-1.86E-06	-5.80E-06	-1.85E-05
469	11	0	0	0	0	0	0	232	254	0	-6.45E-06	-3.16E-06	1.85E-07	-1.93E-05
469	12	0	0	0	0	0	0	232	254	0	-6.45E-06	-3.16E-06	1.85E-07	-1.93E-05
469	13	0	0	0	0	0	0	232	254	0	7.92E-07	-6.34E-07	1.45E-06	-1.97E-05
469	14	0	0	0	0	0	0	232	254	0	7.92E-07	-6.34E-07	1.45E-06	-1.97E-05
469	15	0	0	0	0	0	0	232	254	0	9.95E-06	2.20E-06	-2.92E-06	-1.52E-05
469	16	0	0	0	0	0	0	232	254	0	9.95E-06	2.20E-06	-2.92E-06	-1.52E-05
469	17	0	0	0	0	0	0	232	254	0	1.37E-05	3.16E-06	-7.84E-06	-1.28E-05
469	18	0	0	0	0	0	0	232	254	0	1.37E-05	3.16E-06	-7.84E-06	-1.28E-05
469	19	0	0	0	0	0	0	232	254	0	1.01E-05	1.15E-06	-1.72E-05	-1.38E-05
470	0	0	0	0	0	0	0	232	254	0	-1.32E-06	-8.52E-07	-2.09E-05	-1.36E-05
470	1	0	0	0	0	0	0	232	254	0	-1.32E-06	-8.52E-07	-2.09E-05	-1.36E-05
470	2	0	0	0	0	0	0	232	254	0	-1.23E-05	-1.82E-06	-1.59E-05	-1.77E-05
470	3	0	0	0	0	0	0	232	254	0	-1.23E-05	-1.82E-06	-1.59E-05	-1.77E-05
470	4	0	0	0	0	0	0	232	254	0	-1.32E-05	-1.18E-07	-1.26E-05	-2.02E-05
470	5	0	0	0	0	0	0	232	254	0	-1.32E-05	-1.18E-07	-1.26E-05	-2.02E-05
470	6	0	0	0	0	0	0	232	254	0	-1.09E-05	3.72E-06	-1.02E-05	-1.18E-05
470	7	0	0	0	0	0	0	232	254	0	-1.09E-05	3.72E-06	-1.02E-05	-1.18E-05
470	8	0	0	0	0	0	0	232	254	0	-1.06E-05	5.87E-06	-5.49E-06	-8.26E-07
470	9	0	0	0	0	0	0	232	254	0	-1.43E-05	5.55E-06	-2.20E-06	8.38E-08
470	10	0	0	0	0	0	0	232	254	0	-1.43E-05	5.55E-06	-2.20E-06	8.38E-08
470	11	0	0	0	0	0	0	232	254	0	-1.73E-05	6.55E-06	-4.03E-06	-6.36E-06
470	12	0	0	0	0	0	0	232	254	0	-1.73E-05	6.55E-06	-4.03E-06	-6.36E-06
470	13	0	0	0	0	0	0	232	254	0	-1.63E-05	7.18E-06	-1.67E-05	-1.76E-05
470	14	0	0	0	0	0	0	232	254	0	-1.63E-05	7.18E-06	-1.67E-05	-1.76E-05
470	15	0	0	0	0	0	0	232	254	0	-1.44E-05	4.22E-06	-2.56E-05	-2.80E-05
470	16	0	0	0	0	0	0	232	254	0	-1.44E-05	4.22E-06	-2.56E-05	-2.80E-05
470	17	0	0	0	0	0	0	232	254	0	-1.49E-05	5.87E-06	-2.23E-05	-2.46E-05
470	18	0	0	0	0	0	0	232	254	0	-1.33E-05	5.49E-06	-9.02E-06	-1.53E-05
470	19	0	0	0	0	0	0	232	254	0	-1.33E-05	5.49E-06	-9.02E-06	-1.53E-05
471	0	0	0	0	0	0	0	232	254	0	-1.40E-05	2.23E-06	-6.22E-06	-1.53E-05
471	1	0	0	0	0	0	0	232	254	0	-1.40E-05	2.23E-06	-6.22E-06	-1.53E-05
471	2	0	0	0	0	0	0	232	254	0	-1.81E-05	6.01E-06	-1.97E-05	-1.56E-05
471	3	0	0	0	0	0	0	232	254	0	-1.81E-05	6.01E-06	-1.97E-05	-1.56E-05
471	4	0	0	0	0	0	0	232	254	0	-2.56E-05	1.60E-05	-2.72E-05	-1.33E-05
471	5	0	0	0	0	0	0	232	254	0	-2.56E-05	1.60E-05	-2.72E-05	-1.33E-05
471	6	0	0	0	0	0	0	232	254	0	-2.95E-05	1.63E-05	-2.49E-05	-1.46E-05
471	7	0	0	0	0	0	0	232	254	0	-3.85E-05	8.35E-06	-1.38E-05	-1.25E-05
471	8	0	0	0	0	0	0	232	254	0	-3.85E-05	8.35E-06	-1.38E-05	-1.25E-05
471	9	0	0	0	0	0	0	232	254	0	-4.59E-05	5.21E-06	6.40E-06	-6.34E-06
471	10	0	0	0	0	0	0	232	254	0	-4.59E-05	5.21E-06	6.40E-06	-6.34E-06
471	11	0	0	0	0	0	0	232	254	0	-5.40E-05	6.10E-06	2.09E-05	-3.57E-06
471	12	0	0	0	0	0	0	232	254	0	-5.40E-05	6.10E-06	2.09E-05	-3.57E-06
471	13	0	0	0	0	0	0	232	254	0	-5.91E-05	1.06E-05	1.72E-05	-6.98E-06
471	14	0	0	0	0	0	0	232	254	0	-5.91E-05	1.06E-05	1.72E-05	-6.98E-06
471	15	0	0	0	0	0	0	232	254	0	-5.09E-05	1.24E-05	8.14E-06	-1.45E-05
471	16	0	0	0	0	0	0	232	254	0	-2.93E-05	8.56E-06	2.15E-06	-1.69E-05
471	17	0	0	0	0	0	0	232	254	0	-2.93E-05	8.56E-06	2.15E-06	-1.69E-05
471	18	0	0	0	0	0	0	232	254	0	-7.92E-06	8.93E-06	-4.99E-07	-1.63E-05
471	19	0	0	0	0	0	0	232	254	0	-7.92E-06	8.93E-06	-4.99E-07	-1.63E-05
472	0	0	0	0	0	0	0	232	254	0	1.47E-05	1.16E-05	-2.08E-07	-1.51E-05
472	1	0	0	0	0	0	0	232	254	0	1.47E-05	1.16E-05	-2.08E-07	-1.51E-05
472	2	0	0	0	0	0	0	232	254	0	2.31E-05	1.16E-05	-3.25E-06	-3.66E-06
472	3	0	0	0	0	0	0	232	254	0	2.31E-05	1.16E-05	-3.25E-06	-3.66E-06
472	4	0	0	0	0	0	0	232	254	0	1.70E-05	1.06E-05	-7.97E-06	1.12E-05
472	5	0	0	0	0	0	0	232	254	0	5.43E-06	1.02E-05	-1.38E-05	9.96E-06
472	6	0	0	0	0	0	0	232	254	0	5.43E-06	1.02E-05	-1.38E-05	9.96E-06
472	7	0	0	0	0	0	0	232	254	0	-1.56E-05	9.22E-06	-1.46E-05	1.21E-06
472	8	0	0	0	0	0	0	232	254	0	-1.56E-05	9.22E-06	-1.46E-05	1.21E-06
472	9	0	0	0	0	0	0	232	254	0	-2.91E-05	8.53E-06	-1.37E-05	-2.15E-05
472	10	0	0	0	0	0	0	232	254	0	-2.91E-05	8.53E-06	-1.37E-05	-2.15E-05
472	11	0	0	0	0	0	0	232	254	0	-2.03E-05	6.55E-06	-1.02E-05	-3.81E-05
472	12	0	0	0	0	0	0	232	254	0	-2.03E-05	6.55E-06	-1.02E-05	-3.81E-05
472	13	0	0	0	0	0	0	232	254	0	-5.27E-06	6.54E-06	-5.99E-06	-2.47E-05
472	14	0	0	0	0	0	0	232	254	0	-1.01E-05	5.88E-06	-2.22E-06	-2.46E-05
472	15	0	0	0	0	0	0	232	254	0	-1.01E-05	5.88E-06	-2.22E-06	-2.46E-05
472	16	0	0	0	0	0	0	232	254	0	-1.45E-05	6.33E-06	-5.25E-06	-2.22E-05
472	17	0	0	0	0	0	0	232	254	0	-1.45E-05	6.33E-06	-5.25E-06	-2.22E-05
472	18	0	0	0	0	0	0	232	254	0	-5.22E-06	2.48E-06	-8.43E-06	-1.07E-05
472	19	0	0	0	0	0	0	232	254	0	-5.22E-06	2.48E-06	-8.43E-06	-1.07E-05
473	0	0	0	0	0	0	0	232	254	0	-6.36E-06	-5.08E-07	-1.15E-05	-1.04E-05
473	1	0	0	0	0	0	0	232	254	0	-6.36E-06	-5.08E-07	-1.15E-05	-1.04E-05
473	2	0	0	0	0	0	0	232	254	0	-1.78E-05	-8.39E-07	-1.56E-05	-1.15E-05
473	3	0	0	0	0	0	0	232	254	0	-2.00E-05	-8.13E-07	-1.69E-05	-8.90E-06
473	4	0	0	0	0	0	0	232	254	0	-2.00E-05	-8.13E-07	-1.69E-05	-8.90E-06
473	5	0	0	0	0	0	0	232	254	0	-2.27E-05	1.19E-06	-1.46E-05	-9.36E-06
473	6	0	0	0	0	0	0	232	254	0	-2.27E-05	1.19E-06	-1.46E-05	-9.36E-06
473	7	0	0	0	0	0	0	232	254	0	-2.74E-05	2.33E-06	-1.37E-05	-1.88E-05
473	8	0	0	0	0	0	0	232	254	0	-2.74E-05	2.33E-06	-1.37E-05	-1.88E-05
473	9	0	0	0	0	0	0	232	254	0	-2.86E-05	1.15E-06	-1.17E-05	-3.06E-05
473	10	0	0	0	0	0	0	232	254	0	-2.86E-05	1.15E-06	-1.17E-05	-3.06E-05
473	11	0	0	0	0	0	0	232	254	0	-3.11E-05	-6.43E-07	-8.24E-06	-1.89E-05
473	12	0	0	0	0	0	0	232	254	0	-3.85E-05	1.54E-06	-9.58E-06	8.24E-06
473	13	0	0	0	0	0	0	232	254	0	-3.85E-05	1.54E-06	-9.58E-06	8.24E-06
473	14	0	0	0	0	0	0	232	254	0	-4.02E-05	3.85E-06	-1.03E-05	9.44E-06
473	15	0	0	0	0	0	0	232	254	0	-4.02E-05	3.85E-06	-1.03E-05	9.44E-06
473	16	0	0	0	0	0	0	232	254	0	-4.40E-05	2.84E-06	-1.36E-05	-1.53E-07
473	17	0	0	0	0	0	0	232	254	0	-4.40E-05	2.84E-06	-1.36E-05	-1.53E-07
473	18	0	0	0	0	0	0	232	254	0	-3.13E-05	1.50E-06	-1.22E-05	-1.18E-05
473	19	0	0	0	0	0	0	232	254	0	-3.13E-05	1.50E-06	-1.22E-05	-1.18E-05
474	0	0	0	0	0	0	0	232	254	0	-2.26E-05	6.87E-07	-7.85E-06	-2.64E-05
474	1	0	0	0	0	0	0	232	254	0	-1.89E-05	1.86E-06	-5.17E-06	-3.09E-05
474	2	0	0	0	0	0	0	232	254	0	-1.89E-05	1.86E-06	-5.17E-06	-3.09E-05
474	3	0	0	0	0	0	0	232	254	0	-1.38E-05	2.85E-06	-2.86E-06	-1.89E-05
474	4	0	0	0	0	0	0	232	254	0	-1.38E-05	2.85E-06	-2.86E-06	-1.89E-05
474	5	0	0	0	0	0	0	232	254	0	-1.51E-05	2.52E-06	-3.23E-06	-2.86E-06
474	6	0	0	0	0	0	0	232	254	0	-1.51E-05	2.52E-06	-3.23E-06	-2.86E-06
474	7	0	0	0	0	0	0	232	254	0	-1.73E-05	2.54E-06	-6.58E-06	-3.25E-06
474	8	0	0	0	0	0	0	232	254	0	-1.73E-05	2.54E-06	-6.58E-06	-3.25E-06
474	9	0	0	0	0	0	0	232	254	0	-1.91E-05	4.20E-06	-9.25E-06	-7.69E-06
474	10	0	0	0	0	0	0	232	254	0	-2.64E-05	4.33E-06	-1.09E-05	-5.74E-06
474	11	0	0	0	0	0	0	232	254	0	-2.64E-05	4.33E-06	-1.09E-05	-5.74E-06
474	12	0	0	0	0	0	0	232	254	0	-3.31E-05	2.01E-06	-1.09E-05	-8.13E-06
474	13	0	0	0	0	0	0	232	254	0	-3.31E-05	2.01E-06	-1.09E-05	-8.13E-06
474	14	0	0	0	0	0	0	232	254	0	-3.40E-05	1.69E-06	-1.02E-05	-1.33E-05
474	15	0	0	0	0	0	0	232	254	0	-3.40E-05	1.69E-06	-1.02E-05	-1.33E-05
474	16	0	0	0	0	0	0	232	254	0	-3.15E-05	2.51E-06	-1.02E-05	-1.48E-05
474	17	0	0	0	0	0	0	232	254	0	-3.15E-05	2.51E-06	-1.02E-05	-1.48E-05
474	18	0	0	0	0	0	0	232	254	0	-2.77E-05	1.86E-06	-1.06E-05	-7.96E-06
474	19	0	0	0	0	0	0	232	254	0	-2.44E-05	2.86E-06	-1.36E-05	-5.26E-07
475	0	0	0	0	0	0	0	232	254	0	-2.44E-05	2.86E-06	-1.36E-05	-5.26E-07
475	1	0	0	0	0	0	0	232	254	0	-2.91E-05	3.68E-06	-1.63E-05	-2.27E-06
475	2	0	0	0	0	0	0	232	254	0	-2.91E-05	3.68E-06	-1.63E-05	-2.27E-06
475	3	0	0	0	0	0	0	232	254	0	-3.39E-05	2.84E-06	-1.49E-05	-8.50E-06
475	4	0	0	0	0	0	0	232	254	0	-3.39E-05	2.84E-06	-1.49E-05	-8.50E-06
475	5	0	0	0	0	0	0	232	254	0	-3.66E-05	1.56E-06	-1.36E-05	-4.07E-06
475	6	0	0	0	0	0	0	232	254	0	-3.66E-05	1.56E-06	-1.36E-05	-4.07E-06
475	7	0	0	0	0	0	0	232	254	0	-3.88E-05	5.59E-06	-1.12E-05	-6.98E-06
475	8	0	0	0	0	0	0	232	254	0	-3.98E-05	9.51E-06	-9.84E-06	-1.43E-05
475	9	0	0	0	0	0	0	232	254	0	-3.98E-05	9.51E-06	-9.84E-06	-1.43E-05
475	10	0	0	0	0	0	0	232	254	0	-3.85E-05	5.15E-06	-5.17E-06	-1.32E-05
475	11	0	0	0	0	0	0	232	254	0	-3.85E-05	5.15E-06	-5.17E-06	-1.32E-05
475	12	0	0	0	0	0	0	232	254	0	-4.16E-05	1.04E-06	-3.00E-06	-9.95E-06
475	13	0	0	0	0	0	0	232	254	0	-4.16E-05	1.04E-06	-3.00E-06	-9.95E-06
475	14	0	0	0	0	0	0	232	254	0	-4.86E-05	3.23E-06	-1.66E-06	-1.38E-05
475	15	0	0	0	0	0	0	232	254	0	-4.86E-05	3.23E-06	-1.66E-06	-1.38E-05
475	16	0	0	0	0	0	0	232	254	0	-5.25E-05	6.56E-06	-2.11E-07	-1.59E-05
475	17	0	0	0	0	0	0	232	254	0	-5.04E-05	7.88E-06	-3.38E-06	-1.24E-05
475	18	0	0	0	0	0	0	232	254	0	-5.04E-05	7.88E-06	-3.38E-06	-1.24E-05
475	19	0	0	0	0	0	0	232	254	0	-3.93E-05	7.19E-06	-4.92E-06	-8.56E-06
476	0	0	0	0	0	0	0	232	254	0	-3.93E-05	7.19E-06	-4.92E-06	-8.56E-06
476	1	0	0	0	0	0	0	232	254	0	-3.24E-05	5.20E-06	-8.51E-06	-8.92E-06
476	2	0	0	0	0	0	0	232	254	0	-3.24E-05	5.20E-06	-8.51E-06	-8.92E-06
476	3	0	0	0	0	0	0	232	254	0	-3.05E-05	4.87E-06	-1.73E-05	-1.04E-05
476	4	0	0	0	0	0	0	232	254	0	-3.05E-05	4.87E-06	-1.73E-05	-1.04E-05
476	5	0	0	0	0	0	0	232	254	0	-2.84E-05	5.25E-06	-1.96E-05	-1.20E-05
476	6	0	0	0	0	0	0	232	254	0	-2.85E-05	8.40E-06	-1.63E-05	-1.60E-05
476	7	0	0	0	0	0	0	232	254	0	-2.85E-05	8.40E-06	-1.63E-05	-1.60E-05
476	8	0	0	0	0	0	0	232	254	0	-2.87E-05	8.90E-06	-1.98E-05	-1.99E-05
476	9	0	0	0	0	0	0	232	254	0	-2.87E-05	8.90E-06	-1.98E-05	-1.99E-05
476	10	0	0	0	0	0	0	232	254	0	-2.90E-05	9.06E-06	-1.93E-05	-2.40E-05
476	11	0	0	0	0	0	0	232	254	0	-2.90E-05	9.06E-06	-1.93E-05	-2.40E-05
476	12	0	0	0	0	0	0	232	254	0	-2.73E-05	9.06E-06	-1.62E-05	-2.02E-05
476	13	0	0	0	0	0	0	232	254	0	-2.73E-05	9.06E-06	-1.62E-05	-2.02E-05
476	14	0	0	0	0	0	0	232	254	0	-2.53E-05	8.55E-06	-1.22E-05	-1.23E-05
476	15	0	0	0	0	0	0	232	254	0	-2.45E-05	7.55E-06	-4.59E-06	-1.64E-05
476	16	0	0	0	0	0	0	232	254	0	-2.45E-05	7.55E-06	-4.59E-06	-1.64E-05
476	17	0	0	0	0	0	0	232	254	0	-2.23E-05	7.22E-06	3.16E-06	-2.46E-05
476	18	0	0	0	0	0	0	232	254	0	-2.23E-05	7.22E-06	3.16E-06	-2.46E-05
476	19	0	0	0	0	0	0	232	254	0	-2.16E-05	7.23E-06	1.00E-06	-1.89E-05
477	0	0	0	0	0	0	0	232	254	0	-2.16E-05	7.23E-06	1.00E-06	-1.89E-05
477	1	0	0	0	0	0	0	232	254	0	-2.13E-05	8.21E-06	4.81E-07	-1.40E-05
477	2	0	0	0	0	0	0	232	254	0	-2.13E-05	8.21E-06	4.81E-07	-1.40E-05
477	3	0	0	0	0	0	0	232	254	0	-2.08E-05	6.90E-06	-1.22E-06	-1.66E-05
477	4	0	0	0	0	0	0	232	254	0	-2.10E-05	7.91E-06	-4.37E-06	-1.65E-05
477	5	0	0	0	0	0	0	232	254	0	-2.10E-05	7.91E-06	-4.37E-06	-1.65E-05
477	6	0	0	0	0	0	0	232	254	0	-2.04E-05	9.56E-06	-5.07E-06	-1.12E-05
477	7	0	0	0	0	0	0	232	254	0	-2.04E-05	9.56E-06	-5.07E-06	-1.12E-05
477	8	0	0	0	0	0	0	232	254	0	-1.79E-05	8.90E-06	-7.24E-06	-6.86E-06
477	9	0	0	0	0	0	0	232	254	0	-1.79E-05	8.90E-06	-7.24E-06	-6.86E-06
477	10	0	0	0	0	0	0	232	254	0	-1.52E-05	9.06E-06	-8.92E-06	-5.53E-06
477	11	0	0	0	0	0	0	232	254	0	-1.52E-05	9.06E-06	-8.92E-06	-5.53E-06
477	12	0	0	0	0	0	0	232	254	0	-1.29E-05	8.89E-06	-1.06E-05	-5.20E-06
477	13	0	0	0	0	0	0	232	254	0	-1.19E-05	8.42E-06	-1.04E-05	-5.02E-06
477	14	0	0	0	0	0	0	232	254	0	-1.19E-05	8.42E-06	-1.04E-05	-5.02E-06
477	15	0	0	0	0	0	0	232	254	0	-9.55E-06	1.02E-05	-9.56E-06	-1.62E-05
477	16	0	0	0	0	0	0	232	254	0	-9.55E-06	1.02E-05	-9.56E-06	-1.62E-05
477	17	0	0	0	0	0	0	232	254	0	-8.57E-06	8.55E-06	-8.89E-06	-1.24E-05
477	18	0	0	0	0	0	0	232	254	0	-8.57E-06	8.55E-06	-8.89E-06	-1.24E-05
477	19	0	0	0	0	0	0	232	254	0	-9.21E-06	7.91E-06	-8.57E-06	-5.83E-07
478	0	0	0	0	0	0	0	232	254	0	-9.21E-06	7.91E-06	-8.57E-06	-5.83E-07
478	1	0	0	0	0	0	0	232	254	0	-7.76E-06	9.23E-06	-9.57E-06	-6.50E-06
478	2	0	0	0	0	0	0	232	254	0	-1.02E-05	8.92E-06	-9.90E-06	-1.50E-05
478	3	0	0	0	0	0	0	232	254	0	-1.02E-05	8.92E-06	-9.90E-06	-1.50E-05
478	4	0	0	0	0	0	0	232	254	0	-1.09E-05	1.08E-05	-9.61E-06	-1.08E-05
478	5	0	0	0	0	0	0	232	254	0	-1.09E-05	1.08E-05	-9.61E-06	-1.08E-05
478	6	0	0	0	0	0	0	232	254	0	-1.12E-05	1.26E-05	-1.28E-05	-1.47E-06
478	7	0	0	0	0	0	0	232	254	0	-1.12E-05	1.26E-05	-1.28E-05	-1.47E-06
478	8	0	0	0	0	0	0	232	254	0	-1.09E-05	1.17E-05	-1.46E-05	1.53E-06
478	9	0	0	0	0	0	0	232	254	0	-1.09E-05	1.17E-05	-1.46E-05	1.53E-06
478	10	0	0	0	0	0	0	232	254	0	-1.26E-05	8.70E-06	-1.48E-05	-9.42E-06
478	11	0	0	0	0	0	0	232	254	0	-1.70E-05	6.34E-06	-1.35E-05	-2.32E-05
478	12	0	0	0	0	0	0	232	254	0	-1.70E-05	6.34E-06	-1.35E-05	-2.32E-05
478	13	0	0	0	0	0	0	232	254	0	-1.78E-05	3.47E-06	-9.85E-06	-3.90E-05
478	14	0	0	0	0	0	0	232	254	0	-1.78E-05	3.47E-06	-9.85E-06	-3.90E-05
478	15	0	0	0	0	0	0	232	254	0	-1.69E-05	-1.68E-07	-5.85E-06	-3.12E-05
478	16	0	0	0	0	0	0	232	254	0	-1.69E-05	-1.68E-07	-5.85E-06	-3.12E-05
478	17	0	0	0	0	0	0	232	254	0	-1.63E-05	-1.40E-07	-4.27E-06	-1.82E-05
478	18	0	0	0	0	0	0	232	254	0	-1.63E-05	-1.40E-07	-4.27E-06	-1.82E-05
478	19	0	0	0	0	0	0	232	254	0	-1.42E-05	1.86E-06	-9.64E-06	-1.35E-05
479	0	0	0	0	0	0	0	232	254	0	-6.74E-06	3.18E-06	-1.50E-05	-7.07E-06
479	1	0	0	0	0	0	0	232	254	0	-6.74E-06	3.18E-06	-1.50E-05	-7.07E-06
479	2	0	0	0	0	0	0	232	254	0	3.64E-06	2.50E-06	-1.65E-05	-8.55E-06
479	3	0	0	0	0	0	0	232	254	0	3.64E-06	2.50E-06	-1.65E-05	-8.55E-06
479	4	0	0	0	0	0	0	232	254	0	1.19E-05	1.15E-06	-1.69E-05	-7.79E-06
479	5	0	0	0	0	0	0	232	254	0	1.19E-05	1.15E-06	-1.69E-05	-7.79E-06
479	6	0	0	0	0	0	0	232	254	0	9.07E-06	-6.55E-07	-1.23E-05	-7.44E-07
479	7	0	0	0	0	0	0	232	254	0	9.07E-06	-6.55E-07	-1.23E-05	-7.44E-07
479	8	0	0	0	0	0	0	232	254	0	-2.93E-06	5.01E-07	-5.18E-06	-1.82E-05
479	9	0	0	0	0	0	0	232	254	0	-8.41E-06	3.17E-07	-3.35E-06	-2.60E-05
479	10	0	0	0	0	0	0	232	254	0	-8.41E-06	3.17E-07	-3.35E-06	-2.60E-05
479	11	0	0	0	0	0	0	232	254	0	-9.91E-06	-1.01E-06	-3.21E-06	-9.70E-06
479	12	0	0	0	0	0	0	232	254	0	-9.91E-06	-1.01E-06	-3.21E-06	-9.70E-06
479	13	0	0	0	0	0	0	232	254	0	-1.04E-05	-1.51E-06	-4.56E-06	5.21E-06
479	14	0	0	0	0	0	0	232	254	0	-1.04E-05	-1.51E-06	-4.56E-06	5.21E-06
479	15	0	0	0	0	0	0	232	254	0	-1.13E-05	-1.53E-06	-6.94E-06	5.80E-06
479	16	0	0	0	0	0	0	232	254	0	-1.13E-05	-1.53E-06	-6.94E-06	5.80E-06
479	17	0	0	0	0	0	0	232	254	0	-1.33E-05	-3.20E-06	-1.13E-05	7.89E-07
479	18	0	0	0	0	0	0	232	254	0	-1.55E-05	-4.02E-06	-1.27E-05	9.17E-06
479	19	0	0	0	0	0	0	232	254	0	-1.55E-05	-4.02E-06	-1.27E-05	9.17E-06
480	0	0	0	0	0	0	0	232	254	0	-1.97E-05	-3.18E-06	-1.22E-05	4.80E-06
480	1	0	0	0	0	0	0	232	254	0	-1.97E-05	-3.18E-06	-1.22E-05	4.80E-06
480	2	0	0	0	0	0	0	232	254	0	-2.18E-05	-2.34E-06	-1.12E-05	-1.23E-05
480	3	0	0	0	0	0	0	232	254	0	-2.18E-05	-2.34E-06	-1.12E-05	-1.23E-05
480	4	0	0	0	0	0	0	232	254	0	-2.15E-05	-1.52E-06	-9.54E-06	-1.70E-05
480	5	0	0	0	0	0	0	232	254	0	-2.15E-05	-1.52E-06	-9.54E-06	-1.70E-05
480	6	0	0	0	0	0	0	232	254	0	-2.40E-05	-2.52E-06	-7.50E-06	-1.70E-05
480	7	0	0	0	0	0	0	232	254	0	-2.67E-05	-2.83E-06	-3.67E-06	-1.80E-05
480	8	0	0	0	0	0	0	232	254	0	-2.67E-05	-2.83E-06	-3.67E-06	-1.80E-05
480	9	0	0	0	0	0	0	232	254	0	-2.90E-05	-1.16E-06	-2.20E-06	-2.31E-05
480	10	0	0	0	0	0	0	232	254	0	-2.90E-05	-1.16E-06	-2.20E-06	-2.31E-05
480	11	0	0	0	0	0	0	232	254	0	-2.80E-05	-1.59E-07	-3.52E-06	-3.15E-05
480	12	0	0	0	0	0	0	232	254	0	-2.80E-05	-1.59E-07	-3.52E-06	-3.15E-05
480	13	0	0	0	0	0	0	232	254	0	-2.84E-05	4.94E-07	-3.03E-06	-3.68E-05
480	14	0	0	0	0	0	0	232	254	0	-2.84E-05	4.94E-07	-3.03E-06	-3.68E-05
480	15	0	0	0	0	0	0	232	254	0	-3.04E-05	-1.68E-07	-3.91E-06	-2.95E-05
480	16	0	0	0	0	0	0	232	254	0	-3.11E-05	-1.43E-07	-7.59E-06	-1.51E-05
480	17	0	0	0	0	0	0	232	254	0	-3.11E-05	-1.43E-07	-7.59E-06	-1.51E-05
480	18	0	0	0	0	0	0	232	254	0	-3.31E-05	1.69E-06	-1.06E-05	-1.18E-05
480	19	0	0	0	0	0	0	232	254	0	-3.31E-05	1.69E-06	-1.06E-05	-1.18E-05
481	0	0	0	0	0	0	0	232	254	0	-3.44E-05	2.21E-06	-1.03E-05	-1.26E-05
481	1	0	0	0	0	0	0	232	254	0	-3.44E-05	2.21E-06	-1.03E-05	-1.26E-05
481	2	0	0	0	0	0	0	232	254	0	-3.41E-05	4.57E-06	-1.13E-05	-1.62E-05
481	3	0	0	0	0	0	0	232	254	0	-3.41E-05	4.57E-06	-1.13E-05	-1.62E-05
481	4	0	0	0	0	0	0	232	254	0	-3.30E-05	7.22E-06	-1.26E-05	-2.46E-05
481	5	0	0	0	0	0	0	232	254	0	-2.83E-05	7.24E-06	-1.12E-05	-1.86E-05
481	6	0	0	0	0	0	0	232	254	0	-2.83E-05	7.24E-06	-1.12E-05	-1.86E-05
481	7	0	0	0	0	0	0	232	254	0	-2.42E-05	9.09E-06	-8.88E-06	-4.53E-06
481	8	0	0	0	0	0	0	232	254	0	-2.42E-05	9.09E-06	-8.88E-06	-4.53E-06
481	9	0	0	0	0	0	0	232	254	0	-1.73E-05	1.11E-05	-7.42E-06	-4.30E-06
481	10	0	0	0	0	0	0	232	254	0	-1.73E-05	1.11E-05	-7.42E-06	-4.30E-06
481	11	0	0	0	0	0	0	232	254	0	-1.98E-05	1.02E-05	-9.92E-06	-1.16E-05
481	12	0	0	0	0	0	0	232	254	0	-1.98E-05	1.02E-05	-9.92E-06	-1.16E-05
481	13	0	0	0	0	0	0	232	254	0	-2.87E-05	1.06E-05	-1.12E-05	-1.41E-05
481	14	0	0	0	0	0	0	232	254	0	-2.92E-05	1.18E-05	-1.02E-05	-1.09E-05
481	15	0	0	0	0	0	0	232	254	0	-2.92E-05	1.18E-05	-1.02E-05	-1.09E-05
481	16	0	0	0	0	0	0	232	254	0	-2.77E-05	1.28E-05	-1.03E-05	-1.32E-05
481	17	0	0	0	0	0	0	232	254	0	-2.77E-05	1.28E-05	-1.03E-05	-1.32E-05
481	18	0	0	0	0	0	0	232	254	0	-2.70E-05	1.29E-05	-1.23E-05	-1.80E-05
481	19	0	0	0	0	0	0	232	254	0	-2.70E-05	1.29E-05	-1.23E-05	-1.80E-05
482	0	0	0	0	0	0	0	232	254	0	-2.45E-05	1.36E-05	-1.26E-05	-2.08E-05
482	1	0	0	0	0	0	0	232	254	0	-2.45E-05	1.36E-05	-1.26E-05	-2.08E-05
482	2	0	0	0	0	0	0	232	254	0	-2.18E-05	1.06E-05	-9.88E-06	-8.30E-06
482	3	0	0	0	0	0	0	232	254	0	-2.23E-05	9.93E-06	-8.06E-06	-1.91E-06
482	4	0	0	0	0	0	0	232	254	0	-2.23E-05	9.93E-06	-8.06E-06	-1.91E-06
482	5	0	0	0	0	0	0	232	254	0	-2.16E-05	1.16E-05	-8.40E-06	-6.43E-06
482	6	0	0	0	0	0	0	232	254	0	-2.16E-05	1.16E-05	-8.40E-06	-6.43E-06
482	7	0	0	0	0	0	0	232	254	0	-1.89E-05	1.02E-05	-8.91E-06	-1.03E-05
482	8	0	0	0	0	0	0	232	254	0	-1.89E-05	1.02E-05	-8.91E-06	-1.03E-05
482	9	0	0	0	0	0	0	232	254	0	-1.65E-05	8.70E-06	-1.03E-05	-1.50E-05
482	10	0	0	0	0	0	0	232	254	0	-1.65E-05	8.70E-06	-1.03E-05	-1.50E-05
482	11	0	0	0	0	0	0	232	254	0	-1.77E-05	6.87E-06	-1.33E-05	-1.71E-05
482	12	0	0	0	0	0	0	232	254	0	-2.07E-05	5.84E-06	-1.36E-05	-6.50E-06
482	13	0	0	0	0	0	0	232	254	0	-2.07E-05	5.84E-06	-1.36E-05	-6.50E-06
482	14	0	0	0	0	0	0	232	254	0	-2.23E-05	3.50E-06	-1.03E-05	-3.06E-06
482	15	0	0	0	0	0	0	232	254	0	-2.23E-05	3.50E-06	-1.03E-05	-3.06E-06
482	16	0	0	0	0	0	0	232	254	0	-2.23E-05	1.86E-06	-4.88E-06	-5.91E-06
482	17	0	0	0	0	0	0	232	254	0	-2.23E-05	1.86E-06	-4.88E-06	-5.91E-06
482	18	0	0	0	0	0	0	232	254	0	-2.08E-05	2.51E-06	-5.94E-06	-8.24E-06
482	19	0	0	0	0	0	0	232	254	0	-2.08E-05	2.51E-06	-5.94E-06	-8.24E-06
483	0	0	0	0	0	0	0	232	254	0	-2.10E-05	1.87E-06	-1.02E-05	-9.69E-06
483	1	0	0	0	0	0	0	232	254	0	-2.17E-05	3.68E-06	-7.22E-06	-1.83E-05
483	2	0	0	0	0	0	0	232	254	0	-2.17E-05	3.68E-06	-7.22E-06	-1.83E-05
483	3	0	0	0	0	0	0	232	254	0	-2.43E-05	2.84E-06	-7.63E-06	-1.90E-05
483	4	0	0	0	0	0	0	232	254	0	-2.43E-05	2.84E-06	-7.63E-06	-1.90E-05
483	5	0	0	0	0	0	0	232	254	0	-2.31E-05	1.85E-06	-1.34E-05	-6.34E-06
483	6	0	0	0	0	0	0	232	254	0	-2.31E-05	1.85E-06	-1.34E-05	-6.34E-06
483	7	0	0	0	0	0	0	232	254	0	-2.10E-05	1.84E-06	-2.28E-05	-3.65E-06
483	8	0	0	0	0	0	0	232	254	0	-2.10E-05	1.84E-06	-2.28E-05	-3.65E-06
483	9	0	0	0	0	0	0	232	254	0	-2.17E-05	1.17E-06	-3.39E-05	-1.29E-05
483	10	0	0	0	0	0	0	232	254	0	-2.33E-05	1.17E-06	-4.34E-05	-1.23E-05
483	11	0	0	0	0	0	0	232	254	0	-2.33E-05	1.17E-06	-4.34E-05	-1.23E-05
483	12	0	0	0	0	0	0	232	254	0	-2.33E-05	5.06E-07	-3.67E-05	-1.33E-05
483	13	0	0	0	0	0	0	232	254	0	-2.33E-05	5.06E-07	-3.67E-05	-1.33E-05
483	14	0	0	0	0	0	0	232	254	0	-2.13E-05	6.69E-07	-1.69E-05	-1.63E-05
483	15	0	0	0	0	0	0	232	254	0	-2.13E-05	6.69E-07	-1.69E-05	-1.63E-05
483	16	0	0	0	0	0	0	232	254	0	-2.23E-05	5.13E-07	8.28E-06	-1.67E-05
483	17	0	0	0	0	0	0	232	254	0	-2.23E-05	5.13E-07	8.28E-06	-1.67E-05
483	18	0	0	0	0	0	0	232	254	0	-2.23E-05	1.17E-06	1.18E-05	-2.05E-05
483	19	0	0	0	0	0	0	232	254	0	-2.18E-05	1.18E-06	2.35E-06	-2.49E-05
484	0	0	0	0	0	0	0	232	254	0	-2.18E-05	1.18E-06	2.35E-06	-2.49E-05
484	1	0	0	0	0	0	0	232	254	0	-2.16E-05	1.52E-06	1.47E-05	-1.84E-05
484	2	0	0	0	0	0	0	232	254	0	-2.16E-05	1.52E-06	1.47E-05	-1.84E-05
484	3	0	0	0	0	0	0	232	254	0	-2.03E-05	1.85E-06	2.46E-05	-1.20E-05
484	4	0	0	0	0	0	0	232	254	0	-2.03E-05	1.85E-06	2.46E-05	-1.20E-05
484	5	0	0	0	0	0	0	232	254	0	-1.87E-05	2.19E-06	1.95E-05	-2.85E-06
484	6	0	0	0	0	0	0	232	254	0	-1.87E-05	2.19E-06	1.95E-05	-2.85E-06
484	7	0	0	0	0	0	0	232	254	0	-2.03E-05	2.70E-06	9.74E-06	-3.00E-06
484	8	0	0	0	0	0	0	232	254	0	-1.91E-05	3.87E-06	-2.04E-06	-1.38E-05
484	9	0	0	0	0	0	0	232	254	0	-1.91E-05	3.87E-06	-2.04E-06	-1.38E-05
484	10	0	0	0	0	0	0	232	254	0	-1.81E-05	4.20E-06	-1.58E-05	-2.76E-05
484	11	0	0	0	0	0	0	232	254	0	-1.81E-05	4.20E-06	-1.58E-05	-2.76E-05
484	12	0	0	0	0	0	0	232	254	0	-1.89E-05	4.73E-06	-1.65E-05	-2.14E-05
484	13	0	0	0	0	0	0	232	254	0	-1.89E-05	4.73E-06	-1.65E-05	-2.14E-05
484	14	0	0	0	0	0	0	232	254	0	-1.71E-05	6.90E-06	-1.09E-05	-2.28E-06
484	15	0	0	0	0	0	0	232	254	0	-1.71E-05	6.90E-06	-1.09E-05	-2.28E-06
484	16	0	0	0	0	0	0	232	254	0	-1.70E-05	7.88E-06	-8.21E-06	2.40E-06
484	17	0	0	0	0	0	0	232	254	0	-1.96E-05	7.22E-06	-6.85E-06	-6.12E-06
484	18	0	0	0	0	0	0	232	254	0	-1.96E-05	7.22E-06	-6.85E-06	-6.12E-06
484	19	0	0	0	0	0	0	232	254	0	-1.97E-05	7.53E-06	-4.85E-06	-2.37E-05
485	0	0	0	0	0	0	0	232	254	0	-1.97E-05	7.53E-06	-4.85E-06	-2.37E-05
485	1	0	0	0	0	0	0	232	254	0	-2.08E-05	5.88E-06	-3.89E-06	-2.68E-05
485	2	0	0	0	0	0	0	232	254	0	-2.08E-05	5.88E-06	-3.89E-06	-2.68E-05
485	3	0	0	0	0	0	0	232	254	0	-2.17E-05	6.19E-06	-5.93E-06	-2.05E-05
485	4	0	0	0	0	0	0	232	254	0	-2.17E-05	6.19E-06	-5.93E-06	-2.05E-05
485	5	0	0	0	0	0	0	232	254	0	-2.32E-05	4.53E-06	-9.60E-06	-1.35E-05
485	6	0	0	0	0	0	0	232	254	0	-2.43E-05	4.52E-06	-1.16E-05	-8.21E-06
485	7	0	0	0	0	0	0	232	254	0	-2.43E-05	4.52E-06	-1.16E-05	-8.21E-06
485	8	0	0	0	0	0	0	232	254	0	-2.43E-05	3.87E-06	-1.51E-05	-6.99E-06
485	9	0	0	0	0	0	0	232	254	0	-2.43E-05	3.87E-06	-1.51E-05	-6.99E-06
485	10	0	0	0	0	0	0	232	254	0	-2.33E-05	4.20E-06	-1.42E-05	-1.50E-05
485	11	0	0	0	0	0	0	232	254	0	-2.33E-05	4.20E-06	-1.42E-05	-1.50E-05
485	12	0	0	0	0	0	0	232	254	0	-2.17E-05	4.52E-06	-1.26E-05	-1.91E-05
485	13	0	0	0	0	0	0	232	254	0	-2.17E-05	4.52E-06	-1.26E-05	-1.91E-05
485	14	0	0	0	0	0	0	232	254	0	-2.32E-05	4.04E-06	-1.29E-05	-1.55E-05
485	15	0	0	0	0	0	0	232	254	0	-2.26E-05	5.21E-06	-1.36E-05	-1.12E-05
485	16	0	0	0	0	0	0	232	254	0	-2.26E-05	5.21E-06	-1.36E-05	-1.12E-05
485	17	0	0	0	0	0	0	232	254	0	-2.10E-05	5.89E-06	-1.29E-05	-7.61E-06
485	18	0	0	0	0	0	0	232	254	0	-2.10E-05	5.89E-06	-1.29E-05	-7.61E-06
485	19	0	0	0	0	0	0	232	254	0	-1.97E-05	6.85E-06	-1.18E-05	-1.19E-05
486	0	0	0	0	0	0	0	232	254	0	-1.97E-05	6.85E-06	-1.18E-05	-1.19E-05
486	1	0	0	0	0	0	0	232	254	0	-2.07E-05	4.87E-06	-1.22E-05	-1.15E-05
486	2	0	0	0	0	0	0	232	254	0	-2.07E-05	4.87E-06	-1.22E-05	-1.15E-05
486	3	0	0	0	0	0	0	232	254	0	-2.16E-05	4.85E-06	-1.19E-05	-9.07E-06
486	4	0	0	0	0	0	0	232	254	0	-2.10E-05	3.85E-06	-1.18E-05	-9.59E-06
486	5	0	0	0	0	0	0	232	254	0	-2.10E-05	3.85E-06	-1.18E-05	-9.59E-06
486	6	0	0	0	0	0	0	232	254	0	-2.23E-05	3.38E-06	-1.33E-05	-1.12E-05
486	7	0	0	0	0	0	0	232	254	0	-2.23E-05	3.38E-06	-1.33E-05	-1.12E-05
486	8	0	0	0	0	0	0	232	254	0	-2.18E-05	4.85E-06	-1.31E-05	-1.10E-05
486	9	0	0	0	0	0	0	232	254	0	-2.18E-05	4.85E-06	-1.31E-05	-1.10E-05
486	10	0	0	0	0	0	0	232	254	0	-2.20E-05	3.72E-06	-1.19E-05	-8.19E-06
486	11	0	0	0	0	0	0	232	254	0	-2.20E-05	3.72E-06	-1.19E-05	-8.19E-06
486	12	0	0	0	0	0	0	232	254	0	-2.27E-05	5.40E-06	-1.37E-05	-5.56E-06
486	13	0	0	0	0	0	0	232	254	0	-2.38E-05	7.71E-06	-1.17E-05	-6.93E-06
486	14	0	0	0	0	0	0	232	254	0	-2.38E-05	7.71E-06	-1.17E-05	-6.93E-06
486	15	0	0	0	0	0	0	232	254	0	-2.44E-05	7.24E-06	-1.03E-05	-1.06E-05
486	16	0	0	0	0	0	0	232	254	0	-2.44E-05	7.24E-06	-1.03E-05	-1.06E-05
486	17	0	0	0	0	0	0	232	254	0	-2.53E-05	8.54E-06	-1.23E-05	-1.28E-05
486	18	0	0	0	0	0	0	232	254	0	-2.53E-05	8.54E-06	-1.23E-05	-1.28E-05
486	19	0	0	0	0	0	0	232	254	0	-2.36E-05	6.86E-06	-1.32E-05	-3.47E-06
487	0	0	0	0	0	0	0	232	254	0	-2.36E-05	6.86E-06	-1.32E-05	-3.47E-06
487	1	0	0	0	0	0	0	232	254	0	-2.16E-05	5.22E-06	-1.24E-05	6.20E-08
487	2	0	0	0	0	0	0	232	254	0	-1.79E-05	6.38E-06	-1.04E-05	-7.52E-06
487	3	0	0	0	0	0	0	232	254	0	-1.79E-05	6.38E-06	-1.04E-05	-7.52E-06
487	4	0	0	0	0	0	0	232	254	0	-1.66E-05	6.20E-06	-1.02E-05	-1.74E-05
487	5	0	0	0	0	0	0	232	254	0	-1.66E-05	6.20E-06	-1.02E-05	-1.74E-05
487	6	0	0	0	0	0	0	232	254	0	-1.73E-05	5.70E-06	-7.82E-06	-2.29E-05
487	7	0	0	0	0	0	0	232	254	0	-1.73E-05	5.70E-06	-7.82E-06	-2.29E-05
487	8	0	0	0	0	0	0	232	254	0	-2.00E-05	5.56E-06	-3.19E-06	-2.72E-05
487	9	0	0	0	0	0	0	232	254	0	-2.00E-05	5.56E-06	-3.19E-06	-2.72E-05
487	10	0	0	0	0	0	0	232	254	0	-2.01E-05	7.22E-06	-3.12E-06	-1.48E-05
487	11	0	0	0	0	0	0	232	254	0	-2.07E-05	7.21E-06	-9.92E-06	-7.25E-06
487	12	0	0	0	0	0	0	232	254	0	-2.07E-05	7.21E-06	-9.92E-06	-7.25E-06
487	13	0	0	0	0	0	0	232	254	0	-2.10E-05	6.36E-06	-1.09E-05	-9.55E-06
487	14	0	0	0	0	0	0	232	254	0	-2.10E-05	6.36E-06	-1.09E-05	-9.55E-06
487	15	0	0	0	0	0	0	232	254	0	-2.18E-05	4.86E-06	-8.74E-06	-8.21E-06
487	16	0	0	0	0	0	0	232	254	0	-2.18E-05	4.86E-06	-8.74E-06	-8.21E-06
487	17	0	0	0	0	0	0	232	254	0	-2.26E-05	4.55E-06	-9.23E-06	-7.28E-06
487	18	0	0	0	0	0	0	232	254	0	-2.26E-05	4.55E-06	-9.23E-06	-7.28E-06
487	19	0	0	0	0	0	0	232	254	0	-2.06E-05	5.90E-06	-9.36E-06	-1.19E-05
488	0	0	0	0	0	0	0	232	254	0	-1.98E-05	7.55E-06	-6.42E-06	-1.12E-05
488	1	0	0	0	0	0	0	232	254	0	-1.98E-05	7.55E-06	-6.42E-06	-1.12E-05
488	2	0	0	0	0	0	0	232	254	0	-1.97E-05	7.55E-06	-9.26E-06	-7.72E-06
488	3	0	0	0	0	0	0	232	254	0	-1.97E-05	7.55E-06	-9.26E-06	-7.72E-06
488	4	0	0	0	0	0	0	232	254	0	-2.06E-05	7.55E-06	-1.12E-05	-7.44E-06
488	5	0	0	0	0	0	0	232	254	0	-2.06E-05	7.55E-06	-1.12E-05	-7.44E-06
488	6	0	0	0	0	0	0	232	254	0	-2.07E-05	7.37E-06	-9.90E-06	-1.13E-05
488	7	0	0	0	0	0	0	232	254	0	-2.07E-05	7.37E-06	-9.90E-06	-1.13E-05
488	8	0	0	0	0	0	0	232	254	0	-2.13E-05	6.54E-06	-9.89E-06	-1.64E-05
488	9	0	0	0	0	0	0	232	254	0	-2.05E-05	5.88E-06	-8.90E-06	-1.25E-05
488	10	0	0	0	0	0	0	232	254	0	-2.05E-05	5.88E-06	-8.90E-06	-1.25E-05
488	11	0	0	0	0	0	0	232	254	0	-2.12E-05	6.21E-06	-9.04E-06	-7.85E-06
488	12	0	0	0	0	0	0	232	254	0	-2.12E-05	6.21E-06	-9.04E-06	-7.85E-06
488	13	0	0	0	0	0	0	232	254	0	-2.13E-05	6.20E-06	-7.17E-06	-1.70E-05
488	14	0	0	0	0	0	0	232	254	0	-2.13E-05	6.20E-06	-7.17E-06	-1.70E-05
488	15	0	0	0	0	0	0	232	254	0	-1.90E-05	5.52E-06	-3.85E-06	-2.05E-05
488	16	0	0	0	0	0	0	232	254	0	-1.90E-05	5.52E-06	-3.85E-06	-2.05E-05
488	17	0	0	0	0	0	0	232	254	0	-2.03E-05	4.38E-06	-2.85E-06	-2.02E-05
488	18	0	0	0	0	0	0	232	254	0	-2.24E-05	5.37E-06	-2.38E-06	-1.51E-05
488	19	0	0	0	0	0	0	232	254	0	-2.24E-05	5.37E-06	-2.38E-06	-1.51E-05
489	0	0	0	0	0	0	0	232	254	0	-2.43E-05	5.18E-06	-4.30E-06	-1.17E-05
489	1	0	0	0	0	0	0	232	254	0	-2.43E-05	5.18E-06	-4.30E-06	-1.17E-05
489	2	0	0	0	0	0	0	232	254	0	-2.47E-05	3.86E-06	-1.18E-05	-1.83E-05
489	3	0	0	0	0	0	0	232	254	0	-2.47E-05	3.86E-06	-1.18E-05	-1.83E-05
489	4	0	0	0	0	0	0	232	254	0	-2.43E-05	3.86E-06	-1.73E-05	-1.56E-05
489	5	0	0	0	0	0	0	232	254	0	-2.43E-05	3.86E-06	-1.73E-05	-1.56E-05
489	6	0	0	0	0	0	0	232	254	0	-2.36E-05	3.84E-06	-1.73E-05	-1.49E-05
489	7	0	0	0	0	0	0	232	254	0	-2.20E-05	2.53E-06	-1.49E-05	-1.12E-05
489	8	0	0	0	0	0	0	232	254	0	-2.20E-05	2.53E-06	-1.49E-05	-1.12E-05
489	9	0	0	0	0	0	0	232	254	0	-2.30E-05	3.19E-06	-1.29E-05	-7.37E-06
489	10	0	0	0	0	0	0	232	254	0	-2.30E-05	3.19E-06	-1.29E-05	-7.37E-06
489	11	0	0	0	0	0	0	232	254	0	-2.38E-05	3.37E-06	-1.08E-05	-6.57E-06
489	12	0	0	0	0	0	0	232	254	0	-2.38E-05	3.37E-06	-1.08E-05	-6.57E-06
489	13	0	0	0	0	0	0	232	254	0	-2.27E-05	4.19E-06	-5.02E-06	-8.17E-06
489	14	0	0	0	0	0	0	232	254	0	-2.27E-05	4.19E-06	-5.02E-06	-8.17E-06
489	15	0	0	0	0	0	0	232	254	0	-2.30E-05	3.70E-06	-3.82E-06	-4.57E-06
489	16	0	0	0	0	0	0	232	254	0	-2.23E-05	3.88E-06	-8.39E-07	-7.23E-06
489	17	0	0	0	0	0	0	232	254	0	-2.23E-05	3.88E-06	-8.39E-07	-7.23E-06
489	18	0	0	0	0	0	0	232	254	0	-2.18E-05	5.20E-06	-7.97E-07	-2.01E-05
489	19	0	0	0	0	0	0	232	254	0	-2.18E-05	5.20E-06	-7.97E-07	-2.01E-05
490	0	0	0	0	0	0	0	232	254	0	-2.30E-05	5.21E-06	2.22E-06	-2.00E-05
490	1	0	0	0	0	0	0	232	254	0	-2.30E-05	5.21E-06	2.22E-06	-2.00E-05
490	2	0	0	0	0	0	0	232	254	0	-2.25E-05	5.87E-06	5.14E-06	-1.27E-05
490	3	0	0	0	0	0	0	232	254	0	-2.25E-05	5.87E-06	5.14E-06	-1.27E-05
490	4	0	0	0	0	0	0	232	254	0	-2.23E-05	5.52E-06	5.93E-07	-1.84E-05
490	5	0	0	0	0	0	0	232	254	0	-2.30E-05	4.35E-06	-4.92E-06	-2.46E-05
490	6	0	0	0	0	0	0	232	254	0	-2.30E-05	4.35E-06	-4.92E-06	-2.46E-05
490	7	0	0	0	0	0	0	232	254	0	-2.25E-05	3.54E-06	-8.27E-06	-1.82E-05
490	8	0	0	0	0	0	0	232	254	0	-2.25E-05	3.54E-06	-8.27E-06	-1.82E-05
490	9	0	0	0	0	0	0	232	254	0	-2.17E-05	4.55E-06	-1.12E-05	-1.43E-05
490	10	0	0	0	0	0	0	232	254	0	-2.17E-05	4.55E-06	-1.12E-05	-1.43E-05
490	11	0	0	0	0	0	0	232	254	0	-2.20E-05	5.88E-06	-1.13E-05	-1.76E-05
490	12	0	0	0	0	0	0	232	254	0	-2.20E-05	5.88E-06	-1.13E-05	-1.76E-05
490	13	0	0	0	0	0	0	232	254	0	-1.98E-05	6.36E-06	-1.29E-05	-1.84E-05
490	14	0	0	0	0	0	0	232	254	0	-1.93E-05	5.21E-06	-1.42E-05	-1.42E-05
490	15	0	0	0	0	0	0	232	254	0	-1.93E-05	5.21E-06	-1.42E-05	-1.42E-05
490	16	0	0	0	0	0	0	232	254	0	-1.91E-05	5.54E-06	-1.26E-05	-8.38E-06
490	17	0	0	0	0	0	0	232	254	0	-1.91E-05	5.54E-06	-1.26E-05	-8.38E-06
490	18	0	0	0	0	0	0	232	254	0	-1.96E-05	5.52E-06	-1.30E-05	-7.60E-06
490	19	0	0	0	0	0	0	232	254	0	-1.96E-05	5.52E-06	-1.30E-05	-7.60E-06
491	0	0	0	0	0	0	0	232	254	0	-1.93E-05	4.50E-06	-1.49E-05	-1.09E-05
491	1	0	0	0	0	0	0	232	254	0	-1.93E-05	4.50E-06	-1.49E-05	-1.09E-05
491	2	0	0	0	0	0	0	232	254	0	-1.98E-05	2.53E-06	-1.36E-05	-1.24E-05
491	3	0	0	0	0	0	0	232	254	0	-1.93E-05	3.68E-06	-1.30E-05	-1.36E-05
491	4	0	0	0	0	0	0	232	254	0	-1.93E-05	3.68E-06	-1.30E-05	-1.36E-05
491	5	0	0	0	0	0	0	232	254	0	-1.80E-05	3.01E-06	-1.49E-05	-1.49E-05
491	6	0	0	0	0	0	0	232	254	0	-1.80E-05	3.01E-06	-1.49E-05	-1.49E-05
491	7	0	0	0	0	0	0	232	254	0	-2.19E-05	2.22E-06	-1.45E-05	-1.19E-05
491	8	0	0	0	0	0	0	232	254	0	-2.19E-05	2.22E-06	-1.45E-05	-1.19E-05
491	9	0	0	0	0	0	0	232	254	0	-2.47E-05	5.22E-06	-1.05E-05	-9.88E-06
491	10	0	0	0	0	0	0	232	254	0	-2.47E-05	5.22E-06	-1.05E-05	-9.88E-06
491	11	0	0	0	0	0	0	232	254	0	-2.50E-05	6.18E-06	-8.41E-06	-8.34E-06
491	12	0	0	0	0	0	0	232	254	0	-2.40E-05	4.03E-06	-9.55E-06	-4.85E-06
491	13	0	0	0	0	0	0	232	254	0	-2.40E-05	4.03E-06	-9.55E-06	-4.85E-06
491	14	0	0	0	0	0	0	232	254	0	-2.32E-05	4.02E-06	-8.54E-06	-3.51E-06
491	15	0	0	0	0	0	0	232	254	0	-2.32E-05	4.02E-06	-8.54E-06	-3.51E-06
491	16	0	0	0	0	0	0	232	254	0	-2.40E-05	3.17E-06	-7.05E-06	-2.47E-06
491	17	0	0	0	0	0	0	232	254	0	-2.40E-05	3.17E-06	-7.05E-06	-2.47E-06
491	18	0	0	0	0	0	0	232	254	0	-2.30E-05	1.52E-06	-6.93E-06	-1.07E-05
491	19	0	0	0	0	0	0	232	254	0	-2.30E-05	1.52E-06	-6.93E-06	-1.07E-05
492	0	0	0	0	0	0	0	232	254	0	-2.05E-05	2.55E-06	-1.01E-05	-1.91E-05
492	1	0	0	0	0	0	0	232	254	0	-1.96E-05	4.55E-06	-1.36E-05	-1.63E-05
492	2	0	0	0	0	0	0	232	254	0	-1.96E-05	4.55E-06	-1.36E-05	-1.63E-05
492	3	0	0	0	0	0	0	232	254	0	-1.95E-05	5.87E-06	-1.07E-05	-1.52E-05
492	4	0	0	0	0	0	0	232	254	0	-1.95E-05	5.87E-06	-1.07E-05	-1.52E-05
492	5	0	0	0	0	0	0	232	254	0	-2.27E-05	5.87E-06	-8.73E-06	-1.13E-05
492	6	0	0	0	0	0	0	232	254	0	-2.27E-05	5.87E-06	-8.73E-06	-1.13E-05
492	7	0	0	0	0	0	0	232	254	0	-2.20E-05	5.20E-06	-8.54E-06	-1.52E-05
492	8	0	0	0	0	0	0	232	254	0	-2.20E-05	5.20E-06	-8.54E-06	-1.52E-05
492	9	0	0	0	0	0	0	232	254	0	-2.22E-05	5.21E-06	-7.06E-06	-2.16E-05
492	10	0	0	0	0	0	0	232	254	0	-2.23E-05	5.69E-06	-7.56E-06	-1.56E-05
492	11	0	0	0	0	0	0	232	254	0	-2.23E-05	5.69E-06	-7.56E-06	-1.56E-05
492	12	0	0	0	0	0	0	232	254	0	-2.10E-05	4.53E-06	-7.92E-06	-1.19E-05
492	13	0	0	0	0	0	0	232	254	0	-2.10E-05	4.53E-06	-7.92E-06	-1.19E-05
492	14	0	0	0	0	0	0	232	254	0	-2.13E-05	4.52E-06	-1.01E-05	-1.10E-05
492	15	0	0	0	0	0	0	232	254	0	-2.13E-05	4.52E-06	-1.01E-05	-1.10E-05
492	16	0	0	0	0	0	0	232	254	0	-2.16E-05	3.87E-06	-1.23E-05	-8.40E-06
492	17	0	0	0	0	0	0	232	254	0	-2.16E-05	3.87E-06	-1.23E-05	-8.40E-06
492	18	0	0	0	0	0	0	232	254	0	-2.06E-05	4.21E-06	-1.29E-05	-9.27E-06
492	19	0	0	0	0	0	0	232	254	0	-2.06E-05	4.84E-06	-1.32E-05	-1.22E-05
493	0	0	0	0	0	0	0	232	254	0	-2.06E-05	4.84E-06	-1.32E-05	-1.22E-05
493	1	0	0	0	0	0	0	232	254	0	-2.00E-05	3.01E-06	-1.13E-05	-1.05E-05
493	2	0	0	0	0	0	0	232	254	0	-2.00E-05	3.01E-06	-1.13E-05	-1.05E-05
493	3	0	0	0	0	0	0	232	254	0	-1.97E-05	2.54E-06	-1.24E-05	-3.00E-06
493	4	0	0	0	0	0	0	232	254	0	-1.97E-05	2.54E-06	-1.24E-05	-3.00E-06
493	5	0	0	0	0	0	0	232	254	0	-2.07E-05	3.86E-06	-1.15E-05	-1.35E-05
493	6	0	0	0	0	0	0	232	254	0	-2.07E-05	3.86E-06	-1.15E-05	-1.35E-05
493	7	0	0	0	0	0	0	232	254	0	-2.20E-05	3.67E-06	-8.69E-06	-1.63E-05
493	8	0	0	0	0	0	0	232	254	0	-2.18E-05	2.21E-06	-5.71E-06	-1.67E-05
493	9	0	0	0	0	0	0	232	254	0	-2.18E-05	2.21E-06	-5.71E-06	-1.67E-05
493	10	0	0	0	0	0	0	232	254	0	-2.18E-05	3.90E-06	-6.22E-06	-2.05E-05
493	11	0	0	0	0	0	0	232	254	0	-2.18E-05	3.90E-06	-6.22E-06	-2.05E-05
493	12	0	0	0	0	0	0	232	254	0	-2.23E-05	6.87E-06	-6.53E-06	-7.82E-06
493	13	0	0	0	0	0	0	232	254	0	-2.23E-05	6.87E-06	-6.53E-06	-7.82E-06
493	14	0	0	0	0	0	0	232	254	0	-2.00E-05	6.21E-06	-5.58E-06	-2.96E-06
493	15	0	0	0	0	0	0	232	254	0	-2.00E-05	6.21E-06	-5.58E-06	-2.96E-06
493	16	0	0	0	0	0	0	232	254	0	-2.03E-05	5.86E-06	-8.41E-06	-1.04E-05
493	17	0	0	0	0	0	0	232	254	0	-2.13E-05	4.86E-06	-9.54E-06	-1.30E-05
493	18	0	0	0	0	0	0	232	254	0	-2.13E-05	4.86E-06	-9.54E-06	-1.30E-05
493	19	0	0	0	0	0	0	232	254	0	-2.16E-05	4.37E-06	-7.72E-06	-1.63E-05
494	0	0	0	0	0	0	0	232	254	0	-2.16E-05	4.37E-06	-7.72E-06	-1.63E-05
494	1	0	0	0	0	0	0	232	254	0	-1.96E-05	4.86E-06	-7.55E-06	-1.76E-05
494	2	0	0	0	0	0	0	232	254	0	-1.96E-05	4.86E-06	-7.55E-06	-1.76E-05
494	3	0	0	0	0	0	0	232	254	0	-1.61E-05	4.34E-06	-7.22E-06	-1.39E-05
494	4	0	0	0	0	0	0	232	254	0	-1.61E-05	4.34E-06	-7.22E-06	-1.39E-05
494	5	0	0	0	0	0	0	232	254	0	-1.66E-05	2.86E-06	-7.57E-06	-1.23E-05
494	6	0	0	0	0	0	0	232	254	0	-1.77E-05	3.22E-06	-8.90E-06	-1.26E-05
494	7	0	0	0	0	0	0	232	254	0	-1.77E-05	3.22E-06	-8.90E-06	-1.26E-05
494	8	0	0	0	0	0	0	232	254	0	-2.04E-05	5.55E-06	-9.09E-06	-9.93E-06
494	9	0	0	0	0	0	0	232	254	0	-2.04E-05	5.55E-06	-9.09E-06	-9.93E-06
494	10	0	0	0	0	0	0	232	254	0	-2.35E-05	6.52E-06	-1.09E-05	-1.21E-05
494	11	0	0	0	0	0	0	232	254	0	-2.35E-05	6.52E-06	-1.09E-05	-1.21E-05
494	12	0	0	0	0	0	0	232	254	0	-2.50E-05	4.52E-06	-1.12E-05	-1.29E-05
494	13	0	0	0	0	0	0	232	254	0	-2.50E-05	4.52E-06	-1.12E-05	-1.29E-05
494	14	0	0	0	0	0	0	232	254	0	-2.70E-05	3.53E-06	-1.06E-05	-1.13E-05
494	15	0	0	0	0	0	0	232	254	0	-2.56E-05	4.03E-06	-1.16E-05	-1.28E-05
494	16	0	0	0	0	0	0	232	254	0	-2.56E-05	4.03E-06	-1.16E-05	-1.28E-05
494	17	0	0	0	0	0	0	232	254	0	-1.96E-05	4.36E-06	-1.29E-05	-1.43E-05
494	18	0	0	0	0	0	0	232	254	0	-1.96E-05	4.36E-06	-1.29E-05	-1.43E-05
494	19	0	0	0	0	0	0	232	254	0	-1.69E-05	3.85E-06	-1.02E-05	-1.84E-05
495	0	0	0	0	0	0	0	232	254	0	-1.69E-05	3.85E-06	-1.02E-05	-1.84E-05
495	1	0	0	0	0	0	0	232	254	0	-1.66E-05	2.83E-06	-6.87E-06	-1.60E-05
495	2	0	0	0	0	0	0	232	254	0	-1.66E-05	2.83E-06	-6.87E-06	-1.60E-05
495	3	0	0	0	0	0	0	232	254	0	-1.76E-05	1.17E-06	-5.89E-06	-1.16E-05
495	4	0	0	0	0	0	0	232	254	0	-1.85E-05	1.21E-06	-6.87E-06	-1.12E-05
495	5	0	0	0	0	0	0	232	254	0	-1.85E-05	1.21E-06	-6.87E-06	-1.12E-05
495	6	0	0	0	0	0	0	232	254	0	-2.13E-05	3.90E-06	-6.38E-06	-1.09E-05
495	7	0	0	0	0	0	0	232	254	0	-2.13E-05	3.90E-06	-6.38E-06	-1.09E-05
495	8	0	0	0	0	0	0	232	254	0	-2.30E-05	6.39E-06	-6.56E-06	-9.76E-06
495	9	0	0	0	0	0	0	232	254	0	-2.30E-05	6.39E-06	-6.56E-06	-9.76E-06
495	10	0	0	0	0	0	0	232	254	0	-2.33E-05	7.19E-06	-7.72E-06	-1.16E-05
495	11	0	0	0	0	0	0	232	254	0	-2.33E-05	7.19E-06	-7.72E-06	-1.16E-05
495	12	0	0	0	0	0	0	232	254	0	-2.44E-05	5.17E-06	-7.39E-06	-1.34E-05
495	13	0	0	0	0	0	0	232	254	0	-2.52E-05	2.84E-06	-7.55E-06	-1.12E-05
495	14	0	0	0	0	0	0	232	254	0	-2.52E-05	2.84E-06	-7.55E-06	-1.12E-05
495	15	0	0	0	0	0	0	232	254	0	-2.50E-05	2.04E-06	-7.57E-06	-1.00E-05
495	16	0	0	0	0	0	0	232	254	0	-2.50E-05	2.04E-06	-7.57E-06	-1.00E-05
495	17	0	0	0	0	0	0	232	254	0	-2.70E-05	3.54E-06	-8.72E-06	-8.56E-06
495	18	0	0	0	0	0	0	232	254	0	-2.70E-05	3.54E-06	-8.72E-06	-8.56E-06
495	19	0	0	0	0	0	0	232	254	0	-2.60E-05	4.89E-06	-8.24E-06	-8.52E-06
496	0	0	0	0	0	0	0	232	254	0	-2.60E-05	4.89E-06	-8.24E-06	-8.52E-06
496	1	0	0	0	0	0	0	232	254	0	-2.43E-05	6.22E-06	-9.09E-06	-5.84E-06
496	2	0	0	0	0	0	0	232	254	0	-2.40E-05	6.53E-06	-1.09E-05	-3.70E-06
496	3	0	0	0	0	0	0	232	254	0	-2.40E-05	6.53E-06	-1.09E-05	-3.70E-06
496	4	0	0	0	0	0	0	232	254	0	-2.40E-05	5.70E-06	-1.09E-05	-4.57E-06
496	5	0	0	0	0	0	0	232	254	0	-2.40E-05	5.70E-06	-1.09E-05	-4.57E-06
496	6	0	0	0	0	0	0	232	254	0	-2.47E-05	5.19E-06	-1.04E-05	-7.06E-06
496	7	0	0	0	0	0	0	232	254	0	-2.47E-05	5.19E-06	-1.04E-05	-7.06E-06
496	8	0	0	0	0	0	0	232	254	0	-2.37E-05	4.51E-06	-9.07E-06	-1.94E-05
496	9	0	0	0	0	0	0	232	254	0	-2.37E-05	4.51E-06	-9.07E-06	-1.94E-05
496	10	0	0	0	0	0	0	232	254	0	-2.37E-05	3.04E-06	-9.23E-06	-2.36E-05
496	11	0	0	0	0	0	0	232	254	0	-2.70E-05	4.05E-06	-8.91E-06	-2.08E-05
496	12	0	0	0	0	0	0	232	254	0	-2.70E-05	4.05E-06	-8.91E-06	-2.08E-05
496	13	0	0	0	0	0	0	232	254	0	-2.83E-05	5.22E-06	-9.94E-06	-1.11E-05
496	14	0	0	0	0	0	0	232	254	0	-2.83E-05	5.22E-06	-9.94E-06	-1.11E-05
496	15	0	0	0	0	0	0	232	254	0	-2.35E-05	6.54E-06	-1.22E-05	-4.27E-06
496	16	0	0	0	0	0	0	232	254	0	-2.35E-05	6.54E-06	-1.22E-05	-4.27E-06
496	17	0	0	0	0	0	0	232	254	0	-2.02E-05	6.04E-06	-1.12E-05	-9.29E-06
496	18	0	0	0	0	0	0	232	254	0	-2.02E-05	6.04E-06	-1.12E-05	-9.29E-06
496	19	0	0	0	0	0	0	232	254	0	-1.38E-05	5.87E-06	-9.23E-06	-1.37E-05
497	0	0	0	0	0	0	0	232	254	0	-4.46E-06	5.71E-06	-9.07E-06	-2.11E-05
497	1	0	0	0	0	0	0	232	254	0	-4.46E-06	5.71E-06	-9.07E-06	-2.11E-05
497	2	0	0	0	0	0	0	232	254	0	-1.10E-05	5.86E-06	-9.21E-06	-1.59E-05
497	3	0	0	0	0	0	0	232	254	0	-1.10E-05	5.86E-06	-9.21E-06	-1.59E-05
497	4	0	0	0	0	0	0	232	254	0	-1.92E-05	4.83E-06	-7.72E-06	-1.60E-05
497	5	0	0	0	0	0	0	232	254	0	-1.92E-05	4.83E-06	-7.72E-06	-1.60E-05
497	6	0	0	0	0	0	0	232	254	0	-2.17E-05	2.54E-06	-7.54E-06	-2.27E-05
497	7	0	0	0	0	0	0	232	254	0	-2.17E-05	2.54E-06	-7.54E-06	-2.27E-05
497	8	0	0	0	0	0	0	232	254	0	-2.23E-05	3.89E-06	-6.38E-06	-2.39E-05
497	9	0	0	0	0	0	0	232	254	0	-2.20E-05	5.87E-06	-6.42E-06	-1.84E-05
497	10	0	0	0	0	0	0	232	254	0	-2.20E-05	5.87E-06	-6.42E-06	-1.84E-05
497	11	0	0	0	0	0	0	232	254	0	-2.23E-05	5.20E-06	-9.26E-06	-5.71E-06
497	12	0	0	0	0	0	0	232	254	0	-2.23E-05	5.20E-06	-9.26E-06	-5.71E-06
497	13	0	0	0	0	0	0	232	254	0	-1.99E-05	5.18E-06	-1.09E-05	-6.48E-06
497	14	0	0	0	0	0	0	232	254	0	-1.99E-05	5.18E-06	-1.09E-05	-6.48E-06
497	15	0	0	0	0	0	0	232	254	0	-1.78E-05	3.52E-06	-1.02E-05	-2.51E-05
497	16	0	0	0	0	0	0	232	254	0	-1.78E-05	3.52E-06	-1.02E-05	-2.51E-05
497	17	0	0	0	0	0	0	232	254	0	-1.74E-05	2.88E-06	-1.02E-05	-2.09E-05
497	18	0	0	0	0	0	0	232	254	0	-1.60E-05	5.03E-06	-1.09E-05	-1.72E-05
497	19	0	0	0	0	0	0	232	254	0	-1.60E-05	5.03E-06	-1.09E-05	-1.72E-05
498	0	0	0	0	0	0	0	232	254	0	-1.83E-05	4.66E-06	-1.02E-05	-8.22E-06
498	1	0	0	0	0	0	0	232	254	0	-1.83E-05	4.66E-06	-1.02E-05	-8.22E-06
498	2	0	0	0	0	0	0	232	254	0	-1.87E-05	2.20E-06	-9.88E-06	-8.00E-06
498	3	0	0	0	0	0	0	232	254	0	-1.87E-05	2.20E-06	-9.88E-06	-8.00E-06
498	4	0	0	0	0	0	0	232	254	0	-2.03E-05	3.20E-06	-8.20E-06	-1.55E-05
498	5	0	0	0	0	0	0	232	254	0	-2.03E-05	3.20E-06	-8.20E-06	-1.55E-05
498	6	0	0	0	0	0	0	232	254	0	-2.06E-05	3.87E-06	-6.53E-06	-7.01E-06
498	7	0	0	0	0	0	0	232	254	0	-1.91E-05	4.20E-06	-5.20E-06	-4.33E-06
498	8	0	0	0	0	0	0	232	254	0	-1.91E-05	4.20E-06	-5.20E-06	-4.33E-06
498	9	0	0	0	0	0	0	232	254	0	-1.75E-05	4.20E-06	-4.92E-06	-1.36E-05
498	10	0	0	0	0	0	0	232	254	0	-1.75E-05	4.20E-06	-4.92E-06	-1.36E-05
498	11	0	0	0	0	0	0	232	254	0	-1.74E-05	4.55E-06	-8.59E-06	-1.49E-05
498	12	0	0	0	0	0	0	232	254	0	-1.74E-05	4.55E-06	-8.59E-06	-1.49E-05
498	13	0	0	0	0	0	0	232	254	0	-2.23E-05	5.91E-06	-1.09E-05	-1.06E-05
498	14	0	0	0	0	0	0	232	254	0	-2.23E-05	5.91E-06	-1.09E-05	-1.06E-05
498	15	0	0	0	0	0	0	232	254	0	-2.20E-05	8.37E-06	-9.57E-06	-1.41E-05
498	16	0	0	0	0	0	0	232	254	0	-2.10E-05	7.03E-06	-9.58E-06	-3.52E-06
498	17	0	0	0	0	0	0	232	254	0	-2.10E-05	7.03E-06	-9.58E-06	-3.52E-06
498	18	0	0	0	0	0	0	232	254	0	-1.96E-05	5.82E-06	-1.05E-05	-3.62E-06
498	19	0	0	0	0	0	0	232	254	0	-1.96E-05	5.82E-06	-1.05E-05	-3.62E-06
499	0	0	0	0	0	0	0	232	254	0	-1.73E-05	1.82E-06	-7.72E-06	-1.02E-05
499	1	0	0	0	0	0	0	232	254	0	-1.73E-05	1.82E-06	-7.72E-06	-1.02E-05
499	2	0	0	0	0	0	0	232	254	0	-1.87E-05	-1.05E-07	-7.39E-06	-1.74E-05
499	3	0	0	0	0	0	0	232	254	0	-1.87E-05	-1.05E-07	-7.39E-06	-1.74E-05
499	4	0	0	0	0	0	0	232	254	0	-2.64E-05	4.25E-06	-7.88E-06	-2.22E-05
499	5	0	0	0	0	0	0	232	254	0	-2.97E-05	7.90E-06	-7.19E-06	-1.61E-05
499	6	0	0	0	0	0	0	232	254	0	-2.97E-05	7.90E-06	-7.19E-06	-1.61E-05
499	7	0	0	0	0	0	0	232	254	0	-2.75E-05	8.54E-06	-5.56E-06	-1.39E-05
499	8	0	0	0	0	0	0	232	254	0	-2.75E-05	8.54E-06	-5.56E-06	-1.39E-05
499	9	0	0	0	0	0	0	232	254	0	-2.26E-05	6.87E-06	-6.91E-06	-1.05E-05
499	10	0	0	0	0	0	0	232	254	0	-2.26E-05	6.87E-06	-6.91E-06	-1.05E-05
499	11	0	0	0	0	0	0	232	254	0	-1.94E-05	5.86E-06	-8.76E-06	-8.63E-06
499	12	0	0	0	0	0	0	232	254	0	-1.94E-05	5.86E-06	-8.76E-06	-8.63E-06
499	13	0	0	0	0	0	0	232	254	0	-1.73E-05	4.87E-06	-1.09E-05	-1.36E-05
499	14	0	0	0	0	0	0	232	254	0	-1.70E-05	4.87E-06	-1.14E-05	-1.46E-05
499	15	0	0	0	0	0	0	232	254	0	-1.70E-05	4.87E-06	-1.14E-05	-1.46E-05
499	16	0	0	0	0	0	0	232	254	0	-1.92E-05	5.20E-06	-1.02E-05	-1.42E-05
499	17	0	0	0	0	0	0	232	254	0	-1.92E-05	5.20E-06	-1.02E-05	-1.42E-05
499	18	0	0	0	0	0	0	232	254	0	-2.17E-05	4.87E-06	-1.06E-05	-1.17E-05
499	19	0	0	0	0	0	0	232	254	0	-2.17E-05	4.87E-06	-1.06E-05	-1.17E-05
500	0	0	0	0	0	0	0	232	254	0	-2.38E-05	5.36E-06	-1.23E-05	-8.02E-06
500	1	0	0	0	0	0	0	232	254	0	-2.38E-05	5.36E-06	-1.23E-05	-8.02E-06
500	2	0	0	0	0	0	0	232	254	0	-2.38E-05	4.37E-06	-1.22E-05	-5.49E-06
500	3	0	0	0	0	0	0	232	254	0	-2.23E-05	4.69E-06	-1.02E-05	-2.17E-06
500	4	0	0	0	0	0	0	232	254	0	-2.23E-05	4.69E-06	-1.02E-05	-2.17E-06
500	5	0	0	0	0	0	0	232	254	0	-2.26E-05	3.87E-06	-7.22E-06	-1.57E-06
500	6	0	0	0	0	0	0	232	254	0	-2.26E-05	3.87E-06	-7.22E-06	-1.57E-06
500	7	0	0	0	0	0	0	232	254	0	-2.20E-05	4.19E-06	-7.57E-06	-5.72E-06
500	8	0	0	0	0	0	0	232	254	0	-2.20E-05	4.19E-06	-7.57E-06	-5.72E-06
500	9	0	0	0	0	0	0	232	254	0	-2.03E-05	3.86E-06	-8.56E-06	-1.78E-05
500	10	0	0	0	0	0	0	232	254	0	-2.03E-05	3.86E-06	-8.56E-06	-1.78E-05
500	11	0	0	0	0	0	0	232	254	0	-2.10E-05	3.87E-06	-8.21E-06	-1.96E-05
500	12	0	0	0	0	0	0	232	254	0	-2.13E-05	4.21E-06	-7.55E-06	-2.05E-05
500	13	0	0	0	0	0	0	232	254	0	-2.13E-05	4.21E-06	-7.55E-06	-2.05E-05
500	14	0	0	0	0	0	0	232	254	0	-2.24E-05	5.03E-06	-7.55E-06	-3.31E-05
500	15	0	0	0	0	0	0	232	254	0	-2.24E-05	5.03E-06	-7.55E-06	-3.31E-05
500	16	0	0	0	0	0	0	232	254	0	-2.47E-05	4.53E-06	-7.03E-06	-3.81E-05
500	17	0	0	0	0	0	0	232	254	0	-2.47E-05	4.53E-06	-7.03E-06	-3.81E-05
500	18	0	0	0	0	0	0	232	254	0	-2.57E-05	4.19E-06	-5.57E-06	-1.43E-05
500	19	0	0	0	0	0	0	232	254	0	-2.57E-05	4.19E-06	-5.57E-06	-1.43E-05
501	0	0	0	0	0	0	0	232	254	0	-2.40E-05	3.52E-06	-7.92E-06	2.93E-06
501	1	0	0	0	0	0	0	232	254	0	-2.54E-05	3.19E-06	-9.71E-06	-3.47E-06
501	2	0	0	0	0	0	0	232	254	0	-2.54E-05	3.19E-06	-9.71E-06	-3.47E-06
501	3	0	0	0	0	0	0	232	254	0	-2.60E-05	3.02E-06	-8.22E-06	-1.13E-05
501	4	0	0	0	0	0	0	232	254	0	-2.60E-05	3.02E-06	-8.22E-06	-1.13E-05
501	5	0	0	0	0	0	0	232	254	0	-2.65E-05	3.04E-06	-7.73E-06	-1.52E-05
501	6	0	0	0	0	0	0	232	254	0	-2.65E-05	3.04E-06	-7.73E-06	-1.52E-05
501	7	0	0	0	0	0	0	232	254	0	-2.47E-05	4.53E-06	-8.22E-06	-1.26E-05
501	8	0	0	0	0	0	0	232	254	0	-2.47E-05	4.53E-06	-8.22E-06	-1.26E-05
501	9	0	0	0	0	0	0	232	254	0	-2.33E-05	4.54E-06	-7.72E-06	-1.16E-05
501	10	0	0	0	0	0	0	232	254	0	-2.23E-05	5.23E-06	-7.75E-06	-1.16E-05
501	11	0	0	0	0	0	0	232	254	0	-2.23E-05	5.23E-06	-7.75E-06	-1.16E-05
501	12	0	0	0	0	0	0	232	254	0	-2.06E-05	7.23E-06	-9.59E-06	-1.29E-05
501	13	0	0	0	0	0	0	232	254	0	-2.06E-05	7.23E-06	-9.59E-06	-1.29E-05
501	14	0	0	0	0	0	0	232	254	0	-2.03E-05	8.23E-06	-1.09E-05	-1.15E-05
501	15	0	0	0	0	0	0	232	254	0	-2.03E-05	8.23E-06	-1.09E-05	-1.15E-05
501	16	0	0	0	0	0	0	232	254	0	-1.95E-05	8.37E-06	-1.31E-05	-5.03E-06
501	17	0	0	0	0	0	0	232	254	0	-1.95E-05	8.37E-06	-1.31E-05	-5.03E-06
501	18	0	0	0	0	0	0	232	254	0	-2.18E-05	6.86E-06	-1.16E-05	-4.95E-06
501	19	0	0	0	0	0	0	232	254	0	-2.20E-05	5.23E-06	-1.17E-05	-1.03E-05
502	0	0	0	0	0	0	0	232	254	0	-2.20E-05	5.23E-06	-1.17E-05	-1.03E-05
502	1	0	0	0	0	0	0	232	254	0	-2.25E-05	6.71E-06	-1.17E-05	-1.38E-05
502	2	0	0	0	0	0	0	232	254	0	-2.25E-05	6.71E-06	-1.17E-05	-1.38E-05
502	3	0	0	0	0	0	0	232	254	0	-2.09E-05	6.21E-06	-1.09E-05	-1.42E-05
502	4	0	0	0	0	0	0	232	254	0	-2.09E-05	6.21E-06	-1.09E-05	-1.42E-05
502	5	0	0	0	0	0	0	232	254	0	-1.58E-05	6.19E-06	-9.55E-06	-1.10E-05
502	6	0	0	0	0	0	0	232	254	0	-1.58E-05	6.19E-06	-9.55E-06	-1.10E-05
502	7	0	0	0	0	0	0	232	254	0	-1.85E-05	4.87E-06	-8.25E-06	-8.31E-06
502	8	0	0	0	0	0	0	232	254	0	-2.33E-05	5.21E-06	-1.02E-05	-1.42E-05
502	9	0	0	0	0	0	0	232	254	0	-2.33E-05	5.21E-06	-1.02E-05	-1.42E-05
502	10	0	0	0	0	0	0	232	254	0	-2.19E-05	5.88E-06	-1.06E-05	-1.11E-05
502	11	0	0	0	0	0	0	232	254	0	-2.19E-05	5.88E-06	-1.06E-05	-1.11E-05
502	12	0	0	0	0	0	0	232	254	0	-1.83E-05	6.02E-06	-1.16E-05	-1.42E-05
502	13	0	0	0	0	0	0	232	254	0	-1.83E-05	6.02E-06	-1.16E-05	-1.42E-05
502	14	0	0	0	0	0	0	232	254	0	-1.73E-05	4.54E-06	-1.17E-05	-1.79E-05
502	15	0	0	0	0	0	0	232	254	0	-1.73E-05	4.54E-06	-1.17E-05	-1.79E-05
502	16	0	0	0	0	0	0	232	254	0	-2.04E-05	4.88E-06	-9.07E-06	-1.57E-05
502	17	0	0	0	0	0	0	232	254	0	-2.38E-05	5.86E-06	-9.62E-06	-1.89E-05
502	18	0	0	0	0	0	0	232	254	0	-2.38E-05	5.86E-06	-9.62E-06	-1.89E-05
502	19	0	0	0	0	0	0	232	254	0	-2.43E-05	5.00E-06	-1.32E-05	-1.35E-05
503	0	0	0	0	0	0	0	232	254	0	-2.43E-05	5.00E-06	-1.32E-05	-1.35E-05
503	1	0	0	0	0	0	0	232	254	0	-2.38E-05	2.83E-06	-1.10E-05	-8.82E-06
503	2	0	0	0	0	0	0	232	254	0	-2.38E-05	2.83E-06	-1.10E-05	-8.82E-06
503	3	0	0	0	0	0	0	232	254	0	-2.30E-05	1.03E-06	-8.91E-06	-3.71E-06
503	4	0	0	0	0	0	0	232	254	0	-2.30E-05	1.03E-06	-8.91E-06	-3.71E-06
503	5	0	0	0	0	0	0	232	254	0	-2.16E-05	2.88E-06	-9.92E-06	6.29E-06
503	6	0	0	0	0	0	0	232	254	0	-2.13E-05	4.56E-06	-1.09E-05	3.65E-07
503	7	0	0	0	0	0	0	232	254	0	-2.13E-05	4.56E-06	-1.09E-05	3.65E-07
503	8	0	0	0	0	0	0	232	254	0	-2.07E-05	6.53E-06	-7.14E-06	-8.88E-06
503	9	0	0	0	0	0	0	232	254	0	-2.07E-05	6.53E-06	-7.14E-06	-8.88E-06
503	10	0	0	0	0	0	0	232	254	0	-2.13E-05	5.50E-06	-1.90E-06	-8.08E-06
503	11	0	0	0	0	0	0	232	254	0	-2.13E-05	5.50E-06	-1.90E-06	-8.08E-06
503	12	0	0	0	0	0	0	232	254	0	-1.93E-05	2.69E-06	-5.24E-06	-2.07E-05
503	13	0	0	0	0	0	0	232	254	0	-1.93E-05	2.69E-06	-5.24E-06	-2.07E-05
503	14	0	0	0	0	0	0	232	254	0	-1.69E-05	2.87E-06	-7.33E-06	-2.36E-05
503	15	0	0	0	0	0	0	232	254	0	-1.63E-05	4.21E-06	-3.37E-06	-2.07E-05
503	16	0	0	0	0	0	0	232	254	0	-1.63E-05	4.21E-06	-3.37E-06	-2.07E-05
503	17	0	0	0	0	0	0	232	254	0	-1.70E-05	4.86E-06	-4.58E-06	-2.14E-05
503	18	0	0	0	0	0	0	232	254	0	-1.70E-05	4.86E-06	-4.58E-06	-2.14E-05
503	19	0	0	0	0	0	0	232	254	0	-1.92E-05	4.16E-06	-7.56E-06	-1.85E-05
504	0	0	0	0	0	0	0	232	254	0	-1.92E-05	4.16E-06	-7.56E-06	-1.85E-05
504	1	0	0	0	0	0	0	232	254	0	-2.08E-05	1.86E-06	-8.24E-06	-2.20E-05
504	2	0	0	0	0	0	0	232	254	0	-2.08E-05	1.86E-06	-8.24E-06	-2.20E-05
504	3	0	0	0	0	0	0	232	254	0	-1.98E-05	2.51E-06	-9.58E-06	-1.95E-05
504	4	0	0	0	0	0	0	232	254	0	-1.97E-05	1.85E-06	-1.03E-05	-1.21E-05
504	5	0	0	0	0	0	0	232	254	0	-1.97E-05	1.85E-06	-1.03E-05	-1.21E-05
504	6	0	0	0	0	0	0	232	254	0	-2.30E-05	2.20E-06	-1.12E-05	-3.51E-06
504	7	0	0	0	0	0	0	232	254	0	-2.30E-05	2.20E-06	-1.12E-05	-3.51E-06
504	8	0	0	0	0	0	0	232	254	0	-2.55E-05	3.59E-06	-1.09E-05	-2.41E-06
504	9	0	0	0	0	0	0	232	254	0	-2.55E-05	3.59E-06	-1.09E-05	-2.41E-06
504	10	0	0	0	0	0	0	232	254	0	-2.43E-05	7.70E-06	-9.58E-06	-6.28E-06
504	11	0	0	0	0	0	0	232	254	0	-2.43E-05	7.70E-06	-9.58E-06	-6.28E-06
504	12	0	0	0	0	0	0	232	254	0	-2.33E-05	6.19E-06	-1.08E-05	-1.09E-05
504	13	0	0	0	0	0	0	232	254	0	-2.43E-05	4.56E-06	-1.23E-05	3.80E-07
504	14	0	0	0	0	0	0	232	254	0	-2.43E-05	4.56E-06	-1.23E-05	3.80E-07
504	15	0	0	0	0	0	0	232	254	0	-2.26E-05	6.54E-06	-1.21E-05	3.32E-06
504	16	0	0	0	0	0	0	232	254	0	-2.26E-05	6.54E-06	-1.21E-05	3.32E-06
504	17	0	0	0	0	0	0	232	254	0	-2.07E-05	6.37E-06	-1.49E-05	4.24E-07
504	18	0	0	0	0	0	0	232	254	0	-2.07E-05	6.37E-06	-1.49E-05	4.24E-07
504	19	0	0	0	0	0	0	232	254	0	-2.16E-05	5.69E-06	-1.45E-05	-1.66E-05
505	0	0	0	0	0	0	0	232	254	0	-2.16E-05	5.69E-06	-1.45E-05	-1.66E-05
505	1	0	0	0	0	0	0	232	254	0	-2.13E-05	4.34E-06	-1.07E-05	-4.62E-05
505	2	0	0	0	0	0	0	232	254	0	-2.03E-05	2.50E-06	-5.51E-06	-2.86E-05
505	3	0	0	0	0	0	0	232	254	0	-2.03E-05	2.50E-06	-5.51E-06	-2.86E-05
505	4	0	0	0	0	0	0	232	254	0	-2.12E-05	1.49E-06	-3.53E-06	-1.53E-06
505	5	0	0	0	0	0	0	232	254	0	-2.12E-05	1.49E-06	-3.53E-06	-1.53E-06
505	6	0	0	0	0	0	0	232	254	0	-2.38E-05	3.21E-08	-4.20E-06	-2.73E-06
505	7	0	0	0	0	0	0	232	254	0	-2.38E-05	3.21E-08	-4.20E-06	-2.73E-06
505	8	0	0	0	0	0	0	232	254	0	-2.37E-05	2.17E-06	-4.20E-06	-5.60E-06
505	9	0	0	0	0	0	0	232	254	0	-2.37E-05	2.17E-06	-4.20E-06	-5.60E-06
505	10	0	0	0	0	0	0	232	254	0	-2.33E-05	1.31E-06	-4.74E-06	-1.00E-05
505	11	0	0	0	0	0	0	232	254	0	-2.23E-05	-8.29E-07	-7.57E-06	-1.68E-05
505	12	0	0	0	0	0	0	232	254	0	-2.23E-05	-8.29E-07	-7.57E-06	-1.68E-05
505	13	0	0	0	0	0	0	232	254	0	-2.15E-05	-1.93E-07	-8.89E-06	-9.65E-06
505	14	0	0	0	0	0	0	232	254	0	-2.15E-05	-1.93E-07	-8.89E-06	-9.65E-06
505	15	0	0	0	0	0	0	232	254	0	-2.23E-05	-1.85E-06	-8.23E-06	-1.55E-05
505	16	0	0	0	0	0	0	232	254	0	-2.23E-05	-1.85E-06	-8.23E-06	-1.55E-05
505	17	0	0	0	0	0	0	232	254	0	-2.30E-05	-2.29E-06	-8.73E-06	-2.89E-05
505	18	0	0	0	0	0	0	232	254	0	-2.30E-05	-2.29E-06	-8.73E-06	-2.89E-05
505	19	0	0	0	0	0	0	232	254	0	-2.30E-05	1.93E-06	-8.93E-06	-2.15E-05
506	0	0	0	0	0	0	0	232	254	0	-2.43E-05	7.41E-06	-1.13E-05	-8.97E-06
506	1	0	0	0	0	0	0	232	254	0	-2.43E-05	7.41E-06	-1.13E-05	-8.97E-06
506	2	0	0	0	0	0	0	232	254	0	-2.40E-05	9.05E-06	-1.76E-05	-1.38E-05
506	3	0	0	0	0	0	0	232	254	0	-2.40E-05	9.05E-06	-1.76E-05	-1.38E-05
506	4	0	0	0	0	0	0	232	254	0	-2.37E-05	8.38E-06	-1.62E-05	-1.93E-05
506	5	0	0	0	0	0	0	232	254	0	-2.37E-05	8.38E-06	-1.62E-05	-1.93E-05
506	6	0	0	0	0	0	0	232	254	0	-2.60E-05	7.85E-06	-1.15E-05	-6.96E-06
506	7	0	0	0	0	0	0	232	254	0	-2.60E-05	7.85E-06	-1.15E-05	-6.96E-06
506	8	0	0	0	0	0	0	232	254	0	-2.54E-05	5.20E-06	-8.54E-06	-1.04E-06
506	9	0	0	0	0	0	0	232	254	0	-2.63E-05	5.23E-06	-7.05E-06	-1.43E-05
506	10	0	0	0	0	0	0	232	254	0	-2.63E-05	5.23E-06	-7.05E-06	-1.43E-05
506	11	0	0	0	0	0	0	232	254	0	-2.60E-05	6.87E-06	-6.86E-06	-8.65E-06
506	12	0	0	0	0	0	0	232	254	0	-2.60E-05	6.87E-06	-6.86E-06	-8.65E-06
506	13	0	0	0	0	0	0	232	254	0	-2.43E-05	6.20E-06	-5.69E-06	-1.49E-05
506	14	0	0	0	0	0	0	232	254	0	-2.43E-05	6.20E-06	-5.69E-06	-1.49E-05
506	15	0	0	0	0	0	0	232	254	0	-2.21E-05	5.20E-06	-4.38E-06	-2.47E-05
506	16	0	0	0	0	0	0	232	254	0	-2.21E-05	5.20E-06	-4.38E-06	-2.47E-05
506	17	0	0	0	0	0	0	232	254	0	-8.15E-06	5.21E-06	-5.75E-06	-2.76E-05
506	18	0	0	0	0	0	0	232	254	0	-3.72E-06	5.88E-06	-8.91E-06	-1.34E-05
506	19	0	0	0	0	0	0	232	254	0	-3.72E-06	5.88E-06	-8.91E-06	-1.34E-05
507	0	0	0	0	0	0	0	232	254	0	-1.64E-05	6.23E-06	-9.59E-06	5.26E-07
507	1	0	0	0	0	0	0	232	254	0	-1.64E-05	6.23E-06	-9.59E-06	5.26E-07
507	2	0	0	0	0	0	0	232	254	0	-2.23E-05	7.23E-06	-1.14E-05	2.03E-06
507	3	0	0	0	0	0	0	232	254	0	-2.23E-05	7.23E-06	-1.14E-05	2.03E-06
507	4	0	0	0	0	0	0	232	254	0	-2.39E-05	8.21E-06	-1.32E-05	3.31E-06
507	5	0	0	0	0	0	0	232	254	0	-2.39E-05	8.21E-06	-1.32E-05	3.31E-06
507	6	0	0	0	0	0	0	232	254	0	-2.51E-05	7.03E-06	-1.19E-05	1.12E-05
507	7	0	0	0	0	0	0	232	254	0	-2.16E-05	5.85E-06	-9.51E-06	2.24E-05
507	8	0	0	0	0	0	0	232	254	0	-2.16E-05	5.85E-06	-9.51E-06	2.24E-05
507	9	0	0	0	0	0	0	232	254	0	-1.66E-05	4.49E-06	-5.54E-06	1.92E-05
507	10	0	0	0	0	0	0	232	254	0	-1.66E-05	4.49E-06	-5.54E-06	1.92E-05
507	11	0	0	0	0	0	0	232	254	0	-1.80E-05	1.90E-06	-5.35E-06	-6.84E-06
507	12	0	0	0	0	0	0	232	254	0	-1.80E-05	1.90E-06	-5.35E-06	-6.84E-06
507	13	0	0	0	0	0	0	232	254	0	-1.99E-05	5.58E-06	-4.00E-06	-2.63E-05
507	14	0	0	0	0	0	0	232	254	0	-1.99E-05	5.58E-06	-4.00E-06	-2.63E-05
507	15	0	0	0	0	0	0	232	254	0	-1.64E-05	8.21E-06	-2.33E-06	-2.25E-05
507	16	0	0	0	0	0	0	232	254	0	-1.57E-05	7.04E-06	-1.25E-05	-3.18E-05
507	17	0	0	0	0	0	0	232	254	0	-1.57E-05	7.04E-06	-1.25E-05	-3.18E-05
507	18	0	0	0	0	0	0	232	254	0	-2.00E-05	6.54E-06	-1.66E-05	-3.90E-05
507	19	0	0	0	0	0	0	232	254	0	-2.00E-05	6.54E-06	-1.66E-05	-3.90E-05
508	0	0	0	0	0	0	0	232	254	0	-2.37E-05	6.22E-06	-1.36E-05	-3.41E-05
508	1	0	0	0	0	0	0	232	254	0	-2.37E-05	6.22E-06	-1.36E-05	-3.41E-05
508	2	0	0	0	0	0	0	232	254	0	-2.35E-05	7.06E-06	-1.19E-05	-3.53E-05
508	3	0	0	0	0	0	0	232	254	0	-2.35E-05	7.06E-06	-1.19E-05	-3.53E-05
508	4	0	0	0	0	0	0	232	254	0	-2.23E-05	7.70E-06	-1.00E-05	-3.03E-05
508	5	0	0	0	0	0	0	232	254	0	-2.13E-05	6.01E-06	-7.68E-06	-2.63E-05
508	6	0	0	0	0	0	0	232	254	0	-2.13E-05	6.01E-06	-7.68E-06	-2.63E-05
508	7	0	0	0	0	0	0	232	254	0	-2.04E-05	3.86E-06	-4.76E-06	-3.26E-05
508	8	0	0	0	0	0	0	232	254	0	-2.04E-05	3.86E-06	-4.76E-06	-3.26E-05
508	9	0	0	0	0	0	0	232	254	0	-2.30E-05	3.88E-06	2.54E-06	-2.13E-05
508	10	0	0	0	0	0	0	232	254	0	-2.30E-05	3.88E-06	2.54E-06	-2.13E-05
508	11	0	0	0	0	0	0	232	254	0	-2.45E-05	5.20E-06	3.45E-06	-1.20E-06
508	12	0	0	0	0	0	0	232	254	0	-2.45E-05	5.20E-06	3.45E-06	-1.20E-06
508	13	0	0	0	0	0	0	232	254	0	-2.46E-05	4.83E-06	-1.23E-05	-1.38E-05
508	14	0	0	0	0	0	0	232	254	0	-2.20E-05	2.19E-06	-1.75E-05	-2.74E-05
508	15	0	0	0	0	0	0	232	254	0	-2.20E-05	2.19E-06	-1.75E-05	-2.74E-05
508	16	0	0	0	0	0	0	232	254	0	-2.10E-05	2.55E-06	-1.09E-05	-1.70E-05
508	17	0	0	0	0	0	0	232	254	0	-2.10E-05	2.55E-06	-1.09E-05	-1.70E-05
508	18	0	0	0	0	0	0	232	254	0	-2.23E-05	4.37E-06	-7.62E-06	-9.85E-06
508	19	0	0	0	0	0	0	232	254	0	-2.23E-05	4.37E-06	-7.62E-06	-9.85E-06
509	0	0	0	0	0	0	0	232	254	0	-2.06E-05	4.51E-06	-1.18E-05	-6.57E-06
509	1	0	0	0	0	0	0	232	254	0	-2.06E-05	4.51E-06	-1.18E-05	-6.57E-06
509	2	0	0	0	0	0	0	232	254	0	-1.96E-05	3.34E-06	-1.51E-05	-7.94E-06
509	3	0	0	0	0	0	0	232	254	0	-1.91E-05	2.33E-06	-1.51E-05	-1.13E-05
509	4	0	0	0	0	0	0	232	254	0	-1.91E-05	2.33E-06	-1.51E-05	-1.13E-05
509	5	0	0	0	0	0	0	232	254	0	-1.98E-05	8.89E-07	-1.62E-05	-1.79E-05
509	6	0	0	0	0	0	0	232	254	0	-1.98E-05	8.89E-07	-1.62E-05	-1.79E-05
509	7	0	0	0	0	0	0	232	254	0	-2.17E-05	4.24E-06	-1.40E-05	-2.60E-05
509	8	0	0	0	0	0	0	232	254	0	-2.17E-05	4.24E-06	-1.40E-05	-2.60E-05
509	9	0	0	0	0	0	0	232	254	0	-2.25E-05	7.22E-06	-1.53E-05	-5.35E-06
509	10	0	0	0	0	0	0	232	254	0	-2.25E-05	7.22E-06	-1.53E-05	-5.35E-06
509	11	0	0	0	0	0	0	232	254	0	-2.13E-05	7.39E-06	-1.45E-05	6.79E-06
509	12	0	0	0	0	0	0	232	254	0	-2.00E-05	7.71E-06	-1.02E-05	4.32E-07
509	13	0	0	0	0	0	0	232	254	0	-2.00E-05	7.71E-06	-1.02E-05	4.32E-07
509	14	0	0	0	0	0	0	232	254	0	-1.97E-05	6.89E-06	-6.14E-06	-4.21E-06
509	15	0	0	0	0	0	0	232	254	0	-1.97E-05	6.89E-06	-6.14E-06	-4.21E-06
509	16	0	0	0	0	0	0	232	254	0	-2.44E-05	7.57E-06	-1.46E-06	-4.99E-06
509	17	0	0	0	0	0	0	232	254	0	-2.44E-05	7.57E-06	-1.46E-06	-4.99E-06
509	18	0	0	0	0	0	0	232	254	0	-2.97E-05	8.55E-06	1.64E-06	9.01E-06
509	19	0	0	0	0	0	0	232	254	0	-2.97E-05	8.55E-06	1.64E-06	9.01E-06
510	0	0	0	0	0	0	0	232	254	0	-3.04E-05	7.55E-06	-1.08E-06	1.60E-05
510	1	0	0	0	0	0	0	232	254	0	-3.04E-05	7.23E-06	-5.86E-06	6.03E-06
510	2	0	0	0	0	0	0	232	254	0	-3.04E-05	7.23E-06	-5.86E-06	6.03E-06
510	3	0	0	0	0	0	0	232	254	0	-3.14E-05	7.84E-06	-4.89E-06	-5.97E-06
510	4	0	0	0	0	0	0	232	254	0	-3.14E-05	7.84E-06	-4.89E-06	-5.97E-06
510	5	0	0	0	0	0	0	232	254	0	-2.97E-05	4.55E-06	-6.41E-06	-1.20E-05
510	6	0	0	0	0	0	0	232	254	0	-2.97E-05	4.55E-06	-6.41E-06	-1.20E-05
510	7	0	0	0	0	0	0	232	254	0	-2.64E-05	6.03E-06	-8.25E-06	-1.67E-05
510	8	0	0	0	0	0	0	232	254	0	-2.64E-05	6.03E-06	-8.25E-06	-1.67E-05
510	9	0	0	0	0	0	0	232	254	0	-1.03E-05	5.20E-06	-1.01E-05	-1.90E-05
510	10	0	0	0	0	0	0	232	254	0	-3.74E-06	4.69E-06	-1.05E-05	-2.04E-05
510	11	0	0	0	0	0	0	232	254	0	-3.74E-06	4.69E-06	-1.05E-05	-2.04E-05
510	12	0	0	0	0	0	0	232	254	0	-1.77E-05	4.17E-06	-8.58E-06	-1.54E-05
510	13	0	0	0	0	0	0	232	254	0	-1.77E-05	4.17E-06	-8.58E-06	-1.54E-05
510	14	0	0	0	0	0	0	232	254	0	-2.01E-05	2.20E-06	-9.61E-06	-9.57E-06
510	15	0	0	0	0	0	0	232	254	0	-2.01E-05	2.20E-06	-9.61E-06	-9.57E-06
510	16	0	0	0	0	0	0	232	254	0	-1.69E-05	3.40E-06	-1.26E-05	-9.62E-06
510	17	0	0	0	0	0	0	232	254	0	-1.69E-05	3.40E-06	-1.26E-05	-9.62E-06
510	18	0	0	0	0	0	0	232	254	0	-1.56E-05	6.18E-06	-1.23E-05	-1.32E-05
510	19	0	0	0	0	0	0	232	254	0	-1.46E-05	4.51E-06	-1.29E-05	-1.08E-05
511	0	0	0	0	0	0	0	232	254	0	-1.46E-05	4.51E-06	-1.29E-05	-1.08E-05
511	1	0	0	0	0	0	0	232	254	0	-1.63E-05	3.21E-06	-1.29E-05	-2.65E-06
511	2	0	0	0	0	0	0	232	254	0	-1.63E-05	3.21E-06	-1.29E-05	-2.65E-06
511	3	0	0	0	0	0	0	232	254	0	-1.85E-05	4.51E-06	-1.36E-05	-1.12E-05
511	4	0	0	0	0	0	0	232	254	0	-1.85E-05	4.51E-06	-1.36E-05	-1.12E-05
511	5	0	0	0	0	0	0	232	254	0	-2.03E-05	2.85E-06	-1.55E-05	-8.64E-06
511	6	0	0	0	0	0	0	232	254	0	-2.03E-05	2.85E-06	-1.55E-05	-8.64E-06
511	7	0	0	0	0	0	0	232	254	0	-1.86E-05	2.51E-06	-1.15E-05	-1.41E-05
511	8	0	0	0	0	0	0	232	254	0	-1.51E-05	2.14E-06	-5.05E-06	-2.18E-05
511	9	0	0	0	0	0	0	232	254	0	-1.51E-05	2.14E-06	-5.05E-06	-2.18E-05
511	10	0	0	0	0	0	0	232	254	0	-1.65E-05	-3.59E-07	-5.96E-06	-2.16E-05
511	11	0	0	0	0	0	0	232	254	0	-1.65E-05	-3.59E-07	-5.96E-06	-2.16E-05
511	12	0	0	0	0	0	0	232	254	0	-1.83E-05	-1.81E-06	-1.16E-05	-1.94E-05
511	13	0	0	0	0	0	0	232	254	0	-1.83E-05	-1.81E-06	-1.16E-05	-1.94E-05
511	14	0	0	0	0	0	0	232	254	0	-2.03E-05	5.49E-07	-1.42E-05	-2.73E-05
511	15	0	0	0	0	0	0	232	254	0	-2.03E-05	5.49E-07	-1.42E-05	-2.73E-05
511	16	0	0	0	0	0	0	232	254	0	-2.10E-05	3.55E-06	-1.27E-05	-4.74E-05
511	17	0	0	0	0	0	0	232	254	0	-1.89E-05	4.87E-06	-8.17E-06	-1.97E-05
511	18	0	0	0	0	0	0	232	254	0	-1.89E-05	4.87E-06	-8.17E-06	-1.97E-05
511	19	0	0	0	0	0	0	232	254	0	-1.76E-05	5.08E-06	-4.90E-06	-3.25E-06
512	0	0	0	0	0	0	0	232	254	0	-1.76E-05	5.08E-06	-4.90E-06	-3.25E-06
512	1	0	0	0	0	0	0	232	254	0	-1.83E-05	7.91E-06	-6.96E-06	-7.44E-06
512	2	0	0	0	0	0	0	232	254	0	-1.83E-05	7.91E-06	-6.96E-06	-7.44E-06
512	3	0	0	0	0	0	0	232	254	0	-2.11E-05	9.18E-06	-1.22E-05	-6.51E-08
512	4	0	0	0	0	0	0	232	254	0	-2.11E-05	9.18E-06	-1.22E-05	-6.51E-08
512	5	0	0	0	0	0	0	232	254	0	-2.62E-05	5.88E-06	-6.19E-06	6.60E-06
512	6	0	0	0	0	0	0	232	254	0	-3.04E-05	6.38E-06	-4.95E-06	1.03E-05
512	7	0	0	0	0	0	0	232	254	0	-3.04E-05	6.38E-06	-4.95E-06	1.03E-05
512	8	0	0	0	0	0	0	232	254	0	-3.05E-05	6.38E-06	-1.03E-05	1.09E-05
512	9	0	0	0	0	0	0	232	254	0	-3.05E-05	6.38E-06	-1.03E-05	1.09E-05
512	10	0	0	0	0	0	0	232	254	0	-2.80E-05	6.41E-06	-4.09E-06	-1.26E-05
512	11	0	0	0	0	0	0	232	254	0	-2.80E-05	6.41E-06	-4.09E-06	-1.26E-05
512	12	0	0	0	0	0	0	232	254	0	-2.43E-05	8.35E-06	2.84E-06	-2.31E-05
512	13	0	0	0	0	0	0	232	254	0	-2.43E-05	8.35E-06	2.84E-06	-2.31E-05
512	14	0	0	0	0	0	0	232	254	0	-2.33E-05	5.54E-06	2.06E-06	-1.64E-05
512	15	0	0	0	0	0	0	232	254	0	-2.32E-05	5.71E-06	4.83E-06	-2.19E-05
512	16	0	0	0	0	0	0	232	254	0	-2.32E-05	5.71E-06	4.83E-06	-2.19E-05
512	17	0	0	0	0	0	0	232	254	0	-2.27E-05	5.86E-06	2.36E-06	-1.42E-05
512	18	0	0	0	0	0	0	232	254	0	-2.27E-05	5.86E-06	2.36E-06	-1.42E-05
512	19	0	0	0	0	0	0	232	254	0	-2.23E-05	5.24E-06	-8.21E-06	-6.99E-06
513	0	0	0	0	0	0	0	232	254	0	-2.23E-05	5.24E-06	-8.21E-06	-6.99E-06
513	1	0	0	0	0	0	0	232	254	0	-2.11E-05	7.53E-06	-1.84E-05	-1.40E-05
513	2	0	0	0	0	0	0	232	254	0	-2.11E-05	7.53E-06	-1.84E-05	-1.40E-05
513	3	0	0	0	0	0	0	232	254	0	-2.10E-05	6.00E-06	-2.21E-05	-1.69E-05
513	4	0	0	0	0	0	0	232	254	0	-2.20E-05	3.33E-06	-1.05E-05	-1.14E-05
513	5	0	0	0	0	0	0	232	254	0	-2.20E-05	3.33E-06	-1.05E-05	-1.14E-05
513	6	0	0	0	0	0	0	232	254	0	-2.23E-05	1.84E-06	-4.29E-06	-2.35E-05
513	7	0	0	0	0	0	0	232	254	0	-2.23E-05	1.84E-06	-4.29E-06	-2.35E-05
513	8	0	0	0	0	0	0	232	254	0	-2.13E-05	1.51E-06	-1.06E-05	-4.31E-05
513	9	0	0	0	0	0	0	232	254	0	-2.13E-05	1.51E-06	-1.06E-05	-4.31E-05
513	10	0	0	0	0	0	0	232	254	0	-2.03E-05	1.54E-06	-1.01E-05	-6.15E-05
513	11	0	0	0	0	0	0	232	254	0	-2.03E-05	1.54E-06	-1.01E-05	-6.15E-05
513	12	0	0	0	0	0	0	232	254	0	-2.11E-05	3.70E-06	-3.59E-06	-7.92E-05
513	13	0	0	0	0	0	0	232	254	0	-1.93E-05	3.86E-06	-7.73E-06	-5.85E-05
513	14	0	0	0	0	0	0	232	254	0	-1.93E-05	3.86E-06	-7.73E-06	-5.85E-05
513	15	0	0	0	0	0	0	232	254	0	-1.83E-05	3.86E-06	-1.92E-05	-3.05E-05
513	16	0	0	0	0	0	0	232	254	0	-1.83E-05	3.86E-06	-1.92E-05	-3.05E-05
513	17	0	0	0	0	0	0	232	254	0	-2.16E-05	3.89E-06	-3.69E-05	6.92E-06
513	18	0	0	0	0	0	0	232	254	0	-2.16E-05	3.89E-06	-3.69E-05	6.92E-06
513	19	0	0	0	0	0	0	232	254	0	-2.06E-05	5.74E-06	-4.71E-05	1.97E-05
514	0	0	0	0	0	0	0	232	254	0	-2.06E-05	5.74E-06	-4.71E-05	1.97E-05
514	1	0	0	0	0	0	0	232	254	0	-1.89E-05	7.90E-06	-4.32E-05	1.87E-06
514	2	0	0	0	0	0	0	232	254	0	-1.50E-05	8.87E-06	-2.25E-05	3.40E-06
514	3	0	0	0	0	0	0	232	254	0	-1.50E-05	8.87E-06	-2.25E-05	3.40E-06
514	4	0	0	0	0	0	0	232	254	0	-1.60E-05	7.05E-06	8.09E-06	1.72E-05
514	5	0	0	0	0	0	0	232	254	0	-1.60E-05	7.05E-06	8.09E-06	1.72E-05
514	6	0	0	0	0	0	0	232	254	0	-2.20E-05	7.04E-06	2.12E-05	1.46E-05
514	7	0	0	0	0	0	0	232	254	0	-2.20E-05	7.04E-06	2.12E-05	1.46E-05
514	8	0	0	0	0	0	0	232	254	0	-2.40E-05	6.51E-06	2.33E-05	1.48E-05
514	9	0	0	0	0	0	0	232	254	0	-2.40E-05	6.51E-06	2.33E-05	1.48E-05
514	10	0	0	0	0	0	0	232	254	0	-2.38E-05	3.90E-06	1.24E-05	3.06E-05
514	11	0	0	0	0	0	0	232	254	0	-2.46E-05	6.54E-06	-8.96E-06	2.57E-05
514	12	0	0	0	0	0	0	232	254	0	-2.46E-05	6.54E-06	-8.96E-06	2.57E-05
514	13	0	0	0	0	0	0	232	254	0	-2.30E-05	6.37E-06	-1.29E-05	4.97E-06
514	14	0	0	0	0	0	0	232	254	0	-2.30E-05	6.37E-06	-1.29E-05	4.97E-06
514	15	0	0	0	0	0	0	232	254	0	-2.40E-05	5.91E-06	-2.90E-06	-1.04E-05
514	16	0	0	0	0	0	0	232	254	0	-2.40E-05	5.91E-06	-2.90E-06	-1.04E-05
514	17	0	0	0	0	0	0	232	254	0	-2.38E-05	8.04E-06	5.08E-06	-2.07E-05
514	18	0	0	0	0	0	0	232	254	0	-2.38E-05	8.04E-06	5.08E-06	-2.07E-05
514	19	0	0	0	0	0	0	232	254	0	-2.44E-05	6.86E-06	1.89E-05	-2.67E-05
515	0	0	0	0	0	0	0	232	254	0	-2.71E-05	5.35E-06	1.53E-05	-2.53E-05
515	1	0	0	0	0	0	0	232	254	0	-2.71E-05	5.35E-06	1.53E-05	-2.53E-05
515	2	0	0	0	0	0	0	232	254	0	-2.43E-05	4.02E-06	-7.11E-06	-2.50E-05
515	3	0	0	0	0	0	0	232	254	0	-2.43E-05	4.02E-06	-7.11E-06	-2.50E-05
515	4	0	0	0	0	0	0	232	254	0	-2.29E-05	3.20E-06	-2.15E-05	-2.16E-05
515	5	0	0	0	0	0	0	232	254	0	-2.29E-05	3.20E-06	-2.15E-05	-2.16E-05
515	6	0	0	0	0	0	0	232	254	0	-2.74E-05	3.91E-06	-2.05E-05	-1.69E-05
515	7	0	0	0	0	0	0	232	254	0	-2.74E-05	3.91E-06	-2.05E-05	-1.69E-05
515	8	0	0	0	0	0	0	232	254	0	-2.83E-05	7.43E-06	-1.22E-05	-1.56E-05
515	9	0	0	0	0	0	0	232	254	0	-2.70E-05	1.06E-05	-9.32E-06	-1.66E-05
515	10	0	0	0	0	0	0	232	254	0	-2.70E-05	1.06E-05	-9.32E-06	-1.66E-05
515	11	0	0	0	0	0	0	232	254	0	-2.73E-05	9.04E-06	-1.53E-05	-1.29E-05
515	12	0	0	0	0	0	0	232	254	0	-2.73E-05	9.04E-06	-1.53E-05	-1.29E-05
515	13	0	0	0	0	0	0	232	254	0	-2.42E-05	7.19E-06	-1.62E-05	-1.12E-05
515	14	0	0	0	0	0	0	232	254	0	-2.42E-05	7.19E-06	-1.62E-05	-1.12E-05
515	15	0	0	0	0	0	0	232	254	0	-2.57E-05	5.71E-06	-1.12E-05	-9.54E-06
515	16	0	0	0	0	0	0	232	254	0	-2.57E-05	5.71E-06	-1.12E-05	-9.54E-06
515	17	0	0	0	0	0	0	232	254	0	-2.63E-05	5.88E-06	-1.11E-05	-7.59E-06
515	18	0	0	0	0	0	0	232	254	0	-1.38E-05	6.21E-06	-1.44E-05	-9.73E-06
515	19	0	0	0	0	0	0	232	254	0	-1.38E-05	6.21E-06	-1.44E-05	-9.73E-06
516	0	0	0	0	0	0	0	232	254	0	-7.36E-06	6.15E-06	-1.50E-05	-9.21E-06
516	1	0	0	0	0	0	0	232	254	0	-7.36E-06	6.15E-06	-1.50E-05	-9.21E-06
516	2	0	0	0	0	0	0	232	254	0	-1.64E-05	2.40E-06	-1.60E-05	-7.59E-06
516	3	0	0	0	0	0	0	232	254	0	-1.64E-05	2.40E-06	-1.60E-05	-7.59E-06
516	4	0	0	0	0	0	0	232	254	0	-2.12E-05	-4.94E-06	-1.96E-05	-1.02E-05
516	5	0	0	0	0	0	0	232	254	0	-2.12E-05	-4.94E-06	-1.96E-05	-1.02E-05
516	6	0	0	0	0	0	0	232	254	0	-2.47E-05	-9.73E-06	-1.94E-05	-9.88E-06
516	7	0	0	0	0	0	0	232	254	0	-2.58E-05	-9.50E-06	-1.22E-05	-8.41E-06
516	8	0	0	0	0	0	0	232	254	0	-2.58E-05	-9.50E-06	-1.22E-05	-8.41E-06
516	9	0	0	0	0	0	0	232	254	0	-2.33E-05	-4.97E-06	-1.19E-05	-9.24E-06
516	10	0	0	0	0	0	0	232	254	0	-2.33E-05	-4.97E-06	-1.19E-05	-9.24E-06
516	11	0	0	0	0	0	0	232	254	0	-2.17E-05	-4.83E-07	-8.98E-06	-1.01E-05
516	12	0	0	0	0	0	0	232	254	0	-2.17E-05	-4.83E-07	-8.98E-06	-1.01E-05
516	13	0	0	0	0	0	0	232	254	0	-1.50E-05	8.55E-07	-3.45E-06	-1.01E-05
516	14	0	0	0	0	0	0	232	254	0	-1.50E-05	8.55E-07	-3.45E-06	-1.01E-05
516	15	0	0	0	0	0	0	232	254	0	-1.77E-05	1.88E-06	-9.09E-06	-1.50E-05
516	16	0	0	0	0	0	0	232	254	0	-2.23E-05	3.94E-06	-1.08E-05	-1.83E-05
516	17	0	0	0	0	0	0	232	254	0	-2.23E-05	3.94E-06	-1.08E-05	-1.83E-05
516	18	0	0	0	0	0	0	232	254	0	-2.00E-05	9.11E-06	-4.17E-06	-2.03E-05
516	19	0	0	0	0	0	0	232	254	0	-2.00E-05	9.11E-06	-4.17E-06	-2.03E-05
517	0	0	0	0	0	0	0	232	254	0	-2.11E-05	1.19E-05	-2.55E-06	-1.96E-05
517	1	0	0	0	0	0	0	232	254	0	-2.11E-05	1.19E-05	-2.55E-06	-1.96E-05
517	2	0	0	0	0	0	0	232	254	0	-2.67E-05	1.02E-05	-4.91E-06	-1.52E-05
517	3	0	0	0	0	0	0	232	254	0	-2.67E-05	1.02E-05	-4.91E-06	-1.52E-05
517	4	0	0	0	0	0	0	232	254	0	-3.05E-05	7.21E-06	-7.94E-06	-1.26E-05
517	5	0	0	0	0	0	0	232	254	0	-2.56E-05	6.51E-06	-1.13E-05	-1.63E-05
517	6	0	0	0	0	0	0	232	254	0	-2.56E-05	6.51E-06	-1.13E-05	-1.63E-05
517	7	0	0	0	0	0	0	232	254	0	-1.85E-05	4.21E-06	-1.16E-05	-1.86E-05
517	8	0	0	0	0	0	0	232	254	0	-1.85E-05	4.21E-06	-1.16E-05	-1.86E-05
517	9	0	0	0	0	0	0	232	254	0	-2.13E-05	5.08E-06	-1.05E-05	-1.74E-05
517	10	0	0	0	0	0	0	232	254	0	-2.13E-05	5.08E-06	-1.05E-05	-1.74E-05
517	11	0	0	0	0	0	0	232	254	0	-2.32E-05	8.27E-06	-6.15E-06	-1.65E-05
517	12	0	0	0	0	0	0	232	254	0	-2.32E-05	8.27E-06	-6.15E-06	-1.65E-05
517	13	0	0	0	0	0	0	232	254	0	-1.77E-05	1.12E-05	-2.19E-06	-1.71E-05
517	14	0	0	0	0	0	0	232	254	0	-1.42E-05	7.85E-06	-2.97E-06	-1.76E-05
517	15	0	0	0	0	0	0	232	254	0	-1.42E-05	7.85E-06	-2.97E-06	-1.76E-05
517	16	0	0	0	0	0	0	232	254	0	-1.01E-05	5.52E-06	-1.06E-05	-1.66E-05
517	17	0	0	0	0	0	0	232	254	0	-1.01E-05	5.52E-06	-1.06E-05	-1.66E-05
517	18	0	0	0	0	0	0	232	254	0	-8.89E-06	4.23E-06	-1.33E-05	-1.71E-05
517	19	0	0	0	0	0	0	232	254	0	-8.89E-06	4.23E-06	-1.33E-05	-1.71E-05
518	0	0	0	0	0	0	0	232	254	0	-8.18E-06	6.58E-06	-1.27E-05	-1.66E-05
518	1	0	0	0	0	0	0	232	254	0	-8.18E-06	6.58E-06	-1.27E-05	-1.66E-05
518	2	0	0	0	0	0	0	232	254	0	-5.02E-06	8.54E-06	-8.79E-06	-1.33E-05
518	3	0	0	0	0	0	0	232	254	0	-4.24E-06	7.49E-06	-1.80E-06	-1.36E-05
518	4	0	0	0	0	0	0	232	254	0	-4.24E-06	7.49E-06	-1.80E-06	-1.36E-05
518	5	0	0	0	0	0	0	232	254	0	-7.03E-06	3.72E-06	1.12E-06	-1.47E-05
518	6	0	0	0	0	0	0	232	254	0	-7.03E-06	3.72E-06	1.12E-06	-1.47E-05
518	7	0	0	0	0	0	0	232	254	0	-1.67E-05	5.67E-06	-2.67E-06	-1.16E-05
518	8	0	0	0	0	0	0	232	254	0	-1.67E-05	5.67E-06	-2.67E-06	-1.16E-05
518	9	0	0	0	0	0	0	232	254	0	-2.27E-05	1.39E-05	-1.23E-05	-9.92E-06
518	10	0	0	0	0	0	0	232	254	0	-2.27E-05	1.39E-05	-1.23E-05	-9.92E-06
518	11	0	0	0	0	0	0	232	254	0	-2.61E-05	1.37E-05	-2.31E-05	-1.11E-05
518	12	0	0	0	0	0	0	232	254	0	-2.96E-05	1.08E-05	-2.95E-05	-1.04E-05
518	13	0	0	0	0	0	0	232	254	0	-2.96E-05	1.08E-05	-2.95E-05	-1.04E-05
518	14	0	0	0	0	0	0	232	254	0	-3.11E-05	4.67E-06	-2.49E-05	-9.95E-06
518	15	0	0	0	0	0	0	232	254	0	-3.11E-05	4.67E-06	-2.49E-05	-9.95E-06
518	16	0	0	0	0	0	0	232	254	0	-3.19E-05	2.86E-06	-2.03E-05	-1.30E-05
518	17	0	0	0	0	0	0	232	254	0	-3.19E-05	2.86E-06	-2.03E-05	-1.30E-05
518	18	0	0	0	0	0	0	232	254	0	-3.27E-05	3.54E-06	-2.12E-05	-1.49E-05
518	19	0	0	0	0	0	0	232	254	0	-3.27E-05	3.54E-06	-2.12E-05	-1.49E-05
519	0	0	0	0	0	0	0	232	254	0	-2.84E-05	4.69E-06	-1.56E-05	-1.39E-05
519	1	0	0	0	0	0	0	232	254	0	-2.21E-05	4.23E-06	-1.18E-05	-1.44E-05
519	2	0	0	0	0	0	0	232	254	0	-2.21E-05	4.23E-06	-1.18E-05	-1.44E-05
519	3	0	0	0	0	0	0	232	254	0	-1.77E-05	6.58E-06	-5.17E-06	-1.32E-05
519	4	0	0	0	0	0	0	232	254	0	-1.77E-05	6.58E-06	-5.17E-06	-1.32E-05
519	5	0	0	0	0	0	0	232	254	0	-2.00E-05	8.88E-06	-2.87E-06	-1.16E-05
519	6	0	0	0	0	0	0	232	254	0	-2.00E-05	8.88E-06	-2.87E-06	-1.16E-05
519	7	0	0	0	0	0	0	232	254	0	-2.30E-05	7.71E-06	-3.75E-06	-9.56E-06
519	8	0	0	0	0	0	0	232	254	0	-2.30E-05	7.71E-06	-3.75E-06	-9.56E-06
519	9	0	0	0	0	0	0	232	254	0	-2.27E-05	6.89E-06	-7.44E-06	-8.94E-06
519	10	0	0	0	0	0	0	232	254	0	-2.22E-05	7.19E-06	-1.10E-05	-1.18E-05
519	11	0	0	0	0	0	0	232	254	0	-2.22E-05	7.19E-06	-1.10E-05	-1.18E-05
519	12	0	0	0	0	0	0	232	254	0	-2.27E-05	5.18E-06	-1.36E-05	-1.19E-05
519	13	0	0	0	0	0	0	232	254	0	-2.27E-05	5.18E-06	-1.36E-05	-1.19E-05
519	14	0	0	0	0	0	0	232	254	0	-2.36E-05	3.50E-06	-1.55E-05	-1.11E-05
519	15	0	0	0	0	0	0	232	254	0	-2.36E-05	3.50E-06	-1.55E-05	-1.11E-05
519	16	0	0	0	0	0	0	232	254	0	-2.18E-05	1.83E-06	-1.01E-05	-1.16E-05
519	17	0	0	0	0	0	0	232	254	0	-2.18E-05	1.83E-06	-1.01E-05	-1.16E-05
519	18	0	0	0	0	0	0	232	254	0	-1.79E-05	8.70E-07	-2.95E-06	-1.13E-05
519	19	0	0	0	0	0	0	232	254	0	-1.45E-05	2.84E-06	-8.87E-06	-1.54E-05
520	0	0	0	0	0	0	0	232	254	0	-1.45E-05	2.84E-06	-8.87E-06	-1.54E-05
520	1	0	0	0	0	0	0	232	254	0	-1.58E-05	2.15E-06	-6.99E-06	-1.19E-05
520	2	0	0	0	0	0	0	232	254	0	-1.58E-05	2.15E-06	-6.99E-06	-1.19E-05
520	3	0	0	0	0	0	0	232	254	0	-1.94E-05	3.41E-07	-3.06E-06	-7.74E-06
520	4	0	0	0	0	0	0	232	254	0	-1.94E-05	3.41E-07	-3.06E-06	-7.74E-06
520	5	0	0	0	0	0	0	232	254	0	-2.30E-05	7.08E-07	5.16E-06	-9.24E-06
520	6	0	0	0	0	0	0	232	254	0	-2.30E-05	7.08E-07	5.16E-06	-9.24E-06
520	7	0	0	0	0	0	0	232	254	0	-2.20E-05	3.06E-06	1.28E-05	-9.61E-06
520	8	0	0	0	0	0	0	232	254	0	-2.12E-05	5.22E-06	5.79E-06	-1.24E-05
520	9	0	0	0	0	0	0	232	254	0	-2.12E-05	5.22E-06	5.79E-06	-1.24E-05
520	10	0	0	0	0	0	0	232	254	0	-2.37E-05	6.21E-06	-1.04E-05	-1.38E-05
520	11	0	0	0	0	0	0	232	254	0	-2.37E-05	6.21E-06	-1.04E-05	-1.38E-05
520	12	0	0	0	0	0	0	232	254	0	-2.50E-05	5.85E-06	-1.76E-05	-1.29E-05
520	13	0	0	0	0	0	0	232	254	0	-2.50E-05	5.85E-06	-1.76E-05	-1.29E-05
520	14	0	0	0	0	0	0	232	254	0	-2.67E-05	4.16E-06	-1.35E-05	-1.19E-05
520	15	0	0	0	0	0	0	232	254	0	-2.67E-05	4.16E-06	-1.35E-05	-1.19E-05
520	16	0	0	0	0	0	0	232	254	0	-2.73E-05	1.85E-06	-6.53E-06	-1.12E-05
520	17	0	0	0	0	0	0	232	254	0	-2.67E-05	2.20E-06	-5.75E-06	-8.37E-06
520	18	0	0	0	0	0	0	232	254	0	-2.67E-05	2.20E-06	-5.75E-06	-8.37E-06
520	19	0	0	0	0	0	0	232	254	0	-2.51E-05	3.22E-06	-8.21E-06	-6.91E-06
521	0	0	0	0	0	0	0	232	254	0	-2.51E-05	3.22E-06	-8.21E-06	-6.91E-06
521	1	0	0	0	0	0	0	232	254	0	-2.30E-05	4.84E-06	-7.07E-06	-8.74E-06
521	2	0	0	0	0	0	0	232	254	0	-2.30E-05	4.84E-06	-7.07E-06	-8.74E-06
521	3	0	0	0	0	0	0	232	254	0	-2.31E-05	3.35E-06	-8.31E-06	-9.56E-06
521	4	0	0	0	0	0	0	232	254	0	-2.31E-05	3.35E-06	-8.31E-06	-9.56E-06
521	5	0	0	0	0	0	0	232	254	0	-2.19E-05	3.07E-06	-1.38E-05	-9.22E-06
521	6	0	0	0	0	0	0	232	254	0	-1.85E-05	5.87E-06	-1.35E-05	-8.40E-06
521	7	0	0	0	0	0	0	232	254	0	-1.85E-05	5.87E-06	-1.35E-05	-8.40E-06
521	8	0	0	0	0	0	0	232	254	0	-1.96E-05	5.52E-06	-9.42E-06	-8.73E-06
521	9	0	0	0	0	0	0	232	254	0	-1.96E-05	5.52E-06	-9.42E-06	-8.73E-06
521	10	0	0	0	0	0	0	232	254	0	-1.96E-05	4.52E-06	-1.52E-07	-8.92E-06
521	11	0	0	0	0	0	0	232	254	0	-1.96E-05	4.52E-06	-1.52E-07	-8.92E-06
521	12	0	0	0	0	0	0	232	254	0	-1.81E-05	3.84E-06	8.45E-07	-1.02E-05
521	13	0	0	0	0	0	0	232	254	0	-1.81E-05	3.84E-06	8.45E-07	-1.02E-05
521	14	0	0	0	0	0	0	232	254	0	-1.66E-05	2.53E-06	1.19E-06	-1.09E-05
521	15	0	0	0	0	0	0	232	254	0	-1.58E-05	3.43E-06	1.75E-06	-1.20E-05
521	16	0	0	0	0	0	0	232	254	0	-1.58E-05	3.43E-06	1.75E-06	-1.20E-05
521	17	0	0	0	0	0	0	232	254	0	-1.65E-05	-2.59E-06	-4.33E-06	-1.46E-05
521	18	0	0	0	0	0	0	232	254	0	-1.65E-05	-2.59E-06	-4.33E-06	-1.46E-05
521	19	0	0	0	0	0	0	232	254	0	-1.97E-05	-6.84E-06	-1.26E-05	-1.31E-05
522	0	0	0	0	0	0	0	232	254	0	-1.97E-05	-6.84E-06	-1.26E-05	-1.31E-05
522	1	0	0	0	0	0	0	232	254	0	-2.30E-05	-4.28E-06	-1.55E-05	-1.22E-05
522	2	0	0	0	0	0	0	232	254	0	-2.30E-05	-4.28E-06	-1.55E-05	-1.22E-05
522	3	0	0	0	0	0	0	232	254	0	-2.65E-05	1.11E-06	-1.03E-05	-1.19E-05
522	4	0	0	0	0	0	0	232	254	0	-3.29E-05	7.94E-06	-1.27E-05	-1.26E-05
522	5	0	0	0	0	0	0	232	254	0	-3.29E-05	7.94E-06	-1.27E-05	-1.26E-05
522	6	0	0	0	0	0	0	232	254	0	-3.56E-05	1.12E-05	-1.98E-05	-1.26E-05
522	7	0	0	0	0	0	0	232	254	0	-3.56E-05	1.12E-05	-1.98E-05	-1.26E-05
522	8	0	0	0	0	0	0	232	254	0	-3.73E-05	8.21E-06	-1.93E-05	-1.30E-05
522	9	0	0	0	0	0	0	232	254	0	-3.73E-05	8.21E-06	-1.93E-05	-1.30E-05
522	10	0	0	0	0	0	0	232	254	0	-3.76E-05	7.57E-06	-2.18E-05	-1.49E-05
522	11	0	0	0	0	0	0	232	254	0	-3.76E-05	7.57E-06	-2.18E-05	-1.49E-05
522	12	0	0	0	0	0	0	232	254	0	-2.61E-05	8.89E-06	-2.05E-05	-1.13E-05
522	13	0	0	0	0	0	0	232	254	0	-1.07E-05	8.20E-06	-1.25E-05	-1.33E-05
522	14	0	0	0	0	0	0	232	254	0	-1.07E-05	8.20E-06	-1.25E-05	-1.33E-05
522	15	0	0	0	0	0	0	232	254	0	-1.79E-05	6.38E-06	-9.75E-06	-1.77E-05
522	16	0	0	0	0	0	0	232	254	0	-1.79E-05	6.38E-06	-9.75E-06	-1.77E-05
522	17	0	0	0	0	0	0	232	254	0	-2.15E-05	6.56E-06	-1.33E-08	-1.92E-05
522	18	0	0	0	0	0	0	232	254	0	-2.15E-05	6.56E-06	-1.33E-08	-1.92E-05
522	19	0	0	0	0	0	0	232	254	0	-1.30E-05	7.39E-06	9.61E-06	-1.56E-05
523	0	0	0	0	0	0	0	232	254	0	-1.30E-05	7.39E-06	9.61E-06	-1.56E-05
523	1	0	0	0	0	0	0	232	254	0	-1.03E-05	7.55E-06	1.28E-06	-1.45E-05
523	2	0	0	0	0	0	0	232	254	0	-1.32E-05	6.96E-06	-1.31E-05	-1.63E-05
523	3	0	0	0	0	0	0	232	254	0	-1.32E-05	6.96E-06	-1.31E-05	-1.63E-05
523	4	0	0	0	0	0	0	232	254	0	-1.73E-05	1.18E-06	-1.46E-05	-1.73E-05
523	5	0	0	0	0	0	0	232	254	0	-1.73E-05	1.18E-06	-1.46E-05	-1.73E-05
523	6	0	0	0	0	0	0	232	254	0	-1.83E-05	1.71E-06	-1.19E-05	-1.66E-05
523	7	0	0	0	0	0	0	232	254	0	-1.83E-05	1.71E-06	-1.19E-05	-1.66E-05
523	8	0	0	0	0	0	0	232	254	0	-1.96E-05	3.86E-06	-9.21E-06	-1.83E-05
523	9	0	0	0	0	0	0	232	254	0	-1.96E-05	3.86E-06	-9.21E-06	-1.83E-05
523	10	0	0	0	0	0	0	232	254	0	-2.03E-05	3.85E-06	-1.87E-05	-1.86E-05
523	11	0	0	0	0	0	0	232	254	0	-2.00E-05	3.12E-06	-2.08E-05	-1.71E-05
523	12	0	0	0	0	0	0	232	254	0	-2.00E-05	3.12E-06	-2.08E-05	-1.71E-05
523	13	0	0	0	0	0	0	232	254	0	-2.10E-05	-1.21E-06	-1.77E-05	-1.53E-05
523	14	0	0	0	0	0	0	232	254	0	-2.10E-05	-1.21E-06	-1.77E-05	-1.53E-05
523	15	0	0	0	0	0	0	232	254	0	-2.03E-05	-3.11E-06	-1.14E-05	-1.44E-05
523	16	0	0	0	0	0	0	232	254	0	-2.03E-05	-3.11E-06	-1.14E-05	-1.44E-05
523	17	0	0	0	0	0	0	232	254	0	-1.98E-05	1.75E-06	1.39E-07	-1.39E-05
523	18	0	0	0	0	0	0	232	254	0	-1.98E-05	1.75E-06	1.39E-07	-1.39E-05
523	19	0	0	0	0	0	0	232	254	0	-2.03E-05	6.61E-06	-1.74E-06	-1.22E-05
524	0	0	0	0	0	0	0	232	254	0	-2.03E-05	1.06E-05	-5.86E-06	-9.06E-06
524	1	0	0	0	0	0	0	232	254	0	-2.03E-05	1.06E-05	-5.86E-06	-9.06E-06
524	2	0	0	0	0	0	0	232	254	0	-1.85E-05	1.18E-05	-4.72E-06	-8.89E-06
524	3	0	0	0	0	0	0	232	254	0	-1.85E-05	1.18E-05	-4.72E-06	-8.89E-06
524	4	0	0	0	0	0	0	232	254	0	-1.95E-05	1.26E-05	-5.74E-06	-8.20E-06
524	5	0	0	0	0	0	0	232	254	0	-1.95E-05	1.26E-05	-5.74E-06	-8.20E-06
524	6	0	0	0	0	0	0	232	254	0	-2.03E-05	1.02E-05	-7.76E-06	-6.36E-06
524	7	0	0	0	0	0	0	232	254	0	-2.03E-05	1.02E-05	-7.76E-06	-6.36E-06
524	8	0	0	0	0	0	0	232	254	0	-2.07E-05	7.84E-06	-1.01E-05	-5.19E-06
524	9	0	0	0	0	0	0	232	254	0	-2.10E-05	4.84E-06	-1.07E-05	-4.20E-06
524	10	0	0	0	0	0	0	232	254	0	-2.10E-05	4.84E-06	-1.07E-05	-4.20E-06
524	11	0	0	0	0	0	0	232	254	0	-2.25E-05	3.20E-06	-1.72E-05	-4.23E-06
524	12	0	0	0	0	0	0	232	254	0	-2.25E-05	3.20E-06	-1.72E-05	-4.23E-06
524	13	0	0	0	0	0	0	232	254	0	-2.17E-05	3.87E-06	-1.97E-05	-6.27E-06
524	14	0	0	0	0	0	0	232	254	0	-2.17E-05	3.87E-06	-1.97E-05	-6.27E-06
524	15	0	0	0	0	0	0	232	254	0	-2.29E-05	4.69E-06	-1.37E-05	-9.80E-06
524	16	0	0	0	0	0	0	232	254	0	-2.29E-05	4.69E-06	-1.37E-05	-9.80E-06
524	17	0	0	0	0	0	0	232	254	0	-2.47E-05	3.87E-06	-7.43E-06	-1.37E-05
524	18	0	0	0	0	0	0	232	254	0	-2.43E-05	4.51E-06	-9.83E-06	-1.86E-05
524	19	0	0	0	0	0	0	232	254	0	-2.43E-05	4.51E-06	-9.83E-06	-1.86E-05
525	0	0	0	0	0	0	0	232	254	0	-2.47E-05	3.00E-06	-5.35E-06	-1.82E-05
525	1	0	0	0	0	0	0	232	254	0	-2.47E-05	3.00E-06	-5.35E-06	-1.82E-05
525	2	0	0	0	0	0	0	232	254	0	-2.37E-05	1.48E-06	6.23E-06	-1.50E-05
525	3	0	0	0	0	0	0	232	254	0	-2.37E-05	1.48E-06	6.23E-06	-1.50E-05
525	4	0	0	0	0	0	0	232	254	0	-2.52E-05	-1.49E-07	7.53E-06	-1.63E-05
525	5	0	0	0	0	0	0	232	254	0	-2.52E-05	-1.49E-07	7.53E-06	-1.63E-05
525	6	0	0	0	0	0	0	232	254	0	-2.57E-05	1.03E-06	-4.57E-06	-1.49E-05
525	7	0	0	0	0	0	0	232	254	0	-2.50E-05	2.18E-06	-7.18E-06	-1.29E-05
525	8	0	0	0	0	0	0	232	254	0	-2.50E-05	2.18E-06	-7.18E-06	-1.29E-05
525	9	0	0	0	0	0	0	232	254	0	-2.44E-05	1.87E-06	-4.91E-06	-1.16E-05
525	10	0	0	0	0	0	0	232	254	0	-2.44E-05	1.87E-06	-4.91E-06	-1.16E-05
525	11	0	0	0	0	0	0	232	254	0	-2.54E-05	3.20E-06	-7.74E-06	-1.18E-05
525	12	0	0	0	0	0	0	232	254	0	-2.54E-05	3.20E-06	-7.74E-06	-1.18E-05
525	13	0	0	0	0	0	0	232	254	0	-2.57E-05	3.88E-06	-9.19E-06	-1.34E-05
525	14	0	0	0	0	0	0	232	254	0	-2.57E-05	3.88E-06	-9.19E-06	-1.34E-05
525	15	0	0	0	0	0	0	232	254	0	-2.41E-05	5.19E-06	-6.53E-06	-1.02E-05
525	16	0	0	0	0	0	0	232	254	0	-2.20E-05	4.52E-06	-5.65E-06	-8.23E-06
525	17	0	0	0	0	0	0	232	254	0	-2.20E-05	4.52E-06	-5.65E-06	-8.23E-06
525	18	0	0	0	0	0	0	232	254	0	-2.20E-05	3.87E-06	-1.23E-05	-8.40E-06
525	19	0	0	0	0	0	0	232	254	0	-2.20E-05	3.87E-06	-1.23E-05	-8.40E-06
526	0	0	0	0	0	0	0	232	254	0	-2.30E-05	4.21E-06	-1.51E-05	-9.09E-06
526	1	0	0	0	0	0	0	232	254	0	-2.30E-05	4.21E-06	-1.51E-05	-9.09E-06
526	2	0	0	0	0	0	0	232	254	0	-2.37E-05	5.19E-06	-1.22E-05	-1.09E-05
526	3	0	0	0	0	0	0	232	254	0	-2.37E-05	5.19E-06	-1.22E-05	-1.09E-05
526	4	0	0	0	0	0	0	232	254	0	-2.26E-05	4.54E-06	-1.17E-05	-1.09E-05
526	5	0	0	0	0	0	0	232	254	0	-2.13E-05	5.06E-06	-7.47E-06	-1.16E-05
526	6	0	0	0	0	0	0	232	254	0	-2.13E-05	5.06E-06	-7.47E-06	-1.16E-05
526	7	0	0	0	0	0	0	232	254	0	-1.95E-05	6.84E-06	-2.66E-06	-1.36E-05
526	8	0	0	0	0	0	0	232	254	0	-1.95E-05	6.84E-06	-2.66E-06	-1.36E-05
526	9	0	0	0	0	0	0	232	254	0	-1.88E-05	4.28E-06	-1.13E-05	-1.51E-05
526	10	0	0	0	0	0	0	232	254	0	-1.88E-05	4.28E-06	-1.13E-05	-1.51E-05
526	11	0	0	0	0	0	0	232	254	0	-1.90E-05	-8.71E-07	-1.68E-05	-1.56E-05
526	12	0	0	0	0	0	0	232	254	0	-1.90E-05	-8.71E-07	-1.68E-05	-1.56E-05
526	13	0	0	0	0	0	0	232	254	0	-1.93E-05	-2.81E-06	-1.68E-05	-1.51E-05
526	14	0	0	0	0	0	0	232	254	0	-1.83E-05	2.26E-07	-1.69E-05	-1.63E-05
526	15	0	0	0	0	0	0	232	254	0	-1.83E-05	2.26E-07	-1.69E-05	-1.63E-05
526	16	0	0	0	0	0	0	232	254	0	-1.91E-05	3.88E-06	-1.48E-05	-1.49E-05
526	17	0	0	0	0	0	0	232	254	0	-1.91E-05	3.88E-06	-1.48E-05	-1.49E-05
526	18	0	0	0	0	0	0	232	254	0	-2.00E-05	5.24E-06	-8.18E-06	-1.49E-05
526	19	0	0	0	0	0	0	232	254	0	-2.00E-05	5.24E-06	-8.18E-06	-1.49E-05
527	0	0	0	0	0	0	0	232	254	0	-1.98E-05	7.40E-06	-5.17E-06	-1.46E-05
527	1	0	0	0	0	0	0	232	254	0	-1.98E-05	7.40E-06	-5.17E-06	-1.46E-05
527	2	0	0	0	0	0	0	232	254	0	-2.20E-05	8.20E-06	-3.06E-06	-1.17E-05
527	3	0	0	0	0	0	0	232	254	0	-2.36E-05	6.87E-06	-5.68E-06	-9.58E-06
527	4	0	0	0	0	0	0	232	254	0	-2.36E-05	6.87E-06	-5.68E-06	-9.58E-06
527	5	0	0	0	0	0	0	232	254	0	-2.13E-05	5.87E-06	-1.44E-05	-1.03E-05
527	6	0	0	0	0	0	0	232	254	0	-2.13E-05	5.87E-06	-1.44E-05	-1.03E-05
527	7	0	0	0	0	0	0	232	254	0	-1.94E-05	5.56E-06	-1.29E-05	-1.13E-05
527	8	0	0	0	0	0	0	232	254	0	-1.94E-05	5.56E-06	-1.29E-05	-1.13E-05
527	9	0	0	0	0	0	0	232	254	0	-1.80E-05	6.58E-06	-1.06E-05	-1.19E-05
527	10	0	0	0	0	0	0	232	254	0	-1.80E-05	6.58E-06	-1.06E-05	-1.19E-05
527	11	0	0	0	0	0	0	232	254	0	-1.78E-05	8.47E-06	-9.54E-06	-1.19E-05
527	12	0	0	0	0	0	0	232	254	0	-1.77E-05	2.90E-06	-8.09E-06	-1.23E-05
527	13	0	0	0	0	0	0	232	254	0	-1.77E-05	2.90E-06	-8.09E-06	-1.23E-05
527	14	0	0	0	0	0	0	232	254	0	-2.03E-05	-4.81E-06	-1.01E-05	-1.22E-05
527	15	0	0	0	0	0	0	232	254	0	-2.03E-05	-4.81E-06	-1.01E-05	-1.22E-05
527	16	0	0	0	0	0	0	232	254	0	-2.10E-05	-1.39E-06	-9.74E-06	-1.16E-05
527	17	0	0	0	0	0	0	232	254	0	-2.10E-05	-1.39E-06	-9.74E-06	-1.16E-05
527	18	0	0	0	0	0	0	232	254	0	-1.98E-05	5.98E-06	-9.72E-06	-1.22E-05
527	19	0	0	0	0	0	0	232	254	0	-1.98E-05	5.98E-06	-9.72E-06	-1.22E-05
528	0	0	0	0	0	0	0	232	254	0	-1.95E-05	1.26E-05	-9.05E-06	-1.13E-05
528	1	0	0	0	0	0	0	232	254	0	-1.93E-05	1.29E-05	-8.21E-06	-1.16E-05
528	2	0	0	0	0	0	0	232	254	0	-1.93E-05	1.29E-05	-8.21E-06	-1.16E-05
528	3	0	0	0	0	0	0	232	254	0	-2.05E-05	1.09E-05	-7.55E-06	-1.16E-05
528	4	0	0	0	0	0	0	232	254	0	-2.05E-05	1.09E-05	-7.55E-06	-1.16E-05
528	5	0	0	0	0	0	0	232	254	0	-2.18E-05	9.23E-06	-7.60E-06	-1.06E-05
528	6	0	0	0	0	0	0	232	254	0	-2.18E-05	9.23E-06	-7.60E-06	-1.06E-05
528	7	0	0	0	0	0	0	232	254	0	-2.18E-05	8.91E-06	-1.04E-05	-1.21E-05
528	8	0	0	0	0	0	0	232	254	0	-2.18E-05	8.91E-06	-1.04E-05	-1.21E-05
528	9	0	0	0	0	0	0	232	254	0	-2.08E-05	9.88E-06	-9.72E-06	-1.42E-05
528	10	0	0	0	0	0	0	232	254	0	-2.03E-05	8.21E-06	-9.06E-06	-1.29E-05
528	11	0	0	0	0	0	0	232	254	0	-2.03E-05	8.21E-06	-9.06E-06	-1.29E-05
528	12	0	0	0	0	0	0	232	254	0	-2.00E-05	7.38E-06	-8.91E-06	-1.36E-05
528	13	0	0	0	0	0	0	232	254	0	-2.00E-05	7.38E-06	-8.91E-06	-1.36E-05
528	14	0	0	0	0	0	0	232	254	0	-2.10E-05	7.06E-06	-9.88E-06	-1.38E-05
528	15	0	0	0	0	0	0	232	254	0	-2.10E-05	7.06E-06	-9.88E-06	-1.38E-05
528	16	0	0	0	0	0	0	232	254	0	-2.13E-05	7.84E-06	-8.55E-06	-1.29E-05
528	17	0	0	0	0	0	0	232	254	0	-2.13E-05	7.84E-06	-8.55E-06	-1.29E-05
528	18	0	0	0	0	0	0	232	254	0	-2.17E-05	4.50E-06	-7.88E-06	-1.13E-05
528	19	0	0	0	0	0	0	232	254	0	-2.20E-05	2.54E-06	-7.21E-06	-1.16E-05
529	0	0	0	0	0	0	0	232	254	0	-2.20E-05	2.54E-06	-7.21E-06	-1.16E-05
529	1	0	0	0	0	0	0	232	254	0	-2.37E-05	4.18E-06	-6.87E-06	-1.32E-05
529	2	0	0	0	0	0	0	232	254	0	-2.37E-05	4.18E-06	-6.87E-06	-1.32E-05
529	3	0	0	0	0	0	0	232	254	0	-2.37E-05	3.35E-06	-6.37E-06	-1.22E-05
529	4	0	0	0	0	0	0	232	254	0	-2.37E-05	3.35E-06	-6.37E-06	-1.22E-05
529	5	0	0	0	0	0	0	232	254	0	-2.33E-05	3.17E-06	-5.90E-06	-1.19E-05
529	6	0	0	0	0	0	0	232	254	0	-2.33E-05	3.17E-06	-5.90E-06	-1.19E-05
529	7	0	0	0	0	0	0	232	254	0	-2.23E-05	1.83E-06	-7.57E-06	-1.13E-05
529	8	0	0	0	0	0	0	232	254	0	-2.30E-05	7.01E-07	-8.87E-06	-1.23E-05
529	9	0	0	0	0	0	0	232	254	0	-2.30E-05	7.01E-07	-8.87E-06	-1.23E-05
529	10	0	0	0	0	0	0	232	254	0	-2.26E-05	2.50E-06	-7.23E-06	-1.22E-05
529	11	0	0	0	0	0	0	232	254	0	-2.26E-05	2.50E-06	-7.23E-06	-1.22E-05
529	12	0	0	0	0	0	0	232	254	0	-2.11E-05	1.51E-06	-8.25E-06	-1.11E-05
529	13	0	0	0	0	0	0	232	254	0	-2.11E-05	1.51E-06	-8.25E-06	-1.11E-05
529	14	0	0	0	0	0	0	232	254	0	-1.86E-05	1.54E-06	-9.56E-06	-9.93E-06
529	15	0	0	0	0	0	0	232	254	0	-1.86E-05	1.54E-06	-9.56E-06	-9.93E-06
529	16	0	0	0	0	0	0	232	254	0	-1.83E-05	3.58E-06	-9.23E-06	-1.16E-05
529	17	0	0	0	0	0	0	232	254	0	-1.81E-05	7.25E-06	-9.08E-06	-1.22E-05
529	18	0	0	0	0	0	0	232	254	0	-1.81E-05	7.25E-06	-9.08E-06	-1.22E-05
529	19	0	0	0	0	0	0	232	254	0	-1.80E-05	9.22E-06	-9.91E-06	-1.16E-05
530	0	0	0	0	0	0	0	232	254	0	-1.80E-05	9.22E-06	-9.91E-06	-1.16E-05
530	1	0	0	0	0	0	0	232	254	0	-1.80E-05	8.35E-06	-1.04E-05	-1.18E-05
530	2	0	0	0	0	0	0	232	254	0	-1.80E-05	8.35E-06	-1.04E-05	-1.18E-05
530	3	0	0	0	0	0	0	232	254	0	-1.90E-05	5.83E-06	-1.09E-05	-1.24E-05
530	4	0	0	0	0	0	0	232	254	0	-1.90E-05	5.83E-06	-1.09E-05	-1.24E-05
530	5	0	0	0	0	0	0	232	254	0	-2.11E-05	3.20E-06	-9.38E-06	-1.29E-05
530	6	0	0	0	0	0	0	232	254	0	-2.10E-05	3.89E-06	-8.24E-06	-1.26E-05
530	7	0	0	0	0	0	0	232	254	0	-2.10E-05	3.89E-06	-8.24E-06	-1.26E-05
530	8	0	0	0	0	0	0	232	254	0	-2.23E-05	5.52E-06	-9.09E-06	-1.19E-05
530	9	0	0	0	0	0	0	232	254	0	-2.23E-05	5.52E-06	-9.09E-06	-1.19E-05
530	10	0	0	0	0	0	0	232	254	0	-2.33E-05	4.51E-06	-1.09E-05	-1.36E-05
530	11	0	0	0	0	0	0	232	254	0	-2.33E-05	4.51E-06	-1.09E-05	-1.36E-05
530	12	0	0	0	0	0	0	232	254	0	-2.26E-05	3.20E-06	-1.09E-05	-1.29E-05
530	13	0	0	0	0	0	0	232	254	0	-2.26E-05	3.20E-06	-1.09E-05	-1.29E-05
530	14	0	0	0	0	0	0	232	254	0	-2.16E-05	3.88E-06	-1.11E-05	-1.23E-05
530	15	0	0	0	0	0	0	232	254	0	-2.13E-05	4.88E-06	-1.12E-05	-1.39E-05
530	16	0	0	0	0	0	0	232	254	0	-2.13E-05	4.88E-06	-1.12E-05	-1.39E-05
530	17	0	0	0	0	0	0	232	254	0	-2.05E-05	5.90E-06	-9.89E-06	-1.25E-05
530	18	0	0	0	0	0	0	232	254	0	-2.05E-05	5.90E-06	-9.89E-06	-1.25E-05
530	19	0	0	0	0	0	0	232	254	0	-2.05E-05	7.52E-06	-9.06E-06	-9.58E-06
531	0	0	0	0	0	0	0	232	254	0	-2.05E-05	7.52E-06	-9.06E-06	-9.58E-06
531	1	0	0	0	0	0	0	232	254	0	-2.02E-05	5.53E-06	-8.90E-06	-1.06E-05
531	2	0	0	0	0	0	0	232	254	0	-2.02E-05	5.53E-06	-8.90E-06	-1.06E-05
531	3	0	0	0	0	0	0	232	254	0	-2.11E-05	5.05E-06	-8.90E-06	-1.29E-05
531	4	0	0	0	0	0	0	232	254	0	-2.12E-05	5.90E-06	-9.07E-06	-1.16E-05
531	5	0	0	0	0	0	0	232	254	0	-2.12E-05	5.90E-06	-9.07E-06	-1.16E-05
531	6	0	0	0	0	0	0	232	254	0	-2.18E-05	7.22E-06	-9.54E-06	-1.23E-05
531	7	0	0	0	0	0	0	232	254	0	-2.18E-05	7.22E-06	-9.54E-06	-1.23E-05
531	8	0	0	0	0	0	0	232	254	0	-2.26E-05	7.57E-06	-7.90E-06	-1.21E-05
531	9	0	0	0	0	0	0	232	254	0	-2.26E-05	7.57E-06	-7.90E-06	-1.21E-05
531	10	0	0	0	0	0	0	232	254	0	-2.20E-05	8.40E-06	-8.74E-06	-1.33E-05
531	11	0	0	0	0	0	0	232	254	0	-2.20E-05	8.40E-06	-8.74E-06	-1.33E-05
531	12	0	0	0	0	0	0	232	254	0	-2.21E-05	8.57E-06	-9.22E-06	-1.46E-05
531	13	0	0	0	0	0	0	232	254	0	-2.10E-05	9.04E-06	-8.24E-06	-1.46E-05
531	14	0	0	0	0	0	0	232	254	0	-2.10E-05	9.04E-06	-8.24E-06	-1.46E-05
531	15	0	0	0	0	0	0	232	254	0	-2.03E-05	7.50E-06	-8.93E-06	-1.49E-05
531	16	0	0	0	0	0	0	232	254	0	-2.03E-05	7.50E-06	-8.93E-06	-1.49E-05
531	17	0	0	0	0	0	0	232	254	0	-2.17E-05	4.16E-06	-1.09E-05	-1.56E-05
531	18	0	0	0	0	0	0	232	254	0	-2.17E-05	4.16E-06	-1.09E-05	-1.56E-05
531	19	0	0	0	0	0	0	232	254	0	-2.33E-05	1.60E-06	-1.09E-05	-1.46E-05
532	0	0	0	0	0	0	0	232	254	0	-2.33E-05	1.60E-06	-1.09E-05	-1.46E-05
532	1	0	0	0	0	0	0	232	254	0	-2.43E-05	-3.04E-06	-9.89E-06	-1.41E-05
532	2	0	0	0	0	0	0	232	254	0	-2.38E-05	-4.11E-06	-8.87E-06	-1.49E-05
532	3	0	0	0	0	0	0	232	254	0	-2.38E-05	-4.11E-06	-8.87E-06	-1.49E-05
532	4	0	0	0	0	0	0	232	254	0	-2.10E-05	1.03E-06	-7.27E-06	-1.54E-05
532	5	0	0	0	0	0	0	232	254	0	-2.10E-05	1.03E-06	-7.27E-06	-1.54E-05
532	6	0	0	0	0	0	0	232	254	0	-1.99E-05	2.72E-06	-1.03E-05	-1.49E-05
532	7	0	0	0	0	0	0	232	254	0	-1.99E-05	2.72E-06	-1.03E-05	-1.49E-05
532	8	0	0	0	0	0	0	232	254	0	-1.79E-05	4.54E-06	-1.15E-05	-1.31E-05
532	9	0	0	0	0	0	0	232	254	0	-1.79E-05	4.54E-06	-1.15E-05	-1.31E-05
532	10	0	0	0	0	0	0	232	254	0	-1.73E-05	4.86E-06	-9.16E-06	-1.29E-05
532	11	0	0	0	0	0	0	232	254	0	-1.76E-05	4.36E-06	-5.03E-06	-1.29E-05
532	12	0	0	0	0	0	0	232	254	0	-1.76E-05	4.36E-06	-5.03E-06	-1.29E-05
532	13	0	0	0	0	0	0	232	254	0	-1.90E-05	3.83E-06	-4.88E-06	-1.29E-05
532	14	0	0	0	0	0	0	232	254	0	-1.90E-05	3.83E-06	-4.88E-06	-1.29E-05
532	15	0	0	0	0	0	0	232	254	0	-1.96E-05	1.83E-06	-5.51E-06	-1.39E-05
532	16	0	0	0	0	0	0	232	254	0	-1.96E-05	1.83E-06	-5.51E-06	-1.39E-05
532	17	0	0	0	0	0	0	232	254	0	-2.03E-05	8.61E-07	-3.58E-06	-1.29E-05
532	18	0	0	0	0	0	0	232	254	0	-2.03E-05	8.61E-07	-3.58E-06	-1.29E-05
532	19	0	0	0	0	0	0	232	254	0	-2.10E-05	2.21E-06	-7.30E-06	-1.19E-05
533	0	0	0	0	0	0	0	232	254	0	-2.25E-05	3.72E-06	-1.25E-05	-1.29E-05
533	1	0	0	0	0	0	0	232	254	0	-2.25E-05	3.72E-06	-1.25E-05	-1.29E-05
533	2	0	0	0	0	0	0	232	254	0	-2.26E-05	5.55E-06	-1.63E-05	-1.36E-05
533	3	0	0	0	0	0	0	232	254	0	-2.26E-05	5.55E-06	-1.63E-05	-1.36E-05
533	4	0	0	0	0	0	0	232	254	0	-2.20E-05	6.38E-06	-1.49E-05	-1.29E-05
533	5	0	0	0	0	0	0	232	254	0	-2.20E-05	6.38E-06	-1.49E-05	-1.29E-05
533	6	0	0	0	0	0	0	232	254	0	-2.05E-05	6.55E-06	-1.09E-05	-1.31E-05
533	7	0	0	0	0	0	0	232	254	0	-2.05E-05	6.55E-06	-1.09E-05	-1.31E-05
533	8	0	0	0	0	0	0	232	254	0	-2.03E-05	7.06E-06	-9.85E-06	-1.54E-05
533	9	0	0	0	0	0	0	232	254	0	-2.13E-05	7.90E-06	-6.83E-06	-1.51E-05
533	10	0	0	0	0	0	0	232	254	0	-2.13E-05	7.90E-06	-6.83E-06	-1.51E-05
533	11	0	0	0	0	0	0	232	254	0	-2.30E-05	8.54E-06	-3.62E-06	-1.29E-05
533	12	0	0	0	0	0	0	232	254	0	-2.30E-05	8.54E-06	-3.62E-06	-1.29E-05
533	13	0	0	0	0	0	0	232	254	0	-2.36E-05	7.17E-06	4.06E-07	-1.24E-05
533	14	0	0	0	0	0	0	232	254	0	-2.36E-05	7.17E-06	4.06E-07	-1.24E-05
533	15	0	0	0	0	0	0	232	254	0	-2.05E-05	4.50E-06	-5.65E-06	-1.26E-05
533	16	0	0	0	0	0	0	232	254	0	-2.05E-05	4.50E-06	-5.65E-06	-1.26E-05
533	17	0	0	0	0	0	0	232	254	0	-2.00E-05	2.34E-06	-1.23E-05	-1.21E-05
533	18	0	0	0	0	0	0	232	254	0	-2.23E-05	1.84E-06	-1.30E-05	-1.43E-05
533	19	0	0	0	0	0	0	232	254	0	-2.23E-05	1.84E-06	-1.30E-05	-1.43E-05
534	0	0	0	0	0	0	0	232	254	0	-2.25E-05	1.16E-06	-1.49E-05	-1.51E-05
534	1	0	0	0	0	0	0	232	254	0	-2.25E-05	1.16E-06	-1.49E-05	-1.51E-05
534	2	0	0	0	0	0	0	232	254	0	-2.33E-05	1.79E-07	-1.42E-05	-1.36E-05
534	3	0	0	0	0	0	0	232	254	0	-2.33E-05	1.79E-07	-1.42E-05	-1.36E-05
534	4	0	0	0	0	0	0	232	254	0	-2.32E-05	8.88E-07	-9.63E-06	-1.36E-05
534	5	0	0	0	0	0	0	232	254	0	-2.32E-05	8.88E-07	-9.63E-06	-1.36E-05
534	6	0	0	0	0	0	0	232	254	0	-2.37E-05	3.90E-06	-1.36E-05	-1.38E-05
534	7	0	0	0	0	0	0	232	254	0	-2.30E-05	6.07E-06	-1.48E-05	-1.29E-05
534	8	0	0	0	0	0	0	232	254	0	-2.30E-05	6.07E-06	-1.48E-05	-1.29E-05
534	9	0	0	0	0	0	0	232	254	0	-2.20E-05	7.56E-06	-8.89E-06	-1.09E-05
534	10	0	0	0	0	0	0	232	254	0	-2.20E-05	7.56E-06	-8.89E-06	-1.09E-05
534	11	0	0	0	0	0	0	232	254	0	-2.07E-05	7.72E-06	-8.27E-06	-1.02E-05
534	12	0	0	0	0	0	0	232	254	0	-2.07E-05	7.72E-06	-8.27E-06	-1.02E-05
534	13	0	0	0	0	0	0	232	254	0	-2.10E-05	7.71E-06	-1.09E-05	-1.01E-05
534	14	0	0	0	0	0	0	232	254	0	-2.10E-05	7.71E-06	-1.09E-05	-1.01E-05
534	15	0	0	0	0	0	0	232	254	0	-2.18E-05	7.22E-06	-9.62E-06	-9.55E-06
534	16	0	0	0	0	0	0	232	254	0	-2.23E-05	7.54E-06	-2.35E-06	-8.75E-06
534	17	0	0	0	0	0	0	232	254	0	-2.23E-05	7.54E-06	-2.35E-06	-8.75E-06
534	18	0	0	0	0	0	0	232	254	0	-2.20E-05	6.55E-06	7.61E-06	-1.01E-05
534	19	0	0	0	0	0	0	232	254	0	-2.20E-05	6.55E-06	7.61E-06	-1.01E-05
535	0	0	0	0	0	0	0	232	254	0	-2.30E-05	6.55E-06	1.10E-05	-1.16E-05
535	1	0	0	0	0	0	0	232	254	0	-2.30E-05	6.55E-06	1.10E-05	-1.16E-05
535	2	0	0	0	0	0	0	232	254	0	-2.33E-05	7.06E-06	-4.79E-06	-1.16E-05
535	3	0	0	0	0	0	0	232	254	0	-2.33E-05	7.06E-06	-4.79E-06	-1.16E-05
535	4	0	0	0	0	0	0	232	254	0	-2.40E-05	7.88E-06	-2.03E-05	-1.31E-05
535	5	0	0	0	0	0	0	232	254	0	-2.25E-05	7.20E-06	-2.24E-05	-1.29E-05
535	6	0	0	0	0	0	0	232	254	0	-2.25E-05	7.20E-06	-2.24E-05	-1.29E-05
535	7	0	0	0	0	0	0	232	254	0	-2.12E-05	6.20E-06	-2.75E-05	-1.19E-05
535	8	0	0	0	0	0	0	232	254	0	-2.12E-05	6.20E-06	-2.75E-05	-1.19E-05
535	9	0	0	0	0	0	0	232	254	0	-2.30E-05	5.86E-06	-3.46E-05	-1.23E-05
535	10	0	0	0	0	0	0	232	254	0	-2.30E-05	5.86E-06	-3.46E-05	-1.23E-05
535	11	0	0	0	0	0	0	232	254	0	-2.43E-05	5.19E-06	-2.65E-05	-1.22E-05
535	12	0	0	0	0	0	0	232	254	0	-2.43E-05	5.19E-06	-2.65E-05	-1.22E-05
535	13	0	0	0	0	0	0	232	254	0	-2.47E-05	4.50E-06	-1.61E-05	-1.16E-05
535	14	0	0	0	0	0	0	232	254	0	-2.70E-05	2.51E-06	-7.32E-06	-1.05E-05
535	15	0	0	0	0	0	0	232	254	0	-2.70E-05	2.51E-06	-7.32E-06	-1.05E-05
535	16	0	0	0	0	0	0	232	254	0	-2.73E-05	2.18E-06	6.66E-06	-7.56E-06
535	17	0	0	0	0	0	0	232	254	0	-2.73E-05	2.18E-06	6.66E-06	-7.56E-06
535	18	0	0	0	0	0	0	232	254	0	-2.46E-05	2.18E-06	1.33E-05	-8.27E-06
535	19	0	0	0	0	0	0	232	254	0	-2.46E-05	2.18E-06	1.33E-05	-8.27E-06
536	0	0	0	0	0	0	0	232	254	0	-2.23E-05	1.87E-06	1.32E-05	-1.09E-05
536	1	0	0	0	0	0	0	232	254	0	-2.23E-05	1.87E-06	1.32E-05	-1.09E-05
536	2	0	0	0	0	0	0	232	254	0	-2.23E-05	3.57E-06	8.45E-06	-1.13E-05
536	3	0	0	0	0	0	0	232	254	0	-2.20E-05	6.52E-06	1.78E-06	-1.46E-05
536	4	0	0	0	0	0	0	232	254	0	-2.20E-05	6.52E-06	1.78E-06	-1.46E-05
536	5	0	0	0	0	0	0	232	254	0	-2.23E-05	5.17E-06	-2.43E-06	-1.69E-05
536	6	0	0	0	0	0	0	232	254	0	-2.23E-05	5.17E-06	-2.43E-06	-1.69E-05
536	7	0	0	0	0	0	0	232	254	0	-2.16E-05	3.19E-06	-7.36E-06	-1.51E-05
536	8	0	0	0	0	0	0	232	254	0	-2.16E-05	3.19E-06	-7.36E-06	-1.51E-05
536	9	0	0	0	0	0	0	232	254	0	-2.10E-05	3.24E-06	-5.72E-06	-1.36E-05
536	10	0	0	0	0	0	0	232	254	0	-2.10E-05	3.24E-06	-5.72E-06	-1.36E-05
536	11	0	0	0	0	0	0	232	254	0	-2.01E-05	6.38E-06	-6.24E-06	-1.36E-05
536	12	0	0	0	0	0	0	232	254	0	-2.00E-05	6.52E-06	-8.24E-06	-1.33E-05
536	13	0	0	0	0	0	0	232	254	0	-2.00E-05	6.52E-06	-8.24E-06	-1.33E-05
536	14	0	0	0	0	0	0	232	254	0	-2.05E-05	5.04E-06	-9.13E-06	-1.36E-05
536	15	0	0	0	0	0	0	232	254	0	-2.05E-05	5.04E-06	-9.13E-06	-1.36E-05
536	16	0	0	0	0	0	0	232	254	0	-1.89E-05	5.21E-06	-1.30E-05	-1.36E-05
536	17	0	0	0	0	0	0	232	254	0	-1.89E-05	5.21E-06	-1.30E-05	-1.36E-05
536	18	0	0	0	0	0	0	232	254	0	-1.76E-05	5.53E-06	-1.60E-05	-1.42E-05
536	19	0	0	0	0	0	0	232	254	0	-1.76E-05	5.53E-06	-1.60E-05	-1.42E-05
537	0	0	0	0	0	0	0	232	254	0	-1.80E-05	5.18E-06	-1.89E-05	-1.29E-05
537	1	0	0	0	0	0	0	232	254	0	-1.97E-05	3.49E-06	-1.73E-05	-1.23E-05
537	2	0	0	0	0	0	0	232	254	0	-1.97E-05	3.49E-06	-1.73E-05	-1.23E-05
537	3	0	0	0	0	0	0	232	254	0	-2.06E-05	1.70E-06	-1.84E-05	-1.22E-05
537	4	0	0	0	0	0	0	232	254	0	-2.06E-05	1.70E-06	-1.84E-05	-1.22E-05
537	5	0	0	0	0	0	0	232	254	0	-2.03E-05	2.73E-06	-2.45E-05	-1.19E-05
537	6	0	0	0	0	0	0	232	254	0	-2.03E-05	2.73E-06	-2.45E-05	-1.19E-05
537	7	0	0	0	0	0	0	232	254	0	-2.10E-05	5.24E-06	-2.36E-05	-1.38E-05
537	8	0	0	0	0	0	0	232	254	0	-2.10E-05	5.24E-06	-2.36E-05	-1.38E-05
537	9	0	0	0	0	0	0	232	254	0	-2.00E-05	7.73E-06	-2.18E-05	-1.46E-05
537	10	0	0	0	0	0	0	232	254	0	-1.98E-05	8.24E-06	-1.78E-05	-1.58E-05
537	11	0	0	0	0	0	0	232	254	0	-1.98E-05	8.24E-06	-1.78E-05	-1.58E-05
537	12	0	0	0	0	0	0	232	254	0	-1.91E-05	9.04E-06	-6.09E-06	-1.49E-05
537	13	0	0	0	0	0	0	232	254	0	-1.91E-05	9.04E-06	-6.09E-06	-1.49E-05
537	14	0	0	0	0	0	0	232	254	0	-1.91E-05	7.50E-06	1.12E-06	-1.26E-05
537	15	0	0	0	0	0	0	232	254	0	-1.91E-05	7.50E-06	1.12E-06	-1.26E-05
537	16	0	0	0	0	0	0	232	254	0	-1.96E-05	4.35E-06	8.08E-06	-1.17E-05
537	17	0	0	0	0	0	0	232	254	0	-1.96E-05	4.35E-06	8.08E-06	-1.17E-05
537	18	0	0	0	0	0	0	232	254	0	-1.98E-05	3.55E-06	9.38E-06	-1.11E-05
537	19	0	0	0	0	0	0	232	254	0	-2.03E-05	5.24E-06	-1.74E-06	-1.23E-05
538	0	0	0	0	0	0	0	232	254	0	-2.03E-05	5.24E-06	-1.74E-06	-1.23E-05
538	1	0	0	0	0	0	0	232	254	0	-1.93E-05	7.24E-06	-1.52E-05	-1.24E-05
538	2	0	0	0	0	0	0	232	254	0	-1.93E-05	7.24E-06	-1.52E-05	-1.24E-05
538	3	0	0	0	0	0	0	232	254	0	-2.13E-05	8.57E-06	-1.08E-05	-1.18E-05
538	4	0	0	0	0	0	0	232	254	0	-2.13E-05	8.57E-06	-1.08E-05	-1.18E-05
538	5	0	0	0	0	0	0	232	254	0	-2.16E-05	9.26E-06	-1.88E-06	-1.36E-05
538	6	0	0	0	0	0	0	232	254	0	-2.16E-05	9.26E-06	-1.88E-06	-1.36E-05
538	7	0	0	0	0	0	0	232	254	0	-2.13E-05	1.09E-05	-3.83E-06	-1.43E-05
538	8	0	0	0	0	0	0	232	254	0	-1.96E-05	1.05E-05	-1.81E-06	-1.44E-05
538	9	0	0	0	0	0	0	232	254	0	-1.96E-05	1.05E-05	-1.81E-06	-1.44E-05
538	10	0	0	0	0	0	0	232	254	0	-1.96E-05	6.48E-06	5.17E-08	-1.19E-05
538	11	0	0	0	0	0	0	232	254	0	-1.96E-05	6.48E-06	5.17E-08	-1.19E-05
538	12	0	0	0	0	0	0	232	254	0	-2.03E-05	2.19E-06	-6.98E-06	-1.11E-05
538	13	0	0	0	0	0	0	232	254	0	-2.03E-05	2.19E-06	-6.98E-06	-1.11E-05
538	14	0	0	0	0	0	0	232	254	0	-1.93E-05	-7.26E-06	-1.31E-05	-1.22E-05
538	15	0	0	0	0	0	0	232	254	0	-1.93E-05	-7.26E-06	-1.31E-05	-1.22E-05
538	16	0	0	0	0	0	0	232	254	0	-1.89E-05	-9.51E-06	-2.38E-05	-1.04E-05
538	17	0	0	0	0	0	0	232	254	0	-1.78E-05	-5.97E-06	-3.31E-05	-1.16E-05
538	18	0	0	0	0	0	0	232	254	0	-1.78E-05	-5.97E-06	-3.31E-05	-1.16E-05
538	19	0	0	0	0	0	0	232	254	0	-1.85E-05	-1.79E-06	-3.73E-05	-1.06E-05
539	0	0	0	0	0	0	0	232	254	0	-1.85E-05	-1.79E-06	-3.73E-05	-1.06E-05
539	1	0	0	0	0	0	0	232	254	0	-1.83E-05	1.69E-06	-2.68E-05	-1.26E-05
539	2	0	0	0	0	0	0	232	254	0	-1.83E-05	1.69E-06	-2.68E-05	-1.26E-05
539	3	0	0	0	0	0	0	232	254	0	-1.77E-05	2.56E-06	-2.77E-06	-1.54E-05
539	4	0	0	0	0	0	0	232	254	0	-1.77E-05	2.56E-06	-2.77E-06	-1.54E-05
539	5	0	0	0	0	0	0	232	254	0	-1.93E-05	4.87E-06	2.01E-06	-1.51E-05
539	6	0	0	0	0	0	0	232	254	0	-1.96E-05	4.87E-06	-8.26E-06	-1.53E-05
539	7	0	0	0	0	0	0	232	254	0	-1.96E-05	4.87E-06	-8.26E-06	-1.53E-05
539	8	0	0	0	0	0	0	232	254	0	-1.96E-05	4.90E-06	-2.05E-05	-1.49E-05
539	9	0	0	0	0	0	0	232	254	0	-1.96E-05	4.90E-06	-2.05E-05	-1.49E-05
539	10	0	0	0	0	0	0	232	254	0	-1.93E-05	6.57E-06	-2.28E-05	-1.36E-05
539	11	0	0	0	0	0	0	232	254	0	-1.93E-05	6.57E-06	-2.28E-05	-1.36E-05
539	12	0	0	0	0	0	0	232	254	0	-1.86E-05	7.90E-06	-1.08E-05	-1.17E-05
539	13	0	0	0	0	0	0	232	254	0	-1.86E-05	7.90E-06	-1.08E-05	-1.17E-05
539	14	0	0	0	0	0	0	232	254	0	-1.97E-05	8.54E-06	-3.34E-06	-1.14E-05
539	15	0	0	0	0	0	0	232	254	0	-2.13E-05	7.20E-06	7.67E-06	-1.06E-05
539	16	0	0	0	0	0	0	232	254	0	-2.13E-05	7.20E-06	7.67E-06	-1.06E-05
539	17	0	0	0	0	0	0	232	254	0	-2.25E-05	6.31E-06	2.48E-05	-9.57E-06
539	18	0	0	0	0	0	0	232	254	0	-2.25E-05	6.31E-06	2.48E-05	-9.57E-06
539	19	0	0	0	0	0	0	232	254	0	-2.10E-05	2.00E-06	3.12E-05	-9.93E-06
540	0	0	0	0	0	0	0	232	254	0	-2.10E-05	2.00E-06	3.12E-05	-9.93E-06
540	1	0	0	0	0	0	0	232	254	0	-2.10E-05	1.03E-06	2.09E-05	-1.16E-05
540	2	0	0	0	0	0	0	232	254	0	-2.10E-05	1.03E-06	2.09E-05	-1.16E-05
540	3	0	0	0	0	0	0	232	254	0	-2.37E-05	2.50E-06	-3.83E-06	-1.19E-05
540	4	0	0	0	0	0	0	232	254	0	-2.47E-05	1.21E-06	-2.20E-05	-1.30E-05
540	5	0	0	0	0	0	0	232	254	0	-2.47E-05	1.21E-06	-2.20E-05	-1.30E-05
540	6	0	0	0	0	0	0	232	254	0	-2.50E-05	3.58E-06	-3.12E-05	-1.46E-05
540	7	0	0	0	0	0	0	232	254	0	-2.50E-05	3.58E-06	-3.12E-05	-1.46E-05
540	8	0	0	0	0	0	0	232	254	0	-2.57E-05	6.88E-06	-2.17E-05	-1.59E-05
540	9	0	0	0	0	0	0	232	254	0	-2.57E-05	6.88E-06	-2.17E-05	-1.59E-05
540	10	0	0	0	0	0	0	232	254	0	-2.50E-05	6.87E-06	-6.09E-06	-1.36E-05
540	11	0	0	0	0	0	0	232	254	0	-2.50E-05	6.87E-06	-6.09E-06	-1.36E-05
540	12	0	0	0	0	0	0	232	254	0	-2.40E-05	6.05E-06	1.23E-06	-1.29E-05
540	13	0	0	0	0	0	0	232	254	0	-2.37E-05	6.23E-06	4.16E-06	-1.16E-05
540	14	0	0	0	0	0	0	232	254	0	-2.37E-05	6.23E-06	4.16E-06	-1.16E-05
540	15	0	0	0	0	0	0	232	254	0	-2.30E-05	7.55E-06	1.84E-06	-1.09E-05
540	16	0	0	0	0	0	0	232	254	0	-2.30E-05	7.55E-06	1.84E-06	-1.09E-05
540	17	0	0	0	0	0	0	232	254	0	-2.30E-05	7.20E-06	-8.79E-06	-1.02E-05
540	18	0	0	0	0	0	0	232	254	0	-2.30E-05	7.20E-06	-8.79E-06	-1.02E-05
540	19	0	0	0	0	0	0	232	254	0	-2.43E-05	5.87E-06	-2.27E-05	-9.60E-06
541	0	0	0	0	0	0	0	232	254	0	-2.43E-05	5.87E-06	-2.27E-05	-9.60E-06
541	1	0	0	0	0	0	0	232	254	0	-2.43E-05	5.72E-06	-2.76E-05	-1.14E-05
541	2	0	0	0	0	0	0	232	254	0	-2.36E-05	6.54E-06	-2.11E-05	-1.23E-05
541	3	0	0	0	0	0	0	232	254	0	-2.36E-05	6.54E-06	-2.11E-05	-1.23E-05
541	4	0	0	0	0	0	0	232	254	0	-2.23E-05	6.39E-06	-1.08E-05	-1.33E-05
541	5	0	0	0	0	0	0	232	254	0	-2.23E-05	6.39E-06	-1.08E-05	-1.33E-05
541	6	0	0	0	0	0	0	232	254	0	-2.16E-05	7.26E-06	-5.40E-06	-1.29E-05
541	7	0	0	0	0	0	0	232	254	0	-2.16E-05	7.26E-06	-5.40E-06	-1.29E-05
541	8	0	0	0	0	0	0	232	254	0	-2.10E-05	9.88E-06	2.74E-06	-1.31E-05
541	9	0	0	0	0	0	0	232	254	0	-2.10E-05	9.88E-06	2.74E-06	-1.31E-05
541	10	0	0	0	0	0	0	232	254	0	-2.06E-05	8.57E-06	-3.93E-06	-1.23E-05
541	11	0	0	0	0	0	0	232	254	0	-2.03E-05	8.87E-06	-1.81E-05	-1.23E-05
541	12	0	0	0	0	0	0	232	254	0	-2.03E-05	8.87E-06	-1.81E-05	-1.23E-05
541	13	0	0	0	0	0	0	232	254	0	-1.97E-05	7.01E-06	-2.61E-05	-1.35E-05
541	14	0	0	0	0	0	0	232	254	0	-1.97E-05	7.01E-06	-2.61E-05	-1.35E-05
541	15	0	0	0	0	0	0	232	254	0	-2.13E-05	4.33E-06	-1.37E-05	-1.53E-05
541	16	0	0	0	0	0	0	232	254	0	-2.13E-05	4.33E-06	-1.37E-05	-1.53E-05
541	17	0	0	0	0	0	0	232	254	0	-2.30E-05	2.27E-06	-7.98E-06	-1.51E-05
541	18	0	0	0	0	0	0	232	254	0	-2.30E-05	2.27E-06	-7.98E-06	-1.51E-05
541	19	0	0	0	0	0	0	232	254	0	-2.25E-05	-2.23E-06	-1.32E-05	-1.43E-05
542	0	0	0	0	0	0	0	232	254	0	-2.13E-05	-4.82E-06	-1.91E-05	-1.33E-05
542	1	0	0	0	0	0	0	232	254	0	-2.13E-05	-4.82E-06	-1.91E-05	-1.33E-05
542	2	0	0	0	0	0	0	232	254	0	-2.10E-05	-1.79E-06	-2.40E-05	-1.53E-05
542	3	0	0	0	0	0	0	232	254	0	-2.10E-05	-1.79E-06	-2.40E-05	-1.53E-05
542	4	0	0	0	0	0	0	232	254	0	-2.10E-05	1.58E-06	-1.48E-05	-1.49E-05
542	5	0	0	0	0	0	0	232	254	0	-2.10E-05	1.58E-06	-1.48E-05	-1.49E-05
542	6	0	0	0	0	0	0	232	254	0	-2.03E-05	5.72E-06	-8.94E-06	-1.19E-05
542	7	0	0	0	0	0	0	232	254	0	-2.03E-05	5.72E-06	-8.94E-06	-1.19E-05
542	8	0	0	0	0	0	0	232	254	0	-2.00E-05	6.18E-06	-1.11E-05	-1.09E-05
542	9	0	0	0	0	0	0	232	254	0	-1.92E-05	4.34E-06	-4.46E-06	-1.09E-05
542	10	0	0	0	0	0	0	232	254	0	-1.92E-05	4.34E-06	-4.46E-06	-1.09E-05
542	11	0	0	0	0	0	0	232	254	0	-2.10E-05	3.18E-06	-3.30E-07	-1.05E-05
542	12	0	0	0	0	0	0	232	254	0	-2.10E-05	3.18E-06	-3.30E-07	-1.05E-05
542	13	0	0	0	0	0	0	232	254	0	-2.17E-05	2.55E-06	8.10E-08	-9.06E-06
542	14	0	0	0	0	0	0	232	254	0	-2.17E-05	2.55E-06	8.10E-08	-9.06E-06
542	15	0	0	0	0	0	0	232	254	0	-2.16E-05	4.22E-06	4.81E-06	-8.59E-06
542	16	0	0	0	0	0	0	232	254	0	-2.16E-05	4.22E-06	4.81E-06	-8.59E-06
542	17	0	0	0	0	0	0	232	254	0	-2.13E-05	5.88E-06	1.09E-06	-1.04E-05
542	18	0	0	0	0	0	0	232	254	0	-2.10E-05	6.18E-06	-4.29E-06	-1.14E-05
542	19	0	0	0	0	0	0	232	254	0	-2.10E-05	6.18E-06	-4.29E-06	-1.14E-05
543	0	0	0	0	0	0	0	232	254	0	-2.20E-05	4.53E-06	-1.01E-05	-9.92E-06
543	1	0	0	0	0	0	0	232	254	0	-2.20E-05	4.53E-06	-1.01E-05	-9.92E-06
543	2	0	0	0	0	0	0	232	254	0	-2.40E-05	4.19E-06	-1.32E-05	-1.09E-05
543	3	0	0	0	0	0	0	232	254	0	-2.40E-05	4.19E-06	-1.32E-05	-1.09E-05
543	4	0	0	0	0	0	0	232	254	0	-2.47E-05	3.88E-06	-1.77E-05	-1.16E-05
543	5	0	0	0	0	0	0	232	254	0	-2.47E-05	3.88E-06	-1.77E-05	-1.16E-05
543	6	0	0	0	0	0	0	232	254	0	-2.37E-05	4.87E-06	-1.98E-05	-1.04E-05
543	7	0	0	0	0	0	0	232	254	0	-2.30E-05	4.99E-06	-2.13E-05	-1.26E-05
543	8	0	0	0	0	0	0	232	254	0	-2.30E-05	4.99E-06	-2.13E-05	-1.26E-05
543	9	0	0	0	0	0	0	232	254	0	-2.44E-05	2.17E-06	-1.96E-05	-1.22E-05
543	10	0	0	0	0	0	0	232	254	0	-2.44E-05	2.17E-06	-1.96E-05	-1.22E-05
543	11	0	0	0	0	0	0	232	254	0	-2.57E-05	1.28E-06	-1.58E-05	-1.19E-05
543	12	0	0	0	0	0	0	232	254	0	-2.57E-05	1.28E-06	-1.58E-05	-1.19E-05
543	13	0	0	0	0	0	0	232	254	0	-2.48E-05	7.25E-06	-9.51E-06	-1.19E-05
543	14	0	0	0	0	0	0	232	254	0	-2.48E-05	7.25E-06	-9.51E-06	-1.19E-05
543	15	0	0	0	0	0	0	232	254	0	-2.36E-05	9.04E-06	-5.91E-06	-1.27E-05
543	16	0	0	0	0	0	0	232	254	0	-2.17E-05	7.72E-06	-8.26E-06	-1.12E-05
543	17	0	0	0	0	0	0	232	254	0	-2.17E-05	7.72E-06	-8.26E-06	-1.12E-05
543	18	0	0	0	0	0	0	232	254	0	-2.16E-05	7.58E-06	-1.01E-05	-1.14E-05
543	19	0	0	0	0	0	0	232	254	0	-2.16E-05	7.58E-06	-1.01E-05	-1.14E-05
544	0	0	0	0	0	0	0	232	254	0	-2.01E-05	9.22E-06	-3.46E-06	-1.02E-05
544	1	0	0	0	0	0	0	232	254	0	-2.01E-05	9.22E-06	-3.46E-06	-1.02E-05
544	2	0	0	0	0	0	0	232	254	0	-1.90E-05	8.50E-06	3.46E-07	-9.59E-06
544	3	0	0	0	0	0	0	232	254	0	-1.90E-05	8.50E-06	3.46E-07	-9.59E-06
544	4	0	0	0	0	0	0	232	254	0	-1.81E-05	4.97E-06	-9.00E-06	-1.11E-05
544	5	0	0	0	0	0	0	232	254	0	-1.80E-05	6.99E-07	-1.49E-05	-1.31E-05
544	6	0	0	0	0	0	0	232	254	0	-1.80E-05	6.99E-07	-1.49E-05	-1.31E-05
544	7	0	0	0	0	0	0	232	254	0	-1.84E-05	-7.54E-06	-1.02E-05	-1.29E-05
544	8	0	0	0	0	0	0	232	254	0	-1.84E-05	-7.54E-06	-1.02E-05	-1.29E-05
544	9	0	0	0	0	0	0	232	254	0	-1.71E-05	-6.99E-06	-6.44E-06	-1.32E-05
544	10	0	0	0	0	0	0	232	254	0	-1.71E-05	-6.99E-06	-6.44E-06	-1.32E-05
544	11	0	0	0	0	0	0	232	254	0	-1.66E-05	-3.18E-06	-9.89E-06	-1.26E-05
544	12	0	0	0	0	0	0	232	254	0	-1.66E-05	-3.18E-06	-9.89E-06	-1.26E-05
544	13	0	0	0	0	0	0	232	254	0	-1.85E-05	-2.46E-06	-9.18E-06	-1.21E-05
544	14	0	0	0	0	0	0	232	254	0	-1.80E-05	1.07E-06	-6.28E-06	-1.23E-05
544	15	0	0	0	0	0	0	232	254	0	-1.80E-05	1.07E-06	-6.28E-06	-1.23E-05
544	16	0	0	0	0	0	0	232	254	0	-1.76E-05	5.07E-06	-1.03E-05	-1.26E-05
544	17	0	0	0	0	0	0	232	254	0	-1.76E-05	5.07E-06	-1.03E-05	-1.26E-05
544	18	0	0	0	0	0	0	232	254	0	-1.83E-05	7.05E-06	-1.18E-05	-1.36E-05
544	19	0	0	0	0	0	0	232	254	0	-1.83E-05	7.05E-06	-1.18E-05	-1.36E-05
545	0	0	0	0	0	0	0	232	254	0	-2.00E-05	7.20E-06	-7.09E-06	-1.34E-05
545	1	0	0	0	0	0	0	232	254	0	-2.00E-05	7.20E-06	-7.09E-06	-1.34E-05
545	2	0	0	0	0	0	0	232	254	0	-1.95E-05	6.40E-06	-9.31E-06	-1.36E-05
545	3	0	0	0	0	0	0	232	254	0	-1.93E-05	7.91E-06	-1.36E-05	-1.36E-05
545	4	0	0	0	0	0	0	232	254	0	-1.93E-05	7.91E-06	-1.36E-05	-1.36E-05
545	5	0	0	0	0	0	0	232	254	0	-1.95E-05	8.88E-06	-1.35E-05	-1.46E-05
545	6	0	0	0	0	0	0	232	254	0	-1.95E-05	8.88E-06	-1.35E-05	-1.46E-05
545	7	0	0	0	0	0	0	232	254	0	-2.00E-05	7.89E-06	-9.29E-06	-1.43E-05
545	8	0	0	0	0	0	0	232	254	0	-2.00E-05	7.89E-06	-9.29E-06	-1.43E-05
545	9	0	0	0	0	0	0	232	254	0	-1.96E-05	8.21E-06	-1.27E-05	-1.44E-05
545	10	0	0	0	0	0	0	232	254	0	-1.96E-05	8.21E-06	-1.27E-05	-1.44E-05
545	11	0	0	0	0	0	0	232	254	0	-1.83E-05	7.54E-06	-1.60E-05	-1.26E-05
545	12	0	0	0	0	0	0	232	254	0	-1.90E-05	6.73E-06	-8.91E-07	-1.09E-05
545	13	0	0	0	0	0	0	232	254	0	-1.90E-05	6.73E-06	-8.91E-07	-1.09E-05
545	14	0	0	0	0	0	0	232	254	0	-2.10E-05	7.87E-06	1.56E-05	-1.31E-05
545	15	0	0	0	0	0	0	232	254	0	-2.10E-05	7.87E-06	1.56E-05	-1.31E-05
545	16	0	0	0	0	0	0	232	254	0	-2.11E-05	6.86E-06	4.70E-06	-1.39E-05
545	17	0	0	0	0	0	0	232	254	0	-2.11E-05	6.86E-06	4.70E-06	-1.39E-05
545	18	0	0	0	0	0	0	232	254	0	-2.03E-05	5.72E-06	4.82E-06	-1.39E-05
545	19	0	0	0	0	0	0	232	254	0	-2.03E-05	5.72E-06	4.82E-06	-1.39E-05
546	0	0	0	0	0	0	0	232	254	0	-2.20E-05	6.22E-06	1.19E-05	-1.22E-05
546	1	0	0	0	0	0	0	232	254	0	-2.18E-05	6.89E-06	1.25E-05	-1.16E-05
546	2	0	0	0	0	0	0	232	254	0	-2.18E-05	6.89E-06	1.25E-05	-1.16E-05
546	3	0	0	0	0	0	0	232	254	0	-2.20E-05	7.41E-06	7.04E-06	-1.19E-05
546	4	0	0	0	0	0	0	232	254	0	-2.20E-05	7.41E-06	7.04E-06	-1.19E-05
546	5	0	0	0	0	0	0	232	254	0	-2.20E-05	8.57E-06	-3.23E-06	-1.24E-05
546	6	0	0	0	0	0	0	232	254	0	-2.20E-05	8.57E-06	-3.23E-06	-1.24E-05
546	7	0	0	0	0	0	0	232	254	0	-2.10E-05	9.20E-06	-5.62E-06	-1.24E-05
546	8	0	0	0	0	0	0	232	254	0	-2.10E-05	9.20E-06	-5.62E-06	-1.24E-05
546	9	0	0	0	0	0	0	232	254	0	-2.13E-05	7.18E-06	-1.08E-05	-1.36E-05
546	10	0	0	0	0	0	0	232	254	0	-2.30E-05	5.18E-06	-3.22E-05	-1.49E-05
546	11	0	0	0	0	0	0	232	254	0	-2.30E-05	5.18E-06	-3.22E-05	-1.49E-05
546	12	0	0	0	0	0	0	232	254	0	-2.43E-05	4.03E-06	-3.84E-05	-1.46E-05
546	13	0	0	0	0	0	0	232	254	0	-2.43E-05	4.03E-06	-3.84E-05	-1.46E-05
546	14	0	0	0	0	0	0	232	254	0	-2.45E-05	3.85E-06	-3.60E-05	-1.43E-05
546	15	0	0	0	0	0	0	232	254	0	-2.45E-05	3.85E-06	-3.60E-05	-1.43E-05
546	16	0	0	0	0	0	0	232	254	0	-2.33E-05	3.17E-06	-3.11E-05	-1.66E-05
546	17	0	0	0	0	0	0	232	254	0	-2.33E-05	3.17E-06	-3.11E-05	-1.66E-05
546	18	0	0	0	0	0	0	232	254	0	-2.16E-05	2.17E-06	-2.20E-05	-1.71E-05
546	19	0	0	0	0	0	0	232	254	0	-2.14E-05	1.20E-06	-1.48E-05	-1.59E-05
547	0	0	0	0	0	0	0	232	254	0	-2.14E-05	1.20E-06	-1.48E-05	-1.59E-05
547	1	0	0	0	0	0	0	232	254	0	-2.37E-05	2.53E-06	-6.81E-06	-1.44E-05
547	2	0	0	0	0	0	0	232	254	0	-2.37E-05	2.53E-06	-6.81E-06	-1.44E-05
547	3	0	0	0	0	0	0	232	254	0	-2.33E-05	3.21E-06	-2.77E-06	-1.38E-05
547	4	0	0	0	0	0	0	232	254	0	-2.33E-05	3.21E-06	-2.77E-06	-1.38E-05
547	5	0	0	0	0	0	0	232	254	0	-2.30E-05	4.59E-06	1.91E-06	-1.33E-05
547	6	0	0	0	0	0	0	232	254	0	-2.30E-05	4.59E-06	1.91E-06	-1.33E-05
547	7	0	0	0	0	0	0	232	254	0	-2.16E-05	8.10E-06	5.44E-06	-1.51E-05
547	8	0	0	0	0	0	0	232	254	0	-2.14E-05	1.06E-05	-6.70E-07	-1.63E-05
547	9	0	0	0	0	0	0	232	254	0	-2.14E-05	1.06E-05	-6.70E-07	-1.63E-05
547	10	0	0	0	0	0	0	232	254	0	-2.33E-05	1.09E-05	-1.03E-05	-1.51E-05
547	11	0	0	0	0	0	0	232	254	0	-2.33E-05	1.09E-05	-1.03E-05	-1.51E-05
547	12	0	0	0	0	0	0	232	254	0	-2.23E-05	8.16E-06	-1.25E-05	-1.43E-05
547	13	0	0	0	0	0	0	232	254	0	-2.23E-05	8.16E-06	-1.25E-05	-1.43E-05
547	14	0	0	0	0	0	0	232	254	0	-2.17E-05	4.28E-06	-9.89E-06	-1.48E-05
547	15	0	0	0	0	0	0	232	254	0	-2.17E-05	4.28E-06	-9.89E-06	-1.48E-05
547	16	0	0	0	0	0	0	232	254	0	-2.57E-05	-8.59E-07	-9.40E-06	-1.44E-05
547	17	0	0	0	0	0	0	232	254	0	-2.58E-05	-1.96E-06	-9.56E-06	-1.49E-05
547	18	0	0	0	0	0	0	232	254	0	-2.58E-05	-1.96E-06	-9.56E-06	-1.49E-05
547	19	0	0	0	0	0	0	232	254	0	-2.36E-05	1.28E-06	-9.07E-06	-1.42E-05
548	0	0	0	0	0	0	0	232	254	0	-2.36E-05	1.28E-06	-9.07E-06	-1.42E-05
548	1	0	0	0	0	0	0	232	254	0	-2.23E-05	7.28E-06	-9.59E-06	-1.29E-05
548	2	0	0	0	0	0	0	232	254	0	-2.23E-05	7.28E-06	-9.59E-06	-1.29E-05
548	3	0	0	0	0	0	0	232	254	0	-2.30E-05	1.11E-05	-1.09E-05	-1.29E-05
548	4	0	0	0	0	0	0	232	254	0	-2.30E-05	1.11E-05	-1.09E-05	-1.29E-05
548	5	0	0	0	0	0	0	232	254	0	-2.20E-05	1.12E-05	-1.06E-05	-1.26E-05
548	6	0	0	0	0	0	0	232	254	0	-2.10E-05	7.01E-06	-1.12E-05	-1.36E-05
548	7	0	0	0	0	0	0	232	254	0	-2.10E-05	7.01E-06	-1.12E-05	-1.36E-05
548	8	0	0	0	0	0	0	232	254	0	-2.00E-05	4.73E-06	-1.04E-05	-1.26E-05
548	9	0	0	0	0	0	0	232	254	0	-2.00E-05	4.73E-06	-1.04E-05	-1.26E-05
548	10	0	0	0	0	0	0	232	254	0	-1.93E-05	6.58E-06	-1.03E-05	-1.23E-05
548	11	0	0	0	0	0	0	232	254	0	-1.93E-05	6.58E-06	-1.03E-05	-1.23E-05
548	12	0	0	0	0	0	0	232	254	0	-2.08E-05	8.58E-06	-1.17E-05	-1.31E-05
548	13	0	0	0	0	0	0	232	254	0	-2.08E-05	8.58E-06	-1.17E-05	-1.31E-05
548	14	0	0	0	0	0	0	232	254	0	-2.03E-05	9.52E-06	-1.09E-05	-1.17E-05
548	15	0	0	0	0	0	0	232	254	0	-1.92E-05	6.43E-06	-8.73E-06	-9.57E-06
548	16	0	0	0	0	0	0	232	254	0	-1.92E-05	6.43E-06	-8.73E-06	-9.57E-06
548	17	0	0	0	0	0	0	232	254	0	-2.03E-05	-2.16E-07	-8.90E-06	-9.74E-06
548	18	0	0	0	0	0	0	232	254	0	-2.03E-05	-2.16E-07	-8.90E-06	-9.74E-06
548	19	0	0	0	0	0	0	232	254	0	-2.20E-05	-3.05E-06	-9.20E-06	-9.75E-06
549	0	0	0	0	0	0	0	232	254	0	-2.20E-05	-3.05E-06	-9.20E-06	-9.75E-06
549	1	0	0	0	0	0	0	232	254	0	-2.16E-05	-4.47E-06	-7.22E-06	-1.04E-05
549	2	0	0	0	0	0	0	232	254	0	-2.16E-05	-4.47E-06	-7.22E-06	-1.04E-05
549	3	0	0	0	0	0	0	232	254	0	-2.03E-05	-9.24E-07	-7.23E-06	-9.91E-06
549	4	0	0	0	0	0	0	232	254	0	-2.17E-05	3.85E-06	-7.90E-06	-1.02E-05
549	5	0	0	0	0	0	0	232	254	0	-2.17E-05	3.85E-06	-7.90E-06	-1.02E-05
549	6	0	0	0	0	0	0	232	254	0	-2.25E-05	3.18E-06	-8.57E-06	-1.01E-05
549	7	0	0	0	0	0	0	232	254	0	-2.25E-05	3.18E-06	-8.57E-06	-1.01E-05
549	8	0	0	0	0	0	0	232	254	0	-2.23E-05	2.70E-06	-8.89E-06	-9.74E-06
549	9	0	0	0	0	0	0	232	254	0	-2.23E-05	2.70E-06	-8.89E-06	-9.74E-06
549	10	0	0	0	0	0	0	232	254	0	-2.17E-05	3.52E-06	-8.58E-06	-1.02E-05
549	11	0	0	0	0	0	0	232	254	0	-2.17E-05	3.52E-06	-8.58E-06	-1.02E-05
549	12	0	0	0	0	0	0	232	254	0	-2.23E-05	3.54E-06	-9.56E-06	-1.02E-05
549	13	0	0	0	0	0	0	232	254	0	-2.20E-05	4.19E-06	-8.91E-06	-9.57E-06
549	14	0	0	0	0	0	0	232	254	0	-2.20E-05	4.19E-06	-8.91E-06	-9.57E-06
549	15	0	0	0	0	0	0	232	254	0	-2.05E-05	3.70E-06	-9.55E-06	-9.60E-06
549	16	0	0	0	0	0	0	232	254	0	-2.05E-05	3.70E-06	-9.55E-06	-9.60E-06
549	17	0	0	0	0	0	0	232	254	0	-2.03E-05	3.90E-06	-8.37E-06	-1.16E-05
549	18	0	0	0	0	0	0	232	254	0	-2.03E-05	3.90E-06	-8.37E-06	-1.16E-05
549	19	0	0	0	0	0	0	232	254	0	-2.11E-05	6.06E-06	-6.90E-06	-1.12E-05
550	0	0	0	0	0	0	0	232	254	0	-2.11E-05	6.06E-06	-6.90E-06	-1.12E-05
550	1	0	0	0	0	0	0	232	254	0	-2.03E-05	7.22E-06	-8.22E-06	-1.12E-05
550	2	0	0	0	0	0	0	232	254	0	-2.05E-05	7.55E-06	-8.20E-06	-1.01E-05
550	3	0	0	0	0	0	0	232	254	0	-2.05E-05	7.55E-06	-8.20E-06	-1.01E-05
550	4	0	0	0	0	0	0	232	254	0	-2.03E-05	7.22E-06	-6.51E-06	-1.06E-05
550	5	0	0	0	0	0	0	232	254	0	-2.03E-05	7.22E-06	-6.51E-06	-1.06E-05
550	6	0	0	0	0	0	0	232	254	0	-1.98E-05	7.18E-06	-4.51E-06	-1.26E-05
550	7	0	0	0	0	0	0	232	254	0	-1.98E-05	7.18E-06	-4.51E-06	-1.26E-05
550	8	0	0	0	0	0	0	232	254	0	-2.04E-05	5.20E-06	-3.22E-06	-1.11E-05
550	9	0	0	0	0	0	0	232	254	0	-2.04E-05	5.20E-06	-3.22E-06	-1.11E-05
550	10	0	0	0	0	0	0	232	254	0	-2.30E-05	4.91E-06	-4.94E-06	-1.13E-05
550	11	0	0	0	0	0	0	232	254	0	-2.16E-05	7.23E-06	-9.18E-06	-1.19E-05
550	12	0	0	0	0	0	0	232	254	0	-2.16E-05	7.23E-06	-9.18E-06	-1.19E-05
550	13	0	0	0	0	0	0	232	254	0	-2.06E-05	7.85E-06	-1.57E-05	-1.24E-05
550	14	0	0	0	0	0	0	232	254	0	-2.06E-05	7.85E-06	-1.57E-05	-1.24E-05
550	15	0	0	0	0	0	0	232	254	0	-2.08E-05	5.54E-06	-1.91E-05	-1.24E-05
550	16	0	0	0	0	0	0	232	254	0	-2.08E-05	5.54E-06	-1.91E-05	-1.24E-05
550	17	0	0	0	0	0	0	232	254	0	-2.03E-05	5.72E-06	-1.64E-05	-1.26E-05
550	18	0	0	0	0	0	0	232	254	0	-2.03E-05	5.72E-06	-1.64E-05	-1.26E-05
550	19	0	0	0	0	0	0	232	254	0	-2.16E-05	6.50E-06	-1.23E-05	-1.26E-05
551	0	0	0	0	0	0	0	232	254	0	-2.10E-05	3.82E-06	-1.59E-05	-1.36E-05
551	1	0	0	0	0	0	0	232	254	0	-2.10E-05	3.82E-06	-1.59E-05	-1.36E-05
551	2	0	0	0	0	0	0	232	254	0	-2.05E-05	1.55E-06	-1.27E-05	-1.26E-05
551	3	0	0	0	0	0	0	232	254	0	-2.05E-05	1.55E-06	-1.27E-05	-1.26E-05
551	4	0	0	0	0	0	0	232	254	0	-1.96E-05	3.58E-06	-6.91E-06	-1.19E-05
551	5	0	0	0	0	0	0	232	254	0	-1.96E-05	3.58E-06	-6.91E-06	-1.19E-05
551	6	0	0	0	0	0	0	232	254	0	-1.91E-05	6.58E-06	-8.77E-06	-1.26E-05
551	7	0	0	0	0	0	0	232	254	0	-1.91E-05	6.58E-06	-8.77E-06	-1.26E-05
551	8	0	0	0	0	0	0	232	254	0	-1.90E-05	8.52E-06	-1.12E-05	-1.34E-05
551	9	0	0	0	0	0	0	232	254	0	-1.93E-05	6.33E-06	-7.69E-06	-1.09E-05
551	10	0	0	0	0	0	0	232	254	0	-1.93E-05	6.33E-06	-7.69E-06	-1.09E-05
551	11	0	0	0	0	0	0	232	254	0	-2.08E-05	3.87E-06	3.80E-06	-9.60E-06
551	12	0	0	0	0	0	0	232	254	0	-2.08E-05	3.87E-06	3.80E-06	-9.60E-06
551	13	0	0	0	0	0	0	232	254	0	-2.05E-05	4.55E-06	9.34E-06	-1.13E-05
551	14	0	0	0	0	0	0	232	254	0	-2.05E-05	4.55E-06	9.34E-06	-1.13E-05
551	15	0	0	0	0	0	0	232	254	0	-1.96E-05	5.54E-06	-3.92E-06	-1.40E-05
551	16	0	0	0	0	0	0	232	254	0	-1.96E-05	5.54E-06	-3.92E-06	-1.40E-05
551	17	0	0	0	0	0	0	232	254	0	-1.86E-05	5.91E-06	-1.71E-05	-1.51E-05
551	18	0	0	0	0	0	0	232	254	0	-1.86E-05	7.73E-06	-2.32E-05	-1.60E-05
551	19	0	0	0	0	0	0	232	254	0	-1.86E-05	7.73E-06	-2.32E-05	-1.60E-05
552	0	0	0	0	0	0	0	232	254	0	-1.93E-05	8.21E-06	-2.42E-05	-1.64E-05
552	1	0	0	0	0	0	0	232	254	0	-1.93E-05	8.21E-06	-2.42E-05	-1.64E-05
552	2	0	0	0	0	0	0	232	254	0	-1.97E-05	7.19E-06	-1.75E-05	-1.56E-05
552	3	0	0	0	0	0	0	232	254	0	-1.97E-05	7.19E-06	-1.75E-05	-1.56E-05
552	4	0	0	0	0	0	0	232	254	0	-2.17E-05	5.71E-06	-7.95E-06	-1.49E-05
552	5	0	0	0	0	0	0	232	254	0	-2.17E-05	5.71E-06	-7.95E-06	-1.49E-05
552	6	0	0	0	0	0	0	232	254	0	-2.23E-05	5.87E-06	-1.72E-06	-1.29E-05
552	7	0	0	0	0	0	0	232	254	0	-2.30E-05	5.83E-06	-3.95E-06	-1.41E-05
552	8	0	0	0	0	0	0	232	254	0	-2.30E-05	5.83E-06	-3.95E-06	-1.41E-05
552	9	0	0	0	0	0	0	232	254	0	-2.30E-05	2.94E-06	-9.21E-06	-1.46E-05
552	10	0	0	0	0	0	0	232	254	0	-2.30E-05	2.94E-06	-9.21E-06	-1.46E-05
552	11	0	0	0	0	0	0	232	254	0	-2.17E-05	-1.46E-06	-7.86E-06	-1.26E-05
552	12	0	0	0	0	0	0	232	254	0	-2.17E-05	-1.46E-06	-7.86E-06	-1.26E-05
552	13	0	0	0	0	0	0	232	254	0	-2.18E-05	1.22E-06	-6.21E-06	-1.26E-05
552	14	0	0	0	0	0	0	232	254	0	-2.18E-05	1.22E-06	-6.21E-06	-1.26E-05
552	15	0	0	0	0	0	0	232	254	0	-2.27E-05	3.52E-06	-6.40E-06	-1.24E-05
552	16	0	0	0	0	0	0	232	254	0	-2.30E-05	3.51E-06	-7.56E-06	-1.19E-05
552	17	0	0	0	0	0	0	232	254	0	-2.30E-05	3.51E-06	-7.56E-06	-1.19E-05
552	18	0	0	0	0	0	0	232	254	0	-2.13E-05	2.85E-06	-7.85E-06	-1.16E-05
552	19	0	0	0	0	0	0	232	254	0	-2.13E-05	2.85E-06	-7.85E-06	-1.16E-05
553	0	0	0	0	0	0	0	232	254	0	-2.11E-05	2.54E-06	-5.53E-06	-1.24E-05
553	1	0	0	0	0	0	0	232	254	0	-2.11E-05	2.54E-06	-5.53E-06	-1.24E-05
553	2	0	0	0	0	0	0	232	254	0	-1.97E-05	3.82E-06	-4.94E-06	-1.38E-05
553	3	0	0	0	0	0	0	232	254	0	-1.97E-05	3.82E-06	-4.94E-06	-1.38E-05
553	4	0	0	0	0	0	0	232	254	0	-2.08E-05	1.50E-06	-9.27E-06	-1.33E-05
553	5	0	0	0	0	0	0	232	254	0	-2.06E-05	8.92E-07	-1.16E-05	-1.36E-05
553	6	0	0	0	0	0	0	232	254	0	-2.06E-05	8.92E-07	-1.16E-05	-1.36E-05
553	7	0	0	0	0	0	0	232	254	0	-1.96E-05	3.90E-06	-1.09E-05	-1.42E-05
553	8	0	0	0	0	0	0	232	254	0	-1.96E-05	3.90E-06	-1.09E-05	-1.42E-05
553	9	0	0	0	0	0	0	232	254	0	-1.96E-05	6.25E-06	-9.91E-06	-1.19E-05
553	10	0	0	0	0	0	0	232	254	0	-1.96E-05	6.25E-06	-9.91E-06	-1.19E-05
553	11	0	0	0	0	0	0	232	254	0	-2.00E-05	8.21E-06	-1.04E-05	-1.19E-05
553	12	0	0	0	0	0	0	232	254	0	-2.00E-05	8.21E-06	-1.04E-05	-1.19E-05
553	13	0	0	0	0	0	0	232	254	0	-2.13E-05	7.36E-06	-1.02E-05	-1.19E-05
553	14	0	0	0	0	0	0	232	254	0	-2.09E-05	5.82E-06	-1.05E-05	-1.22E-05
553	15	0	0	0	0	0	0	232	254	0	-2.09E-05	5.82E-06	-1.05E-05	-1.22E-05
553	16	0	0	0	0	0	0	232	254	0	-1.91E-05	2.81E-06	-8.22E-06	-1.19E-05
553	17	0	0	0	0	0	0	232	254	0	-1.91E-05	2.81E-06	-8.22E-06	-1.19E-05
553	18	0	0	0	0	0	0	232	254	0	-1.80E-05	5.39E-07	-8.25E-06	-1.06E-05
553	19	0	0	0	0	0	0	232	254	0	-1.80E-05	5.39E-07	-8.25E-06	-1.06E-05
554	0	0	0	0	0	0	0	232	254	0	-1.79E-05	2.54E-06	-9.91E-06	-1.06E-05
554	1	0	0	0	0	0	0	232	254	0	-1.79E-05	2.54E-06	-9.91E-06	-1.06E-05
554	2	0	0	0	0	0	0	232	254	0	-1.70E-05	3.89E-06	-1.02E-05	-1.17E-05
554	3	0	0	0	0	0	0	232	254	0	-1.80E-05	5.53E-06	-9.56E-06	-1.17E-05
554	4	0	0	0	0	0	0	232	254	0	-1.80E-05	5.53E-06	-9.56E-06	-1.17E-05
554	5	0	0	0	0	0	0	232	254	0	-2.00E-05	5.14E-06	-8.87E-06	-1.16E-05
554	6	0	0	0	0	0	0	232	254	0	-2.00E-05	5.14E-06	-8.87E-06	-1.16E-05
554	7	0	0	0	0	0	0	232	254	0	-2.24E-05	1.37E-06	-7.54E-06	-1.04E-05
554	8	0	0	0	0	0	0	232	254	0	-2.24E-05	1.37E-06	-7.54E-06	-1.04E-05
554	9	0	0	0	0	0	0	232	254	0	-2.38E-05	3.09E-06	-6.85E-06	-1.09E-05
554	10	0	0	0	0	0	0	232	254	0	-2.38E-05	3.09E-06	-6.85E-06	-1.09E-05
554	11	0	0	0	0	0	0	232	254	0	-2.43E-05	6.92E-06	-4.84E-06	-1.19E-05
554	12	0	0	0	0	0	0	232	254	0	-2.40E-05	9.27E-06	-3.56E-06	-1.09E-05
554	13	0	0	0	0	0	0	232	254	0	-2.40E-05	9.27E-06	-3.56E-06	-1.09E-05
554	14	0	0	0	0	0	0	232	254	0	-2.40E-05	1.16E-05	-5.73E-06	-1.16E-05
554	15	0	0	0	0	0	0	232	254	0	-2.40E-05	1.16E-05	-5.73E-06	-1.16E-05
554	16	0	0	0	0	0	0	232	254	0	-2.30E-05	1.06E-05	-7.06E-06	-1.26E-05
554	17	0	0	0	0	0	0	232	254	0	-2.30E-05	1.06E-05	-7.06E-06	-1.26E-05
554	18	0	0	0	0	0	0	232	254	0	-2.30E-05	9.20E-06	-7.91E-06	-1.36E-05
554	19	0	0	0	0	0	0	232	254	0	-2.30E-05	9.20E-06	-7.91E-06	-1.36E-05
555	0	0	0	0	0	0	0	232	254	0	-2.27E-05	7.44E-06	-9.26E-06	-1.31E-05
555	1	0	0	0	0	0	0	232	254	0	-2.27E-05	1.09E-06	-1.08E-05	-1.26E-05
555	2	0	0	0	0	0	0	232	254	0	-2.27E-05	1.09E-06	-1.08E-05	-1.26E-05
555	3	0	0	0	0	0	0	232	254	0	-2.30E-05	-3.90E-06	-1.19E-05	-1.17E-05
555	4	0	0	0	0	0	0	232	254	0	-2.30E-05	-3.90E-06	-1.19E-05	-1.17E-05
555	5	0	0	0	0	0	0	232	254	0	-2.30E-05	-6.24E-06	-1.24E-05	-1.18E-05
555	6	0	0	0	0	0	0	232	254	0	-2.30E-05	-6.24E-06	-1.24E-05	-1.18E-05
555	7	0	0	0	0	0	0	232	254	0	-2.50E-05	-7.76E-06	-1.34E-05	-1.26E-05
555	8	0	0	0	0	0	0	232	254	0	-2.50E-05	-7.76E-06	-1.34E-05	-1.26E-05
555	9	0	0	0	0	0	0	232	254	0	-2.43E-05	-3.44E-07	-1.22E-05	-1.29E-05
555	10	0	0	0	0	0	0	232	254	0	-2.30E-05	8.56E-06	-1.02E-05	-1.40E-05
555	11	0	0	0	0	0	0	232	254	0	-2.30E-05	8.56E-06	-1.02E-05	-1.40E-05
555	12	0	0	0	0	0	0	232	254	0	-2.25E-05	8.73E-06	-9.73E-06	-1.53E-05
555	13	0	0	0	0	0	0	232	254	0	-2.25E-05	8.73E-06	-9.73E-06	-1.53E-05
555	14	0	0	0	0	0	0	232	254	0	-2.21E-05	8.77E-06	-9.23E-06	-1.53E-05
555	15	0	0	0	0	0	0	232	254	0	-2.21E-05	8.77E-06	-9.23E-06	-1.53E-05
555	16	0	0	0	0	0	0	232	254	0	-2.13E-05	1.12E-05	-8.92E-06	-1.46E-05
555	17	0	0	0	0	0	0	232	254	0	-2.13E-05	1.12E-05	-8.92E-06	-1.46E-05
555	18	0	0	0	0	0	0	232	254	0	-2.22E-05	9.46E-06	-1.01E-05	-1.46E-05
555	19	0	0	0	0	0	0	232	254	0	-2.30E-05	3.25E-06	-1.26E-05	-1.50E-05
556	0	0	0	0	0	0	0	232	254	0	-2.30E-05	3.25E-06	-1.26E-05	-1.50E-05
556	1	0	0	0	0	0	0	232	254	0	-2.37E-05	-2.56E-06	-1.26E-05	-1.58E-05
556	2	0	0	0	0	0	0	232	254	0	-2.37E-05	-2.56E-06	-1.26E-05	-1.58E-05
556	3	0	0	0	0	0	0	232	254	0	-2.43E-05	-4.83E-06	-1.31E-05	-1.51E-05
556	4	0	0	0	0	0	0	232	254	0	-2.43E-05	-4.83E-06	-1.31E-05	-1.51E-05
556	5	0	0	0	0	0	0	232	254	0	-2.26E-05	-2.82E-06	-1.32E-05	-1.49E-05
556	6	0	0	0	0	0	0	232	254	0	-2.26E-05	-2.82E-06	-1.32E-05	-1.49E-05
556	7	0	0	0	0	0	0	232	254	0	-2.06E-05	-9.92E-07	-1.16E-05	-1.44E-05
556	8	0	0	0	0	0	0	232	254	0	-2.07E-05	-1.12E-07	-1.25E-05	-1.53E-05
556	9	0	0	0	0	0	0	232	254	0	-2.07E-05	-1.12E-07	-1.25E-05	-1.53E-05
556	10	0	0	0	0	0	0	232	254	0	-2.10E-05	3.07E-06	-8.92E-06	-1.53E-05
556	11	0	0	0	0	0	0	232	254	0	-2.10E-05	3.07E-06	-8.92E-06	-1.53E-05
556	12	0	0	0	0	0	0	232	254	0	-2.03E-05	6.07E-06	-8.86E-07	-1.49E-05
556	13	0	0	0	0	0	0	232	254	0	-2.03E-05	6.07E-06	-8.86E-07	-1.49E-05
556	14	0	0	0	0	0	0	232	254	0	-2.08E-05	7.55E-06	5.82E-06	-1.33E-05
556	15	0	0	0	0	0	0	232	254	0	-2.08E-05	7.55E-06	5.82E-06	-1.33E-05
556	16	0	0	0	0	0	0	232	254	0	-2.23E-05	7.54E-06	2.73E-06	-1.29E-05
556	17	0	0	0	0	0	0	232	254	0	-2.18E-05	6.55E-06	-4.43E-06	-1.31E-05
556	18	0	0	0	0	0	0	232	254	0	-2.18E-05	6.55E-06	-4.43E-06	-1.31E-05
556	19	0	0	0	0	0	0	232	254	0	-2.10E-05	6.57E-06	-7.90E-06	-1.22E-05
557	0	0	0	0	0	0	0	232	254	0	-2.10E-05	6.57E-06	-7.90E-06	-1.22E-05
557	1	0	0	0	0	0	0	232	254	0	-2.00E-05	7.72E-06	-8.38E-06	-1.16E-05
557	2	0	0	0	0	0	0	232	254	0	-2.00E-05	7.72E-06	-8.38E-06	-1.16E-05
557	3	0	0	0	0	0	0	232	254	0	-1.98E-05	7.55E-06	-7.73E-06	-1.14E-05
557	4	0	0	0	0	0	0	232	254	0	-1.98E-05	7.55E-06	-7.73E-06	-1.14E-05
557	5	0	0	0	0	0	0	232	254	0	-2.06E-05	7.23E-06	-8.39E-06	-1.02E-05
557	6	0	0	0	0	0	0	232	254	0	-2.05E-05	8.08E-06	-8.40E-06	-1.01E-05
557	7	0	0	0	0	0	0	232	254	0	-2.05E-05	8.08E-06	-8.40E-06	-1.01E-05
557	8	0	0	0	0	0	0	232	254	0	-2.23E-05	9.22E-06	-8.91E-06	-1.09E-05
557	9	0	0	0	0	0	0	232	254	0	-2.23E-05	9.22E-06	-8.91E-06	-1.09E-05
557	10	0	0	0	0	0	0	232	254	0	-2.30E-05	8.55E-06	-9.89E-06	-1.07E-05
557	11	0	0	0	0	0	0	232	254	0	-2.30E-05	8.55E-06	-9.89E-06	-1.07E-05
557	12	0	0	0	0	0	0	232	254	0	-2.10E-05	8.23E-06	-8.86E-06	-1.09E-05
557	13	0	0	0	0	0	0	232	254	0	-2.10E-05	8.23E-06	-8.86E-06	-1.09E-05
557	14	0	0	0	0	0	0	232	254	0	-2.13E-05	8.55E-06	-6.88E-06	-1.04E-05
557	15	0	0	0	0	0	0	232	254	0	-2.15E-05	7.71E-06	-6.63E-06	-1.16E-05
557	16	0	0	0	0	0	0	232	254	0	-2.15E-05	7.71E-06	-6.63E-06	-1.16E-05
557	17	0	0	0	0	0	0	232	254	0	-2.17E-05	6.88E-06	-1.14E-05	-1.23E-05
557	18	0	0	0	0	0	0	232	254	0	-2.17E-05	6.88E-06	-1.14E-05	-1.23E-05
557	19	0	0	0	0	0	0	232	254	0	-2.17E-05	7.04E-06	-1.02E-05	-1.21E-05
558	0	0	0	0	0	0	0	232	254	0	-2.17E-05	7.04E-06	-1.02E-05	-1.21E-05
558	1	0	0	0	0	0	0	232	254	0	-2.20E-05	6.36E-06	-8.33E-06	-1.23E-05
558	2	0	0	0	0	0	0	232	254	0	-2.20E-05	6.36E-06	-8.33E-06	-1.23E-05
558	3	0	0	0	0	0	0	232	254	0	-2.16E-05	5.20E-06	-1.43E-05	-1.36E-05
558	4	0	0	0	0	0	0	232	254	0	-1.98E-05	5.23E-06	-1.45E-05	-1.32E-05
558	5	0	0	0	0	0	0	232	254	0	-1.98E-05	5.23E-06	-1.45E-05	-1.32E-05
558	6	0	0	0	0	0	0	232	254	0	-1.97E-05	6.70E-06	-7.87E-06	-1.06E-05
558	7	0	0	0	0	0	0	232	254	0	-1.97E-05	6.70E-06	-7.87E-06	-1.06E-05
558	8	0	0	0	0	0	0	232	254	0	-2.13E-05	5.85E-06	-6.85E-06	-9.76E-06
558	9	0	0	0	0	0	0	232	254	0	-2.13E-05	5.85E-06	-6.85E-06	-9.76E-06
558	10	0	0	0	0	0	0	232	254	0	-2.01E-05	4.71E-06	-1.47E-05	-1.09E-05
558	11	0	0	0	0	0	0	232	254	0	-2.01E-05	4.71E-06	-1.47E-05	-1.09E-05
558	12	0	0	0	0	0	0	232	254	0	-2.03E-05	5.06E-06	-1.81E-05	-9.88E-06
558	13	0	0	0	0	0	0	232	254	0	-2.20E-05	6.20E-06	-1.49E-05	-8.58E-06
558	14	0	0	0	0	0	0	232	254	0	-2.20E-05	6.20E-06	-1.49E-05	-8.58E-06
558	15	0	0	0	0	0	0	232	254	0	-2.44E-05	5.86E-06	-1.48E-05	-9.60E-06
558	16	0	0	0	0	0	0	232	254	0	-2.44E-05	5.86E-06	-1.48E-05	-9.60E-06
558	17	0	0	0	0	0	0	232	254	0	-2.50E-05	5.19E-06	-1.46E-05	-1.13E-05
558	18	0	0	0	0	0	0	232	254	0	-2.50E-05	5.19E-06	-1.46E-05	-1.13E-05
558	19	0	0	0	0	0	0	232	254	0	-2.43E-05	4.70E-06	-1.22E-05	-1.29E-05
559	0	0	0	0	0	0	0	232	254	0	-2.43E-05	4.70E-06	-1.22E-05	-1.29E-05
559	1	0	0	0	0	0	0	232	254	0	-2.47E-05	4.55E-06	-1.12E-05	-1.27E-05
559	2	0	0	0	0	0	0	232	254	0	-2.37E-05	5.65E-06	-9.61E-06	-1.20E-05
559	3	0	0	0	0	0	0	232	254	0	-2.37E-05	5.65E-06	-9.61E-06	-1.20E-05
559	4	0	0	0	0	0	0	232	254	0	-2.37E-05	2.46E-06	-1.22E-05	-1.39E-05
559	5	0	0	0	0	0	0	232	254	0	-2.37E-05	2.46E-06	-1.22E-05	-1.39E-05
559	6	0	0	0	0	0	0	232	254	0	-2.37E-05	-1.05E-06	-1.09E-05	-1.32E-05
559	7	0	0	0	0	0	0	232	254	0	-2.37E-05	-1.05E-06	-1.09E-05	-1.32E-05
559	8	0	0	0	0	0	0	232	254	0	-2.50E-05	-3.11E-06	-7.88E-06	-1.23E-05
559	9	0	0	0	0	0	0	232	254	0	-2.50E-05	-3.11E-06	-7.88E-06	-1.23E-05
559	10	0	0	0	0	0	0	232	254	0	-2.55E-05	1.26E-06	-7.22E-06	-1.24E-05
559	11	0	0	0	0	0	0	232	254	0	-2.26E-05	6.03E-06	-7.52E-06	-1.29E-05
559	12	0	0	0	0	0	0	232	254	0	-2.26E-05	6.03E-06	-7.52E-06	-1.29E-05
559	13	0	0	0	0	0	0	232	254	0	-1.93E-05	5.36E-06	-5.50E-06	-1.36E-05
559	14	0	0	0	0	0	0	232	254	0	-1.93E-05	5.36E-06	-5.50E-06	-1.36E-05
559	15	0	0	0	0	0	0	232	254	0	-1.98E-05	4.54E-06	-3.21E-06	-1.24E-05
559	16	0	0	0	0	0	0	232	254	0	-1.98E-05	4.54E-06	-3.21E-06	-1.24E-05
559	17	0	0	0	0	0	0	232	254	0	-1.90E-05	4.87E-06	-4.58E-06	-1.23E-05
559	18	0	0	0	0	0	0	232	254	0	-1.90E-05	4.87E-06	-4.58E-06	-1.23E-05
559	19	0	0	0	0	0	0	232	254	0	-1.90E-05	5.21E-06	-7.09E-06	-1.39E-05
560	0	0	0	0	0	0	0	232	254	0	-1.94E-05	5.71E-06	-9.10E-06	-1.32E-05
560	1	0	0	0	0	0	0	232	254	0	-1.94E-05	5.71E-06	-9.10E-06	-1.32E-05
560	2	0	0	0	0	0	0	232	254	0	-1.76E-05	5.86E-06	-1.09E-05	-1.19E-05
560	3	0	0	0	0	0	0	232	254	0	-1.76E-05	5.86E-06	-1.09E-05	-1.19E-05
560	4	0	0	0	0	0	0	232	254	0	-1.78E-05	5.19E-06	-1.12E-05	-1.19E-05
560	5	0	0	0	0	0	0	232	254	0	-1.78E-05	5.19E-06	-1.12E-05	-1.19E-05
560	6	0	0	0	0	0	0	232	254	0	-1.85E-05	4.18E-06	-1.09E-05	-1.29E-05
560	7	0	0	0	0	0	0	232	254	0	-1.85E-05	4.18E-06	-1.09E-05	-1.29E-05
560	8	0	0	0	0	0	0	232	254	0	-1.93E-05	3.21E-06	-1.07E-05	-1.19E-05
560	9	0	0	0	0	0	0	232	254	0	-2.03E-05	4.41E-06	-9.90E-06	-1.19E-05
560	10	0	0	0	0	0	0	232	254	0	-2.03E-05	4.41E-06	-9.90E-06	-1.19E-05
560	11	0	0	0	0	0	0	232	254	0	-2.03E-05	7.22E-06	-9.72E-06	-1.16E-05
560	12	0	0	0	0	0	0	232	254	0	-2.03E-05	7.22E-06	-9.72E-06	-1.16E-05
560	13	0	0	0	0	0	0	232	254	0	-1.83E-05	7.55E-06	-8.88E-06	-1.11E-05
560	14	0	0	0	0	0	0	232	254	0	-1.83E-05	7.55E-06	-8.88E-06	-1.11E-05
560	15	0	0	0	0	0	0	232	254	0	-1.92E-05	7.22E-06	-7.90E-06	-1.16E-05
560	16	0	0	0	0	0	0	232	254	0	-1.92E-05	7.22E-06	-7.90E-06	-1.16E-05
560	17	0	0	0	0	0	0	232	254	0	-2.10E-05	7.55E-06	-8.57E-06	-1.17E-05
560	18	0	0	0	0	0	0	232	254	0	-2.08E-05	7.50E-06	-9.05E-06	-1.16E-05
560	19	0	0	0	0	0	0	232	254	0	-2.08E-05	7.50E-06	-9.05E-06	-1.16E-05
561	0	0	0	0	0	0	0	232	254	0	-2.13E-05	4.52E-06	-8.23E-06	-1.29E-05
561	1	0	0	0	0	0	0	232	254	0	-2.13E-05	4.52E-06	-8.23E-06	-1.29E-05
561	2	0	0	0	0	0	0	232	254	0	-2.20E-05	3.87E-06	-8.39E-06	-1.36E-05
561	3	0	0	0	0	0	0	232	254	0	-2.20E-05	3.87E-06	-8.39E-06	-1.36E-05
561	4	0	0	0	0	0	0	232	254	0	-2.06E-05	4.51E-06	-8.21E-06	-1.29E-05
561	5	0	0	0	0	0	0	232	254	0	-2.06E-05	4.51E-06	-8.21E-06	-1.29E-05
561	6	0	0	0	0	0	0	232	254	0	-1.97E-05	3.49E-06	-7.24E-06	-1.23E-05
561	7	0	0	0	0	0	0	232	254	0	-2.17E-05	1.86E-06	-8.25E-06	-1.26E-05
561	8	0	0	0	0	0	0	232	254	0	-2.17E-05	1.86E-06	-8.25E-06	-1.26E-05
561	9	0	0	0	0	0	0	232	254	0	-2.23E-05	2.88E-06	-9.57E-06	-1.28E-05
561	10	0	0	0	0	0	0	232	254	0	-2.23E-05	2.88E-06	-9.57E-06	-1.28E-05
561	11	0	0	0	0	0	0	232	254	0	-2.23E-05	4.38E-06	-9.55E-06	-1.39E-05
561	12	0	0	0	0	0	0	232	254	0	-2.23E-05	4.38E-06	-9.55E-06	-1.39E-05
561	13	0	0	0	0	0	0	232	254	0	-2.20E-05	5.19E-06	-8.58E-06	-1.47E-05
561	14	0	0	0	0	0	0	232	254	0	-2.20E-05	5.19E-06	-8.58E-06	-1.47E-05
561	15	0	0	0	0	0	0	232	254	0	-2.22E-05	4.19E-06	-9.83E-06	-1.29E-05
561	16	0	0	0	0	0	0	232	254	0	-2.25E-05	3.86E-06	-5.76E-06	-1.19E-05
561	17	0	0	0	0	0	0	232	254	0	-2.25E-05	3.86E-06	-5.76E-06	-1.19E-05
561	18	0	0	0	0	0	0	232	254	0	-2.37E-05	3.86E-06	2.01E-07	-1.23E-05
561	19	0	0	0	0	0	0	232	254	0	-2.37E-05	3.86E-06	2.01E-07	-1.23E-05
562	0	0	0	0	0	0	0	232	254	0	-2.57E-05	3.84E-06	-7.29E-06	-1.31E-05
562	1	0	0	0	0	0	0	232	254	0	-2.57E-05	3.84E-06	-7.29E-06	-1.31E-05
562	2	0	0	0	0	0	0	232	254	0	-2.57E-05	2.85E-06	-1.11E-05	-1.40E-05
562	3	0	0	0	0	0	0	232	254	0	-2.57E-05	2.85E-06	-1.11E-05	-1.40E-05
562	4	0	0	0	0	0	0	232	254	0	-2.43E-05	2.54E-06	-1.14E-05	-1.58E-05
562	5	0	0	0	0	0	0	232	254	0	-2.32E-05	3.86E-06	-1.33E-05	-1.69E-05
562	6	0	0	0	0	0	0	232	254	0	-2.32E-05	3.86E-06	-1.33E-05	-1.69E-05
562	7	0	0	0	0	0	0	232	254	0	-2.55E-05	3.85E-06	-1.29E-05	-1.54E-05
562	8	0	0	0	0	0	0	232	254	0	-2.55E-05	3.85E-06	-1.29E-05	-1.54E-05
562	9	0	0	0	0	0	0	232	254	0	-2.67E-05	3.51E-06	-9.02E-06	-1.23E-05
562	10	0	0	0	0	0	0	232	254	0	-2.67E-05	3.51E-06	-9.02E-06	-1.23E-05
562	11	0	0	0	0	0	0	232	254	0	-2.57E-05	2.55E-06	-6.55E-06	-1.22E-05
562	12	0	0	0	0	0	0	232	254	0	-2.57E-05	2.55E-06	-6.55E-06	-1.22E-05
562	13	0	0	0	0	0	0	232	254	0	-2.50E-05	4.54E-06	-6.94E-06	-1.07E-05
562	14	0	0	0	0	0	0	232	254	0	-2.25E-05	4.87E-06	-1.03E-05	-1.03E-05
562	15	0	0	0	0	0	0	232	254	0	-2.25E-05	4.87E-06	-1.03E-05	-1.03E-05
562	16	0	0	0	0	0	0	232	254	0	-2.40E-05	4.84E-06	-1.11E-05	-1.23E-05
562	17	0	0	0	0	0	0	232	254	0	-2.40E-05	4.84E-06	-1.11E-05	-1.23E-05
562	18	0	0	0	0	0	0	232	254	0	-2.43E-05	3.48E-06	-9.92E-06	-1.29E-05
562	19	0	0	0	0	0	0	232	254	0	-2.43E-05	3.48E-06	-9.92E-06	-1.29E-05
563	0	0	0	0	0	0	0	232	254	0	-2.09E-05	1.01E-06	-1.07E-05	-1.38E-05
563	1	0	0	0	0	0	0	232	254	0	-2.09E-05	1.01E-06	-1.07E-05	-1.38E-05
563	2	0	0	0	0	0	0	232	254	0	-1.89E-05	1.21E-06	-1.11E-05	-1.36E-05
563	3	0	0	0	0	0	0	232	254	0	-1.76E-05	3.19E-06	-1.22E-05	-1.29E-05
563	4	0	0	0	0	0	0	232	254	0	-1.76E-05	3.19E-06	-1.22E-05	-1.29E-05
563	5	0	0	0	0	0	0	232	254	0	-1.81E-05	3.32E-06	-1.16E-05	-1.32E-05
563	6	0	0	0	0	0	0	232	254	0	-1.81E-05	3.32E-06	-1.16E-05	-1.32E-05
563	7	0	0	0	0	0	0	232	254	0	-1.71E-05	9.92E-07	-1.02E-05	-1.26E-05
563	8	0	0	0	0	0	0	232	254	0	-1.71E-05	9.92E-07	-1.02E-05	-1.26E-05
563	9	0	0	0	0	0	0	232	254	0	-1.76E-05	2.22E-07	-9.56E-06	-1.36E-05
563	10	0	0	0	0	0	0	232	254	0	-1.76E-05	2.22E-07	-9.56E-06	-1.36E-05
563	11	0	0	0	0	0	0	232	254	0	-1.76E-05	3.23E-06	-8.88E-06	-1.42E-05
563	12	0	0	0	0	0	0	232	254	0	-1.86E-05	5.23E-06	-7.87E-06	-1.29E-05
563	13	0	0	0	0	0	0	232	254	0	-1.86E-05	5.23E-06	-7.87E-06	-1.29E-05
563	14	0	0	0	0	0	0	232	254	0	-1.86E-05	6.88E-06	-7.06E-06	-1.09E-05
563	15	0	0	0	0	0	0	232	254	0	-1.86E-05	6.88E-06	-7.06E-06	-1.09E-05
563	16	0	0	0	0	0	0	232	254	0	-1.86E-05	6.55E-06	-7.40E-06	-1.16E-05
563	17	0	0	0	0	0	0	232	254	0	-1.86E-05	6.55E-06	-7.40E-06	-1.16E-05
563	18	0	0	0	0	0	0	232	254	0	-1.86E-05	6.51E-06	-8.40E-06	-1.04E-05
563	19	0	0	0	0	0	0	232	254	0	-1.86E-05	6.51E-06	-8.40E-06	-1.04E-05
564	0	0	0	0	0	0	0	232	254	0	-1.95E-05	4.55E-06	-8.51E-06	-1.18E-05
564	1	0	0	0	0	0	0	232	254	0	-1.96E-05	5.37E-06	-5.84E-06	-1.33E-05
564	2	0	0	0	0	0	0	232	254	0	-1.96E-05	5.37E-06	-5.84E-06	-1.33E-05
564	3	0	0	0	0	0	0	232	254	0	-1.93E-05	5.52E-06	-3.73E-06	-1.34E-05
564	4	0	0	0	0	0	0	232	254	0	-1.93E-05	5.52E-06	-3.73E-06	-1.34E-05
564	5	0	0	0	0	0	0	232	254	0	-2.08E-05	4.53E-06	-5.52E-06	-1.43E-05
564	6	0	0	0	0	0	0	232	254	0	-2.08E-05	4.53E-06	-5.52E-06	-1.43E-05
564	7	0	0	0	0	0	0	232	254	0	-2.14E-05	4.53E-06	-4.50E-06	-1.49E-05
564	8	0	0	0	0	0	0	232	254	0	-2.14E-05	4.53E-06	-4.50E-06	-1.49E-05
564	9	0	0	0	0	0	0	232	254	0	-2.37E-05	4.57E-06	-3.17E-06	-1.46E-05
564	10	0	0	0	0	0	0	232	254	0	-2.46E-05	6.89E-06	-1.14E-05	-1.36E-05
564	11	0	0	0	0	0	0	232	254	0	-2.46E-05	6.89E-06	-1.14E-05	-1.36E-05
564	12	0	0	0	0	0	0	232	254	0	-2.30E-05	7.56E-06	-1.77E-05	-1.51E-05
564	13	0	0	0	0	0	0	232	254	0	-2.30E-05	7.56E-06	-1.77E-05	-1.51E-05
564	14	0	0	0	0	0	0	232	254	0	-2.13E-05	7.89E-06	-1.36E-05	-1.43E-05
564	15	0	0	0	0	0	0	232	254	0	-2.13E-05	7.89E-06	-1.36E-05	-1.43E-05
564	16	0	0	0	0	0	0	232	254	0	-2.11E-05	7.91E-06	-6.49E-06	-1.36E-05
564	17	0	0	0	0	0	0	232	254	0	-2.11E-05	7.91E-06	-6.49E-06	-1.36E-05
564	18	0	0	0	0	0	0	232	254	0	-2.12E-05	8.89E-06	-3.10E-06	-1.22E-05
564	19	0	0	0	0	0	0	232	254	0	-2.30E-05	8.55E-06	1.94E-06	-1.02E-05
565	0	0	0	0	0	0	0	232	254	0	-2.30E-05	8.55E-06	1.94E-06	-1.02E-05
565	1	0	0	0	0	0	0	232	254	0	-2.40E-05	7.84E-06	6.71E-06	-8.71E-06
565	2	0	0	0	0	0	0	232	254	0	-2.40E-05	7.84E-06	6.71E-06	-8.71E-06
565	3	0	0	0	0	0	0	232	254	0	-2.52E-05	5.19E-06	-3.09E-06	-7.90E-06
565	4	0	0	0	0	0	0	232	254	0	-2.52E-05	5.19E-06	-3.09E-06	-7.90E-06
565	5	0	0	0	0	0	0	232	254	0	-2.56E-05	4.56E-06	-1.60E-05	-8.58E-06
565	6	0	0	0	0	0	0	232	254	0	-2.56E-05	4.56E-06	-1.60E-05	-8.58E-06
565	7	0	0	0	0	0	0	232	254	0	-2.30E-05	5.87E-06	-2.05E-05	-9.74E-06
565	8	0	0	0	0	0	0	232	254	0	-2.07E-05	5.37E-06	-1.98E-05	-9.95E-06
565	9	0	0	0	0	0	0	232	254	0	-2.07E-05	5.37E-06	-1.98E-05	-9.95E-06
565	10	0	0	0	0	0	0	232	254	0	-2.20E-05	5.19E-06	-1.84E-05	-1.28E-05
565	11	0	0	0	0	0	0	232	254	0	-2.20E-05	5.19E-06	-1.84E-05	-1.28E-05
565	12	0	0	0	0	0	0	232	254	0	-2.47E-05	4.50E-06	-1.49E-05	-1.36E-05
565	13	0	0	0	0	0	0	232	254	0	-2.47E-05	4.50E-06	-1.49E-05	-1.36E-05
565	14	0	0	0	0	0	0	232	254	0	-2.58E-05	2.49E-06	-1.29E-05	-1.36E-05
565	15	0	0	0	0	0	0	232	254	0	-2.58E-05	2.49E-06	-1.29E-05	-1.36E-05
565	16	0	0	0	0	0	0	232	254	0	-2.50E-05	1.19E-06	-1.19E-05	-1.41E-05
565	17	0	0	0	0	0	0	232	254	0	-2.27E-05	1.89E-06	-1.12E-05	-1.42E-05
565	18	0	0	0	0	0	0	232	254	0	-2.27E-05	1.89E-06	-1.12E-05	-1.42E-05
565	19	0	0	0	0	0	0	232	254	0	-2.23E-05	4.57E-06	-9.56E-06	-1.31E-05
566	0	0	0	0	0	0	0	232	254	0	-2.23E-05	4.57E-06	-9.56E-06	-1.31E-05
566	1	0	0	0	0	0	0	232	254	0	-1.89E-05	6.38E-06	-9.07E-06	-1.49E-05
566	2	0	0	0	0	0	0	232	254	0	-1.89E-05	6.38E-06	-9.07E-06	-1.49E-05
566	3	0	0	0	0	0	0	232	254	0	-1.45E-05	6.54E-06	-9.54E-06	-1.32E-05
566	4	0	0	0	0	0	0	232	254	0	-1.45E-05	6.54E-06	-9.54E-06	-1.32E-05
566	5	0	0	0	0	0	0	232	254	0	-9.57E-06	6.20E-06	-7.88E-06	-1.16E-05
566	6	0	0	0	0	0	0	232	254	0	-9.67E-06	5.89E-06	-7.55E-06	-1.16E-05
566	7	0	0	0	0	0	0	232	254	0	-9.67E-06	5.89E-06	-7.55E-06	-1.16E-05
566	8	0	0	0	0	0	0	232	254	0	-1.53E-05	6.57E-06	-7.22E-06	-1.23E-05
566	9	0	0	0	0	0	0	232	254	0	-1.53E-05	6.57E-06	-7.22E-06	-1.23E-05
566	10	0	0	0	0	0	0	232	254	0	-1.90E-05	7.89E-06	-7.57E-06	-1.29E-05
566	11	0	0	0	0	0	0	232	254	0	-1.90E-05	7.89E-06	-7.57E-06	-1.29E-05
566	12	0	0	0	0	0	0	232	254	0	-2.03E-05	8.21E-06	-8.25E-06	-1.31E-05
566	13	0	0	0	0	0	0	232	254	0	-2.03E-05	8.21E-06	-8.25E-06	-1.31E-05
566	14	0	0	0	0	0	0	232	254	0	-2.00E-05	7.21E-06	-9.71E-06	-1.22E-05
566	15	0	0	0	0	0	0	232	254	0	-1.96E-05	6.50E-06	-8.20E-06	-1.16E-05
566	16	0	0	0	0	0	0	232	254	0	-1.96E-05	6.50E-06	-8.20E-06	-1.16E-05
566	17	0	0	0	0	0	0	232	254	0	-1.70E-05	4.18E-06	-6.89E-06	-1.19E-05
566	18	0	0	0	0	0	0	232	254	0	-1.70E-05	4.18E-06	-6.89E-06	-1.19E-05
566	19	0	0	0	0	0	0	232	254	0	-1.70E-05	3.15E-06	-7.57E-06	-1.28E-05
567	0	0	0	0	0	0	0	232	254	0	-1.70E-05	3.15E-06	-7.57E-06	-1.28E-05
567	1	0	0	0	0	0	0	232	254	0	-1.81E-05	1.20E-06	-8.21E-06	-1.33E-05
567	2	0	0	0	0	0	0	232	254	0	-1.81E-05	1.20E-06	-8.21E-06	-1.33E-05
567	3	0	0	0	0	0	0	232	254	0	-1.77E-05	2.55E-06	-7.57E-06	-1.31E-05
567	4	0	0	0	0	0	0	232	254	0	-1.97E-05	4.39E-06	-8.24E-06	-1.22E-05
567	5	0	0	0	0	0	0	232	254	0	-1.97E-05	4.39E-06	-8.24E-06	-1.22E-05
567	6	0	0	0	0	0	0	232	254	0	-2.30E-05	6.05E-06	-8.87E-06	-1.19E-05
567	7	0	0	0	0	0	0	232	254	0	-2.30E-05	6.05E-06	-8.87E-06	-1.19E-05
567	8	0	0	0	0	0	0	232	254	0	-2.40E-05	6.52E-06	-7.55E-06	-1.24E-05
567	9	0	0	0	0	0	0	232	254	0	-2.40E-05	6.52E-06	-7.55E-06	-1.24E-05
567	10	0	0	0	0	0	0	232	254	0	-2.31E-05	4.86E-06	-7.57E-06	-1.33E-05
567	11	0	0	0	0	0	0	232	254	0	-2.31E-05	4.86E-06	-7.57E-06	-1.33E-05
567	12	0	0	0	0	0	0	232	254	0	-1.95E-05	4.15E-06	-8.55E-06	-1.33E-05
567	13	0	0	0	0	0	0	232	254	0	-1.45E-05	1.55E-06	-7.88E-06	-1.39E-05
567	14	0	0	0	0	0	0	232	254	0	-1.45E-05	1.55E-06	-7.88E-06	-1.39E-05
567	15	0	0	0	0	0	0	232	254	0	-1.87E-05	3.93E-06	-7.57E-06	-1.36E-05
567	16	0	0	0	0	0	0	232	254	0	-1.87E-05	3.93E-06	-7.57E-06	-1.36E-05
567	17	0	0	0	0	0	0	232	254	0	-2.45E-05	7.60E-06	-8.24E-06	-1.38E-05
567	18	0	0	0	0	0	0	232	254	0	-2.45E-05	7.60E-06	-8.24E-06	-1.38E-05
567	19	0	0	0	0	0	0	232	254	0	-2.53E-05	1.00E-05	-9.26E-06	-1.31E-05
568	0	0	0	0	0	0	0	232	254	0	-2.53E-05	1.00E-05	-9.26E-06	-1.31E-05
568	1	0	0	0	0	0	0	232	254	0	-2.43E-05	7.85E-06	-1.06E-05	-1.23E-05
568	2	0	0	0	0	0	0	232	254	0	-2.37E-05	5.86E-06	-1.09E-05	-1.22E-05
568	3	0	0	0	0	0	0	232	254	0	-2.37E-05	5.86E-06	-1.09E-05	-1.22E-05
568	4	0	0	0	0	0	0	232	254	0	-2.57E-05	5.22E-06	-8.91E-06	-1.12E-05
568	5	0	0	0	0	0	0	232	254	0	-2.57E-05	5.22E-06	-8.91E-06	-1.12E-05
568	6	0	0	0	0	0	0	232	254	0	-2.79E-05	5.87E-06	-9.59E-06	-9.58E-06
568	7	0	0	0	0	0	0	232	254	0	-2.79E-05	5.87E-06	-9.59E-06	-9.58E-06
568	8	0	0	0	0	0	0	232	254	0	-2.94E-05	5.50E-06	-1.10E-05	-1.04E-05
568	9	0	0	0	0	0	0	232	254	0	-2.94E-05	5.50E-06	-1.10E-05	-1.04E-05
568	10	0	0	0	0	0	0	232	254	0	-3.24E-05	3.53E-06	-8.86E-06	-1.19E-05
568	11	0	0	0	0	0	0	232	254	0	-3.10E-05	3.84E-06	-6.86E-06	-1.16E-05
568	12	0	0	0	0	0	0	232	254	0	-3.10E-05	3.84E-06	-6.86E-06	-1.16E-05
568	13	0	0	0	0	0	0	232	254	0	-2.70E-05	2.49E-06	-5.55E-06	-9.90E-06
568	14	0	0	0	0	0	0	232	254	0	-2.70E-05	2.49E-06	-5.55E-06	-9.90E-06
568	15	0	0	0	0	0	0	232	254	0	-2.31E-05	8.18E-07	-6.23E-06	-9.57E-06
568	16	0	0	0	0	0	0	232	254	0	-2.31E-05	8.18E-07	-6.23E-06	-9.57E-06
568	17	0	0	0	0	0	0	232	254	0	-2.10E-05	-3.51E-07	-7.22E-06	-9.59E-06
568	18	0	0	0	0	0	0	232	254	0	-2.10E-05	-3.51E-07	-7.22E-06	-9.59E-06
568	19	0	0	0	0	0	0	232	254	0	-1.98E-05	-1.17E-06	-7.43E-06	-1.09E-05
569	0	0	0	0	0	0	0	232	254	0	-1.72E-05	-7.02E-07	-9.60E-06	-9.89E-06
569	1	0	0	0	0	0	0	232	254	0	-1.72E-05	-7.02E-07	-9.60E-06	-9.89E-06
569	2	0	0	0	0	0	0	232	254	0	-2.19E-05	-2.36E-06	-1.16E-05	-9.42E-06
569	3	0	0	0	0	0	0	232	254	0	-2.19E-05	-2.36E-06	-1.16E-05	-9.42E-06
569	4	0	0	0	0	0	0	232	254	0	-2.84E-05	-2.77E-06	-1.23E-05	-1.04E-05
569	5	0	0	0	0	0	0	232	254	0	-2.84E-05	-2.77E-06	-1.23E-05	-1.04E-05
569	6	0	0	0	0	0	0	232	254	0	-2.86E-05	1.55E-06	-1.50E-05	-1.24E-05
569	7	0	0	0	0	0	0	232	254	0	-2.86E-05	1.55E-06	-1.50E-05	-1.24E-05
569	8	0	0	0	0	0	0	232	254	0	-2.41E-05	3.82E-06	-1.94E-05	-1.36E-05
569	9	0	0	0	0	0	0	232	254	0	-1.95E-05	1.49E-06	-2.23E-05	-1.29E-05
569	10	0	0	0	0	0	0	232	254	0	-1.95E-05	1.49E-06	-2.23E-05	-1.29E-05
569	11	0	0	0	0	0	0	232	254	0	-1.34E-05	6.14E-07	-1.96E-05	-1.19E-05
569	12	0	0	0	0	0	0	232	254	0	-1.34E-05	6.14E-07	-1.96E-05	-1.19E-05
569	13	0	0	0	0	0	0	232	254	0	-4.44E-06	6.62E-06	-1.76E-05	-1.23E-05
569	14	0	0	0	0	0	0	232	254	0	-4.44E-06	6.62E-06	-1.76E-05	-1.23E-05
569	15	0	0	0	0	0	0	232	254	0	-8.40E-06	1.05E-05	-1.69E-05	-1.43E-05
569	16	0	0	0	0	0	0	232	254	0	-8.40E-06	1.05E-05	-1.69E-05	-1.43E-05
569	17	0	0	0	0	0	0	232	254	0	-9.08E-06	8.23E-06	-1.48E-05	-1.39E-05
569	18	0	0	0	0	0	0	232	254	0	-1.02E-05	8.76E-06	-9.01E-06	-1.36E-05
569	19	0	0	0	0	0	0	232	254	0	-1.02E-05	8.76E-06	-9.01E-06	-1.36E-05
570	0	0	0	0	0	0	0	232	254	0	-1.77E-05	1.06E-05	3.05E-06	-1.32E-05
570	1	0	0	0	0	0	0	232	254	0	-1.77E-05	1.06E-05	3.05E-06	-1.32E-05
570	2	0	0	0	0	0	0	232	254	0	-2.25E-05	9.17E-06	4.35E-06	-1.26E-05
570	3	0	0	0	0	0	0	232	254	0	-2.25E-05	9.17E-06	4.35E-06	-1.26E-05
570	4	0	0	0	0	0	0	232	254	0	-3.05E-05	5.92E-06	-5.58E-06	-1.46E-05
570	5	0	0	0	0	0	0	232	254	0	-3.05E-05	5.92E-06	-5.58E-06	-1.46E-05
570	6	0	0	0	0	0	0	232	254	0	-3.53E-05	8.62E-06	-7.66E-06	-1.59E-05
570	7	0	0	0	0	0	0	232	254	0	-2.83E-05	1.18E-05	-4.47E-06	-1.46E-05
570	8	0	0	0	0	0	0	232	254	0	-2.83E-05	1.18E-05	-4.47E-06	-1.46E-05
570	9	0	0	0	0	0	0	232	254	0	-2.46E-05	1.19E-05	-8.44E-07	-1.46E-05
570	10	0	0	0	0	0	0	232	254	0	-2.46E-05	1.19E-05	-8.44E-07	-1.46E-05
570	11	0	0	0	0	0	0	232	254	0	-2.33E-05	1.15E-05	7.90E-06	-1.29E-05
570	12	0	0	0	0	0	0	232	254	0	-2.33E-05	1.15E-05	7.90E-06	-1.29E-05
570	13	0	0	0	0	0	0	232	254	0	-2.30E-05	8.64E-06	8.37E-06	-1.33E-05
570	14	0	0	0	0	0	0	232	254	0	-2.30E-05	8.64E-06	8.37E-06	-1.33E-05
570	15	0	0	0	0	0	0	232	254	0	-2.32E-05	3.79E-06	-2.00E-06	-1.36E-05
570	16	0	0	0	0	0	0	232	254	0	-1.69E-05	1.37E-07	-1.05E-05	-1.36E-05
570	17	0	0	0	0	0	0	232	254	0	-1.69E-05	1.37E-07	-1.05E-05	-1.36E-05
570	18	0	0	0	0	0	0	232	254	0	-1.19E-05	-1.53E-06	-1.50E-05	-1.49E-05
570	19	0	0	0	0	0	0	232	254	0	-1.19E-05	-1.53E-06	-1.50E-05	-1.49E-05
571	0	0	0	0	0	0	0	232	254	0	-1.27E-05	-2.33E-06	-1.80E-05	-1.41E-05
571	1	0	0	0	0	0	0	232	254	0	-1.27E-05	-2.33E-06	-1.80E-05	-1.41E-05
571	2	0	0	0	0	0	0	232	254	0	-2.07E-05	-1.49E-06	-2.18E-05	-1.31E-05
571	3	0	0	0	0	0	0	232	254	0	-2.07E-05	-1.49E-06	-2.18E-05	-1.31E-05
571	4	0	0	0	0	0	0	232	254	0	-3.04E-05	-4.88E-07	-3.11E-05	-1.36E-05
571	5	0	0	0	0	0	0	232	254	0	-3.41E-05	2.77E-07	-2.35E-05	-1.26E-05
571	6	0	0	0	0	0	0	232	254	0	-3.41E-05	2.77E-07	-2.35E-05	-1.26E-05
571	7	0	0	0	0	0	0	232	254	0	-3.34E-05	-2.89E-06	-4.95E-06	-1.26E-05
571	8	0	0	0	0	0	0	232	254	0	-3.34E-05	-2.89E-06	-4.95E-06	-1.26E-05
571	9	0	0	0	0	0	0	232	254	0	-3.12E-05	-4.84E-06	8.92E-06	-1.29E-05
571	10	0	0	0	0	0	0	232	254	0	-3.12E-05	-4.84E-06	8.92E-06	-1.29E-05
571	11	0	0	0	0	0	0	232	254	0	-3.79E-05	6.06E-06	1.94E-05	-1.09E-05
571	12	0	0	0	0	0	0	232	254	0	-3.79E-05	6.06E-06	1.94E-05	-1.09E-05
571	13	0	0	0	0	0	0	232	254	0	-3.63E-05	1.58E-05	2.68E-05	-9.55E-06
571	14	0	0	0	0	0	0	232	254	0	-2.70E-05	1.79E-05	3.09E-05	-8.55E-06
571	15	0	0	0	0	0	0	232	254	0	-2.70E-05	1.79E-05	3.09E-05	-8.55E-06
571	16	0	0	0	0	0	0	232	254	0	-1.52E-05	1.43E-05	4.57E-06	-8.25E-06
571	17	0	0	0	0	0	0	232	254	0	-1.52E-05	1.43E-05	4.57E-06	-8.25E-06
571	18	0	0	0	0	0	0	232	254	0	-1.06E-05	7.62E-06	-2.92E-05	-9.72E-06
571	19	0	0	0	0	0	0	232	254	0	-1.06E-05	7.62E-06	-2.92E-05	-9.72E-06
572	0	0	0	0	0	0	0	232	254	0	-1.47E-05	1.94E-06	-4.04E-05	-8.94E-06
572	1	0	0	0	0	0	0	232	254	0	-1.47E-05	1.94E-06	-4.04E-05	-8.94E-06
572	2	0	0	0	0	0	0	232	254	0	-2.86E-05	-2.00E-06	-3.98E-05	-1.11E-05
572	3	0	0	0	0	0	0	232	254	0	-3.91E-05	-1.39E-06	-3.12E-05	-1.44E-05
572	4	0	0	0	0	0	0	232	254	0	-3.91E-05	-1.39E-06	-3.12E-05	-1.44E-05
572	5	0	0	0	0	0	0	232	254	0	-3.74E-05	4.87E-06	-1.95E-05	-1.43E-05
572	6	0	0	0	0	0	0	232	254	0	-3.74E-05	4.87E-06	-1.95E-05	-1.43E-05
572	7	0	0	0	0	0	0	232	254	0	-1.66E-05	4.88E-06	-1.17E-05	-1.56E-05
572	8	0	0	0	0	0	0	232	254	0	-1.66E-05	4.88E-06	-1.17E-05	-1.56E-05
572	9	0	0	0	0	0	0	232	254	0	9.92E-07	5.59E-06	-6.90E-06	-1.41E-05
572	10	0	0	0	0	0	0	232	254	0	9.92E-07	5.59E-06	-6.90E-06	-1.41E-05
572	11	0	0	0	0	0	0	232	254	0	-1.60E-09	8.44E-06	-7.91E-06	-1.33E-05
572	12	0	0	0	0	0	0	232	254	0	-9.26E-06	1.08E-05	-8.93E-06	-1.49E-05
572	13	0	0	0	0	0	0	232	254	0	-9.26E-06	1.08E-05	-8.93E-06	-1.49E-05
572	14	0	0	0	0	0	0	232	254	0	-1.98E-05	6.45E-06	-1.06E-05	-1.53E-05
572	15	0	0	0	0	0	0	232	254	0	-1.98E-05	6.45E-06	-1.06E-05	-1.53E-05
572	16	0	0	0	0	0	0	232	254	0	-2.75E-05	1.20E-06	-1.05E-05	-1.46E-05
572	17	0	0	0	0	0	0	232	254	0	-2.75E-05	1.20E-06	-1.05E-05	-1.46E-05
572	18	0	0	0	0	0	0	232	254	0	-1.77E-05	2.44E-06	-8.88E-06	-1.36E-05
572	19	0	0	0	0	0	0	232	254	0	-1.77E-05	2.44E-06	-8.88E-06	-1.36E-05
573	0	0	0	0	0	0	0	232	254	0	-1.40E-05	-1.44E-06	-8.22E-06	-1.29E-05
573	1	0	0	0	0	0	0	232	254	0	-1.99E-05	2.73E-06	-7.72E-06	-1.29E-05
573	2	0	0	0	0	0	0	232	254	0	-1.99E-05	2.73E-06	-7.72E-06	-1.29E-05
573	3	0	0	0	0	0	0	232	254	0	-1.76E-05	1.40E-05	-7.58E-06	-1.22E-05
573	4	0	0	0	0	0	0	232	254	0	-1.76E-05	1.40E-05	-7.58E-06	-1.22E-05
573	5	0	0	0	0	0	0	232	254	0	-1.89E-05	1.63E-05	-8.90E-06	-1.16E-05
573	6	0	0	0	0	0	0	232	254	0	-1.89E-05	1.63E-05	-8.90E-06	-1.16E-05
573	7	0	0	0	0	0	0	232	254	0	-2.40E-05	1.49E-05	-9.06E-06	-1.18E-05
573	8	0	0	0	0	0	0	232	254	0	-2.40E-05	1.49E-05	-9.06E-06	-1.18E-05
573	9	0	0	0	0	0	0	232	254	0	-2.15E-05	1.14E-05	-8.88E-06	-1.29E-05
573	10	0	0	0	0	0	0	232	254	0	-1.39E-05	2.91E-06	-8.22E-06	-1.09E-05
573	11	0	0	0	0	0	0	232	254	0	-1.39E-05	2.91E-06	-8.22E-06	-1.09E-05
573	12	0	0	0	0	0	0	232	254	0	-1.19E-05	-2.83E-06	-7.79E-06	-8.56E-06
573	13	0	0	0	0	0	0	232	254	0	-1.19E-05	-2.83E-06	-7.79E-06	-8.56E-06
573	14	0	0	0	0	0	0	232	254	0	-1.00E-05	-1.55E-06	-1.13E-05	-8.44E-06
573	15	0	0	0	0	0	0	232	254	0	-1.00E-05	-1.55E-06	-1.13E-05	-8.44E-06
573	16	0	0	0	0	0	0	232	254	0	-6.59E-06	-3.64E-06	-1.39E-05	-1.13E-05
573	17	0	0	0	0	0	0	232	254	0	-6.59E-06	-3.64E-06	-1.39E-05	-1.13E-05
573	18	0	0	0	0	0	0	232	254	0	-8.97E-06	-9.50E-06	-1.36E-05	-1.19E-05
573	19	0	0	0	0	0	0	232	254	0	-1.33E-05	-5.73E-06	-1.22E-05	-1.23E-05
574	0	0	0	0	0	0	0	232	254	0	-1.33E-05	-5.73E-06	-1.22E-05	-1.23E-05
574	1	0	0	0	0	0	0	232	254	0	-2.52E-05	1.96E-06	-7.83E-06	-1.29E-05
574	2	0	0	0	0	0	0	232	254	0	-2.52E-05	1.96E-06	-7.83E-06	-1.29E-05
574	3	0	0	0	0	0	0	232	254	0	-3.35E-05	8.34E-06	-4.78E-06	-1.16E-05
574	4	0	0	0	0	0	0	232	254	0	-3.35E-05	8.34E-06	-4.78E-06	-1.16E-05
574	5	0	0	0	0	0	0	232	254	0	-2.28E-05	1.46E-05	-2.67E-07	-1.16E-05
574	6	0	0	0	0	0	0	232	254	0	-2.28E-05	1.46E-05	-2.67E-07	-1.16E-05
574	7	0	0	0	0	0	0	232	254	0	-1.92E-05	1.53E-05	3.22E-06	-1.33E-05
574	8	0	0	0	0	0	0	232	254	0	-2.16E-05	1.45E-05	-4.32E-06	-1.29E-05
574	9	0	0	0	0	0	0	232	254	0	-2.16E-05	1.45E-05	-4.32E-06	-1.29E-05
574	10	0	0	0	0	0	0	232	254	0	-2.03E-05	6.82E-06	-1.09E-05	-1.42E-05
574	11	0	0	0	0	0	0	232	254	0	-2.03E-05	6.82E-06	-1.09E-05	-1.42E-05
574	12	0	0	0	0	0	0	232	254	0	-2.23E-05	3.85E-06	-1.14E-05	-1.31E-05
574	13	0	0	0	0	0	0	232	254	0	-2.23E-05	3.85E-06	-1.14E-05	-1.31E-05
574	14	0	0	0	0	0	0	232	254	0	-2.30E-05	1.20E-05	-1.02E-05	-1.28E-05
574	15	0	0	0	0	0	0	232	254	0	-2.30E-05	1.20E-05	-1.02E-05	-1.28E-05
574	16	0	0	0	0	0	0	232	254	0	-2.26E-05	1.53E-05	-6.81E-06	-1.38E-05
574	17	0	0	0	0	0	0	232	254	0	-1.93E-05	1.52E-05	-3.08E-06	-1.39E-05
574	18	0	0	0	0	0	0	232	254	0	-1.93E-05	1.52E-05	-3.08E-06	-1.39E-05
574	19	0	0	0	0	0	0	232	254	0	-2.17E-05	9.08E-06	-6.30E-06	-1.46E-05
575	0	0	0	0	0	0	0	232	254	0	-2.17E-05	9.08E-06	-6.30E-06	-1.46E-05
575	1	0	0	0	0	0	0	232	254	0	-2.49E-05	7.83E-07	-1.13E-05	-1.29E-05
575	2	0	0	0	0	0	0	232	254	0	-2.49E-05	7.83E-07	-1.13E-05	-1.29E-05
575	3	0	0	0	0	0	0	232	254	0	-2.00E-05	-2.16E-06	-1.31E-05	-1.12E-05
575	4	0	0	0	0	0	0	232	254	0	-2.00E-05	-2.16E-06	-1.31E-05	-1.12E-05
575	5	0	0	0	0	0	0	232	254	0	-5.45E-06	-8.52E-07	-1.33E-05	-1.13E-05
575	6	0	0	0	0	0	0	232	254	0	-5.72E-07	-1.52E-06	-1.36E-05	-1.23E-05
575	7	0	0	0	0	0	0	232	254	0	-5.72E-07	-1.52E-06	-1.36E-05	-1.23E-05
575	8	0	0	0	0	0	0	232	254	0	-4.35E-06	-2.19E-06	-1.50E-05	-1.32E-05
575	9	0	0	0	0	0	0	232	254	0	-4.35E-06	-2.19E-06	-1.50E-05	-1.32E-05
575	10	0	0	0	0	0	0	232	254	0	-1.24E-05	-2.83E-06	-1.92E-05	-1.26E-05
575	11	0	0	0	0	0	0	232	254	0	-1.24E-05	-2.83E-06	-1.92E-05	-1.26E-05
575	12	0	0	0	0	0	0	232	254	0	-2.09E-05	-1.57E-06	-2.30E-05	-1.33E-05
575	13	0	0	0	0	0	0	232	254	0	-2.09E-05	-1.57E-06	-2.30E-05	-1.33E-05
575	14	0	0	0	0	0	0	232	254	0	-2.64E-05	-4.54E-06	-2.41E-05	-1.43E-05
575	15	0	0	0	0	0	0	232	254	0	-2.71E-05	-4.95E-06	-2.76E-05	-1.36E-05
575	16	0	0	0	0	0	0	232	254	0	-2.71E-05	-4.95E-06	-2.76E-05	-1.36E-05
575	17	0	0	0	0	0	0	232	254	0	-3.36E-05	-4.47E-07	-3.92E-05	-1.22E-05
575	18	0	0	0	0	0	0	232	254	0	-3.36E-05	-4.47E-07	-3.92E-05	-1.22E-05
575	19	0	0	0	0	0	0	232	254	0	-4.15E-05	2.54E-06	-2.68E-05	-1.07E-05
576	0	0	0	0	0	0	0	232	254	0	-4.15E-05	2.54E-06	-2.68E-05	-1.07E-05
576	1	0	0	0	0	0	0	232	254	0	-4.53E-05	3.91E-06	2.18E-06	-1.02E-05
576	2	0	0	0	0	0	0	232	254	0	-4.53E-05	3.91E-06	2.18E-06	-1.02E-05
576	3	0	0	0	0	0	0	232	254	0	-5.06E-05	6.58E-06	2.00E-05	-9.55E-06
576	4	0	0	0	0	0	0	232	254	0	-3.78E-05	8.16E-06	1.96E-05	-8.92E-06
576	5	0	0	0	0	0	0	232	254	0	-3.78E-05	8.16E-06	1.96E-05	-8.92E-06
576	6	0	0	0	0	0	0	232	254	0	-4.00E-05	4.50E-06	1.61E-05	-1.04E-05
576	7	0	0	0	0	0	0	232	254	0	-4.00E-05	4.50E-06	1.61E-05	-1.04E-05
576	8	0	0	0	0	0	0	232	254	0	-6.20E-05	3.08E-06	2.44E-05	-1.21E-05
576	9	0	0	0	0	0	0	232	254	0	-6.20E-05	3.08E-06	2.44E-05	-1.21E-05
576	10	0	0	0	0	0	0	232	254	0	-6.39E-05	6.35E-06	1.90E-05	-1.24E-05
576	11	0	0	0	0	0	0	232	254	0	-6.39E-05	6.35E-06	1.90E-05	-1.24E-05
576	12	0	0	0	0	0	0	232	254	0	-4.34E-05	1.37E-05	-1.29E-05	-1.40E-05
576	13	0	0	0	0	0	0	232	254	0	-1.38E-05	1.66E-05	-3.65E-05	-1.56E-05
576	14	0	0	0	0	0	0	232	254	0	-1.38E-05	1.66E-05	-3.65E-05	-1.56E-05
576	15	0	0	0	0	0	0	232	254	0	1.02E-05	1.50E-05	-3.28E-05	-1.63E-05
576	16	0	0	0	0	0	0	232	254	0	1.02E-05	1.50E-05	-3.28E-05	-1.63E-05
576	17	0	0	0	0	0	0	232	254	0	2.82E-05	1.15E-05	-2.02E-05	-1.61E-05
576	18	0	0	0	0	0	0	232	254	0	2.82E-05	1.15E-05	-2.02E-05	-1.61E-05
576	19	0	0	0	0	0	0	232	254	0	3.44E-05	9.22E-06	-3.72E-06	-1.42E-05
577	0	0	0	0	0	0	0	232	254	0	3.44E-05	9.22E-06	-3.72E-06	-1.42E-05
577	1	0	0	0	0	0	0	232	254	0	1.58E-05	8.48E-06	4.07E-06	-1.12E-05
577	2	0	0	0	0	0	0	232	254	0	-9.05E-06	4.08E-06	1.55E-05	-9.70E-06
577	3	0	0	0	0	0	0	232	254	0	-9.05E-06	4.08E-06	1.55E-05	-9.70E-06
577	4	0	0	0	0	0	0	232	254	0	-1.69E-05	-2.25E-06	2.76E-05	-7.87E-06
577	5	0	0	0	0	0	0	232	254	0	-1.69E-05	-2.25E-06	2.76E-05	-7.87E-06
577	6	0	0	0	0	0	0	232	254	0	-1.65E-05	-5.91E-06	4.57E-06	-7.09E-06
577	7	0	0	0	0	0	0	232	254	0	-1.65E-05	-5.91E-06	4.57E-06	-7.09E-06
577	8	0	0	0	0	0	0	232	254	0	-1.19E-05	-7.63E-06	-2.89E-05	-9.28E-06
577	9	0	0	0	0	0	0	232	254	0	-1.19E-05	-7.63E-06	-2.89E-05	-9.28E-06
577	10	0	0	0	0	0	0	232	254	0	-8.95E-06	-2.94E-06	-3.66E-05	-1.18E-05
577	11	0	0	0	0	0	0	232	254	0	-1.15E-05	1.19E-06	-3.02E-05	-1.43E-05
577	12	0	0	0	0	0	0	232	254	0	-1.15E-05	1.19E-06	-3.02E-05	-1.43E-05
577	13	0	0	0	0	0	0	232	254	0	-9.17E-06	1.80E-06	-2.30E-05	-1.66E-05
577	14	0	0	0	0	0	0	232	254	0	-9.17E-06	1.80E-06	-2.30E-05	-1.66E-05
577	15	0	0	0	0	0	0	232	254	0	-5.86E-06	-5.57E-07	-1.65E-05	-1.66E-05
577	16	0	0	0	0	0	0	232	254	0	-5.86E-06	-5.57E-07	-1.65E-05	-1.66E-05
577	17	0	0	0	0	0	0	232	254	0	-5.18E-06	-3.37E-06	-1.82E-05	-1.67E-05
577	18	0	0	0	0	0	0	232	254	0	-5.18E-06	-3.37E-06	-1.82E-05	-1.67E-05
577	19	0	0	0	0	0	0	232	254	0	-1.32E-05	-3.94E-06	-1.94E-05	-1.44E-05
578	0	0	0	0	0	0	0	232	254	0	-2.76E-05	8.89E-07	-1.62E-05	-1.29E-05
578	1	0	0	0	0	0	0	232	254	0	-2.76E-05	8.89E-07	-1.62E-05	-1.29E-05
578	2	0	0	0	0	0	0	232	254	0	-4.08E-05	3.43E-06	-5.36E-06	-1.22E-05
578	3	0	0	0	0	0	0	232	254	0	-4.08E-05	3.43E-06	-5.36E-06	-1.22E-05
578	4	0	0	0	0	0	0	232	254	0	-5.80E-05	-1.73E-06	4.01E-06	-1.16E-05
578	5	0	0	0	0	0	0	232	254	0	-5.80E-05	-1.73E-06	4.01E-06	-1.16E-05
578	6	0	0	0	0	0	0	232	254	0	-6.51E-05	4.81E-06	-5.98E-06	-1.16E-05
578	7	0	0	0	0	0	0	232	254	0	-6.51E-05	4.81E-06	-5.98E-06	-1.16E-05
578	8	0	0	0	0	0	0	232	254	0	-5.49E-05	1.91E-05	-1.14E-05	-1.26E-05
578	9	0	0	0	0	0	0	232	254	0	-3.66E-05	1.62E-05	-2.14E-06	-1.19E-05
578	10	0	0	0	0	0	0	232	254	0	-3.66E-05	1.62E-05	-2.14E-06	-1.19E-05
578	11	0	0	0	0	0	0	232	254	0	-2.81E-05	1.46E-05	1.08E-08	-1.16E-05
578	12	0	0	0	0	0	0	232	254	0	-2.81E-05	1.46E-05	1.08E-08	-1.16E-05
578	13	0	0	0	0	0	0	232	254	0	-2.96E-05	1.42E-05	-8.33E-06	-1.26E-05
578	14	0	0	0	0	0	0	232	254	0	-2.96E-05	1.42E-05	-8.33E-06	-1.26E-05
578	15	0	0	0	0	0	0	232	254	0	-1.33E-05	8.67E-06	-1.35E-05	-1.29E-05
578	16	0	0	0	0	0	0	232	254	0	-1.33E-05	8.67E-06	-1.35E-05	-1.29E-05
578	17	0	0	0	0	0	0	232	254	0	2.12E-06	5.51E-06	-9.48E-06	-1.36E-05
578	18	0	0	0	0	0	0	232	254	0	-1.26E-06	3.89E-06	-4.87E-06	-1.33E-05
578	19	0	0	0	0	0	0	232	254	0	-1.26E-06	3.89E-06	-4.87E-06	-1.33E-05
579	0	0	0	0	0	0	0	232	254	0	-1.48E-05	5.42E-06	-5.00E-06	-1.46E-05
579	1	0	0	0	0	0	0	232	254	0	-1.48E-05	5.42E-06	-5.00E-06	-1.46E-05
579	2	0	0	0	0	0	0	232	254	0	-2.65E-05	7.96E-06	5.86E-06	-1.46E-05
579	3	0	0	0	0	0	0	232	254	0	-2.65E-05	7.96E-06	5.86E-06	-1.46E-05
579	4	0	0	0	0	0	0	232	254	0	-3.22E-05	1.18E-05	2.26E-05	-1.46E-05
579	5	0	0	0	0	0	0	232	254	0	-3.22E-05	1.18E-05	2.26E-05	-1.46E-05
579	6	0	0	0	0	0	0	232	254	0	-3.98E-05	7.14E-06	2.06E-05	-1.37E-05
579	7	0	0	0	0	0	0	232	254	0	-3.96E-05	2.83E-06	2.06E-06	-1.16E-05
579	8	0	0	0	0	0	0	232	254	0	-3.96E-05	2.83E-06	2.06E-06	-1.16E-05
579	9	0	0	0	0	0	0	232	254	0	-3.04E-05	1.50E-06	-1.33E-05	-1.11E-05
579	10	0	0	0	0	0	0	232	254	0	-3.04E-05	1.50E-06	-1.33E-05	-1.11E-05
579	11	0	0	0	0	0	0	232	254	0	-2.02E-05	1.19E-06	-1.79E-05	-1.33E-05
579	12	0	0	0	0	0	0	232	254	0	-2.02E-05	1.19E-06	-1.79E-05	-1.33E-05
579	13	0	0	0	0	0	0	232	254	0	-1.53E-05	1.95E-06	-1.63E-05	-1.42E-05
579	14	0	0	0	0	0	0	232	254	0	-1.53E-05	1.95E-06	-1.63E-05	-1.42E-05
579	15	0	0	0	0	0	0	232	254	0	-1.63E-05	-1.50E-06	-1.79E-05	-1.23E-05
579	16	0	0	0	0	0	0	232	254	0	-1.78E-05	-9.47E-07	-1.51E-05	-1.29E-05
579	17	0	0	0	0	0	0	232	254	0	-1.78E-05	-9.47E-07	-1.51E-05	-1.29E-05
579	18	0	0	0	0	0	0	232	254	0	-1.23E-05	2.22E-06	-7.15E-06	-1.36E-05
579	19	0	0	0	0	0	0	232	254	0	-1.23E-05	2.22E-06	-7.15E-06	-1.36E-05
580	0	0	0	0	0	0	0	232	254	0	-2.41E-05	4.42E-06	-3.61E-06	-1.36E-05
580	1	0	0	0	0	0	0	232	254	0	-2.41E-05	4.42E-06	-3.61E-06	-1.36E-05
580	2	0	0	0	0	0	0	232	254	0	-4.65E-05	1.64E-05	-8.07E-06	-1.35E-05
580	3	0	0	0	0	0	0	232	254	0	-4.65E-05	1.64E-05	-8.07E-06	-1.35E-05
580	4	0	0	0	0	0	0	232	254	0	-5.33E-05	2.03E-05	-1.78E-05	-1.09E-05
580	5	0	0	0	0	0	0	232	254	0	-4.29E-05	1.72E-05	-2.54E-05	-1.09E-05
580	6	0	0	0	0	0	0	232	254	0	-4.29E-05	1.72E-05	-2.54E-05	-1.09E-05
580	7	0	0	0	0	0	0	232	254	0	-2.96E-05	1.12E-05	-2.91E-05	-1.11E-05
580	8	0	0	0	0	0	0	232	254	0	-2.96E-05	1.12E-05	-2.91E-05	-1.11E-05
580	9	0	0	0	0	0	0	232	254	0	-2.27E-05	8.15E-06	-3.11E-05	-1.04E-05
580	10	0	0	0	0	0	0	232	254	0	-2.27E-05	8.15E-06	-3.11E-05	-1.04E-05
580	11	0	0	0	0	0	0	232	254	0	-9.03E-06	4.14E-06	-3.23E-05	-1.04E-05
580	12	0	0	0	0	0	0	232	254	0	-9.03E-06	4.14E-06	-3.23E-05	-1.04E-05
580	13	0	0	0	0	0	0	232	254	0	1.38E-06	1.21E-06	-2.76E-05	-1.13E-05
580	14	0	0	0	0	0	0	232	254	0	-5.86E-06	2.81E-06	-2.36E-05	-1.29E-05
580	15	0	0	0	0	0	0	232	254	0	-5.86E-06	2.81E-06	-2.36E-05	-1.29E-05
580	16	0	0	0	0	0	0	232	254	0	-2.26E-05	3.25E-07	-1.82E-05	-1.29E-05
580	17	0	0	0	0	0	0	232	254	0	-2.26E-05	3.25E-07	-1.82E-05	-1.29E-05
580	18	0	0	0	0	0	0	232	254	0	-2.80E-05	-9.09E-06	-4.12E-06	-1.09E-05
580	19	0	0	0	0	0	0	232	254	0	-2.80E-05	-9.09E-06	-4.12E-06	-1.09E-05
581	0	0	0	0	0	0	0	232	254	0	-3.56E-05	-1.05E-05	0	-8.90E-06
581	1	0	0	0	0	0	0	232	254	0	-3.56E-05	-1.05E-05	0	-8.90E-06
581	2	0	0	0	0	0	0	232	254	0	-4.44E-05	-5.16E-06	0	-9.28E-06
581	3	0	0	0	0	0	0	232	254	0	-4.20E-05	-2.92E-06	0	-1.16E-05
581	4	0	0	0	0	0	0	232	254	0	-4.20E-05	-2.92E-06	0	-1.16E-05
581	5	0	0	0	0	0	0	232	254	0	-3.40E-05	2.66E-06	0	-1.22E-05
581	6	0	0	0	0	0	0	232	254	0	-3.40E-05	2.66E-06	0	-1.22E-05
581	7	0	0	0	0	0	0	232	254	0	-3.28E-05	9.97E-06	0	-9.57E-06
581	8	0	0	0	0	0	0	232	254	0	-3.28E-05	9.97E-06	0	-9.57E-06
581	9	0	0	0	0	0	0	232	254	0	-3.80E-05	1.33E-05	0	-9.92E-06
581	10	0	0	0	0	0	0	232	254	0	-3.80E-05	1.33E-05	0	-9.92E-06
581	11	0	0	0	0	0	0	232	254	0	-3.28E-05	1.29E-05	0	-1.06E-05
581	12	0	0	0	0	0	0	232	254	0	-1.96E-05	9.83E-06	0	-9.59E-06
581	13	0	0	0	0	0	0	232	254	0	-1.96E-05	9.83E-06	0	-9.59E-06
581	14	0	0	0	0	0	0	232	254	0	-8.91E-06	6.22E-06	0	-1.09E-05
581	15	0	0	0	0	0	0	232	254	0	-8.91E-06	6.22E-06	0	-1.09E-05
581	16	0	0	0	0	0	0	232	254	0	-9.66E-06	6.55E-06	0	-1.04E-05
581	17	0	0	0	0	0	0	232	254	0	-9.66E-06	6.55E-06	0	-1.04E-05
581	18	0	0	0	0	0	0	232	254	0	-1.41E-05	6.55E-06	0	-1.09E-05
581	19	0	0	0	0	0	0	232	254	0	-1.41E-05	6.55E-06	0	-1.09E-05
582	0	0	0	0	0	0	0	232	254	0	-5.23E-06	6.57E-06	0	-1.06E-05
582	1	0	0	0	0	0	0	232	254	0	-7.08E-06	7.66E-06	0	-1.04E-05
582	2	0	0	0	0	0	0	232	254	0	-7.08E-06	7.66E-06	0	-1.04E-05
582	3	0	0	0	0	0	0	232	254	0	-1.76E-05	4.47E-06	0	-1.10E-05
582	4	0	0	0	0	0	0	232	254	0	-1.76E-05	4.47E-06	0	-1.10E-05
582	5	0	0	0	0	0	0	232	254	0	-3.45E-05	1.21E-06	-3.99E-07	-1.36E-05
582	6	0	0	0	0	0	0	232	254	0	-3.45E-05	1.21E-06	-3.99E-07	-1.36E-05
582	7	0	0	0	0	0	0	232	254	0	-3.96E-05	3.08E-06	-2.11E-05	-1.35E-05
582	8	0	0	0	0	0	0	232	254	0	-3.96E-05	3.08E-06	-2.11E-05	-1.35E-05
582	9	0	0	0	0	0	0	232	254	0	-2.03E-05	5.89E-06	-1.08E-05	-1.02E-05
582	10	0	0	0	0	0	0	232	254	0	-1.67E-07	6.86E-06	-7.10E-06	-9.22E-06
582	11	0	0	0	0	0	0	232	254	0	-1.67E-07	6.86E-06	-7.10E-06	-9.22E-06
582	12	0	0	0	0	0	0	232	254	0	1.73E-05	5.88E-06	-6.05E-07	-8.45E-06
582	13	0	0	0	0	0	0	232	254	0	1.73E-05	5.88E-06	-6.05E-07	-8.45E-06
582	14	0	0	0	0	0	0	232	254	0	1.84E-05	6.24E-06	1.17E-05	-1.13E-05
582	15	0	0	0	0	0	0	232	254	0	1.84E-05	6.24E-06	1.17E-05	-1.13E-05
582	16	0	0	0	0	0	0	232	254	0	8.39E-06	7.71E-06	2.01E-05	-1.29E-05
582	17	0	0	0	0	0	0	232	254	0	8.39E-06	7.71E-06	2.01E-05	-1.29E-05
582	18	0	0	0	0	0	0	232	254	0	-5.86E-07	7.01E-06	8.93E-06	-1.38E-05
582	19	0	0	0	0	0	0	232	254	0	-4.87E-06	5.19E-06	-6.64E-06	-1.58E-05
583	0	0	0	0	0	0	0	232	254	0	-4.87E-06	5.19E-06	-6.64E-06	-1.58E-05
583	1	0	0	0	0	0	0	232	254	0	-5.22E-06	4.54E-06	-1.17E-05	-1.86E-05
583	2	0	0	0	0	0	0	232	254	0	-5.22E-06	4.54E-06	-1.17E-05	-1.86E-05
583	3	0	0	0	0	0	0	232	254	0	-6.19E-06	4.68E-06	-1.98E-05	-1.64E-05
583	4	0	0	0	0	0	0	232	254	0	-6.19E-06	4.68E-06	-1.98E-05	-1.64E-05
583	5	0	0	0	0	0	0	232	254	0	-5.18E-06	3.54E-06	-1.96E-05	-1.43E-05
583	6	0	0	0	0	0	0	232	254	0	-5.18E-06	3.54E-06	-1.96E-05	-1.43E-05
583	7	0	0	0	0	0	0	232	254	0	-4.17E-06	4.53E-06	-8.76E-06	-1.63E-05
583	8	0	0	0	0	0	0	232	254	0	-2.85E-06	4.34E-06	6.95E-06	-1.49E-05
583	9	0	0	0	0	0	0	232	254	0	-2.85E-06	4.34E-06	6.95E-06	-1.49E-05
583	10	0	0	0	0	0	0	232	254	0	-3.03E-06	3.19E-06	1.06E-05	-1.46E-05
583	11	0	0	0	0	0	0	232	254	0	-3.03E-06	3.19E-06	1.06E-05	-1.46E-05
583	12	0	0	0	0	0	0	232	254	0	-1.25E-05	3.17E-06	3.96E-06	-1.36E-05
583	13	0	0	0	0	0	0	232	254	0	-1.25E-05	3.17E-06	3.96E-06	-1.36E-05
583	14	0	0	0	0	0	0	232	254	0	-2.39E-05	2.17E-06	-8.61E-06	-1.19E-05
583	15	0	0	0	0	0	0	232	254	0	-2.39E-05	2.17E-06	-8.61E-06	-1.19E-05
583	16	0	0	0	0	0	0	232	254	0	-2.86E-05	1.54E-06	-2.84E-05	-1.19E-05
583	17	0	0	0	0	0	0	232	254	0	-3.15E-05	2.94E-06	-3.26E-05	-1.30E-05
583	18	0	0	0	0	0	0	232	254	0	-3.15E-05	2.94E-06	-3.26E-05	-1.30E-05
583	19	0	0	0	0	0	0	232	254	0	-3.57E-05	7.57E-06	-2.37E-05	-1.54E-05
584	0	0	0	0	0	0	0	232	254	0	-3.57E-05	7.57E-06	-2.37E-05	-1.54E-05
584	1	0	0	0	0	0	0	232	254	0	-3.00E-05	8.55E-06	-1.52E-05	-1.43E-05
584	2	0	0	0	0	0	0	232	254	0	-3.00E-05	8.55E-06	-1.52E-05	-1.43E-05
584	3	0	0	0	0	0	0	232	254	0	-9.01E-06	8.21E-06	-9.50E-06	-1.36E-05
584	4	0	0	0	0	0	0	232	254	0	-9.01E-06	8.21E-06	-9.50E-06	-1.36E-05
584	5	0	0	0	0	0	0	232	254	0	2.17E-06	7.60E-06	-5.87E-06	-1.59E-05
584	6	0	0	0	0	0	0	232	254	0	-1.61E-05	1.03E-05	-5.35E-06	-1.52E-05
584	7	0	0	0	0	0	0	232	254	0	-1.61E-05	1.03E-05	-5.35E-06	-1.52E-05
584	8	0	0	0	0	0	0	232	254	0	-3.35E-05	1.39E-05	-4.21E-06	-1.17E-05
584	9	0	0	0	0	0	0	232	254	0	-3.35E-05	1.39E-05	-4.21E-06	-1.17E-05
584	10	0	0	0	0	0	0	232	254	0	-3.84E-05	1.29E-05	-5.05E-06	-1.60E-05
584	11	0	0	0	0	0	0	232	254	0	-3.84E-05	1.29E-05	-5.05E-06	-1.60E-05
584	12	0	0	0	0	0	0	232	254	0	-2.01E-05	9.52E-06	-5.84E-06	-1.62E-05
584	13	0	0	0	0	0	0	232	254	0	-2.01E-05	9.52E-06	-5.84E-06	-1.62E-05
584	14	0	0	0	0	0	0	232	254	0	-6.81E-06	6.84E-06	-4.16E-06	-1.29E-05
584	15	0	0	0	0	0	0	232	254	0	-2.05E-05	4.51E-06	-2.60E-06	-1.31E-05
584	16	0	0	0	0	0	0	232	254	0	-2.05E-05	4.51E-06	-2.60E-06	-1.31E-05
584	17	0	0	0	0	0	0	232	254	0	-3.11E-05	3.56E-06	-6.91E-06	-1.22E-05
584	18	0	0	0	0	0	0	232	254	0	-3.11E-05	3.56E-06	-6.91E-06	-1.22E-05
584	19	0	0	0	0	0	0	232	254	0	-3.61E-05	5.54E-06	-8.52E-06	-1.09E-05
585	0	0	0	0	0	0	0	232	254	0	-3.61E-05	5.54E-06	-8.52E-06	-1.09E-05
585	1	0	0	0	0	0	0	232	254	0	-3.49E-05	5.29E-06	-6.64E-06	-9.59E-06
585	2	0	0	0	0	0	0	232	254	0	-3.49E-05	5.29E-06	-6.64E-06	-9.59E-06
585	3	0	0	0	0	0	0	232	254	0	-2.60E-05	1.14E-06	-1.14E-05	-1.09E-05
585	4	0	0	0	0	0	0	232	254	0	-2.36E-05	-8.27E-07	-1.76E-05	-1.01E-05
585	5	0	0	0	0	0	0	232	254	0	-2.36E-05	-8.27E-07	-1.76E-05	-1.01E-05
585	6	0	0	0	0	0	0	232	254	0	-2.66E-05	-7.24E-08	-1.82E-05	-1.04E-05
585	7	0	0	0	0	0	0	232	254	0	-2.66E-05	-7.24E-08	-1.82E-05	-1.04E-05
585	8	0	0	0	0	0	0	232	254	0	-2.09E-05	4.85E-06	-1.33E-05	-9.57E-06
585	9	0	0	0	0	0	0	232	254	0	-2.09E-05	4.85E-06	-1.33E-05	-9.57E-06
585	10	0	0	0	0	0	0	232	254	0	-1.62E-05	3.73E-06	-5.89E-06	-9.94E-06
585	11	0	0	0	0	0	0	232	254	0	-1.62E-05	3.73E-06	-5.89E-06	-9.94E-06
585	12	0	0	0	0	0	0	232	254	0	-1.85E-05	-2.82E-06	-7.13E-06	-1.20E-05
585	13	0	0	0	0	0	0	232	254	0	-2.13E-05	-9.47E-07	-2.01E-05	-1.56E-05
585	14	0	0	0	0	0	0	232	254	0	-2.13E-05	-9.47E-07	-2.01E-05	-1.56E-05
585	15	0	0	0	0	0	0	232	254	0	-2.97E-05	2.18E-06	-3.53E-05	-1.42E-05
585	16	0	0	0	0	0	0	232	254	0	-2.97E-05	2.18E-06	-3.53E-05	-1.42E-05
585	17	0	0	0	0	0	0	232	254	0	-3.15E-05	2.02E-06	-2.88E-05	-9.89E-06
585	18	0	0	0	0	0	0	232	254	0	-3.15E-05	2.02E-06	-2.88E-05	-9.89E-06
585	19	0	0	0	0	0	0	232	254	0	-2.81E-05	2.26E-06	-1.46E-05	-9.26E-06
586	0	0	0	0	0	0	0	232	254	0	-2.81E-05	2.26E-06	-1.46E-05	-9.26E-06
586	1	0	0	0	0	0	0	232	254	0	-3.34E-05	6.37E-06	-1.36E-05	-1.08E-05
586	2	0	0	0	0	0	0	232	254	0	-4.21E-05	5.84E-06	-1.41E-05	-1.16E-05
586	3	0	0	0	0	0	0	232	254	0	-4.21E-05	5.84E-06	-1.41E-05	-1.16E-05
586	4	0	0	0	0	0	0	232	254	0	-3.99E-05	3.84E-06	-1.29E-05	-1.15E-05
586	5	0	0	0	0	0	0	232	254	0	-3.99E-05	3.84E-06	-1.29E-05	-1.15E-05
586	6	0	0	0	0	0	0	232	254	0	-3.97E-05	2.48E-06	-3.04E-06	-6.34E-06
586	7	0	0	0	0	0	0	232	254	0	-3.97E-05	2.48E-06	-3.04E-06	-6.34E-06
586	8	0	0	0	0	0	0	232	254	0	-3.37E-05	4.84E-07	4.49E-06	-4.24E-06
586	9	0	0	0	0	0	0	232	254	0	-3.37E-05	4.84E-07	4.49E-06	-4.24E-06
586	10	0	0	0	0	0	0	232	254	0	-3.22E-05	-5.10E-07	2.36E-06	-6.62E-06
586	11	0	0	0	0	0	0	232	254	0	-4.20E-05	-8.91E-07	2.98E-06	-1.03E-05
586	12	0	0	0	0	0	0	232	254	0	-4.20E-05	-8.91E-07	2.98E-06	-1.03E-05
586	13	0	0	0	0	0	0	232	254	0	-4.41E-05	-3.49E-06	9.13E-06	-1.19E-05
586	14	0	0	0	0	0	0	232	254	0	-4.41E-05	-3.49E-06	9.13E-06	-1.19E-05
586	15	0	0	0	0	0	0	232	254	0	-4.29E-05	-1.40E-06	3.69E-06	-1.15E-05
586	16	0	0	0	0	0	0	232	254	0	-4.29E-05	-1.40E-06	3.69E-06	-1.15E-05
586	17	0	0	0	0	0	0	232	254	0	-3.80E-05	4.40E-06	-5.27E-06	-9.90E-06
586	18	0	0	0	0	0	0	232	254	0	-3.80E-05	4.40E-06	-5.27E-06	-9.90E-06
586	19	0	0	0	0	0	0	232	254	0	-2.55E-05	6.23E-06	-8.70E-06	-9.93E-06
587	0	0	0	0	0	0	0	232	254	0	-1.60E-05	7.25E-06	-1.58E-05	-1.11E-05
587	1	0	0	0	0	0	0	232	254	0	-1.60E-05	7.25E-06	-1.58E-05	-1.11E-05
587	2	0	0	0	0	0	0	232	254	0	-1.77E-05	8.89E-06	-1.54E-05	-1.26E-05
587	3	0	0	0	0	0	0	232	254	0	-1.77E-05	8.89E-06	-1.54E-05	-1.26E-05
587	4	0	0	0	0	0	0	232	254	0	-1.98E-05	8.49E-06	-1.10E-05	-1.44E-05
587	5	0	0	0	0	0	0	232	254	0	-1.98E-05	8.49E-06	-1.10E-05	-1.44E-05
587	6	0	0	0	0	0	0	232	254	0	-1.98E-05	4.83E-06	-8.16E-06	-1.91E-05
587	7	0	0	0	0	0	0	232	254	0	-1.98E-05	4.83E-06	-8.16E-06	-1.91E-05
587	8	0	0	0	0	0	0	232	254	0	-2.16E-05	2.68E-06	-4.68E-06	-1.88E-05
587	9	0	0	0	0	0	0	232	254	0	-2.09E-05	2.52E-06	5.38E-06	-1.23E-05
587	10	0	0	0	0	0	0	232	254	0	-2.09E-05	2.52E-06	5.38E-06	-1.23E-05
587	11	0	0	0	0	0	0	232	254	0	-1.66E-05	2.89E-06	1.45E-05	-6.94E-06
587	12	0	0	0	0	0	0	232	254	0	-1.66E-05	2.89E-06	1.45E-05	-6.94E-06
587	13	0	0	0	0	0	0	232	254	0	-1.47E-05	4.50E-06	7.18E-06	-9.98E-06
587	14	0	0	0	0	0	0	232	254	0	-1.47E-05	4.50E-06	7.18E-06	-9.98E-06
587	15	0	0	0	0	0	0	232	254	0	-2.00E-05	2.90E-06	-3.60E-06	-1.40E-05
587	16	0	0	0	0	0	0	232	254	0	-2.00E-05	2.90E-06	-3.60E-06	-1.40E-05
587	17	0	0	0	0	0	0	232	254	0	-2.29E-05	5.27E-06	-7.57E-06	-1.49E-05
587	18	0	0	0	0	0	0	232	254	0	-1.96E-05	8.55E-06	-8.57E-06	-1.53E-05
587	19	0	0	0	0	0	0	232	254	0	-1.96E-05	8.55E-06	-8.57E-06	-1.53E-05
588	0	0	0	0	0	0	0	232	254	0	-1.78E-05	7.85E-06	-8.94E-06	-1.41E-05
588	1	0	0	0	0	0	0	232	254	0	-1.78E-05	7.85E-06	-8.94E-06	-1.41E-05
588	2	0	0	0	0	0	0	232	254	0	-2.00E-05	6.02E-06	-1.11E-05	-1.50E-05
588	3	0	0	0	0	0	0	232	254	0	-2.00E-05	6.02E-06	-1.11E-05	-1.50E-05
588	4	0	0	0	0	0	0	232	254	0	-2.30E-05	4.92E-06	-1.36E-05	-1.71E-05
588	5	0	0	0	0	0	0	232	254	0	-2.30E-05	4.92E-06	-1.36E-05	-1.71E-05
588	6	0	0	0	0	0	0	232	254	0	-2.43E-05	7.56E-06	-1.22E-05	-1.76E-05
588	7	0	0	0	0	0	0	232	254	0	-2.22E-05	7.88E-06	-9.96E-06	-1.37E-05
588	8	0	0	0	0	0	0	232	254	0	-2.22E-05	7.88E-06	-9.96E-06	-1.37E-05
588	9	0	0	0	0	0	0	232	254	0	-1.47E-05	7.17E-06	-1.31E-05	5.39E-08
588	10	0	0	0	0	0	0	232	254	0	-1.47E-05	7.17E-06	-1.31E-05	5.39E-08
588	11	0	0	0	0	0	0	232	254	0	-4.90E-06	4.63E-06	-1.54E-05	1.12E-05
588	12	0	0	0	0	0	0	232	254	0	-4.90E-06	4.63E-06	-1.54E-05	1.12E-05
588	13	0	0	0	0	0	0	232	254	0	-6.52E-06	1.25E-06	-1.49E-05	-1.94E-06
588	14	0	0	0	0	0	0	232	254	0	-6.52E-06	1.25E-06	-1.49E-05	-1.94E-06
588	15	0	0	0	0	0	0	232	254	0	-1.37E-05	5.29E-06	-1.32E-05	-1.52E-05
588	16	0	0	0	0	0	0	232	254	0	-1.18E-05	9.73E-06	-1.26E-05	-1.79E-05
588	17	0	0	0	0	0	0	232	254	0	-1.18E-05	9.73E-06	-1.26E-05	-1.79E-05
588	18	0	0	0	0	0	0	232	254	0	-4.14E-06	9.53E-06	-1.12E-05	-2.13E-05
588	19	0	0	0	0	0	0	232	254	0	-4.14E-06	9.53E-06	-1.12E-05	-2.13E-05
589	0	0	0	0	0	0	0	232	254	0	-1.19E-06	7.38E-06	-8.22E-06	-2.85E-05
589	1	0	0	0	0	0	0	232	254	0	-1.19E-06	7.38E-06	-8.22E-06	-2.85E-05
589	2	0	0	0	0	0	0	232	254	0	-2.13E-06	7.22E-06	-8.16E-06	-3.53E-05
589	3	0	0	0	0	0	0	232	254	0	-2.13E-06	7.22E-06	-8.16E-06	-3.53E-05
589	4	0	0	0	0	0	0	232	254	0	-8.33E-06	7.53E-06	-1.36E-05	-2.84E-05
589	5	0	0	0	0	0	0	232	254	0	-1.36E-05	6.53E-06	-1.49E-05	-1.17E-05
589	6	0	0	0	0	0	0	232	254	0	-1.36E-05	6.53E-06	-1.49E-05	-1.17E-05
589	7	0	0	0	0	0	0	232	254	0	-1.58E-05	5.53E-06	-1.43E-05	-3.08E-06
589	8	0	0	0	0	0	0	232	254	0	-1.58E-05	5.53E-06	-1.43E-05	-3.08E-06
589	9	0	0	0	0	0	0	232	254	0	-1.73E-05	4.87E-06	-1.36E-05	-6.00E-06
589	10	0	0	0	0	0	0	232	254	0	-1.73E-05	4.87E-06	-1.36E-05	-6.00E-06
589	11	0	0	0	0	0	0	232	254	0	-1.76E-05	4.85E-06	-1.16E-05	-1.23E-05
589	12	0	0	0	0	0	0	232	254	0	-1.76E-05	4.85E-06	-1.16E-05	-1.23E-05
589	13	0	0	0	0	0	0	232	254	0	-1.76E-05	3.66E-06	-1.19E-05	-1.70E-05
589	14	0	0	0	0	0	0	232	254	0	-1.85E-05	1.83E-06	-1.14E-05	-1.81E-05
589	15	0	0	0	0	0	0	232	254	0	-1.85E-05	1.83E-06	-1.14E-05	-1.81E-05
589	16	0	0	0	0	0	0	232	254	0	-2.03E-05	1.19E-06	-1.11E-05	-1.63E-05
589	17	0	0	0	0	0	0	232	254	0	-2.03E-05	1.19E-06	-1.11E-05	-1.63E-05
589	18	0	0	0	0	0	0	232	254	0	-2.10E-05	2.05E-06	-1.22E-05	-6.87E-06
589	19	0	0	0	0	0	0	232	254	0	-2.10E-05	2.05E-06	-1.22E-05	-6.87E-06
590	0	0	0	0	0	0	0	232	254	0	-2.20E-05	3.86E-06	-1.09E-05	-6.44E-06
590	1	0	0	0	0	0	0	232	254	0	-2.20E-05	3.86E-06	-1.09E-05	-6.44E-06
590	2	0	0	0	0	0	0	232	254	0	-2.32E-05	3.86E-06	-1.29E-05	-9.55E-06
590	3	0	0	0	0	0	0	232	254	0	-2.37E-05	3.67E-06	-1.19E-05	-7.01E-10
590	4	0	0	0	0	0	0	232	254	0	-2.37E-05	3.67E-06	-1.19E-05	-7.01E-10
590	5	0	0	0	0	0	0	232	254	0	-2.58E-05	2.48E-06	-1.01E-05	8.42E-06
590	6	0	0	0	0	0	0	232	254	0	-2.58E-05	2.48E-06	-1.01E-05	8.42E-06
590	7	0	0	0	0	0	0	232	254	0	-2.43E-05	5.49E-07	-1.27E-05	6.63E-07
590	8	0	0	0	0	0	0	232	254	0	-2.43E-05	5.49E-07	-1.27E-05	6.63E-07
590	9	0	0	0	0	0	0	232	254	0	-2.35E-05	2.89E-06	-1.62E-05	-1.71E-05
590	10	0	0	0	0	0	0	232	254	0	-2.35E-05	2.89E-06	-1.62E-05	-1.71E-05
590	11	0	0	0	0	0	0	232	254	0	-2.22E-05	4.88E-06	-1.38E-05	-2.30E-05
590	12	0	0	0	0	0	0	232	254	0	-1.75E-05	5.57E-06	-7.06E-06	-2.37E-05
590	13	0	0	0	0	0	0	232	254	0	-1.75E-05	5.57E-06	-7.06E-06	-2.37E-05
590	14	0	0	0	0	0	0	232	254	0	-1.36E-05	7.04E-06	6.52E-07	-2.71E-05
590	15	0	0	0	0	0	0	232	254	0	-1.36E-05	7.04E-06	6.52E-07	-2.71E-05
590	16	0	0	0	0	0	0	232	254	0	-1.18E-05	6.53E-06	-3.65E-07	-2.99E-05
590	17	0	0	0	0	0	0	232	254	0	-1.18E-05	6.53E-06	-3.65E-07	-2.99E-05
590	18	0	0	0	0	0	0	232	254	0	-2.24E-05	5.52E-06	-1.85E-06	-2.04E-05
590	19	0	0	0	0	0	0	232	254	0	-2.24E-05	5.52E-06	-1.85E-06	-2.04E-05
591	0	0	0	0	0	0	0	232	254	0	-3.64E-05	4.37E-06	-1.92E-06	-9.90E-06
591	1	0	0	0	0	0	0	232	254	0	-3.57E-05	4.53E-06	-5.58E-06	-9.76E-06
591	2	0	0	0	0	0	0	232	254	0	-3.57E-05	4.53E-06	-5.58E-06	-9.76E-06
591	3	0	0	0	0	0	0	232	254	0	-2.69E-05	4.55E-06	-7.57E-06	-1.12E-05
591	4	0	0	0	0	0	0	232	254	0	-2.69E-05	4.55E-06	-7.57E-06	-1.12E-05
591	5	0	0	0	0	0	0	232	254	0	-2.06E-05	5.70E-06	-8.27E-06	-8.21E-06
591	6	0	0	0	0	0	0	232	254	0	-2.06E-05	5.70E-06	-8.27E-06	-8.21E-06
591	7	0	0	0	0	0	0	232	254	0	-2.00E-05	5.19E-06	-1.06E-05	-7.71E-06
591	8	0	0	0	0	0	0	232	254	0	-2.00E-05	5.19E-06	-1.06E-05	-7.71E-06
591	9	0	0	0	0	0	0	232	254	0	-2.33E-05	4.51E-06	-1.16E-05	-7.07E-06
591	10	0	0	0	0	0	0	232	254	0	-2.77E-05	3.34E-06	-1.12E-05	-8.28E-06
591	11	0	0	0	0	0	0	232	254	0	-2.77E-05	3.34E-06	-1.12E-05	-8.28E-06
591	12	0	0	0	0	0	0	232	254	0	-2.58E-05	2.41E-06	-1.13E-05	-1.12E-05
591	13	0	0	0	0	0	0	232	254	0	-2.58E-05	2.41E-06	-1.13E-05	-1.12E-05
591	14	0	0	0	0	0	0	232	254	0	-2.48E-05	5.56E-06	-1.15E-05	-8.56E-06
591	15	0	0	0	0	0	0	232	254	0	-2.48E-05	5.56E-06	-1.15E-05	-8.56E-06
591	16	0	0	0	0	0	0	232	254	0	-2.37E-05	6.35E-06	-9.55E-06	-8.64E-06
591	17	0	0	0	0	0	0	232	254	0	-2.37E-05	6.35E-06	-9.55E-06	-8.64E-06
591	18	0	0	0	0	0	0	232	254	0	-2.47E-05	4.89E-06	-8.89E-06	-1.26E-05
591	19	0	0	0	0	0	0	232	254	0	-2.80E-05	6.20E-06	-8.53E-06	-1.09E-05
592	0	0	0	0	0	0	0	232	254	0	-2.80E-05	6.20E-06	-8.53E-06	-1.09E-05
592	1	0	0	0	0	0	0	232	254	0	-2.66E-05	5.53E-06	-6.88E-06	-9.22E-06
592	2	0	0	0	0	0	0	232	254	0	-2.66E-05	5.53E-06	-6.88E-06	-9.22E-06
592	3	0	0	0	0	0	0	232	254	0	-2.08E-05	4.90E-06	-6.91E-06	-8.58E-06
592	4	0	0	0	0	0	0	232	254	0	-2.08E-05	4.90E-06	-6.91E-06	-8.58E-06
592	5	0	0	0	0	0	0	232	254	0	-1.42E-05	6.52E-06	-8.23E-06	-9.77E-06
592	6	0	0	0	0	0	0	232	254	0	-1.42E-05	6.52E-06	-8.23E-06	-9.77E-06
592	7	0	0	0	0	0	0	232	254	0	-1.78E-05	5.32E-06	-8.60E-06	-1.17E-05
592	8	0	0	0	0	0	0	232	254	0	-2.50E-05	2.84E-06	-1.04E-05	-8.05E-06
592	9	0	0	0	0	0	0	232	254	0	-2.50E-05	2.84E-06	-1.04E-05	-8.05E-06
592	10	0	0	0	0	0	0	232	254	0	-2.50E-05	2.16E-06	-1.09E-05	-7.95E-06
592	11	0	0	0	0	0	0	232	254	0	-2.50E-05	2.16E-06	-1.09E-05	-7.95E-06
592	12	0	0	0	0	0	0	232	254	0	-2.43E-05	8.20E-07	-1.09E-05	-1.10E-05
592	13	0	0	0	0	0	0	232	254	0	-2.43E-05	8.20E-07	-1.09E-05	-1.10E-05
592	14	0	0	0	0	0	0	232	254	0	-2.25E-05	-1.84E-07	-1.09E-05	-1.39E-05
592	15	0	0	0	0	0	0	232	254	0	-2.25E-05	-1.84E-07	-1.09E-05	-1.39E-05
592	16	0	0	0	0	0	0	232	254	0	-2.30E-05	-1.02E-06	-9.73E-06	-1.15E-05
592	17	0	0	0	0	0	0	232	254	0	-2.54E-05	-1.47E-06	-9.54E-06	-8.34E-06
592	18	0	0	0	0	0	0	232	254	0	-2.54E-05	-1.47E-06	-9.54E-06	-8.34E-06
592	19	0	0	0	0	0	0	232	254	0	-2.60E-05	3.52E-07	-8.39E-06	-1.40E-05
593	0	0	0	0	0	0	0	232	254	0	-2.60E-05	3.52E-07	-8.39E-06	-1.40E-05
593	1	0	0	0	0	0	0	232	254	0	-2.53E-05	1.19E-06	-8.23E-06	-1.70E-05
593	2	0	0	0	0	0	0	232	254	0	-2.53E-05	1.19E-06	-8.23E-06	-1.70E-05
593	3	0	0	0	0	0	0	232	254	0	-2.32E-05	1.87E-06	-8.58E-06	-1.82E-05
593	4	0	0	0	0	0	0	232	254	0	-2.32E-05	1.87E-06	-8.58E-06	-1.82E-05
593	5	0	0	0	0	0	0	232	254	0	-2.30E-05	3.23E-06	-9.57E-06	-1.92E-05
593	6	0	0	0	0	0	0	232	254	0	-2.30E-05	5.23E-06	-9.74E-06	-1.19E-05
593	7	0	0	0	0	0	0	232	254	0	-2.30E-05	5.23E-06	-9.74E-06	-1.19E-05
593	8	0	0	0	0	0	0	232	254	0	-2.45E-05	6.61E-06	-9.88E-06	-8.83E-06
593	9	0	0	0	0	0	0	232	254	0	-2.45E-05	6.61E-06	-9.88E-06	-8.83E-06
593	10	0	0	0	0	0	0	232	254	0	-2.53E-05	9.92E-06	-8.55E-06	-5.66E-06
593	11	0	0	0	0	0	0	232	254	0	-2.53E-05	9.92E-06	-8.55E-06	-5.66E-06
593	12	0	0	0	0	0	0	232	254	0	-2.52E-05	1.06E-05	-7.91E-06	-3.63E-06
593	13	0	0	0	0	0	0	232	254	0	-2.52E-05	1.06E-05	-7.91E-06	-3.63E-06
593	14	0	0	0	0	0	0	232	254	0	-2.53E-05	1.05E-05	-8.90E-06	-8.84E-06
593	15	0	0	0	0	0	0	232	254	0	-2.31E-05	8.20E-06	-9.05E-06	-1.45E-05
593	16	0	0	0	0	0	0	232	254	0	-2.31E-05	8.20E-06	-9.05E-06	-1.45E-05
593	17	0	0	0	0	0	0	232	254	0	-1.98E-05	6.71E-06	-8.24E-06	-1.73E-05
593	18	0	0	0	0	0	0	232	254	0	-1.98E-05	6.71E-06	-8.24E-06	-1.73E-05
593	19	0	0	0	0	0	0	232	254	0	-2.07E-05	6.37E-06	-8.92E-06	-1.90E-05
594	0	0	0	0	0	0	0	232	254	0	-2.07E-05	6.37E-06	-8.92E-06	-1.90E-05
594	1	0	0	0	0	0	0	232	254	0	-2.32E-05	6.06E-06	-9.90E-06	-1.86E-05
594	2	0	0	0	0	0	0	232	254	0	-2.32E-05	6.06E-06	-9.90E-06	-1.86E-05
594	3	0	0	0	0	0	0	232	254	0	-2.33E-05	6.89E-06	-9.77E-06	-1.67E-05
594	4	0	0	0	0	0	0	232	254	0	-2.26E-05	7.58E-06	-1.16E-05	-1.45E-05
594	5	0	0	0	0	0	0	232	254	0	-2.26E-05	7.58E-06	-1.16E-05	-1.45E-05
594	6	0	0	0	0	0	0	232	254	0	-2.16E-05	8.72E-06	-1.25E-05	-1.13E-05
594	7	0	0	0	0	0	0	232	254	0	-2.16E-05	8.72E-06	-1.25E-05	-1.13E-05
594	8	0	0	0	0	0	0	232	254	0	-1.94E-05	8.22E-06	-9.75E-06	-1.39E-05
594	9	0	0	0	0	0	0	232	254	0	-1.94E-05	8.22E-06	-9.75E-06	-1.39E-05
594	10	0	0	0	0	0	0	232	254	0	-1.41E-05	7.90E-06	-1.06E-05	-1.33E-05
594	11	0	0	0	0	0	0	232	254	0	-1.41E-05	7.90E-06	-1.06E-05	-1.33E-05
594	12	0	0	0	0	0	0	232	254	0	-5.12E-06	8.20E-06	-1.15E-05	-1.47E-05
594	13	0	0	0	0	0	0	232	254	0	-9.67E-06	7.08E-06	-8.17E-06	-2.58E-05
594	14	0	0	0	0	0	0	232	254	0	-9.67E-06	7.08E-06	-8.17E-06	-2.58E-05
594	15	0	0	0	0	0	0	232	254	0	-1.50E-05	8.40E-06	-5.54E-06	-1.69E-05
594	16	0	0	0	0	0	0	232	254	0	-1.50E-05	8.40E-06	-5.54E-06	-1.69E-05
594	17	0	0	0	0	0	0	232	254	0	-1.71E-05	8.54E-06	-5.57E-06	-5.35E-06
594	18	0	0	0	0	0	0	232	254	0	-1.71E-05	8.54E-06	-5.57E-06	-5.35E-06
594	19	0	0	0	0	0	0	232	254	0	-1.71E-05	7.55E-06	-7.09E-06	-4.59E-06
595	0	0	0	0	0	0	0	232	254	0	-1.71E-05	7.55E-06	-7.09E-06	-4.59E-06
595	1	0	0	0	0	0	0	232	254	0	-1.80E-05	7.22E-06	-8.89E-06	-7.68E-06
595	2	0	0	0	0	0	0	232	254	0	-2.00E-05	7.18E-06	-8.42E-06	-1.40E-05
595	3	0	0	0	0	0	0	232	254	0	-2.00E-05	7.18E-06	-8.42E-06	-1.40E-05
595	4	0	0	0	0	0	0	232	254	0	-1.91E-05	5.50E-06	-9.92E-06	-1.85E-05
595	5	0	0	0	0	0	0	232	254	0	-1.91E-05	5.50E-06	-9.92E-06	-1.85E-05
595	6	0	0	0	0	0	0	232	254	0	-1.91E-05	3.56E-06	-1.05E-05	-1.02E-05
595	7	0	0	0	0	0	0	232	254	0	-1.91E-05	3.56E-06	-1.05E-05	-1.02E-05
595	8	0	0	0	0	0	0	232	254	0	-1.97E-05	5.21E-06	-8.91E-06	-1.87E-06
595	9	0	0	0	0	0	0	232	254	0	-1.97E-05	5.21E-06	-8.91E-06	-1.87E-06
595	10	0	0	0	0	0	0	232	254	0	-2.06E-05	5.54E-06	-9.76E-06	-2.96E-06
595	11	0	0	0	0	0	0	232	254	0	-1.98E-05	5.51E-06	-1.09E-05	-8.52E-06
595	12	0	0	0	0	0	0	232	254	0	-1.98E-05	5.51E-06	-1.09E-05	-8.52E-06
595	13	0	0	0	0	0	0	232	254	0	-1.90E-05	3.86E-06	-1.02E-05	-2.34E-05
595	14	0	0	0	0	0	0	232	254	0	-1.90E-05	3.86E-06	-1.02E-05	-2.34E-05
595	15	0	0	0	0	0	0	232	254	0	-2.03E-05	3.72E-06	-6.45E-06	-3.54E-05
595	16	0	0	0	0	0	0	232	254	0	-2.03E-05	3.72E-06	-6.45E-06	-3.54E-05
595	17	0	0	0	0	0	0	232	254	0	-2.20E-05	4.87E-06	-1.56E-06	-2.47E-05
595	18	0	0	0	0	0	0	232	254	0	-2.20E-05	4.87E-06	-1.56E-06	-2.47E-05
595	19	0	0	0	0	0	0	232	254	0	-2.20E-05	5.02E-06	-3.93E-06	-7.58E-06
596	0	0	0	0	0	0	0	232	254	0	-2.16E-05	4.05E-06	-7.39E-06	-2.93E-07
596	1	0	0	0	0	0	0	232	254	0	-2.16E-05	4.05E-06	-7.39E-06	-2.93E-07
596	2	0	0	0	0	0	0	232	254	0	-1.86E-05	5.21E-06	-7.60E-06	1.75E-06
596	3	0	0	0	0	0	0	232	254	0	-1.86E-05	5.21E-06	-7.60E-06	1.75E-06
596	4	0	0	0	0	0	0	232	254	0	-1.85E-05	5.53E-06	-9.76E-06	-3.30E-06
596	5	0	0	0	0	0	0	232	254	0	-1.85E-05	5.53E-06	-9.76E-06	-3.30E-06
596	6	0	0	0	0	0	0	232	254	0	-1.95E-05	5.19E-06	-1.12E-05	-8.88E-06
596	7	0	0	0	0	0	0	232	254	0	-1.95E-05	5.19E-06	-1.12E-05	-8.88E-06
596	8	0	0	0	0	0	0	232	254	0	-2.10E-05	4.71E-06	-1.09E-05	-1.68E-05
596	9	0	0	0	0	0	0	232	254	0	-2.13E-05	5.04E-06	-1.11E-05	-2.52E-05
596	10	0	0	0	0	0	0	232	254	0	-2.13E-05	5.04E-06	-1.11E-05	-2.52E-05
596	11	0	0	0	0	0	0	232	254	0	-2.11E-05	5.16E-06	-9.65E-06	-1.98E-05
596	12	0	0	0	0	0	0	232	254	0	-2.11E-05	5.16E-06	-9.65E-06	-1.98E-05
596	13	0	0	0	0	0	0	232	254	0	-2.05E-05	3.20E-06	-5.52E-06	-1.25E-05
596	14	0	0	0	0	0	0	232	254	0	-2.05E-05	3.20E-06	-5.52E-06	-1.25E-05
596	15	0	0	0	0	0	0	232	254	0	-2.20E-05	3.83E-06	-4.42E-06	-1.39E-05
596	16	0	0	0	0	0	0	232	254	0	-2.20E-05	3.83E-06	-4.42E-06	-1.39E-05
596	17	0	0	0	0	0	0	232	254	0	-2.13E-05	2.53E-06	-7.41E-06	-1.04E-05
596	18	0	0	0	0	0	0	232	254	0	-2.24E-05	3.21E-06	-8.78E-06	-8.25E-06
596	19	0	0	0	0	0	0	232	254	0	-2.24E-05	3.21E-06	-8.78E-06	-8.25E-06
597	0	0	0	0	0	0	0	232	254	0	-2.58E-05	4.22E-06	-1.12E-05	-9.55E-06
597	1	0	0	0	0	0	0	232	254	0	-2.58E-05	4.22E-06	-1.12E-05	-9.55E-06
597	2	0	0	0	0	0	0	232	254	0	-2.48E-05	5.55E-06	-1.10E-05	-8.81E-06
597	3	0	0	0	0	0	0	232	254	0	-2.48E-05	5.55E-06	-1.10E-05	-8.81E-06
597	4	0	0	0	0	0	0	232	254	0	-2.38E-05	5.86E-06	-1.53E-05	-4.25E-06
597	5	0	0	0	0	0	0	232	254	0	-2.38E-05	5.86E-06	-1.53E-05	-4.25E-06
597	6	0	0	0	0	0	0	232	254	0	-2.33E-05	5.18E-06	-1.81E-05	1.44E-06
597	7	0	0	0	0	0	0	232	254	0	-2.23E-05	3.85E-06	-1.47E-05	-2.35E-06
597	8	0	0	0	0	0	0	232	254	0	-2.23E-05	3.85E-06	-1.47E-05	-2.35E-06
597	9	0	0	0	0	0	0	232	254	0	-2.25E-05	3.54E-06	-1.26E-05	-1.11E-05
597	10	0	0	0	0	0	0	232	254	0	-2.25E-05	3.54E-06	-1.26E-05	-1.11E-05
597	11	0	0	0	0	0	0	232	254	0	-2.36E-05	4.35E-06	-1.10E-05	-2.10E-05
597	12	0	0	0	0	0	0	232	254	0	-2.36E-05	4.35E-06	-1.10E-05	-2.10E-05
597	13	0	0	0	0	0	0	232	254	0	-2.16E-05	3.51E-06	-7.85E-06	-1.46E-05
597	14	0	0	0	0	0	0	232	254	0	-2.16E-05	3.51E-06	-7.85E-06	-1.46E-05
597	15	0	0	0	0	0	0	232	254	0	-2.00E-05	2.51E-06	-5.73E-06	-1.40E-05
597	16	0	0	0	0	0	0	232	254	0	-1.98E-05	2.35E-06	-6.91E-06	-1.77E-05
597	17	0	0	0	0	0	0	232	254	0	-1.98E-05	2.35E-06	-6.91E-06	-1.77E-05
597	18	0	0	0	0	0	0	232	254	0	-2.02E-05	2.35E-06	-8.25E-06	-1.91E-05
597	19	0	0	0	0	0	0	232	254	0	-2.02E-05	2.35E-06	-8.25E-06	-1.91E-05
598	0	0	0	0	0	0	0	232	254	0	-1.70E-05	2.51E-06	-9.65E-06	-6.63E-06
598	1	0	0	0	0	0	0	232	254	0	-1.70E-05	2.51E-06	-9.65E-06	-6.63E-06
598	2	0	0	0	0	0	0	232	254	0	-1.70E-05	2.35E-06	-1.36E-05	5.72E-06
598	3	0	0	0	0	0	0	232	254	0	-1.70E-05	2.35E-06	-1.36E-05	5.72E-06
598	4	0	0	0	0	0	0	232	254	0	-2.12E-05	2.38E-06	-1.55E-05	5.43E-06
598	5	0	0	0	0	0	0	232	254	0	-2.59E-05	3.91E-06	-1.14E-05	-3.40E-05
598	6	0	0	0	0	0	0	232	254	0	-2.59E-05	3.91E-06	-1.14E-05	-3.40E-05
598	7	0	0	0	0	0	0	232	254	0	-2.97E-05	6.54E-06	-4.28E-06	-5.61E-05
598	8	0	0	0	0	0	0	232	254	0	-2.97E-05	6.54E-06	-4.28E-06	-5.61E-05
598	9	0	0	0	0	0	0	232	254	0	-3.17E-05	6.34E-06	8.57E-08	-3.02E-05
598	10	0	0	0	0	0	0	232	254	0	-3.17E-05	6.34E-06	8.57E-08	-3.02E-05
598	11	0	0	0	0	0	0	232	254	0	-2.86E-05	4.35E-06	4.29E-06	-1.89E-05
598	12	0	0	0	0	0	0	232	254	0	-2.86E-05	4.35E-06	4.29E-06	-1.89E-05
598	13	0	0	0	0	0	0	232	254	0	-2.50E-05	3.84E-06	6.08E-07	-1.38E-05
598	14	0	0	0	0	0	0	232	254	0	-2.27E-05	2.83E-06	-2.57E-06	-7.38E-06
598	15	0	0	0	0	0	0	232	254	0	-2.27E-05	2.83E-06	-2.57E-06	-7.38E-06
598	16	0	0	0	0	0	0	232	254	0	-2.54E-05	1.52E-06	-5.40E-06	-1.53E-05
598	17	0	0	0	0	0	0	232	254	0	-2.54E-05	1.52E-06	-5.40E-06	-1.53E-05
598	18	0	0	0	0	0	0	232	254	0	-3.04E-05	1.87E-06	-6.73E-06	-6.14E-06
598	19	0	0	0	0	0	0	232	254	0	-3.04E-05	1.87E-06	-6.73E-06	-6.14E-06
599	0	0	0	0	0	0	0	232	254	0	-2.92E-05	3.22E-06	-7.57E-06	-2.86E-06
599	1	0	0	0	0	0	0	232	254	0	-2.92E-05	3.22E-06	-7.57E-06	-2.86E-06
599	2	0	0	0	0	0	0	232	254	0	-2.14E-05	4.62E-06	-8.21E-06	-1.16E-05
599	3	0	0	0	0	0	0	232	254	0	-9.78E-06	8.90E-06	-7.58E-06	-1.31E-05
599	4	0	0	0	0	0	0	232	254	0	-9.78E-06	8.90E-06	-7.58E-06	-1.31E-05
599	5	0	0	0	0	0	0	232	254	0	-1.25E-05	9.19E-06	-8.93E-06	-1.32E-05
599	6	0	0	0	0	0	0	232	254	0	-1.25E-05	9.19E-06	-8.93E-06	-1.32E-05
599	7	0	0	0	0	0	0	232	254	0	-2.50E-05	7.16E-06	-1.04E-05	-1.14E-05
599	8	0	0	0	0	0	0	232	254	0	-2.50E-05	7.16E-06	-1.04E-05	-1.14E-05
599	9	0	0	0	0	0	0	232	254	0	-2.70E-05	4.53E-06	-1.09E-05	-9.20E-06
599	10	0	0	0	0	0	0	232	254	0	-2.70E-05	4.53E-06	-1.09E-05	-9.20E-06
599	11	0	0	0	0	0	0	232	254	0	-2.57E-05	4.34E-06	-1.06E-05	-7.63E-06
599	12	0	0	0	0	0	0	232	254	0	-2.50E-05	3.18E-06	-9.91E-06	-1.13E-05
599	13	0	0	0	0	0	0	232	254	0	-2.50E-05	3.18E-06	-9.91E-06	-1.13E-05
599	14	0	0	0	0	0	0	232	254	0	-2.29E-05	2.89E-06	-1.02E-05	-1.29E-05
599	15	0	0	0	0	0	0	232	254	0	-2.29E-05	2.89E-06	-1.02E-05	-1.29E-05
599	16	0	0	0	0	0	0	232	254	0	-1.83E-05	4.85E-06	-1.02E-05	-9.85E-06
599	17	0	0	0	0	0	0	232	254	0	-1.83E-05	4.85E-06	-1.02E-05	-9.85E-06
599	18	0	0	0	0	0	0	232	254	0	-1.63E-05	3.84E-06	-1.03E-05	-7.39E-06
599	19	0	0	0	0	0	0	232	254	0	-1.63E-05	3.84E-06	-1.03E-05	-7.39E-06
600	0	0	0	0	0	0	0	232	254	0	-1.73E-05	3.05E-06	-1.33E-05	-7.75E-06
600	1	0	0	0	0	0	0	232	254	0	-1.67E-05	4.37E-06	-1.38E-05	-9.30E-06
600	2	0	0	0	0	0	0	232	254	0	-1.67E-05	4.37E-06	-1.38E-05	-9.30E-06
600	3	0	0	0	0	0	0	232	254	0	-1.47E-05	4.87E-06	-9.23E-06	-1.29E-05
600	4	0	0	0	0	0	0	232	254	0	-1.47E-05	4.87E-06	-9.23E-06	-1.29E-05
600	5	0	0	0	0	0	0	232	254	0	-1.36E-05	4.90E-06	-8.90E-06	-9.46E-06
600	6	0	0	0	0	0	0	232	254	0	-1.36E-05	4.90E-06	-8.90E-06	-9.46E-06
600	7	0	0	0	0	0	0	232	254	0	-1.36E-05	6.52E-06	-8.92E-06	-4.09E-06
600	8	0	0	0	0	0	0	232	254	0	-1.36E-05	6.52E-06	-8.92E-06	-4.09E-06
600	9	0	0	0	0	0	0	232	254	0	-1.40E-05	5.17E-06	-1.02E-05	8.78E-07
600	10	0	0	0	0	0	0	232	254	0	-1.57E-05	3.67E-06	-1.90E-05	-5.83E-06
600	11	0	0	0	0	0	0	232	254	0	-1.57E-05	3.67E-06	-1.90E-05	-5.83E-06
600	12	0	0	0	0	0	0	232	254	0	-1.87E-05	2.51E-06	-2.29E-05	-2.02E-05
600	13	0	0	0	0	0	0	232	254	0	-1.87E-05	2.51E-06	-2.29E-05	-2.02E-05
600	14	0	0	0	0	0	0	232	254	0	-2.00E-05	2.00E-06	-1.90E-05	-1.68E-05
600	15	0	0	0	0	0	0	232	254	0	-2.00E-05	2.00E-06	-1.90E-05	-1.68E-05
600	16	0	0	0	0	0	0	232	254	0	-1.98E-05	1.39E-06	-1.34E-05	-1.01E-05
600	17	0	0	0	0	0	0	232	254	0	-1.98E-05	1.39E-06	-1.34E-05	-1.01E-05
600	18	0	0	0	0	0	0	232	254	0	-2.00E-05	3.72E-06	-4.02E-06	-2.04E-05
600	19	0	0	0	0	0	0	232	254	0	-2.12E-05	4.85E-06	4.37E-06	-2.41E-05
601	0	0	0	0	0	0	0	232	254	0	-2.12E-05	4.85E-06	4.37E-06	-2.41E-05
601	1	0	0	0	0	0	0	232	254	0	-2.17E-05	3.86E-06	-3.90E-06	-1.10E-05
601	2	0	0	0	0	0	0	232	254	0	-2.17E-05	3.86E-06	-3.90E-06	-1.10E-05
601	3	0	0	0	0	0	0	232	254	0	-2.24E-05	3.68E-06	-1.43E-05	-8.11E-06
601	4	0	0	0	0	0	0	232	254	0	-2.24E-05	3.68E-06	-1.43E-05	-8.11E-06
601	5	0	0	0	0	0	0	232	254	0	-2.37E-05	2.87E-06	-1.35E-05	-1.89E-05
601	6	0	0	0	0	0	0	232	254	0	-2.37E-05	2.87E-06	-1.35E-05	-1.89E-05
601	7	0	0	0	0	0	0	232	254	0	-2.50E-05	3.90E-06	-8.35E-06	-1.52E-05
601	8	0	0	0	0	0	0	232	254	0	-2.43E-05	5.87E-06	-6.04E-06	-1.26E-05
601	9	0	0	0	0	0	0	232	254	0	-2.43E-05	5.87E-06	-6.04E-06	-1.26E-05
601	10	0	0	0	0	0	0	232	254	0	-2.32E-05	5.84E-06	-5.87E-06	-1.11E-05
601	11	0	0	0	0	0	0	232	254	0	-2.32E-05	5.84E-06	-5.87E-06	-1.11E-05
601	12	0	0	0	0	0	0	232	254	0	-2.40E-05	4.18E-06	-5.76E-06	-3.66E-06
601	13	0	0	0	0	0	0	232	254	0	-2.40E-05	4.18E-06	-5.76E-06	-3.66E-06
601	14	0	0	0	0	0	0	232	254	0	-2.43E-05	3.48E-06	-8.53E-06	-2.11E-06
601	15	0	0	0	0	0	0	232	254	0	-2.43E-05	3.48E-06	-8.53E-06	-2.11E-06
601	16	0	0	0	0	0	0	232	254	0	-2.32E-05	1.46E-06	-6.86E-06	-1.56E-05
601	17	0	0	0	0	0	0	232	254	0	-1.87E-05	-9.11E-07	-5.53E-06	-3.09E-05
601	18	0	0	0	0	0	0	232	254	0	-1.87E-05	-9.11E-07	-5.53E-06	-3.09E-05
601	19	0	0	0	0	0	0	232	254	0	-1.97E-05	3.91E-06	-4.89E-06	-2.53E-05
602	0	0	0	0	0	0	0	232	254	0	-1.97E-05	3.91E-06	-4.89E-06	-2.53E-05
602	1	0	0	0	0	0	0	232	254	0	-2.29E-05	6.54E-06	-5.88E-06	-8.66E-06
602	2	0	0	0	0	0	0	232	254	0	-2.29E-05	6.54E-06	-5.88E-06	-8.66E-06
602	3	0	0	0	0	0	0	232	254	0	-2.02E-05	6.20E-06	-6.26E-06	-5.72E-06
602	4	0	0	0	0	0	0	232	254	0	-2.02E-05	6.20E-06	-6.26E-06	-5.72E-06
602	5	0	0	0	0	0	0	232	254	0	-1.60E-05	5.90E-06	-8.93E-06	-1.48E-05
602	6	0	0	0	0	0	0	232	254	0	-1.90E-05	7.20E-06	-1.06E-05	-2.22E-05
602	7	0	0	0	0	0	0	232	254	0	-1.90E-05	7.20E-06	-1.06E-05	-2.22E-05
602	8	0	0	0	0	0	0	232	254	0	-2.15E-05	6.52E-06	-9.72E-06	-1.63E-05
602	9	0	0	0	0	0	0	232	254	0	-2.15E-05	6.52E-06	-9.72E-06	-1.63E-05
602	10	0	0	0	0	0	0	232	254	0	-2.13E-05	5.00E-06	-8.90E-06	-1.52E-05
602	11	0	0	0	0	0	0	232	254	0	-2.13E-05	5.00E-06	-8.90E-06	-1.52E-05
602	12	0	0	0	0	0	0	232	254	0	-2.16E-05	3.41E-06	-9.23E-06	-1.38E-05
602	13	0	0	0	0	0	0	232	254	0	-2.16E-05	3.41E-06	-9.23E-06	-1.38E-05
602	14	0	0	0	0	0	0	232	254	0	-2.05E-05	5.93E-06	-9.08E-06	-7.93E-06
602	15	0	0	0	0	0	0	232	254	0	-2.07E-05	8.69E-06	-9.91E-06	6.70E-06
602	16	0	0	0	0	0	0	232	254	0	-2.07E-05	8.69E-06	-9.91E-06	6.70E-06
602	17	0	0	0	0	0	0	232	254	0	-2.17E-05	6.68E-06	-1.03E-05	1.41E-05
602	18	0	0	0	0	0	0	232	254	0	-2.17E-05	6.68E-06	-1.03E-05	1.41E-05
602	19	0	0	0	0	0	0	232	254	0	-2.17E-05	5.26E-06	-1.11E-05	-4.46E-06
603	0	0	0	0	0	0	0	232	254	0	-2.17E-05	5.26E-06	-1.11E-05	-4.46E-06
603	1	0	0	0	0	0	0	232	254	0	-2.22E-05	8.24E-06	-1.09E-05	-1.77E-05
603	2	0	0	0	0	0	0	232	254	0	-2.22E-05	8.24E-06	-1.09E-05	-1.77E-05
603	3	0	0	0	0	0	0	232	254	0	-2.19E-05	8.88E-06	-1.09E-05	-2.27E-05
603	4	0	0	0	0	0	0	232	254	0	-2.00E-05	8.16E-06	-1.09E-05	-2.63E-05
603	5	0	0	0	0	0	0	232	254	0	-2.00E-05	8.16E-06	-1.09E-05	-2.63E-05
603	6	0	0	0	0	0	0	232	254	0	-1.95E-05	5.18E-06	-1.17E-05	-2.55E-05
603	7	0	0	0	0	0	0	232	254	0	-1.95E-05	5.18E-06	-1.17E-05	-2.55E-05
603	8	0	0	0	0	0	0	232	254	0	-1.97E-05	4.22E-06	-1.11E-05	-1.88E-05
603	9	0	0	0	0	0	0	232	254	0	-1.97E-05	4.22E-06	-1.11E-05	-1.88E-05
603	10	0	0	0	0	0	0	232	254	0	-2.10E-05	5.20E-06	-1.02E-05	-1.08E-05
603	11	0	0	0	0	0	0	232	254	0	-2.10E-05	5.20E-06	-1.02E-05	-1.08E-05
603	12	0	0	0	0	0	0	232	254	0	-2.00E-05	5.19E-06	-1.04E-05	-6.96E-06
603	13	0	0	0	0	0	0	232	254	0	-1.98E-05	4.51E-06	-1.09E-05	-1.09E-05
603	14	0	0	0	0	0	0	232	254	0	-1.98E-05	4.51E-06	-1.09E-05	-1.09E-05
603	15	0	0	0	0	0	0	232	254	0	-2.06E-05	3.24E-06	-1.06E-05	-9.51E-06
603	16	0	0	0	0	0	0	232	254	0	-2.06E-05	3.24E-06	-1.06E-05	-9.51E-06
603	17	0	0	0	0	0	0	232	254	0	-2.00E-05	5.55E-06	-1.31E-05	-6.78E-06
603	18	0	0	0	0	0	0	232	254	0	-2.00E-05	5.55E-06	-1.31E-05	-6.78E-06
603	19	0	0	0	0	0	0	232	254	0	-2.18E-05	5.84E-06	-1.48E-05	-1.43E-06
604	0	0	0	0	0	0	0	232	254	0	-2.18E-05	5.84E-06	-1.48E-05	-1.43E-06
604	1	0	0	0	0	0	0	232	254	0	-2.23E-05	4.23E-06	-1.46E-05	2.06E-06
604	2	0	0	0	0	0	0	232	254	0	-2.10E-05	5.73E-06	-1.22E-05	-2.06E-05
604	3	0	0	0	0	0	0	232	254	0	-2.10E-05	5.73E-06	-1.22E-05	-2.06E-05
604	4	0	0	0	0	0	0	232	254	0	-2.06E-05	6.83E-06	-7.43E-06	-3.24E-05
604	5	0	0	0	0	0	0	232	254	0	-2.06E-05	6.83E-06	-7.43E-06	-3.24E-05
604	6	0	0	0	0	0	0	232	254	0	-1.77E-05	4.37E-06	-1.15E-06	-2.23E-05
604	7	0	0	0	0	0	0	232	254	0	-1.77E-05	4.37E-06	-1.15E-06	-2.23E-05
604	8	0	0	0	0	0	0	232	254	0	-1.49E-05	4.89E-06	-1.68E-07	-1.16E-05
604	9	0	0	0	0	0	0	232	254	0	-1.49E-05	4.89E-06	-1.68E-07	-1.16E-05
604	10	0	0	0	0	0	0	232	254	0	-1.43E-05	6.19E-06	-2.28E-07	-1.24E-05
604	11	0	0	0	0	0	0	232	254	0	-1.75E-05	5.19E-06	-3.26E-06	-2.19E-05
604	12	0	0	0	0	0	0	232	254	0	-1.75E-05	5.19E-06	-3.26E-06	-2.19E-05
604	13	0	0	0	0	0	0	232	254	0	-1.90E-05	4.71E-06	-7.03E-06	-1.72E-05
604	14	0	0	0	0	0	0	232	254	0	-1.90E-05	4.71E-06	-7.03E-06	-1.72E-05
604	15	0	0	0	0	0	0	232	254	0	-2.17E-05	5.07E-06	-1.43E-05	-1.49E-05
604	16	0	0	0	0	0	0	232	254	0	-2.17E-05	5.07E-06	-1.43E-05	-1.49E-05
604	17	0	0	0	0	0	0	232	254	0	-2.50E-05	6.52E-06	-1.35E-05	-1.40E-05
604	18	0	0	0	0	0	0	232	254	0	-2.50E-05	6.52E-06	-1.35E-05	-1.40E-05
604	19	0	0	0	0	0	0	232	254	0	-2.40E-05	5.01E-06	-6.93E-06	-8.52E-06
605	0	0	0	0	0	0	0	232	254	0	-2.30E-05	3.54E-06	-9.40E-06	-6.56E-06
605	1	0	0	0	0	0	0	232	254	0	-2.30E-05	3.54E-06	-9.40E-06	-6.56E-06
605	2	0	0	0	0	0	0	232	254	0	-2.22E-05	4.41E-06	-1.77E-05	-7.44E-06
605	3	0	0	0	0	0	0	232	254	0	-2.22E-05	4.41E-06	-1.77E-05	-7.44E-06
605	4	0	0	0	0	0	0	232	254	0	-2.30E-05	6.54E-06	-2.05E-05	-1.02E-05
605	5	0	0	0	0	0	0	232	254	0	-2.30E-05	6.54E-06	-2.05E-05	-1.02E-05
605	6	0	0	0	0	0	0	232	254	0	-2.19E-05	5.97E-06	-1.18E-05	-5.94E-06
605	7	0	0	0	0	0	0	232	254	0	-2.19E-05	5.97E-06	-1.18E-05	-5.94E-06
605	8	0	0	0	0	0	0	232	254	0	-1.90E-05	2.54E-06	-4.23E-06	-9.07E-06
605	9	0	0	0	0	0	0	232	254	0	-1.94E-05	3.55E-06	-6.02E-06	-1.80E-05
605	10	0	0	0	0	0	0	232	254	0	-1.94E-05	3.55E-06	-6.02E-06	-1.80E-05
605	11	0	0	0	0	0	0	232	254	0	-2.24E-05	4.51E-06	-4.81E-06	-2.81E-05
605	12	0	0	0	0	0	0	232	254	0	-2.24E-05	4.51E-06	-4.81E-06	-2.81E-05
605	13	0	0	0	0	0	0	232	254	0	-2.49E-05	3.55E-06	-2.17E-06	-1.68E-05
605	14	0	0	0	0	0	0	232	254	0	-2.49E-05	3.55E-06	-2.17E-06	-1.68E-05
605	15	0	0	0	0	0	0	232	254	0	-2.63E-05	4.68E-06	-1.75E-06	-7.30E-06
605	16	0	0	0	0	0	0	232	254	0	-2.63E-05	4.68E-06	-1.75E-06	-7.30E-06
605	17	0	0	0	0	0	0	232	254	0	-2.54E-05	3.84E-06	-5.28E-06	-1.12E-05
605	18	0	0	0	0	0	0	232	254	0	-2.56E-05	3.07E-06	-9.04E-06	-1.14E-05
605	19	0	0	0	0	0	0	232	254	0	-2.56E-05	3.07E-06	-9.04E-06	-1.14E-05
606	0	0	0	0	0	0	0	232	254	0	-2.35E-05	5.20E-06	-7.88E-06	-1.17E-05
606	1	0	0	0	0	0	0	232	254	0	-2.35E-05	5.20E-06	-7.88E-06	-1.17E-05
606	2	0	0	0	0	0	0	232	254	0	-2.43E-05	5.16E-06	-7.24E-06	-1.08E-05
606	3	0	0	0	0	0	0	232	254	0	-2.43E-05	5.16E-06	-7.24E-06	-1.08E-05
606	4	0	0	0	0	0	0	232	254	0	-2.46E-05	3.17E-06	-8.23E-06	-7.52E-06
606	5	0	0	0	0	0	0	232	254	0	-2.46E-05	3.17E-06	-8.23E-06	-7.52E-06
606	6	0	0	0	0	0	0	232	254	0	-2.33E-05	2.06E-06	-8.57E-06	-5.89E-06
606	7	0	0	0	0	0	0	232	254	0	-2.33E-05	4.53E-06	-9.10E-06	-6.91E-06
606	8	0	0	0	0	0	0	232	254	0	-2.33E-05	4.53E-06	-9.10E-06	-6.91E-06
606	9	0	0	0	0	0	0	232	254	0	-2.18E-05	4.53E-06	-1.09E-05	-8.23E-06
606	10	0	0	0	0	0	0	232	254	0	-2.18E-05	4.53E-06	-1.09E-05	-8.23E-06
606	11	0	0	0	0	0	0	232	254	0	-2.11E-05	4.55E-06	-1.16E-05	-8.37E-06
606	12	0	0	0	0	0	0	232	254	0	-2.11E-05	4.55E-06	-1.16E-05	-8.37E-06
606	13	0	0	0	0	0	0	232	254	0	-2.05E-05	5.18E-06	-1.39E-05	-7.25E-06
606	14	0	0	0	0	0	0	232	254	0	-2.05E-05	5.18E-06	-1.39E-05	-7.25E-06
606	15	0	0	0	0	0	0	232	254	0	-2.08E-05	4.21E-06	-1.38E-05	-8.98E-06
606	16	0	0	0	0	0	0	232	254	0	-2.04E-05	4.88E-06	-9.19E-06	-1.30E-05
606	17	0	0	0	0	0	0	232	254	0	-2.04E-05	4.88E-06	-9.19E-06	-1.30E-05
606	18	0	0	0	0	0	0	232	254	0	-2.23E-05	5.68E-06	-7.24E-06	-1.52E-05
606	19	0	0	0	0	0	0	232	254	0	-2.23E-05	5.68E-06	-7.24E-06	-1.52E-05
607	0	0	0	0	0	0	0	232	254	0	-2.16E-05	4.52E-06	-8.27E-06	-1.06E-05
607	1	0	0	0	0	0	0	232	254	0	-2.16E-05	4.52E-06	-8.27E-06	-1.06E-05
607	2	0	0	0	0	0	0	232	254	0	-2.03E-05	3.86E-06	-1.04E-05	-1.16E-05
607	3	0	0	0	0	0	0	232	254	0	-2.03E-05	3.86E-06	-1.04E-05	-1.16E-05
607	4	0	0	0	0	0	0	232	254	0	-1.96E-05	3.84E-06	-1.16E-05	-1.03E-05
607	5	0	0	0	0	0	0	232	254	0	-1.90E-05	2.86E-06	-1.13E-05	-5.54E-06
607	6	0	0	0	0	0	0	232	254	0	-1.90E-05	2.86E-06	-1.13E-05	-5.54E-06
607	7	0	0	0	0	0	0	232	254	0	-1.86E-05	3.19E-06	-1.22E-05	2.37E-06
607	8	0	0	0	0	0	0	232	254	0	-1.86E-05	3.19E-06	-1.22E-05	2.37E-06
607	9	0	0	0	0	0	0	232	254	0	-1.87E-05	3.20E-06	-1.63E-05	-5.04E-06
607	10	0	0	0	0	0	0	232	254	0	-1.87E-05	3.20E-06	-1.63E-05	-5.04E-06
607	11	0	0	0	0	0	0	232	254	0	-1.96E-05	3.71E-06	-1.54E-05	-1.35E-05
607	12	0	0	0	0	0	0	232	254	0	-1.96E-05	3.71E-06	-1.54E-05	-1.35E-05
607	13	0	0	0	0	0	0	232	254	0	-2.00E-05	4.50E-06	-1.21E-05	-2.47E-05
607	14	0	0	0	0	0	0	232	254	0	-2.11E-05	3.04E-06	-6.71E-06	-3.50E-05
607	15	0	0	0	0	0	0	232	254	0	-2.11E-05	3.04E-06	-6.71E-06	-3.50E-05
607	16	0	0	0	0	0	0	232	254	0	-2.10E-05	3.87E-06	1.52E-06	-3.21E-05
607	17	0	0	0	0	0	0	232	254	0	-2.10E-05	3.87E-06	1.52E-06	-3.21E-05
607	18	0	0	0	0	0	0	232	254	0	-2.00E-05	4.54E-06	1.70E-06	-1.51E-05
607	19	0	0	0	0	0	0	232	254	0	-2.00E-05	4.54E-06	1.70E-06	-1.51E-05
608	0	0	0	0	0	0	0	232	254	0	-2.12E-05	4.84E-06	-5.65E-06	-4.48E-06
608	1	0	0	0	0	0	0	232	254	0	-2.12E-05	4.84E-06	-5.65E-06	-4.48E-06
608	2	0	0	0	0	0	0	232	254	0	-2.25E-05	3.52E-06	-1.12E-05	-1.03E-05
608	3	0	0	0	0	0	0	232	254	0	-2.24E-05	3.19E-06	-1.12E-05	-1.87E-05
608	4	0	0	0	0	0	0	232	254	0	-2.24E-05	3.19E-06	-1.12E-05	-1.87E-05
608	5	0	0	0	0	0	0	232	254	0	-2.50E-05	3.38E-06	-1.06E-05	-7.47E-06
608	6	0	0	0	0	0	0	232	254	0	-2.50E-05	3.38E-06	-1.06E-05	-7.47E-06
608	7	0	0	0	0	0	0	232	254	0	-2.63E-05	4.51E-06	-1.15E-05	-3.33E-06
608	8	0	0	0	0	0	0	232	254	0	-2.63E-05	4.51E-06	-1.15E-05	-3.33E-06
608	9	0	0	0	0	0	0	232	254	0	-2.53E-05	3.49E-06	-7.58E-06	-1.03E-05
608	10	0	0	0	0	0	0	232	254	0	-2.53E-05	3.49E-06	-7.58E-06	-1.03E-05
608	11	0	0	0	0	0	0	232	254	0	-2.43E-05	1.87E-06	-9.11E-06	-1.13E-05
608	12	0	0	0	0	0	0	232	254	0	-2.30E-05	2.89E-06	-1.16E-05	-1.53E-05
608	13	0	0	0	0	0	0	232	254	0	-2.30E-05	2.89E-06	-1.16E-05	-1.53E-05
608	14	0	0	0	0	0	0	232	254	0	-2.10E-05	4.53E-06	-1.05E-05	-1.58E-05
608	15	0	0	0	0	0	0	232	254	0	-2.10E-05	4.53E-06	-1.05E-05	-1.58E-05
608	16	0	0	0	0	0	0	232	254	0	-2.17E-05	4.19E-06	-6.21E-06	-9.84E-06
608	17	0	0	0	0	0	0	232	254	0	-2.17E-05	4.19E-06	-6.21E-06	-9.84E-06
608	18	0	0	0	0	0	0	232	254	0	-2.19E-05	3.88E-06	-6.20E-06	-2.32E-05
608	19	0	0	0	0	0	0	232	254	0	-2.19E-05	3.88E-06	-6.20E-06	-2.32E-05
609	0	0	0	0	0	0	0	232	254	0	-2.47E-05	4.88E-06	-5.39E-06	-3.51E-05
609	1	0	0	0	0	0	0	232	254	0	-2.41E-05	5.58E-06	2.02E-06	-2.07E-05
609	2	0	0	0	0	0	0	232	254	0	-2.41E-05	5.58E-06	2.02E-06	-2.07E-05
609	3	0	0	0	0	0	0	232	254	0	-1.37E-05	7.75E-06	2.46E-06	-5.73E-06
609	4	0	0	0	0	0	0	232	254	0	-1.37E-05	7.75E-06	2.46E-06	-5.73E-06
609	5	0	0	0	0	0	0	232	254	0	-1.29E-05	9.06E-06	-2.82E-07	-7.11E-06
609	6	0	0	0	0	0	0	232	254	0	-1.29E-05	9.06E-06	-2.82E-07	-7.11E-06
609	7	0	0	0	0	0	0	232	254	0	-2.00E-05	8.72E-06	-6.02E-06	-1.02E-05
609	8	0	0	0	0	0	0	232	254	0	-2.00E-05	8.72E-06	-6.02E-06	-1.02E-05
609	9	0	0	0	0	0	0	232	254	0	-2.20E-05	8.59E-06	-1.34E-05	-8.99E-06
609	10	0	0	0	0	0	0	232	254	0	-2.20E-05	1.00E-05	-2.17E-05	-1.36E-05
609	11	0	0	0	0	0	0	232	254	0	-2.20E-05	1.00E-05	-2.17E-05	-1.36E-05
609	12	0	0	0	0	0	0	232	254	0	-2.30E-05	7.05E-06	-2.63E-05	-1.29E-05
609	13	0	0	0	0	0	0	232	254	0	-2.30E-05	7.05E-06	-2.63E-05	-1.29E-05
609	14	0	0	0	0	0	0	232	254	0	-2.10E-05	7.06E-06	-2.53E-05	-1.15E-05
609	15	0	0	0	0	0	0	232	254	0	-2.10E-05	7.06E-06	-2.53E-05	-1.15E-05
609	16	0	0	0	0	0	0	232	254	0	-1.98E-05	7.69E-06	-2.15E-05	-9.09E-06
609	17	0	0	0	0	0	0	232	254	0	-1.98E-05	7.69E-06	-2.15E-05	-9.09E-06
609	18	0	0	0	0	0	0	232	254	0	-1.95E-05	6.36E-06	-1.29E-05	-2.30E-06
609	19	0	0	0	0	0	0	232	254	0	-1.93E-05	5.51E-06	-3.14E-06	-1.65E-05
610	0	0	0	0	0	0	0	232	254	0	-1.93E-05	5.51E-06	-3.14E-06	-1.65E-05
610	1	0	0	0	0	0	0	232	254	0	-2.00E-05	4.21E-06	-8.46E-07	-2.52E-05
610	2	0	0	0	0	0	0	232	254	0	-2.00E-05	4.21E-06	-8.46E-07	-2.52E-05
610	3	0	0	0	0	0	0	232	254	0	-2.11E-05	5.11E-06	-1.23E-06	-1.64E-06
610	4	0	0	0	0	0	0	232	254	0	-2.11E-05	5.11E-06	-1.23E-06	-1.64E-06
610	5	0	0	0	0	0	0	232	254	0	-2.07E-05	8.86E-06	-3.87E-06	-8.21E-06
610	6	0	0	0	0	0	0	232	254	0	-2.07E-05	8.86E-06	-3.87E-06	-8.21E-06
610	7	0	0	0	0	0	0	232	254	0	-2.20E-05	7.21E-06	-4.18E-06	-2.40E-05
610	8	0	0	0	0	0	0	232	254	0	-2.23E-05	6.89E-06	-3.24E-06	-2.34E-05
610	9	0	0	0	0	0	0	232	254	0	-2.23E-05	6.89E-06	-3.24E-06	-2.34E-05
610	10	0	0	0	0	0	0	232	254	0	-2.33E-05	7.03E-06	-5.74E-06	-8.47E-06
610	11	0	0	0	0	0	0	232	254	0	-2.33E-05	7.03E-06	-5.74E-06	-8.47E-06
610	12	0	0	0	0	0	0	232	254	0	-2.40E-05	6.20E-06	-7.26E-06	-4.35E-06
610	13	0	0	0	0	0	0	232	254	0	-2.40E-05	6.20E-06	-7.26E-06	-4.35E-06
610	14	0	0	0	0	0	0	232	254	0	-2.33E-05	5.83E-06	-9.59E-06	-1.19E-05
610	15	0	0	0	0	0	0	232	254	0	-2.33E-05	5.83E-06	-9.59E-06	-1.19E-05
610	16	0	0	0	0	0	0	232	254	0	-2.38E-05	3.87E-06	-1.09E-05	-9.00E-06
610	17	0	0	0	0	0	0	232	254	0	-2.20E-05	4.18E-06	-1.11E-05	-5.75E-06
610	18	0	0	0	0	0	0	232	254	0	-2.20E-05	4.18E-06	-1.11E-05	-5.75E-06
610	19	0	0	0	0	0	0	232	254	0	-2.23E-05	3.17E-06	-1.06E-05	-7.90E-06
611	0	0	0	0	0	0	0	232	254	0	-2.23E-05	3.17E-06	-1.06E-05	-7.90E-06
611	1	0	0	0	0	0	0	232	254	0	-2.23E-05	2.21E-06	-1.13E-05	-8.61E-06
611	2	0	0	0	0	0	0	232	254	0	-2.23E-05	2.21E-06	-1.13E-05	-8.61E-06
611	3	0	0	0	0	0	0	232	254	0	-2.18E-05	3.40E-06	-1.18E-05	-1.09E-05
611	4	0	0	0	0	0	0	232	254	0	-2.18E-05	3.40E-06	-1.18E-05	-1.09E-05
611	5	0	0	0	0	0	0	232	254	0	-2.27E-05	5.54E-06	-1.26E-05	-4.68E-06
611	6	0	0	0	0	0	0	232	254	0	-2.32E-05	5.53E-06	-1.22E-05	-1.19E-05
611	7	0	0	0	0	0	0	232	254	0	-2.32E-05	5.53E-06	-1.22E-05	-1.19E-05
611	8	0	0	0	0	0	0	232	254	0	-2.26E-05	5.19E-06	-1.04E-05	-1.81E-05
611	9	0	0	0	0	0	0	232	254	0	-2.26E-05	5.19E-06	-1.04E-05	-1.81E-05
611	10	0	0	0	0	0	0	232	254	0	-2.18E-05	4.54E-06	-9.07E-06	-1.00E-05
611	11	0	0	0	0	0	0	232	254	0	-2.18E-05	4.54E-06	-9.07E-06	-1.00E-05
611	12	0	0	0	0	0	0	232	254	0	-2.00E-05	4.87E-06	-9.57E-06	-8.91E-06
611	13	0	0	0	0	0	0	232	254	0	-2.00E-05	4.87E-06	-9.57E-06	-8.91E-06
611	14	0	0	0	0	0	0	232	254	0	-2.03E-05	4.86E-06	-9.50E-06	-2.56E-05
611	15	0	0	0	0	0	0	232	254	0	-2.20E-05	4.50E-06	-6.20E-06	-2.04E-05
611	16	0	0	0	0	0	0	232	254	0	-2.20E-05	4.50E-06	-6.20E-06	-2.04E-05
611	17	0	0	0	0	0	0	232	254	0	-2.10E-05	3.18E-06	-5.57E-06	-4.63E-07
611	18	0	0	0	0	0	0	232	254	0	-2.10E-05	3.18E-06	-5.57E-06	-4.63E-07
611	19	0	0	0	0	0	0	232	254	0	-2.10E-05	2.55E-06	-6.91E-06	1.33E-06
612	0	0	0	0	0	0	0	232	254	0	-2.10E-05	2.55E-06	-6.91E-06	1.33E-06
612	1	0	0	0	0	0	0	232	254	0	-2.17E-05	4.23E-06	-8.42E-06	-7.32E-06
612	2	0	0	0	0	0	0	232	254	0	-2.17E-05	4.23E-06	-8.42E-06	-7.32E-06
612	3	0	0	0	0	0	0	232	254	0	-2.16E-05	5.86E-06	-9.88E-06	-1.24E-05
612	4	0	0	0	0	0	0	232	254	0	-1.96E-05	5.17E-06	-8.92E-06	-1.19E-05
612	5	0	0	0	0	0	0	232	254	0	-1.96E-05	5.17E-06	-8.92E-06	-1.19E-05
612	6	0	0	0	0	0	0	232	254	0	-1.85E-05	3.70E-06	-9.98E-06	-1.02E-05
612	7	0	0	0	0	0	0	232	254	0	-1.85E-05	3.70E-06	-9.98E-06	-1.02E-05
612	8	0	0	0	0	0	0	232	254	0	-2.05E-05	3.88E-06	-1.38E-05	-8.82E-06
612	9	0	0	0	0	0	0	232	254	0	-2.05E-05	3.88E-06	-1.38E-05	-8.82E-06
612	10	0	0	0	0	0	0	232	254	0	-2.18E-05	4.86E-06	-1.37E-05	-1.32E-05
612	11	0	0	0	0	0	0	232	254	0	-2.18E-05	4.86E-06	-1.37E-05	-1.32E-05
612	12	0	0	0	0	0	0	232	254	0	-2.17E-05	4.33E-06	-8.86E-06	-1.94E-05
612	13	0	0	0	0	0	0	232	254	0	-2.35E-05	2.83E-06	-7.23E-06	-2.24E-05
612	14	0	0	0	0	0	0	232	254	0	-2.35E-05	2.83E-06	-7.23E-06	-2.24E-05
612	15	0	0	0	0	0	0	232	254	0	-2.48E-05	1.89E-06	-7.87E-06	-2.43E-05
612	16	0	0	0	0	0	0	232	254	0	-2.48E-05	1.89E-06	-7.87E-06	-2.43E-05
612	17	0	0	0	0	0	0	232	254	0	-2.25E-05	3.90E-06	-6.99E-06	-2.02E-05
612	18	0	0	0	0	0	0	232	254	0	-2.25E-05	3.90E-06	-6.99E-06	-2.02E-05
612	19	0	0	0	0	0	0	232	254	0	-2.16E-05	5.89E-06	-4.39E-06	-1.74E-05
613	0	0	0	0	0	0	0	232	254	0	-2.16E-05	5.89E-06	-4.39E-06	-1.74E-05
613	1	0	0	0	0	0	0	232	254	0	-2.06E-05	6.69E-06	-5.58E-06	-2.21E-05
613	2	0	0	0	0	0	0	232	254	0	-1.67E-05	5.52E-06	-7.39E-06	-1.89E-05
613	3	0	0	0	0	0	0	232	254	0	-1.67E-05	5.52E-06	-7.39E-06	-1.89E-05
613	4	0	0	0	0	0	0	232	254	0	-1.43E-05	4.49E-06	-7.57E-06	-1.46E-05
613	5	0	0	0	0	0	0	232	254	0	-1.43E-05	4.49E-06	-7.57E-06	-1.46E-05
613	6	0	0	0	0	0	0	232	254	0	-1.70E-05	2.53E-06	-8.42E-06	-1.26E-05
613	7	0	0	0	0	0	0	232	254	0	-1.70E-05	2.53E-06	-8.42E-06	-1.26E-05
613	8	0	0	0	0	0	0	232	254	0	-1.85E-05	3.20E-06	-9.91E-06	-1.12E-05
613	9	0	0	0	0	0	0	232	254	0	-1.85E-05	3.20E-06	-9.91E-06	-1.12E-05
613	10	0	0	0	0	0	0	232	254	0	-1.96E-05	3.89E-06	-1.02E-05	-1.04E-05
613	11	0	0	0	0	0	0	232	254	0	-1.86E-05	5.19E-06	-9.53E-06	-9.75E-06
613	12	0	0	0	0	0	0	232	254	0	-1.86E-05	5.19E-06	-9.53E-06	-9.75E-06
613	13	0	0	0	0	0	0	232	254	0	-1.86E-05	4.55E-06	-7.55E-06	-1.06E-05
613	14	0	0	0	0	0	0	232	254	0	-1.86E-05	4.55E-06	-7.55E-06	-1.06E-05
613	15	0	0	0	0	0	0	232	254	0	-1.93E-05	5.52E-06	-7.18E-06	-1.16E-05
613	16	0	0	0	0	0	0	232	254	0	-1.93E-05	5.52E-06	-7.18E-06	-1.16E-05
613	17	0	0	0	0	0	0	232	254	0	-1.97E-05	4.53E-06	-5.60E-06	-1.09E-05
613	18	0	0	0	0	0	0	232	254	0	-1.97E-05	4.53E-06	-5.60E-06	-1.09E-05
613	19	0	0	0	0	0	0	232	254	0	-2.07E-05	4.19E-06	-8.80E-06	-8.34E-06
614	0	0	0	0	0	0	0	232	254	0	-2.13E-05	3.70E-06	-1.23E-05	-5.85E-06
614	1	0	0	0	0	0	0	232	254	0	-2.13E-05	3.70E-06	-1.23E-05	-5.85E-06
614	2	0	0	0	0	0	0	232	254	0	-2.08E-05	3.86E-06	-1.41E-05	-4.88E-06
614	3	0	0	0	0	0	0	232	254	0	-2.08E-05	3.86E-06	-1.41E-05	-4.88E-06
614	4	0	0	0	0	0	0	232	254	0	-2.08E-05	3.86E-06	-1.36E-05	-5.84E-06
614	5	0	0	0	0	0	0	232	254	0	-2.08E-05	3.86E-06	-1.36E-05	-5.84E-06
614	6	0	0	0	0	0	0	232	254	0	-2.10E-05	3.85E-06	-1.33E-05	-1.22E-05
614	7	0	0	0	0	0	0	232	254	0	-2.10E-05	3.85E-06	-1.33E-05	-1.22E-05
614	8	0	0	0	0	0	0	232	254	0	-2.19E-05	3.50E-06	-1.29E-05	-1.16E-05
614	9	0	0	0	0	0	0	232	254	0	-2.38E-05	2.53E-06	-1.38E-05	-1.37E-05
614	10	0	0	0	0	0	0	232	254	0	-2.38E-05	2.53E-06	-1.38E-05	-1.37E-05
614	11	0	0	0	0	0	0	232	254	0	-2.43E-05	3.39E-06	-1.62E-05	-1.70E-05
614	12	0	0	0	0	0	0	232	254	0	-2.43E-05	3.39E-06	-1.62E-05	-1.70E-05
614	13	0	0	0	0	0	0	232	254	0	-2.10E-05	5.24E-06	-1.39E-05	-1.76E-05
614	14	0	0	0	0	0	0	232	254	0	-2.10E-05	5.24E-06	-1.39E-05	-1.76E-05
614	15	0	0	0	0	0	0	232	254	0	-2.10E-05	6.88E-06	-1.29E-05	-1.63E-05
614	16	0	0	0	0	0	0	232	254	0	-2.10E-05	6.88E-06	-1.29E-05	-1.63E-05
614	17	0	0	0	0	0	0	232	254	0	-2.06E-05	6.85E-06	-1.04E-05	-1.89E-05
614	18	0	0	0	0	0	0	232	254	0	-2.03E-05	5.36E-06	-3.37E-06	-1.41E-05
614	19	0	0	0	0	0	0	232	254	0	-2.03E-05	5.36E-06	-3.37E-06	-1.41E-05
615	0	0	0	0	0	0	0	232	254	0	-2.00E-05	5.05E-06	3.78E-06	-4.83E-06
615	1	0	0	0	0	0	0	232	254	0	-2.00E-05	5.05E-06	3.78E-06	-4.83E-06
615	2	0	0	0	0	0	0	232	254	0	-2.12E-05	5.55E-06	-2.89E-07	-3.06E-06
615	3	0	0	0	0	0	0	232	254	0	-2.12E-05	5.55E-06	-2.89E-07	-3.06E-06
615	4	0	0	0	0	0	0	232	254	0	-2.37E-05	5.87E-06	-6.05E-06	-1.30E-05
615	5	0	0	0	0	0	0	232	254	0	-2.37E-05	5.87E-06	-6.05E-06	-1.30E-05
615	6	0	0	0	0	0	0	232	254	0	-2.70E-05	5.83E-06	-6.37E-06	-1.63E-05
615	7	0	0	0	0	0	0	232	254	0	-2.63E-05	3.53E-06	-6.28E-06	-1.53E-05
615	8	0	0	0	0	0	0	232	254	0	-2.63E-05	3.53E-06	-6.28E-06	-1.53E-05
615	9	0	0	0	0	0	0	232	254	0	-2.30E-05	3.91E-06	-9.61E-06	-1.63E-05
615	10	0	0	0	0	0	0	232	254	0	-2.30E-05	3.91E-06	-9.61E-06	-1.63E-05
615	11	0	0	0	0	0	0	232	254	0	-2.35E-05	6.20E-06	-1.16E-05	-1.69E-05
615	12	0	0	0	0	0	0	232	254	0	-2.35E-05	6.20E-06	-1.16E-05	-1.69E-05
615	13	0	0	0	0	0	0	232	254	0	-2.36E-05	5.88E-06	-1.08E-05	-1.32E-05
615	14	0	0	0	0	0	0	232	254	0	-2.36E-05	5.88E-06	-1.08E-05	-1.32E-05
615	15	0	0	0	0	0	0	232	254	0	-2.11E-05	6.17E-06	-1.26E-05	-8.44E-06
615	16	0	0	0	0	0	0	232	254	0	-1.78E-05	4.36E-06	-1.41E-05	-2.37E-06
615	17	0	0	0	0	0	0	232	254	0	-1.78E-05	4.36E-06	-1.41E-05	-2.37E-06
615	18	0	0	0	0	0	0	232	254	0	-1.93E-05	4.05E-06	-1.39E-05	4.77E-06
615	19	0	0	0	0	0	0	232	254	0	-1.93E-05	4.05E-06	-1.39E-05	4.77E-06
616	0	0	0	0	0	0	0	232	254	0	-1.89E-05	4.84E-06	-1.25E-05	-1.70E-07
616	1	0	0	0	0	0	0	232	254	0	-1.89E-05	4.84E-06	-1.25E-05	-1.70E-07
616	2	0	0	0	0	0	0	232	254	0	-1.65E-05	3.54E-06	-8.17E-06	-2.45E-05
616	3	0	0	0	0	0	0	232	254	0	-1.65E-05	3.54E-06	-8.17E-06	-2.45E-05
616	4	0	0	0	0	0	0	232	254	0	-1.78E-05	4.35E-06	-5.54E-06	-3.16E-05
616	5	0	0	0	0	0	0	232	254	0	-1.87E-05	3.85E-06	-5.57E-06	-1.99E-05
616	6	0	0	0	0	0	0	232	254	0	-1.87E-05	3.85E-06	-5.57E-06	-1.99E-05
616	7	0	0	0	0	0	0	232	254	0	-2.12E-05	3.41E-06	-6.96E-06	-8.05E-06
616	8	0	0	0	0	0	0	232	254	0	-2.12E-05	3.41E-06	-6.96E-06	-8.05E-06
616	9	0	0	0	0	0	0	232	254	0	-2.20E-05	5.74E-06	-1.09E-05	2.09E-07
616	10	0	0	0	0	0	0	232	254	0	-2.20E-05	5.74E-06	-1.09E-05	2.09E-07
616	11	0	0	0	0	0	0	232	254	0	-2.12E-05	7.50E-06	-1.06E-05	1.92E-06
616	12	0	0	0	0	0	0	232	254	0	-2.12E-05	7.50E-06	-1.06E-05	1.92E-06
616	13	0	0	0	0	0	0	232	254	0	-2.30E-05	4.86E-06	-9.87E-06	-1.10E-05
616	14	0	0	0	0	0	0	232	254	0	-2.23E-05	4.56E-06	-7.94E-06	-2.92E-05
616	15	0	0	0	0	0	0	232	254	0	-2.23E-05	4.56E-06	-7.94E-06	-2.92E-05
616	16	0	0	0	0	0	0	232	254	0	-2.27E-05	5.85E-06	-2.50E-06	-2.00E-05
616	17	0	0	0	0	0	0	232	254	0	-2.27E-05	5.85E-06	-2.50E-06	-2.00E-05
616	18	0	0	0	0	0	0	232	254	0	-2.30E-05	4.49E-06	-1.94E-06	-7.14E-06
616	19	0	0	0	0	0	0	232	254	0	-2.30E-05	4.49E-06	-1.94E-06	-7.14E-06
617	0	0	0	0	0	0	0	232	254	0	-2.32E-05	2.35E-06	-6.52E-06	-1.16E-05
617	1	0	0	0	0	0	0	232	254	0	-2.32E-05	2.35E-06	-6.52E-06	-1.16E-05
617	2	0	0	0	0	0	0	232	254	0	-2.40E-05	2.20E-06	-5.06E-06	-1.35E-05
617	3	0	0	0	0	0	0	232	254	0	-2.38E-05	3.20E-06	-6.29E-06	-9.99E-06
617	4	0	0	0	0	0	0	232	254	0	-2.38E-05	3.20E-06	-6.29E-06	-9.99E-06
617	5	0	0	0	0	0	0	232	254	0	-2.19E-05	3.70E-06	-1.01E-05	-1.38E-05
617	6	0	0	0	0	0	0	232	254	0	-2.19E-05	3.70E-06	-1.01E-05	-1.38E-05
617	7	0	0	0	0	0	0	232	254	0	-1.93E-05	3.89E-06	-1.13E-05	-8.92E-06
617	8	0	0	0	0	0	0	232	254	0	-1.93E-05	3.89E-06	-1.13E-05	-8.92E-06
617	9	0	0	0	0	0	0	232	254	0	-1.83E-05	5.20E-06	-1.18E-05	-9.99E-06
617	10	0	0	0	0	0	0	232	254	0	-1.83E-05	5.20E-06	-1.18E-05	-9.99E-06
617	11	0	0	0	0	0	0	232	254	0	-1.78E-05	5.20E-06	-8.37E-06	-1.40E-05
617	12	0	0	0	0	0	0	232	254	0	-1.71E-05	5.18E-06	-7.46E-06	-1.65E-06
617	13	0	0	0	0	0	0	232	254	0	-1.71E-05	5.18E-06	-7.46E-06	-1.65E-06
617	14	0	0	0	0	0	0	232	254	0	-1.63E-05	4.19E-06	-1.10E-05	-8.70E-06
617	15	0	0	0	0	0	0	232	254	0	-1.63E-05	4.19E-06	-1.10E-05	-8.70E-06
617	16	0	0	0	0	0	0	232	254	0	-1.70E-05	3.87E-06	-1.39E-05	-2.33E-05
617	17	0	0	0	0	0	0	232	254	0	-1.70E-05	3.87E-06	-1.39E-05	-2.33E-05
617	18	0	0	0	0	0	0	232	254	0	-2.07E-05	4.18E-06	-1.31E-05	-1.97E-05
617	19	0	0	0	0	0	0	232	254	0	-2.07E-05	4.18E-06	-1.31E-05	-1.97E-05
618	0	0	0	0	0	0	0	232	254	0	-2.24E-05	3.54E-06	-1.10E-05	-1.32E-05
618	1	0	0	0	0	0	0	232	254	0	-2.38E-05	4.19E-06	-7.73E-06	-1.06E-05
618	2	0	0	0	0	0	0	232	254	0	-2.38E-05	4.19E-06	-7.73E-06	-1.06E-05
618	3	0	0	0	0	0	0	232	254	0	-2.30E-05	3.88E-06	-8.25E-06	-9.75E-06
618	4	0	0	0	0	0	0	232	254	0	-2.30E-05	3.88E-06	-8.25E-06	-9.75E-06
618	5	0	0	0	0	0	0	232	254	0	-2.30E-05	4.73E-06	-9.16E-06	-1.84E-05
618	6	0	0	0	0	0	0	232	254	0	-2.30E-05	4.73E-06	-9.16E-06	-1.84E-05
618	7	0	0	0	0	0	0	232	254	0	-2.40E-05	6.20E-06	-5.57E-06	-1.33E-05
618	8	0	0	0	0	0	0	232	254	0	-2.40E-05	6.20E-06	-5.57E-06	-1.33E-05
618	9	0	0	0	0	0	0	232	254	0	-2.43E-05	5.68E-06	-7.30E-06	-8.36E-06
618	10	0	0	0	0	0	0	232	254	0	-2.47E-05	4.18E-06	-1.12E-05	-1.45E-05
618	11	0	0	0	0	0	0	232	254	0	-2.47E-05	4.18E-06	-1.12E-05	-1.45E-05
618	12	0	0	0	0	0	0	232	254	0	-2.43E-05	3.53E-06	-1.01E-05	-1.19E-05
618	13	0	0	0	0	0	0	232	254	0	-2.43E-05	3.53E-06	-1.01E-05	-1.19E-05
618	14	0	0	0	0	0	0	232	254	0	-2.30E-05	3.69E-06	-9.75E-06	-1.26E-05
618	15	0	0	0	0	0	0	232	254	0	-2.30E-05	3.69E-06	-9.75E-06	-1.26E-05
618	16	0	0	0	0	0	0	232	254	0	-2.27E-05	3.57E-06	-1.06E-05	-1.10E-05
618	17	0	0	0	0	0	0	232	254	0	-2.27E-05	3.57E-06	-1.06E-05	-1.10E-05
618	18	0	0	0	0	0	0	232	254	0	-2.43E-05	5.89E-06	-1.19E-05	-7.18E-06
618	19	0	0	0	0	0	0	232	254	0	-2.39E-05	6.50E-06	-1.18E-05	-1.32E-05
619	0	0	0	0	0	0	0	232	254	0	-2.39E-05	6.50E-06	-1.18E-05	-1.32E-05
619	1	0	0	0	0	0	0	232	254	0	-2.09E-05	4.31E-06	-7.57E-06	-1.25E-05
619	2	0	0	0	0	0	0	232	254	0	-2.09E-05	4.31E-06	-7.57E-06	-1.25E-05
619	3	0	0	0	0	0	0	232	254	0	-1.71E-05	1.67E-06	-8.29E-06	-6.92E-06
619	4	0	0	0	0	0	0	232	254	0	-1.71E-05	1.67E-06	-8.29E-06	-6.92E-06
619	5	0	0	0	0	0	0	232	254	0	-1.73E-05	1.23E-06	-1.16E-05	-7.55E-07
619	6	0	0	0	0	0	0	232	254	0	-1.73E-05	1.23E-06	-1.16E-05	-7.55E-07
619	7	0	0	0	0	0	0	232	254	0	-1.98E-05	3.70E-06	-1.09E-05	2.95E-06
619	8	0	0	0	0	0	0	232	254	0	-2.05E-05	4.21E-06	-1.06E-05	-8.39E-06
619	9	0	0	0	0	0	0	232	254	0	-2.05E-05	4.21E-06	-1.06E-05	-8.39E-06
619	10	0	0	0	0	0	0	232	254	0	-2.05E-05	4.87E-06	-1.39E-05	-1.63E-05
619	11	0	0	0	0	0	0	232	254	0	-2.05E-05	4.87E-06	-1.39E-05	-1.63E-05
619	12	0	0	0	0	0	0	232	254	0	-2.17E-05	4.86E-06	-1.45E-05	-1.58E-05
619	13	0	0	0	0	0	0	232	254	0	-2.17E-05	4.86E-06	-1.45E-05	-1.58E-05
619	14	0	0	0	0	0	0	232	254	0	-2.23E-05	4.50E-06	-9.82E-06	-2.48E-05
619	15	0	0	0	0	0	0	232	254	0	-2.23E-05	4.50E-06	-9.82E-06	-2.48E-05
619	16	0	0	0	0	0	0	232	254	0	-2.25E-05	3.02E-06	-5.81E-06	-3.27E-05
619	17	0	0	0	0	0	0	232	254	0	-2.46E-05	3.06E-06	-2.83E-06	-2.21E-05
619	18	0	0	0	0	0	0	232	254	0	-2.46E-05	3.06E-06	-2.83E-06	-2.21E-05
619	19	0	0	0	0	0	0	232	254	0	-2.26E-05	5.05E-06	-1.73E-06	-1.25E-05
620	0	0	0	0	0	0	0	232	254	0	-2.26E-05	5.05E-06	-1.73E-06	-1.25E-05
620	1	0	0	0	0	0	0	232	254	0	-1.96E-05	5.86E-06	-4.24E-06	-2.23E-05
620	2	0	0	0	0	0	0	232	254	0	-1.96E-05	5.86E-06	-4.24E-06	-2.23E-05
620	3	0	0	0	0	0	0	232	254	0	-1.94E-05	5.22E-06	-6.37E-06	-2.16E-05
620	4	0	0	0	0	0	0	232	254	0	-1.94E-05	5.22E-06	-6.37E-06	-2.16E-05
620	5	0	0	0	0	0	0	232	254	0	-2.17E-05	5.86E-06	-5.90E-06	-1.29E-05
620	6	0	0	0	0	0	0	232	254	0	-2.20E-05	5.20E-06	-7.25E-06	-1.16E-05
620	7	0	0	0	0	0	0	232	254	0	-2.20E-05	5.20E-06	-7.25E-06	-1.16E-05
620	8	0	0	0	0	0	0	232	254	0	-2.10E-05	5.07E-06	-8.90E-06	-1.17E-05
620	9	0	0	0	0	0	0	232	254	0	-2.10E-05	5.07E-06	-8.90E-06	-1.17E-05
620	10	0	0	0	0	0	0	232	254	0	-2.03E-05	6.57E-06	-8.92E-06	-1.11E-05
620	11	0	0	0	0	0	0	232	254	0	-2.03E-05	6.57E-06	-8.92E-06	-1.11E-05
620	12	0	0	0	0	0	0	232	254	0	-2.05E-05	7.53E-06	-9.94E-06	-1.75E-05
620	13	0	0	0	0	0	0	232	254	0	-2.05E-05	7.53E-06	-9.94E-06	-1.75E-05
620	14	0	0	0	0	0	0	232	254	0	-2.03E-05	6.20E-06	-1.16E-05	-1.21E-05
620	15	0	0	0	0	0	0	232	254	0	-2.03E-05	5.55E-06	-1.13E-05	-4.67E-06
620	16	0	0	0	0	0	0	232	254	0	-2.03E-05	5.55E-06	-1.13E-05	-4.67E-06
620	17	0	0	0	0	0	0	232	254	0	-2.05E-05	6.20E-06	-1.36E-05	-1.12E-05
620	18	0	0	0	0	0	0	232	254	0	-2.05E-05	6.20E-06	-1.36E-05	-1.12E-05
620	19	0	0	0	0	0	0	232	254	0	-2.10E-05	5.71E-06	-1.50E-05	-7.70E-06
621	0	0	0	0	0	0	0	232	254	0	-2.10E-05	5.71E-06	-1.50E-05	-7.70E-06
621	1	0	0	0	0	0	0	232	254	0	-2.15E-05	5.86E-06	-1.16E-05	1.13E-06
621	2	0	0	0	0	0	0	232	254	0	-2.15E-05	5.86E-06	-1.16E-05	1.13E-06
621	3	0	0	0	0	0	0	232	254	0	-2.17E-05	5.20E-06	-1.04E-05	-1.20E-06
621	4	0	0	0	0	0	0	232	254	0	-2.16E-05	5.20E-06	-1.07E-05	-1.81E-05
621	5	0	0	0	0	0	0	232	254	0	-2.16E-05	5.20E-06	-1.07E-05	-1.81E-05
621	6	0	0	0	0	0	0	232	254	0	-2.04E-05	5.19E-06	-7.87E-06	-2.26E-05
621	7	0	0	0	0	0	0	232	254	0	-2.04E-05	5.19E-06	-7.87E-06	-2.26E-05
621	8	0	0	0	0	0	0	232	254	0	-2.33E-05	4.53E-06	-7.27E-06	-1.86E-05
621	9	0	0	0	0	0	0	232	254	0	-2.33E-05	4.53E-06	-7.27E-06	-1.86E-05
621	10	0	0	0	0	0	0	232	254	0	-2.33E-05	4.50E-06	-9.45E-06	-1.80E-05
621	11	0	0	0	0	0	0	232	254	0	-2.33E-05	4.50E-06	-9.45E-06	-1.80E-05
621	12	0	0	0	0	0	0	232	254	0	-2.10E-05	3.18E-06	-3.81E-06	-1.25E-05
621	13	0	0	0	0	0	0	232	254	0	-2.03E-05	2.87E-06	-1.63E-06	-9.57E-06
621	14	0	0	0	0	0	0	232	254	0	-2.03E-05	2.87E-06	-1.63E-06	-9.57E-06
621	15	0	0	0	0	0	0	232	254	0	-1.93E-05	3.92E-06	-7.27E-06	-9.93E-06
621	16	0	0	0	0	0	0	232	254	0	-1.93E-05	3.92E-06	-7.27E-06	-9.93E-06
621	17	0	0	0	0	0	0	232	254	0	-1.91E-05	6.91E-06	-9.90E-06	-1.13E-05
621	18	0	0	0	0	0	0	232	254	0	-1.91E-05	6.91E-06	-9.90E-06	-1.13E-05
621	19	0	0	0	0	0	0	232	254	0	-1.95E-05	8.42E-06	-9.55E-06	-1.25E-05
622	0	0	0	0	0	0	0	232	254	0	-1.95E-05	8.42E-06	-9.55E-06	-1.25E-05
622	1	0	0	0	0	0	0	232	254	0	-2.20E-05	9.75E-06	-8.59E-06	-7.60E-06
622	2	0	0	0	0	0	0	232	254	0	-2.32E-05	1.04E-05	-9.91E-06	-9.74E-06
622	3	0	0	0	0	0	0	232	254	0	-2.32E-05	1.04E-05	-9.91E-06	-9.74E-06
622	4	0	0	0	0	0	0	232	254	0	-2.38E-05	9.19E-06	-1.03E-05	-9.83E-06
622	5	0	0	0	0	0	0	232	254	0	-2.38E-05	9.19E-06	-1.03E-05	-9.83E-06
622	6	0	0	0	0	0	0	232	254	0	-2.43E-05	7.20E-06	-1.21E-05	-6.31E-06
622	7	0	0	0	0	0	0	232	254	0	-2.43E-05	7.20E-06	-1.21E-05	-6.31E-06
622	8	0	0	0	0	0	0	232	254	0	-2.37E-05	6.53E-06	-1.19E-05	-1.09E-05
622	9	0	0	0	0	0	0	232	254	0	-2.37E-05	6.53E-06	-1.19E-05	-1.09E-05
622	10	0	0	0	0	0	0	232	254	0	-2.36E-05	5.71E-06	-1.06E-05	-1.24E-05
622	11	0	0	0	0	0	0	232	254	0	-2.24E-05	5.88E-06	-9.55E-06	-1.09E-05
622	12	0	0	0	0	0	0	232	254	0	-2.24E-05	5.88E-06	-9.55E-06	-1.09E-05
622	13	0	0	0	0	0	0	232	254	0	-1.96E-05	6.18E-06	-8.55E-06	-9.59E-06
622	14	0	0	0	0	0	0	232	254	0	-1.96E-05	6.18E-06	-8.55E-06	-9.59E-06
622	15	0	0	0	0	0	0	232	254	0	-1.71E-05	4.86E-06	-8.26E-06	-1.06E-05
622	16	0	0	0	0	0	0	232	254	0	-1.71E-05	4.86E-06	-8.26E-06	-1.06E-05
622	17	0	0	0	0	0	0	232	254	0	-1.66E-05	4.34E-06	-1.01E-05	-1.31E-05
622	18	0	0	0	0	0	0	232	254	0	-1.66E-05	4.34E-06	-1.01E-05	-1.31E-05
622	19	0	0	0	0	0	0	232	254	0	-1.74E-05	3.15E-06	-1.12E-05	-1.11E-05
623	0	0	0	0	0	0	0	232	254	0	-2.17E-05	1.17E-06	-9.77E-06	-6.21E-06
623	1	0	0	0	0	0	0	232	254	0	-2.17E-05	1.17E-06	-9.77E-06	-6.21E-06
623	2	0	0	0	0	0	0	232	254	0	-2.35E-05	1.20E-06	-1.12E-05	-6.23E-06
623	3	0	0	0	0	0	0	232	254	0	-2.35E-05	1.20E-06	-1.12E-05	-6.23E-06
623	4	0	0	0	0	0	0	232	254	0	-2.17E-05	2.52E-06	-1.07E-05	-1.50E-05
623	5	0	0	0	0	0	0	232	254	0	-2.17E-05	2.52E-06	-1.07E-05	-1.50E-05
623	6	0	0	0	0	0	0	232	254	0	-2.16E-05	2.90E-06	-9.57E-06	-1.69E-05
623	7	0	0	0	0	0	0	232	254	0	-2.16E-05	2.90E-06	-9.57E-06	-1.69E-05
623	8	0	0	0	0	0	0	232	254	0	-2.13E-05	5.22E-06	-9.60E-06	-1.23E-05
623	9	0	0	0	0	0	0	232	254	0	-2.11E-05	5.85E-06	-1.09E-05	-1.33E-05
623	10	0	0	0	0	0	0	232	254	0	-2.11E-05	5.85E-06	-1.09E-05	-1.33E-05
623	11	0	0	0	0	0	0	232	254	0	-2.12E-05	4.52E-06	-8.68E-06	-2.21E-05
623	12	0	0	0	0	0	0	232	254	0	-2.12E-05	4.52E-06	-8.68E-06	-2.21E-05
623	13	0	0	0	0	0	0	232	254	0	-2.20E-05	3.89E-06	-6.41E-06	-2.78E-05
623	14	0	0	0	0	0	0	232	254	0	-2.20E-05	3.89E-06	-6.41E-06	-2.78E-05
623	15	0	0	0	0	0	0	232	254	0	-2.16E-05	5.24E-06	-7.91E-06	-1.47E-05
623	16	0	0	0	0	0	0	232	254	0	-2.16E-05	5.24E-06	-7.91E-06	-1.47E-05
623	17	0	0	0	0	0	0	232	254	0	-2.08E-05	6.85E-06	-9.06E-06	-1.98E-06
623	18	0	0	0	0	0	0	232	254	0	-2.10E-05	5.19E-06	-8.71E-06	-8.41E-06
623	19	0	0	0	0	0	0	232	254	0	-2.10E-05	5.19E-06	-8.71E-06	-8.41E-06
624	0	0	0	0	0	0	0	232	254	0	-2.16E-05	4.53E-06	-7.91E-06	-1.69E-05
624	1	0	0	0	0	0	0	232	254	0	-2.16E-05	4.53E-06	-7.91E-06	-1.69E-05
624	2	0	0	0	0	0	0	232	254	0	-2.13E-05	4.49E-06	-8.70E-06	-1.44E-05
624	3	0	0	0	0	0	0	232	254	0	-2.13E-05	4.49E-06	-8.70E-06	-1.44E-05
624	4	0	0	0	0	0	0	232	254	0	-1.99E-05	2.34E-06	-7.21E-06	-1.17E-05
624	5	0	0	0	0	0	0	232	254	0	-1.99E-05	2.34E-06	-7.21E-06	-1.17E-05
624	6	0	0	0	0	0	0	232	254	0	-1.86E-05	2.00E-06	-7.10E-06	-1.04E-05
624	7	0	0	0	0	0	0	232	254	0	-1.90E-05	1.19E-06	-9.61E-06	-1.05E-05
624	8	0	0	0	0	0	0	232	254	0	-1.90E-05	1.19E-06	-9.61E-06	-1.05E-05
624	9	0	0	0	0	0	0	232	254	0	-1.90E-05	1.87E-06	-1.16E-05	-9.20E-06
624	10	0	0	0	0	0	0	232	254	0	-1.90E-05	1.87E-06	-1.16E-05	-9.20E-06
624	11	0	0	0	0	0	0	232	254	0	-2.04E-05	3.05E-06	-1.43E-05	-7.44E-06
624	12	0	0	0	0	0	0	232	254	0	-2.04E-05	3.05E-06	-1.43E-05	-7.44E-06
624	13	0	0	0	0	0	0	232	254	0	-2.24E-05	4.36E-06	-1.42E-05	-1.92E-06
624	14	0	0	0	0	0	0	232	254	0	-2.24E-05	4.36E-06	-1.42E-05	-1.92E-06
624	15	0	0	0	0	0	0	232	254	0	-2.44E-05	4.20E-06	-1.22E-05	2.19E-06
624	16	0	0	0	0	0	0	232	254	0	-2.57E-05	4.37E-06	-9.64E-06	-1.33E-05
624	17	0	0	0	0	0	0	232	254	0	-2.57E-05	4.37E-06	-9.64E-06	-1.33E-05
624	18	0	0	0	0	0	0	232	254	0	-2.53E-05	4.54E-06	-5.17E-06	-2.31E-05
624	19	0	0	0	0	0	0	232	254	0	-2.53E-05	4.54E-06	-5.17E-06	-2.31E-05
625	0	0	0	0	0	0	0	232	254	0	-2.50E-05	4.86E-06	-3.91E-06	-1.41E-05
625	1	0	0	0	0	0	0	232	254	0	-2.50E-05	4.86E-06	-3.91E-06	-1.41E-05
625	2	0	0	0	0	0	0	232	254	0	-2.31E-05	4.50E-06	-6.41E-06	-2.03E-05
625	3	0	0	0	0	0	0	232	254	0	-2.31E-05	4.50E-06	-6.41E-06	-2.03E-05
625	4	0	0	0	0	0	0	232	254	0	-2.13E-05	3.02E-06	-7.92E-06	-1.91E-05
625	5	0	0	0	0	0	0	232	254	0	-2.07E-05	3.03E-06	-9.59E-06	-8.46E-06
625	6	0	0	0	0	0	0	232	254	0	-2.07E-05	3.03E-06	-9.59E-06	-8.46E-06
625	7	0	0	0	0	0	0	232	254	0	-2.17E-05	3.53E-06	-1.04E-05	-3.98E-06
625	8	0	0	0	0	0	0	232	254	0	-2.17E-05	3.53E-06	-1.04E-05	-3.98E-06
625	9	0	0	0	0	0	0	232	254	0	-2.36E-05	3.84E-06	-8.15E-06	-9.95E-06
625	10	0	0	0	0	0	0	232	254	0	-2.36E-05	3.84E-06	-8.15E-06	-9.95E-06
625	11	0	0	0	0	0	0	232	254	0	-2.11E-05	2.85E-06	-4.50E-06	-1.99E-05
625	12	0	0	0	0	0	0	232	254	0	-2.11E-05	2.85E-06	-4.50E-06	-1.99E-05
625	13	0	0	0	0	0	0	232	254	0	-1.69E-05	2.55E-06	-3.27E-06	-2.29E-05
625	14	0	0	0	0	0	0	232	254	0	-1.55E-05	3.89E-06	-7.30E-06	-8.63E-06
625	15	0	0	0	0	0	0	232	254	0	-1.55E-05	3.89E-06	-7.30E-06	-8.63E-06
625	16	0	0	0	0	0	0	232	254	0	-9.30E-06	5.22E-06	-1.09E-05	-4.32E-06
625	17	0	0	0	0	0	0	232	254	0	-9.30E-06	5.22E-06	-1.09E-05	-4.32E-06
625	18	0	0	0	0	0	0	232	254	0	-1.27E-05	5.91E-06	-8.25E-06	-9.97E-06
625	19	0	0	0	0	0	0	232	254	0	-1.27E-05	5.91E-06	-8.25E-06	-9.97E-06
626	0	0	0	0	0	0	0	232	254	0	-1.94E-05	7.73E-06	-9.57E-06	-1.32E-05
626	1	0	0	0	0	0	0	232	254	0	-1.94E-05	7.73E-06	-9.57E-06	-1.32E-05
626	2	0	0	0	0	0	0	232	254	0	-2.23E-05	8.21E-06	-9.55E-06	-1.63E-05
626	3	0	0	0	0	0	0	232	254	0	-2.00E-05	7.67E-06	-8.87E-06	-1.71E-05
626	4	0	0	0	0	0	0	232	254	0	-2.00E-05	7.67E-06	-8.87E-06	-1.71E-05
626	5	0	0	0	0	0	0	232	254	0	-2.07E-05	5.52E-06	-7.89E-06	-1.46E-05
626	6	0	0	0	0	0	0	232	254	0	-2.07E-05	5.52E-06	-7.89E-06	-1.46E-05
626	7	0	0	0	0	0	0	232	254	0	-2.16E-05	4.52E-06	-7.93E-06	-1.29E-05
626	8	0	0	0	0	0	0	232	254	0	-2.16E-05	4.52E-06	-7.93E-06	-1.29E-05
626	9	0	0	0	0	0	0	232	254	0	-1.99E-05	4.20E-06	-9.79E-06	-1.22E-05
626	10	0	0	0	0	0	0	232	254	0	-1.99E-05	4.20E-06	-9.79E-06	-1.22E-05
626	11	0	0	0	0	0	0	232	254	0	-1.80E-05	4.20E-06	-1.25E-05	-9.27E-06
626	12	0	0	0	0	0	0	232	254	0	-2.04E-05	4.38E-06	-1.56E-05	-1.09E-05
626	13	0	0	0	0	0	0	232	254	0	-2.04E-05	4.38E-06	-1.56E-05	-1.09E-05
626	14	0	0	0	0	0	0	232	254	0	-2.35E-05	5.20E-06	-1.48E-05	-1.10E-05
626	15	0	0	0	0	0	0	232	254	0	-2.35E-05	5.20E-06	-1.48E-05	-1.10E-05
626	16	0	0	0	0	0	0	232	254	0	-2.25E-05	5.20E-06	-1.05E-05	-3.08E-05
626	17	0	0	0	0	0	0	232	254	0	-2.25E-05	5.20E-06	-1.05E-05	-3.08E-05
626	18	0	0	0	0	0	0	232	254	0	-2.13E-05	5.21E-06	-4.78E-06	-4.82E-05
626	19	0	0	0	0	0	0	232	254	0	-2.13E-05	5.21E-06	-4.78E-06	-4.82E-05
627	0	0	0	0	0	0	0	232	254	0	-2.15E-05	5.54E-06	-8.82E-07	-2.72E-05
627	1	0	0	0	0	0	0	232	254	0	-2.27E-05	5.69E-06	-2.92E-06	-2.14E-06
627	2	0	0	0	0	0	0	232	254	0	-2.27E-05	5.69E-06	-2.92E-06	-2.14E-06
627	3	0	0	0	0	0	0	232	254	0	-2.30E-05	5.00E-06	-6.25E-06	-3.25E-07
627	4	0	0	0	0	0	0	232	254	0	-2.30E-05	5.00E-06	-6.25E-06	-3.25E-07
627	5	0	0	0	0	0	0	232	254	0	-2.30E-05	3.21E-06	-8.26E-06	-7.48E-06
627	6	0	0	0	0	0	0	232	254	0	-2.30E-05	3.21E-06	-8.26E-06	-7.48E-06
627	7	0	0	0	0	0	0	232	254	0	-2.32E-05	4.22E-06	-9.76E-06	-4.19E-06
627	8	0	0	0	0	0	0	232	254	0	-2.32E-05	4.22E-06	-9.76E-06	-4.19E-06
627	9	0	0	0	0	0	0	232	254	0	-2.30E-05	5.32E-06	-1.09E-05	-4.01E-06
627	10	0	0	0	0	0	0	232	254	0	-2.32E-05	3.06E-06	-9.07E-06	-1.11E-05
627	11	0	0	0	0	0	0	232	254	0	-2.32E-05	3.06E-06	-9.07E-06	-1.11E-05
627	12	0	0	0	0	0	0	232	254	0	-2.37E-05	4.72E-06	-9.57E-06	-1.39E-05
627	13	0	0	0	0	0	0	232	254	0	-2.37E-05	4.72E-06	-9.57E-06	-1.39E-05
627	14	0	0	0	0	0	0	232	254	0	-2.43E-05	5.87E-06	-9.92E-06	-1.14E-05
627	15	0	0	0	0	0	0	232	254	0	-2.43E-05	5.87E-06	-9.92E-06	-1.14E-05
627	16	0	0	0	0	0	0	232	254	0	-2.26E-05	5.87E-06	-1.09E-05	-8.75E-06
627	17	0	0	0	0	0	0	232	254	0	-2.26E-05	5.87E-06	-1.09E-05	-8.75E-06
627	18	0	0	0	0	0	0	232	254	0	-2.18E-05	5.52E-06	-1.09E-05	-9.66E-06
627	19	0	0	0	0	0	0	232	254	0	-2.17E-05	4.83E-06	-1.03E-05	-1.38E-05
628	0	0	0	0	0	0	0	232	254	0	-2.17E-05	4.83E-06	-1.03E-05	-1.38E-05
628	1	0	0	0	0	0	0	232	254	0	-2.16E-05	3.02E-06	-1.15E-05	-8.46E-06
628	2	0	0	0	0	0	0	232	254	0	-2.16E-05	3.02E-06	-1.15E-05	-8.46E-06
628	3	0	0	0	0	0	0	232	254	0	-2.00E-05	3.05E-06	-9.66E-06	-4.01E-06
628	4	0	0	0	0	0	0	232	254	0	-2.00E-05	3.05E-06	-9.66E-06	-4.01E-06
628	5	0	0	0	0	0	0	232	254	0	-2.05E-05	4.34E-06	-6.23E-06	-1.12E-05
628	6	0	0	0	0	0	0	232	254	0	-2.05E-05	4.34E-06	-6.23E-06	-1.12E-05
628	7	0	0	0	0	0	0	232	254	0	-2.13E-05	3.17E-06	-7.24E-06	-1.75E-05
628	8	0	0	0	0	0	0	232	254	0	-2.10E-05	2.52E-06	-8.42E-06	-1.26E-05
628	9	0	0	0	0	0	0	232	254	0	-2.10E-05	2.52E-06	-8.42E-06	-1.26E-05
628	10	0	0	0	0	0	0	232	254	0	-2.11E-05	2.52E-06	-9.57E-06	-1.32E-05
628	11	0	0	0	0	0	0	232	254	0	-2.11E-05	2.52E-06	-9.57E-06	-1.32E-05
628	12	0	0	0	0	0	0	232	254	0	-2.10E-05	2.88E-06	-9.60E-06	-1.25E-05
628	13	0	0	0	0	0	0	232	254	0	-2.10E-05	2.88E-06	-9.60E-06	-1.25E-05
628	14	0	0	0	0	0	0	232	254	0	-2.17E-05	4.24E-06	-1.11E-05	-8.91E-06
628	15	0	0	0	0	0	0	232	254	0	-2.17E-05	4.24E-06	-1.11E-05	-8.91E-06
628	16	0	0	0	0	0	0	232	254	0	-2.40E-05	6.38E-06	-1.26E-05	-9.55E-06
628	17	0	0	0	0	0	0	232	254	0	-2.26E-05	6.53E-06	-1.09E-05	-9.07E-06
628	18	0	0	0	0	0	0	232	254	0	-2.26E-05	6.53E-06	-1.09E-05	-9.07E-06
628	19	0	0	0	0	0	0	232	254	0	-2.18E-05	5.88E-06	-9.19E-06	-1.73E-05
629	0	0	0	0	0	0	0	232	254	0	-2.18E-05	5.88E-06	-9.19E-06	-1.73E-05
629	1	0	0	0	0	0	0	232	254	0	-2.10E-05	6.07E-06	-7.20E-06	-2.38E-05
629	2	0	0	0	0	0	0	232	254	0	-2.10E-05	6.07E-06	-7.20E-06	-2.38E-05
629	3	0	0	0	0	0	0	232	254	0	-2.03E-05	7.23E-06	-6.26E-06	-1.38E-05
629	4	0	0	0	0	0	0	232	254	0	-2.03E-05	7.23E-06	-6.26E-06	-1.38E-05
629	5	0	0	0	0	0	0	232	254	0	-2.08E-05	7.86E-06	-8.57E-06	-8.27E-06
629	6	0	0	0	0	0	0	232	254	0	-2.00E-05	6.52E-06	-8.92E-06	-1.04E-05
629	7	0	0	0	0	0	0	232	254	0	-2.00E-05	6.52E-06	-8.92E-06	-1.04E-05
629	8	0	0	0	0	0	0	232	254	0	-2.07E-05	5.53E-06	-9.93E-06	-1.09E-05
629	9	0	0	0	0	0	0	232	254	0	-2.07E-05	5.53E-06	-9.93E-06	-1.09E-05
629	10	0	0	0	0	0	0	232	254	0	-2.20E-05	5.19E-06	-1.12E-05	-1.26E-05
629	11	0	0	0	0	0	0	232	254	0	-2.20E-05	5.19E-06	-1.12E-05	-1.26E-05
629	12	0	0	0	0	0	0	232	254	0	-2.22E-05	4.70E-06	-1.08E-05	-1.43E-05
629	13	0	0	0	0	0	0	232	254	0	-2.22E-05	4.70E-06	-1.08E-05	-1.43E-05
629	14	0	0	0	0	0	0	232	254	0	-2.30E-05	4.87E-06	-7.24E-06	-1.52E-05
629	15	0	0	0	0	0	0	232	254	0	-2.43E-05	5.23E-06	-8.22E-06	-1.39E-05
629	16	0	0	0	0	0	0	232	254	0	-2.43E-05	5.23E-06	-8.22E-06	-1.39E-05
629	17	0	0	0	0	0	0	232	254	0	-2.37E-05	6.53E-06	-8.29E-06	-1.36E-05
629	18	0	0	0	0	0	0	232	254	0	-2.37E-05	6.53E-06	-8.29E-06	-1.36E-05
629	19	0	0	0	0	0	0	232	254	0	-2.43E-05	5.86E-06	-1.13E-05	-1.31E-05
630	0	0	0	0	0	0	0	232	254	0	-2.43E-05	5.86E-06	-1.13E-05	-1.31E-05
630	1	0	0	0	0	0	0	232	254	0	-2.28E-05	5.02E-06	-1.20E-05	-7.80E-06
630	2	0	0	0	0	0	0	232	254	0	-2.28E-05	5.02E-06	-1.20E-05	-7.80E-06
630	3	0	0	0	0	0	0	232	254	0	-2.26E-05	4.20E-06	-1.46E-05	-3.70E-06
630	4	0	0	0	0	0	0	232	254	0	-2.16E-05	4.54E-06	-1.38E-05	-1.20E-05
630	5	0	0	0	0	0	0	232	254	0	-2.16E-05	4.54E-06	-1.38E-05	-1.20E-05
630	6	0	0	0	0	0	0	232	254	0	-2.00E-05	4.87E-06	-7.10E-06	-3.16E-05
630	7	0	0	0	0	0	0	232	254	0	-2.00E-05	4.87E-06	-7.10E-06	-3.16E-05
630	8	0	0	0	0	0	0	232	254	0	-2.00E-05	5.20E-06	-1.70E-06	-2.57E-05
630	9	0	0	0	0	0	0	232	254	0	-2.00E-05	5.20E-06	-1.70E-06	-2.57E-05
630	10	0	0	0	0	0	0	232	254	0	-1.96E-05	5.16E-06	-2.58E-06	-1.95E-05
630	11	0	0	0	0	0	0	232	254	0	-1.96E-05	5.16E-06	-2.58E-06	-1.95E-05
630	12	0	0	0	0	0	0	232	254	0	-1.83E-05	3.19E-06	-5.54E-06	-1.42E-05
630	13	0	0	0	0	0	0	232	254	0	-1.70E-05	3.23E-06	-5.57E-06	-9.60E-06
630	14	0	0	0	0	0	0	232	254	0	-1.70E-05	3.23E-06	-5.57E-06	-9.60E-06
630	15	0	0	0	0	0	0	232	254	0	-1.76E-05	5.04E-06	-7.25E-06	-1.09E-05
630	16	0	0	0	0	0	0	232	254	0	-1.76E-05	5.04E-06	-7.25E-06	-1.09E-05
630	17	0	0	0	0	0	0	232	254	0	-1.84E-05	5.21E-06	-8.91E-06	-8.90E-06
630	18	0	0	0	0	0	0	232	254	0	-1.84E-05	5.21E-06	-8.91E-06	-8.90E-06
630	19	0	0	0	0	0	0	232	254	0	-2.10E-05	5.58E-06	-9.58E-06	-8.88E-06
631	0	0	0	0	0	0	0	232	254	0	-2.10E-05	5.58E-06	-9.58E-06	-8.88E-06
631	1	0	0	0	0	0	0	232	254	0	-2.20E-05	7.55E-06	-1.02E-05	-8.21E-06
631	2	0	0	0	0	0	0	232	254	0	-2.14E-05	7.20E-06	-9.22E-06	-7.53E-06
631	3	0	0	0	0	0	0	232	254	0	-2.14E-05	7.20E-06	-9.22E-06	-7.53E-06
631	4	0	0	0	0	0	0	232	254	0	-2.30E-05	6.22E-06	-8.88E-06	-6.53E-06
631	5	0	0	0	0	0	0	232	254	0	-2.30E-05	6.22E-06	-8.88E-06	-6.53E-06
631	6	0	0	0	0	0	0	232	254	0	-2.22E-05	6.54E-06	-8.24E-06	-5.90E-06
631	7	0	0	0	0	0	0	232	254	0	-2.22E-05	6.54E-06	-8.24E-06	-5.90E-06
631	8	0	0	0	0	0	0	232	254	0	-2.27E-05	6.02E-06	-8.92E-06	-6.92E-06
631	9	0	0	0	0	0	0	232	254	0	-2.27E-05	6.02E-06	-8.92E-06	-6.92E-06
631	10	0	0	0	0	0	0	232	254	0	-2.33E-05	5.15E-06	-1.03E-05	-8.48E-06
631	11	0	0	0	0	0	0	232	254	0	-2.16E-05	2.51E-06	-1.26E-05	-4.84E-06
631	12	0	0	0	0	0	0	232	254	0	-2.16E-05	2.51E-06	-1.26E-05	-4.84E-06
631	13	0	0	0	0	0	0	232	254	0	-1.90E-05	2.20E-06	-1.29E-05	-3.32E-06
631	14	0	0	0	0	0	0	232	254	0	-1.90E-05	2.20E-06	-1.29E-05	-3.32E-06
631	15	0	0	0	0	0	0	232	254	0	-1.90E-05	3.02E-06	-1.34E-05	-1.74E-06
631	16	0	0	0	0	0	0	232	254	0	-1.90E-05	3.02E-06	-1.34E-05	-1.74E-06
631	17	0	0	0	0	0	0	232	254	0	-2.08E-05	2.83E-06	-1.13E-05	-1.25E-05
631	18	0	0	0	0	0	0	232	254	0	-2.08E-05	2.83E-06	-1.13E-05	-1.25E-05
631	19	0	0	0	0	0	0	232	254	0	-2.06E-05	1.82E-06	-7.51E-06	-2.19E-05
632	0	0	0	0	0	0	0	232	254	0	-2.05E-05	8.75E-07	-5.79E-06	-1.93E-05
632	1	0	0	0	0	0	0	232	254	0	-2.05E-05	8.75E-07	-5.79E-06	-1.93E-05
632	2	0	0	0	0	0	0	232	254	0	-2.20E-05	2.54E-06	-9.79E-06	-1.75E-05
632	3	0	0	0	0	0	0	232	254	0	-2.20E-05	2.54E-06	-9.79E-06	-1.75E-05
632	4	0	0	0	0	0	0	232	254	0	-2.23E-05	3.70E-06	-1.23E-05	-1.04E-05
632	5	0	0	0	0	0	0	232	254	0	-2.23E-05	3.70E-06	-1.23E-05	-1.04E-05
632	6	0	0	0	0	0	0	232	254	0	-2.13E-05	3.86E-06	-1.23E-05	-2.65E-06
632	7	0	0	0	0	0	0	232	254	0	-2.13E-05	3.86E-06	-1.23E-05	-2.65E-06
632	8	0	0	0	0	0	0	232	254	0	-1.96E-05	3.86E-06	-1.32E-05	6.42E-06
632	9	0	0	0	0	0	0	232	254	0	-1.85E-05	3.86E-06	-1.25E-05	-6.86E-08
632	10	0	0	0	0	0	0	232	254	0	-1.85E-05	3.86E-06	-1.25E-05	-6.86E-08
632	11	0	0	0	0	0	0	232	254	0	-2.09E-05	3.84E-06	-8.97E-06	-2.63E-05
632	12	0	0	0	0	0	0	232	254	0	-2.09E-05	3.84E-06	-8.97E-06	-2.63E-05
632	13	0	0	0	0	0	0	232	254	0	-2.37E-05	3.03E-06	-4.52E-06	-4.03E-05
632	14	0	0	0	0	0	0	232	254	0	-2.37E-05	3.03E-06	-4.52E-06	-4.03E-05
632	15	0	0	0	0	0	0	232	254	0	-2.43E-05	3.51E-06	-4.23E-06	-1.87E-05
632	16	0	0	0	0	0	0	232	254	0	-2.43E-05	3.51E-06	-4.23E-06	-1.87E-05
632	17	0	0	0	0	0	0	232	254	0	-2.46E-05	3.04E-06	-5.72E-06	-5.01E-06
632	18	0	0	0	0	0	0	232	254	0	-2.26E-05	3.69E-06	-6.22E-06	-1.15E-05
632	19	0	0	0	0	0	0	232	254	0	-2.26E-05	3.69E-06	-6.22E-06	-1.15E-05
633	0	0	0	0	0	0	0	232	254	0	-2.13E-05	3.70E-06	-6.91E-06	-1.42E-05
633	1	0	0	0	0	0	0	232	254	0	-2.13E-05	3.70E-06	-6.91E-06	-1.42E-05
633	2	0	0	0	0	0	0	232	254	0	-2.23E-05	3.91E-06	-8.18E-06	-1.96E-05
633	3	0	0	0	0	0	0	232	254	0	-2.23E-05	3.91E-06	-8.18E-06	-1.96E-05
633	4	0	0	0	0	0	0	232	254	0	-2.10E-05	6.02E-06	-6.40E-06	-1.76E-05
633	5	0	0	0	0	0	0	232	254	0	-2.10E-05	6.02E-06	-6.40E-06	-1.76E-05
633	6	0	0	0	0	0	0	232	254	0	-2.03E-05	5.22E-06	-7.28E-06	-1.59E-05
633	7	0	0	0	0	0	0	232	254	0	-2.07E-05	5.85E-06	-9.88E-06	-1.35E-05
633	8	0	0	0	0	0	0	232	254	0	-2.07E-05	5.85E-06	-9.88E-06	-1.35E-05
633	9	0	0	0	0	0	0	232	254	0	-2.22E-05	4.67E-06	-8.88E-06	-7.64E-06
633	10	0	0	0	0	0	0	232	254	0	-2.22E-05	4.67E-06	-8.88E-06	-7.64E-06
633	11	0	0	0	0	0	0	232	254	0	-2.30E-05	3.20E-06	-8.24E-06	-1.17E-05
633	12	0	0	0	0	0	0	232	254	0	-2.30E-05	3.20E-06	-8.24E-06	-1.17E-05
633	13	0	0	0	0	0	0	232	254	0	-2.25E-05	3.54E-06	-9.05E-06	-1.49E-05
633	14	0	0	0	0	0	0	232	254	0	-2.25E-05	3.54E-06	-9.05E-06	-1.49E-05
633	15	0	0	0	0	0	0	232	254	0	-2.30E-05	4.16E-06	-8.24E-06	-1.36E-05
633	16	0	0	0	0	0	0	232	254	0	-2.16E-05	2.55E-06	-8.90E-06	-6.94E-06
633	17	0	0	0	0	0	0	232	254	0	-2.16E-05	2.55E-06	-8.90E-06	-6.94E-06
633	18	0	0	0	0	0	0	232	254	0	-2.00E-05	4.21E-06	-9.08E-06	-2.31E-06
633	19	0	0	0	0	0	0	232	254	0	-2.00E-05	4.21E-06	-9.08E-06	-2.31E-06
634	0	0	0	0	0	0	0	232	254	0	-2.00E-05	4.86E-06	-9.87E-06	-8.07E-06
634	1	0	0	0	0	0	0	232	254	0	-2.00E-05	4.86E-06	-9.87E-06	-8.07E-06
634	2	0	0	0	0	0	0	232	254	0	-2.13E-05	4.52E-06	-8.55E-06	-1.61E-05
634	3	0	0	0	0	0	0	232	254	0	-2.13E-05	4.52E-06	-8.55E-06	-1.61E-05
634	4	0	0	0	0	0	0	232	254	0	-2.07E-05	4.20E-06	-7.91E-06	-1.43E-05
634	5	0	0	0	0	0	0	232	254	0	-2.11E-05	4.37E-06	-8.75E-06	-1.02E-05
634	6	0	0	0	0	0	0	232	254	0	-2.11E-05	4.37E-06	-8.75E-06	-1.02E-05
634	7	0	0	0	0	0	0	232	254	0	-2.11E-05	4.86E-06	-9.60E-06	-8.78E-06
634	8	0	0	0	0	0	0	232	254	0	-2.11E-05	4.86E-06	-9.60E-06	-8.78E-06
634	9	0	0	0	0	0	0	232	254	0	-2.03E-05	4.53E-06	-1.11E-05	-1.10E-05
634	10	0	0	0	0	0	0	232	254	0	-2.03E-05	4.53E-06	-1.11E-05	-1.10E-05
634	11	0	0	0	0	0	0	232	254	0	-2.17E-05	4.53E-06	-1.14E-05	-1.63E-05
634	12	0	0	0	0	0	0	232	254	0	-2.17E-05	4.53E-06	-1.14E-05	-1.63E-05
634	13	0	0	0	0	0	0	232	254	0	-2.25E-05	4.54E-06	-9.22E-06	-1.89E-05
634	14	0	0	0	0	0	0	232	254	0	-2.30E-05	4.87E-06	-8.93E-06	-1.64E-05
634	15	0	0	0	0	0	0	232	254	0	-2.30E-05	4.87E-06	-8.93E-06	-1.64E-05
634	16	0	0	0	0	0	0	232	254	0	-2.18E-05	4.87E-06	-1.05E-05	-1.51E-05
634	17	0	0	0	0	0	0	232	254	0	-2.18E-05	4.87E-06	-1.05E-05	-1.51E-05
634	18	0	0	0	0	0	0	232	254	0	-2.20E-05	4.86E-06	-1.30E-05	-6.65E-06
634	19	0	0	0	0	0	0	232	254	0	-2.20E-05	4.86E-06	-1.30E-05	-6.65E-06
635	0	0	0	0	0	0	0	232	254	0	-2.30E-05	4.68E-06	-1.43E-05	-3.76E-06
635	1	0	0	0	0	0	0	232	254	0	-2.30E-05	4.68E-06	-1.43E-05	-3.76E-06
635	2	0	0	0	0	0	0	232	254	0	-2.30E-05	3.88E-06	-1.36E-05	-7.03E-06
635	3	0	0	0	0	0	0	232	254	0	-2.30E-05	4.57E-06	-1.22E-05	-1.38E-05
635	4	0	0	0	0	0	0	232	254	0	-2.30E-05	4.57E-06	-1.22E-05	-1.38E-05
635	5	0	0	0	0	0	0	232	254	0	-2.17E-05	6.22E-06	-1.02E-05	-2.13E-05
635	6	0	0	0	0	0	0	232	254	0	-2.17E-05	6.22E-06	-1.02E-05	-2.13E-05
635	7	0	0	0	0	0	0	232	254	0	-2.18E-05	6.54E-06	-6.72E-06	-1.82E-05
635	8	0	0	0	0	0	0	232	254	0	-2.18E-05	6.54E-06	-6.72E-06	-1.82E-05
635	9	0	0	0	0	0	0	232	254	0	-2.18E-05	6.19E-06	-6.92E-06	-1.53E-05
635	10	0	0	0	0	0	0	232	254	0	-2.18E-05	6.19E-06	-6.92E-06	-1.53E-05
635	11	0	0	0	0	0	0	232	254	0	-2.10E-05	5.19E-06	-8.76E-06	-1.54E-05
635	12	0	0	0	0	0	0	232	254	0	-2.03E-05	4.38E-06	-1.03E-05	-1.19E-05
635	13	0	0	0	0	0	0	232	254	0	-2.03E-05	4.38E-06	-1.03E-05	-1.19E-05
635	14	0	0	0	0	0	0	232	254	0	-1.96E-05	5.04E-06	-1.18E-05	-9.35E-06
635	15	0	0	0	0	0	0	232	254	0	-1.96E-05	5.04E-06	-1.18E-05	-9.35E-06
635	16	0	0	0	0	0	0	232	254	0	-1.97E-05	5.21E-06	-1.19E-05	-1.50E-05
635	17	0	0	0	0	0	0	232	254	0	-1.97E-05	5.21E-06	-1.19E-05	-1.50E-05
635	18	0	0	0	0	0	0	232	254	0	-2.03E-05	5.55E-06	-1.15E-05	-1.60E-05
635	19	0	0	0	0	0	0	232	254	0	-2.03E-05	5.55E-06	-1.15E-05	-1.60E-05
636	0	0	0	0	0	0	0	232	254	0	-2.05E-05	6.00E-06	-8.85E-06	-4.95E-06
636	1	0	0	0	0	0	0	232	254	0	-1.96E-05	3.86E-06	-6.87E-06	-1.16E-06
636	2	0	0	0	0	0	0	232	254	0	-1.96E-05	3.86E-06	-6.87E-06	-1.16E-06
636	3	0	0	0	0	0	0	232	254	0	-1.97E-05	3.90E-06	-6.17E-06	-8.17E-06
636	4	0	0	0	0	0	0	232	254	0	-1.97E-05	3.90E-06	-6.17E-06	-8.17E-06
636	5	0	0	0	0	0	0	232	254	0	-2.08E-05	5.55E-06	-4.53E-06	-2.12E-05
636	6	0	0	0	0	0	0	232	254	0	-2.08E-05	5.55E-06	-4.53E-06	-2.12E-05
636	7	0	0	0	0	0	0	232	254	0	-2.24E-05	6.21E-06	-4.62E-06	-2.45E-05
636	8	0	0	0	0	0	0	232	254	0	-2.24E-05	6.21E-06	-4.62E-06	-2.45E-05
636	9	0	0	0	0	0	0	232	254	0	-2.43E-05	6.38E-06	-8.76E-06	-2.22E-05
636	10	0	0	0	0	0	0	232	254	0	-2.30E-05	6.52E-06	-1.02E-05	-1.87E-05
636	11	0	0	0	0	0	0	232	254	0	-2.30E-05	6.52E-06	-1.02E-05	-1.87E-05
636	12	0	0	0	0	0	0	232	254	0	-2.09E-05	5.54E-06	-9.19E-06	-2.32E-05
636	13	0	0	0	0	0	0	232	254	0	-2.09E-05	5.54E-06	-9.19E-06	-2.32E-05
636	14	0	0	0	0	0	0	232	254	0	-1.88E-05	5.54E-06	-7.22E-06	-1.67E-05
636	15	0	0	0	0	0	0	232	254	0	-1.88E-05	5.54E-06	-7.22E-06	-1.67E-05
636	16	0	0	0	0	0	0	232	254	0	-1.92E-05	5.72E-06	-7.25E-06	-7.02E-06
636	17	0	0	0	0	0	0	232	254	0	-1.92E-05	5.72E-06	-7.25E-06	-7.02E-06
636	18	0	0	0	0	0	0	232	254	0	-2.03E-05	6.21E-06	-8.59E-06	-5.80E-06
636	19	0	0	0	0	0	0	232	254	0	-2.00E-05	6.23E-06	-9.72E-06	-2.35E-06
637	0	0	0	0	0	0	0	232	254	0	-2.00E-05	6.23E-06	-9.72E-06	-2.35E-06
637	1	0	0	0	0	0	0	232	254	0	-2.11E-05	7.20E-06	-8.87E-06	-2.54E-06
637	2	0	0	0	0	0	0	232	254	0	-2.11E-05	7.20E-06	-8.87E-06	-2.54E-06
637	3	0	0	0	0	0	0	232	254	0	-2.05E-05	6.54E-06	-7.91E-06	-1.86E-05
637	4	0	0	0	0	0	0	232	254	0	-2.05E-05	6.54E-06	-7.91E-06	-1.86E-05
637	5	0	0	0	0	0	0	232	254	0	-2.03E-05	6.21E-06	-8.70E-06	-2.38E-05
637	6	0	0	0	0	0	0	232	254	0	-2.03E-05	6.21E-06	-8.70E-06	-2.38E-05
637	7	0	0	0	0	0	0	232	254	0	-2.13E-05	6.40E-06	-7.20E-06	-2.30E-05
637	8	0	0	0	0	0	0	232	254	0	-2.10E-05	7.18E-06	-6.57E-06	-2.20E-05
637	9	0	0	0	0	0	0	232	254	0	-2.10E-05	7.18E-06	-6.57E-06	-2.20E-05
637	10	0	0	0	0	0	0	232	254	0	-2.22E-05	5.54E-06	-7.56E-06	-1.49E-05
637	11	0	0	0	0	0	0	232	254	0	-2.22E-05	5.54E-06	-7.56E-06	-1.49E-05
637	12	0	0	0	0	0	0	232	254	0	-2.33E-05	5.56E-06	-7.87E-06	-7.17E-06
637	13	0	0	0	0	0	0	232	254	0	-2.33E-05	5.56E-06	-7.87E-06	-7.17E-06
637	14	0	0	0	0	0	0	232	254	0	-2.33E-05	6.52E-06	-7.22E-06	-4.94E-06
637	15	0	0	0	0	0	0	232	254	0	-2.33E-05	6.52E-06	-7.22E-06	-4.94E-06
637	16	0	0	0	0	0	0	232	254	0	-2.17E-05	5.19E-06	-7.25E-06	-8.41E-06
637	17	0	0	0	0	0	0	232	254	0	-2.23E-05	4.71E-06	-8.57E-06	-9.23E-06
637	18	0	0	0	0	0	0	232	254	0	-2.23E-05	4.71E-06	-8.57E-06	-9.23E-06
637	19	0	0	0	0	0	0	232	254	0	-2.34E-05	5.19E-06	-9.25E-06	-9.04E-06
638	0	0	0	0	0	0	0	232	254	0	-2.34E-05	5.19E-06	-9.25E-06	-9.04E-06
638	1	0	0	0	0	0	0	232	254	0	-2.50E-05	4.55E-06	-1.03E-05	-7.90E-06
638	2	0	0	0	0	0	0	232	254	0	-2.50E-05	4.55E-06	-1.03E-05	-7.90E-06
638	3	0	0	0	0	0	0	232	254	0	-2.45E-05	5.17E-06	-1.09E-05	-8.36E-06
638	4	0	0	0	0	0	0	232	254	0	-2.45E-05	5.17E-06	-1.09E-05	-8.36E-06
638	5	0	0	0	0	0	0	232	254	0	-2.36E-05	3.55E-06	-9.58E-06	-1.46E-05
638	6	0	0	0	0	0	0	232	254	0	-2.27E-05	4.85E-06	-1.02E-05	-1.43E-05
638	7	0	0	0	0	0	0	232	254	0	-2.27E-05	4.85E-06	-1.02E-05	-1.43E-05
638	8	0	0	0	0	0	0	232	254	0	-2.26E-05	4.19E-06	-9.05E-06	-1.01E-05
638	9	0	0	0	0	0	0	232	254	0	-2.26E-05	4.19E-06	-9.05E-06	-1.01E-05
638	10	0	0	0	0	0	0	232	254	0	-2.16E-05	3.87E-06	-8.23E-06	-1.29E-05
638	11	0	0	0	0	0	0	232	254	0	-2.16E-05	3.87E-06	-8.23E-06	-1.29E-05
638	12	0	0	0	0	0	0	232	254	0	-2.10E-05	4.18E-06	-8.57E-06	-1.10E-05
638	13	0	0	0	0	0	0	232	254	0	-2.10E-05	4.18E-06	-8.57E-06	-1.10E-05
638	14	0	0	0	0	0	0	232	254	0	-2.10E-05	3.52E-06	-9.09E-06	-1.30E-05
638	15	0	0	0	0	0	0	232	254	0	-1.97E-05	3.23E-06	-1.01E-05	-1.48E-05
638	16	0	0	0	0	0	0	232	254	0	-1.97E-05	3.23E-06	-1.01E-05	-1.48E-05
638	17	0	0	0	0	0	0	232	254	0	-2.05E-05	4.85E-06	-1.06E-05	-1.06E-05
638	18	0	0	0	0	0	0	232	254	0	-2.05E-05	4.85E-06	-1.06E-05	-1.06E-05
638	19	0	0	0	0	0	0	232	254	0	-1.98E-05	3.85E-06	-1.04E-05	-1.11E-05
639	0	0	0	0	0	0	0	232	254	0	-1.98E-05	3.85E-06	-1.04E-05	-1.11E-05
639	1	0	0	0	0	0	0	232	254	0	-2.04E-05	3.19E-06	-9.89E-06	-1.16E-05
639	2	0	0	0	0	0	0	232	254	0	-2.04E-05	3.19E-06	-9.89E-06	-1.16E-05
639	3	0	0	0	0	0	0	232	254	0	-2.30E-05	3.18E-06	-9.27E-06	-1.03E-05
639	4	0	0	0	0	0	0	232	254	0	-2.43E-05	2.71E-06	-1.09E-05	-1.33E-05
639	5	0	0	0	0	0	0	232	254	0	-2.43E-05	2.71E-06	-1.09E-05	-1.33E-05
639	6	0	0	0	0	0	0	232	254	0	-2.40E-05	3.88E-06	-1.18E-05	-1.56E-05
639	7	0	0	0	0	0	0	232	254	0	-2.40E-05	3.88E-06	-1.18E-05	-1.56E-05
639	8	0	0	0	0	0	0	232	254	0	-2.40E-05	4.57E-06	-8.55E-06	-1.40E-05
639	9	0	0	0	0	0	0	232	254	0	-2.40E-05	4.57E-06	-8.55E-06	-1.40E-05
639	10	0	0	0	0	0	0	232	254	0	-2.43E-05	6.21E-06	-8.25E-06	-1.15E-05
639	11	0	0	0	0	0	0	232	254	0	-2.43E-05	6.21E-06	-8.25E-06	-1.15E-05
639	12	0	0	0	0	0	0	232	254	0	-2.31E-05	6.04E-06	-9.56E-06	-8.56E-06
639	13	0	0	0	0	0	0	232	254	0	-2.08E-05	5.85E-06	-9.06E-06	-8.59E-06
639	14	0	0	0	0	0	0	232	254	0	-2.08E-05	5.85E-06	-9.06E-06	-8.59E-06
639	15	0	0	0	0	0	0	232	254	0	-2.24E-05	4.69E-06	-8.74E-06	-1.01E-05
639	16	0	0	0	0	0	0	232	254	0	-2.24E-05	4.69E-06	-8.74E-06	-1.01E-05
639	17	0	0	0	0	0	0	232	254	0	-2.50E-05	4.40E-06	-9.40E-06	-1.14E-05
639	18	0	0	0	0	0	0	232	254	0	-2.50E-05	4.40E-06	-9.40E-06	-1.14E-05
639	19	0	0	0	0	0	0	232	254	0	-2.57E-05	5.87E-06	-9.57E-06	-1.22E-05
640	0	0	0	0	0	0	0	232	254	0	-2.57E-05	5.87E-06	-9.57E-06	-1.22E-05
640	1	0	0	0	0	0	0	232	254	0	-2.63E-05	5.54E-06	-9.56E-06	-9.24E-06
640	2	0	0	0	0	0	0	232	254	0	-2.43E-05	5.40E-06	-9.24E-06	-9.63E-06
640	3	0	0	0	0	0	0	232	254	0	-2.43E-05	5.40E-06	-9.24E-06	-9.63E-06
640	4	0	0	0	0	0	0	232	254	0	-2.20E-05	6.54E-06	-9.73E-06	-1.23E-05
640	5	0	0	0	0	0	0	232	254	0	-2.20E-05	6.54E-06	-9.73E-06	-1.23E-05
640	6	0	0	0	0	0	0	232	254	0	-2.25E-05	6.18E-06	-9.55E-06	-1.36E-05
640	7	0	0	0	0	0	0	232	254	0	-2.25E-05	6.18E-06	-9.55E-06	-1.36E-05
640	8	0	0	0	0	0	0	232	254	0	-2.16E-05	4.87E-06	-8.71E-06	-1.31E-05
640	9	0	0	0	0	0	0	232	254	0	-2.16E-05	4.87E-06	-8.71E-06	-1.31E-05
640	10	0	0	0	0	0	0	232	254	0	-1.91E-05	4.86E-06	-7.91E-06	-1.30E-05
640	11	0	0	0	0	0	0	232	254	0	-1.90E-05	4.35E-06	-8.89E-06	-1.52E-05
640	12	0	0	0	0	0	0	232	254	0	-1.90E-05	4.35E-06	-8.89E-06	-1.52E-05
640	13	0	0	0	0	0	0	232	254	0	-1.83E-05	3.48E-06	-8.57E-06	-1.22E-05
640	14	0	0	0	0	0	0	232	254	0	-1.83E-05	3.48E-06	-8.57E-06	-1.22E-05
640	15	0	0	0	0	0	0	232	254	0	-1.88E-05	1.53E-06	-9.07E-06	-1.09E-05
640	16	0	0	0	0	0	0	232	254	0	-1.88E-05	1.53E-06	-9.07E-06	-1.09E-05
640	17	0	0	0	0	0	0	232	254	0	-2.00E-05	2.40E-06	-9.56E-06	-9.94E-06
640	18	0	0	0	0	0	0	232	254	0	-2.00E-05	2.40E-06	-9.56E-06	-9.94E-06
640	19	0	0	0	0	0	0	232	254	0	-1.89E-05	4.55E-06	-9.25E-06	-1.18E-05
641	0	0	0	0	0	0	0	232	254	0	-1.76E-05	5.19E-06	-1.02E-05	-1.22E-05
641	1	0	0	0	0	0	0	232	254	0	-1.76E-05	5.19E-06	-1.02E-05	-1.22E-05
641	2	0	0	0	0	0	0	232	254	0	-1.76E-05	4.50E-06	-9.91E-06	-1.16E-05
641	3	0	0	0	0	0	0	232	254	0	-1.76E-05	4.50E-06	-9.91E-06	-1.16E-05
641	4	0	0	0	0	0	0	232	254	0	-1.79E-05	3.21E-06	-1.04E-05	-1.45E-05
641	5	0	0	0	0	0	0	232	254	0	-1.79E-05	3.21E-06	-1.04E-05	-1.45E-05
641	6	0	0	0	0	0	0	232	254	0	-1.64E-05	4.38E-06	-9.74E-06	-1.95E-05
641	7	0	0	0	0	0	0	232	254	0	-1.64E-05	4.38E-06	-9.74E-06	-1.95E-05
641	8	0	0	0	0	0	0	232	254	0	-1.53E-05	4.87E-06	-1.01E-05	-1.34E-05
641	9	0	0	0	0	0	0	232	254	0	-1.53E-05	5.19E-06	-9.87E-06	-6.97E-06
641	10	0	0	0	0	0	0	232	254	0	-1.53E-05	5.19E-06	-9.87E-06	-6.97E-06
641	11	0	0	0	0	0	0	232	254	0	-1.76E-05	4.52E-06	-8.22E-06	-1.10E-05
641	12	0	0	0	0	0	0	232	254	0	-1.76E-05	4.52E-06	-8.22E-06	-1.10E-05
641	13	0	0	0	0	0	0	232	254	0	-1.69E-05	3.92E-06	-7.88E-06	-1.44E-05
641	14	0	0	0	0	0	0	232	254	0	-1.69E-05	3.92E-06	-7.88E-06	-1.44E-05
641	15	0	0	0	0	0	0	232	254	0	-1.63E-05	6.39E-06	-7.56E-06	-1.82E-05
641	16	0	0	0	0	0	0	232	254	0	-1.63E-05	6.39E-06	-7.56E-06	-1.82E-05
641	17	0	0	0	0	0	0	232	254	0	-1.73E-05	7.04E-06	-7.74E-06	-1.58E-05
641	18	0	0	0	0	0	0	232	254	0	-1.77E-05	6.52E-06	-8.55E-06	-1.01E-05
641	19	0	0	0	0	0	0	232	254	0	-1.77E-05	6.52E-06	-8.55E-06	-1.01E-05
642	0	0	0	0	0	0	0	232	254	0	-1.88E-05	5.49E-06	-8.05E-06	-1.15E-05
642	1	0	0	0	0	0	0	232	254	0	-1.88E-05	5.49E-06	-8.05E-06	-1.15E-05
642	2	0	0	0	0	0	0	232	254	0	-2.07E-05	3.20E-06	-7.57E-06	-1.49E-05
642	3	0	0	0	0	0	0	232	254	0	-2.07E-05	3.20E-06	-7.57E-06	-1.49E-05
642	4	0	0	0	0	0	0	232	254	0	-2.12E-05	3.52E-06	-8.25E-06	-1.48E-05
642	5	0	0	0	0	0	0	232	254	0	-2.12E-05	3.52E-06	-8.25E-06	-1.48E-05
642	6	0	0	0	0	0	0	232	254	0	-2.20E-05	3.35E-06	-9.56E-06	-1.03E-05
642	7	0	0	0	0	0	0	232	254	0	-2.30E-05	2.88E-06	-9.40E-06	-7.39E-06
642	8	0	0	0	0	0	0	232	254	0	-2.30E-05	2.88E-06	-9.40E-06	-7.39E-06
642	9	0	0	0	0	0	0	232	254	0	-2.24E-05	3.85E-06	-9.54E-06	-7.75E-06
642	10	0	0	0	0	0	0	232	254	0	-2.24E-05	3.85E-06	-9.54E-06	-7.75E-06
642	11	0	0	0	0	0	0	232	254	0	-2.03E-05	3.20E-06	-8.34E-06	-1.66E-05
642	12	0	0	0	0	0	0	232	254	0	-2.03E-05	3.20E-06	-8.34E-06	-1.66E-05
642	13	0	0	0	0	0	0	232	254	0	-1.89E-05	3.72E-06	-6.23E-06	-1.62E-05
642	14	0	0	0	0	0	0	232	254	0	-1.89E-05	3.72E-06	-6.23E-06	-1.62E-05
642	15	0	0	0	0	0	0	232	254	0	-1.81E-05	5.08E-06	-7.09E-06	-1.05E-05
642	16	0	0	0	0	0	0	232	254	0	-1.76E-05	6.89E-06	-8.94E-06	-7.63E-06
642	17	0	0	0	0	0	0	232	254	0	-1.76E-05	6.89E-06	-8.94E-06	-7.63E-06
642	18	0	0	0	0	0	0	232	254	0	-1.83E-05	7.03E-06	-1.09E-05	-1.11E-05
642	19	0	0	0	0	0	0	232	254	0	-1.83E-05	7.03E-06	-1.09E-05	-1.11E-05
643	0	0	0	0	0	0	0	232	254	0	-1.90E-05	6.35E-06	-1.00E-05	-1.90E-05
643	1	0	0	0	0	0	0	232	254	0	-1.90E-05	6.35E-06	-1.00E-05	-1.90E-05
643	2	0	0	0	0	0	0	232	254	0	-1.83E-05	4.89E-06	-8.89E-06	-2.09E-05
643	3	0	0	0	0	0	0	232	254	0	-1.83E-05	4.89E-06	-8.89E-06	-2.09E-05
643	4	0	0	0	0	0	0	232	254	0	-1.76E-05	5.91E-06	-8.54E-06	-1.68E-05
643	5	0	0	0	0	0	0	232	254	0	-1.80E-05	7.51E-06	-7.74E-06	-9.88E-06
643	6	0	0	0	0	0	0	232	254	0	-1.80E-05	7.51E-06	-7.74E-06	-9.88E-06
643	7	0	0	0	0	0	0	232	254	0	-1.97E-05	5.52E-06	-8.42E-06	-8.93E-06
643	8	0	0	0	0	0	0	232	254	0	-1.97E-05	5.52E-06	-8.42E-06	-8.93E-06
643	9	0	0	0	0	0	0	232	254	0	-2.03E-05	4.53E-06	-9.57E-06	-1.06E-05
643	10	0	0	0	0	0	0	232	254	0	-2.03E-05	4.53E-06	-9.57E-06	-1.06E-05
643	11	0	0	0	0	0	0	232	254	0	-2.03E-05	4.51E-06	-9.71E-06	-1.31E-05
643	12	0	0	0	0	0	0	232	254	0	-2.03E-05	4.51E-06	-9.71E-06	-1.31E-05
643	13	0	0	0	0	0	0	232	254	0	-2.20E-05	3.49E-06	-8.57E-06	-1.29E-05
643	14	0	0	0	0	0	0	232	254	0	-2.25E-05	1.87E-06	-9.06E-06	-1.12E-05
643	15	0	0	0	0	0	0	232	254	0	-2.25E-05	1.87E-06	-9.06E-06	-1.12E-05
643	16	0	0	0	0	0	0	232	254	0	-2.15E-05	2.86E-06	-9.07E-06	-1.06E-05
643	17	0	0	0	0	0	0	232	254	0	-2.15E-05	2.86E-06	-9.07E-06	-1.06E-05
643	18	0	0	0	0	0	0	232	254	0	-2.03E-05	3.06E-06	-9.58E-06	-1.12E-05
643	19	0	0	0	0	0	0	232	254	0	-2.03E-05	3.06E-06	-9.58E-06	-1.12E-05
644	0	0	0	0	0	0	0	232	254	0	-2.12E-05	4.71E-06	-1.02E-05	-1.14E-05
644	1	0	0	0	0	0	0	232	254	0	-2.12E-05	4.71E-06	-1.02E-05	-1.14E-05
644	2	0	0	0	0	0	0	232	254	0	-2.27E-05	5.18E-06	-1.02E-05	-1.22E-05
644	3	0	0	0	0	0	0	232	254	0	-2.33E-05	4.38E-06	-9.53E-06	-1.19E-05
644	4	0	0	0	0	0	0	232	254	0	-2.33E-05	4.38E-06	-9.53E-06	-1.19E-05
644	5	0	0	0	0	0	0	232	254	0	-2.30E-05	4.87E-06	-8.07E-06	-1.19E-05
644	6	0	0	0	0	0	0	232	254	0	-2.30E-05	4.87E-06	-8.07E-06	-1.19E-05
644	7	0	0	0	0	0	0	232	254	0	-2.32E-05	4.85E-06	-8.60E-06	-1.19E-05
644	8	0	0	0	0	0	0	232	254	0	-2.32E-05	4.85E-06	-8.60E-06	-1.19E-05
644	9	0	0	0	0	0	0	232	254	0	-2.33E-05	3.89E-06	-1.04E-05	-1.06E-05
644	10	0	0	0	0	0	0	232	254	0	-2.33E-05	3.89E-06	-1.04E-05	-1.06E-05
644	11	0	0	0	0	0	0	232	254	0	-2.30E-05	5.22E-06	-9.90E-06	-1.25E-05
644	12	0	0	0	0	0	0	232	254	0	-2.33E-05	5.84E-06	-9.56E-06	-9.50E-06
644	13	0	0	0	0	0	0	232	254	0	-2.33E-05	5.84E-06	-9.56E-06	-9.50E-06
644	14	0	0	0	0	0	0	232	254	0	-2.27E-05	4.20E-06	-9.23E-06	-6.45E-06
644	15	0	0	0	0	0	0	232	254	0	-2.27E-05	4.20E-06	-9.23E-06	-6.45E-06
644	16	0	0	0	0	0	0	232	254	0	-2.27E-05	4.39E-06	-9.29E-06	-9.63E-06
644	17	0	0	0	0	0	0	232	254	0	-2.27E-05	4.39E-06	-9.29E-06	-9.63E-06
644	18	0	0	0	0	0	0	232	254	0	-2.24E-05	5.69E-06	-1.19E-05	-5.03E-06
644	19	0	0	0	0	0	0	232	254	0	-2.24E-05	5.69E-06	-1.19E-05	-5.03E-06
645	0	0	0	0	0	0	0	232	254	0	-2.37E-05	4.88E-06	-1.09E-05	2.31E-06
645	1	0	0	0	0	0	0	232	254	0	-2.55E-05	5.54E-06	-9.06E-06	-7.14E-06
645	2	0	0	0	0	0	0	232	254	0	-2.55E-05	5.54E-06	-9.06E-06	-7.14E-06
645	3	0	0	0	0	0	0	232	254	0	-2.37E-05	5.69E-06	-9.07E-06	-1.86E-05
645	4	0	0	0	0	0	0	232	254	0	-2.37E-05	5.69E-06	-9.07E-06	-1.86E-05
645	5	0	0	0	0	0	0	232	254	0	-2.43E-05	5.07E-06	-9.29E-06	-1.68E-05
645	6	0	0	0	0	0	0	232	254	0	-2.43E-05	5.07E-06	-9.29E-06	-1.68E-05
645	7	0	0	0	0	0	0	232	254	0	-2.33E-05	6.53E-06	-1.19E-05	-1.10E-05
645	8	0	0	0	0	0	0	232	254	0	-2.33E-05	6.53E-06	-1.19E-05	-1.10E-05
645	9	0	0	0	0	0	0	232	254	0	-2.11E-05	5.90E-06	-1.04E-05	-1.31E-05
645	10	0	0	0	0	0	0	232	254	0	-2.03E-05	6.87E-06	-8.20E-06	-2.04E-05
645	11	0	0	0	0	0	0	232	254	0	-2.03E-05	6.87E-06	-8.20E-06	-2.04E-05
645	12	0	0	0	0	0	0	232	254	0	-2.08E-05	6.20E-06	-7.20E-06	-2.39E-05
645	13	0	0	0	0	0	0	232	254	0	-2.08E-05	6.20E-06	-7.20E-06	-2.39E-05
645	14	0	0	0	0	0	0	232	254	0	-2.03E-05	5.52E-06	-6.55E-06	-1.99E-05
645	15	0	0	0	0	0	0	232	254	0	-2.03E-05	5.52E-06	-6.55E-06	-1.99E-05
645	16	0	0	0	0	0	0	232	254	0	-1.84E-05	4.83E-06	-6.90E-06	-1.60E-05
645	17	0	0	0	0	0	0	232	254	0	-1.84E-05	4.83E-06	-6.90E-06	-1.60E-05
645	18	0	0	0	0	0	0	232	254	0	-2.10E-05	3.18E-06	-7.72E-06	-1.62E-05
645	19	0	0	0	0	0	0	232	254	0	-2.40E-05	2.70E-06	-7.91E-06	-1.19E-05
646	0	0	0	0	0	0	0	232	254	0	-2.40E-05	2.70E-06	-7.91E-06	-1.19E-05
646	1	0	0	0	0	0	0	232	254	0	-2.48E-05	3.52E-06	-8.93E-06	-1.09E-05
646	2	0	0	0	0	0	0	232	254	0	-2.48E-05	3.52E-06	-8.93E-06	-1.09E-05
646	3	0	0	0	0	0	0	232	254	0	-2.30E-05	3.56E-06	-1.03E-05	-1.19E-05
646	4	0	0	0	0	0	0	232	254	0	-2.30E-05	3.56E-06	-1.03E-05	-1.19E-05
646	5	0	0	0	0	0	0	232	254	0	-2.30E-05	5.20E-06	-1.23E-05	-8.94E-06
646	6	0	0	0	0	0	0	232	254	0	-2.30E-05	5.20E-06	-1.23E-05	-8.94E-06
646	7	0	0	0	0	0	0	232	254	0	-2.25E-05	5.19E-06	-1.38E-05	-3.45E-06
646	8	0	0	0	0	0	0	232	254	0	-2.20E-05	4.52E-06	-1.32E-05	-5.94E-07
646	9	0	0	0	0	0	0	232	254	0	-2.20E-05	4.52E-06	-1.32E-05	-5.94E-07
646	10	0	0	0	0	0	0	232	254	0	-2.30E-05	4.16E-06	-9.20E-06	-1.23E-05
646	11	0	0	0	0	0	0	232	254	0	-2.30E-05	4.16E-06	-9.20E-06	-1.23E-05
646	12	0	0	0	0	0	0	232	254	0	-2.43E-05	2.53E-06	-7.85E-06	-2.94E-05
646	13	0	0	0	0	0	0	232	254	0	-2.43E-05	2.53E-06	-7.85E-06	-2.94E-05
646	14	0	0	0	0	0	0	232	254	0	-2.35E-05	2.86E-06	-6.22E-06	-2.05E-05
646	15	0	0	0	0	0	0	232	254	0	-2.35E-05	2.86E-06	-6.22E-06	-2.05E-05
646	16	0	0	0	0	0	0	232	254	0	-2.44E-05	3.23E-06	-6.65E-06	-3.84E-07
646	17	0	0	0	0	0	0	232	254	0	-2.55E-05	5.07E-06	-1.13E-05	4.65E-06
646	18	0	0	0	0	0	0	232	254	0	-2.55E-05	5.07E-06	-1.13E-05	4.65E-06
646	19	0	0	0	0	0	0	232	254	0	-2.38E-05	6.53E-06	-1.16E-05	-5.41E-06
647	0	0	0	0	0	0	0	232	254	0	-2.38E-05	6.53E-06	-1.16E-05	-5.41E-06
647	1	0	0	0	0	0	0	232	254	0	-2.30E-05	5.83E-06	-1.03E-05	-2.20E-05
647	2	0	0	0	0	0	0	232	254	0	-2.30E-05	5.83E-06	-1.03E-05	-2.20E-05
647	3	0	0	0	0	0	0	232	254	0	-2.21E-05	3.80E-06	-7.49E-06	-2.43E-05
647	4	0	0	0	0	0	0	232	254	0	-2.21E-05	3.80E-06	-7.49E-06	-2.43E-05
647	5	0	0	0	0	0	0	232	254	0	-1.83E-05	1.17E-06	-4.90E-06	-2.36E-05
647	6	0	0	0	0	0	0	232	254	0	-1.73E-05	1.21E-06	-6.26E-06	-2.23E-05
647	7	0	0	0	0	0	0	232	254	0	-1.73E-05	1.21E-06	-6.26E-06	-2.23E-05
647	8	0	0	0	0	0	0	232	254	0	-1.76E-05	2.93E-06	-8.23E-06	-2.16E-05
647	9	0	0	0	0	0	0	232	254	0	-1.76E-05	2.93E-06	-8.23E-06	-2.16E-05
647	10	0	0	0	0	0	0	232	254	0	-1.78E-05	6.22E-06	-8.44E-06	-1.76E-05
647	11	0	0	0	0	0	0	232	254	0	-1.78E-05	6.22E-06	-8.44E-06	-1.76E-05
647	12	0	0	0	0	0	0	232	254	0	-1.92E-05	6.52E-06	-1.06E-05	-1.68E-05
647	13	0	0	0	0	0	0	232	254	0	-1.92E-05	6.52E-06	-1.06E-05	-1.68E-05
647	14	0	0	0	0	0	0	232	254	0	-2.10E-05	5.22E-06	-1.31E-05	-1.16E-05
647	15	0	0	0	0	0	0	232	254	0	-2.03E-05	5.89E-06	-1.42E-05	-1.38E-05
647	16	0	0	0	0	0	0	232	254	0	-2.03E-05	5.89E-06	-1.42E-05	-1.38E-05
647	17	0	0	0	0	0	0	232	254	0	-2.12E-05	6.53E-06	-1.17E-05	-1.37E-05
647	18	0	0	0	0	0	0	232	254	0	-2.12E-05	6.53E-06	-1.17E-05	-1.37E-05
647	19	0	0	0	0	0	0	232	254	0	-2.23E-05	6.02E-06	-8.82E-06	-9.41E-06
648	0	0	0	0	0	0	0	232	254	0	-2.23E-05	6.02E-06	-8.82E-06	-9.41E-06
648	1	0	0	0	0	0	0	232	254	0	-2.23E-05	5.24E-06	-5.30E-06	-1.72E-05
648	2	0	0	0	0	0	0	232	254	0	-2.23E-05	5.24E-06	-5.30E-06	-1.72E-05
648	3	0	0	0	0	0	0	232	254	0	-2.33E-05	6.87E-06	-2.43E-06	-1.84E-05
648	4	0	0	0	0	0	0	232	254	0	-2.38E-05	6.52E-06	-5.93E-06	-1.35E-05
648	5	0	0	0	0	0	0	232	254	0	-2.38E-05	6.52E-06	-5.93E-06	-1.35E-05
648	6	0	0	0	0	0	0	232	254	0	-2.36E-05	5.20E-06	-8.21E-06	-9.78E-06
648	7	0	0	0	0	0	0	232	254	0	-2.36E-05	5.20E-06	-8.21E-06	-9.78E-06
648	8	0	0	0	0	0	0	232	254	0	-2.25E-05	4.83E-06	-7.38E-06	-1.16E-05
648	9	0	0	0	0	0	0	232	254	0	-2.25E-05	4.83E-06	-7.38E-06	-1.16E-05
648	10	0	0	0	0	0	0	232	254	0	-2.23E-05	3.17E-06	-7.25E-06	-1.19E-05
648	11	0	0	0	0	0	0	232	254	0	-2.23E-05	3.17E-06	-7.25E-06	-1.19E-05
648	12	0	0	0	0	0	0	232	254	0	-2.30E-05	2.55E-06	-8.61E-06	-1.28E-05
648	13	0	0	0	0	0	0	232	254	0	-2.23E-05	3.84E-06	-1.06E-05	-1.35E-05
648	14	0	0	0	0	0	0	232	254	0	-2.23E-05	3.84E-06	-1.06E-05	-1.35E-05
648	15	0	0	0	0	0	0	232	254	0	-2.30E-05	3.01E-06	-1.02E-05	-8.22E-06
648	16	0	0	0	0	0	0	232	254	0	-2.30E-05	3.01E-06	-1.02E-05	-8.22E-06
648	17	0	0	0	0	0	0	232	254	0	-2.18E-05	2.54E-06	-1.02E-05	-7.91E-06
648	18	0	0	0	0	0	0	232	254	0	-2.18E-05	2.54E-06	-1.02E-05	-7.91E-06
648	19	0	0	0	0	0	0	232	254	0	-2.30E-05	3.50E-06	-1.06E-05	-8.87E-06
