Frequency														
2000														
														
Frame	Sub-Frame	Fx	Fy	Fz	Mx	My	Mz	Cx	Cy	Cz	RF	BF	TA	LG
		N	N	N	N.mm	N.mm	N.mm	mm	mm	mm	V	V	V	V
1	0	0	0	0	0	0	0	232	254	0	-2.35E-05	6.85E-06	-8.90E-06	-1.39E-05
1	1	0	0	0	0	0	0	232	254	0	-2.35E-05	6.85E-06	-8.90E-06	-1.39E-05
1	2	0	0	0	0	0	0	232	254	0	-2.18E-05	6.46E-06	-8.93E-06	-1.36E-05
1	3	0	0	0	0	0	0	232	254	0	-2.18E-05	6.46E-06	-8.93E-06	-1.36E-05
1	4	0	0	0	0	0	0	232	254	0	-2.19E-05	5.90E-06	-9.21E-06	-1.36E-05
1	5	0	0	0	0	0	0	232	254	0	-2.19E-05	5.90E-06	-9.21E-06	-1.36E-05
1	6	0	0	0	0	0	0	232	254	0	-2.13E-05	7.55E-06	-9.01E-06	-1.27E-05
1	7	0	0	0	0	0	0	232	254	0	-2.13E-05	7.55E-06	-9.01E-06	-1.27E-05
1	8	0	0	0	0	0	0	232	254	0	-2.09E-05	7.31E-06	-8.46E-06	-1.32E-05
1	9	0	0	0	0	0	0	232	254	0	-2.07E-05	5.13E-06	-7.62E-06	-1.28E-05
1	10	0	0	0	0	0	0	232	254	0	-2.07E-05	5.13E-06	-7.62E-06	-1.28E-05
1	11	0	0	0	0	0	0	232	254	0	-2.17E-05	4.39E-06	-8.36E-06	-1.18E-05
1	12	0	0	0	0	0	0	232	254	0	-2.17E-05	4.39E-06	-8.36E-06	-1.18E-05
1	13	0	0	0	0	0	0	232	254	0	-2.17E-05	3.19E-06	-9.64E-06	-1.09E-05
1	14	0	0	0	0	0	0	232	254	0	-2.17E-05	3.19E-06	-9.64E-06	-1.09E-05
1	15	0	0	0	0	0	0	232	254	0	-2.18E-05	3.29E-06	-1.02E-05	-1.23E-05
1	16	0	0	0	0	0	0	232	254	0	-2.18E-05	3.29E-06	-1.02E-05	-1.23E-05
1	17	0	0	0	0	0	0	232	254	0	-2.26E-05	4.08E-06	-9.55E-06	-1.26E-05
1	18	0	0	0	0	0	0	232	254	0	-2.21E-05	3.02E-06	-9.52E-06	-1.23E-05
1	19	0	0	0	0	0	0	232	254	0	-2.21E-05	3.02E-06	-9.52E-06	-1.23E-05
2	0	0	0	0	0	0	0	232	254	0	-2.25E-05	3.14E-06	-1.07E-05	-1.29E-05
2	1	0	0	0	0	0	0	232	254	0	-2.25E-05	3.14E-06	-1.07E-05	-1.29E-05
2	2	0	0	0	0	0	0	232	254	0	-2.09E-05	4.21E-06	-1.18E-05	-1.33E-05
2	3	0	0	0	0	0	0	232	254	0	-2.09E-05	4.21E-06	-1.18E-05	-1.33E-05
2	4	0	0	0	0	0	0	232	254	0	-2.06E-05	4.31E-06	-1.08E-05	-1.69E-05
2	5	0	0	0	0	0	0	232	254	0	-2.06E-05	4.31E-06	-1.08E-05	-1.69E-05
2	6	0	0	0	0	0	0	232	254	0	-2.02E-05	4.00E-06	-9.50E-06	-1.86E-05
2	7	0	0	0	0	0	0	232	254	0	-1.92E-05	5.20E-06	-8.93E-06	-1.37E-05
2	8	0	0	0	0	0	0	232	254	0	-1.92E-05	5.20E-06	-8.93E-06	-1.37E-05
2	9	0	0	0	0	0	0	232	254	0	-1.87E-05	5.08E-06	-9.21E-06	-1.44E-05
2	10	0	0	0	0	0	0	232	254	0	-1.87E-05	5.08E-06	-9.21E-06	-1.44E-05
2	11	0	0	0	0	0	0	232	254	0	-1.92E-05	4.08E-06	-9.08E-06	-1.22E-05
2	12	0	0	0	0	0	0	232	254	0	-1.92E-05	4.08E-06	-9.08E-06	-1.22E-05
2	13	0	0	0	0	0	0	232	254	0	-1.97E-05	4.53E-06	-9.27E-06	-5.26E-06
2	14	0	0	0	0	0	0	232	254	0	-1.97E-05	4.53E-06	-9.27E-06	-5.26E-06
2	15	0	0	0	0	0	0	232	254	0	-2.07E-05	4.51E-06	-9.57E-06	-3.27E-06
2	16	0	0	0	0	0	0	232	254	0	-2.16E-05	4.35E-06	-9.48E-06	-7.40E-06
2	17	0	0	0	0	0	0	232	254	0	-2.16E-05	4.35E-06	-9.48E-06	-7.40E-06
2	18	0	0	0	0	0	0	232	254	0	-2.09E-05	4.13E-06	-8.64E-06	-1.30E-05
2	19	0	0	0	0	0	0	232	254	0	-2.09E-05	4.13E-06	-8.64E-06	-1.30E-05
3	0	0	0	0	0	0	0	232	254	0	-2.00E-05	3.40E-06	-7.80E-06	-2.27E-05
3	1	0	0	0	0	0	0	232	254	0	-2.00E-05	3.40E-06	-7.80E-06	-2.27E-05
3	2	0	0	0	0	0	0	232	254	0	-2.06E-05	2.50E-06	-7.05E-06	-2.20E-05
3	3	0	0	0	0	0	0	232	254	0	-2.06E-05	2.50E-06	-7.05E-06	-2.20E-05
3	4	0	0	0	0	0	0	232	254	0	-2.06E-05	4.00E-06	-7.07E-06	-1.61E-05
3	5	0	0	0	0	0	0	232	254	0	-1.97E-05	5.13E-06	-7.49E-06	-1.23E-05
3	6	0	0	0	0	0	0	232	254	0	-1.97E-05	5.13E-06	-7.49E-06	-1.23E-05
3	7	0	0	0	0	0	0	232	254	0	-1.87E-05	4.53E-06	-1.00E-05	-6.61E-06
3	8	0	0	0	0	0	0	232	254	0	-1.87E-05	4.53E-06	-1.00E-05	-6.61E-06
3	9	0	0	0	0	0	0	232	254	0	-1.89E-05	4.53E-06	-1.09E-05	-4.47E-06
3	10	0	0	0	0	0	0	232	254	0	-1.89E-05	4.53E-06	-1.09E-05	-4.47E-06
3	11	0	0	0	0	0	0	232	254	0	-1.88E-05	4.36E-06	-1.05E-05	-7.72E-06
3	12	0	0	0	0	0	0	232	254	0	-1.88E-05	4.36E-06	-1.05E-05	-7.72E-06
3	13	0	0	0	0	0	0	232	254	0	-2.04E-05	2.87E-06	-1.16E-05	-1.66E-05
3	14	0	0	0	0	0	0	232	254	0	-2.10E-05	3.07E-06	-1.14E-05	-2.90E-05
3	15	0	0	0	0	0	0	232	254	0	-2.10E-05	3.07E-06	-1.14E-05	-2.90E-05
3	16	0	0	0	0	0	0	232	254	0	-1.99E-05	3.63E-06	-6.79E-06	-2.49E-05
3	17	0	0	0	0	0	0	232	254	0	-1.99E-05	3.63E-06	-6.79E-06	-2.49E-05
3	18	0	0	0	0	0	0	232	254	0	-1.94E-05	4.50E-06	-4.82E-06	-1.65E-05
3	19	0	0	0	0	0	0	232	254	0	-1.94E-05	4.50E-06	-4.82E-06	-1.65E-05
4	0	0	0	0	0	0	0	232	254	0	-1.76E-05	4.25E-06	-7.47E-06	-1.39E-05
4	1	0	0	0	0	0	0	232	254	0	-1.76E-05	4.25E-06	-7.47E-06	-1.39E-05
4	2	0	0	0	0	0	0	232	254	0	-1.72E-05	4.79E-06	-8.36E-06	-1.29E-05
4	3	0	0	0	0	0	0	232	254	0	-1.63E-05	5.49E-06	-9.64E-06	-9.29E-06
4	4	0	0	0	0	0	0	232	254	0	-1.63E-05	5.49E-06	-9.64E-06	-9.29E-06
4	5	0	0	0	0	0	0	232	254	0	-1.69E-05	4.98E-06	-1.01E-05	-6.85E-06
4	6	0	0	0	0	0	0	232	254	0	-1.69E-05	4.98E-06	-1.01E-05	-6.85E-06
4	7	0	0	0	0	0	0	232	254	0	-1.93E-05	4.57E-06	-9.03E-06	-6.48E-06
4	8	0	0	0	0	0	0	232	254	0	-1.93E-05	4.57E-06	-9.03E-06	-6.48E-06
4	9	0	0	0	0	0	0	232	254	0	-1.96E-05	4.76E-06	-1.02E-05	-6.06E-06
4	10	0	0	0	0	0	0	232	254	0	-1.96E-05	4.76E-06	-1.02E-05	-6.06E-06
4	11	0	0	0	0	0	0	232	254	0	-1.94E-05	3.89E-06	-9.43E-06	-8.32E-06
4	12	0	0	0	0	0	0	232	254	0	-2.04E-05	4.16E-06	-8.17E-06	-1.34E-05
4	13	0	0	0	0	0	0	232	254	0	-2.04E-05	4.16E-06	-8.17E-06	-1.34E-05
4	14	0	0	0	0	0	0	232	254	0	-2.17E-05	3.96E-06	-7.74E-06	-1.15E-05
4	15	0	0	0	0	0	0	232	254	0	-2.17E-05	3.96E-06	-7.74E-06	-1.15E-05
4	16	0	0	0	0	0	0	232	254	0	-2.22E-05	5.01E-06	-8.01E-06	-1.14E-05
4	17	0	0	0	0	0	0	232	254	0	-2.22E-05	5.01E-06	-8.01E-06	-1.14E-05
4	18	0	0	0	0	0	0	232	254	0	-2.22E-05	6.09E-06	-9.17E-06	-1.58E-05
4	19	0	0	0	0	0	0	232	254	0	-2.22E-05	6.09E-06	-9.17E-06	-1.58E-05
5	0	0	0	0	0	0	0	232	254	0	-2.25E-05	5.07E-06	-9.95E-06	-1.66E-05
5	1	0	0	0	0	0	0	232	254	0	-2.40E-05	5.56E-06	-8.78E-06	-1.07E-05
5	2	0	0	0	0	0	0	232	254	0	-2.40E-05	5.56E-06	-8.78E-06	-1.07E-05
5	3	0	0	0	0	0	0	232	254	0	-2.37E-05	7.05E-06	-7.86E-06	-9.32E-06
5	4	0	0	0	0	0	0	232	254	0	-2.37E-05	7.05E-06	-7.86E-06	-9.32E-06
5	5	0	0	0	0	0	0	232	254	0	-2.37E-05	5.44E-06	-9.05E-06	-1.17E-05
5	6	0	0	0	0	0	0	232	254	0	-2.37E-05	5.44E-06	-9.05E-06	-1.17E-05
5	7	0	0	0	0	0	0	232	254	0	-2.39E-05	4.65E-06	-8.98E-06	-1.27E-05
5	8	0	0	0	0	0	0	232	254	0	-2.39E-05	4.65E-06	-8.98E-06	-1.27E-05
5	9	0	0	0	0	0	0	232	254	0	-2.47E-05	5.64E-06	-9.72E-06	-1.23E-05
5	10	0	0	0	0	0	0	232	254	0	-2.32E-05	5.05E-06	-9.60E-06	-1.12E-05
5	11	0	0	0	0	0	0	232	254	0	-2.32E-05	5.05E-06	-9.60E-06	-1.12E-05
5	12	0	0	0	0	0	0	232	254	0	-2.46E-05	5.24E-06	-9.99E-06	-1.18E-05
5	13	0	0	0	0	0	0	232	254	0	-2.46E-05	5.24E-06	-9.99E-06	-1.18E-05
5	14	0	0	0	0	0	0	232	254	0	-2.49E-05	5.54E-06	-1.08E-05	-1.07E-05
5	15	0	0	0	0	0	0	232	254	0	-2.49E-05	5.54E-06	-1.08E-05	-1.07E-05
5	16	0	0	0	0	0	0	232	254	0	-2.45E-05	5.40E-06	-1.09E-05	-9.01E-06
5	17	0	0	0	0	0	0	232	254	0	-2.45E-05	5.40E-06	-1.09E-05	-9.01E-06
5	18	0	0	0	0	0	0	232	254	0	-2.56E-05	4.18E-06	-9.53E-06	-8.63E-06
5	19	0	0	0	0	0	0	232	254	0	-2.47E-05	4.13E-06	-9.27E-06	-9.35E-06
6	0	0	0	0	0	0	0	232	254	0	-2.47E-05	4.13E-06	-9.27E-06	-9.35E-06
6	1	0	0	0	0	0	0	232	254	0	-2.47E-05	5.02E-06	-9.62E-06	-1.10E-05
6	2	0	0	0	0	0	0	232	254	0	-2.47E-05	5.02E-06	-9.62E-06	-1.10E-05
6	3	0	0	0	0	0	0	232	254	0	-2.50E-05	4.83E-06	-9.83E-06	-1.64E-05
6	4	0	0	0	0	0	0	232	254	0	-2.50E-05	4.83E-06	-9.83E-06	-1.64E-05
6	5	0	0	0	0	0	0	232	254	0	-2.50E-05	4.67E-06	-7.64E-06	-1.41E-05
6	6	0	0	0	0	0	0	232	254	0	-2.50E-05	4.67E-06	-7.64E-06	-1.41E-05
6	7	0	0	0	0	0	0	232	254	0	-2.53E-05	5.94E-06	-6.88E-06	-1.33E-05
6	8	0	0	0	0	0	0	232	254	0	-2.50E-05	6.44E-06	-7.09E-06	-1.48E-05
6	9	0	0	0	0	0	0	232	254	0	-2.50E-05	6.44E-06	-7.09E-06	-1.48E-05
6	10	0	0	0	0	0	0	232	254	0	-2.33E-05	5.50E-06	-9.10E-06	-1.36E-05
6	11	0	0	0	0	0	0	232	254	0	-2.33E-05	5.50E-06	-9.10E-06	-1.36E-05
6	12	0	0	0	0	0	0	232	254	0	-2.30E-05	5.24E-06	-1.07E-05	-1.37E-05
6	13	0	0	0	0	0	0	232	254	0	-2.30E-05	5.24E-06	-1.07E-05	-1.37E-05
6	14	0	0	0	0	0	0	232	254	0	-2.25E-05	5.54E-06	-8.41E-06	-1.42E-05
6	15	0	0	0	0	0	0	232	254	0	-2.25E-05	5.54E-06	-8.41E-06	-1.42E-05
6	16	0	0	0	0	0	0	232	254	0	-2.09E-05	5.59E-06	-8.66E-06	-1.36E-05
6	17	0	0	0	0	0	0	232	254	0	-2.03E-05	6.03E-06	-9.50E-06	-1.33E-05
6	18	0	0	0	0	0	0	232	254	0	-2.03E-05	6.03E-06	-9.50E-06	-1.33E-05
6	19	0	0	0	0	0	0	232	254	0	-2.06E-05	5.77E-06	-8.96E-06	-1.35E-05
7	0	0	0	0	0	0	0	232	254	0	-2.06E-05	5.77E-06	-8.96E-06	-1.35E-05
7	1	0	0	0	0	0	0	232	254	0	-1.98E-05	4.97E-06	-9.57E-06	-1.29E-05
7	2	0	0	0	0	0	0	232	254	0	-1.98E-05	4.97E-06	-9.57E-06	-1.29E-05
7	3	0	0	0	0	0	0	232	254	0	-1.97E-05	5.81E-06	-9.50E-06	-1.17E-05
7	4	0	0	0	0	0	0	232	254	0	-1.97E-05	5.81E-06	-9.50E-06	-1.17E-05
7	5	0	0	0	0	0	0	232	254	0	-2.00E-05	5.15E-06	-9.02E-06	-1.24E-05
7	6	0	0	0	0	0	0	232	254	0	-2.03E-05	4.73E-06	-1.01E-05	-1.32E-05
7	7	0	0	0	0	0	0	232	254	0	-2.03E-05	4.73E-06	-1.01E-05	-1.32E-05
7	8	0	0	0	0	0	0	232	254	0	-2.03E-05	4.97E-06	-9.85E-06	-1.16E-05
7	9	0	0	0	0	0	0	232	254	0	-2.03E-05	4.97E-06	-9.85E-06	-1.16E-05
7	10	0	0	0	0	0	0	232	254	0	-2.05E-05	4.42E-06	-9.37E-06	-1.17E-05
7	11	0	0	0	0	0	0	232	254	0	-2.05E-05	4.42E-06	-9.37E-06	-1.17E-05
7	12	0	0	0	0	0	0	232	254	0	-2.23E-05	4.75E-06	-8.98E-06	-1.21E-05
7	13	0	0	0	0	0	0	232	254	0	-2.23E-05	4.75E-06	-8.98E-06	-1.21E-05
7	14	0	0	0	0	0	0	232	254	0	-2.20E-05	3.71E-06	-8.22E-06	-1.05E-05
7	15	0	0	0	0	0	0	232	254	0	-2.24E-05	3.89E-06	-8.36E-06	-9.71E-06
7	16	0	0	0	0	0	0	232	254	0	-2.24E-05	3.89E-06	-8.36E-06	-9.71E-06
7	17	0	0	0	0	0	0	232	254	0	-2.32E-05	4.25E-06	-9.48E-06	-7.80E-06
7	18	0	0	0	0	0	0	232	254	0	-2.32E-05	4.25E-06	-9.48E-06	-7.80E-06
7	19	0	0	0	0	0	0	232	254	0	-2.23E-05	4.54E-06	-8.71E-06	-5.50E-06
8	0	0	0	0	0	0	0	232	254	0	-2.23E-05	4.54E-06	-8.71E-06	-5.50E-06
8	1	0	0	0	0	0	0	232	254	0	-2.20E-05	3.21E-06	-8.77E-06	-5.62E-06
8	2	0	0	0	0	0	0	232	254	0	-2.20E-05	3.21E-06	-8.77E-06	-5.62E-06
8	3	0	0	0	0	0	0	232	254	0	-2.19E-05	3.31E-06	-1.06E-05	-9.85E-06
8	4	0	0	0	0	0	0	232	254	0	-2.06E-05	2.73E-06	-1.04E-05	-1.63E-05
8	5	0	0	0	0	0	0	232	254	0	-2.06E-05	2.73E-06	-1.04E-05	-1.63E-05
8	6	0	0	0	0	0	0	232	254	0	-1.99E-05	1.71E-06	-9.01E-06	-2.45E-05
8	7	0	0	0	0	0	0	232	254	0	-1.99E-05	1.71E-06	-9.01E-06	-2.45E-05
8	8	0	0	0	0	0	0	232	254	0	-1.92E-05	2.13E-06	-6.98E-06	-1.69E-05
8	9	0	0	0	0	0	0	232	254	0	-1.92E-05	2.13E-06	-6.98E-06	-1.69E-05
8	10	0	0	0	0	0	0	232	254	0	-1.84E-05	3.12E-06	-6.48E-06	-1.69E-05
8	11	0	0	0	0	0	0	232	254	0	-1.84E-05	3.12E-06	-6.48E-06	-1.69E-05
8	12	0	0	0	0	0	0	232	254	0	-2.04E-05	2.66E-06	-7.52E-06	-1.73E-05
8	13	0	0	0	0	0	0	232	254	0	-2.12E-05	3.79E-06	-8.73E-06	-1.17E-05
8	14	0	0	0	0	0	0	232	254	0	-2.12E-05	3.79E-06	-8.73E-06	-1.17E-05
8	15	0	0	0	0	0	0	232	254	0	-2.07E-05	3.12E-06	-8.68E-06	-1.35E-05
8	16	0	0	0	0	0	0	232	254	0	-2.07E-05	3.12E-06	-8.68E-06	-1.35E-05
8	17	0	0	0	0	0	0	232	254	0	-2.09E-05	2.83E-06	-8.22E-06	-1.67E-05
8	18	0	0	0	0	0	0	232	254	0	-2.09E-05	2.83E-06	-8.22E-06	-1.67E-05
8	19	0	0	0	0	0	0	232	254	0	-2.14E-05	5.33E-06	-8.24E-06	-1.46E-05
9	0	0	0	0	0	0	0	232	254	0	-2.14E-05	5.33E-06	-8.24E-06	-1.46E-05
9	1	0	0	0	0	0	0	232	254	0	-2.18E-05	3.52E-06	-8.32E-06	-1.14E-05
9	2	0	0	0	0	0	0	232	254	0	-2.03E-05	3.52E-06	-7.77E-06	-9.84E-06
9	3	0	0	0	0	0	0	232	254	0	-2.03E-05	3.52E-06	-7.77E-06	-9.84E-06
9	4	0	0	0	0	0	0	232	254	0	-2.08E-05	3.52E-06	-8.36E-06	-1.20E-05
9	5	0	0	0	0	0	0	232	254	0	-2.08E-05	3.52E-06	-8.36E-06	-1.20E-05
9	6	0	0	0	0	0	0	232	254	0	-2.17E-05	3.52E-06	-9.64E-06	-1.01E-05
9	7	0	0	0	0	0	0	232	254	0	-2.17E-05	3.52E-06	-9.64E-06	-1.01E-05
9	8	0	0	0	0	0	0	232	254	0	-2.09E-05	3.47E-06	-1.01E-05	-1.33E-05
9	9	0	0	0	0	0	0	232	254	0	-2.09E-05	3.47E-06	-1.01E-05	-1.33E-05
9	10	0	0	0	0	0	0	232	254	0	-2.17E-05	3.09E-06	-8.75E-06	-1.68E-05
9	11	0	0	0	0	0	0	232	254	0	-2.08E-05	3.92E-06	-8.91E-06	-1.51E-05
9	12	0	0	0	0	0	0	232	254	0	-2.08E-05	3.92E-06	-8.91E-06	-1.51E-05
9	13	0	0	0	0	0	0	232	254	0	-1.93E-05	5.79E-06	-9.12E-06	-1.31E-05
9	14	0	0	0	0	0	0	232	254	0	-1.93E-05	5.79E-06	-9.12E-06	-1.31E-05
9	15	0	0	0	0	0	0	232	254	0	-1.89E-05	5.00E-06	-9.50E-06	-1.31E-05
9	16	0	0	0	0	0	0	232	254	0	-1.89E-05	5.00E-06	-9.50E-06	-1.31E-05
9	17	0	0	0	0	0	0	232	254	0	-1.86E-05	4.75E-06	-9.10E-06	-8.25E-06
9	18	0	0	0	0	0	0	232	254	0	-1.86E-05	4.75E-06	-9.10E-06	-8.25E-06
9	19	0	0	0	0	0	0	232	254	0	-2.01E-05	5.32E-06	-1.09E-05	-5.94E-06
10	0	0	0	0	0	0	0	232	254	0	-2.16E-05	6.46E-06	-1.07E-05	-1.01E-05
10	1	0	0	0	0	0	0	232	254	0	-2.16E-05	6.46E-06	-1.07E-05	-1.01E-05
10	2	0	0	0	0	0	0	232	254	0	-2.14E-05	7.08E-06	-8.83E-06	-1.62E-05
10	3	0	0	0	0	0	0	232	254	0	-2.14E-05	7.08E-06	-8.83E-06	-1.62E-05
10	4	0	0	0	0	0	0	232	254	0	-2.18E-05	5.79E-06	-8.24E-06	-1.53E-05
10	5	0	0	0	0	0	0	232	254	0	-2.18E-05	5.79E-06	-8.24E-06	-1.53E-05
10	6	0	0	0	0	0	0	232	254	0	-2.30E-05	4.98E-06	-8.62E-06	-1.43E-05
10	7	0	0	0	0	0	0	232	254	0	-2.30E-05	4.98E-06	-8.62E-06	-1.43E-05
10	8	0	0	0	0	0	0	232	254	0	-2.26E-05	4.64E-06	-1.06E-05	-1.41E-05
10	9	0	0	0	0	0	0	232	254	0	-2.26E-05	5.54E-06	-1.08E-05	-1.22E-05
10	10	0	0	0	0	0	0	232	254	0	-2.26E-05	5.54E-06	-1.08E-05	-1.22E-05
10	11	0	0	0	0	0	0	232	254	0	-2.32E-05	5.54E-06	-1.00E-05	-1.17E-05
10	12	0	0	0	0	0	0	232	254	0	-2.32E-05	5.54E-06	-1.00E-05	-1.17E-05
10	13	0	0	0	0	0	0	232	254	0	-2.22E-05	5.50E-06	-7.96E-06	-1.01E-05
10	14	0	0	0	0	0	0	232	254	0	-2.22E-05	5.50E-06	-7.96E-06	-1.01E-05
10	15	0	0	0	0	0	0	232	254	0	-2.09E-05	5.24E-06	-8.72E-06	-9.34E-06
10	16	0	0	0	0	0	0	232	254	0	-2.09E-05	5.24E-06	-8.72E-06	-9.34E-06
10	17	0	0	0	0	0	0	232	254	0	-1.98E-05	5.61E-06	-1.00E-05	-1.03E-05
10	18	0	0	0	0	0	0	232	254	0	-1.96E-05	6.24E-06	-9.60E-06	-1.09E-05
10	19	0	0	0	0	0	0	232	254	0	-1.96E-05	6.24E-06	-9.60E-06	-1.09E-05
11	0	0	0	0	0	0	0	232	254	0	-1.87E-05	6.34E-06	-9.92E-06	-1.11E-05
11	1	0	0	0	0	0	0	232	254	0	-1.87E-05	6.34E-06	-9.92E-06	-1.11E-05
11	2	0	0	0	0	0	0	232	254	0	-1.84E-05	4.50E-06	-1.00E-05	-1.29E-05
11	3	0	0	0	0	0	0	232	254	0	-1.84E-05	4.50E-06	-1.00E-05	-1.29E-05
11	4	0	0	0	0	0	0	232	254	0	-1.89E-05	4.16E-06	-9.79E-06	-1.27E-05
11	5	0	0	0	0	0	0	232	254	0	-1.89E-05	4.16E-06	-9.79E-06	-1.27E-05
11	6	0	0	0	0	0	0	232	254	0	-1.83E-05	3.93E-06	-1.02E-05	-1.17E-05
11	7	0	0	0	0	0	0	232	254	0	-1.89E-05	4.60E-06	-9.61E-06	-1.17E-05
11	8	0	0	0	0	0	0	232	254	0	-1.89E-05	4.60E-06	-9.61E-06	-1.17E-05
11	9	0	0	0	0	0	0	232	254	0	-2.13E-05	5.13E-06	-8.59E-06	-1.10E-05
11	10	0	0	0	0	0	0	232	254	0	-2.13E-05	5.13E-06	-8.59E-06	-1.10E-05
11	11	0	0	0	0	0	0	232	254	0	-2.29E-05	4.60E-06	-8.93E-06	-1.20E-05
11	12	0	0	0	0	0	0	232	254	0	-2.29E-05	4.60E-06	-8.93E-06	-1.20E-05
11	13	0	0	0	0	0	0	232	254	0	-2.23E-05	5.19E-06	-9.16E-06	-1.51E-05
11	14	0	0	0	0	0	0	232	254	0	-2.23E-05	5.19E-06	-9.16E-06	-1.51E-05
11	15	0	0	0	0	0	0	232	254	0	-2.19E-05	5.09E-06	-8.53E-06	-1.36E-05
11	16	0	0	0	0	0	0	232	254	0	-2.43E-05	5.68E-06	-8.14E-06	-1.33E-05
11	17	0	0	0	0	0	0	232	254	0	-2.43E-05	5.68E-06	-8.14E-06	-1.33E-05
11	18	0	0	0	0	0	0	232	254	0	-2.36E-05	6.71E-06	-7.47E-06	-1.35E-05
11	19	0	0	0	0	0	0	232	254	0	-2.36E-05	6.71E-06	-7.47E-06	-1.35E-05
12	0	0	0	0	0	0	0	232	254	0	-2.27E-05	5.17E-06	-8.24E-06	-1.23E-05
12	1	0	0	0	0	0	0	232	254	0	-2.27E-05	5.17E-06	-8.24E-06	-1.23E-05
12	2	0	0	0	0	0	0	232	254	0	-2.30E-05	4.95E-06	-8.38E-06	-1.34E-05
12	3	0	0	0	0	0	0	232	254	0	-2.30E-05	4.95E-06	-8.38E-06	-1.34E-05
12	4	0	0	0	0	0	0	232	254	0	-2.29E-05	5.66E-06	-8.36E-06	-1.57E-05
12	5	0	0	0	0	0	0	232	254	0	-2.31E-05	5.29E-06	-9.64E-06	-1.61E-05
12	6	0	0	0	0	0	0	232	254	0	-2.31E-05	5.29E-06	-9.64E-06	-1.61E-05
12	7	0	0	0	0	0	0	232	254	0	-2.22E-05	6.04E-06	-1.02E-05	-1.46E-05
12	8	0	0	0	0	0	0	232	254	0	-2.22E-05	6.04E-06	-1.02E-05	-1.46E-05
12	9	0	0	0	0	0	0	232	254	0	-2.24E-05	5.97E-06	-9.42E-06	-1.44E-05
12	10	0	0	0	0	0	0	232	254	0	-2.24E-05	5.97E-06	-9.42E-06	-1.44E-05
12	11	0	0	0	0	0	0	232	254	0	-2.29E-05	5.30E-06	-9.52E-06	-1.53E-05
12	12	0	0	0	0	0	0	232	254	0	-2.29E-05	5.30E-06	-9.52E-06	-1.53E-05
12	13	0	0	0	0	0	0	232	254	0	-2.20E-05	4.72E-06	-9.01E-06	-1.52E-05
12	14	0	0	0	0	0	0	232	254	0	-2.10E-05	4.83E-06	-8.54E-06	-1.42E-05
12	15	0	0	0	0	0	0	232	254	0	-2.10E-05	4.83E-06	-8.54E-06	-1.42E-05
12	16	0	0	0	0	0	0	232	254	0	-2.13E-05	4.53E-06	-8.51E-06	-1.33E-05
12	17	0	0	0	0	0	0	232	254	0	-2.13E-05	4.53E-06	-8.51E-06	-1.33E-05
12	18	0	0	0	0	0	0	232	254	0	-2.09E-05	4.53E-06	-9.60E-06	-1.35E-05
12	19	0	0	0	0	0	0	232	254	0	-2.09E-05	4.53E-06	-9.60E-06	-1.35E-05
13	0	0	0	0	0	0	0	232	254	0	-1.98E-05	4.36E-06	-9.89E-06	-1.24E-05
13	1	0	0	0	0	0	0	232	254	0	-1.98E-05	4.36E-06	-9.89E-06	-1.24E-05
13	2	0	0	0	0	0	0	232	254	0	-1.97E-05	2.96E-06	-9.72E-06	-1.10E-05
13	3	0	0	0	0	0	0	232	254	0	-2.06E-05	3.93E-06	-9.45E-06	-1.02E-05
13	4	0	0	0	0	0	0	232	254	0	-2.06E-05	3.93E-06	-9.45E-06	-1.02E-05
13	5	0	0	0	0	0	0	232	254	0	-2.04E-05	4.50E-06	-8.51E-06	-9.70E-06
13	6	0	0	0	0	0	0	232	254	0	-2.04E-05	4.50E-06	-8.51E-06	-9.70E-06
13	7	0	0	0	0	0	0	232	254	0	-1.99E-05	4.09E-06	-9.74E-06	-8.03E-06
13	8	0	0	0	0	0	0	232	254	0	-1.99E-05	4.09E-06	-9.74E-06	-8.03E-06
13	9	0	0	0	0	0	0	232	254	0	-1.92E-05	3.12E-06	-1.13E-05	-9.61E-06
13	10	0	0	0	0	0	0	232	254	0	-1.92E-05	3.12E-06	-1.13E-05	-9.61E-06
13	11	0	0	0	0	0	0	232	254	0	-1.86E-05	2.62E-06	-1.17E-05	-1.31E-05
13	12	0	0	0	0	0	0	232	254	0	-1.87E-05	3.56E-06	-1.08E-05	-1.45E-05
13	13	0	0	0	0	0	0	232	254	0	-1.87E-05	3.56E-06	-1.08E-05	-1.45E-05
13	14	0	0	0	0	0	0	232	254	0	-1.93E-05	4.03E-06	-8.12E-06	-1.62E-05
13	15	0	0	0	0	0	0	232	254	0	-1.93E-05	4.03E-06	-8.12E-06	-1.62E-05
13	16	0	0	0	0	0	0	232	254	0	-2.03E-05	5.50E-06	-7.29E-06	-1.16E-05
13	17	0	0	0	0	0	0	232	254	0	-2.03E-05	5.50E-06	-7.29E-06	-1.16E-05
13	18	0	0	0	0	0	0	232	254	0	-2.03E-05	5.17E-06	-7.99E-06	-6.14E-06
13	19	0	0	0	0	0	0	232	254	0	-2.03E-05	5.17E-06	-7.99E-06	-6.14E-06
14	0	0	0	0	0	0	0	232	254	0	-1.97E-05	5.01E-06	-8.98E-06	-1.02E-05
14	1	0	0	0	0	0	0	232	254	0	-1.90E-05	6.14E-06	-9.68E-06	-1.28E-05
14	2	0	0	0	0	0	0	232	254	0	-1.90E-05	6.14E-06	-9.68E-06	-1.28E-05
14	3	0	0	0	0	0	0	232	254	0	-1.92E-05	5.37E-06	-9.28E-06	-1.19E-05
14	4	0	0	0	0	0	0	232	254	0	-1.92E-05	5.37E-06	-9.28E-06	-1.19E-05
14	5	0	0	0	0	0	0	232	254	0	-1.86E-05	3.90E-06	-9.74E-06	-1.16E-05
14	6	0	0	0	0	0	0	232	254	0	-1.86E-05	3.90E-06	-9.74E-06	-1.16E-05
14	7	0	0	0	0	0	0	232	254	0	-1.84E-05	4.33E-06	-9.61E-06	-1.22E-05
14	8	0	0	0	0	0	0	232	254	0	-1.84E-05	4.33E-06	-9.61E-06	-1.22E-05
14	9	0	0	0	0	0	0	232	254	0	-1.89E-05	5.49E-06	-8.49E-06	-1.38E-05
14	10	0	0	0	0	0	0	232	254	0	-1.88E-05	4.90E-06	-7.96E-06	-7.72E-06
14	11	0	0	0	0	0	0	232	254	0	-1.88E-05	4.90E-06	-7.96E-06	-7.72E-06
14	12	0	0	0	0	0	0	232	254	0	-2.03E-05	3.71E-06	-8.54E-06	-6.81E-06
14	13	0	0	0	0	0	0	232	254	0	-2.03E-05	3.71E-06	-8.54E-06	-6.81E-06
14	14	0	0	0	0	0	0	232	254	0	-2.05E-05	3.86E-06	-8.53E-06	-1.22E-05
14	15	0	0	0	0	0	0	232	254	0	-2.05E-05	3.86E-06	-8.53E-06	-1.22E-05
14	16	0	0	0	0	0	0	232	254	0	-2.05E-05	3.83E-06	-9.65E-06	-1.35E-05
14	17	0	0	0	0	0	0	232	254	0	-2.05E-05	3.83E-06	-9.65E-06	-1.35E-05
14	18	0	0	0	0	0	0	232	254	0	-2.21E-05	3.54E-06	-8.83E-06	-1.24E-05
14	19	0	0	0	0	0	0	232	254	0	-2.28E-05	3.55E-06	-8.29E-06	-1.39E-05
15	0	0	0	0	0	0	0	232	254	0	-2.28E-05	3.55E-06	-8.29E-06	-1.39E-05
15	1	0	0	0	0	0	0	232	254	0	-2.23E-05	2.37E-06	-8.78E-06	-1.63E-05
15	2	0	0	0	0	0	0	232	254	0	-2.23E-05	2.37E-06	-8.78E-06	-1.63E-05
15	3	0	0	0	0	0	0	232	254	0	-2.22E-05	2.48E-06	-7.77E-06	-1.65E-05
15	4	0	0	0	0	0	0	232	254	0	-2.22E-05	2.48E-06	-7.77E-06	-1.65E-05
15	5	0	0	0	0	0	0	232	254	0	-2.29E-05	2.36E-06	-8.22E-06	-1.52E-05
15	6	0	0	0	0	0	0	232	254	0	-2.29E-05	2.36E-06	-8.22E-06	-1.52E-05
15	7	0	0	0	0	0	0	232	254	0	-2.20E-05	4.03E-06	-8.33E-06	-1.29E-05
15	8	0	0	0	0	0	0	232	254	0	-2.21E-05	5.40E-06	-9.21E-06	-1.13E-05
15	9	0	0	0	0	0	0	232	254	0	-2.21E-05	5.40E-06	-9.21E-06	-1.13E-05
15	10	0	0	0	0	0	0	232	254	0	-2.31E-05	4.13E-06	-9.01E-06	-1.17E-05
15	11	0	0	0	0	0	0	232	254	0	-2.31E-05	4.13E-06	-9.01E-06	-1.17E-05
15	12	0	0	0	0	0	0	232	254	0	-2.27E-05	3.94E-06	-8.54E-06	-1.26E-05
15	13	0	0	0	0	0	0	232	254	0	-2.27E-05	3.94E-06	-8.54E-06	-1.26E-05
15	14	0	0	0	0	0	0	232	254	0	-2.28E-05	7.55E-06	-8.43E-06	-1.28E-05
15	15	0	0	0	0	0	0	232	254	0	-2.28E-05	7.55E-06	-8.43E-06	-1.28E-05
15	16	0	0	0	0	0	0	232	254	0	-2.36E-05	7.38E-06	-8.75E-06	-1.16E-05
15	17	0	0	0	0	0	0	232	254	0	-2.27E-05	5.89E-06	-8.90E-06	-1.16E-05
15	18	0	0	0	0	0	0	232	254	0	-2.27E-05	5.89E-06	-8.90E-06	-1.16E-05
15	19	0	0	0	0	0	0	232	254	0	-2.26E-05	6.03E-06	-8.84E-06	-1.18E-05
16	0	0	0	0	0	0	0	232	254	0	-2.26E-05	6.03E-06	-8.84E-06	-1.18E-05
16	1	0	0	0	0	0	0	232	254	0	-2.22E-05	5.93E-06	-8.38E-06	-1.40E-05
16	2	0	0	0	0	0	0	232	254	0	-2.22E-05	5.93E-06	-8.38E-06	-1.40E-05
16	3	0	0	0	0	0	0	232	254	0	-2.14E-05	6.40E-06	-8.29E-06	-1.43E-05
16	4	0	0	0	0	0	0	232	254	0	-2.14E-05	6.40E-06	-8.29E-06	-1.43E-05
16	5	0	0	0	0	0	0	232	254	0	-2.24E-05	6.58E-06	-8.91E-06	-1.44E-05
16	6	0	0	0	0	0	0	232	254	0	-2.31E-05	6.93E-06	-8.99E-06	-1.57E-05
16	7	0	0	0	0	0	0	232	254	0	-2.31E-05	6.93E-06	-8.99E-06	-1.57E-05
16	8	0	0	0	0	0	0	232	254	0	-2.42E-05	7.35E-06	-8.46E-06	-1.39E-05
16	9	0	0	0	0	0	0	232	254	0	-2.42E-05	7.35E-06	-8.46E-06	-1.39E-05
16	10	0	0	0	0	0	0	232	254	0	-2.45E-05	6.89E-06	-9.06E-06	-1.42E-05
16	11	0	0	0	0	0	0	232	254	0	-2.45E-05	6.89E-06	-9.06E-06	-1.42E-05
16	12	0	0	0	0	0	0	232	254	0	-2.41E-05	5.47E-06	-9.05E-06	-1.51E-05
16	13	0	0	0	0	0	0	232	254	0	-2.41E-05	5.47E-06	-9.05E-06	-1.51E-05
16	14	0	0	0	0	0	0	232	254	0	-2.47E-05	4.94E-06	-8.88E-06	-1.50E-05
16	15	0	0	0	0	0	0	232	254	0	-2.48E-05	5.63E-06	-8.75E-06	-1.41E-05
16	16	0	0	0	0	0	0	232	254	0	-2.48E-05	5.63E-06	-8.75E-06	-1.41E-05
16	17	0	0	0	0	0	0	232	254	0	-2.39E-05	6.50E-06	-8.97E-06	-1.42E-05
16	18	0	0	0	0	0	0	232	254	0	-2.39E-05	6.50E-06	-8.97E-06	-1.42E-05
16	19	0	0	0	0	0	0	232	254	0	-2.26E-05	7.55E-06	-9.60E-06	-1.33E-05
17	0	0	0	0	0	0	0	232	254	0	-2.26E-05	7.55E-06	-9.60E-06	-1.33E-05
17	1	0	0	0	0	0	0	232	254	0	-2.16E-05	7.48E-06	-9.83E-06	-1.33E-05
17	2	0	0	0	0	0	0	232	254	0	-2.16E-05	7.48E-06	-9.83E-06	-1.33E-05
17	3	0	0	0	0	0	0	232	254	0	-2.08E-05	6.78E-06	-9.18E-06	-1.37E-05
17	4	0	0	0	0	0	0	232	254	0	-2.07E-05	5.74E-06	-8.83E-06	-1.29E-05
17	5	0	0	0	0	0	0	232	254	0	-2.07E-05	5.74E-06	-8.83E-06	-1.29E-05
17	6	0	0	0	0	0	0	232	254	0	-2.16E-05	4.57E-06	-9.79E-06	-1.26E-05
17	7	0	0	0	0	0	0	232	254	0	-2.16E-05	4.57E-06	-9.79E-06	-1.26E-05
17	8	0	0	0	0	0	0	232	254	0	-2.08E-05	4.73E-06	-1.02E-05	-1.27E-05
17	9	0	0	0	0	0	0	232	254	0	-2.08E-05	4.73E-06	-1.02E-05	-1.27E-05
17	10	0	0	0	0	0	0	232	254	0	-1.96E-05	3.56E-06	-9.58E-06	-1.40E-05
17	11	0	0	0	0	0	0	232	254	0	-1.96E-05	3.56E-06	-9.58E-06	-1.40E-05
17	12	0	0	0	0	0	0	232	254	0	-1.89E-05	3.90E-06	-9.72E-06	-1.31E-05
17	13	0	0	0	0	0	0	232	254	0	-1.95E-05	4.09E-06	-9.67E-06	-1.28E-05
17	14	0	0	0	0	0	0	232	254	0	-1.95E-05	4.09E-06	-9.67E-06	-1.28E-05
17	15	0	0	0	0	0	0	232	254	0	-1.84E-05	3.15E-06	-1.07E-05	-1.36E-05
17	16	0	0	0	0	0	0	232	254	0	-1.84E-05	3.15E-06	-1.07E-05	-1.36E-05
17	17	0	0	0	0	0	0	232	254	0	-1.95E-05	2.89E-06	-1.13E-05	-1.37E-05
17	18	0	0	0	0	0	0	232	254	0	-1.95E-05	2.89E-06	-1.13E-05	-1.37E-05
17	19	0	0	0	0	0	0	232	254	0	-1.85E-05	3.22E-06	-1.03E-05	-1.44E-05
18	0	0	0	0	0	0	0	232	254	0	-1.85E-05	3.22E-06	-1.03E-05	-1.44E-05
18	1	0	0	0	0	0	0	232	254	0	-1.78E-05	3.63E-06	-1.05E-05	-1.22E-05
18	2	0	0	0	0	0	0	232	254	0	-1.95E-05	4.39E-06	-9.87E-06	-1.10E-05
18	3	0	0	0	0	0	0	232	254	0	-1.95E-05	4.39E-06	-9.87E-06	-1.10E-05
18	4	0	0	0	0	0	0	232	254	0	-1.85E-05	3.19E-06	-9.57E-06	-1.44E-05
18	5	0	0	0	0	0	0	232	254	0	-1.85E-05	3.19E-06	-9.57E-06	-1.44E-05
18	6	0	0	0	0	0	0	232	254	0	-1.91E-05	3.45E-06	-9.58E-06	-1.54E-05
18	7	0	0	0	0	0	0	232	254	0	-1.91E-05	3.45E-06	-9.58E-06	-1.54E-05
18	8	0	0	0	0	0	0	232	254	0	-1.89E-05	5.71E-06	-9.72E-06	-1.08E-05
18	9	0	0	0	0	0	0	232	254	0	-1.89E-05	5.71E-06	-9.72E-06	-1.08E-05
18	10	0	0	0	0	0	0	232	254	0	-1.80E-05	5.48E-06	-9.50E-06	-1.02E-05
18	11	0	0	0	0	0	0	232	254	0	-1.85E-05	3.49E-06	-8.83E-06	-1.27E-05
18	12	0	0	0	0	0	0	232	254	0	-1.85E-05	3.49E-06	-8.83E-06	-1.27E-05
18	13	0	0	0	0	0	0	232	254	0	-1.99E-05	3.26E-06	-8.24E-06	-1.33E-05
18	14	0	0	0	0	0	0	232	254	0	-1.99E-05	3.26E-06	-8.24E-06	-1.33E-05
18	15	0	0	0	0	0	0	232	254	0	-2.02E-05	3.96E-06	-8.48E-06	-1.35E-05
18	16	0	0	0	0	0	0	232	254	0	-2.02E-05	3.96E-06	-8.48E-06	-1.35E-05
18	17	0	0	0	0	0	0	232	254	0	-1.94E-05	4.76E-06	-9.34E-06	-1.30E-05
18	18	0	0	0	0	0	0	232	254	0	-1.94E-05	4.76E-06	-9.34E-06	-1.30E-05
18	19	0	0	0	0	0	0	232	254	0	-2.00E-05	3.93E-06	-1.01E-05	-1.39E-05
19	0	0	0	0	0	0	0	232	254	0	-2.02E-05	4.50E-06	-9.13E-06	-1.39E-05
19	1	0	0	0	0	0	0	232	254	0	-2.02E-05	4.50E-06	-9.13E-06	-1.39E-05
19	2	0	0	0	0	0	0	232	254	0	-2.08E-05	4.20E-06	-8.33E-06	-1.29E-05
19	3	0	0	0	0	0	0	232	254	0	-2.08E-05	4.20E-06	-8.33E-06	-1.29E-05
19	4	0	0	0	0	0	0	232	254	0	-2.20E-05	4.35E-06	-9.23E-06	-9.62E-06
19	5	0	0	0	0	0	0	232	254	0	-2.20E-05	4.35E-06	-9.23E-06	-9.62E-06
19	6	0	0	0	0	0	0	232	254	0	-2.20E-05	5.64E-06	-9.16E-06	-1.00E-05
19	7	0	0	0	0	0	0	232	254	0	-2.20E-05	5.64E-06	-9.16E-06	-1.00E-05
19	8	0	0	0	0	0	0	232	254	0	-2.15E-05	4.91E-06	-8.56E-06	-9.87E-06
19	9	0	0	0	0	0	0	232	254	0	-2.04E-05	4.00E-06	-8.53E-06	-1.12E-05
19	10	0	0	0	0	0	0	232	254	0	-2.04E-05	4.00E-06	-8.53E-06	-1.12E-05
19	11	0	0	0	0	0	0	232	254	0	-2.11E-05	5.17E-06	-8.17E-06	-1.21E-05
19	12	0	0	0	0	0	0	232	254	0	-2.11E-05	5.17E-06	-8.17E-06	-1.21E-05
19	13	0	0	0	0	0	0	232	254	0	-2.24E-05	4.59E-06	-7.81E-06	-1.12E-05
19	14	0	0	0	0	0	0	232	254	0	-2.24E-05	4.59E-06	-7.81E-06	-1.12E-05
19	15	0	0	0	0	0	0	232	254	0	-2.34E-05	2.27E-06	-8.58E-06	-1.02E-05
19	16	0	0	0	0	0	0	232	254	0	-2.34E-05	2.27E-06	-8.58E-06	-1.02E-05
19	17	0	0	0	0	0	0	232	254	0	-2.42E-05	3.14E-06	-8.75E-06	-7.95E-06
19	18	0	0	0	0	0	0	232	254	0	-2.30E-05	4.16E-06	-8.90E-06	-5.78E-06
19	19	0	0	0	0	0	0	232	254	0	-2.30E-05	4.16E-06	-8.90E-06	-5.78E-06
20	0	0	0	0	0	0	0	232	254	0	-2.30E-05	3.79E-06	-8.83E-06	-7.96E-06
20	1	0	0	0	0	0	0	232	254	0	-2.30E-05	3.79E-06	-8.83E-06	-7.96E-06
20	2	0	0	0	0	0	0	232	254	0	-2.30E-05	3.34E-06	-8.24E-06	-9.69E-06
20	3	0	0	0	0	0	0	232	254	0	-2.30E-05	3.34E-06	-8.24E-06	-9.69E-06
20	4	0	0	0	0	0	0	232	254	0	-2.27E-05	4.63E-06	-8.50E-06	-1.99E-05
20	5	0	0	0	0	0	0	232	254	0	-2.27E-05	4.63E-06	-8.50E-06	-1.99E-05
20	6	0	0	0	0	0	0	232	254	0	-2.29E-05	3.99E-06	-9.28E-06	-2.29E-05
20	7	0	0	0	0	0	0	232	254	0	-2.16E-05	3.71E-06	-8.16E-06	-1.87E-05
20	8	0	0	0	0	0	0	232	254	0	-2.16E-05	3.71E-06	-8.16E-06	-1.87E-05
20	9	0	0	0	0	0	0	232	254	0	-2.09E-05	3.93E-06	-7.66E-06	-1.63E-05
20	10	0	0	0	0	0	0	232	254	0	-2.09E-05	3.93E-06	-7.66E-06	-1.63E-05
20	11	0	0	0	0	0	0	232	254	0	-2.04E-05	4.53E-06	-8.53E-06	-1.41E-05
20	12	0	0	0	0	0	0	232	254	0	-2.04E-05	4.53E-06	-8.53E-06	-1.41E-05
20	13	0	0	0	0	0	0	232	254	0	-1.99E-05	4.41E-06	-8.22E-06	-1.56E-05
20	14	0	0	0	0	0	0	232	254	0	-1.99E-05	4.41E-06	-8.22E-06	-1.56E-05
20	15	0	0	0	0	0	0	232	254	0	-1.95E-05	3.55E-06	-8.16E-06	-1.46E-05
20	16	0	0	0	0	0	0	232	254	0	-2.01E-05	5.27E-06	-7.69E-06	-1.02E-05
20	17	0	0	0	0	0	0	232	254	0	-2.01E-05	5.27E-06	-7.69E-06	-1.02E-05
20	18	0	0	0	0	0	0	232	254	0	-2.14E-05	5.72E-06	-9.03E-06	-6.77E-06
20	19	0	0	0	0	0	0	232	254	0	-2.14E-05	5.72E-06	-9.03E-06	-6.77E-06
21	0	0	0	0	0	0	0	232	254	0	-2.15E-05	4.45E-06	-1.02E-05	-4.36E-06
21	1	0	0	0	0	0	0	232	254	0	-2.15E-05	4.45E-06	-1.02E-05	-4.36E-06
21	2	0	0	0	0	0	0	232	254	0	-1.97E-05	5.20E-06	-9.83E-06	-4.73E-06
21	3	0	0	0	0	0	0	232	254	0	-1.97E-05	5.20E-06	-9.83E-06	-4.73E-06
21	4	0	0	0	0	0	0	232	254	0	-1.82E-05	5.24E-06	-9.16E-06	-8.81E-06
21	5	0	0	0	0	0	0	232	254	0	-1.78E-05	5.50E-06	-8.54E-06	-1.70E-05
21	6	0	0	0	0	0	0	232	254	0	-1.78E-05	5.50E-06	-8.54E-06	-1.70E-05
21	7	0	0	0	0	0	0	232	254	0	-1.80E-05	5.20E-06	-8.24E-06	-1.81E-05
21	8	0	0	0	0	0	0	232	254	0	-1.80E-05	5.20E-06	-8.24E-06	-1.81E-05
21	9	0	0	0	0	0	0	232	254	0	-1.85E-05	5.20E-06	-6.95E-06	-1.49E-05
21	10	0	0	0	0	0	0	232	254	0	-1.85E-05	5.20E-06	-6.95E-06	-1.49E-05
21	11	0	0	0	0	0	0	232	254	0	-1.90E-05	5.13E-06	-7.67E-06	-1.48E-05
21	12	0	0	0	0	0	0	232	254	0	-1.90E-05	5.13E-06	-7.67E-06	-1.48E-05
21	13	0	0	0	0	0	0	232	254	0	-1.95E-05	4.53E-06	-8.85E-06	-1.53E-05
21	14	0	0	0	0	0	0	232	254	0	-2.11E-05	4.57E-06	-9.96E-06	-1.56E-05
21	15	0	0	0	0	0	0	232	254	0	-2.11E-05	4.57E-06	-9.96E-06	-1.56E-05
21	16	0	0	0	0	0	0	232	254	0	-2.04E-05	4.78E-06	-1.03E-05	-1.49E-05
21	17	0	0	0	0	0	0	232	254	0	-2.04E-05	4.78E-06	-1.03E-05	-1.49E-05
21	18	0	0	0	0	0	0	232	254	0	-2.18E-05	4.05E-06	-9.75E-06	-1.29E-05
21	19	0	0	0	0	0	0	232	254	0	-2.18E-05	4.05E-06	-9.75E-06	-1.29E-05
22	0	0	0	0	0	0	0	232	254	0	-2.33E-05	4.16E-06	-1.00E-05	-1.27E-05
22	1	0	0	0	0	0	0	232	254	0	-2.33E-05	4.16E-06	-1.00E-05	-1.27E-05
22	2	0	0	0	0	0	0	232	254	0	-2.26E-05	3.91E-06	-1.11E-05	-1.33E-05
22	3	0	0	0	0	0	0	232	254	0	-2.24E-05	4.43E-06	-1.07E-05	-1.34E-05
22	4	0	0	0	0	0	0	232	254	0	-2.24E-05	4.43E-06	-1.07E-05	-1.34E-05
22	5	0	0	0	0	0	0	232	254	0	-2.24E-05	4.88E-06	-9.41E-06	-1.18E-05
22	6	0	0	0	0	0	0	232	254	0	-2.24E-05	4.88E-06	-9.41E-06	-1.18E-05
22	7	0	0	0	0	0	0	232	254	0	-2.05E-05	3.61E-06	-1.09E-05	-1.23E-05
22	8	0	0	0	0	0	0	232	254	0	-2.05E-05	3.61E-06	-1.09E-05	-1.23E-05
22	9	0	0	0	0	0	0	232	254	0	-2.05E-05	4.50E-06	-1.08E-05	-1.28E-05
22	10	0	0	0	0	0	0	232	254	0	-2.05E-05	4.50E-06	-1.08E-05	-1.28E-05
22	11	0	0	0	0	0	0	232	254	0	-2.20E-05	5.78E-06	-1.03E-05	-1.11E-05
22	12	0	0	0	0	0	0	232	254	0	-2.08E-05	6.38E-06	-1.05E-05	-1.02E-05
22	13	0	0	0	0	0	0	232	254	0	-2.08E-05	6.38E-06	-1.05E-05	-1.02E-05
22	14	0	0	0	0	0	0	232	254	0	-1.98E-05	6.19E-06	-9.52E-06	-1.16E-05
22	15	0	0	0	0	0	0	232	254	0	-1.98E-05	6.19E-06	-9.52E-06	-1.16E-05
22	16	0	0	0	0	0	0	232	254	0	-2.16E-05	4.60E-06	-9.25E-06	-9.68E-06
22	17	0	0	0	0	0	0	232	254	0	-2.16E-05	4.60E-06	-9.25E-06	-9.68E-06
22	18	0	0	0	0	0	0	232	254	0	-2.25E-05	5.19E-06	-1.10E-05	-8.12E-06
22	19	0	0	0	0	0	0	232	254	0	-2.25E-05	5.19E-06	-1.10E-05	-8.12E-06
23	0	0	0	0	0	0	0	232	254	0	-2.09E-05	4.98E-06	-1.17E-05	-1.18E-05
23	1	0	0	0	0	0	0	232	254	0	-2.08E-05	4.57E-06	-1.00E-05	-1.37E-05
23	2	0	0	0	0	0	0	232	254	0	-2.08E-05	4.57E-06	-1.00E-05	-1.37E-05
23	3	0	0	0	0	0	0	232	254	0	-2.21E-05	4.80E-06	-7.97E-06	-1.47E-05
23	4	0	0	0	0	0	0	232	254	0	-2.21E-05	4.80E-06	-7.97E-06	-1.47E-05
23	5	0	0	0	0	0	0	232	254	0	-2.26E-05	4.20E-06	-7.32E-06	-1.21E-05
23	6	0	0	0	0	0	0	232	254	0	-2.26E-05	4.20E-06	-7.32E-06	-1.21E-05
23	7	0	0	0	0	0	0	232	254	0	-2.18E-05	4.20E-06	-8.26E-06	-1.15E-05
23	8	0	0	0	0	0	0	232	254	0	-2.18E-05	4.20E-06	-8.26E-06	-1.15E-05
23	9	0	0	0	0	0	0	232	254	0	-2.14E-05	4.09E-06	-8.44E-06	-1.54E-05
23	10	0	0	0	0	0	0	232	254	0	-2.21E-05	3.29E-06	-7.44E-06	-1.37E-05
23	11	0	0	0	0	0	0	232	254	0	-2.21E-05	3.29E-06	-7.44E-06	-1.37E-05
23	12	0	0	0	0	0	0	232	254	0	-2.34E-05	4.34E-06	-7.96E-06	-1.13E-05
23	13	0	0	0	0	0	0	232	254	0	-2.34E-05	4.34E-06	-7.96E-06	-1.13E-05
23	14	0	0	0	0	0	0	232	254	0	-2.39E-05	5.59E-06	-8.46E-06	-1.18E-05
23	15	0	0	0	0	0	0	232	254	0	-2.39E-05	5.59E-06	-8.46E-06	-1.18E-05
23	16	0	0	0	0	0	0	232	254	0	-2.34E-05	5.92E-06	-7.66E-06	-1.23E-05
23	17	0	0	0	0	0	0	232	254	0	-2.34E-05	5.92E-06	-7.66E-06	-1.23E-05
23	18	0	0	0	0	0	0	232	254	0	-2.36E-05	4.83E-06	-8.63E-06	-1.30E-05
23	19	0	0	0	0	0	0	232	254	0	-2.30E-05	4.65E-06	-9.32E-06	-1.38E-05
24	0	0	0	0	0	0	0	232	254	0	-2.30E-05	4.65E-06	-9.32E-06	-1.38E-05
24	1	0	0	0	0	0	0	232	254	0	-2.27E-05	5.72E-06	-9.93E-06	-1.38E-05
24	2	0	0	0	0	0	0	232	254	0	-2.27E-05	5.72E-06	-9.93E-06	-1.38E-05
24	3	0	0	0	0	0	0	232	254	0	-2.24E-05	5.91E-06	-8.90E-06	-1.25E-05
24	4	0	0	0	0	0	0	232	254	0	-2.24E-05	5.91E-06	-8.90E-06	-1.25E-05
24	5	0	0	0	0	0	0	232	254	0	-1.99E-05	6.25E-06	-1.04E-05	-8.97E-06
24	6	0	0	0	0	0	0	232	254	0	-1.99E-05	6.25E-06	-1.04E-05	-8.97E-06
24	7	0	0	0	0	0	0	232	254	0	-1.91E-05	6.51E-06	-1.05E-05	-7.22E-06
24	8	0	0	0	0	0	0	232	254	0	-2.04E-05	6.11E-06	-9.87E-06	-1.20E-05
24	9	0	0	0	0	0	0	232	254	0	-2.04E-05	6.11E-06	-9.87E-06	-1.20E-05
24	10	0	0	0	0	0	0	232	254	0	-2.09E-05	5.03E-06	-9.39E-06	-1.56E-05
24	11	0	0	0	0	0	0	232	254	0	-2.09E-05	5.03E-06	-9.39E-06	-1.56E-05
24	12	0	0	0	0	0	0	232	254	0	-2.17E-05	3.42E-06	-7.84E-06	-1.59E-05
24	13	0	0	0	0	0	0	232	254	0	-2.17E-05	3.42E-06	-7.84E-06	-1.59E-05
24	14	0	0	0	0	0	0	232	254	0	-2.15E-05	2.55E-06	-7.19E-06	-1.81E-05
24	15	0	0	0	0	0	0	232	254	0	-2.15E-05	2.55E-06	-7.19E-06	-1.81E-05
24	16	0	0	0	0	0	0	232	254	0	-1.99E-05	2.96E-06	-5.63E-06	-1.61E-05
24	17	0	0	0	0	0	0	232	254	0	-2.11E-05	3.96E-06	-6.76E-06	-1.27E-05
24	18	0	0	0	0	0	0	232	254	0	-2.11E-05	3.96E-06	-6.76E-06	-1.27E-05
24	19	0	0	0	0	0	0	232	254	0	-2.16E-05	4.76E-06	-9.97E-06	-1.34E-05
25	0	0	0	0	0	0	0	232	254	0	-2.16E-05	4.76E-06	-9.97E-06	-1.34E-05
25	1	0	0	0	0	0	0	232	254	0	-2.14E-05	3.76E-06	-9.15E-06	-1.17E-05
25	2	0	0	0	0	0	0	232	254	0	-2.14E-05	3.76E-06	-9.15E-06	-1.17E-05
25	3	0	0	0	0	0	0	232	254	0	-2.25E-05	2.92E-06	-1.00E-05	-1.30E-05
25	4	0	0	0	0	0	0	232	254	0	-2.25E-05	2.92E-06	-1.00E-05	-1.30E-05
25	5	0	0	0	0	0	0	232	254	0	-2.24E-05	3.54E-06	-1.07E-05	-1.90E-05
25	6	0	0	0	0	0	0	232	254	0	-2.03E-05	3.74E-06	-8.98E-06	-1.70E-05
25	7	0	0	0	0	0	0	232	254	0	-2.03E-05	3.74E-06	-8.98E-06	-1.70E-05
25	8	0	0	0	0	0	0	232	254	0	-2.04E-05	4.13E-06	-8.35E-06	-1.06E-05
25	9	0	0	0	0	0	0	232	254	0	-2.04E-05	4.13E-06	-8.35E-06	-1.06E-05
25	10	0	0	0	0	0	0	232	254	0	-2.18E-05	3.63E-06	-9.31E-06	-1.25E-05
25	11	0	0	0	0	0	0	232	254	0	-2.18E-05	3.63E-06	-9.31E-06	-1.25E-05
25	12	0	0	0	0	0	0	232	254	0	-2.29E-05	4.65E-06	-8.61E-06	-1.75E-05
25	13	0	0	0	0	0	0	232	254	0	-2.29E-05	4.65E-06	-8.61E-06	-1.75E-05
25	14	0	0	0	0	0	0	232	254	0	-2.19E-05	5.72E-06	-9.12E-06	-1.57E-05
25	15	0	0	0	0	0	0	232	254	0	-2.10E-05	5.81E-06	-9.60E-06	-1.33E-05
25	16	0	0	0	0	0	0	232	254	0	-2.10E-05	5.81E-06	-9.60E-06	-1.33E-05
25	17	0	0	0	0	0	0	232	254	0	-2.11E-05	5.20E-06	-9.73E-06	-1.04E-05
25	18	0	0	0	0	0	0	232	254	0	-2.11E-05	5.20E-06	-9.73E-06	-1.04E-05
25	19	0	0	0	0	0	0	232	254	0	-2.20E-05	5.20E-06	-8.26E-06	-9.16E-06
26	0	0	0	0	0	0	0	232	254	0	-2.20E-05	5.20E-06	-8.26E-06	-9.16E-06
26	1	0	0	0	0	0	0	232	254	0	-2.16E-05	5.27E-06	-8.68E-06	-8.73E-06
26	2	0	0	0	0	0	0	232	254	0	-2.16E-05	5.27E-06	-8.68E-06	-8.73E-06
26	3	0	0	0	0	0	0	232	254	0	-2.10E-05	6.00E-06	-9.75E-06	-1.03E-05
26	4	0	0	0	0	0	0	232	254	0	-2.05E-05	7.00E-06	-9.82E-06	-1.05E-05
26	5	0	0	0	0	0	0	232	254	0	-2.05E-05	7.00E-06	-9.82E-06	-1.05E-05
26	6	0	0	0	0	0	0	232	254	0	-1.82E-05	6.48E-06	-9.08E-06	-9.76E-06
26	7	0	0	0	0	0	0	232	254	0	-1.82E-05	6.48E-06	-9.08E-06	-9.76E-06
26	8	0	0	0	0	0	0	232	254	0	-1.87E-05	5.87E-06	-9.16E-06	-1.14E-05
26	9	0	0	0	0	0	0	232	254	0	-1.87E-05	5.87E-06	-9.16E-06	-1.14E-05
26	10	0	0	0	0	0	0	232	254	0	-1.94E-05	5.77E-06	-8.53E-06	-1.17E-05
26	11	0	0	0	0	0	0	232	254	0	-1.94E-05	5.77E-06	-8.53E-06	-1.17E-05
26	12	0	0	0	0	0	0	232	254	0	-2.01E-05	4.82E-06	-8.36E-06	-1.13E-05
26	13	0	0	0	0	0	0	232	254	0	-1.93E-05	4.38E-06	-9.50E-06	-1.14E-05
26	14	0	0	0	0	0	0	232	254	0	-1.93E-05	4.38E-06	-9.50E-06	-1.14E-05
26	15	0	0	0	0	0	0	232	254	0	-1.84E-05	4.67E-06	-8.97E-06	-1.08E-05
26	16	0	0	0	0	0	0	232	254	0	-1.84E-05	4.67E-06	-8.97E-06	-1.08E-05
26	17	0	0	0	0	0	0	232	254	0	-1.97E-05	5.89E-06	-9.64E-06	-6.76E-06
26	18	0	0	0	0	0	0	232	254	0	-1.97E-05	5.89E-06	-9.64E-06	-6.76E-06
26	19	0	0	0	0	0	0	232	254	0	-2.03E-05	5.89E-06	-1.02E-05	-5.97E-06
27	0	0	0	0	0	0	0	232	254	0	-2.03E-05	5.89E-06	-1.02E-05	-5.97E-06
27	1	0	0	0	0	0	0	232	254	0	-2.06E-05	4.36E-06	-9.97E-06	-8.12E-06
27	2	0	0	0	0	0	0	232	254	0	-2.14E-05	2.92E-06	-1.06E-05	-7.60E-06
27	3	0	0	0	0	0	0	232	254	0	-2.14E-05	2.92E-06	-1.06E-05	-7.60E-06
27	4	0	0	0	0	0	0	232	254	0	-2.18E-05	3.49E-06	-1.09E-05	-1.17E-05
27	5	0	0	0	0	0	0	232	254	0	-2.18E-05	3.49E-06	-1.09E-05	-1.17E-05
27	6	0	0	0	0	0	0	232	254	0	-2.18E-05	3.36E-06	-9.06E-06	-1.89E-05
27	7	0	0	0	0	0	0	232	254	0	-2.18E-05	3.36E-06	-9.06E-06	-1.89E-05
27	8	0	0	0	0	0	0	232	254	0	-2.19E-05	5.02E-06	-7.66E-06	-1.75E-05
27	9	0	0	0	0	0	0	232	254	0	-2.19E-05	5.02E-06	-7.66E-06	-1.75E-05
27	10	0	0	0	0	0	0	232	254	0	-2.22E-05	6.36E-06	-8.61E-06	-1.33E-05
27	11	0	0	0	0	0	0	232	254	0	-2.22E-05	6.18E-06	-9.01E-06	-1.47E-05
27	12	0	0	0	0	0	0	232	254	0	-2.22E-05	6.18E-06	-9.01E-06	-1.47E-05
27	13	0	0	0	0	0	0	232	254	0	-2.12E-05	5.94E-06	-8.46E-06	-1.25E-05
27	14	0	0	0	0	0	0	232	254	0	-2.12E-05	5.94E-06	-8.46E-06	-1.25E-05
27	15	0	0	0	0	0	0	232	254	0	-2.09E-05	6.39E-06	-7.61E-06	-1.07E-05
27	16	0	0	0	0	0	0	232	254	0	-2.09E-05	6.39E-06	-7.61E-06	-1.07E-05
27	17	0	0	0	0	0	0	232	254	0	-2.29E-05	4.98E-06	-8.11E-06	-1.31E-05
27	18	0	0	0	0	0	0	232	254	0	-2.29E-05	4.98E-06	-8.11E-06	-1.31E-05
27	19	0	0	0	0	0	0	232	254	0	-2.49E-05	4.58E-06	-8.61E-06	-1.42E-05
28	0	0	0	0	0	0	0	232	254	0	-2.39E-05	4.91E-06	-9.12E-06	-1.00E-05
28	1	0	0	0	0	0	0	232	254	0	-2.39E-05	4.91E-06	-9.12E-06	-1.00E-05
28	2	0	0	0	0	0	0	232	254	0	-2.30E-05	3.83E-06	-9.57E-06	-8.64E-06
28	3	0	0	0	0	0	0	232	254	0	-2.30E-05	3.83E-06	-9.57E-06	-8.64E-06
28	4	0	0	0	0	0	0	232	254	0	-2.32E-05	3.59E-06	-9.50E-06	-1.24E-05
28	5	0	0	0	0	0	0	232	254	0	-2.32E-05	3.59E-06	-9.50E-06	-1.24E-05
28	6	0	0	0	0	0	0	232	254	0	-2.36E-05	4.16E-06	-8.76E-06	-1.36E-05
28	7	0	0	0	0	0	0	232	254	0	-2.36E-05	4.16E-06	-8.76E-06	-1.36E-05
28	8	0	0	0	0	0	0	232	254	0	-2.25E-05	3.86E-06	-7.62E-06	-1.23E-05
28	9	0	0	0	0	0	0	232	254	0	-2.07E-05	3.70E-06	-8.33E-06	-1.09E-05
28	10	0	0	0	0	0	0	232	254	0	-2.07E-05	3.70E-06	-8.33E-06	-1.09E-05
28	11	0	0	0	0	0	0	232	254	0	-2.08E-05	2.47E-06	-9.34E-06	-1.11E-05
28	12	0	0	0	0	0	0	232	254	0	-2.08E-05	2.47E-06	-9.34E-06	-1.11E-05
28	13	0	0	0	0	0	0	232	254	0	-2.06E-05	3.66E-06	-1.02E-05	-1.19E-05
28	14	0	0	0	0	0	0	232	254	0	-2.06E-05	3.66E-06	-1.02E-05	-1.19E-05
28	15	0	0	0	0	0	0	232	254	0	-2.00E-05	4.90E-06	-9.80E-06	-1.29E-05
28	16	0	0	0	0	0	0	232	254	0	-2.00E-05	4.90E-06	-9.80E-06	-1.29E-05
28	17	0	0	0	0	0	0	232	254	0	-2.00E-05	5.19E-06	-8.93E-06	-1.12E-05
28	18	0	0	0	0	0	0	232	254	0	-1.99E-05	5.02E-06	-9.23E-06	-1.43E-05
28	19	0	0	0	0	0	0	232	254	0	-1.99E-05	5.02E-06	-9.23E-06	-1.43E-05
29	0	0	0	0	0	0	0	232	254	0	-2.05E-05	4.87E-06	-9.13E-06	-1.77E-05
29	1	0	0	0	0	0	0	232	254	0	-2.05E-05	4.87E-06	-9.13E-06	-1.77E-05
29	2	0	0	0	0	0	0	232	254	0	-2.10E-05	4.83E-06	-8.22E-06	-1.48E-05
29	3	0	0	0	0	0	0	232	254	0	-2.10E-05	4.83E-06	-8.22E-06	-1.48E-05
29	4	0	0	0	0	0	0	232	254	0	-2.13E-05	4.64E-06	-8.26E-06	-1.11E-05
29	5	0	0	0	0	0	0	232	254	0	-2.13E-05	4.64E-06	-8.26E-06	-1.11E-05
29	6	0	0	0	0	0	0	232	254	0	-2.15E-05	5.49E-06	-8.66E-06	-1.45E-05
29	7	0	0	0	0	0	0	232	254	0	-2.11E-05	4.91E-06	-9.58E-06	-1.86E-05
29	8	0	0	0	0	0	0	232	254	0	-2.11E-05	4.91E-06	-9.58E-06	-1.86E-05
29	9	0	0	0	0	0	0	232	254	0	-2.07E-05	3.86E-06	-9.67E-06	-1.48E-05
29	10	0	0	0	0	0	0	232	254	0	-2.07E-05	3.86E-06	-9.67E-06	-1.48E-05
29	11	0	0	0	0	0	0	232	254	0	-2.18E-05	3.83E-06	-9.05E-06	-1.06E-05
29	12	0	0	0	0	0	0	232	254	0	-2.18E-05	3.83E-06	-9.05E-06	-1.06E-05
29	13	0	0	0	0	0	0	232	254	0	-2.30E-05	3.56E-06	-8.93E-06	-1.42E-05
29	14	0	0	0	0	0	0	232	254	0	-2.30E-05	3.56E-06	-8.93E-06	-1.42E-05
29	15	0	0	0	0	0	0	232	254	0	-2.30E-05	3.91E-06	-9.18E-06	-1.78E-05
29	16	0	0	0	0	0	0	232	254	0	-2.27E-05	4.29E-06	-8.69E-06	-1.70E-05
29	17	0	0	0	0	0	0	232	254	0	-2.27E-05	4.29E-06	-8.69E-06	-1.70E-05
29	18	0	0	0	0	0	0	232	254	0	-2.27E-05	3.71E-06	-8.53E-06	-1.15E-05
29	19	0	0	0	0	0	0	232	254	0	-2.27E-05	3.71E-06	-8.53E-06	-1.15E-05
30	0	0	0	0	0	0	0	232	254	0	-2.29E-05	3.96E-06	-9.96E-06	-9.64E-06
30	1	0	0	0	0	0	0	232	254	0	-2.29E-05	3.96E-06	-9.96E-06	-9.64E-06
30	2	0	0	0	0	0	0	232	254	0	-2.18E-05	4.83E-06	-1.19E-05	-1.02E-05
30	3	0	0	0	0	0	0	232	254	0	-2.18E-05	4.83E-06	-1.19E-05	-1.02E-05
30	4	0	0	0	0	0	0	232	254	0	-2.16E-05	4.50E-06	-1.17E-05	-9.58E-06
30	5	0	0	0	0	0	0	232	254	0	-2.12E-05	4.16E-06	-1.10E-05	-1.09E-05
30	6	0	0	0	0	0	0	232	254	0	-2.12E-05	4.16E-06	-1.10E-05	-1.09E-05
30	7	0	0	0	0	0	0	232	254	0	-2.03E-05	3.88E-06	-1.01E-05	-2.16E-05
30	8	0	0	0	0	0	0	232	254	0	-2.03E-05	3.88E-06	-1.01E-05	-2.16E-05
30	9	0	0	0	0	0	0	232	254	0	-2.03E-05	4.22E-06	-6.89E-06	-2.61E-05
30	10	0	0	0	0	0	0	232	254	0	-2.03E-05	4.22E-06	-6.89E-06	-2.61E-05
30	11	0	0	0	0	0	0	232	254	0	-2.00E-05	5.84E-06	-5.71E-06	-1.69E-05
30	12	0	0	0	0	0	0	232	254	0	-2.00E-05	5.84E-06	-5.71E-06	-1.69E-05
30	13	0	0	0	0	0	0	232	254	0	-2.14E-05	5.50E-06	-7.29E-06	-7.55E-06
30	14	0	0	0	0	0	0	232	254	0	-2.19E-05	5.13E-06	-7.92E-06	-7.80E-06
30	15	0	0	0	0	0	0	232	254	0	-2.19E-05	5.13E-06	-7.92E-06	-7.80E-06
30	16	0	0	0	0	0	0	232	254	0	-2.10E-05	4.50E-06	-8.35E-06	-1.03E-05
30	17	0	0	0	0	0	0	232	254	0	-2.10E-05	4.50E-06	-8.35E-06	-1.03E-05
30	18	0	0	0	0	0	0	232	254	0	-2.13E-05	4.28E-06	-9.24E-06	-1.40E-05
30	19	0	0	0	0	0	0	232	254	0	-2.13E-05	4.28E-06	-9.24E-06	-1.40E-05
31	0	0	0	0	0	0	0	232	254	0	-2.08E-05	5.02E-06	-7.85E-06	-1.74E-05
31	1	0	0	0	0	0	0	232	254	0	-2.08E-05	5.02E-06	-7.85E-06	-1.74E-05
31	2	0	0	0	0	0	0	232	254	0	-1.94E-05	4.76E-06	-7.62E-06	-1.27E-05
31	3	0	0	0	0	0	0	232	254	0	-1.91E-05	4.05E-06	-8.33E-06	-1.09E-05
31	4	0	0	0	0	0	0	232	254	0	-1.91E-05	4.05E-06	-8.33E-06	-1.09E-05
31	5	0	0	0	0	0	0	232	254	0	-1.99E-05	5.59E-06	-9.20E-06	-1.22E-05
31	6	0	0	0	0	0	0	232	254	0	-1.99E-05	5.59E-06	-9.20E-06	-1.22E-05
31	7	0	0	0	0	0	0	232	254	0	-2.04E-05	4.57E-06	-8.93E-06	-1.18E-05
31	8	0	0	0	0	0	0	232	254	0	-2.04E-05	4.57E-06	-8.93E-06	-1.18E-05
31	9	0	0	0	0	0	0	232	254	0	-1.95E-05	4.90E-06	-9.27E-06	-1.11E-05
31	10	0	0	0	0	0	0	232	254	0	-1.95E-05	4.90E-06	-9.27E-06	-1.11E-05
31	11	0	0	0	0	0	0	232	254	0	-2.00E-05	5.01E-06	-9.64E-06	-1.16E-05
31	12	0	0	0	0	0	0	232	254	0	-1.98E-05	3.39E-06	-1.03E-05	-1.28E-05
31	13	0	0	0	0	0	0	232	254	0	-1.98E-05	3.39E-06	-1.03E-05	-1.28E-05
31	14	0	0	0	0	0	0	232	254	0	-1.85E-05	3.78E-06	-1.08E-05	-1.11E-05
31	15	0	0	0	0	0	0	232	254	0	-1.85E-05	3.78E-06	-1.08E-05	-1.11E-05
31	16	0	0	0	0	0	0	232	254	0	-1.92E-05	4.51E-06	-9.94E-06	-5.56E-06
31	17	0	0	0	0	0	0	232	254	0	-1.92E-05	4.51E-06	-9.94E-06	-5.56E-06
31	18	0	0	0	0	0	0	232	254	0	-1.98E-05	4.38E-06	-1.02E-05	-2.99E-06
31	19	0	0	0	0	0	0	232	254	0	-1.98E-05	4.38E-06	-1.02E-05	-2.99E-06
32	0	0	0	0	0	0	0	232	254	0	-2.09E-05	4.50E-06	-9.60E-06	-4.54E-06
32	1	0	0	0	0	0	0	232	254	0	-2.04E-05	4.30E-06	-9.97E-06	-8.98E-06
32	2	0	0	0	0	0	0	232	254	0	-2.04E-05	4.30E-06	-9.97E-06	-8.98E-06
32	3	0	0	0	0	0	0	232	254	0	-2.14E-05	5.26E-06	-1.06E-05	-2.11E-05
32	4	0	0	0	0	0	0	232	254	0	-2.14E-05	5.26E-06	-1.06E-05	-2.11E-05
32	5	0	0	0	0	0	0	232	254	0	-2.15E-05	5.53E-06	-1.04E-05	-1.79E-05
32	6	0	0	0	0	0	0	232	254	0	-2.15E-05	5.53E-06	-1.04E-05	-1.79E-05
32	7	0	0	0	0	0	0	232	254	0	-2.01E-05	4.15E-06	-1.07E-05	-5.19E-06
32	8	0	0	0	0	0	0	232	254	0	-2.01E-05	4.15E-06	-1.07E-05	-5.19E-06
32	9	0	0	0	0	0	0	232	254	0	-2.11E-05	5.29E-06	-1.13E-05	-2.74E-06
32	10	0	0	0	0	0	0	232	254	0	-2.16E-05	5.99E-06	-8.38E-06	-7.97E-06
32	11	0	0	0	0	0	0	232	254	0	-2.16E-05	5.99E-06	-8.38E-06	-7.97E-06
32	12	0	0	0	0	0	0	232	254	0	-2.14E-05	5.57E-06	-8.24E-06	-1.26E-05
32	13	0	0	0	0	0	0	232	254	0	-2.14E-05	5.57E-06	-8.24E-06	-1.26E-05
32	14	0	0	0	0	0	0	232	254	0	-2.21E-05	5.86E-06	-8.32E-06	-2.20E-05
32	15	0	0	0	0	0	0	232	254	0	-2.21E-05	5.86E-06	-8.32E-06	-2.20E-05
32	16	0	0	0	0	0	0	232	254	0	-2.28E-05	5.62E-06	-7.44E-06	-2.77E-05
32	17	0	0	0	0	0	0	232	254	0	-2.28E-05	5.62E-06	-7.44E-06	-2.77E-05
32	18	0	0	0	0	0	0	232	254	0	-2.39E-05	5.02E-06	-5.12E-06	-2.13E-05
32	19	0	0	0	0	0	0	232	254	0	-2.30E-05	6.26E-06	-6.26E-06	-1.52E-05
33	0	0	0	0	0	0	0	232	254	0	-2.30E-05	6.26E-06	-6.26E-06	-1.52E-05
33	1	0	0	0	0	0	0	232	254	0	-2.30E-05	5.06E-06	-9.64E-06	-1.46E-05
33	2	0	0	0	0	0	0	232	254	0	-2.30E-05	5.06E-06	-9.64E-06	-1.46E-05
33	3	0	0	0	0	0	0	232	254	0	-2.31E-05	3.97E-06	-1.00E-05	-1.54E-05
33	4	0	0	0	0	0	0	232	254	0	-2.31E-05	3.97E-06	-1.00E-05	-1.54E-05
33	5	0	0	0	0	0	0	232	254	0	-2.22E-05	4.83E-06	-8.19E-06	-1.40E-05
33	6	0	0	0	0	0	0	232	254	0	-2.22E-05	4.83E-06	-8.19E-06	-1.40E-05
33	7	0	0	0	0	0	0	232	254	0	-2.30E-05	4.51E-06	-7.85E-06	-1.41E-05
33	8	0	0	0	0	0	0	232	254	0	-2.30E-05	4.56E-06	-7.57E-06	-1.19E-05
33	9	0	0	0	0	0	0	232	254	0	-2.30E-05	4.56E-06	-7.57E-06	-1.19E-05
33	10	0	0	0	0	0	0	232	254	0	-2.36E-05	6.18E-06	-7.91E-06	-7.41E-06
33	11	0	0	0	0	0	0	232	254	0	-2.36E-05	6.18E-06	-7.91E-06	-7.41E-06
33	12	0	0	0	0	0	0	232	254	0	-2.44E-05	5.77E-06	-9.52E-06	-6.33E-06
33	13	0	0	0	0	0	0	232	254	0	-2.44E-05	5.77E-06	-9.52E-06	-6.33E-06
33	14	0	0	0	0	0	0	232	254	0	-2.32E-05	4.78E-06	-9.06E-06	-7.61E-06
33	15	0	0	0	0	0	0	232	254	0	-2.32E-05	4.78E-06	-9.06E-06	-7.61E-06
33	16	0	0	0	0	0	0	232	254	0	-2.16E-05	3.99E-06	-9.22E-06	-9.71E-06
33	17	0	0	0	0	0	0	232	254	0	-2.07E-05	3.68E-06	-1.05E-05	-1.09E-05
33	18	0	0	0	0	0	0	232	254	0	-2.07E-05	3.68E-06	-1.05E-05	-1.09E-05
33	19	0	0	0	0	0	0	232	254	0	-2.02E-05	3.56E-06	-1.03E-05	-1.08E-05
34	0	0	0	0	0	0	0	232	254	0	-2.02E-05	3.56E-06	-1.03E-05	-1.08E-05
34	1	0	0	0	0	0	0	232	254	0	-2.09E-05	3.93E-06	-1.05E-05	-9.90E-06
34	2	0	0	0	0	0	0	232	254	0	-2.09E-05	3.93E-06	-1.05E-05	-9.90E-06
34	3	0	0	0	0	0	0	232	254	0	-2.14E-05	4.53E-06	-1.02E-05	-9.87E-06
34	4	0	0	0	0	0	0	232	254	0	-2.14E-05	4.53E-06	-1.02E-05	-9.87E-06
34	5	0	0	0	0	0	0	232	254	0	-2.15E-05	4.60E-06	-1.02E-05	-9.43E-06
34	6	0	0	0	0	0	0	232	254	0	-2.04E-05	5.20E-06	-1.04E-05	-8.59E-06
34	7	0	0	0	0	0	0	232	254	0	-2.04E-05	5.20E-06	-1.04E-05	-8.59E-06
34	8	0	0	0	0	0	0	232	254	0	-2.12E-05	5.17E-06	-1.14E-05	-1.22E-05
34	9	0	0	0	0	0	0	232	254	0	-2.12E-05	5.17E-06	-1.14E-05	-1.22E-05
34	10	0	0	0	0	0	0	232	254	0	-2.29E-05	4.83E-06	-1.01E-05	-1.54E-05
34	11	0	0	0	0	0	0	232	254	0	-2.29E-05	4.83E-06	-1.01E-05	-1.54E-05
34	12	0	0	0	0	0	0	232	254	0	-2.16E-05	4.57E-06	-8.97E-06	-1.07E-05
34	13	0	0	0	0	0	0	232	254	0	-2.16E-05	4.57E-06	-8.97E-06	-1.07E-05
34	14	0	0	0	0	0	0	232	254	0	-2.10E-05	4.76E-06	-9.43E-06	-1.16E-05
34	15	0	0	0	0	0	0	232	254	0	-2.13E-05	3.83E-06	-8.28E-06	-1.27E-05
34	16	0	0	0	0	0	0	232	254	0	-2.13E-05	3.83E-06	-8.28E-06	-1.27E-05
34	17	0	0	0	0	0	0	232	254	0	-2.13E-05	3.47E-06	-8.68E-06	-1.24E-05
34	18	0	0	0	0	0	0	232	254	0	-2.13E-05	3.47E-06	-8.68E-06	-1.24E-05
34	19	0	0	0	0	0	0	232	254	0	-2.10E-05	3.06E-06	-8.15E-06	-1.21E-05
35	0	0	0	0	0	0	0	232	254	0	-2.10E-05	3.06E-06	-8.15E-06	-1.21E-05
35	1	0	0	0	0	0	0	232	254	0	-2.15E-05	3.55E-06	-7.52E-06	-1.41E-05
35	2	0	0	0	0	0	0	232	254	0	-2.15E-05	3.55E-06	-7.52E-06	-1.41E-05
35	3	0	0	0	0	0	0	232	254	0	-2.17E-05	5.26E-06	-7.22E-06	-1.71E-05
35	4	0	0	0	0	0	0	232	254	0	-2.16E-05	5.71E-06	-7.39E-06	-1.55E-05
35	5	0	0	0	0	0	0	232	254	0	-2.16E-05	5.71E-06	-7.39E-06	-1.55E-05
35	6	0	0	0	0	0	0	232	254	0	-2.11E-05	5.74E-06	-9.07E-06	-1.49E-05
35	7	0	0	0	0	0	0	232	254	0	-2.11E-05	5.74E-06	-9.07E-06	-1.49E-05
35	8	0	0	0	0	0	0	232	254	0	-2.25E-05	5.99E-06	-1.05E-05	-1.42E-05
35	9	0	0	0	0	0	0	232	254	0	-2.25E-05	5.99E-06	-1.05E-05	-1.42E-05
35	10	0	0	0	0	0	0	232	254	0	-2.29E-05	5.43E-06	-9.66E-06	-1.32E-05
35	11	0	0	0	0	0	0	232	254	0	-2.29E-05	5.43E-06	-9.66E-06	-1.32E-05
35	12	0	0	0	0	0	0	232	254	0	-2.23E-05	4.39E-06	-7.66E-06	-1.25E-05
35	13	0	0	0	0	0	0	232	254	0	-2.25E-05	3.17E-06	-8.75E-06	-1.17E-05
35	14	0	0	0	0	0	0	232	254	0	-2.25E-05	3.17E-06	-8.75E-06	-1.17E-05
35	15	0	0	0	0	0	0	232	254	0	-2.36E-05	3.11E-06	-1.05E-05	-1.27E-05
35	16	0	0	0	0	0	0	232	254	0	-2.36E-05	3.11E-06	-1.05E-05	-1.27E-05
35	17	0	0	0	0	0	0	232	254	0	-2.31E-05	3.90E-06	-1.14E-05	-1.68E-05
35	18	0	0	0	0	0	0	232	254	0	-2.31E-05	3.90E-06	-1.14E-05	-1.68E-05
35	19	0	0	0	0	0	0	232	254	0	-2.25E-05	4.02E-06	-1.01E-05	-1.82E-05
36	0	0	0	0	0	0	0	232	254	0	-2.25E-05	4.02E-06	-1.01E-05	-1.82E-05
36	1	0	0	0	0	0	0	232	254	0	-2.30E-05	2.83E-06	-9.09E-06	-1.68E-05
36	2	0	0	0	0	0	0	232	254	0	-2.35E-05	5.50E-06	-7.70E-06	-1.51E-05
36	3	0	0	0	0	0	0	232	254	0	-2.35E-05	5.50E-06	-7.70E-06	-1.51E-05
36	4	0	0	0	0	0	0	232	254	0	-2.35E-05	5.20E-06	-6.03E-06	-1.10E-05
36	5	0	0	0	0	0	0	232	254	0	-2.35E-05	5.20E-06	-6.03E-06	-1.10E-05
36	6	0	0	0	0	0	0	232	254	0	-2.30E-05	5.20E-06	-5.98E-06	-1.23E-05
36	7	0	0	0	0	0	0	232	254	0	-2.30E-05	5.20E-06	-5.98E-06	-1.23E-05
36	8	0	0	0	0	0	0	232	254	0	-2.20E-05	5.20E-06	-7.02E-06	-1.21E-05
36	9	0	0	0	0	0	0	232	254	0	-2.20E-05	5.20E-06	-7.02E-06	-1.21E-05
36	10	0	0	0	0	0	0	232	254	0	-2.20E-05	5.20E-06	-8.36E-06	-8.15E-06
36	11	0	0	0	0	0	0	232	254	0	-2.17E-05	5.17E-06	-9.55E-06	-8.13E-06
36	12	0	0	0	0	0	0	232	254	0	-2.17E-05	5.17E-06	-9.55E-06	-8.13E-06
36	13	0	0	0	0	0	0	232	254	0	-2.22E-05	4.89E-06	-9.14E-06	-1.34E-05
36	14	0	0	0	0	0	0	232	254	0	-2.22E-05	4.89E-06	-9.14E-06	-1.34E-05
36	15	0	0	0	0	0	0	232	254	0	-2.07E-05	5.04E-06	-7.02E-06	-1.62E-05
36	16	0	0	0	0	0	0	232	254	0	-2.07E-05	5.04E-06	-7.02E-06	-1.62E-05
36	17	0	0	0	0	0	0	232	254	0	-1.84E-05	5.05E-06	-8.26E-06	-1.55E-05
36	18	0	0	0	0	0	0	232	254	0	-1.84E-05	5.05E-06	-8.26E-06	-1.55E-05
36	19	0	0	0	0	0	0	232	254	0	-1.80E-05	5.24E-06	-8.56E-06	-1.41E-05
37	0	0	0	0	0	0	0	232	254	0	-1.79E-05	5.61E-06	-8.70E-06	-1.26E-05
37	1	0	0	0	0	0	0	232	254	0	-1.79E-05	5.61E-06	-8.70E-06	-1.26E-05
37	2	0	0	0	0	0	0	232	254	0	-1.77E-05	6.04E-06	-9.94E-06	-1.03E-05
37	3	0	0	0	0	0	0	232	254	0	-1.77E-05	6.04E-06	-9.94E-06	-1.03E-05
37	4	0	0	0	0	0	0	232	254	0	-1.72E-05	4.67E-06	-1.02E-05	-1.13E-05
37	5	0	0	0	0	0	0	232	254	0	-1.72E-05	4.67E-06	-1.02E-05	-1.13E-05
37	6	0	0	0	0	0	0	232	254	0	-1.76E-05	5.87E-06	-9.50E-06	-1.37E-05
37	7	0	0	0	0	0	0	232	254	0	-1.76E-05	5.87E-06	-9.50E-06	-1.37E-05
37	8	0	0	0	0	0	0	232	254	0	-1.75E-05	5.65E-06	-8.91E-06	-1.46E-05
37	9	0	0	0	0	0	0	232	254	0	-1.64E-05	3.64E-06	-9.05E-06	-1.55E-05
37	10	0	0	0	0	0	0	232	254	0	-1.64E-05	3.64E-06	-9.05E-06	-1.55E-05
37	11	0	0	0	0	0	0	232	254	0	-1.69E-05	3.31E-06	-8.90E-06	-1.29E-05
37	12	0	0	0	0	0	0	232	254	0	-1.69E-05	3.31E-06	-8.90E-06	-1.29E-05
37	13	0	0	0	0	0	0	232	254	0	-1.68E-05	4.47E-06	-8.93E-06	-1.11E-05
37	14	0	0	0	0	0	0	232	254	0	-1.68E-05	4.47E-06	-8.93E-06	-1.11E-05
37	15	0	0	0	0	0	0	232	254	0	-1.80E-05	5.35E-06	-9.30E-06	-1.27E-05
37	16	0	0	0	0	0	0	232	254	0	-1.80E-05	5.35E-06	-9.30E-06	-1.27E-05
37	17	0	0	0	0	0	0	232	254	0	-1.84E-05	5.13E-06	-9.94E-06	-1.32E-05
37	18	0	0	0	0	0	0	232	254	0	-1.91E-05	4.50E-06	-1.03E-05	-1.21E-05
37	19	0	0	0	0	0	0	232	254	0	-1.91E-05	4.50E-06	-1.03E-05	-1.21E-05
38	0	0	0	0	0	0	0	232	254	0	-2.03E-05	4.09E-06	-1.09E-05	-1.12E-05
38	1	0	0	0	0	0	0	232	254	0	-2.03E-05	4.09E-06	-1.09E-05	-1.12E-05
38	2	0	0	0	0	0	0	232	254	0	-2.05E-05	3.12E-06	-1.11E-05	-1.11E-05
38	3	0	0	0	0	0	0	232	254	0	-2.05E-05	3.12E-06	-1.11E-05	-1.11E-05
38	4	0	0	0	0	0	0	232	254	0	-1.97E-05	2.66E-06	-9.87E-06	-1.11E-05
38	5	0	0	0	0	0	0	232	254	0	-1.97E-05	2.66E-06	-9.87E-06	-1.11E-05
38	6	0	0	0	0	0	0	232	254	0	-2.01E-05	4.04E-06	-9.53E-06	-1.25E-05
38	7	0	0	0	0	0	0	232	254	0	-2.09E-05	5.36E-06	-9.23E-06	-1.46E-05
38	8	0	0	0	0	0	0	232	254	0	-2.09E-05	5.36E-06	-9.23E-06	-1.46E-05
38	9	0	0	0	0	0	0	232	254	0	-2.16E-05	3.76E-06	-9.55E-06	-1.50E-05
38	10	0	0	0	0	0	0	232	254	0	-2.16E-05	3.76E-06	-9.55E-06	-1.50E-05
38	11	0	0	0	0	0	0	232	254	0	-2.11E-05	3.15E-06	-1.21E-05	-1.57E-05
38	12	0	0	0	0	0	0	232	254	0	-2.11E-05	3.15E-06	-1.21E-05	-1.57E-05
38	13	0	0	0	0	0	0	232	254	0	-2.18E-05	5.69E-06	-1.05E-05	-1.62E-05
38	14	0	0	0	0	0	0	232	254	0	-2.18E-05	5.69E-06	-1.05E-05	-1.62E-05
38	15	0	0	0	0	0	0	232	254	0	-2.33E-05	5.36E-06	-9.53E-06	-1.37E-05
38	16	0	0	0	0	0	0	232	254	0	-2.40E-05	3.91E-06	-9.25E-06	-9.02E-06
38	17	0	0	0	0	0	0	232	254	0	-2.40E-05	3.91E-06	-9.25E-06	-9.02E-06
38	18	0	0	0	0	0	0	232	254	0	-2.37E-05	4.38E-06	-9.45E-06	-7.41E-06
38	19	0	0	0	0	0	0	232	254	0	-2.37E-05	4.38E-06	-9.45E-06	-7.41E-06
39	0	0	0	0	0	0	0	232	254	0	-2.40E-05	4.64E-06	-9.82E-06	-9.33E-06
39	1	0	0	0	0	0	0	232	254	0	-2.40E-05	4.64E-06	-9.82E-06	-9.33E-06
39	2	0	0	0	0	0	0	232	254	0	-2.42E-05	5.50E-06	-9.05E-06	-1.18E-05
39	3	0	0	0	0	0	0	232	254	0	-2.42E-05	5.50E-06	-9.05E-06	-1.18E-05
39	4	0	0	0	0	0	0	232	254	0	-2.46E-05	5.24E-06	-8.97E-06	-1.36E-05
39	5	0	0	0	0	0	0	232	254	0	-2.52E-05	5.64E-06	-9.50E-06	-1.35E-05
39	6	0	0	0	0	0	0	232	254	0	-2.52E-05	5.64E-06	-9.50E-06	-1.35E-05
39	7	0	0	0	0	0	0	232	254	0	-2.35E-05	6.37E-06	-9.07E-06	-1.10E-05
39	8	0	0	0	0	0	0	232	254	0	-2.35E-05	6.37E-06	-9.07E-06	-1.10E-05
39	9	0	0	0	0	0	0	232	254	0	-2.23E-05	4.89E-06	-1.06E-05	-1.21E-05
39	10	0	0	0	0	0	0	232	254	0	-2.23E-05	4.89E-06	-1.06E-05	-1.21E-05
39	11	0	0	0	0	0	0	232	254	0	-2.19E-05	5.11E-06	-1.03E-05	-1.23E-05
39	12	0	0	0	0	0	0	232	254	0	-2.19E-05	5.11E-06	-1.03E-05	-1.23E-05
39	13	0	0	0	0	0	0	232	254	0	-2.10E-05	5.62E-06	-9.24E-06	-1.20E-05
39	14	0	0	0	0	0	0	232	254	0	-2.09E-05	4.73E-06	-7.82E-06	-1.51E-05
39	15	0	0	0	0	0	0	232	254	0	-2.09E-05	4.73E-06	-7.82E-06	-1.51E-05
39	16	0	0	0	0	0	0	232	254	0	-1.90E-05	3.61E-06	-7.27E-06	-1.30E-05
39	17	0	0	0	0	0	0	232	254	0	-1.90E-05	3.61E-06	-7.27E-06	-1.30E-05
39	18	0	0	0	0	0	0	232	254	0	-1.92E-05	4.35E-06	-7.90E-06	-1.12E-05
39	19	0	0	0	0	0	0	232	254	0	-1.92E-05	4.35E-06	-7.90E-06	-1.12E-05
40	0	0	0	0	0	0	0	232	254	0	-1.97E-05	4.20E-06	-9.29E-06	-1.39E-05
40	1	0	0	0	0	0	0	232	254	0	-1.97E-05	4.20E-06	-9.29E-06	-1.39E-05
40	2	0	0	0	0	0	0	232	254	0	-1.98E-05	4.02E-06	-8.39E-06	-1.33E-05
40	3	0	0	0	0	0	0	232	254	0	-1.93E-05	2.68E-06	-8.37E-06	-9.27E-06
40	4	0	0	0	0	0	0	232	254	0	-1.93E-05	2.68E-06	-8.37E-06	-9.27E-06
40	5	0	0	0	0	0	0	232	254	0	-1.96E-05	4.10E-06	-8.28E-06	-9.99E-06
40	6	0	0	0	0	0	0	232	254	0	-1.96E-05	4.10E-06	-8.28E-06	-9.99E-06
40	7	0	0	0	0	0	0	232	254	0	-1.90E-05	4.65E-06	-8.83E-06	-1.39E-05
40	8	0	0	0	0	0	0	232	254	0	-1.90E-05	4.65E-06	-8.83E-06	-1.39E-05
40	9	0	0	0	0	0	0	232	254	0	-1.83E-05	4.37E-06	-9.75E-06	-1.59E-05
40	10	0	0	0	0	0	0	232	254	0	-1.83E-05	4.37E-06	-9.75E-06	-1.59E-05
40	11	0	0	0	0	0	0	232	254	0	-1.85E-05	5.79E-06	-9.89E-06	-1.33E-05
40	12	0	0	0	0	0	0	232	254	0	-2.02E-05	5.04E-06	-9.68E-06	-1.07E-05
40	13	0	0	0	0	0	0	232	254	0	-2.02E-05	5.04E-06	-9.68E-06	-1.07E-05
40	14	0	0	0	0	0	0	232	254	0	-2.08E-05	5.18E-06	-9.16E-06	-1.34E-05
40	15	0	0	0	0	0	0	232	254	0	-2.08E-05	5.18E-06	-9.16E-06	-1.34E-05
40	16	0	0	0	0	0	0	232	254	0	-2.17E-05	6.36E-06	-8.53E-06	-1.09E-05
40	17	0	0	0	0	0	0	232	254	0	-2.17E-05	6.36E-06	-8.53E-06	-1.09E-05
40	18	0	0	0	0	0	0	232	254	0	-2.25E-05	6.07E-06	-8.28E-06	-7.96E-06
40	19	0	0	0	0	0	0	232	254	0	-2.25E-05	6.07E-06	-8.28E-06	-7.96E-06
41	0	0	0	0	0	0	0	232	254	0	-2.37E-05	4.90E-06	-8.71E-06	-8.32E-06
41	1	0	0	0	0	0	0	232	254	0	-2.36E-05	5.17E-06	-8.61E-06	-6.28E-06
41	2	0	0	0	0	0	0	232	254	0	-2.36E-05	5.17E-06	-8.61E-06	-6.28E-06
41	3	0	0	0	0	0	0	232	254	0	-2.36E-05	4.85E-06	-9.12E-06	-6.99E-06
41	4	0	0	0	0	0	0	232	254	0	-2.36E-05	4.85E-06	-9.12E-06	-6.99E-06
41	5	0	0	0	0	0	0	232	254	0	-2.40E-05	4.65E-06	-9.60E-06	-8.66E-06
41	6	0	0	0	0	0	0	232	254	0	-2.40E-05	4.65E-06	-9.60E-06	-8.66E-06
41	7	0	0	0	0	0	0	232	254	0	-2.44E-05	4.13E-06	-9.80E-06	-1.64E-05
41	8	0	0	0	0	0	0	232	254	0	-2.44E-05	4.13E-06	-9.80E-06	-1.64E-05
41	9	0	0	0	0	0	0	232	254	0	-2.45E-05	3.61E-06	-8.76E-06	-2.55E-05
41	10	0	0	0	0	0	0	232	254	0	-2.42E-05	4.49E-06	-7.55E-06	-1.88E-05
41	11	0	0	0	0	0	0	232	254	0	-2.42E-05	4.49E-06	-7.55E-06	-1.88E-05
41	12	0	0	0	0	0	0	232	254	0	-2.31E-05	5.50E-06	-7.69E-06	-1.49E-05
41	13	0	0	0	0	0	0	232	254	0	-2.31E-05	5.50E-06	-7.69E-06	-1.49E-05
41	14	0	0	0	0	0	0	232	254	0	-2.36E-05	5.31E-06	-8.90E-06	-1.44E-05
41	15	0	0	0	0	0	0	232	254	0	-2.36E-05	5.31E-06	-8.90E-06	-1.44E-05
41	16	0	0	0	0	0	0	232	254	0	-2.32E-05	6.11E-06	-8.79E-06	-1.25E-05
41	17	0	0	0	0	0	0	232	254	0	-2.32E-05	6.11E-06	-8.79E-06	-1.25E-05
41	18	0	0	0	0	0	0	232	254	0	-2.34E-05	5.12E-06	-7.82E-06	-1.47E-05
41	19	0	0	0	0	0	0	232	254	0	-2.38E-05	4.43E-06	-7.39E-06	-1.64E-05
42	0	0	0	0	0	0	0	232	254	0	-2.38E-05	4.43E-06	-7.39E-06	-1.64E-05
42	1	0	0	0	0	0	0	232	254	0	-2.25E-05	5.04E-06	-8.76E-06	-1.39E-05
42	2	0	0	0	0	0	0	232	254	0	-2.25E-05	5.04E-06	-8.76E-06	-1.39E-05
42	3	0	0	0	0	0	0	232	254	0	-2.24E-05	4.95E-06	-7.76E-06	-1.03E-05
42	4	0	0	0	0	0	0	232	254	0	-2.24E-05	4.95E-06	-7.76E-06	-1.03E-05
42	5	0	0	0	0	0	0	232	254	0	-2.28E-05	4.16E-06	-9.69E-06	-4.78E-06
42	6	0	0	0	0	0	0	232	254	0	-2.28E-05	4.16E-06	-9.69E-06	-4.78E-06
42	7	0	0	0	0	0	0	232	254	0	-2.26E-05	3.95E-06	-1.09E-05	-1.33E-06
42	8	0	0	0	0	0	0	232	254	0	-2.20E-05	4.68E-06	-1.20E-05	-2.84E-06
42	9	0	0	0	0	0	0	232	254	0	-2.20E-05	4.68E-06	-1.20E-05	-2.84E-06
42	10	0	0	0	0	0	0	232	254	0	-2.23E-05	4.53E-06	-1.13E-05	-5.18E-06
42	11	0	0	0	0	0	0	232	254	0	-2.23E-05	4.53E-06	-1.13E-05	-5.18E-06
42	12	0	0	0	0	0	0	232	254	0	-2.16E-05	4.58E-06	-1.04E-05	-1.55E-05
42	13	0	0	0	0	0	0	232	254	0	-2.16E-05	4.58E-06	-1.04E-05	-1.55E-05
42	14	0	0	0	0	0	0	232	254	0	-2.09E-05	5.09E-06	-8.62E-06	-3.10E-05
42	15	0	0	0	0	0	0	232	254	0	-2.09E-05	5.09E-06	-8.62E-06	-3.10E-05
42	16	0	0	0	0	0	0	232	254	0	-2.06E-05	5.43E-06	-6.14E-06	-2.72E-05
42	17	0	0	0	0	0	0	232	254	0	-2.06E-05	4.58E-06	-5.68E-06	-2.02E-05
42	18	0	0	0	0	0	0	232	254	0	-2.06E-05	4.58E-06	-5.68E-06	-2.02E-05
42	19	0	0	0	0	0	0	232	254	0	-2.04E-05	4.91E-06	-6.95E-06	-2.19E-05
43	0	0	0	0	0	0	0	232	254	0	-2.04E-05	4.91E-06	-6.95E-06	-2.19E-05
43	1	0	0	0	0	0	0	232	254	0	-1.92E-05	3.79E-06	-7.55E-06	-1.71E-05
43	2	0	0	0	0	0	0	232	254	0	-1.92E-05	3.79E-06	-7.55E-06	-1.71E-05
43	3	0	0	0	0	0	0	232	254	0	-1.86E-05	3.35E-06	-7.50E-06	-1.14E-05
43	4	0	0	0	0	0	0	232	254	0	-1.86E-05	3.35E-06	-7.50E-06	-1.14E-05
43	5	0	0	0	0	0	0	232	254	0	-1.93E-05	4.66E-06	-7.19E-06	-1.16E-05
43	6	0	0	0	0	0	0	232	254	0	-1.92E-05	4.50E-06	-8.52E-06	-1.17E-05
43	7	0	0	0	0	0	0	232	254	0	-1.92E-05	4.50E-06	-8.52E-06	-1.17E-05
43	8	0	0	0	0	0	0	232	254	0	-1.80E-05	5.72E-06	-9.60E-06	-1.21E-05
43	9	0	0	0	0	0	0	232	254	0	-1.80E-05	5.72E-06	-9.60E-06	-1.21E-05
43	10	0	0	0	0	0	0	232	254	0	-1.81E-05	5.84E-06	-9.87E-06	-1.09E-05
43	11	0	0	0	0	0	0	232	254	0	-1.81E-05	5.84E-06	-9.87E-06	-1.09E-05
43	12	0	0	0	0	0	0	232	254	0	-1.97E-05	5.52E-06	-9.58E-06	-8.26E-06
43	13	0	0	0	0	0	0	232	254	0	-1.97E-05	5.52E-06	-9.58E-06	-8.26E-06
43	14	0	0	0	0	0	0	232	254	0	-2.04E-05	5.49E-06	-9.77E-06	-8.53E-06
43	15	0	0	0	0	0	0	232	254	0	-2.12E-05	6.65E-06	-1.01E-05	-8.26E-06
43	16	0	0	0	0	0	0	232	254	0	-2.12E-05	6.65E-06	-1.01E-05	-8.26E-06
43	17	0	0	0	0	0	0	232	254	0	-2.16E-05	7.48E-06	-9.83E-06	-8.67E-06
43	18	0	0	0	0	0	0	232	254	0	-2.16E-05	7.48E-06	-9.83E-06	-8.67E-06
43	19	0	0	0	0	0	0	232	254	0	-2.13E-05	6.99E-06	-9.34E-06	-9.57E-06
44	0	0	0	0	0	0	0	232	254	0	-2.13E-05	6.99E-06	-9.34E-06	-9.57E-06
44	1	0	0	0	0	0	0	232	254	0	-2.11E-05	7.70E-06	-1.03E-05	-9.41E-06
44	2	0	0	0	0	0	0	232	254	0	-2.11E-05	7.70E-06	-1.03E-05	-9.41E-06
44	3	0	0	0	0	0	0	232	254	0	-2.09E-05	5.95E-06	-1.04E-05	-8.07E-06
44	4	0	0	0	0	0	0	232	254	0	-2.02E-05	5.19E-06	-1.02E-05	-8.56E-06
44	5	0	0	0	0	0	0	232	254	0	-2.02E-05	5.19E-06	-1.02E-05	-8.56E-06
44	6	0	0	0	0	0	0	232	254	0	-1.88E-05	5.12E-06	-9.75E-06	-1.13E-05
44	7	0	0	0	0	0	0	232	254	0	-1.88E-05	5.12E-06	-9.75E-06	-1.13E-05
44	8	0	0	0	0	0	0	232	254	0	-1.78E-05	5.84E-06	-9.90E-06	-1.01E-05
44	9	0	0	0	0	0	0	232	254	0	-1.78E-05	5.84E-06	-9.90E-06	-1.01E-05
44	10	0	0	0	0	0	0	232	254	0	-1.76E-05	5.47E-06	-9.90E-06	-8.54E-06
44	11	0	0	0	0	0	0	232	254	0	-1.76E-05	5.47E-06	-9.90E-06	-8.54E-06
44	12	0	0	0	0	0	0	232	254	0	-1.88E-05	4.76E-06	-9.82E-06	-6.62E-06
44	13	0	0	0	0	0	0	232	254	0	-1.73E-05	3.83E-06	-9.19E-06	-4.17E-06
44	14	0	0	0	0	0	0	232	254	0	-1.73E-05	3.83E-06	-9.19E-06	-4.17E-06
44	15	0	0	0	0	0	0	232	254	0	-1.77E-05	3.56E-06	-1.02E-05	-2.71E-06
44	16	0	0	0	0	0	0	232	254	0	-1.77E-05	3.56E-06	-1.02E-05	-2.71E-06
44	17	0	0	0	0	0	0	232	254	0	-1.79E-05	3.93E-06	-1.03E-05	-5.33E-06
44	18	0	0	0	0	0	0	232	254	0	-1.79E-05	3.93E-06	-1.03E-05	-5.33E-06
44	19	0	0	0	0	0	0	232	254	0	-1.74E-05	4.57E-06	-1.03E-05	-1.39E-05
45	0	0	0	0	0	0	0	232	254	0	-1.74E-05	4.57E-06	-1.03E-05	-1.39E-05
45	1	0	0	0	0	0	0	232	254	0	-2.00E-05	4.73E-06	-9.50E-06	-1.69E-05
45	2	0	0	0	0	0	0	232	254	0	-2.16E-05	3.52E-06	-8.76E-06	-2.25E-05
45	3	0	0	0	0	0	0	232	254	0	-2.16E-05	3.52E-06	-8.76E-06	-2.25E-05
45	4	0	0	0	0	0	0	232	254	0	-2.24E-05	3.35E-06	-7.54E-06	-2.00E-05
45	5	0	0	0	0	0	0	232	254	0	-2.24E-05	3.35E-06	-7.54E-06	-2.00E-05
45	6	0	0	0	0	0	0	232	254	0	-2.31E-05	2.02E-06	-7.49E-06	-9.52E-06
45	7	0	0	0	0	0	0	232	254	0	-2.31E-05	2.02E-06	-7.49E-06	-9.52E-06
45	8	0	0	0	0	0	0	232	254	0	-2.26E-05	3.61E-06	-8.59E-06	-8.14E-06
45	9	0	0	0	0	0	0	232	254	0	-2.26E-05	3.61E-06	-8.59E-06	-8.14E-06
45	10	0	0	0	0	0	0	232	254	0	-2.24E-05	4.28E-06	-1.02E-05	-1.23E-05
45	11	0	0	0	0	0	0	232	254	0	-2.26E-05	3.56E-06	-1.02E-05	-1.71E-05
45	12	0	0	0	0	0	0	232	254	0	-2.26E-05	3.56E-06	-1.02E-05	-1.71E-05
45	13	0	0	0	0	0	0	232	254	0	-2.16E-05	3.83E-06	-1.02E-05	-1.66E-05
45	14	0	0	0	0	0	0	232	254	0	-2.16E-05	3.83E-06	-1.02E-05	-1.66E-05
45	15	0	0	0	0	0	0	232	254	0	-2.11E-05	3.63E-06	-9.32E-06	-1.23E-05
45	16	0	0	0	0	0	0	232	254	0	-2.11E-05	3.63E-06	-9.32E-06	-1.23E-05
45	17	0	0	0	0	0	0	232	254	0	-2.16E-05	4.53E-06	-7.18E-06	-1.27E-05
45	18	0	0	0	0	0	0	232	254	0	-2.16E-05	4.53E-06	-7.18E-06	-1.27E-05
45	19	0	0	0	0	0	0	232	254	0	-2.13E-05	4.60E-06	-7.04E-06	-1.06E-05
46	0	0	0	0	0	0	0	232	254	0	-2.08E-05	5.10E-06	-8.52E-06	-8.58E-06
46	1	0	0	0	0	0	0	232	254	0	-2.08E-05	5.10E-06	-8.52E-06	-8.58E-06
46	2	0	0	0	0	0	0	232	254	0	-2.06E-05	4.23E-06	-9.48E-06	-1.19E-05
46	3	0	0	0	0	0	0	232	254	0	-2.06E-05	4.23E-06	-9.48E-06	-1.19E-05
46	4	0	0	0	0	0	0	232	254	0	-2.15E-05	4.60E-06	-8.75E-06	-1.43E-05
46	5	0	0	0	0	0	0	232	254	0	-2.15E-05	4.60E-06	-8.75E-06	-1.43E-05
46	6	0	0	0	0	0	0	232	254	0	-2.26E-05	5.34E-06	-8.83E-06	-1.43E-05
46	7	0	0	0	0	0	0	232	254	0	-2.26E-05	5.34E-06	-8.83E-06	-1.43E-05
46	8	0	0	0	0	0	0	232	254	0	-2.19E-05	6.46E-06	-8.29E-06	-1.48E-05
46	9	0	0	0	0	0	0	232	254	0	-2.13E-05	5.60E-06	-8.91E-06	-1.32E-05
46	10	0	0	0	0	0	0	232	254	0	-2.13E-05	5.60E-06	-8.91E-06	-1.32E-05
46	11	0	0	0	0	0	0	232	254	0	-2.13E-05	4.70E-06	-9.12E-06	-1.02E-05
46	12	0	0	0	0	0	0	232	254	0	-2.13E-05	4.70E-06	-9.12E-06	-1.02E-05
46	13	0	0	0	0	0	0	232	254	0	-2.13E-05	4.72E-06	-9.50E-06	-1.00E-05
46	14	0	0	0	0	0	0	232	254	0	-2.13E-05	4.72E-06	-9.50E-06	-1.00E-05
46	15	0	0	0	0	0	0	232	254	0	-2.14E-05	4.78E-06	-8.86E-06	-1.41E-05
46	16	0	0	0	0	0	0	232	254	0	-2.14E-05	4.78E-06	-8.86E-06	-1.41E-05
46	17	0	0	0	0	0	0	232	254	0	-2.22E-05	4.08E-06	-8.58E-06	-1.51E-05
46	18	0	0	0	0	0	0	232	254	0	-2.08E-05	4.53E-06	-8.71E-06	-1.31E-05
46	19	0	0	0	0	0	0	232	254	0	-2.08E-05	4.53E-06	-8.71E-06	-1.31E-05
47	0	0	0	0	0	0	0	232	254	0	-2.08E-05	4.46E-06	-8.49E-06	-1.17E-05
47	1	0	0	0	0	0	0	232	254	0	-2.08E-05	4.46E-06	-8.49E-06	-1.17E-05
47	2	0	0	0	0	0	0	232	254	0	-2.21E-05	3.83E-06	-8.06E-06	-1.30E-05
47	3	0	0	0	0	0	0	232	254	0	-2.21E-05	3.83E-06	-8.06E-06	-1.30E-05
47	4	0	0	0	0	0	0	232	254	0	-2.31E-05	3.42E-06	-9.64E-06	-1.33E-05
47	5	0	0	0	0	0	0	232	254	0	-2.31E-05	3.42E-06	-9.64E-06	-1.33E-05
47	6	0	0	0	0	0	0	232	254	0	-2.25E-05	2.73E-06	-1.02E-05	-1.32E-05
47	7	0	0	0	0	0	0	232	254	0	-2.12E-05	4.60E-06	-9.67E-06	-1.22E-05
47	8	0	0	0	0	0	0	232	254	0	-2.12E-05	4.60E-06	-9.67E-06	-1.22E-05
47	9	0	0	0	0	0	0	232	254	0	-2.08E-05	5.20E-06	-9.12E-06	-1.17E-05
47	10	0	0	0	0	0	0	232	254	0	-2.08E-05	5.20E-06	-9.12E-06	-1.17E-05
47	11	0	0	0	0	0	0	232	254	0	-2.17E-05	5.20E-06	-9.53E-06	-1.31E-05
47	12	0	0	0	0	0	0	232	254	0	-2.17E-05	5.20E-06	-9.53E-06	-1.31E-05
47	13	0	0	0	0	0	0	232	254	0	-2.17E-05	5.13E-06	-9.16E-06	-1.29E-05
47	14	0	0	0	0	0	0	232	254	0	-2.17E-05	5.13E-06	-9.16E-06	-1.29E-05
47	15	0	0	0	0	0	0	232	254	0	-2.08E-05	4.57E-06	-8.60E-06	-1.24E-05
47	16	0	0	0	0	0	0	232	254	0	-1.97E-05	4.73E-06	-8.91E-06	-1.27E-05
47	17	0	0	0	0	0	0	232	254	0	-1.97E-05	4.73E-06	-8.91E-06	-1.27E-05
47	18	0	0	0	0	0	0	232	254	0	-2.05E-05	3.47E-06	-9.03E-06	-1.36E-05
47	19	0	0	0	0	0	0	232	254	0	-2.05E-05	3.47E-06	-9.03E-06	-1.36E-05
48	0	0	0	0	0	0	0	232	254	0	-2.09E-05	3.14E-06	-8.68E-06	-1.36E-05
48	1	0	0	0	0	0	0	232	254	0	-2.09E-05	3.14E-06	-8.68E-06	-1.36E-05
48	2	0	0	0	0	0	0	232	254	0	-2.07E-05	4.13E-06	-8.29E-06	-1.39E-05
48	3	0	0	0	0	0	0	232	254	0	-2.07E-05	4.13E-06	-8.29E-06	-1.39E-05
48	4	0	0	0	0	0	0	232	254	0	-2.10E-05	3.56E-06	-8.93E-06	-1.38E-05
48	5	0	0	0	0	0	0	232	254	0	-2.24E-05	3.91E-06	-9.27E-06	-1.22E-05
48	6	0	0	0	0	0	0	232	254	0	-2.24E-05	3.91E-06	-9.27E-06	-1.22E-05
48	7	0	0	0	0	0	0	232	254	0	-2.34E-05	4.29E-06	-9.62E-06	-1.20E-05
48	8	0	0	0	0	0	0	232	254	0	-2.34E-05	4.29E-06	-9.62E-06	-1.20E-05
48	9	0	0	0	0	0	0	232	254	0	-2.37E-05	3.64E-06	-9.95E-06	-1.30E-05
48	10	0	0	0	0	0	0	232	254	0	-2.37E-05	3.64E-06	-9.95E-06	-1.30E-05
48	11	0	0	0	0	0	0	232	254	0	-2.40E-05	3.17E-06	-8.91E-06	-1.22E-05
48	12	0	0	0	0	0	0	232	254	0	-2.40E-05	3.17E-06	-8.91E-06	-1.22E-05
48	13	0	0	0	0	0	0	232	254	0	-2.49E-05	3.11E-06	-9.12E-06	-1.20E-05
48	14	0	0	0	0	0	0	232	254	0	-2.43E-05	3.91E-06	-9.60E-06	-1.17E-05
48	15	0	0	0	0	0	0	232	254	0	-2.43E-05	3.91E-06	-9.60E-06	-1.17E-05
48	16	0	0	0	0	0	0	232	254	0	-2.37E-05	4.28E-06	-9.82E-06	-1.27E-05
48	17	0	0	0	0	0	0	232	254	0	-2.37E-05	4.28E-06	-9.82E-06	-1.27E-05
48	18	0	0	0	0	0	0	232	254	0	-2.40E-05	3.70E-06	-9.05E-06	-1.36E-05
48	19	0	0	0	0	0	0	232	254	0	-2.40E-05	3.70E-06	-9.05E-06	-1.36E-05
49	0	0	0	0	0	0	0	232	254	0	-2.40E-05	5.19E-06	-8.88E-06	-1.32E-05
49	1	0	0	0	0	0	0	232	254	0	-2.40E-05	5.19E-06	-8.88E-06	-1.32E-05
49	2	0	0	0	0	0	0	232	254	0	-2.53E-05	4.84E-06	-8.75E-06	-1.31E-05
49	3	0	0	0	0	0	0	232	254	0	-2.50E-05	3.22E-06	-9.04E-06	-1.43E-05
49	4	0	0	0	0	0	0	232	254	0	-2.50E-05	3.22E-06	-9.04E-06	-1.43E-05
49	5	0	0	0	0	0	0	232	254	0	-2.33E-05	3.49E-06	-1.02E-05	-1.49E-05
49	6	0	0	0	0	0	0	232	254	0	-2.33E-05	3.49E-06	-1.02E-05	-1.49E-05
49	7	0	0	0	0	0	0	232	254	0	-2.34E-05	3.33E-06	-9.87E-06	-1.50E-05
49	8	0	0	0	0	0	0	232	254	0	-2.34E-05	3.33E-06	-9.87E-06	-1.50E-05
49	9	0	0	0	0	0	0	232	254	0	-2.40E-05	4.53E-06	-9.46E-06	-1.52E-05
49	10	0	0	0	0	0	0	232	254	0	-2.40E-05	4.53E-06	-9.46E-06	-1.52E-05
49	11	0	0	0	0	0	0	232	254	0	-2.25E-05	4.50E-06	-8.61E-06	-1.49E-05
49	12	0	0	0	0	0	0	232	254	0	-2.25E-05	4.30E-06	-9.08E-06	-1.43E-05
49	13	0	0	0	0	0	0	232	254	0	-2.25E-05	4.30E-06	-9.08E-06	-1.43E-05
49	14	0	0	0	0	0	0	232	254	0	-2.09E-05	5.17E-06	-9.27E-06	-1.45E-05
49	15	0	0	0	0	0	0	232	254	0	-2.09E-05	5.17E-06	-9.27E-06	-1.45E-05
49	16	0	0	0	0	0	0	232	254	0	-2.05E-05	4.90E-06	-9.57E-06	-1.49E-05
49	17	0	0	0	0	0	0	232	254	0	-2.05E-05	4.90E-06	-9.57E-06	-1.49E-05
49	18	0	0	0	0	0	0	232	254	0	-1.93E-05	5.20E-06	-9.57E-06	-1.45E-05
49	19	0	0	0	0	0	0	232	254	0	-1.93E-05	5.20E-06	-9.57E-06	-1.45E-05
50	0	0	0	0	0	0	0	232	254	0	-1.95E-05	4.99E-06	-9.44E-06	-1.49E-05
50	1	0	0	0	0	0	0	232	254	0	-1.86E-05	3.33E-06	-8.46E-06	-1.43E-05
50	2	0	0	0	0	0	0	232	254	0	-1.86E-05	3.33E-06	-8.46E-06	-1.43E-05
50	3	0	0	0	0	0	0	232	254	0	-1.87E-05	4.69E-06	-9.05E-06	-1.41E-05
50	4	0	0	0	0	0	0	232	254	0	-1.87E-05	4.69E-06	-9.05E-06	-1.41E-05
50	5	0	0	0	0	0	0	232	254	0	-1.96E-05	5.88E-06	-8.93E-06	-1.26E-05
50	6	0	0	0	0	0	0	232	254	0	-1.96E-05	5.88E-06	-8.93E-06	-1.26E-05
50	7	0	0	0	0	0	0	232	254	0	-1.95E-05	4.66E-06	-9.20E-06	-1.09E-05
50	8	0	0	0	0	0	0	232	254	0	-1.95E-05	4.66E-06	-9.20E-06	-1.09E-05
50	9	0	0	0	0	0	0	232	254	0	-1.95E-05	5.90E-06	-8.83E-06	-1.10E-05
50	10	0	0	0	0	0	0	232	254	0	-1.85E-05	7.45E-06	-8.30E-06	-1.03E-05
50	11	0	0	0	0	0	0	232	254	0	-1.85E-05	7.45E-06	-8.30E-06	-1.03E-05
50	12	0	0	0	0	0	0	232	254	0	-1.88E-05	6.41E-06	-8.86E-06	-1.09E-05
50	13	0	0	0	0	0	0	232	254	0	-1.88E-05	6.41E-06	-8.86E-06	-1.09E-05
50	14	0	0	0	0	0	0	232	254	0	-1.99E-05	5.10E-06	-8.63E-06	-1.09E-05
50	15	0	0	0	0	0	0	232	254	0	-1.99E-05	5.10E-06	-8.63E-06	-1.09E-05
50	16	0	0	0	0	0	0	232	254	0	-1.90E-05	4.20E-06	-9.23E-06	-1.11E-05
50	17	0	0	0	0	0	0	232	254	0	-1.90E-05	4.20E-06	-9.23E-06	-1.11E-05
50	18	0	0	0	0	0	0	232	254	0	-1.93E-05	4.41E-06	-9.13E-06	-1.13E-05
50	19	0	0	0	0	0	0	232	254	0	-1.96E-05	6.23E-06	-8.26E-06	-1.26E-05
51	0	0	0	0	0	0	0	232	254	0	-1.96E-05	6.23E-06	-8.26E-06	-1.26E-05
51	1	0	0	0	0	0	0	232	254	0	-1.96E-05	6.47E-06	-8.77E-06	-1.15E-05
51	2	0	0	0	0	0	0	232	254	0	-1.96E-05	6.47E-06	-8.77E-06	-1.15E-05
51	3	0	0	0	0	0	0	232	254	0	-1.97E-05	7.15E-06	-1.06E-05	-1.10E-05
51	4	0	0	0	0	0	0	232	254	0	-1.97E-05	7.15E-06	-1.06E-05	-1.10E-05
51	5	0	0	0	0	0	0	232	254	0	-2.08E-05	6.42E-06	-1.08E-05	-1.20E-05
51	6	0	0	0	0	0	0	232	254	0	-2.08E-05	6.42E-06	-1.08E-05	-1.20E-05
51	7	0	0	0	0	0	0	232	254	0	-2.18E-05	5.42E-06	-9.53E-06	-1.25E-05
51	8	0	0	0	0	0	0	232	254	0	-1.97E-05	5.86E-06	-9.23E-06	-1.20E-05
51	9	0	0	0	0	0	0	232	254	0	-1.97E-05	5.86E-06	-9.23E-06	-1.20E-05
51	10	0	0	0	0	0	0	232	254	0	-1.85E-05	5.69E-06	-9.13E-06	-1.21E-05
51	11	0	0	0	0	0	0	232	254	0	-1.85E-05	5.69E-06	-9.13E-06	-1.21E-05
51	12	0	0	0	0	0	0	232	254	0	-1.78E-05	5.54E-06	-8.31E-06	-1.12E-05
51	13	0	0	0	0	0	0	232	254	0	-1.78E-05	5.54E-06	-8.31E-06	-1.12E-05
51	14	0	0	0	0	0	0	232	254	0	-1.82E-05	5.47E-06	-8.98E-06	-1.10E-05
51	15	0	0	0	0	0	0	232	254	0	-1.82E-05	5.47E-06	-8.98E-06	-1.10E-05
51	16	0	0	0	0	0	0	232	254	0	-1.72E-05	4.83E-06	-8.30E-06	-1.15E-05
51	17	0	0	0	0	0	0	232	254	0	-1.67E-05	4.50E-06	-9.00E-06	-1.11E-05
51	18	0	0	0	0	0	0	232	254	0	-1.67E-05	4.50E-06	-9.00E-06	-1.11E-05
51	19	0	0	0	0	0	0	232	254	0	-1.78E-05	4.16E-06	-9.83E-06	-1.15E-05
52	0	0	0	0	0	0	0	232	254	0	-1.78E-05	4.16E-06	-9.83E-06	-1.15E-05
52	1	0	0	0	0	0	0	232	254	0	-1.90E-05	3.91E-06	-9.18E-06	-1.09E-05
52	2	0	0	0	0	0	0	232	254	0	-1.90E-05	3.91E-06	-9.18E-06	-1.09E-05
52	3	0	0	0	0	0	0	232	254	0	-1.93E-05	4.36E-06	-8.76E-06	-1.10E-05
52	4	0	0	0	0	0	0	232	254	0	-1.93E-05	4.36E-06	-8.76E-06	-1.10E-05
52	5	0	0	0	0	0	0	232	254	0	-2.07E-05	4.52E-06	-9.05E-06	-1.19E-05
52	6	0	0	0	0	0	0	232	254	0	-2.11E-05	5.73E-06	-8.86E-06	-1.16E-05
52	7	0	0	0	0	0	0	232	254	0	-2.11E-05	5.73E-06	-8.86E-06	-1.16E-05
52	8	0	0	0	0	0	0	232	254	0	-2.17E-05	4.67E-06	-8.58E-06	-1.18E-05
52	9	0	0	0	0	0	0	232	254	0	-2.17E-05	4.67E-06	-8.58E-06	-1.18E-05
52	10	0	0	0	0	0	0	232	254	0	-2.19E-05	5.87E-06	-8.69E-06	-1.12E-05
52	11	0	0	0	0	0	0	232	254	0	-2.19E-05	5.87E-06	-8.69E-06	-1.12E-05
52	12	0	0	0	0	0	0	232	254	0	-2.39E-05	5.66E-06	-8.34E-06	-1.14E-05
52	13	0	0	0	0	0	0	232	254	0	-2.39E-05	5.66E-06	-8.34E-06	-1.14E-05
52	14	0	0	0	0	0	0	232	254	0	-2.43E-05	3.90E-06	-7.85E-06	-1.22E-05
52	15	0	0	0	0	0	0	232	254	0	-2.35E-05	4.09E-06	-7.76E-06	-1.16E-05
52	16	0	0	0	0	0	0	232	254	0	-2.35E-05	4.09E-06	-7.76E-06	-1.16E-05
52	17	0	0	0	0	0	0	232	254	0	-2.17E-05	3.15E-06	-9.64E-06	-1.16E-05
52	18	0	0	0	0	0	0	232	254	0	-2.17E-05	3.15E-06	-9.64E-06	-1.16E-05
52	19	0	0	0	0	0	0	232	254	0	-2.19E-05	2.92E-06	-1.01E-05	-1.13E-05
53	0	0	0	0	0	0	0	232	254	0	-2.19E-05	2.92E-06	-1.01E-05	-1.13E-05
53	1	0	0	0	0	0	0	232	254	0	-2.38E-05	3.60E-06	-8.90E-06	-1.00E-05
53	2	0	0	0	0	0	0	232	254	0	-2.38E-05	3.60E-06	-8.90E-06	-1.00E-05
53	3	0	0	0	0	0	0	232	254	0	-2.44E-05	4.13E-06	-8.97E-06	-1.11E-05
53	4	0	0	0	0	0	0	232	254	0	-2.34E-05	3.49E-06	-9.57E-06	-1.09E-05
53	5	0	0	0	0	0	0	232	254	0	-2.34E-05	3.49E-06	-9.57E-06	-1.09E-05
53	6	0	0	0	0	0	0	232	254	0	-2.12E-05	3.22E-06	-9.50E-06	-1.08E-05
53	7	0	0	0	0	0	0	232	254	0	-2.12E-05	3.22E-06	-9.50E-06	-1.08E-05
53	8	0	0	0	0	0	0	232	254	0	-2.05E-05	3.56E-06	-8.93E-06	-1.03E-05
53	9	0	0	0	0	0	0	232	254	0	-2.05E-05	3.56E-06	-8.93E-06	-1.03E-05
53	10	0	0	0	0	0	0	232	254	0	-2.23E-05	3.86E-06	-9.21E-06	-1.12E-05
53	11	0	0	0	0	0	0	232	254	0	-2.23E-05	3.86E-06	-9.21E-06	-1.12E-05
53	12	0	0	0	0	0	0	232	254	0	-2.33E-05	4.00E-06	-9.15E-06	-1.07E-05
53	13	0	0	0	0	0	0	232	254	0	-2.26E-05	5.38E-06	-9.90E-06	-1.16E-05
53	14	0	0	0	0	0	0	232	254	0	-2.26E-05	5.38E-06	-9.90E-06	-1.16E-05
53	15	0	0	0	0	0	0	232	254	0	-2.23E-05	6.90E-06	-9.90E-06	-1.36E-05
53	16	0	0	0	0	0	0	232	254	0	-2.23E-05	6.90E-06	-9.90E-06	-1.36E-05
53	17	0	0	0	0	0	0	232	254	0	-2.18E-05	6.79E-06	-9.83E-06	-1.33E-05
53	18	0	0	0	0	0	0	232	254	0	-2.18E-05	6.79E-06	-9.83E-06	-1.33E-05
53	19	0	0	0	0	0	0	232	254	0	-2.04E-05	4.53E-06	-9.11E-06	-1.38E-05
54	0	0	0	0	0	0	0	232	254	0	-2.04E-05	4.53E-06	-9.11E-06	-1.38E-05
54	1	0	0	0	0	0	0	232	254	0	-1.95E-05	4.67E-06	-8.25E-06	-1.53E-05
54	2	0	0	0	0	0	0	232	254	0	-1.99E-05	5.66E-06	-9.94E-06	-1.50E-05
54	3	0	0	0	0	0	0	232	254	0	-1.99E-05	5.66E-06	-9.94E-06	-1.50E-05
54	4	0	0	0	0	0	0	232	254	0	-2.09E-05	3.77E-06	-1.01E-05	-1.43E-05
54	5	0	0	0	0	0	0	232	254	0	-2.09E-05	3.77E-06	-1.01E-05	-1.43E-05
54	6	0	0	0	0	0	0	232	254	0	-2.20E-05	3.18E-06	-9.12E-06	-1.38E-05
54	7	0	0	0	0	0	0	232	254	0	-2.20E-05	3.18E-06	-9.12E-06	-1.38E-05
54	8	0	0	0	0	0	0	232	254	0	-2.31E-05	4.60E-06	-9.67E-06	-1.54E-05
54	9	0	0	0	0	0	0	232	254	0	-2.31E-05	4.60E-06	-9.67E-06	-1.54E-05
54	10	0	0	0	0	0	0	232	254	0	-2.23E-05	5.13E-06	-1.05E-05	-1.48E-05
54	11	0	0	0	0	0	0	232	254	0	-2.17E-05	4.53E-06	-9.66E-06	-1.36E-05
54	12	0	0	0	0	0	0	232	254	0	-2.17E-05	4.53E-06	-9.66E-06	-1.36E-05
54	13	0	0	0	0	0	0	232	254	0	-2.20E-05	4.53E-06	-9.12E-06	-1.36E-05
54	14	0	0	0	0	0	0	232	254	0	-2.20E-05	4.53E-06	-9.12E-06	-1.36E-05
54	15	0	0	0	0	0	0	232	254	0	-2.15E-05	4.71E-06	-9.64E-06	-1.39E-05
54	16	0	0	0	0	0	0	232	254	0	-2.15E-05	4.71E-06	-9.64E-06	-1.39E-05
54	17	0	0	0	0	0	0	232	254	0	-2.07E-05	6.21E-06	-1.01E-05	-1.33E-05
54	18	0	0	0	0	0	0	232	254	0	-2.07E-05	6.21E-06	-1.01E-05	-1.33E-05
54	19	0	0	0	0	0	0	232	254	0	-2.13E-05	6.12E-06	-8.53E-06	-1.19E-05
55	0	0	0	0	0	0	0	232	254	0	-2.20E-05	5.21E-06	-8.15E-06	-1.17E-05
55	1	0	0	0	0	0	0	232	254	0	-2.20E-05	5.21E-06	-8.15E-06	-1.17E-05
55	2	0	0	0	0	0	0	232	254	0	-1.96E-05	3.68E-06	-7.69E-06	-1.23E-05
55	3	0	0	0	0	0	0	232	254	0	-1.96E-05	3.68E-06	-7.69E-06	-1.23E-05
55	4	0	0	0	0	0	0	232	254	0	-1.91E-05	2.25E-06	-8.90E-06	-1.26E-05
55	5	0	0	0	0	0	0	232	254	0	-1.91E-05	2.25E-06	-8.90E-06	-1.26E-05
55	6	0	0	0	0	0	0	232	254	0	-2.06E-05	2.89E-06	-8.91E-06	-1.27E-05
55	7	0	0	0	0	0	0	232	254	0	-2.06E-05	2.89E-06	-8.91E-06	-1.27E-05
55	8	0	0	0	0	0	0	232	254	0	-2.01E-05	3.40E-06	-9.01E-06	-1.08E-05
55	9	0	0	0	0	0	0	232	254	0	-2.14E-05	5.31E-06	-8.56E-06	-1.03E-05
55	10	0	0	0	0	0	0	232	254	0	-2.14E-05	5.31E-06	-8.56E-06	-1.03E-05
55	11	0	0	0	0	0	0	232	254	0	-2.18E-05	6.23E-06	-8.53E-06	-1.09E-05
55	12	0	0	0	0	0	0	232	254	0	-2.18E-05	6.23E-06	-8.53E-06	-1.09E-05
55	13	0	0	0	0	0	0	232	254	0	-2.16E-05	6.25E-06	-8.17E-06	-1.11E-05
55	14	0	0	0	0	0	0	232	254	0	-2.16E-05	6.25E-06	-8.17E-06	-1.11E-05
55	15	0	0	0	0	0	0	232	254	0	-1.98E-05	5.03E-06	-7.70E-06	-1.15E-05
55	16	0	0	0	0	0	0	232	254	0	-1.98E-05	5.03E-06	-7.70E-06	-1.15E-05
55	17	0	0	0	0	0	0	232	254	0	-1.96E-05	3.45E-06	-7.76E-06	-1.12E-05
55	18	0	0	0	0	0	0	232	254	0	-1.96E-05	2.82E-06	-9.64E-06	-1.08E-05
55	19	0	0	0	0	0	0	232	254	0	-1.96E-05	2.82E-06	-9.64E-06	-1.08E-05
56	0	0	0	0	0	0	0	232	254	0	-1.92E-05	2.52E-06	-1.01E-05	-9.80E-06
56	1	0	0	0	0	0	0	232	254	0	-1.92E-05	2.52E-06	-1.01E-05	-9.80E-06
56	2	0	0	0	0	0	0	232	254	0	-1.97E-05	2.59E-06	-8.82E-06	-8.88E-06
56	3	0	0	0	0	0	0	232	254	0	-1.97E-05	2.59E-06	-8.82E-06	-8.88E-06
56	4	0	0	0	0	0	0	232	254	0	-2.03E-05	3.33E-06	-9.80E-06	-8.94E-06
56	5	0	0	0	0	0	0	232	254	0	-2.03E-05	3.33E-06	-9.80E-06	-8.94E-06
56	6	0	0	0	0	0	0	232	254	0	-2.05E-05	4.51E-06	-1.16E-05	-1.08E-05
56	7	0	0	0	0	0	0	232	254	0	-2.23E-05	4.45E-06	-1.02E-05	-1.14E-05
56	8	0	0	0	0	0	0	232	254	0	-2.23E-05	4.45E-06	-1.02E-05	-1.14E-05
56	9	0	0	0	0	0	0	232	254	0	-2.25E-05	5.31E-06	-9.59E-06	-1.20E-05
56	10	0	0	0	0	0	0	232	254	0	-2.25E-05	5.31E-06	-9.59E-06	-1.20E-05
56	11	0	0	0	0	0	0	232	254	0	-2.28E-05	6.10E-06	-9.68E-06	-1.88E-05
56	12	0	0	0	0	0	0	232	254	0	-2.28E-05	6.10E-06	-9.68E-06	-1.88E-05
56	13	0	0	0	0	0	0	232	254	0	-2.41E-05	4.96E-06	-9.06E-06	-2.24E-05
56	14	0	0	0	0	0	0	232	254	0	-2.41E-05	4.96E-06	-9.06E-06	-2.24E-05
56	15	0	0	0	0	0	0	232	254	0	-2.44E-05	2.82E-06	-7.54E-06	-1.94E-05
56	16	0	0	0	0	0	0	232	254	0	-2.32E-05	2.64E-06	-7.44E-06	-1.57E-05
56	17	0	0	0	0	0	0	232	254	0	-2.32E-05	2.64E-06	-7.44E-06	-1.57E-05
56	18	0	0	0	0	0	0	232	254	0	-2.24E-05	3.78E-06	-7.96E-06	-1.67E-05
56	19	0	0	0	0	0	0	232	254	0	-2.24E-05	3.78E-06	-7.96E-06	-1.67E-05
57	0	0	0	0	0	0	0	232	254	0	-2.32E-05	4.53E-06	-8.53E-06	-1.53E-05
57	1	0	0	0	0	0	0	232	254	0	-2.32E-05	4.53E-06	-8.53E-06	-1.53E-05
57	2	0	0	0	0	0	0	232	254	0	-2.30E-05	4.46E-06	-8.15E-06	-1.33E-05
57	3	0	0	0	0	0	0	232	254	0	-2.30E-05	4.46E-06	-8.15E-06	-1.33E-05
57	4	0	0	0	0	0	0	232	254	0	-2.18E-05	3.75E-06	-7.76E-06	-1.45E-05
57	5	0	0	0	0	0	0	232	254	0	-2.03E-05	2.87E-06	-9.57E-06	-1.32E-05
57	6	0	0	0	0	0	0	232	254	0	-2.03E-05	2.87E-06	-9.57E-06	-1.32E-05
57	7	0	0	0	0	0	0	232	254	0	-2.03E-05	3.06E-06	-9.51E-06	-1.22E-05
57	8	0	0	0	0	0	0	232	254	0	-2.03E-05	3.06E-06	-9.51E-06	-1.22E-05
57	9	0	0	0	0	0	0	232	254	0	-2.01E-05	3.30E-06	-9.10E-06	-1.22E-05
57	10	0	0	0	0	0	0	232	254	0	-2.01E-05	3.30E-06	-9.10E-06	-1.22E-05
57	11	0	0	0	0	0	0	232	254	0	-1.94E-05	2.89E-06	-9.38E-06	-1.29E-05
57	12	0	0	0	0	0	0	232	254	0	-1.94E-05	2.89E-06	-9.38E-06	-1.29E-05
57	13	0	0	0	0	0	0	232	254	0	-2.03E-05	3.37E-06	-9.27E-06	-1.30E-05
57	14	0	0	0	0	0	0	232	254	0	-2.06E-05	5.01E-06	-9.60E-06	-1.23E-05
57	15	0	0	0	0	0	0	232	254	0	-2.06E-05	5.01E-06	-9.60E-06	-1.23E-05
57	16	0	0	0	0	0	0	232	254	0	-2.04E-05	6.14E-06	-1.01E-05	-1.15E-05
57	17	0	0	0	0	0	0	232	254	0	-2.04E-05	6.14E-06	-1.01E-05	-1.15E-05
57	18	0	0	0	0	0	0	232	254	0	-1.94E-05	5.47E-06	-1.16E-05	-1.07E-05
57	19	0	0	0	0	0	0	232	254	0	-1.94E-05	5.47E-06	-1.16E-05	-1.07E-05
58	0	0	0	0	0	0	0	232	254	0	-2.00E-05	4.87E-06	-1.15E-05	-9.08E-06
58	1	0	0	0	0	0	0	232	254	0	-2.00E-05	4.87E-06	-1.15E-05	-9.08E-06
58	2	0	0	0	0	0	0	232	254	0	-2.03E-05	4.90E-06	-1.09E-05	-9.48E-06
58	3	0	0	0	0	0	0	232	254	0	-2.03E-05	5.27E-06	-1.08E-05	-1.16E-05
58	4	0	0	0	0	0	0	232	254	0	-2.03E-05	5.27E-06	-1.08E-05	-1.16E-05
58	5	0	0	0	0	0	0	232	254	0	-1.97E-05	5.89E-06	-9.39E-06	-1.28E-05
58	6	0	0	0	0	0	0	232	254	0	-1.97E-05	5.89E-06	-9.39E-06	-1.28E-05
58	7	0	0	0	0	0	0	232	254	0	-1.90E-05	6.06E-06	-7.78E-06	-2.13E-05
58	8	0	0	0	0	0	0	232	254	0	-1.90E-05	6.06E-06	-7.78E-06	-2.13E-05
58	9	0	0	0	0	0	0	232	254	0	-1.92E-05	6.21E-06	-6.81E-06	-1.74E-05
58	10	0	0	0	0	0	0	232	254	0	-1.92E-05	6.21E-06	-6.81E-06	-1.74E-05
58	11	0	0	0	0	0	0	232	254	0	-2.02E-05	6.14E-06	-6.44E-06	-6.89E-06
58	12	0	0	0	0	0	0	232	254	0	-2.05E-05	5.50E-06	-8.68E-06	-5.33E-06
58	13	0	0	0	0	0	0	232	254	0	-2.05E-05	5.50E-06	-8.68E-06	-5.33E-06
58	14	0	0	0	0	0	0	232	254	0	-1.95E-05	5.20E-06	-1.11E-05	-4.20E-06
58	15	0	0	0	0	0	0	232	254	0	-1.95E-05	5.20E-06	-1.11E-05	-4.20E-06
58	16	0	0	0	0	0	0	232	254	0	-1.96E-05	5.20E-06	-1.17E-05	-1.02E-05
58	17	0	0	0	0	0	0	232	254	0	-1.96E-05	5.20E-06	-1.17E-05	-1.02E-05
58	18	0	0	0	0	0	0	232	254	0	-2.05E-05	5.19E-06	-1.14E-05	-1.22E-05
58	19	0	0	0	0	0	0	232	254	0	-2.05E-05	5.19E-06	-1.14E-05	-1.22E-05
59	0	0	0	0	0	0	0	232	254	0	-2.17E-05	5.02E-06	-9.80E-06	-1.33E-05
59	1	0	0	0	0	0	0	232	254	0	-2.17E-05	4.97E-06	-8.86E-06	-2.21E-05
59	2	0	0	0	0	0	0	232	254	0	-2.17E-05	4.97E-06	-8.86E-06	-2.21E-05
59	3	0	0	0	0	0	0	232	254	0	-2.17E-05	5.77E-06	-8.38E-06	-1.15E-05
59	4	0	0	0	0	0	0	232	254	0	-2.17E-05	5.77E-06	-8.38E-06	-1.15E-05
59	5	0	0	0	0	0	0	232	254	0	-2.02E-05	4.89E-06	-6.56E-06	-1.54E-05
59	6	0	0	0	0	0	0	232	254	0	-2.02E-05	4.89E-06	-6.56E-06	-1.54E-05
59	7	0	0	0	0	0	0	232	254	0	-1.95E-05	5.05E-06	-3.65E-06	-2.94E-05
59	8	0	0	0	0	0	0	232	254	0	-1.95E-05	5.05E-06	-3.65E-06	-2.94E-05
59	9	0	0	0	0	0	0	232	254	0	-2.00E-05	5.17E-06	-2.13E-06	-1.56E-05
59	10	0	0	0	0	0	0	232	254	0	-2.05E-05	4.83E-06	-4.92E-06	-7.66E-06
59	11	0	0	0	0	0	0	232	254	0	-2.05E-05	4.83E-06	-4.92E-06	-7.66E-06
59	12	0	0	0	0	0	0	232	254	0	-1.91E-05	4.71E-06	-8.31E-06	-1.44E-05
59	13	0	0	0	0	0	0	232	254	0	-1.91E-05	4.71E-06	-8.31E-06	-1.44E-05
59	14	0	0	0	0	0	0	232	254	0	-1.93E-05	6.28E-06	-8.98E-06	-1.51E-05
59	15	0	0	0	0	0	0	232	254	0	-1.93E-05	6.28E-06	-8.98E-06	-1.51E-05
59	16	0	0	0	0	0	0	232	254	0	-2.08E-05	6.92E-06	-8.17E-06	-1.06E-05
59	17	0	0	0	0	0	0	232	254	0	-2.08E-05	6.92E-06	-8.17E-06	-1.06E-05
59	18	0	0	0	0	0	0	232	254	0	-2.12E-05	7.11E-06	-7.77E-06	-1.05E-05
59	19	0	0	0	0	0	0	232	254	0	-2.20E-05	6.14E-06	-8.19E-06	-1.14E-05
60	0	0	0	0	0	0	0	232	254	0	-2.20E-05	6.14E-06	-8.19E-06	-1.14E-05
60	1	0	0	0	0	0	0	232	254	0	-2.20E-05	5.50E-06	-7.96E-06	-1.26E-05
60	2	0	0	0	0	0	0	232	254	0	-2.20E-05	5.50E-06	-7.96E-06	-1.26E-05
60	3	0	0	0	0	0	0	232	254	0	-2.20E-05	5.20E-06	-8.63E-06	-1.21E-05
60	4	0	0	0	0	0	0	232	254	0	-2.20E-05	5.20E-06	-8.63E-06	-1.21E-05
60	5	0	0	0	0	0	0	232	254	0	-2.19E-05	5.31E-06	-9.36E-06	-1.12E-05
60	6	0	0	0	0	0	0	232	254	0	-2.19E-05	5.31E-06	-9.36E-06	-1.12E-05
60	7	0	0	0	0	0	0	232	254	0	-2.10E-05	6.16E-06	-1.04E-05	-1.11E-05
60	8	0	0	0	0	0	0	232	254	0	-2.13E-05	5.58E-06	-1.04E-05	-1.09E-05
60	9	0	0	0	0	0	0	232	254	0	-2.13E-05	5.58E-06	-1.04E-05	-1.09E-05
60	10	0	0	0	0	0	0	232	254	0	-2.10E-05	4.55E-06	-1.04E-05	-1.12E-05
60	11	0	0	0	0	0	0	232	254	0	-2.10E-05	4.55E-06	-1.04E-05	-1.12E-05
60	12	0	0	0	0	0	0	232	254	0	-2.10E-05	4.75E-06	-9.27E-06	-1.06E-05
60	13	0	0	0	0	0	0	232	254	0	-2.10E-05	4.75E-06	-9.27E-06	-1.06E-05
60	14	0	0	0	0	0	0	232	254	0	-2.11E-05	5.06E-06	-9.69E-06	-1.01E-05
60	15	0	0	0	0	0	0	232	254	0	-2.11E-05	5.06E-06	-9.69E-06	-1.01E-05
60	16	0	0	0	0	0	0	232	254	0	-2.05E-05	3.83E-06	-1.07E-05	-7.48E-06
60	17	0	0	0	0	0	0	232	254	0	-1.95E-05	3.60E-06	-1.06E-05	-7.24E-06
60	18	0	0	0	0	0	0	232	254	0	-1.95E-05	3.60E-06	-1.06E-05	-7.24E-06
60	19	0	0	0	0	0	0	232	254	0	-2.10E-05	4.16E-06	-1.05E-05	-1.07E-05
61	0	0	0	0	0	0	0	232	254	0	-2.10E-05	4.16E-06	-1.05E-05	-1.07E-05
61	1	0	0	0	0	0	0	232	254	0	-2.13E-05	3.98E-06	-1.02E-05	-1.52E-05
61	2	0	0	0	0	0	0	232	254	0	-2.13E-05	3.98E-06	-1.02E-05	-1.52E-05
61	3	0	0	0	0	0	0	232	254	0	-2.11E-05	5.19E-06	-9.83E-06	-1.72E-05
61	4	0	0	0	0	0	0	232	254	0	-2.11E-05	5.19E-06	-9.83E-06	-1.72E-05
61	5	0	0	0	0	0	0	232	254	0	-2.18E-05	6.55E-06	-9.09E-06	-1.59E-05
61	6	0	0	0	0	0	0	232	254	0	-2.27E-05	6.53E-06	-7.94E-06	-1.22E-05
61	7	0	0	0	0	0	0	232	254	0	-2.27E-05	6.53E-06	-7.94E-06	-1.22E-05
61	8	0	0	0	0	0	0	232	254	0	-2.26E-05	6.40E-06	-8.39E-06	-1.03E-05
61	9	0	0	0	0	0	0	232	254	0	-2.26E-05	6.40E-06	-8.39E-06	-1.03E-05
61	10	0	0	0	0	0	0	232	254	0	-2.23E-05	6.44E-06	-8.52E-06	-9.32E-06
61	11	0	0	0	0	0	0	232	254	0	-2.23E-05	6.44E-06	-8.52E-06	-9.32E-06
61	12	0	0	0	0	0	0	232	254	0	-2.19E-05	5.43E-06	-9.60E-06	-1.01E-05
61	13	0	0	0	0	0	0	232	254	0	-2.19E-05	5.43E-06	-9.60E-06	-1.01E-05
61	14	0	0	0	0	0	0	232	254	0	-2.30E-05	4.53E-06	-9.94E-06	-1.07E-05
61	15	0	0	0	0	0	0	232	254	0	-2.26E-05	4.59E-06	-1.03E-05	-9.94E-06
61	16	0	0	0	0	0	0	232	254	0	-2.26E-05	4.59E-06	-1.03E-05	-9.94E-06
61	17	0	0	0	0	0	0	232	254	0	-2.23E-05	5.02E-06	-1.11E-05	-1.04E-05
61	18	0	0	0	0	0	0	232	254	0	-2.23E-05	5.02E-06	-1.11E-05	-1.04E-05
61	19	0	0	0	0	0	0	232	254	0	-2.17E-05	4.87E-06	-1.09E-05	-1.19E-05
62	0	0	0	0	0	0	0	232	254	0	-2.17E-05	4.87E-06	-1.09E-05	-1.19E-05
62	1	0	0	0	0	0	0	232	254	0	-2.07E-05	4.94E-06	-9.61E-06	-1.28E-05
62	2	0	0	0	0	0	0	232	254	0	-2.07E-05	4.94E-06	-9.61E-06	-1.28E-05
62	3	0	0	0	0	0	0	232	254	0	-2.12E-05	5.54E-06	-8.52E-06	-1.07E-05
62	4	0	0	0	0	0	0	232	254	0	-2.05E-05	5.42E-06	-8.37E-06	-1.17E-05
62	5	0	0	0	0	0	0	232	254	0	-2.05E-05	5.42E-06	-8.37E-06	-1.17E-05
62	6	0	0	0	0	0	0	232	254	0	-2.10E-05	4.42E-06	-9.57E-06	-1.11E-05
62	7	0	0	0	0	0	0	232	254	0	-2.10E-05	4.42E-06	-9.57E-06	-1.11E-05
62	8	0	0	0	0	0	0	232	254	0	-2.23E-05	4.90E-06	-9.67E-06	-8.26E-06
62	9	0	0	0	0	0	0	232	254	0	-2.23E-05	4.90E-06	-9.67E-06	-8.26E-06
62	10	0	0	0	0	0	0	232	254	0	-2.18E-05	5.17E-06	-1.05E-05	-8.93E-06
62	11	0	0	0	0	0	0	232	254	0	-2.18E-05	5.17E-06	-1.05E-05	-8.93E-06
62	12	0	0	0	0	0	0	232	254	0	-2.18E-05	4.89E-06	-9.55E-06	-1.22E-05
62	13	0	0	0	0	0	0	232	254	0	-2.18E-05	4.95E-06	-9.45E-06	-1.36E-05
62	14	0	0	0	0	0	0	232	254	0	-2.18E-05	4.95E-06	-9.45E-06	-1.36E-05
62	15	0	0	0	0	0	0	232	254	0	-2.17E-05	4.13E-06	-9.66E-06	-1.37E-05
62	16	0	0	0	0	0	0	232	254	0	-2.17E-05	4.13E-06	-9.66E-06	-1.37E-05
62	17	0	0	0	0	0	0	232	254	0	-2.18E-05	3.52E-06	-7.66E-06	-1.47E-05
62	18	0	0	0	0	0	0	232	254	0	-2.18E-05	3.52E-06	-7.66E-06	-1.47E-05
62	19	0	0	0	0	0	0	232	254	0	-2.16E-05	3.49E-06	-8.63E-06	-1.52E-05
63	0	0	0	0	0	0	0	232	254	0	-2.16E-05	3.49E-06	-8.63E-06	-1.52E-05
63	1	0	0	0	0	0	0	232	254	0	-2.13E-05	3.24E-06	-9.14E-06	-1.40E-05
63	2	0	0	0	0	0	0	232	254	0	-2.13E-05	3.69E-06	-8.30E-06	-1.16E-05
63	3	0	0	0	0	0	0	232	254	0	-2.13E-05	3.69E-06	-8.30E-06	-1.16E-05
63	4	0	0	0	0	0	0	232	254	0	-2.10E-05	3.85E-06	-7.52E-06	-1.30E-05
63	5	0	0	0	0	0	0	232	254	0	-2.10E-05	3.85E-06	-7.52E-06	-1.30E-05
63	6	0	0	0	0	0	0	232	254	0	-2.10E-05	5.19E-06	-7.29E-06	-1.35E-05
63	7	0	0	0	0	0	0	232	254	0	-2.10E-05	5.19E-06	-7.29E-06	-1.35E-05
63	8	0	0	0	0	0	0	232	254	0	-2.10E-05	4.86E-06	-7.92E-06	-1.30E-05
63	9	0	0	0	0	0	0	232	254	0	-2.10E-05	4.86E-06	-7.92E-06	-1.30E-05
63	10	0	0	0	0	0	0	232	254	0	-2.10E-05	3.18E-06	-8.19E-06	-1.33E-05
63	11	0	0	0	0	0	0	232	254	0	-2.24E-05	1.73E-06	-7.92E-06	-1.37E-05
63	12	0	0	0	0	0	0	232	254	0	-2.24E-05	1.73E-06	-7.92E-06	-1.37E-05
63	13	0	0	0	0	0	0	232	254	0	-2.27E-05	2.18E-06	-8.30E-06	-1.49E-05
63	14	0	0	0	0	0	0	232	254	0	-2.27E-05	2.18E-06	-8.30E-06	-1.49E-05
63	15	0	0	0	0	0	0	232	254	0	-2.29E-05	2.24E-06	-8.97E-06	-1.48E-05
63	16	0	0	0	0	0	0	232	254	0	-2.29E-05	2.24E-06	-8.97E-06	-1.48E-05
63	17	0	0	0	0	0	0	232	254	0	-2.16E-05	2.74E-06	-9.57E-06	-1.35E-05
63	18	0	0	0	0	0	0	232	254	0	-2.16E-05	2.74E-06	-9.57E-06	-1.35E-05
63	19	0	0	0	0	0	0	232	254	0	-2.10E-05	3.12E-06	-9.60E-06	-1.30E-05
64	0	0	0	0	0	0	0	232	254	0	-2.11E-05	2.55E-06	-9.85E-06	-1.36E-05
64	1	0	0	0	0	0	0	232	254	0	-2.11E-05	2.55E-06	-9.85E-06	-1.36E-05
64	2	0	0	0	0	0	0	232	254	0	-2.09E-05	2.91E-06	-9.36E-06	-1.34E-05
64	3	0	0	0	0	0	0	232	254	0	-2.09E-05	2.91E-06	-9.36E-06	-1.34E-05
64	4	0	0	0	0	0	0	232	254	0	-2.04E-05	3.39E-06	-9.12E-06	-1.42E-05
64	5	0	0	0	0	0	0	232	254	0	-2.04E-05	3.39E-06	-9.12E-06	-1.42E-05
64	6	0	0	0	0	0	0	232	254	0	-2.11E-05	3.67E-06	-9.64E-06	-1.38E-05
64	7	0	0	0	0	0	0	232	254	0	-2.11E-05	3.67E-06	-9.64E-06	-1.38E-05
64	8	0	0	0	0	0	0	232	254	0	-2.10E-05	3.65E-06	-1.01E-05	-1.39E-05
64	9	0	0	0	0	0	0	232	254	0	-1.99E-05	4.77E-06	-9.00E-06	-1.49E-05
64	10	0	0	0	0	0	0	232	254	0	-1.99E-05	4.77E-06	-9.00E-06	-1.49E-05
64	11	0	0	0	0	0	0	232	254	0	-1.96E-05	5.21E-06	-1.00E-05	-1.46E-05
64	12	0	0	0	0	0	0	232	254	0	-1.96E-05	5.21E-06	-1.00E-05	-1.46E-05
64	13	0	0	0	0	0	0	232	254	0	-1.97E-05	3.75E-06	-1.08E-05	-1.46E-05
64	14	0	0	0	0	0	0	232	254	0	-1.97E-05	3.75E-06	-1.08E-05	-1.46E-05
64	15	0	0	0	0	0	0	232	254	0	-2.00E-05	3.00E-06	-1.03E-05	-1.49E-05
64	16	0	0	0	0	0	0	232	254	0	-2.00E-05	3.00E-06	-1.03E-05	-1.49E-05
64	17	0	0	0	0	0	0	232	254	0	-2.00E-05	4.14E-06	-1.07E-05	-1.48E-05
64	18	0	0	0	0	0	0	232	254	0	-1.86E-05	3.62E-06	-8.45E-06	-1.34E-05
64	19	0	0	0	0	0	0	232	254	0	-1.86E-05	3.62E-06	-8.45E-06	-1.34E-05
65	0	0	0	0	0	0	0	232	254	0	-1.85E-05	3.04E-06	-7.73E-06	-1.37E-05
65	1	0	0	0	0	0	0	232	254	0	-1.85E-05	3.04E-06	-7.73E-06	-1.37E-05
65	2	0	0	0	0	0	0	232	254	0	-2.04E-05	3.30E-06	-9.37E-06	-1.44E-05
65	3	0	0	0	0	0	0	232	254	0	-2.04E-05	3.30E-06	-9.37E-06	-1.44E-05
65	4	0	0	0	0	0	0	232	254	0	-2.12E-05	4.13E-06	-1.05E-05	-1.52E-05
65	5	0	0	0	0	0	0	232	254	0	-2.12E-05	4.13E-06	-1.05E-05	-1.52E-05
65	6	0	0	0	0	0	0	232	254	0	-2.29E-05	3.56E-06	-9.50E-06	-1.54E-05
65	7	0	0	0	0	0	0	232	254	0	-2.34E-05	4.00E-06	-8.75E-06	-1.23E-05
65	8	0	0	0	0	0	0	232	254	0	-2.34E-05	4.00E-06	-8.75E-06	-1.23E-05
65	9	0	0	0	0	0	0	232	254	0	-2.41E-05	5.20E-06	-7.45E-06	-1.09E-05
65	10	0	0	0	0	0	0	232	254	0	-2.41E-05	5.20E-06	-7.45E-06	-1.09E-05
65	11	0	0	0	0	0	0	232	254	0	-2.51E-05	5.35E-06	-6.63E-06	-1.12E-05
65	12	0	0	0	0	0	0	232	254	0	-2.51E-05	5.35E-06	-6.63E-06	-1.12E-05
65	13	0	0	0	0	0	0	232	254	0	-2.55E-05	6.44E-06	-7.40E-06	-1.07E-05
65	14	0	0	0	0	0	0	232	254	0	-2.55E-05	6.44E-06	-7.40E-06	-1.07E-05
65	15	0	0	0	0	0	0	232	254	0	-2.43E-05	5.50E-06	-7.70E-06	-1.00E-05
65	16	0	0	0	0	0	0	232	254	0	-2.38E-05	5.35E-06	-8.93E-06	-1.10E-05
65	17	0	0	0	0	0	0	232	254	0	-2.38E-05	5.35E-06	-8.93E-06	-1.10E-05
65	18	0	0	0	0	0	0	232	254	0	-2.31E-05	6.55E-06	-9.41E-06	-1.17E-05
65	19	0	0	0	0	0	0	232	254	0	-2.31E-05	6.55E-06	-9.41E-06	-1.17E-05
66	0	0	0	0	0	0	0	232	254	0	-2.21E-05	6.46E-06	-1.09E-05	-1.13E-05
66	1	0	0	0	0	0	0	232	254	0	-2.21E-05	6.46E-06	-1.09E-05	-1.13E-05
66	2	0	0	0	0	0	0	232	254	0	-2.00E-05	5.55E-06	-1.06E-05	-1.17E-05
66	3	0	0	0	0	0	0	232	254	0	-2.00E-05	5.55E-06	-1.06E-05	-1.17E-05
66	4	0	0	0	0	0	0	232	254	0	-1.90E-05	4.16E-06	-1.04E-05	-1.31E-05
66	5	0	0	0	0	0	0	232	254	0	-1.94E-05	4.04E-06	-8.91E-06	-1.29E-05
66	6	0	0	0	0	0	0	232	254	0	-1.94E-05	4.04E-06	-8.91E-06	-1.29E-05
66	7	0	0	0	0	0	0	232	254	0	-2.06E-05	5.63E-06	-8.98E-06	-1.31E-05
66	8	0	0	0	0	0	0	232	254	0	-2.06E-05	5.63E-06	-8.98E-06	-1.31E-05
66	9	0	0	0	0	0	0	232	254	0	-2.06E-05	6.36E-06	-8.17E-06	-1.48E-05
66	10	0	0	0	0	0	0	232	254	0	-2.06E-05	6.36E-06	-8.17E-06	-1.48E-05
66	11	0	0	0	0	0	0	232	254	0	-1.99E-05	6.10E-06	-7.74E-06	-1.38E-05
66	12	0	0	0	0	0	0	232	254	0	-1.99E-05	6.10E-06	-7.74E-06	-1.38E-05
66	13	0	0	0	0	0	0	232	254	0	-1.95E-05	5.33E-06	-7.96E-06	-1.29E-05
66	14	0	0	0	0	0	0	232	254	0	-1.82E-05	6.43E-06	-8.56E-06	-1.21E-05
66	15	0	0	0	0	0	0	232	254	0	-1.82E-05	6.43E-06	-8.56E-06	-1.21E-05
66	16	0	0	0	0	0	0	232	254	0	-1.64E-05	6.88E-06	-8.52E-06	-1.05E-05
66	17	0	0	0	0	0	0	232	254	0	-1.64E-05	6.88E-06	-8.52E-06	-1.05E-05
66	18	0	0	0	0	0	0	232	254	0	-1.75E-05	6.74E-06	-8.31E-06	-1.12E-05
66	19	0	0	0	0	0	0	232	254	0	-1.75E-05	6.74E-06	-8.31E-06	-1.12E-05
67	0	0	0	0	0	0	0	232	254	0	-1.69E-05	5.54E-06	-9.19E-06	-1.12E-05
67	1	0	0	0	0	0	0	232	254	0	-1.69E-05	5.54E-06	-9.19E-06	-1.12E-05
67	2	0	0	0	0	0	0	232	254	0	-1.77E-05	5.54E-06	-1.03E-05	-1.39E-05
67	3	0	0	0	0	0	0	232	254	0	-1.81E-05	5.47E-06	-1.08E-05	-1.30E-05
67	4	0	0	0	0	0	0	232	254	0	-1.81E-05	5.47E-06	-1.08E-05	-1.30E-05
67	5	0	0	0	0	0	0	232	254	0	-1.93E-05	4.81E-06	-9.90E-06	-1.09E-05
67	6	0	0	0	0	0	0	232	254	0	-1.93E-05	4.81E-06	-9.90E-06	-1.09E-05
67	7	0	0	0	0	0	0	232	254	0	-2.09E-05	4.36E-06	-9.94E-06	-1.11E-05
67	8	0	0	0	0	0	0	232	254	0	-2.09E-05	4.36E-06	-9.94E-06	-1.11E-05
67	9	0	0	0	0	0	0	232	254	0	-2.12E-05	4.42E-06	-1.00E-05	-1.23E-05
67	10	0	0	0	0	0	0	232	254	0	-2.12E-05	4.42E-06	-1.00E-05	-1.23E-05
67	11	0	0	0	0	0	0	232	254	0	-1.99E-05	4.89E-06	-8.15E-06	-1.01E-05
67	12	0	0	0	0	0	0	232	254	0	-2.08E-05	5.16E-06	-7.66E-06	-1.06E-05
67	13	0	0	0	0	0	0	232	254	0	-2.08E-05	5.16E-06	-7.66E-06	-1.06E-05
67	14	0	0	0	0	0	0	232	254	0	-2.02E-05	6.23E-06	-8.49E-06	-1.31E-05
67	15	0	0	0	0	0	0	232	254	0	-2.02E-05	6.23E-06	-8.49E-06	-1.31E-05
67	16	0	0	0	0	0	0	232	254	0	-1.89E-05	6.22E-06	-7.92E-06	-1.12E-05
67	17	0	0	0	0	0	0	232	254	0	-1.89E-05	6.22E-06	-7.92E-06	-1.12E-05
67	18	0	0	0	0	0	0	232	254	0	-1.85E-05	4.83E-06	-8.46E-06	-9.16E-06
67	19	0	0	0	0	0	0	232	254	0	-1.85E-05	4.83E-06	-8.46E-06	-9.16E-06
68	0	0	0	0	0	0	0	232	254	0	-2.03E-05	4.60E-06	-1.05E-05	-8.49E-06
68	1	0	0	0	0	0	0	232	254	0	-2.06E-05	5.27E-06	-1.16E-05	-8.07E-06
68	2	0	0	0	0	0	0	232	254	0	-2.06E-05	5.27E-06	-1.16E-05	-8.07E-06
68	3	0	0	0	0	0	0	232	254	0	-2.02E-05	5.86E-06	-1.18E-05	-9.89E-06
68	4	0	0	0	0	0	0	232	254	0	-2.02E-05	5.86E-06	-1.18E-05	-9.89E-06
68	5	0	0	0	0	0	0	232	254	0	-2.15E-05	5.64E-06	-1.22E-05	-1.30E-05
68	6	0	0	0	0	0	0	232	254	0	-2.15E-05	5.64E-06	-1.22E-05	-1.30E-05
68	7	0	0	0	0	0	0	232	254	0	-2.03E-05	4.96E-06	-1.17E-05	-1.61E-05
68	8	0	0	0	0	0	0	232	254	0	-2.03E-05	4.96E-06	-1.17E-05	-1.61E-05
68	9	0	0	0	0	0	0	232	254	0	-2.03E-05	4.51E-06	-9.32E-06	-1.44E-05
68	10	0	0	0	0	0	0	232	254	0	-2.02E-05	5.65E-06	-7.20E-06	-1.30E-05
68	11	0	0	0	0	0	0	232	254	0	-2.02E-05	5.65E-06	-7.20E-06	-1.30E-05
68	12	0	0	0	0	0	0	232	254	0	-1.97E-05	5.11E-06	-7.26E-06	-1.38E-05
68	13	0	0	0	0	0	0	232	254	0	-1.97E-05	5.11E-06	-7.26E-06	-1.38E-05
68	14	0	0	0	0	0	0	232	254	0	-2.14E-05	4.31E-06	-9.08E-06	-1.46E-05
68	15	0	0	0	0	0	0	232	254	0	-2.14E-05	4.31E-06	-9.08E-06	-1.46E-05
68	16	0	0	0	0	0	0	232	254	0	-1.93E-05	3.83E-06	-9.13E-06	-1.73E-05
68	17	0	0	0	0	0	0	232	254	0	-1.93E-05	3.83E-06	-9.13E-06	-1.73E-05
68	18	0	0	0	0	0	0	232	254	0	-1.90E-05	3.61E-06	-8.40E-06	-1.68E-05
68	19	0	0	0	0	0	0	232	254	0	-1.90E-05	4.43E-06	-1.02E-05	-1.49E-05
69	0	0	0	0	0	0	0	232	254	0	-1.90E-05	4.43E-06	-1.02E-05	-1.49E-05
69	1	0	0	0	0	0	0	232	254	0	-1.91E-05	5.05E-06	-1.21E-05	-1.33E-05
69	2	0	0	0	0	0	0	232	254	0	-1.91E-05	5.05E-06	-1.21E-05	-1.33E-05
69	3	0	0	0	0	0	0	232	254	0	-2.01E-05	5.11E-06	-1.08E-05	-1.08E-05
69	4	0	0	0	0	0	0	232	254	0	-2.01E-05	5.11E-06	-1.08E-05	-1.08E-05
69	5	0	0	0	0	0	0	232	254	0	-2.11E-05	4.33E-06	-1.00E-05	-1.05E-05
69	6	0	0	0	0	0	0	232	254	0	-2.11E-05	4.33E-06	-1.00E-05	-1.05E-05
69	7	0	0	0	0	0	0	232	254	0	-2.15E-05	4.01E-06	-1.11E-05	-1.26E-05
69	8	0	0	0	0	0	0	232	254	0	-2.07E-05	3.97E-06	-9.74E-06	-1.29E-05
69	9	0	0	0	0	0	0	232	254	0	-2.07E-05	3.97E-06	-9.74E-06	-1.29E-05
69	10	0	0	0	0	0	0	232	254	0	-2.13E-05	4.78E-06	-8.80E-06	-1.24E-05
69	11	0	0	0	0	0	0	232	254	0	-2.13E-05	4.78E-06	-8.80E-06	-1.24E-05
69	12	0	0	0	0	0	0	232	254	0	-2.35E-05	3.92E-06	-1.25E-05	-1.43E-05
69	13	0	0	0	0	0	0	232	254	0	-2.35E-05	3.92E-06	-1.25E-05	-1.43E-05
69	14	0	0	0	0	0	0	232	254	0	-2.15E-05	3.11E-06	-1.43E-05	-1.57E-05
69	15	0	0	0	0	0	0	232	254	0	-2.15E-05	3.11E-06	-1.43E-05	-1.57E-05
69	16	0	0	0	0	0	0	232	254	0	-2.08E-05	3.97E-06	-1.12E-05	-1.50E-05
69	17	0	0	0	0	0	0	232	254	0	-2.18E-05	4.83E-06	-5.18E-06	-1.14E-05
69	18	0	0	0	0	0	0	232	254	0	-2.18E-05	4.83E-06	-5.18E-06	-1.14E-05
69	19	0	0	0	0	0	0	232	254	0	-2.06E-05	4.57E-06	-2.25E-06	-9.53E-06
70	0	0	0	0	0	0	0	232	254	0	-2.06E-05	4.57E-06	-2.25E-06	-9.53E-06
70	1	0	0	0	0	0	0	232	254	0	-2.00E-05	4.80E-06	-3.14E-06	-9.43E-06
70	2	0	0	0	0	0	0	232	254	0	-2.00E-05	4.80E-06	-3.14E-06	-9.43E-06
70	3	0	0	0	0	0	0	232	254	0	-2.05E-05	4.13E-06	-5.97E-06	-1.12E-05
70	4	0	0	0	0	0	0	232	254	0	-2.05E-05	4.13E-06	-5.97E-06	-1.12E-05
70	5	0	0	0	0	0	0	232	254	0	-2.17E-05	3.56E-06	-9.21E-06	-1.25E-05
70	6	0	0	0	0	0	0	232	254	0	-2.20E-05	3.81E-06	-5.71E-06	-1.19E-05
70	7	0	0	0	0	0	0	232	254	0	-2.20E-05	3.81E-06	-5.71E-06	-1.19E-05
70	8	0	0	0	0	0	0	232	254	0	-2.17E-05	3.37E-06	-1.37E-06	-1.22E-05
70	9	0	0	0	0	0	0	232	254	0	-2.17E-05	3.37E-06	-1.37E-06	-1.22E-05
70	10	0	0	0	0	0	0	232	254	0	-2.20E-05	3.74E-06	-6.83E-07	-1.43E-05
70	11	0	0	0	0	0	0	232	254	0	-2.20E-05	3.74E-06	-6.83E-07	-1.43E-05
70	12	0	0	0	0	0	0	232	254	0	-2.23E-05	5.50E-06	-5.89E-06	-1.46E-05
70	13	0	0	0	0	0	0	232	254	0	-2.23E-05	5.50E-06	-5.89E-06	-1.46E-05
70	14	0	0	0	0	0	0	232	254	0	-2.15E-05	5.17E-06	-1.31E-05	-1.45E-05
70	15	0	0	0	0	0	0	232	254	0	-2.00E-05	4.74E-06	-1.32E-05	-1.39E-05
70	16	0	0	0	0	0	0	232	254	0	-2.00E-05	4.74E-06	-1.32E-05	-1.39E-05
70	17	0	0	0	0	0	0	232	254	0	-2.09E-05	3.71E-06	-9.94E-06	-1.39E-05
70	18	0	0	0	0	0	0	232	254	0	-2.09E-05	3.71E-06	-9.94E-06	-1.39E-05
70	19	0	0	0	0	0	0	232	254	0	-2.30E-05	4.00E-06	-1.05E-05	-1.33E-05
71	0	0	0	0	0	0	0	232	254	0	-2.30E-05	4.00E-06	-1.05E-05	-1.33E-05
71	1	0	0	0	0	0	0	232	254	0	-2.27E-05	5.13E-06	-1.26E-05	-1.25E-05
71	2	0	0	0	0	0	0	232	254	0	-2.27E-05	5.13E-06	-1.26E-05	-1.25E-05
71	3	0	0	0	0	0	0	232	254	0	-2.14E-05	4.39E-06	-1.53E-05	-1.19E-05
71	4	0	0	0	0	0	0	232	254	0	-2.25E-05	3.10E-06	-1.58E-05	-1.17E-05
71	5	0	0	0	0	0	0	232	254	0	-2.25E-05	3.10E-06	-1.58E-05	-1.17E-05
71	6	0	0	0	0	0	0	232	254	0	-2.43E-05	2.51E-06	-1.58E-05	-1.42E-05
71	7	0	0	0	0	0	0	232	254	0	-2.43E-05	2.51E-06	-1.58E-05	-1.42E-05
71	8	0	0	0	0	0	0	232	254	0	-2.36E-05	3.86E-06	-1.50E-05	-1.35E-05
71	9	0	0	0	0	0	0	232	254	0	-2.36E-05	3.86E-06	-1.50E-05	-1.35E-05
71	10	0	0	0	0	0	0	232	254	0	-2.27E-05	3.79E-06	-9.65E-06	-1.26E-05
71	11	0	0	0	0	0	0	232	254	0	-2.27E-05	3.79E-06	-9.65E-06	-1.26E-05
71	12	0	0	0	0	0	0	232	254	0	-2.35E-05	3.31E-06	-7.62E-06	-1.22E-05
71	13	0	0	0	0	0	0	232	254	0	-2.50E-05	4.36E-06	-7.67E-06	-1.17E-05
71	14	0	0	0	0	0	0	232	254	0	-2.50E-05	4.36E-06	-7.67E-06	-1.17E-05
71	15	0	0	0	0	0	0	232	254	0	-2.51E-05	4.31E-06	-2.36E-06	-1.14E-05
71	16	0	0	0	0	0	0	232	254	0	-2.51E-05	4.31E-06	-2.36E-06	-1.14E-05
71	17	0	0	0	0	0	0	232	254	0	-2.29E-05	4.00E-06	3.22E-06	-9.97E-06
71	18	0	0	0	0	0	0	232	254	0	-2.29E-05	4.00E-06	3.22E-06	-9.97E-06
71	19	0	0	0	0	0	0	232	254	0	-2.17E-05	5.24E-06	3.26E-06	-1.10E-05
72	0	0	0	0	0	0	0	232	254	0	-2.17E-05	5.24E-06	3.26E-06	-1.10E-05
72	1	0	0	0	0	0	0	232	254	0	-2.23E-05	5.49E-06	7.41E-07	-1.44E-05
72	2	0	0	0	0	0	0	232	254	0	-2.21E-05	4.98E-06	-1.51E-06	-1.52E-05
72	3	0	0	0	0	0	0	232	254	0	-2.21E-05	4.98E-06	-1.51E-06	-1.52E-05
72	4	0	0	0	0	0	0	232	254	0	-2.16E-05	4.64E-06	-1.55E-06	-1.15E-05
72	5	0	0	0	0	0	0	232	254	0	-2.16E-05	4.64E-06	-1.55E-06	-1.15E-05
72	6	0	0	0	0	0	0	232	254	0	-2.13E-05	5.72E-06	-2.06E-06	-1.08E-05
72	7	0	0	0	0	0	0	232	254	0	-2.13E-05	5.72E-06	-2.06E-06	-1.08E-05
72	8	0	0	0	0	0	0	232	254	0	-2.14E-05	7.08E-06	-4.04E-06	-1.27E-05
72	9	0	0	0	0	0	0	232	254	0	-2.14E-05	7.08E-06	-4.04E-06	-1.27E-05
72	10	0	0	0	0	0	0	232	254	0	-2.22E-05	5.91E-06	-5.77E-06	-1.36E-05
72	11	0	0	0	0	0	0	232	254	0	-2.39E-05	6.21E-06	-7.99E-06	-1.40E-05
72	12	0	0	0	0	0	0	232	254	0	-2.39E-05	6.21E-06	-7.99E-06	-1.40E-05
72	13	0	0	0	0	0	0	232	254	0	-2.46E-05	6.14E-06	-1.06E-05	-1.49E-05
72	14	0	0	0	0	0	0	232	254	0	-2.46E-05	6.14E-06	-1.06E-05	-1.49E-05
72	15	0	0	0	0	0	0	232	254	0	-2.35E-05	5.65E-06	-1.38E-05	-1.43E-05
72	16	0	0	0	0	0	0	232	254	0	-2.35E-05	5.65E-06	-1.38E-05	-1.43E-05
72	17	0	0	0	0	0	0	232	254	0	-2.21E-05	6.33E-06	-1.52E-05	-1.31E-05
72	18	0	0	0	0	0	0	232	254	0	-2.21E-05	6.33E-06	-1.52E-05	-1.31E-05
72	19	0	0	0	0	0	0	232	254	0	-2.02E-05	4.51E-06	-1.49E-05	-1.19E-05
73	0	0	0	0	0	0	0	232	254	0	-1.96E-05	4.49E-06	-1.50E-05	-1.19E-05
73	1	0	0	0	0	0	0	232	254	0	-1.96E-05	4.49E-06	-1.50E-05	-1.19E-05
73	2	0	0	0	0	0	0	232	254	0	-1.89E-05	5.65E-06	-1.66E-05	-1.29E-05
73	3	0	0	0	0	0	0	232	254	0	-1.89E-05	5.65E-06	-1.66E-05	-1.29E-05
73	4	0	0	0	0	0	0	232	254	0	-1.87E-05	6.37E-06	-1.56E-05	-1.21E-05
73	5	0	0	0	0	0	0	232	254	0	-1.87E-05	6.37E-06	-1.56E-05	-1.21E-05
73	6	0	0	0	0	0	0	232	254	0	-1.90E-05	4.69E-06	-1.12E-05	-1.09E-05
73	7	0	0	0	0	0	0	232	254	0	-1.90E-05	4.69E-06	-1.12E-05	-1.09E-05
73	8	0	0	0	0	0	0	232	254	0	-1.92E-05	3.33E-06	-1.06E-05	-1.09E-05
73	9	0	0	0	0	0	0	232	254	0	-2.09E-05	4.64E-06	-1.24E-05	-1.09E-05
73	10	0	0	0	0	0	0	232	254	0	-2.09E-05	4.64E-06	-1.24E-05	-1.09E-05
73	11	0	0	0	0	0	0	232	254	0	-1.99E-05	5.56E-06	-1.34E-05	-9.75E-06
73	12	0	0	0	0	0	0	232	254	0	-1.99E-05	5.56E-06	-1.34E-05	-9.75E-06
73	13	0	0	0	0	0	0	232	254	0	-1.96E-05	5.51E-06	-1.19E-05	-1.14E-05
73	14	0	0	0	0	0	0	232	254	0	-1.96E-05	5.51E-06	-1.19E-05	-1.14E-05
73	15	0	0	0	0	0	0	232	254	0	-1.96E-05	3.79E-06	-1.15E-05	-1.25E-05
73	16	0	0	0	0	0	0	232	254	0	-1.96E-05	3.79E-06	-1.15E-05	-1.25E-05
73	17	0	0	0	0	0	0	232	254	0	-1.97E-05	3.30E-06	-1.06E-05	-1.18E-05
73	18	0	0	0	0	0	0	232	254	0	-2.02E-05	4.11E-06	-1.09E-05	-1.50E-05
73	19	0	0	0	0	0	0	232	254	0	-2.02E-05	4.11E-06	-1.09E-05	-1.50E-05
74	0	0	0	0	0	0	0	232	254	0	-1.96E-05	3.39E-06	-1.08E-05	-1.53E-05
74	1	0	0	0	0	0	0	232	254	0	-1.96E-05	3.39E-06	-1.08E-05	-1.53E-05
74	2	0	0	0	0	0	0	232	254	0	-1.96E-05	3.60E-06	-1.00E-05	-1.25E-05
74	3	0	0	0	0	0	0	232	254	0	-1.96E-05	3.60E-06	-1.00E-05	-1.25E-05
74	4	0	0	0	0	0	0	232	254	0	-1.90E-05	2.80E-06	-1.10E-05	-1.14E-05
74	5	0	0	0	0	0	0	232	254	0	-1.90E-05	2.80E-06	-1.10E-05	-1.14E-05
74	6	0	0	0	0	0	0	232	254	0	-1.84E-05	2.47E-06	-1.02E-05	-1.09E-05
74	7	0	0	0	0	0	0	232	254	0	-1.89E-05	3.54E-06	-1.02E-05	-1.11E-05
74	8	0	0	0	0	0	0	232	254	0	-1.89E-05	3.54E-06	-1.02E-05	-1.11E-05
74	9	0	0	0	0	0	0	232	254	0	-1.87E-05	3.60E-06	-9.97E-06	-1.14E-05
74	10	0	0	0	0	0	0	232	254	0	-1.87E-05	3.60E-06	-9.97E-06	-1.14E-05
74	11	0	0	0	0	0	0	232	254	0	-1.91E-05	2.87E-06	-1.05E-05	-1.11E-05
74	12	0	0	0	0	0	0	232	254	0	-1.91E-05	2.87E-06	-1.05E-05	-1.11E-05
74	13	0	0	0	0	0	0	232	254	0	-2.07E-05	3.11E-06	-9.61E-06	-1.11E-05
74	14	0	0	0	0	0	0	232	254	0	-2.07E-05	3.11E-06	-9.61E-06	-1.11E-05
74	15	0	0	0	0	0	0	232	254	0	-2.11E-05	3.79E-06	-8.60E-06	-1.14E-05
74	16	0	0	0	0	0	0	232	254	0	-2.23E-05	3.30E-06	-8.82E-06	-1.29E-05
74	17	0	0	0	0	0	0	232	254	0	-2.23E-05	3.30E-06	-8.82E-06	-1.29E-05
74	18	0	0	0	0	0	0	232	254	0	-2.35E-05	4.32E-06	-8.22E-06	-1.27E-05
74	19	0	0	0	0	0	0	232	254	0	-2.35E-05	4.32E-06	-8.22E-06	-1.27E-05
75	0	0	0	0	0	0	0	232	254	0	-2.51E-05	5.35E-06	-8.30E-06	-1.09E-05
75	1	0	0	0	0	0	0	232	254	0	-2.51E-05	5.35E-06	-8.30E-06	-1.09E-05
75	2	0	0	0	0	0	0	232	254	0	-2.32E-05	5.13E-06	-9.06E-06	-1.09E-05
75	3	0	0	0	0	0	0	232	254	0	-2.32E-05	5.13E-06	-9.06E-06	-1.09E-05
75	4	0	0	0	0	0	0	232	254	0	-2.18E-05	4.71E-06	-1.05E-05	-1.12E-05
75	5	0	0	0	0	0	0	232	254	0	-2.14E-05	6.17E-06	-1.13E-05	-1.10E-05
75	6	0	0	0	0	0	0	232	254	0	-2.14E-05	6.17E-06	-1.13E-05	-1.10E-05
75	7	0	0	0	0	0	0	232	254	0	-2.22E-05	5.80E-06	-1.01E-05	-1.21E-05
75	8	0	0	0	0	0	0	232	254	0	-2.22E-05	5.80E-06	-1.01E-05	-1.21E-05
75	9	0	0	0	0	0	0	232	254	0	-2.27E-05	5.24E-06	-8.93E-06	-1.43E-05
75	10	0	0	0	0	0	0	232	254	0	-2.27E-05	5.24E-06	-8.93E-06	-1.43E-05
75	11	0	0	0	0	0	0	232	254	0	-2.35E-05	5.40E-06	-9.23E-06	-1.54E-05
75	12	0	0	0	0	0	0	232	254	0	-2.35E-05	5.40E-06	-9.23E-06	-1.54E-05
75	13	0	0	0	0	0	0	232	254	0	-2.46E-05	4.21E-06	-9.13E-06	-1.40E-05
75	14	0	0	0	0	0	0	232	254	0	-2.49E-05	4.49E-06	-8.12E-06	-1.29E-05
75	15	0	0	0	0	0	0	232	254	0	-2.49E-05	4.49E-06	-8.12E-06	-1.29E-05
75	16	0	0	0	0	0	0	232	254	0	-2.42E-05	5.63E-06	-7.32E-06	-1.23E-05
75	17	0	0	0	0	0	0	232	254	0	-2.42E-05	5.63E-06	-7.32E-06	-1.23E-05
75	18	0	0	0	0	0	0	232	254	0	-2.32E-05	6.47E-06	-8.12E-06	-1.27E-05
75	19	0	0	0	0	0	0	232	254	0	-2.32E-05	6.47E-06	-8.12E-06	-1.27E-05
76	0	0	0	0	0	0	0	232	254	0	-2.23E-05	7.16E-06	-7.24E-06	-1.36E-05
76	1	0	0	0	0	0	0	232	254	0	-2.23E-05	7.16E-06	-7.24E-06	-1.36E-05
76	2	0	0	0	0	0	0	232	254	0	-2.16E-05	6.70E-06	-7.44E-06	-1.45E-05
76	3	0	0	0	0	0	0	232	254	0	-2.09E-05	6.44E-06	-7.96E-06	-1.35E-05
76	4	0	0	0	0	0	0	232	254	0	-2.09E-05	6.44E-06	-7.96E-06	-1.35E-05
76	5	0	0	0	0	0	0	232	254	0	-2.04E-05	5.70E-06	-8.61E-06	-1.23E-05
76	6	0	0	0	0	0	0	232	254	0	-2.04E-05	5.70E-06	-8.61E-06	-1.23E-05
76	7	0	0	0	0	0	0	232	254	0	-2.13E-05	7.03E-06	-8.97E-06	-1.26E-05
76	8	0	0	0	0	0	0	232	254	0	-2.13E-05	7.03E-06	-8.97E-06	-1.26E-05
76	9	0	0	0	0	0	0	232	254	0	-2.10E-05	6.79E-06	-8.19E-06	-1.26E-05
76	10	0	0	0	0	0	0	232	254	0	-2.10E-05	6.79E-06	-8.19E-06	-1.26E-05
76	11	0	0	0	0	0	0	232	254	0	-1.83E-05	5.99E-06	-7.73E-06	-1.27E-05
76	12	0	0	0	0	0	0	232	254	0	-2.12E-05	5.50E-06	-6.08E-06	-1.13E-05
76	13	0	0	0	0	0	0	232	254	0	-2.12E-05	5.50E-06	-6.08E-06	-1.13E-05
76	14	0	0	0	0	0	0	232	254	0	-2.26E-05	5.17E-06	-3.76E-06	-1.18E-05
76	15	0	0	0	0	0	0	232	254	0	-2.26E-05	5.17E-06	-3.76E-06	-1.18E-05
76	16	0	0	0	0	0	0	232	254	0	-2.23E-05	4.85E-06	-6.15E-06	-1.08E-05
76	17	0	0	0	0	0	0	232	254	0	-2.23E-05	4.85E-06	-6.15E-06	-1.08E-05
76	18	0	0	0	0	0	0	232	254	0	-2.18E-05	4.59E-06	-1.02E-05	-1.28E-05
76	19	0	0	0	0	0	0	232	254	0	-2.18E-05	4.59E-06	-1.02E-05	-1.28E-05
77	0	0	0	0	0	0	0	232	254	0	-2.17E-05	3.85E-06	-1.26E-05	-1.49E-05
77	1	0	0	0	0	0	0	232	254	0	-2.24E-05	5.20E-06	-1.44E-05	-1.49E-05
77	2	0	0	0	0	0	0	232	254	0	-2.24E-05	5.20E-06	-1.44E-05	-1.49E-05
77	3	0	0	0	0	0	0	232	254	0	-2.29E-05	5.31E-06	-1.57E-05	-1.44E-05
77	4	0	0	0	0	0	0	232	254	0	-2.29E-05	5.31E-06	-1.57E-05	-1.44E-05
77	5	0	0	0	0	0	0	232	254	0	-2.16E-05	6.21E-06	-1.50E-05	-1.39E-05
77	6	0	0	0	0	0	0	232	254	0	-2.16E-05	6.21E-06	-1.50E-05	-1.39E-05
77	7	0	0	0	0	0	0	232	254	0	-2.14E-05	6.17E-06	-1.29E-05	-1.20E-05
77	8	0	0	0	0	0	0	232	254	0	-2.14E-05	6.17E-06	-1.29E-05	-1.20E-05
77	9	0	0	0	0	0	0	232	254	0	-2.19E-05	5.79E-06	-1.20E-05	-1.24E-05
77	10	0	0	0	0	0	0	232	254	0	-2.09E-05	4.88E-06	-9.27E-06	-1.24E-05
77	11	0	0	0	0	0	0	232	254	0	-2.09E-05	4.88E-06	-9.27E-06	-1.24E-05
77	12	0	0	0	0	0	0	232	254	0	-2.02E-05	3.49E-06	-4.77E-06	-1.05E-05
77	13	0	0	0	0	0	0	232	254	0	-2.02E-05	3.49E-06	-4.77E-06	-1.05E-05
77	14	0	0	0	0	0	0	232	254	0	-2.03E-05	3.17E-06	4.25E-07	-1.13E-05
77	15	0	0	0	0	0	0	232	254	0	-2.03E-05	3.17E-06	4.25E-07	-1.13E-05
77	16	0	0	0	0	0	0	232	254	0	-1.97E-05	2.95E-06	7.12E-07	-1.16E-05
77	17	0	0	0	0	0	0	232	254	0	-1.97E-05	2.95E-06	7.12E-07	-1.16E-05
77	18	0	0	0	0	0	0	232	254	0	-1.87E-05	2.37E-06	-3.74E-06	-1.16E-05
77	19	0	0	0	0	0	0	232	254	0	-1.95E-05	2.61E-06	-8.57E-06	-1.15E-05
78	0	0	0	0	0	0	0	232	254	0	-1.95E-05	2.61E-06	-8.57E-06	-1.15E-05
78	1	0	0	0	0	0	0	232	254	0	-1.96E-05	3.27E-06	-1.01E-05	-1.13E-05
78	2	0	0	0	0	0	0	232	254	0	-1.96E-05	3.27E-06	-1.01E-05	-1.13E-05
78	3	0	0	0	0	0	0	232	254	0	-1.90E-05	2.59E-06	-1.03E-05	-1.18E-05
78	4	0	0	0	0	0	0	232	254	0	-1.90E-05	2.59E-06	-1.03E-05	-1.18E-05
78	5	0	0	0	0	0	0	232	254	0	-1.94E-05	3.15E-06	-8.37E-06	-1.11E-05
78	6	0	0	0	0	0	0	232	254	0	-1.94E-05	3.15E-06	-8.37E-06	-1.11E-05
78	7	0	0	0	0	0	0	232	254	0	-2.02E-05	3.00E-06	-8.22E-06	-1.09E-05
78	8	0	0	0	0	0	0	232	254	0	-1.89E-05	4.30E-06	-8.01E-06	-1.10E-05
78	9	0	0	0	0	0	0	232	254	0	-1.89E-05	4.30E-06	-8.01E-06	-1.10E-05
78	10	0	0	0	0	0	0	232	254	0	-1.79E-05	5.17E-06	-5.89E-06	-1.21E-05
78	11	0	0	0	0	0	0	232	254	0	-1.79E-05	5.17E-06	-5.89E-06	-1.21E-05
78	12	0	0	0	0	0	0	232	254	0	-1.74E-05	4.76E-06	-2.87E-06	-1.26E-05
78	13	0	0	0	0	0	0	232	254	0	-1.74E-05	4.76E-06	-2.87E-06	-1.26E-05
78	14	0	0	0	0	0	0	232	254	0	-1.85E-05	4.00E-06	-3.28E-07	-1.30E-05
78	15	0	0	0	0	0	0	232	254	0	-1.85E-05	4.00E-06	-3.28E-07	-1.30E-05
78	16	0	0	0	0	0	0	232	254	0	-2.02E-05	5.27E-06	-2.59E-06	-1.36E-05
78	17	0	0	0	0	0	0	232	254	0	-2.07E-05	5.84E-06	-1.07E-05	-1.36E-05
78	18	0	0	0	0	0	0	232	254	0	-2.07E-05	5.84E-06	-1.07E-05	-1.36E-05
78	19	0	0	0	0	0	0	232	254	0	-2.13E-05	5.47E-06	-1.42E-05	-1.33E-05
79	0	0	0	0	0	0	0	232	254	0	-2.13E-05	5.47E-06	-1.42E-05	-1.33E-05
79	1	0	0	0	0	0	0	232	254	0	-2.26E-05	4.90E-06	-1.39E-05	-1.37E-05
79	2	0	0	0	0	0	0	232	254	0	-2.26E-05	4.90E-06	-1.39E-05	-1.37E-05
79	3	0	0	0	0	0	0	232	254	0	-2.17E-05	5.20E-06	-1.30E-05	-1.41E-05
79	4	0	0	0	0	0	0	232	254	0	-2.17E-05	5.20E-06	-1.30E-05	-1.41E-05
79	5	0	0	0	0	0	0	232	254	0	-2.17E-05	5.27E-06	-1.13E-05	-1.25E-05
79	6	0	0	0	0	0	0	232	254	0	-2.16E-05	5.77E-06	-1.19E-05	-1.16E-05
79	7	0	0	0	0	0	0	232	254	0	-2.16E-05	5.77E-06	-1.19E-05	-1.16E-05
79	8	0	0	0	0	0	0	232	254	0	-2.11E-05	4.83E-06	-1.42E-05	-1.15E-05
79	9	0	0	0	0	0	0	232	254	0	-2.11E-05	4.83E-06	-1.42E-05	-1.15E-05
79	10	0	0	0	0	0	0	232	254	0	-2.16E-05	4.46E-06	-9.70E-06	-1.07E-05
79	11	0	0	0	0	0	0	232	254	0	-2.16E-05	4.46E-06	-9.70E-06	-1.07E-05
79	12	0	0	0	0	0	0	232	254	0	-2.11E-05	3.90E-06	-2.19E-06	-1.15E-05
79	13	0	0	0	0	0	0	232	254	0	-2.11E-05	3.90E-06	-2.19E-06	-1.15E-05
79	14	0	0	0	0	0	0	232	254	0	-2.07E-05	4.34E-06	-1.05E-06	-1.28E-05
79	15	0	0	0	0	0	0	232	254	0	-2.12E-05	5.49E-06	-3.35E-06	-1.43E-05
79	16	0	0	0	0	0	0	232	254	0	-2.12E-05	5.49E-06	-3.35E-06	-1.43E-05
79	17	0	0	0	0	0	0	232	254	0	-2.26E-05	4.98E-06	-8.62E-06	-1.43E-05
79	18	0	0	0	0	0	0	232	254	0	-2.26E-05	4.98E-06	-8.62E-06	-1.43E-05
79	19	0	0	0	0	0	0	232	254	0	-2.19E-05	4.46E-06	-1.76E-05	-1.46E-05
80	0	0	0	0	0	0	0	232	254	0	-2.19E-05	4.46E-06	-1.76E-05	-1.46E-05
80	1	0	0	0	0	0	0	232	254	0	-2.14E-05	3.79E-06	-1.69E-05	-1.41E-05
80	2	0	0	0	0	0	0	232	254	0	-2.14E-05	3.79E-06	-1.69E-05	-1.41E-05
80	3	0	0	0	0	0	0	232	254	0	-2.17E-05	3.46E-06	-1.07E-05	-1.25E-05
80	4	0	0	0	0	0	0	232	254	0	-2.16E-05	5.89E-06	-8.88E-06	-1.15E-05
80	5	0	0	0	0	0	0	232	254	0	-2.16E-05	5.89E-06	-8.88E-06	-1.15E-05
80	6	0	0	0	0	0	0	232	254	0	-2.00E-05	7.26E-06	-1.16E-05	-1.10E-05
80	7	0	0	0	0	0	0	232	254	0	-2.00E-05	7.26E-06	-1.16E-05	-1.10E-05
80	8	0	0	0	0	0	0	232	254	0	-2.06E-05	6.16E-06	-1.17E-05	-1.19E-05
80	9	0	0	0	0	0	0	232	254	0	-2.06E-05	6.16E-06	-1.17E-05	-1.19E-05
80	10	0	0	0	0	0	0	232	254	0	-2.16E-05	5.60E-06	-1.12E-05	-1.17E-05
80	11	0	0	0	0	0	0	232	254	0	-2.16E-05	5.60E-06	-1.12E-05	-1.17E-05
80	12	0	0	0	0	0	0	232	254	0	-2.11E-05	4.45E-06	-1.12E-05	-1.20E-05
80	13	0	0	0	0	0	0	232	254	0	-2.09E-05	2.37E-06	-1.13E-05	-1.43E-05
80	14	0	0	0	0	0	0	232	254	0	-2.09E-05	2.37E-06	-1.13E-05	-1.43E-05
80	15	0	0	0	0	0	0	232	254	0	-2.15E-05	2.62E-06	-1.16E-05	-1.47E-05
80	16	0	0	0	0	0	0	232	254	0	-2.15E-05	2.62E-06	-1.16E-05	-1.47E-05
80	17	0	0	0	0	0	0	232	254	0	-2.15E-05	3.61E-06	-1.17E-05	-1.28E-05
80	18	0	0	0	0	0	0	232	254	0	-2.15E-05	3.61E-06	-1.17E-05	-1.28E-05
80	19	0	0	0	0	0	0	232	254	0	-2.15E-05	4.36E-06	-1.11E-05	-1.16E-05
81	0	0	0	0	0	0	0	232	254	0	-2.15E-05	4.36E-06	-1.11E-05	-1.16E-05
81	1	0	0	0	0	0	0	232	254	0	-2.30E-05	4.40E-06	-9.76E-06	-9.55E-06
81	2	0	0	0	0	0	0	232	254	0	-2.12E-05	4.90E-06	-8.38E-06	-6.87E-06
81	3	0	0	0	0	0	0	232	254	0	-2.12E-05	4.90E-06	-8.38E-06	-6.87E-06
81	4	0	0	0	0	0	0	232	254	0	-2.07E-05	6.47E-06	-6.88E-06	-9.85E-06
81	5	0	0	0	0	0	0	232	254	0	-2.07E-05	6.47E-06	-6.88E-06	-9.85E-06
81	6	0	0	0	0	0	0	232	254	0	-2.23E-05	5.77E-06	-7.02E-06	-1.22E-05
81	7	0	0	0	0	0	0	232	254	0	-2.23E-05	5.77E-06	-7.02E-06	-1.22E-05
81	8	0	0	0	0	0	0	232	254	0	-2.21E-05	4.81E-06	-8.46E-06	-1.20E-05
81	9	0	0	0	0	0	0	232	254	0	-2.21E-05	4.81E-06	-8.46E-06	-1.20E-05
81	10	0	0	0	0	0	0	232	254	0	-2.27E-05	4.31E-06	-1.07E-05	-1.26E-05
81	11	0	0	0	0	0	0	232	254	0	-2.26E-05	3.84E-06	-1.32E-05	-1.27E-05
81	12	0	0	0	0	0	0	232	254	0	-2.26E-05	3.84E-06	-1.32E-05	-1.27E-05
81	13	0	0	0	0	0	0	232	254	0	-2.26E-05	3.67E-06	-1.40E-05	-1.35E-05
81	14	0	0	0	0	0	0	232	254	0	-2.26E-05	3.67E-06	-1.40E-05	-1.35E-05
81	15	0	0	0	0	0	0	232	254	0	-2.33E-05	3.60E-06	-1.45E-05	-1.27E-05
81	16	0	0	0	0	0	0	232	254	0	-2.33E-05	3.60E-06	-1.45E-05	-1.27E-05
81	17	0	0	0	0	0	0	232	254	0	-2.33E-05	4.23E-06	-1.60E-05	-1.37E-05
81	18	0	0	0	0	0	0	232	254	0	-2.33E-05	4.23E-06	-1.60E-05	-1.37E-05
81	19	0	0	0	0	0	0	232	254	0	-2.43E-05	4.64E-06	-1.35E-05	-1.33E-05
82	0	0	0	0	0	0	0	232	254	0	-2.39E-05	5.61E-06	-1.23E-05	-1.12E-05
82	1	0	0	0	0	0	0	232	254	0	-2.39E-05	5.61E-06	-1.23E-05	-1.12E-05
82	2	0	0	0	0	0	0	232	254	0	-2.30E-05	6.07E-06	-1.24E-05	-1.10E-05
82	3	0	0	0	0	0	0	232	254	0	-2.30E-05	6.07E-06	-1.24E-05	-1.10E-05
82	4	0	0	0	0	0	0	232	254	0	-2.27E-05	4.87E-06	-1.03E-05	-1.03E-05
82	5	0	0	0	0	0	0	232	254	0	-2.27E-05	4.87E-06	-1.03E-05	-1.03E-05
82	6	0	0	0	0	0	0	232	254	0	-2.30E-05	5.05E-06	-4.84E-06	-1.09E-05
82	7	0	0	0	0	0	0	232	254	0	-2.30E-05	5.05E-06	-4.84E-06	-1.09E-05
82	8	0	0	0	0	0	0	232	254	0	-2.30E-05	6.44E-06	1.35E-06	-1.10E-05
82	9	0	0	0	0	0	0	232	254	0	-2.17E-05	5.43E-06	4.11E-06	-1.17E-05
82	10	0	0	0	0	0	0	232	254	0	-2.17E-05	5.43E-06	4.11E-06	-1.17E-05
82	11	0	0	0	0	0	0	232	254	0	-2.04E-05	4.60E-06	2.84E-06	-1.25E-05
82	12	0	0	0	0	0	0	232	254	0	-2.04E-05	4.60E-06	2.84E-06	-1.25E-05
82	13	0	0	0	0	0	0	232	254	0	-1.98E-05	5.35E-06	-1.89E-06	-1.15E-05
82	14	0	0	0	0	0	0	232	254	0	-1.98E-05	5.35E-06	-1.89E-06	-1.15E-05
82	15	0	0	0	0	0	0	232	254	0	-1.93E-05	6.46E-06	-5.25E-06	-1.24E-05
82	16	0	0	0	0	0	0	232	254	0	-1.93E-05	6.46E-06	-5.25E-06	-1.24E-05
82	17	0	0	0	0	0	0	232	254	0	-1.96E-05	5.53E-06	-7.21E-06	-1.23E-05
82	18	0	0	0	0	0	0	232	254	0	-1.90E-05	4.12E-06	-8.52E-06	-1.32E-05
82	19	0	0	0	0	0	0	232	254	0	-1.90E-05	4.12E-06	-8.52E-06	-1.32E-05
83	0	0	0	0	0	0	0	232	254	0	-1.93E-05	4.89E-06	-8.17E-06	-1.57E-05
83	1	0	0	0	0	0	0	232	254	0	-1.93E-05	4.89E-06	-8.17E-06	-1.57E-05
83	2	0	0	0	0	0	0	232	254	0	-1.89E-05	4.91E-06	-7.65E-06	-1.67E-05
83	3	0	0	0	0	0	0	232	254	0	-1.89E-05	4.91E-06	-7.65E-06	-1.67E-05
83	4	0	0	0	0	0	0	232	254	0	-1.83E-05	4.04E-06	-7.12E-06	-1.60E-05
83	5	0	0	0	0	0	0	232	254	0	-1.83E-05	4.04E-06	-7.12E-06	-1.60E-05
83	6	0	0	0	0	0	0	232	254	0	-1.84E-05	5.65E-06	-7.77E-06	-1.35E-05
83	7	0	0	0	0	0	0	232	254	0	-1.64E-05	6.33E-06	-8.22E-06	-1.16E-05
83	8	0	0	0	0	0	0	232	254	0	-1.64E-05	6.33E-06	-8.22E-06	-1.16E-05
83	9	0	0	0	0	0	0	232	254	0	-1.64E-05	4.53E-06	-8.40E-06	-1.31E-05
83	10	0	0	0	0	0	0	232	254	0	-1.64E-05	4.53E-06	-8.40E-06	-1.31E-05
83	11	0	0	0	0	0	0	232	254	0	-1.76E-05	4.59E-06	-9.96E-06	-1.46E-05
83	12	0	0	0	0	0	0	232	254	0	-1.76E-05	4.59E-06	-9.96E-06	-1.46E-05
83	13	0	0	0	0	0	0	232	254	0	-1.78E-05	5.11E-06	-1.04E-05	-1.49E-05
83	14	0	0	0	0	0	0	232	254	0	-1.78E-05	5.11E-06	-1.04E-05	-1.49E-05
83	15	0	0	0	0	0	0	232	254	0	-1.82E-05	5.71E-06	-9.87E-06	-1.45E-05
83	16	0	0	0	0	0	0	232	254	0	-1.80E-05	5.69E-06	-9.71E-06	-1.36E-05
83	17	0	0	0	0	0	0	232	254	0	-1.80E-05	5.69E-06	-9.71E-06	-1.36E-05
83	18	0	0	0	0	0	0	232	254	0	-1.99E-05	5.61E-06	-1.10E-05	-1.34E-05
83	19	0	0	0	0	0	0	232	254	0	-1.99E-05	5.61E-06	-1.10E-05	-1.34E-05
84	0	0	0	0	0	0	0	232	254	0	-2.08E-05	6.00E-06	-1.18E-05	-1.43E-05
84	1	0	0	0	0	0	0	232	254	0	-2.08E-05	6.00E-06	-1.18E-05	-1.43E-05
84	2	0	0	0	0	0	0	232	254	0	-1.96E-05	4.16E-06	-1.24E-05	-1.19E-05
84	3	0	0	0	0	0	0	232	254	0	-1.96E-05	4.16E-06	-1.24E-05	-1.19E-05
84	4	0	0	0	0	0	0	232	254	0	-1.98E-05	3.86E-06	-1.36E-05	-1.17E-05
84	5	0	0	0	0	0	0	232	254	0	-2.07E-05	3.91E-06	-1.21E-05	-1.22E-05
84	6	0	0	0	0	0	0	232	254	0	-2.07E-05	3.91E-06	-1.21E-05	-1.22E-05
84	7	0	0	0	0	0	0	232	254	0	-1.99E-05	4.31E-06	-9.54E-06	-1.20E-05
84	8	0	0	0	0	0	0	232	254	0	-1.99E-05	4.31E-06	-9.54E-06	-1.20E-05
84	9	0	0	0	0	0	0	232	254	0	-2.03E-05	3.86E-06	-1.28E-05	-1.22E-05
84	10	0	0	0	0	0	0	232	254	0	-2.03E-05	3.86E-06	-1.28E-05	-1.22E-05
84	11	0	0	0	0	0	0	232	254	0	-2.10E-05	3.95E-06	-1.88E-05	-1.19E-05
84	12	0	0	0	0	0	0	232	254	0	-2.10E-05	3.95E-06	-1.88E-05	-1.19E-05
84	13	0	0	0	0	0	0	232	254	0	-2.36E-05	4.75E-06	-1.57E-05	-1.16E-05
84	14	0	0	0	0	0	0	232	254	0	-2.31E-05	5.02E-06	-1.04E-05	-1.20E-05
84	15	0	0	0	0	0	0	232	254	0	-2.31E-05	5.02E-06	-1.04E-05	-1.20E-05
84	16	0	0	0	0	0	0	232	254	0	-2.32E-05	3.47E-06	-8.82E-06	-1.23E-05
84	17	0	0	0	0	0	0	232	254	0	-2.32E-05	3.47E-06	-8.82E-06	-1.23E-05
84	18	0	0	0	0	0	0	232	254	0	-2.44E-05	3.04E-06	-8.62E-06	-1.26E-05
84	19	0	0	0	0	0	0	232	254	0	-2.44E-05	3.04E-06	-8.62E-06	-1.26E-05
85	0	0	0	0	0	0	0	232	254	0	-2.23E-05	3.12E-06	-1.21E-05	-1.40E-05
85	1	0	0	0	0	0	0	232	254	0	-2.23E-05	3.12E-06	-1.21E-05	-1.40E-05
85	2	0	0	0	0	0	0	232	254	0	-2.23E-05	2.52E-06	-1.30E-05	-1.50E-05
85	3	0	0	0	0	0	0	232	254	0	-2.18E-05	2.66E-06	-1.10E-05	-1.57E-05
85	4	0	0	0	0	0	0	232	254	0	-2.18E-05	2.66E-06	-1.10E-05	-1.57E-05
85	5	0	0	0	0	0	0	232	254	0	-2.33E-05	4.00E-06	-8.10E-06	-1.51E-05
85	6	0	0	0	0	0	0	232	254	0	-2.33E-05	4.00E-06	-8.10E-06	-1.51E-05
85	7	0	0	0	0	0	0	232	254	0	-2.45E-05	5.26E-06	-2.78E-06	-1.33E-05
85	8	0	0	0	0	0	0	232	254	0	-2.45E-05	5.26E-06	-2.78E-06	-1.33E-05
85	9	0	0	0	0	0	0	232	254	0	-2.34E-05	5.58E-06	-2.29E-06	-1.23E-05
85	10	0	0	0	0	0	0	232	254	0	-2.34E-05	5.58E-06	-2.29E-06	-1.23E-05
85	11	0	0	0	0	0	0	232	254	0	-2.21E-05	4.50E-06	-3.44E-06	-1.13E-05
85	12	0	0	0	0	0	0	232	254	0	-1.99E-05	4.16E-06	-5.56E-06	-1.17E-05
85	13	0	0	0	0	0	0	232	254	0	-1.99E-05	4.16E-06	-5.56E-06	-1.17E-05
85	14	0	0	0	0	0	0	232	254	0	-2.03E-05	3.86E-06	-5.19E-06	-1.30E-05
85	15	0	0	0	0	0	0	232	254	0	-2.03E-05	3.86E-06	-5.19E-06	-1.30E-05
85	16	0	0	0	0	0	0	232	254	0	-2.07E-05	4.00E-06	-5.17E-07	-1.33E-05
85	17	0	0	0	0	0	0	232	254	0	-2.07E-05	4.00E-06	-5.17E-07	-1.33E-05
85	18	0	0	0	0	0	0	232	254	0	-2.12E-05	5.02E-06	1.47E-06	-1.36E-05
85	19	0	0	0	0	0	0	232	254	0	-2.12E-05	5.02E-06	1.47E-06	-1.36E-05
86	0	0	0	0	0	0	0	232	254	0	-2.31E-05	3.70E-06	-5.07E-06	-1.33E-05
86	1	0	0	0	0	0	0	232	254	0	-2.42E-05	5.24E-06	-9.37E-06	-1.33E-05
86	2	0	0	0	0	0	0	232	254	0	-2.42E-05	5.24E-06	-9.37E-06	-1.33E-05
86	3	0	0	0	0	0	0	232	254	0	-2.27E-05	5.40E-06	-7.74E-06	-1.34E-05
86	4	0	0	0	0	0	0	232	254	0	-2.27E-05	5.40E-06	-7.74E-06	-1.34E-05
86	5	0	0	0	0	0	0	232	254	0	-2.33E-05	4.27E-06	-8.17E-06	-1.32E-05
86	6	0	0	0	0	0	0	232	254	0	-2.33E-05	4.27E-06	-8.17E-06	-1.32E-05
86	7	0	0	0	0	0	0	232	254	0	-2.30E-05	4.90E-06	-1.02E-05	-1.28E-05
86	8	0	0	0	0	0	0	232	254	0	-2.30E-05	4.90E-06	-1.02E-05	-1.28E-05
86	9	0	0	0	0	0	0	232	254	0	-2.30E-05	5.27E-06	-7.00E-06	-1.17E-05
86	10	0	0	0	0	0	0	232	254	0	-2.30E-05	5.66E-06	-5.31E-06	-1.04E-05
86	11	0	0	0	0	0	0	232	254	0	-2.30E-05	5.66E-06	-5.31E-06	-1.04E-05
86	12	0	0	0	0	0	0	232	254	0	-2.29E-05	3.93E-06	-6.71E-06	-1.18E-05
86	13	0	0	0	0	0	0	232	254	0	-2.29E-05	3.93E-06	-6.71E-06	-1.18E-05
86	14	0	0	0	0	0	0	232	254	0	-2.26E-05	4.53E-06	-1.12E-05	-1.35E-05
86	15	0	0	0	0	0	0	232	254	0	-2.26E-05	4.53E-06	-1.12E-05	-1.35E-05
86	16	0	0	0	0	0	0	232	254	0	-2.33E-05	4.55E-06	-1.34E-05	-1.28E-05
86	17	0	0	0	0	0	0	232	254	0	-2.33E-05	4.55E-06	-1.34E-05	-1.28E-05
86	18	0	0	0	0	0	0	232	254	0	-2.35E-05	4.72E-06	-1.14E-05	-1.34E-05
86	19	0	0	0	0	0	0	232	254	0	-2.36E-05	4.83E-06	-8.57E-06	-1.18E-05
87	0	0	0	0	0	0	0	232	254	0	-2.36E-05	4.83E-06	-8.57E-06	-1.18E-05
87	1	0	0	0	0	0	0	232	254	0	-2.31E-05	4.50E-06	-7.43E-06	-1.09E-05
87	2	0	0	0	0	0	0	232	254	0	-2.31E-05	4.50E-06	-7.43E-06	-1.09E-05
87	3	0	0	0	0	0	0	232	254	0	-2.28E-05	4.16E-06	-1.02E-05	-1.12E-05
87	4	0	0	0	0	0	0	232	254	0	-2.28E-05	4.16E-06	-1.02E-05	-1.12E-05
87	5	0	0	0	0	0	0	232	254	0	-2.13E-05	3.82E-06	-1.86E-05	-1.06E-05
87	6	0	0	0	0	0	0	232	254	0	-2.13E-05	3.82E-06	-1.86E-05	-1.06E-05
87	7	0	0	0	0	0	0	232	254	0	-2.10E-05	3.60E-06	-2.19E-05	-1.10E-05
87	8	0	0	0	0	0	0	232	254	0	-1.95E-05	4.27E-06	-1.39E-05	-1.19E-05
87	9	0	0	0	0	0	0	232	254	0	-1.95E-05	4.27E-06	-1.39E-05	-1.19E-05
87	10	0	0	0	0	0	0	232	254	0	-1.84E-05	4.83E-06	-1.27E-05	-1.32E-05
87	11	0	0	0	0	0	0	232	254	0	-1.84E-05	4.83E-06	-1.27E-05	-1.32E-05
87	12	0	0	0	0	0	0	232	254	0	-1.96E-05	4.46E-06	-1.33E-05	-1.39E-05
87	13	0	0	0	0	0	0	232	254	0	-1.96E-05	4.46E-06	-1.33E-05	-1.39E-05
87	14	0	0	0	0	0	0	232	254	0	-1.96E-05	3.90E-06	-7.67E-06	-1.39E-05
87	15	0	0	0	0	0	0	232	254	0	-1.96E-05	3.90E-06	-7.67E-06	-1.39E-05
87	16	0	0	0	0	0	0	232	254	0	-1.94E-05	4.34E-06	-5.80E-06	-1.35E-05
87	17	0	0	0	0	0	0	232	254	0	-2.03E-05	5.57E-06	-4.92E-06	-1.22E-05
87	18	0	0	0	0	0	0	232	254	0	-2.03E-05	5.57E-06	-4.92E-06	-1.22E-05
87	19	0	0	0	0	0	0	232	254	0	-2.03E-05	5.87E-06	-3.27E-06	-1.15E-05
88	0	0	0	0	0	0	0	232	254	0	-2.03E-05	5.87E-06	-3.27E-06	-1.15E-05
88	1	0	0	0	0	0	0	232	254	0	-2.06E-05	5.77E-06	-1.01E-05	-1.09E-05
88	2	0	0	0	0	0	0	232	254	0	-2.06E-05	5.77E-06	-1.01E-05	-1.09E-05
88	3	0	0	0	0	0	0	232	254	0	-1.99E-05	4.96E-06	-1.52E-05	-1.09E-05
88	4	0	0	0	0	0	0	232	254	0	-1.99E-05	4.96E-06	-1.52E-05	-1.09E-05
88	5	0	0	0	0	0	0	232	254	0	-1.91E-05	5.69E-06	-1.72E-05	-1.04E-05
88	6	0	0	0	0	0	0	232	254	0	-1.87E-05	5.45E-06	-1.90E-05	-1.04E-05
88	7	0	0	0	0	0	0	232	254	0	-1.87E-05	5.45E-06	-1.90E-05	-1.04E-05
88	8	0	0	0	0	0	0	232	254	0	-1.93E-05	4.74E-06	-1.81E-05	-1.21E-05
88	9	0	0	0	0	0	0	232	254	0	-1.93E-05	4.74E-06	-1.81E-05	-1.21E-05
88	10	0	0	0	0	0	0	232	254	0	-1.91E-05	5.18E-06	-1.04E-05	-1.40E-05
88	11	0	0	0	0	0	0	232	254	0	-1.91E-05	5.18E-06	-1.04E-05	-1.40E-05
88	12	0	0	0	0	0	0	232	254	0	-1.90E-05	6.40E-06	-6.25E-06	-1.43E-05
88	13	0	0	0	0	0	0	232	254	0	-1.90E-05	6.40E-06	-6.25E-06	-1.43E-05
88	14	0	0	0	0	0	0	232	254	0	-1.96E-05	6.44E-06	-5.35E-06	-1.46E-05
88	15	0	0	0	0	0	0	232	254	0	-1.94E-05	5.36E-06	-6.87E-06	-1.58E-05
88	16	0	0	0	0	0	0	232	254	0	-1.94E-05	5.36E-06	-6.87E-06	-1.58E-05
88	17	0	0	0	0	0	0	232	254	0	-2.03E-05	3.90E-06	-9.75E-06	-1.67E-05
88	18	0	0	0	0	0	0	232	254	0	-2.03E-05	3.90E-06	-9.75E-06	-1.67E-05
88	19	0	0	0	0	0	0	232	254	0	-2.03E-05	4.09E-06	-1.10E-05	-1.49E-05
89	0	0	0	0	0	0	0	232	254	0	-2.03E-05	4.09E-06	-1.10E-05	-1.49E-05
89	1	0	0	0	0	0	0	232	254	0	-2.00E-05	3.05E-06	-8.84E-06	-1.42E-05
89	2	0	0	0	0	0	0	232	254	0	-2.00E-05	3.05E-06	-8.84E-06	-1.42E-05
89	3	0	0	0	0	0	0	232	254	0	-2.02E-05	1.88E-06	-8.59E-06	-1.35E-05
89	4	0	0	0	0	0	0	232	254	0	-1.97E-05	2.06E-06	-1.01E-05	-1.29E-05
89	5	0	0	0	0	0	0	232	254	0	-1.97E-05	2.06E-06	-1.01E-05	-1.29E-05
89	6	0	0	0	0	0	0	232	254	0	-2.00E-05	1.06E-06	-8.63E-06	-1.23E-05
89	7	0	0	0	0	0	0	232	254	0	-2.00E-05	1.06E-06	-8.63E-06	-1.23E-05
89	8	0	0	0	0	0	0	232	254	0	-2.08E-05	1.56E-06	-9.41E-06	-1.27E-05
89	9	0	0	0	0	0	0	232	254	0	-2.08E-05	1.56E-06	-9.41E-06	-1.27E-05
89	10	0	0	0	0	0	0	232	254	0	-2.18E-05	2.21E-06	-1.04E-05	-1.23E-05
89	11	0	0	0	0	0	0	232	254	0	-2.18E-05	2.21E-06	-1.04E-05	-1.23E-05
89	12	0	0	0	0	0	0	232	254	0	-2.34E-05	4.11E-06	-5.10E-06	-1.03E-05
89	13	0	0	0	0	0	0	232	254	0	-2.38E-05	6.16E-06	4.38E-06	-1.12E-05
89	14	0	0	0	0	0	0	232	254	0	-2.38E-05	6.16E-06	4.38E-06	-1.12E-05
89	15	0	0	0	0	0	0	232	254	0	-2.31E-05	5.64E-06	5.16E-06	-1.09E-05
89	16	0	0	0	0	0	0	232	254	0	-2.31E-05	5.64E-06	5.16E-06	-1.09E-05
89	17	0	0	0	0	0	0	232	254	0	-2.26E-05	5.20E-06	-1.07E-06	-1.11E-05
89	18	0	0	0	0	0	0	232	254	0	-2.26E-05	5.20E-06	-1.07E-06	-1.11E-05
89	19	0	0	0	0	0	0	232	254	0	-2.20E-05	6.62E-06	-3.18E-06	-1.23E-05
90	0	0	0	0	0	0	0	232	254	0	-2.20E-05	6.62E-06	-3.18E-06	-1.23E-05
90	1	0	0	0	0	0	0	232	254	0	-2.19E-05	7.07E-06	-5.50E-06	-1.23E-05
90	2	0	0	0	0	0	0	232	254	0	-2.29E-05	5.87E-06	-1.47E-05	-1.24E-05
90	3	0	0	0	0	0	0	232	254	0	-2.29E-05	5.87E-06	-1.47E-05	-1.24E-05
90	4	0	0	0	0	0	0	232	254	0	-2.17E-05	5.91E-06	-2.34E-05	-1.24E-05
90	5	0	0	0	0	0	0	232	254	0	-2.17E-05	5.91E-06	-2.34E-05	-1.24E-05
90	6	0	0	0	0	0	0	232	254	0	-2.22E-05	6.17E-06	-1.86E-05	-1.26E-05
90	7	0	0	0	0	0	0	232	254	0	-2.22E-05	6.17E-06	-1.86E-05	-1.26E-05
90	8	0	0	0	0	0	0	232	254	0	-2.36E-05	5.91E-06	-1.01E-05	-1.27E-05
90	9	0	0	0	0	0	0	232	254	0	-2.36E-05	5.91E-06	-1.01E-05	-1.27E-05
90	10	0	0	0	0	0	0	232	254	0	-2.32E-05	6.10E-06	-1.21E-05	-1.10E-05
90	11	0	0	0	0	0	0	232	254	0	-2.24E-05	5.29E-06	-1.58E-05	-9.30E-06
90	12	0	0	0	0	0	0	232	254	0	-2.24E-05	5.29E-06	-1.58E-05	-9.30E-06
90	13	0	0	0	0	0	0	232	254	0	-2.27E-05	5.88E-06	-1.35E-05	-1.00E-05
90	14	0	0	0	0	0	0	232	254	0	-2.27E-05	5.88E-06	-1.35E-05	-1.00E-05
90	15	0	0	0	0	0	0	232	254	0	-2.26E-05	4.46E-06	-1.19E-05	-1.12E-05
90	16	0	0	0	0	0	0	232	254	0	-2.26E-05	4.46E-06	-1.19E-05	-1.12E-05
90	17	0	0	0	0	0	0	232	254	0	-2.16E-05	3.66E-06	-5.19E-06	-1.24E-05
90	18	0	0	0	0	0	0	232	254	0	-2.16E-05	3.66E-06	-5.19E-06	-1.24E-05
90	19	0	0	0	0	0	0	232	254	0	-2.11E-05	2.05E-06	5.75E-07	-1.32E-05
91	0	0	0	0	0	0	0	232	254	0	-1.98E-05	2.48E-06	1.71E-07	-1.29E-05
91	1	0	0	0	0	0	0	232	254	0	-1.98E-05	2.48E-06	1.71E-07	-1.29E-05
91	2	0	0	0	0	0	0	232	254	0	-2.11E-05	3.70E-06	-9.09E-06	-1.27E-05
91	3	0	0	0	0	0	0	232	254	0	-2.11E-05	3.70E-06	-9.09E-06	-1.27E-05
91	4	0	0	0	0	0	0	232	254	0	-2.17E-05	5.02E-06	-1.61E-05	-1.33E-05
91	5	0	0	0	0	0	0	232	254	0	-2.17E-05	5.02E-06	-1.61E-05	-1.33E-05
91	6	0	0	0	0	0	0	232	254	0	-2.02E-05	3.52E-06	-1.36E-05	-1.37E-05
91	7	0	0	0	0	0	0	232	254	0	-2.02E-05	3.52E-06	-1.36E-05	-1.37E-05
91	8	0	0	0	0	0	0	232	254	0	-1.96E-05	3.61E-06	-5.22E-06	-1.50E-05
91	9	0	0	0	0	0	0	232	254	0	-2.07E-05	4.53E-06	-2.93E-06	-1.53E-05
91	10	0	0	0	0	0	0	232	254	0	-2.07E-05	4.53E-06	-2.93E-06	-1.53E-05
91	11	0	0	0	0	0	0	232	254	0	-2.09E-05	5.73E-06	-6.88E-06	-1.43E-05
91	12	0	0	0	0	0	0	232	254	0	-2.09E-05	5.73E-06	-6.88E-06	-1.43E-05
91	13	0	0	0	0	0	0	232	254	0	-2.04E-05	4.46E-06	-1.14E-05	-1.30E-05
91	14	0	0	0	0	0	0	232	254	0	-2.04E-05	4.46E-06	-1.14E-05	-1.30E-05
91	15	0	0	0	0	0	0	232	254	0	-2.11E-05	3.86E-06	-1.40E-05	-1.23E-05
91	16	0	0	0	0	0	0	232	254	0	-2.11E-05	3.86E-06	-1.40E-05	-1.23E-05
91	17	0	0	0	0	0	0	232	254	0	-2.06E-05	3.95E-06	-1.28E-05	-1.31E-05
91	18	0	0	0	0	0	0	232	254	0	-2.04E-05	4.65E-06	-8.84E-06	-1.32E-05
91	19	0	0	0	0	0	0	232	254	0	-2.04E-05	4.65E-06	-8.84E-06	-1.32E-05
92	0	0	0	0	0	0	0	232	254	0	-2.15E-05	4.14E-06	-5.47E-06	-1.29E-05
92	1	0	0	0	0	0	0	232	254	0	-2.15E-05	4.14E-06	-5.47E-06	-1.29E-05
92	2	0	0	0	0	0	0	232	254	0	-2.27E-05	3.80E-06	-4.26E-06	-1.31E-05
92	3	0	0	0	0	0	0	232	254	0	-2.27E-05	3.80E-06	-4.26E-06	-1.31E-05
92	4	0	0	0	0	0	0	232	254	0	-2.31E-05	4.72E-06	1.52E-06	-1.30E-05
92	5	0	0	0	0	0	0	232	254	0	-2.31E-05	4.72E-06	1.52E-06	-1.30E-05
92	6	0	0	0	0	0	0	232	254	0	-2.20E-05	4.76E-06	6.71E-06	-1.36E-05
92	7	0	0	0	0	0	0	232	254	0	-2.05E-05	3.99E-06	1.48E-06	-1.33E-05
92	8	0	0	0	0	0	0	232	254	0	-2.05E-05	3.99E-06	1.48E-06	-1.33E-05
92	9	0	0	0	0	0	0	232	254	0	-2.18E-05	5.09E-06	-7.86E-06	-1.43E-05
92	10	0	0	0	0	0	0	232	254	0	-2.18E-05	5.09E-06	-7.86E-06	-1.43E-05
92	11	0	0	0	0	0	0	232	254	0	-2.27E-05	5.36E-06	-1.27E-05	-1.55E-05
92	12	0	0	0	0	0	0	232	254	0	-2.27E-05	5.36E-06	-1.27E-05	-1.55E-05
92	13	0	0	0	0	0	0	232	254	0	-2.33E-05	3.79E-06	-7.78E-06	-1.44E-05
92	14	0	0	0	0	0	0	232	254	0	-2.33E-05	3.79E-06	-7.78E-06	-1.44E-05
92	15	0	0	0	0	0	0	232	254	0	-2.29E-05	3.33E-06	-7.26E-06	-1.26E-05
92	16	0	0	0	0	0	0	232	254	0	-2.37E-05	4.57E-06	-1.06E-05	-1.30E-05
92	17	0	0	0	0	0	0	232	254	0	-2.37E-05	4.57E-06	-1.06E-05	-1.30E-05
92	18	0	0	0	0	0	0	232	254	0	-2.51E-05	4.96E-06	-1.20E-05	-1.37E-05
92	19	0	0	0	0	0	0	232	254	0	-2.51E-05	4.96E-06	-1.20E-05	-1.37E-05
93	0	0	0	0	0	0	0	232	254	0	-2.38E-05	5.72E-06	-1.51E-05	-1.20E-05
93	1	0	0	0	0	0	0	232	254	0	-2.38E-05	5.72E-06	-1.51E-05	-1.20E-05
93	2	0	0	0	0	0	0	232	254	0	-2.23E-05	5.87E-06	-2.28E-05	-1.23E-05
93	3	0	0	0	0	0	0	232	254	0	-2.23E-05	5.87E-06	-2.28E-05	-1.23E-05
93	4	0	0	0	0	0	0	232	254	0	-2.18E-05	5.84E-06	-2.67E-05	-1.25E-05
93	5	0	0	0	0	0	0	232	254	0	-2.31E-05	5.57E-06	-2.38E-05	-1.30E-05
93	6	0	0	0	0	0	0	232	254	0	-2.31E-05	5.57E-06	-2.38E-05	-1.30E-05
93	7	0	0	0	0	0	0	232	254	0	-2.43E-05	5.70E-06	-1.84E-05	-1.35E-05
93	8	0	0	0	0	0	0	232	254	0	-2.43E-05	5.70E-06	-1.84E-05	-1.35E-05
93	9	0	0	0	0	0	0	232	254	0	-2.44E-05	4.12E-06	-1.32E-05	-1.28E-05
93	10	0	0	0	0	0	0	232	254	0	-2.44E-05	4.12E-06	-1.32E-05	-1.28E-05
93	11	0	0	0	0	0	0	232	254	0	-2.46E-05	3.70E-06	-9.88E-06	-1.31E-05
93	12	0	0	0	0	0	0	232	254	0	-2.46E-05	3.70E-06	-9.88E-06	-1.31E-05
93	13	0	0	0	0	0	0	232	254	0	-2.40E-05	5.28E-06	-6.20E-06	-1.27E-05
93	14	0	0	0	0	0	0	232	254	0	-2.35E-05	5.86E-06	-4.32E-07	-1.08E-05
93	15	0	0	0	0	0	0	232	254	0	-2.35E-05	5.86E-06	-4.32E-07	-1.08E-05
93	16	0	0	0	0	0	0	232	254	0	-2.22E-05	5.55E-06	-1.02E-06	-1.01E-05
93	17	0	0	0	0	0	0	232	254	0	-2.22E-05	5.55E-06	-1.02E-06	-1.01E-05
93	18	0	0	0	0	0	0	232	254	0	-2.22E-05	4.23E-06	-1.13E-05	-1.17E-05
93	19	0	0	0	0	0	0	232	254	0	-2.22E-05	4.23E-06	-1.13E-05	-1.17E-05
94	0	0	0	0	0	0	0	232	254	0	-2.21E-05	4.42E-06	-1.41E-05	-1.26E-05
94	1	0	0	0	0	0	0	232	254	0	-2.21E-05	4.42E-06	-1.41E-05	-1.26E-05
94	2	0	0	0	0	0	0	232	254	0	-2.11E-05	3.78E-06	-1.20E-05	-1.24E-05
94	3	0	0	0	0	0	0	232	254	0	-1.89E-05	5.93E-06	-9.89E-06	-1.27E-05
94	4	0	0	0	0	0	0	232	254	0	-1.89E-05	5.93E-06	-9.89E-06	-1.27E-05
94	5	0	0	0	0	0	0	232	254	0	-1.83E-05	6.25E-06	-9.66E-06	-1.32E-05
94	6	0	0	0	0	0	0	232	254	0	-1.83E-05	6.25E-06	-9.66E-06	-1.32E-05
94	7	0	0	0	0	0	0	232	254	0	-1.86E-05	5.42E-06	-8.44E-06	-1.22E-05
94	8	0	0	0	0	0	0	232	254	0	-1.86E-05	5.42E-06	-8.44E-06	-1.22E-05
94	9	0	0	0	0	0	0	232	254	0	-1.97E-05	7.04E-06	-2.69E-06	-9.90E-06
94	10	0	0	0	0	0	0	232	254	0	-1.97E-05	7.04E-06	-2.69E-06	-9.90E-06
94	11	0	0	0	0	0	0	232	254	0	-2.02E-05	5.25E-06	2.05E-06	-9.80E-06
94	12	0	0	0	0	0	0	232	254	0	-2.04E-05	2.94E-06	6.74E-06	-8.97E-06
94	13	0	0	0	0	0	0	232	254	0	-2.04E-05	2.94E-06	6.74E-06	-8.97E-06
94	14	0	0	0	0	0	0	232	254	0	-2.13E-05	3.85E-06	7.62E-06	-9.89E-06
94	15	0	0	0	0	0	0	232	254	0	-2.13E-05	3.85E-06	7.62E-06	-9.89E-06
94	16	0	0	0	0	0	0	232	254	0	-2.07E-05	5.35E-06	-9.52E-09	-1.28E-05
94	17	0	0	0	0	0	0	232	254	0	-2.07E-05	5.35E-06	-9.52E-09	-1.28E-05
94	18	0	0	0	0	0	0	232	254	0	-1.97E-05	6.58E-06	-1.02E-05	-1.41E-05
94	19	0	0	0	0	0	0	232	254	0	-1.97E-05	6.58E-06	-1.02E-05	-1.41E-05
95	0	0	0	0	0	0	0	232	254	0	-2.05E-05	6.97E-06	-1.24E-05	-1.41E-05
95	1	0	0	0	0	0	0	232	254	0	-2.17E-05	7.54E-06	-1.14E-05	-1.23E-05
95	2	0	0	0	0	0	0	232	254	0	-2.17E-05	7.54E-06	-1.14E-05	-1.23E-05
95	3	0	0	0	0	0	0	232	254	0	-2.17E-05	5.99E-06	-1.27E-05	-1.15E-05
95	4	0	0	0	0	0	0	232	254	0	-2.17E-05	5.99E-06	-1.27E-05	-1.15E-05
95	5	0	0	0	0	0	0	232	254	0	-2.17E-05	5.54E-06	-1.32E-05	-1.11E-05
95	6	0	0	0	0	0	0	232	254	0	-2.17E-05	5.54E-06	-1.32E-05	-1.11E-05
95	7	0	0	0	0	0	0	232	254	0	-2.23E-05	5.49E-06	-1.01E-05	-1.00E-05
95	8	0	0	0	0	0	0	232	254	0	-2.23E-05	5.49E-06	-1.01E-05	-1.00E-05
95	9	0	0	0	0	0	0	232	254	0	-2.14E-05	4.98E-06	-9.27E-06	-1.11E-05
95	10	0	0	0	0	0	0	232	254	0	-1.94E-05	4.60E-06	-1.33E-05	-1.16E-05
95	11	0	0	0	0	0	0	232	254	0	-1.94E-05	4.60E-06	-1.33E-05	-1.16E-05
95	12	0	0	0	0	0	0	232	254	0	-2.02E-05	5.20E-06	-2.10E-05	-1.18E-05
95	13	0	0	0	0	0	0	232	254	0	-2.02E-05	5.20E-06	-2.10E-05	-1.18E-05
95	14	0	0	0	0	0	0	232	254	0	-2.16E-05	5.28E-06	-2.32E-05	-1.24E-05
95	15	0	0	0	0	0	0	232	254	0	-2.16E-05	5.28E-06	-2.32E-05	-1.24E-05
95	16	0	0	0	0	0	0	232	254	0	-2.14E-05	5.91E-06	-1.57E-05	-1.40E-05
95	17	0	0	0	0	0	0	232	254	0	-2.14E-05	5.91E-06	-1.57E-05	-1.40E-05
95	18	0	0	0	0	0	0	232	254	0	-2.06E-05	6.14E-06	-1.32E-05	-1.48E-05
95	19	0	0	0	0	0	0	232	254	0	-2.03E-05	5.36E-06	-2.03E-05	-1.50E-05
96	0	0	0	0	0	0	0	232	254	0	-2.03E-05	5.36E-06	-2.03E-05	-1.50E-05
96	1	0	0	0	0	0	0	232	254	0	-2.06E-05	3.79E-06	-2.58E-05	-1.43E-05
96	2	0	0	0	0	0	0	232	254	0	-2.06E-05	3.79E-06	-2.58E-05	-1.43E-05
96	3	0	0	0	0	0	0	232	254	0	-1.99E-05	3.12E-06	-2.54E-05	-1.33E-05
96	4	0	0	0	0	0	0	232	254	0	-1.99E-05	3.12E-06	-2.54E-05	-1.33E-05
96	5	0	0	0	0	0	0	232	254	0	-2.02E-05	2.36E-06	-1.48E-05	-1.22E-05
96	6	0	0	0	0	0	0	232	254	0	-2.02E-05	2.36E-06	-1.48E-05	-1.22E-05
96	7	0	0	0	0	0	0	232	254	0	-1.93E-05	1.12E-06	-1.13E-07	-1.02E-05
96	8	0	0	0	0	0	0	232	254	0	-1.80E-05	2.03E-06	1.76E-05	-9.64E-06
96	9	0	0	0	0	0	0	232	254	0	-1.80E-05	2.03E-06	1.76E-05	-9.64E-06
96	10	0	0	0	0	0	0	232	254	0	-1.80E-05	2.29E-06	1.97E-05	-1.05E-05
96	11	0	0	0	0	0	0	232	254	0	-1.80E-05	2.29E-06	1.97E-05	-1.05E-05
96	12	0	0	0	0	0	0	232	254	0	-1.83E-05	3.26E-06	8.51E-07	-1.24E-05
96	13	0	0	0	0	0	0	232	254	0	-1.83E-05	3.26E-06	8.51E-07	-1.24E-05
96	14	0	0	0	0	0	0	232	254	0	-1.80E-05	3.93E-06	-9.99E-06	-1.37E-05
96	15	0	0	0	0	0	0	232	254	0	-1.80E-05	3.93E-06	-9.99E-06	-1.37E-05
96	16	0	0	0	0	0	0	232	254	0	-1.86E-05	4.60E-06	-8.46E-06	-1.50E-05
96	17	0	0	0	0	0	0	232	254	0	-1.85E-05	5.10E-06	-1.30E-05	-1.54E-05
96	18	0	0	0	0	0	0	232	254	0	-1.85E-05	5.10E-06	-1.30E-05	-1.54E-05
96	19	0	0	0	0	0	0	232	254	0	-1.88E-05	4.20E-06	-9.71E-06	-1.68E-05
97	0	0	0	0	0	0	0	232	254	0	-1.88E-05	4.20E-06	-9.71E-06	-1.68E-05
97	1	0	0	0	0	0	0	232	254	0	-1.99E-05	4.02E-06	-2.73E-06	-1.83E-05
97	2	0	0	0	0	0	0	232	254	0	-1.99E-05	4.02E-06	-2.73E-06	-1.83E-05
97	3	0	0	0	0	0	0	232	254	0	-2.06E-05	2.45E-06	-5.00E-06	-1.69E-05
97	4	0	0	0	0	0	0	232	254	0	-2.06E-05	2.45E-06	-5.00E-06	-1.69E-05
97	5	0	0	0	0	0	0	232	254	0	-1.99E-05	1.99E-06	-8.73E-06	-1.51E-05
97	6	0	0	0	0	0	0	232	254	0	-1.98E-05	3.15E-06	-7.40E-06	-1.37E-05
97	7	0	0	0	0	0	0	232	254	0	-1.98E-05	3.15E-06	-7.40E-06	-1.37E-05
97	8	0	0	0	0	0	0	232	254	0	-2.12E-05	2.96E-06	-8.56E-06	-1.49E-05
97	9	0	0	0	0	0	0	232	254	0	-2.12E-05	2.96E-06	-8.56E-06	-1.49E-05
97	10	0	0	0	0	0	0	232	254	0	-2.27E-05	3.93E-06	-1.70E-05	-1.48E-05
97	11	0	0	0	0	0	0	232	254	0	-2.27E-05	3.93E-06	-1.70E-05	-1.48E-05
97	12	0	0	0	0	0	0	232	254	0	-2.18E-05	4.39E-06	-1.64E-05	-1.35E-05
97	13	0	0	0	0	0	0	232	254	0	-2.18E-05	4.39E-06	-1.64E-05	-1.35E-05
97	14	0	0	0	0	0	0	232	254	0	-2.07E-05	3.15E-06	-5.96E-06	-1.23E-05
97	15	0	0	0	0	0	0	232	254	0	-2.14E-05	3.00E-06	-4.49E-06	-1.24E-05
97	16	0	0	0	0	0	0	232	254	0	-2.14E-05	3.00E-06	-4.49E-06	-1.24E-05
97	17	0	0	0	0	0	0	232	254	0	-2.17E-05	4.30E-06	-1.07E-05	-1.39E-05
97	18	0	0	0	0	0	0	232	254	0	-2.17E-05	4.30E-06	-1.07E-05	-1.39E-05
97	19	0	0	0	0	0	0	232	254	0	-2.06E-05	5.28E-06	-1.83E-05	-1.35E-05
98	0	0	0	0	0	0	0	232	254	0	-2.06E-05	5.28E-06	-1.83E-05	-1.35E-05
98	1	0	0	0	0	0	0	232	254	0	-2.00E-05	5.77E-06	-1.79E-05	-1.24E-05
98	2	0	0	0	0	0	0	232	254	0	-2.00E-05	5.77E-06	-1.79E-05	-1.24E-05
98	3	0	0	0	0	0	0	232	254	0	-2.15E-05	4.83E-06	-1.22E-05	-1.23E-05
98	4	0	0	0	0	0	0	232	254	0	-2.19E-05	4.60E-06	-1.43E-05	-1.23E-05
98	5	0	0	0	0	0	0	232	254	0	-2.19E-05	4.60E-06	-1.43E-05	-1.23E-05
98	6	0	0	0	0	0	0	232	254	0	-2.23E-05	5.28E-06	-1.37E-05	-1.30E-05
98	7	0	0	0	0	0	0	232	254	0	-2.23E-05	5.28E-06	-1.37E-05	-1.30E-05
98	8	0	0	0	0	0	0	232	254	0	-2.23E-05	5.95E-06	-7.31E-06	-1.38E-05
98	9	0	0	0	0	0	0	232	254	0	-2.23E-05	5.95E-06	-7.31E-06	-1.38E-05
98	10	0	0	0	0	0	0	232	254	0	-2.23E-05	6.44E-06	-1.67E-06	-1.21E-05
98	11	0	0	0	0	0	0	232	254	0	-2.23E-05	6.44E-06	-1.67E-06	-1.21E-05
98	12	0	0	0	0	0	0	232	254	0	-2.12E-05	5.36E-06	5.64E-06	-1.13E-05
98	13	0	0	0	0	0	0	232	254	0	-2.21E-05	3.84E-06	6.85E-06	-1.30E-05
98	14	0	0	0	0	0	0	232	254	0	-2.21E-05	3.84E-06	6.85E-06	-1.30E-05
98	15	0	0	0	0	0	0	232	254	0	-2.32E-05	3.80E-06	-1.81E-06	-1.34E-05
98	16	0	0	0	0	0	0	232	254	0	-2.32E-05	3.80E-06	-1.81E-06	-1.34E-05
98	17	0	0	0	0	0	0	232	254	0	-2.31E-05	4.75E-06	-7.19E-07	-1.14E-05
98	18	0	0	0	0	0	0	232	254	0	-2.31E-05	4.75E-06	-7.19E-07	-1.14E-05
98	19	0	0	0	0	0	0	232	254	0	-2.23E-05	5.24E-06	5.21E-06	-1.00E-05
99	0	0	0	0	0	0	0	232	254	0	-2.23E-05	5.24E-06	5.21E-06	-1.00E-05
99	1	0	0	0	0	0	0	232	254	0	-2.15E-05	5.50E-06	-1.43E-06	-1.12E-05
99	2	0	0	0	0	0	0	232	254	0	-1.98E-05	5.29E-06	-1.13E-05	-1.32E-05
99	3	0	0	0	0	0	0	232	254	0	-1.98E-05	5.29E-06	-1.13E-05	-1.32E-05
99	4	0	0	0	0	0	0	232	254	0	-1.99E-05	6.06E-06	-1.74E-05	-1.30E-05
99	5	0	0	0	0	0	0	232	254	0	-1.99E-05	6.06E-06	-1.74E-05	-1.30E-05
99	6	0	0	0	0	0	0	232	254	0	-1.96E-05	6.21E-06	-1.46E-05	-1.25E-05
99	7	0	0	0	0	0	0	232	254	0	-1.96E-05	6.21E-06	-1.46E-05	-1.25E-05
99	8	0	0	0	0	0	0	232	254	0	-1.90E-05	6.10E-06	-4.04E-06	-1.14E-05
99	9	0	0	0	0	0	0	232	254	0	-1.90E-05	6.10E-06	-4.04E-06	-1.14E-05
99	10	0	0	0	0	0	0	232	254	0	-1.96E-05	5.06E-06	2.30E-06	-8.61E-06
99	11	0	0	0	0	0	0	232	254	0	-1.90E-05	3.97E-06	-3.21E-06	-9.19E-06
99	12	0	0	0	0	0	0	232	254	0	-1.90E-05	3.97E-06	-3.21E-06	-9.19E-06
99	13	0	0	0	0	0	0	232	254	0	-1.78E-05	5.05E-06	-1.04E-05	-1.04E-05
99	14	0	0	0	0	0	0	232	254	0	-1.78E-05	5.05E-06	-1.04E-05	-1.04E-05
99	15	0	0	0	0	0	0	232	254	0	-1.99E-05	6.62E-06	-1.05E-05	-1.19E-05
99	16	0	0	0	0	0	0	232	254	0	-1.99E-05	6.62E-06	-1.05E-05	-1.19E-05
99	17	0	0	0	0	0	0	232	254	0	-2.17E-05	7.15E-06	-1.07E-05	-1.44E-05
99	18	0	0	0	0	0	0	232	254	0	-2.17E-05	7.15E-06	-1.07E-05	-1.44E-05
99	19	0	0	0	0	0	0	232	254	0	-2.22E-05	6.62E-06	-1.46E-05	-1.54E-05
100	0	0	0	0	0	0	0	232	254	0	-2.12E-05	7.09E-06	-1.72E-05	-1.54E-05
100	1	0	0	0	0	0	0	232	254	0	-2.12E-05	7.09E-06	-1.72E-05	-1.54E-05
100	2	0	0	0	0	0	0	232	254	0	-2.06E-05	6.01E-06	-1.95E-05	-1.53E-05
100	3	0	0	0	0	0	0	232	254	0	-2.06E-05	6.01E-06	-1.95E-05	-1.53E-05
100	4	0	0	0	0	0	0	232	254	0	-2.04E-05	5.71E-06	-2.06E-05	-1.39E-05
100	5	0	0	0	0	0	0	232	254	0	-2.04E-05	5.71E-06	-2.06E-05	-1.39E-05
100	6	0	0	0	0	0	0	232	254	0	-1.98E-05	5.71E-06	-1.52E-05	-1.19E-05
100	7	0	0	0	0	0	0	232	254	0	-1.98E-05	5.71E-06	-1.52E-05	-1.19E-05
100	8	0	0	0	0	0	0	232	254	0	-2.11E-05	5.65E-06	-4.92E-06	-8.77E-06
100	9	0	0	0	0	0	0	232	254	0	-2.19E-05	5.20E-06	-1.16E-05	-7.94E-06
100	10	0	0	0	0	0	0	232	254	0	-2.19E-05	5.20E-06	-1.16E-05	-7.94E-06
100	11	0	0	0	0	0	0	232	254	0	-2.16E-05	5.28E-06	-3.02E-05	-1.02E-05
100	12	0	0	0	0	0	0	232	254	0	-2.16E-05	5.28E-06	-3.02E-05	-1.02E-05
100	13	0	0	0	0	0	0	232	254	0	-2.22E-05	5.87E-06	-4.34E-05	-1.42E-05
100	14	0	0	0	0	0	0	232	254	0	-2.22E-05	5.87E-06	-4.34E-05	-1.42E-05
100	15	0	0	0	0	0	0	232	254	0	-2.30E-05	5.66E-06	-4.55E-05	-1.61E-05
100	16	0	0	0	0	0	0	232	254	0	-2.30E-05	5.66E-06	-4.55E-05	-1.61E-05
100	17	0	0	0	0	0	0	232	254	0	-2.28E-05	3.93E-06	-2.81E-05	-1.46E-05
100	18	0	0	0	0	0	0	232	254	0	-2.44E-05	4.68E-06	-1.54E-06	-1.36E-05
100	19	0	0	0	0	0	0	232	254	0	-2.44E-05	4.68E-06	-1.54E-06	-1.36E-05
101	0	0	0	0	0	0	0	232	254	0	-2.45E-05	5.69E-06	5.39E-06	-1.37E-05
101	1	0	0	0	0	0	0	232	254	0	-2.45E-05	5.69E-06	5.39E-06	-1.37E-05
101	2	0	0	0	0	0	0	232	254	0	-2.31E-05	4.02E-06	-4.59E-06	-1.43E-05
101	3	0	0	0	0	0	0	232	254	0	-2.31E-05	4.02E-06	-4.59E-06	-1.43E-05
101	4	0	0	0	0	0	0	232	254	0	-2.11E-05	2.52E-06	-7.92E-06	-1.35E-05
101	5	0	0	0	0	0	0	232	254	0	-2.11E-05	2.52E-06	-7.92E-06	-1.35E-05
101	6	0	0	0	0	0	0	232	254	0	-1.90E-05	2.55E-06	-9.38E-06	-1.27E-05
101	7	0	0	0	0	0	0	232	254	0	-1.96E-05	2.89E-06	-1.94E-05	-1.09E-05
101	8	0	0	0	0	0	0	232	254	0	-1.96E-05	2.89E-06	-1.94E-05	-1.09E-05
101	9	0	0	0	0	0	0	232	254	0	-1.90E-05	3.19E-06	-2.17E-05	-1.11E-05
101	10	0	0	0	0	0	0	232	254	0	-1.90E-05	3.19E-06	-2.17E-05	-1.11E-05
101	11	0	0	0	0	0	0	232	254	0	-1.76E-05	3.08E-06	-6.93E-06	-1.24E-05
101	12	0	0	0	0	0	0	232	254	0	-1.76E-05	3.08E-06	-6.93E-06	-1.24E-05
101	13	0	0	0	0	0	0	232	254	0	-1.74E-05	2.16E-06	4.65E-06	-1.40E-05
101	14	0	0	0	0	0	0	232	254	0	-1.74E-05	2.16E-06	4.65E-06	-1.40E-05
101	15	0	0	0	0	0	0	232	254	0	-1.87E-05	2.14E-06	1.23E-05	-1.55E-05
101	16	0	0	0	0	0	0	232	254	0	-1.99E-05	3.37E-06	2.00E-05	-1.43E-05
101	17	0	0	0	0	0	0	232	254	0	-1.99E-05	3.37E-06	2.00E-05	-1.43E-05
101	18	0	0	0	0	0	0	232	254	0	-2.17E-05	4.90E-06	1.32E-05	-1.33E-05
101	19	0	0	0	0	0	0	232	254	0	-2.17E-05	4.90E-06	1.32E-05	-1.33E-05
102	0	0	0	0	0	0	0	232	254	0	-2.24E-05	5.28E-06	2.74E-07	-1.33E-05
102	1	0	0	0	0	0	0	232	254	0	-2.24E-05	5.28E-06	2.74E-07	-1.33E-05
102	2	0	0	0	0	0	0	232	254	0	-2.17E-05	5.73E-06	-7.22E-06	-1.36E-05
102	3	0	0	0	0	0	0	232	254	0	-2.17E-05	5.73E-06	-7.22E-06	-1.36E-05
102	4	0	0	0	0	0	0	232	254	0	-2.15E-05	4.46E-06	-7.06E-06	-1.35E-05
102	5	0	0	0	0	0	0	232	254	0	-2.03E-05	3.82E-06	-5.33E-06	-1.06E-05
102	6	0	0	0	0	0	0	232	254	0	-2.03E-05	3.82E-06	-5.33E-06	-1.06E-05
102	7	0	0	0	0	0	0	232	254	0	-2.00E-05	3.54E-06	-6.68E-07	-8.08E-06
102	8	0	0	0	0	0	0	232	254	0	-2.00E-05	3.54E-06	-6.68E-07	-8.08E-06
102	9	0	0	0	0	0	0	232	254	0	-2.05E-05	3.71E-06	1.13E-05	-6.95E-06
102	10	0	0	0	0	0	0	232	254	0	-2.05E-05	3.71E-06	1.13E-05	-6.95E-06
102	11	0	0	0	0	0	0	232	254	0	-2.08E-05	3.72E-06	4.14E-06	-7.81E-06
102	12	0	0	0	0	0	0	232	254	0	-2.08E-05	3.72E-06	4.14E-06	-7.81E-06
102	13	0	0	0	0	0	0	232	254	0	-2.20E-05	2.52E-06	-1.08E-05	-9.98E-06
102	14	0	0	0	0	0	0	232	254	0	-2.22E-05	2.59E-06	-1.48E-05	-1.06E-05
102	15	0	0	0	0	0	0	232	254	0	-2.22E-05	2.59E-06	-1.48E-05	-1.06E-05
102	16	0	0	0	0	0	0	232	254	0	-2.36E-05	3.21E-06	-8.40E-06	-1.10E-05
102	17	0	0	0	0	0	0	232	254	0	-2.36E-05	3.21E-06	-8.40E-06	-1.10E-05
102	18	0	0	0	0	0	0	232	254	0	-2.32E-05	3.45E-06	7.48E-07	-1.22E-05
102	19	0	0	0	0	0	0	232	254	0	-2.32E-05	3.45E-06	7.48E-07	-1.22E-05
103	0	0	0	0	0	0	0	232	254	0	-2.20E-05	4.21E-06	-5.37E-06	-1.46E-05
103	1	0	0	0	0	0	0	232	254	0	-2.20E-05	4.21E-06	-5.37E-06	-1.46E-05
103	2	0	0	0	0	0	0	232	254	0	-2.18E-05	4.45E-06	-1.62E-05	-1.50E-05
103	3	0	0	0	0	0	0	232	254	0	-2.27E-05	5.10E-06	-2.49E-05	-1.57E-05
103	4	0	0	0	0	0	0	232	254	0	-2.27E-05	5.10E-06	-2.49E-05	-1.57E-05
103	5	0	0	0	0	0	0	232	254	0	-2.34E-05	4.27E-06	-2.37E-05	-1.64E-05
103	6	0	0	0	0	0	0	232	254	0	-2.34E-05	4.27E-06	-2.37E-05	-1.64E-05
103	7	0	0	0	0	0	0	232	254	0	-2.40E-05	4.98E-06	-1.91E-05	-1.49E-05
103	8	0	0	0	0	0	0	232	254	0	-2.40E-05	4.98E-06	-1.91E-05	-1.49E-05
103	9	0	0	0	0	0	0	232	254	0	-2.39E-05	5.78E-06	-1.47E-05	-1.42E-05
103	10	0	0	0	0	0	0	232	254	0	-2.39E-05	5.78E-06	-1.47E-05	-1.42E-05
103	11	0	0	0	0	0	0	232	254	0	-2.47E-05	5.02E-06	-1.39E-05	-1.38E-05
103	12	0	0	0	0	0	0	232	254	0	-2.34E-05	4.87E-06	-1.31E-05	-1.21E-05
103	13	0	0	0	0	0	0	232	254	0	-2.34E-05	4.87E-06	-1.31E-05	-1.21E-05
103	14	0	0	0	0	0	0	232	254	0	-2.15E-05	4.83E-06	-8.53E-06	-1.12E-05
103	15	0	0	0	0	0	0	232	254	0	-2.15E-05	4.83E-06	-8.53E-06	-1.12E-05
103	16	0	0	0	0	0	0	232	254	0	-2.22E-05	4.46E-06	-6.70E-06	-1.23E-05
103	17	0	0	0	0	0	0	232	254	0	-2.22E-05	4.46E-06	-6.70E-06	-1.23E-05
103	18	0	0	0	0	0	0	232	254	0	-2.43E-05	3.90E-06	-5.33E-06	-1.23E-05
103	19	0	0	0	0	0	0	232	254	0	-2.43E-05	3.90E-06	-5.33E-06	-1.23E-05
104	0	0	0	0	0	0	0	232	254	0	-2.40E-05	4.25E-06	-6.29E-06	-1.09E-05
104	1	0	0	0	0	0	0	232	254	0	-2.37E-05	4.79E-06	-5.29E-06	-1.13E-05
104	2	0	0	0	0	0	0	232	254	0	-2.37E-05	4.79E-06	-5.29E-06	-1.13E-05
104	3	0	0	0	0	0	0	232	254	0	-2.24E-05	5.47E-06	-3.48E-06	-1.21E-05
104	4	0	0	0	0	0	0	232	254	0	-2.24E-05	5.47E-06	-3.48E-06	-1.21E-05
104	5	0	0	0	0	0	0	232	254	0	-2.14E-05	4.81E-06	-6.65E-06	-1.26E-05
104	6	0	0	0	0	0	0	232	254	0	-2.14E-05	4.81E-06	-6.65E-06	-1.26E-05
104	7	0	0	0	0	0	0	232	254	0	-1.93E-05	4.53E-06	-1.30E-05	-1.28E-05
104	8	0	0	0	0	0	0	232	254	0	-1.93E-05	4.53E-06	-1.30E-05	-1.28E-05
104	9	0	0	0	0	0	0	232	254	0	-1.84E-05	5.87E-06	-1.21E-05	-1.17E-05
104	10	0	0	0	0	0	0	232	254	0	-1.97E-05	5.68E-06	-9.16E-06	-1.27E-05
104	11	0	0	0	0	0	0	232	254	0	-1.97E-05	5.68E-06	-9.16E-06	-1.27E-05
104	12	0	0	0	0	0	0	232	254	0	-2.05E-05	4.05E-06	-8.99E-06	-1.39E-05
104	13	0	0	0	0	0	0	232	254	0	-2.05E-05	4.05E-06	-8.99E-06	-1.39E-05
104	14	0	0	0	0	0	0	232	254	0	-1.96E-05	4.27E-06	-1.29E-05	-1.31E-05
104	15	0	0	0	0	0	0	232	254	0	-1.96E-05	4.27E-06	-1.29E-05	-1.31E-05
104	16	0	0	0	0	0	0	232	254	0	-1.96E-05	4.90E-06	-1.56E-05	-1.16E-05
104	17	0	0	0	0	0	0	232	254	0	-1.96E-05	4.90E-06	-1.56E-05	-1.16E-05
104	18	0	0	0	0	0	0	232	254	0	-1.98E-05	5.20E-06	-1.68E-05	-1.16E-05
104	19	0	0	0	0	0	0	232	254	0	-2.08E-05	5.17E-06	-1.53E-05	-1.16E-05
105	0	0	0	0	0	0	0	232	254	0	-2.08E-05	5.17E-06	-1.53E-05	-1.16E-05
105	1	0	0	0	0	0	0	232	254	0	-2.06E-05	4.96E-06	-1.20E-05	-1.05E-05
105	2	0	0	0	0	0	0	232	254	0	-2.06E-05	4.96E-06	-1.20E-05	-1.05E-05
105	3	0	0	0	0	0	0	232	254	0	-2.04E-05	5.69E-06	-6.45E-06	-1.09E-05
105	4	0	0	0	0	0	0	232	254	0	-2.04E-05	5.69E-06	-6.45E-06	-1.09E-05
105	5	0	0	0	0	0	0	232	254	0	-2.07E-05	5.43E-06	-2.71E-06	-1.09E-05
105	6	0	0	0	0	0	0	232	254	0	-2.07E-05	5.43E-06	-2.71E-06	-1.09E-05
105	7	0	0	0	0	0	0	232	254	0	-1.93E-05	4.46E-06	-1.62E-06	-1.11E-05
105	8	0	0	0	0	0	0	232	254	0	-1.97E-05	3.81E-06	-2.12E-06	-1.12E-05
105	9	0	0	0	0	0	0	232	254	0	-1.97E-05	3.81E-06	-2.12E-06	-1.12E-05
105	10	0	0	0	0	0	0	232	254	0	-2.04E-05	3.39E-06	4.17E-07	-1.15E-05
105	11	0	0	0	0	0	0	232	254	0	-2.04E-05	3.39E-06	4.17E-07	-1.15E-05
105	12	0	0	0	0	0	0	232	254	0	-1.97E-05	3.71E-06	-6.34E-06	-1.35E-05
105	13	0	0	0	0	0	0	232	254	0	-1.97E-05	3.71E-06	-6.34E-06	-1.35E-05
105	14	0	0	0	0	0	0	232	254	0	-1.88E-05	3.79E-06	-9.62E-06	-1.24E-05
105	15	0	0	0	0	0	0	232	254	0	-1.88E-05	3.79E-06	-9.62E-06	-1.24E-05
105	16	0	0	0	0	0	0	232	254	0	-2.02E-05	3.51E-06	-4.64E-06	-1.23E-05
105	17	0	0	0	0	0	0	232	254	0	-1.94E-05	6.32E-06	-5.94E-06	-1.29E-05
105	18	0	0	0	0	0	0	232	254	0	-1.94E-05	6.32E-06	-5.94E-06	-1.29E-05
105	19	0	0	0	0	0	0	232	254	0	-2.09E-05	7.25E-06	-9.59E-06	-1.30E-05
106	0	0	0	0	0	0	0	232	254	0	-2.09E-05	7.25E-06	-9.59E-06	-1.30E-05
106	1	0	0	0	0	0	0	232	254	0	-2.26E-05	7.54E-06	-1.31E-05	-1.32E-05
106	2	0	0	0	0	0	0	232	254	0	-2.26E-05	7.54E-06	-1.31E-05	-1.32E-05
106	3	0	0	0	0	0	0	232	254	0	-2.22E-05	7.33E-06	-1.72E-05	-1.27E-05
106	4	0	0	0	0	0	0	232	254	0	-2.22E-05	7.33E-06	-1.72E-05	-1.27E-05
106	5	0	0	0	0	0	0	232	254	0	-2.39E-05	6.74E-06	-1.84E-05	-1.35E-05
106	6	0	0	0	0	0	0	232	254	0	-2.55E-05	5.54E-06	-1.87E-05	-1.30E-05
106	7	0	0	0	0	0	0	232	254	0	-2.55E-05	5.54E-06	-1.87E-05	-1.30E-05
106	8	0	0	0	0	0	0	232	254	0	-2.57E-05	5.50E-06	-1.58E-05	-1.19E-05
106	9	0	0	0	0	0	0	232	254	0	-2.57E-05	5.50E-06	-1.58E-05	-1.19E-05
106	10	0	0	0	0	0	0	232	254	0	-2.45E-05	5.26E-06	-1.17E-05	-1.17E-05
106	11	0	0	0	0	0	0	232	254	0	-2.45E-05	5.26E-06	-1.17E-05	-1.17E-05
106	12	0	0	0	0	0	0	232	254	0	-2.31E-05	5.80E-06	-8.03E-06	-1.26E-05
106	13	0	0	0	0	0	0	232	254	0	-2.31E-05	5.80E-06	-8.03E-06	-1.26E-05
106	14	0	0	0	0	0	0	232	254	0	-2.25E-05	6.74E-06	-6.14E-06	-1.28E-05
106	15	0	0	0	0	0	0	232	254	0	-2.38E-05	8.45E-06	-4.05E-06	-1.17E-05
106	16	0	0	0	0	0	0	232	254	0	-2.38E-05	8.45E-06	-4.05E-06	-1.17E-05
106	17	0	0	0	0	0	0	232	254	0	-2.48E-05	8.79E-06	-2.85E-06	-1.30E-05
106	18	0	0	0	0	0	0	232	254	0	-2.48E-05	8.79E-06	-2.85E-06	-1.30E-05
106	19	0	0	0	0	0	0	232	254	0	-2.32E-05	8.11E-06	-3.25E-06	-1.36E-05
107	0	0	0	0	0	0	0	232	254	0	-2.32E-05	8.11E-06	-3.25E-06	-1.36E-05
107	1	0	0	0	0	0	0	232	254	0	-2.22E-05	9.89E-06	-7.48E-06	-1.36E-05
107	2	0	0	0	0	0	0	232	254	0	-2.22E-05	9.89E-06	-7.48E-06	-1.36E-05
107	3	0	0	0	0	0	0	232	254	0	-2.12E-05	9.68E-06	-1.56E-05	-1.37E-05
107	4	0	0	0	0	0	0	232	254	0	-1.98E-05	9.16E-06	-1.71E-05	-1.32E-05
107	5	0	0	0	0	0	0	232	254	0	-1.98E-05	9.16E-06	-1.71E-05	-1.32E-05
107	6	0	0	0	0	0	0	232	254	0	-1.83E-05	8.51E-06	-9.31E-06	-1.43E-05
107	7	0	0	0	0	0	0	232	254	0	-1.83E-05	8.51E-06	-9.31E-06	-1.43E-05
107	8	0	0	0	0	0	0	232	254	0	-1.83E-05	7.91E-06	-7.22E-06	-1.46E-05
107	9	0	0	0	0	0	0	232	254	0	-1.83E-05	7.91E-06	-7.22E-06	-1.46E-05
107	10	0	0	0	0	0	0	232	254	0	-1.81E-05	6.55E-06	-7.33E-06	-1.49E-05
107	11	0	0	0	0	0	0	232	254	0	-1.81E-05	6.55E-06	-7.33E-06	-1.49E-05
107	12	0	0	0	0	0	0	232	254	0	-1.68E-05	5.04E-06	-8.33E-06	-1.42E-05
107	13	0	0	0	0	0	0	232	254	0	-1.82E-05	3.64E-06	-9.05E-06	-1.37E-05
107	14	0	0	0	0	0	0	232	254	0	-1.82E-05	3.64E-06	-9.05E-06	-1.37E-05
107	15	0	0	0	0	0	0	232	254	0	-1.77E-05	3.30E-06	-7.55E-06	-1.36E-05
107	16	0	0	0	0	0	0	232	254	0	-1.77E-05	3.30E-06	-7.55E-06	-1.36E-05
107	17	0	0	0	0	0	0	232	254	0	-1.81E-05	4.20E-06	-7.48E-06	-1.38E-05
107	18	0	0	0	0	0	0	232	254	0	-1.81E-05	4.20E-06	-7.48E-06	-1.38E-05
107	19	0	0	0	0	0	0	232	254	0	-1.91E-05	4.16E-06	-7.03E-06	-1.31E-05
108	0	0	0	0	0	0	0	232	254	0	-1.91E-05	4.16E-06	-7.03E-06	-1.31E-05
108	1	0	0	0	0	0	0	232	254	0	-1.88E-05	3.79E-06	-8.26E-06	-1.39E-05
108	2	0	0	0	0	0	0	232	254	0	-1.79E-05	3.26E-06	-8.54E-06	-1.61E-05
108	3	0	0	0	0	0	0	232	254	0	-1.79E-05	3.26E-06	-8.54E-06	-1.61E-05
108	4	0	0	0	0	0	0	232	254	0	-1.92E-05	3.79E-06	-8.41E-06	-1.49E-05
108	5	0	0	0	0	0	0	232	254	0	-1.92E-05	3.79E-06	-8.41E-06	-1.49E-05
108	6	0	0	0	0	0	0	232	254	0	-2.14E-05	3.08E-06	-8.51E-06	-1.44E-05
108	7	0	0	0	0	0	0	232	254	0	-2.14E-05	3.08E-06	-8.51E-06	-1.44E-05
108	8	0	0	0	0	0	0	232	254	0	-2.22E-05	2.18E-06	-8.17E-06	-1.51E-05
108	9	0	0	0	0	0	0	232	254	0	-2.22E-05	2.18E-06	-8.17E-06	-1.51E-05
108	10	0	0	0	0	0	0	232	254	0	-2.24E-05	2.18E-06	-9.08E-06	-1.45E-05
108	11	0	0	0	0	0	0	232	254	0	-2.39E-05	2.15E-06	-9.16E-06	-1.39E-05
108	12	0	0	0	0	0	0	232	254	0	-2.39E-05	2.15E-06	-9.16E-06	-1.39E-05
108	13	0	0	0	0	0	0	232	254	0	-2.33E-05	1.85E-06	-8.60E-06	-1.37E-05
108	14	0	0	0	0	0	0	232	254	0	-2.33E-05	1.85E-06	-8.60E-06	-1.37E-05
108	15	0	0	0	0	0	0	232	254	0	-2.16E-05	1.85E-06	-8.73E-06	-1.32E-05
108	16	0	0	0	0	0	0	232	254	0	-2.16E-05	1.85E-06	-8.73E-06	-1.32E-05
108	17	0	0	0	0	0	0	232	254	0	-2.12E-05	1.88E-06	-7.35E-06	-1.28E-05
108	18	0	0	0	0	0	0	232	254	0	-2.12E-05	1.88E-06	-7.35E-06	-1.28E-05
108	19	0	0	0	0	0	0	232	254	0	-2.29E-05	2.34E-06	-7.54E-06	-1.29E-05
109	0	0	0	0	0	0	0	232	254	0	-2.16E-05	3.55E-06	-1.16E-05	-1.24E-05
109	1	0	0	0	0	0	0	232	254	0	-2.16E-05	3.55E-06	-1.16E-05	-1.24E-05
109	2	0	0	0	0	0	0	232	254	0	-2.15E-05	2.26E-06	-1.14E-05	-1.34E-05
109	3	0	0	0	0	0	0	232	254	0	-2.15E-05	2.26E-06	-1.14E-05	-1.34E-05
109	4	0	0	0	0	0	0	232	254	0	-2.28E-05	1.60E-06	-8.51E-06	-1.33E-05
109	5	0	0	0	0	0	0	232	254	0	-2.28E-05	1.60E-06	-8.51E-06	-1.33E-05
109	6	0	0	0	0	0	0	232	254	0	-2.37E-05	2.48E-06	-1.11E-05	-1.38E-05
109	7	0	0	0	0	0	0	232	254	0	-2.37E-05	2.48E-06	-1.11E-05	-1.38E-05
109	8	0	0	0	0	0	0	232	254	0	-2.38E-05	3.60E-06	-1.32E-05	-1.24E-05
109	9	0	0	0	0	0	0	232	254	0	-2.50E-05	4.12E-06	-1.35E-05	-1.06E-05
109	10	0	0	0	0	0	0	232	254	0	-2.50E-05	4.12E-06	-1.35E-05	-1.06E-05
109	11	0	0	0	0	0	0	232	254	0	-2.79E-05	3.40E-06	-9.01E-06	-1.13E-05
109	12	0	0	0	0	0	0	232	254	0	-2.79E-05	3.40E-06	-9.01E-06	-1.13E-05
109	13	0	0	0	0	0	0	232	254	0	-2.91E-05	2.22E-06	2.66E-07	-1.18E-05
109	14	0	0	0	0	0	0	232	254	0	-2.91E-05	2.22E-06	2.66E-07	-1.18E-05
109	15	0	0	0	0	0	0	232	254	0	-2.82E-05	1.43E-06	3.14E-06	-1.10E-05
109	16	0	0	0	0	0	0	232	254	0	-2.82E-05	1.43E-06	3.14E-06	-1.10E-05
109	17	0	0	0	0	0	0	232	254	0	-2.71E-05	3.81E-06	-3.32E-06	-1.19E-05
109	18	0	0	0	0	0	0	232	254	0	-2.67E-05	6.10E-06	-7.56E-06	-1.27E-05
109	19	0	0	0	0	0	0	232	254	0	-2.67E-05	6.10E-06	-7.56E-06	-1.27E-05
110	0	0	0	0	0	0	0	232	254	0	-2.69E-05	4.97E-06	-1.07E-05	-1.26E-05
110	1	0	0	0	0	0	0	232	254	0	-2.69E-05	4.97E-06	-1.07E-05	-1.26E-05
110	2	0	0	0	0	0	0	232	254	0	-2.71E-05	3.09E-06	-1.29E-05	-1.30E-05
110	3	0	0	0	0	0	0	232	254	0	-2.71E-05	3.09E-06	-1.29E-05	-1.30E-05
110	4	0	0	0	0	0	0	232	254	0	-2.63E-05	3.75E-06	-1.30E-05	-1.18E-05
110	5	0	0	0	0	0	0	232	254	0	-2.63E-05	3.75E-06	-1.30E-05	-1.18E-05
110	6	0	0	0	0	0	0	232	254	0	-2.31E-05	4.29E-06	-1.34E-05	-1.07E-05
110	7	0	0	0	0	0	0	232	254	0	-2.13E-05	4.98E-06	-1.13E-05	-1.15E-05
110	8	0	0	0	0	0	0	232	254	0	-2.13E-05	4.98E-06	-1.13E-05	-1.15E-05
110	9	0	0	0	0	0	0	232	254	0	-2.05E-05	4.50E-06	-8.82E-06	-1.06E-05
110	10	0	0	0	0	0	0	232	254	0	-2.05E-05	4.50E-06	-8.82E-06	-1.06E-05
110	11	0	0	0	0	0	0	232	254	0	-1.81E-05	4.34E-06	-9.73E-06	-1.12E-05
110	12	0	0	0	0	0	0	232	254	0	-1.81E-05	4.34E-06	-9.73E-06	-1.12E-05
110	13	0	0	0	0	0	0	232	254	0	-1.92E-05	5.50E-06	-1.12E-05	-1.11E-05
110	14	0	0	0	0	0	0	232	254	0	-1.92E-05	5.50E-06	-1.12E-05	-1.11E-05
110	15	0	0	0	0	0	0	232	254	0	-2.11E-05	5.26E-06	-1.21E-05	-1.12E-05
110	16	0	0	0	0	0	0	232	254	0	-2.17E-05	5.58E-06	-1.04E-05	-1.10E-05
110	17	0	0	0	0	0	0	232	254	0	-2.17E-05	5.58E-06	-1.04E-05	-1.10E-05
110	18	0	0	0	0	0	0	232	254	0	-2.17E-05	4.60E-06	-1.03E-05	-1.00E-05
110	19	0	0	0	0	0	0	232	254	0	-2.17E-05	4.60E-06	-1.03E-05	-1.00E-05
111	0	0	0	0	0	0	0	232	254	0	-2.08E-05	5.20E-06	-1.04E-05	-9.53E-06
111	1	0	0	0	0	0	0	232	254	0	-2.08E-05	5.20E-06	-1.04E-05	-9.53E-06
111	2	0	0	0	0	0	0	232	254	0	-1.97E-05	5.06E-06	-9.92E-06	-1.06E-05
111	3	0	0	0	0	0	0	232	254	0	-1.97E-05	5.06E-06	-9.92E-06	-1.06E-05
111	4	0	0	0	0	0	0	232	254	0	-2.04E-05	3.79E-06	-1.00E-05	-1.09E-05
111	5	0	0	0	0	0	0	232	254	0	-2.01E-05	3.33E-06	-9.28E-06	-1.11E-05
111	6	0	0	0	0	0	0	232	254	0	-2.01E-05	3.33E-06	-9.28E-06	-1.11E-05
111	7	0	0	0	0	0	0	232	254	0	-1.93E-05	4.55E-06	-6.92E-06	-9.83E-06
111	8	0	0	0	0	0	0	232	254	0	-1.93E-05	4.55E-06	-6.92E-06	-9.83E-06
111	9	0	0	0	0	0	0	232	254	0	-1.81E-05	4.75E-06	-7.49E-06	-1.08E-05
111	10	0	0	0	0	0	0	232	254	0	-1.81E-05	4.75E-06	-7.49E-06	-1.08E-05
111	11	0	0	0	0	0	0	232	254	0	-1.64E-05	5.17E-06	-9.75E-06	-1.25E-05
111	12	0	0	0	0	0	0	232	254	0	-1.64E-05	5.17E-06	-9.75E-06	-1.25E-05
111	13	0	0	0	0	0	0	232	254	0	-1.49E-05	4.90E-06	-9.85E-06	-1.26E-05
111	14	0	0	0	0	0	0	232	254	0	-1.42E-05	5.26E-06	-9.49E-06	-1.13E-05
111	15	0	0	0	0	0	0	232	254	0	-1.42E-05	5.26E-06	-9.49E-06	-1.13E-05
111	16	0	0	0	0	0	0	232	254	0	-1.33E-05	5.63E-06	-1.01E-05	-1.15E-05
111	17	0	0	0	0	0	0	232	254	0	-1.33E-05	5.63E-06	-1.01E-05	-1.15E-05
111	18	0	0	0	0	0	0	232	254	0	-1.42E-05	4.80E-06	-9.41E-06	-1.13E-05
111	19	0	0	0	0	0	0	232	254	0	-1.42E-05	4.80E-06	-9.41E-06	-1.13E-05
112	0	0	0	0	0	0	0	232	254	0	-1.70E-05	2.91E-06	-1.10E-05	-1.19E-05
112	1	0	0	0	0	0	0	232	254	0	-1.70E-05	2.91E-06	-1.10E-05	-1.19E-05
112	2	0	0	0	0	0	0	232	254	0	-1.99E-05	3.56E-06	-1.15E-05	-1.18E-05
112	3	0	0	0	0	0	0	232	254	0	-1.94E-05	5.09E-06	-1.09E-05	-1.23E-05
112	4	0	0	0	0	0	0	232	254	0	-1.94E-05	5.09E-06	-1.09E-05	-1.23E-05
112	5	0	0	0	0	0	0	232	254	0	-1.78E-05	4.16E-06	-9.93E-06	-1.25E-05
112	6	0	0	0	0	0	0	232	254	0	-1.78E-05	4.16E-06	-9.93E-06	-1.25E-05
112	7	0	0	0	0	0	0	232	254	0	-1.91E-05	3.91E-06	-1.16E-05	-1.21E-05
112	8	0	0	0	0	0	0	232	254	0	-1.91E-05	3.91E-06	-1.16E-05	-1.21E-05
112	9	0	0	0	0	0	0	232	254	0	-1.97E-05	4.26E-06	-1.17E-05	-1.22E-05
112	10	0	0	0	0	0	0	232	254	0	-1.97E-05	4.26E-06	-1.17E-05	-1.22E-05
112	11	0	0	0	0	0	0	232	254	0	-1.89E-05	3.41E-06	-9.73E-06	-1.20E-05
112	12	0	0	0	0	0	0	232	254	0	-1.83E-05	3.77E-06	-1.08E-05	-1.15E-05
112	13	0	0	0	0	0	0	232	254	0	-1.83E-05	3.77E-06	-1.08E-05	-1.15E-05
112	14	0	0	0	0	0	0	232	254	0	-1.81E-05	2.89E-06	-7.66E-06	-1.08E-05
112	15	0	0	0	0	0	0	232	254	0	-1.81E-05	2.89E-06	-7.66E-06	-1.08E-05
112	16	0	0	0	0	0	0	232	254	0	-1.76E-05	2.12E-06	-2.89E-06	-1.04E-05
112	17	0	0	0	0	0	0	232	254	0	-1.76E-05	2.12E-06	-2.89E-06	-1.04E-05
112	18	0	0	0	0	0	0	232	254	0	-1.79E-05	4.35E-06	-2.32E-06	-1.21E-05
112	19	0	0	0	0	0	0	232	254	0	-1.79E-05	4.35E-06	-2.32E-06	-1.21E-05
113	0	0	0	0	0	0	0	232	254	0	-2.00E-05	4.27E-06	-6.43E-06	-1.36E-05
113	1	0	0	0	0	0	0	232	254	0	-2.18E-05	4.99E-06	-8.26E-06	-1.52E-05
113	2	0	0	0	0	0	0	232	254	0	-2.18E-05	4.99E-06	-8.26E-06	-1.52E-05
113	3	0	0	0	0	0	0	232	254	0	-2.04E-05	6.02E-06	-8.85E-06	-1.51E-05
113	4	0	0	0	0	0	0	232	254	0	-2.04E-05	6.02E-06	-8.85E-06	-1.51E-05
113	5	0	0	0	0	0	0	232	254	0	-2.11E-05	5.73E-06	-1.15E-05	-1.64E-05
113	6	0	0	0	0	0	0	232	254	0	-2.11E-05	5.73E-06	-1.15E-05	-1.64E-05
113	7	0	0	0	0	0	0	232	254	0	-2.23E-05	4.46E-06	-1.29E-05	-1.75E-05
113	8	0	0	0	0	0	0	232	254	0	-2.23E-05	4.46E-06	-1.29E-05	-1.75E-05
113	9	0	0	0	0	0	0	232	254	0	-2.19E-05	4.01E-06	-9.51E-06	-1.61E-05
113	10	0	0	0	0	0	0	232	254	0	-2.11E-05	5.17E-06	-6.01E-06	-1.48E-05
113	11	0	0	0	0	0	0	232	254	0	-2.11E-05	5.17E-06	-6.01E-06	-1.48E-05
113	12	0	0	0	0	0	0	232	254	0	-2.10E-05	4.80E-06	-4.27E-06	-1.37E-05
113	13	0	0	0	0	0	0	232	254	0	-2.10E-05	4.80E-06	-4.27E-06	-1.37E-05
113	14	0	0	0	0	0	0	232	254	0	-2.11E-05	4.16E-06	-3.25E-06	-1.41E-05
113	15	0	0	0	0	0	0	232	254	0	-2.11E-05	4.16E-06	-3.25E-06	-1.41E-05
113	16	0	0	0	0	0	0	232	254	0	-2.25E-05	3.82E-06	-1.31E-06	-1.39E-05
113	17	0	0	0	0	0	0	232	254	0	-2.25E-05	3.82E-06	-1.31E-06	-1.39E-05
113	18	0	0	0	0	0	0	232	254	0	-2.29E-05	3.74E-06	-4.66E-06	-1.37E-05
113	19	0	0	0	0	0	0	232	254	0	-2.18E-05	5.83E-06	-1.16E-05	-1.30E-05
114	0	0	0	0	0	0	0	232	254	0	-2.18E-05	5.83E-06	-1.16E-05	-1.30E-05
114	1	0	0	0	0	0	0	232	254	0	-2.18E-05	8.10E-06	-1.47E-05	-1.41E-05
114	2	0	0	0	0	0	0	232	254	0	-2.18E-05	8.10E-06	-1.47E-05	-1.41E-05
114	3	0	0	0	0	0	0	232	254	0	-2.30E-05	7.00E-06	-1.40E-05	-1.53E-05
114	4	0	0	0	0	0	0	232	254	0	-2.30E-05	7.00E-06	-1.40E-05	-1.53E-05
114	5	0	0	0	0	0	0	232	254	0	-2.29E-05	6.55E-06	-9.81E-06	-1.52E-05
114	6	0	0	0	0	0	0	232	254	0	-2.29E-05	6.55E-06	-9.81E-06	-1.52E-05
114	7	0	0	0	0	0	0	232	254	0	-2.17E-05	6.51E-06	-4.65E-06	-1.43E-05
114	8	0	0	0	0	0	0	232	254	0	-2.17E-05	6.17E-06	-3.34E-06	-1.49E-05
114	9	0	0	0	0	0	0	232	254	0	-2.17E-05	6.17E-06	-3.34E-06	-1.49E-05
114	10	0	0	0	0	0	0	232	254	0	-2.16E-05	5.73E-06	-7.98E-06	-1.41E-05
114	11	0	0	0	0	0	0	232	254	0	-2.16E-05	5.73E-06	-7.98E-06	-1.41E-05
114	12	0	0	0	0	0	0	232	254	0	-2.12E-05	4.44E-06	-1.30E-05	-1.25E-05
114	13	0	0	0	0	0	0	232	254	0	-2.12E-05	4.44E-06	-1.30E-05	-1.25E-05
114	14	0	0	0	0	0	0	232	254	0	-2.15E-05	3.82E-06	-1.35E-05	-1.30E-05
114	15	0	0	0	0	0	0	232	254	0	-2.15E-05	3.82E-06	-1.35E-05	-1.30E-05
114	16	0	0	0	0	0	0	232	254	0	-2.27E-05	4.83E-06	-1.15E-05	-1.36E-05
114	17	0	0	0	0	0	0	232	254	0	-2.32E-05	4.60E-06	-1.09E-05	-1.39E-05
114	18	0	0	0	0	0	0	232	254	0	-2.32E-05	4.60E-06	-1.09E-05	-1.39E-05
114	19	0	0	0	0	0	0	232	254	0	-2.46E-05	5.22E-06	-1.04E-05	-1.40E-05
115	0	0	0	0	0	0	0	232	254	0	-2.46E-05	5.22E-06	-1.04E-05	-1.40E-05
115	1	0	0	0	0	0	0	232	254	0	-2.56E-05	5.39E-06	-1.04E-05	-1.35E-05
115	2	0	0	0	0	0	0	232	254	0	-2.56E-05	5.39E-06	-1.04E-05	-1.35E-05
115	3	0	0	0	0	0	0	232	254	0	-2.47E-05	5.47E-06	-9.83E-06	-1.29E-05
115	4	0	0	0	0	0	0	232	254	0	-2.47E-05	5.47E-06	-9.83E-06	-1.29E-05
115	5	0	0	0	0	0	0	232	254	0	-2.51E-05	4.87E-06	-9.16E-06	-1.22E-05
115	6	0	0	0	0	0	0	232	254	0	-2.53E-05	5.16E-06	-8.67E-06	-1.17E-05
115	7	0	0	0	0	0	0	232	254	0	-2.53E-05	5.16E-06	-8.67E-06	-1.17E-05
115	8	0	0	0	0	0	0	232	254	0	-2.39E-05	7.46E-06	-9.49E-06	-1.26E-05
115	9	0	0	0	0	0	0	232	254	0	-2.39E-05	7.46E-06	-9.49E-06	-1.26E-05
115	10	0	0	0	0	0	0	232	254	0	-2.33E-05	6.51E-06	-8.79E-06	-1.15E-05
115	11	0	0	0	0	0	0	232	254	0	-2.33E-05	6.51E-06	-8.79E-06	-1.15E-05
115	12	0	0	0	0	0	0	232	254	0	-2.22E-05	4.98E-06	-7.94E-06	-1.07E-05
115	13	0	0	0	0	0	0	232	254	0	-2.22E-05	4.98E-06	-7.94E-06	-1.07E-05
115	14	0	0	0	0	0	0	232	254	0	-2.36E-05	5.80E-06	-8.34E-06	-1.16E-05
115	15	0	0	0	0	0	0	232	254	0	-2.39E-05	5.11E-06	-7.83E-06	-1.20E-05
115	16	0	0	0	0	0	0	232	254	0	-2.39E-05	5.11E-06	-7.83E-06	-1.20E-05
115	17	0	0	0	0	0	0	232	254	0	-2.30E-05	4.24E-06	-7.51E-06	-1.29E-05
115	18	0	0	0	0	0	0	232	254	0	-2.30E-05	4.24E-06	-7.51E-06	-1.29E-05
115	19	0	0	0	0	0	0	232	254	0	-2.29E-05	3.23E-06	-8.81E-06	-1.28E-05
116	0	0	0	0	0	0	0	232	254	0	-2.29E-05	3.23E-06	-8.81E-06	-1.28E-05
116	1	0	0	0	0	0	0	232	254	0	-2.18E-05	3.60E-06	-1.06E-05	-1.14E-05
116	2	0	0	0	0	0	0	232	254	0	-2.18E-05	3.60E-06	-1.06E-05	-1.14E-05
116	3	0	0	0	0	0	0	232	254	0	-2.28E-05	4.07E-06	-8.15E-06	-1.02E-05
116	4	0	0	0	0	0	0	232	254	0	-2.43E-05	2.97E-06	-7.84E-06	-1.01E-05
116	5	0	0	0	0	0	0	232	254	0	-2.43E-05	2.97E-06	-7.84E-06	-1.01E-05
116	6	0	0	0	0	0	0	232	254	0	-2.36E-05	2.81E-06	-1.02E-05	-1.03E-05
116	7	0	0	0	0	0	0	232	254	0	-2.36E-05	2.81E-06	-1.02E-05	-1.03E-05
116	8	0	0	0	0	0	0	232	254	0	-2.29E-05	5.20E-06	-9.38E-06	-1.06E-05
116	9	0	0	0	0	0	0	232	254	0	-2.29E-05	5.20E-06	-9.38E-06	-1.06E-05
116	10	0	0	0	0	0	0	232	254	0	-2.16E-05	4.97E-06	-4.22E-06	-1.12E-05
116	11	0	0	0	0	0	0	232	254	0	-2.16E-05	4.97E-06	-4.22E-06	-1.12E-05
116	12	0	0	0	0	0	0	232	254	0	-2.12E-05	3.00E-06	2.52E-06	-1.10E-05
116	13	0	0	0	0	0	0	232	254	0	-2.04E-05	2.85E-06	9.22E-07	-1.18E-05
116	14	0	0	0	0	0	0	232	254	0	-2.04E-05	2.85E-06	9.22E-07	-1.18E-05
116	15	0	0	0	0	0	0	232	254	0	-2.08E-05	2.93E-06	-1.25E-05	-1.36E-05
116	16	0	0	0	0	0	0	232	254	0	-2.08E-05	2.93E-06	-1.25E-05	-1.36E-05
116	17	0	0	0	0	0	0	232	254	0	-1.96E-05	3.62E-06	-1.39E-05	-1.36E-05
116	18	0	0	0	0	0	0	232	254	0	-1.96E-05	3.62E-06	-1.39E-05	-1.36E-05
116	19	0	0	0	0	0	0	232	254	0	-1.93E-05	4.31E-06	-9.49E-06	-1.38E-05
117	0	0	0	0	0	0	0	232	254	0	-1.93E-05	4.31E-06	-9.49E-06	-1.38E-05
117	1	0	0	0	0	0	0	232	254	0	-2.03E-05	4.04E-06	-9.20E-06	-1.32E-05
117	2	0	0	0	0	0	0	232	254	0	-2.04E-05	5.43E-06	-1.19E-05	-1.45E-05
117	3	0	0	0	0	0	0	232	254	0	-2.04E-05	5.43E-06	-1.19E-05	-1.45E-05
117	4	0	0	0	0	0	0	232	254	0	-2.13E-05	4.53E-06	-1.36E-05	-1.52E-05
117	5	0	0	0	0	0	0	232	254	0	-2.13E-05	4.53E-06	-1.36E-05	-1.52E-05
117	6	0	0	0	0	0	0	232	254	0	-2.13E-05	4.75E-06	-1.60E-05	-1.40E-05
117	7	0	0	0	0	0	0	232	254	0	-2.13E-05	4.75E-06	-1.60E-05	-1.40E-05
117	8	0	0	0	0	0	0	232	254	0	-2.13E-05	6.55E-06	-1.61E-05	-1.22E-05
117	9	0	0	0	0	0	0	232	254	0	-2.13E-05	6.55E-06	-1.61E-05	-1.22E-05
117	10	0	0	0	0	0	0	232	254	0	-2.22E-05	6.40E-06	-1.45E-05	-1.18E-05
117	11	0	0	0	0	0	0	232	254	0	-2.31E-05	5.20E-06	-1.35E-05	-1.14E-05
117	12	0	0	0	0	0	0	232	254	0	-2.31E-05	5.20E-06	-1.35E-05	-1.14E-05
117	13	0	0	0	0	0	0	232	254	0	-2.36E-05	5.11E-06	-1.21E-05	-1.23E-05
117	14	0	0	0	0	0	0	232	254	0	-2.36E-05	5.11E-06	-1.21E-05	-1.23E-05
117	15	0	0	0	0	0	0	232	254	0	-2.29E-05	4.42E-06	-1.07E-05	-1.26E-05
117	16	0	0	0	0	0	0	232	254	0	-2.29E-05	4.42E-06	-1.07E-05	-1.26E-05
117	17	0	0	0	0	0	0	232	254	0	-2.21E-05	4.98E-06	-8.63E-06	-1.25E-05
117	18	0	0	0	0	0	0	232	254	0	-2.21E-05	4.98E-06	-8.63E-06	-1.25E-05
117	19	0	0	0	0	0	0	232	254	0	-2.02E-05	5.87E-06	-9.23E-06	-1.28E-05
118	0	0	0	0	0	0	0	232	254	0	-1.94E-05	5.86E-06	-9.23E-06	-1.29E-05
118	1	0	0	0	0	0	0	232	254	0	-1.94E-05	5.86E-06	-9.23E-06	-1.29E-05
118	2	0	0	0	0	0	0	232	254	0	-2.02E-05	5.73E-06	-9.23E-06	-1.28E-05
118	3	0	0	0	0	0	0	232	254	0	-2.02E-05	5.73E-06	-9.23E-06	-1.28E-05
118	4	0	0	0	0	0	0	232	254	0	-1.96E-05	5.84E-06	-9.16E-06	-1.16E-05
118	5	0	0	0	0	0	0	232	254	0	-1.96E-05	5.84E-06	-9.16E-06	-1.16E-05
118	6	0	0	0	0	0	0	232	254	0	-1.90E-05	5.50E-06	-8.38E-06	-1.17E-05
118	7	0	0	0	0	0	0	232	254	0	-1.90E-05	5.50E-06	-8.38E-06	-1.17E-05
118	8	0	0	0	0	0	0	232	254	0	-1.90E-05	5.17E-06	-6.88E-06	-1.27E-05
118	9	0	0	0	0	0	0	232	254	0	-1.82E-05	4.90E-06	-6.97E-06	-1.27E-05
118	10	0	0	0	0	0	0	232	254	0	-1.82E-05	4.90E-06	-6.97E-06	-1.27E-05
118	11	0	0	0	0	0	0	232	254	0	-1.91E-05	5.17E-06	-7.65E-06	-1.35E-05
118	12	0	0	0	0	0	0	232	254	0	-1.91E-05	5.17E-06	-7.65E-06	-1.35E-05
118	13	0	0	0	0	0	0	232	254	0	-2.03E-05	4.90E-06	-7.01E-06	-1.22E-05
118	14	0	0	0	0	0	0	232	254	0	-2.03E-05	4.90E-06	-7.01E-06	-1.22E-05
118	15	0	0	0	0	0	0	232	254	0	-2.06E-05	5.20E-06	-6.62E-06	-1.17E-05
118	16	0	0	0	0	0	0	232	254	0	-2.06E-05	5.20E-06	-6.62E-06	-1.17E-05
118	17	0	0	0	0	0	0	232	254	0	-2.15E-05	5.06E-06	-5.95E-06	-1.29E-05
118	18	0	0	0	0	0	0	232	254	0	-1.99E-05	3.82E-06	-6.67E-06	-1.16E-05
118	19	0	0	0	0	0	0	232	254	0	-1.99E-05	3.82E-06	-6.67E-06	-1.16E-05
119	0	0	0	0	0	0	0	232	254	0	-1.91E-05	3.38E-06	-7.96E-06	-1.07E-05
119	1	0	0	0	0	0	0	232	254	0	-1.91E-05	3.38E-06	-7.96E-06	-1.07E-05
119	2	0	0	0	0	0	0	232	254	0	-1.87E-05	2.31E-06	-9.88E-06	-1.20E-05
119	3	0	0	0	0	0	0	232	254	0	-1.87E-05	2.31E-06	-9.88E-06	-1.20E-05
119	4	0	0	0	0	0	0	232	254	0	-1.93E-05	3.27E-06	-9.50E-06	-1.29E-05
119	5	0	0	0	0	0	0	232	254	0	-1.93E-05	3.27E-06	-9.50E-06	-1.29E-05
119	6	0	0	0	0	0	0	232	254	0	-1.98E-05	2.52E-06	-7.55E-06	-1.27E-05
119	7	0	0	0	0	0	0	232	254	0	-2.11E-05	2.66E-06	-7.77E-06	-1.06E-05
119	8	0	0	0	0	0	0	232	254	0	-2.11E-05	2.66E-06	-7.77E-06	-1.06E-05
119	9	0	0	0	0	0	0	232	254	0	-2.24E-05	3.93E-06	-9.64E-06	-1.06E-05
119	10	0	0	0	0	0	0	232	254	0	-2.24E-05	3.93E-06	-9.64E-06	-1.06E-05
119	11	0	0	0	0	0	0	232	254	0	-2.18E-05	4.59E-06	-1.01E-05	-1.09E-05
119	12	0	0	0	0	0	0	232	254	0	-2.18E-05	4.59E-06	-1.01E-05	-1.09E-05
119	13	0	0	0	0	0	0	232	254	0	-2.03E-05	4.98E-06	-8.45E-06	-1.07E-05
119	14	0	0	0	0	0	0	232	254	0	-2.03E-05	4.98E-06	-8.45E-06	-1.07E-05
119	15	0	0	0	0	0	0	232	254	0	-2.08E-05	4.66E-06	-7.66E-06	-1.06E-05
119	16	0	0	0	0	0	0	232	254	0	-2.15E-05	5.78E-06	-8.72E-06	-1.14E-05
119	17	0	0	0	0	0	0	232	254	0	-2.15E-05	5.78E-06	-8.72E-06	-1.14E-05
119	18	0	0	0	0	0	0	232	254	0	-1.99E-05	6.29E-06	-9.96E-06	-1.36E-05
119	19	0	0	0	0	0	0	232	254	0	-1.99E-05	6.29E-06	-9.96E-06	-1.36E-05
120	0	0	0	0	0	0	0	232	254	0	-1.92E-05	5.48E-06	-9.08E-06	-1.39E-05
120	1	0	0	0	0	0	0	232	254	0	-1.92E-05	5.48E-06	-9.08E-06	-1.39E-05
120	2	0	0	0	0	0	0	232	254	0	-1.99E-05	5.04E-06	-9.14E-06	-1.40E-05
120	3	0	0	0	0	0	0	232	254	0	-1.99E-05	5.04E-06	-9.14E-06	-1.40E-05
120	4	0	0	0	0	0	0	232	254	0	-1.89E-05	5.02E-06	-8.48E-06	-1.49E-05
120	5	0	0	0	0	0	0	232	254	0	-1.83E-05	4.69E-06	-9.23E-06	-1.49E-05
120	6	0	0	0	0	0	0	232	254	0	-1.83E-05	4.69E-06	-9.23E-06	-1.49E-05
120	7	0	0	0	0	0	0	232	254	0	-1.82E-05	3.19E-06	-9.20E-06	-1.43E-05
120	8	0	0	0	0	0	0	232	254	0	-1.82E-05	3.19E-06	-9.20E-06	-1.43E-05
120	9	0	0	0	0	0	0	232	254	0	-1.99E-05	3.28E-06	-8.71E-06	-1.36E-05
120	10	0	0	0	0	0	0	232	254	0	-1.99E-05	3.28E-06	-8.71E-06	-1.36E-05
120	11	0	0	0	0	0	0	232	254	0	-2.11E-05	4.06E-06	-7.24E-06	-1.39E-05
120	12	0	0	0	0	0	0	232	254	0	-2.11E-05	4.06E-06	-7.24E-06	-1.39E-05
120	13	0	0	0	0	0	0	232	254	0	-2.18E-05	4.45E-06	-7.55E-06	-1.46E-05
120	14	0	0	0	0	0	0	232	254	0	-2.27E-05	5.06E-06	-8.86E-06	-1.50E-05
120	15	0	0	0	0	0	0	232	254	0	-2.27E-05	5.06E-06	-8.86E-06	-1.50E-05
120	16	0	0	0	0	0	0	232	254	0	-2.26E-05	3.90E-06	-8.43E-06	-1.51E-05
120	17	0	0	0	0	0	0	232	254	0	-2.26E-05	3.90E-06	-8.43E-06	-1.51E-05
120	18	0	0	0	0	0	0	232	254	0	-2.17E-05	4.23E-06	-7.49E-06	-1.49E-05
120	19	0	0	0	0	0	0	232	254	0	-2.17E-05	4.23E-06	-7.49E-06	-1.49E-05
121	0	0	0	0	0	0	0	232	254	0	-2.16E-05	4.64E-06	-8.56E-06	-1.43E-05
121	1	0	0	0	0	0	0	232	254	0	-2.16E-05	4.64E-06	-8.56E-06	-1.43E-05
121	2	0	0	0	0	0	0	232	254	0	-2.16E-05	5.54E-06	-9.87E-06	-1.47E-05
121	3	0	0	0	0	0	0	232	254	0	-2.30E-05	5.56E-06	-9.59E-06	-1.30E-05
121	4	0	0	0	0	0	0	232	254	0	-2.30E-05	5.56E-06	-9.59E-06	-1.30E-05
121	5	0	0	0	0	0	0	232	254	0	-2.29E-05	5.65E-06	-9.88E-06	-1.26E-05
121	6	0	0	0	0	0	0	232	254	0	-2.29E-05	5.65E-06	-9.88E-06	-1.26E-05
121	7	0	0	0	0	0	0	232	254	0	-2.23E-05	5.28E-06	-1.11E-05	-1.29E-05
121	8	0	0	0	0	0	0	232	254	0	-2.23E-05	5.28E-06	-1.11E-05	-1.29E-05
121	9	0	0	0	0	0	0	232	254	0	-2.17E-05	5.95E-06	-1.14E-05	-1.21E-05
121	10	0	0	0	0	0	0	232	254	0	-2.17E-05	5.95E-06	-1.14E-05	-1.21E-05
121	11	0	0	0	0	0	0	232	254	0	-2.17E-05	6.44E-06	-9.42E-06	-1.07E-05
121	12	0	0	0	0	0	0	232	254	0	-2.24E-05	5.43E-06	-8.32E-06	-1.17E-05
121	13	0	0	0	0	0	0	232	254	0	-2.24E-05	5.43E-06	-8.32E-06	-1.17E-05
121	14	0	0	0	0	0	0	232	254	0	-2.26E-05	4.60E-06	-9.14E-06	-1.27E-05
121	15	0	0	0	0	0	0	232	254	0	-2.26E-05	4.60E-06	-9.14E-06	-1.27E-05
121	16	0	0	0	0	0	0	232	254	0	-2.17E-05	5.17E-06	-9.68E-06	-1.11E-05
121	17	0	0	0	0	0	0	232	254	0	-2.17E-05	5.17E-06	-9.68E-06	-1.11E-05
121	18	0	0	0	0	0	0	232	254	0	-2.16E-05	4.72E-06	-9.23E-06	-1.02E-05
121	19	0	0	0	0	0	0	232	254	0	-2.16E-05	4.72E-06	-9.23E-06	-1.02E-05
122	0	0	0	0	0	0	0	232	254	0	-2.11E-05	3.42E-06	-9.05E-06	-1.11E-05
122	1	0	0	0	0	0	0	232	254	0	-2.22E-05	2.55E-06	-7.37E-06	-1.23E-05
122	2	0	0	0	0	0	0	232	254	0	-2.22E-05	2.55E-06	-7.37E-06	-1.23E-05
122	3	0	0	0	0	0	0	232	254	0	-2.35E-05	2.96E-06	-5.82E-06	-1.24E-05
122	4	0	0	0	0	0	0	232	254	0	-2.35E-05	2.96E-06	-5.82E-06	-1.24E-05
122	5	0	0	0	0	0	0	232	254	0	-2.17E-05	3.86E-06	-5.46E-06	-1.23E-05
122	6	0	0	0	0	0	0	232	254	0	-2.17E-05	3.86E-06	-5.46E-06	-1.23E-05
122	7	0	0	0	0	0	0	232	254	0	-2.05E-05	3.64E-06	-6.43E-06	-1.28E-05
122	8	0	0	0	0	0	0	232	254	0	-2.05E-05	3.64E-06	-6.43E-06	-1.28E-05
122	9	0	0	0	0	0	0	232	254	0	-1.96E-05	1.92E-06	-8.32E-06	-1.41E-05
122	10	0	0	0	0	0	0	232	254	0	-1.97E-05	2.70E-06	-9.19E-06	-1.43E-05
122	11	0	0	0	0	0	0	232	254	0	-1.97E-05	2.70E-06	-9.19E-06	-1.43E-05
122	12	0	0	0	0	0	0	232	254	0	-2.02E-05	4.18E-06	-1.04E-05	-1.44E-05
122	13	0	0	0	0	0	0	232	254	0	-2.02E-05	4.18E-06	-1.04E-05	-1.44E-05
122	14	0	0	0	0	0	0	232	254	0	-2.12E-05	3.77E-06	-1.16E-05	-1.52E-05
122	15	0	0	0	0	0	0	232	254	0	-2.12E-05	3.77E-06	-1.16E-05	-1.52E-05
122	16	0	0	0	0	0	0	232	254	0	-2.28E-05	1.77E-06	-1.03E-05	-1.44E-05
122	17	0	0	0	0	0	0	232	254	0	-2.28E-05	1.77E-06	-1.03E-05	-1.44E-05
122	18	0	0	0	0	0	0	232	254	0	-2.41E-05	2.52E-06	-9.88E-06	-1.51E-05
122	19	0	0	0	0	0	0	232	254	0	-2.50E-05	2.48E-06	-1.12E-05	-1.48E-05
123	0	0	0	0	0	0	0	232	254	0	-2.50E-05	2.48E-06	-1.12E-05	-1.48E-05
123	1	0	0	0	0	0	0	232	254	0	-2.48E-05	2.22E-06	-1.24E-05	-1.38E-05
123	2	0	0	0	0	0	0	232	254	0	-2.48E-05	2.22E-06	-1.24E-05	-1.38E-05
123	3	0	0	0	0	0	0	232	254	0	-2.30E-05	2.66E-06	-1.12E-05	-1.26E-05
123	4	0	0	0	0	0	0	232	254	0	-2.30E-05	2.66E-06	-1.12E-05	-1.26E-05
123	5	0	0	0	0	0	0	232	254	0	-2.33E-05	4.04E-06	-1.02E-05	-1.11E-05
123	6	0	0	0	0	0	0	232	254	0	-2.33E-05	4.04E-06	-1.02E-05	-1.11E-05
123	7	0	0	0	0	0	0	232	254	0	-2.25E-05	5.50E-06	-7.11E-06	-1.09E-05
123	8	0	0	0	0	0	0	232	254	0	-2.10E-05	4.99E-06	-6.39E-06	-1.11E-05
123	9	0	0	0	0	0	0	232	254	0	-2.10E-05	4.99E-06	-6.39E-06	-1.11E-05
123	10	0	0	0	0	0	0	232	254	0	-1.87E-05	3.12E-06	-7.89E-06	-1.17E-05
123	11	0	0	0	0	0	0	232	254	0	-1.87E-05	3.12E-06	-7.89E-06	-1.17E-05
123	12	0	0	0	0	0	0	232	254	0	-1.78E-05	2.74E-06	-7.98E-06	-1.28E-05
123	13	0	0	0	0	0	0	232	254	0	-1.78E-05	2.74E-06	-7.98E-06	-1.28E-05
123	14	0	0	0	0	0	0	232	254	0	-1.99E-05	4.53E-06	-8.84E-06	-1.28E-05
123	15	0	0	0	0	0	0	232	254	0	-1.99E-05	4.53E-06	-8.84E-06	-1.28E-05
123	16	0	0	0	0	0	0	232	254	0	-2.19E-05	4.50E-06	-9.64E-06	-1.15E-05
123	17	0	0	0	0	0	0	232	254	0	-2.25E-05	4.27E-06	-8.90E-06	-1.08E-05
123	18	0	0	0	0	0	0	232	254	0	-2.25E-05	4.27E-06	-8.90E-06	-1.08E-05
123	19	0	0	0	0	0	0	232	254	0	-2.24E-05	4.90E-06	-9.08E-06	-1.23E-05
124	0	0	0	0	0	0	0	232	254	0	-2.24E-05	4.90E-06	-9.08E-06	-1.23E-05
124	1	0	0	0	0	0	0	232	254	0	-2.30E-05	5.13E-06	-1.06E-05	-1.30E-05
124	2	0	0	0	0	0	0	232	254	0	-2.30E-05	5.13E-06	-1.06E-05	-1.30E-05
124	3	0	0	0	0	0	0	232	254	0	-2.30E-05	4.50E-06	-1.06E-05	-1.36E-05
124	4	0	0	0	0	0	0	232	254	0	-2.30E-05	4.50E-06	-1.06E-05	-1.36E-05
124	5	0	0	0	0	0	0	232	254	0	-2.32E-05	4.38E-06	-1.04E-05	-1.33E-05
124	6	0	0	0	0	0	0	232	254	0	-2.34E-05	5.87E-06	-8.91E-06	-1.07E-05
124	7	0	0	0	0	0	0	232	254	0	-2.34E-05	5.87E-06	-8.91E-06	-1.07E-05
124	8	0	0	0	0	0	0	232	254	0	-2.44E-05	5.89E-06	-9.08E-06	-1.15E-05
124	9	0	0	0	0	0	0	232	254	0	-2.44E-05	5.89E-06	-9.08E-06	-1.15E-05
124	10	0	0	0	0	0	0	232	254	0	-2.52E-05	6.06E-06	-9.29E-06	-1.24E-05
124	11	0	0	0	0	0	0	232	254	0	-2.52E-05	6.06E-06	-9.29E-06	-1.24E-05
124	12	0	0	0	0	0	0	232	254	0	-2.64E-05	6.14E-06	-9.57E-06	-1.21E-05
124	13	0	0	0	0	0	0	232	254	0	-2.64E-05	6.14E-06	-9.57E-06	-1.21E-05
124	14	0	0	0	0	0	0	232	254	0	-2.67E-05	5.58E-06	-8.30E-06	-1.23E-05
124	15	0	0	0	0	0	0	232	254	0	-2.52E-05	5.89E-06	-8.81E-06	-1.31E-05
124	16	0	0	0	0	0	0	232	254	0	-2.52E-05	5.89E-06	-8.81E-06	-1.31E-05
124	17	0	0	0	0	0	0	232	254	0	-2.53E-05	5.95E-06	-8.06E-06	-1.35E-05
124	18	0	0	0	0	0	0	232	254	0	-2.53E-05	5.95E-06	-8.06E-06	-1.35E-05
124	19	0	0	0	0	0	0	232	254	0	-2.62E-05	5.35E-06	-8.15E-06	-1.23E-05
125	0	0	0	0	0	0	0	232	254	0	-2.62E-05	5.35E-06	-8.15E-06	-1.23E-05
125	1	0	0	0	0	0	0	232	254	0	-2.52E-05	6.53E-06	-8.97E-06	-1.23E-05
125	2	0	0	0	0	0	0	232	254	0	-2.52E-05	6.53E-06	-8.97E-06	-1.23E-05
125	3	0	0	0	0	0	0	232	254	0	-2.43E-05	6.34E-06	-9.60E-06	-1.25E-05
125	4	0	0	0	0	0	0	232	254	0	-2.34E-05	6.08E-06	-9.88E-06	-1.23E-05
125	5	0	0	0	0	0	0	232	254	0	-2.34E-05	6.08E-06	-9.88E-06	-1.23E-05
125	6	0	0	0	0	0	0	232	254	0	-2.16E-05	6.29E-06	-9.64E-06	-1.43E-05
125	7	0	0	0	0	0	0	232	254	0	-2.16E-05	6.29E-06	-9.64E-06	-1.43E-05
125	8	0	0	0	0	0	0	232	254	0	-2.12E-05	5.54E-06	-8.79E-06	-1.45E-05
125	9	0	0	0	0	0	0	232	254	0	-2.12E-05	5.54E-06	-8.79E-06	-1.45E-05
125	10	0	0	0	0	0	0	232	254	0	-2.03E-05	5.39E-06	-7.94E-06	-1.35E-05
125	11	0	0	0	0	0	0	232	254	0	-2.03E-05	5.39E-06	-7.94E-06	-1.35E-05
125	12	0	0	0	0	0	0	232	254	0	-2.03E-05	4.27E-06	-8.34E-06	-1.17E-05
125	13	0	0	0	0	0	0	232	254	0	-1.97E-05	4.90E-06	-7.93E-06	-1.15E-05
125	14	0	0	0	0	0	0	232	254	0	-1.97E-05	4.90E-06	-7.93E-06	-1.15E-05
125	15	0	0	0	0	0	0	232	254	0	-1.84E-05	5.15E-06	-8.33E-06	-1.12E-05
125	16	0	0	0	0	0	0	232	254	0	-1.84E-05	5.15E-06	-8.33E-06	-1.12E-05
125	17	0	0	0	0	0	0	232	254	0	-1.83E-05	4.72E-06	-9.32E-06	-1.14E-05
125	18	0	0	0	0	0	0	232	254	0	-1.83E-05	4.72E-06	-9.32E-06	-1.14E-05
125	19	0	0	0	0	0	0	232	254	0	-1.84E-05	4.65E-06	-9.94E-06	-1.30E-05
126	0	0	0	0	0	0	0	232	254	0	-1.84E-05	4.65E-06	-9.94E-06	-1.30E-05
126	1	0	0	0	0	0	0	232	254	0	-1.90E-05	2.89E-06	-8.90E-06	-1.27E-05
126	2	0	0	0	0	0	0	232	254	0	-1.87E-05	3.48E-06	-9.04E-06	-1.35E-05
126	3	0	0	0	0	0	0	232	254	0	-1.87E-05	3.48E-06	-9.04E-06	-1.35E-05
126	4	0	0	0	0	0	0	232	254	0	-1.69E-05	6.02E-06	-1.01E-05	-1.52E-05
126	5	0	0	0	0	0	0	232	254	0	-1.69E-05	6.02E-06	-1.01E-05	-1.52E-05
126	6	0	0	0	0	0	0	232	254	0	-1.64E-05	6.98E-06	-9.12E-06	-1.43E-05
126	7	0	0	0	0	0	0	232	254	0	-1.64E-05	6.98E-06	-9.12E-06	-1.43E-05
126	8	0	0	0	0	0	0	232	254	0	-1.79E-05	4.94E-06	-9.53E-06	-1.31E-05
126	9	0	0	0	0	0	0	232	254	0	-1.79E-05	4.94E-06	-9.53E-06	-1.31E-05
126	10	0	0	0	0	0	0	232	254	0	-1.84E-05	4.34E-06	-9.20E-06	-1.37E-05
126	11	0	0	0	0	0	0	232	254	0	-1.85E-05	5.63E-06	-8.82E-06	-1.43E-05
126	12	0	0	0	0	0	0	232	254	0	-1.85E-05	5.63E-06	-8.82E-06	-1.43E-05
126	13	0	0	0	0	0	0	232	254	0	-2.05E-05	6.34E-06	-8.22E-06	-1.43E-05
126	14	0	0	0	0	0	0	232	254	0	-2.05E-05	6.34E-06	-8.22E-06	-1.43E-05
126	15	0	0	0	0	0	0	232	254	0	-2.22E-05	5.84E-06	-8.30E-06	-1.18E-05
126	16	0	0	0	0	0	0	232	254	0	-2.22E-05	5.84E-06	-8.30E-06	-1.18E-05
126	17	0	0	0	0	0	0	232	254	0	-2.34E-05	4.12E-06	-8.97E-06	-1.07E-05
126	18	0	0	0	0	0	0	232	254	0	-2.34E-05	4.12E-06	-8.97E-06	-1.07E-05
126	19	0	0	0	0	0	0	232	254	0	-2.24E-05	3.69E-06	-9.59E-06	-1.14E-05
127	0	0	0	0	0	0	0	232	254	0	-2.07E-05	5.27E-06	-9.72E-06	-1.03E-05
127	1	0	0	0	0	0	0	232	254	0	-2.07E-05	5.27E-06	-9.72E-06	-1.03E-05
127	2	0	0	0	0	0	0	232	254	0	-2.07E-05	7.33E-06	-9.66E-06	-1.07E-05
127	3	0	0	0	0	0	0	232	254	0	-2.07E-05	7.33E-06	-9.66E-06	-1.07E-05
127	4	0	0	0	0	0	0	232	254	0	-2.02E-05	8.30E-06	-1.05E-05	-1.14E-05
127	5	0	0	0	0	0	0	232	254	0	-2.02E-05	8.30E-06	-1.05E-05	-1.14E-05
127	6	0	0	0	0	0	0	232	254	0	-2.17E-05	8.77E-06	-1.15E-05	-1.12E-05
127	7	0	0	0	0	0	0	232	254	0	-2.17E-05	8.77E-06	-1.15E-05	-1.12E-05
127	8	0	0	0	0	0	0	232	254	0	-2.18E-05	7.65E-06	-1.05E-05	-1.07E-05
127	9	0	0	0	0	0	0	232	254	0	-2.06E-05	7.00E-06	-9.79E-06	-1.20E-05
127	10	0	0	0	0	0	0	232	254	0	-2.06E-05	7.00E-06	-9.79E-06	-1.20E-05
127	11	0	0	0	0	0	0	232	254	0	-2.14E-05	6.22E-06	-1.03E-05	-1.29E-05
127	12	0	0	0	0	0	0	232	254	0	-2.14E-05	6.22E-06	-1.03E-05	-1.29E-05
127	13	0	0	0	0	0	0	232	254	0	-2.17E-05	3.52E-06	-1.04E-05	-1.25E-05
127	14	0	0	0	0	0	0	232	254	0	-2.17E-05	3.52E-06	-1.04E-05	-1.25E-05
127	15	0	0	0	0	0	0	232	254	0	-2.16E-05	3.54E-06	-1.02E-05	-1.29E-05
127	16	0	0	0	0	0	0	232	254	0	-2.16E-05	3.54E-06	-1.02E-05	-1.29E-05
127	17	0	0	0	0	0	0	232	254	0	-2.09E-05	3.78E-06	-9.49E-06	-1.26E-05
127	18	0	0	0	0	0	0	232	254	0	-1.94E-05	4.70E-06	-8.71E-06	-1.17E-05
127	19	0	0	0	0	0	0	232	254	0	-1.94E-05	4.70E-06	-8.71E-06	-1.17E-05
128	0	0	0	0	0	0	0	232	254	0	-2.00E-05	6.17E-06	-7.40E-06	-1.22E-05
128	1	0	0	0	0	0	0	232	254	0	-2.00E-05	6.17E-06	-7.40E-06	-1.22E-05
128	2	0	0	0	0	0	0	232	254	0	-2.15E-05	7.07E-06	-8.77E-06	-1.20E-05
128	3	0	0	0	0	0	0	232	254	0	-2.15E-05	7.07E-06	-8.77E-06	-1.20E-05
128	4	0	0	0	0	0	0	232	254	0	-2.05E-05	5.95E-06	-7.45E-06	-1.30E-05
128	5	0	0	0	0	0	0	232	254	0	-2.05E-05	5.95E-06	-7.45E-06	-1.30E-05
128	6	0	0	0	0	0	0	232	254	0	-1.91E-05	6.36E-06	-5.26E-06	-1.35E-05
128	7	0	0	0	0	0	0	232	254	0	-1.98E-05	4.54E-06	-5.87E-06	-1.29E-05
128	8	0	0	0	0	0	0	232	254	0	-1.98E-05	4.54E-06	-5.87E-06	-1.29E-05
128	9	0	0	0	0	0	0	232	254	0	-2.01E-05	1.85E-06	-7.29E-06	-1.30E-05
128	10	0	0	0	0	0	0	232	254	0	-2.01E-05	1.85E-06	-7.29E-06	-1.30E-05
128	11	0	0	0	0	0	0	232	254	0	-2.08E-05	2.06E-06	-8.27E-06	-1.35E-05
128	12	0	0	0	0	0	0	232	254	0	-2.08E-05	2.06E-06	-8.27E-06	-1.35E-05
128	13	0	0	0	0	0	0	232	254	0	-2.05E-05	3.99E-06	-1.15E-05	-1.28E-05
128	14	0	0	0	0	0	0	232	254	0	-2.05E-05	3.99E-06	-1.15E-05	-1.28E-05
128	15	0	0	0	0	0	0	232	254	0	-1.95E-05	4.83E-06	-1.19E-05	-1.18E-05
128	16	0	0	0	0	0	0	232	254	0	-2.14E-05	3.03E-06	-1.16E-05	-1.09E-05
128	17	0	0	0	0	0	0	232	254	0	-2.14E-05	3.03E-06	-1.16E-05	-1.09E-05
128	18	0	0	0	0	0	0	232	254	0	-2.16E-05	1.77E-06	-1.21E-05	-1.13E-05
128	19	0	0	0	0	0	0	232	254	0	-2.16E-05	1.77E-06	-1.21E-05	-1.13E-05
129	0	0	0	0	0	0	0	232	254	0	-2.11E-05	2.52E-06	-1.32E-05	-1.16E-05
129	1	0	0	0	0	0	0	232	254	0	-2.11E-05	2.52E-06	-1.32E-05	-1.16E-05
129	2	0	0	0	0	0	0	232	254	0	-2.06E-05	2.66E-06	-1.21E-05	-1.16E-05
129	3	0	0	0	0	0	0	232	254	0	-2.06E-05	2.66E-06	-1.21E-05	-1.16E-05
129	4	0	0	0	0	0	0	232	254	0	-1.97E-05	3.92E-06	-1.10E-05	-1.15E-05
129	5	0	0	0	0	0	0	232	254	0	-1.90E-05	4.27E-06	-1.16E-05	-1.12E-05
129	6	0	0	0	0	0	0	232	254	0	-1.90E-05	4.27E-06	-1.16E-05	-1.12E-05
129	7	0	0	0	0	0	0	232	254	0	-1.91E-05	3.49E-06	-8.83E-06	-1.24E-05
129	8	0	0	0	0	0	0	232	254	0	-1.91E-05	3.49E-06	-8.83E-06	-1.24E-05
129	9	0	0	0	0	0	0	232	254	0	-2.02E-05	3.26E-06	-6.94E-06	-1.23E-05
129	10	0	0	0	0	0	0	232	254	0	-2.02E-05	3.26E-06	-6.94E-06	-1.23E-05
129	11	0	0	0	0	0	0	232	254	0	-1.96E-05	4.12E-06	-7.70E-06	-1.29E-05
129	12	0	0	0	0	0	0	232	254	0	-1.96E-05	4.12E-06	-7.70E-06	-1.29E-05
129	13	0	0	0	0	0	0	232	254	0	-1.92E-05	6.14E-06	-1.05E-05	-1.29E-05
129	14	0	0	0	0	0	0	232	254	0	-1.95E-05	5.43E-06	-1.26E-05	-1.23E-05
129	15	0	0	0	0	0	0	232	254	0	-1.95E-05	5.43E-06	-1.26E-05	-1.23E-05
129	16	0	0	0	0	0	0	232	254	0	-1.96E-05	4.57E-06	-1.36E-05	-1.26E-05
129	17	0	0	0	0	0	0	232	254	0	-1.96E-05	4.57E-06	-1.36E-05	-1.26E-05
129	18	0	0	0	0	0	0	232	254	0	-1.91E-05	4.79E-06	-1.20E-05	-1.29E-05
129	19	0	0	0	0	0	0	232	254	0	-1.91E-05	4.79E-06	-1.20E-05	-1.29E-05
130	0	0	0	0	0	0	0	232	254	0	-1.92E-05	4.12E-06	-9.44E-06	-1.38E-05
130	1	0	0	0	0	0	0	232	254	0	-1.92E-05	4.12E-06	-9.44E-06	-1.38E-05
130	2	0	0	0	0	0	0	232	254	0	-2.13E-05	3.49E-06	-7.88E-06	-1.28E-05
130	3	0	0	0	0	0	0	232	254	0	-2.21E-05	3.24E-06	-2.87E-06	-1.18E-05
130	4	0	0	0	0	0	0	232	254	0	-2.21E-05	3.24E-06	-2.87E-06	-1.18E-05
130	5	0	0	0	0	0	0	232	254	0	-2.21E-05	3.75E-06	4.37E-06	-1.10E-05
130	6	0	0	0	0	0	0	232	254	0	-2.21E-05	3.75E-06	4.37E-06	-1.10E-05
130	7	0	0	0	0	0	0	232	254	0	-2.32E-05	4.25E-06	8.27E-06	-1.17E-05
130	8	0	0	0	0	0	0	232	254	0	-2.32E-05	4.25E-06	8.27E-06	-1.17E-05
130	9	0	0	0	0	0	0	232	254	0	-2.25E-05	4.75E-06	5.15E-06	-1.25E-05
130	10	0	0	0	0	0	0	232	254	0	-2.25E-05	4.75E-06	5.15E-06	-1.25E-05
130	11	0	0	0	0	0	0	232	254	0	-2.29E-05	5.11E-06	-1.71E-06	-1.36E-05
130	12	0	0	0	0	0	0	232	254	0	-2.17E-05	4.29E-06	-9.06E-06	-1.38E-05
130	13	0	0	0	0	0	0	232	254	0	-2.17E-05	4.29E-06	-9.06E-06	-1.38E-05
130	14	0	0	0	0	0	0	232	254	0	-2.11E-05	3.71E-06	-1.06E-05	-1.44E-05
130	15	0	0	0	0	0	0	232	254	0	-2.11E-05	3.71E-06	-1.06E-05	-1.44E-05
130	16	0	0	0	0	0	0	232	254	0	-2.07E-05	3.95E-06	-1.22E-05	-1.38E-05
130	17	0	0	0	0	0	0	232	254	0	-2.07E-05	3.95E-06	-1.22E-05	-1.38E-05
130	18	0	0	0	0	0	0	232	254	0	-2.12E-05	4.68E-06	-1.42E-05	-1.30E-05
130	19	0	0	0	0	0	0	232	254	0	-2.12E-05	4.68E-06	-1.42E-05	-1.30E-05
131	0	0	0	0	0	0	0	232	254	0	-2.19E-05	4.57E-06	-1.36E-05	-1.36E-05
131	1	0	0	0	0	0	0	232	254	0	-2.12E-05	4.83E-06	-1.07E-05	-1.40E-05
131	2	0	0	0	0	0	0	232	254	0	-2.12E-05	4.83E-06	-1.07E-05	-1.40E-05
131	3	0	0	0	0	0	0	232	254	0	-1.98E-05	4.60E-06	-1.24E-05	-1.43E-05
131	4	0	0	0	0	0	0	232	254	0	-1.98E-05	4.60E-06	-1.24E-05	-1.43E-05
131	5	0	0	0	0	0	0	232	254	0	-1.86E-05	5.31E-06	-1.62E-05	-1.46E-05
131	6	0	0	0	0	0	0	232	254	0	-1.86E-05	5.31E-06	-1.62E-05	-1.46E-05
131	7	0	0	0	0	0	0	232	254	0	-1.89E-05	6.25E-06	-1.48E-05	-1.44E-05
131	8	0	0	0	0	0	0	232	254	0	-1.89E-05	6.25E-06	-1.48E-05	-1.44E-05
131	9	0	0	0	0	0	0	232	254	0	-2.16E-05	6.49E-06	-1.25E-05	-1.53E-05
131	10	0	0	0	0	0	0	232	254	0	-2.40E-05	5.88E-06	-1.30E-05	-1.53E-05
131	11	0	0	0	0	0	0	232	254	0	-2.40E-05	5.88E-06	-1.30E-05	-1.53E-05
131	12	0	0	0	0	0	0	232	254	0	-2.37E-05	4.40E-06	-1.36E-05	-1.58E-05
131	13	0	0	0	0	0	0	232	254	0	-2.37E-05	4.40E-06	-1.36E-05	-1.58E-05
131	14	0	0	0	0	0	0	232	254	0	-2.29E-05	3.52E-06	-1.20E-05	-1.48E-05
131	15	0	0	0	0	0	0	232	254	0	-2.29E-05	3.52E-06	-1.20E-05	-1.48E-05
131	16	0	0	0	0	0	0	232	254	0	-2.18E-05	5.12E-06	-1.23E-05	-1.42E-05
131	17	0	0	0	0	0	0	232	254	0	-2.18E-05	5.12E-06	-1.23E-05	-1.42E-05
131	18	0	0	0	0	0	0	232	254	0	-2.20E-05	7.22E-06	-1.30E-05	-1.65E-05
131	19	0	0	0	0	0	0	232	254	0	-2.20E-05	7.11E-06	-1.34E-05	-1.70E-05
132	0	0	0	0	0	0	0	232	254	0	-2.20E-05	7.11E-06	-1.34E-05	-1.70E-05
132	1	0	0	0	0	0	0	232	254	0	-2.21E-05	6.05E-06	-1.50E-05	-1.47E-05
132	2	0	0	0	0	0	0	232	254	0	-2.21E-05	6.05E-06	-1.50E-05	-1.47E-05
132	3	0	0	0	0	0	0	232	254	0	-2.05E-05	4.61E-06	-1.47E-05	-1.23E-05
132	4	0	0	0	0	0	0	232	254	0	-2.05E-05	4.61E-06	-1.47E-05	-1.23E-05
132	5	0	0	0	0	0	0	232	254	0	-1.95E-05	3.97E-06	-1.02E-05	-1.11E-05
132	6	0	0	0	0	0	0	232	254	0	-1.95E-05	3.97E-06	-1.02E-05	-1.11E-05
132	7	0	0	0	0	0	0	232	254	0	-1.78E-05	4.67E-06	-8.64E-06	-1.15E-05
132	8	0	0	0	0	0	0	232	254	0	-1.68E-05	3.15E-06	-6.16E-06	-1.13E-05
132	9	0	0	0	0	0	0	232	254	0	-1.68E-05	3.15E-06	-6.16E-06	-1.13E-05
132	10	0	0	0	0	0	0	232	254	0	-1.82E-05	4.27E-06	-2.20E-06	-1.17E-05
132	11	0	0	0	0	0	0	232	254	0	-1.82E-05	4.27E-06	-2.20E-06	-1.17E-05
132	12	0	0	0	0	0	0	232	254	0	-1.79E-05	4.65E-06	4.06E-06	-1.23E-05
132	13	0	0	0	0	0	0	232	254	0	-1.79E-05	4.65E-06	4.06E-06	-1.23E-05
132	14	0	0	0	0	0	0	232	254	0	-2.05E-05	2.65E-06	-1.06E-06	-1.23E-05
132	15	0	0	0	0	0	0	232	254	0	-2.05E-05	2.65E-06	-1.06E-06	-1.23E-05
132	16	0	0	0	0	0	0	232	254	0	-2.31E-05	1.21E-06	-1.11E-05	-1.21E-05
132	17	0	0	0	0	0	0	232	254	0	-2.35E-05	3.26E-06	-1.13E-05	-1.05E-05
132	18	0	0	0	0	0	0	232	254	0	-2.35E-05	3.26E-06	-1.13E-05	-1.05E-05
132	19	0	0	0	0	0	0	232	254	0	-2.36E-05	6.75E-06	-1.10E-05	-1.02E-05
133	0	0	0	0	0	0	0	232	254	0	-2.36E-05	6.75E-06	-1.10E-05	-1.02E-05
133	1	0	0	0	0	0	0	232	254	0	-2.34E-05	8.43E-06	-1.50E-05	-1.12E-05
133	2	0	0	0	0	0	0	232	254	0	-2.34E-05	8.43E-06	-1.50E-05	-1.12E-05
133	3	0	0	0	0	0	0	232	254	0	-2.24E-05	8.56E-06	-8.26E-06	-1.08E-05
133	4	0	0	0	0	0	0	232	254	0	-2.24E-05	8.56E-06	-8.26E-06	-1.08E-05
133	5	0	0	0	0	0	0	232	254	0	-2.26E-05	7.14E-06	5.55E-06	-1.03E-05
133	6	0	0	0	0	0	0	232	254	0	-2.18E-05	6.22E-06	7.10E-06	-1.10E-05
133	7	0	0	0	0	0	0	232	254	0	-2.18E-05	6.22E-06	7.10E-06	-1.10E-05
133	8	0	0	0	0	0	0	232	254	0	-2.28E-05	3.38E-06	-4.40E-06	-1.06E-05
133	9	0	0	0	0	0	0	232	254	0	-2.28E-05	3.38E-06	-4.40E-06	-1.06E-05
133	10	0	0	0	0	0	0	232	254	0	-2.38E-05	2.29E-06	-1.20E-05	-1.10E-05
133	11	0	0	0	0	0	0	232	254	0	-2.38E-05	2.29E-06	-1.20E-05	-1.10E-05
133	12	0	0	0	0	0	0	232	254	0	-2.23E-05	3.23E-06	-1.62E-05	-1.20E-05
133	13	0	0	0	0	0	0	232	254	0	-2.23E-05	3.23E-06	-1.62E-05	-1.20E-05
133	14	0	0	0	0	0	0	232	254	0	-2.24E-05	3.56E-06	-2.17E-05	-1.31E-05
133	15	0	0	0	0	0	0	232	254	0	-2.27E-05	4.06E-06	-2.79E-05	-1.36E-05
133	16	0	0	0	0	0	0	232	254	0	-2.27E-05	4.06E-06	-2.79E-05	-1.36E-05
133	17	0	0	0	0	0	0	232	254	0	-2.32E-05	5.69E-06	-3.11E-05	-1.36E-05
133	18	0	0	0	0	0	0	232	254	0	-2.32E-05	5.69E-06	-3.11E-05	-1.36E-05
133	19	0	0	0	0	0	0	232	254	0	-2.47E-05	5.56E-06	-2.33E-05	-1.35E-05
134	0	0	0	0	0	0	0	232	254	0	-2.47E-05	5.56E-06	-2.33E-05	-1.35E-05
134	1	0	0	0	0	0	0	232	254	0	-2.61E-05	5.62E-06	-1.44E-05	-1.29E-05
134	2	0	0	0	0	0	0	232	254	0	-2.61E-05	5.62E-06	-1.44E-05	-1.29E-05
134	3	0	0	0	0	0	0	232	254	0	-2.55E-05	4.79E-06	-1.19E-05	-1.25E-05
134	4	0	0	0	0	0	0	232	254	0	-2.34E-05	4.32E-06	-5.29E-06	-1.29E-05
134	5	0	0	0	0	0	0	232	254	0	-2.34E-05	4.32E-06	-5.29E-06	-1.29E-05
134	6	0	0	0	0	0	0	232	254	0	-2.17E-05	5.28E-06	1.24E-06	-1.29E-05
134	7	0	0	0	0	0	0	232	254	0	-2.17E-05	5.28E-06	1.24E-06	-1.29E-05
134	8	0	0	0	0	0	0	232	254	0	-2.23E-05	4.60E-06	4.59E-06	-1.14E-05
134	9	0	0	0	0	0	0	232	254	0	-2.23E-05	4.60E-06	4.59E-06	-1.14E-05
134	10	0	0	0	0	0	0	232	254	0	-2.09E-05	5.13E-06	4.76E-06	-9.53E-06
134	11	0	0	0	0	0	0	232	254	0	-2.09E-05	5.13E-06	4.76E-06	-9.53E-06
134	12	0	0	0	0	0	0	232	254	0	-1.99E-05	4.24E-06	2.34E-06	-9.34E-06
134	13	0	0	0	0	0	0	232	254	0	-2.10E-05	1.88E-06	8.39E-07	-1.02E-05
134	14	0	0	0	0	0	0	232	254	0	-2.10E-05	1.88E-06	8.39E-07	-1.02E-05
134	15	0	0	0	0	0	0	232	254	0	-2.11E-05	2.29E-06	-7.68E-07	-1.03E-05
134	16	0	0	0	0	0	0	232	254	0	-2.11E-05	2.29E-06	-7.68E-07	-1.03E-05
134	17	0	0	0	0	0	0	232	254	0	-1.91E-05	3.26E-06	-1.60E-05	-1.11E-05
134	18	0	0	0	0	0	0	232	254	0	-1.91E-05	3.26E-06	-1.60E-05	-1.11E-05
134	19	0	0	0	0	0	0	232	254	0	-1.89E-05	3.90E-06	-3.24E-05	-1.16E-05
135	0	0	0	0	0	0	0	232	254	0	-1.89E-05	3.90E-06	-3.24E-05	-1.16E-05
135	1	0	0	0	0	0	0	232	254	0	-2.04E-05	4.31E-06	-3.11E-05	-1.17E-05
135	2	0	0	0	0	0	0	232	254	0	-1.89E-05	5.24E-06	-2.85E-05	-1.23E-05
135	3	0	0	0	0	0	0	232	254	0	-1.89E-05	5.24E-06	-2.85E-05	-1.23E-05
135	4	0	0	0	0	0	0	232	254	0	-1.93E-05	5.56E-06	-2.31E-05	-1.28E-05
135	5	0	0	0	0	0	0	232	254	0	-1.93E-05	5.56E-06	-2.31E-05	-1.28E-05
135	6	0	0	0	0	0	0	232	254	0	-1.91E-05	5.76E-06	-1.31E-05	-1.29E-05
135	7	0	0	0	0	0	0	232	254	0	-1.91E-05	5.76E-06	-1.31E-05	-1.29E-05
135	8	0	0	0	0	0	0	232	254	0	-1.86E-05	6.19E-06	8.90E-07	-1.30E-05
135	9	0	0	0	0	0	0	232	254	0	-1.86E-05	6.19E-06	8.90E-07	-1.30E-05
135	10	0	0	0	0	0	0	232	254	0	-1.80E-05	6.06E-06	1.03E-05	-1.39E-05
135	11	0	0	0	0	0	0	232	254	0	-1.80E-05	6.32E-06	3.26E-06	-1.32E-05
135	12	0	0	0	0	0	0	232	254	0	-1.80E-05	6.32E-06	3.26E-06	-1.32E-05
135	13	0	0	0	0	0	0	232	254	0	-1.83E-05	7.14E-06	-9.78E-06	-1.29E-05
135	14	0	0	0	0	0	0	232	254	0	-1.83E-05	7.14E-06	-9.78E-06	-1.29E-05
135	15	0	0	0	0	0	0	232	254	0	-1.82E-05	6.66E-06	-7.43E-06	-1.27E-05
135	16	0	0	0	0	0	0	232	254	0	-1.82E-05	6.66E-06	-7.43E-06	-1.27E-05
135	17	0	0	0	0	0	0	232	254	0	-1.76E-05	7.24E-06	3.52E-06	-1.08E-05
135	18	0	0	0	0	0	0	232	254	0	-1.76E-05	7.24E-06	3.52E-06	-1.08E-05
135	19	0	0	0	0	0	0	232	254	0	-1.77E-05	4.70E-06	6.03E-06	-1.05E-05
136	0	0	0	0	0	0	0	232	254	0	-1.80E-05	4.86E-06	4.44E-06	-1.26E-05
136	1	0	0	0	0	0	0	232	254	0	-1.80E-05	4.86E-06	4.44E-06	-1.26E-05
136	2	0	0	0	0	0	0	232	254	0	-1.82E-05	6.10E-06	3.27E-06	-1.54E-05
136	3	0	0	0	0	0	0	232	254	0	-1.82E-05	6.10E-06	3.27E-06	-1.54E-05
136	4	0	0	0	0	0	0	232	254	0	-2.04E-05	4.91E-06	6.98E-08	-1.62E-05
136	5	0	0	0	0	0	0	232	254	0	-2.04E-05	4.91E-06	6.98E-08	-1.62E-05
136	6	0	0	0	0	0	0	232	254	0	-2.13E-05	2.35E-06	2.03E-06	-1.59E-05
136	7	0	0	0	0	0	0	232	254	0	-2.13E-05	2.35E-06	2.03E-06	-1.59E-05
136	8	0	0	0	0	0	0	232	254	0	-2.12E-05	1.21E-06	1.41E-06	-1.70E-05
136	9	0	0	0	0	0	0	232	254	0	-1.97E-05	2.91E-06	-5.43E-06	-1.66E-05
136	10	0	0	0	0	0	0	232	254	0	-1.97E-05	2.91E-06	-5.43E-06	-1.66E-05
136	11	0	0	0	0	0	0	232	254	0	-1.78E-05	3.38E-06	-1.02E-05	-1.37E-05
136	12	0	0	0	0	0	0	232	254	0	-1.78E-05	3.38E-06	-1.02E-05	-1.37E-05
136	13	0	0	0	0	0	0	232	254	0	-2.00E-05	3.49E-06	-1.18E-05	-1.23E-05
136	14	0	0	0	0	0	0	232	254	0	-2.00E-05	3.49E-06	-1.18E-05	-1.23E-05
136	15	0	0	0	0	0	0	232	254	0	-2.32E-05	3.30E-06	-1.32E-05	-1.24E-05
136	16	0	0	0	0	0	0	232	254	0	-2.32E-05	3.30E-06	-1.32E-05	-1.24E-05
136	17	0	0	0	0	0	0	232	254	0	-2.49E-05	4.12E-06	-1.02E-05	-1.23E-05
136	18	0	0	0	0	0	0	232	254	0	-2.66E-05	3.67E-06	-1.00E-05	-1.23E-05
136	19	0	0	0	0	0	0	232	254	0	-2.66E-05	3.67E-06	-1.00E-05	-1.23E-05
137	0	0	0	0	0	0	0	232	254	0	-2.61E-05	5.20E-06	-1.42E-05	-1.23E-05
137	1	0	0	0	0	0	0	232	254	0	-2.61E-05	5.20E-06	-1.42E-05	-1.23E-05
137	2	0	0	0	0	0	0	232	254	0	-2.64E-05	8.00E-06	-1.89E-05	-1.23E-05
137	3	0	0	0	0	0	0	232	254	0	-2.64E-05	8.00E-06	-1.89E-05	-1.23E-05
137	4	0	0	0	0	0	0	232	254	0	-2.48E-05	8.82E-06	-1.83E-05	-1.29E-05
137	5	0	0	0	0	0	0	232	254	0	-2.48E-05	8.82E-06	-1.83E-05	-1.29E-05
137	6	0	0	0	0	0	0	232	254	0	-2.13E-05	8.37E-06	-1.83E-05	-1.29E-05
137	7	0	0	0	0	0	0	232	254	0	-1.87E-05	9.95E-06	-2.12E-05	-1.27E-05
137	8	0	0	0	0	0	0	232	254	0	-1.87E-05	9.95E-06	-2.12E-05	-1.27E-05
137	9	0	0	0	0	0	0	232	254	0	-1.91E-05	1.31E-05	-2.14E-05	-1.37E-05
137	10	0	0	0	0	0	0	232	254	0	-1.91E-05	1.31E-05	-2.14E-05	-1.37E-05
137	11	0	0	0	0	0	0	232	254	0	-1.87E-05	1.26E-05	-1.70E-05	-1.34E-05
137	12	0	0	0	0	0	0	232	254	0	-1.87E-05	1.26E-05	-1.70E-05	-1.34E-05
137	13	0	0	0	0	0	0	232	254	0	-2.02E-05	1.02E-05	-1.22E-05	-1.20E-05
137	14	0	0	0	0	0	0	232	254	0	-2.02E-05	1.02E-05	-1.22E-05	-1.20E-05
137	15	0	0	0	0	0	0	232	254	0	-2.44E-05	9.90E-06	-1.47E-05	-1.00E-05
137	16	0	0	0	0	0	0	232	254	0	-2.43E-05	1.09E-05	-1.40E-05	-8.15E-06
137	17	0	0	0	0	0	0	232	254	0	-2.43E-05	1.09E-05	-1.40E-05	-8.15E-06
137	18	0	0	0	0	0	0	232	254	0	-2.24E-05	8.11E-06	2.21E-07	-7.74E-06
137	19	0	0	0	0	0	0	232	254	0	-2.24E-05	8.11E-06	2.21E-07	-7.74E-06
138	0	0	0	0	0	0	0	232	254	0	-2.21E-05	7.14E-06	7.01E-06	-9.62E-06
138	1	0	0	0	0	0	0	232	254	0	-2.21E-05	7.14E-06	7.01E-06	-9.62E-06
138	2	0	0	0	0	0	0	232	254	0	-2.40E-05	6.33E-06	-8.59E-06	-1.29E-05
138	3	0	0	0	0	0	0	232	254	0	-2.40E-05	6.33E-06	-8.59E-06	-1.29E-05
138	4	0	0	0	0	0	0	232	254	0	-2.31E-05	4.13E-06	-8.63E-06	-1.36E-05
138	5	0	0	0	0	0	0	232	254	0	-1.81E-05	3.45E-07	4.75E-06	-1.07E-05
138	6	0	0	0	0	0	0	232	254	0	-1.81E-05	3.45E-07	4.75E-06	-1.07E-05
138	7	0	0	0	0	0	0	232	254	0	-1.52E-05	-4.26E-06	5.01E-06	-9.14E-06
138	8	0	0	0	0	0	0	232	254	0	-1.52E-05	-4.26E-06	5.01E-06	-9.14E-06
138	9	0	0	0	0	0	0	232	254	0	-1.51E-05	-9.12E-06	-7.19E-06	-9.55E-06
138	10	0	0	0	0	0	0	232	254	0	-1.51E-05	-9.12E-06	-7.19E-06	-9.55E-06
138	11	0	0	0	0	0	0	232	254	0	-1.64E-05	-1.10E-05	-2.53E-06	-8.08E-06
138	12	0	0	0	0	0	0	232	254	0	-1.64E-05	-1.10E-05	-2.53E-06	-8.08E-06
138	13	0	0	0	0	0	0	232	254	0	-1.74E-05	-1.15E-05	9.93E-06	-8.32E-06
138	14	0	0	0	0	0	0	232	254	0	-2.14E-05	-8.76E-06	-1.58E-06	-9.27E-06
138	15	0	0	0	0	0	0	232	254	0	-2.14E-05	-8.76E-06	-1.58E-06	-9.27E-06
138	16	0	0	0	0	0	0	232	254	0	-2.14E-05	-4.50E-06	-1.92E-05	-1.09E-05
138	17	0	0	0	0	0	0	232	254	0	-2.14E-05	-4.50E-06	-1.92E-05	-1.09E-05
138	18	0	0	0	0	0	0	232	254	0	-1.91E-05	-9.98E-07	-2.35E-05	-1.09E-05
138	19	0	0	0	0	0	0	232	254	0	-1.91E-05	-9.98E-07	-2.35E-05	-1.09E-05
139	0	0	0	0	0	0	0	232	254	0	-1.81E-05	3.41E-06	-2.39E-05	-1.09E-05
139	1	0	0	0	0	0	0	232	254	0	-1.81E-05	3.41E-06	-2.39E-05	-1.09E-05
139	2	0	0	0	0	0	0	232	254	0	-2.29E-05	5.29E-06	-2.38E-05	-1.33E-05
139	3	0	0	0	0	0	0	232	254	0	-2.78E-05	6.32E-06	-1.88E-05	-1.41E-05
139	4	0	0	0	0	0	0	232	254	0	-2.78E-05	6.32E-06	-1.88E-05	-1.41E-05
139	5	0	0	0	0	0	0	232	254	0	-2.88E-05	8.78E-06	-1.68E-05	-1.54E-05
139	6	0	0	0	0	0	0	232	254	0	-2.88E-05	8.78E-06	-1.68E-05	-1.54E-05
139	7	0	0	0	0	0	0	232	254	0	-2.61E-05	1.05E-05	-1.25E-05	-1.64E-05
139	8	0	0	0	0	0	0	232	254	0	-2.61E-05	1.05E-05	-1.25E-05	-1.64E-05
139	9	0	0	0	0	0	0	232	254	0	-2.15E-05	9.94E-06	-8.64E-06	-1.61E-05
139	10	0	0	0	0	0	0	232	254	0	-2.15E-05	9.94E-06	-8.64E-06	-1.61E-05
139	11	0	0	0	0	0	0	232	254	0	-2.07E-05	9.98E-06	-7.82E-06	-1.49E-05
139	12	0	0	0	0	0	0	232	254	0	-2.40E-05	7.85E-06	-7.25E-06	-1.50E-05
139	13	0	0	0	0	0	0	232	254	0	-2.40E-05	7.85E-06	-7.25E-06	-1.50E-05
139	14	0	0	0	0	0	0	232	254	0	-2.36E-05	7.77E-06	-7.75E-06	-1.52E-05
139	15	0	0	0	0	0	0	232	254	0	-2.36E-05	7.77E-06	-7.75E-06	-1.52E-05
139	16	0	0	0	0	0	0	232	254	0	-2.26E-05	9.57E-06	-9.22E-06	-1.48E-05
139	17	0	0	0	0	0	0	232	254	0	-2.26E-05	9.57E-06	-9.22E-06	-1.48E-05
139	18	0	0	0	0	0	0	232	254	0	-2.23E-05	9.15E-06	-8.09E-06	-1.39E-05
139	19	0	0	0	0	0	0	232	254	0	-2.23E-05	9.15E-06	-8.09E-06	-1.39E-05
140	0	0	0	0	0	0	0	232	254	0	-2.20E-05	5.43E-06	-1.11E-05	-1.32E-05
140	1	0	0	0	0	0	0	232	254	0	-2.21E-05	3.24E-06	-1.11E-05	-1.29E-05
140	2	0	0	0	0	0	0	232	254	0	-2.21E-05	3.24E-06	-1.11E-05	-1.29E-05
140	3	0	0	0	0	0	0	232	254	0	-2.31E-05	3.55E-06	-9.46E-06	-1.29E-05
140	4	0	0	0	0	0	0	232	254	0	-2.31E-05	3.55E-06	-9.46E-06	-1.29E-05
140	5	0	0	0	0	0	0	232	254	0	-2.42E-05	2.19E-06	-8.03E-06	-1.29E-05
140	6	0	0	0	0	0	0	232	254	0	-2.42E-05	2.19E-06	-8.03E-06	-1.29E-05
140	7	0	0	0	0	0	0	232	254	0	-2.28E-05	5.09E-07	-3.93E-06	-1.23E-05
140	8	0	0	0	0	0	0	232	254	0	-2.28E-05	5.09E-07	-3.93E-06	-1.23E-05
140	9	0	0	0	0	0	0	232	254	0	-2.12E-05	-2.29E-06	-7.16E-06	-1.22E-05
140	10	0	0	0	0	0	0	232	254	0	-2.06E-05	-2.77E-06	-1.80E-05	-1.17E-05
140	11	0	0	0	0	0	0	232	254	0	-2.06E-05	-2.77E-06	-1.80E-05	-1.17E-05
140	12	0	0	0	0	0	0	232	254	0	-2.07E-05	9.10E-07	-2.05E-05	-1.30E-05
140	13	0	0	0	0	0	0	232	254	0	-2.07E-05	9.10E-07	-2.05E-05	-1.30E-05
140	14	0	0	0	0	0	0	232	254	0	-2.10E-05	3.11E-06	-1.66E-05	-1.31E-05
140	15	0	0	0	0	0	0	232	254	0	-2.10E-05	3.11E-06	-1.66E-05	-1.31E-05
140	16	0	0	0	0	0	0	232	254	0	-2.06E-05	5.50E-06	-1.26E-05	-1.17E-05
140	17	0	0	0	0	0	0	232	254	0	-2.06E-05	5.50E-06	-1.26E-05	-1.17E-05
140	18	0	0	0	0	0	0	232	254	0	-1.68E-05	7.89E-06	-3.80E-06	-1.09E-05
140	19	0	0	0	0	0	0	232	254	0	-1.41E-05	7.78E-06	3.41E-06	-1.07E-05
141	0	0	0	0	0	0	0	232	254	0	-1.41E-05	7.78E-06	3.41E-06	-1.07E-05
141	1	0	0	0	0	0	0	232	254	0	-1.57E-05	7.12E-06	2.11E-06	-1.30E-05
141	2	0	0	0	0	0	0	232	254	0	-1.57E-05	7.12E-06	2.11E-06	-1.30E-05
141	3	0	0	0	0	0	0	232	254	0	-1.82E-05	9.27E-06	-1.61E-06	-1.32E-05
141	4	0	0	0	0	0	0	232	254	0	-1.82E-05	9.27E-06	-1.61E-06	-1.32E-05
141	5	0	0	0	0	0	0	232	254	0	-2.31E-05	1.06E-05	-5.75E-06	-1.32E-05
141	6	0	0	0	0	0	0	232	254	0	-2.31E-05	1.06E-05	-5.75E-06	-1.32E-05
141	7	0	0	0	0	0	0	232	254	0	-2.75E-05	8.01E-06	-1.04E-05	-1.38E-05
141	8	0	0	0	0	0	0	232	254	0	-3.14E-05	4.74E-06	-1.22E-05	-1.45E-05
141	9	0	0	0	0	0	0	232	254	0	-3.14E-05	4.74E-06	-1.22E-05	-1.45E-05
141	10	0	0	0	0	0	0	232	254	0	-3.28E-05	3.56E-06	-1.52E-05	-1.63E-05
141	11	0	0	0	0	0	0	232	254	0	-3.28E-05	3.56E-06	-1.52E-05	-1.63E-05
141	12	0	0	0	0	0	0	232	254	0	-3.34E-05	2.52E-06	-2.01E-05	-1.63E-05
141	13	0	0	0	0	0	0	232	254	0	-3.34E-05	2.52E-06	-2.01E-05	-1.63E-05
141	14	0	0	0	0	0	0	232	254	0	-3.30E-05	2.77E-06	-1.81E-05	-1.65E-05
141	15	0	0	0	0	0	0	232	254	0	-3.30E-05	2.77E-06	-1.81E-05	-1.65E-05
141	16	0	0	0	0	0	0	232	254	0	-3.17E-05	5.05E-06	-1.17E-05	-1.55E-05
141	17	0	0	0	0	0	0	232	254	0	-2.57E-05	6.33E-06	-5.11E-06	-1.44E-05
141	18	0	0	0	0	0	0	232	254	0	-2.57E-05	6.33E-06	-5.11E-06	-1.44E-05
141	19	0	0	0	0	0	0	232	254	0	-1.95E-05	4.51E-06	1.89E-06	-1.26E-05
142	0	0	0	0	0	0	0	232	254	0	-1.95E-05	4.51E-06	1.89E-06	-1.26E-05
142	1	0	0	0	0	0	0	232	254	0	-1.21E-05	4.44E-06	-3.56E-06	-9.94E-06
142	2	0	0	0	0	0	0	232	254	0	-1.21E-05	4.44E-06	-3.56E-06	-9.94E-06
142	3	0	0	0	0	0	0	232	254	0	-4.54E-06	5.02E-06	-7.68E-06	-1.03E-05
142	4	0	0	0	0	0	0	232	254	0	-4.54E-06	5.02E-06	-7.68E-06	-1.03E-05
142	5	0	0	0	0	0	0	232	254	0	6.19E-07	4.98E-06	-1.71E-05	-1.07E-05
142	6	0	0	0	0	0	0	232	254	0	-1.80E-06	6.22E-06	-1.85E-05	-1.17E-05
142	7	0	0	0	0	0	0	232	254	0	-1.80E-06	6.22E-06	-1.85E-05	-1.17E-05
142	8	0	0	0	0	0	0	232	254	0	-7.14E-06	9.17E-06	-1.71E-05	-1.28E-05
142	9	0	0	0	0	0	0	232	254	0	-7.14E-06	9.17E-06	-1.71E-05	-1.28E-05
142	10	0	0	0	0	0	0	232	254	0	-9.45E-06	9.85E-06	-1.51E-05	-1.20E-05
142	11	0	0	0	0	0	0	232	254	0	-9.45E-06	9.85E-06	-1.51E-05	-1.20E-05
142	12	0	0	0	0	0	0	232	254	0	-1.20E-05	7.74E-06	1.23E-06	-1.09E-05
142	13	0	0	0	0	0	0	232	254	0	-1.20E-05	7.74E-06	1.23E-06	-1.09E-05
142	14	0	0	0	0	0	0	232	254	0	-1.86E-05	5.33E-06	9.10E-06	-1.05E-05
142	15	0	0	0	0	0	0	232	254	0	-2.45E-05	6.30E-06	2.77E-06	-1.01E-05
142	16	0	0	0	0	0	0	232	254	0	-2.45E-05	6.30E-06	2.77E-06	-1.01E-05
142	17	0	0	0	0	0	0	232	254	0	-2.87E-05	5.84E-06	5.97E-06	-1.04E-05
142	18	0	0	0	0	0	0	232	254	0	-2.87E-05	5.84E-06	5.97E-06	-1.04E-05
142	19	0	0	0	0	0	0	232	254	0	-3.14E-05	6.55E-06	1.41E-05	-1.15E-05
143	0	0	0	0	0	0	0	232	254	0	-3.14E-05	6.55E-06	1.41E-05	-1.15E-05
143	1	0	0	0	0	0	0	232	254	0	-3.08E-05	3.53E-06	5.79E-06	-1.20E-05
143	2	0	0	0	0	0	0	232	254	0	-3.08E-05	3.53E-06	5.79E-06	-1.20E-05
143	3	0	0	0	0	0	0	232	254	0	-2.85E-05	8.03E-07	-1.16E-05	-1.20E-05
143	4	0	0	0	0	0	0	232	254	0	-2.61E-05	6.14E-07	-2.57E-05	-1.03E-05
143	5	0	0	0	0	0	0	232	254	0	-2.61E-05	6.14E-07	-2.57E-05	-1.03E-05
143	6	0	0	0	0	0	0	232	254	0	-2.13E-05	1.36E-06	-2.90E-05	-1.18E-05
143	7	0	0	0	0	0	0	232	254	0	-2.13E-05	1.36E-06	-2.90E-05	-1.18E-05
143	8	0	0	0	0	0	0	232	254	0	-2.32E-05	2.11E-08	-2.00E-05	-1.26E-05
143	9	0	0	0	0	0	0	232	254	0	-2.32E-05	2.11E-08	-2.00E-05	-1.26E-05
143	10	0	0	0	0	0	0	232	254	0	-2.87E-05	-8.44E-07	-1.59E-05	-1.30E-05
143	11	0	0	0	0	0	0	232	254	0	-2.87E-05	-8.44E-07	-1.59E-05	-1.30E-05
143	12	0	0	0	0	0	0	232	254	0	-2.45E-05	1.99E-06	-1.14E-05	-1.26E-05
143	13	0	0	0	0	0	0	232	254	0	-1.58E-05	3.26E-06	-1.77E-06	-1.26E-05
143	14	0	0	0	0	0	0	232	254	0	-1.58E-05	3.26E-06	-1.77E-06	-1.26E-05
143	15	0	0	0	0	0	0	232	254	0	-1.20E-05	4.15E-06	-4.60E-06	-1.38E-05
143	16	0	0	0	0	0	0	232	254	0	-1.20E-05	4.15E-06	-4.60E-06	-1.38E-05
143	17	0	0	0	0	0	0	232	254	0	-1.38E-05	6.84E-06	-1.06E-05	-1.23E-05
143	18	0	0	0	0	0	0	232	254	0	-1.38E-05	6.84E-06	-1.06E-05	-1.23E-05
143	19	0	0	0	0	0	0	232	254	0	-1.58E-05	9.01E-06	-1.12E-05	-1.15E-05
144	0	0	0	0	0	0	0	232	254	0	-1.58E-05	9.01E-06	-1.12E-05	-1.15E-05
144	1	0	0	0	0	0	0	232	254	0	-1.98E-05	6.92E-06	-1.13E-05	-1.11E-05
144	2	0	0	0	0	0	0	232	254	0	-2.10E-05	4.79E-06	-1.16E-05	-1.12E-05
144	3	0	0	0	0	0	0	232	254	0	-2.10E-05	4.79E-06	-1.16E-05	-1.12E-05
144	4	0	0	0	0	0	0	232	254	0	-2.24E-05	7.05E-06	-1.14E-05	-1.07E-05
144	5	0	0	0	0	0	0	232	254	0	-2.24E-05	7.05E-06	-1.14E-05	-1.07E-05
144	6	0	0	0	0	0	0	232	254	0	-2.41E-05	8.17E-06	-9.83E-06	-1.15E-05
144	7	0	0	0	0	0	0	232	254	0	-2.41E-05	8.17E-06	-9.83E-06	-1.15E-05
144	8	0	0	0	0	0	0	232	254	0	-1.97E-05	6.14E-06	-8.00E-06	-1.22E-05
144	9	0	0	0	0	0	0	232	254	0	-1.97E-05	6.14E-06	-8.00E-06	-1.22E-05
144	10	0	0	0	0	0	0	232	254	0	-1.85E-05	4.31E-06	-9.12E-06	-1.03E-05
144	11	0	0	0	0	0	0	232	254	0	-1.61E-05	5.50E-06	-1.13E-05	-1.10E-05
144	12	0	0	0	0	0	0	232	254	0	-1.61E-05	5.50E-06	-1.13E-05	-1.10E-05
144	13	0	0	0	0	0	0	232	254	0	-1.34E-05	7.82E-06	-1.43E-05	-1.18E-05
144	14	0	0	0	0	0	0	232	254	0	-1.34E-05	7.82E-06	-1.43E-05	-1.18E-05
144	15	0	0	0	0	0	0	232	254	0	-1.14E-05	7.25E-06	-1.29E-05	-1.09E-05
144	16	0	0	0	0	0	0	232	254	0	-1.14E-05	7.25E-06	-1.29E-05	-1.09E-05
144	17	0	0	0	0	0	0	232	254	0	-1.07E-05	7.74E-06	-1.32E-05	-1.08E-05
144	18	0	0	0	0	0	0	232	254	0	-1.07E-05	7.74E-06	-1.32E-05	-1.08E-05
144	19	0	0	0	0	0	0	232	254	0	-1.44E-05	9.34E-06	-1.69E-05	-1.04E-05
145	0	0	0	0	0	0	0	232	254	0	-1.77E-05	1.02E-05	-1.94E-05	-1.18E-05
145	1	0	0	0	0	0	0	232	254	0	-1.77E-05	1.02E-05	-1.94E-05	-1.18E-05
145	2	0	0	0	0	0	0	232	254	0	-2.48E-05	9.82E-06	-1.83E-05	-1.37E-05
145	3	0	0	0	0	0	0	232	254	0	-2.48E-05	9.82E-06	-1.83E-05	-1.37E-05
145	4	0	0	0	0	0	0	232	254	0	-3.07E-05	6.10E-06	-3.25E-06	-1.43E-05
145	5	0	0	0	0	0	0	232	254	0	-3.07E-05	6.10E-06	-3.25E-06	-1.43E-05
145	6	0	0	0	0	0	0	232	254	0	-2.90E-05	4.01E-06	1.02E-05	-1.55E-05
145	7	0	0	0	0	0	0	232	254	0	-2.90E-05	4.01E-06	1.02E-05	-1.55E-05
145	8	0	0	0	0	0	0	232	254	0	-2.96E-05	5.17E-06	-5.84E-07	-1.49E-05
145	9	0	0	0	0	0	0	232	254	0	-3.44E-05	5.33E-06	-1.83E-05	-1.47E-05
145	10	0	0	0	0	0	0	232	254	0	-3.44E-05	5.33E-06	-1.83E-05	-1.47E-05
145	11	0	0	0	0	0	0	232	254	0	-4.00E-05	9.19E-06	-2.26E-05	-1.54E-05
145	12	0	0	0	0	0	0	232	254	0	-4.00E-05	9.19E-06	-2.26E-05	-1.54E-05
145	13	0	0	0	0	0	0	232	254	0	-3.82E-05	1.03E-05	-1.20E-05	-1.38E-05
145	14	0	0	0	0	0	0	232	254	0	-3.82E-05	1.03E-05	-1.20E-05	-1.38E-05
145	15	0	0	0	0	0	0	232	254	0	-3.36E-05	1.06E-05	2.24E-06	-1.53E-05
145	16	0	0	0	0	0	0	232	254	0	-3.36E-05	1.06E-05	2.24E-06	-1.53E-05
145	17	0	0	0	0	0	0	232	254	0	-3.19E-05	1.08E-05	1.07E-05	-1.55E-05
145	18	0	0	0	0	0	0	232	254	0	-3.10E-05	7.77E-06	6.80E-06	-1.34E-05
145	19	0	0	0	0	0	0	232	254	0	-3.10E-05	7.77E-06	6.80E-06	-1.34E-05
146	0	0	0	0	0	0	0	232	254	0	-3.33E-05	9.81E-06	-8.80E-06	-1.14E-05
146	1	0	0	0	0	0	0	232	254	0	-3.33E-05	9.81E-06	-8.80E-06	-1.14E-05
146	2	0	0	0	0	0	0	232	254	0	-3.54E-05	1.18E-05	-1.87E-05	-9.38E-06
146	3	0	0	0	0	0	0	232	254	0	-3.54E-05	1.18E-05	-1.87E-05	-9.38E-06
146	4	0	0	0	0	0	0	232	254	0	-3.49E-05	1.27E-05	-1.65E-05	-7.87E-06
146	5	0	0	0	0	0	0	232	254	0	-3.49E-05	1.27E-05	-1.65E-05	-7.87E-06
146	6	0	0	0	0	0	0	232	254	0	-3.29E-05	1.36E-05	-1.95E-05	-8.00E-06
146	7	0	0	0	0	0	0	232	254	0	-2.53E-05	9.95E-06	-2.02E-05	-1.03E-05
146	8	0	0	0	0	0	0	232	254	0	-2.53E-05	9.95E-06	-2.02E-05	-1.03E-05
146	9	0	0	0	0	0	0	232	254	0	-1.92E-05	4.35E-06	-1.40E-05	-1.05E-05
146	10	0	0	0	0	0	0	232	254	0	-1.92E-05	4.35E-06	-1.40E-05	-1.05E-05
146	11	0	0	0	0	0	0	232	254	0	-1.39E-05	-5.50E-07	-7.18E-06	-8.13E-06
146	12	0	0	0	0	0	0	232	254	0	-1.39E-05	-5.50E-07	-7.18E-06	-8.13E-06
146	13	0	0	0	0	0	0	232	254	0	-1.23E-05	-7.21E-06	-5.39E-06	-7.70E-06
146	14	0	0	0	0	0	0	232	254	0	-1.23E-05	-7.21E-06	-5.39E-06	-7.70E-06
146	15	0	0	0	0	0	0	232	254	0	-1.31E-05	-1.42E-05	-4.09E-06	-1.02E-05
146	16	0	0	0	0	0	0	232	254	0	-1.31E-05	-1.56E-05	-2.95E-06	-9.64E-06
146	17	0	0	0	0	0	0	232	254	0	-1.31E-05	-1.56E-05	-2.95E-06	-9.64E-06
146	18	0	0	0	0	0	0	232	254	0	-1.37E-05	-1.26E-05	-9.52E-07	-8.88E-06
146	19	0	0	0	0	0	0	232	254	0	-1.37E-05	-1.26E-05	-9.52E-07	-8.88E-06
147	0	0	0	0	0	0	0	232	254	0	-1.81E-05	-9.16E-06	-1.20E-06	-8.67E-06
147	1	0	0	0	0	0	0	232	254	0	-1.81E-05	-9.16E-06	-1.20E-06	-8.67E-06
147	2	0	0	0	0	0	0	232	254	0	-2.18E-05	-5.64E-06	-7.54E-06	-8.28E-06
147	3	0	0	0	0	0	0	232	254	0	-2.18E-05	-5.64E-06	-7.54E-06	-8.28E-06
147	4	0	0	0	0	0	0	232	254	0	-2.27E-05	-3.47E-06	-1.33E-05	-9.19E-06
147	5	0	0	0	0	0	0	232	254	0	-1.96E-05	-1.24E-06	-1.70E-05	-1.30E-05
147	6	0	0	0	0	0	0	232	254	0	-1.96E-05	-1.24E-06	-1.70E-05	-1.30E-05
147	7	0	0	0	0	0	0	232	254	0	-1.58E-05	2.42E-06	-1.98E-05	-1.36E-05
147	8	0	0	0	0	0	0	232	254	0	-1.58E-05	2.42E-06	-1.98E-05	-1.36E-05
147	9	0	0	0	0	0	0	232	254	0	-1.74E-05	3.17E-06	-1.51E-05	-1.28E-05
147	10	0	0	0	0	0	0	232	254	0	-1.74E-05	3.17E-06	-1.51E-05	-1.28E-05
147	11	0	0	0	0	0	0	232	254	0	-2.09E-05	4.14E-06	-1.10E-05	-1.48E-05
147	12	0	0	0	0	0	0	232	254	0	-2.09E-05	4.14E-06	-1.10E-05	-1.48E-05
147	13	0	0	0	0	0	0	232	254	0	-2.32E-05	2.13E-06	-2.01E-06	-1.39E-05
147	14	0	0	0	0	0	0	232	254	0	-2.48E-05	2.80E-07	8.40E-06	-1.34E-05
147	15	0	0	0	0	0	0	232	254	0	-2.48E-05	2.80E-07	8.40E-06	-1.34E-05
147	16	0	0	0	0	0	0	232	254	0	-2.54E-05	1.63E-07	1.55E-05	-1.44E-05
147	17	0	0	0	0	0	0	232	254	0	-2.54E-05	1.63E-07	1.55E-05	-1.44E-05
147	18	0	0	0	0	0	0	232	254	0	-2.35E-05	3.02E-06	1.53E-05	-1.59E-05
147	19	0	0	0	0	0	0	232	254	0	-2.35E-05	3.02E-06	1.53E-05	-1.59E-05
148	0	0	0	0	0	0	0	232	254	0	-2.46E-05	4.46E-06	-2.79E-06	-1.67E-05
148	1	0	0	0	0	0	0	232	254	0	-2.46E-05	4.46E-06	-2.79E-06	-1.67E-05
148	2	0	0	0	0	0	0	232	254	0	-2.48E-05	5.35E-06	-1.90E-05	-1.78E-05
148	3	0	0	0	0	0	0	232	254	0	-2.22E-05	6.58E-06	-2.16E-05	-1.80E-05
148	4	0	0	0	0	0	0	232	254	0	-2.22E-05	6.58E-06	-2.16E-05	-1.80E-05
148	5	0	0	0	0	0	0	232	254	0	-1.76E-05	6.59E-06	-1.99E-05	-1.84E-05
148	6	0	0	0	0	0	0	232	254	0	-1.76E-05	6.59E-06	-1.99E-05	-1.84E-05
148	7	0	0	0	0	0	0	232	254	0	-1.12E-05	4.03E-06	-1.91E-05	-1.96E-05
148	8	0	0	0	0	0	0	232	254	0	-1.12E-05	4.03E-06	-1.91E-05	-1.96E-05
148	9	0	0	0	0	0	0	232	254	0	-4.58E-06	2.81E-06	-1.82E-05	-1.94E-05
148	10	0	0	0	0	0	0	232	254	0	-4.58E-06	2.81E-06	-1.82E-05	-1.94E-05
148	11	0	0	0	0	0	0	232	254	0	4.64E-06	3.93E-06	-1.49E-05	-2.02E-05
148	12	0	0	0	0	0	0	232	254	0	4.73E-06	4.86E-06	-1.34E-05	-2.22E-05
148	13	0	0	0	0	0	0	232	254	0	4.73E-06	4.86E-06	-1.34E-05	-2.22E-05
148	14	0	0	0	0	0	0	232	254	0	-2.40E-06	7.61E-06	-1.45E-05	-2.08E-05
148	15	0	0	0	0	0	0	232	254	0	-2.40E-06	7.61E-06	-1.45E-05	-2.08E-05
148	16	0	0	0	0	0	0	232	254	0	-7.54E-06	7.56E-06	-1.56E-05	-1.90E-05
148	17	0	0	0	0	0	0	232	254	0	-7.54E-06	7.56E-06	-1.56E-05	-1.90E-05
148	18	0	0	0	0	0	0	232	254	0	-1.36E-05	3.34E-06	-9.87E-06	-1.77E-05
148	19	0	0	0	0	0	0	232	254	0	-1.36E-05	3.34E-06	-9.87E-06	-1.77E-05
149	0	0	0	0	0	0	0	232	254	0	-1.96E-05	1.99E-06	-8.06E-06	-1.80E-05
149	1	0	0	0	0	0	0	232	254	0	-2.19E-05	3.06E-06	-1.86E-05	-1.55E-05
149	2	0	0	0	0	0	0	232	254	0	-2.19E-05	3.06E-06	-1.86E-05	-1.55E-05
149	3	0	0	0	0	0	0	232	254	0	-2.43E-05	1.96E-06	-2.63E-05	-1.48E-05
149	4	0	0	0	0	0	0	232	254	0	-2.43E-05	1.96E-06	-2.63E-05	-1.48E-05
149	5	0	0	0	0	0	0	232	254	0	-2.77E-05	1.25E-06	-2.27E-05	-1.37E-05
149	6	0	0	0	0	0	0	232	254	0	-2.77E-05	1.25E-06	-2.27E-05	-1.37E-05
149	7	0	0	0	0	0	0	232	254	0	-2.42E-05	-7.66E-07	-1.51E-05	-1.29E-05
149	8	0	0	0	0	0	0	232	254	0	-2.42E-05	-7.66E-07	-1.51E-05	-1.29E-05
149	9	0	0	0	0	0	0	232	254	0	-1.53E-05	3.84E-07	-6.55E-06	-1.25E-05
149	10	0	0	0	0	0	0	232	254	0	-1.72E-05	5.82E-06	1.02E-05	-1.30E-05
149	11	0	0	0	0	0	0	232	254	0	-1.72E-05	5.82E-06	1.02E-05	-1.30E-05
149	12	0	0	0	0	0	0	232	254	0	-2.99E-05	1.44E-05	2.40E-05	-1.37E-05
149	13	0	0	0	0	0	0	232	254	0	-2.99E-05	1.44E-05	2.40E-05	-1.37E-05
149	14	0	0	0	0	0	0	232	254	0	-3.58E-05	1.98E-05	1.44E-05	-1.22E-05
149	15	0	0	0	0	0	0	232	254	0	-3.58E-05	1.98E-05	1.44E-05	-1.22E-05
149	16	0	0	0	0	0	0	232	254	0	-2.50E-05	1.13E-05	6.69E-07	-1.17E-05
149	17	0	0	0	0	0	0	232	254	0	-2.50E-05	1.13E-05	6.69E-07	-1.17E-05
149	18	0	0	0	0	0	0	232	254	0	-1.20E-05	6.67E-06	-9.37E-06	-1.27E-05
149	19	0	0	0	0	0	0	232	254	0	-1.02E-05	7.70E-06	-1.38E-05	-1.06E-05
150	0	0	0	0	0	0	0	232	254	0	-1.02E-05	7.70E-06	-1.38E-05	-1.06E-05
150	1	0	0	0	0	0	0	232	254	0	-1.30E-05	7.37E-06	-1.83E-05	-1.07E-05
150	2	0	0	0	0	0	0	232	254	0	-1.30E-05	7.37E-06	-1.83E-05	-1.07E-05
150	3	0	0	0	0	0	0	232	254	0	-1.69E-05	6.13E-06	-1.75E-05	-1.29E-05
150	4	0	0	0	0	0	0	232	254	0	-1.69E-05	6.13E-06	-1.75E-05	-1.29E-05
150	5	0	0	0	0	0	0	232	254	0	-1.87E-05	8.61E-06	-1.35E-05	-1.25E-05
150	6	0	0	0	0	0	0	232	254	0	-1.87E-05	8.61E-06	-1.35E-05	-1.25E-05
150	7	0	0	0	0	0	0	232	254	0	-1.49E-05	1.20E-05	-1.21E-05	-1.21E-05
150	8	0	0	0	0	0	0	232	254	0	-3.50E-08	1.34E-05	-9.65E-06	-1.34E-05
150	9	0	0	0	0	0	0	232	254	0	-3.50E-08	1.34E-05	-9.65E-06	-1.34E-05
150	10	0	0	0	0	0	0	232	254	0	1.05E-05	1.15E-05	-8.27E-06	-1.22E-05
150	11	0	0	0	0	0	0	232	254	0	1.05E-05	1.15E-05	-8.27E-06	-1.22E-05
150	12	0	0	0	0	0	0	232	254	0	8.43E-06	5.13E-06	-1.39E-05	-1.20E-05
150	13	0	0	0	0	0	0	232	254	0	8.43E-06	5.13E-06	-1.39E-05	-1.20E-05
150	14	0	0	0	0	0	0	232	254	0	-4.92E-06	2.33E-06	-1.18E-05	-1.09E-05
150	15	0	0	0	0	0	0	232	254	0	-4.92E-06	2.33E-06	-1.18E-05	-1.09E-05
150	16	0	0	0	0	0	0	232	254	0	-1.80E-05	7.24E-06	-8.63E-06	-1.05E-05
150	17	0	0	0	0	0	0	232	254	0	-3.29E-05	1.55E-05	-1.13E-05	-1.12E-05
150	18	0	0	0	0	0	0	232	254	0	-3.29E-05	1.55E-05	-1.13E-05	-1.12E-05
150	19	0	0	0	0	0	0	232	254	0	-4.22E-05	1.43E-05	-1.75E-05	-1.23E-05
151	0	0	0	0	0	0	0	232	254	0	-4.22E-05	1.43E-05	-1.75E-05	-1.23E-05
151	1	0	0	0	0	0	0	232	254	0	-4.10E-05	9.38E-06	-2.18E-05	-1.21E-05
151	2	0	0	0	0	0	0	232	254	0	-4.10E-05	9.38E-06	-2.18E-05	-1.21E-05
151	3	0	0	0	0	0	0	232	254	0	-3.40E-05	7.48E-06	-5.15E-06	-1.05E-05
151	4	0	0	0	0	0	0	232	254	0	-3.40E-05	7.48E-06	-5.15E-06	-1.05E-05
151	5	0	0	0	0	0	0	232	254	0	-3.11E-05	4.07E-06	5.00E-06	-1.00E-05
151	6	0	0	0	0	0	0	232	254	0	-3.13E-05	3.15E-06	-5.46E-06	-1.11E-05
151	7	0	0	0	0	0	0	232	254	0	-3.13E-05	3.15E-06	-5.46E-06	-1.11E-05
151	8	0	0	0	0	0	0	232	254	0	-2.98E-05	4.16E-06	-1.02E-05	-1.22E-05
151	9	0	0	0	0	0	0	232	254	0	-2.98E-05	4.16E-06	-1.02E-05	-1.22E-05
151	10	0	0	0	0	0	0	232	254	0	-2.51E-05	3.90E-06	-9.31E-06	-1.17E-05
151	11	0	0	0	0	0	0	232	254	0	-2.51E-05	3.90E-06	-9.31E-06	-1.17E-05
151	12	0	0	0	0	0	0	232	254	0	-2.36E-05	4.25E-06	-6.96E-06	-1.14E-05
151	13	0	0	0	0	0	0	232	254	0	-2.36E-05	4.25E-06	-6.96E-06	-1.14E-05
151	14	0	0	0	0	0	0	232	254	0	-2.57E-05	4.57E-06	-5.03E-06	-1.02E-05
151	15	0	0	0	0	0	0	232	254	0	-2.57E-05	3.38E-06	-6.53E-06	-9.94E-06
151	16	0	0	0	0	0	0	232	254	0	-2.57E-05	3.38E-06	-6.53E-06	-9.94E-06
151	17	0	0	0	0	0	0	232	254	0	-2.60E-05	2.15E-06	-7.92E-06	-1.02E-05
151	18	0	0	0	0	0	0	232	254	0	-2.60E-05	2.15E-06	-7.92E-06	-1.02E-05
151	19	0	0	0	0	0	0	232	254	0	-2.87E-05	1.92E-06	-9.64E-06	-9.87E-06
152	0	0	0	0	0	0	0	232	254	0	-2.87E-05	1.92E-06	-9.64E-06	-9.87E-06
152	1	0	0	0	0	0	0	232	254	0	-2.89E-05	2.52E-06	-9.67E-06	-9.35E-06
152	2	0	0	0	0	0	0	232	254	0	-2.89E-05	2.52E-06	-9.67E-06	-9.35E-06
152	3	0	0	0	0	0	0	232	254	0	-2.71E-05	2.37E-06	-4.81E-06	-7.41E-06
152	4	0	0	0	0	0	0	232	254	0	-2.44E-05	9.54E-07	-3.39E-06	-6.36E-06
152	5	0	0	0	0	0	0	232	254	0	-2.44E-05	9.54E-07	-3.39E-06	-6.36E-06
152	6	0	0	0	0	0	0	232	254	0	-2.20E-05	-5.81E-07	-6.49E-06	-7.59E-06
152	7	0	0	0	0	0	0	232	254	0	-2.20E-05	-5.81E-07	-6.49E-06	-7.59E-06
152	8	0	0	0	0	0	0	232	254	0	-2.23E-05	1.99E-06	-7.27E-06	-7.89E-06
152	9	0	0	0	0	0	0	232	254	0	-2.23E-05	1.99E-06	-7.27E-06	-7.89E-06
152	10	0	0	0	0	0	0	232	254	0	-2.30E-05	5.86E-06	-6.69E-06	-8.04E-06
152	11	0	0	0	0	0	0	232	254	0	-2.30E-05	5.86E-06	-6.69E-06	-8.04E-06
152	12	0	0	0	0	0	0	232	254	0	-2.17E-05	5.47E-06	-1.01E-05	-9.42E-06
152	13	0	0	0	0	0	0	232	254	0	-2.20E-05	3.19E-06	-1.72E-05	-1.12E-05
152	14	0	0	0	0	0	0	232	254	0	-2.20E-05	3.19E-06	-1.72E-05	-1.12E-05
152	15	0	0	0	0	0	0	232	254	0	-2.48E-05	4.67E-07	-1.87E-05	-1.33E-05
152	16	0	0	0	0	0	0	232	254	0	-2.48E-05	4.67E-07	-1.87E-05	-1.33E-05
152	17	0	0	0	0	0	0	232	254	0	-2.61E-05	9.41E-08	-1.65E-05	-1.37E-05
152	18	0	0	0	0	0	0	232	254	0	-2.61E-05	9.41E-08	-1.65E-05	-1.37E-05
152	19	0	0	0	0	0	0	232	254	0	-2.57E-05	-4.85E-07	-1.28E-05	-1.20E-05
153	0	0	0	0	0	0	0	232	254	0	-2.57E-05	-4.85E-07	-1.28E-05	-1.20E-05
153	1	0	0	0	0	0	0	232	254	0	-2.59E-05	-3.36E-07	-9.47E-06	-1.01E-05
153	2	0	0	0	0	0	0	232	254	0	-2.38E-05	-1.70E-07	-1.14E-05	-8.82E-06
153	3	0	0	0	0	0	0	232	254	0	-2.38E-05	-1.70E-07	-1.14E-05	-8.82E-06
153	4	0	0	0	0	0	0	232	254	0	-2.17E-05	1.38E-06	-1.09E-05	-8.34E-06
153	5	0	0	0	0	0	0	232	254	0	-2.17E-05	1.38E-06	-1.09E-05	-8.34E-06
153	6	0	0	0	0	0	0	232	254	0	-1.55E-05	3.17E-06	-7.81E-06	-9.27E-06
153	7	0	0	0	0	0	0	232	254	0	-1.55E-05	3.17E-06	-7.81E-06	-9.27E-06
153	8	0	0	0	0	0	0	232	254	0	-8.47E-06	4.18E-06	-8.67E-06	-9.51E-06
153	9	0	0	0	0	0	0	232	254	0	-8.47E-06	4.18E-06	-8.67E-06	-9.51E-06
153	10	0	0	0	0	0	0	232	254	0	-5.00E-06	2.13E-06	-9.66E-06	-9.17E-06
153	11	0	0	0	0	0	0	232	254	0	-5.11E-06	-2.37E-06	-1.06E-05	-1.03E-05
153	12	0	0	0	0	0	0	232	254	0	-5.11E-06	-2.37E-06	-1.06E-05	-1.03E-05
153	13	0	0	0	0	0	0	232	254	0	-9.68E-06	-2.41E-06	-1.24E-05	-1.28E-05
153	14	0	0	0	0	0	0	232	254	0	-9.68E-06	-2.41E-06	-1.24E-05	-1.28E-05
153	15	0	0	0	0	0	0	232	254	0	-2.08E-05	-9.94E-07	-1.03E-05	-1.41E-05
153	16	0	0	0	0	0	0	232	254	0	-2.08E-05	-9.94E-07	-1.03E-05	-1.41E-05
153	17	0	0	0	0	0	0	232	254	0	-2.61E-05	3.45E-06	-5.17E-06	-1.26E-05
153	18	0	0	0	0	0	0	232	254	0	-2.61E-05	3.45E-06	-5.17E-06	-1.26E-05
153	19	0	0	0	0	0	0	232	254	0	-2.69E-05	5.58E-06	-5.24E-06	-1.18E-05
154	0	0	0	0	0	0	0	232	254	0	-2.73E-05	6.23E-06	-8.28E-06	-1.36E-05
154	1	0	0	0	0	0	0	232	254	0	-2.73E-05	6.23E-06	-8.28E-06	-1.36E-05
154	2	0	0	0	0	0	0	232	254	0	-2.46E-05	9.21E-06	-9.56E-06	-1.40E-05
154	3	0	0	0	0	0	0	232	254	0	-2.46E-05	9.21E-06	-9.56E-06	-1.40E-05
154	4	0	0	0	0	0	0	232	254	0	-2.68E-05	1.02E-05	-1.65E-05	-1.51E-05
154	5	0	0	0	0	0	0	232	254	0	-2.68E-05	1.02E-05	-1.65E-05	-1.51E-05
154	6	0	0	0	0	0	0	232	254	0	-2.94E-05	8.56E-06	-1.75E-05	-1.63E-05
154	7	0	0	0	0	0	0	232	254	0	-2.94E-05	8.56E-06	-1.75E-05	-1.63E-05
154	8	0	0	0	0	0	0	232	254	0	-3.22E-05	5.87E-06	-1.04E-05	-1.48E-05
154	9	0	0	0	0	0	0	232	254	0	-3.52E-05	5.93E-06	-1.84E-05	-1.40E-05
154	10	0	0	0	0	0	0	232	254	0	-3.52E-05	5.93E-06	-1.84E-05	-1.40E-05
154	11	0	0	0	0	0	0	232	254	0	-3.63E-05	6.08E-06	-2.99E-05	-1.57E-05
154	12	0	0	0	0	0	0	232	254	0	-3.63E-05	6.08E-06	-2.99E-05	-1.57E-05
154	13	0	0	0	0	0	0	232	254	0	-3.51E-05	3.53E-06	-2.39E-05	-1.51E-05
154	14	0	0	0	0	0	0	232	254	0	-3.51E-05	3.53E-06	-2.39E-05	-1.51E-05
154	15	0	0	0	0	0	0	232	254	0	-3.53E-05	1.94E-06	-7.24E-06	-1.31E-05
154	16	0	0	0	0	0	0	232	254	0	-3.53E-05	1.94E-06	-7.24E-06	-1.31E-05
154	17	0	0	0	0	0	0	232	254	0	-3.74E-05	3.69E-08	1.27E-05	-1.20E-05
154	18	0	0	0	0	0	0	232	254	0	-3.69E-05	5.02E-07	2.12E-05	-9.85E-06
154	19	0	0	0	0	0	0	232	254	0	-3.69E-05	5.02E-07	2.12E-05	-9.85E-06
155	0	0	0	0	0	0	0	232	254	0	-3.31E-05	1.85E-06	1.89E-05	-9.53E-06
155	1	0	0	0	0	0	0	232	254	0	-3.31E-05	1.85E-06	1.89E-05	-9.53E-06
155	2	0	0	0	0	0	0	232	254	0	-2.73E-05	1.81E-06	6.12E-06	-1.09E-05
155	3	0	0	0	0	0	0	232	254	0	-2.73E-05	1.81E-06	6.12E-06	-1.09E-05
155	4	0	0	0	0	0	0	232	254	0	-2.67E-05	1.47E-06	-8.69E-06	-1.36E-05
155	5	0	0	0	0	0	0	232	254	0	-2.67E-05	1.47E-06	-8.69E-06	-1.36E-05
155	6	0	0	0	0	0	0	232	254	0	-3.47E-05	1.71E-06	-1.28E-05	-1.68E-05
155	7	0	0	0	0	0	0	232	254	0	-4.11E-05	6.95E-06	-1.53E-05	-1.83E-05
155	8	0	0	0	0	0	0	232	254	0	-4.11E-05	6.95E-06	-1.53E-05	-1.83E-05
155	9	0	0	0	0	0	0	232	254	0	-3.16E-05	1.44E-05	-1.21E-05	-1.81E-05
155	10	0	0	0	0	0	0	232	254	0	-3.16E-05	1.44E-05	-1.21E-05	-1.81E-05
155	11	0	0	0	0	0	0	232	254	0	-2.13E-05	1.51E-05	-4.42E-06	-1.67E-05
155	12	0	0	0	0	0	0	232	254	0	-2.13E-05	1.51E-05	-4.42E-06	-1.67E-05
155	13	0	0	0	0	0	0	232	254	0	-1.44E-05	1.22E-05	-6.01E-06	-1.49E-05
155	14	0	0	0	0	0	0	232	254	0	-1.44E-05	1.22E-05	-6.01E-06	-1.49E-05
155	15	0	0	0	0	0	0	232	254	0	-6.83E-06	8.86E-06	-1.56E-05	-1.43E-05
155	16	0	0	0	0	0	0	232	254	0	-6.62E-06	5.87E-06	-1.76E-05	-1.22E-05
155	17	0	0	0	0	0	0	232	254	0	-6.62E-06	5.87E-06	-1.76E-05	-1.22E-05
155	18	0	0	0	0	0	0	232	254	0	-9.43E-06	5.76E-06	-1.34E-05	-1.20E-05
155	19	0	0	0	0	0	0	232	254	0	-9.43E-06	5.76E-06	-1.34E-05	-1.20E-05
156	0	0	0	0	0	0	0	232	254	0	-1.80E-05	4.76E-06	-5.20E-06	-1.24E-05
156	1	0	0	0	0	0	0	232	254	0	-1.80E-05	4.76E-06	-5.20E-06	-1.24E-05
156	2	0	0	0	0	0	0	232	254	0	-3.09E-05	4.30E-06	5.98E-06	-1.11E-05
156	3	0	0	0	0	0	0	232	254	0	-3.09E-05	4.30E-06	5.98E-06	-1.11E-05
156	4	0	0	0	0	0	0	232	254	0	-3.63E-05	8.18E-06	7.28E-06	-9.86E-06
156	5	0	0	0	0	0	0	232	254	0	-3.50E-05	1.06E-05	-1.50E-06	-1.10E-05
156	6	0	0	0	0	0	0	232	254	0	-3.50E-05	1.06E-05	-1.50E-06	-1.10E-05
156	7	0	0	0	0	0	0	232	254	0	-3.33E-05	1.02E-05	-1.23E-05	-1.19E-05
156	8	0	0	0	0	0	0	232	254	0	-3.33E-05	1.02E-05	-1.23E-05	-1.19E-05
156	9	0	0	0	0	0	0	232	254	0	-1.99E-05	7.48E-06	-2.40E-05	-1.12E-05
156	10	0	0	0	0	0	0	232	254	0	-1.99E-05	7.48E-06	-2.40E-05	-1.12E-05
156	11	0	0	0	0	0	0	232	254	0	-8.52E-06	9.79E-06	-2.46E-05	-9.60E-06
156	12	0	0	0	0	0	0	232	254	0	-8.52E-06	9.79E-06	-2.46E-05	-9.60E-06
156	13	0	0	0	0	0	0	232	254	0	-8.48E-06	1.13E-05	-1.87E-05	-1.02E-05
156	14	0	0	0	0	0	0	232	254	0	-1.07E-05	8.27E-06	-1.61E-05	-1.23E-05
156	15	0	0	0	0	0	0	232	254	0	-1.07E-05	8.27E-06	-1.61E-05	-1.23E-05
156	16	0	0	0	0	0	0	232	254	0	-1.27E-05	4.38E-06	-1.38E-05	-1.25E-05
156	17	0	0	0	0	0	0	232	254	0	-1.27E-05	4.38E-06	-1.38E-05	-1.25E-05
156	18	0	0	0	0	0	0	232	254	0	-2.12E-05	3.23E-06	-7.73E-06	-1.45E-05
156	19	0	0	0	0	0	0	232	254	0	-2.12E-05	3.23E-06	-7.73E-06	-1.45E-05
157	0	0	0	0	0	0	0	232	254	0	-3.15E-05	3.30E-06	-2.74E-06	-1.44E-05
157	1	0	0	0	0	0	0	232	254	0	-3.15E-05	3.30E-06	-2.74E-06	-1.44E-05
157	2	0	0	0	0	0	0	232	254	0	-3.43E-05	1.55E-06	-6.61E-06	-1.26E-05
157	3	0	0	0	0	0	0	232	254	0	-2.96E-05	3.03E-06	-1.46E-05	-1.30E-05
157	4	0	0	0	0	0	0	232	254	0	-2.96E-05	3.03E-06	-1.46E-05	-1.30E-05
157	5	0	0	0	0	0	0	232	254	0	-2.27E-05	1.34E-05	-3.19E-05	-1.34E-05
157	6	0	0	0	0	0	0	232	254	0	-2.27E-05	1.34E-05	-3.19E-05	-1.34E-05
157	7	0	0	0	0	0	0	232	254	0	-1.50E-05	1.94E-05	-3.76E-05	-1.31E-05
157	8	0	0	0	0	0	0	232	254	0	-1.50E-05	1.94E-05	-3.76E-05	-1.31E-05
157	9	0	0	0	0	0	0	232	254	0	-3.87E-06	1.43E-05	-2.49E-05	-1.21E-05
157	10	0	0	0	0	0	0	232	254	0	-3.87E-06	1.43E-05	-2.49E-05	-1.21E-05
157	11	0	0	0	0	0	0	232	254	0	2.96E-06	1.27E-05	-4.92E-06	-1.11E-05
157	12	0	0	0	0	0	0	232	254	0	3.86E-06	1.08E-05	9.26E-06	-9.23E-06
157	13	0	0	0	0	0	0	232	254	0	3.86E-06	1.08E-05	9.26E-06	-9.23E-06
157	14	0	0	0	0	0	0	232	254	0	2.94E-06	6.85E-06	1.93E-05	-6.21E-06
157	15	0	0	0	0	0	0	232	254	0	2.94E-06	6.85E-06	1.93E-05	-6.21E-06
157	16	0	0	0	0	0	0	232	254	0	-5.05E-06	3.66E-06	3.26E-05	-3.47E-06
157	17	0	0	0	0	0	0	232	254	0	-5.05E-06	3.66E-06	3.26E-05	-3.47E-06
157	18	0	0	0	0	0	0	232	254	0	-9.27E-06	2.00E-06	2.92E-05	-3.48E-06
157	19	0	0	0	0	0	0	232	254	0	-9.27E-06	2.00E-06	2.92E-05	-3.48E-06
158	0	0	0	0	0	0	0	232	254	0	-1.02E-05	1.74E-06	5.76E-06	-7.92E-06
158	1	0	0	0	0	0	0	232	254	0	-1.61E-05	6.18E-07	-2.55E-05	-1.40E-05
158	2	0	0	0	0	0	0	232	254	0	-1.61E-05	6.18E-07	-2.55E-05	-1.40E-05
158	3	0	0	0	0	0	0	232	254	0	-1.89E-05	-1.36E-06	-5.09E-05	-1.75E-05
158	4	0	0	0	0	0	0	232	254	0	-1.89E-05	-1.36E-06	-5.09E-05	-1.75E-05
158	5	0	0	0	0	0	0	232	254	0	-1.24E-05	-2.85E-06	-4.74E-05	-1.93E-05
158	6	0	0	0	0	0	0	232	254	0	-1.24E-05	-2.85E-06	-4.74E-05	-1.93E-05
158	7	0	0	0	0	0	0	232	254	0	-7.93E-06	-2.93E-06	-1.54E-05	-1.90E-05
158	8	0	0	0	0	0	0	232	254	0	-7.93E-06	-2.93E-06	-1.54E-05	-1.90E-05
158	9	0	0	0	0	0	0	232	254	0	-5.24E-06	-3.38E-06	-2.29E-06	-1.69E-05
158	10	0	0	0	0	0	0	232	254	0	-3.17E-06	-2.15E-06	-8.41E-06	-1.67E-05
158	11	0	0	0	0	0	0	232	254	0	-3.17E-06	-2.15E-06	-8.41E-06	-1.67E-05
158	12	0	0	0	0	0	0	232	254	0	-6.02E-06	-2.05E-06	-7.00E-06	-1.70E-05
158	13	0	0	0	0	0	0	232	254	0	-6.02E-06	-2.05E-06	-7.00E-06	-1.70E-05
158	14	0	0	0	0	0	0	232	254	0	-8.82E-06	-3.75E-06	-5.44E-06	-1.48E-05
158	15	0	0	0	0	0	0	232	254	0	-8.82E-06	-3.75E-06	-5.44E-06	-1.48E-05
158	16	0	0	0	0	0	0	232	254	0	-1.11E-05	-4.20E-06	-7.59E-06	-1.36E-05
158	17	0	0	0	0	0	0	232	254	0	-1.11E-05	-4.20E-06	-7.59E-06	-1.36E-05
158	18	0	0	0	0	0	0	232	254	0	-1.27E-05	-3.94E-06	-9.45E-06	-1.35E-05
158	19	0	0	0	0	0	0	232	254	0	-1.70E-05	-1.46E-06	-1.12E-05	-1.25E-05
159	0	0	0	0	0	0	0	232	254	0	-1.70E-05	-1.46E-06	-1.12E-05	-1.25E-05
159	1	0	0	0	0	0	0	232	254	0	-1.99E-05	1.68E-06	-1.09E-05	-1.29E-05
159	2	0	0	0	0	0	0	232	254	0	-1.99E-05	1.68E-06	-1.09E-05	-1.29E-05
159	3	0	0	0	0	0	0	232	254	0	-1.89E-05	1.55E-06	-1.06E-05	-1.31E-05
159	4	0	0	0	0	0	0	232	254	0	-1.89E-05	1.55E-06	-1.06E-05	-1.31E-05
159	5	0	0	0	0	0	0	232	254	0	-1.89E-05	5.78E-07	-9.35E-06	-1.31E-05
159	6	0	0	0	0	0	0	232	254	0	-1.89E-05	5.78E-07	-9.35E-06	-1.31E-05
159	7	0	0	0	0	0	0	232	254	0	-2.01E-05	1.47E-06	-7.55E-06	-1.49E-05
159	8	0	0	0	0	0	0	232	254	0	-2.26E-05	3.82E-06	-7.66E-06	-1.40E-05
159	9	0	0	0	0	0	0	232	254	0	-2.26E-05	3.82E-06	-7.66E-06	-1.40E-05
159	10	0	0	0	0	0	0	232	254	0	-2.47E-05	3.47E-06	-8.67E-06	-1.20E-05
159	11	0	0	0	0	0	0	232	254	0	-2.47E-05	3.47E-06	-8.67E-06	-1.20E-05
159	12	0	0	0	0	0	0	232	254	0	-2.68E-05	2.97E-06	-9.42E-06	-9.83E-06
159	13	0	0	0	0	0	0	232	254	0	-2.68E-05	2.97E-06	-9.42E-06	-9.83E-06
159	14	0	0	0	0	0	0	232	254	0	-2.79E-05	2.50E-06	-8.24E-06	-8.82E-06
159	15	0	0	0	0	0	0	232	254	0	-2.79E-05	2.50E-06	-8.24E-06	-8.82E-06
159	16	0	0	0	0	0	0	232	254	0	-2.73E-05	2.28E-06	-8.52E-06	-5.47E-06
159	17	0	0	0	0	0	0	232	254	0	-2.90E-05	1.77E-06	-9.57E-06	-4.81E-06
159	18	0	0	0	0	0	0	232	254	0	-2.90E-05	1.77E-06	-9.57E-06	-4.81E-06
159	19	0	0	0	0	0	0	232	254	0	-3.45E-05	2.92E-06	-9.73E-06	-4.64E-06
160	0	0	0	0	0	0	0	232	254	0	-3.45E-05	2.92E-06	-9.73E-06	-4.64E-06
160	1	0	0	0	0	0	0	232	254	0	-4.06E-05	6.38E-06	-1.11E-05	-8.03E-06
160	2	0	0	0	0	0	0	232	254	0	-4.06E-05	6.38E-06	-1.11E-05	-8.03E-06
160	3	0	0	0	0	0	0	232	254	0	-4.18E-05	7.74E-06	-1.13E-05	-1.85E-05
160	4	0	0	0	0	0	0	232	254	0	-4.18E-05	7.74E-06	-1.13E-05	-1.85E-05
160	5	0	0	0	0	0	0	232	254	0	-3.87E-05	8.02E-06	-1.00E-05	-2.79E-05
160	6	0	0	0	0	0	0	232	254	0	-3.50E-05	9.17E-06	-6.73E-06	-2.64E-05
160	7	0	0	0	0	0	0	232	254	0	-3.50E-05	9.17E-06	-6.73E-06	-2.64E-05
160	8	0	0	0	0	0	0	232	254	0	-3.09E-05	1.00E-05	-5.69E-06	-1.88E-05
160	9	0	0	0	0	0	0	232	254	0	-3.09E-05	1.00E-05	-5.69E-06	-1.88E-05
160	10	0	0	0	0	0	0	232	254	0	-2.69E-05	9.64E-06	-6.81E-06	-1.15E-05
160	11	0	0	0	0	0	0	232	254	0	-2.69E-05	9.64E-06	-6.81E-06	-1.15E-05
160	12	0	0	0	0	0	0	232	254	0	-2.26E-05	1.02E-05	-6.25E-06	-4.83E-06
160	13	0	0	0	0	0	0	232	254	0	-2.26E-05	1.02E-05	-6.25E-06	-4.83E-06
160	14	0	0	0	0	0	0	232	254	0	-1.97E-05	9.62E-06	-6.75E-06	-7.81E-07
160	15	0	0	0	0	0	0	232	254	0	-1.76E-05	9.68E-06	-8.45E-06	-4.04E-06
160	16	0	0	0	0	0	0	232	254	0	-1.76E-05	9.68E-06	-8.45E-06	-4.04E-06
160	17	0	0	0	0	0	0	232	254	0	-9.95E-06	6.21E-06	-8.88E-06	-1.29E-05
160	18	0	0	0	0	0	0	232	254	0	-9.95E-06	6.21E-06	-8.88E-06	-1.29E-05
160	19	0	0	0	0	0	0	232	254	0	-6.33E-06	3.75E-06	-8.64E-06	-1.81E-05
161	0	0	0	0	0	0	0	232	254	0	-6.33E-06	3.75E-06	-8.64E-06	-1.81E-05
161	1	0	0	0	0	0	0	232	254	0	-1.88E-05	5.78E-06	-7.74E-06	-1.62E-05
161	2	0	0	0	0	0	0	232	254	0	-1.88E-05	5.78E-06	-7.74E-06	-1.62E-05
161	3	0	0	0	0	0	0	232	254	0	-2.38E-05	7.65E-06	-6.60E-06	-1.29E-05
161	4	0	0	0	0	0	0	232	254	0	-1.97E-05	6.68E-06	-7.03E-06	-1.03E-05
161	5	0	0	0	0	0	0	232	254	0	-1.97E-05	6.68E-06	-7.03E-06	-1.03E-05
161	6	0	0	0	0	0	0	232	254	0	-2.12E-05	3.79E-06	-7.03E-06	-1.09E-05
161	7	0	0	0	0	0	0	232	254	0	-2.12E-05	3.79E-06	-7.03E-06	-1.09E-05
161	8	0	0	0	0	0	0	232	254	0	-2.58E-05	4.87E-06	-8.37E-06	-1.09E-05
161	9	0	0	0	0	0	0	232	254	0	-2.58E-05	4.87E-06	-8.37E-06	-1.09E-05
161	10	0	0	0	0	0	0	232	254	0	-2.93E-05	7.83E-06	-9.72E-06	-9.83E-06
161	11	0	0	0	0	0	0	232	254	0	-2.93E-05	7.83E-06	-9.72E-06	-9.83E-06
161	12	0	0	0	0	0	0	232	254	0	-3.08E-05	1.01E-05	-1.10E-05	-9.16E-06
161	13	0	0	0	0	0	0	232	254	0	-2.80E-05	9.92E-06	-1.22E-05	-8.82E-06
161	14	0	0	0	0	0	0	232	254	0	-2.80E-05	9.92E-06	-1.22E-05	-8.82E-06
161	15	0	0	0	0	0	0	232	254	0	-2.11E-05	6.96E-06	-1.30E-05	-1.08E-05
161	16	0	0	0	0	0	0	232	254	0	-2.11E-05	6.96E-06	-1.30E-05	-1.08E-05
161	17	0	0	0	0	0	0	232	254	0	-1.09E-05	3.41E-06	-1.21E-05	-9.42E-06
161	18	0	0	0	0	0	0	232	254	0	-1.09E-05	3.41E-06	-1.21E-05	-9.42E-06
161	19	0	0	0	0	0	0	232	254	0	-6.45E-06	2.35E-06	-1.10E-05	-6.13E-06
162	0	0	0	0	0	0	0	232	254	0	-6.45E-06	2.35E-06	-1.10E-05	-6.13E-06
162	1	0	0	0	0	0	0	232	254	0	-1.47E-05	1.10E-06	-1.06E-05	-1.07E-05
162	2	0	0	0	0	0	0	232	254	0	-2.21E-05	1.85E-06	-1.04E-05	-8.80E-06
162	3	0	0	0	0	0	0	232	254	0	-2.21E-05	1.85E-06	-1.04E-05	-8.80E-06
162	4	0	0	0	0	0	0	232	254	0	-2.17E-05	1.62E-06	-1.05E-05	-8.34E-06
162	5	0	0	0	0	0	0	232	254	0	-2.17E-05	1.62E-06	-1.05E-05	-8.34E-06
162	6	0	0	0	0	0	0	232	254	0	-1.98E-05	-2.05E-07	-1.23E-05	-2.31E-05
162	7	0	0	0	0	0	0	232	254	0	-1.98E-05	-2.05E-07	-1.23E-05	-2.31E-05
162	8	0	0	0	0	0	0	232	254	0	-2.08E-05	-3.74E-07	-1.23E-05	-3.63E-05
162	9	0	0	0	0	0	0	232	254	0	-2.08E-05	-3.74E-07	-1.23E-05	-3.63E-05
162	10	0	0	0	0	0	0	232	254	0	-1.94E-05	9.12E-07	-8.45E-06	-3.34E-05
162	11	0	0	0	0	0	0	232	254	0	-1.72E-05	2.71E-06	-4.74E-06	-1.94E-05
162	12	0	0	0	0	0	0	232	254	0	-1.72E-05	2.71E-06	-4.74E-06	-1.94E-05
162	13	0	0	0	0	0	0	232	254	0	-1.63E-05	1.46E-06	-4.10E-06	-1.48E-05
162	14	0	0	0	0	0	0	232	254	0	-1.63E-05	1.46E-06	-4.10E-06	-1.48E-05
162	15	0	0	0	0	0	0	232	254	0	-1.61E-05	1.08E-06	-7.33E-06	-1.39E-05
162	16	0	0	0	0	0	0	232	254	0	-1.61E-05	1.08E-06	-7.33E-06	-1.39E-05
162	17	0	0	0	0	0	0	232	254	0	-1.58E-05	1.68E-06	-6.66E-06	-1.21E-05
162	18	0	0	0	0	0	0	232	254	0	-1.58E-05	1.68E-06	-6.66E-06	-1.21E-05
162	19	0	0	0	0	0	0	232	254	0	-1.48E-05	2.10E-06	-4.53E-06	-1.06E-05
163	0	0	0	0	0	0	0	232	254	0	-1.63E-05	5.56E-06	-2.07E-06	-1.11E-05
163	1	0	0	0	0	0	0	232	254	0	-1.63E-05	5.56E-06	-2.07E-06	-1.11E-05
163	2	0	0	0	0	0	0	232	254	0	-1.70E-05	5.50E-06	-4.79E-06	-1.17E-05
163	3	0	0	0	0	0	0	232	254	0	-1.70E-05	5.50E-06	-4.79E-06	-1.17E-05
163	4	0	0	0	0	0	0	232	254	0	-2.07E-05	3.73E-06	-1.25E-05	-1.28E-05
163	5	0	0	0	0	0	0	232	254	0	-2.07E-05	3.73E-06	-1.25E-05	-1.28E-05
163	6	0	0	0	0	0	0	232	254	0	-2.40E-05	2.76E-06	-1.41E-05	-1.35E-05
163	7	0	0	0	0	0	0	232	254	0	-2.40E-05	2.76E-06	-1.41E-05	-1.35E-05
163	8	0	0	0	0	0	0	232	254	0	-2.66E-05	3.45E-06	-1.32E-05	-1.27E-05
163	9	0	0	0	0	0	0	232	254	0	-2.58E-05	4.16E-06	-1.56E-05	-1.37E-05
163	10	0	0	0	0	0	0	232	254	0	-2.58E-05	4.16E-06	-1.56E-05	-1.37E-05
163	11	0	0	0	0	0	0	232	254	0	-2.43E-05	3.93E-06	-1.83E-05	-1.42E-05
163	12	0	0	0	0	0	0	232	254	0	-2.43E-05	3.93E-06	-1.83E-05	-1.42E-05
163	13	0	0	0	0	0	0	232	254	0	-2.43E-05	4.53E-06	-1.78E-05	-7.93E-06
163	14	0	0	0	0	0	0	232	254	0	-2.43E-05	4.53E-06	-1.78E-05	-7.93E-06
163	15	0	0	0	0	0	0	232	254	0	-2.43E-05	4.46E-06	-1.29E-05	-3.00E-06
163	16	0	0	0	0	0	0	232	254	0	-2.43E-05	4.46E-06	-1.29E-05	-3.00E-06
163	17	0	0	0	0	0	0	232	254	0	-2.37E-05	3.82E-06	-4.11E-06	-4.20E-06
163	18	0	0	0	0	0	0	232	254	0	-2.39E-05	3.60E-06	5.79E-07	-4.20E-06
163	19	0	0	0	0	0	0	232	254	0	-2.39E-05	3.60E-06	5.79E-07	-4.20E-06
164	0	0	0	0	0	0	0	232	254	0	-2.43E-05	4.14E-06	-5.02E-07	-5.16E-06
164	1	0	0	0	0	0	0	232	254	0	-2.43E-05	4.14E-06	-5.02E-07	-5.16E-06
164	2	0	0	0	0	0	0	232	254	0	-2.39E-05	3.67E-06	-3.47E-06	-1.27E-05
164	3	0	0	0	0	0	0	232	254	0	-2.39E-05	3.67E-06	-3.47E-06	-1.27E-05
164	4	0	0	0	0	0	0	232	254	0	-2.50E-05	3.51E-06	-5.47E-06	-1.06E-05
164	5	0	0	0	0	0	0	232	254	0	-2.50E-05	3.51E-06	-5.47E-06	-1.06E-05
164	6	0	0	0	0	0	0	232	254	0	-2.72E-05	3.52E-06	-3.36E-06	-8.86E-06
164	7	0	0	0	0	0	0	232	254	0	-2.73E-05	5.18E-06	-2.26E-06	-1.39E-05
164	8	0	0	0	0	0	0	232	254	0	-2.73E-05	5.18E-06	-2.26E-06	-1.39E-05
164	9	0	0	0	0	0	0	232	254	0	-2.73E-05	7.98E-06	-4.42E-06	-1.36E-05
164	10	0	0	0	0	0	0	232	254	0	-2.73E-05	7.98E-06	-4.42E-06	-1.36E-05
164	11	0	0	0	0	0	0	232	254	0	-2.82E-05	1.02E-05	-6.43E-06	-1.37E-05
164	12	0	0	0	0	0	0	232	254	0	-2.82E-05	1.02E-05	-6.43E-06	-1.37E-05
164	13	0	0	0	0	0	0	232	254	0	-2.62E-05	1.06E-05	-8.67E-06	-1.47E-05
164	14	0	0	0	0	0	0	232	254	0	-2.62E-05	1.06E-05	-8.67E-06	-1.47E-05
164	15	0	0	0	0	0	0	232	254	0	-2.34E-05	8.19E-06	-1.20E-05	-1.42E-05
164	16	0	0	0	0	0	0	232	254	0	-2.03E-05	7.85E-06	-9.74E-06	-1.38E-05
164	17	0	0	0	0	0	0	232	254	0	-2.03E-05	7.85E-06	-9.74E-06	-1.38E-05
164	18	0	0	0	0	0	0	232	254	0	-1.97E-05	7.53E-06	-5.98E-06	-1.52E-05
164	19	0	0	0	0	0	0	232	254	0	-1.97E-05	7.53E-06	-5.98E-06	-1.52E-05
165	0	0	0	0	0	0	0	232	254	0	-1.75E-05	7.48E-06	-9.65E-06	-1.43E-05
165	1	0	0	0	0	0	0	232	254	0	-1.75E-05	7.48E-06	-9.65E-06	-1.43E-05
165	2	0	0	0	0	0	0	232	254	0	-1.64E-05	8.17E-06	-2.27E-05	-1.41E-05
165	3	0	0	0	0	0	0	232	254	0	-1.64E-05	8.17E-06	-2.27E-05	-1.41E-05
165	4	0	0	0	0	0	0	232	254	0	-1.44E-05	7.63E-06	-3.64E-05	-1.29E-05
165	5	0	0	0	0	0	0	232	254	0	-1.41E-05	6.77E-06	-4.33E-05	-1.11E-05
165	6	0	0	0	0	0	0	232	254	0	-1.41E-05	6.77E-06	-4.33E-05	-1.11E-05
165	7	0	0	0	0	0	0	232	254	0	-2.34E-05	5.89E-06	-3.53E-05	-9.74E-06
165	8	0	0	0	0	0	0	232	254	0	-2.34E-05	5.89E-06	-3.53E-05	-9.74E-06
165	9	0	0	0	0	0	0	232	254	0	-2.96E-05	6.25E-06	-2.61E-05	-9.75E-06
165	10	0	0	0	0	0	0	232	254	0	-2.96E-05	6.25E-06	-2.61E-05	-9.75E-06
165	11	0	0	0	0	0	0	232	254	0	-2.84E-05	7.94E-06	-2.19E-05	-1.00E-05
165	12	0	0	0	0	0	0	232	254	0	-2.84E-05	7.94E-06	-2.19E-05	-1.00E-05
165	13	0	0	0	0	0	0	232	254	0	-2.55E-05	8.49E-06	-5.70E-06	-1.11E-05
165	14	0	0	0	0	0	0	232	254	0	-2.09E-05	9.16E-06	1.32E-05	-1.28E-05
165	15	0	0	0	0	0	0	232	254	0	-2.09E-05	9.16E-06	1.32E-05	-1.28E-05
165	16	0	0	0	0	0	0	232	254	0	-1.41E-05	8.34E-06	2.32E-05	-1.45E-05
165	17	0	0	0	0	0	0	232	254	0	-1.41E-05	8.34E-06	2.32E-05	-1.45E-05
165	18	0	0	0	0	0	0	232	254	0	-1.14E-05	6.45E-06	2.20E-05	-1.01E-05
165	19	0	0	0	0	0	0	232	254	0	-1.14E-05	6.45E-06	2.20E-05	-1.01E-05
166	0	0	0	0	0	0	0	232	254	0	-1.35E-05	5.76E-06	6.18E-06	-4.09E-06
166	1	0	0	0	0	0	0	232	254	0	-1.35E-05	5.76E-06	6.18E-06	-4.09E-06
166	2	0	0	0	0	0	0	232	254	0	-1.67E-05	6.17E-06	-2.44E-06	-1.33E-07
166	3	0	0	0	0	0	0	232	254	0	-1.87E-05	5.87E-06	-4.79E-06	1.74E-06
166	4	0	0	0	0	0	0	232	254	0	-1.87E-05	5.87E-06	-4.79E-06	1.74E-06
166	5	0	0	0	0	0	0	232	254	0	-2.12E-05	5.82E-06	-6.86E-06	-9.04E-06
166	6	0	0	0	0	0	0	232	254	0	-2.12E-05	5.82E-06	-6.86E-06	-9.04E-06
166	7	0	0	0	0	0	0	232	254	0	-2.40E-05	5.39E-06	-6.47E-06	-2.42E-05
166	8	0	0	0	0	0	0	232	254	0	-2.40E-05	5.39E-06	-6.47E-06	-2.42E-05
166	9	0	0	0	0	0	0	232	254	0	-2.42E-05	5.41E-06	-4.23E-06	-2.73E-05
166	10	0	0	0	0	0	0	232	254	0	-2.42E-05	5.41E-06	-4.23E-06	-2.73E-05
166	11	0	0	0	0	0	0	232	254	0	-2.35E-05	4.29E-06	-1.85E-06	-1.77E-05
166	12	0	0	0	0	0	0	232	254	0	-2.52E-05	3.79E-06	-2.33E-06	-1.81E-05
166	13	0	0	0	0	0	0	232	254	0	-2.52E-05	3.79E-06	-2.33E-06	-1.81E-05
166	14	0	0	0	0	0	0	232	254	0	-2.53E-05	4.48E-06	-6.43E-06	-1.92E-05
166	15	0	0	0	0	0	0	232	254	0	-2.53E-05	4.48E-06	-6.43E-06	-1.92E-05
166	16	0	0	0	0	0	0	232	254	0	-2.53E-05	4.01E-06	-8.24E-06	-1.89E-05
166	17	0	0	0	0	0	0	232	254	0	-2.53E-05	4.01E-06	-8.24E-06	-1.89E-05
166	18	0	0	0	0	0	0	232	254	0	-2.44E-05	3.90E-06	-8.52E-06	-2.55E-05
166	19	0	0	0	0	0	0	232	254	0	-2.44E-05	3.90E-06	-8.52E-06	-2.55E-05
167	0	0	0	0	0	0	0	232	254	0	-2.35E-05	4.08E-06	-9.51E-06	-1.91E-05
167	1	0	0	0	0	0	0	232	254	0	-2.36E-05	3.19E-06	-9.05E-06	-1.20E-05
167	2	0	0	0	0	0	0	232	254	0	-2.36E-05	3.19E-06	-9.05E-06	-1.20E-05
167	3	0	0	0	0	0	0	232	254	0	-2.28E-05	3.24E-06	-8.97E-06	-1.31E-05
167	4	0	0	0	0	0	0	232	254	0	-2.28E-05	3.24E-06	-8.97E-06	-1.31E-05
167	5	0	0	0	0	0	0	232	254	0	-2.17E-05	3.75E-06	-9.83E-06	-1.38E-05
167	6	0	0	0	0	0	0	232	254	0	-2.17E-05	3.75E-06	-9.83E-06	-1.38E-05
167	7	0	0	0	0	0	0	232	254	0	-2.23E-05	4.01E-06	-1.22E-05	-1.16E-05
167	8	0	0	0	0	0	0	232	254	0	-2.23E-05	4.01E-06	-1.22E-05	-1.16E-05
167	9	0	0	0	0	0	0	232	254	0	-2.35E-05	2.46E-06	-1.46E-05	-1.22E-05
167	10	0	0	0	0	0	0	232	254	0	-2.21E-05	2.18E-06	-1.72E-05	-1.58E-05
167	11	0	0	0	0	0	0	232	254	0	-2.21E-05	2.18E-06	-1.72E-05	-1.58E-05
167	12	0	0	0	0	0	0	232	254	0	-2.16E-05	3.41E-06	-1.90E-05	-1.37E-05
167	13	0	0	0	0	0	0	232	254	0	-2.16E-05	3.41E-06	-1.90E-05	-1.37E-05
167	14	0	0	0	0	0	0	232	254	0	-2.14E-05	2.46E-06	-1.76E-05	-3.47E-06
167	15	0	0	0	0	0	0	232	254	0	-2.14E-05	2.46E-06	-1.76E-05	-3.47E-06
167	16	0	0	0	0	0	0	232	254	0	-2.21E-05	2.16E-06	-1.72E-05	-2.55E-06
167	17	0	0	0	0	0	0	232	254	0	-2.21E-05	2.16E-06	-1.72E-05	-2.55E-06
167	18	0	0	0	0	0	0	232	254	0	-2.13E-05	3.36E-06	-1.76E-05	-1.05E-05
167	19	0	0	0	0	0	0	232	254	0	-2.13E-05	3.30E-06	-1.75E-05	-1.74E-05
168	0	0	0	0	0	0	0	232	254	0	-2.13E-05	3.30E-06	-1.75E-05	-1.74E-05
168	1	0	0	0	0	0	0	232	254	0	-2.26E-05	2.93E-06	-1.67E-05	-1.35E-05
168	2	0	0	0	0	0	0	232	254	0	-2.26E-05	2.93E-06	-1.67E-05	-1.35E-05
168	3	0	0	0	0	0	0	232	254	0	-2.32E-05	3.64E-06	-1.42E-05	-5.76E-06
168	4	0	0	0	0	0	0	232	254	0	-2.32E-05	3.64E-06	-1.42E-05	-5.76E-06
168	5	0	0	0	0	0	0	232	254	0	-2.22E-05	4.42E-06	-1.09E-05	-1.68E-06
168	6	0	0	0	0	0	0	232	254	0	-2.22E-05	4.42E-06	-1.09E-05	-1.68E-06
168	7	0	0	0	0	0	0	232	254	0	-2.15E-05	3.60E-06	-8.00E-06	2.59E-06
168	8	0	0	0	0	0	0	232	254	0	-2.08E-05	4.20E-06	-9.42E-06	3.05E-06
168	9	0	0	0	0	0	0	232	254	0	-2.08E-05	4.20E-06	-9.42E-06	3.05E-06
168	10	0	0	0	0	0	0	232	254	0	-2.18E-05	4.01E-06	-1.40E-05	-1.05E-05
168	11	0	0	0	0	0	0	232	254	0	-2.18E-05	4.01E-06	-1.40E-05	-1.05E-05
168	12	0	0	0	0	0	0	232	254	0	-2.28E-05	2.50E-06	-1.70E-05	-2.44E-05
168	13	0	0	0	0	0	0	232	254	0	-2.28E-05	2.50E-06	-1.70E-05	-2.44E-05
168	14	0	0	0	0	0	0	232	254	0	-2.09E-05	2.37E-06	-1.54E-05	-3.05E-05
168	15	0	0	0	0	0	0	232	254	0	-2.09E-05	2.37E-06	-1.54E-05	-3.05E-05
168	16	0	0	0	0	0	0	232	254	0	-1.90E-05	2.67E-06	-1.04E-05	-2.76E-05
168	17	0	0	0	0	0	0	232	254	0	-1.90E-05	3.93E-06	-8.00E-06	-2.08E-05
168	18	0	0	0	0	0	0	232	254	0	-1.90E-05	3.93E-06	-8.00E-06	-2.08E-05
168	19	0	0	0	0	0	0	232	254	0	-1.94E-05	4.42E-06	-1.02E-05	-1.31E-05
169	0	0	0	0	0	0	0	232	254	0	-1.94E-05	4.42E-06	-1.02E-05	-1.31E-05
169	1	0	0	0	0	0	0	232	254	0	-1.99E-05	3.34E-06	-9.87E-06	-3.39E-06
169	2	0	0	0	0	0	0	232	254	0	-1.99E-05	3.34E-06	-9.87E-06	-3.39E-06
169	3	0	0	0	0	0	0	232	254	0	-2.02E-05	1.88E-06	-9.29E-06	-3.34E-06
169	4	0	0	0	0	0	0	232	254	0	-2.02E-05	1.88E-06	-9.29E-06	-3.34E-06
169	5	0	0	0	0	0	0	232	254	0	-1.91E-05	2.29E-06	-6.88E-06	-1.17E-05
169	6	0	0	0	0	0	0	232	254	0	-1.88E-05	3.32E-06	-5.11E-06	-1.59E-05
169	7	0	0	0	0	0	0	232	254	0	-1.88E-05	3.32E-06	-5.11E-06	-1.59E-05
169	8	0	0	0	0	0	0	232	254	0	-2.04E-05	4.33E-06	-1.44E-06	-1.79E-05
169	9	0	0	0	0	0	0	232	254	0	-2.04E-05	4.33E-06	-1.44E-06	-1.79E-05
169	10	0	0	0	0	0	0	232	254	0	-2.00E-05	3.95E-06	-5.42E-08	-1.70E-05
169	11	0	0	0	0	0	0	232	254	0	-2.00E-05	3.95E-06	-5.42E-08	-1.70E-05
169	12	0	0	0	0	0	0	232	254	0	-2.00E-05	3.47E-06	-5.20E-06	-1.20E-05
169	13	0	0	0	0	0	0	232	254	0	-2.00E-05	3.47E-06	-5.20E-06	-1.20E-05
169	14	0	0	0	0	0	0	232	254	0	-2.04E-05	4.44E-06	-1.10E-05	-1.11E-05
169	15	0	0	0	0	0	0	232	254	0	-2.08E-05	5.28E-06	-1.36E-05	-1.68E-05
169	16	0	0	0	0	0	0	232	254	0	-2.08E-05	5.28E-06	-1.36E-05	-1.68E-05
169	17	0	0	0	0	0	0	232	254	0	-2.03E-05	7.14E-06	-8.75E-06	-1.49E-05
169	18	0	0	0	0	0	0	232	254	0	-2.03E-05	7.14E-06	-8.75E-06	-1.49E-05
169	19	0	0	0	0	0	0	232	254	0	-2.01E-05	6.42E-06	-1.14E-05	-6.98E-06
170	0	0	0	0	0	0	0	232	254	0	-2.01E-05	6.42E-06	-1.14E-05	-6.98E-06
170	1	0	0	0	0	0	0	232	254	0	-2.11E-05	5.28E-06	-2.05E-05	-2.57E-06
170	2	0	0	0	0	0	0	232	254	0	-2.11E-05	5.28E-06	-2.05E-05	-2.57E-06
170	3	0	0	0	0	0	0	232	254	0	-2.21E-05	4.53E-06	-1.41E-05	-4.38E-06
170	4	0	0	0	0	0	0	232	254	0	-2.29E-05	4.46E-06	5.12E-06	-4.66E-06
170	5	0	0	0	0	0	0	232	254	0	-2.29E-05	4.46E-06	5.12E-06	-4.66E-06
170	6	0	0	0	0	0	0	232	254	0	-2.20E-05	3.71E-06	1.68E-05	-6.13E-06
170	7	0	0	0	0	0	0	232	254	0	-2.20E-05	3.71E-06	1.68E-05	-6.13E-06
170	8	0	0	0	0	0	0	232	254	0	-2.20E-05	2.52E-06	1.71E-05	-9.66E-06
170	9	0	0	0	0	0	0	232	254	0	-2.20E-05	2.52E-06	1.71E-05	-9.66E-06
170	10	0	0	0	0	0	0	232	254	0	-2.38E-05	2.52E-06	5.89E-06	-1.05E-05
170	11	0	0	0	0	0	0	232	254	0	-2.38E-05	2.52E-06	5.89E-06	-1.05E-05
170	12	0	0	0	0	0	0	232	254	0	-2.60E-05	2.70E-06	-4.83E-06	-1.20E-05
170	13	0	0	0	0	0	0	232	254	0	-2.69E-05	4.23E-06	-5.73E-06	-1.51E-05
170	14	0	0	0	0	0	0	232	254	0	-2.69E-05	4.23E-06	-5.73E-06	-1.51E-05
170	15	0	0	0	0	0	0	232	254	0	-2.47E-05	4.57E-06	-5.43E-06	-1.64E-05
170	16	0	0	0	0	0	0	232	254	0	-2.47E-05	4.57E-06	-5.43E-06	-1.64E-05
170	17	0	0	0	0	0	0	232	254	0	-2.25E-05	5.05E-06	-1.28E-05	-1.40E-05
170	18	0	0	0	0	0	0	232	254	0	-2.25E-05	5.05E-06	-1.28E-05	-1.40E-05
170	19	0	0	0	0	0	0	232	254	0	-2.13E-05	6.55E-06	-1.51E-05	-1.18E-05
171	0	0	0	0	0	0	0	232	254	0	-2.13E-05	6.55E-06	-1.51E-05	-1.18E-05
171	1	0	0	0	0	0	0	232	254	0	-2.08E-05	6.75E-06	-1.75E-05	-1.11E-05
171	2	0	0	0	0	0	0	232	254	0	-1.92E-05	8.45E-06	-2.70E-05	-1.00E-05
171	3	0	0	0	0	0	0	232	254	0	-1.92E-05	8.45E-06	-2.70E-05	-1.00E-05
171	4	0	0	0	0	0	0	232	254	0	-1.77E-05	8.93E-06	-2.01E-05	-1.11E-05
171	5	0	0	0	0	0	0	232	254	0	-1.77E-05	8.93E-06	-2.01E-05	-1.11E-05
171	6	0	0	0	0	0	0	232	254	0	-1.29E-05	9.16E-06	-7.70E-06	-1.16E-05
171	7	0	0	0	0	0	0	232	254	0	-1.29E-05	9.16E-06	-7.70E-06	-1.16E-05
171	8	0	0	0	0	0	0	232	254	0	-1.14E-05	8.45E-06	-6.75E-06	-1.20E-05
171	9	0	0	0	0	0	0	232	254	0	-1.14E-05	8.45E-06	-6.75E-06	-1.20E-05
171	10	0	0	0	0	0	0	232	254	0	-1.43E-05	7.48E-06	-1.09E-05	-1.32E-05
171	11	0	0	0	0	0	0	232	254	0	-1.73E-05	6.83E-06	-9.12E-06	-1.43E-05
171	12	0	0	0	0	0	0	232	254	0	-1.73E-05	6.83E-06	-9.12E-06	-1.43E-05
171	13	0	0	0	0	0	0	232	254	0	-1.95E-05	6.40E-06	-2.57E-06	-1.28E-05
171	14	0	0	0	0	0	0	232	254	0	-1.95E-05	6.40E-06	-2.57E-06	-1.28E-05
171	15	0	0	0	0	0	0	232	254	0	-2.23E-05	6.43E-06	-1.01E-06	-1.03E-05
171	16	0	0	0	0	0	0	232	254	0	-2.23E-05	6.43E-06	-1.01E-06	-1.03E-05
171	17	0	0	0	0	0	0	232	254	0	-2.09E-05	5.46E-06	-6.84E-06	-1.06E-05
171	18	0	0	0	0	0	0	232	254	0	-2.09E-05	5.46E-06	-6.84E-06	-1.06E-05
171	19	0	0	0	0	0	0	232	254	0	-2.03E-05	4.81E-06	-1.05E-05	-1.11E-05
172	0	0	0	0	0	0	0	232	254	0	-2.15E-05	4.46E-06	-1.01E-05	-1.24E-05
172	1	0	0	0	0	0	0	232	254	0	-2.15E-05	4.46E-06	-1.01E-05	-1.24E-05
172	2	0	0	0	0	0	0	232	254	0	-2.03E-05	5.39E-06	-9.21E-06	-1.94E-05
172	3	0	0	0	0	0	0	232	254	0	-2.03E-05	5.39E-06	-9.21E-06	-1.94E-05
172	4	0	0	0	0	0	0	232	254	0	-2.02E-05	6.88E-06	-8.99E-06	-2.19E-05
172	5	0	0	0	0	0	0	232	254	0	-2.02E-05	6.88E-06	-8.99E-06	-2.19E-05
172	6	0	0	0	0	0	0	232	254	0	-2.20E-05	6.84E-06	-8.56E-06	-1.51E-05
172	7	0	0	0	0	0	0	232	254	0	-2.20E-05	6.84E-06	-8.56E-06	-1.51E-05
172	8	0	0	0	0	0	0	232	254	0	-2.11E-05	6.40E-06	-1.05E-05	-1.25E-05
172	9	0	0	0	0	0	0	232	254	0	-2.16E-05	5.26E-06	-1.53E-05	-1.20E-05
172	10	0	0	0	0	0	0	232	254	0	-2.16E-05	5.26E-06	-1.53E-05	-1.20E-05
172	11	0	0	0	0	0	0	232	254	0	-2.13E-05	5.69E-06	-1.63E-05	-1.32E-05
172	12	0	0	0	0	0	0	232	254	0	-2.13E-05	5.69E-06	-1.63E-05	-1.32E-05
172	13	0	0	0	0	0	0	232	254	0	-2.21E-05	5.58E-06	-1.39E-05	-1.51E-05
172	14	0	0	0	0	0	0	232	254	0	-2.21E-05	5.58E-06	-1.39E-05	-1.51E-05
172	15	0	0	0	0	0	0	232	254	0	-2.13E-05	5.65E-06	-1.33E-05	-1.52E-05
172	16	0	0	0	0	0	0	232	254	0	-2.13E-05	5.65E-06	-1.33E-05	-1.52E-05
172	17	0	0	0	0	0	0	232	254	0	-2.10E-05	3.77E-06	-1.32E-05	-1.49E-05
172	18	0	0	0	0	0	0	232	254	0	-1.99E-05	3.11E-06	-9.64E-06	-1.46E-05
172	19	0	0	0	0	0	0	232	254	0	-1.99E-05	3.11E-06	-9.64E-06	-1.46E-05
173	0	0	0	0	0	0	0	232	254	0	-1.97E-05	3.86E-06	-5.17E-06	-1.36E-05
173	1	0	0	0	0	0	0	232	254	0	-1.97E-05	3.86E-06	-5.17E-06	-1.36E-05
173	2	0	0	0	0	0	0	232	254	0	-2.05E-05	3.86E-06	-7.78E-06	-1.37E-05
173	3	0	0	0	0	0	0	232	254	0	-2.05E-05	3.86E-06	-7.78E-06	-1.37E-05
173	4	0	0	0	0	0	0	232	254	0	-2.10E-05	3.80E-06	-9.49E-06	-1.43E-05
173	5	0	0	0	0	0	0	232	254	0	-2.10E-05	3.80E-06	-9.49E-06	-1.43E-05
173	6	0	0	0	0	0	0	232	254	0	-2.08E-05	3.26E-06	-9.16E-06	-1.31E-05
173	7	0	0	0	0	0	0	232	254	0	-2.02E-05	2.65E-06	-1.15E-05	-1.28E-05
173	8	0	0	0	0	0	0	232	254	0	-2.02E-05	2.65E-06	-1.15E-05	-1.28E-05
173	9	0	0	0	0	0	0	232	254	0	-1.90E-05	3.56E-06	-1.37E-05	-1.20E-05
173	10	0	0	0	0	0	0	232	254	0	-1.90E-05	3.56E-06	-1.37E-05	-1.20E-05
173	11	0	0	0	0	0	0	232	254	0	-1.96E-05	2.57E-06	-1.48E-05	-1.38E-05
173	12	0	0	0	0	0	0	232	254	0	-1.96E-05	2.57E-06	-1.48E-05	-1.38E-05
173	13	0	0	0	0	0	0	232	254	0	-1.90E-05	3.11E-06	-1.33E-05	-1.53E-05
173	14	0	0	0	0	0	0	232	254	0	-1.90E-05	3.11E-06	-1.33E-05	-1.53E-05
173	15	0	0	0	0	0	0	232	254	0	-1.83E-05	3.79E-06	-1.13E-05	-1.43E-05
173	16	0	0	0	0	0	0	232	254	0	-1.84E-05	3.25E-06	-1.19E-05	-1.15E-05
173	17	0	0	0	0	0	0	232	254	0	-1.84E-05	3.25E-06	-1.19E-05	-1.15E-05
173	18	0	0	0	0	0	0	232	254	0	-1.99E-05	3.75E-06	-1.27E-05	-4.96E-06
173	19	0	0	0	0	0	0	232	254	0	-1.99E-05	3.75E-06	-1.27E-05	-4.96E-06
174	0	0	0	0	0	0	0	232	254	0	-2.16E-05	4.27E-06	-1.02E-05	-4.29E-07
174	1	0	0	0	0	0	0	232	254	0	-2.16E-05	4.27E-06	-1.02E-05	-4.29E-07
174	2	0	0	0	0	0	0	232	254	0	-2.14E-05	5.04E-06	-4.81E-06	-1.83E-06
174	3	0	0	0	0	0	0	232	254	0	-2.14E-05	5.04E-06	-4.81E-06	-1.83E-06
174	4	0	0	0	0	0	0	232	254	0	-2.18E-05	6.38E-06	-9.04E-06	-7.70E-06
174	5	0	0	0	0	0	0	232	254	0	-2.16E-05	6.25E-06	-1.41E-05	-1.29E-05
174	6	0	0	0	0	0	0	232	254	0	-2.16E-05	6.25E-06	-1.41E-05	-1.29E-05
174	7	0	0	0	0	0	0	232	254	0	-2.13E-05	5.11E-06	-1.28E-05	-1.20E-05
174	8	0	0	0	0	0	0	232	254	0	-2.13E-05	5.11E-06	-1.28E-05	-1.20E-05
174	9	0	0	0	0	0	0	232	254	0	-2.12E-05	4.51E-06	-1.08E-05	-9.27E-06
174	10	0	0	0	0	0	0	232	254	0	-2.12E-05	4.51E-06	-1.08E-05	-9.27E-06
174	11	0	0	0	0	0	0	232	254	0	-2.00E-05	5.61E-06	-1.03E-05	-1.22E-05
174	12	0	0	0	0	0	0	232	254	0	-2.00E-05	5.61E-06	-1.03E-05	-1.22E-05
174	13	0	0	0	0	0	0	232	254	0	-2.02E-05	4.90E-06	-1.03E-05	-1.20E-05
174	14	0	0	0	0	0	0	232	254	0	-1.98E-05	5.24E-06	-7.78E-06	-1.61E-05
174	15	0	0	0	0	0	0	232	254	0	-1.98E-05	5.24E-06	-7.78E-06	-1.61E-05
174	16	0	0	0	0	0	0	232	254	0	-2.08E-05	5.32E-06	-6.84E-06	-3.27E-05
174	17	0	0	0	0	0	0	232	254	0	-2.08E-05	5.32E-06	-6.84E-06	-3.27E-05
174	18	0	0	0	0	0	0	232	254	0	-2.10E-05	3.38E-06	-6.28E-06	-2.52E-05
174	19	0	0	0	0	0	0	232	254	0	-2.10E-05	3.38E-06	-6.28E-06	-2.52E-05
175	0	0	0	0	0	0	0	232	254	0	-2.09E-05	2.22E-06	-4.38E-06	-1.79E-05
175	1	0	0	0	0	0	0	232	254	0	-2.09E-05	2.22E-06	-4.38E-06	-1.79E-05
175	2	0	0	0	0	0	0	232	254	0	-2.04E-05	2.59E-06	-6.08E-06	-2.09E-05
175	3	0	0	0	0	0	0	232	254	0	-1.87E-05	3.23E-06	-7.59E-06	-2.39E-05
175	4	0	0	0	0	0	0	232	254	0	-1.87E-05	3.23E-06	-7.59E-06	-2.39E-05
175	5	0	0	0	0	0	0	232	254	0	-1.90E-05	3.56E-06	-6.36E-06	-2.23E-05
175	6	0	0	0	0	0	0	232	254	0	-1.90E-05	3.56E-06	-6.36E-06	-2.23E-05
175	7	0	0	0	0	0	0	232	254	0	-1.93E-05	3.94E-06	-4.83E-06	-1.34E-05
175	8	0	0	0	0	0	0	232	254	0	-1.93E-05	3.94E-06	-4.83E-06	-1.34E-05
175	9	0	0	0	0	0	0	232	254	0	-1.91E-05	4.61E-06	-4.68E-06	-1.00E-05
175	10	0	0	0	0	0	0	232	254	0	-1.91E-05	4.61E-06	-4.68E-06	-1.00E-05
175	11	0	0	0	0	0	0	232	254	0	-2.01E-05	5.24E-06	-6.02E-06	-1.68E-05
175	12	0	0	0	0	0	0	232	254	0	-2.09E-05	5.46E-06	-7.18E-06	-1.96E-05
175	13	0	0	0	0	0	0	232	254	0	-2.09E-05	5.46E-06	-7.18E-06	-1.96E-05
175	14	0	0	0	0	0	0	232	254	0	-2.08E-05	4.76E-06	-6.51E-06	-1.09E-05
175	15	0	0	0	0	0	0	232	254	0	-2.08E-05	4.76E-06	-6.51E-06	-1.09E-05
175	16	0	0	0	0	0	0	232	254	0	-2.23E-05	3.94E-06	-3.45E-06	-7.81E-06
175	17	0	0	0	0	0	0	232	254	0	-2.23E-05	3.94E-06	-3.45E-06	-7.81E-06
175	18	0	0	0	0	0	0	232	254	0	-2.31E-05	4.61E-06	-3.38E-06	-8.62E-06
175	19	0	0	0	0	0	0	232	254	0	-2.31E-05	4.61E-06	-3.38E-06	-8.62E-06
176	0	0	0	0	0	0	0	232	254	0	-2.15E-05	5.20E-06	-8.11E-06	-9.01E-06
176	1	0	0	0	0	0	0	232	254	0	-2.08E-05	5.24E-06	-1.25E-05	-8.39E-06
176	2	0	0	0	0	0	0	232	254	0	-2.08E-05	5.24E-06	-1.25E-05	-8.39E-06
176	3	0	0	0	0	0	0	232	254	0	-2.22E-05	5.17E-06	-1.17E-05	-6.98E-06
176	4	0	0	0	0	0	0	232	254	0	-2.22E-05	5.17E-06	-1.17E-05	-6.98E-06
176	5	0	0	0	0	0	0	232	254	0	-2.27E-05	2.29E-06	-8.56E-06	-6.62E-06
176	6	0	0	0	0	0	0	232	254	0	-2.27E-05	2.29E-06	-8.56E-06	-6.62E-06
176	7	0	0	0	0	0	0	232	254	0	-2.29E-05	3.19E-06	-1.16E-05	-8.75E-06
176	8	0	0	0	0	0	0	232	254	0	-2.29E-05	3.19E-06	-1.16E-05	-8.75E-06
176	9	0	0	0	0	0	0	232	254	0	-2.09E-05	3.08E-06	-1.46E-05	-9.92E-06
176	10	0	0	0	0	0	0	232	254	0	-2.05E-05	2.37E-06	-1.39E-05	-7.11E-06
176	11	0	0	0	0	0	0	232	254	0	-2.05E-05	2.37E-06	-1.39E-05	-7.11E-06
176	12	0	0	0	0	0	0	232	254	0	-2.17E-05	3.92E-06	-1.01E-05	-4.94E-06
176	13	0	0	0	0	0	0	232	254	0	-2.17E-05	3.92E-06	-1.01E-05	-4.94E-06
176	14	0	0	0	0	0	0	232	254	0	-2.15E-05	4.23E-06	-4.79E-06	-5.39E-06
176	15	0	0	0	0	0	0	232	254	0	-2.15E-05	4.23E-06	-4.79E-06	-5.39E-06
176	16	0	0	0	0	0	0	232	254	0	-2.04E-05	3.36E-06	-7.78E-06	-4.21E-06
176	17	0	0	0	0	0	0	232	254	0	-2.04E-05	3.36E-06	-7.78E-06	-4.21E-06
176	18	0	0	0	0	0	0	232	254	0	-2.02E-05	4.83E-06	-1.45E-05	-4.68E-06
176	19	0	0	0	0	0	0	232	254	0	-2.32E-05	5.91E-06	-1.03E-05	-6.77E-06
177	0	0	0	0	0	0	0	232	254	0	-2.32E-05	5.91E-06	-1.03E-05	-6.77E-06
177	1	0	0	0	0	0	0	232	254	0	-2.45E-05	6.08E-06	-2.67E-06	-2.89E-06
177	2	0	0	0	0	0	0	232	254	0	-2.45E-05	6.08E-06	-2.67E-06	-2.89E-06
177	3	0	0	0	0	0	0	232	254	0	-2.39E-05	4.90E-06	-2.65E-06	-1.81E-06
177	4	0	0	0	0	0	0	232	254	0	-2.39E-05	4.90E-06	-2.65E-06	-1.81E-06
177	5	0	0	0	0	0	0	232	254	0	-2.02E-05	3.94E-06	-1.49E-05	-1.36E-05
177	6	0	0	0	0	0	0	232	254	0	-2.02E-05	3.94E-06	-1.49E-05	-1.36E-05
177	7	0	0	0	0	0	0	232	254	0	-1.98E-05	4.61E-06	-1.70E-05	-2.44E-05
177	8	0	0	0	0	0	0	232	254	0	-2.13E-05	5.26E-06	-1.66E-06	-2.77E-05
177	9	0	0	0	0	0	0	232	254	0	-2.13E-05	5.26E-06	-1.66E-06	-2.77E-05
177	10	0	0	0	0	0	0	232	254	0	-2.10E-05	5.65E-06	1.39E-05	-2.66E-05
177	11	0	0	0	0	0	0	232	254	0	-2.10E-05	5.65E-06	1.39E-05	-2.66E-05
177	12	0	0	0	0	0	0	232	254	0	-2.09E-05	5.26E-06	1.55E-05	-1.60E-05
177	13	0	0	0	0	0	0	232	254	0	-2.09E-05	5.26E-06	1.55E-05	-1.60E-05
177	14	0	0	0	0	0	0	232	254	0	-2.18E-05	5.69E-06	-1.39E-05	-1.14E-05
177	15	0	0	0	0	0	0	232	254	0	-2.18E-05	5.69E-06	-1.39E-05	-1.14E-05
177	16	0	0	0	0	0	0	232	254	0	-2.28E-05	5.48E-06	-2.28E-05	-1.30E-05
177	17	0	0	0	0	0	0	232	254	0	-2.43E-05	5.13E-06	-1.24E-05	-1.75E-05
177	18	0	0	0	0	0	0	232	254	0	-2.43E-05	5.13E-06	-1.24E-05	-1.75E-05
177	19	0	0	0	0	0	0	232	254	0	-2.40E-05	5.65E-06	-8.11E-06	-1.86E-05
178	0	0	0	0	0	0	0	232	254	0	-2.40E-05	5.65E-06	-8.11E-06	-1.86E-05
178	1	0	0	0	0	0	0	232	254	0	-2.40E-05	3.94E-06	-7.48E-06	-1.52E-05
178	2	0	0	0	0	0	0	232	254	0	-2.40E-05	3.94E-06	-7.48E-06	-1.52E-05
178	3	0	0	0	0	0	0	232	254	0	-2.41E-05	4.63E-06	-9.68E-06	-1.31E-05
178	4	0	0	0	0	0	0	232	254	0	-2.41E-05	4.63E-06	-9.68E-06	-1.31E-05
178	5	0	0	0	0	0	0	232	254	0	-2.21E-05	5.32E-06	-1.09E-05	-9.64E-06
178	6	0	0	0	0	0	0	232	254	0	-2.18E-05	4.83E-06	-1.34E-05	-1.06E-05
178	7	0	0	0	0	0	0	232	254	0	-2.18E-05	4.83E-06	-1.34E-05	-1.06E-05
178	8	0	0	0	0	0	0	232	254	0	-2.21E-05	4.66E-06	-1.45E-05	-1.35E-05
178	9	0	0	0	0	0	0	232	254	0	-2.21E-05	4.66E-06	-1.45E-05	-1.35E-05
178	10	0	0	0	0	0	0	232	254	0	-2.26E-05	5.65E-06	-1.40E-05	-1.32E-05
178	11	0	0	0	0	0	0	232	254	0	-2.26E-05	5.65E-06	-1.40E-05	-1.32E-05
178	12	0	0	0	0	0	0	232	254	0	-2.24E-05	5.02E-06	-1.54E-05	-1.34E-05
178	13	0	0	0	0	0	0	232	254	0	-2.24E-05	5.02E-06	-1.54E-05	-1.34E-05
178	14	0	0	0	0	0	0	232	254	0	-2.15E-05	3.67E-06	-1.35E-05	-1.08E-05
178	15	0	0	0	0	0	0	232	254	0	-2.00E-05	4.87E-06	-1.17E-05	-1.04E-05
178	16	0	0	0	0	0	0	232	254	0	-2.00E-05	4.87E-06	-1.17E-05	-1.04E-05
178	17	0	0	0	0	0	0	232	254	0	-2.03E-05	4.83E-06	-1.15E-05	-1.14E-05
178	18	0	0	0	0	0	0	232	254	0	-2.03E-05	4.83E-06	-1.15E-05	-1.14E-05
178	19	0	0	0	0	0	0	232	254	0	-2.07E-05	4.49E-06	-1.09E-05	-1.31E-05
179	0	0	0	0	0	0	0	232	254	0	-2.07E-05	4.49E-06	-1.09E-05	-1.31E-05
179	1	0	0	0	0	0	0	232	254	0	-2.11E-05	4.36E-06	-1.09E-05	-1.42E-05
179	2	0	0	0	0	0	0	232	254	0	-2.11E-05	4.36E-06	-1.09E-05	-1.42E-05
179	3	0	0	0	0	0	0	232	254	0	-2.17E-05	5.59E-06	-1.10E-05	-1.33E-05
179	4	0	0	0	0	0	0	232	254	0	-2.22E-05	4.72E-06	-1.16E-05	-1.39E-05
179	5	0	0	0	0	0	0	232	254	0	-2.22E-05	4.72E-06	-1.16E-05	-1.39E-05
179	6	0	0	0	0	0	0	232	254	0	-2.12E-05	5.02E-06	-1.14E-05	-1.57E-05
179	7	0	0	0	0	0	0	232	254	0	-2.12E-05	5.02E-06	-1.14E-05	-1.57E-05
179	8	0	0	0	0	0	0	232	254	0	-2.08E-05	6.21E-06	-1.14E-05	-1.28E-05
179	9	0	0	0	0	0	0	232	254	0	-2.08E-05	6.21E-06	-1.14E-05	-1.28E-05
179	10	0	0	0	0	0	0	232	254	0	-2.23E-05	6.00E-06	-1.24E-05	-4.38E-06
179	11	0	0	0	0	0	0	232	254	0	-2.23E-05	6.00E-06	-1.24E-05	-4.38E-06
179	12	0	0	0	0	0	0	232	254	0	-2.22E-05	4.27E-06	-1.32E-05	1.90E-06
179	13	0	0	0	0	0	0	232	254	0	-2.13E-05	3.60E-06	-1.25E-05	-1.01E-06
179	14	0	0	0	0	0	0	232	254	0	-2.13E-05	3.60E-06	-1.25E-05	-1.01E-06
179	15	0	0	0	0	0	0	232	254	0	-2.12E-05	4.12E-06	-1.20E-05	-7.52E-06
179	16	0	0	0	0	0	0	232	254	0	-2.12E-05	4.12E-06	-1.20E-05	-7.52E-06
179	17	0	0	0	0	0	0	232	254	0	-2.05E-05	3.47E-06	-1.23E-05	-1.80E-05
179	18	0	0	0	0	0	0	232	254	0	-2.05E-05	3.47E-06	-1.23E-05	-1.80E-05
179	19	0	0	0	0	0	0	232	254	0	-2.02E-05	3.17E-06	-1.27E-05	-2.98E-05
180	0	0	0	0	0	0	0	232	254	0	-2.02E-05	3.17E-06	-1.27E-05	-2.98E-05
180	1	0	0	0	0	0	0	232	254	0	-1.90E-05	4.38E-06	-8.91E-06	-3.19E-05
180	2	0	0	0	0	0	0	232	254	0	-1.92E-05	4.46E-06	-5.09E-06	-2.25E-05
180	3	0	0	0	0	0	0	232	254	0	-1.92E-05	4.46E-06	-5.09E-06	-2.25E-05
180	4	0	0	0	0	0	0	232	254	0	-2.09E-05	4.01E-06	-5.78E-06	-2.39E-05
180	5	0	0	0	0	0	0	232	254	0	-2.09E-05	4.01E-06	-5.78E-06	-2.39E-05
180	6	0	0	0	0	0	0	232	254	0	-2.11E-05	5.20E-06	-7.66E-06	-2.45E-05
180	7	0	0	0	0	0	0	232	254	0	-2.11E-05	5.20E-06	-7.66E-06	-2.45E-05
180	8	0	0	0	0	0	0	232	254	0	-1.96E-05	4.94E-06	-7.07E-06	-1.28E-05
180	9	0	0	0	0	0	0	232	254	0	-1.96E-05	4.94E-06	-7.07E-06	-1.28E-05
180	10	0	0	0	0	0	0	232	254	0	-1.98E-05	2.91E-06	-6.14E-06	-6.32E-06
180	11	0	0	0	0	0	0	232	254	0	-2.09E-05	3.53E-06	-8.41E-06	-7.11E-06
180	12	0	0	0	0	0	0	232	254	0	-2.09E-05	3.53E-06	-8.41E-06	-7.11E-06
180	13	0	0	0	0	0	0	232	254	0	-2.05E-05	4.98E-06	-1.02E-05	-6.36E-06
180	14	0	0	0	0	0	0	232	254	0	-2.05E-05	4.98E-06	-1.02E-05	-6.36E-06
180	15	0	0	0	0	0	0	232	254	0	-2.11E-05	5.73E-06	-1.25E-05	-7.91E-06
180	16	0	0	0	0	0	0	232	254	0	-2.11E-05	5.73E-06	-1.25E-05	-7.91E-06
180	17	0	0	0	0	0	0	232	254	0	-2.19E-05	4.46E-06	-1.11E-05	-1.17E-05
180	18	0	0	0	0	0	0	232	254	0	-2.19E-05	4.46E-06	-1.11E-05	-1.17E-05
180	19	0	0	0	0	0	0	232	254	0	-2.22E-05	3.82E-06	-7.40E-06	-1.83E-05
181	0	0	0	0	0	0	0	232	254	0	-2.15E-05	3.60E-06	-6.10E-06	-1.18E-05
181	1	0	0	0	0	0	0	232	254	0	-2.15E-05	3.60E-06	-6.10E-06	-1.18E-05
181	2	0	0	0	0	0	0	232	254	0	-2.34E-05	4.35E-06	-5.09E-06	-6.88E-06
181	3	0	0	0	0	0	0	232	254	0	-2.34E-05	4.35E-06	-5.09E-06	-6.88E-06
181	4	0	0	0	0	0	0	232	254	0	-2.41E-05	5.43E-06	-4.31E-06	-1.52E-05
181	5	0	0	0	0	0	0	232	254	0	-2.41E-05	5.43E-06	-4.31E-06	-1.52E-05
181	6	0	0	0	0	0	0	232	254	0	-2.21E-05	4.46E-06	-5.09E-06	-1.70E-05
181	7	0	0	0	0	0	0	232	254	0	-2.21E-05	4.46E-06	-5.09E-06	-1.70E-05
181	8	0	0	0	0	0	0	232	254	0	-2.02E-05	3.97E-06	-4.20E-06	-1.64E-05
181	9	0	0	0	0	0	0	232	254	0	-1.97E-05	4.87E-06	-4.35E-06	-1.03E-05
181	10	0	0	0	0	0	0	232	254	0	-1.97E-05	4.87E-06	-4.35E-06	-1.03E-05
181	11	0	0	0	0	0	0	232	254	0	-2.01E-05	4.83E-06	-5.61E-06	-5.26E-06
181	12	0	0	0	0	0	0	232	254	0	-2.01E-05	4.83E-06	-5.61E-06	-5.26E-06
181	13	0	0	0	0	0	0	232	254	0	-2.25E-05	4.68E-06	-6.15E-06	-8.42E-06
181	14	0	0	0	0	0	0	232	254	0	-2.25E-05	4.68E-06	-6.15E-06	-8.42E-06
181	15	0	0	0	0	0	0	232	254	0	-2.43E-05	5.89E-06	-5.69E-06	-1.91E-05
181	16	0	0	0	0	0	0	232	254	0	-2.43E-05	5.89E-06	-5.69E-06	-1.91E-05
181	17	0	0	0	0	0	0	232	254	0	-2.42E-05	5.95E-06	-5.69E-06	-1.62E-05
181	18	0	0	0	0	0	0	232	254	0	-2.29E-05	5.20E-06	-7.09E-06	-9.53E-06
181	19	0	0	0	0	0	0	232	254	0	-2.29E-05	5.20E-06	-7.09E-06	-9.53E-06
182	0	0	0	0	0	0	0	232	254	0	-2.20E-05	5.09E-06	-8.90E-06	-1.48E-05
182	1	0	0	0	0	0	0	232	254	0	-2.20E-05	5.09E-06	-8.90E-06	-1.48E-05
182	2	0	0	0	0	0	0	232	254	0	-2.35E-05	4.16E-06	-1.03E-05	-1.50E-05
182	3	0	0	0	0	0	0	232	254	0	-2.35E-05	4.16E-06	-1.03E-05	-1.50E-05
182	4	0	0	0	0	0	0	232	254	0	-2.36E-05	3.97E-06	-1.07E-05	-7.03E-06
182	5	0	0	0	0	0	0	232	254	0	-2.36E-05	3.97E-06	-1.07E-05	-7.03E-06
182	6	0	0	0	0	0	0	232	254	0	-2.28E-05	4.76E-06	-9.31E-06	-7.33E-06
182	7	0	0	0	0	0	0	232	254	0	-2.17E-05	3.97E-06	-9.96E-06	-1.10E-05
182	8	0	0	0	0	0	0	232	254	0	-2.17E-05	3.97E-06	-9.96E-06	-1.10E-05
182	9	0	0	0	0	0	0	232	254	0	-2.18E-05	4.96E-06	-1.07E-05	-1.12E-05
182	10	0	0	0	0	0	0	232	254	0	-2.18E-05	4.96E-06	-1.07E-05	-1.12E-05
182	11	0	0	0	0	0	0	232	254	0	-2.28E-05	5.69E-06	-1.26E-05	-7.92E-06
182	12	0	0	0	0	0	0	232	254	0	-2.28E-05	5.69E-06	-1.26E-05	-7.92E-06
182	13	0	0	0	0	0	0	232	254	0	-2.06E-05	5.58E-06	-1.33E-05	-2.14E-06
182	14	0	0	0	0	0	0	232	254	0	-2.06E-05	5.58E-06	-1.33E-05	-2.14E-06
182	15	0	0	0	0	0	0	232	254	0	-1.71E-05	5.72E-06	-1.52E-05	3.51E-06
182	16	0	0	0	0	0	0	232	254	0	-1.67E-05	4.57E-06	-1.75E-05	1.46E-06
182	17	0	0	0	0	0	0	232	254	0	-1.67E-05	4.57E-06	-1.75E-05	1.46E-06
182	18	0	0	0	0	0	0	232	254	0	-1.78E-05	4.81E-06	-1.68E-05	-1.50E-05
182	19	0	0	0	0	0	0	232	254	0	-1.78E-05	4.81E-06	-1.68E-05	-1.50E-05
183	0	0	0	0	0	0	0	232	254	0	-1.93E-05	4.29E-06	-1.56E-05	-2.45E-05
183	1	0	0	0	0	0	0	232	254	0	-1.93E-05	4.29E-06	-1.56E-05	-2.45E-05
183	2	0	0	0	0	0	0	232	254	0	-2.17E-05	3.82E-06	-1.29E-05	-1.18E-05
183	3	0	0	0	0	0	0	232	254	0	-2.17E-05	3.82E-06	-1.29E-05	-1.18E-05
183	4	0	0	0	0	0	0	232	254	0	-2.17E-05	5.05E-06	-9.68E-06	-6.96E-06
183	5	0	0	0	0	0	0	232	254	0	-2.00E-05	6.45E-06	-8.00E-06	-7.25E-06
183	6	0	0	0	0	0	0	232	254	0	-2.00E-05	6.45E-06	-8.00E-06	-7.25E-06
183	7	0	0	0	0	0	0	232	254	0	-1.79E-05	5.54E-06	-8.67E-06	-6.10E-06
183	8	0	0	0	0	0	0	232	254	0	-1.79E-05	5.54E-06	-8.67E-06	-6.10E-06
183	9	0	0	0	0	0	0	232	254	0	-1.92E-05	4.35E-06	-6.53E-06	-1.82E-05
183	10	0	0	0	0	0	0	232	254	0	-1.92E-05	4.35E-06	-6.53E-06	-1.82E-05
183	11	0	0	0	0	0	0	232	254	0	-2.07E-05	5.58E-06	-3.67E-06	-3.46E-05
183	12	0	0	0	0	0	0	232	254	0	-2.07E-05	5.58E-06	-3.67E-06	-3.46E-05
183	13	0	0	0	0	0	0	232	254	0	-2.00E-05	5.89E-06	-3.24E-06	-2.40E-05
183	14	0	0	0	0	0	0	232	254	0	-2.05E-05	5.87E-06	-1.10E-06	-1.02E-05
183	15	0	0	0	0	0	0	232	254	0	-2.05E-05	5.87E-06	-1.10E-06	-1.02E-05
183	16	0	0	0	0	0	0	232	254	0	-2.03E-05	4.51E-06	-2.41E-06	-8.67E-06
183	17	0	0	0	0	0	0	232	254	0	-2.03E-05	4.51E-06	-2.41E-06	-8.67E-06
183	18	0	0	0	0	0	0	232	254	0	-2.01E-05	4.44E-06	-6.92E-06	-1.29E-05
183	19	0	0	0	0	0	0	232	254	0	-2.01E-05	4.44E-06	-6.92E-06	-1.29E-05
184	0	0	0	0	0	0	0	232	254	0	-2.13E-05	5.02E-06	-6.90E-06	-1.84E-05
184	1	0	0	0	0	0	0	232	254	0	-2.13E-05	5.02E-06	-6.90E-06	-1.84E-05
184	2	0	0	0	0	0	0	232	254	0	-2.13E-05	4.91E-06	-4.12E-06	-2.07E-05
184	3	0	0	0	0	0	0	232	254	0	-2.08E-05	5.41E-06	-2.20E-06	-9.92E-06
184	4	0	0	0	0	0	0	232	254	0	-2.08E-05	5.41E-06	-2.20E-06	-9.92E-06
184	5	0	0	0	0	0	0	232	254	0	-1.93E-05	7.14E-06	-2.41E-06	-7.93E-06
184	6	0	0	0	0	0	0	232	254	0	-1.93E-05	7.14E-06	-2.41E-06	-7.93E-06
184	7	0	0	0	0	0	0	232	254	0	-1.95E-05	7.80E-06	-3.27E-06	-1.23E-05
184	8	0	0	0	0	0	0	232	254	0	-1.95E-05	7.80E-06	-3.27E-06	-1.23E-05
184	9	0	0	0	0	0	0	232	254	0	-2.09E-05	6.92E-06	-7.07E-06	-1.26E-05
184	10	0	0	0	0	0	0	232	254	0	-2.09E-05	6.92E-06	-7.07E-06	-1.26E-05
184	11	0	0	0	0	0	0	232	254	0	-2.20E-05	5.78E-06	-1.17E-05	-1.43E-05
184	12	0	0	0	0	0	0	232	254	0	-2.16E-05	5.04E-06	-1.57E-05	-1.29E-05
184	13	0	0	0	0	0	0	232	254	0	-2.16E-05	5.04E-06	-1.57E-05	-1.29E-05
184	14	0	0	0	0	0	0	232	254	0	-2.09E-05	5.20E-06	-1.92E-05	-1.04E-05
184	15	0	0	0	0	0	0	232	254	0	-2.09E-05	5.20E-06	-1.92E-05	-1.04E-05
184	16	0	0	0	0	0	0	232	254	0	-2.02E-05	6.53E-06	-1.84E-05	-2.55E-06
184	17	0	0	0	0	0	0	232	254	0	-2.02E-05	6.53E-06	-1.84E-05	-2.55E-06
184	18	0	0	0	0	0	0	232	254	0	-1.91E-05	6.17E-06	-1.63E-05	5.13E-06
184	19	0	0	0	0	0	0	232	254	0	-1.91E-05	6.17E-06	-1.63E-05	5.13E-06
185	0	0	0	0	0	0	0	232	254	0	-1.85E-05	4.42E-06	-1.52E-05	3.84E-06
185	1	0	0	0	0	0	0	232	254	0	-1.85E-05	3.56E-06	-1.56E-05	-3.31E-06
185	2	0	0	0	0	0	0	232	254	0	-1.85E-05	3.56E-06	-1.56E-05	-3.31E-06
185	3	0	0	0	0	0	0	232	254	0	-1.89E-05	3.97E-06	-1.59E-05	-1.82E-05
185	4	0	0	0	0	0	0	232	254	0	-1.89E-05	3.97E-06	-1.59E-05	-1.82E-05
185	5	0	0	0	0	0	0	232	254	0	-1.83E-05	4.96E-06	-1.54E-05	-3.26E-05
185	6	0	0	0	0	0	0	232	254	0	-1.83E-05	4.96E-06	-1.54E-05	-3.26E-05
185	7	0	0	0	0	0	0	232	254	0	-1.80E-05	5.76E-06	-1.35E-05	-2.68E-05
185	8	0	0	0	0	0	0	232	254	0	-1.80E-05	5.76E-06	-1.35E-05	-2.68E-05
185	9	0	0	0	0	0	0	232	254	0	-1.78E-05	6.25E-06	-1.28E-05	-1.36E-05
185	10	0	0	0	0	0	0	232	254	0	-1.70E-05	6.43E-06	-1.12E-05	-1.51E-05
185	11	0	0	0	0	0	0	232	254	0	-1.70E-05	6.43E-06	-1.12E-05	-1.51E-05
185	12	0	0	0	0	0	0	232	254	0	-1.71E-05	5.41E-06	-8.89E-06	-1.79E-05
185	13	0	0	0	0	0	0	232	254	0	-1.71E-05	5.41E-06	-8.89E-06	-1.79E-05
185	14	0	0	0	0	0	0	232	254	0	-1.86E-05	4.46E-06	-5.99E-06	-5.80E-06
185	15	0	0	0	0	0	0	232	254	0	-1.86E-05	4.46E-06	-5.99E-06	-5.80E-06
185	16	0	0	0	0	0	0	232	254	0	-2.02E-05	5.18E-06	-4.27E-06	-1.75E-06
185	17	0	0	0	0	0	0	232	254	0	-2.02E-05	5.18E-06	-4.27E-06	-1.75E-06
185	18	0	0	0	0	0	0	232	254	0	-2.23E-05	5.05E-06	-4.98E-06	-1.68E-05
185	19	0	0	0	0	0	0	232	254	0	-2.25E-05	5.41E-06	-5.76E-06	-1.42E-05
186	0	0	0	0	0	0	0	232	254	0	-2.25E-05	5.41E-06	-5.76E-06	-1.42E-05
186	1	0	0	0	0	0	0	232	254	0	-2.33E-05	6.92E-06	-5.00E-06	-2.10E-06
186	2	0	0	0	0	0	0	232	254	0	-2.33E-05	6.92E-06	-5.00E-06	-2.10E-06
186	3	0	0	0	0	0	0	232	254	0	-2.56E-05	5.87E-06	-6.17E-06	5.59E-06
186	4	0	0	0	0	0	0	232	254	0	-2.56E-05	5.87E-06	-6.17E-06	5.59E-06
186	5	0	0	0	0	0	0	232	254	0	-2.48E-05	5.89E-06	-7.72E-06	1.95E-05
186	6	0	0	0	0	0	0	232	254	0	-2.48E-05	5.89E-06	-7.72E-06	1.95E-05
186	7	0	0	0	0	0	0	232	254	0	-2.31E-05	5.91E-06	-1.21E-05	1.85E-05
186	8	0	0	0	0	0	0	232	254	0	-2.18E-05	4.76E-06	-1.45E-05	-5.32E-06
186	9	0	0	0	0	0	0	232	254	0	-2.18E-05	4.76E-06	-1.45E-05	-5.32E-06
186	10	0	0	0	0	0	0	232	254	0	-2.32E-05	3.71E-06	-9.49E-06	-3.74E-05
186	11	0	0	0	0	0	0	232	254	0	-2.32E-05	3.71E-06	-9.49E-06	-3.74E-05
186	12	0	0	0	0	0	0	232	254	0	-2.51E-05	2.48E-06	-7.59E-06	-5.23E-05
186	13	0	0	0	0	0	0	232	254	0	-2.51E-05	2.48E-06	-7.59E-06	-5.23E-05
186	14	0	0	0	0	0	0	232	254	0	-2.56E-05	2.39E-06	-7.93E-06	-5.77E-05
186	15	0	0	0	0	0	0	232	254	0	-2.56E-05	2.39E-06	-7.93E-06	-5.77E-05
186	16	0	0	0	0	0	0	232	254	0	-2.48E-05	4.16E-06	-7.66E-06	-4.87E-05
186	17	0	0	0	0	0	0	232	254	0	-2.59E-05	5.13E-06	-2.40E-06	-2.98E-05
186	18	0	0	0	0	0	0	232	254	0	-2.59E-05	5.13E-06	-2.40E-06	-2.98E-05
186	19	0	0	0	0	0	0	232	254	0	-2.53E-05	4.44E-06	3.04E-06	-1.77E-05
187	0	0	0	0	0	0	0	232	254	0	-2.53E-05	4.44E-06	3.04E-06	-1.77E-05
187	1	0	0	0	0	0	0	232	254	0	-2.49E-05	3.79E-06	-4.46E-06	-1.22E-05
187	2	0	0	0	0	0	0	232	254	0	-2.49E-05	3.79E-06	-4.46E-06	-1.22E-05
187	3	0	0	0	0	0	0	232	254	0	-2.42E-05	4.38E-06	-1.20E-05	-9.01E-06
187	4	0	0	0	0	0	0	232	254	0	-2.42E-05	4.38E-06	-1.20E-05	-9.01E-06
187	5	0	0	0	0	0	0	232	254	0	-2.27E-05	3.02E-06	-1.27E-05	-7.93E-06
187	6	0	0	0	0	0	0	232	254	0	-2.02E-05	1.81E-06	-9.17E-06	-1.31E-05
187	7	0	0	0	0	0	0	232	254	0	-2.02E-05	1.81E-06	-9.17E-06	-1.31E-05
187	8	0	0	0	0	0	0	232	254	0	-1.95E-05	2.82E-06	-5.72E-06	-9.15E-06
187	9	0	0	0	0	0	0	232	254	0	-1.95E-05	2.82E-06	-5.72E-06	-9.15E-06
187	10	0	0	0	0	0	0	232	254	0	-2.14E-05	2.65E-06	-3.10E-06	-6.01E-06
187	11	0	0	0	0	0	0	232	254	0	-2.14E-05	2.65E-06	-3.10E-06	-6.01E-06
187	12	0	0	0	0	0	0	232	254	0	-2.17E-05	3.64E-06	-1.96E-06	-7.05E-06
187	13	0	0	0	0	0	0	232	254	0	-2.17E-05	3.64E-06	-1.96E-06	-7.05E-06
187	14	0	0	0	0	0	0	232	254	0	-1.95E-05	3.32E-06	1.02E-06	-7.93E-06
187	15	0	0	0	0	0	0	232	254	0	-1.88E-05	4.38E-06	-8.43E-07	-1.53E-05
187	16	0	0	0	0	0	0	232	254	0	-1.88E-05	4.38E-06	-8.43E-07	-1.53E-05
187	17	0	0	0	0	0	0	232	254	0	-1.99E-05	4.55E-06	-6.96E-06	-1.68E-05
187	18	0	0	0	0	0	0	232	254	0	-1.99E-05	4.55E-06	-6.96E-06	-1.68E-05
187	19	0	0	0	0	0	0	232	254	0	-1.91E-05	4.53E-06	-1.34E-05	-8.22E-06
188	0	0	0	0	0	0	0	232	254	0	-1.91E-05	4.53E-06	-1.34E-05	-8.22E-06
188	1	0	0	0	0	0	0	232	254	0	-1.92E-05	3.30E-06	-1.71E-05	-2.21E-06
188	2	0	0	0	0	0	0	232	254	0	-1.92E-05	3.30E-06	-1.71E-05	-2.21E-06
188	3	0	0	0	0	0	0	232	254	0	-2.10E-05	4.27E-06	-1.82E-05	-2.02E-05
188	4	0	0	0	0	0	0	232	254	0	-2.09E-05	4.87E-06	-2.00E-05	-3.22E-05
188	5	0	0	0	0	0	0	232	254	0	-2.09E-05	4.87E-06	-2.00E-05	-3.22E-05
188	6	0	0	0	0	0	0	232	254	0	-2.02E-05	4.72E-06	-1.66E-05	-1.54E-05
188	7	0	0	0	0	0	0	232	254	0	-2.02E-05	4.72E-06	-1.66E-05	-1.54E-05
188	8	0	0	0	0	0	0	232	254	0	-1.90E-05	3.43E-06	-1.26E-05	-3.34E-06
188	9	0	0	0	0	0	0	232	254	0	-1.90E-05	3.43E-06	-1.26E-05	-3.34E-06
188	10	0	0	0	0	0	0	232	254	0	-1.98E-05	2.82E-06	-1.33E-05	-7.41E-06
188	11	0	0	0	0	0	0	232	254	0	-1.98E-05	2.82E-06	-1.33E-05	-7.41E-06
188	12	0	0	0	0	0	0	232	254	0	-2.09E-05	3.86E-06	-1.63E-05	-9.08E-06
188	13	0	0	0	0	0	0	232	254	0	-2.24E-05	3.82E-06	-1.57E-05	-1.15E-05
188	14	0	0	0	0	0	0	232	254	0	-2.24E-05	3.82E-06	-1.57E-05	-1.15E-05
188	15	0	0	0	0	0	0	232	254	0	-2.18E-05	3.71E-06	-1.02E-05	-1.81E-05
188	16	0	0	0	0	0	0	232	254	0	-2.18E-05	3.71E-06	-1.02E-05	-1.81E-05
188	17	0	0	0	0	0	0	232	254	0	-2.07E-05	5.13E-06	-2.81E-06	-1.05E-05
188	18	0	0	0	0	0	0	232	254	0	-2.07E-05	5.13E-06	-2.81E-06	-1.05E-05
188	19	0	0	0	0	0	0	232	254	0	-2.09E-05	4.44E-06	3.55E-06	-1.96E-06
189	0	0	0	0	0	0	0	232	254	0	-2.09E-05	4.44E-06	3.55E-06	-1.96E-06
189	1	0	0	0	0	0	0	232	254	0	-2.07E-05	3.64E-06	8.90E-06	-3.04E-06
189	2	0	0	0	0	0	0	232	254	0	-2.08E-05	3.26E-06	6.43E-06	-3.73E-06
189	3	0	0	0	0	0	0	232	254	0	-2.08E-05	3.26E-06	6.43E-06	-3.73E-06
189	4	0	0	0	0	0	0	232	254	0	-2.11E-05	3.97E-06	-3.83E-06	2.18E-06
189	5	0	0	0	0	0	0	232	254	0	-2.11E-05	3.97E-06	-3.83E-06	2.18E-06
189	6	0	0	0	0	0	0	232	254	0	-2.16E-05	4.91E-06	-1.51E-05	-3.35E-06
189	7	0	0	0	0	0	0	232	254	0	-2.16E-05	4.91E-06	-1.51E-05	-3.35E-06
189	8	0	0	0	0	0	0	232	254	0	-2.10E-05	5.17E-06	-2.17E-05	-1.51E-05
189	9	0	0	0	0	0	0	232	254	0	-2.10E-05	5.17E-06	-2.17E-05	-1.51E-05
189	10	0	0	0	0	0	0	232	254	0	-2.12E-05	4.98E-06	-2.02E-05	-1.27E-05
189	11	0	0	0	0	0	0	232	254	0	-2.02E-05	5.76E-06	-1.93E-05	-2.89E-06
189	12	0	0	0	0	0	0	232	254	0	-2.02E-05	5.76E-06	-1.93E-05	-2.89E-06
189	13	0	0	0	0	0	0	232	254	0	-1.98E-05	4.81E-06	-1.89E-05	-9.17E-07
189	14	0	0	0	0	0	0	232	254	0	-1.98E-05	4.81E-06	-1.89E-05	-9.17E-07
189	15	0	0	0	0	0	0	232	254	0	-2.13E-05	4.42E-06	-1.83E-05	-4.65E-06
189	16	0	0	0	0	0	0	232	254	0	-2.13E-05	4.42E-06	-1.83E-05	-4.65E-06
189	17	0	0	0	0	0	0	232	254	0	-2.26E-05	4.91E-06	-1.46E-05	-5.33E-06
189	18	0	0	0	0	0	0	232	254	0	-2.26E-05	4.91E-06	-1.46E-05	-5.33E-06
189	19	0	0	0	0	0	0	232	254	0	-2.22E-05	5.09E-06	-9.37E-06	1.87E-05
190	0	0	0	0	0	0	0	232	254	0	-2.27E-05	4.29E-06	-1.39E-05	2.43E-05
190	1	0	0	0	0	0	0	232	254	0	-2.27E-05	4.29E-06	-1.39E-05	2.43E-05
190	2	0	0	0	0	0	0	232	254	0	-2.33E-05	5.09E-06	-1.97E-05	-1.08E-06
190	3	0	0	0	0	0	0	232	254	0	-2.33E-05	5.09E-06	-1.97E-05	-1.08E-06
190	4	0	0	0	0	0	0	232	254	0	-2.41E-05	5.43E-06	-1.29E-05	-2.25E-05
190	5	0	0	0	0	0	0	232	254	0	-2.41E-05	5.43E-06	-1.29E-05	-2.25E-05
190	6	0	0	0	0	0	0	232	254	0	-2.47E-05	4.49E-06	-2.80E-06	-4.12E-05
190	7	0	0	0	0	0	0	232	254	0	-2.47E-05	4.49E-06	-2.80E-06	-4.12E-05
190	8	0	0	0	0	0	0	232	254	0	-2.45E-05	4.27E-06	1.41E-05	-5.62E-05
190	9	0	0	0	0	0	0	232	254	0	-2.31E-05	5.02E-06	6.54E-06	-6.33E-05
190	10	0	0	0	0	0	0	232	254	0	-2.31E-05	5.02E-06	6.54E-06	-6.33E-05
190	11	0	0	0	0	0	0	232	254	0	-2.30E-05	5.99E-06	-1.98E-06	-5.76E-05
190	12	0	0	0	0	0	0	232	254	0	-2.30E-05	5.99E-06	-1.98E-06	-5.76E-05
190	13	0	0	0	0	0	0	232	254	0	-2.27E-05	4.08E-06	-6.53E-06	-2.68E-05
190	14	0	0	0	0	0	0	232	254	0	-2.27E-05	4.08E-06	-6.53E-06	-2.68E-05
190	15	0	0	0	0	0	0	232	254	0	-2.34E-05	3.26E-06	-1.33E-05	6.70E-06
190	16	0	0	0	0	0	0	232	254	0	-2.34E-05	3.26E-06	-1.33E-05	6.70E-06
190	17	0	0	0	0	0	0	232	254	0	-2.37E-05	3.71E-06	-1.59E-05	1.23E-05
190	18	0	0	0	0	0	0	232	254	0	-2.35E-05	2.52E-06	-2.04E-05	-7.83E-06
190	19	0	0	0	0	0	0	232	254	0	-2.35E-05	2.52E-06	-2.04E-05	-7.83E-06
191	0	0	0	0	0	0	0	232	254	0	-2.20E-05	2.78E-06	-1.71E-05	-2.02E-05
191	1	0	0	0	0	0	0	232	254	0	-2.20E-05	2.78E-06	-1.71E-05	-2.02E-05
191	2	0	0	0	0	0	0	232	254	0	-1.98E-05	4.91E-06	-7.55E-06	-1.86E-05
191	3	0	0	0	0	0	0	232	254	0	-1.98E-05	4.91E-06	-7.55E-06	-1.86E-05
191	4	0	0	0	0	0	0	232	254	0	-2.01E-05	4.90E-06	-4.01E-06	-3.99E-05
191	5	0	0	0	0	0	0	232	254	0	-2.01E-05	4.90E-06	-4.01E-06	-3.99E-05
191	6	0	0	0	0	0	0	232	254	0	-2.12E-05	2.67E-06	-7.79E-06	-6.01E-05
191	7	0	0	0	0	0	0	232	254	0	-2.20E-05	4.14E-06	-5.53E-06	-4.26E-05
191	8	0	0	0	0	0	0	232	254	0	-2.20E-05	4.14E-06	-5.53E-06	-4.26E-05
191	9	0	0	0	0	0	0	232	254	0	-2.35E-05	6.28E-06	6.98E-06	-1.55E-05
191	10	0	0	0	0	0	0	232	254	0	-2.35E-05	6.28E-06	6.98E-06	-1.55E-05
191	11	0	0	0	0	0	0	232	254	0	-2.19E-05	5.50E-06	9.11E-06	-5.32E-06
191	12	0	0	0	0	0	0	232	254	0	-2.19E-05	5.50E-06	9.11E-06	-5.32E-06
191	13	0	0	0	0	0	0	232	254	0	-2.02E-05	5.28E-06	-1.25E-06	-1.43E-05
191	14	0	0	0	0	0	0	232	254	0	-2.02E-05	5.28E-06	-1.25E-06	-1.43E-05
191	15	0	0	0	0	0	0	232	254	0	-1.96E-05	5.95E-06	-1.40E-06	-1.34E-05
191	16	0	0	0	0	0	0	232	254	0	-2.20E-05	6.55E-06	1.56E-06	-3.29E-06
191	17	0	0	0	0	0	0	232	254	0	-2.20E-05	6.55E-06	1.56E-06	-3.29E-06
191	18	0	0	0	0	0	0	232	254	0	-2.18E-05	6.51E-06	-4.46E-06	4.80E-06
191	19	0	0	0	0	0	0	232	254	0	-2.18E-05	6.51E-06	-4.46E-06	4.80E-06
192	0	0	0	0	0	0	0	232	254	0	-2.06E-05	6.06E-06	-1.43E-05	1.30E-05
192	1	0	0	0	0	0	0	232	254	0	-2.06E-05	6.06E-06	-1.43E-05	1.30E-05
192	2	0	0	0	0	0	0	232	254	0	-2.12E-05	4.75E-06	-2.39E-05	1.77E-05
192	3	0	0	0	0	0	0	232	254	0	-2.12E-05	4.75E-06	-2.39E-05	1.77E-05
192	4	0	0	0	0	0	0	232	254	0	-1.99E-05	3.90E-06	-3.23E-05	5.09E-06
192	5	0	0	0	0	0	0	232	254	0	-1.96E-05	4.20E-06	-2.89E-05	-1.34E-05
192	6	0	0	0	0	0	0	232	254	0	-1.96E-05	4.20E-06	-2.89E-05	-1.34E-05
192	7	0	0	0	0	0	0	232	254	0	-2.10E-05	4.10E-06	-1.66E-05	-3.43E-06
192	8	0	0	0	0	0	0	232	254	0	-2.10E-05	4.10E-06	-1.66E-05	-3.43E-06
192	9	0	0	0	0	0	0	232	254	0	-2.13E-05	3.43E-06	-1.13E-05	1.05E-05
192	10	0	0	0	0	0	0	232	254	0	-2.13E-05	3.43E-06	-1.13E-05	1.05E-05
192	11	0	0	0	0	0	0	232	254	0	-2.13E-05	4.20E-06	-1.46E-05	8.17E-06
192	12	0	0	0	0	0	0	232	254	0	-2.13E-05	4.20E-06	-1.46E-05	8.17E-06
192	13	0	0	0	0	0	0	232	254	0	-2.07E-05	5.54E-06	-1.49E-05	-4.55E-06
192	14	0	0	0	0	0	0	232	254	0	-1.80E-05	5.48E-06	-1.53E-05	-9.36E-06
192	15	0	0	0	0	0	0	232	254	0	-1.80E-05	5.48E-06	-1.53E-05	-9.36E-06
192	16	0	0	0	0	0	0	232	254	0	-1.74E-05	5.05E-06	-2.41E-05	-2.93E-05
192	17	0	0	0	0	0	0	232	254	0	-1.74E-05	5.05E-06	-2.41E-05	-2.93E-05
192	18	0	0	0	0	0	0	232	254	0	-1.83E-05	5.05E-06	-3.03E-05	-6.16E-05
192	19	0	0	0	0	0	0	232	254	0	-1.83E-05	5.05E-06	-3.03E-05	-6.16E-05
193	0	0	0	0	0	0	0	232	254	0	-1.81E-05	3.86E-06	-2.85E-05	-4.54E-05
193	1	0	0	0	0	0	0	232	254	0	-1.81E-05	3.86E-06	-2.85E-05	-4.54E-05
193	2	0	0	0	0	0	0	232	254	0	-1.95E-05	3.97E-06	-1.84E-05	5.15E-06
193	3	0	0	0	0	0	0	232	254	0	-2.11E-05	4.91E-06	-1.17E-05	2.70E-05
193	4	0	0	0	0	0	0	232	254	0	-2.11E-05	4.91E-06	-1.17E-05	2.70E-05
193	5	0	0	0	0	0	0	232	254	0	-2.15E-05	5.24E-06	-1.17E-05	1.28E-05
193	6	0	0	0	0	0	0	232	254	0	-2.15E-05	5.24E-06	-1.17E-05	1.28E-05
193	7	0	0	0	0	0	0	232	254	0	-2.07E-05	5.65E-06	-6.58E-06	6.22E-06
193	8	0	0	0	0	0	0	232	254	0	-2.07E-05	5.65E-06	-6.58E-06	6.22E-06
193	9	0	0	0	0	0	0	232	254	0	-2.10E-05	6.43E-06	-3.44E-06	-7.36E-06
193	10	0	0	0	0	0	0	232	254	0	-2.10E-05	6.43E-06	-3.44E-06	-7.36E-06
193	11	0	0	0	0	0	0	232	254	0	-2.08E-05	5.48E-06	4.10E-06	-3.25E-05
193	12	0	0	0	0	0	0	232	254	0	-1.95E-05	5.13E-06	1.74E-05	-4.26E-05
193	13	0	0	0	0	0	0	232	254	0	-1.95E-05	5.13E-06	1.74E-05	-4.26E-05
193	14	0	0	0	0	0	0	232	254	0	-1.89E-05	5.72E-06	2.23E-05	-2.85E-05
193	15	0	0	0	0	0	0	232	254	0	-1.89E-05	5.72E-06	2.23E-05	-2.85E-05
193	16	0	0	0	0	0	0	232	254	0	-1.94E-05	4.61E-06	1.50E-05	-1.08E-05
193	17	0	0	0	0	0	0	232	254	0	-1.94E-05	4.61E-06	1.50E-05	-1.08E-05
193	18	0	0	0	0	0	0	232	254	0	-2.03E-05	5.28E-06	1.30E-05	-1.11E-05
193	19	0	0	0	0	0	0	232	254	0	-2.03E-05	5.28E-06	1.30E-05	-1.11E-05
194	0	0	0	0	0	0	0	232	254	0	-2.06E-05	5.89E-06	1.29E-05	-2.26E-05
194	1	0	0	0	0	0	0	232	254	0	-2.04E-05	5.99E-06	9.26E-06	-1.32E-05
194	2	0	0	0	0	0	0	232	254	0	-2.04E-05	5.99E-06	9.26E-06	-1.32E-05
194	3	0	0	0	0	0	0	232	254	0	-1.97E-05	5.41E-06	-1.17E-06	1.91E-05
194	4	0	0	0	0	0	0	232	254	0	-1.97E-05	5.41E-06	-1.17E-06	1.91E-05
194	5	0	0	0	0	0	0	232	254	0	-2.02E-05	4.42E-06	-1.27E-05	3.83E-05
194	6	0	0	0	0	0	0	232	254	0	-2.02E-05	4.42E-06	-1.27E-05	3.83E-05
194	7	0	0	0	0	0	0	232	254	0	-2.06E-05	4.75E-06	-2.14E-05	1.55E-05
194	8	0	0	0	0	0	0	232	254	0	-2.06E-05	4.75E-06	-2.14E-05	1.55E-05
194	9	0	0	0	0	0	0	232	254	0	-2.11E-05	3.94E-06	-2.75E-05	-3.40E-05
194	10	0	0	0	0	0	0	232	254	0	-2.05E-05	4.64E-06	-2.36E-05	-5.77E-05
194	11	0	0	0	0	0	0	232	254	0	-2.05E-05	4.64E-06	-2.36E-05	-5.77E-05
194	12	0	0	0	0	0	0	232	254	0	-2.03E-05	5.58E-06	-2.20E-06	-4.85E-05
194	13	0	0	0	0	0	0	232	254	0	-2.03E-05	5.58E-06	-2.20E-06	-4.85E-05
194	14	0	0	0	0	0	0	232	254	0	-2.09E-05	5.74E-06	1.86E-05	-4.01E-05
194	15	0	0	0	0	0	0	232	254	0	-2.09E-05	5.74E-06	1.86E-05	-4.01E-05
194	16	0	0	0	0	0	0	232	254	0	-2.30E-05	4.68E-06	1.46E-05	-2.30E-05
194	17	0	0	0	0	0	0	232	254	0	-2.30E-05	4.68E-06	1.46E-05	-2.30E-05
194	18	0	0	0	0	0	0	232	254	0	-2.31E-05	4.49E-06	2.64E-06	-2.09E-06
194	19	0	0	0	0	0	0	232	254	0	-2.37E-05	4.27E-06	-6.59E-06	1.73E-05
195	0	0	0	0	0	0	0	232	254	0	-2.37E-05	4.27E-06	-6.59E-06	1.73E-05
195	1	0	0	0	0	0	0	232	254	0	-2.36E-05	4.77E-06	-1.37E-05	2.59E-05
195	2	0	0	0	0	0	0	232	254	0	-2.36E-05	4.77E-06	-1.37E-05	2.59E-05
195	3	0	0	0	0	0	0	232	254	0	-2.33E-05	3.82E-06	-1.48E-05	6.66E-06
195	4	0	0	0	0	0	0	232	254	0	-2.33E-05	3.82E-06	-1.48E-05	6.66E-06
195	5	0	0	0	0	0	0	232	254	0	-2.40E-05	1.99E-06	-1.64E-05	-1.11E-05
195	6	0	0	0	0	0	0	232	254	0	-2.40E-05	1.99E-06	-1.64E-05	-1.11E-05
195	7	0	0	0	0	0	0	232	254	0	-2.41E-05	4.28E-07	-1.52E-05	-1.01E-05
195	8	0	0	0	0	0	0	232	254	0	-2.19E-05	1.71E-07	-9.74E-06	-2.15E-06
195	9	0	0	0	0	0	0	232	254	0	-2.19E-05	1.71E-07	-9.74E-06	-2.15E-06
195	10	0	0	0	0	0	0	232	254	0	-2.08E-05	3.06E-06	-1.27E-05	-9.11E-06
195	11	0	0	0	0	0	0	232	254	0	-2.08E-05	3.06E-06	-1.27E-05	-9.11E-06
195	12	0	0	0	0	0	0	232	254	0	-1.97E-05	4.74E-06	-2.66E-05	-1.35E-06
195	13	0	0	0	0	0	0	232	254	0	-1.97E-05	4.74E-06	-2.66E-05	-1.35E-06
195	14	0	0	0	0	0	0	232	254	0	-2.03E-05	5.05E-06	-3.60E-05	1.22E-05
195	15	0	0	0	0	0	0	232	254	0	-2.03E-05	5.05E-06	-3.60E-05	1.22E-05
195	16	0	0	0	0	0	0	232	254	0	-2.26E-05	5.09E-06	-3.12E-05	2.28E-05
195	17	0	0	0	0	0	0	232	254	0	-2.23E-05	4.48E-06	-2.15E-05	3.37E-06
195	18	0	0	0	0	0	0	232	254	0	-2.23E-05	4.48E-06	-2.15E-05	3.37E-06
195	19	0	0	0	0	0	0	232	254	0	-2.24E-05	6.77E-06	-1.70E-05	-3.54E-05
196	0	0	0	0	0	0	0	232	254	0	-2.24E-05	6.77E-06	-1.70E-05	-3.54E-05
196	1	0	0	0	0	0	0	232	254	0	-2.28E-05	7.10E-06	-1.11E-05	-3.80E-05
196	2	0	0	0	0	0	0	232	254	0	-2.28E-05	7.10E-06	-1.11E-05	-3.80E-05
196	3	0	0	0	0	0	0	232	254	0	-2.45E-05	6.19E-06	-4.20E-06	-3.83E-05
196	4	0	0	0	0	0	0	232	254	0	-2.45E-05	6.19E-06	-4.20E-06	-3.83E-05
196	5	0	0	0	0	0	0	232	254	0	-2.57E-05	6.10E-06	-4.59E-06	-3.29E-05
196	6	0	0	0	0	0	0	232	254	0	-2.70E-05	6.62E-06	-7.78E-06	-1.87E-05
196	7	0	0	0	0	0	0	232	254	0	-2.70E-05	6.62E-06	-7.78E-06	-1.87E-05
196	8	0	0	0	0	0	0	232	254	0	-2.40E-05	7.24E-06	-8.73E-06	-1.42E-05
196	9	0	0	0	0	0	0	232	254	0	-2.40E-05	7.24E-06	-8.73E-06	-1.42E-05
196	10	0	0	0	0	0	0	232	254	0	-2.17E-05	7.08E-06	-1.32E-05	-1.96E-05
196	11	0	0	0	0	0	0	232	254	0	-2.17E-05	7.08E-06	-1.32E-05	-1.96E-05
196	12	0	0	0	0	0	0	232	254	0	-2.24E-05	4.57E-06	-1.61E-05	-2.19E-05
196	13	0	0	0	0	0	0	232	254	0	-2.24E-05	4.57E-06	-1.61E-05	-2.19E-05
196	14	0	0	0	0	0	0	232	254	0	-2.27E-05	3.64E-06	-1.44E-05	-7.84E-06
196	15	0	0	0	0	0	0	232	254	0	-2.25E-05	4.46E-06	-1.23E-05	4.38E-06
196	16	0	0	0	0	0	0	232	254	0	-2.25E-05	4.46E-06	-1.23E-05	4.38E-06
196	17	0	0	0	0	0	0	232	254	0	-2.17E-05	3.94E-06	-8.15E-06	1.45E-05
196	18	0	0	0	0	0	0	232	254	0	-2.17E-05	3.94E-06	-8.15E-06	1.45E-05
196	19	0	0	0	0	0	0	232	254	0	-2.14E-05	4.78E-06	-1.20E-05	1.90E-05
197	0	0	0	0	0	0	0	232	254	0	-2.14E-05	4.78E-06	-1.20E-05	1.90E-05
197	1	0	0	0	0	0	0	232	254	0	-1.97E-05	6.70E-06	-1.50E-05	3.61E-06
197	2	0	0	0	0	0	0	232	254	0	-1.97E-05	6.70E-06	-1.50E-05	3.61E-06
197	3	0	0	0	0	0	0	232	254	0	-1.92E-05	6.36E-06	-1.31E-05	-1.76E-05
197	4	0	0	0	0	0	0	232	254	0	-2.07E-05	4.74E-06	-1.44E-05	-2.36E-05
197	5	0	0	0	0	0	0	232	254	0	-2.07E-05	4.74E-06	-1.44E-05	-2.36E-05
197	6	0	0	0	0	0	0	232	254	0	-2.09E-05	3.82E-06	-1.35E-05	-3.44E-05
197	7	0	0	0	0	0	0	232	254	0	-2.09E-05	3.82E-06	-1.35E-05	-3.44E-05
197	8	0	0	0	0	0	0	232	254	0	-2.15E-05	5.06E-06	-5.98E-06	-4.21E-05
197	9	0	0	0	0	0	0	232	254	0	-2.15E-05	5.06E-06	-5.98E-06	-4.21E-05
197	10	0	0	0	0	0	0	232	254	0	-2.31E-05	6.47E-06	-4.55E-06	-4.17E-05
197	11	0	0	0	0	0	0	232	254	0	-2.31E-05	6.47E-06	-4.55E-06	-4.17E-05
197	12	0	0	0	0	0	0	232	254	0	-2.35E-05	5.93E-06	-7.18E-06	-2.78E-05
197	13	0	0	0	0	0	0	232	254	0	-2.17E-05	6.21E-06	-6.31E-06	-4.38E-06
197	14	0	0	0	0	0	0	232	254	0	-2.17E-05	6.21E-06	-6.31E-06	-4.38E-06
197	15	0	0	0	0	0	0	232	254	0	-1.94E-05	4.66E-06	-1.09E-05	-3.60E-06
197	16	0	0	0	0	0	0	232	254	0	-1.94E-05	4.66E-06	-1.09E-05	-3.60E-06
197	17	0	0	0	0	0	0	232	254	0	-2.00E-05	3.12E-06	2.27E-06	-8.69E-06
197	18	0	0	0	0	0	0	232	254	0	-2.00E-05	3.12E-06	2.27E-06	-8.69E-06
197	19	0	0	0	0	0	0	232	254	0	-2.04E-05	3.97E-06	9.44E-06	-2.43E-05
198	0	0	0	0	0	0	0	232	254	0	-2.04E-05	3.97E-06	9.44E-06	-2.43E-05
198	1	0	0	0	0	0	0	232	254	0	-2.15E-05	4.91E-06	-1.73E-06	-3.33E-05
198	2	0	0	0	0	0	0	232	254	0	-2.28E-05	5.13E-06	1.54E-06	-2.50E-05
198	3	0	0	0	0	0	0	232	254	0	-2.28E-05	5.13E-06	1.54E-06	-2.50E-05
198	4	0	0	0	0	0	0	232	254	0	-2.30E-05	4.61E-06	-1.73E-06	-3.17E-05
198	5	0	0	0	0	0	0	232	254	0	-2.30E-05	4.61E-06	-1.73E-06	-3.17E-05
198	6	0	0	0	0	0	0	232	254	0	-2.29E-05	5.28E-06	-8.63E-06	-4.02E-05
198	7	0	0	0	0	0	0	232	254	0	-2.29E-05	5.28E-06	-8.63E-06	-4.02E-05
198	8	0	0	0	0	0	0	232	254	0	-2.17E-05	5.76E-06	-7.78E-06	-3.54E-05
198	9	0	0	0	0	0	0	232	254	0	-2.17E-05	5.76E-06	-7.78E-06	-3.54E-05
198	10	0	0	0	0	0	0	232	254	0	-1.91E-05	4.68E-06	-6.62E-06	-3.19E-05
198	11	0	0	0	0	0	0	232	254	0	-1.76E-05	3.04E-06	-4.34E-06	-2.77E-05
198	12	0	0	0	0	0	0	232	254	0	-1.76E-05	3.04E-06	-4.34E-06	-2.77E-05
198	13	0	0	0	0	0	0	232	254	0	-1.75E-05	1.98E-06	-3.57E-06	-2.00E-05
198	14	0	0	0	0	0	0	232	254	0	-1.75E-05	1.98E-06	-3.57E-06	-2.00E-05
198	15	0	0	0	0	0	0	232	254	0	-1.64E-05	3.12E-06	-9.61E-06	-3.74E-06
198	16	0	0	0	0	0	0	232	254	0	-1.64E-05	3.12E-06	-9.61E-06	-3.74E-06
198	17	0	0	0	0	0	0	232	254	0	-1.50E-05	3.86E-06	-1.30E-05	3.24E-06
198	18	0	0	0	0	0	0	232	254	0	-1.50E-05	3.86E-06	-1.30E-05	3.24E-06
198	19	0	0	0	0	0	0	232	254	0	-1.47E-05	3.92E-06	-1.59E-05	-1.60E-06
199	0	0	0	0	0	0	0	232	254	0	-1.60E-05	4.38E-06	-1.61E-05	-8.00E-07
199	1	0	0	0	0	0	0	232	254	0	-1.60E-05	4.38E-06	-1.61E-05	-8.00E-07
199	2	0	0	0	0	0	0	232	254	0	-2.07E-05	4.53E-06	-1.88E-05	5.75E-07
199	3	0	0	0	0	0	0	232	254	0	-2.07E-05	4.53E-06	-1.88E-05	5.75E-07
199	4	0	0	0	0	0	0	232	254	0	-2.36E-05	4.57E-06	-2.24E-05	-1.47E-06
199	5	0	0	0	0	0	0	232	254	0	-2.36E-05	4.57E-06	-2.24E-05	-1.47E-06
199	6	0	0	0	0	0	0	232	254	0	-2.29E-05	5.04E-06	-1.69E-05	-1.29E-06
199	7	0	0	0	0	0	0	232	254	0	-2.29E-05	5.04E-06	-1.69E-05	-1.29E-06
199	8	0	0	0	0	0	0	232	254	0	-2.19E-05	6.34E-06	-1.41E-05	-2.37E-06
199	9	0	0	0	0	0	0	232	254	0	-2.23E-05	6.06E-06	-1.46E-05	-3.63E-06
199	10	0	0	0	0	0	0	232	254	0	-2.23E-05	6.06E-06	-1.46E-05	-3.63E-06
199	11	0	0	0	0	0	0	232	254	0	-2.04E-05	6.29E-06	-6.27E-06	-1.39E-06
199	12	0	0	0	0	0	0	232	254	0	-2.04E-05	6.29E-06	-6.27E-06	-1.39E-06
199	13	0	0	0	0	0	0	232	254	0	-1.84E-05	6.88E-06	3.97E-06	2.37E-06
199	14	0	0	0	0	0	0	232	254	0	-1.84E-05	6.88E-06	3.97E-06	2.37E-06
199	15	0	0	0	0	0	0	232	254	0	-1.90E-05	6.81E-06	2.93E-06	3.71E-06
199	16	0	0	0	0	0	0	232	254	0	-1.90E-05	6.81E-06	2.93E-06	3.71E-06
199	17	0	0	0	0	0	0	232	254	0	-1.97E-05	6.02E-06	-1.39E-05	1.76E-06
199	18	0	0	0	0	0	0	232	254	0	-2.04E-05	4.66E-06	-2.49E-05	-4.82E-06
199	19	0	0	0	0	0	0	232	254	0	-2.04E-05	4.66E-06	-2.49E-05	-4.82E-06
200	0	0	0	0	0	0	0	232	254	0	-2.10E-05	6.06E-06	-1.74E-05	-1.01E-05
200	1	0	0	0	0	0	0	232	254	0	-2.10E-05	6.06E-06	-1.74E-05	-1.01E-05
200	2	0	0	0	0	0	0	232	254	0	-2.01E-05	9.03E-06	-7.21E-06	-1.37E-05
200	3	0	0	0	0	0	0	232	254	0	-2.01E-05	9.03E-06	-7.21E-06	-1.37E-05
200	4	0	0	0	0	0	0	232	254	0	-2.00E-05	9.81E-06	-2.79E-06	-1.66E-05
200	5	0	0	0	0	0	0	232	254	0	-2.00E-05	9.81E-06	-2.79E-06	-1.66E-05
200	6	0	0	0	0	0	0	232	254	0	-2.07E-05	7.59E-06	-1.13E-05	-1.94E-05
200	7	0	0	0	0	0	0	232	254	0	-2.13E-05	6.40E-06	-1.93E-05	-2.12E-05
200	8	0	0	0	0	0	0	232	254	0	-2.13E-05	6.40E-06	-1.93E-05	-2.12E-05
200	9	0	0	0	0	0	0	232	254	0	-2.26E-05	5.01E-06	-1.94E-05	-1.71E-05
200	10	0	0	0	0	0	0	232	254	0	-2.26E-05	5.01E-06	-1.94E-05	-1.71E-05
200	11	0	0	0	0	0	0	232	254	0	-2.44E-05	3.79E-06	-1.84E-05	-1.56E-05
200	12	0	0	0	0	0	0	232	254	0	-2.44E-05	3.79E-06	-1.84E-05	-1.56E-05
200	13	0	0	0	0	0	0	232	254	0	-2.37E-05	5.72E-06	-2.18E-05	-1.81E-05
200	14	0	0	0	0	0	0	232	254	0	-2.37E-05	5.72E-06	-2.18E-05	-1.81E-05
200	15	0	0	0	0	0	0	232	254	0	-2.30E-05	4.53E-06	-1.13E-05	-1.50E-05
200	16	0	0	0	0	0	0	232	254	0	-2.31E-05	4.51E-06	-2.61E-06	-1.17E-05
200	17	0	0	0	0	0	0	232	254	0	-2.31E-05	4.51E-06	-2.61E-06	-1.17E-05
200	18	0	0	0	0	0	0	232	254	0	-2.43E-05	4.36E-06	-1.14E-05	-1.26E-05
200	19	0	0	0	0	0	0	232	254	0	-2.43E-05	4.36E-06	-1.14E-05	-1.26E-05
201	0	0	0	0	0	0	0	232	254	0	-2.39E-05	4.50E-06	-1.18E-05	-1.22E-05
201	1	0	0	0	0	0	0	232	254	0	-2.39E-05	4.50E-06	-1.18E-05	-1.22E-05
201	2	0	0	0	0	0	0	232	254	0	-2.15E-05	5.52E-06	-4.07E-06	-1.73E-05
201	3	0	0	0	0	0	0	232	254	0	-2.15E-05	5.52E-06	-4.07E-06	-1.73E-05
201	4	0	0	0	0	0	0	232	254	0	-2.08E-05	5.24E-06	8.78E-06	-1.99E-05
201	5	0	0	0	0	0	0	232	254	0	-2.17E-05	4.12E-06	1.90E-05	-1.51E-05
201	6	0	0	0	0	0	0	232	254	0	-2.17E-05	4.12E-06	1.90E-05	-1.51E-05
201	7	0	0	0	0	0	0	232	254	0	-2.21E-05	3.41E-06	2.24E-05	-1.38E-05
201	8	0	0	0	0	0	0	232	254	0	-2.21E-05	3.41E-06	2.24E-05	-1.38E-05
201	9	0	0	0	0	0	0	232	254	0	-2.28E-05	2.56E-06	1.39E-05	-1.44E-05
201	10	0	0	0	0	0	0	232	254	0	-2.28E-05	2.56E-06	1.39E-05	-1.44E-05
201	11	0	0	0	0	0	0	232	254	0	-2.29E-05	2.89E-06	3.16E-06	-1.36E-05
201	12	0	0	0	0	0	0	232	254	0	-2.29E-05	2.89E-06	3.16E-06	-1.36E-05
201	13	0	0	0	0	0	0	232	254	0	-2.22E-05	3.26E-06	-7.00E-06	-1.26E-05
201	14	0	0	0	0	0	0	232	254	0	-2.11E-05	3.79E-06	-1.12E-05	-1.28E-05
201	15	0	0	0	0	0	0	232	254	0	-2.11E-05	3.79E-06	-1.12E-05	-1.28E-05
201	16	0	0	0	0	0	0	232	254	0	-2.21E-05	3.34E-06	-4.56E-06	-1.21E-05
201	17	0	0	0	0	0	0	232	254	0	-2.21E-05	3.34E-06	-4.56E-06	-1.21E-05
201	18	0	0	0	0	0	0	232	254	0	-2.25E-05	4.46E-06	5.04E-08	-1.22E-05
201	19	0	0	0	0	0	0	232	254	0	-2.25E-05	4.46E-06	5.04E-08	-1.22E-05
202	0	0	0	0	0	0	0	232	254	0	-2.12E-05	3.86E-06	-4.11E-06	-1.45E-05
202	1	0	0	0	0	0	0	232	254	0	-2.12E-05	3.86E-06	-4.11E-06	-1.45E-05
202	2	0	0	0	0	0	0	232	254	0	-2.17E-05	3.97E-06	-9.16E-06	-1.40E-05
202	3	0	0	0	0	0	0	232	254	0	-2.15E-05	4.79E-06	-1.35E-05	-1.27E-05
202	4	0	0	0	0	0	0	232	254	0	-2.15E-05	4.79E-06	-1.35E-05	-1.27E-05
202	5	0	0	0	0	0	0	232	254	0	-2.04E-05	4.16E-06	-2.12E-05	-1.08E-05
202	6	0	0	0	0	0	0	232	254	0	-2.04E-05	4.16E-06	-2.12E-05	-1.08E-05
202	7	0	0	0	0	0	0	232	254	0	-2.08E-05	3.90E-06	-2.89E-05	-1.01E-05
202	8	0	0	0	0	0	0	232	254	0	-2.08E-05	3.90E-06	-2.89E-05	-1.01E-05
202	9	0	0	0	0	0	0	232	254	0	-2.09E-05	3.95E-06	-3.23E-05	-1.16E-05
202	10	0	0	0	0	0	0	232	254	0	-2.09E-05	3.95E-06	-3.23E-05	-1.16E-05
202	11	0	0	0	0	0	0	232	254	0	-2.14E-05	2.22E-06	-3.55E-05	-1.31E-05
202	12	0	0	0	0	0	0	232	254	0	-2.35E-05	3.94E-06	-3.21E-05	-1.31E-05
202	13	0	0	0	0	0	0	232	254	0	-2.35E-05	3.94E-06	-3.21E-05	-1.31E-05
202	14	0	0	0	0	0	0	232	254	0	-2.44E-05	4.68E-06	-2.13E-05	-1.46E-05
202	15	0	0	0	0	0	0	232	254	0	-2.44E-05	4.68E-06	-2.13E-05	-1.46E-05
202	16	0	0	0	0	0	0	232	254	0	-2.34E-05	6.08E-06	-1.56E-05	-1.44E-05
202	17	0	0	0	0	0	0	232	254	0	-2.34E-05	6.08E-06	-1.56E-05	-1.44E-05
202	18	0	0	0	0	0	0	232	254	0	-2.21E-05	8.00E-06	-1.14E-05	-1.25E-05
202	19	0	0	0	0	0	0	232	254	0	-2.21E-05	8.00E-06	-1.14E-05	-1.25E-05
203	0	0	0	0	0	0	0	232	254	0	-2.02E-05	1.02E-05	-7.37E-06	-1.17E-05
203	1	0	0	0	0	0	0	232	254	0	-1.91E-05	9.40E-06	-1.01E-05	-1.24E-05
203	2	0	0	0	0	0	0	232	254	0	-1.91E-05	9.40E-06	-1.01E-05	-1.24E-05
203	3	0	0	0	0	0	0	232	254	0	-1.87E-05	7.87E-06	-1.12E-05	-1.23E-05
203	4	0	0	0	0	0	0	232	254	0	-1.87E-05	7.87E-06	-1.12E-05	-1.23E-05
203	5	0	0	0	0	0	0	232	254	0	-1.92E-05	6.40E-06	-9.04E-06	-1.29E-05
203	6	0	0	0	0	0	0	232	254	0	-1.92E-05	6.40E-06	-9.04E-06	-1.29E-05
203	7	0	0	0	0	0	0	232	254	0	-1.94E-05	6.47E-06	-7.40E-06	-1.12E-05
203	8	0	0	0	0	0	0	232	254	0	-1.94E-05	6.47E-06	-7.40E-06	-1.12E-05
203	9	0	0	0	0	0	0	232	254	0	-1.80E-05	5.59E-06	-6.10E-06	-9.83E-06
203	10	0	0	0	0	0	0	232	254	0	-1.82E-05	3.32E-06	-5.18E-06	-1.05E-05
203	11	0	0	0	0	0	0	232	254	0	-1.82E-05	3.32E-06	-5.18E-06	-1.05E-05
203	12	0	0	0	0	0	0	232	254	0	-1.90E-05	2.98E-06	-4.64E-06	-9.87E-06
203	13	0	0	0	0	0	0	232	254	0	-1.90E-05	2.98E-06	-4.64E-06	-9.87E-06
203	14	0	0	0	0	0	0	232	254	0	-1.94E-05	2.48E-06	-1.62E-06	-9.49E-06
203	15	0	0	0	0	0	0	232	254	0	-1.94E-05	2.48E-06	-1.62E-06	-9.49E-06
203	16	0	0	0	0	0	0	232	254	0	-2.05E-05	7.64E-07	-2.95E-06	-9.08E-06
203	17	0	0	0	0	0	0	232	254	0	-2.05E-05	7.64E-07	-2.95E-06	-9.08E-06
203	18	0	0	0	0	0	0	232	254	0	-2.17E-05	4.32E-07	-6.21E-06	-1.06E-05
203	19	0	0	0	0	0	0	232	254	0	-2.09E-05	2.76E-06	-4.77E-06	-1.11E-05
204	0	0	0	0	0	0	0	232	254	0	-2.09E-05	2.76E-06	-4.77E-06	-1.11E-05
204	1	0	0	0	0	0	0	232	254	0	-2.27E-05	4.59E-06	-4.10E-06	-1.28E-05
204	2	0	0	0	0	0	0	232	254	0	-2.27E-05	4.59E-06	-4.10E-06	-1.28E-05
204	3	0	0	0	0	0	0	232	254	0	-2.43E-05	3.64E-06	-4.44E-06	-1.27E-05
204	4	0	0	0	0	0	0	232	254	0	-2.43E-05	3.64E-06	-4.44E-06	-1.27E-05
204	5	0	0	0	0	0	0	232	254	0	-2.43E-05	3.15E-06	-1.54E-06	-1.13E-05
204	6	0	0	0	0	0	0	232	254	0	-2.43E-05	3.15E-06	-1.54E-06	-1.13E-05
204	7	0	0	0	0	0	0	232	254	0	-2.45E-05	2.82E-06	5.06E-06	-1.20E-05
204	8	0	0	0	0	0	0	232	254	0	-2.53E-05	2.63E-06	5.64E-06	-1.22E-05
204	9	0	0	0	0	0	0	232	254	0	-2.53E-05	2.63E-06	5.64E-06	-1.22E-05
204	10	0	0	0	0	0	0	232	254	0	-2.46E-05	3.52E-06	-2.70E-06	-1.17E-05
204	11	0	0	0	0	0	0	232	254	0	-2.46E-05	3.52E-06	-2.70E-06	-1.17E-05
204	12	0	0	0	0	0	0	232	254	0	-2.37E-05	3.62E-06	-1.28E-05	-1.10E-05
204	13	0	0	0	0	0	0	232	254	0	-2.37E-05	3.62E-06	-1.28E-05	-1.10E-05
204	14	0	0	0	0	0	0	232	254	0	-2.23E-05	4.61E-06	-1.84E-05	-1.21E-05
204	15	0	0	0	0	0	0	232	254	0	-2.23E-05	4.61E-06	-1.84E-05	-1.21E-05
204	16	0	0	0	0	0	0	232	254	0	-2.08E-05	6.62E-06	-1.95E-05	-1.53E-05
204	17	0	0	0	0	0	0	232	254	0	-1.89E-05	7.12E-06	-2.08E-05	-1.51E-05
204	18	0	0	0	0	0	0	232	254	0	-1.89E-05	7.12E-06	-2.08E-05	-1.51E-05
204	19	0	0	0	0	0	0	232	254	0	-1.83E-05	6.38E-06	-1.71E-05	-1.38E-05
205	0	0	0	0	0	0	0	232	254	0	-1.83E-05	6.38E-06	-1.71E-05	-1.38E-05
205	1	0	0	0	0	0	0	232	254	0	-2.07E-05	6.21E-06	-1.27E-05	-1.28E-05
205	2	0	0	0	0	0	0	232	254	0	-2.07E-05	6.21E-06	-1.27E-05	-1.28E-05
205	3	0	0	0	0	0	0	232	254	0	-2.11E-05	4.74E-06	-9.38E-06	-1.07E-05
205	4	0	0	0	0	0	0	232	254	0	-2.11E-05	4.74E-06	-9.38E-06	-1.07E-05
205	5	0	0	0	0	0	0	232	254	0	-1.98E-05	3.33E-06	-7.95E-06	-9.29E-06
205	6	0	0	0	0	0	0	232	254	0	-1.97E-05	2.01E-07	-8.68E-06	-9.79E-06
205	7	0	0	0	0	0	0	232	254	0	-1.97E-05	2.01E-07	-8.68E-06	-9.79E-06
205	8	0	0	0	0	0	0	232	254	0	-2.04E-05	-2.03E-06	-1.08E-05	-1.02E-05
205	9	0	0	0	0	0	0	232	254	0	-2.04E-05	-2.03E-06	-1.08E-05	-1.02E-05
205	10	0	0	0	0	0	0	232	254	0	-2.10E-05	-8.20E-07	-1.03E-05	-1.00E-05
205	11	0	0	0	0	0	0	232	254	0	-2.10E-05	-8.20E-07	-1.03E-05	-1.00E-05
205	12	0	0	0	0	0	0	232	254	0	-2.10E-05	-8.42E-07	-1.10E-05	-9.79E-06
205	13	0	0	0	0	0	0	232	254	0	-2.10E-05	-8.42E-07	-1.10E-05	-9.79E-06
205	14	0	0	0	0	0	0	232	254	0	-2.10E-05	-2.07E-06	-1.30E-05	-1.17E-05
205	15	0	0	0	0	0	0	232	254	0	-1.97E-05	-1.21E-06	-5.57E-06	-1.27E-05
205	16	0	0	0	0	0	0	232	254	0	-1.97E-05	-1.21E-06	-5.57E-06	-1.27E-05
205	17	0	0	0	0	0	0	232	254	0	-2.08E-05	-1.25E-06	-2.81E-06	-1.19E-05
205	18	0	0	0	0	0	0	232	254	0	-2.08E-05	-1.25E-06	-2.81E-06	-1.19E-05
205	19	0	0	0	0	0	0	232	254	0	-2.32E-05	1.10E-06	6.97E-07	-1.14E-05
206	0	0	0	0	0	0	0	232	254	0	-2.32E-05	1.10E-06	6.97E-07	-1.14E-05
206	1	0	0	0	0	0	0	232	254	0	-2.35E-05	3.30E-06	4.91E-06	-1.10E-05
206	2	0	0	0	0	0	0	232	254	0	-2.35E-05	3.30E-06	4.91E-06	-1.10E-05
206	3	0	0	0	0	0	0	232	254	0	-2.35E-05	4.23E-06	4.65E-06	-1.15E-05
206	4	0	0	0	0	0	0	232	254	0	-2.16E-05	4.87E-06	-6.66E-07	-1.26E-05
206	5	0	0	0	0	0	0	232	254	0	-2.16E-05	4.87E-06	-6.66E-07	-1.26E-05
206	6	0	0	0	0	0	0	232	254	0	-1.99E-05	7.57E-06	-9.81E-06	-1.21E-05
206	7	0	0	0	0	0	0	232	254	0	-1.99E-05	7.57E-06	-9.81E-06	-1.21E-05
206	8	0	0	0	0	0	0	232	254	0	-1.99E-05	7.66E-06	-1.97E-05	-1.12E-05
206	9	0	0	0	0	0	0	232	254	0	-1.99E-05	7.66E-06	-1.97E-05	-1.12E-05
206	10	0	0	0	0	0	0	232	254	0	-2.20E-05	7.22E-06	-1.91E-05	-1.10E-05
206	11	0	0	0	0	0	0	232	254	0	-2.20E-05	7.22E-06	-1.91E-05	-1.10E-05
206	12	0	0	0	0	0	0	232	254	0	-2.18E-05	7.35E-06	-9.00E-06	-1.16E-05
206	13	0	0	0	0	0	0	232	254	0	-2.14E-05	8.52E-06	-3.45E-06	-1.30E-05
206	14	0	0	0	0	0	0	232	254	0	-2.14E-05	8.52E-06	-3.45E-06	-1.30E-05
206	15	0	0	0	0	0	0	232	254	0	-2.21E-05	9.38E-06	-5.73E-06	-1.30E-05
206	16	0	0	0	0	0	0	232	254	0	-2.21E-05	9.38E-06	-5.73E-06	-1.30E-05
206	17	0	0	0	0	0	0	232	254	0	-2.28E-05	7.72E-06	-7.37E-06	-1.09E-05
206	18	0	0	0	0	0	0	232	254	0	-2.28E-05	7.72E-06	-7.37E-06	-1.09E-05
206	19	0	0	0	0	0	0	232	254	0	-2.17E-05	6.38E-06	-9.05E-06	-1.11E-05
207	0	0	0	0	0	0	0	232	254	0	-2.17E-05	6.38E-06	-9.05E-06	-1.11E-05
207	1	0	0	0	0	0	0	232	254	0	-2.21E-05	6.62E-06	-1.44E-05	-1.25E-05
207	2	0	0	0	0	0	0	232	254	0	-2.18E-05	8.60E-06	-2.68E-05	-1.32E-05
207	3	0	0	0	0	0	0	232	254	0	-2.18E-05	8.60E-06	-2.68E-05	-1.32E-05
207	4	0	0	0	0	0	0	232	254	0	-2.02E-05	8.71E-06	-3.07E-05	-1.53E-05
207	5	0	0	0	0	0	0	232	254	0	-2.02E-05	8.71E-06	-3.07E-05	-1.53E-05
207	6	0	0	0	0	0	0	232	254	0	-1.98E-05	7.07E-06	-1.90E-05	-1.54E-05
207	7	0	0	0	0	0	0	232	254	0	-1.98E-05	7.07E-06	-1.90E-05	-1.54E-05
207	8	0	0	0	0	0	0	232	254	0	-2.12E-05	5.65E-06	-1.30E-05	-1.47E-05
207	9	0	0	0	0	0	0	232	254	0	-2.12E-05	5.65E-06	-1.30E-05	-1.47E-05
207	10	0	0	0	0	0	0	232	254	0	-2.29E-05	4.05E-06	-1.46E-05	-1.43E-05
207	11	0	0	0	0	0	0	232	254	0	-2.26E-05	5.43E-06	-3.42E-06	-1.49E-05
207	12	0	0	0	0	0	0	232	254	0	-2.26E-05	5.43E-06	-3.42E-06	-1.49E-05
207	13	0	0	0	0	0	0	232	254	0	-2.36E-05	4.38E-06	3.37E-06	-1.41E-05
207	14	0	0	0	0	0	0	232	254	0	-2.36E-05	4.38E-06	3.37E-06	-1.41E-05
207	15	0	0	0	0	0	0	232	254	0	-2.27E-05	3.34E-06	-2.79E-06	-1.28E-05
207	16	0	0	0	0	0	0	232	254	0	-2.27E-05	3.34E-06	-2.79E-06	-1.28E-05
207	17	0	0	0	0	0	0	232	254	0	-2.25E-05	4.80E-06	-1.04E-05	-1.18E-05
207	18	0	0	0	0	0	0	232	254	0	-2.25E-05	4.80E-06	-1.04E-05	-1.18E-05
207	19	0	0	0	0	0	0	232	254	0	-2.11E-05	6.88E-06	-1.13E-05	-1.25E-05
208	0	0	0	0	0	0	0	232	254	0	-2.10E-05	6.69E-06	-1.21E-05	-1.29E-05
208	1	0	0	0	0	0	0	232	254	0	-2.10E-05	6.69E-06	-1.21E-05	-1.29E-05
208	2	0	0	0	0	0	0	232	254	0	-2.11E-05	5.20E-06	-1.55E-05	-1.31E-05
208	3	0	0	0	0	0	0	232	254	0	-2.11E-05	5.20E-06	-1.55E-05	-1.31E-05
208	4	0	0	0	0	0	0	232	254	0	-2.05E-05	5.26E-06	-8.13E-06	-1.43E-05
208	5	0	0	0	0	0	0	232	254	0	-2.05E-05	5.26E-06	-8.13E-06	-1.43E-05
208	6	0	0	0	0	0	0	232	254	0	-1.97E-05	5.69E-06	1.69E-06	-1.36E-05
208	7	0	0	0	0	0	0	232	254	0	-1.97E-05	5.69E-06	1.69E-06	-1.36E-05
208	8	0	0	0	0	0	0	232	254	0	-2.02E-05	5.50E-06	-8.60E-07	-1.38E-05
208	9	0	0	0	0	0	0	232	254	0	-1.97E-05	5.28E-06	-1.24E-05	-1.56E-05
208	10	0	0	0	0	0	0	232	254	0	-1.97E-05	5.28E-06	-1.24E-05	-1.56E-05
208	11	0	0	0	0	0	0	232	254	0	-1.99E-05	5.80E-06	-1.89E-05	-1.43E-05
208	12	0	0	0	0	0	0	232	254	0	-1.99E-05	5.80E-06	-1.89E-05	-1.43E-05
208	13	0	0	0	0	0	0	232	254	0	-1.95E-05	5.20E-06	-1.80E-05	-1.36E-05
208	14	0	0	0	0	0	0	232	254	0	-1.95E-05	5.20E-06	-1.80E-05	-1.36E-05
208	15	0	0	0	0	0	0	232	254	0	-1.82E-05	5.05E-06	-1.78E-05	-1.34E-05
208	16	0	0	0	0	0	0	232	254	0	-1.82E-05	5.05E-06	-1.78E-05	-1.34E-05
208	17	0	0	0	0	0	0	232	254	0	-1.77E-05	3.63E-06	-1.57E-05	-1.30E-05
208	18	0	0	0	0	0	0	232	254	0	-1.79E-05	1.92E-06	-1.03E-05	-1.23E-05
208	19	0	0	0	0	0	0	232	254	0	-1.79E-05	1.92E-06	-1.03E-05	-1.23E-05
209	0	0	0	0	0	0	0	232	254	0	-1.76E-05	2.59E-06	-4.90E-06	-1.08E-05
209	1	0	0	0	0	0	0	232	254	0	-1.76E-05	2.59E-06	-4.90E-06	-1.08E-05
209	2	0	0	0	0	0	0	232	254	0	-1.72E-05	3.08E-06	-2.56E-06	-9.83E-06
209	3	0	0	0	0	0	0	232	254	0	-1.72E-05	3.08E-06	-2.56E-06	-9.83E-06
209	4	0	0	0	0	0	0	232	254	0	-1.76E-05	2.11E-06	-3.10E-06	-1.05E-05
209	5	0	0	0	0	0	0	232	254	0	-1.76E-05	2.11E-06	-3.10E-06	-1.05E-05
209	6	0	0	0	0	0	0	232	254	0	-1.77E-05	1.62E-06	-5.13E-06	-9.96E-06
209	7	0	0	0	0	0	0	232	254	0	-1.86E-05	2.56E-06	-5.86E-06	-1.05E-05
209	8	0	0	0	0	0	0	232	254	0	-1.86E-05	2.56E-06	-5.86E-06	-1.05E-05
209	9	0	0	0	0	0	0	232	254	0	-2.00E-05	2.82E-06	-5.48E-06	-1.12E-05
209	10	0	0	0	0	0	0	232	254	0	-2.00E-05	2.82E-06	-5.48E-06	-1.12E-05
209	11	0	0	0	0	0	0	232	254	0	-2.00E-05	2.57E-06	-3.83E-06	-1.09E-05
209	12	0	0	0	0	0	0	232	254	0	-2.00E-05	2.57E-06	-3.83E-06	-1.09E-05
209	13	0	0	0	0	0	0	232	254	0	-2.16E-05	3.02E-06	-4.85E-06	-1.14E-05
209	14	0	0	0	0	0	0	232	254	0	-2.16E-05	3.02E-06	-4.85E-06	-1.14E-05
209	15	0	0	0	0	0	0	232	254	0	-2.39E-05	3.23E-06	-4.72E-06	-1.24E-05
209	16	0	0	0	0	0	0	232	254	0	-2.39E-05	4.72E-06	-4.85E-06	-1.26E-05
209	17	0	0	0	0	0	0	232	254	0	-2.39E-05	4.72E-06	-4.85E-06	-1.26E-05
209	18	0	0	0	0	0	0	232	254	0	-2.28E-05	3.56E-06	-4.72E-06	-1.21E-05
209	19	0	0	0	0	0	0	232	254	0	-2.28E-05	3.56E-06	-4.72E-06	-1.21E-05
210	0	0	0	0	0	0	0	232	254	0	-2.45E-05	4.13E-06	-5.19E-06	-1.11E-05
210	1	0	0	0	0	0	0	232	254	0	-2.45E-05	4.13E-06	-5.19E-06	-1.11E-05
210	2	0	0	0	0	0	0	232	254	0	-2.58E-05	5.95E-06	-7.82E-06	-1.17E-05
210	3	0	0	0	0	0	0	232	254	0	-2.58E-05	5.95E-06	-7.82E-06	-1.17E-05
210	4	0	0	0	0	0	0	232	254	0	-2.52E-05	3.82E-06	-8.67E-06	-1.24E-05
210	5	0	0	0	0	0	0	232	254	0	-2.42E-05	3.52E-06	-9.49E-06	-1.26E-05
210	6	0	0	0	0	0	0	232	254	0	-2.42E-05	3.52E-06	-9.49E-06	-1.26E-05
210	7	0	0	0	0	0	0	232	254	0	-2.31E-05	3.45E-06	-8.86E-06	-1.31E-05
210	8	0	0	0	0	0	0	232	254	0	-2.31E-05	3.45E-06	-8.86E-06	-1.31E-05
210	9	0	0	0	0	0	0	232	254	0	-2.36E-05	3.08E-06	-8.52E-06	-1.30E-05
210	10	0	0	0	0	0	0	232	254	0	-2.36E-05	3.08E-06	-8.52E-06	-1.30E-05
210	11	0	0	0	0	0	0	232	254	0	-2.31E-05	5.02E-06	-8.26E-06	-1.36E-05
210	12	0	0	0	0	0	0	232	254	0	-2.31E-05	5.02E-06	-8.26E-06	-1.36E-05
210	13	0	0	0	0	0	0	232	254	0	-2.16E-05	6.17E-06	-8.71E-06	-1.37E-05
210	14	0	0	0	0	0	0	232	254	0	-2.13E-05	5.82E-06	-9.79E-06	-1.35E-05
210	15	0	0	0	0	0	0	232	254	0	-2.13E-05	5.82E-06	-9.79E-06	-1.35E-05
210	16	0	0	0	0	0	0	232	254	0	-2.06E-05	5.43E-06	-8.90E-06	-1.27E-05
210	17	0	0	0	0	0	0	232	254	0	-2.06E-05	5.43E-06	-8.90E-06	-1.27E-05
210	18	0	0	0	0	0	0	232	254	0	-1.95E-05	5.84E-06	-9.01E-06	-1.36E-05
210	19	0	0	0	0	0	0	232	254	0	-1.95E-05	5.84E-06	-9.01E-06	-1.36E-05
211	0	0	0	0	0	0	0	232	254	0	-2.13E-05	5.56E-06	-9.87E-06	-1.36E-05
211	1	0	0	0	0	0	0	232	254	0	-2.13E-05	5.56E-06	-9.87E-06	-1.36E-05
211	2	0	0	0	0	0	0	232	254	0	-2.25E-05	5.80E-06	-9.81E-06	-1.35E-05
211	3	0	0	0	0	0	0	232	254	0	-2.24E-05	6.55E-06	-1.17E-05	-1.28E-05
211	4	0	0	0	0	0	0	232	254	0	-2.24E-05	6.55E-06	-1.17E-05	-1.28E-05
211	5	0	0	0	0	0	0	232	254	0	-2.28E-05	6.39E-06	-1.08E-05	-1.30E-05
211	6	0	0	0	0	0	0	232	254	0	-2.28E-05	6.39E-06	-1.08E-05	-1.30E-05
211	7	0	0	0	0	0	0	232	254	0	-2.07E-05	5.11E-06	-9.61E-06	-1.26E-05
211	8	0	0	0	0	0	0	232	254	0	-2.07E-05	5.11E-06	-9.61E-06	-1.26E-05
211	9	0	0	0	0	0	0	232	254	0	-1.85E-05	4.46E-06	-9.68E-06	-1.23E-05
211	10	0	0	0	0	0	0	232	254	0	-1.85E-05	4.46E-06	-9.68E-06	-1.23E-05
211	11	0	0	0	0	0	0	232	254	0	-2.00E-05	5.20E-06	-7.62E-06	-1.27E-05
211	12	0	0	0	0	0	0	232	254	0	-2.12E-05	5.15E-06	-6.03E-06	-1.11E-05
211	13	0	0	0	0	0	0	232	254	0	-2.12E-05	5.15E-06	-6.03E-06	-1.11E-05
211	14	0	0	0	0	0	0	232	254	0	-2.06E-05	4.61E-06	-1.01E-05	-1.22E-05
211	15	0	0	0	0	0	0	232	254	0	-2.06E-05	4.61E-06	-1.01E-05	-1.22E-05
211	16	0	0	0	0	0	0	232	254	0	-2.00E-05	4.01E-06	-1.19E-05	-1.16E-05
211	17	0	0	0	0	0	0	232	254	0	-2.00E-05	4.01E-06	-1.19E-05	-1.16E-05
211	18	0	0	0	0	0	0	232	254	0	-1.93E-05	5.26E-06	-1.15E-05	-1.15E-05
211	19	0	0	0	0	0	0	232	254	0	-1.93E-05	5.26E-06	-1.15E-05	-1.15E-05
212	0	0	0	0	0	0	0	232	254	0	-1.94E-05	5.73E-06	-8.89E-06	-1.12E-05
212	1	0	0	0	0	0	0	232	254	0	-2.03E-05	5.80E-06	-6.13E-06	-1.06E-05
212	2	0	0	0	0	0	0	232	254	0	-2.03E-05	5.80E-06	-6.13E-06	-1.06E-05
212	3	0	0	0	0	0	0	232	254	0	-2.03E-05	5.17E-06	-6.01E-06	-1.09E-05
212	4	0	0	0	0	0	0	232	254	0	-2.03E-05	5.17E-06	-6.01E-06	-1.09E-05
212	5	0	0	0	0	0	0	232	254	0	-1.99E-05	4.83E-06	-9.91E-06	-1.10E-05
212	6	0	0	0	0	0	0	232	254	0	-1.99E-05	4.83E-06	-9.91E-06	-1.10E-05
212	7	0	0	0	0	0	0	232	254	0	-2.11E-05	4.55E-06	-1.13E-05	-1.16E-05
212	8	0	0	0	0	0	0	232	254	0	-2.11E-05	4.55E-06	-1.13E-05	-1.16E-05
212	9	0	0	0	0	0	0	232	254	0	-2.24E-05	4.91E-06	-1.22E-05	-1.31E-05
212	10	0	0	0	0	0	0	232	254	0	-2.29E-05	6.49E-06	-1.29E-05	-1.44E-05
212	11	0	0	0	0	0	0	232	254	0	-2.29E-05	6.49E-06	-1.29E-05	-1.44E-05
212	12	0	0	0	0	0	0	232	254	0	-2.20E-05	6.06E-06	-1.42E-05	-1.52E-05
212	13	0	0	0	0	0	0	232	254	0	-2.20E-05	6.06E-06	-1.42E-05	-1.52E-05
212	14	0	0	0	0	0	0	232	254	0	-2.20E-05	6.32E-06	-1.59E-05	-1.45E-05
212	15	0	0	0	0	0	0	232	254	0	-2.20E-05	6.32E-06	-1.59E-05	-1.45E-05
212	16	0	0	0	0	0	0	232	254	0	-2.19E-05	7.03E-06	-1.56E-05	-1.35E-05
212	17	0	0	0	0	0	0	232	254	0	-2.19E-05	7.03E-06	-1.56E-05	-1.35E-05
212	18	0	0	0	0	0	0	232	254	0	-2.36E-05	5.60E-06	-1.26E-05	-1.26E-05
212	19	0	0	0	0	0	0	232	254	0	-2.33E-05	6.16E-06	-1.01E-05	-9.83E-06
213	0	0	0	0	0	0	0	232	254	0	-2.33E-05	6.16E-06	-1.01E-05	-9.83E-06
213	1	0	0	0	0	0	0	232	254	0	-2.15E-05	6.84E-06	-9.36E-06	-9.29E-06
213	2	0	0	0	0	0	0	232	254	0	-2.15E-05	6.84E-06	-9.36E-06	-9.29E-06
213	3	0	0	0	0	0	0	232	254	0	-2.07E-05	5.35E-06	-9.16E-06	-9.72E-06
213	4	0	0	0	0	0	0	232	254	0	-2.07E-05	5.35E-06	-9.16E-06	-9.72E-06
213	5	0	0	0	0	0	0	232	254	0	-2.11E-05	6.53E-06	-9.94E-06	-9.81E-06
213	6	0	0	0	0	0	0	232	254	0	-2.11E-05	6.53E-06	-9.94E-06	-9.81E-06
213	7	0	0	0	0	0	0	232	254	0	-2.18E-05	6.21E-06	-1.02E-05	-1.19E-05
213	8	0	0	0	0	0	0	232	254	0	-2.17E-05	4.98E-06	-1.00E-05	-1.30E-05
213	9	0	0	0	0	0	0	232	254	0	-2.17E-05	4.98E-06	-1.00E-05	-1.30E-05
213	10	0	0	0	0	0	0	232	254	0	-2.18E-05	5.76E-06	-8.07E-06	-1.25E-05
213	11	0	0	0	0	0	0	232	254	0	-2.18E-05	5.76E-06	-8.07E-06	-1.25E-05
213	12	0	0	0	0	0	0	232	254	0	-2.30E-05	4.75E-06	-6.90E-06	-1.20E-05
213	13	0	0	0	0	0	0	232	254	0	-2.30E-05	4.75E-06	-6.90E-06	-1.20E-05
213	14	0	0	0	0	0	0	232	254	0	-2.26E-05	3.90E-06	-7.11E-06	-1.23E-05
213	15	0	0	0	0	0	0	232	254	0	-2.26E-05	3.90E-06	-7.11E-06	-1.23E-05
213	16	0	0	0	0	0	0	232	254	0	-2.21E-05	4.39E-06	-7.74E-06	-1.24E-05
213	17	0	0	0	0	0	0	232	254	0	-2.03E-05	5.72E-06	-9.38E-06	-1.38E-05
213	18	0	0	0	0	0	0	232	254	0	-2.03E-05	5.72E-06	-9.38E-06	-1.38E-05
213	19	0	0	0	0	0	0	232	254	0	-2.04E-05	4.36E-06	-1.05E-05	-1.43E-05
214	0	0	0	0	0	0	0	232	254	0	-2.04E-05	4.36E-06	-1.05E-05	-1.43E-05
214	1	0	0	0	0	0	0	232	254	0	-2.11E-05	2.95E-06	-9.45E-06	-1.45E-05
214	2	0	0	0	0	0	0	232	254	0	-2.11E-05	2.95E-06	-9.45E-06	-1.45E-05
214	3	0	0	0	0	0	0	232	254	0	-2.16E-05	2.35E-06	-8.52E-06	-1.41E-05
214	4	0	0	0	0	0	0	232	254	0	-2.16E-05	2.35E-06	-8.52E-06	-1.41E-05
214	5	0	0	0	0	0	0	232	254	0	-2.08E-05	2.52E-06	-8.11E-06	-1.39E-05
214	6	0	0	0	0	0	0	232	254	0	-2.07E-05	3.94E-06	-7.33E-06	-1.32E-05
214	7	0	0	0	0	0	0	232	254	0	-2.07E-05	3.94E-06	-7.33E-06	-1.32E-05
214	8	0	0	0	0	0	0	232	254	0	-2.12E-05	4.46E-06	-8.13E-06	-1.27E-05
214	9	0	0	0	0	0	0	232	254	0	-2.12E-05	4.46E-06	-8.13E-06	-1.27E-05
214	10	0	0	0	0	0	0	232	254	0	-2.17E-05	3.97E-06	-7.44E-06	-1.31E-05
214	11	0	0	0	0	0	0	232	254	0	-2.17E-05	3.97E-06	-7.44E-06	-1.31E-05
214	12	0	0	0	0	0	0	232	254	0	-2.18E-05	4.83E-06	-7.96E-06	-1.17E-05
214	13	0	0	0	0	0	0	232	254	0	-2.18E-05	4.83E-06	-7.96E-06	-1.17E-05
214	14	0	0	0	0	0	0	232	254	0	-2.16E-05	4.66E-06	-8.60E-06	-1.11E-05
214	15	0	0	0	0	0	0	232	254	0	-2.11E-05	5.80E-06	-8.86E-06	-1.23E-05
214	16	0	0	0	0	0	0	232	254	0	-2.11E-05	5.80E-06	-8.86E-06	-1.23E-05
214	17	0	0	0	0	0	0	232	254	0	-2.10E-05	6.45E-06	-8.60E-06	-1.31E-05
214	18	0	0	0	0	0	0	232	254	0	-2.10E-05	6.45E-06	-8.60E-06	-1.31E-05
214	19	0	0	0	0	0	0	232	254	0	-2.13E-05	5.61E-06	-9.05E-06	-1.30E-05
215	0	0	0	0	0	0	0	232	254	0	-2.13E-05	5.61E-06	-9.05E-06	-1.30E-05
215	1	0	0	0	0	0	0	232	254	0	-2.10E-05	4.73E-06	-1.01E-05	-1.36E-05
215	2	0	0	0	0	0	0	232	254	0	-2.10E-05	4.73E-06	-1.01E-05	-1.36E-05
215	3	0	0	0	0	0	0	232	254	0	-2.01E-05	3.81E-06	-8.90E-06	-1.37E-05
215	4	0	0	0	0	0	0	232	254	0	-2.13E-05	4.79E-06	-9.07E-06	-1.41E-05
215	5	0	0	0	0	0	0	232	254	0	-2.13E-05	4.79E-06	-9.07E-06	-1.41E-05
215	6	0	0	0	0	0	0	232	254	0	-2.14E-05	5.46E-06	-1.03E-05	-1.29E-05
215	7	0	0	0	0	0	0	232	254	0	-2.14E-05	5.46E-06	-1.03E-05	-1.29E-05
215	8	0	0	0	0	0	0	232	254	0	-2.16E-05	4.83E-06	-9.38E-06	-1.23E-05
215	9	0	0	0	0	0	0	232	254	0	-2.16E-05	4.83E-06	-9.38E-06	-1.23E-05
215	10	0	0	0	0	0	0	232	254	0	-2.17E-05	4.49E-06	-7.93E-06	-1.18E-05
215	11	0	0	0	0	0	0	232	254	0	-2.17E-05	4.49E-06	-7.93E-06	-1.18E-05
215	12	0	0	0	0	0	0	232	254	0	-2.35E-05	4.20E-06	-8.19E-06	-1.24E-05
215	13	0	0	0	0	0	0	232	254	0	-2.50E-05	4.27E-06	-7.93E-06	-1.39E-05
215	14	0	0	0	0	0	0	232	254	0	-2.50E-05	4.27E-06	-7.93E-06	-1.39E-05
215	15	0	0	0	0	0	0	232	254	0	-2.47E-05	4.92E-06	-8.28E-06	-1.33E-05
215	16	0	0	0	0	0	0	232	254	0	-2.47E-05	4.92E-06	-8.28E-06	-1.33E-05
215	17	0	0	0	0	0	0	232	254	0	-2.31E-05	5.39E-06	-8.60E-06	-1.08E-05
215	18	0	0	0	0	0	0	232	254	0	-2.31E-05	5.39E-06	-8.60E-06	-1.08E-05
215	19	0	0	0	0	0	0	232	254	0	-2.23E-05	5.48E-06	-7.65E-06	-1.04E-05
216	0	0	0	0	0	0	0	232	254	0	-2.23E-05	5.48E-06	-7.65E-06	-1.04E-05
216	1	0	0	0	0	0	0	232	254	0	-2.22E-05	5.05E-06	-8.56E-06	-1.16E-05
216	2	0	0	0	0	0	0	232	254	0	-2.08E-05	5.26E-06	-9.79E-06	-1.21E-05
216	3	0	0	0	0	0	0	232	254	0	-2.08E-05	5.26E-06	-9.79E-06	-1.21E-05
216	4	0	0	0	0	0	0	232	254	0	-1.90E-05	5.59E-06	-8.90E-06	-1.23E-05
216	5	0	0	0	0	0	0	232	254	0	-1.90E-05	5.59E-06	-8.90E-06	-1.23E-05
216	6	0	0	0	0	0	0	232	254	0	-1.97E-05	4.68E-06	-8.97E-06	-1.28E-05
216	7	0	0	0	0	0	0	232	254	0	-1.97E-05	4.68E-06	-8.97E-06	-1.28E-05
216	8	0	0	0	0	0	0	232	254	0	-1.99E-05	4.57E-06	-9.68E-06	-1.23E-05
216	9	0	0	0	0	0	0	232	254	0	-1.99E-05	4.57E-06	-9.68E-06	-1.23E-05
216	10	0	0	0	0	0	0	232	254	0	-2.09E-05	4.94E-06	-1.05E-05	-1.31E-05
216	11	0	0	0	0	0	0	232	254	0	-2.17E-05	5.54E-06	-9.83E-06	-1.43E-05
216	12	0	0	0	0	0	0	232	254	0	-2.17E-05	5.54E-06	-9.83E-06	-1.43E-05
216	13	0	0	0	0	0	0	232	254	0	-2.06E-05	5.54E-06	-9.14E-06	-1.34E-05
216	14	0	0	0	0	0	0	232	254	0	-2.06E-05	5.54E-06	-9.14E-06	-1.34E-05
216	15	0	0	0	0	0	0	232	254	0	-2.05E-05	5.69E-06	-8.37E-06	-1.24E-05
216	16	0	0	0	0	0	0	232	254	0	-2.05E-05	5.69E-06	-8.37E-06	-1.24E-05
216	17	0	0	0	0	0	0	232	254	0	-2.10E-05	6.82E-06	-8.32E-06	-1.32E-05
216	18	0	0	0	0	0	0	232	254	0	-2.10E-05	6.82E-06	-8.32E-06	-1.32E-05
216	19	0	0	0	0	0	0	232	254	0	-2.13E-05	6.36E-06	-9.03E-06	-1.27E-05
217	0	0	0	0	0	0	0	232	254	0	-2.10E-05	6.25E-06	-8.59E-06	-1.38E-05
217	1	0	0	0	0	0	0	232	254	0	-2.10E-05	6.25E-06	-8.59E-06	-1.38E-05
217	2	0	0	0	0	0	0	232	254	0	-2.14E-05	6.62E-06	-7.63E-06	-1.40E-05
217	3	0	0	0	0	0	0	232	254	0	-2.14E-05	6.62E-06	-7.63E-06	-1.40E-05
217	4	0	0	0	0	0	0	232	254	0	-2.23E-05	7.24E-06	-8.34E-06	-1.17E-05
217	5	0	0	0	0	0	0	232	254	0	-2.23E-05	7.24E-06	-8.34E-06	-1.17E-05
217	6	0	0	0	0	0	0	232	254	0	-2.20E-05	7.37E-06	-9.16E-06	-1.24E-05
217	7	0	0	0	0	0	0	232	254	0	-2.20E-05	7.37E-06	-9.16E-06	-1.24E-05
217	8	0	0	0	0	0	0	232	254	0	-2.21E-05	7.05E-06	-8.52E-06	-1.33E-05
217	9	0	0	0	0	0	0	232	254	0	-2.34E-05	5.61E-06	-8.11E-06	-1.36E-05
217	10	0	0	0	0	0	0	232	254	0	-2.34E-05	5.61E-06	-8.11E-06	-1.36E-05
217	11	0	0	0	0	0	0	232	254	0	-2.36E-05	4.79E-06	-7.08E-06	-1.25E-05
217	12	0	0	0	0	0	0	232	254	0	-2.36E-05	4.79E-06	-7.08E-06	-1.25E-05
217	13	0	0	0	0	0	0	232	254	0	-2.26E-05	4.16E-06	-5.99E-06	-1.19E-05
217	14	0	0	0	0	0	0	232	254	0	-2.26E-05	4.16E-06	-5.99E-06	-1.19E-05
217	15	0	0	0	0	0	0	232	254	0	-2.20E-05	3.82E-06	-5.96E-06	-1.32E-05
217	16	0	0	0	0	0	0	232	254	0	-2.20E-05	3.82E-06	-5.96E-06	-1.32E-05
217	17	0	0	0	0	0	0	232	254	0	-2.19E-05	3.37E-06	-9.50E-06	-1.22E-05
217	18	0	0	0	0	0	0	232	254	0	-2.23E-05	2.20E-06	-1.15E-05	-1.03E-05
217	19	0	0	0	0	0	0	232	254	0	-2.23E-05	2.20E-06	-1.15E-05	-1.03E-05
218	0	0	0	0	0	0	0	232	254	0	-2.19E-05	2.41E-06	-1.11E-05	-9.60E-06
218	1	0	0	0	0	0	0	232	254	0	-2.19E-05	2.41E-06	-1.11E-05	-9.60E-06
218	2	0	0	0	0	0	0	232	254	0	-2.12E-05	2.74E-06	-1.10E-05	-8.75E-06
218	3	0	0	0	0	0	0	232	254	0	-2.12E-05	2.74E-06	-1.10E-05	-8.75E-06
218	4	0	0	0	0	0	0	232	254	0	-2.04E-05	1.77E-06	-8.33E-06	-1.04E-05
218	5	0	0	0	0	0	0	232	254	0	-2.04E-05	1.77E-06	-8.33E-06	-1.04E-05
218	6	0	0	0	0	0	0	232	254	0	-2.08E-05	1.04E-06	-5.41E-06	-1.20E-05
218	7	0	0	0	0	0	0	232	254	0	-1.95E-05	2.09E-07	-7.89E-06	-1.17E-05
218	8	0	0	0	0	0	0	232	254	0	-1.95E-05	2.09E-07	-7.89E-06	-1.17E-05
218	9	0	0	0	0	0	0	232	254	0	-1.94E-05	1.92E-06	-1.45E-05	-1.28E-05
218	10	0	0	0	0	0	0	232	254	0	-1.94E-05	1.92E-06	-1.45E-05	-1.28E-05
218	11	0	0	0	0	0	0	232	254	0	-2.02E-05	2.59E-06	-1.51E-05	-1.23E-05
218	12	0	0	0	0	0	0	232	254	0	-2.02E-05	2.59E-06	-1.51E-05	-1.23E-05
218	13	0	0	0	0	0	0	232	254	0	-1.97E-05	3.25E-06	-1.36E-05	-1.29E-05
218	14	0	0	0	0	0	0	232	254	0	-1.97E-05	3.25E-06	-1.36E-05	-1.29E-05
218	15	0	0	0	0	0	0	232	254	0	-2.04E-05	3.75E-06	-1.18E-05	-1.30E-05
218	16	0	0	0	0	0	0	232	254	0	-1.97E-05	4.12E-06	-1.07E-05	-1.28E-05
218	17	0	0	0	0	0	0	232	254	0	-1.97E-05	4.12E-06	-1.07E-05	-1.28E-05
218	18	0	0	0	0	0	0	232	254	0	-2.00E-05	3.45E-06	-1.10E-05	-1.42E-05
218	19	0	0	0	0	0	0	232	254	0	-2.00E-05	3.45E-06	-1.10E-05	-1.42E-05
219	0	0	0	0	0	0	0	232	254	0	-2.17E-05	2.89E-06	-8.52E-06	-1.40E-05
219	1	0	0	0	0	0	0	232	254	0	-2.17E-05	2.89E-06	-8.52E-06	-1.40E-05
219	2	0	0	0	0	0	0	232	254	0	-2.15E-05	3.27E-06	-5.71E-06	-1.37E-05
219	3	0	0	0	0	0	0	232	254	0	-2.15E-05	3.27E-06	-5.71E-06	-1.37E-05
219	4	0	0	0	0	0	0	232	254	0	-2.05E-05	4.01E-06	-7.07E-06	-1.43E-05
219	5	0	0	0	0	0	0	232	254	0	-2.05E-05	5.18E-06	-7.07E-06	-1.49E-05
219	6	0	0	0	0	0	0	232	254	0	-2.05E-05	5.18E-06	-7.07E-06	-1.49E-05
219	7	0	0	0	0	0	0	232	254	0	-2.17E-05	5.02E-06	-5.95E-06	-1.50E-05
219	8	0	0	0	0	0	0	232	254	0	-2.17E-05	5.02E-06	-5.95E-06	-1.50E-05
219	9	0	0	0	0	0	0	232	254	0	-2.24E-05	4.81E-06	-6.81E-06	-1.55E-05
219	10	0	0	0	0	0	0	232	254	0	-2.24E-05	4.81E-06	-6.81E-06	-1.55E-05
219	11	0	0	0	0	0	0	232	254	0	-2.14E-05	4.36E-06	-9.07E-06	-1.59E-05
219	12	0	0	0	0	0	0	232	254	0	-2.14E-05	4.36E-06	-9.07E-06	-1.59E-05
219	13	0	0	0	0	0	0	232	254	0	-2.17E-05	4.40E-06	-1.04E-05	-1.55E-05
219	14	0	0	0	0	0	0	232	254	0	-2.20E-05	4.72E-06	-1.06E-05	-1.28E-05
219	15	0	0	0	0	0	0	232	254	0	-2.20E-05	4.72E-06	-1.06E-05	-1.28E-05
219	16	0	0	0	0	0	0	232	254	0	-2.16E-05	4.79E-06	-1.08E-05	-1.16E-05
219	17	0	0	0	0	0	0	232	254	0	-2.16E-05	4.79E-06	-1.08E-05	-1.16E-05
219	18	0	0	0	0	0	0	232	254	0	-2.14E-05	4.23E-06	-1.00E-05	-1.14E-05
219	19	0	0	0	0	0	0	232	254	0	-2.14E-05	4.23E-06	-1.00E-05	-1.14E-05
220	0	0	0	0	0	0	0	232	254	0	-2.17E-05	4.65E-06	-8.62E-06	-1.15E-05
220	1	0	0	0	0	0	0	232	254	0	-2.17E-05	4.65E-06	-8.62E-06	-1.15E-05
220	2	0	0	0	0	0	0	232	254	0	-2.22E-05	5.75E-06	-9.31E-06	-1.10E-05
220	3	0	0	0	0	0	0	232	254	0	-2.21E-05	7.39E-06	-1.14E-05	-1.20E-05
220	4	0	0	0	0	0	0	232	254	0	-2.21E-05	7.39E-06	-1.14E-05	-1.20E-05
220	5	0	0	0	0	0	0	232	254	0	-2.20E-05	7.21E-06	-1.21E-05	-1.28E-05
220	6	0	0	0	0	0	0	232	254	0	-2.20E-05	7.21E-06	-1.21E-05	-1.28E-05
220	7	0	0	0	0	0	0	232	254	0	-2.16E-05	5.95E-06	-1.07E-05	-1.17E-05
220	8	0	0	0	0	0	0	232	254	0	-2.16E-05	5.95E-06	-1.07E-05	-1.17E-05
220	9	0	0	0	0	0	0	232	254	0	-2.14E-05	6.47E-06	-1.16E-05	-1.16E-05
220	10	0	0	0	0	0	0	232	254	0	-2.14E-05	6.47E-06	-1.16E-05	-1.16E-05
220	11	0	0	0	0	0	0	232	254	0	-2.19E-05	5.84E-06	-1.29E-05	-1.20E-05
220	12	0	0	0	0	0	0	232	254	0	-2.23E-05	5.39E-06	-1.12E-05	-1.27E-05
220	13	0	0	0	0	0	0	232	254	0	-2.23E-05	5.39E-06	-1.12E-05	-1.27E-05
220	14	0	0	0	0	0	0	232	254	0	-2.19E-05	4.16E-06	-8.32E-06	-1.21E-05
220	15	0	0	0	0	0	0	232	254	0	-2.19E-05	4.16E-06	-8.32E-06	-1.21E-05
220	16	0	0	0	0	0	0	232	254	0	-2.10E-05	3.86E-06	-9.20E-06	-1.09E-05
220	17	0	0	0	0	0	0	232	254	0	-2.10E-05	3.86E-06	-9.20E-06	-1.09E-05
220	18	0	0	0	0	0	0	232	254	0	-2.11E-05	3.78E-06	-1.01E-05	-1.13E-05
220	19	0	0	0	0	0	0	232	254	0	-2.11E-05	3.78E-06	-1.01E-05	-1.13E-05
221	0	0	0	0	0	0	0	232	254	0	-2.09E-05	3.07E-06	-9.12E-06	-1.15E-05
221	1	0	0	0	0	0	0	232	254	0	-2.06E-05	2.33E-06	-8.30E-06	-1.27E-05
221	2	0	0	0	0	0	0	232	254	0	-2.06E-05	2.33E-06	-8.30E-06	-1.27E-05
221	3	0	0	0	0	0	0	232	254	0	-2.19E-05	3.60E-06	-9.05E-06	-1.39E-05
221	4	0	0	0	0	0	0	232	254	0	-2.19E-05	3.60E-06	-9.05E-06	-1.39E-05
221	5	0	0	0	0	0	0	232	254	0	-2.09E-05	4.16E-06	-1.01E-05	-1.34E-05
221	6	0	0	0	0	0	0	232	254	0	-2.09E-05	4.16E-06	-1.01E-05	-1.34E-05
221	7	0	0	0	0	0	0	232	254	0	-1.87E-05	3.90E-06	-8.40E-06	-1.27E-05
221	8	0	0	0	0	0	0	232	254	0	-1.87E-05	3.90E-06	-8.40E-06	-1.27E-05
221	9	0	0	0	0	0	0	232	254	0	-1.98E-05	4.23E-06	-4.00E-06	-1.10E-05
221	10	0	0	0	0	0	0	232	254	0	-2.09E-05	4.68E-06	4.35E-07	-1.17E-05
221	11	0	0	0	0	0	0	232	254	0	-2.09E-05	4.68E-06	4.35E-07	-1.17E-05
221	12	0	0	0	0	0	0	232	254	0	-2.02E-05	5.91E-06	1.85E-06	-1.24E-05
221	13	0	0	0	0	0	0	232	254	0	-2.02E-05	5.91E-06	1.85E-06	-1.24E-05
221	14	0	0	0	0	0	0	232	254	0	-1.96E-05	6.17E-06	-4.56E-06	-1.34E-05
221	15	0	0	0	0	0	0	232	254	0	-1.96E-05	6.17E-06	-4.56E-06	-1.34E-05
221	16	0	0	0	0	0	0	232	254	0	-1.96E-05	5.87E-06	-1.44E-05	-1.44E-05
221	17	0	0	0	0	0	0	232	254	0	-1.96E-05	5.87E-06	-1.44E-05	-1.44E-05
221	18	0	0	0	0	0	0	232	254	0	-1.93E-05	5.87E-06	-1.89E-05	-1.54E-05
221	19	0	0	0	0	0	0	232	254	0	-1.64E-05	5.99E-06	-2.41E-05	-1.61E-05
222	0	0	0	0	0	0	0	232	254	0	-1.64E-05	5.99E-06	-2.41E-05	-1.61E-05
222	1	0	0	0	0	0	0	232	254	0	-1.70E-05	6.73E-06	-2.47E-05	-1.44E-05
222	2	0	0	0	0	0	0	232	254	0	-1.70E-05	6.73E-06	-2.47E-05	-1.44E-05
222	3	0	0	0	0	0	0	232	254	0	-1.75E-05	5.65E-06	-2.17E-05	-1.30E-05
222	4	0	0	0	0	0	0	232	254	0	-1.75E-05	5.65E-06	-2.17E-05	-1.30E-05
222	5	0	0	0	0	0	0	232	254	0	-1.64E-05	6.47E-06	-1.50E-05	-1.22E-05
222	6	0	0	0	0	0	0	232	254	0	-1.64E-05	6.47E-06	-1.50E-05	-1.22E-05
222	7	0	0	0	0	0	0	232	254	0	-1.76E-05	5.68E-06	-6.84E-06	-8.82E-06
222	8	0	0	0	0	0	0	232	254	0	-1.83E-05	4.27E-06	2.47E-06	-8.22E-06
222	9	0	0	0	0	0	0	232	254	0	-1.83E-05	4.27E-06	2.47E-06	-8.22E-06
222	10	0	0	0	0	0	0	232	254	0	-1.84E-05	4.71E-06	1.17E-05	-8.07E-06
222	11	0	0	0	0	0	0	232	254	0	-1.84E-05	4.71E-06	1.17E-05	-8.07E-06
222	12	0	0	0	0	0	0	232	254	0	-1.78E-05	3.45E-06	1.54E-05	-7.05E-06
222	13	0	0	0	0	0	0	232	254	0	-1.78E-05	3.45E-06	1.54E-05	-7.05E-06
222	14	0	0	0	0	0	0	232	254	0	-1.70E-05	2.89E-06	1.26E-05	-8.68E-06
222	15	0	0	0	0	0	0	232	254	0	-1.70E-05	2.89E-06	1.26E-05	-8.68E-06
222	16	0	0	0	0	0	0	232	254	0	-1.83E-05	3.09E-06	2.93E-06	-1.09E-05
222	17	0	0	0	0	0	0	232	254	0	-1.80E-05	2.41E-06	-1.12E-05	-1.15E-05
222	18	0	0	0	0	0	0	232	254	0	-1.80E-05	2.41E-06	-1.12E-05	-1.15E-05
222	19	0	0	0	0	0	0	232	254	0	-1.87E-05	2.97E-06	-2.32E-05	-1.32E-05
223	0	0	0	0	0	0	0	232	254	0	-1.87E-05	2.97E-06	-2.32E-05	-1.32E-05
223	1	0	0	0	0	0	0	232	254	0	-1.95E-05	3.69E-06	-1.86E-05	-1.45E-05
223	2	0	0	0	0	0	0	232	254	0	-1.95E-05	3.69E-06	-1.86E-05	-1.45E-05
223	3	0	0	0	0	0	0	232	254	0	-1.98E-05	2.33E-06	-1.06E-05	-1.60E-05
223	4	0	0	0	0	0	0	232	254	0	-1.98E-05	2.33E-06	-1.06E-05	-1.60E-05
223	5	0	0	0	0	0	0	232	254	0	-2.08E-05	2.26E-06	-8.08E-06	-1.40E-05
223	6	0	0	0	0	0	0	232	254	0	-2.17E-05	2.82E-06	-9.78E-06	-1.34E-05
223	7	0	0	0	0	0	0	232	254	0	-2.17E-05	2.82E-06	-9.78E-06	-1.34E-05
223	8	0	0	0	0	0	0	232	254	0	-2.17E-05	2.73E-06	-1.19E-05	-1.31E-05
223	9	0	0	0	0	0	0	232	254	0	-2.17E-05	2.73E-06	-1.19E-05	-1.31E-05
223	10	0	0	0	0	0	0	232	254	0	-2.17E-05	4.38E-06	-1.61E-05	-1.16E-05
223	11	0	0	0	0	0	0	232	254	0	-2.17E-05	4.38E-06	-1.61E-05	-1.16E-05
223	12	0	0	0	0	0	0	232	254	0	-2.17E-05	4.42E-06	-2.24E-05	-1.18E-05
223	13	0	0	0	0	0	0	232	254	0	-2.17E-05	4.42E-06	-2.24E-05	-1.18E-05
223	14	0	0	0	0	0	0	232	254	0	-2.17E-05	3.39E-06	-2.07E-05	-1.27E-05
223	15	0	0	0	0	0	0	232	254	0	-2.26E-05	2.37E-06	-1.44E-05	-1.35E-05
223	16	0	0	0	0	0	0	232	254	0	-2.26E-05	2.37E-06	-1.44E-05	-1.35E-05
223	17	0	0	0	0	0	0	232	254	0	-2.31E-05	2.36E-06	-1.56E-05	-1.23E-05
223	18	0	0	0	0	0	0	232	254	0	-2.31E-05	2.36E-06	-1.56E-05	-1.23E-05
223	19	0	0	0	0	0	0	232	254	0	-2.24E-05	1.37E-06	-1.72E-05	-1.17E-05
224	0	0	0	0	0	0	0	232	254	0	-2.24E-05	1.37E-06	-1.72E-05	-1.17E-05
224	1	0	0	0	0	0	0	232	254	0	-2.15E-05	2.99E-06	-1.19E-05	-1.25E-05
224	2	0	0	0	0	0	0	232	254	0	-2.15E-05	2.99E-06	-1.19E-05	-1.25E-05
224	3	0	0	0	0	0	0	232	254	0	-2.01E-05	3.86E-06	-6.06E-06	-1.20E-05
224	4	0	0	0	0	0	0	232	254	0	-1.87E-05	2.67E-06	-5.29E-06	-1.11E-05
224	5	0	0	0	0	0	0	232	254	0	-1.87E-05	2.67E-06	-5.29E-06	-1.11E-05
224	6	0	0	0	0	0	0	232	254	0	-2.06E-05	4.07E-06	-8.60E-06	-1.03E-05
224	7	0	0	0	0	0	0	232	254	0	-2.06E-05	4.07E-06	-8.60E-06	-1.03E-05
224	8	0	0	0	0	0	0	232	254	0	-2.31E-05	5.61E-06	-7.83E-06	-1.10E-05
224	9	0	0	0	0	0	0	232	254	0	-2.31E-05	5.61E-06	-7.83E-06	-1.10E-05
224	10	0	0	0	0	0	0	232	254	0	-2.41E-05	4.68E-06	1.25E-06	-1.22E-05
224	11	0	0	0	0	0	0	232	254	0	-2.41E-05	4.68E-06	1.25E-06	-1.22E-05
224	12	0	0	0	0	0	0	232	254	0	-2.48E-05	3.55E-06	5.86E-06	-1.32E-05
224	13	0	0	0	0	0	0	232	254	0	-2.31E-05	6.36E-06	-4.22E-06	-1.26E-05
224	14	0	0	0	0	0	0	232	254	0	-2.31E-05	6.36E-06	-4.22E-06	-1.26E-05
224	15	0	0	0	0	0	0	232	254	0	-2.37E-05	6.40E-06	-1.14E-05	-1.24E-05
224	16	0	0	0	0	0	0	232	254	0	-2.37E-05	6.40E-06	-1.14E-05	-1.24E-05
224	17	0	0	0	0	0	0	232	254	0	-2.41E-05	7.85E-06	-1.53E-05	-1.41E-05
224	18	0	0	0	0	0	0	232	254	0	-2.41E-05	7.85E-06	-1.53E-05	-1.41E-05
224	19	0	0	0	0	0	0	232	254	0	-2.26E-05	7.36E-06	-1.83E-05	-1.55E-05
225	0	0	0	0	0	0	0	232	254	0	-2.26E-05	7.36E-06	-1.83E-05	-1.55E-05
225	1	0	0	0	0	0	0	232	254	0	-2.20E-05	5.87E-06	-1.77E-05	-1.43E-05
225	2	0	0	0	0	0	0	232	254	0	-2.24E-05	5.89E-06	-1.12E-05	-1.44E-05
225	3	0	0	0	0	0	0	232	254	0	-2.24E-05	5.89E-06	-1.12E-05	-1.44E-05
225	4	0	0	0	0	0	0	232	254	0	-2.30E-05	5.95E-06	-6.18E-06	-1.44E-05
225	5	0	0	0	0	0	0	232	254	0	-2.30E-05	5.95E-06	-6.18E-06	-1.44E-05
225	6	0	0	0	0	0	0	232	254	0	-2.30E-05	5.13E-06	-8.45E-06	-1.36E-05
225	7	0	0	0	0	0	0	232	254	0	-2.30E-05	5.13E-06	-8.45E-06	-1.36E-05
225	8	0	0	0	0	0	0	232	254	0	-2.19E-05	4.36E-06	-7.50E-06	-1.19E-05
225	9	0	0	0	0	0	0	232	254	0	-2.19E-05	4.36E-06	-7.50E-06	-1.19E-05
225	10	0	0	0	0	0	0	232	254	0	-2.24E-05	3.08E-06	-7.03E-06	-1.16E-05
225	11	0	0	0	0	0	0	232	254	0	-2.27E-05	3.54E-06	-6.92E-06	-1.19E-05
225	12	0	0	0	0	0	0	232	254	0	-2.27E-05	3.54E-06	-6.92E-06	-1.19E-05
225	13	0	0	0	0	0	0	232	254	0	-2.04E-05	3.75E-06	-7.37E-06	-1.17E-05
225	14	0	0	0	0	0	0	232	254	0	-2.04E-05	3.75E-06	-7.37E-06	-1.17E-05
225	15	0	0	0	0	0	0	232	254	0	-1.98E-05	4.22E-06	-8.75E-06	-1.24E-05
225	16	0	0	0	0	0	0	232	254	0	-1.98E-05	4.22E-06	-8.75E-06	-1.24E-05
225	17	0	0	0	0	0	0	232	254	0	-2.00E-05	4.38E-06	-1.02E-05	-1.39E-05
225	18	0	0	0	0	0	0	232	254	0	-2.00E-05	4.38E-06	-1.02E-05	-1.39E-05
225	19	0	0	0	0	0	0	232	254	0	-2.02E-05	4.53E-06	-9.64E-06	-1.30E-05
226	0	0	0	0	0	0	0	232	254	0	-1.95E-05	4.49E-06	-9.20E-06	-1.14E-05
226	1	0	0	0	0	0	0	232	254	0	-1.95E-05	4.49E-06	-9.20E-06	-1.14E-05
226	2	0	0	0	0	0	0	232	254	0	-1.87E-05	4.29E-06	-1.15E-05	-1.27E-05
226	3	0	0	0	0	0	0	232	254	0	-1.87E-05	4.29E-06	-1.15E-05	-1.27E-05
226	4	0	0	0	0	0	0	232	254	0	-1.89E-05	4.92E-06	-1.08E-05	-1.36E-05
226	5	0	0	0	0	0	0	232	254	0	-1.89E-05	4.92E-06	-1.08E-05	-1.36E-05
226	6	0	0	0	0	0	0	232	254	0	-1.89E-05	4.05E-06	-7.77E-06	-1.35E-05
226	7	0	0	0	0	0	0	232	254	0	-1.89E-05	4.05E-06	-7.77E-06	-1.35E-05
226	8	0	0	0	0	0	0	232	254	0	-1.94E-05	4.20E-06	-4.12E-06	-1.27E-05
226	9	0	0	0	0	0	0	232	254	0	-1.89E-05	4.12E-06	-4.25E-06	-1.23E-05
226	10	0	0	0	0	0	0	232	254	0	-1.89E-05	4.12E-06	-4.25E-06	-1.23E-05
226	11	0	0	0	0	0	0	232	254	0	-1.87E-05	3.52E-06	-1.02E-05	-1.30E-05
226	12	0	0	0	0	0	0	232	254	0	-1.87E-05	3.52E-06	-1.02E-05	-1.30E-05
226	13	0	0	0	0	0	0	232	254	0	-1.95E-05	3.56E-06	-1.28E-05	-1.35E-05
226	14	0	0	0	0	0	0	232	254	0	-1.95E-05	3.56E-06	-1.28E-05	-1.35E-05
226	15	0	0	0	0	0	0	232	254	0	-1.93E-05	3.90E-06	-1.19E-05	-1.39E-05
226	16	0	0	0	0	0	0	232	254	0	-1.93E-05	3.90E-06	-1.19E-05	-1.39E-05
226	17	0	0	0	0	0	0	232	254	0	-1.96E-05	4.20E-06	-1.15E-05	-1.37E-05
226	18	0	0	0	0	0	0	232	254	0	-1.95E-05	4.12E-06	-8.31E-06	-1.49E-05
226	19	0	0	0	0	0	0	232	254	0	-1.95E-05	4.12E-06	-8.31E-06	-1.49E-05
227	0	0	0	0	0	0	0	232	254	0	-1.86E-05	3.75E-06	-6.24E-06	-1.44E-05
227	1	0	0	0	0	0	0	232	254	0	-1.86E-05	3.75E-06	-6.24E-06	-1.44E-05
227	2	0	0	0	0	0	0	232	254	0	-1.99E-05	5.54E-06	-5.13E-06	-1.53E-05
227	3	0	0	0	0	0	0	232	254	0	-1.99E-05	5.54E-06	-5.13E-06	-1.53E-05
227	4	0	0	0	0	0	0	232	254	0	-2.10E-05	5.35E-06	-4.76E-06	-1.55E-05
227	5	0	0	0	0	0	0	232	254	0	-2.10E-05	5.35E-06	-4.76E-06	-1.55E-05
227	6	0	0	0	0	0	0	232	254	0	-2.08E-05	3.94E-06	-6.39E-06	-1.42E-05
227	7	0	0	0	0	0	0	232	254	0	-1.92E-05	4.69E-06	-5.32E-06	-1.36E-05
227	8	0	0	0	0	0	0	232	254	0	-1.92E-05	4.69E-06	-5.32E-06	-1.36E-05
227	9	0	0	0	0	0	0	232	254	0	-1.98E-05	5.91E-06	-6.79E-06	-1.37E-05
227	10	0	0	0	0	0	0	232	254	0	-1.98E-05	5.91E-06	-6.79E-06	-1.37E-05
227	11	0	0	0	0	0	0	232	254	0	-2.10E-05	6.08E-06	-1.16E-05	-1.23E-05
227	12	0	0	0	0	0	0	232	254	0	-2.10E-05	6.08E-06	-1.16E-05	-1.23E-05
227	13	0	0	0	0	0	0	232	254	0	-2.12E-05	4.96E-06	-1.41E-05	-1.22E-05
227	14	0	0	0	0	0	0	232	254	0	-2.12E-05	4.96E-06	-1.41E-05	-1.22E-05
227	15	0	0	0	0	0	0	232	254	0	-2.12E-05	4.50E-06	-1.39E-05	-1.15E-05
227	16	0	0	0	0	0	0	232	254	0	-2.05E-05	5.63E-06	-1.11E-05	-1.09E-05
227	17	0	0	0	0	0	0	232	254	0	-2.05E-05	5.63E-06	-1.11E-05	-1.09E-05
227	18	0	0	0	0	0	0	232	254	0	-2.20E-05	6.55E-06	-9.41E-06	-1.36E-05
227	19	0	0	0	0	0	0	232	254	0	-2.20E-05	6.55E-06	-9.41E-06	-1.36E-05
228	0	0	0	0	0	0	0	232	254	0	-2.19E-05	7.93E-06	-6.44E-06	-1.34E-05
228	1	0	0	0	0	0	0	232	254	0	-2.19E-05	7.93E-06	-6.44E-06	-1.34E-05
228	2	0	0	0	0	0	0	232	254	0	-2.19E-05	8.15E-06	-3.56E-06	-1.37E-05
228	3	0	0	0	0	0	0	232	254	0	-2.19E-05	8.15E-06	-3.56E-06	-1.37E-05
228	4	0	0	0	0	0	0	232	254	0	-2.38E-05	7.57E-06	-9.31E-06	-1.42E-05
228	5	0	0	0	0	0	0	232	254	0	-2.33E-05	7.82E-06	-2.19E-05	-1.39E-05
228	6	0	0	0	0	0	0	232	254	0	-2.33E-05	7.82E-06	-2.19E-05	-1.39E-05
228	7	0	0	0	0	0	0	232	254	0	-2.33E-05	8.41E-06	-2.27E-05	-1.36E-05
228	8	0	0	0	0	0	0	232	254	0	-2.33E-05	8.41E-06	-2.27E-05	-1.36E-05
228	9	0	0	0	0	0	0	232	254	0	-2.34E-05	7.33E-06	-1.51E-05	-1.40E-05
228	10	0	0	0	0	0	0	232	254	0	-2.34E-05	7.33E-06	-1.51E-05	-1.40E-05
228	11	0	0	0	0	0	0	232	254	0	-2.38E-05	8.24E-06	-1.47E-05	-1.56E-05
228	12	0	0	0	0	0	0	232	254	0	-2.38E-05	8.24E-06	-1.47E-05	-1.56E-05
228	13	0	0	0	0	0	0	232	254	0	-2.46E-05	8.37E-06	-1.16E-05	-1.54E-05
228	14	0	0	0	0	0	0	232	254	0	-2.57E-05	8.03E-06	-3.64E-06	-1.37E-05
228	15	0	0	0	0	0	0	232	254	0	-2.57E-05	8.03E-06	-3.64E-06	-1.37E-05
228	16	0	0	0	0	0	0	232	254	0	-2.58E-05	6.22E-06	-5.30E-06	-1.20E-05
228	17	0	0	0	0	0	0	232	254	0	-2.58E-05	6.22E-06	-5.30E-06	-1.20E-05
228	18	0	0	0	0	0	0	232	254	0	-2.69E-05	3.64E-06	-1.10E-05	-1.04E-05
228	19	0	0	0	0	0	0	232	254	0	-2.69E-05	3.64E-06	-1.10E-05	-1.04E-05
229	0	0	0	0	0	0	0	232	254	0	-2.79E-05	3.11E-06	-7.51E-06	-1.18E-05
229	1	0	0	0	0	0	0	232	254	0	-2.79E-05	3.11E-06	-7.51E-06	-1.18E-05
229	2	0	0	0	0	0	0	232	254	0	-2.56E-05	2.67E-06	3.50E-06	-1.35E-05
229	3	0	0	0	0	0	0	232	254	0	-2.40E-05	4.09E-06	4.99E-06	-1.27E-05
229	4	0	0	0	0	0	0	232	254	0	-2.40E-05	4.09E-06	4.99E-06	-1.27E-05
229	5	0	0	0	0	0	0	232	254	0	-2.40E-05	5.87E-06	-2.50E-06	-1.24E-05
229	6	0	0	0	0	0	0	232	254	0	-2.40E-05	5.87E-06	-2.50E-06	-1.24E-05
229	7	0	0	0	0	0	0	232	254	0	-2.17E-05	5.72E-06	-7.53E-06	-1.27E-05
229	8	0	0	0	0	0	0	232	254	0	-2.17E-05	5.72E-06	-7.53E-06	-1.27E-05
229	9	0	0	0	0	0	0	232	254	0	-2.27E-05	4.61E-06	-7.33E-06	-1.39E-05
229	10	0	0	0	0	0	0	232	254	0	-2.27E-05	4.61E-06	-7.33E-06	-1.39E-05
229	11	0	0	0	0	0	0	232	254	0	-2.39E-05	5.24E-06	-7.00E-06	-1.36E-05
229	12	0	0	0	0	0	0	232	254	0	-2.31E-05	5.35E-06	-7.66E-06	-1.39E-05
229	13	0	0	0	0	0	0	232	254	0	-2.31E-05	5.35E-06	-7.66E-06	-1.39E-05
229	14	0	0	0	0	0	0	232	254	0	-2.41E-05	3.98E-06	-5.86E-06	-1.33E-05
229	15	0	0	0	0	0	0	232	254	0	-2.41E-05	3.98E-06	-5.86E-06	-1.33E-05
229	16	0	0	0	0	0	0	232	254	0	-2.44E-05	4.91E-06	-5.73E-06	-1.32E-05
229	17	0	0	0	0	0	0	232	254	0	-2.44E-05	4.91E-06	-5.73E-06	-1.32E-05
229	18	0	0	0	0	0	0	232	254	0	-2.25E-05	5.16E-06	-5.80E-06	-1.30E-05
229	19	0	0	0	0	0	0	232	254	0	-2.25E-05	5.16E-06	-5.80E-06	-1.30E-05
230	0	0	0	0	0	0	0	232	254	0	-2.08E-05	4.89E-06	-5.36E-06	-1.18E-05
230	1	0	0	0	0	0	0	232	254	0	-1.94E-05	5.02E-06	-7.16E-06	-1.08E-05
230	2	0	0	0	0	0	0	232	254	0	-1.94E-05	5.02E-06	-7.16E-06	-1.08E-05
230	3	0	0	0	0	0	0	232	254	0	-2.04E-05	4.87E-06	-1.25E-05	-1.11E-05
230	4	0	0	0	0	0	0	232	254	0	-2.04E-05	4.87E-06	-1.25E-05	-1.11E-05
230	5	0	0	0	0	0	0	232	254	0	-2.09E-05	4.73E-06	-1.74E-05	-1.13E-05
230	6	0	0	0	0	0	0	232	254	0	-2.09E-05	4.73E-06	-1.74E-05	-1.13E-05
230	7	0	0	0	0	0	0	232	254	0	-1.89E-05	3.64E-06	-1.82E-05	-1.15E-05
230	8	0	0	0	0	0	0	232	254	0	-1.89E-05	3.64E-06	-1.82E-05	-1.15E-05
230	9	0	0	0	0	0	0	232	254	0	-1.88E-05	3.25E-06	-1.71E-05	-1.06E-05
230	10	0	0	0	0	0	0	232	254	0	-2.04E-05	3.83E-06	-1.48E-05	-1.09E-05
230	11	0	0	0	0	0	0	232	254	0	-2.04E-05	3.83E-06	-1.48E-05	-1.09E-05
230	12	0	0	0	0	0	0	232	254	0	-2.12E-05	4.89E-06	-8.34E-06	-1.06E-05
230	13	0	0	0	0	0	0	232	254	0	-2.12E-05	4.89E-06	-8.34E-06	-1.06E-05
230	14	0	0	0	0	0	0	232	254	0	-2.05E-05	5.05E-06	-1.00E-05	-1.11E-05
230	15	0	0	0	0	0	0	232	254	0	-2.05E-05	5.05E-06	-1.00E-05	-1.11E-05
230	16	0	0	0	0	0	0	232	254	0	-1.96E-05	5.13E-06	-1.63E-05	-1.29E-05
230	17	0	0	0	0	0	0	232	254	0	-1.96E-05	5.13E-06	-1.63E-05	-1.29E-05
230	18	0	0	0	0	0	0	232	254	0	-1.89E-05	4.53E-06	-1.87E-05	-1.25E-05
230	19	0	0	0	0	0	0	232	254	0	-1.83E-05	4.46E-06	-1.73E-05	-1.08E-05
231	0	0	0	0	0	0	0	232	254	0	-1.83E-05	4.46E-06	-1.73E-05	-1.08E-05
231	1	0	0	0	0	0	0	232	254	0	-1.82E-05	3.76E-06	-1.17E-05	-1.11E-05
231	2	0	0	0	0	0	0	232	254	0	-1.82E-05	3.76E-06	-1.17E-05	-1.11E-05
231	3	0	0	0	0	0	0	232	254	0	-1.72E-05	3.00E-06	-5.72E-06	-1.23E-05
231	4	0	0	0	0	0	0	232	254	0	-1.72E-05	3.00E-06	-5.72E-06	-1.23E-05
231	5	0	0	0	0	0	0	232	254	0	-1.77E-05	2.97E-06	9.59E-07	-1.20E-05
231	6	0	0	0	0	0	0	232	254	0	-1.77E-05	2.97E-06	9.59E-07	-1.20E-05
231	7	0	0	0	0	0	0	232	254	0	-1.85E-05	3.94E-06	2.46E-06	-1.00E-05
231	8	0	0	0	0	0	0	232	254	0	-1.87E-05	4.44E-06	-3.65E-06	-9.76E-06
231	9	0	0	0	0	0	0	232	254	0	-1.87E-05	4.44E-06	-3.65E-06	-9.76E-06
231	10	0	0	0	0	0	0	232	254	0	-1.89E-05	3.65E-06	-7.91E-06	-1.13E-05
231	11	0	0	0	0	0	0	232	254	0	-1.89E-05	3.65E-06	-7.91E-06	-1.13E-05
231	12	0	0	0	0	0	0	232	254	0	-1.87E-05	3.36E-06	-1.38E-05	-1.18E-05
231	13	0	0	0	0	0	0	232	254	0	-1.87E-05	3.36E-06	-1.38E-05	-1.18E-05
231	14	0	0	0	0	0	0	232	254	0	-2.03E-05	3.32E-06	-1.78E-05	-1.26E-05
231	15	0	0	0	0	0	0	232	254	0	-2.03E-05	3.32E-06	-1.78E-05	-1.26E-05
231	16	0	0	0	0	0	0	232	254	0	-1.97E-05	3.04E-06	-1.48E-05	-1.40E-05
231	17	0	0	0	0	0	0	232	254	0	-1.91E-05	3.42E-06	-1.11E-05	-1.46E-05
231	18	0	0	0	0	0	0	232	254	0	-1.91E-05	3.42E-06	-1.11E-05	-1.46E-05
231	19	0	0	0	0	0	0	232	254	0	-2.06E-05	5.28E-06	-1.36E-05	-1.70E-05
232	0	0	0	0	0	0	0	232	254	0	-2.06E-05	5.28E-06	-1.36E-05	-1.70E-05
232	1	0	0	0	0	0	0	232	254	0	-2.17E-05	5.87E-06	-1.03E-05	-1.68E-05
232	2	0	0	0	0	0	0	232	254	0	-2.17E-05	5.87E-06	-1.03E-05	-1.68E-05
232	3	0	0	0	0	0	0	232	254	0	-2.16E-05	5.95E-06	-5.87E-06	-1.57E-05
232	4	0	0	0	0	0	0	232	254	0	-2.16E-05	5.95E-06	-5.87E-06	-1.57E-05
232	5	0	0	0	0	0	0	232	254	0	-2.12E-05	6.47E-06	-8.07E-06	-1.50E-05
232	6	0	0	0	0	0	0	232	254	0	-2.05E-05	5.70E-06	-4.89E-06	-1.24E-05
232	7	0	0	0	0	0	0	232	254	0	-2.05E-05	5.70E-06	-4.89E-06	-1.24E-05
232	8	0	0	0	0	0	0	232	254	0	-2.17E-05	4.42E-06	9.11E-08	-1.12E-05
232	9	0	0	0	0	0	0	232	254	0	-2.17E-05	4.42E-06	9.11E-08	-1.12E-05
232	10	0	0	0	0	0	0	232	254	0	-2.25E-05	4.94E-06	-1.08E-06	-1.31E-05
232	11	0	0	0	0	0	0	232	254	0	-2.25E-05	4.94E-06	-1.08E-06	-1.31E-05
232	12	0	0	0	0	0	0	232	254	0	-2.30E-05	5.52E-06	-6.08E-06	-1.32E-05
232	13	0	0	0	0	0	0	232	254	0	-2.30E-05	5.52E-06	-6.08E-06	-1.32E-05
232	14	0	0	0	0	0	0	232	254	0	-2.33E-05	5.35E-06	-1.01E-05	-1.30E-05
232	15	0	0	0	0	0	0	232	254	0	-2.28E-05	5.18E-06	-9.03E-06	-1.35E-05
232	16	0	0	0	0	0	0	232	254	0	-2.28E-05	5.18E-06	-9.03E-06	-1.35E-05
232	17	0	0	0	0	0	0	232	254	0	-2.11E-05	5.13E-06	-5.59E-06	-1.31E-05
232	18	0	0	0	0	0	0	232	254	0	-2.11E-05	5.13E-06	-5.59E-06	-1.31E-05
232	19	0	0	0	0	0	0	232	254	0	-2.23E-05	5.95E-06	-1.22E-06	-1.27E-05
233	0	0	0	0	0	0	0	232	254	0	-2.23E-05	5.95E-06	-1.22E-06	-1.27E-05
233	1	0	0	0	0	0	0	232	254	0	-2.19E-05	6.39E-06	-4.85E-06	-1.23E-05
233	2	0	0	0	0	0	0	232	254	0	-2.19E-05	6.39E-06	-4.85E-06	-1.23E-05
233	3	0	0	0	0	0	0	232	254	0	-2.15E-05	5.20E-06	-1.02E-05	-1.29E-05
233	4	0	0	0	0	0	0	232	254	0	-2.05E-05	5.18E-06	-1.28E-05	-1.26E-05
233	5	0	0	0	0	0	0	232	254	0	-2.05E-05	5.18E-06	-1.28E-05	-1.26E-05
233	6	0	0	0	0	0	0	232	254	0	-2.20E-05	4.88E-06	-1.85E-05	-1.21E-05
233	7	0	0	0	0	0	0	232	254	0	-2.20E-05	4.88E-06	-1.85E-05	-1.21E-05
233	8	0	0	0	0	0	0	232	254	0	-2.21E-05	3.79E-06	-2.09E-05	-1.14E-05
233	9	0	0	0	0	0	0	232	254	0	-2.21E-05	3.79E-06	-2.09E-05	-1.14E-05
233	10	0	0	0	0	0	0	232	254	0	-2.15E-05	4.61E-06	-2.08E-05	-1.26E-05
233	11	0	0	0	0	0	0	232	254	0	-2.15E-05	4.61E-06	-2.08E-05	-1.26E-05
233	12	0	0	0	0	0	0	232	254	0	-2.02E-05	5.20E-06	-2.47E-05	-1.36E-05
233	13	0	0	0	0	0	0	232	254	0	-1.90E-05	5.13E-06	-2.38E-05	-1.32E-05
233	14	0	0	0	0	0	0	232	254	0	-1.90E-05	5.13E-06	-2.38E-05	-1.32E-05
233	15	0	0	0	0	0	0	232	254	0	-1.93E-05	4.59E-06	-1.80E-05	-1.30E-05
233	16	0	0	0	0	0	0	232	254	0	-1.93E-05	4.59E-06	-1.80E-05	-1.30E-05
233	17	0	0	0	0	0	0	232	254	0	-1.90E-05	5.02E-06	-1.37E-05	-1.23E-05
233	18	0	0	0	0	0	0	232	254	0	-1.90E-05	5.02E-06	-1.37E-05	-1.23E-05
233	19	0	0	0	0	0	0	232	254	0	-1.93E-05	4.79E-06	-7.89E-06	-1.16E-05
234	0	0	0	0	0	0	0	232	254	0	-1.93E-05	4.79E-06	-7.89E-06	-1.16E-05
234	1	0	0	0	0	0	0	232	254	0	-1.91E-05	4.31E-06	-3.84E-06	-1.17E-05
234	2	0	0	0	0	0	0	232	254	0	-2.05E-05	5.16E-06	-2.29E-06	-1.20E-05
234	3	0	0	0	0	0	0	232	254	0	-2.05E-05	5.16E-06	-2.29E-06	-1.20E-05
234	4	0	0	0	0	0	0	232	254	0	-2.19E-05	4.68E-06	-2.06E-06	-1.01E-05
234	5	0	0	0	0	0	0	232	254	0	-2.19E-05	4.68E-06	-2.06E-06	-1.01E-05
234	6	0	0	0	0	0	0	232	254	0	-2.09E-05	3.32E-06	-3.02E-06	-9.39E-06
234	7	0	0	0	0	0	0	232	254	0	-2.09E-05	3.32E-06	-3.02E-06	-9.39E-06
234	8	0	0	0	0	0	0	232	254	0	-2.00E-05	4.27E-06	3.18E-06	-1.06E-05
234	9	0	0	0	0	0	0	232	254	0	-2.00E-05	4.27E-06	3.18E-06	-1.06E-05
234	10	0	0	0	0	0	0	232	254	0	-2.02E-05	3.56E-06	1.13E-05	-1.11E-05
234	11	0	0	0	0	0	0	232	254	0	-1.97E-05	4.00E-06	1.40E-05	-1.24E-05
234	12	0	0	0	0	0	0	232	254	0	-1.97E-05	4.00E-06	1.40E-05	-1.24E-05
234	13	0	0	0	0	0	0	232	254	0	-2.06E-05	4.75E-06	1.17E-05	-1.36E-05
234	14	0	0	0	0	0	0	232	254	0	-2.06E-05	4.75E-06	1.17E-05	-1.36E-05
234	15	0	0	0	0	0	0	232	254	0	-2.14E-05	2.42E-06	1.61E-06	-1.23E-05
234	16	0	0	0	0	0	0	232	254	0	-2.14E-05	2.42E-06	1.61E-06	-1.23E-05
234	17	0	0	0	0	0	0	232	254	0	-2.04E-05	1.89E-06	-5.54E-06	-1.21E-05
234	18	0	0	0	0	0	0	232	254	0	-2.04E-05	1.89E-06	-5.54E-06	-1.21E-05
234	19	0	0	0	0	0	0	232	254	0	-2.09E-05	3.45E-06	-7.69E-06	-1.08E-05
235	0	0	0	0	0	0	0	232	254	0	-2.05E-05	2.89E-06	-1.54E-05	-1.02E-05
235	1	0	0	0	0	0	0	232	254	0	-2.05E-05	2.89E-06	-1.54E-05	-1.02E-05
235	2	0	0	0	0	0	0	232	254	0	-1.93E-05	3.30E-06	-2.64E-05	-1.01E-05
235	3	0	0	0	0	0	0	232	254	0	-1.93E-05	3.30E-06	-2.64E-05	-1.01E-05
235	4	0	0	0	0	0	0	232	254	0	-1.93E-05	4.00E-06	-2.48E-05	-9.15E-06
235	5	0	0	0	0	0	0	232	254	0	-1.93E-05	4.00E-06	-2.48E-05	-9.15E-06
235	6	0	0	0	0	0	0	232	254	0	-1.95E-05	2.48E-06	-1.83E-05	-8.64E-06
235	7	0	0	0	0	0	0	232	254	0	-1.95E-05	2.48E-06	-1.83E-05	-8.64E-06
235	8	0	0	0	0	0	0	232	254	0	-1.86E-05	2.34E-06	-1.82E-05	-9.29E-06
235	9	0	0	0	0	0	0	232	254	0	-1.84E-05	3.56E-06	-1.40E-05	-9.74E-06
235	10	0	0	0	0	0	0	232	254	0	-1.84E-05	3.56E-06	-1.40E-05	-9.74E-06
235	11	0	0	0	0	0	0	232	254	0	-1.96E-05	3.78E-06	-6.03E-06	-9.83E-06
235	12	0	0	0	0	0	0	232	254	0	-1.96E-05	3.78E-06	-6.03E-06	-9.83E-06
235	13	0	0	0	0	0	0	232	254	0	-2.05E-05	3.23E-06	-7.95E-06	-1.07E-05
235	14	0	0	0	0	0	0	232	254	0	-2.05E-05	3.23E-06	-7.95E-06	-1.07E-05
235	15	0	0	0	0	0	0	232	254	0	-2.06E-05	3.52E-06	-1.37E-05	-1.18E-05
235	16	0	0	0	0	0	0	232	254	0	-2.06E-05	3.52E-06	-1.37E-05	-1.18E-05
235	17	0	0	0	0	0	0	232	254	0	-2.03E-05	3.52E-06	-1.40E-05	-1.28E-05
235	18	0	0	0	0	0	0	232	254	0	-1.94E-05	3.64E-06	-1.14E-05	-1.43E-05
235	19	0	0	0	0	0	0	232	254	0	-1.94E-05	3.64E-06	-1.14E-05	-1.43E-05
236	0	0	0	0	0	0	0	232	254	0	-2.18E-05	4.69E-06	-7.55E-06	-1.48E-05
236	1	0	0	0	0	0	0	232	254	0	-2.18E-05	4.69E-06	-7.55E-06	-1.48E-05
236	2	0	0	0	0	0	0	232	254	0	-2.20E-05	5.95E-06	-6.13E-06	-1.40E-05
236	3	0	0	0	0	0	0	232	254	0	-2.20E-05	5.95E-06	-6.13E-06	-1.40E-05
236	4	0	0	0	0	0	0	232	254	0	-2.23E-05	6.47E-06	-5.90E-06	-1.43E-05
236	5	0	0	0	0	0	0	232	254	0	-2.23E-05	6.47E-06	-5.90E-06	-1.43E-05
236	6	0	0	0	0	0	0	232	254	0	-2.21E-05	5.84E-06	-8.98E-06	-1.36E-05
236	7	0	0	0	0	0	0	232	254	0	-2.18E-05	5.58E-06	-1.11E-05	-1.37E-05
236	8	0	0	0	0	0	0	232	254	0	-2.18E-05	5.58E-06	-1.11E-05	-1.37E-05
236	9	0	0	0	0	0	0	232	254	0	-2.30E-05	6.03E-06	-1.31E-05	-1.45E-05
236	10	0	0	0	0	0	0	232	254	0	-2.30E-05	6.03E-06	-1.31E-05	-1.45E-05
236	11	0	0	0	0	0	0	232	254	0	-2.30E-05	7.22E-06	-1.43E-05	-1.39E-05
236	12	0	0	0	0	0	0	232	254	0	-2.30E-05	7.22E-06	-1.43E-05	-1.39E-05
236	13	0	0	0	0	0	0	232	254	0	-2.32E-05	7.14E-06	-1.46E-05	-1.41E-05
236	14	0	0	0	0	0	0	232	254	0	-2.32E-05	7.14E-06	-1.46E-05	-1.41E-05
236	15	0	0	0	0	0	0	232	254	0	-2.20E-05	6.47E-06	-1.18E-05	-1.55E-05
236	16	0	0	0	0	0	0	232	254	0	-2.24E-05	5.74E-06	-7.85E-06	-1.47E-05
236	17	0	0	0	0	0	0	232	254	0	-2.24E-05	5.74E-06	-7.85E-06	-1.47E-05
236	18	0	0	0	0	0	0	232	254	0	-2.28E-05	4.70E-06	-7.69E-06	-1.30E-05
236	19	0	0	0	0	0	0	232	254	0	-2.28E-05	4.70E-06	-7.69E-06	-1.30E-05
237	0	0	0	0	0	0	0	232	254	0	-2.36E-05	4.68E-06	-9.02E-06	-1.33E-05
237	1	0	0	0	0	0	0	232	254	0	-2.36E-05	4.68E-06	-9.02E-06	-1.33E-05
237	2	0	0	0	0	0	0	232	254	0	-2.30E-05	4.45E-06	-1.12E-05	-1.40E-05
237	3	0	0	0	0	0	0	232	254	0	-2.30E-05	4.45E-06	-1.12E-05	-1.40E-05
237	4	0	0	0	0	0	0	232	254	0	-2.15E-05	3.86E-06	-1.09E-05	-1.45E-05
237	5	0	0	0	0	0	0	232	254	0	-2.17E-05	3.92E-06	-9.12E-06	-1.51E-05
237	6	0	0	0	0	0	0	232	254	0	-2.17E-05	3.92E-06	-9.12E-06	-1.51E-05
237	7	0	0	0	0	0	0	232	254	0	-2.23E-05	4.46E-06	-7.99E-06	-1.52E-05
237	8	0	0	0	0	0	0	232	254	0	-2.23E-05	4.46E-06	-7.99E-06	-1.52E-05
237	9	0	0	0	0	0	0	232	254	0	-2.19E-05	5.26E-06	-6.13E-06	-1.46E-05
237	10	0	0	0	0	0	0	232	254	0	-2.19E-05	5.26E-06	-6.13E-06	-1.46E-05
237	11	0	0	0	0	0	0	232	254	0	-2.16E-05	5.61E-06	-5.73E-06	-1.58E-05
237	12	0	0	0	0	0	0	232	254	0	-2.16E-05	5.61E-06	-5.73E-06	-1.58E-05
237	13	0	0	0	0	0	0	232	254	0	-2.15E-05	4.94E-06	-7.28E-06	-1.54E-05
237	14	0	0	0	0	0	0	232	254	0	-2.26E-05	5.42E-06	-7.82E-06	-1.35E-05
237	15	0	0	0	0	0	0	232	254	0	-2.26E-05	5.42E-06	-7.82E-06	-1.35E-05
237	16	0	0	0	0	0	0	232	254	0	-2.23E-05	4.38E-06	-8.60E-06	-1.26E-05
237	17	0	0	0	0	0	0	232	254	0	-2.23E-05	4.38E-06	-8.60E-06	-1.26E-05
237	18	0	0	0	0	0	0	232	254	0	-2.11E-05	3.23E-06	-8.82E-06	-1.32E-05
237	19	0	0	0	0	0	0	232	254	0	-2.11E-05	3.23E-06	-8.82E-06	-1.32E-05
238	0	0	0	0	0	0	0	232	254	0	-2.18E-05	3.62E-06	-8.32E-06	-1.49E-05
238	1	0	0	0	0	0	0	232	254	0	-2.18E-05	3.62E-06	-8.32E-06	-1.49E-05
238	2	0	0	0	0	0	0	232	254	0	-2.02E-05	4.60E-06	-9.24E-06	-1.42E-05
238	3	0	0	0	0	0	0	232	254	0	-1.94E-05	6.51E-06	-1.09E-05	-1.39E-05
238	4	0	0	0	0	0	0	232	254	0	-1.94E-05	6.51E-06	-1.09E-05	-1.39E-05
238	5	0	0	0	0	0	0	232	254	0	-2.01E-05	7.44E-06	-1.41E-05	-1.31E-05
238	6	0	0	0	0	0	0	232	254	0	-2.01E-05	7.44E-06	-1.41E-05	-1.31E-05
238	7	0	0	0	0	0	0	232	254	0	-2.10E-05	6.47E-06	-1.62E-05	-1.16E-05
238	8	0	0	0	0	0	0	232	254	0	-2.10E-05	6.47E-06	-1.62E-05	-1.16E-05
238	9	0	0	0	0	0	0	232	254	0	-2.09E-05	5.95E-06	-1.40E-05	-9.53E-06
238	10	0	0	0	0	0	0	232	254	0	-2.09E-05	5.95E-06	-1.40E-05	-9.53E-06
238	11	0	0	0	0	0	0	232	254	0	-2.20E-05	6.47E-06	-1.19E-05	-1.07E-05
238	12	0	0	0	0	0	0	232	254	0	-2.18E-05	5.95E-06	-8.74E-06	-1.16E-05
238	13	0	0	0	0	0	0	232	254	0	-2.18E-05	5.95E-06	-8.74E-06	-1.16E-05
238	14	0	0	0	0	0	0	232	254	0	-2.04E-05	6.53E-06	-1.79E-06	-1.16E-05
238	15	0	0	0	0	0	0	232	254	0	-2.04E-05	6.53E-06	-1.79E-06	-1.16E-05
238	16	0	0	0	0	0	0	232	254	0	-2.12E-05	6.20E-06	2.23E-06	-1.14E-05
238	17	0	0	0	0	0	0	232	254	0	-2.12E-05	6.20E-06	2.23E-06	-1.14E-05
238	18	0	0	0	0	0	0	232	254	0	-2.16E-05	4.81E-06	-7.13E-07	-1.08E-05
238	19	0	0	0	0	0	0	232	254	0	-2.16E-05	4.81E-06	-7.13E-07	-1.08E-05
239	0	0	0	0	0	0	0	232	254	0	-2.10E-05	4.31E-06	-6.63E-06	-1.04E-05
239	1	0	0	0	0	0	0	232	254	0	-2.09E-05	3.94E-06	-9.98E-06	-1.16E-05
239	2	0	0	0	0	0	0	232	254	0	-2.09E-05	3.94E-06	-9.98E-06	-1.16E-05
239	3	0	0	0	0	0	0	232	254	0	-2.00E-05	4.59E-06	-1.06E-05	-1.14E-05
239	4	0	0	0	0	0	0	232	254	0	-2.00E-05	4.59E-06	-1.06E-05	-1.14E-05
239	5	0	0	0	0	0	0	232	254	0	-2.00E-05	5.00E-06	-1.09E-05	-1.10E-05
239	6	0	0	0	0	0	0	232	254	0	-2.00E-05	5.00E-06	-1.09E-05	-1.10E-05
239	7	0	0	0	0	0	0	232	254	0	-2.14E-05	4.80E-06	-1.09E-05	-1.18E-05
239	8	0	0	0	0	0	0	232	254	0	-2.14E-05	4.80E-06	-1.09E-05	-1.18E-05
239	9	0	0	0	0	0	0	232	254	0	-2.15E-05	5.73E-06	-1.08E-05	-1.25E-05
239	10	0	0	0	0	0	0	232	254	0	-2.06E-05	7.20E-06	-9.83E-06	-1.17E-05
239	11	0	0	0	0	0	0	232	254	0	-2.06E-05	7.20E-06	-9.83E-06	-1.17E-05
239	12	0	0	0	0	0	0	232	254	0	-2.08E-05	6.76E-06	-9.29E-06	-1.16E-05
239	13	0	0	0	0	0	0	232	254	0	-2.08E-05	6.76E-06	-9.29E-06	-1.16E-05
239	14	0	0	0	0	0	0	232	254	0	-2.22E-05	4.76E-06	-9.79E-06	-1.18E-05
239	15	0	0	0	0	0	0	232	254	0	-2.22E-05	4.76E-06	-9.79E-06	-1.18E-05
239	16	0	0	0	0	0	0	232	254	0	-2.13E-05	6.58E-06	-1.01E-05	-1.25E-05
239	17	0	0	0	0	0	0	232	254	0	-2.13E-05	6.58E-06	-1.01E-05	-1.25E-05
239	18	0	0	0	0	0	0	232	254	0	-2.11E-05	6.69E-06	-9.39E-06	-1.15E-05
239	19	0	0	0	0	0	0	232	254	0	-2.18E-05	5.09E-06	-1.05E-05	-1.13E-05
240	0	0	0	0	0	0	0	232	254	0	-2.18E-05	5.09E-06	-1.05E-05	-1.13E-05
240	1	0	0	0	0	0	0	232	254	0	-2.06E-05	4.31E-06	-9.45E-06	-1.14E-05
240	2	0	0	0	0	0	0	232	254	0	-2.06E-05	4.31E-06	-9.45E-06	-1.14E-05
240	3	0	0	0	0	0	0	232	254	0	-2.18E-05	5.18E-06	-8.68E-06	-1.09E-05
240	4	0	0	0	0	0	0	232	254	0	-2.18E-05	5.18E-06	-8.68E-06	-1.09E-05
240	5	0	0	0	0	0	0	232	254	0	-2.18E-05	4.90E-06	-9.51E-06	-1.10E-05
240	6	0	0	0	0	0	0	232	254	0	-2.18E-05	4.90E-06	-9.51E-06	-1.10E-05
240	7	0	0	0	0	0	0	232	254	0	-2.05E-05	3.74E-06	-8.99E-06	-1.02E-05
240	8	0	0	0	0	0	0	232	254	0	-1.95E-05	2.89E-06	-8.68E-06	-1.03E-05
240	9	0	0	0	0	0	0	232	254	0	-1.95E-05	2.89E-06	-8.68E-06	-1.03E-05
240	10	0	0	0	0	0	0	232	254	0	-1.94E-05	3.32E-06	-1.09E-05	-1.04E-05
240	11	0	0	0	0	0	0	232	254	0	-1.94E-05	3.32E-06	-1.09E-05	-1.04E-05
240	12	0	0	0	0	0	0	232	254	0	-2.01E-05	4.33E-06	-1.09E-05	-1.01E-05
240	13	0	0	0	0	0	0	232	254	0	-2.01E-05	4.33E-06	-1.09E-05	-1.01E-05
240	14	0	0	0	0	0	0	232	254	0	-2.06E-05	3.99E-06	-9.41E-06	-9.86E-06
240	15	0	0	0	0	0	0	232	254	0	-2.06E-05	3.99E-06	-9.41E-06	-9.86E-06
240	16	0	0	0	0	0	0	232	254	0	-2.03E-05	3.83E-06	-6.77E-06	-9.88E-06
240	17	0	0	0	0	0	0	232	254	0	-2.03E-05	4.83E-06	-6.15E-06	-1.24E-05
240	18	0	0	0	0	0	0	232	254	0	-2.03E-05	4.83E-06	-6.15E-06	-1.24E-05
240	19	0	0	0	0	0	0	232	254	0	-2.08E-05	4.59E-06	-8.22E-06	-1.34E-05
241	0	0	0	0	0	0	0	232	254	0	-2.08E-05	4.59E-06	-8.22E-06	-1.34E-05
241	1	0	0	0	0	0	0	232	254	0	-2.19E-05	4.94E-06	-8.22E-06	-1.43E-05
241	2	0	0	0	0	0	0	232	254	0	-2.19E-05	4.94E-06	-8.22E-06	-1.43E-05
241	3	0	0	0	0	0	0	232	254	0	-2.25E-05	4.16E-06	-8.30E-06	-1.46E-05
241	4	0	0	0	0	0	0	232	254	0	-2.25E-05	4.16E-06	-8.30E-06	-1.46E-05
241	5	0	0	0	0	0	0	232	254	0	-2.22E-05	3.82E-06	-8.78E-06	-1.59E-05
241	6	0	0	0	0	0	0	232	254	0	-2.22E-05	3.54E-06	-7.89E-06	-1.58E-05
241	7	0	0	0	0	0	0	232	254	0	-2.22E-05	3.54E-06	-7.89E-06	-1.58E-05
241	8	0	0	0	0	0	0	232	254	0	-2.22E-05	3.79E-06	-8.16E-06	-1.47E-05
241	9	0	0	0	0	0	0	232	254	0	-2.22E-05	3.79E-06	-8.16E-06	-1.47E-05
241	10	0	0	0	0	0	0	232	254	0	-2.16E-05	4.57E-06	-1.03E-05	-1.41E-05
241	11	0	0	0	0	0	0	232	254	0	-2.16E-05	4.57E-06	-1.03E-05	-1.41E-05
241	12	0	0	0	0	0	0	232	254	0	-2.09E-05	4.69E-06	-1.05E-05	-1.38E-05
241	13	0	0	0	0	0	0	232	254	0	-2.09E-05	4.69E-06	-1.05E-05	-1.38E-05
241	14	0	0	0	0	0	0	232	254	0	-2.04E-05	3.41E-06	-9.51E-06	-1.40E-05
241	15	0	0	0	0	0	0	232	254	0	-2.15E-05	4.09E-06	-9.03E-06	-1.50E-05
241	16	0	0	0	0	0	0	232	254	0	-2.15E-05	4.09E-06	-9.03E-06	-1.50E-05
241	17	0	0	0	0	0	0	232	254	0	-2.28E-05	5.72E-06	-8.75E-06	-1.55E-05
241	18	0	0	0	0	0	0	232	254	0	-2.28E-05	5.72E-06	-8.75E-06	-1.55E-05
241	19	0	0	0	0	0	0	232	254	0	-2.08E-05	4.45E-06	-8.93E-06	-1.47E-05
242	0	0	0	0	0	0	0	232	254	0	-2.08E-05	4.45E-06	-8.93E-06	-1.47E-05
242	1	0	0	0	0	0	0	232	254	0	-1.99E-05	3.74E-06	-9.02E-06	-1.30E-05
242	2	0	0	0	0	0	0	232	254	0	-1.99E-05	3.74E-06	-9.02E-06	-1.30E-05
242	3	0	0	0	0	0	0	232	254	0	-2.10E-05	2.78E-06	-7.27E-06	-1.34E-05
242	4	0	0	0	0	0	0	232	254	0	-2.13E-05	2.38E-06	-6.69E-06	-1.43E-05
242	5	0	0	0	0	0	0	232	254	0	-2.13E-05	2.38E-06	-6.69E-06	-1.43E-05
242	6	0	0	0	0	0	0	232	254	0	-2.14E-05	3.80E-06	-9.16E-06	-1.43E-05
242	7	0	0	0	0	0	0	232	254	0	-2.14E-05	3.80E-06	-9.16E-06	-1.43E-05
242	8	0	0	0	0	0	0	232	254	0	-2.18E-05	3.45E-06	-9.94E-06	-1.43E-05
242	9	0	0	0	0	0	0	232	254	0	-2.18E-05	3.45E-06	-9.94E-06	-1.43E-05
242	10	0	0	0	0	0	0	232	254	0	-2.01E-05	4.29E-06	-1.03E-05	-1.43E-05
242	11	0	0	0	0	0	0	232	254	0	-2.01E-05	4.29E-06	-1.03E-05	-1.43E-05
242	12	0	0	0	0	0	0	232	254	0	-1.87E-05	5.04E-06	-1.09E-05	-1.42E-05
242	13	0	0	0	0	0	0	232	254	0	-1.94E-05	5.02E-06	-1.04E-05	-1.39E-05
242	14	0	0	0	0	0	0	232	254	0	-1.94E-05	5.02E-06	-1.04E-05	-1.39E-05
242	15	0	0	0	0	0	0	232	254	0	-2.02E-05	4.91E-06	-9.21E-06	-1.39E-05
242	16	0	0	0	0	0	0	232	254	0	-2.02E-05	4.91E-06	-9.21E-06	-1.39E-05
242	17	0	0	0	0	0	0	232	254	0	-2.16E-05	5.11E-06	-9.14E-06	-1.38E-05
242	18	0	0	0	0	0	0	232	254	0	-2.16E-05	5.11E-06	-9.14E-06	-1.38E-05
242	19	0	0	0	0	0	0	232	254	0	-2.11E-05	4.31E-06	-9.87E-06	-1.37E-05
243	0	0	0	0	0	0	0	232	254	0	-2.11E-05	4.31E-06	-9.87E-06	-1.37E-05
243	1	0	0	0	0	0	0	232	254	0	-2.25E-05	3.74E-06	-1.09E-05	-1.29E-05
243	2	0	0	0	0	0	0	232	254	0	-2.37E-05	2.87E-06	-1.12E-05	-1.26E-05
243	3	0	0	0	0	0	0	232	254	0	-2.37E-05	2.87E-06	-1.12E-05	-1.26E-05
243	4	0	0	0	0	0	0	232	254	0	-2.31E-05	3.04E-06	-1.12E-05	-1.32E-05
243	5	0	0	0	0	0	0	232	254	0	-2.31E-05	3.04E-06	-1.12E-05	-1.32E-05
243	6	0	0	0	0	0	0	232	254	0	-2.43E-05	3.27E-06	-1.09E-05	-1.49E-05
243	7	0	0	0	0	0	0	232	254	0	-2.43E-05	3.27E-06	-1.09E-05	-1.49E-05
243	8	0	0	0	0	0	0	232	254	0	-2.62E-05	3.88E-06	-9.86E-06	-1.45E-05
243	9	0	0	0	0	0	0	232	254	0	-2.62E-05	3.88E-06	-9.86E-06	-1.45E-05
243	10	0	0	0	0	0	0	232	254	0	-2.53E-05	3.91E-06	-9.61E-06	-1.41E-05
243	11	0	0	0	0	0	0	232	254	0	-2.46E-05	3.00E-06	-9.86E-06	-1.43E-05
243	12	0	0	0	0	0	0	232	254	0	-2.46E-05	3.00E-06	-9.86E-06	-1.43E-05
243	13	0	0	0	0	0	0	232	254	0	-2.29E-05	2.93E-06	-9.63E-06	-1.32E-05
243	14	0	0	0	0	0	0	232	254	0	-2.29E-05	2.93E-06	-9.63E-06	-1.32E-05
243	15	0	0	0	0	0	0	232	254	0	-2.17E-05	3.45E-06	-1.01E-05	-1.32E-05
243	16	0	0	0	0	0	0	232	254	0	-2.17E-05	3.45E-06	-1.01E-05	-1.32E-05
243	17	0	0	0	0	0	0	232	254	0	-1.95E-05	2.89E-06	-1.03E-05	-1.36E-05
243	18	0	0	0	0	0	0	232	254	0	-1.95E-05	2.89E-06	-1.03E-05	-1.36E-05
243	19	0	0	0	0	0	0	232	254	0	-1.83E-05	3.21E-06	-9.19E-06	-1.23E-05
244	0	0	0	0	0	0	0	232	254	0	-1.86E-05	3.42E-06	-8.86E-06	-1.23E-05
244	1	0	0	0	0	0	0	232	254	0	-1.86E-05	3.42E-06	-8.86E-06	-1.23E-05
244	2	0	0	0	0	0	0	232	254	0	-1.99E-05	3.94E-06	-8.68E-06	-1.25E-05
244	3	0	0	0	0	0	0	232	254	0	-1.99E-05	3.94E-06	-8.68E-06	-1.25E-05
244	4	0	0	0	0	0	0	232	254	0	-2.19E-05	4.69E-06	-9.63E-06	-1.18E-05
244	5	0	0	0	0	0	0	232	254	0	-2.19E-05	4.69E-06	-9.63E-06	-1.18E-05
244	6	0	0	0	0	0	0	232	254	0	-2.37E-05	5.86E-06	-9.86E-06	-1.30E-05
244	7	0	0	0	0	0	0	232	254	0	-2.37E-05	5.86E-06	-9.86E-06	-1.30E-05
244	8	0	0	0	0	0	0	232	254	0	-2.37E-05	5.53E-06	-8.19E-06	-1.20E-05
244	9	0	0	0	0	0	0	232	254	0	-2.36E-05	4.29E-06	-8.08E-06	-1.03E-05
244	10	0	0	0	0	0	0	232	254	0	-2.36E-05	4.29E-06	-8.08E-06	-1.03E-05
244	11	0	0	0	0	0	0	232	254	0	-2.33E-05	5.05E-06	-9.99E-06	-1.10E-05
244	12	0	0	0	0	0	0	232	254	0	-2.33E-05	5.05E-06	-9.99E-06	-1.10E-05
244	13	0	0	0	0	0	0	232	254	0	-2.30E-05	5.13E-06	-1.35E-05	-1.15E-05
244	14	0	0	0	0	0	0	232	254	0	-2.30E-05	5.13E-06	-1.35E-05	-1.15E-05
244	15	0	0	0	0	0	0	232	254	0	-2.31E-05	4.38E-06	-1.52E-05	-1.11E-05
244	16	0	0	0	0	0	0	232	254	0	-2.31E-05	4.38E-06	-1.52E-05	-1.11E-05
244	17	0	0	0	0	0	0	232	254	0	-2.38E-05	3.11E-06	-1.49E-05	-1.11E-05
244	18	0	0	0	0	0	0	232	254	0	-2.17E-05	2.83E-06	-1.41E-05	-1.20E-05
244	19	0	0	0	0	0	0	232	254	0	-2.17E-05	2.83E-06	-1.41E-05	-1.20E-05
245	0	0	0	0	0	0	0	232	254	0	-1.96E-05	5.28E-06	-9.76E-06	-9.74E-06
245	1	0	0	0	0	0	0	232	254	0	-1.96E-05	5.28E-06	-9.76E-06	-9.74E-06
245	2	0	0	0	0	0	0	232	254	0	-1.95E-05	6.09E-06	-3.52E-06	-9.87E-06
245	3	0	0	0	0	0	0	232	254	0	-1.95E-05	6.09E-06	-3.52E-06	-9.87E-06
245	4	0	0	0	0	0	0	232	254	0	-2.11E-05	7.74E-06	-3.49E-06	-1.09E-05
245	5	0	0	0	0	0	0	232	254	0	-2.11E-05	7.74E-06	-3.49E-06	-1.09E-05
245	6	0	0	0	0	0	0	232	254	0	-2.16E-05	7.81E-06	-2.71E-06	-1.08E-05
245	7	0	0	0	0	0	0	232	254	0	-2.11E-05	7.29E-06	1.10E-06	-9.79E-06
245	8	0	0	0	0	0	0	232	254	0	-2.11E-05	7.29E-06	1.10E-06	-9.79E-06
245	9	0	0	0	0	0	0	232	254	0	-1.97E-05	8.08E-06	1.67E-06	-1.03E-05
245	10	0	0	0	0	0	0	232	254	0	-1.97E-05	8.08E-06	1.67E-06	-1.03E-05
245	11	0	0	0	0	0	0	232	254	0	-1.99E-05	9.51E-06	2.00E-07	-1.08E-05
245	12	0	0	0	0	0	0	232	254	0	-1.99E-05	9.51E-06	2.00E-07	-1.08E-05
245	13	0	0	0	0	0	0	232	254	0	-1.88E-05	8.93E-06	-1.23E-06	-1.00E-05
245	14	0	0	0	0	0	0	232	254	0	-1.88E-05	8.93E-06	-1.23E-06	-1.00E-05
245	15	0	0	0	0	0	0	232	254	0	-1.79E-05	7.77E-06	-5.24E-06	-8.56E-06
245	16	0	0	0	0	0	0	232	254	0	-1.88E-05	6.77E-06	-1.38E-05	-8.60E-06
245	17	0	0	0	0	0	0	232	254	0	-1.88E-05	6.77E-06	-1.38E-05	-8.60E-06
245	18	0	0	0	0	0	0	232	254	0	-1.76E-05	5.76E-06	-1.77E-05	-8.97E-06
245	19	0	0	0	0	0	0	232	254	0	-1.76E-05	5.76E-06	-1.77E-05	-8.97E-06
246	0	0	0	0	0	0	0	232	254	0	-1.74E-05	4.75E-06	-1.81E-05	-9.90E-06
246	1	0	0	0	0	0	0	232	254	0	-1.74E-05	4.75E-06	-1.81E-05	-9.90E-06
246	2	0	0	0	0	0	0	232	254	0	-1.84E-05	3.71E-06	-1.91E-05	-1.26E-05
246	3	0	0	0	0	0	0	232	254	0	-1.84E-05	3.71E-06	-1.91E-05	-1.26E-05
246	4	0	0	0	0	0	0	232	254	0	-1.80E-05	2.63E-06	-1.72E-05	-1.41E-05
246	5	0	0	0	0	0	0	232	254	0	-1.85E-05	3.45E-06	-1.62E-05	-1.43E-05
246	6	0	0	0	0	0	0	232	254	0	-1.85E-05	3.45E-06	-1.62E-05	-1.43E-05
246	7	0	0	0	0	0	0	232	254	0	-1.88E-05	2.66E-06	-1.53E-05	-1.46E-05
246	8	0	0	0	0	0	0	232	254	0	-1.88E-05	2.66E-06	-1.53E-05	-1.46E-05
246	9	0	0	0	0	0	0	232	254	0	-2.01E-05	1.17E-06	-1.24E-05	-1.51E-05
246	10	0	0	0	0	0	0	232	254	0	-2.01E-05	1.17E-06	-1.24E-05	-1.51E-05
246	11	0	0	0	0	0	0	232	254	0	-2.07E-05	1.37E-06	-1.06E-05	-1.63E-05
246	12	0	0	0	0	0	0	232	254	0	-2.07E-05	1.37E-06	-1.06E-05	-1.63E-05
246	13	0	0	0	0	0	0	232	254	0	-2.13E-05	2.99E-06	-9.26E-06	-1.64E-05
246	14	0	0	0	0	0	0	232	254	0	-2.23E-05	4.09E-06	-6.88E-06	-1.63E-05
246	15	0	0	0	0	0	0	232	254	0	-2.23E-05	4.09E-06	-6.88E-06	-1.63E-05
246	16	0	0	0	0	0	0	232	254	0	-2.20E-05	4.49E-06	-7.00E-06	-1.62E-05
246	17	0	0	0	0	0	0	232	254	0	-2.20E-05	4.49E-06	-7.00E-06	-1.62E-05
246	18	0	0	0	0	0	0	232	254	0	-1.92E-05	4.20E-06	-7.93E-06	-1.56E-05
246	19	0	0	0	0	0	0	232	254	0	-1.92E-05	4.20E-06	-7.93E-06	-1.56E-05
247	0	0	0	0	0	0	0	232	254	0	-1.89E-05	4.47E-06	-8.34E-06	-1.56E-05
247	1	0	0	0	0	0	0	232	254	0	-1.89E-05	4.47E-06	-8.34E-06	-1.56E-05
247	2	0	0	0	0	0	0	232	254	0	-2.08E-05	6.51E-06	-9.27E-06	-1.43E-05
247	3	0	0	0	0	0	0	232	254	0	-2.02E-05	6.08E-06	-9.59E-06	-1.46E-05
247	4	0	0	0	0	0	0	232	254	0	-2.02E-05	6.08E-06	-9.59E-06	-1.46E-05
247	5	0	0	0	0	0	0	232	254	0	-1.84E-05	5.00E-06	-9.77E-06	-1.49E-05
247	6	0	0	0	0	0	0	232	254	0	-1.84E-05	5.00E-06	-9.77E-06	-1.49E-05
247	7	0	0	0	0	0	0	232	254	0	-1.86E-05	4.91E-06	-9.90E-06	-1.48E-05
247	8	0	0	0	0	0	0	232	254	0	-1.86E-05	4.91E-06	-9.90E-06	-1.48E-05
247	9	0	0	0	0	0	0	232	254	0	-2.10E-05	6.39E-06	-8.52E-06	-1.62E-05
247	10	0	0	0	0	0	0	232	254	0	-2.10E-05	6.39E-06	-8.52E-06	-1.62E-05
247	11	0	0	0	0	0	0	232	254	0	-2.11E-05	5.24E-06	-8.30E-06	-1.53E-05
247	12	0	0	0	0	0	0	232	254	0	-2.04E-05	5.54E-06	-8.82E-06	-1.29E-05
247	13	0	0	0	0	0	0	232	254	0	-2.04E-05	5.54E-06	-8.82E-06	-1.29E-05
247	14	0	0	0	0	0	0	232	254	0	-2.13E-05	5.50E-06	-8.19E-06	-1.28E-05
247	15	0	0	0	0	0	0	232	254	0	-2.13E-05	5.50E-06	-8.19E-06	-1.28E-05
247	16	0	0	0	0	0	0	232	254	0	-2.33E-05	5.20E-06	-7.97E-06	-1.22E-05
247	17	0	0	0	0	0	0	232	254	0	-2.33E-05	5.20E-06	-7.97E-06	-1.22E-05
247	18	0	0	0	0	0	0	232	254	0	-2.35E-05	5.05E-06	-8.52E-06	-1.15E-05
247	19	0	0	0	0	0	0	232	254	0	-2.35E-05	5.05E-06	-8.52E-06	-1.15E-05
248	0	0	0	0	0	0	0	232	254	0	-2.45E-05	4.02E-06	-8.26E-06	-1.24E-05
248	1	0	0	0	0	0	0	232	254	0	-2.42E-05	5.40E-06	-8.58E-06	-1.22E-05
248	2	0	0	0	0	0	0	232	254	0	-2.42E-05	5.40E-06	-8.58E-06	-1.22E-05
248	3	0	0	0	0	0	0	232	254	0	-2.29E-05	6.96E-06	-8.81E-06	-1.08E-05
248	4	0	0	0	0	0	0	232	254	0	-2.29E-05	6.96E-06	-8.81E-06	-1.08E-05
248	5	0	0	0	0	0	0	232	254	0	-2.19E-05	7.51E-06	-9.34E-06	-1.00E-05
248	6	0	0	0	0	0	0	232	254	0	-2.19E-05	7.51E-06	-9.34E-06	-1.00E-05
248	7	0	0	0	0	0	0	232	254	0	-2.27E-05	6.97E-06	-8.78E-06	-1.08E-05
248	8	0	0	0	0	0	0	232	254	0	-2.27E-05	6.97E-06	-8.78E-06	-1.08E-05
248	9	0	0	0	0	0	0	232	254	0	-2.27E-05	5.09E-06	-7.93E-06	-1.01E-05
248	10	0	0	0	0	0	0	232	254	0	-2.19E-05	5.69E-06	-8.38E-06	-1.01E-05
248	11	0	0	0	0	0	0	232	254	0	-2.19E-05	5.69E-06	-8.38E-06	-1.01E-05
248	12	0	0	0	0	0	0	232	254	0	-2.14E-05	6.80E-06	-9.64E-06	-1.11E-05
248	13	0	0	0	0	0	0	232	254	0	-2.14E-05	6.80E-06	-9.64E-06	-1.11E-05
248	14	0	0	0	0	0	0	232	254	0	-1.91E-05	6.07E-06	-1.03E-05	-1.05E-05
248	15	0	0	0	0	0	0	232	254	0	-1.91E-05	6.07E-06	-1.03E-05	-1.05E-05
248	16	0	0	0	0	0	0	232	254	0	-1.81E-05	4.82E-06	-1.04E-05	-1.12E-05
248	17	0	0	0	0	0	0	232	254	0	-1.81E-05	4.82E-06	-1.04E-05	-1.12E-05
248	18	0	0	0	0	0	0	232	254	0	-1.92E-05	3.25E-06	-1.03E-05	-1.11E-05
248	19	0	0	0	0	0	0	232	254	0	-1.98E-05	3.60E-06	-1.03E-05	-1.08E-05
249	0	0	0	0	0	0	0	232	254	0	-1.98E-05	3.60E-06	-1.03E-05	-1.08E-05
249	1	0	0	0	0	0	0	232	254	0	-2.11E-05	2.93E-06	-8.85E-06	-9.66E-06
249	2	0	0	0	0	0	0	232	254	0	-2.11E-05	2.93E-06	-8.85E-06	-9.66E-06
249	3	0	0	0	0	0	0	232	254	0	-2.23E-05	3.68E-06	-7.02E-06	-9.20E-06
249	4	0	0	0	0	0	0	232	254	0	-2.23E-05	3.68E-06	-7.02E-06	-9.20E-06
249	5	0	0	0	0	0	0	232	254	0	-2.20E-05	4.71E-06	-5.66E-06	-1.04E-05
249	6	0	0	0	0	0	0	232	254	0	-2.20E-05	4.71E-06	-5.66E-06	-1.04E-05
249	7	0	0	0	0	0	0	232	254	0	-2.08E-05	3.54E-06	-6.97E-06	-1.17E-05
249	8	0	0	0	0	0	0	232	254	0	-1.95E-05	3.83E-06	-1.04E-05	-1.28E-05
249	9	0	0	0	0	0	0	232	254	0	-1.95E-05	3.83E-06	-1.04E-05	-1.28E-05
249	10	0	0	0	0	0	0	232	254	0	-2.04E-05	4.75E-06	-1.19E-05	-1.32E-05
249	11	0	0	0	0	0	0	232	254	0	-2.04E-05	4.75E-06	-1.19E-05	-1.32E-05
249	12	0	0	0	0	0	0	232	254	0	-2.38E-05	3.63E-06	-1.15E-05	-1.42E-05
249	13	0	0	0	0	0	0	232	254	0	-2.38E-05	3.63E-06	-1.15E-05	-1.42E-05
249	14	0	0	0	0	0	0	232	254	0	-2.35E-05	2.00E-06	-1.06E-05	-1.46E-05
249	15	0	0	0	0	0	0	232	254	0	-2.35E-05	2.00E-06	-1.06E-05	-1.46E-05
249	16	0	0	0	0	0	0	232	254	0	-2.26E-05	3.34E-06	-9.72E-06	-1.41E-05
249	17	0	0	0	0	0	0	232	254	0	-2.34E-05	4.63E-06	-1.08E-05	-1.22E-05
249	18	0	0	0	0	0	0	232	254	0	-2.34E-05	4.63E-06	-1.08E-05	-1.22E-05
249	19	0	0	0	0	0	0	232	254	0	-2.29E-05	5.31E-06	-9.22E-06	-1.11E-05
250	0	0	0	0	0	0	0	232	254	0	-2.29E-05	5.31E-06	-9.22E-06	-1.11E-05
250	1	0	0	0	0	0	0	232	254	0	-2.27E-05	4.91E-06	-6.31E-06	-1.26E-05
250	2	0	0	0	0	0	0	232	254	0	-2.27E-05	4.91E-06	-6.31E-06	-1.26E-05
250	3	0	0	0	0	0	0	232	254	0	-2.44E-05	5.30E-06	-4.69E-06	-1.25E-05
250	4	0	0	0	0	0	0	232	254	0	-2.44E-05	5.30E-06	-4.69E-06	-1.25E-05
250	5	0	0	0	0	0	0	232	254	0	-2.71E-05	6.18E-06	-5.99E-06	-1.17E-05
250	6	0	0	0	0	0	0	232	254	0	-2.72E-05	7.08E-06	-7.04E-06	-1.17E-05
250	7	0	0	0	0	0	0	232	254	0	-2.72E-05	7.08E-06	-7.04E-06	-1.17E-05
250	8	0	0	0	0	0	0	232	254	0	-2.47E-05	5.91E-06	-8.38E-06	-1.28E-05
250	9	0	0	0	0	0	0	232	254	0	-2.47E-05	5.91E-06	-8.38E-06	-1.28E-05
250	10	0	0	0	0	0	0	232	254	0	-2.16E-05	4.81E-06	-9.49E-06	-1.16E-05
250	11	0	0	0	0	0	0	232	254	0	-2.16E-05	4.81E-06	-9.49E-06	-1.16E-05
250	12	0	0	0	0	0	0	232	254	0	-1.62E-05	4.34E-06	-8.90E-06	-1.08E-05
250	13	0	0	0	0	0	0	232	254	0	-1.62E-05	4.34E-06	-8.90E-06	-1.08E-05
250	14	0	0	0	0	0	0	232	254	0	-1.61E-05	4.14E-06	-9.01E-06	-1.11E-05
250	15	0	0	0	0	0	0	232	254	0	-1.74E-05	3.65E-06	-1.01E-05	-1.25E-05
250	16	0	0	0	0	0	0	232	254	0	-1.74E-05	3.65E-06	-1.01E-05	-1.25E-05
250	17	0	0	0	0	0	0	232	254	0	-1.86E-05	3.30E-06	-1.12E-05	-1.32E-05
250	18	0	0	0	0	0	0	232	254	0	-1.86E-05	3.30E-06	-1.12E-05	-1.32E-05
250	19	0	0	0	0	0	0	232	254	0	-1.85E-05	2.89E-06	-1.12E-05	-1.30E-05
251	0	0	0	0	0	0	0	232	254	0	-1.85E-05	2.89E-06	-1.12E-05	-1.30E-05
251	1	0	0	0	0	0	0	232	254	0	-1.76E-05	2.96E-06	-1.19E-05	-1.38E-05
251	2	0	0	0	0	0	0	232	254	0	-1.76E-05	2.96E-06	-1.19E-05	-1.38E-05
251	3	0	0	0	0	0	0	232	254	0	-1.73E-05	1.21E-06	-1.13E-05	-1.53E-05
251	4	0	0	0	0	0	0	232	254	0	-1.74E-05	1.59E-06	-1.01E-05	-1.40E-05
251	5	0	0	0	0	0	0	232	254	0	-1.74E-05	1.59E-06	-1.01E-05	-1.40E-05
251	6	0	0	0	0	0	0	232	254	0	-1.79E-05	2.32E-06	-9.12E-06	-1.44E-05
251	7	0	0	0	0	0	0	232	254	0	-1.79E-05	2.32E-06	-9.12E-06	-1.44E-05
251	8	0	0	0	0	0	0	232	254	0	-1.80E-05	3.42E-06	-8.03E-06	-1.51E-05
251	9	0	0	0	0	0	0	232	254	0	-1.80E-05	3.42E-06	-8.03E-06	-1.51E-05
251	10	0	0	0	0	0	0	232	254	0	-1.95E-05	3.86E-06	-6.16E-06	-1.48E-05
251	11	0	0	0	0	0	0	232	254	0	-1.95E-05	3.86E-06	-6.16E-06	-1.48E-05
251	12	0	0	0	0	0	0	232	254	0	-2.00E-05	3.78E-06	-3.31E-06	-1.35E-05
251	13	0	0	0	0	0	0	232	254	0	-2.28E-05	3.05E-06	-4.43E-06	-1.30E-05
251	14	0	0	0	0	0	0	232	254	0	-2.28E-05	3.05E-06	-4.43E-06	-1.30E-05
251	15	0	0	0	0	0	0	232	254	0	-2.47E-05	2.27E-06	-6.52E-06	-1.35E-05
251	16	0	0	0	0	0	0	232	254	0	-2.47E-05	2.27E-06	-6.52E-06	-1.35E-05
251	17	0	0	0	0	0	0	232	254	0	-2.09E-05	4.20E-06	-9.11E-06	-1.48E-05
251	18	0	0	0	0	0	0	232	254	0	-2.09E-05	4.20E-06	-9.11E-06	-1.48E-05
251	19	0	0	0	0	0	0	232	254	0	-1.75E-05	4.16E-06	-1.06E-05	-1.36E-05
252	0	0	0	0	0	0	0	232	254	0	-1.75E-05	4.16E-06	-1.06E-05	-1.36E-05
252	1	0	0	0	0	0	0	232	254	0	-1.62E-05	3.98E-06	-9.90E-06	-1.37E-05
252	2	0	0	0	0	0	0	232	254	0	-1.58E-05	4.83E-06	-9.94E-06	-1.46E-05
252	3	0	0	0	0	0	0	232	254	0	-1.58E-05	4.83E-06	-9.94E-06	-1.46E-05
252	4	0	0	0	0	0	0	232	254	0	-1.71E-05	4.59E-06	-1.03E-05	-1.49E-05
252	5	0	0	0	0	0	0	232	254	0	-1.71E-05	4.59E-06	-1.03E-05	-1.49E-05
252	6	0	0	0	0	0	0	232	254	0	-1.85E-05	5.04E-06	-1.13E-05	-1.49E-05
252	7	0	0	0	0	0	0	232	254	0	-1.85E-05	5.04E-06	-1.13E-05	-1.49E-05
252	8	0	0	0	0	0	0	232	254	0	-2.05E-05	5.05E-06	-1.27E-05	-1.49E-05
252	9	0	0	0	0	0	0	232	254	0	-2.05E-05	5.05E-06	-1.27E-05	-1.49E-05
252	10	0	0	0	0	0	0	232	254	0	-2.18E-05	5.13E-06	-1.11E-05	-1.42E-05
252	11	0	0	0	0	0	0	232	254	0	-2.35E-05	4.43E-06	-1.22E-05	-1.22E-05
252	12	0	0	0	0	0	0	232	254	0	-2.35E-05	4.43E-06	-1.22E-05	-1.22E-05
252	13	0	0	0	0	0	0	232	254	0	-2.49E-05	3.65E-06	-1.65E-05	-1.19E-05
252	14	0	0	0	0	0	0	232	254	0	-2.49E-05	3.65E-06	-1.65E-05	-1.19E-05
252	15	0	0	0	0	0	0	232	254	0	-2.40E-05	3.55E-06	-1.51E-05	-1.18E-05
252	16	0	0	0	0	0	0	232	254	0	-2.40E-05	3.55E-06	-1.51E-05	-1.18E-05
252	17	0	0	0	0	0	0	232	254	0	-2.43E-05	5.02E-06	-8.36E-06	-1.23E-05
252	18	0	0	0	0	0	0	232	254	0	-2.43E-05	5.02E-06	-8.36E-06	-1.23E-05
252	19	0	0	0	0	0	0	232	254	0	-2.43E-05	5.02E-06	1.03E-06	-1.32E-05
253	0	0	0	0	0	0	0	232	254	0	-2.50E-05	6.37E-06	2.21E-06	-1.49E-05
253	1	0	0	0	0	0	0	232	254	0	-2.50E-05	6.37E-06	2.21E-06	-1.49E-05
253	2	0	0	0	0	0	0	232	254	0	-2.50E-05	7.59E-06	-3.62E-07	-1.47E-05
253	3	0	0	0	0	0	0	232	254	0	-2.50E-05	7.59E-06	-3.62E-07	-1.47E-05
253	4	0	0	0	0	0	0	232	254	0	-2.50E-05	7.89E-06	-2.27E-06	-1.28E-05
253	5	0	0	0	0	0	0	232	254	0	-2.50E-05	7.89E-06	-2.27E-06	-1.28E-05
253	6	0	0	0	0	0	0	232	254	0	-2.33E-05	7.69E-06	-5.97E-06	-1.18E-05
253	7	0	0	0	0	0	0	232	254	0	-2.33E-05	7.69E-06	-5.97E-06	-1.18E-05
253	8	0	0	0	0	0	0	232	254	0	-2.08E-05	6.25E-06	-8.96E-06	-1.12E-05
253	9	0	0	0	0	0	0	232	254	0	-2.10E-05	6.35E-06	-7.00E-06	-1.13E-05
253	10	0	0	0	0	0	0	232	254	0	-2.10E-05	6.35E-06	-7.00E-06	-1.13E-05
253	11	0	0	0	0	0	0	232	254	0	-2.13E-05	4.54E-06	-9.40E-06	-1.20E-05
253	12	0	0	0	0	0	0	232	254	0	-2.13E-05	4.54E-06	-9.40E-06	-1.20E-05
253	13	0	0	0	0	0	0	232	254	0	-2.15E-05	2.07E-06	-2.10E-05	-1.29E-05
253	14	0	0	0	0	0	0	232	254	0	-2.15E-05	2.07E-06	-2.10E-05	-1.29E-05
253	15	0	0	0	0	0	0	232	254	0	-2.26E-05	2.67E-06	-2.04E-05	-1.25E-05
253	16	0	0	0	0	0	0	232	254	0	-2.26E-05	2.67E-06	-2.04E-05	-1.25E-05
253	17	0	0	0	0	0	0	232	254	0	-2.23E-05	3.98E-06	-1.48E-05	-1.22E-05
253	18	0	0	0	0	0	0	232	254	0	-2.28E-05	4.85E-06	-1.34E-05	-1.19E-05
253	19	0	0	0	0	0	0	232	254	0	-2.28E-05	4.85E-06	-1.34E-05	-1.19E-05
254	0	0	0	0	0	0	0	232	254	0	-2.10E-05	5.05E-06	-9.49E-06	-1.08E-05
254	1	0	0	0	0	0	0	232	254	0	-2.10E-05	5.05E-06	-9.49E-06	-1.08E-05
254	2	0	0	0	0	0	0	232	254	0	-1.99E-05	7.64E-06	4.16E-07	-1.00E-05
254	3	0	0	0	0	0	0	232	254	0	-1.99E-05	7.64E-06	4.16E-07	-1.00E-05
254	4	0	0	0	0	0	0	232	254	0	-2.17E-05	7.05E-06	1.18E-05	-8.34E-06
254	5	0	0	0	0	0	0	232	254	0	-2.17E-05	7.05E-06	1.18E-05	-8.34E-06
254	6	0	0	0	0	0	0	232	254	0	-2.35E-05	6.82E-06	3.13E-06	-9.31E-06
254	7	0	0	0	0	0	0	232	254	0	-2.22E-05	5.15E-06	-1.61E-05	-9.86E-06
254	8	0	0	0	0	0	0	232	254	0	-2.22E-05	5.15E-06	-1.61E-05	-9.86E-06
254	9	0	0	0	0	0	0	232	254	0	-2.12E-05	5.95E-06	-2.23E-05	-9.84E-06
254	10	0	0	0	0	0	0	232	254	0	-2.12E-05	5.95E-06	-2.23E-05	-9.84E-06
254	11	0	0	0	0	0	0	232	254	0	-1.86E-05	5.13E-06	-2.04E-05	-1.20E-05
254	12	0	0	0	0	0	0	232	254	0	-1.86E-05	5.13E-06	-2.04E-05	-1.20E-05
254	13	0	0	0	0	0	0	232	254	0	-1.81E-05	4.69E-06	-1.94E-05	-1.23E-05
254	14	0	0	0	0	0	0	232	254	0	-1.81E-05	4.69E-06	-1.94E-05	-1.23E-05
254	15	0	0	0	0	0	0	232	254	0	-1.90E-05	5.89E-06	-1.73E-05	-1.24E-05
254	16	0	0	0	0	0	0	232	254	0	-1.99E-05	6.10E-06	-1.32E-05	-1.32E-05
254	17	0	0	0	0	0	0	232	254	0	-1.99E-05	6.10E-06	-1.32E-05	-1.32E-05
254	18	0	0	0	0	0	0	232	254	0	-2.17E-05	6.27E-06	-8.39E-06	-1.26E-05
254	19	0	0	0	0	0	0	232	254	0	-2.17E-05	6.27E-06	-8.39E-06	-1.26E-05
255	0	0	0	0	0	0	0	232	254	0	-2.11E-05	4.27E-06	-4.53E-06	-1.30E-05
255	1	0	0	0	0	0	0	232	254	0	-2.11E-05	4.27E-06	-4.53E-06	-1.30E-05
255	2	0	0	0	0	0	0	232	254	0	-2.04E-05	4.96E-06	-4.69E-06	-1.37E-05
255	3	0	0	0	0	0	0	232	254	0	-2.04E-05	4.96E-06	-4.69E-06	-1.37E-05
255	4	0	0	0	0	0	0	232	254	0	-2.14E-05	5.57E-06	-6.26E-06	-1.23E-05
255	5	0	0	0	0	0	0	232	254	0	-2.20E-05	4.65E-06	-9.12E-06	-1.28E-05
255	6	0	0	0	0	0	0	232	254	0	-2.20E-05	4.65E-06	-9.12E-06	-1.28E-05
255	7	0	0	0	0	0	0	232	254	0	-1.95E-05	5.73E-06	-8.13E-06	-1.18E-05
255	8	0	0	0	0	0	0	232	254	0	-1.95E-05	5.73E-06	-8.13E-06	-1.18E-05
255	9	0	0	0	0	0	0	232	254	0	-1.81E-05	6.91E-06	-7.58E-06	-1.13E-05
255	10	0	0	0	0	0	0	232	254	0	-1.81E-05	6.91E-06	-7.58E-06	-1.13E-05
255	11	0	0	0	0	0	0	232	254	0	-1.64E-05	4.42E-06	-9.01E-06	-1.17E-05
255	12	0	0	0	0	0	0	232	254	0	-1.64E-05	4.42E-06	-9.01E-06	-1.17E-05
255	13	0	0	0	0	0	0	232	254	0	-1.81E-05	3.86E-06	-8.17E-06	-1.24E-05
255	14	0	0	0	0	0	0	232	254	0	-2.13E-05	6.44E-06	-5.42E-06	-1.32E-05
255	15	0	0	0	0	0	0	232	254	0	-2.13E-05	6.44E-06	-5.42E-06	-1.32E-05
255	16	0	0	0	0	0	0	232	254	0	-2.10E-05	6.69E-06	-7.54E-06	-1.27E-05
255	17	0	0	0	0	0	0	232	254	0	-2.10E-05	6.69E-06	-7.54E-06	-1.27E-05
255	18	0	0	0	0	0	0	232	254	0	-2.15E-05	5.24E-06	-1.12E-05	-1.26E-05
255	19	0	0	0	0	0	0	232	254	0	-2.15E-05	5.24E-06	-1.12E-05	-1.26E-05
256	0	0	0	0	0	0	0	232	254	0	-2.34E-05	5.38E-06	-1.11E-05	-1.26E-05
256	1	0	0	0	0	0	0	232	254	0	-2.34E-05	5.38E-06	-1.11E-05	-1.26E-05
256	2	0	0	0	0	0	0	232	254	0	-2.52E-05	4.16E-06	-1.10E-05	-1.26E-05
256	3	0	0	0	0	0	0	232	254	0	-2.51E-05	4.11E-06	-1.01E-05	-1.23E-05
256	4	0	0	0	0	0	0	232	254	0	-2.51E-05	4.11E-06	-1.01E-05	-1.23E-05
256	5	0	0	0	0	0	0	232	254	0	-2.30E-05	5.98E-06	-8.90E-06	-1.11E-05
256	6	0	0	0	0	0	0	232	254	0	-2.30E-05	5.98E-06	-8.90E-06	-1.11E-05
256	7	0	0	0	0	0	0	232	254	0	-2.28E-05	5.25E-06	-1.02E-05	-1.01E-05
256	8	0	0	0	0	0	0	232	254	0	-2.28E-05	5.25E-06	-1.02E-05	-1.01E-05
256	9	0	0	0	0	0	0	232	254	0	-2.11E-05	3.27E-06	-9.41E-06	-1.07E-05
256	10	0	0	0	0	0	0	232	254	0	-2.11E-05	3.27E-06	-9.41E-06	-1.07E-05
256	11	0	0	0	0	0	0	232	254	0	-2.05E-05	5.13E-06	-8.24E-06	-1.04E-05
256	12	0	0	0	0	0	0	232	254	0	-2.19E-05	4.34E-06	-8.31E-06	-1.16E-05
256	13	0	0	0	0	0	0	232	254	0	-2.19E-05	4.34E-06	-8.31E-06	-1.16E-05
256	14	0	0	0	0	0	0	232	254	0	-2.14E-05	2.72E-06	-7.62E-06	-1.15E-05
256	15	0	0	0	0	0	0	232	254	0	-2.14E-05	2.72E-06	-7.62E-06	-1.15E-05
256	16	0	0	0	0	0	0	232	254	0	-1.95E-05	1.89E-06	-6.90E-06	-1.13E-05
256	17	0	0	0	0	0	0	232	254	0	-1.95E-05	1.89E-06	-6.90E-06	-1.13E-05
256	18	0	0	0	0	0	0	232	254	0	-2.11E-05	3.80E-06	-7.38E-06	-1.18E-05
256	19	0	0	0	0	0	0	232	254	0	-2.11E-05	3.80E-06	-7.38E-06	-1.18E-05
257	0	0	0	0	0	0	0	232	254	0	-1.92E-05	5.95E-06	-9.98E-06	-1.09E-05
257	1	0	0	0	0	0	0	232	254	0	-1.54E-05	6.35E-06	-1.07E-05	-1.07E-05
257	2	0	0	0	0	0	0	232	254	0	-1.54E-05	6.35E-06	-1.07E-05	-1.07E-05
257	3	0	0	0	0	0	0	232	254	0	-1.36E-05	4.98E-06	-1.10E-05	-1.18E-05
257	4	0	0	0	0	0	0	232	254	0	-1.36E-05	4.98E-06	-1.10E-05	-1.18E-05
257	5	0	0	0	0	0	0	232	254	0	-1.37E-05	6.03E-06	-8.12E-06	-1.33E-05
257	6	0	0	0	0	0	0	232	254	0	-1.37E-05	6.03E-06	-8.12E-06	-1.33E-05
257	7	0	0	0	0	0	0	232	254	0	-1.51E-05	6.91E-06	-1.91E-06	-1.51E-05
257	8	0	0	0	0	0	0	232	254	0	-1.51E-05	6.91E-06	-1.91E-06	-1.51E-05
257	9	0	0	0	0	0	0	232	254	0	-1.79E-05	4.45E-06	-9.21E-07	-1.39E-05
257	10	0	0	0	0	0	0	232	254	0	-2.00E-05	4.02E-06	-9.89E-06	-1.37E-05
257	11	0	0	0	0	0	0	232	254	0	-2.00E-05	4.02E-06	-9.89E-06	-1.37E-05
257	12	0	0	0	0	0	0	232	254	0	-2.24E-05	5.16E-06	-1.51E-05	-1.46E-05
257	13	0	0	0	0	0	0	232	254	0	-2.24E-05	5.16E-06	-1.51E-05	-1.46E-05
257	14	0	0	0	0	0	0	232	254	0	-2.73E-05	4.56E-06	-1.64E-05	-1.49E-05
257	15	0	0	0	0	0	0	232	254	0	-2.73E-05	4.56E-06	-1.64E-05	-1.49E-05
257	16	0	0	0	0	0	0	232	254	0	-3.31E-05	1.91E-06	-1.55E-05	-1.45E-05
257	17	0	0	0	0	0	0	232	254	0	-3.31E-05	1.91E-06	-1.55E-05	-1.45E-05
257	18	0	0	0	0	0	0	232	254	0	-3.28E-05	-2.65E-07	-1.18E-05	-1.35E-05
257	19	0	0	0	0	0	0	232	254	0	-3.10E-05	-6.18E-07	-7.80E-06	-1.27E-05
258	0	0	0	0	0	0	0	232	254	0	-3.10E-05	-6.18E-07	-7.80E-06	-1.27E-05
258	1	0	0	0	0	0	0	232	254	0	-3.07E-05	2.64E-06	-4.30E-06	-1.36E-05
258	2	0	0	0	0	0	0	232	254	0	-3.07E-05	2.64E-06	-4.30E-06	-1.36E-05
258	3	0	0	0	0	0	0	232	254	0	-2.88E-05	5.02E-06	-3.12E-06	-1.26E-05
258	4	0	0	0	0	0	0	232	254	0	-2.88E-05	5.02E-06	-3.12E-06	-1.26E-05
258	5	0	0	0	0	0	0	232	254	0	-2.63E-05	6.25E-06	-7.12E-06	-1.17E-05
258	6	0	0	0	0	0	0	232	254	0	-2.63E-05	6.25E-06	-7.12E-06	-1.17E-05
258	7	0	0	0	0	0	0	232	254	0	-2.09E-05	6.31E-06	-2.17E-06	-1.16E-05
258	8	0	0	0	0	0	0	232	254	0	-1.85E-05	4.38E-06	-6.06E-07	-1.10E-05
258	9	0	0	0	0	0	0	232	254	0	-1.85E-05	4.38E-06	-6.06E-07	-1.10E-05
258	10	0	0	0	0	0	0	232	254	0	-1.54E-05	3.25E-06	-9.75E-06	-1.30E-05
258	11	0	0	0	0	0	0	232	254	0	-1.54E-05	3.25E-06	-9.75E-06	-1.30E-05
258	12	0	0	0	0	0	0	232	254	0	-1.65E-05	3.91E-06	-1.49E-05	-1.35E-05
258	13	0	0	0	0	0	0	232	254	0	-1.65E-05	3.91E-06	-1.49E-05	-1.35E-05
258	14	0	0	0	0	0	0	232	254	0	-1.58E-05	5.40E-06	-1.45E-05	-1.24E-05
258	15	0	0	0	0	0	0	232	254	0	-1.58E-05	5.40E-06	-1.45E-05	-1.24E-05
258	16	0	0	0	0	0	0	232	254	0	-1.50E-05	4.36E-06	-1.45E-05	-1.11E-05
258	17	0	0	0	0	0	0	232	254	0	-1.49E-05	4.21E-06	-1.10E-05	-1.04E-05
258	18	0	0	0	0	0	0	232	254	0	-1.49E-05	4.21E-06	-1.10E-05	-1.04E-05
258	19	0	0	0	0	0	0	232	254	0	-1.29E-05	2.90E-06	-1.13E-05	-1.18E-05
259	0	0	0	0	0	0	0	232	254	0	-1.29E-05	2.90E-06	-1.13E-05	-1.18E-05
259	1	0	0	0	0	0	0	232	254	0	-1.03E-05	2.07E-06	-1.87E-05	-1.20E-05
259	2	0	0	0	0	0	0	232	254	0	-1.03E-05	2.07E-06	-1.87E-05	-1.20E-05
259	3	0	0	0	0	0	0	232	254	0	-1.07E-05	2.63E-06	-2.19E-05	-1.27E-05
259	4	0	0	0	0	0	0	232	254	0	-1.07E-05	2.63E-06	-2.19E-05	-1.27E-05
259	5	0	0	0	0	0	0	232	254	0	-1.16E-05	3.43E-06	-2.08E-05	-1.25E-05
259	6	0	0	0	0	0	0	232	254	0	-1.45E-05	2.57E-06	-1.36E-05	-1.18E-05
259	7	0	0	0	0	0	0	232	254	0	-1.45E-05	2.57E-06	-1.36E-05	-1.18E-05
259	8	0	0	0	0	0	0	232	254	0	-1.93E-05	1.85E-06	-5.74E-06	-1.23E-05
259	9	0	0	0	0	0	0	232	254	0	-1.93E-05	1.85E-06	-5.74E-06	-1.23E-05
259	10	0	0	0	0	0	0	232	254	0	-2.06E-05	3.52E-06	-2.36E-07	-1.31E-05
259	11	0	0	0	0	0	0	232	254	0	-2.06E-05	3.52E-06	-2.36E-07	-1.31E-05
259	12	0	0	0	0	0	0	232	254	0	-2.33E-05	6.06E-06	4.46E-06	-1.40E-05
259	13	0	0	0	0	0	0	232	254	0	-2.33E-05	6.06E-06	4.46E-06	-1.40E-05
259	14	0	0	0	0	0	0	232	254	0	-2.63E-05	6.04E-06	4.74E-06	-1.18E-05
259	15	0	0	0	0	0	0	232	254	0	-2.82E-05	4.99E-06	9.80E-07	-1.11E-05
259	16	0	0	0	0	0	0	232	254	0	-2.82E-05	4.99E-06	9.80E-07	-1.11E-05
259	17	0	0	0	0	0	0	232	254	0	-2.95E-05	7.37E-06	-9.32E-07	-1.26E-05
259	18	0	0	0	0	0	0	232	254	0	-2.95E-05	7.37E-06	-9.32E-07	-1.26E-05
259	19	0	0	0	0	0	0	232	254	0	-2.78E-05	8.62E-06	-4.47E-06	-1.30E-05
260	0	0	0	0	0	0	0	232	254	0	-2.78E-05	8.62E-06	-4.47E-06	-1.30E-05
260	1	0	0	0	0	0	0	232	254	0	-2.84E-05	8.97E-06	-6.35E-06	-1.34E-05
260	2	0	0	0	0	0	0	232	254	0	-2.84E-05	8.97E-06	-6.35E-06	-1.34E-05
260	3	0	0	0	0	0	0	232	254	0	-2.72E-05	8.11E-06	-5.12E-06	-1.22E-05
260	4	0	0	0	0	0	0	232	254	0	-2.61E-05	7.12E-06	-7.96E-06	-1.19E-05
260	5	0	0	0	0	0	0	232	254	0	-2.61E-05	7.12E-06	-7.96E-06	-1.19E-05
260	6	0	0	0	0	0	0	232	254	0	-2.35E-05	6.30E-06	-1.54E-05	-1.21E-05
260	7	0	0	0	0	0	0	232	254	0	-2.35E-05	6.30E-06	-1.54E-05	-1.21E-05
260	8	0	0	0	0	0	0	232	254	0	-2.08E-05	5.61E-06	-1.93E-05	-1.26E-05
260	9	0	0	0	0	0	0	232	254	0	-2.08E-05	5.61E-06	-1.93E-05	-1.26E-05
260	10	0	0	0	0	0	0	232	254	0	-1.93E-05	4.65E-06	-1.92E-05	-1.27E-05
260	11	0	0	0	0	0	0	232	254	0	-1.93E-05	4.65E-06	-1.92E-05	-1.27E-05
260	12	0	0	0	0	0	0	232	254	0	-1.94E-05	3.08E-06	-1.78E-05	-1.37E-05
260	13	0	0	0	0	0	0	232	254	0	-2.01E-05	3.60E-06	-1.33E-05	-1.43E-05
260	14	0	0	0	0	0	0	232	254	0	-2.01E-05	3.60E-06	-1.33E-05	-1.43E-05
260	15	0	0	0	0	0	0	232	254	0	-2.26E-05	4.10E-06	-8.35E-06	-1.42E-05
260	16	0	0	0	0	0	0	232	254	0	-2.26E-05	4.10E-06	-8.35E-06	-1.42E-05
260	17	0	0	0	0	0	0	232	254	0	-2.24E-05	3.34E-06	-6.73E-06	-1.31E-05
260	18	0	0	0	0	0	0	232	254	0	-2.24E-05	3.34E-06	-6.73E-06	-1.31E-05
260	19	0	0	0	0	0	0	232	254	0	-2.30E-05	3.33E-06	-7.08E-06	-1.21E-05
261	0	0	0	0	0	0	0	232	254	0	-2.30E-05	3.33E-06	-7.08E-06	-1.21E-05
261	1	0	0	0	0	0	0	232	254	0	-2.35E-05	4.46E-06	-8.76E-06	-1.34E-05
261	2	0	0	0	0	0	0	232	254	0	-2.47E-05	5.13E-06	-1.02E-05	-1.15E-05
261	3	0	0	0	0	0	0	232	254	0	-2.47E-05	5.13E-06	-1.02E-05	-1.15E-05
261	4	0	0	0	0	0	0	232	254	0	-2.50E-05	4.34E-06	-9.67E-06	-1.14E-05
261	5	0	0	0	0	0	0	232	254	0	-2.50E-05	4.34E-06	-9.67E-06	-1.14E-05
261	6	0	0	0	0	0	0	232	254	0	-2.49E-05	2.89E-06	-7.54E-06	-1.25E-05
261	7	0	0	0	0	0	0	232	254	0	-2.49E-05	2.89E-06	-7.54E-06	-1.25E-05
261	8	0	0	0	0	0	0	232	254	0	-2.25E-05	3.27E-06	-4.52E-06	-1.15E-05
261	9	0	0	0	0	0	0	232	254	0	-2.25E-05	3.27E-06	-4.52E-06	-1.15E-05
261	10	0	0	0	0	0	0	232	254	0	-2.17E-05	3.76E-06	-2.27E-06	-1.11E-05
261	11	0	0	0	0	0	0	232	254	0	-2.26E-05	2.92E-06	-6.63E-06	-1.04E-05
261	12	0	0	0	0	0	0	232	254	0	-2.26E-05	2.92E-06	-6.63E-06	-1.04E-05
261	13	0	0	0	0	0	0	232	254	0	-2.35E-05	2.10E-06	-1.53E-05	-1.20E-05
261	14	0	0	0	0	0	0	232	254	0	-2.35E-05	2.10E-06	-1.53E-05	-1.20E-05
261	15	0	0	0	0	0	0	232	254	0	-2.27E-05	1.67E-06	-1.75E-05	-1.40E-05
261	16	0	0	0	0	0	0	232	254	0	-2.27E-05	1.67E-06	-1.75E-05	-1.40E-05
261	17	0	0	0	0	0	0	232	254	0	-2.30E-05	3.03E-06	-1.43E-05	-1.44E-05
261	18	0	0	0	0	0	0	232	254	0	-2.30E-05	3.03E-06	-1.43E-05	-1.44E-05
261	19	0	0	0	0	0	0	232	254	0	-2.29E-05	4.40E-06	-8.43E-06	-1.23E-05
262	0	0	0	0	0	0	0	232	254	0	-2.21E-05	4.95E-06	2.35E-06	-1.05E-05
262	1	0	0	0	0	0	0	232	254	0	-2.21E-05	4.95E-06	2.35E-06	-1.05E-05
262	2	0	0	0	0	0	0	232	254	0	-2.15E-05	6.77E-06	7.91E-06	-1.14E-05
262	3	0	0	0	0	0	0	232	254	0	-2.15E-05	6.77E-06	7.91E-06	-1.14E-05
262	4	0	0	0	0	0	0	232	254	0	-2.17E-05	5.80E-06	-4.82E-07	-1.11E-05
262	5	0	0	0	0	0	0	232	254	0	-2.17E-05	5.80E-06	-4.82E-07	-1.11E-05
262	6	0	0	0	0	0	0	232	254	0	-2.17E-05	5.18E-06	-1.86E-05	-1.12E-05
262	7	0	0	0	0	0	0	232	254	0	-2.17E-05	5.18E-06	-1.86E-05	-1.12E-05
262	8	0	0	0	0	0	0	232	254	0	-2.23E-05	5.19E-06	-3.16E-05	-1.25E-05
262	9	0	0	0	0	0	0	232	254	0	-2.35E-05	6.51E-06	-3.20E-05	-1.44E-05
262	10	0	0	0	0	0	0	232	254	0	-2.35E-05	6.51E-06	-3.20E-05	-1.44E-05
262	11	0	0	0	0	0	0	232	254	0	-2.25E-05	7.44E-06	-2.27E-05	-1.65E-05
262	12	0	0	0	0	0	0	232	254	0	-2.25E-05	7.44E-06	-2.27E-05	-1.65E-05
262	13	0	0	0	0	0	0	232	254	0	-2.21E-05	6.45E-06	-1.40E-05	-1.77E-05
262	14	0	0	0	0	0	0	232	254	0	-2.21E-05	6.45E-06	-1.40E-05	-1.77E-05
262	15	0	0	0	0	0	0	232	254	0	-2.03E-05	5.65E-06	-6.45E-06	-1.58E-05
262	16	0	0	0	0	0	0	232	254	0	-2.03E-05	5.65E-06	-6.45E-06	-1.58E-05
262	17	0	0	0	0	0	0	232	254	0	-2.08E-05	4.99E-06	-1.11E-06	-1.44E-05
262	18	0	0	0	0	0	0	232	254	0	-2.31E-05	3.65E-06	4.65E-06	-1.29E-05
262	19	0	0	0	0	0	0	232	254	0	-2.31E-05	3.65E-06	4.65E-06	-1.29E-05
263	0	0	0	0	0	0	0	232	254	0	-2.36E-05	6.38E-06	5.17E-06	-1.14E-05
263	1	0	0	0	0	0	0	232	254	0	-2.36E-05	6.38E-06	5.17E-06	-1.14E-05
263	2	0	0	0	0	0	0	232	254	0	-2.31E-05	1.01E-05	2.84E-06	-9.90E-06
263	3	0	0	0	0	0	0	232	254	0	-2.31E-05	1.01E-05	2.84E-06	-9.90E-06
263	4	0	0	0	0	0	0	232	254	0	-2.09E-05	8.53E-06	5.20E-06	-9.90E-06
263	5	0	0	0	0	0	0	232	254	0	-2.09E-05	8.53E-06	5.20E-06	-9.90E-06
263	6	0	0	0	0	0	0	232	254	0	-1.79E-05	5.57E-06	-5.97E-06	-1.03E-05
263	7	0	0	0	0	0	0	232	254	0	-1.75E-05	4.45E-06	-1.25E-05	-1.32E-05
263	8	0	0	0	0	0	0	232	254	0	-1.75E-05	4.45E-06	-1.25E-05	-1.32E-05
263	9	0	0	0	0	0	0	232	254	0	-1.88E-05	4.06E-06	-8.07E-06	-1.53E-05
263	10	0	0	0	0	0	0	232	254	0	-1.88E-05	4.06E-06	-8.07E-06	-1.53E-05
263	11	0	0	0	0	0	0	232	254	0	-1.71E-05	5.31E-06	-6.96E-06	-1.43E-05
263	12	0	0	0	0	0	0	232	254	0	-1.71E-05	5.31E-06	-6.96E-06	-1.43E-05
263	13	0	0	0	0	0	0	232	254	0	-1.56E-05	3.25E-06	-8.29E-06	-1.37E-05
263	14	0	0	0	0	0	0	232	254	0	-1.56E-05	3.25E-06	-8.29E-06	-1.37E-05
263	15	0	0	0	0	0	0	232	254	0	-1.52E-05	1.29E-06	-1.44E-05	-1.43E-05
263	16	0	0	0	0	0	0	232	254	0	-1.49E-05	2.10E-06	-1.72E-05	-1.40E-05
263	17	0	0	0	0	0	0	232	254	0	-1.49E-05	2.10E-06	-1.72E-05	-1.40E-05
263	18	0	0	0	0	0	0	232	254	0	-1.45E-05	1.61E-06	-1.38E-05	-1.19E-05
263	19	0	0	0	0	0	0	232	254	0	-1.45E-05	1.61E-06	-1.38E-05	-1.19E-05
264	0	0	0	0	0	0	0	232	254	0	-1.75E-05	2.21E-06	-1.03E-05	-1.17E-05
264	1	0	0	0	0	0	0	232	254	0	-1.75E-05	2.21E-06	-1.03E-05	-1.17E-05
264	2	0	0	0	0	0	0	232	254	0	-2.41E-05	1.23E-06	-9.95E-06	-1.22E-05
264	3	0	0	0	0	0	0	232	254	0	-2.41E-05	1.23E-06	-9.95E-06	-1.22E-05
264	4	0	0	0	0	0	0	232	254	0	-2.53E-05	2.15E-06	-1.16E-05	-1.15E-05
264	5	0	0	0	0	0	0	232	254	0	-2.07E-05	6.04E-06	-1.16E-05	-1.10E-05
264	6	0	0	0	0	0	0	232	254	0	-2.07E-05	6.04E-06	-1.16E-05	-1.10E-05
264	7	0	0	0	0	0	0	232	254	0	-1.76E-05	8.76E-06	-9.86E-06	-1.19E-05
264	8	0	0	0	0	0	0	232	254	0	-1.76E-05	8.76E-06	-9.86E-06	-1.19E-05
264	9	0	0	0	0	0	0	232	254	0	-1.76E-05	1.00E-05	-1.16E-05	-1.15E-05
264	10	0	0	0	0	0	0	232	254	0	-1.76E-05	1.00E-05	-1.16E-05	-1.15E-05
264	11	0	0	0	0	0	0	232	254	0	-1.74E-05	8.01E-06	-7.93E-06	-1.15E-05
264	12	0	0	0	0	0	0	232	254	0	-1.74E-05	8.01E-06	-7.93E-06	-1.15E-05
264	13	0	0	0	0	0	0	232	254	0	-1.60E-05	3.70E-06	-8.85E-06	-1.33E-05
264	14	0	0	0	0	0	0	232	254	0	-1.81E-05	2.67E-06	-1.39E-05	-1.39E-05
264	15	0	0	0	0	0	0	232	254	0	-1.81E-05	2.67E-06	-1.39E-05	-1.39E-05
264	16	0	0	0	0	0	0	232	254	0	-2.37E-05	3.86E-06	-1.60E-05	-1.32E-05
264	17	0	0	0	0	0	0	232	254	0	-2.37E-05	3.86E-06	-1.60E-05	-1.32E-05
264	18	0	0	0	0	0	0	232	254	0	-2.92E-05	4.48E-06	-1.66E-05	-1.26E-05
264	19	0	0	0	0	0	0	232	254	0	-2.92E-05	4.48E-06	-1.66E-05	-1.26E-05
265	0	0	0	0	0	0	0	232	254	0	-2.98E-05	9.62E-06	-1.75E-05	-1.38E-05
265	1	0	0	0	0	0	0	232	254	0	-2.98E-05	9.62E-06	-1.75E-05	-1.38E-05
265	2	0	0	0	0	0	0	232	254	0	-2.63E-05	1.24E-05	-1.54E-05	-1.50E-05
265	3	0	0	0	0	0	0	232	254	0	-2.04E-05	1.12E-05	-7.80E-06	-1.31E-05
265	4	0	0	0	0	0	0	232	254	0	-2.04E-05	1.12E-05	-7.80E-06	-1.31E-05
265	5	0	0	0	0	0	0	232	254	0	-1.49E-05	1.09E-05	7.77E-07	-1.18E-05
265	6	0	0	0	0	0	0	232	254	0	-1.49E-05	1.09E-05	7.77E-07	-1.18E-05
265	7	0	0	0	0	0	0	232	254	0	-1.49E-05	7.93E-06	2.70E-06	-1.07E-05
265	8	0	0	0	0	0	0	232	254	0	-1.49E-05	7.93E-06	2.70E-06	-1.07E-05
265	9	0	0	0	0	0	0	232	254	0	-1.73E-05	5.53E-06	1.63E-06	-9.24E-06
265	10	0	0	0	0	0	0	232	254	0	-1.73E-05	5.53E-06	1.63E-06	-9.24E-06
265	11	0	0	0	0	0	0	232	254	0	-1.76E-05	4.16E-06	1.43E-06	-1.08E-05
265	12	0	0	0	0	0	0	232	254	0	-1.80E-05	3.72E-06	-8.21E-06	-1.27E-05
265	13	0	0	0	0	0	0	232	254	0	-1.80E-05	3.72E-06	-8.21E-06	-1.27E-05
265	14	0	0	0	0	0	0	232	254	0	-2.21E-05	2.43E-06	-1.92E-05	-1.10E-05
265	15	0	0	0	0	0	0	232	254	0	-2.21E-05	2.43E-06	-1.92E-05	-1.10E-05
265	16	0	0	0	0	0	0	232	254	0	-3.17E-05	4.45E-07	-2.54E-05	-1.17E-05
265	17	0	0	0	0	0	0	232	254	0	-3.17E-05	4.45E-07	-2.54E-05	-1.17E-05
265	18	0	0	0	0	0	0	232	254	0	-4.05E-05	-1.95E-08	-2.17E-05	-1.38E-05
265	19	0	0	0	0	0	0	232	254	0	-4.05E-05	-1.95E-08	-2.17E-05	-1.38E-05
266	0	0	0	0	0	0	0	232	254	0	-4.32E-05	-5.09E-08	-1.17E-05	-1.52E-05
266	1	0	0	0	0	0	0	232	254	0	-3.87E-05	8.78E-07	-7.69E-06	-1.15E-05
266	2	0	0	0	0	0	0	232	254	0	-3.87E-05	8.78E-07	-7.69E-06	-1.15E-05
266	3	0	0	0	0	0	0	232	254	0	-2.96E-05	1.16E-06	1.75E-06	-8.61E-06
266	4	0	0	0	0	0	0	232	254	0	-2.96E-05	1.16E-06	1.75E-06	-8.61E-06
266	5	0	0	0	0	0	0	232	254	0	-2.37E-05	1.10E-06	1.49E-05	-1.04E-05
266	6	0	0	0	0	0	0	232	254	0	-2.37E-05	1.10E-06	1.49E-05	-1.04E-05
266	7	0	0	0	0	0	0	232	254	0	-2.22E-05	1.92E-06	2.33E-05	-1.14E-05
266	8	0	0	0	0	0	0	232	254	0	-2.22E-05	1.92E-06	2.33E-05	-1.14E-05
266	9	0	0	0	0	0	0	232	254	0	-2.12E-05	2.83E-06	1.74E-05	-1.12E-05
266	10	0	0	0	0	0	0	232	254	0	-2.00E-05	5.40E-06	-1.02E-06	-1.34E-05
266	11	0	0	0	0	0	0	232	254	0	-2.00E-05	5.40E-06	-1.02E-06	-1.34E-05
266	12	0	0	0	0	0	0	232	254	0	-1.76E-05	6.69E-06	-1.22E-05	-1.44E-05
266	13	0	0	0	0	0	0	232	254	0	-1.76E-05	6.69E-06	-1.22E-05	-1.44E-05
266	14	0	0	0	0	0	0	232	254	0	-1.79E-05	4.97E-06	-8.70E-06	-1.41E-05
266	15	0	0	0	0	0	0	232	254	0	-1.79E-05	4.97E-06	-8.70E-06	-1.41E-05
266	16	0	0	0	0	0	0	232	254	0	-1.87E-05	3.07E-06	-7.33E-06	-1.55E-05
266	17	0	0	0	0	0	0	232	254	0	-1.87E-05	3.07E-06	-7.33E-06	-1.55E-05
266	18	0	0	0	0	0	0	232	254	0	-1.87E-05	2.20E-06	-8.19E-06	-1.65E-05
266	19	0	0	0	0	0	0	232	254	0	-1.76E-05	2.10E-06	-8.73E-06	-1.42E-05
267	0	0	0	0	0	0	0	232	254	0	-1.76E-05	2.10E-06	-8.73E-06	-1.42E-05
267	1	0	0	0	0	0	0	232	254	0	-1.79E-05	-2.73E-08	-1.55E-05	-1.39E-05
267	2	0	0	0	0	0	0	232	254	0	-1.79E-05	-2.73E-08	-1.55E-05	-1.39E-05
267	3	0	0	0	0	0	0	232	254	0	-2.12E-05	-1.39E-06	-1.93E-05	-1.60E-05
267	4	0	0	0	0	0	0	232	254	0	-2.12E-05	-1.39E-06	-1.93E-05	-1.60E-05
267	5	0	0	0	0	0	0	232	254	0	-2.18E-05	-3.08E-07	-2.46E-05	-1.35E-05
267	6	0	0	0	0	0	0	232	254	0	-2.18E-05	-3.08E-07	-2.46E-05	-1.35E-05
267	7	0	0	0	0	0	0	232	254	0	-2.32E-05	1.53E-06	-2.20E-05	-1.06E-05
267	8	0	0	0	0	0	0	232	254	0	-2.37E-05	4.47E-06	-8.01E-06	-1.09E-05
267	9	0	0	0	0	0	0	232	254	0	-2.37E-05	4.47E-06	-8.01E-06	-1.09E-05
267	10	0	0	0	0	0	0	232	254	0	-1.78E-05	6.66E-06	3.24E-06	-1.05E-05
267	11	0	0	0	0	0	0	232	254	0	-1.78E-05	6.66E-06	3.24E-06	-1.05E-05
267	12	0	0	0	0	0	0	232	254	0	-1.26E-05	7.40E-06	-3.50E-06	-1.10E-05
267	13	0	0	0	0	0	0	232	254	0	-1.26E-05	7.40E-06	-3.50E-06	-1.10E-05
267	14	0	0	0	0	0	0	232	254	0	-1.23E-05	6.48E-06	-1.98E-05	-1.13E-05
267	15	0	0	0	0	0	0	232	254	0	-1.23E-05	6.48E-06	-1.98E-05	-1.13E-05
267	16	0	0	0	0	0	0	232	254	0	-9.36E-06	8.70E-06	-2.91E-05	-9.11E-06
267	17	0	0	0	0	0	0	232	254	0	-5.48E-06	9.56E-06	-3.43E-05	-8.38E-06
267	18	0	0	0	0	0	0	232	254	0	-5.48E-06	9.56E-06	-3.43E-05	-8.38E-06
267	19	0	0	0	0	0	0	232	254	0	-7.73E-06	8.54E-06	-3.15E-05	-9.74E-06
268	0	0	0	0	0	0	0	232	254	0	-7.73E-06	8.54E-06	-3.15E-05	-9.74E-06
268	1	0	0	0	0	0	0	232	254	0	-9.45E-06	1.13E-05	-1.70E-05	-1.11E-05
268	2	0	0	0	0	0	0	232	254	0	-9.45E-06	1.13E-05	-1.70E-05	-1.11E-05
268	3	0	0	0	0	0	0	232	254	0	-1.28E-05	1.38E-05	1.20E-06	-1.08E-05
268	4	0	0	0	0	0	0	232	254	0	-1.28E-05	1.38E-05	1.20E-06	-1.08E-05
268	5	0	0	0	0	0	0	232	254	0	-1.60E-05	1.31E-05	4.09E-06	-1.03E-05
268	6	0	0	0	0	0	0	232	254	0	-1.97E-05	1.34E-05	-4.54E-06	-1.08E-05
268	7	0	0	0	0	0	0	232	254	0	-1.97E-05	1.34E-05	-4.54E-06	-1.08E-05
268	8	0	0	0	0	0	0	232	254	0	-2.22E-05	1.41E-05	-5.29E-06	-1.26E-05
268	9	0	0	0	0	0	0	232	254	0	-2.22E-05	1.41E-05	-5.29E-06	-1.26E-05
268	10	0	0	0	0	0	0	232	254	0	-2.17E-05	1.02E-05	-2.28E-06	-1.39E-05
268	11	0	0	0	0	0	0	232	254	0	-2.17E-05	1.02E-05	-2.28E-06	-1.39E-05
268	12	0	0	0	0	0	0	232	254	0	-2.20E-05	7.90E-06	-1.49E-05	-1.62E-05
268	13	0	0	0	0	0	0	232	254	0	-2.20E-05	7.90E-06	-1.49E-05	-1.62E-05
268	14	0	0	0	0	0	0	232	254	0	-2.48E-05	1.07E-05	-2.65E-05	-1.56E-05
268	15	0	0	0	0	0	0	232	254	0	-2.56E-05	1.15E-05	-1.78E-05	-1.26E-05
268	16	0	0	0	0	0	0	232	254	0	-2.56E-05	1.15E-05	-1.78E-05	-1.26E-05
268	17	0	0	0	0	0	0	232	254	0	-2.20E-05	8.11E-06	-9.03E-06	-1.27E-05
268	18	0	0	0	0	0	0	232	254	0	-2.20E-05	8.11E-06	-9.03E-06	-1.27E-05
268	19	0	0	0	0	0	0	232	254	0	-1.78E-05	4.15E-06	-1.31E-05	-1.12E-05
269	0	0	0	0	0	0	0	232	254	0	-1.78E-05	4.15E-06	-1.31E-05	-1.12E-05
269	1	0	0	0	0	0	0	232	254	0	-1.69E-05	-3.32E-07	-1.49E-05	-1.23E-05
269	2	0	0	0	0	0	0	232	254	0	-1.69E-05	-3.32E-07	-1.49E-05	-1.23E-05
269	3	0	0	0	0	0	0	232	254	0	-2.25E-05	-3.03E-06	-1.47E-06	-1.23E-05
269	4	0	0	0	0	0	0	232	254	0	-2.72E-05	-4.70E-06	-3.25E-06	-9.85E-06
269	5	0	0	0	0	0	0	232	254	0	-2.72E-05	-4.70E-06	-3.25E-06	-9.85E-06
269	6	0	0	0	0	0	0	232	254	0	-3.35E-05	-7.33E-06	-1.97E-05	-1.09E-05
269	7	0	0	0	0	0	0	232	254	0	-3.35E-05	-7.33E-06	-1.97E-05	-1.09E-05
269	8	0	0	0	0	0	0	232	254	0	-3.34E-05	-8.22E-06	-2.43E-05	-1.19E-05
269	9	0	0	0	0	0	0	232	254	0	-3.34E-05	-8.22E-06	-2.43E-05	-1.19E-05
269	10	0	0	0	0	0	0	232	254	0	-2.65E-05	-7.56E-06	-1.25E-05	-1.32E-05
269	11	0	0	0	0	0	0	232	254	0	-2.65E-05	-7.56E-06	-1.25E-05	-1.32E-05
269	12	0	0	0	0	0	0	232	254	0	-1.56E-05	-1.52E-06	-2.75E-06	-1.53E-05
269	13	0	0	0	0	0	0	232	254	0	-9.79E-06	6.96E-06	-5.18E-06	-1.52E-05
269	14	0	0	0	0	0	0	232	254	0	-9.79E-06	6.96E-06	-5.18E-06	-1.52E-05
269	15	0	0	0	0	0	0	232	254	0	-1.76E-05	1.38E-05	-9.35E-06	-1.48E-05
269	16	0	0	0	0	0	0	232	254	0	-1.76E-05	1.38E-05	-9.35E-06	-1.48E-05
269	17	0	0	0	0	0	0	232	254	0	-2.50E-05	1.24E-05	-3.27E-06	-1.37E-05
269	18	0	0	0	0	0	0	232	254	0	-2.50E-05	1.24E-05	-3.27E-06	-1.37E-05
269	19	0	0	0	0	0	0	232	254	0	-2.67E-05	1.03E-05	8.62E-07	-1.30E-05
270	0	0	0	0	0	0	0	232	254	0	-2.67E-05	1.03E-05	8.62E-07	-1.30E-05
270	1	0	0	0	0	0	0	232	254	0	-2.10E-05	8.37E-06	-1.53E-06	-1.38E-05
270	2	0	0	0	0	0	0	232	254	0	-1.64E-05	6.41E-06	-1.29E-06	-1.37E-05
270	3	0	0	0	0	0	0	232	254	0	-1.64E-05	6.41E-06	-1.29E-06	-1.37E-05
270	4	0	0	0	0	0	0	232	254	0	-1.95E-05	2.23E-06	1.76E-06	-1.23E-05
270	5	0	0	0	0	0	0	232	254	0	-1.95E-05	2.23E-06	1.76E-06	-1.23E-05
270	6	0	0	0	0	0	0	232	254	0	-1.86E-05	-2.62E-06	1.88E-06	-1.25E-05
270	7	0	0	0	0	0	0	232	254	0	-1.86E-05	-2.62E-06	1.88E-06	-1.25E-05
270	8	0	0	0	0	0	0	232	254	0	-2.23E-05	-2.99E-06	-2.21E-06	-1.30E-05
270	9	0	0	0	0	0	0	232	254	0	-2.23E-05	-2.99E-06	-2.21E-06	-1.30E-05
270	10	0	0	0	0	0	0	232	254	0	-2.99E-05	2.04E-07	-6.35E-06	-1.18E-05
270	11	0	0	0	0	0	0	232	254	0	-3.12E-05	2.81E-06	-7.46E-06	-1.08E-05
270	12	0	0	0	0	0	0	232	254	0	-3.12E-05	2.81E-06	-7.46E-06	-1.08E-05
270	13	0	0	0	0	0	0	232	254	0	-2.65E-05	9.79E-07	-7.90E-06	-1.01E-05
270	14	0	0	0	0	0	0	232	254	0	-2.65E-05	9.79E-07	-7.90E-06	-1.01E-05
270	15	0	0	0	0	0	0	232	254	0	-2.27E-05	-3.47E-07	-6.97E-06	-1.16E-05
270	16	0	0	0	0	0	0	232	254	0	-2.27E-05	-3.47E-07	-6.97E-06	-1.16E-05
270	17	0	0	0	0	0	0	232	254	0	-2.67E-05	1.43E-06	-9.52E-06	-1.24E-05
270	18	0	0	0	0	0	0	232	254	0	-2.67E-05	1.43E-06	-9.52E-06	-1.24E-05
270	19	0	0	0	0	0	0	232	254	0	-3.49E-05	6.27E-06	-1.48E-05	-1.13E-05
271	0	0	0	0	0	0	0	232	254	0	-3.44E-05	9.29E-06	-1.88E-05	-1.14E-05
271	1	0	0	0	0	0	0	232	254	0	-3.44E-05	9.29E-06	-1.88E-05	-1.14E-05
271	2	0	0	0	0	0	0	232	254	0	-2.33E-05	9.91E-06	-2.16E-05	-1.12E-05
271	3	0	0	0	0	0	0	232	254	0	-2.33E-05	9.91E-06	-2.16E-05	-1.12E-05
271	4	0	0	0	0	0	0	232	254	0	-1.79E-05	1.13E-05	-2.12E-05	-1.21E-05
271	5	0	0	0	0	0	0	232	254	0	-1.79E-05	1.13E-05	-2.12E-05	-1.21E-05
271	6	0	0	0	0	0	0	232	254	0	-1.79E-05	1.11E-05	-2.00E-05	-1.35E-05
271	7	0	0	0	0	0	0	232	254	0	-1.79E-05	1.11E-05	-2.00E-05	-1.35E-05
271	8	0	0	0	0	0	0	232	254	0	-2.07E-05	8.81E-06	-1.62E-05	-1.21E-05
271	9	0	0	0	0	0	0	232	254	0	-2.68E-05	6.61E-06	-6.83E-06	-9.48E-06
271	10	0	0	0	0	0	0	232	254	0	-2.68E-05	6.61E-06	-6.83E-06	-9.48E-06
271	11	0	0	0	0	0	0	232	254	0	-3.40E-05	4.53E-06	3.14E-06	-7.98E-06
271	12	0	0	0	0	0	0	232	254	0	-3.40E-05	4.53E-06	3.14E-06	-7.98E-06
271	13	0	0	0	0	0	0	232	254	0	-3.39E-05	4.41E-06	7.48E-06	-1.17E-05
271	14	0	0	0	0	0	0	232	254	0	-3.39E-05	4.41E-06	7.48E-06	-1.17E-05
271	15	0	0	0	0	0	0	232	254	0	-2.93E-05	3.64E-06	3.37E-06	-1.54E-05
271	16	0	0	0	0	0	0	232	254	0	-2.93E-05	3.64E-06	3.37E-06	-1.54E-05
271	17	0	0	0	0	0	0	232	254	0	-2.55E-05	4.88E-06	-4.90E-06	-1.72E-05
271	18	0	0	0	0	0	0	232	254	0	-2.20E-05	7.51E-06	-9.69E-06	-1.52E-05
271	19	0	0	0	0	0	0	232	254	0	-2.20E-05	7.51E-06	-9.69E-06	-1.52E-05
272	0	0	0	0	0	0	0	232	254	0	-2.46E-05	7.53E-06	-4.64E-06	-1.34E-05
272	1	0	0	0	0	0	0	232	254	0	-2.46E-05	7.53E-06	-4.64E-06	-1.34E-05
272	2	0	0	0	0	0	0	232	254	0	-2.53E-05	9.79E-06	1.81E-06	-1.21E-05
272	3	0	0	0	0	0	0	232	254	0	-2.53E-05	9.79E-06	1.81E-06	-1.21E-05
272	4	0	0	0	0	0	0	232	254	0	-1.53E-05	8.78E-06	-1.63E-06	-1.13E-05
272	5	0	0	0	0	0	0	232	254	0	-1.53E-05	8.78E-06	-1.63E-06	-1.13E-05
272	6	0	0	0	0	0	0	232	254	0	-2.19E-06	8.28E-06	-6.87E-06	-1.14E-05
272	7	0	0	0	0	0	0	232	254	0	2.17E-06	1.13E-05	-1.09E-05	-1.03E-05
272	8	0	0	0	0	0	0	232	254	0	2.17E-06	1.13E-05	-1.09E-05	-1.03E-05
272	9	0	0	0	0	0	0	232	254	0	-3.49E-06	1.13E-05	-1.38E-05	-9.33E-06
272	10	0	0	0	0	0	0	232	254	0	-3.49E-06	1.13E-05	-1.38E-05	-9.33E-06
272	11	0	0	0	0	0	0	232	254	0	-6.56E-06	6.27E-06	-1.63E-05	-7.40E-06
272	12	0	0	0	0	0	0	232	254	0	-6.56E-06	6.27E-06	-1.63E-05	-7.40E-06
272	13	0	0	0	0	0	0	232	254	0	-2.81E-06	4.70E-06	-1.70E-05	-6.45E-06
272	14	0	0	0	0	0	0	232	254	0	-2.81E-06	4.70E-06	-1.70E-05	-6.45E-06
272	15	0	0	0	0	0	0	232	254	0	-4.24E-06	8.79E-06	-1.86E-05	-8.42E-06
272	16	0	0	0	0	0	0	232	254	0	-1.85E-05	1.03E-05	-2.05E-05	-1.00E-05
272	17	0	0	0	0	0	0	232	254	0	-1.85E-05	1.03E-05	-2.05E-05	-1.00E-05
272	18	0	0	0	0	0	0	232	254	0	-2.73E-05	8.05E-06	-1.90E-05	-1.09E-05
272	19	0	0	0	0	0	0	232	254	0	-2.73E-05	8.05E-06	-1.90E-05	-1.09E-05
273	0	0	0	0	0	0	0	232	254	0	-2.39E-05	3.84E-06	-1.17E-05	-1.06E-05
273	1	0	0	0	0	0	0	232	254	0	-2.39E-05	3.84E-06	-1.17E-05	-1.06E-05
273	2	0	0	0	0	0	0	232	254	0	-2.11E-05	8.62E-07	3.52E-07	-8.16E-06
273	3	0	0	0	0	0	0	232	254	0	-2.11E-05	8.62E-07	3.52E-07	-8.16E-06
273	4	0	0	0	0	0	0	232	254	0	-2.23E-05	-1.90E-06	1.67E-06	-6.87E-06
273	5	0	0	0	0	0	0	232	254	0	-2.26E-05	-5.26E-06	-1.00E-05	-1.10E-05
273	6	0	0	0	0	0	0	232	254	0	-2.26E-05	-5.26E-06	-1.00E-05	-1.10E-05
273	7	0	0	0	0	0	0	232	254	0	-2.63E-05	-8.21E-06	-2.04E-05	-1.41E-05
273	8	0	0	0	0	0	0	232	254	0	-2.63E-05	-8.21E-06	-2.04E-05	-1.41E-05
273	9	0	0	0	0	0	0	232	254	0	-3.11E-05	-7.45E-06	-1.23E-05	-1.26E-05
273	10	0	0	0	0	0	0	232	254	0	-3.11E-05	-7.45E-06	-1.23E-05	-1.26E-05
273	11	0	0	0	0	0	0	232	254	0	-3.27E-05	-2.74E-06	-1.16E-06	-9.13E-06
273	12	0	0	0	0	0	0	232	254	0	-3.27E-05	-2.74E-06	-1.16E-06	-9.13E-06
273	13	0	0	0	0	0	0	232	254	0	-3.12E-05	-2.39E-06	-2.04E-06	-1.15E-05
273	14	0	0	0	0	0	0	232	254	0	-2.30E-05	-6.60E-06	-1.12E-05	-1.69E-05
273	15	0	0	0	0	0	0	232	254	0	-2.30E-05	-6.60E-06	-1.12E-05	-1.69E-05
273	16	0	0	0	0	0	0	232	254	0	-1.08E-05	-6.56E-06	-2.12E-05	-2.14E-05
273	17	0	0	0	0	0	0	232	254	0	-1.08E-05	-6.56E-06	-2.12E-05	-2.14E-05
273	18	0	0	0	0	0	0	232	254	0	-7.13E-06	-2.74E-06	-2.07E-05	-2.01E-05
273	19	0	0	0	0	0	0	232	254	0	-7.13E-06	-2.74E-06	-2.07E-05	-2.01E-05
274	0	0	0	0	0	0	0	232	254	0	-1.19E-05	-1.59E-06	-9.88E-06	-1.34E-05
274	1	0	0	0	0	0	0	232	254	0	-1.19E-05	-1.59E-06	-9.88E-06	-1.34E-05
274	2	0	0	0	0	0	0	232	254	0	-1.47E-05	4.33E-07	7.18E-06	-1.23E-05
274	3	0	0	0	0	0	0	232	254	0	-1.88E-05	1.61E-06	1.74E-05	-1.53E-05
274	4	0	0	0	0	0	0	232	254	0	-1.88E-05	1.61E-06	1.74E-05	-1.53E-05
274	5	0	0	0	0	0	0	232	254	0	-2.54E-05	4.98E-06	-1.98E-06	-1.80E-05
274	6	0	0	0	0	0	0	232	254	0	-2.54E-05	4.98E-06	-1.98E-06	-1.80E-05
274	7	0	0	0	0	0	0	232	254	0	-2.85E-05	5.89E-06	-1.85E-05	-1.56E-05
274	8	0	0	0	0	0	0	232	254	0	-2.85E-05	5.89E-06	-1.85E-05	-1.56E-05
274	9	0	0	0	0	0	0	232	254	0	-2.67E-05	6.10E-06	-1.93E-05	-1.57E-05
274	10	0	0	0	0	0	0	232	254	0	-2.67E-05	6.10E-06	-1.93E-05	-1.57E-05
274	11	0	0	0	0	0	0	232	254	0	-2.45E-05	6.53E-06	-1.70E-05	-1.54E-05
274	12	0	0	0	0	0	0	232	254	0	-2.84E-05	6.40E-06	-1.46E-05	-5.22E-06
274	13	0	0	0	0	0	0	232	254	0	-2.84E-05	6.40E-06	-1.46E-05	-5.22E-06
274	14	0	0	0	0	0	0	232	254	0	-3.09E-05	6.74E-06	-1.94E-06	3.62E-06
274	15	0	0	0	0	0	0	232	254	0	-3.09E-05	6.74E-06	-1.94E-06	3.62E-06
274	16	0	0	0	0	0	0	232	254	0	-2.44E-05	8.32E-06	-3.46E-06	2.27E-06
274	17	0	0	0	0	0	0	232	254	0	-2.44E-05	8.32E-06	-3.46E-06	2.27E-06
274	18	0	0	0	0	0	0	232	254	0	-1.05E-05	8.99E-06	-1.98E-05	-1.61E-05
274	19	0	0	0	0	0	0	232	254	0	-1.05E-05	8.99E-06	-1.98E-05	-1.61E-05
275	0	0	0	0	0	0	0	232	254	0	-1.85E-07	8.02E-06	-2.06E-05	-3.43E-05
275	1	0	0	0	0	0	0	232	254	0	-3.58E-06	5.09E-06	-5.64E-06	-2.94E-05
275	2	0	0	0	0	0	0	232	254	0	-3.58E-06	5.09E-06	-5.64E-06	-2.94E-05
275	3	0	0	0	0	0	0	232	254	0	-9.67E-06	4.47E-06	7.40E-06	-1.90E-05
275	4	0	0	0	0	0	0	232	254	0	-9.67E-06	4.47E-06	7.40E-06	-1.90E-05
275	5	0	0	0	0	0	0	232	254	0	-1.49E-05	6.66E-06	5.58E-06	-1.63E-05
275	6	0	0	0	0	0	0	232	254	0	-1.49E-05	6.66E-06	5.58E-06	-1.63E-05
275	7	0	0	0	0	0	0	232	254	0	-2.04E-05	7.57E-06	8.00E-07	-1.61E-05
275	8	0	0	0	0	0	0	232	254	0	-2.04E-05	7.57E-06	8.00E-07	-1.61E-05
275	9	0	0	0	0	0	0	232	254	0	-2.63E-05	8.05E-06	-7.30E-07	-1.50E-05
275	10	0	0	0	0	0	0	232	254	0	-2.98E-05	1.10E-05	-1.19E-05	-1.42E-05
275	11	0	0	0	0	0	0	232	254	0	-2.98E-05	1.10E-05	-1.19E-05	-1.42E-05
275	12	0	0	0	0	0	0	232	254	0	-2.73E-05	1.39E-05	-2.62E-05	-1.41E-05
275	13	0	0	0	0	0	0	232	254	0	-2.73E-05	1.39E-05	-2.62E-05	-1.41E-05
275	14	0	0	0	0	0	0	232	254	0	-2.07E-05	1.31E-05	-3.29E-05	-1.43E-05
275	15	0	0	0	0	0	0	232	254	0	-2.07E-05	1.31E-05	-3.29E-05	-1.43E-05
275	16	0	0	0	0	0	0	232	254	0	-1.26E-05	9.61E-06	-3.72E-05	-1.34E-05
275	17	0	0	0	0	0	0	232	254	0	-1.26E-05	9.61E-06	-3.72E-05	-1.34E-05
275	18	0	0	0	0	0	0	232	254	0	-6.39E-06	1.02E-05	-3.62E-05	-1.22E-05
275	19	0	0	0	0	0	0	232	254	0	-8.58E-06	1.20E-05	-2.11E-05	-1.18E-05
276	0	0	0	0	0	0	0	232	254	0	-8.58E-06	1.20E-05	-2.11E-05	-1.18E-05
276	1	0	0	0	0	0	0	232	254	0	-1.58E-05	9.00E-06	-5.75E-06	-1.10E-05
276	2	0	0	0	0	0	0	232	254	0	-1.58E-05	9.00E-06	-5.75E-06	-1.10E-05
276	3	0	0	0	0	0	0	232	254	0	-2.16E-05	7.18E-06	3.28E-06	-1.06E-05
276	4	0	0	0	0	0	0	232	254	0	-2.16E-05	7.18E-06	3.28E-06	-1.06E-05
276	5	0	0	0	0	0	0	232	254	0	-2.96E-05	6.69E-06	6.94E-06	-1.09E-05
276	6	0	0	0	0	0	0	232	254	0	-2.96E-05	6.69E-06	6.94E-06	-1.09E-05
276	7	0	0	0	0	0	0	232	254	0	-3.36E-05	4.65E-06	1.12E-05	-1.05E-05
276	8	0	0	0	0	0	0	232	254	0	-3.13E-05	-1.23E-07	2.21E-05	-1.11E-05
276	9	0	0	0	0	0	0	232	254	0	-3.13E-05	-1.23E-07	2.21E-05	-1.11E-05
276	10	0	0	0	0	0	0	232	254	0	-2.44E-05	-4.87E-06	2.59E-05	-1.29E-05
276	11	0	0	0	0	0	0	232	254	0	-2.44E-05	-4.87E-06	2.59E-05	-1.29E-05
276	12	0	0	0	0	0	0	232	254	0	-2.34E-05	-4.75E-06	5.96E-06	-1.37E-05
276	13	0	0	0	0	0	0	232	254	0	-2.34E-05	-4.75E-06	5.96E-06	-1.37E-05
276	14	0	0	0	0	0	0	232	254	0	-2.82E-05	-4.25E-06	-3.31E-06	-1.34E-05
276	15	0	0	0	0	0	0	232	254	0	-2.82E-05	-4.25E-06	-3.31E-06	-1.34E-05
276	16	0	0	0	0	0	0	232	254	0	-2.33E-05	-7.10E-06	-3.46E-06	-1.18E-05
276	17	0	0	0	0	0	0	232	254	0	-1.77E-05	-5.37E-06	-1.78E-05	-1.09E-05
276	18	0	0	0	0	0	0	232	254	0	-1.77E-05	-5.37E-06	-1.78E-05	-1.09E-05
276	19	0	0	0	0	0	0	232	254	0	-1.27E-05	2.32E-06	-2.33E-05	-1.05E-05
277	0	0	0	0	0	0	0	232	254	0	-1.27E-05	2.32E-06	-2.33E-05	-1.05E-05
277	1	0	0	0	0	0	0	232	254	0	-1.04E-05	1.37E-05	-1.69E-05	-1.04E-05
277	2	0	0	0	0	0	0	232	254	0	-1.04E-05	1.37E-05	-1.69E-05	-1.04E-05
277	3	0	0	0	0	0	0	232	254	0	-1.61E-05	2.44E-05	-1.09E-05	-1.22E-05
277	4	0	0	0	0	0	0	232	254	0	-1.61E-05	2.44E-05	-1.09E-05	-1.22E-05
277	5	0	0	0	0	0	0	232	254	0	-2.28E-05	2.30E-05	-6.92E-06	-1.61E-05
277	6	0	0	0	0	0	0	232	254	0	-2.74E-05	1.52E-05	-7.92E-06	-2.15E-05
277	7	0	0	0	0	0	0	232	254	0	-2.74E-05	1.52E-05	-7.92E-06	-2.15E-05
277	8	0	0	0	0	0	0	232	254	0	-3.22E-05	1.18E-05	-1.37E-05	-2.26E-05
277	9	0	0	0	0	0	0	232	254	0	-3.22E-05	1.18E-05	-1.37E-05	-2.26E-05
277	10	0	0	0	0	0	0	232	254	0	-2.57E-05	1.04E-05	-1.72E-05	-1.80E-05
277	11	0	0	0	0	0	0	232	254	0	-2.57E-05	1.04E-05	-1.72E-05	-1.80E-05
277	12	0	0	0	0	0	0	232	254	0	-1.46E-05	5.78E-06	-1.64E-05	-1.25E-05
277	13	0	0	0	0	0	0	232	254	0	-1.46E-05	5.78E-06	-1.64E-05	-1.25E-05
277	14	0	0	0	0	0	0	232	254	0	-1.63E-05	2.58E-06	-1.46E-05	-8.26E-06
277	15	0	0	0	0	0	0	232	254	0	-2.65E-05	2.98E-06	-1.17E-05	-9.01E-06
277	16	0	0	0	0	0	0	232	254	0	-2.65E-05	2.98E-06	-1.17E-05	-9.01E-06
277	17	0	0	0	0	0	0	232	254	0	-2.57E-05	2.43E-06	-1.12E-05	-1.29E-05
277	18	0	0	0	0	0	0	232	254	0	-2.57E-05	2.43E-06	-1.12E-05	-1.29E-05
277	19	0	0	0	0	0	0	232	254	0	-1.83E-05	3.47E-07	-1.11E-05	-1.62E-05
278	0	0	0	0	0	0	0	232	254	0	-1.83E-05	3.47E-07	-1.11E-05	-1.62E-05
278	1	0	0	0	0	0	0	232	254	0	-1.84E-05	-8.59E-07	-1.12E-05	-1.51E-05
278	2	0	0	0	0	0	0	232	254	0	-1.84E-05	-8.59E-07	-1.12E-05	-1.51E-05
278	3	0	0	0	0	0	0	232	254	0	-2.26E-05	-1.01E-06	-1.08E-05	-8.29E-06
278	4	0	0	0	0	0	0	232	254	0	-3.24E-05	-8.89E-07	-1.01E-05	-6.33E-06
278	5	0	0	0	0	0	0	232	254	0	-3.24E-05	-8.89E-07	-1.01E-05	-6.33E-06
278	6	0	0	0	0	0	0	232	254	0	-3.53E-05	2.55E-07	-1.19E-05	-7.02E-06
278	7	0	0	0	0	0	0	232	254	0	-3.53E-05	2.55E-07	-1.19E-05	-7.02E-06
278	8	0	0	0	0	0	0	232	254	0	-2.63E-05	2.14E-06	-1.46E-05	-5.17E-06
278	9	0	0	0	0	0	0	232	254	0	-2.63E-05	2.14E-06	-1.46E-05	-5.17E-06
278	10	0	0	0	0	0	0	232	254	0	-2.11E-05	1.75E-06	-1.67E-05	-2.45E-06
278	11	0	0	0	0	0	0	232	254	0	-2.11E-05	1.75E-06	-1.67E-05	-2.45E-06
278	12	0	0	0	0	0	0	232	254	0	-2.26E-05	1.18E-06	-1.63E-05	-4.03E-06
278	13	0	0	0	0	0	0	232	254	0	-2.53E-05	2.16E-06	-1.63E-05	-1.17E-05
278	14	0	0	0	0	0	0	232	254	0	-2.53E-05	2.16E-06	-1.63E-05	-1.17E-05
278	15	0	0	0	0	0	0	232	254	0	-2.86E-05	-6.21E-07	-1.42E-05	-2.22E-05
278	16	0	0	0	0	0	0	232	254	0	-2.86E-05	-6.21E-07	-1.42E-05	-2.22E-05
278	17	0	0	0	0	0	0	232	254	0	-3.05E-05	-9.03E-07	-7.99E-06	-2.61E-05
278	18	0	0	0	0	0	0	232	254	0	-3.05E-05	-9.03E-07	-7.99E-06	-2.61E-05
278	19	0	0	0	0	0	0	232	254	0	-3.07E-05	4.03E-06	-9.40E-07	-2.20E-05
279	0	0	0	0	0	0	0	232	254	0	-3.07E-05	4.03E-06	-9.40E-07	-2.20E-05
279	1	0	0	0	0	0	0	232	254	0	-2.54E-05	6.62E-06	3.10E-07	-1.28E-05
279	2	0	0	0	0	0	0	232	254	0	-2.38E-05	7.18E-06	-4.46E-06	-9.69E-06
279	3	0	0	0	0	0	0	232	254	0	-2.38E-05	7.18E-06	-4.46E-06	-9.69E-06
279	4	0	0	0	0	0	0	232	254	0	-2.54E-05	6.78E-06	-1.06E-05	-1.22E-05
279	5	0	0	0	0	0	0	232	254	0	-2.54E-05	6.78E-06	-1.06E-05	-1.22E-05
279	6	0	0	0	0	0	0	232	254	0	-2.14E-05	5.91E-06	-1.35E-05	-1.46E-05
279	7	0	0	0	0	0	0	232	254	0	-2.14E-05	5.91E-06	-1.35E-05	-1.46E-05
279	8	0	0	0	0	0	0	232	254	0	-1.96E-05	4.73E-06	-1.85E-05	-1.73E-05
279	9	0	0	0	0	0	0	232	254	0	-1.96E-05	4.73E-06	-1.85E-05	-1.73E-05
279	10	0	0	0	0	0	0	232	254	0	-1.96E-05	3.69E-06	-2.09E-05	-1.67E-05
279	11	0	0	0	0	0	0	232	254	0	-1.96E-05	3.65E-06	-1.71E-05	-1.21E-05
279	12	0	0	0	0	0	0	232	254	0	-1.96E-05	3.65E-06	-1.71E-05	-1.21E-05
279	13	0	0	0	0	0	0	232	254	0	-1.91E-05	3.24E-06	-1.31E-05	-1.05E-05
279	14	0	0	0	0	0	0	232	254	0	-1.91E-05	3.24E-06	-1.31E-05	-1.05E-05
279	15	0	0	0	0	0	0	232	254	0	-1.67E-05	2.31E-06	-1.16E-05	-1.01E-05
279	16	0	0	0	0	0	0	232	254	0	-1.67E-05	2.31E-06	-1.16E-05	-1.01E-05
279	17	0	0	0	0	0	0	232	254	0	-1.74E-05	1.96E-06	-8.31E-06	-9.46E-06
279	18	0	0	0	0	0	0	232	254	0	-1.74E-05	1.96E-06	-8.31E-06	-9.46E-06
279	19	0	0	0	0	0	0	232	254	0	-1.70E-05	1.55E-06	-3.59E-06	-4.63E-06
280	0	0	0	0	0	0	0	232	254	0	-1.45E-05	1.83E-06	-1.79E-06	-3.21E-06
280	1	0	0	0	0	0	0	232	254	0	-1.45E-05	1.83E-06	-1.79E-06	-3.21E-06
280	2	0	0	0	0	0	0	232	254	0	-1.48E-05	1.74E-06	-3.74E-06	-6.17E-06
280	3	0	0	0	0	0	0	232	254	0	-1.48E-05	1.74E-06	-3.74E-06	-6.17E-06
280	4	0	0	0	0	0	0	232	254	0	-1.59E-05	2.20E-06	-2.81E-06	-8.53E-06
280	5	0	0	0	0	0	0	232	254	0	-1.59E-05	2.20E-06	-2.81E-06	-8.53E-06
280	6	0	0	0	0	0	0	232	254	0	-1.55E-05	2.21E-06	-2.60E-06	-9.82E-06
280	7	0	0	0	0	0	0	232	254	0	-1.55E-05	2.21E-06	-2.60E-06	-9.82E-06
280	8	0	0	0	0	0	0	232	254	0	-1.57E-05	1.33E-06	-3.42E-06	-1.20E-05
280	9	0	0	0	0	0	0	232	254	0	-1.68E-05	2.60E-06	-6.42E-06	-1.45E-05
280	10	0	0	0	0	0	0	232	254	0	-1.68E-05	2.60E-06	-6.42E-06	-1.45E-05
280	11	0	0	0	0	0	0	232	254	0	-1.80E-05	3.23E-06	-1.51E-05	-1.59E-05
280	12	0	0	0	0	0	0	232	254	0	-1.80E-05	3.23E-06	-1.51E-05	-1.59E-05
280	13	0	0	0	0	0	0	232	254	0	-1.86E-05	3.52E-06	-9.81E-06	-1.58E-05
280	14	0	0	0	0	0	0	232	254	0	-1.86E-05	3.52E-06	-9.81E-06	-1.58E-05
280	15	0	0	0	0	0	0	232	254	0	-1.84E-05	3.60E-06	-1.10E-06	-1.50E-05
280	16	0	0	0	0	0	0	232	254	0	-1.84E-05	3.60E-06	-1.10E-06	-1.50E-05
280	17	0	0	0	0	0	0	232	254	0	-1.82E-05	4.24E-06	1.92E-06	-1.37E-05
280	18	0	0	0	0	0	0	232	254	0	-2.04E-05	4.61E-06	4.30E-07	-1.15E-05
280	19	0	0	0	0	0	0	232	254	0	-2.04E-05	4.61E-06	4.30E-07	-1.15E-05
281	0	0	0	0	0	0	0	232	254	0	-2.42E-05	5.16E-06	-6.03E-06	-1.04E-05
281	1	0	0	0	0	0	0	232	254	0	-2.42E-05	5.16E-06	-6.03E-06	-1.04E-05
281	2	0	0	0	0	0	0	232	254	0	-2.56E-05	5.06E-06	-1.26E-05	-9.13E-06
281	3	0	0	0	0	0	0	232	254	0	-2.56E-05	5.06E-06	-1.26E-05	-9.13E-06
281	4	0	0	0	0	0	0	232	254	0	-2.50E-05	6.84E-06	-1.59E-05	-1.11E-05
281	5	0	0	0	0	0	0	232	254	0	-2.50E-05	6.84E-06	-1.59E-05	-1.11E-05
281	6	0	0	0	0	0	0	232	254	0	-2.53E-05	8.97E-06	-1.80E-05	-1.26E-05
281	7	0	0	0	0	0	0	232	254	0	-2.63E-05	8.15E-06	-1.63E-05	-9.73E-06
281	8	0	0	0	0	0	0	232	254	0	-2.63E-05	8.15E-06	-1.63E-05	-9.73E-06
281	9	0	0	0	0	0	0	232	254	0	-2.83E-05	7.49E-06	-1.09E-05	-8.33E-06
281	10	0	0	0	0	0	0	232	254	0	-2.83E-05	7.49E-06	-1.09E-05	-8.33E-06
281	11	0	0	0	0	0	0	232	254	0	-2.73E-05	6.99E-06	-9.92E-06	-7.97E-06
281	12	0	0	0	0	0	0	232	254	0	-2.73E-05	6.99E-06	-9.92E-06	-7.97E-06
281	13	0	0	0	0	0	0	232	254	0	-2.37E-05	6.62E-06	-9.23E-06	-8.44E-06
281	14	0	0	0	0	0	0	232	254	0	-2.37E-05	6.62E-06	-9.23E-06	-8.44E-06
281	15	0	0	0	0	0	0	232	254	0	-1.89E-05	7.24E-06	-2.48E-06	-7.24E-06
281	16	0	0	0	0	0	0	232	254	0	-1.55E-05	7.80E-06	9.64E-07	-4.87E-06
281	17	0	0	0	0	0	0	232	254	0	-1.55E-05	7.80E-06	9.64E-07	-4.87E-06
281	18	0	0	0	0	0	0	232	254	0	-9.67E-06	1.11E-05	4.63E-06	-5.34E-06
281	19	0	0	0	0	0	0	232	254	0	-9.67E-06	1.11E-05	4.63E-06	-5.34E-06
282	0	0	0	0	0	0	0	232	254	0	-9.13E-06	1.23E-05	-5.35E-06	-9.41E-06
282	1	0	0	0	0	0	0	232	254	0	-9.13E-06	1.23E-05	-5.35E-06	-9.41E-06
282	2	0	0	0	0	0	0	232	254	0	-2.00E-05	7.00E-06	-1.90E-05	-1.45E-05
282	3	0	0	0	0	0	0	232	254	0	-2.00E-05	7.00E-06	-1.90E-05	-1.45E-05
282	4	0	0	0	0	0	0	232	254	0	-3.19E-05	5.63E-06	-1.83E-05	-2.42E-05
282	5	0	0	0	0	0	0	232	254	0	-3.32E-05	7.57E-06	-1.80E-05	-2.66E-05
282	6	0	0	0	0	0	0	232	254	0	-3.32E-05	7.57E-06	-1.80E-05	-2.66E-05
282	7	0	0	0	0	0	0	232	254	0	-3.29E-05	7.94E-06	-1.45E-05	-1.54E-05
282	8	0	0	0	0	0	0	232	254	0	-3.29E-05	7.94E-06	-1.45E-05	-1.54E-05
282	9	0	0	0	0	0	0	232	254	0	-3.19E-05	9.63E-06	-6.01E-06	-1.16E-05
282	10	0	0	0	0	0	0	232	254	0	-3.19E-05	9.63E-06	-6.01E-06	-1.16E-05
282	11	0	0	0	0	0	0	232	254	0	-3.08E-05	1.02E-05	-4.69E-06	-1.47E-05
282	12	0	0	0	0	0	0	232	254	0	-3.08E-05	1.02E-05	-4.69E-06	-1.47E-05
282	13	0	0	0	0	0	0	232	254	0	-3.37E-05	1.13E-05	-5.91E-06	-1.55E-05
282	14	0	0	0	0	0	0	232	254	0	-3.29E-05	1.27E-05	-5.76E-06	-1.55E-05
282	15	0	0	0	0	0	0	232	254	0	-3.29E-05	1.27E-05	-5.76E-06	-1.55E-05
282	16	0	0	0	0	0	0	232	254	0	-3.16E-05	1.06E-05	-2.07E-06	-1.40E-05
282	17	0	0	0	0	0	0	232	254	0	-3.16E-05	1.06E-05	-2.07E-06	-1.40E-05
282	18	0	0	0	0	0	0	232	254	0	-3.09E-05	9.41E-06	-1.91E-06	-1.20E-05
282	19	0	0	0	0	0	0	232	254	0	-3.09E-05	9.41E-06	-1.91E-06	-1.20E-05
283	0	0	0	0	0	0	0	232	254	0	-2.93E-05	7.87E-06	-1.66E-05	-1.30E-05
283	1	0	0	0	0	0	0	232	254	0	-2.93E-05	7.87E-06	-1.66E-05	-1.30E-05
283	2	0	0	0	0	0	0	232	254	0	-2.86E-05	5.48E-06	-1.88E-05	-1.32E-05
283	3	0	0	0	0	0	0	232	254	0	-2.89E-05	7.71E-06	-1.58E-05	-1.29E-05
283	4	0	0	0	0	0	0	232	254	0	-2.89E-05	7.71E-06	-1.58E-05	-1.29E-05
283	5	0	0	0	0	0	0	232	254	0	-2.73E-05	8.78E-06	-1.34E-05	-1.32E-05
283	6	0	0	0	0	0	0	232	254	0	-2.73E-05	8.78E-06	-1.34E-05	-1.32E-05
283	7	0	0	0	0	0	0	232	254	0	-2.53E-05	7.81E-06	-1.14E-05	-1.44E-05
283	8	0	0	0	0	0	0	232	254	0	-2.53E-05	7.81E-06	-1.14E-05	-1.44E-05
283	9	0	0	0	0	0	0	232	254	0	-2.50E-05	7.10E-06	-6.51E-06	-1.63E-05
283	10	0	0	0	0	0	0	232	254	0	-2.50E-05	7.10E-06	-6.51E-06	-1.63E-05
283	11	0	0	0	0	0	0	232	254	0	-2.46E-05	6.25E-06	1.79E-06	-1.46E-05
283	12	0	0	0	0	0	0	232	254	0	-2.42E-05	6.64E-06	5.12E-06	-9.51E-06
283	13	0	0	0	0	0	0	232	254	0	-2.42E-05	6.64E-06	5.12E-06	-9.51E-06
283	14	0	0	0	0	0	0	232	254	0	-2.30E-05	7.21E-06	4.06E-06	-9.16E-06
283	15	0	0	0	0	0	0	232	254	0	-2.30E-05	7.21E-06	4.06E-06	-9.16E-06
283	16	0	0	0	0	0	0	232	254	0	-2.31E-05	5.62E-06	-4.59E-07	-9.47E-06
283	17	0	0	0	0	0	0	232	254	0	-2.31E-05	5.62E-06	-4.59E-07	-9.47E-06
283	18	0	0	0	0	0	0	232	254	0	-2.21E-05	3.40E-06	-9.08E-06	-6.54E-06
283	19	0	0	0	0	0	0	232	254	0	-2.21E-05	3.40E-06	-9.08E-06	-6.54E-06
284	0	0	0	0	0	0	0	232	254	0	-2.04E-05	1.14E-06	-1.96E-05	-9.38E-06
284	1	0	0	0	0	0	0	232	254	0	-1.97E-05	1.11E-06	-2.23E-05	-1.16E-05
284	2	0	0	0	0	0	0	232	254	0	-1.97E-05	1.11E-06	-2.23E-05	-1.16E-05
284	3	0	0	0	0	0	0	232	254	0	-1.99E-05	3.25E-06	-2.37E-05	-1.00E-05
284	4	0	0	0	0	0	0	232	254	0	-1.99E-05	3.25E-06	-2.37E-05	-1.00E-05
284	5	0	0	0	0	0	0	232	254	0	-2.03E-05	3.79E-06	-2.47E-05	-8.42E-06
284	6	0	0	0	0	0	0	232	254	0	-2.03E-05	3.79E-06	-2.47E-05	-8.42E-06
284	7	0	0	0	0	0	0	232	254	0	-1.91E-05	4.26E-06	-2.75E-05	-1.01E-05
284	8	0	0	0	0	0	0	232	254	0	-1.91E-05	4.26E-06	-2.75E-05	-1.01E-05
284	9	0	0	0	0	0	0	232	254	0	-1.82E-05	1.95E-06	-2.79E-05	-1.13E-05
284	10	0	0	0	0	0	0	232	254	0	-1.43E-05	1.29E-07	-2.31E-05	-9.45E-06
284	11	0	0	0	0	0	0	232	254	0	-1.43E-05	1.29E-07	-2.31E-05	-9.45E-06
284	12	0	0	0	0	0	0	232	254	0	-9.40E-06	-1.09E-07	-1.01E-05	-8.91E-06
284	13	0	0	0	0	0	0	232	254	0	-9.40E-06	-1.09E-07	-1.01E-05	-8.91E-06
284	14	0	0	0	0	0	0	232	254	0	-7.27E-06	3.55E-07	-3.50E-06	-1.22E-05
284	15	0	0	0	0	0	0	232	254	0	-7.27E-06	3.55E-07	-3.50E-06	-1.22E-05
284	16	0	0	0	0	0	0	232	254	0	-1.07E-05	5.62E-07	4.22E-06	-1.68E-05
284	17	0	0	0	0	0	0	232	254	0	-1.07E-05	5.62E-07	4.22E-06	-1.68E-05
284	18	0	0	0	0	0	0	232	254	0	-1.41E-05	1.14E-06	1.23E-05	-1.27E-05
284	19	0	0	0	0	0	0	232	254	0	-1.60E-05	2.20E-06	3.82E-06	-8.88E-06
285	0	0	0	0	0	0	0	232	254	0	-1.60E-05	2.20E-06	3.82E-06	-8.88E-06
285	1	0	0	0	0	0	0	232	254	0	-1.92E-05	2.37E-06	-8.56E-06	-1.33E-05
285	2	0	0	0	0	0	0	232	254	0	-1.92E-05	2.37E-06	-8.56E-06	-1.33E-05
285	3	0	0	0	0	0	0	232	254	0	-1.77E-05	2.44E-06	-1.15E-05	-1.82E-05
285	4	0	0	0	0	0	0	232	254	0	-1.77E-05	2.44E-06	-1.15E-05	-1.82E-05
285	5	0	0	0	0	0	0	232	254	0	-1.29E-05	1.77E-06	5.55E-06	-1.75E-05
285	6	0	0	0	0	0	0	232	254	0	-1.29E-05	1.77E-06	5.55E-06	-1.75E-05
285	7	0	0	0	0	0	0	232	254	0	-1.14E-05	1.21E-06	1.08E-05	-1.61E-05
285	8	0	0	0	0	0	0	232	254	0	-1.01E-05	1.39E-06	1.34E-06	-1.19E-05
285	9	0	0	0	0	0	0	232	254	0	-1.01E-05	1.39E-06	1.34E-06	-1.19E-05
285	10	0	0	0	0	0	0	232	254	0	-1.01E-05	5.23E-07	-8.04E-06	-9.45E-06
285	11	0	0	0	0	0	0	232	254	0	-1.01E-05	5.23E-07	-8.04E-06	-9.45E-06
285	12	0	0	0	0	0	0	232	254	0	-9.39E-06	6.52E-07	-1.10E-05	-1.36E-05
285	13	0	0	0	0	0	0	232	254	0	-9.39E-06	6.52E-07	-1.10E-05	-1.36E-05
285	14	0	0	0	0	0	0	232	254	0	-1.07E-05	3.46E-07	-5.03E-06	-1.32E-05
285	15	0	0	0	0	0	0	232	254	0	-1.07E-05	3.46E-07	-5.03E-06	-1.32E-05
285	16	0	0	0	0	0	0	232	254	0	-1.15E-05	-1.09E-06	-4.46E-06	-1.28E-05
285	17	0	0	0	0	0	0	232	254	0	-1.10E-05	-3.02E-06	-1.06E-05	-1.59E-05
285	18	0	0	0	0	0	0	232	254	0	-1.10E-05	-3.02E-06	-1.06E-05	-1.59E-05
285	19	0	0	0	0	0	0	232	254	0	-1.17E-05	-2.88E-06	-1.31E-05	-1.54E-05
286	0	0	0	0	0	0	0	232	254	0	-1.17E-05	-2.88E-06	-1.31E-05	-1.54E-05
286	1	0	0	0	0	0	0	232	254	0	-1.26E-05	-1.75E-06	-9.18E-06	-1.27E-05
286	2	0	0	0	0	0	0	232	254	0	-1.26E-05	-1.75E-06	-9.18E-06	-1.27E-05
286	3	0	0	0	0	0	0	232	254	0	-1.37E-05	-1.01E-06	-5.29E-06	-1.33E-05
286	4	0	0	0	0	0	0	232	254	0	-1.37E-05	-1.01E-06	-5.29E-06	-1.33E-05
286	5	0	0	0	0	0	0	232	254	0	-1.46E-05	-1.03E-06	-8.12E-06	-1.33E-05
286	6	0	0	0	0	0	0	232	254	0	-1.59E-05	-9.00E-07	-1.58E-05	-1.04E-05
286	7	0	0	0	0	0	0	232	254	0	-1.59E-05	-9.00E-07	-1.58E-05	-1.04E-05
286	8	0	0	0	0	0	0	232	254	0	-1.65E-05	1.29E-06	-2.20E-05	-5.53E-06
286	9	0	0	0	0	0	0	232	254	0	-1.65E-05	1.29E-06	-2.20E-05	-5.53E-06
286	10	0	0	0	0	0	0	232	254	0	-1.71E-05	2.42E-06	-1.86E-05	-1.71E-05
286	11	0	0	0	0	0	0	232	254	0	-1.71E-05	2.42E-06	-1.86E-05	-1.71E-05
286	12	0	0	0	0	0	0	232	254	0	-1.73E-05	4.20E-06	-7.81E-06	-2.69E-05
286	13	0	0	0	0	0	0	232	254	0	-1.73E-05	4.20E-06	-7.81E-06	-2.69E-05
286	14	0	0	0	0	0	0	232	254	0	-1.73E-05	4.31E-06	-3.05E-06	-1.79E-05
286	15	0	0	0	0	0	0	232	254	0	-1.89E-05	5.52E-06	-1.10E-05	-1.40E-05
286	16	0	0	0	0	0	0	232	254	0	-1.89E-05	5.52E-06	-1.10E-05	-1.40E-05
286	17	0	0	0	0	0	0	232	254	0	-2.08E-05	8.11E-06	-2.21E-05	-1.52E-05
286	18	0	0	0	0	0	0	232	254	0	-2.08E-05	8.11E-06	-2.21E-05	-1.52E-05
286	19	0	0	0	0	0	0	232	254	0	-2.20E-05	9.50E-06	-2.13E-05	-1.67E-05
287	0	0	0	0	0	0	0	232	254	0	-2.20E-05	9.50E-06	-2.13E-05	-1.67E-05
287	1	0	0	0	0	0	0	232	254	0	-2.25E-05	7.66E-06	-1.76E-05	-1.47E-05
287	2	0	0	0	0	0	0	232	254	0	-2.25E-05	7.66E-06	-1.76E-05	-1.47E-05
287	3	0	0	0	0	0	0	232	254	0	-2.36E-05	7.59E-06	-2.03E-05	-1.27E-05
287	4	0	0	0	0	0	0	232	254	0	-2.30E-05	1.04E-05	-1.98E-05	-9.97E-06
287	5	0	0	0	0	0	0	232	254	0	-2.30E-05	1.04E-05	-1.98E-05	-9.97E-06
287	6	0	0	0	0	0	0	232	254	0	-2.27E-05	9.93E-06	-1.71E-05	-2.09E-06
287	7	0	0	0	0	0	0	232	254	0	-2.27E-05	9.93E-06	-1.71E-05	-2.09E-06
287	8	0	0	0	0	0	0	232	254	0	-2.29E-05	8.90E-06	-1.28E-05	3.48E-06
287	9	0	0	0	0	0	0	232	254	0	-2.29E-05	8.90E-06	-1.28E-05	3.48E-06
287	10	0	0	0	0	0	0	232	254	0	-2.21E-05	8.94E-06	-1.12E-05	-3.96E-07
287	11	0	0	0	0	0	0	232	254	0	-2.21E-05	8.94E-06	-1.12E-05	-3.96E-07
287	12	0	0	0	0	0	0	232	254	0	-2.35E-05	9.15E-06	-4.52E-06	-1.89E-05
287	13	0	0	0	0	0	0	232	254	0	-2.51E-05	8.25E-06	2.38E-06	-3.05E-05
287	14	0	0	0	0	0	0	232	254	0	-2.51E-05	8.25E-06	2.38E-06	-3.05E-05
287	15	0	0	0	0	0	0	232	254	0	-2.58E-05	6.03E-06	-4.09E-06	-2.33E-05
287	16	0	0	0	0	0	0	232	254	0	-2.58E-05	6.03E-06	-4.09E-06	-2.33E-05
287	17	0	0	0	0	0	0	232	254	0	-2.51E-05	7.10E-06	-5.30E-06	-2.01E-05
287	18	0	0	0	0	0	0	232	254	0	-2.51E-05	7.10E-06	-5.30E-06	-2.01E-05
287	19	0	0	0	0	0	0	232	254	0	-2.45E-05	6.05E-06	8.32E-06	-1.43E-05
288	0	0	0	0	0	0	0	232	254	0	-2.45E-05	6.05E-06	8.32E-06	-1.43E-05
288	1	0	0	0	0	0	0	232	254	0	-2.46E-05	5.03E-06	8.63E-06	-1.37E-05
288	2	0	0	0	0	0	0	232	254	0	-2.40E-05	6.25E-06	-1.52E-05	-1.73E-05
288	3	0	0	0	0	0	0	232	254	0	-2.40E-05	6.25E-06	-1.52E-05	-1.73E-05
288	4	0	0	0	0	0	0	232	254	0	-2.43E-05	6.29E-06	-2.63E-05	-7.56E-06
288	5	0	0	0	0	0	0	232	254	0	-2.43E-05	6.29E-06	-2.63E-05	-7.56E-06
288	6	0	0	0	0	0	0	232	254	0	-2.36E-05	4.31E-06	-1.82E-05	1.57E-06
288	7	0	0	0	0	0	0	232	254	0	-2.36E-05	4.31E-06	-1.82E-05	1.57E-06
288	8	0	0	0	0	0	0	232	254	0	-2.33E-05	3.90E-06	-7.80E-06	-6.80E-06
288	9	0	0	0	0	0	0	232	254	0	-2.33E-05	3.90E-06	-7.80E-06	-6.80E-06
288	10	0	0	0	0	0	0	232	254	0	-2.44E-05	4.16E-06	-1.21E-05	-1.65E-05
288	11	0	0	0	0	0	0	232	254	0	-2.33E-05	3.78E-06	-2.08E-05	-1.82E-05
288	12	0	0	0	0	0	0	232	254	0	-2.33E-05	3.78E-06	-2.08E-05	-1.82E-05
288	13	0	0	0	0	0	0	232	254	0	-2.32E-05	3.15E-06	-1.38E-05	-1.58E-05
288	14	0	0	0	0	0	0	232	254	0	-2.32E-05	3.15E-06	-1.38E-05	-1.58E-05
288	15	0	0	0	0	0	0	232	254	0	-2.22E-05	2.93E-06	-1.89E-06	-9.00E-06
288	16	0	0	0	0	0	0	232	254	0	-2.22E-05	2.93E-06	-1.89E-06	-9.00E-06
288	17	0	0	0	0	0	0	232	254	0	-2.09E-05	3.41E-06	6.02E-06	-7.53E-06
288	18	0	0	0	0	0	0	232	254	0	-2.09E-05	3.41E-06	6.02E-06	-7.53E-06
288	19	0	0	0	0	0	0	232	254	0	-2.03E-05	2.60E-06	1.02E-05	-9.71E-06
289	0	0	0	0	0	0	0	232	254	0	-1.96E-05	3.31E-06	4.04E-06	-8.13E-06
289	1	0	0	0	0	0	0	232	254	0	-1.96E-05	3.31E-06	4.04E-06	-8.13E-06
289	2	0	0	0	0	0	0	232	254	0	-1.85E-05	4.16E-06	-2.85E-06	-7.80E-06
289	3	0	0	0	0	0	0	232	254	0	-1.85E-05	4.16E-06	-2.85E-06	-7.80E-06
289	4	0	0	0	0	0	0	232	254	0	-1.99E-05	3.78E-06	-8.28E-06	-1.13E-05
289	5	0	0	0	0	0	0	232	254	0	-1.99E-05	3.78E-06	-8.28E-06	-1.13E-05
289	6	0	0	0	0	0	0	232	254	0	-1.92E-05	3.31E-06	-1.12E-05	-1.57E-05
289	7	0	0	0	0	0	0	232	254	0	-1.92E-05	3.31E-06	-1.12E-05	-1.57E-05
289	8	0	0	0	0	0	0	232	254	0	-1.73E-05	4.24E-06	-1.02E-05	-2.64E-05
289	9	0	0	0	0	0	0	232	254	0	-1.72E-05	4.55E-06	-4.00E-06	-2.42E-05
289	10	0	0	0	0	0	0	232	254	0	-1.72E-05	4.55E-06	-4.00E-06	-2.42E-05
289	11	0	0	0	0	0	0	232	254	0	-1.70E-05	4.74E-06	1.93E-06	-1.27E-05
289	12	0	0	0	0	0	0	232	254	0	-1.70E-05	4.74E-06	1.93E-06	-1.27E-05
289	13	0	0	0	0	0	0	232	254	0	-1.79E-05	5.04E-06	-3.25E-06	-8.54E-06
289	14	0	0	0	0	0	0	232	254	0	-1.79E-05	5.04E-06	-3.25E-06	-8.54E-06
289	15	0	0	0	0	0	0	232	254	0	-1.98E-05	5.06E-06	-8.71E-06	-1.11E-05
289	16	0	0	0	0	0	0	232	254	0	-1.98E-05	5.06E-06	-8.71E-06	-1.11E-05
289	17	0	0	0	0	0	0	232	254	0	-2.02E-05	5.16E-06	-8.58E-06	-1.25E-05
289	18	0	0	0	0	0	0	232	254	0	-2.18E-05	4.89E-06	-8.89E-06	-1.42E-05
289	19	0	0	0	0	0	0	232	254	0	-2.18E-05	4.89E-06	-8.89E-06	-1.42E-05
290	0	0	0	0	0	0	0	232	254	0	-2.29E-05	5.17E-06	-1.04E-05	-1.44E-05
290	1	0	0	0	0	0	0	232	254	0	-2.29E-05	5.17E-06	-1.04E-05	-1.44E-05
290	2	0	0	0	0	0	0	232	254	0	-2.45E-05	6.29E-06	-1.34E-05	-1.33E-05
290	3	0	0	0	0	0	0	232	254	0	-2.45E-05	6.29E-06	-1.34E-05	-1.33E-05
290	4	0	0	0	0	0	0	232	254	0	-2.53E-05	6.80E-06	-1.72E-05	-1.34E-05
290	5	0	0	0	0	0	0	232	254	0	-2.53E-05	6.80E-06	-1.72E-05	-1.34E-05
290	6	0	0	0	0	0	0	232	254	0	-2.50E-05	6.29E-06	-2.17E-05	-1.23E-05
290	7	0	0	0	0	0	0	232	254	0	-2.48E-05	6.72E-06	-2.19E-05	-1.30E-05
290	8	0	0	0	0	0	0	232	254	0	-2.48E-05	6.72E-06	-2.19E-05	-1.30E-05
290	9	0	0	0	0	0	0	232	254	0	-2.55E-05	5.32E-06	-2.39E-05	-1.35E-05
290	10	0	0	0	0	0	0	232	254	0	-2.55E-05	5.32E-06	-2.39E-05	-1.35E-05
290	11	0	0	0	0	0	0	232	254	0	-2.37E-05	3.61E-06	-2.63E-05	-1.31E-05
290	12	0	0	0	0	0	0	232	254	0	-2.37E-05	3.61E-06	-2.63E-05	-1.31E-05
290	13	0	0	0	0	0	0	232	254	0	-2.14E-05	3.34E-06	-2.84E-05	-1.32E-05
290	14	0	0	0	0	0	0	232	254	0	-2.14E-05	3.34E-06	-2.84E-05	-1.32E-05
290	15	0	0	0	0	0	0	232	254	0	-2.15E-05	5.57E-06	-2.63E-05	-1.33E-05
290	16	0	0	0	0	0	0	232	254	0	-2.07E-05	4.45E-06	-8.59E-06	-1.03E-05
290	17	0	0	0	0	0	0	232	254	0	-2.07E-05	4.45E-06	-8.59E-06	-1.03E-05
290	18	0	0	0	0	0	0	232	254	0	-2.11E-05	4.16E-06	6.51E-06	-5.26E-06
290	19	0	0	0	0	0	0	232	254	0	-2.11E-05	4.16E-06	6.51E-06	-5.26E-06
291	0	0	0	0	0	0	0	232	254	0	-2.19E-05	6.16E-06	1.91E-05	-6.52E-07
291	1	0	0	0	0	0	0	232	254	0	-2.19E-05	6.16E-06	1.91E-05	-6.52E-07
291	2	0	0	0	0	0	0	232	254	0	-2.11E-05	4.49E-06	2.78E-05	-8.98E-07
291	3	0	0	0	0	0	0	232	254	0	-2.11E-05	4.49E-06	2.78E-05	-8.98E-07
291	4	0	0	0	0	0	0	232	254	0	-2.08E-05	4.37E-06	9.08E-06	-3.82E-06
291	5	0	0	0	0	0	0	232	254	0	-2.11E-05	5.73E-06	-7.97E-06	-3.01E-06
291	6	0	0	0	0	0	0	232	254	0	-2.11E-05	5.73E-06	-7.97E-06	-3.01E-06
291	7	0	0	0	0	0	0	232	254	0	-2.21E-05	5.64E-06	-1.41E-05	1.30E-07
291	8	0	0	0	0	0	0	232	254	0	-2.21E-05	5.64E-06	-1.41E-05	1.30E-07
291	9	0	0	0	0	0	0	232	254	0	-2.27E-05	3.76E-06	-1.82E-05	-6.86E-06
291	10	0	0	0	0	0	0	232	254	0	-2.27E-05	3.76E-06	-1.82E-05	-6.86E-06
291	11	0	0	0	0	0	0	232	254	0	-2.29E-05	3.18E-06	-2.19E-05	-1.95E-05
291	12	0	0	0	0	0	0	232	254	0	-2.29E-05	3.18E-06	-2.19E-05	-1.95E-05
291	13	0	0	0	0	0	0	232	254	0	-2.21E-05	4.44E-06	-1.77E-05	-1.91E-05
291	14	0	0	0	0	0	0	232	254	0	-2.30E-05	5.17E-06	-1.40E-05	-6.63E-06
291	15	0	0	0	0	0	0	232	254	0	-2.30E-05	5.17E-06	-1.40E-05	-6.63E-06
291	16	0	0	0	0	0	0	232	254	0	-2.29E-05	6.19E-06	-1.64E-05	-4.19E-06
291	17	0	0	0	0	0	0	232	254	0	-2.29E-05	6.19E-06	-1.64E-05	-4.19E-06
291	18	0	0	0	0	0	0	232	254	0	-2.46E-05	6.06E-06	-1.39E-05	-2.10E-05
291	19	0	0	0	0	0	0	232	254	0	-2.46E-05	6.06E-06	-1.39E-05	-2.10E-05
292	0	0	0	0	0	0	0	232	254	0	-2.64E-05	6.17E-06	-9.65E-06	-3.34E-05
292	1	0	0	0	0	0	0	232	254	0	-2.64E-05	6.17E-06	-9.65E-06	-3.34E-05
292	2	0	0	0	0	0	0	232	254	0	-2.64E-05	5.72E-06	-4.73E-06	-2.81E-05
292	3	0	0	0	0	0	0	232	254	0	-2.57E-05	4.41E-06	-1.21E-06	-2.38E-05
292	4	0	0	0	0	0	0	232	254	0	-2.57E-05	4.41E-06	-1.21E-06	-2.38E-05
292	5	0	0	0	0	0	0	232	254	0	-2.46E-05	3.49E-06	-1.61E-06	-1.66E-05
292	6	0	0	0	0	0	0	232	254	0	-2.46E-05	3.49E-06	-1.61E-06	-1.66E-05
292	7	0	0	0	0	0	0	232	254	0	-2.38E-05	3.43E-06	-2.72E-06	-1.12E-05
292	8	0	0	0	0	0	0	232	254	0	-2.38E-05	3.43E-06	-2.72E-06	-1.12E-05
292	9	0	0	0	0	0	0	232	254	0	-2.27E-05	5.24E-06	-5.93E-06	-8.48E-06
292	10	0	0	0	0	0	0	232	254	0	-2.27E-05	5.24E-06	-5.93E-06	-8.48E-06
292	11	0	0	0	0	0	0	232	254	0	-2.33E-05	5.54E-06	-9.17E-06	-7.63E-06
292	12	0	0	0	0	0	0	232	254	0	-2.52E-05	5.54E-06	-1.13E-05	-6.02E-06
292	13	0	0	0	0	0	0	232	254	0	-2.52E-05	5.54E-06	-1.13E-05	-6.02E-06
292	14	0	0	0	0	0	0	232	254	0	-2.57E-05	5.58E-06	-1.16E-05	-9.32E-06
292	15	0	0	0	0	0	0	232	254	0	-2.57E-05	5.58E-06	-1.16E-05	-9.32E-06
292	16	0	0	0	0	0	0	232	254	0	-2.55E-05	5.84E-06	-1.17E-05	-1.70E-05
292	17	0	0	0	0	0	0	232	254	0	-2.55E-05	5.84E-06	-1.17E-05	-1.70E-05
292	18	0	0	0	0	0	0	232	254	0	-2.41E-05	5.54E-06	-1.26E-05	-2.27E-05
292	19	0	0	0	0	0	0	232	254	0	-2.41E-05	5.54E-06	-1.26E-05	-2.27E-05
293	0	0	0	0	0	0	0	232	254	0	-2.24E-05	5.74E-06	-1.11E-05	-2.74E-05
293	1	0	0	0	0	0	0	232	254	0	-2.31E-05	7.08E-06	-9.68E-06	-2.21E-05
293	2	0	0	0	0	0	0	232	254	0	-2.31E-05	7.08E-06	-9.68E-06	-2.21E-05
293	3	0	0	0	0	0	0	232	254	0	-2.34E-05	5.94E-06	-9.27E-06	-9.74E-06
293	4	0	0	0	0	0	0	232	254	0	-2.34E-05	5.94E-06	-9.27E-06	-9.74E-06
293	5	0	0	0	0	0	0	232	254	0	-2.27E-05	5.28E-06	-9.65E-06	-5.67E-06
293	6	0	0	0	0	0	0	232	254	0	-2.27E-05	5.28E-06	-9.65E-06	-5.67E-06
293	7	0	0	0	0	0	0	232	254	0	-2.35E-05	5.84E-06	-9.94E-06	-1.32E-05
293	8	0	0	0	0	0	0	232	254	0	-2.35E-05	5.84E-06	-9.94E-06	-1.32E-05
293	9	0	0	0	0	0	0	232	254	0	-2.45E-05	5.62E-06	-7.74E-06	-1.47E-05
293	10	0	0	0	0	0	0	232	254	0	-2.44E-05	6.29E-06	-7.71E-06	-1.00E-05
293	11	0	0	0	0	0	0	232	254	0	-2.44E-05	6.29E-06	-7.71E-06	-1.00E-05
293	12	0	0	0	0	0	0	232	254	0	-2.51E-05	6.68E-06	-6.36E-06	-8.44E-06
293	13	0	0	0	0	0	0	232	254	0	-2.51E-05	6.68E-06	-6.36E-06	-8.44E-06
293	14	0	0	0	0	0	0	232	254	0	-2.46E-05	5.03E-06	-7.02E-06	-7.43E-06
293	15	0	0	0	0	0	0	232	254	0	-2.46E-05	5.03E-06	-7.02E-06	-7.43E-06
293	16	0	0	0	0	0	0	232	254	0	-2.37E-05	3.63E-06	-1.33E-05	-6.68E-06
293	17	0	0	0	0	0	0	232	254	0	-2.37E-05	3.63E-06	-1.33E-05	-6.68E-06
293	18	0	0	0	0	0	0	232	254	0	-2.14E-05	3.27E-06	-1.49E-05	-8.73E-06
293	19	0	0	0	0	0	0	232	254	0	-1.96E-05	3.84E-06	-1.32E-05	-1.53E-05
294	0	0	0	0	0	0	0	232	254	0	-1.96E-05	3.84E-06	-1.32E-05	-1.53E-05
294	1	0	0	0	0	0	0	232	254	0	-1.97E-05	3.63E-06	-1.27E-05	-6.23E-06
294	2	0	0	0	0	0	0	232	254	0	-1.97E-05	3.63E-06	-1.27E-05	-6.23E-06
294	3	0	0	0	0	0	0	232	254	0	-2.02E-05	3.27E-06	-1.38E-05	2.69E-06
294	4	0	0	0	0	0	0	232	254	0	-2.02E-05	3.27E-06	-1.38E-05	2.69E-06
294	5	0	0	0	0	0	0	232	254	0	-1.91E-05	3.86E-06	-1.53E-05	-5.10E-06
294	6	0	0	0	0	0	0	232	254	0	-1.91E-05	3.86E-06	-1.53E-05	-5.10E-06
294	7	0	0	0	0	0	0	232	254	0	-1.79E-05	3.90E-06	-1.22E-05	-8.97E-06
294	8	0	0	0	0	0	0	232	254	0	-1.71E-05	4.35E-06	-5.92E-06	-2.79E-05
294	9	0	0	0	0	0	0	232	254	0	-1.71E-05	4.35E-06	-5.92E-06	-2.79E-05
294	10	0	0	0	0	0	0	232	254	0	-1.58E-05	5.48E-06	-4.65E-07	-4.86E-05
294	11	0	0	0	0	0	0	232	254	0	-1.58E-05	5.48E-06	-4.65E-07	-4.86E-05
294	12	0	0	0	0	0	0	232	254	0	-1.77E-05	4.88E-06	3.72E-06	-1.42E-05
294	13	0	0	0	0	0	0	232	254	0	-1.77E-05	4.88E-06	3.72E-06	-1.42E-05
294	14	0	0	0	0	0	0	232	254	0	-2.08E-05	3.79E-06	-7.04E-06	2.14E-05
294	15	0	0	0	0	0	0	232	254	0	-2.08E-05	3.79E-06	-7.04E-06	2.14E-05
294	16	0	0	0	0	0	0	232	254	0	-2.21E-05	4.55E-06	-2.34E-05	1.48E-05
294	17	0	0	0	0	0	0	232	254	0	-2.32E-05	4.84E-06	-2.24E-05	-6.17E-06
294	18	0	0	0	0	0	0	232	254	0	-2.32E-05	4.84E-06	-2.24E-05	-6.17E-06
294	19	0	0	0	0	0	0	232	254	0	-2.34E-05	6.01E-06	-1.01E-05	-2.27E-05
295	0	0	0	0	0	0	0	232	254	0	-2.34E-05	6.01E-06	-1.01E-05	-2.27E-05
295	1	0	0	0	0	0	0	232	254	0	-2.14E-05	6.91E-06	-5.84E-06	-3.54E-05
295	2	0	0	0	0	0	0	232	254	0	-2.14E-05	6.91E-06	-5.84E-06	-3.54E-05
295	3	0	0	0	0	0	0	232	254	0	-2.18E-05	5.91E-06	-2.80E-06	-3.43E-05
295	4	0	0	0	0	0	0	232	254	0	-2.18E-05	5.91E-06	-2.80E-06	-3.43E-05
295	5	0	0	0	0	0	0	232	254	0	-2.28E-05	6.25E-06	-1.33E-06	-2.80E-05
295	6	0	0	0	0	0	0	232	254	0	-2.08E-05	6.55E-06	-3.13E-06	-2.59E-05
295	7	0	0	0	0	0	0	232	254	0	-2.08E-05	6.55E-06	-3.13E-06	-2.59E-05
295	8	0	0	0	0	0	0	232	254	0	-1.94E-05	6.63E-06	-8.45E-06	-1.34E-05
295	9	0	0	0	0	0	0	232	254	0	-1.94E-05	6.63E-06	-8.45E-06	-1.34E-05
295	10	0	0	0	0	0	0	232	254	0	-2.05E-05	7.10E-06	-1.41E-05	-1.57E-07
295	11	0	0	0	0	0	0	232	254	0	-2.05E-05	7.10E-06	-1.41E-05	-1.57E-07
295	12	0	0	0	0	0	0	232	254	0	-2.18E-05	6.39E-06	-1.48E-05	-9.92E-06
295	13	0	0	0	0	0	0	232	254	0	-2.18E-05	6.39E-06	-1.48E-05	-9.92E-06
295	14	0	0	0	0	0	0	232	254	0	-2.27E-05	7.74E-06	-9.61E-06	-1.67E-05
295	15	0	0	0	0	0	0	232	254	0	-2.24E-05	7.73E-06	-4.20E-06	-1.18E-05
295	16	0	0	0	0	0	0	232	254	0	-2.24E-05	7.73E-06	-4.20E-06	-1.18E-05
295	17	0	0	0	0	0	0	232	254	0	-2.02E-05	6.31E-06	9.18E-07	-2.88E-05
295	18	0	0	0	0	0	0	232	254	0	-2.02E-05	6.31E-06	9.18E-07	-2.88E-05
295	19	0	0	0	0	0	0	232	254	0	-1.96E-05	4.61E-06	1.61E-06	-2.82E-05
296	0	0	0	0	0	0	0	232	254	0	-1.96E-05	4.61E-06	1.61E-06	-2.82E-05
296	1	0	0	0	0	0	0	232	254	0	-1.91E-05	5.24E-06	1.70E-06	-1.90E-05
296	2	0	0	0	0	0	0	232	254	0	-1.91E-05	5.24E-06	1.70E-06	-1.90E-05
296	3	0	0	0	0	0	0	232	254	0	-2.05E-05	5.38E-06	-3.66E-06	-1.66E-05
296	4	0	0	0	0	0	0	232	254	0	-2.21E-05	4.08E-06	-7.55E-06	-1.52E-05
296	5	0	0	0	0	0	0	232	254	0	-2.21E-05	4.08E-06	-7.55E-06	-1.52E-05
296	6	0	0	0	0	0	0	232	254	0	-2.15E-05	3.29E-06	-1.03E-05	-3.84E-06
296	7	0	0	0	0	0	0	232	254	0	-2.15E-05	3.29E-06	-1.03E-05	-3.84E-06
296	8	0	0	0	0	0	0	232	254	0	-2.31E-05	4.09E-06	-1.22E-05	-1.53E-06
296	9	0	0	0	0	0	0	232	254	0	-2.31E-05	4.09E-06	-1.22E-05	-1.53E-06
296	10	0	0	0	0	0	0	232	254	0	-2.36E-05	4.49E-06	-1.05E-05	-3.37E-06
296	11	0	0	0	0	0	0	232	254	0	-2.36E-05	4.49E-06	-1.05E-05	-3.37E-06
296	12	0	0	0	0	0	0	232	254	0	-2.28E-05	4.22E-06	-9.46E-06	3.68E-06
296	13	0	0	0	0	0	0	232	254	0	-2.14E-05	4.58E-06	-7.27E-06	9.51E-06
296	14	0	0	0	0	0	0	232	254	0	-2.14E-05	4.58E-06	-7.27E-06	9.51E-06
296	15	0	0	0	0	0	0	232	254	0	-2.18E-05	6.23E-06	-6.91E-06	5.20E-06
296	16	0	0	0	0	0	0	232	254	0	-2.18E-05	6.23E-06	-6.91E-06	5.20E-06
296	17	0	0	0	0	0	0	232	254	0	-2.15E-05	6.40E-06	-1.16E-05	-5.18E-06
296	18	0	0	0	0	0	0	232	254	0	-2.15E-05	6.40E-06	-1.16E-05	-5.18E-06
296	19	0	0	0	0	0	0	232	254	0	-1.93E-05	6.51E-06	-1.68E-05	-8.22E-06
297	0	0	0	0	0	0	0	232	254	0	-1.93E-05	6.51E-06	-1.68E-05	-8.22E-06
297	1	0	0	0	0	0	0	232	254	0	-1.96E-05	6.09E-06	-1.74E-05	-1.39E-05
297	2	0	0	0	0	0	0	232	254	0	-2.03E-05	5.24E-06	-1.41E-05	-1.97E-05
297	3	0	0	0	0	0	0	232	254	0	-2.03E-05	5.24E-06	-1.41E-05	-1.97E-05
297	4	0	0	0	0	0	0	232	254	0	-2.02E-05	5.68E-06	-1.28E-05	-2.80E-05
297	5	0	0	0	0	0	0	232	254	0	-2.02E-05	5.68E-06	-1.28E-05	-2.80E-05
297	6	0	0	0	0	0	0	232	254	0	-2.00E-05	6.46E-06	-1.06E-05	-2.98E-05
297	7	0	0	0	0	0	0	232	254	0	-2.00E-05	6.46E-06	-1.06E-05	-2.98E-05
297	8	0	0	0	0	0	0	232	254	0	-2.23E-05	4.45E-06	-8.32E-06	-2.55E-05
297	9	0	0	0	0	0	0	232	254	0	-2.23E-05	4.45E-06	-8.32E-06	-2.55E-05
297	10	0	0	0	0	0	0	232	254	0	-2.20E-05	4.00E-06	-9.52E-06	-1.73E-05
297	11	0	0	0	0	0	0	232	254	0	-2.12E-05	4.90E-06	-1.29E-05	-2.33E-06
297	12	0	0	0	0	0	0	232	254	0	-2.12E-05	4.90E-06	-1.29E-05	-2.33E-06
297	13	0	0	0	0	0	0	232	254	0	-2.17E-05	3.58E-06	-1.23E-05	-2.66E-06
297	14	0	0	0	0	0	0	232	254	0	-2.17E-05	3.58E-06	-1.23E-05	-2.66E-06
297	15	0	0	0	0	0	0	232	254	0	-2.23E-05	1.47E-06	-1.09E-05	-7.55E-06
297	16	0	0	0	0	0	0	232	254	0	-2.23E-05	1.47E-06	-1.09E-05	-7.55E-06
297	17	0	0	0	0	0	0	232	254	0	-2.23E-05	1.29E-06	-1.49E-05	-1.81E-05
297	18	0	0	0	0	0	0	232	254	0	-2.23E-05	1.29E-06	-1.49E-05	-1.81E-05
297	19	0	0	0	0	0	0	232	254	0	-2.16E-05	2.18E-06	-1.63E-05	-2.03E-05
298	0	0	0	0	0	0	0	232	254	0	-2.05E-05	2.34E-06	-1.12E-05	-9.34E-06
298	1	0	0	0	0	0	0	232	254	0	-2.05E-05	2.34E-06	-1.12E-05	-9.34E-06
298	2	0	0	0	0	0	0	232	254	0	-2.15E-05	3.56E-06	-6.95E-06	-1.95E-05
298	3	0	0	0	0	0	0	232	254	0	-2.15E-05	3.56E-06	-6.95E-06	-1.95E-05
298	4	0	0	0	0	0	0	232	254	0	-2.05E-05	3.98E-06	-6.66E-06	-2.28E-05
298	5	0	0	0	0	0	0	232	254	0	-2.05E-05	3.98E-06	-6.66E-06	-2.28E-05
298	6	0	0	0	0	0	0	232	254	0	-1.98E-05	4.73E-06	-1.06E-05	-1.49E-05
298	7	0	0	0	0	0	0	232	254	0	-1.98E-05	4.73E-06	-1.06E-05	-1.49E-05
298	8	0	0	0	0	0	0	232	254	0	-2.00E-05	3.71E-06	-1.39E-05	-1.13E-05
298	9	0	0	0	0	0	0	232	254	0	-2.00E-05	4.00E-06	-8.62E-06	-3.92E-06
298	10	0	0	0	0	0	0	232	254	0	-2.00E-05	4.00E-06	-8.62E-06	-3.92E-06
298	11	0	0	0	0	0	0	232	254	0	-2.00E-05	4.98E-06	5.40E-06	-2.28E-06
298	12	0	0	0	0	0	0	232	254	0	-2.00E-05	4.98E-06	5.40E-06	-2.28E-06
298	13	0	0	0	0	0	0	232	254	0	-2.03E-05	4.43E-06	1.89E-05	-5.78E-06
298	14	0	0	0	0	0	0	232	254	0	-2.03E-05	4.43E-06	1.89E-05	-5.78E-06
298	15	0	0	0	0	0	0	232	254	0	-1.99E-05	3.71E-06	1.23E-05	-7.63E-06
298	16	0	0	0	0	0	0	232	254	0	-1.99E-05	3.71E-06	1.23E-05	-7.63E-06
298	17	0	0	0	0	0	0	232	254	0	-2.03E-05	3.90E-06	-5.80E-06	-8.11E-06
298	18	0	0	0	0	0	0	232	254	0	-2.05E-05	3.96E-06	-1.28E-05	-7.06E-06
298	19	0	0	0	0	0	0	232	254	0	-2.05E-05	3.96E-06	-1.28E-05	-7.06E-06
299	0	0	0	0	0	0	0	232	254	0	-2.15E-05	2.22E-06	-1.26E-05	-6.57E-06
299	1	0	0	0	0	0	0	232	254	0	-2.15E-05	2.22E-06	-1.26E-05	-6.57E-06
299	2	0	0	0	0	0	0	232	254	0	-2.04E-05	2.64E-06	-9.61E-06	-1.25E-05
299	3	0	0	0	0	0	0	232	254	0	-2.04E-05	2.64E-06	-9.61E-06	-1.25E-05
299	4	0	0	0	0	0	0	232	254	0	-1.83E-05	3.49E-06	-1.30E-05	-1.82E-05
299	5	0	0	0	0	0	0	232	254	0	-1.83E-05	3.49E-06	-1.30E-05	-1.82E-05
299	6	0	0	0	0	0	0	232	254	0	-1.72E-05	3.09E-06	-1.67E-05	-1.74E-05
299	7	0	0	0	0	0	0	232	254	0	-1.88E-05	2.37E-06	-1.33E-05	-1.93E-05
299	8	0	0	0	0	0	0	232	254	0	-1.88E-05	2.37E-06	-1.33E-05	-1.93E-05
299	9	0	0	0	0	0	0	232	254	0	-1.86E-05	2.70E-06	-8.96E-06	-1.87E-05
299	10	0	0	0	0	0	0	232	254	0	-1.86E-05	2.70E-06	-8.96E-06	-1.87E-05
299	11	0	0	0	0	0	0	232	254	0	-1.83E-05	4.21E-06	-3.31E-06	-1.59E-05
299	12	0	0	0	0	0	0	232	254	0	-1.83E-05	4.21E-06	-3.31E-06	-1.59E-05
299	13	0	0	0	0	0	0	232	254	0	-1.87E-05	5.24E-06	-4.91E-06	-1.11E-05
299	14	0	0	0	0	0	0	232	254	0	-1.87E-05	5.24E-06	-4.91E-06	-1.11E-05
299	15	0	0	0	0	0	0	232	254	0	-1.95E-05	2.96E-06	-1.04E-05	-6.01E-06
299	16	0	0	0	0	0	0	232	254	0	-2.09E-05	2.64E-06	-1.18E-05	-5.16E-06
299	17	0	0	0	0	0	0	232	254	0	-2.09E-05	2.64E-06	-1.18E-05	-5.16E-06
299	18	0	0	0	0	0	0	232	254	0	-2.32E-05	3.52E-06	-1.11E-05	-1.07E-05
299	19	0	0	0	0	0	0	232	254	0	-2.32E-05	3.52E-06	-1.11E-05	-1.07E-05
300	0	0	0	0	0	0	0	232	254	0	-2.43E-05	3.49E-06	-1.01E-05	-1.63E-05
300	1	0	0	0	0	0	0	232	254	0	-2.43E-05	3.49E-06	-1.01E-05	-1.63E-05
300	2	0	0	0	0	0	0	232	254	0	-2.38E-05	3.09E-06	-1.21E-05	-1.17E-05
300	3	0	0	0	0	0	0	232	254	0	-2.38E-05	3.09E-06	-1.21E-05	-1.17E-05
300	4	0	0	0	0	0	0	232	254	0	-2.35E-05	2.37E-06	-1.39E-05	-1.34E-05
300	5	0	0	0	0	0	0	232	254	0	-2.26E-05	2.48E-06	-1.90E-05	-1.66E-05
300	6	0	0	0	0	0	0	232	254	0	-2.26E-05	2.48E-06	-1.90E-05	-1.66E-05
300	7	0	0	0	0	0	0	232	254	0	-2.20E-05	2.34E-06	-2.29E-05	-1.40E-05
300	8	0	0	0	0	0	0	232	254	0	-2.20E-05	2.34E-06	-2.29E-05	-1.40E-05
300	9	0	0	0	0	0	0	232	254	0	-2.22E-05	3.96E-06	-2.45E-05	-1.24E-05
300	10	0	0	0	0	0	0	232	254	0	-2.22E-05	3.96E-06	-2.45E-05	-1.24E-05
300	11	0	0	0	0	0	0	232	254	0	-2.15E-05	7.08E-06	-2.57E-05	-1.35E-05
300	12	0	0	0	0	0	0	232	254	0	-2.15E-05	7.08E-06	-2.57E-05	-1.35E-05
300	13	0	0	0	0	0	0	232	254	0	-2.09E-05	6.06E-06	-2.55E-05	-1.30E-05
300	14	0	0	0	0	0	0	232	254	0	-2.31E-05	6.25E-06	-2.31E-05	-1.21E-05
300	15	0	0	0	0	0	0	232	254	0	-2.31E-05	6.25E-06	-2.31E-05	-1.21E-05
300	16	0	0	0	0	0	0	232	254	0	-2.38E-05	6.39E-06	-1.47E-05	-1.04E-05
300	17	0	0	0	0	0	0	232	254	0	-2.38E-05	6.39E-06	-1.47E-05	-1.04E-05
300	18	0	0	0	0	0	0	232	254	0	-2.46E-05	4.89E-06	1.04E-06	-6.66E-06
300	19	0	0	0	0	0	0	232	254	0	-2.46E-05	4.89E-06	1.04E-06	-6.66E-06
301	0	0	0	0	0	0	0	232	254	0	-2.49E-05	2.54E-06	1.09E-05	-7.63E-06
301	1	0	0	0	0	0	0	232	254	0	-2.49E-05	2.54E-06	1.09E-05	-7.63E-06
301	2	0	0	0	0	0	0	232	254	0	-2.28E-05	2.88E-06	1.54E-05	-8.15E-06
301	3	0	0	0	0	0	0	232	254	0	-2.01E-05	4.46E-06	1.27E-07	-7.79E-06
301	4	0	0	0	0	0	0	232	254	0	-2.01E-05	4.46E-06	1.27E-07	-7.79E-06
301	5	0	0	0	0	0	0	232	254	0	-2.12E-05	5.36E-06	-8.95E-06	-9.33E-06
301	6	0	0	0	0	0	0	232	254	0	-2.12E-05	5.36E-06	-8.95E-06	-9.33E-06
301	7	0	0	0	0	0	0	232	254	0	-2.27E-05	6.45E-06	8.89E-07	-7.73E-06
301	8	0	0	0	0	0	0	232	254	0	-2.27E-05	6.45E-06	8.89E-07	-7.73E-06
301	9	0	0	0	0	0	0	232	254	0	-2.40E-05	5.71E-06	1.25E-06	-9.42E-06
301	10	0	0	0	0	0	0	232	254	0	-2.40E-05	5.71E-06	1.25E-06	-9.42E-06
301	11	0	0	0	0	0	0	232	254	0	-2.37E-05	5.59E-06	-8.58E-06	-1.31E-05
301	12	0	0	0	0	0	0	232	254	0	-2.42E-05	4.52E-06	-1.10E-05	-2.10E-05
301	13	0	0	0	0	0	0	232	254	0	-2.42E-05	4.52E-06	-1.10E-05	-2.10E-05
301	14	0	0	0	0	0	0	232	254	0	-2.26E-05	3.23E-06	-8.78E-06	-2.29E-05
301	15	0	0	0	0	0	0	232	254	0	-2.26E-05	3.23E-06	-8.78E-06	-2.29E-05
301	16	0	0	0	0	0	0	232	254	0	-1.84E-05	3.60E-06	-8.19E-06	-1.72E-05
301	17	0	0	0	0	0	0	232	254	0	-1.84E-05	3.60E-06	-8.19E-06	-1.72E-05
301	18	0	0	0	0	0	0	232	254	0	-1.09E-05	4.47E-06	-1.06E-05	-8.55E-06
301	19	0	0	0	0	0	0	232	254	0	-1.09E-05	4.47E-06	-1.06E-05	-8.55E-06
302	0	0	0	0	0	0	0	232	254	0	-4.40E-06	6.70E-06	-1.21E-05	-5.23E-06
302	1	0	0	0	0	0	0	232	254	0	-1.20E-05	7.79E-06	-1.07E-05	-1.02E-05
302	2	0	0	0	0	0	0	232	254	0	-1.20E-05	7.79E-06	-1.07E-05	-1.02E-05
302	3	0	0	0	0	0	0	232	254	0	-1.98E-05	6.87E-06	-7.71E-06	-1.88E-05
302	4	0	0	0	0	0	0	232	254	0	-1.98E-05	6.87E-06	-7.71E-06	-1.88E-05
302	5	0	0	0	0	0	0	232	254	0	-1.87E-05	5.42E-06	-6.20E-06	-2.89E-05
302	6	0	0	0	0	0	0	232	254	0	-1.87E-05	5.42E-06	-6.20E-06	-2.89E-05
302	7	0	0	0	0	0	0	232	254	0	-1.95E-05	4.65E-06	-4.87E-06	-1.97E-05
302	8	0	0	0	0	0	0	232	254	0	-1.95E-05	4.65E-06	-4.87E-06	-1.97E-05
302	9	0	0	0	0	0	0	232	254	0	-2.39E-05	5.64E-06	-5.18E-06	-1.26E-05
302	10	0	0	0	0	0	0	232	254	0	-2.56E-05	6.40E-06	-7.97E-06	-1.54E-05
302	11	0	0	0	0	0	0	232	254	0	-2.56E-05	6.40E-06	-7.97E-06	-1.54E-05
302	12	0	0	0	0	0	0	232	254	0	-2.54E-05	6.43E-06	-1.12E-05	-1.65E-05
302	13	0	0	0	0	0	0	232	254	0	-2.54E-05	6.43E-06	-1.12E-05	-1.65E-05
302	14	0	0	0	0	0	0	232	254	0	-2.56E-05	5.58E-06	-1.19E-05	-7.38E-06
302	15	0	0	0	0	0	0	232	254	0	-2.56E-05	5.58E-06	-1.19E-05	-7.38E-06
302	16	0	0	0	0	0	0	232	254	0	-2.37E-05	5.95E-06	-8.22E-06	-5.42E-06
302	17	0	0	0	0	0	0	232	254	0	-2.37E-05	5.95E-06	-8.22E-06	-5.42E-06
302	18	0	0	0	0	0	0	232	254	0	-2.37E-05	6.45E-06	-8.30E-06	-1.02E-05
302	19	0	0	0	0	0	0	232	254	0	-2.34E-05	5.65E-06	-8.70E-06	-1.47E-05
303	0	0	0	0	0	0	0	232	254	0	-2.34E-05	5.65E-06	-8.70E-06	-1.47E-05
303	1	0	0	0	0	0	0	232	254	0	-2.15E-05	5.34E-06	-7.38E-06	-1.29E-05
303	2	0	0	0	0	0	0	232	254	0	-2.15E-05	5.34E-06	-7.38E-06	-1.29E-05
303	3	0	0	0	0	0	0	232	254	0	-2.28E-05	6.36E-06	-9.75E-06	-1.19E-05
303	4	0	0	0	0	0	0	232	254	0	-2.28E-05	6.36E-06	-9.75E-06	-1.19E-05
303	5	0	0	0	0	0	0	232	254	0	-2.40E-05	6.09E-06	-1.96E-05	-1.42E-05
303	6	0	0	0	0	0	0	232	254	0	-2.40E-05	6.09E-06	-1.96E-05	-1.42E-05
303	7	0	0	0	0	0	0	232	254	0	-2.48E-05	5.12E-06	-2.64E-05	-1.47E-05
303	8	0	0	0	0	0	0	232	254	0	-2.41E-05	4.53E-06	-2.42E-05	-1.52E-05
303	9	0	0	0	0	0	0	232	254	0	-2.41E-05	4.53E-06	-2.42E-05	-1.52E-05
303	10	0	0	0	0	0	0	232	254	0	-2.27E-05	4.41E-06	-2.35E-05	-1.47E-05
303	11	0	0	0	0	0	0	232	254	0	-2.27E-05	4.41E-06	-2.35E-05	-1.47E-05
303	12	0	0	0	0	0	0	232	254	0	-2.29E-05	3.56E-06	-2.46E-05	-1.28E-05
303	13	0	0	0	0	0	0	232	254	0	-2.29E-05	3.56E-06	-2.46E-05	-1.28E-05
303	14	0	0	0	0	0	0	232	254	0	-2.18E-05	3.78E-06	-2.38E-05	-1.17E-05
303	15	0	0	0	0	0	0	232	254	0	-2.18E-05	3.78E-06	-2.38E-05	-1.17E-05
303	16	0	0	0	0	0	0	232	254	0	-2.08E-05	3.17E-06	-1.21E-05	-1.00E-05
303	17	0	0	0	0	0	0	232	254	0	-2.17E-05	3.10E-06	7.64E-06	-8.24E-06
303	18	0	0	0	0	0	0	232	254	0	-2.17E-05	3.10E-06	7.64E-06	-8.24E-06
303	19	0	0	0	0	0	0	232	254	0	-2.21E-05	3.71E-06	2.33E-05	-8.45E-06
304	0	0	0	0	0	0	0	232	254	0	-2.21E-05	3.71E-06	2.33E-05	-8.45E-06
304	1	0	0	0	0	0	0	232	254	0	-2.08E-05	4.02E-06	2.16E-05	-9.17E-06
304	2	0	0	0	0	0	0	232	254	0	-2.08E-05	4.02E-06	2.16E-05	-9.17E-06
304	3	0	0	0	0	0	0	232	254	0	-2.19E-05	5.18E-06	7.35E-06	-1.16E-05
304	4	0	0	0	0	0	0	232	254	0	-2.19E-05	5.18E-06	7.35E-06	-1.16E-05
304	5	0	0	0	0	0	0	232	254	0	-2.23E-05	4.92E-06	-4.95E-06	-1.44E-05
304	6	0	0	0	0	0	0	232	254	0	-2.11E-05	3.93E-06	-1.08E-05	-1.44E-05
304	7	0	0	0	0	0	0	232	254	0	-2.11E-05	3.93E-06	-1.08E-05	-1.44E-05
304	8	0	0	0	0	0	0	232	254	0	-2.09E-05	3.27E-06	-1.16E-05	-1.51E-05
304	9	0	0	0	0	0	0	232	254	0	-2.09E-05	3.27E-06	-1.16E-05	-1.51E-05
304	10	0	0	0	0	0	0	232	254	0	-2.00E-05	3.94E-06	-7.22E-06	-1.51E-05
304	11	0	0	0	0	0	0	232	254	0	-2.00E-05	3.94E-06	-7.22E-06	-1.51E-05
304	12	0	0	0	0	0	0	232	254	0	-2.00E-05	4.59E-06	-1.01E-05	-1.49E-05
304	13	0	0	0	0	0	0	232	254	0	-2.00E-05	4.59E-06	-1.01E-05	-1.49E-05
304	14	0	0	0	0	0	0	232	254	0	-2.00E-05	4.88E-06	-1.21E-05	-1.46E-05
304	15	0	0	0	0	0	0	232	254	0	-2.02E-05	3.69E-06	-5.99E-06	-1.45E-05
304	16	0	0	0	0	0	0	232	254	0	-2.02E-05	3.69E-06	-5.99E-06	-1.45E-05
304	17	0	0	0	0	0	0	232	254	0	-2.15E-05	3.77E-06	-4.94E-06	-1.52E-05
304	18	0	0	0	0	0	0	232	254	0	-2.15E-05	3.77E-06	-4.94E-06	-1.52E-05
304	19	0	0	0	0	0	0	232	254	0	-2.17E-05	4.52E-06	-9.47E-06	-1.41E-05
305	0	0	0	0	0	0	0	232	254	0	-2.17E-05	4.52E-06	-9.47E-06	-1.41E-05
305	1	0	0	0	0	0	0	232	254	0	-2.17E-05	5.69E-06	-1.11E-05	-1.28E-05
305	2	0	0	0	0	0	0	232	254	0	-2.17E-05	5.69E-06	-1.11E-05	-1.28E-05
305	3	0	0	0	0	0	0	232	254	0	-2.20E-05	5.32E-06	-1.03E-05	-1.05E-05
305	4	0	0	0	0	0	0	232	254	0	-2.21E-05	3.65E-06	-1.08E-05	-9.81E-06
305	5	0	0	0	0	0	0	232	254	0	-2.21E-05	3.65E-06	-1.08E-05	-9.81E-06
305	6	0	0	0	0	0	0	232	254	0	-2.05E-05	3.50E-06	-1.24E-05	-1.23E-05
305	7	0	0	0	0	0	0	232	254	0	-2.05E-05	3.50E-06	-1.24E-05	-1.23E-05
305	8	0	0	0	0	0	0	232	254	0	-1.98E-05	4.41E-06	-1.32E-05	-1.79E-05
305	9	0	0	0	0	0	0	232	254	0	-1.98E-05	4.41E-06	-1.32E-05	-1.79E-05
305	10	0	0	0	0	0	0	232	254	0	-2.11E-05	3.49E-06	-1.23E-05	-1.89E-05
305	11	0	0	0	0	0	0	232	254	0	-2.11E-05	3.49E-06	-1.23E-05	-1.89E-05
305	12	0	0	0	0	0	0	232	254	0	-2.09E-05	3.39E-06	-1.10E-05	-1.12E-05
305	13	0	0	0	0	0	0	232	254	0	-1.99E-05	4.91E-06	-8.99E-06	-1.09E-05
305	14	0	0	0	0	0	0	232	254	0	-1.99E-05	4.91E-06	-8.99E-06	-1.09E-05
305	15	0	0	0	0	0	0	232	254	0	-1.91E-05	5.12E-06	-7.32E-06	-1.36E-05
305	16	0	0	0	0	0	0	232	254	0	-1.91E-05	5.12E-06	-7.32E-06	-1.36E-05
305	17	0	0	0	0	0	0	232	254	0	-2.00E-05	4.57E-06	-8.27E-06	-1.37E-05
305	18	0	0	0	0	0	0	232	254	0	-2.00E-05	4.57E-06	-8.27E-06	-1.37E-05
305	19	0	0	0	0	0	0	232	254	0	-1.91E-05	4.97E-06	-9.88E-06	-1.40E-05
306	0	0	0	0	0	0	0	232	254	0	-1.91E-05	4.97E-06	-9.88E-06	-1.40E-05
306	1	0	0	0	0	0	0	232	254	0	-1.76E-05	5.73E-06	-9.91E-06	-1.22E-05
306	2	0	0	0	0	0	0	232	254	0	-1.74E-05	5.95E-06	-1.15E-05	-1.17E-05
306	3	0	0	0	0	0	0	232	254	0	-1.74E-05	5.95E-06	-1.15E-05	-1.17E-05
306	4	0	0	0	0	0	0	232	254	0	-1.84E-05	6.35E-06	-1.37E-05	-1.26E-05
306	5	0	0	0	0	0	0	232	254	0	-1.84E-05	6.35E-06	-1.37E-05	-1.26E-05
306	6	0	0	0	0	0	0	232	254	0	-1.75E-05	4.67E-06	-1.66E-05	-1.23E-05
306	7	0	0	0	0	0	0	232	254	0	-1.75E-05	4.67E-06	-1.66E-05	-1.23E-05
306	8	0	0	0	0	0	0	232	254	0	-1.66E-05	3.11E-06	-1.56E-05	-1.17E-05
306	9	0	0	0	0	0	0	232	254	0	-1.66E-05	3.11E-06	-1.56E-05	-1.17E-05
306	10	0	0	0	0	0	0	232	254	0	-1.90E-05	2.64E-06	-1.11E-05	-1.13E-05
306	11	0	0	0	0	0	0	232	254	0	-1.91E-05	3.56E-06	-1.34E-05	-1.05E-05
306	12	0	0	0	0	0	0	232	254	0	-1.91E-05	3.56E-06	-1.34E-05	-1.05E-05
306	13	0	0	0	0	0	0	232	254	0	-1.75E-05	3.74E-06	-1.61E-05	-1.19E-05
306	14	0	0	0	0	0	0	232	254	0	-1.75E-05	3.74E-06	-1.61E-05	-1.19E-05
306	15	0	0	0	0	0	0	232	254	0	-1.82E-05	2.89E-06	-1.18E-05	-9.70E-06
306	16	0	0	0	0	0	0	232	254	0	-1.82E-05	2.89E-06	-1.18E-05	-9.70E-06
306	17	0	0	0	0	0	0	232	254	0	-2.06E-05	3.39E-06	-8.78E-06	-6.44E-06
306	18	0	0	0	0	0	0	232	254	0	-2.06E-05	3.39E-06	-8.78E-06	-6.44E-06
306	19	0	0	0	0	0	0	232	254	0	-2.35E-05	4.99E-06	-1.32E-05	-1.25E-05
307	0	0	0	0	0	0	0	232	254	0	-2.62E-05	5.99E-06	-1.48E-05	-1.70E-05
307	1	0	0	0	0	0	0	232	254	0	-2.62E-05	5.99E-06	-1.48E-05	-1.70E-05
307	2	0	0	0	0	0	0	232	254	0	-2.72E-05	6.74E-06	-1.34E-05	-1.66E-05
307	3	0	0	0	0	0	0	232	254	0	-2.72E-05	6.74E-06	-1.34E-05	-1.66E-05
307	4	0	0	0	0	0	0	232	254	0	-2.53E-05	5.41E-06	-1.08E-05	-1.18E-05
307	5	0	0	0	0	0	0	232	254	0	-2.53E-05	5.41E-06	-1.08E-05	-1.18E-05
307	6	0	0	0	0	0	0	232	254	0	-2.22E-05	3.05E-06	-4.71E-06	-8.27E-06
307	7	0	0	0	0	0	0	232	254	0	-2.22E-05	3.05E-06	-4.71E-06	-8.27E-06
307	8	0	0	0	0	0	0	232	254	0	-2.28E-05	2.35E-06	-4.02E-06	-1.38E-05
307	9	0	0	0	0	0	0	232	254	0	-2.34E-05	5.07E-06	-7.86E-06	-1.55E-05
307	10	0	0	0	0	0	0	232	254	0	-2.34E-05	5.07E-06	-7.86E-06	-1.55E-05
307	11	0	0	0	0	0	0	232	254	0	-2.31E-05	6.47E-06	-8.54E-06	-1.38E-05
307	12	0	0	0	0	0	0	232	254	0	-2.31E-05	6.47E-06	-8.54E-06	-1.38E-05
307	13	0	0	0	0	0	0	232	254	0	-2.40E-05	5.97E-06	-6.11E-06	-4.28E-06
307	14	0	0	0	0	0	0	232	254	0	-2.40E-05	5.97E-06	-6.11E-06	-4.28E-06
307	15	0	0	0	0	0	0	232	254	0	-2.37E-05	6.77E-06	-8.48E-06	3.92E-06
307	16	0	0	0	0	0	0	232	254	0	-2.37E-05	6.77E-06	-8.48E-06	3.92E-06
307	17	0	0	0	0	0	0	232	254	0	-2.39E-05	7.10E-06	-1.27E-05	3.27E-06
307	18	0	0	0	0	0	0	232	254	0	-2.39E-05	6.17E-06	-1.06E-05	-7.48E-06
307	19	0	0	0	0	0	0	232	254	0	-2.39E-05	6.17E-06	-1.06E-05	-7.48E-06
308	0	0	0	0	0	0	0	232	254	0	-2.33E-05	5.87E-06	-5.81E-06	-2.75E-05
308	1	0	0	0	0	0	0	232	254	0	-2.33E-05	5.87E-06	-5.81E-06	-2.75E-05
308	2	0	0	0	0	0	0	232	254	0	-2.19E-05	5.70E-06	3.21E-06	-3.00E-05
308	3	0	0	0	0	0	0	232	254	0	-2.19E-05	5.70E-06	3.21E-06	-3.00E-05
308	4	0	0	0	0	0	0	232	254	0	-2.04E-05	4.34E-06	9.80E-06	-2.10E-05
308	5	0	0	0	0	0	0	232	254	0	-2.04E-05	4.34E-06	9.80E-06	-2.10E-05
308	6	0	0	0	0	0	0	232	254	0	-2.09E-05	4.34E-06	-1.01E-06	-1.14E-05
308	7	0	0	0	0	0	0	232	254	0	-2.02E-05	5.23E-06	-2.12E-05	-1.57E-05
308	8	0	0	0	0	0	0	232	254	0	-2.02E-05	5.23E-06	-2.12E-05	-1.57E-05
308	9	0	0	0	0	0	0	232	254	0	-2.05E-05	3.90E-06	-3.08E-05	-1.85E-05
308	10	0	0	0	0	0	0	232	254	0	-2.05E-05	3.90E-06	-3.08E-05	-1.85E-05
308	11	0	0	0	0	0	0	232	254	0	-2.24E-05	1.52E-06	-2.34E-05	-1.39E-05
308	12	0	0	0	0	0	0	232	254	0	-2.24E-05	1.52E-06	-2.34E-05	-1.39E-05
308	13	0	0	0	0	0	0	232	254	0	-2.33E-05	4.35E-07	-2.20E-05	-1.30E-05
308	14	0	0	0	0	0	0	232	254	0	-2.33E-05	4.35E-07	-2.20E-05	-1.30E-05
308	15	0	0	0	0	0	0	232	254	0	-2.61E-05	1.65E-06	-2.67E-05	-8.06E-06
308	16	0	0	0	0	0	0	232	254	0	-2.91E-05	5.58E-06	-2.19E-05	-4.66E-06
308	17	0	0	0	0	0	0	232	254	0	-2.91E-05	5.58E-06	-2.19E-05	-4.66E-06
308	18	0	0	0	0	0	0	232	254	0	-2.87E-05	8.53E-06	-2.90E-06	-6.88E-06
308	19	0	0	0	0	0	0	232	254	0	-2.87E-05	8.53E-06	-2.90E-06	-6.88E-06
309	0	0	0	0	0	0	0	232	254	0	-2.48E-05	9.43E-06	2.68E-05	-6.60E-06
309	1	0	0	0	0	0	0	232	254	0	-2.48E-05	9.43E-06	2.68E-05	-6.60E-06
309	2	0	0	0	0	0	0	232	254	0	-2.31E-05	8.06E-06	4.34E-05	-4.89E-06
309	3	0	0	0	0	0	0	232	254	0	-2.31E-05	8.06E-06	4.34E-05	-4.89E-06
309	4	0	0	0	0	0	0	232	254	0	-2.16E-05	5.22E-06	2.58E-05	-8.01E-06
309	5	0	0	0	0	0	0	232	254	0	-2.12E-05	2.40E-06	-6.23E-06	-1.18E-05
309	6	0	0	0	0	0	0	232	254	0	-2.12E-05	2.40E-06	-6.23E-06	-1.18E-05
309	7	0	0	0	0	0	0	232	254	0	-2.34E-05	-4.32E-07	-1.02E-05	-1.45E-05
309	8	0	0	0	0	0	0	232	254	0	-2.34E-05	-4.32E-07	-1.02E-05	-1.45E-05
309	9	0	0	0	0	0	0	232	254	0	-2.65E-05	4.42E-06	-4.43E-07	-1.50E-05
309	10	0	0	0	0	0	0	232	254	0	-2.65E-05	4.42E-06	-4.43E-07	-1.50E-05
309	11	0	0	0	0	0	0	232	254	0	-2.72E-05	8.28E-06	1.48E-06	-1.52E-05
309	12	0	0	0	0	0	0	232	254	0	-2.72E-05	8.28E-06	1.48E-06	-1.52E-05
309	13	0	0	0	0	0	0	232	254	0	-2.29E-05	6.03E-06	-6.57E-06	-1.45E-05
309	14	0	0	0	0	0	0	232	254	0	-1.96E-05	4.72E-06	-9.29E-06	-1.36E-05
309	15	0	0	0	0	0	0	232	254	0	-1.96E-05	4.72E-06	-9.29E-06	-1.36E-05
309	16	0	0	0	0	0	0	232	254	0	-1.50E-05	4.65E-06	-1.00E-05	-1.36E-05
309	17	0	0	0	0	0	0	232	254	0	-1.50E-05	4.65E-06	-1.00E-05	-1.36E-05
309	18	0	0	0	0	0	0	232	254	0	-3.23E-06	3.00E-06	-1.25E-05	-1.08E-05
309	19	0	0	0	0	0	0	232	254	0	-3.23E-06	3.00E-06	-1.25E-05	-1.08E-05
310	0	0	0	0	0	0	0	232	254	0	-4.88E-06	3.09E-06	-1.48E-05	-9.64E-06
310	1	0	0	0	0	0	0	232	254	0	-4.88E-06	3.09E-06	-1.48E-05	-9.64E-06
310	2	0	0	0	0	0	0	232	254	0	-1.54E-05	4.91E-06	-1.69E-05	-8.46E-06
310	3	0	0	0	0	0	0	232	254	0	-1.88E-05	5.16E-06	-1.93E-05	-4.47E-06
310	4	0	0	0	0	0	0	232	254	0	-1.88E-05	5.16E-06	-1.93E-05	-4.47E-06
310	5	0	0	0	0	0	0	232	254	0	-2.02E-05	4.97E-06	-2.15E-05	1.93E-07
310	6	0	0	0	0	0	0	232	254	0	-2.02E-05	4.97E-06	-2.15E-05	1.93E-07
310	7	0	0	0	0	0	0	232	254	0	-1.96E-05	5.65E-06	-1.98E-05	-7.92E-06
310	8	0	0	0	0	0	0	232	254	0	-1.96E-05	5.65E-06	-1.98E-05	-7.92E-06
310	9	0	0	0	0	0	0	232	254	0	-1.90E-05	4.96E-06	-1.58E-05	-2.36E-05
310	10	0	0	0	0	0	0	232	254	0	-1.90E-05	4.96E-06	-1.58E-05	-2.36E-05
310	11	0	0	0	0	0	0	232	254	0	-1.98E-05	3.19E-06	-1.17E-05	-2.49E-05
310	12	0	0	0	0	0	0	232	254	0	-2.10E-05	3.25E-06	-1.04E-05	-8.83E-06
310	13	0	0	0	0	0	0	232	254	0	-2.10E-05	3.25E-06	-1.04E-05	-8.83E-06
310	14	0	0	0	0	0	0	232	254	0	-2.08E-05	3.67E-06	-1.14E-05	-7.35E-06
310	15	0	0	0	0	0	0	232	254	0	-2.08E-05	3.67E-06	-1.14E-05	-7.35E-06
310	16	0	0	0	0	0	0	232	254	0	-1.98E-05	3.37E-06	-1.22E-05	-1.10E-05
310	17	0	0	0	0	0	0	232	254	0	-1.98E-05	3.37E-06	-1.22E-05	-1.10E-05
310	18	0	0	0	0	0	0	232	254	0	-1.97E-05	2.20E-06	-1.17E-05	-2.19E-05
310	19	0	0	0	0	0	0	232	254	0	-1.97E-05	2.20E-06	-1.17E-05	-2.19E-05
311	0	0	0	0	0	0	0	232	254	0	-2.04E-05	2.29E-06	-9.78E-06	-2.48E-05
311	1	0	0	0	0	0	0	232	254	0	-1.98E-05	1.93E-06	-8.88E-06	-1.20E-05
311	2	0	0	0	0	0	0	232	254	0	-1.98E-05	1.93E-06	-8.88E-06	-1.20E-05
311	3	0	0	0	0	0	0	232	254	0	-1.98E-05	2.64E-06	-9.03E-06	-4.10E-06
311	4	0	0	0	0	0	0	232	254	0	-1.98E-05	2.64E-06	-9.03E-06	-4.10E-06
311	5	0	0	0	0	0	0	232	254	0	-1.95E-05	3.90E-06	-1.14E-05	-9.01E-06
311	6	0	0	0	0	0	0	232	254	0	-1.95E-05	3.90E-06	-1.14E-05	-9.01E-06
311	7	0	0	0	0	0	0	232	254	0	-1.83E-05	6.69E-06	-1.25E-05	-1.47E-05
311	8	0	0	0	0	0	0	232	254	0	-1.83E-05	6.69E-06	-1.25E-05	-1.47E-05
311	9	0	0	0	0	0	0	232	254	0	-1.87E-05	6.43E-06	-1.19E-05	-2.27E-05
311	10	0	0	0	0	0	0	232	254	0	-2.03E-05	5.42E-06	-1.18E-05	-1.75E-05
311	11	0	0	0	0	0	0	232	254	0	-2.03E-05	5.42E-06	-1.18E-05	-1.75E-05
311	12	0	0	0	0	0	0	232	254	0	-2.07E-05	4.53E-06	-1.36E-05	-1.22E-05
311	13	0	0	0	0	0	0	232	254	0	-2.07E-05	4.53E-06	-1.36E-05	-1.22E-05
311	14	0	0	0	0	0	0	232	254	0	-2.08E-05	4.55E-06	-1.60E-05	-1.44E-05
311	15	0	0	0	0	0	0	232	254	0	-2.08E-05	4.55E-06	-1.60E-05	-1.44E-05
311	16	0	0	0	0	0	0	232	254	0	-2.07E-05	4.76E-06	-1.61E-05	-1.24E-05
311	17	0	0	0	0	0	0	232	254	0	-2.07E-05	4.76E-06	-1.61E-05	-1.24E-05
311	18	0	0	0	0	0	0	232	254	0	-2.13E-05	5.40E-06	-1.43E-05	-1.12E-05
311	19	0	0	0	0	0	0	232	254	0	-2.26E-05	7.00E-06	-8.95E-06	-9.88E-06
312	0	0	0	0	0	0	0	232	254	0	-2.26E-05	7.00E-06	-8.95E-06	-9.88E-06
312	1	0	0	0	0	0	0	232	254	0	-2.28E-05	7.93E-06	-6.84E-06	-9.87E-06
312	2	0	0	0	0	0	0	232	254	0	-2.28E-05	7.93E-06	-6.84E-06	-9.87E-06
312	3	0	0	0	0	0	0	232	254	0	-2.12E-05	8.07E-06	-6.67E-06	-1.10E-05
312	4	0	0	0	0	0	0	232	254	0	-2.12E-05	8.07E-06	-6.67E-06	-1.10E-05
312	5	0	0	0	0	0	0	232	254	0	-2.06E-05	6.56E-06	-7.39E-06	-1.18E-05
312	6	0	0	0	0	0	0	232	254	0	-2.06E-05	6.56E-06	-7.39E-06	-1.18E-05
312	7	0	0	0	0	0	0	232	254	0	-2.09E-05	4.32E-06	-5.12E-06	-1.08E-05
312	8	0	0	0	0	0	0	232	254	0	-2.30E-05	5.44E-06	3.96E-06	-1.04E-05
312	9	0	0	0	0	0	0	232	254	0	-2.30E-05	5.44E-06	3.96E-06	-1.04E-05
312	10	0	0	0	0	0	0	232	254	0	-2.55E-05	7.30E-06	1.01E-05	-1.18E-05
312	11	0	0	0	0	0	0	232	254	0	-2.55E-05	7.30E-06	1.01E-05	-1.18E-05
312	12	0	0	0	0	0	0	232	254	0	-2.34E-05	7.69E-06	2.67E-06	-1.21E-05
312	13	0	0	0	0	0	0	232	254	0	-2.34E-05	7.69E-06	2.67E-06	-1.21E-05
312	14	0	0	0	0	0	0	232	254	0	-2.05E-05	6.03E-06	-6.59E-06	-1.33E-05
312	15	0	0	0	0	0	0	232	254	0	-2.05E-05	6.03E-06	-6.59E-06	-1.33E-05
312	16	0	0	0	0	0	0	232	254	0	-2.24E-05	4.68E-06	-1.03E-05	-1.32E-05
312	17	0	0	0	0	0	0	232	254	0	-2.30E-05	4.45E-06	-1.67E-05	-1.04E-05
312	18	0	0	0	0	0	0	232	254	0	-2.30E-05	4.45E-06	-1.67E-05	-1.04E-05
312	19	0	0	0	0	0	0	232	254	0	-2.21E-05	3.88E-06	-1.41E-05	-9.59E-06
313	0	0	0	0	0	0	0	232	254	0	-2.21E-05	3.88E-06	-1.41E-05	-9.59E-06
313	1	0	0	0	0	0	0	232	254	0	-2.29E-05	4.01E-06	-7.94E-06	-1.23E-05
313	2	0	0	0	0	0	0	232	254	0	-2.29E-05	4.01E-06	-7.94E-06	-1.23E-05
313	3	0	0	0	0	0	0	232	254	0	-2.18E-05	4.00E-06	-1.01E-05	-1.23E-05
313	4	0	0	0	0	0	0	232	254	0	-2.18E-05	4.00E-06	-1.01E-05	-1.23E-05
313	5	0	0	0	0	0	0	232	254	0	-2.07E-05	4.90E-06	-1.46E-05	-1.19E-05
313	6	0	0	0	0	0	0	232	254	0	-1.99E-05	3.82E-06	-1.70E-05	-1.43E-05
313	7	0	0	0	0	0	0	232	254	0	-1.99E-05	3.82E-06	-1.70E-05	-1.43E-05
313	8	0	0	0	0	0	0	232	254	0	-1.88E-05	3.41E-06	-1.68E-05	-1.34E-05
313	9	0	0	0	0	0	0	232	254	0	-1.88E-05	3.41E-06	-1.68E-05	-1.34E-05
313	10	0	0	0	0	0	0	232	254	0	-1.78E-05	2.52E-06	-1.38E-05	-1.15E-05
313	11	0	0	0	0	0	0	232	254	0	-1.78E-05	2.52E-06	-1.38E-05	-1.15E-05
313	12	0	0	0	0	0	0	232	254	0	-1.89E-05	2.28E-06	-9.59E-06	-1.11E-05
313	13	0	0	0	0	0	0	232	254	0	-1.89E-05	2.28E-06	-9.59E-06	-1.11E-05
313	14	0	0	0	0	0	0	232	254	0	-1.87E-05	8.22E-07	-2.91E-06	-1.02E-05
313	15	0	0	0	0	0	0	232	254	0	-1.94E-05	3.63E-06	9.42E-07	-1.02E-05
313	16	0	0	0	0	0	0	232	254	0	-1.94E-05	3.63E-06	9.42E-07	-1.02E-05
313	17	0	0	0	0	0	0	232	254	0	-2.33E-05	6.92E-06	-5.41E-06	-9.77E-06
313	18	0	0	0	0	0	0	232	254	0	-2.33E-05	6.92E-06	-5.41E-06	-9.77E-06
313	19	0	0	0	0	0	0	232	254	0	-2.51E-05	7.26E-06	-1.21E-05	-1.13E-05
314	0	0	0	0	0	0	0	232	254	0	-2.51E-05	7.26E-06	-1.21E-05	-1.13E-05
314	1	0	0	0	0	0	0	232	254	0	-2.36E-05	7.47E-06	-1.35E-05	-1.20E-05
314	2	0	0	0	0	0	0	232	254	0	-2.36E-05	7.47E-06	-1.35E-05	-1.20E-05
314	3	0	0	0	0	0	0	232	254	0	-2.31E-05	6.66E-06	-1.29E-05	-1.41E-05
314	4	0	0	0	0	0	0	232	254	0	-2.37E-05	4.92E-06	-1.40E-05	-1.46E-05
314	5	0	0	0	0	0	0	232	254	0	-2.37E-05	4.92E-06	-1.40E-05	-1.46E-05
314	6	0	0	0	0	0	0	232	254	0	-2.39E-05	4.13E-06	-1.18E-05	-1.02E-05
314	7	0	0	0	0	0	0	232	254	0	-2.39E-05	4.13E-06	-1.18E-05	-1.02E-05
314	8	0	0	0	0	0	0	232	254	0	-2.30E-05	4.67E-06	-1.28E-05	-5.70E-06
314	9	0	0	0	0	0	0	232	254	0	-2.30E-05	4.67E-06	-1.28E-05	-5.70E-06
314	10	0	0	0	0	0	0	232	254	0	-2.28E-05	2.91E-06	-1.53E-05	-3.39E-06
314	11	0	0	0	0	0	0	232	254	0	-2.28E-05	2.91E-06	-1.53E-05	-3.39E-06
314	12	0	0	0	0	0	0	232	254	0	-2.29E-05	1.04E-06	-1.23E-05	-4.27E-06
314	13	0	0	0	0	0	0	232	254	0	-2.23E-05	2.44E-06	-7.49E-06	-1.56E-06
314	14	0	0	0	0	0	0	232	254	0	-2.23E-05	2.44E-06	-7.49E-06	-1.56E-06
314	15	0	0	0	0	0	0	232	254	0	-2.33E-05	1.97E-06	-7.05E-06	-1.38E-05
314	16	0	0	0	0	0	0	232	254	0	-2.33E-05	1.97E-06	-7.05E-06	-1.38E-05
314	17	0	0	0	0	0	0	232	254	0	-2.47E-05	3.13E-06	-7.37E-06	-9.10E-06
314	18	0	0	0	0	0	0	232	254	0	-2.47E-05	3.13E-06	-7.37E-06	-9.10E-06
314	19	0	0	0	0	0	0	232	254	0	-2.54E-05	5.40E-06	-1.06E-05	-1.46E-05
315	0	0	0	0	0	0	0	232	254	0	-2.54E-05	5.40E-06	-1.06E-05	-1.46E-05
315	1	0	0	0	0	0	0	232	254	0	-2.96E-05	6.72E-06	-1.59E-05	-4.38E-05
315	2	0	0	0	0	0	0	232	254	0	-3.10E-05	5.44E-06	-6.26E-06	-3.48E-05
315	3	0	0	0	0	0	0	232	254	0	-3.10E-05	5.44E-06	-6.26E-06	-3.48E-05
315	4	0	0	0	0	0	0	232	254	0	-2.79E-05	4.68E-06	4.27E-08	-5.38E-06
315	5	0	0	0	0	0	0	232	254	0	-2.79E-05	4.68E-06	4.27E-08	-5.38E-06
315	6	0	0	0	0	0	0	232	254	0	-2.43E-05	4.37E-06	-6.47E-06	-5.19E-06
315	7	0	0	0	0	0	0	232	254	0	-2.43E-05	4.37E-06	-6.47E-06	-5.19E-06
315	8	0	0	0	0	0	0	232	254	0	-2.11E-05	3.41E-06	-1.09E-05	-1.31E-05
315	9	0	0	0	0	0	0	232	254	0	-2.11E-05	3.41E-06	-1.09E-05	-1.31E-05
315	10	0	0	0	0	0	0	232	254	0	-1.96E-05	5.02E-06	-1.08E-05	-1.88E-05
315	11	0	0	0	0	0	0	232	254	0	-2.16E-05	5.17E-06	-9.06E-06	-3.59E-05
315	12	0	0	0	0	0	0	232	254	0	-2.16E-05	5.17E-06	-9.06E-06	-3.59E-05
315	13	0	0	0	0	0	0	232	254	0	-2.11E-05	7.62E-06	-3.41E-06	-3.86E-05
315	14	0	0	0	0	0	0	232	254	0	-2.11E-05	7.62E-06	-3.41E-06	-3.86E-05
315	15	0	0	0	0	0	0	232	254	0	-1.92E-05	9.14E-06	9.36E-07	-2.33E-05
315	16	0	0	0	0	0	0	232	254	0	-1.92E-05	9.14E-06	9.36E-07	-2.33E-05
315	17	0	0	0	0	0	0	232	254	0	-1.49E-05	6.90E-06	-1.28E-06	-8.63E-06
315	18	0	0	0	0	0	0	232	254	0	-1.49E-05	6.90E-06	-1.28E-06	-8.63E-06
315	19	0	0	0	0	0	0	232	254	0	-1.47E-05	4.09E-06	-4.67E-06	-4.36E-06
316	0	0	0	0	0	0	0	232	254	0	-1.71E-05	9.98E-07	-5.93E-06	-5.76E-06
316	1	0	0	0	0	0	0	232	254	0	-1.71E-05	9.98E-07	-5.93E-06	-5.76E-06
316	2	0	0	0	0	0	0	232	254	0	-1.95E-05	2.68E-06	-7.77E-06	-7.52E-06
316	3	0	0	0	0	0	0	232	254	0	-1.95E-05	2.68E-06	-7.77E-06	-7.52E-06
316	4	0	0	0	0	0	0	232	254	0	-2.13E-05	6.30E-06	-9.24E-06	-8.92E-06
316	5	0	0	0	0	0	0	232	254	0	-2.13E-05	6.30E-06	-9.24E-06	-8.92E-06
316	6	0	0	0	0	0	0	232	254	0	-2.37E-05	5.61E-06	-8.08E-06	-1.28E-05
316	7	0	0	0	0	0	0	232	254	0	-2.37E-05	5.61E-06	-8.08E-06	-1.28E-05
316	8	0	0	0	0	0	0	232	254	0	-2.62E-05	4.83E-06	-8.24E-06	-2.09E-05
316	9	0	0	0	0	0	0	232	254	0	-2.20E-05	4.61E-06	-8.45E-06	-1.41E-05
316	10	0	0	0	0	0	0	232	254	0	-2.20E-05	4.61E-06	-8.45E-06	-1.41E-05
316	11	0	0	0	0	0	0	232	254	0	-1.86E-05	5.28E-06	-9.25E-06	-8.54E-06
316	12	0	0	0	0	0	0	232	254	0	-1.86E-05	5.28E-06	-9.25E-06	-8.54E-06
316	13	0	0	0	0	0	0	232	254	0	-1.93E-05	5.95E-06	-1.20E-05	-1.09E-05
316	14	0	0	0	0	0	0	232	254	0	-1.93E-05	5.95E-06	-1.20E-05	-1.09E-05
316	15	0	0	0	0	0	0	232	254	0	-1.89E-05	6.63E-06	-1.27E-05	-1.10E-05
316	16	0	0	0	0	0	0	232	254	0	-1.89E-05	6.63E-06	-1.27E-05	-1.10E-05
316	17	0	0	0	0	0	0	232	254	0	-1.82E-05	6.98E-06	-1.34E-05	-1.06E-05
316	18	0	0	0	0	0	0	232	254	0	-1.60E-05	5.04E-06	-1.41E-05	-1.53E-05
316	19	0	0	0	0	0	0	232	254	0	-1.60E-05	5.04E-06	-1.41E-05	-1.53E-05
317	0	0	0	0	0	0	0	232	254	0	-1.44E-05	3.70E-06	-1.24E-05	-1.64E-05
317	1	0	0	0	0	0	0	232	254	0	-1.44E-05	3.70E-06	-1.24E-05	-1.64E-05
317	2	0	0	0	0	0	0	232	254	0	-1.59E-05	2.52E-06	-1.06E-05	-4.27E-06
317	3	0	0	0	0	0	0	232	254	0	-1.59E-05	2.52E-06	-1.06E-05	-4.27E-06
317	4	0	0	0	0	0	0	232	254	0	-1.87E-05	2.82E-06	-8.68E-06	-1.55E-06
317	5	0	0	0	0	0	0	232	254	0	-1.87E-05	2.82E-06	-8.68E-06	-1.55E-06
317	6	0	0	0	0	0	0	232	254	0	-2.18E-05	5.04E-06	-9.57E-06	-1.41E-05
317	7	0	0	0	0	0	0	232	254	0	-2.60E-05	5.02E-06	-9.61E-06	-1.26E-05
317	8	0	0	0	0	0	0	232	254	0	-2.60E-05	5.02E-06	-9.61E-06	-1.26E-05
317	9	0	0	0	0	0	0	232	254	0	-2.92E-05	4.89E-06	-9.98E-06	-9.88E-06
317	10	0	0	0	0	0	0	232	254	0	-2.92E-05	4.89E-06	-9.98E-06	-9.88E-06
317	11	0	0	0	0	0	0	232	254	0	-3.24E-05	4.94E-06	-1.08E-05	-5.44E-06
317	12	0	0	0	0	0	0	232	254	0	-3.24E-05	4.94E-06	-1.08E-05	-5.44E-06
317	13	0	0	0	0	0	0	232	254	0	-2.89E-05	4.12E-06	-1.25E-05	8.06E-06
317	14	0	0	0	0	0	0	232	254	0	-2.89E-05	4.12E-06	-1.25E-05	8.06E-06
317	15	0	0	0	0	0	0	232	254	0	-2.31E-05	3.50E-06	-1.33E-05	9.38E-06
317	16	0	0	0	0	0	0	232	254	0	-2.65E-05	3.42E-06	-1.63E-05	-4.93E-07
317	17	0	0	0	0	0	0	232	254	0	-2.65E-05	3.42E-06	-1.63E-05	-4.93E-07
317	18	0	0	0	0	0	0	232	254	0	-2.70E-05	3.78E-06	-1.60E-05	-9.56E-06
317	19	0	0	0	0	0	0	232	254	0	-2.70E-05	3.78E-06	-1.60E-05	-9.56E-06
318	0	0	0	0	0	0	0	232	254	0	-2.31E-05	3.05E-06	-1.15E-05	-2.34E-05
318	1	0	0	0	0	0	0	232	254	0	-2.31E-05	3.05E-06	-1.15E-05	-2.34E-05
318	2	0	0	0	0	0	0	232	254	0	-2.12E-05	2.07E-06	-5.44E-06	-3.29E-05
318	3	0	0	0	0	0	0	232	254	0	-2.12E-05	2.07E-06	-5.44E-06	-3.29E-05
318	4	0	0	0	0	0	0	232	254	0	-1.62E-05	2.66E-06	-1.86E-06	-2.51E-05
318	5	0	0	0	0	0	0	232	254	0	-6.02E-06	3.67E-06	4.64E-07	-1.08E-05
318	6	0	0	0	0	0	0	232	254	0	-6.02E-06	3.67E-06	4.64E-07	-1.08E-05
318	7	0	0	0	0	0	0	232	254	0	-1.06E-05	3.92E-06	-3.50E-07	-1.14E-05
318	8	0	0	0	0	0	0	232	254	0	-1.06E-05	3.92E-06	-3.50E-07	-1.14E-05
318	9	0	0	0	0	0	0	232	254	0	-1.87E-05	6.84E-06	-5.05E-06	-2.05E-05
318	10	0	0	0	0	0	0	232	254	0	-1.87E-05	6.84E-06	-5.05E-06	-2.05E-05
318	11	0	0	0	0	0	0	232	254	0	-1.86E-05	6.19E-06	-1.21E-05	-2.19E-05
318	12	0	0	0	0	0	0	232	254	0	-1.86E-05	6.19E-06	-1.21E-05	-2.19E-05
318	13	0	0	0	0	0	0	232	254	0	-1.55E-05	3.33E-06	-1.74E-05	-1.83E-05
318	14	0	0	0	0	0	0	232	254	0	-6.32E-06	1.93E-06	-1.77E-05	-1.60E-05
318	15	0	0	0	0	0	0	232	254	0	-6.32E-06	1.93E-06	-1.77E-05	-1.60E-05
318	16	0	0	0	0	0	0	232	254	0	-7.43E-06	3.08E-06	-1.59E-05	-8.11E-06
318	17	0	0	0	0	0	0	232	254	0	-7.43E-06	3.08E-06	-1.59E-05	-8.11E-06
318	18	0	0	0	0	0	0	232	254	0	-1.91E-05	7.48E-06	-1.63E-05	-6.08E-07
318	19	0	0	0	0	0	0	232	254	0	-1.91E-05	7.48E-06	-1.63E-05	-6.08E-07
319	0	0	0	0	0	0	0	232	254	0	-2.04E-05	9.28E-06	-1.91E-05	2.11E-06
319	1	0	0	0	0	0	0	232	254	0	-2.04E-05	9.28E-06	-1.91E-05	2.11E-06
319	2	0	0	0	0	0	0	232	254	0	-1.98E-05	8.01E-06	-1.78E-05	-9.01E-07
319	3	0	0	0	0	0	0	232	254	0	-2.03E-05	5.08E-06	-6.62E-06	-1.09E-05
319	4	0	0	0	0	0	0	232	254	0	-2.03E-05	5.08E-06	-6.62E-06	-1.09E-05
319	5	0	0	0	0	0	0	232	254	0	-1.74E-05	4.20E-06	1.14E-05	-1.79E-05
319	6	0	0	0	0	0	0	232	254	0	-1.74E-05	4.20E-06	1.14E-05	-1.79E-05
319	7	0	0	0	0	0	0	232	254	0	-1.57E-05	3.96E-06	1.91E-05	-2.36E-05
319	8	0	0	0	0	0	0	232	254	0	-1.57E-05	3.96E-06	1.91E-05	-2.36E-05
319	9	0	0	0	0	0	0	232	254	0	-1.75E-05	1.90E-06	8.75E-06	-2.34E-05
319	10	0	0	0	0	0	0	232	254	0	-1.75E-05	1.90E-06	8.75E-06	-2.34E-05
319	11	0	0	0	0	0	0	232	254	0	-1.93E-05	-8.33E-09	-2.71E-07	-1.82E-05
319	12	0	0	0	0	0	0	232	254	0	-2.26E-05	1.77E-06	-3.80E-06	-1.21E-05
319	13	0	0	0	0	0	0	232	254	0	-2.26E-05	1.77E-06	-3.80E-06	-1.21E-05
319	14	0	0	0	0	0	0	232	254	0	-2.73E-05	6.41E-06	-6.11E-06	-1.16E-05
319	15	0	0	0	0	0	0	232	254	0	-2.73E-05	6.41E-06	-6.11E-06	-1.16E-05
319	16	0	0	0	0	0	0	232	254	0	-2.71E-05	7.85E-06	-8.01E-06	-1.46E-05
319	17	0	0	0	0	0	0	232	254	0	-2.71E-05	7.85E-06	-8.01E-06	-1.46E-05
319	18	0	0	0	0	0	0	232	254	0	-2.75E-05	7.27E-06	-9.29E-06	-1.51E-05
319	19	0	0	0	0	0	0	232	254	0	-2.75E-05	7.27E-06	-9.29E-06	-1.51E-05
320	0	0	0	0	0	0	0	232	254	0	-2.55E-05	5.12E-06	-1.25E-05	-1.27E-05
320	1	0	0	0	0	0	0	232	254	0	-2.30E-05	4.53E-06	-1.42E-05	-1.50E-05
320	2	0	0	0	0	0	0	232	254	0	-2.30E-05	4.53E-06	-1.42E-05	-1.50E-05
320	3	0	0	0	0	0	0	232	254	0	-2.33E-05	4.37E-06	-1.31E-05	-1.72E-05
320	4	0	0	0	0	0	0	232	254	0	-2.33E-05	4.37E-06	-1.31E-05	-1.72E-05
320	5	0	0	0	0	0	0	232	254	0	-2.52E-05	3.03E-06	-9.53E-06	-1.12E-05
320	6	0	0	0	0	0	0	232	254	0	-2.52E-05	3.03E-06	-9.53E-06	-1.12E-05
320	7	0	0	0	0	0	0	232	254	0	-2.49E-05	1.71E-06	-9.39E-06	-9.59E-06
320	8	0	0	0	0	0	0	232	254	0	-2.49E-05	1.71E-06	-9.39E-06	-9.59E-06
320	9	0	0	0	0	0	0	232	254	0	-2.43E-05	8.91E-07	-1.05E-05	-1.23E-05
320	10	0	0	0	0	0	0	232	254	0	-2.79E-05	2.58E-06	-1.04E-05	-1.23E-05
320	11	0	0	0	0	0	0	232	254	0	-2.79E-05	2.58E-06	-1.04E-05	-1.23E-05
320	12	0	0	0	0	0	0	232	254	0	-2.93E-05	3.02E-06	-1.11E-05	-1.27E-05
320	13	0	0	0	0	0	0	232	254	0	-2.93E-05	3.02E-06	-1.11E-05	-1.27E-05
320	14	0	0	0	0	0	0	232	254	0	-2.86E-05	3.20E-06	-1.02E-05	-1.39E-05
320	15	0	0	0	0	0	0	232	254	0	-2.86E-05	3.20E-06	-1.02E-05	-1.39E-05
320	16	0	0	0	0	0	0	232	254	0	-2.91E-05	4.77E-06	-1.04E-05	-1.51E-05
320	17	0	0	0	0	0	0	232	254	0	-2.91E-05	4.77E-06	-1.04E-05	-1.51E-05
320	18	0	0	0	0	0	0	232	254	0	-3.08E-05	6.63E-06	-1.18E-05	-9.04E-06
320	19	0	0	0	0	0	0	232	254	0	-3.02E-05	7.06E-06	-1.40E-05	-2.75E-06
321	0	0	0	0	0	0	0	232	254	0	-3.02E-05	7.06E-06	-1.40E-05	-2.75E-06
321	1	0	0	0	0	0	0	232	254	0	-2.74E-05	6.19E-06	-1.66E-05	-3.15E-06
321	2	0	0	0	0	0	0	232	254	0	-2.74E-05	6.19E-06	-1.66E-05	-3.15E-06
321	3	0	0	0	0	0	0	232	254	0	-2.19E-05	8.54E-06	-1.49E-05	-2.61E-06
321	4	0	0	0	0	0	0	232	254	0	-2.19E-05	8.54E-06	-1.49E-05	-2.61E-06
321	5	0	0	0	0	0	0	232	254	0	-1.34E-05	8.11E-06	-1.02E-05	-1.90E-06
321	6	0	0	0	0	0	0	232	254	0	-1.34E-05	8.11E-06	-1.02E-05	-1.90E-06
321	7	0	0	0	0	0	0	232	254	0	-1.25E-05	5.78E-06	-7.80E-06	-1.12E-05
321	8	0	0	0	0	0	0	232	254	0	-1.41E-05	3.84E-06	-8.35E-06	-2.20E-05
321	9	0	0	0	0	0	0	232	254	0	-1.41E-05	3.84E-06	-8.35E-06	-2.20E-05
321	10	0	0	0	0	0	0	232	254	0	-1.52E-05	3.55E-06	-8.16E-06	-2.27E-05
321	11	0	0	0	0	0	0	232	254	0	-1.52E-05	3.55E-06	-8.16E-06	-2.27E-05
321	12	0	0	0	0	0	0	232	254	0	-1.73E-05	2.56E-06	-9.02E-06	-1.52E-05
321	13	0	0	0	0	0	0	232	254	0	-1.73E-05	2.56E-06	-9.02E-06	-1.52E-05
321	14	0	0	0	0	0	0	232	254	0	-1.74E-05	2.85E-06	-9.86E-06	-1.33E-05
321	15	0	0	0	0	0	0	232	254	0	-1.74E-05	2.85E-06	-9.86E-06	-1.33E-05
321	16	0	0	0	0	0	0	232	254	0	-1.56E-05	3.03E-06	-9.65E-06	-1.30E-05
321	17	0	0	0	0	0	0	232	254	0	-1.56E-05	4.46E-06	-1.06E-05	-1.09E-05
321	18	0	0	0	0	0	0	232	254	0	-1.56E-05	4.46E-06	-1.06E-05	-1.09E-05
321	19	0	0	0	0	0	0	232	254	0	-1.73E-05	5.12E-06	-1.30E-05	-1.09E-05
322	0	0	0	0	0	0	0	232	254	0	-1.73E-05	5.12E-06	-1.30E-05	-1.09E-05
322	1	0	0	0	0	0	0	232	254	0	-2.03E-05	4.49E-06	-1.41E-05	-9.72E-06
322	2	0	0	0	0	0	0	232	254	0	-2.03E-05	4.49E-06	-1.41E-05	-9.72E-06
322	3	0	0	0	0	0	0	232	254	0	-2.26E-05	4.20E-06	-1.48E-05	-8.23E-06
322	4	0	0	0	0	0	0	232	254	0	-2.26E-05	4.20E-06	-1.48E-05	-8.23E-06
322	5	0	0	0	0	0	0	232	254	0	-2.43E-05	4.16E-06	-1.35E-05	-7.19E-06
322	6	0	0	0	0	0	0	232	254	0	-2.13E-05	4.10E-06	-1.05E-05	-8.58E-06
322	7	0	0	0	0	0	0	232	254	0	-2.13E-05	4.10E-06	-1.05E-05	-8.58E-06
322	8	0	0	0	0	0	0	232	254	0	-1.69E-05	5.87E-06	-1.00E-05	-1.09E-05
322	9	0	0	0	0	0	0	232	254	0	-1.69E-05	5.87E-06	-1.00E-05	-1.09E-05
322	10	0	0	0	0	0	0	232	254	0	-1.46E-05	5.48E-06	-1.12E-05	-8.24E-06
322	11	0	0	0	0	0	0	232	254	0	-1.46E-05	5.48E-06	-1.12E-05	-8.24E-06
322	12	0	0	0	0	0	0	232	254	0	-1.64E-05	2.68E-06	-1.20E-05	-8.39E-06
322	13	0	0	0	0	0	0	232	254	0	-1.64E-05	2.68E-06	-1.20E-05	-8.39E-06
322	14	0	0	0	0	0	0	232	254	0	-2.02E-05	4.02E-06	-1.11E-05	-8.01E-06
322	15	0	0	0	0	0	0	232	254	0	-2.17E-05	5.26E-06	-7.06E-06	-5.36E-06
322	16	0	0	0	0	0	0	232	254	0	-2.17E-05	5.26E-06	-7.06E-06	-5.36E-06
322	17	0	0	0	0	0	0	232	254	0	-2.24E-05	5.81E-06	-2.50E-06	-7.01E-06
322	18	0	0	0	0	0	0	232	254	0	-2.24E-05	5.81E-06	-2.50E-06	-7.01E-06
322	19	0	0	0	0	0	0	232	254	0	-2.31E-05	6.65E-06	-5.55E-06	-1.04E-05
323	0	0	0	0	0	0	0	232	254	0	-2.31E-05	6.65E-06	-5.55E-06	-1.04E-05
323	1	0	0	0	0	0	0	232	254	0	-2.23E-05	7.33E-06	-1.02E-05	-1.04E-05
323	2	0	0	0	0	0	0	232	254	0	-2.23E-05	7.33E-06	-1.02E-05	-1.04E-05
323	3	0	0	0	0	0	0	232	254	0	-2.21E-05	6.72E-06	-7.82E-06	-7.50E-06
323	4	0	0	0	0	0	0	232	254	0	-2.33E-05	5.38E-06	-8.90E-06	2.57E-06
323	5	0	0	0	0	0	0	232	254	0	-2.33E-05	5.38E-06	-8.90E-06	2.57E-06
323	6	0	0	0	0	0	0	232	254	0	-2.33E-05	3.96E-06	-1.14E-05	-2.83E-06
323	7	0	0	0	0	0	0	232	254	0	-2.33E-05	3.96E-06	-1.14E-05	-2.83E-06
323	8	0	0	0	0	0	0	232	254	0	-2.41E-05	2.18E-06	-1.09E-05	-3.04E-05
323	9	0	0	0	0	0	0	232	254	0	-2.41E-05	2.18E-06	-1.09E-05	-3.04E-05
323	10	0	0	0	0	0	0	232	254	0	-2.32E-05	2.20E-06	-9.24E-06	-5.21E-05
323	11	0	0	0	0	0	0	232	254	0	-2.32E-05	2.20E-06	-9.24E-06	-5.21E-05
323	12	0	0	0	0	0	0	232	254	0	-2.23E-05	2.53E-06	-5.00E-06	-5.18E-05
323	13	0	0	0	0	0	0	232	254	0	-2.07E-05	4.10E-06	-1.11E-06	-4.20E-05
323	14	0	0	0	0	0	0	232	254	0	-2.07E-05	4.10E-06	-1.11E-06	-4.20E-05
323	15	0	0	0	0	0	0	232	254	0	-1.88E-05	5.71E-06	-2.13E-06	-2.86E-05
323	16	0	0	0	0	0	0	232	254	0	-1.88E-05	5.71E-06	-2.13E-06	-2.86E-05
323	17	0	0	0	0	0	0	232	254	0	-1.99E-05	4.51E-06	-4.56E-06	-8.75E-06
323	18	0	0	0	0	0	0	232	254	0	-1.99E-05	4.51E-06	-4.56E-06	-8.75E-06
323	19	0	0	0	0	0	0	232	254	0	-2.17E-05	4.34E-06	-7.66E-06	-5.02E-06
324	0	0	0	0	0	0	0	232	254	0	-2.17E-05	4.34E-06	-7.66E-06	-5.02E-06
324	1	0	0	0	0	0	0	232	254	0	-2.18E-05	4.20E-06	-1.09E-05	-3.37E-06
324	2	0	0	0	0	0	0	232	254	0	-2.07E-05	4.48E-06	-1.11E-05	-2.03E-06
324	3	0	0	0	0	0	0	232	254	0	-2.07E-05	4.48E-06	-1.11E-05	-2.03E-06
324	4	0	0	0	0	0	0	232	254	0	-2.11E-05	6.55E-06	-1.23E-05	-1.01E-05
324	5	0	0	0	0	0	0	232	254	0	-2.11E-05	6.55E-06	-1.23E-05	-1.01E-05
324	6	0	0	0	0	0	0	232	254	0	-1.94E-05	6.33E-06	-1.29E-05	-1.37E-05
324	7	0	0	0	0	0	0	232	254	0	-1.94E-05	6.33E-06	-1.29E-05	-1.37E-05
324	8	0	0	0	0	0	0	232	254	0	-1.74E-05	4.64E-06	-1.25E-05	-8.33E-06
324	9	0	0	0	0	0	0	232	254	0	-1.74E-05	4.64E-06	-1.25E-05	-8.33E-06
324	10	0	0	0	0	0	0	232	254	0	-1.82E-05	4.30E-06	-1.26E-05	9.59E-07
324	11	0	0	0	0	0	0	232	254	0	-1.88E-05	4.90E-06	-1.53E-05	1.89E-06
324	12	0	0	0	0	0	0	232	254	0	-1.88E-05	4.90E-06	-1.53E-05	1.89E-06
324	13	0	0	0	0	0	0	232	254	0	-1.96E-05	3.70E-06	-1.83E-05	1.82E-06
324	14	0	0	0	0	0	0	232	254	0	-1.96E-05	3.70E-06	-1.83E-05	1.82E-06
324	15	0	0	0	0	0	0	232	254	0	-1.98E-05	2.68E-06	-2.04E-05	-2.36E-06
324	16	0	0	0	0	0	0	232	254	0	-1.98E-05	2.68E-06	-2.04E-05	-2.36E-06
324	17	0	0	0	0	0	0	232	254	0	-2.07E-05	3.92E-06	-1.78E-05	-1.64E-05
324	18	0	0	0	0	0	0	232	254	0	-2.07E-05	3.92E-06	-1.78E-05	-1.64E-05
324	19	0	0	0	0	0	0	232	254	0	-2.14E-05	4.40E-06	-1.36E-05	-3.71E-05
325	0	0	0	0	0	0	0	232	254	0	-2.15E-05	4.92E-06	-6.70E-06	-3.42E-05
325	1	0	0	0	0	0	0	232	254	0	-2.15E-05	4.92E-06	-6.70E-06	-3.42E-05
325	2	0	0	0	0	0	0	232	254	0	-2.05E-05	6.71E-06	1.48E-06	8.80E-06
325	3	1.68376	-3.82122	8.46802	314.325	-693.517	-462.33	150.102	216.881	0	-2.05E-05	6.71E-06	1.48E-06	8.80E-06
325	4	3.36752	-7.64245	16.936	628.651	-1387.03	-924.66	150.102	216.881	0	-2.19E-05	8.09E-06	5.89E-06	1.79E-05
325	5	4.03009	-9.55543	23.5994	1042.84	-1822.29	-1144.99	154.782	209.811	0	-2.19E-05	8.09E-06	5.89E-06	1.79E-05
325	6	4.69267	-11.4684	30.2627	1457.04	-2257.54	-1365.33	157.402	205.854	0	-2.16E-05	9.49E-06	2.97E-06	6.13E-06
325	7	4.73718	-12.3124	35.2609	1917.82	-2562.86	-1435.78	159.317	199.61	0	-2.16E-05	9.49E-06	2.97E-06	6.13E-06
325	8	4.7817	-13.1564	40.2591	2378.61	-2868.18	-1506.24	160.757	194.917	0	-2.10E-05	8.62E-06	-5.35E-07	-6.26E-06
325	9	4.88572	-14.2035	46.0321	2837.68	-3296.71	-1563.73	160.382	192.354	0	-2.09E-05	6.15E-06	4.78E-06	-2.11E-05
325	10	4.98974	-15.2505	51.8051	3296.75	-3725.23	-1621.22	160.091	190.362	0	-2.09E-05	6.15E-06	4.78E-06	-2.11E-05
325	11	5.14981	-16.4046	59.1627	3909.33	-4225.53	-1671.2	160.578	187.922	0	-2.02E-05	3.07E-06	7.80E-06	-2.78E-05
325	12	5.30989	-17.5586	66.5202	4521.9	-4725.82	-1721.18	160.957	186.022	0	-2.02E-05	3.07E-06	7.80E-06	-2.78E-05
325	13	5.38233	-18.715	74.4255	5225.74	-5268	-1796.15	161.218	183.786	0	-1.97E-05	2.66E-06	-2.19E-06	-3.36E-05
325	14	5.45478	-19.8714	82.3309	5929.57	-5810.18	-1871.12	161.429	181.979	0	-1.97E-05	2.66E-06	-2.19E-06	-3.36E-05
325	15	5.4915	-20.8713	90.5226	6639.48	-6363.82	-1948.98	161.699	180.654	0	-1.91E-05	6.39E-06	-7.06E-06	-4.14E-05
325	16	5.52822	-21.8713	98.7144	7349.4	-6917.46	-2026.85	161.925	179.549	0	-1.91E-05	6.39E-06	-7.06E-06	-4.14E-05
325	17	5.53343	-22.5671	107.135	8086.5	-7477.69	-2092.64	162.203	178.521	0	-1.87E-05	7.56E-06	-6.43E-06	-3.19E-05
325	18	5.53863	-23.263	115.557	8823.59	-8037.93	-2158.43	162.442	177.643	0	-1.90E-05	6.38E-06	-1.13E-05	-2.23E-05
325	19	5.43202	-23.6654	123.828	9484.6	-8491.7	-2201	163.423	177.405	0	-1.90E-05	6.38E-06	-1.13E-05	-2.23E-05
326	0	5.32541	-24.0677	132.099	10145.6	-8945.47	-2243.57	164.282	177.197	0	-1.90E-05	6.44E-06	-1.64E-05	-2.48E-05
326	1	5.46783	-24.0117	138.85	10705.8	-9331.05	-2285.56	164.798	176.897	0	-1.90E-05	6.44E-06	-1.64E-05	-2.48E-05
326	2	5.61025	-23.9557	145.6	11266	-9716.63	-2327.54	165.265	176.624	0	-1.90E-05	6.64E-06	-1.72E-05	-2.22E-05
326	3	5.775	-23.7741	150.894	11788.3	-10041.6	-2382.11	165.453	175.877	0	-1.90E-05	6.64E-06	-1.72E-05	-2.22E-05
326	4	5.93975	-23.5926	156.188	12310.5	-10366.5	-2436.67	165.628	175.181	0	-1.91E-05	4.79E-06	-1.43E-05	-1.59E-05
326	5	6.02583	-23.3486	160.353	12693.3	-10624.7	-2426.46	165.742	174.841	0	-1.91E-05	4.79E-06	-1.43E-05	-1.59E-05
326	6	6.11191	-23.1047	164.517	13076.1	-10882.9	-2416.26	165.85	174.518	0	-2.05E-05	4.32E-06	-1.52E-05	-9.49E-06
326	7	6.32955	-22.8514	167.147	13251.2	-11043	-2377.34	165.932	174.721	0	-2.27E-05	5.16E-06	-1.13E-05	-2.67E-06
326	8	6.54718	-22.598	169.777	13426.3	-11203.2	-2338.41	166.012	174.918	0	-2.27E-05	5.16E-06	-1.13E-05	-2.67E-06
326	9	6.70313	-22.5157	171.083	13490.1	-11315	-2320.77	165.863	175.149	0	-2.60E-05	4.95E-06	-3.58E-06	-3.06E-06
326	10	6.85908	-22.4334	172.39	13553.9	-11426.9	-2303.12	165.715	175.377	0	-2.60E-05	4.95E-06	-3.58E-06	-3.06E-06
326	11	6.92295	-22.6278	172.527	13554	-11508.5	-2261.54	165.295	175.439	0	-2.65E-05	5.50E-06	5.47E-07	-8.99E-06
326	12	6.98683	-22.8222	172.665	13554.1	-11590.1	-2219.95	164.875	175.501	0	-2.65E-05	5.50E-06	5.47E-07	-8.99E-06
326	13	6.83503	-22.8114	172.221	13393.5	-11610.6	-2156.14	164.583	176.231	0	-2.36E-05	5.20E-06	-3.93E-06	-2.39E-05
326	14	6.68324	-22.8006	171.777	13232.9	-11631.2	-2092.34	164.289	176.965	0	-2.36E-05	5.20E-06	-3.93E-06	-2.39E-05
326	15	6.60723	-22.6685	170.115	13065.2	-11557.7	-2070.96	164.06	177.198	0	-2.10E-05	5.08E-06	-1.23E-05	-2.58E-05
326	16	6.53122	-22.5364	168.454	12897.6	-11484.2	-2049.58	163.826	177.435	0	-2.14E-05	4.14E-06	-1.48E-05	-7.60E-06
326	17	6.77526	-22.4307	166.385	12696	-11374	-2015.75	163.641	177.695	0	-2.14E-05	4.14E-06	-1.48E-05	-7.60E-06
326	18	7.01931	-22.3249	164.317	12494.3	-11263.8	-1981.92	163.451	177.962	0	-2.23E-05	3.93E-06	-1.54E-05	3.11E-06
326	19	7.17949	-22.1813	162.311	12364.3	-11162.4	-1944.29	163.228	177.823	0	-2.23E-05	3.93E-06	-1.54E-05	3.11E-06
327	0	7.33967	-22.0376	160.304	12234.3	-11061.1	-1906.65	163	177.681	0	-2.27E-05	5.65E-06	-1.60E-05	1.19E-05
327	1	7.59772	-21.7257	158.326	12045.8	-10912.6	-1880.71	163.075	177.918	0	-2.27E-05	5.65E-06	-1.60E-05	1.19E-05
327	2	7.85577	-21.4139	156.347	11857.3	-10764.2	-1854.77	163.152	178.161	0	-2.02E-05	4.72E-06	-1.40E-05	1.48E-05
327	3	8.09155	-21.0639	155.355	11714.9	-10653	-1809.66	163.428	178.593	0	-2.02E-05	4.72E-06	-1.40E-05	1.48E-05
327	4	8.32732	-20.7138	154.363	11572.6	-10541.9	-1764.55	163.707	179.03	0	-1.99E-05	1.03E-06	-1.33E-05	-2.84E-06
327	5	8.58318	-20.4696	152.941	11470	-10472.1	-1743.83	163.529	179.004	0	-2.10E-05	5.20E-07	-1.32E-05	-1.79E-05
327	6	8.83904	-20.2253	151.519	11367.3	-10402.3	-1723.11	163.347	178.978	0	-2.10E-05	5.20E-07	-1.32E-05	-1.79E-05
327	7	9.12811	-19.9519	150.734	11260.3	-10276.2	-1710.88	163.826	179.297	0	-2.14E-05	4.70E-06	-1.29E-05	-2.03E-05
327	8	9.41718	-19.6784	149.949	11153.2	-10150.2	-1698.66	164.309	179.62	0	-2.14E-05	4.70E-06	-1.29E-05	-2.03E-05
327	9	9.56332	-19.4476	149.499	11117.4	-10059.5	-1679.14	164.712	179.636	0	-2.19E-05	7.48E-06	-1.49E-05	-2.43E-05
327	10	9.70946	-19.2168	149.049	11081.6	-9968.83	-1659.63	165.117	179.651	0	-2.19E-05	7.48E-06	-1.49E-05	-2.43E-05
327	11	9.75177	-19.0111	148.468	11007.1	-9918.34	-1640.57	165.195	179.863	0	-2.41E-05	9.30E-06	-1.12E-05	-3.62E-05
327	12	9.79407	-18.8054	147.887	10932.5	-9867.86	-1621.52	165.274	180.075	0	-2.41E-05	9.30E-06	-1.12E-05	-3.62E-05
327	13	9.80185	-18.6498	147.455	10881.8	-9876.18	-1642.42	165.022	180.202	0	-2.62E-05	8.48E-06	-5.54E-06	-3.55E-05
327	14	9.80962	-18.4941	147.022	10831.2	-9884.5	-1663.33	164.769	180.33	0	-2.51E-05	7.81E-06	-5.64E-06	-2.23E-05
327	15	9.6446	-18.607	146.857	10794.9	-9917.96	-1666.18	164.465	180.494	0	-2.51E-05	7.81E-06	-5.64E-06	-2.23E-05
327	16	9.47958	-18.7199	146.691	10758.6	-9951.43	-1669.03	164.161	180.658	0	-2.30E-05	7.06E-06	-6.84E-06	-2.22E-05
327	17	9.30177	-18.9917	146.863	10750.2	-9995.8	-1666.43	163.938	180.801	0	-2.30E-05	7.06E-06	-6.84E-06	-2.22E-05
327	18	9.12396	-19.2635	147.034	10741.8	-10040.2	-1663.84	163.715	180.943	0	-2.31E-05	5.83E-06	-1.06E-05	-2.17E-05
327	19	8.81454	-19.5104	147.896	10716	-10082.4	-1647.08	163.828	181.544	0	-2.31E-05	5.83E-06	-1.06E-05	-2.17E-05
328	0	8.50511	-19.7572	148.758	10690.1	-10124.7	-1630.32	163.939	182.138	0	-2.42E-05	5.26E-06	-1.26E-05	-1.77E-05
328	1	8.35651	-19.9693	149.444	10725.7	-10179	-1662.87	163.887	182.23	0	-2.42E-05	5.26E-06	-1.26E-05	-1.77E-05
328	2	8.2079	-20.1814	150.13	10761.2	-10233.4	-1695.42	163.837	182.321	0	-2.83E-05	2.95E-06	-9.54E-06	-1.61E-05
328	3	8.10616	-20.2554	151.524	10818.5	-10333.2	-1706.24	163.805	182.602	0	-2.99E-05	1.41E-06	-6.60E-06	-1.57E-05
328	4	8.00443	-20.3293	152.917	10875.8	-10433	-1717.06	163.774	182.878	0	-2.99E-05	1.41E-06	-6.60E-06	-1.57E-05
328	5	8.07277	-20.2865	153.776	10954.5	-10507.7	-1728.73	163.669	182.764	0	-2.86E-05	3.43E-06	-4.51E-06	-1.44E-05
328	6	8.14112	-20.2438	154.636	11033.2	-10582.3	-1740.41	163.566	182.65	0	-2.86E-05	3.43E-06	-4.51E-06	-1.44E-05
328	7	8.32589	-20.2098	155.509	11148.9	-10604.6	-1758.45	163.807	182.307	0	-2.54E-05	5.12E-06	-5.06E-06	4.17E-06
328	8	8.51067	-20.1757	156.382	11264.6	-10626.9	-1776.49	164.046	181.967	0	-2.54E-05	5.12E-06	-5.06E-06	4.17E-06
328	9	8.6306	-20.171	157.899	11385.3	-10678.4	-1826.7	164.372	181.895	0	-2.32E-05	4.21E-06	-1.08E-05	2.13E-05
328	10	8.75052	-20.1662	159.416	11506	-10729.9	-1876.9	164.692	181.824	0	-2.32E-05	4.21E-06	-1.08E-05	2.13E-05
328	11	8.72485	-20.184	160.603	11591.4	-10786.4	-1903.4	164.838	181.826	0	-2.41E-05	1.53E-06	-1.49E-05	1.96E-05
328	12	8.69918	-20.2019	161.79	11676.7	-10842.8	-1929.89	164.983	181.828	0	-2.23E-05	-9.79E-07	-1.40E-05	9.45E-06
328	13	8.56215	-20.5254	163.175	11781.7	-10930.9	-1946.29	165.011	181.797	0	-2.23E-05	-9.79E-07	-1.40E-05	9.45E-06
328	14	8.42512	-20.849	164.56	11886.8	-11019.1	-1962.69	165.039	181.766	0	-2.25E-05	-1.81E-06	-1.06E-05	9.16E-06
328	15	8.31288	-21.2829	165.368	11917.9	-11062.7	-1986.74	165.103	181.931	0	-2.25E-05	-1.81E-06	-1.06E-05	9.16E-06
328	16	8.20064	-21.7169	166.176	11949.1	-11106.2	-2010.79	165.166	182.094	0	-2.22E-05	4.47E-08	-8.13E-06	1.36E-05
328	17	7.94341	-22.1678	167.307	11974.9	-11241.7	-2020.64	164.808	182.426	0	-2.22E-05	4.47E-08	-8.13E-06	1.36E-05
328	18	7.68618	-22.6188	168.438	12000.7	-11377.2	-2030.48	164.455	182.753	0	-2.05E-05	2.93E-06	-6.29E-06	1.28E-05
328	19	7.43316	-22.976	169.329	12032.8	-11444.4	-2073.32	164.413	182.938	0	-2.05E-05	2.93E-06	-6.29E-06	1.28E-05
329	0	7.18013	-23.3332	170.219	12064.8	-11511.7	-2116.15	164.371	183.122	0	-2.16E-05	3.56E-06	-7.16E-06	9.72E-06
329	1	7.00181	-23.537	170.938	12084.2	-11580.1	-2141.26	164.255	183.306	0	-1.83E-05	4.16E-06	-9.47E-06	1.54E-05
329	2	6.82349	-23.7409	171.656	12103.6	-11648.6	-2166.37	164.14	183.489	0	-1.83E-05	4.16E-06	-9.47E-06	1.54E-05
329	3	6.67898	-24.1166	172.182	12146.8	-11706.1	-2160.18	164.013	183.453	0	-7.62E-06	6.22E-06	-1.18E-05	1.96E-05
329	4	6.53447	-24.4924	172.707	12190	-11763.7	-2153.99	163.886	183.418	0	-7.62E-06	6.22E-06	-1.18E-05	1.96E-05
329	5	6.43095	-24.8169	173.154	12226.2	-11852.7	-2182.45	163.548	183.392	0	-1.17E-05	5.10E-06	-1.59E-05	3.89E-06
329	6	6.32743	-25.1413	173.602	12262.3	-11941.7	-2210.91	163.212	183.366	0	-1.17E-05	5.10E-06	-1.59E-05	3.89E-06
329	7	6.35025	-25.3986	174.582	12290.9	-11971.9	-2235.6	163.425	183.598	0	-2.02E-05	5.18E-06	-1.61E-05	-2.76E-05
329	8	6.37308	-25.6558	175.562	12319.6	-12002.1	-2260.29	163.636	183.828	0	-2.02E-05	5.18E-06	-1.61E-05	-2.76E-05
329	9	6.40561	-25.8252	176.932	12364.1	-12049.5	-2287.34	163.898	184.12	0	-1.96E-05	2.64E-06	-1.71E-05	-4.26E-05
329	10	6.43814	-25.9947	178.302	12408.6	-12096.9	-2314.4	164.155	184.407	0	-1.90E-05	3.81E-06	-1.48E-05	-5.16E-05
329	11	6.57397	-26.1651	179.155	12474.4	-12112.6	-2358.45	164.39	184.371	0	-1.90E-05	3.81E-06	-1.48E-05	-5.16E-05
329	12	6.7098	-26.3355	180.007	12540.2	-12128.3	-2402.51	164.623	184.335	0	-1.91E-05	5.75E-06	-6.54E-06	-7.73E-05
329	13	6.79055	-26.5176	180.313	12604.8	-12115.2	-2422.56	164.81	184.095	0	-1.91E-05	5.75E-06	-6.54E-06	-7.73E-05
329	14	6.87129	-26.6997	180.619	12669.4	-12102.1	-2442.62	164.997	183.856	0	-2.02E-05	4.75E-06	-7.90E-07	-9.98E-05
329	15	6.98101	-26.933	180.999	12693.9	-12146.8	-2457.79	164.89	183.867	0	-2.02E-05	4.75E-06	-7.90E-07	-9.98E-05
329	16	7.09074	-27.1663	181.378	12718.4	-12191.6	-2472.96	164.784	183.879	0	-1.91E-05	3.84E-06	4.33E-06	-0.000101457
329	17	7.0435	-27.4344	182.156	12709.5	-12226.7	-2525.8	164.877	184.227	0	-1.91E-05	3.84E-06	4.33E-06	-0.000101457
329	18	6.99626	-27.7024	182.933	12700.7	-12261.9	-2578.64	164.97	184.572	0	-1.76E-05	3.83E-06	1.25E-06	-5.48E-05
329	19	6.76586	-28.1085	183.305	12689	-12331.6	-2580.15	164.726	184.777	0	-1.77E-05	5.23E-06	-1.16E-05	1.70E-05
330	0	6.53546	-28.5146	183.678	12677.3	-12401.3	-2581.67	164.484	184.981	0	-1.77E-05	5.23E-06	-1.16E-05	1.70E-05
330	1	6.45822	-29.071	184.32	12665.7	-12443.6	-2594.69	164.489	185.284	0	-1.85E-05	7.65E-06	-1.88E-05	6.63E-05
330	2	6.38097	-29.6274	184.961	12654.1	-12486	-2607.7	164.494	185.585	0	-1.85E-05	7.65E-06	-1.88E-05	6.63E-05
330	3	6.22995	-30.0713	185.315	12622.2	-12532.8	-2640.29	164.37	185.888	0	-1.76E-05	5.91E-06	-1.69E-05	6.36E-05
330	4	6.07892	-30.5153	185.668	12590.3	-12579.6	-2672.87	164.247	186.189	0	-1.76E-05	5.91E-06	-1.69E-05	6.36E-05
330	5	5.95623	-30.8525	185.586	12595.7	-12610.6	-2711.46	164.05	186.13	0	-1.78E-05	6.25E-06	-1.03E-05	2.95E-06
330	6	5.83354	-31.1897	185.504	12601.2	-12641.7	-2750.05	163.852	186.071	0	-1.78E-05	6.25E-06	-1.03E-05	2.95E-06
330	7	5.87307	-31.5087	185.586	12603.3	-12649.5	-2764.15	163.84	186.089	0	-1.92E-05	6.47E-06	-6.94E-07	-3.94E-05
330	8	5.9126	-31.8278	185.668	12605.5	-12657.4	-2778.24	163.828	186.107	0	-2.13E-05	5.97E-06	2.49E-06	-2.87E-05
330	9	6.00237	-32.081	186.111	12604.2	-12726	-2798.48	163.622	186.276	0	-2.13E-05	5.97E-06	2.49E-06	-2.87E-05
330	10	6.09214	-32.3343	186.555	12602.9	-12794.7	-2818.72	163.416	186.444	0	-2.35E-05	6.81E-06	-6.48E-07	-3.59E-05
330	11	6.11586	-32.5131	187.229	12601	-12853	-2844.81	163.351	186.697	0	-2.35E-05	6.81E-06	-6.48E-07	-3.59E-05
330	12	6.13958	-32.6919	187.902	12599.1	-12911.4	-2870.91	163.287	186.949	0	-2.42E-05	7.35E-06	-4.52E-06	-4.96E-05
330	13	6.17013	-32.9181	188.824	12566.1	-12958.1	-2925.9	163.374	187.451	0	-2.42E-05	7.35E-06	-4.52E-06	-4.96E-05
330	14	6.20068	-33.1442	189.745	12533.1	-13004.9	-2980.89	163.461	187.948	0	-2.34E-05	5.79E-06	-6.64E-06	-3.86E-05
330	15	6.12665	-33.7267	190.807	12449	-13066.5	-3020.52	163.52	188.756	0	-2.34E-05	5.79E-06	-6.64E-06	-3.86E-05
330	16	6.05262	-34.3092	191.868	12365	-13128	-3060.15	163.578	189.554	0	-2.41E-05	5.54E-06	-5.33E-06	-5.85E-06
330	17	5.96784	-34.8344	193.479	12286	-13177.2	-3044.81	163.894	190.499	0	-2.58E-05	7.86E-06	-8.45E-06	1.77E-05
330	18	5.88306	-35.3597	195.09	12207.1	-13226.3	-3029.48	164.204	191.429	0	-2.58E-05	7.86E-06	-8.45E-06	1.77E-05
330	19	5.59907	-35.8657	196.172	12162.7	-13351.6	-3061.78	163.939	192	0	-2.43E-05	6.20E-06	-6.04E-06	3.57E-05
331	0	5.31508	-36.3717	197.253	12118.3	-13477	-3094.09	163.677	192.565	0	-2.43E-05	6.20E-06	-6.04E-06	3.57E-05
331	1	4.96799	-36.747	198.459	12025.4	-13635.8	-3159.93	163.292	193.406	0	-2.31E-05	5.05E-06	-4.79E-06	4.43E-05
331	2	4.6209	-37.1223	199.665	11932.5	-13794.6	-3225.78	162.912	194.238	0	-2.31E-05	5.05E-06	-4.79E-06	4.43E-05
331	3	4.22935	-37.6588	201.08	11872.5	-13951	-3266.24	162.62	194.957	0	-2.32E-05	6.38E-06	-1.50E-05	1.40E-05
331	4	3.83779	-38.1952	202.495	11812.5	-14107.5	-3306.69	162.332	195.665	0	-2.32E-05	6.38E-06	-1.50E-05	1.40E-05
331	5	3.57401	-38.8616	204.398	11775.2	-14235.4	-3342.85	162.354	196.391	0	-2.49E-05	6.36E-06	-2.11E-05	-1.67E-05
331	6	3.31023	-39.5279	206.301	11737.8	-14363.4	-3379.02	162.377	197.104	0	-2.43E-05	6.09E-06	-1.62E-05	-1.19E-05
331	7	3.0676	-40.4444	208.053	11691.3	-14479.1	-3420.84	162.407	197.806	0	-2.43E-05	6.09E-06	-1.62E-05	-1.19E-05
331	8	2.82496	-41.3609	209.804	11644.7	-14594.8	-3462.66	162.436	198.497	0	-2.37E-05	5.20E-06	-8.42E-06	-9.53E-06
331	9	2.58678	-42.1987	211.558	11613.6	-14710.7	-3522.45	162.465	199.105	0	-2.37E-05	5.20E-06	-8.42E-06	-9.53E-06
331	10	2.3486	-43.0366	213.311	11582.4	-14826.5	-3582.23	162.493	199.702	0	-2.36E-05	5.28E-06	5.70E-06	-9.49E-06
331	11	2.21814	-43.5814	214.59	11601.8	-14940.4	-3661.14	162.377	199.935	0	-2.36E-05	5.28E-06	5.70E-06	-9.49E-06
331	12	2.08767	-44.1262	215.869	11621.1	-15054.3	-3740.04	162.262	200.166	0	-2.27E-05	5.83E-06	9.39E-06	6.66E-06
331	13	1.92794	-44.5345	217.146	11728	-15106	-3788.8	162.434	199.99	0	-2.27E-05	5.83E-06	9.39E-06	6.66E-06
331	14	1.76821	-44.9428	218.424	11834.9	-15157.7	-3837.57	162.604	199.817	0	-2.03E-05	5.58E-06	-5.70E-07	-3.01E-06
331	15	1.96202	-45.2318	219.449	11898.9	-15181.5	-3898.67	162.82	199.778	0	-2.04E-05	6.08E-06	-1.03E-05	-4.88E-05
331	16	2.15583	-45.5207	220.474	11962.8	-15205.2	-3959.78	163.034	199.741	0	-2.04E-05	6.08E-06	-1.03E-05	-4.88E-05
331	17	2.2456	-45.9709	221.382	12048.2	-15262.8	-4017.8	163.057	199.577	0	-2.12E-05	7.51E-06	-1.42E-05	-8.84E-05
331	18	2.33537	-46.421	222.29	12133.7	-15320.4	-4075.81	163.079	199.415	0	-2.12E-05	7.51E-06	-1.42E-05	-8.84E-05
331	19	2.26656	-47.0449	223.257	12147.5	-15401.8	-4125.66	163.013	199.589	0	-2.18E-05	7.10E-06	-1.45E-05	-0.000105391
332	0	2.19775	-47.6688	224.224	12161.4	-15483.1	-4175.51	162.948	199.762	0	-2.18E-05	7.10E-06	-1.45E-05	-0.000105391
332	1	2.16844	-48.3135	224.432	12148.6	-15471.9	-4208.14	163.062	199.87	0	-2.32E-05	6.33E-06	-1.12E-05	-5.92E-05
332	2	2.13913	-48.9583	224.641	12135.9	-15460.7	-4240.78	163.176	199.977	0	-2.32E-05	6.33E-06	-1.12E-05	-5.92E-05
332	3	2.23408	-49.6621	225.011	12095	-15495.6	-4292.9	163.134	200.247	0	-2.36E-05	7.14E-06	-1.13E-05	2.01E-05
332	4	2.32902	-50.3659	225.382	12054.2	-15530.6	-4345.02	163.092	200.517	0	-2.29E-05	6.19E-06	-1.23E-05	5.88E-05
332	5	2.24821	-50.9293	225.531	12021.4	-15556.2	-4384.46	163.024	200.697	0	-2.29E-05	6.19E-06	-1.23E-05	5.88E-05
332	6	2.16741	-51.4926	225.68	11988.5	-15581.8	-4423.9	162.956	200.878	0	-2.18E-05	3.44E-06	-7.35E-06	7.14E-05
332	7	2.27035	-51.8951	225.68	11932.7	-15635.1	-4429.04	162.72	201.126	0	-2.18E-05	3.44E-06	-7.35E-06	7.14E-05
332	8	2.37329	-52.2975	225.68	11876.8	-15688.4	-4434.19	162.484	201.373	0	-2.05E-05	3.21E-06	-6.88E-06	4.13E-05
332	9	2.57631	-52.6776	225.093	11777.8	-15692.8	-4481.17	162.283	201.676	0	-2.05E-05	3.21E-06	-6.88E-06	4.13E-05
332	10	2.77934	-53.0577	224.507	11678.7	-15697.2	-4528.16	162.082	201.981	0	-2.02E-05	5.91E-06	-1.51E-05	1.41E-05
332	11	2.88385	-53.2458	224.545	11618.6	-15693.2	-4539.96	162.111	202.257	0	-2.02E-05	5.91E-06	-1.51E-05	1.41E-05
332	12	2.98836	-53.4339	224.584	11558.5	-15689.2	-4551.77	162.141	202.534	0	-1.90E-05	6.05E-06	-2.17E-05	3.88E-06
332	13	3.12073	-53.6633	224.691	11522.7	-15673.9	-4546.22	162.243	202.718	0	-1.50E-05	4.97E-06	-2.45E-05	-2.52E-05
332	14	3.2531	-53.8928	224.798	11486.9	-15658.6	-4540.68	162.344	202.901	0	-1.50E-05	4.97E-06	-2.45E-05	-2.52E-05
332	15	3.49317	-54.016	224.277	11407.5	-15600.6	-4542.78	162.44	203.137	0	-1.29E-05	5.73E-06	-2.53E-05	-1.75E-05
332	16	3.73324	-54.1393	223.756	11328	-15542.7	-4544.88	162.537	203.373	0	-1.29E-05	5.73E-06	-2.53E-05	-1.75E-05
332	17	3.97272	-54.057	223.561	11192.2	-15491	-4539.75	162.708	203.937	0	-1.42E-05	5.55E-06	-2.17E-05	1.54E-05
332	18	4.21219	-53.9747	223.365	11056.4	-15439.3	-4534.62	162.878	204.501	0	-1.42E-05	5.55E-06	-2.17E-05	1.54E-05
332	19	4.30893	-53.7213	223.106	10953.6	-15436.2	-4529.02	162.812	204.904	0	-1.93E-05	2.79E-06	-1.29E-05	2.02E-05
333	0	4.40566	-53.4679	222.846	10850.8	-15433.1	-4523.41	162.745	205.308	0	-1.93E-05	2.79E-06	-1.29E-05	2.02E-05
333	1	4.38759	-53.1045	222.09	10789.6	-15349.8	-4512.73	162.885	205.418	0	-2.18E-05	-4.08E-07	-3.43E-06	-4.86E-06
333	2	4.36951	-52.7411	221.334	10728.4	-15266.5	-4502.06	163.025	205.528	0	-2.08E-05	-2.28E-06	-5.36E-06	-1.88E-05
333	3	4.34233	-52.5012	220.233	10689.1	-15187.2	-4472.98	163.04	205.464	0	-2.08E-05	-2.28E-06	-5.36E-06	-1.88E-05
333	4	4.31515	-52.2612	219.131	10649.8	-15108	-4443.9	163.055	205.4	0	-2.48E-05	-2.76E-06	-5.52E-06	-1.36E-05
333	5	4.26153	-51.9778	218.417	10538.8	-15082.7	-4414.95	162.945	205.749	0	-2.48E-05	-2.76E-06	-5.52E-06	-1.36E-05
333	6	4.20791	-51.6944	217.703	10427.7	-15057.5	-4385.99	162.834	206.101	0	-2.80E-05	-4.78E-07	2.27E-06	-2.05E-05
333	7	4.12639	-51.3902	217.034	10301.2	-15039.8	-4343.28	162.703	206.536	0	-2.80E-05	-4.78E-07	2.27E-06	-2.05E-05
333	8	4.04486	-51.0859	216.365	10174.7	-15022	-4300.57	162.571	206.974	0	-2.90E-05	2.32E-06	3.49E-06	-3.33E-05
333	9	3.89041	-50.8701	215.578	10070	-14945.1	-4261.65	162.674	207.288	0	-2.90E-05	2.32E-06	3.49E-06	-3.33E-05
333	10	3.73595	-50.6544	214.791	9965.33	-14868.2	-4222.73	162.779	207.605	0	-2.88E-05	3.40E-06	-2.50E-06	-3.05E-05
333	11	3.68803	-50.3552	213.781	9862.53	-14789.2	-4193.95	162.821	207.866	0	-2.63E-05	3.75E-06	-9.44E-06	-1.25E-05
333	12	3.64011	-50.0561	212.77	9759.72	-14710.3	-4165.16	162.863	208.13	0	-2.63E-05	3.75E-06	-9.44E-06	-1.25E-05
333	13	3.44681	-49.632	212.01	9743.5	-14710.6	-4132.17	162.614	208.042	0	-2.27E-05	4.14E-06	-1.61E-05	1.00E-06
333	14	3.25352	-49.2079	211.249	9727.26	-14710.9	-4099.17	162.363	207.954	0	-2.27E-05	4.14E-06	-1.61E-05	1.00E-06
333	15	3.1976	-48.7005	210.683	9677.58	-14641	-4076.65	162.507	208.066	0	-1.80E-05	3.75E-06	-1.68E-05	2.26E-06
333	16	3.14168	-48.1931	210.118	9627.89	-14571.2	-4054.13	162.652	208.179	0	-1.80E-05	3.75E-06	-1.68E-05	2.26E-06
333	17	3.33222	-47.5194	209.381	9612.28	-14511.3	-4020.46	162.694	208.092	0	-1.45E-05	4.28E-06	-1.42E-05	2.57E-06
333	18	3.52277	-46.8457	208.643	9596.68	-14451.4	-3986.79	162.736	208.004	0	-1.45E-05	4.28E-06	-1.42E-05	2.57E-06
333	19	3.66147	-46.1326	208.032	9571.41	-14417.9	-3966.32	162.694	207.991	0	-1.48E-05	4.75E-06	-1.85E-05	-1.22E-06
334	0	3.80017	-45.4194	207.42	9546.14	-14384.4	-3945.84	162.651	207.977	0	-1.37E-05	4.08E-06	-1.93E-05	-1.74E-05
334	1	3.92728	-44.8114	207.205	9505.89	-14374.8	-3916.41	162.625	208.123	0	-1.37E-05	4.08E-06	-1.93E-05	-1.74E-05
334	2	4.0544	-44.2035	206.989	9465.65	-14365.2	-3886.99	162.599	208.27	0	-1.19E-05	5.89E-06	-1.08E-05	-4.45E-05
334	3	4.02809	-43.7646	206.83	9449.84	-14297.7	-3848.47	162.872	208.311	0	-1.19E-05	5.89E-06	-1.08E-05	-4.45E-05
334	4	4.00177	-43.3258	206.672	9434.03	-14230.3	-3809.95	163.146	208.353	0	-1.36E-05	7.38E-06	6.14E-07	-5.59E-05
334	5	3.864	-42.9386	206.361	9413.96	-14201.2	-3773.34	163.183	208.381	0	-1.36E-05	7.38E-06	6.14E-07	-5.59E-05
334	6	3.72622	-42.5513	206.05	9393.9	-14172.1	-3736.74	163.22	208.41	0	-1.75E-05	8.40E-06	6.32E-06	-4.64E-05
334	7	3.7026	-42.0798	205.558	9306.47	-14152.9	-3723.86	163.149	208.726	0	-1.75E-05	8.40E-06	6.32E-06	-4.64E-05
334	8	3.67899	-41.6083	205.065	9219.05	-14133.7	-3710.98	163.077	209.043	0	-1.97E-05	6.98E-06	4.99E-06	-3.34E-05
334	9	3.55737	-41.2882	204.327	9174.07	-14135.2	-3699.99	162.821	209.101	0	-1.83E-05	5.46E-06	-2.39E-06	-3.24E-05
334	10	3.43575	-40.9682	203.589	9129.09	-14136.7	-3689	162.563	209.159	0	-1.83E-05	5.46E-06	-2.39E-06	-3.24E-05
334	11	3.38828	-40.6171	202.907	9072.92	-14114.5	-3649.97	162.439	209.285	0	-2.09E-05	7.16E-06	-8.92E-06	-2.09E-05
334	12	3.34081	-40.2661	202.225	9016.74	-14092.2	-3610.93	162.314	209.412	0	-2.09E-05	7.16E-06	-8.92E-06	-2.09E-05
334	13	3.16261	-39.9273	201.79	8961.7	-14063	-3581.6	162.309	209.589	0	-2.44E-05	5.26E-06	-8.72E-06	-9.13E-06
334	14	2.98441	-39.5886	201.355	8906.65	-14033.9	-3552.27	162.303	209.766	0	-2.44E-05	5.26E-06	-8.72E-06	-9.13E-06
334	15	2.9009	-39.2856	201.453	8864.23	-14000.5	-3555.93	162.503	209.999	0	-2.48E-05	3.07E-06	-6.25E-06	-1.89E-05
334	16	2.8174	-38.9825	201.552	8821.81	-13967.1	-3559.59	162.702	210.231	0	-2.48E-05	3.07E-06	-6.25E-06	-1.89E-05
334	17	2.79667	-38.6694	201.365	8795.09	-13970.4	-3531.11	162.621	210.323	0	-2.28E-05	1.78E-06	-6.51E-06	-2.25E-05
334	18	2.77594	-38.3563	201.177	8768.37	-13973.8	-3502.64	162.54	210.415	0	-2.12E-05	-1.28E-06	-6.61E-06	-1.63E-05
334	19	2.70666	-38.0865	200.941	8774.37	-13990.1	-3493.42	162.377	210.334	0	-2.12E-05	-1.28E-06	-6.61E-06	-1.63E-05
335	0	2.63738	-37.8166	200.705	8780.37	-14006.5	-3484.21	162.214	210.252	0	-2.00E-05	-1.95E-06	-9.79E-06	-1.69E-05
335	1	2.58075	-37.5162	200.724	8749.47	-13990.5	-3495.19	162.3	210.41	0	-2.00E-05	-1.95E-06	-9.79E-06	-1.69E-05
335	2	2.52412	-37.2158	200.743	8718.57	-13974.5	-3506.17	162.386	210.568	0	-2.05E-05	-9.69E-07	-1.17E-05	-1.96E-05
335	3	2.5291	-36.8294	200.705	8686.27	-13922.8	-3493.94	162.631	210.721	0	-2.05E-05	-9.69E-07	-1.17E-05	-1.96E-05
335	4	2.53408	-36.443	200.667	8653.98	-13871.1	-3481.72	162.875	210.874	0	-2.21E-05	3.52E-06	-1.33E-05	-1.71E-05
335	5	2.60683	-36.2145	200.967	8675.06	-13850.9	-3501.33	163.079	210.833	0	-2.21E-05	3.52E-06	-1.33E-05	-1.71E-05
335	6	2.67958	-35.9861	201.267	8696.14	-13830.7	-3520.94	163.282	210.793	0	-2.34E-05	7.34E-06	-1.05E-05	-1.90E-05
335	7	2.64185	-35.6782	201.391	8669.89	-13867.2	-3504.89	163.143	210.95	0	-2.34E-05	8.02E-06	-7.94E-06	-2.79E-05
335	8	2.60411	-35.3703	201.516	8643.64	-13903.7	-3488.85	163.005	211.107	0	-2.34E-05	8.02E-06	-7.94E-06	-2.79E-05
335	9	2.39954	-35.3186	201.318	8637.73	-13930.5	-3475.7	162.803	211.094	0	-2.30E-05	6.83E-06	-1.32E-05	-3.62E-05
335	10	2.19497	-35.2668	201.12	8631.82	-13957.3	-3462.55	162.602	211.081	0	-2.30E-05	6.83E-06	-1.32E-05	-3.62E-05
335	11	2.09281	-35.3182	201.369	8596.71	-13947.8	-3474.24	162.735	211.309	0	-2.28E-05	8.94E-06	-1.21E-05	-4.77E-05
335	12	1.99065	-35.3696	201.618	8561.6	-13938.2	-3485.93	162.868	211.536	0	-2.28E-05	8.94E-06	-1.21E-05	-4.77E-05
335	13	1.89765	-35.2677	201.937	8541.97	-14002.2	-3471.31	162.66	211.7	0	-2.29E-05	9.05E-06	-8.31E-06	-5.33E-05
335	14	1.80465	-35.1659	202.257	8522.35	-14066.3	-3456.68	162.453	211.864	0	-2.29E-05	9.05E-06	-8.31E-06	-5.33E-05
335	15	1.60979	-35.1714	202.396	8535.45	-14092.6	-3449.3	162.371	211.828	0	-2.22E-05	7.50E-06	-7.62E-06	-6.56E-05
335	16	1.41493	-35.1769	202.536	8548.55	-14118.9	-3441.92	162.289	211.792	0	-2.12E-05	5.87E-06	-7.20E-06	-5.65E-05
335	17	1.35296	-35.0315	202.623	8547.42	-14139.4	-3441.83	162.218	211.816	0	-2.12E-05	5.87E-06	-7.20E-06	-5.65E-05
335	18	1.29099	-34.886	202.71	8546.3	-14159.9	-3441.75	162.147	211.84	0	-2.04E-05	5.85E-06	-9.69E-06	-1.43E-05
335	19	1.27556	-34.7086	203.256	8565.18	-14200.7	-3444.7	162.134	211.86	0	-2.04E-05	5.85E-06	-9.69E-06	-1.43E-05
336	0	1.26013	-34.5312	203.802	8584.05	-14241.4	-3447.65	162.121	211.88	0	-2.12E-05	5.49E-06	-1.05E-05	2.01E-05
336	1	1.33538	-34.5522	204.46	8575.04	-14276.9	-3471.28	162.172	212.06	0	-2.12E-05	5.49E-06	-1.05E-05	2.01E-05
336	2	1.41062	-34.5732	205.117	8566.02	-14312.5	-3494.92	162.223	212.238	0	-2.28E-05	3.86E-06	-9.59E-06	3.79E-05
336	3	1.27949	-34.3851	205.617	8602.76	-14355.3	-3490.56	162.184	212.161	0	-2.28E-05	3.86E-06	-9.59E-06	3.79E-05
336	4	1.14835	-34.197	206.118	8639.49	-14398.1	-3486.2	162.146	212.085	0	-2.07E-05	3.70E-06	-9.59E-06	3.54E-05
336	5	1.24871	-34.2308	206.699	8693.72	-14456.7	-3481.02	162.059	211.94	0	-1.90E-05	2.44E-06	-8.60E-06	2.59E-05
336	6	1.34907	-34.2645	207.281	8747.96	-14515.3	-3475.84	161.973	211.797	0	-1.90E-05	2.44E-06	-8.60E-06	2.59E-05
336	7	1.41079	-34.2766	208.498	8741.08	-14540	-3488.6	162.263	212.076	0	-2.16E-05	2.01E-06	-8.76E-06	1.95E-05
336	8	1.47251	-34.2886	209.714	8734.2	-14564.8	-3501.36	162.55	212.352	0	-2.16E-05	2.01E-06	-8.76E-06	1.95E-05
336	9	1.34151	-34.2268	210.637	8750.13	-14588.7	-3518.98	162.74	212.459	0	-2.35E-05	3.35E-06	-7.96E-06	1.38E-05
336	10	1.2105	-34.165	211.559	8766.07	-14612.6	-3536.61	162.929	212.564	0	-2.35E-05	3.35E-06	-7.96E-06	1.38E-05
336	11	1.20856	-34.2291	212.674	8765.5	-14695	-3554.1	162.904	212.784	0	-2.44E-05	4.67E-06	-1.03E-05	1.65E-05
336	12	1.20661	-34.2933	213.788	8764.93	-14777.3	-3571.59	162.879	213.002	0	-2.44E-05	4.67E-06	-1.03E-05	1.65E-05
336	13	1.0946	-34.4403	214.462	8784.74	-14866.3	-3573.01	162.681	213.038	0	-2.38E-05	5.69E-06	-1.51E-05	1.41E-05
336	14	0.982579	-34.5872	215.135	8804.55	-14955.4	-3574.43	162.484	213.074	0	-2.24E-05	5.82E-06	-2.24E-05	3.22E-06
336	15	0.882292	-34.5829	216.37	8804.84	-15009.8	-3572.93	162.629	213.306	0	-2.24E-05	5.82E-06	-2.24E-05	3.22E-06
336	16	0.782005	-34.5785	217.604	8805.14	-15064.3	-3571.43	162.772	213.536	0	-2.25E-05	7.89E-06	-3.35E-05	-1.19E-06
336	17	0.746711	-34.6436	218.616	8876.96	-15154.4	-3580.78	162.68	213.395	0	-2.25E-05	7.89E-06	-3.35E-05	-1.19E-06
336	18	0.711416	-34.7087	219.628	8948.78	-15244.5	-3590.14	162.59	213.255	0	-2.10E-05	7.73E-06	-3.59E-05	2.18E-06
336	19	0.557171	-34.8728	220.763	8976.05	-15347.5	-3590.39	162.48	213.341	0	-2.10E-05	7.73E-06	-3.59E-05	2.18E-06
337	0	0.402926	-35.0369	221.899	9003.32	-15450.5	-3590.63	162.371	213.426	0	-2.14E-05	6.26E-06	-2.50E-05	8.88E-06
337	1	0.461241	-35.0399	222.969	9007.21	-15555.8	-3595.4	162.233	213.603	0	-2.14E-05	6.26E-06	-2.50E-05	8.88E-06
337	2	0.519557	-35.0429	224.039	9011.11	-15661.1	-3600.16	162.096	213.779	0	-2.16E-05	4.12E-06	-9.10E-06	2.62E-06
337	3	0.628709	-34.9743	225.035	9030.14	-15706.4	-3615.23	162.205	213.872	0	-2.11E-05	3.44E-06	1.55E-06	-6.43E-06
337	4	0.737861	-34.9058	226.031	9049.16	-15751.7	-3630.3	162.312	213.965	0	-2.11E-05	3.44E-06	1.55E-06	-6.43E-06
337	5	0.698002	-34.921	227.41	9109	-15847.1	-3660.71	162.315	213.945	0	-2.09E-05	3.01E-06	9.15E-06	-6.98E-06
337	6	0.658143	-34.9362	228.789	9168.84	-15942.6	-3691.11	162.318	213.924	0	-2.09E-05	3.01E-06	9.15E-06	-6.98E-06
337	7	0.811803	-34.9172	230.26	9200.85	-16030.3	-3691.23	162.382	214.041	0	-1.99E-05	4.06E-06	6.93E-06	-2.45E-05
337	8	0.965463	-34.8981	231.731	9232.85	-16118.1	-3691.36	162.445	214.157	0	-1.99E-05	4.06E-06	6.93E-06	-2.45E-05
337	9	0.999998	-34.9842	233.501	9260.34	-16169.6	-3684.34	162.751	214.341	0	-1.96E-05	3.02E-06	-5.42E-06	-8.21E-05
337	10	1.03453	-35.0702	235.272	9287.83	-16221.2	-3677.32	163.053	214.523	0	-1.96E-05	3.02E-06	-5.42E-06	-8.21E-05
337	11	1.02097	-35.1105	236.71	9375.08	-16311.6	-3672.72	163.09	214.394	0	-1.90E-05	3.08E-06	-7.84E-06	-0.000133429
337	12	1.00742	-35.1507	238.148	9462.34	-16402.1	-3668.12	163.126	214.267	0	-1.99E-05	3.69E-06	-4.79E-06	-0.000118285
337	13	1.03999	-35.1029	239.865	9489.83	-16525.8	-3685.83	163.104	214.437	0	-1.99E-05	3.69E-06	-4.79E-06	-0.000118285
337	14	1.07256	-35.0552	241.583	9517.32	-16649.5	-3703.55	163.082	214.604	0	-2.17E-05	4.91E-06	-1.46E-06	-3.70E-05
337	15	1.06716	-35.1202	242.957	9591.2	-16750.3	-3714.03	163.056	214.523	0	-2.17E-05	4.91E-06	-1.46E-06	-3.70E-05
337	16	1.06176	-35.1851	244.33	9665.08	-16851.2	-3724.51	163.031	214.443	0	-2.08E-05	5.16E-06	9.89E-06	1.06E-05
337	17	1.06984	-35.3816	245.761	9719.98	-16948.4	-3706.14	163.037	214.449	0	-2.08E-05	5.16E-06	9.89E-06	1.06E-05
337	18	1.07793	-35.578	247.192	9774.88	-17045.7	-3687.78	163.043	214.456	0	-1.97E-05	4.83E-06	7.15E-06	-6.35E-06
337	19	1.06826	-35.6422	248.726	9790.71	-17171.4	-3699.11	162.962	214.637	0	-1.97E-05	4.83E-06	7.15E-06	-6.35E-06
338	0	1.05859	-35.7065	250.26	9806.54	-17297.2	-3710.44	162.883	214.815	0	-2.00E-05	4.57E-06	-3.61E-06	1.40E-05
338	1	1.18404	-35.7082	251.533	9821.63	-17425.6	-3730.35	162.723	214.953	0	-1.96E-05	4.75E-06	-7.64E-06	4.34E-05
338	2	1.30948	-35.7098	252.806	9836.72	-17553.9	-3750.25	162.564	215.09	0	-1.96E-05	4.75E-06	-7.64E-06	4.34E-05
338	3	1.39137	-35.7618	254.763	9941.08	-17681.5	-3758.25	162.596	214.979	0	-1.84E-05	3.62E-06	-1.51E-05	3.43E-05
338	4	1.47327	-35.8137	256.72	10045.4	-17809.1	-3766.25	162.628	214.87	0	-1.84E-05	3.62E-06	-1.51E-05	3.43E-05
338	5	1.51714	-35.7358	258.455	10112.7	-17872.8	-3780.17	162.848	214.873	0	-1.77E-05	1.99E-06	-1.89E-05	1.01E-06
338	6	1.56101	-35.6579	260.191	10179.9	-17936.4	-3794.09	163.064	214.875	0	-1.77E-05	1.99E-06	-1.89E-05	1.01E-06
338	7	1.72015	-35.5883	261.851	10221.6	-18024.9	-3779.64	163.163	214.964	0	-1.82E-05	2.88E-06	-1.34E-05	3.19E-06
338	8	1.87929	-35.5187	263.512	10263.3	-18113.5	-3765.18	163.261	215.052	0	-1.82E-05	2.88E-06	-1.34E-05	3.19E-06
338	9	2.14825	-35.4748	265.166	10339.1	-18223.8	-3773.3	163.274	215.009	0	-1.96E-05	1.85E-06	-1.47E-05	2.74E-05
338	10	2.4172	-35.4308	266.821	10414.8	-18334.2	-3781.42	163.286	214.967	0	-1.85E-05	2.09E-06	-1.64E-05	1.69E-05
338	11	2.5312	-35.3363	268.898	10481.2	-18419.5	-3793.92	163.5	215.022	0	-1.85E-05	2.09E-06	-1.64E-05	1.69E-05
338	12	2.6452	-35.2417	270.975	10547.7	-18504.8	-3806.41	163.71	215.075	0	-1.87E-05	3.92E-06	-1.19E-05	-3.92E-05
338	13	2.7551	-35.2111	272.578	10609.4	-18601.8	-3808.69	163.756	215.077	0	-1.87E-05	3.92E-06	-1.19E-05	-3.92E-05
338	14	2.865	-35.1805	274.181	10671.1	-18698.8	-3810.96	163.801	215.08	0	-1.90E-05	4.34E-06	-6.96E-06	-8.49E-05
338	15	2.96799	-35.1656	275.729	10713.8	-18816.5	-3813.95	163.757	215.144	0	-1.90E-05	4.34E-06	-6.96E-06	-8.49E-05
338	16	3.07098	-35.1507	277.277	10756.5	-18934.3	-3816.94	163.714	215.207	0	-1.89E-05	4.22E-06	4.35E-07	-7.58E-05
338	17	3.11188	-35.2276	278.711	10788.8	-19047	-3827.54	163.66	215.29	0	-1.89E-05	4.22E-06	4.35E-07	-7.58E-05
338	18	3.15277	-35.3046	280.144	10821.2	-19159.7	-3838.14	163.608	215.373	0	-1.83E-05	4.44E-06	3.90E-06	-5.08E-05
338	19	3.25687	-35.2398	282.078	10870.8	-19279.8	-3825.32	163.651	215.462	0	-1.87E-05	5.16E-06	-3.89E-06	5.32E-07
339	0	3.36097	-35.1751	284.011	10920.4	-19400	-3812.51	163.693	215.549	0	-1.87E-05	5.16E-06	-3.89E-06	5.32E-07
339	1	3.46392	-35.1549	285.919	10949.5	-19555.1	-3815.5	163.606	215.704	0	-1.88E-05	5.88E-06	-9.28E-06	6.72E-05
339	2	3.56687	-35.1348	287.828	10978.5	-19710.2	-3818.49	163.521	215.857	0	-1.88E-05	5.88E-06	-9.28E-06	6.72E-05
339	3	3.68979	-35.1261	289.241	11074.1	-19806.1	-3812.53	163.524	215.713	0	-1.82E-05	4.54E-06	-1.13E-05	7.78E-05
339	4	3.81271	-35.1175	290.654	11169.8	-19902.1	-3806.56	163.527	215.57	0	-1.82E-05	4.54E-06	-1.13E-05	7.78E-05
339	5	3.80178	-35.096	291.85	11243	-19991.2	-3793.07	163.502	215.477	0	-2.18E-05	3.74E-06	-1.46E-05	3.28E-05
339	6	3.79084	-35.0745	293.046	11316.1	-20080.3	-3779.57	163.477	215.384	0	-2.18E-05	3.74E-06	-1.46E-05	3.28E-05
339	7	3.98354	-35.0193	294.999	11341.6	-20175.3	-3797.73	163.609	215.554	0	-2.66E-05	6.63E-06	-1.72E-05	8.21E-06
339	8	4.17624	-34.9641	296.952	11367.1	-20270.4	-3815.89	163.739	215.721	0	-2.56E-05	7.44E-06	-1.66E-05	7.73E-06
339	9	4.3877	-34.9309	298.625	11448.6	-20373.1	-3833.98	163.777	215.662	0	-2.56E-05	7.44E-06	-1.66E-05	7.73E-06
339	10	4.59916	-34.8977	300.298	11530.1	-20475.7	-3852.07	163.815	215.605	0	-2.24E-05	9.29E-06	-1.56E-05	1.30E-05
339	11	4.79723	-34.6463	301.817	11589	-20545.5	-3830.32	163.927	215.603	0	-2.24E-05	9.29E-06	-1.56E-05	1.30E-05
339	12	4.99529	-34.395	303.335	11647.9	-20615.2	-3808.57	164.038	215.6	0	-2.25E-05	1.08E-05	-1.08E-05	2.31E-06
339	13	5.21582	-34.2513	305.326	11682.7	-20741.5	-3801.35	164.068	215.737	0	-2.25E-05	1.08E-05	-1.08E-05	2.31E-06
339	14	5.43634	-34.1076	307.316	11717.5	-20867.7	-3794.14	164.097	215.872	0	-2.09E-05	1.01E-05	-1.08E-05	-2.82E-05
339	15	5.4834	-34.0897	308.896	11778.3	-20962.2	-3808.02	164.138	215.87	0	-2.09E-05	1.01E-05	-1.08E-05	-2.82E-05
339	16	5.53047	-34.0717	310.475	11839.1	-21056.6	-3821.9	164.179	215.868	0	-2.06E-05	9.07E-06	-5.25E-06	-6.08E-05
339	17	5.62058	-33.9912	312.023	11888.2	-21126.9	-3826.69	164.291	215.9	0	-2.06E-05	7.43E-06	1.33E-05	-6.03E-05
339	18	5.71069	-33.9108	313.571	11937.3	-21197.1	-3831.47	164.401	215.931	0	-2.06E-05	7.43E-06	1.33E-05	-6.03E-05
339	19	5.84654	-33.7823	314.932	12002.9	-21318.5	-3802.42	164.308	215.887	0	-2.03E-05	3.49E-06	1.47E-05	-3.03E-05
340	0	5.98238	-33.6539	316.293	12068.4	-21440	-3773.37	164.215	215.844	0	-2.03E-05	3.49E-06	1.47E-05	-3.03E-05
340	1	6.10147	-33.6827	317.95	12124	-21554.2	-3777.85	164.209	215.868	0	-2.02E-05	-9.06E-07	1.67E-06	-9.62E-06
340	2	6.22055	-33.7115	319.606	12179.6	-21668.4	-3782.32	164.203	215.892	0	-2.02E-05	-9.06E-07	1.67E-06	-9.62E-06
340	3	6.33442	-33.5256	321.284	12216.8	-21774.3	-3794.69	164.227	215.975	0	-2.22E-05	-4.54E-06	-1.10E-05	-1.83E-05
340	4	6.4483	-33.3397	322.961	12253.9	-21880.3	-3807.05	164.251	216.058	0	-2.22E-05	-4.54E-06	-1.10E-05	-1.83E-05
340	5	6.4633	-33.3396	324.648	12298.5	-21973.5	-3815.74	164.316	216.118	0	-2.65E-05	-9.57E-06	-1.22E-05	-4.66E-05
340	6	6.4783	-33.3395	326.334	12343	-22066.8	-3824.44	164.38	216.177	0	-3.06E-05	-8.50E-06	-4.49E-06	-7.05E-05
340	7	6.58587	-33.275	328.174	12391.2	-22213.9	-3819.96	164.311	216.242	0	-3.06E-05	-8.50E-06	-4.49E-06	-7.05E-05
340	8	6.69344	-33.2106	330.014	12439.4	-22361.1	-3815.49	164.242	216.307	0	-3.17E-05	-1.29E-07	-5.54E-06	-5.63E-05
340	9	6.81679	-33.1509	331.388	12488.6	-22437.1	-3809.7	164.293	216.314	0	-3.17E-05	-1.29E-07	-5.54E-06	-5.63E-05
340	10	6.94013	-33.0913	332.762	12537.9	-22513.2	-3803.92	164.345	216.322	0	-2.89E-05	3.86E-06	-1.53E-05	-3.02E-05
340	11	7.15062	-32.9031	334.462	12589.6	-22590.8	-3821.75	164.456	216.359	0	-2.89E-05	3.86E-06	-1.53E-05	-3.02E-05
340	12	7.3611	-32.715	336.161	12641.3	-22668.5	-3839.58	164.567	216.395	0	-2.54E-05	3.90E-06	-1.36E-05	-1.05E-05
340	13	7.41522	-32.5962	337.988	12705.6	-22784.4	-3833.97	164.588	216.408	0	-2.54E-05	3.90E-06	-1.36E-05	-1.05E-05
340	14	7.46933	-32.4774	339.816	12769.8	-22900.3	-3828.36	164.61	216.421	0	-2.27E-05	4.56E-06	-7.19E-06	1.99E-05
340	15	7.6909	-32.3616	341.366	12824.3	-23010.2	-3823.06	164.594	216.432	0	-2.06E-05	7.30E-06	-4.81E-06	4.28E-05
340	16	7.91247	-32.2459	342.916	12878.7	-23120.1	-3817.76	164.578	216.443	0	-2.06E-05	7.30E-06	-4.81E-06	4.28E-05
340	17	8.13164	-32.2591	344.228	12939.5	-23212.9	-3840.09	164.565	216.41	0	-2.29E-05	8.05E-06	-7.81E-06	4.98E-05
340	18	8.3508	-32.2723	345.541	13000.2	-23305.7	-3862.43	164.553	216.377	0	-2.29E-05	8.05E-06	-7.81E-06	4.98E-05
340	19	8.46501	-32.2419	347.517	12990.1	-23372.3	-3874.11	164.745	216.62	0	-2.41E-05	9.23E-06	-1.39E-05	2.50E-05
341	0	8.57921	-32.2115	349.493	12980	-23438.9	-3885.79	164.934	216.861	0	-2.41E-05	9.23E-06	-1.39E-05	2.50E-05
341	1	8.57163	-32.1289	351.29	12991.7	-23585	-3883.33	164.862	217.017	0	-2.23E-05	9.05E-06	-7.57E-06	-2.46E-07
341	2	8.56405	-32.0464	353.088	13003.4	-23731.1	-3880.87	164.79	217.172	0	-2.23E-05	9.05E-06	-7.57E-06	-2.46E-07
341	3	8.61616	-31.9902	354.839	13108	-23830.4	-3885.82	164.842	217.059	0	-1.93E-05	7.90E-06	-3.00E-06	-1.44E-05
341	4	8.66827	-31.934	356.591	13212.5	-23929.8	-3890.76	164.893	216.948	0	-1.89E-05	9.33E-06	-1.59E-05	-1.91E-06
341	5	8.77436	-32.0039	357.88	13239.5	-24010.1	-3886.68	164.91	217.006	0	-1.89E-05	9.33E-06	-1.59E-05	-1.91E-06
341	6	8.88046	-32.0739	359.168	13266.6	-24090.4	-3882.61	164.927	217.063	0	-1.88E-05	9.81E-06	-3.16E-05	2.88E-05
341	7	8.89621	-32.0078	360.837	13290.5	-24212	-3869.95	164.901	217.168	0	-1.88E-05	9.81E-06	-3.16E-05	2.88E-05
341	8	8.91196	-31.9417	362.506	13314.4	-24333.5	-3857.29	164.874	217.271	0	-2.08E-05	7.61E-06	-3.99E-05	4.74E-05
341	9	9.00274	-31.904	364.208	13363.9	-24466.4	-3859.77	164.823	217.307	0	-2.08E-05	7.61E-06	-3.99E-05	4.74E-05
341	10	9.09353	-31.8664	365.91	13413.5	-24599.4	-3862.24	164.772	217.342	0	-2.44E-05	5.10E-06	-4.28E-05	2.90E-05
341	11	9.17814	-31.934	367.922	13495.8	-24690.2	-3868.02	164.893	217.319	0	-2.44E-05	5.10E-06	-4.28E-05	2.90E-05
341	12	9.26276	-32.0017	369.934	13578	-24781	-3873.79	165.012	217.296	0	-2.46E-05	1.65E-06	-3.77E-05	-8.62E-07
341	13	9.33183	-31.8821	371.84	13597.3	-24896	-3884.22	165.046	217.432	0	-2.35E-05	5.30E-07	-2.28E-05	-2.36E-05
341	14	9.4009	-31.7625	373.746	13616.5	-25011	-3894.65	165.08	217.567	0	-2.35E-05	5.30E-07	-2.28E-05	-2.36E-05
341	15	9.50146	-31.7551	375.544	13686.9	-25142.2	-3891.64	165.051	217.555	0	-2.21E-05	3.39E-06	-8.77E-06	-6.41E-05
341	16	9.60203	-31.7476	377.343	13757.2	-25273.4	-3888.63	165.023	217.542	0	-2.21E-05	3.39E-06	-8.77E-06	-6.41E-05
341	17	9.76213	-31.7183	379.342	13790.1	-25347.6	-3895.44	165.18	217.647	0	-2.31E-05	5.07E-06	-1.53E-05	-7.47E-05
341	18	9.92222	-31.6891	381.34	13823	-25421.9	-3902.25	165.335	217.752	0	-2.31E-05	5.07E-06	-1.53E-05	-7.47E-05
341	19	9.94009	-31.6382	383.357	13868	-25526.5	-3928.1	165.413	217.825	0	-2.22E-05	6.53E-06	-1.37E-05	-6.71E-05
342	0	9.95796	-31.5874	385.373	13913	-25631.1	-3953.96	165.49	217.897	0	-2.22E-05	6.53E-06	-1.37E-05	-6.71E-05
342	1	9.95887	-31.6411	386.838	13977.6	-25738.1	-3952.9	165.466	217.867	0	-2.14E-05	6.48E-06	1.86E-06	-4.55E-05
342	2	9.95979	-31.6948	388.304	14042.1	-25845	-3951.83	165.441	217.837	0	-2.17E-05	7.38E-06	1.03E-05	-4.58E-05
342	3	10.0789	-31.6565	390.015	14070.7	-25930.3	-3947.79	165.515	217.923	0	-2.17E-05	7.38E-06	1.03E-05	-4.58E-05
342	4	10.1979	-31.6182	391.727	14099.2	-26015.5	-3943.74	165.588	218.008	0	-2.22E-05	8.32E-06	9.16E-06	-6.36E-05
342	5	10.2746	-31.6103	393.623	14148.6	-26149	-3962.67	165.568	218.056	0	-2.22E-05	8.32E-06	9.16E-06	-6.36E-05
342	6	10.3513	-31.6024	395.519	14198	-26282.5	-3981.59	165.549	218.103	0	-2.08E-05	6.51E-06	1.76E-05	-5.63E-05
342	7	10.3966	-31.5288	397.283	14251.1	-26412.4	-3976.35	165.517	218.129	0	-2.08E-05	6.51E-06	1.76E-05	-5.63E-05
342	8	10.4419	-31.4552	399.047	14304.3	-26542.4	-3971.12	165.486	218.154	0	-1.95E-05	6.41E-06	1.81E-05	-2.03E-05
342	9	10.4375	-31.5228	400.887	14327.8	-26640.4	-3972.26	165.546	218.26	0	-1.95E-05	6.41E-06	1.81E-05	-2.03E-05
342	10	10.4331	-31.5904	402.726	14351.3	-26738.5	-3973.4	165.606	218.365	0	-1.86E-05	7.73E-06	2.98E-06	2.57E-06
342	11	10.5073	-31.5821	404.689	14404.4	-26857.9	-3965.95	165.633	218.406	0	-1.98E-05	6.14E-06	-8.14E-06	1.49E-05
342	12	10.5815	-31.5738	406.653	14457.6	-26977.3	-3958.5	165.66	218.447	0	-1.98E-05	6.14E-06	-8.14E-06	1.49E-05
342	13	10.662	-31.5542	408.247	14495.6	-27081.4	-3982.93	165.664	218.493	0	-1.96E-05	3.03E-06	-1.43E-05	1.06E-05
342	14	10.7424	-31.5347	409.842	14533.7	-27185.4	-4007.37	165.668	218.538	0	-1.96E-05	3.03E-06	-1.43E-05	1.06E-05
342	15	10.8261	-31.5355	411.48	14573.4	-27318.2	-4031.17	165.61	218.583	0	-1.97E-05	2.09E-06	-9.43E-06	-7.28E-08
342	16	10.9099	-31.5363	413.119	14613.1	-27451	-4054.98	165.552	218.628	0	-1.97E-05	2.09E-06	-9.43E-06	-7.28E-08
342	17	10.9856	-31.5213	414.575	14643.9	-27566.2	-4059.78	165.507	218.677	0	-2.01E-05	3.58E-06	-9.14E-06	-1.04E-05
342	18	11.0613	-31.5063	416.03	14674.7	-27681.4	-4064.59	165.463	218.727	0	-2.01E-05	3.58E-06	-9.14E-06	-1.04E-05
342	19	11.0947	-31.5831	418.098	14729.6	-27762.1	-4057.96	165.599	218.77	0	-2.10E-05	1.31E-06	-1.38E-05	-1.79E-05
343	0	11.128	-31.6599	420.166	14784.5	-27842.8	-4051.34	165.734	218.813	0	-2.16E-05	-3.69E-07	-6.92E-06	-7.22E-06
343	1	11.2633	-31.6284	421.935	14820	-27966.5	-4083.71	165.719	218.876	0	-2.16E-05	-3.69E-07	-6.92E-06	-7.22E-06
343	2	11.3985	-31.5969	423.705	14855.5	-28090.1	-4116.09	165.704	218.939	0	-2.33E-05	-1.65E-06	-7.98E-07	1.50E-05
343	3	11.4797	-31.6378	425.367	14883.2	-28190.1	-4123.39	165.728	219.011	0	-2.33E-05	-1.65E-06	-7.98E-07	1.50E-05
343	4	11.5609	-31.6788	427.029	14911	-28290.1	-4130.69	165.751	219.082	0	-2.28E-05	7.36E-08	-8.98E-06	1.52E-05
343	5	11.5239	-31.6736	428.941	14962.7	-28383.1	-4140.85	165.83	219.117	0	-2.28E-05	7.36E-08	-8.98E-06	1.52E-05
343	6	11.4869	-31.6685	430.853	15014.4	-28476.1	-4151.01	165.908	219.152	0	-2.14E-05	2.09E-06	-1.83E-05	1.45E-05
343	7	11.4669	-31.7053	431.995	15052.8	-28568	-4159.22	165.87	219.155	0	-2.14E-05	2.09E-06	-1.83E-05	1.45E-05
343	8	11.4468	-31.7421	433.137	15091.1	-28659.9	-4167.43	165.832	219.159	0	-2.09E-05	3.90E-06	-2.91E-05	2.78E-05
343	9	11.4619	-31.8103	434.981	15087.6	-28737.5	-4190.61	165.934	219.314	0	-2.07E-05	4.32E-06	-3.66E-05	1.87E-05
343	10	11.477	-31.8784	436.826	15084.1	-28815.1	-4213.79	166.035	219.469	0	-2.07E-05	4.32E-06	-3.66E-05	1.87E-05
343	11	11.4826	-31.9316	438.625	15105.8	-28939.6	-4235.08	166.022	219.561	0	-2.12E-05	5.04E-06	-2.16E-05	2.74E-07
343	12	11.4882	-31.9848	440.424	15127.5	-29064	-4256.36	166.009	219.652	0	-2.12E-05	5.04E-06	-2.16E-05	2.74E-07
343	13	11.4878	-31.9665	441.924	15129.7	-29177.3	-4270.45	165.977	219.764	0	-2.04E-05	4.02E-06	-3.34E-06	-1.20E-05
343	14	11.4874	-31.9481	443.424	15132	-29290.5	-4284.53	165.945	219.875	0	-2.04E-05	4.02E-06	-3.34E-06	-1.20E-05
343	15	11.5029	-32.0176	444.933	15170.5	-29351.2	-4284.99	166.032	219.904	0	-1.98E-05	5.45E-06	-2.22E-07	-1.83E-05
343	16	11.5184	-32.0871	446.442	15209	-29412	-4285.46	166.119	219.933	0	-1.98E-05	5.45E-06	-2.22E-07	-1.83E-05
343	17	11.4916	-32.154	447.967	15252.5	-29541.1	-4302.9	166.055	219.952	0	-2.06E-05	7.06E-06	-5.34E-06	-2.80E-05
343	18	11.4647	-32.2208	449.493	15296	-29670.2	-4320.35	165.992	219.971	0	-2.05E-05	5.98E-06	-4.00E-06	-7.53E-05
343	19	11.4677	-32.1841	451.027	15310.7	-29749.3	-4343.5	166.041	220.054	0	-2.05E-05	5.98E-06	-4.00E-06	-7.53E-05
344	0	11.4706	-32.1474	452.562	15325.4	-29828.4	-4366.65	166.09	220.136	0	-2.03E-05	6.94E-06	-4.71E-06	-9.33E-05
344	1	11.5254	-32.0796	454.358	15363.7	-29921.4	-4394.91	166.146	220.186	0	-2.03E-05	6.94E-06	-4.71E-06	-9.33E-05
344	2	11.5802	-32.0117	456.154	15402	-30014.5	-4423.17	166.201	220.235	0	-2.07E-05	8.40E-06	-2.11E-06	-6.26E-05
344	3	11.5179	-32.0426	457.784	15438	-30101.8	-4450.87	166.244	220.277	0	-2.07E-05	8.40E-06	-2.11E-06	-6.26E-05
344	4	11.4555	-32.0735	459.414	15474.1	-30189.2	-4478.57	166.288	220.318	0	-2.23E-05	7.14E-06	-1.91E-06	-2.16E-05
344	5	11.4384	-32.1758	460.948	15446.7	-30297.2	-4485.67	166.272	220.489	0	-2.23E-05	7.14E-06	-1.91E-06	-2.16E-05
344	6	11.4214	-32.2781	462.483	15419.3	-30405.2	-4492.78	166.257	220.66	0	-2.23E-05	6.38E-06	-1.28E-05	7.54E-06
344	7	11.3784	-32.3116	463.759	15455.8	-30540.3	-4508.23	166.146	220.673	0	-2.24E-05	5.02E-06	-6.61E-06	1.98E-05
344	8	11.3355	-32.3451	465.035	15492.2	-30675.5	-4523.68	166.036	220.686	0	-2.24E-05	5.02E-06	-6.61E-06	1.98E-05
344	9	11.2021	-32.3789	466.464	15513.7	-30756.9	-4548.94	166.064	220.742	0	-2.15E-05	3.93E-06	5.83E-06	6.27E-06
344	10	11.0688	-32.4127	467.893	15535.2	-30838.3	-4574.19	166.091	220.798	0	-2.15E-05	3.93E-06	5.83E-06	6.27E-06
344	11	11.0227	-32.4415	469.753	15536	-30920.3	-4584.65	166.178	220.927	0	-2.03E-05	5.81E-06	1.18E-05	-3.06E-05
344	12	10.9766	-32.4702	471.614	15536.8	-31002.4	-4595.12	166.263	221.056	0	-2.03E-05	5.81E-06	1.18E-05	-3.06E-05
344	13	10.8135	-32.5936	473.081	15580.1	-31099	-4615.11	166.263	221.067	0	-2.04E-05	6.75E-06	2.19E-05	-3.09E-05
344	14	10.6504	-32.717	474.548	15623.3	-31195.7	-4635.11	166.262	221.077	0	-2.04E-05	6.75E-06	2.19E-05	-3.09E-05
344	15	10.4898	-32.8126	475.488	15641.6	-31324.3	-4690	166.122	221.104	0	-2.12E-05	8.33E-06	1.90E-05	-1.40E-05
344	16	10.3293	-32.9083	476.427	15659.8	-31453	-4744.9	165.982	221.131	0	-2.20E-05	9.00E-06	-4.18E-07	-1.37E-05
344	17	10.2426	-32.8615	477.882	15664.1	-31550	-4757.26	165.98	221.222	0	-2.20E-05	9.00E-06	-4.18E-07	-1.37E-05
344	18	10.1559	-32.8147	479.336	15668.3	-31647	-4769.63	165.978	221.312	0	-2.19E-05	8.64E-06	-1.58E-05	-8.69E-06
344	19	10.0865	-32.9689	481.047	15689.6	-31745	-4782.81	166.008	221.385	0	-2.19E-05	8.64E-06	-1.58E-05	-8.69E-06
345	0	10.0171	-33.1232	482.758	15710.8	-31843.1	-4795.98	166.039	221.456	0	-2.18E-05	9.23E-06	-1.66E-05	2.45E-06
345	1	9.90007	-33.1312	484.15	15708.7	-31948.2	-4814.85	166.012	221.554	0	-2.18E-05	9.23E-06	-1.66E-05	2.45E-06
345	2	9.78309	-33.1392	485.543	15706.7	-32053.3	-4833.71	165.985	221.651	0	-2.26E-05	9.03E-06	-1.87E-05	-8.21E-06
345	3	9.67928	-33.0975	487.188	15753.5	-32152.4	-4863.93	166.004	221.665	0	-2.26E-05	9.03E-06	-1.87E-05	-8.21E-06
345	4	9.57546	-33.0558	488.833	15800.2	-32251.4	-4894.15	166.024	221.678	0	-2.23E-05	7.11E-06	-1.68E-05	-9.73E-06
345	5	9.38432	-33.1791	490.83	15793.3	-32337.6	-4929.17	166.117	221.823	0	-2.20E-05	3.90E-06	-1.61E-05	-3.30E-06
345	6	9.19317	-33.3024	492.828	15786.4	-32423.8	-4964.18	166.209	221.968	0	-2.20E-05	3.90E-06	-1.61E-05	-3.30E-06
345	7	9.04794	-33.3732	494.13	15782.2	-32521.9	-4983.48	166.184	222.061	0	-2.23E-05	4.06E-06	-1.69E-05	-1.05E-06
345	8	8.9027	-33.4439	495.433	15777.9	-32620	-5002.79	166.159	222.153	0	-2.23E-05	4.06E-06	-1.69E-05	-1.05E-06
345	9	8.66005	-33.501	496.743	15801.3	-32732.1	-5054.12	166.107	222.19	0	-2.23E-05	2.72E-06	-1.50E-05	3.99E-06
345	10	8.41739	-33.558	498.053	15824.7	-32844.3	-5105.46	166.055	222.227	0	-2.23E-05	2.72E-06	-1.50E-05	3.99E-06
345	11	8.16647	-33.6099	499.758	15847	-32896.7	-5114.92	166.175	222.291	0	-2.17E-05	7.05E-07	-2.11E-05	6.16E-06
345	12	7.91554	-33.6618	501.464	15869.2	-32949.2	-5124.38	166.294	222.354	0	-2.17E-05	7.05E-07	-2.11E-05	6.16E-06
345	13	7.78491	-33.8539	502.885	15881.8	-33064.4	-5145.38	166.251	222.419	0	-1.94E-05	2.10E-06	-2.62E-05	-3.50E-06
345	14	7.65428	-34.0459	504.307	15894.3	-33179.6	-5166.38	166.208	222.483	0	-1.88E-05	1.59E-06	-2.27E-05	-7.70E-06
345	15	7.48268	-34.1023	506.147	15915.1	-33320.9	-5214.24	166.168	222.556	0	-1.88E-05	1.59E-06	-2.27E-05	-7.70E-06
345	16	7.31108	-34.1588	507.987	15935.8	-33462.2	-5262.1	166.128	222.63	0	-1.98E-05	2.34E-06	-2.04E-05	-4.87E-06
345	17	7.12197	-34.3004	509.801	15935.2	-33593.6	-5264.22	166.104	222.742	0	-1.98E-05	2.34E-06	-2.04E-05	-4.87E-06
345	18	6.93286	-34.442	511.614	15934.5	-33725	-5266.34	166.081	222.854	0	-1.87E-05	3.48E-06	-2.03E-05	-1.56E-05
345	19	6.70267	-34.4692	512.874	15923.7	-33787	-5292.9	166.122	222.952	0	-1.87E-05	3.48E-06	-2.03E-05	-1.56E-05
346	0	6.47249	-34.4964	514.133	15912.9	-33849	-5319.46	166.163	223.049	0	-1.79E-05	3.09E-06	-1.41E-05	-4.00E-05
346	1	6.32102	-34.6473	515.668	15922.2	-34011	-5369.85	166.045	223.123	0	-1.79E-05	3.09E-06	-1.41E-05	-4.00E-05
346	2	6.16955	-34.7982	517.203	15931.5	-34173	-5420.24	165.927	223.197	0	-1.79E-05	2.59E-06	-6.18E-06	-3.30E-05
346	3	5.94071	-34.8786	518.989	15961.9	-34278.6	-5450.93	165.951	223.244	0	-1.81E-05	4.63E-06	-3.57E-06	-7.16E-06
346	4	5.71188	-34.959	520.774	15992.3	-34384.1	-5481.62	165.975	223.291	0	-1.81E-05	4.63E-06	-3.57E-06	-7.16E-06
346	5	5.45656	-35.047	522.196	15980.2	-34472.4	-5528.73	165.986	223.398	0	-1.69E-05	6.36E-06	-3.38E-06	1.60E-06
346	6	5.20125	-35.1351	523.618	15968.1	-34560.7	-5575.83	165.996	223.504	0	-1.69E-05	6.36E-06	-3.38E-06	1.60E-06
346	7	5.03245	-35.2831	525.14	15982.1	-34694.8	-5604.69	165.932	223.566	0	-1.80E-05	4.89E-06	2.08E-07	7.77E-06
346	8	4.86365	-35.4311	526.662	15996.2	-34829	-5633.55	165.868	223.627	0	-1.80E-05	4.89E-06	2.08E-07	7.77E-06
346	9	4.62917	-35.6242	528.409	16016.9	-34934.2	-5644.73	165.888	223.688	0	-1.88E-05	4.10E-06	-1.82E-07	1.98E-06
346	10	4.39469	-35.8174	530.157	16037.6	-35039.4	-5655.92	165.907	223.749	0	-1.88E-05	4.10E-06	-1.82E-07	1.98E-06
346	11	4.10496	-36.0234	531.764	16054.4	-35128	-5712.29	165.941	223.809	0	-1.99E-05	5.71E-06	-5.65E-06	-6.98E-06
346	12	3.81524	-36.2294	533.371	16071.2	-35216.6	-5768.66	165.974	223.869	0	-2.09E-05	4.37E-06	-9.70E-06	-8.39E-06
346	13	3.6977	-36.2732	534.969	16036.1	-35382.7	-5808.88	165.86	224.024	0	-2.09E-05	4.37E-06	-9.70E-06	-8.39E-06
346	14	3.58016	-36.317	536.567	16001	-35548.9	-5849.09	165.748	224.179	0	-2.03E-05	3.03E-06	-1.61E-05	-1.44E-05
346	15	3.34008	-36.393	538.059	15981.4	-35661.2	-5894.58	165.722	224.298	0	-2.03E-05	3.03E-06	-1.61E-05	-1.44E-05
346	16	3.10001	-36.469	539.55	15961.8	-35773.5	-5940.08	165.697	224.416	0	-2.08E-05	1.89E-06	-1.89E-05	-2.33E-05
346	17	2.79756	-36.6309	541.121	15971	-35878.1	-5973.84	165.697	224.485	0	-2.08E-05	1.89E-06	-1.89E-05	-2.33E-05
346	18	2.49511	-36.7927	542.692	15980.2	-35982.7	-6007.6	165.696	224.554	0	-2.31E-05	2.38E-06	-1.53E-05	-2.73E-05
346	19	2.18294	-36.9588	544.439	16001.7	-36097.9	-6024.34	165.697	224.609	0	-2.31E-05	2.38E-06	-1.53E-05	-2.73E-05
347	0	1.87076	-37.1248	546.187	16023.2	-36213.1	-6041.08	165.698	224.663	0	-2.27E-05	3.64E-06	-1.18E-05	-2.15E-05
347	1	1.68378	-37.2529	547.984	16000.8	-36359	-6082.68	165.65	224.801	0	-2.26E-05	2.03E-06	-1.15E-05	-1.52E-05
347	2	1.4968	-37.3811	549.78	15978.3	-36504.8	-6124.28	165.601	224.937	0	-2.26E-05	2.03E-06	-1.15E-05	-1.52E-05
347	3	1.36035	-37.545	551.399	15997.2	-36585.1	-6164.94	165.65	224.988	0	-2.22E-05	2.38E-06	-1.52E-05	-1.46E-05
347	4	1.2239	-37.709	553.017	16016.2	-36665.3	-6205.59	165.7	225.039	0	-2.22E-05	2.38E-06	-1.52E-05	-1.46E-05
347	5	1.00606	-37.8459	554.486	15999	-36807.4	-6234.27	165.619	225.146	0	-2.14E-05	3.94E-06	-1.66E-05	-1.43E-05
347	6	0.788215	-37.9829	555.955	15981.9	-36949.5	-6262.96	165.539	225.253	0	-2.14E-05	3.94E-06	-1.66E-05	-1.43E-05
347	7	0.473437	-38.0648	557.838	15971.2	-37069.3	-6298.75	165.548	225.37	0	-1.96E-05	4.27E-06	-1.50E-05	-1.22E-05
347	8	0.158659	-38.1468	559.72	15960.4	-37189.1	-6334.54	165.558	225.485	0	-1.96E-05	4.27E-06	-1.50E-05	-1.22E-05
347	9	-0.0211863	-38.297	561.538	16017.1	-37271.6	-6380.68	165.626	225.476	0	-1.98E-05	2.35E-06	-1.55E-05	-1.18E-05
347	10	-0.201031	-38.4471	563.355	16073.8	-37354.1	-6426.82	165.694	225.468	0	-2.08E-05	2.31E-06	-1.52E-05	-1.35E-05
347	11	-0.38088	-38.7114	564.873	16085.3	-37492.4	-6459.26	165.627	225.524	0	-2.08E-05	2.31E-06	-1.52E-05	-1.35E-05
347	12	-0.560728	-38.9757	566.392	16096.9	-37630.8	-6491.7	165.561	225.58	0	-2.15E-05	2.20E-06	-9.40E-06	-1.21E-05
347	13	-0.846542	-39.1105	567.951	16080.9	-37746.5	-6511.75	165.539	225.686	0	-2.15E-05	2.20E-06	-9.40E-06	-1.21E-05
347	14	-1.13236	-39.2452	569.511	16064.9	-37862.3	-6531.8	165.518	225.792	0	-2.07E-05	3.79E-06	-5.69E-06	-8.61E-06
347	15	-1.30545	-39.348	571.398	16076.3	-37996.5	-6577.93	165.503	225.865	0	-2.07E-05	3.79E-06	-5.69E-06	-8.61E-06
347	16	-1.47855	-39.4507	573.286	16087.7	-38130.8	-6624.05	165.487	225.938	0	-2.10E-05	5.73E-06	-5.62E-06	-6.99E-06
347	17	-1.69011	-39.6148	575.141	16047.2	-38270.4	-6665.41	165.459	226.099	0	-2.10E-05	5.73E-06	-5.62E-06	-6.99E-06
347	18	-1.90167	-39.779	576.996	16006.7	-38410.1	-6706.77	165.431	226.259	0	-2.13E-05	6.04E-06	-6.45E-06	-1.04E-05
347	19	-2.10439	-40.0113	578.737	16020.1	-38527.8	-6713.31	165.428	226.319	0	-2.12E-05	7.30E-06	-8.18E-06	-1.17E-05
348	0	-2.30711	-40.2435	580.478	16033.4	-38645.4	-6719.86	165.425	226.379	0	-2.12E-05	7.30E-06	-8.18E-06	-1.17E-05
348	1	-2.60004	-40.3814	581.941	16048.6	-38752.3	-6756.42	165.409	226.422	0	-2.04E-05	7.65E-06	-7.69E-06	-9.98E-06
348	2	-2.89297	-40.5194	583.404	16063.7	-38859.1	-6792.98	165.392	226.465	0	-2.04E-05	7.65E-06	-7.69E-06	-9.98E-06
348	3	-3.21872	-40.5284	585.386	16076.4	-38950.7	-6852.67	165.462	226.537	0	-2.09E-05	5.79E-06	-6.29E-06	-1.09E-05
348	4	-3.54447	-40.5375	587.368	16089.1	-39042.2	-6912.35	165.53	226.608	0	-2.09E-05	5.79E-06	-6.29E-06	-1.09E-05
348	5	-3.8315	-40.6611	588.857	16092.1	-39131	-6930.03	165.548	226.672	0	-2.03E-05	5.40E-06	-7.04E-06	-1.35E-05
348	6	-4.11852	-40.7847	590.346	16095.2	-39219.7	-6947.72	165.565	226.736	0	-2.03E-05	5.40E-06	-7.04E-06	-1.35E-05
348	7	-4.27575	-41.0302	591.778	16101.4	-39375.5	-6991.39	165.462	226.792	0	-2.00E-05	6.88E-06	-8.22E-06	-1.52E-05
348	8	-4.43298	-41.2756	593.21	16107.6	-39531.4	-7035.06	165.36	226.847	0	-2.02E-05	6.90E-06	-8.26E-06	-1.45E-05
348	9	-4.54633	-41.4675	594.675	16095.5	-39643.8	-7065.4	165.335	226.934	0	-2.02E-05	6.90E-06	-8.26E-06	-1.45E-05
348	10	-4.65967	-41.6595	596.139	16083.4	-39756.2	-7095.74	165.31	227.021	0	-1.95E-05	7.31E-06	-8.54E-06	-1.10E-05
348	11	-4.93532	-41.803	598.144	16055.1	-39868	-7119.09	165.347	227.158	0	-1.95E-05	7.31E-06	-8.54E-06	-1.10E-05
348	12	-5.21098	-41.9465	600.148	16026.8	-39979.8	-7142.44	165.383	227.295	0	-1.99E-05	9.19E-06	-8.25E-06	-9.49E-06
348	13	-5.4067	-42.0332	602.36	16012.6	-40096.6	-7152.78	165.434	227.417	0	-1.99E-05	9.19E-06	-8.25E-06	-9.49E-06
348	14	-5.60242	-42.1199	604.572	15998.4	-40213.4	-7163.13	165.485	227.538	0	-2.17E-05	8.77E-06	-7.18E-06	-1.15E-05
348	15	-5.77225	-42.3509	606.097	16010.5	-40310.9	-7192.81	165.491	227.584	0	-2.17E-05	8.77E-06	-7.18E-06	-1.15E-05
348	16	-5.94207	-42.582	607.622	16022.6	-40408.5	-7222.49	165.497	227.631	0	-2.16E-05	7.71E-06	-6.98E-06	-1.18E-05
348	17	-6.18892	-42.7325	609.205	15998.5	-40588.2	-7258.62	165.375	227.739	0	-2.16E-05	5.93E-06	-7.82E-06	-1.12E-05
348	18	-6.43577	-42.8831	610.789	15974.4	-40767.9	-7294.75	165.254	227.846	0	-2.16E-05	5.93E-06	-7.82E-06	-1.12E-05
348	19	-6.65975	-42.91	612.429	16013	-40888.6	-7317.14	165.235	227.853	0	-2.34E-05	2.79E-06	-8.48E-06	-1.10E-05
349	0	-6.88373	-42.9369	614.07	16051.6	-41009.3	-7339.53	165.217	227.86	0	-2.34E-05	2.79E-06	-8.48E-06	-1.10E-05
349	1	-6.99237	-43.1004	615.824	16059	-41127.4	-7369.83	165.216	227.923	0	-2.36E-05	3.73E-06	-7.93E-06	-1.18E-05
349	2	-7.10101	-43.2639	617.578	16066.4	-41245.5	-7400.13	165.214	227.985	0	-2.36E-05	3.73E-06	-7.93E-06	-1.18E-05
349	3	-7.28356	-43.5246	619.19	16036.4	-41348.5	-7438.86	165.222	228.101	0	-2.37E-05	5.30E-06	-8.18E-06	-1.21E-05
349	4	-7.46611	-43.7853	620.802	16006.4	-41451.4	-7477.59	165.229	228.217	0	-2.37E-05	5.30E-06	-8.18E-06	-1.21E-05
349	5	-7.62871	-43.8331	622.145	16001.2	-41565.1	-7491.5	165.191	228.281	0	-2.54E-05	5.90E-06	-7.77E-06	-1.15E-05
349	6	-7.79131	-43.8809	623.487	15996	-41678.8	-7505.42	165.152	228.344	0	-2.58E-05	4.87E-06	-7.10E-06	-1.37E-05
349	7	-8.05643	-43.9001	625.13	15992.3	-41800.5	-7525.29	165.133	228.418	0	-2.58E-05	4.87E-06	-7.10E-06	-1.37E-05
349	8	-8.32156	-43.9193	626.773	15988.5	-41922.1	-7545.15	165.114	228.491	0	-2.55E-05	4.83E-06	-8.71E-06	-1.39E-05
349	9	-8.49501	-44.0475	628.825	16003.4	-42037.7	-7568.38	165.149	228.55	0	-2.55E-05	4.83E-06	-8.71E-06	-1.39E-05
349	10	-8.66846	-44.1757	630.877	16018.2	-42153.2	-7591.6	165.183	228.61	0	-2.62E-05	4.23E-06	-8.52E-06	-1.12E-05
349	11	-8.95997	-44.3177	632.789	15995.7	-42305.3	-7616.32	165.145	228.722	0	-2.62E-05	4.23E-06	-8.52E-06	-1.12E-05
349	12	-9.25149	-44.4597	634.701	15973.2	-42457.5	-7641.03	165.106	228.833	0	-2.54E-05	2.03E-06	-8.33E-06	-1.09E-05
349	13	-9.33953	-44.7253	635.991	15938.7	-42609.5	-7673.75	165.003	228.939	0	-2.54E-05	2.03E-06	-8.33E-06	-1.09E-05
349	14	-9.42757	-44.9909	637.282	15904.1	-42761.5	-7706.48	164.9	229.044	0	-2.58E-05	2.46E-06	-9.00E-06	-1.08E-05
349	15	-9.66234	-45.1166	639.204	15901.9	-42858.4	-7713.12	164.95	229.122	0	-2.61E-05	4.45E-06	-8.52E-06	-1.23E-05
349	16	-9.8971	-45.2424	641.125	15899.6	-42955.3	-7719.77	165	229.2	0	-2.61E-05	4.45E-06	-8.52E-06	-1.23E-05
349	17	-10.1569	-45.2726	642.924	15863.8	-43081	-7724.09	164.992	229.326	0	-2.43E-05	3.78E-06	-8.14E-06	-1.25E-05
349	18	-10.4168	-45.3028	644.724	15827.9	-43206.7	-7728.42	164.984	229.45	0	-2.43E-05	3.78E-06	-8.14E-06	-1.25E-05
349	19	-10.5797	-45.3582	646.333	15852.4	-43282.8	-7753.06	165.033	229.473	0	-2.29E-05	3.17E-06	-7.71E-06	-1.20E-05
350	0	-10.7425	-45.4135	647.942	15876.8	-43359	-7777.72	165.082	229.497	0	-2.29E-05	3.17E-06	-7.71E-06	-1.20E-05
350	1	-10.8635	-45.5151	649.574	15902.3	-43510.8	-7795.56	165.016	229.519	0	-2.18E-05	3.10E-06	-8.90E-06	-1.39E-05
350	2	-10.9844	-45.6168	651.205	15927.7	-43662.7	-7813.41	164.951	229.541	0	-2.18E-05	3.10E-06	-8.90E-06	-1.39E-05
350	3	-11.1469	-45.748	652.823	15922.4	-43798.8	-7845.33	164.909	229.61	0	-2.17E-05	3.75E-06	-8.90E-06	-1.36E-05
350	4	-11.3094	-45.8791	654.442	15917	-43934.9	-7877.25	164.867	229.678	0	-2.17E-05	3.89E-06	-8.90E-06	-1.37E-05
350	5	-11.4591	-45.9329	656.195	15881.3	-44040.9	-7897.75	164.884	229.798	0	-2.17E-05	3.89E-06	-8.90E-06	-1.37E-05
350	6	-11.6088	-45.9867	657.949	15845.5	-44147	-7918.25	164.902	229.917	0	-2.09E-05	1.54E-06	-8.98E-06	-1.44E-05
350	7	-11.7294	-46.0742	659.24	15803.3	-44263.7	-7928.05	164.856	230.028	0	-2.09E-05	1.54E-06	-8.98E-06	-1.44E-05
350	8	-11.8499	-46.1617	660.531	15761.1	-44380.4	-7937.84	164.811	230.139	0	-2.26E-05	8.67E-07	-9.51E-06	-1.33E-05
350	9	-11.929	-46.2284	661.864	15730.8	-44503.1	-7946.6	164.761	230.233	0	-2.26E-05	8.67E-07	-9.51E-06	-1.33E-05
350	10	-12.0082	-46.2951	663.197	15700.6	-44625.9	-7955.35	164.711	230.326	0	-2.21E-05	3.81E-06	-9.04E-06	-1.34E-05
350	11	-12.2717	-46.4057	665.1	15715.8	-44743.4	-7957.47	164.727	230.371	0	-2.21E-05	3.81E-06	-9.04E-06	-1.34E-05
350	12	-12.5352	-46.5163	667.003	15730.9	-44860.8	-7959.58	164.743	230.416	0	-2.05E-05	5.87E-06	-8.90E-06	-1.43E-05
350	13	-12.6356	-46.572	668.387	15728.1	-44958.7	-7994.32	164.735	230.469	0	-1.96E-05	6.04E-06	-8.69E-06	-1.59E-05
350	14	-12.736	-46.6276	669.771	15725.3	-45056.6	-8029.05	164.728	230.521	0	-1.96E-05	6.04E-06	-8.69E-06	-1.59E-05
350	15	-12.767	-46.8454	671.353	15715.3	-45209.1	-8042.47	164.66	230.592	0	-1.93E-05	7.36E-06	-7.22E-06	-1.55E-05
350	16	-12.798	-47.0633	672.934	15705.3	-45361.6	-8055.89	164.591	230.661	0	-1.93E-05	7.36E-06	-7.22E-06	-1.55E-05
350	17	-13.0199	-47.1658	674.349	15683.8	-45475.6	-8061.59	164.564	230.742	0	-1.91E-05	8.01E-06	-7.08E-06	-1.34E-05
350	18	-13.2417	-47.2682	675.765	15662.4	-45589.6	-8067.3	164.536	230.823	0	-1.91E-05	8.01E-06	-7.08E-06	-1.34E-05
350	19	-13.3629	-47.3087	677.606	15630.4	-45659.4	-8091.78	164.617	230.933	0	-2.02E-05	4.96E-06	-5.98E-06	-1.19E-05
351	0	-13.4841	-47.3491	679.448	15598.3	-45729.3	-8116.25	164.696	231.043	0	-2.02E-05	4.96E-06	-5.98E-06	-1.19E-05
351	1	-13.5767	-47.4441	680.429	15578.1	-45892.9	-8137.22	164.553	231.105	0	-2.20E-05	3.13E-06	-5.70E-06	-1.18E-05
351	2	-13.6694	-47.539	681.41	15557.8	-46056.5	-8158.17	164.41	231.168	0	-2.16E-05	2.40E-06	-7.10E-06	-1.20E-05
351	3	-13.7819	-47.5376	683.049	15526	-46152.2	-8147.14	164.432	231.27	0	-2.16E-05	2.40E-06	-7.10E-06	-1.20E-05
351	4	-13.8944	-47.5362	684.688	15494.3	-46247.8	-8136.11	164.454	231.37	0	-2.00E-05	5.98E-07	-8.91E-06	-1.27E-05
351	5	-14.0732	-47.7007	686.571	15502.4	-46351.2	-8129.23	164.489	231.421	0	-2.00E-05	5.98E-07	-8.91E-06	-1.27E-05
351	6	-14.252	-47.8651	688.454	15510.5	-46454.6	-8122.35	164.523	231.471	0	-2.03E-05	2.64E-06	-1.07E-05	-1.14E-05
351	7	-14.4409	-48.0035	690.063	15411.8	-46556.8	-8137.44	164.533	231.666	0	-2.03E-05	2.64E-06	-1.07E-05	-1.14E-05
351	8	-14.6298	-48.1419	691.671	15313.1	-46658.9	-8152.54	164.542	231.861	0	-1.99E-05	3.32E-06	-1.42E-05	-1.25E-05
351	9	-14.7155	-48.2178	693.081	15328.4	-46781.4	-8164.67	164.502	231.884	0	-1.99E-05	3.32E-06	-1.42E-05	-1.25E-05
351	10	-14.8013	-48.2936	694.49	15343.6	-46904	-8176.81	164.463	231.907	0	-1.90E-05	2.01E-06	-1.54E-05	-1.42E-05
351	11	-14.9564	-48.3138	695.583	15335.7	-47040.8	-8201.2	164.372	231.953	0	-1.98E-05	3.39E-06	-1.13E-05	-1.42E-05
351	12	-15.1116	-48.334	696.677	15327.7	-47177.6	-8225.6	164.282	231.999	0	-1.98E-05	3.39E-06	-1.13E-05	-1.42E-05
351	13	-15.3144	-48.3506	697.794	15288.9	-47257.2	-8218.19	164.276	232.09	0	-2.07E-05	4.83E-06	-8.97E-06	-1.48E-05
351	14	-15.5173	-48.3672	698.911	15250.1	-47336.7	-8210.78	164.271	232.18	0	-2.07E-05	4.83E-06	-8.97E-06	-1.48E-05
351	15	-15.5135	-48.4875	699.773	15217.9	-47458.1	-8235.51	164.181	232.253	0	-2.11E-05	4.61E-06	-6.79E-06	-1.35E-05
351	16	-15.5096	-48.6078	700.635	15185.8	-47579.5	-8260.24	164.091	232.326	0	-2.11E-05	4.61E-06	-6.79E-06	-1.35E-05
351	17	-15.6446	-48.7196	702.177	15166.7	-47648.4	-8263.67	164.142	232.401	0	-1.95E-05	5.20E-06	-4.75E-06	-1.25E-05
351	18	-15.7796	-48.8313	703.72	15147.6	-47717.2	-8267.11	164.193	232.475	0	-1.95E-05	5.20E-06	-4.75E-06	-1.25E-05
351	19	-15.862	-48.8075	705.296	15102.7	-47818.4	-8281.7	164.201	232.587	0	-1.89E-05	5.16E-06	-4.10E-06	-1.17E-05
352	0	-15.9443	-48.7838	706.872	15057.9	-47919.6	-8296.29	164.209	232.698	0	-2.07E-05	5.01E-06	-6.40E-06	-1.10E-05
352	1	-16.0607	-48.8114	707.483	15016.8	-48035	-8278.14	164.104	232.774	0	-2.07E-05	5.01E-06	-6.40E-06	-1.10E-05
352	2	-16.1772	-48.839	708.095	14975.6	-48150.5	-8259.99	164	232.851	0	-2.13E-05	6.14E-06	-1.08E-05	-1.06E-05
352	3	-16.1937	-48.8922	709.069	14960.2	-48228.3	-8252.49	163.984	232.902	0	-2.13E-05	6.14E-06	-1.08E-05	-1.06E-05
352	4	-16.2102	-48.9453	710.043	14944.8	-48306.2	-8245	163.967	232.952	0	-2.14E-05	6.80E-06	-1.51E-05	-1.12E-05
352	5	-16.356	-49.0233	711.253	14874.5	-48383.7	-8242.47	163.974	233.087	0	-2.14E-05	6.80E-06	-1.51E-05	-1.12E-05
352	6	-16.5019	-49.1013	712.463	14804.2	-48461.3	-8239.95	163.981	233.221	0	-2.17E-05	6.37E-06	-1.60E-05	-1.34E-05
352	7	-16.6986	-49.1126	713.949	14743.3	-48519.4	-8254.12	164.041	233.35	0	-2.17E-05	6.37E-06	-1.60E-05	-1.34E-05
352	8	-16.8953	-49.1239	715.435	14682.4	-48577.5	-8268.28	164.101	233.478	0	-2.21E-05	7.57E-06	-1.33E-05	-1.44E-05
352	9	-17.0108	-49.1176	716.624	14642.9	-48672.4	-8268.37	164.081	233.567	0	-2.05E-05	7.54E-06	-1.07E-05	-1.38E-05
352	10	-17.1263	-49.1113	717.813	14603.4	-48767.3	-8268.46	164.061	233.656	0	-2.05E-05	7.54E-06	-1.07E-05	-1.38E-05
352	11	-17.1996	-49.1411	718.486	14555.2	-48824.8	-8250.1	164.045	233.742	0	-1.98E-05	6.17E-06	-7.12E-06	-1.42E-05
352	12	-17.2729	-49.1708	719.158	14507	-48882.4	-8231.73	164.028	233.828	0	-1.98E-05	6.17E-06	-7.12E-06	-1.42E-05
352	13	-17.3089	-49.1506	719.69	14464.4	-48982.2	-8243.56	163.94	233.902	0	-1.99E-05	5.87E-06	-1.11E-06	-1.39E-05
352	14	-17.345	-49.1303	720.221	14421.8	-49082.1	-8255.39	163.851	233.976	0	-1.99E-05	5.87E-06	-1.11E-06	-1.39E-05
352	15	-17.3835	-49.0858	721.139	14383.3	-49195.2	-8259.49	163.781	234.055	0	-1.91E-05	5.87E-06	1.18E-06	-1.42E-05
352	16	-17.422	-49.0413	722.057	14344.8	-49308.3	-8263.6	163.711	234.133	0	-1.91E-05	5.87E-06	1.18E-06	-1.42E-05
352	17	-17.5799	-49.0437	722.638	14302.1	-49372.9	-8258.37	163.677	234.208	0	-2.05E-05	5.83E-06	-4.24E-06	-1.57E-05
352	18	-17.7378	-49.046	723.218	14259.4	-49437.4	-8253.14	163.642	234.283	0	-2.07E-05	5.40E-06	-8.63E-06	-1.47E-05
352	19	-17.8446	-48.9086	724.467	14201.3	-49525.8	-8245.01	163.638	234.398	0	-2.07E-05	5.40E-06	-8.63E-06	-1.47E-05
353	0	-17.9514	-48.7712	725.715	14143.2	-49614.1	-8236.87	163.634	234.511	0	-2.00E-05	4.30E-06	-1.23E-05	-1.28E-05
353	1	-18.0834	-48.7753	726.506	14088.8	-49640.1	-8234.16	163.673	234.607	0	-2.00E-05	4.30E-06	-1.23E-05	-1.28E-05
353	2	-18.2155	-48.7795	727.297	14034.5	-49666.1	-8231.45	163.711	234.703	0	-2.02E-05	3.78E-06	-1.75E-05	-1.35E-05
353	3	-18.3584	-48.8071	727.949	13987.2	-49744.2	-8234.73	163.665	234.785	0	-2.02E-05	3.78E-06	-1.75E-05	-1.35E-05
353	4	-18.5013	-48.8348	728.601	13940	-49822.4	-8238.01	163.619	234.868	0	-1.99E-05	3.03E-06	-1.48E-05	-1.54E-05
353	5	-18.6178	-48.7221	728.993	13896.3	-49905.2	-8222.96	163.542	234.938	0	-1.99E-05	3.03E-06	-1.48E-05	-1.54E-05
353	6	-18.7344	-48.6094	729.385	13852.7	-49988.1	-8207.92	163.465	235.008	0	-2.04E-05	1.89E-06	-1.03E-05	-1.51E-05
353	7	-18.8652	-48.5273	730.165	13793.5	-50037	-8182.13	163.472	235.109	0	-1.95E-05	2.47E-06	-1.07E-05	-1.40E-05
353	8	-18.9961	-48.4452	730.946	13734.4	-50085.9	-8156.35	163.478	235.21	0	-1.95E-05	2.47E-06	-1.07E-05	-1.40E-05
353	9	-18.9705	-48.5432	731.239	13713.5	-50144.6	-8148.31	163.425	235.246	0	-1.87E-05	4.77E-06	-1.12E-05	-1.44E-05
353	10	-18.9448	-48.6412	731.531	13692.7	-50203.3	-8140.28	163.372	235.282	0	-1.87E-05	4.77E-06	-1.12E-05	-1.44E-05
353	11	-18.9963	-48.5117	732.106	13684.5	-50271.8	-8130.54	163.333	235.308	0	-1.94E-05	6.61E-06	-1.12E-05	-1.55E-05
353	12	-19.0478	-48.3822	732.68	13676.2	-50340.3	-8120.8	163.293	235.334	0	-1.94E-05	6.61E-06	-1.12E-05	-1.55E-05
353	13	-19.1927	-48.2927	733.625	13582.8	-50375.1	-8106.78	163.334	235.485	0	-1.91E-05	7.05E-06	-1.08E-05	-1.55E-05
353	14	-19.3377	-48.2032	734.57	13489.4	-50409.9	-8092.77	163.375	235.636	0	-1.91E-05	7.05E-06	-1.08E-05	-1.55E-05
353	15	-19.4152	-48.0672	735.173	13395.3	-50447.6	-8076.02	163.38	235.779	0	-1.91E-05	6.89E-06	-9.96E-06	-1.43E-05
353	16	-19.4928	-47.9312	735.775	13301.3	-50485.4	-8059.27	163.385	235.922	0	-1.92E-05	5.67E-06	-8.09E-06	-1.28E-05
353	17	-19.6334	-47.8142	736.477	13294.3	-50506.1	-8053.88	163.422	235.949	0	-1.92E-05	5.67E-06	-8.09E-06	-1.28E-05
353	18	-19.774	-47.6972	737.18	13287.2	-50526.9	-8048.48	163.459	235.976	0	-2.07E-05	5.59E-06	-9.61E-06	-1.25E-05
353	19	-19.8238	-47.655	737.352	13216.9	-50620.5	-8073.43	163.348	236.075	0	-2.07E-05	5.59E-06	-9.61E-06	-1.25E-05
354	0	-19.8737	-47.6128	737.524	13146.5	-50714	-8098.38	163.237	236.175	0	-2.10E-05	7.14E-06	-9.74E-06	-1.40E-05
354	1	-19.9203	-47.571	737.816	13074.3	-50794.3	-8051.65	163.156	236.28	0	-2.10E-05	7.14E-06	-9.74E-06	-1.40E-05
354	2	-19.967	-47.5292	738.109	13002.1	-50874.6	-8004.93	163.074	236.385	0	-2.12E-05	6.63E-06	-8.68E-06	-1.21E-05
354	3	-20.0987	-47.498	738.617	12952.7	-50894.5	-7987.61	163.095	236.464	0	-2.12E-05	6.63E-06	-8.68E-06	-1.21E-05
354	4	-20.2304	-47.4669	739.126	12903.2	-50914.3	-7970.29	163.116	236.543	0	-2.24E-05	7.22E-06	-9.59E-06	-1.10E-05
354	5	-20.2603	-47.331	739.867	12839.7	-50942.1	-7953.45	163.147	236.646	0	-2.17E-05	7.08E-06	-9.82E-06	-1.15E-05
354	6	-20.2901	-47.1951	740.608	12776.3	-50969.8	-7936.61	163.178	236.749	0	-2.17E-05	7.08E-06	-9.82E-06	-1.15E-05
354	7	-20.3153	-47.1098	740.784	12703	-51025.2	-7928.51	163.12	236.852	0	-2.24E-05	5.78E-06	-1.04E-05	-1.10E-05
354	8	-20.3405	-47.0244	740.961	12629.7	-51080.5	-7920.41	163.062	236.955	0	-2.24E-05	5.78E-06	-1.04E-05	-1.10E-05
354	9	-20.4328	-46.8671	741.375	12576.2	-51127.8	-7898.25	163.037	237.037	0	-2.31E-05	3.94E-06	-9.83E-06	-1.19E-05
354	10	-20.5251	-46.7097	741.789	12522.8	-51175.1	-7876.1	163.011	237.118	0	-2.31E-05	3.94E-06	-9.83E-06	-1.19E-05
354	11	-20.6214	-46.5532	742.238	12499.2	-51192	-7856.71	163.03	237.16	0	-2.29E-05	4.69E-06	-7.69E-06	-1.16E-05
354	12	-20.7177	-46.3967	742.686	12475.5	-51208.9	-7837.32	163.049	237.202	0	-2.29E-05	4.69E-06	-7.69E-06	-1.16E-05
354	13	-20.76	-46.3373	743.105	12349.5	-51197.8	-7811.2	163.103	237.381	0	-2.20E-05	5.77E-06	-5.34E-06	-9.59E-06
354	14	-20.8022	-46.2778	743.524	12223.4	-51186.7	-7785.07	163.157	237.56	0	-2.36E-05	5.06E-06	-7.47E-06	-9.72E-06
354	15	-20.9043	-46.1408	743.719	12173.4	-51260.5	-7766.39	163.075	237.632	0	-2.36E-05	5.06E-06	-7.47E-06	-9.72E-06
354	16	-21.0064	-46.0039	743.914	12123.4	-51334.4	-7747.71	162.994	237.703	0	-2.34E-05	5.18E-06	-6.94E-06	-9.61E-06
354	17	-21.2051	-45.8537	744.195	12036.9	-51355	-7740.2	162.993	237.826	0	-2.34E-05	5.18E-06	-6.94E-06	-9.61E-06
354	18	-21.4037	-45.7035	744.476	11950.3	-51375.6	-7732.68	162.991	237.948	0	-2.30E-05	4.89E-06	-7.71E-06	-1.01E-05
354	19	-21.3231	-45.6791	744.328	11895.5	-51415.9	-7705.96	162.923	238.018	0	-2.30E-05	4.89E-06	-7.71E-06	-1.01E-05
355	0	-21.2425	-45.6548	744.18	11840.7	-51456.2	-7679.25	162.855	238.089	0	-2.31E-05	3.86E-06	-1.01E-05	-1.15E-05
355	1	-21.3405	-45.5325	743.953	11777.1	-51482.8	-7674.5	162.798	238.17	0	-2.31E-05	3.86E-06	-1.01E-05	-1.15E-05
355	2	-21.4385	-45.4102	743.726	11713.5	-51509.3	-7669.75	162.742	238.25	0	-2.14E-05	3.86E-06	-1.05E-05	-1.11E-05
355	3	-21.4567	-45.2765	743.995	11655	-51546.2	-7646.92	162.717	238.335	0	-2.07E-05	4.18E-06	-1.08E-05	-1.12E-05
355	4	-21.4748	-45.1429	744.265	11596.4	-51583.2	-7624.08	162.692	238.419	0	-2.07E-05	4.18E-06	-1.08E-05	-1.12E-05
355	5	-21.5336	-44.9614	744.718	11530.6	-51600.7	-7597.79	162.711	238.517	0	-2.13E-05	6.59E-06	-9.96E-06	-1.06E-05
355	6	-21.5924	-44.7799	745.171	11464.9	-51618.2	-7571.5	162.73	238.614	0	-2.13E-05	6.59E-06	-9.96E-06	-1.06E-05
355	7	-21.5585	-44.7663	744.984	11388.5	-51647.2	-7558.3	162.673	238.713	0	-2.20E-05	7.00E-06	-1.05E-05	-1.11E-05
355	8	-21.5245	-44.7527	744.798	11312.1	-51676.2	-7545.09	162.617	238.812	0	-2.20E-05	7.00E-06	-1.05E-05	-1.11E-05
355	9	-21.6561	-44.6922	744.984	11234.7	-51709.1	-7520.19	162.59	238.92	0	-2.22E-05	7.75E-06	-1.05E-05	-1.08E-05
355	10	-21.7877	-44.6318	745.171	11157.3	-51741.9	-7495.29	162.564	239.027	0	-2.22E-05	7.75E-06	-1.05E-05	-1.08E-05
355	11	-21.8849	-44.4211	745.117	11089.3	-51756.4	-7457.55	162.539	239.117	0	-2.17E-05	6.49E-06	-7.55E-06	-9.67E-06
355	12	-21.9822	-44.2104	745.063	11021.2	-51770.8	-7419.81	162.515	239.208	0	-2.17E-05	4.83E-06	-7.80E-06	-9.35E-06
355	13	-21.9465	-44.0242	744.786	10927.6	-51762.1	-7420.21	162.501	239.328	0	-2.17E-05	4.83E-06	-7.80E-06	-9.35E-06
355	14	-21.9107	-43.838	744.51	10834	-51753.4	-7420.62	162.487	239.448	0	-2.19E-05	4.25E-06	-9.53E-06	-1.04E-05
355	15	-22.034	-43.7911	744.493	10789.8	-51761.8	-7410.18	162.474	239.507	0	-2.19E-05	4.25E-06	-9.53E-06	-1.04E-05
355	16	-22.1572	-43.7441	744.476	10745.7	-51770.3	-7399.75	162.461	239.566	0	-2.10E-05	2.34E-06	-9.21E-06	-1.13E-05
355	17	-22.1684	-43.583	744.118	10695.9	-51777.9	-7349.26	162.417	239.626	0	-2.10E-05	2.34E-06	-9.21E-06	-1.13E-05
355	18	-22.1796	-43.4219	743.76	10646.1	-51785.4	-7298.77	162.374	239.686	0	-2.14E-05	3.69E-06	-8.98E-06	-1.17E-05
355	19	-22.175	-43.3359	743.984	10537.3	-51773.2	-7282.95	162.411	239.837	0	-2.14E-05	3.69E-06	-8.98E-06	-1.17E-05
356	0	-22.1703	-43.2499	744.208	10428.5	-51761	-7267.13	162.448	239.987	0	-2.24E-05	4.67E-06	-8.37E-06	-1.25E-05
356	1	-22.304	-43.1451	744.172	10335.9	-51777.5	-7252.63	162.423	240.111	0	-2.32E-05	3.11E-06	-8.14E-06	-1.31E-05
356	2	-22.4376	-43.0403	744.135	10243.2	-51794	-7238.14	162.397	240.235	0	-2.32E-05	3.11E-06	-8.14E-06	-1.31E-05
356	3	-22.5513	-42.9515	744.184	10211.8	-51819.1	-7212.52	162.368	240.278	0	-2.25E-05	2.42E-06	-7.63E-06	-1.41E-05
356	4	-22.6651	-42.8626	744.233	10180.4	-51844.2	-7186.9	162.339	240.321	0	-2.25E-05	2.42E-06	-7.63E-06	-1.41E-05
356	5	-22.7211	-42.6491	743.837	10092.9	-51839.1	-7156.54	162.309	240.431	0	-2.27E-05	1.82E-06	-8.18E-06	-1.30E-05
356	6	-22.7771	-42.4356	743.441	10005.4	-51834	-7126.17	162.278	240.542	0	-2.27E-05	1.82E-06	-8.18E-06	-1.30E-05
356	7	-22.7899	-42.3387	743.197	9905.75	-51834.6	-7094.95	162.255	240.671	0	-2.32E-05	2.73E-06	-7.75E-06	-1.20E-05
356	8	-22.8027	-42.2418	742.952	9806.06	-51835.2	-7063.73	162.231	240.801	0	-2.32E-05	2.73E-06	-7.75E-06	-1.20E-05
356	9	-22.9142	-42.2159	742.665	9746.5	-51834.8	-7051.39	162.204	240.876	0	-2.34E-05	1.97E-06	-6.71E-06	-1.21E-05
356	10	-23.0256	-42.19	742.378	9686.95	-51834.3	-7039.05	162.178	240.951	0	-2.37E-05	2.95E-06	-6.84E-06	-1.11E-05
356	11	-23.0524	-42.0374	742.08	9578.37	-51866.2	-6996.35	162.107	241.093	0	-2.37E-05	2.95E-06	-6.84E-06	-1.11E-05
356	12	-23.0792	-41.8849	741.782	9469.8	-51898.1	-6953.65	162.036	241.234	0	-2.25E-05	3.43E-06	-7.38E-06	-9.94E-06
356	13	-23.1183	-41.7266	741.197	9413.63	-51884.4	-6920.74	161.999	241.299	0	-2.25E-05	3.43E-06	-7.38E-06	-9.94E-06
356	14	-23.1574	-41.5683	740.612	9357.46	-51870.8	-6887.82	161.962	241.365	0	-2.17E-05	1.55E-06	-4.99E-06	-1.04E-05
356	15	-23.1925	-41.4152	740.455	9263.08	-51858.5	-6877.68	161.964	241.49	0	-2.17E-05	1.55E-06	-4.99E-06	-1.04E-05
356	16	-23.2275	-41.2621	740.298	9168.71	-51846.3	-6867.54	161.966	241.615	0	-2.20E-05	1.97E-06	-7.13E-06	-1.13E-05
356	17	-23.2487	-41.1029	739.88	9076.6	-51865.3	-6869.46	161.901	241.732	0	-2.20E-05	1.97E-06	-7.13E-06	-1.13E-05
356	18	-23.2698	-40.9438	739.464	8984.49	-51884.2	-6871.38	161.835	241.85	0	-2.32E-05	2.85E-06	-1.68E-05	-1.20E-05
356	19	-23.2599	-40.7997	739.345	8919.13	-51836.6	-6835.09	161.888	241.936	0	-2.17E-05	2.81E-06	-2.00E-05	-1.27E-05
357	0	-23.2499	-40.6557	739.226	8853.76	-51789	-6798.8	161.942	242.023	0	-2.17E-05	2.81E-06	-2.00E-05	-1.27E-05
357	1	-23.3387	-40.5964	738.615	8759.4	-51768.3	-6766.79	161.912	242.141	0	-1.98E-05	2.50E-06	-1.46E-05	-1.12E-05
357	2	-23.4275	-40.5371	738.005	8665.04	-51747.7	-6734.78	161.882	242.259	0	-1.98E-05	2.50E-06	-1.46E-05	-1.12E-05
357	3	-23.657	-40.2873	737.484	8578.34	-51761.9	-6690.43	161.813	242.368	0	-1.88E-05	2.41E-06	-9.88E-06	-1.11E-05
357	4	-23.8866	-40.0375	736.963	8491.63	-51776.1	-6646.09	161.744	242.478	0	-1.88E-05	2.41E-06	-9.88E-06	-1.11E-05
357	5	-23.9181	-39.8876	736.856	8441.39	-51758.2	-6617.75	161.758	242.544	0	-1.87E-05	2.97E-06	-1.06E-05	-1.27E-05
357	6	-23.9497	-39.7378	736.75	8391.16	-51740.4	-6589.42	161.772	242.611	0	-1.87E-05	2.97E-06	-1.06E-05	-1.27E-05
357	7	-23.9734	-39.5574	736.486	8316.09	-51747	-6558.54	161.738	242.708	0	-1.93E-05	3.96E-06	-7.65E-06	-1.37E-05
357	8	-23.9971	-39.377	736.222	8241.03	-51753.7	-6527.66	161.704	242.806	0	-1.89E-05	4.76E-06	7.75E-07	-1.34E-05
357	9	-24.0304	-39.1646	735.298	8126.14	-51716.7	-6507.18	161.666	242.949	0	-1.89E-05	4.76E-06	7.75E-07	-1.34E-05
357	10	-24.0637	-38.9522	734.373	8011.25	-51679.6	-6486.69	161.628	243.091	0	-1.85E-05	5.24E-06	4.31E-06	-1.44E-05
357	11	-24.1019	-38.8747	733.964	7960.65	-51704.4	-6466.97	161.555	243.154	0	-1.85E-05	5.24E-06	4.31E-06	-1.44E-05
357	12	-24.1401	-38.7971	733.556	7910.04	-51729.2	-6447.26	161.482	243.217	0	-1.92E-05	5.46E-06	-4.05E-06	-1.53E-05
357	13	-24.216	-38.6267	732.846	7815.4	-51693.8	-6415.77	161.462	243.336	0	-1.92E-05	5.46E-06	-4.05E-06	-1.53E-05
357	14	-24.292	-38.4562	732.137	7720.76	-51658.5	-6384.28	161.442	243.454	0	-1.99E-05	4.91E-06	-1.89E-05	-1.44E-05
357	15	-24.2833	-38.3234	731.652	7623.67	-51631.8	-6348.2	161.431	243.58	0	-1.99E-05	4.91E-06	-1.89E-05	-1.44E-05
357	16	-24.2747	-38.1906	731.167	7526.58	-51605	-6312.11	161.421	243.706	0	-2.05E-05	5.18E-06	-2.77E-05	-1.38E-05
357	17	-24.3547	-38.0826	730.512	7441.27	-51568.3	-6282.6	161.408	243.814	0	-2.18E-05	5.02E-06	-2.55E-05	-1.40E-05
357	18	-24.4347	-37.9746	729.857	7355.96	-51531.5	-6253.1	161.395	243.921	0	-2.18E-05	5.02E-06	-2.55E-05	-1.40E-05
357	19	-24.474	-37.8443	729.177	7269.46	-51503.7	-6222.89	161.367	244.031	0	-2.32E-05	4.83E-06	-1.99E-05	-1.43E-05
358	0	-24.5133	-37.714	728.496	7182.95	-51475.9	-6192.67	161.34	244.14	0	-2.32E-05	4.83E-06	-1.99E-05	-1.43E-05
358	1	-24.4642	-37.5285	727.794	7126.17	-51460.1	-6142.4	161.293	244.209	0	-2.47E-05	4.61E-06	-1.69E-05	-1.36E-05
358	2	-24.4152	-37.3431	727.092	7069.39	-51444.3	-6092.13	161.247	244.277	0	-2.47E-05	4.61E-06	-1.69E-05	-1.36E-05
358	3	-24.534	-37.1693	726.38	6969.18	-51448.1	-6072.04	161.172	244.406	0	-2.47E-05	5.30E-06	-1.59E-05	-1.38E-05
358	4	-24.6528	-36.9955	725.667	6868.98	-51452	-6051.95	161.097	244.534	0	-2.47E-05	5.30E-06	-1.59E-05	-1.38E-05
358	5	-24.6948	-36.8168	724.942	6757.35	-51412.9	-6015.74	161.08	244.679	0	-2.46E-05	5.92E-06	-1.32E-05	-1.42E-05
358	6	-24.7369	-36.6381	724.217	6645.73	-51373.9	-5979.53	161.063	244.824	0	-2.38E-05	4.89E-06	-2.75E-06	-1.34E-05
358	7	-24.7964	-36.534	723.813	6542.3	-51307.8	-5933.68	161.115	244.961	0	-2.38E-05	4.89E-06	-2.75E-06	-1.34E-05
358	8	-24.8558	-36.4299	723.408	6438.87	-51241.8	-5887.82	161.166	245.099	0	-2.38E-05	4.04E-06	1.08E-05	-1.20E-05
358	9	-24.896	-36.2644	722.692	6320.4	-51209.8	-5858.57	161.14	245.254	0	-2.38E-05	4.04E-06	1.08E-05	-1.20E-05
358	10	-24.9361	-36.099	721.976	6201.94	-51177.8	-5829.31	161.114	245.41	0	-2.30E-05	5.31E-06	1.43E-05	-9.94E-06
358	11	-24.9718	-35.8456	721.52	6144.27	-51152.3	-5810.14	161.105	245.484	0	-2.30E-05	5.31E-06	1.43E-05	-9.94E-06
358	12	-25.0074	-35.5922	721.064	6086.6	-51126.8	-5790.97	161.095	245.559	0	-2.11E-05	4.83E-06	8.59E-06	-1.05E-05
358	13	-25.1277	-35.3154	719.766	5994.08	-51095.4	-5747.83	161.011	245.672	0	-2.11E-05	4.83E-06	8.59E-06	-1.05E-05
358	14	-25.248	-35.0385	718.469	5901.55	-51064.1	-5704.69	160.927	245.786	0	-2.19E-05	4.86E-06	1.12E-05	-1.23E-05
358	15	-25.2135	-34.9393	717.58	5814.86	-51070.3	-5669.78	160.83	245.897	0	-2.12E-05	7.18E-06	1.05E-05	-1.38E-05
358	16	-25.179	-34.8401	716.691	5728.16	-51076.5	-5634.87	160.733	246.008	0	-2.12E-05	7.18E-06	1.05E-05	-1.38E-05
358	17	-25.2237	-34.6726	716.412	5655.64	-50998.8	-5589.32	160.814	246.106	0	-2.05E-05	6.76E-06	5.91E-06	-1.47E-05
358	18	-25.2684	-34.5051	716.134	5583.11	-50921.1	-5543.77	160.894	246.204	0	-2.05E-05	6.76E-06	5.91E-06	-1.47E-05
358	19	-25.3957	-34.2601	714.557	5466.06	-50868.9	-5521.7	160.811	246.35	0	-1.97E-05	5.79E-06	2.50E-06	-1.29E-05
359	0	-25.5229	-34.0152	712.98	5349	-50816.7	-5499.62	160.726	246.498	0	-1.97E-05	5.79E-06	2.50E-06	-1.29E-05
359	1	-25.4801	-33.86	711.763	5267.56	-50787.1	-5472.05	160.646	246.599	0	-1.90E-05	5.16E-06	-7.10E-06	-1.26E-05
359	2	-25.4373	-33.7047	710.546	5186.11	-50757.5	-5444.49	160.566	246.701	0	-1.90E-05	5.16E-06	-7.10E-06	-1.26E-05
359	3	-25.5606	-33.6378	709.602	5110.36	-50748.6	-5411.63	160.483	246.798	0	-1.96E-05	4.89E-06	-1.36E-05	-1.28E-05
359	4	-25.684	-33.5709	708.658	5034.62	-50739.7	-5378.77	160.4	246.896	0	-2.03E-05	4.95E-06	-1.44E-05	-1.17E-05
359	5	-25.6867	-33.3944	707.724	4889.53	-50665.9	-5350.37	160.41	247.091	0	-2.03E-05	4.95E-06	-1.44E-05	-1.17E-05
359	6	-25.6895	-33.218	706.79	4744.44	-50592.1	-5321.98	160.42	247.287	0	-2.03E-05	4.14E-06	-1.84E-05	-1.28E-05
359	7	-25.6453	-33.0208	706.344	4675.56	-50544.3	-5269.9	160.442	247.381	0	-2.03E-05	4.14E-06	-1.84E-05	-1.28E-05
359	8	-25.6012	-32.8237	705.899	4606.68	-50496.4	-5217.81	160.465	247.474	0	-2.07E-05	2.68E-06	-2.45E-05	-1.43E-05
359	9	-25.7839	-32.6397	704.618	4524.4	-50405.1	-5180.78	160.465	247.579	0	-2.07E-05	2.68E-06	-2.45E-05	-1.43E-05
359	10	-25.9667	-32.4557	703.337	4442.12	-50313.8	-5143.75	160.464	247.684	0	-2.25E-05	3.94E-06	-2.54E-05	-1.46E-05
359	11	-26.0302	-32.2088	702.507	4339.54	-50273.9	-5110.52	160.436	247.823	0	-2.25E-05	3.94E-06	-2.54E-05	-1.46E-05
359	12	-26.0937	-31.9619	701.676	4236.96	-50234	-5077.28	160.409	247.962	0	-2.35E-05	4.45E-06	-2.30E-05	-1.49E-05
359	13	-26.083	-31.8002	700.785	4172.25	-50219.2	-5035.21	160.339	248.046	0	-2.19E-05	3.78E-06	-1.73E-05	-1.41E-05
359	14	-26.0722	-31.6385	699.893	4107.54	-50204.4	-4993.13	160.268	248.131	0	-2.19E-05	3.78E-06	-1.73E-05	-1.41E-05
359	15	-26.1013	-31.3772	699.056	4026.75	-50148.2	-4954.83	160.263	248.24	0	-2.13E-05	3.51E-06	-7.89E-06	-1.30E-05
359	16	-26.1303	-31.116	698.219	3945.96	-50091.9	-4916.53	160.258	248.349	0	-2.13E-05	3.51E-06	-7.89E-06	-1.30E-05
359	17	-26.1429	-30.9711	697.167	3814.83	-50032	-4874.46	160.235	248.528	0	-2.13E-05	5.94E-06	-3.97E-06	-1.26E-05
359	18	-26.1556	-30.8262	696.115	3683.7	-49972.1	-4832.4	160.213	248.708	0	-2.13E-05	5.94E-06	-3.97E-06	-1.26E-05
359	19	-26.1701	-30.6611	695.267	3583.54	-49892.8	-4787.86	160.239	248.846	0	-2.10E-05	6.32E-06	-1.19E-05	-1.23E-05
360	0	-26.1847	-30.4961	694.42	3483.37	-49813.4	-4743.32	160.266	248.984	0	-2.10E-05	6.32E-06	-1.19E-05	-1.23E-05
360	1	-26.2064	-30.3702	693.256	3425.36	-49798.2	-4701.55	160.168	249.059	0	-2.12E-05	5.87E-06	-1.91E-05	-1.13E-05
360	2	-26.2281	-30.2443	692.093	3367.35	-49783.1	-4659.77	160.069	249.135	0	-2.02E-05	5.96E-06	-1.96E-05	-1.20E-05
360	3	-26.3257	-30.0056	690.799	3287.63	-49733.9	-4622.89	160.005	249.241	0	-2.02E-05	5.96E-06	-1.96E-05	-1.20E-05
360	4	-26.4234	-29.7669	689.506	3207.91	-49684.8	-4586.01	159.942	249.348	0	-1.95E-05	6.42E-06	-1.78E-05	-1.29E-05
360	5	-26.4139	-29.581	688.569	3100.52	-49613.8	-4560.07	159.947	249.497	0	-1.95E-05	6.42E-06	-1.78E-05	-1.29E-05
360	6	-26.4044	-29.3952	687.632	2993.13	-49542.8	-4534.13	159.952	249.647	0	-2.07E-05	5.70E-06	-1.63E-05	-1.25E-05
360	7	-26.3989	-29.2259	686.638	2929	-49445	-4502.14	159.99	249.734	0	-2.07E-05	5.70E-06	-1.63E-05	-1.25E-05
360	8	-26.3934	-29.0567	685.644	2864.87	-49347.2	-4470.16	160.028	249.822	0	-1.97E-05	7.00E-06	-1.66E-05	-1.20E-05
360	9	-26.3831	-28.8736	684.435	2796.58	-49315.6	-4406.26	159.947	249.914	0	-1.97E-05	7.00E-06	-1.66E-05	-1.20E-05
360	10	-26.3727	-28.6905	683.225	2728.29	-49284	-4342.37	159.866	250.007	0	-1.79E-05	7.73E-06	-1.48E-05	-1.05E-05
360	11	-26.4597	-28.425	682.409	2575.93	-49186.7	-4325.91	159.922	250.225	0	-1.87E-05	6.47E-06	-1.14E-05	-1.10E-05
360	12	-26.5466	-28.1594	681.593	2423.57	-49089.4	-4309.44	159.978	250.444	0	-1.87E-05	6.47E-06	-1.14E-05	-1.10E-05
360	13	-26.4742	-27.8778	680.453	2329.72	-49052.4	-4293.5	159.912	250.576	0	-1.92E-05	5.79E-06	-7.75E-06	-1.17E-05
360	14	-26.4018	-27.5962	679.313	2235.87	-49015.4	-4277.57	159.846	250.709	0	-1.92E-05	5.79E-06	-7.75E-06	-1.17E-05
360	15	-26.5433	-27.3858	678.589	2138.1	-48966.2	-4219.09	159.841	250.849	0	-2.01E-05	5.26E-06	-1.66E-06	-1.22E-05
360	16	-26.6848	-27.1753	677.865	2040.32	-48916.9	-4160.61	159.837	250.99	0	-2.01E-05	5.26E-06	-1.66E-06	-1.22E-05
360	17	-26.5721	-27.0403	676.602	1933.5	-48826.5	-4104.98	159.836	251.142	0	-2.07E-05	5.75E-06	-6.60E-07	-1.18E-05
360	18	-26.4594	-26.9053	675.339	1826.68	-48736.2	-4049.35	159.834	251.295	0	-2.07E-05	5.75E-06	-6.60E-07	-1.18E-05
360	19	-26.5501	-26.708	673.959	1764.08	-48642.7	-4028.91	159.826	251.383	0	-2.10E-05	5.86E-06	-3.02E-06	-1.23E-05
361	0	-26.6408	-26.5106	672.58	1701.48	-48549.1	-4008.46	159.817	251.47	0	-2.08E-05	4.45E-06	-3.00E-06	-1.24E-05
361	1	-26.6188	-26.249	671.255	1611.05	-48527.1	-3974.35	159.707	251.6	0	-2.08E-05	4.45E-06	-3.00E-06	-1.24E-05
361	2	-26.5968	-25.9873	669.93	1520.62	-48505.1	-3940.23	159.597	251.73	0	-2.09E-05	3.86E-06	-3.42E-06	-1.35E-05
361	3	-26.5667	-25.8256	668.444	1445.35	-48380.2	-3907.78	159.623	251.838	0	-2.09E-05	3.86E-06	-3.42E-06	-1.35E-05
361	4	-26.5365	-25.6639	666.958	1370.09	-48255.3	-3875.33	159.649	251.946	0	-2.14E-05	3.84E-06	-7.70E-06	-1.42E-05
361	5	-26.6667	-25.4219	665.86	1318.28	-48114.1	-3845.61	159.741	252.02	0	-2.14E-05	3.84E-06	-7.70E-06	-1.42E-05
361	6	-26.7969	-25.1799	664.762	1266.48	-47972.8	-3815.88	159.835	252.095	0	-1.98E-05	3.75E-06	-8.26E-06	-1.36E-05
361	7	-26.7548	-24.947	663.724	1177.08	-47932.9	-3759.3	159.782	252.227	0	-1.98E-05	3.75E-06	-8.26E-06	-1.36E-05
361	8	-26.7128	-24.714	662.687	1087.68	-47893	-3702.73	159.729	252.359	0	-1.97E-05	4.22E-06	-4.95E-06	-1.36E-05
361	9	-26.6835	-24.4445	661.407	1041.09	-47861	-3670.3	159.638	252.426	0	-2.04E-05	4.47E-06	-6.37E-06	-1.39E-05
361	10	-26.6541	-24.175	660.127	994.498	-47829.1	-3637.87	159.546	252.493	0	-2.04E-05	4.47E-06	-6.37E-06	-1.39E-05
361	11	-26.5787	-23.8601	658.845	922.596	-47795.4	-3610.48	159.456	252.6	0	-2.12E-05	5.28E-06	-1.32E-05	-1.37E-05
361	12	-26.5034	-23.5451	657.562	850.694	-47761.7	-3583.08	159.365	252.706	0	-2.12E-05	5.28E-06	-1.32E-05	-1.37E-05
361	13	-26.3575	-23.4323	656.553	759.055	-47681.1	-3555.13	159.377	252.844	0	-2.05E-05	5.79E-06	-1.97E-05	-1.22E-05
361	14	-26.2117	-23.3194	655.544	667.418	-47600.6	-3527.17	159.388	252.982	0	-2.05E-05	5.79E-06	-1.97E-05	-1.22E-05
361	15	-26.2098	-23.0408	654.32	566.24	-47491.9	-3472.56	159.418	253.135	0	-1.99E-05	5.12E-06	-2.35E-05	-1.21E-05
361	16	-26.2078	-22.7622	653.097	465.062	-47383.2	-3417.96	159.448	253.288	0	-1.99E-05	5.12E-06	-2.35E-05	-1.21E-05
361	17	-26.2268	-22.5176	652.131	384.137	-47332	-3372.61	159.419	253.411	0	-2.20E-05	4.49E-06	-2.15E-05	-1.20E-05
361	18	-26.2457	-22.273	651.166	303.212	-47280.9	-3327.27	159.39	253.534	0	-2.17E-05	4.26E-06	-1.80E-05	-1.25E-05
361	19	-26.2919	-22.0393	649.921	180.382	-47207	-3313.2	159.365	253.722	0	-2.17E-05	4.26E-06	-1.80E-05	-1.25E-05
362	0	-26.3381	-21.8057	648.676	57.5523	-47133.1	-3299.14	159.34	253.911	0	-2.05E-05	4.60E-06	-1.49E-05	-1.17E-05
362	1	-26.3413	-21.5691	647.358	-61.7433	-47024	-3279.27	159.36	254.095	0	-2.05E-05	4.60E-06	-1.49E-05	-1.17E-05
362	2	-26.3444	-21.3326	646.041	-181.039	-46914.9	-3259.4	159.381	254.28	0	-2.10E-05	3.84E-06	-1.03E-05	-1.03E-05
362	3	-26.3332	-21.0566	644.962	-234.328	-46861.9	-3195.27	159.342	254.363	0	-2.10E-05	3.84E-06	-1.03E-05	-1.03E-05
362	4	-26.3219	-20.7806	643.882	-287.618	-46808.8	-3131.14	159.302	254.447	0	-2.13E-05	3.94E-06	-3.87E-06	-1.09E-05
362	5	-26.2238	-20.5157	642.576	-322.212	-46754.4	-3113.25	159.239	254.501	0	-2.13E-05	3.94E-06	-3.87E-06	-1.09E-05
362	6	-26.1257	-20.2507	641.27	-356.805	-46700.1	-3095.35	159.176	254.556	0	-2.22E-05	5.59E-06	3.04E-06	-1.04E-05
362	7	-26.1448	-20.0925	640.029	-459.34	-46659.6	-3069.98	159.098	254.718	0	-2.36E-05	4.64E-06	9.11E-06	-9.28E-06
362	8	-26.1639	-19.9343	638.789	-561.875	-46619.2	-3044.61	159.019	254.88	0	-2.36E-05	4.64E-06	9.11E-06	-9.28E-06
362	9	-26.0143	-19.7233	637.491	-645.68	-46553	-2997.99	158.975	255.013	0	-2.32E-05	4.16E-06	7.25E-06	-8.25E-06
362	10	-25.8648	-19.5123	636.192	-729.485	-46486.8	-2951.36	158.93	255.147	0	-2.32E-05	4.16E-06	7.25E-06	-8.25E-06
362	11	-25.8047	-19.3385	635.521	-796.727	-46392.5	-2920.92	159.001	255.254	0	-2.26E-05	3.78E-06	-9.29E-07	-7.32E-06
362	12	-25.7446	-19.1647	634.851	-863.968	-46298.2	-2890.48	159.072	255.361	0	-2.26E-05	3.78E-06	-9.29E-07	-7.32E-06
362	13	-25.7031	-18.963	633.929	-979.13	-46219.8	-2883.61	159.09	255.545	0	-2.33E-05	3.23E-06	-9.51E-06	-8.32E-06
362	14	-25.6615	-18.7612	633.008	-1094.29	-46141.3	-2876.73	159.108	255.729	0	-2.33E-05	3.23E-06	-9.51E-06	-8.32E-06
362	15	-25.718	-18.4527	631.262	-1163.25	-46053.6	-2827.04	159.045	255.843	0	-2.50E-05	3.40E-06	-1.40E-05	-1.03E-05
362	16	-25.7744	-18.1441	629.516	-1232.22	-45965.8	-2777.35	158.982	255.957	0	-2.38E-05	2.60E-06	-1.40E-05	-1.07E-05
362	17	-25.7438	-17.863	628.849	-1264.11	-45902.9	-2743.4	159.005	256.01	0	-2.38E-05	2.60E-06	-1.40E-05	-1.07E-05
362	18	-25.7132	-17.5819	628.181	-1296.01	-45839.9	-2709.45	159.028	256.063	0	-2.22E-05	3.27E-06	-1.33E-05	-1.20E-05
362	19	-25.5895	-17.362	627.149	-1379.32	-45739.3	-2679.29	159.068	256.199	0	-2.22E-05	3.27E-06	-1.33E-05	-1.20E-05
363	0	-25.4657	-17.1421	626.116	-1462.63	-45638.6	-2649.13	159.108	256.336	0	-2.11E-05	3.70E-06	-1.48E-05	-1.23E-05
363	1	-25.3748	-17.0957	624.613	-1550.57	-45603.6	-2638.47	158.989	256.482	0	-2.11E-05	3.70E-06	-1.48E-05	-1.23E-05
363	2	-25.2839	-17.0493	623.11	-1638.5	-45568.6	-2627.81	158.869	256.63	0	-2.20E-05	2.62E-06	-1.65E-05	-1.05E-05
363	3	-25.3086	-16.8645	622.026	-1701.64	-45522.4	-2590.37	158.816	256.736	0	-2.20E-05	2.62E-06	-1.65E-05	-1.05E-05
363	4	-25.3333	-16.6797	620.943	-1764.78	-45476.2	-2552.92	158.763	256.842	0	-2.20E-05	3.30E-06	-1.47E-05	-1.23E-05
363	5	-25.3996	-16.4352	620.096	-1851.09	-45386.3	-2517.8	158.808	256.985	0	-2.23E-05	2.71E-06	-9.43E-06	-1.21E-05
363	6	-25.4658	-16.1906	619.249	-1937.4	-45296.4	-2482.68	158.853	257.129	0	-2.23E-05	2.71E-06	-9.43E-06	-1.21E-05
363	7	-25.3556	-15.9614	618.192	-2042.73	-45214.5	-2449.72	158.86	257.304	0	-2.20E-05	1.76E-06	-3.69E-06	-1.07E-05
363	8	-25.2453	-15.7322	617.135	-2148.07	-45132.7	-2416.77	158.867	257.481	0	-2.20E-05	1.76E-06	-3.69E-06	-1.07E-05
363	9	-25.157	-15.5492	615.837	-2216.41	-45066.6	-2380.97	158.821	257.599	0	-2.19E-05	2.45E-06	-5.96E-06	-9.65E-06
363	10	-25.0687	-15.3662	614.539	-2284.75	-45000.6	-2345.17	158.773	257.718	0	-2.19E-05	2.45E-06	-5.96E-06	-9.65E-06
363	11	-25.0538	-15.1417	613.878	-2319.86	-44950.4	-2315.58	158.776	257.779	0	-2.13E-05	3.25E-06	-1.44E-05	-1.05E-05
363	12	-25.039	-14.9171	613.217	-2354.97	-44900.1	-2285.98	158.779	257.84	0	-2.13E-05	3.25E-06	-1.44E-05	-1.05E-05
363	13	-24.972	-14.6978	612.039	-2438.21	-44858	-2252.78	158.707	257.984	0	-2.12E-05	3.63E-06	-1.64E-05	-1.24E-05
363	14	-24.9051	-14.4786	610.862	-2521.44	-44815.8	-2219.57	158.635	258.128	0	-2.30E-05	3.31E-06	-3.46E-06	-1.12E-05
363	15	-24.8754	-14.2708	610.018	-2635.05	-44734.5	-2202.16	158.667	258.32	0	-2.30E-05	3.31E-06	-3.46E-06	-1.12E-05
363	16	-24.8456	-14.063	609.174	-2748.66	-44653.3	-2184.75	158.699	258.512	0	-2.34E-05	4.09E-06	9.52E-06	-1.13E-05
363	17	-24.7497	-13.9046	608.376	-2800	-44594.9	-2135.22	158.699	258.602	0	-2.34E-05	4.09E-06	9.52E-06	-1.13E-05
363	18	-24.6539	-13.7461	607.579	-2851.35	-44536.5	-2085.69	158.698	258.693	0	-2.41E-05	3.26E-06	1.10E-05	-1.18E-05
363	19	-24.6248	-13.5452	606.171	-2933.62	-44492.8	-2056.08	158.6	258.84	0	-2.41E-05	3.26E-06	1.10E-05	-1.18E-05
364	0	-24.5958	-13.3443	604.763	-3015.9	-44449	-2026.46	158.502	258.987	0	-2.44E-05	2.48E-06	5.48E-06	-1.16E-05
364	1	-24.5374	-13.1772	603.705	-3140.48	-44348.9	-2007.01	158.539	259.202	0	-2.44E-05	2.48E-06	5.48E-06	-1.16E-05
364	2	-24.479	-13.0101	602.647	-3265.05	-44248.8	-1987.56	158.576	259.418	0	-2.32E-05	2.30E-06	-4.72E-06	-1.47E-05
364	3	-24.4347	-12.7926	601.846	-3311.75	-44167.7	-1949.79	158.613	259.503	0	-2.25E-05	3.39E-06	-4.16E-06	-1.63E-05
364	4	-24.3904	-12.5751	601.044	-3358.44	-44086.6	-1912.03	158.65	259.588	0	-2.25E-05	3.39E-06	-4.16E-06	-1.63E-05
364	5	-24.4135	-12.3055	600.106	-3438.31	-44035.7	-1885.86	158.62	259.729	0	-2.22E-05	4.87E-06	4.18E-07	-1.65E-05
364	6	-24.4366	-12.036	599.167	-3518.18	-43984.8	-1859.69	158.59	259.872	0	-2.22E-05	4.87E-06	4.18E-07	-1.65E-05
364	7	-24.2726	-11.7774	597.917	-3583.14	-43958.6	-1841.61	158.48	259.993	0	-2.15E-05	4.95E-06	-5.59E-06	-1.53E-05
364	8	-24.1087	-11.5187	596.666	-3648.1	-43932.5	-1823.53	158.37	260.114	0	-2.15E-05	4.95E-06	-5.59E-06	-1.53E-05
364	9	-24.1102	-11.3633	595.961	-3740.62	-43874.8	-1780.66	158.38	260.277	0	-2.23E-05	5.42E-06	-1.95E-05	-1.50E-05
364	10	-24.1117	-11.2078	595.255	-3833.13	-43817	-1737.79	158.39	260.439	0	-2.23E-05	5.42E-06	-1.95E-05	-1.50E-05
364	11	-24.1297	-11.0908	594.114	-3901.75	-43762.2	-1702.74	158.34	260.567	0	-2.08E-05	4.43E-06	-3.01E-05	-1.42E-05
364	12	-24.1477	-10.9738	592.973	-3970.37	-43707.5	-1667.69	158.291	260.696	0	-1.96E-05	4.10E-06	-3.05E-05	-1.37E-05
364	13	-24.0764	-10.7634	592.152	-4036.3	-43658.2	-1669.06	158.272	260.816	0	-1.96E-05	4.10E-06	-3.05E-05	-1.37E-05
364	14	-24.0051	-10.5529	591.331	-4102.24	-43608.9	-1670.44	158.253	260.937	0	-1.88E-05	6.99E-06	-2.00E-05	-1.22E-05
364	15	-23.8791	-10.334	590.414	-4180.12	-43534.3	-1643.19	158.265	261.08	0	-1.88E-05	6.99E-06	-2.00E-05	-1.22E-05
364	16	-23.7531	-10.115	589.496	-4258	-43459.6	-1615.93	158.277	261.223	0	-1.80E-05	6.49E-06	-5.52E-06	-1.13E-05
364	17	-23.7095	-9.85983	588.854	-4321.35	-43414.9	-1571.14	158.272	261.339	0	-1.80E-05	6.49E-06	-5.52E-06	-1.13E-05
364	18	-23.6659	-9.60466	588.212	-4384.7	-43370.1	-1526.34	158.268	261.454	0	-1.83E-05	6.10E-06	2.52E-06	-1.07E-05
364	19	-23.5549	-9.48901	587.323	-4433.95	-43310.1	-1500.61	158.259	261.549	0	-1.83E-05	6.10E-06	2.52E-06	-1.07E-05
365	0	-23.4438	-9.37336	586.434	-4483.21	-43250	-1474.89	158.249	261.645	0	-1.96E-05	6.59E-06	-2.74E-06	-1.04E-05
365	1	-23.4263	-9.22969	585.541	-4577.88	-43188.1	-1453.79	158.242	261.818	0	-1.96E-05	6.92E-06	-6.29E-06	-1.09E-05
365	2	-23.4089	-9.08601	584.649	-4672.56	-43126.1	-1432.68	158.236	261.992	0	-1.96E-05	6.92E-06	-6.29E-06	-1.09E-05
365	3	-23.4035	-8.85466	583.705	-4758.41	-43059.3	-1388.55	158.231	262.152	0	-1.93E-05	7.14E-06	-1.25E-05	-1.31E-05
365	4	-23.3981	-8.62331	582.762	-4844.26	-42992.4	-1344.42	158.226	262.313	0	-1.93E-05	7.14E-06	-1.25E-05	-1.31E-05
365	5	-23.326	-8.40196	582.024	-4960.08	-42935.4	-1312.33	158.231	262.522	0	-1.97E-05	6.46E-06	-1.81E-05	-1.44E-05
365	6	-23.2539	-8.18061	581.285	-5075.91	-42878.5	-1280.24	158.235	262.732	0	-1.97E-05	6.46E-06	-1.81E-05	-1.44E-05
365	7	-23.1784	-8.06969	580.584	-5124.52	-42865.1	-1232.89	158.169	262.827	0	-2.01E-05	5.94E-06	-2.07E-05	-1.57E-05
365	8	-23.103	-7.95877	579.883	-5173.12	-42851.7	-1185.53	158.103	262.921	0	-2.01E-05	5.94E-06	-2.07E-05	-1.57E-05
365	9	-23.1261	-7.74471	578.539	-5297.37	-42781.2	-1158.22	158.053	263.156	0	-2.12E-05	6.24E-06	-2.26E-05	-1.63E-05
365	10	-23.1493	-7.53064	577.195	-5421.62	-42710.7	-1130.9	158.003	263.393	0	-2.16E-05	5.28E-06	-1.41E-05	-1.48E-05
365	11	-23.1024	-7.40107	576.141	-5475.68	-42675.5	-1101.88	157.929	263.504	0	-2.16E-05	5.28E-06	-1.41E-05	-1.48E-05
365	12	-23.0555	-7.27149	575.087	-5529.75	-42640.3	-1072.86	157.854	263.616	0	-2.07E-05	5.87E-06	-8.26E-06	-1.39E-05
365	13	-22.9476	-7.10659	574.329	-5561.07	-42597.7	-1046.64	157.83	263.683	0	-2.07E-05	5.87E-06	-8.26E-06	-1.39E-05
365	14	-22.8396	-6.94169	573.571	-5592.39	-42555.1	-1020.41	157.807	263.75	0	-1.96E-05	5.63E-06	-1.84E-05	-1.36E-05
365	15	-22.7884	-6.75135	572.978	-5673.51	-42525.8	-1000.93	157.781	263.902	0	-1.96E-05	5.63E-06	-1.84E-05	-1.36E-05
365	16	-22.7372	-6.56102	572.385	-5754.64	-42496.4	-981.457	157.756	264.054	0	-1.91E-05	4.00E-06	-1.81E-05	-1.33E-05
365	17	-22.7299	-6.47144	571.789	-5823.19	-42446.5	-935.482	157.765	264.184	0	-1.91E-05	4.00E-06	-1.81E-05	-1.33E-05
365	18	-22.7227	-6.38186	571.192	-5891.75	-42396.6	-889.508	157.775	264.315	0	-2.00E-05	5.10E-06	-1.06E-05	-1.25E-05
365	19	-22.674	-6.22427	570.741	-5964.51	-42349.1	-871.995	157.8	264.451	0	-2.10E-05	5.17E-06	-9.32E-06	-1.15E-05
366	0	-22.6254	-6.06668	570.29	-6037.28	-42301.7	-854.482	157.824	264.586	0	-2.10E-05	5.17E-06	-9.32E-06	-1.15E-05
366	1	-22.6481	-5.81357	569.306	-6113.1	-42287.5	-848.213	157.721	264.738	0	-1.97E-05	2.58E-06	-1.82E-05	-1.13E-05
366	2	-22.6707	-5.56045	568.322	-6188.92	-42273.3	-841.945	157.617	264.89	0	-1.97E-05	2.58E-06	-1.82E-05	-1.13E-05
366	3	-22.611	-5.44314	567.627	-6269.1	-42210.5	-817.07	157.637	265.044	0	-2.01E-05	3.04E-06	-2.42E-05	-1.16E-05
366	4	-22.5513	-5.32582	566.932	-6349.29	-42147.8	-792.196	157.656	265.199	0	-2.01E-05	3.04E-06	-2.42E-05	-1.16E-05
366	5	-22.5641	-5.26323	566.663	-6426.73	-42063.7	-732.621	157.77	265.341	0	-1.96E-05	3.13E-06	-1.61E-05	-1.17E-05
366	6	-22.5769	-5.20063	566.395	-6504.17	-41979.6	-673.046	157.883	265.483	0	-1.96E-05	3.13E-06	-1.61E-05	-1.17E-05
366	7	-22.4368	-5.03484	565.588	-6595.21	-41973.7	-638.677	157.788	265.661	0	-1.95E-05	2.58E-06	8.09E-07	-1.12E-05
366	8	-22.2967	-4.86905	564.781	-6686.25	-41967.8	-604.308	157.692	265.839	0	-1.81E-05	1.85E-06	8.38E-06	-1.13E-05
366	9	-22.289	-4.71034	563.822	-6794.88	-41954.3	-592.433	157.589	266.051	0	-1.81E-05	1.85E-06	8.38E-06	-1.13E-05
366	10	-22.2813	-4.55164	562.864	-6903.51	-41940.9	-580.559	157.487	266.265	0	-1.81E-05	2.01E-06	1.20E-05	-1.15E-05
366	11	-22.3083	-4.41244	562.349	-6979.5	-41906.9	-559.148	157.479	266.411	0	-1.81E-05	2.01E-06	1.20E-05	-1.15E-05
366	12	-22.3353	-4.27325	561.834	-7055.48	-41873	-537.737	157.471	266.558	0	-1.83E-05	3.27E-06	1.12E-05	-1.12E-05
366	13	-22.1924	-4.15151	561.164	-7114.32	-41790.9	-511.114	157.528	266.678	0	-1.83E-05	3.27E-06	1.12E-05	-1.12E-05
366	14	-22.0496	-4.02977	560.495	-7173.16	-41708.9	-484.49	157.586	266.798	0	-1.83E-05	3.78E-06	3.05E-06	-1.30E-05
366	15	-21.9692	-3.96346	560.063	-7185.6	-41703.5	-445.26	157.538	266.83	0	-1.83E-05	3.78E-06	3.05E-06	-1.30E-05
366	16	-21.8888	-3.89714	559.63	-7198.04	-41698.1	-406.029	157.49	266.862	0	-1.83E-05	3.27E-06	-3.59E-06	-1.35E-05
366	17	-21.9587	-3.73804	559.234	-7289.52	-41694.5	-392.139	157.444	267.035	0	-1.84E-05	3.82E-06	-9.02E-06	-1.28E-05
366	18	-22.0286	-3.57894	558.838	-7380.99	-41690.8	-378.249	157.397	267.208	0	-1.84E-05	3.82E-06	-9.02E-06	-1.28E-05
366	19	-22.0463	-3.40441	558.385	-7482.84	-41658.5	-352.918	157.395	267.401	0	-1.93E-05	3.77E-06	-9.78E-06	-1.43E-05
367	0	-22.0641	-3.22988	557.932	-7584.7	-41626.1	-327.586	157.392	267.594	0	-1.93E-05	3.77E-06	-9.78E-06	-1.43E-05
367	1	-22.0566	-3.08389	557.544	-7709.35	-41578.2	-291.298	157.426	267.827	0	-2.14E-05	5.74E-06	-8.77E-06	-1.50E-05
367	2	-22.0491	-2.9379	557.156	-7834.01	-41530.2	-255.01	157.46	268.061	0	-2.14E-05	5.74E-06	-8.77E-06	-1.50E-05
367	3	-22.0626	-2.95844	556.797	-7968.28	-41512.8	-237.814	157.444	268.311	0	-2.18E-05	7.22E-06	-7.85E-06	-1.54E-05
367	4	-22.076	-2.97899	556.438	-8102.55	-41495.3	-220.619	157.427	268.561	0	-2.18E-05	7.22E-06	-7.85E-06	-1.54E-05
367	5	-22.0181	-2.81434	555.688	-8168.72	-41490.7	-174.156	157.335	268.7	0	-2.06E-05	7.14E-06	-7.70E-06	-1.41E-05
367	6	-21.9603	-2.6497	554.937	-8234.89	-41486	-127.692	157.242	268.839	0	-2.01E-05	6.44E-06	-8.87E-06	-1.31E-05
367	7	-21.9632	-2.4997	554.786	-8286.73	-41413.6	-83.4905	157.352	268.937	0	-2.01E-05	6.44E-06	-8.87E-06	-1.31E-05
367	8	-21.9661	-2.34971	554.636	-8338.58	-41341.2	-39.2886	157.462	269.034	0	-2.10E-05	5.75E-06	-1.01E-05	-1.42E-05
367	9	-21.962	-2.33656	553.998	-8368.01	-41374.8	-21.9878	157.316	269.105	0	-2.10E-05	5.75E-06	-1.01E-05	-1.42E-05
367	10	-21.9579	-2.32342	553.36	-8397.44	-41408.2	-4.68703	157.169	269.175	0	-2.25E-05	5.82E-06	-1.13E-05	-1.34E-05
367	11	-21.8714	-2.28063	552.567	-8523.19	-41357.2	32.5582	157.154	269.425	0	-2.25E-05	5.82E-06	-1.13E-05	-1.34E-05
367	12	-21.785	-2.23784	551.773	-8648.94	-41306.1	69.8035	157.139	269.675	0	-2.35E-05	4.32E-06	-1.04E-05	-1.20E-05
367	13	-21.7958	-1.97842	551.428	-8686.65	-41301.7	84.8854	157.1	269.753	0	-2.35E-05	4.32E-06	-1.04E-05	-1.20E-05
367	14	-21.8067	-1.719	551.083	-8724.35	-41297.4	99.9673	157.061	269.831	0	-2.22E-05	5.12E-06	-7.37E-06	-1.08E-05
367	15	-21.7924	-1.5196	550.592	-8802.45	-41299.3	140.272	156.991	269.987	0	-2.10E-05	4.61E-06	-2.80E-07	-8.98E-06
367	16	-21.7782	-1.3202	550.1	-8880.54	-41301.2	180.576	156.921	270.143	0	-2.10E-05	4.61E-06	-2.80E-07	-8.98E-06
367	17	-21.7472	-1.22878	549.975	-8957.66	-41277.8	211.181	156.946	270.287	0	-2.12E-05	5.26E-06	5.99E-06	-9.69E-06
367	18	-21.7162	-1.13736	549.849	-9034.78	-41254.4	241.787	156.971	270.431	0	-2.12E-05	5.26E-06	5.99E-06	-9.69E-06
367	19	-21.7407	-1.06856	549.747	-9121.65	-41276.9	253.623	156.917	270.592	0	-2.17E-05	5.71E-06	3.12E-06	-1.05E-05
368	0	-21.7652	-0.999755	549.646	-9208.52	-41299.3	265.459	156.862	270.754	0	-2.17E-05	5.71E-06	3.12E-06	-1.05E-05
368	1	-21.8391	-0.85168	549.209	-9276.83	-41278.8	283.978	156.839	270.891	0	-2.25E-05	5.85E-06	-5.79E-06	-1.03E-05
368	2	-21.913	-0.703606	548.772	-9345.15	-41258.4	302.497	156.817	271.029	0	-2.25E-05	5.85E-06	-5.79E-06	-1.03E-05
368	3	-21.8757	-0.550511	548.54	-9402.97	-41227.2	334.343	156.842	271.142	0	-2.41E-05	6.68E-06	-4.72E-06	-1.07E-05
368	4	-21.8384	-0.397416	548.307	-9460.8	-41196	366.189	156.867	271.255	0	-2.51E-05	5.12E-06	-1.42E-06	-1.18E-05
368	5	-21.794	-0.24394	547.975	-9539.61	-41177.3	389.854	156.856	271.409	0	-2.51E-05	5.12E-06	-1.42E-06	-1.18E-05
368	6	-21.7497	-0.090464	547.643	-9618.42	-41158.6	413.52	156.844	271.563	0	-2.45E-05	4.45E-06	-3.92E-06	-1.12E-05
368	7	-21.7401	-0.0075845	547.064	-9757.67	-41171.8	422.416	156.74	271.836	0	-2.45E-05	4.45E-06	-3.92E-06	-1.12E-05
368	8	-21.7306	0.075295	546.486	-9896.92	-41185	431.312	156.637	272.11	0	-2.34E-05	3.98E-06	-1.01E-05	-1.07E-05
368	9	-21.7157	0.153568	546.669	-9961.76	-41174.8	467.188	156.681	272.223	0	-2.34E-05	3.98E-06	-1.01E-05	-1.07E-05
368	10	-21.7007	0.231842	546.853	-10026.6	-41164.6	503.064	156.725	272.335	0	-2.23E-05	5.19E-06	-1.70E-05	-1.20E-05
368	11	-21.7075	0.370784	546.521	-10062.5	-41162.6	533.583	156.683	272.412	0	-2.23E-05	5.19E-06	-1.70E-05	-1.20E-05
368	12	-21.7142	0.509726	546.19	-10098.3	-41160.6	564.102	156.64	272.489	0	-2.22E-05	7.59E-06	-2.20E-05	-1.23E-05
368	13	-21.6877	0.624192	546.089	-10164	-41171.5	589.979	156.607	272.612	0	-2.12E-05	7.71E-06	-2.28E-05	-1.24E-05
368	14	-21.6612	0.738657	545.989	-10229.7	-41182.3	615.856	156.573	272.736	0	-2.12E-05	7.71E-06	-2.28E-05	-1.24E-05
368	15	-21.7229	0.862801	545.792	-10338.1	-41201.4	643.236	156.511	272.941	0	-2.06E-05	6.52E-06	-2.16E-05	-1.21E-05
368	16	-21.7846	0.986944	545.595	-10446.4	-41220.6	670.617	156.448	273.147	0	-2.06E-05	6.52E-06	-2.16E-05	-1.21E-05
368	17	-21.7391	1.07863	545.171	-10542	-41211.2	685.068	156.407	273.337	0	-2.05E-05	7.47E-06	-2.35E-05	-1.32E-05
368	18	-21.6937	1.17032	544.746	-10637.7	-41201.9	699.519	156.365	273.528	0	-2.05E-05	7.47E-06	-2.35E-05	-1.32E-05
368	19	-21.7049	1.35063	544.857	-10701.1	-41199.4	724.473	156.385	273.64	0	-2.08E-05	6.82E-06	-1.88E-05	-1.36E-05
369	0	-21.7161	1.53093	544.967	-10764.5	-41197	749.426	156.405	273.753	0	-2.08E-05	6.82E-06	-1.88E-05	-1.36E-05
369	1	-21.7524	1.58508	545.142	-10805.5	-41198.4	784.194	156.426	273.822	0	-2.18E-05	6.24E-06	-1.20E-05	-1.38E-05
369	2	-21.7887	1.63924	545.318	-10846.6	-41199.8	818.962	156.448	273.89	0	-2.15E-05	5.20E-06	-7.73E-06	-1.28E-05
369	3	-21.73	1.69544	545.162	-10928.8	-41239.5	855.141	156.354	274.047	0	-2.15E-05	5.20E-06	-7.73E-06	-1.28E-05
369	4	-21.6714	1.75165	545.007	-11011	-41279.1	891.32	156.259	274.204	0	-2.28E-05	5.24E-06	-1.10E-05	-1.17E-05
369	5	-21.6897	1.78201	544.611	-11117.3	-41288	920.98	156.188	274.413	0	-2.28E-05	5.24E-06	-1.10E-05	-1.17E-05
369	6	-21.7081	1.81238	544.216	-11223.5	-41296.9	950.64	156.117	274.623	0	-2.36E-05	5.40E-06	-1.60E-05	-1.25E-05
369	7	-21.7436	2.00333	544.391	-11289.5	-41286.9	952.779	156.159	274.738	0	-2.36E-05	5.40E-06	-1.60E-05	-1.25E-05
369	8	-21.7791	2.19428	544.566	-11355.6	-41276.9	954.918	156.202	274.853	0	-2.32E-05	4.38E-06	-1.39E-05	-1.18E-05
369	9	-21.8323	2.34392	544.64	-11454.1	-41265.4	986.815	156.234	275.031	0	-2.32E-05	4.38E-06	-1.39E-05	-1.18E-05
369	10	-21.8854	2.49355	544.714	-11552.7	-41253.9	1018.71	156.265	275.209	0	-2.37E-05	4.69E-06	-1.18E-05	-1.10E-05
369	11	-21.8878	2.53846	544.436	-11652.4	-41294.7	1046.68	156.151	275.403	0	-2.35E-05	5.67E-06	-1.36E-05	-1.21E-05
369	12	-21.8902	2.58336	544.158	-11752.2	-41335.4	1074.66	156.038	275.597	0	-2.35E-05	5.67E-06	-1.36E-05	-1.21E-05
369	13	-21.9129	2.65591	544.351	-11826.9	-41360.6	1095.94	156.018	275.727	0	-2.26E-05	4.07E-06	-1.19E-05	-1.46E-05
369	14	-21.9356	2.72846	544.544	-11901.7	-41385.8	1117.22	155.999	275.856	0	-2.26E-05	4.07E-06	-1.19E-05	-1.46E-05
369	15	-21.9641	2.9157	544.559	-11953.8	-41375.4	1136.93	156.02	275.951	0	-2.30E-05	3.19E-06	-6.32E-06	-1.41E-05
369	16	-21.9927	3.10294	544.574	-12006	-41364.9	1156.65	156.042	276.047	0	-2.30E-05	3.19E-06	-6.32E-06	-1.41E-05
369	17	-22.0443	3.15741	544.457	-12081.2	-41375.5	1187.13	156.006	276.19	0	-2.31E-05	3.25E-06	-4.68E-06	-1.18E-05
369	18	-22.0958	3.21187	544.339	-12156.5	-41386	1217.61	155.97	276.333	0	-2.31E-05	3.25E-06	-4.68E-06	-1.18E-05
369	19	-22.084	3.28612	544.375	-12249.8	-41432.4	1241.43	155.89	276.503	0	-2.17E-05	3.84E-06	-4.82E-06	-1.07E-05
370	0	-22.0721	3.36036	544.411	-12343.2	-41478.9	1265.25	155.81	276.673	0	-2.17E-05	4.93E-06	-7.21E-06	-1.17E-05
370	1	-21.9921	3.49111	544.44	-12450.8	-41525.4	1271.33	155.728	276.869	0	-2.17E-05	4.93E-06	-7.21E-06	-1.17E-05
370	2	-21.912	3.62185	544.469	-12558.4	-41571.9	1277.41	155.647	277.066	0	-2.22E-05	5.19E-06	-9.45E-06	-1.20E-05
370	3	-21.9606	3.77697	544.534	-12654.1	-41580.7	1314.92	155.64	277.238	0	-2.22E-05	5.19E-06	-9.45E-06	-1.20E-05
370	4	-22.0091	3.93208	544.599	-12749.7	-41589.5	1352.42	155.633	277.411	0	-2.15E-05	3.96E-06	-9.25E-06	-1.07E-05
370	5	-22.0429	4.07703	544.887	-12812	-41607.3	1375.29	155.64	277.513	0	-2.15E-05	3.96E-06	-9.25E-06	-1.07E-05
370	6	-22.0768	4.22198	545.176	-12874.4	-41625.2	1398.15	155.648	277.615	0	-2.03E-05	4.64E-06	-1.45E-05	-1.17E-05
370	7	-22.0433	4.21665	545.161	-12950.2	-41641.3	1407.52	155.617	277.755	0	-2.03E-05	4.64E-06	-1.45E-05	-1.17E-05
370	8	-22.0099	4.21132	545.147	-13026.1	-41657.5	1416.89	155.585	277.895	0	-1.95E-05	4.16E-06	-1.60E-05	-1.31E-05
370	9	-22.0104	4.28735	544.905	-13125.4	-41690.5	1451.14	155.49	278.087	0	-2.08E-05	4.00E-06	-1.78E-05	-1.42E-05
370	10	-22.0109	4.36338	544.664	-13224.6	-41723.6	1485.39	155.396	278.28	0	-2.08E-05	4.00E-06	-1.78E-05	-1.42E-05
370	11	-22.0487	4.39074	544.895	-13318.9	-41748.9	1502.57	155.382	278.443	0	-2.24E-05	5.14E-06	-1.87E-05	-1.39E-05
370	12	-22.0866	4.41811	545.127	-13413.1	-41774.3	1519.75	155.368	278.605	0	-2.24E-05	5.14E-06	-1.87E-05	-1.39E-05
370	13	-22.1457	4.66613	545.764	-13488.7	-41789.9	1540.04	155.429	278.715	0	-2.32E-05	5.73E-06	-1.66E-05	-1.20E-05
370	14	-22.2048	4.91415	546.401	-13564.2	-41805.4	1560.32	155.489	278.825	0	-2.32E-05	5.73E-06	-1.66E-05	-1.20E-05
370	15	-22.1135	4.94848	546.677	-13644.9	-41820.1	1584.67	155.501	278.96	0	-2.23E-05	4.76E-06	-1.45E-05	-1.08E-05
370	16	-22.0221	4.98282	546.952	-13725.5	-41834.7	1609.02	155.513	279.095	0	-2.23E-05	4.76E-06	-1.45E-05	-1.08E-05
370	17	-21.9076	4.979	546.857	-13814.9	-41905.5	1638.17	155.37	279.262	0	-2.18E-05	5.20E-06	3.72E-08	-1.28E-05
370	18	-21.7931	4.97519	546.762	-13904.3	-41976.2	1667.32	155.228	279.43	0	-2.06E-05	5.28E-06	9.37E-06	-1.39E-05
370	19	-21.8575	5.13376	546.774	-14025.6	-42032	1693.03	155.127	279.652	0	-2.06E-05	5.28E-06	9.37E-06	-1.39E-05
371	0	-21.9218	5.29233	546.786	-14146.9	-42087.9	1718.75	155.027	279.873	0	-2.13E-05	5.79E-06	-5.91E-06	-1.32E-05
371	1	-21.9623	5.45148	546.999	-14229.8	-42099.6	1738.35	155.035	280.014	0	-2.13E-05	5.79E-06	-5.91E-06	-1.32E-05
371	2	-22.0029	5.61063	547.211	-14312.7	-42111.3	1757.95	155.044	280.156	0	-2.13E-05	5.24E-06	-1.81E-05	-1.32E-05
371	3	-22.0629	5.65513	547.109	-14399.6	-42128.2	1770.05	154.999	280.319	0	-2.13E-05	5.24E-06	-1.81E-05	-1.32E-05
371	4	-22.1229	5.69963	547.008	-14486.4	-42145.1	1782.15	154.953	280.483	0	-2.14E-05	5.38E-06	-1.60E-05	-1.37E-05
371	5	-22.087	5.73213	547.239	-14562.1	-42181	1809.98	154.92	280.61	0	-2.14E-05	5.38E-06	-1.60E-05	-1.37E-05
371	6	-22.0511	5.76464	547.47	-14637.9	-42216.9	1837.81	154.887	280.737	0	-2.17E-05	3.93E-06	-8.90E-06	-1.20E-05
371	7	-22.0542	5.81033	547.481	-14727.6	-42234.3	1870.56	154.857	280.901	0	-2.17E-05	2.28E-06	-9.30E-06	-1.05E-05
371	8	-22.0572	5.85603	547.491	-14817.3	-42251.6	1903.3	154.827	281.064	0	-2.17E-05	2.28E-06	-9.30E-06	-1.05E-05
371	9	-22.1325	6.04611	547.811	-14924	-42276	1919.75	154.827	281.243	0	-2.18E-05	4.30E-06	-1.05E-05	-1.23E-05
371	10	-22.2078	6.2362	548.131	-15030.6	-42300.4	1936.2	154.828	281.422	0	-2.18E-05	4.30E-06	-1.05E-05	-1.23E-05
371	11	-22.1671	6.19021	548.3	-15114.5	-42300.9	1942.69	154.851	281.566	0	-2.31E-05	4.97E-06	4.53E-06	-1.19E-05
371	12	-22.1263	6.14421	548.469	-15198.4	-42301.4	1949.18	154.874	281.711	0	-2.31E-05	4.97E-06	4.53E-06	-1.19E-05
371	13	-22.0952	6.20131	548.782	-15300.1	-42322.8	1978.74	154.879	281.88	0	-2.36E-05	4.74E-06	1.88E-05	-9.27E-06
371	14	-22.0641	6.2584	549.095	-15401.8	-42344.3	2008.29	154.884	282.049	0	-2.36E-05	4.74E-06	1.88E-05	-9.27E-06
371	15	-22.1252	6.41944	549.483	-15498.5	-42315.2	2033.38	154.991	282.206	0	-2.32E-05	6.13E-06	1.41E-05	-9.73E-06
371	16	-22.1863	6.58049	549.872	-15595.1	-42286.2	2058.46	155.098	282.361	0	-2.12E-05	5.46E-06	-4.52E-06	-1.11E-05
371	17	-22.2431	6.63233	550.166	-15684.8	-42343	2070.75	155.036	282.509	0	-2.12E-05	5.46E-06	-4.52E-06	-1.11E-05
371	18	-22.2999	6.68417	550.461	-15774.4	-42399.8	2083.03	154.974	282.657	0	-2.01E-05	4.91E-06	-1.65E-05	-1.26E-05
371	19	-22.2655	6.73228	550.856	-15891.3	-42459.6	2114.39	154.921	282.848	0	-2.01E-05	4.91E-06	-1.65E-05	-1.26E-05
372	0	-22.231	6.7804	551.251	-16008.2	-42519.4	2145.75	154.867	283.04	0	-2.13E-05	5.28E-06	-1.56E-05	-1.55E-05
372	1	-22.1939	6.88249	551.143	-16113.1	-42519.1	2170.71	154.853	283.236	0	-2.13E-05	5.28E-06	-1.56E-05	-1.55E-05
372	2	-22.1568	6.98458	551.035	-16218.1	-42518.7	2195.68	154.838	283.432	0	-2.09E-05	5.83E-06	-1.83E-05	-1.69E-05
372	3	-22.1935	7.09985	551.355	-16332.2	-42543.6	2214.24	154.838	283.622	0	-2.09E-05	5.83E-06	-1.83E-05	-1.69E-05
372	4	-22.2303	7.21513	551.676	-16446.3	-42568.5	2232.8	154.838	283.812	0	-1.90E-05	5.46E-06	-1.76E-05	-1.64E-05
372	5	-22.2657	7.2371	551.75	-16557.9	-42593.6	2266.43	154.803	284.01	0	-1.97E-05	4.95E-06	-1.39E-05	-1.46E-05
372	6	-22.3012	7.25908	551.825	-16669.5	-42618.6	2300.06	154.768	284.208	0	-1.97E-05	4.95E-06	-1.39E-05	-1.46E-05
372	7	-22.3552	7.23748	552.387	-16764.5	-42658.8	2306.98	154.774	284.349	0	-2.08E-05	5.62E-06	-7.42E-06	-1.43E-05
372	8	-22.4092	7.21588	552.949	-16859.4	-42699	2313.91	154.779	284.49	0	-2.08E-05	5.62E-06	-7.42E-06	-1.43E-05
372	9	-22.3021	7.2871	553.041	-16933.4	-42757.2	2345.44	154.687	284.619	0	-1.93E-05	6.17E-06	-5.28E-06	-1.45E-05
372	10	-22.195	7.35832	553.133	-17007.4	-42815.4	2376.97	154.595	284.747	0	-1.93E-05	6.17E-06	-5.28E-06	-1.45E-05
372	11	-22.1527	7.44295	553.731	-17111.4	-42845.3	2392.94	154.624	284.902	0	-1.90E-05	5.87E-06	-6.12E-06	-1.38E-05
372	12	-22.1104	7.52758	554.328	-17215.4	-42875.1	2408.9	154.654	285.056	0	-1.90E-05	5.87E-06	-6.12E-06	-1.38E-05
372	13	-22.1954	7.55022	554.838	-17309	-42908.3	2418.58	154.665	285.197	0	-1.97E-05	5.83E-06	-8.38E-06	-1.39E-05
372	14	-22.2804	7.57286	555.347	-17402.6	-42941.4	2428.26	154.677	285.336	0	-1.99E-05	5.54E-06	-1.18E-05	-1.33E-05
372	15	-22.2525	7.61999	555.569	-17522.9	-42968.3	2442.18	154.659	285.541	0	-1.99E-05	5.54E-06	-1.18E-05	-1.33E-05
372	16	-22.2245	7.66711	555.79	-17643.2	-42995.1	2456.11	154.641	285.744	0	-2.03E-05	5.46E-06	-1.07E-05	-1.34E-05
372	17	-22.1649	7.70603	556.463	-17755.3	-43033.8	2488.62	154.665	285.907	0	-2.03E-05	5.46E-06	-1.07E-05	-1.34E-05
372	18	-22.1053	7.74495	557.136	-17867.4	-43072.5	2521.12	154.689	286.07	0	-2.03E-05	4.75E-06	-9.76E-06	-1.42E-05
372	19	-22.1667	7.81632	557.476	-17963.6	-43110	2552.75	154.669	286.223	0	-2.03E-05	4.75E-06	-9.76E-06	-1.42E-05
373	0	-22.2281	7.88768	557.817	-18059.8	-43147.4	2584.38	154.65	286.376	0	-2.05E-05	3.98E-06	-1.37E-05	-1.35E-05
373	1	-22.2	7.83713	557.846	-18110.2	-43177.9	2589.84	154.599	286.464	0	-2.05E-05	3.98E-06	-1.37E-05	-1.35E-05
373	2	-22.1719	7.78657	557.875	-18160.6	-43208.4	2595.29	154.548	286.553	0	-2.17E-05	4.87E-06	-1.42E-05	-1.30E-05
373	3	-22.0807	7.83175	558.63	-18286	-43238.4	2597.78	154.599	286.734	0	-2.23E-05	4.75E-06	-1.23E-05	-1.35E-05
373	4	-21.9896	7.87693	559.384	-18411.4	-43268.3	2600.28	154.65	286.914	0	-2.23E-05	4.75E-06	-1.23E-05	-1.35E-05
373	5	-21.9769	7.86613	559.971	-18523.5	-43295.2	2626.94	154.683	287.079	0	-2.19E-05	3.86E-06	-1.30E-05	-1.44E-05
373	6	-21.9643	7.85532	560.558	-18635.5	-43322.1	2653.61	154.716	287.245	0	-2.19E-05	3.86E-06	-1.30E-05	-1.44E-05
373	7	-21.9997	7.91515	560.918	-18752.7	-43379.2	2680.69	154.664	287.432	0	-2.09E-05	3.80E-06	-1.35E-05	-1.49E-05
373	8	-22.0351	7.97497	561.277	-18870	-43436.2	2707.77	154.612	287.62	0	-2.09E-05	3.80E-06	-1.35E-05	-1.49E-05
373	9	-22.0633	8.04306	561.572	-18949.6	-43463.1	2724.38	154.605	287.744	0	-2.05E-05	3.34E-06	-1.27E-05	-1.37E-05
373	10	-22.0915	8.11115	561.866	-19029.3	-43489.9	2740.99	154.597	287.868	0	-2.05E-05	3.34E-06	-1.27E-05	-1.37E-05
373	11	-22.0985	8.11193	562.261	-19127	-43536.5	2764.31	154.569	288.018	0	-2.07E-05	3.23E-06	-1.06E-05	-1.32E-05
373	12	-22.1055	8.11271	562.656	-19224.7	-43583	2787.64	154.541	288.168	0	-1.98E-05	3.57E-06	-7.69E-06	-1.28E-05
373	13	-22.0896	8.10665	563.303	-19342.3	-43640.7	2808.81	154.527	288.337	0	-1.98E-05	3.57E-06	-7.69E-06	-1.28E-05
373	14	-22.0738	8.10059	563.95	-19459.8	-43698.5	2829.97	154.514	288.506	0	-1.99E-05	3.90E-06	-4.43E-06	-1.26E-05
373	15	-22.0795	8.19735	564.114	-19598.8	-43714.8	2866.94	154.507	288.743	0	-1.99E-05	3.90E-06	-4.43E-06	-1.26E-05
373	16	-22.0851	8.29412	564.277	-19737.8	-43731.1	2903.91	154.501	288.979	0	-1.94E-05	4.32E-06	-9.09E-06	-1.15E-05
373	17	-22.0125	8.38451	564.808	-19848.9	-43771.2	2915.58	154.503	289.143	0	-1.94E-05	4.32E-06	-9.09E-06	-1.15E-05
373	18	-21.9399	8.4749	565.339	-19960	-43811.2	2927.25	154.504	289.306	0	-2.00E-05	5.12E-06	-1.20E-05	-1.07E-05
373	19	-21.9334	8.4647	565.656	-20037.4	-43865.8	2947.85	154.451	289.423	0	-2.00E-05	5.12E-06	-1.20E-05	-1.07E-05
374	0	-21.927	8.4545	565.973	-20114.8	-43920.3	2968.46	154.399	289.54	0	-1.93E-05	4.51E-06	-4.50E-06	-9.51E-06
374	1	-21.9236	8.53694	566.25	-20227	-43961.6	2981.82	154.364	289.721	0	-1.94E-05	4.47E-06	9.50E-07	-9.23E-06
374	2	-21.9202	8.61938	566.526	-20339.2	-44002.9	2995.19	154.329	289.902	0	-1.94E-05	4.47E-06	9.50E-07	-9.23E-06
374	3	-21.8821	8.56842	567.015	-20438.9	-44033	3006.35	154.342	290.047	0	-2.04E-05	5.20E-06	-5.54E-06	-1.04E-05
374	4	-21.844	8.51745	567.504	-20538.7	-44063.1	3017.51	154.356	290.191	0	-2.04E-05	5.20E-06	-5.54E-06	-1.04E-05
374	5	-21.9238	8.47765	568.104	-20652	-44060.8	3050.25	154.442	290.353	0	-2.20E-05	5.08E-06	-4.26E-06	-1.07E-05
374	6	-22.0035	8.43785	568.705	-20765.4	-44058.5	3082.98	154.528	290.514	0	-2.20E-05	5.08E-06	-4.26E-06	-1.07E-05
374	7	-21.9178	8.58009	569.082	-20878.9	-44128.4	3108.18	154.457	290.689	0	-2.01E-05	4.28E-06	5.46E-06	-1.06E-05
374	8	-21.8322	8.72233	569.46	-20992.4	-44198.2	3133.37	154.386	290.864	0	-2.01E-05	4.28E-06	5.46E-06	-1.06E-05
374	9	-21.8055	8.77269	569.79	-21094	-44242.7	3130.2	154.353	291.021	0	-2.10E-05	4.77E-06	6.85E-06	-1.08E-05
374	10	-21.7787	8.82304	570.12	-21195.5	-44287.2	3127.04	154.32	291.177	0	-2.12E-05	3.76E-06	-5.46E-06	-9.76E-06
374	11	-21.7621	8.72253	570.673	-21297.1	-44310.8	3135.66	154.353	291.319	0	-2.12E-05	3.76E-06	-5.46E-06	-9.76E-06
374	12	-21.7454	8.62203	571.226	-21398.8	-44334.6	3144.28	154.387	291.461	0	-2.02E-05	2.17E-06	-5.15E-06	-1.01E-05
374	13	-21.7151	8.68945	571.738	-21497.4	-44413	3169.04	154.319	291.6	0	-2.02E-05	2.17E-06	-5.15E-06	-1.01E-05
374	14	-21.6848	8.75687	572.249	-21596.1	-44491.5	3193.81	154.252	291.739	0	-2.20E-05	4.57E-06	-8.67E-06	-1.19E-05
374	15	-21.6905	8.85608	572.39	-21708.5	-44515.7	3224.5	154.228	291.926	0	-2.20E-05	4.57E-06	-8.67E-06	-1.19E-05
374	16	-21.6961	8.95529	572.531	-21821	-44539.9	3255.19	154.205	292.113	0	-2.24E-05	4.72E-06	-1.78E-05	-1.16E-05
374	17	-21.5922	9.02437	573.08	-21933.9	-44596.4	3265.38	154.181	292.274	0	-2.24E-05	4.72E-06	-1.78E-05	-1.16E-05
374	18	-21.4882	9.09345	573.628	-22046.8	-44652.9	3275.57	154.157	292.434	0	-2.29E-05	3.59E-06	-7.15E-06	-1.10E-05
374	19	-21.423	9.06989	574.199	-22172.4	-44667.9	3291.71	154.208	292.615	0	-2.32E-05	2.94E-06	1.34E-06	-1.20E-05
375	0	-21.3577	9.04633	574.77	-22298.1	-44682.8	3307.86	154.26	292.795	0	-2.32E-05	2.94E-06	1.34E-06	-1.20E-05
375	1	-21.3487	9.04391	574.916	-22427.5	-44714.3	3333.65	154.225	293.01	0	-2.24E-05	3.52E-06	-3.29E-06	-1.24E-05
375	2	-21.3397	9.04148	575.063	-22557	-44745.8	3359.44	154.19	293.225	0	-2.24E-05	3.52E-06	-3.29E-06	-1.24E-05
375	3	-21.3563	9.08114	575.686	-22635.8	-44718.9	3389.84	154.321	293.32	0	-2.20E-05	3.50E-06	-1.06E-05	-1.23E-05
375	4	-21.3728	9.12079	576.31	-22714.7	-44691.9	3420.24	154.452	293.414	0	-2.20E-05	3.50E-06	-1.06E-05	-1.23E-05
375	5	-21.3334	9.15072	577.41	-22801.2	-44766.9	3468.01	154.469	293.489	0	-2.22E-05	3.52E-06	-1.45E-05	-1.17E-05
375	6	-21.2939	9.18066	578.509	-22887.8	-44841.8	3515.78	154.487	293.563	0	-2.22E-05	3.52E-06	-1.45E-05	-1.17E-05
375	7	-21.2234	9.20555	578.804	-23024.5	-44923.8	3520.49	154.385	293.779	0	-2.34E-05	4.72E-06	-1.40E-05	-1.22E-05
375	8	-21.1529	9.23043	579.099	-23161.2	-45005.7	3525.19	154.283	293.995	0	-2.30E-05	4.99E-06	-1.73E-05	-1.18E-05
375	9	-21.0994	9.22272	579.571	-23308.1	-45056.3	3529.46	154.259	294.216	0	-2.30E-05	4.99E-06	-1.73E-05	-1.18E-05
375	10	-21.0459	9.21501	580.042	-23455	-45106.9	3533.73	154.235	294.437	0	-2.33E-05	5.75E-06	-2.03E-05	-1.25E-05
375	11	-21.1553	9.33647	580.582	-23511.4	-45117.8	3563.12	154.289	294.496	0	-2.33E-05	5.75E-06	-2.03E-05	-1.25E-05
375	12	-21.2648	9.45793	581.123	-23567.8	-45128.7	3592.51	154.342	294.556	0	-2.29E-05	4.85E-06	-1.70E-05	-1.41E-05
375	13	-21.2248	9.57861	581.458	-23675	-45198	3622.74	154.268	294.717	0	-2.29E-05	4.85E-06	-1.70E-05	-1.41E-05
375	14	-21.1849	9.69928	581.793	-23782.3	-45267.4	3652.97	154.193	294.878	0	-2.23E-05	4.74E-06	-1.21E-05	-1.28E-05
375	15	-21.1255	9.71414	582.117	-23889.8	-45268.8	3655.65	154.234	295.039	0	-2.23E-05	4.74E-06	-1.21E-05	-1.28E-05
375	16	-21.0661	9.729	582.442	-23997.2	-45270.3	3658.33	154.275	295.201	0	-2.21E-05	5.28E-06	-9.30E-06	-1.20E-05
375	17	-21.0277	9.75429	582.742	-24138.1	-45293.8	3689.64	154.275	295.422	0	-2.12E-05	6.95E-06	-1.21E-05	-1.36E-05
375	18	-20.9893	9.77958	583.043	-24279	-45317.4	3720.94	154.274	295.642	0	-2.12E-05	6.95E-06	-1.21E-05	-1.36E-05
375	19	-20.8811	9.85628	583.496	-24364.3	-45345.2	3755.52	154.287	295.756	0	-2.04E-05	6.05E-06	-1.10E-05	-1.36E-05
376	0	-20.773	9.93298	583.949	-24449.6	-45373.1	3790.1	154.3	295.87	0	-2.04E-05	6.05E-06	-1.10E-05	-1.36E-05
376	1	-20.7299	9.99509	584.62	-24584.2	-45408.8	3799.01	154.328	296.052	0	-2.07E-05	4.66E-06	-9.02E-06	-1.12E-05
376	2	-20.6868	10.0572	585.291	-24718.8	-45444.6	3807.92	154.356	296.233	0	-2.07E-05	4.66E-06	-9.02E-06	-1.12E-05
376	3	-20.7018	10.1222	585.639	-24831	-45464	3808.47	154.369	296.4	0	-2.10E-05	3.23E-06	-1.01E-05	-1.12E-05
376	4	-20.7167	10.1872	585.986	-24943.3	-45483.4	3809.03	154.381	296.566	0	-2.10E-05	3.23E-06	-1.01E-05	-1.12E-05
376	5	-20.7363	10.2414	586.545	-25038.8	-45571.7	3827.99	154.305	296.689	0	-2.14E-05	3.63E-06	-1.19E-05	-1.13E-05
376	6	-20.756	10.2955	587.103	-25134.3	-45660.1	3846.94	154.228	296.811	0	-2.29E-05	4.40E-06	-1.26E-05	-1.14E-05
376	7	-20.6997	10.2782	587.569	-25214.1	-45726.7	3871.29	154.176	296.913	0	-2.29E-05	4.40E-06	-1.26E-05	-1.14E-05
376	8	-20.6434	10.2608	588.035	-25293.9	-45793.3	3895.63	154.125	297.014	0	-2.22E-05	4.56E-06	-1.28E-05	-9.80E-06
376	9	-20.5994	10.2957	588.518	-25410.5	-45799.1	3903.17	154.179	297.177	0	-2.22E-05	4.56E-06	-1.28E-05	-9.80E-06
376	10	-20.5554	10.3306	589.001	-25527.1	-45804.9	3910.71	154.233	297.34	0	-2.09E-05	3.44E-06	-1.30E-05	-1.02E-05
376	11	-20.514	10.4	589.355	-25652.7	-45834.1	3923.65	154.23	297.527	0	-2.09E-05	3.44E-06	-1.30E-05	-1.02E-05
376	12	-20.4726	10.4694	589.709	-25778.3	-45863.2	3936.59	154.227	297.714	0	-2.02E-05	2.98E-06	-1.09E-05	-9.86E-06
376	13	-20.4567	10.5247	590.114	-25916.2	-45883.9	3970.42	154.246	297.917	0	-2.02E-05	2.98E-06	-1.09E-05	-9.86E-06
376	14	-20.4407	10.5799	590.519	-26054.1	-45904.7	4004.25	154.264	298.121	0	-1.95E-05	4.00E-06	-8.59E-06	-9.65E-06
376	15	-20.3625	10.6891	590.977	-26153.8	-45916.8	4035.96	154.304	298.255	0	-1.94E-05	4.97E-06	-7.72E-06	-1.04E-05
376	16	-20.2842	10.7983	591.435	-26253.5	-45928.9	4067.67	154.343	298.389	0	-1.94E-05	4.97E-06	-7.72E-06	-1.04E-05
376	17	-20.279	10.8881	592.006	-26342.1	-45957.4	4088.89	154.37	298.496	0	-2.02E-05	4.45E-06	-8.81E-06	-1.19E-05
376	18	-20.2739	10.978	592.577	-26430.8	-45985.8	4110.1	154.397	298.603	0	-2.02E-05	4.45E-06	-8.81E-06	-1.19E-05
376	19	-20.2248	11.0801	593.084	-26543.2	-46055.1	4110.31	154.346	298.755	0	-2.16E-05	4.13E-06	-7.82E-06	-1.18E-05
377	0	-20.1757	11.1822	593.591	-26655.5	-46124.5	4110.52	154.296	298.906	0	-2.16E-05	4.13E-06	-7.82E-06	-1.18E-05
377	1	-20.2689	11.2221	593.797	-26786	-46151.8	4126.43	154.277	299.11	0	-2.10E-05	6.17E-06	-4.91E-06	-1.14E-05
377	2	-20.3622	11.2619	594.004	-26916.5	-46179.1	4142.34	154.258	299.314	0	-2.10E-05	6.17E-06	-4.91E-06	-1.14E-05
377	3	-20.2467	11.2784	594.591	-27034.1	-46222.9	4185.36	154.261	299.467	0	-2.09E-05	6.99E-06	-5.33E-06	-1.24E-05
377	4	-20.1311	11.2948	595.178	-27151.8	-46266.8	4228.38	154.264	299.62	0	-2.03E-05	6.42E-06	-6.13E-06	-1.36E-05
377	5	-20.1923	11.3806	595.368	-27269.7	-46294.8	4259.61	154.242	299.803	0	-2.03E-05	6.42E-06	-6.13E-06	-1.36E-05
377	6	-20.2534	11.4664	595.559	-27387.6	-46322.7	4290.84	154.22	299.986	0	-2.00E-05	5.42E-06	-5.58E-06	-1.34E-05
377	7	-20.1898	11.5983	595.722	-27528.6	-46343.2	4295.2	154.207	300.21	0	-2.00E-05	5.42E-06	-5.58E-06	-1.34E-05
377	8	-20.1262	11.7302	595.886	-27669.6	-46363.6	4299.57	154.194	300.434	0	-2.00E-05	4.45E-06	-6.14E-06	-1.18E-05
377	9	-20.0053	11.8364	596.21	-27749.8	-46396.7	4332.44	154.181	300.544	0	-2.00E-05	4.45E-06	-6.14E-06	-1.18E-05
377	10	-19.8845	11.9425	596.534	-27830	-46429.8	4365.31	154.167	300.653	0	-2.05E-05	3.66E-06	-7.83E-06	-1.12E-05
377	11	-19.9955	11.9273	597.21	-27937	-46455.6	4369.34	154.212	300.779	0	-2.05E-05	3.66E-06	-7.83E-06	-1.12E-05
377	12	-20.1066	11.9121	597.886	-28043.9	-46481.3	4373.37	154.257	300.905	0	-2.18E-05	2.18E-06	-6.07E-06	-1.11E-05
377	13	-20.0144	12.0011	598.275	-28171	-46523.9	4374.61	154.237	301.087	0	-2.27E-05	2.45E-06	-6.20E-06	-1.10E-05
377	14	-19.9222	12.0901	598.664	-28298.1	-46566.5	4375.86	154.216	301.269	0	-2.27E-05	2.45E-06	-6.20E-06	-1.10E-05
377	15	-19.9274	12.2681	599.151	-28410.4	-46569	4381.69	154.275	301.418	0	-2.28E-05	4.34E-06	-1.55E-05	-1.14E-05
377	16	-19.9327	12.4462	599.639	-28522.7	-46571.5	4387.53	154.334	301.566	0	-2.28E-05	4.34E-06	-1.55E-05	-1.14E-05
377	17	-19.9986	12.505	600.392	-28624.2	-46605.9	4429.69	154.374	301.676	0	-2.13E-05	4.16E-06	-2.26E-05	-1.12E-05
377	18	-20.0645	12.5638	601.146	-28725.8	-46640.3	4471.85	154.414	301.785	0	-2.13E-05	4.16E-06	-2.26E-05	-1.12E-05
377	19	-20.014	12.595	601.401	-28838	-46717.3	4478.59	154.319	301.951	0	-2.13E-05	3.92E-06	-2.40E-05	-1.12E-05
378	0	-19.9635	12.6262	601.656	-28950.1	-46794.3	4485.34	154.224	302.117	0	-2.13E-05	3.92E-06	-2.40E-05	-1.12E-05
378	1	-19.9329	12.7838	601.656	-29116.2	-46796.2	4522.87	154.221	302.393	0	-2.18E-05	4.30E-06	-2.05E-05	-1.37E-05
378	2	-19.9023	12.9414	601.656	-29282.2	-46798.1	4560.4	154.218	302.669	0	-2.08E-05	3.86E-06	-1.32E-05	-1.43E-05
378	3	-19.9474	13.0543	602.46	-29356.4	-46828.9	4589.84	154.27	302.728	0	-2.08E-05	3.86E-06	-1.32E-05	-1.43E-05
378	4	-19.9924	13.1671	603.263	-29430.5	-46859.8	4619.27	154.323	302.786	0	-2.19E-05	4.02E-06	-5.77E-06	-1.43E-05
378	5	-20.0602	13.1761	603.685	-29536.2	-46883.8	4639.54	154.337	302.926	0	-2.19E-05	4.02E-06	-5.77E-06	-1.43E-05
378	6	-20.1279	13.185	604.107	-29641.8	-46907.8	4659.8	154.352	303.067	0	-2.35E-05	5.28E-06	-5.67E-06	-1.43E-05
378	7	-20.1467	13.226	604.078	-29768.8	-46960.2	4695.17	154.261	303.28	0	-2.35E-05	5.28E-06	-5.67E-06	-1.43E-05
378	8	-20.1655	13.267	604.049	-29895.7	-47012.5	4730.54	154.171	303.492	0	-2.21E-05	5.79E-06	-9.99E-06	-1.41E-05
378	9	-20.1325	13.3847	604.078	-30017.2	-46998.8	4752.64	154.198	303.691	0	-2.21E-05	5.79E-06	-9.99E-06	-1.41E-05
378	10	-20.0995	13.5024	604.107	-30138.7	-46985	4774.75	154.224	303.89	0	-2.30E-05	5.33E-06	-8.06E-06	-1.28E-05
378	11	-20.0531	13.6403	604.506	-30225.1	-47012.9	4788.34	154.229	304	0	-2.30E-05	6.25E-06	-7.37E-06	-1.22E-05
378	12	-20.0067	13.7782	604.906	-30311.5	-47040.8	4801.94	154.234	304.109	0	-2.30E-05	6.25E-06	-7.37E-06	-1.22E-05
378	13	-19.8988	13.8704	605.452	-30403.1	-47101.6	4803.82	154.204	304.215	0	-2.35E-05	6.44E-06	-1.15E-05	-1.20E-05
378	14	-19.7909	13.9626	605.999	-30494.6	-47162.3	4805.7	154.174	304.321	0	-2.35E-05	6.44E-06	-1.15E-05	-1.20E-05
378	15	-19.7941	13.9854	606.557	-30588.8	-47178.8	4847.81	154.219	304.43	0	-2.43E-05	5.67E-06	-1.50E-05	-1.30E-05
378	16	-19.7974	14.0081	607.114	-30683	-47195.2	4889.92	154.263	304.539	0	-2.43E-05	5.67E-06	-1.50E-05	-1.30E-05
378	17	-19.9086	14.1206	607.163	-30802.3	-47192.3	4928.7	154.274	304.731	0	-2.35E-05	5.39E-06	-1.14E-05	-1.46E-05
378	18	-20.0198	14.233	607.212	-30921.5	-47189.4	4967.48	154.285	304.924	0	-2.35E-05	5.39E-06	-1.14E-05	-1.46E-05
378	19	-20.0143	14.2847	607.592	-31037.8	-47225.9	4982.52	154.274	305.083	0	-2.19E-05	5.33E-06	-1.04E-05	-1.59E-05
379	0	-20.0089	14.3364	607.971	-31154	-47262.4	4997.57	154.262	305.243	0	-1.99E-05	3.82E-06	-9.67E-06	-1.52E-05
379	1	-20.0024	14.4796	607.863	-31274	-47292.4	5000.66	154.199	305.449	0	-1.99E-05	3.82E-06	-9.67E-06	-1.52E-05
379	2	-19.9959	14.6227	607.754	-31393.9	-47322.3	5003.75	154.136	305.656	0	-2.11E-05	3.71E-06	-5.17E-06	-1.43E-05
379	3	-19.9694	14.6571	608.093	-31517.9	-47352.9	5037.94	154.129	305.831	0	-2.11E-05	3.71E-06	-5.17E-06	-1.43E-05
379	4	-19.9429	14.6915	608.432	-31641.9	-47383.5	5072.12	154.122	306.006	0	-2.19E-05	4.97E-06	-3.01E-06	-1.50E-05
379	5	-19.9419	14.8023	608.91	-31718.6	-47425.6	5087.98	154.114	306.091	0	-2.19E-05	4.97E-06	-3.01E-06	-1.50E-05
379	6	-19.9409	14.913	609.389	-31795.3	-47467.8	5103.85	154.106	306.176	0	-2.11E-05	4.67E-06	-6.83E-06	-1.55E-05
379	7	-19.9468	15.0512	609.507	-31895.6	-47463.2	5122.73	154.128	306.33	0	-2.11E-05	4.67E-06	-6.83E-06	-1.55E-05
379	8	-19.9528	15.1894	609.625	-31995.9	-47458.7	5141.61	154.151	306.485	0	-2.05E-05	5.60E-06	-8.96E-06	-1.62E-05
379	9	-19.9989	15.2581	609.743	-32139.7	-47496.8	5169.24	154.103	306.71	0	-2.03E-05	4.95E-06	-9.26E-06	-1.55E-05
379	10	-20.0451	15.3268	609.86	-32283.5	-47535	5196.87	154.056	306.936	0	-2.03E-05	4.95E-06	-9.26E-06	-1.55E-05
379	11	-20.1427	15.4849	610.043	-32394.3	-47504.4	5220.99	154.129	307.102	0	-2.04E-05	5.54E-06	-8.06E-06	-1.46E-05
379	12	-20.2403	15.643	610.225	-32505.2	-47473.9	5245.1	154.203	307.267	0	-2.04E-05	5.54E-06	-8.06E-06	-1.46E-05
379	13	-20.2727	15.7406	610.712	-32614.7	-47518.7	5252.86	154.191	307.404	0	-2.13E-05	5.31E-06	-6.02E-06	-1.41E-05
379	14	-20.3052	15.8382	611.199	-32724.2	-47563.4	5260.61	154.18	307.541	0	-2.13E-05	5.31E-06	-6.02E-06	-1.41E-05
379	15	-20.2265	15.8859	611.204	-32818.3	-47573.2	5276.21	154.165	307.695	0	-2.14E-05	3.77E-06	5.77E-07	-1.31E-05
379	16	-20.1477	15.9337	611.209	-32912.4	-47582.9	5291.8	154.15	307.848	0	-2.14E-05	3.77E-06	5.77E-07	-1.31E-05
379	17	-20.1724	16.1523	611.43	-33044.9	-47582.7	5320.9	154.178	308.045	0	-2.17E-05	4.47E-06	2.71E-06	-1.19E-05
379	18	-20.1971	16.3709	611.651	-33177.3	-47582.6	5350	154.206	308.242	0	-2.17E-05	5.16E-06	-3.52E-06	-1.16E-05
379	19	-20.2865	16.452	612.168	-33281.8	-47591.2	5372.71	154.258	308.367	0	-2.17E-05	5.16E-06	-3.52E-06	-1.16E-05
380	0	-20.3758	16.5332	612.686	-33386.3	-47599.8	5395.41	154.31	308.492	0	-2.16E-05	4.87E-06	-6.00E-06	-1.17E-05
380	1	-20.3892	16.5273	612.677	-33473.3	-47596.3	5419.9	154.314	308.635	0	-2.16E-05	4.87E-06	-6.00E-06	-1.17E-05
380	2	-20.4026	16.5215	612.668	-33560.4	-47592.8	5444.39	154.319	308.777	0	-2.12E-05	4.87E-06	-7.86E-06	-1.14E-05
380	3	-20.4073	16.6801	612.584	-33676.3	-47619.7	5468.8	154.264	308.974	0	-2.12E-05	4.87E-06	-7.86E-06	-1.14E-05
380	4	-20.412	16.8387	612.5	-33792.2	-47646.7	5493.22	154.21	309.171	0	-2.03E-05	4.83E-06	-1.47E-05	-1.19E-05
380	5	-20.4011	17.0369	612.746	-33892.7	-47710.3	5500.6	154.137	309.313	0	-2.03E-05	4.83E-06	-1.47E-05	-1.19E-05
380	6	-20.3901	17.2351	612.991	-33993.2	-47774	5507.98	154.064	309.455	0	-2.03E-05	4.49E-06	-1.19E-05	-1.42E-05
380	7	-20.4597	17.3426	613.287	-34104.5	-47781.8	5533.14	154.089	309.609	0	-2.01E-05	4.24E-06	-5.38E-06	-1.34E-05
380	8	-20.5292	17.4501	613.582	-34215.7	-47789.6	5558.3	154.114	309.764	0	-2.01E-05	4.24E-06	-5.38E-06	-1.34E-05
380	9	-20.6103	17.5826	613.858	-34321.1	-47773.2	5585.69	154.176	309.91	0	-1.90E-05	4.65E-06	-1.46E-05	-1.18E-05
380	10	-20.6914	17.715	614.134	-34426.5	-47756.7	5613.08	154.237	310.057	0	-1.90E-05	4.65E-06	-1.46E-05	-1.18E-05
380	11	-20.7564	17.7684	614.149	-34512.8	-47738.4	5626.89	154.269	310.196	0	-1.96E-05	5.46E-06	-1.84E-05	-1.10E-05
380	12	-20.8215	17.8217	614.163	-34599.1	-47720	5640.7	154.301	310.335	0	-1.96E-05	5.46E-06	-1.84E-05	-1.10E-05
380	13	-20.7945	17.9031	614.256	-34732.9	-47770.3	5687.1	154.231	310.545	0	-1.92E-05	4.87E-06	-1.23E-05	-1.17E-05
380	14	-20.7675	17.9844	614.35	-34866.6	-47820.5	5733.49	154.161	310.754	0	-1.92E-05	4.87E-06	-1.23E-05	-1.17E-05
380	15	-20.7432	18.0685	614.281	-34967.4	-47828.1	5756.84	154.14	310.924	0	-1.87E-05	5.01E-06	-1.30E-05	-1.13E-05
380	16	-20.719	18.1527	614.213	-35068.2	-47835.7	5780.19	154.119	311.095	0	-1.92E-05	5.90E-06	-1.35E-05	-9.75E-06
380	17	-20.8123	18.2556	614.655	-35165.1	-47804.3	5807.05	154.226	311.211	0	-1.92E-05	5.90E-06	-1.35E-05	-9.75E-06
380	18	-20.9056	18.3584	615.097	-35262	-47773	5833.91	154.333	311.328	0	-1.85E-05	4.75E-06	-1.07E-05	-1.11E-05
380	19	-20.9	18.4891	614.956	-35360.8	-47789.2	5851.92	154.289	311.501	0	-1.85E-05	4.75E-06	-1.07E-05	-1.11E-05
381	0	-20.8944	18.6197	614.815	-35459.5	-47805.3	5869.93	154.244	311.675	0	-1.80E-05	3.96E-06	-5.99E-06	-1.12E-05
381	1	-20.9172	18.7439	614.823	-35572.9	-47815.7	5882.42	154.229	311.859	0	-1.80E-05	3.96E-06	-5.99E-06	-1.12E-05
381	2	-20.94	18.8681	614.832	-35686.3	-47826.1	5894.91	154.213	312.042	0	-1.84E-05	4.68E-06	1.45E-06	-1.12E-05
381	3	-21.0536	18.9684	615.225	-35765	-47833.2	5921.03	154.251	312.133	0	-1.84E-05	4.68E-06	1.45E-06	-1.12E-05
381	4	-21.1672	19.0687	615.619	-35843.7	-47840.2	5947.16	154.289	312.224	0	-1.81E-05	4.49E-06	-1.23E-06	-1.24E-05
381	5	-21.0813	19.1309	615.218	-35961.6	-47873.9	5963.72	154.184	312.453	0	-1.91E-05	4.07E-06	-9.35E-06	-1.37E-05
381	6	-20.9955	19.193	614.818	-36079.6	-47907.7	5980.29	154.078	312.683	0	-1.91E-05	4.07E-06	-9.35E-06	-1.37E-05
381	7	-21.0274	19.3516	615.109	-36231.1	-47942.3	5996.23	154.059	312.902	0	-1.98E-05	3.25E-06	-1.23E-05	-1.29E-05
381	8	-21.0593	19.5103	615.401	-36382.6	-47976.9	6012.16	154.04	313.12	0	-1.98E-05	3.25E-06	-1.23E-05	-1.29E-05
381	9	-21.1789	19.5929	615.845	-36476.2	-47982.5	6034	154.087	313.229	0	-2.01E-05	3.71E-06	-9.81E-06	-1.28E-05
381	10	-21.2985	19.6756	616.29	-36569.8	-47988.1	6055.84	154.134	313.339	0	-2.01E-05	3.71E-06	-9.81E-06	-1.28E-05
381	11	-21.3493	19.7966	616.006	-36688.6	-47960.9	6069.45	154.142	313.559	0	-2.06E-05	4.17E-06	-6.75E-06	-1.20E-05
381	12	-21.4001	19.9177	615.722	-36807.3	-47933.7	6083.06	154.15	313.779	0	-2.06E-05	4.17E-06	-6.75E-06	-1.20E-05
381	13	-21.4058	20.0799	615.858	-36918.2	-47935.3	6107.95	154.165	313.946	0	-2.08E-05	6.34E-06	-7.15E-06	-1.26E-05
381	14	-21.4114	20.242	615.993	-37029.1	-47936.8	6132.85	154.18	314.113	0	-2.15E-05	6.08E-06	-7.71E-06	-1.29E-05
381	15	-21.3955	20.3552	616.201	-37099.4	-47942.4	6167.57	154.197	314.207	0	-2.15E-05	6.08E-06	-7.71E-06	-1.29E-05
381	16	-21.3795	20.4684	616.409	-37169.8	-47947.9	6202.3	154.214	314.301	0	-2.05E-05	6.40E-06	-6.48E-06	-1.26E-05
381	17	-21.461	20.6559	616.439	-37263	-47951.6	6220.19	154.212	314.449	0	-2.05E-05	6.40E-06	-6.48E-06	-1.26E-05
381	18	-21.5425	20.8435	616.469	-37356.3	-47955.3	6238.09	154.21	314.597	0	-1.99E-05	6.38E-06	-7.42E-06	-1.23E-05
381	19	-21.5834	20.9823	616.586	-37461.6	-47968.5	6238.45	154.203	314.757	0	-1.99E-05	6.38E-06	-7.42E-06	-1.23E-05
382	0	-21.6243	21.1211	616.703	-37567	-47981.6	6238.81	154.197	314.916	0	-2.11E-05	5.12E-06	-8.98E-06	-1.12E-05
382	1	-21.5286	21.2133	616.822	-37675.9	-48002.2	6262.46	154.178	315.081	0	-2.11E-05	5.12E-06	-8.98E-06	-1.12E-05
382	2	-21.4329	21.3055	616.94	-37784.7	-48022.8	6286.12	154.16	315.245	0	-2.22E-05	4.61E-06	-9.69E-06	-1.12E-05
382	3	-21.5885	21.3847	617.151	-37878.7	-48034.6	6322.78	154.167	315.377	0	-2.34E-05	5.04E-06	-1.06E-05	-1.23E-05
382	4	-21.7441	21.4639	617.362	-37972.7	-48046.4	6359.45	154.175	315.508	0	-2.34E-05	5.04E-06	-1.06E-05	-1.23E-05
382	5	-21.7748	21.6428	617.703	-38074.6	-48038.6	6380.79	154.23	315.639	0	-2.42E-05	3.78E-06	-1.08E-05	-1.17E-05
382	6	-21.8054	21.8218	618.043	-38176.5	-48030.8	6402.13	154.286	315.77	0	-2.42E-05	3.78E-06	-1.08E-05	-1.17E-05
382	7	-21.8508	21.9436	617.597	-38299.2	-48034.8	6419.37	154.223	316.013	0	-2.46E-05	3.25E-06	-1.02E-05	-1.24E-05
382	8	-21.8962	22.0654	617.152	-38421.9	-48038.8	6436.61	154.16	316.257	0	-2.46E-05	3.25E-06	-1.02E-05	-1.24E-05
382	9	-21.8997	22.135	617.016	-38496.9	-48062.8	6439.47	154.104	316.392	0	-2.41E-05	3.71E-06	-9.76E-06	-1.32E-05
382	10	-21.9032	22.2046	616.881	-38571.8	-48086.8	6442.33	154.048	316.527	0	-2.41E-05	3.71E-06	-9.76E-06	-1.32E-05
382	11	-21.9495	22.3382	617.239	-38658.9	-48093.5	6478.18	154.083	316.632	0	-2.22E-05	3.86E-06	-9.90E-06	-1.30E-05
382	12	-21.9959	22.4718	617.597	-38746	-48100.2	6514.02	154.117	316.737	0	-2.10E-05	3.84E-06	-9.86E-06	-1.24E-05
382	13	-21.9437	22.6661	617.682	-38878.4	-48132.9	6547.07	154.075	316.942	0	-2.10E-05	3.84E-06	-9.86E-06	-1.24E-05
382	14	-21.8916	22.8604	617.768	-39010.9	-48165.6	6580.12	154.033	317.148	0	-2.11E-05	3.77E-06	-9.61E-06	-1.15E-05
382	15	-21.8846	22.9424	617.797	-39138.4	-48192.1	6587.75	153.994	317.352	0	-2.11E-05	3.77E-06	-9.61E-06	-1.15E-05
382	16	-21.8776	23.0244	617.825	-39265.9	-48218.6	6595.39	153.954	317.555	0	-2.20E-05	4.34E-06	-1.00E-05	-1.28E-05
382	17	-21.9528	23.1901	617.733	-39372.4	-48177	6617.34	154.01	317.737	0	-2.20E-05	4.34E-06	-1.00E-05	-1.28E-05
382	18	-22.028	23.3558	617.641	-39478.9	-48135.3	6639.29	154.066	317.919	0	-2.23E-05	4.11E-06	-1.10E-05	-1.20E-05
382	19	-22.0868	23.4638	617.831	-39555.5	-48106.9	6656.05	154.136	318.023	0	-2.23E-05	4.11E-06	-1.10E-05	-1.20E-05
383	0	-22.1455	23.5718	618.021	-39632.1	-48078.5	6672.81	154.206	318.128	0	-2.17E-05	3.69E-06	-1.15E-05	-1.27E-05
383	1	-22.143	23.7586	618.508	-39747.5	-48112	6694.76	154.213	318.263	0	-2.07E-05	4.97E-06	-1.05E-05	-1.29E-05
383	2	-22.1406	23.9455	618.995	-39862.8	-48145.4	6716.71	154.22	318.399	0	-2.07E-05	4.97E-06	-1.05E-05	-1.29E-05
383	3	-22.2226	24.0281	618.925	-39949.6	-48183.2	6741.01	154.15	318.547	0	-2.21E-05	5.58E-06	-1.02E-05	-1.48E-05
383	4	-22.3046	24.1108	618.854	-40036.3	-48220.9	6765.31	154.08	318.694	0	-2.21E-05	5.58E-06	-1.02E-05	-1.48E-05
383	5	-22.3307	24.1899	618.793	-40139.4	-48225.3	6760.82	154.066	318.867	0	-2.30E-05	4.56E-06	-1.07E-05	-1.39E-05
383	6	-22.3567	24.2689	618.731	-40242.5	-48229.6	6756.34	154.051	319.04	0	-2.30E-05	4.56E-06	-1.07E-05	-1.39E-05
383	7	-22.4384	24.4636	618.512	-40373.8	-48223.1	6781.61	154.034	319.276	0	-2.32E-05	3.59E-06	-9.40E-06	-1.39E-05
383	8	-22.52	24.6584	618.292	-40505.2	-48216.6	6806.88	154.016	319.511	0	-2.32E-05	3.59E-06	-9.40E-06	-1.39E-05
383	9	-22.5764	24.8908	618.369	-40580.4	-48190.2	6848.8	154.069	319.625	0	-2.22E-05	4.17E-06	-8.29E-06	-1.34E-05
383	10	-22.6328	25.1232	618.445	-40655.6	-48163.7	6890.72	154.121	319.738	0	-2.16E-05	5.00E-06	-8.75E-06	-1.22E-05
383	11	-22.6077	25.2748	618.897	-40742.4	-48190.1	6898.21	154.136	319.831	0	-2.16E-05	5.00E-06	-8.75E-06	-1.22E-05
383	12	-22.5827	25.4264	619.348	-40829.2	-48216.4	6905.7	154.15	319.923	0	-2.25E-05	3.28E-06	-8.96E-06	-1.17E-05
383	13	-22.6441	25.5255	619.635	-40920	-48236.9	6925.02	154.153	320.039	0	-2.25E-05	3.28E-06	-8.96E-06	-1.17E-05
383	14	-22.7056	25.6247	619.922	-41010.8	-48257.3	6944.34	154.156	320.155	0	-2.43E-05	1.55E-06	-9.97E-06	-1.14E-05
383	15	-22.8	25.7967	620.04	-41092.8	-48287.1	6969.72	154.123	320.274	0	-2.43E-05	1.55E-06	-9.97E-06	-1.14E-05
383	16	-22.8943	25.9687	620.159	-41174.8	-48316.9	6995.09	154.089	320.394	0	-2.48E-05	2.09E-06	-1.43E-05	-1.13E-05
383	17	-22.9829	26.1317	620.008	-41303	-48327	7015.14	154.054	320.617	0	-2.48E-05	2.09E-06	-1.43E-05	-1.13E-05
383	18	-23.0715	26.2946	619.857	-41431.3	-48337.1	7035.2	154.019	320.84	0	-2.32E-05	4.09E-06	-1.54E-05	-1.16E-05
383	19	-23.0843	26.4327	619.889	-41526.5	-48362.1	7063.04	153.983	320.99	0	-2.24E-05	5.73E-06	-1.42E-05	-1.14E-05
384	0	-23.097	26.5708	619.921	-41621.7	-48387.1	7090.89	153.946	321.14	0	-2.24E-05	5.73E-06	-1.42E-05	-1.14E-05
384	1	-23.0859	26.757	620.168	-41723.6	-48392.3	7101.61	153.969	321.278	0	-2.26E-05	5.90E-06	-1.35E-05	-1.11E-05
384	2	-23.0747	26.9432	620.414	-41825.5	-48397.5	7112.33	153.992	321.415	0	-2.26E-05	5.90E-06	-1.35E-05	-1.11E-05
384	3	-23.1205	27.15	620.801	-41943.3	-48367.5	7143.28	154.089	321.563	0	-2.21E-05	5.94E-06	-1.10E-05	-9.99E-06
384	4	-23.1663	27.3568	621.189	-42061.2	-48337.5	7174.24	154.186	321.711	0	-2.21E-05	5.94E-06	-1.10E-05	-9.99E-06
384	5	-23.2158	27.5189	621.573	-42152.8	-48392.1	7207.45	154.146	321.816	0	-2.28E-05	5.24E-06	-9.02E-06	-8.20E-06
384	6	-23.2654	27.6809	621.958	-42244.3	-48446.7	7240.65	154.106	321.922	0	-2.28E-05	5.24E-06	-9.02E-06	-8.20E-06
384	7	-23.3539	27.8975	622.211	-42332.1	-48462.3	7256.12	154.113	322.035	0	-2.27E-05	5.54E-06	-3.50E-06	-7.95E-06
384	8	-23.4424	28.1142	622.464	-42419.8	-48477.9	7271.58	154.119	322.148	0	-2.04E-05	5.50E-06	7.96E-06	-7.42E-06
384	9	-23.4618	28.3369	622.454	-42522.9	-48478.4	7284.17	154.117	322.315	0	-2.04E-05	5.50E-06	7.96E-06	-7.42E-06
384	10	-23.4811	28.5596	622.445	-42625.9	-48478.8	7296.76	154.115	322.481	0	-1.89E-05	5.39E-06	9.62E-06	-9.26E-06
384	11	-23.5624	28.7689	622.346	-42746.9	-48483.9	7328.77	154.095	322.687	0	-1.89E-05	5.39E-06	9.62E-06	-9.26E-06
384	12	-23.6438	28.9782	622.247	-42867.9	-48489	7360.77	154.074	322.892	0	-1.82E-05	6.86E-06	-6.46E-07	-1.20E-05
384	13	-23.7305	29.1857	622.834	-42982.3	-48525.5	7389.51	154.089	323.011	0	-1.82E-05	6.86E-06	-6.46E-07	-1.20E-05
384	14	-23.8172	29.3931	623.42	-43096.6	-48561.9	7418.25	154.104	323.129	0	-1.78E-05	7.77E-06	-7.46E-06	-1.23E-05
384	15	-23.8074	29.5206	623.593	-43176.4	-48574.2	7444.1	154.106	323.238	0	-1.78E-05	7.77E-06	-7.46E-06	-1.23E-05
384	16	-23.7976	29.6482	623.766	-43256.3	-48586.4	7469.94	154.108	323.347	0	-1.96E-05	6.76E-06	-5.15E-06	-1.23E-05
384	17	-23.874	29.7889	624.136	-43363.2	-48604.1	7500.69	154.126	323.477	0	-2.15E-05	5.87E-06	-2.37E-06	-1.24E-05
384	18	-23.9504	29.9297	624.506	-43470.1	-48621.8	7531.44	154.143	323.607	0	-2.15E-05	5.87E-06	-2.37E-06	-1.24E-05
384	19	-24.0228	30.1845	624.653	-43550.2	-48612	7550.97	154.178	323.719	0	-2.20E-05	5.71E-06	-2.91E-06	-1.21E-05
385	0	-24.0952	30.4393	624.8	-43630.4	-48602.1	7570.5	154.212	323.831	0	-2.20E-05	5.71E-06	-2.91E-06	-1.21E-05
385	1	-24.1061	30.6149	625.009	-43774.6	-48648.8	7572.56	154.163	324.038	0	-2.23E-05	4.53E-06	-6.42E-06	-1.38E-05
385	2	-24.1171	30.7904	625.217	-43918.8	-48695.4	7574.62	154.114	324.246	0	-2.23E-05	4.53E-06	-6.42E-06	-1.38E-05
385	3	-24.1737	30.9554	625.391	-44070.2	-48718.4	7595.46	154.099	324.468	0	-2.20E-05	4.45E-06	-1.28E-05	-1.38E-05
385	4	-24.2303	31.1203	625.565	-44221.5	-48741.4	7616.29	154.084	324.691	0	-2.20E-05	4.45E-06	-1.28E-05	-1.38E-05
385	5	-24.2876	31.289	625.966	-44337.4	-48775	7642.05	154.08	324.83	0	-2.23E-05	3.66E-06	-2.17E-05	-1.28E-05
385	6	-24.3449	31.4578	626.368	-44453.2	-48808.6	7667.81	154.077	324.97	0	-2.32E-05	2.06E-06	-2.35E-05	-1.31E-05
385	7	-24.4963	31.6213	626.851	-44534.4	-48808	7696.56	154.138	325.045	0	-2.32E-05	2.06E-06	-2.35E-05	-1.31E-05
385	8	-24.6477	31.7847	627.334	-44615.7	-48807.3	7725.32	154.199	325.12	0	-2.25E-05	1.44E-06	-1.46E-05	-1.53E-05
385	9	-24.6661	31.8835	627.596	-44714.2	-48830.3	7735.88	154.195	325.247	0	-2.25E-05	1.44E-06	-1.46E-05	-1.53E-05
385	10	-24.6845	31.9822	627.858	-44812.7	-48853.4	7746.44	154.19	325.374	0	-2.39E-05	3.58E-06	-1.23E-05	-1.55E-05
385	11	-24.6765	32.208	628.105	-44924.3	-48899.3	7759.4	154.148	325.524	0	-2.39E-05	3.58E-06	-1.23E-05	-1.55E-05
385	12	-24.6685	32.4339	628.351	-45036	-48945.2	7772.36	154.105	325.673	0	-2.41E-05	5.12E-06	-1.12E-05	-1.51E-05
385	13	-24.7941	32.7015	628.558	-45159.2	-48992.4	7794.39	154.056	325.846	0	-2.41E-05	5.12E-06	-1.12E-05	-1.51E-05
385	14	-24.9197	32.9691	628.765	-45282.5	-49039.6	7816.42	154.006	326.018	0	-2.17E-05	4.53E-06	-1.07E-05	-1.49E-05
385	15	-24.9902	33.1614	628.937	-45378.2	-48992.6	7839.31	154.102	326.151	0	-1.99E-05	4.70E-06	-1.16E-05	-1.42E-05
385	16	-25.0607	33.3536	629.108	-45474	-48945.7	7862.21	154.198	326.283	0	-1.99E-05	4.70E-06	-1.16E-05	-1.42E-05
385	17	-25.1901	33.4693	629.354	-45564	-48960	7882.05	154.206	326.398	0	-2.16E-05	5.71E-06	-1.28E-05	-1.38E-05
385	18	-25.3195	33.5849	629.601	-45654	-48974.2	7901.9	154.214	326.513	0	-2.16E-05	5.71E-06	-1.28E-05	-1.38E-05
385	19	-25.3745	33.7102	629.808	-45767.9	-49056.6	7923.43	154.109	326.67	0	-2.13E-05	4.57E-06	-1.17E-05	-1.27E-05
386	0	-25.4296	33.8354	630.015	-45881.9	-49138.9	7944.97	154.004	326.827	0	-2.13E-05	4.57E-06	-1.17E-05	-1.27E-05
386	1	-25.5034	34.0237	630.621	-46038.7	-49159.5	7950.19	154.046	327.005	0	-2.12E-05	4.74E-06	-1.03E-05	-1.32E-05
386	2	-25.5772	34.2121	631.228	-46195.5	-49180	7955.41	154.088	327.184	0	-2.12E-05	4.74E-06	-1.03E-05	-1.32E-05
386	3	-25.6271	34.419	631.489	-46318.7	-49186.6	7997.21	154.11	327.348	0	-2.05E-05	3.78E-06	-1.08E-05	-1.36E-05
386	4	-25.6769	34.626	631.75	-46441.8	-49193.1	8039.01	154.132	327.513	0	-1.95E-05	3.43E-06	-9.56E-06	-1.41E-05
386	5	-25.6976	34.9112	631.867	-46526.2	-49198.8	8071.56	154.137	327.633	0	-1.95E-05	3.43E-06	-9.56E-06	-1.41E-05
386	6	-25.7183	35.1964	631.983	-46610.5	-49204.5	8104.1	154.143	327.753	0	-2.13E-05	5.37E-06	-6.99E-06	-1.48E-05
386	7	-25.7219	35.3626	632.038	-46705.6	-49227.9	8131.44	154.112	327.897	0	-2.13E-05	5.37E-06	-6.99E-06	-1.48E-05
386	8	-25.7255	35.5288	632.094	-46800.6	-49251.5	8158.78	154.082	328.041	0	-2.14E-05	6.22E-06	-6.75E-06	-1.38E-05
386	9	-25.8612	35.6518	632.825	-46892.8	-49288.9	8178.6	154.113	328.101	0	-2.14E-05	6.22E-06	-6.75E-06	-1.38E-05
386	10	-25.9969	35.7747	633.556	-46985.1	-49326.4	8198.41	154.144	328.161	0	-2.06E-05	3.92E-06	-8.35E-06	-1.29E-05
386	11	-26.0301	35.9461	634.21	-47162.1	-49345.6	8207.27	154.194	328.363	0	-2.06E-05	3.92E-06	-8.35E-06	-1.29E-05
386	12	-26.0634	36.1176	634.865	-47339	-49364.8	8216.13	154.244	328.566	0	-2.02E-05	4.47E-06	-9.44E-06	-1.29E-05
386	13	-26.1089	36.3508	634.767	-47434.9	-49371.9	8239.53	154.22	328.728	0	-1.92E-05	5.10E-06	-1.07E-05	-1.14E-05
386	14	-26.1544	36.5839	634.669	-47530.8	-49379	8262.92	154.197	328.891	0	-1.92E-05	5.10E-06	-1.07E-05	-1.14E-05
386	15	-26.1639	36.7905	634.977	-47645.4	-49425.3	8282.83	154.162	329.035	0	-1.84E-05	4.36E-06	-8.80E-06	-1.05E-05
386	16	-26.1735	36.997	635.285	-47759.9	-49471.5	8302.73	154.127	329.179	0	-1.84E-05	4.36E-06	-8.80E-06	-1.05E-05
386	17	-26.1482	37.1488	635.91	-47855.7	-49529	8319.78	154.113	329.255	0	-1.93E-05	4.47E-06	-6.98E-06	-1.09E-05
386	18	-26.1228	37.3006	636.535	-47951.4	-49586.5	8336.83	154.099	329.332	0	-1.93E-05	4.47E-06	-6.98E-06	-1.09E-05
386	19	-26.2052	37.5803	636.98	-48057.2	-49582.6	8352.33	154.16	329.445	0	-1.96E-05	5.08E-06	-8.21E-06	-1.09E-05
387	0	-26.2875	37.86	637.425	-48162.9	-49578.7	8367.83	154.22	329.559	0	-1.96E-05	5.08E-06	-8.21E-06	-1.09E-05
387	1	-26.3597	38.1607	637.795	-48315.8	-49603.8	8406.49	154.226	329.754	0	-1.93E-05	4.22E-06	-1.21E-05	-1.12E-05
387	2	-26.432	38.4613	638.165	-48468.6	-49628.8	8445.14	154.232	329.95	0	-1.97E-05	4.36E-06	-1.46E-05	-1.28E-05
387	3	-26.4453	38.598	638.826	-48585.9	-49669.3	8476.9	154.249	330.055	0	-1.97E-05	4.36E-06	-1.46E-05	-1.28E-05
387	4	-26.4586	38.7346	639.487	-48703.3	-49709.8	8508.65	154.266	330.16	0	-2.04E-05	4.36E-06	-1.21E-05	-1.19E-05
387	5	-26.4702	38.8986	639.987	-48813.6	-49750.9	8498.18	154.263	330.273	0	-2.04E-05	4.36E-06	-1.21E-05	-1.19E-05
387	6	-26.4818	39.0626	640.487	-48923.8	-49792	8487.7	154.259	330.385	0	-2.07E-05	4.38E-06	-1.10E-05	-1.17E-05
387	7	-26.5315	39.3317	641.026	-49037.4	-49816.7	8503.68	154.286	330.498	0	-2.07E-05	4.38E-06	-1.10E-05	-1.17E-05
387	8	-26.5812	39.6009	641.566	-49150.9	-49841.5	8519.67	154.313	330.611	0	-2.11E-05	4.61E-06	-1.16E-05	-1.24E-05
387	9	-26.5876	39.9133	642.318	-49256.2	-49848.5	8565.4	154.393	330.685	0	-2.11E-05	4.61E-06	-1.16E-05	-1.24E-05
387	10	-26.5939	40.2257	643.07	-49361.6	-49855.5	8611.12	154.473	330.759	0	-2.18E-05	5.20E-06	-9.36E-06	-1.24E-05
387	11	-26.6297	40.4405	643.522	-49455.5	-49884.9	8642.72	154.481	330.851	0	-2.06E-05	5.18E-06	-7.93E-06	-1.21E-05
387	12	-26.6654	40.6552	643.975	-49549.5	-49914.3	8674.32	154.49	330.943	0	-2.06E-05	5.18E-06	-7.93E-06	-1.21E-05
387	13	-26.654	40.8011	644.372	-49661.8	-49996	8700.33	154.411	331.07	0	-2.01E-05	5.01E-06	-8.31E-06	-1.28E-05
387	14	-26.6426	40.9469	644.77	-49774.1	-50077.7	8726.34	154.333	331.197	0	-2.01E-05	5.01E-06	-8.31E-06	-1.28E-05
387	15	-26.6264	41.1484	645.34	-49919	-50122.7	8736.07	154.331	331.353	0	-2.04E-05	4.95E-06	-8.73E-06	-1.42E-05
387	16	-26.6103	41.35	645.909	-50063.8	-50167.7	8745.79	154.33	331.509	0	-2.04E-05	4.95E-06	-8.73E-06	-1.42E-05
387	17	-26.6234	41.5804	646.724	-50176.1	-50185.6	8764.71	154.4	331.585	0	-1.87E-05	5.46E-06	-7.61E-06	-1.38E-05
387	18	-26.6365	41.8108	647.54	-50288.4	-50203.5	8783.61	154.47	331.661	0	-1.87E-05	5.46E-06	-7.61E-06	-1.38E-05
387	19	-26.7001	42.074	648.139	-50429.1	-50261.4	8796.24	154.453	331.806	0	-1.67E-05	4.58E-06	-7.85E-06	-1.27E-05
388	0	-26.7638	42.3372	648.739	-50569.8	-50319.3	8808.87	154.435	331.951	0	-1.70E-05	2.68E-06	-6.23E-06	-1.10E-05
388	1	-26.7289	42.5351	649.192	-50715.4	-50359.4	8853.49	154.427	332.121	0	-1.70E-05	2.68E-06	-6.23E-06	-1.10E-05
388	2	-26.6941	42.7331	649.645	-50860.9	-50399.6	8898.11	154.42	332.29	0	-1.73E-05	3.84E-06	-5.41E-06	-1.04E-05
388	3	-26.709	42.955	650.341	-50959.9	-50434.6	8916.06	154.449	332.359	0	-1.73E-05	3.84E-06	-5.41E-06	-1.04E-05
388	4	-26.724	43.177	651.037	-51058.9	-50469.6	8934.01	154.478	332.427	0	-1.75E-05	3.77E-06	-6.92E-06	-1.02E-05
388	5	-26.7281	43.4468	651.839	-51185.6	-50496.1	8957.77	154.533	332.525	0	-1.75E-05	3.77E-06	-6.92E-06	-1.02E-05
388	6	-26.7322	43.7165	652.641	-51312.2	-50522.5	8981.54	154.588	332.622	0	-1.93E-05	4.51E-06	-7.34E-06	-1.12E-05
388	7	-26.8	43.8534	653.205	-51442.2	-50585.7	9015.26	154.558	332.753	0	-1.93E-05	4.51E-06	-7.34E-06	-1.12E-05
388	8	-26.8678	43.9903	653.769	-51572.1	-50648.8	9048.98	154.528	332.884	0	-2.19E-05	5.40E-06	-8.22E-06	-1.30E-05
388	9	-26.8691	44.2625	654.159	-51708.4	-50709	9068.99	154.482	333.046	0	-2.24E-05	4.14E-06	-8.47E-06	-1.33E-05
388	10	-26.8704	44.5346	654.549	-51844.6	-50769.2	9088.98	154.436	333.207	0	-2.24E-05	4.14E-06	-8.47E-06	-1.33E-05
388	11	-26.8827	44.8859	654.855	-51949.2	-50801.5	9117.84	154.423	333.329	0	-2.42E-05	2.72E-06	-1.04E-05	-1.35E-05
388	12	-26.8951	45.2372	655.162	-52053.8	-50833.8	9146.7	154.41	333.452	0	-2.42E-05	2.72E-06	-1.04E-05	-1.35E-05
388	13	-26.8763	45.5344	656.098	-52162.8	-50905.8	9183.58	154.411	333.505	0	-2.54E-05	4.16E-06	-1.14E-05	-1.17E-05
388	14	-26.8575	45.8315	657.035	-52271.9	-50977.8	9220.45	154.412	333.557	0	-2.54E-05	4.16E-06	-1.14E-05	-1.17E-05
388	15	-26.8408	46.0468	657.936	-52409.1	-51027.6	9232.87	154.443	333.657	0	-2.34E-05	3.84E-06	-1.16E-05	-1.21E-05
388	16	-26.8242	46.2621	658.837	-52546.4	-51077.4	9245.29	154.473	333.756	0	-2.34E-05	3.84E-06	-1.16E-05	-1.21E-05
388	17	-26.8059	46.5853	659.624	-52689.9	-51118.2	9288.7	154.504	333.879	0	-2.17E-05	3.84E-06	-1.15E-05	-1.09E-05
388	18	-26.7876	46.9085	660.411	-52833.4	-51159.1	9332.11	154.534	334.001	0	-2.18E-05	5.03E-06	-1.20E-05	-8.44E-06
388	19	-26.8236	47.1591	661.467	-52933.1	-51226.4	9353.49	154.556	334.024	0	-2.18E-05	5.03E-06	-1.20E-05	-8.44E-06
389	0	-26.8596	47.4097	662.522	-53032.8	-51293.8	9374.86	154.578	334.047	0	-2.25E-05	6.29E-06	-1.22E-05	-7.64E-06
389	1	-26.8774	47.6115	663.324	-53163.3	-51355.7	9393.99	154.578	334.147	0	-2.25E-05	6.29E-06	-1.22E-05	-7.64E-06
389	2	-26.8951	47.8132	664.126	-53293.9	-51417.7	9413.12	154.578	334.247	0	-2.20E-05	6.70E-06	-9.30E-06	-8.27E-06
389	3	-26.8458	48.0053	664.825	-53404.3	-51473.7	9440.62	154.576	334.328	0	-2.20E-05	6.70E-06	-9.30E-06	-8.27E-06
389	4	-26.7966	48.1974	665.524	-53514.7	-51529.7	9468.12	154.573	334.41	0	-1.93E-05	5.21E-06	-7.24E-06	-8.72E-06
389	5	-26.8236	48.4747	666.374	-53657	-51600.8	9483.42	154.565	334.521	0	-1.93E-05	5.21E-06	-7.24E-06	-8.72E-06
389	6	-26.8506	48.752	667.225	-53799.3	-51672	9498.71	154.557	334.631	0	-1.84E-05	4.05E-06	-5.96E-06	-9.94E-06
389	7	-26.7934	49.0723	668.194	-53946.8	-51761.3	9544.36	154.536	334.735	0	-1.92E-05	4.16E-06	-4.46E-06	-1.04E-05
389	8	-26.7361	49.3925	669.164	-54094.3	-51850.7	9590.01	154.514	334.839	0	-1.92E-05	4.16E-06	-4.46E-06	-1.04E-05
389	9	-26.7872	49.6537	669.984	-54251.8	-51895.9	9605.32	154.542	334.975	0	-1.98E-05	3.94E-06	-6.77E-06	-1.14E-05
389	10	-26.8383	49.915	670.805	-54409.3	-51941.1	9620.63	154.569	335.11	0	-1.98E-05	3.94E-06	-6.77E-06	-1.14E-05
389	11	-26.7869	50.3153	671.898	-54544.6	-51995	9661.22	154.615	335.18	0	-2.09E-05	4.70E-06	-9.51E-06	-1.21E-05
389	12	-26.7355	50.7155	672.991	-54679.9	-52048.8	9701.81	154.661	335.249	0	-2.09E-05	4.70E-06	-9.51E-06	-1.21E-05
389	13	-26.7045	50.9955	673.571	-54803.3	-52114.1	9719.85	154.63	335.362	0	-2.07E-05	5.75E-06	-9.04E-06	-1.09E-05
389	14	-26.6736	51.2754	674.15	-54926.7	-52179.5	9737.89	154.6	335.475	0	-2.07E-05	5.75E-06	-9.04E-06	-1.09E-05
389	15	-26.6911	51.5842	674.601	-55044.4	-52254.8	9758.22	154.54	335.596	0	-2.11E-05	5.03E-06	-8.88E-06	-1.11E-05
389	16	-26.7086	51.8931	675.051	-55162.1	-52330.2	9778.55	154.48	335.716	0	-2.21E-05	6.33E-06	-8.85E-06	-1.23E-05
389	17	-26.6837	52.2451	676.326	-55270.4	-52376.9	9822.56	154.557	335.722	0	-2.21E-05	6.33E-06	-8.85E-06	-1.23E-05
389	18	-26.6587	52.597	677.601	-55378.8	-52423.7	9866.58	154.633	335.728	0	-2.12E-05	7.24E-06	-9.78E-06	-1.26E-05
389	19	-26.5481	52.863	678.856	-55535	-52515.9	9895.94	154.641	335.807	0	-2.12E-05	7.24E-06	-9.78E-06	-1.26E-05
390	0	-26.4374	53.1289	680.112	-55691.2	-52608.2	9925.3	154.648	335.885	0	-2.00E-05	7.16E-06	-1.01E-05	-1.30E-05
390	1	-26.3594	53.3607	680.768	-55837.6	-52661.7	9953.23	154.644	336.021	0	-2.00E-05	7.16E-06	-1.01E-05	-1.30E-05
390	2	-26.2814	53.5925	681.424	-55984	-52715.2	9981.17	154.64	336.157	0	-2.06E-05	5.42E-06	-1.05E-05	-1.33E-05
390	3	-26.3278	53.9307	682.426	-56098	-52744.3	9998.48	154.711	336.204	0	-2.06E-05	5.42E-06	-1.05E-05	-1.33E-05
390	4	-26.3743	54.2689	683.427	-56212.1	-52773.4	10015.8	154.781	336.25	0	-2.14E-05	4.57E-06	-1.02E-05	-1.36E-05
390	5	-26.3832	54.6885	684.324	-56363.4	-52832.9	10047	154.795	336.364	0	-2.09E-05	4.79E-06	-9.57E-06	-1.35E-05
390	6	-26.3921	55.1082	685.22	-56514.6	-52892.5	10078.2	154.81	336.477	0	-2.09E-05	4.79E-06	-9.57E-06	-1.35E-05
390	7	-26.305	55.3753	686.002	-56685.5	-52993.1	10098.3	154.751	336.632	0	-2.06E-05	4.13E-06	-9.57E-06	-1.53E-05
390	8	-26.2178	55.6424	686.784	-56856.3	-53093.7	10118.5	154.692	336.786	0	-2.06E-05	4.13E-06	-9.57E-06	-1.53E-05
390	9	-26.1777	55.966	688.335	-56984.7	-53173.7	10176.8	154.75	336.786	0	-2.06E-05	3.71E-06	-9.67E-06	-1.56E-05
390	10	-26.1376	56.2896	689.885	-57113.1	-53253.7	10235.1	154.808	336.786	0	-2.06E-05	3.71E-06	-9.67E-06	-1.56E-05
390	11	-26.1731	56.6041	690.748	-57257.7	-53307.2	10256.5	154.827	336.892	0	-2.29E-05	3.90E-06	-1.04E-05	-1.39E-05
390	12	-26.2086	56.9186	691.61	-57402.4	-53360.8	10277.9	154.846	336.998	0	-2.29E-05	3.90E-06	-1.04E-05	-1.39E-05
390	13	-26.2264	57.3181	692.697	-57517	-53401.7	10302.9	154.907	337.033	0	-2.49E-05	4.20E-06	-1.04E-05	-1.24E-05
390	14	-26.2441	57.7176	693.783	-57631.7	-53442.6	10328	154.969	337.069	0	-2.41E-05	4.11E-06	-1.03E-05	-1.33E-05
390	15	-26.1812	58.0853	694.746	-57761.7	-53510.7	10356.9	154.978	337.141	0	-2.41E-05	4.11E-06	-1.03E-05	-1.33E-05
390	16	-26.1183	58.453	695.709	-57891.7	-53578.8	10385.8	154.987	337.212	0	-2.23E-05	3.65E-06	-9.28E-06	-1.35E-05
390	17	-26.0527	58.7746	696.728	-58028.2	-53681.6	10430.2	154.952	337.287	0	-2.23E-05	3.65E-06	-9.28E-06	-1.35E-05
390	18	-25.9871	59.0961	697.747	-58164.8	-53784.3	10474.6	154.917	337.361	0	-2.23E-05	4.33E-06	-7.09E-06	-1.27E-05
390	19	-25.9382	59.3571	698.566	-58319.4	-53847.2	10514.3	154.918	337.484	0	-2.23E-05	4.33E-06	-7.09E-06	-1.27E-05
391	0	-25.8892	59.6182	699.385	-58473.9	-53910.1	10554	154.918	337.608	0	-2.24E-05	2.89E-06	-6.42E-06	-1.35E-05
391	1	-25.8251	60.002	700.442	-58600.4	-53992	10580.1	154.917	337.662	0	-2.24E-05	2.89E-06	-6.42E-06	-1.35E-05
391	2	-25.7609	60.3858	701.498	-58726.9	-54073.8	10606.1	154.917	337.716	0	-2.14E-05	3.39E-06	-7.60E-06	-1.30E-05
391	3	-25.7512	60.7204	702.643	-58912	-54124.3	10635.8	154.97	337.843	0	-2.05E-05	4.89E-06	-5.13E-06	-1.25E-05
391	4	-25.7415	61.0549	703.787	-59097.1	-54174.9	10665.5	155.024	337.97	0	-2.05E-05	4.89E-06	-5.13E-06	-1.25E-05
391	5	-25.7308	61.3454	704.807	-59234.1	-54213.4	10694.7	155.08	338.043	0	-2.07E-05	5.14E-06	-2.47E-06	-1.31E-05
391	6	-25.72	61.6359	705.827	-59371.2	-54252	10723.9	155.137	338.116	0	-2.07E-05	5.14E-06	-2.47E-06	-1.31E-05
391	7	-25.7399	62.0285	706.759	-59493.9	-54321.2	10751.2	155.14	338.179	0	-2.23E-05	5.87E-06	-4.76E-06	-1.23E-05
391	8	-25.7597	62.4211	707.69	-59616.6	-54390.5	10778.6	155.144	338.241	0	-2.23E-05	5.87E-06	-4.76E-06	-1.23E-05
391	9	-25.7408	62.7799	708.839	-59735.8	-54502.5	10815.3	155.11	338.273	0	-2.21E-05	5.79E-06	-6.73E-06	-1.28E-05
391	10	-25.722	63.1387	709.987	-59855.1	-54614.5	10852	155.077	338.305	0	-2.21E-05	5.79E-06	-6.73E-06	-1.28E-05
391	11	-25.7348	63.4136	711.189	-60009.2	-54686.1	10881.1	155.106	338.379	0	-2.14E-05	5.16E-06	-9.35E-06	-1.22E-05
391	12	-25.7477	63.6885	712.392	-60163.3	-54757.8	10910.2	155.135	338.453	0	-2.15E-05	4.83E-06	-1.02E-05	-1.19E-05
391	13	-25.7286	64.048	713.742	-60305.9	-54872.5	10928.1	155.12	338.492	0	-2.15E-05	4.83E-06	-1.02E-05	-1.19E-05
391	14	-25.7096	64.4075	715.093	-60448.4	-54987.1	10946	155.105	338.532	0	-2.07E-05	4.33E-06	-9.85E-06	-1.15E-05
391	15	-25.691	64.8232	716.415	-60603.6	-55048.1	11000	155.162	338.593	0	-2.07E-05	4.33E-06	-9.85E-06	-1.15E-05
391	16	-25.6725	65.2389	717.736	-60758.9	-55109	11054.1	155.218	338.653	0	-2.02E-05	2.98E-06	-7.38E-06	-1.12E-05
391	17	-25.6965	65.6371	718.76	-60937	-55185.4	11078.5	155.221	338.781	0	-2.02E-05	2.98E-06	-7.38E-06	-1.12E-05
391	18	-25.7206	66.0353	719.783	-61115.2	-55261.9	11102.9	155.224	338.908	0	-2.21E-05	3.94E-06	-1.02E-05	-1.11E-05
391	19	-25.7792	66.4095	720.753	-61234	-55325.6	11136.7	155.239	338.958	0	-2.21E-05	3.94E-06	-1.02E-05	-1.11E-05
392	0	-25.8379	66.7837	721.722	-61352.8	-55389.3	11170.6	155.254	339.009	0	-2.30E-05	4.55E-06	-1.33E-05	-9.95E-06
392	1	-25.7643	67.1219	722.469	-61516.9	-55487.8	11214.7	155.197	339.148	0	-2.31E-05	4.62E-06	-1.19E-05	-9.25E-06
392	2	-25.6908	67.4601	723.217	-61681.1	-55586.3	11258.7	155.14	339.287	0	-2.31E-05	4.62E-06	-1.19E-05	-9.25E-06
392	3	-25.6748	67.8553	724.641	-61779	-55657.4	11305.9	155.193	339.255	0	-2.43E-05	4.09E-06	-1.41E-05	-1.07E-05
392	4	-25.6588	68.2505	726.066	-61876.9	-55728.5	11353	155.246	339.222	0	-2.43E-05	4.09E-06	-1.41E-05	-1.07E-05
392	5	-25.6378	68.6867	727.205	-62038.5	-55852.9	11373.3	155.195	339.311	0	-2.61E-05	4.53E-06	-1.55E-05	-1.15E-05
392	6	-25.6168	69.1229	728.344	-62200.1	-55977.4	11393.6	155.144	339.399	0	-2.61E-05	4.53E-06	-1.55E-05	-1.15E-05
392	7	-25.5669	69.5124	729.219	-62379.4	-56043.8	11420.2	155.145	339.543	0	-2.30E-05	4.33E-06	-2.00E-05	-1.27E-05
392	8	-25.517	69.9018	730.095	-62558.7	-56110.3	11446.8	155.147	339.686	0	-2.30E-05	4.33E-06	-2.00E-05	-1.27E-05
392	9	-25.5593	70.3144	731.233	-62677.8	-56181.7	11495.7	155.168	339.715	0	-2.04E-05	2.94E-06	-2.19E-05	-1.52E-05
392	10	-25.6017	70.7269	732.37	-62796.8	-56253.2	11544.6	155.19	339.745	0	-1.87E-05	3.63E-06	-1.53E-05	-1.73E-05
392	11	-25.6575	71.1479	733.82	-62945.4	-56320.9	11587.4	155.25	339.778	0	-1.87E-05	3.63E-06	-1.53E-05	-1.73E-05
392	12	-25.7134	71.569	735.269	-63094	-56388.7	11630.2	155.309	339.811	0	-1.93E-05	4.36E-06	-5.53E-06	-1.82E-05
392	13	-25.7071	71.8766	736.385	-63250.4	-56491.7	11661	155.285	339.893	0	-1.93E-05	4.36E-06	-5.53E-06	-1.82E-05
392	14	-25.7008	72.1841	737.501	-63406.8	-56594.7	11691.8	155.262	339.975	0	-2.02E-05	4.22E-06	-3.45E-06	-1.75E-05
392	15	-25.7044	72.5306	738.333	-63551.3	-56673	11704.1	155.242	340.074	0	-2.02E-05	4.22E-06	-3.45E-06	-1.75E-05
392	16	-25.7079	72.8771	739.166	-63695.7	-56751.3	11716.5	155.222	340.172	0	-1.98E-05	3.05E-06	-6.55E-06	-1.61E-05
392	17	-25.7564	73.4044	740.467	-63867.2	-56810.6	11755.1	155.277	340.253	0	-1.98E-05	3.05E-06	-6.55E-06	-1.61E-05
392	18	-25.8048	73.9316	741.768	-64038.7	-56869.9	11793.6	155.332	340.332	0	-2.13E-05	2.16E-06	-6.42E-06	-1.47E-05
392	19	-25.8229	74.3913	743.063	-64191.4	-56956.4	11827.9	155.349	340.388	0	-2.33E-05	3.48E-06	-5.09E-06	-1.38E-05
393	0	-25.8411	74.851	744.357	-64344.1	-57042.8	11862.1	155.366	340.442	0	-2.33E-05	3.48E-06	-5.09E-06	-1.38E-05
393	1	-25.8528	75.2258	745.592	-64503.1	-57167.1	11894.1	155.327	340.513	0	-2.32E-05	5.74E-06	-1.56E-06	-1.23E-05
393	2	-25.8645	75.6006	746.827	-64662.1	-57291.3	11926.2	155.287	340.582	0	-2.32E-05	5.74E-06	-1.56E-06	-1.23E-05
393	3	-25.9262	75.9986	747.714	-64815	-57420.1	11965.9	155.206	340.684	0	-2.27E-05	7.03E-06	-7.13E-08	-1.07E-05
393	4	-25.9879	76.3966	748.602	-64967.8	-57548.9	12005.5	155.125	340.786	0	-2.27E-05	7.03E-06	-7.13E-08	-1.07E-05
393	5	-26.0612	76.766	749.578	-65126.7	-57605.7	12046.9	155.149	340.885	0	-2.45E-05	5.54E-06	-4.61E-06	-1.13E-05
393	6	-26.1346	77.1354	750.554	-65285.7	-57662.4	12088.2	155.174	340.983	0	-2.45E-05	5.54E-06	-4.61E-06	-1.13E-05
393	7	-26.0757	77.5408	751.579	-65405.8	-57728.5	12117.3	155.19	341.024	0	-2.51E-05	4.14E-06	-7.64E-06	-1.16E-05
393	8	-26.0169	77.9463	752.605	-65525.8	-57794.6	12146.4	155.207	341.065	0	-2.34E-05	2.44E-06	-8.47E-06	-1.16E-05
393	9	-26.097	78.351	753.411	-65662.9	-57933.4	12172.7	155.105	341.154	0	-2.34E-05	2.44E-06	-8.47E-06	-1.16E-05
393	10	-26.1771	78.7556	754.216	-65799.9	-58072.1	12199	155.003	341.243	0	-2.25E-05	1.97E-06	-1.02E-05	-1.09E-05
393	11	-26.2473	79.2066	755.775	-65974.5	-58181.7	12242.3	155.017	341.294	0	-2.25E-05	1.97E-06	-1.02E-05	-1.09E-05
393	12	-26.3176	79.6576	757.334	-66149.2	-58291.3	12285.5	155.031	341.345	0	-2.11E-05	3.08E-06	-9.55E-06	-1.10E-05
393	13	-26.3817	80.1393	758.589	-66257.9	-58363.8	12329.9	155.063	341.344	0	-2.11E-05	3.08E-06	-9.55E-06	-1.10E-05
393	14	-26.4459	80.6211	759.843	-66366.7	-58436.3	12374.3	155.094	341.343	0	-1.64E-05	4.88E-06	-9.71E-06	-1.14E-05
393	15	-26.5328	81.0286	760.938	-66529.5	-58510.2	12397.2	155.108	341.431	0	-1.64E-05	4.88E-06	-9.71E-06	-1.14E-05
393	16	-26.6197	81.4362	762.033	-66692.3	-58584.2	12420.1	155.121	341.519	0	-1.09E-05	6.17E-06	-1.22E-05	-1.03E-05
393	17	-26.6309	81.7889	763.084	-66856	-58653.4	12446.8	155.136	341.613	0	-6.81E-06	5.87E-06	-1.45E-05	-9.69E-06
393	18	-26.642	82.1416	764.135	-67019.7	-58722.7	12473.5	155.151	341.707	0	-6.81E-06	5.87E-06	-1.45E-05	-9.69E-06
393	19	-26.6604	82.6532	765.487	-67180.6	-58841.2	12505.8	155.132	341.762	0	-1.14E-05	5.79E-06	-1.49E-05	-1.06E-05
394	0	-26.6788	83.1649	766.838	-67341.6	-58959.8	12538.1	155.113	341.817	0	-1.14E-05	5.79E-06	-1.49E-05	-1.06E-05
394	1	-26.8375	83.7796	767.53	-67506.2	-59038.1	12585.1	155.08	341.953	0	-1.39E-05	5.16E-06	-1.33E-05	-1.04E-05
394	2	-26.9963	84.3942	768.222	-67670.9	-59116.3	12632.2	155.048	342.088	0	-1.39E-05	5.16E-06	-1.33E-05	-1.04E-05
394	3	-26.975	84.749	769.09	-67766.1	-59195.7	12683.9	155.032	342.112	0	-1.55E-05	4.81E-06	-1.10E-05	-1.07E-05
394	4	-26.9537	85.1037	769.959	-67861.3	-59275	12735.5	155.015	342.136	0	-1.55E-05	4.81E-06	-1.10E-05	-1.07E-05
394	5	-27.1039	85.3815	770.895	-67976.2	-59341.9	12755.3	155.022	342.178	0	-2.18E-05	4.47E-06	-8.80E-06	-1.17E-05
394	6	-27.2541	85.6592	771.831	-68091.2	-59408.7	12775.1	155.029	342.22	0	-2.29E-05	5.29E-06	-6.64E-06	-1.24E-05
394	7	-27.4077	86.1277	772.816	-68231.8	-59504.1	12834.9	155.004	342.29	0	-2.29E-05	5.29E-06	-6.64E-06	-1.24E-05
394	8	-27.5614	86.5963	773.802	-68372.4	-59599.4	12894.7	154.978	342.359	0	-2.48E-05	5.67E-06	-4.62E-06	-1.26E-05
394	9	-27.5553	87.2237	775.011	-68547.1	-59699.2	12905.6	154.97	342.447	0	-2.48E-05	5.67E-06	-4.62E-06	-1.26E-05
394	10	-27.5493	87.8512	776.22	-68721.8	-59799	12916.6	154.961	342.534	0	-2.54E-05	4.46E-06	-3.26E-06	-1.26E-05
394	11	-27.6065	88.2877	777.365	-68877.8	-59911.1	12951.3	154.93	342.604	0	-2.54E-05	4.46E-06	-3.26E-06	-1.26E-05
394	12	-27.6638	88.7243	778.51	-69033.8	-60023.2	12985.9	154.9	342.674	0	-2.47E-05	6.54E-06	-6.62E-06	-1.29E-05
394	13	-27.7426	89.2149	779.284	-69156.7	-60116.5	13040.2	154.857	342.744	0	-2.47E-05	6.54E-06	-6.62E-06	-1.29E-05
394	14	-27.8215	89.7056	780.058	-69279.7	-60209.7	13094.5	154.814	342.814	0	-2.48E-05	7.66E-06	-9.65E-06	-1.30E-05
394	15	-27.8997	90.3394	780.997	-69402.8	-60277.6	13129.4	154.82	342.864	0	-2.61E-05	7.09E-06	-1.01E-05	-1.28E-05
394	16	-27.9779	90.9732	781.936	-69525.9	-60345.6	13164.3	154.825	342.915	0	-2.61E-05	7.09E-06	-1.01E-05	-1.28E-05
394	17	-28.1073	91.4079	782.716	-69680.3	-60435	13195.2	154.788	343.024	0	-2.68E-05	6.23E-06	-8.81E-06	-1.39E-05
394	18	-28.2366	91.8426	783.495	-69834.8	-60524.3	13226.2	154.751	343.132	0	-2.68E-05	6.23E-06	-8.81E-06	-1.39E-05
394	19	-28.4199	92.2749	784.424	-69981.7	-60601.3	13264.7	154.744	343.214	0	-2.57E-05	6.36E-06	-8.22E-06	-1.35E-05
395	0	-28.6032	92.7072	785.353	-70128.7	-60678.3	13303.2	154.738	343.296	0	-2.57E-05	6.36E-06	-8.22E-06	-1.35E-05
395	1	-28.6357	93.2039	786.315	-70244.5	-60768.3	13347	154.718	343.334	0	-2.69E-05	6.05E-06	-8.35E-06	-1.28E-05
395	2	-28.6682	93.7007	787.278	-70360.2	-60858.3	13390.8	154.698	343.372	0	-2.69E-05	6.05E-06	-8.35E-06	-1.28E-05
395	3	-28.7404	94.1725	788.122	-70468.3	-60931.3	13441.6	154.688	343.413	0	-2.71E-05	4.87E-06	-9.23E-06	-1.20E-05
395	4	-28.8126	94.6443	788.965	-70576.4	-61004.4	13492.5	154.678	343.454	0	-2.73E-05	4.79E-06	-9.44E-06	-1.27E-05
395	5	-28.8989	95.1183	789.955	-70692.3	-61057.7	13534.9	154.707	343.489	0	-2.73E-05	4.79E-06	-9.44E-06	-1.27E-05
395	6	-28.9852	95.5923	790.946	-70808.2	-61111.1	13577.3	154.737	343.523	0	-2.55E-05	4.53E-06	-1.09E-05	-1.37E-05
395	7	-29.0947	96.0734	791.846	-70932.6	-61211	13587.1	154.698	343.579	0	-2.55E-05	4.53E-06	-1.09E-05	-1.37E-05
395	8	-29.2041	96.5544	792.746	-71057	-61310.8	13597	154.66	343.634	0	-2.38E-05	7.25E-06	-1.06E-05	-1.30E-05
395	9	-29.3474	97.1147	793.359	-71207.5	-61397.5	13620.9	154.611	343.754	0	-2.38E-05	7.25E-06	-1.06E-05	-1.30E-05
395	10	-29.4907	97.675	793.973	-71358	-61484.2	13644.8	154.561	343.875	0	-2.18E-05	9.86E-06	-1.08E-05	-1.10E-05
395	11	-29.5827	98.2261	794.687	-71469	-61559.1	13699.3	154.537	343.934	0	-2.18E-05	9.86E-06	-1.08E-05	-1.10E-05
395	12	-29.6746	98.7772	795.402	-71580	-61634	13753.9	154.512	343.992	0	-1.80E-05	9.49E-06	-9.80E-06	-1.18E-05
395	13	-29.8295	99.3045	796.099	-71707.9	-61716.7	13802.1	154.476	344.074	0	-1.66E-05	8.71E-06	-7.85E-06	-1.09E-05
395	14	-29.9845	99.8318	796.796	-71835.7	-61799.4	13850.4	154.44	344.156	0	-1.66E-05	8.71E-06	-7.85E-06	-1.09E-05
395	15	-30.0628	100.282	797.782	-71930.5	-61893.5	13858	154.418	344.163	0	-1.89E-05	7.45E-06	-7.45E-06	-1.11E-05
395	16	-30.1411	100.732	798.768	-72025.2	-61987.7	13865.7	154.396	344.17	0	-1.89E-05	7.45E-06	-7.45E-06	-1.11E-05
395	17	-30.2509	101.16	799.516	-72121	-62052.3	13905.8	154.388	344.206	0	-2.10E-05	7.44E-06	-6.82E-06	-1.24E-05
395	18	-30.3607	101.588	800.264	-72216.9	-62116.9	13945.9	154.38	344.241	0	-2.10E-05	7.44E-06	-6.82E-06	-1.24E-05
395	19	-30.557	102.163	800.748	-72376	-62195.5	13994.4	154.328	344.385	0	-2.23E-05	3.39E-06	-7.51E-06	-1.28E-05
396	0	-30.7534	102.739	801.232	-72535	-62274	14042.9	154.277	344.529	0	-2.23E-05	3.39E-06	-7.51E-06	-1.28E-05
396	1	-30.8534	103.167	801.978	-72689.8	-62325.9	14068.6	154.285	344.638	0	-2.14E-05	-2.66E-06	-7.26E-06	-1.42E-05
396	2	-30.9534	103.596	802.724	-72844.6	-62377.8	14094.4	154.292	344.747	0	-2.24E-05	-4.54E-06	-7.68E-06	-1.33E-05
396	3	-30.9648	104.01	803.625	-72940.8	-62445	14137	154.296	344.765	0	-2.24E-05	-4.54E-06	-7.68E-06	-1.33E-05
396	4	-30.9762	104.423	804.526	-73036.9	-62512.2	14179.7	154.299	344.783	0	-2.54E-05	-1.63E-06	-8.48E-06	-1.27E-05
396	5	-31.1083	104.957	805.359	-73125.5	-62559.3	14210.2	154.321	344.799	0	-2.54E-05	-1.63E-06	-8.48E-06	-1.27E-05
396	6	-31.2404	105.49	806.192	-73214.1	-62606.3	14240.7	154.343	344.815	0	-2.57E-05	2.62E-06	-7.97E-06	-1.35E-05
396	7	-31.3644	106.034	806.591	-73321.6	-62692.1	14280.1	154.275	344.903	0	-2.57E-05	2.62E-06	-7.97E-06	-1.35E-05
396	8	-31.4884	106.579	806.991	-73429	-62778	14319.6	154.207	344.991	0	-2.38E-05	4.57E-06	-8.81E-06	-1.24E-05
396	9	-31.576	106.954	807.529	-73516.1	-62856.3	14348.5	154.162	345.038	0	-2.38E-05	4.57E-06	-8.81E-06	-1.24E-05
396	10	-31.6636	107.33	808.066	-73603.3	-62934.6	14377.4	154.117	345.086	0	-2.36E-05	4.64E-06	-1.02E-05	-1.24E-05
396	11	-31.7623	107.796	808.717	-73728.5	-62995.8	14390.2	154.104	345.167	0	-2.26E-05	3.25E-06	-7.56E-06	-1.34E-05
396	12	-31.8609	108.262	809.368	-73853.7	-63057	14403.1	154.091	345.249	0	-2.26E-05	3.25E-06	-7.56E-06	-1.34E-05
396	13	-31.9385	108.781	809.648	-73947.9	-63136.2	14454.6	154.02	345.333	0	-2.09E-05	5.16E-06	-5.08E-06	-1.44E-05
396	14	-32.016	109.3	809.928	-74042.1	-63215.3	14506.1	153.949	345.418	0	-2.09E-05	5.16E-06	-5.08E-06	-1.44E-05
396	15	-32.0654	109.758	810.497	-74117.6	-63274.5	14521.4	153.931	345.447	0	-2.09E-05	7.34E-06	-4.90E-06	-1.32E-05
396	16	-32.1148	110.216	811.067	-74193.2	-63333.6	14536.7	153.913	345.476	0	-2.09E-05	7.34E-06	-4.90E-06	-1.32E-05
396	17	-32.232	110.73	811.571	-74288.9	-63368	14568.8	153.919	345.537	0	-2.22E-05	8.18E-06	-1.02E-05	-1.40E-05
396	18	-32.3491	111.244	812.075	-74384.6	-63402.5	14600.9	153.925	345.598	0	-2.22E-05	8.18E-06	-1.02E-05	-1.40E-05
396	19	-32.4289	111.641	812.497	-74489.5	-63436.4	14622.4	153.924	345.68	0	-2.15E-05	8.03E-06	-1.26E-05	-1.46E-05
397	0	-32.5087	112.038	812.919	-74594.3	-63470.2	14643.9	153.923	345.761	0	-2.40E-05	9.06E-06	-1.31E-05	-1.49E-05
397	1	-32.5922	112.573	813.372	-74676.2	-63511.6	14669.9	153.916	345.811	0	-2.40E-05	9.06E-06	-1.31E-05	-1.49E-05
397	2	-32.6756	113.107	813.825	-74758.1	-63553	14695.8	153.908	345.86	0	-2.64E-05	8.92E-06	-1.84E-05	-1.49E-05
397	3	-32.7523	113.625	814.341	-74849.4	-63607.3	14738.1	153.891	345.914	0	-2.64E-05	8.92E-06	-1.84E-05	-1.49E-05
397	4	-32.8291	114.143	814.857	-74940.6	-63661.7	14780.5	153.874	345.968	0	-2.57E-05	7.56E-06	-2.46E-05	-1.45E-05
397	5	-32.8488	114.508	815.278	-75013.4	-63742.9	14816.7	153.815	346.01	0	-2.57E-05	7.56E-06	-2.46E-05	-1.45E-05
397	6	-32.8685	114.874	815.7	-75086.2	-63824	14853	153.756	346.051	0	-2.50E-05	4.83E-06	-3.04E-05	-1.38E-05
397	7	-32.8959	115.301	816.048	-75172.2	-63902.1	14866.8	153.693	346.117	0	-2.50E-05	4.83E-06	-3.04E-05	-1.38E-05
397	8	-32.9234	115.729	816.397	-75258.3	-63980.1	14880.6	153.631	346.183	0	-2.57E-05	2.06E-06	-2.42E-05	-1.15E-05
397	9	-33.0222	116.273	816.459	-75391.8	-64001.1	14924.1	153.611	346.34	0	-2.48E-05	1.30E-06	-1.34E-05	-1.06E-05
397	10	-33.121	116.817	816.521	-75525.3	-64022.1	14967.7	153.592	346.497	0	-2.48E-05	1.30E-06	-1.34E-05	-1.06E-05
397	11	-33.2374	117.177	816.735	-75558.2	-64066.5	14985.9	153.558	346.513	0	-2.29E-05	1.96E-06	-1.16E-05	-1.00E-05
397	12	-33.3539	117.536	816.949	-75591	-64110.9	15004.1	153.524	346.528	0	-2.29E-05	1.96E-06	-1.16E-05	-1.00E-05
397	13	-33.4183	117.911	817.486	-75655.8	-64168.9	15032.8	153.505	346.547	0	-2.20E-05	3.15E-07	-9.07E-06	-1.11E-05
397	14	-33.4826	118.285	818.023	-75720.5	-64226.8	15061.5	153.485	346.565	0	-2.20E-05	3.15E-07	-9.07E-06	-1.11E-05
397	15	-33.5693	118.811	818.293	-75805	-64218.1	15098	153.522	346.638	0	-1.95E-05	3.33E-07	3.76E-06	-1.25E-05
397	16	-33.656	119.337	818.563	-75889.6	-64209.5	15134.4	153.558	346.711	0	-1.95E-05	3.33E-07	3.76E-06	-1.25E-05
397	17	-33.6453	119.831	818.646	-75961.8	-64240.9	15163	153.528	346.79	0	-1.83E-05	1.63E-06	1.82E-05	-1.42E-05
397	18	-33.6345	120.326	818.729	-76034.1	-64272.4	15191.7	153.497	346.868	0	-1.86E-05	2.81E-06	1.25E-05	-1.49E-05
397	19	-33.6667	120.707	818.703	-76078.9	-64329.6	15219.2	153.425	346.926	0	-1.86E-05	2.81E-06	1.25E-05	-1.49E-05
398	0	-33.6988	121.088	818.677	-76123.8	-64386.9	15246.7	153.353	346.984	0	-1.81E-05	4.72E-06	-5.31E-06	-1.45E-05
398	1	-33.7577	121.446	819.131	-76168.1	-64410.9	15262.1	153.367	346.986	0	-1.81E-05	4.72E-06	-5.31E-06	-1.45E-05
398	2	-33.8165	121.804	819.585	-76212.4	-64434.9	15277.5	153.381	346.989	0	-1.65E-05	3.63E-06	-1.04E-05	-1.59E-05
398	3	-33.8419	122.281	819.396	-76268.4	-64425.1	15318.9	153.375	347.079	0	-1.65E-05	3.63E-06	-1.04E-05	-1.59E-05
398	4	-33.8672	122.757	819.206	-76324.4	-64415.3	15360.4	153.369	347.169	0	-1.73E-05	3.19E-06	-7.09E-06	-1.54E-05
398	5	-33.9165	123.177	818.994	-76384.3	-64445.4	15394.7	153.312	347.266	0	-1.73E-05	3.19E-06	-7.09E-06	-1.54E-05
398	6	-33.9657	123.597	818.781	-76444.2	-64475.4	15429.1	153.254	347.363	0	-2.22E-05	3.23E-06	-8.93E-06	-1.34E-05
398	7	-33.9975	124.056	818.479	-76507.3	-64510.5	15458.2	153.182	347.475	0	-2.38E-05	3.67E-06	-1.15E-05	-1.23E-05
398	8	-34.0293	124.516	818.176	-76570.5	-64545.7	15487.4	153.11	347.587	0	-2.38E-05	3.67E-06	-1.15E-05	-1.23E-05
398	9	-34.1255	124.986	818.391	-76604.9	-64575	15501	153.095	347.604	0	-2.48E-05	4.72E-06	-1.15E-05	-1.23E-05
398	10	-34.2217	125.457	818.605	-76639.4	-64604.3	15514.7	153.08	347.622	0	-2.48E-05	4.72E-06	-1.15E-05	-1.23E-05
398	11	-34.2658	125.824	818.787	-76661.5	-64572.9	15528.2	153.136	347.628	0	-2.33E-05	4.74E-06	-1.33E-05	-1.28E-05
398	12	-34.3099	126.191	818.969	-76683.7	-64541.5	15541.7	153.192	347.634	0	-2.33E-05	4.74E-06	-1.33E-05	-1.28E-05
398	13	-34.1997	126.451	818.666	-76763.2	-64574.2	15571.8	153.123	347.766	0	-2.08E-05	4.03E-06	-1.48E-05	-1.23E-05
398	14	-34.0895	126.711	818.364	-76842.7	-64606.9	15602	153.054	347.898	0	-2.08E-05	4.03E-06	-1.48E-05	-1.23E-05
398	15	-34.1237	127.138	817.973	-76861.4	-64630.9	15622.6	152.986	347.966	0	-1.95E-05	5.45E-06	-1.32E-05	-1.26E-05
398	16	-34.1578	127.565	817.583	-76880.2	-64654.9	15643.3	152.919	348.034	0	-1.78E-05	7.30E-06	-1.01E-05	-1.29E-05
398	17	-34.23	127.969	817.588	-76893.9	-64671.9	15656.7	152.899	348.05	0	-1.78E-05	7.30E-06	-1.01E-05	-1.29E-05
398	18	-34.3022	128.373	817.594	-76907.6	-64688.9	15670.1	152.879	348.066	0	-1.46E-05	7.99E-06	-6.30E-06	-1.29E-05
398	19	-34.2249	128.717	817.469	-76946	-64677.1	15684.1	152.881	348.127	0	-1.46E-05	7.99E-06	-6.30E-06	-1.29E-05
399	0	-34.1476	129.06	817.343	-76984.5	-64665.3	15698.1	152.884	348.189	0	-7.96E-06	8.67E-06	-2.43E-06	-1.31E-05
399	1	-34.1751	129.451	817.375	-77009.8	-64630.2	15720.7	152.93	348.216	0	-7.96E-06	8.67E-06	-2.43E-06	-1.31E-05
399	2	-34.2026	129.842	817.406	-77035.2	-64595	15743.4	152.976	348.243	0	-5.11E-06	8.27E-06	-5.02E-06	-1.33E-05
399	3	-34.1901	130.099	816.989	-77046.3	-64570.9	15757.7	152.965	348.305	0	-5.11E-06	8.27E-06	-5.02E-06	-1.33E-05
399	4	-34.1777	130.357	816.572	-77057.3	-64546.9	15772	152.954	348.367	0	-7.48E-06	8.44E-06	-1.07E-05	-1.41E-05
399	5	-34.1064	130.766	816.145	-77067.7	-64581.4	15793.1	152.87	348.429	0	-1.25E-05	7.51E-06	-8.81E-06	-1.55E-05
399	6	-34.0351	131.175	815.719	-77078.1	-64616	15814.1	152.786	348.491	0	-1.25E-05	7.51E-06	-8.81E-06	-1.55E-05
399	7	-33.9798	131.563	815.687	-77078.1	-64589.2	15820.2	152.816	348.495	0	-1.82E-05	7.46E-06	-8.33E-06	-1.45E-05
399	8	-33.9244	131.951	815.656	-77078.1	-64562.5	15826.3	152.846	348.498	0	-1.82E-05	7.46E-06	-8.33E-06	-1.45E-05
399	9	-33.8323	132.227	815.208	-77084	-64548.2	15833.6	152.82	348.557	0	-1.98E-05	9.19E-06	-8.75E-06	-1.38E-05
399	10	-33.7402	132.503	814.76	-77089.9	-64533.9	15840.8	152.794	348.617	0	-1.98E-05	9.19E-06	-8.75E-06	-1.38E-05
399	11	-33.652	132.921	814.104	-77131.5	-64541	15866.1	152.721	348.744	0	-1.94E-05	8.98E-06	-6.59E-06	-1.29E-05
399	12	-33.5638	133.339	813.448	-77173.2	-64548.2	15891.3	152.649	348.872	0	-1.94E-05	8.98E-06	-6.59E-06	-1.29E-05
399	13	-33.4775	133.672	813.052	-77155.6	-64522.1	15904.6	152.642	348.896	0	-1.88E-05	9.36E-06	-7.42E-06	-1.15E-05
399	14	-33.3913	134.005	812.656	-77138	-64496.1	15918	152.635	348.921	0	-1.79E-05	7.23E-06	-1.16E-05	-1.09E-05
399	15	-33.4043	134.32	812.385	-77147.1	-64487.6	15916.8	152.619	348.964	0	-1.79E-05	7.23E-06	-1.16E-05	-1.09E-05
399	16	-33.4173	134.635	812.115	-77156.3	-64479.2	15915.7	152.603	349.007	0	-1.90E-05	1.69E-06	-1.36E-05	-1.09E-05
399	17	-33.363	134.993	811.422	-77166	-64467.5	15932	152.55	349.1	0	-1.90E-05	1.69E-06	-1.36E-05	-1.09E-05
399	18	-33.3086	135.352	810.729	-77175.8	-64455.7	15948.2	152.497	349.193	0	-2.23E-05	-4.46E-06	-1.08E-05	-1.11E-05
399	19	-33.1787	135.702	810.302	-77153	-64434.3	15983.7	152.481	349.215	0	-2.23E-05	-4.46E-06	-1.08E-05	-1.11E-05
400	0	-33.0489	136.052	809.875	-77130.2	-64412.8	16019.2	152.466	349.237	0	-2.50E-05	-5.88E-06	-7.46E-06	-1.22E-05
400	1	-32.9392	136.346	808.98	-77078.2	-64396.5	16026.4	152.398	349.278	0	-2.50E-05	-5.88E-06	-7.46E-06	-1.22E-05
400	2	-32.8295	136.64	808.084	-77026.1	-64380.2	16033.5	152.33	349.319	0	-2.75E-05	-1.92E-06	-9.62E-06	-1.19E-05
400	3	-32.6902	137.004	807.594	-76993.5	-64327.5	16017.6	152.347	349.337	0	-2.75E-05	1.50E-06	-1.17E-05	-1.18E-05
400	4	-32.5509	137.367	807.104	-76961	-64274.8	16001.6	152.364	349.354	0	-2.75E-05	1.50E-06	-1.17E-05	-1.18E-05
400	5	-32.421	137.746	806.297	-76951.2	-64223.4	16012.9	152.348	349.438	0	-2.77E-05	4.29E-06	-5.78E-06	-1.05E-05
400	6	-32.2911	138.125	805.491	-76941.4	-64171.9	16024.2	152.332	349.521	0	-2.77E-05	4.29E-06	-5.78E-06	-1.05E-05
400	7	-32.2218	138.446	804.803	-76917.4	-64129.6	16036	152.316	349.573	0	-2.75E-05	7.45E-06	-3.45E-06	-9.44E-06
400	8	-32.1524	138.768	804.115	-76893.3	-64087.3	16047.8	152.301	349.625	0	-2.75E-05	7.45E-06	-3.45E-06	-9.44E-06
400	9	-32.0154	139.079	803.475	-76860.1	-64054.8	16055.5	152.278	349.66	0	-2.59E-05	7.68E-06	-1.82E-05	-8.60E-06
400	10	-31.8785	139.39	802.834	-76826.9	-64022.2	16063.1	152.255	349.695	0	-2.59E-05	7.68E-06	-1.82E-05	-8.60E-06
400	11	-31.7543	139.631	801.632	-76772.9	-63993.5	16068.8	152.171	349.771	0	-2.49E-05	6.52E-06	-2.27E-05	-8.98E-06
400	12	-31.63	139.872	800.429	-76718.9	-63964.9	16074.5	152.087	349.847	0	-2.57E-05	8.71E-06	-1.02E-05	-9.65E-06
400	13	-31.4321	140.122	799.585	-76645.3	-63930.4	16074.9	152.046	349.856	0	-2.57E-05	8.71E-06	-1.02E-05	-9.65E-06
400	14	-31.2341	140.372	798.741	-76571.8	-63895.9	16075.2	152.004	349.866	0	-2.59E-05	8.37E-06	-5.40E-06	-1.04E-05
400	15	-31.0441	140.69	798.204	-76548.3	-63847.1	16063.3	152.012	349.901	0	-2.59E-05	8.37E-06	-5.40E-06	-1.04E-05
400	16	-30.8541	141.007	797.668	-76524.7	-63798.3	16051.5	152.019	349.936	0	-2.79E-05	7.13E-06	-9.19E-06	-1.14E-05
400	17	-30.7093	141.316	796.835	-76484.5	-63755.3	16056.8	151.989	349.985	0	-2.79E-05	7.13E-06	-9.19E-06	-1.14E-05
400	18	-30.5644	141.624	796.002	-76444.2	-63712.3	16062.1	151.96	350.035	0	-2.97E-05	7.91E-06	-8.34E-06	-1.12E-05
400	19	-30.3525	141.904	795.195	-76401.2	-63663.5	16082.3	151.94	350.079	0	-2.97E-05	7.91E-06	-8.34E-06	-1.12E-05
401	0	-30.1405	142.184	794.387	-76358.2	-63614.7	16102.5	151.92	350.122	0	-2.95E-05	9.46E-06	-4.47E-06	-1.08E-05
401	1	-29.9635	142.455	793.19	-76262.6	-63602.3	16101.1	151.815	350.147	0	-2.71E-05	1.09E-05	-5.99E-06	-9.71E-06
401	2	-29.7865	142.726	791.993	-76167	-63589.8	16099.6	151.709	350.171	0	-2.71E-05	1.09E-05	-5.99E-06	-9.71E-06
401	3	-29.5741	142.92	790.909	-76051.7	-63534.3	16085.5	151.669	350.157	0	-2.23E-05	9.28E-06	-1.20E-05	-9.53E-06
401	4	-29.3617	143.114	789.825	-75936.5	-63478.8	16071.3	151.629	350.143	0	-2.23E-05	9.28E-06	-1.20E-05	-9.53E-06
401	5	-29.0969	143.377	788.982	-75877.8	-63419.5	16072	151.619	350.172	0	-1.93E-05	6.89E-06	-1.46E-05	-9.38E-06
401	6	-28.8322	143.64	788.138	-75819.1	-63360.2	16072.6	151.608	350.2	0	-1.93E-05	6.89E-06	-1.46E-05	-9.38E-06
401	7	-28.695	143.943	787.263	-75759.9	-63306.8	16087	151.586	350.232	0	-1.65E-05	4.33E-06	-1.09E-05	-1.06E-05
401	8	-28.5578	144.247	786.388	-75700.7	-63253.4	16101.5	151.565	350.264	0	-1.65E-05	4.33E-06	-1.09E-05	-1.06E-05
401	9	-28.2479	144.572	785.305	-75576.5	-63238.7	16100.9	151.472	350.238	0	-1.24E-05	3.31E-06	-8.85E-06	-1.17E-05
401	10	-27.9381	144.897	784.222	-75452.3	-63223.9	16100.3	151.38	350.213	0	-1.32E-05	6.84E-06	-9.55E-06	-1.25E-05
401	11	-27.3865	145.011	782.385	-75347.3	-63140.5	16051.9	151.297	350.305	0	-1.32E-05	6.84E-06	-9.55E-06	-1.25E-05
401	12	-26.8349	145.125	780.548	-75242.4	-63057	16003.5	151.214	350.397	0	-1.41E-05	8.67E-06	-8.00E-06	-1.22E-05
401	13	-26.0869	144.967	778.938	-75139.6	-62939.8	15938.2	151.198	350.464	0	-1.41E-05	8.67E-06	-8.00E-06	-1.22E-05
401	14	-25.3389	144.808	777.327	-75036.8	-62822.6	15872.9	151.181	350.532	0	-1.57E-05	6.70E-06	-6.48E-06	-1.15E-05
401	15	-24.9125	144.843	775.739	-74858.6	-62817.2	15866	151.023	350.5	0	-1.57E-05	6.70E-06	-6.48E-06	-1.15E-05
401	16	-24.4861	144.877	774.152	-74680.4	-62811.7	15859	150.864	350.467	0	-1.87E-05	3.82E-06	-7.18E-06	-1.08E-05
401	17	-24.5139	145.498	773.275	-74566.9	-62771.2	15856.5	150.824	350.43	0	-1.87E-05	3.82E-06	-7.18E-06	-1.08E-05
401	18	-24.5417	146.119	772.397	-74453.4	-62730.8	15854.1	150.784	350.393	0	-2.06E-05	9.07E-07	-6.92E-06	-1.04E-05
401	19	-24.6238	146.635	771.467	-74422.7	-62610.8	15864.1	150.842	350.469	0	-2.05E-05	-9.04E-07	-7.67E-06	-1.04E-05
402	0	-24.7059	147.15	770.536	-74392	-62490.8	15874.1	150.9	350.546	0	-2.05E-05	-9.04E-07	-7.67E-06	-1.04E-05
402	1	-24.6924	147.11	769.603	-74247.2	-62441.4	15928.5	150.865	350.475	0	-2.21E-05	3.84E-08	-1.09E-05	-1.14E-05
402	2	-24.6789	147.071	768.67	-74102.4	-62392	15983	150.831	350.403	0	-2.21E-05	3.84E-08	-1.09E-05	-1.14E-05
402	3	-24.6328	146.962	767.442	-73927.8	-62355.9	15985	150.748	350.33	0	-2.23E-05	1.55E-06	-1.07E-05	-1.09E-05
402	4	-24.5868	146.852	766.214	-73753.3	-62319.9	15987.1	150.665	350.257	0	-2.23E-05	1.55E-06	-1.07E-05	-1.09E-05
402	5	-24.1924	147.363	764.767	-73699.5	-62222.7	15987.6	150.638	350.369	0	-1.68E-05	1.68E-06	-9.77E-06	-1.06E-05
402	6	-23.7981	147.874	763.319	-73645.8	-62125.5	15988	150.611	350.481	0	-1.68E-05	1.68E-06	-9.77E-06	-1.06E-05
402	7	-23.3813	148.397	761.637	-73520.6	-62043.1	15945.1	150.54	350.53	0	-1.47E-05	5.86E-07	-1.13E-05	-1.09E-05
402	8	-22.9644	148.92	759.956	-73395.4	-61960.6	15902.2	150.468	350.578	0	-1.70E-05	1.34E-06	-1.13E-05	-1.13E-05
402	9	-22.7609	149.094	758.274	-73220.9	-61853.6	15847.1	150.428	350.563	0	-1.70E-05	1.34E-06	-1.13E-05	-1.13E-05
402	10	-22.5573	149.268	756.591	-73046.4	-61746.7	15792	150.388	350.547	0	-2.13E-05	2.52E-06	-9.67E-06	-1.30E-05
402	11	-22.2701	149.301	754.904	-72890.1	-61676.8	15826.7	150.298	350.556	0	-2.13E-05	2.52E-06	-9.67E-06	-1.30E-05
402	12	-21.9829	149.333	753.217	-72733.8	-61607	15861.4	150.208	350.564	0	-2.61E-05	2.93E-06	-1.02E-05	-1.38E-05
402	13	-21.5762	149.364	751.571	-72588.6	-61490.4	15871.2	150.184	350.583	0	-2.61E-05	2.93E-06	-1.02E-05	-1.38E-05
402	14	-21.1695	149.396	749.925	-72443.5	-61373.9	15881	150.16	350.601	0	-2.65E-05	6.27E-06	-8.77E-06	-1.31E-05
402	15	-20.8146	149.725	748.056	-72245.1	-61301.6	15851.5	150.052	350.577	0	-2.65E-05	6.27E-06	-8.77E-06	-1.31E-05
402	16	-20.4597	150.055	746.188	-72046.8	-61229.3	15822.1	149.944	350.553	0	-2.30E-05	9.15E-06	-8.47E-06	-1.30E-05
402	17	-20.3078	150.35	744.738	-71861.8	-61151.1	15795.6	149.889	350.493	0	-2.29E-05	9.57E-06	-1.44E-05	-1.38E-05
402	18	-20.156	150.645	743.288	-71676.7	-61072.8	15769.2	149.834	350.432	0	-2.29E-05	9.57E-06	-1.44E-05	-1.38E-05
402	19	-19.8184	150.876	741.39	-71532.1	-60926.2	15781.2	149.822	350.484	0	-2.53E-05	8.04E-06	-2.83E-05	-1.48E-05
403	0	-19.4809	151.108	739.492	-71387.5	-60779.6	15793.3	149.809	350.536	0	-2.53E-05	8.04E-06	-2.83E-05	-1.48E-05
403	1	-19.1996	151.204	737.413	-71233.3	-60637.3	15781.3	149.77	350.599	0	-2.69E-05	5.21E-06	-3.08E-05	-1.34E-05
403	2	-18.9184	151.299	735.334	-71079.1	-60494.9	15769.4	149.731	350.662	0	-2.69E-05	5.21E-06	-3.08E-05	-1.34E-05
403	3	-18.7517	151.563	733.412	-70913.7	-60463.2	15736.5	149.559	350.69	0	-2.65E-05	3.14E-06	-1.81E-05	-1.23E-05
403	4	-18.5849	151.826	731.491	-70748.4	-60431.5	15703.6	149.386	350.718	0	-2.65E-05	3.14E-06	-1.81E-05	-1.23E-05
403	5	-18.2774	151.997	729.839	-70590.2	-60281.3	15674.8	149.405	350.72	0	-2.73E-05	5.29E-06	-9.68E-06	-1.21E-05
403	6	-17.9698	152.169	728.187	-70431.9	-60131	15646	149.424	350.722	0	-2.77E-05	5.57E-06	-7.60E-06	-1.13E-05
403	7	-17.617	152.187	726.417	-70254.4	-59981.9	15656.6	149.428	350.714	0	-2.77E-05	5.57E-06	-7.60E-06	-1.13E-05
403	8	-17.2642	152.206	724.647	-70076.7	-59832.7	15667.1	149.432	350.705	0	-2.47E-05	3.17E-06	-2.69E-06	-1.17E-05
403	9	-16.9842	152.246	722.446	-69818.6	-59757.1	15681.4	149.285	350.642	0	-2.47E-05	3.17E-06	-2.69E-06	-1.17E-05
403	10	-16.7041	152.286	720.245	-69560.5	-59681.4	15695.8	149.137	350.579	0	-2.16E-05	1.93E-06	1.11E-05	-1.22E-05
403	11	-16.3962	152.276	718.145	-69351.8	-59569	15637.7	149.051	350.571	0	-2.16E-05	1.93E-06	1.11E-05	-1.22E-05
403	12	-16.0882	152.266	716.045	-69143.1	-59456.7	15579.7	148.965	350.563	0	-1.60E-05	2.58E-06	2.31E-05	-1.02E-05
403	13	-15.7654	152.382	714.117	-68971.9	-59321.9	15536	148.93	350.583	0	-1.60E-05	2.58E-06	2.31E-05	-1.02E-05
403	14	-15.4426	152.499	712.19	-68800.7	-59187.1	15492.3	148.894	350.604	0	-1.09E-05	2.71E-06	1.16E-05	-9.23E-06
403	15	-15.2019	152.669	710.181	-68595.8	-59036.8	15487.9	148.871	350.589	0	-8.06E-06	-1.98E-07	-4.14E-06	-1.06E-05
403	16	-14.9612	152.84	708.171	-68390.9	-58886.6	15483.5	148.847	350.574	0	-8.06E-06	-1.98E-07	-4.14E-06	-1.06E-05
403	17	-14.6249	152.872	706.036	-68165	-58753.3	15439.7	148.784	350.546	0	-6.04E-06	-5.95E-06	1.62E-07	-1.16E-05
403	18	-14.2886	152.904	703.901	-67939.2	-58620	15395.8	148.721	350.518	0	-6.04E-06	-5.95E-06	1.62E-07	-1.16E-05
403	19	-13.8973	152.769	701.543	-67723.6	-58475.3	15389	148.648	350.535	0	-9.36E-06	-1.14E-05	1.28E-06	-1.21E-05
404	0	-13.506	152.634	699.185	-67508.1	-58330.6	15382.1	148.573	350.553	0	-9.36E-06	-1.14E-05	1.28E-06	-1.21E-05
404	1	-13.2274	152.6	697.229	-67322.4	-58207.7	15330.1	148.516	350.557	0	-1.72E-05	-1.20E-05	-8.71E-06	-1.45E-05
404	2	-12.9488	152.565	695.274	-67136.8	-58084.8	15278	148.458	350.562	0	-1.72E-05	-1.20E-05	-8.71E-06	-1.45E-05
404	3	-12.7396	152.711	692.659	-66916.4	-57934.7	15252.3	148.359	350.608	0	-2.36E-05	-7.80E-06	-1.75E-05	-1.59E-05
404	4	-12.5304	152.858	690.045	-66695.9	-57784.6	15226.5	148.26	350.654	0	-2.25E-05	2.31E-06	-2.17E-05	-1.58E-05
404	5	-12.2237	152.92	688.055	-66450.5	-57610.4	15210.4	148.271	350.577	0	-2.25E-05	2.31E-06	-2.17E-05	-1.58E-05
404	6	-11.917	152.982	686.064	-66205.1	-57436.3	15194.2	148.281	350.5	0	-1.89E-05	1.06E-05	-2.06E-05	-1.47E-05
404	7	-11.4208	152.961	683.312	-65988.8	-57302.3	15142.1	148.14	350.572	0	-1.89E-05	1.06E-05	-2.06E-05	-1.47E-05
404	8	-10.9246	152.94	680.56	-65772.5	-57168.3	15089.9	147.998	350.645	0	-1.70E-05	1.14E-05	-1.15E-05	-1.28E-05
404	9	-10.6442	153.123	678.039	-65493.7	-56997.4	15057.8	147.938	350.593	0	-1.70E-05	1.14E-05	-1.15E-05	-1.28E-05
404	10	-10.3638	153.305	675.518	-65214.9	-56826.6	15025.7	147.877	350.541	0	-1.38E-05	1.02E-05	-1.02E-05	-1.23E-05
404	11	-10.0802	153.356	673.434	-64944.4	-56655.5	14997.9	147.871	350.438	0	-1.38E-05	1.02E-05	-1.02E-05	-1.23E-05
404	12	-9.79666	153.407	671.351	-64674	-56484.4	14970.2	147.865	350.334	0	-1.56E-05	8.85E-06	-2.13E-05	-1.34E-05
404	13	-9.39275	153.321	668.554	-64429.2	-56280.9	14937.4	147.817	350.371	0	-1.77E-05	8.68E-06	-1.77E-05	-1.21E-05
404	14	-8.98883	153.235	665.756	-64184.4	-56077.5	14904.6	147.769	350.408	0	-1.77E-05	8.68E-06	-1.77E-05	-1.21E-05
404	15	-8.74208	153.121	663.252	-63931.2	-55915.3	14865.4	147.695	350.391	0	-1.73E-05	9.90E-06	-9.44E-06	-1.15E-05
404	16	-8.49533	153.006	660.748	-63678	-55753.1	14826.2	147.621	350.373	0	-1.73E-05	9.90E-06	-9.44E-06	-1.15E-05
404	17	-8.12821	152.977	657.863	-63421.5	-55595.7	14798.7	147.49	350.405	0	-2.01E-05	1.25E-05	1.52E-06	-1.36E-05
404	18	-7.76108	152.948	654.977	-63165.1	-55438.4	14771.2	147.358	350.439	0	-2.01E-05	1.25E-05	1.52E-06	-1.36E-05
404	19	-7.43708	153.068	652.1	-62877.5	-55238.7	14733.5	147.291	350.423	0	-2.28E-05	1.42E-05	4.21E-06	-1.31E-05
405	0	-7.11309	153.189	649.222	-62590	-55039.1	14695.7	147.223	350.408	0	-2.28E-05	1.42E-05	4.21E-06	-1.31E-05
405	1	-6.64309	153.169	646.463	-62334.2	-54833.6	14640.1	147.179	350.423	0	-2.12E-05	1.57E-05	-3.35E-06	-1.22E-05
405	2	-6.17308	153.15	643.703	-62078.3	-54628.2	14584.5	147.135	350.439	0	-1.82E-05	1.32E-05	-6.88E-06	-1.17E-05
405	3	-5.87397	152.955	640.896	-61748	-54421.9	14553.7	147.085	350.346	0	-1.82E-05	1.32E-05	-6.88E-06	-1.17E-05
405	4	-5.57487	152.76	638.089	-61417.7	-54215.5	14522.9	147.035	350.253	0	-1.69E-05	9.95E-06	-7.32E-06	-1.30E-05
405	5	-5.25388	152.588	635.287	-61151.9	-54000.7	14459.9	146.998	350.259	0	-1.69E-05	9.95E-06	-7.32E-06	-1.30E-05
405	6	-4.9329	152.415	632.485	-60886.1	-53786	14396.8	146.961	350.265	0	-1.47E-05	7.64E-06	-1.24E-05	-1.37E-05
405	7	-4.48412	152.213	629.823	-60652.6	-53604.4	14360.4	146.89	350.301	0	-1.47E-05	7.64E-06	-1.24E-05	-1.37E-05
405	8	-4.03533	152.01	627.161	-60419.1	-53422.8	14324	146.818	350.337	0	-1.34E-05	5.85E-06	-2.80E-05	-1.35E-05
405	9	-3.67008	151.804	624.071	-60077.7	-53173.8	14286.2	146.795	350.267	0	-1.34E-05	5.85E-06	-2.80E-05	-1.35E-05
405	10	-3.30482	151.598	620.982	-59736.4	-52924.8	14248.4	146.772	350.197	0	-1.65E-05	5.85E-06	-3.94E-05	-1.53E-05
405	11	-2.94669	151.619	617.948	-59457.2	-52712	14197	146.698	350.217	0	-2.24E-05	7.15E-06	-3.86E-05	-1.55E-05
405	12	-2.58856	151.639	614.915	-59178.1	-52499.2	14145.5	146.624	350.238	0	-2.24E-05	7.15E-06	-3.86E-05	-1.55E-05
405	13	-2.14649	151.543	611.534	-58867.6	-52280.8	14073.1	146.509	350.262	0	-2.54E-05	8.92E-06	-3.05E-05	-1.49E-05
405	14	-1.70441	151.448	608.153	-58557.1	-52062.4	14000.7	146.393	350.287	0	-2.54E-05	8.92E-06	-3.05E-05	-1.49E-05
405	15	-1.20352	151.252	604.895	-58223.6	-51826.7	13941.4	146.321	350.254	0	-2.34E-05	7.02E-06	-1.26E-05	-1.49E-05
405	16	-0.702629	151.057	601.637	-57890.2	-51591	13882	146.249	350.221	0	-2.34E-05	7.02E-06	-1.26E-05	-1.49E-05
405	17	-0.369253	150.823	598.699	-57568.6	-51333.4	13820	146.258	350.156	0	-2.13E-05	4.47E-07	3.21E-06	-1.47E-05
405	18	-0.0358778	150.589	595.76	-57247	-51075.9	13758.1	146.268	350.091	0	-2.13E-05	4.47E-07	3.21E-06	-1.47E-05
405	19	0.372405	150.253	592.462	-56971.6	-50806	13685.4	146.246	350.161	0	-2.16E-05	-2.37E-06	1.40E-05	-1.50E-05
406	0	0.780689	149.918	589.164	-56696.2	-50536.2	13612.8	146.224	350.232	0	-2.68E-05	-2.29E-06	2.05E-05	-1.42E-05
406	1	1.19879	149.595	586	-56435.2	-50251.8	13536.5	146.246	350.306	0	-2.68E-05	-2.29E-06	2.05E-05	-1.42E-05
406	2	1.61689	149.272	582.836	-56174.2	-49967.5	13460.2	146.268	350.381	0	-3.47E-05	-4.44E-07	1.30E-05	-1.38E-05
406	3	2.01	148.951	579.2	-55785.9	-49682.6	13410.5	146.222	350.315	0	-3.47E-05	-4.44E-07	1.30E-05	-1.38E-05
406	4	2.40311	148.631	575.565	-55397.6	-49397.7	13360.9	146.175	350.249	0	-3.61E-05	1.55E-06	8.91E-07	-1.48E-05
406	5	2.86333	148.289	571.844	-55073	-49106.1	13288.2	146.127	350.308	0	-3.61E-05	1.55E-06	8.91E-07	-1.48E-05
406	6	3.32356	147.947	568.124	-54748.4	-48814.5	13215.5	146.078	350.367	0	-3.01E-05	4.20E-06	-3.34E-06	-1.19E-05
406	7	3.8171	147.671	564.406	-54437.6	-48548	13129.6	145.984	350.451	0	-3.01E-05	4.20E-06	-3.34E-06	-1.19E-05
406	8	4.31064	147.396	560.689	-54126.9	-48281.5	13043.6	145.889	350.536	0	-2.26E-05	4.09E-06	-2.61E-06	-9.82E-06
406	9	4.78871	146.892	556.96	-53791.3	-47993.8	12966.6	145.829	350.58	0	-1.99E-05	3.17E-06	-6.47E-06	-1.17E-05
406	10	5.26678	146.388	553.23	-53455.7	-47706	12889.5	145.768	350.625	0	-1.99E-05	3.17E-06	-6.47E-06	-1.17E-05
406	11	5.67378	145.979	549.466	-53045.3	-47338.1	12800.2	145.847	350.54	0	-2.20E-05	1.76E-06	-2.97E-06	-1.27E-05
406	12	6.08079	145.571	545.701	-52634.8	-46970.2	12710.9	145.927	350.454	0	-2.20E-05	1.76E-06	-2.97E-06	-1.27E-05
406	13	6.51809	145.06	541.853	-52249.6	-46667.6	12617.3	145.874	350.428	0	-2.20E-05	1.75E-06	5.32E-07	-1.35E-05
406	14	6.9554	144.549	538.005	-51864.3	-46365	12523.7	145.82	350.401	0	-2.20E-05	1.75E-06	5.32E-07	-1.35E-05
406	15	7.37899	144.138	534.017	-51515	-46033.4	12422.1	145.798	350.467	0	-2.34E-05	6.12E-06	-3.80E-06	-1.31E-05
406	16	7.80259	143.728	530.028	-51165.7	-45701.8	12320.5	145.775	350.534	0	-2.34E-05	6.12E-06	-3.80E-06	-1.31E-05
406	17	8.09482	143.2	525.92	-50794.8	-45318.8	12232.2	145.829	350.583	0	-2.65E-05	7.64E-06	-1.13E-05	-1.28E-05
406	18	8.38705	142.672	521.812	-50424	-44935.8	12143.9	145.885	350.633	0	-2.50E-05	5.61E-06	-1.63E-05	-1.31E-05
406	19	8.83585	141.891	517.842	-50080.6	-44579.4	12038.4	145.913	350.71	0	-2.50E-05	5.61E-06	-1.63E-05	-1.31E-05
407	0	9.28466	141.11	513.872	-49737.1	-44223	11933	145.942	350.789	0	-1.75E-05	3.57E-06	-1.76E-05	-1.32E-05
407	1	9.66112	140.261	509.577	-49393.9	-43880	11843.5	145.889	350.931	0	-1.75E-05	3.57E-06	-1.76E-05	-1.32E-05
407	2	10.0376	139.412	505.281	-49050.7	-43537	11754	145.836	351.076	0	-1.54E-05	2.62E-06	-1.77E-05	-1.23E-05
407	3	10.3536	138.68	501.001	-48696.6	-43190.3	11638.4	145.792	351.199	0	-1.54E-05	2.62E-06	-1.77E-05	-1.23E-05
407	4	10.6697	137.949	496.721	-48342.5	-42843.7	11522.8	145.747	351.323	0	-1.46E-05	2.14E-06	-1.62E-05	-1.11E-05
407	5	10.9558	137.233	492.804	-47986.7	-42504.5	11406.3	145.75	351.375	0	-1.46E-05	2.14E-06	-1.62E-05	-1.11E-05
407	6	11.2418	136.518	488.888	-47631	-42165.2	11289.8	145.753	351.427	0	-1.91E-05	2.16E-06	-9.13E-06	-8.61E-06
407	7	11.5473	135.663	484.749	-47263	-41803.2	11168.7	145.763	351.5	0	-2.52E-05	4.45E-06	-2.72E-07	-6.59E-06
407	8	11.8527	134.809	480.61	-46895	-41441.2	11047.6	145.774	351.574	0	-2.52E-05	4.45E-06	-2.72E-07	-6.59E-06
407	9	12.225	133.828	476.403	-46506.1	-41060.8	10933.9	145.811	351.619	0	-2.74E-05	4.52E-06	-1.24E-05	-6.76E-06
407	10	12.5974	132.847	472.197	-46117.3	-40680.3	10820.1	145.849	351.666	0	-2.74E-05	4.52E-06	-1.24E-05	-6.76E-06
407	11	13.0082	131.955	467.75	-45709.3	-40303.3	10696.6	145.836	351.722	0	-2.58E-05	6.33E-07	-2.43E-05	-6.02E-06
407	12	13.4191	131.063	463.303	-45301.3	-39926.4	10573.1	145.822	351.779	0	-2.58E-05	6.33E-07	-2.43E-05	-6.02E-06
407	13	13.8251	130.295	458.702	-44942.6	-39552.4	10455	145.773	351.978	0	-3.07E-05	-7.98E-07	-1.76E-05	-7.71E-06
407	14	14.2311	129.526	454.1	-44584	-39178.4	10337	145.723	352.181	0	-3.07E-05	-7.98E-07	-1.76E-05	-7.71E-06
407	15	14.5076	128.7	450.04	-44239.2	-38776	10187.9	145.839	352.3	0	-4.07E-05	-5.45E-07	-1.27E-05	-1.28E-05
407	16	14.7841	127.874	445.98	-43894.3	-38373.7	10038.8	145.956	352.422	0	-4.49E-05	-7.77E-07	-9.98E-06	-1.61E-05
407	17	15.1183	126.833	441.658	-43467.7	-38021.1	9908.22	145.913	352.419	0	-4.49E-05	-7.77E-07	-9.98E-06	-1.61E-05
407	18	15.4525	125.792	437.336	-43041.1	-37668.6	9777.61	145.868	352.417	0	-4.56E-05	2.63E-07	-2.47E-06	-1.90E-05
407	19	15.7592	124.605	432.678	-42640.7	-37280.4	9663.89	145.838	352.551	0	-4.56E-05	2.63E-07	-2.47E-06	-1.90E-05
408	0	16.0659	123.419	428.02	-42240.3	-36892.2	9550.16	145.807	352.688	0	-3.61E-05	4.99E-06	3.70E-06	-2.45E-05
408	1	16.3996	122.219	423.689	-41866.7	-36476.8	9411.43	145.907	352.815	0	-3.61E-05	4.99E-06	3.70E-06	-2.45E-05
408	2	16.7332	121.019	419.357	-41493.1	-36061.3	9272.71	146.008	352.945	0	-1.90E-05	8.16E-06	1.03E-06	-2.39E-05
408	3	16.852	119.826	414.612	-41110.4	-35706.3	9121.36	145.88	353.154	0	-1.90E-05	8.16E-06	1.03E-06	-2.39E-05
408	4	16.9709	118.633	409.866	-40727.7	-35351.2	8970.01	145.75	353.368	0	-2.76E-06	7.74E-06	-1.04E-05	-1.33E-05
408	5	17.1983	117.515	404.879	-40316.2	-34909.2	8839.33	145.779	353.576	0	1.35E-05	7.56E-06	-1.56E-05	-1.14E-05
408	6	17.4257	116.396	399.892	-39904.8	-34467.1	8708.66	145.809	353.789	0	1.35E-05	7.56E-06	-1.56E-05	-1.14E-05
408	7	17.8041	115.105	395.418	-39512.9	-34036.7	8571.42	145.922	353.927	0	2.09E-05	4.96E-06	-1.25E-05	-1.23E-05
408	8	18.1825	113.814	390.944	-39120.9	-33606.2	8434.18	146.038	354.068	0	2.09E-05	4.96E-06	-1.25E-05	-1.23E-05
408	9	18.4422	112.626	386.651	-38710.6	-33233.3	8296.48	146.048	354.118	0	6.36E-06	3.52E-06	-3.62E-05	-9.27E-06
408	10	18.7018	111.438	382.358	-38300.2	-32860.4	8158.78	146.059	354.168	0	6.36E-06	3.52E-06	-3.62E-05	-9.27E-06
408	11	19.0874	110.375	377.433	-37899.2	-32420.6	7990.1	146.103	354.413	0	-7.42E-06	5.79E-06	-7.04E-05	-1.22E-05
408	12	19.4729	109.311	372.508	-37498.2	-31980.8	7821.43	146.148	354.664	0	-7.42E-06	5.79E-06	-7.04E-05	-1.22E-05
408	13	19.8087	108.133	367.81	-37099.9	-31537.8	7672.47	146.255	354.867	0	-1.14E-05	5.29E-06	-6.88E-05	-1.43E-05
408	14	20.1444	106.956	363.111	-36701.7	-31094.9	7523.52	146.365	355.076	0	-1.20E-05	5.79E-06	-4.22E-05	-1.43E-05
408	15	20.4028	105.791	358.046	-36287.1	-30693.9	7379.7	146.274	355.348	0	-1.20E-05	5.79E-06	-4.22E-05	-1.43E-05
408	16	20.6612	104.627	352.982	-35872.6	-30293	7235.89	146.18	355.627	0	-1.09E-05	5.70E-06	-1.75E-05	-1.48E-05
408	17	20.8296	103.428	347.985	-35457.2	-29829.3	7099.49	146.28	355.893	0	-1.09E-05	5.70E-06	-1.75E-05	-1.48E-05
408	18	20.998	102.228	342.989	-35041.8	-29365.5	6963.09	146.383	356.166	0	-1.67E-05	9.48E-06	1.30E-05	-1.30E-05
408	19	21.1315	100.861	338.257	-34645.5	-28922	6822.38	146.497	356.424	0	-1.67E-05	9.48E-06	1.30E-05	-1.30E-05
409	0	21.265	99.4947	333.525	-34249.2	-28478.4	6681.68	146.614	356.689	0	-2.51E-05	1.15E-05	5.77E-05	-9.24E-06
409	1	21.5104	98.0227	328.776	-33837.7	-28046.4	6549.51	146.694	356.92	0	-2.51E-05	1.15E-05	5.77E-05	-9.24E-06
409	2	21.7558	96.5507	324.027	-33426.3	-27614.4	6417.34	146.777	357.159	0	-3.08E-05	1.34E-05	7.39E-05	-5.60E-06
409	3	22.0281	95.119	319.13	-32986.4	-27206.6	6272.27	146.748	357.363	0	-3.06E-05	1.36E-05	2.51E-05	-4.95E-06
409	4	22.3004	93.6874	314.234	-32546.5	-26798.8	6127.19	146.717	357.574	0	-3.06E-05	1.36E-05	2.51E-05	-4.95E-06
409	5	22.4556	92.4697	308.919	-32112.5	-26375.6	5962.37	146.619	357.951	0	-2.29E-05	8.15E-06	-5.06E-06	-5.68E-06
409	6	22.6109	91.252	303.603	-31678.4	-25952.4	5797.54	146.519	358.342	0	-2.29E-05	8.15E-06	-5.06E-06	-5.68E-06
409	7	22.6503	89.9477	298.931	-31273.5	-25491.7	5643.17	146.724	358.618	0	-2.69E-05	2.54E-06	-1.26E-05	-7.23E-06
409	8	22.6897	88.6433	294.259	-30868.6	-25031	5488.8	146.935	358.903	0	-2.69E-05	2.54E-06	-1.26E-05	-7.23E-06
409	9	22.6971	87.2295	289.246	-30420.8	-24588.8	5356.62	146.99	359.173	0	-3.63E-05	5.22E-07	-2.15E-05	-1.11E-05
409	10	22.7046	85.8157	284.232	-29972.9	-24146.5	5224.44	147.046	359.452	0	-3.63E-05	5.22E-07	-2.15E-05	-1.11E-05
409	11	22.8921	84.4827	279.179	-29548.9	-23714.8	5102.67	147.055	359.842	0	-4.12E-05	2.20E-06	-1.55E-05	-1.20E-05
409	12	23.0795	83.1496	274.125	-29125	-23283.1	4980.9	147.064	360.247	0	-3.66E-05	4.89E-06	-3.07E-06	-1.02E-05
409	13	23.2684	81.7444	269.495	-28728.7	-22803.5	4828.7	147.384	360.602	0	-3.66E-05	4.89E-06	-3.07E-06	-1.02E-05
409	14	23.4572	80.3392	264.864	-28332.4	-22323.8	4676.5	147.716	360.969	0	-3.31E-05	6.52E-06	2.35E-06	-1.27E-05
409	15	23.5103	78.8867	260.239	-27884.1	-21888.6	4504.4	147.891	361.148	0	-3.31E-05	6.52E-06	2.35E-06	-1.27E-05
409	16	23.5633	77.4341	255.613	-27435.7	-21453.3	4332.31	148.071	361.333	0	-3.11E-05	8.34E-06	1.42E-06	-1.31E-05
409	17	23.6018	76.156	251.103	-27025.4	-21054.4	4188.12	148.153	361.627	0	-3.11E-05	8.34E-06	1.42E-06	-1.31E-05
409	18	23.6403	74.8778	246.594	-26615.1	-20655.5	4043.94	148.237	361.931	0	-2.35E-05	5.06E-06	3.75E-06	-1.20E-05
409	19	23.6661	73.6095	241.462	-26206.2	-20238.5	3923.88	148.184	362.531	0	-2.35E-05	5.06E-06	3.75E-06	-1.20E-05
410	0	23.6919	72.3411	236.33	-25797.3	-19821.4	3803.82	148.128	363.158	0	-1.42E-05	9.13E-07	6.62E-06	-1.26E-05
410	1	23.8349	70.7924	231.364	-25373.8	-19434.5	3658.99	148	363.671	0	-9.73E-06	-4.86E-06	-2.75E-06	-9.87E-06
410	2	23.9779	69.2438	226.397	-24950.3	-19047.6	3514.16	147.866	364.206	0	-9.73E-06	-4.86E-06	-2.75E-06	-9.87E-06
410	3	23.9041	67.6176	221.998	-24524.2	-18622.1	3351.11	148.116	364.47	0	-1.41E-05	-6.56E-06	-1.44E-05	-6.89E-06
410	4	23.8302	65.9915	217.598	-24098	-18196.5	3188.06	148.376	364.745	0	-1.41E-05	-6.56E-06	-1.44E-05	-6.89E-06
410	5	23.6856	64.5827	212.943	-23666.9	-17785.6	3055.89	148.477	365.142	0	-2.06E-05	-1.70E-06	-1.76E-05	-5.65E-06
410	6	23.541	63.1739	208.288	-23235.9	-17374.7	2923.72	148.583	365.557	0	-2.06E-05	-1.70E-06	-1.76E-05	-5.65E-06
410	7	23.3622	61.8385	203.293	-22879.7	-16965	2817.94	148.549	366.546	0	-2.34E-05	-8.58E-07	-1.76E-05	-1.51E-05
410	8	23.1834	60.503	198.298	-22523.5	-16555.4	2712.17	148.512	367.584	0	-2.34E-05	-8.58E-07	-1.76E-05	-1.51E-05
410	9	23.0818	58.8955	193.659	-22118.9	-16133.9	2595.66	148.689	368.215	0	-2.72E-05	-1.93E-06	-1.67E-05	-2.43E-05
410	10	22.9803	57.288	189.021	-21714.2	-15712.4	2479.16	148.875	368.878	0	-3.62E-05	4.94E-07	-1.19E-05	-1.33E-05
410	11	22.8228	55.7424	184.834	-21313	-15327.7	2340.48	149.073	369.309	0	-3.62E-05	4.94E-07	-1.19E-05	-1.33E-05
410	12	22.6653	54.1967	180.648	-20911.8	-14943	2201.79	149.281	369.76	0	-4.75E-05	5.70E-06	-8.43E-06	-6.92E-06
410	13	22.508	52.9345	176.112	-20531.8	-14585.7	2088.12	149.179	370.584	0	-4.75E-05	5.70E-06	-8.43E-06	-6.92E-06
410	14	22.3507	51.6722	171.576	-20151.9	-14228.5	1974.44	149.072	371.451	0	-5.18E-05	9.85E-06	-9.16E-06	-9.28E-06
410	15	22.0591	50.249	167.209	-19753.6	-13863	1886.13	149.092	372.137	0	-5.18E-05	9.85E-06	-9.16E-06	-9.28E-06
410	16	21.7674	48.8258	162.841	-19355.2	-13497.5	1797.83	149.113	372.86	0	-4.51E-05	1.45E-05	-1.43E-05	-7.51E-06
410	17	21.5231	47.3283	158.987	-18956.2	-13101.7	1693.43	149.593	373.232	0	-4.51E-05	1.45E-05	-1.43E-05	-7.51E-06
410	18	21.2788	45.8309	155.132	-18557.2	-12705.9	1589.03	150.096	373.622	0	-3.63E-05	1.53E-05	-2.94E-05	-1.06E-05
410	19	21.031	44.3505	150.956	-18168.3	-12341.5	1477.01	150.244	374.355	0	-2.59E-05	6.65E-06	-3.39E-05	-1.77E-05
411	0	20.7833	42.8702	146.779	-17779.3	-11977	1364.99	150.401	375.13	0	-2.59E-05	6.65E-06	-3.39E-05	-1.77E-05
411	1	20.5282	41.5619	142.533	-17394.6	-11631.7	1275.14	150.393	376.039	0	-2.48E-05	5.88E-06	-1.82E-05	-1.40E-05
411	2	20.2732	40.2536	138.287	-17009.8	-11286.3	1185.28	150.385	377.004	0	-2.48E-05	5.88E-06	-1.82E-05	-1.40E-05
411	3	19.9306	39.0247	134.194	-16619.1	-10964.4	1076.92	150.295	377.844	0	-2.31E-05	1.23E-05	2.39E-06	-1.74E-05
411	4	19.5879	37.7959	130.101	-16228.5	-10642.5	968.547	150.198	378.738	0	-2.31E-05	1.23E-05	2.39E-06	-1.74E-05
411	5	19.1471	36.5918	126.035	-15907.8	-10337.5	871.897	149.98	380.217	0	-1.72E-05	1.50E-05	1.48E-05	-2.90E-05
411	6	18.7062	35.3876	121.969	-15587	-10032.4	775.247	149.746	381.795	0	-1.72E-05	1.50E-05	1.48E-05	-2.90E-05
411	7	18.3293	33.9284	118.085	-15275.4	-9714.31	686.513	149.734	383.36	0	-1.94E-06	1.32E-05	1.54E-05	-1.96E-05
411	8	17.9523	32.4691	114.2	-14963.8	-9396.21	597.779	149.721	385.031	0	1.53E-05	1.27E-05	7.55E-06	-6.90E-06
411	9	17.5464	30.9578	110.943	-14616.5	-9057.33	540.443	150.361	385.748	0	1.53E-05	1.27E-05	7.55E-06	-6.90E-06
411	10	17.1406	29.4464	107.687	-14269.3	-8718.45	483.107	151.039	386.508	0	1.49E-05	1.27E-05	-4.68E-06	-6.33E-06
411	11	16.682	28.0579	104.055	-13927	-8371.1	406.218	151.551	387.843	0	1.49E-05	1.27E-05	-4.68E-06	-6.33E-06
411	12	16.2234	26.6693	100.423	-13584.7	-8023.75	329.329	152.1	389.275	0	1.13E-05	9.10E-06	-2.67E-05	-1.01E-05
411	13	15.8754	25.2988	96.9843	-13279.6	-7714.93	227.177	152.452	390.926	0	1.13E-05	9.10E-06	-2.67E-05	-1.01E-05
411	14	15.5274	23.9284	93.5459	-12974.6	-7406.12	125.025	152.829	392.698	0	3.09E-06	1.08E-05	-4.80E-05	-1.45E-05
411	15	15.1839	22.4781	90.0894	-12675.4	-7181.38	40.8528	152.286	394.698	0	3.09E-06	1.08E-05	-4.80E-05	-1.45E-05
411	16	14.8403	21.0278	86.6328	-12376.2	-6956.64	-43.3194	151.7	396.858	0	1.17E-06	1.18E-05	-4.17E-05	-1.59E-05
411	17	14.393	19.7079	83.6132	-12114.8	-6733.66	-125.443	151.467	398.89	0	1.82E-07	9.40E-06	-2.17E-05	-1.37E-05
411	18	13.9456	18.388	80.5936	-11853.4	-6510.67	-207.566	151.216	401.076	0	1.82E-07	9.40E-06	-2.17E-05	-1.37E-05
411	19	13.6821	17.1533	77.826	-11602	-6280.24	-282.667	151.304	403.077	0	-8.04E-06	8.33E-06	-1.76E-05	-1.11E-05
412	0	13.4185	15.9186	75.0583	-11350.7	-6049.81	-357.769	151.399	405.225	0	-8.04E-06	8.33E-06	-1.76E-05	-1.11E-05
412	1	13.064	14.639	72.4955	-11085.1	-5839.42	-432.637	151.451	406.907	0	-1.71E-05	8.69E-06	-1.72E-05	-2.01E-05
412	2	12.7095	13.3594	69.9326	-10819.4	-5629.02	-507.505	151.508	408.712	0	-1.71E-05	8.69E-06	-1.72E-05	-2.01E-05
412	3	12.3193	12.0419	67.4953	-10573.2	-5399.91	-582.616	151.996	410.651	0	-2.31E-05	5.50E-06	-1.76E-05	-2.33E-05
412	4	11.9292	10.7244	65.058	-10327	-5170.8	-657.726	152.52	412.735	0	-2.31E-05	5.50E-06	-1.76E-05	-2.33E-05
412	5	11.625	9.55027	62.6192	-10171.6	-4971.04	-724.499	152.615	416.436	0	-2.27E-05	1.37E-06	-1.71E-05	-1.97E-05
412	6	11.3207	8.37616	60.1803	-10016.2	-4771.29	-791.271	152.717	420.436	0	-2.15E-05	-7.56E-07	-1.77E-05	-1.14E-05
412	7	11.0546	7.29342	58.3958	-9793.08	-4596.06	-849.98	153.295	421.702	0	-2.15E-05	-7.56E-07	-1.77E-05	-1.14E-05
412	8	10.7884	6.21069	56.6112	-9569.99	-4420.84	-908.689	153.909	423.048	0	-2.61E-05	1.43E-07	-2.08E-05	2.09E-06
412	9	10.5316	5.15114	54.6927	-9362.56	-4299.11	-972.571	153.395	425.185	0	-2.61E-05	1.43E-07	-2.08E-05	2.09E-06
412	10	10.2747	4.09159	52.7742	-9155.13	-4177.39	-1036.45	152.844	427.477	0	-3.39E-05	2.37E-06	-1.89E-05	3.03E-06
412	11	9.94584	3.29604	50.8419	-9002.92	-4034.55	-1098.99	152.645	431.077	0	-3.39E-05	2.37E-06	-1.89E-05	3.03E-06
412	12	9.61695	2.50049	48.9096	-8850.7	-3891.71	-1161.52	152.431	434.96	0	-3.53E-05	3.26E-06	-1.33E-05	-3.43E-06
412	13	9.36731	1.65887	47.2225	-8711.57	-3744.83	-1238.51	152.698	438.479	0	-3.53E-05	3.26E-06	-1.33E-05	-3.43E-06
412	14	9.11768	0.817252	45.5353	-8572.42	-3597.95	-1315.5	152.986	442.259	0	-3.72E-05	9.47E-06	-7.36E-06	-7.88E-06
412	15	8.70637	-0.193071	44.3831	-8426.04	-3470.84	-1369.7	153.798	443.848	0	-3.76E-05	1.55E-05	2.56E-06	-1.07E-05
412	16	8.29507	-1.20339	43.2309	-8279.65	-3343.73	-1423.89	154.654	445.522	0	-3.76E-05	1.55E-05	2.56E-06	-1.07E-05
412	17	7.93255	-2.0892	42.0905	-8171.01	-3261.41	-1434.28	154.514	448.129	0	-3.32E-05	1.17E-05	1.23E-05	-1.36E-05
412	18	7.57003	-2.975	40.9502	-8062.36	-3179.09	-1444.67	154.367	450.882	0	-3.32E-05	1.17E-05	1.23E-05	-1.36E-05
412	19	7.26544	-3.60883	39.8034	-7989.22	-3125.24	-1464.07	153.483	454.717	0	-2.90E-05	8.13E-06	1.03E-05	-1.15E-05
413	0	6.96086	-4.24265	38.6566	-7916.08	-3071.39	-1483.48	152.547	458.78	0	-2.90E-05	8.13E-06	1.03E-05	-1.15E-05
413	1	6.68331	-4.86491	37.5724	-7799.03	-2952.54	-1501.45	153.417	461.574	0	-2.90E-05	1.23E-05	3.11E-06	-1.59E-05
413	2	6.40577	-5.48716	36.4882	-7681.98	-2833.69	-1519.42	154.339	464.534	0	-2.90E-05	1.23E-05	3.11E-06	-1.59E-05
413	3	6.18265	-5.9856	35.1082	-7532.6	-2756.77	-1541.07	153.478	468.554	0	-2.77E-05	1.24E-05	1.26E-07	-1.61E-05
413	4	5.95952	-6.48404	33.7282	-7383.22	-2679.84	-1562.71	152.546	472.904	0	-1.81E-05	1.37E-05	-5.41E-07	-1.68E-05
413	5	5.79569	-7.00166	32.6673	-7261.59	-2615.94	-1584.89	151.922	476.289	0	-1.81E-05	1.37E-05	-5.41E-07	-1.68E-05
413	6	5.63185	-7.51929	31.6065	-7139.95	-2552.04	-1607.06	151.256	479.902	0	-9.57E-06	1.26E-05	-3.02E-06	-1.19E-05
413	7	5.46249	-7.86694	31.031	-7031.94	-2467.08	-1608.86	152.496	480.61	0	-9.57E-06	1.26E-05	-3.02E-06	-1.19E-05
413	8	5.29314	-8.21458	30.4555	-6923.92	-2382.11	-1610.65	153.784	481.346	0	-1.05E-05	9.91E-06	-1.85E-06	-1.43E-06
413	9	5.16805	-8.56462	29.7091	-6809.12	-2342.69	-1626.08	153.146	483.193	0	-1.05E-05	9.91E-06	-1.85E-06	-1.43E-06
413	10	5.04295	-8.91467	28.9628	-6694.32	-2303.27	-1641.51	152.475	485.135	0	-1.85E-05	5.16E-06	-2.07E-06	1.02E-07
413	11	4.87411	-9.28203	28.3573	-6591.28	-2210.62	-1655.29	154.044	486.437	0	-1.85E-05	5.16E-06	-2.07E-06	1.02E-07
413	12	4.70526	-9.64939	27.7518	-6488.24	-2117.97	-1669.07	155.682	487.795	0	-2.81E-05	5.14E-06	-4.60E-06	-1.07E-05
413	13	4.66131	-9.86144	26.6527	-6396.82	-2066.88	-1695.43	154.451	494.007	0	-3.38E-05	6.66E-06	-1.13E-05	-1.56E-05
413	14	4.61736	-10.0735	25.5535	-6305.41	-2015.8	-1721.8	153.115	500.753	0	-3.38E-05	6.66E-06	-1.13E-05	-1.56E-05
413	15	4.58608	-10.4734	24.9963	-6189.39	-1922.99	-1724.08	155.069	501.612	0	-3.33E-05	3.51E-06	-1.14E-05	-1.03E-05
413	16	4.5548	-10.8733	24.4391	-6073.36	-1830.19	-1726.37	157.112	502.51	0	-3.33E-05	3.51E-06	-1.14E-05	-1.03E-05
413	17	4.36374	-11.1885	23.5235	-5992.68	-1763.76	-1739.24	157.021	508.753	0	-2.56E-05	5.51E-07	-2.34E-06	-1.31E-05
413	18	4.17268	-11.5037	22.6078	-5912	-1697.33	-1752.11	156.923	515.502	0	-2.56E-05	5.51E-07	-2.34E-06	-1.31E-05
413	19	2.77745	-7.76496	15.0518	-3971.85	-1138.77	-1182.41	156.344	517.878	0	-2.53E-05	-3.20E-06	-7.24E-06	-1.45E-05
414	0	1.38223	-4.02624	7.49585	-2031.7	-580.204	-612.713	154.597	525.043	0	-2.53E-05	-3.20E-06	-7.24E-06	-1.45E-05
414	1	0.691115	-2.01312	3.74793	-1015.85	-290.102	-306.357	154.597	525.043	0	-2.66E-05	-7.09E-06	-1.67E-05	-1.47E-05
414	2	0	0	0	0	0	0	232	254	0	-2.32E-05	-7.94E-06	-1.42E-05	-2.01E-05
414	3	0	0	0	0	0	0	232	254	0	-2.32E-05	-7.94E-06	-1.42E-05	-2.01E-05
414	4	0	0	0	0	0	0	232	254	0	-1.93E-05	-3.46E-06	-6.46E-06	-1.73E-05
414	5	0	0	0	0	0	0	232	254	0	-1.93E-05	-3.46E-06	-6.46E-06	-1.73E-05
414	6	0	0	0	0	0	0	232	254	0	-1.37E-05	-3.41E-06	-8.64E-06	-9.82E-06
414	7	0	0	0	0	0	0	232	254	0	-1.37E-05	-3.41E-06	-8.64E-06	-9.82E-06
414	8	0	0	0	0	0	0	232	254	0	-7.05E-06	-5.75E-06	-1.09E-05	-7.32E-06
414	9	0	0	0	0	0	0	232	254	0	-7.05E-06	-5.75E-06	-1.09E-05	-7.32E-06
414	10	0	0	0	0	0	0	232	254	0	-1.03E-05	-2.56E-06	-6.31E-06	-1.05E-05
414	11	0	0	0	0	0	0	232	254	0	-2.67E-05	-2.98E-06	-6.74E-06	-1.07E-05
414	12	0	0	0	0	0	0	232	254	0	-2.67E-05	-2.98E-06	-6.74E-06	-1.07E-05
414	13	0	0	0	0	0	0	232	254	0	-4.20E-05	-3.36E-06	-3.21E-06	-9.32E-06
414	14	0	0	0	0	0	0	232	254	0	-4.20E-05	-3.36E-06	-3.21E-06	-9.32E-06
414	15	0	0	0	0	0	0	232	254	0	-4.85E-05	4.79E-07	5.05E-06	-9.04E-06
414	16	0	0	0	0	0	0	232	254	0	-4.85E-05	4.79E-07	5.05E-06	-9.04E-06
414	17	0	0	0	0	0	0	232	254	0	-3.96E-05	2.50E-06	-5.37E-06	-1.17E-05
414	18	0	0	0	0	0	0	232	254	0	-3.96E-05	2.50E-06	-5.37E-06	-1.17E-05
414	19	0	0	0	0	0	0	232	254	0	-1.97E-05	9.68E-07	-2.16E-05	-1.53E-05
415	0	0	0	0	0	0	0	232	254	0	-5.69E-06	-2.96E-07	-2.74E-05	-1.77E-05
415	1	0	0	0	0	0	0	232	254	0	-5.69E-06	-2.96E-07	-2.74E-05	-1.77E-05
415	2	0	0	0	0	0	0	232	254	0	-6.78E-06	1.22E-06	-2.74E-05	-1.70E-05
415	3	0	0	0	0	0	0	232	254	0	-6.78E-06	1.22E-06	-2.74E-05	-1.70E-05
415	4	0	0	0	0	0	0	232	254	0	-1.67E-05	1.18E-06	-2.36E-05	-1.74E-05
415	5	0	0	0	0	0	0	232	254	0	-1.67E-05	1.18E-06	-2.36E-05	-1.74E-05
415	6	0	0	0	0	0	0	232	254	0	-2.42E-05	-1.26E-06	-1.63E-05	-1.78E-05
415	7	0	0	0	0	0	0	232	254	0	-2.42E-05	-1.26E-06	-1.63E-05	-1.78E-05
415	8	0	0	0	0	0	0	232	254	0	-2.23E-05	-1.80E-06	-1.16E-06	-1.64E-05
415	9	0	0	0	0	0	0	232	254	0	-1.70E-05	-1.28E-06	3.80E-06	-1.59E-05
415	10	0	0	0	0	0	0	232	254	0	-1.70E-05	-1.28E-06	3.80E-06	-1.59E-05
415	11	0	0	0	0	0	0	232	254	0	-1.29E-05	2.74E-07	3.54E-06	-1.27E-05
415	12	0	0	0	0	0	0	232	254	0	-1.29E-05	2.74E-07	3.54E-06	-1.27E-05
415	13	0	0	0	0	0	0	232	254	0	-1.55E-05	2.26E-07	-4.69E-06	-1.24E-05
415	14	0	0	0	0	0	0	232	254	0	-1.55E-05	2.26E-07	-4.69E-06	-1.24E-05
415	15	0	0	0	0	0	0	232	254	0	-1.87E-05	3.33E-06	-1.26E-05	-2.02E-05
415	16	0	0	0	0	0	0	232	254	0	-1.87E-05	3.33E-06	-1.26E-05	-2.02E-05
415	17	0	0	0	0	0	0	232	254	0	-2.04E-05	5.44E-06	-1.10E-05	-2.81E-05
415	18	0	0	0	0	0	0	232	254	0	-2.73E-05	5.47E-06	-1.90E-05	-2.80E-05
415	19	0	0	0	0	0	0	232	254	0	-2.73E-05	5.47E-06	-1.90E-05	-2.80E-05
416	0	0	0	0	0	0	0	232	254	0	-2.89E-05	1.07E-05	-2.62E-05	-2.31E-05
416	1	0	0	0	0	0	0	232	254	0	-2.89E-05	1.07E-05	-2.62E-05	-2.31E-05
416	2	0	0	0	0	0	0	232	254	0	-2.80E-05	8.59E-06	-2.03E-05	-2.32E-05
416	3	0	0	0	0	0	0	232	254	0	-2.80E-05	8.59E-06	-2.03E-05	-2.32E-05
416	4	0	0	0	0	0	0	232	254	0	-2.75E-05	1.41E-06	-1.96E-06	-1.90E-05
416	5	0	0	0	0	0	0	232	254	0	-2.75E-05	1.41E-06	-1.96E-06	-1.90E-05
416	6	0	0	0	0	0	0	232	254	0	-2.61E-05	-3.17E-07	1.86E-05	-1.38E-05
416	7	0	0	0	0	0	0	232	254	0	-1.39E-05	8.41E-07	1.63E-05	-9.99E-06
416	8	0	0	0	0	0	0	232	254	0	-1.39E-05	8.41E-07	1.63E-05	-9.99E-06
416	9	0	0	0	0	0	0	232	254	0	-6.96E-06	-5.64E-07	-1.60E-06	-8.78E-06
416	10	0	0	0	0	0	0	232	254	0	-6.96E-06	-5.64E-07	-1.60E-06	-8.78E-06
416	11	0	0	0	0	0	0	232	254	0	-1.05E-05	-2.02E-06	-1.30E-05	-1.27E-05
416	12	0	0	0	0	0	0	232	254	0	-1.05E-05	-2.02E-06	-1.30E-05	-1.27E-05
416	13	0	0	0	0	0	0	232	254	0	-1.41E-05	-1.25E-06	-1.45E-05	-1.10E-05
416	14	0	0	0	0	0	0	232	254	0	-1.41E-05	-1.25E-06	-1.45E-05	-1.10E-05
416	15	0	0	0	0	0	0	232	254	0	-1.02E-05	-4.98E-06	-1.78E-05	-2.94E-06
416	16	0	0	0	0	0	0	232	254	0	-6.41E-06	-1.03E-05	-1.23E-05	7.19E-07
416	17	0	0	0	0	0	0	232	254	0	-6.41E-06	-1.03E-05	-1.23E-05	7.19E-07
416	18	0	0	0	0	0	0	232	254	0	-1.40E-05	-7.44E-06	-8.24E-07	-2.81E-06
416	19	0	0	0	0	0	0	232	254	0	-1.40E-05	-7.44E-06	-8.24E-07	-2.81E-06
417	0	0	0	0	0	0	0	232	254	0	-2.48E-05	3.86E-07	-1.11E-05	-5.49E-06
417	1	0	0	0	0	0	0	232	254	0	-2.48E-05	3.86E-07	-1.11E-05	-5.49E-06
417	2	0	0	0	0	0	0	232	254	0	-3.34E-05	8.72E-06	-1.65E-05	-1.24E-05
417	3	0	0	0	0	0	0	232	254	0	-3.34E-05	8.72E-06	-1.65E-05	-1.24E-05
417	4	0	0	0	0	0	0	232	254	0	-3.33E-05	1.46E-05	-1.25E-05	-3.07E-05
417	5	0	0	0	0	0	0	232	254	0	-2.32E-05	1.49E-05	-6.86E-06	-3.13E-05
417	6	0	0	0	0	0	0	232	254	0	-2.32E-05	1.49E-05	-6.86E-06	-3.13E-05
417	7	0	0	0	0	0	0	232	254	0	-2.18E-05	1.56E-05	-3.62E-06	-2.10E-05
417	8	0	0	0	0	0	0	232	254	0	-2.18E-05	1.56E-05	-3.62E-06	-2.10E-05
417	9	0	0	0	0	0	0	232	254	0	-1.49E-05	2.33E-05	2.11E-06	-1.07E-05
417	10	0	0	0	0	0	0	232	254	0	-1.49E-05	2.33E-05	2.11E-06	-1.07E-05
417	11	0	0	0	0	0	0	232	254	0	-9.35E-06	2.47E-05	3.75E-06	-7.26E-06
417	12	0	0	0	0	0	0	232	254	0	-9.35E-06	2.47E-05	3.75E-06	-7.26E-06
417	13	0	0	0	0	0	0	232	254	0	-1.53E-05	1.95E-05	-7.69E-06	-7.59E-06
417	14	0	0	0	0	0	0	232	254	0	-1.75E-05	1.69E-05	-1.59E-05	-8.14E-06
417	15	0	0	0	0	0	0	232	254	0	-1.75E-05	1.69E-05	-1.59E-05	-8.14E-06
417	16	0	0	0	0	0	0	232	254	0	-1.62E-05	1.33E-05	-1.71E-05	-9.55E-06
417	17	0	0	0	0	0	0	232	254	0	-1.62E-05	1.33E-05	-1.71E-05	-9.55E-06
417	18	0	0	0	0	0	0	232	254	0	-1.57E-05	7.76E-06	-1.81E-05	-7.07E-06
417	19	0	0	0	0	0	0	232	254	0	-1.57E-05	7.76E-06	-1.81E-05	-7.07E-06
418	0	0	0	0	0	0	0	232	254	0	-1.62E-05	7.21E-06	-1.80E-05	-6.60E-06
418	1	0	0	0	0	0	0	232	254	0	-1.62E-05	7.21E-06	-1.80E-05	-6.60E-06
418	2	0	0	0	0	0	0	232	254	0	-1.95E-05	9.59E-06	-1.71E-05	-1.81E-06
418	3	0	0	0	0	0	0	232	254	0	-3.00E-05	9.15E-06	-1.64E-05	1.96E-07
418	4	0	0	0	0	0	0	232	254	0	-3.00E-05	9.15E-06	-1.64E-05	1.96E-07
418	5	0	0	0	0	0	0	232	254	0	-4.26E-05	5.01E-06	-1.85E-05	-5.92E-06
418	6	0	0	0	0	0	0	232	254	0	-4.26E-05	5.01E-06	-1.85E-05	-5.92E-06
418	7	0	0	0	0	0	0	232	254	0	-4.73E-05	5.20E-06	-1.94E-05	-1.80E-05
418	8	0	0	0	0	0	0	232	254	0	-4.73E-05	5.20E-06	-1.94E-05	-1.80E-05
418	9	0	0	0	0	0	0	232	254	0	-4.46E-05	7.26E-06	-1.69E-05	-2.47E-05
418	10	0	0	0	0	0	0	232	254	0	-4.46E-05	7.26E-06	-1.69E-05	-2.47E-05
418	11	0	0	0	0	0	0	232	254	0	-3.63E-05	5.00E-06	-1.01E-05	-1.97E-05
418	12	0	0	0	0	0	0	232	254	0	-2.23E-05	3.40E-06	-2.40E-07	-1.36E-05
418	13	0	0	0	0	0	0	232	254	0	-2.23E-05	3.40E-06	-2.40E-07	-1.36E-05
418	14	0	0	0	0	0	0	232	254	0	-1.36E-05	2.56E-06	4.54E-06	-8.99E-06
418	15	0	0	0	0	0	0	232	254	0	-1.36E-05	2.56E-06	4.54E-06	-8.99E-06
418	16	0	0	0	0	0	0	232	254	0	-4.41E-06	2.96E-06	-7.90E-07	-8.49E-08
418	17	0	0	0	0	0	0	232	254	0	-4.41E-06	2.96E-06	-7.90E-07	-8.49E-08
418	18	0	0	0	0	0	0	232	254	0	9.42E-06	3.38E-06	-5.76E-06	5.87E-07
418	19	0	0	0	0	0	0	232	254	0	9.42E-06	3.38E-06	-5.76E-06	5.87E-07
419	0	0	0	0	0	0	0	232	254	0	6.84E-06	9.88E-07	-9.84E-06	5.52E-07
419	1	0	0	0	0	0	0	232	254	0	-4.78E-06	-2.94E-07	-1.06E-05	-4.98E-06
419	2	0	0	0	0	0	0	232	254	0	-4.78E-06	-2.94E-07	-1.06E-05	-4.98E-06
419	3	0	0	0	0	0	0	232	254	0	-8.81E-06	2.08E-08	-1.09E-05	-1.42E-05
419	4	0	0	0	0	0	0	232	254	0	-8.81E-06	2.08E-08	-1.09E-05	-1.42E-05
419	5	0	0	0	0	0	0	232	254	0	-8.99E-06	2.51E-07	-1.39E-05	-2.40E-05
419	6	0	0	0	0	0	0	232	254	0	-8.99E-06	2.51E-07	-1.39E-05	-2.40E-05
419	7	0	0	0	0	0	0	232	254	0	-1.50E-05	8.39E-07	-9.34E-06	-2.64E-05
419	8	0	0	0	0	0	0	232	254	0	-1.50E-05	8.39E-07	-9.34E-06	-2.64E-05
419	9	0	0	0	0	0	0	232	254	0	-1.87E-05	9.22E-07	-5.52E-06	-1.73E-05
419	10	0	0	0	0	0	0	232	254	0	-1.87E-05	1.84E-06	-6.82E-06	-1.01E-05
419	11	0	0	0	0	0	0	232	254	0	-1.87E-05	1.84E-06	-6.82E-06	-1.01E-05
419	12	0	0	0	0	0	0	232	254	0	-1.73E-05	4.20E-06	-8.58E-06	-9.19E-06
419	13	0	0	0	0	0	0	232	254	0	-1.73E-05	4.20E-06	-8.58E-06	-9.19E-06
419	14	0	0	0	0	0	0	232	254	0	-1.86E-05	4.28E-06	-7.47E-06	-1.00E-05
419	15	0	0	0	0	0	0	232	254	0	-1.86E-05	4.28E-06	-7.47E-06	-1.00E-05
419	16	0	0	0	0	0	0	232	254	0	-1.93E-05	4.87E-06	-6.92E-06	-1.75E-05
419	17	0	0	0	0	0	0	232	254	0	-1.93E-05	4.87E-06	-6.92E-06	-1.75E-05
419	18	0	0	0	0	0	0	232	254	0	-1.99E-05	4.89E-06	-7.36E-06	-1.49E-05
419	19	0	0	0	0	0	0	232	254	0	-2.22E-05	5.10E-06	-8.45E-06	-1.02E-05
420	0	0	0	0	0	0	0	232	254	0	-2.22E-05	5.10E-06	-8.45E-06	-1.02E-05
420	1	0	0	0	0	0	0	232	254	0	-2.46E-05	5.70E-06	-8.98E-06	-1.35E-05
420	2	0	0	0	0	0	0	232	254	0	-2.46E-05	5.70E-06	-8.98E-06	-1.35E-05
420	3	0	0	0	0	0	0	232	254	0	-2.33E-05	6.67E-06	-9.73E-06	-1.45E-05
420	4	0	0	0	0	0	0	232	254	0	-2.33E-05	6.67E-06	-9.73E-06	-1.45E-05
420	5	0	0	0	0	0	0	232	254	0	-1.88E-05	4.70E-06	-1.09E-05	-1.19E-05
420	6	0	0	0	0	0	0	232	254	0	-1.88E-05	4.70E-06	-1.09E-05	-1.19E-05
420	7	0	0	0	0	0	0	232	254	0	-1.69E-05	1.34E-06	-1.08E-05	-1.59E-05
420	8	0	0	0	0	0	0	232	254	0	-1.98E-05	2.73E-06	-1.28E-05	-1.97E-05
420	9	0	0	0	0	0	0	232	254	0	-1.98E-05	2.73E-06	-1.28E-05	-1.97E-05
420	10	0	0	0	0	0	0	232	254	0	-2.41E-05	4.15E-06	-1.73E-05	-1.76E-05
420	11	0	0	0	0	0	0	232	254	0	-2.41E-05	4.15E-06	-1.73E-05	-1.76E-05
420	12	0	0	0	0	0	0	232	254	0	-2.19E-05	3.45E-06	-2.19E-05	-1.71E-05
420	13	0	0	0	0	0	0	232	254	0	-2.19E-05	3.45E-06	-2.19E-05	-1.71E-05
420	14	0	0	0	0	0	0	232	254	0	-1.87E-05	2.54E-07	-2.04E-05	-1.64E-05
420	15	0	0	0	0	0	0	232	254	0	-1.87E-05	2.54E-07	-2.04E-05	-1.64E-05
420	16	0	0	0	0	0	0	232	254	0	-1.97E-05	-1.24E-06	-1.33E-05	-1.23E-05
420	17	0	0	0	0	0	0	232	254	0	-2.59E-05	7.96E-07	-4.86E-06	-1.05E-05
420	18	0	0	0	0	0	0	232	254	0	-2.59E-05	7.96E-07	-4.86E-06	-1.05E-05
420	19	0	0	0	0	0	0	232	254	0	-3.44E-05	1.55E-06	7.53E-06	-8.93E-06
421	0	0	0	0	0	0	0	232	254	0	-3.44E-05	1.55E-06	7.53E-06	-8.93E-06
421	1	0	0	0	0	0	0	232	254	0	-4.14E-05	6.92E-07	9.50E-06	-3.75E-06
421	2	0	0	0	0	0	0	232	254	0	-4.14E-05	6.92E-07	9.50E-06	-3.75E-06
421	3	0	0	0	0	0	0	232	254	0	-4.35E-05	1.38E-06	-1.19E-06	-7.33E-06
421	4	0	0	0	0	0	0	232	254	0	-4.35E-05	1.38E-06	-1.19E-06	-7.33E-06
421	5	0	0	0	0	0	0	232	254	0	-4.39E-05	5.20E-06	-5.94E-06	-3.68E-06
421	6	0	0	0	0	0	0	232	254	0	-4.44E-05	4.81E-06	-5.56E-06	1.93E-06
421	7	0	0	0	0	0	0	232	254	0	-4.44E-05	4.81E-06	-5.56E-06	1.93E-06
421	8	0	0	0	0	0	0	232	254	0	-4.44E-05	2.03E-06	-8.45E-06	-1.48E-06
421	9	0	0	0	0	0	0	232	254	0	-4.44E-05	2.03E-06	-8.45E-06	-1.48E-06
421	10	0	0	0	0	0	0	232	254	0	-4.91E-05	2.27E-06	-1.14E-05	-5.12E-06
421	11	0	0	0	0	0	0	232	254	0	-4.91E-05	2.27E-06	-1.14E-05	-5.12E-06
421	12	0	0	0	0	0	0	232	254	0	-5.29E-05	2.92E-06	-1.28E-05	-7.71E-06
421	13	0	0	0	0	0	0	232	254	0	-5.29E-05	2.92E-06	-1.28E-05	-7.71E-06
421	14	0	0	0	0	0	0	232	254	0	-4.69E-05	3.65E-06	-1.40E-05	-1.32E-05
421	15	0	0	0	0	0	0	232	254	0	-3.28E-05	5.77E-06	-1.22E-05	-1.02E-05
421	16	0	0	0	0	0	0	232	254	0	-3.28E-05	5.77E-06	-1.22E-05	-1.02E-05
421	17	0	0	0	0	0	0	232	254	0	-1.18E-05	6.09E-06	-1.15E-05	-1.03E-05
421	18	0	0	0	0	0	0	232	254	0	-1.18E-05	6.09E-06	-1.15E-05	-1.03E-05
421	19	0	0	0	0	0	0	232	254	0	3.08E-06	5.33E-06	-1.05E-05	-1.22E-05
422	0	0	0	0	0	0	0	232	254	0	3.08E-06	5.33E-06	-1.05E-05	-1.22E-05
422	1	0	0	0	0	0	0	232	254	0	2.65E-06	6.75E-06	-7.47E-06	-8.17E-06
422	2	0	0	0	0	0	0	232	254	0	2.65E-06	6.75E-06	-7.47E-06	-8.17E-06
422	3	0	0	0	0	0	0	232	254	0	-4.15E-06	1.07E-05	-6.80E-06	-1.88E-05
422	4	0	0	0	0	0	0	232	254	0	-8.93E-06	1.09E-05	-6.56E-06	-2.96E-05
422	5	0	0	0	0	0	0	232	254	0	-8.93E-06	1.09E-05	-6.56E-06	-2.96E-05
422	6	0	0	0	0	0	0	232	254	0	-1.24E-05	8.79E-06	-9.71E-06	-2.98E-05
422	7	0	0	0	0	0	0	232	254	0	-1.24E-05	8.79E-06	-9.71E-06	-2.98E-05
422	8	0	0	0	0	0	0	232	254	0	-1.85E-05	9.31E-06	-1.40E-05	-1.58E-05
422	9	0	0	0	0	0	0	232	254	0	-1.85E-05	9.31E-06	-1.40E-05	-1.58E-05
422	10	0	0	0	0	0	0	232	254	0	-2.26E-05	9.90E-06	-1.25E-05	-5.51E-06
422	11	0	0	0	0	0	0	232	254	0	-2.26E-05	9.90E-06	-1.25E-05	-5.51E-06
422	12	0	0	0	0	0	0	232	254	0	-2.50E-05	1.00E-05	-1.57E-05	1.44E-06
422	13	0	0	0	0	0	0	232	254	0	-2.83E-05	1.10E-05	-2.36E-05	7.21E-06
422	14	0	0	0	0	0	0	232	254	0	-2.83E-05	1.10E-05	-2.36E-05	7.21E-06
422	15	0	0	0	0	0	0	232	254	0	-2.76E-05	1.04E-05	-2.52E-05	7.12E-06
422	16	0	0	0	0	0	0	232	254	0	-2.76E-05	1.04E-05	-2.52E-05	7.12E-06
422	17	0	0	0	0	0	0	232	254	0	-2.53E-05	9.53E-06	-1.98E-05	-1.43E-05
422	18	0	0	0	0	0	0	232	254	0	-2.53E-05	9.53E-06	-1.98E-05	-1.43E-05
422	19	0	0	0	0	0	0	232	254	0	-2.25E-05	8.98E-06	-4.34E-06	-4.46E-05
423	0	0	0	0	0	0	0	232	254	0	-2.25E-05	8.98E-06	-4.34E-06	-4.46E-05
423	1	0	0	0	0	0	0	232	254	0	-2.13E-05	7.05E-06	6.67E-06	-5.16E-05
423	2	0	0	0	0	0	0	232	254	0	-2.09E-05	6.12E-06	7.18E-06	-2.73E-05
423	3	0	0	0	0	0	0	232	254	0	-2.09E-05	6.12E-06	7.18E-06	-2.73E-05
423	4	0	0	0	0	0	0	232	254	0	-2.01E-05	7.97E-06	4.07E-06	-3.90E-06
423	5	0	0	0	0	0	0	232	254	0	-2.01E-05	7.97E-06	4.07E-06	-3.90E-06
423	6	0	0	0	0	0	0	232	254	0	-2.15E-05	8.35E-06	-5.44E-08	-6.94E-06
423	7	0	0	0	0	0	0	232	254	0	-2.15E-05	8.35E-06	-5.44E-08	-6.94E-06
423	8	0	0	0	0	0	0	232	254	0	-2.27E-05	6.80E-06	-7.46E-06	-9.11E-06
423	9	0	0	0	0	0	0	232	254	0	-2.27E-05	6.80E-06	-7.46E-06	-9.11E-06
423	10	0	0	0	0	0	0	232	254	0	-2.06E-05	6.29E-06	-1.56E-05	-4.35E-06
423	11	0	0	0	0	0	0	232	254	0	-2.03E-05	6.99E-06	-1.97E-05	-1.80E-06
423	12	0	0	0	0	0	0	232	254	0	-2.03E-05	6.99E-06	-1.97E-05	-1.80E-06
423	13	0	0	0	0	0	0	232	254	0	-1.99E-05	7.87E-06	-2.22E-05	-2.86E-06
423	14	0	0	0	0	0	0	232	254	0	-1.99E-05	7.87E-06	-2.22E-05	-2.86E-06
423	15	0	0	0	0	0	0	232	254	0	-1.73E-05	8.63E-06	-2.04E-05	-1.36E-05
423	16	0	0	0	0	0	0	232	254	0	-1.73E-05	8.63E-06	-2.04E-05	-1.36E-05
423	17	0	0	0	0	0	0	232	254	0	-1.76E-05	6.61E-06	-1.49E-05	-2.29E-05
423	18	0	0	0	0	0	0	232	254	0	-1.76E-05	6.61E-06	-1.49E-05	-2.29E-05
423	19	0	0	0	0	0	0	232	254	0	-1.91E-05	6.02E-06	-1.15E-05	-2.64E-05
424	0	0	0	0	0	0	0	232	254	0	-1.96E-05	6.99E-06	-6.21E-06	-2.05E-05
424	1	0	0	0	0	0	0	232	254	0	-1.96E-05	6.99E-06	-6.21E-06	-2.05E-05
424	2	0	0	0	0	0	0	232	254	0	-1.93E-05	6.40E-06	-5.31E-06	-1.64E-05
424	3	0	0	0	0	0	0	232	254	0	-1.93E-05	6.40E-06	-5.31E-06	-1.64E-05
424	4	0	0	0	0	0	0	232	254	0	-1.93E-05	5.27E-06	-6.84E-06	-1.12E-05
424	5	0	0	0	0	0	0	232	254	0	-1.93E-05	5.27E-06	-6.84E-06	-1.12E-05
424	6	0	0	0	0	0	0	232	254	0	-1.91E-05	4.55E-06	-3.86E-06	-3.22E-06
424	7	0	0	0	0	0	0	232	254	0	-1.91E-05	4.55E-06	-3.86E-06	-3.22E-06
424	8	0	0	0	0	0	0	232	254	0	-1.97E-05	4.43E-06	-1.14E-06	-1.07E-05
424	9	0	0	0	0	0	0	232	254	0	-2.01E-05	2.35E-06	1.89E-06	-8.52E-06
424	10	0	0	0	0	0	0	232	254	0	-2.01E-05	2.35E-06	1.89E-06	-8.52E-06
424	11	0	0	0	0	0	0	232	254	0	-1.84E-05	1.34E-06	3.95E-06	1.19E-05
424	12	0	0	0	0	0	0	232	254	0	-1.84E-05	1.34E-06	3.95E-06	1.19E-05
424	13	0	0	0	0	0	0	232	254	0	-1.93E-05	2.73E-06	-1.00E-06	1.90E-05
424	14	0	0	0	0	0	0	232	254	0	-1.93E-05	2.73E-06	-1.00E-06	1.90E-05
424	15	0	0	0	0	0	0	232	254	0	-1.93E-05	4.34E-06	-7.80E-06	8.28E-06
424	16	0	0	0	0	0	0	232	254	0	-1.93E-05	4.34E-06	-7.80E-06	8.28E-06
424	17	0	0	0	0	0	0	232	254	0	-1.92E-05	5.23E-06	-1.44E-05	-1.94E-05
424	18	0	0	0	0	0	0	232	254	0	-1.85E-05	4.22E-06	-1.49E-05	-3.41E-05
424	19	0	0	0	0	0	0	232	254	0	-1.85E-05	4.22E-06	-1.49E-05	-3.41E-05
425	0	0	0	0	0	0	0	232	254	0	-1.89E-05	4.09E-06	-1.21E-05	-4.00E-05
425	1	0	0	0	0	0	0	232	254	0	-1.89E-05	4.09E-06	-1.21E-05	-4.00E-05
425	2	0	0	0	0	0	0	232	254	0	-2.00E-05	1.91E-06	2.19E-07	-4.75E-05
425	3	0	0	0	0	0	0	232	254	0	-2.00E-05	1.91E-06	2.19E-07	-4.75E-05
425	4	0	0	0	0	0	0	232	254	0	-2.01E-05	6.24E-08	9.30E-06	-3.79E-05
425	5	0	0	0	0	0	0	232	254	0	-2.01E-05	6.24E-08	9.30E-06	-3.79E-05
425	6	0	0	0	0	0	0	232	254	0	-2.16E-05	7.32E-07	2.07E-06	-1.85E-05
425	7	0	0	0	0	0	0	232	254	0	-2.65E-05	2.33E-06	-1.13E-05	1.26E-06
425	8	0	0	0	0	0	0	232	254	0	-2.65E-05	2.33E-06	-1.13E-05	1.26E-06
425	9	0	0	0	0	0	0	232	254	0	-2.69E-05	2.33E-06	-1.62E-05	9.31E-07
425	10	0	0	0	0	0	0	232	254	0	-2.69E-05	2.33E-06	-1.62E-05	9.31E-07
425	11	0	0	0	0	0	0	232	254	0	-2.14E-05	3.29E-06	-1.30E-05	-5.37E-06
425	12	0	0	0	0	0	0	232	254	0	-2.14E-05	3.29E-06	-1.30E-05	-5.37E-06
425	13	0	0	0	0	0	0	232	254	0	-1.51E-05	2.60E-06	-8.73E-06	-4.55E-06
425	14	0	0	0	0	0	0	232	254	0	-1.51E-05	2.60E-06	-8.73E-06	-4.55E-06
425	15	0	0	0	0	0	0	232	254	0	-1.03E-05	7.56E-07	-6.73E-06	-6.99E-06
425	16	0	0	0	0	0	0	232	254	0	-8.85E-06	1.26E-07	-9.86E-06	-6.38E-06
425	17	0	0	0	0	0	0	232	254	0	-8.85E-06	1.26E-07	-9.86E-06	-6.38E-06
425	18	0	0	0	0	0	0	232	254	0	-1.11E-05	-1.50E-09	-1.44E-05	-4.97E-06
425	19	0	0	0	0	0	0	232	254	0	-1.11E-05	-1.50E-09	-1.44E-05	-4.97E-06
426	0	0	0	0	0	0	0	232	254	0	-1.30E-05	1.22E-06	-1.48E-05	-2.82E-06
426	1	0	0	0	0	0	0	232	254	0	-1.30E-05	1.22E-06	-1.48E-05	-2.82E-06
426	2	0	0	0	0	0	0	232	254	0	-1.66E-05	1.30E-06	-1.46E-05	1.28E-06
426	3	0	0	0	0	0	0	232	254	0	-1.66E-05	1.30E-06	-1.46E-05	1.28E-06
426	4	0	0	0	0	0	0	232	254	0	-1.95E-05	8.16E-08	-2.01E-05	2.11E-06
426	5	0	0	0	0	0	0	232	254	0	-1.66E-05	1.95E-06	-2.35E-05	-9.20E-06
426	6	0	0	0	0	0	0	232	254	0	-1.66E-05	1.95E-06	-2.35E-05	-9.20E-06
426	7	0	0	0	0	0	0	232	254	0	-1.79E-05	2.46E-06	-2.14E-05	-3.51E-05
426	8	0	0	0	0	0	0	232	254	0	-1.79E-05	2.46E-06	-2.14E-05	-3.51E-05
426	9	0	0	0	0	0	0	232	254	0	-2.23E-05	8.81E-07	-1.40E-05	-3.33E-05
426	10	0	0	0	0	0	0	232	254	0	-2.23E-05	8.81E-07	-1.40E-05	-3.33E-05
426	11	0	0	0	0	0	0	232	254	0	-2.06E-05	1.17E-06	-8.49E-06	-1.97E-05
426	12	0	0	0	0	0	0	232	254	0	-2.06E-05	1.17E-06	-8.49E-06	-1.97E-05
426	13	0	0	0	0	0	0	232	254	0	-2.11E-05	1.30E-06	3.17E-06	-1.54E-05
426	14	0	0	0	0	0	0	232	254	0	-2.48E-05	2.31E-06	1.18E-05	-1.38E-05
426	15	0	0	0	0	0	0	232	254	0	-2.48E-05	2.31E-06	1.18E-05	-1.38E-05
426	16	0	0	0	0	0	0	232	254	0	-2.62E-05	3.02E-06	-1.33E-05	-1.50E-05
426	17	0	0	0	0	0	0	232	254	0	-2.62E-05	3.02E-06	-1.33E-05	-1.50E-05
426	18	0	0	0	0	0	0	232	254	0	-2.77E-05	2.10E-06	-3.18E-05	-1.48E-05
426	19	0	0	0	0	0	0	232	254	0	-2.77E-05	2.10E-06	-3.18E-05	-1.48E-05
427	0	0	0	0	0	0	0	232	254	0	-2.70E-05	4.03E-06	-2.57E-05	-1.10E-05
427	1	0	0	0	0	0	0	232	254	0	-2.70E-05	4.03E-06	-2.57E-05	-1.10E-05
427	2	0	0	0	0	0	0	232	254	0	-2.43E-05	5.16E-06	-9.71E-06	-5.37E-06
427	3	0	0	0	0	0	0	232	254	0	-2.41E-05	4.87E-06	3.48E-06	-4.53E-06
427	4	0	0	0	0	0	0	232	254	0	-2.41E-05	4.87E-06	3.48E-06	-4.53E-06
427	5	0	0	0	0	0	0	232	254	0	-2.22E-05	4.91E-06	2.61E-06	-7.30E-06
427	6	0	0	0	0	0	0	232	254	0	-2.22E-05	4.91E-06	2.61E-06	-7.30E-06
427	7	0	0	0	0	0	0	232	254	0	-2.26E-05	5.52E-06	-1.03E-06	-1.02E-05
427	8	0	0	0	0	0	0	232	254	0	-2.26E-05	5.52E-06	-1.03E-06	-1.02E-05
427	9	0	0	0	0	0	0	232	254	0	-2.28E-05	7.66E-06	3.12E-06	-9.48E-06
427	10	0	0	0	0	0	0	232	254	0	-2.28E-05	7.66E-06	3.12E-06	-9.48E-06
427	11	0	0	0	0	0	0	232	254	0	-2.15E-05	7.36E-06	9.73E-06	-9.06E-06
427	12	0	0	0	0	0	0	232	254	0	-2.02E-05	8.29E-06	1.71E-05	-1.07E-05
427	13	0	0	0	0	0	0	232	254	0	-2.02E-05	8.29E-06	1.71E-05	-1.07E-05
427	14	0	0	0	0	0	0	232	254	0	-1.91E-05	7.34E-06	9.23E-06	-1.42E-05
427	15	0	0	0	0	0	0	232	254	0	-1.91E-05	7.34E-06	9.23E-06	-1.42E-05
427	16	0	0	0	0	0	0	232	254	0	-1.90E-05	5.96E-06	-7.33E-06	-1.62E-05
427	17	0	0	0	0	0	0	232	254	0	-1.90E-05	5.96E-06	-7.33E-06	-1.62E-05
427	18	0	0	0	0	0	0	232	254	0	-1.92E-05	6.42E-06	-1.49E-05	-1.52E-05
427	19	0	0	0	0	0	0	232	254	0	-1.92E-05	6.42E-06	-1.49E-05	-1.52E-05
428	0	0	0	0	0	0	0	232	254	0	-2.10E-05	5.58E-06	-1.13E-05	-1.17E-05
428	1	0	0	0	0	0	0	232	254	0	-2.08E-05	5.87E-06	-7.86E-06	-1.02E-05
428	2	0	0	0	0	0	0	232	254	0	-2.08E-05	5.87E-06	-7.86E-06	-1.02E-05
428	3	0	0	0	0	0	0	232	254	0	-2.11E-05	5.83E-06	-1.28E-05	-1.25E-05
428	4	0	0	0	0	0	0	232	254	0	-2.11E-05	5.83E-06	-1.28E-05	-1.25E-05
428	5	0	0	0	0	0	0	232	254	0	-2.24E-05	5.64E-06	-1.61E-05	-1.25E-05
428	6	0	0	0	0	0	0	232	254	0	-2.24E-05	5.64E-06	-1.61E-05	-1.25E-05
428	7	0	0	0	0	0	0	232	254	0	-2.52E-05	6.59E-06	-1.96E-05	-9.21E-06
428	8	0	0	0	0	0	0	232	254	0	-2.52E-05	6.59E-06	-1.96E-05	-9.21E-06
428	9	0	0	0	0	0	0	232	254	0	-2.64E-05	7.93E-06	-2.14E-05	-9.38E-06
428	10	0	0	0	0	0	0	232	254	0	-2.39E-05	7.09E-06	-2.20E-05	-1.22E-05
428	11	0	0	0	0	0	0	232	254	0	-2.39E-05	7.09E-06	-2.20E-05	-1.22E-05
428	12	0	0	0	0	0	0	232	254	0	-2.32E-05	7.43E-06	-2.19E-05	-1.67E-05
428	13	0	0	0	0	0	0	232	254	0	-2.32E-05	7.43E-06	-2.19E-05	-1.67E-05
428	14	0	0	0	0	0	0	232	254	0	-2.52E-05	7.66E-06	-2.05E-05	-1.40E-05
428	15	0	0	0	0	0	0	232	254	0	-2.52E-05	7.66E-06	-2.05E-05	-1.40E-05
428	16	0	0	0	0	0	0	232	254	0	-2.64E-05	6.93E-06	-1.55E-05	-6.92E-06
428	17	0	0	0	0	0	0	232	254	0	-2.64E-05	6.93E-06	-1.55E-05	-6.92E-06
428	18	0	0	0	0	0	0	232	254	0	-2.57E-05	4.93E-06	-1.20E-05	-6.85E-06
428	19	0	0	0	0	0	0	232	254	0	-2.56E-05	5.48E-06	-1.07E-05	-1.37E-05
429	0	0	0	0	0	0	0	232	254	0	-2.56E-05	5.48E-06	-1.07E-05	-1.37E-05
429	1	0	0	0	0	0	0	232	254	0	-2.56E-05	5.90E-06	-1.32E-05	-2.22E-05
429	2	0	0	0	0	0	0	232	254	0	-2.56E-05	5.90E-06	-1.32E-05	-2.22E-05
429	3	0	0	0	0	0	0	232	254	0	-2.70E-05	3.71E-06	-1.47E-05	-2.39E-05
429	4	0	0	0	0	0	0	232	254	0	-2.70E-05	3.71E-06	-1.47E-05	-2.39E-05
429	5	0	0	0	0	0	0	232	254	0	-2.66E-05	3.90E-06	-1.28E-05	-9.83E-06
429	6	0	0	0	0	0	0	232	254	0	-2.66E-05	3.90E-06	-1.28E-05	-9.83E-06
429	7	0	0	0	0	0	0	232	254	0	-2.45E-05	4.28E-06	-1.24E-05	2.72E-07
429	8	0	0	0	0	0	0	232	254	0	-2.01E-05	4.51E-06	-1.27E-05	-4.71E-07
429	9	0	0	0	0	0	0	232	254	0	-2.01E-05	4.51E-06	-1.27E-05	-4.71E-07
429	10	0	0	0	0	0	0	232	254	0	-1.53E-05	2.08E-06	-5.75E-06	-1.30E-05
429	11	0	0	0	0	0	0	232	254	0	-1.53E-05	2.08E-06	-5.75E-06	-1.30E-05
429	12	0	0	0	0	0	0	232	254	0	-7.39E-06	3.10E-06	-1.11E-06	-2.72E-05
429	13	0	0	0	0	0	0	232	254	0	-7.39E-06	3.10E-06	-1.11E-06	-2.72E-05
429	14	0	0	0	0	0	0	232	254	0	6.31E-07	7.20E-06	-9.08E-06	-2.63E-05
429	15	0	0	0	0	0	0	232	254	0	6.31E-07	7.20E-06	-9.08E-06	-2.63E-05
429	16	0	0	0	0	0	0	232	254	0	-2.43E-06	6.90E-06	-1.83E-05	-2.95E-05
429	17	0	0	0	0	0	0	232	254	0	-1.42E-05	5.60E-06	-1.51E-05	-1.82E-05
429	18	0	0	0	0	0	0	232	254	0	-1.42E-05	5.60E-06	-1.51E-05	-1.82E-05
429	19	0	0	0	0	0	0	232	254	0	-1.87E-05	3.65E-06	-8.98E-06	-1.33E-05
430	0	0	0	0	0	0	0	232	254	0	-1.87E-05	3.65E-06	-8.98E-06	-1.33E-05
430	1	0	0	0	0	0	0	232	254	0	-1.94E-05	3.48E-06	-9.04E-06	-1.48E-05
430	2	0	0	0	0	0	0	232	254	0	-1.94E-05	3.48E-06	-9.04E-06	-1.48E-05
430	3	0	0	0	0	0	0	232	254	0	-1.99E-05	4.38E-06	-1.43E-05	-6.76E-06
430	4	0	0	0	0	0	0	232	254	0	-1.99E-05	4.38E-06	-1.43E-05	-6.76E-06
430	5	0	0	0	0	0	0	232	254	0	-2.07E-05	4.45E-06	-1.90E-05	-6.63E-06
430	6	0	0	0	0	0	0	232	254	0	-2.11E-05	3.82E-06	-1.86E-05	-1.12E-05
430	7	0	0	0	0	0	0	232	254	0	-2.11E-05	3.82E-06	-1.86E-05	-1.12E-05
430	8	0	0	0	0	0	0	232	254	0	-2.00E-05	3.48E-06	-1.59E-05	-6.86E-06
430	9	0	0	0	0	0	0	232	254	0	-2.00E-05	3.48E-06	-1.59E-05	-6.86E-06
430	10	0	0	0	0	0	0	232	254	0	-2.05E-05	3.23E-06	-1.49E-05	-9.52E-06
430	11	0	0	0	0	0	0	232	254	0	-2.05E-05	3.23E-06	-1.49E-05	-9.52E-06
430	12	0	0	0	0	0	0	232	254	0	-2.21E-05	3.52E-06	-6.87E-06	-1.33E-05
430	13	0	0	0	0	0	0	232	254	0	-2.21E-05	3.52E-06	-6.87E-06	-1.33E-05
430	14	0	0	0	0	0	0	232	254	0	-2.18E-05	3.44E-06	5.92E-06	-1.89E-05
430	15	0	0	0	0	0	0	232	254	0	-2.03E-05	2.90E-06	3.19E-06	-2.95E-05
430	16	0	0	0	0	0	0	232	254	0	-2.03E-05	2.90E-06	3.19E-06	-2.95E-05
430	17	0	0	0	0	0	0	232	254	0	-2.00E-05	3.27E-06	-1.97E-06	-2.43E-05
430	18	0	0	0	0	0	0	232	254	0	-2.00E-05	3.27E-06	-1.97E-06	-2.43E-05
430	19	0	0	0	0	0	0	232	254	0	-2.03E-05	3.94E-06	-6.29E-06	-1.19E-05
431	0	0	0	0	0	0	0	232	254	0	-2.03E-05	3.94E-06	-6.29E-06	-1.19E-05
431	1	0	0	0	0	0	0	232	254	0	-2.04E-05	4.74E-06	-1.52E-05	-1.05E-05
431	2	0	0	0	0	0	0	232	254	0	-2.04E-05	4.74E-06	-1.52E-05	-1.05E-05
431	3	0	0	0	0	0	0	232	254	0	-2.06E-05	6.29E-06	-2.33E-05	-2.01E-05
431	4	0	0	0	0	0	0	232	254	0	-2.02E-05	6.69E-06	-1.63E-05	-2.37E-05
431	5	0	0	0	0	0	0	232	254	0	-2.02E-05	6.69E-06	-1.63E-05	-2.37E-05
431	6	0	0	0	0	0	0	232	254	0	-1.98E-05	5.35E-06	1.02E-05	-7.38E-06
431	7	0	0	0	0	0	0	232	254	0	-1.98E-05	5.35E-06	1.02E-05	-7.38E-06
431	8	0	0	0	0	0	0	232	254	0	-2.00E-05	5.16E-06	1.93E-05	1.03E-05
431	9	0	0	0	0	0	0	232	254	0	-2.00E-05	5.16E-06	1.93E-05	1.03E-05
431	10	0	0	0	0	0	0	232	254	0	-2.00E-05	4.91E-06	1.20E-05	1.78E-05
431	11	0	0	0	0	0	0	232	254	0	-2.00E-05	4.91E-06	1.20E-05	1.78E-05
431	12	0	0	0	0	0	0	232	254	0	-2.00E-05	5.20E-06	9.24E-06	1.59E-05
431	13	0	0	0	0	0	0	232	254	0	-2.01E-05	5.20E-06	-1.48E-06	1.45E-07
431	14	0	0	0	0	0	0	232	254	0	-2.01E-05	5.20E-06	-1.48E-06	1.45E-07
431	15	0	0	0	0	0	0	232	254	0	-2.15E-05	5.04E-06	-1.02E-05	-2.69E-05
431	16	0	0	0	0	0	0	232	254	0	-2.15E-05	5.04E-06	-1.02E-05	-2.69E-05
431	17	0	0	0	0	0	0	232	254	0	-2.39E-05	3.74E-06	-4.96E-06	-3.26E-05
431	18	0	0	0	0	0	0	232	254	0	-2.39E-05	3.74E-06	-4.96E-06	-3.26E-05
431	19	0	0	0	0	0	0	232	254	0	-2.60E-05	3.10E-06	3.78E-06	-2.79E-05
432	0	0	0	0	0	0	0	232	254	0	-2.60E-05	3.10E-06	3.78E-06	-2.79E-05
432	1	0	0	0	0	0	0	232	254	0	-2.73E-05	5.16E-06	1.67E-06	-1.85E-05
432	2	0	0	0	0	0	0	232	254	0	-2.65E-05	6.99E-06	-1.03E-05	-8.66E-06
432	3	0	0	0	0	0	0	232	254	0	-2.65E-05	6.99E-06	-1.03E-05	-8.66E-06
432	4	0	0	0	0	0	0	232	254	0	-2.47E-05	5.16E-06	-1.96E-05	-1.23E-05
432	5	0	0	0	0	0	0	232	254	0	-2.47E-05	5.16E-06	-1.96E-05	-1.23E-05
432	6	0	0	0	0	0	0	232	254	0	-2.39E-05	3.92E-06	-2.22E-05	-1.49E-05
432	7	0	0	0	0	0	0	232	254	0	-2.39E-05	3.92E-06	-2.22E-05	-1.49E-05
432	8	0	0	0	0	0	0	232	254	0	-2.36E-05	5.58E-06	-2.26E-05	-7.60E-06
432	9	0	0	0	0	0	0	232	254	0	-2.36E-05	5.58E-06	-2.26E-05	-7.60E-06
432	10	0	0	0	0	0	0	232	254	0	-2.56E-05	5.79E-06	-1.53E-05	-6.56E-06
432	11	0	0	0	0	0	0	232	254	0	-2.58E-05	5.12E-06	-7.14E-06	-1.35E-05
432	12	0	0	0	0	0	0	232	254	0	-2.58E-05	5.12E-06	-7.14E-06	-1.35E-05
432	13	0	0	0	0	0	0	232	254	0	-2.57E-05	4.78E-06	1.95E-06	-1.11E-05
432	14	0	0	0	0	0	0	232	254	0	-2.57E-05	4.78E-06	1.95E-06	-1.11E-05
432	15	0	0	0	0	0	0	232	254	0	-2.57E-05	6.69E-06	2.61E-06	-5.33E-06
432	16	0	0	0	0	0	0	232	254	0	-2.57E-05	6.69E-06	2.61E-06	-5.33E-06
432	17	0	0	0	0	0	0	232	254	0	-2.59E-05	7.45E-06	-6.84E-06	-7.71E-06
432	18	0	0	0	0	0	0	232	254	0	-2.59E-05	7.45E-06	-6.84E-06	-7.71E-06
432	19	0	0	0	0	0	0	232	254	0	-2.60E-05	5.41E-06	-1.17E-05	-1.82E-05
433	0	0	0	0	0	0	0	232	254	0	-2.44E-05	4.45E-06	-1.56E-05	-1.73E-05
433	1	0	0	0	0	0	0	232	254	0	-2.44E-05	4.45E-06	-1.56E-05	-1.73E-05
433	2	0	0	0	0	0	0	232	254	0	-2.46E-05	3.82E-06	-2.10E-05	-1.27E-05
433	3	0	0	0	0	0	0	232	254	0	-2.46E-05	3.82E-06	-2.10E-05	-1.27E-05
433	4	0	0	0	0	0	0	232	254	0	-2.27E-05	3.71E-06	-2.75E-05	-4.07E-06
433	5	0	0	0	0	0	0	232	254	0	-2.27E-05	3.71E-06	-2.75E-05	-4.07E-06
433	6	0	0	0	0	0	0	232	254	0	-2.06E-05	4.97E-06	-1.82E-05	-4.82E-06
433	7	0	0	0	0	0	0	232	254	0	-2.06E-05	4.97E-06	-1.82E-05	-4.82E-06
433	8	0	0	0	0	0	0	232	254	0	-2.08E-05	4.55E-06	-2.58E-06	-1.69E-05
433	9	0	0	0	0	0	0	232	254	0	-2.15E-05	4.93E-06	4.05E-06	-2.01E-05
433	10	0	0	0	0	0	0	232	254	0	-2.15E-05	4.93E-06	4.05E-06	-2.01E-05
433	11	0	0	0	0	0	0	232	254	0	-1.99E-05	6.55E-06	2.65E-06	-1.36E-05
433	12	0	0	0	0	0	0	232	254	0	-1.99E-05	6.55E-06	2.65E-06	-1.36E-05
433	13	0	0	0	0	0	0	232	254	0	-1.72E-05	6.42E-06	-9.10E-06	-1.19E-05
433	14	0	0	0	0	0	0	232	254	0	-1.72E-05	6.42E-06	-9.10E-06	-1.19E-05
433	15	0	0	0	0	0	0	232	254	0	-1.69E-05	5.66E-06	-1.45E-05	-1.49E-05
433	16	0	0	0	0	0	0	232	254	0	-1.69E-05	5.66E-06	-1.45E-05	-1.49E-05
433	17	0	0	0	0	0	0	232	254	0	-1.76E-05	6.55E-06	-1.05E-05	-1.87E-05
433	18	0	0	0	0	0	0	232	254	0	-1.76E-05	6.55E-06	-2.37E-05	-1.65E-05
433	19	0	0	0	0	0	0	232	254	0	-1.76E-05	6.55E-06	-2.37E-05	-1.65E-05
434	0	0	0	0	0	0	0	232	254	0	-1.77E-05	6.67E-06	-3.81E-05	-1.30E-05
434	1	0	0	0	0	0	0	232	254	0	-1.77E-05	6.67E-06	-3.81E-05	-1.30E-05
434	2	0	0	0	0	0	0	232	254	0	-1.82E-05	7.45E-06	-2.77E-05	-1.07E-05
434	3	0	0	0	0	0	0	232	254	0	-1.82E-05	7.45E-06	-2.77E-05	-1.07E-05
434	4	0	0	0	0	0	0	232	254	0	-1.75E-05	6.65E-06	-2.28E-05	-7.89E-06
434	5	0	0	0	0	0	0	232	254	0	-1.75E-05	6.65E-06	-2.28E-05	-7.89E-06
434	6	0	0	0	0	0	0	232	254	0	-1.95E-05	6.36E-06	-3.08E-05	-5.79E-06
434	7	0	0	0	0	0	0	232	254	0	-2.24E-05	7.20E-06	-3.26E-05	-7.51E-06
434	8	0	0	0	0	0	0	232	254	0	-2.24E-05	7.20E-06	-3.26E-05	-7.51E-06
434	9	0	0	0	0	0	0	232	254	0	-2.31E-05	5.90E-06	-3.12E-05	-7.26E-06
434	10	0	0	0	0	0	0	232	254	0	-2.31E-05	5.90E-06	-3.12E-05	-7.26E-06
434	11	0	0	0	0	0	0	232	254	0	-2.35E-05	6.02E-06	-2.60E-05	-7.34E-06
434	12	0	0	0	0	0	0	232	254	0	-2.35E-05	6.02E-06	-2.60E-05	-7.34E-06
434	13	0	0	0	0	0	0	232	254	0	-2.31E-05	5.75E-06	-1.12E-05	-5.87E-06
434	14	0	0	0	0	0	0	232	254	0	-2.31E-05	5.75E-06	-1.12E-05	-5.87E-06
434	15	0	0	0	0	0	0	232	254	0	-2.31E-05	4.87E-06	-5.91E-07	-6.54E-06
434	16	0	0	0	0	0	0	232	254	0	-2.38E-05	4.72E-06	7.90E-06	-1.24E-05
434	17	0	0	0	0	0	0	232	254	0	-2.38E-05	4.72E-06	7.90E-06	-1.24E-05
434	18	0	0	0	0	0	0	232	254	0	-2.41E-05	3.71E-06	2.08E-05	-2.09E-05
434	19	0	0	0	0	0	0	232	254	0	-2.41E-05	3.71E-06	2.08E-05	-2.09E-05
435	0	0	0	0	0	0	0	232	254	0	-2.23E-05	3.92E-06	1.04E-05	-2.44E-05
435	1	0	0	0	0	0	0	232	254	0	-2.23E-05	3.92E-06	1.04E-05	-2.44E-05
435	2	0	0	0	0	0	0	232	254	0	-2.06E-05	4.36E-06	8.03E-06	-2.12E-05
435	3	0	0	0	0	0	0	232	254	0	-2.06E-05	4.36E-06	8.03E-06	-2.12E-05
435	4	0	0	0	0	0	0	232	254	0	-2.05E-05	4.47E-06	1.40E-05	-1.24E-05
435	5	0	0	0	0	0	0	232	254	0	-2.12E-05	5.08E-06	5.38E-06	-1.34E-05
435	6	0	0	0	0	0	0	232	254	0	-2.12E-05	5.08E-06	5.38E-06	-1.34E-05
435	7	0	0	0	0	0	0	232	254	0	-2.30E-05	4.15E-06	-1.21E-05	-1.56E-05
435	8	0	0	0	0	0	0	232	254	0	-2.30E-05	4.15E-06	-1.21E-05	-1.56E-05
435	9	0	0	0	0	0	0	232	254	0	-2.33E-05	3.90E-06	-1.88E-05	-1.57E-05
435	10	0	0	0	0	0	0	232	254	0	-2.33E-05	3.90E-06	-1.88E-05	-1.57E-05
435	11	0	0	0	0	0	0	232	254	0	-2.29E-05	3.90E-06	-1.45E-05	-1.42E-05
435	12	0	0	0	0	0	0	232	254	0	-2.29E-05	3.90E-06	-1.45E-05	-1.42E-05
435	13	0	0	0	0	0	0	232	254	0	-2.21E-05	1.89E-06	-6.80E-06	-7.17E-06
435	14	0	0	0	0	0	0	232	254	0	-2.28E-05	2.29E-06	4.12E-07	-1.16E-05
435	15	0	0	0	0	0	0	232	254	0	-2.28E-05	2.29E-06	4.12E-07	-1.16E-05
435	16	0	0	0	0	0	0	232	254	0	-2.49E-05	3.04E-06	1.56E-05	-1.11E-05
435	17	0	0	0	0	0	0	232	254	0	-2.49E-05	3.04E-06	1.56E-05	-1.11E-05
435	18	0	0	0	0	0	0	232	254	0	-2.44E-05	3.25E-06	2.77E-05	-5.93E-06
435	19	0	0	0	0	0	0	232	254	0	-2.44E-05	3.25E-06	2.77E-05	-5.93E-06
436	0	0	0	0	0	0	0	232	254	0	-2.34E-05	3.80E-06	2.88E-05	-1.33E-05
436	1	0	0	0	0	0	0	232	254	0	-2.34E-05	3.80E-06	2.88E-05	-1.33E-05
436	2	0	0	0	0	0	0	232	254	0	-2.26E-05	4.53E-06	1.93E-05	-1.96E-05
436	3	0	0	0	0	0	0	232	254	0	-2.20E-05	4.59E-06	-4.27E-06	-9.57E-06
436	4	0	0	0	0	0	0	232	254	0	-2.20E-05	4.59E-06	-4.27E-06	-9.57E-06
436	5	0	0	0	0	0	0	232	254	0	-2.35E-05	4.97E-06	-1.46E-05	2.47E-06
436	6	0	0	0	0	0	0	232	254	0	-2.35E-05	4.97E-06	-1.46E-05	2.47E-06
436	7	0	0	0	0	0	0	232	254	0	-2.43E-05	4.45E-06	-1.71E-05	3.70E-06
436	8	0	0	0	0	0	0	232	254	0	-2.43E-05	4.45E-06	-1.71E-05	3.70E-06
436	9	0	0	0	0	0	0	232	254	0	-2.33E-05	3.82E-06	-1.48E-05	-5.82E-06
436	10	0	0	0	0	0	0	232	254	0	-2.33E-05	3.82E-06	-1.48E-05	-5.82E-06
436	11	0	0	0	0	0	0	232	254	0	-2.10E-05	3.57E-06	-7.32E-06	-3.28E-05
436	12	0	0	0	0	0	0	232	254	0	-2.13E-05	3.82E-06	-4.55E-06	-4.10E-05
436	13	0	0	0	0	0	0	232	254	0	-2.13E-05	3.82E-06	-4.55E-06	-4.10E-05
436	14	0	0	0	0	0	0	232	254	0	-2.09E-05	3.48E-06	-1.42E-05	-2.86E-05
436	15	0	0	0	0	0	0	232	254	0	-2.09E-05	3.48E-06	-1.42E-05	-2.86E-05
436	16	0	0	0	0	0	0	232	254	0	-2.01E-05	3.25E-06	-2.32E-05	-1.56E-05
436	17	0	0	0	0	0	0	232	254	0	-2.01E-05	3.25E-06	-2.32E-05	-1.56E-05
436	18	0	0	0	0	0	0	232	254	0	-1.87E-05	3.63E-06	-2.14E-05	-1.03E-05
436	19	0	0	0	0	0	0	232	254	0	-1.87E-05	3.63E-06	-2.14E-05	-1.03E-05
437	0	0	0	0	0	0	0	232	254	0	-1.93E-05	3.44E-06	-1.75E-05	-1.41E-05
437	1	0	0	0	0	0	0	232	254	0	-1.91E-05	5.29E-06	-2.22E-05	-2.18E-05
437	2	0	0	0	0	0	0	232	254	0	-1.91E-05	5.29E-06	-2.22E-05	-2.18E-05
437	3	0	0	0	0	0	0	232	254	0	-1.98E-05	5.67E-06	-2.81E-05	-2.31E-05
437	4	0	0	0	0	0	0	232	254	0	-1.98E-05	5.67E-06	-2.81E-05	-2.31E-05
437	5	0	0	0	0	0	0	232	254	0	-2.10E-05	4.20E-06	-2.35E-05	-8.81E-06
437	6	0	0	0	0	0	0	232	254	0	-2.10E-05	4.20E-06	-2.35E-05	-8.81E-06
437	7	0	0	0	0	0	0	232	254	0	-2.13E-05	4.38E-06	-2.11E-05	-3.19E-06
437	8	0	0	0	0	0	0	232	254	0	-2.13E-05	4.38E-06	-2.11E-05	-3.19E-06
437	9	0	0	0	0	0	0	232	254	0	-2.24E-05	5.77E-06	-2.13E-05	-6.72E-07
437	10	0	0	0	0	0	0	232	254	0	-2.31E-05	6.00E-06	-1.76E-05	9.85E-07
437	11	0	0	0	0	0	0	232	254	0	-2.31E-05	6.00E-06	-1.76E-05	9.85E-07
437	12	0	0	0	0	0	0	232	254	0	-2.13E-05	4.66E-06	-1.74E-05	3.03E-06
437	13	0	0	0	0	0	0	232	254	0	-2.13E-05	4.66E-06	-1.74E-05	3.03E-06
437	14	0	0	0	0	0	0	232	254	0	-1.71E-05	5.41E-06	-1.81E-05	-8.70E-06
437	15	0	0	0	0	0	0	232	254	0	-1.71E-05	5.41E-06	-1.81E-05	-8.70E-06
437	16	0	0	0	0	0	0	232	254	0	-1.34E-05	4.32E-06	-1.89E-05	-2.35E-05
437	17	0	0	0	0	0	0	232	254	0	-1.34E-05	4.32E-06	-1.89E-05	-2.35E-05
437	18	0	0	0	0	0	0	232	254	0	-1.27E-05	2.81E-06	-3.25E-05	-1.28E-05
437	19	0	0	0	0	0	0	232	254	0	-1.53E-05	2.56E-06	-3.89E-05	-1.46E-05
438	0	0	0	0	0	0	0	232	254	0	-1.53E-05	2.56E-06	-3.89E-05	-1.46E-05
438	1	0	0	0	0	0	0	232	254	0	-1.82E-05	2.94E-06	-3.37E-05	-1.26E-05
438	2	0	0	0	0	0	0	232	254	0	-1.82E-05	2.94E-06	-3.37E-05	-1.26E-05
438	3	0	0	0	0	0	0	232	254	0	-1.95E-05	3.61E-06	-2.16E-05	1.78E-06
438	4	0	0	0	0	0	0	232	254	0	-1.95E-05	3.61E-06	-2.16E-05	1.78E-06
438	5	0	0	0	0	0	0	232	254	0	-1.87E-05	4.13E-06	-1.04E-06	2.31E-06
438	6	0	0	0	0	0	0	232	254	0	-1.87E-05	4.13E-06	-1.04E-06	2.31E-06
438	7	0	0	0	0	0	0	232	254	0	-1.95E-05	3.67E-06	2.64E-05	-1.84E-05
438	8	0	0	0	0	0	0	232	254	0	-1.96E-05	3.55E-06	2.75E-05	-3.67E-05
438	9	0	0	0	0	0	0	232	254	0	-1.96E-05	3.55E-06	2.75E-05	-3.67E-05
438	10	0	0	0	0	0	0	232	254	0	-1.89E-05	3.63E-06	2.42E-06	-2.47E-05
438	11	0	0	0	0	0	0	232	254	0	-1.89E-05	3.63E-06	2.42E-06	-2.47E-05
438	12	0	0	0	0	0	0	232	254	0	-1.85E-05	3.54E-06	-2.15E-05	-1.52E-05
438	13	0	0	0	0	0	0	232	254	0	-1.85E-05	3.54E-06	-2.15E-05	-1.52E-05
438	14	0	0	0	0	0	0	232	254	0	-2.05E-05	6.15E-06	-2.59E-05	-1.28E-05
438	15	0	0	0	0	0	0	232	254	0	-2.05E-05	6.15E-06	-2.59E-05	-1.28E-05
438	16	0	0	0	0	0	0	232	254	0	-2.14E-05	6.76E-06	-1.54E-05	-8.94E-06
438	17	0	0	0	0	0	0	232	254	0	-1.98E-05	5.69E-06	-1.25E-05	-6.97E-06
438	18	0	0	0	0	0	0	232	254	0	-1.98E-05	5.69E-06	-1.25E-05	-6.97E-06
438	19	0	0	0	0	0	0	232	254	0	-2.14E-05	4.13E-06	-8.27E-06	-7.34E-06
439	0	0	0	0	0	0	0	232	254	0	-2.14E-05	4.13E-06	-8.27E-06	-7.34E-06
439	1	0	0	0	0	0	0	232	254	0	-2.45E-05	2.35E-06	4.53E-06	-5.50E-06
439	2	0	0	0	0	0	0	232	254	0	-2.45E-05	2.35E-06	4.53E-06	-5.50E-06
439	3	0	0	0	0	0	0	232	254	0	-2.55E-05	1.30E-06	1.23E-05	-3.23E-06
439	4	0	0	0	0	0	0	232	254	0	-2.55E-05	1.30E-06	1.23E-05	-3.23E-06
439	5	0	0	0	0	0	0	232	254	0	-2.66E-05	2.52E-06	-5.02E-07	-6.59E-06
439	6	0	0	0	0	0	0	232	254	0	-2.67E-05	4.87E-06	-1.24E-05	-1.15E-05
439	7	0	0	0	0	0	0	232	254	0	-2.67E-05	4.87E-06	-1.24E-05	-1.15E-05
439	8	0	0	0	0	0	0	232	254	0	-2.53E-05	4.62E-06	-1.23E-05	-1.16E-05
439	9	0	0	0	0	0	0	232	254	0	-2.53E-05	4.62E-06	-1.23E-05	-1.16E-05
439	10	0	0	0	0	0	0	232	254	0	-2.50E-05	2.87E-06	-3.18E-07	-1.75E-05
439	11	0	0	0	0	0	0	232	254	0	-2.50E-05	2.87E-06	-3.18E-07	-1.75E-05
439	12	0	0	0	0	0	0	232	254	0	-2.50E-05	3.02E-06	1.92E-05	-2.21E-05
439	13	0	0	0	0	0	0	232	254	0	-2.50E-05	3.02E-06	1.92E-05	-2.21E-05
439	14	0	0	0	0	0	0	232	254	0	-2.57E-05	3.06E-06	2.96E-05	-1.14E-05
439	15	0	0	0	0	0	0	232	254	0	-2.34E-05	3.67E-06	1.19E-05	-1.28E-05
439	16	0	0	0	0	0	0	232	254	0	-2.34E-05	3.67E-06	1.19E-05	-1.28E-05
439	17	0	0	0	0	0	0	232	254	0	-2.32E-05	5.79E-06	-1.64E-05	-2.15E-05
439	18	0	0	0	0	0	0	232	254	0	-2.32E-05	5.79E-06	-1.64E-05	-2.15E-05
439	19	0	0	0	0	0	0	232	254	0	-2.49E-05	4.99E-06	-3.18E-05	-2.02E-05
440	0	0	0	0	0	0	0	232	254	0	-2.49E-05	4.99E-06	-3.18E-05	-2.02E-05
440	1	0	0	0	0	0	0	232	254	0	-2.44E-05	3.29E-06	-4.16E-05	-1.97E-05
440	2	0	0	0	0	0	0	232	254	0	-2.44E-05	3.29E-06	-4.16E-05	-1.97E-05
440	3	0	0	0	0	0	0	232	254	0	-2.31E-05	1.89E-06	-4.02E-05	-1.95E-05
440	4	0	0	0	0	0	0	232	254	0	-2.15E-05	3.34E-06	-2.65E-05	-1.16E-05
440	5	0	0	0	0	0	0	232	254	0	-2.15E-05	3.34E-06	-2.65E-05	-1.16E-05
440	6	0	0	0	0	0	0	232	254	0	-2.06E-05	3.27E-06	-6.15E-06	-4.72E-06
440	7	0	0	0	0	0	0	232	254	0	-2.06E-05	3.27E-06	-6.15E-06	-4.72E-06
440	8	0	0	0	0	0	0	232	254	0	-1.87E-05	3.94E-06	1.47E-05	-2.33E-06
440	9	0	0	0	0	0	0	232	254	0	-1.87E-05	3.94E-06	1.47E-05	-2.33E-06
440	10	0	0	0	0	0	0	232	254	0	-1.81E-05	4.70E-06	3.47E-05	-1.17E-06
440	11	0	0	0	0	0	0	232	254	0	-1.81E-05	4.70E-06	3.47E-05	-1.17E-06
440	12	0	0	0	0	0	0	232	254	0	-1.89E-05	6.04E-06	3.41E-05	-3.25E-06
440	13	0	0	0	0	0	0	232	254	0	-1.86E-05	7.11E-06	-4.53E-06	-1.05E-05
440	14	0	0	0	0	0	0	232	254	0	-1.86E-05	7.11E-06	-4.53E-06	-1.05E-05
440	15	0	0	0	0	0	0	232	254	0	-1.99E-05	6.11E-06	-2.60E-05	-1.68E-05
440	16	0	0	0	0	0	0	232	254	0	-1.99E-05	6.11E-06	-2.60E-05	-1.68E-05
440	17	0	0	0	0	0	0	232	254	0	-2.39E-05	4.07E-06	-1.02E-05	-1.68E-05
440	18	0	0	0	0	0	0	232	254	0	-2.39E-05	4.07E-06	-1.02E-05	-1.68E-05
440	19	0	0	0	0	0	0	232	254	0	-2.33E-05	3.36E-06	3.29E-06	-1.51E-05
441	0	0	0	0	0	0	0	232	254	0	-2.33E-05	3.36E-06	3.29E-06	-1.51E-05
441	1	0	0	0	0	0	0	232	254	0	-2.34E-05	4.55E-06	1.54E-05	-1.60E-05
441	2	0	0	0	0	0	0	232	254	0	-2.66E-05	4.85E-06	1.07E-05	-1.49E-05
441	3	0	0	0	0	0	0	232	254	0	-2.66E-05	4.85E-06	1.07E-05	-1.49E-05
441	4	0	0	0	0	0	0	232	254	0	-2.81E-05	6.13E-06	-3.36E-06	-5.52E-06
441	5	0	0	0	0	0	0	232	254	0	-2.81E-05	6.13E-06	-3.36E-06	-5.52E-06
441	6	0	0	0	0	0	0	232	254	0	-2.47E-05	7.66E-06	-1.16E-05	-2.52E-06
441	7	0	0	0	0	0	0	232	254	0	-2.47E-05	7.66E-06	-1.16E-05	-2.52E-06
441	8	0	0	0	0	0	0	232	254	0	-1.98E-05	5.90E-06	-1.20E-05	-8.01E-06
441	9	0	0	0	0	0	0	232	254	0	-1.98E-05	5.90E-06	-1.20E-05	-8.01E-06
441	10	0	0	0	0	0	0	232	254	0	-8.73E-06	4.95E-06	-1.35E-05	-1.44E-05
441	11	0	0	0	0	0	0	232	254	0	-6.50E-06	5.37E-06	-1.75E-05	-2.01E-05
441	12	0	0	0	0	0	0	232	254	0	-6.50E-06	5.37E-06	-1.75E-05	-2.01E-05
441	13	0	0	0	0	0	0	232	254	0	-1.61E-05	4.05E-06	-1.83E-05	-1.78E-05
441	14	0	0	0	0	0	0	232	254	0	-1.61E-05	4.05E-06	-1.83E-05	-1.78E-05
441	15	0	0	0	0	0	0	232	254	0	-1.96E-05	3.17E-06	-2.01E-05	-1.22E-05
441	16	0	0	0	0	0	0	232	254	0	-1.96E-05	3.17E-06	-2.01E-05	-1.22E-05
441	17	0	0	0	0	0	0	232	254	0	-1.96E-05	4.36E-06	-2.40E-05	-1.15E-05
441	18	0	0	0	0	0	0	232	254	0	-1.96E-05	4.36E-06	-2.40E-05	-1.15E-05
441	19	0	0	0	0	0	0	232	254	0	-1.98E-05	5.37E-06	-2.58E-05	-5.75E-06
442	0	0	0	0	0	0	0	232	254	0	-2.22E-05	4.24E-06	-2.24E-05	4.36E-06
442	1	0	0	0	0	0	0	232	254	0	-2.22E-05	4.24E-06	-2.24E-05	4.36E-06
442	2	0	0	0	0	0	0	232	254	0	-2.38E-05	4.83E-06	-1.74E-05	3.02E-06
442	3	0	0	0	0	0	0	232	254	0	-2.38E-05	4.83E-06	-1.74E-05	3.02E-06
442	4	0	0	0	0	0	0	232	254	0	-2.25E-05	6.99E-06	-2.02E-05	1.24E-06
442	5	0	0	0	0	0	0	232	254	0	-2.25E-05	6.99E-06	-2.02E-05	1.24E-06
442	6	0	0	0	0	0	0	232	254	0	-2.17E-05	7.41E-06	-2.52E-05	-4.76E-06
442	7	0	0	0	0	0	0	232	254	0	-2.17E-05	7.41E-06	-2.52E-05	-4.76E-06
442	8	0	0	0	0	0	0	232	254	0	-2.19E-05	5.16E-06	-2.50E-05	-1.96E-05
442	9	0	0	0	0	0	0	232	254	0	-1.98E-05	4.89E-06	-2.00E-05	-4.01E-05
442	10	0	0	0	0	0	0	232	254	0	-1.98E-05	4.89E-06	-2.00E-05	-4.01E-05
442	11	0	0	0	0	0	0	232	254	0	-2.00E-05	5.01E-06	-1.72E-05	-4.98E-05
442	12	0	0	0	0	0	0	232	254	0	-2.00E-05	5.01E-06	-1.72E-05	-4.98E-05
442	13	0	0	0	0	0	0	232	254	0	-2.04E-05	4.89E-06	-1.26E-05	-1.48E-05
442	14	0	0	0	0	0	0	232	254	0	-2.04E-05	4.89E-06	-1.26E-05	-1.48E-05
442	15	0	0	0	0	0	0	232	254	0	-2.12E-05	5.06E-06	-1.14E-05	7.85E-06
442	16	0	0	0	0	0	0	232	254	0	-2.12E-05	5.06E-06	-1.14E-05	7.85E-06
442	17	0	0	0	0	0	0	232	254	0	-2.16E-05	5.18E-06	-1.73E-05	1.17E-05
442	18	0	0	0	0	0	0	232	254	0	-2.13E-05	5.06E-06	-1.74E-05	-3.27E-06
442	19	0	0	0	0	0	0	232	254	0	-2.13E-05	5.06E-06	-1.74E-05	-3.27E-06
443	0	0	0	0	0	0	0	232	254	0	-2.13E-05	5.25E-06	-7.89E-06	-2.30E-05
443	1	0	0	0	0	0	0	232	254	0	-2.13E-05	5.25E-06	-7.89E-06	-2.30E-05
443	2	0	0	0	0	0	0	232	254	0	-2.22E-05	5.54E-06	-7.55E-07	-2.53E-05
443	3	0	0	0	0	0	0	232	254	0	-2.22E-05	5.54E-06	-7.55E-07	-2.53E-05
443	4	0	0	0	0	0	0	232	254	0	-2.16E-05	5.58E-06	-5.04E-07	-2.70E-05
443	5	0	0	0	0	0	0	232	254	0	-2.16E-05	5.58E-06	-5.04E-07	-2.70E-05
443	6	0	0	0	0	0	0	232	254	0	-2.10E-05	5.87E-06	-3.15E-06	-2.54E-05
443	7	0	0	0	0	0	0	232	254	0	-2.11E-05	5.64E-06	-5.50E-06	-1.38E-05
443	8	0	0	0	0	0	0	232	254	0	-2.11E-05	5.64E-06	-5.50E-06	-1.38E-05
443	9	0	0	0	0	0	0	232	254	0	-2.17E-05	4.01E-06	-8.04E-06	-1.06E-05
443	10	0	0	0	0	0	0	232	254	0	-2.17E-05	4.01E-06	-8.04E-06	-1.06E-05
443	11	0	0	0	0	0	0	232	254	0	-2.18E-05	4.11E-06	-1.16E-05	-1.27E-05
443	12	0	0	0	0	0	0	232	254	0	-2.18E-05	4.11E-06	-1.16E-05	-1.27E-05
443	13	0	0	0	0	0	0	232	254	0	-2.18E-05	5.92E-06	-1.24E-05	-8.81E-06
443	14	0	0	0	0	0	0	232	254	0	-2.18E-05	5.92E-06	-1.24E-05	-8.81E-06
443	15	0	0	0	0	0	0	232	254	0	-2.26E-05	6.04E-06	-8.08E-06	-8.58E-06
443	16	0	0	0	0	0	0	232	254	0	-2.18E-05	4.91E-06	-8.39E-07	-1.10E-05
443	17	0	0	0	0	0	0	232	254	0	-2.18E-05	4.91E-06	-8.39E-07	-1.10E-05
443	18	0	0	0	0	0	0	232	254	0	-2.05E-05	5.37E-06	9.23E-07	-1.04E-05
443	19	0	0	0	0	0	0	232	254	0	-2.05E-05	5.37E-06	9.23E-07	-1.04E-05
444	0	0	0	0	0	0	0	232	254	0	-1.90E-05	6.46E-06	-3.94E-06	-1.30E-05
444	1	0	0	0	0	0	0	232	254	0	-1.90E-05	6.46E-06	-3.94E-06	-1.30E-05
444	2	0	0	0	0	0	0	232	254	0	-1.71E-05	5.75E-06	-9.38E-06	-1.52E-05
444	3	0	0	0	0	0	0	232	254	0	-1.71E-05	5.75E-06	-9.38E-06	-1.52E-05
444	4	0	0	0	0	0	0	232	254	0	-1.80E-05	4.93E-06	-1.01E-05	-1.01E-05
444	5	0	0	0	0	0	0	232	254	0	-1.95E-05	5.39E-06	-8.01E-06	-1.04E-05
444	6	0	0	0	0	0	0	232	254	0	-1.95E-05	5.39E-06	-8.01E-06	-1.04E-05
444	7	0	0	0	0	0	0	232	254	0	-1.98E-05	5.58E-06	-9.80E-06	-1.42E-05
444	8	0	0	0	0	0	0	232	254	0	-1.98E-05	5.58E-06	-9.80E-06	-1.42E-05
444	9	0	0	0	0	0	0	232	254	0	-1.84E-05	5.81E-06	-1.75E-05	-1.37E-05
444	10	0	0	0	0	0	0	232	254	0	-1.84E-05	5.81E-06	-1.75E-05	-1.37E-05
444	11	0	0	0	0	0	0	232	254	0	-1.82E-05	5.16E-06	-2.73E-05	-1.37E-05
444	12	0	0	0	0	0	0	232	254	0	-1.82E-05	5.16E-06	-2.73E-05	-1.37E-05
444	13	0	0	0	0	0	0	232	254	0	-1.90E-05	3.61E-06	-2.81E-05	-8.85E-06
444	14	0	0	0	0	0	0	232	254	0	-1.90E-05	3.08E-06	-1.67E-05	-1.34E-06
444	15	0	0	0	0	0	0	232	254	0	-1.90E-05	3.08E-06	-1.67E-05	-1.34E-06
444	16	0	0	0	0	0	0	232	254	0	-1.95E-05	3.50E-06	4.33E-06	-8.40E-07
444	17	0	0	0	0	0	0	232	254	0	-1.95E-05	3.50E-06	4.33E-06	-8.40E-07
444	18	0	0	0	0	0	0	232	254	0	-2.11E-05	3.17E-06	1.69E-05	-7.07E-06
444	19	0	0	0	0	0	0	232	254	0	-2.11E-05	3.17E-06	1.69E-05	-7.07E-06
445	0	0	0	0	0	0	0	232	254	0	-2.18E-05	1.83E-06	1.47E-05	-1.79E-05
445	1	0	0	0	0	0	0	232	254	0	-2.18E-05	1.83E-06	1.47E-05	-1.79E-05
445	2	0	0	0	0	0	0	232	254	0	-2.30E-05	2.08E-06	3.27E-06	-1.82E-05
445	3	0	0	0	0	0	0	232	254	0	-2.28E-05	5.04E-06	-1.09E-06	-1.67E-05
445	4	0	0	0	0	0	0	232	254	0	-2.28E-05	5.04E-06	-1.09E-06	-1.67E-05
445	5	0	0	0	0	0	0	232	254	0	-2.18E-05	6.06E-06	-3.38E-06	-1.94E-05
445	6	0	0	0	0	0	0	232	254	0	-2.18E-05	6.06E-06	-3.38E-06	-1.94E-05
445	7	0	0	0	0	0	0	232	254	0	-2.24E-05	5.06E-06	-6.78E-06	-1.74E-05
445	8	0	0	0	0	0	0	232	254	0	-2.24E-05	5.06E-06	-6.78E-06	-1.74E-05
445	9	0	0	0	0	0	0	232	254	0	-2.19E-05	5.12E-06	-4.28E-06	-1.58E-05
445	10	0	0	0	0	0	0	232	254	0	-2.19E-05	5.12E-06	-4.28E-06	-1.58E-05
445	11	0	0	0	0	0	0	232	254	0	-2.13E-05	4.68E-06	-1.11E-06	-1.41E-05
445	12	0	0	0	0	0	0	232	254	0	-1.97E-05	5.60E-06	-8.62E-06	-2.04E-05
445	13	0	0	0	0	0	0	232	254	0	-1.97E-05	5.60E-06	-8.62E-06	-2.04E-05
445	14	0	0	0	0	0	0	232	254	0	-1.92E-05	4.70E-06	-1.51E-05	-2.26E-05
445	15	0	0	0	0	0	0	232	254	0	-1.92E-05	4.70E-06	-1.51E-05	-2.26E-05
445	16	0	0	0	0	0	0	232	254	0	-1.83E-05	3.50E-06	-1.69E-05	-1.82E-05
445	17	0	0	0	0	0	0	232	254	0	-1.83E-05	3.50E-06	-1.69E-05	-1.82E-05
445	18	0	0	0	0	0	0	232	254	0	-1.86E-05	3.48E-06	-1.91E-05	-1.49E-05
445	19	0	0	0	0	0	0	232	254	0	-1.86E-05	3.48E-06	-1.91E-05	-1.49E-05
446	0	0	0	0	0	0	0	232	254	0	-1.97E-05	4.39E-06	-1.94E-05	-1.17E-05
446	1	0	0	0	0	0	0	232	254	0	-2.02E-05	4.41E-06	-1.53E-05	-9.78E-06
446	2	0	0	0	0	0	0	232	254	0	-2.02E-05	4.41E-06	-1.53E-05	-9.78E-06
446	3	0	0	0	0	0	0	232	254	0	-2.17E-05	3.52E-06	-4.72E-06	-6.17E-06
446	4	0	0	0	0	0	0	232	254	0	-2.17E-05	3.52E-06	-4.72E-06	-6.17E-06
446	5	0	0	0	0	0	0	232	254	0	-2.22E-05	3.57E-06	3.73E-06	-3.84E-06
446	6	0	0	0	0	0	0	232	254	0	-2.22E-05	3.57E-06	3.73E-06	-3.84E-06
446	7	0	0	0	0	0	0	232	254	0	-2.20E-05	3.90E-06	-4.85E-06	-6.65E-06
446	8	0	0	0	0	0	0	232	254	0	-2.20E-05	3.90E-06	-4.85E-06	-6.65E-06
446	9	0	0	0	0	0	0	232	254	0	-2.82E-05	4.39E-06	-2.72E-05	-1.12E-05
446	10	0	0	0	0	0	0	232	254	0	-2.98E-05	5.60E-06	-3.47E-05	-1.28E-05
446	11	0	0	0	0	0	0	232	254	0	-2.98E-05	5.60E-06	-3.47E-05	-1.28E-05
446	12	0	0	0	0	0	0	232	254	0	-2.63E-05	4.66E-06	-2.08E-05	-1.14E-05
446	13	0	0	0	0	0	0	232	254	0	-2.63E-05	4.66E-06	-2.08E-05	-1.14E-05
446	14	0	0	0	0	0	0	232	254	0	-2.32E-05	3.40E-06	-6.96E-06	-1.01E-05
446	15	0	0	0	0	0	0	232	254	0	-2.32E-05	3.40E-06	-6.96E-06	-1.01E-05
446	16	0	0	0	0	0	0	232	254	0	-2.24E-05	4.85E-06	-1.87E-06	-1.00E-05
446	17	0	0	0	0	0	0	232	254	0	-2.24E-05	4.85E-06	-1.87E-06	-1.00E-05
446	18	0	0	0	0	0	0	232	254	0	-2.30E-05	4.87E-06	-3.97E-06	-8.41E-06
446	19	0	0	0	0	0	0	232	254	0	-2.24E-05	6.11E-06	-9.76E-06	-8.94E-06
447	0	0	0	0	0	0	0	232	254	0	-2.24E-05	6.11E-06	-9.76E-06	-8.94E-06
447	1	0	0	0	0	0	0	232	254	0	-2.04E-05	6.21E-06	-1.22E-05	-1.15E-05
447	2	0	0	0	0	0	0	232	254	0	-2.04E-05	6.21E-06	-1.22E-05	-1.15E-05
447	3	0	0	0	0	0	0	232	254	0	-1.86E-05	3.90E-06	-1.12E-05	-1.12E-05
447	4	0	0	0	0	0	0	232	254	0	-1.86E-05	3.90E-06	-1.12E-05	-1.12E-05
447	5	0	0	0	0	0	0	232	254	0	-1.84E-05	4.36E-06	-8.56E-06	-1.35E-05
447	6	0	0	0	0	0	0	232	254	0	-1.84E-05	4.36E-06	-8.56E-06	-1.35E-05
447	7	0	0	0	0	0	0	232	254	0	-1.92E-05	5.58E-06	-6.21E-06	-1.29E-05
447	8	0	0	0	0	0	0	232	254	0	-1.95E-05	5.69E-06	-6.80E-06	-1.29E-05
447	9	0	0	0	0	0	0	232	254	0	-1.95E-05	5.69E-06	-6.80E-06	-1.29E-05
447	10	0	0	0	0	0	0	232	254	0	-1.93E-05	4.30E-06	-1.07E-05	-1.31E-05
447	11	0	0	0	0	0	0	232	254	0	-1.93E-05	4.30E-06	-1.07E-05	-1.31E-05
447	12	0	0	0	0	0	0	232	254	0	-1.83E-05	3.90E-06	-8.47E-06	-9.21E-06
447	13	0	0	0	0	0	0	232	254	0	-1.83E-05	3.90E-06	-8.47E-06	-9.21E-06
447	14	0	0	0	0	0	0	232	254	0	-1.84E-05	4.24E-06	-2.98E-06	-6.82E-06
447	15	0	0	0	0	0	0	232	254	0	-1.84E-05	4.24E-06	-2.98E-06	-6.82E-06
447	16	0	0	0	0	0	0	232	254	0	-2.20E-05	4.34E-06	-2.10E-06	-9.09E-06
447	17	0	0	0	0	0	0	232	254	0	-2.54E-05	2.96E-06	-6.46E-06	-1.97E-05
447	18	0	0	0	0	0	0	232	254	0	-2.54E-05	2.96E-06	-6.46E-06	-1.97E-05
447	19	0	0	0	0	0	0	232	254	0	-2.59E-05	2.52E-06	-8.48E-06	-1.79E-05
448	0	0	0	0	0	0	0	232	254	0	-2.59E-05	2.52E-06	-8.48E-06	-1.79E-05
448	1	0	0	0	0	0	0	232	254	0	-2.69E-05	2.73E-06	-1.11E-05	-1.01E-05
448	2	0	0	0	0	0	0	232	254	0	-2.69E-05	2.73E-06	-1.11E-05	-1.01E-05
448	3	0	0	0	0	0	0	232	254	0	-2.92E-05	4.34E-06	-1.77E-05	-9.21E-06
448	4	0	0	0	0	0	0	232	254	0	-2.92E-05	4.34E-06	-1.77E-05	-9.21E-06
448	5	0	0	0	0	0	0	232	254	0	-2.80E-05	5.52E-06	-2.00E-05	-1.16E-05
448	6	0	0	0	0	0	0	232	254	0	-2.53E-05	6.42E-06	-1.77E-05	-1.26E-05
448	7	0	0	0	0	0	0	232	254	0	-2.53E-05	6.42E-06	-1.77E-05	-1.26E-05
448	8	0	0	0	0	0	0	232	254	0	-2.53E-05	5.69E-06	-1.45E-05	-1.07E-05
448	9	0	0	0	0	0	0	232	254	0	-2.53E-05	5.69E-06	-1.45E-05	-1.07E-05
448	10	0	0	0	0	0	0	232	254	0	-2.38E-05	6.65E-06	-5.24E-06	-2.26E-05
448	11	0	0	0	0	0	0	232	254	0	-2.38E-05	6.65E-06	-5.24E-06	-2.26E-05
448	12	0	0	0	0	0	0	232	254	0	-1.64E-05	6.29E-06	4.62E-06	-3.53E-05
448	13	0	0	0	0	0	0	232	254	0	-1.64E-05	6.29E-06	4.62E-06	-3.53E-05
448	14	0	0	0	0	0	0	232	254	0	-8.16E-06	6.27E-06	9.12E-06	-2.85E-05
448	15	0	0	0	0	0	0	232	254	0	-8.29E-06	2.12E-06	1.69E-06	-1.25E-05
448	16	0	0	0	0	0	0	232	254	0	-8.29E-06	2.12E-06	1.69E-06	-1.25E-05
448	17	0	0	0	0	0	0	232	254	0	-1.27E-05	3.21E-06	-1.22E-05	-1.11E-05
448	18	0	0	0	0	0	0	232	254	0	-1.27E-05	3.21E-06	-1.22E-05	-1.11E-05
448	19	0	0	0	0	0	0	232	254	0	-1.62E-05	5.22E-06	-1.20E-05	-1.08E-05
449	0	0	0	0	0	0	0	232	254	0	-1.62E-05	5.22E-06	-1.20E-05	-1.08E-05
449	1	0	0	0	0	0	0	232	254	0	-1.79E-05	1.78E-06	-1.16E-05	-1.01E-05
449	2	0	0	0	0	0	0	232	254	0	-1.79E-05	1.78E-06	-1.16E-05	-1.01E-05
449	3	0	0	0	0	0	0	232	254	0	-1.98E-05	1.55E-06	-1.25E-05	-1.13E-05
449	4	0	0	0	0	0	0	232	254	0	-1.85E-05	3.00E-06	-8.43E-06	-1.28E-05
449	5	0	0	0	0	0	0	232	254	0	-1.85E-05	3.00E-06	-8.43E-06	-1.28E-05
449	6	0	0	0	0	0	0	232	254	0	-1.78E-05	2.92E-06	-2.52E-06	-1.19E-05
449	7	0	0	0	0	0	0	232	254	0	-1.78E-05	2.92E-06	-2.52E-06	-1.19E-05
449	8	0	0	0	0	0	0	232	254	0	-1.95E-05	3.25E-06	-9.26E-07	-9.61E-06
449	9	0	0	0	0	0	0	232	254	0	-1.95E-05	3.25E-06	-9.26E-07	-9.61E-06
449	10	0	0	0	0	0	0	232	254	0	-2.06E-05	2.58E-06	-6.21E-06	-9.92E-06
449	11	0	0	0	0	0	0	232	254	0	-2.06E-05	2.58E-06	-6.21E-06	-9.92E-06
449	12	0	0	0	0	0	0	232	254	0	-2.08E-05	2.96E-06	-5.98E-06	-9.92E-06
449	13	0	0	0	0	0	0	232	254	0	-2.16E-05	2.52E-06	-4.68E-06	-9.06E-06
449	14	0	0	0	0	0	0	232	254	0	-2.16E-05	2.52E-06	-4.68E-06	-9.06E-06
449	15	0	0	0	0	0	0	232	254	0	-2.12E-05	2.81E-06	-7.77E-06	-1.05E-05
449	16	0	0	0	0	0	0	232	254	0	-2.12E-05	2.81E-06	-7.77E-06	-1.05E-05
449	17	0	0	0	0	0	0	232	254	0	-2.20E-05	5.08E-06	-1.53E-05	-1.19E-05
449	18	0	0	0	0	0	0	232	254	0	-2.20E-05	5.08E-06	-1.53E-05	-1.19E-05
449	19	0	0	0	0	0	0	232	254	0	-2.30E-05	6.76E-06	-2.42E-05	-9.34E-06
450	0	0	0	0	0	0	0	232	254	0	-2.30E-05	6.76E-06	-2.42E-05	-9.34E-06
450	1	0	0	0	0	0	0	232	254	0	-2.26E-05	8.08E-06	-1.66E-05	-7.76E-06
450	2	0	0	0	0	0	0	232	254	0	-2.24E-05	6.78E-06	-5.18E-06	-8.20E-06
450	3	0	0	0	0	0	0	232	254	0	-2.24E-05	6.78E-06	-5.18E-06	-8.20E-06
450	4	0	0	0	0	0	0	232	254	0	-2.17E-05	4.89E-06	-6.55E-06	-9.44E-06
450	5	0	0	0	0	0	0	232	254	0	-2.17E-05	4.89E-06	-6.55E-06	-9.44E-06
450	6	0	0	0	0	0	0	232	254	0	-2.18E-05	4.97E-06	-8.92E-06	-1.12E-05
450	7	0	0	0	0	0	0	232	254	0	-2.18E-05	4.97E-06	-8.92E-06	-1.12E-05
450	8	0	0	0	0	0	0	232	254	0	-2.24E-05	4.83E-06	-9.25E-06	-1.35E-05
450	9	0	0	0	0	0	0	232	254	0	-2.24E-05	4.83E-06	-9.25E-06	-1.35E-05
450	10	0	0	0	0	0	0	232	254	0	-2.02E-05	6.97E-06	-1.07E-05	-1.24E-05
450	11	0	0	0	0	0	0	232	254	0	-1.97E-05	7.45E-06	-1.16E-05	-1.10E-05
450	12	0	0	0	0	0	0	232	254	0	-1.97E-05	7.45E-06	-1.16E-05	-1.10E-05
450	13	0	0	0	0	0	0	232	254	0	-2.05E-05	6.44E-06	-1.31E-05	-1.16E-05
450	14	0	0	0	0	0	0	232	254	0	-2.05E-05	6.44E-06	-1.31E-05	-1.16E-05
450	15	0	0	0	0	0	0	232	254	0	-2.18E-05	4.53E-06	-1.41E-05	-1.05E-05
450	16	0	0	0	0	0	0	232	254	0	-2.18E-05	4.53E-06	-1.41E-05	-1.05E-05
450	17	0	0	0	0	0	0	232	254	0	-2.08E-05	4.49E-06	-1.53E-05	-1.01E-05
450	18	0	0	0	0	0	0	232	254	0	-2.08E-05	4.49E-06	-1.53E-05	-1.01E-05
450	19	0	0	0	0	0	0	232	254	0	-2.12E-05	4.62E-06	-1.67E-05	-1.01E-05
451	0	0	0	0	0	0	0	232	254	0	-2.27E-05	7.38E-06	-1.46E-05	-8.64E-06
451	1	0	0	0	0	0	0	232	254	0	-2.27E-05	7.38E-06	-1.46E-05	-8.64E-06
451	2	0	0	0	0	0	0	232	254	0	-2.34E-05	6.29E-06	-1.25E-05	-5.35E-06
451	3	0	0	0	0	0	0	232	254	0	-2.34E-05	6.29E-06	-1.25E-05	-5.35E-06
451	4	0	0	0	0	0	0	232	254	0	-2.67E-05	6.92E-06	-1.13E-05	-1.22E-05
451	5	0	0	0	0	0	0	232	254	0	-2.67E-05	6.92E-06	-1.13E-05	-1.22E-05
451	6	0	0	0	0	0	0	232	254	0	-2.93E-05	7.39E-06	-6.73E-06	-2.09E-05
451	7	0	0	0	0	0	0	232	254	0	-2.93E-05	7.39E-06	-6.73E-06	-2.09E-05
451	8	0	0	0	0	0	0	232	254	0	-2.86E-05	8.35E-06	-7.29E-06	-2.51E-05
451	9	0	0	0	0	0	0	232	254	0	-2.66E-05	6.57E-06	-1.85E-05	-2.74E-05
451	10	0	0	0	0	0	0	232	254	0	-2.66E-05	6.57E-06	-1.85E-05	-2.74E-05
451	11	0	0	0	0	0	0	232	254	0	-2.58E-05	4.32E-06	-1.86E-05	-2.09E-05
451	12	0	0	0	0	0	0	232	254	0	-2.58E-05	4.32E-06	-1.86E-05	-2.09E-05
451	13	0	0	0	0	0	0	232	254	0	-2.42E-05	3.92E-06	-1.07E-05	-1.54E-05
451	14	0	0	0	0	0	0	232	254	0	-2.42E-05	3.92E-06	-1.07E-05	-1.54E-05
451	15	0	0	0	0	0	0	232	254	0	-2.32E-05	3.13E-06	-7.42E-06	-1.61E-05
451	16	0	0	0	0	0	0	232	254	0	-2.32E-05	3.13E-06	-7.42E-06	-1.61E-05
451	17	0	0	0	0	0	0	232	254	0	-2.35E-05	2.50E-06	-4.58E-06	-1.37E-05
451	18	0	0	0	0	0	0	232	254	0	-1.60E-05	1.26E-06	-8.12E-06	-7.32E-06
451	19	0	0	0	0	0	0	232	254	0	-1.60E-05	1.26E-06	-8.12E-06	-7.32E-06
452	0	0	0	0	0	0	0	232	254	0	-8.32E-06	2.37E-06	-1.42E-05	-6.07E-06
452	1	0	0	0	0	0	0	232	254	0	-8.32E-06	2.37E-06	-1.42E-05	-6.07E-06
452	2	0	0	0	0	0	0	232	254	0	-1.94E-05	6.11E-06	-1.10E-05	-9.57E-06
452	3	0	0	0	0	0	0	232	254	0	-1.94E-05	6.11E-06	-1.10E-05	-9.57E-06
452	4	0	0	0	0	0	0	232	254	0	-2.65E-05	6.19E-06	-1.44E-06	-1.68E-05
452	5	0	0	0	0	0	0	232	254	0	-2.65E-05	6.19E-06	-1.44E-06	-1.68E-05
452	6	0	0	0	0	0	0	232	254	0	-2.29E-05	3.55E-06	3.97E-06	-1.76E-05
452	7	0	0	0	0	0	0	232	254	0	-2.23E-05	2.69E-06	5.24E-06	-1.46E-05
452	8	0	0	0	0	0	0	232	254	0	-2.23E-05	2.69E-06	5.24E-06	-1.46E-05
452	9	0	0	0	0	0	0	232	254	0	-2.47E-05	3.82E-06	4.17E-07	-1.17E-05
452	10	0	0	0	0	0	0	232	254	0	-2.47E-05	3.82E-06	4.17E-07	-1.17E-05
452	11	0	0	0	0	0	0	232	254	0	-2.46E-05	3.52E-06	-3.07E-06	-3.76E-08
452	12	0	0	0	0	0	0	232	254	0	-2.46E-05	3.52E-06	-3.07E-06	-3.76E-08
452	13	0	0	0	0	0	0	232	254	0	-2.05E-05	3.57E-06	-7.77E-06	4.38E-06
452	14	0	0	0	0	0	0	232	254	0	-2.05E-05	3.57E-06	-7.77E-06	4.38E-06
452	15	0	0	0	0	0	0	232	254	0	-1.01E-05	3.86E-06	-1.43E-05	-2.97E-06
452	16	0	0	0	0	0	0	232	254	0	-1.44E-06	3.90E-06	-1.66E-05	2.48E-06
452	17	0	0	0	0	0	0	232	254	0	-1.44E-06	3.90E-06	-1.66E-05	2.48E-06
452	18	0	0	0	0	0	0	232	254	0	-1.36E-05	4.53E-06	-1.36E-05	3.17E-06
452	19	0	0	0	0	0	0	232	254	0	-1.36E-05	4.53E-06	-1.36E-05	3.17E-06
453	0	0	0	0	0	0	0	232	254	0	-1.98E-05	6.92E-06	-1.28E-05	-1.56E-05
453	1	0	0	0	0	0	0	232	254	0	-1.98E-05	6.92E-06	-1.28E-05	-1.56E-05
453	2	0	0	0	0	0	0	232	254	0	-1.69E-05	7.01E-06	-1.36E-05	-2.31E-05
453	3	0	0	0	0	0	0	232	254	0	-1.69E-05	7.01E-06	-1.36E-05	-2.31E-05
453	4	0	0	0	0	0	0	232	254	0	-1.90E-05	5.43E-06	-6.37E-06	-2.23E-05
453	5	0	0	0	0	0	0	232	254	0	-2.16E-05	4.59E-06	1.97E-06	-2.65E-05
453	6	0	0	0	0	0	0	232	254	0	-2.16E-05	4.59E-06	1.97E-06	-2.65E-05
453	7	0	0	0	0	0	0	232	254	0	-2.34E-05	3.76E-06	2.43E-06	-2.62E-05
453	8	0	0	0	0	0	0	232	254	0	-2.34E-05	3.76E-06	2.43E-06	-2.62E-05
453	9	0	0	0	0	0	0	232	254	0	-2.41E-05	3.17E-06	-1.09E-06	-3.11E-05
453	10	0	0	0	0	0	0	232	254	0	-2.41E-05	3.17E-06	-1.09E-06	-3.11E-05
453	11	0	0	0	0	0	0	232	254	0	-2.47E-05	4.43E-06	-5.84E-06	-2.01E-05
453	12	0	0	0	0	0	0	232	254	0	-2.47E-05	4.43E-06	-5.84E-06	-2.01E-05
453	13	0	0	0	0	0	0	232	254	0	-2.31E-05	5.73E-06	-1.09E-05	-5.81E-06
453	14	0	0	0	0	0	0	232	254	0	-2.23E-05	3.31E-06	-1.60E-05	-7.83E-06
453	15	0	0	0	0	0	0	232	254	0	-2.23E-05	3.31E-06	-1.60E-05	-7.83E-06
453	16	0	0	0	0	0	0	232	254	0	-2.74E-05	2.02E-06	-1.87E-05	-7.67E-06
453	17	0	0	0	0	0	0	232	254	0	-2.74E-05	2.02E-06	-1.87E-05	-7.67E-06
453	18	0	0	0	0	0	0	232	254	0	-2.86E-05	3.57E-06	-2.06E-05	-1.91E-06
453	19	0	0	0	0	0	0	232	254	0	-2.86E-05	3.57E-06	-2.06E-05	-1.91E-06
454	0	0	0	0	0	0	0	232	254	0	-2.64E-05	6.21E-06	-2.26E-05	-5.65E-06
454	1	0	0	0	0	0	0	232	254	0	-2.64E-05	6.21E-06	-2.26E-05	-5.65E-06
454	2	0	0	0	0	0	0	232	254	0	-2.50E-05	5.96E-06	-1.86E-05	-1.30E-05
454	3	0	0	0	0	0	0	232	254	0	-2.35E-05	4.15E-06	-6.94E-06	-1.95E-05
454	4	0	0	0	0	0	0	232	254	0	-2.35E-05	4.15E-06	-6.94E-06	-1.95E-05
454	5	0	0	0	0	0	0	232	254	0	-2.12E-05	4.03E-06	-7.37E-07	-3.09E-05
454	6	0	0	0	0	0	0	232	254	0	-2.12E-05	4.03E-06	-7.37E-07	-3.09E-05
454	7	0	0	0	0	0	0	232	254	0	-2.06E-05	4.93E-06	-3.40E-06	-3.63E-05
454	8	0	0	0	0	0	0	232	254	0	-2.06E-05	4.93E-06	-3.40E-06	-3.63E-05
454	9	0	0	0	0	0	0	232	254	0	-2.33E-05	2.92E-06	-2.01E-06	-3.16E-05
454	10	0	0	0	0	0	0	232	254	0	-2.33E-05	2.92E-06	-2.01E-06	-3.16E-05
454	11	0	0	0	0	0	0	232	254	0	-2.57E-05	2.29E-06	-2.42E-07	-1.36E-05
454	12	0	0	0	0	0	0	232	254	0	-2.54E-05	3.13E-06	-1.29E-05	-5.60E-06
454	13	0	0	0	0	0	0	232	254	0	-2.54E-05	3.13E-06	-1.29E-05	-5.60E-06
454	14	0	0	0	0	0	0	232	254	0	-2.30E-05	3.82E-06	-1.54E-05	-8.50E-06
454	15	0	0	0	0	0	0	232	254	0	-2.30E-05	3.82E-06	-1.54E-05	-8.50E-06
454	16	0	0	0	0	0	0	232	254	0	-2.19E-05	3.48E-06	-7.55E-06	-8.77E-06
454	17	0	0	0	0	0	0	232	254	0	-2.19E-05	3.48E-06	-7.55E-06	-8.77E-06
454	18	0	0	0	0	0	0	232	254	0	-2.13E-05	3.29E-06	2.86E-06	-5.16E-06
454	19	0	0	0	0	0	0	232	254	0	-2.13E-05	3.29E-06	2.86E-06	-5.16E-06
455	0	0	0	0	0	0	0	232	254	0	-2.21E-05	4.09E-06	9.61E-06	-3.07E-06
455	1	0	0	0	0	0	0	232	254	0	-2.27E-05	4.62E-06	7.30E-06	-7.64E-06
455	2	0	0	0	0	0	0	232	254	0	-2.27E-05	4.62E-06	7.30E-06	-7.64E-06
455	3	0	0	0	0	0	0	232	254	0	-2.07E-05	5.20E-06	4.82E-06	-1.27E-05
455	4	0	0	0	0	0	0	232	254	0	-2.07E-05	5.20E-06	4.82E-06	-1.27E-05
455	5	0	0	0	0	0	0	232	254	0	-1.95E-05	5.29E-06	-1.27E-06	-1.04E-05
455	6	0	0	0	0	0	0	232	254	0	-1.95E-05	5.29E-06	-1.27E-06	-1.04E-05
455	7	0	0	0	0	0	0	232	254	0	-2.24E-05	5.96E-06	-9.87E-06	-6.23E-06
455	8	0	0	0	0	0	0	232	254	0	-2.24E-05	5.96E-06	-9.87E-06	-6.23E-06
455	9	0	0	0	0	0	0	232	254	0	-2.48E-05	6.69E-06	-1.74E-05	-1.51E-06
455	10	0	0	0	0	0	0	232	254	0	-2.24E-05	7.49E-06	-2.36E-05	-6.53E-07
455	11	0	0	0	0	0	0	232	254	0	-2.24E-05	7.49E-06	-2.36E-05	-6.53E-07
455	12	0	0	0	0	0	0	232	254	0	-1.67E-05	5.58E-06	-2.71E-05	-3.36E-06
455	13	0	0	0	0	0	0	232	254	0	-1.67E-05	5.58E-06	-2.71E-05	-3.36E-06
455	14	0	0	0	0	0	0	232	254	0	-1.38E-05	3.48E-06	-2.75E-05	-7.68E-06
455	15	0	0	0	0	0	0	232	254	0	-1.38E-05	3.48E-06	-2.75E-05	-7.68E-06
455	16	0	0	0	0	0	0	232	254	0	-1.68E-05	3.44E-06	-2.76E-05	-1.36E-05
455	17	0	0	0	0	0	0	232	254	0	-1.68E-05	3.44E-06	-2.76E-05	-1.36E-05
455	18	0	0	0	0	0	0	232	254	0	-1.83E-05	5.63E-06	-1.92E-05	-1.76E-05
455	19	0	0	0	0	0	0	232	254	0	-1.82E-05	8.43E-06	-8.10E-06	-2.99E-05
456	0	0	0	0	0	0	0	232	254	0	-1.82E-05	8.43E-06	-8.10E-06	-2.99E-05
456	1	0	0	0	0	0	0	232	254	0	-1.96E-05	7.55E-06	-6.40E-06	-2.15E-05
456	2	0	0	0	0	0	0	232	254	0	-1.96E-05	7.55E-06	-6.40E-06	-2.15E-05
456	3	0	0	0	0	0	0	232	254	0	-1.90E-05	7.47E-06	-9.02E-06	-2.00E-05
456	4	0	0	0	0	0	0	232	254	0	-1.90E-05	7.47E-06	-9.02E-06	-2.00E-05
456	5	0	0	0	0	0	0	232	254	0	-1.90E-05	6.80E-06	-9.02E-06	-3.40E-05
456	6	0	0	0	0	0	0	232	254	0	-1.90E-05	6.80E-06	-9.02E-06	-3.40E-05
456	7	0	0	0	0	0	0	232	254	0	-1.88E-05	6.25E-06	-2.58E-06	-3.05E-05
456	8	0	0	0	0	0	0	232	254	0	-1.71E-05	6.50E-06	-1.03E-06	-9.03E-06
456	9	0	0	0	0	0	0	232	254	0	-1.71E-05	6.50E-06	-1.03E-06	-9.03E-06
456	10	0	0	0	0	0	0	232	254	0	-1.56E-05	5.91E-06	-3.80E-06	-2.21E-06
456	11	0	0	0	0	0	0	232	254	0	-1.56E-05	5.91E-06	-3.80E-06	-2.21E-06
456	12	0	0	0	0	0	0	232	254	0	-1.48E-05	3.95E-06	-5.75E-06	-1.29E-05
456	13	0	0	0	0	0	0	232	254	0	-1.48E-05	3.95E-06	-5.75E-06	-1.29E-05
456	14	0	0	0	0	0	0	232	254	0	-1.67E-05	4.68E-06	-6.51E-06	-1.17E-05
456	15	0	0	0	0	0	0	232	254	0	-1.67E-05	4.68E-06	-6.51E-06	-1.17E-05
456	16	0	0	0	0	0	0	232	254	0	-1.92E-05	5.81E-06	-1.00E-05	-6.13E-06
456	17	0	0	0	0	0	0	232	254	0	-1.89E-05	6.50E-06	-1.14E-05	-1.01E-05
456	18	0	0	0	0	0	0	232	254	0	-1.89E-05	6.50E-06	-1.14E-05	-1.01E-05
456	19	0	0	0	0	0	0	232	254	0	-2.15E-05	6.08E-06	-7.72E-06	-9.57E-06
457	0	0	0	0	0	0	0	232	254	0	-2.15E-05	6.08E-06	-7.72E-06	-9.57E-06
457	1	0	0	0	0	0	0	232	254	0	-2.52E-05	5.27E-06	-6.61E-06	-1.49E-05
457	2	0	0	0	0	0	0	232	254	0	-2.52E-05	5.27E-06	-6.61E-06	-1.49E-05
457	3	0	0	0	0	0	0	232	254	0	-2.43E-05	5.71E-06	-6.88E-06	-1.78E-05
457	4	0	0	0	0	0	0	232	254	0	-2.43E-05	5.71E-06	-6.88E-06	-1.78E-05
457	5	0	0	0	0	0	0	232	254	0	-2.47E-05	5.69E-06	-5.88E-06	-9.14E-06
457	6	0	0	0	0	0	0	232	254	0	-2.74E-05	5.56E-06	-7.54E-06	-6.82E-06
457	7	0	0	0	0	0	0	232	254	0	-2.74E-05	5.56E-06	-7.54E-06	-6.82E-06
457	8	0	0	0	0	0	0	232	254	0	-2.94E-05	5.22E-06	-1.10E-05	-1.14E-05
457	9	0	0	0	0	0	0	232	254	0	-2.94E-05	5.22E-06	-1.10E-05	-1.14E-05
457	10	0	0	0	0	0	0	232	254	0	-2.73E-05	1.57E-06	-1.12E-05	-1.32E-05
457	11	0	0	0	0	0	0	232	254	0	-2.73E-05	1.57E-06	-1.12E-05	-1.32E-05
457	12	0	0	0	0	0	0	232	254	0	-2.68E-05	-2.30E-07	-1.14E-05	-1.00E-05
457	13	0	0	0	0	0	0	232	254	0	-2.68E-05	-2.30E-07	-1.14E-05	-1.00E-05
457	14	0	0	0	0	0	0	232	254	0	-2.78E-05	5.67E-07	-1.27E-05	-5.85E-06
457	15	0	0	0	0	0	0	232	254	0	-2.68E-05	1.32E-06	-1.32E-05	-1.87E-06
457	16	0	0	0	0	0	0	232	254	0	-2.68E-05	1.32E-06	-1.32E-05	-1.87E-06
457	17	0	0	0	0	0	0	232	254	0	-2.50E-05	3.65E-06	-1.30E-05	-1.06E-06
457	18	0	0	0	0	0	0	232	254	0	-2.50E-05	3.65E-06	-1.30E-05	-1.06E-06
457	19	0	0	0	0	0	0	232	254	0	-2.22E-05	4.62E-06	-1.38E-05	-1.26E-05
458	0	0	0	0	0	0	0	232	254	0	-2.22E-05	4.62E-06	-1.38E-05	-1.26E-05
458	1	0	0	0	0	0	0	232	254	0	-2.01E-05	5.35E-06	-1.61E-05	-2.47E-05
458	2	0	0	0	0	0	0	232	254	0	-2.01E-05	5.35E-06	-1.61E-05	-2.47E-05
458	3	0	0	0	0	0	0	232	254	0	-2.11E-05	6.23E-06	-1.44E-05	-1.99E-05
458	4	0	0	0	0	0	0	232	254	0	-2.17E-05	4.95E-06	-9.40E-06	-1.06E-05
458	5	0	0	0	0	0	0	232	254	0	-2.17E-05	4.95E-06	-9.40E-06	-1.06E-05
458	6	0	0	0	0	0	0	232	254	0	-2.18E-05	3.36E-06	-8.14E-06	-1.36E-05
458	7	0	0	0	0	0	0	232	254	0	-2.18E-05	3.36E-06	-8.14E-06	-1.36E-05
458	8	0	0	0	0	0	0	232	254	0	-1.96E-05	4.57E-06	-7.43E-06	-1.70E-05
458	9	0	0	0	0	0	0	232	254	0	-1.96E-05	4.57E-06	-7.43E-06	-1.70E-05
458	10	0	0	0	0	0	0	232	254	0	-1.46E-05	4.49E-06	-6.50E-06	-1.51E-05
458	11	0	0	0	0	0	0	232	254	0	-1.46E-05	4.49E-06	-6.50E-06	-1.51E-05
458	12	0	0	0	0	0	0	232	254	0	-1.33E-05	1.78E-06	-6.72E-06	-6.68E-06
458	13	0	0	0	0	0	0	232	254	0	-1.86E-05	1.53E-06	-1.10E-05	5.08E-06
458	14	0	0	0	0	0	0	232	254	0	-1.86E-05	1.53E-06	-1.10E-05	5.08E-06
458	15	0	0	0	0	0	0	232	254	0	-1.98E-05	2.87E-06	-1.67E-05	2.93E-06
458	16	0	0	0	0	0	0	232	254	0	-1.98E-05	2.87E-06	-1.67E-05	2.93E-06
458	17	0	0	0	0	0	0	232	254	0	-1.38E-05	3.02E-06	-1.83E-05	-7.02E-06
458	18	0	0	0	0	0	0	232	254	0	-1.38E-05	3.02E-06	-1.83E-05	-7.02E-06
458	19	0	0	0	0	0	0	232	254	0	-1.13E-05	3.06E-06	-1.46E-05	-1.41E-05
459	0	0	0	0	0	0	0	232	254	0	-1.13E-05	3.06E-06	-1.46E-05	-1.41E-05
459	1	0	0	0	0	0	0	232	254	0	-1.49E-05	3.44E-06	-1.28E-05	-7.93E-06
459	2	0	0	0	0	0	0	232	254	0	-1.94E-05	4.09E-06	-1.44E-05	-3.52E-06
459	3	0	0	0	0	0	0	232	254	0	-1.94E-05	4.09E-06	-1.44E-05	-3.52E-06
459	4	0	0	0	0	0	0	232	254	0	-2.04E-05	4.57E-06	-7.88E-06	-5.09E-06
459	5	0	0	0	0	0	0	232	254	0	-2.04E-05	4.57E-06	-7.88E-06	-5.09E-06
459	6	0	0	0	0	0	0	232	254	0	-2.11E-05	4.91E-06	-2.89E-06	-1.80E-05
459	7	0	0	0	0	0	0	232	254	0	-2.11E-05	4.91E-06	-2.89E-06	-1.80E-05
459	8	0	0	0	0	0	0	232	254	0	-2.10E-05	5.20E-06	-6.70E-07	-3.33E-05
459	9	0	0	0	0	0	0	232	254	0	-2.10E-05	5.20E-06	-6.70E-07	-3.33E-05
459	10	0	0	0	0	0	0	232	254	0	-2.12E-05	5.25E-06	9.90E-07	-3.95E-05
459	11	0	0	0	0	0	0	232	254	0	-2.17E-05	5.50E-06	4.51E-06	-2.06E-05
459	12	0	0	0	0	0	0	232	254	0	-2.17E-05	5.50E-06	4.51E-06	-2.06E-05
459	13	0	0	0	0	0	0	232	254	0	-2.32E-05	5.35E-06	4.76E-06	-1.50E-05
459	14	0	0	0	0	0	0	232	254	0	-2.32E-05	5.35E-06	4.76E-06	-1.50E-05
459	15	0	0	0	0	0	0	232	254	0	-2.50E-05	6.78E-06	-1.12E-06	-2.63E-05
459	16	0	0	0	0	0	0	232	254	0	-2.50E-05	6.78E-06	-1.12E-06	-2.63E-05
459	17	0	0	0	0	0	0	232	254	0	-2.47E-05	9.84E-06	-3.96E-06	-1.67E-05
459	18	0	0	0	0	0	0	232	254	0	-2.47E-05	9.84E-06	-3.96E-06	-1.67E-05
459	19	0	0	0	0	0	0	232	254	0	-2.32E-05	1.15E-05	-2.75E-06	5.63E-06
460	0	0	0	0	0	0	0	232	254	0	-2.11E-05	9.56E-06	-6.55E-06	1.03E-05
460	1	0	0	0	0	0	0	232	254	0	-2.11E-05	9.56E-06	-6.55E-06	1.03E-05
460	2	0	0	0	0	0	0	232	254	0	-2.06E-05	7.34E-06	-1.42E-05	5.45E-06
460	3	0	0	0	0	0	0	232	254	0	-2.06E-05	7.34E-06	-1.42E-05	5.45E-06
460	4	0	0	0	0	0	0	232	254	0	-2.08E-05	8.31E-06	-1.94E-05	2.14E-06
460	5	0	0	0	0	0	0	232	254	0	-2.08E-05	8.31E-06	-1.94E-05	2.14E-06
460	6	0	0	0	0	0	0	232	254	0	-2.20E-05	8.43E-06	-2.59E-05	1.36E-06
460	7	0	0	0	0	0	0	232	254	0	-2.20E-05	8.43E-06	-2.59E-05	1.36E-06
460	8	0	0	0	0	0	0	232	254	0	-2.48E-05	4.61E-06	-2.66E-05	1.53E-05
460	9	0	0	0	0	0	0	232	254	0	-2.70E-05	-2.58E-07	-1.81E-05	2.08E-05
460	10	0	0	0	0	0	0	232	254	0	-2.70E-05	-2.58E-07	-1.81E-05	2.08E-05
460	11	0	0	0	0	0	0	232	254	0	-2.65E-05	-5.09E-06	-1.32E-05	5.40E-06
460	12	0	0	0	0	0	0	232	254	0	-2.65E-05	-5.09E-06	-1.32E-05	5.40E-06
460	13	0	0	0	0	0	0	232	254	0	-2.51E-05	-1.32E-06	-1.46E-05	-2.22E-05
460	14	0	0	0	0	0	0	232	254	0	-2.51E-05	-1.32E-06	-1.46E-05	-2.22E-05
460	15	0	0	0	0	0	0	232	254	0	-2.45E-05	3.61E-06	-9.01E-06	-4.09E-05
460	16	0	0	0	0	0	0	232	254	0	-2.45E-05	3.61E-06	-9.01E-06	-4.09E-05
460	17	0	0	0	0	0	0	232	254	0	-2.56E-05	4.20E-06	-2.90E-06	-6.25E-05
460	18	0	0	0	0	0	0	232	254	0	-2.03E-05	4.24E-06	-2.89E-06	-6.16E-05
460	19	0	0	0	0	0	0	232	254	0	-2.03E-05	4.24E-06	-2.89E-06	-6.16E-05
461	0	0	0	0	0	0	0	232	254	0	-6.72E-06	4.55E-06	-6.06E-07	-4.94E-05
461	1	0	0	0	0	0	0	232	254	0	-6.72E-06	4.55E-06	-6.06E-07	-4.94E-05
461	2	0	0	0	0	0	0	232	254	0	-8.99E-06	4.89E-06	6.90E-07	-4.51E-05
461	3	0	0	0	0	0	0	232	254	0	-8.99E-06	4.89E-06	6.90E-07	-4.51E-05
461	4	0	0	0	0	0	0	232	254	0	-1.67E-05	6.25E-06	-1.85E-06	-3.31E-05
461	5	0	0	0	0	0	0	232	254	0	-1.67E-05	6.25E-06	-1.85E-06	-3.31E-05
461	6	0	0	0	0	0	0	232	254	0	-1.71E-05	6.55E-06	-4.28E-06	-1.74E-05
461	7	0	0	0	0	0	0	232	254	0	-1.55E-05	6.63E-06	-5.08E-06	-5.18E-06
461	8	0	0	0	0	0	0	232	254	0	-1.55E-05	6.63E-06	-5.08E-06	-5.18E-06
461	9	0	0	0	0	0	0	232	254	0	-1.58E-05	6.96E-06	-6.38E-06	-1.85E-06
461	10	0	0	0	0	0	0	232	254	0	-1.58E-05	6.96E-06	-6.38E-06	-1.85E-06
461	11	0	0	0	0	0	0	232	254	0	-1.74E-05	4.99E-06	-5.03E-06	-1.53E-06
461	12	0	0	0	0	0	0	232	254	0	-1.74E-05	4.99E-06	-5.03E-06	-1.53E-06
461	13	0	0	0	0	0	0	232	254	0	-2.11E-05	3.69E-06	-4.03E-06	1.61E-05
461	14	0	0	0	0	0	0	232	254	0	-2.11E-05	3.69E-06	-4.03E-06	1.61E-05
461	15	0	0	0	0	0	0	232	254	0	-2.42E-05	4.87E-06	-5.50E-06	7.30E-06
461	16	0	0	0	0	0	0	232	254	0	-2.34E-05	5.06E-06	-8.10E-06	-1.50E-05
461	17	0	0	0	0	0	0	232	254	0	-2.34E-05	5.06E-06	-8.10E-06	-1.50E-05
461	18	0	0	0	0	0	0	232	254	0	-2.43E-05	6.63E-06	-1.21E-05	-2.08E-05
461	19	0	0	0	0	0	0	232	254	0	-2.43E-05	6.63E-06	-1.21E-05	-2.08E-05
462	0	0	0	0	0	0	0	232	254	0	-2.58E-05	8.22E-06	-1.36E-05	-2.64E-05
462	1	0	0	0	0	0	0	232	254	0	-2.58E-05	8.22E-06	-1.36E-05	-2.64E-05
462	2	0	0	0	0	0	0	232	254	0	-2.47E-05	7.35E-06	-1.62E-05	-2.90E-05
462	3	0	0	0	0	0	0	232	254	0	-2.47E-05	7.35E-06	-1.62E-05	-2.90E-05
462	4	0	0	0	0	0	0	232	254	0	-2.48E-05	9.61E-06	-1.51E-05	-8.65E-06
462	5	0	0	0	0	0	0	232	254	0	-2.59E-05	1.04E-05	-8.94E-06	1.73E-05
462	6	0	0	0	0	0	0	232	254	0	-2.59E-05	1.04E-05	-8.94E-06	1.73E-05
462	7	0	0	0	0	0	0	232	254	0	-2.77E-05	5.66E-06	-7.64E-06	2.38E-05
462	8	0	0	0	0	0	0	232	254	0	-2.77E-05	5.66E-06	-7.64E-06	2.38E-05
462	9	0	0	0	0	0	0	232	254	0	-2.77E-05	3.30E-06	-1.36E-05	1.68E-05
462	10	0	0	0	0	0	0	232	254	0	-2.77E-05	3.30E-06	-1.36E-05	1.68E-05
462	11	0	0	0	0	0	0	232	254	0	-2.62E-05	5.29E-06	-1.83E-05	7.48E-06
462	12	0	0	0	0	0	0	232	254	0	-2.62E-05	5.29E-06	-1.83E-05	7.48E-06
462	13	0	0	0	0	0	0	232	254	0	-2.35E-05	5.45E-06	-1.53E-05	-5.64E-06
462	14	0	0	0	0	0	0	232	254	0	-2.22E-05	2.60E-06	-6.78E-06	-2.09E-05
462	15	0	0	0	0	0	0	232	254	0	-2.22E-05	2.60E-06	-6.78E-06	-2.09E-05
462	16	0	0	0	0	0	0	232	254	0	-2.05E-05	3.55E-06	4.06E-06	-2.61E-05
462	17	0	0	0	0	0	0	232	254	0	-2.05E-05	3.55E-06	4.06E-06	-2.61E-05
462	18	0	0	0	0	0	0	232	254	0	-2.08E-05	5.89E-06	8.78E-06	-3.36E-05
462	19	0	0	0	0	0	0	232	254	0	-2.08E-05	5.89E-06	8.78E-06	-3.36E-05
463	0	0	0	0	0	0	0	232	254	0	-1.93E-05	4.68E-06	-3.37E-07	-3.41E-05
463	1	0	0	0	0	0	0	232	254	0	-1.93E-05	4.68E-06	-3.37E-07	-3.41E-05
463	2	0	0	0	0	0	0	232	254	0	-1.90E-05	3.38E-06	-1.28E-06	-2.96E-05
463	3	0	0	0	0	0	0	232	254	0	-1.88E-05	3.52E-06	-6.59E-07	-2.82E-05
463	4	0	0	0	0	0	0	232	254	0	-1.88E-05	3.52E-06	-6.59E-07	-2.82E-05
463	5	0	0	0	0	0	0	232	254	0	-1.83E-05	3.57E-06	-8.40E-06	-3.25E-05
463	6	0	0	0	0	0	0	232	254	0	-1.83E-05	3.57E-06	-8.40E-06	-3.25E-05
463	7	0	0	0	0	0	0	232	254	0	-2.05E-05	4.01E-06	-1.46E-05	-1.97E-05
463	8	0	0	0	0	0	0	232	254	0	-2.05E-05	4.01E-06	-1.46E-05	-1.97E-05
463	9	0	0	0	0	0	0	232	254	0	-2.21E-05	4.89E-06	-1.64E-05	-1.46E-05
463	10	0	0	0	0	0	0	232	254	0	-2.21E-05	4.89E-06	-1.64E-05	-1.46E-05
463	11	0	0	0	0	0	0	232	254	0	-2.26E-05	3.61E-06	-1.47E-05	-1.61E-05
463	12	0	0	0	0	0	0	232	254	0	-2.21E-05	1.76E-06	-1.44E-05	-1.10E-05
463	13	0	0	0	0	0	0	232	254	0	-2.21E-05	1.76E-06	-1.44E-05	-1.10E-05
463	14	0	0	0	0	0	0	232	254	0	-2.30E-05	1.30E-06	-2.33E-05	-4.71E-06
463	15	0	0	0	0	0	0	232	254	0	-2.30E-05	1.30E-06	-2.33E-05	-4.71E-06
463	16	0	0	0	0	0	0	232	254	0	-2.28E-05	2.20E-06	-2.83E-05	2.90E-06
463	17	0	0	0	0	0	0	232	254	0	-2.28E-05	2.20E-06	-2.83E-05	2.90E-06
463	18	0	0	0	0	0	0	232	254	0	-2.14E-05	2.37E-06	-2.31E-05	6.28E-06
463	19	0	0	0	0	0	0	232	254	0	-2.14E-05	2.37E-06	-2.31E-05	6.28E-06
464	0	0	0	0	0	0	0	232	254	0	-2.03E-05	2.86E-06	-2.06E-05	-6.27E-06
464	1	0	0	0	0	0	0	232	254	0	-1.92E-05	5.33E-06	-2.06E-05	-1.56E-05
464	2	0	0	0	0	0	0	232	254	0	-1.92E-05	5.33E-06	-2.06E-05	-1.56E-05
464	3	0	0	0	0	0	0	232	254	0	-1.81E-05	6.08E-06	-1.50E-05	-1.15E-05
464	4	0	0	0	0	0	0	232	254	0	-1.81E-05	6.08E-06	-1.50E-05	-1.15E-05
464	5	0	0	0	0	0	0	232	254	0	-1.66E-05	4.99E-06	-9.82E-06	-2.36E-06
464	6	0	0	0	0	0	0	232	254	0	-1.66E-05	4.99E-06	-9.82E-06	-2.36E-06
464	7	0	0	0	0	0	0	232	254	0	-1.57E-05	3.38E-06	-1.08E-05	-8.63E-06
464	8	0	0	0	0	0	0	232	254	0	-1.57E-05	3.38E-06	-1.08E-05	-8.63E-06
464	9	0	0	0	0	0	0	232	254	0	-1.60E-05	2.65E-06	-4.67E-06	-9.66E-06
464	10	0	0	0	0	0	0	232	254	0	-1.67E-05	4.76E-06	2.35E-06	5.15E-06
464	11	0	0	0	0	0	0	232	254	0	-1.67E-05	4.76E-06	2.35E-06	5.15E-06
464	12	0	0	0	0	0	0	232	254	0	-1.97E-05	4.78E-06	4.55E-07	2.60E-05
464	13	0	0	0	0	0	0	232	254	0	-1.97E-05	4.78E-06	4.55E-07	2.60E-05
464	14	0	0	0	0	0	0	232	254	0	-2.01E-05	2.02E-06	-6.35E-06	4.42E-05
464	15	0	0	0	0	0	0	232	254	0	-2.01E-05	2.02E-06	-6.35E-06	4.42E-05
464	16	0	0	0	0	0	0	232	254	0	-1.93E-05	3.83E-06	-2.05E-05	4.29E-05
464	17	0	0	0	0	0	0	232	254	0	-1.93E-05	3.83E-06	-2.05E-05	4.29E-05
464	18	0	0	0	0	0	0	232	254	0	-2.21E-05	8.10E-06	-3.01E-05	2.39E-05
464	19	0	0	0	0	0	0	232	254	0	-2.49E-05	6.96E-06	-2.11E-05	-2.27E-05
465	0	0	0	0	0	0	0	232	254	0	-2.49E-05	6.96E-06	-2.11E-05	-2.27E-05
465	1	0	0	0	0	0	0	232	254	0	-2.43E-05	5.29E-06	-4.77E-06	-5.13E-05
465	2	0	0	0	0	0	0	232	254	0	-2.43E-05	5.29E-06	-4.77E-06	-5.13E-05
465	3	0	0	0	0	0	0	232	254	0	-2.38E-05	5.96E-06	7.21E-06	-6.47E-05
465	4	0	0	0	0	0	0	232	254	0	-2.38E-05	5.96E-06	7.21E-06	-6.47E-05
465	5	0	0	0	0	0	0	232	254	0	-2.31E-05	6.44E-06	4.00E-06	-6.75E-05
465	6	0	0	0	0	0	0	232	254	0	-2.31E-05	6.44E-06	4.00E-06	-6.75E-05
465	7	0	0	0	0	0	0	232	254	0	-2.12E-05	5.26E-06	-2.48E-06	-4.62E-05
465	8	0	0	0	0	0	0	232	254	0	-1.82E-05	1.86E-06	-6.02E-06	-1.76E-05
465	9	0	0	0	0	0	0	232	254	0	-1.82E-05	1.86E-06	-6.02E-06	-1.76E-05
465	10	0	0	0	0	0	0	232	254	0	-1.65E-05	-5.48E-07	-7.55E-06	-1.52E-05
465	11	0	0	0	0	0	0	232	254	0	-1.65E-05	-5.48E-07	-7.55E-06	-1.52E-05
465	12	0	0	0	0	0	0	232	254	0	-1.85E-05	-1.97E-06	-1.81E-06	-3.23E-05
465	13	0	0	0	0	0	0	232	254	0	-1.85E-05	-1.97E-06	-1.81E-06	-3.23E-05
465	14	0	0	0	0	0	0	232	254	0	-2.30E-05	-1.15E-06	5.71E-06	-3.34E-05
465	15	0	0	0	0	0	0	232	254	0	-2.30E-05	-1.15E-06	5.71E-06	-3.34E-05
465	16	0	0	0	0	0	0	232	254	0	-2.79E-05	2.86E-06	6.85E-06	-2.42E-05
465	17	0	0	0	0	0	0	232	254	0	-2.93E-05	5.37E-06	-3.27E-06	-2.57E-05
465	18	0	0	0	0	0	0	232	254	0	-2.93E-05	5.37E-06	-3.27E-06	-2.57E-05
465	19	0	0	0	0	0	0	232	254	0	-2.61E-05	6.80E-06	-1.56E-05	-2.83E-05
466	0	0	0	0	0	0	0	232	254	0	-2.61E-05	6.80E-06	-1.56E-05	-2.83E-05
466	1	0	0	0	0	0	0	232	254	0	-2.33E-05	8.60E-06	-1.61E-05	-2.45E-05
466	2	0	0	0	0	0	0	232	254	0	-2.33E-05	8.60E-06	-1.61E-05	-2.45E-05
466	3	0	0	0	0	0	0	232	254	0	-2.46E-05	8.77E-06	-1.22E-05	-8.70E-06
466	4	0	0	0	0	0	0	232	254	0	-2.46E-05	8.77E-06	-1.22E-05	-8.70E-06
466	5	0	0	0	0	0	0	232	254	0	-2.62E-05	8.06E-06	-1.22E-05	-8.59E-06
466	6	0	0	0	0	0	0	232	254	0	-2.44E-05	8.98E-06	-1.39E-05	-2.51E-05
466	7	0	0	0	0	0	0	232	254	0	-2.44E-05	8.98E-06	-1.39E-05	-2.51E-05
466	8	0	0	0	0	0	0	232	254	0	-1.99E-05	6.67E-06	-1.08E-05	-2.60E-05
466	9	0	0	0	0	0	0	232	254	0	-1.99E-05	6.67E-06	-1.08E-05	-2.60E-05
466	10	0	0	0	0	0	0	232	254	0	-1.62E-05	2.81E-06	-5.18E-06	-2.75E-05
466	11	0	0	0	0	0	0	232	254	0	-1.62E-05	2.81E-06	-5.18E-06	-2.75E-05
466	12	0	0	0	0	0	0	232	254	0	-1.56E-05	2.41E-06	-4.34E-06	-2.13E-05
466	13	0	0	0	0	0	0	232	254	0	-1.56E-05	2.41E-06	-4.34E-06	-2.13E-05
466	14	0	0	0	0	0	0	232	254	0	-1.48E-05	1.61E-06	1.06E-06	-2.91E-06
466	15	0	0	0	0	0	0	232	254	0	-1.12E-05	1.30E-06	3.89E-06	2.40E-06
466	16	0	0	0	0	0	0	232	254	0	-1.12E-05	1.30E-06	3.89E-06	2.40E-06
466	17	0	0	0	0	0	0	232	254	0	-1.20E-05	2.95E-06	-3.70E-06	-6.55E-06
466	18	0	0	0	0	0	0	232	254	0	-1.20E-05	2.95E-06	-3.70E-06	-6.55E-06
466	19	0	0	0	0	0	0	232	254	0	-1.83E-05	8.65E-06	-8.93E-06	-4.51E-06
467	0	0	0	0	0	0	0	232	254	0	-1.83E-05	8.65E-06	-8.93E-06	-4.51E-06
467	1	0	0	0	0	0	0	232	254	0	-1.96E-05	1.14E-05	-4.49E-06	1.20E-05
467	2	0	0	0	0	0	0	232	254	0	-1.96E-05	1.14E-05	-4.49E-06	1.20E-05
467	3	0	0	0	0	0	0	232	254	0	-1.91E-05	9.48E-06	-4.90E-06	2.84E-05
467	4	0	0	0	0	0	0	232	254	0	-2.04E-05	6.29E-06	-9.29E-06	2.38E-05
467	5	0	0	0	0	0	0	232	254	0	-2.04E-05	6.29E-06	-9.29E-06	2.38E-05
467	6	0	0	0	0	0	0	232	254	0	-2.12E-05	4.62E-06	-7.97E-06	2.41E-05
467	7	0	0	0	0	0	0	232	254	0	-2.12E-05	4.62E-06	-7.97E-06	2.41E-05
467	8	0	0	0	0	0	0	232	254	0	-2.15E-05	5.27E-06	-2.14E-05	1.80E-05
467	9	0	0	0	0	0	0	232	254	0	-2.15E-05	5.27E-06	-2.14E-05	1.80E-05
467	10	0	0	0	0	0	0	232	254	0	-2.06E-05	5.64E-06	-2.84E-05	-1.36E-06
467	11	0	0	0	0	0	0	232	254	0	-2.06E-05	5.64E-06	-2.84E-05	-1.36E-06
467	12	0	0	0	0	0	0	232	254	0	-2.28E-05	5.20E-06	-1.58E-05	-3.07E-05
467	13	0	0	0	0	0	0	232	254	0	-2.42E-05	4.97E-06	-5.19E-06	-5.62E-05
467	14	0	0	0	0	0	0	232	254	0	-2.42E-05	4.97E-06	-5.19E-06	-5.62E-05
467	15	0	0	0	0	0	0	232	254	0	-2.51E-05	3.59E-06	3.81E-06	-5.78E-05
467	16	0	0	0	0	0	0	232	254	0	-2.51E-05	3.59E-06	3.81E-06	-5.78E-05
467	17	0	0	0	0	0	0	232	254	0	-2.42E-05	5.76E-06	-1.03E-06	-4.43E-05
467	18	0	0	0	0	0	0	232	254	0	-2.42E-05	5.76E-06	-1.03E-06	-4.43E-05
467	19	0	0	0	0	0	0	232	254	0	-2.31E-05	9.59E-06	-1.74E-05	-1.92E-05
468	0	0	0	0	0	0	0	232	254	0	-2.31E-05	9.59E-06	-1.74E-05	-1.92E-05
468	1	0	0	0	0	0	0	232	254	0	-2.33E-05	9.33E-06	-2.32E-05	2.54E-06
468	2	0	0	0	0	0	0	232	254	0	-2.24E-05	6.33E-06	-1.11E-05	8.05E-07
468	3	0	0	0	0	0	0	232	254	0	-2.24E-05	6.33E-06	-1.11E-05	8.05E-07
468	4	0	0	0	0	0	0	232	254	0	-2.52E-05	5.12E-06	-5.35E-06	-2.29E-05
468	5	0	0	0	0	0	0	232	254	0	-2.52E-05	5.12E-06	-5.35E-06	-2.29E-05
468	6	0	0	0	0	0	0	232	254	0	-2.67E-05	6.92E-06	-5.93E-06	-3.91E-05
468	7	0	0	0	0	0	0	232	254	0	-2.67E-05	6.92E-06	-5.93E-06	-3.91E-05
468	8	0	0	0	0	0	0	232	254	0	-2.72E-05	6.73E-06	-2.73E-06	-2.66E-05
468	9	0	0	0	0	0	0	232	254	0	-2.72E-05	6.73E-06	-2.73E-06	-2.66E-05
468	10	0	0	0	0	0	0	232	254	0	-3.00E-05	3.08E-06	-2.59E-06	-1.24E-05
468	11	0	0	0	0	0	0	232	254	0	-2.02E-05	7.93E-07	-8.12E-06	-2.77E-06
468	12	0	0	0	0	0	0	232	254	0	-2.02E-05	7.93E-07	-8.12E-06	-2.77E-06
468	13	0	0	0	0	0	0	232	254	0	-3.11E-06	-1.53E-06	-1.07E-05	7.75E-06
468	14	0	0	0	0	0	0	232	254	0	-3.11E-06	-1.53E-06	-1.07E-05	7.75E-06
468	15	0	0	0	0	0	0	232	254	0	-6.01E-06	1.07E-06	-9.15E-06	1.14E-05
468	16	0	0	0	0	0	0	232	254	0	-6.01E-06	1.07E-06	-9.15E-06	1.14E-05
468	17	0	0	0	0	0	0	232	254	0	-1.41E-05	3.86E-06	-1.10E-05	2.49E-06
468	18	0	0	0	0	0	0	232	254	0	-1.41E-05	3.86E-06	-1.10E-05	2.49E-06
468	19	0	0	0	0	0	0	232	254	0	-1.60E-05	4.03E-06	-1.08E-05	-2.33E-06
469	0	0	0	0	0	0	0	232	254	0	-1.95E-05	5.12E-06	-4.87E-06	-2.56E-06
469	1	0	0	0	0	0	0	232	254	0	-1.95E-05	5.12E-06	-4.87E-06	-2.56E-06
469	2	0	0	0	0	0	0	232	254	0	-2.30E-05	4.36E-06	-8.22E-06	-5.78E-06
469	3	0	0	0	0	0	0	232	254	0	-2.30E-05	4.36E-06	-8.22E-06	-5.78E-06
469	4	0	0	0	0	0	0	232	254	0	-2.33E-05	3.53E-06	-1.56E-05	-1.00E-05
469	5	0	0	0	0	0	0	232	254	0	-2.33E-05	3.53E-06	-1.56E-05	-1.00E-05
469	6	0	0	0	0	0	0	232	254	0	-2.45E-05	5.87E-06	-1.96E-05	-1.24E-05
469	7	0	0	0	0	0	0	232	254	0	-2.45E-05	5.87E-06	-1.96E-05	-1.24E-05
469	8	0	0	0	0	0	0	232	254	0	-2.54E-05	5.70E-06	-2.31E-05	-1.59E-05
469	9	0	0	0	0	0	0	232	254	0	-2.33E-05	4.70E-06	-2.53E-05	-1.76E-05
469	10	0	0	0	0	0	0	232	254	0	-2.33E-05	4.70E-06	-2.53E-05	-1.76E-05
469	11	0	0	0	0	0	0	232	254	0	-2.33E-05	5.92E-06	-2.07E-05	-1.43E-05
469	12	0	0	0	0	0	0	232	254	0	-2.33E-05	5.92E-06	-2.07E-05	-1.43E-05
469	13	0	0	0	0	0	0	232	254	0	-2.50E-05	5.74E-06	-1.31E-05	-1.06E-05
469	14	0	0	0	0	0	0	232	254	0	-2.50E-05	5.74E-06	-1.31E-05	-1.06E-05
469	15	0	0	0	0	0	0	232	254	0	-2.43E-05	2.50E-06	-4.44E-06	-7.80E-06
469	16	0	0	0	0	0	0	232	254	0	-2.43E-05	2.50E-06	-4.44E-06	-7.80E-06
469	17	0	0	0	0	0	0	232	254	0	-2.20E-05	2.60E-06	-2.76E-06	-4.72E-06
469	18	0	0	0	0	0	0	232	254	0	-2.23E-05	4.22E-06	-1.29E-05	-4.35E-06
469	19	0	0	0	0	0	0	232	254	0	-2.23E-05	4.22E-06	-1.29E-05	-4.35E-06
470	0	0	0	0	0	0	0	232	254	0	-2.27E-05	3.00E-06	-2.32E-05	-8.98E-06
470	1	0	0	0	0	0	0	232	254	0	-2.27E-05	3.00E-06	-2.32E-05	-8.98E-06
470	2	0	0	0	0	0	0	232	254	0	-2.41E-05	1.66E-06	-2.36E-05	-9.10E-06
470	3	0	0	0	0	0	0	232	254	0	-2.41E-05	1.66E-06	-2.36E-05	-9.10E-06
470	4	0	0	0	0	0	0	232	254	0	-2.59E-05	1.30E-06	-1.85E-05	-7.04E-06
470	5	0	0	0	0	0	0	232	254	0	-2.59E-05	1.30E-06	-1.85E-05	-7.04E-06
470	6	0	0	0	0	0	0	232	254	0	-2.61E-05	-1.91E-08	-2.03E-05	-1.73E-05
470	7	0	0	0	0	0	0	232	254	0	-2.41E-05	1.30E-06	-2.25E-05	-3.12E-05
470	8	0	0	0	0	0	0	232	254	0	-2.41E-05	1.30E-06	-2.25E-05	-3.12E-05
470	9	0	0	0	0	0	0	232	254	0	-2.26E-05	3.23E-06	-1.43E-05	-2.35E-05
470	10	0	0	0	0	0	0	232	254	0	-2.26E-05	3.23E-06	-1.43E-05	-2.35E-05
470	11	0	0	0	0	0	0	232	254	0	-2.48E-05	2.20E-06	5.96E-06	-1.36E-05
470	12	0	0	0	0	0	0	232	254	0	-2.48E-05	2.20E-06	5.96E-06	-1.36E-05
470	13	0	0	0	0	0	0	232	254	0	-2.78E-05	1.51E-06	1.83E-05	-1.57E-05
470	14	0	0	0	0	0	0	232	254	0	-2.78E-05	1.51E-06	1.83E-05	-1.57E-05
470	15	0	0	0	0	0	0	232	254	0	-2.75E-05	4.46E-06	1.86E-05	-1.52E-05
470	16	0	0	0	0	0	0	232	254	0	-2.64E-05	8.62E-06	1.30E-05	-4.42E-06
470	17	0	0	0	0	0	0	232	254	0	-2.64E-05	8.62E-06	1.30E-05	-4.42E-06
470	18	0	0	0	0	0	0	232	254	0	-2.48E-05	9.13E-06	-4.43E-06	-5.93E-07
470	19	0	0	0	0	0	0	232	254	0	-2.48E-05	9.13E-06	-4.43E-06	-5.93E-07
471	0	0	0	0	0	0	0	232	254	0	-2.05E-05	9.86E-06	-1.73E-05	-4.46E-06
471	1	0	0	0	0	0	0	232	254	0	-2.05E-05	9.86E-06	-1.73E-05	-4.46E-06
471	2	0	0	0	0	0	0	232	254	0	-1.72E-05	1.20E-05	-1.47E-05	-1.25E-05
471	3	0	0	0	0	0	0	232	254	0	-1.72E-05	1.20E-05	-1.47E-05	-1.25E-05
471	4	0	0	0	0	0	0	232	254	0	-1.58E-05	1.26E-05	-1.07E-05	-2.32E-05
471	5	0	0	0	0	0	0	232	254	0	-1.21E-05	1.23E-05	-8.64E-06	-2.15E-05
471	6	0	0	0	0	0	0	232	254	0	-1.21E-05	1.23E-05	-8.64E-06	-2.15E-05
471	7	0	0	0	0	0	0	232	254	0	-1.15E-05	9.75E-06	-4.53E-06	-1.74E-05
471	8	0	0	0	0	0	0	232	254	0	-1.15E-05	9.75E-06	-4.53E-06	-1.74E-05
471	9	0	0	0	0	0	0	232	254	0	-1.40E-05	5.01E-06	-4.94E-06	-1.46E-05
471	10	0	0	0	0	0	0	232	254	0	-1.40E-05	5.01E-06	-4.94E-06	-1.46E-05
471	11	0	0	0	0	0	0	232	254	0	-1.76E-05	4.03E-06	-7.53E-06	-1.50E-05
471	12	0	0	0	0	0	0	232	254	0	-1.76E-05	4.03E-06	-7.53E-06	-1.50E-05
471	13	0	0	0	0	0	0	232	254	0	-2.08E-05	6.57E-06	-5.98E-06	-1.55E-05
471	14	0	0	0	0	0	0	232	254	0	-2.07E-05	7.55E-06	-4.73E-06	-1.61E-05
471	15	0	0	0	0	0	0	232	254	0	-2.07E-05	7.55E-06	-4.73E-06	-1.61E-05
471	16	0	0	0	0	0	0	232	254	0	-2.11E-05	5.01E-06	-7.22E-06	-1.48E-05
471	17	0	0	0	0	0	0	232	254	0	-2.11E-05	5.01E-06	-7.22E-06	-1.48E-05
471	18	0	0	0	0	0	0	232	254	0	-2.15E-05	3.37E-06	-7.47E-06	-1.42E-05
471	19	0	0	0	0	0	0	232	254	0	-2.15E-05	3.37E-06	-7.47E-06	-1.42E-05
472	0	0	0	0	0	0	0	232	254	0	-2.04E-05	6.44E-07	-9.74E-06	-1.54E-05
472	1	0	0	0	0	0	0	232	254	0	-2.04E-05	6.44E-07	-9.74E-06	-1.54E-05
472	2	0	0	0	0	0	0	232	254	0	-1.87E-05	-3.09E-06	-1.31E-05	-1.27E-05
472	3	0	0	0	0	0	0	232	254	0	-1.73E-05	-4.12E-06	-1.16E-05	-1.23E-05
472	4	0	0	0	0	0	0	232	254	0	-1.73E-05	-4.12E-06	-1.16E-05	-1.23E-05
472	5	0	0	0	0	0	0	232	254	0	-2.05E-05	-8.25E-06	-9.76E-06	-1.27E-05
472	6	0	0	0	0	0	0	232	254	0	-2.05E-05	-8.25E-06	-9.76E-06	-1.27E-05
472	7	0	0	0	0	0	0	232	254	0	-2.40E-05	-7.27E-06	-1.16E-05	-1.21E-05
472	8	0	0	0	0	0	0	232	254	0	-2.40E-05	-7.27E-06	-1.16E-05	-1.21E-05
472	9	0	0	0	0	0	0	232	254	0	-2.50E-05	1.14E-06	-1.51E-05	-1.35E-05
472	10	0	0	0	0	0	0	232	254	0	-2.50E-05	1.14E-06	-1.51E-05	-1.35E-05
472	11	0	0	0	0	0	0	232	254	0	-2.45E-05	5.73E-06	-1.31E-05	-1.28E-05
472	12	0	0	0	0	0	0	232	254	0	-2.22E-05	6.90E-06	-8.95E-06	-1.29E-05
472	13	0	0	0	0	0	0	232	254	0	-2.22E-05	6.90E-06	-8.95E-06	-1.29E-05
472	14	0	0	0	0	0	0	232	254	0	-2.11E-05	5.87E-06	-4.08E-06	-1.28E-05
472	15	0	0	0	0	0	0	232	254	0	-2.11E-05	5.87E-06	-4.08E-06	-1.28E-05
472	16	0	0	0	0	0	0	232	254	0	-2.13E-05	6.04E-06	4.04E-08	-1.23E-05
472	17	0	0	0	0	0	0	232	254	0	-2.13E-05	6.04E-06	4.04E-08	-1.23E-05
472	18	0	0	0	0	0	0	232	254	0	-1.84E-05	7.15E-06	-1.14E-06	-1.27E-05
472	19	0	0	0	0	0	0	232	254	0	-1.84E-05	7.15E-06	-1.14E-06	-1.27E-05
473	0	0	0	0	0	0	0	232	254	0	-1.70E-05	6.86E-06	-3.57E-06	-1.30E-05
473	1	0	0	0	0	0	0	232	254	0	-1.74E-05	8.10E-06	-6.98E-06	-1.17E-05
473	2	0	0	0	0	0	0	232	254	0	-1.74E-05	8.10E-06	-6.98E-06	-1.17E-05
473	3	0	0	0	0	0	0	232	254	0	-1.80E-05	9.35E-06	-1.28E-05	-1.24E-05
473	4	0	0	0	0	0	0	232	254	0	-1.80E-05	9.35E-06	-1.28E-05	-1.24E-05
473	5	0	0	0	0	0	0	232	254	0	-1.86E-05	7.89E-06	-1.70E-05	-1.37E-05
473	6	0	0	0	0	0	0	232	254	0	-1.86E-05	7.89E-06	-1.70E-05	-1.37E-05
473	7	0	0	0	0	0	0	232	254	0	-1.98E-05	8.02E-06	-1.74E-05	-1.41E-05
473	8	0	0	0	0	0	0	232	254	0	-1.98E-05	8.02E-06	-1.74E-05	-1.41E-05
473	9	0	0	0	0	0	0	232	254	0	-2.09E-05	8.68E-06	-1.55E-05	-1.30E-05
473	10	0	0	0	0	0	0	232	254	0	-1.99E-05	6.79E-06	-1.40E-05	-1.41E-05
473	11	0	0	0	0	0	0	232	254	0	-1.99E-05	6.79E-06	-1.40E-05	-1.41E-05
473	12	0	0	0	0	0	0	232	254	0	-1.94E-05	3.95E-06	-1.98E-05	-1.60E-05
473	13	0	0	0	0	0	0	232	254	0	-1.94E-05	3.95E-06	-1.98E-05	-1.60E-05
473	14	0	0	0	0	0	0	232	254	0	-1.90E-05	4.81E-06	-2.46E-05	-1.42E-05
473	15	0	0	0	0	0	0	232	254	0	-1.90E-05	4.81E-06	-2.46E-05	-1.42E-05
473	16	0	0	0	0	0	0	232	254	0	-1.93E-05	6.63E-06	-2.44E-05	-1.45E-05
473	17	0	0	0	0	0	0	232	254	0	-1.93E-05	6.63E-06	-2.44E-05	-1.45E-05
473	18	0	0	0	0	0	0	232	254	0	-2.18E-05	5.92E-06	-2.43E-05	-1.72E-05
473	19	0	0	0	0	0	0	232	254	0	-2.30E-05	4.87E-06	-1.90E-05	-1.74E-05
474	0	0	0	0	0	0	0	232	254	0	-2.30E-05	4.87E-06	-1.90E-05	-1.74E-05
474	1	0	0	0	0	0	0	232	254	0	-2.34E-05	3.54E-06	-1.32E-05	-1.60E-05
474	2	0	0	0	0	0	0	232	254	0	-2.34E-05	3.54E-06	-1.32E-05	-1.60E-05
474	3	0	0	0	0	0	0	232	254	0	-2.54E-05	3.07E-06	-3.50E-06	-1.52E-05
474	4	0	0	0	0	0	0	232	254	0	-2.54E-05	3.07E-06	-3.50E-06	-1.52E-05
474	5	0	0	0	0	0	0	232	254	0	-2.59E-05	7.26E-06	1.09E-05	-1.45E-05
474	6	0	0	0	0	0	0	232	254	0	-2.59E-05	7.26E-06	1.09E-05	-1.45E-05
474	7	0	0	0	0	0	0	232	254	0	-2.70E-05	9.99E-06	1.14E-05	-1.33E-05
474	8	0	0	0	0	0	0	232	254	0	-2.53E-05	1.03E-05	2.59E-08	-1.12E-05
474	9	0	0	0	0	0	0	232	254	0	-2.53E-05	1.03E-05	2.59E-08	-1.12E-05
474	10	0	0	0	0	0	0	232	254	0	-2.22E-05	8.20E-06	-6.76E-06	-1.06E-05
474	11	0	0	0	0	0	0	232	254	0	-2.22E-05	8.20E-06	-6.76E-06	-1.06E-05
474	12	0	0	0	0	0	0	232	254	0	-2.17E-05	5.26E-06	1.96E-06	-1.05E-05
474	13	0	0	0	0	0	0	232	254	0	-2.17E-05	5.26E-06	1.96E-06	-1.05E-05
474	14	0	0	0	0	0	0	232	254	0	-2.22E-05	1.88E-06	7.67E-06	-9.57E-06
474	15	0	0	0	0	0	0	232	254	0	-2.22E-05	1.88E-06	7.67E-06	-9.57E-06
474	16	0	0	0	0	0	0	232	254	0	-2.33E-05	2.79E-07	6.39E-08	-7.99E-06
474	17	0	0	0	0	0	0	232	254	0	-2.29E-05	3.63E-06	-1.05E-05	-5.52E-06
474	18	0	0	0	0	0	0	232	254	0	-2.29E-05	3.63E-06	-1.05E-05	-5.52E-06
474	19	0	0	0	0	0	0	232	254	0	-2.01E-05	5.84E-06	-1.51E-05	-7.96E-06
475	0	0	0	0	0	0	0	232	254	0	-2.01E-05	5.84E-06	-1.51E-05	-7.96E-06
475	1	0	0	0	0	0	0	232	254	0	-1.83E-05	7.93E-06	-1.63E-05	-9.57E-06
475	2	0	0	0	0	0	0	232	254	0	-1.83E-05	7.93E-06	-1.63E-05	-9.57E-06
475	3	0	0	0	0	0	0	232	254	0	-1.85E-05	8.25E-06	-1.54E-05	-9.76E-06
475	4	0	0	0	0	0	0	232	254	0	-1.85E-05	8.25E-06	-1.54E-05	-9.76E-06
475	5	0	0	0	0	0	0	232	254	0	-1.88E-05	8.48E-06	-1.43E-05	-1.12E-05
475	6	0	0	0	0	0	0	232	254	0	-1.75E-05	8.89E-06	-1.40E-05	-1.19E-05
475	7	0	0	0	0	0	0	232	254	0	-1.75E-05	8.89E-06	-1.40E-05	-1.19E-05
475	8	0	0	0	0	0	0	232	254	0	-1.69E-05	7.40E-06	-2.89E-06	-1.21E-05
475	9	0	0	0	0	0	0	232	254	0	-1.69E-05	7.40E-06	-2.89E-06	-1.21E-05
475	10	0	0	0	0	0	0	232	254	0	-1.64E-05	5.16E-06	-2.33E-06	-1.58E-05
475	11	0	0	0	0	0	0	232	254	0	-1.64E-05	5.16E-06	-2.33E-06	-1.58E-05
475	12	0	0	0	0	0	0	232	254	0	-1.51E-05	4.57E-06	-3.64E-06	-1.84E-05
475	13	0	0	0	0	0	0	232	254	0	-1.51E-05	4.57E-06	-3.64E-06	-1.84E-05
475	14	0	0	0	0	0	0	232	254	0	-1.65E-05	2.48E-06	2.75E-06	-1.67E-05
475	15	0	0	0	0	0	0	232	254	0	-1.79E-05	2.14E-06	2.81E-06	-1.48E-05
475	16	0	0	0	0	0	0	232	254	0	-1.79E-05	2.14E-06	2.81E-06	-1.48E-05
475	17	0	0	0	0	0	0	232	254	0	-1.85E-05	1.06E-06	-8.44E-06	-1.38E-05
475	18	0	0	0	0	0	0	232	254	0	-1.85E-05	1.06E-06	-8.44E-06	-1.38E-05
475	19	0	0	0	0	0	0	232	254	0	-2.01E-05	-4.60E-06	-1.19E-05	-1.27E-05
476	0	0	0	0	0	0	0	232	254	0	-2.01E-05	-4.60E-06	-1.19E-05	-1.27E-05
476	1	0	0	0	0	0	0	232	254	0	-2.23E-05	-5.32E-06	-9.18E-06	-1.36E-05
476	2	0	0	0	0	0	0	232	254	0	-2.23E-05	-5.32E-06	-9.18E-06	-1.36E-05
476	3	0	0	0	0	0	0	232	254	0	-2.17E-05	1.20E-06	-6.42E-06	-1.36E-05
476	4	0	0	0	0	0	0	232	254	0	-1.99E-05	3.27E-06	-5.48E-06	-1.24E-05
476	5	0	0	0	0	0	0	232	254	0	-1.99E-05	3.27E-06	-5.48E-06	-1.24E-05
476	6	0	0	0	0	0	0	232	254	0	-1.97E-05	3.57E-07	-5.61E-06	-1.34E-05
476	7	0	0	0	0	0	0	232	254	0	-1.97E-05	3.57E-07	-5.61E-06	-1.34E-05
476	8	0	0	0	0	0	0	232	254	0	-2.23E-05	8.44E-07	-1.01E-05	-1.43E-05
476	9	0	0	0	0	0	0	232	254	0	-2.23E-05	8.44E-07	-1.01E-05	-1.43E-05
476	10	0	0	0	0	0	0	232	254	0	-2.23E-05	3.32E-06	-1.34E-05	-1.42E-05
476	11	0	0	0	0	0	0	232	254	0	-2.23E-05	3.32E-06	-1.34E-05	-1.42E-05
476	12	0	0	0	0	0	0	232	254	0	-2.22E-05	4.20E-06	-1.28E-05	-1.36E-05
476	13	0	0	0	0	0	0	232	254	0	-2.38E-05	4.37E-06	-1.65E-05	-1.35E-05
476	14	0	0	0	0	0	0	232	254	0	-2.38E-05	4.37E-06	-1.65E-05	-1.35E-05
476	15	0	0	0	0	0	0	232	254	0	-2.45E-05	5.82E-06	-1.68E-05	-1.29E-05
476	16	0	0	0	0	0	0	232	254	0	-2.45E-05	5.82E-06	-1.68E-05	-1.29E-05
476	17	0	0	0	0	0	0	232	254	0	-2.54E-05	7.81E-06	-8.79E-06	-1.11E-05
476	18	0	0	0	0	0	0	232	254	0	-2.54E-05	7.81E-06	-8.79E-06	-1.11E-05
476	19	0	0	0	0	0	0	232	254	0	-2.60E-05	7.97E-06	-8.50E-06	-1.05E-05
477	0	0	0	0	0	0	0	232	254	0	-2.60E-05	7.97E-06	-8.50E-06	-1.05E-05
477	1	0	0	0	0	0	0	232	254	0	-2.67E-05	4.72E-06	-1.15E-05	-1.23E-05
477	2	0	0	0	0	0	0	232	254	0	-2.67E-05	2.35E-06	-1.07E-05	-1.23E-05
477	3	0	0	0	0	0	0	232	254	0	-2.67E-05	2.35E-06	-1.07E-05	-1.23E-05
477	4	0	0	0	0	0	0	232	254	0	-2.69E-05	1.35E-06	-9.82E-06	-1.21E-05
477	5	0	0	0	0	0	0	232	254	0	-2.69E-05	1.35E-06	-9.82E-06	-1.21E-05
477	6	0	0	0	0	0	0	232	254	0	-2.59E-05	2.94E-06	-1.18E-05	-1.11E-05
477	7	0	0	0	0	0	0	232	254	0	-2.59E-05	2.94E-06	-1.18E-05	-1.11E-05
477	8	0	0	0	0	0	0	232	254	0	-2.34E-05	6.17E-06	-1.36E-05	-1.03E-05
477	9	0	0	0	0	0	0	232	254	0	-2.34E-05	6.17E-06	-1.36E-05	-1.03E-05
477	10	0	0	0	0	0	0	232	254	0	-2.15E-05	8.42E-06	-1.37E-05	-1.11E-05
477	11	0	0	0	0	0	0	232	254	0	-2.04E-05	9.76E-06	-1.31E-05	-1.15E-05
477	12	0	0	0	0	0	0	232	254	0	-2.04E-05	9.76E-06	-1.31E-05	-1.15E-05
477	13	0	0	0	0	0	0	232	254	0	-2.10E-05	9.56E-06	-1.19E-05	-1.13E-05
477	14	0	0	0	0	0	0	232	254	0	-2.10E-05	9.56E-06	-1.19E-05	-1.13E-05
477	15	0	0	0	0	0	0	232	254	0	-2.11E-05	7.13E-06	-9.27E-06	-1.21E-05
477	16	0	0	0	0	0	0	232	254	0	-2.11E-05	7.13E-06	-9.27E-06	-1.21E-05
477	17	0	0	0	0	0	0	232	254	0	-2.09E-05	6.38E-06	-7.17E-06	-1.36E-05
477	18	0	0	0	0	0	0	232	254	0	-2.09E-05	6.38E-06	-7.17E-06	-1.36E-05
477	19	0	0	0	0	0	0	232	254	0	-1.89E-05	5.12E-06	-6.63E-06	-1.31E-05
478	0	0	0	0	0	0	0	232	254	0	-1.86E-05	4.62E-06	-4.91E-06	-1.18E-05
478	1	0	0	0	0	0	0	232	254	0	-1.86E-05	4.62E-06	-4.91E-06	-1.18E-05
478	2	0	0	0	0	0	0	232	254	0	-2.04E-05	5.20E-06	-5.59E-06	-1.08E-05
478	3	0	0	0	0	0	0	232	254	0	-2.04E-05	5.20E-06	-5.59E-06	-1.08E-05
478	4	0	0	0	0	0	0	232	254	0	-2.06E-05	5.20E-06	-8.39E-06	-1.06E-05
478	5	0	0	0	0	0	0	232	254	0	-2.06E-05	5.20E-06	-8.39E-06	-1.06E-05
478	6	0	0	0	0	0	0	232	254	0	-2.04E-05	5.03E-06	-9.87E-06	-1.22E-05
478	7	0	0	0	0	0	0	232	254	0	-2.04E-05	5.03E-06	-9.87E-06	-1.22E-05
478	8	0	0	0	0	0	0	232	254	0	-2.10E-05	3.82E-06	-1.17E-05	-1.19E-05
478	9	0	0	0	0	0	0	232	254	0	-2.20E-05	3.74E-06	-1.03E-05	-1.18E-05
478	10	0	0	0	0	0	0	232	254	0	-2.20E-05	3.74E-06	-1.03E-05	-1.18E-05
478	11	0	0	0	0	0	0	232	254	0	-2.21E-05	5.12E-06	-7.97E-06	-1.10E-05
478	12	0	0	0	0	0	0	232	254	0	-2.21E-05	5.12E-06	-7.97E-06	-1.10E-05
478	13	0	0	0	0	0	0	232	254	0	-2.24E-05	4.53E-06	-5.66E-06	-1.13E-05
478	14	0	0	0	0	0	0	232	254	0	-2.24E-05	4.53E-06	-5.66E-06	-1.13E-05
478	15	0	0	0	0	0	0	232	254	0	-2.17E-05	4.23E-06	-2.02E-06	-1.19E-05
478	16	0	0	0	0	0	0	232	254	0	-2.17E-05	4.23E-06	-2.02E-06	-1.19E-05
478	17	0	0	0	0	0	0	232	254	0	-2.12E-05	2.12E-06	-4.00E-06	-1.31E-05
478	18	0	0	0	0	0	0	232	254	0	-2.38E-05	1.96E-06	-1.03E-05	-1.41E-05
478	19	0	0	0	0	0	0	232	254	0	-2.38E-05	1.96E-06	-1.03E-05	-1.41E-05
479	0	0	0	0	0	0	0	232	254	0	-2.49E-05	4.03E-06	-1.53E-05	-1.49E-05
479	1	0	0	0	0	0	0	232	254	0	-2.49E-05	4.03E-06	-1.53E-05	-1.49E-05
479	2	0	0	0	0	0	0	232	254	0	-2.47E-05	4.99E-06	-1.64E-05	-1.45E-05
479	3	0	0	0	0	0	0	232	254	0	-2.47E-05	4.99E-06	-1.64E-05	-1.45E-05
479	4	0	0	0	0	0	0	232	254	0	-2.61E-05	3.52E-06	-1.48E-05	-1.52E-05
479	5	0	0	0	0	0	0	232	254	0	-2.61E-05	3.52E-06	-1.48E-05	-1.52E-05
479	6	0	0	0	0	0	0	232	254	0	-2.66E-05	3.65E-06	-1.36E-05	-1.58E-05
479	7	0	0	0	0	0	0	232	254	0	-2.70E-05	4.53E-06	-1.32E-05	-1.49E-05
479	8	0	0	0	0	0	0	232	254	0	-2.70E-05	4.53E-06	-1.32E-05	-1.49E-05
479	9	0	0	0	0	0	0	232	254	0	-2.60E-05	4.66E-06	-1.28E-05	-1.55E-05
479	10	0	0	0	0	0	0	232	254	0	-2.60E-05	4.66E-06	-1.28E-05	-1.55E-05
479	11	0	0	0	0	0	0	232	254	0	-2.56E-05	5.62E-06	-1.31E-05	-1.51E-05
479	12	0	0	0	0	0	0	232	254	0	-2.56E-05	5.62E-06	-1.31E-05	-1.51E-05
479	13	0	0	0	0	0	0	232	254	0	-2.49E-05	6.34E-06	-1.42E-05	-1.48E-05
479	14	0	0	0	0	0	0	232	254	0	-2.49E-05	6.34E-06	-1.42E-05	-1.48E-05
479	15	0	0	0	0	0	0	232	254	0	-2.39E-05	7.00E-06	-1.55E-05	-1.24E-05
479	16	0	0	0	0	0	0	232	254	0	-2.30E-05	5.50E-06	-1.35E-05	-1.15E-05
479	17	0	0	0	0	0	0	232	254	0	-2.30E-05	5.50E-06	-1.35E-05	-1.15E-05
479	18	0	0	0	0	0	0	232	254	0	-2.31E-05	5.12E-06	-1.12E-05	-1.18E-05
479	19	0	0	0	0	0	0	232	254	0	-2.31E-05	5.12E-06	-1.12E-05	-1.18E-05
480	0	0	0	0	0	0	0	232	254	0	-2.15E-05	4.28E-06	-1.30E-05	-1.23E-05
480	1	0	0	0	0	0	0	232	254	0	-2.15E-05	4.28E-06	-1.30E-05	-1.23E-05
480	2	0	0	0	0	0	0	232	254	0	-1.91E-05	2.39E-06	-1.23E-05	-1.23E-05
480	3	0	0	0	0	0	0	232	254	0	-1.91E-05	2.39E-06	-1.23E-05	-1.23E-05
480	4	0	0	0	0	0	0	232	254	0	-1.96E-05	1.60E-06	-1.03E-05	-1.28E-05
480	5	0	0	0	0	0	0	232	254	0	-1.88E-05	2.37E-06	-9.59E-06	-1.19E-05
480	6	0	0	0	0	0	0	232	254	0	-1.88E-05	2.37E-06	-9.59E-06	-1.19E-05
480	7	0	0	0	0	0	0	232	254	0	-1.80E-05	3.80E-06	-8.30E-06	-1.16E-05
480	8	0	0	0	0	0	0	232	254	0	-1.80E-05	3.80E-06	-8.30E-06	-1.16E-05
480	9	0	0	0	0	0	0	232	254	0	-1.82E-05	4.62E-06	-6.52E-06	-1.15E-05
480	10	0	0	0	0	0	0	232	254	0	-1.82E-05	4.62E-06	-6.52E-06	-1.15E-05
480	11	0	0	0	0	0	0	232	254	0	-1.75E-05	5.46E-06	-6.23E-06	-1.22E-05
480	12	0	0	0	0	0	0	232	254	0	-1.75E-05	5.46E-06	-6.23E-06	-1.22E-05
480	13	0	0	0	0	0	0	232	254	0	-1.89E-05	7.17E-06	-5.16E-06	-1.37E-05
480	14	0	0	0	0	0	0	232	254	0	-1.82E-05	6.88E-06	-4.68E-06	-1.28E-05
480	15	0	0	0	0	0	0	232	254	0	-1.82E-05	6.88E-06	-4.68E-06	-1.28E-05
480	16	0	0	0	0	0	0	232	254	0	-1.71E-05	6.95E-06	-3.80E-06	-1.20E-05
480	17	0	0	0	0	0	0	232	254	0	-1.71E-05	6.95E-06	-3.80E-06	-1.20E-05
480	18	0	0	0	0	0	0	232	254	0	-1.55E-05	7.30E-06	-7.31E-06	-1.23E-05
480	19	0	0	0	0	0	0	232	254	0	-1.55E-05	7.30E-06	-7.31E-06	-1.23E-05
481	0	0	0	0	0	0	0	232	254	0	-1.47E-05	6.78E-06	-1.02E-05	-1.24E-05
481	1	0	0	0	0	0	0	232	254	0	-1.47E-05	6.78E-06	-1.02E-05	-1.24E-05
481	2	0	0	0	0	0	0	232	254	0	-1.55E-05	7.26E-06	-1.00E-05	-1.25E-05
481	3	0	0	0	0	0	0	232	254	0	-1.81E-05	7.38E-06	-9.38E-06	-1.15E-05
481	4	0	0	0	0	0	0	232	254	0	-1.81E-05	7.38E-06	-9.38E-06	-1.15E-05
481	5	0	0	0	0	0	0	232	254	0	-1.90E-05	6.17E-06	-7.74E-06	-1.07E-05
481	6	0	0	0	0	0	0	232	254	0	-1.90E-05	6.17E-06	-7.74E-06	-1.07E-05
481	7	0	0	0	0	0	0	232	254	0	-1.84E-05	5.85E-06	-5.28E-06	-9.65E-06
481	8	0	0	0	0	0	0	232	254	0	-1.84E-05	5.85E-06	-5.28E-06	-9.65E-06
481	9	0	0	0	0	0	0	232	254	0	-1.75E-05	5.60E-06	-3.27E-06	-1.04E-05
481	10	0	0	0	0	0	0	232	254	0	-1.75E-05	5.60E-06	-3.27E-06	-1.04E-05
481	11	0	0	0	0	0	0	232	254	0	-1.64E-05	4.87E-06	-1.38E-06	-1.16E-05
481	12	0	0	0	0	0	0	232	254	0	-1.65E-05	4.91E-06	-1.10E-06	-1.17E-05
481	13	0	0	0	0	0	0	232	254	0	-1.65E-05	4.91E-06	-1.10E-06	-1.17E-05
481	14	0	0	0	0	0	0	232	254	0	-1.72E-05	5.20E-06	-5.63E-06	-1.23E-05
481	15	0	0	0	0	0	0	232	254	0	-1.72E-05	5.20E-06	-5.63E-06	-1.23E-05
481	16	0	0	0	0	0	0	232	254	0	-1.87E-05	5.08E-06	-8.52E-06	-1.22E-05
481	17	0	0	0	0	0	0	232	254	0	-1.87E-05	5.08E-06	-8.52E-06	-1.22E-05
481	18	0	0	0	0	0	0	232	254	0	-1.96E-05	4.24E-06	-8.18E-06	-1.21E-05
481	19	0	0	0	0	0	0	232	254	0	-1.96E-05	4.24E-06	-8.18E-06	-1.21E-05
482	0	0	0	0	0	0	0	232	254	0	-2.17E-05	4.66E-06	-8.36E-06	-1.32E-05
482	1	0	0	0	0	0	0	232	254	0	-2.18E-05	5.37E-06	-1.17E-05	-1.36E-05
482	2	0	0	0	0	0	0	232	254	0	-2.18E-05	5.37E-06	-1.17E-05	-1.36E-05
482	3	0	0	0	0	0	0	232	254	0	-2.30E-05	4.17E-06	-1.20E-05	-1.36E-05
482	4	0	0	0	0	0	0	232	254	0	-2.30E-05	4.17E-06	-1.20E-05	-1.36E-05
482	5	0	0	0	0	0	0	232	254	0	-2.52E-05	4.13E-06	-1.05E-05	-1.38E-05
482	6	0	0	0	0	0	0	232	254	0	-2.52E-05	4.13E-06	-1.05E-05	-1.38E-05
482	7	0	0	0	0	0	0	232	254	0	-2.45E-05	4.61E-06	-1.03E-05	-1.30E-05
482	8	0	0	0	0	0	0	232	254	0	-2.45E-05	4.61E-06	-1.03E-05	-1.30E-05
482	9	0	0	0	0	0	0	232	254	0	-2.44E-05	2.81E-06	-1.09E-05	-1.15E-05
482	10	0	0	0	0	0	0	232	254	0	-2.45E-05	2.52E-06	-1.08E-05	-1.10E-05
482	11	0	0	0	0	0	0	232	254	0	-2.45E-05	2.52E-06	-1.08E-05	-1.10E-05
482	12	0	0	0	0	0	0	232	254	0	-2.30E-05	2.52E-06	-1.00E-05	-1.06E-05
482	13	0	0	0	0	0	0	232	254	0	-2.30E-05	2.52E-06	-1.00E-05	-1.06E-05
482	14	0	0	0	0	0	0	232	254	0	-2.25E-05	2.65E-06	-8.22E-06	-1.13E-05
482	15	0	0	0	0	0	0	232	254	0	-2.25E-05	2.65E-06	-8.22E-06	-1.13E-05
482	16	0	0	0	0	0	0	232	254	0	-2.17E-05	3.72E-06	-5.92E-06	-1.24E-05
482	17	0	0	0	0	0	0	232	254	0	-2.17E-05	3.72E-06	-5.92E-06	-1.24E-05
482	18	0	0	0	0	0	0	232	254	0	-2.21E-05	4.93E-06	-6.40E-06	-1.11E-05
482	19	0	0	0	0	0	0	232	254	0	-2.37E-05	4.09E-06	-7.70E-06	-1.28E-05
483	0	0	0	0	0	0	0	232	254	0	-2.37E-05	4.09E-06	-7.70E-06	-1.28E-05
483	1	0	0	0	0	0	0	232	254	0	-2.28E-05	3.29E-06	-7.47E-06	-1.38E-05
483	2	0	0	0	0	0	0	232	254	0	-2.28E-05	3.29E-06	-7.47E-06	-1.38E-05
483	3	0	0	0	0	0	0	232	254	0	-2.06E-05	2.73E-06	-6.84E-06	-1.32E-05
483	4	0	0	0	0	0	0	232	254	0	-2.06E-05	2.73E-06	-6.84E-06	-1.32E-05
483	5	0	0	0	0	0	0	232	254	0	-2.25E-05	2.02E-06	-6.89E-06	-1.30E-05
483	6	0	0	0	0	0	0	232	254	0	-2.25E-05	2.02E-06	-6.89E-06	-1.30E-05
483	7	0	0	0	0	0	0	232	254	0	-2.16E-05	3.25E-06	-9.19E-06	-1.39E-05
483	8	0	0	0	0	0	0	232	254	0	-2.12E-05	3.71E-06	-8.77E-06	-1.60E-05
483	9	0	0	0	0	0	0	232	254	0	-2.12E-05	3.71E-06	-8.77E-06	-1.60E-05
483	10	0	0	0	0	0	0	232	254	0	-2.30E-05	4.05E-06	-7.97E-06	-1.62E-05
483	11	0	0	0	0	0	0	232	254	0	-2.30E-05	4.05E-06	-7.97E-06	-1.62E-05
483	12	0	0	0	0	0	0	232	254	0	-2.30E-05	5.39E-06	-9.54E-06	-1.58E-05
483	13	0	0	0	0	0	0	232	254	0	-2.30E-05	5.39E-06	-9.54E-06	-1.58E-05
483	14	0	0	0	0	0	0	232	254	0	-2.30E-05	5.52E-06	-1.66E-05	-1.50E-05
483	15	0	0	0	0	0	0	232	254	0	-2.30E-05	5.52E-06	-1.66E-05	-1.50E-05
483	16	0	0	0	0	0	0	232	254	0	-2.27E-05	5.31E-06	-1.84E-05	-1.43E-05
483	17	0	0	0	0	0	0	232	254	0	-2.28E-05	4.82E-06	-1.25E-05	-1.31E-05
483	18	0	0	0	0	0	0	232	254	0	-2.28E-05	4.82E-06	-1.25E-05	-1.31E-05
483	19	0	0	0	0	0	0	232	254	0	-2.32E-05	4.51E-06	-7.72E-06	-1.30E-05
484	0	0	0	0	0	0	0	232	254	0	-2.32E-05	4.51E-06	-7.72E-06	-1.30E-05
484	1	0	0	0	0	0	0	232	254	0	-2.14E-05	4.24E-06	-9.09E-06	-1.23E-05
484	2	0	0	0	0	0	0	232	254	0	-2.14E-05	4.24E-06	-9.09E-06	-1.23E-05
484	3	0	0	0	0	0	0	232	254	0	-2.09E-05	3.44E-06	-1.01E-05	-1.29E-05
484	4	0	0	0	0	0	0	232	254	0	-2.09E-05	3.44E-06	-1.01E-05	-1.29E-05
484	5	0	0	0	0	0	0	232	254	0	-2.02E-05	4.24E-06	-7.67E-06	-1.24E-05
484	6	0	0	0	0	0	0	232	254	0	-1.93E-05	5.86E-06	-3.95E-06	-1.09E-05
484	7	0	0	0	0	0	0	232	254	0	-1.93E-05	5.86E-06	-3.95E-06	-1.09E-05
484	8	0	0	0	0	0	0	232	254	0	-1.94E-05	6.78E-06	-4.96E-06	-1.05E-05
484	9	0	0	0	0	0	0	232	254	0	-1.94E-05	6.78E-06	-4.96E-06	-1.05E-05
484	10	0	0	0	0	0	0	232	254	0	-1.79E-05	5.89E-06	-8.36E-06	-1.01E-05
484	11	0	0	0	0	0	0	232	254	0	-1.79E-05	5.89E-06	-8.36E-06	-1.01E-05
484	12	0	0	0	0	0	0	232	254	0	-1.79E-05	4.80E-06	-1.15E-05	-9.45E-06
484	13	0	0	0	0	0	0	232	254	0	-1.79E-05	4.80E-06	-1.15E-05	-9.45E-06
484	14	0	0	0	0	0	0	232	254	0	-1.98E-05	4.49E-06	-1.10E-05	-1.08E-05
484	15	0	0	0	0	0	0	232	254	0	-2.11E-05	5.31E-06	-1.17E-05	-1.01E-05
484	16	0	0	0	0	0	0	232	254	0	-2.11E-05	5.31E-06	-1.17E-05	-1.01E-05
484	17	0	0	0	0	0	0	232	254	0	-2.05E-05	4.87E-06	-1.24E-05	-9.27E-06
484	18	0	0	0	0	0	0	232	254	0	-2.05E-05	4.87E-06	-1.24E-05	-9.27E-06
484	19	0	0	0	0	0	0	232	254	0	-1.93E-05	4.74E-06	-1.09E-05	-9.61E-06
485	0	0	0	0	0	0	0	232	254	0	-1.93E-05	4.74E-06	-1.09E-05	-9.61E-06
485	1	0	0	0	0	0	0	232	254	0	-1.91E-05	3.80E-06	-9.71E-06	-1.01E-05
485	2	0	0	0	0	0	0	232	254	0	-1.91E-05	3.80E-06	-9.71E-06	-1.01E-05
485	3	0	0	0	0	0	0	232	254	0	-1.90E-05	3.42E-06	-9.40E-06	-1.13E-05
485	4	0	0	0	0	0	0	232	254	0	-1.94E-05	3.95E-06	-7.75E-06	-1.14E-05
485	5	0	0	0	0	0	0	232	254	0	-1.94E-05	3.95E-06	-7.75E-06	-1.14E-05
485	6	0	0	0	0	0	0	232	254	0	-1.96E-05	4.40E-06	-4.53E-06	-1.15E-05
485	7	0	0	0	0	0	0	232	254	0	-1.96E-05	4.40E-06	-4.53E-06	-1.15E-05
485	8	0	0	0	0	0	0	232	254	0	-2.22E-05	3.44E-06	-5.04E-06	-1.11E-05
485	9	0	0	0	0	0	0	232	254	0	-2.22E-05	3.44E-06	-5.04E-06	-1.11E-05
485	10	0	0	0	0	0	0	232	254	0	-2.33E-05	3.02E-06	-8.77E-06	-1.16E-05
485	11	0	0	0	0	0	0	232	254	0	-2.33E-05	3.02E-06	-8.77E-06	-1.16E-05
485	12	0	0	0	0	0	0	232	254	0	-2.33E-05	4.15E-06	-9.77E-06	-1.15E-05
485	13	0	0	0	0	0	0	232	254	0	-2.30E-05	3.95E-06	-6.55E-06	-1.11E-05
485	14	0	0	0	0	0	0	232	254	0	-2.30E-05	3.95E-06	-6.55E-06	-1.11E-05
485	15	0	0	0	0	0	0	232	254	0	-2.33E-05	4.43E-06	-6.50E-06	-1.20E-05
485	16	0	0	0	0	0	0	232	254	0	-2.33E-05	4.43E-06	-6.50E-06	-1.20E-05
485	17	0	0	0	0	0	0	232	254	0	-2.33E-05	3.80E-06	-5.95E-06	-1.06E-05
485	18	0	0	0	0	0	0	232	254	0	-2.33E-05	3.80E-06	-5.95E-06	-1.06E-05
485	19	0	0	0	0	0	0	232	254	0	-2.43E-05	4.66E-06	-4.37E-06	-1.09E-05
486	0	0	0	0	0	0	0	232	254	0	-2.43E-05	4.66E-06	-4.37E-06	-1.09E-05
486	1	0	0	0	0	0	0	232	254	0	-2.44E-05	5.41E-06	-5.56E-06	-1.12E-05
486	2	0	0	0	0	0	0	232	254	0	-2.50E-05	4.43E-06	-6.22E-06	-1.26E-05
486	3	0	0	0	0	0	0	232	254	0	-2.50E-05	4.43E-06	-6.22E-06	-1.26E-05
486	4	0	0	0	0	0	0	232	254	0	-2.49E-05	3.80E-06	-1.01E-05	-1.40E-05
486	5	0	0	0	0	0	0	232	254	0	-2.49E-05	3.80E-06	-1.01E-05	-1.40E-05
486	6	0	0	0	0	0	0	232	254	0	-2.43E-05	4.45E-06	-1.28E-05	-1.40E-05
486	7	0	0	0	0	0	0	232	254	0	-2.43E-05	4.45E-06	-1.28E-05	-1.40E-05
486	8	0	0	0	0	0	0	232	254	0	-2.40E-05	3.86E-06	-1.17E-05	-1.24E-05
486	9	0	0	0	0	0	0	232	254	0	-2.40E-05	3.86E-06	-1.17E-05	-1.24E-05
486	10	0	0	0	0	0	0	232	254	0	-2.38E-05	3.90E-06	-1.30E-05	-1.33E-05
486	11	0	0	0	0	0	0	232	254	0	-2.24E-05	4.22E-06	-1.42E-05	-1.32E-05
486	12	0	0	0	0	0	0	232	254	0	-2.24E-05	4.22E-06	-1.42E-05	-1.32E-05
486	13	0	0	0	0	0	0	232	254	0	-2.10E-05	4.34E-06	-1.14E-05	-1.26E-05
486	14	0	0	0	0	0	0	232	254	0	-2.10E-05	4.34E-06	-1.14E-05	-1.26E-05
486	15	0	0	0	0	0	0	232	254	0	-2.09E-05	4.28E-06	-9.07E-06	-1.32E-05
486	16	0	0	0	0	0	0	232	254	0	-2.09E-05	4.28E-06	-9.07E-06	-1.32E-05
486	17	0	0	0	0	0	0	232	254	0	-2.16E-05	4.95E-06	-1.06E-05	-1.51E-05
486	18	0	0	0	0	0	0	232	254	0	-2.16E-05	4.95E-06	-1.06E-05	-1.51E-05
486	19	0	0	0	0	0	0	232	254	0	-2.36E-05	5.56E-06	-1.31E-05	-1.61E-05
487	0	0	0	0	0	0	0	232	254	0	-2.29E-05	5.69E-06	-1.41E-05	-1.49E-05
487	1	0	0	0	0	0	0	232	254	0	-2.29E-05	5.69E-06	-1.41E-05	-1.49E-05
487	2	0	0	0	0	0	0	232	254	0	-2.25E-05	5.50E-06	-1.27E-05	-1.41E-05
487	3	0	0	0	0	0	0	232	254	0	-2.25E-05	5.50E-06	-1.27E-05	-1.41E-05
487	4	0	0	0	0	0	0	232	254	0	-2.37E-05	5.31E-06	-1.00E-05	-1.32E-05
487	5	0	0	0	0	0	0	232	254	0	-2.37E-05	5.31E-06	-1.00E-05	-1.32E-05
487	6	0	0	0	0	0	0	232	254	0	-2.40E-05	5.98E-06	-8.47E-06	-1.36E-05
487	7	0	0	0	0	0	0	232	254	0	-2.40E-05	5.98E-06	-8.47E-06	-1.36E-05
487	8	0	0	0	0	0	0	232	254	0	-2.45E-05	5.47E-06	-7.78E-06	-1.38E-05
487	9	0	0	0	0	0	0	232	254	0	-2.57E-05	5.19E-06	-7.37E-06	-1.31E-05
487	10	0	0	0	0	0	0	232	254	0	-2.57E-05	5.19E-06	-7.37E-06	-1.31E-05
487	11	0	0	0	0	0	0	232	254	0	-2.48E-05	6.17E-06	-1.00E-05	-1.24E-05
487	12	0	0	0	0	0	0	232	254	0	-2.48E-05	6.17E-06	-1.00E-05	-1.24E-05
487	13	0	0	0	0	0	0	232	254	0	-2.59E-05	6.00E-06	-1.32E-05	-1.41E-05
487	14	0	0	0	0	0	0	232	254	0	-2.59E-05	6.00E-06	-1.32E-05	-1.41E-05
487	15	0	0	0	0	0	0	232	254	0	-2.69E-05	6.95E-06	-1.48E-05	-1.63E-05
487	16	0	0	0	0	0	0	232	254	0	-2.69E-05	6.95E-06	-1.48E-05	-1.63E-05
487	17	0	0	0	0	0	0	232	254	0	-2.47E-05	7.36E-06	-1.36E-05	-1.53E-05
487	18	0	0	0	0	0	0	232	254	0	-2.24E-05	6.96E-06	-1.37E-05	-1.52E-05
487	19	0	0	0	0	0	0	232	254	0	-2.24E-05	6.96E-06	-1.37E-05	-1.52E-05
488	0	0	0	0	0	0	0	232	254	0	-2.27E-05	4.90E-06	-1.26E-05	-1.43E-05
488	1	0	0	0	0	0	0	232	254	0	-2.27E-05	4.90E-06	-1.26E-05	-1.43E-05
488	2	0	0	0	0	0	0	232	254	0	-2.28E-05	3.00E-06	-9.24E-06	-1.21E-05
488	3	0	0	0	0	0	0	232	254	0	-2.28E-05	3.00E-06	-9.24E-06	-1.21E-05
488	4	0	0	0	0	0	0	232	254	0	-2.14E-05	3.99E-06	-2.88E-06	-9.92E-06
488	5	0	0	0	0	0	0	232	254	0	-2.14E-05	3.99E-06	-2.88E-06	-9.92E-06
488	6	0	0	0	0	0	0	232	254	0	-1.92E-05	3.82E-06	2.62E-06	-9.07E-06
488	7	0	0	0	0	0	0	232	254	0	-1.85E-05	5.02E-06	1.14E-05	-1.03E-05
488	8	0	0	0	0	0	0	232	254	0	-1.85E-05	5.02E-06	1.14E-05	-1.03E-05
488	9	0	0	0	0	0	0	232	254	0	-1.88E-05	7.17E-06	1.84E-05	-1.08E-05
488	10	0	0	0	0	0	0	232	254	0	-1.88E-05	7.17E-06	1.84E-05	-1.08E-05
488	11	0	0	0	0	0	0	232	254	0	-1.79E-05	6.67E-06	1.03E-05	-1.05E-05
488	12	0	0	0	0	0	0	232	254	0	-1.79E-05	6.67E-06	1.03E-05	-1.05E-05
488	13	0	0	0	0	0	0	232	254	0	-1.76E-05	5.25E-06	-7.79E-06	-1.23E-05
488	14	0	0	0	0	0	0	232	254	0	-1.76E-05	5.25E-06	-7.79E-06	-1.23E-05
488	15	0	0	0	0	0	0	232	254	0	-1.73E-05	5.62E-06	-2.59E-05	-1.53E-05
488	16	0	0	0	0	0	0	232	254	0	-1.54E-05	6.08E-06	-2.77E-05	-1.56E-05
488	17	0	0	0	0	0	0	232	254	0	-1.54E-05	6.08E-06	-2.77E-05	-1.56E-05
488	18	0	0	0	0	0	0	232	254	0	-1.65E-05	5.20E-06	-2.03E-05	-1.53E-05
488	19	0	0	0	0	0	0	232	254	0	-1.65E-05	5.20E-06	-2.03E-05	-1.53E-05
489	0	0	0	0	0	0	0	232	254	0	-1.57E-05	5.16E-06	-1.56E-05	-1.54E-05
489	1	0	0	0	0	0	0	232	254	0	-1.57E-05	5.16E-06	-1.56E-05	-1.54E-05
489	2	0	0	0	0	0	0	232	254	0	-1.60E-05	5.00E-06	-1.52E-05	-1.41E-05
489	3	0	0	0	0	0	0	232	254	0	-1.60E-05	5.00E-06	-1.52E-05	-1.41E-05
489	4	0	0	0	0	0	0	232	254	0	-1.66E-05	5.70E-06	-1.23E-05	-1.30E-05
489	5	0	0	0	0	0	0	232	254	0	-1.68E-05	4.55E-06	-1.25E-05	-1.36E-05
489	6	0	0	0	0	0	0	232	254	0	-1.68E-05	4.55E-06	-1.25E-05	-1.36E-05
489	7	0	0	0	0	0	0	232	254	0	-1.79E-05	4.74E-06	-1.22E-05	-1.37E-05
489	8	0	0	0	0	0	0	232	254	0	-1.79E-05	4.74E-06	-1.22E-05	-1.37E-05
489	9	0	0	0	0	0	0	232	254	0	-1.87E-05	4.86E-06	-1.15E-05	-1.19E-05
489	10	0	0	0	0	0	0	232	254	0	-1.87E-05	4.86E-06	-1.15E-05	-1.19E-05
489	11	0	0	0	0	0	0	232	254	0	-1.92E-05	3.67E-06	-8.52E-06	-1.15E-05
489	12	0	0	0	0	0	0	232	254	0	-1.92E-05	3.67E-06	-8.52E-06	-1.15E-05
489	13	0	0	0	0	0	0	232	254	0	-1.92E-05	3.61E-06	-8.42E-06	-1.04E-05
489	14	0	0	0	0	0	0	232	254	0	-1.85E-05	4.15E-06	-9.80E-06	-9.55E-06
489	15	0	0	0	0	0	0	232	254	0	-1.85E-05	4.15E-06	-9.80E-06	-9.55E-06
489	16	0	0	0	0	0	0	232	254	0	-1.78E-05	3.86E-06	-1.04E-05	-9.66E-06
489	17	0	0	0	0	0	0	232	254	0	-1.78E-05	3.86E-06	-1.04E-05	-9.66E-06
489	18	0	0	0	0	0	0	232	254	0	-1.87E-05	3.99E-06	-1.18E-05	-1.14E-05
489	19	0	0	0	0	0	0	232	254	0	-1.87E-05	3.99E-06	-1.18E-05	-1.14E-05
490	0	0	0	0	0	0	0	232	254	0	-1.96E-05	4.80E-06	-1.30E-05	-1.14E-05
490	1	0	0	0	0	0	0	232	254	0	-1.96E-05	4.80E-06	-1.30E-05	-1.14E-05
490	2	0	0	0	0	0	0	232	254	0	-2.22E-05	4.39E-06	-1.41E-05	-1.03E-05
490	3	0	0	0	0	0	0	232	254	0	-2.38E-05	4.45E-06	-1.76E-05	-1.10E-05
490	4	0	0	0	0	0	0	232	254	0	-2.38E-05	4.45E-06	-1.76E-05	-1.10E-05
490	5	0	0	0	0	0	0	232	254	0	-2.25E-05	3.90E-06	-1.72E-05	-1.15E-05
490	6	0	0	0	0	0	0	232	254	0	-2.25E-05	3.90E-06	-1.72E-05	-1.15E-05
490	7	0	0	0	0	0	0	232	254	0	-2.25E-05	4.28E-06	-1.35E-05	-1.22E-05
490	8	0	0	0	0	0	0	232	254	0	-2.25E-05	4.28E-06	-1.35E-05	-1.22E-05
490	9	0	0	0	0	0	0	232	254	0	-2.37E-05	4.70E-06	-7.58E-06	-1.16E-05
490	10	0	0	0	0	0	0	232	254	0	-2.37E-05	4.70E-06	-7.58E-06	-1.16E-05
490	11	0	0	0	0	0	0	232	254	0	-2.37E-05	3.48E-06	-2.63E-06	-1.14E-05
490	12	0	0	0	0	0	0	232	254	0	-2.38E-05	3.23E-06	6.60E-07	-1.15E-05
490	13	0	0	0	0	0	0	232	254	0	-2.38E-05	3.23E-06	6.60E-07	-1.15E-05
490	14	0	0	0	0	0	0	232	254	0	-2.32E-05	3.65E-06	-3.26E-06	-1.23E-05
490	15	0	0	0	0	0	0	232	254	0	-2.32E-05	3.65E-06	-3.26E-06	-1.23E-05
490	16	0	0	0	0	0	0	232	254	0	-2.19E-05	4.70E-06	-6.43E-06	-1.24E-05
490	17	0	0	0	0	0	0	232	254	0	-2.19E-05	4.70E-06	-6.43E-06	-1.24E-05
490	18	0	0	0	0	0	0	232	254	0	-2.12E-05	5.85E-06	-9.00E-06	-1.33E-05
490	19	0	0	0	0	0	0	232	254	0	-2.12E-05	5.85E-06	-9.00E-06	-1.33E-05
491	0	0	0	0	0	0	0	232	254	0	-2.06E-05	5.73E-06	-8.95E-06	-1.35E-05
491	1	0	0	0	0	0	0	232	254	0	-2.05E-05	5.92E-06	-1.18E-05	-1.26E-05
491	2	0	0	0	0	0	0	232	254	0	-2.05E-05	5.92E-06	-1.18E-05	-1.26E-05
491	3	0	0	0	0	0	0	232	254	0	-2.07E-05	6.21E-06	-1.12E-05	-1.29E-05
491	4	0	0	0	0	0	0	232	254	0	-2.07E-05	6.21E-06	-1.12E-05	-1.29E-05
491	5	0	0	0	0	0	0	232	254	0	-2.10E-05	6.36E-06	1.09E-06	-1.28E-05
491	6	0	0	0	0	0	0	232	254	0	-2.10E-05	6.36E-06	1.09E-06	-1.28E-05
491	7	0	0	0	0	0	0	232	254	0	-2.15E-05	7.11E-06	5.89E-06	-1.21E-05
491	8	0	0	0	0	0	0	232	254	0	-2.15E-05	7.11E-06	5.89E-06	-1.21E-05
491	9	0	0	0	0	0	0	232	254	0	-2.26E-05	5.07E-06	3.71E-06	-1.11E-05
491	10	0	0	0	0	0	0	232	254	0	-2.35E-05	4.15E-06	3.86E-06	-9.77E-06
491	11	0	0	0	0	0	0	232	254	0	-2.35E-05	4.15E-06	3.86E-06	-9.77E-06
491	12	0	0	0	0	0	0	232	254	0	-2.24E-05	3.99E-06	3.60E-06	-8.75E-06
491	13	0	0	0	0	0	0	232	254	0	-2.24E-05	3.99E-06	3.60E-06	-8.75E-06
491	14	0	0	0	0	0	0	232	254	0	-2.09E-05	4.97E-06	1.59E-06	-7.85E-06
491	15	0	0	0	0	0	0	232	254	0	-2.09E-05	4.97E-06	1.59E-06	-7.85E-06
491	16	0	0	0	0	0	0	232	254	0	-2.03E-05	5.60E-06	-6.40E-07	-9.05E-06
491	17	0	0	0	0	0	0	232	254	0	-2.03E-05	5.60E-06	-6.40E-07	-9.05E-06
491	18	0	0	0	0	0	0	232	254	0	-2.01E-05	4.95E-06	-5.28E-06	-1.15E-05
491	19	0	0	0	0	0	0	232	254	0	-2.14E-05	5.37E-06	-1.70E-05	-1.30E-05
492	0	0	0	0	0	0	0	232	254	0	-2.14E-05	5.37E-06	-1.70E-05	-1.30E-05
492	1	0	0	0	0	0	0	232	254	0	-2.29E-05	4.26E-06	-3.14E-05	-1.37E-05
492	2	0	0	0	0	0	0	232	254	0	-2.29E-05	4.26E-06	-3.14E-05	-1.37E-05
492	3	0	0	0	0	0	0	232	254	0	-2.18E-05	4.76E-06	-3.57E-05	-1.30E-05
492	4	0	0	0	0	0	0	232	254	0	-2.18E-05	4.76E-06	-3.57E-05	-1.30E-05
492	5	0	0	0	0	0	0	232	254	0	-2.09E-05	5.12E-06	-3.04E-05	-1.33E-05
492	6	0	0	0	0	0	0	232	254	0	-2.09E-05	5.12E-06	-3.04E-05	-1.33E-05
492	7	0	0	0	0	0	0	232	254	0	-2.13E-05	4.57E-06	-2.64E-05	-1.38E-05
492	8	0	0	0	0	0	0	232	254	0	-2.11E-05	4.61E-06	-1.80E-05	-1.45E-05
492	9	0	0	0	0	0	0	232	254	0	-2.11E-05	4.61E-06	-1.80E-05	-1.45E-05
492	10	0	0	0	0	0	0	232	254	0	-2.07E-05	2.87E-06	-6.99E-06	-1.53E-05
492	11	0	0	0	0	0	0	232	254	0	-2.07E-05	2.87E-06	-6.99E-06	-1.53E-05
492	12	0	0	0	0	0	0	232	254	0	-2.11E-05	3.21E-06	-7.38E-06	-1.51E-05
492	13	0	0	0	0	0	0	232	254	0	-2.11E-05	3.21E-06	-7.38E-06	-1.51E-05
492	14	0	0	0	0	0	0	232	254	0	-2.05E-05	4.57E-06	-1.25E-05	-1.48E-05
492	15	0	0	0	0	0	0	232	254	0	-2.05E-05	4.57E-06	-1.25E-05	-1.48E-05
492	16	0	0	0	0	0	0	232	254	0	-2.08E-05	4.74E-06	-5.88E-06	-1.33E-05
492	17	0	0	0	0	0	0	232	254	0	-1.93E-05	3.69E-06	1.31E-05	-1.09E-05
492	18	0	0	0	0	0	0	232	254	0	-1.93E-05	3.69E-06	1.31E-05	-1.09E-05
492	19	0	0	0	0	0	0	232	254	0	-1.91E-05	2.52E-06	2.52E-05	-1.07E-05
493	0	0	0	0	0	0	0	232	254	0	-1.91E-05	2.52E-06	2.52E-05	-1.07E-05
493	1	0	0	0	0	0	0	232	254	0	-1.97E-05	2.50E-06	2.04E-05	-1.17E-05
493	2	0	0	0	0	0	0	232	254	0	-1.97E-05	2.50E-06	2.04E-05	-1.17E-05
493	3	0	0	0	0	0	0	232	254	0	-1.99E-05	2.33E-06	9.73E-06	-1.26E-05
493	4	0	0	0	0	0	0	232	254	0	-1.99E-05	2.33E-06	9.73E-06	-1.26E-05
493	5	0	0	0	0	0	0	232	254	0	-2.03E-05	2.40E-06	-3.84E-06	-1.39E-05
493	6	0	0	0	0	0	0	232	254	0	-2.04E-05	3.86E-06	-1.10E-05	-1.62E-05
493	7	0	0	0	0	0	0	232	254	0	-2.04E-05	3.86E-06	-1.10E-05	-1.62E-05
493	8	0	0	0	0	0	0	232	254	0	-2.10E-05	3.77E-06	-1.54E-05	-1.58E-05
493	9	0	0	0	0	0	0	232	254	0	-2.10E-05	3.77E-06	-1.54E-05	-1.58E-05
493	10	0	0	0	0	0	0	232	254	0	-2.13E-05	3.06E-06	-2.77E-05	-1.49E-05
493	11	0	0	0	0	0	0	232	254	0	-2.13E-05	3.06E-06	-2.77E-05	-1.49E-05
493	12	0	0	0	0	0	0	232	254	0	-2.23E-05	2.18E-06	-3.45E-05	-1.49E-05
493	13	0	0	0	0	0	0	232	254	0	-2.23E-05	2.18E-06	-3.45E-05	-1.49E-05
493	14	0	0	0	0	0	0	232	254	0	-2.15E-05	2.53E-06	-2.67E-05	-1.43E-05
493	15	0	0	0	0	0	0	232	254	0	-1.94E-05	5.04E-06	-2.16E-05	-1.20E-05
493	16	0	0	0	0	0	0	232	254	0	-1.94E-05	5.04E-06	-2.16E-05	-1.20E-05
493	17	0	0	0	0	0	0	232	254	0	-1.90E-05	6.25E-06	-1.60E-05	-1.00E-05
493	18	0	0	0	0	0	0	232	254	0	-1.90E-05	6.25E-06	-1.60E-05	-1.00E-05
493	19	0	0	0	0	0	0	232	254	0	-1.92E-05	6.37E-06	-1.19E-05	-1.09E-05
494	0	0	0	0	0	0	0	232	254	0	-1.92E-05	6.37E-06	-1.19E-05	-1.09E-05
494	1	0	0	0	0	0	0	232	254	0	-1.83E-05	4.77E-06	-1.55E-05	-1.20E-05
494	2	0	0	0	0	0	0	232	254	0	-1.83E-05	4.77E-06	-1.55E-05	-1.20E-05
494	3	0	0	0	0	0	0	232	254	0	-1.82E-05	1.78E-06	-1.84E-05	-1.25E-05
494	4	0	0	0	0	0	0	232	254	0	-1.75E-05	1.49E-06	-1.88E-05	-1.23E-05
494	5	0	0	0	0	0	0	232	254	0	-1.75E-05	1.49E-06	-1.88E-05	-1.23E-05
494	6	0	0	0	0	0	0	232	254	0	-1.64E-05	2.78E-06	-1.39E-05	-1.23E-05
494	7	0	0	0	0	0	0	232	254	0	-1.64E-05	2.78E-06	-1.39E-05	-1.23E-05
494	8	0	0	0	0	0	0	232	254	0	-1.66E-05	4.88E-06	-5.28E-06	-1.29E-05
494	9	0	0	0	0	0	0	232	254	0	-1.66E-05	4.88E-06	-5.28E-06	-1.29E-05
494	10	0	0	0	0	0	0	232	254	0	-1.80E-05	7.02E-06	-3.95E-06	-1.26E-05
494	11	0	0	0	0	0	0	232	254	0	-1.80E-05	7.02E-06	-3.95E-06	-1.26E-05
494	12	0	0	0	0	0	0	232	254	0	-2.05E-05	5.43E-06	-6.67E-06	-1.23E-05
494	13	0	0	0	0	0	0	232	254	0	-2.04E-05	3.52E-06	-5.83E-06	-1.15E-05
494	14	0	0	0	0	0	0	232	254	0	-2.04E-05	3.52E-06	-5.83E-06	-1.15E-05
494	15	0	0	0	0	0	0	232	254	0	-2.15E-05	3.61E-06	-1.08E-05	-1.07E-05
494	16	0	0	0	0	0	0	232	254	0	-2.15E-05	3.61E-06	-1.08E-05	-1.07E-05
494	17	0	0	0	0	0	0	232	254	0	-2.28E-05	4.48E-06	-1.57E-05	-1.20E-05
494	18	0	0	0	0	0	0	232	254	0	-2.28E-05	4.48E-06	-1.57E-05	-1.20E-05
494	19	0	0	0	0	0	0	232	254	0	-2.17E-05	6.72E-06	-1.62E-05	-1.27E-05
495	0	0	0	0	0	0	0	232	254	0	-2.17E-05	6.72E-06	-1.62E-05	-1.27E-05
495	1	0	0	0	0	0	0	232	254	0	-2.09E-05	9.30E-06	-1.55E-05	-1.25E-05
495	2	0	0	0	0	0	0	232	254	0	-2.15E-05	1.10E-05	-1.21E-05	-1.30E-05
495	3	0	0	0	0	0	0	232	254	0	-2.15E-05	1.10E-05	-1.21E-05	-1.30E-05
495	4	0	0	0	0	0	0	232	254	0	-2.16E-05	1.13E-05	-8.70E-06	-1.33E-05
495	5	0	0	0	0	0	0	232	254	0	-2.16E-05	1.13E-05	-8.70E-06	-1.33E-05
495	6	0	0	0	0	0	0	232	254	0	-2.14E-05	8.91E-06	-6.23E-06	-1.17E-05
495	7	0	0	0	0	0	0	232	254	0	-2.14E-05	8.91E-06	-6.23E-06	-1.17E-05
495	8	0	0	0	0	0	0	232	254	0	-2.09E-05	7.80E-06	-6.74E-06	-1.24E-05
495	9	0	0	0	0	0	0	232	254	0	-2.09E-05	7.80E-06	-6.74E-06	-1.24E-05
495	10	0	0	0	0	0	0	232	254	0	-1.92E-05	6.87E-06	-9.12E-06	-1.32E-05
495	11	0	0	0	0	0	0	232	254	0	-1.78E-05	4.60E-06	-7.98E-06	-1.25E-05
495	12	0	0	0	0	0	0	232	254	0	-1.78E-05	4.60E-06	-7.98E-06	-1.25E-05
495	13	0	0	0	0	0	0	232	254	0	-1.89E-05	4.89E-06	-4.30E-06	-1.19E-05
495	14	0	0	0	0	0	0	232	254	0	-1.89E-05	4.89E-06	-4.30E-06	-1.19E-05
495	15	0	0	0	0	0	0	232	254	0	-2.11E-05	3.43E-06	2.10E-06	-1.11E-05
495	16	0	0	0	0	0	0	232	254	0	-2.11E-05	3.43E-06	2.10E-06	-1.11E-05
495	17	0	0	0	0	0	0	232	254	0	-2.21E-05	2.46E-07	3.00E-06	-1.23E-05
495	18	0	0	0	0	0	0	232	254	0	-2.21E-05	2.46E-07	3.00E-06	-1.23E-05
495	19	0	0	0	0	0	0	232	254	0	-2.21E-05	-1.34E-06	-3.07E-06	-1.22E-05
496	0	0	0	0	0	0	0	232	254	0	-2.30E-05	1.76E-07	-4.38E-06	-1.17E-05
496	1	0	0	0	0	0	0	232	254	0	-2.30E-05	1.76E-07	-4.38E-06	-1.17E-05
496	2	0	0	0	0	0	0	232	254	0	-2.24E-05	2.82E-06	-3.74E-06	-1.25E-05
496	3	0	0	0	0	0	0	232	254	0	-2.24E-05	2.82E-06	-3.74E-06	-1.25E-05
496	4	0	0	0	0	0	0	232	254	0	-2.03E-05	5.08E-06	-6.87E-06	-1.09E-05
496	5	0	0	0	0	0	0	232	254	0	-2.03E-05	5.08E-06	-6.87E-06	-1.09E-05
496	6	0	0	0	0	0	0	232	254	0	-2.07E-05	6.67E-06	-9.94E-06	-1.09E-05
496	7	0	0	0	0	0	0	232	254	0	-2.07E-05	6.67E-06	-9.94E-06	-1.09E-05
496	8	0	0	0	0	0	0	232	254	0	-2.32E-05	7.45E-06	-7.52E-06	-1.09E-05
496	9	0	0	0	0	0	0	232	254	0	-2.36E-05	6.65E-06	-5.10E-06	-9.82E-06
496	10	0	0	0	0	0	0	232	254	0	-2.36E-05	6.65E-06	-5.10E-06	-9.82E-06
496	11	0	0	0	0	0	0	232	254	0	-2.33E-05	6.08E-06	-5.32E-06	-1.03E-05
496	12	0	0	0	0	0	0	232	254	0	-2.33E-05	6.08E-06	-5.32E-06	-1.03E-05
496	13	0	0	0	0	0	0	232	254	0	-2.53E-05	4.86E-06	-3.60E-06	-9.88E-06
496	14	0	0	0	0	0	0	232	254	0	-2.53E-05	4.86E-06	-3.60E-06	-9.88E-06
496	15	0	0	0	0	0	0	232	254	0	-2.62E-05	2.05E-06	-2.45E-06	-9.93E-06
496	16	0	0	0	0	0	0	232	254	0	-2.62E-05	2.05E-06	-2.45E-06	-9.93E-06
496	17	0	0	0	0	0	0	232	254	0	-2.50E-05	-1.15E-06	-7.02E-06	-1.16E-05
496	18	0	0	0	0	0	0	232	254	0	-2.52E-05	-5.56E-07	-1.02E-05	-1.41E-05
496	19	0	0	0	0	0	0	232	254	0	-2.52E-05	-5.56E-07	-1.02E-05	-1.41E-05
497	0	0	0	0	0	0	0	232	254	0	-2.65E-05	3.12E-06	-1.00E-05	-1.48E-05
497	1	0	0	0	0	0	0	232	254	0	-2.65E-05	3.12E-06	-1.00E-05	-1.48E-05
497	2	0	0	0	0	0	0	232	254	0	-2.74E-05	7.09E-06	-8.13E-06	-1.35E-05
497	3	0	0	0	0	0	0	232	254	0	-2.74E-05	7.09E-06	-8.13E-06	-1.35E-05
497	4	0	0	0	0	0	0	232	254	0	-2.72E-05	5.95E-06	-6.31E-06	-1.28E-05
497	5	0	0	0	0	0	0	232	254	0	-2.72E-05	5.95E-06	-6.31E-06	-1.28E-05
497	6	0	0	0	0	0	0	232	254	0	-2.62E-05	4.28E-06	-6.03E-06	-1.39E-05
497	7	0	0	0	0	0	0	232	254	0	-2.51E-05	4.82E-06	-7.20E-06	-1.37E-05
497	8	0	0	0	0	0	0	232	254	0	-2.51E-05	4.82E-06	-7.20E-06	-1.37E-05
497	9	0	0	0	0	0	0	232	254	0	-2.47E-05	4.49E-06	-8.74E-06	-1.44E-05
497	10	0	0	0	0	0	0	232	254	0	-2.47E-05	4.49E-06	-8.74E-06	-1.44E-05
497	11	0	0	0	0	0	0	232	254	0	-2.46E-05	4.13E-06	-1.25E-05	-1.49E-05
497	12	0	0	0	0	0	0	232	254	0	-2.46E-05	4.13E-06	-1.25E-05	-1.49E-05
497	13	0	0	0	0	0	0	232	254	0	-2.42E-05	3.59E-06	-1.38E-05	-1.49E-05
497	14	0	0	0	0	0	0	232	254	0	-2.42E-05	3.59E-06	-1.38E-05	-1.49E-05
497	15	0	0	0	0	0	0	232	254	0	-2.29E-05	3.15E-06	-1.27E-05	-1.47E-05
497	16	0	0	0	0	0	0	232	254	0	-2.19E-05	5.27E-06	-1.24E-05	-1.31E-05
497	17	0	0	0	0	0	0	232	254	0	-2.19E-05	5.27E-06	-1.24E-05	-1.31E-05
497	18	0	0	0	0	0	0	232	254	0	-2.17E-05	5.69E-06	-1.22E-05	-1.23E-05
497	19	0	0	0	0	0	0	232	254	0	-2.17E-05	5.69E-06	-1.22E-05	-1.23E-05
498	0	0	0	0	0	0	0	232	254	0	-2.24E-05	5.75E-06	-1.23E-05	-1.22E-05
498	1	0	0	0	0	0	0	232	254	0	-2.24E-05	5.75E-06	-1.23E-05	-1.22E-05
498	2	0	0	0	0	0	0	232	254	0	-2.29E-05	7.20E-06	-1.54E-05	-1.17E-05
498	3	0	0	0	0	0	0	232	254	0	-2.29E-05	7.20E-06	-1.54E-05	-1.17E-05
498	4	0	0	0	0	0	0	232	254	0	-2.22E-05	6.94E-06	-2.09E-05	-1.06E-05
498	5	0	0	0	0	0	0	232	254	0	-2.23E-05	6.19E-06	-1.97E-05	-1.07E-05
498	6	0	0	0	0	0	0	232	254	0	-2.23E-05	6.19E-06	-1.97E-05	-1.07E-05
498	7	0	0	0	0	0	0	232	254	0	-2.12E-05	6.02E-06	-1.52E-05	-1.19E-05
498	8	0	0	0	0	0	0	232	254	0	-2.12E-05	6.02E-06	-1.52E-05	-1.19E-05
498	9	0	0	0	0	0	0	232	254	0	-2.16E-05	5.96E-06	-1.23E-05	-1.30E-05
498	10	0	0	0	0	0	0	232	254	0	-2.16E-05	5.96E-06	-1.23E-05	-1.30E-05
498	11	0	0	0	0	0	0	232	254	0	-2.13E-05	6.50E-06	-9.74E-06	-1.35E-05
498	12	0	0	0	0	0	0	232	254	0	-2.13E-05	6.50E-06	-9.74E-06	-1.35E-05
498	13	0	0	0	0	0	0	232	254	0	-2.14E-05	6.19E-06	-4.54E-06	-1.28E-05
498	14	0	0	0	0	0	0	232	254	0	-2.18E-05	6.02E-06	-5.38E-07	-1.17E-05
498	15	0	0	0	0	0	0	232	254	0	-2.18E-05	6.02E-06	-5.38E-07	-1.17E-05
498	16	0	0	0	0	0	0	232	254	0	-2.30E-05	5.87E-06	-5.23E-06	-1.17E-05
498	17	0	0	0	0	0	0	232	254	0	-2.30E-05	5.87E-06	-5.23E-06	-1.17E-05
498	18	0	0	0	0	0	0	232	254	0	-2.28E-05	5.68E-06	-1.16E-05	-1.24E-05
498	19	0	0	0	0	0	0	232	254	0	-2.28E-05	5.68E-06	-1.16E-05	-1.24E-05
499	0	0	0	0	0	0	0	232	254	0	-2.16E-05	4.19E-06	-7.31E-06	-1.28E-05
499	1	0	0	0	0	0	0	232	254	0	-2.16E-05	4.19E-06	-7.31E-06	-1.28E-05
499	2	0	0	0	0	0	0	232	254	0	-2.12E-05	3.41E-06	-9.99E-06	-1.44E-05
499	3	0	0	0	0	0	0	232	254	0	-2.02E-05	6.21E-06	-1.61E-05	-1.44E-05
499	4	0	0	0	0	0	0	232	254	0	-2.02E-05	6.21E-06	-1.61E-05	-1.44E-05
499	5	0	0	0	0	0	0	232	254	0	-1.96E-05	7.11E-06	-1.38E-05	-1.45E-05
499	6	0	0	0	0	0	0	232	254	0	-1.96E-05	7.11E-06	-1.38E-05	-1.45E-05
499	7	0	0	0	0	0	0	232	254	0	-1.97E-05	5.16E-06	-5.50E-06	-1.45E-05
499	8	0	0	0	0	0	0	232	254	0	-1.97E-05	5.16E-06	-5.50E-06	-1.45E-05
499	9	0	0	0	0	0	0	232	254	0	-1.98E-05	5.00E-06	-1.84E-07	-1.38E-05
499	10	0	0	0	0	0	0	232	254	0	-1.98E-05	5.00E-06	-1.84E-07	-1.38E-05
499	11	0	0	0	0	0	0	232	254	0	-1.87E-05	5.83E-06	-6.07E-06	-1.51E-05
499	12	0	0	0	0	0	0	232	254	0	-1.85E-05	5.50E-06	-1.49E-05	-1.53E-05
499	13	0	0	0	0	0	0	232	254	0	-1.85E-05	5.50E-06	-1.49E-05	-1.53E-05
499	14	0	0	0	0	0	0	232	254	0	-1.98E-05	5.33E-06	-1.92E-05	-1.56E-05
499	15	0	0	0	0	0	0	232	254	0	-1.98E-05	5.33E-06	-1.92E-05	-1.56E-05
499	16	0	0	0	0	0	0	232	254	0	-1.88E-05	6.21E-06	-1.81E-05	-1.54E-05
499	17	0	0	0	0	0	0	232	254	0	-1.88E-05	6.21E-06	-1.81E-05	-1.54E-05
499	18	0	0	0	0	0	0	232	254	0	-1.76E-05	6.08E-06	-1.66E-05	-1.37E-05
499	19	0	0	0	0	0	0	232	254	0	-1.76E-05	6.08E-06	-1.66E-05	-1.37E-05
500	0	0	0	0	0	0	0	232	254	0	-1.72E-05	5.20E-06	-1.27E-05	-1.23E-05
500	1	0	0	0	0	0	0	232	254	0	-1.69E-05	4.77E-06	-3.09E-06	-1.23E-05
500	2	0	0	0	0	0	0	232	254	0	-1.69E-05	4.77E-06	-3.09E-06	-1.23E-05
500	3	0	0	0	0	0	0	232	254	0	-1.89E-05	1.80E-06	6.40E-06	-1.25E-05
500	4	0	0	0	0	0	0	232	254	0	-1.89E-05	1.80E-06	6.40E-06	-1.25E-05
500	5	0	0	0	0	0	0	232	254	0	-2.07E-05	1.79E-06	1.18E-05	-1.41E-05
500	6	0	0	0	0	0	0	232	254	0	-2.07E-05	1.79E-06	1.18E-05	-1.41E-05
500	7	0	0	0	0	0	0	232	254	0	-2.09E-05	4.06E-06	8.72E-06	-1.50E-05
500	8	0	0	0	0	0	0	232	254	0	-2.09E-05	4.06E-06	8.72E-06	-1.50E-05
500	9	0	0	0	0	0	0	232	254	0	-2.06E-05	6.59E-06	6.80E-06	-1.54E-05
500	10	0	0	0	0	0	0	232	254	0	-2.02E-05	6.75E-06	2.81E-07	-1.54E-05
500	11	0	0	0	0	0	0	232	254	0	-2.02E-05	6.75E-06	2.81E-07	-1.54E-05
500	12	0	0	0	0	0	0	232	254	0	-1.95E-05	5.62E-06	-9.70E-06	-1.66E-05
500	13	0	0	0	0	0	0	232	254	0	-1.95E-05	5.62E-06	-9.70E-06	-1.66E-05
500	14	0	0	0	0	0	0	232	254	0	-1.85E-05	4.12E-06	-1.22E-05	-1.59E-05
500	15	0	0	0	0	0	0	232	254	0	-1.85E-05	4.12E-06	-1.22E-05	-1.59E-05
500	16	0	0	0	0	0	0	232	254	0	-1.80E-05	6.05E-06	-7.88E-06	-1.30E-05
500	17	0	0	0	0	0	0	232	254	0	-1.80E-05	6.05E-06	-7.88E-06	-1.30E-05
500	18	0	0	0	0	0	0	232	254	0	-1.86E-05	7.17E-06	-1.17E-05	-1.10E-05
500	19	0	0	0	0	0	0	232	254	0	-1.96E-05	6.84E-06	-2.26E-05	-9.04E-06
501	0	0	0	0	0	0	0	232	254	0	-1.96E-05	6.84E-06	-2.26E-05	-9.04E-06
501	1	0	0	0	0	0	0	232	254	0	-2.03E-05	6.50E-06	-1.97E-05	-9.09E-06
501	2	0	0	0	0	0	0	232	254	0	-2.03E-05	6.50E-06	-1.97E-05	-9.09E-06
501	3	0	0	0	0	0	0	232	254	0	-2.03E-05	6.30E-06	-1.81E-05	-1.04E-05
501	4	0	0	0	0	0	0	232	254	0	-2.03E-05	6.30E-06	-1.81E-05	-1.04E-05
501	5	0	0	0	0	0	0	232	254	0	-2.03E-05	6.92E-06	-1.86E-05	-1.04E-05
501	6	0	0	0	0	0	0	232	254	0	-2.03E-05	6.92E-06	-1.86E-05	-1.04E-05
501	7	0	0	0	0	0	0	232	254	0	-2.01E-05	7.02E-06	-1.55E-05	-1.15E-05
501	8	0	0	0	0	0	0	232	254	0	-2.12E-05	5.56E-06	-1.38E-05	-1.06E-05
501	9	0	0	0	0	0	0	232	254	0	-2.12E-05	5.56E-06	-1.38E-05	-1.06E-05
501	10	0	0	0	0	0	0	232	254	0	-2.21E-05	4.55E-06	-1.35E-05	-1.11E-05
501	11	0	0	0	0	0	0	232	254	0	-2.21E-05	4.55E-06	-1.35E-05	-1.11E-05
501	12	0	0	0	0	0	0	232	254	0	-2.06E-05	4.89E-06	-1.14E-05	-1.21E-05
501	13	0	0	0	0	0	0	232	254	0	-2.06E-05	4.89E-06	-1.14E-05	-1.21E-05
501	14	0	0	0	0	0	0	232	254	0	-2.04E-05	6.17E-06	-8.81E-06	-1.11E-05
501	15	0	0	0	0	0	0	232	254	0	-2.04E-05	6.17E-06	-8.81E-06	-1.11E-05
501	16	0	0	0	0	0	0	232	254	0	-2.09E-05	5.79E-06	-7.71E-06	-1.24E-05
501	17	0	0	0	0	0	0	232	254	0	-2.06E-05	4.92E-06	-4.07E-06	-1.22E-05
501	18	0	0	0	0	0	0	232	254	0	-2.06E-05	4.92E-06	-4.07E-06	-1.22E-05
501	19	0	0	0	0	0	0	232	254	0	-2.03E-05	2.35E-06	-4.76E-06	-1.20E-05
502	0	0	0	0	0	0	0	232	254	0	-2.03E-05	2.35E-06	-4.76E-06	-1.20E-05
502	1	0	0	0	0	0	0	232	254	0	-2.24E-05	-2.61E-06	-1.55E-05	-1.28E-05
502	2	0	0	0	0	0	0	232	254	0	-2.24E-05	-2.61E-06	-1.55E-05	-1.28E-05
502	3	0	0	0	0	0	0	232	254	0	-2.27E-05	-5.07E-06	-1.55E-05	-1.28E-05
502	4	0	0	0	0	0	0	232	254	0	-2.27E-05	-5.07E-06	-1.55E-05	-1.28E-05
502	5	0	0	0	0	0	0	232	254	0	-2.03E-05	-1.42E-06	-1.03E-05	-1.22E-05
502	6	0	0	0	0	0	0	232	254	0	-2.02E-05	2.07E-06	-8.40E-06	-1.21E-05
502	7	0	0	0	0	0	0	232	254	0	-2.02E-05	2.07E-06	-8.40E-06	-1.21E-05
502	8	0	0	0	0	0	0	232	254	0	-2.21E-05	5.92E-06	-9.65E-06	-1.33E-05
502	9	0	0	0	0	0	0	232	254	0	-2.21E-05	5.92E-06	-9.65E-06	-1.33E-05
502	10	0	0	0	0	0	0	232	254	0	-2.29E-05	5.82E-06	-1.00E-05	-1.30E-05
502	11	0	0	0	0	0	0	232	254	0	-2.29E-05	5.82E-06	-1.00E-05	-1.30E-05
502	12	0	0	0	0	0	0	232	254	0	-2.19E-05	3.06E-06	-8.52E-06	-1.15E-05
502	13	0	0	0	0	0	0	232	254	0	-2.19E-05	3.06E-06	-8.52E-06	-1.15E-05
502	14	0	0	0	0	0	0	232	254	0	-2.10E-05	2.14E-06	-8.14E-06	-1.14E-05
502	15	0	0	0	0	0	0	232	254	0	-2.05E-05	1.93E-06	-7.51E-06	-1.22E-05
502	16	0	0	0	0	0	0	232	254	0	-2.05E-05	1.93E-06	-7.51E-06	-1.22E-05
502	17	0	0	0	0	0	0	232	254	0	-2.15E-05	2.47E-06	-7.35E-06	-1.17E-05
502	18	0	0	0	0	0	0	232	254	0	-2.15E-05	2.47E-06	-7.35E-06	-1.17E-05
502	19	0	0	0	0	0	0	232	254	0	-2.14E-05	2.23E-06	-8.20E-06	-1.11E-05
503	0	0	0	0	0	0	0	232	254	0	-2.14E-05	2.23E-06	-8.20E-06	-1.11E-05
503	1	0	0	0	0	0	0	232	254	0	-2.17E-05	2.67E-06	-8.04E-06	-1.09E-05
503	2	0	0	0	0	0	0	232	254	0	-2.17E-05	2.67E-06	-8.04E-06	-1.09E-05
503	3	0	0	0	0	0	0	232	254	0	-2.18E-05	4.12E-06	-7.63E-06	-1.10E-05
503	4	0	0	0	0	0	0	232	254	0	-2.06E-05	6.90E-06	-5.70E-06	-1.16E-05
503	5	0	0	0	0	0	0	232	254	0	-2.06E-05	6.90E-06	-5.70E-06	-1.16E-05
503	6	0	0	0	0	0	0	232	254	0	-2.23E-05	5.85E-06	-4.70E-06	-1.19E-05
503	7	0	0	0	0	0	0	232	254	0	-2.23E-05	5.85E-06	-4.70E-06	-1.19E-05
503	8	0	0	0	0	0	0	232	254	0	-2.26E-05	5.86E-06	-6.09E-06	-1.22E-05
503	9	0	0	0	0	0	0	232	254	0	-2.26E-05	5.86E-06	-6.09E-06	-1.22E-05
503	10	0	0	0	0	0	0	232	254	0	-2.35E-05	6.84E-06	-7.47E-06	-1.30E-05
503	11	0	0	0	0	0	0	232	254	0	-2.35E-05	6.84E-06	-7.47E-06	-1.30E-05
503	12	0	0	0	0	0	0	232	254	0	-2.49E-05	6.65E-06	-6.92E-06	-1.31E-05
503	13	0	0	0	0	0	0	232	254	0	-2.45E-05	7.23E-06	-7.30E-06	-1.20E-05
503	14	0	0	0	0	0	0	232	254	0	-2.45E-05	7.23E-06	-7.30E-06	-1.20E-05
503	15	0	0	0	0	0	0	232	254	0	-2.58E-05	6.08E-06	-7.80E-06	-1.32E-05
503	16	0	0	0	0	0	0	232	254	0	-2.58E-05	6.08E-06	-7.80E-06	-1.32E-05
503	17	0	0	0	0	0	0	232	254	0	-2.56E-05	5.29E-06	-7.17E-06	-1.49E-05
503	18	0	0	0	0	0	0	232	254	0	-2.56E-05	5.29E-06	-7.17E-06	-1.49E-05
503	19	0	0	0	0	0	0	232	254	0	-2.49E-05	5.79E-06	-6.84E-06	-1.46E-05
504	0	0	0	0	0	0	0	232	254	0	-2.49E-05	5.79E-06	-6.84E-06	-1.46E-05
504	1	0	0	0	0	0	0	232	254	0	-2.44E-05	5.46E-06	-6.72E-06	-1.48E-05
504	2	0	0	0	0	0	0	232	254	0	-2.39E-05	7.22E-06	-8.10E-06	-1.63E-05
504	3	0	0	0	0	0	0	232	254	0	-2.39E-05	7.22E-06	-8.10E-06	-1.63E-05
504	4	0	0	0	0	0	0	232	254	0	-2.29E-05	7.09E-06	-9.57E-06	-1.62E-05
504	5	0	0	0	0	0	0	232	254	0	-2.29E-05	7.09E-06	-9.57E-06	-1.62E-05
504	6	0	0	0	0	0	0	232	254	0	-2.21E-05	6.25E-06	-9.78E-06	-1.56E-05
504	7	0	0	0	0	0	0	232	254	0	-2.21E-05	6.25E-06	-9.78E-06	-1.56E-05
504	8	0	0	0	0	0	0	232	254	0	-2.21E-05	6.59E-06	-1.15E-05	-1.43E-05
504	9	0	0	0	0	0	0	232	254	0	-2.21E-05	6.59E-06	-1.15E-05	-1.43E-05
504	10	0	0	0	0	0	0	232	254	0	-2.26E-05	6.84E-06	-1.27E-05	-1.35E-05
504	11	0	0	0	0	0	0	232	254	0	-2.24E-05	6.37E-06	-1.10E-05	-1.25E-05
504	12	0	0	0	0	0	0	232	254	0	-2.24E-05	6.37E-06	-1.10E-05	-1.25E-05
504	13	0	0	0	0	0	0	232	254	0	-2.22E-05	5.14E-06	-1.21E-05	-1.23E-05
504	14	0	0	0	0	0	0	232	254	0	-2.22E-05	5.14E-06	-1.21E-05	-1.23E-05
504	15	0	0	0	0	0	0	232	254	0	-2.25E-05	4.48E-06	-1.42E-05	-1.25E-05
504	16	0	0	0	0	0	0	232	254	0	-2.25E-05	4.48E-06	-1.42E-05	-1.25E-05
504	17	0	0	0	0	0	0	232	254	0	-2.16E-05	3.04E-06	-1.36E-05	-1.33E-05
504	18	0	0	0	0	0	0	232	254	0	-2.16E-05	3.04E-06	-1.36E-05	-1.33E-05
504	19	0	0	0	0	0	0	232	254	0	-2.11E-05	3.43E-06	-1.13E-05	-1.41E-05
505	0	0	0	0	0	0	0	232	254	0	-2.06E-05	5.08E-06	-9.31E-06	-1.49E-05
505	1	0	0	0	0	0	0	232	254	0	-2.06E-05	5.08E-06	-9.31E-06	-1.49E-05
505	2	0	0	0	0	0	0	232	254	0	-2.06E-05	5.18E-06	-7.51E-06	-1.42E-05
505	3	0	0	0	0	0	0	232	254	0	-2.06E-05	5.18E-06	-7.51E-06	-1.42E-05
505	4	0	0	0	0	0	0	232	254	0	-2.06E-05	3.99E-06	-7.26E-06	-1.33E-05
505	5	0	0	0	0	0	0	232	254	0	-2.06E-05	3.99E-06	-7.26E-06	-1.33E-05
505	6	0	0	0	0	0	0	232	254	0	-2.06E-05	4.91E-06	-7.40E-06	-1.17E-05
505	7	0	0	0	0	0	0	232	254	0	-2.06E-05	4.91E-06	-7.40E-06	-1.17E-05
505	8	0	0	0	0	0	0	232	254	0	-2.07E-05	5.20E-06	-6.31E-06	-1.24E-05
505	9	0	0	0	0	0	0	232	254	0	-2.10E-05	5.25E-06	-5.96E-06	-1.31E-05
505	10	0	0	0	0	0	0	232	254	0	-2.10E-05	5.25E-06	-5.96E-06	-1.31E-05
505	11	0	0	0	0	0	0	232	254	0	-2.11E-05	5.32E-06	-6.98E-06	-1.23E-05
505	12	0	0	0	0	0	0	232	254	0	-2.11E-05	5.32E-06	-6.98E-06	-1.23E-05
505	13	0	0	0	0	0	0	232	254	0	-2.15E-05	3.84E-06	-1.01E-05	-1.23E-05
505	14	0	0	0	0	0	0	232	254	0	-2.15E-05	3.84E-06	-1.01E-05	-1.23E-05
505	15	0	0	0	0	0	0	232	254	0	-2.03E-05	3.63E-06	-1.12E-05	-1.22E-05
505	16	0	0	0	0	0	0	232	254	0	-2.03E-05	3.63E-06	-1.12E-05	-1.22E-05
505	17	0	0	0	0	0	0	232	254	0	-2.02E-05	3.15E-06	-7.35E-06	-1.14E-05
505	18	0	0	0	0	0	0	232	254	0	-2.04E-05	2.92E-06	-5.23E-06	-1.05E-05
505	19	0	0	0	0	0	0	232	254	0	-2.04E-05	2.92E-06	-5.23E-06	-1.05E-05
506	0	0	0	0	0	0	0	232	254	0	-2.10E-05	3.51E-06	-8.22E-06	-1.11E-05
506	1	0	0	0	0	0	0	232	254	0	-2.10E-05	3.51E-06	-8.22E-06	-1.11E-05
506	2	0	0	0	0	0	0	232	254	0	-2.11E-05	4.47E-06	-1.15E-05	-1.22E-05
506	3	0	0	0	0	0	0	232	254	0	-2.11E-05	4.47E-06	-1.15E-05	-1.22E-05
506	4	0	0	0	0	0	0	232	254	0	-2.12E-05	4.09E-06	-1.17E-05	-1.19E-05
506	5	0	0	0	0	0	0	232	254	0	-2.12E-05	4.09E-06	-1.17E-05	-1.19E-05
506	6	0	0	0	0	0	0	232	254	0	-2.18E-05	4.66E-06	-1.57E-05	-1.22E-05
506	7	0	0	0	0	0	0	232	254	0	-2.17E-05	5.58E-06	-2.07E-05	-1.32E-05
506	8	0	0	0	0	0	0	232	254	0	-2.17E-05	5.58E-06	-2.07E-05	-1.32E-05
506	9	0	0	0	0	0	0	232	254	0	-2.20E-05	5.79E-06	-1.72E-05	-1.28E-05
506	10	0	0	0	0	0	0	232	254	0	-2.20E-05	5.79E-06	-1.72E-05	-1.28E-05
506	11	0	0	0	0	0	0	232	254	0	-2.18E-05	4.90E-06	-1.28E-05	-1.34E-05
506	12	0	0	0	0	0	0	232	254	0	-2.18E-05	4.90E-06	-1.28E-05	-1.34E-05
506	13	0	0	0	0	0	0	232	254	0	-2.17E-05	3.09E-06	-1.17E-05	-1.34E-05
506	14	0	0	0	0	0	0	232	254	0	-2.17E-05	3.09E-06	-1.17E-05	-1.34E-05
506	15	0	0	0	0	0	0	232	254	0	-2.22E-05	4.94E-06	-9.62E-06	-1.22E-05
506	16	0	0	0	0	0	0	232	254	0	-2.15E-05	6.57E-06	-7.61E-06	-1.20E-05
506	17	0	0	0	0	0	0	232	254	0	-2.15E-05	6.57E-06	-7.61E-06	-1.20E-05
506	18	0	0	0	0	0	0	232	254	0	-2.19E-05	6.50E-06	-6.84E-06	-1.24E-05
506	19	0	0	0	0	0	0	232	254	0	-2.19E-05	6.50E-06	-6.84E-06	-1.24E-05
507	0	0	0	0	0	0	0	232	254	0	-2.10E-05	4.88E-06	-6.59E-06	-1.17E-05
507	1	0	0	0	0	0	0	232	254	0	-2.10E-05	4.88E-06	-6.59E-06	-1.17E-05
507	2	0	0	0	0	0	0	232	254	0	-1.98E-05	3.95E-06	-6.97E-06	-9.99E-06
507	3	0	0	0	0	0	0	232	254	0	-1.98E-05	3.95E-06	-6.97E-06	-9.99E-06
507	4	0	0	0	0	0	0	232	254	0	-2.01E-05	4.51E-06	-7.66E-06	-1.07E-05
507	5	0	0	0	0	0	0	232	254	0	-2.04E-05	4.39E-06	-8.48E-06	-1.20E-05
507	6	0	0	0	0	0	0	232	254	0	-2.04E-05	4.39E-06	-8.48E-06	-1.20E-05
507	7	0	0	0	0	0	0	232	254	0	-1.91E-05	4.51E-06	-8.87E-06	-1.24E-05
507	8	0	0	0	0	0	0	232	254	0	-1.91E-05	4.51E-06	-8.87E-06	-1.24E-05
507	9	0	0	0	0	0	0	232	254	0	-2.06E-05	4.34E-06	-7.49E-06	-1.08E-05
507	10	0	0	0	0	0	0	232	254	0	-2.06E-05	4.34E-06	-7.49E-06	-1.08E-05
507	11	0	0	0	0	0	0	232	254	0	-2.28E-05	4.15E-06	-7.29E-06	-1.05E-05
507	12	0	0	0	0	0	0	232	254	0	-2.28E-05	4.15E-06	-7.29E-06	-1.05E-05
507	13	0	0	0	0	0	0	232	254	0	-2.28E-05	3.77E-06	-8.77E-06	-1.23E-05
507	14	0	0	0	0	0	0	232	254	0	-2.18E-05	3.43E-06	-7.76E-06	-1.29E-05
507	15	0	0	0	0	0	0	232	254	0	-2.18E-05	3.43E-06	-7.76E-06	-1.29E-05
507	16	0	0	0	0	0	0	232	254	0	-2.11E-05	5.23E-06	-6.97E-06	-1.29E-05
507	17	0	0	0	0	0	0	232	254	0	-2.11E-05	5.23E-06	-6.97E-06	-1.29E-05
507	18	0	0	0	0	0	0	232	254	0	-1.99E-05	6.46E-06	-7.45E-06	-1.17E-05
507	19	0	0	0	0	0	0	232	254	0	-1.99E-05	6.46E-06	-7.45E-06	-1.17E-05
508	0	0	0	0	0	0	0	232	254	0	-1.95E-05	5.57E-06	-6.76E-06	-1.15E-05
508	1	0	0	0	0	0	0	232	254	0	-1.95E-05	5.57E-06	-6.76E-06	-1.15E-05
508	2	0	0	0	0	0	0	232	254	0	-1.84E-05	3.35E-06	-7.03E-06	-1.18E-05
508	3	0	0	0	0	0	0	232	254	0	-1.89E-05	2.40E-06	-6.88E-06	-1.14E-05
508	4	0	0	0	0	0	0	232	254	0	-1.89E-05	2.40E-06	-6.88E-06	-1.14E-05
508	5	0	0	0	0	0	0	232	254	0	-1.83E-05	3.90E-06	-7.01E-06	-1.24E-05
508	6	0	0	0	0	0	0	232	254	0	-1.83E-05	3.90E-06	-7.01E-06	-1.24E-05
508	7	0	0	0	0	0	0	232	254	0	-1.87E-05	4.02E-06	-8.02E-06	-1.32E-05
508	8	0	0	0	0	0	0	232	254	0	-1.87E-05	4.02E-06	-8.02E-06	-1.32E-05
508	9	0	0	0	0	0	0	232	254	0	-2.00E-05	2.72E-06	-8.94E-06	-1.26E-05
508	10	0	0	0	0	0	0	232	254	0	-2.00E-05	2.72E-06	-8.94E-06	-1.26E-05
508	11	0	0	0	0	0	0	232	254	0	-2.02E-05	1.98E-06	-9.36E-06	-1.26E-05
508	12	0	0	0	0	0	0	232	254	0	-1.98E-05	2.90E-06	-1.02E-05	-1.25E-05
508	13	0	0	0	0	0	0	232	254	0	-1.98E-05	2.90E-06	-1.02E-05	-1.25E-05
508	14	0	0	0	0	0	0	232	254	0	-1.97E-05	3.40E-06	-9.73E-06	-1.28E-05
508	15	0	0	0	0	0	0	232	254	0	-1.97E-05	3.40E-06	-9.73E-06	-1.28E-05
508	16	0	0	0	0	0	0	232	254	0	-2.01E-05	5.06E-06	-8.60E-06	-1.23E-05
508	17	0	0	0	0	0	0	232	254	0	-2.01E-05	5.06E-06	-8.60E-06	-1.23E-05
508	18	0	0	0	0	0	0	232	254	0	-2.11E-05	6.38E-06	-8.77E-06	-1.27E-05
508	19	0	0	0	0	0	0	232	254	0	-2.11E-05	6.38E-06	-8.77E-06	-1.27E-05
509	0	0	0	0	0	0	0	232	254	0	-2.18E-05	6.31E-06	-7.98E-06	-1.33E-05
509	1	0	0	0	0	0	0	232	254	0	-2.30E-05	5.87E-06	-9.08E-06	-1.32E-05
509	2	0	0	0	0	0	0	232	254	0	-2.30E-05	5.87E-06	-9.08E-06	-1.32E-05
509	3	0	0	0	0	0	0	232	254	0	-2.32E-05	5.81E-06	-1.26E-05	-1.29E-05
509	4	0	0	0	0	0	0	232	254	0	-2.32E-05	5.81E-06	-1.26E-05	-1.29E-05
509	5	0	0	0	0	0	0	232	254	0	-2.43E-05	5.39E-06	-1.31E-05	-1.28E-05
509	6	0	0	0	0	0	0	232	254	0	-2.43E-05	5.39E-06	-1.31E-05	-1.28E-05
509	7	0	0	0	0	0	0	232	254	0	-2.45E-05	5.15E-06	-1.40E-05	-1.21E-05
509	8	0	0	0	0	0	0	232	254	0	-2.45E-05	5.15E-06	-1.40E-05	-1.21E-05
509	9	0	0	0	0	0	0	232	254	0	-2.51E-05	2.58E-06	-1.45E-05	-1.24E-05
509	10	0	0	0	0	0	0	232	254	0	-2.36E-05	3.11E-06	-1.35E-05	-1.32E-05
509	11	0	0	0	0	0	0	232	254	0	-2.36E-05	3.11E-06	-1.35E-05	-1.32E-05
509	12	0	0	0	0	0	0	232	254	0	-2.33E-05	3.56E-06	-1.23E-05	-1.33E-05
509	13	0	0	0	0	0	0	232	254	0	-2.33E-05	3.56E-06	-1.23E-05	-1.33E-05
509	14	0	0	0	0	0	0	232	254	0	-2.32E-05	2.92E-06	-9.48E-06	-1.45E-05
509	15	0	0	0	0	0	0	232	254	0	-2.32E-05	2.92E-06	-9.48E-06	-1.45E-05
509	16	0	0	0	0	0	0	232	254	0	-2.20E-05	4.66E-06	-2.63E-06	-1.35E-05
509	17	0	0	0	0	0	0	232	254	0	-2.20E-05	4.66E-06	-2.63E-06	-1.35E-05
509	18	0	0	0	0	0	0	232	254	0	-2.09E-05	5.45E-06	1.63E-06	-1.32E-05
509	19	0	0	0	0	0	0	232	254	0	-1.82E-05	5.15E-06	4.38E-06	-1.36E-05
510	0	0	0	0	0	0	0	232	254	0	-1.82E-05	5.15E-06	4.38E-06	-1.36E-05
510	1	0	0	0	0	0	0	232	254	0	-1.78E-05	7.16E-06	1.25E-06	-1.41E-05
510	2	0	0	0	0	0	0	232	254	0	-1.78E-05	7.16E-06	1.25E-06	-1.41E-05
510	3	0	0	0	0	0	0	232	254	0	-1.90E-05	7.76E-06	-5.68E-06	-1.49E-05
510	4	0	0	0	0	0	0	232	254	0	-1.90E-05	7.76E-06	-5.68E-06	-1.49E-05
510	5	0	0	0	0	0	0	232	254	0	-1.91E-05	6.84E-06	-1.04E-05	-1.42E-05
510	6	0	0	0	0	0	0	232	254	0	-1.91E-05	6.84E-06	-1.04E-05	-1.42E-05
510	7	0	0	0	0	0	0	232	254	0	-2.00E-05	6.70E-06	-1.30E-05	-1.39E-05
510	8	0	0	0	0	0	0	232	254	0	-2.05E-05	8.17E-06	-1.37E-05	-1.38E-05
510	9	0	0	0	0	0	0	232	254	0	-2.05E-05	8.17E-06	-1.37E-05	-1.38E-05
510	10	0	0	0	0	0	0	232	254	0	-2.09E-05	1.15E-05	-1.45E-05	-1.38E-05
510	11	0	0	0	0	0	0	232	254	0	-2.09E-05	1.15E-05	-1.45E-05	-1.38E-05
510	12	0	0	0	0	0	0	232	254	0	-1.98E-05	1.36E-05	-1.23E-05	-1.25E-05
510	13	0	0	0	0	0	0	232	254	0	-1.98E-05	1.36E-05	-1.23E-05	-1.25E-05
510	14	0	0	0	0	0	0	232	254	0	-1.88E-05	1.36E-05	-7.75E-06	-1.21E-05
510	15	0	0	0	0	0	0	232	254	0	-1.88E-05	1.36E-05	-7.75E-06	-1.21E-05
510	16	0	0	0	0	0	0	232	254	0	-1.99E-05	1.09E-05	-4.53E-06	-1.11E-05
510	17	0	0	0	0	0	0	232	254	0	-2.05E-05	8.72E-06	-4.88E-06	-1.06E-05
510	18	0	0	0	0	0	0	232	254	0	-2.05E-05	8.72E-06	-4.88E-06	-1.06E-05
510	19	0	0	0	0	0	0	232	254	0	-2.18E-05	7.38E-06	-7.52E-06	-1.17E-05
511	0	0	0	0	0	0	0	232	254	0	-2.18E-05	7.38E-06	-7.52E-06	-1.17E-05
511	1	0	0	0	0	0	0	232	254	0	-2.02E-05	5.80E-06	-9.83E-06	-1.22E-05
511	2	0	0	0	0	0	0	232	254	0	-2.02E-05	5.80E-06	-9.83E-06	-1.22E-05
511	3	0	0	0	0	0	0	232	254	0	-1.92E-05	2.48E-06	-1.19E-05	-1.18E-05
511	4	0	0	0	0	0	0	232	254	0	-1.92E-05	2.48E-06	-1.19E-05	-1.18E-05
511	5	0	0	0	0	0	0	232	254	0	-1.88E-05	-1.35E-06	-1.37E-05	-1.19E-05
511	6	0	0	0	0	0	0	232	254	0	-2.05E-05	-2.58E-06	-1.34E-05	-1.19E-05
511	7	0	0	0	0	0	0	232	254	0	-2.05E-05	-2.58E-06	-1.34E-05	-1.19E-05
511	8	0	0	0	0	0	0	232	254	0	-2.15E-05	-2.91E-06	-1.19E-05	-1.15E-05
511	9	0	0	0	0	0	0	232	254	0	-2.15E-05	-2.91E-06	-1.19E-05	-1.15E-05
511	10	0	0	0	0	0	0	232	254	0	-2.10E-05	-1.84E-06	-1.16E-05	-1.12E-05
511	11	0	0	0	0	0	0	232	254	0	-2.10E-05	-1.84E-06	-1.16E-05	-1.12E-05
511	12	0	0	0	0	0	0	232	254	0	-2.23E-05	8.49E-07	-1.18E-05	-1.10E-05
511	13	0	0	0	0	0	0	232	254	0	-2.23E-05	8.49E-07	-1.18E-05	-1.10E-05
511	14	0	0	0	0	0	0	232	254	0	-2.19E-05	3.38E-06	-1.13E-05	-1.13E-05
511	15	0	0	0	0	0	0	232	254	0	-2.11E-05	4.46E-06	-1.18E-05	-1.19E-05
511	16	0	0	0	0	0	0	232	254	0	-2.11E-05	4.46E-06	-1.18E-05	-1.19E-05
511	17	0	0	0	0	0	0	232	254	0	-2.15E-05	2.72E-06	-1.35E-05	-1.33E-05
511	18	0	0	0	0	0	0	232	254	0	-2.15E-05	2.72E-06	-1.35E-05	-1.33E-05
511	19	0	0	0	0	0	0	232	254	0	-2.04E-05	1.80E-06	-1.25E-05	-1.34E-05
512	0	0	0	0	0	0	0	232	254	0	-2.04E-05	1.80E-06	-1.25E-05	-1.34E-05
512	1	0	0	0	0	0	0	232	254	0	-2.09E-05	1.51E-06	-1.23E-05	-1.44E-05
512	2	0	0	0	0	0	0	232	254	0	-2.09E-05	1.51E-06	-1.23E-05	-1.44E-05
512	3	0	0	0	0	0	0	232	254	0	-2.16E-05	1.64E-06	-1.26E-05	-1.39E-05
512	4	0	0	0	0	0	0	232	254	0	-2.04E-05	2.50E-06	-1.01E-05	-1.35E-05
512	5	0	0	0	0	0	0	232	254	0	-2.04E-05	2.50E-06	-1.01E-05	-1.35E-05
512	6	0	0	0	0	0	0	232	254	0	-2.12E-05	2.29E-06	-5.58E-06	-1.30E-05
512	7	0	0	0	0	0	0	232	254	0	-2.12E-05	2.29E-06	-5.58E-06	-1.30E-05
512	8	0	0	0	0	0	0	232	254	0	-2.29E-05	2.02E-06	-6.57E-06	-1.21E-05
512	9	0	0	0	0	0	0	232	254	0	-2.29E-05	2.02E-06	-6.57E-06	-1.21E-05
512	10	0	0	0	0	0	0	232	254	0	-2.44E-05	3.28E-06	-1.15E-05	-1.13E-05
512	11	0	0	0	0	0	0	232	254	0	-2.44E-05	3.28E-06	-1.15E-05	-1.13E-05
512	12	0	0	0	0	0	0	232	254	0	-2.51E-05	3.88E-06	-1.35E-05	-1.18E-05
512	13	0	0	0	0	0	0	232	254	0	-2.48E-05	4.33E-06	-1.30E-05	-1.23E-05
512	14	0	0	0	0	0	0	232	254	0	-2.48E-05	4.33E-06	-1.30E-05	-1.23E-05
512	15	0	0	0	0	0	0	232	254	0	-2.44E-05	6.23E-06	-1.23E-05	-1.22E-05
512	16	0	0	0	0	0	0	232	254	0	-2.44E-05	6.23E-06	-1.23E-05	-1.22E-05
512	17	0	0	0	0	0	0	232	254	0	-2.47E-05	5.20E-06	-1.15E-05	-1.17E-05
512	18	0	0	0	0	0	0	232	254	0	-2.47E-05	5.20E-06	-1.15E-05	-1.17E-05
512	19	0	0	0	0	0	0	232	254	0	-2.51E-05	5.29E-06	-1.21E-05	-1.18E-05
513	0	0	0	0	0	0	0	232	254	0	-2.51E-05	5.29E-06	-1.21E-05	-1.18E-05
513	1	0	0	0	0	0	0	232	254	0	-2.55E-05	5.70E-06	-1.02E-05	-1.22E-05
513	2	0	0	0	0	0	0	232	254	0	-2.64E-05	4.45E-06	-6.62E-06	-1.20E-05
513	3	0	0	0	0	0	0	232	254	0	-2.64E-05	4.45E-06	-6.62E-06	-1.20E-05
513	4	0	0	0	0	0	0	232	254	0	-2.69E-05	3.99E-06	-5.13E-06	-1.23E-05
513	5	0	0	0	0	0	0	232	254	0	-2.69E-05	3.99E-06	-5.13E-06	-1.23E-05
513	6	0	0	0	0	0	0	232	254	0	-2.57E-05	4.74E-06	-6.93E-06	-1.22E-05
513	7	0	0	0	0	0	0	232	254	0	-2.57E-05	4.74E-06	-6.93E-06	-1.22E-05
513	8	0	0	0	0	0	0	232	254	0	-2.61E-05	3.90E-06	-7.22E-06	-1.16E-05
513	9	0	0	0	0	0	0	232	254	0	-2.61E-05	3.90E-06	-7.22E-06	-1.16E-05
513	10	0	0	0	0	0	0	232	254	0	-2.67E-05	4.46E-06	-7.28E-06	-1.05E-05
513	11	0	0	0	0	0	0	232	254	0	-2.45E-05	6.21E-06	-7.66E-06	-1.09E-05
513	12	0	0	0	0	0	0	232	254	0	-2.45E-05	6.21E-06	-7.66E-06	-1.09E-05
513	13	0	0	0	0	0	0	232	254	0	-2.38E-05	6.04E-06	-7.22E-06	-1.11E-05
513	14	0	0	0	0	0	0	232	254	0	-2.38E-05	6.04E-06	-7.22E-06	-1.11E-05
513	15	0	0	0	0	0	0	232	254	0	-2.42E-05	4.74E-06	-7.28E-06	-1.10E-05
513	16	0	0	0	0	0	0	232	254	0	-2.42E-05	4.74E-06	-7.28E-06	-1.10E-05
513	17	0	0	0	0	0	0	232	254	0	-2.10E-05	3.88E-06	-7.81E-06	-1.15E-05
513	18	0	0	0	0	0	0	232	254	0	-2.10E-05	3.88E-06	-7.81E-06	-1.15E-05
513	19	0	0	0	0	0	0	232	254	0	-1.86E-05	4.57E-06	-8.44E-06	-1.12E-05
514	0	0	0	0	0	0	0	232	254	0	-1.80E-05	8.25E-06	-8.77E-06	-1.19E-05
514	1	0	0	0	0	0	0	232	254	0	-1.80E-05	8.25E-06	-8.77E-06	-1.19E-05
514	2	0	0	0	0	0	0	232	254	0	-1.55E-05	8.33E-06	-9.11E-06	-1.21E-05
514	3	0	0	0	0	0	0	232	254	0	-1.55E-05	8.33E-06	-9.11E-06	-1.21E-05
514	4	0	0	0	0	0	0	232	254	0	-1.41E-05	7.82E-06	-9.46E-06	-1.35E-05
514	5	0	0	0	0	0	0	232	254	0	-1.41E-05	7.82E-06	-9.46E-06	-1.35E-05
514	6	0	0	0	0	0	0	232	254	0	-1.59E-05	7.19E-06	-9.92E-06	-1.49E-05
514	7	0	0	0	0	0	0	232	254	0	-1.59E-05	7.19E-06	-9.92E-06	-1.49E-05
514	8	0	0	0	0	0	0	232	254	0	-1.77E-05	5.92E-06	-1.00E-05	-1.33E-05
514	9	0	0	0	0	0	0	232	254	0	-1.86E-05	6.21E-06	-9.35E-06	-1.25E-05
514	10	0	0	0	0	0	0	232	254	0	-1.86E-05	6.21E-06	-9.35E-06	-1.25E-05
514	11	0	0	0	0	0	0	232	254	0	-2.09E-05	6.08E-06	-7.93E-06	-1.31E-05
514	12	0	0	0	0	0	0	232	254	0	-2.09E-05	6.08E-06	-7.93E-06	-1.31E-05
514	13	0	0	0	0	0	0	232	254	0	-2.25E-05	4.86E-06	-8.33E-06	-1.30E-05
514	14	0	0	0	0	0	0	232	254	0	-2.25E-05	4.86E-06	-8.33E-06	-1.30E-05
514	15	0	0	0	0	0	0	232	254	0	-2.36E-05	2.56E-06	-8.80E-06	-1.29E-05
514	16	0	0	0	0	0	0	232	254	0	-2.36E-05	2.56E-06	-8.80E-06	-1.29E-05
514	17	0	0	0	0	0	0	232	254	0	-2.34E-05	2.98E-06	-7.05E-06	-1.41E-05
514	18	0	0	0	0	0	0	232	254	0	-2.51E-05	3.90E-06	-7.20E-06	-1.37E-05
514	19	0	0	0	0	0	0	232	254	0	-2.51E-05	3.90E-06	-7.20E-06	-1.37E-05
515	0	0	0	0	0	0	0	232	254	0	-2.46E-05	4.24E-06	-8.53E-06	-1.36E-05
515	1	0	0	0	0	0	0	232	254	0	-2.46E-05	4.24E-06	-8.53E-06	-1.36E-05
515	2	0	0	0	0	0	0	232	254	0	-2.50E-05	4.53E-06	-1.04E-05	-1.35E-05
515	3	0	0	0	0	0	0	232	254	0	-2.50E-05	4.53E-06	-1.04E-05	-1.35E-05
515	4	0	0	0	0	0	0	232	254	0	-2.42E-05	4.86E-06	-8.31E-06	-1.28E-05
515	5	0	0	0	0	0	0	232	254	0	-2.42E-05	4.86E-06	-8.31E-06	-1.28E-05
515	6	0	0	0	0	0	0	232	254	0	-2.08E-05	7.05E-06	-4.52E-06	-1.17E-05
515	7	0	0	0	0	0	0	232	254	0	-1.75E-05	7.03E-06	-5.84E-06	-1.17E-05
515	8	0	0	0	0	0	0	232	254	0	-1.75E-05	7.03E-06	-5.84E-06	-1.17E-05
515	9	0	0	0	0	0	0	232	254	0	-1.58E-05	6.93E-06	-8.02E-06	-1.36E-05
515	10	0	0	0	0	0	0	232	254	0	-1.58E-05	6.93E-06	-8.02E-06	-1.36E-05
515	11	0	0	0	0	0	0	232	254	0	-1.24E-05	7.13E-06	-8.90E-06	-1.37E-05
515	12	0	0	0	0	0	0	232	254	0	-1.24E-05	7.13E-06	-8.90E-06	-1.37E-05
515	13	0	0	0	0	0	0	232	254	0	-9.98E-06	6.29E-06	-8.81E-06	-1.46E-05
515	14	0	0	0	0	0	0	232	254	0	-9.98E-06	6.29E-06	-8.81E-06	-1.46E-05
515	15	0	0	0	0	0	0	232	254	0	-8.22E-06	4.79E-06	-8.44E-06	-1.44E-05
515	16	0	0	0	0	0	0	232	254	0	-9.22E-06	6.59E-06	-9.88E-06	-1.51E-05
515	17	0	0	0	0	0	0	232	254	0	-9.22E-06	6.59E-06	-9.88E-06	-1.51E-05
515	18	0	0	0	0	0	0	232	254	0	-1.64E-05	6.88E-06	-9.63E-06	-1.42E-05
515	19	0	0	0	0	0	0	232	254	0	-1.64E-05	6.88E-06	-9.63E-06	-1.42E-05
516	0	0	0	0	0	0	0	232	254	0	-1.96E-05	6.93E-06	-9.07E-06	-1.40E-05
516	1	0	0	0	0	0	0	232	254	0	-1.96E-05	6.93E-06	-9.07E-06	-1.40E-05
516	2	0	0	0	0	0	0	232	254	0	-1.96E-05	7.00E-06	-1.01E-05	-1.39E-05
516	3	0	0	0	0	0	0	232	254	0	-1.96E-05	7.00E-06	-1.01E-05	-1.39E-05
516	4	0	0	0	0	0	0	232	254	0	-2.23E-05	5.45E-06	-9.09E-06	-1.15E-05
516	5	0	0	0	0	0	0	232	254	0	-2.45E-05	4.74E-06	-9.21E-06	-1.13E-05
516	6	0	0	0	0	0	0	232	254	0	-2.45E-05	4.74E-06	-9.21E-06	-1.13E-05
516	7	0	0	0	0	0	0	232	254	0	-2.31E-05	3.80E-06	-9.19E-06	-1.41E-05
516	8	0	0	0	0	0	0	232	254	0	-2.31E-05	3.80E-06	-9.19E-06	-1.41E-05
516	9	0	0	0	0	0	0	232	254	0	-2.29E-05	3.53E-06	-1.01E-05	-1.54E-05
516	10	0	0	0	0	0	0	232	254	0	-2.29E-05	3.53E-06	-1.01E-05	-1.54E-05
516	11	0	0	0	0	0	0	232	254	0	-2.19E-05	4.68E-06	-1.04E-05	-1.62E-05
516	12	0	0	0	0	0	0	232	254	0	-2.19E-05	4.68E-06	-1.04E-05	-1.62E-05
516	13	0	0	0	0	0	0	232	254	0	-2.14E-05	4.53E-06	-8.78E-06	-1.51E-05
516	14	0	0	0	0	0	0	232	254	0	-2.45E-05	4.40E-06	-7.08E-06	-1.41E-05
516	15	0	0	0	0	0	0	232	254	0	-2.45E-05	4.40E-06	-7.08E-06	-1.41E-05
516	16	0	0	0	0	0	0	232	254	0	-2.55E-05	3.24E-06	-8.72E-06	-1.38E-05
516	17	0	0	0	0	0	0	232	254	0	-2.55E-05	3.24E-06	-8.72E-06	-1.38E-05
516	18	0	0	0	0	0	0	232	254	0	-2.40E-05	1.41E-06	-1.07E-05	-1.33E-05
516	19	0	0	0	0	0	0	232	254	0	-2.40E-05	1.41E-06	-1.07E-05	-1.33E-05
517	0	0	0	0	0	0	0	232	254	0	-2.26E-05	2.19E-06	-8.68E-06	-1.45E-05
517	1	0	0	0	0	0	0	232	254	0	-2.26E-05	2.19E-06	-8.68E-06	-1.45E-05
517	2	0	0	0	0	0	0	232	254	0	-1.94E-05	4.62E-06	-7.46E-06	-1.45E-05
517	3	0	0	0	0	0	0	232	254	0	-1.76E-05	5.01E-06	-9.30E-06	-1.37E-05
517	4	0	0	0	0	0	0	232	254	0	-1.76E-05	5.01E-06	-9.30E-06	-1.37E-05
517	5	0	0	0	0	0	0	232	254	0	-1.75E-05	3.61E-06	-1.09E-05	-1.23E-05
517	6	0	0	0	0	0	0	232	254	0	-1.75E-05	3.61E-06	-1.09E-05	-1.23E-05
517	7	0	0	0	0	0	0	232	254	0	-1.90E-05	3.13E-06	-1.10E-05	-1.27E-05
517	8	0	0	0	0	0	0	232	254	0	-1.90E-05	3.13E-06	-1.10E-05	-1.27E-05
517	9	0	0	0	0	0	0	232	254	0	-1.89E-05	3.93E-06	-1.06E-05	-1.25E-05
517	10	0	0	0	0	0	0	232	254	0	-1.89E-05	3.93E-06	-1.06E-05	-1.25E-05
517	11	0	0	0	0	0	0	232	254	0	-1.59E-05	4.30E-06	-1.09E-05	-1.19E-05
517	12	0	0	0	0	0	0	232	254	0	-1.66E-05	3.82E-06	-1.12E-05	-1.18E-05
517	13	0	0	0	0	0	0	232	254	0	-1.66E-05	3.82E-06	-1.12E-05	-1.18E-05
517	14	0	0	0	0	0	0	232	254	0	-2.13E-05	3.29E-06	-8.70E-06	-1.23E-05
517	15	0	0	0	0	0	0	232	254	0	-2.13E-05	3.29E-06	-8.70E-06	-1.23E-05
517	16	0	0	0	0	0	0	232	254	0	-2.66E-05	1.59E-06	-7.54E-06	-1.25E-05
517	17	0	0	0	0	0	0	232	254	0	-2.66E-05	1.59E-06	-7.54E-06	-1.25E-05
517	18	0	0	0	0	0	0	232	254	0	-3.11E-05	1.07E-06	-8.56E-06	-1.19E-05
517	19	0	0	0	0	0	0	232	254	0	-3.11E-05	1.07E-06	-8.56E-06	-1.19E-05
518	0	0	0	0	0	0	0	232	254	0	-3.40E-05	1.25E-06	-8.54E-06	-1.15E-05
518	1	0	0	0	0	0	0	232	254	0	-3.59E-05	-8.07E-07	-8.37E-06	-1.21E-05
518	2	0	0	0	0	0	0	232	254	0	-3.59E-05	-8.07E-07	-8.37E-06	-1.21E-05
518	3	0	0	0	0	0	0	232	254	0	-3.46E-05	-2.40E-06	-8.44E-06	-1.34E-05
518	4	0	0	0	0	0	0	232	254	0	-3.46E-05	-2.40E-06	-8.44E-06	-1.34E-05
518	5	0	0	0	0	0	0	232	254	0	-3.35E-05	1.19E-06	-9.97E-06	-1.36E-05
518	6	0	0	0	0	0	0	232	254	0	-3.35E-05	1.19E-06	-9.97E-06	-1.36E-05
518	7	0	0	0	0	0	0	232	254	0	-3.15E-05	4.74E-06	-1.04E-05	-1.36E-05
518	8	0	0	0	0	0	0	232	254	0	-3.15E-05	4.74E-06	-1.04E-05	-1.36E-05
518	9	0	0	0	0	0	0	232	254	0	-2.77E-05	5.14E-06	-1.02E-05	-1.34E-05
518	10	0	0	0	0	0	0	232	254	0	-2.55E-05	5.79E-06	-1.04E-05	-1.24E-05
518	11	0	0	0	0	0	0	232	254	0	-2.55E-05	5.79E-06	-1.04E-05	-1.24E-05
518	12	0	0	0	0	0	0	232	254	0	-2.40E-05	4.99E-06	-1.14E-05	-1.38E-05
518	13	0	0	0	0	0	0	232	254	0	-2.40E-05	4.99E-06	-1.14E-05	-1.38E-05
518	14	0	0	0	0	0	0	232	254	0	-2.16E-05	3.78E-06	-1.14E-05	-1.48E-05
518	15	0	0	0	0	0	0	232	254	0	-2.16E-05	3.78E-06	-1.14E-05	-1.48E-05
518	16	0	0	0	0	0	0	232	254	0	-2.03E-05	5.67E-06	-1.28E-05	-1.37E-05
518	17	0	0	0	0	0	0	232	254	0	-2.03E-05	5.67E-06	-1.28E-05	-1.37E-05
518	18	0	0	0	0	0	0	232	254	0	-2.17E-05	6.55E-06	-1.38E-05	-1.27E-05
518	19	0	0	0	0	0	0	232	254	0	-2.12E-05	6.03E-06	-1.01E-05	-1.15E-05
519	0	0	0	0	0	0	0	232	254	0	-2.12E-05	6.03E-06	-1.01E-05	-1.15E-05
519	1	0	0	0	0	0	0	232	254	0	-1.65E-05	2.30E-06	-5.67E-06	-1.20E-05
519	2	0	0	0	0	0	0	232	254	0	-1.65E-05	2.30E-06	-5.67E-06	-1.20E-05
519	3	0	0	0	0	0	0	232	254	0	-1.25E-05	1.27E-06	-3.28E-06	-1.16E-05
519	4	0	0	0	0	0	0	232	254	0	-1.25E-05	1.27E-06	-3.28E-06	-1.16E-05
519	5	0	0	0	0	0	0	232	254	0	-8.32E-06	4.69E-06	-4.12E-06	-1.03E-05
519	6	0	0	0	0	0	0	232	254	0	-8.32E-06	4.69E-06	-4.12E-06	-1.03E-05
519	7	0	0	0	0	0	0	232	254	0	-5.93E-06	8.60E-06	-6.05E-06	-9.76E-06
519	8	0	0	0	0	0	0	232	254	0	-8.99E-06	1.22E-05	-7.46E-06	-1.13E-05
519	9	0	0	0	0	0	0	232	254	0	-8.99E-06	1.22E-05	-7.46E-06	-1.13E-05
519	10	0	0	0	0	0	0	232	254	0	-1.25E-05	1.17E-05	-9.37E-06	-1.25E-05
519	11	0	0	0	0	0	0	232	254	0	-1.25E-05	1.17E-05	-9.37E-06	-1.25E-05
519	12	0	0	0	0	0	0	232	254	0	-1.64E-05	9.64E-06	-1.14E-05	-1.16E-05
519	13	0	0	0	0	0	0	232	254	0	-1.64E-05	9.64E-06	-1.14E-05	-1.16E-05
519	14	0	0	0	0	0	0	232	254	0	-1.72E-05	7.85E-06	-1.12E-05	-1.17E-05
519	15	0	0	0	0	0	0	232	254	0	-1.72E-05	7.85E-06	-1.12E-05	-1.17E-05
519	16	0	0	0	0	0	0	232	254	0	-1.96E-05	7.34E-06	-1.05E-05	-1.25E-05
519	17	0	0	0	0	0	0	232	254	0	-2.30E-05	5.92E-06	-9.71E-06	-1.41E-05
519	18	0	0	0	0	0	0	232	254	0	-2.30E-05	5.92E-06	-9.71E-06	-1.41E-05
519	19	0	0	0	0	0	0	232	254	0	-2.54E-05	6.34E-06	-9.61E-06	-1.49E-05
520	0	0	0	0	0	0	0	232	254	0	-2.54E-05	6.34E-06	-9.61E-06	-1.49E-05
520	1	0	0	0	0	0	0	232	254	0	-2.56E-05	7.04E-06	-9.73E-06	-1.49E-05
520	2	0	0	0	0	0	0	232	254	0	-2.56E-05	7.04E-06	-9.73E-06	-1.49E-05
520	3	0	0	0	0	0	0	232	254	0	-2.34E-05	6.22E-06	-8.34E-06	-1.47E-05
520	4	0	0	0	0	0	0	232	254	0	-2.34E-05	6.22E-06	-8.34E-06	-1.47E-05
520	5	0	0	0	0	0	0	232	254	0	-2.60E-05	8.56E-06	-6.62E-06	-1.26E-05
520	6	0	0	0	0	0	0	232	254	0	-3.02E-05	8.17E-06	-5.24E-06	-1.04E-05
520	7	0	0	0	0	0	0	232	254	0	-3.02E-05	8.17E-06	-5.24E-06	-1.04E-05
520	8	0	0	0	0	0	0	232	254	0	-3.01E-05	5.45E-06	-8.15E-06	-1.15E-05
520	9	0	0	0	0	0	0	232	254	0	-3.01E-05	5.45E-06	-8.15E-06	-1.15E-05
520	10	0	0	0	0	0	0	232	254	0	-2.78E-05	4.69E-06	-1.08E-05	-1.09E-05
520	11	0	0	0	0	0	0	232	254	0	-2.78E-05	4.69E-06	-1.08E-05	-1.09E-05
520	12	0	0	0	0	0	0	232	254	0	-2.38E-05	3.05E-06	-9.19E-06	-1.11E-05
520	13	0	0	0	0	0	0	232	254	0	-2.38E-05	3.05E-06	-9.19E-06	-1.11E-05
520	14	0	0	0	0	0	0	232	254	0	-2.51E-05	-6.88E-07	-8.59E-06	-1.11E-05
520	15	0	0	0	0	0	0	232	254	0	-2.76E-05	-3.89E-06	-6.16E-06	-1.03E-05
520	16	0	0	0	0	0	0	232	254	0	-2.76E-05	-3.89E-06	-6.16E-06	-1.03E-05
520	17	0	0	0	0	0	0	232	254	0	-2.71E-05	-1.30E-06	-3.78E-06	-1.07E-05
520	18	0	0	0	0	0	0	232	254	0	-2.71E-05	-1.30E-06	-3.78E-06	-1.07E-05
520	19	0	0	0	0	0	0	232	254	0	-2.73E-05	2.54E-06	-5.86E-06	-1.18E-05
521	0	0	0	0	0	0	0	232	254	0	-2.73E-05	2.54E-06	-5.86E-06	-1.18E-05
521	1	0	0	0	0	0	0	232	254	0	-2.62E-05	3.69E-06	-8.29E-06	-1.29E-05
521	2	0	0	0	0	0	0	232	254	0	-2.62E-05	3.69E-06	-8.29E-06	-1.29E-05
521	3	0	0	0	0	0	0	232	254	0	-2.28E-05	2.45E-06	-9.56E-06	-1.25E-05
521	4	0	0	0	0	0	0	232	254	0	-1.98E-05	2.08E-06	-7.24E-06	-1.29E-05
521	5	0	0	0	0	0	0	232	254	0	-1.98E-05	2.08E-06	-7.24E-06	-1.29E-05
521	6	0	0	0	0	0	0	232	254	0	-1.63E-05	3.23E-06	-8.47E-06	-1.30E-05
521	7	0	0	0	0	0	0	232	254	0	-1.63E-05	3.23E-06	-8.47E-06	-1.30E-05
521	8	0	0	0	0	0	0	232	254	0	-1.70E-05	8.47E-06	-1.67E-05	-1.34E-05
521	9	0	0	0	0	0	0	232	254	0	-1.70E-05	8.47E-06	-1.67E-05	-1.34E-05
521	10	0	0	0	0	0	0	232	254	0	-2.06E-05	1.09E-05	-2.23E-05	-1.47E-05
521	11	0	0	0	0	0	0	232	254	0	-2.06E-05	1.09E-05	-2.23E-05	-1.47E-05
521	12	0	0	0	0	0	0	232	254	0	-1.94E-05	8.11E-06	-1.87E-05	-1.50E-05
521	13	0	0	0	0	0	0	232	254	0	-1.47E-05	5.91E-06	-1.19E-05	-1.44E-05
521	14	0	0	0	0	0	0	232	254	0	-1.47E-05	5.91E-06	-1.19E-05	-1.44E-05
521	15	0	0	0	0	0	0	232	254	0	-6.66E-06	3.69E-06	-8.22E-06	-1.32E-05
521	16	0	0	0	0	0	0	232	254	0	-6.66E-06	3.69E-06	-8.22E-06	-1.32E-05
521	17	0	0	0	0	0	0	232	254	0	-6.28E-07	2.56E-06	-6.36E-06	-1.28E-05
521	18	0	0	0	0	0	0	232	254	0	-6.28E-07	2.56E-06	-6.36E-06	-1.28E-05
521	19	0	0	0	0	0	0	232	254	0	-5.09E-07	3.14E-06	-1.09E-06	-1.40E-05
522	0	0	0	0	0	0	0	232	254	0	-5.09E-07	3.14E-06	-1.09E-06	-1.40E-05
522	1	0	0	0	0	0	0	232	254	0	-2.74E-06	4.75E-06	1.77E-06	-1.43E-05
522	2	0	0	0	0	0	0	232	254	0	-1.06E-05	2.79E-06	-7.23E-06	-1.45E-05
522	3	0	0	0	0	0	0	232	254	0	-1.06E-05	2.79E-06	-7.23E-06	-1.45E-05
522	4	0	0	0	0	0	0	232	254	0	-1.56E-05	2.33E-06	-1.96E-05	-1.51E-05
522	5	0	0	0	0	0	0	232	254	0	-1.56E-05	2.33E-06	-1.96E-05	-1.51E-05
522	6	0	0	0	0	0	0	232	254	0	-1.80E-05	2.40E-06	-2.52E-05	-1.36E-05
522	7	0	0	0	0	0	0	232	254	0	-1.80E-05	2.40E-06	-2.52E-05	-1.36E-05
522	8	0	0	0	0	0	0	232	254	0	-2.07E-05	3.95E-06	-1.66E-05	-1.26E-05
522	9	0	0	0	0	0	0	232	254	0	-2.07E-05	3.95E-06	-1.66E-05	-1.26E-05
522	10	0	0	0	0	0	0	232	254	0	-2.34E-05	4.40E-06	-1.01E-05	-1.29E-05
522	11	0	0	0	0	0	0	232	254	0	-2.35E-05	3.44E-06	-1.42E-05	-1.30E-05
522	12	0	0	0	0	0	0	232	254	0	-2.35E-05	3.44E-06	-1.42E-05	-1.30E-05
522	13	0	0	0	0	0	0	232	254	0	-1.98E-05	3.07E-06	-1.67E-05	-1.33E-05
522	14	0	0	0	0	0	0	232	254	0	-1.98E-05	3.07E-06	-1.67E-05	-1.33E-05
522	15	0	0	0	0	0	0	232	254	0	-1.96E-05	4.42E-06	-1.40E-05	-1.40E-05
522	16	0	0	0	0	0	0	232	254	0	-1.96E-05	4.42E-06	-1.40E-05	-1.40E-05
522	17	0	0	0	0	0	0	232	254	0	-1.81E-05	4.06E-06	-1.69E-05	-1.46E-05
522	18	0	0	0	0	0	0	232	254	0	-1.81E-05	4.06E-06	-1.69E-05	-1.46E-05
522	19	0	0	0	0	0	0	232	254	0	-1.95E-05	6.76E-06	-1.65E-05	-1.41E-05
523	0	0	0	0	0	0	0	232	254	0	-2.07E-05	7.92E-06	-5.45E-06	-1.31E-05
523	1	0	0	0	0	0	0	232	254	0	-2.07E-05	7.92E-06	-5.45E-06	-1.31E-05
523	2	0	0	0	0	0	0	232	254	0	-2.15E-05	5.46E-06	8.18E-07	-1.23E-05
523	3	0	0	0	0	0	0	232	254	0	-2.15E-05	5.46E-06	8.18E-07	-1.23E-05
523	4	0	0	0	0	0	0	232	254	0	-2.59E-05	2.75E-06	4.33E-07	-1.21E-05
523	5	0	0	0	0	0	0	232	254	0	-2.59E-05	2.75E-06	4.33E-07	-1.21E-05
523	6	0	0	0	0	0	0	232	254	0	-3.18E-05	3.41E-06	-1.28E-06	-1.12E-05
523	7	0	0	0	0	0	0	232	254	0	-3.18E-05	3.41E-06	-1.28E-06	-1.12E-05
523	8	0	0	0	0	0	0	232	254	0	-3.25E-05	5.13E-06	-1.88E-06	-9.99E-06
523	9	0	0	0	0	0	0	232	254	0	-3.29E-05	7.08E-06	-8.99E-07	-1.07E-05
523	10	0	0	0	0	0	0	232	254	0	-3.29E-05	7.08E-06	-8.99E-07	-1.07E-05
523	11	0	0	0	0	0	0	232	254	0	-3.10E-05	8.63E-06	-6.01E-07	-1.14E-05
523	12	0	0	0	0	0	0	232	254	0	-3.10E-05	8.63E-06	-6.01E-07	-1.14E-05
523	13	0	0	0	0	0	0	232	254	0	-2.66E-05	1.00E-05	-3.13E-06	-1.02E-05
523	14	0	0	0	0	0	0	232	254	0	-2.66E-05	1.00E-05	-3.13E-06	-1.02E-05
523	15	0	0	0	0	0	0	232	254	0	-2.91E-05	8.28E-06	3.85E-08	-9.63E-06
523	16	0	0	0	0	0	0	232	254	0	-2.91E-05	8.28E-06	3.85E-08	-9.63E-06
523	17	0	0	0	0	0	0	232	254	0	-3.35E-05	6.44E-06	2.76E-06	-8.90E-06
523	18	0	0	0	0	0	0	232	254	0	-2.83E-05	6.40E-06	-4.83E-06	-8.98E-06
523	19	0	0	0	0	0	0	232	254	0	-2.83E-05	6.40E-06	-4.83E-06	-8.98E-06
524	0	0	0	0	0	0	0	232	254	0	-2.08E-05	3.62E-06	-1.44E-05	-9.72E-06
524	1	0	0	0	0	0	0	232	254	0	-2.08E-05	3.62E-06	-1.44E-05	-9.72E-06
524	2	0	0	0	0	0	0	232	254	0	-3.08E-05	7.07E-06	-2.00E-05	-1.09E-05
524	3	0	0	0	0	0	0	232	254	0	-3.08E-05	7.07E-06	-2.00E-05	-1.09E-05
524	4	0	0	0	0	0	0	232	254	0	-4.80E-05	1.06E-05	-1.98E-05	-1.17E-05
524	5	0	0	0	0	0	0	232	254	0	-4.80E-05	1.06E-05	-1.98E-05	-1.17E-05
524	6	0	0	0	0	0	0	232	254	0	-5.42E-05	1.04E-05	-1.57E-05	-1.25E-05
524	7	0	0	0	0	0	0	232	254	0	-4.31E-05	8.52E-06	-1.13E-05	-1.19E-05
524	8	0	0	0	0	0	0	232	254	0	-4.31E-05	8.52E-06	-1.13E-05	-1.19E-05
524	9	0	0	0	0	0	0	232	254	0	-2.89E-05	4.65E-06	-9.31E-06	-1.16E-05
524	10	0	0	0	0	0	0	232	254	0	-2.89E-05	4.65E-06	-9.31E-06	-1.16E-05
524	11	0	0	0	0	0	0	232	254	0	-1.74E-05	3.47E-06	-7.40E-06	-1.06E-05
524	12	0	0	0	0	0	0	232	254	0	-1.74E-05	3.47E-06	-7.40E-06	-1.06E-05
524	13	0	0	0	0	0	0	232	254	0	-4.39E-06	4.96E-06	-6.73E-06	-1.19E-05
524	14	0	0	0	0	0	0	232	254	0	-4.39E-06	4.96E-06	-6.73E-06	-1.19E-05
524	15	0	0	0	0	0	0	232	254	0	-6.99E-06	1.99E-06	-1.00E-05	-1.13E-05
524	16	0	0	0	0	0	0	232	254	0	-1.74E-05	1.26E-06	-1.64E-05	-1.05E-05
524	17	0	0	0	0	0	0	232	254	0	-1.74E-05	1.26E-06	-1.64E-05	-1.05E-05
524	18	0	0	0	0	0	0	232	254	0	-2.99E-05	5.29E-06	-1.67E-05	-1.20E-05
524	19	0	0	0	0	0	0	232	254	0	-2.99E-05	5.29E-06	-1.67E-05	-1.20E-05
525	0	0	0	0	0	0	0	232	254	0	-3.43E-05	5.48E-06	-1.49E-05	-1.27E-05
525	1	0	0	0	0	0	0	232	254	0	-3.43E-05	5.48E-06	-1.49E-05	-1.27E-05
525	2	0	0	0	0	0	0	232	254	0	-3.06E-05	3.46E-06	-1.18E-05	-1.37E-05
525	3	0	0	0	0	0	0	232	254	0	-3.06E-05	3.46E-06	-1.18E-05	-1.37E-05
525	4	0	0	0	0	0	0	232	254	0	-2.75E-05	8.29E-06	-7.50E-06	-1.35E-05
525	5	0	0	0	0	0	0	232	254	0	-2.38E-05	1.27E-05	-4.04E-06	-1.26E-05
525	6	0	0	0	0	0	0	232	254	0	-2.38E-05	1.27E-05	-4.04E-06	-1.26E-05
525	7	0	0	0	0	0	0	232	254	0	-1.42E-05	8.25E-06	1.38E-06	-1.28E-05
525	8	0	0	0	0	0	0	232	254	0	-1.42E-05	8.25E-06	1.38E-06	-1.28E-05
525	9	0	0	0	0	0	0	232	254	0	-5.96E-06	3.60E-06	-6.03E-07	-1.15E-05
525	10	0	0	0	0	0	0	232	254	0	-5.96E-06	3.60E-06	-6.03E-07	-1.15E-05
525	11	0	0	0	0	0	0	232	254	0	3.89E-06	1.35E-06	-8.82E-06	-1.14E-05
525	12	0	0	0	0	0	0	232	254	0	3.89E-06	1.35E-06	-8.82E-06	-1.14E-05
525	13	0	0	0	0	0	0	232	254	0	1.26E-05	-2.21E-06	-1.38E-05	-1.28E-05
525	14	0	0	0	0	0	0	232	254	0	8.31E-06	-3.44E-06	-1.27E-05	-1.46E-05
525	15	0	0	0	0	0	0	232	254	0	8.31E-06	-3.44E-06	-1.27E-05	-1.46E-05
525	16	0	0	0	0	0	0	232	254	0	-1.30E-06	-3.01E-06	-1.10E-05	-1.45E-05
525	17	0	0	0	0	0	0	232	254	0	-1.30E-06	-3.01E-06	-1.10E-05	-1.45E-05
525	18	0	0	0	0	0	0	232	254	0	-9.24E-06	-4.68E-06	-9.20E-06	-1.51E-05
525	19	0	0	0	0	0	0	232	254	0	-9.24E-06	-4.68E-06	-9.20E-06	-1.51E-05
526	0	0	0	0	0	0	0	232	254	0	-1.25E-05	-9.59E-06	-6.58E-06	-1.50E-05
526	1	0	0	0	0	0	0	232	254	0	-1.25E-05	-9.59E-06	-6.58E-06	-1.50E-05
526	2	0	0	0	0	0	0	232	254	0	-1.86E-05	-1.25E-05	-5.99E-06	-1.51E-05
526	3	0	0	0	0	0	0	232	254	0	-2.08E-05	-7.45E-06	-8.19E-06	-1.41E-05
526	4	0	0	0	0	0	0	232	254	0	-2.08E-05	-7.45E-06	-8.19E-06	-1.41E-05
526	5	0	0	0	0	0	0	232	254	0	-2.19E-05	1.65E-06	-1.05E-05	-1.49E-05
526	6	0	0	0	0	0	0	232	254	0	-2.19E-05	1.65E-06	-1.05E-05	-1.49E-05
526	7	0	0	0	0	0	0	232	254	0	-2.32E-05	4.65E-06	-1.27E-05	-1.45E-05
526	8	0	0	0	0	0	0	232	254	0	-2.32E-05	4.65E-06	-1.27E-05	-1.45E-05
526	9	0	0	0	0	0	0	232	254	0	-2.71E-05	3.32E-06	-1.56E-05	-1.36E-05
526	10	0	0	0	0	0	0	232	254	0	-2.71E-05	3.32E-06	-1.56E-05	-1.36E-05
526	11	0	0	0	0	0	0	232	254	0	-2.78E-05	4.61E-06	-1.49E-05	-1.38E-05
526	12	0	0	0	0	0	0	232	254	0	-2.92E-05	7.80E-06	-1.27E-05	-1.29E-05
526	13	0	0	0	0	0	0	232	254	0	-2.92E-05	7.80E-06	-1.27E-05	-1.29E-05
526	14	0	0	0	0	0	0	232	254	0	-3.20E-05	1.04E-05	-1.30E-05	-1.31E-05
526	15	0	0	0	0	0	0	232	254	0	-3.20E-05	1.04E-05	-1.30E-05	-1.31E-05
526	16	0	0	0	0	0	0	232	254	0	-3.27E-05	9.00E-06	-1.07E-05	-1.42E-05
526	17	0	0	0	0	0	0	232	254	0	-3.27E-05	9.00E-06	-1.07E-05	-1.42E-05
526	18	0	0	0	0	0	0	232	254	0	-2.70E-05	9.13E-06	-6.50E-06	-1.35E-05
526	19	0	0	0	0	0	0	232	254	0	-2.70E-05	9.13E-06	-6.50E-06	-1.35E-05
527	0	0	0	0	0	0	0	232	254	0	-2.78E-05	1.29E-05	-2.00E-06	-1.27E-05
527	1	0	0	0	0	0	0	232	254	0	-3.19E-05	1.21E-05	-5.78E-06	-1.20E-05
527	2	0	0	0	0	0	0	232	254	0	-3.19E-05	1.21E-05	-5.78E-06	-1.20E-05
527	3	0	0	0	0	0	0	232	254	0	-2.26E-05	8.20E-06	-1.57E-05	-1.06E-05
527	4	0	0	0	0	0	0	232	254	0	-2.26E-05	8.20E-06	-1.57E-05	-1.06E-05
527	5	0	0	0	0	0	0	232	254	0	-2.94E-08	3.70E-06	-9.81E-06	-1.08E-05
527	6	0	0	0	0	0	0	232	254	0	-2.94E-08	3.70E-06	-9.81E-06	-1.08E-05
527	7	0	0	0	0	0	0	232	254	0	1.84E-05	5.39E-06	-3.85E-06	-1.23E-05
527	8	0	0	0	0	0	0	232	254	0	1.84E-05	5.39E-06	-3.85E-06	-1.23E-05
527	9	0	0	0	0	0	0	232	254	0	1.25E-05	8.94E-06	-5.96E-06	-1.30E-05
527	10	0	0	0	0	0	0	232	254	0	-9.89E-07	9.12E-06	-3.89E-06	-1.38E-05
527	11	0	0	0	0	0	0	232	254	0	-9.89E-07	9.12E-06	-3.89E-06	-1.38E-05
527	12	0	0	0	0	0	0	232	254	0	-1.18E-05	8.63E-06	8.32E-06	-1.33E-05
527	13	0	0	0	0	0	0	232	254	0	-1.18E-05	8.63E-06	8.32E-06	-1.33E-05
527	14	0	0	0	0	0	0	232	254	0	-2.58E-05	1.04E-05	2.44E-05	-9.92E-06
527	15	0	0	0	0	0	0	232	254	0	-2.58E-05	1.04E-05	2.44E-05	-9.92E-06
527	16	0	0	0	0	0	0	232	254	0	-3.44E-05	1.12E-05	2.54E-05	-8.81E-06
527	17	0	0	0	0	0	0	232	254	0	-3.44E-05	1.12E-05	2.54E-05	-8.81E-06
527	18	0	0	0	0	0	0	232	254	0	-3.23E-05	1.04E-05	-2.61E-06	-8.35E-06
527	19	0	0	0	0	0	0	232	254	0	-3.13E-05	7.98E-06	-2.64E-05	-9.47E-06
528	0	0	0	0	0	0	0	232	254	0	-3.13E-05	7.98E-06	-2.64E-05	-9.47E-06
528	1	0	0	0	0	0	0	232	254	0	-3.04E-05	1.06E-06	-3.04E-05	-1.14E-05
528	2	0	0	0	0	0	0	232	254	0	-3.04E-05	1.06E-06	-3.04E-05	-1.14E-05
528	3	0	0	0	0	0	0	232	254	0	-3.02E-05	-3.87E-06	-3.30E-05	-1.45E-05
528	4	0	0	0	0	0	0	232	254	0	-3.02E-05	-3.87E-06	-3.30E-05	-1.45E-05
528	5	0	0	0	0	0	0	232	254	0	-2.76E-05	-1.48E-06	-3.20E-05	-1.87E-05
528	6	0	0	0	0	0	0	232	254	0	-2.76E-05	-1.48E-06	-3.20E-05	-1.87E-05
528	7	0	0	0	0	0	0	232	254	0	-2.06E-05	-1.24E-07	-1.90E-05	-1.89E-05
528	8	0	0	0	0	0	0	232	254	0	-2.42E-05	3.85E-07	-1.18E-05	-1.74E-05
528	9	0	0	0	0	0	0	232	254	0	-2.42E-05	3.85E-07	-1.18E-05	-1.74E-05
528	10	0	0	0	0	0	0	232	254	0	-3.47E-05	2.43E-06	-2.47E-05	-1.56E-05
528	11	0	0	0	0	0	0	232	254	0	-3.47E-05	2.43E-06	-2.47E-05	-1.56E-05
528	12	0	0	0	0	0	0	232	254	0	-3.55E-05	7.20E-06	-2.72E-05	-1.55E-05
528	13	0	0	0	0	0	0	232	254	0	-3.55E-05	7.20E-06	-2.72E-05	-1.55E-05
528	14	0	0	0	0	0	0	232	254	0	-2.91E-05	1.24E-05	-2.20E-05	-1.48E-05
528	15	0	0	0	0	0	0	232	254	0	-2.91E-05	1.24E-05	-2.20E-05	-1.48E-05
528	16	0	0	0	0	0	0	232	254	0	-2.69E-05	9.48E-06	-2.15E-05	-1.37E-05
528	17	0	0	0	0	0	0	232	254	0	-2.18E-05	5.65E-06	-1.29E-05	-1.23E-05
528	18	0	0	0	0	0	0	232	254	0	-2.18E-05	5.65E-06	-1.29E-05	-1.23E-05
528	19	0	0	0	0	0	0	232	254	0	-1.86E-05	6.90E-06	8.15E-06	-1.14E-05
529	0	0	0	0	0	0	0	232	254	0	-1.86E-05	6.90E-06	8.15E-06	-1.14E-05
529	1	0	0	0	0	0	0	232	254	0	-2.11E-05	1.05E-05	2.53E-05	-1.02E-05
529	2	0	0	0	0	0	0	232	254	0	-2.11E-05	1.05E-05	2.53E-05	-1.02E-05
529	3	0	0	0	0	0	0	232	254	0	-2.03E-05	1.02E-05	2.08E-05	-9.82E-06
529	4	0	0	0	0	0	0	232	254	0	-2.03E-05	1.02E-05	2.08E-05	-9.82E-06
529	5	0	0	0	0	0	0	232	254	0	-1.04E-05	2.65E-06	6.56E-06	-9.32E-06
529	6	0	0	0	0	0	0	232	254	0	-6.56E-06	-9.85E-07	-7.36E-06	-1.04E-05
529	7	0	0	0	0	0	0	232	254	0	-6.56E-06	-9.85E-07	-7.36E-06	-1.04E-05
529	8	0	0	0	0	0	0	232	254	0	-9.85E-06	-1.06E-06	-9.75E-06	-1.35E-05
529	9	0	0	0	0	0	0	232	254	0	-9.85E-06	-1.06E-06	-9.75E-06	-1.35E-05
529	10	0	0	0	0	0	0	232	254	0	-1.69E-05	-2.47E-06	-5.54E-06	-1.30E-05
529	11	0	0	0	0	0	0	232	254	0	-1.69E-05	-2.47E-06	-5.54E-06	-1.30E-05
529	12	0	0	0	0	0	0	232	254	0	-2.13E-05	-2.40E-06	-1.71E-05	-1.24E-05
529	13	0	0	0	0	0	0	232	254	0	-2.13E-05	-2.40E-06	-1.71E-05	-1.24E-05
529	14	0	0	0	0	0	0	232	254	0	-2.46E-05	-3.47E-06	-3.50E-05	-1.37E-05
529	15	0	0	0	0	0	0	232	254	0	-3.30E-05	-1.65E-07	-4.39E-05	-1.65E-05
529	16	0	0	0	0	0	0	232	254	0	-3.30E-05	-1.65E-07	-4.39E-05	-1.65E-05
529	17	0	0	0	0	0	0	232	254	0	-4.02E-05	4.73E-06	-4.33E-05	-1.76E-05
529	18	0	0	0	0	0	0	232	254	0	-4.02E-05	4.73E-06	-4.33E-05	-1.76E-05
529	19	0	0	0	0	0	0	232	254	0	-4.84E-05	7.89E-06	-3.57E-05	-1.63E-05
530	0	0	0	0	0	0	0	232	254	0	-4.84E-05	7.89E-06	-3.57E-05	-1.63E-05
530	1	0	0	0	0	0	0	232	254	0	-5.28E-05	1.26E-05	-3.14E-05	-1.43E-05
530	2	0	0	0	0	0	0	232	254	0	-5.28E-05	1.26E-05	-3.14E-05	-1.43E-05
530	3	0	0	0	0	0	0	232	254	0	-5.55E-05	1.37E-05	-1.51E-06	-1.31E-05
530	4	0	0	0	0	0	0	232	254	0	-5.02E-05	1.17E-05	3.58E-05	-1.15E-05
530	5	0	0	0	0	0	0	232	254	0	-5.02E-05	1.17E-05	3.58E-05	-1.15E-05
530	6	0	0	0	0	0	0	232	254	0	-3.71E-05	9.51E-06	4.09E-05	-8.53E-06
530	7	0	0	0	0	0	0	232	254	0	-3.71E-05	9.51E-06	4.09E-05	-8.53E-06
530	8	0	0	0	0	0	0	232	254	0	-2.08E-05	6.58E-06	1.90E-05	-7.35E-06
530	9	0	0	0	0	0	0	232	254	0	-2.08E-05	6.58E-06	1.90E-05	-7.35E-06
530	10	0	0	0	0	0	0	232	254	0	-1.09E-05	4.40E-06	3.34E-06	-8.59E-06
530	11	0	0	0	0	0	0	232	254	0	-1.09E-05	4.40E-06	3.34E-06	-8.59E-06
530	12	0	0	0	0	0	0	232	254	0	-4.79E-06	3.18E-06	1.86E-06	-1.13E-05
530	13	0	0	0	0	0	0	232	254	0	5.24E-06	7.52E-07	6.62E-06	-1.32E-05
530	14	0	0	0	0	0	0	232	254	0	5.24E-06	7.52E-07	6.62E-06	-1.32E-05
530	15	0	0	0	0	0	0	232	254	0	-3.63E-07	-2.45E-07	-1.08E-06	-1.53E-05
530	16	0	0	0	0	0	0	232	254	0	-3.63E-07	-2.45E-07	-1.08E-06	-1.53E-05
530	17	0	0	0	0	0	0	232	254	0	-9.92E-06	-2.65E-06	-1.13E-05	-1.76E-05
530	18	0	0	0	0	0	0	232	254	0	-9.92E-06	-2.65E-06	-1.13E-05	-1.76E-05
530	19	0	0	0	0	0	0	232	254	0	-1.29E-05	9.32E-08	-1.70E-05	-1.71E-05
531	0	0	0	0	0	0	0	232	254	0	-1.29E-05	9.32E-08	-1.70E-05	-1.71E-05
531	1	0	0	0	0	0	0	232	254	0	-1.94E-05	1.22E-06	-2.03E-05	-1.71E-05
531	2	0	0	0	0	0	0	232	254	0	-3.33E-05	-2.52E-06	-1.82E-05	-1.79E-05
531	3	0	0	0	0	0	0	232	254	0	-3.33E-05	-2.52E-06	-1.82E-05	-1.79E-05
531	4	0	0	0	0	0	0	232	254	0	-4.76E-05	2.10E-06	-1.43E-05	-1.71E-05
531	5	0	0	0	0	0	0	232	254	0	-4.76E-05	2.10E-06	-1.43E-05	-1.71E-05
531	6	0	0	0	0	0	0	232	254	0	-4.72E-05	1.11E-05	-1.44E-05	-1.35E-05
531	7	0	0	0	0	0	0	232	254	0	-4.72E-05	1.11E-05	-1.44E-05	-1.35E-05
531	8	0	0	0	0	0	0	232	254	0	-3.25E-05	1.42E-05	-1.48E-05	-1.11E-05
531	9	0	0	0	0	0	0	232	254	0	-3.25E-05	1.42E-05	-1.48E-05	-1.11E-05
531	10	0	0	0	0	0	0	232	254	0	-2.07E-05	1.16E-05	-1.33E-05	-1.21E-05
531	11	0	0	0	0	0	0	232	254	0	-1.25E-05	7.55E-06	-1.10E-05	-1.09E-05
531	12	0	0	0	0	0	0	232	254	0	-1.25E-05	7.55E-06	-1.10E-05	-1.09E-05
531	13	0	0	0	0	0	0	232	254	0	3.94E-07	8.31E-06	-6.98E-06	-8.05E-06
531	14	0	0	0	0	0	0	232	254	0	3.94E-07	8.31E-06	-6.98E-06	-8.05E-06
531	15	0	0	0	0	0	0	232	254	0	6.88E-06	1.39E-05	-9.04E-07	-6.84E-06
531	16	0	0	0	0	0	0	232	254	0	6.88E-06	1.39E-05	-9.04E-07	-6.84E-06
531	17	0	0	0	0	0	0	232	254	0	1.15E-06	1.64E-05	-2.23E-06	-6.61E-06
531	18	0	0	0	0	0	0	232	254	0	1.15E-06	1.64E-05	-2.23E-06	-6.61E-06
531	19	0	0	0	0	0	0	232	254	0	-7.84E-06	1.33E-05	-8.40E-06	-7.31E-06
532	0	0	0	0	0	0	0	232	254	0	-1.54E-05	8.59E-06	-8.96E-06	-9.30E-06
532	1	0	0	0	0	0	0	232	254	0	-1.54E-05	8.59E-06	-8.96E-06	-9.30E-06
532	2	0	0	0	0	0	0	232	254	0	-2.42E-05	6.55E-06	-4.72E-06	-1.13E-05
532	3	0	0	0	0	0	0	232	254	0	-2.42E-05	6.55E-06	-4.72E-06	-1.13E-05
532	4	0	0	0	0	0	0	232	254	0	-3.19E-05	6.29E-06	-4.37E-06	-1.38E-05
532	5	0	0	0	0	0	0	232	254	0	-3.19E-05	6.29E-06	-4.37E-06	-1.38E-05
532	6	0	0	0	0	0	0	232	254	0	-3.00E-05	4.40E-06	-8.98E-06	-1.48E-05
532	7	0	0	0	0	0	0	232	254	0	-3.00E-05	4.40E-06	-8.98E-06	-1.48E-05
532	8	0	0	0	0	0	0	232	254	0	-2.17E-05	3.57E-06	-9.68E-06	-1.27E-05
532	9	0	0	0	0	0	0	232	254	0	-1.21E-05	3.34E-06	-1.10E-05	-1.32E-05
532	10	0	0	0	0	0	0	232	254	0	-1.21E-05	3.34E-06	-1.10E-05	-1.32E-05
532	11	0	0	0	0	0	0	232	254	0	-6.58E-06	-7.78E-07	-1.57E-05	-1.39E-05
532	12	0	0	0	0	0	0	232	254	0	-6.58E-06	-7.78E-07	-1.57E-05	-1.39E-05
532	13	0	0	0	0	0	0	232	254	0	-9.96E-06	-4.72E-06	-2.11E-05	-1.32E-05
532	14	0	0	0	0	0	0	232	254	0	-9.96E-06	-4.72E-06	-2.11E-05	-1.32E-05
532	15	0	0	0	0	0	0	232	254	0	-1.70E-05	-2.89E-06	-2.53E-05	-1.07E-05
532	16	0	0	0	0	0	0	232	254	0	-1.70E-05	-2.89E-06	-2.53E-05	-1.07E-05
532	17	0	0	0	0	0	0	232	254	0	-2.53E-05	2.10E-06	-2.65E-05	-1.17E-05
532	18	0	0	0	0	0	0	232	254	0	-3.09E-05	-1.56E-06	-2.15E-05	-1.15E-05
532	19	0	0	0	0	0	0	232	254	0	-3.09E-05	-1.56E-06	-2.15E-05	-1.15E-05
533	0	0	0	0	0	0	0	232	254	0	-2.48E-05	-6.62E-06	-1.76E-05	-1.14E-05
533	1	0	0	0	0	0	0	232	254	0	-2.48E-05	-6.62E-06	-1.76E-05	-1.14E-05
533	2	0	0	0	0	0	0	232	254	0	-1.97E-05	7.31E-07	-1.17E-05	-1.46E-05
533	3	0	0	0	0	0	0	232	254	0	-1.97E-05	7.31E-07	-1.17E-05	-1.46E-05
533	4	0	0	0	0	0	0	232	254	0	-2.60E-05	7.32E-06	-3.13E-06	-1.49E-05
533	5	0	0	0	0	0	0	232	254	0	-2.60E-05	7.32E-06	-3.13E-06	-1.49E-05
533	6	0	0	0	0	0	0	232	254	0	-2.75E-05	3.70E-06	-7.21E-07	-1.18E-05
533	7	0	0	0	0	0	0	232	254	0	-2.13E-05	5.52E-06	-2.27E-06	-1.38E-05
533	8	0	0	0	0	0	0	232	254	0	-2.13E-05	5.52E-06	-2.27E-06	-1.38E-05
533	9	0	0	0	0	0	0	232	254	0	-1.75E-05	9.95E-06	-2.94E-06	-1.47E-05
533	10	0	0	0	0	0	0	232	254	0	-1.75E-05	9.95E-06	-2.94E-06	-1.47E-05
533	11	0	0	0	0	0	0	232	254	0	-1.78E-05	1.03E-05	-3.29E-06	-1.35E-05
533	12	0	0	0	0	0	0	232	254	0	-1.78E-05	1.03E-05	-3.29E-06	-1.35E-05
533	13	0	0	0	0	0	0	232	254	0	-2.51E-05	1.06E-05	-1.74E-06	-1.50E-05
533	14	0	0	0	0	0	0	232	254	0	-2.51E-05	1.06E-05	-1.74E-06	-1.50E-05
533	15	0	0	0	0	0	0	232	254	0	-3.31E-05	1.05E-05	-1.83E-06	-1.48E-05
533	16	0	0	0	0	0	0	232	254	0	-3.12E-05	7.63E-06	-2.37E-07	-1.11E-05
533	17	0	0	0	0	0	0	232	254	0	-3.12E-05	7.63E-06	-2.37E-07	-1.11E-05
533	18	0	0	0	0	0	0	232	254	0	-3.21E-05	5.87E-06	-7.58E-06	-5.82E-06
533	19	0	0	0	0	0	0	232	254	0	-3.21E-05	5.87E-06	-7.58E-06	-5.82E-06
534	0	0	0	0	0	0	0	232	254	0	-3.36E-05	5.48E-06	-2.48E-05	-8.29E-06
534	1	0	0	0	0	0	0	232	254	0	-3.36E-05	5.48E-06	-2.48E-05	-8.29E-06
534	2	0	0	0	0	0	0	232	254	0	-3.23E-05	2.55E-06	-3.34E-05	-1.22E-05
534	3	0	0	0	0	0	0	232	254	0	-3.23E-05	2.55E-06	-3.34E-05	-1.22E-05
534	4	0	0	0	0	0	0	232	254	0	-2.96E-05	1.11E-06	-3.15E-05	-1.32E-05
534	5	0	0	0	0	0	0	232	254	0	-1.55E-05	5.12E-06	-3.36E-05	-1.44E-05
534	6	0	0	0	0	0	0	232	254	0	-1.55E-05	5.12E-06	-3.36E-05	-1.44E-05
534	7	0	0	0	0	0	0	232	254	0	-2.72E-08	3.73E-06	-2.59E-05	-1.47E-05
534	8	0	0	0	0	0	0	232	254	0	-2.72E-08	3.73E-06	-2.59E-05	-1.47E-05
534	9	0	0	0	0	0	0	232	254	0	6.07E-06	-1.35E-06	-4.92E-06	-1.25E-05
534	10	0	0	0	0	0	0	232	254	0	6.07E-06	-1.35E-06	-4.92E-06	-1.25E-05
534	11	0	0	0	0	0	0	232	254	0	9.37E-07	1.56E-06	2.10E-05	-9.54E-06
534	12	0	0	0	0	0	0	232	254	0	9.37E-07	1.56E-06	2.10E-05	-9.54E-06
534	13	0	0	0	0	0	0	232	254	0	-1.32E-05	6.51E-06	3.16E-05	-7.92E-06
534	14	0	0	0	0	0	0	232	254	0	-2.16E-05	7.28E-06	3.07E-05	-5.81E-06
534	15	0	0	0	0	0	0	232	254	0	-2.16E-05	7.28E-06	3.07E-05	-5.81E-06
534	16	0	0	0	0	0	0	232	254	0	-1.92E-05	6.55E-06	2.06E-05	-5.68E-06
534	17	0	0	0	0	0	0	232	254	0	-1.92E-05	6.55E-06	2.06E-05	-5.68E-06
534	18	0	0	0	0	0	0	232	254	0	-1.94E-05	6.37E-06	-1.20E-05	-8.35E-06
534	19	0	0	0	0	0	0	232	254	0	-1.94E-05	6.37E-06	-1.20E-05	-8.35E-06
535	0	0	0	0	0	0	0	232	254	0	-2.56E-05	5.57E-06	-3.19E-05	-1.32E-05
535	1	0	0	0	0	0	0	232	254	0	-2.56E-05	5.57E-06	-3.19E-05	-1.32E-05
535	2	0	0	0	0	0	0	232	254	0	-3.49E-05	8.03E-06	-2.21E-05	-1.73E-05
535	3	0	0	0	0	0	0	232	254	0	-3.99E-05	7.80E-06	-8.69E-06	-1.86E-05
535	4	0	0	0	0	0	0	232	254	0	-3.99E-05	7.80E-06	-8.69E-06	-1.86E-05
535	5	0	0	0	0	0	0	232	254	0	-2.68E-05	6.41E-06	-1.09E-05	-1.94E-05
535	6	0	0	0	0	0	0	232	254	0	-2.68E-05	6.41E-06	-1.09E-05	-1.94E-05
535	7	0	0	0	0	0	0	232	254	0	-8.53E-06	1.16E-06	-1.95E-05	-1.75E-05
535	8	0	0	0	0	0	0	232	254	0	-8.53E-06	1.16E-06	-1.95E-05	-1.75E-05
535	9	0	0	0	0	0	0	232	254	0	-5.04E-06	1.92E-06	-1.83E-05	-1.23E-05
535	10	0	0	0	0	0	0	232	254	0	-5.04E-06	1.92E-06	-1.83E-05	-1.23E-05
535	11	0	0	0	0	0	0	232	254	0	-1.37E-05	-4.86E-07	-9.37E-06	-8.59E-06
535	12	0	0	0	0	0	0	232	254	0	-1.94E-05	-4.52E-06	-8.34E-06	-1.42E-05
535	13	0	0	0	0	0	0	232	254	0	-1.94E-05	-4.52E-06	-8.34E-06	-1.42E-05
535	14	0	0	0	0	0	0	232	254	0	-2.46E-05	-1.35E-06	-1.02E-05	-1.98E-05
535	15	0	0	0	0	0	0	232	254	0	-2.46E-05	-1.35E-06	-1.02E-05	-1.98E-05
535	16	0	0	0	0	0	0	232	254	0	-2.48E-05	4.65E-06	-9.63E-06	-1.65E-05
535	17	0	0	0	0	0	0	232	254	0	-2.48E-05	4.65E-06	-9.63E-06	-1.65E-05
535	18	0	0	0	0	0	0	232	254	0	-1.08E-05	8.88E-06	-8.98E-06	-1.66E-05
535	19	0	0	0	0	0	0	232	254	0	-1.08E-05	8.88E-06	-8.98E-06	-1.66E-05
536	0	0	0	0	0	0	0	232	254	0	-1.03E-07	1.67E-05	-9.57E-06	-2.08E-05
536	1	0	0	0	0	0	0	232	254	0	6.84E-07	1.56E-05	-9.57E-06	-1.66E-05
536	2	0	0	0	0	0	0	232	254	0	6.84E-07	1.56E-05	-9.57E-06	-1.66E-05
536	3	0	0	0	0	0	0	232	254	0	3.48E-06	4.23E-06	-9.65E-06	-1.07E-05
536	4	0	0	0	0	0	0	232	254	0	3.48E-06	4.23E-06	-9.65E-06	-1.07E-05
536	5	0	0	0	0	0	0	232	254	0	6.15E-06	2.31E-06	-1.02E-05	-2.81E-06
536	6	0	0	0	0	0	0	232	254	0	6.15E-06	2.31E-06	-1.02E-05	-2.81E-06
536	7	0	0	0	0	0	0	232	254	0	1.82E-06	3.01E-06	-9.61E-06	-2.84E-06
536	8	0	0	0	0	0	0	232	254	0	1.82E-06	3.01E-06	-9.61E-06	-2.84E-06
536	9	0	0	0	0	0	0	232	254	0	-1.01E-05	1.96E-06	-1.03E-05	-6.45E-06
536	10	0	0	0	0	0	0	232	254	0	-1.36E-05	2.51E-06	-1.27E-05	-1.73E-05
536	11	0	0	0	0	0	0	232	254	0	-1.36E-05	2.51E-06	-1.27E-05	-1.73E-05
536	12	0	0	0	0	0	0	232	254	0	-1.44E-05	1.67E-06	-1.11E-05	-2.51E-05
536	13	0	0	0	0	0	0	232	254	0	-1.44E-05	1.67E-06	-1.11E-05	-2.51E-05
536	14	0	0	0	0	0	0	232	254	0	-2.11E-05	4.91E-06	-8.77E-06	-1.86E-05
536	15	0	0	0	0	0	0	232	254	0	-2.11E-05	4.91E-06	-8.77E-06	-1.86E-05
536	16	0	0	0	0	0	0	232	254	0	-4.66E-05	1.22E-05	-8.56E-06	-1.63E-05
536	17	0	0	0	0	0	0	232	254	0	-4.66E-05	1.22E-05	-8.56E-06	-1.63E-05
536	18	0	0	0	0	0	0	232	254	0	-6.26E-05	1.24E-05	-1.32E-05	-1.93E-05
536	19	0	0	0	0	0	0	232	254	0	-5.79E-05	2.50E-06	-1.32E-05	-1.58E-05
537	0	0	0	0	0	0	0	232	254	0	-5.79E-05	2.50E-06	-1.32E-05	-1.58E-05
537	1	0	0	0	0	0	0	232	254	0	-4.18E-05	-4.26E-06	-8.45E-06	-1.23E-05
537	2	0	0	0	0	0	0	232	254	0	-4.18E-05	-4.26E-06	-8.45E-06	-1.23E-05
537	3	0	0	0	0	0	0	232	254	0	-2.44E-05	-2.30E-06	-7.35E-06	-1.28E-05
537	4	0	0	0	0	0	0	232	254	0	-2.44E-05	-2.30E-06	-7.35E-06	-1.28E-05
537	5	0	0	0	0	0	0	232	254	0	-2.90E-05	6.59E-06	-4.82E-06	-1.20E-05
537	6	0	0	0	0	0	0	232	254	0	-2.90E-05	6.59E-06	-4.82E-06	-1.20E-05
537	7	0	0	0	0	0	0	232	254	0	-4.10E-05	1.10E-05	-5.27E-06	-1.04E-05
537	8	0	0	0	0	0	0	232	254	0	-3.57E-05	8.21E-06	-1.07E-05	-9.23E-06
537	9	0	0	0	0	0	0	232	254	0	-3.57E-05	8.21E-06	-1.07E-05	-9.23E-06
537	10	0	0	0	0	0	0	232	254	0	-1.92E-05	5.79E-06	-1.31E-05	-9.23E-06
537	11	0	0	0	0	0	0	232	254	0	-1.92E-05	5.79E-06	-1.31E-05	-9.23E-06
537	12	0	0	0	0	0	0	232	254	0	-2.82E-06	5.12E-06	-6.76E-06	-9.19E-06
537	13	0	0	0	0	0	0	232	254	0	-2.82E-06	5.12E-06	-6.76E-06	-9.19E-06
537	14	0	0	0	0	0	0	232	254	0	-6.40E-06	4.36E-06	7.74E-07	-8.87E-06
537	15	0	0	0	0	0	0	232	254	0	-6.40E-06	4.36E-06	7.74E-07	-8.87E-06
537	16	0	0	0	0	0	0	232	254	0	-1.73E-05	3.43E-06	-1.35E-08	-8.84E-06
537	17	0	0	0	0	0	0	232	254	0	-2.21E-05	5.58E-06	-2.68E-06	-1.00E-05
537	18	0	0	0	0	0	0	232	254	0	-2.21E-05	5.58E-06	-2.68E-06	-1.00E-05
537	19	0	0	0	0	0	0	232	254	0	-2.54E-05	9.04E-06	-5.30E-06	-1.28E-05
538	0	0	0	0	0	0	0	232	254	0	-2.54E-05	9.04E-06	-5.30E-06	-1.28E-05
538	1	0	0	0	0	0	0	232	254	0	-2.54E-05	7.46E-06	-7.77E-06	-1.14E-05
538	2	0	0	0	0	0	0	232	254	0	-2.54E-05	7.46E-06	-7.77E-06	-1.14E-05
538	3	0	0	0	0	0	0	232	254	0	-2.43E-05	5.51E-06	-5.59E-06	-8.01E-06
538	4	0	0	0	0	0	0	232	254	0	-2.43E-05	5.51E-06	-5.59E-06	-8.01E-06
538	5	0	0	0	0	0	0	232	254	0	-2.39E-05	4.02E-06	-1.34E-05	-8.05E-06
538	6	0	0	0	0	0	0	232	254	0	-2.43E-05	2.85E-06	-2.49E-05	-1.04E-05
538	7	0	0	0	0	0	0	232	254	0	-2.43E-05	2.85E-06	-2.49E-05	-1.04E-05
538	8	0	0	0	0	0	0	232	254	0	-2.38E-05	3.03E-06	-1.88E-05	-1.11E-05
538	9	0	0	0	0	0	0	232	254	0	-2.38E-05	3.03E-06	-1.88E-05	-1.11E-05
538	10	0	0	0	0	0	0	232	254	0	-2.04E-05	3.80E-06	-5.45E-06	-1.00E-05
538	11	0	0	0	0	0	0	232	254	0	-2.04E-05	3.80E-06	-5.45E-06	-1.00E-05
538	12	0	0	0	0	0	0	232	254	0	-2.15E-05	1.15E-06	-8.92E-06	-1.09E-05
538	13	0	0	0	0	0	0	232	254	0	-2.15E-05	1.15E-06	-8.92E-06	-1.09E-05
538	14	0	0	0	0	0	0	232	254	0	-2.51E-05	8.98E-07	-1.32E-05	-1.08E-05
538	15	0	0	0	0	0	0	232	254	0	-2.51E-05	-4.87E-07	-1.02E-05	-1.03E-05
538	16	0	0	0	0	0	0	232	254	0	-2.51E-05	-4.87E-07	-1.02E-05	-1.03E-05
538	17	0	0	0	0	0	0	232	254	0	-2.41E-05	-4.74E-06	-8.19E-06	-1.06E-05
538	18	0	0	0	0	0	0	232	254	0	-2.41E-05	-4.74E-06	-8.19E-06	-1.06E-05
538	19	0	0	0	0	0	0	232	254	0	-2.85E-05	-3.53E-06	-1.31E-05	-1.20E-05
539	0	0	0	0	0	0	0	232	254	0	-2.85E-05	-3.53E-06	-1.31E-05	-1.20E-05
539	1	0	0	0	0	0	0	232	254	0	-3.70E-05	-9.72E-07	-1.68E-05	-1.38E-05
539	2	0	0	0	0	0	0	232	254	0	-3.70E-05	-9.72E-07	-1.68E-05	-1.38E-05
539	3	0	0	0	0	0	0	232	254	0	-4.23E-05	1.73E-06	-1.33E-05	-1.39E-05
539	4	0	0	0	0	0	0	232	254	0	-3.56E-05	3.28E-06	-1.01E-05	-1.17E-05
539	5	0	0	0	0	0	0	232	254	0	-3.56E-05	3.28E-06	-1.01E-05	-1.17E-05
539	6	0	0	0	0	0	0	232	254	0	-2.62E-05	3.60E-06	-8.37E-06	-1.18E-05
539	7	0	0	0	0	0	0	232	254	0	-2.62E-05	3.60E-06	-8.37E-06	-1.18E-05
539	8	0	0	0	0	0	0	232	254	0	-2.49E-05	1.80E-06	-4.43E-06	-1.32E-05
539	9	0	0	0	0	0	0	232	254	0	-2.49E-05	1.80E-06	-4.43E-06	-1.32E-05
539	10	0	0	0	0	0	0	232	254	0	-2.13E-05	1.86E-06	-1.34E-06	-1.26E-05
539	11	0	0	0	0	0	0	232	254	0	-2.13E-05	1.86E-06	-1.34E-06	-1.26E-05
539	12	0	0	0	0	0	0	232	254	0	-1.78E-05	4.02E-06	-4.73E-07	-1.03E-05
539	13	0	0	0	0	0	0	232	254	0	-6.95E-06	2.85E-06	-3.37E-06	-1.12E-05
539	14	0	0	0	0	0	0	232	254	0	-6.95E-06	2.85E-06	-3.37E-06	-1.12E-05
539	15	0	0	0	0	0	0	232	254	0	-1.30E-06	2.94E-06	-9.65E-06	-1.27E-05
539	16	0	0	0	0	0	0	232	254	0	-1.30E-06	2.94E-06	-9.65E-06	-1.27E-05
539	17	0	0	0	0	0	0	232	254	0	-6.19E-06	3.92E-06	-1.40E-05	-1.10E-05
539	18	0	0	0	0	0	0	232	254	0	-6.19E-06	3.92E-06	-1.40E-05	-1.10E-05
539	19	0	0	0	0	0	0	232	254	0	-1.10E-05	6.81E-06	-1.68E-05	-1.27E-05
540	0	0	0	0	0	0	0	232	254	0	-1.10E-05	6.81E-06	-1.68E-05	-1.27E-05
540	1	0	0	0	0	0	0	232	254	0	-1.60E-05	8.52E-06	-2.01E-05	-1.78E-05
540	2	0	0	0	0	0	0	232	254	0	-3.15E-05	7.88E-06	-2.83E-05	-1.87E-05
540	3	0	0	0	0	0	0	232	254	0	-3.15E-05	7.88E-06	-2.83E-05	-1.87E-05
540	4	0	0	0	0	0	0	232	254	0	-4.13E-05	5.39E-06	-3.08E-05	-1.84E-05
540	5	0	0	0	0	0	0	232	254	0	-4.13E-05	5.39E-06	-3.08E-05	-1.84E-05
540	6	0	0	0	0	0	0	232	254	0	-4.18E-05	4.25E-06	-2.07E-05	-1.46E-05
540	7	0	0	0	0	0	0	232	254	0	-4.18E-05	4.25E-06	-2.07E-05	-1.46E-05
540	8	0	0	0	0	0	0	232	254	0	-3.72E-05	3.22E-06	-8.78E-06	-1.21E-05
540	9	0	0	0	0	0	0	232	254	0	-3.72E-05	3.22E-06	-8.78E-06	-1.21E-05
540	10	0	0	0	0	0	0	232	254	0	-1.97E-05	1.02E-06	-2.65E-06	-1.05E-05
540	11	0	0	0	0	0	0	232	254	0	-3.75E-06	1.20E-06	4.63E-06	-7.82E-06
540	12	0	0	0	0	0	0	232	254	0	-3.75E-06	1.20E-06	4.63E-06	-7.82E-06
540	13	0	0	0	0	0	0	232	254	0	-2.39E-05	9.62E-06	1.42E-05	-9.85E-06
540	14	0	0	0	0	0	0	232	254	0	-2.39E-05	9.62E-06	1.42E-05	-9.85E-06
540	15	0	0	0	0	0	0	232	254	0	-4.16E-05	1.18E-05	1.26E-05	-1.19E-05
540	16	0	0	0	0	0	0	232	254	0	-4.16E-05	1.18E-05	1.26E-05	-1.19E-05
540	17	0	0	0	0	0	0	232	254	0	-2.82E-05	9.26E-06	5.90E-06	-1.30E-05
540	18	0	0	0	0	0	0	232	254	0	-2.82E-05	9.26E-06	5.90E-06	-1.30E-05
540	19	0	0	0	0	0	0	232	254	0	-6.64E-06	1.02E-05	6.06E-06	-1.37E-05
541	0	0	0	0	0	0	0	232	254	0	1.03E-05	7.23E-06	-2.31E-06	-1.51E-05
541	1	0	0	0	0	0	0	232	254	0	1.03E-05	7.23E-06	-2.31E-06	-1.51E-05
541	2	0	0	0	0	0	0	232	254	0	1.29E-05	2.85E-06	-6.59E-06	-1.85E-05
541	3	0	0	0	0	0	0	232	254	0	1.29E-05	2.85E-06	-6.59E-06	-1.85E-05
541	4	0	0	0	0	0	0	232	254	0	-2.56E-06	3.42E-06	-6.71E-06	-2.08E-05
541	5	0	0	0	0	0	0	232	254	0	-2.56E-06	3.42E-06	-6.71E-06	-2.08E-05
541	6	0	0	0	0	0	0	232	254	0	-1.46E-05	7.13E-06	-5.67E-06	-1.69E-05
541	7	0	0	0	0	0	0	232	254	0	-1.46E-05	7.13E-06	-5.67E-06	-1.69E-05
541	8	0	0	0	0	0	0	232	254	0	-1.79E-05	6.28E-06	-6.70E-06	-1.51E-05
541	9	0	0	0	0	0	0	232	254	0	-1.75E-05	4.53E-06	-7.72E-06	-1.95E-05
541	10	0	0	0	0	0	0	232	254	0	-1.75E-05	4.53E-06	-7.72E-06	-1.95E-05
541	11	0	0	0	0	0	0	232	254	0	-1.97E-05	4.40E-06	-7.83E-06	-1.96E-05
541	12	0	0	0	0	0	0	232	254	0	-1.97E-05	4.40E-06	-7.83E-06	-1.96E-05
541	13	0	0	0	0	0	0	232	254	0	-2.39E-05	3.13E-06	-8.91E-06	-1.27E-05
541	14	0	0	0	0	0	0	232	254	0	-2.39E-05	3.13E-06	-8.91E-06	-1.27E-05
541	15	0	0	0	0	0	0	232	254	0	-2.76E-05	5.91E-07	-1.16E-05	-1.11E-05
541	16	0	0	0	0	0	0	232	254	0	-2.76E-05	5.91E-07	-1.16E-05	-1.11E-05
541	17	0	0	0	0	0	0	232	254	0	-2.49E-05	1.31E-06	-1.43E-05	-1.25E-05
541	18	0	0	0	0	0	0	232	254	0	-1.80E-05	2.60E-06	-1.70E-05	-1.18E-05
541	19	0	0	0	0	0	0	232	254	0	-1.80E-05	2.60E-06	-1.70E-05	-1.18E-05
542	0	0	0	0	0	0	0	232	254	0	-1.64E-05	5.50E-06	-1.78E-05	-1.34E-05
542	1	0	0	0	0	0	0	232	254	0	-1.64E-05	5.50E-06	-1.78E-05	-1.34E-05
542	2	0	0	0	0	0	0	232	254	0	-1.81E-05	6.14E-06	-1.92E-05	-1.39E-05
542	3	0	0	0	0	0	0	232	254	0	-1.81E-05	6.14E-06	-1.92E-05	-1.39E-05
542	4	0	0	0	0	0	0	232	254	0	-1.81E-05	4.93E-06	-1.79E-05	-1.26E-05
542	5	0	0	0	0	0	0	232	254	0	-1.81E-05	4.93E-06	-1.79E-05	-1.26E-05
542	6	0	0	0	0	0	0	232	254	0	-2.00E-05	7.42E-06	-1.10E-05	-1.17E-05
542	7	0	0	0	0	0	0	232	254	0	-2.62E-05	6.63E-06	-5.55E-06	-1.09E-05
542	8	0	0	0	0	0	0	232	254	0	-2.62E-05	6.63E-06	-5.55E-06	-1.09E-05
542	9	0	0	0	0	0	0	232	254	0	-2.96E-05	7.00E-06	-8.41E-06	-1.31E-05
542	10	0	0	0	0	0	0	232	254	0	-2.96E-05	7.00E-06	-8.41E-06	-1.31E-05
542	11	0	0	0	0	0	0	232	254	0	-3.11E-05	5.50E-06	-1.21E-05	-1.40E-05
542	12	0	0	0	0	0	0	232	254	0	-3.11E-05	5.50E-06	-1.21E-05	-1.40E-05
542	13	0	0	0	0	0	0	232	254	0	-3.04E-05	5.36E-06	-1.33E-05	-1.19E-05
542	14	0	0	0	0	0	0	232	254	0	-3.04E-05	5.36E-06	-1.33E-05	-1.19E-05
542	15	0	0	0	0	0	0	232	254	0	-2.89E-05	6.20E-06	-1.08E-05	-9.70E-06
542	16	0	0	0	0	0	0	232	254	0	-2.51E-05	4.97E-06	-5.06E-06	-1.08E-05
542	17	0	0	0	0	0	0	232	254	0	-2.51E-05	4.97E-06	-5.06E-06	-1.08E-05
542	18	0	0	0	0	0	0	232	254	0	-1.90E-05	4.62E-06	-2.44E-06	-1.16E-05
542	19	0	0	0	0	0	0	232	254	0	-1.90E-05	4.62E-06	-2.44E-06	-1.16E-05
543	0	0	0	0	0	0	0	232	254	0	-2.02E-05	4.85E-06	-7.89E-06	-6.82E-06
543	1	0	0	0	0	0	0	232	254	0	-2.02E-05	4.85E-06	-7.89E-06	-6.82E-06
543	2	0	0	0	0	0	0	232	254	0	-2.89E-05	2.65E-06	-1.81E-05	-6.79E-06
543	3	0	0	0	0	0	0	232	254	0	-2.89E-05	2.65E-06	-1.81E-05	-6.79E-06
543	4	0	0	0	0	0	0	232	254	0	-3.07E-05	3.74E-06	-1.87E-05	-9.52E-06
543	5	0	0	0	0	0	0	232	254	0	-2.65E-05	5.23E-06	-1.46E-05	-9.17E-06
543	6	0	0	0	0	0	0	232	254	0	-2.65E-05	5.23E-06	-1.46E-05	-9.17E-06
543	7	0	0	0	0	0	0	232	254	0	-2.31E-05	5.17E-06	-1.39E-05	-9.01E-06
543	8	0	0	0	0	0	0	232	254	0	-2.31E-05	5.17E-06	-1.39E-05	-9.01E-06
543	9	0	0	0	0	0	0	232	254	0	-2.10E-05	4.10E-06	-1.42E-05	-1.11E-05
543	10	0	0	0	0	0	0	232	254	0	-2.10E-05	4.10E-06	-1.42E-05	-1.11E-05
543	11	0	0	0	0	0	0	232	254	0	-1.73E-05	6.28E-06	-1.26E-05	-1.30E-05
543	12	0	0	0	0	0	0	232	254	0	-1.73E-05	6.28E-06	-1.26E-05	-1.30E-05
543	13	0	0	0	0	0	0	232	254	0	-1.22E-05	9.13E-06	-1.05E-05	-1.52E-05
543	14	0	0	0	0	0	0	232	254	0	-4.59E-06	2.39E-06	-1.04E-05	-1.21E-05
543	15	0	0	0	0	0	0	232	254	0	-4.59E-06	2.39E-06	-1.04E-05	-1.21E-05
543	16	0	0	0	0	0	0	232	254	0	5.69E-06	-2.12E-07	-1.17E-05	-9.20E-06
543	17	0	0	0	0	0	0	232	254	0	5.69E-06	-2.12E-07	-1.17E-05	-9.20E-06
543	18	0	0	0	0	0	0	232	254	0	4.56E-07	3.16E-06	-1.08E-05	-1.16E-05
543	19	0	0	0	0	0	0	232	254	0	4.56E-07	3.16E-06	-1.08E-05	-1.16E-05
544	0	0	0	0	0	0	0	232	254	0	-1.18E-05	5.16E-06	-7.67E-06	-1.45E-05
544	1	0	0	0	0	0	0	232	254	0	-1.18E-05	5.16E-06	-7.67E-06	-1.45E-05
544	2	0	0	0	0	0	0	232	254	0	-1.80E-05	5.00E-06	-6.17E-06	-2.08E-05
544	3	0	0	0	0	0	0	232	254	0	-2.71E-05	6.64E-06	-5.61E-06	-2.10E-05
544	4	0	0	0	0	0	0	232	254	0	-2.71E-05	6.64E-06	-5.61E-06	-2.10E-05
544	5	0	0	0	0	0	0	232	254	0	-4.21E-05	1.21E-05	-3.90E-06	-1.53E-05
544	6	0	0	0	0	0	0	232	254	0	-4.21E-05	1.21E-05	-3.90E-06	-1.53E-05
544	7	0	0	0	0	0	0	232	254	0	-5.02E-05	1.33E-05	-4.83E-06	-1.20E-05
544	8	0	0	0	0	0	0	232	254	0	-5.02E-05	1.33E-05	-4.83E-06	-1.20E-05
544	9	0	0	0	0	0	0	232	254	0	-4.46E-05	6.78E-06	-8.87E-06	-1.12E-05
544	10	0	0	0	0	0	0	232	254	0	-4.46E-05	6.78E-06	-8.87E-06	-1.12E-05
544	11	0	0	0	0	0	0	232	254	0	-3.49E-05	4.12E-06	-6.94E-06	-1.54E-05
544	12	0	0	0	0	0	0	232	254	0	-2.12E-05	5.57E-06	-2.77E-06	-1.64E-05
544	13	0	0	0	0	0	0	232	254	0	-2.12E-05	5.57E-06	-2.77E-06	-1.64E-05
544	14	0	0	0	0	0	0	232	254	0	-4.38E-06	3.04E-06	-2.40E-06	-1.45E-05
544	15	0	0	0	0	0	0	232	254	0	-4.38E-06	3.04E-06	-2.40E-06	-1.45E-05
544	16	0	0	0	0	0	0	232	254	0	-2.01E-06	2.48E-07	-3.90E-06	-1.39E-05
544	17	0	0	0	0	0	0	232	254	0	-2.01E-06	2.48E-07	-3.90E-06	-1.39E-05
544	18	0	0	0	0	0	0	232	254	0	-1.70E-05	3.04E-06	-4.11E-06	-1.34E-05
544	19	0	0	0	0	0	0	232	254	0	-1.70E-05	3.04E-06	-4.11E-06	-1.34E-05
545	0	0	0	0	0	0	0	232	254	0	-2.77E-05	3.28E-06	-3.87E-06	-1.16E-05
545	1	0	0	0	0	0	0	232	254	0	-2.95E-05	4.21E-06	-7.11E-06	-9.68E-06
545	2	0	0	0	0	0	0	232	254	0	-2.95E-05	4.21E-06	-7.11E-06	-9.68E-06
545	3	0	0	0	0	0	0	232	254	0	-2.55E-05	6.41E-06	-1.40E-05	-1.09E-05
545	4	0	0	0	0	0	0	232	254	0	-2.55E-05	6.41E-06	-1.40E-05	-1.09E-05
545	5	0	0	0	0	0	0	232	254	0	-2.43E-05	5.82E-06	-2.00E-05	-1.41E-05
545	6	0	0	0	0	0	0	232	254	0	-2.43E-05	5.82E-06	-2.00E-05	-1.41E-05
545	7	0	0	0	0	0	0	232	254	0	-2.35E-05	7.83E-06	-2.12E-05	-1.51E-05
545	8	0	0	0	0	0	0	232	254	0	-2.35E-05	7.83E-06	-2.12E-05	-1.51E-05
545	9	0	0	0	0	0	0	232	254	0	-1.61E-05	8.30E-06	-1.75E-05	-1.40E-05
545	10	0	0	0	0	0	0	232	254	0	-5.60E-06	6.35E-06	-1.38E-05	-1.25E-05
545	11	0	0	0	0	0	0	232	254	0	-5.60E-06	6.35E-06	-1.38E-05	-1.25E-05
545	12	0	0	0	0	0	0	232	254	0	-6.44E-06	4.79E-06	-8.96E-06	-1.27E-05
545	13	0	0	0	0	0	0	232	254	0	-6.44E-06	4.79E-06	-8.96E-06	-1.27E-05
545	14	0	0	0	0	0	0	232	254	0	-1.72E-05	3.06E-06	-5.22E-06	-1.57E-05
545	15	0	0	0	0	0	0	232	254	0	-1.72E-05	3.06E-06	-5.22E-06	-1.57E-05
545	16	0	0	0	0	0	0	232	254	0	-1.90E-05	2.27E-06	-8.17E-06	-1.49E-05
545	17	0	0	0	0	0	0	232	254	0	-1.90E-05	2.27E-06	-8.17E-06	-1.49E-05
545	18	0	0	0	0	0	0	232	254	0	-1.87E-05	2.88E-06	-1.24E-05	-7.54E-06
545	19	0	0	0	0	0	0	232	254	0	-2.10E-05	3.09E-06	-1.30E-05	-5.68E-06
546	0	0	0	0	0	0	0	232	254	0	-2.10E-05	3.09E-06	-1.30E-05	-5.68E-06
546	1	0	0	0	0	0	0	232	254	0	-2.30E-05	3.46E-06	-1.07E-05	-8.98E-06
546	2	0	0	0	0	0	0	232	254	0	-2.30E-05	3.46E-06	-1.07E-05	-8.98E-06
546	3	0	0	0	0	0	0	232	254	0	-2.29E-05	3.02E-06	-7.00E-06	-9.44E-06
546	4	0	0	0	0	0	0	232	254	0	-2.29E-05	3.02E-06	-7.00E-06	-9.44E-06
546	5	0	0	0	0	0	0	232	254	0	-2.25E-05	3.22E-06	-5.30E-06	-8.78E-06
546	6	0	0	0	0	0	0	232	254	0	-2.25E-05	3.22E-06	-5.30E-06	-8.78E-06
546	7	0	0	0	0	0	0	232	254	0	-2.38E-05	4.36E-06	-3.36E-06	-1.03E-05
546	8	0	0	0	0	0	0	232	254	0	-2.57E-05	2.97E-06	-2.27E-06	-1.12E-05
546	9	0	0	0	0	0	0	232	254	0	-2.57E-05	2.97E-06	-2.27E-06	-1.12E-05
546	10	0	0	0	0	0	0	232	254	0	-2.59E-05	1.58E-06	-1.06E-05	-1.29E-05
546	11	0	0	0	0	0	0	232	254	0	-2.59E-05	1.58E-06	-1.06E-05	-1.29E-05
546	12	0	0	0	0	0	0	232	254	0	-2.51E-05	2.23E-06	-1.73E-05	-1.38E-05
546	13	0	0	0	0	0	0	232	254	0	-2.51E-05	2.23E-06	-1.73E-05	-1.38E-05
546	14	0	0	0	0	0	0	232	254	0	-2.60E-05	3.89E-06	-1.53E-05	-1.41E-05
546	15	0	0	0	0	0	0	232	254	0	-2.60E-05	3.89E-06	-1.53E-05	-1.41E-05
546	16	0	0	0	0	0	0	232	254	0	-2.59E-05	4.96E-06	-1.39E-05	-1.52E-05
546	17	0	0	0	0	0	0	232	254	0	-2.52E-05	3.42E-06	-1.12E-05	-1.46E-05
546	18	0	0	0	0	0	0	232	254	0	-2.52E-05	3.42E-06	-1.12E-05	-1.46E-05
546	19	0	0	0	0	0	0	232	254	0	-2.65E-05	4.17E-06	-8.20E-06	-1.21E-05
547	0	0	0	0	0	0	0	232	254	0	-2.65E-05	4.17E-06	-8.20E-06	-1.21E-05
547	1	0	0	0	0	0	0	232	254	0	-2.50E-05	6.04E-06	-2.58E-06	-1.08E-05
547	2	0	0	0	0	0	0	232	254	0	-2.50E-05	6.04E-06	-2.58E-06	-1.08E-05
547	3	0	0	0	0	0	0	232	254	0	-2.36E-05	4.74E-06	3.63E-06	-1.01E-05
547	4	0	0	0	0	0	0	232	254	0	-2.36E-05	4.74E-06	3.63E-06	-1.01E-05
547	5	0	0	0	0	0	0	232	254	0	-2.19E-05	3.69E-06	2.47E-06	-9.30E-06
547	6	0	0	0	0	0	0	232	254	0	-2.05E-05	2.65E-06	-3.07E-06	-9.93E-06
547	7	0	0	0	0	0	0	232	254	0	-2.05E-05	2.65E-06	-3.07E-06	-9.93E-06
547	8	0	0	0	0	0	0	232	254	0	-2.10E-05	3.52E-06	-7.98E-06	-1.12E-05
547	9	0	0	0	0	0	0	232	254	0	-2.10E-05	3.52E-06	-7.98E-06	-1.12E-05
547	10	0	0	0	0	0	0	232	254	0	-2.12E-05	3.70E-06	-7.93E-06	-1.12E-05
547	11	0	0	0	0	0	0	232	254	0	-2.12E-05	3.70E-06	-7.93E-06	-1.12E-05
547	12	0	0	0	0	0	0	232	254	0	-2.05E-05	5.09E-06	-4.02E-06	-1.12E-05
547	13	0	0	0	0	0	0	232	254	0	-2.05E-05	5.09E-06	-4.02E-06	-1.12E-05
547	14	0	0	0	0	0	0	232	254	0	-2.20E-05	6.37E-06	-6.82E-06	-1.22E-05
547	15	0	0	0	0	0	0	232	254	0	-2.33E-05	5.03E-06	-1.10E-05	-1.45E-05
547	16	0	0	0	0	0	0	232	254	0	-2.33E-05	5.03E-06	-1.10E-05	-1.45E-05
547	17	0	0	0	0	0	0	232	254	0	-2.14E-05	4.04E-06	-1.11E-05	-1.46E-05
547	18	0	0	0	0	0	0	232	254	0	-2.14E-05	4.04E-06	-1.11E-05	-1.46E-05
547	19	0	0	0	0	0	0	232	254	0	-1.98E-05	5.53E-06	-1.01E-05	-1.45E-05
548	0	0	0	0	0	0	0	232	254	0	-1.98E-05	5.53E-06	-1.01E-05	-1.45E-05
548	1	0	0	0	0	0	0	232	254	0	-1.90E-05	7.83E-06	-9.49E-06	-1.46E-05
548	2	0	0	0	0	0	0	232	254	0	-1.90E-05	7.83E-06	-9.49E-06	-1.46E-05
548	3	0	0	0	0	0	0	232	254	0	-1.91E-05	8.63E-06	-1.16E-05	-1.19E-05
548	4	0	0	0	0	0	0	232	254	0	-2.05E-05	8.87E-06	-1.36E-05	-1.03E-05
548	5	0	0	0	0	0	0	232	254	0	-2.05E-05	8.87E-06	-1.36E-05	-1.03E-05
548	6	0	0	0	0	0	0	232	254	0	-2.23E-05	7.42E-06	-1.29E-05	-1.32E-05
548	7	0	0	0	0	0	0	232	254	0	-2.23E-05	7.42E-06	-1.29E-05	-1.32E-05
548	8	0	0	0	0	0	0	232	254	0	-2.43E-05	6.70E-06	-9.63E-06	-1.48E-05
548	9	0	0	0	0	0	0	232	254	0	-2.43E-05	6.70E-06	-9.63E-06	-1.48E-05
548	10	0	0	0	0	0	0	232	254	0	-2.38E-05	7.72E-06	-1.94E-06	-1.33E-05
548	11	0	0	0	0	0	0	232	254	0	-2.38E-05	7.72E-06	-1.94E-06	-1.33E-05
548	12	0	0	0	0	0	0	232	254	0	-2.26E-05	7.70E-06	-1.50E-06	-1.18E-05
548	13	0	0	0	0	0	0	232	254	0	-2.43E-05	7.42E-06	-1.03E-05	-1.37E-05
548	14	0	0	0	0	0	0	232	254	0	-2.43E-05	7.42E-06	-1.03E-05	-1.37E-05
548	15	0	0	0	0	0	0	232	254	0	-2.41E-05	6.55E-06	-1.77E-05	-1.81E-05
548	16	0	0	0	0	0	0	232	254	0	-2.41E-05	6.55E-06	-1.77E-05	-1.81E-05
548	17	0	0	0	0	0	0	232	254	0	-2.25E-05	6.59E-06	-1.84E-05	-1.91E-05
548	18	0	0	0	0	0	0	232	254	0	-2.25E-05	6.59E-06	-1.84E-05	-1.91E-05
548	19	0	0	0	0	0	0	232	254	0	-2.30E-05	6.71E-06	-1.73E-05	-1.94E-05
549	0	0	0	0	0	0	0	232	254	0	-2.30E-05	6.71E-06	-1.73E-05	-1.94E-05
549	1	0	0	0	0	0	0	232	254	0	-1.94E-05	5.47E-06	-1.42E-05	-1.70E-05
549	2	0	0	0	0	0	0	232	254	0	-1.76E-05	5.21E-06	-9.05E-06	-1.27E-05
549	3	0	0	0	0	0	0	232	254	0	-1.76E-05	5.21E-06	-9.05E-06	-1.27E-05
549	4	0	0	0	0	0	0	232	254	0	-1.77E-05	6.31E-06	-6.74E-06	-1.09E-05
549	5	0	0	0	0	0	0	232	254	0	-1.77E-05	6.31E-06	-6.74E-06	-1.09E-05
549	6	0	0	0	0	0	0	232	254	0	-1.96E-05	5.83E-06	-7.19E-06	-1.11E-05
549	7	0	0	0	0	0	0	232	254	0	-1.96E-05	5.83E-06	-7.19E-06	-1.11E-05
549	8	0	0	0	0	0	0	232	254	0	-2.02E-05	5.50E-06	-9.32E-06	-1.18E-05
549	9	0	0	0	0	0	0	232	254	0	-2.02E-05	5.50E-06	-9.32E-06	-1.18E-05
549	10	0	0	0	0	0	0	232	254	0	-1.82E-05	5.31E-06	-9.86E-06	-1.27E-05
549	11	0	0	0	0	0	0	232	254	0	-1.74E-05	5.91E-06	-9.39E-06	-1.05E-05
549	12	0	0	0	0	0	0	232	254	0	-1.74E-05	5.91E-06	-9.39E-06	-1.05E-05
549	13	0	0	0	0	0	0	232	254	0	-1.63E-05	4.79E-06	-8.20E-06	-7.80E-06
549	14	0	0	0	0	0	0	232	254	0	-1.63E-05	4.79E-06	-8.20E-06	-7.80E-06
549	15	0	0	0	0	0	0	232	254	0	-1.90E-05	3.28E-06	-8.12E-06	-7.26E-06
549	16	0	0	0	0	0	0	232	254	0	-1.90E-05	3.28E-06	-8.12E-06	-7.26E-06
549	17	0	0	0	0	0	0	232	254	0	-2.19E-05	4.04E-06	-8.56E-06	-7.82E-06
549	18	0	0	0	0	0	0	232	254	0	-2.19E-05	4.04E-06	-8.56E-06	-7.82E-06
549	19	0	0	0	0	0	0	232	254	0	-2.35E-05	5.29E-06	-8.60E-06	-9.79E-06
550	0	0	0	0	0	0	0	232	254	0	-2.43E-05	5.59E-06	-9.03E-06	-1.12E-05
550	1	0	0	0	0	0	0	232	254	0	-2.43E-05	5.59E-06	-9.03E-06	-1.12E-05
550	2	0	0	0	0	0	0	232	254	0	-2.38E-05	3.71E-06	-9.88E-06	-1.09E-05
550	3	0	0	0	0	0	0	232	254	0	-2.38E-05	3.71E-06	-9.88E-06	-1.09E-05
550	4	0	0	0	0	0	0	232	254	0	-2.38E-05	4.08E-06	-9.80E-06	-8.94E-06
550	5	0	0	0	0	0	0	232	254	0	-2.38E-05	4.08E-06	-9.80E-06	-8.94E-06
550	6	0	0	0	0	0	0	232	254	0	-2.36E-05	5.50E-06	-1.01E-05	-9.36E-06
550	7	0	0	0	0	0	0	232	254	0	-2.36E-05	5.50E-06	-1.01E-05	-9.36E-06
550	8	0	0	0	0	0	0	232	254	0	-1.89E-05	5.03E-06	-9.19E-06	-1.03E-05
550	9	0	0	0	0	0	0	232	254	0	-1.84E-05	3.75E-06	-8.90E-06	-1.08E-05
550	10	0	0	0	0	0	0	232	254	0	-1.84E-05	3.75E-06	-8.90E-06	-1.08E-05
550	11	0	0	0	0	0	0	232	254	0	-1.76E-05	3.04E-06	-8.90E-06	-1.04E-05
550	12	0	0	0	0	0	0	232	254	0	-1.76E-05	3.04E-06	-8.90E-06	-1.04E-05
550	13	0	0	0	0	0	0	232	254	0	-1.49E-05	3.10E-06	-8.98E-06	-1.04E-05
550	14	0	0	0	0	0	0	232	254	0	-1.49E-05	3.10E-06	-8.98E-06	-1.04E-05
550	15	0	0	0	0	0	0	232	254	0	-1.39E-05	2.61E-06	-9.41E-06	-1.06E-05
550	16	0	0	0	0	0	0	232	254	0	-1.39E-05	2.61E-06	-9.41E-06	-1.06E-05
550	17	0	0	0	0	0	0	232	254	0	-1.63E-05	3.32E-06	-8.30E-06	-1.04E-05
550	18	0	0	0	0	0	0	232	254	0	-1.92E-05	4.15E-06	-7.87E-06	-1.04E-05
550	19	0	0	0	0	0	0	232	254	0	-1.92E-05	4.15E-06	-7.87E-06	-1.04E-05
551	0	0	0	0	0	0	0	232	254	0	-2.12E-05	3.90E-06	-8.90E-06	-1.15E-05
551	1	0	0	0	0	0	0	232	254	0	-2.12E-05	3.90E-06	-8.90E-06	-1.15E-05
551	2	0	0	0	0	0	0	232	254	0	-2.39E-05	4.04E-06	-8.76E-06	-1.30E-05
551	3	0	0	0	0	0	0	232	254	0	-2.39E-05	4.04E-06	-8.76E-06	-1.30E-05
551	4	0	0	0	0	0	0	232	254	0	-2.63E-05	2.91E-06	-8.11E-06	-1.36E-05
551	5	0	0	0	0	0	0	232	254	0	-2.63E-05	2.91E-06	-8.11E-06	-1.36E-05
551	6	0	0	0	0	0	0	232	254	0	-2.58E-05	2.14E-06	-9.59E-06	-1.37E-05
551	7	0	0	0	0	0	0	232	254	0	-2.53E-05	1.89E-06	-9.58E-06	-1.45E-05
551	8	0	0	0	0	0	0	232	254	0	-2.53E-05	1.89E-06	-9.58E-06	-1.45E-05
551	9	0	0	0	0	0	0	232	254	0	-2.61E-05	2.23E-06	-8.52E-06	-1.39E-05
551	10	0	0	0	0	0	0	232	254	0	-2.61E-05	2.23E-06	-8.52E-06	-1.39E-05
551	11	0	0	0	0	0	0	232	254	0	-2.44E-05	2.45E-06	-8.36E-06	-1.36E-05
551	12	0	0	0	0	0	0	232	254	0	-2.44E-05	2.45E-06	-8.36E-06	-1.36E-05
551	13	0	0	0	0	0	0	232	254	0	-2.44E-05	1.88E-06	-9.41E-06	-1.38E-05
551	14	0	0	0	0	0	0	232	254	0	-2.44E-05	1.88E-06	-9.41E-06	-1.38E-05
551	15	0	0	0	0	0	0	232	254	0	-2.35E-05	8.97E-07	-1.04E-05	-1.35E-05
551	16	0	0	0	0	0	0	232	254	0	-2.23E-05	5.63E-07	-9.48E-06	-1.50E-05
551	17	0	0	0	0	0	0	232	254	0	-2.23E-05	5.63E-07	-9.48E-06	-1.50E-05
551	18	0	0	0	0	0	0	232	254	0	-2.13E-05	3.12E-06	-9.03E-06	-1.52E-05
551	19	0	0	0	0	0	0	232	254	0	-2.13E-05	3.12E-06	-9.03E-06	-1.52E-05
552	0	0	0	0	0	0	0	232	254	0	-2.09E-05	2.73E-06	-9.71E-06	-1.50E-05
552	1	0	0	0	0	0	0	232	254	0	-2.09E-05	2.73E-06	-9.71E-06	-1.50E-05
552	2	0	0	0	0	0	0	232	254	0	-2.01E-05	3.02E-06	-8.37E-06	-1.53E-05
552	3	0	0	0	0	0	0	232	254	0	-2.01E-05	3.02E-06	-8.37E-06	-1.53E-05
552	4	0	0	0	0	0	0	232	254	0	-1.89E-05	3.11E-06	-8.16E-06	-1.51E-05
552	5	0	0	0	0	0	0	232	254	0	-1.86E-05	4.02E-06	-7.63E-06	-1.49E-05
552	6	0	0	0	0	0	0	232	254	0	-1.86E-05	4.02E-06	-7.63E-06	-1.49E-05
552	7	0	0	0	0	0	0	232	254	0	-1.93E-05	5.82E-06	-6.94E-06	-1.50E-05
552	8	0	0	0	0	0	0	232	254	0	-1.93E-05	5.82E-06	-6.94E-06	-1.50E-05
552	9	0	0	0	0	0	0	232	254	0	-1.95E-05	3.10E-06	-6.43E-06	-1.57E-05
552	10	0	0	0	0	0	0	232	254	0	-1.95E-05	3.10E-06	-6.43E-06	-1.57E-05
552	11	0	0	0	0	0	0	232	254	0	-1.83E-05	2.87E-06	-8.04E-06	-1.56E-05
552	12	0	0	0	0	0	0	232	254	0	-1.83E-05	2.87E-06	-8.04E-06	-1.56E-05
552	13	0	0	0	0	0	0	232	254	0	-1.83E-05	5.25E-06	-9.31E-06	-1.30E-05
552	14	0	0	0	0	0	0	232	254	0	-2.02E-05	5.36E-06	-1.08E-05	-1.08E-05
552	15	0	0	0	0	0	0	232	254	0	-2.02E-05	5.36E-06	-1.08E-05	-1.08E-05
552	16	0	0	0	0	0	0	232	254	0	-1.96E-05	4.33E-06	-1.00E-05	-1.06E-05
552	17	0	0	0	0	0	0	232	254	0	-1.96E-05	4.33E-06	-1.00E-05	-1.06E-05
552	18	0	0	0	0	0	0	232	254	0	-1.93E-05	5.31E-06	-8.86E-06	-1.27E-05
552	19	0	0	0	0	0	0	232	254	0	-1.93E-05	5.31E-06	-8.86E-06	-1.27E-05
553	0	0	0	0	0	0	0	232	254	0	-1.92E-05	6.02E-06	-9.65E-06	-1.86E-05
553	1	0	0	0	0	0	0	232	254	0	-1.92E-05	6.02E-06	-9.65E-06	-1.86E-05
553	2	0	0	0	0	0	0	232	254	0	-2.06E-05	5.83E-06	-9.04E-06	-1.71E-05
553	3	0	0	0	0	0	0	232	254	0	-2.00E-05	5.58E-06	-9.09E-06	-1.39E-05
553	4	0	0	0	0	0	0	232	254	0	-2.00E-05	5.58E-06	-9.09E-06	-1.39E-05
553	5	0	0	0	0	0	0	232	254	0	-1.93E-05	6.03E-06	-1.04E-05	-1.49E-05
553	6	0	0	0	0	0	0	232	254	0	-1.93E-05	6.03E-06	-1.04E-05	-1.49E-05
553	7	0	0	0	0	0	0	232	254	0	-1.91E-05	7.07E-06	-1.02E-05	-1.45E-05
553	8	0	0	0	0	0	0	232	254	0	-1.91E-05	7.07E-06	-1.02E-05	-1.45E-05
553	9	0	0	0	0	0	0	232	254	0	-1.93E-05	7.02E-06	-9.98E-06	-1.25E-05
553	10	0	0	0	0	0	0	232	254	0	-1.93E-05	7.02E-06	-9.98E-06	-1.25E-05
553	11	0	0	0	0	0	0	232	254	0	-2.07E-05	5.73E-06	-8.27E-06	-1.15E-05
553	12	0	0	0	0	0	0	232	254	0	-2.08E-05	5.90E-06	-8.74E-06	-1.13E-05
553	13	0	0	0	0	0	0	232	254	0	-2.08E-05	5.90E-06	-8.74E-06	-1.13E-05
553	14	0	0	0	0	0	0	232	254	0	-2.09E-05	5.98E-06	-9.88E-06	-1.16E-05
553	15	0	0	0	0	0	0	232	254	0	-2.09E-05	5.98E-06	-9.88E-06	-1.16E-05
553	16	0	0	0	0	0	0	232	254	0	-2.37E-05	5.63E-06	-9.58E-06	-1.12E-05
553	17	0	0	0	0	0	0	232	254	0	-2.37E-05	5.63E-06	-9.58E-06	-1.12E-05
553	18	0	0	0	0	0	0	232	254	0	-2.37E-05	6.34E-06	-8.43E-06	-8.76E-06
553	19	0	0	0	0	0	0	232	254	0	-2.37E-05	6.34E-06	-8.43E-06	-8.76E-06
554	0	0	0	0	0	0	0	232	254	0	-2.27E-05	7.13E-06	-7.60E-06	-7.80E-06
554	1	0	0	0	0	0	0	232	254	0	-2.32E-05	6.52E-06	-7.89E-06	-7.26E-06
554	2	0	0	0	0	0	0	232	254	0	-2.32E-05	6.52E-06	-7.89E-06	-7.26E-06
554	3	0	0	0	0	0	0	232	254	0	-2.36E-05	6.09E-06	-8.06E-06	-7.90E-06
554	4	0	0	0	0	0	0	232	254	0	-2.36E-05	6.09E-06	-8.06E-06	-7.90E-06
554	5	0	0	0	0	0	0	232	254	0	-2.31E-05	4.22E-06	-9.36E-06	-1.05E-05
554	6	0	0	0	0	0	0	232	254	0	-2.31E-05	4.22E-06	-9.36E-06	-1.05E-05
554	7	0	0	0	0	0	0	232	254	0	-2.17E-05	4.43E-06	-1.02E-05	-1.30E-05
554	8	0	0	0	0	0	0	232	254	0	-2.17E-05	4.43E-06	-1.02E-05	-1.30E-05
554	9	0	0	0	0	0	0	232	254	0	-2.19E-05	4.78E-06	-9.66E-06	-1.52E-05
554	10	0	0	0	0	0	0	232	254	0	-2.27E-05	4.20E-06	-8.17E-06	-1.30E-05
554	11	0	0	0	0	0	0	232	254	0	-2.27E-05	4.20E-06	-8.17E-06	-1.30E-05
554	12	0	0	0	0	0	0	232	254	0	-2.29E-05	4.15E-06	-8.92E-06	-1.15E-05
554	13	0	0	0	0	0	0	232	254	0	-2.29E-05	4.15E-06	-8.92E-06	-1.15E-05
554	14	0	0	0	0	0	0	232	254	0	-2.23E-05	3.90E-06	-9.04E-06	-1.09E-05
554	15	0	0	0	0	0	0	232	254	0	-2.23E-05	3.90E-06	-9.04E-06	-1.09E-05
554	16	0	0	0	0	0	0	232	254	0	-2.19E-05	4.15E-06	-9.07E-06	-9.16E-06
554	17	0	0	0	0	0	0	232	254	0	-2.19E-05	4.15E-06	-9.07E-06	-9.16E-06
554	18	0	0	0	0	0	0	232	254	0	-2.12E-05	3.77E-06	-1.01E-05	-1.10E-05
554	19	0	0	0	0	0	0	232	254	0	-2.13E-05	3.25E-06	-9.00E-06	-1.20E-05
555	0	0	0	0	0	0	0	232	254	0	-2.13E-05	3.25E-06	-9.00E-06	-1.20E-05
555	1	0	0	0	0	0	0	232	254	0	-2.10E-05	3.63E-06	-8.38E-06	-1.28E-05
555	2	0	0	0	0	0	0	232	254	0	-2.10E-05	3.63E-06	-8.38E-06	-1.28E-05
555	3	0	0	0	0	0	0	232	254	0	-2.15E-05	3.25E-06	-7.37E-06	-1.21E-05
555	4	0	0	0	0	0	0	232	254	0	-2.15E-05	3.25E-06	-7.37E-06	-1.21E-05
555	5	0	0	0	0	0	0	232	254	0	-2.14E-05	3.63E-06	-8.63E-06	-1.14E-05
555	6	0	0	0	0	0	0	232	254	0	-2.14E-05	3.63E-06	-8.63E-06	-1.14E-05
555	7	0	0	0	0	0	0	232	254	0	-2.23E-05	3.10E-06	-1.03E-05	-1.27E-05
555	8	0	0	0	0	0	0	232	254	0	-2.20E-05	2.87E-06	-1.08E-05	-1.31E-05
555	9	0	0	0	0	0	0	232	254	0	-2.20E-05	2.87E-06	-1.08E-05	-1.31E-05
555	10	0	0	0	0	0	0	232	254	0	-2.24E-05	5.34E-06	-8.81E-06	-1.19E-05
555	11	0	0	0	0	0	0	232	254	0	-2.24E-05	5.34E-06	-8.81E-06	-1.19E-05
555	12	0	0	0	0	0	0	232	254	0	-2.29E-05	6.17E-06	-8.16E-06	-1.16E-05
555	13	0	0	0	0	0	0	232	254	0	-2.29E-05	6.17E-06	-8.16E-06	-1.16E-05
555	14	0	0	0	0	0	0	232	254	0	-2.12E-05	5.79E-06	-7.79E-06	-1.22E-05
555	15	0	0	0	0	0	0	232	254	0	-2.12E-05	5.79E-06	-7.79E-06	-1.22E-05
555	16	0	0	0	0	0	0	232	254	0	-2.20E-05	5.29E-06	-8.18E-06	-1.39E-05
555	17	0	0	0	0	0	0	232	254	0	-2.29E-05	5.83E-06	-7.98E-06	-1.36E-05
555	18	0	0	0	0	0	0	232	254	0	-2.29E-05	5.83E-06	-7.98E-06	-1.36E-05
555	19	0	0	0	0	0	0	232	254	0	-2.19E-05	5.45E-06	-8.85E-06	-1.33E-05
556	0	0	0	0	0	0	0	232	254	0	-2.19E-05	5.45E-06	-8.85E-06	-1.33E-05
556	1	0	0	0	0	0	0	232	254	0	-2.02E-05	4.82E-06	-1.09E-05	-1.32E-05
556	2	0	0	0	0	0	0	232	254	0	-2.02E-05	4.82E-06	-1.09E-05	-1.32E-05
556	3	0	0	0	0	0	0	232	254	0	-2.16E-05	4.55E-06	-1.14E-05	-1.30E-05
556	4	0	0	0	0	0	0	232	254	0	-2.16E-05	4.55E-06	-1.14E-05	-1.30E-05
556	5	0	0	0	0	0	0	232	254	0	-2.08E-05	4.74E-06	-1.01E-05	-1.24E-05
556	6	0	0	0	0	0	0	232	254	0	-1.94E-05	5.23E-06	-1.06E-05	-1.23E-05
556	7	0	0	0	0	0	0	232	254	0	-1.94E-05	5.23E-06	-1.06E-05	-1.23E-05
556	8	0	0	0	0	0	0	232	254	0	-1.86E-05	6.46E-06	-1.07E-05	-1.24E-05
556	9	0	0	0	0	0	0	232	254	0	-1.86E-05	6.46E-06	-1.07E-05	-1.24E-05
556	10	0	0	0	0	0	0	232	254	0	-1.81E-05	5.79E-06	-9.30E-06	-1.26E-05
556	11	0	0	0	0	0	0	232	254	0	-1.81E-05	5.79E-06	-9.30E-06	-1.26E-05
556	12	0	0	0	0	0	0	232	254	0	-1.70E-05	5.03E-06	-9.76E-06	-1.29E-05
556	13	0	0	0	0	0	0	232	254	0	-1.70E-05	5.03E-06	-9.76E-06	-1.29E-05
556	14	0	0	0	0	0	0	232	254	0	-1.73E-05	3.79E-06	-9.90E-06	-1.25E-05
556	15	0	0	0	0	0	0	232	254	0	-1.86E-05	3.38E-06	-9.90E-06	-1.34E-05
556	16	0	0	0	0	0	0	232	254	0	-1.86E-05	3.38E-06	-9.90E-06	-1.34E-05
556	17	0	0	0	0	0	0	232	254	0	-1.84E-05	3.79E-06	-9.84E-06	-1.40E-05
556	18	0	0	0	0	0	0	232	254	0	-1.84E-05	3.79E-06	-9.84E-06	-1.40E-05
556	19	0	0	0	0	0	0	232	254	0	-1.84E-05	5.54E-06	-9.38E-06	-1.23E-05
557	0	0	0	0	0	0	0	232	254	0	-1.84E-05	5.54E-06	-9.38E-06	-1.23E-05
557	1	0	0	0	0	0	0	232	254	0	-1.93E-05	5.41E-06	-9.23E-06	-1.29E-05
557	2	0	0	0	0	0	0	232	254	0	-1.93E-05	5.41E-06	-9.23E-06	-1.29E-05
557	3	0	0	0	0	0	0	232	254	0	-2.15E-05	4.38E-06	-9.19E-06	-1.22E-05
557	4	0	0	0	0	0	0	232	254	0	-2.25E-05	3.47E-06	-9.07E-06	-1.10E-05
557	5	0	0	0	0	0	0	232	254	0	-2.25E-05	3.47E-06	-9.07E-06	-1.10E-05
557	6	0	0	0	0	0	0	232	254	0	-2.17E-05	4.13E-06	-1.02E-05	-1.15E-05
557	7	0	0	0	0	0	0	232	254	0	-2.17E-05	4.13E-06	-1.02E-05	-1.15E-05
557	8	0	0	0	0	0	0	232	254	0	-2.17E-05	3.80E-06	-1.02E-05	-1.22E-05
557	9	0	0	0	0	0	0	232	254	0	-2.17E-05	3.80E-06	-1.02E-05	-1.22E-05
557	10	0	0	0	0	0	0	232	254	0	-2.22E-05	4.73E-06	-1.00E-05	-1.17E-05
557	11	0	0	0	0	0	0	232	254	0	-2.22E-05	4.73E-06	-1.00E-05	-1.17E-05
557	12	0	0	0	0	0	0	232	254	0	-2.20E-05	6.00E-06	-9.85E-06	-1.25E-05
557	13	0	0	0	0	0	0	232	254	0	-2.14E-05	5.86E-06	-1.06E-05	-1.31E-05
557	14	0	0	0	0	0	0	232	254	0	-2.14E-05	5.86E-06	-1.06E-05	-1.31E-05
557	15	0	0	0	0	0	0	232	254	0	-2.21E-05	6.84E-06	-1.04E-05	-1.29E-05
557	16	0	0	0	0	0	0	232	254	0	-2.21E-05	6.84E-06	-1.04E-05	-1.29E-05
557	17	0	0	0	0	0	0	232	254	0	-2.27E-05	6.41E-06	-1.02E-05	-1.27E-05
557	18	0	0	0	0	0	0	232	254	0	-2.27E-05	6.41E-06	-1.02E-05	-1.27E-05
557	19	0	0	0	0	0	0	232	254	0	-2.40E-05	5.45E-06	-9.39E-06	-1.36E-05
558	0	0	0	0	0	0	0	232	254	0	-2.40E-05	5.45E-06	-9.39E-06	-1.36E-05
558	1	0	0	0	0	0	0	232	254	0	-2.36E-05	4.91E-06	-8.25E-06	-1.47E-05
558	2	0	0	0	0	0	0	232	254	0	-2.32E-05	5.03E-06	-8.37E-06	-1.27E-05
558	3	0	0	0	0	0	0	232	254	0	-2.32E-05	5.03E-06	-8.37E-06	-1.27E-05
558	4	0	0	0	0	0	0	232	254	0	-2.19E-05	3.86E-06	-8.18E-06	-9.41E-06
558	5	0	0	0	0	0	0	232	254	0	-2.19E-05	3.86E-06	-8.18E-06	-9.41E-06
558	6	0	0	0	0	0	0	232	254	0	-2.16E-05	3.97E-06	-7.80E-06	-1.06E-05
558	7	0	0	0	0	0	0	232	254	0	-2.16E-05	3.97E-06	-7.80E-06	-1.06E-05
558	8	0	0	0	0	0	0	232	254	0	-2.09E-05	4.83E-06	-7.35E-06	-1.05E-05
558	9	0	0	0	0	0	0	232	254	0	-2.09E-05	4.83E-06	-7.35E-06	-1.05E-05
558	10	0	0	0	0	0	0	232	254	0	-2.05E-05	5.42E-06	-8.25E-06	-1.05E-05
558	11	0	0	0	0	0	0	232	254	0	-1.96E-05	3.66E-06	-8.37E-06	-1.27E-05
558	12	0	0	0	0	0	0	232	254	0	-1.96E-05	3.66E-06	-8.37E-06	-1.27E-05
558	13	0	0	0	0	0	0	232	254	0	-1.97E-05	4.71E-06	-8.49E-06	-1.39E-05
558	14	0	0	0	0	0	0	232	254	0	-1.97E-05	4.71E-06	-8.49E-06	-1.39E-05
558	15	0	0	0	0	0	0	232	254	0	-2.01E-05	5.76E-06	-1.03E-05	-1.14E-05
558	16	0	0	0	0	0	0	232	254	0	-2.01E-05	5.76E-06	-1.03E-05	-1.14E-05
558	17	0	0	0	0	0	0	232	254	0	-2.09E-05	5.01E-06	-1.08E-05	-1.06E-05
558	18	0	0	0	0	0	0	232	254	0	-2.09E-05	5.01E-06	-1.08E-05	-1.06E-05
558	19	0	0	0	0	0	0	232	254	0	-2.05E-05	4.80E-06	-9.98E-06	-1.19E-05
559	0	0	0	0	0	0	0	232	254	0	-2.17E-05	4.56E-06	-8.14E-06	-1.40E-05
559	1	0	0	0	0	0	0	232	254	0	-2.17E-05	4.56E-06	-8.14E-06	-1.40E-05
559	2	0	0	0	0	0	0	232	254	0	-2.18E-05	5.81E-06	-7.73E-06	-1.58E-05
559	3	0	0	0	0	0	0	232	254	0	-2.18E-05	5.81E-06	-7.73E-06	-1.58E-05
559	4	0	0	0	0	0	0	232	254	0	-2.06E-05	5.24E-06	-8.92E-06	-1.54E-05
559	5	0	0	0	0	0	0	232	254	0	-2.06E-05	5.24E-06	-8.92E-06	-1.54E-05
559	6	0	0	0	0	0	0	232	254	0	-2.06E-05	4.65E-06	-8.91E-06	-1.26E-05
559	7	0	0	0	0	0	0	232	254	0	-2.06E-05	4.65E-06	-8.91E-06	-1.26E-05
559	8	0	0	0	0	0	0	232	254	0	-2.01E-05	6.44E-06	-7.87E-06	-1.20E-05
559	9	0	0	0	0	0	0	232	254	0	-1.97E-05	5.64E-06	-7.88E-06	-1.24E-05
559	10	0	0	0	0	0	0	232	254	0	-1.97E-05	5.64E-06	-7.88E-06	-1.24E-05
559	11	0	0	0	0	0	0	232	254	0	-2.02E-05	5.27E-06	-9.07E-06	-1.33E-05
559	12	0	0	0	0	0	0	232	254	0	-2.02E-05	5.27E-06	-9.07E-06	-1.33E-05
559	13	0	0	0	0	0	0	232	254	0	-2.05E-05	5.66E-06	-1.03E-05	-1.31E-05
559	14	0	0	0	0	0	0	232	254	0	-2.05E-05	5.66E-06	-1.03E-05	-1.31E-05
559	15	0	0	0	0	0	0	232	254	0	-2.20E-05	5.28E-06	-1.04E-05	-1.24E-05
559	16	0	0	0	0	0	0	232	254	0	-2.20E-05	5.28E-06	-1.04E-05	-1.24E-05
559	17	0	0	0	0	0	0	232	254	0	-2.22E-05	4.72E-06	-9.59E-06	-1.36E-05
559	18	0	0	0	0	0	0	232	254	0	-2.35E-05	4.85E-06	-9.71E-06	-1.30E-05
559	19	0	0	0	0	0	0	232	254	0	-2.35E-05	4.85E-06	-9.71E-06	-1.30E-05
560	0	0	0	0	0	0	0	232	254	0	-2.44E-05	4.85E-06	-9.74E-06	-1.19E-05
560	1	0	0	0	0	0	0	232	254	0	-2.44E-05	4.85E-06	-9.74E-06	-1.19E-05
560	2	0	0	0	0	0	0	232	254	0	-2.51E-05	5.68E-06	-1.08E-05	-1.36E-05
560	3	0	0	0	0	0	0	232	254	0	-2.51E-05	5.68E-06	-1.08E-05	-1.36E-05
560	4	0	0	0	0	0	0	232	254	0	-2.53E-05	4.25E-06	-1.01E-05	-1.03E-05
560	5	0	0	0	0	0	0	232	254	0	-2.53E-05	4.25E-06	-1.01E-05	-1.03E-05
560	6	0	0	0	0	0	0	232	254	0	-2.26E-05	3.70E-06	-8.31E-06	-4.09E-06
560	7	0	0	0	0	0	0	232	254	0	-2.01E-05	5.00E-06	-9.34E-06	-5.19E-06
560	8	0	0	0	0	0	0	232	254	0	-2.01E-05	5.00E-06	-9.34E-06	-5.19E-06
560	9	0	0	0	0	0	0	232	254	0	-2.02E-05	5.85E-06	-1.27E-05	-9.96E-06
560	10	0	0	0	0	0	0	232	254	0	-2.02E-05	5.85E-06	-1.27E-05	-9.96E-06
560	11	0	0	0	0	0	0	232	254	0	-2.20E-05	5.77E-06	-1.51E-05	-1.33E-05
560	12	0	0	0	0	0	0	232	254	0	-2.20E-05	5.77E-06	-1.51E-05	-1.33E-05
560	13	0	0	0	0	0	0	232	254	0	-2.23E-05	6.25E-06	-1.27E-05	-1.92E-05
560	14	0	0	0	0	0	0	232	254	0	-2.23E-05	6.25E-06	-1.27E-05	-1.92E-05
560	15	0	0	0	0	0	0	232	254	0	-2.17E-05	6.37E-06	-1.04E-05	-2.51E-05
560	16	0	0	0	0	0	0	232	254	0	-2.06E-05	5.29E-06	-7.06E-06	-2.12E-05
560	17	0	0	0	0	0	0	232	254	0	-2.06E-05	5.29E-06	-7.06E-06	-2.12E-05
560	18	0	0	0	0	0	0	232	254	0	-1.90E-05	5.70E-06	-6.15E-06	-1.37E-05
560	19	0	0	0	0	0	0	232	254	0	-1.90E-05	5.70E-06	-6.15E-06	-1.37E-05
561	0	0	0	0	0	0	0	232	254	0	-1.81E-05	4.60E-06	-6.79E-06	-7.88E-06
561	1	0	0	0	0	0	0	232	254	0	-1.81E-05	4.60E-06	-6.79E-06	-7.88E-06
561	2	0	0	0	0	0	0	232	254	0	-1.89E-05	5.10E-06	-6.23E-06	-1.12E-05
561	3	0	0	0	0	0	0	232	254	0	-1.89E-05	5.10E-06	-6.23E-06	-1.12E-05
561	4	0	0	0	0	0	0	232	254	0	-1.79E-05	5.36E-06	-6.40E-06	-1.87E-05
561	5	0	0	0	0	0	0	232	254	0	-1.57E-05	4.02E-06	-6.55E-06	-1.75E-05
561	6	0	0	0	0	0	0	232	254	0	-1.57E-05	4.02E-06	-6.55E-06	-1.75E-05
561	7	0	0	0	0	0	0	232	254	0	-1.68E-05	2.81E-06	-6.63E-06	-1.44E-05
561	8	0	0	0	0	0	0	232	254	0	-1.68E-05	2.81E-06	-6.63E-06	-1.44E-05
561	9	0	0	0	0	0	0	232	254	0	-2.07E-05	2.74E-06	-7.44E-06	-1.29E-05
561	10	0	0	0	0	0	0	232	254	0	-2.07E-05	2.74E-06	-7.44E-06	-1.29E-05
561	11	0	0	0	0	0	0	232	254	0	-2.31E-05	4.28E-06	-9.09E-06	-1.22E-05
561	12	0	0	0	0	0	0	232	254	0	-2.31E-05	4.28E-06	-9.09E-06	-1.22E-05
561	13	0	0	0	0	0	0	232	254	0	-2.73E-05	4.69E-06	-1.02E-05	-7.33E-06
561	14	0	0	0	0	0	0	232	254	0	-2.75E-05	3.57E-06	-8.62E-06	-7.81E-06
561	15	0	0	0	0	0	0	232	254	0	-2.75E-05	3.57E-06	-8.62E-06	-7.81E-06
561	16	0	0	0	0	0	0	232	254	0	-2.52E-05	4.12E-06	-7.80E-06	-2.13E-05
561	17	0	0	0	0	0	0	232	254	0	-2.52E-05	4.12E-06	-7.80E-06	-2.13E-05
561	18	0	0	0	0	0	0	232	254	0	-2.44E-05	6.05E-06	-6.87E-06	-2.43E-05
561	19	0	0	0	0	0	0	232	254	0	-2.44E-05	6.05E-06	-6.87E-06	-2.43E-05
562	0	0	0	0	0	0	0	232	254	0	-2.40E-05	6.82E-06	-4.29E-06	-1.30E-05
562	1	0	0	0	0	0	0	232	254	0	-2.40E-05	6.82E-06	-4.29E-06	-1.30E-05
562	2	0	0	0	0	0	0	232	254	0	-2.32E-05	4.06E-06	-3.06E-06	-1.16E-05
562	3	0	0	0	0	0	0	232	254	0	-2.00E-05	3.15E-06	-5.89E-06	-1.10E-05
562	4	0	0	0	0	0	0	232	254	0	-2.00E-05	3.15E-06	-5.89E-06	-1.10E-05
562	5	0	0	0	0	0	0	232	254	0	-2.08E-05	2.90E-06	-8.66E-06	-8.68E-06
562	6	0	0	0	0	0	0	232	254	0	-2.08E-05	2.90E-06	-8.66E-06	-8.68E-06
562	7	0	0	0	0	0	0	232	254	0	-2.43E-05	3.54E-06	-1.18E-05	-1.05E-05
562	8	0	0	0	0	0	0	232	254	0	-2.43E-05	3.54E-06	-1.18E-05	-1.05E-05
562	9	0	0	0	0	0	0	232	254	0	-2.36E-05	5.96E-06	-1.38E-05	-9.73E-06
562	10	0	0	0	0	0	0	232	254	0	-2.36E-05	5.96E-06	-1.38E-05	-9.73E-06
562	11	0	0	0	0	0	0	232	254	0	-2.05E-05	6.28E-06	-1.66E-05	-8.27E-06
562	12	0	0	0	0	0	0	232	254	0	-1.81E-05	4.58E-06	-1.81E-05	-6.18E-06
562	13	0	0	0	0	0	0	232	254	0	-1.81E-05	4.58E-06	-1.81E-05	-6.18E-06
562	14	0	0	0	0	0	0	232	254	0	-1.84E-05	4.91E-06	-1.47E-05	-6.28E-06
562	15	0	0	0	0	0	0	232	254	0	-1.84E-05	4.91E-06	-1.47E-05	-6.28E-06
562	16	0	0	0	0	0	0	232	254	0	-1.95E-05	4.92E-06	-9.10E-06	-1.71E-05
562	17	0	0	0	0	0	0	232	254	0	-1.95E-05	4.92E-06	-9.10E-06	-1.71E-05
562	18	0	0	0	0	0	0	232	254	0	-2.31E-05	3.04E-06	-4.21E-06	-2.50E-05
562	19	0	0	0	0	0	0	232	254	0	-2.31E-05	3.04E-06	-4.21E-06	-2.50E-05
563	0	0	0	0	0	0	0	232	254	0	-2.31E-05	3.39E-06	2.12E-07	-1.26E-05
563	1	0	0	0	0	0	0	232	254	0	-1.63E-05	4.50E-06	-5.97E-07	-6.39E-06
563	2	0	0	0	0	0	0	232	254	0	-1.63E-05	4.50E-06	-5.97E-07	-6.39E-06
563	3	0	0	0	0	0	0	232	254	0	-1.08E-05	3.15E-06	-8.81E-06	-7.86E-06
563	4	0	0	0	0	0	0	232	254	0	-1.08E-05	3.15E-06	-8.81E-06	-7.86E-06
563	5	0	0	0	0	0	0	232	254	0	-1.74E-05	2.77E-06	-1.53E-05	-9.73E-06
563	6	0	0	0	0	0	0	232	254	0	-1.74E-05	2.77E-06	-1.53E-05	-9.73E-06
563	7	0	0	0	0	0	0	232	254	0	-2.24E-05	2.05E-06	-1.75E-05	-9.00E-06
563	8	0	0	0	0	0	0	232	254	0	-2.24E-05	2.05E-06	-1.75E-05	-9.00E-06
563	9	0	0	0	0	0	0	232	254	0	-2.17E-05	1.22E-06	-1.60E-05	-1.25E-05
563	10	0	0	0	0	0	0	232	254	0	-2.02E-05	1.64E-06	-1.35E-05	-1.57E-05
563	11	0	0	0	0	0	0	232	254	0	-2.02E-05	1.64E-06	-1.35E-05	-1.57E-05
563	12	0	0	0	0	0	0	232	254	0	-2.24E-05	2.52E-06	-1.49E-05	-9.48E-06
563	13	0	0	0	0	0	0	232	254	0	-2.24E-05	2.52E-06	-1.49E-05	-9.48E-06
563	14	0	0	0	0	0	0	232	254	0	-2.49E-05	2.69E-06	-1.35E-05	-9.78E-06
563	15	0	0	0	0	0	0	232	254	0	-2.49E-05	2.69E-06	-1.35E-05	-9.78E-06
563	16	0	0	0	0	0	0	232	254	0	-2.49E-05	3.99E-06	-5.24E-06	-1.66E-05
563	17	0	0	0	0	0	0	232	254	0	-2.49E-05	3.99E-06	-5.24E-06	-1.66E-05
563	18	0	0	0	0	0	0	232	254	0	-2.37E-05	4.74E-06	-1.62E-06	-2.20E-05
563	19	0	0	0	0	0	0	232	254	0	-2.18E-05	3.99E-06	-5.75E-06	-1.17E-05
564	0	0	0	0	0	0	0	232	254	0	-2.18E-05	3.99E-06	-5.75E-06	-1.17E-05
564	1	0	0	0	0	0	0	232	254	0	-2.19E-05	5.07E-06	-6.24E-06	-1.55E-06
564	2	0	0	0	0	0	0	232	254	0	-2.19E-05	5.07E-06	-6.24E-06	-1.55E-06
564	3	0	0	0	0	0	0	232	254	0	-2.39E-05	6.22E-06	-7.69E-06	-3.08E-06
564	4	0	0	0	0	0	0	232	254	0	-2.39E-05	6.22E-06	-7.69E-06	-3.08E-06
564	5	0	0	0	0	0	0	232	254	0	-2.54E-05	5.27E-06	-8.52E-06	-1.27E-05
564	6	0	0	0	0	0	0	232	254	0	-2.54E-05	5.27E-06	-8.52E-06	-1.27E-05
564	7	0	0	0	0	0	0	232	254	0	-2.34E-05	5.77E-06	-8.09E-06	-2.16E-05
564	8	0	0	0	0	0	0	232	254	0	-2.18E-05	6.08E-06	-7.17E-06	-1.85E-05
564	9	0	0	0	0	0	0	232	254	0	-2.18E-05	6.08E-06	-7.17E-06	-1.85E-05
564	10	0	0	0	0	0	0	232	254	0	-2.05E-05	5.20E-06	-6.97E-06	-1.46E-05
564	11	0	0	0	0	0	0	232	254	0	-2.05E-05	5.20E-06	-6.97E-06	-1.46E-05
564	12	0	0	0	0	0	0	232	254	0	-1.94E-05	5.12E-06	-7.51E-06	-1.11E-05
564	13	0	0	0	0	0	0	232	254	0	-1.94E-05	5.12E-06	-7.51E-06	-1.11E-05
564	14	0	0	0	0	0	0	232	254	0	-1.79E-05	4.58E-06	-7.35E-06	-1.12E-05
564	15	0	0	0	0	0	0	232	254	0	-1.79E-05	4.58E-06	-7.35E-06	-1.12E-05
564	16	0	0	0	0	0	0	232	254	0	-1.99E-05	4.69E-06	-8.38E-06	-1.28E-05
564	17	0	0	0	0	0	0	232	254	0	-2.17E-05	3.61E-06	-9.38E-06	-1.22E-05
564	18	0	0	0	0	0	0	232	254	0	-2.17E-05	3.61E-06	-9.38E-06	-1.22E-05
564	19	0	0	0	0	0	0	232	254	0	-2.17E-05	4.22E-06	-9.19E-06	-1.18E-05
565	0	0	0	0	0	0	0	232	254	0	-2.17E-05	4.22E-06	-9.19E-06	-1.18E-05
565	1	0	0	0	0	0	0	232	254	0	-2.19E-05	4.43E-06	-8.90E-06	-9.90E-06
565	2	0	0	0	0	0	0	232	254	0	-2.19E-05	4.43E-06	-8.90E-06	-9.90E-06
565	3	0	0	0	0	0	0	232	254	0	-2.28E-05	4.91E-06	-9.01E-06	-9.95E-06
565	4	0	0	0	0	0	0	232	254	0	-2.28E-05	4.91E-06	-9.01E-06	-9.95E-06
565	5	0	0	0	0	0	0	232	254	0	-2.36E-05	5.14E-06	-9.74E-06	-1.01E-05
565	6	0	0	0	0	0	0	232	254	0	-2.31E-05	4.72E-06	-9.85E-06	-9.42E-06
565	7	0	0	0	0	0	0	232	254	0	-2.31E-05	4.72E-06	-9.85E-06	-9.42E-06
565	8	0	0	0	0	0	0	232	254	0	-2.43E-05	4.96E-06	-1.06E-05	-9.46E-06
565	9	0	0	0	0	0	0	232	254	0	-2.43E-05	4.96E-06	-1.06E-05	-9.46E-06
565	10	0	0	0	0	0	0	232	254	0	-2.52E-05	5.67E-06	-1.08E-05	-8.86E-06
565	11	0	0	0	0	0	0	232	254	0	-2.52E-05	5.67E-06	-1.08E-05	-8.86E-06
565	12	0	0	0	0	0	0	232	254	0	-2.42E-05	6.50E-06	-1.05E-05	-9.58E-06
565	13	0	0	0	0	0	0	232	254	0	-2.42E-05	6.50E-06	-1.05E-05	-9.58E-06
565	14	0	0	0	0	0	0	232	254	0	-2.31E-05	6.23E-06	-1.11E-05	-8.54E-06
565	15	0	0	0	0	0	0	232	254	0	-2.27E-05	6.36E-06	-1.09E-05	-8.77E-06
565	16	0	0	0	0	0	0	232	254	0	-2.27E-05	6.36E-06	-1.09E-05	-8.77E-06
565	17	0	0	0	0	0	0	232	254	0	-2.40E-05	6.43E-06	-1.08E-05	-1.17E-05
565	18	0	0	0	0	0	0	232	254	0	-2.40E-05	6.43E-06	-1.08E-05	-1.17E-05
565	19	0	0	0	0	0	0	232	254	0	-2.34E-05	7.62E-06	-1.05E-05	-1.47E-05
566	0	0	0	0	0	0	0	232	254	0	-2.34E-05	7.62E-06	-1.05E-05	-1.47E-05
566	1	0	0	0	0	0	0	232	254	0	-2.14E-05	5.70E-06	-1.12E-05	-1.51E-05
566	2	0	0	0	0	0	0	232	254	0	-2.14E-05	5.70E-06	-1.12E-05	-1.51E-05
566	3	0	0	0	0	0	0	232	254	0	-1.97E-05	4.62E-06	-1.05E-05	-1.12E-05
566	4	0	0	0	0	0	0	232	254	0	-2.10E-05	5.27E-06	-9.76E-06	-8.79E-06
566	5	0	0	0	0	0	0	232	254	0	-2.10E-05	5.27E-06	-9.76E-06	-8.79E-06
566	6	0	0	0	0	0	0	232	254	0	-2.09E-05	5.84E-06	-9.75E-06	-9.28E-06
566	7	0	0	0	0	0	0	232	254	0	-2.09E-05	5.84E-06	-9.75E-06	-9.28E-06
566	8	0	0	0	0	0	0	232	254	0	-2.07E-05	6.58E-06	-8.35E-06	-9.50E-06
566	9	0	0	0	0	0	0	232	254	0	-2.07E-05	6.58E-06	-8.35E-06	-9.50E-06
566	10	0	0	0	0	0	0	232	254	0	-2.10E-05	5.60E-06	-6.32E-06	-9.04E-06
566	11	0	0	0	0	0	0	232	254	0	-2.10E-05	5.60E-06	-6.32E-06	-9.04E-06
566	12	0	0	0	0	0	0	232	254	0	-2.10E-05	4.76E-06	-9.74E-06	-9.01E-06
566	13	0	0	0	0	0	0	232	254	0	-2.10E-05	4.12E-06	-1.30E-05	-1.05E-05
566	14	0	0	0	0	0	0	232	254	0	-2.10E-05	4.12E-06	-1.30E-05	-1.05E-05
566	15	0	0	0	0	0	0	232	254	0	-2.11E-05	4.68E-06	-1.18E-05	-1.62E-05
566	16	0	0	0	0	0	0	232	254	0	-2.11E-05	4.68E-06	-1.18E-05	-1.62E-05
566	17	0	0	0	0	0	0	232	254	0	-2.11E-05	4.53E-06	-8.21E-06	-2.02E-05
566	18	0	0	0	0	0	0	232	254	0	-2.11E-05	4.53E-06	-8.21E-06	-2.02E-05
566	19	0	0	0	0	0	0	232	254	0	-2.06E-05	4.53E-06	-5.70E-06	-2.07E-05
567	0	0	0	0	0	0	0	232	254	0	-2.06E-05	4.53E-06	-5.70E-06	-2.07E-05
567	1	0	0	0	0	0	0	232	254	0	-2.06E-05	4.75E-06	-4.58E-06	-1.57E-05
567	2	0	0	0	0	0	0	232	254	0	-1.98E-05	6.25E-06	-5.35E-06	-6.20E-06
567	3	0	0	0	0	0	0	232	254	0	-1.98E-05	6.25E-06	-5.35E-06	-6.20E-06
567	4	0	0	0	0	0	0	232	254	0	-1.90E-05	6.41E-06	-9.02E-06	1.10E-06
567	5	0	0	0	0	0	0	232	254	0	-1.90E-05	6.41E-06	-9.02E-06	1.10E-06
567	6	0	0	0	0	0	0	232	254	0	-1.95E-05	5.38E-06	-1.23E-05	4.42E-06
567	7	0	0	0	0	0	0	232	254	0	-1.95E-05	5.38E-06	-1.23E-05	4.42E-06
567	8	0	0	0	0	0	0	232	254	0	-1.96E-05	4.30E-06	-1.34E-05	-1.32E-06
567	9	0	0	0	0	0	0	232	254	0	-1.96E-05	4.30E-06	-1.34E-05	-1.32E-06
567	10	0	0	0	0	0	0	232	254	0	-1.96E-05	3.84E-06	-1.19E-05	-1.35E-05
567	11	0	0	0	0	0	0	232	254	0	-2.06E-05	3.58E-06	-8.19E-06	-2.23E-05
567	12	0	0	0	0	0	0	232	254	0	-2.06E-05	3.58E-06	-8.19E-06	-2.23E-05
567	13	0	0	0	0	0	0	232	254	0	-2.21E-05	2.70E-06	-7.21E-06	-2.43E-05
567	14	0	0	0	0	0	0	232	254	0	-2.21E-05	2.70E-06	-7.21E-06	-2.43E-05
567	15	0	0	0	0	0	0	232	254	0	-2.01E-05	1.79E-06	-9.64E-06	-2.63E-05
567	16	0	0	0	0	0	0	232	254	0	-2.01E-05	1.79E-06	-9.64E-06	-2.63E-05
567	17	0	0	0	0	0	0	232	254	0	-1.84E-05	2.47E-06	-1.10E-05	-2.60E-05
567	18	0	0	0	0	0	0	232	254	0	-1.84E-05	2.47E-06	-1.10E-05	-2.60E-05
567	19	0	0	0	0	0	0	232	254	0	-1.76E-05	2.03E-06	-9.30E-06	-1.81E-05
568	0	0	0	0	0	0	0	232	254	0	-1.74E-05	1.21E-06	-7.66E-06	-1.27E-05
568	1	0	0	0	0	0	0	232	254	0	-1.74E-05	1.21E-06	-7.66E-06	-1.27E-05
568	2	0	0	0	0	0	0	232	254	0	-1.84E-05	2.76E-06	-8.46E-06	-1.57E-05
568	3	0	0	0	0	0	0	232	254	0	-1.84E-05	2.76E-06	-8.46E-06	-1.57E-05
568	4	0	0	0	0	0	0	232	254	0	-1.82E-05	4.23E-06	-8.85E-06	-1.66E-05
568	5	0	0	0	0	0	0	232	254	0	-1.82E-05	4.23E-06	-8.85E-06	-1.66E-05
568	6	0	0	0	0	0	0	232	254	0	-1.74E-05	3.45E-06	-8.43E-06	-1.85E-05
568	7	0	0	0	0	0	0	232	254	0	-1.74E-05	3.45E-06	-8.43E-06	-1.85E-05
568	8	0	0	0	0	0	0	232	254	0	-1.79E-05	4.03E-06	-7.55E-06	-1.49E-05
568	9	0	0	0	0	0	0	232	254	0	-1.79E-05	4.18E-06	-7.69E-06	-1.03E-05
568	10	0	0	0	0	0	0	232	254	0	-1.79E-05	4.18E-06	-7.69E-06	-1.03E-05
568	11	0	0	0	0	0	0	232	254	0	-1.84E-05	5.16E-06	-8.52E-06	-1.08E-05
568	12	0	0	0	0	0	0	232	254	0	-1.84E-05	5.16E-06	-8.52E-06	-1.08E-05
568	13	0	0	0	0	0	0	232	254	0	-1.90E-05	4.96E-06	-8.36E-06	-9.68E-06
568	14	0	0	0	0	0	0	232	254	0	-1.90E-05	4.96E-06	-8.36E-06	-9.68E-06
568	15	0	0	0	0	0	0	232	254	0	-1.92E-05	5.56E-06	-9.39E-06	-4.87E-06
568	16	0	0	0	0	0	0	232	254	0	-1.92E-05	5.56E-06	-9.39E-06	-4.87E-06
568	17	0	0	0	0	0	0	232	254	0	-1.86E-05	5.55E-06	-1.07E-05	-5.15E-06
568	18	0	0	0	0	0	0	232	254	0	-1.86E-05	4.60E-06	-1.29E-05	-7.07E-06
568	19	0	0	0	0	0	0	232	254	0	-1.86E-05	4.60E-06	-1.29E-05	-7.07E-06
569	0	0	0	0	0	0	0	232	254	0	-2.08E-05	5.06E-06	-1.47E-05	-8.28E-06
569	1	0	0	0	0	0	0	232	254	0	-2.08E-05	5.06E-06	-1.47E-05	-8.28E-06
569	2	0	0	0	0	0	0	232	254	0	-2.17E-05	5.20E-06	-1.15E-05	-1.53E-05
569	3	0	0	0	0	0	0	232	254	0	-2.17E-05	5.20E-06	-1.15E-05	-1.53E-05
569	4	0	0	0	0	0	0	232	254	0	-2.23E-05	5.29E-06	-8.36E-06	-1.44E-05
569	5	0	0	0	0	0	0	232	254	0	-2.23E-05	5.29E-06	-8.36E-06	-1.44E-05
569	6	0	0	0	0	0	0	232	254	0	-2.44E-05	5.76E-06	-7.09E-06	-5.22E-06
569	7	0	0	0	0	0	0	232	254	0	-2.46E-05	5.06E-06	-7.41E-06	3.26E-06
569	8	0	0	0	0	0	0	232	254	0	-2.46E-05	5.06E-06	-7.41E-06	3.26E-06
569	9	0	0	0	0	0	0	232	254	0	-2.43E-05	5.20E-06	-7.91E-06	-1.18E-06
569	10	0	0	0	0	0	0	232	254	0	-2.43E-05	5.20E-06	-7.91E-06	-1.18E-06
569	11	0	0	0	0	0	0	232	254	0	-2.41E-05	5.12E-06	-1.06E-05	-2.06E-05
569	12	0	0	0	0	0	0	232	254	0	-2.41E-05	5.12E-06	-1.06E-05	-2.06E-05
569	13	0	0	0	0	0	0	232	254	0	-2.52E-05	4.44E-06	-1.29E-05	-3.08E-05
569	14	0	0	0	0	0	0	232	254	0	-2.52E-05	4.44E-06	-1.29E-05	-3.08E-05
569	15	0	0	0	0	0	0	232	254	0	-2.67E-05	4.10E-06	-9.89E-06	-2.62E-05
569	16	0	0	0	0	0	0	232	254	0	-2.68E-05	5.71E-06	-7.71E-06	-2.37E-05
569	17	0	0	0	0	0	0	232	254	0	-2.68E-05	5.71E-06	-7.71E-06	-2.37E-05
569	18	0	0	0	0	0	0	232	254	0	-2.72E-05	5.60E-06	-8.68E-06	-2.99E-05
569	19	0	0	0	0	0	0	232	254	0	-2.72E-05	5.60E-06	-8.68E-06	-2.99E-05
570	0	0	0	0	0	0	0	232	254	0	-2.68E-05	4.91E-06	-8.24E-06	-2.26E-05
570	1	0	0	0	0	0	0	232	254	0	-2.68E-05	4.91E-06	-8.24E-06	-2.26E-05
570	2	0	0	0	0	0	0	232	254	0	-2.52E-05	5.07E-06	-7.08E-06	-1.19E-05
570	3	0	0	0	0	0	0	232	254	0	-2.52E-05	5.07E-06	-7.08E-06	-1.19E-05
570	4	0	0	0	0	0	0	232	254	0	-2.42E-05	4.15E-06	-5.90E-06	-1.61E-05
570	5	0	0	0	0	0	0	232	254	0	-2.32E-05	3.75E-06	-3.90E-06	-1.42E-05
570	6	0	0	0	0	0	0	232	254	0	-2.32E-05	3.75E-06	-3.90E-06	-1.42E-05
570	7	0	0	0	0	0	0	232	254	0	-2.24E-05	3.11E-06	-4.51E-06	-9.57E-06
570	8	0	0	0	0	0	0	232	254	0	-2.24E-05	3.11E-06	-4.51E-06	-9.57E-06
570	9	0	0	0	0	0	0	232	254	0	-2.39E-05	3.63E-06	-6.90E-06	-9.59E-06
570	10	0	0	0	0	0	0	232	254	0	-2.39E-05	3.63E-06	-6.90E-06	-9.59E-06
570	11	0	0	0	0	0	0	232	254	0	-2.47E-05	3.19E-06	-9.28E-06	-9.93E-06
570	12	0	0	0	0	0	0	232	254	0	-2.47E-05	3.19E-06	-9.28E-06	-9.93E-06
570	13	0	0	0	0	0	0	232	254	0	-2.51E-05	3.37E-06	-9.74E-06	-1.11E-05
570	14	0	0	0	0	0	0	232	254	0	-2.51E-05	4.58E-06	-1.08E-05	-1.01E-05
570	15	0	0	0	0	0	0	232	254	0	-2.51E-05	4.58E-06	-1.08E-05	-1.01E-05
570	16	0	0	0	0	0	0	232	254	0	-2.32E-05	5.18E-06	-1.00E-05	-8.41E-06
570	17	0	0	0	0	0	0	232	254	0	-2.32E-05	5.18E-06	-1.00E-05	-8.41E-06
570	18	0	0	0	0	0	0	232	254	0	-2.11E-05	7.04E-06	-9.90E-06	-9.05E-06
570	19	0	0	0	0	0	0	232	254	0	-2.11E-05	7.04E-06	-9.90E-06	-9.05E-06
571	0	0	0	0	0	0	0	232	254	0	-2.18E-05	5.52E-06	-9.68E-06	-1.25E-05
571	1	0	0	0	0	0	0	232	254	0	-2.18E-05	5.52E-06	-9.68E-06	-1.25E-05
571	2	0	0	0	0	0	0	232	254	0	-2.29E-05	3.19E-06	-8.31E-06	-1.43E-05
571	3	0	0	0	0	0	0	232	254	0	-2.23E-05	3.08E-06	-8.83E-06	-1.40E-05
571	4	0	0	0	0	0	0	232	254	0	-2.23E-05	3.08E-06	-8.83E-06	-1.40E-05
571	5	0	0	0	0	0	0	232	254	0	-2.07E-05	2.37E-06	-8.52E-06	-1.10E-05
571	6	0	0	0	0	0	0	232	254	0	-2.07E-05	2.37E-06	-8.52E-06	-1.10E-05
571	7	0	0	0	0	0	0	232	254	0	-1.90E-05	2.85E-06	-9.58E-06	-1.00E-05
571	8	0	0	0	0	0	0	232	254	0	-1.90E-05	2.85E-06	-9.58E-06	-1.00E-05
571	9	0	0	0	0	0	0	232	254	0	-1.90E-05	5.12E-06	-1.06E-05	-8.75E-06
571	10	0	0	0	0	0	0	232	254	0	-1.90E-05	5.12E-06	-1.06E-05	-8.75E-06
571	11	0	0	0	0	0	0	232	254	0	-1.90E-05	5.77E-06	-9.88E-06	-8.83E-06
571	12	0	0	0	0	0	0	232	254	0	-1.91E-05	6.17E-06	-9.74E-06	-8.59E-06
571	13	0	0	0	0	0	0	232	254	0	-1.91E-05	6.17E-06	-9.74E-06	-8.59E-06
571	14	0	0	0	0	0	0	232	254	0	-2.02E-05	5.70E-06	-9.80E-06	-1.01E-05
571	15	0	0	0	0	0	0	232	254	0	-2.02E-05	5.70E-06	-9.80E-06	-1.01E-05
571	16	0	0	0	0	0	0	232	254	0	-2.17E-05	4.38E-06	-1.02E-05	-1.15E-05
571	17	0	0	0	0	0	0	232	254	0	-2.17E-05	4.38E-06	-1.02E-05	-1.15E-05
571	18	0	0	0	0	0	0	232	254	0	-2.17E-05	3.49E-06	-1.02E-05	-1.11E-05
571	19	0	0	0	0	0	0	232	254	0	-2.17E-05	3.49E-06	-1.02E-05	-1.11E-05
572	0	0	0	0	0	0	0	232	254	0	-2.21E-05	4.30E-06	-1.11E-05	-1.23E-05
572	1	0	0	0	0	0	0	232	254	0	-2.08E-05	3.82E-06	-1.23E-05	-1.26E-05
572	2	0	0	0	0	0	0	232	254	0	-2.08E-05	3.82E-06	-1.23E-05	-1.26E-05
572	3	0	0	0	0	0	0	232	254	0	-2.09E-05	3.61E-06	-1.17E-05	-1.07E-05
572	4	0	0	0	0	0	0	232	254	0	-2.09E-05	3.61E-06	-1.17E-05	-1.07E-05
572	5	0	0	0	0	0	0	232	254	0	-2.30E-05	4.28E-06	-1.20E-05	-5.78E-06
572	6	0	0	0	0	0	0	232	254	0	-2.30E-05	4.28E-06	-1.20E-05	-5.78E-06
572	7	0	0	0	0	0	0	232	254	0	-2.08E-05	4.78E-06	-1.45E-05	1.47E-06
572	8	0	0	0	0	0	0	232	254	0	-2.08E-05	4.78E-06	-1.45E-05	1.47E-06
572	9	0	0	0	0	0	0	232	254	0	-1.83E-05	4.24E-06	-1.41E-05	5.12E-07
572	10	0	0	0	0	0	0	232	254	0	-1.69E-05	4.49E-06	-1.41E-05	-4.46E-06
572	11	0	0	0	0	0	0	232	254	0	-1.69E-05	4.49E-06	-1.41E-05	-4.46E-06
572	12	0	0	0	0	0	0	232	254	0	-1.70E-05	4.13E-06	-1.23E-05	-1.07E-05
572	13	0	0	0	0	0	0	232	254	0	-1.70E-05	4.13E-06	-1.23E-05	-1.07E-05
572	14	0	0	0	0	0	0	232	254	0	-1.82E-05	3.80E-06	-7.36E-06	-2.61E-05
572	15	0	0	0	0	0	0	232	254	0	-1.82E-05	3.80E-06	-7.36E-06	-2.61E-05
572	16	0	0	0	0	0	0	232	254	0	-1.75E-05	4.58E-06	-1.61E-06	-2.48E-05
572	17	0	0	0	0	0	0	232	254	0	-1.75E-05	4.58E-06	-1.61E-06	-2.48E-05
572	18	0	0	0	0	0	0	232	254	0	-1.75E-05	4.73E-06	-1.79E-06	-1.41E-05
572	19	0	0	0	0	0	0	232	254	0	-1.65E-05	4.02E-06	-5.79E-06	-1.32E-05
573	0	0	0	0	0	0	0	232	254	0	-1.65E-05	4.02E-06	-5.79E-06	-1.32E-05
573	1	0	0	0	0	0	0	232	254	0	-1.55E-05	5.10E-06	-5.34E-06	-1.41E-05
573	2	0	0	0	0	0	0	232	254	0	-1.55E-05	5.10E-06	-5.34E-06	-1.41E-05
573	3	0	0	0	0	0	0	232	254	0	-1.59E-05	5.45E-06	-6.17E-06	-1.53E-05
573	4	0	0	0	0	0	0	232	254	0	-1.59E-05	5.45E-06	-6.17E-06	-1.53E-05
573	5	0	0	0	0	0	0	232	254	0	-1.81E-05	4.96E-06	-6.05E-06	-1.52E-05
573	6	0	0	0	0	0	0	232	254	0	-1.81E-05	4.96E-06	-6.05E-06	-1.52E-05
573	7	0	0	0	0	0	0	232	254	0	-2.00E-05	5.49E-06	-7.97E-06	-1.22E-05
573	8	0	0	0	0	0	0	232	254	0	-2.02E-05	5.07E-06	-1.31E-05	-1.20E-05
573	9	0	0	0	0	0	0	232	254	0	-2.02E-05	5.07E-06	-1.31E-05	-1.20E-05
573	10	0	0	0	0	0	0	232	254	0	-1.97E-05	4.37E-06	-1.45E-05	-1.42E-05
573	11	0	0	0	0	0	0	232	254	0	-1.97E-05	4.37E-06	-1.45E-05	-1.42E-05
573	12	0	0	0	0	0	0	232	254	0	-2.04E-05	5.58E-06	-1.45E-05	-1.08E-05
573	13	0	0	0	0	0	0	232	254	0	-2.04E-05	5.58E-06	-1.45E-05	-1.08E-05
573	14	0	0	0	0	0	0	232	254	0	-2.08E-05	5.70E-06	-1.08E-05	-2.05E-05
573	15	0	0	0	0	0	0	232	254	0	-2.08E-05	5.70E-06	-1.08E-05	-2.05E-05
573	16	0	0	0	0	0	0	232	254	0	-2.20E-05	4.55E-06	-5.36E-06	-2.83E-05
573	17	0	0	0	0	0	0	232	254	0	-2.20E-05	4.63E-06	-4.15E-06	-2.67E-05
573	18	0	0	0	0	0	0	232	254	0	-2.20E-05	4.63E-06	-4.15E-06	-2.67E-05
573	19	0	0	0	0	0	0	232	254	0	-2.24E-05	4.31E-06	-3.86E-06	-1.78E-05
574	0	0	0	0	0	0	0	232	254	0	-2.24E-05	4.31E-06	-3.86E-06	-1.78E-05
574	1	0	0	0	0	0	0	232	254	0	-2.30E-05	4.97E-06	-4.17E-06	-3.28E-06
574	2	0	0	0	0	0	0	232	254	0	-2.30E-05	4.97E-06	-4.17E-06	-3.28E-06
574	3	0	0	0	0	0	0	232	254	0	-2.29E-05	4.51E-06	-6.43E-06	-2.79E-06
574	4	0	0	0	0	0	0	232	254	0	-2.29E-05	4.51E-06	-6.43E-06	-2.79E-06
574	5	0	0	0	0	0	0	232	254	0	-2.20E-05	4.47E-06	-7.93E-06	-1.07E-05
574	6	0	0	0	0	0	0	232	254	0	-2.23E-05	5.18E-06	-8.14E-06	-1.49E-05
574	7	0	0	0	0	0	0	232	254	0	-2.23E-05	5.18E-06	-8.14E-06	-1.49E-05
574	8	0	0	0	0	0	0	232	254	0	-2.22E-05	5.15E-06	-7.46E-06	-1.43E-05
574	9	0	0	0	0	0	0	232	254	0	-2.22E-05	5.15E-06	-7.46E-06	-1.43E-05
574	10	0	0	0	0	0	0	232	254	0	-2.18E-05	5.90E-06	-6.93E-06	-1.33E-05
574	11	0	0	0	0	0	0	232	254	0	-2.18E-05	5.90E-06	-6.93E-06	-1.33E-05
574	12	0	0	0	0	0	0	232	254	0	-2.30E-05	5.91E-06	-7.46E-06	-1.08E-05
574	13	0	0	0	0	0	0	232	254	0	-2.30E-05	5.91E-06	-7.46E-06	-1.08E-05
574	14	0	0	0	0	0	0	232	254	0	-2.28E-05	4.97E-06	-9.06E-06	-7.40E-06
574	15	0	0	0	0	0	0	232	254	0	-2.18E-05	4.62E-06	-8.98E-06	-4.37E-06
574	16	0	0	0	0	0	0	232	254	0	-2.18E-05	4.62E-06	-8.98E-06	-4.37E-06
574	17	0	0	0	0	0	0	232	254	0	-2.20E-05	5.25E-06	-8.64E-06	-5.58E-06
574	18	0	0	0	0	0	0	232	254	0	-2.20E-05	5.25E-06	-8.64E-06	-5.58E-06
574	19	0	0	0	0	0	0	232	254	0	-2.19E-05	5.54E-06	-1.05E-05	-6.52E-06
575	0	0	0	0	0	0	0	232	254	0	-2.19E-05	5.54E-06	-1.05E-05	-6.52E-06
575	1	0	0	0	0	0	0	232	254	0	-1.99E-05	5.67E-06	-1.23E-05	-1.16E-05
575	2	0	0	0	0	0	0	232	254	0	-1.99E-05	5.67E-06	-1.23E-05	-1.16E-05
575	3	0	0	0	0	0	0	232	254	0	-1.99E-05	6.72E-06	-1.20E-05	-1.67E-05
575	4	0	0	0	0	0	0	232	254	0	-2.16E-05	7.82E-06	-9.48E-06	-1.47E-05
575	5	0	0	0	0	0	0	232	254	0	-2.16E-05	7.82E-06	-9.48E-06	-1.47E-05
575	6	0	0	0	0	0	0	232	254	0	-2.08E-05	7.16E-06	-9.10E-06	-1.32E-05
575	7	0	0	0	0	0	0	232	254	0	-2.08E-05	7.16E-06	-9.10E-06	-1.32E-05
575	8	0	0	0	0	0	0	232	254	0	-1.98E-05	5.73E-06	-1.03E-05	-1.28E-05
575	9	0	0	0	0	0	0	232	254	0	-1.98E-05	5.73E-06	-1.03E-05	-1.28E-05
575	10	0	0	0	0	0	0	232	254	0	-1.98E-05	5.94E-06	-9.38E-06	-1.11E-05
575	11	0	0	0	0	0	0	232	254	0	-1.98E-05	5.94E-06	-9.38E-06	-1.11E-05
575	12	0	0	0	0	0	0	232	254	0	-2.07E-05	6.47E-06	-9.41E-06	-1.23E-05
575	13	0	0	0	0	0	0	232	254	0	-2.14E-05	7.05E-06	-1.07E-05	-1.23E-05
575	14	0	0	0	0	0	0	232	254	0	-2.14E-05	7.05E-06	-1.07E-05	-1.23E-05
575	15	0	0	0	0	0	0	232	254	0	-2.18E-05	6.98E-06	-1.13E-05	-1.15E-05
575	16	0	0	0	0	0	0	232	254	0	-2.18E-05	6.98E-06	-1.13E-05	-1.15E-05
575	17	0	0	0	0	0	0	232	254	0	-2.30E-05	6.52E-06	-1.14E-05	-1.12E-05
575	18	0	0	0	0	0	0	232	254	0	-2.30E-05	6.52E-06	-1.14E-05	-1.12E-05
575	19	0	0	0	0	0	0	232	254	0	-2.32E-05	6.31E-06	-1.03E-05	-1.22E-05
576	0	0	0	0	0	0	0	232	254	0	-2.32E-05	6.31E-06	-1.03E-05	-1.22E-05
576	1	0	0	0	0	0	0	232	254	0	-2.33E-05	5.90E-06	-1.08E-05	-1.18E-05
576	2	0	0	0	0	0	0	232	254	0	-2.44E-05	5.89E-06	-1.17E-05	-1.20E-05
576	3	0	0	0	0	0	0	232	254	0	-2.44E-05	5.89E-06	-1.17E-05	-1.20E-05
576	4	0	0	0	0	0	0	232	254	0	-2.47E-05	4.73E-06	-1.01E-05	-1.25E-05
576	5	0	0	0	0	0	0	232	254	0	-2.47E-05	4.73E-06	-1.01E-05	-1.25E-05
576	6	0	0	0	0	0	0	232	254	0	-2.30E-05	3.86E-06	-9.30E-06	-1.16E-05
576	7	0	0	0	0	0	0	232	254	0	-2.30E-05	3.86E-06	-9.30E-06	-1.16E-05
576	8	0	0	0	0	0	0	232	254	0	-2.28E-05	3.75E-06	-9.58E-06	-1.11E-05
576	9	0	0	0	0	0	0	232	254	0	-2.28E-05	3.75E-06	-9.58E-06	-1.11E-05
576	10	0	0	0	0	0	0	232	254	0	-2.30E-05	2.91E-06	-8.58E-06	-8.53E-06
576	11	0	0	0	0	0	0	232	254	0	-2.31E-05	2.07E-06	-8.77E-06	-7.37E-06
576	12	0	0	0	0	0	0	232	254	0	-2.31E-05	2.07E-06	-8.77E-06	-7.37E-06
576	13	0	0	0	0	0	0	232	254	0	-2.26E-05	1.59E-06	-9.09E-06	-8.19E-06
576	14	0	0	0	0	0	0	232	254	0	-2.26E-05	1.59E-06	-9.09E-06	-8.19E-06
576	15	0	0	0	0	0	0	232	254	0	-2.24E-05	3.37E-06	-9.32E-06	-7.32E-06
576	16	0	0	0	0	0	0	232	254	0	-2.24E-05	3.37E-06	-9.32E-06	-7.32E-06
576	17	0	0	0	0	0	0	232	254	0	-2.29E-05	4.71E-06	-9.97E-06	-1.08E-05
576	18	0	0	0	0	0	0	232	254	0	-2.29E-05	4.71E-06	-9.97E-06	-1.08E-05
576	19	0	0	0	0	0	0	232	254	0	-2.23E-05	5.96E-06	-1.05E-05	-1.40E-05
577	0	0	0	0	0	0	0	232	254	0	-2.29E-05	6.46E-06	-1.16E-05	-1.19E-05
577	1	0	0	0	0	0	0	232	254	0	-2.29E-05	6.46E-06	-1.16E-05	-1.19E-05
577	2	0	0	0	0	0	0	232	254	0	-2.21E-05	5.87E-06	-1.31E-05	-9.41E-06
577	3	0	0	0	0	0	0	232	254	0	-2.21E-05	5.87E-06	-1.31E-05	-9.41E-06
577	4	0	0	0	0	0	0	232	254	0	-2.25E-05	5.87E-06	-1.31E-05	-1.06E-05
577	5	0	0	0	0	0	0	232	254	0	-2.25E-05	5.87E-06	-1.31E-05	-1.06E-05
577	6	0	0	0	0	0	0	232	254	0	-2.15E-05	5.65E-06	-1.27E-05	-1.13E-05
577	7	0	0	0	0	0	0	232	254	0	-2.15E-05	5.65E-06	-1.27E-05	-1.13E-05
577	8	0	0	0	0	0	0	232	254	0	-2.07E-05	4.15E-06	-1.08E-05	-1.57E-05
577	9	0	0	0	0	0	0	232	254	0	-2.23E-05	3.86E-06	-8.94E-06	-1.40E-05
577	10	0	0	0	0	0	0	232	254	0	-2.23E-05	3.86E-06	-8.94E-06	-1.40E-05
577	11	0	0	0	0	0	0	232	254	0	-2.28E-05	3.75E-06	-7.03E-06	-1.23E-05
577	12	0	0	0	0	0	0	232	254	0	-2.28E-05	3.75E-06	-7.03E-06	-1.23E-05
577	13	0	0	0	0	0	0	232	254	0	-2.19E-05	3.09E-06	-6.84E-06	-1.41E-05
577	14	0	0	0	0	0	0	232	254	0	-2.19E-05	3.09E-06	-6.84E-06	-1.41E-05
577	15	0	0	0	0	0	0	232	254	0	-2.21E-05	3.61E-06	-6.41E-06	-1.64E-05
577	16	0	0	0	0	0	0	232	254	0	-2.21E-05	3.61E-06	-6.41E-06	-1.64E-05
577	17	0	0	0	0	0	0	232	254	0	-2.21E-05	4.24E-06	-5.69E-06	-1.92E-05
577	18	0	0	0	0	0	0	232	254	0	-2.28E-05	4.58E-06	-7.40E-06	-1.63E-05
577	19	0	0	0	0	0	0	232	254	0	-2.28E-05	4.58E-06	-7.40E-06	-1.63E-05
578	0	0	0	0	0	0	0	232	254	0	-2.12E-05	4.96E-06	-1.20E-05	-1.46E-05
578	1	0	0	0	0	0	0	232	254	0	-2.12E-05	4.96E-06	-1.20E-05	-1.46E-05
578	2	0	0	0	0	0	0	232	254	0	-1.86E-05	5.58E-06	-1.25E-05	-1.77E-05
578	3	0	0	0	0	0	0	232	254	0	-1.86E-05	5.58E-06	-1.25E-05	-1.77E-05
578	4	0	0	0	0	0	0	232	254	0	-1.99E-05	5.79E-06	-1.07E-05	-1.48E-05
578	5	0	0	0	0	0	0	232	254	0	-1.99E-05	5.79E-06	-1.07E-05	-1.48E-05
578	6	0	0	0	0	0	0	232	254	0	-2.07E-05	5.09E-06	-8.82E-06	-8.37E-06
578	7	0	0	0	0	0	0	232	254	0	-1.97E-05	4.21E-06	-6.95E-06	-1.58E-05
578	8	0	0	0	0	0	0	232	254	0	-1.97E-05	4.21E-06	-6.95E-06	-1.58E-05
578	9	0	0	0	0	0	0	232	254	0	-2.01E-05	3.21E-06	-5.07E-06	-1.53E-05
578	10	0	0	0	0	0	0	232	254	0	-2.01E-05	3.21E-06	-5.07E-06	-1.53E-05
578	11	0	0	0	0	0	0	232	254	0	-2.13E-05	3.65E-06	-4.15E-06	-1.99E-05
578	12	0	0	0	0	0	0	232	254	0	-2.13E-05	3.65E-06	-4.15E-06	-1.99E-05
578	13	0	0	0	0	0	0	232	254	0	-2.27E-05	5.32E-06	-4.08E-06	-2.09E-05
578	14	0	0	0	0	0	0	232	254	0	-2.27E-05	5.32E-06	-4.08E-06	-2.09E-05
578	15	0	0	0	0	0	0	232	254	0	-2.26E-05	3.68E-06	-5.89E-06	-1.45E-05
578	16	0	0	0	0	0	0	232	254	0	-1.97E-05	2.61E-06	-8.16E-06	-1.38E-05
578	17	0	0	0	0	0	0	232	254	0	-1.97E-05	2.61E-06	-8.16E-06	-1.38E-05
578	18	0	0	0	0	0	0	232	254	0	-1.77E-05	3.14E-06	-7.79E-06	-1.28E-05
578	19	0	0	0	0	0	0	232	254	0	-1.77E-05	3.14E-06	-7.79E-06	-1.28E-05
579	0	0	0	0	0	0	0	232	254	0	-1.81E-05	3.12E-06	-8.40E-06	-1.03E-05
579	1	0	0	0	0	0	0	232	254	0	-1.81E-05	3.12E-06	-8.40E-06	-1.03E-05
579	2	0	0	0	0	0	0	232	254	0	-1.91E-05	4.96E-06	-9.57E-06	-1.35E-05
579	3	0	0	0	0	0	0	232	254	0	-1.91E-05	4.96E-06	-9.57E-06	-1.35E-05
579	4	0	0	0	0	0	0	232	254	0	-2.05E-05	5.41E-06	-9.39E-06	-1.48E-05
579	5	0	0	0	0	0	0	232	254	0	-2.18E-05	4.42E-06	-8.22E-06	-1.28E-05
579	6	0	0	0	0	0	0	232	254	0	-2.18E-05	4.42E-06	-8.22E-06	-1.28E-05
579	7	0	0	0	0	0	0	232	254	0	-2.16E-05	3.76E-06	-8.22E-06	-1.23E-05
579	8	0	0	0	0	0	0	232	254	0	-2.16E-05	3.76E-06	-8.22E-06	-1.23E-05
579	9	0	0	0	0	0	0	232	254	0	-2.09E-05	4.28E-06	-8.27E-06	-1.25E-05
579	10	0	0	0	0	0	0	232	254	0	-2.09E-05	4.28E-06	-8.27E-06	-1.25E-05
579	11	0	0	0	0	0	0	232	254	0	-2.05E-05	4.89E-06	-8.56E-06	-9.30E-06
579	12	0	0	0	0	0	0	232	254	0	-2.05E-05	4.89E-06	-8.56E-06	-9.30E-06
579	13	0	0	0	0	0	0	232	254	0	-1.97E-05	4.99E-06	-8.65E-06	-7.64E-06
579	14	0	0	0	0	0	0	232	254	0	-2.05E-05	4.52E-06	-9.28E-06	-8.36E-06
579	15	0	0	0	0	0	0	232	254	0	-2.05E-05	4.52E-06	-9.28E-06	-8.36E-06
579	16	0	0	0	0	0	0	232	254	0	-2.19E-05	3.22E-06	-9.52E-06	-9.34E-06
579	17	0	0	0	0	0	0	232	254	0	-2.19E-05	3.22E-06	-9.52E-06	-9.34E-06
579	18	0	0	0	0	0	0	232	254	0	-2.15E-05	2.55E-06	-9.30E-06	-9.83E-06
579	19	0	0	0	0	0	0	232	254	0	-2.15E-05	2.55E-06	-9.30E-06	-9.83E-06
580	0	0	0	0	0	0	0	232	254	0	-2.07E-05	4.04E-06	-9.80E-06	-8.31E-06
580	1	0	0	0	0	0	0	232	254	0	-2.07E-05	4.04E-06	-9.80E-06	-8.31E-06
580	2	0	0	0	0	0	0	232	254	0	-2.16E-05	5.16E-06	-1.03E-05	-9.34E-06
580	3	0	0	0	0	0	0	232	254	0	-2.34E-05	4.89E-06	-1.05E-05	-1.25E-05
580	4	0	0	0	0	0	0	232	254	0	-2.34E-05	4.89E-06	-1.05E-05	-1.25E-05
580	5	0	0	0	0	0	0	232	254	0	-2.47E-05	5.04E-06	-9.80E-06	-1.42E-05
580	6	0	0	0	0	0	0	232	254	0	-2.47E-05	5.04E-06	-9.80E-06	-1.42E-05
580	7	0	0	0	0	0	0	232	254	0	-2.46E-05	4.75E-06	-1.02E-05	-1.38E-05
580	8	0	0	0	0	0	0	232	254	0	-2.46E-05	4.75E-06	-1.02E-05	-1.38E-05
580	9	0	0	0	0	0	0	232	254	0	-2.28E-05	2.96E-06	-1.02E-05	-1.25E-05
580	10	0	0	0	0	0	0	232	254	0	-2.28E-05	2.96E-06	-1.02E-05	-1.25E-05
580	11	0	0	0	0	0	0	232	254	0	-2.22E-05	3.83E-06	-1.08E-05	-1.22E-05
580	12	0	0	0	0	0	0	232	254	0	-2.14E-05	4.68E-06	-1.01E-05	-1.40E-05
580	13	0	0	0	0	0	0	232	254	0	-2.14E-05	4.68E-06	-1.01E-05	-1.40E-05
580	14	0	0	0	0	0	0	232	254	0	-2.29E-05	4.40E-06	-9.00E-06	-1.44E-05
580	15	0	0	0	0	0	0	232	254	0	-2.29E-05	4.40E-06	-9.00E-06	-1.44E-05
580	16	0	0	0	0	0	0	232	254	0	-2.21E-05	3.39E-06	-8.65E-06	-1.29E-05
580	17	0	0	0	0	0	0	232	254	0	-2.21E-05	3.39E-06	-8.65E-06	-1.29E-05
580	18	0	0	0	0	0	0	232	254	0	-2.07E-05	2.61E-06	-9.28E-06	-1.28E-05
580	19	0	0	0	0	0	0	232	254	0	-2.07E-05	2.61E-06	-9.28E-06	-1.28E-05
581	0	0	0	0	0	0	0	232	254	0	-2.12E-05	3.32E-06	-9.66E-06	-1.40E-05
581	1	0	0	0	0	0	0	232	254	0	-2.15E-05	4.24E-06	-1.03E-05	-1.37E-05
581	2	0	0	0	0	0	0	232	254	0	-2.15E-05	4.24E-06	-1.03E-05	-1.37E-05
581	3	0	0	0	0	0	0	232	254	0	-2.06E-05	4.55E-06	-1.08E-05	-1.42E-05
581	4	0	0	0	0	0	0	232	254	0	-2.06E-05	4.55E-06	-1.08E-05	-1.42E-05
581	5	0	0	0	0	0	0	232	254	0	-2.03E-05	4.68E-06	-9.06E-06	-1.41E-05
581	6	0	0	0	0	0	0	232	254	0	-2.03E-05	4.68E-06	-9.06E-06	-1.41E-05
581	7	0	0	0	0	0	0	232	254	0	-2.06E-05	4.44E-06	-9.13E-06	-1.39E-05
581	8	0	0	0	0	0	0	232	254	0	-2.06E-05	4.44E-06	-9.13E-06	-1.39E-05
581	9	0	0	0	0	0	0	232	254	0	-2.26E-05	3.95E-06	-9.50E-06	-1.38E-05
581	10	0	0	0	0	0	0	232	254	0	-2.20E-05	4.58E-06	-8.95E-06	-1.49E-05
581	11	0	0	0	0	0	0	232	254	0	-2.20E-05	4.58E-06	-8.95E-06	-1.49E-05
581	12	0	0	0	0	0	0	232	254	0	-1.96E-05	4.78E-06	-8.36E-06	-1.44E-05
581	13	0	0	0	0	0	0	232	254	0	-1.96E-05	4.78E-06	-8.36E-06	-1.44E-05
581	14	0	0	0	0	0	0	232	254	0	-1.92E-05	3.97E-06	-9.36E-06	-1.32E-05
581	15	0	0	0	0	0	0	232	254	0	-1.92E-05	3.97E-06	-9.36E-06	-1.32E-05
581	16	0	0	0	0	0	0	232	254	0	-1.99E-05	2.70E-06	-1.01E-05	-1.27E-05
581	17	0	0	0	0	0	0	232	254	0	-1.99E-05	2.70E-06	-1.01E-05	-1.27E-05
581	18	0	0	0	0	0	0	232	254	0	-2.06E-05	3.86E-06	-8.85E-06	-1.21E-05
581	19	0	0	0	0	0	0	232	254	0	-2.12E-05	3.86E-06	-8.60E-06	-1.08E-05
582	0	0	0	0	0	0	0	232	254	0	-2.12E-05	3.86E-06	-8.60E-06	-1.08E-05
582	1	0	0	0	0	0	0	232	254	0	-2.15E-05	4.02E-06	-8.85E-06	-1.04E-05
582	2	0	0	0	0	0	0	232	254	0	-2.15E-05	4.02E-06	-8.85E-06	-1.04E-05
582	3	0	0	0	0	0	0	232	254	0	-2.26E-05	5.01E-06	-8.74E-06	-1.04E-05
582	4	0	0	0	0	0	0	232	254	0	-2.26E-05	5.01E-06	-8.74E-06	-1.04E-05
582	5	0	0	0	0	0	0	232	254	0	-2.32E-05	4.82E-06	-9.90E-06	-9.79E-06
582	6	0	0	0	0	0	0	232	254	0	-2.32E-05	4.82E-06	-9.90E-06	-9.79E-06
582	7	0	0	0	0	0	0	232	254	0	-2.17E-05	4.67E-06	-9.86E-06	-1.13E-05
582	8	0	0	0	0	0	0	232	254	0	-1.98E-05	5.45E-06	-9.61E-06	-1.13E-05
582	9	0	0	0	0	0	0	232	254	0	-1.98E-05	5.45E-06	-9.61E-06	-1.13E-05
582	10	0	0	0	0	0	0	232	254	0	-2.00E-05	4.73E-06	-9.81E-06	-1.06E-05
582	11	0	0	0	0	0	0	232	254	0	-2.00E-05	4.73E-06	-9.81E-06	-1.06E-05
582	12	0	0	0	0	0	0	232	254	0	-2.06E-05	3.99E-06	-9.32E-06	-9.63E-06
582	13	0	0	0	0	0	0	232	254	0	-2.06E-05	3.99E-06	-9.32E-06	-9.63E-06
582	14	0	0	0	0	0	0	232	254	0	-2.16E-05	4.82E-06	-9.90E-06	-1.02E-05
582	15	0	0	0	0	0	0	232	254	0	-2.16E-05	4.82E-06	-9.90E-06	-1.02E-05
582	16	0	0	0	0	0	0	232	254	0	-2.23E-05	4.62E-06	-9.90E-06	-1.08E-05
582	17	0	0	0	0	0	0	232	254	0	-2.20E-05	5.20E-06	-9.77E-06	-1.01E-05
582	18	0	0	0	0	0	0	232	254	0	-2.20E-05	5.20E-06	-9.77E-06	-1.01E-05
582	19	0	0	0	0	0	0	232	254	0	-2.34E-05	5.03E-06	-8.92E-06	-1.13E-05
583	0	0	0	0	0	0	0	232	254	0	-2.34E-05	5.03E-06	-8.92E-06	-1.13E-05
583	1	0	0	0	0	0	0	232	254	0	-2.57E-05	3.90E-06	-9.24E-06	-1.09E-05
583	2	0	0	0	0	0	0	232	254	0	-2.57E-05	3.90E-06	-9.24E-06	-1.09E-05
583	3	0	0	0	0	0	0	232	254	0	-2.53E-05	4.46E-06	-1.04E-05	-1.11E-05
583	4	0	0	0	0	0	0	232	254	0	-2.53E-05	4.46E-06	-1.04E-05	-1.11E-05
583	5	0	0	0	0	0	0	232	254	0	-2.28E-05	6.34E-06	-1.02E-05	-1.07E-05
583	6	0	0	0	0	0	0	232	254	0	-2.17E-05	7.22E-06	-9.86E-06	-9.43E-06
583	7	0	0	0	0	0	0	232	254	0	-2.17E-05	7.22E-06	-9.86E-06	-9.43E-06
583	8	0	0	0	0	0	0	232	254	0	-2.20E-05	7.04E-06	-9.52E-06	-8.65E-06
583	9	0	0	0	0	0	0	232	254	0	-2.20E-05	7.04E-06	-9.52E-06	-8.65E-06
583	10	0	0	0	0	0	0	232	254	0	-2.19E-05	5.83E-06	-9.19E-06	-9.41E-06
583	11	0	0	0	0	0	0	232	254	0	-2.19E-05	5.83E-06	-9.19E-06	-9.41E-06
583	12	0	0	0	0	0	0	232	254	0	-2.16E-05	5.45E-06	-8.81E-06	-1.05E-05
583	13	0	0	0	0	0	0	232	254	0	-2.16E-05	5.45E-06	-8.81E-06	-1.05E-05
583	14	0	0	0	0	0	0	232	254	0	-2.16E-05	4.89E-06	-8.38E-06	-9.90E-06
583	15	0	0	0	0	0	0	232	254	0	-2.20E-05	5.28E-06	-9.31E-06	-1.03E-05
583	16	0	0	0	0	0	0	232	254	0	-2.20E-05	5.28E-06	-9.31E-06	-1.03E-05
583	17	0	0	0	0	0	0	232	254	0	-2.22E-05	6.93E-06	-8.48E-06	-1.27E-05
583	18	0	0	0	0	0	0	232	254	0	-2.22E-05	6.93E-06	-8.48E-06	-1.27E-05
583	19	0	0	0	0	0	0	232	254	0	-2.25E-05	7.11E-06	-6.99E-06	-1.34E-05
584	0	0	0	0	0	0	0	232	254	0	-2.25E-05	7.11E-06	-6.99E-06	-1.34E-05
584	1	0	0	0	0	0	0	232	254	0	-2.11E-05	6.40E-06	-7.79E-06	-1.42E-05
584	2	0	0	0	0	0	0	232	254	0	-2.11E-05	6.40E-06	-7.79E-06	-1.42E-05
584	3	0	0	0	0	0	0	232	254	0	-2.11E-05	6.55E-06	-8.14E-06	-1.35E-05
584	4	0	0	0	0	0	0	232	254	0	-2.19E-05	6.55E-06	-7.66E-06	-1.27E-05
584	5	0	0	0	0	0	0	232	254	0	-2.19E-05	6.55E-06	-7.66E-06	-1.27E-05
584	6	0	0	0	0	0	0	232	254	0	-2.08E-05	6.46E-06	-8.59E-06	-1.33E-05
584	7	0	0	0	0	0	0	232	254	0	-2.08E-05	6.46E-06	-8.59E-06	-1.33E-05
584	8	0	0	0	0	0	0	232	254	0	-2.00E-05	5.72E-06	-9.81E-06	-1.36E-05
584	9	0	0	0	0	0	0	232	254	0	-2.00E-05	5.72E-06	-9.81E-06	-1.36E-05
584	10	0	0	0	0	0	0	232	254	0	-2.11E-05	4.79E-06	-9.36E-06	-1.39E-05
584	11	0	0	0	0	0	0	232	254	0	-2.11E-05	4.79E-06	-9.36E-06	-1.39E-05
584	12	0	0	0	0	0	0	232	254	0	-2.20E-05	5.42E-06	-1.01E-05	-1.52E-05
584	13	0	0	0	0	0	0	232	254	0	-2.07E-05	5.77E-06	-8.85E-06	-1.87E-05
584	14	0	0	0	0	0	0	232	254	0	-2.07E-05	5.77E-06	-8.85E-06	-1.87E-05
584	15	0	0	0	0	0	0	232	254	0	-1.86E-05	6.17E-06	-8.52E-06	-1.67E-05
584	16	0	0	0	0	0	0	232	254	0	-1.86E-05	6.17E-06	-8.52E-06	-1.67E-05
584	17	0	0	0	0	0	0	232	254	0	-1.86E-05	5.65E-06	-8.27E-06	-1.51E-05
584	18	0	0	0	0	0	0	232	254	0	-1.86E-05	5.65E-06	-8.27E-06	-1.51E-05
584	19	0	0	0	0	0	0	232	254	0	-1.87E-05	4.26E-06	-8.56E-06	-1.63E-05
585	0	0	0	0	0	0	0	232	254	0	-1.87E-05	4.26E-06	-8.56E-06	-1.63E-05
585	1	0	0	0	0	0	0	232	254	0	-1.93E-05	4.68E-06	-8.65E-06	-1.53E-05
585	2	0	0	0	0	0	0	232	254	0	-1.91E-05	4.51E-06	-9.32E-06	-1.37E-05
585	3	0	0	0	0	0	0	232	254	0	-1.91E-05	4.51E-06	-9.32E-06	-1.37E-05
585	4	0	0	0	0	0	0	232	254	0	-1.77E-05	4.48E-06	-9.70E-06	-1.40E-05
585	5	0	0	0	0	0	0	232	254	0	-1.77E-05	4.48E-06	-9.70E-06	-1.40E-05
585	6	0	0	0	0	0	0	232	254	0	-1.83E-05	5.16E-06	-8.33E-06	-1.25E-05
585	7	0	0	0	0	0	0	232	254	0	-1.83E-05	5.16E-06	-8.33E-06	-1.25E-05
585	8	0	0	0	0	0	0	232	254	0	-1.95E-05	4.89E-06	-8.09E-06	-1.38E-05
585	9	0	0	0	0	0	0	232	254	0	-1.95E-05	4.89E-06	-8.09E-06	-1.38E-05
585	10	0	0	0	0	0	0	232	254	0	-2.06E-05	4.92E-06	-9.55E-06	-1.66E-05
585	11	0	0	0	0	0	0	232	254	0	-2.04E-05	4.24E-06	-1.05E-05	-1.17E-05
585	12	0	0	0	0	0	0	232	254	0	-2.04E-05	4.24E-06	-1.05E-05	-1.17E-05
585	13	0	0	0	0	0	0	232	254	0	-2.08E-05	4.40E-06	-9.71E-06	-8.25E-06
585	14	0	0	0	0	0	0	232	254	0	-2.08E-05	4.40E-06	-9.71E-06	-8.25E-06
585	15	0	0	0	0	0	0	232	254	0	-2.10E-05	3.66E-06	-9.61E-06	-1.21E-05
585	16	0	0	0	0	0	0	232	254	0	-2.10E-05	3.66E-06	-9.61E-06	-1.21E-05
585	17	0	0	0	0	0	0	232	254	0	-2.15E-05	4.49E-06	-9.84E-06	-1.41E-05
585	18	0	0	0	0	0	0	232	254	0	-2.15E-05	4.49E-06	-9.84E-06	-1.41E-05
585	19	0	0	0	0	0	0	232	254	0	-2.23E-05	4.20E-06	-9.20E-06	-1.31E-05
586	0	0	0	0	0	0	0	232	254	0	-2.18E-05	4.29E-06	-8.02E-06	-1.30E-05
586	1	0	0	0	0	0	0	232	254	0	-2.18E-05	4.29E-06	-8.02E-06	-1.30E-05
586	2	0	0	0	0	0	0	232	254	0	-2.17E-05	4.73E-06	-9.01E-06	-1.80E-05
586	3	0	0	0	0	0	0	232	254	0	-2.17E-05	4.73E-06	-9.01E-06	-1.80E-05
586	4	0	0	0	0	0	0	232	254	0	-2.21E-05	3.86E-06	-9.69E-06	-1.59E-05
586	5	0	0	0	0	0	0	232	254	0	-2.21E-05	3.86E-06	-9.69E-06	-1.59E-05
586	6	0	0	0	0	0	0	232	254	0	-2.26E-05	3.73E-06	-9.38E-06	-8.65E-06
586	7	0	0	0	0	0	0	232	254	0	-2.26E-05	3.73E-06	-9.38E-06	-8.65E-06
586	8	0	0	0	0	0	0	232	254	0	-2.22E-05	2.94E-06	-9.52E-06	-4.60E-06
586	9	0	0	0	0	0	0	232	254	0	-2.28E-05	3.68E-06	-1.14E-05	-3.88E-06
586	10	0	0	0	0	0	0	232	254	0	-2.28E-05	3.68E-06	-1.14E-05	-3.88E-06
586	11	0	0	0	0	0	0	232	254	0	-2.36E-05	4.86E-06	-1.09E-05	-1.21E-05
586	12	0	0	0	0	0	0	232	254	0	-2.36E-05	4.86E-06	-1.09E-05	-1.21E-05
586	13	0	0	0	0	0	0	232	254	0	-2.32E-05	5.59E-06	-9.36E-06	-2.29E-05
586	14	0	0	0	0	0	0	232	254	0	-2.32E-05	5.59E-06	-9.36E-06	-2.29E-05
586	15	0	0	0	0	0	0	232	254	0	-2.20E-05	3.85E-06	-6.79E-06	-2.53E-05
586	16	0	0	0	0	0	0	232	254	0	-2.20E-05	3.85E-06	-6.79E-06	-2.53E-05
586	17	0	0	0	0	0	0	232	254	0	-2.12E-05	4.91E-06	-6.43E-06	-1.72E-05
586	18	0	0	0	0	0	0	232	254	0	-2.18E-05	5.20E-06	-8.02E-06	-1.63E-05
586	19	0	0	0	0	0	0	232	254	0	-2.18E-05	5.20E-06	-8.02E-06	-1.63E-05
587	0	0	0	0	0	0	0	232	254	0	-2.24E-05	5.29E-06	-8.90E-06	-1.52E-05
587	1	0	0	0	0	0	0	232	254	0	-2.24E-05	5.29E-06	-8.90E-06	-1.52E-05
587	2	0	0	0	0	0	0	232	254	0	-2.16E-05	5.56E-06	-8.98E-06	-1.35E-05
587	3	0	0	0	0	0	0	232	254	0	-2.16E-05	5.56E-06	-8.98E-06	-1.35E-05
587	4	0	0	0	0	0	0	232	254	0	-1.89E-05	3.61E-06	-9.57E-06	-1.34E-05
587	5	0	0	0	0	0	0	232	254	0	-1.89E-05	3.61E-06	-9.57E-06	-1.34E-05
587	6	0	0	0	0	0	0	232	254	0	-1.88E-05	4.33E-06	-9.72E-06	-1.21E-05
587	7	0	0	0	0	0	0	232	254	0	-2.02E-05	5.00E-06	-1.06E-05	-1.04E-05
587	8	0	0	0	0	0	0	232	254	0	-2.02E-05	5.00E-06	-1.06E-05	-1.04E-05
587	9	0	0	0	0	0	0	232	254	0	-2.15E-05	3.71E-06	-9.69E-06	-1.26E-05
587	10	0	0	0	0	0	0	232	254	0	-2.15E-05	3.71E-06	-9.69E-06	-1.26E-05
587	11	0	0	0	0	0	0	232	254	0	-2.06E-05	3.77E-06	-9.16E-06	-1.49E-05
587	12	0	0	0	0	0	0	232	254	0	-2.06E-05	3.77E-06	-9.16E-06	-1.49E-05
587	13	0	0	0	0	0	0	232	254	0	-2.02E-05	3.26E-06	-7.69E-06	-1.44E-05
587	14	0	0	0	0	0	0	232	254	0	-2.02E-05	3.26E-06	-7.69E-06	-1.44E-05
587	15	0	0	0	0	0	0	232	254	0	-1.94E-05	3.85E-06	-8.65E-06	-1.14E-05
587	16	0	0	0	0	0	0	232	254	0	-2.02E-05	4.89E-06	-9.17E-06	-1.24E-05
587	17	0	0	0	0	0	0	232	254	0	-2.02E-05	4.89E-06	-9.17E-06	-1.24E-05
587	18	0	0	0	0	0	0	232	254	0	-2.16E-05	5.01E-06	-8.82E-06	-1.05E-05
587	19	0	0	0	0	0	0	232	254	0	-2.16E-05	5.01E-06	-8.82E-06	-1.05E-05
588	0	0	0	0	0	0	0	232	254	0	-2.12E-05	4.82E-06	-9.29E-06	-7.95E-06
588	1	0	0	0	0	0	0	232	254	0	-2.12E-05	4.82E-06	-9.29E-06	-7.95E-06
588	2	0	0	0	0	0	0	232	254	0	-2.26E-05	4.44E-06	-8.72E-06	-1.08E-05
588	3	0	0	0	0	0	0	232	254	0	-2.26E-05	4.44E-06	-8.72E-06	-1.08E-05
588	4	0	0	0	0	0	0	232	254	0	-2.43E-05	4.22E-06	-9.67E-06	-1.20E-05
588	5	0	0	0	0	0	0	232	254	0	-2.26E-05	6.70E-06	-9.37E-06	-1.23E-05
588	6	0	0	0	0	0	0	232	254	0	-2.26E-05	6.70E-06	-9.37E-06	-1.23E-05
588	7	0	0	0	0	0	0	232	254	0	-1.99E-05	7.41E-06	-1.02E-05	-1.24E-05
588	8	0	0	0	0	0	0	232	254	0	-1.99E-05	7.41E-06	-1.02E-05	-1.24E-05
588	9	0	0	0	0	0	0	232	254	0	-1.92E-05	5.26E-06	-1.02E-05	-1.20E-05
588	10	0	0	0	0	0	0	232	254	0	-1.92E-05	5.26E-06	-1.02E-05	-1.20E-05
588	11	0	0	0	0	0	0	232	254	0	-1.98E-05	4.49E-06	-9.93E-06	-1.06E-05
588	12	0	0	0	0	0	0	232	254	0	-1.98E-05	4.49E-06	-9.93E-06	-1.06E-05
588	13	0	0	0	0	0	0	232	254	0	-2.13E-05	4.02E-06	-1.00E-05	-1.13E-05
588	14	0	0	0	0	0	0	232	254	0	-2.33E-05	3.08E-06	-9.99E-06	-1.27E-05
588	15	0	0	0	0	0	0	232	254	0	-2.33E-05	3.08E-06	-9.99E-06	-1.27E-05
588	16	0	0	0	0	0	0	232	254	0	-2.29E-05	4.78E-06	-1.04E-05	-1.26E-05
588	17	0	0	0	0	0	0	232	254	0	-2.29E-05	4.78E-06	-1.04E-05	-1.26E-05
588	18	0	0	0	0	0	0	232	254	0	-2.26E-05	6.44E-06	-9.50E-06	-1.50E-05
588	19	0	0	0	0	0	0	232	254	0	-2.26E-05	6.44E-06	-9.50E-06	-1.50E-05
589	0	0	0	0	0	0	0	232	254	0	-2.35E-05	6.70E-06	-9.18E-06	-1.36E-05
589	1	0	0	0	0	0	0	232	254	0	-2.35E-05	6.70E-06	-9.18E-06	-1.36E-05
589	2	0	0	0	0	0	0	232	254	0	-2.40E-05	5.12E-06	-9.70E-06	-8.87E-06
589	3	0	0	0	0	0	0	232	254	0	-2.19E-05	2.55E-06	-8.33E-06	-8.71E-06
589	4	0	0	0	0	0	0	232	254	0	-2.19E-05	2.55E-06	-8.33E-06	-8.71E-06
589	5	0	0	0	0	0	0	232	254	0	-2.17E-05	4.02E-06	-7.93E-06	-8.78E-06
589	6	0	0	0	0	0	0	232	254	0	-2.17E-05	4.02E-06	-7.93E-06	-8.78E-06
589	7	0	0	0	0	0	0	232	254	0	-2.19E-05	4.99E-06	-8.07E-06	-1.08E-05
589	8	0	0	0	0	0	0	232	254	0	-2.19E-05	4.99E-06	-8.07E-06	-1.08E-05
589	9	0	0	0	0	0	0	232	254	0	-2.17E-05	4.63E-06	-7.14E-06	-1.39E-05
589	10	0	0	0	0	0	0	232	254	0	-2.17E-05	4.63E-06	-7.14E-06	-1.39E-05
589	11	0	0	0	0	0	0	232	254	0	-2.18E-05	4.33E-06	-7.88E-06	-1.10E-05
589	12	0	0	0	0	0	0	232	254	0	-2.19E-05	5.38E-06	-8.90E-06	-7.53E-06
589	13	0	0	0	0	0	0	232	254	0	-2.19E-05	5.38E-06	-8.90E-06	-7.53E-06
589	14	0	0	0	0	0	0	232	254	0	-2.14E-05	6.64E-06	-8.96E-06	-7.54E-06
589	15	0	0	0	0	0	0	232	254	0	-2.14E-05	6.64E-06	-8.96E-06	-7.54E-06
589	16	0	0	0	0	0	0	232	254	0	-2.12E-05	7.17E-06	-9.49E-06	-9.14E-06
589	17	0	0	0	0	0	0	232	254	0	-2.12E-05	7.17E-06	-9.49E-06	-9.14E-06
589	18	0	0	0	0	0	0	232	254	0	-2.16E-05	6.75E-06	-9.96E-06	-1.38E-05
589	19	0	0	0	0	0	0	232	254	0	-2.16E-05	6.75E-06	-9.96E-06	-1.38E-05
590	0	0	0	0	0	0	0	232	254	0	-2.12E-05	5.70E-06	-9.30E-06	-1.88E-05
590	1	0	0	0	0	0	0	232	254	0	-2.06E-05	4.09E-06	-9.85E-06	-1.51E-05
590	2	0	0	0	0	0	0	232	254	0	-2.06E-05	4.09E-06	-9.85E-06	-1.51E-05
590	3	0	0	0	0	0	0	232	254	0	-2.08E-05	1.40E-06	-1.08E-05	-1.04E-05
590	4	0	0	0	0	0	0	232	254	0	-2.08E-05	1.40E-06	-1.08E-05	-1.04E-05
590	5	0	0	0	0	0	0	232	254	0	-2.20E-05	3.08E-06	-1.24E-05	-9.93E-06
590	6	0	0	0	0	0	0	232	254	0	-2.20E-05	3.08E-06	-1.24E-05	-9.93E-06
590	7	0	0	0	0	0	0	232	254	0	-2.22E-05	4.49E-06	-1.26E-05	-1.62E-05
590	8	0	0	0	0	0	0	232	254	0	-2.22E-05	4.49E-06	-1.26E-05	-1.62E-05
590	9	0	0	0	0	0	0	232	254	0	-2.24E-05	4.02E-06	-9.30E-06	-1.99E-05
590	10	0	0	0	0	0	0	232	254	0	-2.28E-05	3.03E-06	-7.64E-06	-1.70E-05
590	11	0	0	0	0	0	0	232	254	0	-2.28E-05	3.03E-06	-7.64E-06	-1.70E-05
590	12	0	0	0	0	0	0	232	254	0	-2.15E-05	4.33E-06	-7.96E-06	-1.46E-05
590	13	0	0	0	0	0	0	232	254	0	-2.15E-05	4.33E-06	-7.96E-06	-1.46E-05
590	14	0	0	0	0	0	0	232	254	0	-1.96E-05	5.29E-06	-5.68E-06	-1.25E-05
590	15	0	0	0	0	0	0	232	254	0	-1.96E-05	5.29E-06	-5.68E-06	-1.25E-05
590	16	0	0	0	0	0	0	232	254	0	-1.98E-05	6.05E-06	-2.58E-06	-1.14E-05
590	17	0	0	0	0	0	0	232	254	0	-1.98E-05	6.05E-06	-2.58E-06	-1.14E-05
590	18	0	0	0	0	0	0	232	254	0	-2.08E-05	7.20E-06	-5.54E-06	-1.44E-05
590	19	0	0	0	0	0	0	232	254	0	-2.11E-05	6.80E-06	-7.74E-06	-1.28E-05
591	0	0	0	0	0	0	0	232	254	0	-2.11E-05	6.80E-06	-7.74E-06	-1.28E-05
591	1	0	0	0	0	0	0	232	254	0	-2.20E-05	5.34E-06	-8.02E-06	-9.65E-06
591	2	0	0	0	0	0	0	232	254	0	-2.20E-05	5.34E-06	-8.02E-06	-9.65E-06
591	3	0	0	0	0	0	0	232	254	0	-2.33E-05	6.32E-06	-8.92E-06	-9.75E-06
591	4	0	0	0	0	0	0	232	254	0	-2.33E-05	6.32E-06	-8.92E-06	-9.75E-06
591	5	0	0	0	0	0	0	232	254	0	-2.32E-05	6.98E-06	-9.06E-06	-1.48E-05
591	6	0	0	0	0	0	0	232	254	0	-2.32E-05	6.98E-06	-9.06E-06	-1.48E-05
591	7	0	0	0	0	0	0	232	254	0	-2.22E-05	6.41E-06	-9.18E-06	-1.81E-05
591	8	0	0	0	0	0	0	232	254	0	-2.26E-05	5.49E-06	-9.97E-06	-1.91E-05
591	9	0	0	0	0	0	0	232	254	0	-2.26E-05	5.49E-06	-9.97E-06	-1.91E-05
591	10	0	0	0	0	0	0	232	254	0	-2.23E-05	4.76E-06	-1.04E-05	-1.70E-05
591	11	0	0	0	0	0	0	232	254	0	-2.23E-05	4.76E-06	-1.04E-05	-1.70E-05
591	12	0	0	0	0	0	0	232	254	0	-2.23E-05	1.76E-06	-9.94E-06	-1.23E-05
591	13	0	0	0	0	0	0	232	254	0	-2.23E-05	1.76E-06	-9.94E-06	-1.23E-05
591	14	0	0	0	0	0	0	232	254	0	-2.29E-05	1.53E-06	-9.00E-06	-1.38E-05
591	15	0	0	0	0	0	0	232	254	0	-2.29E-05	1.53E-06	-9.00E-06	-1.38E-05
591	16	0	0	0	0	0	0	232	254	0	-2.18E-05	3.99E-06	-8.47E-06	-1.27E-05
591	17	0	0	0	0	0	0	232	254	0	-2.06E-05	4.69E-06	-8.02E-06	-9.11E-06
591	18	0	0	0	0	0	0	232	254	0	-2.06E-05	4.69E-06	-8.02E-06	-9.11E-06
591	19	0	0	0	0	0	0	232	254	0	-2.04E-05	3.41E-06	-9.01E-06	-9.73E-06
592	0	0	0	0	0	0	0	232	254	0	-2.04E-05	3.41E-06	-9.01E-06	-9.73E-06
592	1	0	0	0	0	0	0	232	254	0	-2.07E-05	2.91E-06	-9.76E-06	-1.18E-05
592	2	0	0	0	0	0	0	232	254	0	-2.07E-05	2.91E-06	-9.76E-06	-1.18E-05
592	3	0	0	0	0	0	0	232	254	0	-2.14E-05	4.39E-06	-1.00E-05	-1.08E-05
592	4	0	0	0	0	0	0	232	254	0	-2.14E-05	4.39E-06	-1.00E-05	-1.08E-05
592	5	0	0	0	0	0	0	232	254	0	-2.21E-05	4.62E-06	-1.08E-05	-9.70E-06
592	6	0	0	0	0	0	0	232	254	0	-2.26E-05	5.34E-06	-9.90E-06	-8.46E-06
592	7	0	0	0	0	0	0	232	254	0	-2.26E-05	5.34E-06	-9.90E-06	-8.46E-06
592	8	0	0	0	0	0	0	232	254	0	-2.35E-05	6.17E-06	-9.86E-06	-9.10E-06
592	9	0	0	0	0	0	0	232	254	0	-2.35E-05	6.17E-06	-9.86E-06	-9.10E-06
592	10	0	0	0	0	0	0	232	254	0	-2.45E-05	5.94E-06	-9.48E-06	-1.04E-05
592	11	0	0	0	0	0	0	232	254	0	-2.45E-05	5.94E-06	-9.48E-06	-1.04E-05
592	12	0	0	0	0	0	0	232	254	0	-2.28E-05	6.31E-06	-9.01E-06	-1.05E-05
592	13	0	0	0	0	0	0	232	254	0	-2.28E-05	6.31E-06	-9.01E-06	-1.05E-05
592	14	0	0	0	0	0	0	232	254	0	-2.04E-05	5.85E-06	-9.82E-06	-1.13E-05
592	15	0	0	0	0	0	0	232	254	0	-2.11E-05	5.64E-06	-1.05E-05	-1.14E-05
592	16	0	0	0	0	0	0	232	254	0	-2.11E-05	5.64E-06	-1.05E-05	-1.14E-05
592	17	0	0	0	0	0	0	232	254	0	-2.25E-05	5.29E-06	-1.08E-05	-1.13E-05
592	18	0	0	0	0	0	0	232	254	0	-2.25E-05	5.29E-06	-1.08E-05	-1.13E-05
592	19	0	0	0	0	0	0	232	254	0	-2.10E-05	5.96E-06	-1.01E-05	-1.08E-05
593	0	0	0	0	0	0	0	232	254	0	-2.10E-05	5.96E-06	-1.01E-05	-1.08E-05
593	1	0	0	0	0	0	0	232	254	0	-2.03E-05	6.28E-06	-8.87E-06	-9.95E-06
593	2	0	0	0	0	0	0	232	254	0	-2.03E-05	6.28E-06	-8.87E-06	-9.95E-06
593	3	0	0	0	0	0	0	232	254	0	-1.97E-05	4.38E-06	-8.71E-06	-1.06E-05
593	4	0	0	0	0	0	0	232	254	0	-1.81E-05	3.29E-06	-8.58E-06	-1.33E-05
593	5	0	0	0	0	0	0	232	254	0	-1.81E-05	3.29E-06	-8.58E-06	-1.33E-05
593	6	0	0	0	0	0	0	232	254	0	-1.89E-05	2.85E-06	-8.75E-06	-1.35E-05
593	7	0	0	0	0	0	0	232	254	0	-1.89E-05	2.85E-06	-8.75E-06	-1.35E-05
593	8	0	0	0	0	0	0	232	254	0	-1.84E-05	3.05E-06	-8.94E-06	-1.33E-05
593	9	0	0	0	0	0	0	232	254	0	-1.84E-05	3.05E-06	-8.94E-06	-1.33E-05
593	10	0	0	0	0	0	0	232	254	0	-1.91E-05	4.39E-06	-9.37E-06	-1.60E-05
593	11	0	0	0	0	0	0	232	254	0	-1.91E-05	4.39E-06	-9.37E-06	-1.60E-05
593	12	0	0	0	0	0	0	232	254	0	-1.99E-05	4.62E-06	-1.01E-05	-1.56E-05
593	13	0	0	0	0	0	0	232	254	0	-2.05E-05	5.20E-06	-9.52E-06	-9.50E-06
593	14	0	0	0	0	0	0	232	254	0	-2.05E-05	5.20E-06	-9.52E-06	-9.50E-06
593	15	0	0	0	0	0	0	232	254	0	-1.95E-05	4.94E-06	-9.23E-06	-1.17E-05
593	16	0	0	0	0	0	0	232	254	0	-1.95E-05	4.94E-06	-9.23E-06	-1.17E-05
593	17	0	0	0	0	0	0	232	254	0	-1.85E-05	3.37E-06	-9.39E-06	-1.45E-05
593	18	0	0	0	0	0	0	232	254	0	-1.85E-05	3.37E-06	-9.39E-06	-1.45E-05
593	19	0	0	0	0	0	0	232	254	0	-2.00E-05	4.71E-06	-1.03E-05	-1.17E-05
594	0	0	0	0	0	0	0	232	254	0	-2.00E-05	4.71E-06	-1.03E-05	-1.17E-05
594	1	0	0	0	0	0	0	232	254	0	-1.97E-05	5.59E-06	-9.73E-06	-1.34E-05
594	2	0	0	0	0	0	0	232	254	0	-1.79E-05	3.74E-06	-8.52E-06	-2.08E-05
594	3	0	0	0	0	0	0	232	254	0	-1.79E-05	3.74E-06	-8.52E-06	-2.08E-05
594	4	0	0	0	0	0	0	232	254	0	-1.78E-05	4.10E-06	-8.00E-06	-2.09E-05
594	5	0	0	0	0	0	0	232	254	0	-1.78E-05	4.10E-06	-8.00E-06	-2.09E-05
594	6	0	0	0	0	0	0	232	254	0	-1.91E-05	4.29E-06	-6.59E-06	-1.55E-05
594	7	0	0	0	0	0	0	232	254	0	-1.91E-05	4.29E-06	-6.59E-06	-1.55E-05
594	8	0	0	0	0	0	0	232	254	0	-1.91E-05	2.71E-06	-7.06E-06	-1.54E-05
594	9	0	0	0	0	0	0	232	254	0	-1.91E-05	2.71E-06	-7.06E-06	-1.54E-05
594	10	0	0	0	0	0	0	232	254	0	-1.90E-05	3.21E-06	-8.14E-06	-1.81E-05
594	11	0	0	0	0	0	0	232	254	0	-1.99E-05	5.43E-06	-7.78E-06	-1.68E-05
594	12	0	0	0	0	0	0	232	254	0	-1.99E-05	5.43E-06	-7.78E-06	-1.68E-05
594	13	0	0	0	0	0	0	232	254	0	-1.95E-05	4.68E-06	-9.23E-06	-1.56E-05
594	14	0	0	0	0	0	0	232	254	0	-1.95E-05	4.68E-06	-9.23E-06	-1.56E-05
594	15	0	0	0	0	0	0	232	254	0	-1.86E-05	4.62E-06	-9.19E-06	-1.55E-05
594	16	0	0	0	0	0	0	232	254	0	-1.86E-05	4.62E-06	-9.19E-06	-1.55E-05
594	17	0	0	0	0	0	0	232	254	0	-1.87E-05	5.54E-06	-8.94E-06	-1.45E-05
594	18	0	0	0	0	0	0	232	254	0	-1.87E-05	5.54E-06	-8.94E-06	-1.45E-05
594	19	0	0	0	0	0	0	232	254	0	-2.06E-05	8.10E-06	-9.37E-06	-1.10E-05
595	0	0	0	0	0	0	0	232	254	0	-2.14E-05	1.07E-05	-1.01E-05	-8.49E-06
595	1	0	0	0	0	0	0	232	254	0	-2.14E-05	1.07E-05	-1.01E-05	-8.49E-06
595	2	0	0	0	0	0	0	232	254	0	-2.23E-05	1.11E-05	-8.92E-06	-1.05E-05
595	3	0	0	0	0	0	0	232	254	0	-2.23E-05	1.11E-05	-8.92E-06	-1.05E-05
595	4	0	0	0	0	0	0	232	254	0	-2.27E-05	9.88E-06	-9.04E-06	-1.22E-05
595	5	0	0	0	0	0	0	232	254	0	-2.27E-05	9.88E-06	-9.04E-06	-1.22E-05
595	6	0	0	0	0	0	0	232	254	0	-2.05E-05	7.24E-06	-8.94E-06	-1.16E-05
595	7	0	0	0	0	0	0	232	254	0	-2.05E-05	7.24E-06	-8.94E-06	-1.16E-05
595	8	0	0	0	0	0	0	232	254	0	-1.98E-05	4.87E-06	-9.28E-06	-1.09E-05
595	9	0	0	0	0	0	0	232	254	0	-2.09E-05	2.40E-06	-9.86E-06	-7.69E-06
595	10	0	0	0	0	0	0	232	254	0	-2.09E-05	2.40E-06	-9.86E-06	-7.69E-06
595	11	0	0	0	0	0	0	232	254	0	-2.16E-05	3.25E-07	-1.20E-05	-6.31E-06
595	12	0	0	0	0	0	0	232	254	0	-2.16E-05	3.25E-07	-1.20E-05	-6.31E-06
595	13	0	0	0	0	0	0	232	254	0	-2.11E-05	-1.13E-06	-1.32E-05	-5.96E-06
595	14	0	0	0	0	0	0	232	254	0	-2.11E-05	-1.13E-06	-1.32E-05	-5.96E-06
595	15	0	0	0	0	0	0	232	254	0	-2.22E-05	-3.65E-06	-1.07E-05	-7.84E-06
595	16	0	0	0	0	0	0	232	254	0	-2.22E-05	-3.65E-06	-1.07E-05	-7.84E-06
595	17	0	0	0	0	0	0	232	254	0	-2.34E-05	-7.81E-06	-9.43E-06	-1.71E-05
595	18	0	0	0	0	0	0	232	254	0	-2.42E-05	-7.52E-06	-8.43E-06	-2.16E-05
595	19	0	0	0	0	0	0	232	254	0	-2.42E-05	-7.52E-06	-8.43E-06	-2.16E-05
596	0	0	0	0	0	0	0	232	254	0	-2.52E-05	-1.22E-06	-7.78E-06	-1.60E-05
596	1	0	0	0	0	0	0	232	254	0	-2.52E-05	-1.22E-06	-7.78E-06	-1.60E-05
596	2	0	0	0	0	0	0	232	254	0	-2.42E-05	3.05E-06	-9.54E-06	-1.13E-05
596	3	0	0	0	0	0	0	232	254	0	-2.42E-05	3.05E-06	-9.54E-06	-1.13E-05
596	4	0	0	0	0	0	0	232	254	0	-2.33E-05	4.39E-06	-1.14E-05	-6.53E-06
596	5	0	0	0	0	0	0	232	254	0	-2.33E-05	4.39E-06	-1.14E-05	-6.53E-06
596	6	0	0	0	0	0	0	232	254	0	-2.28E-05	4.62E-06	-1.02E-05	-1.04E-06
596	7	0	0	0	0	0	0	232	254	0	-2.16E-05	5.20E-06	-1.01E-05	-1.16E-05
596	8	0	0	0	0	0	0	232	254	0	-2.16E-05	5.20E-06	-1.01E-05	-1.16E-05
596	9	0	0	0	0	0	0	232	254	0	-2.03E-05	5.27E-06	-8.82E-06	-2.83E-05
596	10	0	0	0	0	0	0	232	254	0	-2.03E-05	5.27E-06	-8.82E-06	-2.83E-05
596	11	0	0	0	0	0	0	232	254	0	-2.05E-05	5.73E-06	-7.08E-06	-2.02E-05
596	12	0	0	0	0	0	0	232	254	0	-2.05E-05	5.73E-06	-7.08E-06	-2.02E-05
596	13	0	0	0	0	0	0	232	254	0	-2.19E-05	5.79E-06	-6.25E-06	-1.26E-05
596	14	0	0	0	0	0	0	232	254	0	-2.19E-05	5.79E-06	-6.25E-06	-1.26E-05
596	15	0	0	0	0	0	0	232	254	0	-2.10E-05	5.11E-06	-6.79E-06	-1.30E-05
596	16	0	0	0	0	0	0	232	254	0	-2.15E-05	4.58E-06	-8.37E-06	-1.38E-05
596	17	0	0	0	0	0	0	232	254	0	-2.15E-05	4.58E-06	-8.37E-06	-1.38E-05
596	18	0	0	0	0	0	0	232	254	0	-2.25E-05	5.00E-06	-8.31E-06	-1.51E-05
596	19	0	0	0	0	0	0	232	254	0	-2.25E-05	5.00E-06	-8.31E-06	-1.51E-05
597	0	0	0	0	0	0	0	232	254	0	-2.16E-05	6.10E-06	-8.85E-06	-1.54E-05
597	1	0	0	0	0	0	0	232	254	0	-2.16E-05	6.10E-06	-8.85E-06	-1.54E-05
597	2	0	0	0	0	0	0	232	254	0	-1.99E-05	7.55E-06	-8.56E-06	-1.28E-05
597	3	0	0	0	0	0	0	232	254	0	-1.99E-05	7.55E-06	-8.56E-06	-1.28E-05
597	4	0	0	0	0	0	0	232	254	0	-2.04E-05	7.37E-06	-8.60E-06	-9.39E-06
597	5	0	0	0	0	0	0	232	254	0	-2.23E-05	6.17E-06	-8.83E-06	-8.58E-06
597	6	0	0	0	0	0	0	232	254	0	-2.23E-05	6.17E-06	-8.83E-06	-8.58E-06
597	7	0	0	0	0	0	0	232	254	0	-2.32E-05	6.10E-06	-8.59E-06	-1.10E-05
597	8	0	0	0	0	0	0	232	254	0	-2.32E-05	6.10E-06	-8.59E-06	-1.10E-05
597	9	0	0	0	0	0	0	232	254	0	-2.42E-05	7.78E-06	-9.93E-06	-1.18E-05
597	10	0	0	0	0	0	0	232	254	0	-2.42E-05	7.78E-06	-9.93E-06	-1.18E-05
597	11	0	0	0	0	0	0	232	254	0	-2.30E-05	8.79E-06	-9.91E-06	-1.31E-05
597	12	0	0	0	0	0	0	232	254	0	-2.30E-05	8.79E-06	-9.91E-06	-1.31E-05
597	13	0	0	0	0	0	0	232	254	0	-2.33E-05	5.79E-06	-9.07E-06	-1.23E-05
597	14	0	0	0	0	0	0	232	254	0	-2.29E-05	5.69E-06	-1.01E-05	-1.25E-05
597	15	0	0	0	0	0	0	232	254	0	-2.29E-05	5.69E-06	-1.01E-05	-1.25E-05
597	16	0	0	0	0	0	0	232	254	0	-2.23E-05	8.72E-06	-9.57E-06	-1.30E-05
597	17	0	0	0	0	0	0	232	254	0	-2.23E-05	8.72E-06	-9.57E-06	-1.30E-05
597	18	0	0	0	0	0	0	232	254	0	-2.12E-05	7.51E-06	-9.75E-06	-1.14E-05
597	19	0	0	0	0	0	0	232	254	0	-2.12E-05	7.51E-06	-9.75E-06	-1.14E-05
598	0	0	0	0	0	0	0	232	254	0	-2.03E-05	7.22E-06	-1.09E-05	-1.25E-05
598	1	0	0	0	0	0	0	232	254	0	-2.03E-05	7.22E-06	-1.09E-05	-1.25E-05
598	2	0	0	0	0	0	0	232	254	0	-2.07E-05	7.35E-06	-1.03E-05	-1.24E-05
598	3	0	0	0	0	0	0	232	254	0	-2.20E-05	8.18E-06	-8.65E-06	-8.84E-06
598	4	0	0	0	0	0	0	232	254	0	-2.20E-05	8.18E-06	-8.65E-06	-8.84E-06
598	5	0	0	0	0	0	0	232	254	0	-2.32E-05	8.07E-06	-9.30E-06	-7.68E-06
598	6	0	0	0	0	0	0	232	254	0	-2.32E-05	8.07E-06	-9.30E-06	-7.68E-06
598	7	0	0	0	0	0	0	232	254	0	-2.36E-05	9.10E-06	-9.80E-06	-9.79E-06
598	8	0	0	0	0	0	0	232	254	0	-2.36E-05	9.10E-06	-9.80E-06	-9.79E-06
598	9	0	0	0	0	0	0	232	254	0	-2.31E-05	7.82E-06	-1.01E-05	-1.10E-05
598	10	0	0	0	0	0	0	232	254	0	-2.31E-05	7.82E-06	-1.01E-05	-1.10E-05
598	11	0	0	0	0	0	0	232	254	0	-2.38E-05	5.18E-06	-9.39E-06	-9.52E-06
598	12	0	0	0	0	0	0	232	254	0	-2.44E-05	4.95E-06	-8.20E-06	-1.17E-05
598	13	0	0	0	0	0	0	232	254	0	-2.44E-05	4.95E-06	-8.20E-06	-1.17E-05
598	14	0	0	0	0	0	0	232	254	0	-2.34E-05	4.25E-06	-8.12E-06	-1.33E-05
598	15	0	0	0	0	0	0	232	254	0	-2.34E-05	4.25E-06	-8.12E-06	-1.33E-05
598	16	0	0	0	0	0	0	232	254	0	-2.15E-05	3.39E-06	-8.65E-06	-1.40E-05
598	17	0	0	0	0	0	0	232	254	0	-2.15E-05	3.39E-06	-8.65E-06	-1.40E-05
598	18	0	0	0	0	0	0	232	254	0	-2.08E-05	2.79E-06	-9.23E-06	-1.42E-05
598	19	0	0	0	0	0	0	232	254	0	-2.08E-05	2.79E-06	-9.23E-06	-1.42E-05
599	0	0	0	0	0	0	0	232	254	0	-2.21E-05	4.35E-06	-9.19E-06	-1.37E-05
599	1	0	0	0	0	0	0	232	254	0	-2.22E-05	2.83E-06	-8.81E-06	-1.35E-05
599	2	0	0	0	0	0	0	232	254	0	-2.22E-05	2.83E-06	-8.81E-06	-1.35E-05
599	3	0	0	0	0	0	0	232	254	0	-2.02E-05	5.93E-07	-8.27E-06	-1.24E-05
599	4	0	0	0	0	0	0	232	254	0	-2.02E-05	5.93E-07	-8.27E-06	-1.24E-05
599	5	0	0	0	0	0	0	232	254	0	-2.00E-05	1.22E-06	-8.52E-06	-9.60E-06
599	6	0	0	0	0	0	0	232	254	0	-2.00E-05	1.22E-06	-8.52E-06	-9.60E-06
599	7	0	0	0	0	0	0	232	254	0	-2.10E-05	1.42E-06	-8.27E-06	-9.38E-06
599	8	0	0	0	0	0	0	232	254	0	-2.10E-05	1.42E-06	-8.27E-06	-9.38E-06
599	9	0	0	0	0	0	0	232	254	0	-1.99E-05	1.02E-06	-8.52E-06	-1.36E-05
599	10	0	0	0	0	0	0	232	254	0	-1.96E-05	2.38E-06	-8.25E-06	-1.36E-05
599	11	0	0	0	0	0	0	232	254	0	-1.96E-05	2.38E-06	-8.25E-06	-1.36E-05
599	12	0	0	0	0	0	0	232	254	0	-2.04E-05	3.80E-06	-8.37E-06	-1.14E-05
599	13	0	0	0	0	0	0	232	254	0	-2.04E-05	3.80E-06	-8.37E-06	-1.14E-05
599	14	0	0	0	0	0	0	232	254	0	-2.08E-05	4.80E-06	-8.36E-06	-1.03E-05
599	15	0	0	0	0	0	0	232	254	0	-2.08E-05	4.80E-06	-8.36E-06	-1.03E-05
599	16	0	0	0	0	0	0	232	254	0	-1.99E-05	6.64E-06	-9.28E-06	-1.15E-05
599	17	0	0	0	0	0	0	232	254	0	-1.99E-05	6.64E-06	-9.28E-06	-1.15E-05
599	18	0	0	0	0	0	0	232	254	0	-2.17E-05	7.04E-06	-9.57E-06	-1.12E-05
599	19	0	0	0	0	0	0	232	254	0	-2.16E-05	6.01E-06	-9.66E-06	-1.14E-05
600	0	0	0	0	0	0	0	232	254	0	-2.16E-05	6.01E-06	-9.66E-06	-1.14E-05
600	1	0	0	0	0	0	0	232	254	0	-2.10E-05	6.97E-06	-1.03E-05	-1.24E-05
600	2	0	0	0	0	0	0	232	254	0	-2.10E-05	6.97E-06	-1.03E-05	-1.24E-05
600	3	0	0	0	0	0	0	232	254	0	-2.11E-05	7.37E-06	-1.03E-05	-1.07E-05
600	4	0	0	0	0	0	0	232	254	0	-2.11E-05	7.37E-06	-1.03E-05	-1.07E-05
600	5	0	0	0	0	0	0	232	254	0	-1.95E-05	6.30E-06	-9.19E-06	-9.60E-06
600	6	0	0	0	0	0	0	232	254	0	-1.95E-05	6.30E-06	-9.19E-06	-9.60E-06
600	7	0	0	0	0	0	0	232	254	0	-1.90E-05	6.75E-06	-8.99E-06	-1.13E-05
600	8	0	0	0	0	0	0	232	254	0	-1.89E-05	5.52E-06	-9.57E-06	-1.36E-05
600	9	0	0	0	0	0	0	232	254	0	-1.89E-05	5.52E-06	-9.57E-06	-1.36E-05
600	10	0	0	0	0	0	0	232	254	0	-1.84E-05	2.85E-06	-9.41E-06	-1.33E-05
600	11	0	0	0	0	0	0	232	254	0	-1.84E-05	2.85E-06	-9.41E-06	-1.33E-05
600	12	0	0	0	0	0	0	232	254	0	-1.78E-05	6.27E-07	-8.44E-06	-1.36E-05
600	13	0	0	0	0	0	0	232	254	0	-1.78E-05	6.27E-07	-8.44E-06	-1.36E-05
600	14	0	0	0	0	0	0	232	254	0	-1.91E-05	5.37E-07	-8.77E-06	-1.40E-05
600	15	0	0	0	0	0	0	232	254	0	-1.91E-05	5.37E-07	-8.77E-06	-1.40E-05
600	16	0	0	0	0	0	0	232	254	0	-1.96E-05	2.27E-06	-9.13E-06	-1.46E-05
600	17	0	0	0	0	0	0	232	254	0	-1.96E-05	5.24E-06	-9.52E-06	-1.46E-05
600	18	0	0	0	0	0	0	232	254	0	-1.96E-05	5.24E-06	-9.52E-06	-1.46E-05
600	19	0	0	0	0	0	0	232	254	0	-1.94E-05	6.55E-06	-9.21E-06	-1.44E-05